t_sec,x,y,z,qw,qx,qy,qz
1790504105.688138485,0.013475469929,0.008917180964,-0.024029522709,0.696613042,-0.717446371,0.000276209,-0.000947719
1790504105.721401930,0.013476027091,0.008918716732,-0.024028024038,0.696611606,-0.717447758,0.000279814,-0.000951892
1790504105.754657984,0.013476729608,0.008920474629,-0.024025653678,0.696613629,-0.717445797,0.000274667,-0.000951326
1790504105.787909746,0.013476069834,0.008921358626,-0.024022960091,0.696615530,-0.717443933,0.000284036,-0.000962180
1790504105.821155787,0.013474207045,0.008921429646,-0.024020815093,0.696614691,-0.717444763,0.000276075,-0.000952534
1790504105.854398251,0.013473465351,0.008923474766,-0.024021429850,0.696610408,-0.717448919,0.000283964,-0.000952268
1790504105.887635946,0.013474346301,0.008927718508,-0.024022624149,0.696623194,-0.717436493,0.000291186,-0.000958825
1790504105.920869112,0.013475207448,0.008929604462,-0.024022953855,0.696630638,-0.717429277,0.000277220,-0.000954191
1790504105.954097033,0.013474134100,0.008926583901,-0.024023824819,0.696622589,-0.717437095,0.000284275,-0.000950096
1790504105.987321138,0.013473337618,0.008921593929,-0.024025044905,0.696617205,-0.717442320,0.000289183,-0.000950902
1790504106.020540476,0.013473620380,0.008917427914,-0.024026315804,0.696612674,-0.717446721,0.000284549,-0.000950849
1790504106.053754330,0.013472611357,0.008915620412,-0.024028492112,0.696614545,-0.717444911,0.000282027,-0.000946293
1790504106.086964846,0.013469459143,0.008915736421,-0.024031275356,0.696616558,-0.717442953,0.000297917,-0.000943756
1790504106.120170593,0.013467248786,0.008915364252,-0.024034228444,0.696617654,-0.717441887,0.000301701,-0.000944478
1790504106.153371811,0.013467316868,0.008913484045,-0.024036753365,0.696614090,-0.717445347,0.000294369,-0.000947528
1790504106.186567307,0.013467948138,0.008911090481,-0.024038961135,0.696615577,-0.717443919,0.000293111,-0.000934937
1790504106.219759464,0.013468427177,0.008909061879,-0.024040536360,0.696610336,-0.717449006,0.000288808,-0.000938560
1790504106.252947092,0.013468607062,0.008909351093,-0.024041244797,0.696611454,-0.717447931,0.000285157,-0.000931886
1790504106.286129951,0.013468850037,0.008912321374,-0.024041825381,0.696612849,-0.717446573,0.000283296,-0.000934818
1790504106.319307089,0.013468138958,0.008914890000,-0.024042077430,0.696623464,-0.717436256,0.000287129,-0.000940350
1790504106.352480650,0.013467180320,0.008913932119,-0.024041657901,0.696618785,-0.717440816,0.000288449,-0.000927466
1790504106.385649920,0.013467478815,0.008911594866,-0.024040211124,0.696604978,-0.717454210,0.000289522,-0.000936571
1790504106.418813467,0.013467588944,0.008911115795,-0.024038797615,0.696614353,-0.717445120,0.000282385,-0.000928652
1790504106.451973438,0.013467233462,0.008911446930,-0.024038028872,0.696608741,-0.717450562,0.000286446,-0.000933455
1790504106.485128880,0.013466384407,0.008911366843,-0.024037859268,0.696614600,-0.717444868,0.000295129,-0.000934061
1790504106.518279552,0.013465183670,0.008909573078,-0.024038274554,0.696612757,-0.717446667,0.000286819,-0.000930006
1790504106.551424742,0.013464255225,0.008906556685,-0.024040016316,0.696610361,-0.717448994,0.000286585,-0.000929390
1790504106.584566355,0.013463500258,0.008904731904,-0.024041287752,0.696595588,-0.717463341,0.000294025,-0.000923967
1790504106.617703676,0.013463766312,0.008906790394,-0.024041257881,0.696608873,-0.717450448,0.000289021,-0.000921583
1790504106.650835991,0.013465042770,0.008909155545,-0.024040195152,0.696612156,-0.717447248,0.000291192,-0.000930066
1790504106.683962822,0.013466553851,0.008909963324,-0.024038485484,0.696600397,-0.717458659,0.000299453,-0.000932545
1790504106.717087030,0.013467902050,0.008911108253,-0.024036903373,0.696610559,-0.717448805,0.000285347,-0.000927351
1790504106.750427961,0.013468214897,0.008910987246,-0.024036821588,0.696610485,-0.717448867,0.000292595,-0.000933030
1790504106.783767939,0.013466936108,0.008909065752,-0.024037957371,0.696594877,-0.717464030,0.000295996,-0.000924429
1790504106.817108870,0.013466033176,0.008908488791,-0.024038851885,0.696604713,-0.717454488,0.000294802,-0.000919258
1790504106.850450039,0.013467120431,0.008909800024,-0.024038070088,0.696601758,-0.717457345,0.000293623,-0.000929217
1790504106.883791208,0.013469313001,0.008913109650,-0.024037131641,0.696607072,-0.717452198,0.000287522,-0.000921543
1790504106.917131662,0.013471135456,0.008916442149,-0.024036413320,0.696616875,-0.717442662,0.000286811,-0.000935037
1790504106.950472832,0.013470766248,0.008916442729,-0.024035567081,0.696615409,-0.717444087,0.000290860,-0.000932907
1790504106.983814478,0.013469138818,0.008912519190,-0.024033968665,0.696607018,-0.717452232,0.000301687,-0.000930960
1790504107.017154932,0.013468851026,0.008907988604,-0.024032520314,0.696602485,-0.717456649,0.000282970,-0.000924918
1790504107.050496817,0.013469356523,0.008906050218,-0.024032388929,0.696601285,-0.717457802,0.000286830,-0.000932191
1790504107.083838701,0.013469545504,0.008906140511,-0.024033194401,0.696606037,-0.717453185,0.000300208,-0.000931395
1790504107.117180347,0.013470552933,0.008906647493,-0.024033149199,0.696601436,-0.717457654,0.000287583,-0.000933752
1790504107.150521517,0.013472358078,0.008907942453,-0.024032329903,0.696607016,-0.717452238,0.000285044,-0.000932599
1790504107.183863640,0.013474371527,0.008908687573,-0.024031895007,0.696611503,-0.717447872,0.000285229,-0.000939599
1790504107.217205524,0.013474360499,0.008906803453,-0.024030918417,0.696638898,-0.717421252,0.000266575,-0.000959910
1790504107.250547886,0.013472013771,0.008904138441,-0.024030441088,0.696602854,-0.717456283,0.000282093,-0.000930706
1790504107.283889055,0.013469651707,0.008905560500,-0.024030333680,0.696600472,-0.717458582,0.000287007,-0.000939847
1790504107.317231417,0.013468001742,0.008910086602,-0.024030509428,0.696616771,-0.717442766,0.000294201,-0.000930067
1790504107.350574017,0.013469073111,0.008913505544,-0.024031084908,0.696608767,-0.717450533,0.000296038,-0.000933713
1790504107.383915424,0.013471416128,0.008915324669,-0.024032263584,0.696617645,-0.717441888,0.000294092,-0.000952538
1790504107.417258263,0.013472366783,0.008915259962,-0.024033612686,0.696612554,-0.717446852,0.000292435,-0.000937823
1790504107.450601101,0.013474132644,0.008914890669,-0.024034181489,0.696614399,-0.717445059,0.000286617,-0.000940803
1790504107.483944178,0.013475928741,0.008914589827,-0.024033542674,0.696616987,-0.717442548,0.000286734,-0.000939190
1790504107.517285824,0.013476200404,0.008913998354,-0.024032678463,0.696611131,-0.717448240,0.000276635,-0.000937404
1790504107.550628901,0.013474696958,0.008913807359,-0.024033283556,0.696612201,-0.717447188,0.000290223,-0.000943202
1790504107.583972216,0.013473853585,0.008913855271,-0.024033114256,0.696612499,-0.717446912,0.000288585,-0.000933424
1790504107.617315531,0.013474667179,0.008913039257,-0.024031274172,0.696612912,-0.717446504,0.000283909,-0.000940120
1790504107.650657654,0.013474642308,0.008911505982,-0.024030065894,0.696604807,-0.717454383,0.000279525,-0.000934374
1790504107.684001207,0.013473320115,0.008911616667,-0.024030652710,0.696606958,-0.717452281,0.000296997,-0.000940028
1790504107.717344761,0.013472771847,0.008913056799,-0.024031496198,0.696607484,-0.717451783,0.000286352,-0.000933305
1790504107.750674248,0.013473781959,0.008914696604,-0.024032065930,0.696615128,-0.717444357,0.000287149,-0.000935950
1790504107.784004927,0.013475795510,0.008915109169,-0.024032302677,0.696607987,-0.717451285,0.000287384,-0.000939402
1790504107.817335129,0.013477574836,0.008914759183,-0.024031937814,0.696612562,-0.717446850,0.000280881,-0.000936859
1790504107.850665569,0.013478341725,0.008913968641,-0.024030662388,0.696607325,-0.717451926,0.000283306,-0.000943056
1790504107.883994579,0.013478139209,0.008912287542,-0.024029189727,0.696614393,-0.717445069,0.000282434,-0.000937867
1790504107.917325020,0.013478323509,0.008909591778,-0.024027833873,0.696596947,-0.717462016,0.000280008,-0.000933110
1790504107.950654745,0.013478722228,0.008909395443,-0.024026826965,0.696602678,-0.717456441,0.000274204,-0.000942611
1790504107.983984947,0.013477455464,0.008910429988,-0.024027042692,0.696608181,-0.717451082,0.000293093,-0.000949611
1790504108.017313480,0.013476689904,0.008910060450,-0.024027208977,0.696604932,-0.717454251,0.000284690,-0.000941282
1790504108.050643206,0.013477574604,0.008909757312,-0.024026638416,0.696599680,-0.717459352,0.000281801,-0.000940825
1790504108.083972931,0.013478911721,0.008911343650,-0.024026050965,0.696604299,-0.717454870,0.000279546,-0.000939120
1790504108.117301226,0.013479416901,0.008913176235,-0.024025489112,0.696610223,-0.717449104,0.000278627,-0.000949900
1790504108.150630713,0.013478156734,0.008913015371,-0.024026081576,0.696610145,-0.717449187,0.000282016,-0.000943824
1790504108.183959961,0.013476545775,0.008911011851,-0.024027001281,0.696610399,-0.717448930,0.000291348,-0.000948961
1790504108.217288971,0.013476341095,0.008908695632,-0.024027176781,0.696599951,-0.717459081,0.000289731,-0.000944169
1790504108.250617266,0.013477620074,0.008908137182,-0.024027426253,0.696610279,-0.717449050,0.000283325,-0.000948644
1790504108.283946037,0.013478664163,0.008907805529,-0.024027223990,0.696609817,-0.717449501,0.000285992,-0.000946280
1790504108.317275047,0.013479623747,0.008907300325,-0.024026189418,0.696605111,-0.717454066,0.000288695,-0.000948014
1790504108.350602865,0.013480139369,0.008907422854,-0.024025280713,0.696613582,-0.717445836,0.000287795,-0.000951927
1790504108.383931398,0.013479894340,0.008907355339,-0.024025196512,0.696608288,-0.717450983,0.000287149,-0.000947820
1790504108.417259932,0.013480532463,0.008908556206,-0.024025160891,0.696609687,-0.717449613,0.000297502,-0.000953080
1790504108.450588465,0.013482516726,0.008909867260,-0.024024501392,0.696626073,-0.717433701,0.000289249,-0.000957158
1790504108.483915806,0.013483684166,0.008908660996,-0.024022658307,0.696612886,-0.717446514,0.000282711,-0.000952323
1790504108.517244101,0.013483791500,0.008908515251,-0.024021488809,0.696615237,-0.717444214,0.000299675,-0.000960172
1790504108.550572157,0.013483274528,0.008909499314,-0.024021102422,0.696619560,-0.717440036,0.000281551,-0.000950867
1790504108.583900213,0.013481647382,0.008910652321,-0.024021512140,0.696612077,-0.717447298,0.000294288,-0.000949770
1790504108.617227077,0.013480301268,0.008912531947,-0.024023113092,0.696623091,-0.717436614,0.000287455,-0.000944305
1790504108.650554895,0.013479976117,0.008912841961,-0.024024065092,0.696620101,-0.717439510,0.000299803,-0.000945494
1790504108.683882713,0.013481113342,0.008911523553,-0.024024469510,0.696613815,-0.717445619,0.000292747,-0.000944056
1790504108.717209578,0.013482488886,0.008911695330,-0.024024572974,0.696609682,-0.717449628,0.000294510,-0.000946670
1790504108.750543594,0.013483878682,0.008914006879,-0.024024373276,0.696622944,-0.717436763,0.000288313,-0.000939151
1790504108.783878088,0.013485458611,0.008914893551,-0.024024339231,0.696626205,-0.717433584,0.000289518,-0.000948698
1790504108.817212343,0.013486003182,0.008912907532,-0.024023146187,0.696608972,-0.717450333,0.000288392,-0.000936550
1790504108.850545883,0.013486621299,0.008911840889,-0.024019325873,0.696615865,-0.717443635,0.000280007,-0.000942802
1790504108.883880377,0.013487438909,0.008911431392,-0.024012548677,0.696610644,-0.717448705,0.000282133,-0.000941242
1790504108.917214870,0.013485663947,0.008912109110,-0.024004846553,0.696575978,-0.717482330,0.000222952,-0.000981459
1790504108.950549126,0.013473425765,0.008916556995,-0.024000191686,0.696605769,-0.717453432,0.000280152,-0.000947207
1790504108.983882666,0.013446964109,0.008925952377,-0.023996907892,0.696597412,-0.717461539,0.000288926,-0.000949383
1790504109.017217159,0.013407525642,0.008941793452,-0.023992929137,0.696605556,-0.717453646,0.000280111,-0.000942319
1790504109.050551414,0.013358186389,0.008963666104,-0.023987666075,0.696602094,-0.717456998,0.000285047,-0.000947713
1790504109.083884716,0.013301919078,0.008989029851,-0.023980076640,0.696592444,-0.717466374,0.000288786,-0.000940802
1790504109.117219210,0.013240505909,0.009016661329,-0.023969483913,0.696601536,-0.717457542,0.000287941,-0.000944684
1790504109.150553703,0.013174662496,0.009046664922,-0.023956117631,0.696602370,-0.717456731,0.000279796,-0.000948265
1790504109.183888197,0.013104552812,0.009078459913,-0.023941253530,0.696608245,-0.717451029,0.000274625,-0.000947827
1790504109.217221737,0.013029925010,0.009110725227,-0.023925099441,0.696607751,-0.717451507,0.000271807,-0.000950117
1790504109.250556231,0.012951078026,0.009142777258,-0.023907400800,0.696598241,-0.717460742,0.000275618,-0.000947523
1790504109.283890724,0.012868491118,0.009175188217,-0.023888779746,0.696601927,-0.717457167,0.000272059,-0.000945886
1790504109.317224979,0.012783224043,0.009209105272,-0.023868472808,0.696595670,-0.717463231,0.000274884,-0.000953512
1790504109.350558519,0.012696574580,0.009244953522,-0.023845894701,0.696599502,-0.717459516,0.000276022,-0.000948513
1790504109.383893013,0.012607325259,0.009282437408,-0.023822037264,0.696597029,-0.717461903,0.000275932,-0.000959838
1790504109.417227507,0.012515050000,0.009321562481,-0.023796356984,0.696600718,-0.717458334,0.000269562,-0.000951605
1790504109.450561047,0.012421131858,0.009362200393,-0.023767983168,0.696612744,-0.717446654,0.000256541,-0.000957828
1790504109.483895540,0.012325344907,0.009404507590,-0.023737389962,0.696595626,-0.717463281,0.000261367,-0.000951463
1790504109.517230034,0.012227335877,0.009448517196,-0.023705019420,0.696597674,-0.717461298,0.000255047,-0.000949500
1790504109.550564528,0.012127572852,0.009492288153,-0.023672236597,0.696611953,-0.717447419,0.000250844,-0.000961450
1790504109.583898067,0.012029081950,0.009533582413,-0.023642363218,0.696609292,-0.717450009,0.000257287,-0.000955217
1790504109.617232561,0.011942824802,0.009571321591,-0.023621574189,0.696551434,-0.717506225,0.000239494,-0.000926771
1790504109.650567055,0.011885334737,0.009600456209,-0.023614927169,0.696598263,-0.717460716,0.000257008,-0.000956223
1790504109.683900595,0.011863971309,0.009613748625,-0.023617010351,0.696606855,-0.717452380,0.000265739,-0.000949906
1790504109.717235088,0.011862390345,0.009617356551,-0.023620167958,0.696605268,-0.717453939,0.000257172,-0.000938267
1790504109.750575542,0.011865579459,0.009618910338,-0.023621442580,0.696614986,-0.717444492,0.000258031,-0.000946132
1790504109.783915758,0.011867378481,0.009618339052,-0.023620778132,0.696612916,-0.717446504,0.000255727,-0.000945154
1790504109.817255020,0.011867860627,0.009617231257,-0.023619042433,0.696609559,-0.717449769,0.000261722,-0.000939702
1790504109.850595474,0.011869296770,0.009616903683,-0.023617491174,0.696614154,-0.717445309,0.000250823,-0.000941979
1790504109.883935690,0.011871038788,0.009616592340,-0.023616397717,0.696604522,-0.717454658,0.000255975,-0.000942536
1790504109.917276382,0.011870721993,0.009616807725,-0.023615646608,0.696616688,-0.717442854,0.000250047,-0.000936797
1790504109.950615644,0.011869061817,0.009616503271,-0.023616770701,0.696606565,-0.717452678,0.000257650,-0.000939532
1790504109.983956337,0.011868508313,0.009616733485,-0.023618932688,0.696608864,-0.717450436,0.000268396,-0.000944028
1790504110.017297029,0.011868882360,0.009617641982,-0.023619084318,0.696611588,-0.717447800,0.000266534,-0.000937219
1790504110.050636768,0.011869560300,0.009618976351,-0.023617677651,0.696607937,-0.717451343,0.000261384,-0.000939864
1790504110.083977461,0.011870022382,0.009621026931,-0.023617830421,0.696615270,-0.717444223,0.000268642,-0.000937625
1790504110.117318392,0.011871632927,0.009623022009,-0.023618067269,0.696606110,-0.717453104,0.000273852,-0.000946598
1790504110.150659084,0.011874435919,0.009624513216,-0.023616537367,0.696620602,-0.717439039,0.000263564,-0.000944908
1790504110.183999062,0.011876100348,0.009622168707,-0.023613718951,0.696613597,-0.717445832,0.000268780,-0.000950345
1790504110.217339754,0.011877004037,0.009617506831,-0.023610280885,0.696603767,-0.717455385,0.000262951,-0.000945094
1790504110.250680923,0.011877719718,0.009615799588,-0.023609230254,0.696598843,-0.717460165,0.000254448,-0.000947798
1790504110.284021854,0.011876903147,0.009618574967,-0.023611783305,0.696609560,-0.717449761,0.000264985,-0.000943783
1790504110.317362070,0.011877291514,0.009622246275,-0.023613495865,0.696612432,-0.717446956,0.000272558,-0.000953767
1790504110.350703478,0.011878566535,0.009623296062,-0.023613523423,0.696609365,-0.717449939,0.000261710,-0.000953419
1790504110.384044409,0.011878106826,0.009621842424,-0.023613889086,0.696609680,-0.717449640,0.000260980,-0.000947877
1790504110.417384863,0.011876808605,0.009619849220,-0.023614502886,0.696607865,-0.717451400,0.000266573,-0.000949117
1790504110.450726032,0.011876530510,0.009619394985,-0.023614202316,0.696603476,-0.717455663,0.000259424,-0.000949403
1790504110.484067440,0.011876607053,0.009620048117,-0.023612969512,0.696618340,-0.717441233,0.000261923,-0.000947257
1790504110.517408609,0.011876752056,0.009618996913,-0.023611524786,0.696600625,-0.717458421,0.000270465,-0.000954707
1790504110.550749302,0.011876587030,0.009618622166,-0.023612550370,0.696603138,-0.717455990,0.000261017,-0.000949653
1790504110.584090710,0.011876526147,0.009619552513,-0.023614179427,0.696608592,-0.717450688,0.000273048,-0.000951662
1790504110.617432356,0.011877455879,0.009619650126,-0.023613271096,0.696608762,-0.717450526,0.000260580,-0.000952450
1790504110.650774002,0.011878686406,0.009618091627,-0.023611023964,0.696605590,-0.717453598,0.000267104,-0.000956719
1790504110.684114695,0.011879417920,0.009615489533,-0.023609181132,0.696600499,-0.717458539,0.000266823,-0.000957892
1790504110.717456341,0.011879256456,0.009613468682,-0.023609055078,0.696597453,-0.717461505,0.000266192,-0.000951937
1790504110.750792265,0.011879425971,0.009613604031,-0.023610531924,0.696598340,-0.717460641,0.000263970,-0.000954621
1790504110.784131765,0.011880330063,0.009614336982,-0.023612712778,0.696604445,-0.717454713,0.000263258,-0.000955151
1790504110.817472458,0.011879618944,0.009613652174,-0.023613907651,0.696595275,-0.717463601,0.000271511,-0.000964746
1790504110.850812912,0.011877941335,0.009613692422,-0.023614437860,0.696593956,-0.717464893,0.000276793,-0.000954425
1790504110.884153843,0.011878542525,0.009614266653,-0.023614441356,0.696610133,-0.717449175,0.000277351,-0.000962753
1790504110.917493582,0.011880089447,0.009611338542,-0.023612985266,0.696592396,-0.717466420,0.000265608,-0.000949052
1790504110.950834513,0.011881880664,0.009607867236,-0.023609699073,0.696587635,-0.717471030,0.000261844,-0.000958955
1790504110.984175205,0.011882466666,0.009606158042,-0.023606697149,0.696588364,-0.717470327,0.000267957,-0.000953600
1790504111.017515182,0.011882887621,0.009605334529,-0.023604750022,0.696587160,-0.717471493,0.000264127,-0.000956351
1790504111.050855875,0.011884490829,0.009605815632,-0.023603644727,0.696583129,-0.717475415,0.000261477,-0.000951939
1790504111.084197044,0.011886800975,0.009608503348,-0.023604273924,0.696585985,-0.717472629,0.000267487,-0.000959117
1790504111.117537975,0.011888929425,0.009612285611,-0.023605861207,0.696588362,-0.717470332,0.000259697,-0.000953168
1790504111.150878191,0.011890306711,0.009614939308,-0.023606853244,0.696596591,-0.717462320,0.000265464,-0.000968598
1790504111.184219122,0.011890058822,0.009613833288,-0.023607684838,0.696598944,-0.717460051,0.000257607,-0.000958721
1790504111.217560291,0.011888968272,0.009610655708,-0.023607888015,0.696590667,-0.717468093,0.000256777,-0.000955008
1790504111.250901699,0.011887822108,0.009609591445,-0.023607122332,0.696589979,-0.717468763,0.000261671,-0.000952097
1790504111.284241676,0.011888372916,0.009611758039,-0.023605697783,0.696597170,-0.717461767,0.000268308,-0.000961036
1790504111.317583084,0.011890214751,0.009613970487,-0.023603894118,0.696602114,-0.717456967,0.000264591,-0.000962000
1790504111.350924253,0.011891745957,0.009614653838,-0.023601696263,0.696593144,-0.717465675,0.000264930,-0.000962030
1790504111.384264708,0.011892346815,0.009615937007,-0.023600054466,0.696604885,-0.717454273,0.000252571,-0.000967837
1790504111.417605877,0.011891877036,0.009616920333,-0.023600503209,0.696611437,-0.717447923,0.000260678,-0.000956529
1790504111.450947523,0.011892170933,0.009616143440,-0.023602296579,0.696603878,-0.717455242,0.000261554,-0.000971292
1790504111.484288931,0.011892550222,0.009616687974,-0.023603697149,0.696608310,-0.717450955,0.000254736,-0.000961421
1790504111.517629385,0.011892483679,0.009618331855,-0.023602965818,0.696614612,-0.717444832,0.000259132,-0.000963481
1790504111.550971031,0.011892955899,0.009618504313,-0.023601231863,0.696614089,-0.717445331,0.000255979,-0.000971257
1790504111.584312439,0.011894309392,0.009617301288,-0.023599641038,0.696607515,-0.717451725,0.000262654,-0.000961098
1790504111.617654324,0.011897039866,0.009615654092,-0.023596396788,0.696612494,-0.717446878,0.000249162,-0.000973951
1790504111.650994778,0.011898457454,0.009613435918,-0.023594578393,0.696604460,-0.717454672,0.000249258,-0.000978336
1790504111.684336662,0.011898308513,0.009612147852,-0.023596518477,0.696605863,-0.717453323,0.000249744,-0.000968504
1790504111.717678308,0.011899520515,0.009613705532,-0.023599001597,0.696607166,-0.717452061,0.000245815,-0.000967475
1790504111.751019001,0.011900290788,0.009617571050,-0.023600717544,0.696618222,-0.717441302,0.000236595,-0.000987027
1790504111.784352541,0.011897705559,0.009619426962,-0.023602416781,0.696618593,-0.717440960,0.000255240,-0.000968930
1790504111.817685843,0.011897124692,0.009618705502,-0.023601061060,0.696610389,-0.717448926,0.000245759,-0.000971348
1790504111.851019144,0.011899265374,0.009618126978,-0.023598775136,0.696617274,-0.717442237,0.000240457,-0.000976012
1790504111.884351254,0.011901093342,0.009617400546,-0.023597850345,0.696616959,-0.717442532,0.000246162,-0.000981918
1790504111.917684555,0.011902079846,0.009616434302,-0.023597560113,0.696613914,-0.717445502,0.000237188,-0.000974930
1790504111.951017857,0.011903710847,0.009616954399,-0.023597802778,0.696617062,-0.717442444,0.000238189,-0.000975591
1790504111.984350920,0.011905239812,0.009618242639,-0.023597158135,0.696618351,-0.717441193,0.000235564,-0.000975268
1790504112.017683029,0.011904546664,0.009619164498,-0.023596364168,0.696620515,-0.717439079,0.000241150,-0.000983856
1790504112.051016092,0.011901928474,0.009619695409,-0.023597724395,0.696614348,-0.717445070,0.000240949,-0.000981808
1790504112.084349155,0.011898431638,0.009620102155,-0.023600043737,0.696629616,-0.717430248,0.000246997,-0.000977544
1790504112.117681503,0.011895970794,0.009618932280,-0.023600570389,0.696614538,-0.717444899,0.000243610,-0.000970784
1790504112.151014328,0.011895621267,0.009618664415,-0.023600170957,0.696621905,-0.717437745,0.000244341,-0.000971583
1790504112.184347391,0.011897200802,0.009619306600,-0.023598439543,0.696620897,-0.717438719,0.000249165,-0.000973706
1790504112.217680216,0.011899310411,0.009620310804,-0.023595945132,0.696626987,-0.717432809,0.000237803,-0.000974700
1790504112.251012325,0.011899330051,0.009621693442,-0.023597025428,0.696625879,-0.717433884,0.000240088,-0.000973967
1790504112.284345150,0.011897351263,0.009622693475,-0.023601187027,0.696633589,-0.717426398,0.000252132,-0.000970890
1790504112.317677975,0.011895519129,0.009622178906,-0.023603137283,0.696625934,-0.717433829,0.000251243,-0.000972262
1790504112.351010084,0.011895250953,0.009621195027,-0.023601491157,0.696635281,-0.717424755,0.000250332,-0.000970996
1790504112.384342670,0.011898301877,0.009619257577,-0.023597614121,0.696624985,-0.717434748,0.000255582,-0.000973500
1790504112.417675495,0.011903274743,0.009618361623,-0.023594351039,0.696629608,-0.717430257,0.000242796,-0.000978584
1790504112.451008320,0.011905955799,0.009619473042,-0.023594511914,0.696636319,-0.717423737,0.000243536,-0.000980141
1790504112.484340191,0.011905534941,0.009620485747,-0.023596395835,0.696633953,-0.717426028,0.000252333,-0.000982378
1790504112.517672777,0.011904613942,0.009619686942,-0.023597136977,0.696637090,-0.717422985,0.000252357,-0.000980746
1790504112.551005602,0.011904395199,0.009617564723,-0.023596216615,0.696628494,-0.717431331,0.000251725,-0.000981783
1790504112.584338188,0.011905949420,0.009616719574,-0.023594058342,0.696633692,-0.717426288,0.000255907,-0.000976955
1790504112.617669821,0.011910749882,0.009617813739,-0.023589474694,0.696637814,-0.717422268,0.000244863,-0.000992372
1790504112.651002407,0.011914930468,0.009619967857,-0.023586905859,0.696641364,-0.717418830,0.000237614,-0.000988080
1790504112.684334993,0.011915568941,0.009621705645,-0.023588392081,0.696650347,-0.717410105,0.000237552,-0.000989718
1790504112.717666388,0.011913393130,0.009620923269,-0.023590343037,0.696649673,-0.717410752,0.000248390,-0.000991962
1790504112.750999212,0.011910296661,0.009619178704,-0.023592394423,0.696641451,-0.717418741,0.000251581,-0.000987543
1790504112.784338474,0.011907242965,0.009618870023,-0.023594765665,0.696652511,-0.717408000,0.000247751,-0.000989097
1790504112.817677736,0.011905714449,0.009618218834,-0.023596173633,0.696649370,-0.717411055,0.000262621,-0.000982251
1790504112.851016045,0.011908652478,0.009617389648,-0.023595320594,0.696652123,-0.717408366,0.000262366,-0.000994041
1790504112.884355545,0.011914147061,0.009617385628,-0.023593306297,0.696657476,-0.717403175,0.000258635,-0.000989446
1790504112.917695045,0.011918847705,0.009618350879,-0.023592668403,0.696662888,-0.717397912,0.000253685,-0.000996045
1790504112.951034784,0.011920233573,0.009618993885,-0.023594009137,0.696666956,-0.717393965,0.000268166,-0.000989035
1790504112.984373093,0.011918382305,0.009620431502,-0.023593356385,0.696666261,-0.717394638,0.000262838,-0.000992539
1790504113.017712831,0.011909477692,0.009625225312,-0.023588353813,0.696675088,-0.717386066,0.000252918,-0.000994975
1790504113.051052570,0.011892737222,0.009632753927,-0.023580816151,0.696670202,-0.717390811,0.000258514,-0.000993952
1790504113.084391117,0.011874513412,0.009641573334,-0.023571611301,0.696683704,-0.717377694,0.000265068,-0.000995002
1790504113.117730856,0.011858929523,0.009647744756,-0.023560443936,0.696581138,-0.717477267,0.000141314,-0.001034194
1790504113.151070833,0.011845687927,0.009651467493,-0.023556300426,0.696678130,-0.717383098,0.000256107,-0.001004244
1790504113.184410572,0.011836390893,0.009654179878,-0.023560238051,0.696683865,-0.717377530,0.000271706,-0.000999269
1790504113.217749834,0.011833498595,0.009656233617,-0.023562164385,0.696684833,-0.717376584,0.000284512,-0.000999150
1790504113.251089573,0.011837568710,0.009657469628,-0.023559388158,0.696697916,-0.717363890,0.000263600,-0.000996627
1790504113.284429789,0.011844409177,0.009657388192,-0.023556027158,0.696697781,-0.717364013,0.000259732,-0.001003839
1790504113.317769766,0.011848796120,0.009656990066,-0.023554614209,0.696702381,-0.717359547,0.000261560,-0.001002315
1790504113.351109028,0.011849278790,0.009657411543,-0.023553931966,0.696704556,-0.717357437,0.000257121,-0.001000995
1790504113.384449244,0.011846704530,0.009659630899,-0.023554797949,0.696709394,-0.717352733,0.000272047,-0.001001782
1790504113.417789459,0.011844195999,0.009662697080,-0.023556088900,0.696723932,-0.717338611,0.000273388,-0.001002084
1790504113.451128960,0.011844810188,0.009663954234,-0.023558215029,0.696721744,-0.717340740,0.000275798,-0.000998914
1790504113.484469175,0.011848354282,0.009663242747,-0.023559023018,0.696730777,-0.717331958,0.000279619,-0.001004447
1790504113.517809629,0.011852101489,0.009660888822,-0.023557008782,0.696719715,-0.717342694,0.000273032,-0.001011405
1790504113.551150084,0.011853624574,0.009660476089,-0.023554677059,0.696717792,-0.717344554,0.000263965,-0.001019733
1790504113.584489584,0.011851463278,0.009661890879,-0.023556087259,0.696729586,-0.717333086,0.000279828,-0.001024263
1790504113.617830038,0.011848152752,0.009661982213,-0.023559835714,0.696715385,-0.717346884,0.000271961,-0.001023252
1790504113.651170731,0.011844398526,0.009661072348,-0.023563878402,0.696725706,-0.717336860,0.000273725,-0.001022345
1790504113.684510469,0.011842439659,0.009658251342,-0.023563804578,0.696716976,-0.717345333,0.000285362,-0.001023177
1790504113.717851162,0.011843588747,0.009654270768,-0.023560545934,0.696716841,-0.717345453,0.000274416,-0.001034095
1790504113.751191854,0.011844683157,0.009650551631,-0.023559089627,0.696711629,-0.717350516,0.000269609,-0.001034776
1790504113.784524441,0.011844401034,0.009648612604,-0.023559927865,0.696707502,-0.717354511,0.000283189,-0.001040121
1790504113.817855597,0.011844235313,0.009648217618,-0.023560321743,0.696715360,-0.717346859,0.000284497,-0.001053717
1790504113.851187944,0.011844044694,0.009647329324,-0.023560717750,0.696705679,-0.717356294,0.000269312,-0.001035159
1790504113.884520292,0.011844507314,0.009647508610,-0.023561712055,0.696705335,-0.717356628,0.000269360,-0.001035160
1790504113.917852640,0.011845606843,0.009649397063,-0.023560222086,0.696695525,-0.717366160,0.000265984,-0.001032823
1790504113.951183796,0.011847504192,0.009652443891,-0.023558041262,0.696697282,-0.717364448,0.000267853,-0.001036590
1790504113.984516144,0.011850581406,0.009653449778,-0.023556725020,0.696696208,-0.717365498,0.000260224,-0.001033444
1790504114.017848253,0.011852494231,0.009651570328,-0.023555472951,0.696686417,-0.717375005,0.000257027,-0.001035789
1790504114.051179409,0.011851686920,0.009650335128,-0.023556578768,0.696679075,-0.717382151,0.000256199,-0.001024902
1790504114.084511518,0.011850955668,0.009652133418,-0.023557712302,0.696685820,-0.717375605,0.000255215,-0.001021781
1790504114.117843390,0.011852555364,0.009654552146,-0.023557186508,0.696679465,-0.717381773,0.000256235,-0.001024681
1790504114.151175499,0.011854696546,0.009655841180,-0.023556273728,0.696681004,-0.717380279,0.000251579,-0.001024811
1790504114.184506655,0.011856481800,0.009654486871,-0.023555681724,0.696679795,-0.717381450,0.000250779,-0.001027424
1790504114.217838287,0.011857035748,0.009651707116,-0.023554718041,0.696669683,-0.717391289,0.000237575,-0.001017500
1790504114.251170397,0.011856956955,0.009651378647,-0.023552142510,0.696674622,-0.717386491,0.000241224,-0.001017440
1790504114.284502268,0.011858091380,0.009653142407,-0.023550518935,0.696671934,-0.717389096,0.000240155,-0.001021121
1790504114.317833185,0.011859640719,0.009655767874,-0.023550814543,0.696676202,-0.717384964,0.000233261,-0.001014198
1790504114.351165056,0.011862375744,0.009657576097,-0.023550261755,0.696679537,-0.717381724,0.000232668,-0.001015027
1790504114.384496927,0.011867023811,0.009657981124,-0.023547588665,0.696674545,-0.717386569,0.000228115,-0.001018816
1790504114.417827368,0.011870799030,0.009658288947,-0.023545104932,0.696674328,-0.717386783,0.000217482,-0.001018261
1790504114.451159239,0.011870773901,0.009657699865,-0.023544674100,0.696681968,-0.717379359,0.000212483,-0.001022646
1790504114.484490633,0.011867475946,0.009654860333,-0.023545208680,0.696664001,-0.717396813,0.000232684,-0.001014271
1790504114.517822504,0.011866820260,0.009653232500,-0.023545325319,0.696675714,-0.717385449,0.000229289,-0.001006678
1790504114.551153183,0.011869474251,0.009652583064,-0.023545859897,0.696671095,-0.717389931,0.000231921,-0.001009584
1790504114.584484577,0.011872309462,0.009651245119,-0.023545542153,0.696679471,-0.717381802,0.000253595,-0.000999690
1790504114.617816210,0.011875184994,0.009647872192,-0.023541514336,0.696678002,-0.717383236,0.000245893,-0.000997310
1790504114.651147604,0.011873145138,0.009646328547,-0.023536555839,0.696668955,-0.717392021,0.000257201,-0.000994523
1790504114.684478045,0.011864070126,0.009651810796,-0.023531993717,0.696670729,-0.717390304,0.000266326,-0.000987738
1790504114.717809677,0.011849739239,0.009663310727,-0.023529228732,0.696679582,-0.717381706,0.000262198,-0.000989523
1790504114.751140833,0.011831431805,0.009676012080,-0.023530105056,0.696684683,-0.717376756,0.000274096,-0.000983882
1790504114.784472704,0.011816289822,0.009685244108,-0.023531342882,0.696687940,-0.717373600,0.000294846,-0.000972298
1790504114.817805767,0.011809895945,0.009689036650,-0.023528622421,0.696646354,-0.717413916,0.000165265,-0.001050437
1790504114.851138353,0.011807270672,0.009692268373,-0.023527906864,0.696674847,-0.717386301,0.000279845,-0.000987059
1790504114.884471178,0.011804184470,0.009698058081,-0.023531343270,0.696690176,-0.717371418,0.000278491,-0.000984732
1790504114.917802811,0.011801044366,0.009701058783,-0.023534491654,0.696679505,-0.717381793,0.000258885,-0.000981192
1790504114.951135397,0.011797921823,0.009700561234,-0.023535594647,0.696682715,-0.717378659,0.000273178,-0.000989619
1790504114.984468222,0.011797842877,0.009696963591,-0.023531696382,0.696668904,-0.717392081,0.000265272,-0.000985494
1790504115.017799854,0.011801003499,0.009694082431,-0.023526552271,0.696666353,-0.717394552,0.000247372,-0.000994366
1790504115.051132679,0.011802924922,0.009692760974,-0.023526354002,0.696669539,-0.717391453,0.000246287,-0.000998052
1790504115.084465027,0.011802989122,0.009690683116,-0.023528408535,0.696664978,-0.717395887,0.000244525,-0.000995385
1790504115.117797613,0.011802671417,0.009688719192,-0.023529098792,0.696664367,-0.717396470,0.000234310,-0.001004728
1790504115.151129246,0.011801422617,0.009688548054,-0.023530206708,0.696661104,-0.717399647,0.000231361,-0.000999390
1790504115.184461594,0.011800812748,0.009690200714,-0.023531586913,0.696671465,-0.717389588,0.000233652,-0.000997609
1790504115.217794180,0.011801390229,0.009691707929,-0.023532091002,0.696666993,-0.717393935,0.000234541,-0.000994138
1790504115.251126528,0.011804278802,0.009694087888,-0.023530578857,0.696678863,-0.717382393,0.000239567,-0.001003411
1790504115.284457922,0.011809603725,0.009695189203,-0.023526469496,0.696684938,-0.717376503,0.000238186,-0.000996675
1790504115.317790270,0.011814273341,0.009693728010,-0.023519796572,0.696676481,-0.717384699,0.000229620,-0.001010949
1790504115.351122618,0.011812279980,0.009692301343,-0.023518539978,0.696680170,-0.717381123,0.000236163,-0.001004954
1790504115.384454012,0.011806065147,0.009691283123,-0.023524005954,0.696687408,-0.717374081,0.000254196,-0.001009652
1790504115.417786360,0.011799973148,0.009690832774,-0.023531783496,0.696681368,-0.717379966,0.000250529,-0.000996368
1790504115.451118708,0.011795963396,0.009693130844,-0.023538485649,0.696691884,-0.717369759,0.000256743,-0.000990431
1790504115.484450579,0.011797009086,0.009696264590,-0.023539118575,0.696695051,-0.717366676,0.000271608,-0.000992242
1790504115.517781973,0.011806019608,0.009697095238,-0.023530829069,0.696709067,-0.717353055,0.000266150,-0.000999474
1790504115.551114321,0.011814880495,0.009694794298,-0.023522400936,0.696697087,-0.717364675,0.000245048,-0.001015423
1790504115.584446192,0.011811542006,0.009694436471,-0.023524165544,0.696703142,-0.717358810,0.000270067,-0.000998669
1790504115.617778301,0.011803715356,0.009696894712,-0.023528935354,0.696715088,-0.717347216,0.000273815,-0.000990996
1790504115.651109695,0.011802063087,0.009699329999,-0.023528119303,0.696716339,-0.717345991,0.000282410,-0.000996319
1790504115.684441566,0.011806357040,0.009699935906,-0.023523416720,0.696728345,-0.717334347,0.000272355,-0.000986500
1790504115.717773676,0.011812574319,0.009698112027,-0.023518708886,0.696724575,-0.717338005,0.000276456,-0.000988696
1790504115.751104832,0.011816196446,0.009695756413,-0.023518601680,0.696734790,-0.717328084,0.000266266,-0.000990459
1790504115.784438848,0.011812869383,0.009694610071,-0.023524346732,0.696728548,-0.717334149,0.000284769,-0.000983499
1790504115.817773104,0.011807944376,0.009695795029,-0.023528486492,0.696739645,-0.717323367,0.000300720,-0.000982233
1790504115.851107359,0.011807093273,0.009697840733,-0.023527297968,0.696744754,-0.717318395,0.000294829,-0.000990717
1790504115.884440660,0.011807064139,0.009700150732,-0.023526383282,0.696763635,-0.717300078,0.000293370,-0.000973994
1790504115.917774916,0.011808866159,0.009700101599,-0.023527127217,0.696770270,-0.717293620,0.000318001,-0.000976480
1790504115.951109171,0.011815181507,0.009697467423,-0.023524879752,0.696778848,-0.717285292,0.000307178,-0.000975976
1790504115.984443426,0.011820040099,0.009694786178,-0.023518885779,0.696784359,-0.717279918,0.000310776,-0.000989977
1790504116.017776728,0.011816584875,0.009693966290,-0.023513780397,0.696791889,-0.717272614,0.000314295,-0.000981051
1790504116.051110744,0.011810405303,0.009694260575,-0.023510311046,0.696806588,-0.717258333,0.000339929,-0.000973336
1790504116.084444761,0.011811638007,0.009692799273,-0.023502924950,0.696814046,-0.717251083,0.000343074,-0.000975855
1790504116.117778063,0.011814992039,0.009693731467,-0.023495105895,0.696808618,-0.717256358,0.000323662,-0.000980560
1790504116.151112318,0.011808662099,0.009704362074,-0.023496854544,0.696841686,-0.717224228,0.000346498,-0.000975905
1790504116.184446573,0.011792934491,0.009719369075,-0.023508500364,0.696848919,-0.717217187,0.000361205,-0.000979721
1790504116.217780828,0.011765095442,0.009732994398,-0.023533645787,0.696861986,-0.717204477,0.000343317,-0.000996768
1790504116.251113653,0.011724619704,0.009744106049,-0.023567877828,0.696868866,-0.717197802,0.000398438,-0.000968137
1790504116.284447908,0.011698534122,0.009753311398,-0.023583823800,0.696870673,-0.717196024,0.000422685,-0.000974158
1790504116.317782164,0.011691594390,0.009759884251,-0.023582834390,0.696880110,-0.717186866,0.000404251,-0.000974002
1790504116.351115227,0.011693825583,0.009762720450,-0.023579347363,0.696888355,-0.717178835,0.000414433,-0.000983254
1790504116.384449482,0.011698185838,0.009762041815,-0.023579315404,0.696904781,-0.717162864,0.000426421,-0.000985970
1790504116.417783499,0.011703942775,0.009759126409,-0.023580552078,0.696902439,-0.717165136,0.000432256,-0.000985861
1790504116.451117754,0.011710627863,0.009757465742,-0.023581939571,0.696919970,-0.717148086,0.000425906,-0.000997858
1790504116.484450579,0.011717319040,0.009756175243,-0.023582596718,0.696923891,-0.717144281,0.000445581,-0.000985626
1790504116.517784834,0.011726660138,0.009754523752,-0.023577769740,0.696930221,-0.717138102,0.000435187,-0.001010298
1790504116.551119089,0.011733156406,0.009751367873,-0.023570710263,0.696924877,-0.717143291,0.000439052,-0.001011626
1790504116.584453106,0.011731800792,0.009747282802,-0.023567291414,0.696928615,-0.717139656,0.000433853,-0.001015431
1790504116.617786169,0.011723542933,0.009743235661,-0.023569445876,0.696921517,-0.717146566,0.000456272,-0.000996627
1790504116.651120424,0.011718301670,0.009742837331,-0.023572916983,0.696919625,-0.717148398,0.000464435,-0.000998037
1790504116.684454441,0.011720632198,0.009745447867,-0.023572834113,0.696938814,-0.717129743,0.000464694,-0.001002981
1790504116.717787266,0.011728090412,0.009745288940,-0.023568653254,0.696943307,-0.717125372,0.000467471,-0.001004530
1790504116.751121521,0.011735426568,0.009741693395,-0.023564266451,0.696934025,-0.717134371,0.000444761,-0.001029938
1790504116.784461737,0.011736167663,0.009740377138,-0.023563696229,0.696933316,-0.717135069,0.000474620,-0.001010207
1790504116.817801476,0.011734764830,0.009743811859,-0.023564597826,0.696946960,-0.717121795,0.000461534,-0.001026417
1790504116.851140738,0.011730841123,0.009747532180,-0.023567035295,0.696962984,-0.717106225,0.000474118,-0.001017921
1790504116.884480715,0.011726289686,0.009748562074,-0.023570009797,0.696973376,-0.717096109,0.000496264,-0.001018586
1790504116.917820692,0.011724885707,0.009747356410,-0.023570656591,0.696979952,-0.717089721,0.000499340,-0.001014835
1790504116.951161146,0.011726709442,0.009745610004,-0.023568857660,0.696993992,-0.717076055,0.000498886,-0.001028285
1790504116.984500170,0.011728201575,0.009744279392,-0.023566209703,0.696993613,-0.717076421,0.000507948,-0.001025727
1790504117.017840385,0.011729943921,0.009744227263,-0.023564007629,0.697022772,-0.717048066,0.000517107,-0.001029203
1790504117.051180601,0.011732337754,0.009744421185,-0.023563443881,0.697013543,-0.717057041,0.000512713,-0.001028709
1790504117.084519863,0.011733009939,0.009748522228,-0.023566187537,0.697038197,-0.717033047,0.000530297,-0.001039181
1790504117.117860079,0.011731859131,0.009753327484,-0.023569109054,0.697057485,-0.717014297,0.000538107,-0.001035216
1790504117.151200533,0.011729781822,0.009755834524,-0.023570156854,0.697064551,-0.717007419,0.000537332,-0.001041267
1790504117.184540749,0.011726665394,0.009756886120,-0.023571518871,0.697079674,-0.716992711,0.000558776,-0.001032916
1790504117.217880011,0.011725377830,0.009755887619,-0.023571491341,0.697089514,-0.716983133,0.000564343,-0.001038284
1790504117.251220465,0.011726221823,0.009753314401,-0.023570335956,0.697096831,-0.716976004,0.000575564,-0.001041939
1790504117.284560680,0.011727603498,0.009752741556,-0.023569298471,0.697104471,-0.716968572,0.000581181,-0.001041415
1790504117.317901134,0.011729114123,0.009755720980,-0.023568804601,0.697117518,-0.716955871,0.000601402,-0.001040748
1790504117.351240635,0.011730805025,0.009759561281,-0.023568316963,0.697141795,-0.716932255,0.000593963,-0.001051860
1790504117.384581089,0.011729486661,0.009760997477,-0.023568036525,0.697150022,-0.716924253,0.000605105,-0.001047415
1790504117.417921543,0.011728033116,0.009759872949,-0.023567392557,0.697167844,-0.716906915,0.000623864,-0.001040809
1790504117.451261282,0.011731105848,0.009757003185,-0.023564663451,0.697169101,-0.716905688,0.000615250,-0.001048995
1790504117.484601498,0.011733543809,0.009757107218,-0.023562384167,0.697178072,-0.716896946,0.000625721,-0.001055224
1790504117.517942190,0.011731615138,0.009760304766,-0.023562115465,0.697199168,-0.716876419,0.000630580,-0.001059745
1790504117.551282644,0.011727553471,0.009761488752,-0.023563886939,0.697188991,-0.716886300,0.000652146,-0.001057727
1790504117.584622383,0.011725471170,0.009762312642,-0.023565823182,0.697200903,-0.716874706,0.000654692,-0.001062328
1790504117.617962837,0.011726933420,0.009763075768,-0.023565795413,0.697210294,-0.716865563,0.000656820,-0.001067341
1790504117.651303768,0.011731646105,0.009762467836,-0.023563022929,0.697208531,-0.716867265,0.000656768,-0.001075764
1790504117.684643269,0.011735287203,0.009760795875,-0.023559566707,0.697218902,-0.716857158,0.000653095,-0.001091138
1790504117.717983961,0.011733145201,0.009758518404,-0.023557752416,0.697217540,-0.716858472,0.000670954,-0.001087323
1790504117.751324654,0.011728565627,0.009757515678,-0.023558166746,0.697227594,-0.716848696,0.000676594,-0.001082328
1790504117.784662247,0.011725516729,0.009757293783,-0.023559586861,0.697231086,-0.716845291,0.000682529,-0.001084212
1790504117.817999363,0.011726466953,0.009757368912,-0.023560769381,0.697238142,-0.716838409,0.000692462,-0.001090795
1790504117.851336956,0.011731136584,0.009759023892,-0.023560375630,0.697244904,-0.716831843,0.000679472,-0.001091005
1790504117.884674788,0.011736854523,0.009762233761,-0.023557590127,0.697268635,-0.716808772,0.000688272,-0.001077821
1790504117.918012619,0.011743131329,0.009762700709,-0.023552915190,0.697274496,-0.716803057,0.000681136,-0.001091189
1790504117.951349497,0.011743927381,0.009761071874,-0.023551156447,0.697273990,-0.716803568,0.000678209,-0.001080458
1790504117.984687328,0.011737255659,0.009761973401,-0.023555514363,0.697292377,-0.716785701,0.000684496,-0.001063837
1790504118.018025160,0.011728365361,0.009765022038,-0.023561579069,0.697306942,-0.716771527,0.000695166,-0.001059798
1790504118.051362038,0.011724094408,0.009767779318,-0.023564563780,0.697316894,-0.716761833,0.000717522,-0.001053350
1790504118.084699869,0.011727407363,0.009769132688,-0.023561851087,0.697330904,-0.716748238,0.000691659,-0.001046087
1790504118.118037939,0.011732766633,0.009769805263,-0.023556758371,0.697341473,-0.716737952,0.000693211,-0.001047893
1790504118.151375771,0.011736094473,0.009770212777,-0.023553618481,0.697349614,-0.716730046,0.000691496,-0.001038446
1790504118.184712648,0.011737042135,0.009770750160,-0.023554283405,0.697361598,-0.716718391,0.000690243,-0.001035820
1790504118.218050480,0.011735934429,0.009770930420,-0.023555628162,0.697375985,-0.716704408,0.000699088,-0.001019122
1790504118.251388788,0.011735300033,0.009770674363,-0.023555442129,0.697379786,-0.716700704,0.000695008,-0.001025743
1790504118.284726620,0.011734775335,0.009771340485,-0.023555232444,0.697390783,-0.716690006,0.000708981,-0.001013708
1790504118.318063498,0.011736994605,0.009771870637,-0.023554028113,0.697406406,-0.716674803,0.000708878,-0.001014758
1790504118.351401329,0.011740890401,0.009771690806,-0.023551491513,0.697413305,-0.716668117,0.000688510,-0.001009150
1790504118.384739399,0.011742392980,0.009771319453,-0.023549572315,0.697427983,-0.716653816,0.000706571,-0.001009065
1790504118.418076515,0.011741707045,0.009770897012,-0.023549198168,0.697427418,-0.716654391,0.000699156,-0.000995632
1790504118.451414585,0.011740503368,0.009773147188,-0.023549819296,0.697443879,-0.716638365,0.000706238,-0.000995357
1790504118.484752417,0.011739619456,0.009776312704,-0.023549559417,0.697466721,-0.716616151,0.000700180,-0.000987617
1790504118.518090487,0.011740063619,0.009776076992,-0.023548212390,0.697472880,-0.716610149,0.000713978,-0.000982885
1790504118.551427841,0.011743529650,0.009773562503,-0.023545257448,0.697470082,-0.716612888,0.000706546,-0.000977084
1790504118.584765673,0.011746973152,0.009773663914,-0.023542931989,0.697483912,-0.716599434,0.000705538,-0.000972782
1790504118.618103743,0.011745909209,0.009776020340,-0.023543055770,0.697500738,-0.716583068,0.000703743,-0.000964741
1790504118.651441813,0.011740143529,0.009779343801,-0.023545761882,0.697505718,-0.716578229,0.000720918,-0.000946402
1790504118.684779167,0.011737511343,0.009783748360,-0.023548209172,0.697525158,-0.716559306,0.000723725,-0.000944337
1790504118.718117237,0.011741149323,0.009786724080,-0.023549125991,0.697533427,-0.716551267,0.000720774,-0.000937990
1790504118.751455307,0.011746064568,0.009787824747,-0.023547625342,0.697543456,-0.716541491,0.000727641,-0.000942809
1790504118.784793139,0.011747589260,0.009788668276,-0.023546071349,0.697548895,-0.716536218,0.000720622,-0.000931738
1790504118.818132401,0.011744515015,0.009789803917,-0.023545917927,0.697569029,-0.716516613,0.000730536,-0.000926838
1790504118.851471424,0.011741564528,0.009788420286,-0.023545672170,0.697569212,-0.716516445,0.000737654,-0.000913058
1790504118.884810448,0.011742759036,0.009786261661,-0.023543287433,0.697574562,-0.716511227,0.000735744,-0.000922987
1790504118.918148756,0.011743369668,0.009785203800,-0.023540963971,0.697585994,-0.716500102,0.000738258,-0.000916496
1790504118.951487780,0.011742267588,0.009785174360,-0.023540011115,0.697596311,-0.716490061,0.000736668,-0.000914489
1790504118.984827042,0.011740544176,0.009786782879,-0.023540955312,0.697598720,-0.716487713,0.000746504,-0.000908063
1790504119.018165350,0.011740860488,0.009790600771,-0.023540284109,0.697615606,-0.716471264,0.000750894,-0.000910641
1790504119.051504374,0.011744831466,0.009793600155,-0.023536092882,0.697631887,-0.716455418,0.000745529,-0.000909810
1790504119.084843636,0.011750659313,0.009793658482,-0.023531146310,0.697634961,-0.716452433,0.000742541,-0.000906617
1790504119.118182898,0.011753028526,0.009792746776,-0.023529878145,0.697631490,-0.716455792,0.000746114,-0.000919625
1790504119.151521206,0.011747625853,0.009793704817,-0.023533818142,0.697654357,-0.716433541,0.000751091,-0.000902728
1790504119.184860706,0.011740879169,0.009794899137,-0.023538001927,0.697654383,-0.716433498,0.000779665,-0.000892438
1790504119.218199968,0.011739056202,0.009795582979,-0.023538185351,0.697668118,-0.716420131,0.000778943,-0.000886243
1790504119.251539230,0.011740840576,0.009794966807,-0.023536723263,0.697668266,-0.716419991,0.000782093,-0.000880391
1790504119.284877777,0.011743169232,0.009794728184,-0.023537363239,0.697672083,-0.716416271,0.000794939,-0.000871789
1790504119.318217039,0.011745530292,0.009796570397,-0.023538530905,0.697687745,-0.716401016,0.000802995,-0.000865506
1790504119.351556301,0.011747625128,0.009798734875,-0.023538284784,0.697690420,-0.716398417,0.000805028,-0.000859010
1790504119.384894848,0.011747440841,0.009800030339,-0.023536866262,0.697696849,-0.716392158,0.000813933,-0.000848499
1790504119.418234110,0.011746101971,0.009799867444,-0.023534869195,0.697704907,-0.716384307,0.000831940,-0.000833840
1790504119.451573849,0.011747172632,0.009798227867,-0.023533522388,0.697707889,-0.716381414,0.000822965,-0.000833159
1790504119.484913111,0.011746033605,0.009795532290,-0.023534385592,0.697712451,-0.716376948,0.000846792,-0.000828757
1790504119.518251657,0.011743980232,0.009793226486,-0.023535510532,0.697704710,-0.716384493,0.000861880,-0.000808501
1790504119.551591396,0.011746176966,0.009793219240,-0.023533988955,0.697723794,-0.716365907,0.000856976,-0.000812680
1790504119.584930658,0.011748905921,0.009791136354,-0.023531074726,0.697720778,-0.716368839,0.000865804,-0.000808778
1790504119.618270159,0.011749524003,0.009787492792,-0.023528486903,0.697711348,-0.716378020,0.000876042,-0.000800552
1790504119.651608944,0.011750444464,0.009788401283,-0.023525768245,0.697722842,-0.716366824,0.000882108,-0.000794803
1790504119.684948444,0.011750140746,0.009794106521,-0.023524393568,0.697727332,-0.716362444,0.000886583,-0.000796088
1790504119.718288183,0.011746191815,0.009802478196,-0.023522834215,0.697737536,-0.716352503,0.000899529,-0.000783132
1790504119.751626730,0.011741713275,0.009810268691,-0.023519804476,0.697748756,-0.716341572,0.000903249,-0.000780400
1790504119.784960270,0.011739149592,0.009813855630,-0.023518212382,0.697747536,-0.716342763,0.000903505,-0.000778128
1790504119.818293571,0.011740439213,0.009812332989,-0.023518082469,0.697750313,-0.716340054,0.000919763,-0.000762558
1790504119.851626873,0.011748255890,0.009806950599,-0.023515457896,0.697734919,-0.716355059,0.000902526,-0.000772728
1790504119.884959221,0.011756561142,0.009800135210,-0.023512710536,0.697729595,-0.716360243,0.000893088,-0.000785394
1790504119.918292522,0.011761696359,0.009792889877,-0.023512626384,0.697705859,-0.716383355,0.000901459,-0.000781412
1790504119.951625824,0.011766090138,0.009787492909,-0.023514193475,0.697702784,-0.716386367,0.000877793,-0.000792554
1790504119.984958887,0.011767429938,0.009783546247,-0.023518845612,0.697691820,-0.716397026,0.000888057,-0.000797238
1790504120.018290997,0.011767513498,0.009780921365,-0.023521751738,0.697679234,-0.716409297,0.000878398,-0.000796467
1790504120.051624298,0.011768832187,0.009780076426,-0.023520730087,0.697670340,-0.716417952,0.000875251,-0.000804761
1790504120.084957600,0.011773085232,0.009780279113,-0.023517919277,0.697656291,-0.716431641,0.000863347,-0.000811455
1790504120.118289471,0.011778139767,0.009779991110,-0.023514075851,0.697649272,-0.716438472,0.000856179,-0.000822375
1790504120.151622534,0.011779079558,0.009779430604,-0.023512146823,0.697629716,-0.716457517,0.000846862,-0.000829653
1790504120.184955835,0.011777745978,0.009779866840,-0.023515739675,0.697630704,-0.716456538,0.000854005,-0.000837786
1790504120.218288898,0.011781893171,0.009778315277,-0.023517283184,0.697612621,-0.716474127,0.000854957,-0.000851526
1790504120.251620770,0.011790947722,0.009774692419,-0.023511804805,0.697601160,-0.716485328,0.000824448,-0.000846021
1790504120.284953833,0.011799730462,0.009771960764,-0.023502309989,0.697594052,-0.716492251,0.000810136,-0.000858475
1790504120.318286896,0.011801403427,0.009772305812,-0.023498195826,0.697579984,-0.716505955,0.000795441,-0.000866075
1790504120.351619005,0.011791618656,0.009775885746,-0.023502694196,0.697579601,-0.716506327,0.000798958,-0.000863857
1790504120.384951591,0.011777779292,0.009779134869,-0.023510520899,0.697571499,-0.716514208,0.000801321,-0.000866878
1790504120.418284655,0.011769213667,0.009781777759,-0.023515400499,0.697560368,-0.716525032,0.000808080,-0.000871119
1790504120.451617479,0.011769119089,0.009784712944,-0.023516534938,0.697555162,-0.716530100,0.000791210,-0.000886452
1790504120.484949350,0.011772388814,0.009785407556,-0.023517678683,0.697553709,-0.716531525,0.000783290,-0.000885313
1790504120.518282175,0.011774205491,0.009781341722,-0.023518128880,0.697534982,-0.716549759,0.000773525,-0.000891233
1790504120.551615000,0.011772972213,0.009776815151,-0.023518294178,0.697524468,-0.716559980,0.000774916,-0.000900536
1790504120.584948063,0.011777295588,0.009774728702,-0.023525095467,0.697520343,-0.716564012,0.000763505,-0.000896871
1790504120.618279457,0.011786768868,0.009770660555,-0.023539700046,0.697521518,-0.716562893,0.000741348,-0.000896007
1790504120.651612282,0.011774645989,0.009753179073,-0.023547589463,0.697513333,-0.716570850,0.000740821,-0.000904639
1790504120.684945107,0.011725940988,0.009715279648,-0.023532984438,0.697503765,-0.716580170,0.000737416,-0.000901532
1790504120.718276739,0.011664545575,0.009662362488,-0.023496799606,0.697488199,-0.716595330,0.000721636,-0.000908320
1790504120.751609564,0.011605245153,0.009605250708,-0.023461796904,0.697480192,-0.716603113,0.000735849,-0.000904646
1790504120.784942150,0.011540525391,0.009547382641,-0.023435902258,0.697471109,-0.716611966,0.000707064,-0.000918099
1790504120.818274736,0.011473603673,0.009487615101,-0.023409039103,0.697463408,-0.716619448,0.000708993,-0.000926560
1790504120.851605892,0.011418738093,0.009429483873,-0.023393465624,0.697440757,-0.716641497,0.000696265,-0.000932878
1790504120.884938478,0.011380577173,0.009372952167,-0.023393617361,0.697447368,-0.716635051,0.000694750,-0.000943033
1790504120.918271065,0.011326146213,0.009305487195,-0.023377509357,0.697421113,-0.716660590,0.000685994,-0.000958797
1790504120.951603174,0.011233763515,0.009218525758,-0.023311644708,0.697414648,-0.716666850,0.000699343,-0.000972803
1790504120.984934568,0.011151012099,0.009129131542,-0.023206896235,0.697325855,-0.716753275,0.000664302,-0.000976327
1790504121.018266916,0.011114522278,0.009077575337,-0.023128163542,0.696886075,-0.717181093,0.000480874,-0.000920218
1790504121.051599026,0.011096411024,0.009086287279,-0.023120086726,0.697298442,-0.716779929,0.000591303,-0.001032214
1790504121.084930420,0.011053805630,0.009132084197,-0.023145879874,0.697330147,-0.716749018,0.000686723,-0.001019481
1790504121.118262768,0.010999301437,0.009206211083,-0.023185224211,0.696736770,-0.717326195,0.000444306,-0.000898010
1790504121.151594877,0.010988100498,0.009320386305,-0.023278770038,0.697317125,-0.716761650,0.000692254,-0.001041674
1790504121.184926987,0.011067098977,0.009442207903,-0.023351096038,0.697370139,-0.716710067,0.000685144,-0.001048393
1790504121.218258381,0.011167729181,0.009524837626,-0.023286069234,0.697353245,-0.716726431,0.000663466,-0.001111660
1790504121.251590252,0.011220460017,0.009588767832,-0.023160830773,0.696644197,-0.717416301,-0.000032398,-0.000844618
1790504121.284922361,0.011281660650,0.009695417845,-0.023170549080,0.697229600,-0.716846915,0.000468720,-0.001079278
1790504121.318254709,0.011364241210,0.009837473759,-0.023337920728,0.697497498,-0.716586213,0.000531939,-0.001075423
1790504121.351585388,0.011412479374,0.009925808359,-0.023480195629,0.697999435,-0.716098025,-0.000080354,-0.000633347
1790504121.384917498,0.011403212017,0.009886684879,-0.023467449039,0.697498912,-0.716584650,0.000593809,-0.001163629
1790504121.418249607,0.011364088159,0.009722627061,-0.023317239741,0.697402655,-0.716678181,0.000582339,-0.001258298
1790504121.451580524,0.011338154513,0.009491291340,-0.023125070729,0.696814664,-0.717250718,0.000160026,-0.000840071
1790504121.484912395,0.011313414321,0.009223364864,-0.022972881274,0.696247026,-0.717802222,-0.000219467,-0.000026547
1790504121.518244028,0.011210796204,0.008847908079,-0.022886702527,0.695353921,-0.718666243,0.000803155,0.001053944
1790504121.551576138,0.010916203340,0.008276217157,-0.022898748176,0.692903787,-0.721024198,0.002001153,0.002107863
1790504121.584907055,0.010315171256,0.007432971666,-0.023144448056,0.690426515,-0.723381097,0.004993633,0.002465627
1790504121.618238688,0.009346061168,0.006194097909,-0.023802547983,0.689442437,-0.724285290,0.008719137,0.001980395
1790504121.651570559,0.008014544095,0.004404405453,-0.025000546872,0.690711395,-0.723059202,0.010153352,-0.000262479
1790504121.684901237,0.006374050101,0.001928168319,-0.026773854694,0.693374664,-0.720492939,0.010251121,-0.004051533
1790504121.718232870,0.004505890919,-0.001305525524,-0.029068239589,0.697681587,-0.716302409,0.010434966,-0.006509522
1790504121.751564741,0.002518643454,-0.005272643620,-0.031792650181,0.702855653,-0.711209150,0.010934084,-0.007478176
1790504121.784898520,0.000523168568,-0.009883362771,-0.034858344758,0.707826672,-0.706224284,0.012669179,-0.008255554
1790504121.818231106,-0.001425350627,-0.015001759215,-0.038215457362,0.711964611,-0.702054422,0.012354003,-0.008565053
1790504121.851565123,-0.003320768097,-0.020470909194,-0.041873207837,0.716489214,-0.697426627,0.013107271,-0.008216177
1790504121.884898901,-0.005119557681,-0.026164647978,-0.045808920564,0.723136170,-0.690535977,0.013634431,-0.006946023
1790504121.918232679,-0.006694908285,-0.032050375319,-0.049871294730,0.727064682,-0.686451246,0.012240935,-0.003434295
1790504121.951565504,-0.007951857866,-0.038145402121,-0.053879446998,0.734539408,-0.678472586,0.011234901,0.000764848
1790504121.984899282,-0.008940303040,-0.044374516257,-0.057823426479,0.737282302,-0.675483081,0.008409184,0.008166960
1790504122.018232822,-0.009793834703,-0.050570744434,-0.061811832266,0.741900899,-0.670305673,0.005542664,0.015576927
1790504122.051565647,-0.010605593274,-0.056589994010,-0.065898940494,0.744623066,-0.667212345,0.009447291,0.016580853
1790504122.084899426,-0.011397817456,-0.062379583033,-0.069990315641,0.750140312,-0.660764868,0.009052272,0.024440903
1790504122.118232965,-0.012104239875,-0.067933965196,-0.073956712860,0.753013612,-0.657121826,0.009852936,0.032624008
1790504122.151566744,-0.012651451849,-0.073233677609,-0.077701467193,0.755943369,-0.653277188,0.008682320,0.041269306
1790504122.184899330,-0.013036446257,-0.078213595183,-0.081203891274,0.759898756,-0.648182438,0.006019830,0.048756224
1790504122.218232870,-0.013358664417,-0.082803188157,-0.084493659119,0.762343293,-0.644797547,0.004801278,0.055188528
1790504122.251566648,-0.013752091264,-0.086984600726,-0.087558812206,0.764683985,-0.641487480,0.005305853,0.061025112
1790504122.284900427,-0.014292250700,-0.090841629849,-0.090329641095,0.766131874,-0.639183064,0.006770669,0.066641734
1790504122.318233013,-0.015036683292,-0.094548031347,-0.092796704376,0.768582010,-0.635894702,0.008456993,0.069628306
1790504122.351566315,-0.016097355158,-0.098327371183,-0.095057272580,0.771248756,-0.632275935,0.010770826,0.072708233
1790504122.384900093,-0.017545260043,-0.102329976004,-0.097215581701,0.774997286,-0.627101304,0.013144390,0.077138748
1790504122.418232679,-0.019298387870,-0.106483070514,-0.099241543721,0.768182395,-0.633869076,0.020405813,0.087689255
1790504122.451566219,-0.021195157775,-0.110673464347,-0.100885782287,0.771952279,-0.628509097,0.027719880,0.091091173
1790504122.484899759,-0.023114580445,-0.114841736866,-0.101904028353,0.770164577,-0.629270387,0.035405667,0.098039499
1790504122.518233299,-0.025060236009,-0.118919240559,-0.102144609551,0.763578970,-0.635165496,0.045190947,0.107096817
1790504122.551565886,-0.027138840763,-0.122773627160,-0.101619955978,0.757900950,-0.639582699,0.058150622,0.114623846
1790504122.584899426,-0.029399393273,-0.126321359193,-0.100480418998,0.751395501,-0.644478022,0.072349217,0.121731144
1790504122.618232965,-0.031819819637,-0.129565751058,-0.098941560871,0.745172171,-0.649566395,0.084452234,0.125098976
1790504122.651566267,-0.034421849210,-0.132520572874,-0.097261152700,0.737801306,-0.654858001,0.098829944,0.130548354
1790504122.684898615,-0.037240344173,-0.135212315774,-0.095665023261,0.735206193,-0.654892656,0.112308126,0.134068443
1790504122.718232155,-0.040236502965,-0.137698761587,-0.094319914092,0.749276698,-0.639482708,0.119075602,0.124367589
1790504122.751565695,-0.043275020747,-0.140147249689,-0.093249418627,0.752059678,-0.634109329,0.127834587,0.126372141
1790504122.784903049,-0.046227937050,-0.142795155855,-0.092291255280,0.749638025,-0.636382760,0.131409889,0.125663261
1790504122.818241358,-0.049129956540,-0.145692925415,-0.091419202697,0.749449024,-0.636929728,0.131951445,0.123432162
1790504122.851580143,-0.052039802819,-0.148650583889,-0.090811915857,0.751646147,-0.634867268,0.131731602,0.120906603
1790504122.884918690,-0.054735865250,-0.151432000510,-0.090504301585,0.752373535,-0.633285748,0.134177814,0.121981713
1790504122.918256044,-0.056793791229,-0.153871273051,-0.090277256129,0.747832227,-0.637164138,0.136908151,0.126589810
1790504122.951594830,-0.057958994079,-0.155837444043,-0.089896466003,0.744034292,-0.641036738,0.135455912,0.130906721
1790504122.984933376,-0.058357951186,-0.157296520818,-0.089349862859,0.758105455,-0.630068859,0.121029194,0.116795919
1790504123.018270969,-0.058304569623,-0.158260892827,-0.088844173523,0.755717979,-0.634229330,0.113136872,0.117658585
1790504123.051609516,-0.058067220399,-0.158817625590,-0.088482174422,0.758070644,-0.632316713,0.112304563,0.113543644
1790504123.084948301,-0.057822407950,-0.159078952237,-0.088271149111,0.760444923,-0.630248167,0.111146345,0.110259956
1790504123.118287086,-0.057581767505,-0.159124139939,-0.088160044336,0.761459181,-0.629678995,0.108929119,0.108713965
1790504123.151624680,-0.057222627048,-0.158956118592,-0.088069733074,0.761607627,-0.630037817,0.105572164,0.108906796
1790504123.184963465,-0.056664325881,-0.158601346403,-0.087910837233,0.762370311,-0.629602494,0.102310089,0.109200978
1790504123.218302250,-0.055920918093,-0.158178092430,-0.087591069868,0.761651228,-0.630433637,0.100150940,0.111402986
1790504123.251641035,-0.054976096416,-0.157796937285,-0.087093563006,0.758860926,-0.632960649,0.099748297,0.116366615
1790504123.284979105,-0.053736766141,-0.157478428092,-0.086533171592,0.753663039,-0.638289657,0.099647458,0.121031904
1790504123.318317652,-0.052167370073,-0.157167156468,-0.086074871873,0.751302355,-0.640620802,0.097300265,0.125229458
1790504123.351656437,-0.050313413983,-0.156819750730,-0.085812701590,0.751144145,-0.640379284,0.094781893,0.129279693
1790504123.384994268,-0.048167016165,-0.156475651563,-0.085749651026,0.750401536,-0.640379650,0.093045776,0.134736492
1790504123.418333530,-0.045658111680,-0.156162685477,-0.085910208899,0.749984495,-0.639862418,0.090781298,0.140918768
1790504123.451672316,-0.042780290087,-0.155799969918,-0.086361218634,0.748758742,-0.640062812,0.088441747,0.147844514
1790504123.485011339,-0.039600761268,-0.155339862223,-0.087069838158,0.748464515,-0.638485037,0.088326598,0.156000447
1790504123.518349409,-0.036204271006,-0.154871387383,-0.087897597817,0.746471614,-0.636428972,0.094471460,0.169745208
1790504123.551688194,-0.032631502689,-0.154500592369,-0.088677892079,0.743611832,-0.635931947,0.100194396,0.180535551
1790504123.585027456,-0.028908392945,-0.154228570641,-0.089317068432,0.740882412,-0.636194662,0.103400655,0.188833014
1790504123.618366480,-0.025109193530,-0.153975080541,-0.089830552744,0.738051200,-0.636217085,0.106383489,0.197966664
1790504123.651704550,-0.021306298459,-0.153673697784,-0.090280229627,0.736281160,-0.635549061,0.107585586,0.205895083
1790504123.685043812,-0.017538485027,-0.153299966546,-0.090718247614,0.733873540,-0.634903946,0.110915939,0.214532656
1790504123.718382835,-0.013851956728,-0.152841134007,-0.091184429584,0.731868980,-0.634286536,0.112997327,0.221990969
1790504123.751720905,-0.010292217936,-0.152285631396,-0.091707894976,0.729635960,-0.633895306,0.115109952,0.229254893
1790504123.785056114,-0.006900736241,-0.151660557744,-0.092268780315,0.728746360,-0.631730529,0.117123449,0.236912177
1790504123.818391085,-0.003792035178,-0.151076043671,-0.092827237843,0.726689745,-0.630780419,0.118993454,0.244701116
1790504123.851726055,-0.001263711938,-0.150642488287,-0.093388086080,0.725127692,-0.630104679,0.120189117,0.250424639
1790504123.885060310,0.000438539125,-0.150378237264,-0.093979946703,0.723633094,-0.629227306,0.123330314,0.255377712
1790504123.918395281,0.001509786618,-0.150183090951,-0.094570924907,0.702550717,-0.628920401,0.144417526,0.300041992
1790504123.951730251,0.002392439743,-0.149942383291,-0.095023835052,0.698121628,-0.635997819,0.149255201,0.293011691
1790504123.985065222,0.003430458825,-0.149577930498,-0.095245292233,0.698527912,-0.630191631,0.150392938,0.303807882
1790504124.018399239,0.004748383553,-0.149061538279,-0.095327684278,0.699032356,-0.626560176,0.150424016,0.310078582
1790504124.051734209,0.006253044964,-0.148443139724,-0.095405371551,0.698972829,-0.624294599,0.152326257,0.313831085
1790504124.085069180,0.007816005563,-0.147818571992,-0.095519004260,0.698579022,-0.622873157,0.154664026,0.316378601
1790504124.118402958,0.009341556296,-0.147262658349,-0.095657560536,0.698175266,-0.621693982,0.158058974,0.317907614
1790504124.151737928,0.010783457446,-0.146800485061,-0.095835857796,0.696579387,-0.620306456,0.163706725,0.321243158
1790504124.185072899,0.012191767380,-0.146442053344,-0.096103459102,0.695349909,-0.618615624,0.168050134,0.324903626
1790504124.218407869,0.013564326157,-0.146176294966,-0.096542072611,0.696384117,-0.617760077,0.167388500,0.324657881
1790504124.251741886,0.014698335962,-0.145956767451,-0.097214983499,0.699982363,-0.616318344,0.165101365,0.320808246
1790504124.285076618,0.015335791845,-0.145763669613,-0.098134405370,0.703788574,-0.613363439,0.163761376,0.318824633
1790504124.318411589,0.015345596587,-0.145618329604,-0.099283528775,0.708676903,-0.609190772,0.162805207,0.316477669
1790504124.351745605,0.014739087617,-0.145563788138,-0.100590751362,0.713570107,-0.605103657,0.163627468,0.312879080
1790504124.385080338,0.013608752154,-0.145642209232,-0.101921464558,0.717393179,-0.601105585,0.166128119,0.310516588
1790504124.418415308,0.012067317494,-0.145864028968,-0.103135538078,0.721735341,-0.596937088,0.169421563,0.306692916
1790504124.451750040,0.010257126210,-0.146221734311,-0.104134486664,0.726216947,-0.593521986,0.171814154,0.301364387
1790504124.485084057,0.008286800151,-0.146680289921,-0.104877421782,0.730051107,-0.592608445,0.171461258,0.294009606
1790504124.518418789,0.006119434664,-0.147136280032,-0.105373631750,0.734046412,-0.592284471,0.169282842,0.285864110
1790504124.551753521,0.003655844810,-0.147463074947,-0.105678510874,0.738172254,-0.591707860,0.166919528,0.277707405
1790504124.585088491,0.000883113212,-0.147606776610,-0.105831454282,0.741940873,-0.592805130,0.162940585,0.267499878
1790504124.618422031,-0.002176435200,-0.147585453545,-0.105807474861,0.746145446,-0.594310098,0.157573464,0.255407681
1790504124.651756763,-0.005513815227,-0.147436425859,-0.105574606958,0.748585450,-0.597052100,0.152653744,0.244633294
1790504124.685091496,-0.009066416048,-0.147187678903,-0.105139247669,0.750364989,-0.600257309,0.147876637,0.234042830
1790504124.718425274,-0.012690760379,-0.146854809270,-0.104552430029,0.752536953,-0.602695339,0.143225884,0.223456506
1790504124.751760006,-0.016245176892,-0.146488665997,-0.103884480475,0.754550185,-0.604621261,0.139562238,0.213563879
1790504124.785094738,-0.019615746022,-0.146197346625,-0.103171864964,0.755469409,-0.605743847,0.138866662,0.207500396
1790504124.818429470,-0.022636109136,-0.146082615829,-0.102402400307,0.755811083,-0.606929072,0.138919865,0.202701698
1790504124.851763010,-0.025131650846,-0.146158806849,-0.101542267292,0.755416936,-0.608867868,0.137984780,0.198960731
1790504124.885097742,-0.027045897829,-0.146338825898,-0.100599107658,0.754300812,-0.611171396,0.136815811,0.196929541
1790504124.918432474,-0.028432061852,-0.146508005157,-0.099658155305,0.752886190,-0.612299302,0.137669172,0.198240130
1790504124.951766729,-0.029345912496,-0.146591429859,-0.098839097134,0.751333604,-0.613562559,0.138423879,0.199693843
1790504124.985100508,-0.029818629440,-0.146545016687,-0.098219821116,0.749787971,-0.614011548,0.140587573,0.202590604
1790504125.018435001,-0.029894880781,-0.146332723540,-0.097825872360,0.748019478,-0.613704518,0.144345630,0.207359505
1790504125.051769733,-0.029618946750,-0.145948767847,-0.097627146583,0.745357304,-0.612586516,0.150306266,0.215843173
1790504125.085103273,-0.028948499511,-0.145440250991,-0.097533375681,0.741701389,-0.611014325,0.158492444,0.226761303
1790504125.118437767,-0.027754768308,-0.144884753114,-0.097448244465,0.738651446,-0.610433161,0.163991102,0.234248406
1790504125.151772261,-0.025946000609,-0.144335934327,-0.097344730880,0.736351375,-0.610593515,0.165550421,0.239906794
1790504125.185106754,-0.023574898798,-0.143783156408,-0.097277240484,0.734065194,-0.611250758,0.165732439,0.245058281
1790504125.218440294,-0.020740813958,-0.143190729967,-0.097275993730,0.731284967,-0.612039321,0.166206587,0.251009037
1790504125.251774549,-0.017473213181,-0.142553116502,-0.097276380394,0.728508777,-0.611913447,0.167568980,0.258374789
1790504125.285109043,-0.013775586233,-0.141899477491,-0.097148949355,0.724665875,-0.613596176,0.167940628,0.264867982
1790504125.318443537,-0.009688089557,-0.141296855508,-0.096739820975,0.716719404,-0.616657391,0.173110689,0.275825393
1790504125.351777077,-0.005274401409,-0.140787105185,-0.096021092840,0.708365603,-0.620608846,0.177218762,0.285755741
1790504125.385111570,-0.000698335489,-0.140295348466,-0.095173226905,0.706245282,-0.619652485,0.177178960,0.293011972
1790504125.418445826,0.003791487015,-0.139689834221,-0.094426743118,0.704621133,-0.617883922,0.176694025,0.300845042
1790504125.451779366,0.008080857340,-0.138884157573,-0.093864137719,0.702111158,-0.617610344,0.176043784,0.307580836
1790504125.485113859,0.012339058806,-0.137881434602,-0.093385442207,0.698366376,-0.617857561,0.176818463,0.315074071
1790504125.518448114,0.016858244159,-0.136740014665,-0.092792333453,0.695458419,-0.617686855,0.178416888,0.320886194
1790504125.551782370,0.021827613890,-0.135514939499,-0.091882318587,0.692204969,-0.617475214,0.180915334,0.326873497
1790504125.585115671,0.027152628033,-0.134237077206,-0.090536010012,0.682397909,-0.626535097,0.182332098,0.329456936
1790504125.618449926,0.032616340359,-0.132920471138,-0.088766450318,0.680857230,-0.625197242,0.184084041,0.334177956
1790504125.651784182,0.037995805760,-0.131598081954,-0.086758539520,0.674400661,-0.629626607,0.184976763,0.338434160
1790504125.685117722,0.043149700019,-0.130405547295,-0.084741391158,0.668721924,-0.632718489,0.187089975,0.342747201
1790504125.718451977,0.047984262820,-0.129448997333,-0.082991520082,0.661832145,-0.635798740,0.191765025,0.347799294
1790504125.751786232,0.052540015329,-0.128679332870,-0.081757310557,0.657292434,-0.636892746,0.194969630,0.352592016
1790504125.785120487,0.056912847683,-0.128002844090,-0.081109640368,0.657037895,-0.635907114,0.192713889,0.356068398
1790504125.818453789,0.061082830022,-0.127434024666,-0.080873232056,0.657724003,-0.634054575,0.189745223,0.359681361
1790504125.851788282,0.064909135940,-0.127059555875,-0.080793973840,0.656349204,-0.632652319,0.190218764,0.364381102
1790504125.885122776,0.068300850721,-0.126928527739,-0.080741343093,0.654550228,-0.631336152,0.193001184,0.368414448
1790504125.918457031,0.071311950979,-0.127011257965,-0.080710330708,0.652072997,-0.630568445,0.196650385,0.372173171
1790504125.951790571,0.074021848457,-0.127245349515,-0.080718839814,0.651328646,-0.630172619,0.198763584,0.373023463
1790504125.985125065,0.076453842305,-0.127568840638,-0.080769963242,0.649402511,-0.630481019,0.199885273,0.375254501
1790504126.018459320,0.078622756752,-0.127907008586,-0.080866867138,0.648083366,-0.630083569,0.201660136,0.377247711
1790504126.051792622,0.080597798133,-0.128199413441,-0.080991178314,0.647082040,-0.629368097,0.203947093,0.378927717
1790504126.085126877,0.082547677468,-0.128462552225,-0.081091002468,0.648228711,-0.626585977,0.205294984,0.380845797
1790504126.118461370,0.084724814700,-0.128757748513,-0.081099525088,0.647327558,-0.626657120,0.204877414,0.382482850
1790504126.151795864,0.087361982459,-0.129120947986,-0.080953652375,0.648159150,-0.623842730,0.205159788,0.385511901
1790504126.185129166,0.090523129837,-0.129524237792,-0.080659165877,0.646469296,-0.622641548,0.206351726,0.389633054
1790504126.218463659,0.094172932659,-0.129909618292,-0.080277078795,0.644806083,-0.623688736,0.205603537,0.391106969
1790504126.251797915,0.098344851976,-0.130227741010,-0.079887978693,0.641601258,-0.623409048,0.208035824,0.395512427
1790504126.285132408,0.103139948697,-0.130430334004,-0.079605835804,0.637538256,-0.623660200,0.209760066,0.400741366
1790504126.318465471,0.108613160692,-0.130463905254,-0.079529115606,0.634416243,-0.622857331,0.210340941,0.406597422
1790504126.351799965,0.114774642563,-0.130318354286,-0.079604601641,0.631327959,-0.621927512,0.209320198,0.413299206
1790504126.385134459,0.121583048430,-0.130029832692,-0.079658956239,0.627287460,-0.622161089,0.206527339,0.420443194
1790504126.418467760,0.128843827434,-0.129607284005,-0.079593303728,0.622717374,-0.622518528,0.205518774,0.427148438
1790504126.451802015,0.136315944726,-0.129018364992,-0.079406651666,0.619367483,-0.624320221,0.201681839,0.431199047
1790504126.485136509,0.143878613928,-0.128252743629,-0.079094256520,0.615016427,-0.624150149,0.201653798,0.437638130
1790504126.518470764,0.151447806240,-0.127362364006,-0.078666273471,0.611107602,-0.623775146,0.201655389,0.443606999
1790504126.551804304,0.158912436184,-0.126444788577,-0.078183157759,0.606335858,-0.622223501,0.204283658,0.451068652
1790504126.585138321,0.166201083797,-0.125577129067,-0.077701009846,0.601746167,-0.621947601,0.203057083,0.458094481
1790504126.618472815,0.173345840904,-0.124764572999,-0.077253061588,0.597344155,-0.621759717,0.203856547,0.463721169
1790504126.651807070,0.180370088918,-0.123963755077,-0.076879833185,0.593027357,-0.621208059,0.204827436,0.469536817
1790504126.685140610,0.187234158341,-0.123140010575,-0.076628588847,0.587406211,-0.624311088,0.204915415,0.472439712
1790504126.718474865,0.193907425932,-0.122310067835,-0.076488931469,0.581891070,-0.623399130,0.208651014,0.478791251
1790504126.751809120,0.200397425629,-0.121468570300,-0.076408937452,0.577002867,-0.623684423,0.207039943,0.484994735
1790504126.785146713,0.206713736899,-0.120568378534,-0.076361856024,0.573470215,-0.623894466,0.205559420,0.489523168
1790504126.818485260,0.212773383984,-0.119623017817,-0.076376516143,0.570470239,-0.623744501,0.204644166,0.493586132
1790504126.851824045,0.218473962971,-0.118699382552,-0.076496982079,0.566177367,-0.623135966,0.205403298,0.498953146
1790504126.885162592,0.223778825932,-0.117818279552,-0.076738926687,0.562945076,-0.623077812,0.205077591,0.502802211
1790504126.918500185,0.228712594830,-0.117004014948,-0.077045185664,0.560632924,-0.622691517,0.204859193,0.505943386
1790504126.951838970,0.233348942682,-0.116332837417,-0.077315895339,0.557593240,-0.622293052,0.204614187,0.509876623
1790504126.985177517,0.237758586342,-0.115844556698,-0.077506964086,0.553966927,-0.622375160,0.204241020,0.513863220
1790504127.018515348,0.241994595053,-0.115478910622,-0.077623279577,0.551252362,-0.622732316,0.204152707,0.516378706
1790504127.051853895,0.246114464488,-0.115108580663,-0.077660267955,0.549344402,-0.622864924,0.203810216,0.518383459
1790504127.085192919,0.250191046109,-0.114588940202,-0.077609986015,0.547625065,-0.622521335,0.203188813,0.520853417
1790504127.118531704,0.254312550693,-0.113813385322,-0.077501894412,0.546106180,-0.622340741,0.202901281,0.522772524
1790504127.151869535,0.258526554834,-0.112772812628,-0.077411403267,0.544090936,-0.621713707,0.204566656,0.524966287
1790504127.185208559,0.262778965817,-0.111507460398,-0.077440581597,0.541333854,-0.620700505,0.204520372,0.529017919
1790504127.218547344,0.267009988318,-0.110086760197,-0.077616506367,0.540306856,-0.619828448,0.203255917,0.531571471
1790504127.251886368,0.271253689149,-0.108598512339,-0.077845823579,0.537429514,-0.619426407,0.203196229,0.534968911
1790504127.285224438,0.275577142205,-0.107071492365,-0.078009924496,0.534667700,-0.619673910,0.202199265,0.537819814
1790504127.318563223,0.280010462552,-0.105435546655,-0.078035229867,0.531817027,-0.620235524,0.201137896,0.540390684
1790504127.351902246,0.284549839916,-0.103609674016,-0.077926536263,0.528841440,-0.620951059,0.199934736,0.542929659
1790504127.385240555,0.289171957018,-0.101587980956,-0.077723584266,0.525601369,-0.621810580,0.197777035,0.545874572
1790504127.418579578,0.293853893250,-0.099426388054,-0.077408779431,0.523546443,-0.622459327,0.195132364,0.548057359
1790504127.451918602,0.298584778560,-0.097214342521,-0.076906528771,0.520819256,-0.623455322,0.192939888,0.550295342
1790504127.485257864,0.303333835670,-0.095036126326,-0.076180256535,0.517561727,-0.624620075,0.191823087,0.552434181
1790504127.518595934,0.308087157687,-0.092911427497,-0.075247096159,0.514043930,-0.625909420,0.191457107,0.554382911
1790504127.551935196,0.312863678336,-0.090790969085,-0.074166286790,0.510785206,-0.627771565,0.190418911,0.555645548
1790504127.585274458,0.317635929378,-0.088609376311,-0.073042466465,0.507984501,-0.629488654,0.189234744,0.556674045
1790504127.618613720,0.322395781152,-0.086308672374,-0.071979499845,0.504409639,-0.631284681,0.189057312,0.557949730
1790504127.651952267,0.327224253112,-0.083807187084,-0.071080862034,0.500469553,-0.633190736,0.187977758,0.559699992
1790504127.685291529,0.332184826163,-0.081001753567,-0.070446819069,0.497173091,-0.634147626,0.184529702,0.562693962
1790504127.718630791,0.337284931399,-0.077859551092,-0.070053350211,0.495722253,-0.633993203,0.178904079,0.565955296
1790504127.751969337,0.342490557699,-0.074499997431,-0.069732455735,0.494041168,-0.634767070,0.172662779,0.568490682
1790504127.785304070,0.347680592833,-0.071141560382,-0.069356081908,0.490377620,-0.636444681,0.167773952,0.571244132
1790504127.818638563,0.352700673459,-0.067979161287,-0.068941708063,0.485793380,-0.637664526,0.165749540,0.574383003
1790504127.851973534,0.357447058169,-0.065141210793,-0.068557341185,0.482686038,-0.638623685,0.163016004,0.576714627
1790504127.885307312,0.361912890162,-0.062705610902,-0.068193958804,0.483112320,-0.636649020,0.168165238,0.577062358
1790504127.918642044,0.366185450427,-0.060664331991,-0.067822685449,0.478534219,-0.637960484,0.168863755,0.579220558
1790504127.951976776,0.370422225375,-0.058878472452,-0.067466690661,0.475827775,-0.639333938,0.167430037,0.580350952
1790504127.985311747,0.374722800441,-0.057191173575,-0.067100164201,0.474014489,-0.640564815,0.164916598,0.581196608
1790504128.018645525,0.379080279052,-0.055560854999,-0.066640277446,0.470831845,-0.642477612,0.162629769,0.582315593
1790504128.051980257,0.383369963166,-0.054006333269,-0.066064901870,0.466685013,-0.644273637,0.160770262,0.584182765
1790504128.085314989,0.387460271068,-0.052531570488,-0.065408205911,0.462996614,-0.645920666,0.157404984,0.586211822
1790504128.118648767,0.391277894399,-0.051154351346,-0.064668405714,0.460080534,-0.647664305,0.154158108,0.587445425
1790504128.151983500,0.394798224736,-0.049873893776,-0.063788000566,0.456672477,-0.649502855,0.152186542,0.588587756
1790504128.185317755,0.398022944224,-0.048619708635,-0.062709233170,0.453913297,-0.651550125,0.150434098,0.588909786
1790504128.218652487,0.400976128874,-0.047286421421,-0.061414514855,0.451534688,-0.653591995,0.149512608,0.588710379
1790504128.251986265,0.403735585355,-0.045780798044,-0.059952240153,0.447901656,-0.655211256,0.147741634,0.590131109
1790504128.285320997,0.406316461541,-0.044073650774,-0.058442193157,0.444987873,-0.656996922,0.144593592,0.591129031
1790504128.318655729,0.408645091123,-0.042216745405,-0.056968978750,0.443344694,-0.658444818,0.141162075,0.591581924
1790504128.351989269,0.410690372918,-0.040294430588,-0.055497681188,0.441708648,-0.660247951,0.137741290,0.591602442
1790504128.385324001,0.412484531802,-0.038372418362,-0.053930380279,0.438430566,-0.663059479,0.136198088,0.591253623
1790504128.418658495,0.414072397835,-0.036447424797,-0.052228402187,0.434477527,-0.666722899,0.135992766,0.590098146
1790504128.451993227,0.415488339084,-0.034478116674,-0.050472166312,0.431541663,-0.669853869,0.134294571,0.589094692
1790504128.485326767,0.416734915413,-0.032515774651,-0.048751525237,0.428993356,-0.671360791,0.132754752,0.589589318
1790504128.518661261,0.417781409643,-0.030711107130,-0.047078460100,0.425607001,-0.674088798,0.131400581,0.589234130
1790504128.551995754,0.418614363712,-0.029150178039,-0.045466300498,0.422887410,-0.675610855,0.131412848,0.589446244
1790504128.585330486,0.419261957606,-0.027822805105,-0.043957980424,0.421367950,-0.677036092,0.130149692,0.589179293
1790504128.618664026,0.419764297830,-0.026704817989,-0.042573674004,0.418991907,-0.678435650,0.129933340,0.589311613
1790504128.651998520,0.420122209556,-0.025775815231,-0.041352257205,0.417661574,-0.679365505,0.129786625,0.589217068
1790504128.685333014,0.420333546671,-0.025021860693,-0.040354375505,0.416111794,-0.680034007,0.129576814,0.589588478
1790504128.718666553,0.420403034396,-0.024444483853,-0.039609991591,0.415705220,-0.680401914,0.128755055,0.589630851
1790504128.752001286,0.420337293394,-0.024026272201,-0.039103762968,0.416186972,-0.679906324,0.128804642,0.589851812
1790504128.785337210,0.420177047595,-0.023705711734,-0.038806432743,0.415182997,-0.680169548,0.128139384,0.590400511
1790504128.818673372,0.419935208450,-0.023433040430,-0.038716761421,0.415012729,-0.680168361,0.127084474,0.590749500
1790504128.852008581,0.419655939359,-0.023194083724,-0.038800029429,0.414728683,-0.679684055,0.126938485,0.591537257
1790504128.885344744,0.419504173165,-0.022978496600,-0.038957007385,0.413561521,-0.679733331,0.125517168,0.592600125
1790504128.918680668,0.419575229942,-0.022787127353,-0.039124275035,0.413081897,-0.679962679,0.123296942,0.593137391
1790504128.952016830,0.419853703536,-0.022636265904,-0.039269354787,0.412702213,-0.680272104,0.121671565,0.593382489
1790504128.985352039,0.420323554491,-0.022495415994,-0.039356086830,0.410800625,-0.681620145,0.119906275,0.593514372
1790504129.018688202,0.420927595152,-0.022254841392,-0.039374963817,0.410036180,-0.682228623,0.118325800,0.593661050
1790504129.052024364,0.421575818809,-0.021758549320,-0.039280924570,0.408776250,-0.683147006,0.116780379,0.593779832
1790504129.085359573,0.422163911190,-0.020872923006,-0.039016002199,0.406161539,-0.684210794,0.115711420,0.594558037
1790504129.118695736,0.422606851090,-0.019608080155,-0.038570583950,0.404437149,-0.685396205,0.114326198,0.594636154
1790504129.152031898,0.422897336329,-0.018173226147,-0.037974625439,0.410720064,-0.681513355,0.120180706,0.593637241
1790504129.185368061,0.423025158326,-0.016807683631,-0.037291428564,0.407475500,-0.684820706,0.117021819,0.592697402
1790504129.218703270,0.423060661637,-0.015689729167,-0.036529458370,0.408175511,-0.684749664,0.115393322,0.592617103
1790504129.252039433,0.423010061848,-0.014881504753,-0.035661582120,0.407440736,-0.686292874,0.111902470,0.592006735
1790504129.285375834,0.422891535985,-0.014364057362,-0.034671567520,0.406580453,-0.687893326,0.108801667,0.591318277
1790504129.318711996,0.422830699318,-0.014066459862,-0.033576450987,0.404778342,-0.690832466,0.103785097,0.590028517
1790504129.352047205,0.422922137589,-0.013918229764,-0.032446633727,0.402478142,-0.691035521,0.105369921,0.591082426
1790504129.385383368,0.423150986305,-0.013885066229,-0.031357835154,0.398523726,-0.694919402,0.100211238,0.590104713
1790504129.418719769,0.423394893179,-0.013953571621,-0.030355465352,0.395140636,-0.697378974,0.098348031,0.589791581
1790504129.452054977,0.423510134738,-0.014035841511,-0.029394319219,0.392127331,-0.698660767,0.097837729,0.590370280
1790504129.485391140,0.423622651194,-0.013875528916,-0.028375693189,0.386647498,-0.700986727,0.098613171,0.591097931
1790504129.518727541,0.424004389434,-0.013215413195,-0.027333313392,0.383042802,-0.702459839,0.095690788,0.592175362
1790504129.552063704,0.424743375840,-0.012004310400,-0.026390198528,0.379031229,-0.703511554,0.089727840,0.594437327
1790504129.585398912,0.425672701019,-0.010424207112,-0.025587731156,0.376869518,-0.704405724,0.080736189,0.596039940
1790504129.618735313,0.426509309598,-0.008776384619,-0.024929120514,0.374009525,-0.704736195,0.076840631,0.597962615
1790504129.652071476,0.427153583182,-0.007259931390,-0.024390788252,0.370573673,-0.708156472,0.066292469,0.597323089
1790504129.685406685,0.427728412151,-0.005923599456,-0.023936567820,0.367406163,-0.710105749,0.061748509,0.597452641
1790504129.718743086,0.428259094938,-0.004786682404,-0.023563819034,0.366277545,-0.709737253,0.061499458,0.598608059
1790504129.752079487,0.428736950704,-0.003833622507,-0.023303021167,0.363729954,-0.710688450,0.060806844,0.599103476
1790504129.785412312,0.429206201474,-0.003035887345,-0.023190625472,0.363016538,-0.710539399,0.059595732,0.599834231
1790504129.818743944,0.429652090451,-0.002445568488,-0.023261391659,0.361295840,-0.710652802,0.059860279,0.600711792
1790504129.852076769,0.430036762185,-0.002115096349,-0.023505042060,0.361540183,-0.710021689,0.060528361,0.601243890
1790504129.885409355,0.430389115371,-0.001975981797,-0.023883141529,0.362223265,-0.709701649,0.060796863,0.601183514
1790504129.918741941,0.430748179324,-0.001910367566,-0.024353473709,0.363174426,-0.709174358,0.059880548,0.601323861
1790504129.952073812,0.431105629200,-0.001884317246,-0.024843390712,0.363860709,-0.708581429,0.058859863,0.601708617
1790504129.985406160,0.431390579413,-0.001983402748,-0.025315500934,0.364450424,-0.708286937,0.058473368,0.601736129
1790504130.018738747,0.431491551284,-0.002323161332,-0.025837801663,0.364313105,-0.707583081,0.059736843,0.602522742
1790504130.052070379,0.431300698202,-0.002961830661,-0.026520539527,0.364424585,-0.707066658,0.061006266,0.602934241
1790504130.085402727,0.430752050727,-0.003888543291,-0.027478760476,0.365310399,-0.706198454,0.062685563,0.603243381
1790504130.118735313,0.429857540962,-0.005051286299,-0.028872276259,0.365015357,-0.705137590,0.065963930,0.604312442
1790504130.152067900,0.428718364420,-0.006385485309,-0.030940096817,0.365563271,-0.703119933,0.069721029,0.605908271
1790504130.185399055,0.427459657187,-0.007865556101,-0.033906178544,0.364190718,-0.700312742,0.076858086,0.609114126
1790504130.218731642,0.426151360239,-0.009575185332,-0.037724316568,0.371370893,-0.695733751,0.077258096,0.609974913
1790504130.252063990,0.424876636624,-0.011623414930,-0.042035703071,0.377620721,-0.691840930,0.078935675,0.610350619
1790504130.285396576,0.423724753884,-0.014019674100,-0.046456416923,0.379617601,-0.687231298,0.088013646,0.613071952
1790504130.318727732,0.422708105343,-0.016645023691,-0.050880106313,0.381601588,-0.684022359,0.093412003,0.614628211
1790504130.352060080,0.421861394517,-0.019308728982,-0.055419216560,0.383686439,-0.679654120,0.101093300,0.616956350
1790504130.385392427,0.421263106386,-0.021859559637,-0.060140314440,0.388098534,-0.674252639,0.108082782,0.618935391
1790504130.418723583,0.420994173110,-0.024219785728,-0.065001040792,0.391141751,-0.669301627,0.112537049,0.621593819
1790504130.452055693,0.421150808242,-0.026358495941,-0.069897636231,0.390864617,-0.665657233,0.115556104,0.625117658
1790504130.485388041,0.421759835291,-0.028316034561,-0.074730099353,0.389705936,-0.662764982,0.118571099,0.628341274
1790504130.518720150,0.422692491106,-0.030220146564,-0.079450228976,0.392981927,-0.657674017,0.120978297,0.631184874
1790504130.552051306,0.423786462339,-0.032207573985,-0.084010820944,0.392288095,-0.654220783,0.126482823,0.634119320
1790504130.585383415,0.424955607500,-0.034362878575,-0.088377774867,0.390774928,-0.651252962,0.130984741,0.637187204
1790504130.618715286,0.426149172398,-0.036676072065,-0.092650508166,0.388513987,-0.650026099,0.135536990,0.638868278
1790504130.652047396,0.427316041412,-0.039099620996,-0.096937803981,0.388586468,-0.644242197,0.144087767,0.642799552
1790504130.685378313,0.428425779471,-0.041625512423,-0.101230654605,0.390203126,-0.637540393,0.152151296,0.646632624
1790504130.718710423,0.429552324372,-0.044280669615,-0.105410236026,0.389552521,-0.633986419,0.159200770,0.648818286
1790504130.752042532,0.430855340352,-0.047084422992,-0.109343251120,0.388064879,-0.630866137,0.164994798,0.651298921
1790504130.785377741,0.432428846952,-0.050043380703,-0.112968601159,0.386892314,-0.627260238,0.173251080,0.653332223
1790504130.818713903,0.434290147767,-0.053128097954,-0.116249346353,0.387479324,-0.625623093,0.178081370,0.653255345
1790504130.852050304,0.436507465084,-0.056200762501,-0.119185401571,0.386533774,-0.622266509,0.187842064,0.654286934
1790504130.885386467,0.439164315516,-0.059019426210,-0.121857970648,0.378546117,-0.629329792,0.185561400,0.652850532
1790504130.918721676,0.442264339618,-0.061333254346,-0.124379323781,0.385454655,-0.622322137,0.189534325,0.654382615
1790504130.952057838,0.445623675054,-0.062996840249,-0.126799331232,0.384521824,-0.622977704,0.184770280,0.655668888
1790504130.985394001,0.449128139336,-0.064030581671,-0.129050717378,0.383919046,-0.621785657,0.182588937,0.657761387
1790504131.018729210,0.452784103874,-0.064518039521,-0.131057446010,0.384354859,-0.620402226,0.181945628,0.658990295
1790504131.052065372,0.456635536312,-0.064543806090,-0.132818032463,0.383835808,-0.619329498,0.181103802,0.660531951
1790504131.085401535,0.460684883512,-0.064231963004,-0.134385486087,0.382815698,-0.618071750,0.180376549,0.662498116
1790504131.118737698,0.464941441773,-0.063724828354,-0.135780386158,0.382412936,-0.617163346,0.180388230,0.663573535
1790504131.152072906,0.469438547435,-0.063129138499,-0.136973188263,0.381201265,-0.617122882,0.179941155,0.664429173
1790504131.185409069,0.474131084860,-0.062511070071,-0.137955371837,0.378931344,-0.617897155,0.180127596,0.664957286
1790504131.218745470,0.478897282574,-0.061866928314,-0.138751109275,0.377323448,-0.618722800,0.180836683,0.664911427
1790504131.252081633,0.483624518590,-0.061068378690,-0.139432442445,0.375453171,-0.619259486,0.181662832,0.665245234
1790504131.285416842,0.488186641572,-0.059918592516,-0.140166397955,0.372727917,-0.620155051,0.180529487,0.666251241
1790504131.318753004,0.492466952227,-0.058309545270,-0.141128838259,0.371300791,-0.619507998,0.178887949,0.668090312
1790504131.352089167,0.496455488591,-0.056332431638,-0.142360540031,0.370359815,-0.618397485,0.175937278,0.670420937
1790504131.385424376,0.500263740842,-0.054200328432,-0.143756068664,0.370200906,-0.616609886,0.171892409,0.673198735
1790504131.418760538,0.504095639347,-0.052108570658,-0.145127118497,0.370585035,-0.615627267,0.168210766,0.674814743
1790504131.452096462,0.508108636481,-0.050168312289,-0.146298842173,0.369728260,-0.614960529,0.165756378,0.676497882
1790504131.485432625,0.512340730294,-0.048369372658,-0.147202906751,0.366987321,-0.615195383,0.165377029,0.677868265
1790504131.518767834,0.516754274171,-0.046575160790,-0.147863197130,0.364376449,-0.616226804,0.163767424,0.678730109
1790504131.552103996,0.521195067381,-0.044627266152,-0.148288790953,0.362488250,-0.617341852,0.160693488,0.679462221
1790504131.585439920,0.525482233512,-0.042414617910,-0.148420304134,0.360289497,-0.618198470,0.158840046,0.680288151
1790504131.618776083,0.529569137091,-0.039871725767,-0.148214736309,0.356843658,-0.619177937,0.156311727,0.681797573
1790504131.652111292,0.533475734467,-0.037006572605,-0.147694243059,0.361073330,-0.614531531,0.160659045,0.682763297
1790504131.685447216,0.537166378051,-0.033897351699,-0.146885738789,0.359550219,-0.615441624,0.158456241,0.683261931
1790504131.718783379,0.540631726500,-0.030654053845,-0.145824589635,0.357057948,-0.617189739,0.154995652,0.683785636
1790504131.752118587,0.543848097688,-0.027405307785,-0.144569471916,0.355085292,-0.618609743,0.151033923,0.684415937
1790504131.785454035,0.546805766215,-0.024271708134,-0.143136481645,0.352754824,-0.620362164,0.147696350,0.684763176
1790504131.818789482,0.549508823035,-0.021313851834,-0.141520179103,0.351376229,-0.622587674,0.144198671,0.684197396
1790504131.852124929,0.551940744343,-0.018542563382,-0.139757181293,0.349843125,-0.623708903,0.144432590,0.683912435
1790504131.885459423,0.554138394318,-0.015955214605,-0.137895366820,0.348684879,-0.626607720,0.141446260,0.682476795
1790504131.918794870,0.556157713010,-0.013537604661,-0.136002735387,0.347854416,-0.629079581,0.139269931,0.681072736
1790504131.952130318,0.557975828842,-0.011276430707,-0.134165307451,0.349377568,-0.630649313,0.137136052,0.679272009
1790504131.985465765,0.559593866593,-0.009154388691,-0.132428767728,0.349233760,-0.631941827,0.135431559,0.678486257
1790504132.018800020,0.561059430819,-0.007150830254,-0.130778039174,0.349003505,-0.633040888,0.133895843,0.677884718
1790504132.052135468,0.562414158083,-0.005251968551,-0.129192389519,0.349213746,-0.634093646,0.132681522,0.677030739
1790504132.085470915,0.563672689151,-0.003472137669,-0.127653465707,0.348361667,-0.635871650,0.130159545,0.676291274
1790504132.118805170,0.564826170663,-0.001825531517,-0.126138416152,0.347530982,-0.637184933,0.129032278,0.675698341
1790504132.152140617,0.565887220206,-0.000278517373,-0.124622056400,0.346824062,-0.638340593,0.128093180,0.675149238
1790504132.185476065,0.566911827958,0.001229849470,-0.123092568532,0.346857243,-0.640036960,0.126071087,0.673905649
1790504132.218811274,0.567933474828,0.002739207037,-0.121586481499,0.346642621,-0.641727915,0.124376643,0.672721805
1790504132.252145767,0.568897119542,0.004241106690,-0.120186490026,0.345815361,-0.643170249,0.123677292,0.671898574
1790504132.285480976,0.569681773848,0.005661840712,-0.118964034170,0.344096716,-0.644124782,0.124823639,0.671654506
1790504132.318816423,0.570207963038,0.006937639385,-0.117962444477,0.342589214,-0.645085744,0.125635058,0.671351507
1790504132.352150679,0.570483956773,0.008060038471,-0.117227523510,0.341605285,-0.645669125,0.125571982,0.671303871
1790504132.385485888,0.570525131163,0.009023737440,-0.116765276609,0.341670780,-0.645254354,0.125307361,0.671718663
1790504132.418821335,0.570349520320,0.009823208151,-0.116499902669,0.341776434,-0.644993954,0.124653168,0.672036648
1790504132.452156544,0.570027944684,0.010473383693,-0.116342898697,0.341936002,-0.644244546,0.124296867,0.672739939
1790504132.485490799,0.569624650761,0.010961122459,-0.116257438799,0.341612776,-0.643598701,0.122105378,0.673922621
1790504132.518826008,0.569172483982,0.011266347992,-0.116217462513,0.345099075,-0.642330273,0.121901411,0.673393270
1790504132.552161217,0.568690581560,0.011412108426,-0.116219521627,0.345006339,-0.642825186,0.121794431,0.672987758
1790504132.585496426,0.568114096742,0.011403859793,-0.116371499539,0.346217867,-0.642315456,0.123187623,0.672598583
1790504132.618830681,0.567327961503,0.011227126897,-0.116815959239,0.346938680,-0.641529914,0.124349363,0.672763077
1790504132.652165890,0.566335342058,0.010891420606,-0.117597538986,0.348777284,-0.640257329,0.126850320,0.672557771
1790504132.685500860,0.565180537712,0.010370389867,-0.118702733183,0.349448306,-0.639482515,0.127161182,0.672887827
1790504132.718835115,0.563836712382,0.009563439502,-0.120118107022,0.350968273,-0.637860964,0.129483329,0.673192936
1790504132.752170324,0.562221552716,0.008336953287,-0.121784034042,0.354193755,-0.635968686,0.130330845,0.673130362
1790504132.785507679,0.560227992360,0.006635435108,-0.123620898323,0.355562310,-0.634420004,0.132362742,0.673473686
1790504132.818844795,0.557760199488,0.004599602404,-0.125565560297,0.345022380,-0.634341591,0.133803447,0.678724495
1790504132.852180958,0.554849604417,0.002530456164,-0.127518191420,0.350576549,-0.630732492,0.140267330,0.677936341
1790504132.885518074,0.551651200524,0.000784006728,-0.129363147107,0.349508758,-0.628366463,0.144795626,0.679730419
1790504132.918855190,0.548382639954,-0.000489883982,-0.130999286596,0.350452100,-0.625575167,0.147450426,0.681246951
1790504132.952192307,0.545059002760,-0.001413103950,-0.132416077584,0.352289753,-0.623361220,0.149111757,0.681966570
1790504132.985528708,0.541551348206,-0.002216638668,-0.133675722790,0.352730599,-0.621851801,0.150696165,0.682767990
1790504133.018866062,0.537699756449,-0.003095232599,-0.134883533186,0.352949812,-0.620082221,0.153503635,0.683638138
1790504133.052203417,0.533409780058,-0.004131341609,-0.136132597136,0.352732859,-0.617490866,0.158548341,0.684943052
1790504133.085539579,0.528802623377,-0.005264115182,-0.137466097312,0.351866319,-0.615369534,0.164841204,0.685811787
1790504133.118876934,0.524043836197,-0.006388100902,-0.138955367261,0.350395902,-0.614406547,0.170808236,0.685967823
1790504133.152214289,0.519170882521,-0.007429616679,-0.140719928214,0.350912261,-0.613378986,0.175574589,0.685419848
1790504133.185551643,0.514212894072,-0.008354056449,-0.142816542385,0.352487902,-0.611623953,0.179360959,0.685199289
1790504133.218888283,0.509191497168,-0.009202517927,-0.145233195181,0.353696219,-0.607445851,0.180468439,0.687996850
1790504133.252225637,0.504047788107,-0.010083151588,-0.147913681516,0.355575333,-0.603488803,0.181761882,0.690166694
1790504133.285562992,0.498777591448,-0.011052875885,-0.150729489932,0.356484886,-0.600105577,0.183569153,0.692166302
1790504133.318900347,0.493433551188,-0.012048248475,-0.153541073793,0.356979322,-0.595383968,0.184911708,0.695622997
1790504133.352236986,0.488011067324,-0.012927544987,-0.156244462517,0.359235369,-0.592788262,0.186607103,0.696225405
1790504133.385574579,0.482531730496,-0.013505584991,-0.158764115670,0.361135817,-0.591232641,0.189365224,0.695820162
1790504133.418912172,0.477054677686,-0.013611007200,-0.161104504492,0.361156481,-0.590060765,0.190063572,0.696613328
1790504133.452248573,0.471569549174,-0.013177963639,-0.163318861228,0.363141074,-0.585974042,0.188814625,0.699365441
1790504133.485586166,0.466062785281,-0.012337382974,-0.165368667953,0.368382701,-0.583204633,0.184640340,0.700053203
1790504133.518923759,0.460563508170,-0.011443100061,-0.167144168366,0.372705116,-0.580053889,0.180626717,0.701428807
1790504133.552261591,0.455047182666,-0.010920635062,-0.168637895291,0.375420277,-0.577922487,0.180024082,0.701894967
1790504133.585598230,0.449547768856,-0.011108471809,-0.169989828721,0.376964969,-0.574145758,0.180249763,0.704105165
1790504133.618935823,0.444150767093,-0.012043152273,-0.171356689641,0.379313915,-0.572821287,0.179854736,0.704023438
1790504133.652273417,0.438876268145,-0.013323246189,-0.172698817706,0.361908399,-0.582661842,0.179724931,0.705142849
1790504133.685610056,0.433822571366,-0.014420930616,-0.173791727389,0.363552564,-0.577873930,0.179784405,0.708215237
1790504133.718947887,0.428974336623,-0.014928313389,-0.174512625163,0.364515548,-0.580500460,0.178862152,0.705801645
1790504133.752285719,0.424208064375,-0.014820796954,-0.174840588465,0.367618101,-0.579652696,0.177611302,0.705204871
1790504133.785623312,0.419408418156,-0.014285265392,-0.174819811301,0.367820941,-0.579606796,0.176796078,0.705341665
1790504133.818959713,0.414536918715,-0.013509714584,-0.174563377542,0.366698396,-0.580631992,0.178152973,0.704741296
1790504133.852297306,0.409610457728,-0.012608902687,-0.174217550333,0.364698936,-0.580390605,0.179793365,0.705560612
1790504133.885634899,0.404721201654,-0.011643622580,-0.173841439716,0.365753673,-0.581104867,0.180232973,0.704313467
1790504133.918972731,0.399973092454,-0.010674326497,-0.173361417247,0.367139591,-0.581621323,0.179901121,0.703250129
1790504133.952309370,0.395408341655,-0.009749545680,-0.172680703503,0.367049472,-0.582483143,0.181350251,0.702210908
1790504133.985646963,0.391043798571,-0.008851480917,-0.171806108687,0.365788728,-0.584130422,0.183797838,0.700862762
1790504134.018984556,0.386877764554,-0.007934107209,-0.170874336081,0.363297615,-0.586007531,0.185420711,0.700163678
1790504134.052321196,0.382846296715,-0.006996854911,-0.170061526031,0.362546691,-0.586774901,0.187188407,0.699439500
1790504134.085659027,0.378905009998,-0.006093315271,-0.169455538941,0.363470105,-0.587236280,0.188634606,0.698183372
1790504134.118996859,0.375105807661,-0.005279630795,-0.169006763904,0.363788273,-0.587157886,0.189608253,0.697819762
1790504134.152334452,0.371526310794,-0.004571138370,-0.168618399905,0.363118768,-0.587598878,0.190474503,0.697561311
1790504134.185671329,0.368207702689,-0.003909744528,-0.168231309783,0.362991820,-0.587381710,0.191898672,0.697419935
1790504134.219008923,0.365162860333,-0.003204593944,-0.167824015534,0.362223170,-0.587733270,0.191869989,0.697531279
1790504134.252346992,0.362394942241,-0.002410550914,-0.167361406270,0.362259374,-0.588121435,0.191455443,0.697299173
1790504134.285684824,0.359925459507,-0.001543491527,-0.166788885108,0.361914064,-0.588975294,0.191694548,0.696691835
1790504134.319021463,0.357835940497,-0.000611357948,-0.166086284097,0.360441720,-0.589937078,0.192406796,0.696444998
1790504134.352359295,0.356239840854,0.000421193186,-0.165305444103,0.358137636,-0.590869738,0.192775812,0.696740894
1790504134.385697365,0.355208739460,0.001582285443,-0.164515498049,0.358170471,-0.592168630,0.191622545,0.695938954
1790504134.419034243,0.354770723486,0.002847150699,-0.163718066036,0.359152732,-0.593942150,0.190056474,0.694349029
1790504134.452372074,0.354926418002,0.004172018132,-0.162876867051,0.357022348,-0.594690473,0.188566427,0.695212908
1790504134.485709906,0.355601596750,0.005548059446,-0.162015348077,0.354833158,-0.596080872,0.187127660,0.695531640
1790504134.519048214,0.356665317299,0.007013511400,-0.161208204590,0.354581039,-0.596500077,0.187617013,0.695168901
1790504134.552385092,0.358034533533,0.008671378083,-0.160536649230,0.352862994,-0.596278091,0.187401030,0.696290887
1790504134.585722923,0.359672846974,0.010633861732,-0.160085582426,0.351061426,-0.597265640,0.186053143,0.696716483
1790504134.619060993,0.361509826763,0.012915421336,-0.159895489745,0.349380437,-0.596782620,0.184917193,0.698276053
1790504134.652398825,0.363488728270,0.015400341484,-0.159968940063,0.347688526,-0.596645102,0.183600828,0.699584196
1790504134.685736179,0.365638319209,0.017848564227,-0.160316000682,0.347290516,-0.596314277,0.182395367,0.700378833
1790504134.719074011,0.368031437257,0.019976103306,-0.160969603949,0.345439263,-0.595567981,0.180814154,0.702336627
1790504134.752412081,0.370744127305,0.021522745542,-0.161991003930,0.343899609,-0.595306546,0.180260126,0.703455373
1790504134.785746574,0.373769537069,0.022384793093,-0.163392882765,0.340488590,-0.595145540,0.179866397,0.705349124
1790504134.819082260,0.377063275082,0.022736567086,-0.165039800578,0.329490254,-0.602809340,0.174043826,0.705525208
1790504134.852417707,0.380647382682,0.022892363009,-0.166690499864,0.327228560,-0.603096003,0.171306523,0.707001242
1790504134.885753393,0.384424717672,0.023122021287,-0.168184946429,0.325552486,-0.603007403,0.171836817,0.707721526
1790504134.919087887,0.388218572751,0.023567797234,-0.169534397129,0.321755247,-0.602736111,0.172281021,0.709578742
1790504134.952423573,0.391938113776,0.024269294467,-0.170890125394,0.319427105,-0.601847403,0.174486129,0.710845003
1790504134.985759020,0.395493555535,0.025200660858,-0.172396626218,0.317969260,-0.599906373,0.173878930,0.713283963
1790504135.019093752,0.398799233457,0.026281483856,-0.174054861120,0.318241490,-0.599105979,0.169951602,0.714780270
1790504135.052429199,0.401885913948,0.027440540160,-0.175744373333,0.316920816,-0.597855598,0.169660843,0.716481039
1790504135.085764885,0.404839848013,0.028661538922,-0.177355812537,0.316005029,-0.596244169,0.169124396,0.718352735
1790504135.119100571,0.407716034581,0.029944042469,-0.178847888720,0.314624414,-0.595242716,0.166787352,0.720332955
1790504135.152435303,0.410512617062,0.031239189443,-0.180191923392,0.314145047,-0.594589129,0.164399508,0.721629724
1790504135.185770988,0.413197945613,0.032477039529,-0.181337134422,0.313034856,-0.594476143,0.162588191,0.722614956
1790504135.219106436,0.415793923909,0.033657736782,-0.182243113277,0.311566630,-0.594652637,0.161663503,0.723311405
1790504135.252442122,0.418344081026,0.034815295803,-0.182927222003,0.311454468,-0.593965019,0.161937453,0.723863200
1790504135.285776854,0.420839361380,0.035952711266,-0.183469429294,0.309778851,-0.593455766,0.163216534,0.724712136
1790504135.319112539,0.423300813304,0.037112934328,-0.183955854515,0.307210950,-0.593554417,0.163323001,0.725699789
1790504135.352448225,0.425772341172,0.038396715150,-0.184438177752,0.305539852,-0.594139712,0.161026969,0.726439066
1790504135.385782957,0.428190566191,0.039827126243,-0.184913349584,0.304010466,-0.595455763,0.155331122,0.727242953
1790504135.419118881,0.430494065241,0.041331800929,-0.185326660352,0.303615439,-0.593140716,0.157704795,0.728787317
1790504135.452454567,0.432711098911,0.042833991147,-0.185615444921,0.301434442,-0.592443886,0.156676148,0.730479365
1790504135.485790253,0.434843327667,0.044195250328,-0.185787906818,0.300800054,-0.593127919,0.152610778,0.731046202
1790504135.519124985,0.436763378033,0.045183620192,-0.185919252363,0.300355121,-0.593480115,0.150970259,0.731283895
1790504135.552460909,0.438321554500,0.045640149915,-0.186077047553,0.302136226,-0.594387355,0.146770470,0.730668052
1790504135.585796595,0.439442872771,0.045577284742,-0.186218625128,0.303320947,-0.593642116,0.145749072,0.730987448
1790504135.619132280,0.440240691379,0.045169832402,-0.186227660408,0.301220087,-0.593260649,0.147565639,0.731800959
1790504135.652467251,0.440956422490,0.044726188432,-0.186089036402,0.298951346,-0.593742776,0.148004283,0.732251555
1790504135.685802937,0.441608313583,0.044456550989,-0.185904066209,0.299171743,-0.594917170,0.147289138,0.731351993
1790504135.719138861,0.442053498628,0.044382062461,-0.185760623753,0.299598116,-0.595896950,0.146117009,0.730614545
1790504135.752473593,0.442252452516,0.044432190876,-0.185687230747,0.300392063,-0.596251814,0.146066814,0.730008814
1790504135.785810471,0.442270372842,0.044517538293,-0.185693437852,0.300498041,-0.596093629,0.145973014,0.730113136
1790504135.819147348,0.442159300398,0.044577411410,-0.185767098017,0.301528314,-0.596486893,0.145744743,0.729412457
1790504135.852484465,0.441934087261,0.044572872714,-0.185856351072,0.301813302,-0.596157080,0.145870953,0.729538986
1790504135.885820389,0.441588862953,0.044456982716,-0.185892828818,0.301707756,-0.595900617,0.146499496,0.729666213
1790504135.919157267,0.441075060671,0.044167692476,-0.185829659445,0.302622924,-0.596501977,0.147019978,0.728690527
1790504135.952494144,0.440289205472,0.043624976452,-0.185675060441,0.303710981,-0.595884290,0.148999210,0.728341121
1790504135.985831022,0.439128236747,0.042768760484,-0.185466341388,0.303882591,-0.595692648,0.150654347,0.728085783
1790504136.019166946,0.437562672409,0.041613407968,-0.185212725050,0.309173565,-0.596789503,0.154062618,0.724236636
1790504136.052503824,0.435609856407,0.040246448522,-0.184936178877,0.312235701,-0.596234255,0.158185841,0.722489322
1790504136.085840702,0.433238668894,0.038760323849,-0.184717464933,0.313846293,-0.597308935,0.161632790,0.720137057
1790504136.119176865,0.430361085635,0.037185268655,-0.184620305217,0.318848608,-0.596309577,0.165889745,0.717795964
1790504136.152513742,0.426949670011,0.035511442474,-0.184648144088,0.323063098,-0.598542157,0.166677492,0.713860025
1790504136.185850859,0.423056794007,0.033742115567,-0.184797782839,0.329595153,-0.599939264,0.168791086,0.709189315
1790504136.219187737,0.418738944137,0.031908093171,-0.185058531212,0.336824951,-0.601288386,0.170374991,0.704253925
1790504136.252523661,0.414122238036,0.030037322586,-0.185362077956,0.345295497,-0.602291383,0.170683156,0.699201952
1790504136.285860538,0.409338259968,0.028105435696,-0.185609355670,0.355937214,-0.605012427,0.170828962,0.691437726
1790504136.319197416,0.404368251320,0.026045760411,-0.185759914635,0.361495656,-0.608327004,0.171037074,0.685569447
1790504136.352533340,0.399118763313,0.023796309533,-0.185822577871,0.366617088,-0.610130622,0.173343860,0.680650014
1790504136.385870695,0.393616639686,0.021339778152,-0.185779544556,0.375699523,-0.611385151,0.176394916,0.673752847
1790504136.419207573,0.388022509804,0.018707823750,-0.185602447884,0.381268599,-0.612106234,0.179181095,0.669219209
1790504136.452544451,0.382474339762,0.015972105191,-0.185317855910,0.386638897,-0.611571047,0.181280310,0.666054553
1790504136.485880375,0.377010148890,0.013231170417,-0.185061922665,0.395539967,-0.611694286,0.182393748,0.660386823
1790504136.519217491,0.371612187751,0.010538375609,-0.185007324035,0.406887022,-0.612644944,0.181428541,0.652834442
1790504136.552554369,0.366209313383,0.007841933588,-0.185158809539,0.418052658,-0.613343036,0.181128450,0.645162599
1790504136.585891247,0.360756598052,0.005074381145,-0.185285044272,0.427180566,-0.619255921,0.177721329,0.634392621
1790504136.619227409,0.355329382429,0.002260412915,-0.185194309756,0.431016095,-0.616001330,0.186604858,0.632412931
1790504136.652564526,0.349898099700,-0.000508176068,-0.184869417917,0.438918844,-0.619290888,0.186004250,0.623884174
1790504136.685901403,0.344355909695,-0.003177694228,-0.184367765511,0.450884467,-0.621342335,0.186115788,0.613186606
1790504136.719237566,0.338690361270,-0.005738136621,-0.183684191075,0.461354227,-0.621374189,0.187462526,0.604900154
1790504136.752574444,0.332992913088,-0.008202300501,-0.182791430075,0.470411127,-0.620947958,0.188310934,0.598060195
1790504136.785909891,0.327330183907,-0.010590154018,-0.181698531508,0.479523310,-0.621565096,0.189488172,0.589752880
1790504136.819245338,0.321704563650,-0.012916618268,-0.180467416483,0.486827969,-0.623534928,0.190263778,0.581379753
1790504136.852579594,0.316063742458,-0.015182876913,-0.179226353227,0.493724471,-0.624767173,0.190824488,0.574010576
1790504136.885915041,0.310377001651,-0.017360437782,-0.178126930311,0.503074005,-0.625586490,0.189849875,0.565256679
1790504136.919250488,0.304745065731,-0.019409790834,-0.177189383547,0.513382888,-0.626207305,0.187669766,0.555951869
1790504136.952585697,0.299359691184,-0.021323643253,-0.176305047631,0.520171593,-0.627775936,0.186589073,0.548181910
1790504136.985920191,0.294325241363,-0.023095496200,-0.175426268128,0.525469676,-0.629942414,0.184388381,0.541345638
1790504137.019255638,0.289541792839,-0.024712267083,-0.174571945596,0.532262057,-0.632060831,0.181122810,0.533282979
1790504137.052590847,0.284792453500,-0.026227590632,-0.173698210662,0.539185087,-0.633437362,0.178913527,0.525382242
1790504137.085925102,0.279974614582,-0.027718708299,-0.172766244447,0.545224613,-0.634662235,0.177639658,0.518052238
1790504137.119260550,0.275155399499,-0.029217020658,-0.171791078419,0.550817763,-0.636364913,0.174763371,0.510976764
1790504137.152595758,0.270412213799,-0.030731108444,-0.170776826008,0.557963748,-0.637176702,0.171735944,0.503178966
1790504137.185931206,0.265697018740,-0.032249845106,-0.169736359238,0.561874121,-0.639033486,0.168888223,0.497403703
1790504137.219265461,0.260855903890,-0.033728012480,-0.168660651894,0.568201899,-0.639566289,0.166290139,0.490356149
1790504137.252600670,0.255765853042,-0.035125143395,-0.167443758255,0.574065947,-0.640051161,0.166351055,0.482814795
1790504137.285936117,0.250495979258,-0.036441273986,-0.165938668558,0.579059261,-0.639918133,0.168272630,0.476318672
1790504137.319271326,0.245243868444,-0.037686300659,-0.164063774905,0.581756591,-0.641152671,0.169127350,0.471039765
1790504137.352605581,0.240112521896,-0.038824948159,-0.161823569476,0.584731707,-0.643770301,0.168282179,0.464036356
1790504137.385940790,0.235025543044,-0.039793590507,-0.159304143621,0.590071717,-0.646921758,0.166020634,0.453590957
1790504137.419275761,0.229875702706,-0.040560720318,-0.156608998716,0.594105994,-0.649901813,0.164623425,0.444482654
1790504137.452610016,0.224595233421,-0.041124738840,-0.153788934754,0.598336957,-0.651430282,0.164134989,0.436682011
1790504137.485945463,0.219103923360,-0.041507740281,-0.150839853528,0.602112695,-0.652552650,0.165440064,0.429260908
1790504137.519280672,0.213312019633,-0.041739481285,-0.147741545885,0.605577741,-0.654249578,0.166909069,0.421158464
1790504137.552615881,0.207171697780,-0.041815544992,-0.144513860330,0.609906522,-0.655765255,0.168651654,0.411755490
1790504137.585949898,0.200734150354,-0.041690075849,-0.141234449728,0.615085773,-0.657830710,0.170263063,0.399923414
1790504137.619285107,0.194121477694,-0.041334723396,-0.137957788256,0.621333761,-0.659978097,0.168853489,0.387119837
1790504137.652620316,0.187441009727,-0.040750497158,-0.134710389609,0.626059288,-0.661936664,0.169168101,0.375861376
1790504137.685954571,0.180663492893,-0.039935577451,-0.131567557501,0.632122440,-0.662436203,0.169569133,0.364480187
1790504137.719289780,0.173664184790,-0.038879554862,-0.128691050038,0.640281433,-0.663589910,0.164571428,0.350149057
1790504137.752624989,0.166411022802,-0.037610313886,-0.126172838385,0.648244970,-0.663179426,0.164154401,0.336191674
1790504137.785958767,0.159026295635,-0.036225999638,-0.123914694314,0.656290377,-0.662189784,0.163499737,0.322576295
1790504137.819291830,0.151731721265,-0.034857394640,-0.121755844732,0.662434026,-0.661810535,0.161108550,0.311820480
1790504137.852625847,0.144681266371,-0.033577394295,-0.119633805429,0.666821280,-0.662738130,0.158955360,0.301431163
1790504137.885959387,0.137850303177,-0.032387453167,-0.117575000544,0.671602717,-0.664111154,0.156233079,0.288959149
1790504137.919293404,0.131113333334,-0.031255742213,-0.115535628048,0.672767514,-0.670465899,0.150351290,0.274324332
1790504137.952626228,0.124421708704,-0.030122629312,-0.113402861112,0.680151120,-0.668167876,0.149923165,0.261666178
1790504137.985960007,0.117813084142,-0.028893120771,-0.111137173012,0.679796424,-0.673261918,0.149491985,0.249494204
1790504138.019294024,0.111334250744,-0.027548652197,-0.108767213977,0.682316648,-0.676038810,0.147235506,0.236087325
1790504138.052626610,0.104964306399,-0.026102216967,-0.106355676804,0.684758796,-0.678491613,0.144953854,0.223031171
1790504138.085960388,0.098694783216,-0.024566425875,-0.103940059261,0.687692101,-0.679495188,0.145346382,0.210333765
1790504138.119294167,0.092580510006,-0.022991395686,-0.101560228390,0.690304496,-0.679364715,0.147445590,0.200507071
1790504138.152627945,0.086704106394,-0.021408378146,-0.099280730110,0.691876176,-0.680882018,0.148429876,0.188879873
1790504138.185960770,0.081188818217,-0.019837209910,-0.097129936894,0.692790486,-0.681942324,0.151471686,0.179031666
1790504138.219294548,0.076071367454,-0.018318398391,-0.095149214508,0.693357262,-0.683258804,0.152425898,0.170819960
1790504138.252627850,0.071224008845,-0.016861237826,-0.093398390686,0.693663705,-0.684136019,0.154861339,0.163727023
1790504138.285961628,0.066496596459,-0.015454808265,-0.091875994678,0.692769417,-0.687704860,0.151370173,0.155626574
1790504138.319294214,0.061720639727,-0.014097345221,-0.090537430926,0.693363993,-0.688580495,0.151778698,0.148547979
1790504138.352627993,0.056629560855,-0.012778157273,-0.089319798822,0.693843029,-0.689648741,0.153028675,0.139816631
1790504138.385961533,0.051111759378,-0.011525134775,-0.088075573764,0.693398449,-0.690658114,0.158508372,0.130633292
1790504138.419294119,0.045307256518,-0.010391619931,-0.086653779021,0.691741954,-0.692916230,0.163861454,0.120455765
1790504138.452627659,0.039354231932,-0.009373909001,-0.085046951794,0.690022736,-0.695207514,0.169073818,0.109403747
1790504138.485961199,0.033294926191,-0.008412740706,-0.083430691511,0.688629056,-0.696452391,0.176020683,0.098796804
1790504138.519294739,0.027219888984,-0.007453296346,-0.082043330400,0.688282672,-0.696923329,0.181775605,0.086732153
1790504138.552627087,0.021278493842,-0.006479105645,-0.080989121458,0.688939973,-0.696741420,0.185439070,0.074333436
1790504138.585960627,0.015570987302,-0.005529759447,-0.080177377063,0.690416957,-0.694140653,0.192495735,0.066622598
1790504138.619294167,0.010140901763,-0.004674975014,-0.079446028590,0.690163584,-0.693603695,0.198051393,0.057998177
1790504138.652627707,0.005011178175,-0.003934536068,-0.078704770290,0.689290202,-0.693408340,0.203666062,0.050833329
1790504138.685960293,0.000176019485,-0.003284052704,-0.078006280714,0.689236900,-0.693376658,0.206007734,0.041738704
1790504138.719293594,-0.004397862158,-0.002710327445,-0.077462661788,0.689763159,-0.693290822,0.206213921,0.032410478
1790504138.752626896,-0.008757586227,-0.002177425325,-0.077144053592,0.690270154,-0.692797932,0.207322758,0.023987810
1790504138.785960674,-0.012897148248,-0.001650175345,-0.077059263879,0.691395356,-0.691201056,0.209579798,0.017025564
1790504138.819295406,-0.016774570040,-0.001156950240,-0.077169715714,0.692726624,-0.690485805,0.208124323,0.006591189
1790504138.852630377,-0.020421392006,-0.000716806926,-0.077415898160,0.692847179,-0.691689095,0.203766186,-0.002885138
1790504138.885965109,-0.023976619412,-0.000280630638,-0.077738796467,0.694594028,-0.690097292,0.202796332,-0.013360842
1790504138.919298887,-0.027567904138,0.000166249811,-0.078092217878,0.694968232,-0.689862749,0.201407668,-0.023312981
1790504138.952633619,-0.031222168516,0.000596470172,-0.078434661458,0.696664171,-0.689130005,0.196149308,-0.035837386
1790504138.985968351,-0.034959387129,0.001061732248,-0.078762896537,0.695609261,-0.689112651,0.197998859,-0.045254408
1790504139.019301891,-0.038806051804,0.001675192741,-0.079096970796,0.695937286,-0.689144772,0.192756094,-0.059965535
1790504139.052636862,-0.042662421818,0.002471712401,-0.079423751654,0.693919572,-0.688642649,0.199576449,-0.066454272
1790504139.085971594,-0.046389199759,0.003393477246,-0.079708526031,0.692131661,-0.689121762,0.202700720,-0.070550546
1790504139.119306326,-0.049883243035,0.004334803337,-0.079987799264,0.691531427,-0.687704849,0.207132918,-0.077086194
1790504139.152640104,-0.053111591596,0.005172280935,-0.080403677120,0.692457729,-0.685464504,0.207988474,-0.085915663
1790504139.185974836,-0.056093008069,0.005839276726,-0.081060401345,0.693906474,-0.682841824,0.207034567,-0.096734363
1790504139.219309568,-0.058882048941,0.006358925873,-0.081922093205,0.696438047,-0.680497393,0.201210308,-0.106825824
1790504139.252644539,-0.061522206706,0.006782525409,-0.082894445130,0.697551878,-0.676270753,0.209500345,-0.110403132
1790504139.285978317,-0.064043580089,0.007145716701,-0.083919543104,0.697295590,-0.675713195,0.205503186,-0.122306906
1790504139.319313049,-0.066384890436,0.007459797823,-0.084937617961,0.697272790,-0.674830462,0.202364096,-0.132148692
1790504139.352647781,-0.068482217998,0.007748901473,-0.085906967696,0.697106885,-0.673576377,0.200592214,-0.141773127
1790504139.385981560,-0.070348917548,0.008084579564,-0.086832565236,0.697220921,-0.672420985,0.195076773,-0.153876766
1790504139.419316053,-0.072060629157,0.008555057583,-0.087708083479,0.696883329,-0.671390319,0.192960109,-0.162342422
1790504139.452650785,-0.073693890890,0.009170475112,-0.088504575274,0.697670449,-0.670021956,0.189863745,-0.168161474
1790504139.485985756,-0.075239626932,0.009857954373,-0.089224504260,0.699665117,-0.666460468,0.187287267,-0.176699317
1790504139.519319534,-0.076610274702,0.010551761413,-0.089881596050,0.698933945,-0.665933792,0.185289582,-0.183551891
1790504139.552654266,-0.077717068057,0.011178233741,-0.090407048219,0.699368718,-0.663928826,0.180635109,-0.193527436
1790504139.585988998,-0.078578343567,0.011681477114,-0.090710951045,0.698744771,-0.663415905,0.174416705,-0.203012056
1790504139.619323730,-0.079293590481,0.012089689056,-0.090733455963,0.696968815,-0.664233436,0.170449927,-0.209702730
1790504139.652657509,-0.079953101268,0.012453922912,-0.090418567809,0.695254736,-0.665014913,0.167736644,-0.215035894
1790504139.685992241,-0.080667989816,0.012796177839,-0.089730932745,0.691691477,-0.667247333,0.163135039,-0.223004162
1790504139.719326973,-0.081613588156,0.013166840084,-0.088724996265,0.686982317,-0.670765592,0.160402394,-0.228910223
1790504139.752660990,-0.082889353090,0.013627504097,-0.087564376992,0.682297084,-0.674011545,0.161367917,-0.232679009
1790504139.785997868,-0.084384488051,0.014188148026,-0.086433247650,0.676717360,-0.677130399,0.160976811,-0.240071871
1790504139.819334984,-0.085869135632,0.014821407413,-0.085463203300,0.671943859,-0.679052577,0.157278493,-0.250284883
1790504139.852672100,-0.087192963767,0.015470879993,-0.084674949788,0.669559588,-0.679213254,0.153382744,-0.258520882
1790504139.886008263,-0.088346879971,0.016027751379,-0.083953118148,0.667672893,-0.679191565,0.151485381,-0.264506907
1790504139.919345379,-0.089382912743,0.016434957275,-0.083100756553,0.662397076,-0.682696850,0.145449932,-0.272028385
1790504139.952682972,-0.090354635581,0.016780525766,-0.081948036285,0.657923747,-0.686942102,0.143207898,-0.273383230
1790504139.986020088,-0.091281673966,0.017133904831,-0.080537037364,0.653779885,-0.691796130,0.141684966,-0.271873770
1790504140.019356251,-0.092097122338,0.017455052405,-0.079147646044,0.649900548,-0.696224073,0.135756626,-0.272894590
1790504140.052693367,-0.092703842168,0.017679290233,-0.078125676889,0.647227611,-0.699358073,0.127299409,-0.275299048
1790504140.086030722,-0.092989244410,0.017692751871,-0.077684694243,0.647574763,-0.698399260,0.125335397,-0.277806476
1790504140.119366884,-0.092910621929,0.017391852249,-0.077835417966,0.649279121,-0.695981716,0.121755333,-0.281463519
1790504140.152704000,-0.092565021718,0.016785088669,-0.078386731982,0.645123813,-0.697496594,0.103632879,-0.294234591
1790504140.186041594,-0.092038052894,0.015928815289,-0.078995545895,0.645637593,-0.695496159,0.094116936,-0.300963774
1790504140.219378710,-0.091415651554,0.014932176119,-0.079358205512,0.648159464,-0.693248996,0.084855271,-0.303471121
1790504140.252715111,-0.090815061885,0.013938674003,-0.079308458639,0.648376653,-0.693098009,0.075004320,-0.305936623
1790504140.286052227,-0.090379457007,0.013089931976,-0.078873733905,0.648501778,-0.693082061,0.065243281,-0.307938331
1790504140.319389582,-0.090197106558,0.012435918932,-0.078241243737,0.648099234,-0.693708293,0.057134826,-0.308985111
1790504140.352725744,-0.090282107280,0.011968007436,-0.077609894294,0.647830908,-0.694552005,0.050133574,-0.308867693
1790504140.386063337,-0.090621596149,0.011664882125,-0.077057529628,0.647993996,-0.695228792,0.044092876,-0.307922922
1790504140.419400692,-0.091193323171,0.011472086168,-0.076489570892,0.650617289,-0.692613576,0.040539614,-0.308771950
1790504140.452738047,-0.091933839457,0.011286716898,-0.075701723042,0.649945633,-0.693461728,0.037167896,-0.308707067
1790504140.486074209,-0.092749755888,0.010981391384,-0.074461240740,0.646891835,-0.696635302,0.034049081,-0.308335645
1790504140.519411564,-0.093578808579,0.010505688378,-0.072623899971,0.642268412,-0.701337472,0.030567047,-0.307705528
1790504140.552748919,-0.094410527780,0.009931890780,-0.070223689768,0.637254159,-0.706111420,0.026695727,-0.307572980
1790504140.586086512,-0.095286454382,0.009347329908,-0.067448712280,0.632439309,-0.710951740,0.023264754,-0.306638052
1790504140.619422913,-0.096254742442,0.008771549045,-0.064522110116,0.627783052,-0.715101255,0.020617347,-0.306746736
1790504140.652760267,-0.097316870274,0.008175086169,-0.061646043541,0.623893971,-0.718409522,0.017547487,-0.307141918
1790504140.686097622,-0.098441154972,0.007536389450,-0.058971599040,0.619866957,-0.721545303,0.013853194,-0.308132146
1790504140.719434023,-0.099599028194,0.006837658065,-0.056520950842,0.616650158,-0.723390873,0.012519324,-0.310308709
1790504140.752771616,-0.100760962406,0.006063384580,-0.054210926772,0.613656451,-0.725069565,0.011268915,-0.312366607
1790504140.786108732,-0.101906284750,0.005221014544,-0.051931974298,0.611414340,-0.726715348,0.010694053,-0.312958375
1790504140.819445372,-0.103002254631,0.004299733241,-0.049580874468,0.608591545,-0.729030754,0.011773816,-0.313036528
1790504140.852781296,-0.103967855216,0.003267818351,-0.047110253991,0.605187304,-0.732367321,0.011778726,-0.311845627
1790504140.886118174,-0.104725117696,0.002115490354,-0.044573540909,0.602032053,-0.735363644,0.009895379,-0.310965916
1790504140.919455051,-0.105282804292,0.000835868612,-0.042056055964,0.598877412,-0.737513946,0.005830042,-0.312065754
1790504140.952791929,-0.105759396383,-0.000571180285,-0.039584883834,0.595852501,-0.739472427,0.001576229,-0.313269600
1790504140.986127853,-0.106345384931,-0.002040902992,-0.037107380639,0.592349043,-0.741694842,-0.000290304,-0.314660592
1790504141.019464731,-0.107223175101,-0.003415821180,-0.034496217949,0.588498673,-0.744589746,0.000602416,-0.315047709
1790504141.052801847,-0.108492114994,-0.004494133027,-0.031611280693,0.583805873,-0.748225947,0.002170169,-0.315156983
1790504141.086137772,-0.110125016621,-0.005171642032,-0.028385801208,0.577622591,-0.752206679,0.003612809,-0.317055518
1790504141.119474888,-0.111927426631,-0.005527062462,-0.024929027905,0.590668661,-0.742995955,0.008525583,-0.314634484
1790504141.152811766,-0.113649305368,-0.005695073836,-0.021522952209,0.584781020,-0.746247341,0.005585398,-0.317985642
1790504141.186148643,-0.115239692239,-0.005874848204,-0.018230965316,0.564778450,-0.758001029,0.005188909,-0.326240430
1790504141.219484568,-0.116843613647,-0.006216863184,-0.014934773515,0.568966819,-0.755765341,0.001338624,-0.324181609
1790504141.252821684,-0.118469091485,-0.006696586302,-0.011684114003,0.574101982,-0.752889997,-0.002428946,-0.321803772
1790504141.286158800,-0.120071229471,-0.007210354197,-0.008593274546,0.573120768,-0.753220227,-0.005958499,-0.322732663
1790504141.319495678,-0.121683826174,-0.007711057205,-0.005677775791,0.565307780,-0.757693006,-0.006468291,-0.326016233
1790504141.352831841,-0.123335930843,-0.008196884228,-0.002878911706,0.560643451,-0.759807438,-0.007298657,-0.329117466
1790504141.386168718,-0.124956558912,-0.008684973674,-0.000176440344,0.557428546,-0.761602159,-0.007088121,-0.330432029
1790504141.419505835,-0.126381464819,-0.009221921814,0.002398172167,0.553789747,-0.763151325,-0.009170011,-0.332915728
1790504141.452841759,-0.127454155153,-0.009770050127,0.004794107294,0.550860988,-0.762750547,-0.014830553,-0.338443245
1790504141.486178875,-0.128244518550,-0.010203455707,0.007031020266,0.550217089,-0.761686837,-0.020891940,-0.341552111
1790504141.519515753,-0.128991098360,-0.010500188159,0.009272423076,0.549352935,-0.762123619,-0.022260558,-0.341882158
1790504141.552853107,-0.129814749234,-0.010800659018,0.011739227110,0.543851129,-0.764976857,-0.023609146,-0.344207736
1790504141.586189032,-0.130676594788,-0.011243940164,0.014490739326,0.537925445,-0.768739876,-0.024558197,-0.345068273
1790504141.619526148,-0.131518480717,-0.011810960060,0.017368316279,0.532403153,-0.771788077,-0.025904221,-0.346726142
1790504141.652863264,-0.132340070111,-0.012386985205,0.020166517182,0.527408780,-0.774440532,-0.027386816,-0.348327150
1790504141.686199427,-0.133166015005,-0.012884409618,0.022761009569,0.521363718,-0.777098238,-0.028899402,-0.351373059
1790504141.719536304,-0.133999591909,-0.013253433549,0.025110099083,0.516335153,-0.779188627,-0.030113842,-0.354056845
1790504141.752873421,-0.134827759788,-0.013481972892,0.027237404201,0.511077942,-0.781228451,-0.031338999,-0.357070458
1790504141.786208391,-0.135646946160,-0.013612148949,0.029175013712,0.505689780,-0.783821346,-0.031913886,-0.359003409
1790504141.819542646,-0.136449709652,-0.013718139719,0.030907907241,0.501646209,-0.785644277,-0.032292112,-0.360654088
1790504141.852877617,-0.137211110744,-0.013816991739,0.032412040855,0.498244347,-0.786866425,-0.032478429,-0.362682991
1790504141.886212587,-0.137890011555,-0.013882166076,0.033673503673,0.494159901,-0.788387400,-0.033106145,-0.364904485
1790504141.919547558,-0.138422015282,-0.013891173221,0.034654956813,0.491546521,-0.789493363,-0.033060133,-0.366045454
1790504141.952881575,-0.138709687132,-0.013841663973,0.035300198820,0.489953626,-0.790493718,-0.032952832,-0.366031744
1790504141.986216545,-0.138668960550,-0.013793402986,0.035615452152,0.489668430,-0.790820564,-0.033227531,-0.365682370
1790504142.019551516,-0.138319801051,-0.013809512649,0.035702004882,0.490186363,-0.790441733,-0.034316858,-0.365706917
1790504142.052885532,-0.137794131783,-0.013847157402,0.035732672243,0.490634618,-0.790251209,-0.035964833,-0.365359041
1790504142.086220264,-0.137247136335,-0.013855393725,0.035880242301,0.490570020,-0.790122063,-0.037755701,-0.365544373
1790504142.119555235,-0.136781443923,-0.013879816726,0.036176121479,0.490161629,-0.790588250,-0.038946745,-0.364958831
1790504142.152890205,-0.136433826525,-0.013949559765,0.036504303546,0.489804782,-0.791358504,-0.039542152,-0.363702367
1790504142.186223984,-0.136199083747,-0.014022338973,0.036725294813,0.489813927,-0.791992460,-0.039314883,-0.362332170
1790504142.219558954,-0.136047937804,-0.014054725652,0.036748774914,0.490001448,-0.792533771,-0.038304049,-0.361000836
1790504142.252893686,-0.135928936436,-0.013983629509,0.036589865018,0.489641011,-0.793411303,-0.036476261,-0.359749449
1790504142.286228418,-0.135797555677,-0.013756277108,0.036447202481,0.485763564,-0.796025884,-0.033131411,-0.359553697
1790504142.319562435,-0.135631610835,-0.013422041075,0.036669226594,0.476067209,-0.803414384,-0.026888702,-0.356598286
1790504142.352897167,-0.135324158345,-0.012985571249,0.037473242980,0.466687268,-0.811400882,-0.022983229,-0.351145801
1790504142.386232138,-0.134683489381,-0.012337274911,0.038582701342,0.448404422,-0.822886802,-0.016869505,-0.348577402
1790504142.419565916,-0.133598042247,-0.011472444085,0.039371546401,0.444118069,-0.825801709,-0.017572802,-0.347133800
1790504142.452900648,-0.132066778296,-0.010545939897,0.039288659350,0.443748974,-0.824983988,-0.022602401,-0.349252628
1790504142.486235380,-0.130224392795,-0.009726541400,0.038204090546,0.444138260,-0.821685864,-0.031084359,-0.355819209
1790504142.519570351,-0.128250412034,-0.009101746559,0.036337246505,0.449156569,-0.817189876,-0.037115058,-0.359279218
1790504142.552904129,-0.126228153526,-0.008663419732,0.034021206640,0.453961822,-0.814204552,-0.038703084,-0.359849528
1790504142.586238861,-0.124142518961,-0.008354064389,0.031565202410,0.458417127,-0.811615134,-0.040655233,-0.359835746
1790504142.619573593,-0.121957043599,-0.008102822812,0.029149726742,0.460564488,-0.810129512,-0.042129907,-0.360271560
1790504142.652908087,-0.119639755661,-0.007831210146,0.026800247599,0.461718877,-0.808055711,-0.044946852,-0.363099747
1790504142.686241865,-0.117195226495,-0.007515249470,0.024439828655,0.463292353,-0.806558190,-0.046879079,-0.364179122
1790504142.719576597,-0.114671615964,-0.007195637197,0.021970625116,0.465190271,-0.804982271,-0.048829077,-0.364989420
1790504142.752911091,-0.112071797094,-0.006881835334,0.019315832960,0.464555112,-0.803890732,-0.051468865,-0.367830388
1790504142.786244869,-0.109386816974,-0.006595809939,0.016446983943,0.467009527,-0.800872460,-0.054548257,-0.370850229
1790504142.819579363,-0.106657981277,-0.006376649851,0.013373026243,0.466633632,-0.799159545,-0.057896204,-0.374493131
1790504142.852913857,-0.103938495623,-0.006218323276,0.010138101645,0.469057670,-0.796544646,-0.059601488,-0.376761453
1790504142.886248350,-0.101280430355,-0.006130891728,0.006853895059,0.465000175,-0.795667610,-0.062168882,-0.383174792
1790504142.919582129,-0.098723808052,-0.006146836765,0.003708704813,0.464602912,-0.794102708,-0.063019742,-0.386747381
1790504142.952916622,-0.096204271829,-0.006219107831,0.000791907622,0.463790203,-0.792587920,-0.065108251,-0.390466328
1790504142.986250877,-0.093591364274,-0.006256134936,-0.001964163533,0.463946242,-0.790931950,-0.068415350,-0.393064720
1790504143.019584417,-0.090792531779,-0.006171412582,-0.004725616686,0.464758537,-0.789651516,-0.071804288,-0.394073763
1790504143.052918911,-0.087764171291,-0.005871911203,-0.007655527495,0.466664817,-0.787910396,-0.074481742,-0.394808342
1790504143.086253405,-0.084526974115,-0.005295091911,-0.010791897519,0.469998816,-0.785245882,-0.076480008,-0.395778758
1790504143.119587898,-0.081204313993,-0.004471767573,-0.014043401491,0.472205684,-0.783754217,-0.078220818,-0.395768395
1790504143.152921438,-0.077972361909,-0.003490306187,-0.017313622105,0.473944169,-0.781751568,-0.080595900,-0.397172144
1790504143.186256170,-0.075009269083,-0.002453786147,-0.020552353547,0.476281905,-0.779582413,-0.081825345,-0.398386021
1790504143.219590664,-0.072482957608,-0.001487207173,-0.023694507713,0.478736293,-0.777624271,-0.080663591,-0.399506496
1790504143.252925158,-0.070517580127,-0.000709419779,-0.026649899237,0.480201224,-0.775926044,-0.078875871,-0.401402736
1790504143.286258459,-0.069146675812,-0.000133035922,-0.029354749608,0.481352131,-0.773885751,-0.076066413,-0.404493352
1790504143.319592953,-0.068364400702,0.000300646177,-0.031744983747,0.479965898,-0.775556790,-0.070618186,-0.403927561
1790504143.352927446,-0.068089609373,0.000679311983,-0.033796251627,0.498113842,-0.762718757,-0.069863811,-0.406523979
1790504143.386260986,-0.068117237261,0.001084039870,-0.035592682189,0.488653559,-0.767836427,-0.064178528,-0.409299447
1790504143.419595480,-0.068371628943,0.001467394965,-0.037063529317,0.482896712,-0.770376049,-0.059945304,-0.411992802
1790504143.452929974,-0.068844244289,0.001744531459,-0.038118594422,0.478937115,-0.771555643,-0.057066719,-0.414806605
1790504143.486264229,-0.069526349859,0.001864089284,-0.038765502413,0.476964299,-0.771755336,-0.055499467,-0.416915541
1790504143.519597769,-0.070434731007,0.001821358267,-0.039083091181,0.473881219,-0.772474641,-0.055731238,-0.419062703
1790504143.552932024,-0.071609364521,0.001654987617,-0.039140214312,0.473276747,-0.772661414,-0.054013618,-0.419626010
1790504143.586266518,-0.073084614808,0.001442355229,-0.038980722302,0.473363372,-0.772264170,-0.052480239,-0.420453321
1790504143.619601011,-0.074862693599,0.001262237773,-0.038613664941,0.472049702,-0.772364533,-0.051282555,-0.421891226
1790504143.652934551,-0.076898587694,0.001138634598,-0.038006095125,0.472408561,-0.771099958,-0.051977601,-0.423713741
1790504143.686269045,-0.079088146308,0.001076722658,-0.037159902334,0.471102181,-0.771429800,-0.053359290,-0.424395553
1790504143.719603539,-0.081321310700,0.001147067063,-0.036174828062,0.470254422,-0.771690227,-0.054528228,-0.424713602
1790504143.752936840,-0.083100785359,0.001326995129,-0.035370826135,0.468323779,-0.772188961,-0.055225908,-0.425848736
