t_sec,x,y,z,qw,qx,qy,qz
1790504105.688138485,0.013475338,0.008916673,-0.024029948,0.696613042,-0.717446371,0.000276209,-0.000947719
1790504105.721401930,0.013475807,0.008918713,-0.024028310,0.696611606,-0.717447758,0.000279814,-0.000951892
1790504105.754657984,0.013477256,0.008920685,-0.024025608,0.696613629,-0.717445797,0.000274667,-0.000951326
1790504105.787909746,0.013476689,0.008921979,-0.024023249,0.696615530,-0.717443933,0.000284036,-0.000962180
1790504105.821155787,0.013473614,0.008920635,-0.024019335,0.696614691,-0.717444763,0.000276075,-0.000952534
1790504105.854398251,0.013472959,0.008922364,-0.024021475,0.696610408,-0.717448919,0.000283964,-0.000952268
1790504105.887635946,0.013474119,0.008928556,-0.024023209,0.696623194,-0.717436493,0.000291186,-0.000958825
1790504105.920869112,0.013476376,0.008931594,-0.024022498,0.696630638,-0.717429277,0.000277220,-0.000954191
1790504105.954097033,0.013473782,0.008926907,-0.024023753,0.696622589,-0.717437095,0.000284275,-0.000950096
1790504105.987321138,0.013472755,0.008921355,-0.024025228,0.696617205,-0.717442320,0.000289183,-0.000950902
1790504106.020540476,0.013474078,0.008916634,-0.024025830,0.696612674,-0.717446721,0.000284549,-0.000950849
1790504106.053754330,0.013473689,0.008914861,-0.024028426,0.696614545,-0.717444911,0.000282027,-0.000946293
1790504106.086964846,0.013468957,0.008916021,-0.024031122,0.696616558,-0.717442953,0.000297917,-0.000943756
1790504106.120170593,0.013466270,0.008916015,-0.024034494,0.696617654,-0.717441887,0.000301701,-0.000944478
1790504106.153371811,0.013467423,0.008913452,-0.024036754,0.696614090,-0.717445347,0.000294369,-0.000947528
1790504106.186567307,0.013467889,0.008911221,-0.024039113,0.696615577,-0.717443919,0.000293111,-0.000934937
1790504106.219759464,0.013468708,0.008908257,-0.024040966,0.696610336,-0.717449006,0.000288808,-0.000938560
1790504106.252947092,0.013468290,0.008908317,-0.024041078,0.696611454,-0.717447931,0.000285157,-0.000931886
1790504106.286129951,0.013469345,0.008912331,-0.024042018,0.696612849,-0.717446573,0.000283296,-0.000934818
1790504106.319307089,0.013468393,0.008916439,-0.024042142,0.696623464,-0.717436256,0.000287129,-0.000940350
1790504106.352480650,0.013466323,0.008914453,-0.024042193,0.696618785,-0.717440816,0.000288449,-0.000927466
1790504106.385649920,0.013467871,0.008910469,-0.024040061,0.696604978,-0.717454210,0.000289522,-0.000936571
1790504106.418813467,0.013467623,0.008911154,-0.024038631,0.696614353,-0.717445120,0.000282385,-0.000928652
1790504106.451973438,0.013467382,0.008911365,-0.024037759,0.696608741,-0.717450562,0.000286446,-0.000933455
1790504106.485128880,0.013466603,0.008912116,-0.024037978,0.696614600,-0.717444868,0.000295129,-0.000934061
1790504106.518279552,0.013464906,0.008909901,-0.024037435,0.696612757,-0.717446667,0.000286819,-0.000930006
1790504106.551424742,0.013464434,0.008906585,-0.024040410,0.696610361,-0.717448994,0.000286585,-0.000929390
1790504106.584566355,0.013463061,0.008902717,-0.024041676,0.696595588,-0.717463341,0.000294025,-0.000923967
1790504106.617703676,0.013463424,0.008907039,-0.024041558,0.696608873,-0.717450448,0.000289021,-0.000921583
1790504106.650835991,0.013465061,0.008910095,-0.024040360,0.696612156,-0.717447248,0.000291192,-0.000930066
1790504106.683962822,0.013466537,0.008909264,-0.024038606,0.696600397,-0.717458659,0.000299453,-0.000932545
1790504106.717087030,0.013468140,0.008911599,-0.024036240,0.696610559,-0.717448805,0.000285347,-0.000927351
1790504106.750427961,0.013468969,0.008912042,-0.024036503,0.696610485,-0.717448867,0.000292595,-0.000933030
1790504106.783767939,0.013466786,0.008908125,-0.024037842,0.696594877,-0.717464030,0.000295996,-0.000924429
1790504106.817108870,0.013465185,0.008908205,-0.024039824,0.696604713,-0.717454488,0.000294802,-0.000919258
1790504106.850450039,0.013466910,0.008908975,-0.024037782,0.696601758,-0.717457345,0.000293623,-0.000929217
1790504106.883791208,0.013469245,0.008912968,-0.024037158,0.696607072,-0.717452198,0.000287522,-0.000921543
1790504106.917131662,0.013472030,0.008917602,-0.024036311,0.696616875,-0.717442662,0.000286811,-0.000935037
1790504106.950472832,0.013471343,0.008917889,-0.024035997,0.696615409,-0.717444087,0.000290860,-0.000932907
1790504106.983814478,0.013468361,0.008912685,-0.024033912,0.696607018,-0.717452232,0.000301687,-0.000930960
1790504107.017154932,0.013468579,0.008906894,-0.024032054,0.696602485,-0.717456649,0.000282970,-0.000924918
1790504107.050496817,0.013469815,0.008905373,-0.024031941,0.696601285,-0.717457802,0.000286830,-0.000932191
1790504107.083838701,0.013469006,0.008906375,-0.024033622,0.696606037,-0.717453185,0.000300208,-0.000931395
1790504107.117180347,0.013470481,0.008906147,-0.024033588,0.696601436,-0.717457654,0.000287583,-0.000933752
1790504107.150521517,0.013472007,0.008908012,-0.024031737,0.696607016,-0.717452238,0.000285044,-0.000932599
1790504107.183863640,0.013475113,0.008909716,-0.024032559,0.696611503,-0.717447872,0.000285229,-0.000939599
1790504107.217205524,0.013475407,0.008907486,-0.024030418,0.696638898,-0.717421252,0.000266575,-0.000959910
1790504107.250547886,0.013471544,0.008902314,-0.024030486,0.696602854,-0.717456283,0.000282093,-0.000930706
1790504107.283889055,0.013469913,0.008904351,-0.024030206,0.696600472,-0.717458582,0.000287007,-0.000939847
1790504107.317231417,0.013466802,0.008911045,-0.024030447,0.696616771,-0.717442766,0.000294201,-0.000930067
1790504107.350574017,0.013468429,0.008913599,-0.024030849,0.696608767,-0.717450533,0.000296038,-0.000933713
1790504107.383915424,0.013472682,0.008916273,-0.024032160,0.696617645,-0.717441888,0.000294092,-0.000952538
1790504107.417258263,0.013471441,0.008915085,-0.024033898,0.696612554,-0.717446852,0.000292435,-0.000937823
1790504107.450601101,0.013474304,0.008914821,-0.024034548,0.696614399,-0.717445059,0.000286617,-0.000940803
1790504107.483944178,0.013476310,0.008914851,-0.024033893,0.696616987,-0.717442548,0.000286734,-0.000939190
1790504107.517285824,0.013477050,0.008913751,-0.024031646,0.696611131,-0.717448240,0.000276635,-0.000937404
1790504107.550628901,0.013474386,0.008913682,-0.024033763,0.696612201,-0.717447188,0.000290223,-0.000943202
1790504107.583972216,0.013472954,0.008914109,-0.024033874,0.696612499,-0.717446912,0.000288585,-0.000933424
1790504107.617315531,0.013475189,0.008913649,-0.024030991,0.696612912,-0.717446504,0.000283909,-0.000940120
1790504107.650657654,0.013475254,0.008910555,-0.024029221,0.696604807,-0.717454383,0.000279525,-0.000934374
1790504107.684001207,0.013472889,0.008911401,-0.024030825,0.696606958,-0.717452281,0.000296997,-0.000940028
1790504107.717344761,0.013472297,0.008912796,-0.024031532,0.696607484,-0.717451783,0.000286352,-0.000933305
1790504107.750674248,0.013473411,0.008915372,-0.024032175,0.696615128,-0.717444357,0.000287149,-0.000935950
1790504107.784004927,0.013475943,0.008915170,-0.024032404,0.696607987,-0.717451285,0.000287384,-0.000939402
1790504107.817335129,0.013477857,0.008914943,-0.024032357,0.696612562,-0.717446850,0.000280881,-0.000936859
1790504107.850665569,0.013478788,0.008913965,-0.024030636,0.696607325,-0.717451926,0.000283306,-0.000943056
1790504107.883994579,0.013477943,0.008913329,-0.024029102,0.696614393,-0.717445069,0.000282434,-0.000937867
1790504107.917325020,0.013477870,0.008908118,-0.024027948,0.696596947,-0.717462016,0.000280008,-0.000933110
1790504107.950654745,0.013479867,0.008909014,-0.024026136,0.696602678,-0.717456441,0.000274204,-0.000942611
1790504107.983984947,0.013477031,0.008911279,-0.024027171,0.696608181,-0.717451082,0.000293093,-0.000949611
1790504108.017313480,0.013476040,0.008910047,-0.024027619,0.696604932,-0.717454251,0.000284690,-0.000941282
1790504108.050643206,0.013477542,0.008908864,-0.024026384,0.696599680,-0.717459352,0.000281801,-0.000940825
1790504108.083972931,0.013479040,0.008911236,-0.024026365,0.696604299,-0.717454870,0.000279546,-0.000939120
1790504108.117301226,0.013480222,0.008914027,-0.024024849,0.696610223,-0.717449104,0.000278627,-0.000949900
1790504108.150630713,0.013478202,0.008913478,-0.024025964,0.696610145,-0.717449187,0.000282016,-0.000943824
1790504108.183959961,0.013476097,0.008911384,-0.024027524,0.696610399,-0.717448930,0.000291348,-0.000948961
1790504108.217288971,0.013475617,0.008907619,-0.024026873,0.696599951,-0.717459081,0.000289731,-0.000944169
1790504108.250617266,0.013478061,0.008908337,-0.024027628,0.696610279,-0.717449050,0.000283325,-0.000948644
1790504108.283946037,0.013478507,0.008908039,-0.024027573,0.696609817,-0.717449501,0.000285992,-0.000946280
1790504108.317275047,0.013479728,0.008906705,-0.024026163,0.696605111,-0.717454066,0.000288695,-0.000948014
1790504108.350602865,0.013480603,0.008907979,-0.024024829,0.696613582,-0.717445836,0.000287795,-0.000951927
1790504108.383931398,0.013479560,0.008906695,-0.024025347,0.696608288,-0.717450983,0.000287149,-0.000947820
1790504108.417259932,0.013479788,0.008908082,-0.024025124,0.696609687,-0.717449613,0.000297502,-0.000953080
1790504108.450588465,0.013483066,0.008911681,-0.024025303,0.696626073,-0.717433701,0.000289249,-0.000957158
1790504108.483915806,0.013484032,0.008907575,-0.024022093,0.696612886,-0.717446514,0.000282711,-0.000952323
1790504108.517244101,0.013483712,0.008908245,-0.024021328,0.696615237,-0.717444214,0.000299675,-0.000960172
1790504108.550572157,0.013483974,0.008909793,-0.024021059,0.696619560,-0.717440036,0.000281551,-0.000950867
1790504108.583900213,0.013481301,0.008909904,-0.024020727,0.696612077,-0.717447298,0.000294288,-0.000949770
1790504108.617227077,0.013480184,0.008913296,-0.024023705,0.696623091,-0.717436614,0.000287455,-0.000944305
1790504108.650554895,0.013479263,0.008913612,-0.024024105,0.696620101,-0.717439510,0.000299803,-0.000945494
1790504108.683882713,0.013481223,0.008910869,-0.024024510,0.696613815,-0.717445619,0.000292747,-0.000944056
1790504108.717209578,0.013482594,0.008910696,-0.024024820,0.696609682,-0.717449628,0.000294510,-0.000946670
1790504108.750543594,0.013483462,0.008914482,-0.024024059,0.696622944,-0.717436763,0.000288313,-0.000939151
1790504108.783878088,0.013486238,0.008916534,-0.024024713,0.696626205,-0.717433584,0.000289518,-0.000948698
1790504108.817212343,0.013485678,0.008911818,-0.024023973,0.696608972,-0.717450333,0.000288392,-0.000936550
1790504108.850545883,0.013486641,0.008911931,-0.024020203,0.696615865,-0.717443635,0.000280007,-0.000942802
1790504108.883880377,0.013487372,0.008911392,-0.024013308,0.696610644,-0.717448705,0.000282133,-0.000941242
1790504108.917214870,0.013489229,0.008910711,-0.024003126,0.696575978,-0.717482330,0.000222952,-0.000981459
1790504108.950549126,0.013477705,0.008915396,-0.024000027,0.696605769,-0.717453432,0.000280152,-0.000947207
1790504108.983882666,0.013450711,0.008923932,-0.023997228,0.696597412,-0.717461539,0.000288926,-0.000949383
1790504109.017217159,0.013410295,0.008939879,-0.023993169,0.696605556,-0.717453646,0.000280111,-0.000942319
1790504109.050551414,0.013360038,0.008962866,-0.023988397,0.696602094,-0.717456998,0.000285047,-0.000947713
1790504109.083884716,0.013303286,0.008988503,-0.023980934,0.696592444,-0.717466374,0.000288786,-0.000940802
1790504109.117219210,0.013241747,0.009015906,-0.023970424,0.696601536,-0.717457542,0.000287941,-0.000944684
1790504109.150553703,0.013175785,0.009046092,-0.023956390,0.696602370,-0.717456731,0.000279796,-0.000948265
1790504109.183888197,0.013105916,0.009078387,-0.023941549,0.696608245,-0.717451029,0.000274625,-0.000947827
1790504109.217221737,0.013031091,0.009110881,-0.023925731,0.696607751,-0.717451507,0.000271807,-0.000950117
1790504109.250556231,0.012952145,0.009142728,-0.023907438,0.696598241,-0.717460742,0.000275618,-0.000947523
1790504109.283890724,0.012869396,0.009174698,-0.023889260,0.696601927,-0.717457167,0.000272059,-0.000945886
1790504109.317224979,0.012783242,0.009208480,-0.023869369,0.696595670,-0.717463231,0.000274884,-0.000953512
1790504109.350558519,0.012697433,0.009244575,-0.023846001,0.696599502,-0.717459516,0.000276022,-0.000948513
1790504109.383893013,0.012608427,0.009281922,-0.023822538,0.696597029,-0.717461903,0.000275932,-0.000959838
1790504109.417227507,0.012515226,0.009321168,-0.023797300,0.696600718,-0.717458334,0.000269562,-0.000951605
1790504109.450561047,0.012421721,0.009361786,-0.023768503,0.696612744,-0.717446654,0.000256541,-0.000957828
1790504109.483895540,0.012326036,0.009403808,-0.023737985,0.696595626,-0.717463281,0.000261367,-0.000951463
1790504109.517230034,0.012227824,0.009448553,-0.023705248,0.696597674,-0.717461298,0.000255047,-0.000949500
1790504109.550564528,0.012127933,0.009493204,-0.023671597,0.696611953,-0.717447419,0.000250844,-0.000961450
1790504109.583898067,0.012026030,0.009534351,-0.023640065,0.696609292,-0.717450009,0.000257287,-0.000955217
1790504109.617232561,0.011934636,0.009572959,-0.023616368,0.696551434,-0.717506225,0.000239494,-0.000926771
1790504109.650567055,0.011872309,0.009606670,-0.023612513,0.696598263,-0.717460716,0.000257008,-0.000956223
1790504109.683900595,0.011859421,0.009616356,-0.023617150,0.696606855,-0.717452380,0.000265739,-0.000949906
1790504109.717235088,0.011861489,0.009616939,-0.023620843,0.696605268,-0.717453939,0.000257172,-0.000938267
1790504109.750575542,0.011866415,0.009620081,-0.023622012,0.696614986,-0.717444492,0.000258031,-0.000946132
1790504109.783915758,0.011867939,0.009618378,-0.023621142,0.696612916,-0.717446504,0.000255727,-0.000945154
1790504109.817255020,0.011867276,0.009616673,-0.023618907,0.696609559,-0.717449769,0.000261722,-0.000939702
1790504109.850595474,0.011869024,0.009617334,-0.023617236,0.696614154,-0.717445309,0.000250823,-0.000941979
1790504109.883935690,0.011871938,0.009615945,-0.023616624,0.696604522,-0.717454658,0.000255975,-0.000942536
1790504109.917276382,0.011871320,0.009617454,-0.023614840,0.696616688,-0.717442854,0.000250047,-0.000936797
1790504109.950615644,0.011868335,0.009616080,-0.023616225,0.696606565,-0.717452678,0.000257650,-0.000939532
1790504109.983956337,0.011868400,0.009616536,-0.023619819,0.696608864,-0.717450436,0.000268396,-0.000944028
1790504110.017297029,0.011868648,0.009617694,-0.023619936,0.696611588,-0.717447800,0.000266534,-0.000937219
1790504110.050636768,0.011869921,0.009618463,-0.023616562,0.696607937,-0.717451343,0.000261384,-0.000939864
1790504110.083977461,0.011869576,0.009621430,-0.023617905,0.696615270,-0.717444223,0.000268642,-0.000937625
1790504110.117318392,0.011870945,0.009622481,-0.023618851,0.696606110,-0.717453104,0.000273852,-0.000946598
1790504110.150659084,0.011875151,0.009626250,-0.023616700,0.696620602,-0.717439039,0.000263564,-0.000944908
1790504110.183999062,0.011876379,0.009623117,-0.023614223,0.696613597,-0.717445832,0.000268780,-0.000950345
1790504110.217339754,0.011876536,0.009616323,-0.023609592,0.696603767,-0.717455385,0.000262951,-0.000945094
1790504110.250680923,0.011878970,0.009614101,-0.023607395,0.696598843,-0.717460165,0.000254448,-0.000947798
1790504110.284021854,0.011876017,0.009618361,-0.023612635,0.696609560,-0.717449761,0.000264985,-0.000943783
1790504110.317362070,0.011876838,0.009623338,-0.023614152,0.696612432,-0.717446956,0.000272558,-0.000953767
1790504110.350703478,0.011879475,0.009624065,-0.023613171,0.696609365,-0.717449939,0.000261710,-0.000953419
1790504110.384044409,0.011878432,0.009622013,-0.023613717,0.696609680,-0.717449640,0.000260980,-0.000947877
1790504110.417384863,0.011876140,0.009619334,-0.023614981,0.696607865,-0.717451400,0.000266573,-0.000949117
1790504110.450726032,0.011876650,0.009618534,-0.023614290,0.696603476,-0.717455663,0.000259424,-0.000949403
1790504110.484067440,0.011876468,0.009621437,-0.023613524,0.696618340,-0.717441233,0.000261923,-0.000947257
1790504110.517408609,0.011876930,0.009618371,-0.023610207,0.696600625,-0.717458421,0.000270465,-0.000954707
1790504110.550749302,0.011876662,0.009618042,-0.023612261,0.696603138,-0.717455990,0.000261017,-0.000949653
1790504110.584090710,0.011876007,0.009619981,-0.023615466,0.696608592,-0.717450688,0.000273048,-0.000951662
1790504110.617432356,0.011877467,0.009620182,-0.023613470,0.696608762,-0.717450526,0.000260580,-0.000952450
1790504110.650774002,0.011878764,0.009618438,-0.023611001,0.696605590,-0.717453598,0.000267104,-0.000956719
1790504110.684114695,0.011879873,0.009615417,-0.023608488,0.696600499,-0.717458539,0.000266823,-0.000957892
1790504110.717456341,0.011879143,0.009612540,-0.023608677,0.696597453,-0.717461505,0.000266192,-0.000951937
1790504110.750792265,0.011878824,0.009613302,-0.023610102,0.696598340,-0.717460641,0.000263970,-0.000954621
1790504110.784131765,0.011881080,0.009615297,-0.023613332,0.696604445,-0.717454713,0.000263258,-0.000955151
1790504110.817472458,0.011880365,0.009613267,-0.023613973,0.696595275,-0.717463601,0.000271511,-0.000964746
1790504110.850812912,0.011876456,0.009612780,-0.023614531,0.696593956,-0.717464893,0.000276793,-0.000954425
1790504110.884153843,0.011878793,0.009616411,-0.023614800,0.696610133,-0.717449175,0.000277351,-0.000962753
1790504110.917493582,0.011879602,0.009611111,-0.023613871,0.696592396,-0.717466420,0.000265608,-0.000949052
1790504110.950834513,0.011882658,0.009607085,-0.023609379,0.696587635,-0.717471030,0.000261844,-0.000958955
1790504110.984175205,0.011882450,0.009606128,-0.023606297,0.696588364,-0.717470327,0.000267957,-0.000953600
1790504111.017515182,0.011882389,0.009605035,-0.023604747,0.696587160,-0.717471493,0.000264127,-0.000956351
1790504111.050855875,0.011884269,0.009604935,-0.023602941,0.696583129,-0.717475415,0.000261477,-0.000951939
1790504111.084197044,0.011886960,0.009608252,-0.023603873,0.696585985,-0.717472629,0.000267487,-0.000959117
1790504111.117537975,0.011888956,0.009612367,-0.023606380,0.696588362,-0.717470332,0.000259697,-0.000953168
1790504111.150878191,0.011891083,0.009616479,-0.023606644,0.696596591,-0.717462320,0.000265464,-0.000968598
1790504111.184219122,0.011890081,0.009614600,-0.023607952,0.696598944,-0.717460051,0.000257607,-0.000958721
1790504111.217560291,0.011889271,0.009609818,-0.023608197,0.696590667,-0.717468093,0.000256777,-0.000955008
1790504111.250901699,0.011887044,0.009608254,-0.023607312,0.696589979,-0.717468763,0.000261671,-0.000952097
1790504111.284241676,0.011887917,0.009611892,-0.023605745,0.696597170,-0.717461767,0.000268308,-0.000961036
1790504111.317583084,0.011890503,0.009614907,-0.023604077,0.696602114,-0.717456967,0.000264591,-0.000962000
1790504111.350924253,0.011891832,0.009614037,-0.023601690,0.696593144,-0.717465675,0.000264930,-0.000962030
1790504111.384264708,0.011893087,0.009615854,-0.023599150,0.696604885,-0.717454273,0.000252571,-0.000967837
1790504111.417605877,0.011891199,0.009618164,-0.023600177,0.696611437,-0.717447923,0.000260678,-0.000956529
1790504111.450947523,0.011892250,0.009615211,-0.023602277,0.696603878,-0.717455242,0.000261554,-0.000971292
1790504111.484288931,0.011892893,0.009616207,-0.023604610,0.696608310,-0.717450955,0.000254736,-0.000961421
1790504111.517629385,0.011892077,0.009619076,-0.023603366,0.696614612,-0.717444832,0.000259132,-0.000963481
1790504111.550971031,0.011893016,0.009618944,-0.023600547,0.696614089,-0.717445331,0.000255979,-0.000971257
1790504111.584312439,0.011893357,0.009617198,-0.023600908,0.696607515,-0.717451725,0.000262654,-0.000961098
1790504111.617654324,0.011897726,0.009616081,-0.023595863,0.696612494,-0.717446878,0.000249162,-0.000973951
1790504111.650994778,0.011899309,0.009613146,-0.023592870,0.696604460,-0.717454672,0.000249258,-0.000978336
1790504111.684336662,0.011897420,0.009611291,-0.023596648,0.696605863,-0.717453323,0.000249744,-0.000968504
1790504111.717678308,0.011899217,0.009612501,-0.023599658,0.696607166,-0.717452061,0.000245815,-0.000967475
1790504111.751019001,0.011902608,0.009618611,-0.023599823,0.696618222,-0.717441302,0.000236595,-0.000987027
1790504111.784352541,0.011896213,0.009620508,-0.023604215,0.696618593,-0.717440960,0.000255240,-0.000968930
1790504111.817685843,0.011896194,0.009618184,-0.023601142,0.696610389,-0.717448926,0.000245759,-0.000971348
1790504111.851019144,0.011899607,0.009618250,-0.023598013,0.696617274,-0.717442237,0.000240457,-0.000976012
1790504111.884351254,0.011901546,0.009617781,-0.023598004,0.696616959,-0.717442532,0.000246162,-0.000981918
1790504111.917684555,0.011901648,0.009615607,-0.023597046,0.696613914,-0.717445502,0.000237188,-0.000974930
1790504111.951017857,0.011903550,0.009616837,-0.023598346,0.696617062,-0.717442444,0.000238189,-0.000975591
1790504111.984350920,0.011906232,0.009618350,-0.023597391,0.696618351,-0.717441193,0.000235564,-0.000975268
1790504112.017683029,0.011904975,0.009619504,-0.023595405,0.696620515,-0.717439079,0.000241150,-0.000983856
1790504112.051016092,0.011902352,0.009619164,-0.023597196,0.696614348,-0.717445070,0.000240949,-0.000981808
1790504112.084349155,0.011898018,0.009621390,-0.023601159,0.696629616,-0.717430248,0.000246997,-0.000977544
1790504112.117681503,0.011895292,0.009618058,-0.023600467,0.696614538,-0.717444899,0.000243610,-0.000970784
1790504112.151014328,0.011895062,0.009618564,-0.023600569,0.696621905,-0.717437745,0.000244341,-0.000971583
1790504112.184347391,0.011896817,0.009619217,-0.023599245,0.696620897,-0.717438719,0.000249165,-0.000973706
1790504112.217680216,0.011900205,0.009620190,-0.023594400,0.696626987,-0.717432809,0.000237803,-0.000974700
1790504112.251012325,0.011900084,0.009621591,-0.023595624,0.696625879,-0.717433884,0.000240088,-0.000973967
1790504112.284345150,0.011897083,0.009623614,-0.023602400,0.696633589,-0.717426398,0.000252132,-0.000970890
1790504112.317677975,0.011895305,0.009621786,-0.023604205,0.696625934,-0.717433829,0.000251243,-0.000972262
1790504112.351010084,0.011894015,0.009621982,-0.023602199,0.696635281,-0.717424755,0.000250332,-0.000970996
1790504112.384342670,0.011897435,0.009618780,-0.023597604,0.696624985,-0.717434748,0.000255582,-0.000973500
1790504112.417675495,0.011904286,0.009617489,-0.023592841,0.696629608,-0.717430257,0.000242796,-0.000978584
1790504112.451008320,0.011907154,0.009619621,-0.023594040,0.696636319,-0.717423737,0.000243536,-0.000980141
1790504112.484340191,0.011905424,0.009621084,-0.023596876,0.696633953,-0.717426028,0.000252333,-0.000982378
1790504112.517672777,0.011904370,0.009620356,-0.023597860,0.696637090,-0.717422985,0.000252357,-0.000980746
1790504112.551005602,0.011904242,0.009616920,-0.023595966,0.696628494,-0.717431331,0.000251725,-0.000981783
1790504112.584338188,0.011904236,0.009616094,-0.023595679,0.696633692,-0.717426288,0.000255907,-0.000976955
1790504112.617669821,0.011911215,0.009617562,-0.023588572,0.696637814,-0.717422268,0.000244863,-0.000992372
1790504112.651002407,0.011916193,0.009619855,-0.023585047,0.696641364,-0.717418830,0.000237614,-0.000988080
1790504112.684334993,0.011916426,0.009622823,-0.023588913,0.696650347,-0.717410105,0.000237552,-0.000989718
1790504112.717666388,0.011913550,0.009621384,-0.023590181,0.696649673,-0.717410752,0.000248390,-0.000991962
1790504112.750999212,0.011910220,0.009618084,-0.023592209,0.696641451,-0.717418741,0.000251581,-0.000987543
1790504112.784338474,0.011907258,0.009619454,-0.023594980,0.696652511,-0.717408000,0.000247751,-0.000989097
1790504112.817677736,0.011903718,0.009618176,-0.023597059,0.696649370,-0.717411055,0.000262621,-0.000982251
1790504112.851016045,0.011908108,0.009617189,-0.023595726,0.696652123,-0.717408366,0.000262366,-0.000994041
1790504112.884355545,0.011914182,0.009616855,-0.023592885,0.696657476,-0.717403175,0.000258635,-0.000989446
1790504112.917695045,0.011920392,0.009618701,-0.023591543,0.696662888,-0.717397912,0.000253685,-0.000996045
1790504112.951034784,0.011920393,0.009619030,-0.023594819,0.696666956,-0.717393965,0.000268166,-0.000989035
1790504112.984373093,0.011920680,0.009618936,-0.023594935,0.696666261,-0.717394638,0.000262838,-0.000992539
1790504113.017712831,0.011912459,0.009624789,-0.023589083,0.696675088,-0.717386066,0.000252918,-0.000994975
1790504113.051052570,0.011892812,0.009631757,-0.023580586,0.696670202,-0.717390811,0.000258514,-0.000993952
1790504113.084391117,0.011873276,0.009643016,-0.023573760,0.696683704,-0.717377694,0.000265068,-0.000995002
1790504113.117730856,0.011858666,0.009648354,-0.023557493,0.696581138,-0.717477267,0.000141314,-0.001034194
1790504113.151070833,0.011844542,0.009651652,-0.023552779,0.696678130,-0.717383098,0.000256107,-0.001004244
1790504113.184410572,0.011834565,0.009654392,-0.023561914,0.696683865,-0.717377530,0.000271706,-0.000999269
1790504113.217749834,0.011831076,0.009656332,-0.023563858,0.696684833,-0.717376584,0.000284512,-0.000999150
1790504113.251089573,0.011836688,0.009658080,-0.023559463,0.696697916,-0.717363890,0.000263600,-0.000996627
1790504113.284429789,0.011845540,0.009657387,-0.023554871,0.696697781,-0.717364013,0.000259732,-0.001003839
1790504113.317769766,0.011849897,0.009656815,-0.023555077,0.696702381,-0.717359547,0.000261560,-0.001002315
1790504113.351109028,0.011850381,0.009656794,-0.023552841,0.696704556,-0.717357437,0.000257121,-0.001000995
1790504113.384449244,0.011846686,0.009659068,-0.023555272,0.696709394,-0.717352733,0.000272047,-0.001001782
1790504113.417789459,0.011843057,0.009663717,-0.023555302,0.696723932,-0.717338611,0.000273388,-0.001002084
1790504113.451128960,0.011843737,0.009664147,-0.023558771,0.696721744,-0.717340740,0.000275798,-0.000998914
1790504113.484469175,0.011848496,0.009664356,-0.023560038,0.696730777,-0.717331958,0.000279619,-0.001004447
1790504113.517809629,0.011852506,0.009659857,-0.023557508,0.696719715,-0.717342694,0.000273032,-0.001011405
1790504113.551150084,0.011855377,0.009659558,-0.023552718,0.696717792,-0.717344554,0.000263965,-0.001019733
1790504113.584489584,0.011851197,0.009662967,-0.023555921,0.696729586,-0.717333086,0.000279828,-0.001024263
1790504113.617830038,0.011848664,0.009661740,-0.023559083,0.696715385,-0.717346884,0.000271961,-0.001023252
1790504113.651170731,0.011843860,0.009662006,-0.023565714,0.696725706,-0.717336860,0.000273725,-0.001022345
1790504113.684510469,0.011840997,0.009658485,-0.023565077,0.696716976,-0.717345333,0.000285362,-0.001023177
1790504113.717851162,0.011843881,0.009654265,-0.023559531,0.696716841,-0.717345453,0.000274416,-0.001034095
1790504113.751191854,0.011845420,0.009649983,-0.023558132,0.696711629,-0.717350516,0.000269609,-0.001034776
1790504113.784524441,0.011843960,0.009647770,-0.023560461,0.696707502,-0.717354511,0.000283189,-0.001040121
1790504113.817855597,0.011844545,0.009649030,-0.023560456,0.696715360,-0.717346859,0.000284497,-0.001053717
1790504113.851187944,0.011843665,0.009646632,-0.023559805,0.696705679,-0.717356294,0.000269312,-0.001035159
1790504113.884520292,0.011844368,0.009647197,-0.023563254,0.696705335,-0.717356628,0.000269360,-0.001035160
1790504113.917852640,0.011845521,0.009648630,-0.023560266,0.696695525,-0.717366160,0.000265984,-0.001032823
1790504113.951183796,0.011846812,0.009653289,-0.023557304,0.696697282,-0.717364448,0.000267853,-0.001036590
1790504113.984516144,0.011850957,0.009654650,-0.023557534,0.696696208,-0.717365498,0.000260224,-0.001033444
1790504114.017848253,0.011853721,0.009651351,-0.023553916,0.696686417,-0.717375005,0.000257027,-0.001035789
1790504114.051179409,0.011851638,0.009648853,-0.023556860,0.696679075,-0.717382151,0.000256199,-0.001024902
1790504114.084511518,0.011849750,0.009652314,-0.023558452,0.696685820,-0.717375605,0.000255215,-0.001021781
1790504114.117843390,0.011852754,0.009654702,-0.023557137,0.696679465,-0.717381773,0.000256235,-0.001024681
1790504114.151175499,0.011854631,0.009656772,-0.023556184,0.696681004,-0.717380279,0.000251579,-0.001024811
1790504114.184506655,0.011856950,0.009655354,-0.023555516,0.696679795,-0.717381450,0.000250779,-0.001027424
1790504114.217838287,0.011857482,0.009650323,-0.023555766,0.696669683,-0.717391289,0.000237575,-0.001017500
1790504114.251170397,0.011856116,0.009650997,-0.023551625,0.696674622,-0.717386491,0.000241224,-0.001017440
1790504114.284502268,0.011858311,0.009652750,-0.023549605,0.696671934,-0.717389096,0.000240155,-0.001021121
1790504114.317833185,0.011859338,0.009656080,-0.023551222,0.696676202,-0.717384964,0.000233261,-0.001014198
1790504114.351165056,0.011861405,0.009658219,-0.023551211,0.696679537,-0.717381724,0.000232668,-0.001015027
1790504114.384496927,0.011867392,0.009657802,-0.023547459,0.696674545,-0.717386569,0.000228115,-0.001018816
1790504114.417827368,0.011871908,0.009658231,-0.023544254,0.696674328,-0.717386783,0.000217482,-0.001018261
1790504114.451159239,0.011872505,0.009659245,-0.023544354,0.696681968,-0.717379359,0.000212483,-0.001022646
1790504114.484490633,0.011866043,0.009653721,-0.023545649,0.696664001,-0.717396813,0.000232684,-0.001014271
1790504114.517822504,0.011865428,0.009653175,-0.023545024,0.696675714,-0.717385449,0.000229289,-0.001006678
1790504114.551153183,0.011870266,0.009652524,-0.023545652,0.696671095,-0.717389931,0.000231921,-0.001009584
1790504114.584484577,0.011871297,0.009652409,-0.023547547,0.696679471,-0.717381802,0.000253595,-0.000999690
1790504114.617816210,0.011877081,0.009647524,-0.023541224,0.696678002,-0.717383236,0.000245893,-0.000997310
1790504114.651147604,0.011875533,0.009643701,-0.023536595,0.696668955,-0.717392021,0.000257201,-0.000994523
1790504114.684478045,0.011865058,0.009649910,-0.023531637,0.696670729,-0.717390304,0.000266326,-0.000987738
1790504114.717809677,0.011851666,0.009663064,-0.023527778,0.696679582,-0.717381706,0.000262198,-0.000989523
1790504114.751140833,0.011830534,0.009676985,-0.023529499,0.696684683,-0.717376756,0.000274096,-0.000983882
1790504114.784472704,0.011812575,0.009687504,-0.023533988,0.696687940,-0.717373600,0.000294846,-0.000972298
1790504114.817805767,0.011809176,0.009689218,-0.023527371,0.696646354,-0.717413916,0.000165265,-0.001050437
1790504114.851138353,0.011807933,0.009690214,-0.023525985,0.696674847,-0.717386301,0.000279845,-0.000987059
1790504114.884471178,0.011803768,0.009700011,-0.023532239,0.696690176,-0.717371418,0.000278491,-0.000984732
1790504114.917802811,0.011801617,0.009701491,-0.023534343,0.696679505,-0.717381793,0.000258885,-0.000981192
1790504114.951135397,0.011796769,0.009702154,-0.023537857,0.696682715,-0.717378659,0.000273178,-0.000989619
1790504114.984468222,0.011796335,0.009696315,-0.023532392,0.696668904,-0.717392081,0.000265272,-0.000985494
1790504115.017799854,0.011801911,0.009693281,-0.023524075,0.696666353,-0.717394552,0.000247372,-0.000994366
1790504115.051132679,0.011803644,0.009693483,-0.023525737,0.696669539,-0.717391453,0.000246287,-0.000998052
1790504115.084465027,0.011802616,0.009690548,-0.023529556,0.696664978,-0.717395887,0.000244525,-0.000995385
1790504115.117797613,0.011803473,0.009688244,-0.023528455,0.696664367,-0.717396470,0.000234310,-0.001004728
1790504115.151129246,0.011800845,0.009687554,-0.023530263,0.696661104,-0.717399647,0.000231361,-0.000999390
1790504115.184461594,0.011800752,0.009690965,-0.023531678,0.696671465,-0.717389588,0.000233652,-0.000997609
1790504115.217794180,0.011800543,0.009690814,-0.023532969,0.696666993,-0.717393935,0.000234541,-0.000994138
1790504115.251126528,0.011803581,0.009694588,-0.023530750,0.696678863,-0.717382393,0.000239567,-0.001003411
1790504115.284457922,0.011809043,0.009696423,-0.023528640,0.696684938,-0.717376503,0.000238186,-0.000996675
1790504115.317790270,0.011817372,0.009693311,-0.023517161,0.696676481,-0.717384699,0.000229620,-0.001010949
1790504115.351122618,0.011813321,0.009692142,-0.023516313,0.696680170,-0.717381123,0.000236163,-0.001004954
1790504115.384454012,0.011805791,0.009691592,-0.023523685,0.696687408,-0.717374081,0.000254196,-0.001009652
1790504115.417786360,0.011799478,0.009689401,-0.023531816,0.696681368,-0.717379966,0.000250529,-0.000996368
1790504115.451118708,0.011794841,0.009693044,-0.023540131,0.696691884,-0.717369759,0.000256743,-0.000990431
1790504115.484450579,0.011793830,0.009696778,-0.023542707,0.696695051,-0.717366676,0.000271608,-0.000992242
1790504115.517781973,0.011805062,0.009698908,-0.023531420,0.696709067,-0.717353055,0.000266150,-0.000999474
1790504115.551114321,0.011820868,0.009693546,-0.023517372,0.696697087,-0.717364675,0.000245048,-0.001015423
1790504115.584446192,0.011812595,0.009693415,-0.023523545,0.696703142,-0.717358810,0.000270067,-0.000998669
1790504115.617778301,0.011800903,0.009697124,-0.023531615,0.696715088,-0.717347216,0.000273815,-0.000990996
1790504115.651109695,0.011800322,0.009699762,-0.023528989,0.696716339,-0.717345991,0.000282410,-0.000996319
1790504115.684441566,0.011805948,0.009700993,-0.023523591,0.696728345,-0.717334347,0.000272355,-0.000986500
1790504115.717773676,0.011812854,0.009698045,-0.023517372,0.696724575,-0.717338005,0.000276456,-0.000988696
1790504115.751104832,0.011819330,0.009695606,-0.023515894,0.696734790,-0.717328084,0.000266266,-0.000990459
1790504115.784438848,0.011813390,0.009693448,-0.023525190,0.696728548,-0.717334149,0.000284769,-0.000983499
1790504115.817773104,0.011805513,0.009696008,-0.023531077,0.696739645,-0.717323367,0.000300720,-0.000982233
1790504115.851107359,0.011807701,0.009697257,-0.023526584,0.696744754,-0.717318395,0.000294829,-0.000990717
1790504115.884440660,0.011806772,0.009701179,-0.023525335,0.696763635,-0.717300078,0.000293370,-0.000973994
1790504115.917774916,0.011806647,0.009701034,-0.023528409,0.696770270,-0.717293620,0.000318001,-0.000976480
1790504115.951109171,0.011815415,0.009697375,-0.023526457,0.696778848,-0.717285292,0.000307178,-0.000975976
1790504115.984443426,0.011823549,0.009694164,-0.023518358,0.696784359,-0.717279918,0.000310776,-0.000989977
1790504116.017776728,0.011818006,0.009693231,-0.023512396,0.696791889,-0.717272614,0.000314295,-0.000981051
1790504116.051110744,0.011806687,0.009695394,-0.023512376,0.696806588,-0.717258333,0.000339929,-0.000973336
1790504116.084444761,0.011810304,0.009692881,-0.023504003,0.696814046,-0.717251083,0.000343074,-0.000975855
1790504116.117778063,0.011819452,0.009689200,-0.023490736,0.696808618,-0.717256358,0.000323662,-0.000980560
1790504116.151112318,0.011810827,0.009703631,-0.023494909,0.696841686,-0.717224228,0.000346498,-0.000975905
1790504116.184446573,0.011795009,0.009720026,-0.023505046,0.696848919,-0.717217187,0.000361205,-0.000979721
1790504116.217780828,0.011773529,0.009733855,-0.023526867,0.696861986,-0.717204477,0.000343317,-0.000996768
1790504116.251113653,0.011716519,0.009744463,-0.023577604,0.696868866,-0.717197802,0.000398438,-0.000968137
1790504116.284447908,0.011692943,0.009753994,-0.023588603,0.696870673,-0.717196024,0.000422685,-0.000974158
1790504116.317782164,0.011689187,0.009761160,-0.023582872,0.696880110,-0.717186866,0.000404251,-0.000974002
1790504116.351115227,0.011693868,0.009763530,-0.023577634,0.696888355,-0.717178835,0.000414433,-0.000983254
1790504116.384449482,0.011697732,0.009763269,-0.023579249,0.696904781,-0.717162864,0.000426421,-0.000985970
1790504116.417783499,0.011703287,0.009757936,-0.023580768,0.696902439,-0.717165136,0.000432256,-0.000985861
1790504116.451117754,0.011711664,0.009757797,-0.023581198,0.696919970,-0.717148086,0.000425906,-0.000997858
1790504116.484450579,0.011715129,0.009755933,-0.023585368,0.696923891,-0.717144281,0.000445581,-0.000985626
1790504116.517784834,0.011728025,0.009755358,-0.023578307,0.696930221,-0.717138102,0.000435187,-0.001010298
1790504116.551119089,0.011735356,0.009751331,-0.023569510,0.696924877,-0.717143291,0.000439052,-0.001011626
1790504116.584453106,0.011735006,0.009747820,-0.023565116,0.696928615,-0.717139656,0.000433853,-0.001015431
1790504116.617786169,0.011721857,0.009741769,-0.023569093,0.696921517,-0.717146566,0.000456272,-0.000996627
1790504116.651120424,0.011715641,0.009741398,-0.023574291,0.696919625,-0.717148398,0.000464435,-0.000998037
1790504116.684454441,0.011719410,0.009746777,-0.023574223,0.696938814,-0.717129743,0.000464694,-0.001002981
1790504116.717787266,0.011727189,0.009746849,-0.023569015,0.696943307,-0.717125372,0.000467471,-0.001004530
1790504116.751121521,0.011739330,0.009740768,-0.023562137,0.696934025,-0.717134371,0.000444761,-0.001029938
1790504116.784461737,0.011735243,0.009738263,-0.023564024,0.696933316,-0.717135069,0.000474620,-0.001010207
1790504116.817801476,0.011736259,0.009744105,-0.023563868,0.696946960,-0.717121795,0.000461534,-0.001026417
1790504116.851140738,0.011731014,0.009748469,-0.023566663,0.696962984,-0.717106225,0.000474118,-0.001017921
1790504116.884480715,0.011725209,0.009749351,-0.023571016,0.696973376,-0.717096109,0.000496264,-0.001018586
1790504116.917820692,0.011723409,0.009747247,-0.023571408,0.696979952,-0.717089721,0.000499340,-0.001014835
1790504116.951161146,0.011727500,0.009745847,-0.023569084,0.696993992,-0.717076055,0.000498886,-0.001028285
1790504116.984500170,0.011727996,0.009743152,-0.023565960,0.696993613,-0.717076421,0.000507948,-0.001025727
1790504117.017840385,0.011729390,0.009745397,-0.023563881,0.697022772,-0.717048066,0.000517107,-0.001029203
1790504117.051180601,0.011733156,0.009742026,-0.023561845,0.697013543,-0.717057041,0.000512713,-0.001028709
1790504117.084519863,0.011733643,0.009748657,-0.023566231,0.697038197,-0.717033047,0.000530297,-0.001039181
1790504117.117860079,0.011731746,0.009754392,-0.023570371,0.697057485,-0.717014297,0.000538107,-0.001035216
1790504117.151200533,0.011730698,0.009755903,-0.023569191,0.697064551,-0.717007419,0.000537332,-0.001041267
1790504117.184540749,0.011725672,0.009757562,-0.023572463,0.697079674,-0.716992711,0.000558776,-0.001032916
1790504117.217880011,0.011724728,0.009756713,-0.023571721,0.697089514,-0.716983133,0.000564343,-0.001038284
1790504117.251220465,0.011726115,0.009752517,-0.023570297,0.697096831,-0.716976004,0.000575564,-0.001041939
1790504117.284560680,0.011727858,0.009751410,-0.023568998,0.697104471,-0.716968572,0.000581181,-0.001041415
1790504117.317901134,0.011728338,0.009755364,-0.023568933,0.697117518,-0.716955871,0.000601402,-0.001040748
1790504117.351240635,0.011732416,0.009760723,-0.023568266,0.697141795,-0.716932255,0.000593963,-0.001051860
1790504117.384581089,0.011729938,0.009761404,-0.023567752,0.697150022,-0.716924253,0.000605105,-0.001047415
1790504117.417921543,0.011725376,0.009761053,-0.023568711,0.697167844,-0.716906915,0.000623864,-0.001040809
1790504117.451261282,0.011731788,0.009755725,-0.023564152,0.697169101,-0.716905688,0.000615250,-0.001048995
1790504117.484601498,0.011735170,0.009755397,-0.023561877,0.697178072,-0.716896946,0.000625721,-0.001055224
1790504117.517942190,0.011732401,0.009762095,-0.023561298,0.697199168,-0.716876419,0.000630580,-0.001059745
1790504117.551282644,0.011726639,0.009761037,-0.023563895,0.697188991,-0.716886300,0.000652146,-0.001057727
1790504117.584622383,0.011724525,0.009762252,-0.023566388,0.697200903,-0.716874706,0.000654692,-0.001062328
1790504117.617962837,0.011725677,0.009763741,-0.023566885,0.697210294,-0.716865563,0.000656820,-0.001067341
1790504117.651303768,0.011731640,0.009762548,-0.023563167,0.697208531,-0.716867265,0.000656768,-0.001075764
1790504117.684643269,0.011738002,0.009761349,-0.023559003,0.697218902,-0.716857158,0.000653095,-0.001091138
1790504117.717983961,0.011733513,0.009757731,-0.023556934,0.697217540,-0.716858472,0.000670954,-0.001087323
1790504117.751324654,0.011728127,0.009757402,-0.023557980,0.697227594,-0.716848696,0.000676594,-0.001082328
1790504117.784662247,0.011724278,0.009757343,-0.023559570,0.697231086,-0.716845291,0.000682529,-0.001084212
1790504117.817999363,0.011724920,0.009756986,-0.023561324,0.697238142,-0.716838409,0.000692462,-0.001090795
1790504117.851336956,0.011731649,0.009757884,-0.023560973,0.697244904,-0.716831843,0.000679472,-0.001091005
1790504117.884674788,0.011735589,0.009763624,-0.023558618,0.697268635,-0.716808772,0.000688272,-0.001077821
1790504117.918012619,0.011745301,0.009763750,-0.023552079,0.697274496,-0.716803057,0.000681136,-0.001091189
1790504117.951349497,0.011746587,0.009759654,-0.023548501,0.697273990,-0.716803568,0.000678209,-0.001080458
1790504117.984687328,0.011737866,0.009761378,-0.023555381,0.697292377,-0.716785701,0.000684496,-0.001063837
1790504118.018025160,0.011727025,0.009765164,-0.023562291,0.697306942,-0.716771527,0.000695166,-0.001059798
1790504118.051362038,0.011720920,0.009768402,-0.023566911,0.697316894,-0.716761833,0.000717522,-0.001053350
1790504118.084699869,0.011727234,0.009769177,-0.023562369,0.697330904,-0.716748238,0.000691659,-0.001046087
1790504118.118037939,0.011733695,0.009769972,-0.023556198,0.697341473,-0.716737952,0.000693211,-0.001047893
1790504118.151375771,0.011736486,0.009770057,-0.023551979,0.697349614,-0.716730046,0.000691496,-0.001038446
1790504118.184712648,0.011738247,0.009770826,-0.023554200,0.697361598,-0.716718391,0.000690243,-0.001035820
1790504118.218050480,0.011734977,0.009771366,-0.023556605,0.697375985,-0.716704408,0.000699088,-0.001019122
1790504118.251388788,0.011736088,0.009769995,-0.023554931,0.697379786,-0.716700704,0.000695008,-0.001025743
1790504118.284726620,0.011733433,0.009771515,-0.023555669,0.697390783,-0.716690006,0.000708981,-0.001013708
1790504118.318063498,0.011736192,0.009772254,-0.023554669,0.697406406,-0.716674803,0.000708878,-0.001014758
1790504118.351401329,0.011742154,0.009771421,-0.023551106,0.697413305,-0.716668117,0.000688510,-0.001009150
1790504118.384739399,0.011742974,0.009771947,-0.023549159,0.697427983,-0.716653816,0.000706571,-0.001009065
1790504118.418076515,0.011741802,0.009769528,-0.023548622,0.697427418,-0.716654391,0.000699156,-0.000995632
1790504118.451414585,0.011740333,0.009772658,-0.023550481,0.697443879,-0.716638365,0.000706238,-0.000995357
1790504118.484752417,0.011739578,0.009777759,-0.023549500,0.697466721,-0.716616151,0.000700180,-0.000987617
1790504118.518090487,0.011738570,0.009777222,-0.023549183,0.697472880,-0.716610149,0.000713978,-0.000982885
1790504118.551427841,0.011743583,0.009772060,-0.023544819,0.697470082,-0.716612888,0.000706546,-0.000977084
1790504118.584765673,0.011748310,0.009773089,-0.023542338,0.697483912,-0.716599434,0.000705538,-0.000972782
1790504118.618103743,0.011748289,0.009776071,-0.023541812,0.697500738,-0.716583068,0.000703743,-0.000964741
1790504118.651441813,0.011738649,0.009778501,-0.023546300,0.697505718,-0.716578229,0.000720918,-0.000946402
1790504118.684779167,0.011734994,0.009784548,-0.023548321,0.697525158,-0.716559306,0.000723725,-0.000944337
1790504118.718117237,0.011741064,0.009787293,-0.023550354,0.697533427,-0.716551267,0.000720774,-0.000937990
1790504118.751455307,0.011747103,0.009788011,-0.023547398,0.697543456,-0.716541491,0.000727641,-0.000942809
1790504118.784793139,0.011749415,0.009787895,-0.023545538,0.697548895,-0.716536218,0.000720622,-0.000931738
1790504118.818132401,0.011744694,0.009791325,-0.023545682,0.697569029,-0.716516613,0.000730536,-0.000926838
1790504118.851471424,0.011739049,0.009788422,-0.023546985,0.697569212,-0.716516445,0.000737654,-0.000913058
1790504118.884810448,0.011743858,0.009785789,-0.023542815,0.697574562,-0.716511227,0.000735744,-0.000922987
1790504118.918148756,0.011743661,0.009784996,-0.023540881,0.697585994,-0.716500102,0.000738258,-0.000916496
1790504118.951487780,0.011742719,0.009784859,-0.023538843,0.697596311,-0.716490061,0.000736668,-0.000914489
1790504118.984827042,0.011739854,0.009785662,-0.023541671,0.697598720,-0.716487713,0.000746504,-0.000908063
1790504119.018165350,0.011739571,0.009791001,-0.023541657,0.697615606,-0.716471264,0.000750894,-0.000910641
1790504119.051504374,0.011744133,0.009794720,-0.023536380,0.697631887,-0.716455418,0.000745529,-0.000909810
1790504119.084843636,0.011751321,0.009794180,-0.023530025,0.697634961,-0.716452433,0.000742541,-0.000906617
1790504119.118182898,0.011756566,0.009791488,-0.023527706,0.697631490,-0.716455792,0.000746114,-0.000919625
1790504119.151521206,0.011747762,0.009794098,-0.023533862,0.697654357,-0.716433541,0.000751091,-0.000902728
1790504119.184860706,0.011738774,0.009794750,-0.023539736,0.697654383,-0.716433498,0.000779665,-0.000892438
1790504119.218199968,0.011738011,0.009796301,-0.023538823,0.697668118,-0.716420131,0.000778943,-0.000886243
1790504119.251539230,0.011740971,0.009794908,-0.023535450,0.697668266,-0.716419991,0.000782093,-0.000880391
1790504119.284877777,0.011743171,0.009793666,-0.023537345,0.697672083,-0.716416271,0.000794939,-0.000871789
1790504119.318217039,0.011745355,0.009796726,-0.023539134,0.697687745,-0.716401016,0.000802995,-0.000865506
1790504119.351556301,0.011748434,0.009798936,-0.023538569,0.697690420,-0.716398417,0.000805028,-0.000859010
1790504119.384894848,0.011748498,0.009800499,-0.023537055,0.697696849,-0.716392158,0.000813933,-0.000848499
1790504119.418234110,0.011743932,0.009800332,-0.023534851,0.697704907,-0.716384307,0.000831940,-0.000833840
1790504119.451573849,0.011748778,0.009798457,-0.023532514,0.697707889,-0.716381414,0.000822965,-0.000833159
1790504119.484913111,0.011746808,0.009795878,-0.023534173,0.697712451,-0.716376948,0.000846792,-0.000828757
1790504119.518251657,0.011741523,0.009791506,-0.023536741,0.697704710,-0.716384493,0.000861880,-0.000808501
1790504119.551591396,0.011746365,0.009794464,-0.023534414,0.697723794,-0.716365907,0.000856976,-0.000812680
1790504119.584930658,0.011750139,0.009792271,-0.023530540,0.697720778,-0.716368839,0.000865804,-0.000808778
1790504119.618270159,0.011748839,0.009785293,-0.023529077,0.697711348,-0.716378020,0.000876042,-0.000800552
1790504119.651608944,0.011750638,0.009787167,-0.023524863,0.697722842,-0.716366824,0.000882108,-0.000794803
1790504119.684948444,0.011751916,0.009793238,-0.023524466,0.697727332,-0.716362444,0.000886583,-0.000796088
1790504119.718288183,0.011746059,0.009802528,-0.023523789,0.697737536,-0.716352503,0.000899529,-0.000783132
1790504119.751626730,0.011741010,0.009811774,-0.023519132,0.697748756,-0.716341572,0.000903249,-0.000780400
1790504119.784960270,0.011738662,0.009815315,-0.023517138,0.697747536,-0.716342763,0.000903505,-0.000778128
1790504119.818293571,0.011737320,0.009813682,-0.023519710,0.697750313,-0.716340054,0.000919763,-0.000762558
1790504119.851626873,0.011748496,0.009806939,-0.023515471,0.697734919,-0.716355059,0.000902526,-0.000772728
1790504119.884959221,0.011758399,0.009800728,-0.023511219,0.697729595,-0.716360243,0.000893088,-0.000785394
1790504119.918292522,0.011760708,0.009791842,-0.023513125,0.697705859,-0.716383355,0.000901459,-0.000781412
1790504119.951625824,0.011767930,0.009787291,-0.023512102,0.697702784,-0.716386367,0.000877793,-0.000792554
1790504119.984958887,0.011767459,0.009783205,-0.023519922,0.697691820,-0.716397026,0.000888057,-0.000797238
1790504120.018290997,0.011767312,0.009780311,-0.023523232,0.697679234,-0.716409297,0.000878398,-0.000796467
1790504120.051624298,0.011767680,0.009779700,-0.023520901,0.697670340,-0.716417952,0.000875251,-0.000804761
1790504120.084957600,0.011772476,0.009780512,-0.023518341,0.697656291,-0.716431641,0.000863347,-0.000811455
1790504120.118289471,0.011779856,0.009780418,-0.023514169,0.697649272,-0.716438472,0.000856179,-0.000822375
1790504120.151622534,0.011780579,0.009778387,-0.023508888,0.697629716,-0.716457517,0.000846862,-0.000829653
1790504120.184955835,0.011775017,0.009780933,-0.023517100,0.697630704,-0.716456538,0.000854005,-0.000837786
1790504120.218288898,0.011780474,0.009779111,-0.023519538,0.697612621,-0.716474127,0.000854957,-0.000851526
1790504120.251620770,0.011790931,0.009774258,-0.023513781,0.697601160,-0.716485328,0.000824448,-0.000846021
1790504120.284953833,0.011801528,0.009771165,-0.023500066,0.697594052,-0.716492251,0.000810136,-0.000858475
1790504120.318286896,0.011806033,0.009770771,-0.023495120,0.697579984,-0.716505955,0.000795441,-0.000866075
1790504120.351619005,0.011792551,0.009776543,-0.023501753,0.697579601,-0.716506327,0.000798958,-0.000863857
1790504120.384951591,0.011776057,0.009779341,-0.023511722,0.697571499,-0.716514208,0.000801321,-0.000866878
1790504120.418284655,0.011765853,0.009781390,-0.023517073,0.697560368,-0.716525032,0.000808080,-0.000871119
1790504120.451617479,0.011768661,0.009785121,-0.023515793,0.697555162,-0.716530100,0.000791210,-0.000886452
1790504120.484949350,0.011772490,0.009787679,-0.023517978,0.697553709,-0.716531525,0.000783290,-0.000885313
1790504120.518282175,0.011776417,0.009781134,-0.023518989,0.697534982,-0.716549759,0.000773525,-0.000891233
1790504120.551615000,0.011771008,0.009775725,-0.023516113,0.697524468,-0.716559980,0.000774916,-0.000900536
1790504120.584948063,0.011772901,0.009774540,-0.023521271,0.697520343,-0.716564012,0.000763505,-0.000896871
1790504120.618279457,0.011793532,0.009774808,-0.023541740,0.697521518,-0.716562893,0.000741348,-0.000896007
1790504120.651612282,0.011789488,0.009759938,-0.023554721,0.697513333,-0.716570850,0.000740821,-0.000904639
1790504120.684945107,0.011727774,0.009720010,-0.023541680,0.697503765,-0.716580170,0.000737416,-0.000901532
1790504120.718276739,0.011661500,0.009662727,-0.023494881,0.697488199,-0.716595330,0.000721636,-0.000908320
1790504120.751609564,0.011608641,0.009605001,-0.023456558,0.697480192,-0.716603113,0.000735849,-0.000904646
1790504120.784942150,0.011541590,0.009548643,-0.023439838,0.697471109,-0.716611966,0.000707064,-0.000918099
1790504120.818274736,0.011470457,0.009487001,-0.023405029,0.697463408,-0.716619448,0.000708993,-0.000926560
1790504120.851605892,0.011410010,0.009427663,-0.023385384,0.697440757,-0.716641497,0.000696265,-0.000932878
1790504120.884938478,0.011384828,0.009376243,-0.023398276,0.697447368,-0.716635051,0.000694750,-0.000943033
1790504120.918271065,0.011345169,0.009312915,-0.023394428,0.697421113,-0.716660590,0.000685994,-0.000958797
1790504120.951603174,0.011228877,0.009221269,-0.023327663,0.697414648,-0.716666850,0.000699343,-0.000972803
1790504120.984934568,0.011132479,0.009117802,-0.023198715,0.697325855,-0.716753275,0.000664302,-0.000976327
1790504121.018266916,0.011107514,0.009055123,-0.023099524,0.696886075,-0.717181093,0.000480874,-0.000920218
1790504121.051599026,0.011109484,0.009078245,-0.023111424,0.697298442,-0.716779929,0.000591303,-0.001032214
1790504121.084930420,0.011058373,0.009127341,-0.023153500,0.697330147,-0.716749018,0.000686723,-0.001019481
1790504121.118262768,0.010990450,0.009189760,-0.023155531,0.696736770,-0.717326195,0.000444306,-0.000898010
1790504121.151594877,0.010949680,0.009316242,-0.023278761,0.697317125,-0.716761650,0.000692254,-0.001041674
1790504121.184926987,0.011059443,0.009459624,-0.023408518,0.697370139,-0.716710067,0.000685144,-0.001048393
1790504121.218258381,0.011198425,0.009534504,-0.023314635,0.697353245,-0.716726431,0.000663466,-0.001111660
1790504121.251590252,0.011209379,0.009570379,-0.023107157,0.696644197,-0.717416301,-0.000032398,-0.000844618
1790504121.284922361,0.011269710,0.009678179,-0.023106587,0.697229600,-0.716846915,0.000468720,-0.001079278
1790504121.318254709,0.011378450,0.009854660,-0.023353757,0.697497498,-0.716586213,0.000531939,-0.001075423
1790504121.351585388,0.011431652,0.009967712,-0.023534761,0.697999435,-0.716098025,-0.000080354,-0.000633347
1790504121.384917498,0.011413987,0.009925690,-0.023511058,0.697498912,-0.716584650,0.000593809,-0.001163629
1790504121.418249607,0.011355323,0.009741210,-0.023327577,0.697402655,-0.716678181,0.000582339,-0.001258298
1790504121.451580524,0.011333006,0.009490408,-0.023108805,0.696814664,-0.717250718,0.000160026,-0.000840071
1790504121.484912395,0.011333606,0.009254533,-0.022952950,0.696247026,-0.717802222,-0.000219467,-0.000026547
1790504121.518244028,0.011263740,0.008906217,-0.022869871,0.695353921,-0.718666243,0.000803155,0.001053944
1790504121.551576138,0.011006733,0.008346808,-0.022835436,0.692903787,-0.721024198,0.002001153,0.002107863
1790504121.584907055,0.010423181,0.007542326,-0.023024295,0.690426515,-0.723381097,0.004993633,0.002465627
1790504121.618238688,0.009451000,0.006350321,-0.023644923,0.689442437,-0.724285290,0.008719137,0.001980395
1790504121.651570559,0.008102521,0.004601037,-0.024831865,0.690711395,-0.723059202,0.010153352,-0.000262479
1790504121.684901237,0.006440118,0.002148813,-0.026625922,0.693374664,-0.720492939,0.010251121,-0.004051533
1790504121.718232870,0.004540596,-0.001096286,-0.028947487,0.697681587,-0.716302409,0.010434966,-0.006509522
1790504121.751564741,0.002516098,-0.005088477,-0.031698662,0.702855653,-0.711209150,0.010934084,-0.007478176
1790504121.784898520,0.000505537,-0.009739179,-0.034782708,0.707826672,-0.706224284,0.012669179,-0.008255554
1790504121.818231106,-0.001437822,-0.014904364,-0.038129368,0.711964611,-0.702054422,0.012354003,-0.008565053
1790504121.851565123,-0.003339049,-0.020415278,-0.041783715,0.716489214,-0.697426627,0.013107271,-0.008216177
1790504121.884898901,-0.005184487,-0.026116815,-0.045767908,0.723136170,-0.690535977,0.013634431,-0.006946023
1790504121.918232679,-0.006796864,-0.031981987,-0.049904161,0.727064682,-0.686451246,0.012240935,-0.003434295
1790504121.951565504,-0.008033975,-0.038100478,-0.053905094,0.734539408,-0.678472586,0.011234901,0.000764848
1790504121.984899282,-0.008972320,-0.044385876,-0.057807849,0.737282302,-0.675483081,0.008409184,0.008166960
1790504122.018232822,-0.009803243,-0.050628723,-0.061768660,0.741900899,-0.670305673,0.005542664,0.015576927
1790504122.051565647,-0.010602072,-0.056656919,-0.065899220,0.744623066,-0.667212345,0.009447291,0.016580853
1790504122.084899426,-0.011422842,-0.062444998,-0.070026187,0.750140312,-0.660764868,0.009052272,0.024440903
1790504122.118232965,-0.012153244,-0.068000831,-0.074025314,0.753013612,-0.657121826,0.009852936,0.032624008
1790504122.151566744,-0.012705457,-0.073323629,-0.077774048,0.755943369,-0.653277188,0.008682320,0.041269306
1790504122.184899330,-0.013057163,-0.078326101,-0.081260008,0.759898756,-0.648182438,0.006019830,0.048756224
1790504122.218232870,-0.013332029,-0.082925829,-0.084549911,0.762343293,-0.644797547,0.004801278,0.055188528
1790504122.251566648,-0.013708647,-0.087081370,-0.087646956,0.764683985,-0.641487480,0.005305853,0.061025112
1790504122.284900427,-0.014242230,-0.090887440,-0.090424858,0.766131874,-0.639183064,0.006770669,0.066641734
1790504122.318233013,-0.014945816,-0.094527286,-0.092853931,0.768582010,-0.635894702,0.008456993,0.069628306
1790504122.351566315,-0.015974400,-0.098239674,-0.095080618,0.771248756,-0.632275935,0.010770826,0.072708233
1790504122.384900093,-0.017454894,-0.102290576,-0.097228050,0.774997286,-0.627101304,0.013144390,0.077138748
1790504122.418232679,-0.019260974,-0.106477201,-0.099357404,0.768182395,-0.633869076,0.020405813,0.087689255
1790504122.451566219,-0.021197364,-0.110680244,-0.101063818,0.771952279,-0.628509097,0.027719880,0.091091173
1790504122.484899759,-0.023117867,-0.114858218,-0.102136105,0.770164577,-0.629270387,0.035405667,0.098039499
1790504122.518233299,-0.025015548,-0.118987429,-0.102369073,0.763578970,-0.635165496,0.045190947,0.107096817
1790504122.551565886,-0.027080113,-0.122868184,-0.101794432,0.757900950,-0.639582699,0.058150622,0.114623846
1790504122.584899426,-0.029361595,-0.126403861,-0.100598183,0.751395501,-0.644478022,0.072349217,0.121731144
1790504122.618232965,-0.031769646,-0.129649598,-0.098976816,0.745172171,-0.649566395,0.084452234,0.125098976
1790504122.651566267,-0.034355502,-0.132594084,-0.097235000,0.737801306,-0.654858001,0.098829944,0.130548354
1790504122.684898615,-0.037182763,-0.135278140,-0.095588170,0.735206193,-0.654892656,0.112308126,0.134068443
1790504122.718232155,-0.040222372,-0.137720182,-0.094219633,0.749276698,-0.639482708,0.119075602,0.124367589
1790504122.751565695,-0.043315194,-0.140074128,-0.093232802,0.752059678,-0.634109329,0.127834587,0.126372141
1790504122.784903049,-0.046248503,-0.142705647,-0.092289372,0.749638025,-0.636382760,0.131409889,0.125663261
1790504122.818241358,-0.049101399,-0.145674616,-0.091329279,0.749449024,-0.636929728,0.131951445,0.123432162
1790504122.851580143,-0.052082822,-0.148709719,-0.090705455,0.751646147,-0.634867268,0.131731602,0.120906603
1790504122.884918690,-0.054928041,-0.151523892,-0.090482743,0.752373535,-0.633285748,0.134177814,0.121981713
1790504122.918256044,-0.057077030,-0.154017170,-0.090335020,0.747832227,-0.637164138,0.136908151,0.126589810
1790504122.951594830,-0.058185854,-0.155977067,-0.089968442,0.744034292,-0.641036738,0.135455912,0.130906721
1790504122.984933376,-0.058476924,-0.157444752,-0.089318626,0.758105455,-0.630068859,0.121029194,0.116795919
1790504123.018270969,-0.058353780,-0.158374978,-0.088802410,0.755717979,-0.634229330,0.113136872,0.117658585
1790504123.051609516,-0.058056711,-0.158900434,-0.088434400,0.758070644,-0.632316713,0.112304563,0.113543644
1790504123.084948301,-0.057809338,-0.159130739,-0.088241943,0.760444923,-0.630248167,0.111146345,0.110259956
1790504123.118287086,-0.057620476,-0.159186312,-0.088154237,0.761459181,-0.629678995,0.108929119,0.108713965
1790504123.151624680,-0.057288074,-0.159018340,-0.088086939,0.761607627,-0.630037817,0.105572164,0.108906796
1790504123.184963465,-0.056713038,-0.158618797,-0.087960893,0.762370311,-0.629602494,0.102310089,0.109200978
1790504123.218302250,-0.055968105,-0.158159255,-0.087652246,0.761651228,-0.630433637,0.100150940,0.111402986
1790504123.251641035,-0.055065331,-0.157773558,-0.087114692,0.758860926,-0.632960649,0.099748297,0.116366615
1790504123.284979105,-0.053838200,-0.157476638,-0.086498709,0.753663039,-0.638289657,0.099647458,0.121031904
1790504123.318317652,-0.052241075,-0.157186065,-0.086011012,0.751302355,-0.640620802,0.097300265,0.125229458
1790504123.351656437,-0.050388318,-0.156819100,-0.085759507,0.751144145,-0.640379284,0.094781893,0.129279693
1790504123.384994268,-0.048276757,-0.156453841,-0.085694365,0.750401536,-0.640379650,0.093045776,0.134736492
1790504123.418333530,-0.045766228,-0.156180124,-0.085817467,0.749984495,-0.639862418,0.090781298,0.140918768
1790504123.451672316,-0.042867041,-0.155840730,-0.086282373,0.748758742,-0.640062812,0.088441747,0.147844514
1790504123.485011339,-0.039657052,-0.155342544,-0.087033613,0.748464515,-0.638485037,0.088326598,0.156000447
1790504123.518349409,-0.036251635,-0.154834773,-0.087916605,0.746471614,-0.636428972,0.094471460,0.169745208
1790504123.551688194,-0.032680084,-0.154466457,-0.088726432,0.743611832,-0.635931947,0.100194396,0.180535551
1790504123.585027456,-0.028928810,-0.154225848,-0.089354753,0.740882412,-0.636194662,0.103400655,0.188833014
1790504123.618366480,-0.025106051,-0.153992154,-0.089846986,0.738051200,-0.636217085,0.106383489,0.197966664
1790504123.651704550,-0.021298965,-0.153694103,-0.090282365,0.736281160,-0.635549061,0.107585586,0.205895083
1790504123.685043812,-0.017514983,-0.153323583,-0.090711326,0.733873540,-0.634903946,0.110915939,0.214532656
1790504123.718382835,-0.013815455,-0.152869367,-0.091163467,0.731868980,-0.634286536,0.112997327,0.221990969
1790504123.751720905,-0.010246719,-0.152314178,-0.091695231,0.729635960,-0.633895306,0.115109952,0.229254893
1790504123.785056114,-0.006839171,-0.151647939,-0.092274306,0.728746360,-0.631730529,0.117123449,0.236912177
1790504123.818391085,-0.003632378,-0.151028184,-0.092828642,0.726689745,-0.630780419,0.118993454,0.244701116
1790504123.851726055,-0.000988362,-0.150583533,-0.093375949,0.725127692,-0.630104679,0.120189117,0.250424639
1790504123.885060310,0.000631287,-0.150360384,-0.093969417,0.723633094,-0.629227306,0.123330314,0.255377712
1790504123.918395281,0.001551083,-0.150198514,-0.094611508,0.702550717,-0.628920401,0.144417526,0.300041992
1790504123.951730251,0.002336377,-0.149979282,-0.095107897,0.698121628,-0.635997819,0.149255201,0.293011691
1790504123.985065222,0.003331959,-0.149627127,-0.095285400,0.698527912,-0.630191631,0.150392938,0.303807882
1790504124.018399239,0.004698295,-0.149093434,-0.095319796,0.699032356,-0.626560176,0.150424016,0.310078582
1790504124.051734209,0.006239185,-0.148443191,-0.095391692,0.698972829,-0.624294599,0.152326257,0.313831085
1790504124.085069180,0.007826967,-0.147794393,-0.095515643,0.698579022,-0.622873157,0.154664026,0.316378601
1790504124.118402958,0.009376220,-0.147236679,-0.095647571,0.698175266,-0.621693982,0.158058974,0.317907614
1790504124.151737928,0.010790292,-0.146770667,-0.095814326,0.696579387,-0.620306456,0.163706725,0.321243158
1790504124.185072899,0.012182215,-0.146411149,-0.096053925,0.695349909,-0.618615624,0.168050134,0.324903626
1790504124.218407869,0.013628294,-0.146166915,-0.096471233,0.696384117,-0.617760077,0.167388500,0.324657881
1790504124.251741886,0.014849400,-0.145952102,-0.097145782,0.699982363,-0.616318344,0.165101365,0.320808246
1790504124.285076618,0.015521308,-0.145751324,-0.098065901,0.703788574,-0.613363439,0.163761376,0.318824633
1790504124.318411589,0.015524695,-0.145593588,-0.099233589,0.708676903,-0.609190772,0.162805207,0.316477669
1790504124.351745605,0.014885054,-0.145522893,-0.100584525,0.713570107,-0.605103657,0.163627468,0.312879080
1790504124.385080338,0.013727953,-0.145601457,-0.101957029,0.717393179,-0.601105585,0.166128119,0.310516588
1790504124.418415308,0.012142766,-0.145825244,-0.103200395,0.721735341,-0.596937088,0.169421563,0.306692916
1790504124.451750040,0.010288531,-0.146187239,-0.104208666,0.726216947,-0.593521986,0.171814154,0.301364387
1790504124.485084057,0.008336406,-0.146678200,-0.104951239,0.730051107,-0.592608445,0.171461258,0.294009606
1790504124.518418789,0.006213658,-0.147179601,-0.105426528,0.734046412,-0.592284471,0.169282842,0.285864110
1790504124.551753521,0.003743808,-0.147519644,-0.105714335,0.738172254,-0.591707860,0.166919528,0.277707405
1790504124.585088491,0.000960347,-0.147653532,-0.105881870,0.741940873,-0.592805130,0.162940585,0.267499878
1790504124.618422031,-0.002094097,-0.147620958,-0.105868982,0.746145446,-0.594310098,0.157573464,0.255407681
1790504124.651756763,-0.005445721,-0.147462296,-0.105634556,0.748585450,-0.597052100,0.152653744,0.244633294
1790504124.685091496,-0.009047416,-0.147213985,-0.105183957,0.750364989,-0.600257309,0.147876637,0.234042830
1790504124.718425274,-0.012715357,-0.146869481,-0.104571993,0.752536953,-0.602695339,0.143225884,0.223456506
1790504124.751760006,-0.016290225,-0.146467364,-0.103893748,0.754550185,-0.604621261,0.139562238,0.213563879
1790504124.785094738,-0.019711910,-0.146141281,-0.103185583,0.755469409,-0.605743847,0.138866662,0.207500396
1790504124.818429470,-0.022793988,-0.146020888,-0.102430959,0.755811083,-0.606929072,0.138919865,0.202701698
1790504124.851763010,-0.025303823,-0.146128081,-0.101571738,0.755416936,-0.608867868,0.137984780,0.198960731
1790504124.885097742,-0.027192328,-0.146345980,-0.100601645,0.754300812,-0.611171396,0.136815811,0.196929541
1790504124.918432474,-0.028562251,-0.146534165,-0.099619300,0.752886190,-0.612299302,0.137669172,0.198240130
1790504124.951766729,-0.029471526,-0.146627336,-0.098780070,0.751333604,-0.613562559,0.138423879,0.199693843
1790504124.985100508,-0.029932100,-0.146593599,-0.098153389,0.749787971,-0.614011548,0.140587573,0.202590604
1790504125.018435001,-0.029986376,-0.146385151,-0.097765835,0.748019478,-0.613704518,0.144345630,0.207359505
1790504125.051769733,-0.029722590,-0.145986039,-0.097597106,0.745357304,-0.612586516,0.150306266,0.215843173
1790504125.085103273,-0.029097139,-0.145452131,-0.097535802,0.741701389,-0.611014325,0.158492444,0.226761303
1790504125.118437767,-0.027941601,-0.144877089,-0.097461291,0.738651446,-0.610433161,0.163991102,0.234248406
1790504125.151772261,-0.026106872,-0.144335171,-0.097332263,0.736351375,-0.610593515,0.165550421,0.239906794
1790504125.185106754,-0.023697142,-0.143797788,-0.097250006,0.734065194,-0.611250758,0.165732439,0.245058281
1790504125.218440294,-0.020860697,-0.143204624,-0.097273423,0.731284967,-0.612039321,0.166206587,0.251009037
1790504125.251774549,-0.017599556,-0.142561263,-0.097307233,0.728508777,-0.611913447,0.167568980,0.258374789
1790504125.285109043,-0.013882748,-0.141885195,-0.097237036,0.724665875,-0.613596176,0.167940628,0.264867982
1790504125.318443537,-0.009788084,-0.141259360,-0.096844889,0.716719404,-0.616657391,0.173110689,0.275825393
1790504125.351777077,-0.005329316,-0.140778700,-0.096060768,0.708365603,-0.620608846,0.177218762,0.285755741
1790504125.385111570,-0.000665461,-0.140330902,-0.095132313,0.706245282,-0.619652485,0.177178960,0.293011972
1790504125.418445826,0.003873471,-0.139753104,-0.094361793,0.704621133,-0.617883922,0.176694025,0.300845042
1790504125.451779366,0.008094632,-0.138943301,-0.093835130,0.702111158,-0.617610344,0.176043784,0.307580836
1790504125.485113859,0.012263200,-0.137919493,-0.093416419,0.698366376,-0.617857561,0.176818463,0.315074071
1790504125.518448114,0.016702552,-0.136761307,-0.092888906,0.695458419,-0.617686855,0.178416888,0.320886194
1790504125.551782370,0.021726414,-0.135529617,-0.092010048,0.692204969,-0.617475214,0.180915334,0.326873497
1790504125.585115671,0.027109314,-0.134245483,-0.090673110,0.682397909,-0.626535097,0.182332098,0.329456936
1790504125.618449926,0.032651801,-0.132934962,-0.088829178,0.680857230,-0.625197242,0.184084041,0.334177956
1790504125.651784182,0.038055022,-0.131559025,-0.086768280,0.674400661,-0.629626607,0.184976763,0.338434160
1790504125.685117722,0.043253757,-0.130324682,-0.084664750,0.668721924,-0.632718489,0.187089975,0.342747201
1790504125.718451977,0.048067142,-0.129392884,-0.082835376,0.661832145,-0.635798740,0.191765025,0.347799294
1790504125.751786232,0.052581201,-0.128664299,-0.081571901,0.657292434,-0.636892746,0.194969630,0.352592016
1790504125.785120487,0.056958954,-0.127977634,-0.080988663,0.657037895,-0.635907114,0.192713889,0.356068398
1790504125.818453789,0.061183636,-0.127375933,-0.080841002,0.657724003,-0.634054575,0.189745223,0.359681361
1790504125.851788282,0.065045437,-0.126984446,-0.080795810,0.656349204,-0.632652319,0.190218764,0.364381102
1790504125.885122776,0.068407651,-0.126866909,-0.080735113,0.654550228,-0.631336152,0.193001184,0.368414448
1790504125.918457031,0.071390551,-0.126969901,-0.080697198,0.652072997,-0.630568445,0.196650385,0.372173171
1790504125.951790571,0.074100061,-0.127218625,-0.080708201,0.651328646,-0.630172619,0.198763584,0.373023463
1790504125.985125065,0.076530912,-0.127564147,-0.080755408,0.649402511,-0.630481019,0.199885273,0.375254501
1790504126.018459320,0.078684750,-0.127927365,-0.080856073,0.648083366,-0.630083569,0.201660136,0.377247711
1790504126.051792622,0.080610692,-0.128210414,-0.080998311,0.647082040,-0.629368097,0.203947093,0.378927717
1790504126.085126877,0.082485300,-0.128451824,-0.081114515,0.648228711,-0.626585977,0.205294984,0.380845797
1790504126.118461370,0.084579596,-0.128732995,-0.081149813,0.647327558,-0.626657120,0.204877414,0.382482850
1790504126.151795864,0.087206934,-0.129107937,-0.080998997,0.648159150,-0.623842730,0.205159788,0.385511901
1790504126.185129166,0.090393600,-0.129530729,-0.080683516,0.646469296,-0.622641548,0.206351726,0.389633054
1790504126.218463659,0.094032989,-0.129928819,-0.080282092,0.644806083,-0.623688736,0.205603537,0.391106969
1790504126.251797915,0.098163336,-0.130258225,-0.079859773,0.641601258,-0.623409048,0.208035824,0.395512427
1790504126.285132408,0.102946545,-0.130481497,-0.079535235,0.637538256,-0.623660200,0.209760066,0.400741366
1790504126.318465471,0.108420591,-0.130519062,-0.079474755,0.634416243,-0.622857331,0.210340941,0.406597422
1790504126.351799965,0.114577771,-0.130355341,-0.079619610,0.631327959,-0.621927512,0.209320198,0.413299206
1790504126.385134459,0.121451037,-0.130063398,-0.079701371,0.627287460,-0.622161089,0.206527339,0.420443194
1790504126.418467760,0.128799164,-0.129656230,-0.079623456,0.622717374,-0.622518528,0.205518774,0.427148438
1790504126.451802015,0.136290429,-0.129072618,-0.079442913,0.619367483,-0.624320221,0.201681839,0.431199047
1790504126.485136509,0.143873367,-0.128291548,-0.079132468,0.615016427,-0.624150149,0.201653798,0.437638130
1790504126.518470764,0.151478545,-0.127368698,-0.078679983,0.611107602,-0.623775146,0.201655389,0.443606999
1790504126.551804304,0.158973505,-0.126424506,-0.078180847,0.606335858,-0.622223501,0.204283658,0.451068652
1790504126.585138321,0.166238874,-0.125558776,-0.077691958,0.601746167,-0.621947601,0.203057083,0.458094481
1790504126.618472815,0.173372879,-0.124760887,-0.077234772,0.597344155,-0.621759717,0.203856547,0.463721169
1790504126.651807070,0.180417817,-0.123976823,-0.076839445,0.593027357,-0.621208059,0.204827436,0.469536817
1790504126.685140610,0.187289715,-0.123139101,-0.076594242,0.587406211,-0.624311088,0.204915415,0.472439712
1790504126.718474865,0.193962393,-0.122307437,-0.076474078,0.581891070,-0.623399130,0.208651014,0.478791251
1790504126.751809120,0.200435178,-0.121491540,-0.076404936,0.577002867,-0.623684423,0.207039943,0.484994735
1790504126.785146713,0.206785464,-0.120587143,-0.076344660,0.573470215,-0.623894466,0.205559420,0.489523168
1790504126.818485260,0.212880585,-0.119609537,-0.076345718,0.570470239,-0.623744501,0.204644166,0.493586132
1790504126.851824045,0.218587797,-0.118688086,-0.076457097,0.566177367,-0.623135966,0.205403298,0.498953146
1790504126.885162592,0.223887963,-0.117806072,-0.076716019,0.562945076,-0.623077812,0.205077591,0.502802211
1790504126.918500185,0.228794731,-0.116960445,-0.077061584,0.560632924,-0.622691517,0.204859193,0.505943386
1790504126.951838970,0.233410963,-0.116273299,-0.077341999,0.557593240,-0.622293052,0.204614187,0.509876623
1790504126.985177517,0.237808220,-0.115806048,-0.077525935,0.553966927,-0.622375160,0.204241020,0.513863220
1790504127.018515348,0.242027908,-0.115479482,-0.077644665,0.551252362,-0.622732316,0.204152707,0.516378706
1790504127.051853895,0.246128549,-0.115151440,-0.077688337,0.549344402,-0.622864924,0.203810216,0.518383459
1790504127.085192919,0.250177041,-0.114670581,-0.077628478,0.547625065,-0.622521335,0.203188813,0.520853417
1790504127.118531704,0.254276237,-0.113889113,-0.077501008,0.546106180,-0.622340741,0.202901281,0.522772524
1790504127.151869535,0.258515351,-0.112837640,-0.077372214,0.544090936,-0.621713707,0.204566656,0.524966287
1790504127.185208559,0.262794724,-0.111554003,-0.077388225,0.541333854,-0.620700505,0.204520372,0.529017919
1790504127.218547344,0.267007884,-0.110101570,-0.077601868,0.540306856,-0.619828448,0.203255917,0.531571471
1790504127.251886368,0.271227413,-0.108600406,-0.077866605,0.537429514,-0.619426407,0.203196229,0.534968911
1790504127.285224438,0.275544452,-0.107101625,-0.078055312,0.534667700,-0.619673910,0.202199265,0.537819814
1790504127.318563223,0.279979365,-0.105495996,-0.078076207,0.531817027,-0.620235524,0.201137896,0.540390684
1790504127.351902246,0.284526143,-0.103668038,-0.077947898,0.528841440,-0.620951059,0.199934736,0.542929659
1790504127.385240555,0.289157832,-0.101629535,-0.077748723,0.525601369,-0.621810580,0.197777035,0.545874572
1790504127.418579578,0.293836681,-0.099441067,-0.077466713,0.523546443,-0.622459327,0.195132364,0.548057359
1790504127.451918602,0.298580651,-0.097199643,-0.076972825,0.520819256,-0.623455322,0.192939888,0.550295342
1790504127.485257864,0.303338463,-0.095015646,-0.076239995,0.517561727,-0.624620075,0.191823087,0.552434181
1790504127.518595934,0.308073233,-0.092909861,-0.075293468,0.514043930,-0.625909420,0.191457107,0.554382911
1790504127.551935196,0.312865775,-0.090809812,-0.074176782,0.510785206,-0.627771565,0.190418911,0.555645548
1790504127.585274458,0.317650134,-0.088640831,-0.073024700,0.507984501,-0.629488654,0.189234744,0.556674045
1790504127.618613720,0.322372485,-0.086361930,-0.071936680,0.504409639,-0.631284681,0.189057312,0.557949730
1790504127.651952267,0.327182368,-0.083896963,-0.070996832,0.500469553,-0.633190736,0.187977758,0.559699992
1790504127.685291529,0.332146054,-0.081108552,-0.070365444,0.497173091,-0.634147626,0.184529702,0.562693962
1790504127.718630791,0.337246308,-0.077928158,-0.070037717,0.495722253,-0.633993203,0.178904079,0.565955296
1790504127.751969337,0.342493382,-0.074496322,-0.069760531,0.494041168,-0.634767070,0.172662779,0.568490682
1790504127.785304070,0.347731611,-0.071081223,-0.069371013,0.490377620,-0.636444681,0.167773952,0.571244132
1790504127.818638563,0.352785323,-0.067885964,-0.068924100,0.485793380,-0.637664526,0.165749540,0.574383003
1790504127.851973534,0.357530159,-0.065023864,-0.068549590,0.482686038,-0.638623685,0.163016004,0.576714627
1790504127.885307312,0.361975979,-0.062582891,-0.068204570,0.483112320,-0.636649020,0.168165238,0.577062358
1790504127.918642044,0.366187799,-0.060590674,-0.067812472,0.478534219,-0.637960484,0.168863755,0.579220558
1790504127.951976776,0.370399717,-0.058862528,-0.067463059,0.475827775,-0.639333938,0.167430037,0.580350952
1790504127.985311747,0.374695154,-0.057178931,-0.067133542,0.474014489,-0.640564815,0.164916598,0.581196608
1790504128.018645525,0.379101071,-0.055535449,-0.066677655,0.470831845,-0.642477612,0.162629769,0.582315593
1790504128.051980257,0.383430688,-0.053987136,-0.066083853,0.466685013,-0.644273637,0.160770262,0.584182765
1790504128.085314989,0.387539628,-0.052503419,-0.065426698,0.462996614,-0.645920666,0.157404984,0.586211822
1790504128.118648767,0.391363808,-0.051120434,-0.064708611,0.460080534,-0.647664305,0.154158108,0.587445425
1790504128.151983500,0.394879809,-0.049865059,-0.063846595,0.456672477,-0.649502855,0.152186542,0.588587756
1790504128.185317755,0.398107859,-0.048642184,-0.062773351,0.453913297,-0.651550125,0.150434098,0.588909786
1790504128.218652487,0.401024161,-0.047339284,-0.061469065,0.451534688,-0.653591995,0.149512608,0.588710379
1790504128.251986265,0.403776220,-0.045844091,-0.059962881,0.447901656,-0.655211256,0.147741634,0.590131109
1790504128.285320997,0.406393691,-0.044117062,-0.058421579,0.444987873,-0.656996922,0.144593592,0.591129031
1790504128.318655729,0.408729355,-0.042234596,-0.056963888,0.443344694,-0.658444818,0.141162075,0.591581924
1790504128.351989269,0.410760765,-0.040288877,-0.055528634,0.441708648,-0.660247951,0.137741290,0.591602442
1790504128.385324001,0.412542163,-0.038368261,-0.053979567,0.438430566,-0.663059479,0.136198088,0.591253623
1790504128.418658495,0.414118694,-0.036467831,-0.052243876,0.434477527,-0.666722899,0.135992766,0.590098146
1790504128.451993227,0.415532333,-0.034486862,-0.050453013,0.431541663,-0.669853869,0.134294571,0.589094692
1790504128.485326767,0.416793216,-0.032463551,-0.048740027,0.428993356,-0.671360791,0.132754752,0.589589318
1790504128.518661261,0.417844416,-0.030634554,-0.047065670,0.425607001,-0.674088798,0.131400581,0.589234130
1790504128.551995754,0.418668594,-0.029085952,-0.045432070,0.422887410,-0.675610855,0.131412848,0.589446244
1790504128.585330486,0.419297362,-0.027763871,-0.043926084,0.421367950,-0.677036092,0.130149692,0.589179293
1790504128.618664026,0.419806072,-0.026651718,-0.042530290,0.418991907,-0.678435650,0.129933340,0.589311613
1790504128.651998520,0.420164593,-0.025728632,-0.041286379,0.417661574,-0.679365505,0.129786625,0.589217068
1790504128.685333014,0.420370948,-0.024971279,-0.040280058,0.416111794,-0.680034007,0.129576814,0.589588478
1790504128.718666553,0.420447352,-0.024394704,-0.039541043,0.415705220,-0.680401914,0.128755055,0.589630851
1790504128.752001286,0.420358885,-0.024000620,-0.039049628,0.416186972,-0.679906324,0.128804642,0.589851812
1790504128.785337210,0.420199141,-0.023695835,-0.038745774,0.415182997,-0.680169548,0.128139384,0.590400511
1790504128.818673372,0.419962501,-0.023422490,-0.038659916,0.415012729,-0.680168361,0.127084474,0.590749500
1790504128.852008581,0.419610396,-0.023188089,-0.038785247,0.414728683,-0.679684055,0.126938485,0.591537257
1790504128.885344744,0.419430998,-0.022974540,-0.038956547,0.413561521,-0.679733331,0.125517168,0.592600125
1790504128.918680668,0.419522792,-0.022771867,-0.039127107,0.413081897,-0.679962679,0.123296942,0.593137391
1790504128.952016830,0.419793903,-0.022627366,-0.039291764,0.412702213,-0.680272104,0.121671565,0.593382489
1790504128.985352039,0.420284510,-0.022520457,-0.039369724,0.410800625,-0.681620145,0.119906275,0.593514372
1790504129.018688202,0.420915010,-0.022327183,-0.039405190,0.410036180,-0.682228623,0.118325800,0.593661050
1790504129.052024364,0.421590164,-0.021876301,-0.039334684,0.408776250,-0.683147006,0.116780379,0.593779832
1790504129.085359573,0.422217939,-0.020999056,-0.039066726,0.406161539,-0.684210794,0.115711420,0.594558037
1790504129.118695736,0.422638464,-0.019652729,-0.038619154,0.404437149,-0.685396205,0.114326198,0.594636154
1790504129.152031898,0.422960565,-0.018152088,-0.037991603,0.410720064,-0.681513355,0.120180706,0.593637241
1790504129.185368061,0.423037402,-0.016727371,-0.037311905,0.407475500,-0.684820706,0.117021819,0.592697402
1790504129.218703270,0.423086448,-0.015599447,-0.036560636,0.408175511,-0.684749664,0.115393322,0.592617103
1790504129.252039433,0.423041936,-0.014795119,-0.035696896,0.407440736,-0.686292874,0.111902470,0.592006735
1790504129.285375834,0.422870395,-0.014302961,-0.034706975,0.406580453,-0.687893326,0.108801667,0.591318277
1790504129.318711996,0.422779597,-0.014027356,-0.033584840,0.404778342,-0.690832466,0.103785097,0.590028517
1790504129.352047205,0.422878716,-0.013888098,-0.032434696,0.402478142,-0.691035521,0.105369921,0.591082426
1790504129.385383368,0.423135975,-0.013853821,-0.031326919,0.398523726,-0.694919402,0.100211238,0.590104713
1790504129.418719769,0.423459657,-0.013932484,-0.030335469,0.395140636,-0.697378974,0.098348031,0.589791581
1790504129.452054977,0.423522913,-0.014104074,-0.029424517,0.392127331,-0.698660767,0.097837729,0.590370280
1790504129.485391140,0.423528890,-0.014032719,-0.028391437,0.386647498,-0.700986727,0.098613171,0.591097931
1790504129.518727541,0.423887175,-0.013385483,-0.027292912,0.383042802,-0.702459839,0.095690788,0.592175362
1790504129.552063704,0.424678081,-0.012119004,-0.026352008,0.379031229,-0.703511554,0.089727840,0.594437327
1790504129.585398912,0.425713598,-0.010433163,-0.025544490,0.376869518,-0.704405724,0.080736189,0.596039940
1790504129.618735313,0.426589076,-0.008725811,-0.024893840,0.374009525,-0.704736195,0.076840631,0.597962615
1790504129.652071476,0.427153312,-0.007212285,-0.024370290,0.370573673,-0.708156472,0.066292469,0.597323089
1790504129.685406685,0.427741081,-0.005864031,-0.023916482,0.367406163,-0.710105749,0.061748509,0.597452641
1790504129.718743086,0.428282644,-0.004731434,-0.023531328,0.366277545,-0.709737253,0.061499458,0.598608059
1790504129.752079487,0.428730760,-0.003799607,-0.023263210,0.363729954,-0.710688450,0.060806844,0.599103476
1790504129.785412312,0.429210378,-0.002978548,-0.023134347,0.363016538,-0.710539399,0.059595732,0.599834231
1790504129.818743944,0.429677595,-0.002360375,-0.023210795,0.361295840,-0.710652802,0.059860279,0.600711792
1790504129.852076769,0.430045145,-0.002057938,-0.023469217,0.361540183,-0.710021689,0.060528361,0.601243890
1790504129.885409355,0.430383985,-0.001962027,-0.023852605,0.362223265,-0.709701649,0.060796863,0.601183514
1790504129.918741941,0.430744111,-0.001909216,-0.024349743,0.363174426,-0.709174358,0.059880548,0.601323861
1790504129.952073812,0.431123050,-0.001850599,-0.024858668,0.363860709,-0.708581429,0.058859863,0.601708617
1790504129.985406160,0.431442840,-0.001910775,-0.025302639,0.364450424,-0.708286937,0.058473368,0.601736129
1790504130.018738747,0.431576046,-0.002234384,-0.025791694,0.364313105,-0.707583081,0.059736843,0.602522742
1790504130.052070379,0.431406351,-0.002878404,-0.026446118,0.364424585,-0.707066658,0.061006266,0.602934241
1790504130.085402727,0.430855951,-0.003821540,-0.027362531,0.365310399,-0.706198454,0.062685563,0.603243381
1790504130.118735313,0.429929369,-0.005003642,-0.028686675,0.365015357,-0.705137590,0.065963930,0.604312442
1790504130.152067900,0.428743827,-0.006355429,-0.030666165,0.365563271,-0.703119933,0.069721029,0.605908271
1790504130.185399055,0.427476629,-0.007802837,-0.033641563,0.364190718,-0.700312742,0.076858086,0.609114126
1790504130.218731642,0.426145565,-0.009471752,-0.037583291,0.371370893,-0.695733751,0.077258096,0.609974913
1790504130.252063990,0.424830715,-0.011516944,-0.042029335,0.377620721,-0.691840930,0.078935675,0.610350619
1790504130.285396576,0.423691868,-0.013949095,-0.046473600,0.379617601,-0.687231298,0.088013646,0.613071952
1790504130.318727732,0.422664106,-0.016638638,-0.050838849,0.381601588,-0.684022359,0.093412003,0.614628211
1790504130.352060080,0.421789172,-0.019346277,-0.055360871,0.383686439,-0.679654120,0.101093300,0.616956350
1790504130.385392427,0.421174280,-0.021914583,-0.060097135,0.388098534,-0.674252639,0.108082782,0.618935391
1790504130.418723583,0.420871175,-0.024286200,-0.064990695,0.391141751,-0.669301627,0.112537049,0.621593819
1790504130.452055693,0.421008548,-0.026417772,-0.069921513,0.390864617,-0.665657233,0.115556104,0.625117658
1790504130.485388041,0.421667703,-0.028329811,-0.074761185,0.389705936,-0.662764982,0.118571099,0.628341274
1790504130.518720150,0.422655481,-0.030194588,-0.079490790,0.392981927,-0.657674017,0.120978297,0.631184874
1790504130.552051306,0.423766225,-0.032151864,-0.084081664,0.392288095,-0.654220783,0.126482823,0.634119320
1790504130.585383415,0.424948625,-0.034316037,-0.088402779,0.390774928,-0.651252962,0.130984741,0.637187204
1790504130.618715286,0.426155936,-0.036649180,-0.092637020,0.388513987,-0.650026099,0.135536990,0.638868278
1790504130.652047396,0.427340496,-0.039073744,-0.096928449,0.388586468,-0.644242197,0.144087767,0.642799552
1790504130.685378313,0.428429771,-0.041587531,-0.101260561,0.390203126,-0.637540393,0.152151296,0.646632624
1790504130.718710423,0.429495806,-0.044238358,-0.105488408,0.389552521,-0.633986419,0.159200770,0.648818286
1790504130.752042532,0.430770140,-0.047040192,-0.109428540,0.388064879,-0.630866137,0.164994798,0.651298921
1790504130.785377741,0.432357485,-0.049999468,-0.113067135,0.386892314,-0.627260238,0.173251080,0.653332223
1790504130.818713903,0.434187956,-0.053123434,-0.116353725,0.387479324,-0.625623093,0.178081370,0.653255345
1790504130.852050304,0.436385233,-0.056271841,-0.119261243,0.386533774,-0.622266509,0.187842064,0.654286934
1790504130.885386467,0.439014037,-0.059167487,-0.121897352,0.378546117,-0.629329792,0.185561400,0.652850532
1790504130.918721676,0.442205792,-0.061530795,-0.124395864,0.385454655,-0.622322137,0.189534325,0.654382615
1790504130.952057838,0.445589406,-0.063176185,-0.126847945,0.384521824,-0.622977704,0.184770280,0.655668888
1790504130.985394001,0.449089516,-0.064181761,-0.129125312,0.383919046,-0.621785657,0.182588937,0.657761387
1790504131.018729210,0.452722832,-0.064652260,-0.131131589,0.384354859,-0.620402226,0.181945628,0.658990295
1790504131.052065372,0.456581175,-0.064640407,-0.132868993,0.383835808,-0.619329498,0.181103802,0.660531951
1790504131.085401535,0.460631543,-0.064283064,-0.134428478,0.382815698,-0.618071750,0.180376549,0.662498116
1790504131.118737698,0.464866172,-0.063747853,-0.135840772,0.382412936,-0.617163346,0.180388230,0.663573535
1790504131.152072906,0.469376541,-0.063132223,-0.137034159,0.381201265,-0.617122882,0.179941155,0.664429173
1790504131.185409069,0.474114779,-0.062508195,-0.138009037,0.378931344,-0.617897155,0.180127596,0.664957286
1790504131.218745470,0.478905784,-0.061904507,-0.138792350,0.377323448,-0.618722800,0.180836683,0.664911427
1790504131.252081633,0.483669300,-0.061172863,-0.139419600,0.375453171,-0.619259486,0.181662832,0.665245234
1790504131.285416842,0.488275644,-0.060064087,-0.140090339,0.372727917,-0.620155051,0.180529487,0.666251241
1790504131.318753004,0.492555247,-0.058421292,-0.141043669,0.371300791,-0.619507998,0.178887949,0.668090312
1790504131.352089167,0.496515382,-0.056373042,-0.142308844,0.370359815,-0.618397485,0.175937278,0.670420937
1790504131.385424376,0.500252814,-0.054183550,-0.143763311,0.370200906,-0.616609886,0.171892409,0.673198735
1790504131.418760538,0.504033470,-0.052058803,-0.145191844,0.370585035,-0.615627267,0.168210766,0.674814743
1790504131.452096462,0.508046933,-0.050117594,-0.146381450,0.369728260,-0.614960529,0.165756378,0.676497882
1790504131.485432625,0.512278567,-0.048367951,-0.147269851,0.366987321,-0.615195383,0.165377029,0.677868265
1790504131.518767834,0.516742897,-0.046623050,-0.147921634,0.364376449,-0.616226804,0.163767424,0.678730109
1790504131.552103996,0.521251762,-0.044702890,-0.148373368,0.362488250,-0.617341852,0.160693488,0.679462221
1790504131.585439920,0.525544926,-0.042513044,-0.148522096,0.360289497,-0.618198470,0.158840046,0.680288151
1790504131.618776083,0.529608365,-0.039967463,-0.148301193,0.356843658,-0.619177937,0.156311727,0.681797573
1790504131.652111292,0.533545317,-0.037076219,-0.147775273,0.361073330,-0.614531531,0.160659045,0.682763297
1790504131.685447216,0.537224063,-0.033936469,-0.146961076,0.359550219,-0.615441624,0.158456241,0.683261931
1790504131.718783379,0.540704327,-0.030656123,-0.145873897,0.357057948,-0.617189739,0.154995652,0.683785636
1790504131.752118587,0.543923238,-0.027367585,-0.144616842,0.355085292,-0.618609743,0.151033923,0.684415937
1790504131.785454035,0.546872018,-0.024218708,-0.143194033,0.352754824,-0.620362164,0.147696350,0.684763176
1790504131.818789482,0.549591208,-0.021261895,-0.141559794,0.351376229,-0.622587674,0.144198671,0.684197396
1790504131.852124929,0.552010680,-0.018489106,-0.139786843,0.349843125,-0.623708903,0.144432590,0.683912435
1790504131.885459423,0.554176573,-0.015908520,-0.137906388,0.348684879,-0.626607720,0.141446260,0.682476795
1790504131.918794870,0.556219829,-0.013492846,-0.135984183,0.347854416,-0.629079581,0.139269931,0.681072736
1790504131.952130318,0.558035580,-0.011237361,-0.134130924,0.349377568,-0.630649313,0.137136052,0.679272009
1790504131.985465765,0.559635356,-0.009120772,-0.132406262,0.349233760,-0.631941827,0.135431559,0.678486257
1790504132.018800020,0.561089055,-0.007124348,-0.130759567,0.349003505,-0.633040888,0.133895843,0.677884718
1790504132.052135468,0.562438655,-0.005219095,-0.129178911,0.349213746,-0.634093646,0.132681522,0.677030739
1790504132.085470915,0.563703747,-0.003430105,-0.127646546,0.348361667,-0.635871650,0.130159545,0.676291274
1790504132.118805170,0.564856870,-0.001795390,-0.126139003,0.347530982,-0.637184933,0.129032278,0.675698341
1790504132.152140617,0.565895806,-0.000270036,-0.124629362,0.346824062,-0.638340593,0.128093180,0.675149238
1790504132.185476065,0.566905806,0.001227675,-0.123090232,0.346857243,-0.640036960,0.126071087,0.673905649
1790504132.218811274,0.567943899,0.002734464,-0.121555105,0.346642621,-0.641727915,0.124376643,0.672721805
1790504132.252145767,0.568950820,0.004265287,-0.120133312,0.345815361,-0.643170249,0.123677292,0.671898574
1790504132.285480976,0.569763323,0.005708579,-0.118904250,0.344096716,-0.644124782,0.124823639,0.671654506
1790504132.318816423,0.570276388,0.006979253,-0.117885160,0.342589214,-0.645085744,0.125635058,0.671351507
1790504132.352150679,0.570548432,0.008103761,-0.117143185,0.341605285,-0.645669125,0.125571982,0.671303871
1790504132.385485888,0.570592969,0.009073770,-0.116709188,0.341670780,-0.645254354,0.125307361,0.671718663
1790504132.418821335,0.570388611,0.009861344,-0.116475472,0.341776434,-0.644993954,0.124653168,0.672036648
1790504132.452156544,0.570047423,0.010517374,-0.116322293,0.341936002,-0.644244546,0.124296867,0.672739939
1790504132.485490799,0.569640618,0.011018795,-0.116243238,0.341612776,-0.643598701,0.122105378,0.673922621
1790504132.518826008,0.569173969,0.011307961,-0.116216919,0.345099075,-0.642330273,0.121901411,0.673393270
1790504132.552161217,0.568708798,0.011452668,-0.116180846,0.345006339,-0.642825186,0.121794431,0.672987758
1790504132.585496426,0.568188185,0.011456016,-0.116278831,0.346217867,-0.642315456,0.123187623,0.672598583
1790504132.618830681,0.567387531,0.011268312,-0.116717520,0.346938680,-0.641529914,0.124349363,0.672763077
1790504132.652165890,0.566373904,0.010937690,-0.117509900,0.348777284,-0.640257329,0.126850320,0.672557771
1790504132.685500860,0.565230256,0.010448090,-0.118610058,0.349448306,-0.639482515,0.127161182,0.672887827
1790504132.718835115,0.563912793,0.009684561,-0.120045888,0.350968273,-0.637860964,0.129483329,0.673192936
1790504132.752170324,0.562324268,0.008487657,-0.121740548,0.354193755,-0.635968686,0.130330845,0.673130362
1790504132.785507679,0.560375022,0.006737084,-0.123584622,0.355562310,-0.634420004,0.132362742,0.673473686
1790504132.818844795,0.557888001,0.004618637,-0.125564507,0.345022380,-0.634341591,0.133803447,0.678724495
1790504132.852180958,0.554944760,0.002421539,-0.127546255,0.350576549,-0.630732492,0.140267330,0.677936341
1790504132.885518074,0.551646357,0.000630445,-0.129431213,0.349508758,-0.628366463,0.144795626,0.679730419
1790504132.918855190,0.548391615,-0.000594065,-0.131064124,0.350452100,-0.625575167,0.147450426,0.681246951
1790504132.952192307,0.545109966,-0.001443061,-0.132463875,0.352289753,-0.623361220,0.149111757,0.681966570
1790504132.985528708,0.541647270,-0.002189259,-0.133689896,0.352730599,-0.621851801,0.150696165,0.682767990
1790504133.018866062,0.537845561,-0.003038358,-0.134865694,0.352949812,-0.620082221,0.153503635,0.683638138
1790504133.052203417,0.533501394,-0.004102578,-0.136111675,0.352732859,-0.617490866,0.158548341,0.684943052
1790504133.085539579,0.528829056,-0.005270230,-0.137429227,0.351866319,-0.615369534,0.164841204,0.685811787
1790504133.118876934,0.524080068,-0.006412271,-0.138870410,0.350395902,-0.614406547,0.170808236,0.685967823
1790504133.152214289,0.519196845,-0.007467860,-0.140622055,0.350912261,-0.613378986,0.175574589,0.685419848
1790504133.185551643,0.514218539,-0.008382286,-0.142726217,0.352487902,-0.611623953,0.179360959,0.685199289
1790504133.218888283,0.509233610,-0.009189121,-0.145151375,0.353696219,-0.607445851,0.180468439,0.687996850
1790504133.252225637,0.504090347,-0.010047982,-0.147875749,0.355575333,-0.603488803,0.181761882,0.690166694
1790504133.285562992,0.498788115,-0.011042102,-0.150734752,0.356484886,-0.600105577,0.183569153,0.692166302
1790504133.318900347,0.493459948,-0.012077387,-0.153570693,0.356979322,-0.595383968,0.184911708,0.695622997
1790504133.352236986,0.488032977,-0.013012440,-0.156302789,0.359235369,-0.592788262,0.186607103,0.696225405
1790504133.385574579,0.482521471,-0.013645369,-0.158820684,0.361135817,-0.591232641,0.189365224,0.695820162
1790504133.418912172,0.477056963,-0.013774344,-0.161130623,0.361156481,-0.590060765,0.190063572,0.696613328
1790504133.452248573,0.471584265,-0.013311230,-0.163357239,0.363141074,-0.585974042,0.188814625,0.699365441
1790504133.485586166,0.466049321,-0.012355171,-0.165455544,0.368382701,-0.583204633,0.184640340,0.700053203
1790504133.518923759,0.460575309,-0.011333968,-0.167234661,0.372705116,-0.580053889,0.180626717,0.701428807
1790504133.552261591,0.455051826,-0.010705175,-0.168680850,0.375420277,-0.577922487,0.180024082,0.701894967
1790504133.585598230,0.449501108,-0.010856479,-0.169970714,0.376964969,-0.574145758,0.180249763,0.704105165
1790504133.618935823,0.444137455,-0.011947909,-0.171342970,0.379313915,-0.572821287,0.179854736,0.704023438
1790504133.652273417,0.438796396,-0.013373181,-0.172785964,0.361908399,-0.582661842,0.179724931,0.705142849
1790504133.685610056,0.433759529,-0.014625117,-0.173899664,0.363552564,-0.577873930,0.179784405,0.708215237
1790504133.718947887,0.428951186,-0.015110676,-0.174627277,0.364515548,-0.580500460,0.178862152,0.705801645
1790504133.752285719,0.424225633,-0.014939878,-0.174942898,0.367618101,-0.579652696,0.177611302,0.705204871
1790504133.785623312,0.419428930,-0.014346712,-0.174890559,0.367820941,-0.579606796,0.176796078,0.705341665
1790504133.818959713,0.414560004,-0.013540820,-0.174581555,0.366698396,-0.580631992,0.178152973,0.704741296
1790504133.852297306,0.409600962,-0.012628229,-0.174214701,0.364698936,-0.580390605,0.179793365,0.705560612
1790504133.885634899,0.404674762,-0.011645408,-0.173869331,0.365753673,-0.581104867,0.180232973,0.704313467
1790504133.918972731,0.399920934,-0.010655189,-0.173425851,0.367139591,-0.581621323,0.179901121,0.703250129
1790504133.952309370,0.395352989,-0.009739930,-0.172745272,0.367049472,-0.582483143,0.181350251,0.702210908
1790504133.985646963,0.390980505,-0.008860901,-0.171825102,0.365788728,-0.584130422,0.183797838,0.700862762
1790504134.018984556,0.386841270,-0.007944353,-0.170834540,0.363297615,-0.586007531,0.185420711,0.700163678
1790504134.052321196,0.382830647,-0.006986680,-0.169991645,0.362546691,-0.586774901,0.187188407,0.699439500
1790504134.085659027,0.378865676,-0.006066153,-0.169409183,0.363470105,-0.587236280,0.188634606,0.698183372
1790504134.118996859,0.375040467,-0.005243798,-0.168993408,0.363788273,-0.587157886,0.189608253,0.697819762
1790504134.152334452,0.371451449,-0.004555227,-0.168621488,0.363118768,-0.587598878,0.190474503,0.697561311
1790504134.185671329,0.368130149,-0.003925909,-0.168235084,0.362991820,-0.587381710,0.191898672,0.697419935
1790504134.219008923,0.365085373,-0.003235236,-0.167837316,0.362223170,-0.587733270,0.191869989,0.697531279
1790504134.252346992,0.362316282,-0.002429770,-0.167394571,0.362259374,-0.588121435,0.191455443,0.697299173
1790504134.285684824,0.359821870,-0.001557354,-0.166831694,0.361914064,-0.588975294,0.191694548,0.696691835
1790504134.319021463,0.357692764,-0.000640181,-0.166110230,0.360441720,-0.589937078,0.192406796,0.696444998
1790504134.352359295,0.356077860,0.000380157,-0.165301484,0.358137636,-0.590869738,0.192775812,0.696740894
1790504134.385697365,0.355042438,0.001551504,-0.164513496,0.358170471,-0.592168630,0.191622545,0.695938954
1790504134.419034243,0.354597781,0.002834002,-0.163736940,0.359152732,-0.593942150,0.190056474,0.694349029
1790504134.452372074,0.354774542,0.004159379,-0.162886304,0.357022348,-0.594690473,0.188566427,0.695212908
1790504134.485709906,0.355497866,0.005528541,-0.161998515,0.354833158,-0.596080872,0.187127660,0.695531640
1790504134.519048214,0.356584540,0.006961533,-0.161172692,0.354581039,-0.596500077,0.187617013,0.695168901
1790504134.552385092,0.357953314,0.008577080,-0.160470071,0.352862994,-0.596278091,0.187401030,0.696290887
1790504134.585722923,0.359617305,0.010537001,-0.160009192,0.351061426,-0.597265640,0.186053143,0.696716483
1790504134.619060993,0.361478838,0.012847824,-0.159823135,0.349380437,-0.596782620,0.184917193,0.698276053
1790504134.652398825,0.363441335,0.015409664,-0.159892568,0.347688526,-0.596645102,0.183600828,0.699584196
1790504134.685736179,0.365572718,0.017938640,-0.160233615,0.347290516,-0.596314277,0.182395367,0.700378833
1790504134.719074011,0.367934047,0.020147589,-0.160863756,0.345439263,-0.595567981,0.180814154,0.702336627
1790504134.752412081,0.370649578,0.021739302,-0.161872674,0.343899609,-0.595306546,0.180260126,0.703455373
1790504134.785746574,0.373709151,0.022536101,-0.163313729,0.340488590,-0.595145540,0.179866397,0.705349124
1790504134.819082260,0.376966293,0.022787571,-0.165047036,0.329490254,-0.602809340,0.174043826,0.705525208
1790504134.852417707,0.380585213,0.022861620,-0.166745936,0.327228560,-0.603096003,0.171306523,0.707001242
1790504134.885753393,0.384433455,0.023054836,-0.168236828,0.325552486,-0.603007403,0.171836817,0.707721526
1790504134.919087887,0.388235782,0.023493064,-0.169532154,0.321755247,-0.602736111,0.172281021,0.709578742
1790504134.952423573,0.391981465,0.024199465,-0.170835912,0.319427105,-0.601847403,0.174486129,0.710845003
1790504134.985759020,0.395576356,0.025159736,-0.172344297,0.317969260,-0.599906373,0.173878930,0.713283963
1790504135.019093752,0.398863339,0.026264483,-0.174048411,0.318241490,-0.599105979,0.169951602,0.714780270
1790504135.052429199,0.401920210,0.027424697,-0.175772841,0.316920816,-0.597855598,0.169660843,0.716481039
1790504135.085764885,0.404858107,0.028639677,-0.177389304,0.316005029,-0.596244169,0.169124396,0.718352735
1790504135.119100571,0.407734283,0.029937091,-0.178886910,0.314624414,-0.595242716,0.166787352,0.720332955
1790504135.152435303,0.410550049,0.031263024,-0.180248379,0.314145047,-0.594589129,0.164399508,0.721629724
1790504135.185770988,0.413226095,0.032496006,-0.181408428,0.313034856,-0.594476143,0.162588191,0.722614956
1790504135.219106436,0.415798633,0.033658582,-0.182310944,0.311566630,-0.594652637,0.161663503,0.723311405
1790504135.252442122,0.418363454,0.034824493,-0.182966571,0.311454468,-0.593965019,0.161937453,0.723863200
1790504135.285776854,0.420855091,0.035954123,-0.183482971,0.309778851,-0.593455766,0.163216534,0.724712136
1790504135.319112539,0.423283489,0.037070241,-0.183953117,0.307210950,-0.593554417,0.163323001,0.725699789
1790504135.352448225,0.425789325,0.038346563,-0.184436728,0.305539852,-0.594139712,0.161026969,0.726439066
1790504135.385782957,0.428232234,0.039810494,-0.184928711,0.304010466,-0.595455763,0.155331122,0.727242953
1790504135.419118881,0.430517119,0.041328310,-0.185368392,0.303615439,-0.593140716,0.157704795,0.728787317
1790504135.452454567,0.432720945,0.042862493,-0.185652659,0.301434442,-0.592443886,0.156676148,0.730479365
1790504135.485790253,0.434904445,0.044307082,-0.185800314,0.300800054,-0.593127919,0.152610778,0.731046202
1790504135.519124985,0.436868087,0.045346466,-0.185902602,0.300355121,-0.593480115,0.150970259,0.731283895
1790504135.552460909,0.438456920,0.045793246,-0.186073269,0.302136226,-0.594387355,0.146770470,0.730668052
1790504135.585796595,0.439552414,0.045689781,-0.186266199,0.303320947,-0.593642116,0.145749072,0.730987448
1790504135.619132280,0.440237579,0.045169265,-0.186279127,0.301220087,-0.593260649,0.147565639,0.731800959
1790504135.652467251,0.440961728,0.044662110,-0.186098974,0.298951346,-0.593742776,0.148004283,0.732251555
1790504135.685802937,0.441679270,0.044397890,-0.185886983,0.299171743,-0.594917170,0.147289138,0.731351993
1790504135.719138861,0.442130562,0.044345285,-0.185741255,0.299598116,-0.595896950,0.146117009,0.730614545
1790504135.752473593,0.442300078,0.044425406,-0.185663684,0.300392063,-0.596251814,0.146066814,0.730008814
1790504135.785810471,0.442303848,0.044526404,-0.185670943,0.300498041,-0.596093629,0.145973014,0.730113136
1790504135.819147348,0.442191165,0.044594189,-0.185761826,0.301528314,-0.596486893,0.145744743,0.729412457
1790504135.852484465,0.441964963,0.044603755,-0.185872218,0.301813302,-0.596157080,0.145870953,0.729538986
1790504135.885820389,0.441631574,0.044503615,-0.185925310,0.301707756,-0.595900617,0.146499496,0.729666213
1790504135.919157267,0.441150846,0.044239766,-0.185858411,0.302622924,-0.596501977,0.147019978,0.728690527
1790504135.952494144,0.440401285,0.043718783,-0.185685990,0.303710981,-0.595884290,0.148999210,0.728341121
1790504135.985831022,0.439246169,0.042858448,-0.185479382,0.303882591,-0.595692648,0.150654347,0.728085783
1790504136.019166946,0.437667144,0.041673512,-0.185226106,0.309173565,-0.596789503,0.154062618,0.724236636
1790504136.052503824,0.435720739,0.040273999,-0.184917834,0.312235701,-0.596234255,0.158185841,0.722489322
1790504136.085840702,0.433386880,0.038782531,-0.184677087,0.313846293,-0.597308935,0.161632790,0.720137057
1790504136.119176865,0.430519587,0.037214666,-0.184586484,0.318848608,-0.596309577,0.165889745,0.717795964
1790504136.152513742,0.427079363,0.035540445,-0.184614489,0.323063098,-0.598542157,0.166677492,0.713860025
1790504136.185850859,0.423184703,0.033760932,-0.184761422,0.329595153,-0.599939264,0.168791086,0.709189315
1790504136.219187737,0.418825794,0.031913614,-0.185042910,0.336824951,-0.601288386,0.170374991,0.704253925
1790504136.252523661,0.414154442,0.030051546,-0.185383802,0.345295497,-0.602291383,0.170683156,0.699201952
1790504136.285860538,0.409383741,0.028141645,-0.185641284,0.355937214,-0.605012427,0.170828962,0.691437726
1790504136.319197416,0.404458059,0.026102634,-0.185780277,0.361495656,-0.608327004,0.171037074,0.685569447
1790504136.352533340,0.399201347,0.023857766,-0.185851637,0.366617088,-0.610130622,0.173343860,0.680650014
1790504136.385870695,0.393639183,0.021391154,-0.185820114,0.375699523,-0.611385151,0.176394916,0.673752847
1790504136.419207573,0.388000415,0.018739968,-0.185641770,0.381268599,-0.612106234,0.179181095,0.669219209
1790504136.452544451,0.382449603,0.015971272,-0.185314471,0.386638897,-0.611571047,0.181280310,0.666054553
1790504136.485880375,0.376987092,0.013207458,-0.184994254,0.395539967,-0.611694286,0.182393748,0.660386823
1790504136.519217491,0.371610999,0.010538485,-0.184925065,0.406887022,-0.612644944,0.181428541,0.652834442
1790504136.552554369,0.366242984,0.007869916,-0.185173955,0.418052658,-0.613343036,0.181128450,0.645162599
1790504136.585891247,0.360733155,0.005093795,-0.185359743,0.427180566,-0.619255921,0.177721329,0.634392621
1790504136.619227409,0.355324858,0.002242056,-0.185266408,0.431016095,-0.616001330,0.186604858,0.632412931
1790504136.652564526,0.349937971,-0.000538190,-0.184910184,0.438918844,-0.619290888,0.186004250,0.623884174
1790504136.685901403,0.344400425,-0.003209869,-0.184418644,0.450884467,-0.621342335,0.186115788,0.613186606
1790504136.719237566,0.338694395,-0.005765612,-0.183745861,0.461354227,-0.621374189,0.187462526,0.604900154
1790504136.752574444,0.332979633,-0.008223209,-0.182850823,0.470411127,-0.620947958,0.188310934,0.598060195
1790504136.785909891,0.327315133,-0.010606975,-0.181741595,0.479523310,-0.621565096,0.189488172,0.589752880
1790504136.819245338,0.321708789,-0.012931143,-0.180475293,0.486827969,-0.623534928,0.190263778,0.581379753
1790504136.852579594,0.316087899,-0.015205977,-0.179175151,0.493724471,-0.624767173,0.190824488,0.574010576
1790504136.885915041,0.310369807,-0.017400666,-0.178068625,0.503074005,-0.625586490,0.189849875,0.565256679
1790504136.919250488,0.304669047,-0.019447669,-0.177182807,0.513382888,-0.626207305,0.187669766,0.555951869
1790504136.952585697,0.299245357,-0.021360128,-0.176311308,0.520171593,-0.627775936,0.186589073,0.548181910
1790504136.985920191,0.294243758,-0.023146871,-0.175409208,0.525469676,-0.629942414,0.184388381,0.541345638
1790504137.019255638,0.289543287,-0.024742497,-0.174579151,0.532262057,-0.632060831,0.181122810,0.533282979
1790504137.052590847,0.284826129,-0.026228919,-0.173721360,0.539185087,-0.633437362,0.178913527,0.525382242
1790504137.085925102,0.279974786,-0.027716456,-0.172773887,0.545224613,-0.634662235,0.177639658,0.518052238
1790504137.119260550,0.275123300,-0.029211824,-0.171804600,0.550817763,-0.636364913,0.174763371,0.510976764
1790504137.152595758,0.270396746,-0.030726247,-0.170784221,0.557963748,-0.637176702,0.171735944,0.503178966
1790504137.185931206,0.265732428,-0.032261676,-0.169737072,0.561874121,-0.639033486,0.168888223,0.497403703
1790504137.219265461,0.260942735,-0.033754566,-0.168696788,0.568201899,-0.639566289,0.166290139,0.490356149
1790504137.252600670,0.255827092,-0.035149134,-0.167531461,0.574065947,-0.640051161,0.166351055,0.482814795
1790504137.285936117,0.250482947,-0.036457021,-0.166047057,0.579059261,-0.639918133,0.168272630,0.476318672
1790504137.319271326,0.245193148,-0.037713179,-0.164173215,0.581756591,-0.641152671,0.169127350,0.471039765
1790504137.352605581,0.240100956,-0.038876859,-0.161903184,0.584731707,-0.643770301,0.168282179,0.464036356
1790504137.385940790,0.235048193,-0.039851342,-0.159348790,0.590071717,-0.646921758,0.166020634,0.453590957
1790504137.419275761,0.229909515,-0.040619563,-0.156640312,0.594105994,-0.649901813,0.164623425,0.444482654
1790504137.452610016,0.224653868,-0.041176687,-0.153823980,0.598336957,-0.651430282,0.164134989,0.436682011
1790504137.485945463,0.219190086,-0.041547794,-0.150884109,0.602112695,-0.652552650,0.165440064,0.429260908
1790504137.519280672,0.213418479,-0.041778703,-0.147784744,0.605577741,-0.654249578,0.166909069,0.421158464
1790504137.552615881,0.207259453,-0.041874818,-0.144524350,0.609906522,-0.655765255,0.168651654,0.411755490
1790504137.585949898,0.200784421,-0.041757105,-0.141231181,0.615085773,-0.657830710,0.170263063,0.399923414
1790504137.619285107,0.194128884,-0.041398496,-0.137952092,0.621333761,-0.659978097,0.168853489,0.387119837
1790504137.652620316,0.187458608,-0.040813560,-0.134691183,0.626059288,-0.661936664,0.169168101,0.375861376
1790504137.685954571,0.180735745,-0.040006220,-0.131487807,0.632122440,-0.662436203,0.169569133,0.364480187
1790504137.719289780,0.173745343,-0.038944693,-0.128572878,0.640281433,-0.663589910,0.164571428,0.350149057
1790504137.752624989,0.166457202,-0.037646376,-0.126096203,0.648244970,-0.663179426,0.164154401,0.336191674
1790504137.785958767,0.158995341,-0.036215779,-0.123895319,0.656290377,-0.662189784,0.163499737,0.322576295
1790504137.819291830,0.151649227,-0.034827574,-0.121754908,0.662434026,-0.661810535,0.161108550,0.311820480
1790504137.852625847,0.144610165,-0.033550103,-0.119607997,0.666821280,-0.662738130,0.158955360,0.301431163
1790504137.885959387,0.137833760,-0.032371589,-0.117561401,0.671602717,-0.664111154,0.156233079,0.288959149
1790504137.919293404,0.131105550,-0.031248281,-0.115571865,0.672767514,-0.670465899,0.150351290,0.274324332
1790504137.952626228,0.124400742,-0.030160606,-0.113442458,0.680151120,-0.668167876,0.149923165,0.261666178
1790504137.985960007,0.117767726,-0.028925806,-0.111170846,0.679796424,-0.673261918,0.149491985,0.249494204
1790504138.019294024,0.111305736,-0.027574902,-0.108774619,0.682316648,-0.676038810,0.147235506,0.236087325
1790504138.052626610,0.104942867,-0.026133556,-0.106356829,0.684758796,-0.678491613,0.144953854,0.223031171
1790504138.085960388,0.098649150,-0.024573708,-0.103934994,0.687692101,-0.679495188,0.145346382,0.210333765
1790504138.119294167,0.092520918,-0.022992223,-0.101525472,0.690304496,-0.679364715,0.147445590,0.200507071
1790504138.152627945,0.086596566,-0.021409315,-0.099247046,0.691876176,-0.680882018,0.148429876,0.188879873
1790504138.185960770,0.081060628,-0.019818202,-0.097085653,0.692790486,-0.681942324,0.151471686,0.179031666
1790504138.219294548,0.075997798,-0.018299428,-0.095077886,0.693357262,-0.683258804,0.152425898,0.170819960
1790504138.252627850,0.071193476,-0.016849784,-0.093331011,0.693663705,-0.684136019,0.154861339,0.163727023
1790504138.285961628,0.066493456,-0.015437587,-0.091826999,0.692769417,-0.687704860,0.151370173,0.155626574
1790504138.319294214,0.061823398,-0.014090798,-0.090493648,0.693363993,-0.688580495,0.151778698,0.148547979
1790504138.352627993,0.056773211,-0.012762870,-0.089326523,0.693843029,-0.689648741,0.153028675,0.139816631
1790504138.385961533,0.051187645,-0.011485780,-0.088136257,0.693398449,-0.690658114,0.158508372,0.130633292
1790504138.419294119,0.045337768,-0.010354712,-0.086719627,0.691741954,-0.692916230,0.163861454,0.120455765
1790504138.452627659,0.039391195,-0.009359234,-0.085055285,0.690022736,-0.695207514,0.169073818,0.109403747
1790504138.485961199,0.033305298,-0.008414560,-0.083355533,0.688629056,-0.696452391,0.176020683,0.098796804
1790504138.519294739,0.027176367,-0.007461342,-0.081933889,0.688282672,-0.696923329,0.181775605,0.086732153
1790504138.552627087,0.021208685,-0.006475817,-0.080917294,0.688939973,-0.696741420,0.185439070,0.074333436
1790504138.585960627,0.015493298,-0.005498023,-0.080159384,0.690416957,-0.694140653,0.192495735,0.066622598
1790504138.619294167,0.010053612,-0.004638521,-0.079461318,0.690163584,-0.693603695,0.198051393,0.057998177
1790504138.652627707,0.004927562,-0.003913203,-0.078696264,0.689290202,-0.693408340,0.203666062,0.050833329
1790504138.685960293,0.000099484,-0.003259130,-0.077958336,0.689236900,-0.693376658,0.206007734,0.041738704
1790504138.719293594,-0.004452664,-0.002697435,-0.077395613,0.689763159,-0.693290822,0.206213921,0.032410478
1790504138.752626896,-0.008815388,-0.002183388,-0.077074938,0.690270154,-0.692797932,0.207322758,0.023987810
1790504138.785960674,-0.012976701,-0.001640084,-0.077003483,0.691395356,-0.691201056,0.209579798,0.017025564
1790504138.819295406,-0.016849160,-0.001133138,-0.077131221,0.692726624,-0.690485805,0.208124323,0.006591189
1790504138.852630377,-0.020446306,-0.000720542,-0.077396410,0.692847179,-0.691689095,0.203766186,-0.002885138
1790504138.885965109,-0.023955561,-0.000289359,-0.077728611,0.694594028,-0.690097292,0.202796332,-0.013360842
1790504138.919298887,-0.027551205,0.000179071,-0.078099155,0.694968232,-0.689862749,0.201407668,-0.023312981
1790504138.952633619,-0.031204957,0.000593436,-0.078441011,0.696664171,-0.689130005,0.196149308,-0.035837386
1790504138.985968351,-0.034912507,0.001011430,-0.078757841,0.695609261,-0.689112651,0.197998859,-0.045254408
1790504139.019301891,-0.038804358,0.001617554,-0.079096191,0.695937286,-0.689144772,0.192756094,-0.059965535
1790504139.052636862,-0.042700046,0.002434548,-0.079440335,0.693919572,-0.688642649,0.199576449,-0.066454272
1790504139.085971594,-0.046461185,0.003385259,-0.079721030,0.692131661,-0.689121762,0.202700720,-0.070550546
1790504139.119306326,-0.049959394,0.004368231,-0.079945829,0.691531427,-0.687704849,0.207132918,-0.077086194
1790504139.152640104,-0.053185888,0.005228154,-0.080323649,0.692457729,-0.685464504,0.207988474,-0.085915663
1790504139.185974836,-0.056142579,0.005881216,-0.080998630,0.693906474,-0.682841824,0.207034567,-0.096734363
1790504139.219309568,-0.058928317,0.006384967,-0.081897429,0.696438047,-0.680497393,0.201210308,-0.106825824
1790504139.252644539,-0.061543565,0.006796873,-0.082876768,0.697551878,-0.676270753,0.209500345,-0.110403132
1790504139.285978317,-0.064095913,0.007160481,-0.083922529,0.697295590,-0.675713195,0.205503186,-0.122306906
1790504139.319313049,-0.066459781,0.007470609,-0.084956759,0.697272790,-0.674830462,0.202364096,-0.132148692
1790504139.352647781,-0.068550935,0.007738568,-0.085917081,0.697106885,-0.673576377,0.200592214,-0.141773127
1790504139.385981560,-0.070394029,0.008040239,-0.086843888,0.697220921,-0.672420985,0.195076773,-0.153876766
1790504139.419316053,-0.072074667,0.008506075,-0.087733320,0.696883329,-0.671390319,0.192960109,-0.162342422
1790504139.452650785,-0.073713555,0.009154771,-0.088529890,0.697670449,-0.670021956,0.189863745,-0.168161474
1790504139.485985756,-0.075286929,0.009853847,-0.089231881,0.699665117,-0.666460468,0.187287267,-0.176699317
1790504139.519319534,-0.076694347,0.010570280,-0.089918706,0.698933945,-0.665933792,0.185289582,-0.183551891
1790504139.552654266,-0.077792499,0.011221668,-0.090472877,0.699368718,-0.663928826,0.180635109,-0.193527436
1790504139.585988998,-0.078615919,0.011709307,-0.090789030,0.698744771,-0.663415905,0.174416705,-0.203012056
1790504139.619323730,-0.079309679,0.012096977,-0.090828655,0.696968815,-0.664233436,0.170449927,-0.209702730
1790504139.652657509,-0.079946090,0.012464391,-0.090529424,0.695254736,-0.665014913,0.167736644,-0.215035894
1790504139.685992241,-0.080598211,0.012789811,-0.089829998,0.691691477,-0.667247333,0.163135039,-0.223004162
1790504139.719326973,-0.081503251,0.013136136,-0.088768358,0.686982317,-0.670765592,0.160402394,-0.228910223
1790504139.752660990,-0.082818340,0.013597370,-0.087552994,0.682297084,-0.674011545,0.161367917,-0.232679009
1790504139.785997868,-0.084395285,0.014167614,-0.086380899,0.676717360,-0.677130399,0.160976811,-0.240071871
1790504139.819334984,-0.085925743,0.014810491,-0.085401612,0.671943859,-0.679052577,0.157278493,-0.250284883
1790504139.852672100,-0.087243529,0.015498989,-0.084651774,0.669559588,-0.679213254,0.153382744,-0.258520882
1790504139.886008263,-0.088379114,0.016085965,-0.083988275,0.667672893,-0.679191565,0.151485381,-0.264506907
1790504139.919345379,-0.089401146,0.016448749,-0.083202122,0.662397076,-0.682696850,0.145449932,-0.272028385
1790504139.952682972,-0.090357361,0.016766448,-0.082038542,0.657923747,-0.686942102,0.143207898,-0.273383230
1790504139.986020088,-0.091314366,0.017146740,-0.080535579,0.653779885,-0.691796130,0.141684966,-0.271873770
1790504140.019356251,-0.092152727,0.017476146,-0.079033410,0.649900548,-0.696224073,0.135756626,-0.272894590
1790504140.052693367,-0.092796683,0.017737126,-0.077948640,0.647227611,-0.699358073,0.127299409,-0.275299048
1790504140.086030722,-0.093108609,0.017794261,-0.077506809,0.647574763,-0.698399260,0.125335397,-0.277806476
1790504140.119366884,-0.092977409,0.017476096,-0.077708218,0.649279121,-0.695981716,0.121755333,-0.281463519
1790504140.152704000,-0.092618608,0.016861321,-0.078377356,0.645123813,-0.697496594,0.103632879,-0.294234591
1790504140.186041594,-0.092065758,0.015968673,-0.079072196,0.645637593,-0.695496159,0.094116936,-0.300963774
1790504140.219378710,-0.091413947,0.014934469,-0.079487854,0.648159464,-0.693248996,0.084855271,-0.303471121
1790504140.252715111,-0.090763226,0.013888080,-0.079429037,0.648376653,-0.693098009,0.075004320,-0.305936623
1790504140.286052227,-0.090302639,0.013032178,-0.078929045,0.648501778,-0.693082061,0.065243281,-0.307938331
1790504140.319389582,-0.090120866,0.012384332,-0.078232817,0.648099234,-0.693708293,0.057134826,-0.308985111
1790504140.352725744,-0.090211242,0.011918952,-0.077574124,0.647830908,-0.694552005,0.050133574,-0.308867693
1790504140.386063337,-0.090552808,0.011630892,-0.077056066,0.647993996,-0.695228792,0.044092876,-0.307922922
1790504140.419400692,-0.091142669,0.011466462,-0.076548220,0.650617289,-0.692613576,0.040539614,-0.308771950
1790504140.452738047,-0.091916154,0.011325910,-0.075835018,0.649945633,-0.693461728,0.037167896,-0.308707067
1790504140.486074209,-0.092748842,0.011040680,-0.074641725,0.646891835,-0.696635302,0.034049081,-0.308335645
1790504140.519411564,-0.093582413,0.010532849,-0.072794039,0.642268412,-0.701337472,0.030567047,-0.307705528
1790504140.552748919,-0.094398815,0.009929191,-0.070329222,0.637254159,-0.706111420,0.026695727,-0.307572980
1790504140.586086512,-0.095256147,0.009340802,-0.067489302,0.632439309,-0.710951740,0.023264754,-0.306638052
1790504140.619422913,-0.096225750,0.008779689,-0.064507030,0.627783052,-0.715101255,0.020617347,-0.306746736
1790504140.652760267,-0.097301099,0.008186900,-0.061578474,0.623893971,-0.718409522,0.017547487,-0.307141918
1790504140.686097622,-0.098430526,0.007552221,-0.058901281,0.619866957,-0.721545303,0.013853194,-0.308132146
1790504140.719434023,-0.099599252,0.006862555,-0.056481369,0.616650158,-0.723390873,0.012519324,-0.310308709
1790504140.752771616,-0.100765677,0.006080210,-0.054201864,0.613656451,-0.725069565,0.011268915,-0.312366607
1790504140.786108732,-0.101915022,0.005240487,-0.051955145,0.611414340,-0.726715348,0.010694053,-0.312958375
1790504140.819445372,-0.103038638,0.004334399,-0.049623523,0.608591545,-0.729030754,0.011773816,-0.313036528
1790504140.852781296,-0.104033137,0.003300968,-0.047130969,0.605187304,-0.732367321,0.011778726,-0.311845627
1790504140.886118174,-0.104788753,0.002150494,-0.044562706,0.602032053,-0.735363644,0.009895379,-0.310965916
1790504140.919455051,-0.105310811,0.000876521,-0.042038545,0.598877412,-0.737513946,0.005830042,-0.312065754
1790504140.952791929,-0.105728206,-0.000546808,-0.039580630,0.595852501,-0.739472427,0.001576229,-0.313269600
1790504140.986127853,-0.106256969,-0.002063333,-0.037143821,0.592349043,-0.741694842,-0.000290304,-0.314660592
1790504141.019464731,-0.107106648,-0.003504305,-0.034578465,0.588498673,-0.744589746,0.000602416,-0.315047709
1790504141.052801847,-0.108376594,-0.004626124,-0.031715258,0.583805873,-0.748225947,0.002170169,-0.315156983
1790504141.086137772,-0.110070588,-0.005257905,-0.028475556,0.577622591,-0.752206679,0.003612809,-0.317055518
1790504141.119474888,-0.111965487,-0.005589220,-0.024889238,0.590668661,-0.742995955,0.008525583,-0.314634484
1790504141.152811766,-0.113710038,-0.005688833,-0.021471677,0.584781020,-0.746247341,0.005585398,-0.317985642
1790504141.186148643,-0.115212917,-0.005813348,-0.018256635,0.564778450,-0.758001029,0.005188909,-0.326240430
1790504141.219484568,-0.116836789,-0.006172816,-0.014923344,0.568966819,-0.755765341,0.001338624,-0.324181609
1790504141.252821684,-0.118484676,-0.006694037,-0.011630499,0.574101982,-0.752889997,-0.002428946,-0.321803772
1790504141.286158800,-0.120067640,-0.007216830,-0.008537080,0.573120768,-0.753220227,-0.005958499,-0.322732663
1790504141.319495678,-0.121664110,-0.007714019,-0.005650695,0.565307780,-0.757693006,-0.006468291,-0.326016233
1790504141.352831841,-0.123339379,-0.008202593,-0.002854388,0.560643451,-0.759807438,-0.007298657,-0.329117466
1790504141.386168718,-0.125007070,-0.008663581,-0.000143279,0.557428546,-0.761602159,-0.007088121,-0.330432029
1790504141.419505835,-0.126500769,-0.009208456,0.002452863,0.553789747,-0.763151325,-0.009170011,-0.332915728
1790504141.452841759,-0.127549398,-0.009812197,0.004850260,0.550860988,-0.762750547,-0.014830553,-0.338443245
1790504141.486178875,-0.128242877,-0.010255806,0.007036622,0.550217089,-0.761686837,-0.020891940,-0.341552111
1790504141.519515753,-0.128957053,-0.010499246,0.009195745,0.549352935,-0.762123619,-0.022260558,-0.341882158
1790504141.552853107,-0.129804392,-0.010745858,0.011640930,0.543851129,-0.764976857,-0.023609146,-0.344207736
1790504141.586189032,-0.130687770,-0.011202386,0.014454088,0.537925445,-0.768739876,-0.024558197,-0.345068273
1790504141.619526148,-0.131525709,-0.011813232,0.017398251,0.532403153,-0.771788077,-0.025904221,-0.346726142
1790504141.652863264,-0.132336552,-0.012410620,0.020228130,0.527408780,-0.774440532,-0.027386816,-0.348327150
1790504141.686199427,-0.133162296,-0.012922787,0.022835051,0.521363718,-0.777098238,-0.028899402,-0.351373059
1790504141.719536304,-0.134002894,-0.013296274,0.025173529,0.516335153,-0.779188627,-0.030113842,-0.354056845
1790504141.752873421,-0.134829731,-0.013514289,0.027285081,0.511077942,-0.781228451,-0.031338999,-0.357070458
1790504141.786208391,-0.135650174,-0.013612148,0.029233000,0.505689780,-0.783821346,-0.031913886,-0.359003409
1790504141.819542646,-0.136460492,-0.013717281,0.030973827,0.501646209,-0.785644277,-0.032292112,-0.360654088
1790504141.852877617,-0.137233170,-0.013828114,0.032478306,0.498244347,-0.786866425,-0.032478429,-0.362682991
1790504141.886212587,-0.137928280,-0.013897388,0.033748883,0.494159901,-0.788387400,-0.033106145,-0.364904485
1790504141.919547558,-0.138490255,-0.013913623,0.034754938,0.491546521,-0.789493363,-0.033060133,-0.366045454
1790504141.952881575,-0.138810186,-0.013843825,0.035399660,0.489953626,-0.790493718,-0.032952832,-0.366031744
1790504141.986216545,-0.138764447,-0.013763277,0.035684062,0.489668430,-0.790820564,-0.033227531,-0.365682370
1790504142.019551516,-0.138370305,-0.013802655,0.035720439,0.490186363,-0.790441733,-0.034316858,-0.365706917
1790504142.052885532,-0.137795801,-0.013867274,0.035687833,0.490634618,-0.790251209,-0.035964833,-0.365359041
1790504142.086220264,-0.137219626,-0.013847625,0.035826762,0.490570020,-0.790122063,-0.037755701,-0.365544373
1790504142.119555235,-0.136745783,-0.013859282,0.036167610,0.490161629,-0.790588250,-0.038946745,-0.364958831
1790504142.152890205,-0.136401076,-0.013952206,0.036537575,0.489804782,-0.791358504,-0.039542152,-0.363702367
1790504142.186223984,-0.136173710,-0.014031349,0.036786244,0.489813927,-0.791992460,-0.039314883,-0.362332170
1790504142.219558954,-0.136038500,-0.014080914,0.036813391,0.490001448,-0.792533771,-0.038304049,-0.361000836
1790504142.252893686,-0.135937561,-0.014041126,0.036597770,0.489641011,-0.793411303,-0.036476261,-0.359749449
1790504142.286228418,-0.135800031,-0.013782002,0.036341768,0.485763564,-0.796025884,-0.033131411,-0.359553697
1790504142.319562435,-0.135660903,-0.013435748,0.036461901,0.476067209,-0.803414384,-0.026888702,-0.356598286
1790504142.352897167,-0.135428814,-0.013056965,0.037364009,0.466687268,-0.811400882,-0.022983229,-0.351145801
1790504142.386232138,-0.134812224,-0.012411545,0.038676534,0.448404422,-0.822886802,-0.016869505,-0.348577402
1790504142.419565916,-0.133735239,-0.011488534,0.039652185,0.444118069,-0.825801709,-0.017572802,-0.347133800
1790504142.452900648,-0.132158019,-0.010510090,0.039593613,0.443748974,-0.824983988,-0.022602401,-0.349252628
1790504142.486235380,-0.130252341,-0.009664639,0.038427939,0.444138260,-0.821685864,-0.031084359,-0.355819209
1790504142.519570351,-0.128256419,-0.009046465,0.036463001,0.449156569,-0.817189876,-0.037115058,-0.359279218
1790504142.552904129,-0.126246484,-0.008627598,0.034050629,0.453961822,-0.814204552,-0.038703084,-0.359849528
1790504142.586238861,-0.124170258,-0.008335403,0.031543258,0.458417127,-0.811615134,-0.040655233,-0.359835746
1790504142.619573593,-0.121995821,-0.008112335,0.029123898,0.460564488,-0.810129512,-0.042129907,-0.360271560
1790504142.652908087,-0.119682032,-0.007851868,0.026803433,0.461718877,-0.808055711,-0.044946852,-0.363099747
1790504142.686241865,-0.117210586,-0.007509010,0.024471079,0.463292353,-0.806558190,-0.046879079,-0.364179122
1790504142.719576597,-0.114692077,-0.007196745,0.022027146,0.465190271,-0.804982271,-0.048829077,-0.364989420
1790504142.752911091,-0.112101677,-0.006877370,0.019377641,0.464555112,-0.803890732,-0.051468865,-0.367830388
1790504142.786244869,-0.109398618,-0.006570095,0.016506915,0.467009527,-0.800872460,-0.054548257,-0.370850229
1790504142.819579363,-0.106654460,-0.006361987,0.013420736,0.466633632,-0.799159545,-0.057896204,-0.374493131
1790504142.852913857,-0.103923945,-0.006203382,0.010163166,0.469057670,-0.796544646,-0.059601488,-0.376761453
1790504142.886248350,-0.101241592,-0.006092230,0.006804040,0.465000175,-0.795667610,-0.062168882,-0.383174792
1790504142.919582129,-0.098708133,-0.006128965,0.003633736,0.464602912,-0.794102708,-0.063019742,-0.386747381
1790504142.952916622,-0.096235599,-0.006230892,0.000740318,0.463790203,-0.792587920,-0.065108251,-0.390466328
1790504142.986250877,-0.093646070,-0.006288689,-0.001963566,0.463946242,-0.790931950,-0.068415350,-0.393064720
1790504143.019584417,-0.090859822,-0.006232553,-0.004668372,0.464758537,-0.789651516,-0.071804288,-0.394073763
1790504143.052918911,-0.087831968,-0.005958501,-0.007586583,0.466664817,-0.787910396,-0.074481742,-0.394808342
1790504143.086253405,-0.084553642,-0.005367489,-0.010761022,0.469998816,-0.785245882,-0.076480008,-0.395778758
1790504143.119587898,-0.081178213,-0.004516165,-0.014043425,0.472205684,-0.783754217,-0.078220818,-0.395768395
1790504143.152921438,-0.077896426,-0.003507167,-0.017320180,0.473944169,-0.781751568,-0.080595900,-0.397172144
1790504143.186256170,-0.074885136,-0.002436940,-0.020576121,0.476281905,-0.779582413,-0.081825345,-0.398386021
1790504143.219590664,-0.072316370,-0.001423032,-0.023751153,0.478736293,-0.777624271,-0.080663591,-0.399506496
1790504143.252925158,-0.070349656,-0.000649135,-0.026720013,0.480201224,-0.775926044,-0.078875871,-0.401402736
1790504143.286258459,-0.068980831,-0.000092868,-0.029439647,0.481352131,-0.773885751,-0.076066413,-0.404493352
1790504143.319592953,-0.068201017,0.000321022,-0.031862535,0.479965898,-0.775556790,-0.070618186,-0.403927561
1790504143.352927446,-0.068025936,0.000656102,-0.033841525,0.498113842,-0.762718757,-0.069863811,-0.406523979
1790504143.386260986,-0.068053510,0.001090915,-0.035689079,0.488653559,-0.767836427,-0.064178528,-0.409299447
1790504143.419595480,-0.068309357,0.001499346,-0.037186940,0.482896712,-0.770376049,-0.059945304,-0.411992802
1790504143.452929974,-0.068787851,0.001792232,-0.038239668,0.478937115,-0.771555643,-0.057066719,-0.414806605
1790504143.486264229,-0.069464458,0.001912073,-0.038855085,0.476964299,-0.771755336,-0.055499467,-0.416915541
1790504143.519597769,-0.070359682,0.001859101,-0.039155210,0.473881219,-0.772474641,-0.055731238,-0.419062703
1790504143.552932024,-0.071522113,0.001668906,-0.039199528,0.473276747,-0.772661414,-0.054013618,-0.419626010
1790504143.586266518,-0.072997826,0.001428073,-0.039034007,0.473363372,-0.772264170,-0.052480239,-0.420453321
1790504143.619601011,-0.074783463,0.001243286,-0.038684276,0.472049702,-0.772364533,-0.051282555,-0.421891226
1790504143.652934551,-0.076858242,0.001129360,-0.038080236,0.472408561,-0.771099958,-0.051977601,-0.423713741
1790504143.686269045,-0.079073540,0.001039954,-0.037205379,0.471102181,-0.771429800,-0.053359290,-0.424395553
1790504143.719603539,-0.081334409,0.001078699,-0.036165810,0.470254422,-0.771690227,-0.054528228,-0.424713602
1790504143.752936840,-0.083686360,0.001403616,-0.035106866,0.468323779,-0.772188961,-0.055225908,-0.425848736
