0.0 0.0 0.0 0.0 0.0 0.0 0.0 1.0
0.03333333507180214 8.045901154218882e-07 4.3106836528750136e-05 4.319411164033227e-05 5.351747859094758e-06 1.468288064643275e-05 -1.4571563951903954e-05 1.0
0.06666667014360428 -9.219436833518557e-06 4.466885729925707e-05 3.682328315335326e-05 6.7262253651279025e-06 1.8269249267177656e-05 -2.017378392338287e-05 1.0
0.10000000149011612 -3.3058292956411606e-06 3.7313540815375745e-05 4.339795123087242e-05 2.3903930923552252e-06 2.042462074314244e-05 -1.1331204404996242e-05 1.0
0.13333334028720856 9.471319799558842e-07 7.716225081821904e-05 3.1385072361445054e-05 2.300412415934261e-05 9.740373570821248e-06 -2.3793592845322564e-05 1.0
0.1666666716337204 1.2539024282887112e-05 3.2907355489442125e-05 3.0750714358873665e-05 4.183956150427548e-07 9.530234819976613e-06 -1.1930087566724978e-05 1.0
0.20000000298023224 -8.561681283936196e-07 5.255228461464867e-05 2.09999689104734e-05 1.4892423678247724e-05 6.72852729621809e-06 -2.3984512154129334e-05 1.0
0.23333333432674408 6.528520771098556e-06 4.301830995245837e-05 2.840238084900193e-05 8.984487067209557e-06 7.878705218899995e-06 -1.6528851119801402e-05 1.0
0.2666666805744171 -7.564948646177072e-06 8.034655184019357e-05 8.970706403488293e-06 2.7132164177601226e-05 6.6331535890640225e-06 -2.5487321181572042e-05 1.0
0.30000001192092896 -5.545430212805513e-06 0.00011756654566852376 4.701011675933842e-06 4.898948463960551e-05 3.940029273508117e-06 -3.32388881361112e-05 1.0
0.3333333432674408 1.5161668670771178e-05 3.504161213641055e-05 3.493285839795135e-05 2.7005162337445654e-06 9.519705599814188e-06 -8.964663720689714e-06 1.0
0.36666667461395264 -6.917705377418315e-06 6.023448804626241e-05 2.6412802981212735e-05 1.4161268154566642e-05 1.2017419066978619e-05 -2.495027547411155e-05 1.0
0.4000000059604645 -5.469018105941359e-06 2.8600377845577896e-05 3.651474617072381e-05 1.4179009895087802e-06 1.5730674931546673e-05 -1.0742272024799604e-05 1.0
0.4333333373069763 4.754009296448203e-06 3.343909702380188e-05 3.979259781772271e-05 1.9971923848061124e-06 1.4938889762561303e-05 -1.444283680029912e-05 1.0
0.46666666865348816 5.175150363356806e-06 3.752800330403261e-05 3.8638132537016645e-05 2.7835308173962403e-06 1.4311919585452415e-05 -1.2670565411099233e-05 1.0
0.5 7.357020422205096e-06 6.469099753303453e-05 3.393961742403917e-05 2.033829878200777e-05 9.576343472872395e-06 -2.1302081222529523e-05 1.0
0.5333333611488342 -1.477753812650917e-06 4.682056896854192e-05 2.8816473786719143e-05 1.2430241440597456e-05 1.1327857464493718e-05 -2.0113049686187878e-05 1.0
0.5666666626930237 1.2506506209319923e-05 3.667317287181504e-05 3.731144170160405e-05 3.6163001482236723e-07 1.2962852451892104e-05 -1.1742481547116768e-05 1.0
0.6000000238418579 4.27273607783718e-06 9.799133840715513e-05 2.324170054635033e-05 3.7887693906668574e-05 1.8464448885424645e-06 -3.326160731376149e-05 1.0
0.6333333253860474 8.10839901532745e-06 3.249200017307885e-05 2.932729694293812e-05 3.9012102206470445e-06 1.006154252536362e-05 -1.2371883713058196e-05 1.0
0.6666666865348816 -1.0930098142125644e-05 4.364692358649336e-05 3.30746806866955e-05 8.817614798317663e-06 1.944753239513375e-05 -2.0620171198970638e-05 1.0
0.699999988079071 -4.791817445948254e-06 4.670647467719391e-05 2.70470463874517e-05 1.3912961549067404e-05 1.3172506442060694e-05 -2.0035129637108184e-05 1.0
0.7333333492279053 1.4678924344480038e-05 3.1128111004363745e-05 1.4224384358385578e-05 2.6378827442385955e-06 3.221504130124231e-07 -1.1440569323895033e-05 1.0
0.7666666507720947 9.93692174233729e-06 6.590375414816663e-05 3.500684033497237e-05 1.9938062905566767e-05 9.225735993823037e-06 -2.329407107026782e-05 1.0
0.800000011920929 1.753843025653623e-05 3.798407124122605e-05 3.0296603654278442e-05 1.703282919152116e-06 9.12406812858535e-06 -9.637185939936899e-06 1.0
0.8333333134651184 1.1074455414927797e-06 3.230187212466262e-05 3.0051656722207554e-05 3.4696699913183693e-06 1.1227365575905424e-05 -1.1444036317698192e-05 1.0
0.8666666746139526 6.354134711727966e-07 2.5443488993914798e-05 1.4811542314419057e-05 3.3140513551188633e-06 7.582375928905094e-06 -1.1152548722748179e-05 1.0
0.8999999761581421 1.0716011274780612e-05 3.6263736546970904e-05 2.6182362489635125e-05 4.8225292630377226e-06 5.49911055713892e-06 -1.1678309419949073e-05 1.0
0.9333333373069763 -1.8421428649162408e-06 8.738924225326627e-05 3.3118631108663976e-05 2.7494979804032482e-05 1.528798929939512e-05 -3.072445542784408e-05 1.0
0.9666666388511658 -1.258589509234298e-05 6.00017883698456e-05 9.304101695306599e-06 1.6915282685658894e-05 1.0982053936459124e-05 -2.340489845664706e-05 1.0
1.0 2.3729760869173333e-05 3.445915353950113e-05 3.323220516904257e-05 -2.2015467493474716e-06 6.006598596286494e-06 -1.0466964340594131e-05 1.0
1.0333333015441895 -4.8594984036753885e-06 7.048411498544738e-05 1.818800410546828e-05 2.5030680262716487e-05 9.818155376706272e-06 -2.5946812456822954e-05 1.0
1.0666667222976685 2.384449544479139e-05 4.097172131878324e-05 4.057490878039971e-05 4.247339347784873e-06 1.2098812476324383e-05 -1.2175642041256651e-05 1.0
1.100000023841858 1.2565072211145889e-05 4.326155976741575e-05 4.1452709410805255e-05 4.0155737224267796e-06 1.2193607290100772e-05 -1.5094085028977133e-05 1.0
1.1333333253860474 -4.354222255642526e-06 7.442026981152594e-05 2.0016334019601345e-05 2.3965905711520463e-05 7.404902135021985e-06 -3.0891027563484386e-05 1.0
1.1666666269302368 -8.118758159980644e-06 4.320664083934389e-05 1.4578816262655891e-05 1.3383621080720332e-05 7.645016921742354e-06 -2.136883449566085e-05 1.0
1.2000000476837158 7.248650490510045e-06 5.9712110669352114e-05 4.064165477757342e-05 1.6158355720108375e-05 1.1050191460526548e-05 -2.538324952183757e-05 1.0
1.2333333492279053 8.762386642047204e-06 2.6597983378451318e-05 2.0332134226919152e-05 2.4303021746163722e-06 3.7850011267437367e-06 -1.0378777005826123e-05 1.0
1.2666666507720947 9.330039574706461e-06 3.801859566010535e-05 4.297834311728366e-05 3.91023149859393e-06 1.3823784684063867e-05 -1.1806469956354704e-05 1.0
1.2999999523162842 4.068178441229975e-06 3.897157512255944e-05 2.2525049644173123e-05 7.891788300184999e-06 5.92118340136949e-06 -1.443465498596197e-05 1.0
1.3333333730697632 -7.4446629696467426e-06 9.143327770289034e-05 8.976859135145787e-06 3.3169308153446764e-05 7.3375008469156455e-06 -3.343997377669439e-05 1.0
1.3666666746139526 1.0245191361946127e-07 6.39602803857997e-05 3.5383513022679836e-05 2.2298303520074114e-05 1.2226450053276494e-05 -2.3676169803366065e-05 1.0
1.399999976158142 9.993985258915927e-06 4.064512540935539e-05 2.7478858100948855e-05 7.102586550900014e-06 9.623112418921664e-06 -1.0581695278233383e-05 1.0
1.4333332777023315 3.5363009374123067e-06 6.048020804882981e-05 2.18532259168569e-05 1.8583736164146103e-05 6.043017037882237e-06 -2.781755210889969e-05 1.0
1.4666666984558105 2.329920107513317e-06 4.630181865650229e-05 2.0645475160563365e-05 1.5335643183789216e-05 7.1389731601811945e-06 -1.7202492017531767e-05 1.0
1.5 4.616473688656697e-06 3.20942017424386e-05 3.074153573834337e-05 3.894966994266724e-06 9.139126632362604e-06 -1.3820037565892562e-05 1.0
1.5333333015441895 -2.108595708705252e-06 3.979650136898272e-05 3.423280213610269e-05 8.035726750676986e-06 1.3918257536715828e-05 -2.02965566131752e-05 1.0
1.5666667222976685 -2.3441343728336506e-06 3.267254214733839e-05 1.4345227100420743e-05 5.126296400703723e-06 8.179054020729382e-06 -1.649813748372253e-05 1.0
1.600000023841858 4.390588856040267e-06 3.5022352676605806e-05 3.211833973182365e-05 6.435014256567229e-06 9.411997780262027e-06 -1.4899766938469838e-05 1.0
1.6333333253860474 1.3774734725302551e-05 3.986510637332685e-05 2.746658537944313e-05 8.705487744009588e-06 5.6676431086089e-06 -1.2780879842466675e-05 1.0
1.6666666269302368 -2.924781938418164e-06 3.614754677983001e-05 3.858597483485937e-05 4.319049821788212e-06 1.7120613847509958e-05 -1.2087528375559486e-05 1.0
1.7000000476837158 7.936955057630257e-07 4.968426583218388e-05 3.5996930819237605e-05 1.2974107448826544e-05 1.339481332252035e-05 -1.6095822502393275e-05 1.0
1.7333333492279053 -7.494364240301365e-07 3.4229884477099404e-05 3.334074790473096e-05 4.9705859055393375e-06 1.4383523193828296e-05 -1.5551191609119996e-05 1.0
1.7666666507720947 8.860195521265268e-06 3.4736935049295425e-05 3.779154212679714e-05 2.301736913068453e-06 1.3774541002931073e-05 -1.1992661711701658e-05 1.0
1.7999999523162842 1.528893153590616e-05 4.258469198248349e-05 3.504770575091243e-05 6.3843631323834416e-06 7.183413799793925e-06 -1.1255240679020062e-05 1.0
1.8333333730697632 1.5160583643591963e-05 3.652700615930371e-05 4.071673174621537e-05 1.8905167564753356e-07 1.459124541725032e-05 -1.1980989256699104e-05 1.0
1.8666666746139526 1.0675422572603566e-06 4.3827007175423205e-05 3.165342059219256e-05 1.1068591447838116e-05 1.2879993846581783e-05 -1.4561401258106343e-05 1.0
1.899999976158142 5.167665676708566e-06 4.235525193507783e-05 3.454864781815559e-05 7.66191260481719e-06 1.2949817573826294e-05 -1.400133260176517e-05 1.0
1.9333332777023315 1.5049773537612054e-05 2.408971886325162e-05 3.9715709135634825e-05 -8.457018338958733e-06 1.3689382285519969e-05 -1.183530821435852e-05 1.0
1.9666666984558105 2.587376002338715e-06 3.174477751599625e-05 3.3193744457094e-05 1.5554576293652644e-06 1.4610453945351765e-05 -1.3221703738963697e-05 1.0
2.0 9.043433237820864e-06 5.4759893828304484e-05 2.465694342390634e-05 1.877762952062767e-05 4.33443847214221e-06 -1.884391349449288e-05 1.0
2.0333333015441895 -1.3381551070779096e-05 8.440779492957518e-05 5.162471552466741e-06 3.239288707845844e-05 7.313257356145186e-06 -2.8022028345731087e-05 1.0
2.066666603088379 1.613547829037998e-05 3.4727916499832645e-05 3.2038431527325884e-05 1.130066948462627e-06 8.386461558984593e-06 -1.1045617611671332e-05 1.0
2.0999999046325684 4.18300896853907e-06 3.552942871465348e-05 2.012813820329029e-05 6.383211257343646e-06 5.918066108279163e-06 -1.5641815480194055e-05 1.0
2.133333444595337 -6.427080734283663e-06 7.04226185916923e-05 3.251728412578814e-05 2.3174741727416404e-05 1.4987803297117352e-05 -2.7121604944113642e-05 1.0
2.1666667461395264 5.899701136513613e-06 3.3003037970047444e-05 1.0749086868599989e-05 9.696104825707152e-06 1.1830790072053787e-06 -1.3596296412288211e-05 1.0
2.200000047683716 -9.773445526661817e-06 9.135415166383609e-05 2.3654392862226814e-05 3.78345102944877e-05 1.266255640075542e-05 -3.225939144613221e-05 1.0
2.2333333492279053 -7.272347829712089e-06 6.0273727285675704e-05 2.6554234864306636e-05 1.953902028617449e-05 1.2351004443189595e-05 -2.3424163373420015e-05 1.0
2.2666666507720947 -8.747813922127534e-07 8.284061914309859e-05 3.0792027246207e-05 2.7714540919987485e-05 1.0763767022581305e-05 -3.067115176236257e-05 1.0
2.299999952316284 8.590764991822653e-06 1.7666947314864956e-05 2.3702641556155868e-05 -4.211138730170205e-06 9.028469321492594e-06 -9.070540727407206e-06 1.0
2.3333332538604736 1.8382752386969514e-05 4.051778159919195e-05 3.5291210224386305e-05 3.860130618704716e-06 9.878386663331185e-06 -1.3451152881316375e-05 1.0
2.366666555404663 1.1632075256784447e-05 2.252818740089424e-05 3.507578367134556e-05 -1.0456944437464699e-05 1.2767020052706357e-05 -1.1852152965730056e-05 1.0
2.4000000953674316 5.868464995728573e-06 6.331101030809805e-05 3.1779090932104737e-05 1.9934785086661577e-05 8.681494364282116e-06 -2.181457784899976e-05 1.0
2.433333396911621 -8.207701284845825e-06 9.332461195299402e-05 1.7968128304346465e-05 3.82988182536792e-05 1.1710008038789965e-05 -2.6720406822278164e-05 1.0
2.4666666984558105 1.6228128515649587e-05 4.036481914226897e-05 3.015419679286424e-05 3.846151685138466e-06 7.030736924207304e-06 -1.5728952348581515e-05 1.0
2.5 1.7266762370127253e-05 3.985474904766306e-05 4.3356154492357746e-05 4.0381037251790985e-06 7.168586762418272e-06 -1.4753757568541914e-05 1.0
2.5333333015441895 6.367889909597579e-06 2.7188565582036972e-05 3.1870069506112486e-05 -2.4134276372933527e-06 1.1634475413302425e-05 -1.0440422556712292e-05 1.0
2.566666603088379 2.1828158423886634e-05 4.172942499280907e-05 3.670081787277013e-05 3.003285883096396e-06 9.544437489239499e-06 -1.2012978913844563e-05 1.0
2.5999999046325684 3.937992914870847e-06 2.1072692106827162e-05 2.3911867174319923e-05 -5.029773546993965e-06 1.0433002898935229e-05 -9.622554898669478e-06 1.0
2.633333444595337 1.3132467756804544e-05 4.224209988024086e-05 3.556657611625269e-05 7.534885753557319e-06 8.270219950645696e-06 -1.5187141798378434e-05 1.0
2.6666667461395264 -4.7588034135515045e-07 4.8968235205393285e-05 2.6038036594400182e-05 1.5185079973889515e-05 9.138710993283894e-06 -2.0470124582061544e-05 1.0
2.700000047683716 5.304272235662211e-06 3.563891732483171e-05 3.458694482105784e-05 2.4354255856451346e-06 1.4488839951809496e-05 -1.3037113603786565e-05 1.0
2.7333333492279053 -4.809424808627227e-06 5.368926213122904e-05 6.908169780217577e-06 1.852191417128779e-05 4.867911229666788e-06 -1.864086152636446e-05 1.0
2.7666666507720947 7.855389412725344e-06 4.382504630484618e-05 2.798870082187932e-05 8.831290870148223e-06 8.12268081062939e-06 -1.1491947589092888e-05 1.0
2.799999952316284 3.2270513656840194e-06 5.453857374959625e-05 1.3777921594737563e-05 1.747397254803218e-05 3.8052630770835094e-06 -2.3926140784169547e-05 1.0
2.8333332538604736 3.1510544431512244e-06 4.9365997256245464e-05 2.61275617958745e-05 1.2916054402012378e-05 8.552001418138389e-06 -1.939925641636364e-05 1.0
2.866666555404663 5.405408955994062e-06 3.1796967959962785e-05 3.41580125677865e-05 1.2030182006128598e-06 1.2860019523941446e-05 -1.4602619557990693e-05 1.0
2.9000000953674316 5.038465928919322e-07 4.906296817352995e-05 1.8237631593365222e-05 1.7649017536314204e-05 6.05784407525789e-06 -1.99639853235567e-05 1.0
2.933333396911621 3.7863410398131236e-06 4.60749288322404e-05 4.038862243760377e-05 1.043013071466703e-05 1.553782931296155e-05 -1.533531212771777e-05 1.0
2.9666666984558105 -2.245904624942341e-06 4.50822917628102e-05 1.8645823729457334e-05 1.2412369869707618e-05 5.945993962086504e-06 -2.4098571884678677e-05 1.0
3.0 6.347243470372632e-06 4.254606392350979e-05 2.4945513359853067e-05 1.2626457646547351e-05 4.752835593535565e-06 -1.709450407361146e-05 1.0
3.0333333015441895 -6.1568971432279795e-06 5.631442036246881e-05 2.5458155505475588e-05 1.670817073318176e-05 1.4074019418330863e-05 -2.4952805688371882e-05 1.0
3.066666603088379 1.2722180144919548e-05 3.718533116625622e-05 3.3187883673235774e-05 2.734303052420728e-06 1.1382940101611894e-05 -1.1009612535417546e-05 1.0
3.0999999046325684 7.203921086329501e-06 3.9174770790850744e-05 3.036817543033976e-05 5.7882798500941135e-06 9.230333489540499e-06 -1.7033302356139757e-05 1.0
3.133333444595337 5.700164365407545e-06 3.631779691204429e-05 2.506120472389739e-05 9.899742508423515e-06 5.343531938706292e-06 -1.3287714864418376e-05 1.0
3.1666667461395264 -9.801490705285687e-06 5.883797348360531e-05 1.8581582480692305e-05 1.9622613763203844e-05 1.1507955605338793e-05 -2.4634238798171282e-05 1.0
3.200000047683716 8.334485755767673e-06 9.194883023155853e-05 4.7569142225256655e-06 2.9422340958262794e-05 -9.270632972402382e-07 -4.074520256835967e-05 1.0
3.2333333492279053 1.8123559129890054e-05 3.910471423296258e-05 3.582313729566522e-05 2.9585551146738e-06 9.508685252512805e-06 -9.859339115791954e-06 1.0
3.2666666507720947 1.66092229392234e-06 3.0443896321230568e-05 2.91137803287711e-05 4.051799351145746e-06 1.1529985386005137e-05 -1.2108653208997566e-05 1.0
3.299999952316284 -4.9740506256057415e-06 5.239581150817685e-05 2.143988422176335e-05 1.4745166481588967e-05 1.0781572200357914e-05 -2.883188790292479e-05 1.0
3.3333332538604736 4.266386440576753e-06 7.712995284236968e-05 3.226709668524563e-05 2.8500704502221197e-05 9.43405302678002e-06 -2.2688212993671186e-05 1.0
3.366666555404663 -2.7636899631033884e-06 2.186200799769722e-05 2.3124781364458613e-05 -1.7995554344452103e-06 1.1742582501028664e-05 -1.2775448340107687e-05 1.0
3.4000000953674316 -3.1544232115265913e-07 6.339306855807081e-05 2.138688796549104e-05 2.4568173103034496e-05 6.9322145463956986e-06 -2.3354847144219093e-05 1.0
3.433333396911621 -1.2991055200473056e-06 4.934979369863868e-05 1.3462547940434888e-05 1.0659086001396645e-05 7.471664957847679e-06 -2.6468344003660604e-05 1.0
3.4666666984558105 -4.315114892960992e-06 5.608311766991392e-05 2.1582070985459723e-05 1.5608271496603265e-05 9.299816156271845e-06 -2.9702181564061902e-05 1.0
3.5 -9.349376455247693e-07 5.493465869221836e-05 3.199498314643279e-05 1.9756023903028108e-05 1.0348446267016698e-05 -1.813216476875823e-05 1.0
3.5333333015441895 1.1325712875986937e-05 4.1073581087403e-05 3.172954166075215e-05 6.45051750325365e-06 8.93018841452431e-06 -1.4599086171074305e-05 1.0
3.566666603088379 -1.3371964087127708e-06 6.573017162736505e-05 3.694060069392435e-05 2.4266404579975642e-05 1.3284183296491392e-05 -2.4692817532923073e-05 1.0
3.5999999046325684 4.538077064353274e-06 5.560920180869289e-05 2.95777281280607e-05 1.818784403440077e-05 8.469603926641867e-06 -2.0910994862788357e-05 1.0
3.633333444595337 -1.27588725717942e-06 4.728294152300805e-05 4.136209099669941e-05 1.045169210556196e-05 1.350133061350789e-05 -2.134166243195068e-05 1.0
3.6666667461395264 8.350878488272429e-06 4.568846270558424e-05 3.072904291911982e-05 1.1029193956346717e-05 9.287412467529066e-06 -1.5282486856449395e-05 1.0
3.700000047683716 -5.571296696871286e-06 5.3643801948055625e-05 2.109905290126335e-05 1.387055090162903e-05 1.3276459867483936e-05 -2.325951209058985e-05 1.0
3.7333333492279053 1.5646372048649937e-05 3.570543049136177e-05 3.525833017192781e-05 2.4981125079648336e-06 9.881716323434375e-06 -1.2498418072937056e-05 1.0
3.7666666507720947 3.876546998071717e-06 4.160378375672735e-05 2.780328031803947e-05 1.1610010005824734e-05 8.63163859321503e-06 -1.8032702428172342e-05 1.0
3.799999952316284 2.680313400560408e-06 3.379607369424775e-05 1.9602919564931653e-05 8.584820534451865e-06 5.77106720811571e-06 -1.4692212971567642e-05 1.0
3.8333332538604736 1.8909853679360822e-05 2.809253601299133e-05 3.632398875197396e-05 -4.683253337134374e-06 1.0755180483101867e-05 -1.116958537750179e-05 1.0
3.866666555404663 -1.0302398550265934e-05 8.304572111228481e-05 2.6702411560108885e-05 2.6764852009364404e-05 1.5653464288334362e-05 -2.7990892704110593e-05 1.0
3.9000000953674316 1.0410562936158385e-06 6.217071495484561e-05 2.171401501982473e-05 2.6371162675786763e-05 3.2732589261286194e-06 -2.6444842660566792e-05 1.0
3.933333396911621 4.287948286219034e-06 2.9291417376953177e-05 2.2345406250678934e-05 5.1075717237836216e-06 7.348064627876738e-06 -1.1528264622029383e-05 1.0
3.9666666984558105 1.3350991139304824e-05 3.9833066693972796e-05 4.2146144551225007e-05 2.399345248704776e-06 1.3561066225520335e-05 -1.2837807844334748e-05 1.0
4.0 -2.418137455606484e-06 5.0256538088433444e-05 3.530599133227952e-05 1.3714013221033383e-05 1.520796195109142e-05 -1.6434983990620822e-05 1.0
4.0333333015441895 3.6188143894833047e-06 4.476956382859498e-05 3.368618490640074e-05 1.0743781786004547e-05 1.295677702728426e-05 -1.6311238141497597e-05 1.0
4.066666603088379 -2.7433723516878672e-05 0.00012980711471755058 -5.558579232456395e-06 5.5940479796845466e-05 1.367197728541214e-05 -3.8801674236310646e-05 1.0
4.099999904632568 1.4287867088569328e-05 3.6956047551939264e-05 3.8186968595255166e-05 -8.525882577714583e-08 1.3897644748794846e-05 -1.3548665265261661e-05 1.0
4.133333206176758 -1.3674313777300995e-05 6.894569378346205e-05 7.058776191115612e-06 2.2615316993324086e-05 1.2529510968306568e-05 -3.455512705841102e-05 1.0
4.166666507720947 -1.2535213500086684e-05 6.394913361873478e-05 3.3717577025527135e-05 1.795298703655135e-05 1.639815491216723e-05 -3.524961357470602e-05 1.0
4.199999809265137 6.670983566436917e-06 4.885011003352702e-05 2.9796738090226427e-05 1.3842965927324258e-05 8.480413271172438e-06 -1.6816291463328525e-05 1.0
4.233333110809326 -1.9192755189578747e-06 5.5928157962625846e-05 1.2493082067521755e-05 1.9264945876784623e-05 5.851733931194758e-06 -2.3433725800714456e-05 1.0
4.266666889190674 -4.623905169864884e-06 4.7226531023625284e-05 1.5223533409880474e-05 1.6010451872716658e-05 7.427026957884664e-06 -2.2164249458000995e-05 1.0
4.300000190734863 1.6078427506727166e-05 3.3993637771345675e-05 3.1625670089852065e-05 -1.165711637440836e-06 6.619633040827466e-06 -1.3658782336278819e-05 1.0
4.333333492279053 9.729499652166851e-06 3.664429459604435e-05 1.888400402094703e-05 7.881839337642305e-06 4.615351372194709e-06 -1.349163539998699e-05 1.0
4.366666793823242 9.704071089799982e-06 3.2584721338935196e-05 3.426158946240321e-05 -4.832534159504576e-07 1.2492511814343743e-05 -1.1499538231873885e-05 1.0
4.400000095367432 7.341476248257095e-06 5.586432962445542e-05 3.2453754101879895e-05 1.5252417142619379e-05 1.0347685929446016e-05 -1.9502866052789614e-05 1.0
4.433333396911621 5.534458068723325e-06 2.6215249818051234e-05 2.8504200599854812e-05 -1.198167751681467e-06 9.711586244520731e-06 -1.3629452951136045e-05 1.0
4.4666666984558105 -3.414783577682101e-06 7.012843707343563e-05 1.427441748091951e-05 2.854424928955268e-05 5.84560984862037e-06 -2.2774656827095896e-05 1.0
4.5 2.3359650640486507e-06 4.424887083587237e-05 1.9242141206632368e-05 1.4831849512120243e-05 6.053066499589477e-06 -1.664323644945398e-05 1.0
4.5333333015441895 -4.7667472244938836e-06 3.112924241577275e-05 3.5875782486982644e-05 4.481724317884073e-06 1.6180638340301812e-05 -1.6113079254864715e-05 1.0
4.566666603088379 -4.3035565795435105e-06 4.364101550891064e-05 2.4192708224290982e-05 1.1059474672947545e-05 1.1164124771312345e-05 -2.5237619411200285e-05 1.0
4.599999904632568 2.109916067638551e-06 3.940194073948078e-05 4.070698923896998e-05 8.34674938232638e-06 1.1865557098644786e-05 -1.7175307220895775e-05 1.0
4.633333206176758 -9.862855222309008e-06 0.00010548297723289579 -3.5376712048673653e-07 4.386054934002459e-05 8.044996320677456e-06 -2.526778553146869e-05 1.0
4.666666507720947 2.0296528191465768e-07 6.107505760155618e-05 7.881219971750397e-06 2.1070763978059404e-05 3.7788627196277957e-06 -2.814165418385528e-05 1.0
4.699999809265137 6.438930540753063e-06 4.2987903725588694e-05 2.1763131371699274e-05 1.0353245670557953e-05 9.189950105792377e-06 -1.0548125828790944e-05 1.0
4.733333110809326 1.8652067410585005e-06 6.207527621882036e-05 1.772704672475811e-05 2.1396494048531167e-05 6.4490654949622694e-06 -2.574874451966025e-05 1.0
4.766666889190674 -8.872265425452497e-06 9.169510303763673e-05 -1.7435487507100333e-06 3.800404374487698e-05 7.299719982256647e-06 -2.6359673938713968e-05 1.0
4.800000190734863 -2.1503021798707778e-06 8.089311450021341e-05 1.3859727914677933e-05 3.078256850130856e-05 5.146746389073087e-06 -2.87305265374016e-05 1.0
4.833333492279053 3.0176479413057677e-06 7.229876064229757e-05 3.3102769521065056e-05 2.4757639039307833e-05 7.594560429424746e-06 -2.7638490792014636e-05 1.0
4.866666793823242 1.2961924767296296e-05 4.707008338300511e-05 3.080297392443754e-05 8.70726398716215e-06 1.0708886293286923e-05 -1.5768524463055655e-05 1.0
4.900000095367432 4.463902769202832e-06 2.4639211915200576e-05 2.4594421120127663e-05 -3.075078893743921e-06 1.0127144378202502e-05 -1.0921218745352235e-05 1.0
4.933333396911621 -9.083272743737325e-06 8.767479448579252e-05 4.1760913518373854e-06 3.277655559941195e-05 8.537352186976932e-06 -2.7721107471734285e-05 1.0
4.9666666984558105 3.906784968421562e-06 3.400661807972938e-05 3.0257782782427967e-05 4.367656401882414e-06 1.455586971133016e-05 -1.0644032954587601e-05 1.0
5.0 -5.91724642617919e-08 4.887346949544735e-05 2.026847687375266e-05 1.3732492334384006e-05 8.517527021467686e-06 -2.1260735593386926e-05 1.0
5.0333333015441895 -2.793091198327602e-06 3.938691224902868e-05 8.368343515030574e-06 1.0234468390990514e-05 5.435348157334374e-06 -2.3420783691108227e-05 1.0
5.066666603088379 -3.794535814449773e-06 5.6135544582502916e-05 3.6483081203186885e-05 1.6597896319581196e-05 1.5665560567867942e-05 -2.4302085876115598e-05 1.0
5.099999904632568 1.2007402801827993e-05 3.979947359766811e-05 3.262202881160192e-05 7.94381685409462e-06 7.136322892620228e-06 -1.621866613277234e-05 1.0
5.133333206176758 1.8632608771440573e-05 4.0925555367721245e-05 3.241678496124223e-05 4.705841547547607e-06 7.608855412399862e-06 -1.2998724741919432e-05 1.0
5.166666507720947 -7.61911951485672e-06 5.354309905669652e-05 2.7877051252289675e-05 1.5764784620841965e-05 1.3909660083299968e-05 -2.0458690414670855e-05 1.0
5.199999809265137 4.964364961779211e-06 5.193546166992746e-05 3.9242819184437394e-05 1.4542881217494141e-05 1.2743692423100583e-05 -1.8074564650305547e-05 1.0
5.233333110809326 -8.35757873574039e-06 4.653809082810767e-05 5.431131285149604e-06 1.3202686204749625e-05 5.289750333759002e-06 -2.4683211449882947e-05 1.0
5.266666889190674 9.939650226442609e-06 4.278054620954208e-05 3.598781768232584e-05 8.36139588500373e-06 1.222971059178235e-05 -1.5159493159444537e-05 1.0
5.300000190734863 7.574392839160282e-06 5.0646103773033246e-05 3.4538094041636214e-05 1.4151512004900724e-05 8.75948626344325e-06 -1.4757272765564267e-05 1.0
5.333333492279053 3.089599658778752e-06 2.8768545234925114e-05 1.8429738702252507e-05 6.396237040462438e-06 6.262370789045235e-06 -1.5157178495428525e-05 1.0
5.366666793823242 -4.854623057326535e-06 7.539746002294123e-05 1.6214564311667345e-05 2.5677969460957684e-05 1.0125370863534044e-05 -2.540287096053362e-05 1.0
5.400000095367432 -1.7710508473101072e-06 7.377528527285904e-05 6.585703431483125e-06 2.394572220509872e-05 4.045447894895915e-06 -3.5045319236814976e-05 1.0
5.433333396911621 -4.722629455500282e-06 2.802201015583705e-05 3.095990541623905e-05 2.4202138320106314e-06 1.3586381101049483e-05 -1.22136279969709e-05 1.0
5.4666666984558105 -3.954663952754345e-06 6.544693314936012e-05 1.1671857464534696e-05 2.2812275346950628e-05 4.734934009320568e-06 -2.942672472272534e-05 1.0
5.5 -4.250427082297392e-06 5.9970232541672885e-05 1.6948653865256347e-05 2.1716110495617613e-05 6.624848992942134e-06 -2.4166551156667992e-05 1.0
5.5333333015441895 1.8445087334839627e-05 3.523607301758602e-05 3.4955344744957983e-05 6.656457003373362e-07 8.424815860053059e-06 -1.1583213563426398e-05 1.0
5.566666603088379 1.0994266631314531e-05 3.3831391192507e-05 2.9064531190670095e-05 -8.298376883431047e-07 9.986449185817037e-06 -1.2637943655136041e-05 1.0
5.599999904632568 3.6084734347241465e-06 6.662262603640556e-05 1.8736018319032155e-05 2.237488115497399e-05 1.4968658206271357e-06 -2.988180858665146e-05 1.0
5.633333206176758 7.278984867298277e-06 5.8403617003932595e-05 2.7557043722481467e-05 2.114320705004502e-05 4.560929028230021e-06 -2.0686915377154946e-05 1.0
5.666666507720947 9.796443009690847e-06 5.715408769901842e-05 3.291662142146379e-05 1.71377687365748e-05 5.2728955779457465e-06 -2.2268837710726075e-05 1.0
5.699999809265137 -4.076641744177323e-06 4.7447090764762834e-05 2.964579834952019e-05 1.5131405234569684e-05 1.3106211554259062e-05 -1.835529474192299e-05 1.0
5.733333110809326 4.3585455387074035e-06 7.202936103567481e-05 3.378843393875286e-05 2.4090497390716337e-05 9.796436643227935e-06 -2.357867379032541e-05 1.0
5.766666889190674 -2.0265171770006418e-05 0.00017175859829876572 -5.7855540944729e-06 7.345357880694792e-05 1.097790664061904e-05 -4.9947779189096764e-05 1.0
5.800000190734863 2.563338284744532e-06 7.092372106853873e-05 3.420653592911549e-05 2.737394424912054e-05 1.1697630725393537e-05 -1.7583861335879192e-05 1.0
5.833333492279053 1.2000778326637374e-07 4.2931573261739686e-05 2.359440622967668e-05 1.1913596608792432e-05 9.406793651578482e-06 -1.9546241674106568e-05 1.0
5.866666793823242 -9.694808795757126e-06 7.18808951205574e-05 9.238414349965751e-06 2.670463072718121e-05 7.877036296122242e-06 -3.384352748980746e-05 1.0
5.900000095367432 -1.1813744094979484e-05 6.887011113576591e-05 5.7799366004474e-07 3.045177618332673e-05 6.92869116392103e-06 -2.5691599148558453e-05 1.0
5.933333396911621 -1.3038261386100203e-06 7.076749898260459e-05 5.7439729062025435e-06 2.6218373022857122e-05 2.487280880814069e-06 -2.9753387934761122e-05 1.0
5.9666666984558105 -3.0490227800328285e-06 7.768255454720929e-05 1.8379645553068258e-05 2.936072814918589e-05 8.667550901009236e-06 -2.618756116135046e-05 1.0
6.0 -1.9105766568827676e-06 7.108091085683554e-05 1.9388706277823076e-05 2.4836419470375404e-05 5.690137186320499e-06 -2.7304209652356803e-05 1.0
6.0333333015441895 8.024409225981799e-07 6.033126555848867e-05 4.155231363256462e-05 1.7453332475270145e-05 1.5612014976795763e-05 -2.061568375211209e-05 1.0
6.066666603088379 2.8493327590695117e-06 3.0292809242382646e-05 2.8017990189255215e-05 1.323006699749385e-06 1.3832654985890258e-05 -1.0849435057025403e-05 1.0
6.099999904632568 3.859109710901976e-06 3.9141170418588445e-05 2.9471766538335942e-05 9.084305929718539e-06 1.0959519386233296e-05 -1.7575161109562032e-05 1.0
6.133333206176758 -1.3166450116841588e-05 9.764403512235731e-05 -4.298300154914614e-06 3.4537417377578095e-05 4.8885972319112625e-06 -4.972628448740579e-05 1.0
6.166666507720947 1.575283386046067e-05 3.2840693165780976e-05 3.485102206468582e-05 8.923669270188839e-07 7.601233846799005e-06 -1.0499965355847962e-05 1.0
6.199999809265137 1.5358969903900288e-05 4.206199446343817e-05 2.132470763172023e-05 6.211632808117429e-06 3.2467414712300524e-06 -1.217816497955937e-05 1.0
6.233333110809326 7.510417162848171e-06 2.7203741410630755e-05 2.6214500394416973e-05 4.444965782113286e-07 1.0560695955064148e-05 -1.0010034202423412e-05 1.0
6.266666889190674 1.524569779576268e-05 2.961664358736016e-05 2.509889964130707e-05 -4.511150109465234e-06 6.425812443922041e-06 -1.1526802154548932e-05 1.0
6.300000190734863 2.3879216314526275e-05 4.239238842274062e-05 3.5214241506764665e-05 2.6651748612493975e-06 9.466260962653905e-06 -1.3079195923637599e-05 1.0
6.333333492279053 -6.086750090616988e-07 3.9269336411962286e-05 3.1795541872270405e-05 8.328916919708718e-06 1.2370293006824795e-05 -1.9532948499545455e-05 1.0
6.366666793823242 -1.541968572382757e-06 5.5293254263233393e-05 1.5617895769537427e-05 2.103358565364033e-05 5.241170583758503e-06 -1.878387774922885e-05 1.0
6.400000095367432 -1.2243356650287751e-05 7.554450712632388e-05 2.458943345118314e-05 2.2911044652573764e-05 1.7045747881638817e-05 -2.8276512239244767e-05 1.0
6.433333396911621 -1.2249259953023284e-06 7.040604396024719e-05 1.0618522537697572e-05 2.7828420570585877e-05 5.671397047990467e-06 -2.4974840926006436e-05 1.0
6.4666666984558105 6.9379902924993075e-06 4.689651177613996e-05 2.3900674932519905e-05 1.3116987247485667e-05 8.30414046504302e-06 -1.6140889783855528e-05 1.0
6.5 2.6778056962939445e-06 2.8046433726558462e-05 2.4433573344140314e-05 3.0442770366789773e-06 8.483187230012845e-06 -9.900862096401397e-06 1.0
6.5333333015441895 -2.3461632281396305e-06 3.1391427910421044e-05 1.0671076779544819e-05 9.596616109774914e-06 5.843650797032751e-06 -1.5072420865180902e-05 1.0
6.566666603088379 1.6522567420906853e-06 6.468689389294013e-05 2.182161551900208e-05 2.2584228645428084e-05 6.680133537884103e-06 -2.6667188649298623e-05 1.0
6.599999904632568 5.751185199187603e-06 3.773916978389025e-05 3.5496283089742064e-05 6.107056833570823e-06 1.0411020411993377e-05 -1.5617106328136288e-05 1.0
6.633333206176758 5.1838333092746325e-06 2.1765194105682895e-05 1.8995620848727413e-05 6.906186058586172e-07 6.843680239398964e-06 -9.86853501672158e-06 1.0
6.666666507720947 -3.477230393400532e-06 5.363918899092823e-05 1.8323902622796595e-05 1.8890104911406524e-05 8.303339200210758e-06 -1.981287459784653e-05 1.0
6.699999809265137 -1.165915819001384e-05 6.603558722417802e-05 9.235711331712082e-06 2.7658434191835113e-05 8.869083103490993e-06 -2.3446304112439975e-05 1.0
6.733333110809326 -1.2410098861437291e-05 7.90516278357245e-05 1.3844781278748997e-05 2.901145489886403e-05 1.0949047464237083e-05 -2.9415539756882936e-05 1.0
6.766666889190674 1.0238446520816069e-05 3.854837268590927e-05 3.05283501802478e-05 4.8517845243623015e-06 1.0170765563088935e-05 -1.3376034985412844e-05 1.0
6.800000190734863 3.745316917047603e-06 4.449347761692479e-05 2.9200873541412875e-05 1.3110448890074622e-05 8.142263141053263e-06 -1.126548431784613e-05 1.0
6.833333492279053 1.0750791261671111e-05 3.387603646842763e-05 3.3629788958933204e-05 5.5107393563957885e-06 1.0179694982070941e-05 -1.298536062677158e-05 1.0
6.866666793823242 -1.554388632030168e-06 3.4838922147173434e-05 3.204149834346026e-05 4.159786840318702e-06 1.4893699699314311e-05 -1.3846478395862505e-05 1.0
6.900000095367432 4.145053026149981e-06 3.0185279683792032e-05 1.7312928321189247e-05 5.1412130233075e-06 5.359114311431767e-06 -1.244188297278015e-05 1.0
6.933333396911621 8.295754923892673e-06 3.5186647437512875e-05 3.2627591281197965e-05 5.59742011319031e-06 1.0426896551507525e-05 -1.3374743502936326e-05 1.0
6.9666666984558105 -1.498911274211423e-06 4.89065314468462e-05 2.3340715415542945e-05 1.6196487194974907e-05 6.444729933718918e-06 -2.2480948246084154e-05 1.0
7.0 9.51322272157995e-06 3.1820098229218274e-05 2.645645145094022e-05 3.6537319374474464e-06 8.503589924657717e-06 -1.2722621249849908e-05 1.0
7.0333333015441895 -7.121545877453173e-06 6.144079088699073e-05 1.2523497389338445e-05 2.402183054073248e-05 6.25853090241435e-06 -2.4578705051681027e-05 1.0
7.066666603088379 4.0811692088027485e-06 3.4660457458812743e-05 2.1673962692148052e-05 9.720552043290809e-06 4.674975571106188e-06 -1.393610000377521e-05 1.0
7.099999904632568 3.379086138011189e-06 6.855912215542048e-05 2.6562882339931093e-05 2.2150245058583096e-05 1.1579745660128538e-05 -2.1607556845992804e-05 1.0
7.133333206176758 1.5256219739967491e-05 2.3926790163386613e-05 2.5767512852326035e-05 -4.57147052657092e-06 4.89910189571674e-06 -9.381672498420812e-06 1.0
7.166666507720947 1.1425036063883454e-05 2.9745628125965595e-05 3.144409492961131e-05 -6.075705414332333e-07 8.314338629134e-06 -1.1352996807545424e-05 1.0
7.199999809265137 -7.159149504332163e-07 7.517963967984542e-05 1.7250977180083282e-05 2.8479291358962655e-05 7.104950782377273e-06 -2.391814450675156e-05 1.0
7.233333110809326 1.2240763680892996e-05 2.942436549346894e-05 2.6575395168038085e-05 -1.0247289310427732e-06 9.28651206777431e-06 -1.2940839042130392e-05 1.0
7.266666889190674 2.5384194941580063e-06 4.943643943988718e-05 2.5682596970000304e-05 1.544125370855909e-05 8.194301699404605e-06 -2.1701936930185184e-05 1.0
7.300000190734863 4.5436750042426866e-06 3.5330787795828655e-05 1.570980566611979e-05 8.775828064244706e-06 4.63322930954746e-06 -1.6376823623431846e-05 1.0
7.333333492279053 -5.5643104133196175e-06 7.667659519938752e-05 1.2219686141179409e-05 3.089009260293096e-05 6.648886028415291e-06 -2.5346669644932263e-05 1.0
7.366666793823242 7.649029612366576e-06 6.719968223478645e-05 3.199636921635829e-05 2.1015885067754425e-05 8.099541446426883e-06 -2.7999743906548247e-05 1.0
7.400000095367432 6.256559572648257e-06 3.732942423084751e-05 3.710835881065577e-05 5.041443273512414e-06 1.4404822650249116e-05 -1.368398079648614e-05 1.0
7.433333396911621 1.2412756404955871e-05 3.9248934626812115e-05 3.026202102773823e-05 4.874631486018188e-06 8.432077265752014e-06 -1.6694288206053898e-05 1.0
7.4666666984558105 -1.901796281345014e-06 7.013486174400896e-05 2.2114776584203355e-05 2.8821590603911318e-05 8.457002877548803e-06 -2.414516893622931e-05 1.0
7.5 6.815489996370161e-06 3.07859227177687e-05 3.814201045315713e-05 -1.1737758995877812e-06 1.4202543752617203e-05 -9.692562343843747e-06 1.0
7.5333333015441895 1.9796516426140442e-08 3.6843128327745944e-05 3.745821231859736e-05 6.050234333088156e-06 1.5437890397151932e-05 -1.3881235645385459e-05 1.0
7.566666603088379 5.597942163149128e-06 4.436358358361758e-05 1.3521750588552095e-05 1.2610125850187615e-05 1.1377964028724818e-06 -2.5678227757452987e-05 1.0
7.599999904632568 6.885049060656456e-06 3.486168498056941e-05 2.7901705834665336e-05 3.4377430893073324e-06 9.809369657887146e-06 -1.3113041859469377e-05 1.0
7.633333206176758 -1.5106722457858268e-05 5.761508145951666e-05 2.3385431632050313e-05 1.8103966795024462e-05 1.612927735550329e-05 -2.1308745999704115e-05 1.0
7.666666507720947 9.321192010247614e-06 3.7312391214072704e-05 3.237414421164431e-05 4.239773261360824e-06 1.0264690899930429e-05 -1.3511016732081771e-05 1.0
7.699999809265137 -6.004384886182379e-06 7.722216832917184e-05 1.6518224583705887e-05 2.7352016331860796e-05 8.854844054440036e-06 -3.102974369539879e-05 1.0
7.733333110809326 4.002943569503259e-06 2.6857143893721513e-05 3.487858339212835e-05 2.3830941131564032e-07 1.402845919074025e-05 -1.343596068181796e-05 1.0
7.766666889190674 6.84950600771117e-06 3.236201882828027e-05 3.079268572037108e-05 1.907572823256487e-06 1.135666298068827e-05 -1.1420192095101811e-05 1.0
7.800000190734863 6.9330676524259616e-06 5.3715553804067895e-05 2.82812488876516e-05 1.7182141164084896e-05 6.189909527165582e-06 -1.851841625466477e-05 1.0
7.833333492279053 -5.816190423502121e-06 5.5035634431988e-05 3.284856575191952e-05 2.0347893951111473e-05 1.4766445019631647e-05 -1.9773140593315475e-05 1.0
7.866666793823242 -5.4767101573816035e-06 5.762874206993729e-05 2.2577174604521133e-05 1.8932205421151593e-05 1.0501935321372002e-05 -2.2129095668788068e-05 1.0
7.900000095367432 2.4541841412428766e-06 8.830051228869706e-05 2.9930157324997708e-05 3.526235741446726e-05 7.822821316949558e-06 -2.9623124646604992e-05 1.0
7.933333396911621 -1.0445024827276939e-06 7.01596072758548e-05 1.2554036402434576e-05 2.4885108359740116e-05 3.460009111222462e-06 -2.9638747946592048e-05 1.0
7.9666666984558105 1.0990024748025462e-05 3.455859769019298e-05 3.80699202651158e-05 1.0693747753975913e-06 1.5593543139402755e-05 -1.2026909644191619e-05 1.0
8.0 -1.0241868039884139e-05 8.765431266510859e-05 1.8950395315187052e-05 3.523605118971318e-05 1.2829671504732687e-05 -2.8882415790576488e-05 1.0
8.033333778381348 9.801931810216047e-06 4.524573887465522e-05 3.754330100491643e-05 1.0693049262044951e-05 1.1017928045475855e-05 -1.47157379615237e-05 1.0
8.066666603088379 -9.667187441664282e-07 2.4586077415733598e-05 8.617991625214927e-06 5.767891252617119e-06 4.937460289511364e-06 -1.1716847438947298e-05 1.0
8.100000381469727 -3.750915084310691e-06 8.777170296525583e-05 3.108183227595873e-05 3.441906665102579e-05 1.4073225429456215e-05 -3.199897037120536e-05 1.0
8.133333206176758 -7.107541478035273e-06 4.794731648871675e-05 3.693153121275827e-05 1.1729481229849625e-05 1.667817559791729e-05 -1.9554181562853046e-05 1.0
8.166666984558105 1.447697195544606e-05 2.899852188420482e-05 1.8940110749099404e-05 1.1745477195290732e-06 3.6989843010815093e-06 -8.447063009953126e-06 1.0
8.199999809265137 7.819738812031574e-07 3.830866626231e-05 1.0980395927617792e-05 1.5987125152605586e-05 3.3046062526409514e-06 -1.3742771443503443e-05 1.0
8.233333587646484 -1.079951971405535e-06 7.055811147438362e-05 2.7325504561304115e-05 2.4887664039852098e-05 1.0248831131320912e-05 -2.4519173166481778e-05 1.0
8.266666412353516 1.6034717873480986e-06 4.9137881433125585e-05 2.6454887120053172e-05 1.549304033687804e-05 9.092891559703276e-06 -1.9001090549863875e-05 1.0
8.300000190734863 -1.5561761756544e-05 6.56021511531435e-05 -1.797979621187551e-06 2.7297059205011465e-05 7.2390780587738845e-06 -2.5593444661353715e-05 1.0
8.333333015441895 -4.79736081615556e-06 6.094228956499137e-05 3.650446524261497e-05 2.175701411033515e-05 1.5052920389280189e-05 -2.4661758288857527e-05 1.0
8.366666793823242 -5.552906259254087e-07 3.422311783651821e-05 3.1885883799986914e-05 6.115212272561621e-06 1.2623032489500474e-05 -1.3988056707603391e-05 1.0
8.399999618530273 -1.6751445173213142e-06 7.652669592062011e-05 3.079841917497106e-05 2.6735538995126262e-05 9.494132427789737e-06 -2.629264781717211e-05 1.0
8.433333396911621 -5.360148406907683e-06 6.587124516954646e-05 2.5316676328657195e-05 2.1570162061834708e-05 1.1305884072498884e-05 -2.7080433937953785e-05 1.0
8.466666221618652 -6.59808938507922e-06 6.750153988832608e-05 3.335993460495956e-05 2.377123928454239e-05 1.6379792214138433e-05 -2.2566891857422888e-05 1.0
8.5 -3.7996580886101583e-06 6.481467426056042e-05 3.402275615371764e-05 2.0948298697476275e-05 1.2273385436856188e-05 -2.2829137378721498e-05 1.0
8.533333778381348 1.2449741007003468e-06 5.8605452068150043e-05 3.1792438676347956e-05 1.6615318600088358e-05 1.3761393347522244e-05 -2.4056565962382592e-05 1.0
8.566666603088379 -1.2653518979277578e-06 3.020508484041784e-05 2.5595618353690952e-05 2.522891691114637e-06 1.1642878234852105e-05 -1.2801324373867828e-05 1.0
8.600000381469727 6.0595239119720645e-06 6.446031329687685e-05 3.521182225085795e-05 2.299732295796275e-05 1.0895802006416488e-05 -2.2540672944160178e-05 1.0
8.633333206176758 1.4448867659666575e-05 2.912493800977245e-05 3.933471816708334e-05 -3.888011178787565e-06 1.4533126886817627e-05 -9.706403034215327e-06 1.0
8.666666984558105 3.367267709109001e-06 1.748129398038145e-05 8.806106052361429e-06 1.2807619214072474e-06 3.598524244807777e-06 -8.730645276955329e-06 1.0
8.699999809265137 -2.102245889545884e-05 0.00012207383406348526 -7.4848085205303505e-06 4.170941247139126e-05 1.1381576769053936e-05 -4.931029616273008e-05 1.0
8.733333587646484 -1.756657184159849e-05 0.00010025532537838444 -2.4358994323847583e-06 4.1485447582090273e-05 1.0264431693940423e-05 -3.362475399626419e-05 1.0
8.766666412353516 2.0501213384704897e-06 3.403259324841201e-05 2.030593532253988e-05 7.291865131264785e-06 7.378748250630451e-06 -1.5277855709427968e-05 1.0
8.800000190734863 -3.8441344258899335e-06 3.0507309929816984e-05 2.8003261832054704e-05 3.6892672596877674e-06 1.2515603884821758e-05 -1.3907939319324214e-05 1.0
8.833333015441895 1.1096503840235528e-05 3.296399881946854e-05 4.149804954067804e-05 3.3941691413019726e-07 1.6618585505057126e-05 -1.1477239240775816e-05 1.0
8.866666793823242 -8.276318112621084e-06 8.856578642735258e-05 4.394271400087746e-06 3.7246303691063076e-05 7.827728950360324e-06 -2.8886655854876153e-05 1.0
8.899999618530273 -7.944116077851504e-06 0.000115455717605073 7.603821359225549e-06 4.79781192552764e-05 5.841947768203681e-06 -4.555076520773582e-05 1.0
8.933333396911621 1.1127574907732196e-05 2.9972210541018285e-05 3.077921428484842e-05 -2.824163175318972e-06 1.2484063518058974e-05 -1.3942877558292821e-05 1.0
8.966666221618652 -2.8945075882802485e-06 4.877763785771094e-05 2.3472819520975463e-05 1.7356387616018765e-05 9.28026838664664e-06 -2.063931242446415e-05 1.0
9.0 6.5258150243607815e-06 7.180525426520035e-05 3.589822517824359e-05 2.613835567899514e-05 9.310525456385221e-06 -2.298961226188112e-05 1.0
9.033333778381348 2.770965465970221e-06 5.737619721912779e-05 4.340300438343547e-05 1.417910425516311e-05 1.534178591100499e-05 -2.5019029635586776e-05 1.0
9.066666603088379 3.902759090124164e-06 2.852961370081175e-05 2.5959887352655642e-05 1.115841314458521e-06 1.1203183021279983e-05 -8.765752681938466e-06 1.0
9.100000381469727 2.3143618818721734e-05 3.890080188284628e-05 3.6981826269766316e-05 2.6191687538812403e-06 8.631194759800564e-06 -1.0879009096242953e-05 1.0
9.133333206176758 -3.251899016731841e-08 2.8556964025483467e-05 1.4559568626282271e-05 7.67078745411709e-06 6.279500667005777e-06 -1.2040215551678557e-05 1.0
9.166666984558105 -6.394330966941197e-07 3.831380672636442e-05 3.028523497050628e-05 8.353535122296307e-06 1.2330039680819027e-05 -1.4508156709780451e-05 1.0
9.199999809265137 -5.686484200850828e-06 7.50916515244171e-05 1.5072074347699527e-05 3.152476710965857e-05 5.710581262974301e-06 -2.6589308617985807e-05 1.0
9.233333587646484 -1.0876471606025007e-05 7.315768743865192e-05 2.1225498130661435e-05 2.7207213861402124e-05 1.4108474715612829e-05 -2.7815614885184914e-05 1.0
9.266666412353516 5.396908818511292e-06 2.557131119829137e-05 2.6277957658749074e-05 1.573694476064702e-06 9.20140701055061e-06 -1.0912988727795891e-05 1.0
9.300000190734863 1.6304004020639695e-05 3.146961535094306e-05 3.895491317962296e-05 -3.0055085176172724e-07 1.2762220649165101e-05 -1.3543362001655623e-05 1.0
9.333333015441895 -2.532020289436332e-06 4.107388303964399e-05 3.3112803066615015e-05 9.530610441288445e-06 1.3718579793930985e-05 -1.7926067812368274e-05 1.0
9.366666793823242 1.5171778613876086e-05 3.381017450010404e-05 1.6545325706829317e-05 8.526805686415173e-06 -5.644314455821586e-07 -9.073019100469537e-06 1.0
9.399999618530273 4.1655889617686626e-06 3.707575524458662e-05 2.976949508592952e-05 7.12743894837331e-06 7.929787898319773e-06 -1.4726964764122386e-05 1.0
9.433333396911621 3.0461742994702945e-07 5.2733641496161e-05 1.2644005437323358e-05 1.9024995708605275e-05 4.230428203300107e-06 -2.3044185581966303e-05 1.0
9.466666221618652 -2.1207445115578594e-06 5.2885719924233854e-05 2.7995140044367872e-05 1.7007027054205537e-05 1.0372258657298516e-05 -2.4111837774398737e-05 1.0
9.5 -9.262336789106485e-06 5.793312448076904e-05 1.214769326907117e-05 2.0968760509276763e-05 9.422329640074167e-06 -2.231266989838332e-05 1.0
9.533333778381348 -3.9049382394296117e-07 5.8501875173533335e-05 1.6132875316543505e-05 1.8884340533986688e-05 6.45125101073063e-06 -2.305469570273999e-05 1.0
9.566666603088379 -7.970279511937406e-06 8.183356840163469e-05 1.164798959507607e-05 3.297453804407269e-05 7.17284865459078e-06 -3.076431676163338e-05 1.0
9.600000381469727 7.363431905105244e-06 3.9483289583586156e-05 3.096144791925326e-05 7.1119256972451694e-06 9.850561582425144e-06 -1.2709883776551578e-05 1.0
9.633333206176758 1.625148070161231e-05 3.986602314398624e-05 3.633974483818747e-05 2.9815137168043293e-06 1.1138107765873428e-05 -1.3316802323970478e-05 1.0
9.666666984558105 2.7636001505015884e-06 5.3500949434237555e-05 1.4468995686911512e-05 1.8637569155544043e-05 3.4177180623373715e-06 -2.1343668777262792e-05 1.0
9.699999809265137 -4.347424692241475e-06 8.743756916373968e-05 1.4346083844429813e-05 3.685613046400249e-05 6.920325631654123e-06 -2.8422147806850262e-05 1.0
9.733333587646484 -9.666266123531386e-06 5.5681583035038784e-05 2.440697790007107e-05 2.0098135792068206e-05 1.317818805546267e-05 -2.026486436079722e-05 1.0
9.766666412353516 3.974072114942828e-06 2.2557191186933778e-05 1.831560985010583e-05 4.1932159433599736e-07 7.4344216045574285e-06 -9.981645234802272e-06 1.0
9.800000190734863 2.9850232294847956e-06 6.858578126411885e-05 4.1469960706308484e-05 2.5360403014929034e-05 1.3114542525727302e-05 -2.2569736756850034e-05 1.0
9.833333015441895 -1.9709648313437356e-06 6.425096216844395e-05 3.095121428486891e-05 2.1875983293284662e-05 1.2112691365473438e-05 -2.9077100407448597e-05 1.0
9.866666793823242 2.0380351998028345e-05 4.458909097593278e-05 3.517274308251217e-05 6.466855211328948e-06 8.030422577576246e-06 -1.4697814549435861e-05 1.0
9.899999618530273 1.57678296091035e-05 2.159266841772478e-05 2.261760164401494e-05 -4.0809245547279716e-06 5.86521628065384e-06 -7.354908575507579e-06 1.0
9.933333396911621 -1.1679940143949352e-05 8.340858767041937e-05 2.1179435861995444e-05 2.9992457712069154e-05 1.4417984857573174e-05 -2.9917991923866794e-05 1.0
9.966666221618652 1.5356710036940058e-06 2.1570374883594923e-05 2.1155048671062104e-05 -2.4582701030340104e-07 1.0525043762754649e-05 -1.2871581930085085e-05 1.0
10.0 7.903311598056462e-06 3.375697633600794e-05 3.6466644814936444e-05 3.014552703461959e-06 1.2788547792297322e-05 -1.2075934137101285e-05 1.0
10.033333778381348 6.492087322840234e-06 2.7727252017939463e-05 2.0955012587364763e-05 4.101485956198303e-06 7.1016638685250655e-06 -1.0057696272269823e-05 1.0
10.066666603088379 6.734805992891779e-07 8.206397615140304e-05 3.2782063499325886e-05 2.9345137591008097e-05 1.2808704013878014e-05 -2.528490404074546e-05 1.0
10.100000381469727 -1.1871039532707073e-05 6.915182893862948e-05 1.2047443306073546e-05 2.5383935280842707e-05 8.327675459440798e-06 -3.165327507304028e-05 1.0
10.133333206176758 9.952997970685828e-06 2.8751062927767634e-05 2.823169961629901e-05 -3.479256918126339e-07 1.0224885045317933e-05 -1.163947399618337e-05 1.0
10.166666984558105 -1.7902552826853935e-06 8.280025940621272e-05 1.1577714758459479e-05 2.9590048143290915e-05 4.894452558801277e-06 -3.1098752515390515e-05 1.0
10.199999809265137 -3.200118044333067e-06 7.912624278105795e-05 1.1958998584304936e-05 3.455960541032255e-05 2.5754056878213305e-06 -2.001228858716786e-05 1.0
10.233333587646484 -4.487682872422738e-06 3.400362402317114e-05 2.2488404283649288e-05 9.332885383628309e-06 8.915957550925668e-06 -1.6695783415343612e-05 1.0
10.266666412353516 -6.010411084389489e-07 2.606560883577913e-05 1.54582903633127e-05 4.934532171319006e-06 7.023373200354399e-06 -1.2981226973352022e-05 1.0
10.300000190734863 -2.838284217432374e-06 6.373872747644782e-05 2.7153308110428043e-05 2.4557486540288664e-05 8.212796274165157e-06 -2.12717004615115e-05 1.0
10.333333015441895 1.095705329134944e-06 5.757615144830197e-05 3.2326410291716456e-05 1.960729787242599e-05 1.2092516953998711e-05 -2.2163623725646175e-05 1.0
10.366666793823242 3.1901588499749778e-06 2.4997418222483248e-05 2.4614617359475233e-05 3.4060346933983965e-06 7.545057087554596e-06 -1.137117033067625e-05 1.0
10.399999618530273 3.0590749702241737e-06 2.4893946829251945e-05 2.501308699720539e-05 -1.4937719470253796e-06 1.0882463357120287e-05 -1.1734183317457791e-05 1.0
10.433333396911621 7.4508434408926405e-06 3.5064320400124416e-05 1.9312434233142994e-05 5.074799446447287e-06 7.787439244566485e-06 -1.3540352483687457e-05 1.0
10.466666221618652 -6.366266006807564e-06 8.07363903732039e-05 2.570011929492466e-05 2.8927752282470465e-05 1.4466305401583668e-05 -2.945065534731839e-05 1.0
10.5 1.6535772374481894e-05 3.459208892309107e-05 2.6647916456568055e-05 5.9452122513903305e-06 7.102385097823571e-06 -9.298287295678165e-06 1.0
10.533333778381348 -2.30820432989276e-06 5.732514546252787e-05 2.505713200662285e-05 1.985249764402397e-05 8.318242180394009e-06 -2.1618539904011413e-05 1.0
10.566666603088379 1.2441547880825965e-07 5.3553460020339116e-05 2.9352184355957434e-05 1.76979538082378e-05 1.1295312106085476e-05 -2.223412593593821e-05 1.0
10.600000381469727 8.173229616659228e-06 7.639241084689274e-05 2.0988552932976745e-05 3.6840050597675145e-05 5.008479547541356e-06 -2.8470631150412373e-05 1.0
10.633333206176758 -3.1621418656868627e-06 3.224549800506793e-05 5.621388936560834e-06 8.90802766662091e-06 5.818620593345258e-06 -1.745202280289959e-05 1.0
10.666666984558105 1.314198107138509e-05 3.4403681638650596e-05 3.496686622384004e-05 1.7014724562613992e-06 1.1774190170399379e-05 -1.3731538274441846e-05 1.0
10.699999809265137 -1.1288595487712882e-05 0.00011832272866740823 3.2621030641166726e-06 5.246128421276808e-05 6.132061571406666e-06 -3.336053487146273e-05 1.0
10.733333587646484 2.0317879716458265e-06 6.285138806561008e-05 2.433996633044444e-05 2.48973101406591e-05 6.294325430644676e-06 -2.3850956495152786e-05 1.0
10.766666412353516 1.7588670743862167e-05 3.544103674357757e-05 3.4258704545209184e-05 8.804263416095637e-07 9.503582077741157e-06 -1.4509630091197323e-05 1.0
10.800000190734863 1.1603792700043414e-05 2.3792968931957148e-05 2.0852063244092278e-05 -3.088963921982213e-06 7.033348083496094e-06 -8.831746526993811e-06 1.0
10.833333015441895 1.6323425370501354e-05 3.2280167943099514e-05 3.355177614139393e-05 -8.393863595301809e-07 9.669108294474427e-06 -1.3637521078635473e-05 1.0
10.866666793823242 -3.6309120332589373e-06 3.354031650815159e-05 2.968288754345849e-05 9.215940735884942e-06 1.0919671694864519e-05 -2.0647281417041086e-05 1.0
10.899999618530273 4.1290942931482277e-07 2.9883894967497326e-05 1.8116628780262545e-05 7.4794734246097505e-06 7.624003956152592e-06 -1.4431913768930826e-05 1.0
10.933333396911621 9.278537049794977e-07 4.30245345341973e-05 3.2054955227067694e-05 1.1432271094236057e-05 1.2773788512276951e-05 -1.7565358575666323e-05 1.0
10.966666221618652 1.8850532796932384e-06 4.101796366740018e-05 2.1277299310895614e-05 1.4840657968306914e-05 7.324290891119745e-06 -1.6632251572445966e-05 1.0
11.0 7.896261195128318e-06 3.7434416299220175e-05 3.216733966837637e-05 7.153270416893065e-06 8.413579962507356e-06 -1.5820865883142687e-05 1.0
11.033333778381348 -3.412595560803311e-06 2.3314138161367737e-05 1.4946869669074658e-05 3.963236849813256e-06 8.486600563628599e-06 -1.218805027747294e-05 1.0
11.066666603088379 8.804112439975142e-06 2.868794217647519e-05 1.469672588427784e-05 5.8821842685574666e-06 2.6191687538812403e-06 -1.0443583960295655e-05 1.0
11.100000381469727 -7.35142066332628e-07 2.3056527425069362e-05 2.6796780730364844e-05 6.400480856427748e-07 9.566597327648196e-06 -1.1410838851588778e-05 1.0
11.133333206176758 5.0452572395442985e-06 2.8040863981004804e-05 1.889382656372618e-05 4.453035671758698e-06 4.961106697010109e-06 -7.320375516428612e-06 1.0
11.166666984558105 -2.2529436591867125e-06 6.570194818777964e-05 2.378624412813224e-05 2.2420606910600327e-05 8.099766091618221e-06 -2.9688768336200155e-05 1.0
11.199999809265137 1.100232020689873e-05 5.7254826970165595e-05 3.978306267526932e-05 1.5741070455987938e-05 1.2337543921603356e-05 -2.1300738808349706e-05 1.0
11.233333587646484 6.874671726109227e-06 4.104007166461088e-05 1.8799419194692746e-05 1.288574276259169e-05 1.869552534117247e-06 -1.960060399142094e-05 1.0
11.266666412353516 1.9902292478946038e-05 2.312778087798506e-05 2.674495590326842e-05 -2.862659812308266e-06 7.259307039930718e-06 -9.679297363618389e-06 1.0
11.300000190734863 9.380916708323639e-06 2.3264694391400553e-05 2.6795796657097526e-05 -2.4870091692719143e-06 1.0429466783534735e-05 -1.0473959264345467e-05 1.0
11.333333015441895 -3.0803848858340643e-06 4.5403794501908123e-05 2.7888920158147812e-05 1.2909557881357614e-05 1.2822339158446994e-05 -2.1099272998981178e-05 1.0
11.366666793823242 -7.046035079838475e-06 4.642374915420078e-05 5.384669748309534e-06 1.1498810636112466e-05 7.2320972321904264e-06 -3.0683077056892216e-05 1.0
11.399999618530273 -2.7705100364983082e-05 9.918809519149363e-05 3.686858690343797e-06 4.252261351211928e-05 1.736838385113515e-05 -3.259540244471282e-05 1.0
11.433333396911621 1.4557684153260197e-05 4.2677518649725243e-05 3.311222099000588e-05 5.652916570397792e-06 9.040265467774589e-06 -1.3395991118159145e-05 1.0
11.466666221618652 -2.185773610108299e-06 6.387208122760057e-05 3.6238830944057554e-05 2.2691972844768316e-05 1.4938830645405687e-05 -2.6816265744855627e-05 1.0
11.5 -8.00429177161277e-07 3.1212883186526597e-05 1.859465191955678e-05 7.1523268161399756e-06 7.104843462002464e-06 -1.3330198271432891e-05 1.0
11.533333778381348 9.74525846686447e-06 4.108925713808276e-05 3.3599942980799824e-05 8.217135473387316e-06 1.1979488590441179e-05 -1.3933048649050761e-05 1.0
11.566666603088379 -1.47650871440419e-06 7.03150944900699e-05 3.1882242183201015e-05 2.499790207366459e-05 1.243114638782572e-05 -2.782624687824864e-05 1.0
11.600000381469727 1.4691777323605493e-05 3.174250014126301e-05 3.1464442145079374e-05 2.355793412789353e-06 8.171201443474274e-06 -1.4618714885727968e-05 1.0
11.633333206176758 -1.4964053889343631e-06 7.997974171303213e-05 1.940507718245499e-05 3.050231680390425e-05 8.547839570383076e-06 -3.0384162528207526e-05 1.0
11.666666984558105 1.1049250133510213e-05 3.8506026612594724e-05 3.836157338810153e-05 3.477030304566142e-06 1.2392249118420295e-05 -1.1682188414852135e-05 1.0
11.699999809265137 1.2829628758481704e-05 3.2098047086037695e-05 3.932933759642765e-05 9.438584243071091e-07 1.2533290828287136e-05 -9.284100087825209e-06 1.0
11.733333587646484 3.925214969058288e-06 9.487289935350418e-05 1.0379695595474914e-05 4.091605660505593e-05 3.0011101443960797e-06 -2.8524764275061898e-05 1.0
11.766666412353516 5.5741411486565084e-09 6.759841198800132e-05 3.283775004092604e-05 2.2305972379399464e-05 1.3408657650870737e-05 -2.809907527989708e-05 1.0
11.800000190734863 3.76054595108144e-06 3.251599628129043e-05 3.4828030038625e-05 2.7519693048816407e-06 1.4008514881425072e-05 -1.2720905033347663e-05 1.0
11.833333015441895 -3.174739902078727e-07 9.633680019760504e-05 2.591167458376731e-06 4.1499617509543896e-05 1.281855361412454e-06 -3.878054485539906e-05 1.0
11.866666793823242 3.136918849122594e-06 2.9917273423052393e-05 2.618419057398569e-05 4.08185724154464e-06 9.754709026310593e-06 -1.0515527719689999e-05 1.0
11.899999618530273 3.612423142840271e-06 3.8069883885327727e-05 2.8898331947857514e-05 8.80023253557738e-06 8.96885285328608e-06 -1.4233981346478686e-05 1.0
11.933333396911621 -6.061150997993536e-06 5.867818617844023e-05 2.922218482126482e-05 1.937334491231013e-05 1.3208816199039575e-05 -2.656606193340849e-05 1.0
11.966666221618652 -6.720168130414095e-06 3.479723454802297e-05 3.22460473398678e-05 6.832731742179021e-06 1.7564179870532826e-05 -1.8767812434816733e-05 1.0
12.0 4.7333170982710726e-07 6.410523928934708e-05 2.150506952602882e-05 2.1388399545685388e-05 7.39256256565568e-06 -2.2701682610204443e-05 1.0
12.033333778381348 -4.972511760570342e-06 8.181494195014238e-05 2.925606349890586e-05 2.7602161935647018e-05 1.2904317372885998e-05 -3.065625060116872e-05 1.0
12.066666603088379 -2.0062991552549647e-06 6.021125955157913e-05 3.104842471657321e-05 2.0707819203380495e-05 1.1732297025446314e-05 -2.0715904611279257e-05 1.0
12.100000381469727 8.186688091882388e-07 3.612994260038249e-05 2.0396586478454992e-05 1.0845612450793851e-05 5.898768449696945e-06 -1.6099658751045354e-05 1.0
12.133333206176758 -6.696195669064764e-06 4.150356471654959e-05 3.513492629281245e-05 1.0372699762228876e-05 1.811952461139299e-05 -1.6794783732621e-05 1.0
12.166666984558105 -7.397944159492909e-07 4.626490772352554e-05 1.8884657038142905e-05 1.4218705473467708e-05 7.578419172205031e-06 -2.144533209502697e-05 1.0
12.199999809265137 -2.6703421553975204e-06 7.476643804693595e-05 2.3258910005097277e-05 3.054692570003681e-05 8.365251233044546e-06 -2.8001455575576983e-05 1.0
12.233333587646484 -4.666222594096325e-06 9.999765461543575e-05 1.1171385267516598e-05 3.808056499110535e-05 6.274487986956956e-06 -3.610174826462753e-05 1.0
12.266666412353516 -2.0882671947219933e-07 3.34636279148981e-05 2.182520620408468e-05 5.123185474076308e-06 1.1789114068960771e-05 -1.5291108866222203e-05 1.0
12.300000190734863 -1.3551089068641886e-06 3.689355798996985e-05 3.4941196645377204e-05 8.30399676488014e-06 1.2458500350476243e-05 -1.5660951248719357e-05 1.0
12.333333015441895 1.5195066680462332e-06 4.144036574871279e-05 2.6116094886674546e-05 1.1405480108805932e-05 1.1158692359458655e-05 -1.3976869922771584e-05 1.0
12.366666793823242 9.402815521752927e-06 5.9453333960846066e-05 2.8452072001527995e-05 2.1338883016142063e-05 3.933412244805368e-06 -2.3445396436727606e-05 1.0
12.399999618530273 -4.578738298732787e-06 8.49437274155207e-05 3.4922482882393524e-05 3.094043131568469e-05 1.5426543541252613e-05 -2.834894257830456e-05 1.0
12.433333396911621 -4.139339580433443e-06 4.110383815714158e-05 1.6432291886303574e-05 1.0041860150522552e-05 9.468155440117698e-06 -2.311916250619106e-05 1.0
12.466666221618652 1.6905534721445292e-05 3.438351268414408e-05 3.7005956983193755e-05 -1.4284955796028953e-07 1.2688250535575207e-05 -1.0173942428082228e-05 1.0
12.5 6.156411018309882e-06 3.92459514841903e-05 3.649947029771283e-05 7.79153015173506e-06 1.0629177268128842e-05 -1.5861180145293474e-05 1.0
12.533333778381348 6.643065262323944e-06 4.520189395407215e-05 2.4857466996763833e-05 1.0343241228838451e-05 7.716369509580545e-06 -1.849077125370968e-05 1.0
12.566666603088379 5.215518285694998e-06 0.00010359499719925225 2.0305082216509618e-05 4.522262679529376e-05 3.1603935894963797e-06 -2.872438017220702e-05 1.0
12.600000381469727 -7.168863703554962e-06 6.153497088234872e-05 2.9975723009556532e-05 2.0918387235724367e-05 1.574780253577046e-05 -2.616609344840981e-05 1.0
12.633333206176758 -1.1085582627856638e-05 4.411385816638358e-05 2.2773598175263032e-05 1.086970678443322e-05 1.3361456694838125e-05 -2.466689511493314e-05 1.0
12.666666984558105 6.5791741690190975e-06 2.6437632186571136e-05 1.4790360182814766e-05 3.8107350519567262e-06 5.344909823179478e-06 -1.068928304448491e-05 1.0
12.699999809265137 2.1955738702672534e-06 8.783979137660936e-05 1.8936152628157288e-05 3.589111292967573e-05 5.025406153436052e-06 -2.6529693059273995e-05 1.0
12.733333587646484 -2.2415999865188496e-06 4.173262641415931e-05 2.9680692023248412e-05 1.1643581274256576e-05 1.0599726920190733e-05 -2.1524494513869286e-05 1.0
12.766666412353516 5.307735136739211e-06 0.0001151408432633616 2.832535028574057e-05 5.0500999350333586e-05 6.8766812546527945e-06 -3.5715602280106395e-05 1.0
12.800000190734863 4.985573013982503e-06 3.377880057087168e-05 2.6179250198765658e-05 5.64687752557802e-06 9.681818482931703e-06 -8.442371836281382e-06 1.0
12.833333015441895 1.2082561624993104e-05 3.288749940111302e-05 3.0884159059496596e-05 2.5347346763737733e-06 7.376278063020436e-06 -1.0246765668853186e-05 1.0
12.866666793823242 7.749325959593989e-06 6.123001367086545e-05 3.2581006962573156e-05 2.134157512045931e-05 8.426900421909522e-06 -2.0069624952157028e-05 1.0
12.899999618530273 2.573002575445571e-06 4.118981814826839e-05 2.8308470064075664e-05 1.038464415614726e-05 1.1936299415538087e-05 -1.8492681192583404e-05 1.0
12.933333396911621 4.789676950167632e-06 4.3709846067940816e-05 2.6704559786594473e-05 1.2981382496946026e-05 5.067596703156596e-06 -2.227884397143498e-05 1.0
12.966666221618652 6.464572379627498e-06 2.9992006602697074e-05 2.9078732040943578e-05 5.2640398280345835e-06 8.898848136595916e-06 -1.1336590432620142e-05 1.0
13.0 1.652688524700352e-06 7.388367521343753e-05 9.282943210564554e-06 3.1222753023030236e-05 2.591894372017123e-06 -2.9277349312906154e-05 1.0
13.033333778381348 -1.2527814760687761e-05 8.162428275682032e-05 7.592188012495171e-06 3.2718693546485156e-05 7.5881780503550544e-06 -2.5153887690976262e-05 1.0
13.066666603088379 2.7755668270401657e-06 3.8926176785025746e-05 2.519568988645915e-05 8.007255019037984e-06 1.0004245268646628e-05 -1.514787072665058e-05 1.0
13.100000381469727 1.0009711331804283e-05 4.792548133991659e-05 4.1427290852880105e-05 1.0095444849866908e-05 1.329962287854869e-05 -1.4276773072197102e-05 1.0
13.133333206176758 2.3876914383436088e-06 4.6313183702295646e-05 1.7189784557558596e-05 1.3965716789243743e-05 5.253949439065764e-06 -2.1807363737025298e-05 1.0
13.166666984558105 -1.7201103901243187e-06 3.7210105801932514e-05 2.900797153415624e-05 7.712582373642363e-06 1.1915094546566252e-05 -1.984583468583878e-05 1.0
13.199999809265137 4.949820322508458e-06 4.734504545922391e-05 3.461764572421089e-05 1.175893430627184e-05 1.0455537449161056e-05 -1.8021632058662362e-05 1.0
13.233333587646484 6.990317160671111e-06 6.427475454984233e-05 3.0043402148294263e-05 1.9339782738825306e-05 5.9829985730175395e-06 -2.7063766538049094e-05 1.0
13.266666412353516 -6.306433533609379e-06 8.022635302040726e-05 8.852295650285669e-06 3.1011928513180465e-05 7.296756848518271e-06 -2.759048220468685e-05 1.0
13.300000190734863 2.2337464997690404e-06 2.530063284211792e-05 1.975142367882654e-05 3.884096258843783e-06 6.304066573648015e-06 -1.1945973710680846e-05 1.0
13.333333015441895 8.22644869913347e-06 2.901009429479018e-05 1.7148422557511367e-05 3.6683265989267966e-06 5.591550234385068e-06 -1.0930643838946708e-05 1.0
13.366666793823242 3.799509613600094e-07 3.4667635190999135e-05 3.3885135053424165e-05 5.624979621643433e-06 1.3388305887929164e-05 -1.6280242562061176e-05 1.0
13.399999618530273 -3.0056673949729884e-06 2.563025009294506e-05 8.6255704445648e-06 7.3558294388931245e-06 4.874676051258575e-06 -1.3294297787069809e-05 1.0
13.433333396911621 1.1078290299337823e-05 4.733579407911748e-05 2.8682763513643295e-05 1.6479236364830285e-05 4.941415681969374e-06 -1.6191885151783936e-05 1.0
13.466666221618652 4.814750354853459e-06 6.798183312639594e-05 3.751762778847478e-05 2.1470710635185242e-05 1.3214948012318928e-05 -2.311127718712669e-05 1.0
13.5 1.584048914082814e-05 3.5217231925344095e-05 3.183183434884995e-05 2.383713763265405e-06 7.818137419235427e-06 -1.1857709978357889e-05 1.0
13.533333778381348 2.8381150514178444e-06 2.5599307264201343e-05 1.2556620276882313e-05 6.051696800568607e-06 3.073731249969569e-06 -1.155837071564747e-05 1.0
13.566666603088379 -2.6282263206667267e-05 0.00015512808749917895 -1.808881279430352e-05 6.981383921811357e-05 1.4497290067083668e-05 -4.466962127480656e-05 1.0
13.600000381469727 2.1840476620127447e-05 3.986367300967686e-05 3.8555321225430816e-05 2.7691626200976316e-06 1.0936077160295099e-05 -1.2866326869698241e-05 1.0
13.633333206176758 1.8009659470408224e-05 3.636181281763129e-05 3.253149043302983e-05 1.3609370625999873e-06 9.385485100210644e-06 -1.2765626706823241e-05 1.0
13.666666984558105 1.759831093295361e-06 3.363419455126859e-05 3.420940265641548e-05 6.6556476667756215e-06 1.2480036275519524e-05 -1.092996262741508e-05 1.0
13.699999809265137 -6.071265488571953e-06 5.8006444305647165e-05 3.22487649100367e-05 1.722503839118872e-05 1.4713056771142874e-05 -2.4926086553023197e-05 1.0
13.733333587646484 1.0580715752439573e-06 7.612539047840983e-05 2.2480215193354525e-05 2.9177066608099267e-05 8.038470696192235e-06 -2.6968380552716553e-05 1.0
13.766666412353516 7.98347537056543e-06 3.676486812764779e-05 4.1246737964684144e-05 3.011408125530579e-06 1.6259691619779915e-05 -1.2545788194984198e-05 1.0
13.800000190734863 -8.533748768968508e-06 7.644863217137754e-05 2.741165371844545e-05 2.9267383069964126e-05 1.2853360203735065e-05 -2.7367235816200264e-05 1.0
13.833333015441895 1.4008568541612476e-05 2.719283293117769e-05 3.789291440625675e-05 -4.880242613580776e-06 1.312401673203567e-05 -1.2365137990855146e-05 1.0
13.866666793823242 4.187989361525979e-06 2.390466397628188e-05 2.7339965527062304e-05 -2.0136990315222647e-06 1.4509737411572132e-05 -9.292501999880187e-06 1.0
13.899999618530273 1.143460963248799e-06 4.453600195120089e-05 3.0607523513026536e-05 1.0243494216410909e-05 1.3065982784610242e-05 -1.7562113498570397e-05 1.0
13.933333396911621 -8.546443496015854e-06 6.522411422338337e-05 2.4863715225365013e-05 2.2017617084202357e-05 1.3327352462511044e-05 -2.6670908482628874e-05 1.0
13.966666221618652 -6.6054249145963695e-06 8.67224734975025e-05 1.453933055017842e-05 3.39608704962302e-05 7.999009540071711e-06 -3.047793506993912e-05 1.0
14.0 1.0382250366092194e-05 3.2647094485582784e-05 3.103810377069749e-05 5.833406248711981e-06 6.165110789879691e-06 -1.1919320058950689e-05 1.0
14.033333778381348 2.657228833413683e-06 3.323489727335982e-05 3.433803067309782e-05 4.9975296860793605e-06 1.337284265900962e-05 -9.616556781111285e-06 1.0
14.066666603088379 9.076968126464635e-06 3.317492883070372e-05 2.4806942747090943e-05 4.963475930708228e-06 8.647686627227813e-06 -8.871544196153991e-06 1.0
14.100000381469727 1.0439427569508553e-05 7.828776870155707e-05 8.856972272042185e-06 3.0126875572022982e-05 -2.984190814458998e-07 -3.1415267585543916e-05 1.0
14.133333206176758 3.094403609793517e-06 2.453491288179066e-05 2.425601087452378e-05 3.3271378470089985e-06 1.0165364983549807e-05 -9.19847207114799e-06 1.0
14.166666984558105 6.980514513088565e-07 5.0260339776286855e-05 2.2758755221730098e-05 1.533226895844564e-05 6.946124358364614e-06 -2.3362706997431815e-05 1.0
14.199999809265137 1.2070674529240932e-05 3.440025830059312e-05 3.0979754228610545e-05 3.5483299143379554e-06 7.841647857276257e-06 -1.0249636034131981e-05 1.0
14.233333587646484 1.630880251468625e-05 5.135807077749632e-05 3.884614125126973e-05 1.2197563592053484e-05 1.1170584912179038e-05 -1.395231629430782e-05 1.0
14.266666412353516 -3.6858377683302024e-08 6.044561087037437e-05 1.197771416627802e-05 2.2430049284594133e-05 4.482186341192573e-06 -2.661097823875025e-05 1.0
14.300000190734863 1.0738038326962851e-05 3.128303069388494e-05 3.9816968637751415e-05 -1.502482973592123e-06 1.2658865671255626e-05 -1.5989331586752087e-05 1.0
14.333333015441895 5.132428668730427e-06 3.803012441494502e-05 2.1495665350812487e-05 9.117627087107394e-06 7.133727194741368e-06 -1.2591997801791877e-05 1.0
14.366666793823242 -9.985908945964184e-06 6.941627361811697e-05 1.2285326192795765e-05 2.73118002951378e-05 9.119075002672616e-06 -2.7605099603533745e-05 1.0
14.399999618530273 -6.9893385443720035e-06 6.56923875794746e-05 1.490278918936383e-06 2.400314224360045e-05 7.493687007809058e-06 -2.5549205020070076e-05 1.0
14.433333396911621 -8.770113026912441e-07 6.34973548585549e-05 1.7753314750734717e-05 2.32870334002655e-05 5.599367341346806e-06 -2.4813967684167437e-05 1.0
14.466666221618652 -1.8925212543763337e-06 3.3100790460594e-05 2.8212332836119458e-05 4.145926595811034e-06 1.5975396308931522e-05 -1.5047206943563651e-05 1.0
14.5 5.754473932029214e-06 4.2058771214215085e-05 2.9376422389759682e-05 9.340004908153787e-06 1.1546459973033052e-05 -1.393781349179335e-05 1.0
14.533333778381348 -1.4582147969122161e-06 2.777290137601085e-05 1.314622932113707e-05 6.0742795540136285e-06 6.804028998885769e-06 -1.3793630387226585e-05 1.0
14.566666603088379 -1.0914287713603699e-06 6.710938760079443e-05 2.8432603357941844e-05 2.463846976752393e-05 8.683721716806758e-06 -2.5140445359284058e-05 1.0
14.600000381469727 1.534947114123497e-05 3.551016197889112e-05 3.8619069528067484e-05 -9.44089208587684e-07 1.0281152754032519e-05 -1.028924361889949e-05 1.0
14.633333206176758 1.4469078450929374e-05 4.485800309339538e-05 3.7722260458394885e-05 7.797682883392554e-06 1.0087876944453456e-05 -1.3562883395934477e-05 1.0
14.666666984558105 2.4675096028659027e-06 3.5910041333409026e-05 3.311513501103036e-05 5.5021878324623685e-06 1.5868681657593697e-05 -1.130615873989882e-05 1.0
14.699999809265137 5.919991508562816e-06 3.6443016142584383e-05 3.373280560481362e-05 5.3615494834957644e-06 1.2517837603809312e-05 -1.2085394700989127e-05 1.0
14.733333587646484 -3.1823863082536263e-06 2.2431142497225665e-05 2.1189687686273828e-05 2.672598611752619e-06 8.424602128798142e-06 -1.3503329682862386e-05 1.0
14.766666412353516 1.7114334696088918e-06 3.436133556533605e-05 2.4167795345420018e-05 7.149418706831057e-06 9.810009032662492e-06 -1.4983267647039611e-05 1.0
14.800000190734863 -3.2833720524649834e-06 4.1602892451919615e-05 2.4606939405202866e-05 1.1080918739025947e-05 1.150125444837613e-05 -1.9875744328601286e-05 1.0
14.833333015441895 3.618200139499095e-07 2.2697460735798813e-05 1.4242744327930268e-05 4.573947080643848e-06 6.550366379087791e-06 -1.2199251614219975e-05 1.0
14.866666793823242 4.599216481437907e-06 3.575759910745546e-05 2.9032100428594276e-05 5.601405518973479e-06 1.1386025107640307e-05 -1.386416897730669e-05 1.0
14.899999618530273 8.716279808140825e-06 4.329257717472501e-05 2.9702167012146674e-05 1.027681355481036e-05 9.867094377113972e-06 -1.644953590584919e-05 1.0
14.933333396911621 -3.833610207948368e-06 3.662264862214215e-05 3.247342101531103e-05 7.487267339456594e-06 1.6477122699143365e-05 -1.4670766177005135e-05 1.0
14.966666221618652 4.563412403513212e-06 2.5617538994993083e-05 3.280171222286299e-05 1.0407998161099385e-06 1.410299682902405e-05 -9.3249809651752e-06 1.0
15.0 1.2333266568020917e-05 3.6575685953721404e-05 3.422601002966985e-05 5.562392743740929e-06 1.0686084351618774e-05 -1.2178350516478531e-05 1.0
15.033333778381348 2.415688413748285e-06 5.759439954999834e-05 2.5459246899117716e-05 1.7482445400673896e-05 8.340863132616505e-06 -2.4954331820481457e-05 1.0
15.066666603088379 1.2609141776920296e-05 3.819959965767339e-05 3.089875099249184e-05 8.517784408468287e-06 6.046882390364772e-06 -1.4281743460742291e-05 1.0
15.100000381469727 5.281904122966807e-06 3.34813776134979e-05 2.9021639420534484e-05 5.2525283535942435e-06 1.0687028407119215e-05 -1.2850748134951573e-05 1.0
15.133333206176758 -1.411546236340655e-05 8.09369157650508e-05 -1.431730879630777e-06 2.752902582869865e-05 1.0308284799975809e-05 -3.5794259019894525e-05 1.0
15.166666984558105 -2.432690052955877e-06 3.756529986276291e-05 2.4487826522090472e-05 8.440412784693763e-06 1.0378643310104962e-05 -1.9335002434672788e-05 1.0
15.199999809265137 5.734461865358753e-06 3.100678077316843e-05 2.393885370111093e-05 6.977668817853555e-06 7.0928358582023066e-06 -9.461695299251005e-06 1.0
15.233333587646484 4.4470471038948745e-06 3.416246909182519e-05 3.066310819122009e-05 6.713598395435838e-06 1.1966057172685396e-05 -1.232496288139373e-05 1.0
15.266666412353516 7.931215805001557e-06 2.9547623853432015e-05 3.8626760215265676e-05 8.907838946470292e-07 1.4632750207965728e-05 -1.0943017514364328e-05 1.0
15.300000190734863 2.5424214982194826e-06 6.1162791098468e-05 2.6071926185977645e-05 2.0329625840531662e-05 8.05916715762578e-06 -2.3230608348967507e-05 1.0
15.333333015441895 -5.1813543677781126e-08 8.186342165572569e-05 1.7173148080473766e-05 3.160892811138183e-05 6.785858204239048e-06 -3.0633142159786075e-05 1.0
15.366666793823242 1.733015596983023e-05 3.545343133737333e-05 2.709569707803894e-05 5.075332410342526e-06 3.3021644867403666e-06 -1.1232364158786368e-05 1.0
15.399999618530273 2.9608829663629876e-06 3.478775033727288e-05 3.0141487513901666e-05 3.420529083086876e-06 1.4378993000718765e-05 -1.315365170739824e-05 1.0
15.433333396911621 1.4758871657249983e-05 3.747000664588995e-05 3.2611540518701077e-05 4.465842266654363e-06 7.742341040284373e-06 -1.4782528523937799e-05 1.0
15.466666221618652 1.7574449884705245e-05 3.3822263503680006e-05 3.296391514595598e-05 9.619043339625932e-07 9.104832315642852e-06 -9.303043952968437e-06 1.0
15.5 -4.564954451780068e-06 5.879878153791651e-05 3.337366069899872e-05 1.8841217752196826e-05 1.3675849004357588e-05 -2.5879386157612316e-05 1.0
15.533333778381348 -7.3603314376669005e-06 7.032135908957571e-05 1.827374944696203e-05 2.9616725441883318e-05 8.75317164172884e-06 -2.4668031983310357e-05 1.0
15.566666603088379 4.4886419345857576e-06 4.2095936805708334e-05 3.46157539752312e-05 1.1414667824283242e-05 1.2006936231045984e-05 -1.5877940313657746e-05 1.0
15.600000381469727 6.118870260252152e-06 3.520089012454264e-05 2.9695989724132232e-05 4.780418294103583e-06 9.24852520256536e-06 -1.1664884368656203e-05 1.0
15.633333206176758 6.203091743373079e-06 2.3850410798331723e-05 3.2806270610308275e-05 -3.126479441561969e-06 1.670796518737916e-05 -9.595758456271142e-06 1.0
15.666666984558105 2.2246856588026276e-06 4.269930286682211e-05 2.399343611614313e-05 1.2204386621306185e-05 7.148420991143212e-06 -1.5559258827124722e-05 1.0
15.699999809265137 -6.390911494236207e-06 4.957761848345399e-05 2.331752511963714e-05 1.3970822692499496e-05 1.1357948096701875e-05 -2.6074594643432647e-05 1.0
15.733333587646484 2.0591874090314377e-06 7.979496876941994e-05 3.244213803554885e-05 2.9763490601908416e-05 1.1460179848654661e-05 -2.8478425520006567e-05 1.0
15.766666412353516 -9.813252290769015e-06 6.273551844060421e-05 1.3612427210318856e-05 2.2886231818119995e-05 1.0744905011961237e-05 -2.167987622669898e-05 1.0
15.800000190734863 -3.2382021686316875e-07 2.359066638746299e-05 2.4520952138118446e-05 -6.249950388337311e-07 1.1879115845658816e-05 -1.1593584531510714e-05 1.0
15.833333015441895 -6.948577265575295e-06 7.220687257358804e-05 9.641588803788181e-06 2.7468553525977768e-05 9.340367796539795e-06 -2.5364188331877813e-05 1.0
15.866666793823242 -2.2138465283205733e-06 3.0731112929061055e-05 3.105337600572966e-05 3.3422300020902185e-06 1.3761929039901588e-05 -1.5368628737633117e-05 1.0
15.899999618530273 -2.5684178126539337e-06 9.025427425513044e-05 2.100248821079731e-05 3.991237099398859e-05 8.12914458947489e-06 -2.886625770770479e-05 1.0
15.933333396911621 -6.032695637259167e-06 4.193816857878119e-05 2.680297620827332e-05 1.2003732081211638e-05 1.3205903087509796e-05 -1.9481170966173522e-05 1.0
15.966666221618652 -3.7940358197374735e-06 7.34206842025742e-05 1.4791067769692745e-05 2.3477668946725316e-05 6.97100267643691e-06 -3.340912007843144e-05 1.0
16.0 -5.437816980702337e-06 8.139188139466569e-05 1.3529325769923162e-05 3.048201324418187e-05 1.068474284693366e-05 -2.6193309167865664e-05 1.0
16.03333282470703 4.758897375722881e-06 2.8551998184411786e-05 2.1154690330149606e-05 4.677491688198643e-06 7.160109817050397e-06 -1.1756773346860427e-05 1.0
16.066667556762695 1.0273712177877314e-05 4.242976865498349e-05 2.7599779059528373e-05 1.0418045349069871e-05 7.766443559376057e-06 -1.493574927735608e-05 1.0
16.100000381469727 -3.741074351637508e-06 6.788283644709736e-05 1.5479105059057474e-05 2.5116309188888408e-05 5.657708697981434e-06 -3.444277899689041e-05 1.0
16.133333206176758 2.686069137780578e-06 2.3902905013528652e-05 1.820900070015341e-05 1.6237144109254587e-06 6.873695383546874e-06 -1.1402997188270092e-05 1.0
16.16666603088379 6.406032753147883e-06 2.1876061509829015e-05 1.3864667380403262e-05 2.315290657861624e-06 3.0883866202202626e-06 -9.454647624806967e-06 1.0
16.200000762939453 1.1432485734985676e-05 3.576605377020314e-05 4.03496487706434e-05 2.283261210322962e-06 1.3321583537617698e-05 -1.1552713658602443e-05 1.0
16.233333587646484 1.7895416021929123e-05 3.2054678740678355e-05 3.63917242793832e-05 -9.81287030299427e-07 1.1177314263477456e-05 -9.706554919830523e-06 1.0
16.266666412353516 1.6691207065377967e-06 2.531737118260935e-05 3.502478648442775e-05 -2.202511268478702e-06 1.862802673713304e-05 -9.958383088815026e-06 1.0
16.299999237060547 -7.5447524068295024e-06 5.339184281183407e-05 1.1411959349061362e-05 1.5459874703083187e-05 7.526983154093614e-06 -2.8411031962605193e-05 1.0
16.33333396911621 -7.33377873984864e-06 5.11703547090292e-05 2.610453884699382e-05 2.1503632524400018e-05 1.0174281669605989e-05 -2.1514890249818563e-05 1.0
16.366666793823242 -4.2292258513043635e-06 5.878351294086315e-05 1.940135916811414e-05 2.0716730432468466e-05 5.372382474888582e-06 -2.8756101528415456e-05 1.0
16.399999618530273 -1.2313601473579183e-05 8.162711310433224e-05 5.5635655371588655e-06 2.9580536647699773e-05 7.238216767291306e-06 -3.9753773307893425e-05 1.0
16.433332443237305 4.642064595827833e-06 7.307480700546876e-05 3.720146924024448e-05 2.4856228264980018e-05 1.180966410174733e-05 -2.2333284505293705e-05 1.0
16.46666717529297 7.259055109898327e-06 8.218119910452515e-05 2.7588293960434385e-05 3.088633457082324e-05 6.86997918819543e-06 -2.7991391107207164e-05 1.0
16.5 -1.1191775229235645e-05 7.238957186928019e-05 3.324888530187309e-05 2.3851793230278417e-05 2.0137020328547806e-05 -2.6244280888931826e-05 1.0
16.53333282470703 -1.1274002645222936e-05 6.356831727316603e-05 7.276548330992227e-06 1.77391993929632e-05 1.1229575648030732e-05 -2.366348599025514e-05 1.0
16.566667556762695 1.2562778465508018e-05 2.5862409529509023e-05 2.727830724325031e-05 -9.061867558557424e-07 8.931056981964502e-06 -1.1425569027778693e-05 1.0
16.600000381469727 -9.448697710467968e-06 7.30700048734434e-05 2.1488211132236756e-05 2.585955553513486e-05 1.4004465811012778e-05 -2.6333054847782478e-05 1.0
16.633333206176758 -2.2673582407151116e-06 3.9581638702657074e-05 2.257005326100625e-05 9.772278644959442e-06 1.0468273103469983e-05 -1.9001716282218695e-05 1.0
16.66666603088379 -9.769966709427536e-06 9.132842387771234e-05 -1.4113403267401736e-05 3.588095205486752e-05 6.152056357677793e-07 -4.811833059648052e-05 1.0
16.700000762939453 -1.5664888906030683e-06 2.700801815080922e-05 1.990349483094178e-05 3.4733959637378575e-06 9.264685104426462e-06 -1.4039682355360128e-05 1.0
16.733333587646484 -1.8988491774507565e-06 4.057809564983472e-05 3.428296258789487e-05 8.464345228276215e-06 1.5627607353962958e-05 -2.001482789637521e-05 1.0
16.766666412353516 -8.439053090114612e-06 4.4657015678239986e-05 2.6071418687934056e-05 8.958333637565374e-06 1.3292094990902115e-05 -2.56431976595195e-05 1.0
16.799999237060547 -2.4537032459193142e-06 7.958459173096344e-05 1.4802049008721951e-05 3.178801489411853e-05 7.490622010664083e-06 -3.1061888876138255e-05 1.0
16.83333396911621 4.1772017311814125e-07 5.4746884416090325e-05 3.416561594349332e-05 1.756240635586437e-05 1.2220634744153358e-05 -2.1997249859850854e-05 1.0
16.866666793823242 1.3188461707613897e-05 3.459955769358203e-05 3.0764600523980334e-05 5.810633865621639e-06 9.532283911539707e-06 -1.2353199963399675e-05 1.0
16.899999618530273 -6.67462245473871e-06 7.214407378342003e-05 6.289005796134006e-06 2.9736593205598183e-05 3.729198169821757e-06 -3.199599086656235e-05 1.0
16.933332443237305 -2.8162826311017852e-06 6.943307380424812e-05 2.7681853680405766e-05 2.672922346391715e-05 1.146778686234029e-05 -2.644267624418717e-05 1.0
16.96666717529297 2.3562306523672305e-06 2.7872290957020596e-05 2.1582349290838465e-05 3.4789086384989787e-06 1.044227883539861e-05 -1.1255493518547155e-05 1.0
17.0 2.0920952010783367e-06 5.3141717216931283e-05 2.9428883863147348e-05 1.6406844224547967e-05 8.019342203624547e-06 -2.4450215278193355e-05 1.0
17.03333282470703 -2.081379534502048e-06 2.6498380975681357e-05 2.3397771656163968e-05 4.409434041008353e-06 9.098778718907852e-06 -1.1842948879348114e-05 1.0
17.066667556762695 1.1810222531494219e-05 4.038026963826269e-05 3.62961036444176e-05 6.4198261497949716e-06 1.1115277629869524e-05 -1.5009156413725577e-05 1.0
17.100000381469727 4.806020569958491e-06 4.405053550726734e-05 3.185255263815634e-05 1.1524905858095735e-05 1.0953239325317554e-05 -1.8174205251852982e-05 1.0
17.133333206176758 -7.81316339271143e-06 6.948689406272024e-05 4.067199824930867e-06 2.336828038096428e-05 9.206448339682538e-06 -3.0735001928405836e-05 1.0
17.16666603088379 4.667524081014562e-06 4.694283416029066e-05 2.8324890081421472e-05 1.491961029387312e-05 9.067272003449034e-06 -1.7651089365244843e-05 1.0
17.200000762939453 -2.8637368814088404e-06 3.679568908410147e-05 2.622140345920343e-05 6.552272679982707e-06 1.4277907212090213e-05 -1.5488609278691e-05 1.0
17.233333587646484 8.219219125749078e-06 2.969741399283521e-05 3.742008993867785e-05 -1.2568320926220622e-06 1.5137526133912615e-05 -1.4164271306071896e-05 1.0
17.266666412353516 -1.4605487876906409e-06 7.159989036154002e-05 1.949754368979484e-05 2.7059750209446065e-05 8.096079909591936e-06 -2.1359461243264377e-05 1.0
17.299999237060547 -2.6330806122132344e-06 5.1001949032070115e-05 1.3432353625830729e-05 2.087712891807314e-05 5.6695944294915535e-06 -2.4680439310031943e-05 1.0
17.33333396911621 -4.926377187075559e-06 8.024716225918382e-05 8.431792593910359e-06 3.102844493696466e-05 6.226372534001712e-06 -3.0024515581317246e-05 1.0
17.366666793823242 -8.00913039711304e-06 7.370817911578342e-05 1.9060293197981082e-05 2.636366662045475e-05 1.007680930342758e-05 -3.1710205803392455e-05 1.0
17.399999618530273 7.790438758092932e-06 7.432990241795778e-05 3.016009577549994e-05 3.0207651434466243e-05 5.913351742492523e-06 -2.4261475118692033e-05 1.0
17.433332443237305 -7.3913242886192165e-06 5.6392156693618745e-05 2.720322663662955e-05 1.7664029655861668e-05 1.1624317266978323e-05 -2.5279006877099164e-05 1.0
17.46666717529297 8.335759048350155e-06 1.873930887086317e-05 2.6903853722615167e-05 -7.427110176649876e-06 9.76985575107392e-06 -8.082379281404428e-06 1.0
17.5 -1.5658688425901346e-05 8.314497245009989e-05 3.2599236874375492e-06 3.8018184568500146e-05 6.92115509082214e-06 -3.9499853301094845e-05 1.0
17.53333282470703 1.4371104043675587e-05 3.806942549999803e-05 3.543408092809841e-05 4.915575573249953e-06 1.0732646842370741e-05 -1.0246907550026663e-05 1.0
17.566667556762695 1.8103226011589868e-06 2.6546298613538966e-05 1.1316979907860514e-05 5.085448719910346e-06 2.973371465486707e-06 -1.6091429642983712e-05 1.0
17.600000381469727 4.898976840195246e-06 2.995033355546184e-05 3.680735608213581e-05 3.299750687801861e-06 1.2162696293671615e-05 -1.3284118722367566e-05 1.0
17.633333206176758 4.848085609410191e-06 2.8767637559212744e-05 1.6315447282977402e-05 6.036822924215812e-06 6.558933364431141e-06 -1.1114859262306709e-05 1.0
17.66666603088379 -2.981821353387204e-06 6.488090002676472e-05 1.450342642783653e-05 2.4684368327143602e-05 6.7681125983654056e-06 -2.5679595637484454e-05 1.0
17.700000762939453 1.3864049833500758e-05 2.3492293621529825e-05 1.4924197785148863e-05 -3.4927361411973834e-06 1.9483109099383e-06 -1.2047261407133192e-05 1.0
17.733333587646484 1.2452834198484197e-05 4.244519004714675e-05 2.931254311988596e-05 9.802692147786729e-06 6.033370482327882e-06 -1.4848661521682516e-05 1.0
17.766666412353516 -2.944257175840903e-06 7.959303184179589e-05 1.0855185792024713e-05 3.253750764997676e-05 3.910499799530953e-06 -2.976709401991684e-05 1.0
17.799999237060547 -5.521406819752883e-06 6.118170858826488e-05 7.659467883058824e-06 2.292791032232344e-05 5.990277259115828e-06 -2.4154047423508018e-05 1.0
17.83333396911621 3.3174380860145902e-06 7.337817805819213e-05 1.2356374099908862e-05 2.022544686042238e-05 3.1465765459870454e-06 -4.660688864532858e-05 1.0
17.866666793823242 -5.583607958214998e-07 3.638395719463006e-05 2.673179733392317e-05 7.879441909608431e-06 1.2274621440155897e-05 -1.3654968824994285e-05 1.0
17.899999618530273 -4.975383035343839e-06 3.698765067383647e-05 3.889664003509097e-05 6.8878480306011625e-06 1.704077840258833e-05 -1.719029387459159e-05 1.0
17.933332443237305 8.974349839263596e-06 6.94658956490457e-05 2.7704318199539557e-05 2.809593206620775e-05 2.627695494084037e-06 -1.949215220520273e-05 1.0
17.96666717529297 1.4779385310248472e-05 3.1364132155431435e-05 3.092288170591928e-05 -3.1201656724988425e-07 1.0971030860673636e-05 -1.0821348951139953e-05 1.0
18.0 -2.6047164283227175e-06 8.376392361242324e-05 2.9345823350013234e-05 2.881310138036497e-05 1.4083264431974385e-05 -3.218470374122262e-05 1.0
18.03333282470703 4.013732905150391e-06 7.553988689323887e-05 1.5814586731721647e-05 3.197312253178097e-05 1.7842741044660215e-06 -2.633875010360498e-05 1.0
18.066667556762695 5.386568773246836e-06 6.349830073304474e-05 2.7931249860557728e-05 2.221866998297628e-05 9.289853551308624e-06 -2.226996366516687e-05 1.0
18.100000381469727 1.3444272553897463e-05 3.432210723985918e-05 3.5213452065363526e-05 -9.254389397028717e-07 1.0957752238027751e-05 -1.5036159311421216e-05 1.0
18.133333206176758 9.398335350851994e-06 4.5099899580236524e-05 2.1259831555653363e-05 1.2861548384535126e-05 5.308333129505627e-06 -1.713452729745768e-05 1.0
18.16666603088379 9.35980278882198e-06 3.422686131671071e-05 3.437371924519539e-05 9.048246738529997e-07 1.5584064385620877e-05 -1.3594718438980635e-05 1.0
18.200000762939453 1.699825588730164e-05 3.958134038839489e-05 3.514251875458285e-05 3.968164946854813e-06 1.0803388249769341e-05 -1.2120633982704021e-05 1.0
18.233333587646484 3.1566592042509e-06 8.446829451713711e-05 2.87367838609498e-05 3.2095256756292656e-05 1.0949098395940382e-05 -2.7929398129344918e-05 1.0
18.266666412353516 5.122016318637179e-06 7.436281885020435e-05 1.667871038080193e-05 3.176799509674311e-05 -2.700676589029172e-07 -2.127042898791842e-05 1.0
18.299999237060547 5.356836481951177e-06 3.313380148028955e-05 3.205825851182453e-05 8.542845648662478e-07 1.662646718614269e-05 -1.1792691111622844e-05 1.0
18.33333396911621 -2.180541059715324e-06 9.103085176320747e-05 2.6334222638979554e-05 3.273676702519879e-05 1.1171368896611966e-05 -3.722196925082244e-05 1.0
18.366666793823242 -7.194119461928494e-06 2.902191408793442e-05 1.3801226486975793e-05 5.413888629846042e-06 8.501962838636246e-06 -2.1037634724052623e-05 1.0
18.399999618530273 2.22547691919317e-06 2.745331403275486e-05 2.2440812244894914e-05 5.047676950198365e-06 7.015587016212521e-06 -1.3483131624525413e-05 1.0
18.433332443237305 9.245499313692562e-06 3.143589128740132e-05 3.5427507100393996e-05 2.1467355963977752e-06 1.252986112376675e-05 -1.396690004185075e-05 1.0
18.46666717529297 1.2986763977096416e-05 3.0882834835210815e-05 2.274338112329133e-05 2.203708163506235e-06 4.662410901801195e-06 -9.581059202901088e-06 1.0
18.5 -2.7676769605022855e-05 0.00011742594506358728 -1.0672651114873588e-05 4.774558692588471e-05 1.1953099601669237e-05 -4.7968165745260194e-05 1.0
18.53333282470703 2.071453081953223e-06 4.234658263158053e-05 3.0462830181932077e-05 1.2895272448076867e-05 9.572587259754073e-06 -1.6545487596886232e-05 1.0
18.566667556762695 -6.614532594539924e-06 6.639928324148059e-05 1.1678720511554275e-05 2.555546598159708e-05 7.346856364165433e-06 -2.5720952180563472e-05 1.0
18.600000381469727 1.1428503967181314e-05 2.7945303372689523e-05 3.260275843786076e-05 -2.626650029924349e-06 1.2196748684800696e-05 -1.0420172657177318e-05 1.0
18.633333206176758 5.711916855943855e-06 7.044500671327114e-05 3.094912972301245e-05 2.7127480279887095e-05 9.456527550355531e-06 -1.9704029909917153e-05 1.0
18.66666603088379 4.5699821384914685e-06 3.0524450266966596e-05 3.229017966077663e-05 2.1434880181914195e-06 1.0962996384478174e-05 -1.2588266145030502e-05 1.0
18.700000762939453 -4.492273092182586e-06 6.911050149938092e-05 3.216852928744629e-05 2.378508543188218e-05 1.4190649380907416e-05 -2.8433705665520392e-05 1.0
18.733333587646484 -6.255289463297231e-06 4.473802982829511e-05 1.6580834198975936e-05 1.724184039630927e-05 7.78233243181603e-06 -2.165969999623485e-05 1.0
18.766666412353516 -4.809341476175177e-07 3.984544309787452e-05 2.6141062335227616e-05 8.8670858531259e-06 1.1965907106059603e-05 -1.8695907783694565e-05 1.0
18.799999237060547 -4.678119239542866e-06 0.00011669907689793035 9.672196028986946e-06 4.819344394491054e-05 2.2170877400640165e-06 -5.0735943659674376e-05 1.0
18.83333396911621 9.797228813113179e-06 3.7782439903821796e-05 2.8398346330504864e-05 4.639143753593089e-06 9.915808732330333e-06 -1.647670433158055e-05 1.0
18.866666793823242 -1.14535953343875e-06 5.405378760769963e-05 1.1282783816568553e-05 1.9375382180442102e-05 3.0253190743678715e-06 -2.4429931727354415e-05 1.0
18.899999618530273 8.860820344125386e-06 3.715329876285978e-05 2.3331054762820713e-05 9.487658644502517e-06 5.659391717927065e-06 -1.129172869696049e-05 1.0
18.933332443237305 -2.1793855466967216e-06 2.334951022930909e-05 2.140356446034275e-05 2.717286179176881e-06 8.13864517112961e-06 -1.1865238775499165e-05 1.0
18.96666717529297 1.6805538507469464e-06 5.5783017160138115e-05 3.298993033240549e-05 1.922350020322483e-05 9.612596841179766e-06 -1.6432599295512773e-05 1.0
19.0 3.093177156188176e-06 2.287670213263482e-05 2.627454887260683e-05 -1.1289936310276971e-06 8.379823157156352e-06 -9.363222488900647e-06 1.0
19.03333282470703 5.698028417100431e-06 4.388683373690583e-05 2.239248715341091e-05 1.3823763765685726e-05 5.77849550609244e-06 -1.5148907550610602e-05 1.0
19.066667556762695 -3.663082452476374e-06 4.082676605321467e-05 2.8126087272539735e-05 9.121332368522417e-06 1.175512807094492e-05 -2.212698746006936e-05 1.0
19.100000381469727 6.769030733266845e-06 3.266453859396279e-05 3.4466604120098054e-05 4.632923264580313e-06 1.373811210214626e-05 -1.143187273555668e-05 1.0
19.133333206176758 3.140496801279369e-06 7.662465213797987e-05 2.4815550204948522e-05 3.062031100853346e-05 8.609289579908364e-06 -2.4980010493891314e-05 1.0
19.16666603088379 -7.0769588091934565e-06 7.59566537453793e-05 2.6203124434687197e-05 2.9253085813252255e-05 1.4209253095032182e-05 -2.4606229999335483e-05 1.0
19.200000762939453 3.9861788536654785e-06 3.305463178548962e-05 3.0257853723014705e-05 4.1076800698647276e-06 1.076736589311622e-05 -1.041328414430609e-05 1.0
19.233333587646484 5.841330676048528e-06 2.7303030947223306e-05 1.846265331550967e-05 8.022116162464954e-06 2.433413328617462e-06 -1.0293591913068667e-05 1.0
19.266666412353516 1.0662225236046652e-07 5.683830022462644e-05 6.8378294599824585e-06 2.3638040147488937e-05 2.1769574232166633e-06 -1.8364096831646748e-05 1.0
19.299999237060547 -1.974500491996878e-06 2.1417499738163315e-05 2.6867557608056813e-05 1.2524735382157814e-07 1.1134272426716052e-05 -1.549919215904083e-05 1.0
19.33333396911621 4.136637926421827e-06 2.69700976787135e-05 2.4912367734941654e-05 2.0704203507193597e-06 8.744961633055937e-06 -1.0847174053196795e-05 1.0
19.366666793823242 1.1791439646913204e-05 4.464064841158688e-05 3.5885586839867756e-05 7.05839556758292e-06 1.256701216334477e-05 -1.7811911675380543e-05 1.0
19.399999618530273 -4.655448265111772e-06 3.244213075959124e-05 2.3541208065580577e-05 5.9452404457260855e-06 8.657947546453215e-06 -2.0553885406116024e-05 1.0
19.433332443237305 -4.884366717305966e-06 5.5102926125982776e-05 2.0173099983367138e-05 2.0183768356218934e-05 6.224781827768311e-06 -2.847147152351681e-05 1.0
19.46666717529297 -7.868463285376492e-07 3.106618169113062e-05 3.72538561350666e-05 2.031803205682081e-06 1.4173496310831979e-05 -1.2381398846628144e-05 1.0
19.5 -5.189275270822691e-06 5.2004910685354844e-05 2.4158067390089855e-05 1.4729924259881955e-05 1.1816630831162911e-05 -2.582080378488172e-05 1.0
19.53333282470703 -4.711392648459878e-06 5.49817705177702e-05 2.584721914900001e-05 1.7302396372542717e-05 1.3202100490161683e-05 -2.249457065772731e-05 1.0
19.566667556762695 5.957916073384695e-06 4.9486832722323015e-05 2.724184378166683e-05 1.3437983398034703e-05 9.671139196143486e-06 -2.0553874492179602e-05 1.0
19.600000381469727 9.410909456164518e-07 6.877805572003126e-05 9.652429980633315e-06 2.9511962566175498e-05 3.2431244108011015e-06 -2.4574545022915117e-05 1.0
19.633333206176758 -4.5342014232119254e-07 6.78890646668151e-05 1.0476435818418395e-05 2.6800311388797127e-05 4.761991931445664e-06 -2.6018513381131925e-05 1.0
19.66666603088379 3.2447730973217404e-06 3.658528294181451e-05 3.5517721698852256e-05 8.310351404361427e-06 1.3050377674517222e-05 -1.2070152479282115e-05 1.0
19.700000762939453 -6.752953140676254e-06 4.1344817873323336e-05 3.7366142350947484e-05 1.0090921932714991e-05 1.9647031876957044e-05 -1.6344278265023604e-05 1.0
19.733333587646484 2.3964768843143247e-05 3.405665120226331e-05 3.8846334064146504e-05 -1.5950929537211778e-06 6.49567618893343e-06 -1.202782823384041e-05 1.0
19.766666412353516 6.014354312355863e-06 2.453574961691629e-05 2.4071398001979105e-05 -6.451268745877314e-07 7.291209385584807e-06 -1.2474612958612852e-05 1.0
19.799999237060547 -6.7443584157445e-06 3.581503187888302e-05 2.7543130272533745e-05 7.789070878061466e-06 1.2781926670868415e-05 -2.135734939656686e-05 1.0
19.83333396911621 -3.729239324457012e-06 6.337116792565212e-05 3.0397884984267876e-05 2.0783023501280695e-05 1.3739596397499554e-05 -3.128181560896337e-05 1.0
19.866666793823242 4.399154477141565e-06 4.6680248487973586e-05 2.2046193407732062e-05 1.4721597835887223e-05 5.036299171479186e-06 -2.129780659743119e-05 1.0
19.899999618530273 5.81584117753664e-06 7.211567572085187e-05 3.771740011870861e-05 2.8304792067501694e-05 9.640030839364044e-06 -1.9931336282752454e-05 1.0
19.933332443237305 2.995233899127925e-06 3.076683060498908e-05 2.8448754164855927e-05 5.319649062585086e-06 1.1350299246259965e-05 -1.3503551599569619e-05 1.0
19.96666717529297 -5.173456884222105e-06 6.246771226869896e-05 1.7527048839838244e-05 2.1646892491844483e-05 9.973618034564424e-06 -2.2899588657310233e-05 1.0
20.0 -1.0708001354942098e-05 5.653343032463454e-05 1.0616138752084225e-05 1.938509740284644e-05 8.958160833572038e-06 -2.3177877665148117e-05 1.0
20.03333282470703 8.03556986284093e-07 6.85151680954732e-05 2.3805177988833748e-05 2.1177815142436884e-05 7.23575158190215e-06 -2.9484690458048135e-05 1.0
20.066667556762695 4.0501677176507656e-06 2.839731314452365e-05 2.2819200239609927e-05 6.565825970028527e-06 4.62684783997247e-06 -1.0531107363931369e-05 1.0
20.100000381469727 3.5514883620635374e-06 2.898980164900422e-05 3.0770654120715335e-05 6.0370502978912555e-06 6.931801181053743e-06 -1.087337477656547e-05 1.0
20.133333206176758 1.1521984788487316e-06 4.5580207370221615e-05 3.269950320827775e-05 1.3090660104353447e-05 1.2150739166827407e-05 -1.611774496268481e-05 1.0
20.16666603088379 -6.029020369169302e-06 4.281530709704384e-05 1.429371604899643e-05 1.3083189514873084e-05 6.536890850838972e-06 -2.3859767679823563e-05 1.0
20.200000762939453 -4.6569816731789615e-06 3.650747021310963e-05 7.323526915570255e-06 1.069309473678004e-05 5.360969680623384e-06 -1.8037335394183174e-05 1.0
20.233333587646484 -5.896075663258671e-07 2.0506317014223896e-05 2.1629866751027294e-05 1.0898093023570254e-06 9.06439709069673e-06 -9.277330718759913e-06 1.0
20.266666412353516 1.986081770155579e-05 3.398477201699279e-05 3.36155244440306e-05 -2.556907929829322e-07 7.517289304814767e-06 -1.3808170479023829e-05 1.0
20.299999237060547 -1.0083364031743258e-05 9.296865755459294e-05 2.0621766452677548e-05 3.6348108551464975e-05 1.376131422148319e-05 -3.132218625978567e-05 1.0
20.33333396911621 7.77349850977771e-06 2.672380651347339e-05 3.403988739592023e-05 -2.758389427981456e-06 1.4119071238383185e-05 -8.753683687245939e-06 1.0
20.366666793823242 1.4238549965739367e-06 1.5533183614024892e-05 2.6766243536258116e-05 -8.646610694995616e-06 1.3176075299270451e-05 -1.3490847777575254e-05 1.0
20.399999618530273 6.991485861362889e-06 2.556098479544744e-05 2.576115912233945e-05 2.7452572339825565e-06 7.528915830334881e-06 -9.294019037042744e-06 1.0
20.433332443237305 -5.947405952611007e-06 4.6054025006014854e-05 2.16193529922748e-05 1.4471849681285676e-05 1.1029220331693068e-05 -2.2713877115165815e-05 1.0
20.46666717529297 3.930246293748496e-06 5.5548800446558744e-05 4.5118875277694315e-05 1.5045833606563974e-05 1.579171475896146e-05 -2.4224485969170928e-05 1.0
20.5 -5.1460110626067035e-06 7.777711289236322e-05 1.5913406969048083e-05 3.469714647508226e-05 6.721810677845497e-06 -3.538490636856295e-05 1.0
20.53333282470703 8.567434633732773e-06 3.118522363365628e-05 2.9127233574399725e-05 4.1968828554672655e-06 1.1154963431181386e-05 -1.3822943401464727e-05 1.0
20.566667556762695 -1.8101872001352604e-06 3.800012564170174e-05 2.7667872927850112e-05 6.169040716486052e-06 1.2431970390025526e-05 -1.8147296941606328e-05 1.0
20.600000381469727 -4.425194219948025e-06 7.122923125280067e-05 1.0938081686617807e-05 3.205694520147517e-05 5.9414005590952e-06 -2.6870917281485163e-05 1.0
20.633333206176758 -5.120679361425573e-06 5.981303547741845e-05 1.441018503101077e-05 2.1210164049989544e-05 7.438821739924606e-06 -2.390007648500614e-05 1.0
20.66666603088379 6.522116564156022e-06 2.1569636373897083e-05 3.401348294573836e-05 -7.3145502028637566e-06 1.6831645552883856e-05 -1.1896922842424829e-05 1.0
20.700000762939453 6.512236723210663e-06 4.95932690682821e-05 2.4581746401963755e-05 1.6124076864798553e-05 8.645285561215132e-06 -1.965731098607648e-05 1.0
20.733333587646484 1.0913702681136783e-05 4.42259042756632e-05 3.988593380199745e-05 9.703707291919272e-06 1.478830017731525e-05 -1.5027796507638413e-05 1.0
20.766666412353516 9.783238056115806e-06 3.94679736928083e-05 3.801845377893187e-05 6.748340638296213e-06 1.2327461263339501e-05 -1.6478432371513918e-05 1.0
20.799999237060547 -1.2334262464719359e-05 7.515142351621762e-05 2.0523148123174906e-05 2.821813541231677e-05 1.5168987374636345e-05 -2.969389061036054e-05 1.0
20.83333396911621 -3.4018999031104613e-06 2.8037366064381786e-05 2.513003710191697e-05 3.6091807942284504e-06 1.3085226783005055e-05 -1.66172376339091e-05 1.0
20.866666793823242 -2.380146952418727e-06 2.2838019503979012e-05 2.118433258146979e-05 3.2486739200976444e-06 8.500881449435838e-06 -1.1315565643599257e-05 1.0
20.899999618530273 -1.2660038919420913e-05 0.00013272371143102646 -1.8024027212959481e-06 6.488789949798957e-05 3.807514303844073e-06 -4.335863923188299e-05 1.0
20.933332443237305 1.3333482456800994e-05 3.0867027817294e-05 2.1546125935856253e-05 2.390447434663656e-06 3.7375962165242527e-06 -1.1488338714116253e-05 1.0
20.96666717529297 1.6707348322597682e-06 3.60643862222787e-05 2.1902771550230682e-05 7.275107236637268e-06 7.029396783764241e-06 -1.974170299945399e-05 1.0
21.0 2.8397239475452807e-06 4.2535499233054e-05 3.636556721176021e-05 1.0649891919456422e-05 1.1889314009749796e-05 -1.6695983504178002e-05 1.0
21.03333282470703 -4.726121005660389e-06 5.619948206003755e-05 1.4559028386429418e-05 2.2745078240404837e-05 7.0903129198995885e-06 -2.9242675736895762e-05 1.0
21.066667556762695 9.111386134463828e-07 6.522344483528286e-05 2.0353680156404153e-05 2.5302857466158457e-05 6.0338538787618745e-06 -2.175960980821401e-05 1.0
21.100000381469727 4.930936370328709e-07 3.1026502256281674e-05 2.0757261154358275e-05 8.256690307462122e-06 5.623340257443488e-06 -1.4847991224087309e-05 1.0
21.133333206176758 -5.4279253163258545e-06 6.439757271436974e-05 2.9850678401999176e-05 2.2063917640480213e-05 1.3673257853952236e-05 -2.5255030777771026e-05 1.0
21.16666603088379 -4.829601493838709e-06 2.1504298274521716e-05 1.3939601558377035e-05 2.684698529265006e-06 7.865345651225653e-06 -1.3181839676690288e-05 1.0
21.200000762939453 -7.769482976982545e-07 4.1205443267244846e-05 3.595794987631962e-05 8.819512913760263e-06 1.2897882697870955e-05 -2.120156932505779e-05 1.0
21.233333587646484 1.6134656107169576e-05 4.262452421244234e-05 3.321200347272679e-05 9.933026376529597e-06 5.817705186927924e-06 -1.0162746548303403e-05 1.0
21.266666412353516 -1.3646666729982826e-06 3.653867315733805e-05 1.4810992070124485e-05 1.24301104733604e-05 3.979297162004514e-06 -1.7325661247014068e-05 1.0
21.299999237060547 -6.995404646659154e-07 3.57802418875508e-05 1.995383354369551e-05 9.631948159949388e-06 7.5561351877695415e-06 -1.963871363841463e-05 1.0
21.33333396911621 4.9811601456895005e-06 3.21350889862515e-05 2.9745780921075493e-05 7.816278412065003e-06 6.834042324044276e-06 -1.420436819898896e-05 1.0
21.366666793823242 -4.584830548992613e-06 3.3790616726037115e-05 2.5982941224356182e-05 7.798847946105525e-06 1.066982531483518e-05 -2.0626614059437998e-05 1.0
21.399999618530273 -1.720313662190165e-06 2.766588113445323e-05 2.4083446987788193e-05 7.403599283861695e-06 5.516339115274604e-06 -1.4983020264480729e-05 1.0
21.433332443237305 -1.9132919533149106e-06 6.655068864347413e-05 2.0641331502702087e-05 2.5139735953416675e-05 6.28703264737851e-06 -2.5446699510212056e-05 1.0
21.46666717529297 -4.294052814657334e-06 5.0120026571676135e-05 3.442793240537867e-05 1.6614008927717805e-05 1.3644227692566346e-05 -1.9367786080692895e-05 1.0
21.5 -1.0120612614628044e-06 5.3184245189186186e-05 2.074929216178134e-05 1.9576889826566912e-05 7.920086318335962e-06 -1.2010038517473731e-05 1.0
21.53333282470703 4.032156994071556e-06 9.759364911587909e-05 3.5737568396143615e-05 4.485705721890554e-05 7.579937573609641e-06 -2.817565473378636e-05 1.0
21.566667556762695 -8.604637002918025e-08 3.2021252991398796e-05 2.8413565814844333e-05 9.047708772413898e-06 7.807110705471132e-06 -1.82037620106712e-05 1.0
21.600000381469727 -6.513691459986148e-06 7.448707037838176e-05 1.2582774616021197e-05 3.7279303796822205e-05 5.289869477564935e-06 -3.660932998172939e-05 1.0
21.633333206176758 6.195485184434801e-06 3.0842780688544735e-05 2.984202728839591e-05 2.7130654416396283e-06 9.50775392993819e-06 -1.1487663869047537e-05 1.0
21.66666603088379 5.613925168290734e-06 3.3084645110648125e-05 3.5950048186350614e-05 4.264943072485039e-06 1.046923080139095e-05 -1.1795649697887711e-05 1.0
21.700000762939453 -1.0154098163184244e-05 6.313490303000435e-05 2.0892317479592748e-05 2.8089978513889946e-05 8.918116691347677e-06 -2.5642344553489238e-05 1.0
21.733333587646484 6.996416686888551e-06 3.014679896296002e-05 2.302251050423365e-05 8.354554665856995e-06 2.9322627597139217e-06 -8.171411536750384e-06 1.0
21.766666412353516 -2.7730793590308167e-06 4.711457222583704e-05 1.107018397306092e-05 1.793856245058123e-05 5.0816215662052855e-06 -1.9213601262890734e-05 1.0
21.799999237060547 -2.0422687612153823e-06 7.046911196084693e-05 2.2314314264804125e-05 3.0978317226981744e-05 5.6553831200290006e-06 -2.499321271898225e-05 1.0
21.83333396911621 -4.36355048805126e-06 2.3871598386904225e-05 2.417969699308742e-05 4.634642209566664e-06 7.69287726143375e-06 -1.4362034562509507e-05 1.0
21.866666793823242 4.892643801213126e-07 4.616405567503534e-05 8.831709237711038e-06 1.1687587175401859e-05 2.634211114127538e-06 -2.658198900462594e-05 1.0
21.899999618530273 -9.442902410228271e-06 2.8631891836994328e-05 2.829388904501684e-05 2.9946372706035618e-06 1.4306189768831246e-05 -1.3966282494948246e-05 1.0
21.933332443237305 -1.3979031791677698e-05 7.712870137766004e-05 5.850817615282722e-06 3.215497054043226e-05 8.110816452244762e-06 -2.458524795656558e-05 1.0
21.96666717529297 7.61071419219661e-07 5.328547558747232e-05 4.076838740729727e-05 1.0771581401058938e-05 1.4569712220691144e-05 -2.1205276425462216e-05 1.0
22.0 9.298015015701822e-07 3.263835242250934e-05 2.790669896057807e-05 8.300430636154488e-06 7.5145121627429035e-06 -1.583216908329632e-05 1.0
22.03333282470703 -4.551074653136311e-06 4.3386276956880465e-05 2.9110968171153218e-05 1.12251991595258e-05 1.0971170013363007e-05 -2.2896398149896413e-05 1.0
22.066667556762695 -3.3857675134640886e-06 5.151217192178592e-05 3.066339195356704e-05 1.601306394150015e-05 1.0347671377530787e-05 -2.216682696598582e-05 1.0
22.100000381469727 9.172724276140798e-06 2.9767548767267726e-05 2.827460048138164e-05 1.3778457059743232e-06 7.95536379882833e-06 -8.32352634461131e-06 1.0
22.133333206176758 -6.387612302205525e-06 4.702213846030645e-05 2.8339691198198125e-05 1.65469591593137e-05 1.0607119293126743e-05 -2.483221578586381e-05 1.0
22.16666603088379 -4.715529939858243e-06 2.4508823116775602e-05 1.9210139726055786e-05 6.413737992261304e-06 6.711735295539256e-06 -1.4093204299570061e-05 1.0
22.200000762939453 1.1973052096436732e-05 1.9189230442862026e-05 3.433301390032284e-05 -7.017018106125761e-06 6.99265046932851e-06 -6.69509063300211e-06 1.0
22.233333587646484 7.690647976232867e-07 3.175719757564366e-05 3.2414111046819016e-05 7.462121175194625e-06 7.913892659416888e-06 -1.3938880329078529e-05 1.0
22.266666412353516 1.4325547681437456e-06 3.8843092625029385e-05 2.9376535167102702e-05 9.559537829773035e-06 9.824167136684991e-06 -1.8032407751888968e-05 1.0
22.299999237060547 1.205777948598552e-06 2.4774497433099896e-05 2.857038634829223e-05 1.954139406734612e-06 8.424014595220797e-06 -1.321699073741911e-05 1.0
22.33333396911621 -4.703977538156323e-06 7.36283473088406e-05 1.63053409778513e-05 2.8405000193743035e-05 7.549877409473993e-06 -2.85695496131666e-05 1.0
22.366666793823242 1.678916561331789e-07 2.8935122827533633e-05 3.1281935662264004e-05 2.9342631933104713e-06 1.05365606941632e-05 -1.1950833140872419e-05 1.0
22.399999618530273 1.132967463490786e-05 2.971181493194308e-05 3.569939872249961e-05 -3.985705461673206e-06 1.0524482604523655e-05 -9.439060704607982e-06 1.0
22.433332443237305 -1.1180843102920335e-05 5.7191933592548594e-05 1.4953510799387004e-05 2.1348450900404714e-05 8.919167157728225e-06 -2.8046752049704082e-05 1.0
22.46666717529297 -1.2874798812845256e-05 6.019998909323476e-05 2.3462987883249298e-05 2.230471363873221e-05 1.4599950191040989e-05 -2.808910357998684e-05 1.0
22.5 2.7298558507027337e-06 4.8382073146058246e-05 1.0382847904111259e-05 1.6565474652452394e-05 1.3742068176725297e-06 -2.5233848646166734e-05 1.0
22.53333282470703 -2.4154553557309555e-06 3.281771932961419e-05 1.8008284314419143e-05 1.0268025107507128e-05 6.094351192587055e-06 -1.581669130246155e-05 1.0
22.566667556762695 -7.338207410612085e-07 2.5558496417943388e-05 2.22999897232512e-05 5.393051651481073e-06 6.493738510471303e-06 -1.654627703828737e-05 1.0
22.600000381469727 -8.016038918867707e-06 6.173244037199765e-05 1.348529985989444e-05 2.549803684814833e-05 6.6654006332100835e-06 -2.269640754093416e-05 1.0
22.633333206176758 1.0278403124175384e-06 2.3576438252348453e-05 2.7190602850168943e-05 1.8865367792386678e-06 7.933506822155323e-06 -1.3844427485310007e-05 1.0
22.66666603088379 -4.10447501053568e-06 5.147194679011591e-05 3.052100510103628e-05 1.2941884961037431e-05 1.3065331586403772e-05 -2.554909951868467e-05 1.0
22.700000762939453 5.825470452691661e-06 3.021816701220814e-05 2.9788243409711868e-05 4.0824779716786e-06 7.516265668527922e-06 -8.833380888972897e-06 1.0
22.733333587646484 1.480794799135765e-05 4.87074903503526e-05 4.0861908928491175e-05 8.21839421405457e-06 8.354954843525775e-06 -1.532052192487754e-05 1.0
22.766666412353516 -4.3547393602239026e-07 2.1320689484127797e-05 3.327793092466891e-05 -4.070921022503171e-06 1.3118757124175318e-05 -1.0458208635100164e-05 1.0
22.799999237060547 -1.355647185619091e-07 5.806612898595631e-05 3.323334385640919e-05 1.806503496482037e-05 1.0424142601550557e-05 -2.4218128601205535e-05 1.0
22.83333396911621 9.136918492913537e-07 5.329245323082432e-05 2.3560189220006578e-05 1.8206719687441364e-05 6.1754417401971295e-06 -2.60685683315387e-05 1.0
22.866666793823242 -3.9610895328223705e-06 2.044577558990568e-05 2.45255960180657e-05 -9.640408507038956e-07 1.1704315511451568e-05 -9.704990588943474e-06 1.0
22.899999618530273 -7.743075912003405e-06 7.532628660555929e-05 1.0624960850691423e-05 3.394673694856465e-05 6.229084192455048e-06 -2.1105561245349236e-05 1.0
22.933332443237305 8.018657354114112e-06 2.4498322090948932e-05 2.527788637962658e-05 -1.8456420320944744e-06 7.31844556867145e-06 -8.623608664493077e-06 1.0
22.96666717529297 -7.331179403990973e-06 5.471248005051166e-05 1.2007033546979073e-05 1.974869883270003e-05 8.062167580646928e-06 -2.6002693630289286e-05 1.0
23.0 -5.256031727185473e-06 2.726487218751572e-05 1.7294321878580377e-05 7.143217317207018e-06 7.154286322474945e-06 -1.667101969360374e-05 1.0
23.03333282470703 -3.910053237632383e-06 3.6126937629887834e-05 2.936262717412319e-05 8.92918342287885e-06 9.771644727152307e-06 -2.140412289008964e-05 1.0
23.066667556762695 -1.0321513400413096e-05 8.555191016057506e-05 1.5338791854446754e-05 3.8003348890924826e-05 8.478776180709247e-06 -2.7979654987575486e-05 1.0
23.100000381469727 -1.0329506494599627e-06 2.6664913093554787e-05 1.5309491573134437e-05 5.7008637668332085e-06 4.558533873932902e-06 -1.447238537366502e-05 1.0
23.133333206176758 -1.665232230152469e-05 7.559060031780973e-05 1.4998907317931298e-05 3.3191961847478524e-05 1.0272553481627256e-05 -2.501033122825902e-05 1.0
23.16666603088379 3.595748921725317e-06 2.6449235519976355e-05 1.605892975931056e-05 8.130010428430978e-06 1.5402849840029376e-06 -1.239079483639216e-05 1.0
23.200000762939453 2.4965181637526257e-06 4.427865496836603e-05 1.2751797839882784e-05 1.6013291315175593e-05 1.0237437209070777e-06 -1.9351400624145754e-05 1.0
23.233333587646484 -8.506064659741241e-06 4.185893703834154e-05 2.1072764866403304e-05 1.1554470802366268e-05 1.0264743650623132e-05 -1.888729639176745e-05 1.0
23.266666412353516 -3.6521555557555985e-07 2.6480600354261696e-05 2.118868360412307e-05 6.185536676639458e-06 6.032949841028312e-06 -1.3989501894684508e-05 1.0
23.299999237060547 -2.1896596535952995e-06 2.270200457132887e-05 3.44736545230262e-05 -1.0840888080565492e-06 1.2736224562104326e-05 -1.2558195521705784e-05 1.0
23.33333396911621 -7.875837582105305e-06 2.607838177937083e-05 3.0525490728905424e-05 3.990764071204467e-06 1.3526360817195382e-05 -1.4755891243112274e-05 1.0
23.366666793823242 1.1412451073056218e-07 6.993013084866107e-05 9.710479389468674e-06 3.407232725294307e-05 4.862704940933327e-07 -3.0589850211981684e-05 1.0
23.399999618530273 -6.579136424988974e-06 3.456119884504005e-05 1.5217767213471234e-05 1.1353055924701039e-05 7.931895197543781e-06 -1.7309530448983423e-05 1.0
23.433332443237305 -7.609147360199131e-06 6.215047324076295e-05 2.2832404283690266e-05 2.1336971258278936e-05 1.0604381714074407e-05 -2.6853360395762138e-05 1.0
23.46666717529297 -6.326319180516293e-06 3.437841223785654e-05 1.9884879293385893e-05 1.3375092748901807e-05 6.941744231880875e-06 -1.66225727298297e-05 1.0
23.5 -5.044129011366749e-06 5.486620284500532e-05 2.1602310880552977e-05 1.714932659524493e-05 8.724749932298437e-06 -2.8882635888294317e-05 1.0
23.53333282470703 -3.1183976716420148e-06 4.20209216827061e-05 3.101527181570418e-05 1.0206813385593705e-05 1.0413624295324553e-05 -1.981779860216193e-05 1.0
23.566667556762695 2.2051682435630937e-07 3.202364678145386e-05 1.3225954717199784e-05 9.776092156243976e-06 3.928795649699168e-06 -1.6745356333558448e-05 1.0
23.600000381469727 -5.362529464036925e-06 3.292537076049484e-05 2.1628102331305854e-05 1.2899606190330815e-05 7.405660653603263e-06 -1.6807092833914794e-05 1.0
23.633333206176758 -2.4931405278039165e-06 4.200467446935363e-05 2.356844015594106e-05 1.5379391697933897e-05 5.9912572396569885e-06 -2.2314310626825318e-05 1.0
23.66666603088379 4.6735399337194394e-06 2.3678401703364216e-05 2.4899221898522228e-05 2.215921540482668e-06 7.270888090715744e-06 -1.2482369129429571e-05 1.0
23.700000762939453 -3.814083129327628e-06 5.327357575879432e-05 1.6211168258450925e-05 2.2806420020060614e-05 4.914414148515789e-06 -2.1026975446147844e-05 1.0
23.733333587646484 -7.680591807002202e-06 4.538840221357532e-05 2.4473378289258108e-05 1.3523757843358908e-05 1.0621247383824084e-05 -2.2735857783118263e-05 1.0
23.766666412353516 -6.160716566228075e-06 2.3822140065021813e-05 1.5422541764564812e-05 5.918398983340012e-06 8.04983119451208e-06 -1.4725244909641333e-05 1.0
23.799999237060547 -1.1856018318212591e-06 6.983525236137211e-05 1.1077682756877039e-05 2.8220332751516253e-05 2.4683015453774715e-06 -2.437991861370392e-05 1.0
23.83333396911621 -4.199149316264084e-06 2.0483359548961744e-05 2.5638726583565585e-05 3.6836527215200476e-06 9.196920473186765e-06 -1.4777146134292707e-05 1.0
23.866666793823242 -4.712453574029496e-06 1.2861335562774912e-05 1.68790174939204e-05 8.005992526705086e-07 7.4465815487201326e-06 -9.31200702325441e-06 1.0
23.899999618530273 -4.856096857963621e-09 1.916585097205825e-05 2.541438334446866e-05 1.3483494285537745e-06 7.762413588352501e-06 -1.023490221996326e-05 1.0
23.933332443237305 2.698929847610998e-06 2.7932463126489893e-05 2.638977275637444e-05 5.374593001761241e-06 7.333898338401923e-06 -1.3349882465263363e-05 1.0
23.96666717529297 2.914619017246878e-07 1.7908094378071837e-05 1.94292442756705e-05 9.911534561979352e-07 6.249842499528313e-06 -1.020919080474414e-05 1.0
24.0 -5.03139199281577e-06 1.9842131223413162e-05 2.725323793129064e-05 1.2093641998944804e-06 1.1232928954996169e-05 -1.6306870747939683e-05 1.0
24.03333282470703 -3.7348181649576873e-06 1.91116523637902e-05 2.9957682272652164e-05 -1.572544078953797e-06 9.276914170186501e-06 -1.3819438208884094e-05 1.0
24.066667556762695 5.06114020026871e-06 4.4716158299706876e-05 9.576937372912653e-06 1.638168942008633e-05 2.6858586466005363e-07 -1.6652893464197405e-05 1.0
24.100000381469727 -1.5491146996282623e-06 7.142218964872882e-05 1.777852412487846e-05 3.496464341878891e-05 5.418401542556239e-06 -2.4338456569239497e-05 1.0
24.133333206176758 -4.615266391283512e-09 5.173713725525886e-05 1.641398557694629e-05 2.23818115046015e-05 4.466422979021445e-06 -1.8599706891109236e-05 1.0
24.16666603088379 3.482235115370713e-06 3.4955293813254684e-05 3.433354140724987e-05 5.216634235694073e-06 1.1034940143872518e-05 -1.3357122952584177e-05 1.0
24.200000762939453 -1.7664920960669406e-05 7.56543013267219e-05 1.1143923074996565e-05 3.207586632925086e-05 1.3190486242820043e-05 -2.7918869818677194e-05 1.0
24.233333587646484 3.979046141466824e-06 3.597287286538631e-05 3.102496702922508e-05 1.0049985576188192e-05 7.287275820999639e-06 -1.7843138266471215e-05 1.0
24.266666412353516 6.799513130317791e-08 2.1254219973343424e-05 1.099279415939236e-05 7.280548288690625e-06 2.838499085555668e-06 -8.212353350245394e-06 1.0
24.299999237060547 -2.8654119432758307e-06 2.655032767506782e-05 3.153376383124851e-05 2.896183787015616e-06 1.0339042091800366e-05 -1.4152680705592502e-05 1.0
24.33333396911621 -1.0007860510086175e-05 9.581957419868559e-05 2.8299296900513582e-05 4.3512394768185914e-05 1.2337663065409288e-05 -3.2955504138953984e-05 1.0
24.366666793823242 -1.2618849041245994e-06 5.878438241779804e-05 2.3546004740637727e-05 2.1747790015069768e-05 5.5711634558974765e-06 -2.5526351237203926e-05 1.0
24.399999618530273 -3.5714181194634875e-06 1.763936052157078e-05 1.604269891686272e-05 2.5318906864413293e-06 6.821308033977402e-06 -9.684667929832358e-06 1.0
24.433332443237305 6.655807283095783e-08 2.0275287170079537e-05 1.5883977539488114e-05 5.67353254155023e-06 4.151062512391945e-06 -1.2412937394401524e-05 1.0
24.46666717529297 -1.0959534847643226e-05 7.920760981505737e-05 8.246262950706296e-06 3.517497316352092e-05 8.261493348982185e-06 -2.4162207409972325e-05 1.0
24.5 2.566289140304434e-06 3.0314025934785604e-05 3.720552922459319e-05 4.330971023591701e-06 1.0483100595592987e-05 -1.653739673201926e-05 1.0
24.53333282470703 -1.7552432836964726e-05 0.00010503918019821867 1.948471890500514e-06 4.6689805458299816e-05 1.0171996109420434e-05 -3.1364168535219505e-05 1.0
24.566667556762695 -1.2303447647354915e-06 1.8720935258897953e-05 2.654338641150389e-05 2.1856358216609806e-06 7.155731054808712e-06 -1.1288699170108885e-05 1.0
24.600000381469727 -9.491998753219377e-06 3.294584894319996e-05 2.4054919776972383e-05 7.515708148275735e-06 1.0815234418259934e-05 -2.0610978026525117e-05 1.0
24.633333206176758 -3.6501421618595487e-06 1.805200008675456e-05 1.6849413441377692e-05 3.16376667797158e-06 7.0348751251003705e-06 -1.207087825605413e-05 1.0
24.66666603088379 -7.056555205053883e-06 5.1006703870370984e-05 1.949576471815817e-05 1.790375608834438e-05 8.431653441220988e-06 -2.3449336367775686e-05 1.0
24.700000762939453 -3.5449570532364305e-06 1.490230170020368e-05 2.1034007659181952e-05 2.4710680008865893e-06 7.4307208706159145e-06 -1.0483207006473094e-05 1.0
24.733333587646484 -1.534885996079538e-05 3.0363011319423094e-05 3.369957266841084e-05 4.360052571428241e-06 1.6544649042771198e-05 -1.959379733307287e-05 1.0
24.766666412353516 7.045161964924773e-06 2.3616908947587945e-05 2.6753270503832027e-05 3.4939544093504082e-06 5.450025128084235e-06 -1.078660261555342e-05 1.0
24.799999237060547 -2.151230773961288e-06 2.2743444787920453e-05 2.688813219720032e-05 5.358458111004438e-06 7.343812285398599e-06 -1.2534161214716733e-05 1.0
24.83333396911621 6.575257884833263e-06 3.20577273669187e-05 3.273171387263574e-05 2.091184796881862e-06 1.047810019372264e-05 -1.0788086910906713e-05 1.0
24.866666793823242 -2.008639057748951e-06 4.199237810098566e-05 1.6800475350464694e-05 1.4974753867136315e-05 5.942214556853287e-06 -2.0544168364722282e-05 1.0
24.899999618530273 -2.2666374661639566e-06 2.3343658540397882e-05 2.9603153961943462e-05 1.5769489891681587e-06 1.1249640010646544e-05 -1.2899715329695027e-05 1.0
24.933332443237305 -5.491028787218966e-06 6.60764635540545e-05 7.368553724518279e-06 2.929712900368031e-05 5.144419901625952e-06 -1.958709799509961e-05 1.0
24.96666717529297 -7.715702849964146e-06 8.742594945942983e-05 1.1647717656160239e-05 4.318535138736479e-05 6.925246452738065e-06 -2.1951373128104024e-05 1.0
25.0 -7.0516393861908e-06 4.458861076273024e-05 3.5664339520735666e-05 1.1629113032540772e-05 1.4788631233386695e-05 -2.4778251827228814e-05 1.0
25.03333282470703 -5.162698016647482e-06 3.427429692237638e-05 2.504730218788609e-05 9.403917829331476e-06 9.050249900610652e-06 -1.986326606129296e-05 1.0
25.066667556762695 5.51574157725554e-06 5.170909207663499e-05 2.9005797841819003e-05 1.7821543224272318e-05 5.365552624425618e-06 -2.0555542505462654e-05 1.0
25.100000381469727 1.2725790838885587e-06 2.0443418179638684e-05 2.1292828023433685e-05 4.809463462152053e-06 5.4604488468612544e-06 -1.1182076377735939e-05 1.0
25.133333206176758 -2.7725677682610694e-06 3.6137706047156826e-05 3.0402014090213925e-05 6.817025223426754e-06 1.2002587936876807e-05 -1.9176639398210682e-05 1.0
25.16666603088379 -8.500482522322272e-07 2.891183248721063e-05 1.931691986101214e-05 6.85539998812601e-06 6.737134299328318e-06 -1.342479299637489e-05 1.0
25.200000762939453 -7.0345508902391884e-06 8.284005161840469e-05 5.780638730357168e-06 3.7308949686121196e-05 5.9651029005181044e-06 -3.081729300902225e-05 1.0
25.233333587646484 -1.104300554288784e-05 5.611000960925594e-05 1.302922100876458e-05 2.8674967325059697e-05 9.200135536957532e-06 -3.408039265195839e-05 1.0
25.266666412353516 5.372041869122768e-07 4.357526995590888e-05 1.3637013580591884e-05 1.357279052172089e-05 3.2505711260455428e-06 -1.8294482288183644e-05 1.0
25.299999237060547 -5.76265938434517e-06 4.891717617283575e-05 1.3473853869072627e-05 1.7521377230877988e-05 6.983577804930974e-06 -2.1838521206518635e-05 1.0
25.33333396911621 -2.0519355530268513e-06 2.5368879505549558e-05 2.9968405215186067e-05 7.068831564538414e-06 6.317994120763615e-06 -1.2327582226134837e-05 1.0
25.366666793823242 8.22717822757113e-08 3.856400871882215e-05 1.6300315110129304e-05 1.3054113878752105e-05 4.204962806397816e-06 -1.8373391867498867e-05 1.0
25.399999618530273 -9.433821105631068e-06 8.020687528187409e-05 1.4229303815227468e-05 3.53818541043438e-05 8.287577657029033e-06 -2.7698300982592627e-05 1.0
25.433332443237305 -9.408476216776762e-06 9.819625120144337e-05 1.4947502677387092e-05 4.855305451201275e-05 7.137636657716939e-06 -3.084836862399243e-05 1.0
25.46666717529297 -2.5417159577045823e-06 5.075243461760692e-05 1.8873053704737686e-05 1.9246757801738568e-05 5.2527730076690204e-06 -2.480606963217724e-05 1.0
25.5 -2.354912567170686e-06 5.8263693063054234e-05 1.3178180779505055e-05 2.190204213547986e-05 5.1091137720504776e-06 -2.130574830516707e-05 1.0
25.53333282470703 3.688934157253243e-06 2.6948247977998108e-05 2.2359108697855845e-05 8.39570475363871e-06 3.503147581795929e-06 -1.20494714792585e-05 1.0
25.566667556762695 -1.1749384611903224e-06 2.354953539907001e-05 2.692031193873845e-05 5.080010396341095e-06 6.993569513724651e-06 -1.2684500688919798e-05 1.0
25.600000381469727 -2.62483208643971e-05 0.0001359821908408776 -1.0030365046986844e-05 6.302051770035177e-05 1.4872757674311288e-05 -3.4095759474439546e-05 1.0
25.633333206176758 -3.380834414201672e-06 6.437597039621323e-05 2.1905503672314808e-05 2.764095006568823e-05 7.198867024271749e-06 -2.4275486794067547e-05 1.0
25.66666603088379 -7.67944220569916e-06 5.9168331063119695e-05 3.061037205043249e-05 1.992566103581339e-05 1.15996817839914e-05 -2.655805292306468e-05 1.0
25.700000762939453 5.490915100381244e-06 3.995706720161252e-05 2.3765542209730484e-05 1.0662874956324231e-05 5.6325848163396586e-06 -1.837318268371746e-05 1.0
25.733333587646484 -1.1306704550406721e-07 2.262897396576591e-05 2.06521108339075e-05 5.124727977090515e-06 5.10656036567525e-06 -1.1618602002272382e-05 1.0
25.766666412353516 -3.3928799894056283e-06 4.9411741201765835e-05 2.553457125031855e-05 1.507163506175857e-05 8.294003237097058e-06 -2.5029308744706213e-05 1.0
25.799999237060547 7.195879334176425e-06 3.878656207234599e-05 3.961949914810248e-05 7.27302040104405e-06 9.177411811833736e-06 -1.5428766346303746e-05 1.0
25.83333396911621 2.7037810923502548e-06 2.3017892090138048e-05 2.9065782655379735e-05 -1.7896037718401203e-07 8.41959899844369e-06 -1.292244724027114e-05 1.0
25.866666793823242 -4.114133844268508e-06 4.860669650952332e-05 1.666392563492991e-05 1.9516564861987717e-05 6.933741133252624e-06 -2.406261774012819e-05 1.0
25.899999618530273 -3.760691242860048e-07 7.254764204844832e-05 4.548146534943953e-06 3.1135528843151405e-05 5.05302580222633e-07 -2.3060259991325438e-05 1.0
25.933332443237305 3.653840394690633e-06 2.3622240405529737e-05 3.0009477995918132e-05 1.915244638439617e-06 7.854611794755328e-06 -1.2356571460259147e-05 1.0
25.96666717529297 1.1504648682603147e-05 3.3426178561057895e-05 3.104315692326054e-05 5.532893737836275e-06 5.335208697943017e-06 -1.357205201202305e-05 1.0
26.0 -6.000030680297641e-06 3.477379505056888e-05 2.0137349565629847e-05 9.195205166179221e-06 9.493012839811854e-06 -2.151316948584281e-05 1.0
26.03333282470703 -6.6884631451102905e-06 3.2763538911240175e-05 3.85062703571748e-05 6.5655999605951365e-06 1.4198352801031433e-05 -2.020382999035064e-05 1.0
26.066667556762695 -3.5630316688184394e-06 5.378922651289031e-05 1.8497241399018094e-05 1.973804501176346e-05 5.78973504161695e-06 -2.340230821573641e-05 1.0
26.100000381469727 -1.836698538681958e-05 8.624399197287858e-05 5.341834366845433e-06 3.608713814173825e-05 1.3617205695481971e-05 -2.296003731316887e-05 1.0
26.133333206176758 -3.3303610962320818e-06 1.6815460185171105e-05 2.527421929698903e-05 -7.190830331182951e-08 1.0383634617028292e-05 -1.1963506040046923e-05 1.0
26.16666603088379 6.849866622360423e-06 2.959408266178798e-05 2.8786305847461335e-05 4.744855232274858e-06 4.7897697186272126e-06 -1.3916182069806382e-05 1.0
26.200000762939453 7.578231361549115e-06 2.2945318050915375e-05 1.7605556422495283e-05 3.340319381095469e-06 3.163901055813767e-06 -1.059146597981453e-05 1.0
26.233333587646484 5.291902652970748e-06 2.2509344489662908e-05 2.4411439881077968e-05 2.87823127109732e-06 4.36878826803877e-06 -1.0074751116917469e-05 1.0
26.266666412353516 1.0208225376118207e-06 6.25983884674497e-05 1.9159835574100725e-05 2.3308293748414144e-05 4.428070951689733e-06 -2.198924448748585e-05 1.0
26.299999237060547 -7.382998774119187e-06 3.096382351941429e-05 1.0511741493246518e-05 9.18675050343154e-06 8.471017281408422e-06 -1.0296759683114942e-05 1.0
26.33333396911621 4.320498192100786e-06 4.236028325976804e-05 2.446683902235236e-05 1.3852368283551186e-05 5.5692371461191215e-06 -1.9728766346815974e-05 1.0
26.366666793823242 7.191476214529757e-08 2.3105561922420748e-05 3.191883661202155e-05 -2.5841152364591835e-06 1.2720813174382783e-05 -1.0494238267710898e-05 1.0
26.399999618530273 8.691442303643271e-07 4.654514486901462e-05 2.041572952293791e-05 1.610148865438532e-05 5.044274075771682e-06 -2.1580157408607192e-05 1.0
26.433332443237305 2.5898361855070107e-06 2.040706021944061e-05 1.9886992959072813e-05 2.616148094602977e-06 5.15428882863489e-06 -1.0151325113838539e-05 1.0
26.46666717529297 -4.795421659764543e-07 3.339128670631908e-05 3.1039897294249386e-05 8.836791494104546e-06 9.429704732610844e-06 -1.477166370023042e-05 1.0
26.5 1.0570410040600109e-06 2.4427432435913943e-05 1.6714058801881038e-05 7.681628630962223e-06 3.925660166714806e-06 -1.2716684068436734e-05 1.0
26.53333282470703 2.740062427619705e-06 3.8230700738495216e-05 2.602932909212541e-05 1.1353416994097643e-05 6.084131200623233e-06 -1.8956656276714057e-05 1.0
26.566667556762695 1.5222985894070007e-05 1.66685367730679e-05 5.448505817184923e-06 5.17990747539443e-06 -2.886401489377022e-06 -1.0083889719680883e-05 1.0
26.600000381469727 0.00016953438171185553 -8.014062041183934e-05 -2.9675187761313282e-05 -1.7279722669627517e-05 -7.336632552323863e-05 -5.1910952606704086e-05 1.0
26.633333206176758 2.087215216306504e-05 8.475061622448266e-05 2.1821269911015406e-06 4.6511289838235825e-05 -4.447251740202773e-06 -3.831585490843281e-05 1.0
26.66666603088379 9.562935883877799e-05 3.843667218461633e-05 6.415531970560551e-06 2.622643660288304e-05 -3.861529330606572e-05 -4.345694833318703e-05 1.0
26.700000762939453 0.0006643624510616064 -0.00018884630117099732 5.167785275261849e-07 -7.34484419808723e-05 -0.000292913056910038 5.3632895287591964e-05 1.0
26.733333587646484 0.000694969086907804 -0.00020229823712725192 6.3399807004316244e-06 -0.00012457989214453846 -0.0003099571040365845 3.141897468594834e-05 0.9999999403953552
26.766666412353516 0.0007818159647285938 -0.00023947839508764446 1.4084473150433041e-05 -0.00013548585411626846 -0.0003435093676671386 3.4882803447544575e-05 1.0
26.799999237060547 0.0009708966827020049 -0.00038173876237124205 6.0165548347868025e-05 -0.0002100401761708781 -0.00043348080362193286 0.0001175828801933676 0.9999999403953552
26.83333396911621 0.0008740260964259505 -0.0004365990753285587 3.649323480203748e-05 -0.00021038108388893306 -0.00040229986188933253 0.00018220121273770928 0.9999999403953552
26.866666793823242 0.0011577541008591652 -0.0005012427573092282 0.00013697829854208976 5.1333852752577513e-05 -0.0005703852511942387 0.0007608026498928666 0.9999995231628418
26.899999618530273 0.0015105485217645764 -0.00026903641992248595 9.041203156812117e-05 0.0008163049351423979 -0.0007560636731795967 0.0014026898425072432 0.9999983906745911
26.933332443237305 0.001613306230865419 -0.0002750293060671538 8.859948138706386e-05 0.0008089198963716626 -0.0008170273504219949 0.0014437242643907666 0.9999983310699463
26.96666717529297 0.0011743138311430812 -0.0004706748004537076 0.00016318527923431247 2.8307413231232204e-05 -0.0005794113967567682 0.000779314199462533 0.9999995827674866
27.0 0.0016002203337848186 -0.0003193990560248494 0.00014029063459020108 0.0006564277573488653 -0.000814901664853096 0.0014464216073974967 0.9999984502792358
27.03333282470703 0.0016719498671591282 -0.00028973747976124287 0.0001474316668463871 0.0006008344935253263 -0.0008549427147954702 0.0014164908789098263 0.9999984502792358
27.066667556762695 0.001383969560265541 -0.0003379193367436528 0.0001530735898995772 0.00022023663041181862 -0.0006952084368094802 0.000981080112978816 0.9999992847442627
27.100000381469727 0.0016726938774809241 -0.00023548872559331357 0.00012325069110374898 0.0007530982256866992 -0.0008624194306321442 0.001449582981877029 0.9999983310699463
27.133333206176758 0.001560254953801632 -0.00026507076108828187 0.00016019222675822675 0.0006044718902558088 -0.0007996824570000172 0.001406042487360537 0.9999985694885254
27.16666603088379 0.001400026842020452 -0.00036002974957227707 0.00021824690338689834 0.00026813900331035256 -0.0007097033667378128 0.0010482840007171035 0.9999992251396179
27.200000762939453 0.0008713522693142295 -0.000209917823667638 0.00010132876923307776 -4.255472231307067e-05 -0.00042779234354384243 0.00024852840579114854 0.9999999403953552
27.233333587646484 0.0012935883132740855 -0.0002474299690220505 0.00016191555187106133 0.00036258864565752447 -0.0006639519124291837 0.0009925499325618148 0.9999992847442627
27.266666412353516 0.0013087668921798468 -0.00020950680482201278 0.00015813217032700777 0.0003355243825353682 -0.0006713346228934824 0.0009851043578237295 0.9999992847442627
27.299999237060547 0.000656940508633852 -0.00018341820396017283 7.745280890958384e-05 -5.879492164240219e-05 -0.00034465602948330343 0.00015438764239661396 1.0
27.33333396911621 0.0011696876026690006 -9.987130761146545e-05 0.00013191373727750033 0.00030579985468648374 -0.0006086130742914975 0.000748193881008774 0.9999995827674866
27.366666793823242 0.0006651710718870163 -0.00011995255044894293 7.241978164529428e-05 -5.213942495174706e-05 -0.00032814990845508873 9.376142406836152e-05 0.9999999403953552
27.399999618530273 0.001319203875027597 -0.00013597210636362433 0.00012259717914275825 0.0002848859003279358 -0.0006844657473266125 0.0007198669482022524 0.9999995231628418
27.433332443237305 0.0011032455367967486 -6.889338692417368e-05 0.00024751873570494354 0.00036270159762352705 -0.0005856074276380241 0.0008769419509917498 0.9999994039535522
27.46666717529297 0.0006573493592441082 -6.112417759140953e-05 2.9188444386818446e-05 -2.742000469879713e-05 -0.00031787646003067493 6.983386992942542e-05 0.9999999403953552
27.5 0.001031085499562323 -0.00043196731712669134 0.00026705244090408087 0.00014579847629647702 -0.000532055099029094 0.0007705454481765628 0.9999995827674866
27.53333282470703 0.0006576538435183465 -0.0002685727667994797 5.6502696679672226e-05 -0.00014652770187240094 -0.0003037797869183123 7.939054921735078e-05 0.9999999403953552
27.566667556762695 0.0006008491618558764 -0.0001994170743273571 2.404112456133589e-05 -0.00011587634071474895 -0.00027738657081499696 4.379274832899682e-05 1.0
27.600000381469727 0.0005297398893162608 -0.0002598473511170596 6.0546746681211516e-05 -0.00012487931235227734 -0.00024308255524374545 7.88840334280394e-05 1.0
27.633333206176758 0.0005329730920493603 -0.0002168602659367025 2.7014453735318966e-05 -0.00013631433830596507 -0.0002462542033754289 3.6246136005502194e-05 1.0
27.66666603088379 0.0005537737742997706 -0.0001715560065349564 1.9284610971226357e-05 -0.00011153645027661696 -0.00025046197697520256 2.458055314491503e-05 1.0
27.700000762939453 0.0005092790233902633 -0.00019245652947574854 2.6127825549338013e-05 -0.00010804481280501932 -0.00023748053354211152 1.5830022675800137e-05 1.0
27.733333587646484 0.0004019572807010263 -0.00015095774142537266 0.0003611536230891943 -9.377657261211425e-05 0.0014139855047687888 0.0003174233133904636 0.9999989867210388
27.766666412353516 -0.0008291898411698639 -0.000777725363150239 0.00017361142090521753 -0.00018590473337098956 0.008482766337692738 0.004324400797486305 0.9999547004699707
27.799999237060547 -0.0025095699820667505 -0.00040344824083149433 -0.0004623264539986849 0.00101282203104347 0.012992266565561295 0.005271803122013807 0.9999012351036072
27.83333396911621 -0.005207850132137537 -0.0004986195708625019 -0.0004301416629459709 9.407578909303993e-05 0.014586994424462318 0.005583260674029589 0.9998780488967896
27.866666793823242 -0.008325153961777687 -0.0005578760174103081 -0.00021821822156198323 -0.00020404225506354123 0.01805305667221546 0.006665361113846302 0.9998148083686829
27.899999618530273 -0.012083858251571655 -0.0004131854511797428 -8.965705637820065e-05 -1.445908401365159e-05 0.019451791420578957 0.006985357962548733 0.999786376953125
27.933332443237305 -0.015662895515561104 -0.0007665310404263437 -0.00011194793478352949 0.0001447565300622955 0.01762440986931324 0.007262717466801405 0.9998182654380798
27.96666717529297 -0.021904580295085907 4.009266376669984e-06 0.0010112763848155737 0.0009998987661674619 0.015926381573081017 0.006292994599789381 0.9998528957366943
28.0 -0.02785593643784523 -0.00040860887384042144 0.0013386561768129468 0.00040937733137980103 0.0138604287058115 0.005277929361909628 0.9998900294303894
28.03333282470703 -0.03402079641819 -0.0008714512223377824 0.0019878491293638945 0.0006202447111718357 0.011381611227989197 0.004426275379955769 0.9999253153800964
28.066667556762695 -0.041397351771593094 -0.0024338276125490665 0.002369430847465992 -0.0002954420051537454 0.009500090032815933 0.003351601306349039 0.9999492764472961
28.100000381469727 -0.04892706125974655 -0.0011753635480999947 0.004780587274581194 0.00015352359332609922 0.008428928442299366 0.0028090181294828653 0.9999606013298035
28.133333206176758 -0.05513378977775574 -0.0015306094428524375 0.006307934410870075 0.00042711981222964823 0.0077493092976510525 0.0026961362455040216 0.9999663233757019
28.16666603088379 -0.06191836670041084 -0.0018049651989713311 0.007522112689912319 0.0006323035922832787 0.006243137642741203 0.0024003128055483103 0.9999774694442749
28.200000762939453 -0.06902377307415009 -0.0006193584995344281 0.010019409470260143 0.0010972828604280949 0.0060770222917199135 0.0017829325515776873 0.9999793767929077
28.233333587646484 -0.07571271061897278 -0.0006831296486780047 0.011074653826653957 0.0011672282125800848 0.008279968053102493 0.002304467372596264 0.9999623894691467
28.266666412353516 -0.08132468163967133 -0.0015354423085227609 0.011486359871923923 0.0011878248769789934 0.01027846708893776 0.0037833182141184807 0.9999393820762634
28.299999237060547 -0.08695416897535324 -0.002054126001894474 0.011769995093345642 0.0012236342299729586 0.011151368729770184 0.004971071146428585 0.9999247193336487
28.33333396911621 -0.09404958039522171 -0.002240241039544344 0.012913248501718044 0.0011987852631136775 0.01072339154779911 0.004608128219842911 0.9999312162399292
28.366666793823242 -0.10017552226781845 -0.002399398712441325 0.014637144282460213 0.0012868378544226289 0.009677277877926826 0.0039495076052844524 0.9999445676803589
28.399999618530273 -0.1060372143983841 -0.003167342860251665 0.014763548970222473 0.0012376655358821154 0.008405506610870361 0.0044968281872570515 0.9999538064002991
28.433332443237305 -0.11261168122291565 -0.003431167686358094 0.01566503942012787 0.0012326757423579693 0.008823741227388382 0.003991574980318546 0.9999523758888245
28.46666717529297 -0.12058290094137192 -0.003949673846364021 0.01662381738424301 0.0010885047959163785 0.010016032494604588 0.004274986684322357 0.9999400973320007
28.5 -0.1283031851053238 -0.004724010359495878 0.018145162612199783 0.000861812150105834 0.01083266269415617 0.005469170399010181 0.9999260306358337
28.53333282470703 -0.1351921707391739 -0.005316820461302996 0.019506745040416718 0.0005439621745608747 0.011415276676416397 0.005110483150929213 0.9999216794967651
28.566667556762695 -0.14161434769630432 -0.005754164885729551 0.020940197631716728 -0.000283193017821759 0.010117843747138977 0.004150731954723597 0.9999401569366455
28.600000381469727 -0.15081168711185455 -0.006218679249286652 0.02202957682311535 -0.0005773530574515462 0.009511958807706833 0.004611404146999121 0.9999440312385559
28.633333206176758 -0.15751422941684723 -0.007075495086610317 0.022563857957720757 -0.0005189861985854805 0.011567739769816399 0.005044298712164164 0.9999203085899353
28.66666603088379 -0.16419637203216553 -0.0074970233254134655 0.0236153956502676 -0.0006797516252845526 0.013669846579432487 0.005788244307041168 0.999889612197876
28.700000762939453 -0.16877980530261993 -0.007923157885670662 0.02474546991288662 -0.0005726166418753564 0.014141624793410301 0.006058042868971825 0.9998815059661865
28.733333587646484 -0.17557522654533386 -0.008755234070122242 0.025523079559206963 -0.0009029829525388777 0.015610742382705212 0.006558443885296583 0.9998562932014465
28.766666412353516 -0.1810060292482376 -0.008408630266785622 0.027341414242982864 -0.0006443554884754121 0.01792166568338871 0.007720794528722763 0.9998093843460083
28.799999237060547 -0.18511757254600525 -0.00873667374253273 0.028123818337917328 -0.00021275569451972842 0.01888810284435749 0.008293560706079006 0.9997872114181519
28.83333396911621 -0.18897226452827454 -0.009230542927980423 0.028625696897506714 -0.0003220258222427219 0.020423648878932 0.008957842364907265 0.9997512698173523
28.866666793823242 -0.19633397459983826 -0.009144121780991554 0.03034662827849388 2.6284951673005708e-05 0.021816955879330635 0.009696360677480698 0.9997149705886841
28.899999618530273 -0.20134511590003967 -0.0094126733019948 0.030690690502524376 0.0004878491163253784 0.02246767468750477 0.00957528781145811 0.9997016787528992
28.933332443237305 -0.20730935037136078 -0.01004324946552515 0.03167111054062843 0.0005653606494888663 0.02269086241722107 0.009832482784986496 0.9996939897537231
28.96666717529297 -0.2125815600156784 -0.011101234704256058 0.03261806070804596 -0.00015418409020639956 0.022324485704302788 0.010376717895269394 0.9996969699859619
29.0 -0.22056825459003448 -0.011640536598861217 0.03398791700601578 -0.0006756631773896515 0.021928908303380013 0.009227792732417583 0.9997167587280273
29.03333282470703 -0.2292483001947403 -0.012762119062244892 0.03464663401246071 -0.000544387090485543 0.020754897966980934 0.00870836153626442 0.999746561050415
29.066667556762695 -0.23844146728515625 -0.013384070247411728 0.035991325974464417 -0.0010023615323007107 0.01833127997815609 0.008441240526735783 0.9997959136962891
29.100000381469727 -0.24335914850234985 -0.013435876928269863 0.037299878895282745 -0.0015466883778572083 0.016427986323833466 0.0068643586710095406 0.9998403191566467
29.133333206176758 -0.25026896595954895 -0.014003966934978962 0.037882041186094284 -0.0007094930042512715 0.014358996413648129 0.0067566270008683205 0.9998738765716553
29.16666603088379 -0.2549891769886017 -0.01304880902171135 0.03949382156133652 -0.00041363362106494606 0.01129427831619978 0.0052284435369074345 0.999922513961792
29.200000762939453 -0.2660128176212311 -0.013679937459528446 0.04036349430680275 -0.0006314443307928741 0.010378902778029442 0.004917544312775135 0.9999338984489441
29.233333587646484 -0.27231115102767944 -0.014398740604519844 0.0404677577316761 -0.0005801071529276669 0.009241611696779728 0.004513606894761324 0.9999469518661499
29.266666412353516 -0.2750222384929657 -0.013866049237549305 0.03932986781001091 -0.0005040393443778157 0.009913522750139236 0.0030944165773689747 0.9999459981918335
29.299999237060547 -0.2808060944080353 -0.014525330625474453 0.039322856813669205 -0.0008541734423488379 0.007847056724131107 0.0025256522931158543 0.9999656677246094
29.33333396911621 -0.2864567041397095 -0.014658692292869091 0.03952978178858757 -0.0009728872682899237 0.009045236743986607 0.0025168873835355043 0.9999554753303528
29.366666793823242 -0.2903015911579132 -0.014468913897871971 0.03916849195957184 -0.0008280384354293346 0.01127870474010706 0.003410737495869398 0.9999303221702576
29.399999618530273 -0.2932279109954834 -0.014221657067537308 0.038992997258901596 -0.0006367131136357784 0.014979288913309574 0.00468812370672822 0.9998766183853149
29.433332443237305 -0.2973582148551941 -0.014371639117598534 0.038782697170972824 -0.0006871643709018826 0.01831960491836071 0.006028550677001476 0.9998137354850769
29.46666717529297 -0.3005960285663605 -0.01407155767083168 0.038501717150211334 -0.0006833638763055205 0.019041063264012337 0.0062444331124424934 0.9997989535331726
29.5 -0.3046828806400299 -0.013898621313273907 0.038855720311403275 -0.0005741363274864852 0.019134139642119408 0.006122094579041004 0.999798059463501
29.53333282470703 -0.308665931224823 -0.014117157086730003 0.03929097577929497 -0.0005221444298513234 0.018921444192528725 0.006178382318466902 0.999801754951477
29.566667556762695 -0.311801940202713 -0.013794790022075176 0.039694804698228836 -0.0006238556816242635 0.018482938408851624 0.006075591780245304 0.999810516834259
29.600000381469727 -0.31518933176994324 -0.01422493439167738 0.03966560587286949 -0.0007323894533328712 0.01863080821931362 0.0061562396585941315 0.9998072385787964
29.633333206176758 -0.31777453422546387 -0.014119626954197884 0.03996601328253746 -0.0006554215215146542 0.01905430108308792 0.006270437967032194 0.9997985363006592
29.66666603088379 -0.3204787075519562 -0.01413367222994566 0.04046512767672539 -0.0005951361381448805 0.019766852259635925 0.006229400169104338 0.9997850060462952
29.700000762939453 -0.32248470187187195 -0.01381691824644804 0.04084528237581253 -0.0005196662386879325 0.020435070618987083 0.006422337144613266 0.9997704029083252
29.733333587646484 -0.32396650314331055 -0.013800409622490406 0.041160717606544495 -0.0006647080881521106 0.021561723202466965 0.006826555356383324 0.9997439980506897
29.766666412353516 -0.32462078332901 -0.014013922773301601 0.04112193360924721 -0.000597006524913013 0.021878354251384735 0.006760301999747753 0.9997376799583435
29.799999237060547 -0.32447823882102966 -0.014100815169513226 0.04099705442786217 -0.0006950112874619663 0.02178119495511055 0.0076347338035702705 0.9997333884239197
29.83333396911621 -0.3243238031864166 -0.01394309476017952 0.04120602458715439 -0.0009357564267702401 0.02162177860736847 0.007486664690077305 0.9997377395629883
29.866666793823242 -0.32480159401893616 -0.014428012073040009 0.04062790796160698 -0.0005752090364694595 0.021669218316674232 0.007038441486656666 0.9997403025627136
29.899999618530273 -0.3247089385986328 -0.01443423144519329 0.04065583646297455 -0.0006168850813992321 0.02178860269486904 0.007573773618787527 0.9997337460517883
29.933332443237305 -0.32454803586006165 -0.01396759320050478 0.04088103026151657 -0.0006131464033387601 0.02163030579686165 0.00714246416464448 0.9997404217720032
29.96666717529297 -0.3244103491306305 -0.014529410749673843 0.04043792560696602 -0.000545082613825798 0.021636558696627617 0.007518620230257511 0.9997375011444092
30.0 -0.3246692717075348 -0.014448525384068489 0.04049031063914299 -0.0006939814775250852 0.02176174893975258 0.007486783899366856 0.9997349977493286
30.03333282470703 -0.3244178295135498 -0.014310958795249462 0.04056911543011665 -0.000672585389111191 0.0217471644282341 0.007338922470808029 0.9997363090515137
30.066667556762695 -0.3247406780719757 -0.013954788446426392 0.04026712849736214 0.00035993935307487845 0.02182050235569477 0.007420899346470833 0.9997343420982361
30.100000381469727 -0.3241595923900604 -0.014046590775251389 0.03902437910437584 0.0009309261804446578 0.020840030163526535 0.007205643225461245 0.9997564554214478
30.133333206176758 -0.3248203694820404 -0.014322684146463871 0.03875732421875 0.0010315296240150928 0.019813133403658867 0.006259765941649675 0.9997836351394653
30.16666603088379 -0.3240484595298767 -0.013772601261734962 0.03915700316429138 0.0005848676082678139 0.019561514258384705 0.0071378047578036785 0.9997830390930176
30.200000762939453 -0.3241085112094879 -0.01383113581687212 0.04035365954041481 -0.0014435440534725785 0.019764648750424385 0.0073936572298407555 0.9997763633728027
30.233333587646484 -0.3242183029651642 -0.0140686621889472 0.03957228735089302 -3.389518678886816e-05 0.01980155147612095 0.006811761762946844 0.9997807741165161
30.266666412353516 -0.32442450523376465 -0.014252827502787113 0.03902969881892204 0.0010462964419275522 0.01984301768243313 0.006508152931928635 0.9997813701629639
30.299999237060547 -0.3243054449558258 -0.013670077547430992 0.03898058086633682 0.0007544903783127666 0.01926041580736637 0.006816781125962734 0.9997909665107727
30.33333396911621 -0.3247098922729492 -0.013724582269787788 0.04002213105559349 -0.0009953277185559273 0.018536636605858803 0.006723339669406414 0.9998051524162292
30.366666793823242 -0.3246757984161377 -0.01397746428847313 0.04015834629535675 -0.0005407882854342461 0.01836947537958622 0.006655686069279909 0.9998089671134949
30.399999618530273 -0.3244136571884155 -0.014010975137352943 0.039346300065517426 -0.00021341780666261911 0.016580408439040184 0.005945422220975161 0.9998449087142944
30.433332443237305 -0.32461389899253845 -0.013232795521616936 0.037789274007081985 0.0009145038202404976 0.013808700256049633 0.0048483735881745815 0.9998924732208252
30.46666717529297 -0.3246471583843231 -0.01393293309956789 0.03674705699086189 0.0007123339455574751 0.012642832472920418 0.004426504950970411 0.9999099969863892
30.5 -0.3239160478115082 -0.013199683278799057 0.036780547350645065 -0.0006419360288418829 0.011722175404429436 0.0040471963584423065 0.9999228715896606
30.53333282470703 -0.3225971758365631 -0.01330419722944498 0.03623591363430023 -0.0024863984435796738 0.011558285914361477 0.003370484337210655 0.9999244809150696
30.566667556762695 -0.32239794731140137 -0.01467712689191103 0.03551863878965378 -0.0053723095916211605 0.013993957079946995 0.0009032700909301639 0.9998872876167297
30.600000381469727 -0.3229787349700928 -0.014899910427629948 0.03532718867063522 -0.008409814909100533 0.016584224998950958 -0.003530760295689106 0.99982088804245
30.633333206176758 -0.32577624917030334 -0.015584253706037998 0.035375189036130905 -0.01274061854928732 0.019155671820044518 -0.009911774657666683 0.9996862411499023
30.66666603088379 -0.3284764289855957 -0.016804451122879982 0.034669823944568634 -0.015452860854566097 0.0221538245677948 -0.0166879054158926 0.9994958639144897
30.700000762939453 -0.3327697217464447 -0.018825341016054153 0.03251079469919205 -0.016260163858532906 0.022644376382231712 -0.022699981927871704 0.9993536472320557
30.733333587646484 -0.3371141254901886 -0.021030278876423836 0.03025875985622406 -0.016455430537462234 0.0200846828520298 -0.027836324647068977 0.9992752075195312
30.766666412353516 -0.3398698568344116 -0.023391610011458397 0.027502141892910004 -0.016092313453555107 0.01600460708141327 -0.03082556277513504 0.999267041683197
30.799999237060547 -0.3426807224750519 -0.025953935459256172 0.024287817999720573 -0.015007903799414635 0.009669894352555275 -0.030749648809432983 0.9993676543235779
30.83333396911621 -0.3442275822162628 -0.029933933168649673 0.020457983016967773 -0.015257753431797028 0.0017005980480462313 -0.02870340645313263 0.999470055103302
30.866666793823242 -0.34476593136787415 -0.032600678503513336 0.018916502594947815 -0.015774467960000038 -0.003920204937458038 -0.026484113186597824 0.9995171427726746
30.899999618530273 -0.345944881439209 -0.036290623247623444 0.01642373763024807 -0.016789572313427925 -0.005034241359680891 -0.02345879003405571 0.9995711445808411
30.933332443237305 -0.3458172082901001 -0.040129441767930984 0.013760806061327457 -0.017315035685896873 -0.002241641515865922 -0.02022809349000454 0.9996429681777954
30.96666717529297 -0.34626099467277527 -0.043781209737062454 0.011428039520978928 -0.017946088686585426 0.0017223054310306907 -0.01765231229364872 0.9996815919876099
31.0 -0.34554678201675415 -0.04822070151567459 0.01024685613811016 -0.01928418129682541 0.004543357528746128 -0.01438228227198124 0.9997002482414246
31.03333282470703 -0.3461560606956482 -0.05396600812673569 0.009086505509912968 -0.021768415346741676 0.005653785541653633 -0.011662101373076439 0.9996790289878845
31.066667556762695 -0.3475450873374939 -0.06041479855775833 0.008767381310462952 -0.02387312985956669 0.005896387621760368 -0.009887948632240295 0.9996486902236938
31.100000381469727 -0.3482700288295746 -0.06615828722715378 0.0073264301754534245 -0.024192756041884422 0.0043640583753585815 -0.008351003751158714 0.9996628761291504
31.133333206176758 -0.3483346104621887 -0.07223407179117203 0.005610994063317776 -0.024177726358175278 0.0006879250868223608 -0.0073134759441018105 0.9996806979179382
31.16666603088379 -0.3493495285511017 -0.07829827070236206 0.003947213292121887 -0.023857083171606064 -0.0021234210580587387 -0.006933145225048065 0.9996891617774963
31.200000762939453 -0.3526601195335388 -0.08615927398204803 0.002988967811688781 -0.024448413401842117 -0.0035324529744684696 -0.007005883846431971 0.9996703863143921
31.233333587646484 -0.35451462864875793 -0.09248193353414536 0.0041032880544662476 -0.0261372160166502 -0.006082662846893072 -0.007612413726747036 0.9996108412742615
31.266666412353516 -0.35749250650405884 -0.09970778226852417 0.005344301927834749 -0.03012690879404545 -0.00826476514339447 -0.007681665476411581 0.9994823932647705
31.299999237060547 -0.35994747281074524 -0.10617951303720474 0.008079188875854015 -0.033981144428253174 -0.009623042307794094 -0.008511343039572239 0.9993399381637573
31.33333396911621 -0.3618684709072113 -0.11136617511510849 0.010665380395948887 -0.03725313022732735 -0.01075908076018095 -0.009510993957519531 0.9992026686668396
31.366666793823242 -0.3630431294441223 -0.1134505420923233 0.012372148223221302 -0.03975049406290054 -0.012460004538297653 -0.01113218441605568 0.9990699887275696
31.399999618530273 -0.3634946942329407 -0.1144336611032486 0.015493720769882202 -0.04248563572764397 -0.015439007431268692 -0.013390385545790195 0.9988880157470703
31.433332443237305 -0.36506059765815735 -0.11696027219295502 0.019351989030838013 -0.046192802488803864 -0.016492249444127083 -0.015841519460082054 0.9986708164215088
31.46666717529297 -0.3672829270362854 -0.11897705495357513 0.02155393734574318 -0.04945002496242523 -0.017509303987026215 -0.017934611067175865 0.9984621405601501
31.5 -0.372358500957489 -0.12408724427223206 0.024662669748067856 -0.05428335815668106 -0.018216203898191452 -0.020231099799275398 0.9981544613838196
31.53333282470703 -0.3738182485103607 -0.125664621591568 0.027292491868138313 -0.05673465132713318 -0.019276123493909836 -0.022258484736084938 0.9979550838470459
31.566667556762695 -0.3756473660469055 -0.1271708905696869 0.029807331040501595 -0.058997586369514465 -0.02053850330412388 -0.02413453720510006 0.9977549910545349
31.600000381469727 -0.37795403599739075 -0.12671487033367157 0.03283065930008888 -0.06136437505483627 -0.022745084017515182 -0.026125431060791016 0.9975142478942871
31.633333206176758 -0.3796660304069519 -0.1265888661146164 0.03580522909760475 -0.06404580175876617 -0.025006040930747986 -0.02773141860961914 0.997248113155365
31.66666603088379 -0.3815091550350189 -0.12679600715637207 0.03865290433168411 -0.06702141463756561 -0.025401348248124123 -0.028867775574326515 0.997010350227356
31.700000762939453 -0.38124212622642517 -0.126198410987854 0.04214802756905556 -0.07026946544647217 -0.026154180988669395 -0.02871842123568058 0.9967715740203857
31.733333587646484 -0.3790014684200287 -0.12351637333631516 0.04537238925695419 -0.0729643851518631 -0.027065077796578407 -0.028321105986833572 0.9965649247169495
31.766666412353516 -0.3798246681690216 -0.12383132427930832 0.049121394753456116 -0.07599300146102905 -0.027649102732539177 -0.027858857065439224 0.9963355660438538
31.799999237060547 -0.37994131445884705 -0.12351805716753006 0.053956907242536545 -0.07824531197547913 -0.029739411547780037 -0.027413640171289444 0.9961134195327759
31.83333396911621 -0.3823067545890808 -0.12576650083065033 0.05967901274561882 -0.08276017010211945 -0.031043730676174164 -0.027131127193570137 0.9957162737846375
31.866666793823242 -0.38371965289115906 -0.12579336762428284 0.06467895209789276 -0.0868135318160057 -0.03308222070336342 -0.02785002626478672 0.9952855706214905
31.899999618530273 -0.3851650059223175 -0.12533007562160492 0.06820996850728989 -0.09038310497999191 -0.03346983343362808 -0.029026435688138008 0.9949211478233337
31.933332443237305 -0.38624700903892517 -0.12381366640329361 0.0745941624045372 -0.09390586614608765 -0.03289107233285904 -0.029552273452281952 0.9945987462997437
31.96666717529297 -0.3859367072582245 -0.1218026652932167 0.08032536506652832 -0.09815967828035355 -0.035509251058101654 -0.02886592596769333 0.9941180348396301
32.0 -0.38639554381370544 -0.11910193413496017 0.08711656928062439 -0.10205323249101639 -0.03756631165742874 -0.029236847534775734 0.9936394095420837
32.03333282470703 -0.3871544301509857 -0.11718195676803589 0.09289280325174332 -0.10607069730758667 -0.03973321616649628 -0.029669879004359245 0.9931213855743408
32.06666564941406 -0.38972824811935425 -0.11785025149583817 0.09704349935054779 -0.11121642589569092 -0.04296798259019852 -0.03138018399477005 0.9923709034919739
32.099998474121094 -0.39149975776672363 -0.1130538135766983 0.10024062544107437 -0.11420311033725739 -0.045412253588438034 -0.03485802188515663 0.9918065667152405
32.13333511352539 -0.39392900466918945 -0.11180393397808075 0.10603444278240204 -0.12018604576587677 -0.0461401641368866 -0.03726302832365036 0.9909782409667969
32.16666793823242 -0.3976883590221405 -0.1114448606967926 0.11169853806495667 -0.1259118914604187 -0.04576653987169266 -0.03853267803788185 0.9902357459068298
32.20000076293945 -0.3989490866661072 -0.10946166515350342 0.11480619758367538 -0.13110306859016418 -0.04732344299554825 -0.03900933265686035 0.9894700050354004
32.233333587646484 -0.3999583423137665 -0.10651206970214844 0.11893691122531891 -0.135832279920578 -0.04999377205967903 -0.04057619720697403 0.988637387752533
32.266666412353516 -0.40531858801841736 -0.10702123492956161 0.1238032802939415 -0.14246082305908203 -0.051280997693538666 -0.04255564883351326 0.9875547289848328
32.29999923706055 -0.4083111882209778 -0.10684080421924591 0.13064154982566833 -0.14848268032073975 -0.055255889892578125 -0.044037431478500366 0.9863876104354858
32.33333206176758 -0.41274508833885193 -0.11245106905698776 0.13481608033180237 -0.1592237502336502 -0.05640512332320213 -0.044363416731357574 0.9846310019493103
32.36666488647461 -0.4136722683906555 -0.11044017225503922 0.1393166035413742 -0.16442255675792694 -0.059564437717199326 -0.04602622613310814 0.983513593673706
32.400001525878906 -0.41683754324913025 -0.10820408910512924 0.1426580250263214 -0.16980621218681335 -0.06257514655590057 -0.04747603088617325 0.9823422431945801
32.43333435058594 -0.41895315051078796 -0.10537363588809967 0.1457279622554779 -0.1741984784603119 -0.06785602122545242 -0.04891030117869377 0.9811515212059021
32.46666717529297 -0.42020413279533386 -0.1028413325548172 0.1486298143863678 -0.17824888229370117 -0.07200957089662552 -0.049673788249492645 0.980089008808136
32.5 -0.42190614342689514 -0.09861331433057785 0.1514776349067688 -0.18213102221488953 -0.07430405169725418 -0.050249118357896805 0.9791743159294128
32.53333282470703 -0.421779066324234 -0.09501677751541138 0.15418507158756256 -0.18639136850833893 -0.0762733668088913 -0.051123399287462234 0.9781754016876221
32.56666564941406 -0.4212428033351898 -0.09280801564455032 0.15626563131809235 -0.19119738042354584 -0.07757502049207687 -0.051529765129089355 0.9771235585212708
32.599998474121094 -0.42132362723350525 -0.08939000219106674 0.15908391773700714 -0.19594696164131165 -0.0785348117351532 -0.052120450884103775 0.9760740399360657
32.63333511352539 -0.4220072329044342 -0.08640684932470322 0.1622612327337265 -0.2007649689912796 -0.07820604741573334 -0.052896492183208466 0.9750790596008301
32.66666793823242 -0.4224976897239685 -0.08584171533584595 0.16381260752677917 -0.2052392214536667 -0.07765130698680878 -0.05361261963844299 0.9741523861885071
32.70000076293945 -0.423505574464798 -0.08378275483846664 0.1651800274848938 -0.20781143009662628 -0.07813815772533417 -0.054279107600450516 0.9735310673713684
32.733333587646484 -0.4247259795665741 -0.08137322962284088 0.16650690138339996 -0.21007414162158966 -0.07880929112434387 -0.05537203326821327 0.9729295969009399
32.766666412353516 -0.4258807599544525 -0.07901323586702347 0.1675001084804535 -0.21250665187835693 -0.07952629029750824 -0.05708829686045647 0.9722434878349304
32.79999923706055 -0.4267318844795227 -0.07686498016119003 0.16910354793071747 -0.21513618528842926 -0.08043373376131058 -0.058357201516628265 0.9715149402618408
32.83333206176758 -0.42805981636047363 -0.07529854029417038 0.17054922878742218 -0.2184702754020691 -0.08103252947330475 -0.05966498330235481 0.9706413149833679
32.86666488647461 -0.4291999340057373 -0.07417760044336319 0.17132695019245148 -0.22149546444416046 -0.08102405816316605 -0.0608086995780468 0.9698851704597473
32.900001525878906 -0.43050989508628845 -0.07230667769908905 0.17206524312496185 -0.22376517951488495 -0.08164288848638535 -0.06068399176001549 0.9693198800086975
32.93333435058594 -0.43175482749938965 -0.07174745947122574 0.17334167659282684 -0.22682197391986847 -0.08299631625413895 -0.06037276238203049 0.9685136079788208
32.96666717529297 -0.4329943060874939 -0.06985354423522949 0.17424750328063965 -0.22803755104541779 -0.08261196315288544 -0.06137898936867714 0.968197762966156
33.0 -0.4341666102409363 -0.06816291809082031 0.17507760226726532 -0.22885672748088837 -0.08179090172052383 -0.06169215962290764 0.9680541753768921
33.03333282470703 -0.43421298265457153 -0.0672711580991745 0.17656069993972778 -0.23090976476669312 -0.08250069618225098 -0.06151549518108368 0.9675174951553345
33.06666564941406 -0.4350886046886444 -0.06487707048654556 0.1782301813364029 -0.23226499557495117 -0.08184358477592468 -0.06222458556294441 0.9672034978866577
33.099998474121094 -0.4350358247756958 -0.06429851800203323 0.17933499813079834 -0.2341495305299759 -0.08196394890546799 -0.06160109117627144 0.9667788147926331
33.13333511352539 -0.4353446066379547 -0.06390847265720367 0.18099406361579895 -0.23569872975349426 -0.08157370239496231 -0.06166187301278114 0.9664314389228821
33.16666793823242 -0.4354969561100006 -0.06276161223649979 0.18312373757362366 -0.23724931478500366 -0.08110879361629486 -0.06180046126246452 0.9660822153091431
33.20000076293945 -0.4352473020553589 -0.06130276620388031 0.18545259535312653 -0.2387123703956604 -0.08108363300561905 -0.06163254380226135 0.965734601020813
33.233333587646484 -0.4354642629623413 -0.060180146247148514 0.18826426565647125 -0.2407931238412857 -0.07978597283363342 -0.061770617961883545 0.9653172492980957
33.266666412353516 -0.43527358770370483 -0.060064882040023804 0.19025014340877533 -0.24302898347377777 -0.0782914087176323 -0.06192022189497948 0.9648695588111877
33.29999923706055 -0.43456801772117615 -0.05749701336026192 0.19338847696781158 -0.24433155357837677 -0.07797762751579285 -0.06188656762242317 0.9645681381225586
33.33333206176758 -0.4346323311328888 -0.05518435686826706 0.19588486850261688 -0.24623383581638336 -0.0768931582570076 -0.06265926361083984 0.9641214609146118
33.36666488647461 -0.4334637224674225 -0.05404215678572655 0.1985517144203186 -0.24881920218467712 -0.07497499883174896 -0.06290651112794876 0.963592529296875
33.400001525878906 -0.4335038661956787 -0.05087188631296158 0.20167499780654907 -0.25082698464393616 -0.07352767884731293 -0.0637473464012146 0.9631281495094299
33.43333435058594 -0.4325961768627167 -0.048944421112537384 0.20527462661266327 -0.25388795137405396 -0.07302700728178024 -0.06311832368373871 0.9624053835868835
33.46666717529297 -0.4320905804634094 -0.046733785420656204 0.20848128199577332 -0.25704777240753174 -0.07277696579694748 -0.06266234070062637 0.9616149663925171
33.5 -0.4304684102535248 -0.04709693044424057 0.20953352749347687 -0.2558997869491577 -0.07562210410833359 -0.06040535867214203 0.9618460536003113
33.53333282470703 -0.4291641116142273 -0.04757605120539665 0.20926442742347717 -0.2528039515018463 -0.07413186877965927 -0.05907604098320007 0.9628627896308899
33.56666564941406 -0.4279315173625946 -0.047540076076984406 0.21044062077999115 -0.2541120946407318 -0.07344862073659897 -0.057430483400821686 0.9626703262329102
33.599998474121094 -0.4255053400993347 -0.048216111958026886 0.21213886141777039 -0.25704169273376465 -0.07691273093223572 -0.05391975864768028 0.9618247151374817
33.63333511352539 -0.42386752367019653 -0.048809923231601715 0.21256987750530243 -0.2558680772781372 -0.0785859152674675 -0.050763823091983795 0.9621740579605103
33.66666793823242 -0.42325952649116516 -0.04842505604028702 0.21274854242801666 -0.2554704248905182 -0.07760228961706161 -0.05022966489195824 0.9623875021934509
33.70000076293945 -0.4232400357723236 -0.04905391484498978 0.21254803240299225 -0.2564493715763092 -0.07679083198308945 -0.0502198226749897 0.9621927738189697
33.733333587646484 -0.4235557019710541 -0.04854397103190422 0.212525874376297 -0.2553999722003937 -0.07658138871192932 -0.05090796947479248 0.9624523520469666
33.766666412353516 -0.42428815364837646 -0.048734333366155624 0.21206961572170258 -0.2547752261161804 -0.07588963210582733 -0.051610298454761505 0.962635338306427
33.79999923706055 -0.42491480708122253 -0.04897699132561684 0.2123437076807022 -0.25484952330589294 -0.07572533935308456 -0.052006639540195465 0.9626072645187378
33.83333206176758 -0.4255883991718292 -0.04887184873223305 0.21224793791770935 -0.2546052038669586 -0.07521262764930725 -0.052643775939941406 0.9626774787902832
33.86666488647461 -0.42590928077697754 -0.04814822971820831 0.21215876936912537 -0.2535901963710785 -0.0746430978178978 -0.053488194942474365 0.9629431366920471
33.900001525878906 -0.42540934681892395 -0.04917427524924278 0.21159440279006958 -0.25423887372016907 -0.07517820596694946 -0.05319863557815552 0.9627464413642883
33.93333435058594 -0.4251704812049866 -0.048681557178497314 0.21158617734909058 -0.2540828585624695 -0.07531340420246124 -0.053486842662096024 0.9627611041069031
33.96666717529297 -0.4244893491268158 -0.04848304018378258 0.211211696267128 -0.2537340819835663 -0.07542452961206436 -0.053520966321229935 0.9628425240516663
34.0 -0.42531484365463257 -0.04808563366532326 0.21061669290065765 -0.253583699464798 -0.0745091438293457 -0.05470895767211914 0.9628866314888
34.03333282470703 -0.4246358573436737 -0.04902281239628792 0.20969915390014648 -0.25424712896347046 -0.07460260391235352 -0.05423562228679657 0.9627311825752258
34.06666564941406 -0.42525848746299744 -0.047918498516082764 0.2092362493276596 -0.25457310676574707 -0.07342678308486938 -0.05551047995686531 0.9626627564430237
34.099998474121094 -0.425031453371048 -0.047702208161354065 0.2077733725309372 -0.255144327878952 -0.07225272059440613 -0.05664044991135597 0.9625345468521118
34.13333511352539 -0.4246421456336975 -0.04748540371656418 0.2051844447851181 -0.25482305884361267 -0.07114142179489136 -0.05813226103782654 0.9626135230064392
34.16666793823242 -0.42296671867370605 -0.04737004637718201 0.202844500541687 -0.2540793716907501 -0.06993010640144348 -0.05789266154170036 0.9629132151603699
34.20000076293945 -0.42099687457084656 -0.04910682514309883 0.1999238282442093 -0.2539719045162201 -0.06948349624872208 -0.05548868328332901 0.9631154537200928
34.233333587646484 -0.41852694749832153 -0.049953605979681015 0.19700480997562408 -0.2526674270629883 -0.07003718614578247 -0.05305962264537811 0.9635552167892456
34.266666412353516 -0.4153597354888916 -0.05245072394609451 0.19317717850208282 -0.25133034586906433 -0.07000670582056046 -0.05078979581594467 0.9640293121337891
34.29999923706055 -0.4123755395412445 -0.051954153925180435 0.18689706921577454 -0.24693608283996582 -0.06914431601762772 -0.050151627510786057 0.9652597904205322
34.33333206176758 -0.40955930948257446 -0.05375492572784424 0.18172551691532135 -0.24493858218193054 -0.06606119871139526 -0.05009874328970909 0.9659872055053711
34.36666488647461 -0.4054301977157593 -0.05622314289212227 0.17556209862232208 -0.24305225908756256 -0.0628092959523201 -0.049851346760988235 0.966693103313446
34.400001525878906 -0.4013666808605194 -0.05719492956995964 0.16919861733913422 -0.24003589153289795 -0.05998016893863678 -0.04946130886673927 0.967646062374115
34.43333435058594 -0.3967835009098053 -0.05825535207986832 0.16303084790706635 -0.23817078769207 -0.059104036539793015 -0.04834461584687233 0.9682170152664185
34.46666717529297 -0.3918502926826477 -0.05800088867545128 0.15728773176670074 -0.2358642816543579 -0.060086604207754135 -0.04792674258351326 0.968741774559021
34.5 -0.3884781301021576 -0.05844327434897423 0.15211376547813416 -0.23483455181121826 -0.05935047194361687 -0.04782934859395027 0.9690421223640442
34.53333282470703 -0.3856092095375061 -0.0586700513958931 0.14694267511367798 -0.23397788405418396 -0.057899534702301025 -0.04791440814733505 0.9693328738212585
34.56666564941406 -0.3819900453090668 -0.05848373845219612 0.14121586084365845 -0.23273004591464996 -0.05596277117729187 -0.04840254411101341 0.9697226881980896
34.599998474121094 -0.3786117732524872 -0.058775078505277634 0.13593989610671997 -0.23225602507591248 -0.053373269736766815 -0.048525456339120865 0.9699761271476746
34.63333511352539 -0.375698983669281 -0.057002127170562744 0.13034050166606903 -0.2304815649986267 -0.05091841518878937 -0.04911217838525772 0.9705016613006592
34.66666793823242 -0.3721601665019989 -0.05608154833316803 0.1253032237291336 -0.22961537539958954 -0.048618003726005554 -0.04872004687786102 0.9708446860313416
34.70000076293945 -0.3680430054664612 -0.055837489664554596 0.11993883550167084 -0.22893677651882172 -0.04599080979824066 -0.04745560511946678 0.9711955785751343
34.733333587646484 -0.36410650610923767 -0.055229756981134415 0.11389835178852081 -0.22826318442821503 -0.04394063353538513 -0.04652971774339676 0.9714938402175903
34.766666412353516 -0.3597780466079712 -0.05391589552164078 0.1080143079161644 -0.22702032327651978 -0.04169008135795593 -0.04622793570160866 0.9718984961509705
34.79999923706055 -0.35531553626060486 -0.052443500608205795 0.10194302350282669 -0.22607065737247467 -0.039344917982816696 -0.046277325600385666 0.9722152948379517
34.83333206176758 -0.3519025444984436 -0.05124625936150551 0.09695460647344589 -0.2250964641571045 -0.03671959787607193 -0.04561576619744301 0.9725752472877502
34.86666488647461 -0.3475310504436493 -0.050535134971141815 0.09234360605478287 -0.22477997839450836 -0.034482263028621674 -0.044763777405023575 0.9727697968482971
34.900001525878906 -0.34310823678970337 -0.05020388588309288 0.08786290138959885 -0.2247879058122635 -0.03262835368514061 -0.0442953035235405 0.9728533625602722
34.93333435058594 -0.3386031985282898 -0.0491224005818367 0.08338052034378052 -0.2236708402633667 -0.03095237910747528 -0.04451923072338104 0.9731553792953491
34.96666717529297 -0.3353138267993927 -0.048653002828359604 0.08003762364387512 -0.22279714047908783 -0.02906796522438526 -0.044091057032346725 0.9734333753585815
35.0 -0.33146360516548157 -0.048906177282333374 0.07626310735940933 -0.22215262055397034 -0.027538547292351723 -0.04326743632555008 0.9736621379852295
35.03333282470703 -0.3281565010547638 -0.04861821234226227 0.07332942634820938 -0.2216770052909851 -0.025375356897711754 -0.04315439239144325 0.9738342761993408
35.06666564941406 -0.3239312469959259 -0.04819917678833008 0.07007859647274017 -0.22131584584712982 -0.022760659456253052 -0.04289938136935234 0.9739922881126404
35.099998474121094 -0.31987082958221436 -0.04757014289498329 0.06810023635625839 -0.221612349152565 -0.02019798569381237 -0.04161185026168823 0.9740371704101562
35.13333511352539 -0.31462362408638 -0.0468788780272007 0.0661894902586937 -0.22181816399097443 -0.01936948485672474 -0.040826547890901566 0.9740405082702637
35.16666793823242 -0.31002286076545715 -0.04658644273877144 0.06411286443471909 -0.2217501401901245 -0.017342565581202507 -0.04017038270831108 0.9741213917732239
35.20000076293945 -0.30637168884277344 -0.046019166707992554 0.062422264367341995 -0.22107400000095367 -0.014836903661489487 -0.03889261931180954 0.9743682742118835
35.233333587646484 -0.30283063650131226 -0.04662451520562172 0.060575932264328 -0.220358207821846 -0.013009370304644108 -0.03800135850906372 0.9745917320251465
35.266666412353516 -0.2988404929637909 -0.047600533813238144 0.05880516767501831 -0.22031046450138092 -0.011265299282968044 -0.0373583622276783 0.9746490120887756
35.29999923706055 -0.294456422328949 -0.0489204004406929 0.05779089406132698 -0.22099603712558746 -0.009316317737102509 -0.036612704396247864 0.9745427370071411
35.33333206176758 -0.2903836965560913 -0.04974870756268501 0.05701866373419762 -0.22025783360004425 -0.008360053412616253 -0.036605749279260635 0.9747187495231628
35.36666488647461 -0.2882603108882904 -0.051460977643728256 0.05591921880841255 -0.21921002864837646 -0.007343478035181761 -0.03648030757904053 0.974967896938324
35.400001525878906 -0.28656065464019775 -0.05331677198410034 0.055925168097019196 -0.21840770542621613 -0.006130604539066553 -0.03581393137574196 0.975180983543396
35.43333435058594 -0.2837401032447815 -0.05582842230796814 0.056125640869140625 -0.21812006831169128 -0.005423270165920258 -0.035790953785181046 0.9752503633499146
35.46666717529297 -0.28120043873786926 -0.05913788452744484 0.05621650442481041 -0.21835407614707947 -0.004192333202809095 -0.03565334901213646 0.97520911693573
35.5 -0.27955693006515503 -0.06208788976073265 0.057096805423498154 -0.21848873794078827 -0.0028965750243514776 -0.03562142327427864 0.9751848578453064
35.53333282470703 -0.2765166163444519 -0.0649472251534462 0.05905952677130699 -0.2184472680091858 -0.000326626148307696 -0.03614969924092293 0.9751788973808289
35.56666564941406 -0.2720135748386383 -0.0682460144162178 0.0605941005051136 -0.2179654985666275 0.0036527325864881277 -0.03583230823278427 0.9752917289733887
35.599998474121094 -0.2688346803188324 -0.07225172221660614 0.061862751841545105 -0.2168903797864914 0.006527761463075876 -0.03466397151350975 0.9755585789680481
35.63333511352539 -0.26491138339042664 -0.07622159272432327 0.06287852674722672 -0.21552787721157074 0.008095803670585155 -0.03316458314657211 0.9759007692337036
35.66666793823242 -0.2599082291126251 -0.08056224137544632 0.0642925277352333 -0.21458809077739716 0.008591185323894024 -0.03113712929189205 0.9761704206466675
35.70000076293945 -0.25667664408683777 -0.08598828315734863 0.0655805692076683 -0.2144206315279007 0.010143730789422989 -0.028411099687218666 0.9762755036354065
35.733333587646484 -0.25337615609169006 -0.08918305486440659 0.06823457032442093 -0.21330589056015015 0.011170271784067154 -0.026774289086461067 0.9765546917915344
35.766666412353516 -0.2503088116645813 -0.093744195997715 0.07008475810289383 -0.213522270321846 0.01224774494767189 -0.025120077654719353 0.976538360118866
35.79999923706055 -0.24662238359451294 -0.09694067388772964 0.07352122664451599 -0.2137342393398285 0.012186345644295216 -0.023728663101792336 0.9765275716781616
35.83333206176758 -0.24287308752536774 -0.10021323710680008 0.07777086645364761 -0.21442811191082 0.012925197370350361 -0.02211013063788414 0.9764040112495422
35.86666488647461 -0.2397487312555313 -0.10299353301525116 0.0818183496594429 -0.2140890657901764 0.013817621394991875 -0.020847845822572708 0.9764938950538635
35.900001525878906 -0.23586739599704742 -0.10596845299005508 0.08716867864131927 -0.21450835466384888 0.012581129558384418 -0.018188780173659325 0.9764717817306519
35.93333435058594 -0.2338496595621109 -0.10854580253362656 0.09234979003667831 -0.2157464623451233 0.012636901810765266 -0.016043664887547493 0.9762358069419861
35.96666717529297 -0.2304750680923462 -0.11156322062015533 0.09760896861553192 -0.21762718260288239 0.012724081054329872 -0.015224853530526161 0.9758303165435791
36.0 -0.22921745479106903 -0.11319855600595474 0.10239384323358536 -0.21767011284828186 0.01472991518676281 -0.015344704501330853 0.9757906794548035
36.03333282470703 -0.22736214101314545 -0.11667776852846146 0.10736791044473648 -0.21880905330181122 0.015091333538293839 -0.015250860713422298 0.9755318760871887
36.06666564941406 -0.22476011514663696 -0.11873584985733032 0.11244628578424454 -0.21974141895771027 0.014981296844780445 -0.015311975963413715 0.9753229022026062
36.099998474121094 -0.22255471348762512 -0.11978095024824142 0.11798165738582611 -0.21991631388664246 0.016172513365745544 -0.015749491751194 0.9752575755119324
36.13333511352539 -0.22311624884605408 -0.12075596302747726 0.12174122035503387 -0.21915949881076813 0.019697312265634537 -0.016571957617998123 0.9753494262695312
36.16666793823242 -0.22302982211112976 -0.12344132363796234 0.12552215158939362 -0.2202075868844986 0.022304348647594452 -0.017551088705658913 0.975040078163147
36.20000076293945 -0.22108882665634155 -0.1251676082611084 0.13046935200691223 -0.2213445007801056 0.024247728288173676 -0.016794199123978615 0.9747495055198669
36.233333587646484 -0.2183421105146408 -0.1289813071489334 0.13496726751327515 -0.22337009012699127 0.025067465379834175 -0.015341370366513729 0.9742906093597412
36.266666412353516 -0.21590293943881989 -0.13056939840316772 0.1392974704504013 -0.2228417843580246 0.02540711872279644 -0.012920969165861607 0.9744378924369812
36.29999923706055 -0.21308742463588715 -0.133122518658638 0.14373508095741272 -0.22334282100200653 0.025224624201655388 -0.010602187365293503 0.9743558168411255
36.33333206176758 -0.20914340019226074 -0.13761380314826965 0.14744369685649872 -0.22574250400066376 0.024202650412917137 -0.008797679096460342 0.9738466143608093
36.36666488647461 -0.2064329981803894 -0.13833747804164886 0.15088443458080292 -0.22448575496673584 0.025636065751314163 -0.007073001004755497 0.9741144776344299
36.400001525878906 -0.2028445452451706 -0.14200745522975922 0.1550876349210739 -0.22584038972854614 0.025942359119653702 -0.005265945103019476 0.9738045930862427
36.43333435058594 -0.20035573840141296 -0.14313821494579315 0.1592627912759781 -0.22585991024971008 0.026563871651887894 -0.004405209794640541 0.9737876653671265
36.46666717529297 -0.1996505856513977 -0.14281369745731354 0.16286125779151917 -0.22471453249454498 0.028448766097426414 -0.004798654466867447 0.9739974737167358
36.5 -0.19598977267742157 -0.14610789716243744 0.1672746241092682 -0.22684955596923828 0.029211679473519325 -0.005417464766651392 0.9734765291213989
36.53333282470703 -0.19463853538036346 -0.14717590808868408 0.17187047004699707 -0.22719302773475647 0.032154496759176254 -0.004628374706953764 0.9733077883720398
36.56666564941406 -0.19388332962989807 -0.14702390134334564 0.17620615661144257 -0.22677674889564514 0.03424721211194992 -0.004144556354731321 0.9733356833457947
36.599998474121094 -0.18759708106517792 -0.15155836939811707 0.18362505733966827 -0.2315116822719574 0.03152244910597801 -0.003612068248912692 0.9723146557807922
36.63333511352539 -0.18555712699890137 -0.15092112123966217 0.18803730607032776 -0.23246756196022034 0.0328240767121315 -0.004526036791503429 0.9720396399497986
36.66666793823242 -0.18112267553806305 -0.15578119456768036 0.19445635378360748 -0.23754559457302094 0.03388703241944313 -0.005530103575438261 0.9707693457603455
36.70000076293945 -0.1811739206314087 -0.15398961305618286 0.1987469345331192 -0.23705244064331055 0.038104936480522156 -0.005242535378783941 0.9707351922988892
36.733333587646484 -0.17732751369476318 -0.15538546442985535 0.20505139231681824 -0.2398895025253296 0.037395186722278595 -0.005217384081333876 0.9700656533241272
36.766666412353516 -0.17266212403774261 -0.14867734909057617 0.20977619290351868 -0.23496149480342865 0.03628105670213699 -0.004749985411763191 0.9713157415390015
36.79999923706055 -0.17022670805454254 -0.1487012654542923 0.2135685831308365 -0.23396112024784088 0.03818727284669876 -0.0044823577627539635 0.971485435962677
36.83333206176758 -0.16557931900024414 -0.15035834908485413 0.2191888391971588 -0.2352328598499298 0.03738753870129585 -0.002089438261464238 0.9712174534797668
36.86666488647461 -0.1617099791765213 -0.15109235048294067 0.22412608563899994 -0.23601290583610535 0.03736966848373413 -0.0005560054560191929 0.9710310101509094
36.900001525878906 -0.15749499201774597 -0.1511910855770111 0.2287716120481491 -0.23642076551914215 0.03824864327907562 0.0005776947364211082 0.9708974957466125
36.93333435058594 -0.1540120542049408 -0.15078869462013245 0.2334929257631302 -0.23737680912017822 0.040066614747047424 0.0023881630040705204 0.9705881476402283
36.96666717529297 -0.1501937359571457 -0.1506207138299942 0.2376750111579895 -0.2387525737285614 0.04092167690396309 0.003554980969056487 0.9702113270759583
37.0 -0.14672401547431946 -0.14959034323692322 0.2422925978899002 -0.23971500992774963 0.04228001460433006 0.004260596819221973 0.9699129462242126
37.03333282470703 -0.14280027151107788 -0.1488192230463028 0.24644236266613007 -0.2408287078142166 0.04381713271141052 0.005650968756526709 0.9695615768432617
37.06666564941406 -0.13853320479393005 -0.14813971519470215 0.2507407069206238 -0.24188955128192902 0.045037802308797836 0.00732000358402729 0.9692304134368896
37.099998474121094 -0.13455983996391296 -0.14651548862457275 0.25530192255973816 -0.24309828877449036 0.04509541392326355 0.009065820835530758 0.9689105153083801
37.13333511352539 -0.13041909039020538 -0.14438499510288239 0.25972193479537964 -0.24442093074321747 0.04492776095867157 0.009684435091912746 0.9685794711112976
37.16666793823242 -0.12635141611099243 -0.14284473657608032 0.263963907957077 -0.2467329055070877 0.046513766050338745 0.009554475545883179 0.9679194688796997
37.20000076293945 -0.1230606660246849 -0.14091096818447113 0.2692420482635498 -0.24861083924770355 0.049947503954172134 0.0088424663990736 0.9672743678092957
37.233333587646484 -0.11952709406614304 -0.1397906094789505 0.2733069062232971 -0.2508712112903595 0.05068928003311157 0.007989038713276386 0.9666594862937927
37.266666412353516 -0.11637342721223831 -0.13787764310836792 0.2775540053844452 -0.2527269721031189 0.051690615713596344 0.008094726130366325 0.966122031211853
37.29999923706055 -0.11365121603012085 -0.13663387298583984 0.28179365396499634 -0.2542745769023895 0.053781021386384964 0.008805271238088608 0.9655953645706177
37.33333206176758 -0.11016557365655899 -0.13507351279258728 0.28551462292671204 -0.25527870655059814 0.05444424971938133 0.009057638235390186 0.965290904045105
37.36666488647461 -0.10646190494298935 -0.13273189961910248 0.2884199023246765 -0.2566872835159302 0.05471557751297951 0.009203135967254639 0.9649006724357605
37.400001525878906 -0.10414045304059982 -0.12970300018787384 0.29117944836616516 -0.2582147419452667 0.057556651532649994 0.009030725806951523 0.9643292427062988
37.43333435058594 -0.10111268609762192 -0.1272345632314682 0.29455801844596863 -0.2611125707626343 0.06106934696435928 0.00888151302933693 0.963333785533905
37.46666717529297 -0.09783628582954407 -0.12477815896272659 0.2972066104412079 -0.2639293372631073 0.06468309462070465 0.009591114707291126 0.962323009967804
37.5 -0.09506862610578537 -0.12325122952461243 0.29968592524528503 -0.2662963569164276 0.06489790230989456 0.010303276591002941 0.9616487622261047
37.53333282470703 -0.09354699403047562 -0.12136760354042053 0.3024044930934906 -0.2667867839336395 0.06373430788516998 0.010189982131123543 0.9615919589996338
37.56666564941406 -0.09199286252260208 -0.12075816094875336 0.3040705621242523 -0.2672303020954132 0.06376513093709946 0.009565982967615128 0.9614730477333069
37.599998474121094 -0.09012779593467712 -0.12048063427209854 0.3066169321537018 -0.26839637756347656 0.06530292332172394 0.00924342218786478 0.9610481262207031
37.63333511352539 -0.08964357525110245 -0.11986882984638214 0.3094778060913086 -0.27022162079811096 0.06655245274305344 0.008874151855707169 0.9604542851448059
37.66666793823242 -0.0870974138379097 -0.11877552419900894 0.3116776645183563 -0.27179110050201416 0.06546065956354141 0.009795589372515678 0.9600774049758911
37.70000076293945 -0.08586964011192322 -0.11755296587944031 0.31440895795822144 -0.2728686034679413 0.06560995429754257 0.010446476750075817 0.9597546458244324
37.733333587646484 -0.08533437550067902 -0.1153174415230751 0.3167310059070587 -0.2727028727531433 0.06613026559352875 0.010651793330907822 0.9597638249397278
37.766666412353516 -0.08438091725111008 -0.1143251433968544 0.319200724363327 -0.2749567925930023 0.06551536917686462 0.010600986890494823 0.959163248538971
37.79999923706055 -0.08403456211090088 -0.11323138326406479 0.3219929337501526 -0.27725696563720703 0.06641427427530289 0.010127224028110504 0.9584441781044006
37.83333206176758 -0.08338790386915207 -0.11034338921308517 0.3240678012371063 -0.27779194712638855 0.06753529608249664 0.008989735506474972 0.9582222104072571
37.86666488647461 -0.08365564048290253 -0.10860627144575119 0.32706665992736816 -0.28044572472572327 0.0687866061925888 0.008188571780920029 0.957366943359375
37.900001525878906 -0.08288498967885971 -0.10640418529510498 0.3299407362937927 -0.28227654099464417 0.06834244728088379 0.007334234192967415 0.9568675756454468
37.93333435058594 -0.0823066458106041 -0.10402478277683258 0.3324277698993683 -0.28442758321762085 0.06887593120336533 0.005817284341901541 0.9562025666236877
37.96666717529297 -0.08154910802841187 -0.10246983915567398 0.3360845744609833 -0.28838104009628296 0.06906893104314804 0.005162282381206751 0.9550074338912964
38.0 -0.08197478204965591 -0.10030879825353622 0.33878403902053833 -0.2905871570110321 0.06916116178035736 0.005526252090930939 0.9543298482894897
38.03333282470703 -0.08172957599163055 -0.09807556867599487 0.3411637842655182 -0.29139336943626404 0.06867199391126633 0.00590164540335536 0.9541170597076416
38.06666564941406 -0.08189903199672699 -0.096146360039711 0.3435475528240204 -0.291825532913208 0.06996506452560425 0.005690483842045069 0.9538922905921936
38.099998474121094 -0.0814160704612732 -0.09588191658258438 0.3454836308956146 -0.2934977412223816 0.07060941308736801 0.005202451255172491 0.9533343315124512
38.13333511352539 -0.08034158498048782 -0.09392144531011581 0.34767454862594604 -0.2937241196632385 0.07116569578647614 0.004650539718568325 0.9532261490821838
38.16666793823242 -0.07976732403039932 -0.09290600568056107 0.3503530025482178 -0.2954653799533844 0.0722038596868515 0.004096361808478832 0.9526122808456421
38.20000076293945 -0.07911302894353867 -0.09195053577423096 0.3531476557254791 -0.2979997992515564 0.07328718155622482 0.0041413865983486176 0.9517394304275513
38.233333587646484 -0.0776575580239296 -0.09018639475107193 0.3548274040222168 -0.298112690448761 0.07297974079847336 0.004927751142531633 0.9517239928245544
38.266666412353516 -0.07648806273937225 -0.08924116939306259 0.3573801815509796 -0.29960110783576965 0.07313885539770126 0.007267451845109463 0.9512292742729187
38.29999923706055 -0.07559981197118759 -0.08792877197265625 0.3590911328792572 -0.3003571331501007 0.07272183895111084 0.007831543684005737 0.9510183334350586
38.33333206176758 -0.0741487592458725 -0.08646287769079208 0.3610551953315735 -0.3011176586151123 0.07315440475940704 0.008668778464198112 0.9507373571395874
38.36666488647461 -0.0730757862329483 -0.08528709411621094 0.362920343875885 -0.30213212966918945 0.07404013723134995 0.00974266231060028 0.9503364562988281
38.400001525878906 -0.07235414534807205 -0.08425067365169525 0.3649320900440216 -0.30468282103538513 0.07343018800020218 0.010008014738559723 0.9495663642883301
38.43333435058594 -0.0714481994509697 -0.08423461019992828 0.3656434118747711 -0.3048717975616455 0.07116029411554337 0.01092604361474514 0.9496684074401855
38.46666717529297 -0.0714249461889267 -0.08428405225276947 0.3653673827648163 -0.3021623194217682 0.074078768491745 0.011030813679099083 0.9503097534179688
38.5 -0.07124841958284378 -0.08494018763303757 0.3660086989402771 -0.30241304636001587 0.07549821585416794 0.010748924687504768 0.9501215219497681
38.53333282470703 -0.07089672237634659 -0.08486320823431015 0.36654871702194214 -0.3033158481121063 0.07447755336761475 0.011166317388415337 0.9499094486236572
38.56666564941406 -0.07092749327421188 -0.08428464084863663 0.36695680022239685 -0.3037124276161194 0.07440513372421265 0.011938369832932949 0.9497790336608887
38.599998474121094 -0.07052832841873169 -0.08445049077272415 0.3676673471927643 -0.30560004711151123 0.07410208880901337 0.012860815972089767 0.9491850137710571
38.63333511352539 -0.07039781659841537 -0.08439888805150986 0.36767876148223877 -0.30566418170928955 0.07423878461122513 0.013483123853802681 0.9491450190544128
38.66666793823242 -0.07056079059839249 -0.08433876931667328 0.36746466159820557 -0.3055507242679596 0.07441438734531403 0.013508381322026253 0.9491674304008484
38.70000076293945 -0.07178634405136108 -0.08387286961078644 0.3666897416114807 -0.3050251603126526 0.07473138719797134 0.01332651823759079 0.9493141174316406
38.733333587646484 -0.07180716842412949 -0.0845683142542839 0.36596909165382385 -0.30510979890823364 0.07330003380775452 0.012590903788805008 0.9494085311889648
38.766666412353516 -0.07199472188949585 -0.08543752878904343 0.3654383420944214 -0.3055715560913086 0.07280038297176361 0.01238043699413538 0.9493012428283691
38.79999923706055 -0.07269656658172607 -0.08617651462554932 0.3647463619709015 -0.305502712726593 0.07365066558122635 0.012130040675401688 0.9492610692977905
38.83333206176758 -0.07403887808322906 -0.08725009858608246 0.36334845423698425 -0.3047683537006378 0.07463143020868301 0.011018217541277409 0.9494340419769287
38.86666488647461 -0.07572035491466522 -0.08821144700050354 0.36141204833984375 -0.30386975407600403 0.07706377655267715 0.0089498870074749 0.9495494961738586
38.900001525878906 -0.0773358941078186 -0.08861970156431198 0.3592139184474945 -0.30241116881370544 0.07939175516366959 0.007701818365603685 0.9498342871665955
38.93333435058594 -0.07861348986625671 -0.08953651785850525 0.356889933347702 -0.3014005124568939 0.07962234318256378 0.006622654851526022 0.9501442909240723
38.96666717529297 -0.08075509965419769 -0.09023196995258331 0.35440516471862793 -0.3011109530925751 0.08073320239782333 0.0038423093501478434 0.9501577019691467
39.0 -0.08274780958890915 -0.0911126658320427 0.3513825833797455 -0.3002239763736725 0.08190664649009705 0.0010633579222485423 0.9503450989723206
39.03333282470703 -0.08485206216573715 -0.09180442243814468 0.34766334295272827 -0.2995298504829407 0.08253837376832962 -0.0008575709071010351 0.9505096673965454
39.06666564941406 -0.08746571093797684 -0.09309697151184082 0.3436526358127594 -0.2996308207511902 0.08305797725915909 -0.0023828535340726376 0.9504299759864807
39.099998474121094 -0.09104704856872559 -0.09349927306175232 0.33905717730522156 -0.29833054542541504 0.08337084203958511 -0.005601407960057259 0.9507980346679688
39.13333511352539 -0.09438426792621613 -0.0931050255894661 0.3349458873271942 -0.2980201542377472 0.08443111926317215 -0.008306100964546204 0.950782060623169
39.16666793823242 -0.09619175642728806 -0.09338800609111786 0.330992728471756 -0.2983170747756958 0.08610136806964874 -0.009041406214237213 0.9505323767662048
39.20000076293945 -0.09839555621147156 -0.09447184205055237 0.32643547654151917 -0.2980012595653534 0.08589810878038406 -0.00883485283702612 0.9506517648696899
39.233333587646484 -0.10120692849159241 -0.09474809467792511 0.32127776741981506 -0.2959723472595215 0.08422838151454926 -0.009223783388733864 0.9514310359954834
39.266666412353516 -0.10411418974399567 -0.09616309404373169 0.31597816944122314 -0.29404082894325256 0.08314352482557297 -0.009252619929611683 0.952124834060669
39.29999923706055 -0.10573380440473557 -0.09733865410089493 0.309815913438797 -0.29127150774002075 0.08319305628538132 -0.009616702795028687 0.9529677033424377
39.33333206176758 -0.10764452069997787 -0.09850423038005829 0.30313849449157715 -0.2890505790710449 0.0845199003815651 -0.009726864285767078 0.9535258412361145
39.36666488647461 -0.1087607815861702 -0.09976068139076233 0.296963632106781 -0.2870372235774994 0.08532942831516266 -0.009186306037008762 0.9540672302246094
39.400001525878906 -0.1095607578754425 -0.10151181370019913 0.28989776968955994 -0.2844598591327667 0.08588007092475891 -0.008327137678861618 0.9547973275184631
39.43333435058594 -0.1091470941901207 -0.10470421612262726 0.283560574054718 -0.28338032960891724 0.08443523943424225 -0.007127274293452501 0.9552568197250366
39.46666717529297 -0.1099877879023552 -0.10707914084196091 0.2762846052646637 -0.28047066926956177 0.08420564234256744 -0.0063716392032802105 0.9561406970024109
39.5 -0.11169327050447464 -0.10958006978034973 0.26992067694664 -0.27799516916275024 0.08557286858558655 -0.005159263964742422 0.9567493796348572
39.53333282470703 -0.11323856562376022 -0.11018948256969452 0.2625555992126465 -0.27434661984443665 0.0860871970653534 -0.003872439032420516 0.9577619433403015
39.56666564941406 -0.11385232955217361 -0.11180076748132706 0.2545503079891205 -0.27065157890319824 0.08578629791736603 -0.003083571558818221 0.9588424563407898
39.599998474121094 -0.11495643854141235 -0.11506729573011398 0.24718645215034485 -0.2687767446041107 0.08546917885541916 -0.0025197239592671394 0.9593996405601501
39.63333511352539 -0.11749899387359619 -0.11629001796245575 0.23974734544754028 -0.26485675573349 0.08540099114179611 -0.0030200534965842962 0.9604939222335815
39.66666793823242 -0.11761020869016647 -0.11783304065465927 0.23175635933876038 -0.26136305928230286 0.08359076082706451 -0.003741634776815772 0.961607038974762
39.70000076293945 -0.118463434278965 -0.12111642211675644 0.22384680807590485 -0.26026156544685364 0.08348989486694336 -0.003692006692290306 0.9619146585464478
39.733333587646484 -0.11905574798583984 -0.12141914665699005 0.21561439335346222 -0.2573816776275635 0.08469975739717484 -0.00362809537909925 0.9625837206840515
39.766666412353516 -0.11900260299444199 -0.12452191859483719 0.20746667683124542 -0.25602540373802185 0.08542200922966003 -0.0039933426305651665 0.9628801345825195
39.79999923706055 -0.11988049000501633 -0.12352708727121353 0.1980326771736145 -0.24956382811069489 0.08533234149217606 -0.004078412428498268 0.9645826816558838
39.83333206176758 -0.12071641534566879 -0.12403463572263718 0.18988867104053497 -0.24461251497268677 0.08381764590740204 -0.003581094555556774 0.9659847021102905
39.86666488647461 -0.12140362709760666 -0.12635992467403412 0.18064789474010468 -0.24077783524990082 0.08249522745609283 -0.0022360917646437883 0.9670654535293579
39.900001525878906 -0.12286938726902008 -0.12813670933246613 0.17101027071475983 -0.2362484186887741 0.08288376033306122 -0.0006166207022033632 0.9681511521339417
39.93333435058594 -0.12179326266050339 -0.12877896428108215 0.16081587970256805 -0.23163549602031708 0.08162754774093628 3.671444210340269e-05 0.9693719148635864
39.96666717529297 -0.12043072283267975 -0.13186763226985931 0.15174992382526398 -0.22920256853103638 0.08130337297916412 0.00179934105835855 0.9699756503105164
40.0 -0.12333312630653381 -0.12775470316410065 0.14037005603313446 -0.2205319106578827 0.08429009467363358 0.002054724609479308 0.9717287421226501
40.03333282470703 -0.12339969724416733 -0.12889103591442108 0.13005314767360687 -0.2161596268415451 0.08299063891172409 0.0031167606357485056 0.9728195667266846
40.06666564941406 -0.12350674718618393 -0.13014374673366547 0.11862660944461823 -0.2115311473608017 0.08263456076383591 0.0043266708962619305 0.9738621711730957
40.099998474121094 -0.12430363148450851 -0.13107696175575256 0.10721883922815323 -0.20669208467006683 0.08039575070142746 0.005627430975437164 0.9750811457633972
40.13333511352539 -0.12630368769168854 -0.13229906558990479 0.09562864154577255 -0.20127207040786743 0.07564794272184372 0.004796185996383429 0.9765982031822205
40.16666793823242 -0.1290832757949829 -0.13353870809078217 0.0839543268084526 -0.194311261177063 0.07538950443267822 0.002085277112200856 0.9780364036560059
40.20000076293945 -0.13158215582370758 -0.13425645232200623 0.07099232822656631 -0.18662679195404053 0.07752183824777603 -0.0012284317053854465 0.9793668389320374
40.233333587646484 -0.13539676368236542 -0.13523225486278534 0.059579022228717804 -0.1798970103263855 0.0806879922747612 -0.0038978252559900284 0.9803628325462341
40.266666412353516 -0.13838520646095276 -0.13492617011070251 0.048279453068971634 -0.1726709008216858 0.08217743784189224 -0.007136894389986992 0.9815196394920349
40.29999923706055 -0.14208458364009857 -0.13450144231319427 0.03711898252367973 -0.16626179218292236 0.08411312848329544 -0.01093581598252058 0.9824268817901611
40.33333206176758 -0.14502885937690735 -0.1303030103445053 0.025963546708226204 -0.15734434127807617 0.08699052035808563 -0.013809616677463055 0.983608067035675
40.36666488647461 -0.1483054757118225 -0.12828750908374786 0.01633623242378235 -0.1495468020439148 0.09103699773550034 -0.015791770070791245 0.9844281673431396
40.400001525878906 -0.15213251113891602 -0.1267356127500534 0.0072144498117268085 -0.14133159816265106 0.09409728646278381 -0.01753133535385132 0.9853242635726929
40.43333435058594 -0.1558450162410736 -0.12321628630161285 -0.0021456710528582335 -0.13119320571422577 0.09472008049488068 -0.01898847334086895 0.9866386651992798
40.46666717529297 -0.1591462343931198 -0.12351454049348831 -0.009571786969900131 -0.12467193603515625 0.09442761540412903 -0.01878570206463337 0.9875158071517944
40.5 -0.16137196123600006 -0.12099932134151459 -0.01716437377035618 -0.11726407706737518 0.09256917238235474 -0.01735534518957138 0.9886248111724854
40.53333282470703 -0.16508647799491882 -0.11836959421634674 -0.02261638082563877 -0.11044140160083771 0.09112587571144104 -0.014984185807406902 0.9895828366279602
40.56666564941406 -0.16373491287231445 -0.11321306228637695 -0.029641160741448402 -0.10264219343662262 0.08683108538389206 -0.012461857870221138 0.9908429384231567
40.599998474121094 -0.16564570367336273 -0.11175671964883804 -0.0340457484126091 -0.0986333042383194 0.08590724319219589 -0.009171501733362675 0.9913663864135742
40.63333511352539 -0.16534893214702606 -0.10482600331306458 -0.03907718136906624 -0.09268926829099655 0.08344516903162003 -0.005645823664963245 0.9921762943267822
40.66666793823242 -0.16543389856815338 -0.10276962071657181 -0.043109230697155 -0.09002794325351715 0.08390219509601593 -0.0015767328441143036 0.9923975467681885
40.70000076293945 -0.16449500620365143 -0.09902365505695343 -0.046947821974754333 -0.08690031617879868 0.08341647684574127 0.0008586720796301961 0.9927182197570801
40.733333587646484 -0.16476669907569885 -0.09469231963157654 -0.050139620900154114 -0.08310902863740921 0.08266307413578033 0.0020691051613539457 0.9931039214134216
40.766666412353516 -0.16608284413814545 -0.09127498418092728 -0.05223042145371437 -0.0792345255613327 0.08270139247179031 0.00249087275005877 0.993416428565979
40.79999923706055 -0.16608266532421112 -0.08709930628538132 -0.05499545484781265 -0.07530927658081055 0.08218804746866226 0.0024697056505829096 0.993764340877533
40.83333206176758 -0.16663441061973572 -0.0832686498761177 -0.05515853688120842 -0.07196121662855148 0.0832437053322792 0.0016894683940336108 0.9939261674880981
40.86666488647461 -0.16645604372024536 -0.07978770136833191 -0.05639088153839111 -0.06926023215055466 0.08393225073814392 0.0012182953068986535 0.9940608143806458
40.900001525878906 -0.16447597742080688 -0.07714474946260452 -0.05604173243045807 -0.06608320027589798 0.08223161101341248 0.0029229670763015747 0.9944157004356384
40.93333435058594 -0.1635696440935135 -0.07264083623886108 -0.056047532707452774 -0.059554725885391235 0.07945556193590164 0.006914326921105385 0.9950338006019592
40.96666717529297 -0.16021676361560822 -0.06692501157522202 -0.055340126156806946 -0.05356621369719505 0.07492471486330032 0.010634091682732105 0.9956927299499512
41.0 -0.15740951895713806 -0.0633578971028328 -0.05296589806675911 -0.0509352944791317 0.07387449592351913 0.01343341451138258 0.9958754181861877
41.03333282470703 -0.15316063165664673 -0.05794490501284599 -0.05201943591237068 -0.04727567732334137 0.0724719911813736 0.016928866505622864 0.9961055517196655
41.06666564941406 -0.14911068975925446 -0.055702969431877136 -0.05051126331090927 -0.04530845955014229 0.06949225068092346 0.021041683852672577 0.9963308572769165
41.099998474121094 -0.1464718133211136 -0.05111920088529587 -0.04876606911420822 -0.04176834225654602 0.06790804117918015 0.023752227425575256 0.9965338706970215
41.13333511352539 -0.1422821581363678 -0.04801350459456444 -0.047153327614068985 -0.039199262857437134 0.0667942613363266 0.024847175925970078 0.9966868758201599
41.16666793823242 -0.14024539291858673 -0.04652559757232666 -0.04514091834425926 -0.036364782601594925 0.06744248420000076 0.02424549125134945 0.9967653751373291
41.20000076293945 -0.13900893926620483 -0.043733660131692886 -0.0446917861700058 -0.03231420740485191 0.06797438859939575 0.022938299924135208 0.9968997240066528
41.233333587646484 -0.13826923072338104 -0.041323501616716385 -0.043381448835134506 -0.02738410048186779 0.06911364942789078 0.021916547790169716 0.9969919919967651
41.266666412353516 -0.13634224236011505 -0.03831744194030762 -0.04171949252486229 -0.02106618322432041 0.06998848915100098 0.021067559719085693 0.9971027970314026
41.29999923706055 -0.1346229612827301 -0.03616665303707123 -0.03954214230179787 -0.01641674153506756 0.07158393412828445 0.021602926775813103 0.997065544128418
41.33333206176758 -0.13458414375782013 -0.03351958096027374 -0.034914664924144745 -0.0143979387357831 0.07338540256023407 0.022395484149456024 0.9969481825828552
41.36666488647461 -0.13368764519691467 -0.030660219490528107 -0.030667509883642197 -0.014824336394667625 0.07304073870182037 0.021331744268536568 0.9969906806945801
41.400001525878906 -0.13322459161281586 -0.028352487832307816 -0.024702318012714386 -0.01579824648797512 0.073677659034729 0.021068472415208817 0.9969343543052673
41.43333435058594 -0.13425908982753754 -0.027052104473114014 -0.01994001306593418 -0.016825588420033455 0.07509225606918335 0.02071215957403183 0.9968194961547852
41.46666717529297 -0.1342809796333313 -0.024586714804172516 -0.016134129837155342 -0.016709476709365845 0.07462695986032486 0.01930132508277893 0.9968847632408142
41.5 -0.1346319615840912 -0.02450629696249962 -0.011115897446870804 -0.019165683537721634 0.073240727186203 0.017707202583551407 0.996972918510437
41.53333282470703 -0.13472485542297363 -0.023275908082723618 -0.007641121745109558 -0.0204283706843853 0.07290975749492645 0.016223546117544174 0.9969972968101501
41.56666564941406 -0.1338249295949936 -0.020746512338519096 -0.0049614510498940945 -0.01936902105808258 0.07195846736431122 0.01627971976995468 0.997086763381958
41.599998474121094 -0.1345103532075882 -0.019643278792500496 -0.0008292783168144524 -0.01940583996474743 0.06906992197036743 0.01597447507083416 0.9972952008247375
41.63333511352539 -0.1354045569896698 -0.018399164080619812 0.003143515670672059 -0.020157665014266968 0.06691874563694 0.0150174954906106 0.9974417686462402
41.66666793823242 -0.13546505570411682 -0.015671102330088615 0.0060905106365680695 -0.020549140870571136 0.06783105432987213 0.015259863808751106 0.9973684549331665
41.70000076293945 -0.13579319417476654 -0.012075917795300484 0.008037297055125237 -0.020295167341828346 0.0694403350353241 0.01476390939205885 0.997270405292511
41.733333587646484 -0.13620536029338837 -0.01194314006716013 0.01114636566489935 -0.02258838526904583 0.06916998326778412 0.014861073344945908 0.9972383975982666
41.766666412353516 -0.13626091182231903 -0.007781307213008404 0.013520640321075916 -0.023050807416439056 0.06784775108098984 0.015611610375344753 0.9973071813583374
41.79999923706055 -0.13485810160636902 -0.009798388928174973 0.013764938339591026 -0.021961063146591187 0.06663122028112411 0.018279653042554855 0.9973685145378113
41.83333206176758 -0.13155965507030487 -0.011429590173065662 0.012749431654810905 -0.019385570660233498 0.06873136013746262 0.019873181357979774 0.9972488880157471
41.86666488647461 -0.12959976494312286 -0.009985069744288921 0.012648063711822033 -0.018819663673639297 0.06945858150720596 0.021043097600340843 0.9971852898597717
41.900001525878906 -0.12806878983974457 -0.008191514760255814 0.014067995361983776 -0.019239289686083794 0.06774062663316727 0.0232531800866127 0.9972464442253113
41.93333435058594 -0.125837042927742 -0.008288064040243626 0.01403873786330223 -0.0180667731910944 0.06781461089849472 0.027208924293518066 0.9971631765365601
41.96666717529297 -0.12301993370056152 -0.007424796931445599 0.012515434995293617 -0.016053445637226105 0.06826016306877136 0.03093130700290203 0.9970586895942688
42.0 -0.12151986360549927 -0.007596198469400406 0.009663932025432587 -0.011001291684806347 0.06906154751777649 0.030860567465424538 0.9970742464065552
42.03333282470703 -0.12280033528804779 -0.004817638546228409 0.006800200790166855 -0.006736896466463804 0.06965535134077072 0.028355922549962997 0.9971452355384827
42.06666564941406 -0.12286251783370972 -0.0047270492650568485 0.005536176264286041 -0.0037829852662980556 0.06961090117692947 0.027710940688848495 0.9971820712089539
42.099998474121094 -0.12139932811260223 -0.003553735790774226 0.005724082700908184 -0.004188683815300465 0.06920742988586426 0.029861869290471077 0.9971464276313782
42.13333511352539 -0.12099164724349976 -0.0034512074198573828 0.00608292268589139 -0.005326452199369669 0.0694817379117012 0.032116472721099854 0.9970519542694092
42.16666793823242 -0.12198678404092789 -0.004716925323009491 0.005947861820459366 -0.00509394658729434 0.06937528401613235 0.02954902872443199 0.9971399307250977
42.20000076293945 -0.12179332226514816 -0.004372634459286928 0.005851789377629757 -0.004640077240765095 0.0692700520157814 0.02951018325984478 0.9971506595611572
42.233333587646484 -0.12183792144060135 -0.004860856104642153 0.0064766439609229565 -0.005652069579809904 0.069892019033432 0.03111674077808857 0.9970531463623047
42.266666412353516 -0.12204142659902573 -0.005440154112875462 0.006235919892787933 -0.005858251824975014 0.06925894320011139 0.02973826974630356 0.997138261795044
42.29999923706055 -0.1217593252658844 -0.004189911764115095 0.005419294815510511 -0.004807131364941597 0.06905310600996017 0.029611166566610336 0.9971618056297302
42.33333206176758 -0.12205379456281662 -0.005461823660880327 0.006586994510143995 -0.005546226166188717 0.06950833648443222 0.03023565374314785 0.9971076846122742
42.36666488647461 -0.1226024255156517 -0.00581148499622941 0.006525709293782711 -0.006407490465790033 0.06950816512107849 0.029247060418128967 0.9971319437026978
42.400001525878906 -0.12167771905660629 -0.0030102827586233616 0.0049519008025527 -0.004816125147044659 0.06900162994861603 0.02985675074160099 0.9971580505371094
42.43333435058594 -0.12248755991458893 -0.005904301535338163 0.006948089227080345 -0.00614819535985589 0.0695202499628067 0.029965607449412346 0.997111439704895
42.46666717529297 -0.12337921559810638 -0.002898098435252905 0.005754462908953428 -0.004569802898913622 0.07000947743654251 0.029411787167191505 0.9971022605895996
42.5 -0.12302236258983612 0.0005452398327179253 0.0036221470218151808 -0.0018735278863459826 0.06969162076711655 0.02958778850734234 0.9971280097961426
42.53333282470703 -0.12356793135404587 -0.0012474356917664409 0.004534563980996609 -0.0025153576862066984 0.06986864656209946 0.02895933762192726 0.9971326589584351
42.56666564941406 -0.12334901839494705 -0.0016508594853803515 0.0054738339968025684 -0.003826906206086278 0.06993143260478973 0.029450610280036926 0.9971096515655518
42.599998474121094 -0.12378428876399994 -4.6221382945077494e-05 0.004090223927050829 -0.0024072241503745317 0.07019519060850143 0.02952602133154869 0.9970933794975281
42.63333511352539 -0.12375978380441666 2.469794026183081e-06 0.004541665315628052 -0.002413201844319701 0.06991612166166306 0.02896023541688919 0.997129499912262
42.66666793823242 -0.12392618507146835 -0.001270621083676815 0.005719170439988375 -0.0033155980054289103 0.07036258280277252 0.029381612315773964 0.9970832467079163
42.70000076293945 -0.12461739778518677 -6.5217936935368925e-06 0.0038174823857843876 -0.0019154397305101156 0.07061199843883514 0.028864305466413498 0.9970843195915222
42.733333587646484 -0.12417060136795044 0.00012784676800947636 0.0046577793546020985 -0.00216085696592927 0.07022545486688614 0.029027851298451424 0.9971063733100891
42.766666412353516 -0.12461619079113007 0.00042184643098153174 0.003685780568048358 -0.001903855474665761 0.07058333605527878 0.029106607660651207 0.9970793128013611
42.79999923706055 -0.12389630824327469 2.9563316275016405e-06 0.004190254490822554 -0.001779393176548183 0.0700676217675209 0.029033809900283813 0.9971180558204651
42.83333206176758 -0.12368509918451309 -0.0006914169061928988 0.005194505210965872 -0.002742115408182144 0.07012924551963806 0.02957003191113472 0.9970957636833191
42.86666488647461 -0.12383715063333511 -0.000826402974780649 0.004827403463423252 -0.0024581709876656532 0.07017765194177628 0.02952326461672783 0.9970945715904236
42.900001525878906 -0.12374664098024368 0.001032853382639587 0.00368098053149879 -0.001607930171303451 0.06996625661849976 0.028997773304581642 0.9971265196800232
42.93333435058594 -0.12438144534826279 -0.0016534699825569987 0.004897155798971653 -0.003267423715442419 0.07064668834209442 0.029370760545134544 0.9970635771751404
42.96666717529297 -0.12397563457489014 0.0006806188612245023 0.003864891827106476 -0.0016988706775009632 0.0700387954711914 0.02878197655081749 0.9971275329589844
43.0 -0.12403009086847305 0.000522662594448775 0.0036083555314689875 -0.0019008655799552798 0.07017218321561813 0.028926953673362732 0.9971136450767517
43.03333282470703 -0.12426474690437317 -0.0012647358234971762 0.004997728858143091 -0.002763192867860198 0.07054182142019272 0.02963210456073284 0.9970648288726807
43.06666564941406 -0.1239289939403534 -0.000282089167740196 0.004329245071858168 -0.002299197716638446 0.07014964520931244 0.02913319319486618 0.9971083998680115
43.099998474121094 -0.12391180545091629 0.001042584073729813 0.003460897132754326 -0.0014168864581733942 0.07012210041284561 0.029064347967505455 0.9971138834953308
43.13333511352539 -0.12427696585655212 -0.0025688717141747475 0.005542763043195009 -0.0035707552451640368 0.07054473459720612 0.029509546235203743 0.9970657229423523
43.16666793823242 -0.12419071793556213 0.0003763551649171859 0.003926214296370745 -0.002138672862201929 0.07020549476146698 0.02878989838063717 0.9971147775650024
43.20000076293945 -0.12405364215373993 0.00036175904097035527 0.0040213605388998985 -0.0019784499891102314 0.07022075355052948 0.029113121330738068 0.9971046447753906
43.233333587646484 -0.12383594363927841 -0.0013931068824604154 0.005518024787306786 -0.0032613463699817657 0.07026327401399612 0.029729202389717102 0.9970800876617432
43.266666412353516 -0.12369587272405624 -9.515870260656811e-06 0.004318690858781338 -0.002315499819815159 0.07005464285612106 0.029199140146374702 0.9971131086349487
43.29999923706055 -0.12449834495782852 -0.0003792843781411648 0.004235259257256985 -0.0025608818978071213 0.07067438215017319 0.02911020815372467 0.9970712661743164
43.33333206176758 -0.12388208508491516 -0.000428639876190573 0.005093642044812441 -0.002531047211959958 0.07026990503072739 0.02972356416285038 0.9970818758010864
43.36666488647461 -0.12452114373445511 0.0001358184963464737 0.004283968824893236 -0.0022602034732699394 0.07064534723758698 0.029360149055719376 0.997066855430603
43.400001525878906 -0.12393449991941452 -0.0013046319363638759 0.004680244252085686 -0.003110213903710246 0.07027408480644226 0.02930964156985283 0.9970921874046326
43.43333435058594 -0.12406954169273376 -0.0024195327423512936 0.0056441593915224075 -0.0037218115758150816 0.07049384713172913 0.02979186177253723 0.9970602989196777
43.46666717529297 -0.12412790954113007 -0.0002633200492709875 0.004360458347946405 -0.0025524578522890806 0.07037880271673203 0.029316822066903114 0.9970861673355103
43.5 -0.1239641085267067 -0.0012055934639647603 0.005025199614465237 -0.003130082506686449 0.0703582689166069 0.029447481036186218 0.9970821738243103
43.53333282470703 -0.12366999685764313 -0.000690415792632848 0.00541669363155961 -0.0033777905628085136 0.07021753489971161 0.02970172092318535 0.9970837235450745
43.56666564941406 -0.12406429648399353 -0.002002158435061574 0.006214185152202845 -0.0047812932170927525 0.070522740483284 0.029369140043854713 0.9970662593841553
43.599998474121094 -0.12446027249097824 -0.0004761427699122578 0.005497290752828121 -0.004201787058264017 0.07053326815366745 0.028808195143938065 0.9970845580101013
43.63333511352539 -0.12426039576530457 -0.0014864285476505756 0.0053939856588840485 -0.003908862825483084 0.07045222818851471 0.029115071520209312 0.9970824718475342
43.66666793823242 -0.12400054931640625 0.0002896204823628068 0.004660333972424269 -0.002485993318259716 0.0703074187040329 0.029250074177980423 0.9970933198928833
43.70000076293945 -0.12402818351984024 -0.002531894715502858 0.006279979832470417 -0.005078746005892754 0.07047585397958755 0.029339944943785667 0.9970690011978149
43.733333587646484 -0.12468688189983368 -0.0013164585689082742 0.005454362835735083 -0.004711853805929422 0.07071983814239502 0.02855193428695202 0.9970764517784119
43.766666412353516 -0.12404568493366241 -0.0009688555728644133 0.005226897541433573 -0.0038902827072888613 0.07018832117319107 0.02858796715736389 0.9971165060997009
43.79999923706055 -0.1238820031285286 0.0004094397008884698 0.004051188938319683 -0.0028159290086477995 0.07010538876056671 0.028560014441609383 0.9971266388893127
43.83333206176758 -0.12446051836013794 -0.001884856028482318 0.006001380737870932 -0.004471433348953724 0.0706738829612732 0.028996337205171585 0.9970679879188538
43.86666488647461 -0.12467299401760101 -0.00041354785207659006 0.005292420741170645 -0.0038126641884446144 0.07047507166862488 0.02813180722296238 0.9971095323562622
43.900001525878906 -0.12506990134716034 0.000379676726879552 0.00504347262904048 -0.0032570648472756147 0.07076496630907059 0.028443189337849617 0.9970821738243103
43.93333435058594 -0.12446486204862595 -0.0014001617673784494 0.0062631662003695965 -0.004391267895698547 0.07064611464738846 0.02924323081970215 0.9970631003379822
43.96666717529297 -0.12458515167236328 0.0014349297853186727 0.0047224704176187515 -0.001730064395815134 0.07063686847686768 0.029308656230568886 0.9970698952674866
44.0 -0.12466999143362045 0.00014884273696225137 0.005170150194317102 -0.002231317339465022 0.07061077654361725 0.02908947877585888 0.997077226638794
44.03333282470703 -0.12491965293884277 -0.0009339652024209499 0.006132558919489384 -0.003524281084537506 0.07093773782253265 0.02930348366498947 0.9970439672470093
44.06666564941406 -0.12531353533267975 -0.0015779256355017424 0.00600389763712883 -0.004259137902408838 0.07114724069833755 0.029116718098521233 0.9970317482948303
44.099998474121094 -0.12485358119010925 0.000708510575350374 0.004739396274089813 -0.0023760474286973476 0.07062830030918121 0.028770389035344124 0.9970848560333252
44.13333511352539 -0.12479320168495178 -0.001778454054147005 0.006314636208117008 -0.0034365886822342873 0.0708678737282753 0.02948044240474701 0.997044026851654
44.16666793823242 -0.1250750571489334 0.00028376333648338914 0.0052509247325360775 -0.0027134374249726534 0.07096430659294128 0.029272908344864845 0.9970455765724182
44.20000076293945 -0.12485401332378387 0.0013006454100832343 0.004561416804790497 -0.0018989689415320754 0.07080080360174179 0.0291004441678524 0.9970641136169434
44.233333587646484 -0.12475413829088211 -0.0013925174716860056 0.005556460935622454 -0.0031090728007256985 0.07077094167470932 0.029180867597460747 0.9970608353614807
44.266666412353516 -0.12460274249315262 -0.0014762206701561809 0.00623786635696888 -0.0032825444359332323 0.07078295946121216 0.02936626225709915 0.9970540404319763
44.29999923706055 -0.12488379329442978 0.00013850381947122514 0.005222668405622244 -0.0026642708107829094 0.0707261860370636 0.028884610161185265 0.9970738887786865
44.33333206176758 -0.12536555528640747 -0.0019355027470737696 0.006120947655290365 -0.004264678340405226 0.07121672481298447 0.02909134514629841 0.9970274567604065
44.36666488647461 -0.12460578978061676 0.00028277153614908457 0.004588513169437647 -0.0025312863290309906 0.07062916457653046 0.02912321500480175 0.9970741868019104
44.400001525878906 -0.1249842643737793 0.00023589552438352257 0.005043762736022472 -0.002207324840128422 0.07093420624732971 0.029539259150624275 0.9970410466194153
44.43333435058594 -0.12517985701560974 -0.0013030413538217545 0.005932077299803495 -0.00343337538652122 0.07117356359958649 0.029572157189249992 0.9970195889472961
44.46666717529297 -0.12453735619783401 -0.0011200284352526069 0.005503653082996607 -0.003352808766067028 0.07057547569274902 0.029138660058379173 0.9970751404762268
44.5 -0.12497582286596298 3.5844397643813863e-05 0.004793972708284855 -0.0026891196612268686 0.07083120942115784 0.029021093621850014 0.9970625042915344
44.53333282470703 -0.12448632717132568 -0.0015408459585160017 0.005822634324431419 -0.0036090563517063856 0.07061464339494705 0.02940753847360611 0.9970635771751404
44.56666564941406 -0.12488168478012085 0.0008393517346121371 0.004349567461758852 -0.0022128589916974306 0.07070239633321762 0.028895871713757515 0.9970763921737671
44.599998474121094 -0.12476994097232819 -0.00035784865031018853 0.005253151524811983 -0.0026279978919774294 0.07077568769454956 0.029280176386237144 0.9970589280128479
44.63333511352539 -0.12426576018333435 -0.0013291927753016353 0.00573830446228385 -0.0032580916304141283 0.0705111101269722 0.029587702825665474 0.9970667958259583
44.66666793823242 -0.125259131193161 -0.0002877966035157442 0.005471392069011927 -0.002649464178830385 0.07102992385625839 0.02900601364672184 0.9970489144325256
44.70000076293945 -0.1246352344751358 -0.001214454066939652 0.005644140765070915 -0.003312445478513837 0.07078340649604797 0.02944345958530903 0.9970516562461853
44.733333587646484 -0.12427902966737747 0.0002134492970071733 0.005073806270956993 -0.002411370165646076 0.07054772228002548 0.029617873951792717 0.9970657229423523
44.766666412353516 -0.12466926127672195 0.0005069343606010079 0.004667959176003933 -0.0019491655984893441 0.0707143098115921 0.02922348491847515 0.9970665574073792
44.79999923706055 -0.12398979067802429 -0.00022659581736661494 0.005440749228000641 -0.0022720193956047297 0.07033317536115646 0.0297072920948267 0.9970785975456238
44.83333206176758 -0.12441572546958923 -0.0010006208904087543 0.005936437286436558 -0.0028341514989733696 0.07078058272600174 0.02985738217830658 0.9970409274101257
44.86666488647461 -0.12444300949573517 0.0008552484214305878 0.004274472128599882 -0.0015318095684051514 0.07054354250431061 0.029194269329309464 0.9970802068710327
44.900001525878906 -0.12482304126024246 -0.0003828866174444556 0.004761253017932177 -0.002268209820613265 0.0708487406373024 0.029229091480374336 0.997056245803833
44.93333435058594 -0.12421318143606186 -0.0005411142483353615 0.005371015518903732 -0.0025393106043338776 0.07061178237199783 0.030147235840559006 0.9970450401306152
44.96666717529297 -0.12457120418548584 0.00025824818294495344 0.0043265316635370255 -0.0019660787656903267 0.0705786794424057 0.02929777465760708 0.9970739483833313
45.0 -0.12452027201652527 -0.0006414345116354525 0.00500671099871397 -0.0018993435660377145 0.07066546380519867 0.029279863461852074 0.9970685243606567
45.03333282470703 -0.12376704066991806 -0.0002156580740120262 0.005116341169923544 -0.0023205073084682226 0.07027353346347809 0.029880400747060776 0.997077465057373
45.06666564941406 -0.12353306263685226 -0.0009449778008274734 0.005252758506685495 -0.0031377130653709173 0.06999508291482925 0.029413815587759018 0.9971086978912354
45.099998474121094 -0.12434105575084686 -0.002617619000375271 0.0057321572676301 -0.0037042468320578337 0.07067041844129562 0.029570722952485085 0.9970544576644897
45.13333511352539 -0.12438249588012695 -0.0011136566754430532 0.005203693173825741 -0.0028849553782492876 0.0706644356250763 0.029587436467409134 0.9970570802688599
45.16666793823242 -0.12411710619926453 0.00018319976516067982 0.004557861480861902 -0.0026035706978291273 0.07025660574436188 0.029332829639315605 0.9970942139625549
45.20000076293945 -0.12323490530252457 -0.0013068962143734097 0.005396783351898193 -0.0036953999660909176 0.06981211155653 0.029451152309775352 0.9971185326576233
45.233333587646484 -0.12413469702005386 -0.0005604915204457939 0.005487475544214249 -0.003092251718044281 0.07029536366462708 0.0289663877338171 0.9971007704734802
45.266666412353516 -0.12436991184949875 -0.0012049853103235364 0.005104093346744776 -0.0031554661691188812 0.0706024095416069 0.029205109924077988 0.9970719218254089
45.29999923706055 -0.12428822368383408 -0.002268472220748663 0.00532706780359149 -0.0034527035895735025 0.07076001912355423 0.029890727251768112 0.9970394968986511
45.33333206176758 -0.12370841950178146 0.000257995561696589 0.0040389131754636765 -0.0020506123546510935 0.07007189840078354 0.029364755377173424 0.9971076250076294
45.36666488647461 -0.12348731607198715 -0.002573559293523431 0.005766579881310463 -0.0035651549696922302 0.06997060030698776 0.02940891496837139 0.9971091747283936
45.400001525878906 -0.12361875176429749 -0.0013374732807278633 0.004350231494754553 -0.00203722040168941 0.06989801675081253 0.02879556082189083 0.9971363544464111
45.43333435058594 -0.12507060170173645 -0.003484301269054413 0.004820516798645258 -0.0027063179295510054 0.07544900476932526 0.030294490978121758 0.9966856837272644
45.46666717529297 -0.12654393911361694 -0.005108419805765152 0.00598114263266325 -0.00457126647233963 0.08582450449466705 0.034241169691085815 0.9957112669944763
45.5 -0.12561467289924622 -0.005460588727146387 0.0048368158750236034 -0.003066473873332143 0.08769946545362473 0.03489028289914131 0.9955310821533203
45.53333282470703 -0.1268949955701828 -0.004306297283619642 0.005059247836470604 -0.0028335065580904484 0.09079678356647491 0.03522700071334839 0.9952421188354492
45.56666564941406 -0.12447919696569443 -0.005893279332667589 0.00678960932418704 -0.005956769455224276 0.09933680295944214 0.03996189311146736 0.9942333102226257
45.599998474121094 -0.12226276099681854 -0.00789826363325119 0.006975709926337004 -0.009805682115256786 0.11060449481010437 0.04366607591509819 0.9928564429283142
45.63333511352539 -0.12039472907781601 -0.008936047554016113 0.0064435312524437904 -0.012188900262117386 0.11912591755390167 0.04836726561188698 0.9916254878044128
45.66666793823242 -0.11886794865131378 -0.010401872918009758 0.004597121383994818 -0.013046519830822945 0.12485461682081223 0.05180467665195465 0.9907358288764954
45.70000076293945 -0.11560948938131332 -0.015397658571600914 0.001716669532470405 -0.012468535453081131 0.1284431368112564 0.05606349930167198 0.9900524020195007
45.733333587646484 -0.11573199182748795 -0.020848020911216736 -0.003847401589155197 -0.009020518511533737 0.13453951478004456 0.057718828320503235 0.9891846776008606
45.766666412353516 -0.11444557458162308 -0.027172071859240532 -0.010005319491028786 -0.005645481403917074 0.13978447020053864 0.06008781120181084 0.9883410334587097
45.79999923706055 -0.11283563077449799 -0.03265663981437683 -0.016463393345475197 -0.0013502357760444283 0.1407533884048462 0.05905623361468315 0.9882808327674866
45.83333206176758 -0.11152110993862152 -0.04104718565940857 -0.023233067244291306 -9.7083997388836e-05 0.1428428292274475 0.060984428972005844 0.9878648519515991
45.86666488647461 -0.10721494257450104 -0.04749766364693642 -0.028858302161097527 0.0021895505487918854 0.14501066505908966 0.06386386603116989 0.9873644709587097
45.900001525878906 -0.10196825861930847 -0.0570097453892231 -0.03565635532140732 0.002613974967971444 0.14885421097278595 0.06755319982767105 0.9865455627441406
45.93333435058594 -0.09648172557353973 -0.06120381876826286 -0.0414152555167675 0.007091897539794445 0.15449759364128113 0.07153259217739105 0.9853747487068176
45.96666717529297 -0.09154028445482254 -0.07081913203001022 -0.047670237720012665 0.008664651773869991 0.1609652191400528 0.07686365395784378 0.983924388885498
46.0 -0.09244049340486526 -0.06357074528932571 -0.060181718319654465 0.021722322329878807 0.16961929202079773 0.08238143473863602 0.9818201065063477
46.03333282470703 -0.08481701463460922 -0.07028140127658844 -0.06717188656330109 0.024117499589920044 0.17431041598320007 0.08850131183862686 0.9804090261459351
46.06666564941406 -0.07469744980335236 -0.07709995657205582 -0.07303585112094879 0.024709774181246758 0.18085910379886627 0.09469261765480042 0.9786279797554016
46.099998474121094 -0.0624956451356411 -0.08609398454427719 -0.07872245460748672 0.0232784915715456 0.18825215101242065 0.1011015772819519 0.9766257405281067
46.13333511352539 -0.05089440569281578 -0.09341306984424591 -0.08290095627307892 0.023298338055610657 0.19417491555213928 0.10794571787118912 0.9747313261032104
46.16666793823242 -0.04014149680733681 -0.09933596104383469 -0.08790244162082672 0.02464938536286354 0.199971541762352 0.11344432085752487 0.9728999137878418
46.20000076293945 -0.02893405593931675 -0.1064305379986763 -0.09158755838871002 0.026443712413311005 0.20753774046897888 0.11784076690673828 0.9707431793212891
46.233333587646484 -0.016254901885986328 -0.11414029449224472 -0.09730003029108047 0.027206340804696083 0.2146790623664856 0.12235399335622787 0.9686084389686584
46.266666412353516 -0.0029537887312471867 -0.12210278958082199 -0.0997220128774643 0.02784912846982479 0.2196272313594818 0.12825961410999298 0.9667149782180786
46.29999923706055 0.007677378132939339 -0.1267678141593933 -0.10120117664337158 0.030652301385998726 0.22595441341400146 0.13491591811180115 0.9642627835273743
46.33333206176758 0.02206253446638584 -0.13337735831737518 -0.10341737419366837 0.031040538102388382 0.23322010040283203 0.1408158391714096 0.9616734385490417
46.36666488647461 0.03720076009631157 -0.14276953041553497 -0.1068650409579277 0.030995972454547882 0.23954598605632782 0.14742612838745117 0.9591258764266968
46.400001525878906 0.05235468968749046 -0.15272916853427887 -0.11192295700311661 0.029942430555820465 0.24541209638118744 0.15439356863498688 0.9565767049789429
46.43333435058594 0.06779469549655914 -0.15621832013130188 -0.11037962138652802 0.03194151446223259 0.2507774531841278 0.1626240313053131 0.9537525177001953
46.46666717529297 0.08006848394870758 -0.16440969705581665 -0.11634582281112671 0.031559135764837265 0.2559046447277069 0.16867013275623322 0.9513502717018127
46.5 0.09480809420347214 -0.17206789553165436 -0.11940810829401016 0.028262073174118996 0.2592882215976715 0.17600427567958832 0.9492067098617554
46.53333282470703 0.11241351068019867 -0.17838667333126068 -0.12258399277925491 0.033511754125356674 0.26542946696281433 0.18207019567489624 0.9461895227432251
46.56666564941406 0.1281432956457138 -0.18777704238891602 -0.1235099658370018 0.033621590584516525 0.26996293663978577 0.18888354301452637 0.9435638189315796
46.599998474121094 0.1450551301240921 -0.19365350902080536 -0.12485931813716888 0.03558308631181717 0.27501386404037476 0.19692695140838623 0.9403834939002991
46.63333511352539 0.1616547405719757 -0.20101340115070343 -0.12657198309898376 0.037312790751457214 0.2805544435977936 0.203962042927742 0.9371746778488159
46.66666793823242 0.18152126669883728 -0.20868507027626038 -0.13024656474590302 0.03744393587112427 0.2844366133213043 0.21107259392738342 0.9344207644462585
46.70000076293945 0.20053011178970337 -0.21625365316867828 -0.13104307651519775 0.036618608981370926 0.2907748222351074 0.21963335573673248 0.9305214881896973
46.733333587646484 0.2220669686794281 -0.22117853164672852 -0.1347671002149582 0.035496413707733154 0.2960031032562256 0.22662056982517242 0.9272353053092957
46.766666412353516 0.2419903427362442 -0.22778460383415222 -0.13369257748126984 0.03332674875855446 0.3023148775100708 0.2325909584760666 0.9237946271896362
46.79999923706055 0.26406753063201904 -0.2348434329032898 -0.13397029042243958 0.030090434476733208 0.30808988213539124 0.23799990117549896 0.9206146597862244
46.83333206176758 0.28248128294944763 -0.23682767152786255 -0.13316935300827026 0.03030654415488243 0.31295615434646606 0.24256369471549988 0.9177706241607666
46.86666488647461 0.3019677698612213 -0.2419700026512146 -0.13087764382362366 0.027703430503606796 0.3158084750175476 0.24827727675437927 0.915344774723053
46.900001525878906 0.3184569776058197 -0.23926186561584473 -0.12683095037937164 0.02870679274201393 0.32074350118637085 0.2551766633987427 0.9116931557655334
46.93333435058594 0.33849167823791504 -0.23806114494800568 -0.124461829662323 0.026599867269396782 0.32680535316467285 0.26164862513542175 0.9077613949775696
46.96666717529297 0.3574219048023224 -0.23645207285881042 -0.12141183018684387 0.026576871052384377 0.3323676884174347 0.26826921105384827 0.9038015007972717
47.0 0.3775497078895569 -0.23708796501159668 -0.11779075115919113 0.024867085739970207 0.3362990915775299 0.27510103583335876 0.9003354907035828
47.03333282470703 0.39682242274284363 -0.23826836049556732 -0.11386923491954803 0.020883886143565178 0.3410589098930359 0.28063228726387024 0.8969327211380005
47.06666564941406 0.41253912448883057 -0.23952683806419373 -0.10998857021331787 0.015802834182977676 0.3469908833503723 0.2847289443016052 0.8934635519981384
47.099998474121094 0.42781391739845276 -0.24087375402450562 -0.10544464737176895 0.011151975020766258 0.3517047166824341 0.28696414828300476 0.8909719586372375
47.13333511352539 0.44375866651535034 -0.24183697998523712 -0.10040559619665146 0.0052375467494130135 0.3560243546962738 0.28963515162467957 0.8884429335594177
47.16666793823242 0.45793914794921875 -0.2409067004919052 -0.09615672379732132 0.0005712524289265275 0.3593783676624298 0.2930103540420532 0.8859977126121521
47.20000076293945 0.4723149240016937 -0.23861819505691528 -0.0925898477435112 -0.001586885773576796 0.3606128394603729 0.2970881164073944 0.8841349482536316
47.233333587646484 0.48664751648902893 -0.23642688989639282 -0.08799123764038086 -0.0039040283299982548 0.36241859197616577 0.30039742588996887 0.8822692632675171
47.266666412353516 0.5001038908958435 -0.23678579926490784 -0.08360780030488968 -0.00871649943292141 0.3662646412849426 0.3036600947380066 0.8795253038406372
47.29999923706055 0.514377772808075 -0.23644518852233887 -0.07937199622392654 -0.011936474591493607 0.36818477511405945 0.30591800808906555 0.8779019117355347
47.33333206176758 0.5224457383155823 -0.23357483744621277 -0.07568231225013733 -0.013311260379850864 0.370484858751297 0.30614474415779114 0.8768348097801208
47.36666488647461 0.532241702079773 -0.23230761289596558 -0.07190749794244766 -0.01810264214873314 0.37392643094062805 0.30635613203048706 0.8752127289772034
47.400001525878906 0.5420181155204773 -0.2306184321641922 -0.06735780090093613 -0.022412355989217758 0.37624886631965637 0.3079274594783783 0.8735646605491638
47.43333435058594 0.554690420627594 -0.2282768338918686 -0.06312908977270126 -0.025542356073856354 0.37610873579978943 0.3097253143787384 0.8729031682014465
47.46666717529297 0.5642781853675842 -0.2255791872739792 -0.05798846855759621 -0.029002683237195015 0.3782939910888672 0.31116023659706116 0.8713391423225403
47.5 0.5798720121383667 -0.22158078849315643 -0.053706731647253036 -0.030668480321764946 0.38117551803588867 0.3157922029495239 0.8683547377586365
47.53333282470703 0.5893374085426331 -0.2197273224592209 -0.048202045261859894 -0.033567316830158234 0.3825744390487671 0.3174222707748413 0.8670369982719421
47.56666564941406 0.6003504991531372 -0.21652165055274963 -0.043343327939510345 -0.03687933087348938 0.3852435052394867 0.3192605972290039 0.8650434017181396
47.599998474121094 0.6098505854606628 -0.21417072415351868 -0.03871171176433563 -0.042473454028367996 0.38941049575805664 0.3212703466415405 0.8621721267700195
47.63333511352539 0.6194677352905273 -0.21178770065307617 -0.03399764373898506 -0.04779389128088951 0.3912179470062256 0.32297587394714355 0.8604364991188049
47.66666793823242 0.6284647583961487 -0.2090441733598709 -0.030171014368534088 -0.051223065704107285 0.39265355467796326 0.3243293762207031 0.8590750694274902
47.70000076293945 0.6389133334159851 -0.2056708037853241 -0.025268901139497757 -0.05416802316904068 0.39565563201904297 0.326533704996109 0.8566786646842957
47.733333587646484 0.6478115320205688 -0.20358067750930786 -0.020876364782452583 -0.057960767298936844 0.39795663952827454 0.3283844590187073 0.8546547889709473
47.766666412353516 0.6561203002929688 -0.20052610337734222 -0.016202647238969803 -0.061149727553129196 0.400924414396286 0.3290892541408539 0.8527723550796509
47.79999923706055 0.6640567183494568 -0.1982146054506302 -0.012122411280870438 -0.06364958733320236 0.4012387990951538 0.329750120639801 0.8521860241889954
47.83333206176758 0.6714761853218079 -0.19621415436267853 -0.009933846071362495 -0.06543097645044327 0.39932316541671753 0.33147871494293213 0.8522803783416748
47.86666488647461 0.6787497997283936 -0.19397364556789398 -0.006858421489596367 -0.0679411068558693 0.3994922637939453 0.3324766159057617 0.8516156673431396
47.900001525878906 0.6862743496894836 -0.19113889336585999 -0.0017479449743404984 -0.07050962001085281 0.40119457244873047 0.3330882787704468 0.8503667116165161
47.93333435058594 0.6925315260887146 -0.1887671947479248 0.0037352910730987787 -0.0733318105340004 0.4017646312713623 0.33434024453163147 0.8493670225143433
47.96666717529297 0.6988518238067627 -0.1870776116847992 0.008655049838125706 -0.07645238935947418 0.40191394090652466 0.33505454659461975 0.8487395644187927
48.0 0.7042194604873657 -0.1846638023853302 0.01371589582413435 -0.07993937283754349 0.40315502882003784 0.33619314432144165 0.8473782539367676
48.03333282470703 0.7095679640769958 -0.1820428967475891 0.019133858382701874 -0.08317704498767853 0.40347203612327576 0.33759552240371704 0.8463576436042786
48.06666564941406 0.7140170335769653 -0.1797124445438385 0.023162217810750008 -0.08671542257070541 0.4030219614505768 0.33857786655426025 0.8458243608474731
48.099998474121094 0.7196947932243347 -0.17691579461097717 0.028663530945777893 -0.09168991446495056 0.404726505279541 0.3404254615306854 0.8437415957450867
48.13333511352539 0.7259969711303711 -0.17375558614730835 0.03297742083668709 -0.097318634390831 0.404965341091156 0.34247586131095886 0.8421654105186462
48.16666793823242 0.7308365106582642 -0.16998626291751862 0.036612898111343384 -0.10205551981925964 0.40785402059555054 0.3430599570274353 0.839970052242279
48.20000076293945 0.735840380191803 -0.16736488044261932 0.04156218841671944 -0.10934293270111084 0.4124482274055481 0.345498651266098 0.8357997536659241
48.233333587646484 0.7403112053871155 -0.16302452981472015 0.0444643497467041 -0.11497955024242401 0.41385287046432495 0.34932181239128113 0.8327543139457703
48.266666412353516 0.7461029291152954 -0.15812748670578003 0.04881923645734787 -0.11867896467447281 0.41447484493255615 0.3529690206050873 0.8303847908973694
48.29999923706055 0.7501900792121887 -0.1545032262802124 0.05366794392466545 -0.12199608236551285 0.41497838497161865 0.35565119981765747 0.8285059928894043
48.33333206176758 0.7541208863258362 -0.15052872896194458 0.056250933557748795 -0.12500493228435516 0.4139333963394165 0.3589668571949005 0.8271491527557373
48.36666488647461 0.7584605813026428 -0.14715002477169037 0.05962074548006058 -0.1286998987197876 0.4136123061180115 0.3615785837173462 0.8256041407585144
48.400001525878906 0.7627632021903992 -0.1428413987159729 0.061601024121046066 -0.13159404695034027 0.4131010174751282 0.3636082112789154 0.8245118260383606
48.43333435058594 0.7677817344665527 -0.13829074800014496 0.064598947763443 -0.13485822081565857 0.4135839343070984 0.3661193251609802 0.822628915309906
48.46666717529297 0.7724156975746155 -0.13488566875457764 0.06617766618728638 -0.13806001842021942 0.4127592444419861 0.37006473541259766 0.8207444548606873
48.5 0.7784634232521057 -0.12963047623634338 0.07390325516462326 -0.14015619456768036 0.41593512892723083 0.3722374737262726 0.8177979588508606
48.53333282470703 0.7830730676651001 -0.12615256011486053 0.07525802403688431 -0.1434885710477829 0.4161587655544281 0.3759438991546631 0.8154073357582092
48.56666564941406 0.7876718044281006 -0.12264006584882736 0.07597070932388306 -0.14650769531726837 0.4165917932987213 0.3796023428440094 0.8129507899284363
48.599998474121094 0.7912986874580383 -0.11931353062391281 0.07593506574630737 -0.14790600538253784 0.41654708981513977 0.38119903206825256 0.8119726181030273
48.63333511352539 0.7954360246658325 -0.11562492698431015 0.07639842480421066 -0.151061549782753 0.4178483784198761 0.3837868273258209 0.8095002770423889
48.66666793823242 0.7993263006210327 -0.1118866428732872 0.07624029368162155 -0.15447184443473816 0.41867393255233765 0.3864291310310364 0.8071699142456055
48.70000076293945 0.803074061870575 -0.1080503985285759 0.0760665014386177 -0.15856517851352692 0.4187096357345581 0.3884567618370056 0.8053823709487915
48.733333587646484 0.8064954280853271 -0.10414452850818634 0.07689087837934494 -0.16322433948516846 0.419101357460022 0.3915035128593445 0.802768349647522
48.766666412353516 0.8093762993812561 -0.09964420646429062 0.07744565606117249 -0.16607727110385895 0.4170933961868286 0.3948529064655304 0.8015876412391663
48.79999923706055 0.8115053772926331 -0.0956546738743782 0.07803958654403687 -0.16922299563884735 0.41594117879867554 0.3976326882839203 0.8001530170440674
48.83333206176758 0.8130955696105957 -0.09206262975931168 0.07871303707361221 -0.17295391857624054 0.4145326316356659 0.39995577931404114 0.798927366733551
48.86666488647461 0.8141969442367554 -0.088390052318573 0.08023849129676819 -0.17608608305454254 0.41188845038414 0.4017331004142761 0.7987191081047058
48.900001525878906 0.815650224685669 -0.08603820204734802 0.08289890736341476 -0.1800907850265503 0.40912702679634094 0.4034779667854309 0.7983658313751221
48.93333435058594 0.8169334530830383 -0.08424504101276398 0.0841594710946083 -0.18409308791160583 0.4063490331172943 0.4052622318267822 0.7979679107666016
48.96666717529297 0.8173739910125732 -0.08154724538326263 0.08566251397132874 -0.18781663477420807 0.4044136106967926 0.40671274065971375 0.7973452210426331
49.0 0.818852961063385 -0.07874739915132523 0.08792503923177719 -0.19284111261367798 0.4025263786315918 0.4085729420185089 0.7961487770080566
49.03333282470703 0.8194961547851562 -0.07467874139547348 0.0898020938038826 -0.19731774926185608 0.3987812399864197 0.41216176748275757 0.795086145401001
49.06666564941406 0.820845901966095 -0.07102061808109283 0.09191451221704483 -0.20360122621059418 0.39514225721359253 0.4172196388244629 0.792677104473114
49.099998474121094 0.8209651708602905 -0.06556381285190582 0.09518519788980484 -0.208536297082901 0.39273929595947266 0.4212055504322052 0.7904773950576782
49.13333511352539 0.8211808204650879 -0.05942463129758835 0.09772436320781708 -0.2137550264596939 0.38887980580329895 0.4258376359939575 0.7885072827339172
49.16666793823242 0.8214106559753418 -0.054715897887945175 0.10032222419977188 -0.21794085204601288 0.3842386305332184 0.43029236793518066 0.7872171401977539
49.20000076293945 0.8210544586181641 -0.0499553345143795 0.1017889603972435 -0.21792438626289368 0.3788295090198517 0.4329582750797272 0.7883808016777039
49.233333587646484 0.8197857737541199 -0.04547308757901192 0.10269875824451447 -0.2188219428062439 0.3765990436077118 0.4336341619491577 0.7888292670249939
49.266666412353516 0.8193708658218384 -0.04247714951634407 0.1049312949180603 -0.22277924418449402 0.3772253096103668 0.4350879490375519 0.786618709564209
49.29999923706055 0.8202576637268066 -0.03856386989355087 0.1056789979338646 -0.2274564653635025 0.37510648369789124 0.4367430806159973 0.78537517786026
49.33333206176758 0.8202911615371704 -0.03174647316336632 0.1048169881105423 -0.22791071236133575 0.37255963683128357 0.4394317865371704 0.7849559783935547
49.36666488647461 0.8204570412635803 -0.027566630393266678 0.1053774356842041 -0.2295941859483719 0.3708239793777466 0.441458135843277 0.7841497659683228
49.400001525878906 0.8211816549301147 -0.023943424224853516 0.10524681210517883 -0.23090270161628723 0.3691766858100891 0.44337305426597595 0.7834621667861938
49.43333435058594 0.8212078809738159 -0.023198623210191727 0.11071386188268661 -0.23594233393669128 0.3726980686187744 0.4422689974308014 0.7809132933616638
49.46666717529297 0.8219415545463562 -0.022084079682826996 0.11171162873506546 -0.23823457956314087 0.372474730014801 0.4429406523704529 0.7799426913261414
49.5 0.8210365176200867 -0.020508555695414543 0.11230817437171936 -0.2388436198234558 0.37415623664855957 0.4422132968902588 0.7793640494346619
49.53333282470703 0.8213773965835571 -0.01868302747607231 0.11182083934545517 -0.23937766253948212 0.37426480650901794 0.442190021276474 0.779161274433136
49.56666564941406 0.821419358253479 -0.018054356798529625 0.11133485287427902 -0.2390338033437729 0.37374359369277954 0.4420258104801178 0.7796100974082947
49.599998474121094 0.8209313154220581 -0.017968328669667244 0.111361563205719 -0.23880434036254883 0.3742299973964691 0.44073960185050964 0.7801750302314758
49.63333511352539 0.8205627799034119 -0.018114253878593445 0.1104949563741684 -0.23840557038784027 0.3756612241268158 0.43957972526550293 0.7802634239196777
49.66666793823242 0.820530354976654 -0.018345410004258156 0.1098327562212944 -0.2381930649280548 0.37601637840270996 0.4390021860599518 0.7804824709892273
49.70000076293945 0.8198593258857727 -0.018467353656888008 0.10948686301708221 -0.23805935680866241 0.37570858001708984 0.4385378956794739 0.7809324264526367
49.733333587646484 0.8190966844558716 -0.018504532054066658 0.10895366221666336 -0.23778443038463593 0.37650951743125916 0.43840014934539795 0.780707597732544
49.766666412353516 0.8186766505241394 -0.018727734684944153 0.10894226282835007 -0.23859632015228271 0.3769102394580841 0.43839937448501587 0.7802668809890747
49.79999923706055 0.8180352449417114 -0.018260294571518898 0.10944553464651108 -0.23910416662693024 0.3771144151687622 0.4386158585548401 0.7798910737037659
49.83333206176758 0.8173343539237976 -0.016877468675374985 0.10948091745376587 -0.23847824335098267 0.37573006749153137 0.4394993484020233 0.7802534699440002
49.86666488647461 0.8163133263587952 -0.015621268190443516 0.11006192117929459 -0.23785071074962616 0.3743879497051239 0.4404573440551758 0.7805498838424683
49.900001525878906 0.8167003989219666 -0.014073455706238747 0.11016912013292313 -0.23771239817142487 0.3726339042186737 0.44156593084335327 0.7808048725128174
49.93333435058594 0.8167088031768799 -0.013321145437657833 0.11053057014942169 -0.23698003590106964 0.3712041974067688 0.4415532350540161 0.7817152738571167
49.96666717529297 0.8168114423751831 -0.012796299532055855 0.11160598695278168 -0.23616939783096313 0.3705344796180725 0.44087016582489014 0.7826632857322693
50.0 0.8169666528701782 -0.012152599170804024 0.11165998876094818 -0.2363312989473343 0.37030550837516785 0.43974801898002625 0.7833538055419922
50.03333282470703 0.8178235292434692 -0.011470552533864975 0.11168163269758224 -0.23621588945388794 0.3698643445968628 0.4395051896572113 0.783733069896698
50.06666564941406 0.8178314566612244 -0.01064286008477211 0.11219265311956406 -0.23602525889873505 0.37058281898498535 0.4390835464000702 0.7836874723434448
50.099998474121094 0.8187569379806519 -0.009401435032486916 0.1125907227396965 -0.23760949075222015 0.3720930814743042 0.4387427270412445 0.7826833724975586
50.13333511352539 0.819300651550293 -0.008786085061728954 0.1133127212524414 -0.2392224669456482 0.37389177083969116 0.43869882822036743 0.7813583612442017
50.16666793823242 0.8195120096206665 -0.007526221219450235 0.1139122024178505 -0.24005991220474243 0.375458687543869 0.4390775263309479 0.7801364064216614
50.20000076293945 0.8208635449409485 -0.007142886985093355 0.11370115727186203 -0.2408779412508011 0.3746684193611145 0.4402619004249573 0.7795966863632202
50.233333587646484 0.8206280469894409 -0.007659363094717264 0.11388381570577621 -0.2403155118227005 0.37549737095832825 0.43962156772613525 0.7797327637672424
50.266666412353516 0.8203350305557251 -0.008178036659955978 0.11429783701896667 -0.2403337061405182 0.3766041696071625 0.43886879086494446 0.779617428779602
50.29999923706055 0.8199406266212463 -0.008500823751091957 0.11428248137235641 -0.23998704552650452 0.3768199384212494 0.4388667047023773 0.7796210646629333
50.33333206176758 0.8193300366401672 -0.00891386903822422 0.1146862581372261 -0.24006447196006775 0.3772676885128021 0.4378463625907898 0.7799543738365173
50.36666488647461 0.8184639811515808 -0.008848131634294987 0.11435950547456741 -0.23894433677196503 0.3772185742855072 0.4372916519641876 0.7806329727172852
50.400001525878906 0.8184643983840942 -0.009708825498819351 0.11457515507936478 -0.23937930166721344 0.37679651379585266 0.43764978647232056 0.7805028557777405
50.43333435058594 0.8185439705848694 -0.009518208913505077 0.11362891644239426 -0.23886358737945557 0.3755086362361908 0.4384104907512665 0.7808545231819153
50.46666717529297 0.8173851370811462 -0.009695904329419136 0.11253960430622101 -0.23775677382946014 0.37503546476364136 0.4391583204269409 0.7809995412826538
50.5 0.8165529370307922 -0.010607503354549408 0.11197616159915924 -0.23697391152381897 0.37592098116874695 0.4383545219898224 0.7812632322311401
50.53333282470703 0.8167594075202942 -0.011794574558734894 0.11048022657632828 -0.236199751496315 0.37463489174842834 0.4394817352294922 0.7814819812774658
50.56666564941406 0.8153246641159058 -0.013204074464738369 0.10906997323036194 -0.2346607744693756 0.37449729442596436 0.4393205940723419 0.7821019291877747
50.599998474121094 0.8141553401947021 -0.015165221877396107 0.1078999862074852 -0.23342770338058472 0.3749135434627533 0.43877604603767395 0.7825771570205688
50.63333511352539 0.8123600482940674 -0.017358746379613876 0.10672406107187271 -0.23066842555999756 0.3753970265388489 0.43853437900543213 0.783298671245575
50.66666793823242 0.8100731372833252 -0.02002454176545143 0.10513394325971603 -0.22619840502738953 0.3759134113788605 0.43873316049575806 0.7842428088188171
50.70000076293945 0.8082376718521118 -0.023965034633874893 0.10346521437168121 -0.22455139458179474 0.3782057762145996 0.4367564022541046 0.7847170233726501
50.733333587646484 0.8050401210784912 -0.02699526771903038 0.10039160400629044 -0.22185061872005463 0.3806377649307251 0.4341008961200714 0.7857821583747864
50.766666412353516 0.8021218776702881 -0.03057119809091091 0.0973137840628624 -0.21822211146354675 0.3825650215148926 0.43191251158714294 0.7870672345161438
50.79999923706055 0.7986205220222473 -0.03456199914216995 0.09348864108324051 -0.21395465731620789 0.3843950629234314 0.42966875433921814 0.788573682308197
50.83333206176758 0.7960851788520813 -0.03816867247223854 0.09005223959684372 -0.2111906111240387 0.3868587613105774 0.4280206561088562 0.7890101671218872
50.86666488647461 0.7924572229385376 -0.041707009077072144 0.08626309782266617 -0.20802178978919983 0.38945484161376953 0.4257303774356842 0.7898135185241699
50.900001525878906 0.7895026206970215 -0.046093374490737915 0.08116938173770905 -0.2055598646402359 0.3900337815284729 0.42421218752861023 0.7909884452819824
50.93333435058594 0.7855234146118164 -0.048584725707769394 0.07610182464122772 -0.20196223258972168 0.39220380783081055 0.42144954204559326 0.7923179864883423
50.96666717529297 0.7820543050765991 -0.05145348235964775 0.07090745866298676 -0.1981806457042694 0.3947458863258362 0.4192953109741211 0.793152928352356
51.0 0.7771648168563843 -0.05366808548569679 0.0683940052986145 -0.19500549137592316 0.39868417382240295 0.41715049743652344 0.7931010127067566
51.03333282470703 0.7724609971046448 -0.05534026771783829 0.06435082107782364 -0.19208629429340363 0.4010479748249054 0.4159858524799347 0.793233335018158
51.06666564941406 0.76756751537323 -0.05604281276464462 0.058465030044317245 -0.1868036836385727 0.40257835388183594 0.4149395823478699 0.7942669987678528
51.099998474121094 0.7620775699615479 -0.05797284469008446 0.05356646701693535 -0.18319663405418396 0.40516072511672974 0.41332894563674927 0.7946339845657349
51.13333511352539 0.7568992972373962 -0.057895880192518234 0.04830295592546463 -0.17808683216571808 0.4067058861255646 0.4109005033969879 0.7962638735771179
51.16666793823242 0.751304566860199 -0.06023027002811432 0.044477127492427826 -0.17528700828552246 0.4116764962673187 0.4071836471557617 0.7962401509284973
51.20000076293945 0.7452868223190308 -0.0592503547668457 0.03772199898958206 -0.1696818619966507 0.4158291518688202 0.40259331464767456 0.7976295351982117
51.233333587646484 0.7408544421195984 -0.06152689456939697 0.0340568982064724 -0.16594907641410828 0.41949906945228577 0.39988312125205994 0.7978565692901611
51.266666412353516 0.7340502142906189 -0.06409547477960587 0.027751002460718155 -0.15918636322021484 0.4199236035346985 0.3962758779525757 0.8008053302764893
51.29999923706055 0.7292365431785583 -0.06856320798397064 0.02259594388306141 -0.15562260150909424 0.4210887849330902 0.3924030065536499 0.8027987480163574
51.33333206176758 0.7199258804321289 -0.06908682733774185 0.017287446185946465 -0.14769920706748962 0.42442426085472107 0.3863687217235565 0.8054615259170532
51.36666488647461 0.715365469455719 -0.07222168147563934 0.012709168717265129 -0.14384792745113373 0.4260720908641815 0.38212695717811584 0.8073098659515381
51.400001525878906 0.7096614837646484 -0.07808727025985718 0.01043775212019682 -0.14211273193359375 0.4300108551979065 0.377819687128067 0.8075562119483948
51.43333435058594 0.7037835121154785 -0.08105117827653885 0.006689743138849735 -0.1383441835641861 0.4338383674621582 0.3736826479434967 0.8080881834030151
51.46666717529297 0.6970657110214233 -0.08273801952600479 0.0008144121384248137 -0.13387371599674225 0.43642458319664 0.369270920753479 0.8094754815101624
51.5 0.6873780488967896 -0.08361313492059708 -0.004628182388842106 -0.127675861120224 0.44044652581214905 0.36403557658195496 0.8106687068939209
51.53333282470703 0.6843471527099609 -0.0872139111161232 -0.010980122722685337 -0.12650980055332184 0.44115889072418213 0.3609776794910431 0.8118308186531067
51.56666564941406 0.6788535714149475 -0.0909585952758789 -0.015345624648034573 -0.12369600683450699 0.44338732957839966 0.3583659529685974 0.8122074604034424
51.599998474121094 0.6727129220962524 -0.09448035806417465 -0.019987963140010834 -0.12220769375562668 0.4461961090564728 0.35411536693573 0.8127585649490356
51.63333511352539 0.6674349904060364 -0.09776771813631058 -0.025284165516495705 -0.12070360034704208 0.44980141520500183 0.3499150574207306 0.8128154277801514
51.66666793823242 0.6618708968162537 -0.10006826370954514 -0.03055964969098568 -0.11958617717027664 0.45536932349205017 0.34468746185302734 0.8121136426925659
51.70000076293945 0.6569527983665466 -0.10223964601755142 -0.03593913093209267 -0.11930965632200241 0.4612153470516205 0.3394629657268524 0.8110552430152893
51.733333587646484 0.6520073413848877 -0.10506367683410645 -0.04183456301689148 -0.11902543902397156 0.4670009911060333 0.3346709609031677 0.8097767233848572
51.766666412353516 0.6468384265899658 -0.1082293838262558 -0.04688401147723198 -0.11698836833238602 0.47321444749832153 0.32955238223075867 0.8085647821426392
51.79999923706055 0.641536295413971 -0.11036665737628937 -0.05476434901356697 -0.113827645778656 0.47731730341911316 0.3243921995162964 0.8086910843849182
51.83333206176758 0.637059211730957 -0.11336735635995865 -0.05981622636318207 -0.11316446959972382 0.4828495383262634 0.32009807229042053 0.8072096705436707
51.86666488647461 0.6328873634338379 -0.1140100285410881 -0.06570880115032196 -0.11143948882818222 0.48773297667503357 0.31625670194625854 0.8060269951820374
51.900001525878906 0.628722071647644 -0.11620038747787476 -0.07069534808397293 -0.1102943941950798 0.49223265051841736 0.3120719790458679 0.8050796389579773
51.93333435058594 0.6252844929695129 -0.12133805453777313 -0.07411915808916092 -0.11062170565128326 0.496235191822052 0.30798962712287903 0.8041490912437439
51.96666717529297 0.6218655109405518 -0.12434619665145874 -0.07865562289953232 -0.10884596407413483 0.4990960955619812 0.30482879281044006 0.803825318813324
52.0 0.6197080016136169 -0.13020139932632446 -0.08083043247461319 -0.10941193997859955 0.5022801756858826 0.3029729425907135 0.802465558052063
52.03333282470703 0.616900622844696 -0.13229113817214966 -0.08513770997524261 -0.10575645416975021 0.5031192898750305 0.30174335837364197 0.8028931617736816
52.06666564941406 0.6151739358901978 -0.13531705737113953 -0.08902198076248169 -0.10239099711179733 0.5039455890655518 0.301252156496048 0.8029957413673401
52.099998474121094 0.6147218346595764 -0.13813301920890808 -0.09368154406547546 -0.09918367862701416 0.5043015480041504 0.3016541600227356 0.8030238151550293
52.13333511352539 0.6149685978889465 -0.14208750426769257 -0.09837382286787033 -0.0975988358259201 0.5046705007553101 0.3030151128768921 0.8024736642837524
52.16666793823242 0.6169251799583435 -0.14648890495300293 -0.10340336710214615 -0.09702745825052261 0.5054852962493896 0.3050207793712616 0.8012694716453552
52.20000076293945 0.6192458271980286 -0.15049375593662262 -0.10874413698911667 -0.09616396576166153 0.5071668028831482 0.30578190088272095 0.8000198006629944
52.233333587646484 0.620471179485321 -0.15418221056461334 -0.11277195811271667 -0.09498023241758347 0.5113356113433838 0.3051943778991699 0.7977285981178284
52.266666412353516 0.6235764622688293 -0.15592646598815918 -0.11877624690532684 -0.09232088923454285 0.513664722442627 0.3057544231414795 0.7963288426399231
52.29999923706055 0.6278395056724548 -0.1607016772031784 -0.12683896720409393 -0.09093932807445526 0.5145078301429749 0.30783581733703613 0.7951408624649048
52.33333206176758 0.632161021232605 -0.16289022564888 -0.13166837394237518 -0.08832646161317825 0.5173336863517761 0.3094852566719055 0.7929584383964539
52.36666488647461 0.6383681297302246 -0.16788096725940704 -0.13882647454738617 -0.08669179677963257 0.5191779732704163 0.311235636472702 0.7912465333938599
52.400001525878906 0.6426745653152466 -0.17086730897426605 -0.14328108727931976 -0.08384941518306732 0.5222507119178772 0.31260278820991516 0.7889885902404785
52.43333435058594 0.6504637598991394 -0.1740177720785141 -0.15130090713500977 -0.08371100574731827 0.5229650735855103 0.31526291370391846 0.7874701023101807
52.46666717529297 0.6586083173751831 -0.17315563559532166 -0.15866617858409882 -0.08151219040155411 0.5253952145576477 0.3186758756637573 0.7847045660018921
52.5 0.6655870676040649 -0.174714133143425 -0.16330961883068085 -0.08041610568761826 0.5298560261726379 0.3216569125652313 0.7805911898612976
52.53333282470703 0.6767107844352722 -0.17869329452514648 -0.171471506357193 -0.08165105432271957 0.5307267308235168 0.3250553607940674 0.7784609198570251
52.56666564941406 0.6862403154373169 -0.17955754697322845 -0.17873768508434296 -0.08047471195459366 0.5327422618865967 0.3284578323364258 0.775773823261261
52.599998474121094 0.6964946389198303 -0.17704454064369202 -0.1859336793422699 -0.07809914648532867 0.5347821116447449 0.3328867554664612 0.7727192044258118
52.63333511352539 0.7045734524726868 -0.17395980656147003 -0.19226045906543732 -0.07578739523887634 0.5380074381828308 0.3361250162124634 0.769301176071167
52.66666793823242 0.7141692638397217 -0.17322103679180145 -0.1969134658575058 -0.07572969049215317 0.54090815782547 0.3385995328426361 0.766181230545044
52.70000076293945 0.7242419123649597 -0.17384018003940582 -0.2038285881280899 -0.07748854905366898 0.5442239046096802 0.3398563265800476 0.7630947828292847
52.733333587646484 0.7342028021812439 -0.17458966374397278 -0.20778092741966248 -0.07964947819709778 0.5473638772964478 0.3422915041446686 0.759529709815979
52.766666412353516 0.7425910234451294 -0.17507021129131317 -0.211740642786026 -0.07923944294452667 0.5475444793701172 0.3463520407676697 0.7575990557670593
52.79999923706055 0.7513496279716492 -0.17597094178199768 -0.21471010148525238 -0.07813998311758041 0.5470269918441772 0.35023030638694763 0.7563031315803528
52.83333206176758 0.7588635683059692 -0.1763003170490265 -0.21886131167411804 -0.07857376337051392 0.5487492680549622 0.3528045117855072 0.7538098096847534
52.86666488647461 0.769580602645874 -0.17635393142700195 -0.2229916751384735 -0.08101269602775574 0.5507435202598572 0.35617947578430176 0.7505030035972595
52.900001525878906 0.7790835499763489 -0.1753918081521988 -0.22510994970798492 -0.08350393176078796 0.5506716966629028 0.36045223474502563 0.748239278793335
52.93333435058594 0.7870738506317139 -0.17365562915802002 -0.2263614684343338 -0.08467140793800354 0.5500204563140869 0.36440733075141907 0.7466696500778198
52.96666717529297 0.7950699925422668 -0.1711607277393341 -0.22729317843914032 -0.08624371141195297 0.5499461889266968 0.367912620306015 0.744823157787323
53.0 0.8045886158943176 -0.16892972588539124 -0.22835099697113037 -0.08849547803401947 0.5508719086647034 0.3698018789291382 0.7429370284080505
53.03333282470703 0.8116480112075806 -0.16599711775779724 -0.22809575498104095 -0.09128277003765106 0.551967978477478 0.37082695960998535 0.7412734031677246
53.06666564941406 0.8197184801101685 -0.16264773905277252 -0.2276666909456253 -0.0934080258011818 0.5514776706695557 0.3733028471469879 0.7401299476623535
53.099998474121094 0.8262627124786377 -0.1594541370868683 -0.22618621587753296 -0.09485390782356262 0.5510698556900024 0.3744276463985443 0.7396815419197083
53.13333511352539 0.836300253868103 -0.15578311681747437 -0.22535347938537598 -0.09702566266059875 0.5506696105003357 0.37630924582481384 0.738742470741272
53.16666793823242 0.8435696959495544 -0.15233510732650757 -0.22372686862945557 -0.09789004921913147 0.5505636930465698 0.37805747985839844 0.7378141283988953
53.20000076293945 0.8543946146965027 -0.15038436651229858 -0.22243742644786835 -0.09937061369419098 0.5507232546806335 0.3790006935596466 0.7370128035545349
53.233333587646484 0.8621776103973389 -0.14829453825950623 -0.22047820687294006 -0.10251636803150177 0.5517431497573853 0.3788718581199646 0.7358844876289368
53.266666412353516 0.8712549209594727 -0.1477217823266983 -0.21911345422267914 -0.10634741932153702 0.5541017055511475 0.37777841091156006 0.7341287136077881
53.29999923706055 0.8796435594558716 -0.1469266712665558 -0.21776697039604187 -0.10843154042959213 0.5558302998542786 0.37708166241645813 0.73287433385849
53.33333206176758 0.8888020515441895 -0.1460096836090088 -0.2161150574684143 -0.11073838174343109 0.5553329586982727 0.3790780007839203 0.7318758368492126
53.36666488647461 0.8974180817604065 -0.14470626413822174 -0.21526649594306946 -0.11128684133291245 0.5539069771766663 0.38241472840309143 0.7311370372772217
53.400001525878906 0.9049137830734253 -0.1425546109676361 -0.21418660879135132 -0.1114385575056076 0.5525750517845154 0.38559114933013916 0.7304531335830688
53.43333435058594 0.9141350984573364 -0.14042234420776367 -0.214021697640419 -0.11464633047580719 0.5521227121353149 0.38910993933677673 0.7284300327301025
53.46666717529297 0.9253233075141907 -0.13783876597881317 -0.214777410030365 -0.11749589443206787 0.5534534454345703 0.3922751545906067 0.7252615094184875
53.5 0.9358686804771423 -0.1358344703912735 -0.21605093777179718 -0.12040544301271439 0.5539183020591736 0.3956483006477356 0.722592294216156
53.53333282470703 0.9443833827972412 -0.13197964429855347 -0.217738077044487 -0.12158571928739548 0.554068386554718 0.3993884027004242 0.7202180624008179
53.56666564941406 0.9520055055618286 -0.12852424383163452 -0.21948903799057007 -0.12283030897378922 0.5541564226150513 0.4035118520259857 0.7176361680030823
53.599998474121094 0.9626562595367432 -0.12402839958667755 -0.22177056968212128 -0.12486075609922409 0.5539216995239258 0.4085259735584259 0.7146236896514893
53.63333511352539 0.9876334071159363 -0.11709236353635788 -0.22450809180736542 -0.1295240819454193 0.5536606311798096 0.41472724080085754 0.7104117274284363
53.66666793823242 0.9990024566650391 -0.11050131916999817 -0.22558484971523285 -0.13210910558700562 0.5531622767448425 0.421097069978714 0.7065663933753967
53.70000076293945 1.0089484453201294 -0.10398156940937042 -0.2267308384180069 -0.13368137180805206 0.5511577129364014 0.42797502875328064 0.7036986947059631
53.733333587646484 1.0177080631256104 -0.09916876256465912 -0.22758165001869202 -0.13547880947589874 0.5487573742866516 0.4337784945964813 0.7016745209693909
53.766666412353516 1.025649905204773 -0.09293156862258911 -0.22739273309707642 -0.13786600530147552 0.547397255897522 0.43889856338500977 0.6990832686424255
53.79999923706055 1.036177396774292 -0.08685937523841858 -0.22562989592552185 -0.1428810954093933 0.5475184321403503 0.4426703453063965 0.6955944299697876
53.83333206176758 1.0438412427902222 -0.07983306795358658 -0.22301702201366425 -0.14742928743362427 0.5470171570777893 0.4455479383468628 0.6931983828544617
53.86666488647461 1.052386999130249 -0.07411574572324753 -0.21962247788906097 -0.15391357243061066 0.5457404255867004 0.4488946795463562 0.6906312704086304
53.900001525878906 1.061310887336731 -0.06795233488082886 -0.2150745838880539 -0.15922041237354279 0.5452502369880676 0.45198801159858704 0.6877920627593994
53.93333435058594 1.066574215888977 -0.061957791447639465 -0.21158619225025177 -0.163526713848114 0.5435866117477417 0.4546319842338562 0.6863545179367065
53.96666717529297 1.073023796081543 -0.05543779581785202 -0.20793882012367249 -0.1683979481458664 0.5400981903076172 0.4578506350517273 0.6857907772064209
54.0 1.0795589685440063 -0.04917473718523979 -0.20123594999313354 -0.1744665503501892 0.5385911464691162 0.46060195565223694 0.6836130619049072
54.03333282470703 1.0846316814422607 -0.04180438816547394 -0.19570909440517426 -0.17955325543880463 0.5374775528907776 0.4629839360713959 0.6815603375434875
54.06666564941406 1.089475154876709 -0.03449838235974312 -0.19303247332572937 -0.18396906554698944 0.5342501401901245 0.4662092924118042 0.68072110414505
54.099998474121094 1.0932788848876953 -0.02839016728103161 -0.1876325160264969 -0.1877421885728836 0.5320293307304382 0.4683802127838135 0.6799395084381104
54.13333511352539 1.0981464385986328 -0.021619895473122597 -0.18308015167713165 -0.19150274991989136 0.5297788381576538 0.4698764383792877 0.6796154975891113
54.16666793823242 1.100021481513977 -0.01294222567230463 -0.1834733635187149 -0.19332070648670197 0.5257092714309692 0.4702259600162506 0.682015061378479
54.20000076293945 1.1039073467254639 -0.00877015758305788 -0.17873303592205048 -0.19690030813217163 0.5247964262962341 0.47019270062446594 0.6817168593406677
54.233333587646484 1.1065822839736938 -0.00391901982948184 -0.17403766512870789 -0.19816341996192932 0.523062527179718 0.47070547938346863 0.6823292374610901
54.266666412353516 1.110103726387024 -9.732378384796903e-05 -0.16949035227298737 -0.2012537568807602 0.5218974947929382 0.4715113937854767 0.6817602515220642
54.29999923706055 1.1127140522003174 0.004104763735085726 -0.1655983328819275 -0.2033587098121643 0.520746111869812 0.47113046050071716 0.682279109954834
54.33333206176758 1.1153078079223633 0.008248846977949142 -0.1616256684064865 -0.20632457733154297 0.5192415118217468 0.47152912616729736 0.6822600960731506
54.36666488647461 1.1175518035888672 0.012214814312756062 -0.15846319496631622 -0.2087220549583435 0.5175215005874634 0.47306913137435913 0.6817713975906372
54.400001525878906 1.1189649105072021 0.01662306860089302 -0.15430806577205658 -0.2099752426147461 0.5158635377883911 0.4737892746925354 0.6821429133415222
54.43333435058594 1.1209909915924072 0.021018831059336662 -0.15174956619739532 -0.21263387799263 0.5141785740852356 0.4757908582687378 0.6811977028846741
54.46666717529297 1.122524380683899 0.025628242641687393 -0.14855077862739563 -0.21462003886699677 0.5130959749221802 0.4789029657840729 0.6792073845863342
54.5 1.124230980873108 0.029693588614463806 -0.14724284410476685 -0.21462206542491913 0.5096121430397034 0.4818052053451538 0.6797769069671631
54.53333282470703 1.1262309551239014 0.03314509615302086 -0.14526593685150146 -0.21694618463516235 0.5078008770942688 0.483832985162735 0.6789538264274597
54.56666564941406 1.128058910369873 0.03538576140999794 -0.1431182324886322 -0.22030997276306152 0.5078293681144714 0.4854086935520172 0.676720917224884
54.599998474121094 1.1312452554702759 0.03771249204874039 -0.14248715341091156 -0.2227136492729187 0.5047540068626404 0.48748689889907837 0.6767411231994629
54.63333511352539 1.1329963207244873 0.03995019569993019 -0.14022384583950043 -0.22547492384910583 0.5042815208435059 0.48777836561203003 0.6759686470031738
54.66666793823242 1.1345343589782715 0.04270923137664795 -0.13770146667957306 -0.22753086686134338 0.5043571591377258 0.488172709941864 0.6749377846717834
54.70000076293945 1.135773777961731 0.045221325010061264 -0.1356762945652008 -0.22882936894893646 0.503160297870636 0.4887568950653076 0.6749693751335144
54.733333587646484 1.1378586292266846 0.04730354622006416 -0.1348087042570114 -0.23122164607048035 0.5006870627403259 0.48975008726119995 0.6752732396125793
54.766666412353516 1.137982726097107 0.05033011734485626 -0.13300617039203644 -0.23183777928352356 0.5017610788345337 0.48894408345222473 0.6748486757278442
54.79999923706055 1.138397455215454 0.052625708281993866 -0.1316630244255066 -0.23315639793872833 0.5016704797744751 0.4890400171279907 0.6743922233581543
54.83333206176758 1.1390657424926758 0.05452539771795273 -0.13100050389766693 -0.2354876548051834 0.5010556578636169 0.48969683051109314 0.6735620498657227
54.86666488647461 1.139347791671753 0.056889601051807404 -0.1301884949207306 -0.23795059323310852 0.5023974776268005 0.49008283019065857 0.6714128851890564
54.900001525878906 1.1404296159744263 0.05849173665046692 -0.1294744312763214 -0.24062396585941315 0.5020743012428284 0.49180731177330017 0.6694378852844238
54.93333435058594 1.1404951810836792 0.05916542187333107 -0.1285245567560196 -0.24131734669208527 0.5021372437477112 0.4934086799621582 0.667961061000824
54.96666717529297 1.1364920139312744 0.06481387466192245 -0.12828607857227325 -0.23362380266189575 0.5033488273620605 0.4925648272037506 0.6704027652740479
55.0 1.1361194849014282 0.06665649265050888 -0.12812981009483337 -0.23319566249847412 0.5021975636482239 0.49282410740852356 0.6712242364883423
55.03333282470703 1.1369837522506714 0.06642678380012512 -0.12640565633773804 -0.23525452613830566 0.5026796460151672 0.4929543435573578 0.6700482368469238
55.06666564941406 1.1359565258026123 0.067086361348629 -0.12456739693880081 -0.23580528795719147 0.5045723915100098 0.49059170484542847 0.6701659560203552
55.099998474121094 1.1355829238891602 0.06883067637681961 -0.1237715482711792 -0.2361646145582199 0.5045061111450195 0.49004003405570984 0.6704928278923035
55.13333511352539 1.13526451587677 0.07014033943414688 -0.12291036546230316 -0.23676295578479767 0.5047607421875 0.48975858092308044 0.6702958345413208
55.16666793823242 1.1352628469467163 0.07110008597373962 -0.12261565774679184 -0.23716074228286743 0.504640519618988 0.4903484880924225 0.6698142886161804
55.20000076293945 1.1352218389511108 0.07233873009681702 -0.1230059489607811 -0.2368200123310089 0.5036948919296265 0.491756796836853 0.6696140766143799
55.233333587646484 1.1349247694015503 0.07274790108203888 -0.12338162213563919 -0.23629842698574066 0.5040698647499084 0.4919131398200989 0.6694012880325317
55.266666412353516 1.1344234943389893 0.07260031253099442 -0.12378843873739243 -0.23586612939834595 0.5055277943611145 0.49089568853378296 0.6692013144493103
55.29999923706055 1.1343953609466553 0.07183723896741867 -0.12431998550891876 -0.23616789281368256 0.5059065222740173 0.49072593450546265 0.668933093547821
55.33333206176758 1.133794903755188 0.07118814438581467 -0.12478303909301758 -0.23482003808021545 0.5063393115997314 0.49008074402809143 0.6695528030395508
55.36666488647461 1.1335400342941284 0.07042229920625687 -0.12514542043209076 -0.2346106320619583 0.5067280530929565 0.489642471075058 0.6696527004241943
55.400001525878906 1.1329182386398315 0.07033170014619827 -0.12578162550926208 -0.2341393232345581 0.5072730779647827 0.4894155263900757 0.6695709824562073
55.43333435058594 1.1323890686035156 0.06970272958278656 -0.12611061334609985 -0.23434050381183624 0.5077511072158813 0.48910918831825256 0.6693621873855591
55.46666717529297 1.1306071281433105 0.07009793817996979 -0.12684038281440735 -0.23293344676494598 0.5086069107055664 0.48853200674057007 0.669624924659729
55.5 1.1300216913223267 0.06991763412952423 -0.1272924691438675 -0.23268121480941772 0.508448600769043 0.48897165060043335 0.6695119142532349
55.53333282470703 1.128416657447815 0.06977830827236176 -0.12720441818237305 -0.23146571218967438 0.5081462264060974 0.48830604553222656 0.6706476211547852
55.56666564941406 1.1269365549087524 0.06908009946346283 -0.1276455670595169 -0.2306598275899887 0.5080029368400574 0.48854944109916687 0.6708565950393677
55.599998474121094 1.1251107454299927 0.06837312877178192 -0.12873603403568268 -0.22942699491977692 0.5079725980758667 0.4888361990451813 0.6710933446884155
55.63333511352539 1.1229534149169922 0.06707809865474701 -0.12967829406261444 -0.2273741066455841 0.5077180862426758 0.48860687017440796 0.6721509099006653
55.66666793823242 1.1205449104309082 0.06539338827133179 -0.13039979338645935 -0.22603729367256165 0.5085276961326599 0.48787379264831543 0.6725220084190369
55.70000076293945 1.1185879707336426 0.06354866921901703 -0.1313910037279129 -0.22513113915920258 0.5086485743522644 0.4879308342933655 0.672693133354187
55.733333587646484 1.1162829399108887 0.06166933476924896 -0.13227368891239166 -0.2236679494380951 0.5086668729782104 0.48732224106788635 0.6736080050468445
55.766666412353516 1.1140550374984741 0.0595630407333374 -0.13301554322242737 -0.22244751453399658 0.5084118247032166 0.48742279410362244 0.6741317510604858
55.79999923706055 1.1120432615280151 0.05750124529004097 -0.1337062418460846 -0.22114872932434082 0.5079734921455383 0.48778092861175537 0.6746302843093872
55.83333206176758 1.1097049713134766 0.05519556254148483 -0.13454316556453705 -0.21944107115268707 0.5081318020820618 0.4879356026649475 0.6749567985534668
55.86666488647461 1.10711669921875 0.052441611886024475 -0.1359422206878662 -0.21810384094715118 0.5078787207603455 0.48750436305999756 0.6758915781974792
55.900001525878906 1.1045368909835815 0.049636367708444595 -0.13723230361938477 -0.21696163713932037 0.5082709789276123 0.4867931306362152 0.6764767169952393
55.93333435058594 1.1017048358917236 0.04648153483867645 -0.13934765756130219 -0.2156459093093872 0.5089497566223145 0.4860982298851013 0.6768866777420044
55.96666717529297 1.098556399345398 0.04341542348265648 -0.14131371676921844 -0.21410730481147766 0.5095303654670715 0.4857969284057617 0.6771546006202698
56.0 1.09551203250885 0.04030609875917435 -0.14325228333473206 -0.21270376443862915 0.5103123784065247 0.4854719638824463 0.6772409677505493
56.03333282470703 1.0921626091003418 0.037042371928691864 -0.145559623837471 -0.21089667081832886 0.5105912685394287 0.48535069823265076 0.6776828169822693
56.06666564941406 1.0888432264328003 0.03297805041074753 -0.14780613780021667 -0.2092389315366745 0.5106080770492554 0.4853585958480835 0.678178071975708
56.099998474121094 1.0848820209503174 0.029745331034064293 -0.14927764236927032 -0.20647978782653809 0.5106965899467468 0.4854969382286072 0.6788578033447266
56.13333511352539 1.0810668468475342 0.02573748305439949 -0.1498839557170868 -0.20515601336956024 0.5109682083129883 0.4856739342212677 0.678928017616272
56.16666793823242 1.0768399238586426 0.020055297762155533 -0.15021857619285583 -0.2043967992067337 0.5124606490135193 0.4854002296924591 0.6782276034355164
56.20000076293945 1.0713818073272705 0.01485428400337696 -0.15007756650447845 -0.20164814591407776 0.5136927366256714 0.4835171401500702 0.6794623732566833
56.233333587646484 1.0664790868759155 0.009138821624219418 -0.15155620872974396 -0.1993366926908493 0.5127456188201904 0.4816504120826721 0.6821801662445068
56.266666412353516 1.0602718591690063 0.004076820332556963 -0.15049853920936584 -0.1977175921201706 0.5141170620918274 0.4769423305988312 0.6849215626716614
56.29999923706055 1.0543875694274902 -0.0019013287965208292 -0.14900441467761993 -0.1973492056131363 0.5149205327033997 0.4736916124820709 0.6866778135299683
56.33333206176758 1.0483750104904175 -0.008145937696099281 -0.14737454056739807 -0.19627447426319122 0.5151295065879822 0.47086602449417114 0.6887692809104919
56.36666488647461 1.0412962436676025 -0.013525576330721378 -0.14655016362667084 -0.19356481730937958 0.5145297050476074 0.46790221333503723 0.691996693611145
56.400001525878906 1.033446192741394 -0.019455228000879288 -0.14584222435951233 -0.1918933242559433 0.5142301917076111 0.46563541889190674 0.6942102313041687
56.43333435058594 1.0248441696166992 -0.02593645267188549 -0.14383283257484436 -0.1907094269990921 0.5147832632064819 0.4642583131790161 0.6950485110282898
56.46666717529297 1.0162737369537354 -0.030320629477500916 -0.14493057131767273 -0.18800391256809235 0.5123477578163147 0.46310433745384216 0.6983472108840942
56.5 1.0073027610778809 -0.03542480990290642 -0.14438429474830627 -0.18535327911376953 0.5116119980812073 0.4620516300201416 0.7002896666526794
56.53333282470703 0.9982744455337524 -0.040646448731422424 -0.14353777468204498 -0.18394485116004944 0.5104790925979614 0.46115991473197937 0.702073335647583
56.56666564941406 0.9872974753379822 -0.045933835208415985 -0.14241911470890045 -0.1813054084777832 0.5096473693847656 0.4605397880077362 0.7037692070007324
56.599998474121094 0.975882351398468 -0.05087198689579964 -0.1451997011899948 -0.17839756608009338 0.5055550336837769 0.4600510597229004 0.7077721953392029
56.63333511352539 0.9648514986038208 -0.05525627359747887 -0.14512471854686737 -0.1770862191915512 0.5043845772743225 0.4593033194541931 0.7094203233718872
56.66666793823242 0.9528942108154297 -0.05984172597527504 -0.14400440454483032 -0.17430920898914337 0.5032007694244385 0.45846080780029297 0.7114907503128052
56.70000076293945 0.9419264793395996 -0.06475693732500076 -0.14207807183265686 -0.17256008088588715 0.5010509490966797 0.45843854546546936 0.7134459018707275
56.733333587646484 0.9301409125328064 -0.06897816807031631 -0.14079110324382782 -0.17048390209674835 0.49920469522476196 0.45794981718063354 0.7155501246452332
56.766666412353516 0.9169840812683105 -0.07322065532207489 -0.13854849338531494 -0.16877605020999908 0.49928006529808044 0.4562232196331024 0.7170038819313049
56.79999923706055 0.9050598740577698 -0.07732874900102615 -0.1393299102783203 -0.16672810912132263 0.49697819352149963 0.45419323444366455 0.7203631401062012
56.83333206176758 0.8945839405059814 -0.08203268051147461 -0.13996799290180206 -0.16598352789878845 0.4954667389392853 0.45235803723335266 0.7227270603179932
56.86666488647461 0.8836973309516907 -0.08634553849697113 -0.141558438539505 -0.1651942878961563 0.49415841698646545 0.44992494583129883 0.7253178358078003
56.900001525878906 0.8682553768157959 -0.09023471921682358 -0.13910502195358276 -0.16341663897037506 0.4958284795284271 0.4445529282093048 0.7278885841369629
56.93333435058594 0.8585652112960815 -0.09581268578767776 -0.14013206958770752 -0.16356368362903595 0.4950328469276428 0.4409923851490021 0.7305580973625183
56.96666717529297 0.8415154218673706 -0.10184893757104874 -0.1380026489496231 -0.1618463695049286 0.4990658462047577 0.43257707357406616 0.7332231402397156
57.0 0.8298923373222351 -0.1079065352678299 -0.13946542143821716 -0.1604803055524826 0.5006511211395264 0.4254070222377777 0.7366297841072083
57.03333282470703 0.8200575709342957 -0.11419714242219925 -0.14057280123233795 -0.15931864082813263 0.5011215209960938 0.4193452298641205 0.74003005027771
57.06666564941406 0.8065906763076782 -0.12029678374528885 -0.1406158208847046 -0.15538477897644043 0.5013638734817505 0.415160596370697 0.7430555820465088
57.099998474121094 0.7972782254219055 -0.12582680583000183 -0.1444610208272934 -0.15252184867858887 0.49808818101882935 0.4121650159358978 0.7475061416625977
57.13333511352539 0.7859567999839783 -0.13065549731254578 -0.14404235780239105 -0.1496935784816742 0.49846088886260986 0.4080691933631897 0.7500720024108887
57.16666793823242 0.773776113986969 -0.13623042404651642 -0.14509296417236328 -0.14702042937278748 0.49773356318473816 0.4043194353580475 0.7531083226203918
57.20000076293945 0.7597749829292297 -0.14214468002319336 -0.1438770592212677 -0.1442311555147171 0.49760159850120544 0.3990017771720886 0.7565630674362183
57.233333587646484 0.751970648765564 -0.14597301185131073 -0.14689962565898895 -0.1422795206308365 0.4974093437194824 0.3916512727737427 0.7608875632286072
57.266666412353516 0.738267183303833 -0.14870819449424744 -0.14840970933437347 -0.14230778813362122 0.5007005929946899 0.38138172030448914 0.7639341950416565
57.29999923706055 0.725793719291687 -0.15147805213928223 -0.14969123899936676 -0.14070460200309753 0.5013134479522705 0.37508341670036316 0.7669416666030884
57.33333206176758 0.7131791114807129 -0.15412458777427673 -0.15148243308067322 -0.13450835645198822 0.49867352843284607 0.3693595230579376 0.772532045841217
57.36666488647461 0.6996152400970459 -0.1569320410490036 -0.15275785326957703 -0.12723924219608307 0.496172159910202 0.36423587799072266 0.7777888774871826
57.400001525878906 0.6869819164276123 -0.15931423008441925 -0.1541115641593933 -0.12222553789615631 0.4938722252845764 0.36157986521720886 0.781288206577301
57.43333435058594 0.6737858057022095 -0.161145880818367 -0.15552465617656708 -0.11699026823043823 0.4913855195045471 0.35980379581451416 0.7844710946083069
57.46666717529297 0.6600845456123352 -0.16337436437606812 -0.15693247318267822 -0.11201956123113632 0.48865634202957153 0.35688111186027527 0.7882275581359863
57.5 0.6465427279472351 -0.16540472209453583 -0.15808983147144318 -0.10798662900924683 0.48680657148361206 0.3531739413738251 0.7915974855422974
57.53333282470703 0.6320958733558655 -0.16779351234436035 -0.159076526761055 -0.10388040542602539 0.4851861894130707 0.3490329682826996 0.794971227645874
57.56666564941406 0.6194687485694885 -0.17004720866680145 -0.15968121588230133 -0.10123450309038162 0.483490526676178 0.3438098430633545 0.798613429069519
57.599998474121094 0.6045454144477844 -0.17216968536376953 -0.1607895940542221 -0.09851104766130447 0.4831090271472931 0.338522344827652 0.8014386892318726
57.63333511352539 0.5904964208602905 -0.17372851073741913 -0.16215582191944122 -0.09477303177118301 0.4818921685218811 0.3342539966106415 0.8044080138206482
57.66666793823242 0.5741746425628662 -0.17474916577339172 -0.1633388251066208 -0.08969875425100327 0.4792177975177765 0.3299221098423004 0.8083661794662476
57.70000076293945 0.5585426092147827 -0.17593176662921906 -0.1647401750087738 -0.08470284938812256 0.4764726161956787 0.3248358964920044 0.8125766515731812
57.733333587646484 0.5451812744140625 -0.17811556160449982 -0.16479803621768951 -0.08111461997032166 0.47478798031806946 0.3193705379962921 0.8160878419876099
57.766666412353516 0.5299080610275269 -0.1791960448026657 -0.16561467945575714 -0.07749783992767334 0.4721415638923645 0.3127587139606476 0.8205233216285706
57.79999923706055 0.5150506496429443 -0.17970912158489227 -0.16537627577781677 -0.0730828121304512 0.46983444690704346 0.3061027228832245 0.8247519135475159
57.83333206176758 0.49886617064476013 -0.18020468950271606 -0.1652587503194809 -0.06713531911373138 0.46918416023254395 0.2990427017211914 0.8282105326652527
57.86666488647461 0.4826996326446533 -0.1804722249507904 -0.16622674465179443 -0.060684796422719955 0.46863046288490295 0.29200196266174316 0.8315272927284241
57.900001525878906 0.46582892537117004 -0.18107004463672638 -0.16585882008075714 -0.05531194061040878 0.4647015333175659 0.2857009470462799 0.8362822532653809
57.93333435058594 0.4511529207229614 -0.18151797354221344 -0.16516326367855072 -0.05077885091304779 0.459966778755188 0.27994558215141296 0.8411198854446411
57.96666717529297 0.43382206559181213 -0.18005621433258057 -0.1636948436498642 -0.04554580897092819 0.45683813095092773 0.2729177474975586 0.8454232215881348
58.0 0.4143153429031372 -0.1785995066165924 -0.16527552902698517 -0.04084712639451027 0.452627569437027 0.26610442996025085 0.8500872254371643
58.03333282470703 0.39753833413124084 -0.17974106967449188 -0.16451267898082733 -0.03704326972365379 0.4480476677417755 0.26072290539741516 0.8543446660041809
58.06666564941406 0.3791564106941223 -0.17904391884803772 -0.1617761105298996 -0.03288765996694565 0.44278305768966675 0.2547759413719177 0.8590406775474548
58.099998474121094 0.36150434613227844 -0.17836730182170868 -0.1589176207780838 -0.02954365313053131 0.43776822090148926 0.2477211356163025 0.8637826442718506
58.13333511352539 0.34587323665618896 -0.17812834680080414 -0.15708321332931519 -0.027666790410876274 0.43289685249328613 0.24164701998233795 0.8680101037025452
58.16666793823242 0.3282299041748047 -0.17501218616962433 -0.15500710904598236 -0.024299120530486107 0.42721739411354065 0.23674732446670532 0.8722646236419678
58.20000076293945 0.31042876839637756 -0.17501595616340637 -0.1519021987915039 -0.023106727749109268 0.42144811153411865 0.23167453706264496 0.8764557242393494
58.233333587646484 0.29438844323158264 -0.17437002062797546 -0.14879314601421356 -0.020516758784651756 0.4139123558998108 0.22754649817943573 0.8811799883842468
58.266666412353516 0.27666565775871277 -0.17168252170085907 -0.14663217961788177 -0.014735888689756393 0.4040832221508026 0.2244737148284912 0.886629045009613
58.29999923706055 0.2593511939048767 -0.16782601177692413 -0.14480866491794586 -0.008208200335502625 0.39517882466316223 0.2199549525976181 0.8918442726135254
58.33333206176758 0.2424745112657547 -0.16722416877746582 -0.141644686460495 -0.0056227934546768665 0.388485312461853 0.2140710949897766 0.8962261080741882
58.36666488647461 0.22682800889015198 -0.1640409529209137 -0.1402660459280014 -0.0030439214315265417 0.3831276297569275 0.208335280418396 0.8998891115188599
58.400001525878906 0.21140211820602417 -0.1631678193807602 -0.13712888956069946 -0.0027688343543559313 0.37826988101005554 0.20315764844417572 0.9031230807304382
58.43333435058594 0.1963234543800354 -0.15936602652072906 -0.13374021649360657 -0.0012949337251484394 0.3727611303329468 0.19761121273040771 0.9066406488418579
58.46666717529297 0.17893970012664795 -0.15896861255168915 -0.13256068527698517 0.0002230827958555892 0.3683316707611084 0.18857108056545258 0.9103696346282959
58.5 0.16239437460899353 -0.15667197108268738 -0.13008464872837067 0.004044573288410902 0.365281879901886 0.181844100356102 0.9129543304443359
58.53333282470703 0.14823991060256958 -0.15901730954647064 -0.13133960962295532 0.004268167540431023 0.3580154478549957 0.17865023016929626 0.9164555668830872
58.56666564941406 0.1365162581205368 -0.15660884976387024 -0.13130782544612885 0.008550558239221573 0.34782201051712036 0.17893929779529572 0.9202866554260254
58.599998474121094 0.12607285380363464 -0.15444675087928772 -0.13138961791992188 0.011829124763607979 0.3412095904350281 0.17899636924266815 0.9227114915847778
58.63333511352539 0.11552417278289795 -0.1525106579065323 -0.1308840960264206 0.013153977692127228 0.33564791083335876 0.17837205529212952 0.9248518347740173
58.66666793823242 0.10677110403776169 -0.14853934943675995 -0.1306726187467575 0.015818683430552483 0.32902389764785767 0.17802415788173676 0.927254319190979
58.70000076293945 0.09818178415298462 -0.14500924944877625 -0.13006167113780975 0.017509372904896736 0.32219818234443665 0.1779625117778778 0.9296295642852783
58.733333587646484 0.09006154537200928 -0.14260317385196686 -0.12851335108280182 0.018151212483644485 0.31503650546073914 0.17748738825321198 0.9321591854095459
58.766666412353516 0.08309148997068405 -0.14059560000896454 -0.12708419561386108 0.017213288694620132 0.31012120842933655 0.17635709047317505 0.9340379238128662
58.79999923706055 0.0728570967912674 -0.13522258400917053 -0.12456883490085602 0.017758628353476524 0.3093653917312622 0.17249885201454163 0.9349983334541321
58.83333206176758 0.06505721807479858 -0.13247369229793549 -0.1221805065870285 0.017927387729287148 0.3072756230831146 0.1686188131570816 0.9363909959793091
58.86666488647461 0.05529438331723213 -0.12713570892810822 -0.1188632994890213 0.020715830847620964 0.3040670156478882 0.1631384789943695 0.9383496046066284
58.900001525878906 0.04854816570878029 -0.12176673114299774 -0.1167433112859726 0.022030986845493317 0.3003791272640228 0.15838907659053802 0.9403190612792969
58.93333435058594 0.03962302953004837 -0.11903916299343109 -0.1135704442858696 0.021125126630067825 0.2976000905036926 0.15384042263031006 0.9419772028923035
58.96666717529297 0.030030373483896255 -0.1147162914276123 -0.10934191197156906 0.02170673757791519 0.29493770003318787 0.14910049736499786 0.9435621500015259
59.0 0.02203569933772087 -0.1109219491481781 -0.10662714391946793 0.021236011758446693 0.2915104627609253 0.1444082409143448 0.9453660845756531
59.03333282470703 0.014633539132773876 -0.10674149543046951 -0.10416552424430847 0.021091146394610405 0.28729990124702454 0.14062310755252838 0.9472270607948303
59.06666564941406 0.004034958314150572 -0.10266214609146118 -0.09948865324258804 0.021180756390094757 0.2832240164279938 0.13635565340518951 0.9490746855735779
59.099998474121094 -0.0025495411828160286 -0.09709278494119644 -0.09780627489089966 0.022973699495196342 0.27598363161087036 0.13363216817378998 0.9515501260757446
59.13333511352539 -0.011410229839384556 -0.0934954285621643 -0.09664437919855118 0.02384323626756668 0.2692762315273285 0.13117709755897522 0.9537895321846008
59.16666793823242 -0.021195121109485626 -0.08600293844938278 -0.09203730523586273 0.027102047577500343 0.2634955048561096 0.1291399747133255 0.9555932879447937
59.20000076293945 -0.02699984610080719 -0.08451913297176361 -0.09339074045419693 0.027282368391752243 0.2545467019081116 0.1275741010904312 0.9582205414772034
59.233333587646484 -0.03458821028470993 -0.08604031056165695 -0.09098120033740997 0.02671312913298607 0.24744069576263428 0.12522150576114655 0.960405707359314
59.266666412353516 -0.04251135140657425 -0.08272992074489594 -0.08909620344638824 0.028415817767381668 0.2417522370815277 0.12195627391338348 0.962224006652832
59.29999923706055 -0.05093621090054512 -0.07886631041765213 -0.08549556881189346 0.025826429948210716 0.2368965893983841 0.12034936994314194 0.963705837726593
59.33333206176758 -0.05854490399360657 -0.07529014348983765 -0.08290335536003113 0.02508658356964588 0.2319411039352417 0.11669178307056427 0.9653791785240173
59.36666488647461 -0.06669189035892487 -0.07098475098609924 -0.07986336946487427 0.02451734058558941 0.22757896780967712 0.11335592716932297 0.9668284058570862
59.400001525878906 -0.0728425607085228 -0.06990757584571838 -0.07728447020053864 0.021643517538905144 0.22226759791374207 0.11058266460895538 0.9684524536132812
59.43333435058594 -0.08122421056032181 -0.06546890735626221 -0.07561232149600983 0.021763751283288002 0.21656672656536102 0.10707495361566544 0.9701340794563293
59.46666717529297 -0.0885922834277153 -0.06310448795557022 -0.07294885814189911 0.021659856662154198 0.21257659792900085 0.10231573134660721 0.9715316295623779
59.5 -0.09674428403377533 -0.060035526752471924 -0.07044847309589386 0.021964335814118385 0.20917683839797974 0.09831636399030685 0.9726749062538147
59.53333282470703 -0.10416508466005325 -0.05579843372106552 -0.06603730469942093 0.02268858067691326 0.2032783478498459 0.09570491313934326 0.9741682410240173
59.56666564941406 -0.11398284882307053 -0.05305134505033493 -0.06405281275510788 0.022524066269397736 0.1982647031545639 0.09228933602571487 0.9755339622497559
59.599998474121094 -0.12119979411363602 -0.05078312009572983 -0.06122033670544624 0.02278551645576954 0.19484065473079681 0.08895085752010345 0.9765273928642273
59.63333511352539 -0.12657375633716583 -0.04765734076499939 -0.05911786109209061 0.023691650480031967 0.19038158655166626 0.08629348874092102 0.9776231646537781
59.66666793823242 -0.13247142732143402 -0.04682298004627228 -0.057582173496484756 0.02185654267668724 0.18559584021568298 0.084463931620121 0.9787452816963196
59.70000076293945 -0.13545438647270203 -0.04614553600549698 -0.05617150664329529 0.020452842116355896 0.18112000823020935 0.08234425634145737 0.9797942638397217
59.733333587646484 -0.1406884789466858 -0.043853431940078735 -0.0531042218208313 0.02070702239871025 0.1784488707780838 0.08094602078199387 0.9803953170776367
59.766666412353516 -0.14506570994853973 -0.044289480894804 -0.05336052179336548 0.019647732377052307 0.17317934334278107 0.0797036662697792 0.9814633727073669
59.79999923706055 -0.14884576201438904 -0.04113708436489105 -0.049590740352869034 0.020963817834854126 0.1692592054605484 0.07859387993812561 0.9822092056274414
59.83333206176758 -0.15287266671657562 -0.03967929258942604 -0.04725950211286545 0.020944727584719658 0.16727212071418762 0.07781997323036194 0.9826115965843201
59.86666488647461 -0.15306605398654938 -0.03768596425652504 -0.04521622881293297 0.020829420536756516 0.16291241347789764 0.07811098545789719 0.9833230972290039
59.900001525878906 -0.15458443760871887 -0.038416869938373566 -0.04437291622161865 0.019338415935635567 0.15772582590579987 0.07769255340099335 0.9842318892478943
59.93333435058594 -0.15672625601291656 -0.03777756169438362 -0.04292035475373268 0.01919960230588913 0.15405681729316711 0.07715748250484467 0.9848577380180359
