t_sec,x,y,z,qw,qx,qy,qz
1790504411.988469839,0.010654888408,0.006324283357,-0.022311006109,0.697337979,-0.716719626,0.000173677,-0.005717596
1790504412.021722317,0.010656091741,0.006322957671,-0.022311533694,0.697330824,-0.716726643,0.000171422,-0.005710681
1790504412.054970741,0.010658945807,0.006325528192,-0.022314022371,0.697331995,-0.716725517,0.000168717,-0.005709123
1790504412.088213205,0.010661400671,0.006330236877,-0.022317602722,0.697336754,-0.716720860,0.000172139,-0.005712274
1790504412.121452093,0.010661636394,0.006332090024,-0.022318892835,0.697335686,-0.716721877,0.000177745,-0.005714983
1790504412.154686451,0.010659204098,0.006331180914,-0.022315955030,0.697338810,-0.716718850,0.000169128,-0.005713674
1790504412.187916279,0.010654587231,0.006329600909,-0.022313122067,0.697337050,-0.716720632,0.000182283,-0.005704420
1790504412.221140385,0.010652313024,0.006328111406,-0.022311187797,0.697344182,-0.716713606,0.000180429,-0.005715429
1790504412.254360914,0.010651720191,0.006324875266,-0.022308906494,0.697343061,-0.716714749,0.000175253,-0.005709050
1790504412.287576914,0.010650707237,0.006321489121,-0.022306708878,0.697341195,-0.716716606,0.000169651,-0.005704035
1790504412.320787191,0.010649973824,0.006321314295,-0.022306640892,0.697341024,-0.716716808,0.000174149,-0.005699442
1790504412.353993893,0.010651033761,0.006324533878,-0.022308415391,0.697345621,-0.716712192,0.000176447,-0.005717365
1790504412.387196064,0.010652497009,0.006326866545,-0.022309654855,0.697354162,-0.716703881,0.000177902,-0.005717433
1790504412.420393467,0.010653590940,0.006325515341,-0.022309052956,0.697348473,-0.716709521,0.000170378,-0.005704462
1790504412.453585386,0.010655419637,0.006324007308,-0.022306165544,0.697349709,-0.716708282,0.000168109,-0.005709068
1790504412.486773729,0.010656835334,0.006323302466,-0.022304660918,0.697348620,-0.716709296,0.000171576,-0.005714798
1790504412.519957304,0.010657751521,0.006322001038,-0.022305631760,0.697346773,-0.716711121,0.000175823,-0.005711109
1790504412.553136587,0.010657990565,0.006321331618,-0.022306582190,0.697338567,-0.716719046,0.000171891,-0.005718609
1790504412.586309910,0.010654613555,0.006323014610,-0.022309162177,0.697348998,-0.716708915,0.000173066,-0.005716371
1790504412.619479656,0.010650703167,0.006324635520,-0.022311931458,0.697347296,-0.716710562,0.000184774,-0.005717160
1790504412.652645111,0.010649730385,0.006324942559,-0.022312799651,0.697348061,-0.716709823,0.000176476,-0.005716617
1790504412.685804605,0.010650670823,0.006324143599,-0.022312791066,0.697339654,-0.716718019,0.000185396,-0.005714361
1790504412.718960762,0.010654492570,0.006323837187,-0.022311214046,0.697340816,-0.716716877,0.000178514,-0.005716016
1790504412.752112150,0.010659290599,0.006324122907,-0.022307069758,0.697343373,-0.716714348,0.000168705,-0.005721437
1790504412.785259008,0.010659768714,0.006323479211,-0.022305079882,0.697344428,-0.716713321,0.000171392,-0.005721547
1790504412.818400145,0.010657525245,0.006322828258,-0.022305996969,0.697343419,-0.716714379,0.000172241,-0.005711845
1790504412.851537943,0.010656940737,0.006324133239,-0.022308074771,0.697342660,-0.716715028,0.000170579,-0.005723029
1790504412.884670734,0.010655356364,0.006325523068,-0.022310765117,0.697349961,-0.716707880,0.000169913,-0.005728642
1790504412.917798996,0.010652572191,0.006326146710,-0.022311320570,0.697340310,-0.716717370,0.000161479,-0.005716495
1790504412.950921774,0.010651662259,0.006329158507,-0.022309559699,0.697351254,-0.716706651,0.000166974,-0.005725174
1790504412.984041929,0.010653231527,0.006331314068,-0.022309060045,0.697357047,-0.716700965,0.000169883,-0.005731190
1790504413.017376900,0.010654527912,0.006329150719,-0.022309390650,0.697346352,-0.716711423,0.000159138,-0.005725046
1790504413.050710678,0.010654174272,0.006325958626,-0.022308669122,0.697350456,-0.716707472,0.000158341,-0.005719867
1790504413.084045410,0.010653996620,0.006323470110,-0.022306355645,0.697346925,-0.716710908,0.000153148,-0.005719843
1790504413.117380381,0.010653081982,0.006322829602,-0.022305228378,0.697347937,-0.716709907,0.000151458,-0.005721948
1790504413.150715351,0.010650193180,0.006323878700,-0.022306436779,0.697352096,-0.716705828,0.000159748,-0.005725747
1790504413.184049129,0.010647283217,0.006324690547,-0.022308691279,0.697350471,-0.716707476,0.000162767,-0.005717256
1790504413.217383862,0.010647307373,0.006324527433,-0.022310711029,0.697355502,-0.716702593,0.000159277,-0.005715936
1790504413.250718832,0.010648592107,0.006323943693,-0.022310663639,0.697352880,-0.716705155,0.000155686,-0.005714695
1790504413.284052372,0.010648562541,0.006323383994,-0.022310614336,0.697360099,-0.716698077,0.000165743,-0.005721093
1790504413.317387342,0.010649402258,0.006322262596,-0.022310061508,0.697350346,-0.716707629,0.000162559,-0.005713333
1790504413.350722313,0.010651934680,0.006322697890,-0.022309049085,0.697360176,-0.716697983,0.000160234,-0.005723610
1790504413.384057045,0.010652057134,0.006321977203,-0.022308451209,0.697363555,-0.716694677,0.000160339,-0.005725859
1790504413.417391062,0.010649963178,0.006320098475,-0.022308591250,0.697352712,-0.716705364,0.000165275,-0.005708692
1790504413.450725794,0.010652392428,0.006322540205,-0.022307400022,0.697356830,-0.716701244,0.000165028,-0.005722849
1790504413.484060764,0.010656266076,0.006326278326,-0.022305783774,0.697362523,-0.716695663,0.000172037,-0.005727846
1790504413.517395496,0.010656353301,0.006325255476,-0.022304061329,0.697362343,-0.716695859,0.000164479,-0.005725451
1790504413.550729513,0.010654908004,0.006322201646,-0.022302839526,0.697347477,-0.716710468,0.000162662,-0.005707408
1790504413.584064245,0.010655097498,0.006323040392,-0.022303401975,0.697358419,-0.716699750,0.000164412,-0.005716420
1790504413.617399216,0.010654509694,0.006324648441,-0.022304182869,0.697354051,-0.716703996,0.000165076,-0.005716921
1790504413.650732994,0.010652231774,0.006324559852,-0.022305638078,0.697354672,-0.716703431,0.000172207,-0.005711644
1790504413.684067965,0.010650643407,0.006322247316,-0.022308226712,0.697351603,-0.716706463,0.000169239,-0.005706038
1790504413.717402697,0.010650426913,0.006320448043,-0.022309719319,0.697343635,-0.716714203,0.000160410,-0.005707841
1790504413.750737667,0.010649223701,0.006322211522,-0.022309403153,0.697347453,-0.716710526,0.000169065,-0.005702886
1790504413.784071207,0.010648117026,0.006325440813,-0.022308057314,0.697348808,-0.716709176,0.000174269,-0.005706658
1790504413.817406178,0.010647309553,0.006327170331,-0.022308333880,0.697350571,-0.716707434,0.000179691,-0.005709875
1790504413.850740910,0.010648030842,0.006325907385,-0.022308702823,0.697349114,-0.716708862,0.000174963,-0.005708710
1790504413.884075880,0.010649585160,0.006323161016,-0.022308266449,0.697348388,-0.716709553,0.000172529,-0.005710720
1790504413.917409897,0.010649012400,0.006322145096,-0.022309765082,0.697337858,-0.716719811,0.000175183,-0.005708992
1790504413.950744629,0.010649410718,0.006326164778,-0.022310406626,0.697349878,-0.716708110,0.000177704,-0.005709801
1790504413.984079599,0.010654049994,0.006331279053,-0.022306242715,0.697354359,-0.716703609,0.000183526,-0.005727237
1790504414.017423391,0.010656884634,0.006332947050,-0.022302020260,0.697348097,-0.716709688,0.000175218,-0.005729178
1790504414.050768375,0.010653912684,0.006331797511,-0.022303930637,0.697348562,-0.716709293,0.000185372,-0.005721795
1790504414.084113598,0.010650949675,0.006329388973,-0.022306976121,0.697345720,-0.716712117,0.000185127,-0.005714333
1790504414.117458820,0.010652183758,0.006327127277,-0.022307647658,0.697345646,-0.716712085,0.000180521,-0.005727595
1790504414.150803328,0.010653891357,0.006325969636,-0.022307645118,0.697342188,-0.716715482,0.000183157,-0.005723385
1790504414.184149027,0.010654597135,0.006326028883,-0.022307937323,0.697344316,-0.716713350,0.000182328,-0.005731094
1790504414.217494726,0.010654132039,0.006325756833,-0.022308691791,0.697343594,-0.716714118,0.000182244,-0.005722883
1790504414.250840902,0.010653659891,0.006324989688,-0.022308543677,0.697344853,-0.716712891,0.000180169,-0.005723165
1790504414.284185886,0.010653721649,0.006324517218,-0.022308252155,0.697346510,-0.716711313,0.000175462,-0.005719177
1790504414.317532301,0.010654406538,0.006324345269,-0.022307609672,0.697343326,-0.716714384,0.000172505,-0.005722564
1790504414.350878716,0.010654815158,0.006324788128,-0.022307521064,0.697342646,-0.716715096,0.000174082,-0.005716201
1790504414.384224415,0.010653923460,0.006325658782,-0.022309359384,0.697350488,-0.716707421,0.000174275,-0.005721809
1790504414.417571068,0.010651672804,0.006325766573,-0.022311813417,0.697342848,-0.716714948,0.000171262,-0.005710228
1790504414.450917959,0.010650244983,0.006325476133,-0.022311919043,0.697347672,-0.716710177,0.000176677,-0.005719809
1790504414.484265089,0.010649210272,0.006322428265,-0.022310974450,0.697345210,-0.716712582,0.000174759,-0.005718649
1790504414.517611265,0.010648298621,0.006319776102,-0.022309753954,0.697331139,-0.716726441,0.000168650,-0.005697687
1790504414.550958872,0.010651560074,0.006322525904,-0.022306517988,0.697346773,-0.716711052,0.000177481,-0.005719629
1790504414.584306479,0.010655466268,0.006325127455,-0.022304894622,0.697346772,-0.716711052,0.000166230,-0.005720114
1790504414.617653370,0.010655070061,0.006325070940,-0.022306000742,0.697341212,-0.716716577,0.000170163,-0.005705553
1790504414.651001215,0.010652944182,0.006325020462,-0.022308284243,0.697342240,-0.716715536,0.000166751,-0.005710821
1790504414.684349298,0.010649123230,0.006325170967,-0.022310176398,0.697344532,-0.716713305,0.000167187,-0.005710877
1790504414.717697620,0.010646349991,0.006325880602,-0.022308859928,0.697337441,-0.716720280,0.000179200,-0.005700950
1790504414.751044989,0.010648987068,0.006328115586,-0.022305763278,0.697343736,-0.716714069,0.000173692,-0.005712073
1790504414.784393549,0.010651976590,0.006328187232,-0.022304816419,0.697349142,-0.716708825,0.000174484,-0.005709936
1790504414.817742348,0.010652996599,0.006324997459,-0.022307054855,0.697337282,-0.716720442,0.000168724,-0.005700506
1790504414.851091385,0.010654342889,0.006324054549,-0.022307798362,0.697343028,-0.716714826,0.000161490,-0.005703801
1790504414.884439468,0.010653061725,0.006326188331,-0.022308079241,0.697346709,-0.716711221,0.000162758,-0.005706790
1790504414.917788506,0.010649438157,0.006328388607,-0.022309054711,0.697353568,-0.716704616,0.000171229,-0.005697798
1790504414.951138258,0.010648713721,0.006328631223,-0.022306718721,0.697354433,-0.716703668,0.000161605,-0.005711465
1790504414.984486580,0.010648271219,0.006327385058,-0.022305471316,0.697352897,-0.716705243,0.000163987,-0.005701411
1790504415.017818451,0.010649694496,0.006327439694,-0.022308884420,0.697352603,-0.716705539,0.000164466,-0.005699990
1790504415.051149845,0.010652745250,0.006328890153,-0.022310452739,0.697361136,-0.716697160,0.000163725,-0.005709621
1790504415.084481239,0.010652359974,0.006328004420,-0.022309573970,0.697361356,-0.716696952,0.000159083,-0.005709027
1790504415.117811680,0.010648510322,0.006325498930,-0.022309284035,0.697355420,-0.716702800,0.000159925,-0.005699926
1790504415.151143074,0.010646304646,0.006325288082,-0.022307879931,0.697355893,-0.716702367,0.000162104,-0.005696330
1790504415.184474468,0.010648921793,0.006327162405,-0.022304445591,0.697358502,-0.716699684,0.000163950,-0.005714587
1790504415.217805624,0.010652306738,0.006327618980,-0.022303578766,0.697358090,-0.716700087,0.000157507,-0.005714382
1790504415.251135826,0.010652841166,0.006326513711,-0.022306571732,0.697350975,-0.716707018,0.000161662,-0.005713328
1790504415.284466743,0.010650982421,0.006325724546,-0.022310939343,0.697354377,-0.716703696,0.000161379,-0.005714760
1790504415.317797899,0.010648894968,0.006325792088,-0.022314450133,0.697354040,-0.716704010,0.000159856,-0.005716654
1790504415.351127863,0.010647388164,0.006325638834,-0.022315182709,0.697358179,-0.716699948,0.000164542,-0.005720805
1790504415.384458780,0.010647267900,0.006325196396,-0.022311407232,0.697349762,-0.716708193,0.000163478,-0.005713892
1790504415.417789698,0.010650363370,0.006326514614,-0.022306601301,0.697356794,-0.716701288,0.000160591,-0.005721857
1790504415.451120377,0.010653165264,0.006326175691,-0.022305880800,0.697361438,-0.716696697,0.000160037,-0.005730941
1790504415.484450102,0.010652118605,0.006322069382,-0.022306777754,0.697352247,-0.716705779,0.000151998,-0.005713823
1790504415.517781019,0.010649803663,0.006320020153,-0.022306780346,0.697350338,-0.716707624,0.000155701,-0.005715118
1790504415.551111460,0.010649288814,0.006321040248,-0.022305558256,0.697357116,-0.716700966,0.000162235,-0.005722932
1790504415.584442139,0.010651029366,0.006320748611,-0.022304136418,0.697355498,-0.716702581,0.000162372,-0.005717829
1790504415.617771387,0.010654394980,0.006319516832,-0.022304308901,0.697350793,-0.716707195,0.000145864,-0.005713848
1790504415.651102066,0.010655269999,0.006320583529,-0.022305862371,0.697360578,-0.716697577,0.000148685,-0.005725852
1790504415.684432268,0.010651945618,0.006322471052,-0.022308250395,0.697358827,-0.716699357,0.000153197,-0.005716116
1790504415.717761755,0.010649580492,0.006325892168,-0.022307405283,0.697362104,-0.716696125,0.000155271,-0.005721559
1790504415.751091719,0.010650292554,0.006330039440,-0.022302715985,0.697365191,-0.716693131,0.000157264,-0.005720301
1790504415.784422159,0.010652376638,0.006331731451,-0.022301492761,0.697369694,-0.716688679,0.000161587,-0.005728953
1790504415.817752123,0.010652009326,0.006329798682,-0.022305958056,0.697364229,-0.716694085,0.000158116,-0.005718012
1790504415.851081133,0.010651056729,0.006328098798,-0.022309923409,0.697368433,-0.716690029,0.000159317,-0.005713546
1790504415.884411097,0.010651820724,0.006327719488,-0.022309600839,0.697369306,-0.716689189,0.000158806,-0.005712508
1790504415.917741060,0.010653040406,0.006327869115,-0.022306949409,0.697370059,-0.716688428,0.000158095,-0.005715986
1790504415.951069832,0.010652968701,0.006329244160,-0.022303410738,0.697367288,-0.716691166,0.000163555,-0.005710675
1790504415.984399557,0.010652530962,0.006331810148,-0.022301973719,0.697377095,-0.716681596,0.000162883,-0.005713991
1790504416.017735243,0.010652385431,0.006331568024,-0.022305764017,0.697378040,-0.716680648,0.000165111,-0.005717586
1790504416.051070929,0.010652565753,0.006328194098,-0.022308405728,0.697372161,-0.716686494,0.000164515,-0.005701827
1790504416.084405661,0.010653276659,0.006325493886,-0.022307768240,0.697371864,-0.716686767,0.000161401,-0.005703884
1790504416.117741108,0.010652548961,0.006324490688,-0.022307979074,0.697375953,-0.716682701,0.000164906,-0.005714760
1790504416.151076794,0.010649890978,0.006323526653,-0.022310205193,0.697367865,-0.716690687,0.000161642,-0.005700405
1790504416.184412479,0.010647807466,0.006323438553,-0.022311214921,0.697370831,-0.716687690,0.000171580,-0.005713928
1790504416.217746973,0.010646885775,0.006323156751,-0.022311590507,0.697364284,-0.716694128,0.000173037,-0.005705455
1790504416.251082659,0.010649381541,0.006323785965,-0.022309854336,0.697364277,-0.716694058,0.000166231,-0.005715392
1790504416.284418344,0.010651370775,0.006324821209,-0.022308147061,0.697371523,-0.716686990,0.000166495,-0.005717534
1790504416.317752838,0.010650758196,0.006324243653,-0.022307754990,0.697363495,-0.716694841,0.000165224,-0.005712574
1790504416.351088524,0.010649410323,0.006323111952,-0.022307256454,0.697362445,-0.716695891,0.000166642,-0.005709010
1790504416.384423971,0.010648931339,0.006321793237,-0.022305988166,0.697360134,-0.716698005,0.000169963,-0.005725758
1790504416.417759657,0.010649724347,0.006320869632,-0.022306199572,0.697359009,-0.716699203,0.000161913,-0.005713027
1790504416.451094151,0.010651526998,0.006321683273,-0.022307119727,0.697363065,-0.716695168,0.000165069,-0.005723963
1790504416.484429836,0.010652937262,0.006322364343,-0.022307905862,0.697361570,-0.716696641,0.000169701,-0.005721587
1790504416.517765284,0.010652846434,0.006321656388,-0.022309351324,0.697363377,-0.716694817,0.000168414,-0.005729819
1790504416.551100969,0.010651606166,0.006320300229,-0.022309826285,0.697362227,-0.716696081,0.000161536,-0.005711864
1790504416.584435463,0.010653089525,0.006320550359,-0.022307361210,0.697365647,-0.716692618,0.000161737,-0.005728862
1790504416.617771149,0.010655338801,0.006322600664,-0.022304863224,0.697364042,-0.716694164,0.000157660,-0.005730913
1790504416.651106834,0.010657187359,0.006326104905,-0.022304482275,0.697373892,-0.716684531,0.000163492,-0.005736848
1790504416.684441328,0.010658971156,0.006327824862,-0.022304873421,0.697373513,-0.716684908,0.000161980,-0.005735754
1790504416.717776775,0.010658836810,0.006327161967,-0.022304465403,0.697369510,-0.716688699,0.000159256,-0.005748970
1790504416.751112461,0.010656209233,0.006326138306,-0.022304484086,0.697374045,-0.716684399,0.000159846,-0.005734713
1790504416.784447908,0.010656477993,0.006327445011,-0.022306211815,0.697366377,-0.716691865,0.000158240,-0.005734232
1790504416.817782640,0.010659567882,0.006331610249,-0.022310416642,0.697380590,-0.716677922,0.000157012,-0.005748373
1790504416.851118088,0.010659676854,0.006333327179,-0.022316058282,0.697375550,-0.716682924,0.000159051,-0.005736159
1790504416.884453773,0.010656603574,0.006331397239,-0.022319152620,0.697371834,-0.716686606,0.000151360,-0.005728053
1790504416.917789221,0.010647687784,0.006324807616,-0.022315555406,0.697373674,-0.716684758,0.000148981,-0.005735269
1790504416.951123714,0.010628589014,0.006311382635,-0.022305531977,0.697373936,-0.716684515,0.000156132,-0.005733668
1790504416.984459400,0.010604978964,0.006293725063,-0.022288829594,0.697382628,-0.716675908,0.000153176,-0.005752311
1790504417.017794609,0.010576928200,0.006272158422,-0.022270476153,0.697387561,-0.716670996,0.000151765,-0.005766309
1790504417.051131010,0.010544411262,0.006249146005,-0.022255278460,0.697380915,-0.716677547,0.000146198,-0.005756029
1790504417.084468365,0.010519900752,0.006232513320,-0.022243689039,0.697389833,-0.716668891,0.000147747,-0.005753265
1790504417.117805481,0.010514522782,0.006224702301,-0.022238434105,0.697384365,-0.716674214,0.000151048,-0.005752769
1790504417.151142597,0.010516834910,0.006220104195,-0.022238325083,0.697369778,-0.716688581,0.000159298,-0.005731071
1790504417.184478998,0.010517777040,0.006216343346,-0.022238486264,0.697369532,-0.716688843,0.000162002,-0.005728174
1790504417.217816353,0.010516466023,0.006214444289,-0.022241034533,0.697355699,-0.716702590,0.000170426,-0.005691878
1790504417.251153469,0.010516086326,0.006216845955,-0.022244087961,0.697360827,-0.716697536,0.000182236,-0.005699684
1790504417.284490108,0.010514766082,0.006218485662,-0.022246748072,0.697354947,-0.716703327,0.000192387,-0.005690542
1790504417.317827463,0.010511890021,0.006216566449,-0.022250026019,0.697346166,-0.716712029,0.000201638,-0.005670175
1790504417.351164818,0.010510960682,0.006213993696,-0.022251216615,0.697337898,-0.716720230,0.000201063,-0.005650490
1790504417.384502172,0.010513028751,0.006213510414,-0.022249244332,0.697334776,-0.716723284,0.000208641,-0.005647984
1790504417.417838812,0.010513866707,0.006213270153,-0.022247738130,0.697326832,-0.716731055,0.000215461,-0.005642520
1790504417.451176167,0.010510436794,0.006212497954,-0.022248372959,0.697323437,-0.716734529,0.000228180,-0.005620336
1790504417.484513760,0.010506362443,0.006213019690,-0.022250851037,0.697316504,-0.716741441,0.000250667,-0.005597920
1790504417.517851353,0.010505374323,0.006214960944,-0.022252794826,0.697322193,-0.716735923,0.000266733,-0.005595028
1790504417.551187992,0.010506736840,0.006215330549,-0.022252396900,0.697313535,-0.716744503,0.000274147,-0.005574587
1790504417.584525585,0.010508087034,0.006215104425,-0.022251009913,0.697308760,-0.716749155,0.000291232,-0.005572918
1790504417.617862940,0.010505890905,0.006215115898,-0.022250187782,0.697303271,-0.716754611,0.000300132,-0.005557538
1790504417.651199818,0.010499547115,0.006215658880,-0.022251850877,0.697303967,-0.716754071,0.000320474,-0.005538744
1790504417.684537649,0.010492068245,0.006215037369,-0.022254200134,0.697295899,-0.716762017,0.000333031,-0.005525371
1790504417.717875242,0.010485646200,0.006212865706,-0.022256233569,0.697294753,-0.716763335,0.000342356,-0.005498267
1790504417.751212835,0.010484371220,0.006211285952,-0.022255721390,0.697280348,-0.716777467,0.000356215,-0.005481970
1790504417.784549713,0.010486185600,0.006211994663,-0.022253271973,0.697292158,-0.716765741,0.000346387,-0.005513423
1790504417.817887545,0.010485201195,0.006212271084,-0.022252008861,0.697287093,-0.716770720,0.000331770,-0.005507819
1790504417.851225376,0.010483174882,0.006212225931,-0.022252501420,0.697298138,-0.716759880,0.000327824,-0.005520296
1790504417.884563208,0.010482503879,0.006210311040,-0.022254288970,0.697298558,-0.716759368,0.000316376,-0.005534417
1790504417.917899847,0.010483003594,0.006208826488,-0.022256892109,0.697293346,-0.716764423,0.000306528,-0.005536896
1790504417.951237679,0.010488062319,0.006212356763,-0.022255121187,0.697298599,-0.716759214,0.000301068,-0.005550092
1790504417.984575987,0.010497720796,0.006218393144,-0.022250027411,0.697309381,-0.716748535,0.000288214,-0.005575064
1790504418.017912865,0.010506206383,0.006220469653,-0.022245909203,0.697307127,-0.716750664,0.000278223,-0.005583754
1790504418.051245213,0.010510513852,0.006218744825,-0.022244698674,0.697306554,-0.716751183,0.000264846,-0.005589333
1790504418.084577560,0.010511522219,0.006217932564,-0.022245053612,0.697301695,-0.716755902,0.000253832,-0.005591063
1790504418.117909908,0.010512373659,0.006220457197,-0.022246192026,0.697311452,-0.716746319,0.000257962,-0.005602450
1790504418.151241302,0.010516949099,0.006223084558,-0.022244225601,0.697315946,-0.716741793,0.000246626,-0.005622499
1790504418.184573412,0.010520864146,0.006223692712,-0.022240476667,0.697318260,-0.716739500,0.000232563,-0.005628466
1790504418.217905760,0.010520240837,0.006222360385,-0.022238341467,0.697319299,-0.716738435,0.000234603,-0.005635283
1790504418.251238108,0.010516163583,0.006217603032,-0.022241030175,0.697323010,-0.716734747,0.000228866,-0.005645392
1790504418.284569025,0.010512300577,0.006212061380,-0.022244052092,0.697311635,-0.716745887,0.000223432,-0.005636219
1790504418.317901373,0.010513070803,0.006212446395,-0.022244986365,0.697319586,-0.716738042,0.000214050,-0.005650505
1790504418.351233482,0.010517194898,0.006218788782,-0.022243861808,0.697320105,-0.716737389,0.000207605,-0.005669482
1790504418.384564400,0.010521883876,0.006226891813,-0.022241226248,0.697332645,-0.716725073,0.000207485,-0.005684088
1790504418.417896509,0.010524143208,0.006230207597,-0.022240408309,0.697334403,-0.716723264,0.000193415,-0.005697094
1790504418.451228857,0.010522522152,0.006227968500,-0.022243378178,0.697334648,-0.716723029,0.000192282,-0.005696561
1790504418.484560490,0.010518776468,0.006224228124,-0.022245921195,0.697334617,-0.716723098,0.000194548,-0.005691612
1790504418.517891645,0.010515753635,0.006221128855,-0.022246050753,0.697339542,-0.716718229,0.000194549,-0.005701295
1790504418.551223516,0.010513709483,0.006219159417,-0.022244219975,0.697330691,-0.716726966,0.000186083,-0.005685761
1790504418.584555387,0.010514632504,0.006220965744,-0.022242810430,0.697347343,-0.716710636,0.000190474,-0.005701841
1790504418.617886543,0.010517997796,0.006221921932,-0.022243674800,0.697348823,-0.716709124,0.000182652,-0.005711138
1790504418.651218176,0.010517322761,0.006221197040,-0.022245927998,0.697347509,-0.716710444,0.000180359,-0.005706017
1790504418.684550047,0.010515236912,0.006221705847,-0.022247834526,0.697353802,-0.716704321,0.000187379,-0.005705753
1790504418.717881918,0.010518002012,0.006222864569,-0.022245597506,0.697358591,-0.716699584,0.000179663,-0.005715693
1790504418.751212597,0.010522266431,0.006223808866,-0.022242077864,0.697361887,-0.716696294,0.000177799,-0.005726111
1790504418.784544468,0.010523205526,0.006223836103,-0.022240694521,0.697362799,-0.716695413,0.000177349,-0.005725371
1790504418.817876339,0.010522737871,0.006223118548,-0.022239621094,0.697365814,-0.716692444,0.000177680,-0.005729732
1790504418.851207972,0.010522206850,0.006223094307,-0.022237175779,0.697361583,-0.716696580,0.000163790,-0.005727767
1790504418.884538651,0.010520819929,0.006225464098,-0.022235366398,0.697371862,-0.716686494,0.000166675,-0.005738252
1790504418.917870045,0.010520723916,0.006228220987,-0.022236097386,0.697366496,-0.716691739,0.000166617,-0.005735314
1790504418.951201916,0.010522185409,0.006231294150,-0.022237991641,0.697379510,-0.716679011,0.000163362,-0.005743450
1790504418.984532356,0.010523104075,0.006231452616,-0.022239399436,0.697378163,-0.716680284,0.000163025,-0.005748222
1790504419.017863989,0.010522115949,0.006228570124,-0.022238809209,0.697378205,-0.716680267,0.000154789,-0.005745515
1790504419.051197529,0.010519957482,0.006225232390,-0.022240343918,0.697376755,-0.716681693,0.000146977,-0.005743861
1790504419.084531069,0.010518037779,0.006224232524,-0.022243234023,0.697375315,-0.716683084,0.000144326,-0.005745201
1790504419.117863417,0.010517964508,0.006225177232,-0.022246057951,0.697384127,-0.716674440,0.000157861,-0.005753371
1790504419.151196957,0.010521397091,0.006225218240,-0.022246099894,0.697384348,-0.716674243,0.000142167,-0.005751566
1790504419.184530258,0.010525993269,0.006225437531,-0.022243870081,0.697383974,-0.716674530,0.000144795,-0.005761049
1790504419.217863798,0.010528614735,0.006226082441,-0.022239410242,0.697391574,-0.716667059,0.000136595,-0.005770630
1790504419.251196384,0.010527458761,0.006225071224,-0.022236029240,0.697394346,-0.716664357,0.000143228,-0.005771056
1790504419.284529686,0.010525121178,0.006222724831,-0.022236926893,0.697388483,-0.716670034,0.000141297,-0.005774659
1790504419.317863226,0.010522794971,0.006222083123,-0.022240737902,0.697393245,-0.716665386,0.000143263,-0.005776252
1790504419.351195812,0.010521868328,0.006222805675,-0.022243066520,0.697398940,-0.716659949,0.000142780,-0.005763317
1790504419.384529352,0.010523680054,0.006223159979,-0.022242035469,0.697405223,-0.716653678,0.000136709,-0.005782889
1790504419.417862892,0.010526107546,0.006223170881,-0.022241794700,0.697401145,-0.716657651,0.000135255,-0.005782397
1790504419.451196194,0.010529021874,0.006225159909,-0.022241916802,0.697413048,-0.716646051,0.000134554,-0.005784436
1790504419.484528780,0.010530753017,0.006227477158,-0.022239360628,0.697419384,-0.716639856,0.000131388,-0.005788146
1790504419.517862320,0.010529891277,0.006228414116,-0.022235191066,0.697426131,-0.716633258,0.000129701,-0.005792062
1790504419.551195860,0.010527534325,0.006227430159,-0.022234465997,0.697435705,-0.716624003,0.000134177,-0.005784247
1790504419.584529400,0.010527001838,0.006225802487,-0.022236894229,0.697435804,-0.716623918,0.000127994,-0.005782989
1790504419.617861509,0.010526853101,0.006226899402,-0.022238955185,0.697443483,-0.716616459,0.000120182,-0.005781365
1790504419.651195049,0.010523857803,0.006229788945,-0.022239563237,0.697457742,-0.716602531,0.000130253,-0.005787379
1790504419.684528589,0.010521003594,0.006229884966,-0.022241486310,0.697465999,-0.716594510,0.000133846,-0.005785413
1790504419.717861176,0.010521958948,0.006228201500,-0.022244458730,0.697462546,-0.716597929,0.000115107,-0.005778580
1790504419.751194477,0.010523547633,0.006228669263,-0.022246897233,0.697481569,-0.716579313,0.000118008,-0.005790909
1790504419.784528017,0.010523493455,0.006227043636,-0.022244426094,0.697477269,-0.716583574,0.000124577,-0.005781452
1790504419.817861557,0.010523118524,0.006223989207,-0.022239903195,0.697474023,-0.716586733,0.000122162,-0.005781553
1790504419.851194143,0.010522638659,0.006223719397,-0.022239091703,0.697475100,-0.716585704,0.000134130,-0.005778829
1790504419.884527683,0.010523910193,0.006226676294,-0.022240491179,0.697479676,-0.716581231,0.000139216,-0.005781125
1790504419.917860746,0.010525786863,0.006229326841,-0.022241493236,0.697483851,-0.716577130,0.000140841,-0.005785614
1790504419.951193333,0.010526779466,0.006229566522,-0.022242598252,0.697482187,-0.716578744,0.000149076,-0.005786146
1790504419.984526873,0.010528706349,0.006228579993,-0.022242872504,0.697478396,-0.716582453,0.000153654,-0.005783733
1790504420.017860413,0.010531408471,0.006228124731,-0.022242361016,0.697479365,-0.716581557,0.000151403,-0.005777937
1790504420.051193953,0.010532800059,0.006228676639,-0.022241252754,0.697477305,-0.716583574,0.000160605,-0.005776225
1790504420.084526300,0.010528772331,0.006227191168,-0.022235804147,0.697484389,-0.716576614,0.000163010,-0.005784178
1790504420.117859840,0.010513626950,0.006219590937,-0.022226537749,0.697486030,-0.716574993,0.000156386,-0.005787227
1790504420.151193142,0.010490595935,0.006207628842,-0.022216307989,0.697486733,-0.716574333,0.000166080,-0.005784026
1790504420.184526682,0.010468546337,0.006194224658,-0.022203986079,0.697486478,-0.716574530,0.000160544,-0.005790570
1790504420.217858791,0.010449835321,0.006181142365,-0.022189598640,0.697487607,-0.716573424,0.000164701,-0.005791279
1790504420.251192331,0.010435765712,0.006171340152,-0.022178256087,0.697488913,-0.716572094,0.000156444,-0.005798844
1790504420.284525633,0.010425794155,0.006167521942,-0.022175168660,0.697492207,-0.716568854,0.000164630,-0.005802791
1790504420.317857981,0.010421270498,0.006165820602,-0.022175133877,0.697493611,-0.716567485,0.000171051,-0.005802923
1790504420.351191044,0.010422495169,0.006164217958,-0.022176214793,0.697490166,-0.716570848,0.000170122,-0.005801629
1790504420.384524584,0.010425220115,0.006164354010,-0.022176133716,0.697501303,-0.716559869,0.000167512,-0.005818703
1790504420.417857647,0.010425748031,0.006165472561,-0.022174523777,0.697496485,-0.716564669,0.000170947,-0.005805124
1790504420.451189995,0.010426046334,0.006167278267,-0.022172733013,0.697509217,-0.716552185,0.000174250,-0.005816252
1790504420.484523296,0.010423856106,0.006168016190,-0.022172225206,0.697502156,-0.716559101,0.000168085,-0.005811045
1790504420.517856359,0.010419173131,0.006170217021,-0.022174042191,0.697509269,-0.716552252,0.000169789,-0.005801733
1790504420.551189423,0.010415358656,0.006174392099,-0.022175588602,0.697510745,-0.716550880,0.000165879,-0.005793931
1790504420.584521770,0.010414613252,0.006178295028,-0.022175388498,0.697520164,-0.716541685,0.000180916,-0.005796786
1790504420.617854834,0.010416774836,0.006177879276,-0.022174272854,0.697519484,-0.716542289,0.000170461,-0.005804075
1790504420.651187897,0.010418577729,0.006174314321,-0.022175005877,0.697524619,-0.716537363,0.000175375,-0.005794990
1790504420.684520006,0.010420213567,0.006170751990,-0.022177598300,0.697523478,-0.716538477,0.000168713,-0.005794911
1790504420.717853069,0.010420563109,0.006169505975,-0.022179812791,0.697532267,-0.716529923,0.000173781,-0.005794492
1790504420.751186132,0.010419701903,0.006168800679,-0.022179671664,0.697541102,-0.716521320,0.000180610,-0.005794504
1790504420.784518957,0.010418806479,0.006166595362,-0.022178432515,0.697537192,-0.716525093,0.000172897,-0.005798871
1790504420.817851067,0.010417511149,0.006165342192,-0.022178310564,0.697533386,-0.716528862,0.000165162,-0.005791221
1790504420.851184130,0.010416326766,0.006167194981,-0.022180993652,0.697536871,-0.716525442,0.000161053,-0.005794797
1790504420.884517193,0.010414977148,0.006169171355,-0.022184713361,0.697541489,-0.716520868,0.000163606,-0.005804398
1790504420.917849779,0.010413526591,0.006168352389,-0.022185552517,0.697535599,-0.716526588,0.000151717,-0.005806372
1790504420.951181889,0.010412364382,0.006167163446,-0.022185472818,0.697532459,-0.716529715,0.000156460,-0.005797566
1790504420.984514713,0.010415904208,0.006168365529,-0.022182546384,0.697534133,-0.716528064,0.000138508,-0.005800638
1790504421.017847538,0.010422271434,0.006172297349,-0.022176093705,0.697534552,-0.716527541,0.000129921,-0.005815087
1790504421.051184893,0.010426497705,0.006177013200,-0.022169380048,0.697541076,-0.716521119,0.000135306,-0.005823667
1790504421.084522963,0.010426782068,0.006179959650,-0.022165965081,0.697538588,-0.716523501,0.000117823,-0.005828944
1790504421.117861271,0.010422815584,0.006179863543,-0.022169812690,0.697548095,-0.716514295,0.000132925,-0.005822582
1790504421.151199579,0.010420982857,0.006174702089,-0.022175930071,0.697541580,-0.716520688,0.000134581,-0.005816369
1790504421.184536934,0.010423560642,0.006167451708,-0.022175675849,0.697546047,-0.716516225,0.000133217,-0.005830468
1790504421.217875004,0.010425287279,0.006161858103,-0.022173505716,0.697540037,-0.716522150,0.000125181,-0.005821492
1790504421.251213312,0.010424433152,0.006162520017,-0.022174969074,0.697548959,-0.716513430,0.000136973,-0.005825501
1790504421.284550667,0.010423236770,0.006166728049,-0.022176083892,0.697557785,-0.716504780,0.000140159,-0.005832410
1790504421.317889214,0.010420484030,0.006167638300,-0.022176420915,0.697562782,-0.716499851,0.000147134,-0.005840124
1790504421.351227522,0.010416477128,0.006165287573,-0.022179138048,0.697556706,-0.716505914,0.000152068,-0.005821940
1790504421.384565830,0.010415366046,0.006165554425,-0.022180872785,0.697561184,-0.716501510,0.000148219,-0.005827412
1790504421.417903662,0.010415703013,0.006168780283,-0.022178980344,0.697570800,-0.716492052,0.000154455,-0.005839042
1790504421.451241970,0.010414875613,0.006171013967,-0.022174714265,0.697582384,-0.716480721,0.000165528,-0.005845204
1790504421.484580278,0.010413444104,0.006171947275,-0.022171200795,0.697596339,-0.716467011,0.000168515,-0.005860220
1790504421.517919064,0.010411432633,0.006172543441,-0.022169765721,0.697609426,-0.716454172,0.000181546,-0.005871538
1790504421.551256657,0.010411233271,0.006172457419,-0.022169271406,0.697621723,-0.716442164,0.000182926,-0.005875728
1790504421.584594965,0.010414783744,0.006171574528,-0.022166921808,0.697639804,-0.716424376,0.000184305,-0.005897813
1790504421.617933512,0.010420571205,0.006170717711,-0.022164678153,0.697649497,-0.716414918,0.000188813,-0.005899912
1790504421.651271343,0.010427675893,0.006172221702,-0.022163314204,0.697662497,-0.716402162,0.000202704,-0.005911177
1790504421.684609890,0.010436205807,0.006175668397,-0.022162703479,0.697680315,-0.716384645,0.000204846,-0.005930957
1790504421.717948437,0.010444566593,0.006178375322,-0.022162064874,0.697696797,-0.716368536,0.000214870,-0.005937483
1790504421.751287460,0.010449513294,0.006178863650,-0.022162554070,0.697709677,-0.716355866,0.000216679,-0.005952594
1790504421.784625053,0.010444597166,0.006178104354,-0.022164895453,0.697712803,-0.716352795,0.000219133,-0.005955700
1790504421.817963600,0.010430075479,0.006176932773,-0.022168115064,0.697719971,-0.716345906,0.000224933,-0.005944302
1790504421.851302385,0.010414355245,0.006176310603,-0.022169412458,0.697724094,-0.716341938,0.000237359,-0.005937950
1790504421.884641409,0.010403692554,0.006177612432,-0.022168134859,0.697730799,-0.716335354,0.000237496,-0.005944408
1790504421.917979002,0.010398984473,0.006179543261,-0.022167712993,0.697741952,-0.716324454,0.000248374,-0.005948391
1790504421.951317787,0.010402512497,0.006180065444,-0.022167500458,0.697745672,-0.716320892,0.000243744,-0.005941123
1790504421.984656811,0.010411125868,0.006180188126,-0.022165490516,0.697754250,-0.716312476,0.000251627,-0.005948188
1790504422.017994642,0.010420364994,0.006179132212,-0.022162980578,0.697762406,-0.716304520,0.000252339,-0.005949492
1790504422.051329851,0.010425481548,0.006176575443,-0.022164602614,0.697763559,-0.716303413,0.000259347,-0.005947157
1790504422.084665060,0.010425078798,0.006175478616,-0.022168614319,0.697771460,-0.716295817,0.000265398,-0.005934749
1790504422.118000031,0.010421891773,0.006176063379,-0.022170781292,0.697768091,-0.716299010,0.000255029,-0.005946075
1790504422.151334286,0.010418281939,0.006176828476,-0.022169880468,0.697756311,-0.716310538,0.000244363,-0.005939963
1790504422.184669495,0.010418923108,0.006181009621,-0.022164794310,0.697743403,-0.716323120,0.000224041,-0.005939728
1790504422.218004704,0.010423827123,0.006187204160,-0.022158264786,0.697757962,-0.716308657,0.000220536,-0.005973708
1790504422.251339674,0.010428921187,0.006183358921,-0.022154725307,0.697746334,-0.716320098,0.000209001,-0.005960414
1790504422.284673929,0.010433085202,0.006166608947,-0.022154226062,0.697740904,-0.716325306,0.000186499,-0.005970872
1790504422.318008900,0.010437218618,0.006141750737,-0.022155472898,0.697728240,-0.716337673,0.000170396,-0.005967540
1790504422.351344109,0.010442475180,0.006114541316,-0.022158200577,0.697724690,-0.716341075,0.000163555,-0.005974406
1790504422.384678125,0.010447539030,0.006088168790,-0.022163512180,0.697725084,-0.716340693,0.000143865,-0.005974846
1790504422.418013096,0.010450498237,0.006063010374,-0.022174028360,0.697724601,-0.716341016,0.000144247,-0.005992429
1790504422.451348305,0.010449539854,0.006038288992,-0.022191911982,0.697706421,-0.716358658,0.000114013,-0.006000783
1790504422.484683275,0.010444344165,0.006012923581,-0.022214169444,0.697702618,-0.716362178,0.000095256,-0.006023150
1790504422.518017530,0.010435643588,0.005985219214,-0.022235498709,0.697700484,-0.716364170,0.000089288,-0.006033497
1790504422.551352501,0.010425837851,0.005953401599,-0.022250691560,0.697681205,-0.716382970,0.000059991,-0.006031031
1790504422.584687471,0.010416054212,0.005915899688,-0.022255692876,0.697686518,-0.716377566,0.000045898,-0.006058318
1790504422.618021727,0.010405504404,0.005872095483,-0.022249171926,0.697671767,-0.716391983,0.000018468,-0.006052424
1790504422.651356697,0.010393559190,0.005825261528,-0.022232647950,0.697665617,-0.716397784,-0.000002747,-0.006074689
1790504422.684691668,0.010379777021,0.005782176301,-0.022208436712,0.697657433,-0.716405617,-0.000019902,-0.006090749
1790504422.718026876,0.010363736991,0.005752420281,-0.022176847300,0.697645471,-0.716417213,-0.000042112,-0.006096845
1790504422.751360893,0.010345756963,0.005745958596,-0.022137193809,0.697634616,-0.716427783,-0.000049490,-0.006096868
1790504422.784695864,0.010326988843,0.005767187904,-0.022089152177,0.697648488,-0.716414075,-0.000066773,-0.006120184
1790504422.818030834,0.010309734927,0.005810031414,-0.022034906709,0.697652356,-0.716410126,-0.000074183,-0.006141332
1790504422.851366043,0.010298259383,0.005860778562,-0.021979483626,0.697654399,-0.716408031,-0.000091139,-0.006153409
1790504422.884700060,0.010299481833,0.005903857710,-0.021929957532,0.697657111,-0.716405216,-0.000093397,-0.006173667
1790504422.918035030,0.010319098489,0.005927291037,-0.021894930803,0.697660977,-0.716401305,-0.000110909,-0.006190227
1790504422.951369762,0.010359256957,0.005925271490,-0.021878889052,0.697665564,-0.716396685,-0.000123581,-0.006207728
1790504422.984703779,0.010414263194,0.005899355280,-0.021876821956,0.697668688,-0.716393385,-0.000135112,-0.006237087
1790504423.018038750,0.010472804599,0.005856321347,-0.021882833696,0.697670962,-0.716391152,-0.000136258,-0.006239231
1790504423.051373243,0.010527068142,0.005804124533,-0.021894707305,0.697664447,-0.716397406,-0.000156654,-0.006249156
1790504423.084707975,0.010568536203,0.005746679348,-0.021912622210,0.697680552,-0.716381496,-0.000163641,-0.006274786
1790504423.118041515,0.010592536433,0.005684886326,-0.021934286678,0.697667164,-0.716394584,-0.000179743,-0.006268601
1790504423.151376009,0.010599124278,0.005621137785,-0.021956970743,0.697661876,-0.716399632,-0.000182503,-0.006280096
1790504423.184710741,0.010592293366,0.005559574194,-0.021981142949,0.697649324,-0.716411940,-0.000198727,-0.006270114
1790504423.218045235,0.010576467222,0.005504831665,-0.022007123143,0.697641456,-0.716419556,-0.000205962,-0.006275001
1790504423.251379013,0.010552354042,0.005460864685,-0.022031402248,0.697637206,-0.716423717,-0.000218118,-0.006272045
1790504423.284713268,0.010523778610,0.005431269290,-0.022049814750,0.697616171,-0.716444327,-0.000231580,-0.006256997
1790504423.318047762,0.010496215572,0.005417560559,-0.022063669595,0.697611086,-0.716449234,-0.000241504,-0.006261797
1790504423.351381540,0.010467397145,0.005418178533,-0.022071823696,0.697605993,-0.716454261,-0.000248641,-0.006253681
1790504423.384716034,0.010430944370,0.005430946012,-0.022061964716,0.697592520,-0.716467248,-0.000261399,-0.006268180
1790504423.418050528,0.010391237700,0.005458773278,-0.022023648814,0.697578427,-0.716481195,-0.000274098,-0.006241898
1790504423.451385260,0.010363579380,0.005508665964,-0.021965366041,0.697594226,-0.716465616,-0.000274766,-0.006264234
1790504423.484718800,0.010358135720,0.005580788877,-0.021902279070,0.697612888,-0.716447334,-0.000262427,-0.006277557
1790504423.518053293,0.010376958838,0.005667561704,-0.021834893890,0.697623206,-0.716437229,-0.000265430,-0.006283979
1790504423.551388025,0.010427567961,0.005764006413,-0.021760360323,0.697634412,-0.716426290,-0.000271949,-0.006286821
1790504423.584722519,0.010527011867,0.005871566301,-0.021688611020,0.697650235,-0.716410878,-0.000269225,-0.006287275
1790504423.618055820,0.010676025597,0.005989694962,-0.021631978408,0.697674609,-0.716387000,-0.000257820,-0.006303946
1790504423.651390314,0.010866634705,0.006111708734,-0.021588910709,0.697678275,-0.716383347,-0.000265349,-0.006313053
1790504423.684725046,0.011072190512,0.006225931976,-0.021561406391,0.697698924,-0.716363130,-0.000257397,-0.006325471
1790504423.718058586,0.011241193526,0.006312848561,-0.021552473806,0.697710466,-0.716351851,-0.000255681,-0.006329698
1790504423.751393080,0.011337504393,0.006348181236,-0.021536587164,0.697721573,-0.716341074,-0.000262724,-0.006324836
1790504423.784727573,0.011341934331,0.006322491833,-0.021493506443,0.697692428,-0.716369494,-0.000264448,-0.006320934
1790504423.818062305,0.011290871277,0.006276511429,-0.021475301606,0.697127767,-0.716919174,-0.000114031,-0.006305674
1790504423.851395845,0.011216122076,0.006259469291,-0.021549396912,0.697655995,-0.716405651,-0.000286696,-0.006242842
1790504423.884730339,0.011098322522,0.006252742568,-0.021654880025,0.697649079,-0.716412703,-0.000279083,-0.006206723
1790504423.918064594,0.010952223709,0.006220799677,-0.021702052392,0.697621601,-0.716439673,-0.000282741,-0.006181942
1790504423.951398373,0.010809226523,0.006172027473,-0.021744324601,0.697608532,-0.716452649,-0.000287723,-0.006152724
1790504423.984732866,0.010674052819,0.006121123490,-0.021829709970,0.697636215,-0.716425933,-0.000282019,-0.006124884
1790504424.018067360,0.010538403009,0.006058084553,-0.021872904236,0.697580000,-0.716481043,-0.000303563,-0.006079951
1790504424.051404715,0.010399315964,0.005989221192,-0.021856354221,0.697546687,-0.716513680,-0.000299722,-0.006056074
1790504424.084741116,0.010259507657,0.005941293032,-0.021848588632,0.697537083,-0.716523293,-0.000312466,-0.006024280
1790504424.118078470,0.010124507415,0.005919317214,-0.021838388091,0.697571291,-0.716489780,-0.000297700,-0.006049761
1790504424.151415825,0.010005856141,0.005911629455,-0.021795909887,0.697572342,-0.716488783,-0.000288947,-0.006047131
1790504424.184753418,0.009916198666,0.005916749133,-0.021762911082,0.697602362,-0.716459206,-0.000273662,-0.006088998
1790504424.218089819,0.009871862868,0.005931338597,-0.021767588084,0.697639264,-0.716423230,-0.000267828,-0.006094342
1790504424.251427174,0.009873070827,0.005939020267,-0.021788865571,0.697661757,-0.716401255,-0.000257051,-0.006103171
1790504424.284764767,0.009909914291,0.005931857276,-0.021817387018,0.697682769,-0.716380683,-0.000241196,-0.006116572
1790504424.318101168,0.009982989270,0.005922365211,-0.021869848598,0.697712016,-0.716352024,-0.000240388,-0.006136991
1790504424.351438522,0.010086830209,0.005925151938,-0.021949946417,0.697743660,-0.716321041,-0.000230567,-0.006156175
1790504424.384776115,0.010189098884,0.005943090449,-0.022027682409,0.697784534,-0.716281153,-0.000209837,-0.006165260
1790504424.418113470,0.010243883645,0.005972453150,-0.022085189800,0.697810661,-0.716255484,-0.000194357,-0.006190708
1790504424.451450109,0.010255352548,0.006004419103,-0.022138863697,0.697970778,-0.716098256,-0.000034918,-0.006330856
1790504424.484787703,0.010265243704,0.006021104541,-0.022199184590,0.697976354,-0.716092849,-0.000046500,-0.006327582
1790504424.518125296,0.010248361974,0.006008977493,-0.022269061875,0.698114676,-0.715956963,0.000103848,-0.006443324
1790504424.551462889,0.010167945355,0.005982004445,-0.022346203635,0.697986249,-0.716079985,0.000575472,-0.006657251
1790504424.584799290,0.010080805689,0.005978466514,-0.022401274520,0.698118992,-0.715947825,0.000772387,-0.006927378
1790504424.618136883,0.010070055054,0.006009734967,-0.022402154142,0.698142944,-0.715924128,0.000755019,-0.006964438
1790504424.651474714,0.010130712913,0.006043967390,-0.022360803384,0.698114780,-0.715954220,0.000564428,-0.006707443
1790504424.684811354,0.010196310659,0.006036622020,-0.022317061964,0.698221362,-0.715849914,0.000590773,-0.006744023
1790504424.718148947,0.010228605364,0.005969110398,-0.022278536529,0.697979389,-0.716086249,0.000583930,-0.006701955
1790504424.751486540,0.010228424351,0.005860347794,-0.022243016080,0.697893389,-0.716170550,0.000564801,-0.006651429
1790504424.784824133,0.010210652263,0.005737463871,-0.022220378966,0.698023185,-0.716043236,0.000557379,-0.006738365
1790504424.818160772,0.010168619208,0.005615306707,-0.022207474427,0.698098363,-0.715968720,0.000504798,-0.006871235
1790504424.851498842,0.010031351285,0.005494385527,-0.022224250790,0.698057989,-0.716007452,0.000559103,-0.006932563
1790504424.884836435,0.009674352936,0.005375540572,-0.022352277838,0.698239724,-0.715828050,0.000662388,-0.007145007
1790504424.918174028,0.008988744076,0.005246455634,-0.022653130564,0.698791677,-0.715276001,0.002000691,-0.008150592
1790504424.951510906,0.007955156893,0.005074909886,-0.023053044974,0.700323059,-0.713722430,0.003226362,-0.011725894
1790504424.984848738,0.006607563475,0.004848147652,-0.023396740153,0.701281828,-0.712664554,0.004339899,-0.017152124
1790504425.018186569,0.005050160409,0.004595778043,-0.023534712446,0.700895811,-0.712954830,0.007078976,-0.019757549
1790504425.051521540,0.003484879258,0.004358743174,-0.023362755514,0.698827553,-0.714907838,0.009703718,-0.021276098
1790504425.084857225,0.002050975569,0.004084640700,-0.022927118939,0.695436227,-0.718175180,0.009531242,-0.022405808
1790504425.118193150,0.000717084079,0.003645335909,-0.022422905443,0.692209430,-0.721284635,0.009928819,-0.022271035
1790504425.151529074,-0.000615903983,0.003005149476,-0.021988363941,0.688882757,-0.724466567,0.011610593,-0.021305737
1790504425.184864044,-0.001977599095,0.002297746401,-0.021571555530,0.684930767,-0.728147671,0.010219965,-0.023798445
1790504425.218199968,-0.003363756194,0.001692500205,-0.021097589199,0.680681269,-0.732094896,0.009644710,-0.024840547
1790504425.251535892,-0.004750050568,0.001205728951,-0.020607726790,0.677304719,-0.735218386,0.009942809,-0.024766560
1790504425.284870863,-0.006091776052,0.000742398420,-0.020206688419,0.674938049,-0.737391842,0.009597116,-0.024895696
1790504425.318206787,-0.007402895233,0.000235770524,-0.019974932033,0.673656905,-0.738513598,0.007699769,-0.026921248
1790504425.351542711,-0.008759818282,-0.000366152605,-0.019982092514,0.672364436,-0.739662735,0.005537198,-0.028185864
1790504425.384878635,-0.010207362571,-0.001130327929,-0.020287222357,0.672570024,-0.739424872,0.005245819,-0.029544933
1790504425.418213606,-0.011707990876,-0.002108889447,-0.020922463520,0.673320591,-0.738664564,0.004632112,-0.031505361
1790504425.451549530,-0.013186063151,-0.003324597314,-0.021914838184,0.674411350,-0.737621254,0.004682823,-0.032592762
1790504425.484885454,-0.014604654442,-0.004766975878,-0.023304454515,0.676133084,-0.735978092,0.004413478,-0.034070833
1790504425.518221378,-0.015973886074,-0.006408356862,-0.025127668053,0.678125377,-0.734079456,0.005454162,-0.035264382
1790504425.551556349,-0.017358021700,-0.008229057810,-0.027391283280,0.679987367,-0.732304114,0.005209823,-0.036341753
1790504425.584892511,-0.018835501956,-0.010210071425,-0.030052016091,0.682008979,-0.730306408,0.005503014,-0.038548933
1790504425.618228436,-0.020439707374,-0.012328596743,-0.033025035253,0.684197132,-0.728141875,0.005687200,-0.040636805
1790504425.651563406,-0.022131438961,-0.014557612992,-0.036206899162,0.687196352,-0.725208915,0.005377403,-0.042476906
1790504425.684899569,-0.023840345214,-0.016879842100,-0.039503319975,0.689713316,-0.722703722,0.003509802,-0.044525876
1790504425.718235493,-0.025522888234,-0.019298898731,-0.042845368839,0.693178036,-0.719158903,0.004471354,-0.047902929
1790504425.751571894,-0.027183572973,-0.021830132678,-0.046187368291,0.694830233,-0.717490232,0.003574672,-0.049050331
1790504425.784906626,-0.028841208883,-0.024475444468,-0.049485213784,0.697253897,-0.714920828,0.003023779,-0.052115917
1790504425.818242788,-0.030552710775,-0.027231525603,-0.052730869788,0.699053033,-0.712904930,0.001836330,-0.055570186
1790504425.851578951,-0.032369833005,-0.030107819889,-0.055935916661,0.700031285,-0.711863510,0.003482642,-0.056519148
1790504425.884915113,-0.034295570323,-0.033114310709,-0.059096474980,0.701248204,-0.710597663,0.004226088,-0.057306701
1790504425.918250084,-0.036323108005,-0.036235289246,-0.062196561709,0.702719282,-0.708947916,0.004895910,-0.059619573
1790504425.951586246,-0.038455445311,-0.039425928671,-0.065202756143,0.702893908,-0.708718655,0.004537779,-0.060311111
1790504425.984922409,-0.040674327468,-0.042631183617,-0.068054222260,0.703683174,-0.707821962,0.005574995,-0.061538447
1790504426.018257380,-0.042941493148,-0.045812844112,-0.070693172772,0.704243502,-0.707091542,0.007038870,-0.063348989
1790504426.051594734,-0.045208624179,-0.048985091167,-0.073100007905,0.704800028,-0.706323557,0.008856405,-0.065463861
1790504426.084932089,-0.047431125615,-0.052193739842,-0.075310296270,0.703476769,-0.707611300,0.010172344,-0.065598832
1790504426.118269444,-0.049561514745,-0.055433604923,-0.077346475066,0.701665540,-0.709460904,0.011915590,-0.064720271
1790504426.151606083,-0.051537146445,-0.058623857205,-0.079178623838,0.700191617,-0.710917138,0.013545117,-0.064382085
1790504426.184943676,-0.053323813394,-0.061726773018,-0.080774122245,0.699274072,-0.711842260,0.014961697,-0.063816274
1790504426.218281031,-0.054923693869,-0.064780061348,-0.082137316878,0.698670521,-0.712501813,0.016120384,-0.062775810
1790504426.251618385,-0.056360171776,-0.067840299903,-0.083307287661,0.698455173,-0.712703550,0.016002642,-0.062912136
1790504426.284955025,-0.057672951130,-0.070944298127,-0.084329295713,0.696857698,-0.714313843,0.017298357,-0.062014906
1790504426.318292379,-0.058897209719,-0.074133340413,-0.085233705040,0.698247745,-0.713150180,0.013125646,-0.060783419
1790504426.351630211,-0.060029192839,-0.077464770757,-0.086035163259,0.697763253,-0.713737896,0.012107098,-0.059649627
1790504426.384966612,-0.061092374932,-0.080965457389,-0.086705782300,0.697939404,-0.713557761,0.009239375,-0.060253989
1790504426.418304205,-0.062168988854,-0.084591674181,-0.087236779204,0.698168399,-0.713232554,0.005806015,-0.061858710
1790504426.451641560,-0.063361499679,-0.088257933802,-0.087670089246,0.698364348,-0.712979052,0.003513419,-0.062735669
1790504426.484979153,-0.064694112719,-0.091886672217,-0.088043428352,0.698587260,-0.712728216,0.003529308,-0.063102094
1790504426.518316031,-0.066090305166,-0.095455092885,-0.088363174385,0.698236609,-0.713122859,0.003938641,-0.062497299
1790504426.551653385,-0.067464003098,-0.098979858499,-0.088634086746,0.697288999,-0.714142541,0.004451536,-0.061389464
1790504426.584990978,-0.068807049855,-0.102482584284,-0.088886659453,0.695950418,-0.715544662,0.005133236,-0.060187234
1790504426.618327618,-0.070171556255,-0.105995827124,-0.089172599137,0.695313302,-0.716196760,0.006743024,-0.059633431
1790504426.651665211,-0.071586810064,-0.109575912717,-0.089538513391,0.695240004,-0.716225981,0.007794072,-0.060007780
1790504426.685003042,-0.073048137399,-0.113260910759,-0.090008659957,0.695471559,-0.715912045,0.008252833,-0.061001199
1790504426.718340635,-0.074567258697,-0.117068330650,-0.090578902052,0.697202564,-0.714092932,0.008782057,-0.062471949
1790504426.751677275,-0.076171957675,-0.120986384332,-0.091207570841,0.698635372,-0.712575064,0.008283684,-0.063849627
1790504426.785014868,-0.077871479141,-0.124951925781,-0.091810000369,0.699880982,-0.711140387,0.007970598,-0.066199924
1790504426.818352461,-0.079658599949,-0.128878777605,-0.092284642683,0.701065274,-0.709785876,0.008855594,-0.068066653
1790504426.851690531,-0.081535530066,-0.132716347416,-0.092545300109,0.701370707,-0.709262811,0.009496508,-0.070251074
1790504426.885027170,-0.083525574760,-0.136451168644,-0.092553078435,0.700599492,-0.709761562,0.010619800,-0.072705549
1790504426.918364763,-0.085625738252,-0.140101546588,-0.092328226870,0.699639995,-0.710414042,0.012907292,-0.075160950
1790504426.951702356,-0.087788847824,-0.143706204102,-0.091931205154,0.697337751,-0.712490545,0.015174843,-0.076465729
1790504426.985039234,-0.089968549573,-0.147274536649,-0.091429488590,0.695161067,-0.714403984,0.016601339,-0.078118073
1790504427.018377066,-0.092124498743,-0.150763120356,-0.090887967453,0.693367084,-0.716011909,0.017341915,-0.079172536
1790504427.051711082,-0.094184139372,-0.154115167571,-0.090371434680,0.691583129,-0.717583891,0.018003609,-0.080386598
1790504427.085045099,-0.096074587670,-0.157304560409,-0.089960661078,0.691303490,-0.717661099,0.017993175,-0.082087013
1790504427.118378401,-0.097794825125,-0.160313931796,-0.089733657391,0.691426177,-0.717480243,0.017497359,-0.082739256
1790504427.151712418,-0.099420509584,-0.163119076016,-0.089678375242,0.692475895,-0.716511017,0.017341019,-0.082391662
1790504427.185046673,-0.101056251771,-0.165712490185,-0.089669372431,0.693666824,-0.715318811,0.017354510,-0.082729425
1790504427.218380690,-0.102788524886,-0.168081895502,-0.089560827730,0.695324796,-0.713604237,0.017076477,-0.083670873
1790504427.251713514,-0.104635315216,-0.170184192380,-0.089244387324,0.696000552,-0.712768525,0.017343955,-0.085108449
1790504427.285047531,-0.106556481204,-0.171983875015,-0.088631706455,0.697045382,-0.711569228,0.017998302,-0.086446693
1790504427.318381786,-0.108500162951,-0.173502051881,-0.087654145638,0.697619788,-0.710811607,0.018972498,-0.087826729
1790504427.351714849,-0.110417351124,-0.174805157225,-0.086294329833,0.697035401,-0.711189176,0.020230372,-0.089119792
1790504427.385048866,-0.112270107974,-0.175973620580,-0.084596894199,0.695129639,-0.712927279,0.020965981,-0.089943913
1790504427.418382883,-0.114064826792,-0.177043359750,-0.082651812900,0.693483988,-0.714564301,0.021469446,-0.089537035
1790504427.451716900,-0.115821738561,-0.177981144126,-0.080533794348,0.691473444,-0.716396798,0.022208733,-0.090260047
1790504427.485049725,-0.117544879095,-0.178766922216,-0.078271175917,0.690218277,-0.717328857,0.022562484,-0.092352447
1790504427.518383503,-0.119248599994,-0.179474788697,-0.075890761424,0.688466451,-0.718724379,0.023099251,-0.094422650
1790504427.551717520,-0.120924853296,-0.180204512439,-0.073425491674,0.687579996,-0.719340269,0.023567107,-0.096062051
1790504427.585051537,-0.122493637604,-0.181003081381,-0.070905089628,0.685332119,-0.721513867,0.024005932,-0.095714896
1790504427.618384600,-0.123878571122,-0.181868392877,-0.068363128093,0.683885308,-0.723089454,0.023476969,-0.094294002
1790504427.651718378,-0.125107322796,-0.182747340218,-0.065839182686,0.683562075,-0.723609514,0.022638936,-0.092842015
1790504427.685052156,-0.126292232921,-0.183544081969,-0.063356915168,0.681745655,-0.725343648,0.022745123,-0.092639702
1790504427.718384981,-0.127514983511,-0.184187314880,-0.060926783106,0.680793835,-0.726290616,0.022994133,-0.092157283
1790504427.751718998,-0.128759397217,-0.184658321069,-0.058556906597,0.679795898,-0.727203239,0.022463782,-0.092457364
1790504427.785052776,-0.129977886731,-0.184946346404,-0.056272798030,0.678500480,-0.728081508,0.021505684,-0.095246639
1790504427.818386793,-0.131161314887,-0.185044586144,-0.054147417856,0.678291699,-0.727896605,0.020518422,-0.098315297
1790504427.851719379,-0.132299408574,-0.184993375201,-0.052253236880,0.678894517,-0.726965033,0.019597309,-0.101192992
1790504427.885053158,-0.133334699217,-0.184857967566,-0.050608225253,0.678364385,-0.727311480,0.017658137,-0.102605860
1790504427.918387175,-0.134215251212,-0.184669961327,-0.049184530476,0.679834357,-0.725733354,0.014778061,-0.104489015
1790504427.951719999,-0.134956755465,-0.184432204908,-0.047951565865,0.680873755,-0.724476744,0.013016319,-0.106653418
1790504427.985053778,-0.135605935040,-0.184180728072,-0.046867958058,0.681834622,-0.723573841,0.011572345,-0.106810700
1790504428.018387556,-0.136187273480,-0.183968742888,-0.045891081294,0.681522649,-0.724032153,0.011566986,-0.105690700
1790504428.051721811,-0.136724628685,-0.183805146849,-0.045033697495,0.680636264,-0.725129771,0.012494047,-0.103754471
1790504428.085055351,-0.137221726836,-0.183664562784,-0.044372805395,0.680005777,-0.726216430,0.016598278,-0.099631011
1790504428.118389845,-0.137622227607,-0.183527838094,-0.043983634211,0.681807218,-0.725170106,0.022062224,-0.093704289
1790504428.151724339,-0.137842474788,-0.183376264283,-0.043891797296,0.683105678,-0.724575509,0.025182881,-0.087879382
1790504428.185058832,-0.137811184852,-0.183193846407,-0.044051124292,0.684459164,-0.723822487,0.025928960,-0.083212677
1790504428.218392134,-0.137515320313,-0.182952102881,-0.044381954540,0.685735432,-0.723124707,0.024807398,-0.079007393
1790504428.251726627,-0.137056916887,-0.182616459839,-0.044837270465,0.687138343,-0.722363075,0.024437548,-0.073724429
1790504428.285061121,-0.136582892533,-0.182166175774,-0.045418044311,0.689552444,-0.720433594,0.025875466,-0.069450153
1790504428.318394184,-0.136168324101,-0.181636111051,-0.046147668304,0.691028204,-0.719536276,0.028442342,-0.062758281
1790504428.351728678,-0.135804106890,-0.181104563784,-0.047017401500,0.690027217,-0.721009078,0.031267912,-0.055051487
1790504428.385062933,-0.135466279256,-0.180615374764,-0.047972075592,0.692661782,-0.718824644,0.033373606,-0.048959049
1790504428.418397427,-0.135118461252,-0.180172129610,-0.048938775407,0.693576266,-0.718381253,0.033218767,-0.042152719
1790504428.451730728,-0.134742735858,-0.179795191491,-0.049854377777,0.694170611,-0.718096317,0.033418632,-0.036715634
1790504428.485065222,-0.134374214622,-0.179480064087,-0.050723524958,0.694561137,-0.717978284,0.035936624,-0.028294354
1790504428.518399477,-0.133972058054,-0.179175417430,-0.051546599299,0.694664059,-0.718019540,0.039915664,-0.017219901
1790504428.551733732,-0.133465142013,-0.178839467000,-0.052295427531,0.694124590,-0.718557690,0.041938292,-0.010347877
1790504428.585066795,-0.132880619042,-0.178448566098,-0.052972471319,0.695401238,-0.717373671,0.042162736,-0.003799760
1790504428.618401051,-0.132318323000,-0.177968057576,-0.053626577263,0.696440711,-0.716333667,0.042746111,0.003030468
1790504428.651735544,-0.131830639958,-0.177374858722,-0.054285688547,0.696442411,-0.716117321,0.045557062,0.008276738
1790504428.685068846,-0.131362345812,-0.176684987605,-0.054922600947,0.697044912,-0.715300757,0.047824118,0.013640778
1790504428.718403101,-0.130827407484,-0.175929508891,-0.055497703929,0.696582558,-0.715598192,0.048913905,0.017303105
1790504428.751737118,-0.130206901031,-0.175141000990,-0.055998785319,0.697601820,-0.714366052,0.051241123,0.020179006
1790504428.785071373,-0.129500526790,-0.174363119019,-0.056424262736,0.698091356,-0.713448433,0.054149710,0.026974092
1790504428.818404436,-0.128667304598,-0.173626379667,-0.056749236322,0.696981961,-0.714273904,0.054430246,0.032654009
1790504428.851738691,-0.127715995074,-0.172921855719,-0.056967207043,0.695666344,-0.715289922,0.054660667,0.037694515
1790504428.885072947,-0.126723762279,-0.172236625182,-0.057102457332,0.694982766,-0.715649573,0.055238230,0.042348331
1790504428.918406963,-0.125774062376,-0.171586385491,-0.057169892540,0.694719005,-0.715713026,0.055460145,0.045216596
1790504428.951740265,-0.124949561491,-0.170976760071,-0.057179741162,0.694427553,-0.715854398,0.055180467,0.047728085
1790504428.985074282,-0.124291130132,-0.170401009191,-0.057130548179,0.692177483,-0.717709927,0.056534866,0.050858640
1790504429.018408537,-0.123774314622,-0.169849813291,-0.057007749487,0.691596405,-0.717862412,0.058842835,0.053902598
1790504429.051742315,-0.123332325555,-0.169296824328,-0.056818093775,0.688025946,-0.720561472,0.062677307,0.059017107
1790504429.085077286,-0.122895409719,-0.168712891192,-0.056583394544,0.687204322,-0.720688609,0.065963574,0.063300525
1790504429.118412256,-0.122476317952,-0.168072326804,-0.056371802181,0.686854708,-0.720490062,0.067310969,0.067778421
1790504429.151747465,-0.122214898835,-0.167364108315,-0.056278715209,0.687642956,-0.719154951,0.069167559,0.071966453
1790504429.185081482,-0.122219983005,-0.166615251873,-0.056366585131,0.686578480,-0.718737737,0.075669619,0.079373580
1790504429.218416452,-0.122431642072,-0.165908111239,-0.056579445077,0.685623309,-0.718650685,0.080611038,0.083448977
1790504429.251751423,-0.122712136121,-0.165309542845,-0.056806226308,0.687664264,-0.716247764,0.083682658,0.084286495
1790504429.285085440,-0.122971907539,-0.164844559868,-0.056948909042,0.688691257,-0.715072025,0.085139818,0.084424897
1790504429.318420410,-0.123184491354,-0.164523578040,-0.056902081215,0.689068116,-0.714651672,0.085524570,0.084520217
1790504429.351755381,-0.123393228079,-0.164343168844,-0.056598974894,0.688254993,-0.714961439,0.087246974,0.086736213
1790504429.385090351,-0.123669924194,-0.164281023248,-0.056047234164,0.687203358,-0.714720395,0.090910304,0.093067814
1790504429.418424368,-0.124003237467,-0.164314773773,-0.055300785584,0.684463555,-0.716202225,0.094662445,0.097995080
1790504429.451759338,-0.124307388559,-0.164388152284,-0.054432057618,0.680625030,-0.719036093,0.097484569,0.101160391
1790504429.485094309,-0.124525703314,-0.164404374812,-0.053529046453,0.678746598,-0.720526920,0.098699476,0.101992292
1790504429.518429279,-0.124652288074,-0.164289840288,-0.052656351148,0.677238641,-0.721349229,0.101096827,0.103839027
1790504429.551763296,-0.124697406423,-0.164052803453,-0.051820577298,0.679550581,-0.719656758,0.099842545,0.101669190
1790504429.585097790,-0.124704457029,-0.163729103277,-0.051024014480,0.678450105,-0.719854933,0.102642782,0.104779723
1790504429.618432760,-0.124716628479,-0.163386811158,-0.050242542403,0.678357445,-0.719184178,0.104808109,0.107798681
1790504429.651766777,-0.124713739992,-0.163108709424,-0.049417736267,0.678321380,-0.719274965,0.104798504,0.107428600
1790504429.685101748,-0.124656786128,-0.162914473826,-0.048468750419,0.678442628,-0.719478665,0.103910828,0.106153618
1790504429.718436718,-0.124550748552,-0.162754816000,-0.047307638124,0.678375020,-0.719753981,0.102316754,0.106267685
1790504429.751771688,-0.124429586707,-0.162569414783,-0.045872217952,0.678392913,-0.720136717,0.100487617,0.105301490
1790504429.785105467,-0.124306003125,-0.162329988759,-0.044115585096,0.678737440,-0.720343142,0.098769034,0.103275955
1790504429.818440437,-0.124129038198,-0.162028984965,-0.041993714210,0.678501504,-0.721261705,0.096131225,0.100876409
1790504429.851775408,-0.123818943717,-0.161636615521,-0.039478785334,0.677497063,-0.722653838,0.094155883,0.099517989
1790504429.885110140,-0.123297745717,-0.161099443141,-0.036561178925,0.676020696,-0.724273736,0.092628187,0.099214877
1790504429.918444157,-0.122494344081,-0.160369111819,-0.033242288260,0.673086697,-0.727592893,0.089568037,0.097675209
1790504429.951779127,-0.121438103836,-0.159408051295,-0.029597773715,0.669196899,-0.731576589,0.086567122,0.097351621
1790504429.985113859,-0.120234446914,-0.158165235371,-0.025781728613,0.663492699,-0.736829996,0.084425254,0.098647717
1790504430.018447638,-0.118899961271,-0.156576591967,-0.021912167720,0.658214365,-0.741284953,0.083381212,0.101479266
1790504430.051784515,-0.117405683098,-0.154612086270,-0.018043702685,0.653640947,-0.745197420,0.081404636,0.103959621
1790504430.085120916,-0.115796485912,-0.152307308385,-0.014199959056,0.650354300,-0.747976303,0.079065251,0.106392768
1790504430.118457556,-0.114169662638,-0.149760182013,-0.010416498563,0.646145009,-0.751789143,0.075196541,0.107959219
1790504430.151793242,-0.112663956008,-0.147079061290,-0.006769108729,0.642312785,-0.754983552,0.073279782,0.109837138
1790504430.185129881,-0.111421529321,-0.144337958027,-0.003348036914,0.638364185,-0.758258884,0.072208116,0.110998290
1790504430.218466520,-0.110496747520,-0.141580202518,-0.000198318094,0.633594598,-0.762037714,0.072397970,0.112316263
1790504430.251803160,-0.109790357017,-0.138856585004,0.002703437388,0.630624641,-0.764306465,0.073409139,0.112957015
1790504430.285138845,-0.109142975927,-0.136222142138,0.005399394852,0.627541355,-0.766900589,0.072999745,0.112811219
1790504430.318475723,-0.108452047274,-0.133707137325,0.007899744127,0.624217824,-0.769583174,0.072601915,0.113237842
1790504430.351812601,-0.107683814102,-0.131322605002,0.010206130041,0.620630272,-0.772148238,0.072204650,0.115722308
1790504430.385148287,-0.106877639101,-0.129058879579,0.012310739193,0.617448380,-0.774586824,0.070514597,0.117475286
1790504430.418485165,-0.106138585025,-0.126907143154,0.014190031405,0.615482136,-0.776050522,0.070370192,0.118217445
1790504430.451822042,-0.105566435401,-0.124872620262,0.015870118146,0.613548884,-0.777698910,0.069731388,0.117812169
1790504430.485158682,-0.105210655486,-0.122947687311,0.017438714456,0.611505085,-0.779378441,0.069900303,0.117237901
1790504430.518494606,-0.105033264633,-0.121117030553,0.018982943470,0.609652059,-0.780901499,0.070394522,0.116455258
1790504430.551831484,-0.104945590737,-0.119374974263,0.020544564177,0.606104898,-0.783420127,0.071410976,0.117431813
1790504430.585168362,-0.104877650051,-0.117715773160,0.022113572229,0.602828055,-0.785655620,0.071781553,0.119125952
1790504430.618504286,-0.104766238972,-0.116122202465,0.023632188665,0.601051895,-0.786954418,0.072343219,0.119188178
1790504430.651841402,-0.104575737917,-0.114607402642,0.025018923185,0.600032953,-0.787912467,0.071190359,0.118685854
1790504430.685178280,-0.104323883962,-0.113212457662,0.026191609399,0.598582824,-0.789178388,0.068924500,0.118934807
1790504430.718515396,-0.104050326057,-0.111950469584,0.027078519763,0.597562189,-0.789869295,0.068711992,0.119601792
1790504430.751851320,-0.103787534935,-0.110820176679,0.027618697221,0.595936811,-0.791089581,0.067304578,0.120443706
1790504430.785188437,-0.103558917486,-0.109848447977,0.027769582740,0.595273907,-0.791378906,0.067646281,0.121623941
1790504430.818525314,-0.103398935323,-0.109118066643,0.027513502366,0.595996745,-0.790718966,0.067391984,0.122514152
1790504430.851862431,-0.103357416394,-0.108780211287,0.026847200658,0.598846290,-0.788524578,0.067967879,0.122443779
1790504430.885198832,-0.103487818450,-0.108974214315,0.025784714543,0.602021410,-0.786105450,0.068238763,0.122278017
1790504430.918535709,-0.103786199977,-0.109725464392,0.024389366082,0.606743070,-0.782760391,0.068508829,0.120231264
1790504430.951872826,-0.104167024327,-0.110932695133,0.022774865178,0.611634364,-0.779554479,0.065919630,0.117698009
1790504430.985208988,-0.104477165340,-0.112441168324,0.021101144593,0.615102841,-0.776872321,0.066033067,0.117292480
1790504431.018546104,-0.104598391474,-0.114110839256,0.019515776026,0.618197492,-0.774404219,0.064662663,0.118104641
1790504431.051880360,-0.104492913660,-0.115867304748,0.018103820083,0.621043232,-0.771825266,0.064108913,0.120337482
1790504431.085214615,-0.104129394908,-0.117749492479,0.016933816607,0.624285158,-0.768915781,0.063966176,0.122249299
1790504431.118547678,-0.103470674617,-0.119860526409,0.016091467023,0.627671289,-0.766005713,0.062844978,0.123751807
1790504431.151881933,-0.102553243943,-0.122255217018,0.015670372641,0.629271514,-0.764335834,0.062349435,0.126177025
1790504431.185215712,-0.101481972071,-0.124900964636,0.015735147478,0.630363261,-0.762899813,0.064326276,0.128406251
1790504431.218549967,-0.100331367079,-0.127684697458,0.016275755882,0.631318102,-0.761449012,0.067209990,0.130826881
1790504431.251883030,-0.099087898867,-0.130449327054,0.017233604415,0.632424707,-0.760445232,0.068018193,0.130902881
1790504431.285217047,-0.097720944890,-0.133039353308,0.018545915189,0.634014317,-0.759320823,0.067818921,0.129839624
1790504431.318551302,-0.096222657643,-0.135324565993,0.020143297225,0.636037288,-0.757715439,0.068298565,0.129070478
1790504431.351884365,-0.094578564014,-0.137199500353,0.021980975107,0.637323285,-0.757006445,0.065539038,0.128315654
1790504431.385218143,-0.092839380263,-0.138598050133,0.024033809629,0.638341447,-0.756425349,0.063046054,0.127929991
1790504431.418552160,-0.091143509770,-0.139528496543,0.026234210217,0.637488275,-0.757097279,0.061612175,0.128904420
1790504431.451886177,-0.089582287158,-0.140028019883,0.028467280487,0.635564419,-0.758341380,0.061539701,0.131107159
1790504431.485219240,-0.088167521408,-0.140130946582,0.030604556053,0.633699912,-0.759922443,0.059967678,0.131704895
1790504431.518553257,-0.086906964627,-0.139906193663,0.032544815271,0.633295244,-0.760367027,0.058257775,0.131852759
1790504431.551887274,-0.085809561682,-0.139461661725,0.034272839562,0.633349328,-0.760442192,0.055996692,0.132138836
1790504431.585221291,-0.084895008470,-0.138916236536,0.035870522918,0.633918189,-0.760232265,0.053748404,0.131551290
1790504431.618554115,-0.084207869876,-0.138368873395,0.037395221942,0.633031011,-0.761166089,0.052411433,0.130961696
1790504431.651887894,-0.083781998999,-0.137855224416,0.038796762974,0.630894893,-0.762895648,0.052175407,0.131299622
1790504431.685221910,-0.083669396499,-0.137353879759,0.039902822936,0.629226171,-0.764080228,0.053492815,0.131887637
1790504431.718554974,-0.083930259524,-0.136834751666,0.040462577484,0.628098263,-0.764782434,0.055774040,0.132248468
1790504431.751888752,-0.084534844479,-0.136278936301,0.040275838572,0.627456315,-0.765467929,0.056093388,0.131190527
1790504431.785222769,-0.085367055778,-0.135647077622,0.039255990717,0.627675827,-0.765152242,0.057373568,0.131428217
1790504431.818556309,-0.086314119234,-0.134849353362,0.037412586430,0.628364602,-0.764506246,0.057189451,0.131975352
1790504431.851889372,-0.087286206065,-0.133738336308,0.034854009442,0.630652492,-0.762923849,0.054591821,0.131317814
1790504431.885223150,-0.088255746094,-0.132229933045,0.031735048437,0.633627480,-0.761190554,0.049947976,0.128881175
1790504431.918557167,-0.089316517687,-0.130421321364,0.028240301680,0.634382438,-0.760507727,0.049678368,0.129301895
1790504431.951889992,-0.090488292031,-0.128514205207,0.024665431322,0.631949558,-0.761588655,0.054213333,0.132978911
1790504431.985223532,-0.091622494491,-0.126672593626,0.021283207827,0.628348983,-0.764138505,0.056460014,0.134469950
1790504432.018557310,-0.092663260152,-0.124982750101,0.018109517919,0.624762565,-0.767318292,0.056782957,0.132928819
1790504432.051892519,-0.093760220518,-0.123481777208,0.014929012091,0.621703909,-0.769791042,0.057549009,0.132642803
1790504432.085227013,-0.095079900599,-0.122145944870,0.011498248271,0.621691401,-0.770106886,0.058587408,0.130394408
1790504432.118562222,-0.096627738016,-0.120918216256,0.007676216110,0.621465090,-0.771052649,0.056776859,0.126630735
1790504432.151897430,-0.098295519150,-0.119739561668,0.003455231865,0.623829253,-0.769673019,0.056435338,0.123513398
1790504432.185232639,-0.099944599684,-0.118565588835,-0.001042129609,0.626954125,-0.767568407,0.056329825,0.120806526
1790504432.218567133,-0.101462000774,-0.117392619675,-0.005624137740,0.629249452,-0.766316493,0.056618826,0.116612472
1790504432.251902342,-0.102796143078,-0.116227976026,-0.010127501738,0.630901919,-0.765510619,0.055595784,0.113425611
1790504432.285237551,-0.103993668398,-0.115054800812,-0.014466998274,0.632327722,-0.764891435,0.053428233,0.110671447
1790504432.318571806,-0.105257047713,-0.113815562290,-0.018666878971,0.632631000,-0.765097986,0.054066295,0.107144419
1790504432.351907253,-0.106686099707,-0.112429094698,-0.022782866004,0.632896080,-0.765177765,0.056596879,0.103645221
1790504432.385242462,-0.108169336496,-0.110833592427,-0.026839642950,0.632175396,-0.765897612,0.057730827,0.102089507
1790504432.418577671,-0.109597575446,-0.108940839608,-0.030861730845,0.632361000,-0.765921774,0.059111011,0.099946439
1790504432.451911926,-0.110866977742,-0.106726950728,-0.034817284218,0.632767424,-0.765814905,0.060811429,0.097133353
1790504432.485247374,-0.111894250149,-0.104324269373,-0.038573035715,0.633390506,-0.765459265,0.060784755,0.095884271
1790504432.518582582,-0.112732354589,-0.101890514572,-0.041996509833,0.633047418,-0.765905405,0.062348248,0.093555190
1790504432.551917791,-0.113464559464,-0.099511419726,-0.044987360227,0.631851137,-0.766984712,0.064675843,0.091190064
1790504432.585252285,-0.114131835207,-0.097168370764,-0.047444269843,0.630233071,-0.768468684,0.065041006,0.089620450
1790504432.618587494,-0.114755588478,-0.094749650336,-0.049294962835,0.627464568,-0.770837230,0.066498154,0.087613789
1790504432.651922703,-0.115283738208,-0.092222142336,-0.050490066927,0.624479478,-0.773369055,0.069426123,0.084295307
1790504432.685256720,-0.115645768616,-0.089649298280,-0.050985289547,0.619499841,-0.777274419,0.070839701,0.083941420
1790504432.718592167,-0.115814018956,-0.087078467553,-0.050743645870,0.614552523,-0.781295947,0.070590640,0.083179330
1790504432.751927376,-0.115795499576,-0.084528026902,-0.049749163436,0.610312988,-0.784889330,0.068135505,0.082609625
1790504432.785262585,-0.115632751565,-0.081975271351,-0.048022910298,0.602970167,-0.790726761,0.065245080,0.083194030
1790504432.818597078,-0.115323065046,-0.079359620943,-0.045603743591,0.600236600,-0.793163177,0.065003557,0.079892023
1790504432.851932287,-0.114835304765,-0.076652284275,-0.042573300946,0.595992220,-0.796773293,0.061899646,0.078192247
1790504432.885267496,-0.114220529313,-0.073875698904,-0.039074738253,0.589501820,-0.801633680,0.062040737,0.077601514
1790504432.918602943,-0.113559897314,-0.071026555902,-0.035311212984,0.582118113,-0.806926290,0.062539504,0.078085058
1790504432.951937199,-0.112847414879,-0.068039236676,-0.031489909225,0.574503267,-0.812250361,0.062764020,0.079095042
1790504432.985272408,-0.111975172699,-0.064835836393,-0.027848773628,0.568895098,-0.816365647,0.061999709,0.077855852
1790504433.018607855,-0.110848333214,-0.061479633177,-0.024690717295,0.567394586,-0.818031007,0.056013932,0.075835965
1790504433.051948309,-0.109608207473,-0.058176806539,-0.022198348699,0.568132102,-0.818089421,0.048561246,0.074815895
1790504433.085289478,-0.108593355313,-0.055121833553,-0.020228049975,0.570652075,-0.816907944,0.042687031,0.072079391
1790504433.118631124,-0.108011995222,-0.052451339516,-0.018368070956,0.571126019,-0.816934401,0.039672093,0.069709253
1790504433.151972294,-0.107813970637,-0.050221902581,-0.016201161160,0.567885350,-0.819244114,0.040936391,0.068333912
1790504433.185312986,-0.107850512421,-0.048346902692,-0.013522506584,0.561747990,-0.823380732,0.042729631,0.068246207
1790504433.218654633,-0.108013901506,-0.046643701407,-0.010345264680,0.554692946,-0.828026976,0.044658954,0.068502851
1790504433.251996040,-0.108261515217,-0.044980166960,-0.006798873994,0.546993040,-0.832999848,0.047023215,0.068546950
1790504433.285336971,-0.108573729810,-0.043336642254,-0.003081193321,0.540052524,-0.837387295,0.049906656,0.068081689
1790504433.318678379,-0.108865847578,-0.041747828981,0.000593343733,0.532968616,-0.841859545,0.052312926,0.066935185
1790504433.352020264,-0.109015861158,-0.040268120280,0.004083552514,0.526642056,-0.845773799,0.054190653,0.066167954
1790504433.385362148,-0.109011754251,-0.038933828494,0.007341986246,0.522300579,-0.848531184,0.054419814,0.065080094
1790504433.418702841,-0.108937284097,-0.037731755505,0.010385362709,0.513854752,-0.854174626,0.049274945,0.062537843
1790504433.452044725,-0.108822158237,-0.036631133080,0.013292812018,0.509257947,-0.856960547,0.049433097,0.061897757
1790504433.485386372,-0.108701933321,-0.035594365822,0.016107450245,0.504671610,-0.859681013,0.049238475,0.061892606
1790504433.518728495,-0.108622669968,-0.034609897187,0.018786379395,0.501725364,-0.861338648,0.049989530,0.062196783
1790504433.552069664,-0.108591673761,-0.033704800822,0.021274585421,0.499514330,-0.862625786,0.049879467,0.062243283
1790504433.585411549,-0.108584843984,-0.032916315996,0.023554156573,0.496026997,-0.864560883,0.049910444,0.063250651
1790504433.618753672,-0.108533738825,-0.032238734011,0.025647418252,0.493952459,-0.865862415,0.048713449,0.062611862
1790504433.652094841,-0.108324156707,-0.031641874309,0.027607192609,0.491260260,-0.867402192,0.047961623,0.063059314
1790504433.685436726,-0.107919644089,-0.031081700537,0.029494768028,0.489156694,-0.868606231,0.046894122,0.063638713
1790504433.718779087,-0.107368515771,-0.030483727183,0.031380713869,0.486245545,-0.870456841,0.044208116,0.062576350
1790504433.752121449,-0.106689472451,-0.029787914251,0.033353316670,0.483605609,-0.871877689,0.044122673,0.063309553
1790504433.785462618,-0.105893965386,-0.028982689531,0.035496365107,0.480674956,-0.873263652,0.045780086,0.065317412
1790504433.818804979,-0.104985953767,-0.028065695977,0.037882400281,0.476198691,-0.875439682,0.047778632,0.067508310
1790504433.852147102,-0.103975607223,-0.027012444824,0.040544752436,0.468303337,-0.879470192,0.048431550,0.069846625
1790504433.885489702,-0.102938727106,-0.025848936758,0.043373477333,0.461556049,-0.882763517,0.049987799,0.072081941
1790504433.918831110,-0.101948050895,-0.024709733848,0.046065461096,0.454299062,-0.886468319,0.050750225,0.072185147
1790504433.952173471,-0.101005986766,-0.023838420915,0.048190610886,0.447978802,-0.889434324,0.051794290,0.074423976
1790504433.985516071,-0.100131906046,-0.023501077405,0.049324489896,0.447818490,-0.889601935,0.049718162,0.074800411
1790504434.018857718,-0.099335635503,-0.023717067723,0.049441452249,0.452919067,-0.887330344,0.045877851,0.073514641
1790504434.052191734,-0.098566571365,-0.024191567658,0.049066884081,0.454646354,-0.886907479,0.040130460,0.071283684
1790504434.085525751,-0.097799994031,-0.024602816020,0.048827796435,0.455524247,-0.886086784,0.043171670,0.074054562
1790504434.118859529,-0.097102013302,-0.024786224322,0.049063886239,0.454537235,-0.886526282,0.043352627,0.074750266
1790504434.152192593,-0.096534239455,-0.024717925654,0.049835807698,0.452262964,-0.887529356,0.044580939,0.075910433
1790504434.185526609,-0.096124206848,-0.024485822537,0.051005728725,0.448872827,-0.889066660,0.046585120,0.076834148
1790504434.218860388,-0.095875584968,-0.024275962229,0.052224260379,0.445475058,-0.890744694,0.047833064,0.076405899
1790504434.252194405,-0.095751809045,-0.024303353456,0.053058608021,0.444496323,-0.891207512,0.048544831,0.076260006
1790504434.285527229,-0.095683891312,-0.024646717727,0.053311684241,0.445740736,-0.890623376,0.048709494,0.075713825
1790504434.318861008,-0.095608174999,-0.025157560696,0.053183617886,0.445859769,-0.890661345,0.047939634,0.075054827
1790504434.352195024,-0.095538580085,-0.025602470223,0.053034760135,0.445694820,-0.890788029,0.047301198,0.074936045
1790504434.385527849,-0.095561494361,-0.025859373048,0.053052580199,0.444994155,-0.891086476,0.047921917,0.075157055
1790504434.418861866,-0.095729629607,-0.025951652477,0.053204506844,0.444123496,-0.891524045,0.047960444,0.075093232
1790504434.452195644,-0.096020684829,-0.025963944756,0.053391249653,0.444499236,-0.891330197,0.048412226,0.074881006
1790504434.485529184,-0.096377551553,-0.025967656970,0.053522759440,0.444643509,-0.891273497,0.048677169,0.074526753
1790504434.518862009,-0.096715410935,-0.026014567144,0.053502109905,0.446198953,-0.890403368,0.049835465,0.074864968
1790504434.552195787,-0.096946161221,-0.026153100623,0.053231438977,0.445925790,-0.890543047,0.049778501,0.074869038
1790504434.585529566,-0.097055301369,-0.026438122102,0.052663347423,0.447707279,-0.889552468,0.050287540,0.075668766
1790504434.618862391,-0.097081538034,-0.026917837899,0.051799884128,0.448711710,-0.888836877,0.051750471,0.077127798
1790504434.652195930,-0.097021674808,-0.027600734026,0.050718123135,0.450651158,-0.887935235,0.050051251,0.077326738
1790504434.685529709,-0.096870514911,-0.028435489615,0.049561912721,0.453310363,-0.886397864,0.051171436,0.078676716
1790504434.718863487,-0.096661979757,-0.029350061567,0.048468913541,0.453497876,-0.886201999,0.051742882,0.079425235
1790504434.752196312,-0.096366543987,-0.030301496189,0.047472865619,0.453558321,-0.885824159,0.054299400,0.081559697
1790504434.785529852,-0.095941505033,-0.031282743196,0.046452335756,0.453869290,-0.885462625,0.055111849,0.083194300
1790504434.818863630,-0.095407005497,-0.032286144165,0.045238988837,0.455366706,-0.884520304,0.055225805,0.084941773
1790504434.852196932,-0.094819072698,-0.033282102182,0.043766782458,0.458129057,-0.882947599,0.055453647,0.086291352
1790504434.885529757,-0.094186289676,-0.034243473230,0.042107411789,0.460230453,-0.881659914,0.056289774,0.087722223
1790504434.918863297,-0.093466505497,-0.035153604114,0.040437282883,0.461368235,-0.880891622,0.055856112,0.089718432
1790504434.952197075,-0.092654112619,-0.035977476686,0.038939048545,0.460479112,-0.880959691,0.057195962,0.092723419
1790504434.985529423,-0.091786917507,-0.036673640457,0.037633264976,0.460042350,-0.880629807,0.060121661,0.096112254
1790504435.018862963,-0.090844985917,-0.037240475167,0.036356821177,0.459131197,-0.880545392,0.062816653,0.099460669
1790504435.052196980,-0.089801687414,-0.037714023821,0.034917699790,0.459861974,-0.879375178,0.065902519,0.104322188
1790504435.085530758,-0.088688704606,-0.038135567056,0.033206275057,0.460525031,-0.878575063,0.066711640,0.107573751
1790504435.118863821,-0.087545084385,-0.038545283419,0.031226501812,0.463042602,-0.876770765,0.068281836,0.110463412
1790504435.152197599,-0.086393517784,-0.038999793491,0.029047590736,0.463604267,-0.875867552,0.070193186,0.114017676
1790504435.185531378,-0.085246495980,-0.039576894487,0.026724318940,0.465724448,-0.873893154,0.073148439,0.118578242
1790504435.218865156,-0.084128616036,-0.040351399815,0.024244929077,0.467407016,-0.871956393,0.076346754,0.124072166
1790504435.252198219,-0.083055913695,-0.041334057976,0.021580105421,0.469601825,-0.869725922,0.079903517,0.129098311
1790504435.285531998,-0.081972128190,-0.042468137021,0.018728271564,0.473039803,-0.867026629,0.082102898,0.133256457
1790504435.318865776,-0.080765596592,-0.043697718113,0.015689467762,0.477550516,-0.863620974,0.084045193,0.137988125
1790504435.352198601,-0.079358894541,-0.044995589742,0.012477729587,0.480416957,-0.861590901,0.083065536,0.141282637
1790504435.385532141,-0.077756923794,-0.046347118925,0.009117186242,0.485439783,-0.858141037,0.082287537,0.145502365
1790504435.418865919,-0.076005819924,-0.047723163616,0.005605121541,0.490700990,-0.853499349,0.086592985,0.152489522
1790504435.452199697,-0.074117425149,-0.049080121355,0.001956362684,0.493423539,-0.851207630,0.085506173,0.157058829
1790504435.485532522,-0.072093438480,-0.050391945411,-0.001785496791,0.500439851,-0.846117382,0.085907117,0.162065726
1790504435.518866301,-0.069968014194,-0.051659293725,-0.005589752347,0.505936045,-0.842148946,0.085015094,0.166091252
1790504435.552199602,-0.067809056734,-0.052884266707,-0.009441637917,0.511395956,-0.837488714,0.086165782,0.172227431
1790504435.585533381,-0.065639712942,-0.054024323815,-0.013279438614,0.516209465,-0.833598643,0.085868038,0.176826951
1790504435.618865967,-0.063442012816,-0.055019833095,-0.016985952028,0.521434894,-0.829041129,0.087342158,0.182120303
1790504435.652199745,-0.061197110387,-0.055836315816,-0.020437950683,0.525483806,-0.825370376,0.087319534,0.187098400
1790504435.685533285,-0.058887870984,-0.056466537781,-0.023596037312,0.528259397,-0.822313366,0.088413885,0.192160670
1790504435.718865871,-0.056587333699,-0.056928757216,-0.026607876800,0.531354419,-0.819200114,0.089137996,0.196540257
1790504435.752199411,-0.054360303372,-0.057263181392,-0.029722264417,0.535065580,-0.817202243,0.083345618,0.197329237
1790504435.785532951,-0.052195473420,-0.057528103732,-0.033132626258,0.539397415,-0.812667150,0.085857545,0.203103458
1790504435.818866491,-0.050087242989,-0.057759919427,-0.036921925349,0.545047170,-0.808527985,0.083053543,0.205689545
1790504435.852199078,-0.048113030076,-0.057955869180,-0.041111829209,0.551842733,-0.802758006,0.082124216,0.210487040
1790504435.885532618,-0.046442046750,-0.058095700361,-0.045707570490,0.559006756,-0.796922287,0.081639001,0.213919117
1790504435.918866158,-0.045027241005,-0.058164565738,-0.050678169797,0.567985767,-0.789292421,0.082596942,0.218145337
1790504435.952198505,-0.043643163966,-0.058149862321,-0.055931111511,0.576933034,-0.781288811,0.083135732,0.223214065
1790504435.985532045,-0.042076189497,-0.058023982068,-0.061283839181,0.585911433,-0.773002383,0.082197778,0.228951162
1790504436.018865585,-0.040171705895,-0.057765907961,-0.066481819886,0.594008794,-0.766417236,0.076970614,0.232020900
1790504436.052199364,-0.038036924537,-0.057409843273,-0.071327194601,0.600239718,-0.760488111,0.072077211,0.237012635
1790504436.085532188,-0.035979139157,-0.057031036041,-0.075749288568,0.602458338,-0.755806250,0.074845271,0.245354945
1790504436.118866205,-0.034072280167,-0.056652111576,-0.079759370868,0.602708998,-0.752217111,0.079133937,0.254261877
1790504436.152199984,-0.032233610161,-0.056190179752,-0.083500835698,0.601393012,-0.748017482,0.086434403,0.267068129
1790504436.185534000,-0.030389542231,-0.055537008753,-0.087194045620,0.601757016,-0.742810383,0.092496597,0.278506028
1790504436.218866587,-0.028434637671,-0.054648008901,-0.091001428571,0.603581394,-0.736625336,0.097019439,0.289240114
1790504436.252200365,-0.026311415525,-0.053554172250,-0.094949617414,0.605983976,-0.730913785,0.098551298,0.298053857
1790504436.285534382,-0.024078923763,-0.052330593199,-0.098963977449,0.606219962,-0.726363255,0.100256754,0.307964872
1790504436.318867207,-0.021868458622,-0.051064455361,-0.102967723245,0.605765455,-0.721810594,0.103353648,0.318364105
1790504436.352200985,-0.019738182312,-0.049816259910,-0.106926027947,0.604346801,-0.716588141,0.108640677,0.330852813
1790504436.385534763,-0.017652519872,-0.048613162087,-0.110822967541,0.605622301,-0.711837389,0.108669794,0.338673938
1790504436.418868303,-0.015628158196,-0.047493553352,-0.114634942400,0.607288086,-0.706753322,0.108868564,0.346191504
1790504436.452200890,-0.013732281549,-0.046520499347,-0.118313119174,0.608645954,-0.701160339,0.110344593,0.354610142
1790504436.485534668,-0.011952420987,-0.045717842720,-0.121832101394,0.608111394,-0.694652480,0.116913079,0.366046168
1790504436.518868446,-0.010171666116,-0.045035989935,-0.125207199701,0.606916763,-0.690456748,0.119022012,0.375173669
1790504436.552202225,-0.008284719317,-0.044390400912,-0.128444716282,0.605229762,-0.686581139,0.119607429,0.384704222
1790504436.585534573,-0.006325965669,-0.043697767802,-0.131513104237,0.602378968,-0.683501375,0.119596216,0.394540485
1790504436.618868351,-0.004363214948,-0.042891301280,-0.134381354952,0.599230875,-0.681004437,0.118957575,0.403738047
1790504436.652201891,-0.002431898270,-0.041920514099,-0.137044289594,0.594877704,-0.679499779,0.117669798,0.412982308
1790504436.685534477,-0.000574643235,-0.040739067477,-0.139501969057,0.590658704,-0.678340503,0.115706857,0.421412364
1790504436.718868256,0.001181943589,-0.039313715417,-0.141742397393,0.586482199,-0.677450534,0.113683875,0.429156592
1790504436.752201557,0.002878121871,-0.037622387846,-0.143748247432,0.580872282,-0.677351468,0.111548625,0.437423461
1790504436.785535097,0.004597682580,-0.035648036704,-0.145517036707,0.576036139,-0.677593758,0.109630794,0.443880789
1790504436.818867683,0.006418341519,-0.033396224048,-0.147085930992,0.570289350,-0.677549098,0.108533374,0.451572568
1790504436.852201223,0.008407011653,-0.030892662827,-0.148505947843,0.565667016,-0.677581112,0.105575030,0.457994079
1790504436.885534763,0.010550703230,-0.028173412679,-0.149794293540,0.561598365,-0.678079449,0.101700926,0.463111714
1790504436.918868065,0.012775317846,-0.025281451404,-0.150944326773,0.558303857,-0.678135188,0.098170123,0.467752175
1790504436.952200651,0.015013124644,-0.022270596311,-0.151974398416,0.553221947,-0.678183520,0.095946693,0.474137979
1790504436.985534191,0.017176396544,-0.019215042849,-0.152912520199,0.548810742,-0.679030883,0.092766549,0.478662926
1790504437.018867731,0.019186800169,-0.016206463222,-0.153773880570,0.544040599,-0.679640836,0.089743074,0.483791630
1790504437.052207708,0.021034289142,-0.013315880766,-0.154532801786,0.539851399,-0.679801856,0.087592146,0.488628202
1790504437.085548878,0.022752233164,-0.010594331287,-0.155138516464,0.536742228,-0.680097205,0.085663315,0.491972935
1790504437.118889809,0.024363867380,-0.008063885002,-0.155540901776,0.530642102,-0.682525566,0.083158686,0.495643465
1790504437.152231216,0.025869648606,-0.005675635572,-0.155708301839,0.522342959,-0.684894198,0.080830392,0.501541842
1790504437.185571432,0.027215356909,-0.003321262418,-0.155674778254,0.515540777,-0.687322063,0.078664254,0.505586811
1790504437.218912840,0.028356566093,-0.000901869579,-0.155535446812,0.510607941,-0.689161657,0.077310420,0.508290115
1790504437.252254248,0.029360721603,0.001623537601,-0.155369724852,0.506711552,-0.691263170,0.071791630,0.510141740
1790504437.285594463,0.030368892113,0.004221795539,-0.155201557406,0.501935558,-0.692264568,0.069360390,0.513828375
1790504437.318936110,0.031462225705,0.006787442316,-0.155035061643,0.514440773,-0.681538484,0.069742087,0.515744148
1790504437.352277517,0.032613148569,0.009203319631,-0.154923776863,0.510898392,-0.682288569,0.066383825,0.518708328
1790504437.385618925,0.033858917093,0.011400168040,-0.154847814777,0.506670556,-0.683289577,0.062855875,0.521966897
1790504437.418959379,0.035157842191,0.013445160499,-0.154779649654,0.503461820,-0.683827893,0.059258233,0.524780021
1790504437.452301264,0.036390204998,0.015419027902,-0.154705329331,0.500705666,-0.683725796,0.056733649,0.527820201
1790504437.485642910,0.037524784363,0.017333943247,-0.154601752371,0.499624238,-0.682765940,0.055774000,0.530184452
1790504437.518984556,0.038597793593,0.019176918348,-0.154454427222,0.495248214,-0.683304576,0.055213619,0.533643626
1790504437.552325249,0.039625971225,0.020951659319,-0.154281597970,0.493206217,-0.683150591,0.053425665,0.535909130
1790504437.585666895,0.040591948835,0.022681339543,-0.154140968676,0.490090873,-0.683782803,0.051458379,0.538148724
1790504437.619008780,0.041502201532,0.024388704408,-0.154056420544,0.487219941,-0.684344434,0.048671352,0.540296701
1790504437.652349710,0.042383773208,0.026069742513,-0.153989083092,0.485348450,-0.684444438,0.045979086,0.542087279
1790504437.685691595,0.043258491835,0.027684490409,-0.153900867564,0.483375050,-0.684618863,0.044765029,0.543729405
1790504437.719033480,0.044155690577,0.029203627673,-0.153809484732,0.479810939,-0.685443424,0.043220831,0.545967705
1790504437.752375603,0.045104503789,0.030650800597,-0.153751795350,0.476864989,-0.686000384,0.042714188,0.547885712
1790504437.785716534,0.046083361434,0.032080569683,-0.153745107096,0.472936107,-0.687628515,0.040023940,0.549451134
1790504437.819058657,0.047026227336,0.033547554604,-0.153800276979,0.469881514,-0.687829085,0.039490178,0.551854182
1790504437.852400541,0.047871177141,0.035090477109,-0.153930846380,0.468817652,-0.687280826,0.038551896,0.553505941
1790504437.885742903,0.048604370981,0.036708471799,-0.154118218437,0.467781616,-0.687325898,0.036754368,0.554448001
1790504437.919084311,0.049244543861,0.038358891634,-0.154315513202,0.467703685,-0.686569147,0.035539191,0.555529509
1790504437.952426195,0.049842742999,0.039997334088,-0.154481935949,0.467090778,-0.686205282,0.035235505,0.556513230
1790504437.985768557,0.050453471794,0.041596183132,-0.154598952525,0.468288965,-0.685000956,0.034688241,0.557024112
1790504438.019109964,0.051090215835,0.043142689333,-0.154663520999,0.467678042,-0.684781275,0.033708792,0.557866984
1790504438.052449942,0.051767716739,0.044645307540,-0.154669260968,0.462043892,-0.686319866,0.029583935,0.560896849
1790504438.085790157,0.052509325829,0.046100180906,-0.154603323955,0.461050108,-0.686265676,0.027988409,0.561861966
1790504438.119129896,0.053299417466,0.047481935118,-0.154459108120,0.459771773,-0.686707248,0.026014821,0.562464489
1790504438.152468920,0.054128466609,0.048766215692,-0.154245500416,0.458157894,-0.687202772,0.024266920,0.563253771
1790504438.185809135,0.054929177589,0.049949148670,-0.154026915446,0.456744556,-0.687645968,0.023103881,0.563909252
1790504438.219149351,0.055604909593,0.051052983790,-0.153886423782,0.455351767,-0.687830391,0.022730839,0.564825133
1790504438.252489567,0.056163190482,0.052117992767,-0.153838801788,0.454452660,-0.687835440,0.021375127,0.565595519
1790504438.285828590,0.056677052977,0.053159119486,-0.153841386103,0.453962126,-0.687774587,0.020299664,0.566102843
1790504438.319169044,0.057187548412,0.054155164798,-0.153861682539,0.452362496,-0.687918156,0.019541901,0.567234428
1790504438.352509022,0.057706904641,0.055101678425,-0.153884105406,0.451436706,-0.687857831,0.018099185,0.568092355
1790504438.385848284,0.058229068871,0.056018842309,-0.153885879650,0.450812208,-0.687739021,0.016255144,0.568787449
1790504438.419188738,0.058708547551,0.056925941258,-0.153834302938,0.450094818,-0.687508787,0.014966790,0.569668604
1790504438.452528954,0.059123697052,0.057844664302,-0.153703996206,0.449026330,-0.687455552,0.013879472,0.570602821
1790504438.485869408,0.059502035514,0.058783046831,-0.153488259633,0.448412906,-0.687598841,0.012087250,0.570953235
1790504438.519208670,0.059851434792,0.059712023088,-0.153207893831,0.447085671,-0.688065286,0.011498209,0.571444097
1790504438.552549362,0.060189896754,0.060606279623,-0.152904013855,0.446063348,-0.688347968,0.010781380,0.571916363
1790504438.585889578,0.060566300536,0.061474517943,-0.152609251616,0.445703296,-0.688615336,0.010082507,0.571887956
1790504438.619229317,0.061013174325,0.062326587106,-0.152353583310,0.443964400,-0.689237389,0.009246884,0.572504959
1790504438.652569532,0.061530705842,0.063154216878,-0.152197814756,0.442451786,-0.689712102,0.008335843,0.573117917
1790504438.685910225,0.062087728642,0.063934751582,-0.152215241214,0.441637696,-0.689315393,0.007224960,0.574237089
1790504438.719250679,0.062656011813,0.064624645865,-0.152434591267,0.441528652,-0.688741318,0.006142189,0.575021844
1790504438.752590418,0.063207917600,0.065162701063,-0.152842431137,0.441108905,-0.688322064,0.005107666,0.575855521
1790504438.785930872,0.063709284764,0.065492214241,-0.153446382351,0.440517387,-0.688120405,0.005312250,0.576547066
1790504438.819271564,0.064174061648,0.065569702192,-0.154297432626,0.440648076,-0.687725619,0.006474516,0.576906254
1790504438.852612257,0.064658147959,0.065372182878,-0.155440154754,0.441067530,-0.686932185,0.007508181,0.577518168
1790504438.885951996,0.065221113153,0.064895992619,-0.156882689444,0.442511204,-0.685897607,0.010099480,0.577603937
1790504438.919292688,0.065898903910,0.064155152301,-0.158618078392,0.442843332,-0.684715080,0.013521017,0.578681453
1790504438.952633381,0.066709283404,0.063187667379,-0.160635633530,0.444475274,-0.682188395,0.017787343,0.580296764
1790504438.985973120,0.067690838306,0.062032668328,-0.162922665283,0.446862200,-0.678508771,0.023061661,0.582587488
1790504439.019314051,0.068918452001,0.060711744171,-0.165437685970,0.449437482,-0.674617745,0.027780324,0.584914611
1790504439.052648544,0.070466925229,0.059208080970,-0.168089549508,0.451849231,-0.671292914,0.031969342,0.586665200
1790504439.085982800,0.072314371721,0.057474898521,-0.170768106575,0.453269423,-0.668621871,0.036210404,0.588370998
1790504439.119316339,0.074344281522,0.055480591040,-0.173408695267,0.453793179,-0.666565077,0.041657937,0.589938441
1790504439.152650595,0.076533023603,0.053270007996,-0.176029906985,0.455433511,-0.664194062,0.047154057,0.590934058
1790504439.185985088,0.078966072137,0.050951023028,-0.178695919666,0.457155734,-0.662466538,0.051259260,0.591201496
1790504439.219319582,0.081680624342,0.048630118178,-0.181456833901,0.457563854,-0.660325837,0.054860837,0.592954802
1790504439.252652884,0.084659383152,0.046398112922,-0.184327973737,0.458105086,-0.657360774,0.057672911,0.595558879
1790504439.285987377,0.087865265794,0.044318675785,-0.187291358083,0.459684518,-0.653967600,0.058645675,0.597977598
1790504439.319321632,0.091239048041,0.042386100520,-0.190326916675,0.460585797,-0.651168850,0.059890795,0.600210751
1790504439.352654934,0.094730730113,0.040529881881,-0.193423460452,0.460785069,-0.647673213,0.061462416,0.603671187
1790504439.385989189,0.098318060256,0.038674048771,-0.196547197705,0.461302919,-0.643976969,0.063246949,0.607036328
1790504439.419323444,0.101983867279,0.036776748437,-0.199643554662,0.461394348,-0.641246401,0.066223716,0.609534845
1790504439.452657700,0.105750042738,0.034841142651,-0.202676539027,0.461163043,-0.638575899,0.069494045,0.612143812
1790504439.485991001,0.109670405956,0.032907683938,-0.205606621050,0.460987024,-0.635731424,0.071814610,0.614962748
1790504439.519325495,0.113751261288,0.031036328583,-0.208384266742,0.460291937,-0.633625791,0.074054371,0.617386135
1790504439.552659750,0.117932379398,0.029275129807,-0.210983893277,0.459953693,-0.631205027,0.076696415,0.619790670
1790504439.585994005,0.122138529460,0.027656549813,-0.213398949625,0.459666563,-0.628679892,0.079085212,0.622265035
1790504439.619327068,0.126334514047,0.026196673520,-0.215649444238,0.458928562,-0.626793535,0.080638171,0.624509347
1790504439.652661085,0.130493942037,0.024880015907,-0.217797046861,0.457702853,-0.624320475,0.083390974,0.627517321
1790504439.685995340,0.134585402828,0.023698142495,-0.219917103044,0.456001285,-0.621634002,0.086005881,0.631060207
1790504439.719328642,0.138609580154,0.022668642394,-0.222077214707,0.455171274,-0.619806698,0.087412843,0.633259634
1790504439.752662897,0.142537071838,0.021754997578,-0.224302641225,0.453554572,-0.617833026,0.088758985,0.636154419
1790504439.785996914,0.146319594135,0.020858904870,-0.226517708150,0.453158355,-0.615024303,0.089600816,0.639033885
1790504439.819331169,0.149984212392,0.019906521638,-0.228604923692,0.453237322,-0.612343908,0.091747128,0.641243583
1790504439.852663994,0.153607649155,0.018866885015,-0.230522965947,0.450765649,-0.611338641,0.092900588,0.643773933
1790504439.885998249,0.157257214318,0.017728018277,-0.232287256260,0.451441248,-0.608995833,0.093914582,0.645371928
1790504439.919332266,0.161015450530,0.016494857817,-0.233921400164,0.448390903,-0.609316727,0.096232897,0.646852343
1790504439.952665567,0.164910312944,0.015162251144,-0.235451764479,0.445656895,-0.609653319,0.099037768,0.648000219
1790504439.985999584,0.168861111559,0.013729783760,-0.236923119070,0.444402434,-0.609054223,0.105264157,0.648443434
1790504440.019333601,0.172881391433,0.012266827721,-0.238379188963,0.441188368,-0.609305314,0.106922426,0.650128797
1790504440.052667856,0.177089165054,0.010880876096,-0.239894403282,0.439244025,-0.609049723,0.108512607,0.651420092
1790504440.086001396,0.181438498078,0.009642664851,-0.241557987139,0.438816525,-0.607955052,0.110281549,0.652432902
1790504440.119335890,0.185802855944,0.008604851731,-0.243421311753,0.439019039,-0.605521595,0.109142767,0.654747079
1790504440.152670383,0.190144320285,0.007802790098,-0.245488170816,0.440003571,-0.603453159,0.109883406,0.655871008
1790504440.186004877,0.194426583191,0.007238694866,-0.247723637398,0.443651885,-0.597886636,0.110189695,0.658454863
1790504440.219338417,0.198623664503,0.006940168619,-0.250094324691,0.443120893,-0.594809150,0.110822297,0.661486483
1790504440.252672911,0.202831095551,0.006963455454,-0.252553429305,0.443205964,-0.591819712,0.111536960,0.663986000
1790504440.286007404,0.207150498843,0.007350684528,-0.255045794256,0.443285266,-0.588377545,0.111595203,0.666975673
1790504440.319340706,0.211580136003,0.008089113845,-0.257512703978,0.441553510,-0.587238474,0.109226329,0.669515557
1790504440.352675200,0.216027585386,0.009107537901,-0.259902813849,0.439904367,-0.584324508,0.108219666,0.673303439
1790504440.386009693,0.220374689729,0.010311434730,-0.262187173545,0.435526188,-0.586731064,0.111206301,0.673570158
1790504440.419344187,0.224531425030,0.011624936393,-0.264353747051,0.433475367,-0.585247281,0.112705645,0.675930591
1790504440.452677727,0.228443520874,0.013043162797,-0.266439576016,0.430853821,-0.584183334,0.114700013,0.678187824
1790504440.486012220,0.232114340332,0.014638432544,-0.268457822258,0.429070728,-0.583472493,0.115762924,0.679747825
1790504440.519346714,0.235642932019,0.016520172050,-0.270392499557,0.429387285,-0.582796408,0.116981647,0.679919260
1790504440.552680969,0.239155216496,0.018716835213,-0.272252914748,0.427123438,-0.582721337,0.115347852,0.681686354
1790504440.586014509,0.242677542062,0.021123462253,-0.274064070591,0.423765807,-0.580819236,0.114278602,0.685574180
1790504440.619348764,0.246136508641,0.023581547537,-0.275835893470,0.425388820,-0.577931587,0.112534150,0.687295786
1790504440.652683258,0.249468493785,0.025942156657,-0.277570790885,0.422770075,-0.579867561,0.111761523,0.687407039
1790504440.686016560,0.252674041020,0.028090253853,-0.279275840062,0.420525471,-0.579041804,0.110707163,0.689646897
1790504440.719351053,0.255726309673,0.029979862241,-0.280956555355,0.418910140,-0.578054984,0.109928487,0.691579683
1790504440.752685547,0.258592044464,0.031636206220,-0.282572586675,0.419665339,-0.577255090,0.110041725,0.691771915
1790504440.786019802,0.261320478844,0.033168721837,-0.284090500537,0.415437881,-0.578082873,0.111366468,0.693418394
1790504440.819353342,0.264011872079,0.034735782998,-0.285535390152,0.413524180,-0.578587289,0.111167254,0.694173136
1790504440.852687836,0.266705933047,0.036455435583,-0.286953899673,0.415637548,-0.577654886,0.109764570,0.693910658
1790504440.886022091,0.269410620434,0.038331972741,-0.288340246977,0.416523668,-0.576774764,0.107550071,0.694457981
1790504440.919356346,0.272089590055,0.040232159799,-0.289613349172,0.415411010,-0.576317901,0.104559180,0.695958869
1790504440.952689886,0.274657649262,0.042008864402,-0.290681922563,0.413166560,-0.576164546,0.103365651,0.697598273
1790504440.986024141,0.277083031843,0.043637637111,-0.291501382153,0.412263999,-0.575773051,0.102332849,0.698607026
1790504441.019358635,0.279382967495,0.045177434098,-0.292074742125,0.410357210,-0.575871675,0.101847511,0.699718414
1790504441.052693605,0.281591181401,0.046716891645,-0.292441312957,0.408205861,-0.576078181,0.102021323,0.700780674
1790504441.086029768,0.283759727011,0.048351448907,-0.292649835077,0.407137354,-0.576480136,0.101975357,0.701078351
1790504441.119365692,0.285900961955,0.050112680462,-0.292713991397,0.406496038,-0.577390688,0.100703124,0.700885045
1790504441.152701855,0.287965354393,0.051981556432,-0.292614325229,0.404936849,-0.578190042,0.100725755,0.701125343
1790504441.186037064,0.289935189338,0.053970627451,-0.292369127185,0.403289478,-0.579424846,0.099927519,0.701169691
1790504441.219372988,0.291810653691,0.056066323121,-0.292059739468,0.402263497,-0.580069861,0.097975300,0.701501159
1790504441.252709150,0.293516825616,0.058145106626,-0.291768197850,0.401609225,-0.579618064,0.096542319,0.702447514
1790504441.286044121,0.295035351590,0.060065893845,-0.291533544674,0.401748184,-0.579436315,0.095559286,0.702652386
1790504441.319380283,0.296472827545,0.061761343801,-0.291357635621,0.400608737,-0.580626968,0.093294288,0.702624465
1790504441.352716208,0.297927817501,0.063265392472,-0.291233766351,0.398445524,-0.581238363,0.092252614,0.703486023
1790504441.386052608,0.299433968683,0.064690976083,-0.291172614535,0.396511205,-0.582091380,0.090998852,0.704036717
1790504441.419387341,0.300976393363,0.066120882259,-0.291177189632,0.394981567,-0.582620841,0.089082003,0.704703423
1790504441.452723742,0.302508713849,0.067566279658,-0.291219100578,0.394036548,-0.582781660,0.087926149,0.705244446
1790504441.486059904,0.304038058994,0.069048365640,-0.291243546218,0.394237487,-0.582790553,0.085489677,0.705424333
1790504441.519395828,0.305588320460,0.070583002796,-0.291204902842,0.393304736,-0.582509188,0.084300020,0.706319997
1790504441.552731037,0.307089950656,0.072116697337,-0.291123123896,0.391775370,-0.582816216,0.083180535,0.707049020
1790504441.586066961,0.308447990576,0.073569779169,-0.291085815371,0.390157117,-0.581874237,0.082637347,0.708781254
1790504441.619403124,0.309652359692,0.074900820054,-0.291177077490,0.389165927,-0.581376324,0.082551769,0.709744078
1790504441.652738094,0.310786035117,0.076129515220,-0.291433539835,0.387264859,-0.580857946,0.082400161,0.711224429
1790504441.686074257,0.311955988178,0.077315451011,-0.291832983559,0.385741040,-0.580474112,0.080762592,0.712552496
1790504441.719410181,0.313210869317,0.078504799998,-0.292290296745,0.384177843,-0.579859126,0.078232835,0.714178130
1790504441.752746344,0.314535819928,0.079722498060,-0.292698381075,0.383059243,-0.579312019,0.076617591,0.715397054
1790504441.786081314,0.315880618756,0.080991596076,-0.292998389636,0.382024255,-0.579115446,0.075336682,0.716245177
1790504441.819417477,0.317184083568,0.082335810078,-0.293210428005,0.379764285,-0.579111907,0.073877903,0.717600545
1790504441.852753639,0.318373505748,0.083758307402,-0.293392884305,0.379383491,-0.579330532,0.071659131,0.717850451
1790504441.886089563,0.319374807687,0.085207615903,-0.293563846054,0.378487215,-0.579888962,0.071260398,0.717912373
1790504441.919424772,0.320201171396,0.086632798488,-0.293723829412,0.375839535,-0.580715328,0.071597605,0.718601513
1790504441.952760696,0.320948507138,0.088040965447,-0.293906352622,0.373680360,-0.581009892,0.071198353,0.719528518
1790504441.986096859,0.321656784875,0.089422963498,-0.294137272612,0.372141877,-0.581273234,0.069089654,0.720318312
1790504442.019431829,0.322262980199,0.090669733750,-0.294405277999,0.371667284,-0.580599856,0.067598613,0.721247298
1790504442.052770138,0.322654076410,0.091598964732,-0.294681893973,0.371600858,-0.579626580,0.066264909,0.722187505
1790504442.086108446,0.322750048357,0.092058146053,-0.294934577298,0.372288341,-0.578722451,0.066599943,0.722527621
1790504442.119446516,0.322574993418,0.092037253985,-0.295174413456,0.371135841,-0.578960673,0.067643183,0.722832710
1790504442.152783871,0.322249950264,0.091689843342,-0.295477384026,0.371785023,-0.578585143,0.069681140,0.722606164
1790504442.186122179,0.321865475239,0.091181911515,-0.295874456917,0.373777430,-0.576784785,0.069378417,0.723046596
1790504442.219460487,0.321458622411,0.090602953478,-0.296288873591,0.373904616,-0.575495203,0.070163159,0.723932138
1790504442.252798796,0.321064992473,0.090006153862,-0.296664150191,0.374076980,-0.574726694,0.071294400,0.724342978
1790504442.286136150,0.320678866808,0.089418145372,-0.297068662984,0.374128415,-0.574153408,0.071782027,0.724722798
1790504442.319474697,0.320242983241,0.088776801847,-0.297621242812,0.374293850,-0.573028174,0.071896971,0.725516128
1790504442.352813005,0.319682247979,0.087942768556,-0.298408310589,0.374473935,-0.572099033,0.072251410,0.726120997
1790504442.386150360,0.318931441765,0.086804938828,-0.299481158936,0.374943914,-0.570701383,0.073525033,0.726850096
1790504442.419488668,0.317979792408,0.085359977005,-0.300861058717,0.373947330,-0.569653933,0.075467301,0.727985218
1790504442.452827454,0.316864926097,0.083698142224,-0.302532584920,0.374278452,-0.567906206,0.078219744,0.728889466
1790504442.486165762,0.315670873393,0.081950612706,-0.304455981527,0.375851325,-0.565133612,0.082967848,0.729709613
1790504442.519503117,0.314528657311,0.080208992208,-0.306599185523,0.378044169,-0.561796508,0.085918005,0.730811457
1790504442.552841902,0.313530371820,0.078483059642,-0.308954274847,0.378640607,-0.558283699,0.089863875,0.732717603
1790504442.586180449,0.312720082689,0.076771983325,-0.311550967225,0.376965024,-0.555102426,0.094230655,0.735444934
1790504442.619517803,0.312119465980,0.075082479359,-0.314439917256,0.377701074,-0.550834722,0.097448966,0.737852767
1790504442.652856350,0.311687882246,0.073402529507,-0.317651405604,0.376658518,-0.547954019,0.100600762,0.740104209
1790504442.686195135,0.311382081539,0.071748874035,-0.321160254245,0.380101844,-0.543366248,0.101342223,0.741623532
1790504442.719533682,0.311218382245,0.070172139447,-0.324897302862,0.381089112,-0.540149243,0.105328322,0.742910377
1790504442.752871275,0.311258625672,0.068699176409,-0.328756804023,0.377768242,-0.538424590,0.106919673,0.745626113
1790504442.786210299,0.311567814129,0.067365730146,-0.332674572974,0.377759811,-0.534085994,0.111907412,0.748014978
1790504442.819548845,0.312134564076,0.066247739796,-0.336660631165,0.372706212,-0.533081895,0.114313166,0.750896979
1790504442.852887392,0.312881460380,0.065408910709,-0.340733979913,0.371146642,-0.530796001,0.116324371,0.752977036
1790504442.886225224,0.313701326654,0.064810184345,-0.344885888065,0.371050906,-0.527798463,0.115947647,0.755186169
1790504442.919564009,0.314515641455,0.064313260800,-0.349050850755,0.373072499,-0.521750710,0.117737995,0.758110065
1790504442.952902794,0.315304350602,0.063829149514,-0.353123319863,0.374151589,-0.517360185,0.120892712,0.760088139
1790504442.986240387,0.316194486226,0.063408665735,-0.357047135582,0.372776397,-0.514497815,0.122274927,0.762481868
1790504443.019579411,0.317363208830,0.063148213688,-0.360858246571,0.370447122,-0.511740333,0.124481397,0.765111197
1790504443.052915335,0.318835420366,0.063088014041,-0.364631442681,0.368865870,-0.509414255,0.125162837,0.767313073
1790504443.086251020,0.320469993788,0.063180905811,-0.368398301278,0.368490120,-0.506631505,0.124693518,0.769409563
1790504443.119585752,0.322108306683,0.063324782962,-0.372141781418,0.367831912,-0.504018394,0.126264668,0.771182454
1790504443.152921677,0.323733700058,0.063448788140,-0.375856276768,0.366508673,-0.503362238,0.126371260,0.772222866
1790504443.186257362,0.325433192307,0.063525356980,-0.379549042258,0.365491168,-0.501584692,0.128853679,0.773450537
1790504443.219593287,0.327227904321,0.063531764089,-0.383230856430,0.361384534,-0.500839438,0.130957218,0.775507114
1790504443.252928019,0.329058229971,0.063481260514,-0.386918697264,0.358328216,-0.499719431,0.133260573,0.777253498
1790504443.286263704,0.330873937785,0.063463567794,-0.390632030626,0.359186385,-0.496694194,0.134559972,0.778571533
1790504443.319599628,0.332711804178,0.063606767220,-0.394392299395,0.355631811,-0.494664889,0.136368652,0.781176198
1790504443.352934361,0.334636628114,0.063990138566,-0.398203183491,0.353450038,-0.491235677,0.136494839,0.784302071
1790504443.386270046,0.336647412922,0.064605940062,-0.402054161844,0.350767671,-0.487873817,0.138408089,0.787263857
1790504443.419605732,0.338741556805,0.065395270331,-0.405920282781,0.348947630,-0.485906194,0.137468528,0.789451155
1790504443.452941656,0.340921595538,0.066299751175,-0.409780534242,0.345620032,-0.483727520,0.138565279,0.792056907
1790504443.486276388,0.343173108147,0.067291913745,-0.413629405680,0.342747172,-0.481429072,0.139685712,0.794505083
1790504443.519612074,0.345459199331,0.068375441587,-0.417474792215,0.339067379,-0.479687989,0.139330061,0.797195008
1790504443.552947760,0.347721052028,0.069549878846,-0.421301437280,0.336878724,-0.476831322,0.139997408,0.799715788
1790504443.586283445,0.349962970475,0.070815953006,-0.425091935629,0.336050717,-0.474795036,0.140251894,0.801229677
1790504443.619618177,0.352241774951,0.072198465204,-0.428831822653,0.333018471,-0.473198449,0.139808391,0.803514493
1790504443.652954102,0.354538552938,0.073725724215,-0.432522469043,0.329454804,-0.470744681,0.141149469,0.806185962
1790504443.686289787,0.356799547517,0.075438761942,-0.436227175580,0.326601659,-0.468456994,0.140986009,0.808704116
1790504443.719624519,0.359011214195,0.077372161889,-0.439991786999,0.324317733,-0.465600489,0.139679500,0.811494812
1790504443.752960205,0.361185499591,0.079536773479,-0.443782913354,0.322868699,-0.462133814,0.139175299,0.814136584
1790504443.786295891,0.363354770023,0.081926742312,-0.447533860167,0.321254065,-0.459707280,0.137287913,0.816466210
1790504443.819631577,0.365551914947,0.084523396899,-0.451177619991,0.318607605,-0.456415103,0.136409513,0.819491850
1790504443.852966309,0.367811781668,0.087309410426,-0.454677122822,0.317412018,-0.453772769,0.135590707,0.821556477
1790504443.886301994,0.370179948580,0.090276922748,-0.458017257392,0.315641687,-0.451311636,0.133745120,0.823893425
1790504443.919637680,0.372646587487,0.093416523742,-0.461146827303,0.313017803,-0.450694512,0.129886546,0.825847321
1790504443.952972412,0.375186163829,0.096720044889,-0.464027276776,0.309827732,-0.449728449,0.129681452,0.827607286
1790504443.986308098,0.377769588636,0.100134246896,-0.466683736908,0.307815060,-0.449721596,0.126279536,0.828887117
1790504444.019643784,0.380292850420,0.103543521409,-0.469153189451,0.303971192,-0.449292272,0.124704789,0.830774749
1790504444.052978992,0.382651796406,0.106865200578,-0.471461785538,0.302421894,-0.447876652,0.123357713,0.832304258
1790504444.086313009,0.384811612865,0.110080593964,-0.473604240981,0.301605306,-0.445575354,0.120606524,0.834236723
1790504444.119648218,0.386801553336,0.113198791056,-0.475541358898,0.299115783,-0.443680579,0.119758139,0.836262686
1790504444.152983427,0.388710689802,0.116263726028,-0.477309194186,0.296233798,-0.442568110,0.117650312,0.838175047
1790504444.186318636,0.390555680219,0.119286504813,-0.478961595525,0.294738783,-0.441080279,0.114730363,0.839889386
1790504444.219652891,0.392268948751,0.122207794059,-0.480456839962,0.294530175,-0.439712814,0.113336178,0.840868318
1790504444.252987862,0.393837463301,0.124979574677,-0.481710001366,0.293322252,-0.439336565,0.110033474,0.841925219
1790504444.286323071,0.395312917683,0.127622990311,-0.482667450060,0.291568788,-0.438941096,0.109554331,0.842802589
1790504444.319657326,0.396744819217,0.130224373191,-0.483355528430,0.289761269,-0.439021629,0.108193886,0.843559422
1790504444.352992535,0.398157623089,0.132845801426,-0.483848676886,0.288288505,-0.439206751,0.106495561,0.844183548
1790504444.386327505,0.399521208262,0.135405689567,-0.484162687565,0.286522952,-0.439121169,0.104293033,0.845103639
1790504444.419662714,0.400751866996,0.137726207856,-0.484241760984,0.284513260,-0.439553834,0.101937742,0.845844743
1790504444.452996492,0.401772585417,0.139682369172,-0.484058529064,0.282483157,-0.440506087,0.101697164,0.846058710
1790504444.486331701,0.402568107659,0.141260169703,-0.483687996137,0.280742084,-0.441120883,0.101086497,0.846391026
1790504444.519666910,0.403160020787,0.142495827053,-0.483239699272,0.280112689,-0.441545117,0.100822137,0.846409882
1790504444.553001881,0.403596449265,0.143437304563,-0.482770877677,0.281036738,-0.442129199,0.099612921,0.845941717
1790504444.586336136,0.403950798390,0.144124355947,-0.482287914904,0.281300837,-0.443272675,0.098600612,0.845373937
1790504444.619671106,0.404240073267,0.144545816022,-0.481823205121,0.280041255,-0.444315463,0.097797175,0.845338025
1790504444.653006077,0.404364597940,0.144634135312,-0.481463534381,0.279715948,-0.444963308,0.097328043,0.845159094
1790504444.686340332,0.404178858047,0.144298468174,-0.481274759854,0.279524941,-0.445104530,0.097577892,0.845119116
1790504444.719675303,0.403597706638,0.143440149772,-0.481259582407,0.280668050,-0.445329672,0.098759404,0.844484167
1790504444.753010511,0.402601487769,0.141936878394,-0.481331333205,0.283473381,-0.445019751,0.101034219,0.843440780
1790504444.786345482,0.401221077148,0.139703607114,-0.481387080294,0.285557435,-0.444965477,0.104514124,0.842341661
1790504444.819679499,0.399485420007,0.136737274773,-0.481389673786,0.287657638,-0.444821195,0.108236491,0.841232459
1790504444.853014708,0.397378502020,0.133071200316,-0.481335316468,0.290577447,-0.444447733,0.112935251,0.839807472
1790504444.886349678,0.394893124333,0.128777733261,-0.481228440177,0.291949126,-0.444727721,0.116526844,0.838692111
1790504444.919684649,0.392062481230,0.123967493446,-0.481086565679,0.293292795,-0.444275066,0.121951913,0.837691311
1790504444.953018665,0.388926855667,0.118734459564,-0.480889110481,0.297997725,-0.442648823,0.127486887,0.836066067
1790504444.986353397,0.385541252114,0.113140516884,-0.480552221549,0.300361021,-0.442174593,0.131577064,0.834836728
1790504445.019688606,0.381977774491,0.107232944683,-0.479988430273,0.306025546,-0.441166323,0.141712858,0.831647826
1790504445.053024530,0.378242314154,0.101038953192,-0.479149100986,0.307293814,-0.441217804,0.149972264,0.829702164
1790504445.086361170,0.374309428908,0.094574812271,-0.478007015870,0.311180260,-0.440881569,0.156169342,0.827285576
1790504445.119698048,0.370134432886,0.087875413560,-0.476555237319,0.315065048,-0.440931458,0.165162060,0.824035775
1790504445.153034687,0.365656089188,0.080985355057,-0.474785888624,0.319893439,-0.440908950,0.169708301,0.821259142
1790504445.186370611,0.360845660620,0.073948994089,-0.472659585347,0.323219147,-0.440350411,0.179209318,0.818232803
1790504445.219707251,0.355736668749,0.066829081688,-0.470110331113,0.331640725,-0.440431559,0.185001800,0.813516321
1790504445.253044128,0.350376463240,0.059731467909,-0.467116579945,0.337333357,-0.439421172,0.195388999,0.809282632
1790504445.286379814,0.344797507629,0.052768980424,-0.463665526986,0.340699187,-0.440873485,0.199339839,0.806113059
1790504445.319716692,0.339084423055,0.046057822066,-0.459783784829,0.342075953,-0.444510828,0.199578513,0.803469093
1790504445.353053808,0.333351469873,0.039708731496,-0.455511455702,0.347099351,-0.446800025,0.205588897,0.798514235
1790504445.386390448,0.327671614579,0.033798165848,-0.450874452728,0.350485144,-0.447773557,0.210308101,0.795254367
1790504445.419726372,0.322135345219,0.028352620490,-0.445970304240,0.356212905,-0.450153948,0.215472904,0.789965327
1790504445.453063011,0.316816977947,0.023300686698,-0.440910554512,0.362233336,-0.452101920,0.217931977,0.785427601
1790504445.486399889,0.311701643228,0.018492869226,-0.435693236468,0.367090360,-0.454213247,0.219970965,0.781375562
1790504445.519736767,0.306714826614,0.013819163366,-0.430262169605,0.371522777,-0.457020783,0.222089181,0.777032320
1790504445.553072453,0.301765871663,0.009238309035,-0.424595882088,0.376208165,-0.460395264,0.224391919,0.772108725
1790504445.586409330,0.296776078475,0.004734295165,-0.418687560982,0.381446928,-0.464459333,0.226687947,0.766412646
1790504445.619746447,0.291688234062,0.000312962622,-0.412518830584,0.386800406,-0.468371477,0.229769886,0.760407394
1790504445.653082132,0.286462863814,-0.003981028055,-0.406078063681,0.390987755,-0.472885784,0.233083814,0.754439889
1790504445.686419010,0.281155457044,-0.008052197513,-0.399449762567,0.397388541,-0.477906985,0.235916007,0.747014658
1790504445.719755888,0.275929901219,-0.011819492577,-0.392807088135,0.406913220,-0.483885029,0.236198054,0.737893888
1790504445.753092527,0.270897593253,-0.015282477660,-0.386257191851,0.418144697,-0.491711641,0.232531220,0.727532752
1790504445.786428452,0.265972459104,-0.018497854332,-0.379725072486,0.427449346,-0.498553579,0.229055270,0.718515879
1790504445.819765329,0.261003605414,-0.021532945833,-0.373077235217,0.435983706,-0.504574128,0.228046198,0.709449144
1790504445.853102207,0.256001411859,-0.024459683093,-0.366306629330,0.443233434,-0.510974406,0.228807041,0.700069009
1790504445.886438847,0.251094553129,-0.027357682618,-0.359526354843,0.451913763,-0.517552286,0.228401620,0.689743635
1790504445.919775009,0.246298959177,-0.030267867759,-0.352860896859,0.456545660,-0.522331993,0.228693757,0.682960112
1790504445.953111887,0.241503040704,-0.033177394019,-0.346374652417,0.460846745,-0.528183183,0.229776930,0.675163214
1790504445.986448765,0.236666699707,-0.036054522664,-0.340111900182,0.465062983,-0.533545632,0.230734774,0.667687760
1790504446.019784451,0.231801759047,-0.038871739634,-0.334086967386,0.471179801,-0.537637813,0.229285865,0.660577906
1790504446.053122044,0.226848566637,-0.041621804981,-0.328230666155,0.476654648,-0.541303638,0.229249436,0.653632477
1790504446.086459637,0.221773054446,-0.044314055719,-0.322464513093,0.480701883,-0.544256126,0.229827607,0.647989383
1790504446.119797468,0.216555821407,-0.046936316165,-0.316832569739,0.485300068,-0.546870435,0.227828136,0.643048141
1790504446.153134108,0.211140479466,-0.049450398028,-0.311372317068,0.491348274,-0.549386703,0.226192688,0.636857906
1790504446.186471701,0.205554760260,-0.051872499739,-0.305965797604,0.497538630,-0.550832730,0.224795194,0.631273107
1790504446.219809294,0.199915920151,-0.054289120864,-0.300454760727,0.501198367,-0.553758524,0.224409754,0.625932869
1790504446.253146648,0.194323691237,-0.056744095279,-0.294809882554,0.503754453,-0.555886622,0.225145620,0.621716145
1790504446.286483288,0.188838033251,-0.059176562246,-0.289100919166,0.504522316,-0.564926912,0.220758096,0.614475940
1790504446.319821119,0.183508344885,-0.061516514225,-0.283368584086,0.509671994,-0.566327184,0.224600353,0.607505276
1790504446.353158712,0.178333731521,-0.063728539196,-0.277649926459,0.510556911,-0.571415895,0.226362257,0.601311603
1790504446.386495352,0.173302373384,-0.065725379900,-0.272009404288,0.518964516,-0.574272477,0.224659387,0.591958709
1790504446.419832945,0.168386372777,-0.067367127566,-0.266526538142,0.527524519,-0.579255917,0.221611286,0.580576354
1790504446.453170538,0.163612964117,-0.068629354069,-0.261192974519,0.535063455,-0.582264019,0.218688217,0.571708995
1790504446.486508369,0.159018533687,-0.069619242125,-0.255871838934,0.541309578,-0.585722524,0.215391024,0.563488929
1790504446.519845009,0.154552039634,-0.070451216181,-0.250393594196,0.547123479,-0.589347990,0.212953895,0.554955389
1790504446.553182840,0.150130873527,-0.071232411224,-0.244726189372,0.550727474,-0.592797312,0.211284575,0.548315077
1790504446.586520433,0.145717302954,-0.072041518359,-0.238998981861,0.552449638,-0.595269439,0.212345994,0.543472971
1790504446.619857073,0.141355638617,-0.072903498194,-0.233340801327,0.554760505,-0.599224103,0.212578337,0.536639271
1790504446.653194904,0.137180814529,-0.073793920876,-0.227834207618,0.554100871,-0.603794500,0.212795066,0.532092742
1790504446.686532497,0.133258351119,-0.074652056521,-0.222519152068,0.555700221,-0.608244892,0.211073070,0.526007200
1790504446.719870090,0.129622749678,-0.075412239065,-0.217446023432,0.556270996,-0.613704566,0.211743239,0.518742794
1790504446.753206730,0.126332501177,-0.076055644761,-0.212672498817,0.557664646,-0.617974205,0.209188277,0.513184460
1790504446.786544561,0.123254027804,-0.076584323451,-0.208241010885,0.559738234,-0.619057685,0.208802753,0.509766714
1790504446.819882393,0.120235012039,-0.076996655587,-0.204173416747,0.561338334,-0.623312644,0.207257452,0.503413321
1790504446.853219986,0.117391171440,-0.077337661159,-0.200454102913,0.563482433,-0.623258667,0.206985660,0.501191697
1790504446.886556864,0.114811762473,-0.077681073314,-0.196968327380,0.565632239,-0.625740251,0.202632176,0.497442972
1790504446.919894457,0.112431163502,-0.078063323211,-0.193479027384,0.567129144,-0.628347280,0.200544047,0.493281173
1790504446.953232288,0.110179104708,-0.078445238752,-0.189752375904,0.566535557,-0.631308494,0.199961157,0.490410628
1790504446.986569166,0.108012796245,-0.078714814752,-0.185710106996,0.565791028,-0.637010922,0.197459624,0.484878640
1790504447.019906759,0.105878003078,-0.078779767971,-0.181445459885,0.567442338,-0.639406996,0.196051266,0.480345488
1790504447.053245068,0.103667136482,-0.078639176869,-0.177114353721,0.568046050,-0.643729376,0.193278476,0.474952215
1790504447.086583853,0.101318717039,-0.078353728200,-0.172897016246,0.572290658,-0.639412509,0.196631120,0.474311341
1790504447.119921207,0.098843294482,-0.077995655630,-0.168973308391,0.574098918,-0.641222451,0.195151194,0.470276740
1790504447.153259754,0.096297857547,-0.077646835188,-0.165375331987,0.576844176,-0.642411470,0.194054510,0.465726473
1790504447.186598063,0.093780629442,-0.077339434022,-0.162036161646,0.579212466,-0.644339217,0.192754107,0.460636242
1790504447.219936848,0.091382099895,-0.077015474129,-0.158913804961,0.583227165,-0.644472887,0.191639568,0.455823484
1790504447.253274202,0.089101205687,-0.076558465357,-0.155994058418,0.588596289,-0.645007049,0.186680172,0.450189769
1790504447.286612749,0.086930256857,-0.075903583808,-0.153203098808,0.593027447,-0.645396138,0.183010253,0.445297115
1790504447.319951534,0.084894645470,-0.075076988981,-0.150424953574,0.595884736,-0.646743211,0.180667208,0.440458808
1790504447.353288889,0.082987801954,-0.074122233793,-0.147619901405,0.597655006,-0.648070702,0.179200875,0.436692003
1790504447.386627436,0.081187242638,-0.073052832657,-0.144828955689,0.598175468,-0.650299033,0.177658166,0.433283802
1790504447.419965982,0.079454942098,-0.071871045575,-0.142085037800,0.599450511,-0.652312291,0.176027030,0.429141288
1790504447.453304768,0.077699382779,-0.070622195036,-0.139382556715,0.601679338,-0.653295521,0.175048292,0.424905909
1790504447.486642122,0.075885168029,-0.069416972681,-0.136677545195,0.602600986,-0.656126047,0.174052901,0.419614406
1790504447.519980669,0.074059965175,-0.068370776158,-0.133902757534,0.602807562,-0.657762848,0.175702537,0.416052519
1790504447.553319454,0.072244069436,-0.067505693296,-0.131022476797,0.603151155,-0.660380001,0.177341360,0.410678683
1790504447.586658001,0.070465604827,-0.066768240515,-0.128047565817,0.602842946,-0.663874907,0.179274173,0.404612483
1790504447.619995594,0.068805949259,-0.066106974890,-0.125034613030,0.601661262,-0.667274045,0.181006451,0.399982174
1790504447.653334141,0.067346710121,-0.065473795810,-0.122058013182,0.602003804,-0.670963921,0.180243638,0.393587433
1790504447.686672926,0.066128622883,-0.064817331364,-0.119181057416,0.601689512,-0.673679608,0.179606543,0.389701177
1790504447.720010519,0.065103216145,-0.064122249166,-0.116485001046,0.603079531,-0.674478608,0.179502764,0.386202595
1790504447.753349304,0.064159904768,-0.063425212724,-0.114042024138,0.604181791,-0.675418340,0.178517254,0.383283211
1790504447.786688089,0.063272105183,-0.062770043197,-0.111811762852,0.603851615,-0.677600231,0.177142278,0.380580829
1790504447.820026636,0.062418850522,-0.062119710434,-0.109651399898,0.604219360,-0.679824593,0.175551452,0.376748159
1790504447.853364229,0.061529125394,-0.061360882083,-0.107449760056,0.604708878,-0.682245435,0.173031743,0.372730941
1790504447.886703014,0.060585487971,-0.060370459213,-0.105215562943,0.606254909,-0.682977128,0.171812693,0.369428784
1790504447.920041800,0.059603313854,-0.059071046328,-0.103028089613,0.609727945,-0.677934927,0.173861265,0.372032698
1790504447.953379393,0.058659806955,-0.057468726562,-0.100879710070,0.592243310,-0.700700404,0.161784568,0.363445401
1790504447.986718178,0.057964388566,-0.055647033757,-0.098635422538,0.601954178,-0.691614341,0.164440414,0.363703341
1790504448.020056963,0.057501704998,-0.053650123724,-0.096373896867,0.607917974,-0.686399907,0.164849761,0.363476907
1790504448.053392410,0.057102965207,-0.051529895659,-0.094186018408,0.611891512,-0.683712078,0.165226714,0.361699744
1790504448.086726665,0.056648589091,-0.049360691070,-0.092072407564,0.614671341,-0.683853455,0.164060818,0.357222120
1790504448.120062113,0.056156165095,-0.047272657472,-0.089971651975,0.616624057,-0.684352242,0.162934102,0.353396747
1790504448.153397322,0.055715514830,-0.045402084816,-0.087809064185,0.616839308,-0.685640520,0.162657949,0.350640468
1790504448.186732769,0.055381006148,-0.043760031642,-0.085587350913,0.615906411,-0.688013994,0.161944970,0.347950950
1790504448.220066786,0.055138645682,-0.042236976320,-0.083413901664,0.614875591,-0.690634945,0.160721817,0.345137476
1790504448.253401995,0.054941993642,-0.040702038911,-0.081430959677,0.615356846,-0.692325352,0.158601042,0.341858549
1790504448.286737442,0.054751047578,-0.039076905924,-0.079758590729,0.617294424,-0.692754454,0.155829427,0.338756624
1790504448.320071697,0.054538570189,-0.037359866303,-0.078449699146,0.620282376,-0.692145982,0.152226990,0.336170579
1790504448.353406906,0.054237709160,-0.035616675081,-0.077482041088,0.624183308,-0.690393128,0.148601709,0.334170704
1790504448.386742115,0.053731050093,-0.033927209226,-0.076776126532,0.626486858,-0.689807569,0.146594897,0.331948294
1790504448.420077324,0.052945406365,-0.032314745254,-0.076218958073,0.629972077,-0.687869204,0.146521989,0.329397096
1790504448.453411579,0.051936941048,-0.030743268701,-0.075698205396,0.632988579,-0.687277794,0.146776380,0.324701997
1790504448.486746788,0.050916080200,-0.029181863759,-0.075096984316,0.635546769,-0.687120844,0.146361566,0.320192976
1790504448.520081997,0.050054799486,-0.027632794350,-0.074317926321,0.637610008,-0.686833605,0.144257797,0.317651957
1790504448.553417206,0.049295754039,-0.026109038656,-0.073297163879,0.638409794,-0.687069517,0.144370619,0.315476686
1790504448.586751461,0.048537942562,-0.024626087118,-0.072035935371,0.636747259,-0.689858426,0.144668631,0.312600811
1790504448.620086670,0.047792618836,-0.023209589829,-0.070645815791,0.636595714,-0.691138525,0.145071183,0.309883507
1790504448.653421879,0.047060300362,-0.021892848974,-0.069291760405,0.636873022,-0.692503399,0.144415282,0.306555090
1790504448.686755896,0.046308451622,-0.020674168709,-0.068085375485,0.637988932,-0.692668211,0.145935980,0.303123014
1790504448.720091105,0.045592011903,-0.019507128632,-0.067070302099,0.637399065,-0.694843648,0.145394990,0.299624822
1790504448.753426313,0.045018855037,-0.018335934902,-0.066253740469,0.639147532,-0.695020005,0.143562067,0.296357145
1790504448.786761284,0.044605841922,-0.017110845823,-0.065633692152,0.640990544,-0.694555342,0.140894158,0.294741982
1790504448.820095539,0.044287331054,-0.015820833487,-0.065188012857,0.643429925,-0.692972809,0.139534957,0.293796892
1790504448.853430510,0.044033394933,-0.014530670240,-0.064834612695,0.644828198,-0.692694154,0.137868361,0.292170702
1790504448.886765480,0.043871855365,-0.013350878221,-0.064416951392,0.645865248,-0.691751295,0.137818767,0.292137322
1790504448.920100689,0.043753177226,-0.012386633573,-0.063830121200,0.644629820,-0.693201645,0.137233081,0.291703541
1790504448.953434467,0.043543927853,-0.011718901374,-0.063110431037,0.643462838,-0.695238179,0.137119891,0.289478127
1790504448.986769438,0.043185731940,-0.011406656720,-0.062385907741,0.642880456,-0.696931001,0.136566395,0.286952119
1790504449.020104647,0.042716369869,-0.011442397766,-0.061822453224,0.643646325,-0.696935599,0.137051420,0.284986118
1790504449.053443909,0.042161950109,-0.011751509332,-0.061562153893,0.643196104,-0.698831382,0.134699850,0.282470215
1790504449.086784124,0.041517330429,-0.012247340295,-0.061645838379,0.645310543,-0.698630853,0.132454812,0.279186241
1790504449.120124817,0.040799652684,-0.012840328145,-0.062008331298,0.647001642,-0.698273645,0.130461730,0.277096607
1790504449.153465033,0.040096914175,-0.013451671356,-0.062501403096,0.650973756,-0.696320305,0.127916967,0.273876708
1790504449.186804771,0.039444208625,-0.014092288897,-0.062986739299,0.654021785,-0.694550053,0.126325820,0.271840975
1790504449.220145226,0.038731638141,-0.014913098242,-0.063426773838,0.655003308,-0.694812170,0.123918800,0.269908957
1790504449.253485918,0.037815484046,-0.016111121988,-0.063872679359,0.656211388,-0.695164719,0.122482663,0.266703253
1790504449.286825418,0.036619575057,-0.017798130597,-0.064366395670,0.656538136,-0.695943761,0.122507960,0.263840400
1790504449.320166111,0.035193123598,-0.019956427613,-0.064912450837,0.656481442,-0.696797707,0.122025268,0.261944472
1790504449.353506804,0.033686134442,-0.022470880334,-0.065528695504,0.656867480,-0.696943288,0.122962321,0.260145026
1790504449.386847496,0.032273173068,-0.025226911447,-0.066234846062,0.659455621,-0.696049132,0.122015418,0.256410079
1790504449.420187235,0.031075315463,-0.028197557706,-0.067017808571,0.663685119,-0.693396000,0.120365570,0.253448574
1790504449.453528166,0.030060559297,-0.031439472462,-0.067853145332,0.667632626,-0.691339028,0.117388965,0.250073700
1790504449.486868858,0.029062408245,-0.035035961548,-0.068751023674,0.671397943,-0.688999993,0.117056864,0.246579608
1790504449.520209789,0.027945200437,-0.039037365259,-0.069758383060,0.673106706,-0.688470630,0.117771137,0.243033974
1790504449.553549767,0.026720967284,-0.043390364358,-0.070920301637,0.673724796,-0.689019728,0.119323145,0.238974269
1790504449.586890697,0.025481748806,-0.047915509070,-0.072267326006,0.674288640,-0.689307647,0.119392848,0.236506124
1790504449.620231628,0.024322880898,-0.052392431927,-0.073808424086,0.676795138,-0.688031155,0.119623846,0.232919741
1790504449.653571844,0.023340287358,-0.056668883310,-0.075509686188,0.679647454,-0.686074657,0.118942867,0.230723856
1790504449.686912775,0.022639916961,-0.060651537616,-0.077284174198,0.682811828,-0.684196159,0.117461670,0.227698001
1790504449.720254183,0.022249376113,-0.064272753184,-0.079029509892,0.686399000,-0.683688386,0.109962464,0.222114519
1790504449.753595114,0.022048551559,-0.067522408716,-0.080692414535,0.691042247,-0.679930784,0.107547343,0.220427564
1790504449.786935568,0.021839405682,-0.070496206639,-0.082258294870,0.696325901,-0.677257049,0.100931449,0.215095262
1790504449.820276737,0.021494813591,-0.073358985377,-0.083689481650,0.699800637,-0.675002604,0.098314073,0.212096430
1790504449.853618145,0.020940661568,-0.076251434955,-0.084950592712,0.702626973,-0.672884444,0.097077884,0.210042249
1790504449.886959553,0.020164397585,-0.079253927687,-0.086063350916,0.703547402,-0.672511273,0.097480372,0.207959654
1790504449.920299768,0.019242024836,-0.082387548876,-0.087075251149,0.703512898,-0.673301894,0.097920093,0.205294464
1790504449.953641176,0.018252276551,-0.085626001724,-0.088026442551,0.704027387,-0.673424820,0.098232423,0.202965125
1790504449.986982584,0.017203840202,-0.088857198348,-0.088944304902,0.703665160,-0.674404610,0.098145954,0.201000339
1790504450.020323277,0.016323190587,-0.091359087669,-0.089660442899,0.703805456,-0.674894089,0.099842019,0.198008638
