0.0 0.0 0.0 0.0 0.0 0.0 0.0 1.0
0.03333333507180214 2.4577200747444294e-05 2.2131869172881125e-06 5.519649857887998e-05 -5.20258709002519e-07 -1.1069535503338557e-05 -1.1352057299518492e-05 1.0
0.06666667014360428 1.4494639799522702e-06 8.891341707339961e-08 7.606786675751209e-05 -1.5689799965912243e-06 -5.003756086807698e-06 -8.356508260476403e-06 1.0
0.10000000149011612 -4.362077561381739e-06 -2.4289181510539493e-06 0.00012383087596390396 1.1750931889764615e-06 -1.0162744729314e-05 -5.1210217861807905e-06 1.0
0.13333334028720856 6.783194294257555e-06 -1.00510160336853e-05 8.11275458545424e-05 -3.886096692440333e-06 -3.7552588310063584e-06 -1.0450937224959489e-05 1.0
0.1666666716337204 -5.0802595978893805e-06 -2.0465718989726156e-05 5.913083805353381e-05 -1.0118603313458152e-05 -2.7431406124378555e-06 -1.76072571775876e-05 1.0
0.20000000298023224 3.554288559826091e-05 1.8879343770095147e-05 4.5544216845883057e-05 1.1436957265686942e-06 -1.512553990323795e-05 -1.4713225027662702e-05 1.0
0.23333333432674408 2.031414805969689e-05 5.641543339152122e-06 6.420681165764108e-05 1.2207905228933669e-06 -8.298729881062172e-06 -1.2703680113190785e-05 1.0
0.2666666805744171 5.969198537059128e-05 1.7130565538536757e-05 8.614888065494597e-05 6.827490324212704e-06 -2.5365447072545066e-05 -4.95310951009742e-06 1.0
0.30000001192092896 1.5416459063999355e-05 -7.779730367474258e-06 5.1863768021576107e-05 -1.1439301488280762e-05 -1.0833557098521851e-05 -1.5566580259473994e-05 1.0
0.3333333432674408 -2.004645921260817e-06 -1.8480517610441893e-05 4.4066804548492655e-05 -1.0475962881173473e-05 -2.05908349926176e-06 -1.920740760397166e-05 1.0
0.36666667461395264 3.869080319418572e-05 1.2957414583070204e-05 3.283004116383381e-05 1.941473328770371e-06 -1.4363224181579426e-05 -1.458652059227461e-05 1.0
0.4000000059604645 2.668976958375424e-05 -7.996806743904017e-06 5.4334599553840235e-05 -5.440720997285098e-06 -1.4290569197328296e-05 -1.2147340385126881e-05 1.0
0.4333333373069763 -2.956483740490512e-06 9.845528438745532e-06 7.342476601479575e-05 2.701891844480997e-06 2.1366922737797722e-06 -7.140346497180872e-06 1.0
0.46666666865348816 3.072904291911982e-05 1.2115595382056199e-05 2.3254142433870584e-05 4.973686600351357e-07 -1.5283467291737907e-05 -1.5649729903088883e-05 1.0
0.5 2.8331072826404124e-05 -1.4697371852889773e-07 5.7763394579524174e-05 2.638464735582602e-08 -1.2550819519674405e-05 -7.065546014928259e-06 1.0
0.5333333611488342 -1.5130907740967814e-05 -1.3987991223984864e-05 5.779941056971438e-05 -7.599371201649774e-06 3.5145155834470643e-06 -1.7320904589723796e-05 1.0
0.5666666626930237 1.0002673661801964e-05 -8.180272743629757e-06 3.723490226548165e-05 -4.946429271512898e-06 -7.3776946010184474e-06 -1.1242555046919733e-05 1.0
0.6000000238418579 -1.2460242032830138e-05 -1.572988367115613e-06 7.901250501163304e-05 2.021895170400967e-06 -8.226984391512815e-07 -1.1759925655496772e-05 1.0
0.6333333253860474 1.2631757272174582e-05 3.705792551045306e-06 4.770615851157345e-05 -2.889060851885006e-06 -7.410169018839952e-06 -1.7059925085050054e-05 1.0
0.6666666865348816 3.868927706207614e-06 -5.8709697441372555e-06 8.374906610697508e-05 -4.930386239720974e-06 -9.243393833457958e-06 -1.2957739272678737e-05 1.0
0.699999988079071 2.981933175760787e-05 -9.422584298590664e-06 4.756984708365053e-05 -4.794310825673165e-06 -1.1962901226070244e-05 -1.2426323337422218e-05 1.0
0.7333333492279053 3.626662146416493e-05 1.714660356810782e-05 3.0683102522743866e-05 8.737792995816562e-07 -1.19069627544377e-05 -1.1742330570996273e-05 1.0
0.7666666507720947 1.3795201994071249e-05 -1.9583274479373358e-05 6.786583981011063e-05 -8.441515092272311e-06 -9.088993465411477e-06 -8.657438229420222e-06 1.0
0.800000011920929 2.470133222232107e-05 -3.7692600017180666e-05 4.1611150663811713e-05 -2.3679760488448665e-05 -1.4641640518675558e-05 -1.833867463574279e-05 1.0
0.8333333134651184 2.7729370231099892e-06 7.346894562942907e-06 6.231245788512751e-05 2.7237290396442404e-06 -6.539130026794737e-06 -1.807466833270155e-05 1.0
0.8666666746139526 1.1572432413231581e-05 9.321965080744121e-06 3.7129120755707845e-05 -1.209466063301079e-06 -6.566614501934964e-06 -1.0578633919067215e-05 1.0
0.8999999761581421 1.531497218820732e-05 1.7901746105053462e-05 6.778335955459625e-05 7.028213076409884e-06 -1.1376047950761858e-05 -1.3420700270216912e-05 1.0
0.9333333373069763 5.307372248353204e-06 -6.459009455284104e-06 0.00010637530795065686 -2.502832103346009e-06 -1.0519405805098359e-05 -3.458606215644977e-06 1.0
0.9666666388511658 1.6249190593953244e-05 -1.5169285688898526e-05 8.288452954730019e-05 -8.778200935921632e-06 -1.2849454833485652e-05 -1.1769176126108505e-05 1.0
1.0 1.257623534911545e-05 1.6584013792453334e-05 8.336369501193985e-05 9.11387996893609e-06 -1.2083132787665818e-05 -3.362060397194e-06 1.0
1.0333333015441895 -4.0637783058627974e-06 5.098404926684452e-06 7.496360194636509e-05 3.844857019430492e-07 -4.489846560318256e-06 -1.4766386584597058e-06 1.0
1.0666667222976685 4.0708786400500685e-05 2.9316390282474458e-05 4.440709744812921e-05 5.206833066040417e-06 -1.610543768038042e-05 -1.5767896911711432e-05 1.0
1.100000023841858 9.65595154411858e-06 6.0109473452030215e-06 7.955473120091483e-05 1.2201206800455111e-06 -6.147511612653034e-06 -9.42127462622011e-06 1.0
1.1333333253860474 1.0850235412362963e-05 -8.6375739556388e-06 4.8333717131754383e-05 -7.5264038059685845e-06 -7.706428732490167e-06 -1.577988950884901e-05 1.0
1.1666666269302368 2.1519825168070383e-05 9.302192665927578e-06 6.696689524687827e-05 -1.6396481896663317e-06 -1.5558835002593696e-05 -2.040793333435431e-05 1.0
1.2000000476837158 3.750552423298359e-05 2.4610746550024487e-05 3.915090928785503e-05 1.2909526958537754e-06 -1.4859466318739578e-05 -2.022806802415289e-05 1.0
1.2333333492279053 5.2537041483446956e-05 2.760239294730127e-05 4.541539601632394e-05 5.8002319747174624e-06 -2.1617346646962687e-05 -1.041295581671875e-05 1.0
1.2666666507720947 2.3756991140544415e-05 1.8450959032634273e-05 5.6439090258209035e-05 1.5735408851469401e-06 -8.460360731987748e-06 -1.7390872017131187e-05 1.0
1.2999999523162842 1.8187838577432558e-05 -3.1580988434143364e-05 8.340946806129068e-05 -1.1624309081526008e-05 -9.717393368191551e-06 -7.467320756404661e-06 1.0
1.3333333730697632 4.48452883574646e-05 1.0903783731919248e-05 6.83647594996728e-05 -4.108385667223047e-07 -2.1905476387473755e-05 -1.0146215572603978e-05 1.0
1.3666666746139526 -2.3455334030586528e-06 -2.497242121535237e-06 5.9935471654171124e-05 -5.071272425993811e-06 -1.9868186882376904e-06 -1.3964392564957961e-05 1.0
1.399999976158142 2.6668163627618924e-05 -9.18081514100777e-06 6.130860856501386e-05 -6.361448413372273e-06 -1.2640404747799039e-05 -1.0426894732518122e-05 1.0
1.4333332777023315 1.3729620150115807e-05 -1.0843165227925056e-06 7.801417086739093e-05 -5.0080598157364875e-06 -1.116843668569345e-05 -1.3912522263126448e-05 1.0
1.4666666984558105 2.6404297386761755e-05 1.0829974598891567e-05 5.6086399126797915e-05 6.437406341319729e-07 -1.621522278583143e-05 -1.633978172321804e-05 1.0
1.5 -8.244903710874496e-07 -3.018645429619937e-06 8.840342343319207e-05 -5.029321982874535e-06 -4.9324794417771045e-06 -1.1349124179105274e-05 1.0
1.5333333015441895 6.778102488169679e-06 2.0635518467315705e-06 6.731499161105603e-05 5.604937314274139e-07 -1.0057360668724868e-05 -1.5366273146355525e-05 1.0
1.5666667222976685 1.1654765330604278e-05 -2.097014430546551e-06 6.276043859543279e-05 -1.969118329725461e-06 -7.016660219960613e-06 -9.782098459254485e-06 1.0
1.600000023841858 2.8277270757826045e-05 5.816180419060402e-06 5.449855234473944e-05 -1.281168806599453e-06 -1.0165508683712687e-05 -6.698701326968148e-06 1.0
1.6333333253860474 3.0265009627328254e-05 -3.1273742933990434e-05 4.9949052481679246e-05 -1.5072370842972305e-05 -1.2749154848279431e-05 -4.872930276178522e-06 1.0
1.6666666269302368 3.087202276219614e-05 -6.949680027901195e-06 6.349098839564249e-05 -4.874026672041509e-06 -1.3778236279904377e-05 -7.360765721386997e-06 1.0
1.7000000476837158 -2.073068026220426e-05 -6.118151759437751e-06 9.358977695228532e-05 2.0898353341181064e-06 3.5205437143304152e-06 -5.791074272565311e-06 1.0
1.7333333492279053 2.790388316498138e-05 1.000936572381761e-05 7.636599184479564e-05 3.591972244976205e-06 -1.685744609858375e-05 -1.0865058357012458e-05 1.0
1.7666666507720947 2.5104720407398418e-05 1.5498961829507607e-06 2.054387550742831e-05 -7.897040632087737e-06 -1.0748235581559129e-05 -2.114387825713493e-05 1.0
1.7999999523162842 -1.1336134775774553e-05 1.932650775415823e-05 8.875835919752717e-05 1.0357167411711998e-05 -1.715064286145207e-06 -6.502874384750612e-06 1.0
1.8333333730697632 4.258741228113649e-06 2.04830803340883e-06 4.5120676077203825e-05 -6.567690320480324e-07 -2.177597480113036e-06 -9.422758012078702e-06 1.0
1.8666666746139526 1.6718509868951514e-05 -1.8295037079951726e-05 6.210563878994435e-05 -7.738032763882075e-06 -1.0941223990812432e-05 -7.1045878939912654e-06 1.0
1.899999976158142 1.0395080607850105e-05 -1.306838294112822e-05 6.141314952401444e-05 -5.1966158025607e-06 -4.970394911651965e-06 -8.630845513835084e-06 1.0
1.9333332777023315 1.9024961147806607e-05 1.6606461940682493e-05 6.240423681447282e-05 4.428136435308261e-06 -9.793699064175598e-06 -6.933149506949121e-06 1.0
1.9666666984558105 1.905148383229971e-05 1.7112450223066844e-05 4.502814044826664e-05 1.5860988469285076e-06 -1.0720902537286747e-05 -1.8352333427174017e-05 1.0
2.0 7.899002412159462e-06 -2.881054797398974e-06 6.700549420202151e-05 -8.917781997297425e-07 -7.379013823083369e-06 -8.709793291927781e-06 1.0
2.0333333015441895 1.2468826753320172e-05 -1.3748615856457036e-05 5.5200383940245956e-05 -6.629944437008817e-06 -7.77599143475527e-06 -5.672417046298506e-06 1.0
2.066666603088379 1.710797005216591e-05 3.317251184853376e-06 5.521970524569042e-05 -3.470410092631937e-06 -1.031858118949458e-05 -1.8148382878280245e-05 1.0
2.0999999046325684 4.044308752781944e-06 -7.583333626826061e-06 7.700092101003975e-05 -5.7505499171384145e-06 -7.90723515819991e-06 -1.6430416508228518e-05 1.0
2.133333444595337 3.824171290034428e-05 1.1464329872978851e-05 7.784811168676242e-05 8.947175729190349e-07 -1.944721589097753e-05 -1.463438729842892e-05 1.0
2.1666667461395264 2.9579625334008597e-05 3.2818104955367744e-05 4.8608111683279276e-05 9.382255484524649e-06 -1.4818792806181591e-05 -1.2189932022010908e-05 1.0
2.200000047683716 1.5287538190023042e-05 1.241111385752447e-05 6.565302464878187e-05 2.5595331862859894e-06 -1.185247310786508e-05 -9.188667718262877e-06 1.0
2.2333333492279053 5.004587728762999e-05 1.9974188035121188e-05 5.4631436796626076e-05 7.484607067453908e-06 -2.1876327082281932e-05 1.911071876747883e-06 1.0
2.2666666507720947 1.892303589556832e-05 -1.9859944586642087e-05 3.127284799120389e-05 -1.707482078927569e-05 -1.1310075024084654e-05 -2.0579534975695424e-05 1.0
2.299999952316284 1.8961352907354012e-05 9.588429747964256e-06 3.8676997064612806e-05 1.7969583723242977e-06 -1.0252623724227306e-05 -7.173742687882623e-06 1.0
2.3333332538604736 2.0457238861126825e-05 2.2124338556750445e-06 5.6696524552535266e-05 -3.5434329674899345e-06 -9.390190825797617e-06 -1.5580846593366005e-05 1.0
2.366666555404663 1.4926221410860308e-05 -7.787049980834126e-06 5.851600508322008e-05 -4.569780685415026e-06 -1.1695333341776859e-05 -1.8600343537400477e-05 1.0
2.4000000953674316 3.6376790376380086e-05 -4.265068582753884e-06 7.093769090715796e-05 -8.718442586541642e-06 -1.907536898215767e-05 -1.6183568732230924e-05 1.0
2.433333396911621 1.1203891290278989e-06 -1.1179752618772909e-05 5.362601950764656e-05 -7.454163096554112e-06 -4.25558664574055e-06 -1.567708204675e-05 1.0
2.4666666984558105 2.868770570785273e-05 4.1090861486736685e-06 5.29159588040784e-05 -3.3294395507255103e-06 -1.4421929336094763e-05 -1.4117905266175512e-05 1.0
2.5 -3.0596848432651313e-07 -1.909339516714681e-05 7.917779294075444e-05 -1.0374752491770778e-05 -4.365978838904994e-06 -1.226707172463648e-05 1.0
2.5333333015441895 3.159488187520765e-05 5.155321559868753e-06 7.478555926354602e-05 -1.0268089454257279e-06 -1.550832348584663e-05 -9.32095917960396e-06 1.0
2.566666603088379 3.0212837373255752e-05 -1.6610314560239203e-05 5.2955154387746006e-05 -1.7252486941288225e-05 -1.4959190593799576e-05 -1.5010521565272938e-05 1.0
2.5999999046325684 8.215297384595033e-06 -1.2739343219436705e-05 8.267261000582948e-05 -1.308969240199076e-05 -5.707105628971476e-06 -2.0304420104366727e-05 1.0
2.633333444595337 -3.497806801533443e-06 -1.9637548120954307e-06 5.241176040726714e-05 -4.692895799962571e-06 -1.8759046724881046e-06 -1.890827297756914e-05 1.0
2.6666667461395264 1.591193904459942e-05 -4.88797411435371e-07 4.618083039531484e-05 -4.7489756980212405e-06 -9.463622518524062e-06 -3.00945666822372e-05 1.0
2.700000047683716 1.3006383596803062e-05 -1.730026997392997e-05 4.4277730921749026e-05 -1.1056644325435627e-05 -6.9901234382996336e-06 -1.4707641639688518e-05 1.0
2.7333333492279053 3.501112951198593e-05 -2.920329279731959e-06 5.5420881835743785e-05 -4.892953711532755e-06 -1.8517495846026577e-05 -7.828713933122344e-06 1.0
2.7666666507720947 3.380270936759189e-05 2.0598259652615525e-05 7.497175101889297e-05 8.381960469705518e-06 -1.540106131869834e-05 -3.5833077163260896e-06 1.0
2.799999952316284 1.270744814974023e-05 -5.718143256672192e-06 6.607425166293979e-05 -5.290767603582935e-06 -4.377335699246032e-06 -1.1861699931614567e-05 1.0
2.8333332538604736 4.360801540315151e-06 4.340787199907936e-06 5.531291026272811e-05 -1.0475612555183034e-07 -3.941466729884269e-06 -1.516268002887955e-05 1.0
2.866666555404663 2.8389164071995765e-05 1.923277523019351e-06 5.4727945098420605e-05 3.517813240705436e-08 -1.2909231372759677e-05 -8.551774953957647e-06 1.0
2.9000000953674316 4.567827272694558e-05 1.0809220839291811e-05 6.880083674332127e-05 4.827695192943793e-06 -2.1100979211041704e-05 -5.415765826910501e-06 1.0
2.933333396911621 1.915306711453013e-05 -9.579115612723399e-06 5.350130595616065e-05 -7.748394637019373e-06 -1.0522485354158562e-05 -1.2599979527294636e-05 1.0
2.9666666984558105 2.263450551254209e-05 7.3313967732246965e-06 5.936469460721128e-05 -1.3738994653067493e-07 -9.026403859024867e-06 -1.1912942682101857e-05 1.0
3.0 5.9634530771290883e-05 3.0211345801944844e-05 6.217037298483774e-05 9.026462066685781e-06 -2.517076427466236e-05 -1.1417430869187228e-05 1.0
3.0333333015441895 1.821384830691386e-05 5.7799807109404355e-06 3.0135217457427643e-05 -1.5929414303172962e-06 -1.1101887139375322e-05 -1.820020770537667e-05 1.0
3.066666603088379 -6.611640401388286e-06 -2.6261390303261578e-05 5.246936052571982e-05 -1.5227618860080838e-05 -1.6814153696032008e-06 -1.759199585649185e-05 1.0
3.0999999046325684 -3.6904614262311952e-06 -1.366498509014491e-05 5.7301149354316294e-05 -5.0463386287447065e-06 -1.3950879065305344e-06 -9.013548151415307e-06 1.0
3.133333444595337 2.240264802821912e-05 5.82465918341768e-06 5.7613775425124913e-05 1.5210628134809667e-06 -1.1405592886148952e-05 -1.1995815839327406e-05 1.0
3.1666667461395264 2.0157283870503306e-05 6.111423317634035e-06 4.262015863787383e-05 1.7642676084506093e-06 -1.146302656707121e-05 -1.2740514648612589e-05 1.0
3.200000047683716 2.4696646505617537e-06 -1.251395315193804e-05 4.702789010480046e-05 -4.994695245841285e-06 -3.4992572182090953e-06 -1.1692083717207424e-05 1.0
3.2333333492279053 5.07206168549601e-05 3.938958252547309e-05 5.798619531560689e-05 8.563807568862103e-06 -2.353256604692433e-05 -2.3229315047501586e-05 1.0
3.2666666507720947 6.545298219862161e-06 4.945021828461904e-06 4.722995072370395e-05 -3.9650672079005744e-06 -6.5182252910744864e-06 -2.006675276788883e-05 1.0
3.299999952316284 2.4836112061166205e-05 1.3533544915844686e-05 6.871359801152721e-05 3.6327558063931065e-06 -1.9269653421361e-05 -1.1679863746394403e-05 1.0
3.3333332538604736 -4.192258529656101e-06 -9.926333177645574e-07 5.783222513855435e-05 -2.640677166709793e-06 -1.1279681757514481e-06 -1.3066496649116743e-05 1.0
3.366666555404663 4.8241861804854125e-05 2.225208663730882e-05 6.850527279311791e-05 6.344792382151354e-06 -2.1304093024809845e-05 -2.202262521677767e-06 1.0
3.4000000953674316 1.2444924323062878e-05 -5.185770532989409e-06 7.645834557479247e-05 -5.694346782547655e-06 -7.343273409787798e-06 -2.0688160020654323e-06 1.0
3.433333396911621 3.091551116085611e-05 7.688057849009056e-06 5.8053177781403065e-05 -2.151411706563522e-07 -1.788983354344964e-05 -1.4172170267556794e-05 1.0
3.4666666984558105 1.940567744895816e-05 3.1635051982448203e-06 3.245778862037696e-05 -1.7584854958840879e-06 -1.227762913913466e-05 -1.8340841052122414e-05 1.0
3.5 4.449230618774891e-05 -3.703216862049885e-05 3.978883250965737e-05 -1.8333637854084373e-05 -2.2207777874427848e-05 -6.235885393834906e-06 1.0
3.5333333015441895 2.8237627702765167e-05 -2.7147009404870914e-06 3.9604215999133885e-05 -6.673888492514379e-06 -1.55014840856893e-05 -1.435589092579903e-05 1.0
3.566666603088379 1.827779306040611e-05 6.292992566159228e-06 7.177778024924919e-05 3.5935923392571567e-07 -1.0099337487190496e-05 -1.2831724234274589e-05 1.0
3.5999999046325684 2.5170013486786047e-06 -1.0656238373485394e-05 7.199535320978612e-05 -2.2440185603045393e-06 -6.8224690039642155e-06 -6.791998202970717e-06 1.0
3.633333444595337 1.632923522265628e-05 -1.670332312642131e-05 5.6713775848038495e-05 -6.687904715363402e-06 -9.864772437140346e-06 -1.9460207113297656e-05 1.0
3.6666667461395264 5.933422016823897e-06 -5.286924988467945e-06 6.692683382425457e-05 -2.049179101959453e-06 -7.311045465030475e-06 -8.563420124119148e-06 1.0
3.700000047683716 2.7893742299056612e-05 1.5147329577303026e-05 4.8714562581153587e-05 3.407351982787077e-07 -1.6436659279861487e-05 -1.7598276826902293e-05 1.0
3.7333333492279053 1.762983447406441e-05 -3.69006629625801e-05 7.762636960251257e-05 -1.679403430898674e-05 -1.2002911716990639e-05 -1.5461539078387432e-05 1.0
3.7666666507720947 -1.727838935039472e-05 -2.338002741453238e-05 3.653605381259695e-05 -1.37963052111445e-05 2.449872226861771e-06 -2.2127758711576462e-05 1.0
3.799999952316284 1.012507073028246e-05 -2.3631871954421513e-05 2.3731274268357083e-05 -1.719590727589093e-05 -1.1978248949162662e-05 -2.2979271307121962e-05 1.0
3.8333332538604736 2.9608727345475927e-05 -8.311020792461932e-06 6.355612276820466e-05 -5.170865279069403e-06 -1.2677575796260498e-05 -7.2047810135700274e-06 1.0
3.866666555404663 -8.747761057747994e-06 -5.614126621367177e-06 8.987260662252083e-05 -3.688709512061905e-06 -5.3784679039381444e-06 -1.342419818683993e-05 1.0
3.9000000953674316 7.419171652145451e-06 6.15836461292929e-06 4.569202792481519e-05 -2.6522766347625293e-06 -5.539608082472114e-06 -2.1592506527667865e-05 1.0
3.933333396911621 1.4447291505348403e-05 1.9394226455915486e-06 4.6352652134373784e-05 -3.647650828497717e-06 -1.0147487955691759e-05 -1.5759509551571682e-05 1.0
3.9666666984558105 2.2296831957646646e-05 1.4872490282868966e-05 6.335919897537678e-05 2.956913704110775e-06 -1.374462681269506e-05 -1.4786377505515702e-05 1.0
4.0 2.351369766984135e-05 8.005888957995921e-06 3.413432204979472e-05 -4.793690209226042e-07 -1.254539438377833e-05 -1.0498566552996635e-05 1.0
4.0333333015441895 5.580428842222318e-05 2.828076139849145e-05 8.106873428914696e-05 1.0789427506097127e-05 -2.1719275537179783e-05 -6.475365353253437e-06 1.0
4.066666603088379 2.2710168195771985e-05 1.07570440377458e-05 7.26002108422108e-05 -8.705562777322484e-07 -1.3834755918651354e-05 -1.0446473424963187e-05 1.0
4.099999904632568 7.374276265181834e-06 2.4995897547341883e-05 4.505108154262416e-05 5.7378447309019975e-06 -6.215598205017159e-06 -1.630474434932694e-05 1.0
4.133333206176758 2.6935267669614404e-05 1.5433569160450133e-06 4.3761483539128676e-05 -2.3600853182870196e-06 -1.2954407793586142e-05 -1.093349692382617e-05 1.0
4.166666507720947 3.631375193435815e-06 -2.3567537937196903e-05 5.97616053710226e-05 -8.770171007199679e-06 -6.165070317365462e-06 -8.435351446678396e-06 1.0
4.199999809265137 1.5797662854311056e-05 -9.026657039612473e-07 6.164260412333533e-05 -2.026643414865248e-06 -5.697648703062441e-06 -8.828325917420443e-06 1.0
4.233333110809326 1.84613872988848e-05 -1.5433566659339704e-05 7.611874025315046e-05 -8.78878290677676e-06 -1.4144945453153923e-05 -6.858587767055724e-06 1.0
4.266666889190674 3.103059862041846e-05 2.4204698547691805e-06 6.351031333906576e-05 -2.2163110315887025e-06 -1.6711381249479018e-05 -1.5238723790389486e-05 1.0
4.300000190734863 1.1819771316368133e-05 -1.5024033928057179e-05 4.6384448069147766e-05 -1.0305472642357927e-05 -6.813050731580006e-06 -1.2865247299487237e-05 1.0
4.333333492279053 -5.606775175692746e-06 -6.061340172891505e-06 6.494994886452332e-05 -4.905670266452944e-06 -5.585957296716515e-06 -1.2148535461165011e-05 1.0
4.366666793823242 7.065100817271741e-06 -7.66030188970035e-06 7.0014844823163e-05 -4.522804829321103e-06 -5.6609146668051835e-06 -1.375886768073542e-05 1.0
4.400000095367432 2.2728225303580984e-05 1.8408542018732987e-05 3.953737541451119e-05 4.649408765544649e-06 -9.98368614091305e-06 -5.600444183073705e-06 1.0
4.433333396911621 1.1740191439457703e-05 -1.1585295396798756e-05 7.32169792172499e-05 -4.022132543468615e-06 -1.1972078027611133e-05 -1.2268720638530795e-05 1.0
4.4666666984558105 -7.242940682772314e-07 2.634559905345668e-06 7.215145160444081e-05 -2.053923708444927e-06 -5.553793016588315e-06 -1.99265887204092e-05 1.0
4.5 2.1421910787466913e-05 9.554411008139141e-06 8.804238314041868e-05 5.2267382670834195e-06 -1.7119600670412183e-05 -5.959215741313528e-06 1.0
4.5333333015441895 8.24203289084835e-06 3.092462463882839e-07 7.10936074028723e-05 4.742475301355853e-09 -2.725180138440919e-06 -1.0437700439069886e-05 1.0
4.566666603088379 4.553296821541153e-05 1.3878976460546255e-05 5.228250665822998e-05 4.270988029020373e-06 -1.7292437405558303e-05 -7.195711077656597e-06 1.0
4.599999904632568 2.03355957637541e-05 1.419627369614318e-05 5.808555943076499e-05 -7.583448109471647e-07 -6.9791612986591645e-06 -2.2683179849991575e-05 1.0
4.633333206176758 3.163637302350253e-05 -8.033833154286185e-08 4.749695654027164e-05 -4.022439497930463e-06 -1.39459962156252e-05 -1.4230694432626478e-05 1.0
4.666666507720947 2.96419038932072e-05 -5.105229305968351e-08 5.401855378295295e-05 -1.0368270295657567e-06 -1.5856623576837592e-05 -6.867670435894979e-06 1.0
4.699999809265137 3.224832471460104e-05 1.324741106145666e-06 8.963580330600962e-05 -3.3459180031059077e-06 -1.6588528524152935e-05 -6.7994742494192906e-06 1.0
4.733333110809326 4.735040420200676e-05 -4.392491064209025e-06 8.106491441139951e-05 -2.1340274543035775e-06 -2.3806524040992372e-05 -9.079067240236327e-06 1.0
4.766666889190674 3.907128484570421e-05 1.1531853488122579e-05 8.528680336894467e-05 3.6157045997242676e-06 -2.209288504673168e-05 -4.880819687969051e-06 1.0
4.800000190734863 1.18435573313036e-05 -9.921848231897457e-07 7.626916340086609e-05 -3.3269591313001e-06 -7.678322617721278e-06 -8.648676157463342e-06 1.0
4.833333492279053 3.3285301469732076e-05 -6.8711415224242955e-06 4.380173049867153e-05 -6.616277005377924e-06 -1.300920939684147e-05 -8.15635303297313e-06 1.0
4.866666793823242 1.5815456208656542e-05 6.162717909319326e-06 5.153871825314127e-05 1.6894786085686064e-06 -6.344812391034793e-06 2.606962254958489e-07 1.0
4.900000095367432 4.020470805699006e-05 -2.1758647562819533e-05 2.0110903278691694e-05 -1.643996438360773e-05 -2.0441368178580888e-05 -8.49847674544435e-06 1.0
4.933333396911621 -3.6998119412601227e-06 2.3831867110857274e-06 4.472974978853017e-05 -2.2906372123543406e-06 -1.1454199011495803e-06 -1.4343141629069578e-05 1.0
4.9666666984558105 3.0425615477724932e-05 -7.3606797741376795e-06 5.956089444225654e-05 -8.993405572255142e-06 -1.4387600458576344e-05 -8.262158189609181e-06 1.0
5.0 1.0170534551434685e-05 6.939947070350172e-06 6.615448364755139e-05 8.292814186461328e-07 -6.985652817093069e-06 -5.420981779025169e-06 1.0
5.0333333015441895 4.349093433120288e-05 8.719824108993635e-06 6.348531314870343e-05 2.1515168100449955e-06 -1.7008298527798615e-05 -3.2982816264848225e-06 1.0
5.066666603088379 3.8042257983761374e-06 1.0612102414597757e-06 5.928746395511553e-05 -9.554836424285895e-07 -7.699631169089116e-06 -1.8683938833419234e-05 1.0
5.099999904632568 2.93286211672239e-05 -1.3396544090937823e-05 7.227264723042026e-05 -4.513752628554357e-06 -1.541577876196243e-05 -8.556164175388403e-06 1.0
5.133333206176758 1.8283422832610086e-05 -1.6537333067390136e-06 6.375274097081274e-05 -4.8002516450651456e-06 -9.19101876206696e-06 -8.769541636866052e-06 1.0
5.166666507720947 2.6462850655661896e-05 5.643298209179193e-06 6.321748514892533e-05 2.665552074176958e-06 -1.3194578968978021e-05 3.7590530155284796e-06 1.0
5.199999809265137 3.246308915549889e-05 -9.598679753253236e-07 6.214922905201092e-05 -6.542869414261077e-06 -1.2453485396690667e-05 -1.1758808796002995e-05 1.0
5.233333110809326 1.663377224758733e-05 -2.3850381694501266e-05 3.5731078241951764e-05 -1.0585921700112522e-05 -7.880257726355921e-06 -7.6040028034185525e-06 1.0
5.266666889190674 3.2343461498385295e-05 -1.2786226761818398e-05 5.4266674851533026e-05 -7.022098543529864e-06 -1.427879305992974e-05 -9.745574971020687e-06 1.0
5.300000190734863 1.0436870070407167e-05 1.6506895917700604e-05 2.2376945707947016e-05 1.5254355503202532e-06 -7.644991455890704e-06 -2.611593845358584e-05 1.0
5.333333492279053 2.062391649815254e-05 2.0955711079295725e-05 6.151090929051861e-05 9.74842896539485e-06 -1.0803924851643387e-05 -3.7646736927854363e-06 1.0
5.366666793823242 3.196209218003787e-05 1.4484422536042985e-05 9.056545968633145e-05 2.771446133920108e-06 -1.9950057321693748e-05 -5.556730684475042e-06 1.0
5.400000095367432 4.3077630834886804e-05 -3.277296855230816e-05 4.1419210901949555e-05 -2.353954187128693e-05 -2.065214175672736e-05 -1.0830408427864313e-05 1.0
5.433333396911621 2.9026292395428754e-05 5.096724635222927e-06 2.0203484382363968e-05 -5.604345915344311e-06 -1.4423578249989077e-05 -1.2482116289902478e-05 1.0
5.4666666984558105 2.3455444534192793e-05 6.106039108999539e-06 4.541001180768944e-05 1.467555762246775e-06 -1.0649586329236627e-05 -6.162062618386699e-06 1.0
5.5 9.53640937950695e-06 -9.844550731941126e-06 6.712943286402151e-05 -7.317905328818597e-06 -5.626179699902423e-06 -8.40368647914147e-06 1.0
5.5333333015441895 2.1150857719476335e-05 -1.1018899385817349e-05 4.6302739065140486e-05 -6.728319021931384e-06 -1.0277226465404965e-05 -8.709411304153036e-06 1.0
5.566666603088379 3.070003367611207e-05 -4.901323791273171e-08 6.545520591316745e-05 -1.6035828593885526e-06 -1.5937950593070127e-05 -2.1674737581633963e-05 1.0
5.599999904632568 2.8536478566820733e-05 -1.681740104686469e-05 3.246427877456881e-05 -1.3617624972539488e-05 -1.3462223250826355e-05 -1.4676039427286014e-05 1.0
5.633333206176758 1.9398359654587694e-05 -1.2308075383771211e-05 6.483965262304991e-05 -6.727324944222346e-06 -1.2198333934065886e-05 -1.6303567463182844e-05 1.0
5.666666507720947 1.9472354324534535e-05 8.940527550294064e-06 8.460117533104494e-05 6.444425707741175e-06 -1.4313932297227439e-05 9.471612543165975e-07 1.0
5.699999809265137 5.38000458618626e-05 6.30954264124739e-06 3.891500091413036e-05 -3.636234623627388e-06 -2.1806716176797636e-05 -9.556506483932026e-06 1.0
5.733333110809326 1.4844546058156993e-05 -1.0100045983563177e-05 5.88474067626521e-05 -9.431909347767942e-06 -5.997118478262564e-06 -1.3179873349145055e-05 1.0
5.766666889190674 -1.0498064511921257e-05 -2.499394577171188e-05 9.516406862530857e-05 -1.0315227882529143e-05 -5.09993742525694e-06 -9.085423698707018e-06 1.0
5.800000190734863 1.934548890858423e-05 7.190395081124734e-06 8.770370914135128e-05 1.1860977338074008e-06 -1.1027129403373692e-05 -6.036344075255329e-06 1.0
5.833333492279053 2.863240115402732e-05 5.9683989093173295e-06 5.428993245004676e-05 1.096251708077034e-06 -1.1526263733685482e-05 -1.07895675682812e-05 1.0
5.866666793823242 -1.7186916068112623e-07 -7.57032375986455e-06 7.912229193607345e-05 -8.160594120454334e-07 -6.841248705313774e-06 -1.0462092177476734e-05 1.0
5.900000095367432 1.1131377505080309e-05 -7.46042587707052e-06 4.397658267407678e-05 -6.983826551731909e-06 -6.419475084840087e-06 -1.9005898138857447e-05 1.0
5.933333396911621 4.718685886473395e-05 -1.2085266689609853e-06 4.969737710780464e-05 -6.6534607867652085e-06 -1.9926754248444922e-05 -8.80587595020188e-06 1.0
5.9666666984558105 1.3470894373313058e-05 1.180560138891451e-05 5.414728002506308e-05 3.1510160170000745e-06 -8.801932381174993e-06 -1.2075807717337739e-05 1.0
6.0 4.552061909635086e-06 -4.13594216297497e-06 5.796051482320763e-05 -7.092563009791775e-06 -6.640178071393166e-06 -1.6534915630472824e-05 1.0
6.0333333015441895 4.2534000385785475e-05 1.9057708868785994e-06 6.0490507166832685e-05 -3.7555919334408827e-06 -2.2963014998822473e-05 -1.0992049283231609e-05 1.0
6.066666603088379 -2.5576648567948723e-06 1.3116920854372438e-05 6.148691318230703e-05 5.7224001466238406e-06 -3.4130760013795225e-06 -1.5370247638202272e-05 1.0
6.099999904632568 3.2972915505524725e-05 1.5133244232856669e-05 3.873316018143669e-05 2.182525804528268e-06 -1.2984259228687733e-05 -1.035127934301272e-05 1.0
6.133333206176758 -1.9902836356777698e-05 -7.227474270621315e-06 8.863459515850991e-05 -4.522958988673054e-06 -3.4544459595053922e-06 -1.6239227988990024e-05 1.0
6.166666507720947 1.899219751066994e-05 -1.0073988960357383e-05 5.27572919963859e-05 -8.674500350025482e-06 -1.235548006661702e-05 -1.7673919501248747e-05 1.0
6.199999809265137 2.519773715903284e-06 2.3355510165856685e-06 4.7460111090913415e-05 -2.71613907898427e-06 -5.3277963161235675e-06 -1.4788561202294659e-05 1.0
6.233333110809326 2.105017119902186e-05 -4.384110070532188e-06 6.257893255678937e-05 -3.139720774925081e-06 -1.1664175872283522e-05 -8.172539310180582e-06 1.0
6.266666889190674 1.3726270481129177e-05 -4.3640173430503637e-07 6.694015610264614e-05 -5.713826340070227e-06 -1.1376580914657097e-05 -2.5652145723142894e-06 1.0
6.300000190734863 1.0621966794133186e-05 4.456344413483748e-06 4.819223613594659e-05 8.940531870393897e-07 -5.457822680909885e-06 -1.8476129071132164e-06 1.0
6.333333492279053 3.07596055790782e-05 1.5949601220199838e-05 4.861845445702784e-05 3.127337095065741e-06 -1.5496214473387226e-05 -8.964853805082384e-06 1.0
6.366666793823242 1.0523675882723182e-05 -1.2795690054190345e-05 7.664793520234525e-05 -7.563258350273827e-06 -6.71112184136291e-06 -1.0759176802821457e-05 1.0
6.400000095367432 1.8261183868162334e-05 1.7764843107670458e-07 6.501627649413422e-05 -1.3188225693738787e-06 -1.1371608707122505e-05 -1.6080257410067134e-05 1.0
6.433333396911621 1.3030412446823902e-05 -1.6657355445204303e-05 4.008036194136366e-05 -1.2055835213686805e-05 -7.833131348888855e-06 -1.2246339792909566e-05 1.0
6.4666666984558105 -1.1598884157137945e-05 -2.4960983864730224e-05 5.524061998585239e-05 -1.60404833877692e-05 -5.014243242840166e-07 -1.8784912754199468e-05 1.0
6.5 1.2272336789465044e-05 1.2858181435149163e-05 5.162740853847936e-05 -8.280853194264637e-07 -6.5689164330251515e-06 -2.119704549841117e-05 1.0
6.5333333015441895 3.2414413908554707e-06 -1.6191659597097896e-05 9.083089389605448e-05 -6.980404123169137e-06 -8.377513040613849e-06 -1.0852047125808895e-05 1.0
6.566666603088379 -8.327483556058723e-06 -2.2256168449530378e-05 5.579600838245824e-05 -1.040158804244129e-05 -1.5355244613601826e-06 -6.684562777081737e-06 1.0
6.599999904632568 3.8656995457131416e-05 -3.380026328159147e-06 2.3942851839819923e-05 -1.0525523066462483e-05 -1.7538330212119035e-05 -1.8703234673012048e-05 1.0
6.633333206176758 2.4855518859112635e-05 9.72263023868436e-06 7.909685518825427e-05 5.750076525146142e-06 -1.365829029964516e-05 -6.4966443460434675e-06 1.0
6.666666507720947 2.920546285167802e-05 -1.4893610568833537e-05 5.148252967046574e-05 -1.021185380523093e-05 -1.2296623026486486e-05 -1.2675435755227227e-05 1.0
6.699999809265137 1.3788297110295389e-05 3.9817168726585805e-06 7.119715155567974e-05 -5.029689305047214e-07 -1.1943265235458966e-05 -9.793073331820779e-06 1.0
6.733333110809326 1.2562823940243106e-05 -1.980548222491052e-05 6.198206392582506e-05 -1.0523907803872135e-05 -9.913031135511119e-06 -1.664307274040766e-05 1.0
6.766666889190674 1.5150136505326373e-06 -2.6233692551613785e-05 5.9629201132338494e-05 -1.702800545899663e-05 -3.6794126572203822e-06 -1.5626794265699573e-05 1.0
6.800000190734863 -5.186057023820467e-07 -6.182261813592049e-07 3.471916352282278e-05 -1.6447821735710022e-06 -1.5438255331901019e-06 -9.203745321428869e-06 1.0
6.833333492279053 1.8476599507266656e-05 2.9631498819071567e-06 5.744737427448854e-05 -1.208182879963715e-06 -7.3917290137615055e-06 -1.1653404726530425e-05 1.0
6.866666793823242 2.4236820536316372e-05 -1.013814198813634e-05 8.333680307259783e-05 -6.610790023842128e-06 -1.566978062328417e-05 -1.3267762369650882e-05 1.0
6.900000095367432 1.875662201200612e-05 2.1517922505154274e-05 5.277680975268595e-05 5.951984803687083e-06 -1.2126310139137786e-05 -1.3579076039604843e-05 1.0
6.933333396911621 6.115506039350294e-06 5.900908490730217e-06 8.280140173155814e-05 2.961384780064691e-06 -9.609748303773813e-06 -1.2741867067234125e-05 1.0
6.9666666984558105 1.752318894432392e-05 -4.882227585767396e-06 7.428248500218615e-05 -6.888126335979905e-06 -8.890054232324474e-06 -1.3165649761504028e-05 1.0
7.0 1.942342169058975e-05 -1.0679139450076036e-05 3.821579957730137e-05 -8.151781912602019e-06 -1.3195742212701589e-05 -1.844322105171159e-05 1.0
7.0333333015441895 2.093123475788161e-05 -1.542703216728114e-06 6.310141179710627e-05 -2.346514975215541e-06 -9.927764040185139e-06 -6.5936133069044445e-06 1.0
7.066666603088379 1.2971261639904696e-05 -2.4299128199345432e-05 9.229843999492005e-05 -8.433644325123169e-06 -9.23359675653046e-06 -1.0700611710490193e-05 1.0
7.099999904632568 2.1956371710984968e-05 -1.5956264178385027e-05 5.1570419600466266e-05 -1.4688242117699701e-05 -8.69411542225862e-06 -1.9276500097475946e-05 1.0
7.133333206176758 -5.498714017448947e-06 -2.6228597562294453e-05 5.649648664984852e-05 -1.747141322994139e-05 6.903962344040337e-07 -1.995354614336975e-05 1.0
7.166666507720947 3.827997716143727e-06 1.7081451005651616e-05 5.1516180974431336e-05 5.59647605768987e-06 -5.495593086379813e-06 -1.344873453490436e-05 1.0
7.199999809265137 1.4872985957481433e-05 -1.3716125977225602e-05 4.1566490835975856e-05 -9.859512829279993e-06 -9.170113116852008e-06 -1.227262691827491e-05 1.0
7.233333110809326 8.307883945235517e-06 -3.3053493098123e-05 4.736329719889909e-05 -2.3643162421649322e-05 -8.572745173296425e-06 -3.5503824619809166e-05 1.0
7.266666889190674 1.2205803614051547e-05 -6.967666195123456e-06 6.995111471042037e-05 -3.929736976715503e-06 -1.2813156899937894e-05 -1.2021085240121465e-05 1.0
7.300000190734863 1.8487580746295862e-05 -2.4294462491525337e-05 3.878607458318584e-05 -1.649230034672655e-05 -9.148257959168404e-06 -1.587858969287481e-05 1.0
7.333333492279053 6.3178949858411215e-06 1.1418297617638018e-05 4.473104127100669e-05 1.0014837243943475e-06 -4.082038685737643e-06 -1.9791346858255565e-05 1.0
7.366666793823242 2.5552548322593793e-05 -5.467927621793933e-06 4.216483284835704e-05 -3.539791578077711e-06 -1.0746361112978775e-05 -7.1842091529106256e-06 1.0
7.400000095367432 1.4210966583050322e-05 -5.027422048442531e-06 7.095095497788861e-05 -4.0120730773196556e-06 -8.193230314645916e-06 -7.788154107402079e-06 1.0
7.433333396911621 3.3162588806590065e-05 1.0402205589343794e-05 6.393634976120666e-05 4.874255409959005e-06 -1.5362020349130034e-05 -3.9969695535546634e-06 1.0
7.4666666984558105 1.952299317053985e-05 2.4345770270883804e-06 5.892766057513654e-05 -4.425940915098181e-06 -1.2243173841852695e-05 -1.738880564516876e-05 1.0
7.5 2.3759006580803543e-05 -4.1098069232248235e-06 3.37283818225842e-05 -6.900744665472303e-06 -1.3607152141048573e-05 -2.2736458049621433e-05 1.0
7.5333333015441895 1.5043082385091111e-05 3.0952828637964558e-06 2.8824550099670887e-05 -3.984487193520181e-06 -9.447477168578189e-06 -1.823574348236434e-05 1.0
7.566666603088379 5.213307304074988e-05 -1.0413938980491366e-05 3.809004192589782e-05 -8.555281056032982e-06 -2.2899543182575144e-05 -1.1694624845404178e-05 1.0
7.599999904632568 3.145984737784602e-05 -1.2852305189881008e-05 6.76681665936485e-05 -1.5756464563310146e-05 -1.4127002941677347e-05 -6.692218903481262e-06 1.0
7.633333206176758 6.243879397516139e-06 -3.2032507988333236e-06 8.643548062536865e-05 1.4590945340842154e-07 -7.326792456296971e-06 -2.536606871217373e-06 1.0
7.666666507720947 9.554747521178797e-06 -2.697439640542143e-06 4.4875188905280083e-05 -4.9472710088593885e-06 -9.049826076079626e-06 -1.896930371003691e-05 1.0
7.699999809265137 1.3547776688938029e-05 -7.150285455281846e-06 3.1336374377133325e-05 -8.739723853068426e-06 -9.725580639496911e-06 -2.1176205336814746e-05 1.0
7.733333110809326 -9.748692718858365e-06 -2.5674136850284413e-05 0.00010228434985037893 -9.566000699123833e-06 -2.218609552073758e-06 -3.010165528394282e-06 1.0
7.766666889190674 4.417099989950657e-05 4.68405642095604e-06 3.906619531335309e-05 -2.9087511848047143e-06 -2.0186385881970637e-05 -1.7065152860595845e-05 1.0
7.800000190734863 -4.615771558746928e-06 -5.14555267727701e-06 5.205011984799057e-05 -5.744626378145767e-06 -2.343084588574129e-06 -2.601976848382037e-05 1.0
7.833333492279053 1.5942669051582925e-05 -1.580911771270621e-06 6.364841101458296e-05 -1.4715099041495705e-06 -1.1382154298189562e-05 -2.3862194211687893e-06 1.0
7.866666793823242 1.2152882845839486e-05 2.0699262677226216e-05 0.00010007846867665648 8.659470040583983e-06 -9.900341865431983e-06 -1.1552960131666623e-05 1.0
7.900000095367432 2.060372571577318e-05 2.664230578375282e-07 8.94686600076966e-05 -3.731146080099279e-06 -1.100176632462535e-05 -8.387130947085097e-06 1.0
7.933333396911621 3.0497743864543736e-05 5.260789748717798e-06 0.0001041763971443288 -5.770458756160224e-06 -1.4520132936013397e-05 1.5696651871621725e-06 1.0
7.9666666984558105 -0.00046166343963705003 -0.0014946882147341967 0.0006756343645974994 -0.0023087235167622566 0.00019921938655897975 -0.00020204576139803976 0.9999973177909851
8.0 -0.0007333625690080225 -0.0026398783084005117 0.0013441520277410746 -0.0030635192524641752 0.0003336147638037801 -0.00047122029354795814 0.9999951720237732
8.033333778381348 -0.0005669230595231056 -0.002470034407451749 0.0008271542028523982 -0.002821447094902396 0.0002034208009717986 -0.0005292439018376172 0.9999958872795105
8.066666603088379 -0.0006624748348258436 -0.0028956267051398754 0.0006007463671267033 -0.0026387444231659174 0.000223405979340896 -0.0005733053549192846 0.9999963641166687
8.100000381469727 3.363801079103723e-05 -2.4090793885989115e-05 4.518957939581014e-05 -1.4522993296850473e-05 -1.3169994417694397e-05 -7.90032481745584e-06 1.0
8.133333206176758 1.0490070962987375e-05 -0.00013394647976383567 4.600883403327316e-05 -5.187019269214943e-05 -8.134645213431213e-06 -3.1506646337220445e-05 1.0
8.166666984558105 0.0001436005113646388 -0.00023902942484710366 -2.5633391487644985e-05 -0.00010943833331111819 -4.2711351852631196e-05 -6.30640861345455e-05 1.0
8.199999809265137 0.00038838890031911433 -0.00040503949276171625 -0.00012678418715950102 -0.00020085686992388219 -0.00010926600225502625 -6.0045425925636664e-05 1.0
8.233333587646484 0.000507199321873486 -0.0004988465807400644 -0.0002552119840402156 -0.00024136825231835246 -0.0001486276596551761 -8.604508184362203e-05 1.0
8.266666412353516 0.0005792668671347201 -0.0015800984110683203 -0.0002980832941830158 -0.0006402602884918451 -0.000165881312568672 -0.0002526496537029743 0.9999998211860657
8.300000190734863 0.0005357179907150567 -0.001447453978471458 -0.0002496829838491976 -0.000597360311076045 -0.00014871956955175847 -0.00025363321765325963 0.9999998211860657
8.333333015441895 0.0005752845318056643 -0.002166340360417962 -0.0004983363905921578 -0.0009188476833514869 -0.00020286059589125216 -0.0002956591488327831 0.9999995827674866
8.366666793823242 0.000612307689152658 -0.003003950696438551 -0.001025611418299377 -0.0012515727430582047 -0.0002959486155305058 -0.0003222707600798458 0.9999991655349731
8.399999618530273 0.001284354249946773 -0.003404666669666767 -0.0020508847665041685 -0.0005894770147278905 -0.0007114607724361122 0.0008387079578824341 0.9999992251396179
8.433333396911621 0.0012470148503780365 -0.002979662735015154 -0.0005509174079634249 -0.0005482093547470868 -0.0005234026466496289 0.0008978443220257759 0.9999992847442627
8.466666221618652 0.0013161607785150409 -0.003564999671652913 -0.0010934753809124231 -0.0015188803663477302 -0.0006671783630736172 -0.00028281743288971484 0.9999986290931702
8.5 0.001317600253969431 -0.0036733190063387156 -0.0021240361966192722 -0.0013919405173510313 -0.000803440110757947 -7.406443182844669e-05 0.9999987483024597
8.533333778381348 0.001408785698004067 -0.003371616592630744 -0.002275432925671339 -0.000552642741240561 -0.0008987465989775956 0.0009250313160009682 0.9999990463256836
8.566666603088379 0.0020746684167534113 -0.0029243011958897114 -0.0012251678854227066 -0.0011329104891046882 -0.001687541021965444 -0.00024600583128631115 0.9999979734420776
8.600000381469727 0.0008525164448656142 -0.0024877057876437902 -0.000341825041687116 -0.000994360656477511 -0.0015882833395153284 -0.0006555474828928709 0.9999980330467224
8.633333206176758 0.0008065575966611505 -0.004834356717765331 -8.307442476507276e-05 -0.0027442704886198044 -0.0017247587675228715 -0.00034221712849102914 0.999994695186615
8.666666984558105 0.001998782390728593 -0.001521287253126502 -0.0004491147701628506 -0.0007874940056353807 -0.006940588355064392 -0.0015291927848011255 0.9999744296073914
8.699999809265137 -0.002914043376222253 -0.0015757230576127768 0.0005932404310442507 -8.636262464278843e-06 -0.01576239988207817 -0.00433732382953167 0.9998663663864136
8.733333587646484 -0.003539781318977475 -0.001558399759232998 0.0005044649005867541 -0.0005377280758693814 -0.027668360620737076 -0.008474753238260746 0.9995810985565186
8.766666412353516 -0.005094972439110279 -0.0017771909479051828 -0.00018084695329889655 -0.0005545310559682548 -0.039464324712753296 -0.012995274737477303 0.9991363883018494
8.800000190734863 -0.006146651227027178 -0.0015271600568667054 -0.000583858578465879 -0.0004821883048862219 -0.049726452678442 -0.01615855097770691 0.9986320734024048
8.833333015441895 -0.007203096989542246 -0.0011497007217258215 -0.0004219671245664358 -0.0009149504476226866 -0.05801500380039215 -0.019140029326081276 0.9981318116188049
8.866666793823242 -0.00854005292057991 -0.0015023963060230017 -0.0005058350507169962 -0.0009013889357447624 -0.06713853031396866 -0.02273293398320675 0.9974842667579651
8.899999618530273 -0.01025509461760521 -0.0008310553967021406 -0.000706508057191968 -0.0007668026373721659 -0.07594802230596542 -0.02530968189239502 0.9967902898788452
8.933333396911621 -0.010799124836921692 -0.0010447364766150713 -0.001061236602254212 -0.0009217276819981635 -0.08564841747283936 -0.028923673555254936 0.9959051609039307
8.966666221618652 -0.013013594783842564 -0.0016513210721313953 -0.001858720206655562 -0.0015229946002364159 -0.09774113446474075 -0.03354712203145027 0.9946451783180237
9.0 -0.015302206389605999 -0.001617809641174972 -0.0029163218569010496 -0.0019381415331736207 -0.1122213825583458 -0.03865722566843033 0.9929291605949402
9.033333778381348 -0.017941733822226524 -0.0008433883776888251 -0.0040903096087276936 -0.0018889858620241284 -0.13075102865695953 -0.04524734616279602 0.9903804063796997
9.066666603088379 -0.02204097993671894 -0.00039679810288362205 -0.006074045319110155 -0.002367895795032382 -0.14968781173229218 -0.05244211107492447 0.9873387813568115
9.100000381469727 -0.019573744386434555 0.0014494414208456874 -0.005994132254272699 -0.0018738193903118372 -0.16719596087932587 -0.058095064014196396 0.9842088222503662
9.133333206176758 -0.022585894912481308 0.0004820447647944093 -0.008057142607867718 -0.002783076371997595 -0.1785440444946289 -0.06268560886383057 0.9819291830062866
9.166666984558105 -0.022290484979748726 0.0003239948127884418 -0.00811331532895565 -0.0032017547637224197 -0.18985724449157715 -0.06645111739635468 0.9795551300048828
9.199999809265137 -0.02322765439748764 0.0018989545060321689 -0.007766904309391975 -0.0027542535681277514 -0.19966405630111694 -0.06999073177576065 0.9773576855659485
9.233333587646484 -0.02490372397005558 0.0019040250917896628 -0.009141866117715836 -0.003029427258297801 -0.2094298005104065 -0.07344172149896622 0.9750571250915527
9.266666412353516 -0.02643328532576561 0.002613864606246352 -0.010129010304808617 -0.0028996600303798914 -0.2203003466129303 -0.07767050713300705 0.9723305702209473
9.300000190734863 -0.028136825188994408 0.0017886280547827482 -0.011480594053864479 -0.0037595268804579973 -0.23068231344223022 -0.08143478631973267 0.9696081280708313
9.333333015441895 -0.026411347091197968 0.0033695746678858995 -0.010943165048956871 -0.0032042248640209436 -0.2428053617477417 -0.08563364297151566 0.9662826657295227
9.366666793823242 -0.024820566177368164 0.004125548060983419 -0.010654493235051632 -0.002839943626895547 -0.2555958032608032 -0.0905032604932785 0.9625341296195984
9.399999618530273 -0.02643175609409809 0.005031098611652851 -0.012508970685303211 -0.0025688051246106625 -0.26575028896331787 -0.09450878202915192 0.9593946933746338
9.433333396911621 -0.026655741035938263 0.004617772996425629 -0.013608911074697971 -0.0030083858873695135 -0.27559566497802734 -0.09803204983472824 0.956257164478302
9.466666221618652 -0.026284122839570045 0.005505427718162537 -0.014320244081318378 -0.0029768068343400955 -0.28484949469566345 -0.1014208272099495 0.9531871676445007
9.5 -0.02610183134675026 0.0055287303403019905 -0.015285085886716843 -0.0028532901778817177 -0.29021286964416504 -0.10341614484786987 0.9513535499572754
9.533333778381348 -0.02634149044752121 0.005346302874386311 -0.015768373385071754 -0.0031927030067890882 -0.29378825426101685 -0.10484882444143295 0.950097382068634
9.566666603088379 -0.02610204368829727 0.005939365364611149 -0.015147434547543526 -0.0030377584043890238 -0.29804468154907227 -0.1065199002623558 0.9485850930213928
9.600000381469727 -0.026123132556676865 0.005261794198304415 -0.015786150470376015 -0.003352678846567869 -0.3012728691101074 -0.10754679143428802 0.9474477171897888
9.633333206176758 -0.026660796254873276 0.005252206232398748 -0.015847530215978622 -0.0037798709236085415 -0.3018757700920105 -0.10782881826162338 0.947222113609314
9.666666984558105 -0.026832712814211845 0.0055361236445605755 -0.015478070825338364 -0.0040846941992640495 -0.30157625675201416 -0.10793569684028625 0.9473041296005249
9.699999809265137 -0.026647277176380157 0.005536240991204977 -0.01575767807662487 -0.0037587452679872513 -0.30138474702835083 -0.10821332037448883 0.9473347067832947
9.733333587646484 -0.02662734128534794 0.0051704393699765205 -0.016121473163366318 -0.0027875418309122324 -0.30100753903388977 -0.10917878895998001 0.9473471641540527
9.766666412353516 -0.027368390932679176 0.0054075815714895725 -0.01641862280666828 -0.0030421644914895296 -0.30070894956588745 -0.10952968150377274 0.9474008083343506
9.800000190734863 -0.027634628117084503 0.0062612248584628105 -0.016565335914492607 -0.0025941713247448206 -0.30055123567581177 -0.10944986343383789 0.9474613666534424
9.833333015441895 -0.027506515383720398 0.005642411299049854 -0.01638239249587059 -0.002389375353232026 -0.29920148849487305 -0.1089385598897934 0.9479479193687439
9.866666793823242 -0.027675356715917587 0.006178186275064945 -0.014668935909867287 -0.0012677095364779234 -0.2934267818927765 -0.10722340643405914 0.9499486088752747
9.899999618530273 -0.027750244364142418 0.006165115162730217 -0.01209673099219799 -0.0020254352129995823 -0.28845325112342834 -0.10538843274116516 0.951674222946167
9.933333396911621 -0.028560645878314972 0.00532760052010417 -0.010071517899632454 -0.002661538776010275 -0.2847237288951874 -0.10386138409376144 0.9529628753662109
9.966666221618652 -0.029052183032035828 0.004977144300937653 -0.01020674780011177 -0.0027875059749931097 -0.28383588790893555 -0.1036117896437645 0.9532544612884521
10.0 -0.02922968938946724 0.00468124495819211 -0.010978232137858868 -0.0020434327889233828 -0.2831030786037445 -0.10373258590698242 0.9534611701965332
10.033333778381348 -0.028966812416911125 0.004298856481909752 -0.010832292959094048 -0.001693321275524795 -0.281976580619812 -0.10329201817512512 0.9538432955741882
10.066666603088379 -0.02897738292813301 0.005094625987112522 -0.008988945744931698 -0.002263446804136038 -0.2800523340702057 -0.10210304707288742 0.9545368552207947
10.100000381469727 -0.02932923659682274 0.004808148369193077 -0.007695862092077732 -0.003502295585349202 -0.2790372371673584 -0.10146694630384445 0.9548981189727783
10.133333206176758 -0.029658496379852295 0.0056482418440282345 -0.00778632378205657 -0.0017321343766525388 -0.27620282769203186 -0.10076092928647995 0.9558013081550598
10.166666984558105 -0.02992853708565235 0.0044506085105240345 -0.009330885484814644 -4.597496081260033e-05 -0.2741526961326599 -0.10042410343885422 0.9564284682273865
10.199999809265137 -0.028884384781122208 0.003939775750041008 -0.00924923736602068 -0.00047832122072577477 -0.2743462324142456 -0.09931108355522156 0.9564890265464783
10.233333587646484 -0.02838382124900818 0.0038268857169896364 -0.00863572396337986 -0.0013206918956711888 -0.27487924695014954 -0.09851625561714172 0.956417441368103
10.266666412353516 -0.028206003829836845 0.002849861513823271 -0.007061765994876623 -0.0029734561685472727 -0.2765592336654663 -0.0989394262433052 0.9558855295181274
10.300000190734863 -0.02839222177863121 0.002052657539024949 -0.005568801891058683 -0.0054809278808534145 -0.2784305512905121 -0.09970708936452866 0.9552512764930725
10.333333015441895 -0.027234191074967384 -0.0008729902910999954 -0.003703603520989418 -0.010611183010041714 -0.28063127398490906 -0.09963126480579376 0.9545717239379883
10.366666793823242 -0.024160539731383324 -0.0032598020043224096 -0.0015718302456662059 -0.014931406825780869 -0.28556180000305176 -0.09769384562969208 0.9532510638237
10.399999618530273 -0.01802951656281948 -0.007119463756680489 -0.00016185965796466917 -0.017460256814956665 -0.2899280786514282 -0.09520356357097626 0.9521413445472717
10.433333396911621 -0.010432863608002663 -0.011949067004024982 -0.002458924427628517 -0.017017178237438202 -0.2921806275844574 -0.09269694238901138 0.9517080783843994
10.466666221618652 -0.0010823283810168505 -0.019485536962747574 -0.004910895600914955 -0.016166217625141144 -0.29699093103408813 -0.08836595714092255 0.950645387172699
10.5 0.0080495560541749 -0.029642987996339798 -0.008848157711327076 -0.015443673357367516 -0.3021083474159241 -0.08359558880329132 0.9494755268096924
10.533333778381348 0.015208699740469456 -0.04061274975538254 -0.014145406894385815 -0.013333512470126152 -0.30615073442459106 -0.07879102975130081 0.9486232399940491
10.566666603088379 0.019601933658123016 -0.049316324293613434 -0.020676903426647186 -0.011092696338891983 -0.30936598777770996 -0.07516101002693176 0.9479032754898071
10.600000381469727 0.02350982278585434 -0.05862564221024513 -0.026768909767270088 -0.010382509790360928 -0.3123232424259186 -0.07244371622800827 0.9471527338027954
10.633333206176758 0.02625974453985691 -0.07403410971164703 -0.029230289161205292 -0.012539752759039402 -0.31477510929107666 -0.07092780619859695 0.9464294910430908
10.666666984558105 0.02835199236869812 -0.09249651432037354 -0.037667062133550644 -0.01374326553195715 -0.31449756026268005 -0.07201283425092697 0.9464230537414551
10.699999809265137 0.026532433927059174 -0.10369626432657242 -0.048383679240942 -0.010030141100287437 -0.31338411569595337 -0.07438697665929794 0.9466553926467896
10.733333587646484 0.02536388486623764 -0.11630690842866898 -0.05650923773646355 -0.005278707016259432 -0.31391048431396484 -0.07737081497907639 0.9462801814079285
10.766666412353516 0.021863006055355072 -0.13073775172233582 -0.06537958234548569 -0.0008275854052044451 -0.31389281153678894 -0.0821644514799118 0.9458962678909302
10.800000190734863 0.015726251527667046 -0.14518176019191742 -0.07487490773200989 0.0016858207527548075 -0.3133179843425751 -0.08795660734176636 0.9455647468566895
10.833333015441895 0.007171215955168009 -0.15609954297542572 -0.08071651309728622 0.003792081493884325 -0.3125031292438507 -0.09394258260726929 0.945252537727356
10.866666793823242 -0.0031659146770834923 -0.1679627150297165 -0.08697552233934402 0.004020430613309145 -0.31078702211380005 -0.09942907840013504 0.9452561140060425
10.899999618530273 -0.010987169109284878 -0.17245884239673615 -0.08551438897848129 0.0035491602029651403 -0.3126330077648163 -0.10117582231760025 0.9444636106491089
10.933333396911621 -0.023087341338396072 -0.1870868057012558 -0.08679266273975372 -0.0014456300996243954 -0.3146021366119385 -0.10377602279186249 0.9435326457023621
10.966666221618652 -0.0317414216697216 -0.19030238687992096 -0.08800440281629562 -0.0020205776672810316 -0.3162081837654114 -0.10572980344295502 0.9427776336669922
11.0 -0.04179860278964043 -0.1954333484172821 -0.08769494295120239 -0.003413895610719919 -0.3184410631656647 -0.10953640192747116 0.9415866136550903
11.033333778381348 -0.05596380680799484 -0.20428617298603058 -0.0865626409649849 -0.007737113628536463 -0.3203873634338379 -0.1159249097108841 0.9401348829269409
11.066666603088379 -0.06919144839048386 -0.2079460769891739 -0.08614641427993774 -0.010971695184707642 -0.31983014941215515 -0.1218700036406517 0.9395403861999512
11.100000381469727 -0.08192145824432373 -0.21057936549186707 -0.0832303985953331 -0.013503274880349636 -0.31738293170928955 -0.12788648903369904 0.9395375847816467
11.133333206176758 -0.09602544456720352 -0.2124670296907425 -0.07888816297054291 -0.014640227891504765 -0.31731173396110535 -0.1316726952791214 0.9390214085578918
11.166666984558105 -0.11773427575826645 -0.2472960203886032 -0.07763936370611191 -0.021085336804389954 -0.31928056478500366 -0.13297010958194733 0.9380481839179993
11.199999809265137 -0.13196961581707 -0.24980789422988892 -0.07337219268083572 -0.023354293778538704 -0.31966736912727356 -0.13305117189884186 0.937851071357727
11.233333587646484 -0.14500440657138824 -0.2531031668186188 -0.06638451665639877 -0.026739204302430153 -0.3226010799407959 -0.13124646246433258 0.9370101690292358
11.266666412353516 -0.1577063947916031 -0.25745707750320435 -0.05884276703000069 -0.03130128234624863 -0.3254256844520569 -0.12952092289924622 0.9361318349838257
11.300000190734863 -0.16766764223575592 -0.26023069024086 -0.05181702971458435 -0.03343378007411957 -0.32682594656944275 -0.1273745894432068 0.9358646869659424
11.333333015441895 -0.17953716218471527 -0.2648075819015503 -0.044288426637649536 -0.03619430214166641 -0.3287080228328705 -0.12454856932163239 0.9354831576347351
11.366666793823242 -0.19062086939811707 -0.26864978671073914 -0.03655476123094559 -0.038789454847574234 -0.3303890824317932 -0.12274855375289917 0.9350246787071228
11.399999618530273 -0.19994281232357025 -0.27176645398139954 -0.0299899410456419 -0.0397799089550972 -0.32980039715766907 -0.12200136482715607 0.935288667678833
11.433333396911621 -0.2105938196182251 -0.2756635248661041 -0.02470153383910656 -0.03858954831957817 -0.32867002487182617 -0.12093174457550049 0.9358752369880676
11.466666221618652 -0.2181643843650818 -0.2785203158855438 -0.020916631445288658 -0.03625643625855446 -0.32850855588912964 -0.12025677412748337 0.9361121654510498
11.5 -0.2282795011997223 -0.282423198223114 -0.017417261376976967 -0.03541211411356926 -0.32805511355400085 -0.12239541858434677 0.9360262751579285
11.533333778381348 -0.23954802751541138 -0.2847442626953125 -0.011725104413926601 -0.03497065231204033 -0.32686522603034973 -0.12673261761665344 0.9358819723129272
11.566666603088379 -0.25131094455718994 -0.2873607873916626 -0.004894336219877005 -0.03619801998138428 -0.32480019330978394 -0.13122522830963135 0.9359351396560669
11.600000381469727 -0.26155829429626465 -0.2888577878475189 0.0023450299631804228 -0.03693641722202301 -0.32486286759376526 -0.1346200406551361 0.9354022741317749
11.633333206176758 -0.2718473970890045 -0.2902006506919861 0.00963319931179285 -0.03804021328687668 -0.3264552652835846 -0.1358090490102768 0.9346314072608948
11.666666984558105 -0.2819410264492035 -0.2906418442726135 0.017243241891264915 -0.040613725781440735 -0.3283238112926483 -0.13555294275283813 0.9339054822921753
11.699999809265137 -0.29172003269195557 -0.29193076491355896 0.027922453358769417 -0.04465634375810623 -0.32992643117904663 -0.1343599408864975 0.93332839012146
11.733333587646484 -0.301785945892334 -0.29113027453422546 0.03823938965797424 -0.04958696663379669 -0.3311445713043213 -0.13332858681678772 0.9327957630157471
11.766666412353516 -0.30700570344924927 -0.28858739137649536 0.0476861298084259 -0.05425618216395378 -0.33226627111434937 -0.1322975903749466 0.9322836399078369
11.800000190734863 -0.31482526659965515 -0.2858736217021942 0.05712965875864029 -0.058563027530908585 -0.3329737186431885 -0.1319708675146103 0.931816816329956
11.833333015441895 -0.32353290915489197 -0.28178703784942627 0.06642560660839081 -0.062256742268800735 -0.3343241810798645 -0.133131742477417 0.9309283494949341
11.866666793823242 -0.33044323325157166 -0.2792324423789978 0.07391229271888733 -0.0660678818821907 -0.3347349464893341 -0.13507886230945587 0.9302371740341187
11.899999618530273 -0.33748579025268555 -0.2744441330432892 0.08003127574920654 -0.06860917061567307 -0.3333459496498108 -0.13828760385513306 0.9300805330276489
11.933333396911621 -0.35006141662597656 -0.27046674489974976 0.08742382377386093 -0.06983134895563126 -0.33116415143013 -0.14448456466197968 0.9298269152641296
11.966666221618652 -0.3613736629486084 -0.2655709981918335 0.09286142885684967 -0.07075203210115433 -0.3297814428806305 -0.1506490409374237 0.929270327091217
12.0 -0.37151166796684265 -0.26102694869041443 0.09765683859586716 -0.072420135140419 -0.3312200605869293 -0.15671075880527496 0.9276261925697327
12.033333778381348 -0.3820866346359253 -0.25737464427948 0.10260733217000961 -0.07288050651550293 -0.33295559883117676 -0.16300423443317413 0.9258826375007629
12.066666603088379 -0.39324313402175903 -0.24534058570861816 0.10860307514667511 -0.0683312714099884 -0.33362874388694763 -0.16786080598831177 0.9251192212104797
12.100000381469727 -0.4010818898677826 -0.24169735610485077 0.11129771918058395 -0.06869775056838989 -0.3351951539516449 -0.17069897055625916 0.9240058660507202
12.133333206176758 -0.40824124217033386 -0.23781757056713104 0.11318690329790115 -0.06946606934070587 -0.3378906846046448 -0.1731574684381485 0.9225080013275146
12.166666984558105 -0.4145490229129791 -0.2343679517507553 0.1162593811750412 -0.07104591280221939 -0.3403782248497009 -0.17498283088207245 0.9211276769638062
12.199999809265137 -0.4210745096206665 -0.23069922626018524 0.11986128240823746 -0.07259193062782288 -0.3420570194721222 -0.1767161339521408 0.9200537800788879
12.233333587646484 -0.4263755679130554 -0.2280351221561432 0.12322871387004852 -0.07289767265319824 -0.33997786045074463 -0.17908397316932678 0.9203423857688904
12.266666412353516 -0.4311221241950989 -0.2258886992931366 0.1258089691400528 -0.07239541411399841 -0.3366624116897583 -0.18068952858448029 0.9212864637374878
12.300000190734863 -0.43556103110313416 -0.22457310557365417 0.12845470011234283 -0.07284324616193771 -0.3357469141483307 -0.18184110522270203 0.9213586449623108
12.333333015441895 -0.43858522176742554 -0.2239423245191574 0.13047493994235992 -0.0723675787448883 -0.3350294530391693 -0.18296363949775696 0.9214350581169128
12.366666793823242 -0.440238893032074 -0.2234007567167282 0.13112464547157288 -0.06995225697755814 -0.33501094579696655 -0.1840067058801651 0.9214206337928772
12.399999618530273 -0.4405169188976288 -0.22333422303199768 0.13084721565246582 -0.06733871251344681 -0.3339790105819702 -0.18492808938026428 0.9218054413795471
12.433333396911621 -0.4420095682144165 -0.22260697185993195 0.13222315907478333 -0.065921351313591 -0.332506000995636 -0.18662142753601074 0.9220990538597107
12.466666221618652 -0.4429502785205841 -0.2223697304725647 0.1335998773574829 -0.0659262016415596 -0.3322139382362366 -0.18816538155078888 0.9218901991844177
12.5 -0.4450048804283142 -0.22162564098834991 0.13618573546409607 -0.06735854595899582 -0.3323451578617096 -0.18834830820560455 0.921701967716217
12.533333778381348 -0.4475823640823364 -0.22029590606689453 0.13840268552303314 -0.06895312666893005 -0.3331480920314789 -0.1872195452451706 0.9215240478515625
12.566666603088379 -0.44914987683296204 -0.21954984962940216 0.1401926726102829 -0.07007137686014175 -0.3347872495651245 -0.1863282471895218 0.9210262894630432
12.600000381469727 -0.4498998522758484 -0.21905390918254852 0.1421063244342804 -0.07130592316389084 -0.33602654933929443 -0.18586628139019012 0.9205734729766846
12.633333206176758 -0.4511469900608063 -0.21726422011852264 0.14457392692565918 -0.07244926691055298 -0.33625999093055725 -0.1854848563671112 0.9204757809638977
12.666666984558105 -0.452034592628479 -0.21577200293540955 0.14666326344013214 -0.07423606514930725 -0.33739060163497925 -0.18569697439670563 0.9198768138885498
12.699999809265137 -0.45198991894721985 -0.2133781909942627 0.14804555475711823 -0.07514139264822006 -0.3383292555809021 -0.18663103878498077 0.9192692041397095
12.733333587646484 -0.452208012342453 -0.21068742871284485 0.15068762004375458 -0.07757138460874557 -0.3395305275917053 -0.18719008564949036 0.9185106158256531
12.766666412353516 -0.4529879093170166 -0.20801132917404175 0.1533946990966797 -0.07938823103904724 -0.3406710624694824 -0.18763116002082825 0.9178428053855896
12.800000190734863 -0.45322033762931824 -0.20560891926288605 0.1533498764038086 -0.0793677419424057 -0.34150978922843933 -0.1881657838821411 0.9174233078956604
12.833333015441895 -0.4528568387031555 -0.20439553260803223 0.15412108600139618 -0.0801774188876152 -0.34283897280693054 -0.18805642426013947 0.9168794751167297
12.866666793823242 -0.45179295539855957 -0.20420114696025848 0.1547842025756836 -0.08094625920057297 -0.34364640712738037 -0.1879557967185974 0.916530191898346
12.899999618530273 -0.45151612162590027 -0.20237942039966583 0.1553821563720703 -0.08049578964710236 -0.34428849816322327 -0.18744413554668427 0.916433572769165
12.933333396911621 -0.45146816968917847 -0.2021365463733673 0.15641570091247559 -0.08173267543315887 -0.34452933073043823 -0.18726828694343567 0.9162696003913879
12.966666221618652 -0.45109859108924866 -0.20113715529441833 0.15626055002212524 -0.082279272377491 -0.34346362948417664 -0.18698260188102722 0.9166790246963501
13.0 -0.45052558183670044 -0.20004136860370636 0.15657275915145874 -0.08201342821121216 -0.3432120680809021 -0.18662776052951813 0.9168693423271179
13.033333778381348 -0.44916313886642456 -0.19990159571170807 0.15658308565616608 -0.08151118457317352 -0.3433055281639099 -0.18663997948169708 0.9168766140937805
13.066666603088379 -0.4494938254356384 -0.19966162741184235 0.15748800337314606 -0.08111919462680817 -0.34351417422294617 -0.18702822923660278 0.9167541861534119
13.100000381469727 -0.4498887062072754 -0.19967150688171387 0.1573445051908493 -0.08049187809228897 -0.3429200053215027 -0.18820516765117645 0.9167910814285278
13.133333206176758 -0.4508892893791199 -0.1989123523235321 0.15764202177524567 -0.08002033084630966 -0.3415713906288147 -0.18992361426353455 0.9169813394546509
13.166666984558105 -0.45203614234924316 -0.19875916838645935 0.1576056033372879 -0.0794190913438797 -0.3407377302646637 -0.19117705523967743 0.9170832633972168
13.199999809265137 -0.45196059346199036 -0.19846943020820618 0.15593358874320984 -0.07808905094861984 -0.34092557430267334 -0.1916387677192688 0.9170312881469727
13.233333587646484 -0.45157864689826965 -0.19896072149276733 0.15531083941459656 -0.07820840924978256 -0.3418521285057068 -0.1917155534029007 0.9166600704193115
13.266666412353516 -0.4515879154205322 -0.19815000891685486 0.15407969057559967 -0.07886172831058502 -0.3409240245819092 -0.19139331579208374 0.9170169830322266
13.300000190734863 -0.45045962929725647 -0.1969141960144043 0.15203624963760376 -0.07940232753753662 -0.3380403220653534 -0.19161073863506317 0.9179919958114624
13.333333015441895 -0.44716620445251465 -0.19554995000362396 0.14859390258789062 -0.07789415866136551 -0.3331810534000397 -0.1923128366470337 0.9197492003440857
13.366666793823242 -0.44207602739334106 -0.1956573724746704 0.14401741325855255 -0.07732562720775604 -0.32960742712020874 -0.19271019101142883 0.9210007786750793
13.399999618530273 -0.43530455231666565 -0.19566701352596283 0.13706046342849731 -0.07595433294773102 -0.32905057072639465 -0.1949225515127182 0.9208484292030334
13.433333396911621 -0.42848140001296997 -0.19725501537322998 0.12810400128364563 -0.07425354421138763 -0.32638460397720337 -0.19847522675991058 0.921177089214325
13.466666221618652 -0.42004334926605225 -0.19723115861415863 0.12065447866916656 -0.07130221277475357 -0.3245714604854584 -0.19900311529636383 0.9219366312026978
13.5 -0.40892961621284485 -0.20063407719135284 0.11212614923715591 -0.06898569315671921 -0.3247027099132538 -0.1980004608631134 0.9222825169563293
13.533333778381348 -0.39614608883857727 -0.2048587203025818 0.10185110569000244 -0.06669219583272934 -0.3248661160469055 -0.19731728732585907 0.922540009021759
13.566666603088379 -0.3836517333984375 -0.20841558277606964 0.09277311712503433 -0.06532198935747147 -0.32293078303337097 -0.19576027989387512 0.9236486554145813
13.600000381469727 -0.3701237440109253 -0.2128879725933075 0.08446536958217621 -0.06376153975725174 -0.31980785727500916 -0.1944057047367096 0.9251290559768677
13.633333206176758 -0.3548470139503479 -0.21680299937725067 0.07553470879793167 -0.061510998755693436 -0.31629031896591187 -0.1925717443227768 0.926872730255127
13.666666984558105 -0.3403462767601013 -0.2203260213136673 0.06716781854629517 -0.059872277081012726 -0.3132600486278534 -0.18984054028987885 0.9285709857940674
13.699999809265137 -0.32440656423568726 -0.22634746134281158 0.06155171990394592 -0.059764571487903595 -0.31244903802871704 -0.18761135637760162 0.9293038845062256
13.733333587646484 -0.30918464064598083 -0.23032569885253906 0.05465769022703171 -0.06012723967432976 -0.31178826093673706 -0.18498855829238892 0.9300280809402466
13.766666412353516 -0.29428938031196594 -0.2341185063123703 0.04932970181107521 -0.06088162586092949 -0.3115110397338867 -0.18321038782596588 0.9304237365722656
13.800000190734863 -0.278471976518631 -0.23708227276802063 0.041708026081323624 -0.0609225258231163 -0.31023257970809937 -0.18055370450019836 0.931367039680481
13.833333015441895 -0.2628854215145111 -0.24007803201675415 0.03475198149681091 -0.060286082327365875 -0.3092690706253052 -0.17815807461738586 0.9321898221969604
13.866666793823242 -0.24777618050575256 -0.24233093857765198 0.031213557347655296 -0.05913444980978966 -0.309896320104599 -0.17723725736141205 0.9322308301925659
13.899999618530273 -0.23449525237083435 -0.24401357769966125 0.027714695781469345 -0.05772170424461365 -0.30946335196495056 -0.17833255231380463 0.932254433631897
13.933333396911621 -0.22423969209194183 -0.24725691974163055 0.022296227514743805 -0.057681091129779816 -0.3074757158756256 -0.17996035516262054 0.9326016306877136
13.966666221618652 -0.21189987659454346 -0.2494615614414215 0.017622295767068863 -0.05712996423244476 -0.30590692162513733 -0.1817680299282074 0.9328009486198425
14.0 -0.20106282830238342 -0.25306186079978943 0.013487564399838448 -0.056680500507354736 -0.30450695753097534 -0.1851757913827896 0.932616114616394
14.033333778381348 -0.18978890776634216 -0.25728628039360046 0.006948865018785 -0.0574551559984684 -0.30363747477531433 -0.18797676265239716 0.9322918057441711
14.066666603088379 -0.1770038604736328 -0.2638810873031616 0.004601648077368736 -0.05719407647848129 -0.3033078908920288 -0.18594986200332642 0.9328213930130005
14.100000381469727 -0.16386102139949799 -0.271292120218277 0.0035186910536140203 -0.05632472410798073 -0.30057522654533386 -0.18340155482292175 0.934262216091156
14.133333206176758 -0.14950448274612427 -0.2800639867782593 0.011119691655039787 -0.05789840966463089 -0.30120569467544556 -0.18316426873207092 0.9340095520019531
14.166666984558105 -0.13006386160850525 -0.29410624504089355 0.013529352843761444 -0.06258776038885117 -0.299345999956131 -0.17816264927387238 0.9352715611457825
14.199999809265137 -0.10836990177631378 -0.30892467498779297 0.020095309242606163 -0.06511358916759491 -0.2944277822971344 -0.16666699945926666 0.938772976398468
14.233333587646484 -0.08542089909315109 -0.32332873344421387 0.0298258475959301 -0.06465832144021988 -0.2876325249671936 -0.15405799448490143 0.9430550932884216
14.266666412353516 -0.059923939406871796 -0.340366929769516 0.036154430359601974 -0.06270121783018112 -0.2827360928058624 -0.14468398690223694 0.9461477398872375
14.300000190734863 -0.03417166694998741 -0.360276997089386 0.04901524633169174 -0.06144148111343384 -0.2817505896091461 -0.13697399199008942 0.9476706385612488
14.333333015441895 -0.030388295650482178 -0.36326485872268677 0.04321259632706642 -0.0551646426320076 -0.27303436398506165 -0.1306801438331604 0.9514893293380737
14.366666793823242 -0.014753783121705055 -0.37641653418540955 0.04892059415578842 -0.04991237819194794 -0.26419496536254883 -0.1267360895872116 0.9548024535179138
14.399999618530273 -0.000393861933844164 -0.38856041431427 0.05812729522585869 -0.04697207733988762 -0.25874316692352295 -0.12244871258735657 0.9570015668869019
14.433333396911621 0.012471266090869904 -0.3994557559490204 0.06545162200927734 -0.04534076899290085 -0.25608500838279724 -0.118189737200737 0.9583297371864319
14.466666221618652 0.023636743426322937 -0.40929844975471497 0.0754023864865303 -0.04500235989689827 -0.25423869490623474 -0.11524277180433273 0.9591958522796631
14.5 0.0333380326628685 -0.41727662086486816 0.08321725577116013 -0.04545651376247406 -0.2508894205093384 -0.11323027312755585 0.9602953791618347
14.533333778381348 0.045814815908670425 -0.42663776874542236 0.0932612344622612 -0.047569744288921356 -0.2498854249715805 -0.11071890592575073 0.9607474207878113
14.566666603088379 0.05656435713171959 -0.4339846968650818 0.10505980998277664 -0.05042855441570282 -0.24978980422019958 -0.1085502877831459 0.9608740210533142
14.600000381469727 0.06468161940574646 -0.4395045042037964 0.11769857257604599 -0.05417976155877113 -0.24726271629333496 -0.10664571821689606 0.9615365266799927
14.633333206176758 0.07386752218008041 -0.4426291882991791 0.12724214792251587 -0.05599433183670044 -0.24324873089790344 -0.10631322860717773 0.9624927639961243
14.666666984558105 0.08080997318029404 -0.44393664598464966 0.13698112964630127 -0.05591925233602524 -0.23931145668029785 -0.10581733286380768 0.9635381698608398
14.699999809265137 0.09169428795576096 -0.44788163900375366 0.1476433277130127 -0.05631415173411369 -0.23720598220825195 -0.10470057278871536 0.9641575813293457
14.733333587646484 0.10217755287885666 -0.45229586958885193 0.1609717607498169 -0.05658595263957977 -0.23644088208675385 -0.10401646792888641 0.9644036293029785
14.766666412353516 0.10838622599840164 -0.4528903365135193 0.1709824949502945 -0.05478280037641525 -0.23551473021507263 -0.10249361395835876 0.9648972153663635
14.800000190734863 0.11457595974206924 -0.4564814567565918 0.18318340182304382 -0.05497574433684349 -0.23663125932216644 -0.09880346804857254 0.9649980664253235
14.833333015441895 0.12109062820672989 -0.45935702323913574 0.19521616399288177 -0.05531417205929756 -0.2392708957195282 -0.09525950253009796 0.9646841287612915
14.866666793823242 0.1247536763548851 -0.4611417055130005 0.20805853605270386 -0.055484622716903687 -0.241468608379364 -0.09270274639129639 0.9643757343292236
14.899999618530273 0.12203750014305115 -0.46088823676109314 0.21984894573688507 -0.055528972297906876 -0.2412477284669876 -0.09065797179937363 0.9646229147911072
14.933333396911621 0.1176072284579277 -0.4610057473182678 0.23394662141799927 -0.057840388268232346 -0.2420700341463089 -0.0900108590722084 0.9643415212631226
14.966666221618652 0.11017987132072449 -0.4594094753265381 0.24781160056591034 -0.06149847432971001 -0.24386835098266602 -0.09078115224838257 0.9635896682739258
15.0 0.10000469535589218 -0.45712387561798096 0.26085785031318665 -0.06668343394994736 -0.24449144303798676 -0.09287921339273453 0.9628866910934448
15.033333778381348 0.09167657792568207 -0.4550265967845917 0.274810791015625 -0.07090894877910614 -0.24406401813030243 -0.0947488322854042 0.9625110030174255
15.066666603088379 0.0840277150273323 -0.45054107904434204 0.2842220664024353 -0.07280810177326202 -0.2454223483800888 -0.09597413241863251 0.9619021415710449
15.100000381469727 0.0753341019153595 -0.446672648191452 0.2913186252117157 -0.07431327551603317 -0.2483515739440918 -0.09641437977552414 0.960990846157074
15.133333206176758 0.06500363349914551 -0.4416312873363495 0.29670822620391846 -0.07388409972190857 -0.25121477246284485 -0.09630557894706726 0.9602903723716736
15.166666984558105 0.05618054419755936 -0.43727850914001465 0.30043771862983704 -0.074081189930439 -0.25532808899879456 -0.0962970182299614 0.9591905474662781
15.199999809265137 0.04796506464481354 -0.43463534116744995 0.306346595287323 -0.07567019760608673 -0.25844231247901917 -0.0970708429813385 0.9581539034843445
15.233333587646484 0.039043981581926346 -0.4316052496433258 0.31224822998046875 -0.07703793048858643 -0.26068684458732605 -0.0984538272023201 0.9572953581809998
15.266666412353516 0.02604834735393524 -0.426806777715683 0.3152305483818054 -0.07813073694705963 -0.2601120173931122 -0.10005495697259903 0.9571971893310547
15.300000190734863 0.016058646142482758 -0.42463260889053345 0.31991761922836304 -0.08118283748626709 -0.26006466150283813 -0.10277175903320312 0.9566680192947388
15.333333015441895 0.00839865580201149 -0.4209376275539398 0.32609879970550537 -0.0818568617105484 -0.26036664843559265 -0.10593808442354202 0.9561829566955566
15.366666793823242 -0.0017637111013755202 -0.41647064685821533 0.32947489619255066 -0.08069898933172226 -0.25652387738227844 -0.10747282207012177 0.9571482539176941
15.399999618530273 -0.009910887107253075 -0.4134686589241028 0.3340083956718445 -0.07935942709445953 -0.25201377272605896 -0.10740109533071518 0.9584655165672302
15.433333396911621 -0.018086809664964676 -0.40946194529533386 0.3371538519859314 -0.07848267257213593 -0.2518681585788727 -0.1062823235988617 0.9587007164955139
15.466666221618652 -0.027530111372470856 -0.40507760643959045 0.34168514609336853 -0.0797295942902565 -0.25516846776008606 -0.10555628687143326 0.9578048586845398
15.5 -0.03360984846949577 -0.4025275707244873 0.36185842752456665 -0.08243440836668015 -0.2581217885017395 -0.10701196640729904 0.9566222429275513
15.533333778381348 -0.04293343052268028 -0.396679550409317 0.3684949278831482 -0.08564002066850662 -0.25534000992774963 -0.11070261895656586 0.9566673040390015
15.566666603088379 -0.05024246126413345 -0.3908292353153229 0.37487971782684326 -0.08774130791425705 -0.25102052092552185 -0.11464131623506546 0.9571560025215149
15.600000381469727 -0.05769333243370056 -0.38509151339530945 0.3810342848300934 -0.09055759757757187 -0.24718312919139862 -0.11812449991703033 0.9574688076972961
15.633333206176758 -0.06418893486261368 -0.3782000243663788 0.38663628697395325 -0.09233445674180984 -0.2462797909975052 -0.12071853876113892 0.9572083353996277
15.666666984558105 -0.06922607868909836 -0.3720272481441498 0.39215245842933655 -0.09414374083280563 -0.24737411737442017 -0.12049341201782227 0.9567781090736389
15.699999809265137 -0.07341255247592926 -0.363438218832016 0.3987041115760803 -0.09565237909555435 -0.25120809674263 -0.11892063170671463 0.955825924873352
15.733333587646484 -0.07649247348308563 -0.35861071944236755 0.40407082438468933 -0.09987679868936539 -0.25477322936058044 -0.1185116246342659 0.9544999599456787
15.766666412353516 -0.08063534647226334 -0.3531612455844879 0.40949732065200806 -0.10340288281440735 -0.2559887170791626 -0.11864456534385681 0.9537825584411621
15.800000190734863 -0.08405358344316483 -0.34693625569343567 0.41523459553718567 -0.10716523230075836 -0.25746604800224304 -0.11951333284378052 0.9528606534004211
15.833333015441895 -0.08931053429841995 -0.33829113841056824 0.4218679666519165 -0.1098739430308342 -0.2586308419704437 -0.12056075781583786 0.9521045088768005
15.866666793823242 -0.09311074018478394 -0.33138659596443176 0.426523357629776 -0.11159070581197739 -0.25906848907470703 -0.12202678620815277 0.9515989422798157
15.899999618530273 -0.09800288826227188 -0.3266403079032898 0.4298819303512573 -0.11396235972642899 -0.2592979073524475 -0.12418140470981598 0.9509764909744263
15.933333396911621 -0.10286486893892288 -0.32058459520339966 0.43274855613708496 -0.11495020985603333 -0.25975480675697327 -0.1258130967617035 0.9505182504653931
15.966666221618652 -0.106305792927742 -0.31440961360931396 0.43634548783302307 -0.115737684071064 -0.26081418991088867 -0.12542904913425446 0.9501833319664001
16.0 -0.10783442109823227 -0.3099604547023773 0.4388423562049866 -0.11610685288906097 -0.2624156177043915 -0.12476363778114319 0.9497848153114319
16.03333282470703 -0.10901004821062088 -0.3064775764942169 0.4399864673614502 -0.1154910996556282 -0.2622987627983093 -0.12470420449972153 0.9499000310897827
16.066667556762695 -0.10866477340459824 -0.3031091094017029 0.4401485323905945 -0.11311855912208557 -0.25950926542282104 -0.12412536889314651 0.9510268568992615
16.100000381469727 -0.10785173624753952 -0.30010536313056946 0.43922680616378784 -0.1112908273935318 -0.2577548623085022 -0.12336981296539307 0.9518176317214966
16.133333206176758 -0.10664600878953934 -0.2974826991558075 0.43903979659080505 -0.11207268387079239 -0.25904762744903564 -0.1225101426243782 0.9514858722686768
16.16666603088379 -0.10482800751924515 -0.2973322868347168 0.4380953013896942 -0.11329175531864166 -0.2583237588405609 -0.12328756600618362 0.9514378309249878
16.200000762939453 -0.10346976667642593 -0.2913503050804138 0.4358135759830475 -0.11049823462963104 -0.2540495991706848 -0.12475933879613876 0.9527245759963989
16.233333587646484 -0.10047479718923569 -0.29257461428642273 0.4325973093509674 -0.11172337830066681 -0.2509574890136719 -0.12724588811397552 0.953072190284729
16.266666412353516 -0.09731186181306839 -0.2904503047466278 0.42763015627861023 -0.10995758324861526 -0.24885572493076324 -0.12948685884475708 0.9535267353057861
16.299999237060547 -0.09108393639326096 -0.2906855642795563 0.4202316999435425 -0.10699432343244553 -0.2468893676996231 -0.13248616456985474 0.9539629817008972
16.33333396911621 -0.0834197998046875 -0.2946555018424988 0.4105021357536316 -0.10297870635986328 -0.24417854845523834 -0.13439108431339264 0.9548357725143433
16.366666793823242 -0.0750909149646759 -0.30145859718322754 0.4008887708187103 -0.1001446321606636 -0.24310927093029022 -0.1319449543952942 0.9557507634162903
16.399999618530273 -0.06294102966785431 -0.3080538809299469 0.38817298412323 -0.09509112685918808 -0.24261926114559174 -0.12725244462490082 0.9570268988609314
16.433332443237305 -0.050020813941955566 -0.30698394775390625 0.3761497139930725 -0.08613710850477219 -0.24111147224903107 -0.12008900940418243 0.9591790437698364
16.46666717529297 -0.03628001734614372 -0.307475745677948 0.36340251564979553 -0.07841500639915466 -0.23617687821388245 -0.11177991330623627 0.9620690941810608
16.5 -0.01976427435874939 -0.310916006565094 0.35070809721946716 -0.07292219251394272 -0.2292402684688568 -0.10387951880693436 0.9650598168373108
16.53333282470703 -0.0031492896378040314 -0.31240227818489075 0.33728185296058655 -0.06729961186647415 -0.22101615369319916 -0.09789307415485382 0.9680080413818359
16.566667556762695 0.015550507232546806 -0.3086882531642914 0.32270732522010803 -0.06085970997810364 -0.21188417077064514 -0.08966750651597977 0.9712677597999573
16.600000381469727 0.03438249230384827 -0.3095768094062805 0.30588677525520325 -0.05776349455118179 -0.2032814770936966 -0.08232375979423523 0.9739418625831604
16.633333206176758 0.05426458269357681 -0.3097973167896271 0.28692033886909485 -0.05277998372912407 -0.19709841907024384 -0.07557624578475952 0.9760403633117676
16.66666603088379 0.07444370537996292 -0.31208378076553345 0.26777562499046326 -0.04880226030945778 -0.1921461820602417 -0.06859779357910156 0.9777487516403198
16.700000762939453 0.09170278161764145 -0.3165123760700226 0.24627849459648132 -0.04690798372030258 -0.18717655539512634 -0.06287820637226105 0.9791889190673828
16.733333587646484 0.11176218092441559 -0.31488698720932007 0.22764341533184052 -0.043061092495918274 -0.1822447031736374 -0.05701877921819687 0.9806536436080933
16.766666412353516 0.13026021420955658 -0.31591638922691345 0.20751512050628662 -0.041991326957941055 -0.17491209506988525 -0.05042893812060356 0.9823947548866272
16.799999237060547 0.14937984943389893 -0.3184111714363098 0.19082970917224884 -0.03926018625497818 -0.1718035489320755 -0.045586906373500824 0.9832925200462341
16.83333396911621 0.17020535469055176 -0.3167423605918884 0.1714821606874466 -0.03410375863313675 -0.16942232847213745 -0.04025643691420555 0.984130322933197
16.866666793823242 0.1872822344303131 -0.3176593482494354 0.15075430274009705 -0.030486013740301132 -0.16263601183891296 -0.03613779693841934 0.9855527877807617
16.899999618530273 0.20671537518501282 -0.31951165199279785 0.1312960833311081 -0.02551533654332161 -0.1558559685945511 -0.032760754227638245 0.9869066476821899
16.933332443237305 0.22255484759807587 -0.32058462500572205 0.1122976616024971 -0.020868007093667984 -0.15109029412269592 -0.029932308942079544 0.987846314907074
16.96666717529297 0.23488052189350128 -0.3230716288089752 0.09516385942697525 -0.018925825133919716 -0.14720964431762695 -0.028857922181487083 0.988503098487854
17.0 0.247083380818367 -0.32265082001686096 0.07831697165966034 -0.01545477844774723 -0.14237447082996368 -0.028460102155804634 0.9892829656600952
17.03333282470703 0.25883641839027405 -0.3218557834625244 0.062377769500017166 -0.012270521372556686 -0.13733959197998047 -0.027967626228928566 0.9900530576705933
17.066667556762695 0.2683368921279907 -0.3222578167915344 0.047943808138370514 -0.011327410116791725 -0.13433851301670074 -0.02730608358979225 0.9904944896697998
17.100000381469727 0.27734649181365967 -0.32042208313941956 0.03375159576535225 -0.008637269958853722 -0.13425663113594055 -0.02906879596412182 0.9904824495315552
17.133333206176758 0.2841281294822693 -0.31855273246765137 0.02047799900174141 -0.004642362706363201 -0.13229966163635254 -0.03189430758357048 0.9906855821609497
17.16666603088379 0.2928098440170288 -0.31421133875846863 0.008458415977656841 -0.0008660836610943079 -0.1283464878797531 -0.03243967518210411 0.9911983609199524
17.200000762939453 0.29914990067481995 -0.3103100061416626 0.0003284346894361079 0.0011231090174987912 -0.12642724812030792 -0.03290557116270065 0.991429328918457
17.233333587646484 0.302672415971756 -0.3044508099555969 -0.004430499859154224 0.001676734653301537 -0.12438885867595673 -0.03329291194677353 0.991673469543457
17.266666412353516 0.3068966567516327 -0.3003709018230438 -0.005279572680592537 -5.3632269555237144e-05 -0.12366423010826111 -0.033694665879011154 0.9917519092559814
17.299999237060547 0.31122592091560364 -0.29682859778404236 -0.004305690992623568 -0.002153271809220314 -0.1232476532459259 -0.034606218338012695 0.9917700290679932
17.33333396911621 0.314335435628891 -0.29339656233787537 -0.005592575296759605 -0.0042895060032606125 -0.11832357197999954 -0.034359533339738846 0.9923712015151978
17.366666793823242 0.32027432322502136 -0.29186755418777466 -0.0018021627329289913 -0.005771344993263483 -0.11445460468530655 -0.03224180266261101 0.9928883910179138
17.399999618530273 0.32609137892723083 -0.29387587308883667 0.0020889481529593468 -0.0070305499248206615 -0.10915698856115341 -0.029115600511431694 0.9935732483863831
17.433332443237305 0.3322566747665405 -0.29698070883750916 0.003803578671067953 -0.007341833785176277 -0.09826165437698364 -0.02520165964961052 0.9948143362998962
17.46666717529297 0.34359365701675415 -0.29918918013572693 0.01064419187605381 -0.007958829402923584 -0.08534394204616547 -0.022261157631874084 0.9960711002349854
17.5 0.35522931814193726 -0.3037552237510681 0.018228285014629364 -0.014094456098973751 -0.0697178766131401 -0.020364314317703247 0.9972593188285828
17.53333282470703 0.3692203164100647 -0.30905067920684814 0.029410529881715775 -0.01983417011797428 -0.05873941630125046 -0.018054001033306122 0.9979130029678345
17.566667556762695 0.3839323818683624 -0.3140193223953247 0.03779127821326256 -0.021100211888551712 -0.04764075577259064 -0.014775516465306282 0.9985323548316956
17.600000381469727 0.40105724334716797 -0.3197011351585388 0.04566096514463425 -0.020373817533254623 -0.034796882420778275 -0.008909940719604492 0.9991470575332642
17.633333206176758 0.4153886139392853 -0.3257192373275757 0.05310661345720291 -0.0204545296728611 -0.0229087695479393 -0.0011197248240932822 0.9995276927947998
17.66666603088379 0.43643850088119507 -0.32891371846199036 0.055518344044685364 -0.0201584342867136 -0.011206294409930706 0.008959203958511353 0.9996938109397888
17.700000762939453 0.45361965894699097 -0.3341257572174072 0.06632514297962189 -0.0207500122487545 0.0018424360314384103 0.01857505738735199 0.999610424041748
17.733333587646484 0.469531774520874 -0.3411448895931244 0.07887116074562073 -0.022874481976032257 0.015978703275322914 0.02726631797850132 0.9992387294769287
17.766666412353516 0.48589831590652466 -0.3457448184490204 0.09078039973974228 -0.02403467334806919 0.02904479019343853 0.03655843436717987 0.9986201524734497
17.799999237060547 0.5079195499420166 -0.34942924976348877 0.10206427425146103 -0.024497773498296738 0.03907939791679382 0.04503566771745682 0.9979200959205627
17.83333396911621 0.5273323059082031 -0.3526548147201538 0.11445977538824081 -0.0257638581097126 0.0503951832652092 0.05157429724931717 0.9970639944076538
17.866666793823242 0.5449162125587463 -0.35684090852737427 0.12593388557434082 -0.027701297774910927 0.06145733967423439 0.056682292371988297 0.9961138367652893
17.899999618530273 0.5620076060295105 -0.36283445358276367 0.1365947276353836 -0.02983786165714264 0.07238813489675522 0.060786668211221695 0.9950752258300781
17.933332443237305 0.5780336260795593 -0.3657529354095459 0.1478126049041748 -0.03071056492626667 0.08395257592201233 0.06578027456998825 0.9938217997550964
17.96666717529297 0.5970091819763184 -0.36956968903541565 0.1580365002155304 -0.03213992714881897 0.09556567668914795 0.0712466761469841 0.9923498034477234
18.0 0.6180887222290039 -0.37607237696647644 0.18150129914283752 -0.03398875147104263 0.10927655547857285 0.0775013267993927 0.9904024004936218
18.03333282470703 0.6349701881408691 -0.3773241639137268 0.1913534551858902 -0.03577428311109543 0.11846907436847687 0.08330603688955307 0.9888100624084473
18.066667556762695 0.6503670811653137 -0.37852177023887634 0.1994856297969818 -0.03734690696001053 0.1274452656507492 0.08899495750665665 0.9871386885643005
18.100000381469727 0.6640098690986633 -0.38186439871788025 0.2077609896659851 -0.0385773666203022 0.13276329636573792 0.09350421279668808 0.9859730005264282
18.133333206176758 0.6751927733421326 -0.38621607422828674 0.21512779593467712 -0.03979361057281494 0.13566289842128754 0.09721837192773819 0.9851704239845276
18.16666603088379 0.6842017769813538 -0.3898862600326538 0.2215513288974762 -0.041433751583099365 0.13943316042423248 0.1004815623164177 0.9842484593391418
18.200000762939453 0.6959476470947266 -0.39246776700019836 0.23049059510231018 -0.04269053414463997 0.142537921667099 0.10387995839118958 0.9833968877792358
18.233333587646484 0.7078301310539246 -0.39413759112358093 0.23897327482700348 -0.04453285411000252 0.14547893404960632 0.10712773352861404 0.9825356602668762
18.266666412353516 0.7182371616363525 -0.39503923058509827 0.24870209395885468 -0.04715226590633392 0.14989300072193146 0.1108890026807785 0.981332004070282
18.299999237060547 0.7285404801368713 -0.39823785424232483 0.25741544365882874 -0.05024978145956993 0.1534617692232132 0.11421088874340057 0.9802451133728027
18.33333396911621 0.7389640808105469 -0.39912763237953186 0.2644082009792328 -0.05235891044139862 0.15652437508106232 0.11831951886415482 0.9791625142097473
18.366666793823242 0.7485718727111816 -0.4012969136238098 0.2690766453742981 -0.05561799556016922 0.16020070016384125 0.1223391592502594 0.9778934717178345
18.399999618530273 0.7586787939071655 -0.4013526439666748 0.277009516954422 -0.05801304429769516 0.16610175371170044 0.1270512044429779 0.9761674404144287
18.433332443237305 0.7675316333770752 -0.40181127190589905 0.28125259280204773 -0.060029689222574234 0.17099133133888245 0.1314917951822281 0.9746118783950806
18.46666717529297 0.7744782567024231 -0.4092326760292053 0.29132723808288574 -0.06527761369943619 0.17730820178985596 0.13360677659511566 0.9728565216064453
18.5 0.7832485437393188 -0.4084429442882538 0.29663193225860596 -0.06675250828266144 0.18213346600532532 0.13881030678749084 0.9711350798606873
18.53333282470703 0.7966070771217346 -0.41003772616386414 0.30395251512527466 -0.06883873045444489 0.1864774376153946 0.14273439347743988 0.9695949554443359
18.566667556762695 0.8058412671089172 -0.415932834148407 0.31269147992134094 -0.07291791588068008 0.19155970215797424 0.14529694616794586 0.9679239392280579
18.600000381469727 0.8180737495422363 -0.41893112659454346 0.31981149315834045 -0.0747053474187851 0.19461917877197266 0.1493951380252838 0.9665524959564209
18.633333206176758 0.8279961943626404 -0.4214458167552948 0.32532453536987305 -0.07565602660179138 0.19818145036697388 0.15296252071857452 0.9651957154273987
18.66666603088379 0.8351255655288696 -0.42322754859924316 0.33025243878364563 -0.07713352143764496 0.20325060188770294 0.15581920742988586 0.963566243648529
18.700000762939453 0.8483045697212219 -0.425644189119339 0.3379698097705841 -0.07876308262348175 0.2076507806777954 0.16001054644584656 0.9618078470230103
18.733333587646484 0.8589297533035278 -0.42875316739082336 0.34358763694763184 -0.08057528734207153 0.21186494827270508 0.16353730857372284 0.9601439237594604
18.766666412353516 0.8715401291847229 -0.42982217669487 0.34984922409057617 -0.08153966069221497 0.21715876460075378 0.16783933341503143 0.9581353068351746
18.799999237060547 0.8843006491661072 -0.4291726350784302 0.36055788397789 -0.08182626217603683 0.2230987250804901 0.17259645462036133 0.9558985233306885
18.83333396911621 0.892555832862854 -0.4301283359527588 0.3668781518936157 -0.08270285278558731 0.22811301052570343 0.1742921769618988 0.9543306827545166
18.866666793823242 0.9011861681938171 -0.43249741196632385 0.37427061796188354 -0.08481066673994064 0.23340260982513428 0.17635634541511536 0.9524856805801392
18.899999618530273 0.9070704579353333 -0.4345063269138336 0.38241642713546753 -0.08724324405193329 0.2381647676229477 0.1771291196346283 0.95094233751297
18.933332443237305 0.9130212068557739 -0.4370650053024292 0.3928057849407196 -0.09001553058624268 0.24160540103912354 0.17756566405296326 0.9497339725494385
18.96666717529297 0.9181473255157471 -0.4395551085472107 0.4032173156738281 -0.09284628182649612 0.24508938193321228 0.1783316433429718 0.9484243392944336
19.0 0.9230949878692627 -0.44283294677734375 0.4164826273918152 -0.09710586816072464 0.24787425994873047 0.17901311814785004 0.9471447467803955
19.03333282470703 0.9284319281578064 -0.4446847438812256 0.42689481377601624 -0.10132748633623123 0.24752900004386902 0.1798996776342392 0.9466246962547302
19.066667556762695 0.9329794645309448 -0.4480822682380676 0.43904709815979004 -0.10551973432302475 0.24653808772563934 0.1813221126794815 0.9461537599563599
19.100000381469727 0.9378294944763184 -0.44971737265586853 0.45010024309158325 -0.10970872640609741 0.24466125667095184 0.18411213159561157 0.9456255435943604
19.133333206176758 0.9426068067550659 -0.4499320983886719 0.4613233506679535 -0.11490350216627121 0.241978719830513 0.18606524169445038 0.9453164935112
19.16666603088379 0.9481889009475708 -0.44945788383483887 0.4715104401111603 -0.12074237316846848 0.238946333527565 0.18800227344036102 0.944976806640625
19.200000762939453 0.9533251523971558 -0.4517659842967987 0.49121639132499695 -0.12886737287044525 0.23742952942848206 0.19027602672576904 0.9438302516937256
19.233333587646484 0.9583293199539185 -0.45013710856437683 0.5009268522262573 -0.13451139628887177 0.23545949161052704 0.19320449233055115 0.942940890789032
19.266666412353516 0.9644518494606018 -0.4474201500415802 0.5123667120933533 -0.13875021040439606 0.23400962352752686 0.19679047167301178 0.9419455528259277
19.299999237060547 0.9679074883460999 -0.44562631845474243 0.5256882905960083 -0.1436811089515686 0.23047764599323273 0.19965146481990814 0.941474974155426
19.33333396911621 0.9697696566581726 -0.4440917670726776 0.5392675995826721 -0.14976826310157776 0.2257360816001892 0.20142336189746857 0.9412977695465088
19.366666793823242 0.9732111692428589 -0.4406287372112274 0.548747181892395 -0.15472763776779175 0.22100302577018738 0.2027955949306488 0.9413241147994995
19.399999618530273 0.9741781949996948 -0.4380756616592407 0.5612653493881226 -0.1600959599018097 0.21951144933700562 0.20296747982501984 0.9407381415367126
19.433332443237305 0.9743630886077881 -0.4353160262107849 0.5748630166053772 -0.16564704477787018 0.21776650846004486 0.20191727578639984 0.9404085874557495
19.46666717529297 0.9750216007232666 -0.43255865573883057 0.5895311832427979 -0.17117059230804443 0.2158912718296051 0.200527161359787 0.9401492476463318
19.5 0.9769315123558044 -0.4287793040275574 0.5988803505897522 -0.17543652653694153 0.21348509192466736 0.20002715289592743 0.9400188326835632
19.53333282470703 0.9793457984924316 -0.426911860704422 0.6100860834121704 -0.18062187731266022 0.20979608595371246 0.20099493861198425 0.9396608471870422
19.566667556762695 0.9813058972358704 -0.42367181181907654 0.6221558451652527 -0.18447460234165192 0.20457923412322998 0.20235316455364227 0.9397710561752319
19.600000381469727 0.985756516456604 -0.41902291774749756 0.6329485177993774 -0.18789656460285187 0.1980839967727661 0.2033868134021759 0.9402614235877991
19.633333206176758 0.9858914613723755 -0.41222137212753296 0.6426040530204773 -0.1902540624141693 0.1947646588087082 0.2072518765926361 0.9396365284919739
19.66666603088379 0.9894363880157471 -0.409090131521225 0.6556046605110168 -0.19606320559978485 0.19111782312393188 0.21061775088310242 0.9384419918060303
19.700000762939453 0.9940621256828308 -0.40614038705825806 0.6672497391700745 -0.20209158957004547 0.18933835625648499 0.21329161524772644 0.9369187355041504
19.733333587646484 0.9990586042404175 -0.4022977352142334 0.6773503422737122 -0.20645950734615326 0.18894751369953156 0.2161371260881424 0.9353919625282288
19.766666412353516 1.0047399997711182 -0.39812013506889343 0.6870743632316589 -0.21144156157970428 0.18697983026504517 0.21958300471305847 0.9338706135749817
19.799999237060547 1.0099314451217651 -0.39422520995140076 0.6968599557876587 -0.21667149662971497 0.1852128505706787 0.22185160219669342 0.9324867725372314
19.83333396911621 1.0152924060821533 -0.3901529908180237 0.7038558721542358 -0.220419779419899 0.1850278079509735 0.2235337793827057 0.9312424659729004
19.866666793823242 1.021058440208435 -0.3860926926136017 0.7130863666534424 -0.2248830795288086 0.18552671372890472 0.22636310756206512 0.9293908476829529
19.899999618530273 1.0242164134979248 -0.38068491220474243 0.7211339473724365 -0.227887824177742 0.1859429031610489 0.22866088151931763 0.9280121922492981
19.933332443237305 1.0288883447647095 -0.3753911256790161 0.7297415137290955 -0.231760635972023 0.18730247020721436 0.2308529168367386 0.9262352585792542
19.96666717529297 1.0338928699493408 -0.37139633297920227 0.7363018989562988 -0.23579372465610504 0.18902747333049774 0.23303909599781036 0.924317479133606
20.0 1.0385040044784546 -0.3677874505519867 0.74137943983078 -0.23866389691829681 0.18956305086612701 0.2345990091562271 0.9230756759643555
20.03333282470703 1.0418254137039185 -0.36526989936828613 0.7456272840499878 -0.24222347140312195 0.18930330872535706 0.2354731410741806 0.9219785928726196
20.066667556762695 1.0442179441452026 -0.3616631329059601 0.7516906261444092 -0.24468743801116943 0.1898660510778427 0.23683850467205048 0.9208618402481079
20.100000381469727 1.0459026098251343 -0.35940107703208923 0.7555045485496521 -0.24630123376846313 0.18865099549293518 0.23881420493125916 0.920170783996582
20.133333206176758 1.0454826354980469 -0.35609307885169983 0.7612485885620117 -0.24755771458148956 0.1882709562778473 0.23968346416950226 0.9196853637695312
20.16666603088379 1.0440689325332642 -0.35139673948287964 0.7673318982124329 -0.24857673048973083 0.18781854212284088 0.23941583931446075 0.9195727109909058
20.200000762939453 1.0434749126434326 -0.349775493144989 0.7704019546508789 -0.25070005655288696 0.18397188186645508 0.23846347630023956 0.9200212359428406
20.233333587646484 1.0412269830703735 -0.3460831046104431 0.7762368321418762 -0.25197482109069824 0.18321195244789124 0.23604610562324524 0.9204479455947876
20.266666412353516 1.0381807088851929 -0.3435349762439728 0.7808138132095337 -0.2536448836326599 0.18359611928462982 0.23054802417755127 0.9213058352470398
20.299999237060547 1.0348480939865112 -0.3424420952796936 0.7827309370040894 -0.25375258922576904 0.1838490515947342 0.22406718134880066 0.922823429107666
20.33333396911621 1.032187581062317 -0.3416373133659363 0.7860080599784851 -0.25431132316589355 0.18349909782409668 0.2195638120174408 0.923821210861206
20.366666793823242 1.0273960828781128 -0.3379364609718323 0.7903750538825989 -0.25482988357543945 0.18395517766475677 0.21744130551815033 0.9240896105766296
20.399999618530273 1.0275129079818726 -0.3351597487926483 0.7928314805030823 -0.25827521085739136 0.18025605380535126 0.21903397142887115 0.9234857559204102
20.433332443237305 1.0283013582229614 -0.3322667181491852 0.7966973781585693 -0.2620450258255005 0.17749114334583282 0.22176016867160797 0.9223079085350037
20.46666717529297 1.025488018989563 -0.3287615180015564 0.8021573424339294 -0.26547086238861084 0.17760328948497772 0.2242186963558197 0.9207107424736023
20.5 1.0300440788269043 -0.32196226716041565 0.8100133538246155 -0.26736536622047424 0.17244228720664978 0.22759614884853363 0.9203149080276489
20.53333282470703 1.0296727418899536 -0.3181937634944916 0.8125165104866028 -0.2685774266719818 0.16951657831668854 0.22775506973266602 0.9204661846160889
20.566667556762695 1.027648687362671 -0.313719242811203 0.8145255446434021 -0.26746129989624023 0.16764257848262787 0.22762568295001984 0.9211661219596863
20.600000381469727 1.0269595384597778 -0.3110559284687042 0.815715491771698 -0.2665288746356964 0.16465972363948822 0.22874104976654053 0.9216980338096619
20.633333206176758 1.026574969291687 -0.3081793785095215 0.8167313933372498 -0.2661157548427582 0.1629885882139206 0.2298821210861206 0.9218304753303528
20.66666603088379 1.0263317823410034 -0.3055899739265442 0.8190976977348328 -0.2683062255382538 0.1618013083934784 0.23086117208003998 0.9211596846580505
20.700000762939453 1.0248574018478394 -0.30179572105407715 0.8212733864784241 -0.269574910402298 0.1597680151462555 0.23195354640483856 0.9208698272705078
20.733333587646484 1.0229748487472534 -0.296609103679657 0.8225883841514587 -0.26853376626968384 0.1560194343328476 0.233727365732193 0.9213681221008301
20.766666412353516 1.02161705493927 -0.29512879252433777 0.8257880210876465 -0.2723304033279419 0.15164227783679962 0.23478882014751434 0.9207144379615784
20.799999237060547 1.0201702117919922 -0.2914595603942871 0.8258659839630127 -0.2719757854938507 0.14848969876766205 0.23454152047634125 0.9213958978652954
20.83333396911621 1.0194082260131836 -0.29175683856010437 0.8284878730773926 -0.27512693405151367 0.14808861911296844 0.23435881733894348 0.9205709099769592
20.866666793823242 1.0184983015060425 -0.2901672422885895 0.8287477493286133 -0.2760581076145172 0.14877882599830627 0.23301663994789124 0.92052161693573
20.899999618530273 1.0162873268127441 -0.28962719440460205 0.8292276263237 -0.2775927782058716 0.15147297084331512 0.2303779423236847 0.9202848672866821
20.933332443237305 1.0149794816970825 -0.28920233249664307 0.8283175230026245 -0.2775152027606964 0.15166060626506805 0.22878342866897583 0.9206749796867371
20.96666717529297 1.0130152702331543 -0.2893370985984802 0.8264760971069336 -0.2759392261505127 0.15080179274082184 0.2284727394580841 0.9213666915893555
21.0 1.011499047279358 -0.2916928231716156 0.8239036202430725 -0.27463120222091675 0.14795644581317902 0.22836671769618988 0.9222447276115417
21.03333282470703 1.011805772781372 -0.2934751808643341 0.8181387186050415 -0.27145856618881226 0.14671173691749573 0.22869651019573212 0.9233005046844482
21.066667556762695 1.0114420652389526 -0.2932243347167969 0.8089441061019897 -0.2650851011276245 0.15143544971942902 0.22909657657146454 0.9242900609970093
21.100000381469727 1.0113824605941772 -0.29761093854904175 0.800944983959198 -0.2625221014022827 0.1565583348274231 0.22720465064048767 0.9246348738670349
21.133333206176758 1.0115622282028198 -0.3030300438404083 0.7945200800895691 -0.2610757350921631 0.1613508015871048 0.2270003706216812 0.9242706894874573
21.16666603088379 1.0110294818878174 -0.30876579880714417 0.787179708480835 -0.25998654961586 0.16678209602832794 0.22419188916683197 0.9242990612983704
21.200000762939453 1.0127148628234863 -0.3145439624786377 0.776261031627655 -0.25753092765808105 0.16956910490989685 0.22074493765830994 0.9253084659576416
21.233333587646484 1.0119612216949463 -0.32061082124710083 0.765380322933197 -0.25471994280815125 0.17632398009300232 0.21528680622577667 0.9261097311973572
21.266666412353516 1.0144151449203491 -0.32032182812690735 0.7478855848312378 -0.24600833654403687 0.1870584338903427 0.2065485715866089 0.9283462762832642
21.299999237060547 1.0136864185333252 -0.3182654082775116 0.7318263649940491 -0.23505035042762756 0.20512591302394867 0.19681893289089203 0.929482102394104
21.33333396911621 1.0167875289916992 -0.31859463453292847 0.7139034867286682 -0.2251376509666443 0.217106893658638 0.19103747606277466 0.9304205179214478
21.366666793823242 1.0189059972763062 -0.3254605233669281 0.6969008445739746 -0.2159581333398819 0.22429358959197998 0.18909646570682526 0.9312878251075745
21.399999618530273 1.0233583450317383 -0.3288165032863617 0.6795099377632141 -0.2040058970451355 0.2263765037059784 0.18667492270469666 0.9339635372161865
21.433332443237305 1.020643949508667 -0.3299979567527771 0.6668893098831177 -0.19260044395923615 0.23372653126716614 0.18263114988803864 0.935373067855835
21.46666717529297 1.019010305404663 -0.3366762697696686 0.6536147594451904 -0.1863161027431488 0.2417072057723999 0.17874522507190704 0.9353684186935425
21.5 1.0225212574005127 -0.3433661162853241 0.6379731297492981 -0.1817767322063446 0.2455803006887436 0.1753692477941513 0.9358916282653809
21.53333282470703 1.0241782665252686 -0.3425867259502411 0.6240403056144714 -0.17242732644081116 0.24897122383117676 0.17378361523151398 0.9370599389076233
21.566667556762695 1.0239821672439575 -0.3436347544193268 0.6090618371963501 -0.16495473682880402 0.2542005181312561 0.17531301081180573 0.9367163181304932
21.600000381469727 1.0233211517333984 -0.34546464681625366 0.5997632741928101 -0.15980246663093567 0.26127856969833374 0.17687247693538666 0.93536776304245
21.633333206176758 1.0258164405822754 -0.35024237632751465 0.5883232355117798 -0.15746670961380005 0.26675084233283997 0.17834775149822235 0.9339380264282227
21.66666603088379 1.02303946018219 -0.35441824793815613 0.5826423764228821 -0.1553356647491455 0.2772718369960785 0.17840676009655 0.9312155246734619
21.700000762939453 1.036648154258728 -0.3650655150413513 0.5604502558708191 -0.15642990171909332 0.2765047550201416 0.18020664155483246 0.9309137463569641
21.733333587646484 1.039900779724121 -0.368171751499176 0.5505844950675964 -0.15548205375671387 0.27594608068466187 0.18104960024356842 0.9310747981071472
21.766666412353516 1.0429903268814087 -0.3718439042568207 0.5405457615852356 -0.1520923525094986 0.2787707448005676 0.18103252351284027 0.9307964444160461
21.799999237060547 1.0452475547790527 -0.37496599555015564 0.5319139957427979 -0.14865978062152863 0.2832391560077667 0.18129706382751465 0.9299501776695251
21.83333396911621 1.0467034578323364 -0.37929245829582214 0.5240849852561951 -0.1459978073835373 0.2888967990875244 0.18181702494621277 0.928528904914856
21.866666793823242 1.0501641035079956 -0.3818427622318268 0.5150288939476013 -0.1423923820257187 0.2937486171722412 0.18376776576042175 0.9271815419197083
21.899999618530273 1.0562472343444824 -0.38607561588287354 0.5051939487457275 -0.14016136527061462 0.2979319393634796 0.1869363635778427 0.9255518913269043
21.933332443237305 1.0597476959228516 -0.3901039958000183 0.49755769968032837 -0.13766804337501526 0.30254536867141724 0.1909608244895935 0.9236058592796326
21.96666717529297 1.0630083084106445 -0.3936607837677002 0.4909214377403259 -0.1348361223936081 0.3061824440956116 0.19621333479881287 0.9217221736907959
22.0 1.071265459060669 -0.3972958028316498 0.4824211895465851 -0.13287675380706787 0.3099101781845093 0.2020694762468338 0.9194930791854858
22.03333282470703 1.0773873329162598 -0.39944687485694885 0.4771057069301605 -0.13036318123340607 0.31797996163368225 0.20735859870910645 0.9159129858016968
22.066667556762695 1.0855571031570435 -0.40613359212875366 0.46945300698280334 -0.13059061765670776 0.32485052943229675 0.2121279388666153 0.912370502948761
22.100000381469727 1.092766284942627 -0.40901145339012146 0.4661005735397339 -0.1300288438796997 0.32991501688957214 0.21745412051677704 0.9093746542930603
22.133333206176758 1.0997768640518188 -0.4127720892429352 0.4644712805747986 -0.13093645870685577 0.335081547498703 0.2222985327243805 0.9061784744262695
22.16666603088379 1.106682300567627 -0.417293906211853 0.4641946852207184 -0.1333552896976471 0.3409978151321411 0.22720855474472046 0.9023930430412292
22.200000762939453 1.1139500141143799 -0.42079564929008484 0.46447017788887024 -0.13602791726589203 0.34593909978866577 0.23192209005355835 0.898907482624054
22.233333587646484 1.1193739175796509 -0.4216901659965515 0.4669021666049957 -0.1387348771095276 0.35239383578300476 0.2346682846546173 0.8952664732933044
22.266666412353516 1.129972219467163 -0.42385855317115784 0.46711403131484985 -0.14304977655410767 0.3586452007293701 0.237888902425766 0.8912458419799805
22.299999237060547 1.1341222524642944 -0.42636585235595703 0.4703078269958496 -0.145686075091362 0.36475005745887756 0.23895733058452606 0.8880497813224792
22.33333396911621 1.138580083847046 -0.426008403301239 0.4739573895931244 -0.14609915018081665 0.3676741123199463 0.24075202643871307 0.886289656162262
22.366666793823242 1.1456832885742188 -0.42712658643722534 0.4769144058227539 -0.1482519954442978 0.3695758879184723 0.24293845891952515 0.8845428228378296
22.399999618530273 1.1512176990509033 -0.43099498748779297 0.48101910948753357 -0.15141119062900543 0.3708283007144928 0.24422650039196014 0.8831276893615723
22.433332443237305 1.156845211982727 -0.4309116303920746 0.48758620023727417 -0.1524425894021988 0.371915340423584 0.2453564554452896 0.8821793794631958
22.46666717529297 1.1645338535308838 -0.43295660614967346 0.4936549961566925 -0.15498559176921844 0.373876690864563 0.24497991800308228 0.8810111880302429
22.5 1.171535849571228 -0.431881308555603 0.4984598755836487 -0.15509933233261108 0.376147985458374 0.24636390805244446 0.8796373009681702
22.53333282470703 1.176262617111206 -0.43096086382865906 0.5049943327903748 -0.15523989498615265 0.37667831778526306 0.24773281812667847 0.8790007829666138
22.566667556762695 1.1821249723434448 -0.4325224459171295 0.5104268193244934 -0.15596261620521545 0.3775582015514374 0.24861182272434235 0.8782469630241394
22.600000381469727 1.1943161487579346 -0.4373965263366699 0.5147087574005127 -0.15934298932552338 0.378743439912796 0.24905292689800262 0.8770039677619934
22.633333206176758 1.1992368698120117 -0.43733587861061096 0.5211606025695801 -0.15956972539424896 0.3823881149291992 0.24827954173088074 0.8755993247032166
22.66666603088379 1.2091081142425537 -0.44218286871910095 0.5254614353179932 -0.16154956817626953 0.38412585854530334 0.24741658568382263 0.8747193813323975
22.700000762939453 1.2190083265304565 -0.441278874874115 0.5300161838531494 -0.16137012839317322 0.3853122293949127 0.24831287562847137 0.873976469039917
22.733333587646484 1.2281901836395264 -0.44223764538764954 0.5368167757987976 -0.1624418944120407 0.3875443637371063 0.24962082505226135 0.8724170923233032
22.766666412353516 1.2387058734893799 -0.4428073465824127 0.5437799096107483 -0.16389226913452148 0.387570858001709 0.251276433467865 0.871658444404602
22.799999237060547 1.250193476676941 -0.4393199384212494 0.5494127869606018 -0.1639460325241089 0.38690587878227234 0.2544112503528595 0.8710341453552246
22.83333396911621 1.2620985507965088 -0.438220351934433 0.5561330914497375 -0.16588391363620758 0.3885343074798584 0.25634127855300903 0.8693749904632568
22.866666793823242 1.2711775302886963 -0.433824747800827 0.5603878498077393 -0.16636499762535095 0.38970136642456055 0.2593025863170624 0.8678811192512512
22.899999618530273 1.2826694250106812 -0.4315776228904724 0.5664341449737549 -0.16803006827831268 0.39134618639945984 0.26082539558410645 0.8663626909255981
22.933332443237305 1.2944308519363403 -0.43115177750587463 0.572737455368042 -0.17079496383666992 0.3933897018432617 0.2649036943912506 0.8636549115180969
22.96666717529297 1.3080493211746216 -0.4289277195930481 0.5782690048217773 -0.1724100261926651 0.3934878408908844 0.2700129747390747 0.8617047071456909
23.0 1.3188010454177856 -0.42739540338516235 0.5834777355194092 -0.17484012246131897 0.394048810005188 0.274884432554245 0.8594155311584473
23.03333282470703 1.3320719003677368 -0.42683425545692444 0.5910492539405823 -0.17920157313346863 0.3962349593639374 0.27943238615989685 0.8560386300086975
23.066667556762695 1.343570590019226 -0.42451104521751404 0.5954164862632751 -0.18078698217868805 0.3991020619869232 0.28384798765182495 0.8529149889945984
23.100000381469727 1.353818655014038 -0.4239750802516937 0.599990963935852 -0.181942880153656 0.40196895599365234 0.28679242730140686 0.8503339290618896
23.133333206176758 1.3627409934997559 -0.4222298264503479 0.6033825278282166 -0.18263836205005646 0.40469077229499817 0.28969037532806396 0.847908079624176
23.16666603088379 1.3746399879455566 -0.4222688376903534 0.6092168092727661 -0.18454515933990479 0.40735021233558655 0.2923077344894409 0.8453194499015808
23.200000762939453 1.3813499212265015 -0.42027154564857483 0.6127787828445435 -0.1859629601240158 0.4080977141857147 0.29400309920310974 0.8440593481063843
23.233333587646484 1.3930909633636475 -0.4202442169189453 0.6201860904693604 -0.1893863081932068 0.40892401337623596 0.2964189052581787 0.8420509099960327
23.266666412353516 1.4057543277740479 -0.4183972179889679 0.6279241442680359 -0.1931595504283905 0.4098663330078125 0.299852192401886 0.839516282081604
23.299999237060547 1.4146833419799805 -0.41539353132247925 0.631696879863739 -0.1952599287033081 0.4104941785335541 0.30389609932899475 0.8372665047645569
23.33333396911621 1.424874186515808 -0.41324979066848755 0.6362444758415222 -0.19807231426239014 0.4112939238548279 0.3074752688407898 0.8349032998085022
23.366666793823242 1.4370204210281372 -0.4115375876426697 0.6415734887123108 -0.20123161375522614 0.4119679927825928 0.3111620247364044 0.8324459791183472
23.399999618530273 1.4451130628585815 -0.40887880325317383 0.6452565789222717 -0.20277465879917145 0.41168466210365295 0.3140982389450073 0.8311079144477844
23.433332443237305 1.454552412033081 -0.4060080945491791 0.6500136852264404 -0.2053782194852829 0.41089728474617004 0.3176702857017517 0.8294991254806519
23.46666717529297 1.4680758714675903 -0.4039488136768341 0.6579294800758362 -0.20928019285202026 0.40864628553390503 0.3232533037662506 0.8274765014648438
23.5 1.4754470586776733 -0.4010774493217468 0.662211537361145 -0.21174868941307068 0.4050358831882477 0.328473836183548 0.8265671730041504
23.53333282470703 1.4822074174880981 -0.39901500940322876 0.667303740978241 -0.21385182440280914 0.40283334255218506 0.3327929377555847 0.825373649597168
23.566667556762695 1.4880000352859497 -0.39660805463790894 0.672822117805481 -0.21657325327396393 0.4020090103149414 0.3342769145965576 0.824465811252594
23.600000381469727 1.4928627014160156 -0.39444687962532043 0.6783497333526611 -0.2197166085243225 0.40214860439300537 0.3343329429626465 0.8235428333282471
23.633333206176758 1.4965914487838745 -0.39279380440711975 0.6849923133850098 -0.2222650796175003 0.40172481536865234 0.334229439496994 0.8231075406074524
23.66666603088379 1.4971531629562378 -0.38868606090545654 0.6885098814964294 -0.22344298660755157 0.39983701705932617 0.3333350419998169 0.8240699768066406
23.700000762939453 1.4991568326950073 -0.38351142406463623 0.6946268677711487 -0.22506585717201233 0.39868900179862976 0.33390340209007263 0.8239544034004211
23.733333587646484 1.5017865896224976 -0.38195306062698364 0.7018982172012329 -0.227892205119133 0.39524954557418823 0.33352524042129517 0.8249871134757996
23.766666412353516 1.5035344362258911 -0.3801268935203552 0.7102060317993164 -0.22997665405273438 0.3934394121170044 0.33098354935646057 0.8262966275215149
23.799999237060547 1.5057547092437744 -0.37748101353645325 0.7158904671669006 -0.2318463921546936 0.3937099874019623 0.3289094567298889 0.8264734745025635
23.83333396911621 1.5075267553329468 -0.3757076859474182 0.7232480049133301 -0.234257772564888 0.39459264278411865 0.3271910548210144 0.8260543942451477
23.866666793823242 1.5097140073776245 -0.3726937174797058 0.7286107540130615 -0.23576496541500092 0.39408811926841736 0.3253682851791382 0.8265863656997681
23.899999618530273 1.5122777223587036 -0.3683607578277588 0.7331799864768982 -0.23803962767124176 0.39387235045433044 0.32420578598976135 0.826494038105011
23.933332443237305 1.514026165008545 -0.363399475812912 0.7383781671524048 -0.24067451059818268 0.39339005947113037 0.3243264853954315 0.8259130716323853
23.96666717529297 1.5164111852645874 -0.3584420382976532 0.7417467832565308 -0.24323570728302002 0.39044803380966187 0.32547879219055176 0.8261054754257202
24.0 1.5188257694244385 -0.3532516062259674 0.7433322072029114 -0.245187908411026 0.3878062069416046 0.32754480838775635 0.8259562253952026
24.03333282470703 1.518690824508667 -0.34848475456237793 0.7471410036087036 -0.24830830097198486 0.3871656060218811 0.3284290134906769 0.824972927570343
24.066667556762695 1.5177719593048096 -0.3437306582927704 0.7517653703689575 -0.2519706189632416 0.385079950094223 0.32961103320121765 0.8243668675422668
24.100000381469727 1.5182468891143799 -0.33773455023765564 0.7557790875434875 -0.25538769364356995 0.38180845975875854 0.3312843441963196 0.8241662979125977
24.133333206176758 1.5168170928955078 -0.333387166261673 0.7601310014724731 -0.2591588795185089 0.3810684382915497 0.331924170255661 0.8230734467506409
24.16666603088379 1.5173759460449219 -0.3279884159564972 0.761533796787262 -0.2610054910182953 0.3782649636268616 0.33275726437568665 0.8234465718269348
24.200000762939453 1.5182759761810303 -0.3252679109573364 0.7642861008644104 -0.26396116614341736 0.3766078054904938 0.333080917596817 0.8231332302093506
24.233333587646484 1.5183063745498657 -0.3234126567840576 0.7666136622428894 -0.2667541205883026 0.37748444080352783 0.33257636427879333 0.8220344185829163
24.266666412353516 1.5188742876052856 -0.3208257555961609 0.7673763036727905 -0.26773810386657715 0.37728163599967957 0.3325054347515106 0.8218364119529724
24.299999237060547 1.5191067457199097 -0.31980815529823303 0.7689623832702637 -0.2690470814704895 0.377265065908432 0.33253294229507446 0.821405291557312
24.33333396911621 1.519735336303711 -0.3179027736186981 0.7692855596542358 -0.26935839653015137 0.3771578073501587 0.3329496383666992 0.8211836814880371
24.366666793823242 1.520171880722046 -0.3170287013053894 0.7700864672660828 -0.2702029347419739 0.37733256816864014 0.3336716890335083 0.820532500743866
24.399999618530273 1.5200115442276 -0.3152456283569336 0.7697538733482361 -0.2696373462677002 0.3765382468700409 0.3342050611972809 0.8208664655685425
24.433332443237305 1.5201512575149536 -0.31472718715667725 0.7698745131492615 -0.2706374228000641 0.3768872320652008 0.33497440814971924 0.8200631737709045
24.46666717529297 1.520503044128418 -0.3129332661628723 0.7697126269340515 -0.2712108790874481 0.37785574793815613 0.33515727519989014 0.8193530440330505
24.5 1.5179495811462402 -0.3124939501285553 0.7697409391403198 -0.27155184745788574 0.38175639510154724 0.33279719948768616 0.8183932900428772
24.53333282470703 1.5164270401000977 -0.3109259009361267 0.7693015336990356 -0.27119386196136475 0.38471314311027527 0.33128559589385986 0.8177405595779419
24.566667556762695 1.516140341758728 -0.31065091490745544 0.7672880291938782 -0.27052876353263855 0.38454821705818176 0.331988662481308 0.817753255367279
24.600000381469727 1.5155380964279175 -0.3099903464317322 0.7642644643783569 -0.26845359802246094 0.38341856002807617 0.3330691158771515 0.8185279369354248
24.633333206176758 1.5136502981185913 -0.3097781240940094 0.7617703080177307 -0.26640844345092773 0.38343459367752075 0.33331000804901123 0.8190903663635254
24.66666603088379 1.5114591121673584 -0.31104767322540283 0.7587863802909851 -0.2644808888435364 0.3834761679172516 0.3333551287651062 0.81967693567276
24.700000762939453 1.510118007659912 -0.31333494186401367 0.7554117441177368 -0.26312652230262756 0.38243919610977173 0.33357805013656616 0.82050621509552
24.733333587646484 1.5076332092285156 -0.3146110475063324 0.7512400150299072 -0.2607257068157196 0.38267484307289124 0.3337150812149048 0.8211068511009216
24.766666412353516 1.5046895742416382 -0.3177301585674286 0.7468406558036804 -0.25839439034461975 0.3817696273326874 0.33437591791152954 0.821995735168457
24.799999237060547 1.5000402927398682 -0.32120954990386963 0.7428394556045532 -0.25556430220603943 0.3827470541000366 0.33346736431121826 0.8227946758270264
24.83333396911621 1.4960180521011353 -0.3271142840385437 0.7371943593025208 -0.2544887065887451 0.3855016231536865 0.33028197288513184 0.8231269121170044
24.866666793823242 1.4880788326263428 -0.3317568302154541 0.7305436134338379 -0.24971114099025726 0.388733446598053 0.3241983950138092 0.8254854083061218
24.899999618530273 1.4793368577957153 -0.33655622601509094 0.7241601347923279 -0.2433713972568512 0.38870349526405334 0.3192357122898102 0.829318106174469
24.933332443237305 1.4709901809692383 -0.34451162815093994 0.716228723526001 -0.23857322335243225 0.3876267969608307 0.31501904129981995 0.8328213095664978
24.96666717529297 1.4612236022949219 -0.34837040305137634 0.7078168392181396 -0.2308211624622345 0.38825076818466187 0.31217294931411743 0.8357816934585571
25.0 1.4505765438079834 -0.35320279002189636 0.6999065279960632 -0.22403495013713837 0.38801121711730957 0.30817413330078125 0.8392165899276733
25.03333282470703 1.4410998821258545 -0.3606035113334656 0.6909881234169006 -0.21934862434864044 0.3856968879699707 0.30516958236694336 0.8426123261451721
25.066667556762695 1.4302531480789185 -0.36446037888526917 0.6807445287704468 -0.21215593814849854 0.38315334916114807 0.3044072687625885 0.845883846282959
25.100000381469727 1.4203816652297974 -0.36872628331184387 0.6704854369163513 -0.2062225490808487 0.38059329986572266 0.30406439304351807 0.848625898361206
25.133333206176758 1.4107394218444824 -0.3739323616027832 0.6593730449676514 -0.2013075053691864 0.3784790635108948 0.3036104440689087 0.850911021232605
25.16666603088379 1.4023393392562866 -0.37829098105430603 0.6494694948196411 -0.1964535266160965 0.37682995200157166 0.30412372946739197 0.8525924682617188
25.200000762939453 1.393366813659668 -0.38033005595207214 0.6385051012039185 -0.19027511775493622 0.3743814527988434 0.303590327501297 0.8552583456039429
25.233333587646484 1.3842942714691162 -0.3826156556606293 0.6271180510520935 -0.18456055223941803 0.3720077574253082 0.3027685582637787 0.857833743095398
25.266666412353516 1.3743611574172974 -0.38642215728759766 0.6170092225074768 -0.18037642538547516 0.3705916106700897 0.3013063073158264 0.859849214553833
25.299999237060547 1.3619306087493896 -0.38823679089546204 0.6068946719169617 -0.17595802247524261 0.3690927028656006 0.29890817403793335 0.8622431755065918
25.33333396911621 1.3491966724395752 -0.3892165422439575 0.597300112247467 -0.17151230573654175 0.3670315146446228 0.296669065952301 0.864788293838501
25.366666793823242 1.336377501487732 -0.3914499580860138 0.5887861847877502 -0.16777271032333374 0.36495307087898254 0.293070524930954 0.8676239252090454
25.399999618530273 1.3209209442138672 -0.3925911486148834 0.5799838900566101 -0.16290782392024994 0.3626381754875183 0.28850388526916504 0.8710454702377319
25.433332443237305 1.305671215057373 -0.3934520184993744 0.5739210844039917 -0.15960165858268738 0.3602466285228729 0.2847374975681305 0.8738845586776733
25.46666717529297 1.2907544374465942 -0.3946962356567383 0.5685661435127258 -0.15809759497642517 0.3564502000808716 0.2818450629711151 0.8766480684280396
25.5 1.2749966382980347 -0.3941364288330078 0.5624058246612549 -0.15686707198619843 0.35116249322891235 0.27695852518081665 0.880551815032959
25.53333282470703 1.2585805654525757 -0.3898303508758545 0.5576431155204773 -0.1546545922756195 0.34663262963294983 0.2724526524543762 0.8841364979743958
25.566667556762695 1.2463163137435913 -0.3883434534072876 0.5580838918685913 -0.1570645123720169 0.3418608605861664 0.2653365135192871 0.8877266049385071
25.600000381469727 1.2263771295547485 -0.3859899342060089 0.5521147847175598 -0.1545107513666153 0.33839014172554016 0.25850147008895874 0.8915130496025085
25.633333206176758 1.2062445878982544 -0.38520684838294983 0.5463755130767822 -0.15186716616153717 0.33419671654701233 0.2513176202774048 0.8955938816070557
25.66666603088379 1.1850316524505615 -0.3831200897693634 0.5397258996963501 -0.14771269261837006 0.32911670207977295 0.2454250305891037 0.899794340133667
25.700000762939453 1.1645658016204834 -0.3829362690448761 0.5343427062034607 -0.14603902399539948 0.3245431184768677 0.23956917226314545 0.9033001065254211
25.733333587646484 1.1459516286849976 -0.3833899199962616 0.5297421216964722 -0.14508801698684692 0.3185497522354126 0.23560743033885956 0.9066227078437805
25.766666412353516 1.1266778707504272 -0.3832024037837982 0.5237799286842346 -0.14248023927211761 0.3118709623813629 0.2326805293560028 0.9101075530052185
25.799999237060547 1.1067759990692139 -0.3836633563041687 0.5170844197273254 -0.13894100487232208 0.30599841475486755 0.2301672101020813 0.9132817387580872
25.83333396911621 1.0862315893173218 -0.38607096672058105 0.5093250870704651 -0.13462772965431213 0.30074986815452576 0.22478221356868744 0.9170048832893372
25.866666793823242 1.0648655891418457 -0.3883630931377411 0.49979183077812195 -0.12909358739852905 0.29608240723609924 0.2194429636001587 0.9206057190895081
25.899999618530273 1.0454306602478027 -0.3924255669116974 0.49152588844299316 -0.12458600103855133 0.2909640967845917 0.2133086770772934 0.9242931008338928
25.933332443237305 1.0254130363464355 -0.3946785032749176 0.483545184135437 -0.12132149189710617 0.2846437990665436 0.20681601762771606 0.9281628131866455
25.96666717529297 1.0034310817718506 -0.3990507125854492 0.4762483239173889 -0.1216556653380394 0.2792169749736786 0.20049268007278442 0.9311500787734985
26.0 0.9921988844871521 -0.4019273519515991 0.469491571187973 -0.11990268528461456 0.27334195375442505 0.19688163697719574 0.9338870644569397
26.03333282470703 0.9695183038711548 -0.4040931463241577 0.45964980125427246 -0.11464939266443253 0.268134206533432 0.19215132296085358 0.9370365738868713
26.066667556762695 0.9506462216377258 -0.40790554881095886 0.4488649070262909 -0.11012966930866241 0.26138532161712646 0.18828117847442627 0.9402656555175781
26.100000381469727 0.9291542768478394 -0.4062652587890625 0.44086575508117676 -0.10375438630580902 0.25691208243370056 0.1833120882511139 0.943200945854187
26.133333206176758 0.9324700236320496 -0.4133951961994171 0.4337015151977539 -0.10092683881521225 0.24956466257572174 0.17538900673389435 0.9469794034957886
26.16666603088379 0.9135464429855347 -0.41480401158332825 0.4239948093891144 -0.09578762948513031 0.24352417886257172 0.1692248433828354 0.9502019286155701
26.200000762939453 0.8971169590950012 -0.41536208987236023 0.4138203561306 -0.08999162167310715 0.23609115183353424 0.16436581313610077 0.953491747379303
26.233333587646484 0.8788195848464966 -0.4159068763256073 0.40341776609420776 -0.0861298069357872 0.2283993661403656 0.16002203524112701 0.956456184387207
26.266666412353516 0.8638346791267395 -0.4138146638870239 0.39519745111465454 -0.08271405845880508 0.21990534663200378 0.1570485532283783 0.9592371582984924
26.299999237060547 0.8476623892784119 -0.4123849868774414 0.38683974742889404 -0.079600028693676 0.21129848062992096 0.15241312980651855 0.9621782898902893
26.33333396911621 0.8295880556106567 -0.4108908176422119 0.37984365224838257 -0.07818035036325455 0.2051374614238739 0.14577578008174896 0.9646532535552979
26.366666793823242 0.8125767707824707 -0.4076228439807892 0.37306541204452515 -0.07672549039125443 0.20083121955394745 0.1399696320295334 0.9665343165397644
26.399999618530273 0.794792652130127 -0.40584275126457214 0.3659125864505768 -0.07529735565185547 0.19480223953723907 0.1338515281677246 0.9687446355819702
26.433332443237305 0.7782871127128601 -0.40090838074684143 0.3599231541156769 -0.07250746339559555 0.18689709901809692 0.12865065038204193 0.9712163209915161
26.46666717529297 0.7583739757537842 -0.39798229932785034 0.3515138626098633 -0.07020676136016846 0.17816925048828125 0.12386223673820496 0.9736451506614685
26.5 0.7480185627937317 -0.3919413089752197 0.3465522229671478 -0.06707895547151566 0.1684339940547943 0.12086474150419235 0.9759724140167236
26.53333282470703 0.7292379140853882 -0.38774430751800537 0.3395959436893463 -0.06622469425201416 0.16147784888744354 0.11642880737781525 0.9777441024780273
26.566667556762695 0.7147295475006104 -0.3831064999103546 0.33131247758865356 -0.06586050987243652 0.15467965602874756 0.11274628341197968 0.9792982339859009
26.600000381469727 0.7026221752166748 -0.3807211220264435 0.3237006664276123 -0.06556917726993561 0.14642123878002167 0.10938525199890137 0.9809670448303223
26.633333206176758 0.6856275796890259 -0.37782779335975647 0.31346264481544495 -0.06435441970825195 0.1379723846912384 0.10545658320188522 0.9827008843421936
26.66666603088379 0.6755217909812927 -0.3733575642108917 0.3057239353656769 -0.062479231506586075 0.12914824485778809 0.10468440502882004 0.9841027855873108
26.700000762939453 0.6620638966560364 -0.36686134338378906 0.29063141345977783 -0.06041182950139046 0.11803112179040909 0.10155311226844788 0.9859544038772583
26.733333587646484 0.6484825015068054 -0.3604632616043091 0.28213632106781006 -0.058652084320783615 0.11114072054624557 0.09734536707401276 0.9872850179672241
26.766666412353516 0.6362690925598145 -0.3547721803188324 0.27521052956581116 -0.058035194873809814 0.10618797689676285 0.09370678663253784 0.9882181286811829
26.799999237060547 0.6241121292114258 -0.35080423951148987 0.26781246066093445 -0.05781704559922218 0.10085748136043549 0.08872012794017792 0.989249050617218
26.83333396911621 0.6110705137252808 -0.3464999198913574 0.2592829465866089 -0.057594627141952515 0.0943039059638977 0.08432918041944504 0.9902920722961426
26.866666793823242 0.600838303565979 -0.3388243317604065 0.2506861090660095 -0.05609345808625221 0.08713622391223907 0.08160007745027542 0.9912629723548889
26.899999618530273 0.5894495844841003 -0.33516108989715576 0.24170131981372833 -0.055595528334379196 0.08011714369058609 0.07806447893381119 0.9921675324440002
26.933332443237305 0.5812830328941345 -0.33316391706466675 0.23097926378250122 -0.054967090487480164 0.07206901162862778 0.07386388629674911 0.9931409358978271
26.96666717529297 0.571346640586853 -0.3265575170516968 0.22315573692321777 -0.05286109074950218 0.06544481217861176 0.07027862221002579 0.9939737319946289
27.0 0.5605404376983643 -0.3214186728000641 0.21309076249599457 -0.05152412876486778 0.05831005051732063 0.0669991672039032 0.9947142004966736
27.03333282470703 0.5489940047264099 -0.31612977385520935 0.2047576606273651 -0.048497274518013 0.05284885689616203 0.06527818739414215 0.9952858090400696
27.066667556762695 0.5420960783958435 -0.31104645133018494 0.1950690597295761 -0.046058375388383865 0.047794975340366364 0.06220521032810211 0.995853841304779
27.100000381469727 0.5304805040359497 -0.3035498559474945 0.1842155009508133 -0.043596066534519196 0.04391224682331085 0.05781778320670128 0.9964077472686768
27.133333206176758 0.5236954092979431 -0.2991459369659424 0.1706756055355072 -0.04231254383921623 0.0386316291987896 0.051901571452617645 0.9970073103904724
27.16666603088379 0.5173603892326355 -0.29204079508781433 0.1633155643939972 -0.03919118642807007 0.03418555483222008 0.05079792067408562 0.9973540902137756
27.200000762939453 0.5092085003852844 -0.28804832696914673 0.14867626130580902 -0.038089267909526825 0.025341611355543137 0.048768579959869385 0.9977617859840393
27.233333587646484 0.5027548670768738 -0.2778530716896057 0.1392012983560562 -0.033510513603687286 0.015805747359991074 0.04713119566440582 0.9982013702392578
27.266666412353516 0.4962800145149231 -0.2724912464618683 0.1269541084766388 -0.03150681033730507 0.009919353760778904 0.043835967779159546 0.9984925985336304
27.299999237060547 0.49654895067214966 -0.26978233456611633 0.11814853549003601 -0.03111308068037033 0.0019341917941346765 0.03933482989668846 0.9987397193908691
27.33333396911621 0.48370030522346497 -0.259356826543808 0.10927297919988632 -0.02837773971259594 -0.00584670715034008 0.03499500826001167 0.9989674091339111
27.366666793823242 0.47779735922813416 -0.2559724748134613 0.1053413450717926 -0.028138497844338417 -0.013546278700232506 0.026348229497671127 0.999164879322052
27.399999618530273 0.46873539686203003 -0.2478458136320114 0.09632718563079834 -0.025489442050457 -0.0199317317456007 0.018338602036237717 0.999308168888092
27.433332443237305 0.459753155708313 -0.23962996900081635 0.08625035732984543 -0.02215728536248207 -0.026753094047307968 0.0085467379540205 0.9993599057197571
27.46666717529297 0.453197181224823 -0.23155301809310913 0.07648396492004395 -0.017496991902589798 -0.03420815244317055 -0.0006874226965010166 0.9992613196372986
27.5 0.4443472921848297 -0.22405722737312317 0.0647917315363884 -0.012679282575845718 -0.040245767682790756 -0.007307269610464573 0.9990826845169067
27.53333282470703 0.43697068095207214 -0.2186557948589325 0.05297261103987694 -0.00849953107535839 -0.04976177588105202 -0.013477158732712269 0.9986340999603271
27.566667556762695 0.4281599223613739 -0.21196871995925903 0.04177838936448097 -0.004046033136546612 -0.05922820419073105 -0.020834695547819138 0.9980188012123108
27.600000381469727 0.41847020387649536 -0.20610196888446808 0.03099833056330681 -0.0011250119423493743 -0.06462643295526505 -0.02772330306470394 0.9975237846374512
27.633333206176758 0.41124242544174194 -0.19840465486049652 0.021528033539652824 0.0025364698376506567 -0.06802169978618622 -0.03396882116794586 0.9971022009849548
27.66666603088379 0.40382927656173706 -0.19161628186702728 0.01220407709479332 0.005039948970079422 -0.07005086541175842 -0.03915233537554741 0.9967620372772217
27.700000762939453 0.3982621431350708 -0.18770258128643036 0.004411805421113968 0.005061281844973564 -0.07088972628116608 -0.04333169385790825 0.9965296983718872
27.733333587646484 0.3922334313392639 -0.180036261677742 -0.0052063846960663795 0.005487852264195681 -0.07216214388608932 -0.04623452201485634 0.9963056445121765
27.766666412353516 0.38633278012275696 -0.1717374324798584 -0.012441210448741913 0.005092448554933071 -0.07413645833730698 -0.047954119741916656 0.9960814118385315
27.799999237060547 0.37940019369125366 -0.1628006249666214 -0.019760549068450928 0.003992091864347458 -0.0766289085149765 -0.049667440354824066 0.9958138465881348
27.83333396911621 0.3774988055229187 -0.1579618602991104 -0.02784881554543972 0.001928552403114736 -0.08143968880176544 -0.05076305568218231 0.9953829050064087
27.866666793823242 0.3731652796268463 -0.15076574683189392 -0.034257031977176666 0.001974276499822736 -0.08458580076694489 -0.050477538257837296 0.9951348304748535
27.899999618530273 0.3714365065097809 -0.1427154541015625 -0.04159904643893242 0.0008312430582009256 -0.08759837597608566 -0.050307419151067734 0.9948844313621521
27.933332443237305 0.3697444200515747 -0.13557849824428558 -0.04786309599876404 -0.0020879635121673346 -0.09066566824913025 -0.049259305000305176 0.9946602582931519
27.96666717529297 0.3683592975139618 -0.13103868067264557 -0.05220811069011688 -0.004765909165143967 -0.09400440007448196 -0.04788299649953842 0.9944081902503967
28.0 0.3688827455043793 -0.1246149092912674 -0.05846894904971123 -0.006970628164708614 -0.09542162716388702 -0.04783259704709053 0.9942626357078552
28.03333282470703 0.36862510442733765 -0.11586573719978333 -0.0641680583357811 -0.007626980077475309 -0.09564529359340668 -0.04821445792913437 0.9942178726196289
28.066667556762695 0.37079742550849915 -0.11290077120065689 -0.0699567049741745 -0.00829628948122263 -0.09790675342082977 -0.04682209715247154 0.9940589070320129
28.100000381469727 0.3714391589164734 -0.10890675336122513 -0.07777191698551178 -0.007154358550906181 -0.10111343115568161 -0.044102590531110764 0.9938712120056152
28.133333206176758 0.3745456039905548 -0.1047675684094429 -0.08395939320325851 -0.004962981212884188 -0.10463951528072357 -0.04172675311565399 0.9936221241950989
28.16666603088379 0.3755906820297241 -0.1016986072063446 -0.08909671008586884 -0.0040424116887152195 -0.10617029666900635 -0.04050111025571823 0.9935145378112793
28.200000762939453 0.3763158321380615 -0.09880335628986359 -0.09317789226770401 -0.003952137194573879 -0.10726576298475266 -0.04013209044933319 0.9934122562408447
28.233333587646484 0.37823155522346497 -0.0988910049200058 -0.09563544392585754 -0.005388977471739054 -0.10882186889648438 -0.04086528345942497 0.9932063221931458
28.266666412353516 0.3770752549171448 -0.09712855517864227 -0.09627416729927063 -0.00709457416087389 -0.10922423005104065 -0.04333210736513138 0.9930469393730164
28.299999237060547 0.3750506341457367 -0.09419547766447067 -0.09863162785768509 -0.007637841627001762 -0.10958847403526306 -0.04571518301963806 0.9928958415985107
28.33333396911621 0.3709995150566101 -0.09397771209478378 -0.09880995750427246 -0.007400575093924999 -0.10835083574056625 -0.04840698838233948 0.9929059743881226
28.366666793823242 0.3697904944419861 -0.09311799705028534 -0.09891367703676224 -0.006136639043688774 -0.1087140440940857 -0.05047981068491936 0.992771565914154
28.399999618530273 0.3674134314060211 -0.09267774969339371 -0.09873258322477341 -0.005127175245434046 -0.10919799655675888 -0.051088012754917145 0.9926930665969849
28.433332443237305 0.36608898639678955 -0.09352853894233704 -0.09607533365488052 -0.004640878178179264 -0.10802402347326279 -0.05071590095758438 0.992842972278595
28.46666717529297 0.3657642602920532 -0.09712660312652588 -0.09303025156259537 -0.005653198808431625 -0.10408059507608414 -0.05045925825834274 0.9932720065116882
28.5 0.362824410200119 -0.09744291752576828 -0.08782405406236649 -0.006832253187894821 -0.09923332184553146 -0.05182402580976486 0.9936902523040771
28.53333282470703 0.35893014073371887 -0.10161519050598145 -0.08201934397220612 -0.009101680479943752 -0.09740966558456421 -0.054081786423921585 0.993732213973999
28.566667556762695 0.3550974726676941 -0.10216560959815979 -0.07596711814403534 -0.008659941144287586 -0.09730090945959091 -0.055590007454156876 0.9936636090278625
28.600000381469727 0.3499718904495239 -0.10513544082641602 -0.06717216223478317 -0.00859155785292387 -0.0970754399895668 -0.055469710379838943 0.993692934513092
28.633333206176758 0.34882575273513794 -0.10817280411720276 -0.05823041871190071 -0.008836488239467144 -0.09715981781482697 -0.055878620594739914 0.9936596751213074
28.66666603088379 0.3425356447696686 -0.10968919098377228 -0.04702306166291237 -0.008749572560191154 -0.09421718865633011 -0.056375328451395035 0.9939157366752625
28.700000762939453 0.3431498408317566 -0.1161685362458229 -0.03529186174273491 -0.011004279367625713 -0.0938100665807724 -0.05585336312651634 0.9939612746238708
28.733333587646484 0.34012749791145325 -0.1218688115477562 -0.021133821457624435 -0.013306258246302605 -0.09400711953639984 -0.05292153358459473 0.9940749406814575
28.766666412353516 0.3388237953186035 -0.12709371745586395 -0.008901657536625862 -0.015750965103507042 -0.09511445462703705 -0.05022316798567772 0.9940738677978516
28.799999237060547 0.33790403604507446 -0.13377875089645386 0.004045793320983648 -0.017408473417162895 -0.09540611505508423 -0.04761253297328949 0.9941467046737671
28.83333396911621 0.3417760729789734 -0.1415003538131714 0.016641417518258095 -0.018002638593316078 -0.09618163108825684 -0.04517805203795433 0.9941750168800354
28.866666793823242 0.34615224599838257 -0.1508910357952118 0.02828635461628437 -0.019617846235632896 -0.09649019688367844 -0.043798547238111496 0.9941763281822205
28.899999618530273 0.34482720494270325 -0.15530411899089813 0.041868049651384354 -0.020206347107887268 -0.09459398686885834 -0.0415034294128418 0.9944452047348022
28.933332443237305 0.3475080132484436 -0.16349494457244873 0.05706721544265747 -0.022386688739061356 -0.09468469023704529 -0.03858308121562004 0.9945074915885925
28.96666717529297 0.34610024094581604 -0.1692858189344406 0.06981910765171051 -0.023715320974588394 -0.09375901520252228 -0.036766745150089264 0.9946331977844238
29.0 0.34813469648361206 -0.1742151379585266 0.08341522514820099 -0.02436869964003563 -0.09310182929039001 -0.03511039912700653 0.9947389364242554
29.03333282470703 0.35213446617126465 -0.1813092678785324 0.09563349932432175 -0.025439299643039703 -0.09314125031232834 -0.03383254632353783 0.9947527050971985
29.066667556762695 0.3515155017375946 -0.18507562577724457 0.10989116132259369 -0.02526729181408882 -0.09220988303422928 -0.03264700621366501 0.9948834180831909
29.100000381469727 0.3516252934932709 -0.18819834291934967 0.12176864594221115 -0.0248839370906353 -0.09238976240158081 -0.03192976489663124 0.9948996901512146
29.133333206176758 0.3496142327785492 -0.19172506034374237 0.13462992012500763 -0.02486417442560196 -0.09167773276567459 -0.03135426715016365 0.9949843287467957
29.16666603088379 0.3498474657535553 -0.19599735736846924 0.14823824167251587 -0.026283714920282364 -0.09166502207517624 -0.029540127143263817 0.9950045943260193
29.200000762939453 0.3484821915626526 -0.198481947183609 0.16297492384910583 -0.027140488848090172 -0.09286515414714813 -0.02705219015479088 0.9949410557746887
29.233333587646484 0.34847164154052734 -0.20091350376605988 0.177642360329628 -0.02814522199332714 -0.09459143131971359 -0.026526890695095062 0.9947646856307983
29.266666412353516 0.34863775968551636 -0.20399978756904602 0.1896175891160965 -0.02940262109041214 -0.09389663487672806 -0.026682216674089432 0.9947899580001831
29.299999237060547 0.3480072617530823 -0.2077644020318985 0.20048105716705322 -0.030525024980306625 -0.09379010647535324 -0.02521212212741375 0.9948045611381531
29.33333396911621 0.34738805890083313 -0.209969162940979 0.21255598962306976 -0.030901534482836723 -0.09686711430549622 -0.023326508700847626 0.9945440292358398
29.366666793823242 0.34435489773750305 -0.21246220171451569 0.22173099219799042 -0.03189173340797424 -0.09752944111824036 -0.023548634722828865 0.9944427609443665
29.399999618530273 0.34092238545417786 -0.21455135941505432 0.23117969930171967 -0.03342331573367119 -0.09652172029018402 -0.024900535121560097 0.9944578409194946
29.433332443237305 0.3391984701156616 -0.21792717278003693 0.24103207886219025 -0.03565946966409683 -0.09715813398361206 -0.026386212557554245 0.9942798614501953
29.46666717529297 0.33583909273147583 -0.21900343894958496 0.24914175271987915 -0.03619655594229698 -0.09789558500051498 -0.02645464614033699 0.9941863417625427
29.5 0.33524563908576965 -0.21992148458957672 0.25975778698921204 -0.037258394062519073 -0.10080767422914505 -0.025421706959605217 0.9938830137252808
29.53333282470703 0.3310985565185547 -0.22110052406787872 0.2704150676727295 -0.039907731115818024 -0.1016089990735054 -0.02549581602215767 0.9936965703964233
29.566667556762695 0.3275586664676666 -0.22246699035167694 0.27901503443717957 -0.04211920127272606 -0.10107620805501938 -0.026195675134658813 0.9936414957046509
29.600000381469727 0.32525303959846497 -0.22304314374923706 0.2882414758205414 -0.04360527545213699 -0.10291454195976257 -0.02616562880575657 0.9933894872665405
29.633333206176758 0.3222406804561615 -0.2241154909133911 0.2950500249862671 -0.04438934475183487 -0.10598388314247131 -0.027426596730947495 0.992997944355011
29.66666603088379 0.31829896569252014 -0.22467392683029175 0.3019263446331024 -0.04427897557616234 -0.1082766205072403 -0.029069330543279648 0.992708683013916
29.700000762939453 0.31474068760871887 -0.22550217807292938 0.3090816140174866 -0.045162227004766464 -0.11015592515468597 -0.029944803565740585 0.9924360513687134
29.733333587646484 0.3103162944316864 -0.22592061758041382 0.3155510127544403 -0.04588984325528145 -0.11160282790660858 -0.03300262987613678 0.9921441078186035
29.766666412353516 0.30405107140541077 -0.2233436405658722 0.31636983156204224 -0.04419279471039772 -0.10936098545789719 -0.03540237620472908 0.9923879504203796
29.799999237060547 0.3029111623764038 -0.22055532038211823 0.3224305212497711 -0.04092596471309662 -0.1069631278514862 -0.036682743579149246 0.9927428364753723
29.83333396911621 0.3020985424518585 -0.2167094349861145 0.32878240942955017 -0.03771858662366867 -0.10675353556871414 -0.03774673119187355 0.9928525686264038
29.866666793823242 0.2998799979686737 -0.21426312625408173 0.33519482612609863 -0.035863060504198074 -0.10800883919000626 -0.03831290081143379 0.992763876914978
29.899999618530273 0.291145384311676 -0.2312500923871994 0.34361451864242554 -0.04352092742919922 -0.10756660252809525 -0.04086485877633095 0.9924038648605347
29.933332443237305 0.28649550676345825 -0.2363545447587967 0.3497878909111023 -0.05034852772951126 -0.10733776539564133 -0.042599860578775406 0.9920327067375183
29.96666717529297 0.2860637903213501 -0.23535843193531036 0.3550838530063629 -0.0509355403482914 -0.10847300291061401 -0.04263904318213463 0.991877555847168
30.0 0.28571268916130066 -0.23198957741260529 0.36006516218185425 -0.04817398265004158 -0.10947390645742416 -0.041589394211769104 0.9919501543045044
30.03333282470703 0.28322914242744446 -0.23698729276657104 0.36572274565696716 -0.05083315446972847 -0.10982467234134674 -0.041722994297742844 0.9917730093002319
30.066667556762695 0.28138676285743713 -0.2433631718158722 0.36921608448028564 -0.05382879823446274 -0.10969208180904388 -0.043024513870477676 0.9915740489959717
30.100000381469727 0.28060466051101685 -0.24371279776096344 0.37233418226242065 -0.0526883639395237 -0.10869541019201279 -0.04425489157438278 0.9916908740997314
30.133333206176758 0.28123795986175537 -0.2449655830860138 0.37429913878440857 -0.0516975112259388 -0.10581710189580917 -0.04632992669939995 0.9919595122337341
30.16666603088379 0.2835274934768677 -0.24708446860313416 0.377401202917099 -0.05080897733569145 -0.10208383202552795 -0.0476677380502224 0.9923332333564758
30.200000762939453 0.28386449813842773 -0.24792681634426117 0.37703579664230347 -0.05015343800187111 -0.09852615743875504 -0.04801590368151665 0.9927093386650085
30.233333587646484 0.2863811254501343 -0.24881280958652496 0.3786557614803314 -0.04991975426673889 -0.09857571870088577 -0.045940957963466644 0.9928143620491028
30.266666412353516 0.29016557335853577 -0.24694770574569702 0.3803212344646454 -0.04774235561490059 -0.10074198991060257 -0.04325159266591072 0.9928248524665833
30.299999237060547 0.29169762134552 -0.24721337854862213 0.37934479117393494 -0.04706427454948425 -0.10174455493688583 -0.04102831706404686 0.9928492903709412
30.33333396911621 0.29192569851875305 -0.24736429750919342 0.3786575496196747 -0.046439945697784424 -0.10146161168813705 -0.03972413018345833 0.9929606914520264
30.366666793823242 0.29182127118110657 -0.24790549278259277 0.37769386172294617 -0.04639308154582977 -0.1022198498249054 -0.039460256695747375 0.9928956627845764
30.399999618530273 0.2921634018421173 -0.24864470958709717 0.3760546147823334 -0.04630744084715843 -0.10526657849550247 -0.039790038019418716 0.9925680756568909
30.433332443237305 0.29100483655929565 -0.24973824620246887 0.3732244372367859 -0.045979831367731094 -0.1084350124001503 -0.040459804236888885 0.992215096950531
30.46666717529297 0.28690391778945923 -0.24989323318004608 0.37032389640808105 -0.045492444187402725 -0.11183547973632812 -0.04166842997074127 0.9918099641799927
30.5 0.28331226110458374 -0.24921461939811707 0.36730822920799255 -0.04531056061387062 -0.11810773611068726 -0.042014963924884796 0.9910763502120972
30.53333282470703 0.27958378195762634 -0.2506582736968994 0.3620360195636749 -0.04633914306759834 -0.128077432513237 -0.042104579508304596 0.98978590965271
30.566667556762695 0.2752770185470581 -0.25039294362068176 0.35690173506736755 -0.044904567301273346 -0.13886797428131104 -0.043133050203323364 0.988351583480835
30.600000381469727 0.26940351724624634 -0.24982529878616333 0.3517996370792389 -0.042714398354291916 -0.14886732399463654 -0.0443900004029274 0.9869364500045776
30.633333206176758 0.25950926542282104 -0.24863599240779877 0.3470773994922638 -0.04066447541117668 -0.15803661942481995 -0.04621688649058342 0.9855124950408936
30.66666603088379 0.25073665380477905 -0.24759358167648315 0.33892136812210083 -0.03801232576370239 -0.16735105216503143 -0.048319488763809204 0.9839786291122437
30.700000762939453 0.2433432787656784 -0.24852409958839417 0.3321155905723572 -0.036013152450323105 -0.1770063042640686 -0.05180155113339424 0.9821856021881104
30.733333587646484 0.2354327291250229 -0.24867384135723114 0.3228074014186859 -0.03340652212500572 -0.1869775950908661 -0.054519280791282654 0.9802811145782471
30.766666412353516 0.22752854228019714 -0.25083693861961365 0.31288617849349976 -0.032360371202230453 -0.19907599687576294 -0.05675501003861427 0.9778038263320923
30.799999237060547 0.22061792016029358 -0.25062665343284607 0.30292800068855286 -0.03064289130270481 -0.21747232973575592 -0.05680449679493904 0.9739302396774292
30.83333396911621 0.22312495112419128 -0.24917176365852356 0.2984195053577423 -0.02726449817419052 -0.24275873601436615 -0.05584530904889107 0.9680940508842468
30.866666793823242 0.22130964696407318 -0.2491588443517685 0.2920246720314026 -0.02448943816125393 -0.25843870639801025 -0.05568568781018257 0.9641103744506836
30.899999618530273 0.21909597516059875 -0.2502795159816742 0.2853642404079437 -0.022137140855193138 -0.2740474045276642 -0.056373924016952515 0.9598073363304138
30.933332443237305 0.21683518588542938 -0.2518155872821808 0.2789952754974365 -0.019520126283168793 -0.2879420220851898 -0.058190010488033295 0.9556790590286255
30.96666717529297 0.21624508500099182 -0.25209060311317444 0.27419719099998474 -0.016163824126124382 -0.297744482755661 -0.06077297776937485 0.9525721073150635
31.0 0.21483568847179413 -0.25261741876602173 0.2698654234409332 -0.013069667853415012 -0.30440595746040344 -0.06298991292715073 0.9503676295280457
31.03333282470703 0.2156282663345337 -0.25341254472732544 0.26755890250205994 -0.011197354644536972 -0.31167617440223694 -0.0648883730173111 0.947904109954834
31.066667556762695 0.2139475792646408 -0.25518563389778137 0.26261141896247864 -0.010383473709225655 -0.31750786304473877 -0.06679355353116989 0.9458433389663696
31.100000381469727 0.2150260955095291 -0.2554974853992462 0.260932594537735 -0.00883868895471096 -0.3253253102302551 -0.06828649342060089 0.943091869354248
31.133333206176758 0.21627198159694672 -0.25508570671081543 0.25826123356819153 -0.007772193755954504 -0.33363062143325806 -0.07051995396614075 0.9400304555892944
31.16666603088379 0.21741721034049988 -0.2546612024307251 0.25604698061943054 -0.0075620729476213455 -0.34367701411247253 -0.07293101400136948 0.9362211227416992
31.200000762939453 0.21833516657352448 -0.2535214424133301 0.25342002511024475 -0.007600782904773951 -0.35513371229171753 -0.07621321082115173 0.9316725730895996
31.233333587646484 0.21819715201854706 -0.25239139795303345 0.25110921263694763 -0.007582932244986296 -0.3646259307861328 -0.07982196658849716 0.9276954531669617
31.266666412353516 0.21717894077301025 -0.2514320909976959 0.24816857278347015 -0.007782902102917433 -0.37070226669311523 -0.08460011333227158 0.9248578548431396
31.299999237060547 0.2199143022298813 -0.24879767000675201 0.2495787888765335 -0.007574493996798992 -0.3781416118144989 -0.08899887651205063 0.9214286208152771
31.33333396911621 0.21974872052669525 -0.24707038700580597 0.24560607969760895 -0.007251471281051636 -0.38215917348861694 -0.09349607676267624 0.9193260669708252
31.366666793823242 0.2200881689786911 -0.2465229481458664 0.24224433302879333 -0.006739987526088953 -0.3858431279659271 -0.096783347427845 0.9174489974975586
31.399999618530273 0.22393491864204407 -0.24456416070461273 0.2425522357225418 -0.003963257186114788 -0.39466384053230286 -0.0998164489865303 0.9133791923522949
31.433332443237305 0.2275756150484085 -0.24327977001667023 0.24059204757213593 -0.0031607707496732473 -0.40662917494773865 -0.10104712843894958 0.9079824686050415
31.46666717529297 0.2280433475971222 -0.24054037034511566 0.23913942277431488 -0.0020263430196791887 -0.4183921217918396 -0.10297044366598129 0.9024085402488708
31.5 0.2322019785642624 -0.23853716254234314 0.23840390145778656 -0.0001279479474760592 -0.43066710233688354 -0.10312182456254959 0.896600067615509
31.53333282470703 0.2366311252117157 -0.23582419753074646 0.23578229546546936 0.0037258302327245474 -0.43821415305137634 -0.10300587117671967 0.892941415309906
31.566667556762695 0.2405187040567398 -0.23441344499588013 0.23384641110897064 0.007370222359895706 -0.44130563735961914 -0.10377819091081619 0.8913053274154663
31.600000381469727 0.24338027834892273 -0.2340252846479416 0.23152779042720795 0.011343170888721943 -0.44389215111732483 -0.10696931928396225 0.8896003365516663
31.633333206176758 0.24461345374584198 -0.2335999608039856 0.2283841222524643 0.01475381851196289 -0.44564491510391235 -0.11183740198612213 0.8880739808082581
31.66666603088379 0.24476774036884308 -0.23320788145065308 0.22525553405284882 0.017621932551264763 -0.4466036558151245 -0.11718840152025223 0.8868492245674133
31.700000762939453 0.24378511309623718 -0.23281481862068176 0.22113600373268127 0.019773781299591064 -0.44779500365257263 -0.12297209352254868 0.8854188323020935
31.733333587646484 0.24126620590686798 -0.23289331793785095 0.21725313365459442 0.020515387877821922 -0.44904860854148865 -0.12778842449188232 0.8840841054916382
31.766666412353516 0.2383207231760025 -0.23256495594978333 0.21340003609657288 0.02098149061203003 -0.4496612846851349 -0.13129796087741852 0.8832470178604126
31.799999237060547 0.23551270365715027 -0.23292957246303558 0.21111570298671722 0.020101558417081833 -0.45090344548225403 -0.13259325921535492 0.8824403882026672
31.83333396911621 0.23124061524868011 -0.23215492069721222 0.20790526270866394 0.018579784780740738 -0.4525032043457031 -0.13193893432617188 0.8817527294158936
31.866666793823242 0.22784343361854553 -0.23122762143611908 0.2058524489402771 0.017134325578808784 -0.455202579498291 -0.13107255101203918 0.8805208802223206
31.899999618530273 0.2228982150554657 -0.22910712659358978 0.20203661918640137 0.015495569445192814 -0.45663687586784363 -0.13025809824466705 0.87992924451828
31.933332443237305 0.2179124504327774 -0.22537274658679962 0.19755280017852783 0.014031197875738144 -0.45847272872924805 -0.13054263591766357 0.8789564371109009
31.96666717529297 0.21373608708381653 -0.22215452790260315 0.1936226636171341 0.012674042955040932 -0.4600954055786133 -0.13186758756637573 0.8779308795928955
32.0 0.20596882700920105 -0.2169823795557022 0.18647104501724243 0.012030063197016716 -0.46035176515579224 -0.1324554830789566 0.8777169585227966
32.03333282470703 0.19789457321166992 -0.21272176504135132 0.17810039222240448 0.011735580861568451 -0.46183133125305176 -0.13209722936153412 0.8769974112510681
32.06666564941406 0.18879824876785278 -0.2075859010219574 0.1697048544883728 0.013036731630563736 -0.4637540876865387 -0.13105125725269318 0.8761208057403564
32.099998474121094 0.17974385619163513 -0.2037266343832016 0.16099385917186737 0.013346180319786072 -0.46591463685035706 -0.12951219081878662 0.8751983642578125
32.13333511352539 0.17022919654846191 -0.20190444588661194 0.1511198729276657 0.011370372958481312 -0.46767085790634155 -0.13008511066436768 0.8742040395736694
32.16666793823242 0.1606389284133911 -0.20003266632556915 0.14439500868320465 0.010388966649770737 -0.4693755507469177 -0.13311582803726196 0.8728452920913696
32.20000076293945 0.14905157685279846 -0.19826777279376984 0.13431081175804138 0.009758762083947659 -0.4703649580478668 -0.13726072013378143 0.8716772198677063
32.233333587646484 0.13617944717407227 -0.1949559450149536 0.12170834839344025 0.009295721538364887 -0.4702766537666321 -0.14071187376976013 0.8711795210838318
32.266666412353516 0.12585344910621643 -0.19323019683361053 0.11277367174625397 0.009205584414303303 -0.47248661518096924 -0.14356446266174316 0.8695177435874939
32.29999923706055 0.11140687018632889 -0.1894722431898117 0.10151045024394989 0.009799972176551819 -0.47426092624664307 -0.1449541449546814 0.8683138489723206
32.33333206176758 0.09674648195505142 -0.18463733792304993 0.08955191820859909 0.00932252686470747 -0.476249098777771 -0.1449938416481018 0.8672235608100891
32.36666488647461 0.08467356115579605 -0.179989293217659 0.08370500057935715 0.007297740317881107 -0.4791880249977112 -0.14505065977573395 0.8656130433082581
32.400001525878906 0.07026320695877075 -0.17345087230205536 0.0702180340886116 0.0038671561051160097 -0.4813885986804962 -0.14522306621074677 0.8643844127655029
32.43333435058594 0.04285997897386551 -0.15878640115261078 0.04750610888004303 0.002469933358952403 -0.48584863543510437 -0.14541824162006378 0.8618575930595398
32.46666717529297 0.030899109318852425 -0.1537446230649948 0.03872491419315338 -0.00023225914628710598 -0.4858807921409607 -0.14474265277385712 0.861956775188446
32.5 0.01972716860473156 -0.14675167202949524 0.02555340901017189 -0.0014969733310863376 -0.4868690073490143 -0.14353033900260925 0.8616004586219788
32.53333282470703 0.010674049146473408 -0.1400400996208191 0.01691429689526558 -0.001953449100255966 -0.4890746772289276 -0.14259187877178192 0.8605055212974548
32.56666564941406 0.002135302172973752 -0.13436022400856018 0.009686308912932873 -0.00237426464445889 -0.4903573989868164 -0.14153510332107544 0.8599487543106079
32.599998474121094 -0.007391977123916149 -0.12947994470596313 0.004437078721821308 -0.0031698087695986032 -0.49109840393066406 -0.13988973200321198 0.8597925305366516
32.63333511352539 -0.015412095002830029 -0.1246395856142044 -0.002486838260665536 -0.003784193890169263 -0.49003711342811584 -0.13811904191970825 0.860681414604187
32.66666793823242 -0.022335544228553772 -0.12111370265483856 -0.007998449727892876 -0.004704501014202833 -0.48806530237197876 -0.13563261926174164 0.8621914386749268
32.70000076293945 -0.028504053130745888 -0.11737149208784103 -0.014181608334183693 -0.0050560967065393925 -0.48635128140449524 -0.13235829770565033 0.8636655807495117
32.733333587646484 -0.03399251028895378 -0.11467846482992172 -0.01809236779808998 -0.005358475260436535 -0.48575860261917114 -0.12897340953350067 0.8645089864730835
32.766666412353516 -0.039835117757320404 -0.11079198867082596 -0.026059377938508987 -0.0056647430174052715 -0.48458197712898254 -0.1262774020433426 0.86556476354599
32.79999923706055 -0.04361797496676445 -0.10833480954170227 -0.030129479244351387 -0.006557060871273279 -0.48311948776245117 -0.12346339225769043 0.8667810559272766
32.83333206176758 -0.04738806188106537 -0.10477405786514282 -0.03744736686348915 -0.007066532038152218 -0.4798522889614105 -0.1189667135477066 0.8692173957824707
32.86666488647461 -0.05136159062385559 -0.10148546099662781 -0.046345606446266174 -0.007348814979195595 -0.47678136825561523 -0.1137436032295227 0.871600866317749
32.900001525878906 -0.055656686425209045 -0.09984138607978821 -0.05061807855963707 -0.0077935270965099335 -0.4750262498855591 -0.10838364064693451 0.8732367753982544
32.93333435058594 -0.060801345854997635 -0.0956614762544632 -0.057660263031721115 -0.007006105035543442 -0.47161540389060974 -0.10393207520246506 0.8756300806999207
32.96666717529297 -0.06547045707702637 -0.09205518662929535 -0.06287626922130585 -0.00660377461463213 -0.467593789100647 -0.10013388842344284 0.8782287240028381
33.0 -0.0645383894443512 -0.09026366472244263 -0.0670425146818161 -0.0058449734933674335 -0.46380358934402466 -0.09641959518194199 0.8806562423706055
33.03333282470703 -0.06916780769824982 -0.08488371223211288 -0.07254558056592941 -0.005084635689854622 -0.4594380855560303 -0.09207334369421005 0.8834100961685181
33.06666564941406 -0.07756416499614716 -0.07820539176464081 -0.08206731826066971 -0.0051477206870913506 -0.4520217478275299 -0.08850348740816116 0.8875905871391296
33.099998474121094 -0.080867238342762 -0.07246121019124985 -0.08525996655225754 -0.006491109728813171 -0.4470839202404022 -0.08590464293956757 0.8903338313102722
33.13333511352539 -0.08914598822593689 -0.062006764113903046 -0.09559136629104614 -0.006570278201252222 -0.4421462118625641 -0.08468151092529297 0.8929124474525452
33.16666793823242 -0.09285493940114975 -0.054513946175575256 -0.09832769632339478 -0.00641274219378829 -0.43784192204475403 -0.08572530001401901 0.8949326872825623
33.20000076293945 -0.0921754240989685 -0.05420863255858421 -0.08979379385709763 -0.008382090367376804 -0.4354221224784851 -0.08736134320497513 0.8959382176399231
33.233333587646484 -0.08689405024051666 -0.05293503776192665 -0.08273886144161224 -0.009873085655272007 -0.4339841306209564 -0.08972840011119843 0.8963867425918579
33.266666412353516 -0.09332383424043655 -0.0429549366235733 -0.0918683260679245 -0.009431462734937668 -0.4281885027885437 -0.09146509319543839 0.8989993929862976
33.29999923706055 -0.0974031612277031 -0.03541947156190872 -0.09510945528745651 -0.00871542189270258 -0.4235442280769348 -0.09325183928012848 0.9010207653045654
33.33333206176758 -0.10443263500928879 -0.025310780853033066 -0.1015717089176178 -0.00769458245486021 -0.4197219908237457 -0.09396138787269592 0.9027432799339294
33.36666488647461 -0.1105789914727211 -0.015087339095771313 -0.10804594308137894 -0.007086407393217087 -0.41707494854927063 -0.09510154277086258 0.9038551449775696
33.400001525878906 -0.11380735784769058 -0.010143752209842205 -0.10882510989904404 -0.008457912132143974 -0.4160887897014618 -0.09667720645666122 0.9041306376457214
33.43333435058594 -0.1143757700920105 -0.007841940969228745 -0.10603257268667221 -0.011206738650798798 -0.4160865545272827 -0.0975724309682846 0.9040054678916931
33.46666717529297 -0.1160668134689331 -0.0013698636321350932 -0.10922357439994812 -0.012448718771338463 -0.41422683000564575 -0.09723220020532608 0.904879629611969
33.5 -0.11523859947919846 0.0043518817983567715 -0.10968188941478729 -0.01250175666064024 -0.41324010491371155 -0.0975639596581459 0.9052942395210266
33.53333282470703 -0.1179509162902832 0.009425971657037735 -0.10936717689037323 -0.011755786836147308 -0.41194185614585876 -0.09674706310033798 0.9059833288192749
33.56666564941406 -0.11670026183128357 0.010413897223770618 -0.11008425056934357 -0.011426330544054508 -0.4106069505214691 -0.09695607423782349 0.9065709710121155
33.599998474121094 -0.11763014644384384 0.010562129318714142 -0.106407530605793 -0.011894886381924152 -0.41097399592399597 -0.09871162474155426 0.9062091708183289
33.63333511352539 -0.11991187930107117 0.013586445711553097 -0.10585224628448486 -0.01232506986707449 -0.4100635051727295 -0.10035775601863861 0.906434953212738
33.66666793823242 -0.12514613568782806 0.018936051055788994 -0.10838088393211365 -0.012302873656153679 -0.40902677178382874 -0.10078932344913483 0.9068557620048523
33.70000076293945 -0.13038493692874908 0.027173738926649094 -0.10972601920366287 -0.011284701526165009 -0.40944284200668335 -0.10309961438179016 0.906421422958374
33.733333587646484 -0.13519291579723358 0.03151337429881096 -0.11460094153881073 -0.01015388872474432 -0.4078238904476166 -0.10522858053445816 0.9069198369979858
33.766666412353516 -0.13387514650821686 0.030942117795348167 -0.11863680928945541 -0.007768343202769756 -0.4068479537963867 -0.10618805140256882 0.9072698354721069
33.79999923706055 -0.13154491782188416 0.02897791378200054 -0.11903396248817444 -0.006592900957912207 -0.4080071449279785 -0.10737624764442444 0.9066184759140015
33.83333206176758 -0.1316005438566208 0.02417895197868347 -0.11726056784391403 -0.007041080389171839 -0.40838366746902466 -0.10886683315038681 0.9062677621841431
33.86666488647461 -0.13021746277809143 0.02802693285048008 -0.11995895951986313 -0.004629189148545265 -0.40611523389816284 -0.10911202430725098 0.9072726368904114
33.900001525878906 -0.13205093145370483 0.03200460597872734 -0.12325959652662277 -0.003376099979504943 -0.4039848744869232 -0.10740892589092255 0.9084317684173584
33.93333435058594 -0.1378932148218155 0.03746950998902321 -0.12440064549446106 -0.0033651827834546566 -0.40311160683631897 -0.1058931052684784 0.9089974164962769
33.96666717529297 -0.1343945562839508 0.032153885811567307 -0.12656395137310028 -0.0026802178472280502 -0.4022707939147949 -0.1075931265950203 0.9091726541519165
34.0 -0.13410016894340515 0.03373415023088455 -0.12873759865760803 -0.0006611981079913676 -0.4012252688407898 -0.10832333564758301 0.9095515012741089
34.03333282470703 -0.13784649968147278 0.037844397127628326 -0.12852337956428528 -0.00013527266855817288 -0.4013305902481079 -0.1093704029917717 0.9093798995018005
34.06666564941406 -0.1405252367258072 0.0413699597120285 -0.12945128977298737 0.0005561421276070178 -0.4018545150756836 -0.11159387975931168 0.9088781476020813
34.099998474121094 -0.14407217502593994 0.04336493834853172 -0.12897342443466187 0.0007507649715989828 -0.40159809589385986 -0.11287900805473328 0.9088326692581177
34.13333511352539 -0.14454948902130127 0.041927140206098557 -0.1285049468278885 0.001222621533088386 -0.401081919670105 -0.11428859829902649 0.9088838696479797
34.16666793823242 -0.14514535665512085 0.04522685706615448 -0.1321008801460266 0.003363460535183549 -0.3994706869125366 -0.11612025648355484 0.9093557596206665
34.20000076293945 -0.14649006724357605 0.04462436959147453 -0.13485577702522278 0.004508106503635645 -0.3984912931919098 -0.11921298503875732 0.9093804359436035
34.233333587646484 -0.14900796115398407 0.046914566308259964 -0.13833963871002197 0.005896386224776506 -0.39623594284057617 -0.12290334701538086 0.9098665714263916
34.266666412353516 -0.15787924826145172 0.050065018236637115 -0.14099039137363434 0.006074045784771442 -0.3948087990283966 -0.12780600786209106 0.9098103046417236
34.29999923706055 -0.1642272025346756 0.051327481865882874 -0.14193592965602875 0.004369817674160004 -0.39136072993278503 -0.13668258488178253 0.91001957654953
34.33333206176758 -0.1678656041622162 0.051387637853622437 -0.12993556261062622 -2.9714832635363564e-05 -0.38982993364334106 -0.14628393948078156 0.9091939330101013
34.36666488647461 -0.16942641139030457 0.0513179711997509 -0.12814942002296448 -0.0013803949113935232 -0.39126288890838623 -0.14683008193969727 0.9084890484809875
34.400001525878906 -0.16276389360427856 0.04964355379343033 -0.12427327781915665 -0.0004166849539615214 -0.3949839174747467 -0.14143437147140503 0.9077355265617371
34.43333435058594 -0.1616372913122177 0.04835246503353119 -0.12571953237056732 0.0009652668377384543 -0.39242446422576904 -0.13775868713855743 0.9094089865684509
34.46666717529297 -0.16382309794425964 0.047998346388339996 -0.12648087739944458 0.0005485370638780296 -0.3878152370452881 -0.14002160727977753 0.9110395908355713
34.5 -0.16518236696720123 0.049020878970623016 -0.1251910924911499 -0.0015238424530252814 -0.38721027970314026 -0.1414661705493927 0.9110724925994873
34.53333282470703 -0.16362789273262024 0.04740244895219803 -0.12469509989023209 -0.0009362539858557284 -0.387822687625885 -0.1393648386001587 0.9111366868019104
34.56666564941406 -0.16345737874507904 0.048838596791028976 -0.12556076049804688 -1.8461794752511196e-05 -0.38788551092147827 -0.13948370516300201 0.911092221736908
34.599998474121094 -0.16461871564388275 0.04881324991583824 -0.12497065216302872 -0.0011659852461889386 -0.3875049948692322 -0.14083191752433777 0.911046028137207
34.63333511352539 -0.16428647935390472 0.047416627407073975 -0.12484876066446304 -0.001270821550861001 -0.3875967860221863 -0.14007562398910522 0.911123514175415
34.66666793823242 -0.16394709050655365 0.048279084265232086 -0.12578646838665009 -0.00035457368358038366 -0.3876754343509674 -0.13998933136463165 0.9111040234565735
34.70000076293945 -0.16358689963817596 0.05002150684595108 -0.12373490631580353 -0.0007927923579700291 -0.3878547251224518 -0.14028577506542206 0.9109819531440735
34.733333587646484 -0.16427858173847198 0.04784441366791725 -0.1250845342874527 -0.0011530885240063071 -0.3876205086708069 -0.140191912651062 0.9110955595970154
34.766666412353516 -0.1643020510673523 0.047969553619623184 -0.12551291286945343 -0.0009356379159726202 -0.3876698315143585 -0.14038068056106567 0.9110459089279175
34.79999923706055 -0.16462697088718414 0.04885394871234894 -0.1248331218957901 -0.0013365803752094507 -0.38752272725105286 -0.14047887921333313 0.9110928177833557
34.83333206176758 -0.16453014314174652 0.047770727425813675 -0.12598943710327148 -0.0011269394308328629 -0.3874830901622772 -0.1404087394475937 0.9111207723617554
34.86666488647461 -0.1642785221338272 0.04835428297519684 -0.12500131130218506 -0.0010326711926609278 -0.3875974714756012 -0.14052625000476837 0.9110540151596069
34.900001525878906 -0.16416871547698975 0.048445239663124084 -0.12421834468841553 -0.0009977308800444007 -0.38772159814834595 -0.14057832956314087 0.9109933376312256
34.93333435058594 -0.16454242169857025 0.04786918684840202 -0.12553952634334564 -0.0011338881449773908 -0.38750895857810974 -0.1405039280653 0.9110950827598572
34.96666717529297 -0.16445912420749664 0.04900490865111351 -0.12490053474903107 -0.0013187098084017634 -0.38749513030052185 -0.14050202071666718 0.9111009836196899
35.0 -0.16394346952438354 0.04938559606671333 -0.12344115227460861 -0.0007798959268257022 -0.38789039850234985 -0.14074963331222534 0.9108952283859253
35.03333282470703 -0.16481700539588928 0.04829047992825508 -0.1253133863210678 -0.0011976571986451745 -0.3874429166316986 -0.140696182847023 0.9110934734344482
35.06666564941406 -0.16474124789237976 0.048624925315380096 -0.12490600347518921 -0.0010834579588845372 -0.38741856813430786 -0.14057181775569916 0.9111230969429016
35.099998474121094 -0.16424404084682465 0.04889748990535736 -0.12426265329122543 -0.00102229043841362 -0.387596994638443 -0.14053794741630554 0.9110525846481323
35.13333511352539 -0.16400615870952606 0.04923303425312042 -0.12414607405662537 -0.0011374413734301925 -0.38753339648246765 -0.1401902735233307 0.9111330509185791
35.16666793823242 -0.16290612518787384 0.050155557692050934 -0.12257806956768036 -0.00105550535954535 -0.387845903635025 -0.1398046612739563 0.9110593199729919
35.20000076293945 -0.16227826476097107 0.05079684033989906 -0.12153288722038269 -0.00042734979069791734 -0.3880297839641571 -0.13986153900623322 0.9109728932380676
35.233333587646484 -0.16236957907676697 0.049259066581726074 -0.12172593921422958 -0.0005536921671591699 -0.38432610034942627 -0.1391122192144394 0.9126559495925903
35.266666412353516 -0.16133543848991394 0.048168718814849854 -0.12094979733228683 -0.0008477331139147282 -0.3778403699398041 -0.1366838961839676 0.9157256484031677
35.29999923706055 -0.1564887911081314 0.04588295891880989 -0.11550603806972504 -0.0009130843682214618 -0.37019020318984985 -0.1336398869752884 0.9192925691604614
35.33333206176758 -0.1533682495355606 0.04451868683099747 -0.11361850798130035 -0.0009304987615905702 -0.3622419536113739 -0.13079512119293213 0.9228610396385193
35.36666488647461 -0.14750300347805023 0.042687468230724335 -0.10813489556312561 -0.0009952230611816049 -0.35495516657829285 -0.1277182549238205 0.9261177182197571
35.400001525878906 -0.1407407820224762 0.04133753851056099 -0.10091685503721237 -0.0005571767105720937 -0.34657469391822815 -0.12385247647762299 0.9298097491264343
35.43333435058594 -0.13299913704395294 0.03851242735981941 -0.09305306524038315 -0.000892085547093302 -0.3385870158672333 -0.12104368954896927 0.9331165552139282
35.46666717529297 -0.12927566468715668 0.03724737837910652 -0.08928793668746948 -0.0005926580633968115 -0.33150774240493774 -0.11824528872966766 0.9360129833221436
35.5 -0.1241246685385704 0.03556287661194801 -0.0866595134139061 -0.0008834191248752177 -0.3249194025993347 -0.11581175029277802 0.9386236071586609
35.53333282470703 -0.11994973570108414 0.03427058085799217 -0.08183766901493073 -0.0010220317635685205 -0.3214535713195801 -0.11430983990430832 0.9399999380111694
35.56666564941406 -0.11905861645936966 0.03429027646780014 -0.08160603046417236 -0.00027784411213360727 -0.3155713677406311 -0.11306832730770111 0.9421412944793701
35.599998474121094 -0.11555004119873047 0.03264579176902771 -0.07755148410797119 -0.0003543091006577015 -0.3109154999256134 -0.11078093200922012 0.9439592957496643
35.63333511352539 -0.11473754048347473 0.032685279846191406 -0.07691268622875214 -0.0006898122373968363 -0.30508938431739807 -0.10883520543575287 0.9460839629173279
35.66666793823242 -0.114464670419693 0.03226245939731598 -0.07556764781475067 -0.0007890775450505316 -0.30320465564727783 -0.10776419192552567 0.946812093257904
35.70000076293945 -0.11505907028913498 0.0325218103826046 -0.07413463294506073 -0.0007258313125930727 -0.3032114803791046 -0.10827967524528503 0.9467512369155884
35.733333587646484 -0.11511746048927307 0.032328154891729355 -0.07637644559144974 -9.203522495226935e-05 -0.30305492877960205 -0.10846690833568573 0.9467801451683044
35.766666412353516 -0.11402131617069244 0.03168575465679169 -0.0749000608921051 -0.0005935755907557905 -0.30339574813842773 -0.1081504076719284 0.9467070698738098
35.79999923706055 -0.11482733488082886 0.03260340541601181 -0.07569138705730438 -0.00032315068528987467 -0.3031548261642456 -0.10826995968818665 0.9467706084251404
35.83333206176758 -0.11412058770656586 0.032392386347055435 -0.07518940418958664 0.00010802634642459452 -0.30337199568748474 -0.10814468562602997 0.9467155337333679
35.86666488647461 -0.114118292927742 0.031962085515260696 -0.07461027055978775 -0.0007410378893837333 -0.3036021888256073 -0.10861256718635559 0.9465878009796143
35.900001525878906 -0.11091559380292892 0.03202808275818825 -0.0749482735991478 -0.00043041998287662864 -0.3051055669784546 -0.10855820775032043 0.946110725402832
35.93333435058594 -0.10567859560251236 0.030876437202095985 -0.07238257676362991 -0.0005887937732040882 -0.3043956160545349 -0.1085125207901001 0.9463445544242859
35.96666717529297 -0.10119369626045227 0.030494851991534233 -0.07053595036268234 -0.0005798959173262119 -0.30259382724761963 -0.1076895073056221 0.947016179561615
36.0 -0.09331920742988586 0.03011436201632023 -0.0697358250617981 -0.00022580474615097046 -0.29871103167533875 -0.10622452199459076 0.9484134316444397
36.03333282470703 -0.0843840166926384 0.029094697907567024 -0.0647963285446167 -0.0002627219946589321 -0.29413536190986633 -0.10399527847766876 0.9500890970230103
36.06666564941406 -0.07009897381067276 0.025799965485930443 -0.05964595079421997 -0.0007933179149404168 -0.29045918583869934 -0.10240527987480164 0.9513916373252869
36.099998474121094 -0.059930477291345596 0.024052180349826813 -0.05551141873002052 -0.0010660089319571853 -0.2862801253795624 -0.10057119280099869 0.9528525471687317
36.13333511352539 -0.05153346434235573 0.024217044934630394 -0.051170118153095245 -0.0005602739402092993 -0.28182122111320496 -0.09920690953731537 0.9543240666389465
36.16666793823242 -0.037805501371622086 0.021123604848980904 -0.048344966024160385 -0.0009132021223194897 -0.2793419361114502 -0.09841018170118332 0.9551349878311157
36.20000076293945 -0.026207173243165016 0.01943270117044449 -0.043744198977947235 -0.0010688629699870944 -0.27703410387039185 -0.09717460721731186 0.955933153629303
36.233333587646484 -0.017095495015382767 0.01802564598619938 -0.041177500039339066 -0.0014487991575151682 -0.2743811011314392 -0.09604540467262268 0.9568114876747131
36.266666412353516 -0.009166457690298557 0.01791922189295292 -0.03883875161409378 -0.0009176271851174533 -0.2720080018043518 -0.09518474340438843 0.9575753808021545
36.29999923706055 -0.0016553145833313465 0.01790393516421318 -0.03569604456424713 -0.00035334189306013286 -0.2706436812877655 -0.09499116986989975 0.9579814672470093
36.33333206176758 0.011090115644037724 0.015182527713477612 -0.029101088643074036 -0.0007749040960334241 -0.2714656889438629 -0.09485428035259247 0.9577622413635254
36.36666488647461 0.023600367829203606 0.01367899402976036 -0.02705153077840805 -0.0007709410856477916 -0.2704983949661255 -0.09448540955781937 0.9580723643302917
36.400001525878906 0.02378452755510807 0.014611603692173958 -0.026859136298298836 -0.0004469389095902443 -0.26594799757003784 -0.09306787699460983 0.9594842195510864
36.43333435058594 0.02799694798886776 0.01096218079328537 -0.034197479486465454 -0.0015204590745270252 -0.2594389021396637 -0.09393575042486191 0.9611790776252747
36.46666717529297 0.03717019036412239 0.009325768798589706 -0.029339410364627838 -0.0018216612515971065 -0.25725218653678894 -0.09278149902820587 0.96187824010849
36.5 0.04499882832169533 0.008100544102489948 -0.025672612711787224 -0.001992558827623725 -0.25627198815345764 -0.0922815203666687 0.9621875882148743
36.53333282470703 0.051596347242593765 0.007513735443353653 -0.0223548524081707 -0.0014037479413673282 -0.2551474869251251 -0.09270340204238892 0.9624468684196472
36.56666564941406 0.05902538821101189 0.0055826143361628056 -0.019789278507232666 -0.0015764340059831738 -0.25450488924980164 -0.0915084108710289 0.9627310633659363
36.599998474121094 0.06731077283620834 0.005909796338528395 -0.0160200372338295 -0.0016970449360087514 -0.2535240948200226 -0.09107667952775955 0.9630304574966431
36.63333511352539 0.07147618383169174 0.0051835025660693645 -0.016176525503396988 -0.0015956949209794402 -0.25390225648880005 -0.09185643494129181 0.9628570079803467
36.66666793823242 0.07687787711620331 0.003573268186300993 -0.016668131574988365 -0.0015287335263565183 -0.2545645236968994 -0.09266985952854156 0.9626042246818542
36.70000076293945 0.08108968287706375 0.003495707642287016 -0.015105701982975006 -0.0015680933138355613 -0.25385868549346924 -0.09224957972764969 0.9628309607505798
36.733333587646484 0.08428853005170822 0.0031740993726998568 -0.01427369937300682 -0.0015503722243010998 -0.2522544860839844 -0.09169943630695343 0.9633049964904785
36.766666412353516 0.0909469947218895 0.0021374470088630915 -0.011547098867595196 -0.001510989386588335 -0.2508091330528259 -0.09146824479103088 0.9637043476104736
36.79999923706055 0.09715570509433746 0.0012421892024576664 -0.008992500603199005 -0.001631302759051323 -0.2501194477081299 -0.09088656306266785 0.9639384746551514
36.83333206176758 0.10255416482686996 0.00034767334000207484 -0.006861143279820681 -0.001570030814036727 -0.24922840297222137 -0.09100092947483063 0.9641584753990173
36.86666488647461 0.10602892935276031 -0.0011131002102047205 -0.005290583241730928 -0.0018248663982376456 -0.24721497297286987 -0.0897071436047554 0.9647973775863647
36.900001525878906 0.11165077239274979 -0.0012673833407461643 -0.004246046766638756 -0.0017676649149507284 -0.24444206058979034 -0.08913547545671463 0.9655567407608032
36.93333435058594 0.11855032294988632 -0.002698988653719425 -5.9212012274656445e-05 -0.001531432382762432 -0.24454449117183685 -0.08919057995080948 0.9655261635780334
36.96666717529297 0.12212444841861725 -0.00303275091573596 0.001721370266750455 -0.001240945071913302 -0.24265283346176147 -0.08858807384967804 0.9660590887069702
37.0 0.132263645529747 -0.004983899183571339 0.00689654890447855 -0.0015030924696475267 -0.2420346438884735 -0.08814559876918793 0.9662542939186096
37.03333282470703 0.13788065314292908 -0.005575181916356087 0.013659189455211163 -0.0010184297570958734 -0.24059244990348816 -0.08741097897291183 0.9666818380355835
37.06666564941406 0.14241167902946472 -0.006263006944209337 0.016246801242232323 -0.0008367231930606067 -0.24002188444137573 -0.08772095292806625 0.9667956829071045
37.099998474121094 0.1512371003627777 -0.007958970032632351 0.01975144073367119 -0.0008330563432537019 -0.24010205268859863 -0.087404265999794 0.9668043851852417
37.13333511352539 0.1597232222557068 -0.009800953790545464 0.023782260715961456 -0.0010929168201982975 -0.2394711822271347 -0.08743052929639816 0.9669582843780518
37.16666793823242 0.17156292498111725 -0.012035655789077282 0.02875726856291294 -0.001053210929967463 -0.23845040798187256 -0.08612259477376938 0.9673279523849487
37.20000076293945 0.18121816217899323 -0.014567991718649864 0.0332833006978035 -0.0012924025068059564 -0.2364421933889389 -0.08598795533180237 0.9678323268890381
37.233333587646484 0.190721794962883 -0.015192641876637936 0.03954876959323883 -0.0004937734920531511 -0.2358313500881195 -0.0849992111325264 0.9680694937705994
37.266666412353516 0.19498123228549957 -0.0184523556381464 0.040270693600177765 -0.0019304156303405762 -0.23323307931423187 -0.08490057289600372 0.9687056541442871
37.29999923706055 0.19982732832431793 -0.017951391637325287 0.044309187680482864 -0.0013215991202741861 -0.23287218809127808 -0.08390264213085175 0.9688804149627686
37.33333206176758 0.2096928507089615 -0.020081443712115288 0.04848724603652954 -0.001207360066473484 -0.23330245912075043 -0.08452801406383514 0.9687225818634033
37.36666488647461 0.2143174558877945 -0.021427985280752182 0.0506909117102623 -0.0015434365486726165 -0.23489853739738464 -0.08468177169561386 0.9683229327201843
37.400001525878906 0.21815620362758636 -0.021605905145406723 0.05290430411696434 -0.0011366518447175622 -0.23490288853645325 -0.08524525165557861 0.9682729840278625
37.43333435058594 0.21851420402526855 -0.02245752513408661 0.05324578657746315 -0.0014121528947725892 -0.23378385603427887 -0.08494805544614792 0.9685695171356201
37.46666717529297 0.22310718894004822 -0.02407100237905979 0.056359052658081055 -0.0015529360389336944 -0.23318521678447723 -0.0845603346824646 0.9687475562095642
37.5 0.22423222661018372 -0.023404961451888084 0.05761905759572983 -0.0010940853971987963 -0.2303169071674347 -0.08384189009666443 0.969496488571167
37.53333282470703 0.2332897186279297 -0.025616150349378586 0.06334344297647476 -0.0011713799322023988 -0.2293274849653244 -0.08378058671951294 0.9697362184524536
37.56666564941406 0.24520395696163177 -0.028667017817497253 0.06622032821178436 -0.0019307564944028854 -0.2285870909690857 -0.0829470083117485 0.9699814915657043
37.599998474121094 0.24852362275123596 -0.029364949092268944 0.06780800223350525 -0.0021194936707615852 -0.22544334828853607 -0.08190680295228958 0.9708048701286316
37.63333511352539 0.2625665068626404 -0.0316898375749588 0.0817268043756485 -0.0011794932652264833 -0.2253856360912323 -0.08207643032073975 0.9708055257797241
37.66666793823242 0.2673502266407013 -0.032561011612415314 0.08338472247123718 -0.0012232174631208181 -0.2264120727777481 -0.08233611285686493 0.9705446362495422
37.70000076293945 0.2738684117794037 -0.03340480849146843 0.08627103269100189 -0.0011449524899944663 -0.22675098478794098 -0.08239158242940903 0.9704608917236328
37.733333587646484 0.2790634334087372 -0.03373562544584274 0.08898866176605225 -0.0008764856611378491 -0.22687259316444397 -0.08275363594293594 0.9704020023345947
37.766666412353516 0.28490036725997925 -0.03443111851811409 0.09185829758644104 -0.0007753170793876052 -0.22744598984718323 -0.08289359509944916 0.9702558517456055
37.79999923706055 0.2912146747112274 -0.03524841368198395 0.0937722772359848 -0.0007903976365923882 -0.22742731869220734 -0.08302640169858932 0.970248818397522
37.83333206176758 0.2944735288619995 -0.03561677783727646 0.09618469327688217 -0.000584841298405081 -0.22700591385364532 -0.08285269886255264 0.9703625440597534
37.86666488647461 0.30075326561927795 -0.03689628466963768 0.09782861918210983 -0.0006860052817501128 -0.22518345713615417 -0.08193271607160568 0.9708651304244995
37.900001525878906 0.3076874315738678 -0.03756815195083618 0.100165955722332 -0.0006514479173347354 -0.22262640297412872 -0.08084588497877121 0.9715456962585449
37.93333435058594 0.31508174538612366 -0.0380835123360157 0.10313019901514053 -0.0006358742830343544 -0.22296376526355743 -0.08085186034440994 0.971467912197113
37.96666717529297 0.31868675351142883 -0.03906841203570366 0.10457225888967514 -0.0007040368509478867 -0.2233407199382782 -0.08092577010393143 0.9713749885559082
38.0 0.32341018319129944 -0.03803379461169243 0.10578546673059464 -0.00021748291328549385 -0.2229236513376236 -0.08081260323524475 0.9714804887771606
38.03333282470703 0.3284165561199188 -0.03920476883649826 0.10801199078559875 -0.00037473253905773163 -0.22299139201641083 -0.08085083216428757 0.9714617133140564
38.06666564941406 0.3347443640232086 -0.03980604186654091 0.10972617566585541 -0.00010379261220805347 -0.22119466960430145 -0.08057213574647903 0.9718956351280212
38.099998474121094 0.34489989280700684 -0.041132960468530655 0.11316027492284775 -0.0004707354528363794 -0.22037403285503387 -0.0802328959107399 0.9721099734306335
38.13333511352539 0.350123792886734 -0.04254116863012314 0.1143120527267456 -0.0005358096095733345 -0.21664653718471527 -0.07925647497177124 0.9730274081230164
38.16666793823242 0.36006778478622437 -0.043481919914484024 0.11727310717105865 -0.0006138890748843551 -0.21550844609737396 -0.07869111746549606 0.9733259677886963
38.20000076293945 0.3607964515686035 -0.04290289059281349 0.11596563458442688 -0.0004420862242113799 -0.21297772228717804 -0.07778637856245041 0.9739556908607483
38.233333587646484 0.3725029230117798 -0.04493112117052078 0.12199379503726959 -0.00034066892112605274 -0.21429893374443054 -0.07850662618875504 0.9736080765724182
38.266666412353516 0.3767772614955902 -0.04486984759569168 0.12153936922550201 -0.0004082122177351266 -0.2138032168149948 -0.0779922604560852 0.9737583994865417
38.29999923706055 0.38878145813941956 -0.04697564244270325 0.12499629706144333 -0.0007007709937170148 -0.21460720896720886 -0.0782870203256607 0.9735575914382935
38.33333206176758 0.3931381106376648 -0.04695207625627518 0.126297727227211 -0.0005559044075198472 -0.21462324261665344 -0.07793855667114258 0.9735820889472961
38.36666488647461 0.4045078754425049 -0.04815719276666641 0.13117562234401703 -0.0003416523104533553 -0.2149757742881775 -0.07813422381877899 0.9734887480735779
38.400001525878906 0.4078797996044159 -0.048002924770116806 0.1293095052242279 -0.00029125489527359605 -0.21246923506259918 -0.076646588742733 0.9741570949554443
38.43333435058594 0.41276898980140686 -0.049190226942300797 0.12967133522033691 -0.00048768342821858823 -0.21175383031368256 -0.07679855078458786 0.9743008613586426
38.46666717529297 0.4185415804386139 -0.04973778501152992 0.1319207400083542 -0.0010394284036010504 -0.21408021450042725 -0.07824679464101791 0.9736766219139099
38.5 0.4215131103992462 -0.050746556371450424 0.13117919862270355 -0.0007789095980115235 -0.21556781232357025 -0.07867234945297241 0.9733142852783203
38.53333282470703 0.4280504882335663 -0.051222603768110275 0.13367784023284912 -0.0010211578337475657 -0.21499454975128174 -0.07857556641101837 0.9734485745429993
38.56666564941406 0.4356784224510193 -0.0525909885764122 0.13573259115219116 -0.0012528491206467152 -0.21558856964111328 -0.07826176285743713 0.9733422994613647
38.599998474121094 0.4390239119529724 -0.05237641930580139 0.13628458976745605 -0.0007715647807344794 -0.21514607965946198 -0.07880762964487076 0.9733966588973999
38.63333511352539 0.44118764996528625 -0.0526258684694767 0.1362321823835373 -0.0011307541280984879 -0.21442599594593048 -0.07841469347476959 0.973586916923523
38.66666793823242 0.44465917348861694 -0.052913688123226166 0.13589879870414734 -0.0008991213398985565 -0.21327827870845795 -0.07836395502090454 0.9738433361053467
38.70000076293945 0.44896596670150757 -0.05331214889883995 0.13590404391288757 -0.0011545214802026749 -0.21327011287212372 -0.07817588746547699 0.9738599061965942
38.733333587646484 0.4544467628002167 -0.05310410261154175 0.13756170868873596 -0.0006060401210561395 -0.21379271149635315 -0.07837297022342682 0.9737300276756287
38.766666412353516 0.4534551501274109 -0.05227789282798767 0.13625705242156982 -0.0004112687020096928 -0.21336740255355835 -0.0781729593873024 0.9738394021987915
38.79999923706055 0.45582112669944763 -0.05192803591489792 0.13453269004821777 -0.0002493268402758986 -0.21115662157535553 -0.07791538536548615 0.9743418097496033
38.83333206176758 0.45745494961738586 -0.051947686821222305 0.13453015685081482 -0.0003527110966388136 -0.21066556870937347 -0.07775875180959702 0.9744606614112854
38.86666488647461 0.46625909209251404 -0.05306025967001915 0.13553349673748016 -0.0007492441800422966 -0.2116466760635376 -0.0777992233633995 0.9742445945739746
38.900001525878906 0.47087588906288147 -0.05330857262015343 0.13723857700824738 -0.00031479678000323474 -0.21183721721172333 -0.07734346389770508 0.9742396473884583
38.93333435058594 0.47483378648757935 -0.053161147981882095 0.13686448335647583 -0.0005290299886837602 -0.21064533293247223 -0.07669062167406082 0.9745495319366455
38.96666717529297 0.49245187640190125 -0.05358264595270157 0.14742495119571686 0.0008350328425876796 -0.20916594564914703 -0.07717575877904892 0.9748296141624451
39.0 0.49359142780303955 -0.05447739362716675 0.14597930014133453 0.0005059808609075844 -0.20905937254428864 -0.07725413888692856 0.9748465418815613
39.03333282470703 0.4965873658657074 -0.054766714572906494 0.14615857601165771 0.0003028341452591121 -0.20950068533420563 -0.07703292369842529 0.9747693538665771
39.06666564941406 0.49867820739746094 -0.05472405254840851 0.14701128005981445 0.0004612109623849392 -0.20986635982990265 -0.07709460705518723 0.974685788154602
39.099998474121094 0.500845193862915 -0.05363954231142998 0.14779528975486755 0.0007563203107565641 -0.21047334372997284 -0.07761579006910324 0.9745132923126221
39.13333511352539 0.49942731857299805 -0.053375471383333206 0.14698047935962677 0.0005018105730414391 -0.21002012491226196 -0.07783162593841553 0.9745940566062927
39.16666793823242 0.49872660636901855 -0.05400968715548515 0.1470012068748474 0.00037967987009324133 -0.20980732142925262 -0.07731765508651733 0.9746808409690857
39.20000076293945 0.5000643730163574 -0.05278356000781059 0.14732146263122559 0.0007962352246977389 -0.2101108431816101 -0.07789695262908936 0.9745691418647766
39.233333587646484 0.4987235367298126 -0.054442886263132095 0.1478746086359024 -0.0004083153617102653 -0.20969466865062714 -0.07849907875061035 0.9746106863021851
39.266666412353516 0.49881720542907715 -0.05545072257518768 0.1490224301815033 -0.001198481535539031 -0.20996421575546265 -0.07809760421514511 0.9745842814445496
39.29999923706055 0.49799835681915283 -0.05464630201458931 0.14917850494384766 -0.0009541860199533403 -0.2112526148557663 -0.0785173624753952 0.9742722511291504
39.33333206176758 0.49840617179870605 -0.054484281688928604 0.14965374767780304 0.0007388202357105911 -0.21381640434265137 -0.07950969785451889 0.9736325740814209
39.36666488647461 0.49913668632507324 -0.055211391299963 0.15131539106369019 0.00029244611505419016 -0.216420978307724 -0.0808742344379425 0.9729446768760681
39.400001525878906 0.49949532747268677 -0.05442159250378609 0.15642046928405762 0.000627882604021579 -0.22074100375175476 -0.08227286487817764 0.9718561172485352
39.43333435058594 0.49962469935417175 -0.053203240036964417 0.16157063841819763 0.0016338081331923604 -0.22342316806316376 -0.08273597061634064 0.9712024927139282
39.46666717529297 0.49577370285987854 -0.05697868764400482 0.16542159020900726 0.0004280160937923938 -0.22052450478076935 -0.08190637826919556 0.9719363451004028
39.5 0.4915151298046112 -0.06004418432712555 0.17100413143634796 -0.0003998267638962716 -0.2163335084915161 -0.08046746999025345 0.972997784614563
39.53333282470703 0.4862191379070282 -0.06259842216968536 0.17894841730594635 -2.86871782009257e-05 -0.21189036965370178 -0.07890346646308899 0.9741030335426331
39.56666564941406 0.4847995638847351 -0.06136802211403847 0.1843172311782837 0.0012973122065886855 -0.20883259177207947 -0.07750559598207474 0.9748744368553162
39.599998474121094 0.4826830327510834 -0.06355834007263184 0.19102215766906738 0.0010037178872153163 -0.20864257216453552 -0.07734286040067673 0.9749283790588379
39.63333511352539 0.4789898991584778 -0.06352289766073227 0.19427907466888428 0.0025951219722628593 -0.2091071605682373 -0.07699865847826004 0.9748531579971313
39.66666793823242 0.47826021909713745 -0.06254441291093826 0.20077303051948547 0.004295611288398504 -0.20818203687667847 -0.07634220272302628 0.9750967025756836
39.70000076293945 0.47412699460983276 -0.06354271620512009 0.2093011438846588 0.003966531250625849 -0.2056449055671692 -0.07535921037197113 0.9757128357887268
39.733333587646484 0.47075140476226807 -0.0726226419210434 0.21782685816287994 0.0011059168027713895 -0.2052079290151596 -0.07566618919372559 0.975788414478302
39.766666412353516 0.4680634140968323 -0.0623219832777977 0.22465142607688904 0.005646555218845606 -0.20539411902427673 -0.07512983679771423 0.9757750630378723
39.79999923706055 0.46791550517082214 -0.06472249329090118 0.23511631786823273 0.006558647379279137 -0.2057076245546341 -0.0742928609251976 0.9757673144340515
39.83333206176758 0.46042191982269287 -0.07918327301740646 0.2390311062335968 0.0023971779737621546 -0.20178236067295074 -0.0742679089307785 0.9766076803207397
39.86666488647461 0.45762938261032104 -0.08492264896631241 0.24337339401245117 -0.00015258997154887766 -0.19945988059043884 -0.0743950679898262 0.9770779013633728
39.900001525878906 0.45496973395347595 -0.08629599213600159 0.25155484676361084 2.9310233003343455e-05 -0.1989012509584427 -0.07411660999059677 0.9772128462791443
39.93333435058594 0.4530930817127228 -0.0916987806558609 0.25646501779556274 -0.0010431408882141113 -0.19900889694690704 -0.07438109815120697 0.9771702885627747
39.96666717529297 0.44873034954071045 -0.07493814080953598 0.2631817162036896 0.004801798611879349 -0.19782789051532745 -0.07272468507289886 0.9775235652923584
40.0 0.45582708716392517 -0.09179666638374329 0.2490062415599823 0.0005848809378221631 -0.19556698203086853 -0.07493117451667786 0.9778233766555786
40.03333282470703 0.4545344412326813 -0.09105168282985687 0.2547909915447235 0.00012155662261648104 -0.19552834331989288 -0.07499947398900986 0.9778259992599487
40.06666564941406 0.45288291573524475 -0.08953330665826797 0.26043370366096497 0.0021718621719628572 -0.19576998054981232 -0.07448719441890717 0.9778143763542175
40.099998474121094 0.44762521982192993 -0.10000542551279068 0.26624977588653564 -0.0011921585537493229 -0.19374236464500427 -0.0751773938536644 0.9781671166419983
40.13333511352539 0.44453635811805725 -0.10219891369342804 0.2728998064994812 -0.0013799136504530907 -0.19284331798553467 -0.07496830821037292 0.9783605933189392
40.16666793823242 0.44203150272369385 -0.10628320276737213 0.2782652974128723 -0.002485604491084814 -0.19256596267223358 -0.07476606220006943 0.9784284830093384
40.20000076293945 0.4397096633911133 -0.10743946582078934 0.2839715778827667 -0.002142130397260189 -0.19231581687927246 -0.07443755120038986 0.9785034656524658
40.233333587646484 0.4358765780925751 -0.11046469956636429 0.29081013798713684 -0.0029798641335219145 -0.19208861887454987 -0.07440859824419022 0.9785481095314026
40.266666412353516 0.43400976061820984 -0.1123226061463356 0.29711222648620605 -0.002875435398891568 -0.19287770986557007 -0.07446708530187607 0.978388786315918
40.29999923706055 0.4319923222064972 -0.11215679347515106 0.2981661260128021 -0.00237478269264102 -0.1917564421892166 -0.07411065697669983 0.9786376357078552
40.33333206176758 0.42985427379608154 -0.11282293498516083 0.3022189140319824 -0.0022750638891011477 -0.19000481069087982 -0.07359570264816284 0.9790182709693909
40.36666488647461 0.42909935116767883 -0.11506523191928864 0.3057214915752411 -0.002573071513324976 -0.18933098018169403 -0.073338583111763 0.9791673421859741
40.400001525878906 0.4260933995246887 -0.11635559052228928 0.30982816219329834 -0.0023055626079440117 -0.1888321340084076 -0.07329630106687546 0.9792675375938416
40.43333435058594 0.42323657870292664 -0.11729737371206284 0.31493422389030457 -0.0025374479591846466 -0.1895507127046585 -0.07375480979681015 0.9790936708450317
40.46666717529297 0.4219861328601837 -0.11844050139188766 0.3172595500946045 -0.0031804090831428766 -0.18960267305374146 -0.07390190660953522 0.9790706038475037
40.5 0.4216472804546356 -0.12090542912483215 0.32085132598876953 -0.003137423889711499 -0.19105392694473267 -0.07434233278036118 0.9787552952766418
40.53333282470703 0.4173160493373871 -0.12165665626525879 0.32301241159439087 -0.002265412360429764 -0.18931704759597778 -0.07399913668632507 0.9791210293769836
40.56666564941406 0.4152006506919861 -0.123321533203125 0.32842686772346497 -0.0028644853737205267 -0.1896117925643921 -0.0740310326218605 0.9790600538253784
40.599998474121094 0.4164544343948364 -0.1243317499756813 0.3316393494606018 -0.003016391769051552 -0.19134876132011414 -0.07430850714445114 0.978700578212738
40.63333511352539 0.4116668999195099 -0.12550994753837585 0.3355166018009186 -0.002346749883145094 -0.18964087963104248 -0.07374189049005508 0.9790776371955872
40.66666793823242 0.4118101894855499 -0.12761397659778595 0.3396283984184265 -0.0025998621713370085 -0.18980135023593903 -0.073780857026577 0.9790429472923279
40.70000076293945 0.40888282656669617 -0.12798981368541718 0.34185612201690674 -0.002793814055621624 -0.18780682981014252 -0.07311838865280151 0.9794766306877136
40.733333587646484 0.407840371131897 -0.1292514204978943 0.3453502058982849 -0.0031170470174402 -0.18821991980075836 -0.07321929186582565 0.9793888926506042
40.766666412353516 0.40777939558029175 -0.13105253875255585 0.3499383330345154 -0.002866589231416583 -0.1900639533996582 -0.07343477755784988 0.9790173172950745
40.79999923706055 0.40670669078826904 -0.13190770149230957 0.3512457311153412 -0.0029321275651454926 -0.19031760096549988 -0.07366961985826492 0.9789502024650574
40.83333206176758 0.4040679335594177 -0.13281327486038208 0.3547709882259369 -0.003020934760570526 -0.19055360555648804 -0.07415609061717987 0.97886723279953
40.86666488647461 0.4046233892440796 -0.13278676569461823 0.3544636368751526 -0.002593606011942029 -0.19062013924121857 -0.07387346029281616 0.9788769483566284
40.900001525878906 0.4038415551185608 -0.13428473472595215 0.3575441539287567 -0.0030462148133665323 -0.18910950422286987 -0.07308100163936615 0.9792280197143555
40.93333435058594 0.40059301257133484 -0.13430637121200562 0.3596075475215912 -0.003531878115609288 -0.18660375475883484 -0.07286304235458374 0.9797232151031494
40.96666717529297 0.40127721428871155 -0.13452179729938507 0.3611595332622528 -0.003349065547809005 -0.18600249290466309 -0.07242614775896072 0.979870617389679
41.0 0.4004132151603699 -0.13504558801651 0.3617284595966339 -0.0035561928525567055 -0.1855689436197281 -0.07216097414493561 0.9799715876579285
41.03333282470703 0.40064361691474915 -0.1348237842321396 0.3623294532299042 -0.0027431154157966375 -0.18609221279621124 -0.07188596576452255 0.9798951745033264
41.06666564941406 0.40018320083618164 -0.13486996293067932 0.3612387776374817 -0.0012098584556952119 -0.18590077757835388 -0.07188352942466736 0.9799347519874573
41.099998474121094 0.4025459587574005 -0.13524213433265686 0.3599126935005188 -0.0008976536919362843 -0.1870461106300354 -0.07312418520450592 0.9796253442764282
41.13333511352539 0.3989354074001312 -0.13439732789993286 0.35871776938438416 -0.0014280036557465792 -0.18412469327449799 -0.07185634225606918 0.9802718162536621
41.16666793823242 0.3996519148349762 -0.13452020287513733 0.3604486584663391 -0.0013983271783217788 -0.18559470772743225 -0.07170578092336655 0.9800055623054504
41.20000076293945 0.4004376530647278 -0.13510674238204956 0.361233651638031 -0.0013891730923205614 -0.1863115131855011 -0.07256196439266205 0.9798065423965454
41.233333587646484 0.39823490381240845 -0.13418453931808472 0.35899320244789124 -0.0007410557009279728 -0.1842622607946396 -0.07217060029506683 0.9802235960960388
41.266666412353516 0.3998417556285858 -0.13412471115589142 0.3584250211715698 -0.0013276104582473636 -0.1849205493927002 -0.07170599699020386 0.9801331758499146
41.29999923706055 0.4011666774749756 -0.1352185606956482 0.3600291609764099 -0.0015412572538480163 -0.18783269822597504 -0.07304214686155319 0.9794801473617554
41.33333206176758 0.3999346196651459 -0.13477666676044464 0.35991236567497253 -0.000755847548134625 -0.19290021061897278 -0.07486742734909058 0.9783576726913452
41.36666488647461 0.3984782099723816 -0.1336786299943924 0.35779136419296265 -0.001292863511480391 -0.19825944304466248 -0.07660678029060364 0.9771504402160645
41.400001525878906 0.4004930555820465 -0.1349519044160843 0.35914286971092224 -0.0020262086763978004 -0.21039751172065735 -0.08104732632637024 0.9742485284805298
41.43333435058594 0.3979780077934265 -0.1326562911272049 0.35493776202201843 -0.0011965569574385881 -0.21877656877040863 -0.08422155678272247 0.9721328020095825
41.46666717529297 0.39729782938957214 -0.13410015404224396 0.3574307858943939 -0.0014933166094124317 -0.22929365932941437 -0.08812564611434937 0.9693586230278015
41.5 0.39691150188446045 -0.13268668949604034 0.35490724444389343 -0.0009914012625813484 -0.23726361989974976 -0.09126383066177368 0.9671483635902405
41.53333282470703 0.3955462574958801 -0.13262291252613068 0.3550773561000824 -0.0011470380704849958 -0.24390627443790436 -0.09329144656658173 0.9653005599975586
41.56666564941406 0.3941531479358673 -0.13222232460975647 0.3544360101222992 -0.0013835030840709805 -0.25112876296043396 -0.0958738625049591 0.9631929397583008
41.599998474121094 0.39506131410598755 -0.13169723749160767 0.3531642556190491 -0.001235375297255814 -0.26136478781700134 -0.09968521445989609 0.9600780010223389
41.63333511352539 0.3949936032295227 -0.13236452639102936 0.35183772444725037 -0.0019329735077917576 -0.2724766135215759 -0.1040598526597023 0.9565168023109436
41.66666793823242 0.3934633135795593 -0.13199558854103088 0.3522498607635498 -0.001920532202348113 -0.2840774953365326 -0.10839492082595825 0.9526525139808655
41.70000076293945 0.39336225390434265 -0.13201050460338593 0.35211285948753357 -0.0019334969110786915 -0.29625922441482544 -0.11280480027198792 0.9484207630157471
41.733333587646484 0.39161211252212524 -0.1305825412273407 0.3503055274486542 -0.001983258407562971 -0.30792611837387085 -0.11673104017972946 0.9442200064659119
41.766666412353516 0.39278221130371094 -0.13056480884552002 0.34927111864089966 -0.002212090417742729 -0.3196071684360504 -0.12095576524734497 0.939795732498169
41.79999923706055 0.3923569321632385 -0.13029374182224274 0.34896987676620483 -0.0023103009443730116 -0.32964658737182617 -0.1247592344880104 0.9358221292495728
41.83333206176758 0.39018264412879944 -0.1294577717781067 0.3477969765663147 -0.0021519882138818502 -0.33710145950317383 -0.1269834339618683 0.9328628778457642
41.86666488647461 0.3913991153240204 -0.129913792014122 0.3466101586818695 -0.002212981693446636 -0.34548431634902954 -0.13068391382694244 0.9292779564857483
41.900001525878906 0.39093685150146484 -0.1288832724094391 0.34644269943237305 -0.0021297771017998457 -0.35248106718063354 -0.13273411989212036 0.9263553023338318
41.93333435058594 0.39033862948417664 -0.12906073033809662 0.3450339734554291 -0.002168648410588503 -0.35757091641426086 -0.13451500236988068 0.9241450428962708
41.96666717529297 0.3898554742336273 -0.12877079844474792 0.3456953763961792 -0.002241438953205943 -0.3624342978000641 -0.13626830279827118 0.9219909906387329
42.0 0.3901614248752594 -0.12805543839931488 0.3440428376197815 -0.002301393076777458 -0.3691352605819702 -0.1388520747423172 0.9189417958259583
42.03333282470703 0.3905368149280548 -0.12834905087947845 0.34357938170433044 -0.0025992654263973236 -0.3791002631187439 -0.14241397380828857 0.9143273234367371
42.06666564941406 0.3897872865200043 -0.12748709321022034 0.3444158136844635 -0.002241483423858881 -0.38614606857299805 -0.14457161724567413 0.9110352396965027
42.099998474121094 0.3885306715965271 -0.13015766441822052 0.35537365078926086 -0.002135111717507243 -0.39185741543769836 -0.1439020186662674 0.9086998105049133
42.13333511352539 0.3883526921272278 -0.13007178902626038 0.3546108603477478 -0.002075751079246402 -0.39435866475105286 -0.14491379261016846 0.9074563384056091
42.16666793823242 0.38836178183555603 -0.13005408644676208 0.3545335531234741 -0.002087837550789118 -0.3944244384765625 -0.1450231969356537 0.9074101448059082
42.20000076293945 0.38806474208831787 -0.13001596927642822 0.35380491614341736 -0.002114224014803767 -0.39413487911224365 -0.14512081444263458 0.9075204133987427
42.233333587646484 0.3878733813762665 -0.1301605999469757 0.3533509373664856 -0.0021519544534385204 -0.3940478563308716 -0.14503856003284454 0.9075711369514465
42.266666412353516 0.3882412612438202 -0.13001307845115662 0.35414591431617737 -0.0021731925662606955 -0.39421024918556213 -0.14504443109035492 0.9074996709823608
42.29999923706055 0.38828426599502563 -0.13001716136932373 0.3544214069843292 -0.0020621498115360737 -0.39427539706230164 -0.1451016515493393 0.9074625372886658
42.33333206176758 0.38804811239242554 -0.1299620419740677 0.35417789220809937 -0.0020737035665661097 -0.39416879415512085 -0.14508619904518127 0.9075111746788025
42.36666488647461 0.3881603479385376 -0.1299622505903244 0.35420534014701843 -0.0020987000316381454 -0.3941812813282013 -0.1450771540403366 0.9075073003768921
42.400001525878906 0.3880481719970703 -0.13031615316867828 0.3540474474430084 -0.0020947118755429983 -0.3942469656467438 -0.14505046606063843 0.907482922077179
42.43333435058594 0.3879036605358124 -0.12976062297821045 0.35379233956336975 -0.0020640711300075054 -0.3940180540084839 -0.14519549906253815 0.9075592756271362
42.46666717529297 0.3877298831939697 -0.13008935749530792 0.3535284399986267 -0.0019165396224707365 -0.3940112292766571 -0.1453799456357956 0.9075330495834351
42.5 0.38821107149124146 -0.1299896240234375 0.354438453912735 -0.0020821772050112486 -0.394216388463974 -0.1450818032026291 0.9074912667274475
42.53333282470703 0.3884352445602417 -0.12973913550376892 0.35493212938308716 -0.0023964031133800745 -0.39406123757362366 -0.14501453936100006 0.907568633556366
42.56666564941406 0.38818034529685974 -0.129599466919899 0.3556169271469116 -0.0017583114095032215 -0.3906836211681366 -0.14400231838226318 0.9091901183128357
42.599998474121094 0.3871893286705017 -0.12889932096004486 0.35508984327316284 -0.0004203046264592558 -0.3888123035430908 -0.14415162801742554 0.9099699258804321
42.63333511352539 0.38670456409454346 -0.12993384897708893 0.3554789423942566 -0.0021717329509556293 -0.3883044123649597 -0.14411228895187378 0.9101904630661011
42.66666793823242 0.387090265750885 -0.12932534515857697 0.3554988205432892 -0.0016499774064868689 -0.38838285207748413 -0.14258676767349243 0.9103983640670776
42.70000076293945 0.3871385455131531 -0.12950854003429413 0.355008065700531 -0.0011669890955090523 -0.3883790373802185 -0.14333060383796692 0.9102838635444641
42.733333587646484 0.3866945505142212 -0.12996609508991241 0.3549729883670807 -0.001957449596375227 -0.38814452290534973 -0.14411596953868866 0.9102585911750793
42.766666412353516 0.38693946599960327 -0.12922582030296326 0.35568323731422424 -0.001595166977494955 -0.38842883706092834 -0.14266027510166168 0.9103673100471497
42.79999923706055 0.38705527782440186 -0.12977109849452972 0.35486313700675964 -0.0013023106148466468 -0.3882754147052765 -0.14326176047325134 0.910338819026947
42.83333206176758 0.3865121901035309 -0.12970127165317535 0.35480859875679016 -0.001820755540393293 -0.38802844285964966 -0.14390875399112701 0.9103410840034485
42.86666488647461 0.38716262578964233 -0.12951600551605225 0.35524317622184753 -0.0017205902840942144 -0.3883343040943146 -0.1428513377904892 0.9103774428367615
42.900001525878906 0.38700899481773376 -0.1298319548368454 0.35466468334198 -0.0013717274414375424 -0.38819071650505066 -0.14321529865264893 0.910382091999054
42.93333435058594 0.3867506682872772 -0.1298997551202774 0.35482296347618103 -0.0019143882673233747 -0.38809043169021606 -0.14371508359909058 0.9103451371192932
42.96666717529297 0.3870992064476013 -0.12957048416137695 0.3548705279827118 -0.0016818013973534107 -0.38819101452827454 -0.14317888021469116 0.9103871583938599
43.0 0.3870890140533447 -0.12999039888381958 0.35494494438171387 -0.001579826115630567 -0.3882668614387512 -0.14309851825237274 0.9103676676750183
43.03333282470703 0.3870059549808502 -0.12968818843364716 0.35501939058303833 -0.001782603096216917 -0.3882123827934265 -0.14341513812541962 0.9103406667709351
43.06666564941406 0.387086421251297 -0.12962806224822998 0.35519570112228394 -0.001615719054825604 -0.38833531737327576 -0.14309610426425934 0.9103387594223022
43.099998474121094 0.3871851861476898 -0.12973599135875702 0.35518118739128113 -0.0016120385844260454 -0.3883330523967743 -0.1429033875465393 0.9103700518608093
43.13333511352539 0.3871057331562042 -0.1294909119606018 0.35507017374038696 -0.0016985393594950438 -0.3882492184638977 -0.1430082470178604 0.9103891253471375
43.16666793823242 0.38701194524765015 -0.1295023262500763 0.3552147150039673 -0.0015523574547842145 -0.38832640647888184 -0.14299659430980682 0.9103583097457886
43.20000076293945 0.3871411383152008 -0.12949292361736298 0.3552398681640625 -0.0015966733917593956 -0.3883459270000458 -0.1428634226322174 0.9103708267211914
43.233333587646484 0.387109637260437 -0.12945495545864105 0.35524407029151917 -0.0016387520590797067 -0.38831043243408203 -0.14302034676074982 0.9103612303733826
43.266666412353516 0.38708770275115967 -0.12959297001361847 0.3552244305610657 -0.00157865509390831 -0.3883442282676697 -0.14304152131080627 0.910343587398529
43.29999923706055 0.38721057772636414 -0.12959972023963928 0.355014830827713 -0.0016572399763390422 -0.3882633149623871 -0.14290623366832733 0.9103991389274597
43.33333206176758 0.38692259788513184 -0.12935611605644226 0.3552577793598175 -0.001589108956977725 -0.3883107304573059 -0.1429080069065094 0.9103787541389465
43.36666488647461 0.3870212733745575 -0.1294092833995819 0.35531777143478394 -0.0015048193745315075 -0.3883819580078125 -0.1429893523454666 0.9103358387947083
43.400001525878906 0.3871522843837738 -0.12941378355026245 0.35533812642097473 -0.0016386351780965924 -0.38836345076560974 -0.1428336203098297 0.9103679060935974
43.43333435058594 0.3870793879032135 -0.12957949936389923 0.35529670119285583 -0.0015932939713820815 -0.3883573114871979 -0.1430450975894928 0.9103374481201172
43.46666717529297 0.3870539963245392 -0.1295127123594284 0.3553074896335602 -0.0015983355697244406 -0.388332724571228 -0.14291036128997803 0.9103690981864929
43.5 0.3869781494140625 -0.1293882578611374 0.35525640845298767 -0.0016165741253644228 -0.3882852792739868 -0.14280956983566284 0.9104050397872925
43.53333282470703 0.38699615001678467 -0.1294410079717636 0.3552524447441101 -0.001581948366947472 -0.38831159472465515 -0.14290980994701385 0.9103782176971436
43.56666564941406 0.3872421383857727 -0.12957212328910828 0.3553783595561981 -0.0016354061663150787 -0.3884240686893463 -0.14295144379138947 0.9103235602378845
43.599998474121094 0.38706839084625244 -0.12948493659496307 0.3552636504173279 -0.0016413152916356921 -0.3883197009563446 -0.14281047880649567 0.9103901982307434
43.63333511352539 0.3871839642524719 -0.12963658571243286 0.3551742136478424 -0.0016012383857741952 -0.38834840059280396 -0.14307352900505066 0.9103367328643799
43.66666793823242 0.3870512545108795 -0.12939809262752533 0.355401873588562 -0.0015955453272908926 -0.38836944103240967 -0.14282625913619995 0.9103665947914124
43.70000076293945 0.38715434074401855 -0.12950198352336884 0.35532984137535095 -0.0016246119048446417 -0.3883669376373291 -0.14290550351142883 0.9103551506996155
43.733333587646484 0.38730326294898987 -0.12955066561698914 0.355365127325058 -0.001587509410455823 -0.388506144285202 -0.14303404092788696 0.9102755784988403
43.766666412353516 0.38717037439346313 -0.12950628995895386 0.35535958409309387 -0.0016149793518707156 -0.38838911056518555 -0.14287956058979034 0.9103497862815857
43.79999923706055 0.3871995210647583 -0.12963075935840607 0.35506147146224976 -0.001625029370188713 -0.388284295797348 -0.1429697722196579 0.9103803634643555
43.83333206176758 0.38710927963256836 -0.1295115202665329 0.35531535744667053 -0.0015836546663194895 -0.38839390873908997 -0.14294283092021942 0.9103378057479858
43.86666488647461 0.38706180453300476 -0.12949222326278687 0.3553755283355713 -0.0016166734276339412 -0.38837528228759766 -0.14293809235095978 0.9103465676307678
43.900001525878906 0.38703808188438416 -0.12951944768428802 0.3553682863712311 -0.0015832161298021674 -0.3883597254753113 -0.14296388626098633 0.9103491902351379
43.93333435058594 0.3871830403804779 -0.12956029176712036 0.35520726442337036 -0.0016179271042346954 -0.3883388340473175 -0.1430511474609375 0.9103442430496216
43.96666717529297 0.38707441091537476 -0.12951868772506714 0.3551526665687561 -0.0015947953797876835 -0.38827285170555115 -0.14293161034584045 0.9103912711143494
44.0 0.38702818751335144 -0.12954086065292358 0.3554611802101135 -0.0015963767655193806 -0.3883962035179138 -0.14298471808433533 0.9103303551673889
44.03333282470703 0.38704732060432434 -0.1294606477022171 0.3554380238056183 -0.0016129628056660295 -0.3883933126926422 -0.14290714263916016 0.9103437066078186
44.06666564941406 0.38711613416671753 -0.12945032119750977 0.3553787171840668 -0.0015675296308472753 -0.38839423656463623 -0.14292919635772705 0.9103399515151978
44.099998474121094 0.3870469927787781 -0.12949009239673615 0.35542061924934387 -0.0016149026341736317 -0.3883777856826782 -0.14285829663276672 0.9103580117225647
44.13333511352539 0.38715681433677673 -0.12956026196479797 0.3551698923110962 -0.0016291845822706819 -0.3883030116558075 -0.14301219582557678 0.910365641117096
44.16666793823242 0.3873760402202606 -0.12968163192272186 0.3552502989768982 -0.0016824863851070404 -0.3884463608264923 -0.14297395944595337 0.9103103876113892
44.20000076293945 0.38703396916389465 -0.1294325590133667 0.3552371859550476 -0.0016052613500505686 -0.38829463720321655 -0.14292947947978973 0.9103822708129883
44.233333587646484 0.38716647028923035 -0.12954482436180115 0.35530951619148254 -0.0016222599660977721 -0.3883765935897827 -0.1430829018354416 0.9103232622146606
44.266666412353516 0.38716402649879456 -0.1295343041419983 0.35529279708862305 -0.0016215211944654584 -0.3883623480796814 -0.14292563498020172 0.9103540182113647
44.29999923706055 0.3871225118637085 -0.12954173982143402 0.35524988174438477 -0.0016048351535573602 -0.38832053542137146 -0.1430204212665558 0.9103569984436035
44.33333206176758 0.3871425688266754 -0.12960423529148102 0.3551257252693176 -0.0016137779457494617 -0.38829073309898376 -0.14299888908863068 0.9103729724884033
44.36666488647461 0.38710588216781616 -0.12948933243751526 0.3552212119102478 -0.001632992527447641 -0.38832011818885803 -0.14284434914588928 0.9103846549987793
44.400001525878906 0.38713717460632324 -0.1295921355485916 0.35519343614578247 -0.0016471087001264095 -0.38833391666412354 -0.14307786524295807 0.9103421568870544
44.43333435058594 0.3869989812374115 -0.1295052021741867 0.3553119897842407 -0.0015868392074480653 -0.38831767439842224 -0.1429368555545807 0.9103713631629944
44.46666717529297 0.3870187997817993 -0.12949393689632416 0.35540151596069336 -0.0016179927624762058 -0.3883715271949768 -0.14287754893302917 0.9103575944900513
44.5 0.3871498703956604 -0.1295442283153534 0.35512253642082214 -0.0015816640807315707 -0.3882901072502136 -0.14311707019805908 0.910354733467102
44.53333282470703 0.38703370094299316 -0.129499614238739 0.35519689321517944 -0.0015980314929038286 -0.38829144835472107 -0.14298078417778015 0.9103756546974182
44.56666564941406 0.38719725608825684 -0.12956403195858002 0.3551555275917053 -0.001629498554393649 -0.3883129060268402 -0.14304128289222717 0.9103569388389587
44.599998474121094 0.387217253446579 -0.12948590517044067 0.3551916182041168 -0.0015621079364791512 -0.388348788022995 -0.14301256835460663 0.9103461503982544
44.63333511352539 0.38709667325019836 -0.1294468641281128 0.35531529784202576 -0.0016090883873403072 -0.38832831382751465 -0.14283134043216705 0.9103833436965942
44.66666793823242 0.3871135413646698 -0.12948469817638397 0.3552643358707428 -0.001607608050107956 -0.38833266496658325 -0.142966628074646 0.9103602766990662
44.70000076293945 0.38718611001968384 -0.12956762313842773 0.355299174785614 -0.0016265354352071881 -0.3883901536464691 -0.14289754629135132 0.9103464484214783
44.733333587646484 0.38710224628448486 -0.1295495480298996 0.3551314175128937 -0.0016445026267319918 -0.38828203082084656 -0.14298412203788757 0.9103790521621704
44.766666412353516 0.3871306777000427 -0.12946926057338715 0.35524892807006836 -0.0015903669409453869 -0.38836297392845154 -0.14291594922542572 0.9103552103042603
44.79999923706055 0.3872208297252655 -0.12951511144638062 0.3552435040473938 -0.0015708659775555134 -0.3883877396583557 -0.14304329454898834 0.9103246927261353
44.83333206176758 0.387218713760376 -0.1295706331729889 0.35522836446762085 -0.001647495198994875 -0.38837382197380066 -0.14300274848937988 0.9103368520736694
44.86666488647461 0.3871247470378876 -0.12945951521396637 0.35529348254203796 -0.0015784449642524123 -0.38835272192955017 -0.14286047220230103 0.9103683233261108
44.900001525878906 0.3871355950832367 -0.12947198748588562 0.3554406464099884 -0.001559342141263187 -0.3884488046169281 -0.14295902848243713 0.9103118777275085
44.93333435058594 0.3869686722755432 -0.12935969233512878 0.35548385977745056 -0.001546317245811224 -0.3883686065673828 -0.14295844733715057 0.9103462100028992
44.96666717529297 0.3871104121208191 -0.1295299232006073 0.3553524315357208 -0.001627014484256506 -0.388362318277359 -0.14297232031822205 0.9103465676307678
45.0 0.38725003600120544 -0.12967368960380554 0.3554099202156067 -0.001682548550888896 -0.3884775936603546 -0.14293435215950012 0.9103032946586609
45.03333282470703 0.38717710971832275 -0.1295449584722519 0.35519683361053467 -0.001587489154189825 -0.3883392810821533 -0.1429162323474884 0.9103654026985168
45.06666564941406 0.3871239423751831 -0.12953579425811768 0.35523372888565063 -0.0016147114802151918 -0.38832035660743713 -0.14295552670955658 0.9103672504425049
45.099998474121094 0.3871230483055115 -0.12944526970386505 0.3553304076194763 -0.0015952190151438117 -0.3883637487888336 -0.1429349035024643 0.9103519320487976
45.13333511352539 0.3872147500514984 -0.1295691430568695 0.35538262128829956 -0.0016263899160549045 -0.3884381651878357 -0.14298002421855927 0.910313069820404
45.16666793823242 0.38713914155960083 -0.12955303490161896 0.35524922609329224 -0.0016122772358357906 -0.38834264874458313 -0.14297214150428772 0.9103550314903259
45.20000076293945 0.38729989528656006 -0.12953941524028778 0.35528239607810974 -0.001582780503667891 -0.3884287178516388 -0.14301031827926636 0.9103124737739563
45.233333587646484 0.38702279329299927 -0.12935607135295868 0.3552614450454712 -0.0015512137906625867 -0.3883134722709656 -0.14284496009349823 0.9103876352310181
45.266666412353516 0.38715165853500366 -0.1294858753681183 0.3554649353027344 -0.0016016272129490972 -0.3884314298629761 -0.14281924068927765 0.910341203212738
45.29999923706055 0.38703444600105286 -0.12938304245471954 0.35538890957832336 -0.0015284174587577581 -0.3883809447288513 -0.14296424388885498 0.9103401899337769
45.33333206176758 0.3870968222618103 -0.1294810026884079 0.35530149936676025 -0.0016083356458693743 -0.38834789395332336 -0.14294156432151794 0.910357654094696
45.36666488647461 0.38723352551460266 -0.12958768010139465 0.35522225499153137 -0.0016374363331124187 -0.3883499801158905 -0.14298281073570251 0.9103502631187439
45.400001525878906 0.38704419136047363 -0.12945643067359924 0.3551845848560333 -0.001567439059726894 -0.38829249143600464 -0.14305567741394043 0.9103633761405945
45.43333435058594 0.38694146275520325 -0.12941153347492218 0.35518980026245117 -0.0015767470467835665 -0.388271689414978 -0.1429256796836853 0.9103927612304688
45.46666717529297 0.38701316714286804 -0.12945449352264404 0.3552783727645874 -0.0016090685967355967 -0.38830313086509705 -0.1428506076335907 0.9103910326957703
45.5 0.38711538910865784 -0.129591703414917 0.35506418347358704 -0.0016380945453420281 -0.3882684111595154 -0.14299488067626953 0.9103831052780151
45.53333282470703 0.3872925639152527 -0.12955865263938904 0.3552038371562958 -0.0016243902500718832 -0.38837340474128723 -0.14290691912174225 0.9103521108627319
45.56666564941406 0.3870497941970825 -0.1294013112783432 0.3555530607700348 -0.001580920652486384 -0.38843247294425964 -0.14286737143993378 0.9103332161903381
45.599998474121094 0.38707730174064636 -0.12938733398914337 0.35536059737205505 -0.0015418851980939507 -0.38837316632270813 -0.1429099440574646 0.9103519916534424
45.63333511352539 0.3871246576309204 -0.12948031723499298 0.3554418385028839 -0.0015380013501271605 -0.3884330987930298 -0.14302174746990204 0.9103087782859802
45.66666793823242 0.38703930377960205 -0.1294453889131546 0.3555026352405548 -0.0015734414337202907 -0.38841164112091064 -0.14289528131484985 0.9103378057479858
45.70000076293945 0.3871259391307831 -0.12942828238010406 0.355446457862854 -0.0015627214452251792 -0.3884383738040924 -0.14291486144065857 0.9103233814239502
45.733333587646484 0.38716235756874084 -0.12952236831188202 0.355395644903183 -0.0016233596252277493 -0.3884235918521881 -0.14296570420265198 0.9103215336799622
45.766666412353516 0.38700002431869507 -0.1293894499540329 0.3554503917694092 -0.0015762917464599013 -0.38838696479797363 -0.14282332360744476 0.9103595614433289
45.79999923706055 0.3872123062610626 -0.12958329916000366 0.35514193773269653 -0.0016043843934312463 -0.38834255933761597 -0.14302939176559448 0.9103461503982544
45.83333206176758 0.38695016503334045 -0.12927764654159546 0.3554743230342865 -0.001517939381301403 -0.3883800804615021 -0.1428985744714737 0.9103508591651917
45.86666488647461 0.3871026337146759 -0.12946249544620514 0.3554269075393677 -0.0015758777735754848 -0.3884061574935913 -0.14286255836486816 0.9103453159332275
45.900001525878906 0.38724035024642944 -0.12957127392292023 0.35525524616241455 -0.001630570855922997 -0.38839489221572876 -0.14294752478599548 0.9103366136550903
45.93333435058594 0.3871639370918274 -0.12951408326625824 0.35524240136146545 -0.0016225664876401424 -0.3883369266986847 -0.14295688271522522 0.9103598594665527
45.96666717529297 0.38715860247612 -0.12956176698207855 0.355090856552124 -0.0016164813423529267 -0.38829219341278076 -0.142940491437912 0.9103816151618958
46.0 0.38698717951774597 -0.12936082482337952 0.35538315773010254 -0.0015534126432612538 -0.38835036754608154 -0.14283721148967743 0.9103730320930481
46.03333282470703 0.38721248507499695 -0.12955041229724884 0.3554108142852783 -0.0015970602398738265 -0.3884351849555969 -0.14295071363449097 0.9103189706802368
46.06666564941406 0.3870921730995178 -0.12948083877563477 0.3552020490169525 -0.0016070697456598282 -0.38830456137657166 -0.1429150402545929 0.9103803634643555
46.099998474121094 0.38700976967811584 -0.12943939864635468 0.35541802644729614 -0.0015877543482929468 -0.3883766829967499 -0.14290428161621094 0.9103512167930603
46.13333511352539 0.3872007429599762 -0.1295052021741867 0.3553237318992615 -0.0016107060946524143 -0.3883923292160034 -0.14292041957378387 0.9103419780731201
46.16666793823242 0.38702714443206787 -0.12947100400924683 0.35541993379592896 -0.0015746188582852483 -0.3883872330188751 -0.1429731547832489 0.9103359580039978
46.20000076293945 0.3870512545108795 -0.12948760390281677 0.35520845651626587 -0.0015869459602981806 -0.38829097151756287 -0.14290601015090942 0.9103875756263733
46.233333587646484 0.3871285617351532 -0.12948372960090637 0.3552863299846649 -0.0016057457542046905 -0.3883409798145294 -0.14292281866073608 0.910363495349884
46.266666412353516 0.38703683018684387 -0.12950824201107025 0.3552299439907074 -0.0016025850782170892 -0.3883174657821655 -0.14289537072181702 0.9103779196739197
46.29999923706055 0.38701027631759644 -0.12945115566253662 0.35525012016296387 -0.001537295407615602 -0.38831275701522827 -0.14307528734207153 0.9103517532348633
46.33333206176758 0.38706064224243164 -0.1294623464345932 0.35517874360084534 -0.0015983597841113806 -0.38830041885375977 -0.14294111728668213 0.9103780388832092
46.36666488647461 0.38710159063339233 -0.12948870658874512 0.35526540875434875 -0.0015801717527210712 -0.38832229375839233 -0.14297394454479218 0.910363495349884
46.400001525878906 0.38715916872024536 -0.12949679791927338 0.35525742173194885 -0.0015923695173114538 -0.38832831382751465 -0.14297156035900116 0.9103613495826721
46.43333435058594 0.3871228098869324 -0.12947885692119598 0.35551121830940247 -0.0015752746257930994 -0.38842928409576416 -0.14299996197223663 0.9103138446807861
46.46666717529297 0.38712552189826965 -0.12950919568538666 0.3552541434764862 -0.0015751358587294817 -0.38835951685905457 -0.1430322825908661 0.9103385210037231
46.5 0.38717153668403625 -0.1294914036989212 0.35521602630615234 -0.0015924490289762616 -0.3883277475833893 -0.1429169774055481 0.9103701710700989
46.53333282470703 0.3871704936027527 -0.12955190241336823 0.3553079664707184 -0.0016153021715581417 -0.38836440443992615 -0.14291995763778687 0.9103540182113647
46.56666564941406 0.38711628317832947 -0.1295294314622879 0.35537880659103394 -0.0015811159973964095 -0.38839006423950195 -0.1429683119058609 0.9103354811668396
46.599998474121094 0.38712844252586365 -0.12955719232559204 0.3551578223705292 -0.001602165400981903 -0.38830843567848206 -0.14298205077648163 0.9103682041168213
46.63333511352539 0.38722336292266846 -0.12953263521194458 0.3552558720111847 -0.001641928101889789 -0.38838234543800354 -0.14295656979084015 0.9103406071662903
46.66666793823242 0.3869812488555908 -0.12938417494297028 0.35548466444015503 -0.0015649341512471437 -0.3883819580078125 -0.14285552501678467 0.9103567600250244
46.70000076293945 0.3872237801551819 -0.1295872926712036 0.3551975190639496 -0.001605755416676402 -0.38834497332572937 -0.14302614331245422 0.9103455543518066
46.733333587646484 0.3872850239276886 -0.1296413242816925 0.3552638292312622 -0.00164943712297827 -0.38839608430862427 -0.14296762645244598 0.9103329181671143
46.766666412353516 0.3871026039123535 -0.12950697541236877 0.355242520570755 -0.0016095025930553675 -0.3883192241191864 -0.14298075437545776 0.9103636741638184
46.79999923706055 0.3873295783996582 -0.12967436015605927 0.35532036423683167 -0.0016714277444407344 -0.38846033811569214 -0.14293313026428223 0.9103109240531921
46.83333206176758 0.3870919942855835 -0.12959137558937073 0.3551046550273895 -0.001633398700505495 -0.38829460740089417 -0.14309252798557281 0.9103567004203796
46.86666488647461 0.38709211349487305 -0.1294526606798172 0.35535281896591187 -0.0015719950897619128 -0.3883635401725769 -0.14287570118904114 0.9103614091873169
46.900001525878906 0.38714155554771423 -0.12954379618167877 0.3550048768520355 -0.0015765165444463491 -0.38826531171798706 -0.14301136136054993 0.9103820323944092
46.93333435058594 0.3871273696422577 -0.12954092025756836 0.3550574481487274 -0.0016385184135288 -0.38827189803123474 -0.14297381043434143 0.910385012626648
46.96666717529297 0.3871380388736725 -0.12947367131710052 0.35543182492256165 -0.0015804596478119493 -0.388418585062027 -0.14288516342639923 0.9103363752365112
47.0 0.3871925473213196 -0.12957456707954407 0.35518932342529297 -0.001638159272260964 -0.38833844661712646 -0.14295972883701324 0.910358726978302
47.03333282470703 0.3871038854122162 -0.1294778436422348 0.3554345369338989 -0.0015692367451265454 -0.38840991258621216 -0.14292487502098083 0.9103338718414307
47.06666564941406 0.38718611001968384 -0.12949815392494202 0.35543960332870483 -0.0015730565646663308 -0.38842684030532837 -0.14287886023521423 0.9103339314460754
47.099998474121094 0.3870527744293213 -0.12944458425045013 0.3554099202156067 -0.001591439708136022 -0.38838520646095276 -0.14288270473480225 0.910351037979126
47.13333511352539 0.3871053457260132 -0.12956543266773224 0.35535144805908203 -0.0015679523348808289 -0.388395756483078 -0.14307400584220886 0.910316526889801
47.16666793823242 0.38697901368141174 -0.1294129639863968 0.35546016693115234 -0.0015673557063564658 -0.38838428258895874 -0.14293107390403748 0.9103438854217529
47.20000076293945 0.3870258927345276 -0.12941211462020874 0.3552784025669098 -0.001560993492603302 -0.3883039057254791 -0.1429527997970581 0.9103747606277466
47.233333587646484 0.3871079385280609 -0.1295270323753357 0.35531049966812134 -0.001640086411498487 -0.3883587419986725 -0.14287981390953064 0.910362720489502
47.266666412353516 0.38701584935188293 -0.129442498087883 0.3553425073623657 -0.0016010320978239179 -0.38832274079322815 -0.14283962547779083 0.9103844165802002
47.29999923706055 0.3871138393878937 -0.1295354962348938 0.35508713126182556 -0.0016159727238118649 -0.3882772922515869 -0.14308513700962067 0.9103651642799377
47.33333206176758 0.3872113823890686 -0.12964943051338196 0.35524749755859375 -0.0016545860562473536 -0.3883691430091858 -0.1429993063211441 0.9103394150733948
47.36666488647461 0.3868442177772522 -0.12935520708560944 0.35559675097465515 -0.0015106856590136886 -0.3884117305278778 -0.14292991161346436 0.910332441329956
47.400001525878906 0.3869650363922119 -0.12937822937965393 0.3555832803249359 -0.0015433045336976647 -0.38841712474823 -0.14286012947559357 0.9103410243988037
47.43333435058594 0.3872266411781311 -0.1296892613172531 0.3553043603897095 -0.0016495584277436137 -0.38842830061912537 -0.14308509230613708 0.9103007316589355
47.46666717529297 0.3871482312679291 -0.12946981191635132 0.35528722405433655 -0.0015741442330181599 -0.3883710205554962 -0.14302901923656464 0.9103341102600098
47.5 0.3872305154800415 -0.12952175736427307 0.35528379678726196 -0.0015928742941468954 -0.38836735486984253 -0.14300554990768433 0.9103392958641052
47.53333282470703 0.3873012959957123 -0.129610076546669 0.35543709993362427 -0.0016639574896544218 -0.3884807825088501 -0.1429075300693512 0.9103061556816101
47.56666564941406 0.38729017972946167 -0.1296064853668213 0.3552424907684326 -0.0016558713978156447 -0.3883726894855499 -0.142999529838562 0.9103378653526306
47.599998474121094 0.3870390057563782 -0.12944288551807404 0.3554706275463104 -0.001588159124366939 -0.3883886933326721 -0.1428784728050232 0.9103502035140991
47.63333511352539 0.3870986998081207 -0.1295141577720642 0.35545584559440613 -0.0015902129234746099 -0.38841545581817627 -0.14299553632736206 0.9103204607963562
47.66666793823242 0.3870956003665924 -0.1294579952955246 0.3552360534667969 -0.0016013175481930375 -0.38830333948135376 -0.14288295805454254 0.9103859066963196
47.70000076293945 0.3870181143283844 -0.1294795423746109 0.35524123907089233 -0.0015452622901648283 -0.3883194923400879 -0.14292266964912415 0.9103729128837585
47.733333587646484 0.38735923171043396 -0.12962502241134644 0.35528016090393066 -0.0016157494392246008 -0.38844820857048035 -0.1430753767490387 0.9102938175201416
47.766666412353516 0.38715341687202454 -0.12956546247005463 0.35531172156333923 -0.0016244110884144902 -0.3883718252182007 -0.14293812215328217 0.9103478789329529
47.79999923706055 0.3871394693851471 -0.1294190138578415 0.3554486334323883 -0.0015449428465217352 -0.38840675354003906 -0.1429705023765564 0.9103281497955322
47.83333206176758 0.3871930241584778 -0.12961231172084808 0.35505953431129456 -0.0016451263800263405 -0.38829347491264343 -0.14311771094799042 0.9103531241416931
47.86666488647461 0.3871394991874695 -0.1295013576745987 0.3553104102611542 -0.00158360181376338 -0.3883761763572693 -0.1429828703403473 0.9103391170501709
47.900001525878906 0.3870748281478882 -0.12951718270778656 0.3552286922931671 -0.0016104727983474731 -0.3883201777935028 -0.1429542750120163 0.9103675484657288
47.93333435058594 0.3873400092124939 -0.12970781326293945 0.35523152351379395 -0.0017169652273878455 -0.38840797543525696 -0.14295674860477448 0.9103294014930725
47.96666717529297 0.38713303208351135 -0.1294858753681183 0.35538044571876526 -0.001593862776644528 -0.3883928656578064 -0.142914816737175 0.9103427529335022
48.0 0.38696080446243286 -0.12935024499893188 0.355471134185791 -0.0015692503657191992 -0.38836923241615295 -0.14283451437950134 0.9103654026985168
48.03333282470703 0.38705238699913025 -0.1294732391834259 0.3551751673221588 -0.0015468925703316927 -0.38827410340309143 -0.14298789203166962 0.9103819727897644
48.06666564941406 0.3871137201786041 -0.12953224778175354 0.3552014231681824 -0.0016004166100174189 -0.38829928636550903 -0.14299935102462769 0.9103693962097168
48.099998474121094 0.38711193203926086 -0.12955547869205475 0.3552704453468323 -0.0016314650420099497 -0.388347327709198 -0.14293383061885834 0.9103590846061707
48.13333511352539 0.38722342252731323 -0.12957122921943665 0.35516613721847534 -0.0016217267839238048 -0.388327419757843 -0.14299724996089935 0.910357654094696
48.16666793823242 0.3869503140449524 -0.1293822079896927 0.3553173542022705 -0.0015622451901435852 -0.38830751180648804 -0.1428942084312439 0.9103824496269226
48.20000076293945 0.38706105947494507 -0.12939606606960297 0.3555639088153839 -0.0015683085657656193 -0.388455867767334 -0.1428503841161728 0.9103260040283203
48.233333587646484 0.387136310338974 -0.12955626845359802 0.3552035987377167 -0.0016289267223328352 -0.3883182108402252 -0.14298875629901886 0.9103628993034363
48.266666412353516 0.3871384561061859 -0.12954586744308472 0.35510385036468506 -0.0016547738341614604 -0.38828304409980774 -0.1428724080324173 0.9103960990905762
48.29999923706055 0.38712695240974426 -0.12948831915855408 0.35513025522232056 -0.0015891450457274914 -0.38829505443573 -0.14297953248023987 0.9103742241859436
48.33333206176758 0.3869660198688507 -0.1294485330581665 0.3553367257118225 -0.0015753881307318807 -0.38831230998039246 -0.14304766058921814 0.9103562235832214
48.36666488647461 0.38708415627479553 -0.12958133220672607 0.35522016882896423 -0.0016138300998136401 -0.38831815123558044 -0.1431661993265152 0.9103350043296814
48.400001525878906 0.38705354928970337 -0.12951335310935974 0.35538750886917114 -0.0015777313383296132 -0.38836222887039185 -0.14297814667224884 0.9103458523750305
48.43333435058594 0.3871554434299469 -0.1295919120311737 0.35531601309776306 -0.001622834475710988 -0.3883745074272156 -0.14302676916122437 0.9103329181671143
48.46666717529297 0.387216180562973 -0.12955273687839508 0.3553752899169922 -0.001613445463590324 -0.388407826423645 -0.14291806519031525 0.9103357791900635
48.5 0.3870539367198944 -0.12947021424770355 0.3553568124771118 -0.001581948366947472 -0.3883526623249054 -0.14294391870498657 0.910355269908905
48.53333282470703 0.3872210681438446 -0.12957802414894104 0.3552395701408386 -0.00168013630900532 -0.38837599754333496 -0.14290179312229156 0.9103517532348633
48.56666564941406 0.3872745633125305 -0.12957899272441864 0.3551948070526123 -0.0016250598710030317 -0.3883577883243561 -0.14300329983234406 0.9103437662124634
48.599998474121094 0.3871307969093323 -0.1295417696237564 0.3551837205886841 -0.0016249283216893673 -0.38830506801605225 -0.14299385249614716 0.9103677272796631
48.63333511352539 0.38700002431869507 -0.12957124412059784 0.3553793132305145 -0.00159158231690526 -0.38836780190467834 -0.14303337037563324 0.9103348255157471
48.66666793823242 0.3871243894100189 -0.12954123318195343 0.3552614748477936 -0.0015998861053958535 -0.38833191990852356 -0.1430048644542694 0.910354495048523
48.70000076293945 0.38710451126098633 -0.1294836699962616 0.3551580607891083 -0.001607472193427384 -0.3882773518562317 -0.14292019605636597 0.9103911519050598
48.733333587646484 0.3870978057384491 -0.12951095402240753 0.3552999198436737 -0.0016158727230504155 -0.3883589506149292 -0.1429126262664795 0.9103575348854065
48.766666412353516 0.38713309168815613 -0.1294844001531601 0.35528329014778137 -0.0015837555984035134 -0.3883555233478546 -0.14297689497470856 0.9103489518165588
48.79999923706055 0.38721969723701477 -0.12968631088733673 0.35534167289733887 -0.001656225649639964 -0.3883991539478302 -0.1429983377456665 0.9103268384933472
48.83333206176758 0.3871352970600128 -0.1295671910047531 0.3553404211997986 -0.0015907849883660674 -0.38839253783226013 -0.14302252233028412 0.9103260040283203
48.86666488647461 0.3870552182197571 -0.12955273687839508 0.35538557171821594 -0.001622651470825076 -0.388372004032135 -0.14292246103286743 0.9103503227233887
48.900001525878906 0.38731861114501953 -0.12960822880268097 0.3555736839771271 -0.0016134468605741858 -0.3885261118412018 -0.14299669861793518 0.9102728962898254
48.93333435058594 0.38713929057121277 -0.12939591705799103 0.3552797734737396 -0.0015145200304687023 -0.38835397362709045 -0.14300957322120667 0.9103445410728455
48.96666717529297 0.38711240887641907 -0.12953031063079834 0.3551636040210724 -0.0015788387972861528 -0.3883029818534851 -0.14299795031547546 0.9103680849075317
49.0 0.38708728551864624 -0.12947717308998108 0.35528823733329773 -0.001616189256310463 -0.38834261894226074 -0.14291702210903168 0.9103637933731079
49.03333282470703 0.3871820569038391 -0.12942300736904144 0.3553939759731293 -0.0015500790905207396 -0.3884170949459076 -0.14295576512813568 0.9103260040283203
49.06666564941406 0.38706254959106445 -0.12950684130191803 0.3553701639175415 -0.0015894077951088548 -0.3883639872074127 -0.14293955266475677 0.9103512167930603
49.099998474121094 0.38713377714157104 -0.12944480776786804 0.35528621077537537 -0.0015192051650956273 -0.38836079835891724 -0.14300017058849335 0.9103431701660156
49.13333511352539 0.3871859312057495 -0.12951937317848206 0.3551890254020691 -0.0016284612938761711 -0.38831228017807007 -0.14292077720165253 0.9103761315345764
49.16666793823242 0.38711482286453247 -0.1295008361339569 0.3553807735443115 -0.001605485682375729 -0.38839125633239746 -0.14294172823429108 0.9103391170501709
49.20000076293945 0.38700538873672485 -0.12940625846385956 0.3555694818496704 -0.0015381594421342015 -0.3884342908859253 -0.14297419786453247 0.9103158712387085
49.233333587646484 0.3870276212692261 -0.12945139408111572 0.3554399907588959 -0.0015589450486004353 -0.3883894085884094 -0.1430254578590393 0.9103268980979919
49.266666412353516 0.3870778977870941 -0.12950797379016876 0.35540997982025146 -0.001583762583322823 -0.38838911056518555 -0.14296653866767883 0.9103361368179321
49.29999923706055 0.38697555661201477 -0.12947601079940796 0.3554949462413788 -0.001587090315297246 -0.3884049654006958 -0.14295294880867004 0.9103314876556396
49.33333206176758 0.38696199655532837 -0.12951812148094177 0.3555384874343872 -0.001544394064694643 -0.3884361982345581 -0.14314183592796326 0.9102885723114014
49.36666488647461 0.3871554136276245 -0.12949597835540771 0.3553865849971771 -0.001544936210848391 -0.3884321451187134 -0.14301656186580658 0.9103100895881653
49.400001525878906 0.3871288299560547 -0.12959615886211395 0.35527199506759644 -0.0016000330215319991 -0.3883459270000458 -0.14312425255775452 0.9103298187255859
49.43333435058594 0.3871980905532837 -0.12949414551258087 0.35563036799430847 -0.0015575540019199252 -0.3885503113269806 -0.1429804116487503 0.9102652668952942
49.46666717529297 0.3872162997722626 -0.12951955199241638 0.35529735684394836 -0.001557744573801756 -0.38836950063705444 -0.1430918127298355 0.9103249311447144
49.5 0.38723722100257874 -0.12953287363052368 0.35534366965293884 -0.0016046782257035375 -0.38841867446899414 -0.14294473826885223 0.9103270173072815
49.53333282470703 0.38708287477493286 -0.12949666380882263 0.3552967309951782 -0.0015783561393618584 -0.38835299015045166 -0.14293883740901947 0.9103560447692871
49.56666564941406 0.3872270882129669 -0.12949615716934204 0.35537025332450867 -0.0015953828115016222 -0.388431578874588 -0.14291775226593018 0.9103257656097412
49.599998474121094 0.38719841837882996 -0.12953563034534454 0.3552279770374298 -0.0015990942483767867 -0.3883582651615143 -0.14302964508533478 0.9103394746780396
49.63333511352539 0.38697803020477295 -0.12939049303531647 0.3553329110145569 -0.0014813116285949945 -0.3883574903011322 -0.14300239086151123 0.9103442430496216
49.66666793823242 0.3870592415332794 -0.12951581180095673 0.3554314076900482 -0.0015802746638655663 -0.3883843719959259 -0.14297233521938324 0.9103373885154724
49.70000076293945 0.3871610164642334 -0.12954361736774445 0.3552928864955902 -0.0016131034353747964 -0.3883819878101349 -0.1429574340581894 0.9103406071662903
49.733333587646484 0.3871534466743469 -0.12956973910331726 0.35523515939712524 -0.0015751871978864074 -0.3883412182331085 -0.14305874705314636 0.9103420972824097
49.766666412353516 0.38719627261161804 -0.1295008510351181 0.35529273748397827 -0.0016012017149478197 -0.38836905360221863 -0.14295269548892975 0.9103468656539917
49.79999923706055 0.38720446825027466 -0.12950927019119263 0.355302095413208 -0.0015694024041295052 -0.38837727904319763 -0.14295704662799835 0.910342812538147
49.83333206176758 0.3871544897556305 -0.129550501704216 0.355225145816803 -0.0016053831204771996 -0.38832974433898926 -0.1430722326040268 0.9103448987007141
49.86666488647461 0.38721996545791626 -0.12955255806446075 0.3554037809371948 -0.0016122185625135899 -0.3884499967098236 -0.14304135739803314 0.9102984666824341
49.900001525878906 0.3870832026004791 -0.12942636013031006 0.35534214973449707 -0.0015966128557920456 -0.3883536159992218 -0.14284420013427734 0.9103704690933228
49.93333435058594 0.38728344440460205 -0.1296212077140808 0.3557089865207672 -0.001597603433765471 -0.3886014223098755 -0.1430828869342804 0.9102272987365723
49.96666717529297 0.3871054947376251 -0.12952019274234772 0.355319082736969 -0.0015930976951494813 -0.3883751332759857 -0.14300015568733215 0.9103368520736694
50.0 0.38709744811058044 -0.1295732855796814 0.3551632761955261 -0.0016132824821397662 -0.38830476999282837 -0.14302386343479156 0.9103630781173706
50.03333282470703 0.3868682086467743 -0.12932118773460388 0.35527724027633667 -0.0015199425397440791 -0.3882754147052765 -0.14288483560085297 0.9103975892066956
50.06666564941406 0.38714781403541565 -0.1295020878314972 0.3555607795715332 -0.001599539420567453 -0.3884655237197876 -0.142887681722641 0.910315990447998
50.099998474121094 0.3871290683746338 -0.12946704030036926 0.35540857911109924 -0.001601097290404141 -0.38839778304100037 -0.14287318289279938 0.9103471040725708
50.13333511352539 0.3871323764324188 -0.12950442731380463 0.3553958237171173 -0.0016067519318312407 -0.388403981924057 -0.14291611313819885 0.9103376865386963
50.16666793823242 0.38706302642822266 -0.12947824597358704 0.35519224405288696 -0.001599528593942523 -0.3883085250854492 -0.1429857462644577 0.9103675484657288
50.20000076293945 0.3870801031589508 -0.12951210141181946 0.3553124666213989 -0.0016014701686799526 -0.38835349678993225 -0.14292554557323456 0.9103578329086304
50.233333587646484 0.38726741075515747 -0.12962181866168976 0.35523682832717896 -0.0016362265450879931 -0.3883706033229828 -0.14299702644348145 0.9103391766548157
50.266666412353516 0.3870919346809387 -0.129472553730011 0.35539770126342773 -0.0015937433345243335 -0.38837960362434387 -0.14290949702262878 0.9103491902351379
50.29999923706055 0.38718757033348083 -0.12951365113258362 0.3554469645023346 -0.0016052770661190152 -0.3884510099887848 -0.142945796251297 0.9103130102157593
50.33333206176758 0.38714393973350525 -0.1295178234577179 0.35535702109336853 -0.001569060841575265 -0.3883935213088989 -0.14298133552074432 0.9103320240974426
50.36666488647461 0.38709160685539246 -0.12945613265037537 0.3553280830383301 -0.0015696397749707103 -0.3883587419986725 -0.14291973412036896 0.9103565812110901
50.400001525878906 0.38721272349357605 -0.12952205538749695 0.35537657141685486 -0.0015814377693459392 -0.3884201645851135 -0.14298120141029358 0.9103206396102905
50.43333435058594 0.3870891332626343 -0.12953735888004303 0.35525134205818176 -0.001595773734152317 -0.3883509635925293 -0.14298290014266968 0.9103499054908752
50.46666717529297 0.3869635760784149 -0.1294925957918167 0.3552250862121582 -0.0016084087546914816 -0.3882773816585541 -0.1429169923067093 0.9103915691375732
50.5 0.38706955313682556 -0.12951599061489105 0.35523542761802673 -0.001603282056748867 -0.388323575258255 -0.1430031955242157 0.9103583693504333
50.53333282470703 0.38718461990356445 -0.12952907383441925 0.35542166233062744 -0.0015960816526785493 -0.38842785358428955 -0.14299318194389343 0.9103155136108398
50.56666564941406 0.38724127411842346 -0.12950241565704346 0.3554416298866272 -0.001565729035064578 -0.38845404982566833 -0.1429751217365265 0.9103071689605713
50.599998474121094 0.38719046115875244 -0.1295827180147171 0.35535016655921936 -0.0016406656941398978 -0.38842451572418213 -0.14296694099903107 0.9103208780288696
50.63333511352539 0.3873312771320343 -0.12963353097438812 0.35543492436408997 -0.0016158849466592073 -0.38849690556526184 -0.14302818477153778 0.9102804660797119
50.66666793823242 0.38705766201019287 -0.12946312129497528 0.3552575409412384 -0.0015621796483173966 -0.3883186876773834 -0.14300504326820374 0.9103601574897766
50.70000076293945 0.38721033930778503 -0.12957777082920074 0.3553941547870636 -0.0016269077314063907 -0.38843679428100586 -0.1429934799671173 0.9103115797042847
50.733333587646484 0.38721317052841187 -0.12963533401489258 0.35543468594551086 -0.0016394582344219089 -0.3884316384792328 -0.14299757778644562 0.9103131294250488
50.766666412353516 0.3869354724884033 -0.12948787212371826 0.35531389713287354 -0.001518041710369289 -0.3883195221424103 -0.14317010343074799 0.9103339910507202
50.79999923706055 0.38713982701301575 -0.12950865924358368 0.35558846592903137 -0.0016201395774260163 -0.38848182559013367 -0.1428527683019638 0.9103145003318787
50.83333206176758 0.3871784806251526 -0.12944960594177246 0.3553459346294403 -0.001575388596393168 -0.3883891999721527 -0.14291079342365265 0.9103449583053589
50.86666488647461 0.38712307810783386 -0.1294916719198227 0.3553957939147949 -0.001586657832376659 -0.38838884234428406 -0.1429976224899292 0.9103314876556396
50.900001525878906 0.387050062417984 -0.1295119971036911 0.3553456664085388 -0.0015951561508700252 -0.388336181640625 -0.143019437789917 0.9103504419326782
50.93333435058594 0.387263685464859 -0.1296427696943283 0.35546961426734924 -0.0015931183006614447 -0.3885100185871124 -0.14314135909080505 0.91025710105896
50.96666717529297 0.38709890842437744 -0.12938667833805084 0.3554055094718933 -0.0015461365692317486 -0.38838303089141846 -0.14294375479221344 0.9103425145149231
51.0 0.38695812225341797 -0.12944836914539337 0.35529831051826477 -0.0015827600145712495 -0.3883037865161896 -0.14294299483299255 0.9103763103485107
51.03333282470703 0.38719460368156433 -0.1294662356376648 0.3554159700870514 -0.0015575815923511982 -0.38841187953948975 -0.1428881287574768 0.910338819026947
51.06666564941406 0.3871673047542572 -0.12950968742370605 0.355538934469223 -0.0015912908129394054 -0.388467937707901 -0.14298482239246368 0.9102995991706848
51.099998474121094 0.3870856463909149 -0.1294994205236435 0.3553180992603302 -0.001588258775882423 -0.38836202025413513 -0.14297829568386078 0.9103458523750305
51.13333511352539 0.3872223496437073 -0.12950830161571503 0.3554598093032837 -0.0015805690782144666 -0.3884628117084503 -0.14290457963943481 0.9103145003318787
51.16666793823242 0.3871731758117676 -0.129475399851799 0.35541948676109314 -0.00156397745013237 -0.388406366109848 -0.1430046260356903 0.910322904586792
51.20000076293945 0.38725796341896057 -0.12955529987812042 0.3553222119808197 -0.001584521378390491 -0.3884076178073883 -0.14296016097068787 0.9103293418884277
51.233333587646484 0.3870770037174225 -0.12947285175323486 0.3553149700164795 -0.0015737353824079037 -0.38834699988365173 -0.14301908016204834 0.9103459715843201
51.266666412353516 0.3869340121746063 -0.1294821947813034 0.3553122878074646 -0.001596607151441276 -0.38834792375564575 -0.1429440826177597 0.9103572368621826
51.29999923706055 0.38741233944892883 -0.12981544435024261 0.3553274869918823 -0.0017004278488457203 -0.3885035216808319 -0.14308352768421173 0.9102687239646912
51.33333206176758 0.38722124695777893 -0.12956655025482178 0.3554094731807709 -0.0016166463028639555 -0.3884194791316986 -0.14301036298274994 0.9103163480758667
51.36666488647461 0.38707828521728516 -0.12946270406246185 0.3553255796432495 -0.0015722501557320356 -0.38835224509239197 -0.142943874001503 0.9103555083274841
51.400001525878906 0.3871157765388489 -0.12946853041648865 0.35535091161727905 -0.001541551435366273 -0.3883862793445587 -0.1429629772901535 0.9103379845619202
51.43333435058594 0.3871186077594757 -0.12945014238357544 0.3553856611251831 -0.001551190740428865 -0.38839542865753174 -0.14294590055942535 0.9103368520736694
51.46666717529297 0.3871329724788666 -0.12951891124248505 0.3553749918937683 -0.0015493802493438125 -0.3884212076663971 -0.14307130873203278 0.9103060364723206
51.5 0.3871660828590393 -0.12951290607452393 0.35547882318496704 -0.0015880400314927101 -0.3884526789188385 -0.14296714961528778 0.9103089570999146
51.53333282470703 0.3870827257633209 -0.12945058941841125 0.35551631450653076 -0.001547790365293622 -0.38844069838523865 -0.14295955002307892 0.9103153347969055
51.56666564941406 0.3871697783470154 -0.1295453906059265 0.35541659593582153 -0.0015961132012307644 -0.38842707872390747 -0.143049418926239 0.910306990146637
51.599998474121094 0.3871721625328064 -0.12958545982837677 0.35546329617500305 -0.0016057221218943596 -0.3884357213973999 -0.14304357767105103 0.9103042483329773
51.63333511352539 0.38714247941970825 -0.1295459270477295 0.35550835728645325 -0.0015935498522594571 -0.3884540796279907 -0.1430017352104187 0.9103029370307922
51.66666793823242 0.38705697655677795 -0.1294427216053009 0.35543397068977356 -0.001546121435239911 -0.38839712738990784 -0.14302699267864227 0.9103233218193054
51.70000076293945 0.3873066008090973 -0.12952718138694763 0.3554236888885498 -0.001594279077835381 -0.388465940952301 -0.14291752874851227 0.9103110432624817
51.733333587646484 0.38712555170059204 -0.12954890727996826 0.355243057012558 -0.0015977087896317244 -0.38834863901138306 -0.14297479391098022 0.9103521704673767
51.766666412353516 0.3870556354522705 -0.12945467233657837 0.3553647994995117 -0.0015761733520776033 -0.3883696496486664 -0.14291591942310333 0.9103525280952454
51.79999923706055 0.38708385825157166 -0.1295253038406372 0.3552567958831787 -0.0016163873951882124 -0.3883383870124817 -0.14297690987586975 0.9103561639785767
51.83333206176758 0.3872552514076233 -0.12954342365264893 0.35519692301750183 -0.001570827211253345 -0.38837572932243347 -0.1430979073047638 0.9103213548660278
51.86666488647461 0.387297123670578 -0.12956294417381287 0.3554496467113495 -0.001614070381037891 -0.388512521982193 -0.1429440975189209 0.9102869629859924
51.900001525878906 0.38713452219963074 -0.12943600118160248 0.3555421233177185 -0.001556467730551958 -0.38844621181488037 -0.14290644228458405 0.9103212356567383
51.93333435058594 0.3871809244155884 -0.1296437829732895 0.3552510142326355 -0.0016385919880121946 -0.38834574818611145 -0.14306063950061798 0.9103398323059082
51.96666717529297 0.3872196078300476 -0.12965135276317596 0.3550088703632355 -0.0016493446892127395 -0.38831815123558044 -0.14300107955932617 0.9103609919548035
52.0 0.38715726137161255 -0.12947377562522888 0.35524845123291016 -0.0015795242507010698 -0.3883677124977112 -0.14294874668121338 0.9103481769561768
52.03333282470703 0.3871212601661682 -0.12949605286121368 0.35547447204589844 -0.0015807256568223238 -0.3884281814098358 -0.14304345846176147 0.9103074669837952
52.06666564941406 0.3870132267475128 -0.1295124590396881 0.3552691638469696 -0.0015642634825780988 -0.3883199989795685 -0.14301109313964844 0.910358726978302
52.099998474121094 0.38706356287002563 -0.12953202426433563 0.35521823167800903 -0.0015918274875730276 -0.3883030116558075 -0.14295841753482819 0.9103741645812988
52.13333511352539 0.3870183229446411 -0.12943440675735474 0.3555748462677002 -0.0015685077523812652 -0.38842153549194336 -0.14290250837802887 0.910332441329956
52.16666793823242 0.38733717799186707 -0.12959888577461243 0.3553643822669983 -0.0016457103192806244 -0.3884822428226471 -0.14295127987861633 0.910298764705658
52.20000076293945 0.38717326521873474 -0.12956716120243073 0.3552600145339966 -0.001634700340218842 -0.38836905360221863 -0.1430457979440689 0.9103322625160217
52.233333587646484 0.38711827993392944 -0.12954707443714142 0.35531026124954224 -0.0015429737977683544 -0.3883497714996338 -0.14301243424415588 0.9103458523750305
52.266666412353516 0.3871554136276245 -0.12960922718048096 0.35532256960868835 -0.001589413033798337 -0.388386607170105 -0.14310558140277863 0.9103154540061951
52.29999923706055 0.38714033365249634 -0.1295311003923416 0.3554832935333252 -0.0016097849002107978 -0.3884246349334717 -0.1429281085729599 0.9103269577026367
52.33333206176758 0.38705727458000183 -0.12947869300842285 0.3552977442741394 -0.0015546941431239247 -0.3883591592311859 -0.14299124479293823 0.910345196723938
52.36666488647461 0.387127161026001 -0.1295355260372162 0.3552210330963135 -0.0015887732151895761 -0.38833415508270264 -0.14302432537078857 0.9103506207466125
52.400001525878906 0.3871370553970337 -0.12949518859386444 0.35550522804260254 -0.0015747748548164964 -0.3884344696998596 -0.14291690289974213 0.9103245735168457
52.43333435058594 0.38701504468917847 -0.12947234511375427 0.3553429841995239 -0.0015543759800493717 -0.3883512616157532 -0.1430160105228424 0.910344660282135
52.46666717529297 0.3870415985584259 -0.12942121922969818 0.3553697168827057 -0.0015429332852363586 -0.3883674442768097 -0.1429765373468399 0.9103438854217529
52.5 0.3871350586414337 -0.12945500016212463 0.35546794533729553 -0.001571789849549532 -0.38841667771339417 -0.1428995281457901 0.9103349447250366
52.53333282470703 0.3872070610523224 -0.12961243093013763 0.35516640543937683 -0.0016727243782952428 -0.3883161246776581 -0.14298491179943085 0.9103643298149109
52.56666564941406 0.3872174620628357 -0.1295894980430603 0.35531339049339294 -0.0016419172752648592 -0.38840872049331665 -0.14301875233650208 0.9103195667266846
52.599998474121094 0.3871561288833618 -0.12954750657081604 0.3554268479347229 -0.0015783743001520634 -0.38842466473579407 -0.1430198699235916 0.9103127121925354
52.63333511352539 0.38724467158317566 -0.12945954501628876 0.3553764224052429 -0.0015488940989598632 -0.3884250521659851 -0.14301224052906036 0.9103136658668518
52.66666793823242 0.38718509674072266 -0.12961557507514954 0.35527539253234863 -0.0016169733135029674 -0.38835322856903076 -0.1431194245815277 0.9103274345397949
52.70000076293945 0.3872271180152893 -0.12960463762283325 0.355281263589859 -0.0016535723116248846 -0.3883763253688812 -0.14299339056015015 0.9103372693061829
52.733333587646484 0.3872424364089966 -0.1296265870332718 0.35547497868537903 -0.0016314961249008775 -0.388447105884552 -0.1430310308933258 0.9103012681007385
52.766666412353516 0.38745108246803284 -0.1296474039554596 0.3556293547153473 -0.0016218979144468904 -0.38863494992256165 -0.1429872214794159 0.9102279543876648
52.79999923706055 0.3871009945869446 -0.1294434666633606 0.35543936491012573 -0.0015573612181469798 -0.38841548562049866 -0.1429833322763443 0.9103223085403442
52.83333206176758 0.3871397376060486 -0.12958386540412903 0.35515937209129333 -0.0016076425090432167 -0.38831454515457153 -0.14305952191352844 0.9103533625602722
52.86666488647461 0.3870832920074463 -0.12952125072479248 0.355152428150177 -0.0016062993090599775 -0.3882940709590912 -0.14300252497196198 0.9103711247444153
52.900001525878906 0.38725265860557556 -0.12955383956432343 0.35546115040779114 -0.0016078937333077192 -0.3884815275669098 -0.1429758071899414 0.910295307636261
52.93333435058594 0.38707417249679565 -0.12949436902999878 0.3553019165992737 -0.0015630493871867657 -0.3883567154407501 -0.14302584528923035 0.9103407859802246
52.96666717529297 0.3870290219783783 -0.12957870960235596 0.3554624617099762 -0.0016125405672937632 -0.3883962333202362 -0.14302438497543335 0.9103240966796875
53.0 0.3870120644569397 -0.12942838668823242 0.3552761375904083 -0.0015557751758024096 -0.3883236348628998 -0.14285124838352203 0.9103823304176331
53.03333282470703 0.38700369000434875 -0.12945173680782318 0.355388879776001 -0.0015635892050340772 -0.3883480727672577 -0.14292137324810028 0.9103608131408691
53.06666564941406 0.38732150197029114 -0.12959319353103638 0.35512852668762207 -0.0016159527003765106 -0.38835299015045166 -0.1429935097694397 0.9103472828865051
53.099998474121094 0.38719457387924194 -0.1295316517353058 0.35523831844329834 -0.0016272015636786819 -0.3883718252182007 -0.14287151396274567 0.9103584885597229
53.13333511352539 0.3871144652366638 -0.1294412463903427 0.35540226101875305 -0.0015938300639390945 -0.3883795142173767 -0.14287406206130981 0.9103547930717468
53.16666793823242 0.38711801171302795 -0.12950633466243744 0.35538622736930847 -0.001572335371747613 -0.3883965313434601 -0.14305420219898224 0.9103192687034607
53.20000076293945 0.3871819078922272 -0.1295396387577057 0.3555964529514313 -0.001598636037670076 -0.38850948214530945 -0.14290764927864075 0.9102939963340759
53.233333587646484 0.38714054226875305 -0.1294795274734497 0.3552972972393036 -0.0015361163532361388 -0.38836851716041565 -0.1430164873600006 0.9103372693061829
53.266666412353516 0.3870660662651062 -0.12959514558315277 0.35530567169189453 -0.001616150140762329 -0.38832658529281616 -0.1431073397397995 0.9103407263755798
53.29999923706055 0.3871634602546692 -0.12956295907497406 0.35531607270240784 -0.0016208740416914225 -0.38837265968322754 -0.14290791749954224 0.9103524088859558
53.33333206176758 0.38728398084640503 -0.12971167266368866 0.35533764958381653 -0.0016339293215423822 -0.3884492516517639 -0.14307235181331635 0.9102938175201416
53.36666488647461 0.387108713388443 -0.1295369565486908 0.3553520441055298 -0.0015499372966587543 -0.3883858621120453 -0.1430988758802414 0.9103168845176697
53.400001525878906 0.38717204332351685 -0.1295461654663086 0.35535532236099243 -0.0015815850347280502 -0.3884011209011078 -0.14294779300689697 0.9103339314460754
53.43333435058594 0.3870670199394226 -0.12951520085334778 0.35528603196144104 -0.0015939285513013601 -0.38834354281425476 -0.1429939717054367 0.9103513360023499
53.46666717529297 0.3869820833206177 -0.129407599568367 0.35537922382354736 -0.0015236135805025697 -0.38833528757095337 -0.14301617443561554 0.9103513956069946
53.5 0.38707390427589417 -0.12947890162467957 0.35526609420776367 -0.0015743953408673406 -0.388332337141037 -0.14291615784168243 0.9103683829307556
53.53333282470703 0.3872438073158264 -0.12966836988925934 0.3551633954048157 -0.0016515410970896482 -0.388359397649765 -0.143050879240036 0.9103355407714844
53.56666564941406 0.3870278298854828 -0.12955886125564575 0.3553229868412018 -0.0015619840705767274 -0.38836240768432617 -0.14314085245132446 0.9103202223777771
53.599998474121094 0.3871067762374878 -0.12958689033985138 0.3553893566131592 -0.0016057275934144855 -0.38839349150657654 -0.14304080605506897 0.9103226661682129
53.63333511352539 0.38713356852531433 -0.12951278686523438 0.355473130941391 -0.001575952279381454 -0.38843220472335815 -0.14298272132873535 0.9103153347969055
53.66666793823242 0.3870348036289215 -0.1294768750667572 0.3553968667984009 -0.0015844828449189663 -0.3883580267429352 -0.14294375479221344 0.9103530645370483
53.70000076293945 0.3872455656528473 -0.12950624525547028 0.3554013967514038 -0.0016059345798566937 -0.38842666149139404 -0.1429090052843094 0.9103292226791382
53.733333587646484 0.38716694712638855 -0.12959906458854675 0.3553125262260437 -0.0016182838007807732 -0.3883781135082245 -0.14302654564380646 0.9103314280509949
53.766666412353516 0.3871432840824127 -0.12960727512836456 0.3553045690059662 -0.0016015457222238183 -0.3883834183216095 -0.14316391944885254 0.9103076457977295
53.79999923706055 0.3870960772037506 -0.1295260637998581 0.3554922938346863 -0.001571256318129599 -0.38842323422431946 -0.14296947419643402 0.9103211760520935
53.83333206176758 0.38706108927726746 -0.12956653535366058 0.35509583353996277 -0.0016019094036892056 -0.3882693648338318 -0.14303171634674072 0.9103769659996033
53.86666488647461 0.38720306754112244 -0.12959209084510803 0.3552287518978119 -0.0016051782295107841 -0.38836389780044556 -0.1431143879890442 0.9103236794471741
53.900001525878906 0.38711291551589966 -0.12954197824001312 0.35512688755989075 -0.0015908734640106559 -0.38827401399612427 -0.14297518134117126 0.910383939743042
53.93333435058594 0.3871147036552429 -0.12956610321998596 0.35522425174713135 -0.001605138648301363 -0.38831400871276855 -0.14302878081798553 0.9103584885597229
53.96666717529297 0.387038916349411 -0.12939020991325378 0.3553217351436615 -0.0015334078343585134 -0.3883294463157654 -0.14301617443561554 0.91035395860672
54.0 0.38722071051597595 -0.1296086609363556 0.35514718294143677 -0.001637188484892249 -0.3883029520511627 -0.1429934948682785 0.9103686809539795
54.03333282470703 0.3872612416744232 -0.1295877993106842 0.3552570641040802 -0.001608154852874577 -0.3883807063102722 -0.14302583038806915 0.9103304743766785
54.06666564941406 0.3873443901538849 -0.1296151578426361 0.3553377687931061 -0.0016298602567985654 -0.3884613513946533 -0.14298199117183685 0.9103028774261475
54.099998474121094 0.38719651103019714 -0.12950628995895386 0.3556525409221649 -0.0015651282155886292 -0.3885349929332733 -0.1429218053817749 0.9102810621261597
54.13333511352539 0.38702157139778137 -0.12937599420547485 0.3553448021411896 -0.0015173304127529263 -0.38834020495414734 -0.1429721713066101 0.910356342792511
54.16666793823242 0.38723912835121155 -0.12960223853588104 0.3554117977619171 -0.0015989706153050065 -0.3884426951408386 -0.14302831888198853 0.9103036522865295
54.20000076293945 0.387143611907959 -0.12959785759449005 0.3553910255432129 -0.0016153148608282208 -0.38841286301612854 -0.14305338263511658 0.910312294960022
54.233333587646484 0.38718581199645996 -0.12952366471290588 0.355228066444397 -0.001573902671225369 -0.38831615447998047 -0.14307163655757904 0.9103508591651917
54.266666412353516 0.3870851397514343 -0.12955273687839508 0.3553186357021332 -0.0016232826747000217 -0.38834384083747864 -0.14296011626720428 0.9103564620018005
54.29999923706055 0.38723039627075195 -0.12951409816741943 0.35546591877937317 -0.001578264171257615 -0.3884751498699188 -0.14300404489040375 0.9102936387062073
54.33333206176758 0.3870241940021515 -0.1295527219772339 0.3553635776042938 -0.001585130812600255 -0.3883606195449829 -0.14299450814723969 0.9103438854217529
54.36666488647461 0.3869641423225403 -0.12938426434993744 0.35534805059432983 -0.0015213765436783433 -0.3883553147315979 -0.1429215669631958 0.9103577733039856
54.400001525878906 0.38698893785476685 -0.1294386088848114 0.3553169369697571 -0.001571756205521524 -0.38832658529281616 -0.14299093186855316 0.9103590846061707
54.43333435058594 0.3870313763618469 -0.1294434815645218 0.3553581237792969 -0.001553165609948337 -0.3883421719074249 -0.14302372932434082 0.9103472232818604
54.46666717529297 0.3869462013244629 -0.12943825125694275 0.3553028106689453 -0.0015223425580188632 -0.3883093297481537 -0.14306452870368958 0.9103549718856812
54.5 0.3873458802700043 -0.12957073748111725 0.3553449213504791 -0.0015905408654361963 -0.38846254348754883 -0.14303116500377655 0.9102946519851685
54.53333282470703 0.3871479034423828 -0.12956814467906952 0.35533371567726135 -0.001586360507644713 -0.3883601427078247 -0.14300017058849335 0.9103432893753052
54.56666564941406 0.3871173858642578 -0.12945400178432465 0.3555423319339752 -0.0015010280767455697 -0.38848644495010376 -0.14310498535633087 0.9102730751037598
54.599998474121094 0.3872110843658447 -0.1295846849679947 0.3553650379180908 -0.0016185417771339417 -0.38841164112091064 -0.14298012852668762 0.9103244543075562
54.63333511352539 0.3871750831604004 -0.12963570654392242 0.35550352931022644 -0.0016268303152173758 -0.38846758008003235 -0.142996147274971 0.9102980494499207
54.66666793823242 0.3870580792427063 -0.12952236831188202 0.3554404377937317 -0.0016078592743724585 -0.38842493295669556 -0.14302374422550201 0.9103119373321533
54.70000076293945 0.38715532422065735 -0.12955008447170258 0.35534462332725525 -0.0015531711978837848 -0.3883814513683319 -0.14310702681541443 0.9103174805641174
54.733333587646484 0.38719719648361206 -0.12953105568885803 0.3554138243198395 -0.001545699778944254 -0.3884423077106476 -0.14303460717201233 0.9103029370307922
54.766666412353516 0.3871193826198578 -0.1294996738433838 0.3552151620388031 -0.0016007941449061036 -0.38831955194473267 -0.14291982352733612 0.9103732109069824
54.79999923706055 0.38700318336486816 -0.12947015464305878 0.35521429777145386 -0.0015611674170941114 -0.3882821798324585 -0.14297173917293549 0.9103810787200928
54.83333206176758 0.3873548209667206 -0.12959951162338257 0.3553653955459595 -0.0016208542510867119 -0.3884664475917816 -0.14298893511295319 0.9102995991706848
54.86666488647461 0.38710445165634155 -0.12954804301261902 0.35543540120124817 -0.0015575343277305365 -0.38839784264564514 -0.14308764040470123 0.9103135466575623
54.900001525878906 0.38718244433403015 -0.12954466044902802 0.355277419090271 -0.001637553796172142 -0.3883846402168274 -0.14296185970306396 0.9103387594223022
54.93333435058594 0.3871632516384125 -0.12945179641246796 0.3554702699184418 -0.0015736494679003954 -0.3884514570236206 -0.1429409235715866 0.910313606262207
54.96666717529297 0.3871634304523468 -0.12956438958644867 0.3553970456123352 -0.0015881751896813512 -0.388414591550827 -0.14303374290466309 0.9103147983551025
55.0 0.38703280687332153 -0.12937338650226593 0.3553585708141327 -0.001503086183220148 -0.388362318277359 -0.1429930180311203 0.910343587398529
55.03333282470703 0.3871329426765442 -0.12949009239673615 0.3554707467556 -0.0015724914846941829 -0.38842374086380005 -0.14288567006587982 0.9103341102600098
55.06666564941406 0.3871868848800659 -0.12951304018497467 0.35558050870895386 -0.0015669858548790216 -0.3885048031806946 -0.14308710396289825 0.9102679491043091
55.099998474121094 0.38727083802223206 -0.12955142557621002 0.3554551601409912 -0.0016066684620454907 -0.38845959305763245 -0.14307302236557007 0.9102892875671387
55.13333511352539 0.3873080611228943 -0.12961658835411072 0.35544008016586304 -0.0016191198956221342 -0.388497918844223 -0.14302507042884827 0.9102805852890015
55.16666793823242 0.3870287537574768 -0.12947340309619904 0.3554491400718689 -0.0015409000916406512 -0.3884132206439972 -0.14305776357650757 0.9103116989135742
55.20000076293945 0.38708916306495667 -0.12947256863117218 0.35536274313926697 -0.0015341787366196513 -0.3883906900882721 -0.14302507042884827 0.9103264212608337
55.233333587646484 0.3870868682861328 -0.12954294681549072 0.355413019657135 -0.0015831385971978307 -0.38838544487953186 -0.14306001365184784 0.9103230834007263
55.266666412353516 0.38734933733940125 -0.12963268160820007 0.35550370812416077 -0.0016321409493684769 -0.3885205090045929 -0.1430651992559433 0.9102644920349121
55.29999923706055 0.38714879751205444 -0.12956133484840393 0.35546112060546875 -0.0016037384048104286 -0.38842713832855225 -0.14301908016204834 0.9103116989135742
55.33333206176758 0.38715770840644836 -0.12948627769947052 0.3553209900856018 -0.0015953881666064262 -0.38837701082229614 -0.14296787977218628 0.910341203212738
55.36666488647461 0.38719528913497925 -0.1295771300792694 0.35534489154815674 -0.0015838281251490116 -0.3884032368659973 -0.1429760754108429 0.91032874584198
55.400001525878906 0.3871852457523346 -0.1295250505208969 0.3554621636867523 -0.0015758739318698645 -0.3884747326374054 -0.14301106333732605 0.9102927446365356
55.43333435058594 0.38715890049934387 -0.12958714365959167 0.3555307388305664 -0.0016083562513813376 -0.3884536623954773 -0.1430133581161499 0.9103013277053833
55.46666717529297 0.3870970904827118 -0.12954206764698029 0.35524019598960876 -0.0015818813117220998 -0.38834691047668457 -0.14304019510746002 0.9103425741195679
55.5 0.3870899975299835 -0.12937183678150177 0.35542523860931396 -0.0015094802947714925 -0.38841912150382996 -0.1429249793291092 0.910330057144165
55.53333282470703 0.38716623187065125 -0.12959228456020355 0.3552762567996979 -0.0016288297483697534 -0.3883765935897827 -0.14299142360687256 0.910337507724762
55.56666564941406 0.3869040012359619 -0.12933658063411713 0.3553449511528015 -0.00149512046482414 -0.3883196711540222 -0.14288528263568878 0.9103787541389465
55.599998474121094 0.3871539235115051 -0.12958279252052307 0.35543715953826904 -0.001605682773515582 -0.38844195008277893 -0.1430898904800415 0.9102942943572998
55.63333511352539 0.387103408575058 -0.12945133447647095 0.3555585443973541 -0.0015501069137826562 -0.3884698748588562 -0.1429557353258133 0.91030353307724
55.66666793823242 0.3871239721775055 -0.1295868456363678 0.35523080825805664 -0.0016098498599603772 -0.388327419757843 -0.1430208534002304 0.9103540182113647
55.70000076293945 0.3872630000114441 -0.12955698370933533 0.35553181171417236 -0.0015901465667411685 -0.38851287961006165 -0.14303544163703918 0.9102725386619568
55.733333587646484 0.3872900605201721 -0.12967294454574585 0.35553672909736633 -0.0016290642088279128 -0.3885236084461212 -0.1431088000535965 0.9102563858032227
55.766666412353516 0.38730815052986145 -0.129628986120224 0.35526102781295776 -0.0016241301782429218 -0.388407438993454 -0.1429954469203949 0.9103237986564636
55.79999923706055 0.38729748129844666 -0.12966378033161163 0.3553697466850281 -0.0016294604865834117 -0.3884727358818054 -0.14305102825164795 0.9102871417999268
55.83333206176758 0.3870803415775299 -0.12941747903823853 0.3554079830646515 -0.0015509221702814102 -0.3883723318576813 -0.1429292857646942 0.9103491902351379
55.86666488647461 0.38713616132736206 -0.12953832745552063 0.35538816452026367 -0.0015747901052236557 -0.3883868455886841 -0.14312486350536346 0.9103123545646667
55.900001525878906 0.3871721923351288 -0.12958139181137085 0.3555681109428406 -0.0015604570508003235 -0.3884925842285156 -0.14311547577381134 0.9102687239646912
55.93333435058594 0.3872365951538086 -0.12956540286540985 0.35530713200569153 -0.0015843982109799981 -0.38840022683143616 -0.14301221072673798 0.9103242754936218
55.96666717529297 0.3869550824165344 -0.12930436432361603 0.3554312586784363 -0.0015093240654096007 -0.3883553743362427 -0.14288298785686493 0.9103638529777527
56.0 0.38705188035964966 -0.1295149028301239 0.3553425073623657 -0.0015569602837786078 -0.3883810043334961 -0.1430613100528717 0.9103248119354248
56.03333282470703 0.38704854249954224 -0.1294364333152771 0.35545167326927185 -0.0015211899299174547 -0.38839441537857056 -0.14304175972938538 0.9103222489356995
56.06666564941406 0.38708046078681946 -0.12946158647537231 0.35545074939727783 -0.0015386645682156086 -0.3884056508541107 -0.14301200211048126 0.9103221297264099
56.099998474121094 0.3871740996837616 -0.12943661212921143 0.35548335313796997 -0.0015159129397943616 -0.38845446705818176 -0.14308257400989532 0.9102902412414551
56.13333511352539 0.38724204897880554 -0.12962616980075836 0.35523688793182373 -0.0015992011176422238 -0.3883841037750244 -0.1430589258670807 0.9103237390518188
56.16666793823242 0.38720807433128357 -0.12941379845142365 0.35552752017974854 -0.001530044013634324 -0.38850170373916626 -0.14299257099628448 0.9102842211723328
56.20000076293945 0.3869769871234894 -0.12937356531620026 0.3554084002971649 -0.001555910799652338 -0.38837602734565735 -0.14295928180217743 0.9103430509567261
56.233333587646484 0.387023389339447 -0.12950265407562256 0.35548877716064453 -0.001590224215760827 -0.38843658566474915 -0.1429728865623474 0.9103149771690369
56.266666412353516 0.3870212733745575 -0.12946315109729767 0.35524699091911316 -0.001570895197801292 -0.38834771513938904 -0.14293240010738373 0.9103593230247498
56.29999923706055 0.3870517909526825 -0.12947878241539001 0.35545799136161804 -0.001584271201863885 -0.38843098282814026 -0.14291159808635712 0.9103270173072815
56.33333206176758 0.38716939091682434 -0.12947233021259308 0.3554132580757141 -0.001536022056825459 -0.3884114623069763 -0.14298047125339508 0.9103245735168457
56.36666488647461 0.3869422972202301 -0.1294044852256775 0.3556637167930603 -0.0015435119858011603 -0.3884781002998352 -0.1429750621318817 0.9102969765663147
56.400001525878906 0.3869853615760803 -0.1294063925743103 0.3554515838623047 -0.0015274635516107082 -0.38839712738990784 -0.14296089112758636 0.9103338122367859
56.43333435058594 0.38693463802337646 -0.12952372431755066 0.35539811849594116 -0.0015916558913886547 -0.388343870639801 -0.14300791919231415 0.9103490114212036
56.46666717529297 0.3870246708393097 -0.12951524555683136 0.3554457128047943 -0.0016037165187299252 -0.3883800208568573 -0.14302366971969604 0.9103310108184814
56.5 0.3871210813522339 -0.1294550746679306 0.35555413365364075 -0.0015377384843304753 -0.388457328081131 -0.14294804632663727 0.9103101491928101
56.53333282470703 0.3868333399295807 -0.12942402064800262 0.35548102855682373 -0.0015645670937374234 -0.3883642256259918 -0.1430245190858841 0.9103378057479858
56.56666564941406 0.3870137631893158 -0.12957113981246948 0.35535216331481934 -0.0015749954618513584 -0.388359397649765 -0.143098384141922 0.910328209400177
56.599998474121094 0.38713958859443665 -0.1294703334569931 0.3554050028324127 -0.0015495354309678078 -0.38842010498046875 -0.14291395246982574 0.9103312492370605
56.63333511352539 0.3871428072452545 -0.12951262295246124 0.35536685585975647 -0.0015816279919818044 -0.38838449120521545 -0.14300116896629333 0.9103326797485352
56.66666793823242 0.38703209161758423 -0.12944737076759338 0.35540369153022766 -0.0015501462621614337 -0.3883659541606903 -0.1429603397846222 0.910347044467926
56.70000076293945 0.3870997726917267 -0.12951570749282837 0.355230450630188 -0.0015714806504547596 -0.38832712173461914 -0.14309191703796387 0.9103429913520813
56.733333587646484 0.38712742924690247 -0.12953920662403107 0.3553919196128845 -0.0015525432536378503 -0.3884044587612152 -0.14312930405139923 0.9103041291236877
56.766666412353516 0.38729918003082275 -0.12966801226139069 0.3552631139755249 -0.001623100251890719 -0.3883965313434601 -0.14310555160045624 0.9103111028671265
56.79999923706055 0.3870543837547302 -0.12953072786331177 0.3552449941635132 -0.0015632921131327748 -0.38833850622177124 -0.14314325153827667 0.910330057144165
56.83333206176758 0.3871247172355652 -0.1295284926891327 0.3555164337158203 -0.0015891223447397351 -0.38844797015190125 -0.1429121345281601 0.9103196263313293
56.86666488647461 0.3870977759361267 -0.12949016690254211 0.3555203378200531 -0.0015788729069754481 -0.3884787857532501 -0.14291010797023773 0.9103067517280579
56.900001525878906 0.38722386956214905 -0.12963151931762695 0.3554089069366455 -0.0016290602507069707 -0.3884390592575073 -0.1430824249982834 0.9102965593338013
56.93333435058594 0.38715291023254395 -0.12953895330429077 0.35521194338798523 -0.0015769295860081911 -0.3883470892906189 -0.1430015116930008 0.9103485941886902
56.96666717529297 0.38726040720939636 -0.1295860856771469 0.35536226630210876 -0.0016244027065113187 -0.38846850395202637 -0.14298595488071442 0.9102992415428162
57.0 0.3871288001537323 -0.129469096660614 0.3554595112800598 -0.0015823503490537405 -0.3884415626525879 -0.14297319948673248 0.9103127717971802
57.03333282470703 0.3871062994003296 -0.12942689657211304 0.3555458188056946 -0.001547446590848267 -0.3884701132774353 -0.14300379157066345 0.9102957844734192
57.06666564941406 0.38733863830566406 -0.12961485981941223 0.3553124964237213 -0.0016350741498172283 -0.38846999406814575 -0.14299897849559784 0.9102965593338013
57.099998474121094 0.38718605041503906 -0.12966814637184143 0.355180948972702 -0.001640118658542633 -0.3883311450481415 -0.14315056800842285 0.9103319644927979
57.13333511352539 0.38706356287002563 -0.12952680885791779 0.3555169999599457 -0.0015430821804329753 -0.38842588663101196 -0.1430996060371399 0.9102996587753296
57.16666793823242 0.38711652159690857 -0.12946879863739014 0.3553414046764374 -0.0015528080984950066 -0.38837146759033203 -0.14295600354671478 0.9103454351425171
57.20000076293945 0.3871212303638458 -0.129585400223732 0.355368047952652 -0.0015987262595444918 -0.3883993327617645 -0.14307956397533417 0.9103140830993652
57.233333587646484 0.38717085123062134 -0.1295442134141922 0.3554103374481201 -0.001573664601892233 -0.3884192705154419 -0.14303196966648102 0.9103131294250488
57.266666412353516 0.3869630992412567 -0.12935733795166016 0.3554627597332001 -0.00152313569560647 -0.38838011026382446 -0.14299370348453522 0.910335898399353
57.29999923706055 0.38709133863449097 -0.1295672506093979 0.3556601107120514 -0.0016030335100367665 -0.3885112404823303 -0.14302824437618256 0.9102743864059448
57.33333206176758 0.38718271255493164 -0.12943005561828613 0.3552089035511017 -0.0015380650293081999 -0.388361394405365 -0.14303572475910187 0.9103372097015381
57.36666488647461 0.38699692487716675 -0.1294778287410736 0.3551385998725891 -0.0015768141020089388 -0.3882538974285126 -0.14299078285694122 0.9103900790214539
57.400001525878906 0.3870426118373871 -0.1294701099395752 0.3553693890571594 -0.0015505956253036857 -0.3883482813835144 -0.14306272566318512 0.9103386402130127
57.43333435058594 0.38712579011917114 -0.12954135239124298 0.3553538918495178 -0.0015650601126253605 -0.3883788287639618 -0.14300425350666046 0.9103347659111023
57.46666717529297 0.3869938254356384 -0.1294427067041397 0.3552345335483551 -0.0015259662177413702 -0.3883066773414612 -0.1430741846561432 0.9103545546531677
57.5 0.38717952370643616 -0.1295071393251419 0.3553837239742279 -0.0015661262441426516 -0.38843393325805664 -0.1430334597826004 0.9103066325187683
57.53333282470703 0.3871442377567291 -0.12946686148643494 0.3554439842700958 -0.0015813459176570177 -0.3884182870388031 -0.14293734729290009 0.9103283882141113
57.56666564941406 0.3868842124938965 -0.1294650286436081 0.3551623225212097 -0.001583502278663218 -0.38825541734695435 -0.1430388242006302 0.9103819131851196
57.599998474121094 0.38693729043006897 -0.1294345110654831 0.3555022180080414 -0.001521204481832683 -0.3884059488773346 -0.1430620700120926 0.91031414270401
57.63333511352539 0.387097030878067 -0.1295224130153656 0.35548555850982666 -0.0015571406111121178 -0.3884238004684448 -0.1430397480726242 0.9103099703788757
57.66666793823242 0.3873538374900818 -0.12965556979179382 0.3555872142314911 -0.0016421694308519363 -0.3885936737060547 -0.14301681518554688 0.910240888595581
57.70000076293945 0.38720980286598206 -0.12950047850608826 0.35542505979537964 -0.0015556318685412407 -0.3884451389312744 -0.14304308593273163 0.9103003740310669
57.733333587646484 0.3871450424194336 -0.12950678169727325 0.35559797286987305 -0.001550560467876494 -0.3885108232498169 -0.1429523378610611 0.9102864861488342
57.766666412353516 0.38707396388053894 -0.12938015162944794 0.35558632016181946 -0.001554511720314622 -0.3884710967540741 -0.1428975760936737 0.9103121161460876
57.79999923706055 0.3870683014392853 -0.12946759164333344 0.35515692830085754 -0.0016098348423838615 -0.3882734179496765 -0.14292766153812408 0.9103915691375732
57.83333206176758 0.3872682750225067 -0.12961944937705994 0.3553144037723541 -0.0016276977257803082 -0.3883957862854004 -0.1429988294839859 0.9103281497955322
57.86666488647461 0.3872300386428833 -0.12961678206920624 0.3553842604160309 -0.0016361501766368747 -0.3884238302707672 -0.14293164014816284 0.9103267192840576
57.900001525878906 0.3869495093822479 -0.1293688416481018 0.3554624915122986 -0.001516283955425024 -0.38840073347091675 -0.14296674728393555 0.9103313684463501
57.93333435058594 0.38718655705451965 -0.12957516312599182 0.35542720556259155 -0.0015792780322954059 -0.3884463310241699 -0.1430894136428833 0.9102924466133118
57.96666717529297 0.3871537148952484 -0.12955616414546967 0.35546281933784485 -0.0016113003948703408 -0.38843604922294617 -0.142953559756279 0.9103181958198547
58.0 0.38696861267089844 -0.1294778287410736 0.35535383224487305 -0.0015450832433998585 -0.38835981488227844 -0.1430773288011551 0.9103313088417053
58.03333282470703 0.38694366812705994 -0.12940853834152222 0.3554927706718445 -0.0015394861111417413 -0.38839247822761536 -0.1430334597826004 0.9103243350982666
58.06666564941406 0.38717034459114075 -0.12950041890144348 0.3553614318370819 -0.0015669310232624412 -0.38840559124946594 -0.14305828511714935 0.9103147387504578
58.099998474121094 0.3872183859348297 -0.12949377298355103 0.3551689684391022 -0.0015707248821854591 -0.3883333206176758 -0.14302030205726624 0.910351574420929
58.13333511352539 0.3870912790298462 -0.12957186996936798 0.35545361042022705 -0.001576629001647234 -0.3884179890155792 -0.14303737878799438 0.9103127121925354
58.16666793823242 0.3871096074581146 -0.12951159477233887 0.35556113719940186 -0.001575143076479435 -0.3885005712509155 -0.14296354353427887 0.9102891683578491
58.20000076293945 0.3872166872024536 -0.12954804301261902 0.35550689697265625 -0.0016053885919973254 -0.3884556293487549 -0.1430552452802658 0.9102938771247864
58.233333587646484 0.38722971081733704 -0.12958082556724548 0.35560208559036255 -0.0016058026812970638 -0.38853132724761963 -0.14300663769245148 0.9102691411972046
58.266666412353516 0.3871381878852844 -0.12954573333263397 0.35521402955055237 -0.0015634159790351987 -0.3883260190486908 -0.1431456059217453 0.9103350639343262
58.29999923706055 0.38722923398017883 -0.1296030431985855 0.35529470443725586 -0.0015677117044106126 -0.38841935992240906 -0.14316469430923462 0.9102922081947327
58.33333206176758 0.38698747754096985 -0.12953723967075348 0.3552849292755127 -0.0015447379555553198 -0.38832494616508484 -0.14315687119960785 0.9103337526321411
58.36666488647461 0.3870582580566406 -0.12946836650371552 0.35538434982299805 -0.0015358921373263001 -0.38837555050849915 -0.14298386871814728 0.9103392958641052
58.400001525878906 0.38701242208480835 -0.1294756382703781 0.35534852743148804 -0.0015739689115434885 -0.38834327459335327 -0.14308102428913116 0.9103378057479858
58.43333435058594 0.3870944380760193 -0.12944296002388 0.355575829744339 -0.0015484198229387403 -0.38845938444137573 -0.14294730126857758 0.9103093147277832
58.46666717529297 0.3871513307094574 -0.12948539853096008 0.35527539253234863 -0.0015533330151811242 -0.38837137818336487 -0.1430629938840866 0.9103286862373352
58.5 0.3872407376766205 -0.12952908873558044 0.3556980788707733 -0.0015834653750061989 -0.3885781168937683 -0.14295104146003723 0.9102579951286316
58.53333282470703 0.3869509994983673 -0.12942738831043243 0.3555977940559387 -0.0015330938622355461 -0.3884407877922058 -0.14297166466712952 0.9103134274482727
58.56666564941406 0.3870481252670288 -0.12949714064598083 0.3554125428199768 -0.0015751153696328402 -0.3883836269378662 -0.1430457979440689 0.9103261828422546
58.599998474121094 0.3872568607330322 -0.12954142689704895 0.35523349046707153 -0.0015588710084557533 -0.38837966322898865 -0.1430414915084839 0.9103285670280457
58.63333511352539 0.38731759786605835 -0.12971018254756927 0.35550010204315186 -0.0016574687324464321 -0.3885462284088135 -0.14300957322120667 0.9102623462677002
58.66666793823242 0.3872777223587036 -0.12966610491275787 0.35525673627853394 -0.0016040453920140862 -0.38840171694755554 -0.1431335210800171 0.9103044867515564
58.70000076293945 0.38731321692466736 -0.1296139359474182 0.3554496169090271 -0.00158757867757231 -0.38848114013671875 -0.14298778772354126 0.9102936387062073
58.733333587646484 0.38715121150016785 -0.12952129542827606 0.35540422797203064 -0.001573486952111125 -0.388414204120636 -0.14299625158309937 0.9103208780288696
58.766666412353516 0.38699355721473694 -0.1294253170490265 0.35557663440704346 -0.0015374714275822043 -0.38842540979385376 -0.14292269945144653 0.9103276133537292
58.79999923706055 0.387250155210495 -0.12961597740650177 0.3551974892616272 -0.0016071256250143051 -0.38836586475372314 -0.1430840939283371 0.9103276133537292
58.83333206176758 0.3872726261615753 -0.12961748242378235 0.35537490248680115 -0.001633054343983531 -0.38846561312675476 -0.14300917088985443 0.9102968573570251
58.86666488647461 0.3870247006416321 -0.12947262823581696 0.3554142415523529 -0.0015292020980268717 -0.388381689786911 -0.1429828554391861 0.9103369116783142
58.900001525878906 0.3872668445110321 -0.12959153950214386 0.3555962145328522 -0.0015707914717495441 -0.3885590136051178 -0.1429976373910904 0.9102588295936584
58.93333435058594 0.38722166419029236 -0.1295143961906433 0.35556021332740784 -0.001602774951606989 -0.3884914219379425 -0.14293059706687927 0.9102981686592102
58.96666717529297 0.3870600461959839 -0.12951214611530304 0.35541555285453796 -0.0015654964372515678 -0.38837605714797974 -0.14304213225841522 0.9103298783302307
59.0 0.3870584964752197 -0.12945757806301117 0.35563141107559204 -0.0015677890041843057 -0.38846877217292786 -0.14293663203716278 0.910306990146637
59.03333282470703 0.3868909776210785 -0.12939153611660004 0.35535746812820435 -0.0015202704817056656 -0.3883275091648102 -0.14297442138195038 0.9103612899780273
59.06666564941406 0.3871151804924011 -0.12954705953598022 0.3554534614086151 -0.0015465938486158848 -0.3884192407131195 -0.1431041955947876 0.9103018641471863
59.099998474121094 0.38706499338150024 -0.12947440147399902 0.3553932309150696 -0.001587444799952209 -0.3883648216724396 -0.14306193590164185 0.9103314876556396
59.13333511352539 0.38708174228668213 -0.12943831086158752 0.35545456409454346 -0.0015072643291205168 -0.38843590021133423 -0.14307604730129242 0.9102991819381714
59.16666793823242 0.38724514842033386 -0.12950176000595093 0.35573646426200867 -0.001542537473142147 -0.3886028826236725 -0.14301952719688416 0.9102367758750916
59.20000076293945 0.3871574401855469 -0.12954668700695038 0.35553091764450073 -0.001542897429317236 -0.38848328590393066 -0.1431049406528473 0.9102743864059448
59.233333587646484 0.3870183229446411 -0.12944011390209198 0.3554156422615051 -0.0015393452486023307 -0.38838446140289307 -0.14299499988555908 0.9103338122367859
59.266666412353516 0.3872556686401367 -0.12963278591632843 0.3552803695201874 -0.00163087691180408 -0.3884275555610657 -0.1430634707212448 0.9103044271469116
59.29999923706055 0.3872450888156891 -0.1295309066772461 0.35532671213150024 -0.0015573767013847828 -0.3884033262729645 -0.14298231899738312 0.9103277325630188
59.33333206176758 0.38708022236824036 -0.12944822013378143 0.35537704825401306 -0.001544240047223866 -0.3883715867996216 -0.14300234615802765 0.9103381633758545
59.36666488647461 0.3870936632156372 -0.12948161363601685 0.35547107458114624 -0.0015286010457202792 -0.38841512799263 -0.14308452606201172 0.9103066921234131
59.400001525878906 0.3871578872203827 -0.12948232889175415 0.35518771409988403 -0.0015584065113216639 -0.38833820819854736 -0.14298583567142487 0.9103549718856812
59.43333435058594 0.38714849948883057 -0.12956468760967255 0.3551989197731018 -0.0015729027800261974 -0.3883202075958252 -0.14306001365184784 0.9103508591651917
59.46666717529297 0.3871271312236786 -0.12952418625354767 0.35550639033317566 -0.0015184658113867044 -0.3884345293045044 -0.1431688517332077 0.9102851152420044
59.5 0.3870633542537689 -0.1294662356376648 0.3556942939758301 -0.001561315031722188 -0.38852259516716003 -0.14298072457313538 0.9102770686149597
59.53333282470703 0.38700070977211 -0.12940596044063568 0.35548660159111023 -0.0014999427367001772 -0.3884126543998718 -0.1430336833000183 0.9103156924247742
59.56666564941406 0.38703134655952454 -0.12940460443496704 0.35552671551704407 -0.0014985728776082397 -0.388431578874588 -0.14305810630321503 0.9103038907051086
59.599998474121094 0.3872828781604767 -0.12960277497768402 0.3552226722240448 -0.001582343247719109 -0.38840702176094055 -0.1430758833885193 0.9103114604949951
59.63333511352539 0.3869917392730713 -0.129325732588768 0.35571902990341187 -0.001468288479372859 -0.38851043581962585 -0.14296168088912964 0.9102853536605835
59.66666793823242 0.387112021446228 -0.12948836386203766 0.35556161403656006 -0.0015539003070443869 -0.38848957419395447 -0.1430479884147644 0.9102806448936462
59.70000076293945 0.3871125876903534 -0.12941566109657288 0.3554987609386444 -0.0015307544963434339 -0.388454407453537 -0.14299263060092926 0.9103043675422668
59.733333587646484 0.38698479533195496 -0.12940678000450134 0.35541847348213196 -0.0015438632108271122 -0.3883873522281647 -0.1429450809955597 0.9103403687477112
59.766666412353516 0.3870498836040497 -0.12945832312107086 0.35538148880004883 -0.001534592011012137 -0.38838991522789 -0.14296528697013855 0.9103360772132874
59.79999923706055 0.3870891332626343 -0.12949323654174805 0.35548141598701477 -0.0015639832708984613 -0.38844290375709534 -0.14302964508533478 0.9103034138679504
59.83333206176758 0.3870543837547302 -0.1294276863336563 0.3555292785167694 -0.0015298955840989947 -0.38843250274658203 -0.14299097657203674 0.9103139638900757
59.86666488647461 0.3872213661670685 -0.12955115735530853 0.35539138317108154 -0.0016129844589158893 -0.38842055201530457 -0.14301925897598267 0.9103145003318787
59.900001525878906 0.3870885968208313 -0.12946730852127075 0.3553241789340973 -0.0015320823295041919 -0.3883865773677826 -0.143086239695549 0.9103186130523682
59.93333435058594 0.3871738612651825 -0.1296052187681198 0.3551684617996216 -0.0016697534592822194 -0.38833287358283997 -0.14304892718791962 0.910347044467926
