0.0 0.0 0.0 0.0 0.0 0.0 0.0 1.0
0.03333333507180214 2.4577200747444294e-05 2.2131869172881125e-06 5.519649857887998e-05 -5.20258709002519e-07 -1.1069535503338557e-05 -1.1352057299518492e-05 1.0
0.06666667014360428 1.4494639799522702e-06 8.891341707339961e-08 7.606786675751209e-05 -1.5689799965912243e-06 -5.003756086807698e-06 -8.356508260476403e-06 1.0
0.10000000149011612 -4.362077561381739e-06 -2.4289181510539493e-06 0.00012383087596390396 1.1750931889764615e-06 -1.0162744729314e-05 -5.1210217861807905e-06 1.0
0.13333334028720856 6.783194294257555e-06 -1.00510160336853e-05 8.11275458545424e-05 -3.886096692440333e-06 -3.7552588310063584e-06 -1.0450937224959489e-05 1.0
0.1666666716337204 -5.0802595978893805e-06 -2.0465718989726156e-05 5.913083805353381e-05 -1.0118603313458152e-05 -2.7431406124378555e-06 -1.76072571775876e-05 1.0
0.20000000298023224 3.554288559826091e-05 1.8879343770095147e-05 4.5544216845883057e-05 1.1436957265686942e-06 -1.512553990323795e-05 -1.4713225027662702e-05 1.0
0.23333333432674408 2.031414805969689e-05 5.641543339152122e-06 6.420681165764108e-05 1.2207905228933669e-06 -8.298729881062172e-06 -1.2703680113190785e-05 1.0
0.2666666805744171 5.969198537059128e-05 1.7130565538536757e-05 8.614888065494597e-05 6.827490324212704e-06 -2.5365447072545066e-05 -4.95310951009742e-06 1.0
0.30000001192092896 1.5416459063999355e-05 -7.779730367474258e-06 5.1863768021576107e-05 -1.1439301488280762e-05 -1.0833557098521851e-05 -1.5566580259473994e-05 1.0
0.3333333432674408 -2.004645921260817e-06 -1.8480517610441893e-05 4.4066804548492655e-05 -1.0475962881173473e-05 -2.05908349926176e-06 -1.920740760397166e-05 1.0
0.36666667461395264 3.869080319418572e-05 1.2957414583070204e-05 3.283004116383381e-05 1.941473328770371e-06 -1.4363224181579426e-05 -1.458652059227461e-05 1.0
0.4000000059604645 2.668976958375424e-05 -7.996806743904017e-06 5.4334599553840235e-05 -5.440720997285098e-06 -1.4290569197328296e-05 -1.2147340385126881e-05 1.0
0.4333333373069763 -2.956483740490512e-06 9.845528438745532e-06 7.342476601479575e-05 2.701891844480997e-06 2.1366922737797722e-06 -7.140346497180872e-06 1.0
0.46666666865348816 3.072904291911982e-05 1.2115595382056199e-05 2.3254142433870584e-05 4.973686600351357e-07 -1.5283467291737907e-05 -1.5649729903088883e-05 1.0
0.5 2.8331072826404124e-05 -1.4697371852889773e-07 5.7763394579524174e-05 2.638464735582602e-08 -1.2550819519674405e-05 -7.065546014928259e-06 1.0
0.5333333611488342 -1.5130907740967814e-05 -1.3987991223984864e-05 5.779941056971438e-05 -7.599371201649774e-06 3.5145155834470643e-06 -1.7320904589723796e-05 1.0
0.5666666626930237 1.0002673661801964e-05 -8.180272743629757e-06 3.723490226548165e-05 -4.946429271512898e-06 -7.3776946010184474e-06 -1.1242555046919733e-05 1.0
0.6000000238418579 -1.2460242032830138e-05 -1.572988367115613e-06 7.901250501163304e-05 2.021895170400967e-06 -8.226984391512815e-07 -1.1759925655496772e-05 1.0
0.6333333253860474 1.2631757272174582e-05 3.705792551045306e-06 4.770615851157345e-05 -2.889060851885006e-06 -7.410169018839952e-06 -1.7059925085050054e-05 1.0
0.6666666865348816 3.868927706207614e-06 -5.8709697441372555e-06 8.374906610697508e-05 -4.930386239720974e-06 -9.243393833457958e-06 -1.2957739272678737e-05 1.0
0.699999988079071 2.981933175760787e-05 -9.422584298590664e-06 4.756984708365053e-05 -4.794310825673165e-06 -1.1962901226070244e-05 -1.2426323337422218e-05 1.0
0.7333333492279053 3.626662146416493e-05 1.714660356810782e-05 3.0683102522743866e-05 8.737792995816562e-07 -1.19069627544377e-05 -1.1742330570996273e-05 1.0
0.7666666507720947 1.3795201994071249e-05 -1.9583274479373358e-05 6.786583981011063e-05 -8.441515092272311e-06 -9.088993465411477e-06 -8.657438229420222e-06 1.0
0.800000011920929 2.470133222232107e-05 -3.7692600017180666e-05 4.1611150663811713e-05 -2.3679760488448665e-05 -1.4641640518675558e-05 -1.833867463574279e-05 1.0
0.8333333134651184 2.7729370231099892e-06 7.346894562942907e-06 6.231245788512751e-05 2.7237290396442404e-06 -6.539130026794737e-06 -1.807466833270155e-05 1.0
0.8666666746139526 1.1572432413231581e-05 9.321965080744121e-06 3.7129120755707845e-05 -1.209466063301079e-06 -6.566614501934964e-06 -1.0578633919067215e-05 1.0
0.8999999761581421 1.531497218820732e-05 1.7901746105053462e-05 6.778335955459625e-05 7.028213076409884e-06 -1.1376047950761858e-05 -1.3420700270216912e-05 1.0
0.9333333373069763 5.307372248353204e-06 -6.459009455284104e-06 0.00010637530795065686 -2.502832103346009e-06 -1.0519405805098359e-05 -3.458606215644977e-06 1.0
0.9666666388511658 1.6249190593953244e-05 -1.5169285688898526e-05 8.288452954730019e-05 -8.778200935921632e-06 -1.2849454833485652e-05 -1.1769176126108505e-05 1.0
1.0 1.257623534911545e-05 1.6584013792453334e-05 8.336369501193985e-05 9.11387996893609e-06 -1.2083132787665818e-05 -3.362060397194e-06 1.0
1.0333333015441895 -4.0637783058627974e-06 5.098404926684452e-06 7.496360194636509e-05 3.844857019430492e-07 -4.489846560318256e-06 -1.4766386584597058e-06 1.0
1.0666667222976685 4.0708786400500685e-05 2.9316390282474458e-05 4.440709744812921e-05 5.206833066040417e-06 -1.610543768038042e-05 -1.5767896911711432e-05 1.0
1.100000023841858 9.65595154411858e-06 6.0109473452030215e-06 7.955473120091483e-05 1.2201206800455111e-06 -6.147511612653034e-06 -9.42127462622011e-06 1.0
1.1333333253860474 1.0850235412362963e-05 -8.6375739556388e-06 4.8333717131754383e-05 -7.5264038059685845e-06 -7.706428732490167e-06 -1.577988950884901e-05 1.0
1.1666666269302368 2.1519825168070383e-05 9.302192665927578e-06 6.696689524687827e-05 -1.6396481896663317e-06 -1.5558835002593696e-05 -2.040793333435431e-05 1.0
1.2000000476837158 3.750552423298359e-05 2.4610746550024487e-05 3.915090928785503e-05 1.2909526958537754e-06 -1.4859466318739578e-05 -2.022806802415289e-05 1.0
1.2333333492279053 5.2537041483446956e-05 2.760239294730127e-05 4.541539601632394e-05 5.8002319747174624e-06 -2.1617346646962687e-05 -1.041295581671875e-05 1.0
1.2666666507720947 2.3756991140544415e-05 1.8450959032634273e-05 5.6439090258209035e-05 1.5735408851469401e-06 -8.460360731987748e-06 -1.7390872017131187e-05 1.0
1.2999999523162842 1.8187838577432558e-05 -3.1580988434143364e-05 8.340946806129068e-05 -1.1624309081526008e-05 -9.717393368191551e-06 -7.467320756404661e-06 1.0
1.3333333730697632 4.48452883574646e-05 1.0903783731919248e-05 6.83647594996728e-05 -4.108385667223047e-07 -2.1905476387473755e-05 -1.0146215572603978e-05 1.0
1.3666666746139526 -2.3455334030586528e-06 -2.497242121535237e-06 5.9935471654171124e-05 -5.071272425993811e-06 -1.9868186882376904e-06 -1.3964392564957961e-05 1.0
1.399999976158142 2.6668163627618924e-05 -9.18081514100777e-06 6.130860856501386e-05 -6.361448413372273e-06 -1.2640404747799039e-05 -1.0426894732518122e-05 1.0
1.4333332777023315 1.3729620150115807e-05 -1.0843165227925056e-06 7.801417086739093e-05 -5.0080598157364875e-06 -1.116843668569345e-05 -1.3912522263126448e-05 1.0
1.4666666984558105 2.6404297386761755e-05 1.0829974598891567e-05 5.6086399126797915e-05 6.437406341319729e-07 -1.621522278583143e-05 -1.633978172321804e-05 1.0
1.5 -8.244903710874496e-07 -3.018645429619937e-06 8.840342343319207e-05 -5.029321982874535e-06 -4.9324794417771045e-06 -1.1349124179105274e-05 1.0
1.5333333015441895 6.778102488169679e-06 2.0635518467315705e-06 6.731499161105603e-05 5.604937314274139e-07 -1.0057360668724868e-05 -1.5366273146355525e-05 1.0
1.5666667222976685 1.1654765330604278e-05 -2.097014430546551e-06 6.276043859543279e-05 -1.969118329725461e-06 -7.016660219960613e-06 -9.782098459254485e-06 1.0
1.600000023841858 2.8277270757826045e-05 5.816180419060402e-06 5.449855234473944e-05 -1.281168806599453e-06 -1.0165508683712687e-05 -6.698701326968148e-06 1.0
1.6333333253860474 3.0265009627328254e-05 -3.1273742933990434e-05 4.9949052481679246e-05 -1.5072370842972305e-05 -1.2749154848279431e-05 -4.872930276178522e-06 1.0
1.6666666269302368 3.087202276219614e-05 -6.949680027901195e-06 6.349098839564249e-05 -4.874026672041509e-06 -1.3778236279904377e-05 -7.360765721386997e-06 1.0
1.7000000476837158 -2.073068026220426e-05 -6.118151759437751e-06 9.358977695228532e-05 2.0898353341181064e-06 3.5205437143304152e-06 -5.791074272565311e-06 1.0
1.7333333492279053 2.790388316498138e-05 1.000936572381761e-05 7.636599184479564e-05 3.591972244976205e-06 -1.685744609858375e-05 -1.0865058357012458e-05 1.0
1.7666666507720947 2.5104720407398418e-05 1.5498961829507607e-06 2.054387550742831e-05 -7.897040632087737e-06 -1.0748235581559129e-05 -2.114387825713493e-05 1.0
1.7999999523162842 -1.1336134775774553e-05 1.932650775415823e-05 8.875835919752717e-05 1.0357167411711998e-05 -1.715064286145207e-06 -6.502874384750612e-06 1.0
1.8333333730697632 4.258741228113649e-06 2.04830803340883e-06 4.5120676077203825e-05 -6.567690320480324e-07 -2.177597480113036e-06 -9.422758012078702e-06 1.0
1.8666666746139526 1.6718509868951514e-05 -1.8295037079951726e-05 6.210563878994435e-05 -7.738032763882075e-06 -1.0941223990812432e-05 -7.1045878939912654e-06 1.0
1.899999976158142 1.0395080607850105e-05 -1.306838294112822e-05 6.141314952401444e-05 -5.1966158025607e-06 -4.970394911651965e-06 -8.630845513835084e-06 1.0
1.9333332777023315 1.9024961147806607e-05 1.6606461940682493e-05 6.240423681447282e-05 4.428136435308261e-06 -9.793699064175598e-06 -6.933149506949121e-06 1.0
1.9666666984558105 1.905148383229971e-05 1.7112450223066844e-05 4.502814044826664e-05 1.5860988469285076e-06 -1.0720902537286747e-05 -1.8352333427174017e-05 1.0
2.0 7.899002412159462e-06 -2.881054797398974e-06 6.700549420202151e-05 -8.917781997297425e-07 -7.379013823083369e-06 -8.709793291927781e-06 1.0
2.0333333015441895 1.2468826753320172e-05 -1.3748615856457036e-05 5.5200383940245956e-05 -6.629944437008817e-06 -7.77599143475527e-06 -5.672417046298506e-06 1.0
2.066666603088379 1.710797005216591e-05 3.317251184853376e-06 5.521970524569042e-05 -3.470410092631937e-06 -1.031858118949458e-05 -1.8148382878280245e-05 1.0
2.0999999046325684 4.044308752781944e-06 -7.583333626826061e-06 7.700092101003975e-05 -5.7505499171384145e-06 -7.90723515819991e-06 -1.6430416508228518e-05 1.0
2.133333444595337 3.824171290034428e-05 1.1464329872978851e-05 7.784811168676242e-05 8.947175729190349e-07 -1.944721589097753e-05 -1.463438729842892e-05 1.0
2.1666667461395264 2.9579625334008597e-05 3.2818104955367744e-05 4.8608111683279276e-05 9.382255484524649e-06 -1.4818792806181591e-05 -1.2189932022010908e-05 1.0
2.200000047683716 1.5287538190023042e-05 1.241111385752447e-05 6.565302464878187e-05 2.5595331862859894e-06 -1.185247310786508e-05 -9.188667718262877e-06 1.0
2.2333333492279053 5.004587728762999e-05 1.9974188035121188e-05 5.4631436796626076e-05 7.484607067453908e-06 -2.1876327082281932e-05 1.911071876747883e-06 1.0
2.2666666507720947 1.892303589556832e-05 -1.9859944586642087e-05 3.127284799120389e-05 -1.707482078927569e-05 -1.1310075024084654e-05 -2.0579534975695424e-05 1.0
2.299999952316284 1.8961352907354012e-05 9.588429747964256e-06 3.8676997064612806e-05 1.7969583723242977e-06 -1.0252623724227306e-05 -7.173742687882623e-06 1.0
2.3333332538604736 2.0457238861126825e-05 2.2124338556750445e-06 5.6696524552535266e-05 -3.5434329674899345e-06 -9.390190825797617e-06 -1.5580846593366005e-05 1.0
2.366666555404663 1.4926221410860308e-05 -7.787049980834126e-06 5.851600508322008e-05 -4.569780685415026e-06 -1.1695333341776859e-05 -1.8600343537400477e-05 1.0
2.4000000953674316 3.6376790376380086e-05 -4.265068582753884e-06 7.093769090715796e-05 -8.718442586541642e-06 -1.907536898215767e-05 -1.6183568732230924e-05 1.0
2.433333396911621 1.1203891290278989e-06 -1.1179752618772909e-05 5.362601950764656e-05 -7.454163096554112e-06 -4.25558664574055e-06 -1.567708204675e-05 1.0
2.4666666984558105 2.868770570785273e-05 4.1090861486736685e-06 5.29159588040784e-05 -3.3294395507255103e-06 -1.4421929336094763e-05 -1.4117905266175512e-05 1.0
2.5 -3.0596848432651313e-07 -1.909339516714681e-05 7.917779294075444e-05 -1.0374752491770778e-05 -4.365978838904994e-06 -1.226707172463648e-05 1.0
2.5333333015441895 3.159488187520765e-05 5.155321559868753e-06 7.478555926354602e-05 -1.0268089454257279e-06 -1.550832348584663e-05 -9.32095917960396e-06 1.0
2.566666603088379 3.0212837373255752e-05 -1.6610314560239203e-05 5.2955154387746006e-05 -1.7252486941288225e-05 -1.4959190593799576e-05 -1.5010521565272938e-05 1.0
2.5999999046325684 8.215297384595033e-06 -1.2739343219436705e-05 8.267261000582948e-05 -1.308969240199076e-05 -5.707105628971476e-06 -2.0304420104366727e-05 1.0
2.633333444595337 -3.497806801533443e-06 -1.9637548120954307e-06 5.241176040726714e-05 -4.692895799962571e-06 -1.8759046724881046e-06 -1.890827297756914e-05 1.0
2.6666667461395264 1.591193904459942e-05 -4.88797411435371e-07 4.618083039531484e-05 -4.7489756980212405e-06 -9.463622518524062e-06 -3.00945666822372e-05 1.0
2.700000047683716 1.3006383596803062e-05 -1.730026997392997e-05 4.4277730921749026e-05 -1.1056644325435627e-05 -6.9901234382996336e-06 -1.4707641639688518e-05 1.0
2.7333333492279053 3.501112951198593e-05 -2.920329279731959e-06 5.5420881835743785e-05 -4.892953711532755e-06 -1.8517495846026577e-05 -7.828713933122344e-06 1.0
2.7666666507720947 3.380270936759189e-05 2.0598259652615525e-05 7.497175101889297e-05 8.381960469705518e-06 -1.540106131869834e-05 -3.5833077163260896e-06 1.0
2.799999952316284 1.270744814974023e-05 -5.718143256672192e-06 6.607425166293979e-05 -5.290767603582935e-06 -4.377335699246032e-06 -1.1861699931614567e-05 1.0
2.8333332538604736 4.360801540315151e-06 4.340787199907936e-06 5.531291026272811e-05 -1.0475612555183034e-07 -3.941466729884269e-06 -1.516268002887955e-05 1.0
2.866666555404663 2.8389164071995765e-05 1.923277523019351e-06 5.4727945098420605e-05 3.517813240705436e-08 -1.2909231372759677e-05 -8.551774953957647e-06 1.0
2.9000000953674316 4.567827272694558e-05 1.0809220839291811e-05 6.880083674332127e-05 4.827695192943793e-06 -2.1100979211041704e-05 -5.415765826910501e-06 1.0
2.933333396911621 1.915306711453013e-05 -9.579115612723399e-06 5.350130595616065e-05 -7.748394637019373e-06 -1.0522485354158562e-05 -1.2599979527294636e-05 1.0
2.9666666984558105 2.263450551254209e-05 7.3313967732246965e-06 5.936469460721128e-05 -1.3738994653067493e-07 -9.026403859024867e-06 -1.1912942682101857e-05 1.0
3.0 5.9634530771290883e-05 3.0211345801944844e-05 6.217037298483774e-05 9.026462066685781e-06 -2.517076427466236e-05 -1.1417430869187228e-05 1.0
3.0333333015441895 1.821384830691386e-05 5.7799807109404355e-06 3.0135217457427643e-05 -1.5929414303172962e-06 -1.1101887139375322e-05 -1.820020770537667e-05 1.0
3.066666603088379 -6.611640401388286e-06 -2.6261390303261578e-05 5.246936052571982e-05 -1.5227618860080838e-05 -1.6814153696032008e-06 -1.759199585649185e-05 1.0
3.0999999046325684 -3.6904614262311952e-06 -1.366498509014491e-05 5.7301149354316294e-05 -5.0463386287447065e-06 -1.3950879065305344e-06 -9.013548151415307e-06 1.0
3.133333444595337 2.240264802821912e-05 5.82465918341768e-06 5.7613775425124913e-05 1.5210628134809667e-06 -1.1405592886148952e-05 -1.1995815839327406e-05 1.0
3.1666667461395264 2.0157283870503306e-05 6.111423317634035e-06 4.262015863787383e-05 1.7642676084506093e-06 -1.146302656707121e-05 -1.2740514648612589e-05 1.0
3.200000047683716 2.4696646505617537e-06 -1.251395315193804e-05 4.702789010480046e-05 -4.994695245841285e-06 -3.4992572182090953e-06 -1.1692083717207424e-05 1.0
3.2333333492279053 5.07206168549601e-05 3.938958252547309e-05 5.798619531560689e-05 8.563807568862103e-06 -2.353256604692433e-05 -2.3229315047501586e-05 1.0
3.2666666507720947 6.545298219862161e-06 4.945021828461904e-06 4.722995072370395e-05 -3.9650672079005744e-06 -6.5182252910744864e-06 -2.006675276788883e-05 1.0
3.299999952316284 2.4836112061166205e-05 1.3533544915844686e-05 6.871359801152721e-05 3.6327558063931065e-06 -1.9269653421361e-05 -1.1679863746394403e-05 1.0
3.3333332538604736 -4.192258529656101e-06 -9.926333177645574e-07 5.783222513855435e-05 -2.640677166709793e-06 -1.1279681757514481e-06 -1.3066496649116743e-05 1.0
3.366666555404663 4.8241861804854125e-05 2.225208663730882e-05 6.850527279311791e-05 6.344792382151354e-06 -2.1304093024809845e-05 -2.202262521677767e-06 1.0
3.4000000953674316 1.2444924323062878e-05 -5.185770532989409e-06 7.645834557479247e-05 -5.694346782547655e-06 -7.343273409787798e-06 -2.0688160020654323e-06 1.0
3.433333396911621 3.091551116085611e-05 7.688057849009056e-06 5.8053177781403065e-05 -2.151411706563522e-07 -1.788983354344964e-05 -1.4172170267556794e-05 1.0
3.4666666984558105 1.940567744895816e-05 3.1635051982448203e-06 3.245778862037696e-05 -1.7584854958840879e-06 -1.227762913913466e-05 -1.8340841052122414e-05 1.0
3.5 4.449230618774891e-05 -3.703216862049885e-05 3.978883250965737e-05 -1.8333637854084373e-05 -2.2207777874427848e-05 -6.235885393834906e-06 1.0
3.5333333015441895 2.8237627702765167e-05 -2.7147009404870914e-06 3.9604215999133885e-05 -6.673888492514379e-06 -1.55014840856893e-05 -1.435589092579903e-05 1.0
3.566666603088379 1.827779306040611e-05 6.292992566159228e-06 7.177778024924919e-05 3.5935923392571567e-07 -1.0099337487190496e-05 -1.2831724234274589e-05 1.0
3.5999999046325684 2.5170013486786047e-06 -1.0656238373485394e-05 7.199535320978612e-05 -2.2440185603045393e-06 -6.8224690039642155e-06 -6.791998202970717e-06 1.0
3.633333444595337 1.632923522265628e-05 -1.670332312642131e-05 5.6713775848038495e-05 -6.687904715363402e-06 -9.864772437140346e-06 -1.9460207113297656e-05 1.0
3.6666667461395264 5.933422016823897e-06 -5.286924988467945e-06 6.692683382425457e-05 -2.049179101959453e-06 -7.311045465030475e-06 -8.563420124119148e-06 1.0
3.700000047683716 2.7893742299056612e-05 1.5147329577303026e-05 4.8714562581153587e-05 3.407351982787077e-07 -1.6436659279861487e-05 -1.7598276826902293e-05 1.0
3.7333333492279053 1.762983447406441e-05 -3.69006629625801e-05 7.762636960251257e-05 -1.679403430898674e-05 -1.2002911716990639e-05 -1.5461539078387432e-05 1.0
3.7666666507720947 -1.727838935039472e-05 -2.338002741453238e-05 3.653605381259695e-05 -1.37963052111445e-05 2.449872226861771e-06 -2.2127758711576462e-05 1.0
3.799999952316284 1.012507073028246e-05 -2.3631871954421513e-05 2.3731274268357083e-05 -1.719590727589093e-05 -1.1978248949162662e-05 -2.2979271307121962e-05 1.0
3.8333332538604736 2.9608727345475927e-05 -8.311020792461932e-06 6.355612276820466e-05 -5.170865279069403e-06 -1.2677575796260498e-05 -7.2047810135700274e-06 1.0
3.866666555404663 -8.747761057747994e-06 -5.614126621367177e-06 8.987260662252083e-05 -3.688709512061905e-06 -5.3784679039381444e-06 -1.342419818683993e-05 1.0
3.9000000953674316 7.419171652145451e-06 6.15836461292929e-06 4.569202792481519e-05 -2.6522766347625293e-06 -5.539608082472114e-06 -2.1592506527667865e-05 1.0
3.933333396911621 1.4447291505348403e-05 1.9394226455915486e-06 4.6352652134373784e-05 -3.647650828497717e-06 -1.0147487955691759e-05 -1.5759509551571682e-05 1.0
3.9666666984558105 2.2296831957646646e-05 1.4872490282868966e-05 6.335919897537678e-05 2.956913704110775e-06 -1.374462681269506e-05 -1.4786377505515702e-05 1.0
4.0 2.351369766984135e-05 8.005888957995921e-06 3.413432204979472e-05 -4.793690209226042e-07 -1.254539438377833e-05 -1.0498566552996635e-05 1.0
4.0333333015441895 5.580428842222318e-05 2.828076139849145e-05 8.106873428914696e-05 1.0789427506097127e-05 -2.1719275537179783e-05 -6.475365353253437e-06 1.0
4.066666603088379 2.2710168195771985e-05 1.07570440377458e-05 7.26002108422108e-05 -8.705562777322484e-07 -1.3834755918651354e-05 -1.0446473424963187e-05 1.0
4.099999904632568 7.374276265181834e-06 2.4995897547341883e-05 4.505108154262416e-05 5.7378447309019975e-06 -6.215598205017159e-06 -1.630474434932694e-05 1.0
4.133333206176758 2.6935267669614404e-05 1.5433569160450133e-06 4.3761483539128676e-05 -2.3600853182870196e-06 -1.2954407793586142e-05 -1.093349692382617e-05 1.0
4.166666507720947 3.631375193435815e-06 -2.3567537937196903e-05 5.97616053710226e-05 -8.770171007199679e-06 -6.165070317365462e-06 -8.435351446678396e-06 1.0
4.199999809265137 1.5797662854311056e-05 -9.026657039612473e-07 6.164260412333533e-05 -2.026643414865248e-06 -5.697648703062441e-06 -8.828325917420443e-06 1.0
4.233333110809326 1.84613872988848e-05 -1.5433566659339704e-05 7.611874025315046e-05 -8.78878290677676e-06 -1.4144945453153923e-05 -6.858587767055724e-06 1.0
4.266666889190674 3.103059862041846e-05 2.4204698547691805e-06 6.351031333906576e-05 -2.2163110315887025e-06 -1.6711381249479018e-05 -1.5238723790389486e-05 1.0
4.300000190734863 1.1819771316368133e-05 -1.5024033928057179e-05 4.6384448069147766e-05 -1.0305472642357927e-05 -6.813050731580006e-06 -1.2865247299487237e-05 1.0
4.333333492279053 -5.606775175692746e-06 -6.061340172891505e-06 6.494994886452332e-05 -4.905670266452944e-06 -5.585957296716515e-06 -1.2148535461165011e-05 1.0
4.366666793823242 7.065100817271741e-06 -7.66030188970035e-06 7.0014844823163e-05 -4.522804829321103e-06 -5.6609146668051835e-06 -1.375886768073542e-05 1.0
4.400000095367432 2.2728225303580984e-05 1.8408542018732987e-05 3.953737541451119e-05 4.649408765544649e-06 -9.98368614091305e-06 -5.600444183073705e-06 1.0
4.433333396911621 1.1740191439457703e-05 -1.1585295396798756e-05 7.32169792172499e-05 -4.022132543468615e-06 -1.1972078027611133e-05 -1.2268720638530795e-05 1.0
4.4666666984558105 -7.242940682772314e-07 2.634559905345668e-06 7.215145160444081e-05 -2.053923708444927e-06 -5.553793016588315e-06 -1.99265887204092e-05 1.0
4.5 2.1421910787466913e-05 9.554411008139141e-06 8.804238314041868e-05 5.2267382670834195e-06 -1.7119600670412183e-05 -5.959215741313528e-06 1.0
4.5333333015441895 8.24203289084835e-06 3.092462463882839e-07 7.10936074028723e-05 4.742475301355853e-09 -2.725180138440919e-06 -1.0437700439069886e-05 1.0
4.566666603088379 4.553296821541153e-05 1.3878976460546255e-05 5.228250665822998e-05 4.270988029020373e-06 -1.7292437405558303e-05 -7.195711077656597e-06 1.0
4.599999904632568 2.03355957637541e-05 1.419627369614318e-05 5.808555943076499e-05 -7.583448109471647e-07 -6.9791612986591645e-06 -2.2683179849991575e-05 1.0
4.633333206176758 3.163637302350253e-05 -8.033833154286185e-08 4.749695654027164e-05 -4.022439497930463e-06 -1.39459962156252e-05 -1.4230694432626478e-05 1.0
4.666666507720947 2.96419038932072e-05 -5.105229305968351e-08 5.401855378295295e-05 -1.0368270295657567e-06 -1.5856623576837592e-05 -6.867670435894979e-06 1.0
4.699999809265137 3.224832471460104e-05 1.324741106145666e-06 8.963580330600962e-05 -3.3459180031059077e-06 -1.6588528524152935e-05 -6.7994742494192906e-06 1.0
4.733333110809326 4.735040420200676e-05 -4.392491064209025e-06 8.106491441139951e-05 -2.1340274543035775e-06 -2.3806524040992372e-05 -9.079067240236327e-06 1.0
4.766666889190674 3.907128484570421e-05 1.1531853488122579e-05 8.528680336894467e-05 3.6157045997242676e-06 -2.209288504673168e-05 -4.880819687969051e-06 1.0
4.800000190734863 1.18435573313036e-05 -9.921848231897457e-07 7.626916340086609e-05 -3.3269591313001e-06 -7.678322617721278e-06 -8.648676157463342e-06 1.0
4.833333492279053 3.3285301469732076e-05 -6.8711415224242955e-06 4.380173049867153e-05 -6.616277005377924e-06 -1.300920939684147e-05 -8.15635303297313e-06 1.0
4.866666793823242 1.5815456208656542e-05 6.162717909319326e-06 5.153871825314127e-05 1.6894786085686064e-06 -6.344812391034793e-06 2.606962254958489e-07 1.0
4.900000095367432 4.020470805699006e-05 -2.1758647562819533e-05 2.0110903278691694e-05 -1.643996438360773e-05 -2.0441368178580888e-05 -8.49847674544435e-06 1.0
4.933333396911621 -3.6998119412601227e-06 2.3831867110857274e-06 4.472974978853017e-05 -2.2906372123543406e-06 -1.1454199011495803e-06 -1.4343141629069578e-05 1.0
4.9666666984558105 3.0425615477724932e-05 -7.3606797741376795e-06 5.956089444225654e-05 -8.993405572255142e-06 -1.4387600458576344e-05 -8.262158189609181e-06 1.0
5.0 1.0170534551434685e-05 6.939947070350172e-06 6.615448364755139e-05 8.292814186461328e-07 -6.985652817093069e-06 -5.420981779025169e-06 1.0
5.0333333015441895 4.349093433120288e-05 8.719824108993635e-06 6.348531314870343e-05 2.1515168100449955e-06 -1.7008298527798615e-05 -3.2982816264848225e-06 1.0
5.066666603088379 3.8042257983761374e-06 1.0612102414597757e-06 5.928746395511553e-05 -9.554836424285895e-07 -7.699631169089116e-06 -1.8683938833419234e-05 1.0
5.099999904632568 2.93286211672239e-05 -1.3396544090937823e-05 7.227264723042026e-05 -4.513752628554357e-06 -1.541577876196243e-05 -8.556164175388403e-06 1.0
5.133333206176758 1.8283422832610086e-05 -1.6537333067390136e-06 6.375274097081274e-05 -4.8002516450651456e-06 -9.19101876206696e-06 -8.769541636866052e-06 1.0
5.166666507720947 2.6462850655661896e-05 5.643298209179193e-06 6.321748514892533e-05 2.665552074176958e-06 -1.3194578968978021e-05 3.7590530155284796e-06 1.0
5.199999809265137 3.246308915549889e-05 -9.598679753253236e-07 6.214922905201092e-05 -6.542869414261077e-06 -1.2453485396690667e-05 -1.1758808796002995e-05 1.0
5.233333110809326 1.663377224758733e-05 -2.3850381694501266e-05 3.5731078241951764e-05 -1.0585921700112522e-05 -7.880257726355921e-06 -7.6040028034185525e-06 1.0
5.266666889190674 3.2343461498385295e-05 -1.2786226761818398e-05 5.4266674851533026e-05 -7.022098543529864e-06 -1.427879305992974e-05 -9.745574971020687e-06 1.0
5.300000190734863 1.0436870070407167e-05 1.6506895917700604e-05 2.2376945707947016e-05 1.5254355503202532e-06 -7.644991455890704e-06 -2.611593845358584e-05 1.0
5.333333492279053 2.062391649815254e-05 2.0955711079295725e-05 6.151090929051861e-05 9.74842896539485e-06 -1.0803924851643387e-05 -3.7646736927854363e-06 1.0
5.366666793823242 3.196209218003787e-05 1.4484422536042985e-05 9.056545968633145e-05 2.771446133920108e-06 -1.9950057321693748e-05 -5.556730684475042e-06 1.0
5.400000095367432 4.3077630834886804e-05 -3.277296855230816e-05 4.1419210901949555e-05 -2.353954187128693e-05 -2.065214175672736e-05 -1.0830408427864313e-05 1.0
5.433333396911621 2.9026292395428754e-05 5.096724635222927e-06 2.0203484382363968e-05 -5.604345915344311e-06 -1.4423578249989077e-05 -1.2482116289902478e-05 1.0
5.4666666984558105 2.3455444534192793e-05 6.106039108999539e-06 4.541001180768944e-05 1.467555762246775e-06 -1.0649586329236627e-05 -6.162062618386699e-06 1.0
5.5 9.53640937950695e-06 -9.844550731941126e-06 6.712943286402151e-05 -7.317905328818597e-06 -5.626179699902423e-06 -8.40368647914147e-06 1.0
5.5333333015441895 2.1150857719476335e-05 -1.1018899385817349e-05 4.6302739065140486e-05 -6.728319021931384e-06 -1.0277226465404965e-05 -8.709411304153036e-06 1.0
5.566666603088379 3.070003367611207e-05 -4.901323791273171e-08 6.545520591316745e-05 -1.6035828593885526e-06 -1.5937950593070127e-05 -2.1674737581633963e-05 1.0
5.599999904632568 2.8536478566820733e-05 -1.681740104686469e-05 3.246427877456881e-05 -1.3617624972539488e-05 -1.3462223250826355e-05 -1.4676039427286014e-05 1.0
5.633333206176758 1.9398359654587694e-05 -1.2308075383771211e-05 6.483965262304991e-05 -6.727324944222346e-06 -1.2198333934065886e-05 -1.6303567463182844e-05 1.0
5.666666507720947 1.9472354324534535e-05 8.940527550294064e-06 8.460117533104494e-05 6.444425707741175e-06 -1.4313932297227439e-05 9.471612543165975e-07 1.0
5.699999809265137 5.38000458618626e-05 6.30954264124739e-06 3.891500091413036e-05 -3.636234623627388e-06 -2.1806716176797636e-05 -9.556506483932026e-06 1.0
5.733333110809326 1.4844546058156993e-05 -1.0100045983563177e-05 5.88474067626521e-05 -9.431909347767942e-06 -5.997118478262564e-06 -1.3179873349145055e-05 1.0
5.766666889190674 -1.0498064511921257e-05 -2.499394577171188e-05 9.516406862530857e-05 -1.0315227882529143e-05 -5.09993742525694e-06 -9.085423698707018e-06 1.0
5.800000190734863 1.934548890858423e-05 7.190395081124734e-06 8.770370914135128e-05 1.1860977338074008e-06 -1.1027129403373692e-05 -6.036344075255329e-06 1.0
5.833333492279053 2.863240115402732e-05 5.9683989093173295e-06 5.428993245004676e-05 1.096251708077034e-06 -1.1526263733685482e-05 -1.07895675682812e-05 1.0
5.866666793823242 -1.7186916068112623e-07 -7.57032375986455e-06 7.912229193607345e-05 -8.160594120454334e-07 -6.841248705313774e-06 -1.0462092177476734e-05 1.0
5.900000095367432 1.1131377505080309e-05 -7.46042587707052e-06 4.397658267407678e-05 -6.983826551731909e-06 -6.419475084840087e-06 -1.9005898138857447e-05 1.0
5.933333396911621 4.718685886473395e-05 -1.2085266689609853e-06 4.969737710780464e-05 -6.6534607867652085e-06 -1.9926754248444922e-05 -8.80587595020188e-06 1.0
5.9666666984558105 1.3470894373313058e-05 1.180560138891451e-05 5.414728002506308e-05 3.1510160170000745e-06 -8.801932381174993e-06 -1.2075807717337739e-05 1.0
6.0 4.552061909635086e-06 -4.13594216297497e-06 5.796051482320763e-05 -7.092563009791775e-06 -6.640178071393166e-06 -1.6534915630472824e-05 1.0
6.0333333015441895 4.2534000385785475e-05 1.9057708868785994e-06 6.0490507166832685e-05 -3.7555919334408827e-06 -2.2963014998822473e-05 -1.0992049283231609e-05 1.0
6.066666603088379 -2.5576648567948723e-06 1.3116920854372438e-05 6.148691318230703e-05 5.7224001466238406e-06 -3.4130760013795225e-06 -1.5370247638202272e-05 1.0
6.099999904632568 3.2972915505524725e-05 1.5133244232856669e-05 3.873316018143669e-05 2.182525804528268e-06 -1.2984259228687733e-05 -1.035127934301272e-05 1.0
6.133333206176758 -1.9902836356777698e-05 -7.227474270621315e-06 8.863459515850991e-05 -4.522958988673054e-06 -3.4544459595053922e-06 -1.6239227988990024e-05 1.0
6.166666507720947 1.899219751066994e-05 -1.0073988960357383e-05 5.27572919963859e-05 -8.674500350025482e-06 -1.235548006661702e-05 -1.7673919501248747e-05 1.0
6.199999809265137 2.519773715903284e-06 2.3355510165856685e-06 4.7460111090913415e-05 -2.71613907898427e-06 -5.3277963161235675e-06 -1.4788561202294659e-05 1.0
6.233333110809326 2.105017119902186e-05 -4.384110070532188e-06 6.257893255678937e-05 -3.139720774925081e-06 -1.1664175872283522e-05 -8.172539310180582e-06 1.0
6.266666889190674 1.3726270481129177e-05 -4.3640173430503637e-07 6.694015610264614e-05 -5.713826340070227e-06 -1.1376580914657097e-05 -2.5652145723142894e-06 1.0
6.300000190734863 1.0621966794133186e-05 4.456344413483748e-06 4.819223613594659e-05 8.940531870393897e-07 -5.457822680909885e-06 -1.8476129071132164e-06 1.0
6.333333492279053 3.07596055790782e-05 1.5949601220199838e-05 4.861845445702784e-05 3.127337095065741e-06 -1.5496214473387226e-05 -8.964853805082384e-06 1.0
6.366666793823242 1.0523675882723182e-05 -1.2795690054190345e-05 7.664793520234525e-05 -7.563258350273827e-06 -6.71112184136291e-06 -1.0759176802821457e-05 1.0
6.400000095367432 1.8261183868162334e-05 1.7764843107670458e-07 6.501627649413422e-05 -1.3188225693738787e-06 -1.1371608707122505e-05 -1.6080257410067134e-05 1.0
6.433333396911621 1.3030412446823902e-05 -1.6657355445204303e-05 4.008036194136366e-05 -1.2055835213686805e-05 -7.833131348888855e-06 -1.2246339792909566e-05 1.0
6.4666666984558105 -1.1598884157137945e-05 -2.4960983864730224e-05 5.524061998585239e-05 -1.60404833877692e-05 -5.014243242840166e-07 -1.8784912754199468e-05 1.0
6.5 1.2272336789465044e-05 1.2858181435149163e-05 5.162740853847936e-05 -8.280853194264637e-07 -6.5689164330251515e-06 -2.119704549841117e-05 1.0
6.5333333015441895 3.2414413908554707e-06 -1.6191659597097896e-05 9.083089389605448e-05 -6.980404123169137e-06 -8.377513040613849e-06 -1.0852047125808895e-05 1.0
6.566666603088379 -8.327483556058723e-06 -2.2256168449530378e-05 5.579600838245824e-05 -1.040158804244129e-05 -1.5355244613601826e-06 -6.684562777081737e-06 1.0
6.599999904632568 3.8656995457131416e-05 -3.380026328159147e-06 2.3942851839819923e-05 -1.0525523066462483e-05 -1.7538330212119035e-05 -1.8703234673012048e-05 1.0
6.633333206176758 2.4855518859112635e-05 9.72263023868436e-06 7.909685518825427e-05 5.750076525146142e-06 -1.365829029964516e-05 -6.4966443460434675e-06 1.0
6.666666507720947 2.920546285167802e-05 -1.4893610568833537e-05 5.148252967046574e-05 -1.021185380523093e-05 -1.2296623026486486e-05 -1.2675435755227227e-05 1.0
6.699999809265137 1.3788297110295389e-05 3.9817168726585805e-06 7.119715155567974e-05 -5.029689305047214e-07 -1.1943265235458966e-05 -9.793073331820779e-06 1.0
6.733333110809326 1.2562823940243106e-05 -1.980548222491052e-05 6.198206392582506e-05 -1.0523907803872135e-05 -9.913031135511119e-06 -1.664307274040766e-05 1.0
6.766666889190674 1.5150136505326373e-06 -2.6233692551613785e-05 5.9629201132338494e-05 -1.702800545899663e-05 -3.6794126572203822e-06 -1.5626794265699573e-05 1.0
6.800000190734863 -5.186057023820467e-07 -6.182261813592049e-07 3.471916352282278e-05 -1.6447821735710022e-06 -1.5438255331901019e-06 -9.203745321428869e-06 1.0
6.833333492279053 1.8476599507266656e-05 2.9631498819071567e-06 5.744737427448854e-05 -1.208182879963715e-06 -7.3917290137615055e-06 -1.1653404726530425e-05 1.0
6.866666793823242 2.4236820536316372e-05 -1.013814198813634e-05 8.333680307259783e-05 -6.610790023842128e-06 -1.566978062328417e-05 -1.3267762369650882e-05 1.0
6.900000095367432 1.875662201200612e-05 2.1517922505154274e-05 5.277680975268595e-05 5.951984803687083e-06 -1.2126310139137786e-05 -1.3579076039604843e-05 1.0
6.933333396911621 6.115506039350294e-06 5.900908490730217e-06 8.280140173155814e-05 2.961384780064691e-06 -9.609748303773813e-06 -1.2741867067234125e-05 1.0
6.9666666984558105 1.752318894432392e-05 -4.882227585767396e-06 7.428248500218615e-05 -6.888126335979905e-06 -8.890054232324474e-06 -1.3165649761504028e-05 1.0
7.0 1.942342169058975e-05 -1.0679139450076036e-05 3.821579957730137e-05 -8.151781912602019e-06 -1.3195742212701589e-05 -1.844322105171159e-05 1.0
7.0333333015441895 2.093123475788161e-05 -1.542703216728114e-06 6.310141179710627e-05 -2.346514975215541e-06 -9.927764040185139e-06 -6.5936133069044445e-06 1.0
7.066666603088379 1.2971261639904696e-05 -2.4299128199345432e-05 9.229843999492005e-05 -8.433644325123169e-06 -9.23359675653046e-06 -1.0700611710490193e-05 1.0
7.099999904632568 2.1956371710984968e-05 -1.5956264178385027e-05 5.1570419600466266e-05 -1.4688242117699701e-05 -8.69411542225862e-06 -1.9276500097475946e-05 1.0
7.133333206176758 -5.498714017448947e-06 -2.6228597562294453e-05 5.649648664984852e-05 -1.747141322994139e-05 6.903962344040337e-07 -1.995354614336975e-05 1.0
7.166666507720947 3.827997716143727e-06 1.7081451005651616e-05 5.1516180974431336e-05 5.59647605768987e-06 -5.495593086379813e-06 -1.344873453490436e-05 1.0
7.199999809265137 1.4872985957481433e-05 -1.3716125977225602e-05 4.1566490835975856e-05 -9.859512829279993e-06 -9.170113116852008e-06 -1.227262691827491e-05 1.0
7.233333110809326 8.307883945235517e-06 -3.3053493098123e-05 4.736329719889909e-05 -2.3643162421649322e-05 -8.572745173296425e-06 -3.5503824619809166e-05 1.0
7.266666889190674 1.2205803614051547e-05 -6.967666195123456e-06 6.995111471042037e-05 -3.929736976715503e-06 -1.2813156899937894e-05 -1.2021085240121465e-05 1.0
7.300000190734863 1.8487580746295862e-05 -2.4294462491525337e-05 3.878607458318584e-05 -1.649230034672655e-05 -9.148257959168404e-06 -1.587858969287481e-05 1.0
7.333333492279053 6.3178949858411215e-06 1.1418297617638018e-05 4.473104127100669e-05 1.0014837243943475e-06 -4.082038685737643e-06 -1.9791346858255565e-05 1.0
7.366666793823242 2.5552548322593793e-05 -5.467927621793933e-06 4.216483284835704e-05 -3.539791578077711e-06 -1.0746361112978775e-05 -7.1842091529106256e-06 1.0
7.400000095367432 1.4210966583050322e-05 -5.027422048442531e-06 7.095095497788861e-05 -4.0120730773196556e-06 -8.193230314645916e-06 -7.788154107402079e-06 1.0
7.433333396911621 3.3162588806590065e-05 1.0402205589343794e-05 6.393634976120666e-05 4.874255409959005e-06 -1.5362020349130034e-05 -3.9969695535546634e-06 1.0
7.4666666984558105 1.952299317053985e-05 2.4345770270883804e-06 5.892766057513654e-05 -4.425940915098181e-06 -1.2243173841852695e-05 -1.738880564516876e-05 1.0
7.5 2.3759006580803543e-05 -4.1098069232248235e-06 3.37283818225842e-05 -6.900744665472303e-06 -1.3607152141048573e-05 -2.2736458049621433e-05 1.0
7.5333333015441895 1.5043082385091111e-05 3.0952828637964558e-06 2.8824550099670887e-05 -3.984487193520181e-06 -9.447477168578189e-06 -1.823574348236434e-05 1.0
7.566666603088379 5.213307304074988e-05 -1.0413938980491366e-05 3.809004192589782e-05 -8.555281056032982e-06 -2.2899543182575144e-05 -1.1694624845404178e-05 1.0
7.599999904632568 3.145984737784602e-05 -1.2852305189881008e-05 6.76681665936485e-05 -1.5756464563310146e-05 -1.4127002941677347e-05 -6.692218903481262e-06 1.0
7.633333206176758 6.243879397516139e-06 -3.2032507988333236e-06 8.643548062536865e-05 1.4590945340842154e-07 -7.326792456296971e-06 -2.536606871217373e-06 1.0
7.666666507720947 9.554747521178797e-06 -2.697439640542143e-06 4.4875188905280083e-05 -4.9472710088593885e-06 -9.049826076079626e-06 -1.896930371003691e-05 1.0
7.699999809265137 1.3547776688938029e-05 -7.150285455281846e-06 3.1336374377133325e-05 -8.739723853068426e-06 -9.725580639496911e-06 -2.1176205336814746e-05 1.0
7.733333110809326 -9.748692718858365e-06 -2.5674136850284413e-05 0.00010228434985037893 -9.566000699123833e-06 -2.218609552073758e-06 -3.010165528394282e-06 1.0
7.766666889190674 4.417099989950657e-05 4.68405642095604e-06 3.906619531335309e-05 -2.9087511848047143e-06 -2.0186385881970637e-05 -1.7065152860595845e-05 1.0
7.800000190734863 -4.615771558746928e-06 -5.14555267727701e-06 5.205011984799057e-05 -5.744626378145767e-06 -2.343084588574129e-06 -2.601976848382037e-05 1.0
7.833333492279053 1.5942669051582925e-05 -1.580911771270621e-06 6.364841101458296e-05 -1.4715099041495705e-06 -1.1382154298189562e-05 -2.3862194211687893e-06 1.0
7.866666793823242 1.2152882845839486e-05 2.0699262677226216e-05 0.00010007846867665648 8.659470040583983e-06 -9.900341865431983e-06 -1.1552960131666623e-05 1.0
7.900000095367432 2.060372571577318e-05 2.664230578375282e-07 8.94686600076966e-05 -3.731146080099279e-06 -1.100176632462535e-05 -8.387130947085097e-06 1.0
7.933333396911621 3.0497743864543736e-05 5.260789748717798e-06 0.0001041763971443288 -5.770458756160224e-06 -1.4520132936013397e-05 1.5696651871621725e-06 1.0
7.9666666984558105 -0.00046166343963705003 -0.0014946882147341967 0.0006756343645974994 -0.0023087235167622566 0.00019921938655897975 -0.00020204576139803976 0.9999973177909851
8.0 -0.0007333625690080225 -0.0026398783084005117 0.0013441520277410746 -0.0030635192524641752 0.0003336147638037801 -0.00047122029354795814 0.9999951720237732
8.033333778381348 -0.0005669230595231056 -0.002470034407451749 0.0008271542028523982 -0.002821447094902396 0.0002034208009717986 -0.0005292439018376172 0.9999958872795105
8.066666603088379 -0.0006624748348258436 -0.0028956267051398754 0.0006007463671267033 -0.0026387444231659174 0.000223405979340896 -0.0005733053549192846 0.9999963641166687
8.100000381469727 3.363801079103723e-05 -2.4090793885989115e-05 4.518957939581014e-05 -1.4522993296850473e-05 -1.3169994417694397e-05 -7.90032481745584e-06 1.0
8.133333206176758 1.0490070962987375e-05 -0.00013394647976383567 4.600883403327316e-05 -5.187019269214943e-05 -8.134645213431213e-06 -3.1506646337220445e-05 1.0
8.166666984558105 0.0001436005113646388 -0.00023902942484710366 -2.5633391487644985e-05 -0.00010943833331111819 -4.2711351852631196e-05 -6.30640861345455e-05 1.0
8.199999809265137 0.00038838890031911433 -0.00040503949276171625 -0.00012678418715950102 -0.00020085686992388219 -0.00010926600225502625 -6.0045425925636664e-05 1.0
8.233333587646484 0.000507199321873486 -0.0004988465807400644 -0.0002552119840402156 -0.00024136825231835246 -0.0001486276596551761 -8.604508184362203e-05 1.0
8.266666412353516 0.0005792668671347201 -0.0015800984110683203 -0.0002980832941830158 -0.0006402602884918451 -0.000165881312568672 -0.0002526496537029743 0.9999998211860657
8.300000190734863 0.0005357179907150567 -0.001447453978471458 -0.0002496829838491976 -0.000597360311076045 -0.00014871956955175847 -0.00025363321765325963 0.9999998211860657
8.333333015441895 0.0005752845318056643 -0.002166340360417962 -0.0004983363905921578 -0.0009188476833514869 -0.00020286059589125216 -0.0002956591488327831 0.9999995827674866
8.366666793823242 0.000612307689152658 -0.003003950696438551 -0.001025611418299377 -0.0012515727430582047 -0.0002959486155305058 -0.0003222707600798458 0.9999991655349731
8.399999618530273 0.001284354249946773 -0.003404666669666767 -0.0020508847665041685 -0.0005894770147278905 -0.0007114607724361122 0.0008387079578824341 0.9999992251396179
8.433333396911621 0.0012470148503780365 -0.002979662735015154 -0.0005509174079634249 -0.0005482093547470868 -0.0005234026466496289 0.0008978443220257759 0.9999992847442627
8.466666221618652 0.0013161607785150409 -0.003564999671652913 -0.0010934753809124231 -0.0015188803663477302 -0.0006671783630736172 -0.00028281743288971484 0.9999986290931702
8.5 0.001317600253969431 -0.0036733190063387156 -0.0021240361966192722 -0.0013919405173510313 -0.000803440110757947 -7.406443182844669e-05 0.9999987483024597
8.533333778381348 0.001408785698004067 -0.003371616592630744 -0.002275432925671339 -0.000552642741240561 -0.0008987465989775956 0.0009250313160009682 0.9999990463256836
8.566666603088379 0.0020746684167534113 -0.0029243011958897114 -0.0012251678854227066 -0.0011329104891046882 -0.001687541021965444 -0.00024600583128631115 0.9999979734420776
8.600000381469727 0.0008525164448656142 -0.0024877057876437902 -0.000341825041687116 -0.000994360656477511 -0.0015882833395153284 -0.0006555474828928709 0.9999980330467224
8.633333206176758 0.0008065575966611505 -0.004834356717765331 -8.307442476507276e-05 -0.0027442704886198044 -0.0017247587675228715 -0.00034221712849102914 0.999994695186615
8.666666984558105 0.001998782390728593 -0.001521287253126502 -0.0004491147701628506 -0.0007874940056353807 -0.006940588355064392 -0.0015291927848011255 0.9999744296073914
8.699999809265137 -0.002914043376222253 -0.0015757230576127768 0.0005932404310442507 -8.636262464278843e-06 -0.01576239988207817 -0.00433732382953167 0.9998663663864136
8.733333587646484 -0.003539781318977475 -0.001558399759232998 0.0005044649005867541 -0.0005377280758693814 -0.027668360620737076 -0.008474753238260746 0.9995810985565186
8.766666412353516 -0.005094972439110279 -0.0017771909479051828 -0.00018084695329889655 -0.0005545310559682548 -0.039464324712753296 -0.012995274737477303 0.9991363883018494
8.800000190734863 -0.006146651227027178 -0.0015271600568667054 -0.000583858578465879 -0.0004821883048862219 -0.049726452678442 -0.01615855097770691 0.9986320734024048
8.833333015441895 -0.007203096989542246 -0.0011497007217258215 -0.0004219671245664358 -0.0009149504476226866 -0.05801500380039215 -0.019140029326081276 0.9981318116188049
8.866666793823242 -0.00854005292057991 -0.0015023963060230017 -0.0005058350507169962 -0.0009013889357447624 -0.06713853031396866 -0.02273293398320675 0.9974842667579651
8.899999618530273 -0.01025509461760521 -0.0008310553967021406 -0.000706508057191968 -0.0007668026373721659 -0.07594802230596542 -0.02530968189239502 0.9967902898788452
8.933333396911621 -0.010799124836921692 -0.0010447364766150713 -0.001061236602254212 -0.0009217276819981635 -0.08564841747283936 -0.028923673555254936 0.9959051609039307
8.966666221618652 -0.013013594783842564 -0.0016513210721313953 -0.001858720206655562 -0.0015229946002364159 -0.09774113446474075 -0.03354712203145027 0.9946451783180237
9.0 -0.015302206389605999 -0.001617809641174972 -0.0029163218569010496 -0.0019381415331736207 -0.1122213825583458 -0.03865722566843033 0.9929291605949402
9.033333778381348 -0.017941733822226524 -0.0008433883776888251 -0.0040903096087276936 -0.0018889858620241284 -0.13075102865695953 -0.04524734616279602 0.9903804063796997
9.066666603088379 -0.02204097993671894 -0.00039679810288362205 -0.006074045319110155 -0.002367895795032382 -0.14968781173229218 -0.05244211107492447 0.9873387813568115
9.100000381469727 -0.019573744386434555 0.0014494414208456874 -0.005994132254272699 -0.0018738193903118372 -0.16719596087932587 -0.058095064014196396 0.9842088222503662
9.133333206176758 -0.022585894912481308 0.0004820447647944093 -0.008057142607867718 -0.002783076371997595 -0.1785440444946289 -0.06268560886383057 0.9819291830062866
9.166666984558105 -0.022290484979748726 0.0003239948127884418 -0.00811331532895565 -0.0032017547637224197 -0.18985724449157715 -0.06645111739635468 0.9795551300048828
9.199999809265137 -0.02322765439748764 0.0018989545060321689 -0.007766904309391975 -0.0027542535681277514 -0.19966405630111694 -0.06999073177576065 0.9773576855659485
9.233333587646484 -0.02490372397005558 0.0019040250917896628 -0.009141866117715836 -0.003029427258297801 -0.2094298005104065 -0.07344172149896622 0.9750571250915527
9.266666412353516 -0.02643328532576561 0.002613864606246352 -0.010129010304808617 -0.0028996600303798914 -0.2203003466129303 -0.07767050713300705 0.9723305702209473
9.300000190734863 -0.028136825188994408 0.0017886280547827482 -0.011480594053864479 -0.0037595268804579973 -0.23068231344223022 -0.08143478631973267 0.9696081280708313
9.333333015441895 -0.025637513026595116 0.0043244436383247375 -0.010818779468536377 -0.002557631814852357 -0.2432464361190796 -0.08598650246858597 0.9661423563957214
9.366666793823242 -0.024207081645727158 0.003920064307749271 -0.011052677407860756 -0.0029226362239569426 -0.25581905245780945 -0.09045781940221786 0.962478756904602
9.399999618530273 -0.025960277765989304 0.004905395675450563 -0.013072588481009007 -0.002650077221915126 -0.2659733295440674 -0.09446220099925995 0.9593372941017151
9.433333396911621 -0.02620357647538185 0.004455144517123699 -0.014270068146288395 -0.0030883466824889183 -0.2758183777332306 -0.09798453003168106 0.9561975002288818
9.466666221618652 -0.025798700749874115 0.0054213497787714005 -0.015044513158500195 -0.0030555077828466892 -0.2850719392299652 -0.10137231647968292 0.953125536441803
9.5 -0.025599783286452293 0.00544649176299572 -0.01609482616186142 -0.002931246068328619 -0.2904351055622101 -0.10336706042289734 0.9512908458709717
9.533333778381348 -0.02586044929921627 0.005247760564088821 -0.01662103645503521 -0.0032701357267796993 -0.2940104007720947 -0.10479942709207535 0.9500339031219482
9.566666603088379 -0.025600094348192215 0.005893571302294731 -0.0159450676292181 -0.0031145750544965267 -0.2982667088508606 -0.10647002607584 0.9485206604003906
9.600000381469727 -0.025622718036174774 0.00515576358884573 -0.01664026454091072 -0.003429081989452243 -0.3014947474002838 -0.10749664902687073 0.9473825693130493
9.633333206176758 -0.026208030059933662 0.005145289469510317 -0.016707343980669975 -0.0038561762776225805 -0.3020976185798645 -0.10777870565652847 0.9471567869186401
9.666666984558105 -0.02639537863433361 0.005454464815557003 -0.01630527526140213 -0.004160989075899124 -0.30179813504219055 -0.1078856810927391 0.9472388625144958
9.699999809265137 -0.02619336172938347 0.005454531405121088 -0.016609586775302887 -0.0038349872920662165 -0.3016066551208496 -0.1081632524728775 0.9472694993019104
9.733333587646484 -0.026171470060944557 0.005056206602603197 -0.017005540430545807 -0.002863578498363495 -0.3012295067310333 -0.10912854224443436 0.9472821354866028
9.766666412353516 -0.02697809599339962 0.005314275156706572 -0.01732945442199707 -0.003118133870884776 -0.30093100666999817 -0.10947953164577484 0.9473358392715454
9.800000190734863 -0.027267904952168465 0.006243565119802952 -0.017489513382315636 -0.00267016957513988 -0.3007732927799225 -0.10939961671829224 0.947396457195282
9.833333015441895 -0.027128497138619423 0.005569930654019117 -0.017290135845541954 -0.002465565223246813 -0.29942360520362854 -0.1088884249329567 0.9478833675384521
9.866666793823242 -0.027313154190778732 0.006153622176498175 -0.015424956567585468 -0.0013446049997583032 -0.2936490774154663 -0.1071736142039299 0.949885368347168
9.899999618530273 -0.02739592082798481 0.006140013691037893 -0.012624707072973251 -0.002103022299706936 -0.28867578506469727 -0.10533934831619263 0.9516120553016663
9.933333396911621 -0.028279125690460205 0.0052286963909864426 -0.01042010635137558 -0.0027396760415285826 -0.28494638204574585 -0.10381283611059189 0.9529014229774475
9.966666221618652 -0.028814168646931648 0.004847112577408552 -0.010567476972937584 -0.0028657475486397743 -0.284058541059494 -0.1035633459687233 0.9531931281089783
10.0 -0.02900703065097332 0.004524781368672848 -0.011407383717596531 -0.0021216825116425753 -0.28332579135894775 -0.10368406027555466 0.9534000754356384
10.033333778381348 -0.028720898553729057 0.004108532331883907 -0.011248283088207245 -0.001771731418557465 -0.2821993827819824 -0.10324355214834213 0.9537826180458069
10.066666603088379 -0.028733327984809875 0.004975310061126947 -0.009241685271263123 -0.00234223366715014 -0.2802751064300537 -0.1020548939704895 0.9544763565063477
10.100000381469727 -0.02911699377000332 0.004663731437176466 -0.00783404428511858 -0.0035812833812087774 -0.2792600691318512 -0.10141916573047638 0.9548377394676208
10.133333206176758 -0.029475435614585876 0.005578279960900545 -0.007932888343930244 -0.0018114299746230245 -0.2764257788658142 -0.1007130816578865 0.9557418823242188
10.166666984558105 -0.029768630862236023 0.004274066537618637 -0.009614246897399426 -0.00012545335630420595 -0.27437570691108704 -0.10037609189748764 0.9563695788383484
10.199999809265137 -0.02863191068172455 0.003717999206855893 -0.00952473096549511 -0.0005580493016168475 -0.27456915378570557 -0.09926314651966095 0.9564300179481506
10.233333587646484 -0.028087254613637924 0.0035952685866504908 -0.008856548927724361 -0.0014005760895088315 -0.27510198950767517 -0.09846843034029007 0.9563581347465515
10.266666412353516 -0.027894390746951103 0.002532000420615077 -0.007142704911530018 -0.0030531580559909344 -0.27678197622299194 -0.09889180213212967 0.9558257460594177
10.300000190734863 -0.028097808361053467 0.0016644630813971162 -0.005517255049198866 -0.005560355260968208 -0.2786532938480377 -0.09965980798006058 0.9551907777786255
10.333333015441895 -0.026837877929210663 -0.001520104124210775 -0.0034853992983698845 -0.01069051306694746 -0.2808539569377899 -0.0995848998427391 0.9545102119445801
10.366666793823242 -0.023492619395256042 -0.004117914941161871 -0.0011625392362475395 -0.015010922215878963 -0.2857840061187744 -0.09764789789915085 0.9531878232955933
10.399999618530273 -0.01681848242878914 -0.008319227024912834 0.000376347015844658 -0.01754012331366539 -0.29014983773231506 -0.0951576977968216 0.9520768523216248
10.433333396911621 -0.008546929806470871 -0.013577330857515335 -0.002119561191648245 -0.017097510397434235 -0.2924019694328308 -0.09265074878931046 0.9516431093215942
10.466666221618652 0.0016342008020728827 -0.021782286465168 -0.004782611038535833 -0.016247300431132317 -0.29721155762672424 -0.08831906318664551 0.9505792856216431
10.5 0.011578111909329891 -0.032840993255376816 -0.00906212069094181 -0.015525594353675842 -0.3023282289505005 -0.08354799449443817 0.9494084715843201
10.533333778381348 0.01937505044043064 -0.04478445276618004 -0.014822964556515217 -0.01341632753610611 -0.306369811296463 -0.07874252647161484 0.9485553503036499
10.566666603088379 0.0241613257676363 -0.054261185228824615 -0.02192937582731247 -0.011176172643899918 -0.30958443880081177 -0.07511166483163834 0.9478347897529602
10.600000381469727 0.02841903828084469 -0.06439729779958725 -0.028557414188981056 -0.010466453619301319 -0.31254127621650696 -0.07239390164613724 0.9470837712287903
10.633333206176758 0.03141459450125694 -0.08117252588272095 -0.03123197890818119 -0.012623904272913933 -0.3149928152561188 -0.07087820023298264 0.9463595747947693
10.666666984558105 0.033697158098220825 -0.10127396136522293 -0.04041134938597679 -0.013827180489897728 -0.3147154152393341 -0.07196353375911713 0.9463531374931335
10.699999809265137 0.03172186762094498 -0.11346948891878128 -0.052076373249292374 -0.010113576427102089 -0.3136022090911865 -0.07433697581291199 0.9465861320495605
10.733333587646484 0.030454121530056 -0.12720033526420593 -0.060919925570487976 -0.005361432675272226 -0.31412872672080994 -0.07731970399618149 0.9462113976478577
10.766666412353516 0.026647666469216347 -0.1429130733013153 -0.07057498395442963 -0.0009092074469663203 -0.3141114413738251 -0.08211236447095871 0.9458281397819519
10.800000190734863 0.01997191645205021 -0.15864038467407227 -0.08091171830892563 0.0016055074520409107 -0.3135371506214142 -0.08790402859449387 0.9454970955848694
10.833333015441895 0.010661556385457516 -0.17052799463272095 -0.0872727632522583 0.0037131146527826786 -0.3127228319644928 -0.09388963878154755 0.9451854228973389
10.866666793823242 -0.0005886849830858409 -0.183445006608963 -0.09408886730670929 0.003942648880183697 -0.3110073208808899 -0.09937628358602524 0.9451895356178284
10.899999618530273 -0.009103978052735329 -0.18833976984024048 -0.09250085800886154 0.0034718860406428576 -0.3128533661365509 -0.10112293809652328 0.9443966150283813
10.933333396911621 -0.022275881841778755 -0.20426559448242188 -0.09389475733041763 -0.0015221876092255116 -0.3148227035999298 -0.10372405499219894 0.9434647560119629
10.966666221618652 -0.031696617603302 -0.20776696503162384 -0.09521733224391937 -0.0020965898875147104 -0.3164287507534027 -0.1056777760386467 0.94270920753479
11.0 -0.04264551028609276 -0.2133532017469406 -0.09488403052091599 -0.0034888903610408306 -0.3186618983745575 -0.1094844788312912 0.9415177702903748
11.033333778381348 -0.058066949248313904 -0.22299127280712128 -0.09365600347518921 -0.007810494862496853 -0.32060858607292175 -0.11587371677160263 0.9400650858879089
11.066666603088379 -0.07246753573417664 -0.22697612643241882 -0.09320836514234543 -0.01104370504617691 -0.32005196809768677 -0.12181960791349411 0.9394704699516296
11.100000381469727 -0.08632762730121613 -0.22984272241592407 -0.09003928303718567 -0.013573999516665936 -0.31760549545288086 -0.1278369426727295 0.9394681453704834
11.133333206176758 -0.10044045746326447 -0.2335909605026245 -0.08480829000473022 -0.013343091122806072 -0.3190012574195862 -0.13129529356956482 0.9385210871696472
11.166666984558105 -0.11307371407747269 -0.23657670617103577 -0.07778844237327576 -0.015731625258922577 -0.3207864463329315 -0.1336880922317505 0.9375373125076294
11.199999809265137 -0.12765158712863922 -0.2392190843820572 -0.0735163688659668 -0.018000967800617218 -0.321174681186676 -0.13377654552459717 0.937350869178772
11.233333587646484 -0.14101244509220123 -0.24268853664398193 -0.06646370142698288 -0.021391283720731735 -0.32411885261535645 -0.13199524581432343 0.9365183711051941
11.266666412353516 -0.15403325855731964 -0.24724596738815308 -0.058853596448898315 -0.025958871468901634 -0.3269546926021576 -0.13029536604881287 0.9356548190116882
11.300000190734863 -0.16425107419490814 -0.2501758933067322 -0.05174211040139198 -0.028096221387386322 -0.3283672630786896 -0.12816129624843597 0.9353930950164795
11.333333015441895 -0.1764197200536728 -0.2549596428871155 -0.04414381831884384 -0.03086324781179428 -0.3302654027938843 -0.12535154819488525 0.9350183010101318
11.366666793823242 -0.18778696656227112 -0.25899234414100647 -0.03632446005940437 -0.033463139086961746 -0.3319571018218994 -0.12356649339199066 0.934567391872406
11.399999618530273 -0.19734790921211243 -0.26226720213890076 -0.029685022309422493 -0.034454550594091415 -0.33137378096580505 -0.12281835079193115 0.9348368644714355
11.433333396911621 -0.20826086401939392 -0.26632991433143616 -0.02436560019850731 -0.03326484560966492 -0.33024895191192627 -0.12173972278833389 0.9354189038276672
11.466666221618652 -0.21601757407188416 -0.2693066895008087 -0.020558960735797882 -0.030932294204831123 -0.33008912205696106 -0.12105834484100342 0.9356437921524048
11.5 -0.22637389600276947 -0.27335578203201294 -0.017067210748791695 -0.030083954334259033 -0.32962387800216675 -0.12319280952215195 0.9355568885803223
11.533333778381348 -0.2379237562417984 -0.27581170201301575 -0.011321436613798141 -0.029634419828653336 -0.328411340713501 -0.1275230497121811 0.9354173541069031
11.566666603088379 -0.24998413026332855 -0.2785825729370117 -0.004416311625391245 -0.030853217467665672 -0.32632502913475037 -0.13200797140598297 0.9354859590530396
11.600000381469727 -0.2604982852935791 -0.28020939230918884 0.0029255168046802282 -0.0315864160656929 -0.32637012004852295 -0.1354052722454071 0.9349600672721863
11.633333206176758 -0.2710557281970978 -0.2816791236400604 0.01031867228448391 -0.03268975019454956 -0.32795584201812744 -0.13660560548305511 0.9341923594474792
11.666666984558105 -0.28141650557518005 -0.28222936391830444 0.01805129274725914 -0.03526560217142105 -0.3298265337944031 -0.13636556267738342 0.9334748983383179
11.699999809265137 -0.29146817326545715 -0.2836778163909912 0.028916308656334877 -0.039312202483415604 -0.3314378559589386 -0.13519056141376495 0.9329132437705994
11.733333587646484 -0.301815927028656 -0.28298571705818176 0.039430923759937286 -0.044246599078178406 -0.3326648771762848 -0.13417723774909973 0.9324016571044922
11.766666412353516 -0.30720552802085876 -0.2804924547672272 0.049096208065748215 -0.04891957342624664 -0.3337952792644501 -0.133163183927536 0.9319095015525818
11.800000190734863 -0.3152550756931305 -0.2778295576572418 0.05874769017100334 -0.053228747099637985 -0.3345075845718384 -0.13285040855407715 0.9314624071121216
11.833333015441895 -0.3242153227329254 -0.273762583732605 0.06825815141201019 -0.056922849267721176 -0.3358537554740906 -0.13402745127677917 0.9305905103683472
11.866666793823242 -0.3313252031803131 -0.2712405323982239 0.07591047883033752 -0.06073252484202385 -0.3362569808959961 -0.1359861046075821 0.9299196600914001
11.899999618530273 -0.3385685384273529 -0.26641955971717834 0.08218613266944885 -0.06326857209205627 -0.33485403656959534 -0.1391938030719757 0.9297822713851929
11.933333396911621 -0.3514765501022339 -0.26245248317718506 0.08973009139299393 -0.06447991728782654 -0.3326416313648224 -0.14538273215293884 0.9295459985733032
11.966666221618652 -0.36308491230010986 -0.25752320885658264 0.09528963267803192 -0.06539057195186615 -0.33122754096984863 -0.15154282748699188 0.9290033578872681
12.0 -0.37348824739456177 -0.2529447376728058 0.10019417107105255 -0.06705152988433838 -0.3326334059238434 -0.15761718153953552 0.9273704290390015
12.033333778381348 -0.3851032257080078 -0.24848537147045135 0.10632066428661346 -0.06678470224142075 -0.3344065845012665 -0.16415703296661377 0.9256157279014587
12.066666603088379 -0.39247000217437744 -0.2451503425836563 0.11062460392713547 -0.06788045912981033 -0.3346642851829529 -0.16836045682430267 0.924687385559082
12.100000381469727 -0.4003385901451111 -0.24149231612682343 0.1133117526769638 -0.06824441254138947 -0.3362281322479248 -0.17119929194450378 0.9235714077949524
12.133333206176758 -0.4075234532356262 -0.2375967800617218 0.11519265919923782 -0.06901116669178009 -0.3389206826686859 -0.1736592948436737 0.9220698475837708
12.166666984558105 -0.413857102394104 -0.23413428664207458 0.11826244741678238 -0.07059011608362198 -0.34140539169311523 -0.17548708617687225 0.9206865429878235
12.199999809265137 -0.4204103350639343 -0.23045223951339722 0.12186304479837418 -0.07213495671749115 -0.3430817127227783 -0.17722254991531372 0.9196106195449829
12.233333587646484 -0.425735205411911 -0.22777865827083588 0.1252305656671524 -0.07243705540895462 -0.3410019278526306 -0.17959004640579224 0.9199011325836182
12.266666412353516 -0.4305022060871124 -0.2256241738796234 0.12780940532684326 -0.07193146646022797 -0.3376871347427368 -0.18119403719902039 0.920848548412323
12.300000190734863 -0.4349611699581146 -0.22430354356765747 0.130453959107399 -0.07237759232521057 -0.3367711901664734 -0.18234585225582123 0.9209216833114624
12.333333015441895 -0.43799975514411926 -0.2236703485250473 0.132473886013031 -0.07190030813217163 -0.3360534906387329 -0.1834675520658493 0.9209983944892883
12.366666793823242 -0.43966007232666016 -0.22312644124031067 0.13312214612960815 -0.06948372721672058 -0.3360353708267212 -0.18450765311717987 0.9209827780723572
12.399999618530273 -0.4399382472038269 -0.22305932641029358 0.13284316658973694 -0.06686859577894211 -0.33500435948371887 -0.18542560935020447 0.9213675260543823
12.433333396911621 -0.4414386451244354 -0.222329780459404 0.13422054052352905 -0.06544861942529678 -0.33353155851364136 -0.18711677193641663 0.9216618537902832
12.466666221618652 -0.44238564372062683 -0.22209222614765167 0.13559962809085846 -0.06545156985521317 -0.3332386314868927 -0.18866053223609924 0.9214528203010559
12.5 -0.44445279240608215 -0.2213464081287384 0.13818950951099396 -0.06688381731510162 -0.33336910605430603 -0.1888451874256134 0.9212649464607239
12.533333778381348 -0.447043240070343 -0.2200123518705368 0.1404084414243698 -0.06848008185625076 -0.33417177200317383 -0.18771864473819733 0.9210870862007141
12.566666603088379 -0.4486197233200073 -0.21926425397396088 0.1422010213136673 -0.06960011273622513 -0.33581027388572693 -0.18682913482189178 0.920587956905365
12.600000381469727 -0.44937649369239807 -0.21876771748065948 0.14411944150924683 -0.07083577662706375 -0.33704879879951477 -0.18636901676654816 0.9201342463493347
12.633333206176758 -0.45063257217407227 -0.21697324514389038 0.14659343659877777 -0.07197970151901245 -0.3372819423675537 -0.18598905205726624 0.9200369715690613
12.666666984558105 -0.4515272080898285 -0.21547716856002808 0.14868856966495514 -0.0737668126821518 -0.3384111821651459 -0.18620353937149048 0.9194371700286865
12.699999809265137 -0.4514842629432678 -0.2130766361951828 0.15007731318473816 -0.07467153668403625 -0.3393484950065613 -0.1871389001607895 0.918828547000885
12.733333587646484 -0.45170778036117554 -0.2103790044784546 0.15272951126098633 -0.07710149884223938 -0.3405477702617645 -0.1877010613679886 0.918069064617157
12.766666412353516 -0.45249512791633606 -0.20769570767879486 0.15544557571411133 -0.07891843467950821 -0.34168681502342224 -0.18814456462860107 0.9174004793167114
12.800000190734863 -0.45272672176361084 -0.20528526604175568 0.15540193021297455 -0.07889772206544876 -0.34252485632896423 -0.18867939710617065 0.9169798493385315
12.833333015441895 -0.45236313343048096 -0.20406876504421234 0.15617746114730835 -0.07970815151929855 -0.3438531458377838 -0.18857133388519287 0.9164347052574158
12.866666793823242 -0.45129725337028503 -0.20387490093708038 0.15684543550014496 -0.08047749847173691 -0.3446599543094635 -0.18847183883190155 0.9160847663879395
12.899999618530273 -0.451019823551178 -0.20204783976078033 0.15744741261005402 -0.08002790063619614 -0.3453023135662079 -0.18795984983444214 0.9159874320030212
12.933333396911621 -0.45097407698631287 -0.2018049955368042 0.15848462283611298 -0.08126512914896011 -0.3455425500869751 -0.1877855360507965 0.9158236384391785
12.966666221618652 -0.45060229301452637 -0.20080247521400452 0.15833061933517456 -0.0818115770816803 -0.3444773256778717 -0.1875002384185791 0.9162346720695496
13.0 -0.4500275254249573 -0.19970373809337616 0.1586460918188095 -0.08154601603746414 -0.3442261815071106 -0.18714503943920135 0.9164252877235413
13.033333778381348 -0.44866058230400085 -0.1995643824338913 0.15865986049175262 -0.0810437873005867 -0.3443198502063751 -0.18715669214725494 0.9164323210716248
13.066666603088379 -0.44899433851242065 -0.1993241012096405 0.15956711769104004 -0.0806514322757721 -0.3445282578468323 -0.18754447996616364 0.9163092374801636
13.100000381469727 -0.4493902027606964 -0.19933365285396576 0.15942220389842987 -0.08002249896526337 -0.34393391013145447 -0.1887204349040985 0.9163463115692139
13.133333206176758 -0.45039427280426025 -0.1985715925693512 0.1597188115119934 -0.07954837381839752 -0.342585027217865 -0.19043788313865662 0.9165375232696533
13.166666984558105 -0.45154470205307007 -0.19841715693473816 0.1596796065568924 -0.07894530892372131 -0.34175124764442444 -0.1916903406381607 0.9166398644447327
13.199999809265137 -0.4514646530151367 -0.19812524318695068 0.1580025553703308 -0.07761479914188385 -0.3419393002986908 -0.19215048849582672 0.9165869951248169
13.233333587646484 -0.4510802626609802 -0.19861793518066406 0.15737830102443695 -0.07773449271917343 -0.3428652584552765 -0.19222764670848846 0.9162147045135498
13.266666412353516 -0.45108604431152344 -0.19780360162258148 0.15614375472068787 -0.0783877819776535 -0.3419375419616699 -0.19190597534179688 0.9165731072425842
13.300000190734863 -0.4499483108520508 -0.19656291604042053 0.15409734845161438 -0.07892682403326035 -0.33905473351478577 -0.19212321937084198 0.9175516366958618
13.333333015441895 -0.4466349184513092 -0.19519364833831787 0.15065279603004456 -0.07741562277078629 -0.33419784903526306 -0.1928221881389618 0.9193139672279358
13.366666793823242 -0.44151708483695984 -0.19530116021633148 0.14607368409633636 -0.07684500515460968 -0.3306257724761963 -0.193217933177948 0.9205695390701294
13.399999618530273 -0.43470659852027893 -0.19530978798866272 0.1391104906797409 -0.07547091692686081 -0.33006829023361206 -0.19542835652828217 0.9204166531562805
13.433333396911621 -0.4278404116630554 -0.19690045714378357 0.13014021515846252 -0.0737648606300354 -0.32740190625190735 -0.1989780217409134 0.9207467436790466
13.466666221618652 -0.41935673356056213 -0.1968761384487152 0.12268691509962082 -0.07081204652786255 -0.3255904018878937 -0.1995019018650055 0.9215072393417358
13.5 -0.4081881046295166 -0.20029069483280182 0.11415518075227737 -0.06849664449691772 -0.32572317123413086 -0.19849659502506256 0.9218524098396301
13.533333778381348 -0.39534056186676025 -0.2045293152332306 0.10387446731328964 -0.06620394438505173 -0.32588788866996765 -0.19781078398227692 0.922109067440033
13.566666603088379 -0.3827856183052063 -0.20809873938560486 0.09479452669620514 -0.0648345872759819 -0.32395491003990173 -0.1962517350912094 0.9232199192047119
13.600000381469727 -0.3691961169242859 -0.21258793771266937 0.08648917078971863 -0.06327424943447113 -0.32083481550216675 -0.19489456713199615 0.9247040748596191
13.633333206176758 -0.35385024547576904 -0.21651852130889893 0.07756351679563522 -0.061024148017168045 -0.3173207640647888 -0.19305706024169922 0.9264516234397888
13.666666984558105 -0.33928409218788147 -0.22005583345890045 0.06920190155506134 -0.05938715115189552 -0.31429409980773926 -0.19032324850559235 0.9281538128852844
13.699999809265137 -0.32328251004219055 -0.22610269486904144 0.06360162794589996 -0.059281617403030396 -0.3134848475456238 -0.1880938708782196 0.9288883805274963
13.733333587646484 -0.3079966604709625 -0.23009826242923737 0.05671907588839531 -0.05964697524905205 -0.3128257989883423 -0.18547146022319794 0.929614245891571
13.766666412353516 -0.29304224252700806 -0.2339087575674057 0.05140702798962593 -0.06040327250957489 -0.31254953145980835 -0.1836942583322525 0.9300111532211304
13.800000190734863 -0.2771565616130829 -0.23688636720180511 0.043796688318252563 -0.06044663116335869 -0.3112732470035553 -0.18103744089603424 0.9309569001197815
13.833333015441895 -0.2615041434764862 -0.23989641666412354 0.03685356304049492 -0.059812478721141815 -0.31031185388565063 -0.1786409318447113 0.9317813515663147
13.866666793823242 -0.24633842706680298 -0.2421634942293167 0.03333861380815506 -0.058662138879299164 -0.31093987822532654 -0.17771896719932556 0.9318214654922485
13.899999618530273 -0.23300668597221375 -0.24385732412338257 0.02985934168100357 -0.05724792182445526 -0.3105068802833557 -0.17881236970424652 0.9318445920944214
13.933333396911621 -0.22270657122135162 -0.24711360037326813 0.024445662274956703 -0.05720460042357445 -0.3085191547870636 -0.18043950200080872 0.9321937561035156
13.966666221618652 -0.2103165090084076 -0.24932962656021118 0.019784782081842422 -0.05665069445967674 -0.30695003271102905 -0.18224595487117767 0.9323940873146057
14.0 -0.19943632185459137 -0.2529453635215759 0.015660177916288376 -0.05619673803448677 -0.30554869771003723 -0.18565258383750916 0.9322097897529602
14.033333778381348 -0.18811236321926117 -0.257185697555542 0.00912432000041008 -0.0569678470492363 -0.30467748641967773 -0.1884540617465973 0.9318859577178955
14.066666603088379 -0.17528407275676727 -0.26380831003189087 0.006795490626245737 -0.056708917021751404 -0.304349422454834 -0.18642690777778625 0.932416558265686
14.100000381469727 -0.16210035979747772 -0.27125096321105957 0.005735308863222599 -0.05584125965833664 -0.3016197383403778 -0.18387694656848907 0.9338611364364624
14.133333206176758 -0.14772097766399384 -0.2800663411617279 0.013389308005571365 -0.057415515184402466 -0.3022495210170746 -0.1836417317390442 0.9336082935333252
14.166666984558105 -0.12823161482810974 -0.29416853189468384 0.015843376517295837 -0.062109868973493576 -0.3003917634487152 -0.17864546179771423 0.9348759651184082
14.199999809265137 -0.10649215430021286 -0.3090539872646332 0.02247215062379837 -0.06464674323797226 -0.2954813838005066 -0.16715212166309357 0.9383878111839294
14.233333587646484 -0.08350101858377457 -0.3235269784927368 0.03227923437952995 -0.06420301645994186 -0.2886962890625 -0.15454135835170746 0.9426820278167725
14.266666412353516 -0.057946935296058655 -0.34064167737960815 0.03867742791771889 -0.06225454434752464 -0.28380775451660156 -0.14516405761241913 0.9457827210426331
14.300000190734863 -0.04666630178689957 -0.34978002309799194 0.04223449155688286 -0.05736686289310455 -0.27800628542900085 -0.13647791743278503 0.9491024613380432
14.333333015441895 -0.027830110862851143 -0.3644906282424927 0.05024372413754463 -0.05578628182411194 -0.2752566635608673 -0.13052524626255035 0.950833797454834
14.366666793823242 -0.011864854954183102 -0.377930223941803 0.05617804825305939 -0.050546035170555115 -0.26642072200775146 -0.12657806277275085 0.9541714191436768
14.399999618530273 0.0027809676248580217 -0.39033225178718567 0.0656830295920372 -0.04761737957596779 -0.2609696090221405 -0.12228941172361374 0.9563853144645691
14.433333396911621 0.015906410291790962 -0.40146103501319885 0.0732535868883133 -0.045996781438589096 -0.25831031799316406 -0.1180294081568718 0.9577208757400513
14.466666221618652 0.02728159725666046 -0.41150808334350586 0.08350065350532532 -0.04566572606563568 -0.25646302103996277 -0.11508344858884811 0.9585912823677063
14.5 0.03716885298490524 -0.41965237259864807 0.09155292809009552 -0.046125419437885284 -0.253114253282547 -0.1130751445889473 0.9596976637840271
14.533333778381348 0.04988480731844902 -0.4292066693305969 0.10190030932426453 -0.048244621604681015 -0.2521089017391205 -0.11056941747665405 0.9601499438285828
14.566666603088379 0.06082618981599808 -0.43669745326042175 0.11403051763772964 -0.05110832303762436 -0.2520114779472351 -0.10840717703104019 0.9602739214897156
14.600000381469727 0.06907150149345398 -0.4423179626464844 0.12700456380844116 -0.054864391684532166 -0.2494841068983078 -0.10651330649852753 0.9609383940696716
14.633333206176758 0.07842371612787247 -0.44549477100372314 0.13681307435035706 -0.05668066069483757 -0.24547193944454193 -0.10618866235017776 0.9619016647338867
14.666666984558105 0.0854804590344429 -0.44681262969970703 0.1468077450990677 -0.05660773441195488 -0.241536483168602 -0.10569635033607483 0.9629558324813843
14.699999809265137 0.09656471759080887 -0.4508261978626251 0.157769575715065 -0.05700572952628136 -0.23943135142326355 -0.10458248853683472 0.963579535484314
14.733333587646484 0.10722682625055313 -0.4553144574165344 0.17145754396915436 -0.05727927386760712 -0.2386661171913147 -0.10389973223209381 0.9638269543647766
14.766666412353516 0.11353180557489395 -0.4559026062488556 0.1817254275083542 -0.0554799810051918 -0.23773962259292603 -0.10237379372119904 0.964324414730072
14.800000190734863 0.11980762332677841 -0.4595513939857483 0.19423916935920715 -0.05568113923072815 -0.23885281383991241 -0.09868299216032028 0.9644224643707275
14.833333015441895 0.12641651928424835 -0.46246862411499023 0.20658104121685028 -0.05602702498435974 -0.24148833751678467 -0.09513724595308304 0.9641023278236389
14.866666793823242 0.1301051378250122 -0.46426862478256226 0.21973593533039093 -0.05620278790593147 -0.24368290603160858 -0.09257878363132477 0.9637888669967651
14.899999618530273 0.12727396190166473 -0.4639863073825836 0.23178215324878693 -0.0562518835067749 -0.24346062541007996 -0.09053432196378708 0.9640364646911621
14.933333396911621 0.1226792186498642 -0.46407896280288696 0.2461811751127243 -0.0585644468665123 -0.24428173899650574 -0.08989153057336807 0.9637511372566223
14.966666221618652 0.11502012610435486 -0.462419331073761 0.2603253424167633 -0.062220070511102676 -0.24607914686203003 -0.09066814184188843 0.9629916548728943
15.0 0.10455431789159775 -0.4600563645362854 0.2736184000968933 -0.06739970296621323 -0.24670280516147614 -0.09277703613042831 0.9622824788093567
15.033333778381348 0.09597354382276535 -0.45788416266441345 0.28784745931625366 -0.07162071764469147 -0.2462763786315918 -0.09465637058019638 0.9619036316871643
15.066666603088379 0.08810795098543167 -0.45327821373939514 0.2974298298358917 -0.07351658493280411 -0.24763460457324982 -0.09588456898927689 0.9612900614738464
15.100000381469727 0.0791841670870781 -0.44930800795555115 0.3046412169933319 -0.07501985132694244 -0.25056222081184387 -0.09632532298564911 0.9603708386421204
15.133333206176758 0.06859399378299713 -0.44414153695106506 0.3100970685482025 -0.07459021359682083 -0.2534237802028656 -0.09621284157037735 0.9596644639968872
15.166666984558105 0.059552982449531555 -0.4396825432777405 0.31386318802833557 -0.07478620111942291 -0.25753462314605713 -0.09620078653097153 0.9585553407669067
15.199999809265137 0.05112370476126671 -0.4369678497314453 0.3198644518852234 -0.07637245208024979 -0.26064735651016235 -0.09697513282299042 0.9575102925300598
15.233333587646484 0.04197268560528755 -0.43385738134384155 0.3258543312549591 -0.0777362734079361 -0.26289132237434387 -0.09835897386074066 0.9566455483436584
15.266666412353516 0.028667492792010307 -0.4289441406726837 0.3288365602493286 -0.0788254663348198 -0.26231786608695984 -0.09996306151151657 0.9565475583076477
15.300000190734863 0.01842903345823288 -0.4267115592956543 0.3335810899734497 -0.08187106996774673 -0.2622719705104828 -0.10268662869930267 0.9560157060623169
15.333333015441895 0.010566617362201214 -0.4229205250740051 0.33986127376556396 -0.08253764361143112 -0.2625759243965149 -0.10585415363311768 0.9555293321609497
15.366666793823242 0.0001574210327817127 -0.41834548115730286 0.34325963258743286 -0.08137737959623337 -0.258736789226532 -0.10739003121852875 0.9565042853355408
15.399999618530273 -0.00819585844874382 -0.4152664542198181 0.34785377979278564 -0.08003930747509003 -0.25422948598861694 -0.10731963813304901 0.9578327536582947
15.433333396911621 -0.01657230779528618 -0.4111625552177429 0.35102614760398865 -0.07916524261236191 -0.2540833055973053 -0.10619908571243286 0.9580690264701843
15.466666221618652 -0.026237452402710915 -0.40565311908721924 0.35884636640548706 -0.07922278344631195 -0.2572408616542816 -0.10585679858922958 0.9572592973709106
15.5 -0.033709850162267685 -0.4019671380519867 0.364391028881073 -0.08251156657934189 -0.2585308849811554 -0.10695648193359375 0.956511378288269
15.533333778381348 -0.043121811002492905 -0.3960666060447693 0.371076762676239 -0.08571583032608032 -0.25574982166290283 -0.11064884066581726 0.9565572738647461
15.566666603088379 -0.050501275807619095 -0.3901636302471161 0.3775102496147156 -0.08781583607196808 -0.2514311969280243 -0.11458896845579147 0.957047700881958
15.600000381469727 -0.05802363157272339 -0.38437438011169434 0.38371139764785767 -0.09063094854354858 -0.24759455025196075 -0.11807380616664886 0.9573617577552795
15.633333206176758 -0.06458189338445663 -0.37742117047309875 0.38935554027557373 -0.0924067497253418 -0.24669156968593597 -0.12066870927810669 0.9571015238761902
15.666666984558105 -0.06966876238584518 -0.37119290232658386 0.39491450786590576 -0.09421602636575699 -0.2477857917547226 -0.12044420093297958 0.9566706418991089
15.699999809265137 -0.07389850169420242 -0.36252662539482117 0.4015181064605713 -0.09572494029998779 -0.25161927938461304 -0.1188715398311615 0.9557165503501892
15.733333587646484 -0.07701055705547333 -0.3576553165912628 0.40692833065986633 -0.09994915872812271 -0.2551840543746948 -0.11846383661031723 0.9543886780738831
15.766666412353516 -0.08119503408670425 -0.35215669870376587 0.41239774227142334 -0.10347502678632736 -0.2563994824886322 -0.1185980886220932 0.9536702036857605
15.800000190734863 -0.08464884757995605 -0.34587547183036804 0.41818106174468994 -0.10723681002855301 -0.25787675380706787 -0.11946823447942734 0.9527472853660583
15.833333015441895 -0.08995862305164337 -0.33715274930000305 0.4248662292957306 -0.1099449098110199 -0.2590414881706238 -0.12051661312580109 0.9519901871681213
15.866666793823242 -0.09379696846008301 -0.3301863670349121 0.42955759167671204 -0.11166097968816757 -0.25947922468185425 -0.12198331952095032 0.9514843225479126
15.899999618530273 -0.09873557835817337 -0.325397789478302 0.4329404830932617 -0.11403165757656097 -0.25970885157585144 -0.12413889914751053 0.9508615136146545
15.933333396911621 -0.1036435142159462 -0.31928834319114685 0.43582668900489807 -0.11501876264810562 -0.26016587018966675 -0.12577097117900848 0.9504031538963318
15.966666221618652 -0.10711845010519028 -0.31305819749832153 0.43945080041885376 -0.11580628156661987 -0.2612250745296478 -0.12538710236549377 0.9500676393508911
16.0 -0.10866314172744751 -0.30856919288635254 0.4419671893119812 -0.11617559939622879 -0.2628263235092163 -0.12472164630889893 0.9496684670448303
16.03333282470703 -0.1098504513502121 -0.3050553798675537 0.44311943650245667 -0.11555986106395721 -0.2627094089984894 -0.12466195225715637 0.9497836828231812
16.066667556762695 -0.1095026433467865 -0.3016570806503296 0.44328224658966064 -0.11318785697221756 -0.2599201798439026 -0.12408248335123062 0.9509119391441345
16.100000381469727 -0.10868199914693832 -0.2986270487308502 0.44235220551490784 -0.11136066168546677 -0.2581658959388733 -0.12332639843225479 0.951703667640686
16.133333206176758 -0.10746577382087708 -0.29598110914230347 0.44216376543045044 -0.11214275658130646 -0.25945845246315 -0.12246687710285187 0.9513711929321289
16.16666603088379 -0.10563095659017563 -0.2958294451236725 0.44121238589286804 -0.11336154490709305 -0.258734792470932 -0.12324491888284683 0.9513234496116638
16.200000762939453 -0.10425952076911926 -0.2897951304912567 0.43890994787216187 -0.1105678379535675 -0.2544611394405365 -0.12471608072519302 0.9526123404502869
16.233333587646484 -0.10123533010482788 -0.2910308539867401 0.43566808104515076 -0.11179220676422119 -0.2513696253299713 -0.127203568816185 0.952961266040802
16.266666412353516 -0.09804064780473709 -0.2888888716697693 0.43065908551216125 -0.11002567410469055 -0.24926824867725372 -0.12944407761096954 0.9534170627593994
16.299999237060547 -0.09175162017345428 -0.2891276180744171 0.4232005178928375 -0.10706134885549545 -0.2473023235797882 -0.1324424147605896 0.9538545608520508
16.33333396911621 -0.08401140570640564 -0.29313451051712036 0.41339248418807983 -0.10304522514343262 -0.2445918768644333 -0.13434603810310364 0.9547290802001953
16.366666793823242 -0.07560034096240997 -0.299999475479126 0.4037030339241028 -0.10021233558654785 -0.24352248013019562 -0.13189885020256042 0.9556448459625244
16.399999618530273 -0.06333202868700027 -0.30665525794029236 0.3908868730068207 -0.09516094624996185 -0.2430320680141449 -0.1272042691707611 0.9569216370582581
16.433332443237305 -0.05028799921274185 -0.3055778741836548 0.37876778841018677 -0.0862102285027504 -0.2415236383676529 -0.12003728002309799 0.9590751528739929
16.46666717529297 -0.03641539439558983 -0.3060760498046875 0.3659195005893707 -0.07849220186471939 -0.23658864200115204 -0.1117255911231041 0.961967945098877
16.5 -0.019743070006370544 -0.3095484972000122 0.35312753915786743 -0.07300340384244919 -0.2296518087387085 -0.10382376611232758 0.9649618268013
16.53333282470703 -0.002970197470858693 -0.31104984879493713 0.33959686756134033 -0.06738413870334625 -0.2214277982711792 -0.09783604741096497 0.9679139256477356
16.566667556762695 0.015906214714050293 -0.30730509757995605 0.32490798830986023 -0.06094853952527046 -0.21229557693004608 -0.08960895985364914 0.9711776971817017
16.600000381469727 0.03491834178566933 -0.30820420384407043 0.30795469880104065 -0.05785616487264633 -0.20369277894496918 -0.08226502686738968 0.9738554358482361
16.633333206176758 0.05499156937003136 -0.3084298372268677 0.288837194442749 -0.05287603661417961 -0.19750933349132538 -0.0755162313580513 0.9759567379951477
16.66666603088379 0.07536479085683823 -0.3107396960258484 0.2695407271385193 -0.048901669681072235 -0.19255660474300385 -0.06853676587343216 0.9776672720909119
16.700000762939453 0.09279435873031616 -0.31521159410476685 0.24786926805973053 -0.04701019451022148 -0.18758663535118103 -0.0628170296549797 0.9791094064712524
16.733333587646484 0.11304597556591034 -0.3135749101638794 0.22908572852611542 -0.04316616803407669 -0.18265438079833984 -0.056956637650728226 0.9805763363838196
16.766666412353516 0.13172389566898346 -0.3146170973777771 0.2087952047586441 -0.0420997329056263 -0.17532144486904144 -0.050367314368486404 0.982320249080658
16.799999237060547 0.15102632343769073 -0.3171364963054657 0.19197893142700195 -0.039370860904455185 -0.1722124218940735 -0.045524563640356064 0.9832193851470947
16.83333396911621 0.1730247139930725 -0.3162440359592438 0.17259040474891663 -0.034391339868307114 -0.17027626931667328 -0.040037479251623154 0.9839818477630615
16.866666793823242 0.18887297809123993 -0.31786298751831055 0.15267395973205566 -0.030847745016217232 -0.16353528201580048 -0.03625494986772537 0.9853883385658264
16.899999618530273 0.2085903286933899 -0.3197597861289978 0.13300324976444244 -0.025879593566060066 -0.1567559838294983 -0.03287616744637489 0.9867507815361023
16.933332443237305 0.22466729581356049 -0.3208658695220947 0.1137910708785057 -0.02123444527387619 -0.15199081599712372 -0.03004545345902443 0.9876969456672668
16.96666717529297 0.23718157410621643 -0.3234016001224518 0.09646205604076385 -0.01929289475083351 -0.14811067283153534 -0.02897086925804615 0.9883581399917603
17.0 0.24957184493541718 -0.3229919672012329 0.07942119240760803 -0.015821754932403564 -0.14327655732631683 -0.02857184410095215 0.9891436696052551
17.03333282470703 0.26150500774383545 -0.3222024440765381 0.0632985532283783 -0.012637465260922909 -0.138242706656456 -0.02807850018143654 0.9899196624755859
17.066667556762695 0.2711535692214966 -0.3226235806941986 0.04869724437594414 -0.011694660410284996 -0.13524191081523895 -0.027417298406362534 0.9903641939163208
17.100000381469727 0.2803052067756653 -0.3207778334617615 0.034338172525167465 -0.009002914652228355 -0.1351611167192459 -0.02917761169373989 0.9903531074523926
17.133333206176758 0.2871986925601959 -0.31889671087265015 0.020905381068587303 -0.00500522879883647 -0.13320598006248474 -0.03200027719140053 0.9905590415000916
17.16666603088379 0.29601502418518066 -0.3145114481449127 0.008744300343096256 -0.0012280491646379232 -0.1292540431022644 -0.032543789595365524 0.991076648235321
17.200000762939453 0.3024524748325348 -0.310568243265152 0.0005187367205508053 0.0007617731462232769 -0.12733548879623413 -0.0330086424946785 0.9913100600242615
17.233333587646484 0.30603066086769104 -0.3046386241912842 -0.0042992038652300835 0.001315966947004199 -0.12529756128787994 -0.03339628502726555 0.9915561079978943
17.266666412353516 0.310311883687973 -0.3005083501338959 -0.005154544487595558 -0.00041395550942979753 -0.12457290291786194 -0.03379988670349121 0.9916344881057739
17.299999237060547 0.31469595432281494 -0.2969212234020233 -0.004162952769547701 -0.002512709703296423 -0.12415636330842972 -0.0347134955227375 0.9916521310806274
17.33333396911621 0.317848801612854 -0.2934471368789673 -0.005463219713419676 -0.004648642614483833 -0.11923237890005112 -0.03447067365050316 0.9922569990158081
17.366666793823242 0.3238573372364044 -0.2918974757194519 -0.001614524982869625 -0.006131995003670454 -0.11536287516355515 -0.032355811446905136 0.9927773475646973
17.399999618530273 0.3297412395477295 -0.29393038153648376 0.0023386599496006966 -0.007393472827970982 -0.11006449908018112 -0.02923283912241459 0.9934670329093933
17.433332443237305 0.33598145842552185 -0.29707562923431396 0.0040889279916882515 -0.00770709291100502 -0.0991687923669815 -0.02532346174120903 0.9947184920310974
17.46666717529297 0.3474505841732025 -0.29931068420410156 0.011039674282073975 -0.008325246162712574 -0.08625103533267975 -0.022388553246855736 0.9959871172904968
17.5 0.35922011733055115 -0.30393314361572266 0.018745727837085724 -0.014460638165473938 -0.07062438130378723 -0.020503295585513115 0.9971873760223389
17.53333282470703 0.37336841225624084 -0.3092923164367676 0.030100984498858452 -0.020201008766889572 -0.059644799679517746 -0.018202384933829308 0.9978492259979248
17.566667556762695 0.3882521986961365 -0.314322829246521 0.03861987963318825 -0.021468548104166985 -0.04854527488350868 -0.01492930669337511 0.9984787106513977
17.600000381469727 0.40558046102523804 -0.3200768232345581 0.04662613570690155 -0.020745716989040375 -0.03569988161325455 -0.009067981503903866 0.9991060495376587
17.633333206176758 0.4204971194267273 -0.3291247487068176 0.05418427288532257 -0.02215607464313507 -0.023538026958703995 -0.0016595926135778427 0.9994760155677795
17.66666603088379 0.43832287192344666 -0.3316386044025421 0.06256302446126938 -0.021338466554880142 -0.012632335536181927 0.008219007402658463 0.9996587634086609
17.700000762939453 0.45626550912857056 -0.3370937705039978 0.073939248919487 -0.021934453397989273 0.00042806609417311847 0.017818912863731384 0.9996005296707153
17.733333587646484 0.4728718101978302 -0.3444342017173767 0.087136410176754 -0.024060867726802826 0.014576466754078865 0.0264909565448761 0.9992531538009644
17.766666412353516 0.4899592995643616 -0.34924474358558655 0.09966257214546204 -0.025224365293979645 0.02765503339469433 0.03576666861772537 0.9986589550971985
17.799999237060547 0.5129688382148743 -0.3531070649623871 0.11154916137456894 -0.025691689923405647 0.037700798362493515 0.0442320853471756 0.9979790449142456
17.83333396911621 0.5332454442977905 -0.35648247599601746 0.12459022551774979 -0.026958080008625984 0.04902631789445877 0.05075637996196747 0.9971426725387573
17.866666793823242 0.5516091585159302 -0.36086276173591614 0.13666364550590515 -0.028893815353512764 0.06009714677929878 0.05584940314292908 0.996209979057312
17.899999618530273 0.5694569945335388 -0.3671360909938812 0.14788872003555298 -0.031027212738990784 0.0710357278585434 0.05993875116109848 0.9951877593994141
17.933332443237305 0.5861928462982178 -0.3701878488063812 0.1596861332654953 -0.03189733624458313 0.08260840177536011 0.06491859257221222 0.9939537644386292
17.96666717529297 0.6007370948791504 -0.3745652735233307 0.17831380665302277 -0.03318142890930176 0.09680648893117905 0.07111464440822601 0.9922047853469849
18.0 0.6166516542434692 -0.37559765577316284 0.1908247470855713 -0.034115981310606 0.10881906002759933 0.07778622955083847 0.9904260635375977
18.03333282470703 0.6339982748031616 -0.37687262892723083 0.20096920430660248 -0.035906918346881866 0.11801211535930634 0.083589106798172 0.9888360500335693
18.066667556762695 0.64982008934021 -0.37809303402900696 0.20934408903121948 -0.03748481348156929 0.12698891758918762 0.0892762616276741 0.9871668815612793
18.100000381469727 0.6638398766517639 -0.38151973485946655 0.2178647220134735 -0.03871890529990196 0.13230735063552856 0.09378427267074585 0.9860020875930786
18.133333206176758 0.6753323078155518 -0.38598546385765076 0.22544914484024048 -0.03993769362568855 0.1352071613073349 0.09749745577573776 0.9851996302604675
18.16666603088379 0.6845902800559998 -0.389752060174942 0.2320617288351059 -0.0415804423391819 0.1389775425195694 0.10075941681861877 0.9842783808708191
18.200000762939453 0.6966588497161865 -0.3923974335193634 0.2412630319595337 -0.04283967986702919 0.14208248257637024 0.10415677726268768 0.9834270477294922
18.233333587646484 0.7088677287101746 -0.394105464220047 0.24999494850635529 -0.04468434303998947 0.14502350986003876 0.10740327090024948 0.9825660586357117
18.266666412353516 0.7195581197738647 -0.3950246274471283 0.26000648736953735 -0.047306761145591736 0.14943751692771912 0.1111626997590065 0.9813629984855652
18.299999237060547 0.7301442623138428 -0.39830532670021057 0.26897427439689636 -0.05040683597326279 0.15300601720809937 0.11448263376951218 0.9802765250205994
18.33333396911621 0.7408542633056641 -0.3992125988006592 0.27617305517196655 -0.05251872539520264 0.15606871247291565 0.11858979612588882 0.9791939854621887
18.366666793823242 0.7507284283638 -0.4014360308647156 0.2809816598892212 -0.05578070506453514 0.15974482893943787 0.12260733544826508 0.977925181388855
18.399999618530273 0.7611114382743835 -0.4014859199523926 0.2891465723514557 -0.05817962437868118 0.16564619541168213 0.1273173987865448 0.9762001633644104
18.433332443237305 0.7702089548110962 -0.40195131301879883 0.29351699352264404 -0.06019971892237663 0.1705361306667328 0.13175632059574127 0.9746454954147339
18.46666717529297 0.7773456573486328 -0.4095751643180847 0.30388158559799194 -0.06545047461986542 0.1768523007631302 0.133868008852005 0.9728920459747314
18.5 0.7863564491271973 -0.4087570905685425 0.3093431890010834 -0.06692912429571152 0.1816781908273697 0.13907001912593842 0.9711710214614868
18.53333282470703 0.8000837564468384 -0.41038718819618225 0.31688180565834045 -0.06901838630437851 0.18602244555950165 0.14299242198467255 0.9696314930915833
18.566667556762695 0.8095725774765015 -0.4164407253265381 0.3258752226829529 -0.07310021668672562 0.19110435247421265 0.14555230736732483 0.9679617881774902
18.600000381469727 0.8221433758735657 -0.4195144474506378 0.33320677280426025 -0.0748903900384903 0.19416414201259613 0.14964908361434937 0.9665903449058533
18.633333206176758 0.8323405385017395 -0.4220927059650421 0.33888405561447144 -0.07584371417760849 0.19772695004940033 0.1532154232263565 0.965234100818634
18.66666603088379 0.8396663665771484 -0.42391929030418396 0.3439570665359497 -0.07732399553060532 0.2027965635061264 0.15607063472270966 0.9636059999465942
18.700000762939453 0.8532093167304993 -0.42639440298080444 0.35190349817276 -0.0789567157626152 0.20719727873802185 0.160260409116745 0.9618480801582336
18.733333587646484 0.8641292452812195 -0.4295830726623535 0.35768923163414 -0.08077174425125122 0.21141187846660614 0.16378559172153473 0.9601850509643555
18.766666412353516 0.8757046461105347 -0.4290687143802643 0.3663328289985657 -0.08135192841291428 0.21699416637420654 0.16883273422718048 0.9580140709877014
18.799999237060547 0.8855627179145813 -0.43111175298690796 0.37321245670318604 -0.08295337110757828 0.22273093461990356 0.1719265729188919 0.9560077786445618
18.83333396911621 0.8939113020896912 -0.43207085132598877 0.3796236515045166 -0.08382730931043625 0.22774848341941833 0.17361652851104736 0.9544427990913391
18.866666793823242 0.9026373028755188 -0.43445852398872375 0.3871239721775055 -0.08593228459358215 0.2330424040555954 0.1756739616394043 0.9525994062423706
18.899999618530273 0.9085825681686401 -0.43647775053977966 0.395382821559906 -0.08836177736520767 0.23780739307403564 0.17644034326076508 0.9510566592216492
18.933332443237305 0.9145918488502502 -0.4390483498573303 0.40591421723365784 -0.09113162010908127 0.24125027656555176 0.17687158286571503 0.9498472213745117
18.96666717529297 0.919766366481781 -0.44154882431030273 0.4164668619632721 -0.09396001696586609 0.24473702907562256 0.17763227224349976 0.9485368728637695
19.0 0.9247559905052185 -0.4448400139808655 0.42991024255752563 -0.09821750968694687 0.24752511084079742 0.1783083826303482 0.9472543597221375
19.03333282470703 0.9301443696022034 -0.4466944634914398 0.4404623806476593 -0.10243920236825943 0.24718278646469116 0.17919285595417023 0.9467296004295349
19.066667556762695 0.9347301721572876 -0.45010906457901 0.452778697013855 -0.10663216561079025 0.24619539082050323 0.18061402440071106 0.9462536573410034
19.100000381469727 0.9396250247955322 -0.4517422616481781 0.4639785885810852 -0.11082299798727036 0.2443237155675888 0.18340378999710083 0.9457205533981323
19.133333206176758 0.9444470405578613 -0.4519370496273041 0.475347101688385 -0.11601965129375458 0.24164558947086334 0.18535687029361725 0.945404589176178
19.16666603088379 0.9500856995582581 -0.451437383890152 0.4856662154197693 -0.12186048179864883 0.23861785233020782 0.1872938871383667 0.9450569748878479
19.200000762939453 0.9552589058876038 -0.4537319242954254 0.5056278705596924 -0.12998613715171814 0.23710744082927704 0.18956468999385834 0.9439008831977844
19.233333587646484 0.9603138566017151 -0.45206400752067566 0.5154610276222229 -0.13563172519207 0.2351434826850891 0.1924922615289688 0.9430049657821655
19.266666412353516 0.9664998054504395 -0.44929131865501404 0.5270438194274902 -0.13987216353416443 0.2336999922990799 0.1960776448249817 0.9420052170753479
19.299999237060547 0.9699826836585999 -0.4474468529224396 0.5405305027961731 -0.1448056548833847 0.23017346858978271 0.19893981516361237 0.941527783870697
19.33333396911621 0.9718519449234009 -0.4458629786968231 0.5542765855789185 -0.15089547634124756 0.22543635964393616 0.20071342587471008 0.9413411617279053
19.366666793823242 0.9753267168998718 -0.4423375427722931 0.5638697147369385 -0.15585751831531525 0.2207067459821701 0.20208801329135895 0.9413593411445618
19.399999618530273 0.9762917757034302 -0.439724326133728 0.5765379667282104 -0.161225825548172 0.21921776235103607 0.20225849747657776 0.9407663941383362
19.433332443237305 0.9764639139175415 -0.4368989169597626 0.5902976393699646 -0.16677653789520264 0.21747390925884247 0.20120693743228912 0.9404288530349731
19.46666717529297 0.9771141409873962 -0.43407365679740906 0.6051416993141174 -0.1722996085882187 0.21559932827949524 0.19981563091278076 0.9401614665985107
19.5 0.9790387153625488 -0.4302270710468292 0.6146001815795898 -0.1765659749507904 0.21319423615932465 0.19931577146053314 0.9400243759155273
19.53333282470703 0.9814701080322266 -0.428312212228775 0.6259433031082153 -0.18175292015075684 0.20950856804847717 0.20028471946716309 0.939658522605896
19.566667556762695 0.9834417104721069 -0.42500537633895874 0.6381572484970093 -0.18560859560966492 0.20429469645023346 0.20164653658866882 0.9397615790367126
19.600000381469727 0.9855257868766785 -0.42128080129623413 0.6504675149917603 -0.1890672743320465 0.20055373013019562 0.2038019299507141 0.9394128918647766
19.633333206176758 0.9913927316665649 -0.4155631363391876 0.6595706939697266 -0.19214385747909546 0.19462475180625916 0.20709769427776337 0.9393149614334106
19.66666603088379 0.9951014518737793 -0.41222095489501953 0.6732203960418701 -0.1979512870311737 0.19098281860351562 0.21046702563762665 0.9381069540977478
19.700000762939453 0.9999472498893738 -0.40907400846481323 0.6854478120803833 -0.203977569937706 0.18920710682868958 0.21314072608947754 0.9365707635879517
19.733333587646484 1.0051835775375366 -0.4049946665763855 0.696049690246582 -0.208343967795372 0.18882085382938385 0.2159843146800995 0.9350348711013794
19.766666412353516 1.0111395120620728 -0.40056437253952026 0.7062551975250244 -0.21332427859306335 0.18685871362686157 0.21943090856075287 0.9335023760795593
19.799999237060547 1.0165810585021973 -0.39643123745918274 0.7165260314941406 -0.21855223178863525 0.1850949227809906 0.22169972956180573 0.9321073889732361
19.83333396911621 1.0222032070159912 -0.39212238788604736 0.7238655686378479 -0.22229896485805511 0.18491236865520477 0.22338002920150757 0.9308555126190186
19.866666793823242 1.02824866771698 -0.38781723380088806 0.7335532307624817 -0.2267603874206543 0.18541595339775085 0.22620564699172974 0.9289949536323547
19.899999618530273 1.0315545797348022 -0.38210272789001465 0.7419902086257935 -0.22976388037204742 0.18583612143993378 0.22850076854228973 0.9276103973388672
19.933332443237305 1.0364505052566528 -0.37650492787361145 0.7510175704956055 -0.23363491892814636 0.18719935417175293 0.23068781197071075 0.9258263111114502
19.96666717529297 1.0416988134384155 -0.3722793757915497 0.7578994631767273 -0.2376660853624344 0.1889280378818512 0.2328682243824005 0.9239012598991394
20.0 1.0465354919433594 -0.36846524477005005 0.7632246017456055 -0.2405349165201187 0.189466193318367 0.2344253957271576 0.9226539731025696
20.03333282470703 1.0500189065933228 -0.36580178141593933 0.7676810622215271 -0.24409279227256775 0.18920744955539703 0.23529787361621857 0.9215498566627502
20.066667556762695 1.0525238513946533 -0.36198756098747253 0.7740395665168762 -0.24655555188655853 0.18977247178554535 0.2366606444120407 0.920428454875946
20.100000381469727 1.0542882680892944 -0.35959526896476746 0.7780393362045288 -0.2481686919927597 0.18856088817119598 0.23863758146762848 0.9197332859039307
20.133333206176758 1.053838849067688 -0.356097936630249 0.7840607762336731 -0.24942456185817719 0.1881822794675827 0.2395067662000656 0.9192450642585754
20.16666603088379 1.0523443222045898 -0.3511416018009186 0.7904321551322937 -0.25044310092926025 0.1877291053533554 0.23923943936824799 0.9191303849220276
20.200000762939453 1.0517159700393677 -0.34942683577537537 0.7936505675315857 -0.25256553292274475 0.1838798224925995 0.23829324543476105 0.9195734262466431
20.233333587646484 1.049345850944519 -0.3455266058444977 0.7997639775276184 -0.2538396418094635 0.18311479687690735 0.23587676882743835 0.9199981093406677
20.266666412353516 1.046139121055603 -0.3428340256214142 0.8045595288276672 -0.25550875067710876 0.1834879368543625 0.2303774654865265 0.920854926109314
20.299999237060547 1.042635202407837 -0.3416806757450104 0.8065659403800964 -0.25561612844467163 0.1837281733751297 0.2238965630531311 0.922374427318573
20.33333396911621 1.0398362874984741 -0.34082433581352234 0.8100031614303589 -0.25617438554763794 0.18336929380893707 0.21939389407634735 0.9233724474906921
20.366666793823242 1.0347954034805298 -0.3369225859642029 0.8145716190338135 -0.2566925287246704 0.1838211566209793 0.2172703742980957 0.923640787601471
20.399999618530273 1.0349137783050537 -0.33399590849876404 0.8171417713165283 -0.26013636589050293 0.1801241785287857 0.21886798739433289 0.923028290271759
20.433332443237305 1.0357362031936646 -0.3309411108493805 0.8211928606033325 -0.2639044523239136 0.17736366391181946 0.22159703075885773 0.9218413233757019
20.46666717529297 1.0367449522018433 -0.3245563209056854 0.8221534490585327 -0.2653970420360565 0.17280788719654083 0.2244337797164917 0.9215917587280273
20.5 1.039172649383545 -0.3209291994571686 0.825651228427887 -0.26876649260520935 0.16753479838371277 0.22650493681430817 0.9210820198059082
20.53333282470703 1.0387589931488037 -0.3170356750488281 0.8282318115234375 -0.26997828483581543 0.1646079123020172 0.22665801644325256 0.921217679977417
20.566667556762695 1.0366429090499878 -0.312414288520813 0.8302836418151855 -0.2688608765602112 0.16273066401481628 0.22653509676456451 0.9219080209732056
20.600000381469727 1.0359159708023071 -0.30966317653656006 0.8315045237541199 -0.26793330907821655 0.15974557399749756 0.22765599191188812 0.9224238991737366
20.633333206176758 1.0355055332183838 -0.3066914677619934 0.8325487971305847 -0.26752564311027527 0.15807414054870605 0.22879956662654877 0.9225472807884216
20.66666603088379 1.035226583480835 -0.30401596426963806 0.8349896669387817 -0.2697207033634186 0.15688972175121307 0.22976700961589813 0.9218695759773254
20.700000762939453 1.0336769819259644 -0.3000967800617218 0.8372198939323425 -0.27099427580833435 0.15485766530036926 0.2308529019355774 0.9215683937072754
20.733333587646484 1.0317140817642212 -0.2947397530078888 0.8385561108589172 -0.26996108889579773 0.15110714733600616 0.23263290524482727 0.9220463633537292
20.766666412353516 1.0302754640579224 -0.29321056604385376 0.8418460488319397 -0.2737615406513214 0.14673225581645966 0.23367483913898468 0.9213687777519226
20.799999237060547 1.0287772417068481 -0.2894212305545807 0.841909646987915 -0.2734045088291168 0.1435762196779251 0.23343011736869812 0.9220337271690369
20.83333396911621 1.0279619693756104 -0.2897281050682068 0.8446098566055298 -0.2765544652938843 0.1431782990694046 0.23323065042495728 0.9212063550949097
20.866666793823242 1.0270179510116577 -0.28808656334877014 0.8448678851127625 -0.27747878432273865 0.14386819303035736 0.2318834364414215 0.9211609959602356
20.899999618530273 1.0247284173965454 -0.2875302731990814 0.8453394174575806 -0.27900055050849915 0.14656256139278412 0.22923621535301208 0.9209391474723816
20.933332443237305 1.0233869552612305 -0.2870926856994629 0.844385027885437 -0.27891474962234497 0.1467479169368744 0.2276422381401062 0.9213308691978455
20.96666717529297 1.0213780403137207 -0.28723403811454773 0.8424614667892456 -0.2773369252681732 0.14588603377342224 0.2273402214050293 0.9220184087753296
21.0 1.0198415517807007 -0.28966960310935974 0.8397884368896484 -0.2760274112224579 0.14303655922412872 0.2272418588399887 0.9228816628456116
21.03333282470703 1.020222544670105 -0.2915123999118805 0.8338373303413391 -0.2728562355041504 0.1417875736951828 0.227588951587677 0.923931360244751
21.066667556762695 1.0199464559555054 -0.29125648736953735 0.8243352770805359 -0.26648688316345215 0.14650847017765045 0.22802215814590454 0.9249465465545654
21.100000381469727 1.0199753046035767 -0.2957907021045685 0.8160731792449951 -0.2639159858226776 0.15163014829158783 0.22614307701587677 0.9253194332122803
21.133333206176758 1.0202349424362183 -0.30139073729515076 0.809440016746521 -0.2624703049659729 0.15642495453357697 0.22594550251960754 0.9249807000160217
21.16666603088379 1.0197687149047852 -0.3073187470436096 0.801853597164154 -0.26136836409568787 0.16185599565505981 0.22314195334911346 0.9250388741493225
21.200000762939453 1.0216329097747803 -0.3132900893688202 0.7905949354171753 -0.2588958442211151 0.16463805735111237 0.2197079360485077 0.926064670085907
21.233333587646484 1.020977258682251 -0.3195613622665405 0.7793489694595337 -0.25605887174606323 0.17138883471488953 0.2142639011144638 0.9269039034843445
21.266666412353516 1.0237020254135132 -0.3192664086818695 0.7613037824630737 -0.24730578064918518 0.18211326003074646 0.2055707722902298 0.9292014241218567
21.299999237060547 1.0231221914291382 -0.3171476125717163 0.7447062134742737 -0.23630376160144806 0.2001771181821823 0.19589652121067047 0.9304377436637878
21.33333396911621 1.0265204906463623 -0.3174910843372345 0.7262259125709534 -0.22636540234088898 0.2121558040380478 0.19016575813293457 0.9314427971839905
21.366666793823242 1.028899073600769 -0.3245876431465149 0.7086876630783081 -0.21717862784862518 0.2193409651517868 0.18827225267887115 0.9323500394821167
21.399999618530273 1.0336898565292358 -0.32805657386779785 0.6907725930213928 -0.20521500706672668 0.22141386568546295 0.1859142780303955 0.9350393414497375
21.433332443237305 1.0310239791870117 -0.3292832374572754 0.6777064800262451 -0.1937914341688156 0.2287600338459015 0.18192994594573975 0.9364908933639526
21.46666717529297 1.029485821723938 -0.3361876606941223 0.6639784574508667 -0.18748974800109863 0.23674236238002777 0.1780758798122406 0.936530590057373
21.5 1.0332876443862915 -0.34310075640678406 0.6478611826896667 -0.18293419480323792 0.24061384797096252 0.17472341656684875 0.937076210975647
21.53333282470703 1.035150170326233 -0.34229886531829834 0.6334865689277649 -0.17357806861400604 0.2440018355846405 0.17318689823150635 0.9382643699645996
21.566667556762695 1.0351111888885498 -0.34338632225990295 0.6180122494697571 -0.16611550748348236 0.24923589825630188 0.17475460469722748 0.9379488229751587
21.600000381469727 1.034530758857727 -0.345280259847641 0.6084003448486328 -0.1609739512205124 0.2563231289386749 0.1763395369052887 0.9366376996040344
21.633333206176758 1.0372364521026611 -0.3502175807952881 0.5966115593910217 -0.15864785015583038 0.2618039846420288 0.1778257191181183 0.9352366328239441
21.66666603088379 1.0413695573806763 -0.362341970205307 0.58250492811203 -0.16129431128501892 0.26804807782173157 0.17863701283931732 0.9328575134277344
21.700000762939453 1.0432639122009277 -0.3652513921260834 0.5733093023300171 -0.15673047304153442 0.2748618423938751 0.17937082052230835 0.9315109848976135
21.733333587646484 1.0466039180755615 -0.3684144914150238 0.5632951855659485 -0.1557845026254654 0.2743024230003357 0.180215522646904 0.9316715002059937
21.766666412353516 1.0497783422470093 -0.37215274572372437 0.5531048774719238 -0.15239322185516357 0.2771258056163788 0.18020465970039368 0.9313989281654358
21.799999237060547 1.0521020889282227 -0.3753305971622467 0.5443412065505981 -0.14895860850811005 0.281593918800354 0.18047556281089783 0.9305616021156311
21.83333396911621 1.0536068677902222 -0.3797314763069153 0.5363906621932983 -0.14629434049129486 0.28725287318229675 0.18100059032440186 0.9291515350341797
21.866666793823242 1.057155966758728 -0.38232967257499695 0.5272002220153809 -0.1426897794008255 0.29210546612739563 0.18295826017856598 0.9278148412704468
21.899999618530273 1.0633715391159058 -0.3866410553455353 0.5172284841537476 -0.1404622495174408 0.29629096388816833 0.18613143265247345 0.926194965839386
21.933332443237305 1.0669538974761963 -0.39074110984802246 0.50948166847229 -0.13797377049922943 0.3009072244167328 0.1901610791683197 0.924260139465332
21.96666717529297 1.0702893733978271 -0.3943614363670349 0.502750039100647 -0.1351495087146759 0.30454695224761963 0.19541950523853302 0.9223865866661072
22.0 1.0787101984024048 -0.3980672359466553 0.49414312839508057 -0.1331988424062729 0.3082784414291382 0.20128005743026733 0.920167863368988
22.03333282470703 1.0849502086639404 -0.40026170015335083 0.48876455426216125 -0.13069036602973938 0.31635427474975586 0.20657487213611603 0.9166061878204346
22.066667556762695 1.0932754278182983 -0.4070688486099243 0.48101943731307983 -0.1309225857257843 0.32323214411735535 0.2113448679447174 0.9130792021751404
22.100000381469727 1.1006121635437012 -0.4100026488304138 0.4776403307914734 -0.1303677260875702 0.32830265164375305 0.2166731208562851 0.9100958704948425
22.133333206176758 1.1077395677566528 -0.4138330817222595 0.47601211071014404 -0.13128119707107544 0.333476185798645 0.2215169221162796 0.9069118499755859
22.16666603088379 1.1147541999816895 -0.41843661665916443 0.47575846314430237 -0.13370558619499207 0.3394015431404114 0.2264237254858017 0.9031399488449097
22.200000762939453 1.122135877609253 -0.42200377583503723 0.47606709599494934 -0.13638395071029663 0.3443513810634613 0.23113353550434113 0.899665892124176
22.233333587646484 1.1276382207870483 -0.42291831970214844 0.4785597622394562 -0.1390920877456665 0.35081472992897034 0.2338758409023285 0.8960382342338562
22.266666412353516 1.1384068727493286 -0.4251338541507721 0.4788161516189575 -0.14340916275978088 0.3570764362812042 0.23708981275558472 0.892030656337738
22.299999237060547 1.1426098346710205 -0.42768606543540955 0.4820787310600281 -0.14604371786117554 0.36318883299827576 0.23815426230430603 0.8888463377952576
22.33333396911621 1.1471271514892578 -0.4273267090320587 0.485804945230484 -0.14645835757255554 0.36611658334732056 0.23994877934455872 0.8870925903320312
22.366666793823242 1.1543340682983398 -0.4284703731536865 0.4888378381729126 -0.1486140638589859 0.3680230975151062 0.24213188886642456 0.885350227355957
22.399999618530273 1.1599390506744385 -0.4324072301387787 0.493031769990921 -0.1517748236656189 0.369280070066452 0.24341461062431335 0.8839378356933594
22.433332443237305 1.1656336784362793 -0.43232718110084534 0.49972784519195557 -0.15280762314796448 0.3703695833683014 0.24454298615455627 0.8829920291900635
22.46666717529297 1.1734226942062378 -0.43441256880760193 0.5059258937835693 -0.15534870326519012 0.37233445048332214 0.24416206777095795 0.8818269371986389
22.5 1.1805222034454346 -0.43332627415657043 0.5108358263969421 -0.15546363592147827 0.37460857629776 0.24554632604122162 0.8804581165313721
22.53333282470703 1.1853023767471313 -0.4323943853378296 0.5174951553344727 -0.15560641884803772 0.37514033913612366 0.2469152957201004 0.8798233866691589
22.566667556762695 1.1912381649017334 -0.43398669362068176 0.5230393409729004 -0.1563301980495453 0.3760221004486084 0.24779319763183594 0.8790714740753174
22.600000381469727 1.203607201576233 -0.4389530420303345 0.5274391174316406 -0.1597106009721756 0.3772116005420685 0.24822849035263062 0.8778306245803833
22.633333206176758 1.2085838317871094 -0.4388952851295471 0.5340153574943542 -0.15993371605873108 0.3808588683605194 0.24745500087738037 0.8764323592185974
22.66666603088379 1.2185947895050049 -0.4438314437866211 0.5384255051612854 -0.16191092133522034 0.3825993239879608 0.24658863246440887 0.8755550980567932
22.700000762939453 1.2286407947540283 -0.44292259216308594 0.5430924296379089 -0.16173242032527924 0.3837871253490448 0.24748551845550537 0.8748148679733276
22.733333587646484 1.237945795059204 -0.44390541315078735 0.5500395894050598 -0.1628052294254303 0.3860228955745697 0.24879202246665955 0.8732602000236511
22.766666412353516 1.2486064434051514 -0.4444945454597473 0.557157039642334 -0.16425858438014984 0.38605180382728577 0.25044530630111694 0.8725023865699768
22.799999237060547 1.2602643966674805 -0.4409613609313965 0.5629252195358276 -0.1643185019493103 0.38538840413093567 0.25358039140701294 0.8718785047531128
22.83333396911621 1.2673336267471313 -0.4361281096935272 0.5675631761550903 -0.16436591744422913 0.38651159405708313 0.2568230926990509 0.8704221248626709
22.866666793823242 1.2783814668655396 -0.4354952275753021 0.5751276016235352 -0.16632337868213654 0.3890689015388489 0.2581620216369629 0.868512749671936
22.899999618530273 1.2901052236557007 -0.4332246780395508 0.5813217759132385 -0.16798795759677887 0.39071711897850037 0.25968456268310547 0.866997241973877
22.933332443237305 1.3020994663238525 -0.43281373381614685 0.5877793431282043 -0.17075423896312714 0.39276671409606934 0.2637627422809601 0.8642953634262085
22.96666717529297 1.3159948587417603 -0.43057140707969666 0.5934523940086365 -0.1723739355802536 0.3928692638874054 0.26887252926826477 0.8623505234718323
23.0 1.326962947845459 -0.4290291965007782 0.5987902879714966 -0.1748078316450119 0.39343568682670593 0.27374395728111267 0.8600667715072632
23.03333282470703 1.3404957056045532 -0.4284830093383789 0.6065454483032227 -0.17917092144489288 0.395630419254303 0.2782909870147705 0.8566962480545044
23.066667556762695 1.3522298336029053 -0.4261353015899658 0.6110256314277649 -0.18075710535049438 0.39850282669067383 0.28270792961120605 0.8535798192024231
23.100000381469727 1.3626830577850342 -0.42560914158821106 0.615715503692627 -0.18191249668598175 0.401373952627182 0.28565365076065063 0.8510046601295471
23.133333206176758 1.3717879056930542 -0.42384594678878784 0.6191948056221008 -0.18260756134986877 0.4040992558002472 0.2885530889034271 0.8485844135284424
23.16666603088379 1.3839223384857178 -0.423909991979599 0.6251739859580994 -0.18451373279094696 0.40676361322402954 0.29117095470428467 0.8460009098052979
23.200000762939453 1.390769124031067 -0.4218847453594208 0.6288228034973145 -0.1859321892261505 0.4075140655040741 0.29286620020866394 0.8447431921958923
23.233333587646484 1.402739405632019 -0.42188024520874023 0.6364073753356934 -0.189356729388237 0.4083463251590729 0.29528069496154785 0.8427375555038452
23.266666412353516 1.4156546592712402 -0.420020192861557 0.6443309783935547 -0.1931319683790207 0.40929552912712097 0.298712819814682 0.8402069807052612
23.299999237060547 1.424768328666687 -0.4169725477695465 0.6481989622116089 -0.19523531198501587 0.40992850065231323 0.30275705456733704 0.8379619121551514
23.33333396911621 1.435166597366333 -0.41480496525764465 0.6528608798980713 -0.19804996252059937 0.4107339680194855 0.3063358962535858 0.8356028199195862
23.366666793823242 1.4475582838058472 -0.41308197379112244 0.6583243608474731 -0.2012118101119995 0.41141435503959656 0.3100220859050751 0.8331497311592102
23.399999618530273 1.455817699432373 -0.41038453578948975 0.662099301815033 -0.2027578502893448 0.41113436222076416 0.3129582703113556 0.8318142890930176
23.433332443237305 1.4654500484466553 -0.40747329592704773 0.6669732928276062 -0.20536544919013977 0.4103517532348633 0.3165295422077179 0.8302080631256104
23.46666717529297 1.479243278503418 -0.4053983688354492 0.6750799417495728 -0.2092749923467636 0.4081076979637146 0.32211124897003174 0.8281887173652649
23.5 1.4867652654647827 -0.4024820625782013 0.6794647574424744 -0.2117522805929184 0.4045015275478363 0.3273307979106903 0.8272810578346252
23.53333282470703 1.4936606884002686 -0.40038996934890747 0.6846756935119629 -0.21386179327964783 0.40230295062065125 0.33164942264556885 0.82608962059021
23.566667556762695 1.4995678663253784 -0.39794400334358215 0.6903196573257446 -0.2165854126214981 0.40148261189460754 0.3331318199634552 0.8251821994781494
23.600000381469727 1.5045253038406372 -0.3957469165325165 0.6959711909294128 -0.21972854435443878 0.40162646770477295 0.33318576216697693 0.8242589235305786
23.633333206176758 1.5083218812942505 -0.3940657377243042 0.7027588486671448 -0.22227732837200165 0.40120580792427063 0.33308032155036926 0.8238228559494019
23.66666603088379 1.5102734565734863 -0.39254260063171387 0.7091308832168579 -0.22650079429149628 0.3996942639350891 0.3315349519252777 0.8240306973457336
23.700000762939453 1.5133856534957886 -0.3905005156993866 0.7150778770446777 -0.2301933765411377 0.39821234345436096 0.33160167932510376 0.8236978650093079
23.733333587646484 1.515973687171936 -0.38886985182762146 0.7223348021507263 -0.2330227941274643 0.39476755261421204 0.3312340974807739 0.8247078061103821
23.766666412353516 1.5176756381988525 -0.3869616985321045 0.7306193113327026 -0.23510676622390747 0.39294055104255676 0.32869675755500793 0.8260030150413513
23.799999237060547 1.5198619365692139 -0.38426145911216736 0.7362788319587708 -0.23697219789028168 0.3931995928287506 0.32661664485931396 0.8261718153953552
23.83333396911621 1.5215929746627808 -0.3824155926704407 0.7436153292655945 -0.2393774688243866 0.39407381415367126 0.3248876631259918 0.8257434964179993
23.866666793823242 1.5237476825714111 -0.3793511688709259 0.7489498853683472 -0.2408825010061264 0.39355823397636414 0.32306385040283203 0.8262671828269958
23.899999618530273 1.526281476020813 -0.3749775290489197 0.7534807920455933 -0.2431536763906479 0.39333611726760864 0.32189664244651794 0.8261632323265076
23.933332443237305 1.527997612953186 -0.36997073888778687 0.7586292028427124 -0.24578572809696198 0.3928549885749817 0.3220129609107971 0.8255677223205566
23.96666717529297 1.5303586721420288 -0.36498594284057617 0.7619544267654419 -0.24834975600242615 0.38991743326187134 0.3231736719608307 0.8257393836975098
24.0 1.5327579975128174 -0.3597862422466278 0.7634971141815186 -0.25030550360679626 0.3872857987880707 0.3252480626106262 0.8255729675292969
24.03333282470703 1.532600998878479 -0.35498905181884766 0.7672509551048279 -0.2534228563308716 0.38665103912353516 0.32612720131874084 0.824571967124939
24.066667556762695 1.5316572189331055 -0.3501969277858734 0.7718151211738586 -0.2570843994617462 0.38457173109054565 0.32731032371520996 0.8239418864250183
24.100000381469727 1.5321072340011597 -0.344169944524765 0.7757641673088074 -0.26050347089767456 0.38130801916122437 0.3289913833141327 0.8237152695655823
24.133333206176758 1.5306549072265625 -0.3397868275642395 0.780057966709137 -0.26427045464515686 0.38057273626327515 0.32962504029273987 0.822601318359375
24.16666603088379 1.5312023162841797 -0.33438247442245483 0.7814069390296936 -0.2661200761795044 0.37777194380760193 0.3304677903652191 0.8229578733444214
24.200000762939453 1.5320852994918823 -0.33163803815841675 0.7841318845748901 -0.26907429099082947 0.37611615657806396 0.3307921886444092 0.8226252198219299
24.233333587646484 1.5321027040481567 -0.32976236939430237 0.7864370346069336 -0.2718607783317566 0.3769921362400055 0.33027586340904236 0.8215148448944092
24.266666412353516 1.532664179801941 -0.32717165350914 0.7871752977371216 -0.27284345030784607 0.37678906321525574 0.3302033841609955 0.8213112354278564
24.299999237060547 1.5328874588012695 -0.3261396884918213 0.7887495160102844 -0.2741503119468689 0.37677329778671265 0.3302275240421295 0.820873498916626
24.33333396911621 1.5335122346878052 -0.32423365116119385 0.7890562415122986 -0.2744615375995636 0.37666863203048706 0.330643892288208 0.8206499218940735
24.366666793823242 1.5339434146881104 -0.3233526349067688 0.7898491621017456 -0.2753046452999115 0.37684839963912964 0.33136269450187683 0.8199947476387024
24.399999618530273 1.5337837934494019 -0.32157593965530396 0.789498507976532 -0.2747417986392975 0.376056045293808 0.33190158009529114 0.8203293085098267
24.433332443237305 1.5339224338531494 -0.32105696201324463 0.7896143794059753 -0.2757398784160614 0.3764106035232544 0.3326663672924042 0.8195216059684753
24.46666717529297 1.534273386001587 -0.3192673325538635 0.7894365191459656 -0.276310533285141 0.3773816227912903 0.3328426480293274 0.8188109397888184
24.5 1.5317233800888062 -0.31883037090301514 0.7894473671913147 -0.2766420841217041 0.38127264380455017 0.3304617702960968 0.8178601861000061
24.53333282470703 1.5302045345306396 -0.317270427942276 0.7889852523803711 -0.27627795934677124 0.38422346115112305 0.32893598079681396 0.817217230796814
24.566667556762695 1.5299283266067505 -0.31701624393463135 0.786970853805542 -0.2756146788597107 0.3840623199939728 0.32964152097702026 0.817232608795166
24.600000381469727 1.5293418169021606 -0.3163876533508301 0.7839426398277283 -0.2735457718372345 0.3829367756843567 0.33073312044143677 0.8180144429206848
24.633333206176758 1.527469515800476 -0.31620222330093384 0.7814410328865051 -0.27150410413742065 0.382953405380249 0.3309793174266815 0.8185871839523315
24.66666603088379 1.5252976417541504 -0.3175012767314911 0.7784637212753296 -0.26957967877388 0.3829943537712097 0.33102932572364807 0.8191835880279541
24.700000762939453 1.523977279663086 -0.31981971859931946 0.7751110196113586 -0.26822972297668457 0.38195687532424927 0.33126115798950195 0.8200169801712036
24.733333587646484 1.5215182304382324 -0.3211374580860138 0.7709465026855469 -0.2658323645591736 0.3821925222873688 0.3314032256603241 0.8206301927566528
24.766666412353516 1.5186034440994263 -0.3242979049682617 0.7665709853172302 -0.2635069787502289 0.3812892436981201 0.3320748209953308 0.821528434753418
24.799999237060547 1.513984203338623 -0.3278149664402008 0.7625880837440491 -0.2606789767742157 0.3822610080242157 0.3311687707901001 0.8223444223403931
24.83333396911621 1.5100005865097046 -0.3337697386741638 0.7569915056228638 -0.2595979571342468 0.38499903678894043 0.32797232270240784 0.8226900696754456
24.866666793823242 1.5021106004714966 -0.338477224111557 0.750358521938324 -0.2548181414604187 0.38819578289985657 0.32188543677330017 0.8250827789306641
24.899999618530273 1.4934179782867432 -0.34333914518356323 0.7439899444580078 -0.24848531186580658 0.38813331723213196 0.3169402480125427 0.8289490342140198
24.933332443237305 1.4851298332214355 -0.3513672649860382 0.7361098527908325 -0.24369385838508606 0.38702818751335144 0.31274235248565674 0.8324750661849976
24.96666717529297 1.475423812866211 -0.35531121492385864 0.7277014255523682 -0.23594990372657776 0.38763296604156494 0.309913694858551 0.8354770541191101
25.0 1.4648367166519165 -0.3602229356765747 0.7197993397712708 -0.22917093336582184 0.38736692070961 0.30593442916870117 0.8389468193054199
25.03333282470703 1.4554250240325928 -0.36770784854888916 0.7109224796295166 -0.22449347376823425 0.3850305378437042 0.3029545843601227 0.8423613905906677
25.066667556762695 1.4446498155593872 -0.371669203042984 0.700680136680603 -0.21731460094451904 0.38247743248939514 0.302224338054657 0.8456629514694214
25.100000381469727 1.4348487854003906 -0.3760383427143097 0.6904313564300537 -0.21139338612556458 0.37991076707839966 0.30191031098365784 0.84842848777771
25.133333206176758 1.425281286239624 -0.38135457038879395 0.679341197013855 -0.20648807287216187 0.3777902126312256 0.30148014426231384 0.85073322057724
25.16666603088379 1.4169472455978394 -0.38581156730651855 0.6694556474685669 -0.20164340734481812 0.37614116072654724 0.30201455950737 0.8524347543716431
25.200000762939453 1.408045768737793 -0.38796401023864746 0.6584848761558533 -0.19547636806964874 0.373685359954834 0.3015100061893463 0.8551257252693176
25.233333587646484 1.399046540260315 -0.390366792678833 0.6470939517021179 -0.18977196514606476 0.3713030517101288 0.30071550607681274 0.8577242493629456
25.266666412353516 1.389182686805725 -0.39427584409713745 0.6369901299476624 -0.1855938732624054 0.36987584829330444 0.2992716133594513 0.859757661819458
25.299999237060547 1.376824140548706 -0.396198034286499 0.6268481016159058 -0.18118107318878174 0.36836037039756775 0.29689303040504456 0.8621708750724792
25.33333396911621 1.3641595840454102 -0.3972817361354828 0.6172151565551758 -0.17674192786216736 0.36628302931785583 0.29467642307281494 0.8647340536117554
25.366666793823242 1.351405382156372 -0.39960622787475586 0.6086732149124146 -0.17300689220428467 0.3641805946826935 0.29109880328178406 0.8675843477249146
25.399999618530273 1.3360185623168945 -0.4008449912071228 0.5998193025588989 -0.1681470274925232 0.3618357181549072 0.28655731678009033 0.8710260391235352
25.433332443237305 1.320824384689331 -0.4017763137817383 0.5936984419822693 -0.16484491527080536 0.35941922664642334 0.28281235694885254 0.8738771080970764
25.46666717529297 1.3059593439102173 -0.4030829071998596 0.5882899761199951 -0.16334623098373413 0.35560181736946106 0.2799438536167145 0.8766395449638367
25.5 1.290257453918457 -0.4025971293449402 0.5820549130439758 -0.1621212661266327 0.35028016567230225 0.27508848905563354 0.8805378079414368
25.53333282470703 1.2739288806915283 -0.3936738967895508 0.5759877562522888 -0.15905436873435974 0.3445688784122467 0.2695332467556 0.8850570321083069
25.566667556762695 1.2568256855010986 -0.39112892746925354 0.5710592269897461 -0.1577703356742859 0.34009042382240295 0.2640618085861206 0.8886610269546509
25.600000381469727 1.2376455068588257 -0.38883355259895325 0.5652187466621399 -0.15520569682121277 0.33660587668418884 0.2572309076786041 0.8924348950386047
25.633333206176758 1.2182753086090088 -0.3880506455898285 0.5596002340316772 -0.15255115926265717 0.3323976695537567 0.25005146861076355 0.8965011239051819
25.66666603088379 1.1978704929351807 -0.3860108256340027 0.5530986785888672 -0.14838950335979462 0.32730188965797424 0.2441670000553131 0.9006867408752441
25.700000762939453 1.1781765222549438 -0.3858044147491455 0.5478222966194153 -0.14670802652835846 0.32271626591682434 0.23831400275230408 0.9041778445243835
25.733333587646484 1.1602622270584106 -0.3862147033214569 0.5433084964752197 -0.1457545906305313 0.31671279668807983 0.23435421288013458 0.907483696937561
25.766666412353516 1.1417194604873657 -0.38600724935531616 0.5374794006347656 -0.14314746856689453 0.3100225031375885 0.23143325746059418 0.9109519720077515
25.799999237060547 1.1225736141204834 -0.3864242136478424 0.5309416651725769 -0.13960900902748108 0.3041386008262634 0.22892794013023376 0.9141122102737427
25.83333396911621 1.1028103828430176 -0.38871657848358154 0.5233777165412903 -0.13528962433338165 0.29887548089027405 0.2235518842935562 0.9178206324577332
25.866666793823242 1.0822633504867554 -0.3908977508544922 0.5141011476516724 -0.12974894046783447 0.29419267177581787 0.21822425723075867 0.9214087128639221
25.899999618530273 1.063568353652954 -0.3947867751121521 0.5060553550720215 -0.12523344159126282 0.2890593707561493 0.21209938824176788 0.9250811338424683
25.933332443237305 1.044313669204712 -0.3969310224056244 0.4982803761959076 -0.1219613254070282 0.2827245593070984 0.2056136280298233 0.9289323091506958
25.96666717529297 1.0231599807739258 -0.4011134207248688 0.4911574721336365 -0.1222870871424675 0.27728843688964844 0.19928941130638123 0.9319016337394714
26.0 1.012363314628601 -0.40387222170829773 0.48460084199905396 -0.12053216248750687 0.27140411734580994 0.19568265974521637 0.9346230030059814
26.03333282470703 0.9905512928962708 -0.4059298038482666 0.475021094083786 -0.11527397483587265 0.266182541847229 0.19096390902996063 0.9377588033676147
26.066667556762695 0.9724100828170776 -0.40958094596862793 0.4645507335662842 -0.11075270175933838 0.2594206929206848 0.18710434436798096 0.9409712553024292
26.100000381469727 0.9535737633705139 -0.4136318266391754 0.4547050893306732 -0.10709107667207718 0.25330042839050293 0.1801304817199707 0.9444169998168945
26.133333206176758 0.93550705909729 -0.4162895083427429 0.4441553056240082 -0.10229392349720001 0.24809712171554565 0.17365649342536926 0.9475374817848206
26.16666603088379 0.9161460995674133 -0.4177132844924927 0.434134840965271 -0.09715485572814941 0.24203525483608246 0.1675068587064743 0.9507477879524231
26.200000762939453 0.8993455767631531 -0.41827288269996643 0.42364251613616943 -0.09136335551738739 0.23458172380924225 0.1626655012369156 0.9540252685546875
26.233333587646484 0.8806313276290894 -0.4188147485256195 0.4129088222980499 -0.08750690519809723 0.2268732786178589 0.15833641588687897 0.9569747447967529
26.266666412353516 0.8653104901313782 -0.41665586829185486 0.40441757440567017 -0.08409994095563889 0.2183654010295868 0.15537810325622559 0.9597402811050415
26.299999237060547 0.8487713932991028 -0.41517338156700134 0.3957825005054474 -0.08099181205034256 0.20974241197109222 0.15075723826885223 0.9626633524894714
26.33333396911621 0.8302775621414185 -0.41361603140830994 0.38853538036346436 -0.07957043498754501 0.20356546342372894 0.14412829279899597 0.9651200771331787
26.366666793823242 0.8128769397735596 -0.41024264693260193 0.3815106749534607 -0.07811232656240463 0.19924555718898773 0.13832876086235046 0.9669876098632812
26.399999618530273 0.7946819067001343 -0.40839341282844543 0.37410321831703186 -0.07668296247720718 0.19320181012153625 0.13221918046474457 0.9691804647445679
26.433332443237305 0.7778007984161377 -0.4033110439777374 0.36788418889045715 -0.07389635592699051 0.18528112769126892 0.1270318478345871 0.9716343283653259
26.46666717529297 0.7574315071105957 -0.4002854824066162 0.3591770529747009 -0.07160069048404694 0.17653892934322357 0.12225721776485443 0.9740434288978577
26.5 0.7468528747558594 -0.39408162236213684 0.3540327847003937 -0.06848252564668655 0.16679108142852783 0.11927667260169983 0.9763524532318115
26.53333282470703 0.7276418805122375 -0.38975200057029724 0.346815824508667 -0.0676308274269104 0.15982414782047272 0.1148500144481659 0.9781062602996826
26.566667556762695 0.7128161191940308 -0.3849853277206421 0.33825430274009705 -0.0672701746225357 0.1530172973871231 0.11117587238550186 0.9796429872512817
26.600000381469727 0.7004429697990417 -0.3825315833091736 0.33039727807044983 -0.06698498874902725 0.14475055038928986 0.10782501101493835 0.9812920689582825
26.633333206176758 0.6830723285675049 -0.37955230474472046 0.3198276162147522 -0.06577561050653458 0.1362912952899933 0.10390851646661758 0.9830062985420227
26.66666603088379 0.6728556156158447 -0.37199318408966064 0.30977335572242737 -0.06338319182395935 0.12641781568527222 0.10239475220441818 0.9846403002738953
26.700000762939453 0.661672830581665 -0.3694608807563782 0.3013171851634979 -0.062273453921079636 0.11735310405492783 0.09989473223686218 0.9860889315605164
26.733333587646484 0.6482626795768738 -0.3631231486797333 0.29285702109336853 -0.06052178889513016 0.11045076698064804 0.09570033848285675 0.9874104261398315
26.766666412353516 0.636201798915863 -0.3574829399585724 0.28595563769340515 -0.05991005152463913 0.10548914968967438 0.09207074344158173 0.9883348941802979
26.799999237060547 0.6241928935050964 -0.35355043411254883 0.27859359979629517 -0.05969646945595741 0.10014765709638596 0.08709332346916199 0.9893541932106018
26.83333396911621 0.6113113760948181 -0.34928688406944275 0.27010852098464966 -0.05948089435696602 0.09358417242765427 0.08271394670009613 0.9903849959373474
26.866666793823242 0.6012203097343445 -0.341694176197052 0.261549174785614 -0.05798892676830292 0.08640816062688828 0.07999897748231888 0.991348147392273
26.899999618530273 0.5899741053581238 -0.3380715548992157 0.2526191174983978 -0.05749906972050667 0.07938060909509659 0.0764763355255127 0.9922418594360352
26.933332443237305 0.5819162130355835 -0.33611366152763367 0.24198199808597565 -0.056879617273807526 0.0713224858045578 0.07229075580835342 0.9932028651237488
26.96666717529297 0.5721135139465332 -0.32957714796066284 0.2341928482055664 -0.054780952632427216 0.0646875649690628 0.06871933490037918 0.9940283298492432
27.0 0.5614500641822815 -0.32449957728385925 0.22418895363807678 -0.053452152758836746 0.05754384398460388 0.06545411050319672 0.9947599768638611
27.03333282470703 0.5500509738922119 -0.3192647695541382 0.2158973664045334 -0.05043233558535576 0.052074551582336426 0.06374596059322357 0.9953297972679138
27.066667556762695 0.5432553887367249 -0.31425148248672485 0.20627379417419434 -0.047998569905757904 0.04701072722673416 0.060684457421302795 0.9958932995796204
27.100000381469727 0.531798779964447 -0.30684083700180054 0.19547858834266663 -0.04553847387433052 0.043115489184856415 0.05630626156926155 0.9964421987533569
27.133333206176758 0.5251204371452332 -0.30251532793045044 0.18204550445079803 -0.044257696717977524 0.037820976227521896 0.05040080472826958 0.9970309138298035
27.16666603088379 0.5188831686973572 -0.2954931855201721 0.17472021281719208 -0.041142117232084274 0.0333680734038353 0.04930839687585831 0.997377872467041
27.200000762939453 0.5108528733253479 -0.2915754020214081 0.16019780933856964 -0.04005131125450134 0.024518270045518875 0.04729686304926872 0.9977763891220093
27.233333587646484 0.504510760307312 -0.28150227665901184 0.15076680481433868 -0.03548507019877434 0.014972451142966747 0.04568196088075638 0.9982133507728577
27.266666412353516 0.4981396794319153 -0.2762243151664734 0.13861025869846344 -0.03348690643906593 0.009076581336557865 0.04239979013800621 0.9984982013702393
27.299999237060547 0.4984302520751953 -0.27357766032218933 0.1298838108778 -0.03310035914182663 0.0010818662121891975 0.037914324551820755 0.9987320303916931
27.33333396911621 0.4807299077510834 -0.2605505883693695 0.12164942920207977 -0.029993753880262375 -0.0055677443742752075 0.03335100784897804 0.9989780187606812
27.366666793823242 0.47366875410079956 -0.25481709837913513 0.11242377758026123 -0.028894392773509026 -0.013836880214512348 0.02658507041633129 0.9991331100463867
27.399999618530273 0.4645988643169403 -0.24669966101646423 0.10338234156370163 -0.02624150551855564 -0.020227769389748573 0.018581079319119453 0.9992782473564148
27.433332443237305 0.45560941100120544 -0.23849456012248993 0.09327702224254608 -0.022904807701706886 -0.02705572545528412 0.008795375935733318 0.999332845211029
27.46666717529297 0.44904860854148865 -0.2304268330335617 0.08348415046930313 -0.018239876255393028 -0.0345165953040123 -0.00043178696068935096 0.999237596988678
27.5 0.44019293785095215 -0.22294488549232483 0.07176288217306137 -0.013418600894510746 -0.040557991713285446 -0.007045668084174395 0.9990622401237488
27.53333282470703 0.4328131675720215 -0.21755902469158173 0.05991864576935768 -0.00923440046608448 -0.05007751286029816 -0.013207235373556614 0.9986153244972229
27.566667556762695 0.4239967465400696 -0.21088586747646332 0.04869716614484787 -0.004775973968207836 -0.059548232704401016 -0.020556440576910973 0.998002290725708
27.600000381469727 0.4143005907535553 -0.20503371953964233 0.03789098188281059 -0.0018512167735025287 -0.06495080143213272 -0.027440214529633522 0.9975094199180603
27.633333206176758 0.40706732869148254 -0.19734591245651245 0.028394678607583046 0.0018132781842723489 -0.06834977120161057 -0.03368217125535011 0.9970910549163818
27.66666603088379 0.3996487855911255 -0.19056789577007294 0.01904613897204399 0.004319069441407919 -0.07038214057683945 -0.03886347636580467 0.996753454208374
27.700000762939453 0.39407870173454285 -0.186664417386055 0.011236350983381271 0.004342044238001108 -0.07122407108545303 -0.043042246252298355 0.9965218305587769
27.733333587646484 0.3880458176136017 -0.17900729179382324 0.0015927746426314116 0.004769961349666119 -0.07249848544597626 -0.04594403877854347 0.9962983131408691
27.766666412353516 0.3821394145488739 -0.1707133650779724 -0.005665785167366266 0.004375719465315342 -0.07447414100170135 -0.047662340104579926 0.9960736632347107
27.799999237060547 0.37519973516464233 -0.1617814004421234 -0.013010529801249504 0.0032766638323664665 -0.07696804404258728 -0.04937416687607765 0.9958049654960632
27.83333396911621 0.3732990026473999 -0.15695057809352875 -0.02111579291522503 0.0012149163521826267 -0.08178000152111053 -0.05046689882874489 0.9953711628913879
27.866666793823242 0.3689613938331604 -0.14975854754447937 -0.027544254437088966 0.001261483528651297 -0.0849258080124855 -0.05017906799912453 0.9951221346855164
27.899999618530273 0.36723148822784424 -0.14171159267425537 -0.03490719571709633 0.00011929553147638217 -0.08793844282627106 -0.050007082521915436 0.9948698878288269
27.933332443237305 0.3655380308628082 -0.13457730412483215 -0.04118965566158295 -0.002799341222271323 -0.09100556373596191 -0.04895760491490364 0.9946423172950745
27.96666717529297 0.3641519546508789 -0.13003987073898315 -0.04554693028330803 -0.0054767257533967495 -0.09434382617473602 -0.04757966846227646 0.9943869113922119
28.0 0.3646767735481262 -0.123618483543396 -0.051823731511831284 -0.007681016344577074 -0.0957614853978157 -0.04752890765666962 0.994239330291748
28.03333282470703 0.3644182085990906 -0.11486878246068954 -0.057542216032743454 -0.008337165229022503 -0.09598558396100998 -0.04791080579161644 0.9941940307617188
28.066667556762695 0.36659491062164307 -0.11190833896398544 -0.06334011256694794 -0.009006244130432606 -0.09824611246585846 -0.04651698097586632 0.9940335750579834
28.100000381469727 0.3672402501106262 -0.10792157799005508 -0.07116922736167908 -0.007864248938858509 -0.10145040601491928 -0.04379477724432945 0.9938451051712036
28.133333206176758 0.37035179138183594 -0.10378585010766983 -0.07736756652593613 -0.005672574043273926 -0.10497410595417023 -0.04141567647457123 0.9935960173606873
28.16666603088379 0.3713996708393097 -0.10072087496519089 -0.08251430839300156 -0.004751937463879585 -0.10650372505187988 -0.04018862918019295 0.9934884905815125
28.200000762939453 0.3721267282962799 -0.09782836586236954 -0.08660371601581573 -0.004661440383642912 -0.10759884119033813 -0.03981878235936165 0.9933857321739197
28.233333587646484 0.3740459978580475 -0.09791890531778336 -0.08906257152557373 -0.006097534671425819 -0.1091557964682579 -0.04055129736661911 0.9931784868240356
28.266666412353516 0.3728880286216736 -0.09615609794855118 -0.08970535546541214 -0.007802165113389492 -0.10956034809350967 -0.04301835596561432 0.9930181503295898
28.299999237060547 0.37086132168769836 -0.0932244211435318 -0.09207095950841904 -0.008344507776200771 -0.1099264845252037 -0.04540137201547623 0.9928671717643738
28.33333396911621 0.36680588126182556 -0.0930086001753807 -0.09225223958492279 -0.008106724359095097 -0.10869080573320389 -0.04809402674436569 0.9928784370422363
28.366666793823242 0.365595281124115 -0.09214869886636734 -0.09235808998346329 -0.006841972004622221 -0.10905523598194122 -0.05016621947288513 0.9927455186843872
28.399999618530273 0.3632153570652008 -0.09170883893966675 -0.09217891097068787 -0.005832152906805277 -0.10953938961029053 -0.05077377334237099 0.9926677346229553
28.433332443237305 0.3618883192539215 -0.0925571471452713 -0.08951839059591293 -0.005346355494111776 -0.10836506634950638 -0.050402361899614334 0.9928182363510132
28.46666717529297 0.3615630865097046 -0.09615458548069 -0.08646487444639206 -0.006360004190355539 -0.10442181676626205 -0.050148893147706985 0.9932476282119751
28.5 0.35861706733703613 -0.09646478295326233 -0.08125448226928711 -0.0075401016511023045 -0.0995759591460228 -0.0515175461769104 0.9936667680740356
28.53333282470703 0.35471710562705994 -0.10063456743955612 -0.07543972134590149 -0.009809301234781742 -0.09775456041097641 -0.053777363151311874 0.9937081336975098
28.566667556762695 0.35087695717811584 -0.10117827355861664 -0.06938258558511734 -0.00936707854270935 -0.0976468101143837 -0.05528554692864418 0.9936402440071106
28.600000381469727 0.34574201703071594 -0.10414044559001923 -0.06057696416974068 -0.009298807010054588 -0.09742125123739243 -0.05516539886593819 0.9936697483062744
28.633333206176758 0.3445906341075897 -0.10716807842254639 -0.051621899008750916 -0.009543568827211857 -0.09750597923994064 -0.055574335157871246 0.9936363101005554
28.66666603088379 0.3382877707481384 -0.10867218673229218 -0.04040423780679703 -0.00945738609880209 -0.094563789665699 -0.05607316270470619 0.9938934445381165
28.700000762939453 0.33889850974082947 -0.11514044553041458 -0.028650522232055664 -0.01171237975358963 -0.09415681660175323 -0.055552177131175995 0.9939372539520264
28.733333587646484 0.3358670473098755 -0.12082687020301819 -0.014470759779214859 -0.014015289023518562 -0.09435223788022995 -0.05262087285518646 0.9940484762191772
28.766666412353516 0.3345569670200348 -0.126039519906044 -0.0022185835987329483 -0.01646055281162262 -0.09545812755823135 -0.04992241412401199 0.9940446019172668
28.799999237060547 0.3336315155029297 -0.13271255791187286 0.010752071626484394 -0.01811883971095085 -0.09574823826551437 -0.04731205850839615 0.9941155314445496
28.83333396911621 0.3375036120414734 -0.1404215544462204 0.023374993354082108 -0.018713582307100296 -0.09652207046747208 -0.04487716779112816 0.9941425323486328
28.866666793823242 0.34188172221183777 -0.1498025804758072 0.03504902496933937 -0.02032914198935032 -0.09682998061180115 -0.04349791631102562 0.9941421151161194
28.899999618530273 0.3405490815639496 -0.1542005091905594 0.04865093156695366 -0.020918985828757286 -0.09493225812911987 -0.041204340755939484 0.9944106340408325
28.933332443237305 0.3432273268699646 -0.16237588226795197 0.06388013064861298 -0.023100240156054497 -0.09502130001783371 -0.038284581154584885 0.9944705367088318
28.96666717529297 0.34181302785873413 -0.16815434396266937 0.0766533687710762 -0.02442973665893078 -0.09409460425376892 -0.03646931052207947 0.9945951104164124
29.0 0.3438436686992645 -0.17306746542453766 0.09027252346277237 -0.02508385293185711 -0.09343636780977249 -0.03481363505125046 0.9947001934051514
29.03333282470703 0.34784358739852905 -0.18014881014823914 0.10251683741807938 -0.02615484409034252 -0.0934750884771347 -0.033536072820425034 0.9947128891944885
29.066667556762695 0.34721705317497253 -0.18389800190925598 0.11679486930370331 -0.02598351426422596 -0.09254282712936401 -0.03235115855932236 0.9948437809944153
29.100000381469727 0.34732118248939514 -0.18700608611106873 0.12868967652320862 -0.02560034580528736 -0.0927220955491066 -0.0316336564719677 0.994860053062439
29.133333206176758 0.3453018367290497 -0.19051812589168549 0.1415686309337616 -0.025580989196896553 -0.09200964868068695 -0.031058674678206444 0.9949448108673096
29.16666603088379 0.34552904963493347 -0.1947743445634842 0.15519793331623077 -0.027001097798347473 -0.09199591726064682 -0.029244955629110336 0.9949635863304138
29.200000762939453 0.3441545069217682 -0.19724005460739136 0.1699531078338623 -0.027858298271894455 -0.09319434314966202 -0.026756400242447853 0.9948984384536743
29.233333587646484 0.34413614869117737 -0.19965212047100067 0.18463972210884094 -0.02886265330016613 -0.09492041170597076 -0.02623014897108078 0.9947206377983093
29.266666412353516 0.3442966043949127 -0.20272356271743774 0.19663235545158386 -0.030120186507701874 -0.09422603994607925 -0.026386378332972527 0.9947451949119568
29.299999237060547 0.3436605930328369 -0.206476092338562 0.20751260221004486 -0.03124307282269001 -0.09411867707967758 -0.024916701018810272 0.994758665561676
29.33333396911621 0.34303444623947144 -0.20866532623767853 0.21960322558879852 -0.03161923587322235 -0.09719427675008774 -0.023028945550322533 0.9944964647293091
29.366666793823242 0.3399936258792877 -0.21114860475063324 0.22878983616828918 -0.032609134912490845 -0.09785697609186172 -0.023250900208950043 0.9943943619728088
29.399999618530273 0.3365527391433716 -0.21322737634181976 0.23824959993362427 -0.03414055332541466 -0.09685061872005463 -0.02460401877760887 0.994408905506134
29.433332443237305 0.3348225951194763 -0.21659275889396667 0.24811643362045288 -0.0363759770989418 -0.097488634288311 -0.02608993649482727 0.9942294359207153
29.46666717529297 0.33145520091056824 -0.21765953302383423 0.2562342584133148 -0.036912791430950165 -0.09822621196508408 -0.026158001273870468 0.9941352009773254
29.5 0.3308551013469696 -0.21856282651424408 0.26686254143714905 -0.0379740335047245 -0.10113770514726639 -0.025123270228505135 0.9938300251960754
29.53333282470703 0.3266976773738861 -0.21972905099391937 0.27753034234046936 -0.040623024106025696 -0.10193965584039688 -0.025197632610797882 0.9936413764953613
29.566667556762695 0.3231494426727295 -0.22108571231365204 0.2861393094062805 -0.042834360152482986 -0.10140788555145264 -0.02589857019484043 0.993584930896759
29.600000381469727 0.32083603739738464 -0.2216496765613556 0.2953749895095825 -0.044319815933704376 -0.10324647277593613 -0.025867652148008347 0.993331253528595
29.633333206176758 0.3178168535232544 -0.22271430492401123 0.30219051241874695 -0.04510248452425003 -0.10631681233644485 -0.027126645669341087 0.9929383993148804
29.66666603088379 0.3138670325279236 -0.2232648730278015 0.3090725839138031 -0.044990863651037216 -0.10861068218946457 -0.028767690062522888 0.9926489591598511
29.700000762939453 0.3103010058403015 -0.22408489882946014 0.3162344694137573 -0.04587320238351822 -0.11049077659845352 -0.029642093926668167 0.992375373840332
29.733333587646484 0.3044451177120209 -0.228124737739563 0.320250928401947 -0.04852045327425003 -0.11055109649896622 -0.03386706858873367 0.9921075105667114
29.766666412353516 0.3034243583679199 -0.2248229831457138 0.324219286441803 -0.04638997092843056 -0.11090641468763351 -0.03631770238280296 0.9920830726623535
29.799999237060547 0.30225783586502075 -0.22197137773036957 0.33033907413482666 -0.04311934486031532 -0.1085154190659523 -0.03759860619902611 0.9924472570419312
29.83333396911621 0.3014240562915802 -0.2180486023426056 0.3367500603199005 -0.03991035744547844 -0.10831178724765778 -0.038658257573843 0.992563009262085
29.866666793823242 0.2991637587547302 -0.21553932130336761 0.34322404861450195 -0.03805515170097351 -0.10957018285989761 -0.03921879455447197 0.9924757480621338
29.899999618530273 0.28993552923202515 -0.23286788165569305 0.35248231887817383 -0.048927657306194305 -0.10819744318723679 -0.04297296330332756 0.991994321346283
29.933332443237305 0.2912834584712982 -0.23216931521892548 0.3565913438796997 -0.048224713653326035 -0.11082687973976135 -0.04209360480308533 0.9917761087417603
29.96666717529297 0.290782630443573 -0.23113256692886353 0.36222174763679504 -0.04881086200475693 -0.11196202784776688 -0.042137160897254944 0.9916181564331055
30.0 0.2903653383255005 -0.22757211327552795 0.3675277531147003 -0.046052027493715286 -0.11296268552541733 -0.041079532355070114 0.9916810393333435
30.03333282470703 0.2876921594142914 -0.23291228711605072 0.3735029995441437 -0.048710718750953674 -0.11331494897603989 -0.04122340679168701 0.9915078282356262
30.066667556762695 0.28571954369544983 -0.2397075742483139 0.3771768808364868 -0.05170220881700516 -0.11318187415599823 -0.042535487562417984 0.9913160800933838
30.100000381469727 0.28486528992652893 -0.24009329080581665 0.38048413395881653 -0.050558075308799744 -0.11218225955963135 -0.04375981166958809 0.9914353489875793
30.133333206176758 0.2855260372161865 -0.24143175780773163 0.38257262110710144 -0.049561936408281326 -0.1093001440167427 -0.04582562670111656 0.9917142987251282
30.16666603088379 0.28794047236442566 -0.2436923384666443 0.38587895035743713 -0.048671282827854156 -0.1055648997426033 -0.047152869403362274 0.9921007752418518
30.200000762939453 0.28830307722091675 -0.24458570778369904 0.38548967242240906 -0.0480169840157032 -0.10200734436511993 -0.047491639852523804 0.9924885630607605
30.233333587646484 0.29105594754219055 -0.2469080239534378 0.3859231173992157 -0.04820236936211586 -0.10219021886587143 -0.04553591459989548 0.9925523400306702
30.266666412353516 0.29265278577804565 -0.24636141955852509 0.3864411413669586 -0.04765019193291664 -0.10343274474143982 -0.04379118233919144 0.9925288558006287
30.299999237060547 0.29420626163482666 -0.2466311901807785 0.38546276092529297 -0.04697859659790993 -0.10443570464849472 -0.041566092520952225 0.9925515055656433
30.33333396911621 0.2944404184818268 -0.24678386747837067 0.3847694396972656 -0.04635770991444588 -0.10415332019329071 -0.04026024043560028 0.9926641583442688
30.366666793823242 0.29433974623680115 -0.24733074009418488 0.3837949335575104 -0.0463118776679039 -0.1049114242196083 -0.03999623283743858 0.992597222328186
30.399999618530273 0.2946939766407013 -0.24807800352573395 0.3821401596069336 -0.04622659832239151 -0.10795726627111435 -0.04032568261027336 0.9922611713409424
30.433332443237305 0.29353779554367065 -0.24918217957019806 0.3792734742164612 -0.04589846730232239 -0.11112485080957413 -0.04099446162581444 0.9918992519378662
30.46666717529297 0.28940922021865845 -0.24933528900146484 0.3763194680213928 -0.0454091839492321 -0.11452437937259674 -0.042201634496450424 0.9914843440055847
30.5 0.2857966125011444 -0.24864639341831207 0.3732519745826721 -0.04522894322872162 -0.12079466879367828 -0.04254746809601784 0.9907334446907043
30.53333282470703 0.28205645084381104 -0.25010213255882263 0.36790311336517334 -0.046261388808488846 -0.13076038658618927 -0.042639508843421936 0.9894158244132996
30.566667556762695 0.2777324616909027 -0.24983030557632446 0.3626905083656311 -0.044828467071056366 -0.1415475308895111 -0.0436636358499527 0.9879515171051025
30.600000381469727 0.27182522416114807 -0.249251589179039 0.3575018048286438 -0.042639002203941345 -0.15154390037059784 -0.04491417482495308 0.9865085482597351
30.633333206176758 0.261852890253067 -0.24804125726222992 0.35267484188079834 -0.0405878871679306 -0.16071005165576935 -0.0467350110411644 0.9850588440895081
30.66666603088379 0.25303295254707336 -0.24698024988174438 0.34438374638557434 -0.03793385252356529 -0.17002131044864655 -0.04882987216114998 0.9834986329078674
30.700000762939453 0.24559783935546875 -0.24791432917118073 0.3374648094177246 -0.03592916950583458 -0.17967240512371063 -0.05230587348341942 0.9816776514053345
30.733333587646484 0.23765452206134796 -0.24805884063243866 0.328014075756073 -0.03331925719976425 -0.18963947892189026 -0.05501585081219673 0.9797448515892029
30.766666412353516 0.22971932590007782 -0.2502380907535553 0.3179437518119812 -0.032272014766931534 -0.20173148810863495 -0.05724787712097168 0.9772336483001709
30.799999237060547 0.2316088080406189 -0.24776697158813477 0.3147965669631958 -0.029056917876005173 -0.2255607396364212 -0.05667608976364136 0.9721450209617615
30.83333396911621 0.22656047344207764 -0.2475607991218567 0.30631023645401 -0.02667241171002388 -0.24622727930545807 -0.05590217188000679 0.9672309756278992
30.866666793823242 0.2247317135334015 -0.24754305183887482 0.29968664050102234 -0.02389729581773281 -0.2618924677371979 -0.055738888680934906 0.9631897807121277
30.899999618530273 0.22249341011047363 -0.24869698286056519 0.2927846312522888 -0.021542014554142952 -0.2774849534034729 -0.05642499029636383 0.9588296413421631
30.933332443237305 0.22020438313484192 -0.25028055906295776 0.28618326783180237 -0.018918130546808243 -0.29136359691619873 -0.058237332850694656 0.9546506404876709
30.96666717529297 0.2196301966905594 -0.25056132674217224 0.2812190353870392 -0.015552370809018612 -0.30115342140197754 -0.060812242329120636 0.9515076279640198
31.0 0.2182057797908783 -0.2511029541492462 0.27673056721687317 -0.012450164183974266 -0.307805597782135 -0.06302076578140259 0.9492781758308411
31.03333282470703 0.21904243528842926 -0.2519229054450989 0.27435168623924255 -0.010570956394076347 -0.31506600975990295 -0.06491550803184509 0.9467880725860596
31.066667556762695 0.2173425257205963 -0.2537524104118347 0.26922377943992615 -0.009750189259648323 -0.3208894431591034 -0.0668201744556427 0.944706380367279
31.100000381469727 0.21846990287303925 -0.2540731728076935 0.2674962282180786 -0.008200000040233135 -0.3286961317062378 -0.06831080466508865 0.9419263601303101
31.133333206176758 0.21977753937244415 -0.2536451518535614 0.26474452018737793 -0.007125474978238344 -0.3369894027709961 -0.07054388523101807 0.9388349056243896
31.16666603088379 0.22097767889499664 -0.2532043159008026 0.26246458292007446 -0.006906725931912661 -0.34702107310295105 -0.07295840233564377 0.9349896907806396
31.200000762939453 0.22194577753543854 -0.2520239055156708 0.2597569227218628 -0.006933747325092554 -0.3584601581096649 -0.07624558359384537 0.9304004907608032
31.233333587646484 0.22182001173496246 -0.2508540451526642 0.25736814737319946 -0.006903083994984627 -0.3679366111755371 -0.07985828816890717 0.9263896346092224
31.266666412353516 0.2207891196012497 -0.24986045062541962 0.2543216347694397 -0.0070860725827515125 -0.37400099635124207 -0.0846397653222084 0.9235308766365051
31.299999237060547 0.22360534965991974 -0.24713760614395142 0.2558017373085022 -0.006862085312604904 -0.3814261853694916 -0.08904095739126205 0.9200753569602966
31.33333396911621 0.2234632819890976 -0.24534913897514343 0.2516953647136688 -0.006523099262267351 -0.38543447852134705 -0.09353871643543243 0.9179587364196777
31.366666793823242 0.22383905947208405 -0.24478057026863098 0.24822339415550232 -0.005999973975121975 -0.38911038637161255 -0.09682576358318329 0.9160687327384949
31.399999618530273 0.22781243920326233 -0.2427549660205841 0.24857181310653687 -0.0032126514706760645 -0.397914856672287 -0.09985264390707016 0.9119665622711182
31.433332443237305 0.23158997297286987 -0.2414247989654541 0.24657373130321503 -0.002406118903309107 -0.40986016392707825 -0.10108558088541031 0.9065266847610474
31.46666717529297 0.23494727909564972 -0.2385886162519455 0.24501396715641022 -0.001030460000038147 -0.42274004220962524 -0.10320232808589935 0.9003550410270691
31.5 0.23912610113620758 -0.23875632882118225 0.24543780088424683 6.92743415129371e-05 -0.4347725212574005 -0.10340368002653122 0.894584059715271
31.53333282470703 0.243929922580719 -0.2358352094888687 0.24265392124652863 0.003920106217265129 -0.44230416417121887 -0.10326778143644333 0.890891432762146
31.566667556762695 0.24814200401306152 -0.23431766033172607 0.2406044751405716 0.007567036896944046 -0.44538965821266174 -0.10402245074510574 0.8892413973808289
31.600000381469727 0.2512507140636444 -0.23390205204486847 0.23813246190547943 0.011553766205906868 -0.4479701519012451 -0.10719440132379532 0.8875238299369812
31.633333206176758 0.2526117265224457 -0.23344527184963226 0.23475481569766998 0.014986155554652214 -0.44971784949302673 -0.11204605549573898 0.8859880566596985
31.66666603088379 0.2528092563152313 -0.2330234795808792 0.23138277232646942 0.017878489568829536 -0.4506727457046509 -0.11738332360982895 0.884757399559021
31.700000762939453 0.2517906129360199 -0.23259995877742767 0.22693100571632385 0.020056474953889847 -0.45185908675193787 -0.12315645068883896 0.8833196759223938
31.733333587646484 0.24911276996135712 -0.23268364369869232 0.2227194458246231 0.02081977389752865 -0.45310747623443604 -0.1279686838388443 0.8819774985313416
31.766666412353516 0.24597500264644623 -0.23232823610305786 0.2185356765985489 0.021301789209246635 -0.4537169337272644 -0.13147565722465515 0.881136417388916
31.799999237060547 0.24296942353248596 -0.2327197641134262 0.21604496240615845 0.020427420735359192 -0.45495525002479553 -0.1327745020389557 0.8803234696388245
31.83333396911621 0.23839522898197174 -0.23188187181949615 0.21254092454910278 0.01890215463936329 -0.45655113458633423 -0.13212665915489197 0.8796284794807434
31.866666793823242 0.23475313186645508 -0.2308797687292099 0.2102937251329422 0.017451902851462364 -0.4592442512512207 -0.13126611709594727 0.878384530544281
31.899999618530273 0.22946017980575562 -0.22859026491641998 0.20612992346286774 0.01580897346138954 -0.46067509055137634 -0.1304587572813034 0.8777864575386047
31.933332443237305 0.22413142025470734 -0.22456064820289612 0.20124505460262299 0.014345350675284863 -0.4625059962272644 -0.13074937462806702 0.8768050074577332
31.96666717529297 0.21966950595378876 -0.22108809649944305 0.196965292096138 0.012993782758712769 -0.46412360668182373 -0.13207992911338806 0.8757713437080383
32.0 0.21136900782585144 -0.21550659835338593 0.1891760230064392 0.012352426536381245 -0.4643787741661072 -0.13267064094543457 0.8755559325218201
32.03333282470703 0.20274873077869415 -0.21090811491012573 0.18006950616836548 0.012055846862494946 -0.4658549129962921 -0.1323132961988449 0.8748297691345215
32.06666564941406 0.1930273324251175 -0.20536498725414276 0.17092584073543549 0.013351590372622013 -0.46777406334877014 -0.13126082718372345 0.8739450573921204
32.099998474121094 0.1833532601594925 -0.20119856297969818 0.1614428162574768 0.013653311878442764 -0.4699302017688751 -0.12971971929073334 0.8730132579803467
32.13333511352539 0.17319269478321075 -0.1992286890745163 0.15070176124572754 0.01167961023747921 -0.4716811776161194 -0.1303010731935501 0.8720104098320007
32.16666793823242 0.16291962563991547 -0.19720444083213806 0.1433555781841278 0.010711587965488434 -0.4733797013759613 -0.13333551585674286 0.8706426620483398
32.20000076293945 0.15052613615989685 -0.19529473781585693 0.13236743211746216 0.010100109502673149 -0.4743640720844269 -0.13748270273208618 0.8694684505462646
32.233333587646484 0.13677343726158142 -0.19171659648418427 0.118650883436203 0.009652940556406975 -0.474273681640625 -0.1409357339143753 0.8689696788787842
32.266666412353516 0.12572866678237915 -0.1898498237133026 0.10891466587781906 0.00957521889358759 -0.4764763414859772 -0.14378780126571655 0.8672968149185181
32.29999923706055 0.11026545614004135 -0.18578897416591644 0.09662653505802155 0.0101754330098629 -0.4782455861568451 -0.1451740860939026 0.8660843968391418
32.33333206176758 0.09457939118146896 -0.18056687712669373 0.08358628302812576 0.009697564877569675 -0.48022860288619995 -0.14521531760692596 0.8649849891662598
32.36666488647461 0.08162295073270798 -0.17554669082164764 0.0771615207195282 0.007672156672924757 -0.4831593334674835 -0.1452804058790207 0.8633607029914856
32.400001525878906 0.058829132467508316 -0.16776491701602936 0.05847689136862755 0.0036848532035946846 -0.485036164522171 -0.1453939527273178 0.8623148798942566
32.43333435058594 0.04401364177465439 -0.16081950068473816 0.04956928640604019 0.0009213801822625101 -0.48676806688308716 -0.14560645818710327 0.8613099455833435
32.46666717529297 0.03209443762898445 -0.15578527748584747 0.04076685011386871 -0.0017815352184697986 -0.48679664731025696 -0.14493319392204285 0.8614060282707214
32.5 0.020974211394786835 -0.1488163024187088 0.027576318010687828 -0.003047751495614648 -0.4877816438674927 -0.14372022449970245 0.8610484004020691
32.53333282470703 0.011961708776652813 -0.14212006330490112 0.018916014581918716 -0.0035056988708674908 -0.4899846911430359 -0.14277800917625427 0.8599518537521362
32.56666564941406 0.0034584379754960537 -0.13645118474960327 0.011668507941067219 -0.0039279102347791195 -0.49126505851745605 -0.1417192667722702 0.8593945503234863
32.599998474121094 -0.006036836188286543 -0.13157334923744202 0.006397494114935398 -0.004725340288132429 -0.49200281500816345 -0.14007338881492615 0.8592382073402405
32.63333511352539 -0.014024381525814533 -0.12674298882484436 -0.0005431974423117936 -0.005341365467756987 -0.49093925952911377 -0.13830555975437164 0.8601289391517639
32.66666793823242 -0.020921794697642326 -0.12322353571653366 -0.006068166811019182 -0.006263856776058674 -0.48896434903144836 -0.13582409918308258 0.8616417646408081
32.70000076293945 -0.02706379070878029 -0.11949139088392258 -0.012263055890798569 -0.006618503015488386 -0.48724672198295593 -0.13255392014980316 0.8631201386451721
32.733333587646484 -0.032532576471567154 -0.11680204421281815 -0.01618478074669838 -0.006924263201653957 -0.4866498112678528 -0.12917093932628632 0.8639670014381409
32.766666412353516 -0.038345884531736374 -0.11293139308691025 -0.024160826578736305 -0.007233050651848316 -0.4854700565338135 -0.12647786736488342 0.8650259971618652
32.79999923706055 -0.04211169481277466 -0.110481396317482 -0.02823817916214466 -0.008127930574119091 -0.48400381207466125 -0.12366783618927002 0.8662451505661011
32.83333206176758 -0.04585716500878334 -0.10693834722042084 -0.03556167706847191 -0.008641239255666733 -0.4807319641113281 -0.11917851120233536 0.8686879277229309
32.86666488647461 -0.049803704023361206 -0.10367099195718765 -0.044462889432907104 -0.008928091265261173 -0.4776555597782135 -0.11396224051713943 0.8710787296295166
32.900001525878906 -0.05408230423927307 -0.10203248262405396 -0.0487409271299839 -0.009377766400575638 -0.4758940041065216 -0.10860671103000641 0.8727208375930786
32.93333435058594 -0.05919962748885155 -0.09786766767501831 -0.055793117731809616 -0.008593949489295483 -0.47247979044914246 -0.10416155308485031 0.8751224875450134
32.96666717529297 -0.06384624540805817 -0.09427157044410706 -0.06101937219500542 -0.008194347843527794 -0.4684555232524872 -0.10037116706371307 0.8777288794517517
33.0 -0.06290500611066818 -0.09249591082334518 -0.06518302112817764 -0.007438201457262039 -0.46466296911239624 -0.09666388481855392 0.8801642060279846
33.03333282470703 -0.06750797480344772 -0.08712956309318542 -0.07070071995258331 -0.006680925842374563 -0.4602945148944855 -0.09232574701309204 0.8829270601272583
33.06666564941406 -0.07586325705051422 -0.0804702565073967 -0.08024122565984726 -0.006745345424860716 -0.4528767764568329 -0.08877032995223999 0.8871172666549683
33.099998474121094 -0.07914488017559052 -0.07473646849393845 -0.08345058560371399 -0.00808975100517273 -0.44793635606765747 -0.0861821398139 0.8898653984069824
33.13333511352539 -0.08737385272979736 -0.06430887430906296 -0.09380975365638733 -0.008168557658791542 -0.442999005317688 -0.0849684476852417 0.8924492001533508
33.16666793823242 -0.09105806052684784 -0.05682690814137459 -0.09656891971826553 -0.008008649572730064 -0.4386979639530182 -0.08602001518011093 0.8944721817970276
33.20000076293945 -0.09039304405450821 -0.0564999133348465 -0.08804689347743988 -0.00997560191899538 -0.4362793266773224 -0.08766203373670578 0.895475447177887
33.233333587646484 -0.08512838929891586 -0.05521924048662186 -0.08099673688411713 -0.011463812552392483 -0.434843510389328 -0.09003274887800217 0.8959206938743591
33.266666412353516 -0.0915139690041542 -0.04526570066809654 -0.09015129506587982 -0.011018558405339718 -0.42905285954475403 -0.09177964925765991 0.8985369801521301
33.29999923706055 -0.09556709975004196 -0.03774178400635719 -0.0934152826666832 -0.010299181565642357 -0.4244134724140167 -0.09357420355081558 0.900561511516571
33.33333206176758 -0.10255566984415054 -0.02765130251646042 -0.099907785654068 -0.009276315569877625 -0.4205946922302246 -0.0942898690700531 0.9022879600524902
33.36666488647461 -0.10866215825080872 -0.01744801737368107 -0.10641109198331833 -0.008666085079312325 -0.41795071959495544 -0.0954342633485794 0.9034016132354736
33.400001525878906 -0.11187479645013809 -0.012507230043411255 -0.10720811039209366 -0.010035664774477482 -0.4169656038284302 -0.0970127061009407 0.9036745429039001
33.43333435058594 -0.11244243383407593 -0.010199887678027153 -0.104426808655262 -0.012783575803041458 -0.41696178913116455 -0.0979100912809372 0.9035447239875793
33.46666717529297 -0.11411286890506744 -0.0037424599286168814 -0.10763382911682129 -0.014025183394551277 -0.4151010811328888 -0.09757431596517563 0.9044190049171448
33.5 -0.11327367275953293 0.001968227094039321 -0.10810583084821701 -0.014077525585889816 -0.4141151010990143 -0.0979079008102417 0.9048340320587158
33.53333282470703 -0.11597257107496262 0.007041333708912134 -0.10781002789735794 -0.013331896625459194 -0.4128170609474182 -0.09709285944700241 0.9055260419845581
33.56666564941406 -0.11472052335739136 0.008023395203053951 -0.10852669179439545 -0.013001736253499985 -0.41148316860198975 -0.09730400145053864 0.9061149954795837
33.599998474121094 -0.11565488576889038 0.00818334985524416 -0.1048571914434433 -0.013468695804476738 -0.4118518829345703 -0.0990590751171112 0.9057505130767822
33.63333511352539 -0.11792825162410736 0.011209427379071712 -0.10431478917598724 -0.013896924443542957 -0.41094347834587097 -0.100707046687603 0.9059748649597168
33.66666793823242 -0.12314020842313766 0.01655486412346363 -0.10686325281858444 -0.01387390960007906 -0.40990766882896423 -0.10114042460918427 0.9063960313796997
33.70000076293945 -0.12835289537906647 0.02478751353919506 -0.10823778063058853 -0.012853631749749184 -0.41032761335372925 -0.10344886779785156 0.9059605598449707
33.733333587646484 -0.1331373006105423 0.029117127880454063 -0.11312568932771683 -0.011720121838152409 -0.40871310234069824 -0.10557961463928223 0.9064596891403198
33.766666412353516 -0.1318158209323883 0.028532950207591057 -0.11715203523635864 -0.009333287365734577 -0.40774112939834595 -0.10653878003358841 0.9068127870559692
33.79999923706055 -0.12949220836162567 0.026565831154584885 -0.11753935366868973 -0.008157121948897839 -0.4089026153087616 -0.10772375762462616 0.9061609506607056
33.83333206176758 -0.1295602172613144 0.02177870273590088 -0.11575537919998169 -0.00860394723713398 -0.4092804491519928 -0.10921385884284973 0.9058079123497009
33.86666488647461 -0.12816695868968964 0.025611016899347305 -0.11845818161964417 -0.006190973799675703 -0.4070156216621399 -0.10946115851402283 0.9068177342414856
33.900001525878906 -0.12998442351818085 0.02957758493721485 -0.12176810204982758 -0.004938784055411816 -0.40488505363464355 -0.10776107758283615 0.9079819321632385
33.93333435058594 -0.13580560684204102 0.03504317253828049 -0.12293228507041931 -0.004929036367684603 -0.40401026606559753 -0.10624703764915466 0.908549964427948
33.96666717529297 -0.13231892883777618 0.029722241684794426 -0.12507212162017822 -0.004242058843374252 -0.4031725525856018 -0.10794781148433685 0.9087250232696533
34.0 -0.13201822340488434 0.03129369765520096 -0.12724646925926208 -0.0022219144739210606 -0.4021303951740265 -0.10867816209793091 0.9091068506240845
34.03333282470703 -0.13575135171413422 0.03540610149502754 -0.12705008685588837 -0.0016949910204857588 -0.40223759412765503 -0.10972447693347931 0.9089348912239075
34.06666564941406 -0.13841770589351654 0.03892941027879715 -0.12799081206321716 -0.0010015483712777495 -0.40276482701301575 -0.11194614320993423 0.9084314107894897
34.099998474121094 -0.14195643365383148 0.04092990607023239 -0.12752501666545868 -0.0008055409998632967 -0.40251028537750244 -0.11323141306638718 0.908385157585144
34.13333511352539 -0.1424366533756256 0.03949640691280365 -0.12705405056476593 -0.0003320651303511113 -0.40199658274650574 -0.11464138329029083 0.9084360003471375
34.16666793823242 -0.1430191993713379 0.04278271272778511 -0.13065487146377563 0.0018112551188096404 -0.4003904461860657 -0.11647395044565201 0.9089103937149048
34.20000076293945 -0.14435863494873047 0.04217618331313133 -0.13340644538402557 0.002959412755444646 -0.39941641688346863 -0.11956707388162613 0.9089342951774597
34.233333587646484 -0.14686253666877747 0.0444585345685482 -0.1368958204984665 0.004352343734353781 -0.3971679210662842 -0.12325986474752426 0.9094206094741821
34.266666412353516 -0.15571053326129913 0.04761486127972603 -0.13956624269485474 0.004535582382231951 -0.39574769139289856 -0.12816426157951355 0.9093608856201172
34.29999923706055 -0.15712061524391174 0.046478744596242905 -0.1371569186449051 0.0024751396849751472 -0.393547922372818 -0.13894763588905334 0.9087395071983337
34.33333206176758 -0.16693276166915894 0.049913275986909866 -0.1377275139093399 -0.001450162730179727 -0.3883480429649353 -0.1477532684803009 0.9095892906188965
34.36666488647461 -0.1684500128030777 0.04985261335968971 -0.13597938418388367 -0.0028040450997650623 -0.3897800147533417 -0.148295059800148 0.9088851809501648
34.400001525878906 -0.16194206476211548 0.04819872975349426 -0.13221776485443115 -0.001837551360949874 -0.3935014307498932 -0.14289778470993042 0.908148467540741
34.43333435058594 -0.16085222363471985 0.04693349823355675 -0.13363145291805267 -0.0004454697191249579 -0.39093974232673645 -0.13922882080078125 0.9098249077796936
34.46666717529297 -0.1629888415336609 0.04659503325819969 -0.1343666911125183 -0.0008584444294683635 -0.3863281011581421 -0.14149631559848785 0.9114432334899902
34.5 -0.16430720686912537 0.047598905861377716 -0.13310466706752777 -0.002932194620370865 -0.38572007417678833 -0.14293770492076874 0.9114715456962585
34.53333282470703 -0.1627945452928543 0.04601462930440903 -0.1326242834329605 -0.0023421691730618477 -0.3863323926925659 -0.14083722233772278 0.9115408658981323
34.56666564941406 -0.16262592375278473 0.04741451144218445 -0.13347093760967255 -0.0014246765058487654 -0.38639697432518005 -0.1409575194120407 0.9114966988563538
34.599998474121094 -0.16375721991062164 0.04739450663328171 -0.1328912377357483 -0.002573776990175247 -0.3860151171684265 -0.14230388402938843 0.9114468693733215
34.63333511352539 -0.163437619805336 0.046030670404434204 -0.1327720284461975 -0.0026775284204632044 -0.3861062228679657 -0.14154750108718872 0.9115257859230042
34.66666793823242 -0.1631065160036087 0.046870093792676926 -0.13368898630142212 -0.0017612726660445333 -0.3861865699291229 -0.14146269857883453 0.9115070700645447
34.70000076293945 -0.16274197399616241 0.04857098311185837 -0.13169005513191223 -0.0022002633195370436 -0.3863653838634491 -0.1417580544948578 0.9113844633102417
34.733333587646484 -0.16342918574810028 0.04644782468676567 -0.13300251960754395 -0.0025600255466997623 -0.38613033294677734 -0.14166393876075745 0.9114978313446045
34.766666412353516 -0.16345304250717163 0.046569593250751495 -0.13342057168483734 -0.0023429638240486383 -0.38618019223213196 -0.1418529450893402 0.9114478826522827
34.79999923706055 -0.16376465559005737 0.047434378415346146 -0.1327570527791977 -0.002743825549259782 -0.3860322833061218 -0.1419506072998047 0.9114941954612732
34.83333206176758 -0.16367791593074799 0.04637594521045685 -0.13388459384441376 -0.0025340092834085226 -0.38599297404289246 -0.14188089966773987 0.9115222692489624
34.86666488647461 -0.16342701017856598 0.04694541543722153 -0.13292181491851807 -0.0024401217233389616 -0.38610774278640747 -0.14199841022491455 0.9114556312561035
34.900001525878906 -0.16331693530082703 0.04703453555703163 -0.1321582794189453 -0.0024054618552327156 -0.38623201847076416 -0.1420503556728363 0.9113950133323669
34.93333435058594 -0.163688063621521 0.04647250473499298 -0.1334456503391266 -0.0025411557871848345 -0.38601887226104736 -0.141975998878479 0.9114964008331299
34.96666717529297 -0.1636005938053131 0.0475810170173645 -0.13282354176044464 -0.002725949278101325 -0.3860047459602356 -0.1419738084077835 0.9115023016929626
35.0 -0.16309118270874023 0.04795204848051071 -0.13140161335468292 -0.0021881796419620514 -0.3864014446735382 -0.14222174882888794 0.9112969636917114
35.03333282470703 -0.1639537215232849 0.04688478261232376 -0.1332244724035263 -0.002605128102004528 -0.38595280051231384 -0.14216819405555725 0.9114943146705627
35.06666564941406 -0.1638772338628769 0.047211240977048874 -0.1328275501728058 -0.0024906890466809273 -0.38592860102653503 -0.1420440971851349 0.91152423620224
35.099998474121094 -0.1633889526128769 0.04747604951262474 -0.13220171630382538 -0.002429753076285124 -0.3861071467399597 -0.14201007783412933 0.9114540219306946
35.13333511352539 -0.16315525770187378 0.047802723944187164 -0.13208907842636108 -0.0025442352052778006 -0.38604313135147095 -0.14166241884231567 0.9115350246429443
35.16666793823242 -0.16207337379455566 0.0487004853785038 -0.1305636763572693 -0.0024621784687042236 -0.38635575771331787 -0.14127665758132935 0.911462664604187
35.20000076293945 -0.1614549458026886 0.049324993044137955 -0.12954655289649963 -0.0018344152485951781 -0.38654083013534546 -0.14133432507514954 0.9113765954971313
35.233333587646484 -0.16155019402503967 0.04782463237643242 -0.1297331005334854 -0.0019535364117473364 -0.3828337788581848 -0.14058978855609894 0.9130548238754272
35.266666412353516 -0.16054242849349976 0.0467577688395977 -0.12897814810276031 -0.0022330875508487225 -0.3763410747051239 -0.13816983997821808 0.9161177277565002
35.29999923706055 -0.15580327808856964 0.04451537877321243 -0.1236802339553833 -0.0022810124792158604 -0.3686831593513489 -0.13513608276844025 0.9196770191192627
35.33333206176758 -0.1527569741010666 0.04317484796047211 -0.12184751033782959 -0.0022807891946285963 -0.3607273995876312 -0.13230183720588684 0.923237144947052
35.36666488647461 -0.14702215790748596 0.041372377425432205 -0.11651456356048584 -0.0023285418283194304 -0.3534333407878876 -0.12923447787761688 0.9264868497848511
35.400001525878906 -0.1404046267271042 0.040038011968135834 -0.10949268192052841 -0.0018703925888985395 -0.3450455069541931 -0.12538045644760132 0.9301720261573792
35.43333435058594 -0.1328345239162445 0.037261348217725754 -0.10184253752231598 -0.0021875302772969007 -0.3370501399040222 -0.1225811317563057 0.9334700703620911
35.46666717529297 -0.1291932761669159 0.03601730987429619 -0.09817982465028763 -0.001871809596195817 -0.32996511459350586 -0.11979212611913681 0.936359703540802
35.5 -0.1241644099354744 0.034357767552137375 -0.09563062340021133 -0.0021476454567164183 -0.3233705461025238 -0.11736617982387543 0.9389632940292358
35.53333282470703 -0.12007921934127808 0.03308655694127083 -0.09093829244375229 -0.002278033411130309 -0.31990134716033936 -0.11586830019950867 0.9403363466262817
35.56666564941406 -0.11920887231826782 0.03310282155871391 -0.09071527421474457 -0.001522024511359632 -0.31401628255844116 -0.11463496088981628 0.942470371723175
35.599998474121094 -0.11577769368886948 0.03148959204554558 -0.08676906675100327 -0.0015869656344875693 -0.30935603380203247 -0.11235309392213821 0.9442844986915588
35.63333511352539 -0.11498262733221054 0.03152583912014961 -0.08614850789308548 -0.001909532817080617 -0.30352476239204407 -0.11041363328695297 0.9464026689529419
35.66666793823242 -0.1147133857011795 0.031113598495721817 -0.08483655750751495 -0.0020038792863488197 -0.30163803696632385 -0.1093447282910347 0.947129487991333
35.70000076293945 -0.1152876690030098 0.03137018531560898 -0.08343654870986938 -0.0019414991838857532 -0.30164533853530884 -0.10986018180847168 0.9470676779747009
35.733333587646484 -0.1153528168797493 0.031179247424006462 -0.08562362939119339 -0.001307755010202527 -0.30149000883102417 -0.11004864424467087 0.9470963478088379
35.766666412353516 -0.11428061872720718 0.03054993785917759 -0.08418605476617813 -0.0018093381077051163 -0.30182984471321106 -0.10973096638917923 0.9470241069793701
35.79999923706055 -0.11506645381450653 0.031447459012269974 -0.08495642989873886 -0.00153870671056211 -0.3015894293785095 -0.10985124111175537 0.9470872282981873
35.83333206176758 -0.11437591910362244 0.03123951330780983 -0.08446875214576721 -0.001107688876800239 -0.30180734395980835 -0.1097264513373375 0.9470328092575073
35.86666488647461 -0.11437328159809113 0.030820200219750404 -0.0839032456278801 -0.0019579045474529266 -0.30203646421432495 -0.11019256711006165 0.9469043016433716
35.900001525878906 -0.11124912649393082 0.03087281435728073 -0.08424380421638489 -0.0016497145406901836 -0.3035412132740021 -0.11013710498809814 0.9464300870895386
35.93333435058594 -0.10613465309143066 0.029732851311564445 -0.08175661414861679 -0.0018068233039230108 -0.3028305172920227 -0.1100919246673584 0.9466626644134521
35.96666717529297 -0.10175368934869766 0.029346268624067307 -0.07996931672096252 -0.0017935544019564986 -0.30102720856666565 -0.1092710867524147 0.9473327398300171
36.0 -0.09406879544258118 0.0289476215839386 -0.07921446859836578 -0.0014305523363873363 -0.2971419394016266 -0.10781120508909225 0.9487261772155762
36.03333282470703 -0.08533738553524017 0.02792551927268505 -0.07442346960306168 -0.0014561194693669677 -0.29256221652030945 -0.10558724403381348 0.9503980875015259
36.06666564941406 -0.07139325886964798 0.02466457150876522 -0.06944230198860168 -0.0019779170397669077 -0.2888820767402649 -0.10400059819221497 0.9516969919204712
36.099998474121094 -0.061463747173547745 0.022926809266209602 -0.06544017046689987 -0.0022405488416552544 -0.28469911217689514 -0.10217081755399704 0.9531540274620056
36.13333511352539 -0.05325522646307945 0.02306186966598034 -0.061232250183820724 -0.0017250539967790246 -0.28023800253868103 -0.10081234574317932 0.9546207189559937
36.16666793823242 -0.039861712604761124 0.019997064024209976 -0.05851828306913376 -0.0020724795758724213 -0.2777562439441681 -0.1000177413225174 0.9554285407066345
36.20000076293945 -0.028535272926092148 0.018310142681002617 -0.05406603589653969 -0.0022222052793949842 -0.2754461169242859 -0.09878452867269516 0.9562249779701233
36.233333587646484 -0.019640976563096046 0.0169071052223444 -0.05159055069088936 -0.002595791593194008 -0.2727903723716736 -0.09765762835741043 0.9571006298065186
36.266666412353516 -0.011896725744009018 0.016777176409959793 -0.0493348054587841 -0.002059191232547164 -0.27041661739349365 -0.09680046886205673 0.9578624367713928
36.29999923706055 -0.004557244013994932 0.01673845387995243 -0.046293292194604874 -0.0014922756236046553 -0.2690524458885193 -0.09660927951335907 0.9582667350769043
36.33333206176758 0.007891462184488773 0.014043846167623997 -0.03989800065755844 -0.0019150001462548971 -0.26987403631210327 -0.09647085517644882 0.9580489993095398
36.36666488647461 0.02009989507496357 0.012534008361399174 -0.03793834149837494 -0.001908789505250752 -0.26890599727630615 -0.09610304981470108 0.9583580493927002
36.400001525878906 0.02046121098101139 0.011736433021724224 -0.03717964142560959 -0.0018721316009759903 -0.2621595561504364 -0.09509972482919693 0.9603254199028015
36.43333435058594 0.028784452006220818 0.01056281104683876 -0.034784723073244095 -0.001738065155223012 -0.25934189558029175 -0.09406953305006027 0.9611918330192566
36.46666717529297 0.03852256014943123 0.008823854848742485 -0.029629508033394814 -0.0020388427656143904 -0.25715479254722595 -0.09291572868824005 0.9618908762931824
36.5 0.046833209693431854 0.007521489635109901 -0.025738656520843506 -0.002209553262218833 -0.2561744451522827 -0.0924159437417984 0.9622001051902771
36.53333282470703 0.05383717268705368 0.00689717149361968 -0.022218234837055206 -0.001620626775547862 -0.25505006313323975 -0.09283813834190369 0.9624592661857605
36.56666564941406 0.061723098158836365 0.004845252726227045 -0.019495999440550804 -0.0017931053880602121 -0.25440725684165955 -0.09164327383041382 0.9627436399459839
36.599998474121094 0.07051922380924225 0.005190645810216665 -0.015497065149247646 -0.0019135328475385904 -0.25342634320259094 -0.09121176600456238 0.9630430936813354
36.63333511352539 0.07494054734706879 0.004417994525283575 -0.015663957223296165 -0.001812313450500369 -0.25380459427833557 -0.09199143201112747 0.9628694653511047
36.66666793823242 0.08067378401756287 0.0027064206078648567 -0.016186578199267387 -0.0017455288907513022 -0.25446709990501404 -0.09280470758676529 0.9626166224479675
36.70000076293945 0.08514503389596939 0.0026229950599372387 -0.01452905498445034 -0.00178474560379982 -0.2537611424922943 -0.09238458424806595 0.9628433585166931
36.733333587646484 0.08854074031114578 0.002280645538121462 -0.013646548613905907 -0.001766745001077652 -0.2521568238735199 -0.09183479845523834 0.963317334651947
36.766666412353516 0.09560907632112503 0.0011785771930590272 -0.01075351145118475 -0.0017271360848098993 -0.2507113814353943 -0.09160391986370087 0.9637165665626526
36.79999923706055 0.10220000147819519 0.00022671736951451749 -0.008042994886636734 -0.0018472940428182483 -0.2500215172767639 -0.09102236479520798 0.9639506340026855
36.83333206176758 0.1079307273030281 -0.000724183046258986 -0.005781545303761959 -0.0017859081272035837 -0.24913054704666138 -0.09113694727420807 0.9641705751419067
36.86666488647461 0.11161907762289047 -0.0022756236139684916 -0.004114718176424503 -0.0020403258968144655 -0.24711675941944122 -0.08984358608722687 0.9648095369338989
36.900001525878906 0.11758693307638168 -0.0024412269704043865 -0.0030072731897234917 -0.0019826723728328943 -0.24434363842010498 -0.08927251398563385 0.9655686020851135
36.93333435058594 0.12491139769554138 -0.003962127026170492 0.0014359127962961793 -0.0017464611446484923 -0.24444614350795746 -0.0893276184797287 0.9655380249023438
36.96666717529297 0.1287057101726532 -0.004317193292081356 0.0033252560533583164 -0.001455643679946661 -0.24255438148975372 -0.08872555941343307 0.9660709500312805
37.0 0.13946913182735443 -0.006390508729964495 0.008816963993012905 -0.001717658364214003 -0.24193602800369263 -0.08828318864107132 0.9662660360336304
37.03333282470703 0.14543312788009644 -0.007017988711595535 0.015994422137737274 -0.0012327121803537011 -0.2404937446117401 -0.08754893392324448 0.9666935801506042
37.06666564941406 0.15024325251579285 -0.007748984266072512 0.018740331754088402 -0.0010509563144296408 -0.23992322385311127 -0.08785904943943024 0.9668073654174805
37.099998474121094 0.159611776471138 -0.009551492519676685 0.022458963096141815 -0.0010472697904333472 -0.24000340700149536 -0.08754236996173859 0.966816246509552
37.13333511352539 0.16862019896507263 -0.01150868646800518 0.02673628181219101 -0.00130704406183213 -0.23937246203422546 -0.0875687226653099 0.9669699668884277
37.16666793823242 0.18118858337402344 -0.013883735984563828 0.03201517462730408 -0.001267060055397451 -0.23835141956806183 -0.08626101911067963 0.9673396944999695
37.20000076293945 0.19143790006637573 -0.016574034467339516 0.036818139255046844 -0.0015059489523991942 -0.2363431304693222 -0.08612678945064545 0.9678439497947693
37.233333587646484 0.20152749121189117 -0.01723862811923027 0.04346688091754913 -0.0007071292493492365 -0.23573221266269684 -0.08513829112052917 0.9680812954902649
37.266666412353516 0.20604784786701202 -0.020700272172689438 0.0442332923412323 -0.0021433879155665636 -0.23313356935977936 -0.08504002541303635 0.9687169194221497
37.29999923706055 0.2111932635307312 -0.020168965682387352 0.04851885512471199 -0.0015344169223681092 -0.2327726036310196 -0.08404224365949631 0.968891978263855
37.33333206176758 0.2216658592224121 -0.022432440891861916 0.052952226251363754 -0.0014203060418367386 -0.23320305347442627 -0.08466754108667374 0.968734085559845
37.36666488647461 0.22657497227191925 -0.023862844333052635 0.055290766060352325 -0.001756626064889133 -0.2347991168498993 -0.08482092618942261 0.9683345556259155
37.400001525878906 0.23065033555030823 -0.02405243180692196 0.05763942375779152 -0.0013498981716111302 -0.23480363190174103 -0.08538444340229034 0.9682846069335938
37.43333435058594 0.23103007674217224 -0.024956457316875458 0.05800212547183037 -0.0016252080677077174 -0.2336844801902771 -0.08508745580911636 0.968580961227417
37.46666717529297 0.2359057366847992 -0.02666989341378212 0.06130633503198624 -0.0017658652504906058 -0.23308570683002472 -0.0846998542547226 0.9687589406967163
37.5 0.23710060119628906 -0.02596287988126278 0.06264334172010422 -0.001306527410633862 -0.23021727800369263 -0.08398206532001495 0.9695077538490295
37.53333282470703 0.24671582877635956 -0.02831161767244339 0.06871839612722397 -0.0013836738653481007 -0.22922781109809875 -0.08392096310853958 0.9697473645210266
37.56666564941406 0.25936248898506165 -0.031553808599710464 0.07177035510540009 -0.002142857061699033 -0.22848708927631378 -0.08308745920658112 0.9699925184249878
37.599998474121094 0.2608463764190674 -0.032669518142938614 0.07768592238426208 -0.0018298879731446505 -0.22513441741466522 -0.08234502375125885 0.9708400368690491
37.63333511352539 0.26534053683280945 -0.03289566561579704 0.08011628687381744 -0.0015319895464926958 -0.22422249615192413 -0.08225757628679276 0.9710590839385986
37.66666793823242 0.27059635519981384 -0.03385382890701294 0.08192407339811325 -0.001576217240653932 -0.2252492755651474 -0.08251692354679108 0.9707993268966675
37.70000076293945 0.27775970101356506 -0.0347822867333889 0.08507585525512695 -0.0014980819541960955 -0.22558832168579102 -0.08257240056991577 0.9707160592079163
37.733333587646484 0.28347018361091614 -0.03514694795012474 0.08804572373628616 -0.0012300716480240226 -0.22571010887622833 -0.08293472975492477 0.9706571102142334
37.766666412353516 0.28988564014434814 -0.03591223433613777 0.09118092805147171 -0.0011291789123788476 -0.22628375887870789 -0.0830746591091156 0.9705117344856262
37.79999923706055 0.29682257771492004 -0.03681192547082901 0.09326574951410294 -0.0011444150004535913 -0.22626511752605438 -0.08320745825767517 0.9705047011375427
37.83333206176758 0.3004066050052643 -0.037216946482658386 0.09590572118759155 -0.0009385714074596763 -0.22584357857704163 -0.08303412050008774 0.970617949962616
37.86666488647461 0.30730459094047546 -0.03862418234348297 0.09769433736801147 -0.0010382914915680885 -0.22402030229568481 -0.08211449533700943 0.9711184501647949
37.900001525878906 0.3149232566356659 -0.039364345371723175 0.10024222731590271 -0.0010019500041380525 -0.22146223485469818 -0.08102840930223465 0.9717962741851807
37.93333435058594 0.32304883003234863 -0.03993263468146324 0.10347705334424973 -0.0009864472085610032 -0.22179964184761047 -0.08103429526090622 0.9717187285423279
37.96666717529297 0.32700997591018677 -0.0410151444375515 0.10505106300115585 -0.001054770196788013 -0.22217676043510437 -0.08110804855823517 0.9716264009475708
38.0 0.33219942450523376 -0.03988117352128029 0.10636994987726212 -0.000568001123610884 -0.22175966203212738 -0.080995574593544 0.9717315435409546
38.03333282470703 0.3377010226249695 -0.04116833582520485 0.10880151391029358 -0.0007253094227053225 -0.22182737290859222 -0.08103359490633011 0.9717127680778503
38.06666564941406 0.344652384519577 -0.041830964386463165 0.11066683381795883 -0.00045369824510999024 -0.22003011405467987 -0.08075568825006485 0.9721445441246033
38.099998474121094 0.3558102548122406 -0.04329146072268486 0.11441052705049515 -0.0008200793527066708 -0.21920907497406006 -0.0804162248969078 0.972357988357544
38.13333511352539 0.36154767870903015 -0.04483966901898384 0.11566171050071716 -0.0008832747116684914 -0.2154802829027176 -0.07944072037935257 0.9732711911201477
38.16666793823242 0.37247225642204285 -0.045876309275627136 0.11888643354177475 -0.000960460864007473 -0.2143416702747345 -0.07887556403875351 0.9735683798789978
38.20000076293945 0.3732690215110779 -0.045241579413414 0.11744881421327591 -0.000787090219091624 -0.21181000769138336 -0.07797170430421829 0.9741952419281006
38.233333587646484 0.38613617420196533 -0.047471657395362854 0.12403660267591476 -0.0006867903284728527 -0.2131318598985672 -0.07869172096252441 0.9738491177558899
38.266666412353516 0.39082762598991394 -0.04740680381655693 0.12352626025676727 -0.0007536218618042767 -0.212635800242424 -0.07817741483449936 0.9739988446235657
38.29999923706055 0.4040146768093109 -0.049723345786333084 0.12729042768478394 -0.0010466858511790633 -0.21344004571437836 -0.0784716010093689 0.9737990498542786
38.33333206176758 0.40880119800567627 -0.04969915375113487 0.12870758771896362 -0.0009014054667204618 -0.21345601975917816 -0.0781233161687851 0.973823606967926
38.36666488647461 0.42129600048065186 -0.05102590098977089 0.13403306901454926 -0.0006874562823213637 -0.21380876004695892 -0.07831915467977524 0.973730742931366
38.400001525878906 0.42499300837516785 -0.05085912346839905 0.13197524845600128 -0.0006347954040393233 -0.21130110323429108 -0.07683225721120834 0.9743963479995728
38.43333435058594 0.4303610324859619 -0.052164990454912186 0.13235998153686523 -0.000831270357593894 -0.21058551967144012 -0.07698415219783783 0.9745391607284546
38.46666717529297 0.43670427799224854 -0.052768122404813766 0.13481436669826508 -0.0013851959956809878 -0.21291284263134003 -0.07843110710382462 0.9739173054695129
38.5 0.4399641156196594 -0.053877491503953934 0.13399279117584229 -0.001125469570979476 -0.2144010215997696 -0.07885658740997314 0.9735567569732666
38.53333282470703 0.4471476674079895 -0.054402388632297516 0.1367187350988388 -0.0013674938818439841 -0.21382750570774078 -0.07875965535640717 0.9736903309822083
38.56666564941406 0.45552685856819153 -0.0559077151119709 0.13895483314990997 -0.0015989217208698392 -0.21442152559757233 -0.07844541221857071 0.973584771156311
38.599998474121094 0.45920130610466003 -0.055673640221357346 0.1395518183708191 -0.0011182058369740844 -0.21397916972637177 -0.07899197190999985 0.9736384749412537
38.63333511352539 0.46157655119895935 -0.0559486486017704 0.13948865234851837 -0.0014767878456041217 -0.21325869858264923 -0.07859878242015839 0.9738278985023499
38.66666793823242 0.4653867185115814 -0.056266576051712036 0.13911348581314087 -0.0012448757188394666 -0.2121107131242752 -0.0785486251115799 0.9740829467773438
38.70000076293945 0.4701148271560669 -0.0567062608897686 0.13910794258117676 -0.0015000489074736834 -0.21210244297981262 -0.07836024463176727 0.9740995168685913
38.733333587646484 0.47613656520843506 -0.05647996440529823 0.14091312885284424 -0.0009519039303995669 -0.21262536942958832 -0.07855787128210068 0.973970353603363
38.766666412353516 0.4750448167324066 -0.05557296425104141 0.13948306441307068 -0.0007568116998299956 -0.21219994127750397 -0.07835821062326431 0.9740793704986572
38.79999923706055 0.4776378870010376 -0.05519086867570877 0.13758344948291779 -0.0005941386916674674 -0.2099885493516922 -0.07810141891241074 0.9745792150497437
38.83333206176758 0.4794315993785858 -0.055213287472724915 0.13757634162902832 -0.0006972418632358313 -0.20949728786945343 -0.0779447853565216 0.9746974110603333
38.86666488647461 0.4890994429588318 -0.056438859552145004 0.1386549025774002 -0.0010940092615783215 -0.21047855913639069 -0.077984519302845 0.9744824171066284
38.900001525878906 0.49417248368263245 -0.05671310052275658 0.14051462709903717 -0.0006590521079488099 -0.2106691300868988 -0.07752925902605057 0.974478006362915
38.93333435058594 0.5021520256996155 -0.05723721161484718 0.1476152539253235 -0.0001025637611746788 -0.2106606364250183 -0.07821135222911835 0.9744255542755127
38.96666717529297 0.5014641880989075 -0.05704435706138611 0.147824227809906 1.0929775271506514e-05 -0.20906026661396027 -0.07792972773313522 0.9747927188873291
39.0 0.5025215744972229 -0.057879745960235596 0.14648106694221497 -0.00031804945319890976 -0.20895345509052277 -0.07800813764333725 0.9748092889785767
39.03333282470703 0.5053061246871948 -0.058153554797172546 0.14664717018604279 -0.0005215131095610559 -0.2093944400548935 -0.07778652757406235 0.9747323393821716
39.06666564941406 0.5072500705718994 -0.058116424828767776 0.14743919670581818 -0.0003634240129031241 -0.20976029336452484 -0.0778479278087616 0.9746488332748413
39.099998474121094 0.5092665553092957 -0.057111017405986786 0.14816607534885406 -6.884113099658862e-05 -0.21036791801452637 -0.07836862653493881 0.974476158618927
39.13333511352539 0.5079487562179565 -0.05686410143971443 0.14740872383117676 -0.0003230233851354569 -0.20991457998752594 -0.07858477532863617 0.9745564460754395
39.16666793823242 0.5072962641716003 -0.05745244771242142 0.1474289447069168 -0.0004449332773219794 -0.2097012996673584 -0.0780709981918335 0.9746435284614563
39.20000076293945 0.508542001247406 -0.05631454288959503 0.14772482216358185 -2.8675689463852905e-05 -0.21000562608242035 -0.07865006476640701 0.9745316505432129
39.233333587646484 0.5072929263114929 -0.05785410478711128 0.14824137091636658 -0.0012329708551988006 -0.20958873629570007 -0.07925230264663696 0.9745717644691467
39.266666412353516 0.5073786973953247 -0.05878978222608566 0.14930956065654755 -0.002023301087319851 -0.2098572850227356 -0.07885050028562546 0.9745452404022217
39.29999923706055 0.506618857383728 -0.05804042890667915 0.14945392310619354 -0.001780046964995563 -0.2111462652683258 -0.07926920801401138 0.9742333292961121
39.33333206176758 0.5069983601570129 -0.057889942079782486 0.14989538490772247 -8.912350313039497e-05 -0.21371227502822876 -0.08025959134101868 0.9735941290855408
39.36666488647461 0.5076767802238464 -0.05856512859463692 0.15144069492816925 -0.0005376490880735219 -0.21631744503974915 -0.08162175863981247 0.972905158996582
39.400001525878906 0.5080129504203796 -0.057825490832328796 0.15618525445461273 -0.00020567336468957365 -0.22063884139060974 -0.08301669359207153 0.9718161821365356
39.43333435058594 0.5081368088722229 -0.05668703839182854 0.16097132861614227 0.0007981547387316823 -0.223322331905365 -0.08347766846418381 0.971163272857666
39.46666717529297 0.5045517683029175 -0.06018558144569397 0.16455677151679993 -0.0004053351003676653 -0.2204219102859497 -0.08265038579702377 0.9718965888023376
39.5 0.5005894899368286 -0.06302140653133392 0.1697511374950409 -0.0012298102956265211 -0.21622908115386963 -0.08121499419212341 0.9729582071304321
39.53333282470703 0.49566441774368286 -0.06537742167711258 0.17714066803455353 -0.0008550817728973925 -0.21178512275218964 -0.07965489476919174 0.9740644097328186
39.56666564941406 0.4943484961986542 -0.06422489136457443 0.18213042616844177 0.00047343201003968716 -0.20872753858566284 -0.0782598927617073 0.9748374819755554
39.599998474121094 0.4923792779445648 -0.06624946743249893 0.18836648762226105 0.00018000154523178935 -0.20853713154792786 -0.07809726893901825 0.9748913049697876
39.63333511352539 0.48894721269607544 -0.06620641052722931 0.1913951337337494 0.0017710844986140728 -0.20900295674800873 -0.07775295525789261 0.9748175144195557
39.66666793823242 0.488272488117218 -0.06528788805007935 0.19743090867996216 0.0034723656717687845 -0.20807893574237823 -0.07709759473800659 0.9750626683235168
39.70000076293945 0.48443111777305603 -0.06619880348443985 0.20536096394062042 0.003145358292385936 -0.2055407464504242 -0.07611671835184097 0.9756789803504944
39.733333587646484 0.48128044605255127 -0.07462359219789505 0.21329818665981293 0.0002850442542694509 -0.2051014006137848 -0.07642360031604767 0.9757524728775024
39.766666412353516 0.4788011610507965 -0.06503558158874512 0.21963080763816833 0.004825606942176819 -0.20529136061668396 -0.07588783651590347 0.9757423996925354
39.79999923706055 0.4786626994609833 -0.06725441664457321 0.22936175763607025 0.005737551487982273 -0.2056051790714264 -0.07505080848932266 0.9757362008094788
39.83333206176758 0.47167345881462097 -0.08067968487739563 0.23302027583122253 0.0015791241312399507 -0.20167595148086548 -0.0750284343957901 0.97657310962677
39.86666488647461 0.46906909346580505 -0.0860050693154335 0.2370644360780716 -0.000968849053606391 -0.19935116171836853 -0.07515709847211838 0.9770412445068359
39.900001525878906 0.4665968120098114 -0.08726751804351807 0.2446722537279129 -0.0007864813087508082 -0.1987924873828888 -0.07487914711236954 0.9771765470504761
39.93333435058594 0.46484461426734924 -0.09228090196847916 0.24924367666244507 -0.0018590447725728154 -0.19889935851097107 -0.07514336705207825 0.9771330952644348
39.96666717529297 0.46568673849105835 -0.09110917896032333 0.24327801167964935 -0.0018657427281141281 -0.1978510022163391 -0.07453794032335281 0.9773922562599182
40.0 0.46398231387138367 -0.08926305174827576 0.24774880707263947 0.00041986798169091344 -0.19750094413757324 -0.07306880503892899 0.9775756597518921
40.03333282470703 0.4624624252319336 -0.08840006589889526 0.2544146776199341 -4.339350198279135e-05 -0.19746319949626923 -0.07313801348209381 0.9775782823562622
40.06666564941406 0.4605260491371155 -0.0866466611623764 0.2609139382839203 0.002006351947784424 -0.1977008432149887 -0.072621650993824 0.9775665998458862
40.099998474121094 0.45447808504104614 -0.09873896092176437 0.26761576533317566 -0.001360149821266532 -0.19568032026290894 -0.07331905514001846 0.9779221415519714
40.13333511352539 0.45089438557624817 -0.10127156972885132 0.2752763628959656 -0.001550027052871883 -0.1947818398475647 -0.07311059534549713 0.9781168699264526
40.16666793823242 0.4479977786540985 -0.10598485171794891 0.28146079182624817 -0.002656640252098441 -0.19450643658638 -0.07291054725646973 0.978184163570404
40.20000076293945 0.4452988803386688 -0.10731932520866394 0.2880345582962036 -0.002314294222742319 -0.19425563514232635 -0.07258141785860062 0.9782593846321106
40.233333587646484 0.44085922837257385 -0.11081410944461823 0.2959105968475342 -0.0031525110825896263 -0.19402995705604553 -0.07255414873361588 0.9783037900924683
40.266666412353516 0.4386852979660034 -0.11295516788959503 0.3031747341156006 -0.003046467900276184 -0.19481858611106873 -0.07261217385530472 0.9781430959701538
40.29999923706055 0.43635284900665283 -0.11277052760124207 0.30438119173049927 -0.0025486545637249947 -0.19369667768478394 -0.07225510478019714 0.9783937931060791
40.33333206176758 0.4338712990283966 -0.11354143172502518 0.3090476989746094 -0.0024532827083021402 -0.19194526970386505 -0.07174047082662582 0.9787769913673401
40.36666488647461 0.4329940378665924 -0.11612565070390701 0.3130880892276764 -0.002753077307716012 -0.1912720650434494 -0.07148410379886627 0.9789267778396606
40.400001525878906 0.4295136034488678 -0.1176200658082962 0.31781384348869324 -0.0024865998420864344 -0.1907729059457779 -0.07144144922494888 0.9790278673171997
40.43333435058594 0.42619937658309937 -0.1187102422118187 0.32369256019592285 -0.0027162120677530766 -0.19149188697338104 -0.07190024852752686 0.9788533449172974
40.46666717529297 0.4247512221336365 -0.12003038823604584 0.32637107372283936 -0.00335878087207675 -0.1915450394153595 -0.07204858958721161 0.978830099105835
40.5 0.4243544638156891 -0.1228695884346962 0.3305165767669678 -0.0033121686428785324 -0.19299589097499847 -0.07248850911855698 0.978512704372406
40.53333282470703 0.41935181617736816 -0.12375050038099289 0.3329913020133972 -0.0024441394489258528 -0.19125798344612122 -0.07214416563510895 0.9788818359375
40.56666564941406 0.4168943166732788 -0.12567126750946045 0.33923014998435974 -0.003042585914954543 -0.19155366718769073 -0.07217711210250854 0.9788199663162231
40.599998474121094 0.41833043098449707 -0.12682652473449707 0.3429429829120636 -0.0031906445510685444 -0.19329039752483368 -0.07245435565710068 0.978457510471344
40.63333511352539 0.4127955138683319 -0.12819917500019073 0.34739598631858826 -0.002525370568037033 -0.19158168137073517 -0.07188692688941956 0.9788373112678528
40.66666793823242 0.4129510521888733 -0.13061930239200592 0.35214290022850037 -0.002778099849820137 -0.19174256920814514 -0.07192634791135788 0.9788022041320801
40.70000076293945 0.40956589579582214 -0.1310613602399826 0.3547001779079437 -0.0029771465342491865 -0.18974876403808594 -0.07126481086015701 0.9792384505271912
40.733333587646484 0.4083530306816101 -0.13251551985740662 0.35872799158096313 -0.003299394389614463 -0.1901623159646988 -0.07136622071266174 0.9791497588157654
40.766666412353516 0.40826961398124695 -0.13458633422851562 0.36402302980422974 -0.003045011078938842 -0.19200536608695984 -0.07158064842224121 0.9787752032279968
40.79999923706055 0.4070298969745636 -0.13557516038417816 0.3655276894569397 -0.0031096022576093674 -0.19225911796092987 -0.07181555032730103 0.9787079691886902
40.83333206176758 0.40397408604621887 -0.13662511110305786 0.3695838153362274 -0.003196998033672571 -0.1924954503774643 -0.07230217754840851 0.9786254167556763
40.86666488647461 0.4046160578727722 -0.13659273087978363 0.3692316710948944 -0.0027701042126864195 -0.1925610601902008 -0.07201866060495377 0.978634774684906
40.900001525878906 0.4037065804004669 -0.13831910490989685 0.37278395891189575 -0.003227147739380598 -0.1910514086484909 -0.07122747600078583 0.9789870977401733
40.93333435058594 0.3999502956867218 -0.13835418224334717 0.3751497268676758 -0.0037179940845817327 -0.1885472983121872 -0.0710112601518631 0.979486346244812
40.96666717529297 0.40073347091674805 -0.13859747350215912 0.37694334983825684 -0.003537187585607171 -0.18794573843479156 -0.07057414948940277 0.9796342253684998
41.0 0.3997364640235901 -0.13920433819293976 0.37759658694267273 -0.003745660185813904 -0.1875125765800476 -0.07030949741601944 0.9797354936599731
41.03333282470703 0.39999863505363464 -0.13894660770893097 0.3782905042171478 -0.002932139439508319 -0.1880340576171875 -0.07003270089626312 0.9796581268310547
41.06666564941406 0.39947259426116943 -0.1390034407377243 0.3770304322242737 -0.0013992575695738196 -0.18784001469612122 -0.07002737373113632 0.9796991348266602
41.099998474121094 0.4022054672241211 -0.1394251435995102 0.37551185488700867 -0.0010824281489476562 -0.18898500502109528 -0.07126720249652863 0.9793899059295654
41.13333511352539 0.3980425000190735 -0.1384672224521637 0.37411612272262573 -0.0016208224697038531 -0.1860649138689041 -0.07000119239091873 0.9800393581390381
41.16666793823242 0.3988617956638336 -0.1386033594608307 0.3761160671710968 -0.0015886577311903238 -0.18753425776958466 -0.06985006481409073 0.9797700047492981
41.20000076293945 0.39976710081100464 -0.13927555084228516 0.3770259916782379 -0.0015764514682814479 -0.18825127184391022 -0.07070610672235489 0.9795711636543274
41.233333587646484 0.39723241329193115 -0.13822421431541443 0.374430388212204 -0.0009329947060905397 -0.18620139360427856 -0.07031413167715073 0.9799919128417969
41.266666412353516 0.39908820390701294 -0.13814951479434967 0.37378203868865967 -0.001519218785688281 -0.18686023354530334 -0.0698503702878952 0.9798989295959473
41.29999923706055 0.40061384439468384 -0.13940340280532837 0.37564003467559814 -0.001724698580801487 -0.18977239727973938 -0.0711861327290535 0.9792425632476807
41.33333206176758 0.39919134974479675 -0.13889887928962708 0.3754991590976715 -0.0009260545484721661 -0.1948375552892685 -0.07300848513841629 0.978114128112793
41.36666488647461 0.3975163698196411 -0.13764148950576782 0.37304437160491943 -0.0014494246570393443 -0.2001965492963791 -0.07474739849567413 0.976899266242981
41.400001525878906 0.3998396694660187 -0.13909992575645447 0.37461426854133606 -0.002150785643607378 -0.21233326196670532 -0.0791863426566124 0.9739813208580017
41.43333435058594 0.3969478905200958 -0.13646863400936127 0.3697488307952881 -0.0012987748486921191 -0.22070887684822083 -0.08235708624124527 0.9718555808067322
41.46666717529297 0.3961580693721771 -0.13813309371471405 0.3726238012313843 -0.0015675383619964123 -0.2312237173318863 -0.08625959604978561 0.9690678715705872
41.5 0.395717978477478 -0.13650812208652496 0.36970895528793335 -0.0010439916513860226 -0.23919057846069336 -0.08939535915851593 0.9668480753898621
41.53333282470703 0.3941420912742615 -0.13643985986709595 0.3698990046977997 -0.0011827296111732721 -0.24583129584789276 -0.09142209589481354 0.9649909734725952
41.56666564941406 0.3925364017486572 -0.13598445057868958 0.3691524267196655 -0.0014000226510688663 -0.25305184721946716 -0.09400384873151779 0.9628738760948181
41.599998474121094 0.3935874104499817 -0.13537698984146118 0.3676886260509491 -0.0012243514647707343 -0.2632841169834137 -0.09781355410814285 0.9597461223602295
41.63333511352539 0.39351797103881836 -0.13614904880523682 0.36615920066833496 -0.0018914664397016168 -0.2743932008743286 -0.1021883562207222 0.9561706781387329
41.66666793823242 0.39174938201904297 -0.13572907447814941 0.36662721633911133 -0.0018475501565262675 -0.2859894931316376 -0.10652246326208115 0.9522917866706848
41.70000076293945 0.3916335105895996 -0.13574691116809845 0.36646875739097595 -0.0018276248592883348 -0.2981659471988678 -0.11093165725469589 0.9480442404747009
41.733333587646484 0.3896169066429138 -0.13410966098308563 0.36437398195266724 -0.0018463596934452653 -0.30982744693756104 -0.11485759913921356 0.9438279867172241
41.766666412353516 0.39097121357917786 -0.1340860277414322 0.36318594217300415 -0.002043415093794465 -0.3215031921863556 -0.1190827488899231 0.9393885731697083
41.79999923706055 0.3904808461666107 -0.133775532245636 0.36283615231513977 -0.002113866154104471 -0.3315376043319702 -0.12288667261600494 0.9354022145271301
41.83333206176758 0.3879746198654175 -0.1328219175338745 0.3614722192287445 -0.0019360908772796392 -0.33898794651031494 -0.12511080503463745 0.9324326515197754
41.86666488647461 0.3893849551677704 -0.13334479928016663 0.3601093292236328 -0.001972716301679611 -0.34736648201942444 -0.12881211936473846 0.9288380742073059
41.900001525878906 0.3888482451438904 -0.13215821981430054 0.3599124550819397 -0.0018712235614657402 -0.35435882210731506 -0.13086263835430145 0.9259056448936462
41.93333435058594 0.3881652355194092 -0.13236753642559052 0.358285129070282 -0.001896172878332436 -0.35944560170173645 -0.13264407217502594 0.9236886501312256
41.96666717529297 0.3876037299633026 -0.1320340484380722 0.35904544591903687 -0.001955533167347312 -0.36430612206459045 -0.13439807295799255 0.9215282797813416
42.0 0.38796108961105347 -0.13121014833450317 0.3571394681930542 -0.0019966086838394403 -0.37100303173065186 -0.13698285818099976 0.9184707999229431
42.03333282470703 0.38839736580848694 -0.13154803216457367 0.35660699009895325 -0.002266888739541173 -0.3809620141983032 -0.1405467987060547 0.9138432145118713
42.06666564941406 0.3878317177295685 -0.12976056337356567 0.35580891370773315 -0.0016797889256849885 -0.38716521859169006 -0.14241881668567657 0.9109430313110352
42.099998474121094 0.3885307013988495 -0.13015766441822052 0.35537365078926086 -0.002135110553354025 -0.39185747504234314 -0.1439020335674286 0.9086998701095581
42.13333511352539 0.3883526921272278 -0.13007178902626038 0.3546108603477478 -0.002075753640383482 -0.39435869455337524 -0.14491379261016846 0.9074563384056091
42.16666793823242 0.38836175203323364 -0.13005408644676208 0.3545335531234741 -0.002087838016450405 -0.3944244682788849 -0.14502322673797607 0.9074102640151978
42.20000076293945 0.38806477189064026 -0.13001598417758942 0.35380491614341736 -0.002114220056682825 -0.39413484930992126 -0.1451207995414734 0.9075204133987427
42.233333587646484 0.3878733813762665 -0.1301605999469757 0.3533509373664856 -0.002151956781744957 -0.3940478563308716 -0.14503856003284454 0.9075711965560913
42.266666412353516 0.3882412612438202 -0.13001307845115662 0.35414594411849976 -0.0021731911692768335 -0.3942102789878845 -0.14504443109035492 0.9074997305870056
42.29999923706055 0.38828426599502563 -0.13001716136932373 0.3544214367866516 -0.0020621484145522118 -0.39427539706230164 -0.1451016515493393 0.9074625372886658
42.33333206176758 0.38804811239242554 -0.1299620419740677 0.35417789220809937 -0.002073704032227397 -0.39416882395744324 -0.14508619904518127 0.9075111746788025
42.36666488647461 0.3881603479385376 -0.1299622505903244 0.3542053699493408 -0.002098700264468789 -0.3941812813282013 -0.1450771540403366 0.9075072407722473
42.400001525878906 0.3880481421947479 -0.13031615316867828 0.3540474474430084 -0.002094708615913987 -0.3942469656467438 -0.14505046606063843 0.907482922077179
42.43333435058594 0.38790363073349 -0.12976060807704926 0.35379230976104736 -0.0020640757866203785 -0.3940180242061615 -0.14519549906253815 0.9075592160224915
42.46666717529297 0.38772985339164734 -0.13008935749530792 0.3535284399986267 -0.0019165384583175182 -0.3940112292766571 -0.1453799605369568 0.9075330495834351
42.5 0.38821107149124146 -0.1299896240234375 0.3544384241104126 -0.0020821772050112486 -0.3942164182662964 -0.1450818032026291 0.9074913263320923
42.53333282470703 0.3884352147579193 -0.12973913550376892 0.35493212938308716 -0.0023964012507349253 -0.39406123757362366 -0.14501455426216125 0.907568633556366
42.56666564941406 0.38818034529685974 -0.129599466919899 0.3556169271469116 -0.0017583132721483707 -0.3906836211681366 -0.14400231838226318 0.9091901183128357
42.599998474121094 0.3871893286705017 -0.12889932096004486 0.35508981347084045 -0.00042030864278785884 -0.3888123035430908 -0.14415162801742554 0.9099698662757874
42.63333511352539 0.38670456409454346 -0.12993384897708893 0.3554789423942566 -0.002171734580770135 -0.3883044123649597 -0.14411228895187378 0.9101904630661011
42.66666793823242 0.387090265750885 -0.12932534515857697 0.3554987907409668 -0.001649982645176351 -0.38838282227516174 -0.14258675277233124 0.9103983640670776
42.70000076293945 0.38713857531547546 -0.12950855493545532 0.3550080955028534 -0.0011669889790937304 -0.3883790373802185 -0.1433306187391281 0.9102838635444641
42.733333587646484 0.3866945505142212 -0.12996609508991241 0.3549729883670807 -0.0019574500620365143 -0.38814452290534973 -0.14411595463752747 0.9102585911750793
42.766666412353516 0.38693946599960327 -0.12922582030296326 0.35568323731422424 -0.001595169771462679 -0.38842883706092834 -0.1426602602005005 0.9103672504425049
42.79999923706055 0.38705530762672424 -0.12977109849452972 0.35486313700675964 -0.001302307122386992 -0.3882753849029541 -0.14326176047325134 0.910338819026947
42.83333206176758 0.38651221990585327 -0.12970128655433655 0.35480862855911255 -0.0018207549583166838 -0.38802844285964966 -0.14390875399112701 0.9103410840034485
42.86666488647461 0.38716259598731995 -0.12951600551605225 0.35524314641952515 -0.0017205923795700073 -0.3883343040943146 -0.1428513377904892 0.9103774428367615
42.900001525878906 0.3870089650154114 -0.1298319399356842 0.3546646237373352 -0.0013717262772843242 -0.38819071650505066 -0.14321529865264893 0.910382091999054
42.93333435058594 0.38675063848495483 -0.1298997402191162 0.35482296347618103 -0.0019143902463838458 -0.3880904018878937 -0.14371506869792938 0.9103451371192932
42.96666717529297 0.3870992362499237 -0.12957049906253815 0.3548705577850342 -0.0016817970899865031 -0.3881910443305969 -0.14317889511585236 0.9103871583938599
43.0 0.3870890140533447 -0.12999039888381958 0.35494494438171387 -0.001579822856001556 -0.3882668614387512 -0.14309850335121155 0.9103676676750183
43.03333282470703 0.3870059549808502 -0.12968818843364716 0.35501939058303833 -0.0017826013499870896 -0.3882124125957489 -0.1434151530265808 0.9103406667709351
43.06666564941406 0.387086421251297 -0.12962806224822998 0.35519567131996155 -0.0016157194040715694 -0.38833534717559814 -0.14309610426425934 0.9103387594223022
43.099998474121094 0.3871851861476898 -0.12973599135875702 0.35518118739128113 -0.001612036139704287 -0.3883330523967743 -0.1429033875465393 0.9103700518608093
43.13333511352539 0.38710570335388184 -0.1294909119606018 0.35507017374038696 -0.0016985408728942275 -0.3882491886615753 -0.1430082470178604 0.9103891253471375
43.16666793823242 0.38701194524765015 -0.1295023262500763 0.3552146852016449 -0.0015523602487519383 -0.38832634687423706 -0.14299657940864563 0.9103582501411438
43.20000076293945 0.3871411681175232 -0.12949293851852417 0.3552398979663849 -0.0015966693172231317 -0.3883458971977234 -0.1428634226322174 0.9103708267211914
43.233333587646484 0.387109637260437 -0.12945495545864105 0.35524407029151917 -0.0016387541545554996 -0.38831043243408203 -0.14302033185958862 0.9103612303733826
43.266666412353516 0.38708773255348206 -0.12959297001361847 0.3552244305610657 -0.001578653696924448 -0.3883441984653473 -0.14304152131080627 0.9103435277938843
43.29999923706055 0.38721057772636414 -0.1295997053384781 0.3550148010253906 -0.001657242071814835 -0.3882632851600647 -0.14290623366832733 0.9103991389274597
43.33333206176758 0.3869226276874542 -0.12935613095760345 0.3552578091621399 -0.001589112333022058 -0.3883107304573059 -0.1429080069065094 0.9103787541389465
43.36666488647461 0.3870212733745575 -0.1294092833995819 0.35531777143478394 -0.001504821004346013 -0.3883818984031677 -0.14298933744430542 0.9103357791900635
43.400001525878906 0.3871523141860962 -0.12941379845142365 0.35533812642097473 -0.0016386311035603285 -0.38836348056793213 -0.1428336352109909 0.9103679656982422
43.43333435058594 0.3870793879032135 -0.12957949936389923 0.35529670119285583 -0.0015932915266603231 -0.3883572816848755 -0.1430450975894928 0.9103373885154724
43.46666717529297 0.3870540261268616 -0.1295127272605896 0.35530751943588257 -0.0015983382472768426 -0.38833266496658325 -0.14291034638881683 0.9103690385818481
43.5 0.3869781494140625 -0.1293882578611374 0.3552563786506653 -0.001616571913473308 -0.3882853090763092 -0.14280958473682404 0.9104050397872925
43.53333282470703 0.38699615001678467 -0.1294410079717636 0.3552524447441101 -0.001581946387887001 -0.38831156492233276 -0.14290979504585266 0.9103782176971436
43.56666564941406 0.3872421681880951 -0.12957213819026947 0.3553783595561981 -0.0016354077961295843 -0.3884240686893463 -0.14295145869255066 0.9103236198425293
43.599998474121094 0.38706839084625244 -0.12948492169380188 0.3552636206150055 -0.001641312730498612 -0.3883197009563446 -0.14281049370765686 0.9103902578353882
43.63333511352539 0.3871839642524719 -0.12963658571243286 0.3551742136478424 -0.001601234544068575 -0.38834840059280396 -0.14307352900505066 0.9103367328643799
43.66666793823242 0.3870512843132019 -0.12939809262752533 0.3554019033908844 -0.0015955448616296053 -0.38836944103240967 -0.14282627403736115 0.9103666543960571
43.70000076293945 0.38715434074401855 -0.12950198352336884 0.35532981157302856 -0.0016246131854131818 -0.3883669972419739 -0.14290551841259003 0.9103552103042603
43.733333587646484 0.38730326294898987 -0.12955066561698914 0.355365127325058 -0.0015875122044235468 -0.3885061740875244 -0.14303404092788696 0.9102756381034851
43.766666412353516 0.3871704041957855 -0.12950630486011505 0.35535958409309387 -0.0016149785369634628 -0.38838914036750793 -0.14287957549095154 0.9103497862815857
43.79999923706055 0.3871995210647583 -0.12963075935840607 0.35506147146224976 -0.001625026110559702 -0.38828426599502563 -0.1429697871208191 0.9103803634643555
43.83333206176758 0.38710927963256836 -0.1295115202665329 0.35531532764434814 -0.0015836548991501331 -0.38839393854141235 -0.1429428607225418 0.9103378653526306
43.86666488647461 0.38706180453300476 -0.12949222326278687 0.3553755283355713 -0.001616672263480723 -0.38837531208992004 -0.14293809235095978 0.9103465676307678
43.900001525878906 0.38703811168670654 -0.12951944768428802 0.3553682863712311 -0.0015832155477255583 -0.3883596956729889 -0.14296387135982513 0.9103491306304932
43.93333435058594 0.3871830403804779 -0.12956029176712036 0.35520726442337036 -0.0016179255908355117 -0.3883388638496399 -0.1430511623620987 0.9103443026542664
43.96666717529297 0.38707441091537476 -0.12951868772506714 0.3551526665687561 -0.0015947961946949363 -0.38827282190322876 -0.14293161034584045 0.9103912115097046
44.0 0.38702818751335144 -0.12954086065292358 0.3554611802101135 -0.0015963789774104953 -0.3883962035179138 -0.14298470318317413 0.9103303551673889
44.03333282470703 0.38704732060432434 -0.1294606477022171 0.3554380238056183 -0.0016129618743434548 -0.3883933126926422 -0.14290714263916016 0.9103437066078186
44.06666564941406 0.3871161639690399 -0.12945033609867096 0.3553787171840668 -0.0015675248578190804 -0.38839420676231384 -0.14292919635772705 0.9103399515151978
44.099998474121094 0.3870469927787781 -0.12949009239673615 0.35542061924934387 -0.0016149046132341027 -0.3883778154850006 -0.14285829663276672 0.9103580117225647
44.13333511352539 0.38715678453445435 -0.12956024706363678 0.3551698625087738 -0.00162918318528682 -0.3883029818534851 -0.14301219582557678 0.910365641117096
44.16666793823242 0.38737601041793823 -0.12968161702156067 0.3552502393722534 -0.001682486617937684 -0.3884463608264923 -0.14297395944595337 0.9103103876113892
44.20000076293945 0.38703396916389465 -0.1294325590133667 0.3552371859550476 -0.0016052634455263615 -0.38829463720321655 -0.14292947947978973 0.9103822708129883
44.233333587646484 0.38716644048690796 -0.12954482436180115 0.35530948638916016 -0.0016222617123275995 -0.38837650418281555 -0.1430828869342804 0.9103232026100159
44.266666412353516 0.38716402649879456 -0.1295343041419983 0.35529282689094543 -0.0016215224750339985 -0.388362318277359 -0.14292562007904053 0.91035395860672
44.29999923706055 0.3871224820613861 -0.12954172492027283 0.35524988174438477 -0.0016048344550654292 -0.38832056522369385 -0.1430204212665558 0.9103569984436035
44.33333206176758 0.387142539024353 -0.12960422039031982 0.35512569546699524 -0.0016137759666889906 -0.38829073309898376 -0.14299890398979187 0.9103729724884033
44.36666488647461 0.38710588216781616 -0.12948933243751526 0.3552212119102478 -0.0016329912468791008 -0.38832011818885803 -0.14284436404705048 0.9103846549987793
44.400001525878906 0.38713720440864563 -0.1295921355485916 0.35519346594810486 -0.0016471080016344786 -0.38833385705947876 -0.14307785034179688 0.9103420972824097
44.43333435058594 0.3869989514350891 -0.1295052021741867 0.35531195998191833 -0.0015868345508351922 -0.38831761479377747 -0.1429368555545807 0.9103713035583496
44.46666717529297 0.3870187997817993 -0.12949393689632416 0.35540151596069336 -0.001617990667000413 -0.3883715569972992 -0.14287754893302917 0.9103575944900513
44.5 0.3871498703956604 -0.1295442283153534 0.35512253642082214 -0.0015816647792235017 -0.388290137052536 -0.14311710000038147 0.9103547930717468
44.53333282470703 0.3870336711406708 -0.129499614238739 0.35519689321517944 -0.0015980286989361048 -0.3882913887500763 -0.14298076927661896 0.9103755950927734
44.56666564941406 0.38719725608825684 -0.12956401705741882 0.35515546798706055 -0.0016295016976073384 -0.3883129060268402 -0.14304125308990479 0.9103569388389587
44.599998474121094 0.387217253446579 -0.12948590517044067 0.3551916182041168 -0.0015621063066646457 -0.3883487582206726 -0.14301256835460663 0.9103461503982544
44.63333511352539 0.387096643447876 -0.1294468641281128 0.35531529784202576 -0.0016090890858322382 -0.38832828402519226 -0.14283132553100586 0.9103832840919495
44.66666793823242 0.3871135413646698 -0.12948469817638397 0.3552643358707428 -0.0016076096799224615 -0.38833266496658325 -0.142966628074646 0.9103602766990662
44.70000076293945 0.38718611001968384 -0.12956762313842773 0.355299174785614 -0.001626533456146717 -0.3883901536464691 -0.14289754629135132 0.9103464484214783
44.733333587646484 0.38710224628448486 -0.1295495480298996 0.3551314175128937 -0.0016445036744698882 -0.3882819712162018 -0.14298409223556519 0.9103789925575256
44.766666412353516 0.3871306777000427 -0.12946926057338715 0.35524889826774597 -0.0015903679886832833 -0.38836297392845154 -0.14291596412658691 0.9103552103042603
44.79999923706055 0.3872208297252655 -0.1295151263475418 0.3552435338497162 -0.0015708672581240535 -0.3883877396583557 -0.14304329454898834 0.9103246927261353
44.83333206176758 0.3872186839580536 -0.1295706331729889 0.35522836446762085 -0.0016474928706884384 -0.38837388157844543 -0.14300277829170227 0.9103369116783142
44.86666488647461 0.3871247470378876 -0.12945951521396637 0.3552934527397156 -0.0015784448478370905 -0.38835272192955017 -0.14286047220230103 0.9103683233261108
44.900001525878906 0.3871355950832367 -0.12947198748588562 0.3554406464099884 -0.0015593437710776925 -0.3884488344192505 -0.14295904338359833 0.9103119969367981
44.93333435058594 0.3869686722755432 -0.12935969233512878 0.35548385977745056 -0.0015463174786418676 -0.3883686363697052 -0.14295846223831177 0.910346269607544
44.96666717529297 0.3871104121208191 -0.1295299232006073 0.3553524315357208 -0.0016270165797322989 -0.388362318277359 -0.14297232031822205 0.9103465676307678
45.0 0.38725003600120544 -0.12967367470264435 0.3554098904132843 -0.0016825495986267924 -0.388477623462677 -0.14293435215950012 0.9103032946586609
45.03333282470703 0.38717707991600037 -0.1295449584722519 0.35519683361053467 -0.001587491831742227 -0.3883392810821533 -0.1429162323474884 0.9103654026985168
45.06666564941406 0.3871239423751831 -0.12953579425811768 0.35523372888565063 -0.00161471136379987 -0.38832032680511475 -0.1429554969072342 0.9103671908378601
45.099998474121094 0.3871230483055115 -0.12944526970386505 0.3553304076194763 -0.0015952211106196046 -0.38836371898651123 -0.1429349035024643 0.9103519320487976
45.13333511352539 0.387214720249176 -0.1295691281557083 0.3553825914859772 -0.0016263893339782953 -0.3884381651878357 -0.14298003911972046 0.9103131294250488
45.16666793823242 0.38713911175727844 -0.12955303490161896 0.35524919629096985 -0.0016122767701745033 -0.3883427083492279 -0.1429721564054489 0.9103550910949707
45.20000076293945 0.38729992508888245 -0.12953943014144897 0.35528242588043213 -0.0015827807364985347 -0.3884286880493164 -0.14301030337810516 0.9103124141693115
45.233333587646484 0.3870227634906769 -0.12935607135295868 0.3552614152431488 -0.0015512151876464486 -0.3883134424686432 -0.14284496009349823 0.9103876948356628
45.266666412353516 0.38715168833732605 -0.12948589026927948 0.3554649353027344 -0.0016016247682273388 -0.38843145966529846 -0.14281925559043884 0.9103412628173828
45.29999923706055 0.38703444600105286 -0.12938304245471954 0.35538893938064575 -0.0015284196706488729 -0.38838091492652893 -0.14296424388885498 0.9103401303291321
45.33333206176758 0.3870968222618103 -0.1294810026884079 0.35530149936676025 -0.0016083307564258575 -0.38834789395332336 -0.14294156432151794 0.910357654094696
45.36666488647461 0.38723352551460266 -0.12958768010139465 0.35522225499153137 -0.0016374393599107862 -0.3883500099182129 -0.14298281073570251 0.9103502631187439
45.400001525878906 0.387044221162796 -0.12945643067359924 0.3551845848560333 -0.0015674381284043193 -0.38829249143600464 -0.14305567741394043 0.9103633761405945
45.43333435058594 0.38694146275520325 -0.12941154837608337 0.35518985986709595 -0.0015767450677230954 -0.38827162981033325 -0.1429256796836853 0.910392701625824
45.46666717529297 0.38701316714286804 -0.12945449352264404 0.3552784025669098 -0.001609065686352551 -0.38830310106277466 -0.1428506076335907 0.9103909730911255
45.5 0.38711535930633545 -0.1295916885137558 0.35506415367126465 -0.0016380979213863611 -0.388268381357193 -0.14299486577510834 0.9103831052780151
45.53333282470703 0.3872925639152527 -0.12955865263938904 0.3552038073539734 -0.001624390366487205 -0.3883734941482544 -0.14290694892406464 0.9103521704673767
45.56666564941406 0.3870497941970825 -0.1294013112783432 0.3555530905723572 -0.001580917160026729 -0.38843250274658203 -0.14286740124225616 0.9103332757949829
45.599998474121094 0.38707730174064636 -0.12938733398914337 0.35536056756973267 -0.0015418821712955832 -0.3883731961250305 -0.1429099440574646 0.9103519916534424
45.63333511352539 0.3871246576309204 -0.12948031723499298 0.3554418385028839 -0.0015379987889900804 -0.3884330689907074 -0.14302174746990204 0.9103087782859802
45.66666793823242 0.38703933358192444 -0.1294454038143158 0.3555026650428772 -0.001573440502397716 -0.38841161131858826 -0.14289526641368866 0.9103377461433411
45.70000076293945 0.3871259391307831 -0.12942828238010406 0.355446457862854 -0.0015627221437171102 -0.38843834400177 -0.14291484653949738 0.9103233218193054
45.733333587646484 0.38716238737106323 -0.1295223832130432 0.355395644903183 -0.0016233597416430712 -0.3884236216545105 -0.14296571910381317 0.9103215932846069
45.766666412353516 0.38700005412101746 -0.1293894499540329 0.3554503917694092 -0.0015762950060889125 -0.38838696479797363 -0.14282332360744476 0.9103595614433289
45.79999923706055 0.387212336063385 -0.12958329916000366 0.35514193773269653 -0.001604388002306223 -0.38834258913993835 -0.14302939176559448 0.9103461503982544
45.83333206176758 0.38695016503334045 -0.12927764654159546 0.3554743230342865 -0.001517944154329598 -0.38838011026382446 -0.1428985595703125 0.9103508591651917
45.86666488647461 0.3871026635169983 -0.12946251034736633 0.35542693734169006 -0.0015758824301883578 -0.3884061276912689 -0.14286254346370697 0.9103452563285828
45.900001525878906 0.38724035024642944 -0.12957127392292023 0.35525524616241455 -0.0016305689932778478 -0.38839492201805115 -0.14294753968715668 0.9103366732597351
45.93333435058594 0.3871639370918274 -0.12951408326625824 0.35524237155914307 -0.0016225670697167516 -0.3883369266986847 -0.14295688271522522 0.9103598594665527
45.96666717529297 0.3871586322784424 -0.12956178188323975 0.3550908863544464 -0.0016164788976311684 -0.38829219341278076 -0.14294050633907318 0.910381555557251
46.0 0.38698717951774597 -0.12936082482337952 0.35538315773010254 -0.0015534124104306102 -0.38835033774375916 -0.14283721148967743 0.9103730320930481
46.03333282470703 0.38721251487731934 -0.12955042719841003 0.3554108440876007 -0.0015970609383657575 -0.3884351849555969 -0.14295071363449097 0.9103189706802368
46.06666564941406 0.3870922029018402 -0.12948083877563477 0.3552020788192749 -0.0016070660203695297 -0.38830453157424927 -0.1429150402545929 0.9103803634643555
46.099998474121094 0.38700979948043823 -0.12943939864635468 0.35541802644729614 -0.0015877499245107174 -0.38837671279907227 -0.14290429651737213 0.9103512763977051
46.13333511352539 0.3872007429599762 -0.1295052021741867 0.3553237020969391 -0.0016107066767290235 -0.38839229941368103 -0.14292040467262268 0.9103419780731201
46.16666793823242 0.38702717423439026 -0.12947101891040802 0.35541996359825134 -0.0015746160643175244 -0.3883872330188751 -0.1429731696844101 0.9103360176086426
46.20000076293945 0.3870512545108795 -0.12948760390281677 0.35520845651626587 -0.001586944330483675 -0.38829097151756287 -0.14290601015090942 0.9103875756263733
46.233333587646484 0.3871285617351532 -0.12948372960090637 0.35528627038002014 -0.0016057457542046905 -0.38834095001220703 -0.14292281866073608 0.910363495349884
46.266666412353516 0.38703683018684387 -0.12950824201107025 0.3552299439907074 -0.0016025836812332273 -0.3883174657821655 -0.14289537072181702 0.9103779792785645
46.29999923706055 0.38701024651527405 -0.12945114076137543 0.3552500903606415 -0.001537294709123671 -0.38831278681755066 -0.14307530224323273 0.9103518128395081
46.33333206176758 0.38706061244010925 -0.129462331533432 0.35517874360084534 -0.001598359434865415 -0.38830041885375977 -0.14294111728668213 0.9103779792785645
46.36666488647461 0.38710159063339233 -0.12948870658874512 0.35526540875434875 -0.0015801723347976804 -0.38832229375839233 -0.14297394454479218 0.9103635549545288
46.400001525878906 0.38715916872024536 -0.12949679791927338 0.35525742173194885 -0.0015923699829727411 -0.38832834362983704 -0.14297157526016235 0.9103613495826721
46.43333435058594 0.3871228098869324 -0.12947885692119598 0.35551121830940247 -0.001575278933160007 -0.3884292542934418 -0.14299996197223663 0.9103137850761414
46.46666717529297 0.38712552189826965 -0.12950919568538666 0.3552541434764862 -0.0015751393511891365 -0.38835954666137695 -0.1430322825908661 0.9103385210037231
46.5 0.38717153668403625 -0.1294914036989212 0.35521602630615234 -0.0015924475155770779 -0.3883276879787445 -0.1429169625043869 0.9103701114654541
46.53333282470703 0.3871705234050751 -0.12955191731452942 0.35530799627304077 -0.0016153062460944057 -0.38836443424224854 -0.14291995763778687 0.9103540182113647
46.56666564941406 0.38711631298065186 -0.1295294314622879 0.35537880659103394 -0.0015811148332431912 -0.38839006423950195 -0.1429683119058609 0.9103354811668396
46.599998474121094 0.38712841272354126 -0.12955719232559204 0.3551577925682068 -0.0016021610936149955 -0.38830840587615967 -0.14298205077648163 0.9103682041168213
46.63333511352539 0.38722336292266846 -0.12953263521194458 0.3552558720111847 -0.0016419324092566967 -0.38838231563568115 -0.14295655488967896 0.9103406071662903
46.66666793823242 0.3869812786579132 -0.12938418984413147 0.3554847240447998 -0.0015649356646463275 -0.3883819282054901 -0.14285551011562347 0.9103567600250244
46.70000076293945 0.3872237801551819 -0.1295872926712036 0.3551975190639496 -0.0016057525062933564 -0.38834497332572937 -0.14302615821361542 0.9103455543518066
46.733333587646484 0.387285053730011 -0.1296413391828537 0.3552638590335846 -0.0016494361916556954 -0.38839608430862427 -0.14296762645244598 0.9103329181671143
46.766666412353516 0.3871026337146759 -0.12950699031352997 0.3552425503730774 -0.001609506318345666 -0.3883192241191864 -0.14298073947429657 0.9103636741638184
46.79999923706055 0.3873295485973358 -0.12967434525489807 0.3553203046321869 -0.0016714290250092745 -0.38846033811569214 -0.14293313026428223 0.9103109240531921
46.83333206176758 0.3870920240879059 -0.12959137558937073 0.3551046550273895 -0.0016333983512595296 -0.3882945775985718 -0.14309252798557281 0.9103567004203796
46.86666488647461 0.3870921730995178 -0.1294526755809784 0.35535284876823425 -0.0015719946241006255 -0.3883635997772217 -0.14287571609020233 0.9103614091873169
46.900001525878906 0.38714155554771423 -0.12954381108283997 0.3550049066543579 -0.0015765138668939471 -0.3882652819156647 -0.14301136136054993 0.9103820323944092
46.93333435058594 0.3871273994445801 -0.12954092025756836 0.3550574481487274 -0.001638519810512662 -0.38827189803123474 -0.14297379553318024 0.910385012626648
46.96666717529297 0.3871380388736725 -0.12947367131710052 0.35543182492256165 -0.0015804580179974437 -0.38841861486434937 -0.14288516342639923 0.910336434841156
47.0 0.3871925473213196 -0.12957455217838287 0.3551892936229706 -0.0016381597379222512 -0.38833844661712646 -0.14295974373817444 0.9103587865829468
47.03333282470703 0.3871038854122162 -0.1294778436422348 0.35543450713157654 -0.0015692325541749597 -0.38840991258621216 -0.14292488992214203 0.9103339314460754
47.06666564941406 0.38718611001968384 -0.12949815392494202 0.35543960332870483 -0.0015730586601421237 -0.388426810503006 -0.14287884533405304 0.9103338718414307
47.099998474121094 0.3870527744293213 -0.12944458425045013 0.3554099202156067 -0.0015914354007691145 -0.38838517665863037 -0.14288270473480225 0.9103509783744812
47.13333511352539 0.3871053457260132 -0.12956543266773224 0.35535144805908203 -0.0015679505886510015 -0.388395756483078 -0.14307402074337006 0.910316526889801
47.16666793823242 0.38697898387908936 -0.1294129639863968 0.35546013712882996 -0.0015673540765419602 -0.38838425278663635 -0.14293105900287628 0.9103438258171082
47.20000076293945 0.3870258629322052 -0.12941211462020874 0.3552784025669098 -0.0015609909314662218 -0.38830387592315674 -0.1429527848958969 0.9103747010231018
47.233333587646484 0.3871079683303833 -0.1295270472764969 0.3553105294704437 -0.0016400879248976707 -0.3883587419986725 -0.14287981390953064 0.9103626608848572
47.266666412353516 0.3870158791542053 -0.1294425129890442 0.3553425371646881 -0.001601032679900527 -0.3883228003978729 -0.14283964037895203 0.9103844165802002
47.29999923706055 0.3871138393878937 -0.1295354962348938 0.35508713126182556 -0.0016159729566425085 -0.3882772624492645 -0.14308515191078186 0.9103651642799377
47.33333206176758 0.3872113823890686 -0.12964943051338196 0.35524749755859375 -0.001654583727940917 -0.3883691430091858 -0.1429993212223053 0.9103394746780396
47.36666488647461 0.3868442177772522 -0.12935520708560944 0.35559672117233276 -0.0015106825157999992 -0.3884117305278778 -0.14292992651462555 0.910332441329956
47.400001525878906 0.3869650661945343 -0.12937824428081512 0.3555832803249359 -0.0015433089574798942 -0.38841718435287476 -0.14286012947559357 0.9103410243988037
47.43333435058594 0.3872266709804535 -0.1296892613172531 0.3553043603897095 -0.001649557612836361 -0.38842833042144775 -0.14308510720729828 0.9103007316589355
47.46666717529297 0.3871482014656067 -0.12946981191635132 0.35528719425201416 -0.0015741405077278614 -0.3883710503578186 -0.14302903413772583 0.9103341102600098
47.5 0.3872305154800415 -0.12952174246311188 0.3552837669849396 -0.0015928760403767228 -0.3883673846721649 -0.14300556480884552 0.9103392958641052
47.53333282470703 0.3873012959957123 -0.129610076546669 0.35543709993362427 -0.001663960050791502 -0.3884807825088501 -0.14290751516819 0.9103061556816101
47.56666564941406 0.3872901499271393 -0.1296064704656601 0.35524246096611023 -0.0016558709321543574 -0.3883727192878723 -0.1429995447397232 0.9103379249572754
47.599998474121094 0.3870390057563782 -0.12944288551807404 0.3554706275463104 -0.0015881576109677553 -0.38838863372802734 -0.1428784728050232 0.9103502035140991
47.63333511352539 0.3870986998081207 -0.1295141577720642 0.35545581579208374 -0.0015902160666882992 -0.38841545581817627 -0.14299552142620087 0.9103204607963562
47.66666793823242 0.3870956003665924 -0.1294579952955246 0.3552360534667969 -0.0016013116110116243 -0.388303279876709 -0.14288295805454254 0.9103858470916748
47.70000076293945 0.387018084526062 -0.1294795423746109 0.35524123907089233 -0.0015452589141204953 -0.3883194625377655 -0.14292266964912415 0.9103729128837585
47.733333587646484 0.3873592019081116 -0.12962502241134644 0.35528016090393066 -0.0016157494392246008 -0.38844823837280273 -0.14307540655136108 0.9102938771247864
47.766666412353516 0.3871534466743469 -0.12956547737121582 0.3553117513656616 -0.0016244142316281796 -0.38837191462516785 -0.14293812215328217 0.9103479981422424
47.79999923706055 0.3871394693851471 -0.1294190138578415 0.3554486334323883 -0.001544939586892724 -0.38840675354003906 -0.1429705172777176 0.9103281497955322
47.83333206176758 0.3871930241584778 -0.12961231172084808 0.35505950450897217 -0.0016451232368126512 -0.38829347491264343 -0.14311771094799042 0.9103531241416931
47.86666488647461 0.3871394991874695 -0.1295013576745987 0.3553103804588318 -0.0015836055390536785 -0.3883761763572693 -0.1429828703403473 0.9103391170501709
47.900001525878906 0.3870748281478882 -0.12951718270778656 0.3552286624908447 -0.0016104720998555422 -0.3883201777935028 -0.1429542601108551 0.9103675484657288
47.93333435058594 0.38734006881713867 -0.12970782816410065 0.35523152351379395 -0.0017169646453112364 -0.38840797543525696 -0.14295674860477448 0.9103294014930725
47.96666717529297 0.38713300228118896 -0.1294858604669571 0.3553803861141205 -0.001593862660229206 -0.3883928656578064 -0.1429148018360138 0.9103427529335022
48.0 0.38696083426475525 -0.12935024499893188 0.3554711639881134 -0.0015692522283643484 -0.38836923241615295 -0.14283449947834015 0.9103654026985168
48.03333282470703 0.38705238699913025 -0.1294732391834259 0.3551751971244812 -0.00154689431656152 -0.3882741332054138 -0.14298789203166962 0.9103820323944092
48.06666564941406 0.3871137201786041 -0.12953224778175354 0.3552014231681824 -0.0016004183562472463 -0.38829922676086426 -0.1429993361234665 0.910369336605072
48.099998474121094 0.38711193203926086 -0.12955547869205475 0.3552704155445099 -0.001631462830118835 -0.3883472979068756 -0.14293381571769714 0.9103590250015259
48.13333511352539 0.3872234523296356 -0.12957124412059784 0.35516616702079773 -0.0016217223601415753 -0.3883274495601654 -0.14299724996089935 0.910357654094696
48.16666793823242 0.3869503140449524 -0.1293822079896927 0.3553173840045929 -0.0015622416976839304 -0.38830748200416565 -0.1428942084312439 0.9103823900222778
48.20000076293945 0.38706105947494507 -0.12939606606960297 0.3555639088153839 -0.001568309380672872 -0.38845589756965637 -0.1428503841161728 0.9103260040283203
48.233333587646484 0.387136310338974 -0.12955626845359802 0.3552035987377167 -0.001628926140256226 -0.3883182108402252 -0.14298875629901886 0.9103628993034363
48.266666412353516 0.3871384561061859 -0.12954586744308472 0.35510382056236267 -0.001654774765484035 -0.38828304409980774 -0.1428724080324173 0.9103960990905762
48.29999923706055 0.38712695240974426 -0.12948830425739288 0.35513022541999817 -0.0015891394577920437 -0.38829508423805237 -0.14297956228256226 0.9103743433952332
48.33333206176758 0.3869660198688507 -0.1294485330581665 0.3553367257118225 -0.001575390575453639 -0.38831228017807007 -0.14304766058921814 0.9103561639785767
48.36666488647461 0.38708415627479553 -0.12958131730556488 0.35522013902664185 -0.0016138318460434675 -0.38831818103790283 -0.1431661993265152 0.9103350639343262
48.400001525878906 0.38705354928970337 -0.12951335310935974 0.35538750886917114 -0.0015777352964505553 -0.38836225867271423 -0.14297814667224884 0.9103459119796753
48.43333435058594 0.3871554434299469 -0.1295919120311737 0.35531601309776306 -0.0016228352906182408 -0.3883744776248932 -0.14302675426006317 0.9103328585624695
48.46666717529297 0.387216180562973 -0.12955273687839508 0.3553753197193146 -0.001613444066606462 -0.388407826423645 -0.14291806519031525 0.9103357791900635
48.5 0.387053906917572 -0.12947019934654236 0.35535678267478943 -0.0015819472027942538 -0.3883526921272278 -0.14294391870498657 0.9103553295135498
48.53333282470703 0.3872210681438446 -0.12957802414894104 0.3552395701408386 -0.0016801359597593546 -0.38837599754333496 -0.14290179312229156 0.9103517532348633
48.56666564941406 0.3872745931148529 -0.12957900762557983 0.3551948368549347 -0.0016250619664788246 -0.38835781812667847 -0.14300329983234406 0.9103437066078186
48.599998474121094 0.3871307671070099 -0.1295417696237564 0.3551836907863617 -0.0016249309992417693 -0.38830506801605225 -0.14299385249614716 0.9103677272796631
48.63333511352539 0.3869999945163727 -0.12957124412059784 0.3553793132305145 -0.0015915805706754327 -0.38836780190467834 -0.14303337037563324 0.9103348255157471
48.66666793823242 0.38712435960769653 -0.12954123318195343 0.3552614748477936 -0.0015998895978555083 -0.38833194971084595 -0.1430048793554306 0.9103545546531677
48.70000076293945 0.38710451126098633 -0.1294836699962616 0.3551580309867859 -0.001607472775503993 -0.3882772922515869 -0.14292018115520477 0.910391092300415
48.733333587646484 0.3870978057384491 -0.12951095402240753 0.3552998900413513 -0.001615871791727841 -0.3883589506149292 -0.1429126262664795 0.9103575348854065
48.766666412353516 0.38713306188583374 -0.1294843852519989 0.355283260345459 -0.0015837547834962606 -0.388355553150177 -0.14297688007354736 0.9103489518165588
48.79999923706055 0.38721969723701477 -0.12968631088733673 0.35534167289733887 -0.0016562272794544697 -0.3883991539478302 -0.1429983526468277 0.9103268384933472
48.83333206176758 0.3871352970600128 -0.1295671910047531 0.3553403913974762 -0.001590788015164435 -0.38839250802993774 -0.14302252233028412 0.9103259444236755
48.86666488647461 0.3870552182197571 -0.12955273687839508 0.35538557171821594 -0.0016226518200710416 -0.3883720636367798 -0.14292247593402863 0.9103503823280334
48.900001525878906 0.38731858134269714 -0.12960821390151978 0.3555736243724823 -0.001613448839634657 -0.3885261118412018 -0.14299669861793518 0.9102728962898254
48.93333435058594 0.3871392607688904 -0.12939591705799103 0.3552797734737396 -0.0015145187499001622 -0.38835400342941284 -0.14300958812236786 0.9103445410728455
48.96666717529297 0.38711243867874146 -0.12953032553195953 0.3551636338233948 -0.0015788390301167965 -0.3883029520511627 -0.14299793541431427 0.910368025302887
49.0 0.38708728551864624 -0.12947717308998108 0.35528823733329773 -0.0016161893727257848 -0.38834264874458313 -0.14291703701019287 0.9103637933731079
49.03333282470703 0.3871820867061615 -0.12942302227020264 0.3553939759731293 -0.0015500816516578197 -0.3884170651435852 -0.14295576512813568 0.9103260040283203
49.06666564941406 0.38706254959106445 -0.12950684130191803 0.3553701639175415 -0.0015894059324637055 -0.3883639872074127 -0.14293955266475677 0.9103512167930603
49.099998474121094 0.38713380694389343 -0.12944482266902924 0.35528624057769775 -0.0015192049322649837 -0.38836076855659485 -0.14300017058849335 0.9103431105613708
49.13333511352539 0.3871859610080719 -0.12951937317848206 0.3551890254020691 -0.0016284602461382747 -0.38831228017807007 -0.14292077720165253 0.9103761315345764
49.16666793823242 0.38711482286453247 -0.1295008361339569 0.3553807735443115 -0.0016054840525612235 -0.3883912265300751 -0.14294172823429108 0.9103391170501709
49.20000076293945 0.38700541853904724 -0.12940627336502075 0.3555695116519928 -0.0015381562989205122 -0.3884342610836029 -0.14297419786453247 0.9103158116340637
49.233333587646484 0.3870276212692261 -0.12945139408111572 0.3554399907588959 -0.0015589406248182058 -0.3883894383907318 -0.1430254578590393 0.9103268980979919
49.266666412353516 0.38707786798477173 -0.12950797379016876 0.35540997982025146 -0.00158375920727849 -0.38838911056518555 -0.14296655356884003 0.9103361964225769
49.29999923706055 0.38697558641433716 -0.12947602570056915 0.35549497604370117 -0.0015870905481278896 -0.3884049654006958 -0.14295296370983124 0.9103315472602844
49.33333206176758 0.386961966753006 -0.12951812148094177 0.3555384874343872 -0.0015443942975252867 -0.3884362280368805 -0.14314185082912445 0.9102886915206909
49.36666488647461 0.3871554434299469 -0.1294959932565689 0.3553866147994995 -0.001544935628771782 -0.3884321451187134 -0.14301657676696777 0.9103100895881653
49.400001525878906 0.3871288001537323 -0.12959614396095276 0.35527196526527405 -0.0016000302275642753 -0.3883458971977234 -0.14312425255775452 0.9103297591209412
49.43333435058594 0.3871980607509613 -0.12949414551258087 0.3556303381919861 -0.0015575510915368795 -0.388550341129303 -0.1429804116487503 0.9102652668952942
49.46666717529297 0.38721632957458496 -0.12951956689357758 0.35529738664627075 -0.0015577481826767325 -0.38836950063705444 -0.14309179782867432 0.9103249311447144
49.5 0.38723722100257874 -0.12953287363052368 0.35534366965293884 -0.0016046769451349974 -0.38841867446899414 -0.14294473826885223 0.9103270173072815
49.53333282470703 0.38708287477493286 -0.12949666380882263 0.35529670119285583 -0.0015783555572852492 -0.3883529603481293 -0.14293882250785828 0.9103559851646423
49.56666564941406 0.38722705841064453 -0.12949614226818085 0.3553702235221863 -0.0015953847905620933 -0.3884316086769104 -0.14291773736476898 0.9103257656097412
49.599998474121094 0.38719844818115234 -0.12953563034534454 0.3552280068397522 -0.0015990985557436943 -0.3883582055568695 -0.14302963018417358 0.9103394150733948
49.63333511352539 0.38697803020477295 -0.12939049303531647 0.3553328812122345 -0.0014813123270869255 -0.3883574604988098 -0.14300239086151123 0.9103441834449768
49.66666793823242 0.3870592713356018 -0.12951582670211792 0.3554314374923706 -0.001580275478772819 -0.3883843719959259 -0.14297233521938324 0.9103373289108276
49.70000076293945 0.3871610164642334 -0.12954361736774445 0.3552928864955902 -0.0016131066950038075 -0.3883819878101349 -0.1429574340581894 0.9103406071662903
49.733333587646484 0.3871534466743469 -0.12956973910331726 0.35523518919944763 -0.0015751875471323729 -0.3883412182331085 -0.14305876195430756 0.9103420972824097
49.766666412353516 0.38719630241394043 -0.1295008659362793 0.35529279708862305 -0.0016012031119316816 -0.38836902379989624 -0.14295269548892975 0.9103468656539917
49.79999923706055 0.38720449805259705 -0.12950928509235382 0.3553021550178528 -0.0015694015892222524 -0.38837727904319763 -0.14295704662799835 0.910342812538147
49.83333206176758 0.3871545195579529 -0.1295505166053772 0.35522517561912537 -0.0016053846338763833 -0.38832971453666687 -0.1430722177028656 0.9103448390960693
49.86666488647461 0.38721999526023865 -0.12955257296562195 0.3554038107395172 -0.0016122193774208426 -0.3884499669075012 -0.14304134249687195 0.9102983474731445
49.900001525878906 0.3870832026004791 -0.12942636013031006 0.35534214973449707 -0.0015966136706992984 -0.3883535861968994 -0.14284418523311615 0.9103705286979675
49.93333435058594 0.38728344440460205 -0.1296212077140808 0.3557089567184448 -0.0015976058784872293 -0.3886013925075531 -0.1430828869342804 0.9102272391319275
49.96666717529297 0.3871054947376251 -0.12952019274234772 0.355319082736969 -0.0015931022353470325 -0.3883751630783081 -0.14300015568733215 0.9103368520736694
50.0 0.38709744811058044 -0.1295732855796814 0.3551632761955261 -0.001613281900063157 -0.388304740190506 -0.14302387833595276 0.9103630781173706
50.03333282470703 0.3868682086467743 -0.12932118773460388 0.35527727007865906 -0.0015199440531432629 -0.3882754147052765 -0.14288483560085297 0.9103975892066956
50.06666564941406 0.38714781403541565 -0.1295020878314972 0.3555607497692108 -0.0015995391877368093 -0.3884654939174652 -0.142887681722641 0.9103159308433533
50.099998474121094 0.3871290981769562 -0.12946704030036926 0.35540857911109924 -0.001601101364940405 -0.38839781284332275 -0.14287318289279938 0.9103471636772156
50.13333511352539 0.3871323764324188 -0.12950442731380463 0.3553957939147949 -0.001606755773536861 -0.3884040117263794 -0.14291611313819885 0.9103377461433411
50.16666793823242 0.38706302642822266 -0.12947823107242584 0.3551922142505646 -0.0015995294088497758 -0.3883085548877716 -0.1429857611656189 0.9103675484657288
50.20000076293945 0.3870801329612732 -0.12951210141181946 0.3553124666213989 -0.0016014670254662633 -0.38835346698760986 -0.14292554557323456 0.9103577733039856
50.233333587646484 0.38726741075515747 -0.12962181866168976 0.35523682832717896 -0.001636230736039579 -0.3883706331253052 -0.14299702644348145 0.9103392362594604
50.266666412353516 0.3870919346809387 -0.129472553730011 0.35539770126342773 -0.0015937444986775517 -0.38837963342666626 -0.14290951192378998 0.9103492498397827
50.29999923706055 0.3871876001358032 -0.12951365113258362 0.3554469645023346 -0.0016052762512117624 -0.3884510099887848 -0.142945796251297 0.910313069820404
50.33333206176758 0.38714390993118286 -0.1295178085565567 0.35535699129104614 -0.0015690557193011045 -0.38839349150657654 -0.14298135042190552 0.9103320240974426
50.36666488647461 0.38709163665771484 -0.12945614755153656 0.35532811284065247 -0.001569635234773159 -0.3883587419986725 -0.14291974902153015 0.9103565812110901
50.400001525878906 0.38721272349357605 -0.12952205538749695 0.35537657141685486 -0.0015814387006685138 -0.3884201645851135 -0.14298120141029358 0.9103206396102905
50.43333435058594 0.3870891332626343 -0.12953735888004303 0.3552513122558594 -0.0015957714058458805 -0.3883509635925293 -0.14298290014266968 0.9103499054908752
50.46666717529297 0.3869636058807373 -0.1294925957918167 0.3552250862121582 -0.001608411897905171 -0.3882773816585541 -0.1429169923067093 0.9103915691375732
50.5 0.38706955313682556 -0.12951597571372986 0.35523539781570435 -0.0016032784478738904 -0.3883235454559326 -0.1430031955242157 0.9103583693504333
50.53333282470703 0.38718464970588684 -0.12952908873558044 0.35542169213294983 -0.0015960830496624112 -0.3884277939796448 -0.14299316704273224 0.9103154540061951
50.56666564941406 0.38724130392074585 -0.12950243055820465 0.3554416596889496 -0.0015657285694032907 -0.38845404982566833 -0.14297513663768768 0.9103072285652161
50.599998474121094 0.38719046115875244 -0.1295827180147171 0.355350136756897 -0.0016406656941398978 -0.38842448592185974 -0.14296694099903107 0.9103208780288696
50.63333511352539 0.3873313069343567 -0.12963353097438812 0.35543492436408997 -0.00161588448099792 -0.38849687576293945 -0.1430281698703766 0.9102804064750671
50.66666793823242 0.3870576322078705 -0.1294631063938141 0.355257511138916 -0.0015621781349182129 -0.3883187174797058 -0.14300505816936493 0.9103602170944214
50.70000076293945 0.38721027970314026 -0.12957775592803955 0.3553941249847412 -0.0016269077314063907 -0.38843679428100586 -0.1429934799671173 0.9103115797042847
50.733333587646484 0.38721320033073425 -0.12963534891605377 0.35543468594551086 -0.0016394592821598053 -0.3884316384792328 -0.14299757778644562 0.9103131294250488
50.766666412353516 0.3869354724884033 -0.12948787212371826 0.35531386733055115 -0.0015180405462160707 -0.3883195221424103 -0.14317010343074799 0.9103339910507202
50.79999923706055 0.38713979721069336 -0.12950865924358368 0.35558846592903137 -0.0016201373655349016 -0.3884817957878113 -0.1428527534008026 0.9103144407272339
50.83333206176758 0.3871784806251526 -0.12944960594177246 0.3553459048271179 -0.001575385220348835 -0.38838914036750793 -0.14291079342365265 0.9103449583053589
50.86666488647461 0.38712307810783386 -0.1294916719198227 0.3553958237171173 -0.001586653757840395 -0.38838881254196167 -0.1429976224899292 0.9103314876556396
50.900001525878906 0.387050062417984 -0.1295119971036911 0.3553456664085388 -0.0015951583627611399 -0.3883361518383026 -0.1430194228887558 0.9103503823280334
50.93333435058594 0.3872636556625366 -0.12964275479316711 0.35546961426734924 -0.0015931177185848355 -0.3885100483894348 -0.14314137399196625 0.9102571606636047
50.96666717529297 0.38709893822669983 -0.12938669323921204 0.3554055392742157 -0.0015461371513083577 -0.38838306069374084 -0.14294373989105225 0.9103425145149231
51.0 0.38695812225341797 -0.12944836914539337 0.35529831051826477 -0.0015827595489099622 -0.3883037567138672 -0.14294297993183136 0.910376250743866
51.03333282470703 0.38719460368156433 -0.1294662356376648 0.3554159700870514 -0.0015575775178149343 -0.38841184973716736 -0.1428881287574768 0.910338819026947
51.06666564941406 0.3871672749519348 -0.12950968742370605 0.355538934469223 -0.0015912918606773019 -0.3884679079055786 -0.14298485219478607 0.9102996587753296
51.099998474121094 0.38708561658859253 -0.1294994056224823 0.3553180694580078 -0.0015882571460679173 -0.38836202025413513 -0.14297829568386078 0.9103458523750305
51.13333511352539 0.38722237944602966 -0.12950831651687622 0.3554598391056061 -0.0015805686125531793 -0.38846278190612793 -0.14290457963943481 0.9103145003318787
51.16666793823242 0.3871731758117676 -0.129475399851799 0.35541948676109314 -0.0015639765188097954 -0.38840633630752563 -0.1430046111345291 0.9103228449821472
51.20000076293945 0.38725796341896057 -0.12955528497695923 0.3553221821784973 -0.0015845198649913073 -0.3884075880050659 -0.14296014606952667 0.910329282283783
51.233333587646484 0.3870770037174225 -0.12947285175323486 0.3553149700164795 -0.0015737366629764438 -0.3883470296859741 -0.14301908016204834 0.9103459119796753
51.266666412353516 0.3869340419769287 -0.1294822096824646 0.355312317609787 -0.0015966048231348395 -0.3883479833602905 -0.1429440826177597 0.9103572964668274
51.29999923706055 0.38741233944892883 -0.12981544435024261 0.35532745718955994 -0.0017004272667691112 -0.3885035216808319 -0.14308354258537292 0.9102687239646912
51.33333206176758 0.38722124695777893 -0.12956653535366058 0.3554094433784485 -0.0016166475834324956 -0.3884194493293762 -0.14301034808158875 0.9103162884712219
51.36666488647461 0.38707831501960754 -0.12946271896362305 0.3553256392478943 -0.0015722484095022082 -0.3883522152900696 -0.142943874001503 0.9103554487228394
51.400001525878906 0.3871157765388489 -0.12946853041648865 0.35535091161727905 -0.0015415499219670892 -0.3883863091468811 -0.1429630070924759 0.9103380441665649
51.43333435058594 0.3871186375617981 -0.12945015728473663 0.3553856909275055 -0.0015511923702433705 -0.38839542865753174 -0.14294590055942535 0.9103368520736694
51.46666717529297 0.3871329724788666 -0.12951891124248505 0.3553749918937683 -0.001549381879158318 -0.38842126727104187 -0.14307132363319397 0.9103060960769653
51.5 0.3871661126613617 -0.12951292097568512 0.35547882318496704 -0.0015880388673394918 -0.3884526789188385 -0.14296716451644897 0.9103090167045593
51.53333282470703 0.3870827555656433 -0.12945060431957245 0.35551634430885315 -0.0015477886190637946 -0.38844069838523865 -0.1429595649242401 0.9103153347969055
51.56666564941406 0.38716980814933777 -0.1295453906059265 0.3554166257381439 -0.0015961119206622243 -0.3884270191192627 -0.14304940402507782 0.9103069305419922
51.599998474121094 0.3871721625328064 -0.12958545982837677 0.35546326637268066 -0.0016057201428338885 -0.3884357213973999 -0.14304357767105103 0.9103042483329773
51.63333511352539 0.38714247941970825 -0.1295459270477295 0.35550832748413086 -0.0015935467090457678 -0.38845402002334595 -0.1430017203092575 0.9103028774261475
51.66666793823242 0.38705697655677795 -0.1294427216053009 0.35543394088745117 -0.0015461224829778075 -0.38839712738990784 -0.14302700757980347 0.9103233218193054
51.70000076293945 0.3873066008090973 -0.12952718138694763 0.3554236888885498 -0.0015942796599119902 -0.388465940952301 -0.14291751384735107 0.9103110432624817
51.733333587646484 0.38712558150291443 -0.12954892218112946 0.35524308681488037 -0.0015977079747244716 -0.38834863901138306 -0.14297479391098022 0.9103521704673767
51.766666412353516 0.3870556354522705 -0.12945467233657837 0.3553647994995117 -0.0015761718386784196 -0.388369619846344 -0.14291590452194214 0.9103524088859558
51.79999923706055 0.38708388805389404 -0.1295253187417984 0.3552568256855011 -0.0016163864638656378 -0.3883383572101593 -0.14297690987586975 0.9103561043739319
51.83333206176758 0.3872552514076233 -0.12954342365264893 0.3551969528198242 -0.0015708295395597816 -0.3883756995201111 -0.1430978924036026 0.9103213548660278
51.86666488647461 0.3872970938682556 -0.12956294417381287 0.3554496467113495 -0.0016140678199008107 -0.38851258158683777 -0.1429441273212433 0.9102870225906372
51.900001525878906 0.38713452219963074 -0.12943600118160248 0.3555421233177185 -0.0015564700588583946 -0.388446182012558 -0.14290644228458405 0.9103212356567383
51.93333435058594 0.3871809244155884 -0.1296437829732895 0.3552509844303131 -0.00163859105668962 -0.38834571838378906 -0.1430606245994568 0.9103397727012634
51.96666717529297 0.3872196078300476 -0.12965136766433716 0.35500890016555786 -0.0016493425937369466 -0.38831815123558044 -0.14300109446048737 0.9103609919548035
52.0 0.38715726137161255 -0.12947377562522888 0.35524848103523254 -0.0015795278595760465 -0.3883677124977112 -0.14294873178005219 0.910348117351532
52.03333282470703 0.3871212601661682 -0.12949605286121368 0.35547444224357605 -0.0015807250747457147 -0.3884281814098358 -0.14304345846176147 0.9103074669837952
52.06666564941406 0.3870132267475128 -0.1295124590396881 0.3552691340446472 -0.0015642679063603282 -0.3883199989795685 -0.14301109313964844 0.910358726978302
52.099998474121094 0.38706356287002563 -0.12953202426433563 0.35521823167800903 -0.001591824577189982 -0.3883030116558075 -0.14295843243598938 0.9103741645812988
52.13333511352539 0.3870182931423187 -0.12943439185619354 0.3555748164653778 -0.0015685039106756449 -0.38842153549194336 -0.14290252327919006 0.910332441329956
52.16666793823242 0.38733717799186707 -0.12959888577461243 0.3553643524646759 -0.0016457161400467157 -0.3884822428226471 -0.14295127987861633 0.910298764705658
52.20000076293945 0.38717326521873474 -0.12956716120243073 0.3552600145339966 -0.001634699059650302 -0.38836905360221863 -0.1430458128452301 0.9103322625160217
52.233333587646484 0.38711830973625183 -0.1295470893383026 0.35531026124954224 -0.0015429769409820437 -0.3883498013019562 -0.14301243424415588 0.9103458523750305
52.266666412353516 0.3871554136276245 -0.12960922718048096 0.35532259941101074 -0.0015894133830443025 -0.388386607170105 -0.14310558140277863 0.9103154540061951
52.29999923706055 0.3871403634548187 -0.1295311152935028 0.3554832935333252 -0.0016097835032269359 -0.3884246349334717 -0.1429281085729599 0.9103269577026367
52.33333206176758 0.38705724477767944 -0.12947869300842285 0.3552977442741394 -0.001554690534248948 -0.3883591592311859 -0.14299124479293823 0.910345196723938
52.36666488647461 0.38712719082832336 -0.1295355260372162 0.35522106289863586 -0.0015887727495282888 -0.38833412528038025 -0.14302432537078857 0.9103505611419678
52.400001525878906 0.3871370851993561 -0.12949518859386444 0.3555052578449249 -0.0015747742727398872 -0.3884344696998596 -0.14291690289974213 0.9103246331214905
52.43333435058594 0.38701507449150085 -0.12947236001491547 0.3553430438041687 -0.0015543720219284296 -0.3883512020111084 -0.1430159956216812 0.9103446006774902
52.46666717529297 0.3870415985584259 -0.12942121922969818 0.3553697168827057 -0.0015429335180670023 -0.3883674442768097 -0.1429765522480011 0.9103438854217529
52.5 0.3871350586414337 -0.12945500016212463 0.3554679751396179 -0.0015717897331342101 -0.38841673731803894 -0.1428995430469513 0.9103350043296814
52.53333282470703 0.3872070610523224 -0.12961243093013763 0.3551664352416992 -0.0016727237962186337 -0.38831615447998047 -0.14298492670059204 0.9103643298149109
52.56666564941406 0.3872174620628357 -0.1295894980430603 0.35531339049339294 -0.0016419135499745607 -0.3884086608886719 -0.14301875233650208 0.9103195071220398
52.599998474121094 0.3871561288833618 -0.12954750657081604 0.3554268181324005 -0.0015783729031682014 -0.38842466473579407 -0.1430198699235916 0.9103126525878906
52.63333511352539 0.38724467158317566 -0.12945954501628876 0.3553764224052429 -0.0015488973585888743 -0.3884250819683075 -0.14301225543022156 0.9103137254714966
52.66666793823242 0.38718506693840027 -0.12961556017398834 0.35527536273002625 -0.001616976223886013 -0.3883531987667084 -0.1431194245815277 0.9103273749351501
52.70000076293945 0.3872271180152893 -0.12960463762283325 0.355281263589859 -0.00165357266087085 -0.3883763253688812 -0.14299339056015015 0.9103373289108276
52.733333587646484 0.3872424066066742 -0.1296265721321106 0.35547494888305664 -0.0016314986860379577 -0.3884471356868744 -0.1430310308933258 0.9103012084960938
52.766666412353516 0.38745108246803284 -0.1296474039554596 0.3556293547153473 -0.0016218969831243157 -0.38863494992256165 -0.1429872214794159 0.9102279543876648
52.79999923706055 0.3871009647846222 -0.1294434666633606 0.35543936491012573 -0.0015573615673929453 -0.38841548562049866 -0.1429833620786667 0.9103223085403442
52.83333206176758 0.3871397376060486 -0.12958388030529022 0.3551594018936157 -0.0016076399479061365 -0.38831454515457153 -0.14305953681468964 0.9103533625602722
52.86666488647461 0.3870833218097687 -0.12952126562595367 0.3551524579524994 -0.0016062973299995065 -0.3882940709590912 -0.14300251007080078 0.9103711247444153
52.900001525878906 0.38725265860557556 -0.12955383956432343 0.35546115040779114 -0.001607894548214972 -0.3884815275669098 -0.1429758071899414 0.910295307636261
52.93333435058594 0.38707420229911804 -0.12949438393115997 0.3553019165992737 -0.0015630490379408002 -0.38835668563842773 -0.14302583038806915 0.9103407263755798
52.96666717529297 0.3870289921760559 -0.12957870960235596 0.3554624617099762 -0.001612540683709085 -0.3883962035179138 -0.14302437007427216 0.9103240370750427
53.0 0.3870120644569397 -0.12942838668823242 0.3552761375904083 -0.0015557738952338696 -0.3883236348628998 -0.14285124838352203 0.9103823304176331
53.03333282470703 0.38700371980667114 -0.12945173680782318 0.35538890957832336 -0.001563588040880859 -0.3883480429649353 -0.14292137324810028 0.9103608727455139
53.06666564941406 0.38732150197029114 -0.12959319353103638 0.3551284968852997 -0.0016159499064087868 -0.3883529603481293 -0.1429935097694397 0.9103472828865051
53.099998474121094 0.38719457387924194 -0.1295316517353058 0.35523828864097595 -0.00162720144726336 -0.3883718252182007 -0.14287151396274567 0.9103584289550781
53.13333511352539 0.3871144652366638 -0.1294412612915039 0.35540229082107544 -0.0015938313445076346 -0.3883795440196991 -0.14287404716014862 0.9103548526763916
53.16666793823242 0.38711804151535034 -0.12950633466243744 0.35538622736930847 -0.001572338631376624 -0.3883965313434601 -0.14305418729782104 0.9103192687034607
53.20000076293945 0.38718193769454956 -0.12953965365886688 0.3555964529514313 -0.0015986404614523053 -0.38850951194763184 -0.14290766417980194 0.9102939963340759
53.233333587646484 0.38714054226875305 -0.1294795274734497 0.3552972972393036 -0.0015361165860667825 -0.38836854696273804 -0.1430164873600006 0.9103372693061829
53.266666412353516 0.3870660364627838 -0.12959513068199158 0.35530564188957214 -0.0016161489766091108 -0.38832658529281616 -0.1431073546409607 0.9103407263755798
53.29999923706055 0.3871634602546692 -0.12956297397613525 0.3553161323070526 -0.001620875089429319 -0.38837265968322754 -0.14290791749954224 0.9103524088859558
53.33333206176758 0.38728395104408264 -0.12971165776252747 0.35533761978149414 -0.0016339286230504513 -0.3884492516517639 -0.14307236671447754 0.9102937579154968
53.36666488647461 0.3871087431907654 -0.129536971449852 0.3553520441055298 -0.0015499393921345472 -0.3883858621120453 -0.1430988758802414 0.9103168845176697
53.400001525878906 0.38717201352119446 -0.1295461654663086 0.35535532236099243 -0.0015815828228369355 -0.3884011507034302 -0.14294782280921936 0.910334050655365
53.43333435058594 0.3870670199394226 -0.12951520085334778 0.35528600215911865 -0.0015939312288537621 -0.38834354281425476 -0.1429939717054367 0.9103512763977051
53.46666717529297 0.3869820833206177 -0.129407599568367 0.35537922382354736 -0.0015236136969178915 -0.38833528757095337 -0.14301618933677673 0.9103513956069946
53.5 0.38707390427589417 -0.12947890162467957 0.3552660644054413 -0.001574393711052835 -0.388332337141037 -0.14291615784168243 0.9103683829307556
53.53333282470703 0.3872438371181488 -0.12966838479042053 0.35516342520713806 -0.0016515415627509356 -0.388359397649765 -0.143050879240036 0.9103355407714844
53.56666564941406 0.3870278000831604 -0.12955886125564575 0.3553229868412018 -0.0015619852347299457 -0.3883623778820038 -0.14314083755016327 0.9103202223777771
53.599998474121094 0.3871068060398102 -0.12958690524101257 0.35538938641548157 -0.0016057264292612672 -0.38839346170425415 -0.14304080605506897 0.9103226065635681
53.63333511352539 0.38713353872299194 -0.12951277196407318 0.3554730713367462 -0.0015759516973048449 -0.38843217492103577 -0.14298270642757416 0.9103153347969055
53.66666793823242 0.3870348036289215 -0.1294768750667572 0.3553968369960785 -0.0015844844747334719 -0.3883580267429352 -0.14294373989105225 0.9103530645370483
53.70000076293945 0.3872455954551697 -0.12950624525547028 0.3554013967514038 -0.001605937140993774 -0.38842666149139404 -0.1429090052843094 0.9103292226791382
53.733333587646484 0.38716694712638855 -0.12959906458854675 0.3553124964237213 -0.001618285896256566 -0.3883781433105469 -0.14302654564380646 0.9103314280509949
53.766666412353516 0.3871432840824127 -0.12960727512836456 0.3553045988082886 -0.0016015408327803016 -0.3883834183216095 -0.14316393435001373 0.9103076457977295
53.79999923706055 0.387096107006073 -0.1295260637998581 0.35549232363700867 -0.0015712552703917027 -0.38842323422431946 -0.14296948909759521 0.9103211760520935
53.83333206176758 0.38706105947494507 -0.1295665204524994 0.3550958037376404 -0.0016019126633182168 -0.3882693648338318 -0.14303170144557953 0.9103769659996033
53.86666488647461 0.3872030973434448 -0.12959209084510803 0.3552287518978119 -0.0016051814891397953 -0.38836389780044556 -0.1431143879890442 0.9103236794471741
53.900001525878906 0.38711288571357727 -0.12954197824001312 0.35512685775756836 -0.0015908753266558051 -0.38827401399612427 -0.14297518134117126 0.9103838801383972
53.93333435058594 0.3871147036552429 -0.12956610321998596 0.35522425174713135 -0.0016051367856562138 -0.38831403851509094 -0.14302878081798553 0.9103584289550781
53.96666717529297 0.387038916349411 -0.12939020991325378 0.3553217649459839 -0.001533405389636755 -0.3883294463157654 -0.14301617443561554 0.9103538990020752
54.0 0.38722074031829834 -0.12960867583751678 0.35514718294143677 -0.001637189881876111 -0.3883029520511627 -0.1429934948682785 0.9103686809539795
54.03333282470703 0.3872612416744232 -0.1295877993106842 0.3552570641040802 -0.0016081590438261628 -0.3883807063102722 -0.14302583038806915 0.9103304147720337
54.06666564941406 0.3873443901538849 -0.1296151578426361 0.35533779859542847 -0.0016298615373671055 -0.3884613513946533 -0.14298199117183685 0.9103029370307922
54.099998474121094 0.38719651103019714 -0.12950628995895386 0.3556525409221649 -0.0015651292633265257 -0.3885349929332733 -0.1429218053817749 0.9102810621261597
54.13333511352539 0.38702157139778137 -0.12937599420547485 0.3553447723388672 -0.0015173323918133974 -0.3883402347564697 -0.1429721713066101 0.910356342792511
54.16666793823242 0.38723909854888916 -0.12960223853588104 0.3554117977619171 -0.00159896956756711 -0.38844266533851624 -0.14302831888198853 0.9103036522865295
54.20000076293945 0.38714364171028137 -0.12959787249565125 0.3553910553455353 -0.001615312765352428 -0.3884129226207733 -0.14305341243743896 0.9103123545646667
54.233333587646484 0.38718581199645996 -0.12952366471290588 0.355228066444397 -0.0015739081427454948 -0.38831615447998047 -0.14307163655757904 0.9103508591651917
54.266666412353516 0.38708510994911194 -0.1295527219772339 0.3553186357021332 -0.0016232834896072745 -0.38834384083747864 -0.1429601013660431 0.9103564620018005
54.29999923706055 0.38723036646842957 -0.12951408326625824 0.3554658591747284 -0.001578265568241477 -0.3884751796722412 -0.14300404489040375 0.9102936387062073
54.33333206176758 0.3870241641998291 -0.1295527219772339 0.3553635776042938 -0.0015851302305236459 -0.3883606493473053 -0.14299452304840088 0.9103438854217529
54.36666488647461 0.3869641423225403 -0.12938426434993744 0.35534805059432983 -0.0015213803853839636 -0.3883553743362427 -0.142921581864357 0.9103578329086304
54.400001525878906 0.38698893785476685 -0.1294386237859726 0.35531696677207947 -0.0015717545757070184 -0.38832661509513855 -0.14299091696739197 0.9103590846061707
54.43333435058594 0.3870313763618469 -0.1294434815645218 0.3553581237792969 -0.001553162932395935 -0.3883421719074249 -0.14302372932434082 0.9103472232818604
54.46666717529297 0.3869462311267853 -0.12943825125694275 0.3553028106689453 -0.0015223422087728977 -0.3883093297481537 -0.14306451380252838 0.9103549718856812
54.5 0.3873458504676819 -0.12957073748111725 0.3553449213504791 -0.0015905414475128055 -0.38846254348754883 -0.14303116500377655 0.9102946519851685
54.53333282470703 0.3871478736400604 -0.12956812977790833 0.35533368587493896 -0.001586359809152782 -0.3883601725101471 -0.14300018548965454 0.9103432893753052
54.56666564941406 0.3871173858642578 -0.12945400178432465 0.3555423617362976 -0.0015010281931608915 -0.38848644495010376 -0.14310500025749207 0.9102730751037598
54.599998474121094 0.3872110843658447 -0.1295846849679947 0.35536500811576843 -0.0016185430577024817 -0.38841164112091064 -0.14298014342784882 0.9103244543075562
54.63333511352539 0.3871750831604004 -0.12963570654392242 0.35550352931022644 -0.001626831479370594 -0.38846755027770996 -0.14299613237380981 0.9102979302406311
54.66666793823242 0.3870580792427063 -0.12952236831188202 0.3554404377937317 -0.001607860205695033 -0.38842493295669556 -0.14302374422550201 0.9103119373321533
54.70000076293945 0.38715535402297974 -0.12955008447170258 0.35534462332725525 -0.0015531660756096244 -0.3883814513683319 -0.14310704171657562 0.9103174209594727
54.733333587646484 0.38719719648361206 -0.12953105568885803 0.3554138243198395 -0.0015456944238394499 -0.3884422481060028 -0.14303459227085114 0.9103028774261475
54.766666412353516 0.3871193528175354 -0.1294996589422226 0.3552151620388031 -0.0016007900703698397 -0.3883194923400879 -0.14291982352733612 0.9103731513023376
54.79999923706055 0.38700318336486816 -0.12947015464305878 0.35521429777145386 -0.001561166369356215 -0.3882821798324585 -0.14297173917293549 0.9103810787200928
54.83333206176758 0.38735485076904297 -0.12959952652454376 0.35536542534828186 -0.0016208593733608723 -0.388466477394104 -0.14298893511295319 0.9102995991706848
54.86666488647461 0.38710445165634155 -0.12954804301261902 0.35543540120124817 -0.001557532581500709 -0.38839784264564514 -0.14308764040470123 0.9103135466575623
54.900001525878906 0.38718244433403015 -0.12954466044902802 0.3552773892879486 -0.0016375562408939004 -0.3883846402168274 -0.14296185970306396 0.9103387594223022
54.93333435058594 0.38716328144073486 -0.12945179641246796 0.35547029972076416 -0.0015736495843157172 -0.3884514570236206 -0.1429409384727478 0.9103136658668518
54.96666717529297 0.3871634602546692 -0.12956438958644867 0.3553970158100128 -0.001588176586665213 -0.388414591550827 -0.14303374290466309 0.9103147983551025
55.0 0.38703277707099915 -0.12937338650226593 0.3553585410118103 -0.0015030838549137115 -0.3883622884750366 -0.1429930031299591 0.910343587398529
55.03333282470703 0.3871329724788666 -0.12949010729789734 0.3554707467556 -0.0015724885743111372 -0.38842377066612244 -0.14288568496704102 0.9103341698646545
55.06666564941406 0.3871869146823883 -0.12951304018497467 0.35558050870895386 -0.0015669857384636998 -0.3885048031806946 -0.14308710396289825 0.9102679491043091
55.099998474121094 0.38727083802223206 -0.12955142557621002 0.3554551601409912 -0.001606671023182571 -0.38845959305763245 -0.14307302236557007 0.9102892875671387
55.13333511352539 0.3873080909252167 -0.1296166032552719 0.3554401099681854 -0.0016191232716664672 -0.38849788904190063 -0.14302504062652588 0.9102805256843567
55.16666793823242 0.3870287537574768 -0.12947340309619904 0.3554491698741913 -0.0015408959006890655 -0.3884132206439972 -0.14305777847766876 0.9103116989135742
55.20000076293945 0.38708916306495667 -0.12947256863117218 0.35536274313926697 -0.0015341772232204676 -0.3883906900882721 -0.14302508533000946 0.9103264808654785
55.233333587646484 0.3870868682861328 -0.12954294681549072 0.355413019657135 -0.0015831416239961982 -0.38838544487953186 -0.14305999875068665 0.9103230834007263
55.266666412353516 0.38734933733940125 -0.12963268160820007 0.3555036783218384 -0.0016321432776749134 -0.3885204792022705 -0.1430651843547821 0.9102644920349121
55.29999923706055 0.38714879751205444 -0.12956133484840393 0.35546115040779114 -0.0016037358436733484 -0.38842713832855225 -0.14301908016204834 0.9103116989135742
55.33333206176758 0.38715770840644836 -0.12948627769947052 0.3553209900856018 -0.0015953846741467714 -0.38837701082229614 -0.14296787977218628 0.910341203212738
55.36666488647461 0.38719525933265686 -0.1295771300792694 0.35534489154815674 -0.0015838270774111152 -0.3884032070636749 -0.1429760605096817 0.9103286862373352
55.400001525878906 0.3871852159500122 -0.1295250505208969 0.3554621636867523 -0.0015758730005472898 -0.3884747326374054 -0.14301106333732605 0.9102926850318909
55.43333435058594 0.38715890049934387 -0.12958714365959167 0.3555307388305664 -0.0016083548543974757 -0.3884536623954773 -0.1430133581161499 0.9103012681007385
55.46666717529297 0.3870970904827118 -0.12954206764698029 0.35524019598960876 -0.0015818830579519272 -0.38834691047668457 -0.14304019510746002 0.9103425741195679
55.5 0.3870899975299835 -0.12937183678150177 0.3554252088069916 -0.0015094827394932508 -0.38841912150382996 -0.1429249793291092 0.910330057144165
55.53333282470703 0.38716626167297363 -0.12959229946136475 0.35527628660202026 -0.0016288254410028458 -0.3883765637874603 -0.14299143850803375 0.910337507724762
55.56666564941406 0.3869040310382843 -0.12933659553527832 0.3553449809551239 -0.0014951187185943127 -0.3883196711540222 -0.14288528263568878 0.9103787541389465
55.599998474121094 0.3871539533138275 -0.12958280742168427 0.35543715953826904 -0.0016056840540841222 -0.38844195008277893 -0.1430898904800415 0.9102942943572998
55.63333511352539 0.38710343837738037 -0.12945134937763214 0.3555585741996765 -0.0015501088928431273 -0.3884698450565338 -0.1429557204246521 0.9103034734725952
55.66666793823242 0.3871239423751831 -0.1295868456363678 0.35523083806037903 -0.001609851373359561 -0.388327419757843 -0.1430208384990692 0.91035395860672
55.70000076293945 0.3872630298137665 -0.12955698370933533 0.35553181171417236 -0.0015901452861726284 -0.38851290941238403 -0.14303545653820038 0.9102725982666016
55.733333587646484 0.3872900605201721 -0.12967294454574585 0.35553672909736633 -0.001629066071473062 -0.3885236084461212 -0.1431088000535965 0.9102563858032227
55.766666412353516 0.38730812072753906 -0.1296289712190628 0.3552609980106354 -0.0016241311095654964 -0.3884073793888092 -0.1429954469203949 0.9103237390518188
55.79999923706055 0.38729745149612427 -0.12966376543045044 0.3553697168827057 -0.0016294654924422503 -0.3884727656841278 -0.14305102825164795 0.9102871417999268
55.83333206176758 0.3870803713798523 -0.12941747903823853 0.3554079830646515 -0.0015509226359426975 -0.3883723318576813 -0.1429292857646942 0.9103491902351379
55.86666488647461 0.38713619112968445 -0.12953834235668182 0.35538819432258606 -0.0015747881261631846 -0.3883867859840393 -0.14312484860420227 0.910312294960022
55.900001525878906 0.3871721923351288 -0.12958137691020966 0.3555680811405182 -0.0015604555374011397 -0.388492614030838 -0.14311547577381134 0.9102687239646912
55.93333435058594 0.3872365951538086 -0.12956540286540985 0.35530710220336914 -0.001584395533427596 -0.38840019702911377 -0.14301221072673798 0.9103242754936218
55.96666717529297 0.38695505261421204 -0.12930436432361603 0.3554312586784363 -0.0015093251131474972 -0.3883553743362427 -0.14288297295570374 0.9103638529777527
56.0 0.38705185055732727 -0.1295148879289627 0.3553425073623657 -0.0015569616807624698 -0.3883810043334961 -0.1430612951517105 0.9103248715400696
56.03333282470703 0.3870485723018646 -0.1294364482164383 0.35545170307159424 -0.0015211892314255238 -0.38839438557624817 -0.14304174482822418 0.9103222489356995
56.06666564941406 0.38708043098449707 -0.12946157157421112 0.35545071959495544 -0.001538665033876896 -0.3884056508541107 -0.14301200211048126 0.9103221297264099
56.099998474121094 0.3871740996837616 -0.12943661212921143 0.35548335313796997 -0.0015159097965806723 -0.38845446705818176 -0.14308257400989532 0.9102902412414551
56.13333511352539 0.38724204897880554 -0.12962616980075836 0.35523688793182373 -0.001599202281795442 -0.3883841037750244 -0.14305894076824188 0.9103237986564636
56.16666793823242 0.38720807433128357 -0.12941379845142365 0.35552752017974854 -0.0015300455270335078 -0.38850170373916626 -0.14299257099628448 0.9102842211723328
56.20000076293945 0.386976957321167 -0.12937355041503906 0.35540837049484253 -0.0015559119638055563 -0.38837602734565735 -0.14295928180217743 0.9103430509567261
56.233333587646484 0.387023389339447 -0.12950265407562256 0.35548877716064453 -0.0015902277082204819 -0.38843658566474915 -0.1429728865623474 0.9103149771690369
56.266666412353516 0.3870212435722351 -0.12946315109729767 0.35524699091911316 -0.0015708948485553265 -0.38834771513938904 -0.14293240010738373 0.9103592038154602
56.29999923706055 0.3870517611503601 -0.12947878241539001 0.35545796155929565 -0.001584271085448563 -0.38843095302581787 -0.14291159808635712 0.9103270173072815
56.33333206176758 0.38716942071914673 -0.12947234511375427 0.3554132878780365 -0.0015360203105956316 -0.38841140270233154 -0.14298047125339508 0.9103245139122009
56.36666488647461 0.3869422972202301 -0.1294044852256775 0.3556637167930603 -0.0015435174573212862 -0.3884781301021576 -0.1429750621318817 0.9102969765663147
56.400001525878906 0.3869853615760803 -0.1294063925743103 0.3554515838623047 -0.001527465763501823 -0.38839712738990784 -0.14296089112758636 0.9103338122367859
56.43333435058594 0.38693466782569885 -0.12952372431755066 0.35539814829826355 -0.0015916560078039765 -0.38834384083747864 -0.14300793409347534 0.9103489518165588
56.46666717529297 0.3870246112346649 -0.12951523065567017 0.3554456830024719 -0.0016037203604355454 -0.3883800208568573 -0.14302366971969604 0.9103310108184814
56.5 0.3871210515499115 -0.1294550746679306 0.35555413365364075 -0.0015377372037619352 -0.388457328081131 -0.14294804632663727 0.9103100895881653
56.53333282470703 0.3868333101272583 -0.12942402064800262 0.35548099875450134 -0.001564568025059998 -0.3883642256259918 -0.1430245190858841 0.9103378057479858
56.56666564941406 0.3870137929916382 -0.12957115471363068 0.3553521931171417 -0.0015749959275126457 -0.388359397649765 -0.143098384141922 0.910328209400177
56.599998474121094 0.38713958859443665 -0.1294703334569931 0.3554050028324127 -0.0015495371771976352 -0.38842007517814636 -0.14291395246982574 0.9103312492370605
56.63333511352539 0.3871428072452545 -0.12951262295246124 0.35536685585975647 -0.0015816292725503445 -0.38838452100753784 -0.14300118386745453 0.9103327989578247
56.66666793823242 0.38703206181526184 -0.1294473558664322 0.35540369153022766 -0.0015501512680202723 -0.3883659839630127 -0.1429603397846222 0.910347044467926
56.70000076293945 0.3870997726917267 -0.12951570749282837 0.355230450630188 -0.0015714805340394378 -0.38832715153694153 -0.14309191703796387 0.9103430509567261
56.733333587646484 0.38712742924690247 -0.12953920662403107 0.3553919196128845 -0.0015525451162829995 -0.38840451836586 -0.14312931895256042 0.9103041291236877
56.766666412353516 0.38729918003082275 -0.12966801226139069 0.3552631139755249 -0.0016231003683060408 -0.38839656114578247 -0.14310556650161743 0.9103111624717712
56.79999923706055 0.3870543837547302 -0.12953072786331177 0.3552449941635132 -0.001563293277285993 -0.38833850622177124 -0.14314325153827667 0.910330057144165
56.83333206176758 0.3871246874332428 -0.1295284777879715 0.35551637411117554 -0.001589123159646988 -0.38844794034957886 -0.1429121345281601 0.9103195667266846
56.86666488647461 0.3870977759361267 -0.12949016690254211 0.3555203378200531 -0.0015788765158504248 -0.3884788155555725 -0.14291012287139893 0.9103068709373474
56.900001525878906 0.38722386956214905 -0.12963151931762695 0.3554089069366455 -0.0016290564090013504 -0.38843902945518494 -0.1430824249982834 0.9102965593338013
56.93333435058594 0.38715294003486633 -0.12953896820545197 0.3552119731903076 -0.001576930400915444 -0.3883470594882965 -0.1430014967918396 0.9103485941886902
56.96666717529297 0.387260377407074 -0.1295860856771469 0.35536226630210876 -0.0016244013095274568 -0.38846853375434875 -0.1429859697818756 0.9102992415428162
57.0 0.3871288001537323 -0.129469096660614 0.3554595112800598 -0.0015823497669771314 -0.3884415924549103 -0.14297321438789368 0.910312831401825
57.03333282470703 0.3871062994003296 -0.12942689657211304 0.3555458188056946 -0.0015474478714168072 -0.3884701132774353 -0.14300380647182465 0.9102957844734192
57.06666564941406 0.3873386085033417 -0.12961485981941223 0.3553124964237213 -0.0016350762452930212 -0.38846999406814575 -0.14299897849559784 0.9102965593338013
57.099998474121094 0.38718608021736145 -0.12966816127300262 0.3551810085773468 -0.001640117960050702 -0.3883310854434967 -0.14315055310726166 0.9103319048881531
57.13333511352539 0.38706353306770325 -0.1295267939567566 0.3555169701576233 -0.0015430819476023316 -0.3884258568286896 -0.1430996209383011 0.9102995991706848
57.16666793823242 0.38711652159690857 -0.12946879863739014 0.3553414046764374 -0.0015528086805716157 -0.38837146759033203 -0.14295600354671478 0.9103454947471619
57.20000076293945 0.3871212601661682 -0.129585400223732 0.35536807775497437 -0.0015987280057743192 -0.3883993327617645 -0.14307956397533417 0.9103140830993652
57.233333587646484 0.3871708810329437 -0.1295442283153534 0.3554103970527649 -0.0015736661152914166 -0.3884192705154419 -0.14303196966648102 0.910313069820404
57.266666412353516 0.3869630694389343 -0.12935733795166016 0.3554627299308777 -0.0015231389552354813 -0.38838011026382446 -0.14299368858337402 0.910335898399353
57.29999923706055 0.38709136843681335 -0.1295672506093979 0.3556601107120514 -0.0016030357219278812 -0.38851118087768555 -0.14302822947502136 0.9102743864059448
57.33333206176758 0.38718274235725403 -0.12943007051944733 0.3552089333534241 -0.001538064330816269 -0.3883614242076874 -0.14303573966026306 0.9103372097015381
57.36666488647461 0.38699692487716675 -0.1294778287410736 0.3551385998725891 -0.001576812006533146 -0.3882538974285126 -0.14299078285694122 0.9103900790214539
57.400001525878906 0.3870426118373871 -0.1294701099395752 0.35536935925483704 -0.0015505962073802948 -0.388348251581192 -0.14306271076202393 0.9103386402130127
57.43333435058594 0.38712576031684875 -0.12954135239124298 0.35535386204719543 -0.0015650606947019696 -0.3883787989616394 -0.14300422370433807 0.9103347063064575
57.46666717529297 0.38699379563331604 -0.1294427067041397 0.3552345037460327 -0.001525969011709094 -0.38830670714378357 -0.1430741846561432 0.9103545546531677
57.5 0.38717955350875854 -0.1295071542263031 0.3553837537765503 -0.001566125312820077 -0.38843393325805664 -0.1430334597826004 0.9103065729141235
57.53333282470703 0.3871442675590515 -0.12946687638759613 0.3554440140724182 -0.0015813480131328106 -0.3884182870388031 -0.14293734729290009 0.9103283286094666
57.56666564941406 0.3868842124938965 -0.1294650286436081 0.3551623225212097 -0.0015834999503567815 -0.38825541734695435 -0.1430388242006302 0.9103818535804749
57.599998474121094 0.38693729043006897 -0.1294345110654831 0.3555022180080414 -0.001521209254860878 -0.3884059190750122 -0.1430620551109314 0.9103140830993652
57.63333511352539 0.38709700107574463 -0.1295224130153656 0.3554855287075043 -0.0015571423573419452 -0.38842377066612244 -0.143039733171463 0.910309910774231
57.66666793823242 0.3873538374900818 -0.12965556979179382 0.3555872142314911 -0.0016421657055616379 -0.3885936439037323 -0.14301681518554688 0.910240888595581
57.70000076293945 0.38720980286598206 -0.12950047850608826 0.35542505979537964 -0.0015556324506178498 -0.3884451389312744 -0.14304310083389282 0.9103003740310669
57.733333587646484 0.3871450126171112 -0.12950678169727325 0.35559794306755066 -0.0015505616320297122 -0.38851088285446167 -0.1429523527622223 0.910286545753479
57.766666412353516 0.38707399368286133 -0.12938016653060913 0.35558634996414185 -0.0015545088099315763 -0.3884710967540741 -0.1428975760936737 0.9103121161460876
57.79999923706055 0.38706833124160767 -0.12946760654449463 0.35515692830085754 -0.0016098360065370798 -0.3882734179496765 -0.1429276466369629 0.910391628742218
57.83333206176758 0.3872682750225067 -0.12961944937705994 0.35531437397003174 -0.0016276973765343428 -0.388395756483078 -0.1429988443851471 0.9103281497955322
57.86666488647461 0.3872300684452057 -0.12961678206920624 0.3553842604160309 -0.0016361511079594493 -0.3884238302707672 -0.14293166995048523 0.9103267192840576
57.900001525878906 0.3869495093822479 -0.1293688416481018 0.3554624617099762 -0.0015162834897637367 -0.38840073347091675 -0.14296676218509674 0.9103313684463501
57.93333435058594 0.38718652725219727 -0.12957516312599182 0.3554271459579468 -0.0015792784979566932 -0.3884463310241699 -0.1430894136428833 0.910292387008667
57.96666717529297 0.3871537148952484 -0.12955616414546967 0.35546281933784485 -0.0016112998127937317 -0.38843604922294617 -0.142953559756279 0.9103181958198547
58.0 0.3869686424732208 -0.1294778436422348 0.35535386204719543 -0.0015450812643393874 -0.38835984468460083 -0.14307734370231628 0.9103313684463501
58.03333282470703 0.38694363832473755 -0.12940853834152222 0.3554927408695221 -0.0015394847141578794 -0.38839244842529297 -0.1430334597826004 0.9103242754936218
58.06666564941406 0.38717034459114075 -0.12950041890144348 0.3553614616394043 -0.0015669279964640737 -0.38840559124946594 -0.14305830001831055 0.9103147983551025
58.099998474121094 0.3872183859348297 -0.12949377298355103 0.3551689386367798 -0.0015707210404798388 -0.3883333206176758 -0.14302031695842743 0.910351574420929
58.13333511352539 0.3870912790298462 -0.12957186996936798 0.35545361042022705 -0.0015766281867399812 -0.3884179890155792 -0.14303740859031677 0.910312831401825
58.16666793823242 0.38710957765579224 -0.12951157987117767 0.35556110739707947 -0.0015751438913866878 -0.3885005712509155 -0.14296352863311768 0.9102891683578491
58.20000076293945 0.387216717004776 -0.12954804301261902 0.35550692677497864 -0.0016053894069045782 -0.3884556293487549 -0.1430552452802658 0.9102938771247864
58.233333587646484 0.38722971081733704 -0.12958082556724548 0.35560208559036255 -0.0016057997709140182 -0.38853132724761963 -0.14300665259361267 0.9102692008018494
58.266666412353516 0.3871381878852844 -0.12954573333263397 0.35521399974823 -0.001563419122248888 -0.3883259892463684 -0.1431455910205841 0.9103350043296814
58.29999923706055 0.38722923398017883 -0.1296030431985855 0.35529470443725586 -0.0015677117044106126 -0.38841935992240906 -0.14316469430923462 0.9102922081947327
58.33333206176758 0.38698750734329224 -0.12953725457191467 0.3552849292755127 -0.0015447380719706416 -0.38832491636276245 -0.14315687119960785 0.9103337526321411
58.36666488647461 0.3870582580566406 -0.12946836650371552 0.35538434982299805 -0.0015358909731730819 -0.38837558031082153 -0.14298388361930847 0.91033935546875
58.400001525878906 0.38701242208480835 -0.1294756382703781 0.35534852743148804 -0.0015739682130515575 -0.38834327459335327 -0.14308102428913116 0.9103378653526306
58.43333435058594 0.3870944380760193 -0.12944296002388 0.355575829744339 -0.0015484156319871545 -0.38845938444137573 -0.14294731616973877 0.9103093147277832
58.46666717529297 0.3871513307094574 -0.12948539853096008 0.35527536273002625 -0.0015533347614109516 -0.38837137818336487 -0.14306297898292542 0.9103286862373352
58.5 0.38724076747894287 -0.12952908873558044 0.3556980788707733 -0.0015834635123610497 -0.3885781466960907 -0.14295105636119843 0.9102580547332764
58.53333282470703 0.3869509994983673 -0.12942738831043243 0.3555977940559387 -0.0015330933965742588 -0.3884407579898834 -0.14297164976596832 0.9103134274482727
58.56666564941406 0.3870481252670288 -0.12949714064598083 0.3554125130176544 -0.0015751165337860584 -0.3883835971355438 -0.14304578304290771 0.9103261232376099
58.599998474121094 0.3872568607330322 -0.12954142689704895 0.35523349046707153 -0.0015588670503348112 -0.38837963342666626 -0.1430414915084839 0.9103285074234009
58.63333511352539 0.38731762766838074 -0.12971019744873047 0.35550013184547424 -0.0016574739711359143 -0.3885461986064911 -0.14300955832004547 0.9102622866630554
58.66666793823242 0.3872777223587036 -0.12966610491275787 0.35525673627853394 -0.0016040430637076497 -0.38840171694755554 -0.14313353598117828 0.9103044867515564
58.70000076293945 0.3873131573200226 -0.12961392104625702 0.3554495871067047 -0.0015875796088948846 -0.38848114013671875 -0.14298777282238007 0.9102935791015625
58.733333587646484 0.38715121150016785 -0.12952129542827606 0.35540422797203064 -0.001573486952111125 -0.3884141445159912 -0.14299623668193817 0.9103208184242249
58.766666412353516 0.3869935870170593 -0.12942533195018768 0.35557666420936584 -0.0015374714275822043 -0.38842540979385376 -0.14292269945144653 0.9103276133537292
58.79999923706055 0.387250155210495 -0.12961597740650177 0.3551974892616272 -0.0016071260906755924 -0.3883659243583679 -0.14308412373065948 0.9103276133537292
58.83333206176758 0.3872726261615753 -0.12961748242378235 0.35537487268447876 -0.0016330501530319452 -0.38846561312675476 -0.14300918579101562 0.9102968573570251
58.86666488647461 0.3870247006416321 -0.12947262823581696 0.3554142415523529 -0.0015292002353817225 -0.388381689786911 -0.1429828703403473 0.9103369116783142
58.900001525878906 0.3872668743133545 -0.12959153950214386 0.3555962145328522 -0.0015707918209955096 -0.3885590136051178 -0.1429976373910904 0.9102588295936584
58.93333435058594 0.38722166419029236 -0.1295143961906433 0.35556021332740784 -0.0016027733217924833 -0.3884914219379425 -0.14293059706687927 0.9102981686592102
58.96666717529297 0.3870600461959839 -0.12951214611530304 0.35541555285453796 -0.001565502374432981 -0.38837605714797974 -0.14304213225841522 0.9103298783302307
59.0 0.3870585262775421 -0.12945759296417236 0.35563144087791443 -0.001567787490785122 -0.38846877217292786 -0.14293663203716278 0.9103069305419922
59.03333282470703 0.3868910074234009 -0.12939155101776123 0.35535749793052673 -0.0015202693175524473 -0.38832753896713257 -0.14297443628311157 0.9103612899780273
59.06666564941406 0.3871151804924011 -0.12954705953598022 0.3554534614086151 -0.0015465924516320229 -0.38841918110847473 -0.1431041955947876 0.9103018045425415
59.099998474121094 0.38706499338150024 -0.12947440147399902 0.35539326071739197 -0.0015874464297667146 -0.3883648216724396 -0.14306195080280304 0.9103314876556396
59.13333511352539 0.38708171248435974 -0.12943831086158752 0.35545456409454346 -0.001507265493273735 -0.38843590021133423 -0.14307603240013123 0.9102991819381714
59.16666793823242 0.38724517822265625 -0.12950176000595093 0.35573646426200867 -0.0015425386372953653 -0.3886028826236725 -0.14301952719688416 0.9102367758750916
59.20000076293945 0.3871574401855469 -0.12954668700695038 0.35553088784217834 -0.001542900106869638 -0.3884832561016083 -0.1431049257516861 0.9102743268013
59.233333587646484 0.3870183229446411 -0.12944011390209198 0.3554156422615051 -0.001539346412755549 -0.38838446140289307 -0.14299501478672028 0.9103338718414307
59.266666412353516 0.3872556984424591 -0.12963278591632843 0.35528039932250977 -0.0016308736521750689 -0.38842758536338806 -0.143063485622406 0.9103044867515564
59.29999923706055 0.3872450590133667 -0.1295308917760849 0.35532668232917786 -0.001557372510433197 -0.3884032964706421 -0.14298231899738312 0.9103277325630188
59.33333206176758 0.38708022236824036 -0.12944822013378143 0.3553770184516907 -0.0015442417934536934 -0.38837161660194397 -0.14300234615802765 0.9103381633758545
59.36666488647461 0.3870936632156372 -0.12948161363601685 0.35547107458114624 -0.0015285994159057736 -0.3884151577949524 -0.14308452606201172 0.9103066921234131
59.400001525878906 0.3871578872203827 -0.12948232889175415 0.35518771409988403 -0.0015584052307531238 -0.388338178396225 -0.14298582077026367 0.9103549122810364
59.43333435058594 0.38714852929115295 -0.12956468760967255 0.3551989197731018 -0.0015729038277640939 -0.3883202373981476 -0.14306002855300903 0.9103509187698364
59.46666717529297 0.3871271014213562 -0.12952417135238647 0.3555063307285309 -0.001518466742709279 -0.3884345293045044 -0.1431688666343689 0.9102851152420044
59.5 0.3870633840560913 -0.129466250538826 0.35569432377815247 -0.0015613107243552804 -0.38852259516716003 -0.14298072457313538 0.9102770090103149
59.53333282470703 0.3870007395744324 -0.12940596044063568 0.35548660159111023 -0.0014999434351921082 -0.3884126842021942 -0.1430337131023407 0.9103158116340637
59.56666564941406 0.3870313763618469 -0.12940460443496704 0.35552671551704407 -0.0014985750894993544 -0.3884316086769104 -0.14305810630321503 0.9103038907051086
59.599998474121094 0.3872828781604767 -0.12960277497768402 0.3552226722240448 -0.0015823465073481202 -0.38840702176094055 -0.1430758833885193 0.9103114008903503
59.63333511352539 0.3869917690753937 -0.1293257474899292 0.35571905970573425 -0.0014682875480502844 -0.38851043581962585 -0.14296168088912964 0.9102853536605835
59.66666793823242 0.3871120512485504 -0.12948836386203766 0.35556161403656006 -0.0015538970474153757 -0.3884895443916321 -0.1430479735136032 0.9102805852890015
59.70000076293945 0.3871126174926758 -0.12941567599773407 0.3554987609386444 -0.001530753099359572 -0.388454407453537 -0.14299263060092926 0.9103043675422668
59.733333587646484 0.38698479533195496 -0.12940678000450134 0.35541847348213196 -0.001543861930258572 -0.3883873522281647 -0.1429450958967209 0.9103403687477112
59.766666412353516 0.3870498836040497 -0.12945832312107086 0.35538148880004883 -0.001534592011012137 -0.38838991522789 -0.14296528697013855 0.9103360772132874
59.79999923706055 0.38708916306495667 -0.12949323654174805 0.35548141598701477 -0.0015639817574992776 -0.38844284415245056 -0.14302964508533478 0.9103033542633057
59.83333206176758 0.3870543837547302 -0.1294276863336563 0.3555292785167694 -0.001529895351268351 -0.38843250274658203 -0.14299097657203674 0.9103139638900757
59.86666488647461 0.3872213661670685 -0.12955115735530853 0.35539138317108154 -0.0016129838768392801 -0.3884204924106598 -0.14301925897598267 0.9103144407272339
59.900001525878906 0.3870885968208313 -0.12946729362010956 0.3553241491317749 -0.0015320803504437208 -0.3883865773677826 -0.1430862545967102 0.9103185534477234
59.93333435058594 0.3871738612651825 -0.12960520386695862 0.3551684319972992 -0.0016697576502338052 -0.38833287358283997 -0.14304891228675842 0.910347044467926
