t_sec,x,y,z,qw,qx,qy,qz
1789662845.442260981,0.000000000,0.000000000,0.000000000,1.000000000,0.000000000,0.000000000,0.000000000
1789662845.475661039,0.000001883,0.000006196,0.000035002,1.000000000,0.000000536,-0.000013192,-0.000006476
1789662845.509046078,0.000008352,0.000010190,0.000031582,1.000000000,0.000002396,-0.000016134,-0.000004843
1789662845.542418003,-0.000000363,0.000008401,0.000030706,1.000000000,0.000003390,-0.000009382,-0.000006429
1789662845.575775623,-0.000001279,0.000001611,0.000022486,1.000000000,-0.000002397,-0.000007848,-0.000006015
1789662845.609117985,0.000005286,0.000009888,0.000024640,1.000000000,0.000004642,-0.000012416,-0.000002506
1789662845.642446995,0.000000189,0.000016521,0.000038614,1.000000000,0.000010549,-0.000013588,-0.000000116
1789662845.675761938,0.000003484,0.000012499,0.000026475,1.000000000,0.000008931,-0.000013249,-0.000005022
1789662845.709062576,-0.000001135,0.000009490,0.000034247,1.000000000,0.000005302,-0.000009963,-0.000003386
1789662845.742348194,0.000002684,0.000009115,0.000027178,1.000000000,0.000003896,-0.000011353,-0.000003867
1789662845.775620461,0.000001289,0.000008567,0.000029633,1.000000000,0.000001812,-0.000012072,-0.000006996
1789662845.808878422,0.000000568,0.000002161,0.000025817,1.000000000,-0.000006284,-0.000008542,-0.000010777
1789662845.842122078,0.000000645,0.000002198,0.000023955,1.000000000,-0.000003053,-0.000009538,-0.000008867
1789662845.875350714,0.000003406,0.000014926,0.000034085,1.000000000,0.000013503,-0.000013492,-0.000003490
1789662845.908566236,0.000002326,0.000017647,0.000036419,1.000000000,0.000011335,-0.000013293,-0.000005905
1789662845.941767216,-0.000002370,0.000004977,0.000025703,1.000000000,0.000000248,-0.000006152,-0.000002995
1789662845.974953413,0.000005499,0.000011010,0.000026917,1.000000000,0.000009793,-0.000016365,-0.000008505
1789662846.008126020,0.000002799,0.000008355,0.000026842,1.000000000,0.000005947,-0.000013877,-0.000007182
1789662846.041284561,0.000004932,0.000020343,0.000033845,1.000000000,0.000014639,-0.000016695,-0.000002847
1789662846.074429035,0.000004070,0.000006708,0.000030814,1.000000000,0.000000714,-0.000016714,-0.000009903
1789662846.107558012,0.000001799,0.000004087,0.000027636,1.000000000,-0.000000034,-0.000012481,-0.000000382
1789662846.140673876,0.000000030,0.000007418,0.000029124,1.000000000,0.000002677,-0.000011000,-0.000013769
1789662846.173775673,0.000000064,0.000005026,0.000031080,1.000000000,-0.000000390,-0.000012077,-0.000009630
1789662846.206862926,0.000001187,0.000010077,0.000026244,1.000000000,0.000007127,-0.000010998,-0.000004171
1789662846.239935398,-0.000000894,0.000007308,0.000026997,1.000000000,0.000003047,-0.000008228,-0.000004187
1789662846.272994280,-0.000000057,0.000012407,0.000032224,1.000000000,0.000009820,-0.000011378,-0.000009191
1789662846.306039095,0.000002653,0.000005260,0.000028994,1.000000000,-0.000002332,-0.000011921,-0.000006803
1789662846.339068651,-0.000001240,0.000006926,0.000026626,1.000000000,0.000001947,-0.000010739,-0.000012294
1789662846.372087002,0.000004847,0.000013336,0.000028228,1.000000000,0.000010005,-0.000013911,-0.000004086
1789662846.405440092,0.000003119,0.000008907,0.000023709,1.000000000,0.000005948,-0.000014080,-0.000006625
1789662846.438789845,-0.000001770,0.000001641,0.000025469,1.000000000,-0.000003449,-0.000008899,-0.000007275
1789662846.472134590,-0.000000267,0.000001908,0.000028186,1.000000000,-0.000002178,-0.000009094,-0.000006452
1789662846.505476236,0.000004050,0.000006897,0.000027373,1.000000000,0.000002603,-0.000014902,-0.000008492
1789662846.538814545,-0.000005656,0.000000620,0.000025670,1.000000000,-0.000004542,-0.000003564,-0.000006925
1789662846.572147608,0.000001026,0.000006596,0.000025083,1.000000000,0.000000297,-0.000009995,-0.000010679
1789662846.605478048,0.000001147,0.000006597,0.000026697,1.000000000,0.000004249,-0.000009324,-0.000003494
1789662846.638804674,0.000003857,0.000010041,0.000026883,1.000000000,0.000007901,-0.000013646,-0.000007069
1789662846.672127485,0.000000527,0.000002073,0.000024528,1.000000000,-0.000002027,-0.000009355,-0.000008143
1789662846.705445290,0.000002810,0.000009931,0.000030377,1.000000000,0.000004685,-0.000012675,-0.000001231
1789662846.738760233,0.000002369,0.000005651,0.000022811,1.000000000,0.000000773,-0.000012201,-0.000006388
1789662846.772071600,-0.000003902,0.000004871,0.000030769,1.000000000,-0.000000179,-0.000007257,-0.000002312
1789662846.805378914,-0.000002454,0.000002945,0.000022969,1.000000000,-0.000001586,-0.000005686,-0.000010097
1789662846.838681459,0.000001550,0.000012123,0.000032209,1.000000000,0.000005950,-0.000011923,-0.000007308
1789662846.871981144,0.000003835,0.000005270,0.000023361,1.000000000,0.000002968,-0.000012995,-0.000006360
1789662846.905277014,0.000001388,0.000009860,0.000030440,1.000000000,0.000003307,-0.000010672,-0.000005566
1789662846.938568115,-0.000002707,-0.000001618,0.000024286,1.000000000,-0.000008989,-0.000007106,-0.000015434
1789662846.971856117,0.000000745,0.000006068,0.000022592,1.000000000,0.000004556,-0.000010107,-0.000008842
1789662847.005140543,0.000001453,0.000007512,0.000025477,1.000000000,0.000002606,-0.000012393,-0.000013322
1789662847.038421154,0.000002382,0.000008104,0.000027796,1.000000000,0.000002575,-0.000014425,-0.000004476
1789662847.071696997,0.000000556,0.000008281,0.000029412,1.000000000,0.000004397,-0.000013871,-0.000007221
1789662847.104969740,0.000002640,0.000011405,0.000028552,1.000000000,0.000007126,-0.000011285,-0.000003564
1789662847.138238668,0.000001452,0.000007495,0.000029890,1.000000000,0.000004338,-0.000011834,-0.000011949
1789662847.171504021,0.000003955,0.000002894,0.000027952,1.000000000,-0.000003475,-0.000015848,-0.000002308
1789662847.204764366,0.000001061,0.000006004,0.000029437,1.000000000,0.000003359,-0.000014554,-0.000003733
1789662847.238022089,0.000001474,0.000008568,0.000025004,1.000000000,0.000001607,-0.000008369,-0.000006963
1789662847.271275520,0.000003954,0.000005182,0.000025004,1.000000000,0.000002782,-0.000011842,-0.000005321
1789662847.304524422,-0.000000030,0.000006194,0.000029984,1.000000000,0.000002799,-0.000011582,-0.000011181
1789662847.337770462,-0.000002951,0.000005806,0.000026199,1.000000000,0.000002434,-0.000006277,-0.000002353
1789662847.371013403,0.000000131,0.000004112,0.000021424,1.000000000,0.000000734,-0.000008443,-0.000007860
1789662847.404238462,-0.000001832,0.000003507,0.000025172,1.000000000,-0.000002365,-0.000008142,-0.000005949
1789662847.437457561,-0.000000632,0.000003061,0.000026639,1.000000000,-0.000000564,-0.000008236,-0.000007395
1789662847.470672369,0.000005286,0.000001089,0.000025373,1.000000000,-0.000004509,-0.000016858,-0.000008714
1789662847.503881931,0.000000097,0.000011329,0.000030355,1.000000000,0.000006236,-0.000008387,-0.000006246
1789662847.537086248,-0.000003820,0.000006036,0.000030409,1.000000000,0.000003903,-0.000005185,-0.000004616
1789662847.570284367,0.000001867,0.000004718,0.000025740,1.000000000,-0.000000081,-0.000010182,-0.000010331
1789662847.603478193,0.000000620,0.000001626,0.000021189,1.000000000,-0.000004003,-0.000006125,-0.000009740
1789662847.636667013,-0.000003329,0.000004611,0.000026592,1.000000000,0.000004213,-0.000002678,0.000000384
1789662847.669849396,0.000000875,0.000009708,0.000027711,1.000000000,0.000004053,-0.000010369,-0.000006985
1789662847.703027487,0.000001038,0.000006987,0.000028248,1.000000000,0.000002696,-0.000009412,-0.000002703
1789662847.736200571,0.000000435,0.000003623,0.000024516,1.000000000,0.000000089,-0.000007839,-0.000005573
1789662847.769368410,0.000002013,0.000006279,0.000030473,1.000000000,0.000004083,-0.000012859,-0.000001138
1789662847.802529812,-0.000000844,0.000002867,0.000026078,1.000000000,-0.000001386,-0.000007760,-0.000005337
1789662847.835687160,0.000003807,0.000003743,0.000021789,1.000000000,-0.000001342,-0.000012692,-0.000004308
1789662847.868839264,-0.000005371,0.000002641,0.000026955,1.000000000,0.000000527,-0.000002927,-0.000005632
1789662847.901985168,0.000007082,0.000011438,0.000024003,1.000000000,0.000008653,-0.000016133,-0.000005016
1789662847.935126781,0.000000575,0.000006533,0.000024438,1.000000000,0.000004679,-0.000008592,-0.000000827
1789662847.968263149,0.000001655,0.000006491,0.000025606,1.000000000,0.000003098,-0.000009022,-0.000008714
1789662848.001394272,-0.000000860,0.000006086,0.000028711,1.000000000,0.000003255,-0.000008447,-0.000004106
1789662848.034519196,0.000000606,0.000005050,0.000030861,1.000000000,-0.000001260,-0.000007575,-0.000002269
1789662848.067640066,0.000003297,0.000008812,0.000027726,1.000000000,0.000005364,-0.000013834,-0.000007409
1789662848.100755692,-0.000004492,-0.000003028,0.000025384,1.000000000,-0.000011865,-0.000001836,-0.000011968
1789662848.133865833,0.000004820,0.000011263,0.000027862,1.000000000,0.000004727,-0.000015265,-0.000003037
1789662848.166969776,-0.000000346,0.000002005,0.000022211,1.000000000,-0.000003915,-0.000004505,-0.000005175
1789662848.200069666,0.000001450,0.000010819,0.000026025,1.000000000,0.000007951,-0.000010682,-0.000003373
1789662848.233164310,0.000000123,0.000003139,0.000026206,1.000000000,-0.000001674,-0.000010753,-0.000012907
1789662848.266252756,0.000006310,0.000001442,0.000027714,1.000000000,-0.000000109,-0.000013367,-0.000003367
1789662848.299336672,0.000001386,0.000005216,0.000026585,1.000000000,0.000001452,-0.000009264,-0.000005150
1789662848.332415819,-0.000003059,0.000000884,0.000025567,1.000000000,-0.000002963,-0.000005836,-0.000007281
1789662848.365490437,0.000004487,0.000002900,0.000021977,1.000000000,-0.000003457,-0.000012056,-0.000003158
1789662848.398847342,0.000005203,0.000007606,0.000027290,1.000000000,0.000004150,-0.000014916,-0.000006114
1789662848.432206154,0.000001926,0.000003439,0.000024538,1.000000000,-0.000005352,-0.000008193,-0.000008427
1789662848.465565443,-0.000001541,0.000006381,0.000028487,1.000000000,0.000001447,-0.000006623,-0.000007577
1789662848.498925447,0.000001453,0.000004731,0.000028401,1.000000000,0.000000913,-0.000014649,-0.000010263
1789662848.532285213,-0.000000164,0.000008863,0.000024042,1.000000000,0.000005563,-0.000007696,-0.000005590
1789662848.565646172,0.000000139,0.000010033,0.000028077,1.000000000,0.000004906,-0.000010720,-0.000004792
1789662848.599008322,0.000000630,0.000002191,0.000024752,1.000000000,-0.000005098,-0.000009620,-0.000009646
1789662848.632369518,0.000003571,0.000010585,0.000027992,1.000000000,0.000007874,-0.000013125,-0.000005246
1789662848.665732861,-0.000002064,-0.000000464,0.000024438,1.000000000,-0.000006413,-0.000006685,-0.000007755
1789662848.699096680,0.000002054,0.000009004,0.000031134,1.000000000,0.000006313,-0.000014442,-0.000005386
1789662848.732461214,0.000000574,0.000008769,0.000030978,1.000000000,0.000001570,-0.000012911,-0.000000874
1789662848.765825272,0.000005413,0.000003812,0.000026765,1.000000000,0.000001122,-0.000016307,-0.000005484
1789662848.799190998,0.000003795,0.000010143,0.000025899,1.000000000,0.000006481,-0.000010786,0.000000791
1789662848.832557201,0.000001535,0.000013518,0.000034010,1.000000000,0.000007424,-0.000013926,-0.000010244
1789662848.865924120,0.000001961,0.000008181,0.000027918,1.000000000,0.000005758,-0.000011544,-0.000006456
1789662848.899290800,-0.000004354,0.000002995,0.000023150,1.000000000,-0.000001189,-0.000002587,-0.000006827
1789662848.932658911,0.000000670,0.000002597,0.000025353,1.000000000,-0.000001665,-0.000003847,-0.000004303
1789662848.966027737,0.000004398,0.000009621,0.000028312,1.000000000,0.000007177,-0.000016847,-0.000002780
1789662848.999396324,0.000001879,0.000006282,0.000024452,1.000000000,0.000001773,-0.000013001,-0.000008125
1789662849.032766342,-0.000004673,0.000000529,0.000026005,1.000000000,-0.000003478,-0.000003069,-0.000009309
1789662849.066137314,0.000003857,0.000010049,0.000029495,1.000000000,0.000005612,-0.000013955,-0.000007809
1789662849.099508524,-0.000001965,0.000008475,0.000027479,1.000000000,0.000007686,-0.000009754,-0.000006172
1789662849.132879734,0.000000269,0.000009829,0.000030880,1.000000000,0.000002416,-0.000010258,-0.000000169
1789662849.166252136,0.000001438,0.000011144,0.000025121,1.000000000,0.000008204,-0.000007909,-0.000005869
1789662849.199625492,0.000001523,0.000007057,0.000025266,1.000000000,0.000003613,-0.000011253,-0.000006654
1789662849.232998610,0.000005102,0.000012950,0.000032742,1.000000000,0.000009973,-0.000018024,-0.000001538
1789662849.266373158,0.000004543,0.000007884,0.000023297,1.000000000,0.000006326,-0.000016173,-0.000001953
1789662849.299748182,0.000003925,0.000010568,0.000032697,1.000000000,0.000005370,-0.000016797,-0.000007122
1789662849.333123922,0.000000056,0.000008094,0.000026684,1.000000000,0.000004622,-0.000008857,-0.000011348
1789662849.366499186,0.000001890,0.000011454,0.000028124,1.000000000,0.000008192,-0.000010037,-0.000001076
1789662849.399802685,-0.000003472,0.000004033,0.000024791,1.000000000,-0.000000965,-0.000004272,-0.000006090
1789662849.433105707,0.000001218,0.000012765,0.000034528,1.000000000,0.000006357,-0.000015024,-0.000003837
1789662849.466408253,0.000001284,0.000002194,0.000022417,1.000000000,0.000000013,-0.000008260,-0.000005008
1789662849.499709129,0.000000550,0.000005507,0.000025838,1.000000000,0.000001450,-0.000010777,-0.000007917
1789662849.533010960,0.000001797,0.000006421,0.000029063,1.000000000,0.000001664,-0.000012090,-0.000007917
1789662849.566312075,0.000002190,0.000002882,0.000024542,1.000000000,-0.000001259,-0.000009524,-0.000006599
1789662849.599611759,0.000001256,0.000007479,0.000024742,1.000000000,0.000004827,-0.000010551,-0.000008036
1789662849.632912159,0.000003928,0.000005350,0.000027590,1.000000000,0.000000177,-0.000010085,-0.000010410
1789662849.666211605,-0.000002123,0.000001828,0.000025601,1.000000000,-0.000002106,-0.000005752,-0.000008938
1789662849.699511051,0.000003098,0.000008344,0.000024024,1.000000000,0.000004583,-0.000013679,-0.000003825
1789662849.732808828,-0.000002954,0.000004547,0.000028416,1.000000000,-0.000000230,-0.000008190,-0.000009760
1789662849.766107321,-0.000000261,0.000005549,0.000020916,1.000000000,0.000005104,-0.000005799,-0.000005963
1789662849.799405336,-0.000001391,0.000001690,0.000024001,1.000000000,-0.000001236,-0.000006918,-0.000007402
1789662849.832702875,0.000000869,0.000008670,0.000026269,1.000000000,0.000007836,-0.000008185,-0.000002617
1789662849.865998745,0.000002563,0.000010921,0.000025891,1.000000000,0.000009059,-0.000014929,-0.000003608
1789662849.899295330,0.000003062,0.000005538,0.000022012,1.000000000,0.000001424,-0.000012034,-0.000006747
1789662849.932591438,0.000000432,0.000003326,0.000026174,1.000000000,-0.000003436,-0.000009617,-0.000008296
1789662849.965886116,0.000002360,0.000012763,0.000031539,1.000000000,0.000011132,-0.000013343,0.000000099
1789662849.999181509,-0.000000653,0.000006454,0.000025277,1.000000000,0.000002174,-0.000010180,-0.000003298
1789662850.032476187,-0.000000092,0.000004229,0.000026809,1.000000000,0.000002210,-0.000007532,-0.000002385
1789662850.065770626,-0.000004649,0.000006467,0.000029193,1.000000000,0.000002782,-0.000001814,0.000000796
1789662850.099063158,0.000004243,0.000012100,0.000028833,1.000000000,0.000009545,-0.000015364,-0.000006148
1789662850.132356644,0.000005741,0.000007555,0.000025034,1.000000000,0.000003360,-0.000011792,-0.000001811
1789662850.165649652,-0.000000443,0.000006155,0.000027683,1.000000000,0.000003042,-0.000012435,-0.000008237
1789662850.198941946,0.000001728,0.000004472,0.000026868,1.000000000,-0.000000241,-0.000013513,-0.000005493
1789662850.232232809,-0.000000719,0.000005003,0.000021131,1.000000000,0.000004168,-0.000008488,-0.000005772
1789662850.265524626,-0.000000835,0.000002987,0.000023756,1.000000000,0.000000455,-0.000006573,-0.000008051
1789662850.298815727,-0.000002407,0.000008276,0.000026585,1.000000000,0.000006994,-0.000008399,-0.000006360
1789662850.332105160,0.000000987,0.000006404,0.000022566,1.000000000,0.000000324,-0.000006010,-0.000008166
1789662850.365395546,-0.000005693,0.000003755,0.000027248,1.000000000,-0.000003883,0.000000099,-0.000011115
1789662850.398705721,0.000006324,0.000011347,0.000023715,1.000000000,0.000006640,-0.000014764,-0.000007201
1789662850.432015657,0.000001648,0.000009817,0.000035046,1.000000000,0.000006998,-0.000015849,-0.000007439
1789662850.465324402,0.000005917,0.000010380,0.000024085,1.000000000,0.000006679,-0.000012398,-0.000006861
1789662850.498633862,-0.000002655,0.000005485,0.000026691,1.000000000,0.000003675,-0.000006935,-0.000007973
1789662850.531943083,0.000003533,0.000008605,0.000028258,1.000000000,0.000005917,-0.000012221,0.000002107
1789662850.565251112,0.000000614,0.000012004,0.000026232,1.000000000,0.000007864,-0.000004969,-0.000008425
1789662850.598560333,0.000002544,0.000004038,0.000025460,1.000000000,0.000000347,-0.000012578,-0.000006421
1789662850.631868839,-0.000001666,0.000003743,0.000030241,1.000000000,-0.000002282,-0.000008334,-0.000005020
1789662850.665177584,0.000002040,0.000003316,0.000024705,1.000000000,-0.000001145,-0.000010852,-0.000008174
1789662850.698484659,0.000001253,0.000012787,0.000029685,1.000000000,0.000008423,-0.000012843,-0.000008816
1789662850.731792688,0.000001533,0.000006257,0.000029155,1.000000000,-0.000000370,-0.000012800,-0.000010815
1789662850.765100479,0.000002818,0.000004571,0.000020248,1.000000000,-0.000000625,-0.000011371,-0.000012894
1789662850.798408270,0.000001418,0.000008149,0.000022210,1.000000000,0.000004966,-0.000007614,-0.000004585
1789662850.831714869,0.000006239,0.000009953,0.000026096,1.000000000,0.000006763,-0.000015077,-0.000003935
1789662850.865021944,-0.000002977,0.000000545,0.000025524,1.000000000,-0.000002677,-0.000005881,-0.000008395
1789662850.898329020,0.000004274,0.000007559,0.000024677,1.000000000,0.000003365,-0.000013364,-0.000006180
1789662850.931634903,0.000003155,0.000004782,0.000025456,1.000000000,0.000000468,-0.000011290,-0.000004458
1789662850.964941740,-0.000002734,0.000004370,0.000027075,1.000000000,0.000000970,-0.000003461,-0.000004757
1789662850.998248100,0.000004392,0.000007394,0.000026276,1.000000000,0.000000446,-0.000014045,-0.000007049
1789662851.031554222,-0.000001617,0.000003698,0.000022042,1.000000000,0.000001170,-0.000005901,-0.000003490
1789662851.064859390,0.000001426,-0.000000212,0.000027886,1.000000000,-0.000004910,-0.000013595,-0.000010558
1789662851.098165035,-0.000002478,0.000003317,0.000024067,1.000000000,-0.000000601,-0.000006780,-0.000011119
1789662851.131470680,-0.000001919,0.000001281,0.000028067,1.000000000,-0.000001502,-0.000008503,-0.000004329
1789662851.164776087,0.000004001,0.000013261,0.000033005,1.000000000,0.000009548,-0.000014683,-0.000001431
1789662851.198080301,0.000001253,0.000008799,0.000026789,1.000000000,0.000004330,-0.000010993,-0.000007611
1789662851.231385469,0.000000575,0.000008120,0.000026966,1.000000000,0.000002754,-0.000009047,-0.000005383
1789662851.264690161,0.000002863,0.000004605,0.000028955,1.000000000,0.000000713,-0.000011946,-0.000003720
1789662851.297993898,0.000004634,0.000009530,0.000027176,1.000000000,0.000006510,-0.000014780,-0.000003828
1789662851.331298351,0.000000917,0.000002967,0.000030546,1.000000000,-0.000000126,-0.000011553,-0.000006669
1789662851.364602566,-0.000004754,0.000001543,0.000026907,1.000000000,-0.000000848,-0.000001680,-0.000004590
1789662851.397913933,-0.000000042,0.000004120,0.000025035,1.000000000,-0.000000909,-0.000008881,-0.000007355
1789662851.431223869,0.000000126,0.000007959,0.000026630,1.000000000,0.000003001,-0.000006696,-0.000003794
1789662851.464534760,-0.000000067,0.000008072,0.000030402,1.000000000,0.000002432,-0.000010460,-0.000004045
1789662851.497845411,0.000003991,0.000004049,0.000022880,1.000000000,0.000001545,-0.000014813,0.000000115
1789662851.531156301,0.000001772,0.000011194,0.000026686,1.000000000,0.000006574,-0.000010028,-0.000003246
1789662851.564465523,-0.000001006,0.000007463,0.000031107,1.000000000,0.000003554,-0.000007624,-0.000002528
1789662851.597775936,0.000002052,0.000011033,0.000029525,1.000000000,0.000004821,-0.000011634,-0.000004135
1789662851.631086111,0.000002466,0.000009204,0.000024318,1.000000000,0.000006253,-0.000012026,-0.000006549
1789662851.664395332,0.000003291,0.000008992,0.000026938,1.000000000,0.000004460,-0.000015860,-0.000011002
1789662851.697705030,0.000004400,0.000010447,0.000027184,1.000000000,0.000009941,-0.000015455,-0.000004333
1789662851.731014967,-0.000004295,0.000004216,0.000033458,1.000000000,-0.000001208,-0.000009467,-0.000012480
1789662851.764324427,-0.000002262,0.000000187,0.000026812,1.000000000,-0.000005104,-0.000005096,-0.000004476
1789662851.797633171,-0.000004343,0.000003349,0.000022127,1.000000000,-0.000003035,-0.000001191,-0.000006757
1789662851.830942392,0.000009447,0.000011167,0.000027158,1.000000000,0.000007897,-0.000019582,-0.000006902
1789662851.864251375,0.000003315,0.000010280,0.000023364,1.000000000,0.000007496,-0.000012537,-0.000004262
1789662851.897559643,-0.000002101,0.000006070,0.000027501,1.000000000,0.000003732,-0.000007542,-0.000005245
1789662851.930868387,0.000002492,0.000006358,0.000025291,1.000000000,0.000001739,-0.000012353,-0.000004861
1789662851.964177132,-0.000003797,-0.000002479,0.000023688,1.000000000,-0.000004992,-0.000001671,-0.000002159
1789662851.997485876,0.000001806,0.000004169,0.000021986,1.000000000,0.000000551,-0.000009520,-0.000008050
1789662852.030793190,0.000001183,0.000006483,0.000022257,1.000000000,0.000002525,-0.000011038,-0.000008353
1789662852.064101458,-0.000000018,0.000011062,0.000030267,1.000000000,0.000004601,-0.000008860,-0.000000550
1789662852.097409725,0.000000572,0.000006483,0.000025711,1.000000000,0.000004444,-0.000009952,-0.000004318
1789662852.130717754,-0.000000514,0.000010108,0.000024796,1.000000000,0.000008333,-0.000006313,-0.000009410
1789662852.164024591,0.000003727,0.000009994,0.000028704,1.000000000,0.000006549,-0.000012994,-0.000004055
1789662852.197332382,-0.000000566,0.000000312,0.000019830,1.000000000,-0.000004756,-0.000009869,-0.000009781
1789662852.230639935,0.000001020,0.000006772,0.000029701,1.000000000,0.000002225,-0.000015216,-0.000009650
1789662852.263946295,-0.000002190,0.000008877,0.000025391,1.000000000,0.000004921,-0.000006021,-0.000006255
1789662852.297253609,0.000000204,0.000007366,0.000026051,1.000000000,0.000003561,-0.000010006,-0.000008538
1789662852.330560684,0.000000003,0.000000688,0.000026816,1.000000000,-0.000004676,-0.000009872,-0.000010836
1789662852.363867998,0.000001908,0.000008399,0.000024394,1.000000000,0.000006575,-0.000012273,-0.000003537
1789662852.397178411,0.000001415,0.000007028,0.000025960,1.000000000,0.000004734,-0.000012746,-0.000010863
1789662852.430489779,0.000000659,0.000006516,0.000026100,1.000000000,0.000006328,-0.000010526,-0.000000634
1789662852.463800907,-0.000002181,0.000013313,0.000034239,1.000000000,0.000010535,-0.000007566,-0.000001399
1789662852.497112274,-0.000001505,0.000005541,0.000024019,1.000000000,0.000002847,-0.000010273,-0.000011521
1789662852.530422449,-0.000000943,0.000003392,0.000022727,1.000000000,0.000000250,-0.000004410,-0.000005349
1789662852.563733101,-0.000000103,0.000003627,0.000025013,1.000000000,-0.000002642,-0.000011866,-0.000008808
1789662852.597044230,0.000001069,0.000006857,0.000024977,1.000000000,0.000003544,-0.000011821,-0.000007593
1789662852.630353689,0.000000091,0.000005848,0.000027328,1.000000000,0.000002881,-0.000010409,-0.000007970
1789662852.663664579,0.000000031,0.000005784,0.000032355,1.000000000,0.000001003,-0.000014264,-0.000005456
1789662852.696974993,-0.000002119,0.000003492,0.000030045,1.000000000,0.000002051,-0.000009976,-0.000007374
1789662852.730285406,0.000001695,0.000007228,0.000025631,1.000000000,0.000003234,-0.000012136,-0.000004870
1789662852.763594627,0.000001965,0.000005839,0.000027373,1.000000000,0.000000864,-0.000013704,-0.000003700
1789662852.796905041,0.000001698,0.000008940,0.000028187,1.000000000,0.000007706,-0.000013611,-0.000005060
1789662852.830214977,0.000002557,0.000005581,0.000026951,1.000000000,-0.000006810,-0.000014949,-0.000009902
1789662852.863524914,0.000001562,0.000006389,0.000023789,1.000000000,0.000003050,-0.000011012,-0.000003766
1789662852.896833658,0.000002328,0.000003463,0.000023976,1.000000000,-0.000001577,-0.000011820,-0.000010343
1789662852.930143595,-0.000003090,0.000003241,0.000025531,1.000000000,-0.000001497,-0.000006935,-0.000013804
1789662852.963453054,-0.000001960,0.000000988,0.000024781,1.000000000,-0.000003401,-0.000005456,-0.000010989
1789662852.996761799,0.000001557,0.000001793,0.000021672,1.000000000,-0.000005096,-0.000009506,-0.000008936
1789662853.030071259,0.000005219,0.000005062,0.000031117,1.000000000,0.000000403,-0.000013751,-0.000007623
1789662853.063380718,-0.000000824,0.000011262,0.000024246,1.000000000,0.000003436,-0.000005969,-0.000008173
1789662853.096689701,-0.000000063,0.000004451,0.000024420,1.000000000,0.000000331,-0.000005981,-0.000009087
1789662853.129997730,0.000002987,0.000005496,0.000020073,1.000000000,0.000001594,-0.000012343,-0.000002882
1789662853.163306952,0.000006995,0.000019008,0.000034961,1.000000000,0.000016713,-0.000020769,-0.000004179
1789662853.196615696,-0.000002710,0.000004691,0.000023743,1.000000000,0.000000487,-0.000007188,-0.000005694
1789662853.229923248,0.000001960,0.000009282,0.000023839,1.000000000,0.000007221,-0.000015670,-0.000007958
1789662853.263232231,0.000004226,0.000004486,0.000025522,1.000000000,-0.000002489,-0.000012975,-0.000005568
1789662853.296540499,-0.000000381,0.000009014,0.000030263,1.000000000,0.000006101,-0.000009520,-0.000005467
1789662853.329849005,0.000006668,0.000008917,0.000021303,1.000000000,0.000003707,-0.000014577,-0.000010275
1789662853.363156557,0.000001257,0.000011432,0.000031190,1.000000000,0.000010889,-0.000014830,-0.000000249
1789662853.396471024,0.000001669,0.000010536,0.000025802,1.000000000,0.000005307,-0.000012921,-0.000006716
1789662853.429785490,0.000000179,0.000007562,0.000029022,1.000000000,0.000002287,-0.000010064,-0.000005745
1789662853.463099718,0.000001147,0.000003322,0.000025402,1.000000000,-0.000001439,-0.000010102,-0.000004904
1789662853.496412992,-0.000001225,0.000008270,0.000026976,1.000000000,0.000004307,-0.000005576,0.000002272
1789662853.529727221,-0.000002625,0.000005429,0.000028507,1.000000000,0.000001684,-0.000007795,-0.000007859
1789662853.563041449,0.000006566,0.000007738,0.000023768,1.000000000,0.000004859,-0.000017569,-0.000007671
1789662853.596354723,0.000001345,0.000004190,0.000026168,1.000000000,0.000002062,-0.000011134,-0.000009398
1789662853.629668713,0.000000592,0.000007960,0.000027792,1.000000000,0.000006524,-0.000011101,-0.000008669
1789662853.662982702,0.000001757,0.000005082,0.000025733,1.000000000,0.000000806,-0.000010321,-0.000003815
1789662853.696296692,0.000003108,0.000013018,0.000025822,1.000000000,0.000009013,-0.000013967,-0.000001938
1789662853.729609728,-0.000005028,0.000000615,0.000023604,1.000000000,-0.000005262,-0.000003306,-0.000006132
1789662853.762923241,0.000001996,0.000005166,0.000032992,1.000000000,-0.000004095,-0.000016418,-0.000004170
1789662853.796236992,0.000002807,0.000006455,0.000024955,1.000000000,-0.000000310,-0.000011571,-0.000010875
1789662853.829550743,0.000000538,0.000002655,0.000025218,1.000000000,-0.000002491,-0.000012874,-0.000010542
1789662853.862863541,0.000001246,0.000009519,0.000026408,1.000000000,0.000003460,-0.000013610,-0.000010271
1789662853.896177053,0.000005755,0.000005404,0.000024067,1.000000000,0.000000912,-0.000018451,0.000000196
1789662853.929490805,-0.000001825,0.000003477,0.000029781,1.000000000,-0.000000806,-0.000009420,-0.000004333
1789662853.962803125,-0.000001501,0.000002386,0.000025658,1.000000000,-0.000003074,-0.000007177,-0.000007880
1789662853.996116400,0.000001272,0.000007842,0.000026875,1.000000000,0.000003484,-0.000014142,-0.000006820
1789662854.029429913,0.000000707,0.000009611,0.000027741,1.000000000,0.000007030,-0.000012668,-0.000004632
1789662854.062743187,-0.000004976,-0.000000083,0.000024633,1.000000000,-0.000007673,-0.000004629,-0.000010397
1789662854.096055508,-0.000000269,0.000002523,0.000018202,1.000000000,-0.000003069,-0.000005204,-0.000009229
1789662854.129368544,0.000000354,0.000004495,0.000026122,1.000000000,-0.000000352,-0.000010043,-0.000005046
1789662854.162681580,-0.000000099,0.000006612,0.000025083,1.000000000,-0.000000751,-0.000009704,-0.000003082
1789662854.195994854,0.000002587,0.000015654,0.000030967,1.000000000,0.000011365,-0.000013571,-0.000009943
1789662854.229306698,0.000004483,0.000005809,0.000019924,1.000000000,0.000001586,-0.000012587,-0.000004732
1789662854.262619734,0.000004306,0.000003997,0.000020434,1.000000000,-0.000000685,-0.000013223,-0.000007413
1789662854.295932531,-0.000003039,0.000004370,0.000023864,1.000000000,0.000001337,-0.000004130,-0.000007610
1789662854.329244375,0.000007855,0.000013451,0.000027871,1.000000000,0.000010006,-0.000019743,-0.000001102
1789662854.362557173,0.000000809,0.000004896,0.000021349,1.000000000,0.000001896,-0.000007385,-0.000007422
1789662854.395876646,0.000004356,0.000009535,0.000023551,1.000000000,0.000001738,-0.000012291,-0.000004220
1789662854.429196119,-0.000000655,0.000004917,0.000027966,1.000000000,-0.000001375,-0.000011021,-0.000007396
1789662854.462514400,0.000001286,0.000005619,0.000024090,1.000000000,0.000002502,-0.000011166,-0.000004637
1789662854.495833874,0.000003013,0.000005812,0.000024619,1.000000000,0.000001591,-0.000011589,-0.000006140
1789662854.529153347,0.000000248,0.000006016,0.000029116,1.000000000,-0.000002339,-0.000008952,-0.000008042
1789662854.562471628,-0.000001474,0.000007320,0.000027381,1.000000000,0.000004562,-0.000006872,-0.000005577
1789662854.595791101,0.000004163,0.000007515,0.000024780,1.000000000,0.000003336,-0.000013347,-0.000002053
1789662854.629110575,-0.000000359,0.000012567,0.000030297,1.000000000,0.000009068,-0.000011385,-0.000004411
1789662854.662430048,0.000005708,0.000008159,0.000026146,1.000000000,0.000002955,-0.000015737,0.000000938
1789662854.695748329,0.000004324,0.000015068,0.000030125,1.000000000,0.000014211,-0.000016496,-0.000001055
1789662854.729067564,0.000002108,0.000011871,0.000028524,1.000000000,0.000008026,-0.000012857,-0.000003396
1789662854.762387037,0.000001955,0.000005546,0.000023858,1.000000000,0.000001298,-0.000014129,-0.000010205
1789662854.795706272,0.000003622,0.000011287,0.000030508,1.000000000,0.000008714,-0.000014804,-0.000003242
1789662854.829024315,-0.000006431,0.000006445,0.000027820,1.000000000,0.000003282,-0.000005634,-0.000009762
1789662854.862343788,-0.000003123,0.000004197,0.000030317,1.000000000,0.000002511,-0.000006686,-0.000009217
1789662854.895663023,0.000002092,0.000005992,0.000021863,1.000000000,0.000003535,-0.000009319,-0.000002591
1789662854.928981543,0.000001927,0.000007837,0.000025433,1.000000000,0.000003353,-0.000012648,-0.000004835
1789662854.962300539,-0.000000501,0.000006328,0.000027952,1.000000000,0.000002311,-0.000008372,-0.000002963
1789662854.995619774,-0.000002994,0.000005487,0.000023481,1.000000000,0.000004624,-0.000007236,-0.000005933
1789662855.028939009,0.000000872,0.000009822,0.000028090,1.000000000,0.000006133,-0.000010410,-0.000002306
1789662855.062257290,0.000002838,0.000008118,0.000027961,1.000000000,0.000004036,-0.000014507,-0.000008282
1789662855.095576525,0.000004161,0.000009012,0.000027606,1.000000000,0.000005234,-0.000013864,-0.000003443
1789662855.128895760,0.000001929,0.000007581,0.000024336,1.000000000,0.000003036,-0.000011256,-0.000006665
1789662855.162214756,0.000002931,0.000013389,0.000030795,1.000000000,0.000008821,-0.000014950,-0.000004526
1789662855.195533037,0.000000400,0.000000864,0.000022711,1.000000000,-0.000004516,-0.000008209,-0.000005528
1789662855.228852272,0.000002381,0.000008035,0.000022766,1.000000000,0.000002805,-0.000008884,-0.000005388
1789662855.262171268,-0.000001468,0.000004779,0.000023725,1.000000000,-0.000000141,-0.000005204,-0.000002919
1789662855.295489550,0.000005604,0.000016834,0.000036930,1.000000000,0.000011853,-0.000015756,0.000002597
1789662855.328808546,-0.000002393,0.000004191,0.000026450,1.000000000,-0.000001742,-0.000002795,-0.000002032
1789662855.362127781,-0.000000675,0.000006405,0.000023378,1.000000000,0.000002977,-0.000007358,-0.000002362
1789662855.395444393,0.000005095,0.000015764,0.000027293,1.000000000,0.000014097,-0.000015119,0.000003113
1789662855.428759813,-0.000000270,0.000002675,0.000024929,1.000000000,-0.000000809,-0.000006924,-0.000004996
1789662855.462076426,0.000003930,-0.000002889,0.000016752,1.000000000,-0.000011685,-0.000008736,-0.000003681
1789662855.495392799,0.000011445,-0.000000958,0.000018871,1.000000000,-0.000012010,-0.000014079,-0.000009181
1789662855.528709173,0.000096877,-0.000098472,-0.000027345,1.000000000,-0.000100280,-0.000080077,-0.000034259
1789662855.562024593,0.000110926,-0.000121434,-0.000021964,1.000000000,-0.000133232,-0.000102502,-0.000039924
1789662855.595340967,0.000119343,-0.000078858,-0.000043101,1.000000000,-0.000087678,-0.000098551,-0.000022489
1789662855.628657579,0.000365188,-0.000167058,-0.000197107,0.999998927,0.001334164,-0.000327159,0.000544119
1789662855.661973000,0.000544107,-0.000333602,-0.000163554,0.999998987,0.000752570,-0.000518972,0.001152628
1789662855.695289135,0.000380778,-0.000293297,-0.000101461,0.999999821,-0.000128012,-0.000321189,0.000473197
1789662855.728605509,0.000656639,-0.000344583,-0.000326463,0.999998927,0.000894945,-0.000628555,0.000987841
1789662855.761921644,0.000643886,-0.000285661,-0.000703686,0.999998450,0.001595000,-0.000744038,0.000163349
1789662855.795236826,0.000903199,-0.000079917,-0.001078534,0.999995589,0.002510128,-0.001121383,0.001195003
1789662855.828552961,0.000817530,-0.000140462,-0.001219254,0.999994993,0.002729408,-0.001079173,0.001252079
1789662855.861869097,0.000502321,-0.000108404,-0.001317950,0.999992490,0.003731020,-0.000798555,0.000709502
1789662855.895184278,0.000545520,-0.000123254,-0.002261775,0.999984741,0.005303695,-0.001259106,0.000978101
1789662855.928500175,0.000504459,-0.000180935,-0.002856832,0.999969542,0.006588422,0.003056256,0.002879948
1789662855.961816311,0.000738174,-0.000547147,-0.003258670,0.999916971,0.004918010,0.009177027,0.007602684
1789662855.995132208,0.002738061,-0.002330731,-0.004788549,0.999920189,0.003671704,0.004159025,0.011354466
1789662856.028447628,0.004738335,-0.005340990,-0.006430029,0.999895811,0.002313533,0.000478842,0.014245719
1789662856.061763525,0.006580607,-0.009257782,-0.007563960,0.999838054,0.000218353,-0.001665590,0.017919254
1789662856.095079422,0.008024138,-0.013390302,-0.008270532,0.999776244,-0.000814274,-0.002558323,0.020985223
1789662856.128395319,0.010367339,-0.017910569,-0.009003752,0.999743521,-0.002035541,-0.001779142,0.022488384
1789662856.161710262,0.013452864,-0.022541533,-0.009521374,0.999692023,-0.002388930,-0.001580212,0.024651639
1789662856.195025921,0.014296595,-0.025864233,-0.008726072,0.999638915,-0.002028371,0.000594956,0.026790651
1789662856.228341818,0.018557082,-0.032399130,-0.008498770,0.999505639,-0.004187103,0.002314504,0.031075303
1789662856.261656523,0.019965273,-0.036076684,-0.006859326,0.999237239,-0.004738711,0.006738811,0.038173378
1789662856.294972420,0.026505975,-0.039044667,-0.006030215,0.998820961,0.002114160,0.004184528,0.048319321
1789662856.328288078,0.029738365,-0.044923249,-0.004593725,0.998789608,-0.002695882,0.004577804,0.048898488
1789662856.361603737,0.033451013,-0.050815931,-0.002276834,0.998509884,-0.000154786,0.011789373,0.053283129
1789662856.394928694,0.037837445,-0.057416811,-0.000426724,0.998271644,-0.000477965,0.017821923,0.056000534
1789662856.428254843,0.041857313,-0.064568182,0.002510379,0.998115540,-0.003775431,0.021339934,0.057408329
1789662856.461581230,0.046106294,-0.070015168,0.005447773,0.997785389,-0.006248170,0.022133045,0.062414367
1789662856.494907618,0.050555085,-0.076492559,0.008791844,0.997460961,-0.010718371,0.024887854,0.065858051
1789662856.528233051,0.055154447,-0.081512709,0.012560394,0.996972322,-0.014265600,0.030195920,0.070220903
1789662856.561559916,0.062541936,-0.088418525,0.016647811,0.996428311,-0.021317726,0.034710735,0.073968403
1789662856.594886780,0.067979937,-0.093418418,0.020888923,0.995678365,-0.026357304,0.043696221,0.077593215
1789662856.628212690,0.073296515,-0.098773941,0.024240635,0.994985878,-0.029613972,0.052232575,0.079986684
1789662856.661539555,0.079460069,-0.103368003,0.027626333,0.994258702,-0.029501960,0.056959495,0.085644171
1789662856.694866657,0.084119238,-0.109509677,0.031375708,0.993577182,-0.030349573,0.061136778,0.090253152
1789662856.728193998,0.090143798,-0.114027661,0.034444692,0.992765009,-0.030793222,0.063188717,0.097348318
1789662856.761520147,0.096902261,-0.117206309,0.038290924,0.991911173,-0.030712171,0.062680081,0.106019907
1789662856.794847965,0.102108962,-0.120357389,0.043027962,0.991013229,-0.032250434,0.064943559,0.112405665
1789662856.828175545,0.107181712,-0.123493428,0.048003990,0.990004301,-0.035275169,0.068375833,0.118202552
1789662856.861503124,0.110993616,-0.126485559,0.052973126,0.989166081,-0.039778873,0.071011208,0.122170463
1789662856.894829988,0.115064817,-0.128575713,0.058833594,0.988069534,-0.044250883,0.075678915,0.126622334
1789662856.928158045,0.119628743,-0.129132395,0.063842401,0.987029552,-0.048327595,0.081092469,0.129850537
1789662856.961486101,0.123747656,-0.132425399,0.071880169,0.985695779,-0.057052817,0.089366876,0.131005406
1789662856.994813204,0.127331191,-0.133307265,0.079602491,0.984066367,-0.063820638,0.099025741,0.133170336
1789662857.028141499,0.130119366,-0.134354447,0.086218463,0.982692480,-0.069442980,0.106271110,0.134905726
1789662857.061470032,0.133514391,-0.135702468,0.092864048,0.981313646,-0.076331489,0.111679137,0.136838764
1789662857.094798565,0.136375439,-0.136518419,0.100700868,0.979770422,-0.084096745,0.117490239,0.138469458
1789662857.128126144,0.140255940,-0.137082248,0.106652958,0.978376508,-0.091080412,0.122529037,0.139536247
1789662857.161455154,0.142996704,-0.136983698,0.113566574,0.976620555,-0.097188823,0.129810229,0.141124234
1789662857.194783926,0.146467918,-0.137461571,0.119479432,0.974803507,-0.101859793,0.135717347,0.144787878
1789662857.228111982,0.150774369,-0.137813042,0.125050834,0.973534107,-0.105574906,0.136535823,0.149810821
1789662857.261441231,0.152937749,-0.139409397,0.131356793,0.971723735,-0.111750133,0.140207440,0.153645188
1789662857.294770241,0.157935358,-0.139387354,0.135289815,0.969637573,-0.118133783,0.143943578,0.158517107
1789662857.328099966,0.161186861,-0.139617399,0.140998554,0.967198491,-0.126364410,0.150206968,0.161235869
1789662857.361428261,0.162948876,-0.138950450,0.148166449,0.964462101,-0.135405630,0.157033965,0.163763374
1789662857.394748211,0.166833602,-0.139001830,0.154886384,0.961855114,-0.146082357,0.160174787,0.166849956
1789662857.428068399,0.169562976,-0.138646776,0.160187563,0.960595906,-0.151696831,0.161376312,0.167932257
1789662857.461388588,0.171530715,-0.137805534,0.164941098,0.959608316,-0.156143814,0.163692713,0.167259365
1789662857.494707823,0.172950192,-0.137532897,0.169923674,0.958220422,-0.161529735,0.166929379,0.166902810
1789662857.528027773,0.174430370,-0.136790961,0.174471260,0.957446754,-0.164689183,0.167891309,0.167289421
1789662857.561347961,0.175696180,-0.136118704,0.178853548,0.956612170,-0.168491691,0.168543831,0.167621031
1789662857.594667196,0.177142098,-0.135035030,0.183792553,0.955233455,-0.174142286,0.170126796,0.168108225
1789662857.627987385,0.178322364,-0.133841388,0.188629158,0.954003990,-0.179774910,0.169916257,0.169369057
1789662857.661307573,0.179509622,-0.132143614,0.192568005,0.952760696,-0.185046941,0.169977471,0.170623571
1789662857.694627762,0.180997084,-0.130628997,0.196023774,0.951270103,-0.190039381,0.170982033,0.172439262
1789662857.727946997,0.181953207,-0.129147050,0.198770689,0.950247884,-0.193914905,0.170611382,0.174119800
1789662857.761267185,0.182960924,-0.127724120,0.202435963,0.948627055,-0.200081304,0.171598405,0.175009385
1789662857.794587374,0.183659847,-0.126724392,0.205759764,0.946926415,-0.206915095,0.172748685,0.175141037
1789662857.827907801,0.184019170,-0.125067130,0.208738708,0.945844591,-0.210987046,0.173717454,0.175170958
1789662857.861226797,0.184606571,-0.123499089,0.211973839,0.944420934,-0.216552690,0.174149677,0.175629899
1789662857.894547224,0.184586985,-0.121714508,0.215157357,0.943325758,-0.220910028,0.175267771,0.174975365
1789662857.927867413,0.184623323,-0.120095551,0.217750159,0.942217410,-0.224969268,0.176189512,0.174849987
1789662857.961186886,0.184318892,-0.118707558,0.220793858,0.941009760,-0.229462102,0.176670074,0.175030336
1789662857.994507074,0.184209244,-0.117440271,0.223033109,0.940139055,-0.233538061,0.176146358,0.174845725
1789662858.027827501,0.183951322,-0.115749600,0.225320381,0.939478397,-0.236488879,0.176713586,0.173855349
1789662858.061147690,0.183732385,-0.114464685,0.227723968,0.938672960,-0.240228951,0.177054524,0.172727630
1789662858.094466925,0.183825953,-0.112695979,0.229966106,0.937813282,-0.244545639,0.176437855,0.171969295
1789662858.127787352,0.184193884,-0.111722237,0.231300021,0.936634660,-0.249082968,0.175869107,0.172462463
1789662858.161107779,0.184684899,-0.110656371,0.232480510,0.935715258,-0.251808971,0.174991876,0.174376458
1789662858.194427967,0.185287042,-0.109804236,0.233982508,0.934448898,-0.255067378,0.174857467,0.176552266
1789662858.227747202,0.185928134,-0.108790935,0.235078844,0.933394074,-0.257488877,0.174609721,0.178847879
1789662858.261067629,0.186265105,-0.108093937,0.236979354,0.932278156,-0.260839462,0.174165308,0.180241019
1789662858.294388294,0.186890269,-0.106836125,0.238796417,0.931154549,-0.264906615,0.173755959,0.180512279
1789662858.327707529,0.187192002,-0.105107441,0.240389009,0.930360019,-0.267763585,0.173622265,0.180521846
1789662858.361027718,0.188238497,-0.104190268,0.241233181,0.930004299,-0.269740403,0.171157598,0.181761473
1789662858.394350767,0.188792618,-0.102575881,0.241919699,0.929829180,-0.269897759,0.170350373,0.183176637
1789662858.427673578,0.189395585,-0.101250462,0.242767530,0.928889215,-0.272373348,0.169687763,0.184888631
1789662858.460995436,0.189905088,-0.099891076,0.243811447,0.927807570,-0.275466204,0.168683082,0.186648026
1789662858.494318247,0.190134282,-0.098800898,0.244641513,0.926450253,-0.279339284,0.169583544,0.186818212
1789662858.527641296,0.190887240,-0.097350573,0.244224976,0.925947607,-0.280376822,0.169743031,0.187609047
1789662858.560963154,0.191042470,-0.096398454,0.245036624,0.924940169,-0.282620996,0.170624718,0.188409761
1789662858.594286203,0.191560838,-0.095537445,0.245553909,0.923749626,-0.285564750,0.169966742,0.190396294
1789662858.627609015,0.191502234,-0.094751054,0.246407753,0.922399521,-0.288115323,0.171651632,0.191584274
1789662858.660932064,0.191100662,-0.094132074,0.246636209,0.921764016,-0.290043503,0.170848012,0.192449719
1789662858.694253922,0.191207923,-0.093511350,0.247246942,0.921317160,-0.292931437,0.167561948,0.193103164
1789662858.727576971,0.191115575,-0.092938570,0.247334273,0.920643210,-0.295109332,0.167857155,0.192745090
1789662858.760900021,0.191201703,-0.092681096,0.247133393,0.920074284,-0.295661628,0.169918865,0.192808703
1789662858.794223070,0.191084563,-0.092522610,0.247089942,0.919767499,-0.295858920,0.170105636,0.193802297
1789662858.827545166,0.191417222,-0.092187133,0.247109545,0.919112444,-0.297806740,0.168978035,0.194910020
1789662858.860868216,0.191919405,-0.091349225,0.247167566,0.918374777,-0.299362272,0.167082414,0.197619572
1789662858.894191265,0.191686981,-0.090383936,0.248042800,0.917816520,-0.300661653,0.166361526,0.198844895
1789662858.927513361,0.191776872,-0.089293493,0.248767409,0.916972995,-0.302703261,0.166284546,0.199701250
1789662858.960836411,0.192105493,-0.088269823,0.249006448,0.916154623,-0.304651052,0.166935861,0.199952081
1789662858.994159698,0.192559827,-0.087404459,0.249195920,0.915811121,-0.305452406,0.167051718,0.200206235
1789662859.027482748,0.192781565,-0.086536948,0.249556068,0.915615380,-0.306096852,0.166296586,0.200745285
1789662859.060804844,0.193001224,-0.085651697,0.250158365,0.915055394,-0.307285786,0.165885508,0.201819539
1789662859.094127893,0.192991001,-0.084812912,0.250539405,0.914935529,-0.308003515,0.165700376,0.201420531
1789662859.127451181,0.193608486,-0.084261848,0.250501830,0.914721012,-0.308341742,0.165481001,0.202056587
1789662859.160774469,0.193787134,-0.084021478,0.250664122,0.914508939,-0.308796614,0.166236684,0.201701313
1789662859.194096565,0.193944460,-0.083730191,0.250813374,0.915079951,-0.307674795,0.164907068,0.201917037
1789662859.227419853,0.193983737,-0.083450235,0.250679207,0.916209757,-0.305491090,0.164163485,0.200712070
1789662859.260743141,0.194398864,-0.082911079,0.251328305,0.915704727,-0.306788355,0.165893182,0.199612558
1789662859.294065475,0.194991076,-0.082277340,0.251750649,0.914910614,-0.308460802,0.166186631,0.200430885
1789662859.327388763,0.195555866,-0.081474283,0.252082379,0.914364874,-0.308748066,0.165465727,0.203058228
1789662859.360711813,0.195689809,-0.080597133,0.252411962,0.914147139,-0.308449507,0.165610701,0.204370245
1789662859.394038439,0.196192955,-0.079682254,0.252602998,0.913690686,-0.309747040,0.166454539,0.203761995
1789662859.427363873,0.196980017,-0.078822027,0.252556471,0.913243353,-0.310443103,0.166389525,0.204759076
1789662859.460690498,0.196840799,-0.078168814,0.253036491,0.912909746,-0.311579108,0.166020676,0.204820529
1789662859.494016886,0.196997043,-0.077450811,0.252725739,0.913153470,-0.310685307,0.165386558,0.205603212
1789662859.527343512,0.197007042,-0.077350114,0.253082880,0.912855506,-0.311689049,0.165673435,0.205175832
1789662859.560669184,0.196660038,-0.076822486,0.253323929,0.913254499,-0.311314344,0.164869621,0.204615802
1789662859.593995810,0.195882322,-0.077867992,0.255460558,0.911766768,-0.315556943,0.165941671,0.203883663
1789662859.627322435,0.196044872,-0.077737932,0.256250059,0.911429107,-0.317388773,0.164782852,0.203489855
1789662859.660648108,0.195541417,-0.077383162,0.256752260,0.910918832,-0.318596572,0.165974453,0.202918082
1789662859.693975210,0.195432318,-0.077244820,0.257396599,0.910986423,-0.319474787,0.165254042,0.201818481
1789662859.727301836,0.195055453,-0.077264776,0.257796487,0.911194205,-0.319720089,0.165417179,0.200353324
1789662859.760628700,0.195015953,-0.077286097,0.258282211,0.910987735,-0.320167005,0.166353226,0.199802622
1789662859.793954611,0.195196406,-0.077202546,0.258738899,0.910512149,-0.321296394,0.166378632,0.200135991
1789662859.827281475,0.195011967,-0.077152739,0.259203112,0.910007060,-0.322032720,0.167821571,0.200045064
1789662859.860608339,0.195455942,-0.076827399,0.259607347,0.909461558,-0.322743922,0.168154687,0.201097414
1789662859.893934488,0.195920189,-0.076687769,0.260155592,0.908728242,-0.324712276,0.167234212,0.202009305
1789662859.927261591,0.196459312,-0.076579039,0.260233628,0.908180475,-0.324862897,0.168156192,0.203459755
1789662859.960588694,0.196848084,-0.076694367,0.260635578,0.907550752,-0.325629741,0.169110849,0.204250798
1789662859.993915796,0.197117069,-0.076659893,0.261277735,0.906814575,-0.326943845,0.170277610,0.204452157
1789662860.027241945,0.197515823,-0.076526740,0.261739715,0.906219602,-0.328025997,0.170720831,0.204986423
1789662860.060569286,0.197915161,-0.076034127,0.262037908,0.905781448,-0.328951299,0.170588091,0.205549821
1789662860.093896389,0.198082126,-0.075639917,0.262619176,0.905169785,-0.330589920,0.170756072,0.205475897
1789662860.127223969,0.198740639,-0.075574011,0.263462831,0.904169858,-0.333286941,0.169982463,0.206161648
1789662860.160550117,0.198410987,-0.075335015,0.264200601,0.903641999,-0.334605277,0.170821309,0.205646768
1789662860.193877459,0.198950608,-0.075453590,0.264768432,0.903069735,-0.336404294,0.170297712,0.205659792
1789662860.227205038,0.199050292,-0.075471922,0.265452717,0.902682185,-0.337811440,0.170350730,0.205009535
1789662860.260531425,0.198942756,-0.075242323,0.265994915,0.902129054,-0.339028955,0.171097681,0.204812646
1789662860.293859005,0.199011308,-0.075263524,0.266762734,0.901226103,-0.341380507,0.171598956,0.204462066
1789662860.327186584,0.198928359,-0.075141213,0.267367059,0.900611877,-0.342535943,0.172952026,0.204095453
1789662860.360514164,0.198791323,-0.074861343,0.267902057,0.900142848,-0.343203574,0.174539119,0.203691795
1789662860.393839359,0.198675918,-0.074813520,0.268462828,0.899841547,-0.344068885,0.175913155,0.202376813
1789662860.427165747,0.198910215,-0.075059483,0.268727415,0.899764657,-0.345131814,0.174912602,0.201774925
1789662860.460492134,0.198567747,-0.075229815,0.268976316,0.899556994,-0.345646590,0.175729692,0.201108947
1789662860.493818760,0.198602384,-0.074836413,0.268554025,0.899861217,-0.344836503,0.175541699,0.201302588
1789662860.527144194,0.198697979,-0.074927902,0.268155976,0.899986088,-0.344201684,0.175923929,0.201497182
1789662860.560471058,0.199121233,-0.074984660,0.267615805,0.899735212,-0.344523698,0.179093525,0.199262351
1789662860.593797445,0.198550377,-0.074539620,0.267178789,0.899413645,-0.344495445,0.186502293,0.193894058
1789662860.627123117,0.197988661,-0.074019448,0.266270189,0.900046587,-0.343466759,0.188050792,0.191268578
1789662860.660449743,0.196858701,-0.073954917,0.265786871,0.901328921,-0.341891527,0.186478376,0.189584345
1789662860.693776608,0.195502794,-0.074299800,0.264846503,0.903409243,-0.337582171,0.184950352,0.188900590
1789662860.727103233,0.194093695,-0.074890963,0.263049731,0.905830324,-0.332069635,0.186961621,0.185058028
1789662860.760429144,0.192764418,-0.075507710,0.261035672,0.907735825,-0.326453298,0.192185163,0.180302203
1789662860.793756008,0.191889424,-0.076775469,0.259138254,0.908808291,-0.323390126,0.199177712,0.172668979
1789662860.827083111,0.190928698,-0.077388144,0.256407231,0.910256922,-0.318732083,0.206682757,0.164695293
1789662860.860409975,0.190039512,-0.078117555,0.254049758,0.911783516,-0.314375222,0.210708007,0.159440413
1789662860.893736124,0.188749545,-0.079137522,0.251418368,0.913478255,-0.308787256,0.213753521,0.156580821
1789662860.927062988,0.187947846,-0.080646073,0.249036085,0.914726853,-0.303421438,0.215263903,0.157707855
1789662860.960390091,0.187046050,-0.081438701,0.245698522,0.917501986,-0.295199275,0.214341715,0.158446327
1789662860.993716240,0.186118911,-0.082762764,0.242527356,0.919592917,-0.287775040,0.215824634,0.157968879
1789662861.027043343,0.184740978,-0.084629075,0.239985531,0.920517445,-0.283064276,0.220918894,0.154003650
1789662861.060370684,0.183617565,-0.086077399,0.237084451,0.921882987,-0.277036518,0.225874141,0.149544358
1789662861.093698025,0.182829077,-0.087460152,0.233081965,0.923839331,-0.268619984,0.230977505,0.144960463
1789662861.127024412,0.182254648,-0.089139620,0.229665559,0.925597787,-0.260680318,0.235690683,0.140586600
1789662861.160351515,0.181709872,-0.091044941,0.225871152,0.927730501,-0.252920508,0.237887815,0.136955246
1789662861.193678856,0.181030226,-0.093589721,0.222741479,0.929516017,-0.246772394,0.239327952,0.133512303
1789662861.227005720,0.180747823,-0.095619562,0.218791447,0.931618631,-0.238419592,0.240686655,0.131578401
1789662861.260333061,0.180964887,-0.097051529,0.214886069,0.933230817,-0.228676498,0.244254500,0.130870298
1789662861.293660641,0.181821325,-0.099134837,0.209943251,0.934611201,-0.218781695,0.247795135,0.131278872
1789662861.326987982,0.181876648,-0.101155296,0.206236898,0.935454071,-0.210121974,0.251944631,0.131523401
1789662861.360314608,0.182432934,-0.103960472,0.203030700,0.936224163,-0.205077827,0.254265964,0.129523456
1789662861.393637657,0.182873696,-0.105775009,0.198568915,0.937319875,-0.196036533,0.258728564,0.126731187
1789662861.426960468,0.183928162,-0.108105482,0.194110910,0.937801123,-0.186831057,0.263993442,0.126217261
1789662861.460283518,0.184941910,-0.109921420,0.190015630,0.939080298,-0.176498905,0.265922755,0.127519965
1789662861.493605375,0.186410954,-0.112625682,0.185558502,0.941269934,-0.167539701,0.263117820,0.129268393
1789662861.526928186,0.187440663,-0.114484229,0.182185786,0.942207873,-0.160566211,0.264830589,0.127779633
1789662861.560251236,0.188559713,-0.115885227,0.178626519,0.942339182,-0.152525142,0.269472271,0.126955837
1789662861.593573332,0.190430637,-0.117397318,0.174474250,0.942946911,-0.143083319,0.272056371,0.127920285
1789662861.626896143,0.192290017,-0.118802680,0.170632871,0.943939924,-0.134726435,0.271975517,0.129829660
1789662861.660219193,0.194007652,-0.120245232,0.167350493,0.944479883,-0.127589792,0.272456616,0.132083878
1789662861.693542242,0.195824113,-0.122291523,0.164060005,0.944502831,-0.122990981,0.273714781,0.133670196
1789662861.726864100,0.197839479,-0.124298272,0.161244315,0.945329964,-0.118622795,0.272553623,0.134143636
1789662861.760186911,0.199974441,-0.126634088,0.158543084,0.945115268,-0.115369469,0.275239289,0.133005649
1789662861.793509960,0.202523190,-0.127808865,0.156233047,0.943852007,-0.111762889,0.280713052,0.133614197
1789662861.826833010,0.204792354,-0.129589985,0.154589444,0.942868590,-0.109028354,0.284682959,0.134414449
1789662861.860155344,0.207592719,-0.130478663,0.152710805,0.942942023,-0.104497693,0.285031915,0.136738077
1789662861.893478155,0.209727286,-0.131981322,0.150754594,0.943003893,-0.101029925,0.284831613,0.139311150
1789662861.926801205,0.211912829,-0.133078260,0.149421504,0.942472637,-0.098373346,0.286281228,0.141813368
1789662861.960123301,0.214447318,-0.134275938,0.148258968,0.942142308,-0.095989034,0.287030637,0.144109190
1789662861.993446350,0.217198666,-0.135707039,0.147700276,0.941197038,-0.094350733,0.289236993,0.146929324
1789662862.026769638,0.219240731,-0.137247641,0.147736735,0.940585315,-0.093979113,0.290179014,0.149208814
1789662862.060092449,0.220896841,-0.138510720,0.148101711,0.940578043,-0.093113124,0.290021896,0.150100961
1789662862.093414545,0.222162582,-0.139786048,0.148523556,0.940312982,-0.092209145,0.291139334,0.150156140
1789662862.126737833,0.224489233,-0.141201427,0.148789535,0.939848304,-0.091503344,0.292412192,0.151021168
1789662862.160060883,0.226199189,-0.142325588,0.149296460,0.939578414,-0.091208749,0.292568505,0.152568504
1789662862.193383932,0.228077587,-0.143659349,0.150254953,0.940180004,-0.091293514,0.290061891,0.153593868
1789662862.226706028,0.229545807,-0.144123854,0.151580536,0.940963507,-0.090224296,0.287757784,0.153762147
1789662862.260029316,0.231669224,-0.145829695,0.152930447,0.941301703,-0.090490252,0.287124306,0.152716175
1789662862.293352365,0.233072636,-0.147119593,0.154732424,0.941099465,-0.091698900,0.287460834,0.152608395
1789662862.326674461,0.234149404,-0.147567451,0.156481107,0.941174328,-0.092456907,0.286722839,0.153076991
1789662862.359997511,0.234844907,-0.148303931,0.158248481,0.941503286,-0.092665531,0.286033064,0.152216077
1789662862.393322229,0.235495879,-0.148768505,0.159669333,0.941560805,-0.091939211,0.286436021,0.151541978
1789662862.426646709,0.237732518,-0.150759903,0.161626695,0.941611111,-0.092844255,0.286215901,0.151092902
1789662862.459970474,0.239102324,-0.151537876,0.163070243,0.942056537,-0.092450738,0.284831911,0.151172355
1789662862.493294954,0.239387976,-0.152029235,0.165009891,0.942225814,-0.093161412,0.284401447,0.150490075
1789662862.526619673,0.240593240,-0.152562911,0.167064103,0.941898823,-0.094520949,0.284928709,0.150691807
1789662862.559943438,0.241580031,-0.152830540,0.168928430,0.941788852,-0.094952233,0.284815520,0.151320770
1789662862.593268156,0.242222205,-0.153131774,0.170696062,0.942124665,-0.095082231,0.283860475,0.150943235
1789662862.626592875,0.243934549,-0.154360370,0.172914147,0.941888511,-0.097048976,0.284276277,0.150381386
1789662862.659917593,0.245507074,-0.154583706,0.174964836,0.941604376,-0.097271495,0.284769684,0.151081547
1789662862.693241358,0.247341781,-0.155000637,0.176839781,0.941642940,-0.097665161,0.284115732,0.151816756
1789662862.726566076,0.249262153,-0.154973904,0.179243832,0.941516340,-0.099101931,0.283126712,0.153509617
1789662862.759890795,0.251439432,-0.155016804,0.181678122,0.941247046,-0.102153495,0.282130003,0.154988140
1789662862.793215752,0.256033218,-0.156356957,0.185528297,0.940401077,-0.105966464,0.281827599,0.158082858
1789662862.826539755,0.258215927,-0.156610754,0.188618334,0.939700544,-0.108837761,0.282396168,0.159278661
1789662862.859864473,0.261494164,-0.156096372,0.191858687,0.938856244,-0.111544274,0.282758266,0.161724061
1789662862.893189430,0.264831762,-0.155797595,0.194708775,0.938043773,-0.114383660,0.282385200,0.165072218
1789662862.926513433,0.268252980,-0.156086786,0.198148823,0.937430561,-0.116299622,0.282233626,0.167458877
1789662862.959838390,0.271370506,-0.156343469,0.201069421,0.936615467,-0.117831506,0.283316433,0.169112459
1789662862.993163586,0.274270916,-0.156974562,0.203024068,0.935822189,-0.119096197,0.284210294,0.171106637
1789662863.026488543,0.277334322,-0.157519182,0.204204626,0.934868693,-0.120173685,0.284618348,0.174846530
1789662863.059812546,0.280255212,-0.158226129,0.205852748,0.933214009,-0.121162608,0.286811382,0.179361448
1789662863.093137741,0.283496630,-0.159694881,0.208310609,0.932015359,-0.122947425,0.287580281,0.183109075
1789662863.126462698,0.286339656,-0.160593533,0.209497421,0.931735456,-0.123694025,0.286186010,0.186189413
1789662863.159787893,0.288275044,-0.161365871,0.210344736,0.931176245,-0.124569826,0.286459208,0.187974125
1789662863.193112135,0.291249281,-0.162114859,0.211857867,0.930030942,-0.126184657,0.288493276,0.189450741
1789662863.226437330,0.295826505,-0.163673880,0.215166446,0.928703189,-0.128529906,0.290170610,0.191811040
1789662863.259762526,0.299691198,-0.165200995,0.219051327,0.927681148,-0.130744830,0.290392458,0.194899112
1789662863.293086767,0.303444868,-0.165915605,0.221305783,0.927122295,-0.132288724,0.288830668,0.198798567
1789662863.326411963,0.306438863,-0.166503040,0.223680334,0.926374376,-0.133788407,0.289018422,0.200996339
1789662863.359737158,0.309132397,-0.166792901,0.225645566,0.925816119,-0.133896694,0.290172577,0.201831877
1789662863.393059969,0.311828645,-0.167251943,0.227146859,0.925296307,-0.133779079,0.291506618,0.202370539
1789662863.426382065,0.313960532,-0.167046217,0.228438646,0.924442291,-0.133826926,0.293458134,0.203418493
1789662863.459705114,0.316141282,-0.166967632,0.229787320,0.923953712,-0.134612367,0.293882161,0.204505220
1789662863.493028164,0.318485079,-0.166349219,0.231449496,0.923826635,-0.135153338,0.293478429,0.205300823
1789662863.526350975,0.320511612,-0.166411774,0.233710979,0.923165500,-0.137815475,0.294208705,0.205459625
1789662863.559672832,0.321764107,-0.165720377,0.235059172,0.922543824,-0.140601844,0.294450045,0.206017777
1789662863.592995882,0.324331601,-0.165066846,0.237826842,0.921787083,-0.143374458,0.294475824,0.207452238
1789662863.626318932,0.326214913,-0.164028598,0.239892736,0.920710385,-0.145411313,0.294962227,0.210107744
1789662863.659640789,0.328026374,-0.162989646,0.242184836,0.919584632,-0.146744370,0.295330703,0.213565156
1789662863.692963839,0.329311719,-0.161990864,0.244622012,0.919715285,-0.148063928,0.292753458,0.215629935
1789662863.726286888,0.330157505,-0.161448167,0.247397258,0.919381618,-0.151850939,0.292421490,0.214868352
1789662863.759609938,0.330996247,-0.160885988,0.250010935,0.918934226,-0.154064745,0.293317437,0.213983223
1789662863.792931557,0.331533084,-0.160514363,0.253186619,0.918700337,-0.155708522,0.293534309,0.213500023
1789662863.826254606,0.332498794,-0.160105988,0.255733771,0.919047117,-0.157658979,0.291405469,0.213492200
1789662863.859577656,0.332813310,-0.160001613,0.258005459,0.918990731,-0.159947887,0.290713280,0.212975457
1789662863.892899752,0.332848977,-0.160000686,0.260724043,0.918869197,-0.162070543,0.290891856,0.211647049
1789662863.926222563,0.332935741,-0.160347243,0.263271676,0.918952346,-0.163574472,0.290346503,0.210876271
1789662863.959545612,0.333027316,-0.160628410,0.265327296,0.919124663,-0.165714771,0.288788587,0.210593566
1789662863.992868662,0.333454264,-0.160572779,0.267886165,0.919074297,-0.168331578,0.287907004,0.209944382
1789662864.026190519,0.334198132,-0.160329203,0.271117258,0.917888939,-0.173389032,0.289404094,0.208953261
1789662864.059513330,0.334869531,-0.159743091,0.273756448,0.917184770,-0.177241102,0.288872033,0.209548965
1789662864.092836380,0.335764180,-0.159256662,0.276641430,0.917556643,-0.179338068,0.285441130,0.210834086
1789662864.126159430,0.335947605,-0.158715461,0.279593348,0.917338252,-0.181299016,0.284362882,0.211563483
1789662864.159481525,0.336488703,-0.158268016,0.282062309,0.916900337,-0.183613926,0.283840418,0.212165654
1789662864.192804337,0.337379297,-0.157631460,0.284987563,0.916502655,-0.187648445,0.282057077,0.212731719
1789662864.226127386,0.338315970,-0.156987877,0.287536536,0.915889084,-0.191944137,0.280732542,0.213292718
1789662864.259449482,0.339630729,-0.156324296,0.289631518,0.915509164,-0.194717914,0.279315144,0.214268520
1789662864.292772532,0.340688220,-0.155852557,0.292271687,0.914889991,-0.197810426,0.277885169,0.215933010
1789662864.326095104,0.341666505,-0.155302404,0.294762485,0.914725959,-0.200496316,0.276170194,0.216350973
1789662864.359418154,0.342610567,-0.154553759,0.297058073,0.913401663,-0.205463231,0.277738184,0.215276256
1789662864.392761469,0.344482746,-0.153808344,0.299248066,0.912051916,-0.211039543,0.278593779,0.214497641
1789662864.426105738,0.345929970,-0.153659094,0.300817962,0.912085474,-0.212666705,0.277355880,0.214351922
1789662864.459450245,0.347293351,-0.153342688,0.303189559,0.911868632,-0.214420483,0.275518119,0.215891972
1789662864.492794991,0.348838679,-0.152691322,0.305574900,0.911110818,-0.218490481,0.273368806,0.217735052
1789662864.526138783,0.350850470,-0.151913109,0.307793276,0.909953594,-0.221773446,0.272934139,0.219790757
1789662864.559484005,0.352865320,-0.150788836,0.309463303,0.909235179,-0.223690316,0.272060513,0.221894562
1789662864.592828989,0.354940819,-0.149645784,0.311587115,0.908585548,-0.225959390,0.270849824,0.223730043
1789662864.626173735,0.356633354,-0.148716189,0.313542416,0.907667816,-0.229601011,0.269570053,0.225287661
1789662864.659519434,0.358405539,-0.147704916,0.315532971,0.906570494,-0.231737629,0.270788044,0.226056099
1789662864.692865372,0.360078900,-0.146904711,0.317166197,0.905405462,-0.234705865,0.271595120,0.226694122
1789662864.726211786,0.361682643,-0.145907216,0.318799010,0.904781103,-0.237349153,0.270236999,0.228053734
1789662864.759556770,0.362810815,-0.144733393,0.321179128,0.904238462,-0.239403293,0.269935161,0.228415981
1789662864.792903662,0.364199384,-0.143707705,0.323871562,0.903073251,-0.243059412,0.270155281,0.228903756
1789662864.826250315,0.364912636,-0.142564344,0.325216697,0.902797163,-0.244915858,0.269798905,0.228433952
1789662864.859597445,0.365899581,-0.141644379,0.326418370,0.901299179,-0.247697487,0.271630019,0.229178861
1789662864.892943621,0.366880135,-0.140280156,0.328083484,0.899955213,-0.249846980,0.271813452,0.231893554
1789662864.926290989,0.367597407,-0.138838215,0.329586581,0.898991883,-0.251290172,0.270818412,0.235211134
1789662864.959638596,0.368341551,-0.137744077,0.330294781,0.897953033,-0.253771454,0.268834770,0.238764063
1789662864.992985249,0.368824508,-0.136979257,0.331642287,0.896679819,-0.259380251,0.266054720,0.240628749
1789662865.026333570,0.369046625,-0.135583378,0.332563051,0.895634115,-0.262944072,0.266181797,0.240514338
1789662865.059681892,0.369524222,-0.134275380,0.332549066,0.894708276,-0.264476538,0.267038494,0.241328940
1789662865.093030214,0.369987421,-0.133392767,0.333222424,0.894235611,-0.264952421,0.266090900,0.243595049
1789662865.126377821,0.370129405,-0.132050562,0.334133875,0.894181728,-0.265524119,0.264242768,0.245176822
1789662865.159726858,0.370193593,-0.131295912,0.335225281,0.893231750,-0.267999500,0.263895243,0.246317953
1789662865.193075895,0.370007695,-0.130132475,0.336527566,0.892599523,-0.270085126,0.264449865,0.245736718
1789662865.226424217,0.369559168,-0.128932863,0.336950494,0.892737269,-0.270674407,0.263973832,0.245098904
1789662865.259773731,0.369594080,-0.128403671,0.337724875,0.892615676,-0.271843731,0.262558162,0.245766997
1789662865.293123484,0.369512745,-0.127501033,0.338038257,0.892887175,-0.271940887,0.260849059,0.246492311
1789662865.326473475,0.369549031,-0.126919637,0.338796042,0.892493248,-0.273052037,0.260092288,0.247488275
1789662865.359822512,0.369346639,-0.125534324,0.339207252,0.892348588,-0.272980094,0.259576410,0.248628050
1789662865.393147945,0.369006558,-0.124674716,0.340907312,0.891514421,-0.275309891,0.259504795,0.249126375
1789662865.426473379,0.368883439,-0.123820502,0.342059607,0.891145170,-0.276331067,0.259189934,0.249643698
1789662865.459799051,0.368816915,-0.123338765,0.342991882,0.890861630,-0.277569324,0.258625150,0.249867737
1789662865.493123531,0.368487383,-0.122655150,0.343477692,0.891426325,-0.277149707,0.257659584,0.249316305
1789662865.526449203,0.368204000,-0.122415131,0.344238054,0.891088367,-0.278229505,0.258541375,0.248407707
1789662865.559774637,0.367765093,-0.122041866,0.345222869,0.890730441,-0.279473096,0.259456456,0.247338504
1789662865.593099356,0.367762551,-0.121237881,0.345540202,0.890551746,-0.280484229,0.259125054,0.247184843
1789662865.626425028,0.368680291,-0.120718362,0.346532371,0.888943434,-0.285026699,0.257743031,0.249214426
1789662865.659750700,0.368955737,-0.119809006,0.347013816,0.888269603,-0.286059409,0.256432176,0.251773030
1789662865.693076372,0.369772522,-0.119697914,0.347852008,0.886694074,-0.290263265,0.256268412,0.252680570
1789662865.726401091,0.370017866,-0.119183626,0.348560175,0.885371387,-0.293420017,0.258296400,0.251605183
1789662865.759726763,0.369978040,-0.118984568,0.348867852,0.885078967,-0.293769658,0.259167910,0.251329780
1789662865.793052435,0.369798431,-0.118914950,0.349010283,0.885417044,-0.292631388,0.259368718,0.251259714
1789662865.826378345,0.370050853,-0.119139213,0.349158486,0.885194778,-0.293271869,0.257998258,0.252702862
1789662865.859703064,0.369870625,-0.119053480,0.349842083,0.885049880,-0.294439495,0.257867724,0.251984775
1789662865.893028975,0.369502299,-0.118594859,0.350297036,0.885149479,-0.294860899,0.258446068,0.250545859
1789662865.926354647,0.369445430,-0.118297680,0.350549562,0.885034382,-0.295555741,0.257461071,0.251147062
1789662865.959679604,0.368722247,-0.118261608,0.351280167,0.884763777,-0.296169758,0.257000923,0.251847357
1789662865.993005514,0.368498653,-0.117699017,0.351613444,0.885313570,-0.295949250,0.256597966,0.250581980
1789662866.026331425,0.368547413,-0.117187530,0.351731615,0.885366857,-0.296770453,0.257055789,0.248948127
1789662866.059657335,0.368784649,-0.117732391,0.352144268,0.884585977,-0.300007463,0.258808881,0.246010795
1789662866.092982292,0.368718467,-0.117439119,0.351869063,0.885051489,-0.298427254,0.259873360,0.245134234
1789662866.126308441,0.369166685,-0.117073139,0.351371879,0.885774255,-0.295456827,0.258450985,0.247613370
1789662866.159634352,0.369312655,-0.117152661,0.351672066,0.885463476,-0.295077235,0.258197963,0.249434635
1789662866.192960262,0.369924608,-0.117290993,0.351803878,0.885218203,-0.296480894,0.257083625,0.249791875
1789662866.226285219,0.369978831,-0.117244029,0.352344427,0.884796500,-0.298517674,0.257711351,0.248208299
1789662866.259611368,0.370088274,-0.117256374,0.353099910,0.884155691,-0.301250011,0.258400410,0.246467903
1789662866.292937517,0.369402924,-0.116268071,0.353998648,0.883945107,-0.300670624,0.260137290,0.246103570
1789662866.326262474,0.369431616,-0.115865649,0.353175265,0.885173261,-0.298365146,0.258469790,0.246251643
1789662866.359588623,0.368995287,-0.116158792,0.353651523,0.884521723,-0.298562378,0.261014044,0.245669752
1789662866.392914295,0.369009960,-0.116488297,0.353380269,0.884746253,-0.297958225,0.262601495,0.243896648
1789662866.426240206,0.369337361,-0.116607061,0.352199385,0.885819554,-0.294455051,0.262785584,0.244056582
1789662866.459564924,0.369565078,-0.117056293,0.351865902,0.886095881,-0.292851448,0.262759835,0.245009229
1789662866.492890835,0.370110162,-0.117402215,0.351280580,0.886450708,-0.291710824,0.262948483,0.244883731
1789662866.526216745,0.370251253,-0.117661811,0.350433591,0.886000395,-0.291573405,0.265526712,0.243893340
1789662866.559541702,0.370446257,-0.117708741,0.349556020,0.885903418,-0.290093273,0.266755760,0.244668067
1789662866.592867613,0.370347432,-0.117874726,0.348707347,0.886638880,-0.287173748,0.266188473,0.246062160
1789662866.626193523,0.370375197,-0.118269778,0.347639651,0.886835456,-0.286421150,0.266019613,0.246412814
1789662866.659519434,0.369838703,-0.118132699,0.346879220,0.887208998,-0.284821540,0.266569138,0.246328816
1789662866.692844391,0.369201528,-0.119036127,0.346180469,0.888932824,-0.282780200,0.262607366,0.246720761
1789662866.726170301,0.368664244,-0.119759422,0.345407118,0.890604556,-0.280318707,0.258277804,0.248067528
1789662866.759496450,0.367670255,-0.120146939,0.344278807,0.891903698,-0.276498646,0.258555591,0.247397110
1789662866.792822599,0.366741072,-0.120541234,0.343073114,0.892163992,-0.274036109,0.263722569,0.243716970
1789662866.826147556,0.366079604,-0.120802411,0.341754575,0.892362535,-0.272583634,0.266460240,0.241632685
1789662866.859473705,0.365201826,-0.121182618,0.341290585,0.892532110,-0.272028863,0.265966117,0.242175192
1789662866.892799854,0.364620387,-0.121878724,0.339955003,0.893594027,-0.269423276,0.264180720,0.243124053
1789662866.926124811,0.364144645,-0.122388183,0.338230375,0.894168913,-0.267136663,0.264975041,0.242668733
1789662866.959450960,0.363573824,-0.122881553,0.336424240,0.894517779,-0.265420884,0.265806884,0.242355987
1789662866.992777109,0.362751369,-0.123332846,0.333903032,0.896089017,-0.260867268,0.265676856,0.241637111
1789662867.026103258,0.362490287,-0.125060026,0.331609609,0.895979941,-0.259284288,0.267630637,0.241589457
1789662867.059428453,0.361791089,-0.125975970,0.329443050,0.896470726,-0.255805850,0.269494414,0.241405353
1789662867.092754602,0.361065329,-0.126957607,0.326639765,0.896807551,-0.253757238,0.270864010,0.240782320
1789662867.126080751,0.360322285,-0.127870012,0.323879913,0.897173524,-0.250861734,0.272829503,0.240233719
1789662867.159407139,0.360012478,-0.128548275,0.321176757,0.897623062,-0.248259842,0.274006188,0.239917859
1789662867.192732334,0.359226413,-0.129395857,0.318075484,0.898585498,-0.243498921,0.275591612,0.239377782
1789662867.226058722,0.358672807,-0.130541082,0.315203989,0.899106026,-0.239596829,0.277426004,0.239241645
1789662867.259385109,0.358060167,-0.131464990,0.312183158,0.899748743,-0.236431405,0.278861135,0.238304287
1789662867.292710543,0.356797123,-0.131689408,0.309272594,0.900953054,-0.229869634,0.282349885,0.236055404
1789662867.326036930,0.356383989,-0.133455125,0.306083801,0.900930941,-0.229094669,0.284969956,0.233733341
1789662867.359363079,0.355223447,-0.134630529,0.303156227,0.901303709,-0.225907594,0.287146270,0.232732594
1789662867.392686605,0.353667467,-0.135502421,0.298741639,0.902660191,-0.218603715,0.289306909,0.231772825
1789662867.426008940,0.351781475,-0.136628507,0.295757609,0.903054893,-0.213775069,0.293018341,0.230070308
1789662867.459332466,0.350702370,-0.137418902,0.291821889,0.904005468,-0.207853720,0.295881510,0.228090510
1789662867.492656231,0.349022069,-0.138396397,0.288453898,0.904789269,-0.202004984,0.299386650,0.225650415
1789662867.525979757,0.347702568,-0.138824393,0.285144185,0.904987335,-0.198762447,0.302223325,0.223947689
1789662867.559302330,0.346643497,-0.139864849,0.281250542,0.905001402,-0.195870608,0.304732412,0.223036632
1789662867.592625618,0.345485670,-0.140999258,0.277074184,0.905219376,-0.191891745,0.307614714,0.221649796
1789662867.625949144,0.343760216,-0.141831213,0.272905731,0.905404866,-0.186354190,0.310189784,0.222028241
1789662867.659271717,0.342352199,-0.142795617,0.268181163,0.905840397,-0.180435687,0.311438441,0.223388180
1789662867.692595243,0.340947687,-0.143729095,0.263302258,0.905945063,-0.176345140,0.313384086,0.223509416
1789662867.725918770,0.339646089,-0.144427863,0.258872499,0.905962229,-0.173127294,0.315894604,0.222418576
1789662867.759242296,0.337989978,-0.145322770,0.254200813,0.906034112,-0.169506937,0.319185078,0.220205650
1789662867.792564631,0.336423003,-0.146353716,0.249403398,0.905411839,-0.167280182,0.323491067,0.218174830
1789662867.825888157,0.334775517,-0.147240444,0.244393539,0.904892802,-0.164098501,0.327772051,0.216347679
1789662867.859211683,0.333229261,-0.148074822,0.239650604,0.905141532,-0.159871861,0.330608636,0.214144334
1789662867.892534256,0.331529614,-0.148515704,0.235339085,0.904856086,-0.156446576,0.334435016,0.211927280
1789662867.925857782,0.329897110,-0.149023695,0.231236916,0.904290259,-0.153391749,0.338619858,0.209920913
1789662867.959181070,0.328172481,-0.149268266,0.226220837,0.904432774,-0.148723081,0.341705471,0.207653955
1789662867.992504597,0.326676807,-0.149474799,0.221406756,0.903605759,-0.145973235,0.346974105,0.204444587
1789662868.025827169,0.325443520,-0.149657639,0.216289929,0.902801871,-0.142693236,0.351486802,0.202594429
1789662868.059150696,0.324320261,-0.149764144,0.212153002,0.902859449,-0.138587415,0.352570117,0.203304544
1789662868.092474222,0.322709508,-0.149806616,0.206882989,0.903531015,-0.134696946,0.351577967,0.204649553
1789662868.125797510,0.321325648,-0.149534967,0.203093617,0.903485656,-0.132167384,0.352849156,0.204311088
1789662868.159120083,0.320019204,-0.149172018,0.199502805,0.903054118,-0.130975261,0.354891181,0.203448012
1789662868.192443609,0.318673005,-0.148185090,0.196290784,0.902504146,-0.130968958,0.357205957,0.201834828
1789662868.225767136,0.317512875,-0.147142478,0.193325103,0.901990294,-0.130806461,0.359790027,0.199635595
1789662868.259089470,0.316472978,-0.146840041,0.191508711,0.901285410,-0.128710911,0.362650871,0.199003831
1789662868.292412758,0.316811444,-0.145296724,0.187270674,0.902377546,-0.125083148,0.360907108,0.199537203
1789662868.325736284,0.316494042,-0.144698018,0.185892861,0.902467430,-0.124264956,0.360720724,0.199978530
1789662868.359059811,0.316125716,-0.144456212,0.183840436,0.901646316,-0.123698592,0.363238811,0.199474663
1789662868.392383337,0.316662587,-0.144305174,0.181658312,0.900834978,-0.122843109,0.366530597,0.197639257
1789662868.425707817,0.316944081,-0.144269695,0.180500966,0.899949610,-0.122372806,0.369391412,0.196636051
1789662868.459032297,0.317792479,-0.144488169,0.179351660,0.898943722,-0.122494981,0.371637136,0.196929187
1789662868.492356777,0.319012467,-0.144883263,0.177773465,0.898243248,-0.121275865,0.372669697,0.198918432
1789662868.525679827,0.320727199,-0.145413005,0.177248689,0.897897840,-0.119620368,0.373018861,0.200816944
1789662868.559004307,0.322941692,-0.145792602,0.176195786,0.896829128,-0.119877622,0.374595284,0.202497393
1789662868.592328787,0.325295455,-0.146143403,0.176946939,0.895911753,-0.121428981,0.375849783,0.203308016
1789662868.625652313,0.328210589,-0.146428281,0.177275079,0.895949543,-0.122559629,0.375355780,0.203375772
1789662868.658976555,0.332261903,-0.145484100,0.178017521,0.894127369,-0.125320181,0.377306938,0.206083983
1789662868.692301035,0.336593301,-0.144654275,0.178366296,0.891741991,-0.129024506,0.378935128,0.211085618
1789662868.725625515,0.340445590,-0.143738983,0.179033983,0.890481472,-0.129910871,0.379581153,0.214672357
1789662868.758949041,0.343862993,-0.142976774,0.179215758,0.888295591,-0.131444737,0.382539153,0.217525035
1789662868.792273283,0.348358401,-0.141823216,0.180204215,0.885344923,-0.135187715,0.385909915,0.221274108
1789662868.825597763,0.353308384,-0.140759429,0.179943305,0.883255303,-0.136473775,0.387906522,0.225307822
1789662868.858922005,0.356775612,-0.139445623,0.181817305,0.882075787,-0.137235865,0.388493687,0.228432447
1789662868.892245293,0.360846237,-0.138816498,0.182721816,0.882239401,-0.140145674,0.384854972,0.232162580
1789662868.925569773,0.364501117,-0.138232920,0.184158869,0.881163001,-0.143484414,0.384911716,0.234108701
1789662868.958894253,0.367190527,-0.136878937,0.185585734,0.878971875,-0.146393403,0.388211548,0.235093802
1789662868.992217541,0.369939074,-0.136314687,0.186874463,0.876811206,-0.151043683,0.389981478,0.237281159
1789662869.025542021,0.373010933,-0.135280503,0.188438157,0.875611007,-0.154190123,0.389594793,0.240305573
1789662869.058866501,0.374929707,-0.134293841,0.189911479,0.874870896,-0.156595305,0.388490051,0.243216604
1789662869.092190742,0.377794020,-0.133043923,0.191693922,0.873854637,-0.159233972,0.388606191,0.244965330
1789662869.125514269,0.380271554,-0.132015933,0.193651937,0.872298837,-0.163184673,0.389403075,0.246638998
1789662869.158838272,0.382751562,-0.131089869,0.195933505,0.871371686,-0.167382166,0.387881428,0.249484688
1789662869.192162752,0.384681710,-0.129281646,0.198634478,0.870286882,-0.169902489,0.388110727,0.251204848
1789662869.225486040,0.386321258,-0.127602805,0.201183159,0.869119227,-0.172347888,0.389690697,0.251135737
1789662869.258810520,0.387607256,-0.126432083,0.202975686,0.868279397,-0.174951538,0.391319185,0.249704197
1789662869.292135000,0.389616230,-0.125029572,0.204719386,0.866407990,-0.177845985,0.393136591,0.251300037
1789662869.325459242,0.392160014,-0.123863412,0.206913554,0.865456879,-0.180663019,0.392021209,0.254292339
1789662869.358782768,0.393961820,-0.122931884,0.207874195,0.864834070,-0.182564154,0.390298516,0.257680863
1789662869.392106533,0.395966739,-0.121693452,0.209827743,0.863616765,-0.186085373,0.389899701,0.259839684
1789662869.425430536,0.397809985,-0.120796406,0.211520861,0.862370610,-0.190032691,0.389682263,0.261442393
1789662869.458754301,0.399295420,-0.119955276,0.213210956,0.861666799,-0.192792535,0.389331579,0.262263596
1789662869.492077112,0.400954829,-0.119219586,0.214862669,0.860834002,-0.195606530,0.389543265,0.262600482
1789662869.525401115,0.402228250,-0.118908034,0.215935673,0.859975994,-0.197594494,0.389488369,0.264001101
1789662869.558725119,0.403597198,-0.118444019,0.217667106,0.859515786,-0.199520737,0.388626605,0.265317470
1789662869.592047930,0.404228840,-0.118229909,0.218631458,0.859303653,-0.201519445,0.387592673,0.266005725
1789662869.625371933,0.405380620,-0.117559232,0.220222161,0.858437836,-0.203406677,0.387883455,0.266939551
1789662869.658695459,0.406167269,-0.117172153,0.222064084,0.857991636,-0.206115171,0.387000620,0.267576784
1789662869.692019463,0.407009722,-0.117351994,0.224985901,0.856919229,-0.210226089,0.387006760,0.267806053
1789662869.725342274,0.407605010,-0.116895461,0.226169088,0.855653346,-0.211772934,0.388430238,0.268573433
1789662869.758666039,0.408124460,-0.116459768,0.226778859,0.855385602,-0.212455690,0.388605267,0.268633574
1789662869.791990042,0.408768541,-0.115921857,0.227711254,0.855161548,-0.213945672,0.388229549,0.268707544
1789662869.825313807,0.409561685,-0.114998971,0.228683939,0.854378998,-0.215704888,0.388498068,0.269401670
1789662869.858636379,0.410559866,-0.114118797,0.229637605,0.853532910,-0.217392832,0.388461739,0.270775557
1789662869.891960382,0.412082446,-0.113153637,0.230728134,0.852931798,-0.219275191,0.386133969,0.274456203
1789662869.925284147,0.413479639,-0.111832771,0.231833182,0.851971030,-0.221222073,0.384337455,0.278371960
1789662869.958606958,0.414398857,-0.110943586,0.232560453,0.850356519,-0.223129854,0.386100620,0.279344350
1789662869.991930723,0.415430920,-0.110119911,0.233302140,0.849355578,-0.224380702,0.387531698,0.279405653
1789662870.025254488,0.416147401,-0.109750357,0.234473489,0.849220991,-0.225943089,0.387058586,0.279211372
1789662870.058578253,0.416985491,-0.108984222,0.235788625,0.848607242,-0.228004009,0.387106985,0.279334992
1789662870.091901064,0.417670600,-0.108304962,0.237092371,0.847670317,-0.231916964,0.386452019,0.279865265
1789662870.125224829,0.418524118,-0.107346589,0.238574988,0.847286642,-0.234102592,0.384998620,0.281206965
1789662870.158548594,0.419208849,-0.106576176,0.239916480,0.846555054,-0.235876650,0.384582102,0.282494783
1789662870.191872358,0.420006082,-0.105609633,0.241780172,0.845653415,-0.239080250,0.384074092,0.283192694
1789662870.225195169,0.420672051,-0.104798948,0.243015898,0.845798910,-0.240872845,0.382697433,0.283102602
1789662870.258518457,0.421538695,-0.103558291,0.244134243,0.845137358,-0.242128313,0.383302987,0.283188313
1789662870.291842222,0.421749506,-0.103571735,0.245625227,0.843374074,-0.246394157,0.383922189,0.283925533
1789662870.325165033,0.422191401,-0.103079259,0.247193097,0.842988014,-0.248764962,0.382094115,0.285466880
1789662870.358488798,0.422989218,-0.102550213,0.248278145,0.842216790,-0.251177818,0.380890191,0.287233651
1789662870.391812801,0.423869469,-0.101943053,0.249606134,0.841769874,-0.253133178,0.379898638,0.288139284
1789662870.425136566,0.424664263,-0.101485034,0.250937712,0.841045856,-0.255639285,0.379345745,0.288768500
1789662870.458459377,0.425703884,-0.100570490,0.252247729,0.840175569,-0.258459926,0.378511697,0.289883435
1789662870.491783381,0.426725948,-0.100012288,0.253766856,0.838880181,-0.260829031,0.378846377,0.291073591
1789662870.525107145,0.427879514,-0.099364581,0.254819192,0.837833881,-0.262335807,0.378736258,0.292870700
1789662870.558430195,0.428976315,-0.098584976,0.256020144,0.837232947,-0.264642388,0.377557546,0.294033617
1789662870.591753960,0.430013016,-0.098000126,0.257402131,0.836832881,-0.265866220,0.377633989,0.293970138
1789662870.625077963,0.430989275,-0.097287802,0.258522470,0.836569071,-0.266495496,0.378389984,0.293178082
1789662870.658401966,0.431910588,-0.096675531,0.259606557,0.836193979,-0.268091321,0.378808409,0.292251557
1789662870.691724539,0.433415163,-0.095420374,0.260180780,0.836597919,-0.267894626,0.378275603,0.291965544
1789662870.725048542,0.434272254,-0.094900511,0.261245366,0.835977733,-0.268699676,0.379155517,0.291860998
1789662870.758372545,0.435366615,-0.094217781,0.262248685,0.835780978,-0.269679904,0.379330724,0.291292220
1789662870.791696310,0.436424552,-0.093615682,0.263444809,0.835140288,-0.270458847,0.380826652,0.290454537
1789662870.825019360,0.437234877,-0.093171519,0.264219620,0.834800601,-0.271705061,0.380724192,0.290402323
1789662870.858343124,0.438500326,-0.092288922,0.264660210,0.835522473,-0.271293730,0.379204273,0.290699333
1789662870.891666889,0.439332780,-0.092101082,0.265308878,0.835030496,-0.271795750,0.380041331,0.290550947
1789662870.924989939,0.439688220,-0.092226117,0.265872827,0.835034728,-0.271601021,0.380645216,0.289929807
1789662870.958313704,0.440476072,-0.091638175,0.266315186,0.835695028,-0.270688921,0.380089402,0.289609075
1789662870.991637707,0.440549676,-0.092183208,0.267102059,0.834183156,-0.273221433,0.381880522,0.289233416
1789662871.024961710,0.440981022,-0.092114063,0.268673742,0.834433973,-0.273672521,0.381076276,0.289143652
1789662871.058284521,0.441886013,-0.091525133,0.268056772,0.835400105,-0.272338212,0.378905147,0.290464461
1789662871.091608286,0.442505732,-0.091685732,0.268928897,0.834030628,-0.273953348,0.380625576,0.290631622
1789662871.124932051,0.443061297,-0.091434253,0.269033942,0.834275186,-0.274035215,0.380250365,0.290343374
1789662871.158256054,0.443892066,-0.091045499,0.269158693,0.834421575,-0.274987102,0.378784359,0.290938646
1789662871.191579103,0.443861656,-0.091945259,0.270923250,0.831845760,-0.278491735,0.381147683,0.291892886
1789662871.224902868,0.444836643,-0.091115323,0.270683936,0.833067596,-0.277399540,0.377831966,0.293752968
1789662871.258226871,0.444907189,-0.091268466,0.271863137,0.832744479,-0.278017461,0.377618492,0.294359237
1789662871.291549444,0.445283040,-0.090791186,0.271354046,0.833782375,-0.277209431,0.375701785,0.294635624
1789662871.324873447,0.445120027,-0.090870992,0.271411568,0.833967686,-0.276972234,0.375905156,0.294074237
1789662871.358197451,0.445407396,-0.090551434,0.271399782,0.834290326,-0.276665568,0.375452042,0.294026613
1789662871.391521215,0.445288194,-0.090632631,0.271770239,0.833444715,-0.277439833,0.376270622,0.294648230
1789662871.424844265,0.445348431,-0.090402956,0.272089204,0.832426012,-0.278570771,0.376240760,0.296493232
1789662871.458168030,0.445190744,-0.090244564,0.272495277,0.831715345,-0.280010432,0.376352936,0.296988577
1789662871.491491795,0.444902996,-0.090443786,0.272825444,0.832240939,-0.280447572,0.375745445,0.295870841
1789662871.524815321,0.445232150,-0.089746281,0.272203647,0.833878756,-0.278751433,0.373725682,0.295420110
1789662871.558138371,0.444643529,-0.090671494,0.272629942,0.832047522,-0.281019300,0.375415653,0.296290934
1789662871.591462135,0.444389628,-0.090908412,0.273095718,0.831315041,-0.281814933,0.375504404,0.297476023
1789662871.624785900,0.444412960,-0.090347315,0.272515018,0.832151651,-0.281004697,0.373160720,0.298849493
1789662871.658108711,0.444340353,-0.090294269,0.272796013,0.831855416,-0.281188071,0.372769445,0.299987823
1789662871.691432476,0.444719847,-0.089261648,0.271973937,0.833461225,-0.278549254,0.370625854,0.300648093
1789662871.724756002,0.443869972,-0.090087332,0.272132861,0.832859516,-0.278220654,0.371997297,0.300925910
1789662871.758079767,0.443400965,-0.090123550,0.271726428,0.833406925,-0.276194036,0.372734845,0.300364107
1789662871.791402340,0.442558512,-0.090777227,0.271416877,0.833207726,-0.275924802,0.374358267,0.299142748
1789662871.824726105,0.442425600,-0.090411125,0.270893750,0.834837198,-0.273658961,0.374252558,0.296804309
1789662871.858049870,0.441647060,-0.091576178,0.271077913,0.833725393,-0.273992449,0.378209293,0.294597983
1789662871.891372442,0.441120222,-0.091823652,0.270111602,0.834147930,-0.272272855,0.379135549,0.293804526
1789662871.924695969,0.440777048,-0.091810698,0.269301003,0.835073590,-0.270307422,0.377717912,0.294813901
1789662871.958019733,0.440394222,-0.091528921,0.269387612,0.834833860,-0.269413948,0.377944916,0.296017468
1789662871.991343260,0.439814157,-0.091520434,0.268073644,0.833912432,-0.268343896,0.380120844,0.296799392
1789662872.024666071,0.439031425,-0.091506036,0.267387435,0.833839118,-0.267287523,0.381961137,0.295593441
1789662872.057989597,0.438317692,-0.091932348,0.266216550,0.834090114,-0.265886009,0.382691473,0.295204103
1789662872.091313124,0.437551832,-0.092773126,0.264421102,0.835254073,-0.261898667,0.383253634,0.294748127
1789662872.124636650,0.436916547,-0.094131971,0.261879774,0.836554289,-0.257469624,0.383377850,0.294801444
1789662872.157959223,0.436388575,-0.095828612,0.259855097,0.837470591,-0.253804475,0.384432256,0.294003874
1789662872.191282749,0.435888711,-0.097661128,0.257103165,0.838691235,-0.249865085,0.385269135,0.292800784
1789662872.224606514,0.435412213,-0.099239855,0.254323503,0.839876056,-0.245211050,0.386190265,0.292124778
1789662872.257928848,0.434920768,-0.101114191,0.251244548,0.841170609,-0.240322053,0.386237830,0.292399704
1789662872.291252375,0.433958667,-0.103154108,0.248145697,0.842573583,-0.235063300,0.385672331,0.293379933
1789662872.324575901,0.433048830,-0.105209857,0.245359300,0.844141364,-0.230249822,0.384881049,0.293729544
1789662872.357899427,0.432475809,-0.107406224,0.242134118,0.844744325,-0.227328464,0.385562301,0.293377697
1789662872.391222000,0.431059855,-0.108723801,0.239292123,0.844873071,-0.222808406,0.386910319,0.294697225
1789662872.424545765,0.429587305,-0.110373168,0.236738065,0.845896006,-0.218923092,0.384754986,0.297483087
1789662872.457869291,0.427813161,-0.111802060,0.234529087,0.847228527,-0.215653792,0.381624281,0.300100356
1789662872.491192818,0.425482662,-0.113459700,0.232295986,0.847972214,-0.212891355,0.380928785,0.300854743
1789662872.524515629,0.422703464,-0.114922868,0.230203770,0.849084854,-0.209876835,0.382444352,0.297897309
1789662872.557839155,0.419708163,-0.116710989,0.227840610,0.850698292,-0.207699925,0.383409619,0.293547779
1789662872.591162920,0.416918897,-0.118473759,0.224315138,0.853890777,-0.204186216,0.381035388,0.289811462
1789662872.624485254,0.413259791,-0.120491719,0.221604338,0.856565714,-0.200023562,0.379481047,0.286844611
1789662872.657808781,0.409817407,-0.122292485,0.219540212,0.858912885,-0.197000265,0.377235025,0.284874171
1789662872.691132545,0.405330005,-0.123933493,0.216647225,0.862267435,-0.192638531,0.372762322,0.283608228
1789662872.724456072,0.401129938,-0.124878981,0.214750786,0.866887689,-0.186018348,0.367420733,0.280900151
1789662872.757778645,0.395626727,-0.126932385,0.210531545,0.870349765,-0.180875465,0.363714010,0.278365731
1789662872.791101933,0.390255088,-0.128670381,0.206543595,0.872733831,-0.176064521,0.363257945,0.274555355
1789662872.824425459,0.385971419,-0.130083182,0.203670589,0.875659823,-0.171656176,0.361790627,0.269928783
1789662872.857748985,0.381264787,-0.132400203,0.199490985,0.879097819,-0.167358100,0.357480854,0.267181277
1789662872.891071558,0.375674572,-0.133595520,0.195940394,0.882949531,-0.161889464,0.352682054,0.264211059
1789662872.924395084,0.370313758,-0.134100924,0.192975624,0.885914147,-0.156543896,0.349548906,0.261659652
1789662872.957718611,0.366069536,-0.134926643,0.190276283,0.889255524,-0.152373061,0.344586879,0.259358853
1789662872.991040945,0.361189788,-0.136083319,0.186578864,0.892165065,-0.148141712,0.339681923,0.258286327
1789662873.024364471,0.355092459,-0.137990419,0.182248256,0.894663513,-0.144914284,0.335786313,0.256563246
1789662873.057687998,0.350749584,-0.139243704,0.178654953,0.897430539,-0.140382826,0.332439512,0.253761858
1789662873.091011286,0.345774688,-0.140029485,0.175712931,0.899642646,-0.137114957,0.330440849,0.250302762
1789662873.124333858,0.340762098,-0.140995856,0.172841179,0.902490079,-0.134394944,0.325910509,0.247450903
1789662873.157657146,0.336233565,-0.141787832,0.169459512,0.906008720,-0.129946157,0.320194602,0.244412974
1789662873.190980434,0.331195306,-0.142952849,0.165516026,0.908620954,-0.125819311,0.316815078,0.241258547
1789662873.224303007,0.325790439,-0.143387683,0.161635887,0.910744965,-0.121494822,0.313704491,0.239525020
1789662873.257626295,0.322152054,-0.144049255,0.158721663,0.913006365,-0.118442647,0.309026182,0.238523737
1789662873.290949821,0.317819178,-0.145080381,0.155202720,0.915127754,-0.115253888,0.303341448,0.239252463
1789662873.324272871,0.313663748,-0.145101032,0.152800026,0.916989207,-0.112162717,0.298376441,0.239837274
1789662873.357595444,0.309477357,-0.145098317,0.149945609,0.918577254,-0.109575696,0.294948459,0.239195615
1789662873.390917778,0.304787494,-0.144826343,0.146782554,0.920612574,-0.107071422,0.292186797,0.235870987
1789662873.424239874,0.299989907,-0.144795193,0.143718752,0.922570944,-0.104509436,0.290309876,0.231648281
1789662873.457562208,0.296022196,-0.144522239,0.141130529,0.924074769,-0.102238737,0.288802028,0.228531078
1789662873.490883589,0.291503147,-0.144244457,0.138207423,0.926054597,-0.099538237,0.285034329,0.226429924
1789662873.524205923,0.286851168,-0.143695824,0.135234037,0.928321421,-0.095301315,0.281916559,0.222845614
1789662873.557528019,0.282549391,-0.143712507,0.132038242,0.929522395,-0.094230659,0.281191379,0.219180554
1789662873.590849400,0.278104512,-0.143253079,0.128576967,0.931498051,-0.091661520,0.277822226,0.216158167
1789662873.624171495,0.272831028,-0.142847315,0.125567553,0.934133053,-0.087136656,0.272309065,0.213659868
1789662873.657493591,0.268352715,-0.142398135,0.122523560,0.936474085,-0.083816528,0.267202973,0.211172342
1789662873.690815687,0.263628559,-0.142327572,0.119489955,0.938293397,-0.081460133,0.264665484,0.207176268
1789662873.724137068,0.259055562,-0.142121882,0.116730223,0.940170050,-0.078882091,0.262724549,0.202073500
1789662873.757458925,0.254252081,-0.141615403,0.113442089,0.942194402,-0.074891359,0.259412736,0.198408633
1789662873.790781021,0.248418944,-0.143390466,0.110018303,0.943909287,-0.072566822,0.256410658,0.194994837
1789662873.824103117,0.243470112,-0.143460488,0.106533593,0.945753515,-0.068829179,0.252489507,0.192514911
1789662873.857424021,0.238775800,-0.143231680,0.103361955,0.946616411,-0.067995034,0.250816047,0.190749362
1789662873.890745878,0.234832915,-0.142363722,0.100677381,0.947339714,-0.067081191,0.248846903,0.190060213
1789662873.924067974,0.230523303,-0.141265564,0.097747282,0.948836863,-0.065088816,0.244859204,0.188457400
1789662873.957388878,0.226361927,-0.140429381,0.095313285,0.949977338,-0.063769743,0.242519766,0.186174095
1789662873.990710735,0.221851074,-0.138983575,0.092344718,0.951094449,-0.062355846,0.241176218,0.182661071
1789662874.024032354,0.217580651,-0.137770863,0.090243173,0.952125192,-0.061493479,0.239879385,0.179259628
1789662874.057354450,0.213190494,-0.136660601,0.088146103,0.953236878,-0.061122231,0.236626148,0.177796930
1789662874.090675354,0.207625156,-0.135534558,0.085005546,0.954535842,-0.058390800,0.233335271,0.176086500
1789662874.123996973,0.202244875,-0.133863655,0.082208427,0.955278099,-0.056066889,0.233087078,0.173120558
1789662874.157318830,0.198232150,-0.133395438,0.081455144,0.955304146,-0.057703178,0.235804588,0.168702528
1789662874.190640688,0.195306140,-0.131742755,0.080278297,0.954801917,-0.059086353,0.240040287,0.165054247
1789662874.223961115,0.189377923,-0.129996049,0.078259555,0.956181049,-0.059109025,0.236515239,0.162124693
1789662874.257282972,0.185794895,-0.131037304,0.077073551,0.957803071,-0.060233437,0.230191246,0.161236614
1789662874.290604591,0.182071034,-0.129979899,0.074942901,0.959045708,-0.057760164,0.225502804,0.161380634
1789662874.323925257,0.177689828,-0.128871346,0.072782082,0.959989250,-0.055706892,0.223482296,0.159288913
1789662874.357246876,0.173379992,-0.128408258,0.071143113,0.960461736,-0.055268120,0.224639773,0.154905394
1789662874.390573502,0.169972554,-0.127500543,0.069282064,0.961338460,-0.054027639,0.223926842,0.150884628
1789662874.423899889,0.166563380,-0.126658168,0.066874546,0.962512136,-0.051160533,0.221669152,0.147701636
1789662874.457225561,0.162840223,-0.125957905,0.064564221,0.963747919,-0.047651555,0.218941242,0.144858271
1789662874.490551949,0.159075729,-0.125266705,0.061870963,0.964630663,-0.045272835,0.217340112,0.142131954
1789662874.523878574,0.155603261,-0.124393738,0.059741734,0.965407610,-0.043041445,0.216654986,0.138550371
1789662874.557204247,0.152908043,-0.123591248,0.057883094,0.966313660,-0.040125400,0.215823129,0.134343818
1789662874.590531111,0.150206005,-0.122215213,0.055575351,0.966685951,-0.036943831,0.216335490,0.131728217
1789662874.623857737,0.144371063,-0.122304409,0.052772065,0.967212021,-0.035620041,0.216694683,0.127575815
1789662874.657184124,0.141106536,-0.122377634,0.050296254,0.968511224,-0.034368061,0.212447390,0.125184417
1789662874.690509796,0.136938512,-0.121483019,0.047716475,0.969547451,-0.031871855,0.209729314,0.122374587
1789662874.723836422,0.132905634,-0.120743781,0.044949003,0.970534980,-0.028703742,0.207738116,0.118671708
1789662874.757163048,0.129564969,-0.120442581,0.043480655,0.971142411,-0.027676862,0.206481650,0.116110831
1789662874.790489674,0.126421688,-0.120014293,0.041879786,0.972219408,-0.026764657,0.202685177,0.113982178
1789662874.823815346,0.122876914,-0.119268818,0.039870339,0.973122776,-0.024978407,0.199897319,0.111576140
1789662874.857141972,0.119836083,-0.118145757,0.038267004,0.973594069,-0.023349313,0.199040413,0.109327167
1789662874.890469074,0.117127688,-0.117069797,0.036637150,0.974333644,-0.023043236,0.196845427,0.106746890
1789662874.923794746,0.114157695,-0.115575772,0.035076647,0.975092590,-0.023023160,0.194287866,0.104482397
1789662874.957121372,0.111477614,-0.114244742,0.033514042,0.975794971,-0.023170784,0.191476732,0.103072681
1789662874.990447998,0.107923244,-0.112614326,0.031603575,0.976413548,-0.022449676,0.188680708,0.102528900
1789662875.023774862,0.105703270,-0.110839168,0.029776859,0.977124333,-0.022429463,0.185225293,0.102061853
1789662875.057100534,0.102635405,-0.111233876,0.026911152,0.978014350,-0.024503022,0.182103693,0.098619469
1789662875.090427160,0.100033188,-0.110813379,0.025149989,0.978788793,-0.024223406,0.178649366,0.097314700
1789662875.123754263,0.096895783,-0.108993705,0.024040721,0.979832113,-0.022594346,0.174423769,0.094841793
1789662875.157080889,0.093777012,-0.108391778,0.022954708,0.980805635,-0.021921545,0.169873312,0.093182191
1789662875.190406799,0.090099531,-0.107664377,0.021675598,0.981841624,-0.020980533,0.165201783,0.090858042
1789662875.223733425,0.086110283,-0.107306196,0.019821695,0.982580900,-0.019810995,0.163557366,0.085972846
1789662875.257060289,0.083275178,-0.106936118,0.018179926,0.983242571,-0.017394733,0.162112623,0.081554286
1789662875.290385962,0.080519724,-0.106144082,0.016207873,0.984285653,-0.013775611,0.157408029,0.078833699
1789662875.323712826,0.076336598,-0.105880182,0.013705367,0.985522926,-0.010422107,0.151542127,0.075305931
1789662875.357039690,0.071710932,-0.105319163,0.010611386,0.986442327,-0.008059677,0.147653967,0.071168132
1789662875.390363932,0.067691619,-0.104636759,0.008014501,0.987405300,-0.006160672,0.143322721,0.066719100
1789662875.423702240,0.063667275,-0.103467970,0.006438548,0.988136232,-0.005795897,0.139956400,0.062971957
1789662875.457041502,0.059208544,-0.102871858,0.004702165,0.988870203,-0.007577806,0.136314571,0.059132915
1789662875.490380764,0.055153291,-0.101363195,0.002966996,0.989517748,-0.007871705,0.133540049,0.054403864
1789662875.523720503,0.050694368,-0.100433231,0.001733952,0.990090728,-0.010359644,0.130971283,0.049594767
1789662875.557058811,0.046595802,-0.099183528,0.000279537,0.990653694,-0.010948983,0.127682179,0.046718687
1789662875.590398788,0.043680328,-0.097305035,-0.001602172,0.991283596,-0.009744992,0.123616770,0.044507183
1789662875.623738289,0.039824079,-0.096158530,-0.003656780,0.992119133,-0.009552474,0.117895149,0.041343674
1789662875.657077074,0.035658868,-0.095087011,-0.006482951,0.992784023,-0.010343920,0.113130823,0.038396843
1789662875.690417290,0.032403868,-0.093731628,-0.009051996,0.993513405,-0.009289593,0.107736573,0.035182256
1789662875.723757267,0.028516058,-0.092435562,-0.011406762,0.994333982,-0.007801739,0.101280168,0.031326752
1789662875.757097483,0.024266295,-0.090782948,-0.014052687,0.995063722,-0.006794438,0.095016204,0.027819868
1789662875.790436745,0.020284828,-0.089836859,-0.016588357,0.995739758,-0.007195721,0.088747561,0.023969389
1789662875.823777199,0.017053686,-0.087837292,-0.019102344,0.996531367,-0.006600029,0.080160178,0.021356987
1789662875.857117414,0.014293068,-0.086017317,-0.020603384,0.997073352,-0.008075677,0.073254250,0.020334532
1789662875.890456915,0.011834611,-0.084416770,-0.022440951,0.997560501,-0.009227855,0.066443488,0.019319769
1789662875.923797846,0.009295549,-0.082708747,-0.024781546,0.997998834,-0.008504477,0.060013495,0.018011682
1789662875.957138777,0.007259866,-0.081330882,-0.026738699,0.998399377,-0.009187402,0.053075366,0.017240331
1789662875.990479469,0.005139870,-0.079890427,-0.028494723,0.998755932,-0.009751044,0.045479305,0.017980330
1789662876.023819447,0.003546137,-0.078109660,-0.031038370,0.999019921,-0.009017586,0.038713675,0.019470936
1789662876.057160378,0.002418756,-0.076188626,-0.033215200,0.999167681,-0.008406628,0.034798443,0.019555945
1789662876.090501785,0.000350448,-0.074231643,-0.035327297,0.999304473,-0.008064876,0.032387339,0.016631553
1789662876.123842955,-0.001047514,-0.072111885,-0.037358293,0.999437094,-0.008313979,0.030158142,0.012119750
1789662876.157183409,-0.002460421,-0.070390302,-0.038964174,0.999519706,-0.008414321,0.028825006,0.007659946
1789662876.190524578,-0.004508769,-0.067879943,-0.040867227,0.999556482,-0.008116815,0.028557008,0.002348913
1789662876.223866463,-0.006867366,-0.065165539,-0.042006762,0.999558091,-0.009258655,0.028062182,-0.003251807
1789662876.257206917,-0.009058920,-0.061748140,-0.043072946,0.999644756,-0.010910123,0.023187511,-0.007329577
1789662876.290548801,-0.011005651,-0.058367671,-0.044133494,0.999731600,-0.012599438,0.016796051,-0.009788697
1789662876.323890686,-0.012654798,-0.054929359,-0.044640420,0.999777973,-0.013681791,0.011882842,-0.010750727
1789662876.357232571,-0.014127737,-0.051641784,-0.045763073,0.999805868,-0.013685544,0.008030937,-0.011682981
1789662876.390573740,-0.015881776,-0.048791928,-0.046888325,0.999800980,-0.014146451,0.006062828,-0.012698473
1789662876.423900127,-0.017035205,-0.046182637,-0.047971506,0.999817133,-0.013032338,0.007280917,-0.011949688
1789662876.457226753,-0.018322958,-0.044490653,-0.048421682,0.999830604,-0.013223080,0.004545187,-0.011968656
1789662876.490553141,-0.020420047,-0.041858537,-0.048454467,0.999812543,-0.014093525,-0.000869626,-0.013248180
1789662876.523878813,-0.022545025,-0.040403349,-0.048144600,0.999694526,-0.016994761,-0.005251023,-0.017161110
1789662876.557205677,-0.024516908,-0.038442667,-0.048083895,0.999549389,-0.019137966,-0.006376213,-0.022230053
1789662876.590532303,-0.026202486,-0.036079764,-0.048465786,0.999427080,-0.019811423,-0.008526523,-0.026085010
1789662876.623857737,-0.028092550,-0.033716196,-0.048569280,0.999323666,-0.020034958,-0.012445207,-0.028213743
1789662876.657184362,-0.029196762,-0.031981145,-0.049400187,0.999247313,-0.019390034,-0.016038412,-0.029524155
1789662876.690510988,-0.029752954,-0.030690032,-0.050357173,0.999168694,-0.018328197,-0.020104587,-0.030360682
1789662876.723837614,-0.029772523,-0.029541791,-0.051499924,0.999057770,-0.017714176,-0.024829961,-0.030875003
1789662876.757163286,-0.030460903,-0.027700327,-0.052646167,0.999008238,-0.015973518,-0.026911309,-0.031673655
1789662876.790489912,-0.030668194,-0.026092115,-0.053571952,0.998925090,-0.013839606,-0.029607957,-0.032871462
1789662876.823816538,-0.030713585,-0.024677988,-0.054251083,0.998787999,-0.012730459,-0.032525547,-0.034678213
1789662876.857143402,-0.030866012,-0.023182750,-0.054729745,0.998679936,-0.011656505,-0.034308031,-0.036407851
1789662876.890469313,-0.030931414,-0.021446352,-0.055688054,0.998499513,-0.008888401,-0.038183559,-0.038233899
1789662876.923795938,-0.030796008,-0.019933393,-0.055559072,0.998258948,-0.005689323,-0.043405708,-0.039531019
1789662876.957122564,-0.030212116,-0.019342470,-0.056162894,0.998111844,-0.002759164,-0.046699796,-0.039803259
1789662876.990448236,-0.029701439,-0.018090854,-0.056502386,0.997840703,-0.002475651,-0.050303593,-0.042158507
1789662877.023775101,-0.028589656,-0.016728334,-0.057059811,0.997506261,-0.000051696,-0.055311773,-0.043839861
1789662877.057101727,-0.027105573,-0.015508050,-0.057169344,0.997149408,0.001515750,-0.060783837,-0.044678036
1789662877.090428829,-0.025962847,-0.014406235,-0.057251646,0.996686816,0.003522403,-0.066466354,-0.046746273
1789662877.123754501,-0.023917273,-0.013504078,-0.057660725,0.996335506,0.006665522,-0.069002211,-0.050098665
1789662877.157081366,-0.022158513,-0.012612096,-0.057988087,0.996078372,0.009094921,-0.070053414,-0.053271350
1789662877.190408230,-0.019797154,-0.011532396,-0.058359609,0.995409131,0.011426947,-0.076690271,-0.056112994
1789662877.223733902,-0.016527722,-0.011041666,-0.059021421,0.994774401,0.014124407,-0.082048275,-0.059097607
1789662877.257060766,-0.014690992,-0.010178322,-0.059161829,0.994556963,0.016462833,-0.083716020,-0.059809454
1789662877.290387630,-0.011356753,-0.010000527,-0.059345635,0.993889570,0.016664591,-0.091528051,-0.059401873
1789662877.323714495,-0.007486729,-0.010127848,-0.059481554,0.992759049,0.017355958,-0.103695184,-0.058098584
1789662877.357040644,-0.004150716,-0.009515833,-0.059987508,0.992188156,0.019757375,-0.110041186,-0.055348009
1789662877.390367508,-0.001004950,-0.008695229,-0.060585025,0.991722226,0.022916732,-0.115510002,-0.051178191
1789662877.423691273,0.001943544,-0.007392702,-0.061265552,0.991125882,0.027830148,-0.120898940,-0.047732685
1789662877.457015038,0.004025230,-0.008042267,-0.061942234,0.990781426,0.029112699,-0.123651512,-0.047063708
1789662877.490337849,0.005627309,-0.008166037,-0.061799726,0.990389943,0.028910875,-0.127077147,-0.046296097
1789662877.523661613,0.007487321,-0.007767274,-0.061887851,0.989622593,0.030397296,-0.133015499,-0.045055076
1789662877.556985378,0.008426519,-0.007736738,-0.061899170,0.988757491,0.030992495,-0.139760152,-0.043189149
1789662877.590308189,0.010006055,-0.007248288,-0.061918198,0.987435877,0.032720681,-0.149365604,-0.039871801
1789662877.623631954,0.010754641,-0.006514766,-0.061669103,0.987350106,0.034760959,-0.149256781,-0.040668476
1789662877.656955481,0.011833537,-0.004170555,-0.060259102,0.987971604,0.033192888,-0.144467816,-0.044039346
1789662877.690279245,0.011781114,-0.002679752,-0.058444887,0.988121748,0.029296739,-0.143198326,-0.047449373
1789662877.723602057,0.011336473,-0.000917676,-0.056989283,0.987687767,0.027957929,-0.145747960,-0.049485125
1789662877.756925821,0.011230682,0.000870687,-0.055544009,0.987443149,0.027182013,-0.147215247,-0.050447471
1789662877.790249586,0.011368517,0.002390686,-0.054552657,0.987404883,0.027223688,-0.147604898,-0.050034244
1789662877.823573351,0.011555879,0.004255649,-0.053571523,0.987541080,0.027783506,-0.146724045,-0.049626056
1789662877.856895685,0.011545250,0.005983213,-0.052772263,0.987553000,0.028066276,-0.146089152,-0.051083110
1789662877.890219450,0.011928385,0.007267952,-0.052104832,0.987344444,0.028600704,-0.147589341,-0.050501131
1789662877.923542976,0.012799832,0.008776462,-0.051429396,0.987511039,0.029296963,-0.147315353,-0.047559224
1789662877.956865788,0.013944861,0.009955285,-0.051133303,0.987473369,0.029579619,-0.148062676,-0.045813501
1789662877.990189314,0.015285069,0.011127788,-0.050768714,0.987330914,0.030296003,-0.149396762,-0.044050492
1789662878.023512602,0.016197965,0.012099153,-0.050176446,0.987399399,0.029788153,-0.149330705,-0.043074913
1789662878.056836367,0.016997244,0.013252635,-0.049663890,0.987374783,0.029696481,-0.149480924,-0.043182455
1789662878.090158939,0.017420995,0.013347668,-0.049892521,0.987156987,0.030750452,-0.150890604,-0.042514879
1789662878.123482466,0.017923664,0.013275314,-0.050502817,0.987101555,0.032739017,-0.151339978,-0.040681809
1789662878.156805992,0.018976680,0.013574838,-0.050797354,0.987092078,0.034314927,-0.151697889,-0.038203463
1789662878.190129280,0.020136870,0.013841318,-0.050502069,0.987015367,0.034715481,-0.152654469,-0.035945617
1789662878.223451853,0.021606548,0.014030943,-0.049710644,0.987076044,0.032971516,-0.153284207,-0.033132136
1789662878.256775379,0.022532505,0.013786093,-0.048783540,0.987254083,0.030109853,-0.153327718,-0.030223493
1789662878.290098906,0.024281275,0.014499822,-0.048099981,0.986763656,0.031302422,-0.156682193,-0.027722016
1789662878.323421478,0.025295396,0.014854846,-0.048071396,0.986396253,0.032317758,-0.159284934,-0.024625674
1789662878.356744528,0.026092504,0.014599756,-0.048140399,0.986615896,0.031120207,-0.158608124,-0.021544615
1789662878.390068054,0.026034763,0.014943839,-0.048131345,0.986834526,0.031614587,-0.157436192,-0.019290598
1789662878.423392296,0.026623148,0.014956171,-0.048163808,0.986799598,0.032078333,-0.157774672,-0.017457824
1789662878.456715822,0.027458544,0.015115636,-0.048280811,0.986669123,0.032264058,-0.158712402,-0.015919484
1789662878.490040064,0.028643158,0.015256067,-0.048164225,0.986328900,0.032755174,-0.160847291,-0.014516171
1789662878.523364305,0.029474686,0.015090152,-0.047835819,0.986149430,0.032658514,-0.162058756,-0.013404574
1789662878.556687593,0.029125809,0.015041586,-0.047503418,0.986186922,0.031202154,-0.162010759,-0.014644761
1789662878.590011835,0.028619071,0.014724629,-0.047438658,0.986090362,0.030469622,-0.162594706,-0.016137635
1789662878.623335838,0.028643087,0.014588149,-0.047327579,0.985921919,0.030629631,-0.163531795,-0.016650649
1789662878.656660080,0.028796787,0.014570011,-0.047039475,0.985965669,0.030056711,-0.163474038,-0.015643567
1789662878.689983368,0.029065559,0.014629367,-0.047066063,0.986094296,0.029537478,-0.162887290,-0.014609091
1789662878.723307371,0.028926142,0.014623946,-0.047121682,0.986075461,0.029759936,-0.162898645,-0.015281224
1789662878.756631613,0.028798814,0.014626023,-0.047222938,0.986070216,0.030101875,-0.162831768,-0.015664099
1789662878.789955854,0.029006564,0.014732378,-0.047028377,0.986063063,0.030179638,-0.162941486,-0.014793328
1789662878.823279142,0.029023945,0.014684796,-0.046560976,0.986084640,0.028697621,-0.163093567,-0.014628869
1789662878.856603146,0.028856843,0.014802328,-0.045930562,0.986090243,0.027352998,-0.163234100,-0.015247775
1789662878.889927149,0.028837407,0.014584999,-0.045322475,0.986129284,0.025562814,-0.163311049,-0.015000491
1789662878.923250198,0.029098062,0.014668576,-0.044406646,0.986137688,0.023858478,-0.163588881,-0.014209933
1789662878.956574440,0.028981811,0.014782805,-0.044079516,0.986140966,0.023468774,-0.163588524,-0.014627494
1789662878.989898443,0.028850550,0.014782256,-0.044084881,0.986154258,0.023522463,-0.163473412,-0.014933676
1789662879.023222685,0.028894132,0.014632864,-0.044070839,0.986172855,0.023414623,-0.163421527,-0.014430400
1789662879.056545734,0.029006139,0.014626704,-0.043802871,0.986164868,0.022937348,-0.163531572,-0.014497175
1789662879.089869738,0.028931539,0.014574456,-0.043594999,0.986162007,0.022326929,-0.163596988,-0.014897669
1789662879.123193741,0.028962441,0.014548269,-0.043323328,0.986167610,0.021638168,-0.163669437,-0.014747199
1789662879.156517744,0.028975871,0.014601591,-0.043069595,0.986171901,0.021238388,-0.163714230,-0.014547401
1789662879.189840794,0.028895958,0.014621544,-0.042955247,0.986169279,0.021049079,-0.163734674,-0.014767963
1789662879.223164797,0.028862381,0.014542265,-0.043068169,0.986173451,0.021090420,-0.163697734,-0.014838886
1789662879.256488800,0.028911972,0.014458326,-0.043204101,0.986182094,0.021268606,-0.163639575,-0.014652178
1789662879.289811850,0.028917562,0.014650601,-0.042996409,0.986157417,0.021341756,-0.163781434,-0.014617488
1789662879.323135853,0.028851388,0.014565368,-0.042707763,0.986186445,0.020349056,-0.163714349,-0.014825915
1789662879.356459618,0.028806732,0.014550029,-0.042575860,0.986197829,0.019914163,-0.163694710,-0.014873678
1789662879.389783621,0.028914255,0.014570854,-0.042572923,0.986179471,0.020260671,-0.163770631,-0.014787173
1789662879.423106670,0.028898953,0.014483906,-0.042706453,0.986189961,0.020487178,-0.163681656,-0.014761936
1789662879.456430674,0.028779161,0.014451186,-0.042693237,0.986224532,0.020127844,-0.163510859,-0.014838386
1789662879.489754677,0.028818246,0.014457321,-0.042368164,0.986228228,0.019210946,-0.163590237,-0.014940961
1789662879.523078442,0.028815166,0.014415253,-0.041973185,0.986233056,0.018332200,-0.163659140,-0.014968420
1789662879.556401253,0.028729882,0.014393212,-0.041836064,0.986246765,0.017910153,-0.163612500,-0.015083513
1789662879.589725018,0.028632395,0.014331815,-0.041926281,0.986258924,0.018080624,-0.163521275,-0.015072390
1789662879.623049021,0.028661926,0.014285037,-0.041946546,0.986254096,0.018295595,-0.163534269,-0.014992694
1789662879.656371832,0.028685819,0.014253653,-0.041842021,0.986259758,0.017915424,-0.163536981,-0.015050022
1789662879.689695835,0.028752247,0.014318886,-0.041638805,0.986252666,0.017596038,-0.163600340,-0.015195860
1789662879.723019600,0.028715920,0.014193320,-0.041480336,0.986263931,0.017039321,-0.163563818,-0.015492533
1789662879.756343365,0.028722904,0.014112052,-0.041303380,0.986270308,0.016511509,-0.163565040,-0.015646644
1789662879.789666176,0.028622876,0.014366933,-0.041010758,0.986289859,0.016330887,-0.163470939,-0.015588826
1789662879.822989941,0.028396038,0.014348377,-0.040880616,0.986334085,0.015892541,-0.163223818,-0.015828842
1789662879.856313705,0.028395041,0.014246328,-0.040651868,0.986349225,0.015409757,-0.163168445,-0.015930230
1789662879.889636517,0.028432856,0.014299700,-0.040444382,0.986366391,0.014905994,-0.163122535,-0.015816266
1789662879.922960281,0.028257831,0.014235973,-0.039973992,0.986433923,0.013880479,-0.162803605,-0.015827909
1789662879.956284046,0.028074564,0.014176688,-0.039175368,0.986456037,0.012254648,-0.162722528,-0.016607329
1789662879.989607573,0.027726943,0.014133581,-0.038182117,0.986469150,0.009616399,-0.162723765,-0.017528420
1789662880.022930145,0.027121259,0.013819816,-0.037278310,0.986552119,0.007226768,-0.162282869,-0.018085049
1789662880.056253910,0.026839637,0.013573402,-0.036659524,0.986582696,0.005673506,-0.162087202,-0.018711660
1789662880.089577675,0.026656998,0.013613492,-0.036495531,0.986588180,0.005313095,-0.162028894,-0.019030340
1789662880.122901201,0.026679050,0.013564186,-0.036527376,0.986602902,0.005964859,-0.161954343,-0.018709956
1789662880.156223774,0.026910442,0.013648436,-0.036925958,0.986613870,0.006939556,-0.161932573,-0.017966274
1789662880.189547300,0.027074102,0.013732894,-0.037405605,0.986593366,0.008116062,-0.162000060,-0.017992968
1789662880.222871065,0.027071879,0.013792517,-0.037736811,0.986596286,0.008643392,-0.161936775,-0.018154297
1789662880.256193638,0.027065825,0.013895803,-0.037589403,0.986621976,0.008722547,-0.161806375,-0.017878875
1789662880.289517164,0.027280825,0.013865286,-0.037598487,0.986602783,0.008263113,-0.162010342,-0.017302206
1789662880.322840929,0.027201503,0.013807280,-0.037634296,0.986607492,0.008501570,-0.161963910,-0.017356716
1789662880.356164217,0.027025782,0.013953034,-0.037841387,0.986605525,0.009372183,-0.161860406,-0.017969683
1789662880.389486790,0.027091779,0.013950833,-0.037943821,0.986604691,0.009422428,-0.161878467,-0.017827919
1789662880.422816753,0.027278263,0.014031514,-0.037849402,0.986601949,0.009104661,-0.162003547,-0.016986875
1789662880.456146240,0.027255434,0.013833519,-0.037569035,0.986621678,0.008290117,-0.161940455,-0.016860597
1789662880.489476204,0.027062287,0.013662340,-0.037302561,0.986602545,0.007350823,-0.161977053,-0.018026818
1789662880.522805214,0.026757297,0.013625183,-0.036918665,0.986614823,0.006216001,-0.161880732,-0.018633030
1789662880.556134939,0.026855342,0.013613812,-0.036751618,0.986607075,0.005766847,-0.161983013,-0.018299622
1789662880.589465141,0.026852063,0.013725764,-0.036911054,0.986614645,0.006692348,-0.161943346,-0.017921275
1789662880.622794151,0.027106033,0.013655113,-0.037546424,0.986581922,0.008319997,-0.162085563,-0.017751446
1789662880.656124592,0.027226795,0.013924320,-0.037951664,0.986557305,0.010046984,-0.162164643,-0.017503083
1789662880.689454556,0.027181786,0.014054619,-0.038541054,0.986564875,0.011074911,-0.162077367,-0.017263014
1789662880.722784996,0.027390026,0.013970591,-0.038833337,0.986533761,0.011279889,-0.162291482,-0.016899118
1789662880.756114244,0.027302147,0.014347545,-0.039584151,0.986658037,0.012845081,-0.161416054,-0.016910270
1789662880.789444685,0.028096566,0.013937059,-0.040688644,0.987726450,0.014462126,-0.154793248,-0.015043958
1789662880.822775126,0.028853793,0.013992526,-0.040178613,0.988328695,0.014525183,-0.151181161,-0.011821163
1789662880.856105566,0.029215170,0.013966567,-0.040279741,0.988288105,0.014513048,-0.151472226,-0.011499392
1789662880.889435053,0.028801782,0.013807788,-0.041760957,0.987617731,0.017749764,-0.155309170,-0.013240595
1789662880.922765970,0.028299551,0.014238908,-0.043341257,0.985930264,0.023243058,-0.164926156,-0.014168078
1789662880.956096411,0.028801170,0.014176052,-0.043899442,0.984086335,0.024610577,-0.175433829,-0.013837705
1789662880.989426374,0.030069493,0.014267700,-0.044081685,0.982044339,0.024378795,-0.186662242,-0.012320209
1789662881.022757053,0.030256489,0.014298984,-0.044734687,0.980917573,0.025793824,-0.192466453,-0.009595899
1789662881.056087971,0.029519142,0.013898441,-0.046124359,0.980174541,0.028484162,-0.195937902,-0.007405601
1789662881.089418650,0.030178865,0.012287145,-0.048212675,0.979531765,0.030977026,-0.198719367,-0.008277888
1789662881.122748852,0.029855436,0.010732084,-0.050386488,0.979325950,0.033136468,-0.199194357,-0.012010894
1789662881.156079769,0.029380796,0.007833059,-0.052826172,0.979133904,0.033524893,-0.199719563,-0.016884219
1789662881.189410925,0.028258025,0.005164972,-0.055114712,0.978873789,0.033556003,-0.200689256,-0.020101566
1789662881.222741127,0.027144475,0.002449073,-0.057114528,0.977952957,0.033302527,-0.204962999,-0.022115432
1789662881.256072283,0.026269103,0.000126052,-0.059170526,0.976808608,0.033664972,-0.210221216,-0.022775017
1789662881.289403677,0.025240376,-0.002114280,-0.061522201,0.975941122,0.035097770,-0.213787392,-0.024538077
1789662881.322734833,0.024087587,-0.003092366,-0.064025511,0.974826694,0.038306553,-0.217921957,-0.027487259
1789662881.356065512,0.022788474,-0.005332015,-0.066690499,0.974280834,0.037595276,-0.220191941,-0.029646926
1789662881.389396667,0.021784753,-0.006333216,-0.068965190,0.973127484,0.037747584,-0.224938467,-0.031633742
1789662881.422723293,0.020426630,-0.006674731,-0.071109928,0.971091390,0.039608374,-0.232845142,-0.034581125
1789662881.456049919,0.018509011,-0.007184375,-0.073917514,0.969651163,0.041292276,-0.238154814,-0.036795564
1789662881.489375353,0.016571722,-0.008322476,-0.076479587,0.968008459,0.041508280,-0.244386822,-0.038883418
1789662881.522701979,0.015695637,-0.009253998,-0.078808540,0.965661347,0.040974006,-0.253174931,-0.041495062
1789662881.556028366,0.013218338,-0.010284729,-0.081493655,0.964366257,0.040108763,-0.257753044,-0.044187494
1789662881.589353800,0.011580693,-0.010635627,-0.084160807,0.962754011,0.040836360,-0.262936503,-0.047975913
1789662881.622680426,0.010913877,-0.011164257,-0.086307229,0.960726202,0.040935911,-0.269378453,-0.052579265
1789662881.656006813,0.008382209,-0.011215649,-0.089316335,0.959392786,0.040846158,-0.273608983,-0.055092804
1789662881.689333439,0.006795772,-0.011914130,-0.091954331,0.957831144,0.040841948,-0.278599799,-0.057215974
1789662881.722658873,0.003985400,-0.012326785,-0.095172864,0.955632389,0.040133219,-0.285591751,-0.059946030
1789662881.755985260,0.002545029,-0.012340827,-0.097521644,0.953047216,0.039992668,-0.293441623,-0.063195042
1789662881.789312124,-0.000352443,-0.012012430,-0.099642664,0.951057851,0.039720044,-0.298944294,-0.067407116
1789662881.822638512,-0.003184352,-0.011786770,-0.102094178,0.948618650,0.038540080,-0.305411845,-0.073218390
1789662881.855964184,-0.008057222,-0.011523922,-0.104970320,0.946762741,0.035112239,-0.309747219,-0.080399811
1789662881.889290571,-0.012187895,-0.011124344,-0.106801479,0.944959342,0.031615928,-0.313827664,-0.086974502
1789662881.922617197,-0.015764522,-0.010177804,-0.108474204,0.942104220,0.029793635,-0.320490450,-0.094010018
1789662881.955942631,-0.020385000,-0.009232648,-0.110469906,0.939428747,0.027699705,-0.326858342,-0.099348143
1789662881.989269257,-0.024506069,-0.007901834,-0.111815109,0.937626064,0.026080618,-0.330580145,-0.104374103
1789662882.022595882,-0.029406950,-0.007031379,-0.113623048,0.936374307,0.023947872,-0.331883013,-0.111728847
1789662882.055922270,-0.034871302,-0.006501917,-0.116352344,0.934844732,0.021315809,-0.334100932,-0.118269458
1789662882.089247942,-0.039842669,-0.005704666,-0.118560231,0.932178855,0.020036245,-0.340066910,-0.122457035
1789662882.122574568,-0.044526780,-0.005603761,-0.120147351,0.929564655,0.017709522,-0.345684499,-0.126879036
1789662882.155901194,-0.049536329,-0.004734768,-0.121858682,0.927427471,0.016825145,-0.349134356,-0.133042812
1789662882.189227819,-0.054241414,-0.003584934,-0.123836687,0.924434781,0.016000453,-0.354604244,-0.139356717
1789662882.222553253,-0.059337130,-0.002442004,-0.125575404,0.921084285,0.014267121,-0.360664189,-0.146019116
1789662882.255879879,-0.064288218,-0.001304343,-0.127887468,0.918665171,0.012191752,-0.364450246,-0.151926473
1789662882.289206505,-0.068580696,-0.000795012,-0.129497517,0.916113257,0.010235711,-0.369040430,-0.156336159
1789662882.322531939,-0.073366441,0.000648181,-0.131991390,0.913066447,0.009137336,-0.374814063,-0.160438552
1789662882.355858564,-0.077043742,0.001761496,-0.133936107,0.909711063,0.008135711,-0.380754143,-0.165486947
1789662882.389185190,-0.081136780,0.002563129,-0.136104220,0.906887889,0.007869515,-0.385299742,-0.170400977
1789662882.422513008,-0.085633347,0.003942046,-0.138382644,0.903902233,0.007054899,-0.389830083,-0.175907493
1789662882.455839634,-0.089585870,0.005174272,-0.140351569,0.899967492,0.004755427,-0.396288276,-0.181635916
1789662882.489167452,-0.093483972,0.006369281,-0.142221394,0.896331787,0.003208633,-0.402068228,-0.186869621
1789662882.522495031,-0.097955456,0.008159622,-0.145391546,0.893045306,0.002624774,-0.407325089,-0.191179439
1789662882.555821896,-0.102178391,0.010321207,-0.146651617,0.889349639,0.001543591,-0.413321465,-0.195499867
1789662882.589149714,-0.106142004,0.011850070,-0.148176019,0.887041688,-0.000563797,-0.416465908,-0.199281082
1789662882.622477293,-0.109970342,0.013628196,-0.149702378,0.884951293,-0.001573580,-0.418868065,-0.203490570
1789662882.655805111,-0.113628838,0.015194919,-0.151183123,0.882399023,-0.003255689,-0.422189742,-0.207647026
1789662882.689131975,-0.116995738,0.017085568,-0.152208931,0.880723476,-0.005163449,-0.423931748,-0.211143121
1789662882.722459793,-0.120638934,0.018546096,-0.152790250,0.878642201,-0.007947677,-0.426192254,-0.215139583
1789662882.755787611,-0.123525651,0.020393260,-0.153497987,0.876816928,-0.010417692,-0.428161591,-0.218543366
1789662882.789115429,-0.126553665,0.021985502,-0.154296096,0.876037598,-0.012347084,-0.428368151,-0.221148267
1789662882.822442293,-0.129264800,0.023998183,-0.155474953,0.874596417,-0.013795379,-0.429531783,-0.224484801
1789662882.855770111,-0.131715498,0.025491519,-0.155724026,0.872977376,-0.015941048,-0.431093961,-0.227627888
1789662882.889097929,-0.133725666,0.026575874,-0.156211794,0.871693850,-0.017014965,-0.432114750,-0.230515301
1789662882.922424793,-0.136195803,0.028732931,-0.157030229,0.870116770,-0.016795099,-0.433060914,-0.234676585
1789662882.955752611,-0.138739820,0.030142832,-0.156898158,0.868624926,-0.018558500,-0.433960587,-0.238379225
1789662882.989080667,-0.140397322,0.031235760,-0.156677795,0.867546976,-0.021070292,-0.434701979,-0.240733013
1789662883.022408485,-0.142556063,0.032287654,-0.156858023,0.866089821,-0.023788344,-0.436333597,-0.242766619
1789662883.055735588,-0.144976023,0.034139065,-0.157284748,0.864443362,-0.025377031,-0.438436598,-0.244677439
1789662883.089063406,-0.146778550,0.034818140,-0.157584693,0.862910926,-0.027188512,-0.439849257,-0.247342303
1789662883.122391462,-0.148384699,0.036319413,-0.158144261,0.861628115,-0.028238202,-0.440517187,-0.250487983
1789662883.155719280,-0.150892111,0.037940372,-0.158799837,0.860362232,-0.030412342,-0.440843493,-0.253986031
1789662883.189046383,-0.153316075,0.039581706,-0.159513467,0.858882487,-0.032064736,-0.441612661,-0.257431805
1789662883.222374201,-0.154943699,0.040317792,-0.160007317,0.856717587,-0.033617672,-0.443783224,-0.260693878
1789662883.255702496,-0.156828901,0.041564806,-0.160617294,0.854363680,-0.035077386,-0.446843207,-0.262989551
1789662883.289029360,-0.158731869,0.042717230,-0.160609529,0.852727652,-0.036428943,-0.448785603,-0.264801741
1789662883.322357416,-0.160717494,0.043667434,-0.161569912,0.852161229,-0.038018905,-0.448056847,-0.267620891
1789662883.355685234,-0.162598005,0.045139201,-0.161317214,0.851084948,-0.039866854,-0.447444171,-0.271770000
1789662883.389013529,-0.164784769,0.046861738,-0.161417791,0.849895239,-0.041591257,-0.446925044,-0.276054889
1789662883.422338009,-0.166933046,0.048033254,-0.162114378,0.848466694,-0.043458860,-0.447023839,-0.279973865
1789662883.455663443,-0.168848538,0.049126833,-0.162954116,0.846936882,-0.044819444,-0.448295951,-0.282347202
1789662883.488989115,-0.170551210,0.049444261,-0.163119861,0.845421791,-0.046461135,-0.450428724,-0.283226788
1789662883.522314548,-0.172549806,0.050994803,-0.164539647,0.843849659,-0.047058020,-0.452798098,-0.284037292
1789662883.555639029,-0.174456536,0.051824400,-0.164806399,0.841918051,-0.048569478,-0.455230862,-0.285622090
1789662883.588964462,-0.176168468,0.052430181,-0.165424967,0.841280222,-0.049152259,-0.454970449,-0.287808478
1789662883.622289896,-0.178661929,0.052591458,-0.166467716,0.839190066,-0.051502500,-0.456095308,-0.291692644
1789662883.655614376,-0.181278389,0.053140323,-0.166631451,0.836849034,-0.054276399,-0.457775414,-0.295261800
1789662883.688939810,-0.183366035,0.054011614,-0.166643357,0.834744930,-0.056416903,-0.459322929,-0.298396736
1789662883.722265244,-0.185882982,0.054985523,-0.166909835,0.831956506,-0.058514111,-0.461524934,-0.302356303
1789662883.755590677,-0.189712936,0.056518197,-0.167975898,0.829712927,-0.061019242,-0.462731987,-0.306157023
1789662883.788914680,-0.191965622,0.057535102,-0.168008439,0.827154279,-0.063273326,-0.465020567,-0.309141099
1789662883.822240353,-0.194078610,0.058290499,-0.168735831,0.824935555,-0.065815531,-0.466637552,-0.312088251
1789662883.855565786,-0.196263466,0.058787687,-0.168435181,0.822838664,-0.068595827,-0.468192369,-0.314685911
1789662883.888890028,-0.198505981,0.060615672,-0.168942312,0.821759522,-0.070561312,-0.468856782,-0.316078633
1789662883.922215223,-0.200644517,0.061684545,-0.168997464,0.820669293,-0.073229812,-0.468930423,-0.318188071
1789662883.955540657,-0.202297381,0.061777868,-0.168918637,0.819641888,-0.074136384,-0.470494449,-0.318317592
1789662883.988866329,-0.203296352,0.061425881,-0.169598145,0.818166137,-0.073953137,-0.472539544,-0.319126397
1789662884.022190332,-0.204481910,0.060817295,-0.169967296,0.816619158,-0.075572386,-0.474512219,-0.319781631
1789662884.055515766,-0.205396059,0.060603293,-0.170128540,0.815011024,-0.078100979,-0.476085752,-0.320935518
1789662884.088840961,-0.206629208,0.060031965,-0.169677041,0.813719451,-0.081549659,-0.476588041,-0.322605252
1789662884.122166395,-0.208265681,0.061357303,-0.169005590,0.813219130,-0.083265215,-0.476206183,-0.323989809
1789662884.155490637,-0.209770960,0.061554953,-0.168562630,0.811687350,-0.085926346,-0.476364732,-0.326889664
1789662884.188815832,-0.211533456,0.062295187,-0.168264779,0.811058819,-0.088839509,-0.474789888,-0.329948008
1789662884.222141266,-0.213243377,0.063242711,-0.167358447,0.809994459,-0.093098916,-0.474218994,-0.332201779
1789662884.255465508,-0.214864215,0.064574865,-0.166577691,0.807934701,-0.096371412,-0.476130962,-0.333546847
1789662884.288790703,-0.215345747,0.063515163,-0.167044173,0.806920886,-0.096874155,-0.478208482,-0.332882613
1789662884.322115898,-0.215325026,0.063388938,-0.166962992,0.806392431,-0.095757231,-0.480263889,-0.331524432
1789662884.355441332,-0.216246117,0.063592881,-0.166795323,0.805020750,-0.097461231,-0.482667357,-0.330870241
1789662884.388765574,-0.217240278,0.064055561,-0.166116330,0.803972602,-0.101039939,-0.482837856,-0.332094371
1789662884.422092199,-0.218311393,0.064187953,-0.165151857,0.803318441,-0.104945712,-0.482766002,-0.332570225
1789662884.455418587,-0.219205063,0.064470426,-0.164933848,0.802261770,-0.107734427,-0.483924001,-0.332546264
1789662884.488745451,-0.220090193,0.064592777,-0.163997054,0.800624311,-0.111697592,-0.484772563,-0.333945960
1789662884.522071123,-0.220532862,0.064849516,-0.163069091,0.799595594,-0.116080046,-0.484461784,-0.335364372
1789662884.555397749,-0.222082364,0.064719864,-0.161996430,0.798715055,-0.120157003,-0.483781755,-0.337004006
1789662884.588724375,-0.223346250,0.065395288,-0.161934561,0.797608614,-0.121048972,-0.483675867,-0.339448601
1789662884.622049809,-0.224504937,0.065426033,-0.162161368,0.796898901,-0.121346049,-0.483693302,-0.340980977
1789662884.655376434,-0.225937780,0.065685651,-0.162335669,0.796060026,-0.122722454,-0.483121395,-0.343251377
1789662884.688703060,-0.227764498,0.066302733,-0.162126215,0.794504821,-0.125117883,-0.482432067,-0.346939266
1789662884.722029686,-0.229537955,0.066483249,-0.161984403,0.793388963,-0.127358824,-0.481623262,-0.349789470
1789662884.755355358,-0.231379294,0.066808434,-0.161909666,0.792482615,-0.129772812,-0.480272442,-0.352801293
1789662884.788682222,-0.232717522,0.067391887,-0.161507115,0.791725099,-0.132411778,-0.478714675,-0.355627507
1789662884.822008848,-0.233998125,0.067859979,-0.161260757,0.791112423,-0.133930191,-0.477968961,-0.357420683
1789662884.855335474,-0.234521853,0.067899379,-0.161150970,0.790827990,-0.134975091,-0.477484316,-0.358303994
1789662884.888661146,-0.234934765,0.068117703,-0.160933768,0.790891469,-0.135627761,-0.476807475,-0.358818322
1789662884.921987772,-0.234916673,0.068053532,-0.160510239,0.790693462,-0.136581331,-0.477095097,-0.358510196
1789662884.955314398,-0.234964642,0.067998376,-0.160280409,0.790593803,-0.137019649,-0.477220893,-0.358395308
1789662884.988639832,-0.234533743,0.067988880,-0.160328258,0.790761590,-0.136858076,-0.476748526,-0.358715534
1789662885.021966457,-0.234337931,0.067895630,-0.160189161,0.790911317,-0.136880487,-0.476883233,-0.358197421
1789662885.055293322,-0.233763982,0.067966265,-0.160396879,0.790890038,-0.136523932,-0.477096617,-0.358096331
1789662885.088619947,-0.233754275,0.067901502,-0.160408717,0.790817320,-0.136060387,-0.477210522,-0.358281493
1789662885.121945620,-0.233172269,0.067783850,-0.160740740,0.791765153,-0.134863302,-0.476154804,-0.358045429
1789662885.155272245,-0.232945102,0.067687572,-0.160595388,0.792839229,-0.134237990,-0.474384755,-0.358253032
1789662885.188598871,-0.232958365,0.067857888,-0.160564136,0.793433666,-0.133689389,-0.472890735,-0.359116435
1789662885.221924543,-0.231971850,0.067924214,-0.160757010,0.794199347,-0.132369176,-0.471847415,-0.359285146
1789662885.255251169,-0.231060914,0.067585457,-0.161256324,0.795309663,-0.130765706,-0.469735026,-0.360183030
1789662885.288578033,-0.229741121,0.066657400,-0.162593264,0.796761155,-0.126386747,-0.467008442,-0.362078905
1789662885.321904898,-0.227288980,0.064671702,-0.163292358,0.798614502,-0.121729389,-0.465259641,-0.361842990
1789662885.355230570,-0.225272446,0.060287219,-0.163482913,0.799963713,-0.121008754,-0.466743797,-0.357162565
1789662885.388557196,-0.222139680,0.056549858,-0.164283169,0.801368117,-0.117610894,-0.470658362,-0.349939167
1789662885.421883106,-0.218598797,0.052624691,-0.164694414,0.803501010,-0.113801017,-0.473657697,-0.342175335
1789662885.455209017,-0.215121965,0.048184206,-0.164620811,0.806357324,-0.110713072,-0.473508269,-0.336631119
1789662885.488534212,-0.211910595,0.043929921,-0.165031196,0.809672534,-0.107375957,-0.470435053,-0.334053487
1789662885.521860123,-0.209199554,0.040361733,-0.164553358,0.812715590,-0.105133057,-0.467783660,-0.331087321
1789662885.555186033,-0.206087594,0.037135897,-0.164803616,0.815156758,-0.102096923,-0.465606540,-0.329099298
1789662885.588510990,-0.203061093,0.034053190,-0.165527005,0.817431092,-0.097405225,-0.463096231,-0.328421235
1789662885.621837139,-0.200005419,0.030418752,-0.165543412,0.819965720,-0.094187938,-0.460149616,-0.327180833
1789662885.655163050,-0.197077914,0.026322351,-0.163303183,0.822166860,-0.094116673,-0.458269954,-0.324302852
1789662885.688488960,-0.193213822,0.023957831,-0.162750126,0.825376987,-0.090850487,-0.454828918,-0.321915835
1789662885.721813917,-0.188783581,0.020693429,-0.161796134,0.827960253,-0.087939180,-0.453107625,-0.318499565
1789662885.755139828,-0.184252952,0.016421782,-0.161519400,0.830865324,-0.085889235,-0.452010870,-0.313004881
1789662885.788465738,-0.180234420,0.012880462,-0.161504143,0.833785594,-0.083124414,-0.451421529,-0.306774557
1789662885.821791887,-0.175558766,0.009303566,-0.161471430,0.836676478,-0.079513803,-0.450727850,-0.300823092
1789662885.855116844,-0.171232814,0.005969396,-0.160949283,0.839749575,-0.076066330,-0.449882329,-0.294347495
1789662885.888442755,-0.165258363,0.002598102,-0.160515514,0.841746986,-0.072172679,-0.451554120,-0.286970496
1789662885.921768904,-0.160765532,-0.000269543,-0.160083824,0.843214154,-0.068969697,-0.453326881,-0.280584991
1789662885.955093861,-0.155910732,-0.004354121,-0.158845280,0.845045984,-0.066519938,-0.454095304,-0.274353832
1789662885.988419771,-0.151573767,-0.007124862,-0.157792137,0.848220587,-0.063924901,-0.452084035,-0.268431365
1789662886.021745682,-0.147739209,-0.009367058,-0.156278044,0.851332724,-0.061964598,-0.449244082,-0.263766676
1789662886.055071592,-0.143596321,-0.012395088,-0.155478492,0.854503095,-0.060840305,-0.445153922,-0.260693222
1789662886.088396549,-0.139956698,-0.014001253,-0.154298656,0.857821763,-0.059537720,-0.440249205,-0.258413672
1789662886.121722460,-0.136379022,-0.015975115,-0.152458451,0.860287964,-0.059341066,-0.436791122,-0.256118864
1789662886.155048370,-0.132238565,-0.017865720,-0.150349810,0.862816453,-0.059832793,-0.433524519,-0.253030211
1789662886.188374281,-0.129325810,-0.019011628,-0.148437290,0.865537882,-0.059514794,-0.429127514,-0.251300037
1789662886.221699238,-0.125754851,-0.020129991,-0.146530629,0.867817342,-0.057976440,-0.426017195,-0.249080509
1789662886.255025148,-0.122148714,-0.021548276,-0.144429049,0.869650245,-0.057467721,-0.424352556,-0.245623469
1789662886.288351059,-0.119808869,-0.022947067,-0.143257967,0.871821284,-0.058200777,-0.421078205,-0.243379518
1789662886.321676016,-0.117201266,-0.024135459,-0.141666139,0.873638511,-0.058329683,-0.417628855,-0.242774770
1789662886.355001688,-0.114960202,-0.025190884,-0.140176684,0.875133991,-0.059476543,-0.414584547,-0.242327720
1789662886.388327599,-0.113046342,-0.025684840,-0.138321110,0.876553357,-0.061612263,-0.411559165,-0.241820648
1789662886.421653986,-0.111429215,-0.025535524,-0.136533015,0.878477395,-0.063228957,-0.407574862,-0.241168842
1789662886.454979420,-0.108693854,-0.025929299,-0.133812920,0.879973292,-0.064791806,-0.405312896,-0.239103764
1789662886.488305807,-0.107162374,-0.025466072,-0.131826873,0.881280839,-0.065748766,-0.403289378,-0.237442315
1789662886.521632433,-0.106014512,-0.025320884,-0.130354952,0.883101046,-0.067333944,-0.399146110,-0.237236440
1789662886.554957867,-0.103834338,-0.024822562,-0.126450501,0.884531319,-0.069052406,-0.395853877,-0.236929968
1789662886.588284254,-0.103121507,-0.024200462,-0.124305170,0.886101902,-0.070794821,-0.391973734,-0.236998037
1789662886.621610641,-0.102133754,-0.024470727,-0.121567524,0.886980534,-0.072999783,-0.389615238,-0.236931264
1789662886.654936790,-0.101168586,-0.024156090,-0.119551429,0.887990177,-0.074080698,-0.387090057,-0.236953273
1789662886.688262224,-0.100490684,-0.024762396,-0.117819739,0.889042795,-0.076477356,-0.384700537,-0.236135021
1789662886.721588612,-0.099701527,-0.025257219,-0.115697112,0.889851093,-0.078869812,-0.383228481,-0.234692693
1789662886.754914999,-0.099428202,-0.025117336,-0.113752988,0.890666246,-0.079849623,-0.381571323,-0.233967945
1789662886.788241148,-0.099427936,-0.025267803,-0.112053547,0.891311169,-0.082277477,-0.379770756,-0.233600184
1789662886.821566582,-0.099799595,-0.025036964,-0.109460823,0.892142296,-0.085714601,-0.377299160,-0.233196348
1789662886.854892731,-0.100497805,-0.024662355,-0.106798567,0.892926872,-0.090198852,-0.374853700,-0.232444659
1789662886.888219357,-0.101523622,-0.023969104,-0.103997454,0.893159628,-0.095129296,-0.373245835,-0.232172072
1789662886.921544790,-0.102190477,-0.023337039,-0.101201238,0.893657565,-0.097543888,-0.371638060,-0.231833071
1789662886.954870939,-0.103498089,-0.023071110,-0.098513392,0.895235121,-0.102024026,-0.367054135,-0.231120154
1789662886.988197327,-0.104284952,-0.022609561,-0.094157347,0.895278275,-0.109098576,-0.364389390,-0.231937006
1789662887.021523476,-0.106344507,-0.021329184,-0.090501179,0.895507216,-0.114421390,-0.360217690,-0.234984815
1789662887.054848909,-0.108256340,-0.019621114,-0.086800083,0.896408796,-0.118927173,-0.354412585,-0.238116398
1789662887.088175058,-0.110325207,-0.018188925,-0.082416592,0.896956205,-0.125492245,-0.349834442,-0.239451796
1789662887.121501207,-0.111802773,-0.017475446,-0.078702636,0.896656811,-0.131266862,-0.348784626,-0.239008129
1789662887.154827595,-0.113436746,-0.015631243,-0.075055291,0.897187054,-0.135324448,-0.346141130,-0.238597944
1789662887.188152790,-0.115066115,-0.014428150,-0.071377312,0.897441983,-0.140044719,-0.342121661,-0.240703627
1789662887.221478939,-0.117284087,-0.013480670,-0.068534780,0.898413002,-0.146132424,-0.335284352,-0.243071660
1789662887.254805326,-0.119059871,-0.012224629,-0.064418110,0.899580419,-0.151675761,-0.328381747,-0.244775683
1789662887.288130522,-0.120438441,-0.010301867,-0.060705189,0.900849164,-0.153770283,-0.321493506,-0.247926399
1789662887.321456671,-0.121388945,-0.008446005,-0.057645670,0.902121186,-0.155132085,-0.315366387,-0.250310808
1789662887.354783058,-0.122954580,-0.008287590,-0.054181435,0.902395725,-0.159403861,-0.310573161,-0.252619565
1789662887.388109446,-0.123630008,-0.008821952,-0.050166279,0.902200043,-0.164805189,-0.308377415,-0.252542615
1789662887.421433449,-0.124891755,-0.008241722,-0.047120492,0.901883721,-0.167933032,-0.308296442,-0.251709342
1789662887.454758644,-0.125830138,-0.008024382,-0.045132733,0.901364505,-0.169091955,-0.310333341,-0.250286281
1789662887.488083839,-0.126472424,-0.008187655,-0.042404523,0.901265621,-0.171639532,-0.311548948,-0.247381315
1789662887.521409035,-0.127073011,-0.008038374,-0.039931288,0.901395380,-0.175004452,-0.311050832,-0.245167881
1789662887.554732800,-0.127560918,-0.007520479,-0.036806177,0.901347876,-0.178887710,-0.309179693,-0.244906649
1789662887.588057995,-0.130039130,-0.009046463,-0.034223765,0.901476204,-0.187755629,-0.301922500,-0.246842787
1789662887.621382952,-0.130922775,-0.008111883,-0.030618859,0.901929498,-0.192810118,-0.296943098,-0.247330561
1789662887.654707193,-0.130883723,-0.007083225,-0.027027711,0.902099907,-0.196344510,-0.294451416,-0.246906772
1789662887.688032150,-0.131294425,-0.007842732,-0.023539281,0.902186692,-0.201765612,-0.292012215,-0.245109394
1789662887.721357107,-0.131315705,-0.007635424,-0.020963257,0.904118001,-0.203389138,-0.287967056,-0.241409630
1789662887.754682302,-0.131511044,-0.007899780,-0.018489588,0.904791713,-0.205730140,-0.286387324,-0.238766670
1789662887.788006306,-0.131918130,-0.007564423,-0.015592342,0.905293763,-0.209681287,-0.283915997,-0.236365378
1789662887.821331263,-0.131682793,-0.008121323,-0.012473274,0.905218422,-0.214062393,-0.281224012,-0.235944718
1789662887.854656458,-0.131878158,-0.007319984,-0.009234229,0.905512750,-0.217350185,-0.277146161,-0.236633912
1789662887.887980461,-0.133363825,-0.005623482,-0.006872927,0.906285763,-0.221234292,-0.270778835,-0.237445593
1789662887.921305418,-0.134504927,-0.005151197,-0.004364785,0.906016886,-0.225863621,-0.266955614,-0.238440305
1789662887.954630375,-0.135265504,-0.004343406,-0.002276967,0.905760407,-0.228846073,-0.265368849,-0.238342240
1789662887.987955332,-0.135976239,-0.004030148,-0.000776382,0.905397177,-0.230911762,-0.265112013,-0.238015428
1789662888.021279335,-0.136548375,-0.003794618,0.000197798,0.904956460,-0.231347114,-0.266806215,-0.237374887
1789662888.054604292,-0.137047122,-0.003659282,0.001234603,0.904415250,-0.232661858,-0.268332303,-0.236430570
1789662888.087929010,-0.137623665,-0.003180674,0.002683801,0.903587580,-0.235405803,-0.268366337,-0.236840039
1789662888.121253967,-0.138109337,-0.002256114,0.003853076,0.903573513,-0.237128273,-0.266659915,-0.237102702
1789662888.154577971,-0.138541765,-0.001759759,0.005437992,0.903295815,-0.239970833,-0.265984744,-0.236056760
1789662888.187902927,-0.139128634,-0.001437345,0.006950805,0.902476907,-0.242985815,-0.266542017,-0.235475585
1789662888.221227646,-0.139831500,-0.000869943,0.008005322,0.902146995,-0.245370403,-0.266156912,-0.234701276
1789662888.254551411,-0.140243672,0.000523272,0.008501973,0.902242184,-0.245763749,-0.267010540,-0.232947707
1789662888.287876368,-0.140665243,0.000645383,0.009986075,0.901299357,-0.247807547,-0.268705577,-0.232482627
1789662888.321201086,-0.140991449,0.001270493,0.010978208,0.901310980,-0.248210654,-0.268216878,-0.232572049
1789662888.354526043,-0.141804523,0.001662185,0.012053639,0.900837958,-0.250739157,-0.266825348,-0.233292013
1789662888.387849808,-0.142382689,0.002274133,0.013146142,0.900254428,-0.252576828,-0.266552091,-0.233873665
1789662888.421180248,-0.143294785,0.002236260,0.014462361,0.899202466,-0.256049573,-0.266106516,-0.234650671
1789662888.454510450,-0.144080644,0.002621362,0.015529198,0.898458123,-0.258096427,-0.265609592,-0.235819399
1789662888.487840891,-0.144848901,0.003316938,0.016639353,0.897501469,-0.260268152,-0.265778363,-0.236882731
1789662888.521170139,-0.145622802,0.004106698,0.017521352,0.897122025,-0.262018472,-0.265164614,-0.237078279
1789662888.554500580,-0.146213261,0.004794744,0.018373183,0.896639228,-0.263238519,-0.265718013,-0.236933455
1789662888.587830782,-0.147293586,0.005508844,0.019566467,0.895705581,-0.265708417,-0.265932143,-0.237467542
1789662888.621160507,-0.148345372,0.006312610,0.020718743,0.895182610,-0.268280238,-0.264242798,-0.238431767
1789662888.654490709,-0.148714540,0.007267067,0.022070261,0.895254612,-0.269903481,-0.262270987,-0.238506094
1789662888.687821150,-0.149475984,0.008027826,0.022941301,0.894931614,-0.271354288,-0.261263251,-0.239177525
1789662888.721151590,-0.149861388,0.008880785,0.023822557,0.894109130,-0.272563815,-0.262203693,-0.239848256
1789662888.754481316,-0.150509043,0.009774847,0.024652277,0.893945813,-0.273850948,-0.261540294,-0.239714712
1789662888.787811518,-0.151122439,0.010554522,0.025680770,0.893538177,-0.274944365,-0.262111187,-0.239359289
1789662888.821142197,-0.151903195,0.011117423,0.026299118,0.892895997,-0.276107728,-0.263171762,-0.239252508
1789662888.854472637,-0.152796435,0.012295779,0.027056253,0.892392099,-0.277457565,-0.263610274,-0.239088222
1789662888.887802362,-0.153930931,0.013074226,0.028501048,0.890973866,-0.280759156,-0.263718069,-0.240401044
1789662888.921132803,-0.155173976,0.014195314,0.029094595,0.890605628,-0.281877458,-0.262014449,-0.242312297
1789662888.954463482,-0.156511517,0.014828983,0.030056725,0.889435351,-0.285027057,-0.261294782,-0.243699431
1789662888.987792969,-0.157562238,0.015724550,0.031165112,0.888138235,-0.287597507,-0.262221783,-0.244413465
1789662889.021123648,-0.158339300,0.016687527,0.031693827,0.887545705,-0.288998872,-0.262635678,-0.244468525
1789662889.054454327,-0.159139780,0.017682687,0.032103774,0.887041152,-0.289723307,-0.262833178,-0.245228946
1789662889.087785006,-0.160253624,0.018638395,0.032440532,0.886502802,-0.291013926,-0.262689799,-0.245800182
1789662889.121114492,-0.161172704,0.019784758,0.032515738,0.886212707,-0.291599333,-0.262490600,-0.246364906
1789662889.154445410,-0.161962119,0.020567799,0.032536035,0.886086643,-0.291830122,-0.262215853,-0.246837303
1789662889.187776089,-0.162517032,0.021288134,0.032609786,0.885639369,-0.292134345,-0.263559550,-0.246651530
1789662889.221105814,-0.163266020,0.021936586,0.032637622,0.885199785,-0.292563170,-0.263708383,-0.247560173
1789662889.254436493,-0.164077771,0.022619288,0.032515721,0.885293305,-0.292564154,-0.262385845,-0.248627841
1789662889.287767410,-0.164851517,0.023276047,0.032468973,0.884951651,-0.292483300,-0.262560695,-0.249751866
1789662889.321098089,-0.165196202,0.024194951,0.032341965,0.884679675,-0.291951478,-0.263506949,-0.250340164
1789662889.354428053,-0.165818858,0.024541777,0.032379873,0.884312034,-0.293036163,-0.262937963,-0.250969619
1789662889.387758732,-0.166229381,0.025064234,0.032463774,0.884068429,-0.292985976,-0.263666540,-0.251122028
1789662889.421087027,-0.166729193,0.025129582,0.032405161,0.883563936,-0.293527484,-0.264266759,-0.251633734
1789662889.454414845,-0.166967872,0.025281849,0.031273307,0.883743405,-0.291733444,-0.265243828,-0.252061516
1789662889.487741947,-0.166819875,0.024575358,0.030520036,0.883640945,-0.290925115,-0.267669886,-0.250786990
1789662889.521070004,-0.166492388,0.023879214,0.029495911,0.884176731,-0.289410055,-0.268703640,-0.249543294
1789662889.554398298,-0.166042933,0.022881985,0.027913993,0.884796321,-0.287240118,-0.269673437,-0.248806998
1789662889.587725401,-0.165691032,0.021985580,0.025707607,0.885424852,-0.283974707,-0.271127105,-0.248739362
1789662889.621053457,-0.165252298,0.021151851,0.024563281,0.886188865,-0.281486750,-0.271316856,-0.248639822
1789662889.654381514,-0.165068770,0.019646333,0.022822088,0.887015641,-0.278574944,-0.270831853,-0.249498248
1789662889.687709570,-0.163862355,0.019969342,0.019960716,0.888093591,-0.271541923,-0.275073856,-0.248775378
1789662889.721036673,-0.163552461,0.017446752,0.018010504,0.887943745,-0.270041853,-0.277395189,-0.248364985
1789662889.754364729,-0.163021706,0.015546452,0.015546350,0.888983309,-0.266943127,-0.279769510,-0.245314538
1789662889.787692785,-0.161365372,0.014632416,0.012662574,0.889840782,-0.261801660,-0.285341114,-0.241295874
1789662889.821021080,-0.160314239,0.013594059,0.009335157,0.891574025,-0.256545871,-0.287015736,-0.238541529
1789662889.854348183,-0.159259514,0.011935042,0.005927807,0.893283188,-0.252186537,-0.287235260,-0.236523032
1789662889.887676239,-0.158148540,0.010477212,0.003124139,0.894607127,-0.248301804,-0.287007958,-0.235903978
1789662889.921004057,-0.157160804,0.008521942,0.000424256,0.895585120,-0.245369464,-0.287303358,-0.234899849
1789662889.954331398,-0.156859020,0.005717304,-0.002206989,0.896246731,-0.243897334,-0.286999822,-0.234279990
1789662889.987659454,-0.156204252,0.003174426,-0.005099201,0.896589220,-0.241905540,-0.288143426,-0.233630136
1789662890.020987511,-0.155603347,0.000898061,-0.008004353,0.897222996,-0.239355609,-0.288885355,-0.232905731
1789662890.054315567,-0.153797727,0.000863186,-0.012627045,0.899672627,-0.230260700,-0.289737433,-0.231562942
1789662890.087642908,-0.152530680,-0.001144653,-0.015431063,0.899926484,-0.228414863,-0.290560365,-0.231373489
1789662890.120970964,-0.151758153,-0.003253372,-0.018328432,0.900680959,-0.224292517,-0.291857481,-0.230837569
1789662890.154298782,-0.151374794,-0.006130744,-0.021262264,0.900932074,-0.222681358,-0.293125451,-0.229808480
1789662890.187626839,-0.150349672,-0.009047128,-0.023864872,0.901287436,-0.220880315,-0.295255870,-0.227413699
1789662890.220954180,-0.149158462,-0.011585679,-0.025996189,0.901606143,-0.219012365,-0.297309846,-0.225270569
1789662890.254282236,-0.147418990,-0.011360796,-0.030407488,0.904002309,-0.210226595,-0.297213256,-0.224162742
1789662890.287610292,-0.146516128,-0.013285307,-0.032645407,0.904442847,-0.208780393,-0.297303557,-0.223616794
1789662890.320937395,-0.145691715,-0.014805129,-0.034671642,0.905586064,-0.205296054,-0.296839118,-0.222831622
1789662890.354265690,-0.145003719,-0.016274685,-0.036838747,0.906363308,-0.202821240,-0.296533704,-0.222343996
1789662890.387593746,-0.144762137,-0.018415147,-0.039130370,0.906512916,-0.201289326,-0.297498643,-0.221836776
1789662890.420921564,-0.144869072,-0.020762982,-0.040914334,0.906616032,-0.200558886,-0.298833758,-0.220276818
1789662890.454248428,-0.143409426,-0.022301839,-0.042269914,0.906530499,-0.198310316,-0.302538812,-0.217591017
1789662890.487576723,-0.142510911,-0.023542303,-0.044264100,0.907593787,-0.195182592,-0.302625626,-0.215859026
1789662890.520904541,-0.142317358,-0.025870150,-0.044931092,0.908111870,-0.195194557,-0.302254736,-0.214182124
1789662890.554231405,-0.140778937,-0.025052660,-0.047725633,0.909691572,-0.189166516,-0.302655041,-0.212314054
1789662890.587559462,-0.140228072,-0.026432672,-0.049065660,0.910212457,-0.187903181,-0.302345127,-0.211643636
1789662890.620887518,-0.139583604,-0.027730231,-0.050172950,0.910572052,-0.186372429,-0.302681386,-0.210968763
1789662890.654215574,-0.139107226,-0.029526762,-0.051475725,0.910881639,-0.185034245,-0.303313643,-0.209899247
1789662890.687542439,-0.138874012,-0.031665884,-0.052742694,0.911034465,-0.183904961,-0.304167360,-0.208991274
1789662890.720870495,-0.138711308,-0.033316643,-0.054431384,0.911529839,-0.181124657,-0.304728627,-0.208441049
1789662890.754198790,-0.137994113,-0.035484322,-0.055239428,0.911851645,-0.177144185,-0.306070775,-0.208488017
1789662890.787526608,-0.137226938,-0.037246096,-0.056336096,0.912415028,-0.173188731,-0.306549639,-0.208642855
1789662890.820853710,-0.136212778,-0.037290693,-0.057879289,0.913695931,-0.167889088,-0.306519985,-0.207409278
1789662890.854181767,-0.135333876,-0.039318369,-0.058068396,0.914616227,-0.164732873,-0.306599289,-0.205759913
1789662890.887510061,-0.134366792,-0.040521924,-0.059721826,0.915549159,-0.158886984,-0.307833135,-0.204361290
1789662890.920836926,-0.134555997,-0.043232819,-0.060809392,0.915604532,-0.157176942,-0.309293360,-0.203227639
1789662890.954164982,-0.133547971,-0.044737432,-0.062145880,0.916371763,-0.151970312,-0.310976475,-0.201150149
1789662890.987493277,-0.132121313,-0.041740976,-0.067574951,0.918889999,-0.138056517,-0.310851127,-0.199882984
1789662891.020821333,-0.131048290,-0.042361025,-0.068679350,0.917265415,-0.140489832,-0.316335648,-0.197024420
1789662891.054148436,-0.130748311,-0.044335908,-0.069310747,0.918924093,-0.132923648,-0.315644652,-0.195648521
1789662891.087476492,-0.130352641,-0.045862250,-0.070485811,0.919379056,-0.128383428,-0.316377550,-0.195359364
1789662891.120804787,-0.130134081,-0.046925629,-0.071459888,0.919881225,-0.125670582,-0.316503495,-0.194553196
1789662891.154132843,-0.130044156,-0.048359637,-0.071874830,0.920737922,-0.124444842,-0.315251648,-0.193317220
1789662891.187459946,-0.129896829,-0.049147648,-0.073004893,0.922424018,-0.117710672,-0.312987745,-0.193175793
1789662891.220788002,-0.129971884,-0.049573926,-0.074129673,0.922909379,-0.111469343,-0.314408094,-0.192251280
1789662891.254116297,-0.130054155,-0.050048203,-0.074561105,0.922249377,-0.108610630,-0.318142772,-0.190905735
1789662891.287443638,-0.129829806,-0.050793747,-0.074302273,0.922854781,-0.106491663,-0.318721920,-0.188188925
1789662891.320771694,-0.129743755,-0.050894388,-0.074461292,0.923164010,-0.103841551,-0.319655597,-0.186561853
1789662891.354099751,-0.129797273,-0.050764998,-0.074745895,0.922960520,-0.100708924,-0.321503699,-0.186110407
1789662891.387428045,-0.129935392,-0.051530029,-0.074637604,0.922676384,-0.100077860,-0.323042810,-0.185191855
1789662891.420761824,-0.130071663,-0.051668040,-0.074740544,0.922662556,-0.099018827,-0.323853374,-0.184413046
1789662891.454096079,-0.130046604,-0.052133039,-0.074646340,0.922627985,-0.097427599,-0.324491292,-0.184311867
1789662891.487430811,-0.129696438,-0.052434583,-0.074742683,0.922831237,-0.094741322,-0.325467318,-0.182969108
1789662891.520765781,-0.129559712,-0.052502101,-0.075611423,0.923318088,-0.090213321,-0.325560808,-0.182634920
1789662891.554099798,-0.129117421,-0.052740830,-0.076327638,0.923880637,-0.085036300,-0.325879723,-0.181702763
1789662891.587434769,-0.128664496,-0.053325822,-0.077160221,0.924061239,-0.081384383,-0.327292889,-0.179907650
1789662891.620769739,-0.128350221,-0.053822069,-0.077818734,0.923820496,-0.078467280,-0.329709232,-0.178018212
1789662891.654103994,-0.128073959,-0.054160835,-0.078337076,0.923867047,-0.075182632,-0.331068158,-0.176666662
1789662891.687439442,-0.128049416,-0.054226733,-0.079124859,0.922965765,-0.073630050,-0.334015757,-0.176483527
1789662891.720774651,-0.128345101,-0.054295711,-0.079365668,0.922148645,-0.073661067,-0.335922688,-0.177121207
1789662891.754110098,-0.128710180,-0.054223129,-0.079651191,0.922880590,-0.072323836,-0.333675534,-0.178104997
1789662891.787444830,-0.129073352,-0.053777807,-0.080285625,0.923149407,-0.069489099,-0.332861215,-0.179360017
1789662891.820780516,-0.129276921,-0.053508185,-0.080530944,0.922787011,-0.066823915,-0.334331065,-0.179503486
1789662891.854116201,-0.129391209,-0.053448683,-0.080700872,0.922873676,-0.064334787,-0.335088968,-0.178551510
1789662891.887450933,-0.129340413,-0.053425398,-0.080582924,0.922761679,-0.061534613,-0.337570041,-0.175416455
1789662891.920786858,-0.129412376,-0.053653296,-0.080237045,0.921803594,-0.060442042,-0.342347562,-0.171531782
1789662891.954123020,-0.129173947,-0.053098796,-0.079622378,0.921488404,-0.058114078,-0.344863206,-0.168971032
1789662891.987458944,-0.129056412,-0.053190079,-0.079394755,0.921991289,-0.054754253,-0.344465554,-0.168159455
1789662892.020794153,-0.129325080,-0.052891005,-0.079233529,0.922050774,-0.052329846,-0.344665349,-0.168195829
1789662892.054130554,-0.129906098,-0.053081787,-0.078718460,0.921674728,-0.051582314,-0.346520066,-0.166670024
1789662892.087466955,-0.130601353,-0.053471813,-0.078153540,0.920425177,-0.052539032,-0.351264983,-0.163309574
1789662892.120803356,-0.130748130,-0.053770874,-0.077475080,0.919198751,-0.052039232,-0.355486572,-0.161229402
1789662892.154138803,-0.130870802,-0.053762584,-0.076545081,0.919234693,-0.050763555,-0.355778456,-0.160787016
1789662892.187475681,-0.131634618,-0.053545154,-0.075678480,0.919358730,-0.052081365,-0.354998916,-0.161378026
1789662892.220812559,-0.132533742,-0.052594461,-0.073688379,0.919315398,-0.055212799,-0.354600519,-0.161459774
1789662892.254148245,-0.133393033,-0.050745051,-0.071407971,0.919491231,-0.056260522,-0.353733569,-0.161997855
1789662892.287485123,-0.134744155,-0.050340632,-0.070093221,0.919835865,-0.057690665,-0.352147073,-0.162991568
1789662892.320822239,-0.136065211,-0.049660930,-0.068875660,0.919541717,-0.057725996,-0.352671564,-0.163503826
1789662892.354159355,-0.137446812,-0.049169773,-0.067830247,0.919057488,-0.057192609,-0.353827327,-0.163916349
1789662892.387495518,-0.139147525,-0.049458865,-0.066880336,0.918941617,-0.057162743,-0.353704989,-0.164837852
1789662892.420825481,-0.140959364,-0.049934890,-0.065877696,0.919097543,-0.057806130,-0.352582932,-0.166143149
1789662892.454155445,-0.142628962,-0.050501502,-0.064405993,0.919370174,-0.059380639,-0.351166904,-0.167075440
1789662892.487485886,-0.144945441,-0.051218121,-0.063007701,0.920284986,-0.060613688,-0.348182291,-0.167841300
1789662892.520814896,-0.146793171,-0.052206940,-0.061882887,0.920374334,-0.061141916,-0.347873122,-0.167800799
1789662892.554145098,-0.148433475,-0.053415713,-0.060590484,0.919962227,-0.061412901,-0.349290758,-0.167015046
1789662892.587475061,-0.150294882,-0.055110524,-0.059245427,0.920116007,-0.062130690,-0.349324822,-0.165826842
1789662892.620804548,-0.152051020,-0.056225038,-0.057569498,0.919561207,-0.062072396,-0.351260304,-0.164834663
1789662892.654134512,-0.153119679,-0.057124381,-0.056366562,0.918308675,-0.061721738,-0.355275989,-0.163336158
1789662892.687464952,-0.153304031,-0.058384861,-0.056062952,0.917953551,-0.062092539,-0.357567936,-0.160159156
1789662892.720795155,-0.154280599,-0.059856431,-0.054325180,0.918345153,-0.063121192,-0.357854575,-0.156837851
1789662892.754124165,-0.154957668,-0.061152930,-0.052303145,0.918081105,-0.064091973,-0.359149247,-0.155020162
1789662892.787454605,-0.156599518,-0.062240874,-0.050465933,0.917889833,-0.064372987,-0.359656155,-0.154860958
1789662892.820784807,-0.158690308,-0.063066661,-0.048659489,0.918074667,-0.064344905,-0.358641475,-0.156124905
1789662892.854115248,-0.160904045,-0.063541239,-0.047159833,0.918310583,-0.064504631,-0.357046068,-0.158312857
1789662892.887444735,-0.163197588,-0.064073090,-0.044785539,0.918405712,-0.064642273,-0.355591714,-0.160955936
1789662892.920775175,-0.165812622,-0.064429737,-0.042591865,0.919003785,-0.064647011,-0.352726400,-0.163819388
1789662892.954105377,-0.167480295,-0.064597376,-0.041329693,0.920311093,-0.064215794,-0.347958028,-0.166820362
1789662892.987435102,-0.169996899,-0.064792630,-0.038801732,0.921583891,-0.064320274,-0.343572170,-0.168831944
1789662893.020765305,-0.171289357,-0.064690768,-0.037197500,0.923503697,-0.064905025,-0.337494254,-0.170369998
1789662893.054095984,-0.172188576,-0.064711128,-0.035220336,0.925153255,-0.064920418,-0.333376497,-0.169519842
1789662893.087426186,-0.172544360,-0.065176398,-0.032950840,0.925011218,-0.063715376,-0.336171538,-0.165176973
1789662893.120755911,-0.172275512,-0.066090972,-0.031328890,0.924740911,-0.061888840,-0.339748263,-0.159984663
1789662893.154086351,-0.172160038,-0.067190968,-0.028972462,0.925368130,-0.060943935,-0.340185523,-0.155735508
1789662893.187417030,-0.171870195,-0.068058196,-0.027083038,0.925961256,-0.061714411,-0.340111047,-0.152024955
1789662893.220746517,-0.172423371,-0.068769352,-0.024816065,0.926204383,-0.062176708,-0.339774817,-0.151104644
1789662893.254077196,-0.172642859,-0.069230456,-0.023145110,0.926810205,-0.063037187,-0.337838709,-0.151374564
1789662893.287407875,-0.174797751,-0.069701989,-0.019696558,0.928393185,-0.063251600,-0.334190696,-0.149672702
1789662893.320738554,-0.175683826,-0.070496240,-0.018154232,0.928983569,-0.063681766,-0.332735121,-0.149069265
1789662893.354068041,-0.176227983,-0.071313875,-0.015825233,0.929612100,-0.063598596,-0.331441253,-0.148065075
1789662893.387398958,-0.176372750,-0.072269358,-0.014058748,0.930018723,-0.061866704,-0.331687123,-0.145675555
1789662893.420727968,-0.176575812,-0.073688731,-0.012210534,0.930288017,-0.060389154,-0.332233310,-0.143312275
1789662893.454057455,-0.176976937,-0.074763094,-0.010428713,0.930730820,-0.060354650,-0.331819713,-0.141397357
1789662893.487385750,-0.177911188,-0.075836236,-0.007719594,0.930958033,-0.062236059,-0.331004262,-0.140996784
1789662893.520714760,-0.178793930,-0.076260529,-0.005900411,0.932394266,-0.063241638,-0.326370418,-0.141858235
1789662893.554044247,-0.179854067,-0.076260082,-0.003787202,0.933622301,-0.064445160,-0.322091818,-0.143014982
1789662893.587372541,-0.180745211,-0.076427262,-0.001552587,0.934376240,-0.064879850,-0.319236606,-0.144290045
1789662893.620701790,-0.181755110,-0.076438945,-0.000141430,0.935126901,-0.064331137,-0.316734582,-0.145184472
1789662893.654031038,-0.182583749,-0.076685750,0.001108434,0.935410619,-0.064057022,-0.316032618,-0.145007402
1789662893.687360287,-0.183163574,-0.077024637,0.002134786,0.936073303,-0.063902900,-0.314719945,-0.143647790
1789662893.720688820,-0.183888852,-0.077465080,0.003850269,0.937219739,-0.063814551,-0.312026769,-0.142077923
1789662893.754018068,-0.184384387,-0.077956568,0.005235976,0.937837005,-0.063844055,-0.311008394,-0.140212029
1789662893.787347317,-0.185159765,-0.078799107,0.007065509,0.937810540,-0.063886806,-0.312460542,-0.137107566
1789662893.820676804,-0.185754640,-0.078683436,0.007863186,0.937926173,-0.063346185,-0.313326925,-0.134566158
1789662893.854005098,-0.186654786,-0.078808626,0.008899846,0.937956810,-0.063788742,-0.313496917,-0.133745223
1789662893.887334585,-0.187674152,-0.079560192,0.010886182,0.938288629,-0.064694636,-0.311730027,-0.135105863
1789662893.920664072,-0.187980146,-0.079558576,0.011441108,0.939136505,-0.063778572,-0.308887064,-0.136175871
1789662893.953992367,-0.188466471,-0.079951454,0.012412558,0.939092040,-0.063189365,-0.309159398,-0.136138797
1789662893.987321854,-0.188798099,-0.080128882,0.012753099,0.938721776,-0.062406123,-0.310638100,-0.135686800
1789662894.020651102,-0.189489961,-0.080333852,0.014185770,0.938696265,-0.062920116,-0.310427427,-0.136107385
1789662894.053980827,-0.190282159,-0.081093346,0.015861715,0.939193130,-0.063460432,-0.308759570,-0.136222661
1789662894.087309122,-0.190686393,-0.080870105,0.016270259,0.939068079,-0.063187540,-0.309521437,-0.135480672
1789662894.120638371,-0.191025564,-0.081409313,0.018020251,0.938594103,-0.064916283,-0.310768485,-0.135092571
1789662894.153968096,-0.191512542,-0.081831434,0.019615470,0.939143598,-0.065076381,-0.309409648,-0.134313822
1789662894.187297344,-0.191745190,-0.082077543,0.020113628,0.939184189,-0.064465620,-0.310209304,-0.132466674
1789662894.220625877,-0.191571318,-0.082065112,0.020916404,0.938978732,-0.064132251,-0.311615407,-0.130774245
1789662894.253955364,-0.191277935,-0.082202543,0.021716027,0.939141691,-0.063970730,-0.311265886,-0.130515113
1789662894.287284851,-0.191251683,-0.082489482,0.022701512,0.939735532,-0.063816555,-0.309603482,-0.130269796
1789662894.320613623,-0.190926223,-0.082307312,0.023645232,0.939978719,-0.063187622,-0.309205770,-0.129765525
1789662894.353942871,-0.190839786,-0.081645801,0.024460232,0.939653277,-0.064833388,-0.310458869,-0.128310740
1789662894.387272358,-0.190545836,-0.081343742,0.024897381,0.939561784,-0.065944418,-0.310422301,-0.128503367
1789662894.420601845,-0.190392392,-0.081167972,0.025112360,0.940310597,-0.064817593,-0.307713866,-0.130103022
1789662894.453930378,-0.189575333,-0.081239582,0.024282050,0.940776050,-0.063383952,-0.306630313,-0.130003422
1789662894.487259865,-0.188599366,-0.082074270,0.023747631,0.940614522,-0.061572656,-0.308014721,-0.128763735
1789662894.520589113,-0.187932332,-0.082990111,0.023082043,0.941088438,-0.059214491,-0.307252526,-0.128226489
1789662894.553917646,-0.187153465,-0.083126889,0.021885326,0.941784084,-0.057057582,-0.305432975,-0.128444329
1789662894.587247133,-0.186777184,-0.083341317,0.020385756,0.942438483,-0.055078879,-0.303484052,-0.129125759
1789662894.620576620,-0.186428169,-0.083504072,0.019596212,0.943178535,-0.052905764,-0.301253617,-0.129852027
1789662894.653906107,-0.185943614,-0.085253510,0.019370346,0.943264425,-0.056045257,-0.299559802,-0.131814554
1789662894.687234640,-0.185766873,-0.085280295,0.018816648,0.943620324,-0.057778940,-0.297145575,-0.133966118
1789662894.720564127,-0.184592277,-0.085236372,0.017452975,0.943815351,-0.057924788,-0.296504825,-0.133948758
1789662894.753893614,-0.182764717,-0.085265331,0.016252203,0.943832397,-0.056669332,-0.297177821,-0.132870004
1789662894.787223101,-0.180375974,-0.084834663,0.014108534,0.944194853,-0.054412574,-0.297201633,-0.131173968
1789662894.820551872,-0.177416822,-0.084323795,0.012452270,0.944277525,-0.052865647,-0.298245311,-0.128821537
1789662894.853881359,-0.174448306,-0.083534620,0.011313775,0.944210470,-0.052314680,-0.299488723,-0.126634911
1789662894.887210608,-0.171447508,-0.083035581,0.009208845,0.944713354,-0.051351752,-0.298782200,-0.124935277
1789662894.920539379,-0.169052185,-0.082853170,0.007269815,0.945439994,-0.050158579,-0.297114968,-0.123895749
1789662894.953868866,-0.164721354,-0.082173438,0.004750566,0.945553541,-0.048740320,-0.297485381,-0.122700445
1789662894.987198591,-0.162691539,-0.082509628,0.002085047,0.946410358,-0.046347696,-0.295140356,-0.122684889
1789662895.020528078,-0.159737215,-0.082582157,0.000007776,0.946995378,-0.044767633,-0.293593138,-0.122469388
1789662895.053856611,-0.156635924,-0.083057091,-0.003786452,0.947590649,-0.043700058,-0.291881502,-0.122341700
1789662895.087186337,-0.153888322,-0.082506741,-0.003171256,0.947111189,-0.042088225,-0.294422179,-0.120518036
1789662895.120515823,-0.149419373,-0.082246767,-0.006692672,0.947817266,-0.041010406,-0.292977452,-0.118847854
1789662895.153845787,-0.148373239,-0.083063526,-0.010327500,0.948658586,-0.038952913,-0.289677560,-0.120898522
1789662895.187174320,-0.142124588,-0.081560996,-0.010942509,0.948801875,-0.035606652,-0.290994465,-0.117598943
1789662895.220503807,-0.140537974,-0.081771411,-0.011403249,0.947434604,-0.032123983,-0.295560122,-0.118237108
1789662895.253833532,-0.137220006,-0.081998665,-0.015581199,0.947397172,-0.027192734,-0.296159416,-0.118274353
1789662895.287162304,-0.132327923,-0.080975450,-0.018580536,0.947503209,-0.023816489,-0.295759797,-0.119149670
1789662895.320492029,-0.129205947,-0.079411266,-0.019192471,0.947275996,-0.023022024,-0.295947492,-0.120637432
1789662895.353821516,-0.125785090,-0.077893325,-0.021646146,0.947297335,-0.022024093,-0.296172231,-0.120103359
1789662895.387151480,-0.121885330,-0.076213427,-0.023598583,0.946819782,-0.019108031,-0.297400236,-0.121327780
1789662895.420479774,-0.118111206,-0.074754022,-0.025533806,0.947150528,-0.017398160,-0.296323657,-0.121636428
1789662895.453809023,-0.114579634,-0.073368443,-0.027389880,0.947625697,-0.016129758,-0.295025438,-0.121265635
1789662895.487138510,-0.111004965,-0.072072790,-0.029290276,0.947707176,-0.014503202,-0.295238256,-0.120312668
1789662895.520467758,-0.107450964,-0.071354564,-0.030337795,0.947971225,-0.013577810,-0.295270383,-0.118244044
1789662895.553796053,-0.103579483,-0.070050686,-0.031762169,0.948128581,-0.012010847,-0.295641094,-0.116208427
1789662895.587125540,-0.099879676,-0.068576960,-0.032754762,0.948321939,-0.011260967,-0.295504183,-0.115047656
1789662895.620454788,-0.097019255,-0.067810489,-0.033785365,0.948699057,-0.011556927,-0.294729590,-0.113890804
1789662895.653783321,-0.094233845,-0.066716915,-0.035175513,0.948453724,-0.009671816,-0.295643330,-0.113741569
1789662895.687112570,-0.091765263,-0.065799767,-0.036689256,0.949088871,-0.007400716,-0.293387681,-0.114452183
1789662895.720442057,-0.089021354,-0.064237117,-0.037916992,0.950055599,-0.007620093,-0.290319622,-0.114240833
1789662895.753771544,-0.087149046,-0.063482476,-0.038055523,0.950805426,-0.009138927,-0.287776381,-0.114325978
1789662895.787099838,-0.084468338,-0.062029501,-0.038673158,0.951013982,-0.007887397,-0.287094742,-0.114397258
1789662895.820429087,-0.082198402,-0.060561264,-0.039368065,0.950729430,-0.006553604,-0.287732571,-0.115242034
1789662895.853758812,-0.079470008,-0.057799921,-0.039694148,0.950870156,-0.005111664,-0.286847234,-0.116355412
1789662895.887087107,-0.077276648,-0.055497410,-0.040304194,0.951537728,-0.004733122,-0.283492625,-0.119102776
1789662895.920416594,-0.074754658,-0.052606969,-0.040754065,0.951214373,-0.003438967,-0.282695264,-0.123543195
1789662895.953746080,-0.072817732,-0.050367065,-0.039955930,0.950444162,-0.007020851,-0.284556508,-0.125037044
1789662895.987075329,-0.070713309,-0.046883953,-0.038704080,0.950820327,-0.011234930,-0.282899469,-0.125628427
1789662896.020404100,-0.068489392,-0.044326441,-0.037351381,0.951429486,-0.013342401,-0.280074596,-0.127130926
1789662896.053733349,-0.066562066,-0.041918988,-0.036719653,0.951045215,-0.013766019,-0.281506449,-0.126797751
1789662896.087063074,-0.064759763,-0.039794545,-0.036367125,0.950293243,-0.014429873,-0.285014331,-0.124504976
1789662896.120392323,-0.062033684,-0.036547367,-0.035347686,0.950270295,-0.013479990,-0.286041886,-0.122411624
1789662896.153720856,-0.059630165,-0.033439932,-0.033819254,0.951015830,-0.013088079,-0.284198076,-0.120950878
1789662896.187050343,-0.057141240,-0.030535553,-0.032321290,0.951278746,-0.012815715,-0.283330917,-0.120947018
1789662896.220379829,-0.055087806,-0.027614687,-0.031058938,0.951275706,-0.012365097,-0.283573210,-0.120448656
1789662896.253708601,-0.052985470,-0.024503025,-0.029420523,0.951051712,-0.011345425,-0.285368770,-0.118053213
1789662896.287037849,-0.051051208,-0.021308384,-0.027637789,0.951318920,-0.009610211,-0.285060495,-0.116792865
1789662896.320367336,-0.048714464,-0.018068508,-0.025699351,0.952584863,-0.008378603,-0.281150371,-0.116045251
1789662896.353697062,-0.046857112,-0.015556645,-0.023657269,0.952833116,-0.009237818,-0.281317770,-0.113508373
1789662896.387025356,-0.044966867,-0.012853674,-0.021535992,0.951780319,-0.009818188,-0.285486788,-0.111870967
1789662896.420359612,-0.044252644,-0.010744268,-0.020035661,0.952304065,-0.010244017,-0.283616543,-0.112132758
1789662896.453693867,-0.044356765,-0.010654164,-0.019039277,0.953104317,-0.012820524,-0.280303627,-0.113391817
1789662896.487028122,-0.043356479,-0.008608431,-0.016914051,0.952947557,-0.014339605,-0.280467808,-0.114119232
1789662896.520361423,-0.040361741,-0.006013597,-0.013799626,0.952432692,-0.013496133,-0.282236129,-0.114160620
1789662896.553695917,-0.039864437,-0.005542551,-0.013192354,0.952524245,-0.013713202,-0.282592237,-0.112477854
1789662896.587029934,-0.038521764,-0.004537011,-0.011914660,0.951809287,-0.012511561,-0.285778373,-0.110603929
1789662896.620363474,-0.037701169,-0.004314653,-0.011531550,0.952081859,-0.010592218,-0.285760820,-0.108484231
1789662896.653697968,-0.036906247,-0.004605602,-0.010899740,0.952271819,-0.009244060,-0.285563588,-0.107453711
1789662896.687032223,-0.036377189,-0.004433970,-0.009851226,0.952565074,-0.010300039,-0.284812629,-0.106749102
1789662896.720366955,-0.035480250,-0.004336095,-0.008343460,0.952703238,-0.012446564,-0.284483045,-0.106165916
1789662896.753700495,-0.034429156,-0.003551475,-0.007820124,0.952528477,-0.011654745,-0.285463184,-0.105188079
1789662896.787034988,-0.033163307,-0.002816850,-0.007528823,0.951768935,-0.009976963,-0.288227856,-0.104694873
1789662896.820369720,-0.032199906,-0.002421682,-0.006670744,0.951745808,-0.009753049,-0.288232595,-0.104913458
1789662896.853704214,-0.031386796,-0.001960812,-0.005705146,0.952514708,-0.008578342,-0.284601897,-0.107907340
1789662896.887037754,-0.030462534,-0.001777856,-0.004906233,0.952475727,-0.008629006,-0.282616138,-0.113329984
1789662896.920372486,-0.028988365,-0.001143286,-0.003111010,0.952906132,-0.010087591,-0.280476034,-0.114897177
1789662896.953707218,-0.027932786,-0.000853457,-0.002251798,0.953035176,-0.012282138,-0.280277431,-0.114095204
1789662896.987041235,-0.026567589,0.000126023,-0.001283348,0.952863455,-0.010536660,-0.280596316,-0.114917599
1789662897.020375967,-0.025883980,0.000909220,-0.000989385,0.953039944,-0.009913416,-0.279680490,-0.115738489
1789662897.053710938,-0.024998087,0.002077907,0.000316348,0.953263283,-0.010653412,-0.278850257,-0.115837306
1789662897.087045670,-0.024587657,0.002633095,0.001567990,0.953121364,-0.013031916,-0.279529870,-0.115120791
1789662897.120379686,-0.023716153,0.002371357,0.002099997,0.952731073,-0.011379806,-0.282128900,-0.112149186
1789662897.153714657,-0.023430435,0.001605859,0.001383922,0.953174233,-0.010117630,-0.281369805,-0.110397086
1789662897.187049627,-0.023180634,0.001848787,0.001719721,0.953316391,-0.010138853,-0.281019390,-0.110060297
1789662897.220383883,-0.022743599,0.002341988,0.002718786,0.953191698,-0.012023153,-0.281661987,-0.109304570
1789662897.253718853,-0.022251211,0.002093124,0.002988986,0.953340828,-0.012524405,-0.282047749,-0.106927827
1789662897.287054062,-0.021483465,0.002680057,0.003379833,0.952507675,-0.010222025,-0.284918547,-0.106986895
1789662897.320389271,-0.020500982,0.002960615,0.003573685,0.952123821,-0.008074015,-0.286473602,-0.106433384
1789662897.353723049,-0.020833085,0.002794918,0.003351277,0.952494562,-0.007819967,-0.285561204,-0.105583400
1789662897.387058258,-0.019971699,0.003385288,0.003873679,0.952454090,-0.007171091,-0.285925984,-0.105005465
1789662897.420389414,-0.019949574,0.003405027,0.003033848,0.952164173,-0.005491673,-0.286805660,-0.105336420
1789662897.453720331,-0.019779881,0.003709447,0.002118387,0.952054679,-0.002648200,-0.287477374,-0.104602657
1789662897.487050295,-0.018411357,0.004105593,0.001917701,0.952297390,-0.000445602,-0.287631929,-0.101967998
1789662897.520381451,-0.017250999,0.004463491,0.001519183,0.952360332,0.002246558,-0.288322538,-0.099373177
1789662897.553712130,-0.017684723,0.004105493,0.000329923,0.952457368,0.004231912,-0.287849844,-0.099747442
1789662897.587042332,-0.018216327,0.004975071,-0.000427110,0.952268064,0.005695476,-0.287443876,-0.102611586
1789662897.620373249,-0.018718057,0.004648906,-0.001169995,0.952303052,0.006545502,-0.287025720,-0.103403680
1789662897.653704405,-0.018073580,0.004364972,-0.000723616,0.952410936,0.006040572,-0.287537277,-0.100992054
1789662897.687035322,-0.018110266,0.004725259,-0.000602568,0.952322900,0.005264952,-0.287499785,-0.101967707
1789662897.720365524,-0.018208595,0.005091527,-0.000759363,0.952237010,0.006628026,-0.287415534,-0.102922358
1789662897.753696442,-0.017949350,0.004712711,-0.000927670,0.952369511,0.006831437,-0.287442148,-0.101600841
1789662897.787027597,-0.018522013,0.004599021,-0.000731017,0.952365935,0.005282483,-0.287126273,-0.102615140
1789662897.820358992,-0.018599212,0.004438402,-0.001278616,0.952463567,0.006312216,-0.286900282,-0.102281556
1789662897.853688955,-0.018404639,0.004610082,-0.001079049,0.952470601,0.006036493,-0.287000805,-0.101950578
1789662897.887020111,-0.018266321,0.004802800,-0.000791709,0.952383876,0.005858803,-0.287154943,-0.102336280
1789662897.920351267,-0.018060572,0.004610361,-0.001109356,0.952383280,0.006448880,-0.287310719,-0.101867460
1789662897.953681469,-0.018283000,0.004678951,-0.001258094,0.952425003,0.006431440,-0.287087560,-0.102108248
1789662897.987012625,-0.018329204,0.004696355,-0.000932276,0.952451110,0.005624176,-0.286965042,-0.102256879
1789662898.020344019,-0.017906734,0.004555581,-0.000868220,0.952371538,0.005650055,-0.287407666,-0.101751998
1789662898.053674936,-0.017965575,0.004705005,-0.001159983,0.952429056,0.006011362,-0.287155002,-0.101905331
1789662898.087005377,-0.018796684,0.004397575,-0.001353184,0.952530324,0.005801119,-0.286581337,-0.102583766
1789662898.120336771,-0.018295102,0.004571403,-0.001225827,0.952555835,0.005646947,-0.286767095,-0.101833962
1789662898.153667927,-0.018025386,0.004819832,-0.000718157,0.952336192,0.005897712,-0.287356228,-0.102212802
1789662898.186999321,-0.017525000,0.005051442,-0.000601341,0.952214539,0.006639601,-0.287821561,-0.101990968
1789662898.220329523,-0.018708927,0.004228903,-0.001460157,0.952549875,0.005555436,-0.286625415,-0.102292836
1789662898.253660917,-0.018662826,0.004649980,-0.001184083,0.952551305,0.005749059,-0.286583781,-0.102384605
1789662898.286992073,-0.018476535,0.004567620,-0.001115450,0.952497840,0.005913536,-0.286816746,-0.102220841
1789662898.320322752,-0.018348122,0.004743812,-0.001003346,0.952419579,0.006253632,-0.287049741,-0.102276027
1789662898.353654146,-0.017932599,0.004782502,-0.000790894,0.952339053,0.006048545,-0.287297040,-0.102343276
1789662898.386985302,-0.017961022,0.004630556,-0.000769147,0.952306509,0.005916538,-0.287485540,-0.102125011
1789662898.420316219,-0.018117791,0.004710979,-0.001069572,0.952435672,0.005974567,-0.287079692,-0.102058627
1789662898.453645945,-0.018406681,0.004541739,-0.001294703,0.952474654,0.005934543,-0.286868662,-0.102289669
1789662898.486976862,-0.017891870,0.004833886,-0.000856957,0.952334821,0.006176952,-0.287424147,-0.102018058
1789662898.520307541,-0.018274922,0.004579167,-0.000939773,0.952380896,0.005827151,-0.287175179,-0.102308974
1789662898.553637505,-0.018271164,0.004691122,-0.001002663,0.952435851,0.006104064,-0.286994517,-0.102288902
1789662898.586968184,-0.018205758,0.004740701,-0.000914991,0.952363670,0.006197469,-0.287243903,-0.102255031
1789662898.620299101,-0.017885607,0.005022116,-0.000581546,0.952286899,0.006376029,-0.287548631,-0.102102570
1789662898.653630018,-0.018040342,0.004774432,-0.000809022,0.952311993,0.006211153,-0.287449419,-0.102156982
1789662898.686959982,-0.018253708,0.004688723,-0.000991009,0.952390909,0.006089047,-0.287138760,-0.102302365
1789662898.720290661,-0.018319004,0.004563544,-0.001211758,0.952450752,0.005863187,-0.286982417,-0.102198273
1789662898.753621817,-0.018418070,0.004430560,-0.001270603,0.952518642,0.005647592,-0.286703080,-0.102360308
1789662898.786952734,-0.018155820,0.004732553,-0.000920236,0.952370167,0.006108878,-0.287233770,-0.102227852
1789662898.820282698,-0.018227877,0.004587472,-0.001162669,0.952439308,0.005911616,-0.287064582,-0.102070831
1789662898.853613853,-0.018330581,0.004566917,-0.001110593,0.952428818,0.005782516,-0.287051827,-0.102211781
1789662898.886944532,-0.018656789,0.004395725,-0.001425558,0.952591300,0.005581867,-0.286449432,-0.102397911
1789662898.920274734,-0.018300043,0.004698744,-0.000824463,0.952390969,0.006079737,-0.287157089,-0.102251582
1789662898.953605652,-0.018354679,0.004643403,-0.001051888,0.952455580,0.005924162,-0.286949903,-0.102240682
1789662898.986936808,-0.018265458,0.004678221,-0.001003437,0.952440083,0.005936419,-0.287060916,-0.102072045
1789662899.020267725,-0.017978870,0.004703442,-0.000972438,0.952330410,0.006033820,-0.287391990,-0.102158830
1789662899.053597927,-0.018296643,0.004522057,-0.001113937,0.952447414,0.005807997,-0.286954343,-0.102310114
1789662899.086928844,-0.018268563,0.004730431,-0.000999236,0.952412069,0.006057245,-0.287062168,-0.102322407
1789662899.120260239,-0.018298396,0.004579405,-0.001069358,0.952433884,0.005884367,-0.287022471,-0.102241263
1789662899.153591394,-0.018171776,0.004593803,-0.001027201,0.952413678,0.005893925,-0.287076116,-0.102277942
1789662899.186921358,-0.018142547,0.004647592,-0.001019061,0.952396512,0.005907715,-0.287198335,-0.102094024
1789662899.220252752,-0.018346133,0.004480979,-0.001241654,0.952443779,0.005793278,-0.286966383,-0.102311105
1789662899.253583670,-0.017772712,0.005026839,-0.000544083,0.952238381,0.006490204,-0.287611187,-0.102370210
1789662899.286914110,-0.017885282,0.004940715,-0.000715694,0.952325463,0.006292968,-0.287383080,-0.102213375
1789662899.320245028,-0.018013885,0.004807641,-0.000851086,0.952354014,0.006193560,-0.287277371,-0.102250874
1789662899.353576422,-0.018125762,0.004688116,-0.000820332,0.952352345,0.006076902,-0.287232727,-0.102398500
1789662899.386907816,-0.018624253,0.004569144,-0.001369893,0.952582300,0.005875793,-0.286444098,-0.102480941
1789662899.420236111,-0.017696159,0.005121505,-0.000392329,0.952202499,0.006585156,-0.287755877,-0.102292053
1789662899.453565598,-0.018426313,0.004447960,-0.001388800,0.952543616,0.005692476,-0.286685914,-0.102173373
1789662899.486895084,-0.018035428,0.004931509,-0.000915773,0.952403247,0.006350305,-0.287086427,-0.102318928
1789662899.520224571,-0.018132069,0.004605992,-0.001118888,0.952456653,0.005881232,-0.287025213,-0.102020711
1789662899.553552866,-0.018183332,0.004743298,-0.000906209,0.952398300,0.006100753,-0.287118793,-0.102289803
1789662899.586882591,-0.018360737,0.004475125,-0.001347237,0.952496111,0.005685883,-0.286850780,-0.102154322
1789662899.620212078,-0.018181769,0.004677413,-0.000956915,0.952401519,0.006067479,-0.287101179,-0.102310151
1789662899.653540611,-0.018327623,0.004523822,-0.001162542,0.952467442,0.005778850,-0.286901027,-0.102275282
1789662899.686870098,-0.018737757,0.004515618,-0.001549287,0.952618957,0.005819614,-0.286429405,-0.102184154
1789662899.720199347,-0.018539379,0.004572920,-0.001080579,0.952482998,0.005850611,-0.286810130,-0.102381080
1789662899.753529072,-0.017982853,0.004621049,-0.001147651,0.952412724,0.005888182,-0.287192583,-0.101959184
1789662899.786857367,-0.018419253,0.004597266,-0.001173229,0.952452600,0.005855585,-0.286937475,-0.102307051
1789662899.820187092,-0.018186133,0.004821689,-0.000978619,0.952398896,0.006244286,-0.287047952,-0.102473289
1789662899.853516579,-0.018160411,0.004760090,-0.000997950,0.952438235,0.006041675,-0.287006468,-0.102235749
1789662899.886844873,-0.018103364,0.004575001,-0.001186531,0.952429533,0.005895647,-0.287058443,-0.102179475
1789662899.920174599,-0.018031111,0.004892992,-0.000693470,0.952324808,0.006276160,-0.287349403,-0.102315649
1789662899.953504086,-0.017985818,0.004631912,-0.000871218,0.952319801,0.005954194,-0.287417322,-0.102190793
1789662899.986833572,-0.018119033,0.004769936,-0.000964245,0.952397346,0.006040237,-0.287159532,-0.102187373
1789662900.020162106,-0.018205077,0.004626046,-0.000898353,0.952415466,0.005894094,-0.287034750,-0.102377683
1789662900.053491592,-0.018153857,0.004765833,-0.000994292,0.952426910,0.006099537,-0.287027895,-0.102278195
1789662900.086821079,-0.018556519,0.004510952,-0.001127908,0.952525377,0.005797761,-0.286632568,-0.102487080
1789662900.120150566,-0.018413919,0.004477687,-0.001176266,0.952512980,0.005711295,-0.286752880,-0.102269895
1789662900.153479338,-0.017588807,0.005079285,-0.000531312,0.952231050,0.006485907,-0.287763834,-0.102010474
1789662900.186808586,-0.018201854,0.004459706,-0.001176533,0.952438891,0.005710704,-0.287020802,-0.102208287
1789662900.220138073,-0.017955860,0.004858188,-0.000975444,0.952373981,0.006133233,-0.287275255,-0.102074206
1789662900.253466845,-0.017841880,0.004858115,-0.000844821,0.952360451,0.006164300,-0.287300378,-0.102127939
1789662900.286796331,-0.017464553,0.005106829,-0.000563011,0.952214479,0.006559517,-0.287782222,-0.102107584
1789662900.320125818,-0.018253925,0.004597307,-0.001038868,0.952409327,0.005936768,-0.287083894,-0.102295026
1789662900.353455305,-0.017568365,0.005094529,-0.000650986,0.952253222,0.006428447,-0.287669927,-0.102070861
1789662900.386783838,-0.018146967,0.004652414,-0.000867098,0.952364862,0.005969360,-0.287214577,-0.102339827
1789662900.420114279,-0.018331364,0.004662306,-0.001035188,0.952429414,0.006045853,-0.286986083,-0.102374911
1789662900.453444719,-0.018278500,0.004597206,-0.001022721,0.952406406,0.005926047,-0.287047714,-0.102423228
1789662900.486775160,-0.018761005,0.004322675,-0.001193600,0.952520072,0.005569875,-0.286626935,-0.102564380
1789662900.520104408,-0.018434343,0.004656459,-0.001038355,0.952480972,0.005977973,-0.286804885,-0.102406926
1789662900.553435087,-0.017874586,0.004710458,-0.000937506,0.952347517,0.005976998,-0.287337631,-0.102155261
1789662900.586765289,-0.018194094,0.004658335,-0.001162511,0.952446759,0.005911183,-0.286996245,-0.102193922
1789662900.620095015,-0.018169464,0.004676431,-0.001060022,0.952412426,0.005972316,-0.287126869,-0.102142699
1789662900.653425217,-0.018136250,0.004717320,-0.001114409,0.952424884,0.005965600,-0.287074447,-0.102174103
1789662900.686755896,-0.018180805,0.004704049,-0.000891269,0.952387214,0.006010253,-0.287173748,-0.102244005
1789662900.720086098,-0.018123240,0.004703165,-0.000874776,0.952355981,0.006009044,-0.287269950,-0.102263972
1789662900.753415823,-0.018275820,0.004757094,-0.000849706,0.952371836,0.006226792,-0.287084758,-0.102623396
1789662900.786746025,-0.017594287,0.005210672,-0.000596155,0.952234685,0.006719791,-0.287697345,-0.102147602
1789662900.820076704,-0.018194410,0.004644277,-0.001079032,0.952450752,0.005915902,-0.286952704,-0.102278404
1789662900.853407145,-0.018301999,0.004496995,-0.001316477,0.952501595,0.005719713,-0.286817759,-0.102194414
1789662900.886736631,-0.018149087,0.004785797,-0.001127970,0.952460051,0.006016290,-0.286956936,-0.102172911
1789662900.920067072,-0.017992224,0.004941499,-0.000828366,0.952352166,0.006363431,-0.287287325,-0.102229461
1789662900.953397751,-0.017669934,0.004916802,-0.001005598,0.952338278,0.006285015,-0.287399560,-0.102048188
1789662900.986727238,-0.018050335,0.004795539,-0.000753962,0.952320993,0.006138556,-0.287379444,-0.102275208
1789662901.020057678,-0.018005347,0.004722031,-0.000898946,0.952399969,0.005975922,-0.287169516,-0.102139056
1789662901.053388119,-0.018436467,0.004617677,-0.001081163,0.952459872,0.005893959,-0.286868215,-0.102431342
1789662901.086718798,-0.018326850,0.004639149,-0.000865288,0.952405751,0.005884095,-0.287113130,-0.102248698
1789662901.120048285,-0.018314095,0.004602825,-0.001087741,0.952451885,0.005894315,-0.286895037,-0.102430798
1789662901.153378963,-0.017927206,0.004682421,-0.001058599,0.952390254,0.005909225,-0.287231565,-0.102058291
1789662901.186709404,-0.018020322,0.004753034,-0.000959773,0.952410161,0.005970917,-0.287152976,-0.102090277
1789662901.220039129,-0.017818210,0.005004015,-0.000779342,0.952318966,0.006361227,-0.287406743,-0.102203690
1789662901.253369570,-0.017725147,0.004654554,-0.000982844,0.952364564,0.005879140,-0.287322044,-0.102045104
1789662901.286700249,-0.017835630,0.004744229,-0.001003669,0.952369928,0.005967009,-0.287302613,-0.102044627
1789662901.320030689,-0.018017783,0.004673062,-0.000978615,0.952344239,0.006018595,-0.287343204,-0.102167606
1789662901.353360415,-0.017751685,0.005048310,-0.000858182,0.952327847,0.006443466,-0.287400484,-0.102133110
1789662901.386691093,-0.017857273,0.004968884,-0.000831354,0.952337563,0.006270296,-0.287359446,-0.102168791
1789662901.420020819,-0.017842282,0.004778559,-0.001303036,0.952441931,0.006090072,-0.287107646,-0.101914696
1789662901.453350544,-0.018307963,0.004744964,-0.000966036,0.952408314,0.006122959,-0.287004054,-0.102516271
1789662901.486679316,-0.018294953,0.004470108,-0.001057692,0.952430248,0.005726159,-0.286990553,-0.102373488
1789662901.520008802,-0.017983840,0.004771451,-0.000821422,0.952353716,0.006041810,-0.287259668,-0.102312423
1789662901.553338528,-0.017640783,0.004844202,-0.000826555,0.952316582,0.006094246,-0.287496507,-0.101989478
1789662901.586667299,-0.017851010,0.004926660,-0.000703396,0.952284276,0.006371852,-0.287495106,-0.102276854
1789662901.619997025,-0.017802684,0.004895455,-0.001000847,0.952370107,0.006184167,-0.287248790,-0.102181256
1789662901.653326750,-0.017917294,0.004929211,-0.000857424,0.952370107,0.006307203,-0.287206054,-0.102294102
1789662901.686656237,-0.017951601,0.004798729,-0.000862216,0.952361405,0.006085662,-0.287252039,-0.102259621
1789662901.719985008,-0.017454546,0.005513470,-0.000374927,0.952208698,0.007002469,-0.287797421,-0.102089748
1789662901.753314734,-0.018226479,0.004753866,-0.000989684,0.952444494,0.006047147,-0.286946744,-0.102344774
1789662901.786644459,-0.018491214,0.004509557,-0.001221402,0.952557385,0.005670810,-0.286588520,-0.102319978
1789662901.819974184,-0.017965886,0.004749535,-0.000962720,0.952358186,0.005995417,-0.287320286,-0.102102712
1789662901.853302717,-0.018125508,0.004615541,-0.001061751,0.952427387,0.005872399,-0.287066162,-0.102179147
1789662901.886632681,-0.018107025,0.004804918,-0.001018628,0.952435970,0.006133728,-0.286991239,-0.102294639
1789662901.919962168,-0.018345242,0.004730334,-0.001274506,0.952547371,0.005891562,-0.286685318,-0.102129266
1789662901.953290701,-0.017988135,0.004813173,-0.000914267,0.952391267,0.006054030,-0.287185073,-0.102171056
1789662901.986620665,-0.018109622,0.004707280,-0.001304974,0.952485502,0.005922016,-0.286895186,-0.102114365
1789662902.019950151,-0.018035752,0.004875674,-0.000841246,0.952335119,0.006245262,-0.287330151,-0.102274865
1789662902.053280115,-0.017855209,0.004897764,-0.000860111,0.952367961,0.006147428,-0.287227035,-0.102264479
1789662902.086608648,-0.018169968,0.004715777,-0.000922979,0.952432156,0.005916767,-0.286985248,-0.102358885
1789662902.119938135,-0.018182293,0.004666008,-0.001151517,0.952492714,0.005818258,-0.286867112,-0.102132119
1789662902.153268099,-0.017406062,0.005004743,-0.000625850,0.952253401,0.006324577,-0.287679046,-0.102049775
1789662902.186597586,-0.018281011,0.004654592,-0.001203204,0.952493787,0.005874263,-0.286838412,-0.102199621
1789662902.219926357,-0.018032007,0.004855370,-0.001012167,0.952450633,0.006111635,-0.287010193,-0.102106683
1789662902.253256083,-0.017736646,0.004708163,-0.000995429,0.952363789,0.005911266,-0.287325263,-0.102042198
1789662902.286585808,-0.017817415,0.004905058,-0.000682100,0.952294230,0.006223547,-0.287529677,-0.102096654
1789662902.319914341,-0.018140254,0.004635403,-0.001219149,0.952442169,0.005924971,-0.286992908,-0.102243781
1789662902.353244066,-0.018183432,0.004714347,-0.001003113,0.952430367,0.006009691,-0.286952943,-0.102461815
1789662902.386573792,-0.018211316,0.004760254,-0.000869038,0.952404320,0.006062481,-0.287030756,-0.102482609
1789662902.419903755,-0.018247585,0.004838618,-0.001012459,0.952457428,0.006145071,-0.286896944,-0.102359124
1789662902.453232765,-0.017942220,0.004857190,-0.001077857,0.952413678,0.006224252,-0.287059397,-0.102305345
1789662902.486562729,-0.018043413,0.004918400,-0.000868146,0.952387691,0.006251636,-0.287116528,-0.102385715
1789662902.519892931,-0.018054157,0.004800686,-0.000991251,0.952425838,0.006062906,-0.287064940,-0.102186225
1789662902.553221703,-0.017848425,0.004579931,-0.001038611,0.952353537,0.005812368,-0.287341386,-0.102097094
1789662902.586551666,-0.018259256,0.004567141,-0.001081395,0.952450693,0.005778384,-0.286904037,-0.102422796
1789662902.619881868,-0.018067222,0.004627409,-0.001128478,0.952411830,0.005926535,-0.286989331,-0.102536775
1789662902.653211832,-0.018093216,0.004594334,-0.001189490,0.952421963,0.005899633,-0.287062734,-0.102237493
1789662902.686540842,-0.017802480,0.004981202,-0.000598430,0.952298522,0.006304457,-0.287515253,-0.102092452
1789662902.719870806,-0.017742024,0.004777814,-0.000789593,0.952324986,0.006032734,-0.287368834,-0.102273345
1789662902.753201008,-0.018253698,0.004520507,-0.001215479,0.952472568,0.005762048,-0.286913872,-0.102192789
1789662902.786530972,-0.018036628,0.004781416,-0.000879232,0.952385128,0.006058987,-0.287171930,-0.102265783
1789662902.819860220,-0.017692557,0.004867868,-0.000756409,0.952281296,0.006165553,-0.287498802,-0.102307133
1789662902.853189945,-0.018090931,0.004753130,-0.000990965,0.952411056,0.006033060,-0.287096977,-0.102235481
1789662902.886519909,-0.018377725,0.004483710,-0.001182543,0.952471972,0.005686770,-0.286867350,-0.102332518
1789662902.919849157,-0.018394549,0.004532124,-0.001133648,0.952447653,0.005764997,-0.286952674,-0.102315046
1789662902.953179121,-0.017713669,0.004840363,-0.000614132,0.952255309,0.006125440,-0.287596762,-0.102276340
1789662902.986509323,-0.018158156,0.004515830,-0.000979286,0.952381372,0.005774110,-0.287162781,-0.102342084
1789662903.019839287,-0.018199448,0.004556910,-0.000843476,0.952382982,0.005872032,-0.287112653,-0.102461882
1789662903.053168297,-0.018017338,0.004648161,-0.000835575,0.952353597,0.005935349,-0.287215382,-0.102443554
1789662903.086498260,-0.018308382,0.004578370,-0.001032673,0.952454925,0.005788758,-0.286930025,-0.102309369
1789662903.119828463,-0.018291798,0.004679391,-0.001253079,0.952520251,0.005860392,-0.286747277,-0.102210253
1789662903.153158426,-0.017973195,0.004745466,-0.000839699,0.952335596,0.006033506,-0.287355214,-0.102213398
1789662903.186487436,-0.018557732,0.004390679,-0.001197834,0.952556908,0.005470057,-0.286576360,-0.102368698
1789662903.219817638,-0.018082053,0.004805629,-0.001017174,0.952452540,0.006070972,-0.286937624,-0.102294385
1789662903.253147602,-0.018219728,0.004530015,-0.001246447,0.952473640,0.005770129,-0.286882550,-0.102270290
1789662903.286476851,-0.018498849,0.004558215,-0.001216190,0.952511847,0.005783858,-0.286703944,-0.102413312
1789662903.319806814,-0.018390226,0.004576101,-0.001120170,0.952460706,0.005848335,-0.286858439,-0.102453336
1789662903.353137016,-0.017947998,0.004826884,-0.000906722,0.952387214,0.006180400,-0.287137806,-0.102334715
1789662903.386466980,-0.017898707,0.004875022,-0.000787370,0.952338755,0.006174454,-0.287384599,-0.102092803
1789662903.419801235,-0.017860745,0.005023861,-0.000687681,0.952293098,0.006452514,-0.287428051,-0.102379195
1789662903.453136444,-0.017931038,0.004775991,-0.000878916,0.952358603,0.006071359,-0.287248492,-0.102296188
1789662903.486471891,-0.018387469,0.004471002,-0.001085053,0.952447891,0.005668014,-0.286910832,-0.102436110
1789662903.519807100,-0.017967082,0.004892896,-0.000752637,0.952344358,0.006203496,-0.287268668,-0.102364197
1789662903.553141594,-0.018004563,0.004724361,-0.000987971,0.952439904,0.005943305,-0.286989868,-0.102272935
1789662903.586477041,-0.018469025,0.004517755,-0.001186180,0.952508271,0.005710754,-0.286682725,-0.102511324
1789662903.619812250,-0.018306473,0.004627674,-0.001383451,0.952535987,0.005908478,-0.286651820,-0.102328464
1789662903.653146744,-0.018602513,0.004704756,-0.001297041,0.952596962,0.005927948,-0.286473542,-0.102259427
1789662903.686482191,-0.018482099,0.004926755,-0.001107763,0.952529907,0.006291546,-0.286615491,-0.102463551
1789662903.719817638,-0.018372300,0.004748870,-0.001041183,0.952474833,0.006045978,-0.286814690,-0.102433421
1789662903.753153324,-0.018273956,0.004682288,-0.001001260,0.952447236,0.005951344,-0.286929756,-0.102372333
1789662903.786487818,-0.017868550,0.004918110,-0.000954613,0.952429414,0.006157691,-0.287134171,-0.101952873
1789662903.819823503,-0.018283502,0.004757118,-0.001031293,0.952462316,0.006012593,-0.286953866,-0.102161705
1789662903.853158951,-0.018176617,0.004768871,-0.001077950,0.952484250,0.006047404,-0.286828011,-0.102308281
1789662903.886493683,-0.018609864,0.004389052,-0.001451456,0.952585101,0.005563914,-0.286494523,-0.102331325
1789662903.919829369,-0.018401469,0.004809907,-0.000985680,0.952501535,0.006062922,-0.286714762,-0.102462836
1789662903.953165054,-0.018145732,0.004881712,-0.000727211,0.952374935,0.006276825,-0.287092507,-0.102570221
1789662903.986500740,-0.017878679,0.004830173,-0.000879758,0.952352762,0.006091471,-0.287250459,-0.102344491
1789662904.019835472,-0.018321317,0.004773391,-0.001014257,0.952459037,0.006082444,-0.286844701,-0.102493212
1789662904.053171158,-0.018162200,0.004502489,-0.001204386,0.952502728,0.005642845,-0.286772728,-0.102314174
1789662904.086507082,-0.018381090,0.004634634,-0.000946718,0.952462673,0.005856965,-0.286808878,-0.102572747
1789662904.119842768,-0.018376984,0.004662745,-0.001001387,0.952472448,0.005915598,-0.286868006,-0.102313705
1789662904.153177738,-0.018147470,0.004720993,-0.000854907,0.952401578,0.005961059,-0.287109375,-0.102293365
1789662904.186513662,-0.018327327,0.004547875,-0.000988866,0.952430665,0.005838918,-0.286958545,-0.102452785
1789662904.219849348,-0.018238022,0.004679369,-0.000998091,0.952424467,0.005852078,-0.287028223,-0.102315038
1789662904.253184319,-0.018141903,0.004704471,-0.000871001,0.952392578,0.005986328,-0.287134767,-0.102304764
1789662904.286520243,-0.017977591,0.004695348,-0.001113841,0.952409327,0.005968021,-0.287080646,-0.102301978
1789662904.319856405,-0.018354855,0.004563704,-0.001011372,0.952442586,0.005848082,-0.286948919,-0.102368899
1789662904.353192329,-0.017700807,0.005102577,-0.000723516,0.952326059,0.006537791,-0.287350208,-0.102284774
1789662904.386527300,-0.018006541,0.004882661,-0.000767716,0.952328265,0.006311932,-0.287305474,-0.102403983
1789662904.419859409,-0.018146741,0.004592500,-0.000867278,0.952393174,0.005804522,-0.287112445,-0.102371395
1789662904.453191280,-0.017916996,0.004744734,-0.000809183,0.952369928,0.005977768,-0.287183493,-0.102379732
1789662904.486522913,-0.018393012,0.004679007,-0.000979946,0.952474892,0.005889432,-0.286872238,-0.102280751
1789662904.519854069,-0.018064721,0.004743514,-0.000926711,0.952396929,0.005978648,-0.287110806,-0.102332309
1789662904.553185701,-0.018215985,0.004471315,-0.001078842,0.952442169,0.005630085,-0.286981583,-0.102293193
1789662904.586517811,-0.017967159,0.004903448,-0.000751847,0.952331543,0.006289741,-0.287298650,-0.102394931
1789662904.619848967,-0.017867368,0.004841610,-0.000782987,0.952319860,0.006173398,-0.287394345,-0.102241307
1789662904.653180838,-0.018086531,0.004755480,-0.001073603,0.952455521,0.006065909,-0.286863476,-0.102475099
1789662904.686512947,-0.018083260,0.004510484,-0.001148531,0.952419162,0.005714198,-0.287064612,-0.102269180
1789662904.719845057,-0.018060102,0.004574793,-0.000916950,0.952344954,0.005871393,-0.287215859,-0.102527112
1789662904.753175974,-0.017531829,0.004957191,-0.000921640,0.952348053,0.006144722,-0.287413925,-0.101924740
1789662904.786508083,-0.017802899,0.004806263,-0.000722093,0.952304423,0.006108397,-0.287386507,-0.102411211
1789662904.819840431,-0.018209750,0.004634520,-0.001235883,0.952508628,0.005852254,-0.286787122,-0.102206208
1789662904.853172302,-0.017703563,0.004911918,-0.000877361,0.952340364,0.006130842,-0.287386149,-0.102075770
1789662904.886503696,-0.017818028,0.004817691,-0.000655364,0.952301383,0.006139314,-0.287376702,-0.102465332
1789662904.919835806,-0.017789546,0.004862359,-0.000911522,0.952343822,0.006108395,-0.287345201,-0.102160603
1789662904.953167915,-0.018148619,0.004829301,-0.000866899,0.952403009,0.006156504,-0.287023842,-0.102507859
1789662904.986499310,-0.017992653,0.004825673,-0.000839079,0.952357173,0.006180030,-0.287178010,-0.102500744
1789662905.019831657,-0.018007680,0.004819059,-0.001090060,0.952458441,0.006078151,-0.286942691,-0.102225155
1789662905.053163767,-0.017776048,0.004963490,-0.000763756,0.952339530,0.006248951,-0.287355393,-0.102162518
1789662905.086496115,-0.018408999,0.004598363,-0.000966098,0.952412903,0.005900030,-0.286954224,-0.102626093
1789662905.119827509,-0.018021228,0.004902208,-0.000789463,0.952381074,0.006212155,-0.287112176,-0.102462061
1789662905.153159618,-0.018163881,0.004630737,-0.000915094,0.952402532,0.005906426,-0.287039191,-0.102484718
1789662905.186491966,-0.018019606,0.004936850,-0.000808128,0.952373683,0.006278416,-0.287199199,-0.102282651
1789662905.219823599,-0.018114935,0.004763508,-0.000936762,0.952412367,0.006028160,-0.287047863,-0.102361366
1789662905.253155708,-0.018100353,0.004771933,-0.000914807,0.952426910,0.006010884,-0.287003040,-0.102353640
1789662905.286488295,-0.017974982,0.004616652,-0.000993015,0.952413857,0.005782092,-0.287083447,-0.102262050
1789662905.319820881,-0.017795601,0.004970258,-0.000855208,0.952374279,0.006238556,-0.287232339,-0.102186255
1789662905.353152037,-0.017748666,0.004988236,-0.000528488,0.952274203,0.006315887,-0.287534744,-0.102263473
1789662905.386484623,-0.017617936,0.004903663,-0.000550301,0.952268124,0.006168817,-0.287516624,-0.102380157
