t_sec,x,y,z,qw,qx,qy,qz
1789388504.856495380,0.000000000,0.000000000,0.000000000,1.000000000,0.000000000,0.000000000,0.000000000
1789388504.889875650,0.000008672,0.000000781,0.000019476,1.000000000,-0.000000520,-0.000011070,-0.000011352
1789388504.923245907,0.000000511,0.000000031,0.000026841,1.000000000,-0.000001569,-0.000005004,-0.000008357
1789388504.956605196,-0.000001539,-0.000000857,0.000043695,1.000000000,0.000001175,-0.000010163,-0.000005121
1789388504.989953279,0.000002393,-0.000003547,0.000028627,1.000000000,-0.000003886,-0.000003755,-0.000010451
1789388505.023289442,-0.000001793,-0.000007222,0.000020865,1.000000000,-0.000010119,-0.000002743,-0.000017607
1789388505.056615829,0.000012542,0.000006662,0.000016071,1.000000000,0.000001144,-0.000015126,-0.000014713
1789388505.089931011,0.000007168,0.000001991,0.000022656,1.000000000,0.000001221,-0.000008299,-0.000012704
1789388505.123234749,0.000021063,0.000006045,0.000030398,1.000000000,0.000006827,-0.000025365,-0.000004953
1789388505.156527042,0.000005440,-0.000002745,0.000018301,1.000000000,-0.000011439,-0.000010834,-0.000015567
1789388505.189809084,-0.000000707,-0.000006521,0.000015549,1.000000000,-0.000010476,-0.000002059,-0.000019207
1789388505.223079920,0.000013652,0.000004572,0.000011584,1.000000000,0.000001941,-0.000014363,-0.000014587
1789388505.256338835,0.000009418,-0.000002822,0.000019173,1.000000000,-0.000005441,-0.000014291,-0.000012147
1789388505.289587736,-0.000001043,0.000003474,0.000025909,1.000000000,0.000002702,0.000002137,-0.000007140
1789388505.322825432,0.000010843,0.000004275,0.000008205,1.000000000,0.000000497,-0.000015283,-0.000015650
1789388505.356052160,0.000009997,-0.000000052,0.000020382,1.000000000,0.000000026,-0.000012551,-0.000007066
1789388505.389267206,-0.000005339,-0.000004936,0.000020395,1.000000000,-0.000007599,0.000003515,-0.000017321
1789388505.422471762,0.000003530,-0.000002886,0.000013139,1.000000000,-0.000004946,-0.000007378,-0.000011243
1789388505.455665350,-0.000004397,-0.000000555,0.000027880,1.000000000,0.000002022,-0.000000823,-0.000011760
1789388505.488847971,0.000004457,0.000001308,0.000016833,1.000000000,-0.000002889,-0.000007410,-0.000017060
1789388505.522018671,0.000001365,-0.000002072,0.000029552,1.000000000,-0.000004930,-0.000009243,-0.000012958
1789388505.555178881,0.000010522,-0.000003325,0.000016785,1.000000000,-0.000004794,-0.000011963,-0.000012426
1789388505.588328600,0.000012797,0.000006050,0.000010827,1.000000000,0.000000874,-0.000011907,-0.000011742
1789388505.621467352,0.000004868,-0.000006910,0.000023947,1.000000000,-0.000008442,-0.000009089,-0.000008657
1789388505.654839277,0.000008716,-0.000013300,0.000014683,1.000000000,-0.000023680,-0.000014642,-0.000018339
1789388505.688207626,0.000000978,0.000002592,0.000021987,1.000000000,0.000002724,-0.000006539,-0.000018075
1789388505.721571922,0.000004083,0.000003289,0.000013101,1.000000000,-0.000001209,-0.000006567,-0.000010579
1789388505.754931688,0.000005404,0.000006317,0.000023918,1.000000000,0.000007028,-0.000011376,-0.000013421
1789388505.788288593,0.000001873,-0.000002279,0.000037535,1.000000000,-0.000002503,-0.000010519,-0.000003459
1789388505.821641922,0.000005734,-0.000005353,0.000029247,1.000000000,-0.000008778,-0.000012849,-0.000011769
1789388505.854990244,0.000004438,0.000005852,0.000029416,1.000000000,0.000009114,-0.000012083,-0.000003362
1789388505.888335943,-0.000001434,0.000001799,0.000026452,1.000000000,0.000000384,-0.000004490,-0.000001477
1789388505.921677828,0.000014365,0.000010344,0.000015669,1.000000000,0.000005207,-0.000016105,-0.000015768
1789388505.955015898,0.000003407,0.000002121,0.000028072,1.000000000,0.000001220,-0.000006148,-0.000009421
1789388505.988349199,0.000003829,-0.000003048,0.000017055,1.000000000,-0.000007526,-0.000007706,-0.000015780
1789388506.021679878,0.000007594,0.000003282,0.000023630,1.000000000,-0.000001640,-0.000015559,-0.000020408
1789388506.055006742,0.000013234,0.000008684,0.000013815,1.000000000,0.000001291,-0.000014859,-0.000020228
1789388506.088329792,0.000018538,0.000009740,0.000016025,1.000000000,0.000005800,-0.000021617,-0.000010413
1789388506.121648312,0.000008383,0.000006511,0.000019915,1.000000000,0.000001574,-0.000008460,-0.000017391
1789388506.154963970,0.000006418,-0.000011144,0.000029432,1.000000000,-0.000011624,-0.000009717,-0.000007467
1789388506.188275576,0.000015824,0.000003848,0.000024123,1.000000000,-0.000000411,-0.000021905,-0.000010146
1789388506.221582651,-0.000000828,-0.000000881,0.000021149,1.000000000,-0.000005071,-0.000001987,-0.000013964
1789388506.254886866,0.000009410,-0.000003240,0.000021633,1.000000000,-0.000006361,-0.000012640,-0.000010427
1789388506.288187504,0.000004845,-0.000000382,0.000027528,1.000000000,-0.000005008,-0.000011168,-0.000013913
1789388506.321484327,0.000009317,0.000003821,0.000019790,1.000000000,0.000000644,-0.000016215,-0.000016340
1789388506.354776382,-0.000000291,-0.000001065,0.000031194,1.000000000,-0.000005029,-0.000004932,-0.000011349
1789388506.388065577,0.000002392,0.000000728,0.000023753,1.000000000,0.000000560,-0.000010057,-0.000015366
1789388506.421351433,0.000004113,-0.000000740,0.000022145,1.000000000,-0.000001969,-0.000007017,-0.000009782
1789388506.454632998,0.000009978,0.000002052,0.000019230,1.000000000,-0.000001281,-0.000010166,-0.000006699
1789388506.487909794,0.000010679,-0.000011035,0.000017625,1.000000000,-0.000015072,-0.000012749,-0.000004873
1789388506.521184444,0.000010893,-0.000002452,0.000022403,1.000000000,-0.000004874,-0.000013778,-0.000007361
1789388506.554454803,-0.000007315,-0.000002159,0.000033024,1.000000000,0.000002090,0.000003521,-0.000005791
1789388506.587720394,0.000009846,0.000003532,0.000026946,1.000000000,0.000003592,-0.000016857,-0.000010865
1789388506.620984077,0.000008859,0.000000547,0.000007249,1.000000000,-0.000007897,-0.000010748,-0.000021144
1789388506.654236555,-0.000004000,0.000006820,0.000031319,1.000000000,0.000010357,-0.000001715,-0.000006503
1789388506.687484026,0.000001503,0.000000723,0.000015921,1.000000000,-0.000000657,-0.000002178,-0.000009423
1789388506.720725775,0.000005899,-0.000006456,0.000021915,1.000000000,-0.000007738,-0.000010941,-0.000007105
1789388506.753963470,0.000003668,-0.000004611,0.000021670,1.000000000,-0.000005197,-0.000004970,-0.000008631
1789388506.787195683,0.000006713,0.000005860,0.000022020,1.000000000,0.000004428,-0.000009794,-0.000006933
1789388506.820423365,0.000006722,0.000006038,0.000015889,1.000000000,0.000001586,-0.000010721,-0.000018352
1789388506.853645086,0.000002787,-0.000001017,0.000023643,1.000000000,-0.000000892,-0.000007379,-0.000008710
1789388506.886862516,0.000004400,-0.000004851,0.000019478,1.000000000,-0.000006630,-0.000007776,-0.000005672
1789388506.920075178,0.000006037,0.000001170,0.000019485,1.000000000,-0.000003470,-0.000010319,-0.000018148
1789388506.953281641,0.000001427,-0.000002676,0.000027170,1.000000000,-0.000005751,-0.000007907,-0.000016430
1789388506.986484051,0.000013494,0.000004045,0.000027469,1.000000000,0.000000895,-0.000019447,-0.000014634
1789388507.019681692,0.000010438,0.000011580,0.000017152,1.000000000,0.000009382,-0.000014819,-0.000012190
1789388507.052874327,0.000005395,0.000004379,0.000023166,1.000000000,0.000002560,-0.000011852,-0.000009189
1789388507.086060762,0.000017659,0.000007048,0.000019277,1.000000000,0.000007485,-0.000021876,0.000001911
1789388507.119243145,0.000006677,-0.000007008,0.000011035,1.000000000,-0.000017075,-0.000011310,-0.000020580
1789388507.152420759,0.000006691,0.000003383,0.000013648,1.000000000,0.000001797,-0.000010253,-0.000007174
1789388507.185592175,0.000007218,0.000000781,0.000020006,1.000000000,-0.000003543,-0.000009390,-0.000015581
1789388507.218759775,0.000005267,-0.000002748,0.000020648,1.000000000,-0.000004570,-0.000011695,-0.000018600
1789388507.251922131,0.000012836,-0.000001505,0.000025031,1.000000000,-0.000008718,-0.000019075,-0.000016184
1789388507.285079479,0.000000395,-0.000003945,0.000018922,1.000000000,-0.000007454,-0.000004256,-0.000015677
1789388507.318231106,0.000010123,0.000001450,0.000018672,1.000000000,-0.000003329,-0.000014422,-0.000014118
1789388507.351378679,-0.000000108,-0.000006737,0.000027939,1.000000000,-0.000010375,-0.000004366,-0.000012267
1789388507.384521008,0.000011149,0.000001819,0.000026389,1.000000000,-0.000001027,-0.000015508,-0.000009321
1789388507.417658329,0.000010661,-0.000005861,0.000018686,1.000000000,-0.000017252,-0.000014959,-0.000015011
1789388507.450789928,0.000002899,-0.000004495,0.000029172,1.000000000,-0.000013090,-0.000005707,-0.000020304
1789388507.483917475,-0.000001234,-0.000000693,0.000018494,1.000000000,-0.000004693,-0.000001876,-0.000018908
1789388507.517039776,0.000005615,-0.000000173,0.000016295,1.000000000,-0.000004749,-0.000009464,-0.000030095
1789388507.550156355,0.000004589,-0.000006104,0.000015624,1.000000000,-0.000011057,-0.000006990,-0.000014708
1789388507.583268881,0.000012354,-0.000001030,0.000019556,1.000000000,-0.000004893,-0.000018517,-0.000007829
1789388507.616376877,0.000011928,0.000007268,0.000026455,1.000000000,0.000008382,-0.000015401,-0.000003583
1789388507.649706125,0.000004484,-0.000002018,0.000023315,1.000000000,-0.000005291,-0.000004377,-0.000011862
1789388507.683033705,0.000001539,0.000001532,0.000019518,1.000000000,-0.000000105,-0.000003941,-0.000015163
1789388507.716362000,0.000010017,0.000000679,0.000019311,1.000000000,0.000000035,-0.000012909,-0.000008552
1789388507.749690294,0.000016118,0.000003814,0.000024277,1.000000000,0.000004828,-0.000021101,-0.000005416
1789388507.783018112,0.000006758,-0.000003380,0.000018878,1.000000000,-0.000007748,-0.000010522,-0.000012600
1789388507.816344738,0.000007987,0.000002587,0.000020947,1.000000000,-0.000000137,-0.000009026,-0.000011913
1789388507.849672079,0.000021043,0.000010660,0.000021937,1.000000000,0.000009026,-0.000025171,-0.000011417
1789388507.882998943,0.000006427,0.000002040,0.000010633,1.000000000,-0.000001593,-0.000011102,-0.000018200
1789388507.916324854,-0.000002333,-0.000009266,0.000018514,1.000000000,-0.000015228,-0.000001681,-0.000017592
1789388507.949651718,-0.000001302,-0.000004822,0.000020219,1.000000000,-0.000005046,-0.000001395,-0.000009014
1789388507.982977867,0.000007905,0.000002055,0.000020330,1.000000000,0.000001521,-0.000011406,-0.000011996
1789388508.016303778,0.000007113,0.000002156,0.000015039,1.000000000,0.000001764,-0.000011463,-0.000012741
1789388508.049628496,0.000000872,-0.000004416,0.000016594,1.000000000,-0.000004995,-0.000003499,-0.000011692
1789388508.082954168,0.000017897,0.000013899,0.000020461,1.000000000,0.000008564,-0.000023533,-0.000023229
1789388508.116279364,0.000002309,0.000001745,0.000016666,1.000000000,-0.000003965,-0.000006518,-0.000020067
1789388508.149604321,0.000008764,0.000004776,0.000024246,1.000000000,0.000003633,-0.000019270,-0.000011680
1789388508.182927847,-0.000001479,-0.000000350,0.000020407,1.000000000,-0.000002641,-0.000001128,-0.000013066
1789388508.216252089,0.000017023,0.000007852,0.000024173,1.000000000,0.000006345,-0.000021304,-0.000002202
1789388508.249576330,0.000004391,-0.000001830,0.000026979,1.000000000,-0.000005694,-0.000007343,-0.000002069
1789388508.282899141,0.000010909,0.000002713,0.000020485,1.000000000,-0.000000215,-0.000017890,-0.000014172
1789388508.316222906,0.000006848,0.000001116,0.000011453,1.000000000,-0.000001758,-0.000012278,-0.000018341
1789388508.349546194,0.000015699,-0.000013067,0.000014040,1.000000000,-0.000018334,-0.000022208,-0.000006236
1789388508.382869482,0.000009964,-0.000000958,0.000013975,1.000000000,-0.000006674,-0.000015501,-0.000014356
1789388508.416191101,0.000006450,0.000002221,0.000025328,1.000000000,0.000000359,-0.000010099,-0.000012832
1789388508.449513674,0.000000888,-0.000003760,0.000025404,1.000000000,-0.000002244,-0.000006822,-0.000006792
1789388508.482836008,0.000005762,-0.000005894,0.000020012,1.000000000,-0.000006688,-0.000009865,-0.000019460
1789388508.516156912,0.000002094,-0.000001866,0.000023616,1.000000000,-0.000002049,-0.000007311,-0.000008563
1789388508.549478769,0.000009843,0.000005345,0.000017190,1.000000000,0.000000341,-0.000016437,-0.000017598
1789388508.582800388,0.000006221,-0.000013021,0.000027391,1.000000000,-0.000016794,-0.000012003,-0.000015462
1789388508.616121292,-0.000006097,-0.000008250,0.000012892,1.000000000,-0.000013796,0.000002450,-0.000022128
1789388508.649452925,0.000003573,-0.000008339,0.000008374,1.000000000,-0.000017196,-0.000011978,-0.000022979
1789388508.682785511,0.000010448,-0.000002933,0.000022426,1.000000000,-0.000005171,-0.000012678,-0.000007205
1789388508.716117620,-0.000003087,-0.000001981,0.000031712,1.000000000,-0.000003689,-0.000005378,-0.000013424
1789388508.749449730,0.000002618,0.000002173,0.000016123,1.000000000,-0.000002652,-0.000005540,-0.000021593
1789388508.782781124,0.000005098,0.000000684,0.000016356,1.000000000,-0.000003648,-0.000010147,-0.000015760
1789388508.816112757,0.000007868,0.000005248,0.000022357,1.000000000,0.000002957,-0.000013745,-0.000014786
1789388508.849444866,0.000008297,0.000002825,0.000012044,1.000000000,-0.000000479,-0.000012545,-0.000010499
1789388508.882775307,0.000019691,0.000009979,0.000028606,1.000000000,0.000010789,-0.000021719,-0.000006475
1789388508.916107178,0.000008013,0.000003796,0.000025618,1.000000000,-0.000000871,-0.000013835,-0.000010446
1789388508.949438810,0.000002602,0.000008820,0.000015897,1.000000000,0.000005738,-0.000006216,-0.000016305
1789388508.982770205,0.000009504,0.000000544,0.000015441,1.000000000,-0.000002360,-0.000012954,-0.000010933
1789388509.016100645,0.000001281,-0.000008316,0.000021088,1.000000000,-0.000008770,-0.000006165,-0.000008435
1789388509.049431562,0.000005574,-0.000000319,0.000021751,1.000000000,-0.000002027,-0.000005698,-0.000008828
1789388509.082762957,0.000006514,-0.000005446,0.000026859,1.000000000,-0.000008789,-0.000014145,-0.000006859
1789388509.116094112,0.000010950,0.000000854,0.000022410,1.000000000,-0.000002216,-0.000016711,-0.000015239
1789388509.149423838,0.000004171,-0.000005301,0.000016367,1.000000000,-0.000010305,-0.000006813,-0.000012865
1789388509.182754755,-0.000001978,-0.000002139,0.000022918,1.000000000,-0.000004906,-0.000005586,-0.000012149
1789388509.216085434,0.000002493,-0.000002703,0.000024705,1.000000000,-0.000004523,-0.000005661,-0.000013759
1789388509.249414921,0.000008020,0.000006496,0.000013951,1.000000000,0.000004649,-0.000009984,-0.000005600
1789388509.282745600,0.000004143,-0.000004088,0.000025835,1.000000000,-0.000004022,-0.000011972,-0.000012269
1789388509.316076040,-0.000000255,0.000000930,0.000025459,1.000000000,-0.000002054,-0.000005554,-0.000019927
1789388509.349406242,0.000007559,0.000003371,0.000031066,1.000000000,0.000005227,-0.000017120,-0.000005959
1789388509.382735252,0.000002908,0.000000109,0.000025086,1.000000000,0.000000005,-0.000002725,-0.000010438
1789388509.416065454,0.000016067,0.000004897,0.000018449,1.000000000,0.000004271,-0.000017292,-0.000007196
1789388509.449395418,0.000007176,0.000005009,0.000020496,1.000000000,-0.000000758,-0.000006979,-0.000022683
1789388509.482725382,0.000011163,-0.000000028,0.000016760,1.000000000,-0.000004022,-0.000013946,-0.000014231
1789388509.516054153,0.000010459,-0.000000018,0.000019061,1.000000000,-0.000001037,-0.000015857,-0.000006868
1789388509.549383879,0.000011379,0.000000468,0.000031629,1.000000000,-0.000003346,-0.000016589,-0.000006799
1789388509.582713366,0.000016708,-0.000001550,0.000028605,1.000000000,-0.000002134,-0.000023807,-0.000009079
1789388509.616041899,0.000013787,0.000004069,0.000030094,1.000000000,0.000003616,-0.000022093,-0.000004881
1789388509.649376392,0.000004179,-0.000000350,0.000026912,1.000000000,-0.000003327,-0.000007678,-0.000008649
1789388509.682711124,0.000011745,-0.000002424,0.000015456,1.000000000,-0.000006616,-0.000013009,-0.000008156
1789388509.716045618,0.000005580,0.000002175,0.000018186,1.000000000,0.000001689,-0.000006345,0.000000261
1789388509.749379158,0.000014187,-0.000007678,0.000007096,1.000000000,-0.000016440,-0.000020441,-0.000008498
1789388509.782713652,-0.000001306,0.000000841,0.000015783,1.000000000,-0.000002291,-0.000001145,-0.000014343
1789388509.816048145,0.000010736,-0.000002597,0.000021017,1.000000000,-0.000008993,-0.000014388,-0.000008262
1789388509.849381447,0.000003589,0.000002449,0.000023343,1.000000000,0.000000829,-0.000006986,-0.000005421
1789388509.882715702,0.000015346,0.000003077,0.000022401,1.000000000,0.000002152,-0.000017008,-0.000003298
1789388509.916049957,0.000001342,0.000000374,0.000020920,1.000000000,-0.000000955,-0.000007700,-0.000018684
1789388509.949384212,0.000010349,-0.000004727,0.000025502,1.000000000,-0.000004514,-0.000015416,-0.000008556
1789388509.982717514,0.000006451,-0.000000584,0.000022496,1.000000000,-0.000004800,-0.000009191,-0.000008770
1789388510.016051769,0.000009338,0.000001991,0.000022307,1.000000000,0.000002666,-0.000013195,0.000003759
1789388510.049385786,0.000011455,-0.000000339,0.000021930,1.000000000,-0.000006543,-0.000012453,-0.000011759
1789388510.082720041,0.000005869,-0.000008416,0.000012608,1.000000000,-0.000010586,-0.000007880,-0.000007604
1789388510.116052866,0.000011413,-0.000004512,0.000019149,1.000000000,-0.000007022,-0.000014279,-0.000009746
1789388510.149386883,0.000003683,0.000005825,0.000007896,1.000000000,0.000001525,-0.000007645,-0.000026116
1789388510.182720900,0.000007277,0.000007395,0.000021705,1.000000000,0.000009748,-0.000010804,-0.000003765
1789388510.216053963,0.000011278,0.000005111,0.000031957,1.000000000,0.000002771,-0.000019950,-0.000005557
1789388510.249387980,0.000015200,-0.000011564,0.000014615,1.000000000,-0.000023540,-0.000020652,-0.000010830
1789388510.282721758,0.000010242,0.000001799,0.000007129,1.000000000,-0.000005604,-0.000014424,-0.000012482
1789388510.316055536,0.000008276,0.000002155,0.000016023,1.000000000,0.000001468,-0.000010650,-0.000006162
1789388510.349388123,0.000003365,-0.000003474,0.000023687,1.000000000,-0.000007318,-0.000005626,-0.000008404
1789388510.382721901,0.000007463,-0.000003888,0.000016338,1.000000000,-0.000006728,-0.000010277,-0.000008709
1789388510.416055679,0.000010833,-0.000000017,0.000023096,1.000000000,-0.000001604,-0.000015938,-0.000021675
1789388510.449389458,0.000010069,-0.000005934,0.000011455,1.000000000,-0.000013618,-0.000013462,-0.000014676
1789388510.482721806,0.000006845,-0.000004343,0.000022879,1.000000000,-0.000006727,-0.000012198,-0.000016304
1789388510.516055584,0.000006871,0.000003155,0.000029852,1.000000000,0.000006444,-0.000014314,0.000000947
1789388510.549389124,0.000018984,0.000002227,0.000013732,1.000000000,-0.000003636,-0.000021807,-0.000009557
1789388510.582721710,0.000005238,-0.000003564,0.000020765,1.000000000,-0.000009432,-0.000005997,-0.000013180
1789388510.616055250,-0.000003704,-0.000008819,0.000033579,1.000000000,-0.000010315,-0.000005100,-0.000009085
1789388510.649391174,0.000006826,0.000002537,0.000030947,1.000000000,0.000001186,-0.000011027,-0.000006036
1789388510.682727098,0.000010103,0.000002106,0.000019157,1.000000000,0.000001096,-0.000011526,-0.000010790
1789388510.716061831,-0.000000061,-0.000002671,0.000027919,1.000000000,-0.000000816,-0.000006841,-0.000010462
1789388510.749397755,0.000003928,-0.000002632,0.000015518,1.000000000,-0.000006984,-0.000006419,-0.000019006
1789388510.782733679,0.000016650,-0.000000427,0.000017536,1.000000000,-0.000006653,-0.000019927,-0.000008806
1789388510.816069365,0.000004753,0.000004166,0.000019106,1.000000000,0.000003151,-0.000008802,-0.000012076
1789388510.849404335,0.000001606,-0.000001459,0.000020452,1.000000000,-0.000007093,-0.000006640,-0.000016535
1789388510.882740021,0.000015008,0.000000673,0.000021345,1.000000000,-0.000003756,-0.000022963,-0.000010992
1789388510.916075945,-0.000000903,0.000004628,0.000021696,1.000000000,0.000005722,-0.000003413,-0.000015370
1789388510.949410677,0.000011635,0.000005340,0.000013667,1.000000000,0.000002183,-0.000012984,-0.000010351
1789388510.982746363,-0.000007023,-0.000002550,0.000031276,1.000000000,-0.000004523,-0.000003454,-0.000016239
1789388511.016082048,0.000006701,-0.000003555,0.000018616,1.000000000,-0.000008675,-0.000012355,-0.000017674
1789388511.049417734,0.000000889,0.000000824,0.000016747,1.000000000,-0.000002716,-0.000005328,-0.000014789
1789388511.082752466,0.000007428,-0.000001547,0.000022082,1.000000000,-0.000003140,-0.000011664,-0.000008173
1789388511.116088152,0.000004843,-0.000000154,0.000023620,1.000000000,-0.000005714,-0.000011377,-0.000002565
1789388511.149423838,0.000003748,0.000001572,0.000017005,1.000000000,0.000000894,-0.000005458,-0.000001848
1789388511.182758570,0.000010854,0.000005628,0.000017155,1.000000000,0.000003127,-0.000015496,-0.000008965
1789388511.216094017,0.000003713,-0.000004515,0.000027046,1.000000000,-0.000007563,-0.000006711,-0.000010759
1789388511.249429703,0.000006444,0.000000063,0.000022941,1.000000000,-0.000001319,-0.000011372,-0.000016080
1789388511.282765388,0.000004598,-0.000005878,0.000014143,1.000000000,-0.000012056,-0.000007833,-0.000012246
1789388511.316099882,-0.000004093,-0.000008808,0.000019492,1.000000000,-0.000016040,-0.000000501,-0.000018785
1789388511.349435568,0.000004330,0.000004537,0.000018217,1.000000000,-0.000000828,-0.000006569,-0.000021197
1789388511.382771015,0.000001144,-0.000005713,0.000032051,1.000000000,-0.000006980,-0.000008378,-0.000010852
1789388511.416106462,-0.000002938,-0.000007853,0.000019688,1.000000000,-0.000010402,-0.000001536,-0.000006685
1789388511.449440956,0.000013640,-0.000001193,0.000008449,1.000000000,-0.000010526,-0.000017538,-0.000018703
1789388511.482776642,0.000008771,0.000003431,0.000027910,1.000000000,0.000005750,-0.000013658,-0.000006497
1789388511.516112089,0.000010305,-0.000005255,0.000018166,1.000000000,-0.000010212,-0.000012297,-0.000012675
1789388511.549446583,0.000004865,0.000001405,0.000025122,1.000000000,-0.000000503,-0.000011943,-0.000009793
1789388511.582782030,0.000004433,-0.000006988,0.000021871,1.000000000,-0.000010524,-0.000009913,-0.000016643
1789388511.616117477,0.000000535,-0.000009257,0.000021041,1.000000000,-0.000017028,-0.000003679,-0.000015627
1789388511.649459362,-0.000000183,-0.000000218,0.000012251,1.000000000,-0.000001645,-0.000001544,-0.000009204
1789388511.682800531,0.000006520,0.000001046,0.000020271,1.000000000,-0.000001208,-0.000007392,-0.000011653
1789388511.716142893,0.000008552,-0.000003577,0.000029406,1.000000000,-0.000006611,-0.000015670,-0.000013268
1789388511.749484777,0.000006619,0.000007593,0.000018623,1.000000000,0.000005952,-0.000012126,-0.000013579
1789388511.782827377,0.000002158,0.000002082,0.000029217,1.000000000,0.000002961,-0.000009610,-0.000012742
1789388511.816168785,0.000006183,-0.000001723,0.000026211,1.000000000,-0.000006888,-0.000008890,-0.000013166
1789388511.849511147,0.000006854,-0.000003768,0.000013485,1.000000000,-0.000008152,-0.000013196,-0.000018443
1789388511.882853508,0.000007386,-0.000000544,0.000022266,1.000000000,-0.000002347,-0.000009928,-0.000006594
1789388511.916195393,0.000004577,-0.000008574,0.000032568,1.000000000,-0.000008434,-0.000009234,-0.000010701
1789388511.949537754,0.000007747,-0.000005630,0.000018197,1.000000000,-0.000014688,-0.000008694,-0.000019277
1789388511.982880592,-0.000001940,-0.000009255,0.000019935,1.000000000,-0.000017471,0.000000690,-0.000019954
1789388512.016223431,0.000001351,0.000006027,0.000018178,1.000000000,0.000005596,-0.000005496,-0.000013449
1789388512.049565077,0.000005248,-0.000004840,0.000014667,1.000000000,-0.000009860,-0.000009170,-0.000012273
1789388512.082908154,0.000002932,-0.000011663,0.000016712,1.000000000,-0.000023643,-0.000008573,-0.000035504
1789388512.116250992,0.000004307,-0.000002459,0.000024683,1.000000000,-0.000003930,-0.000012813,-0.000012021
1789388512.149594069,0.000006524,-0.000008572,0.000013686,1.000000000,-0.000016492,-0.000009148,-0.000015879
1789388512.182936192,0.000002229,0.000004029,0.000015784,1.000000000,0.000001001,-0.000004082,-0.000019791
1789388512.216279268,0.000009017,-0.000001929,0.000014878,1.000000000,-0.000003540,-0.000010746,-0.000007184
1789388512.249622583,0.000005014,-0.000001774,0.000025036,1.000000000,-0.000004012,-0.000008193,-0.000007788
1789388512.282964945,0.000011702,0.000003670,0.000022560,1.000000000,0.000004874,-0.000015362,-0.000003997
1789388512.316308260,0.000006889,0.000000859,0.000020793,1.000000000,-0.000004426,-0.000012243,-0.000017389
1789388512.349651575,0.000008384,-0.000001450,0.000011901,1.000000000,-0.000006901,-0.000013607,-0.000022736
1789388512.382995129,0.000005308,0.000001092,0.000010171,1.000000000,-0.000003984,-0.000009447,-0.000018236
1789388512.416337729,0.000018396,-0.000003675,0.000013440,1.000000000,-0.000008555,-0.000022900,-0.000011695
1789388512.449681282,0.000011101,-0.000004535,0.000023877,1.000000000,-0.000015756,-0.000014127,-0.000006692
1789388512.483025074,0.000002203,-0.000001130,0.000030499,1.000000000,0.000000146,-0.000007327,-0.000002537
1789388512.516367674,0.000003372,-0.000000952,0.000015835,1.000000000,-0.000004947,-0.000009050,-0.000018969
1789388512.549711704,0.000004781,-0.000002523,0.000011057,1.000000000,-0.000008740,-0.000009726,-0.000021176
1789388512.583055496,-0.000003440,-0.000009059,0.000036092,1.000000000,-0.000009566,-0.000002219,-0.000003010
1789388512.616399527,0.000015586,0.000001653,0.000013785,1.000000000,-0.000002909,-0.000020186,-0.000017065
1789388512.649738073,-0.000001629,-0.000001816,0.000018366,1.000000000,-0.000005745,-0.000002343,-0.000026020
1789388512.683077574,0.000005626,-0.000000558,0.000022459,1.000000000,-0.000001472,-0.000011382,-0.000002386
1789388512.716417551,0.000004288,0.000007304,0.000035313,1.000000000,0.000008659,-0.000009900,-0.000011553
1789388512.749757051,0.000007270,0.000000094,0.000031570,1.000000000,-0.000003731,-0.000011002,-0.000008387
1789388512.783095837,0.000010761,0.000001856,0.000036759,1.000000000,-0.000005770,-0.000014520,0.000001570
1789388512.816435575,-0.000162902,-0.000527414,0.000238403,0.999997318,-0.002308724,0.000199219,-0.000202046
1789388512.849775314,-0.000258774,-0.000931504,0.000474296,0.999995172,-0.003063519,0.000333615,-0.000471220
1789388512.883114338,-0.000200044,-0.000871573,0.000291869,0.999995887,-0.002821447,0.000203421,-0.000529244
1789388512.916453838,-0.000233760,-0.001021748,0.000211979,0.999996364,-0.002638744,0.000223406,-0.000573305
1789388512.949793816,0.000011869,-0.000008501,0.000015946,1.000000000,-0.000014523,-0.000013170,-0.000007900
1789388512.983133554,0.000003701,-0.000047264,0.000016235,1.000000000,-0.000051870,-0.000008135,-0.000031507
1789388513.016472340,0.000050671,-0.000084344,-0.000009045,1.000000000,-0.000109438,-0.000042711,-0.000063064
1789388513.049812317,0.000137047,-0.000142922,-0.000044737,1.000000000,-0.000200857,-0.000109266,-0.000060045
1789388513.083152056,0.000178970,-0.000176023,-0.000090054,1.000000000,-0.000241368,-0.000148628,-0.000086045
1789388513.116492033,0.000204400,-0.000557552,-0.000105181,0.999999821,-0.000640260,-0.000165881,-0.000252650
1789388513.149830818,0.000189033,-0.000510747,-0.000088103,0.999999821,-0.000597360,-0.000148720,-0.000253633
1789388513.183170557,0.000202994,-0.000764412,-0.000175842,0.999999583,-0.000918848,-0.000202861,-0.000295659
1789388513.216510773,0.000216058,-0.001059971,-0.000361896,0.999999166,-0.001251573,-0.000295949,-0.000322271
1789388513.249849558,0.000453196,-0.001201367,-0.000723673,0.999999225,-0.000589477,-0.000711461,0.000838708
1789388513.283189774,0.000440020,-0.001051401,-0.000194396,0.999999285,-0.000548209,-0.000523403,0.000897844
1789388513.316529512,0.000464419,-0.001257942,-0.000385842,0.999998629,-0.001518880,-0.000667178,-0.000282817
1789388513.349869728,0.000464927,-0.001296163,-0.000749485,0.999998748,-0.001391941,-0.000803440,-0.000074064
1789388513.383208513,0.000497103,-0.001189705,-0.000802907,0.999999046,-0.000552643,-0.000898747,0.000925031
1789388513.416548491,0.000732065,-0.001031866,-0.000432311,0.999997973,-0.001132910,-0.001687541,-0.000246006
1789388513.449888706,0.000300818,-0.000877809,-0.000120616,0.999998033,-0.000994361,-0.001588283,-0.000655547
1789388513.483228445,0.000284601,-0.001705846,-0.000029313,0.999994695,-0.002744270,-0.001724759,-0.000342217
1789388513.516567707,0.000705288,-0.000536800,-0.000158474,0.999974430,-0.000787494,-0.006940588,-0.001529193
1789388513.549907684,-0.001028246,-0.000556008,0.000209330,0.999866366,-0.000008636,-0.015762400,-0.004337324
1789388513.583247900,-0.001249043,-0.000549895,0.000178005,0.999581099,-0.000537728,-0.027668361,-0.008474753
1789388513.616586924,-0.001797806,-0.000627098,-0.000063813,0.999136388,-0.000554531,-0.039464325,-0.012995275
1789388513.649924040,-0.002289116,-0.000242727,-0.000254372,0.998640895,-0.000081661,-0.049532242,-0.016218370
1789388513.683266401,-0.002437585,-0.000194575,-0.000326071,0.998125494,-0.000425446,-0.058098290,-0.019231576
1789388513.716609001,-0.003302029,-0.000364306,-0.000319094,0.997496605,-0.000535521,-0.066951945,-0.022756491
1789388513.749950409,-0.003524649,-0.000355681,-0.000505508,0.996784210,-0.000652442,-0.075903326,-0.025682928
1789388513.783293247,-0.003583618,-0.000280201,-0.000578411,0.995892584,-0.000655059,-0.085762583,-0.029025383
1789388513.816635847,-0.004423610,-0.000008005,-0.000725993,0.994617760,-0.000614337,-0.098053083,-0.033477735
1789388513.849977493,-0.004497255,-0.000083754,-0.001054975,0.992812693,-0.001011610,-0.113244638,-0.038698114
1789388513.883320093,-0.005552195,-0.000148590,-0.001535209,0.990274131,-0.001423487,-0.131542087,-0.045298368
1789388513.916662931,-0.006403815,0.000304369,-0.001758752,0.987049520,-0.001427926,-0.151542798,-0.052593298
1789388513.950005531,-0.006298916,0.000316481,-0.001961458,0.984069049,-0.001885156,-0.167973280,-0.058219980
1789388513.983347654,-0.006805589,0.000270201,-0.002367996,0.981612146,-0.002269248,-0.180281907,-0.062696993
1789388514.016690493,-0.006790604,-0.000087405,-0.002599857,0.979239643,-0.003123142,-0.191374362,-0.066751853
1789388514.050033331,-0.007126655,0.000365819,-0.002718060,0.977031052,-0.002881013,-0.201183125,-0.070195824
1789388514.083376169,-0.007137661,0.000246631,-0.002924339,0.974563420,-0.003239054,-0.211547449,-0.073914580
1789388514.116718292,-0.007463643,0.000520534,-0.003259824,0.971767366,-0.003010546,-0.222636834,-0.078051277
1789388514.150061369,-0.007645957,0.000362230,-0.003693502,0.968933880,-0.003571458,-0.233333305,-0.081914194
1789388514.183404446,-0.007553795,0.000857613,-0.003580568,0.965671062,-0.003278631,-0.245098025,-0.085997887
1789388514.216746569,-0.007081161,0.000732423,-0.003641865,0.961974382,-0.003600687,-0.257689476,-0.090490766
1789388514.250089884,-0.007652317,0.001042537,-0.004298871,0.958821893,-0.003350449,-0.267819852,-0.094456472
1789388514.283432961,-0.007730550,0.000897716,-0.004685016,0.955663145,-0.003785677,-0.277661830,-0.097967178
1789388514.316776037,-0.007745909,0.001439598,-0.005007408,0.952607810,-0.003477783,-0.286812216,-0.101316184
1789388514.350118399,-0.007138713,0.001170753,-0.004948801,0.950560153,-0.003744419,-0.292809665,-0.103363171
1789388514.383461952,-0.007759091,0.001451644,-0.005363615,0.949452341,-0.003620806,-0.295893937,-0.104757145
1789388514.416805267,-0.008256974,0.001675340,-0.005771287,0.948176563,-0.003548570,-0.299409807,-0.106312424
1789388514.450148582,-0.008402307,0.001725975,-0.006060667,0.947077751,-0.003505921,-0.302501768,-0.107350901
1789388514.483490944,-0.008497951,0.001786593,-0.006002400,0.946832597,-0.003769458,-0.303170085,-0.107618652
1789388514.516834497,-0.008639472,0.001537058,-0.005927698,0.946927249,-0.004692348,-0.302794576,-0.107806303
1789388514.550178051,-0.008559667,0.001721683,-0.005977520,0.946958303,-0.004055234,-0.302588433,-0.108137883
1789388514.583520651,-0.008622232,0.001784245,-0.006128010,0.947009146,-0.002918612,-0.302197605,-0.108820267
1789388514.616864204,-0.008788403,0.001959019,-0.006216984,0.947031319,-0.002940614,-0.301934063,-0.109356515
1789388514.650207996,-0.008707179,0.002012964,-0.006108351,0.947001100,-0.002826325,-0.302041262,-0.109325737
1789388514.683545589,-0.008675607,0.002034607,-0.005930421,0.947493315,-0.002315369,-0.300690293,-0.108795606
1789388514.716882229,-0.008141690,0.001751343,-0.004976273,0.949281394,-0.001738768,-0.295646131,-0.107029192
1789388514.750220299,-0.008203328,0.001366053,-0.004191331,0.951051116,-0.002925538,-0.290486991,-0.105406798
1789388514.783557892,-0.008640150,0.001194302,-0.003827551,0.952425897,-0.003644590,-0.286578387,-0.103655651
1789388514.816895723,-0.009153429,0.001679251,-0.004068455,0.952854335,-0.003088899,-0.285222113,-0.103477135
1789388514.850232363,-0.009114379,0.001524762,-0.004029114,0.952933550,-0.002366759,-0.284905463,-0.103638664
1789388514.883570194,-0.009242003,0.001836084,-0.003892044,0.953361511,-0.001513497,-0.283739984,-0.102913469
1789388514.916908026,-0.009440475,0.001978597,-0.003598069,0.954238713,-0.002458517,-0.281257719,-0.101570822
1789388514.950244665,-0.009502999,0.001206002,-0.002768885,0.954420924,-0.004056171,-0.280618876,-0.101574481
1789388514.983582497,-0.009271742,0.001570522,-0.002715019,0.955329955,-0.002436674,-0.277880996,-0.100602753
1789388515.016920090,-0.008993656,0.001617974,-0.003009809,0.955857575,-0.000119233,-0.276227564,-0.100173794
1789388515.050257921,-0.008812768,0.001229746,-0.003040712,0.955953836,-0.000810989,-0.276283294,-0.099091850
1789388515.083594799,-0.008733384,0.001137415,-0.002894751,0.955912411,-0.001468649,-0.276667058,-0.098410577
1789388515.116932392,-0.008784417,0.000778804,-0.002402601,0.955409408,-0.003256523,-0.278214008,-0.098890349
1789388515.150269985,-0.008947835,0.000194893,-0.002263938,0.954836488,-0.006300538,-0.279884130,-0.099561729
1789388515.183606863,-0.008615173,-0.000807920,-0.001960803,0.954270959,-0.011241641,-0.281753451,-0.099275194
1789388515.216944695,-0.007406246,-0.002169362,-0.001218582,0.952862322,-0.016032502,-0.286841005,-0.097563595
1789388515.250282288,-0.005326543,-0.003117028,-0.000942991,0.951888800,-0.017956818,-0.290754080,-0.095118120
1789388515.283619881,-0.003085582,-0.004341365,-0.001596165,0.951511800,-0.017033927,-0.292958140,-0.092253707
1789388515.316956758,0.000976752,-0.006590783,-0.003124593,0.950523734,-0.015609032,-0.297561914,-0.087851621
1789388515.350294352,0.004083987,-0.009474724,-0.004482310,0.949542701,-0.013259312,-0.302195966,-0.082888350
1789388515.383632183,0.006816194,-0.013178778,-0.006580328,0.948650479,-0.010463539,-0.306291819,-0.078346811
1789388515.416969776,0.009582387,-0.017415435,-0.008435973,0.947570503,-0.008878239,-0.310465604,-0.075116575
1789388515.450306416,0.010577505,-0.020933338,-0.010732840,0.946836233,-0.008773016,-0.313371092,-0.072269335
1789388515.483644247,0.011344839,-0.025676766,-0.011294026,0.946142793,-0.010032375,-0.315888345,-0.070198029
1789388515.516981840,0.013137810,-0.036937148,-0.014405482,0.945887148,-0.013061737,-0.315769613,-0.073596999
1789388515.550318718,0.012661500,-0.042762941,-0.017178914,0.945744336,-0.011374495,-0.315842390,-0.075378731
1789388515.583656311,0.011982388,-0.048251890,-0.020771510,0.945488811,-0.007376033,-0.316054344,-0.078142777
1789388515.616993904,0.010851974,-0.053431742,-0.023859088,0.945000052,-0.002994057,-0.316462368,-0.082569055
1789388515.650331497,0.008667453,-0.057462704,-0.026989624,0.944561124,0.000762661,-0.316227108,-0.088341750
1789388515.683668852,0.005437694,-0.062187555,-0.029377364,0.944205761,0.003012218,-0.315369844,-0.094912887
1789388515.717007399,0.001504015,-0.066996959,-0.031498891,0.944159389,0.002101909,-0.313916743,-0.100074455
1789388515.750345469,-0.002281075,-0.071028520,-0.031852589,0.943447828,-0.000241443,-0.315129161,-0.102954678
1789388515.783683777,-0.005627804,-0.073399850,-0.032287474,0.942452192,-0.002261086,-0.317800790,-0.103833221
1789388515.817021132,-0.009660235,-0.076326399,-0.032502563,0.941623867,-0.003610751,-0.319275171,-0.106747165
1789388515.850359678,-0.014242518,-0.078534877,-0.033055145,0.940617025,-0.004797291,-0.320538282,-0.111677699
1789388515.883697748,-0.018068178,-0.079966907,-0.032401086,0.938645542,-0.006092812,-0.324134439,-0.117662080
1789388515.917035103,-0.023006734,-0.081385375,-0.031220390,0.937775433,-0.009717441,-0.324400753,-0.123478338
1789388515.950373650,-0.028236639,-0.082461273,-0.029922414,0.937896073,-0.012805825,-0.321965665,-0.128550246
1789388515.983711958,-0.033277633,-0.083488851,-0.028662364,0.937483251,-0.014790988,-0.321685851,-0.132002801
1789388516.017050028,-0.038412408,-0.084617598,-0.026695759,0.936683655,-0.017434895,-0.323053330,-0.134001270
1789388516.050387383,-0.042973813,-0.085760931,-0.024699567,0.936287820,-0.019848587,-0.324004024,-0.134136885
1789388516.083725929,-0.047489737,-0.086667448,-0.022225875,0.935440660,-0.022854690,-0.326895773,-0.132542774
1789388516.117064238,-0.052310819,-0.088099487,-0.019837438,0.934652627,-0.027292399,-0.329473674,-0.130868927
1789388516.150402546,-0.055366621,-0.088713570,-0.017327548,0.934290767,-0.028966187,-0.331144124,-0.128861755
1789388516.183739901,-0.059628109,-0.090211660,-0.015149023,0.934110761,-0.031733908,-0.332578331,-0.125784561
1789388516.217078447,-0.064463336,-0.092194938,-0.012251117,0.933681071,-0.034891479,-0.334027499,-0.124289997
1789388516.250416517,-0.066526283,-0.092784508,-0.010145628,0.933870375,-0.035465762,-0.333790064,-0.123338617
1789388516.283753872,-0.070710358,-0.094210732,-0.008390608,0.934505880,-0.034299456,-0.332567155,-0.122153074
1789388516.317092180,-0.074138574,-0.095696066,-0.006904891,0.934771121,-0.032498956,-0.332218736,-0.121562727
1789388516.350430727,-0.077757318,-0.097052611,-0.005503546,0.934644580,-0.031427383,-0.331881166,-0.123720422
1789388516.383769035,-0.081906643,-0.098556307,-0.002628190,0.934202969,-0.031330131,-0.331438929,-0.128185630
1789388516.417106390,-0.086125337,-0.099479150,-0.000396805,0.934246421,-0.032697164,-0.329368919,-0.132780239
1789388516.450444937,-0.090094764,-0.100101446,0.002230984,0.933812320,-0.033575635,-0.329147190,-0.136122808
1789388516.483783245,-0.094178353,-0.100630054,0.004971211,0.933064461,-0.034515735,-0.330651909,-0.137363046
1789388516.517120600,-0.097733933,-0.100752997,0.007818124,0.932250440,-0.036996309,-0.332769066,-0.137131706
1789388516.550458908,-0.101147894,-0.100627877,0.011112585,0.931832731,-0.040483519,-0.334038228,-0.135894716
1789388516.583797455,-0.105083008,-0.100252592,0.015285455,0.931257963,-0.045214407,-0.335438997,-0.134888500
1789388516.617135763,-0.107153653,-0.099642169,0.018476264,0.930756211,-0.049963638,-0.336445898,-0.134166643
1789388516.650473118,-0.109925180,-0.098897320,0.022113793,0.930173218,-0.054662813,-0.337418258,-0.133935928
1789388516.683813095,-0.112446689,-0.097560335,0.025776810,0.929102123,-0.058705471,-0.339392960,-0.134668097
1789388516.717152834,-0.115066470,-0.096612737,0.028397027,0.928497732,-0.062279738,-0.339644879,-0.136581972
1789388516.750492334,-0.117858062,-0.095284838,0.030342421,0.928325951,-0.065063648,-0.338189602,-0.140019625
1789388516.783831358,-0.122086288,-0.093297522,0.032964347,0.928071558,-0.065489858,-0.336199433,-0.146165654
1789388516.817171097,-0.125357452,-0.091915928,0.034011553,0.927561104,-0.066859134,-0.334426343,-0.152706891
1789388516.850511074,-0.129909782,-0.089891342,0.036114199,0.926068246,-0.067875072,-0.335426718,-0.158995613
1789388516.883849859,-0.133349508,-0.088650652,0.037630348,0.924339235,-0.068684816,-0.337084889,-0.165085614
1789388516.917189598,-0.135851383,-0.087290611,0.038922269,0.923532844,-0.068974361,-0.337193757,-0.169203833
1789388516.950529814,-0.139034517,-0.085835636,0.039671667,0.922511637,-0.069729276,-0.338423550,-0.171986982
1789388516.983869553,-0.141444861,-0.084673023,0.040574690,0.920906484,-0.070645548,-0.341264188,-0.174583212
1789388517.017208576,-0.143775726,-0.083182372,0.041435081,0.919656217,-0.071829334,-0.343454927,-0.176385045
1789388517.050548553,-0.145783527,-0.082015084,0.043054884,0.918375969,-0.073441729,-0.345639914,-0.178114757
1789388517.083888769,-0.147538808,-0.081251622,0.044445004,0.918568492,-0.074013874,-0.343794286,-0.180442318
1789388517.117228508,-0.149464521,-0.080547285,0.044883868,0.919704318,-0.073538236,-0.339845717,-0.182321563
1789388517.150567532,-0.151048044,-0.080026401,0.045579513,0.919871926,-0.073922768,-0.338665843,-0.183511361
1789388517.183907747,-0.152162457,-0.079926178,0.046061573,0.919968784,-0.073676713,-0.337828577,-0.184664667
1789388517.217247725,-0.152644227,-0.079785983,0.046507815,0.919861495,-0.071372651,-0.338110685,-0.185585484
1789388517.250586987,-0.152578660,-0.079725469,0.046478612,0.920181572,-0.068615206,-0.337259948,-0.186584160
1789388517.283926964,-0.153184067,-0.079374003,0.046983864,0.920504868,-0.067117952,-0.335755765,-0.188239411
1789388517.317267179,-0.153359968,-0.079367247,0.047281394,0.920334935,-0.067066796,-0.335397422,-0.189721361
1789388517.350607157,-0.154140036,-0.079103894,0.048317894,0.920090318,-0.068588205,-0.335616142,-0.189976886
1789388517.383946419,-0.155101725,-0.078788597,0.048939837,0.919908941,-0.070425972,-0.336313993,-0.188946009
1789388517.417286634,-0.155522986,-0.078595666,0.049603592,0.919334471,-0.071636587,-0.338168204,-0.187974706
1789388517.450626850,-0.156124418,-0.078276741,0.050045134,0.919041097,-0.072726429,-0.338938564,-0.187603325
1789388517.483967066,-0.156483835,-0.077816818,0.050956231,0.918871999,-0.074106894,-0.339325368,-0.187192231
1789388517.517306328,-0.156789062,-0.076933683,0.052008668,0.918259323,-0.075407654,-0.340666085,-0.187243804
1789388517.550646782,-0.156881887,-0.076006686,0.052696704,0.917619586,-0.076471403,-0.341764778,-0.187944725
1789388517.583986998,-0.157022275,-0.075035816,0.053352084,0.916977227,-0.078769743,-0.342629403,-0.188555568
1789388517.617326498,-0.157148110,-0.074433805,0.054276899,0.916174650,-0.081086814,-0.343796760,-0.189348042
1789388517.650666714,-0.157402198,-0.073331832,0.054176308,0.915878713,-0.080661565,-0.344424307,-0.189820230
1789388517.684007406,-0.157190016,-0.073234544,0.054383794,0.915272951,-0.081842057,-0.345704854,-0.189908817
1789388517.717348099,-0.156811156,-0.073139468,0.054572083,0.914937794,-0.082582682,-0.346523017,-0.189712271
1789388517.750687838,-0.156896136,-0.072358386,0.054590549,0.914978862,-0.081992187,-0.346830189,-0.189208493
1789388517.784028530,-0.156765212,-0.072150816,0.055067724,0.914788485,-0.082993500,-0.347237498,-0.188945383
1789388517.817369223,-0.156662985,-0.071733567,0.055030192,0.915221930,-0.083446473,-0.346101522,-0.188730448
1789388517.850708961,-0.156451277,-0.071485736,0.055107601,0.915377140,-0.083413966,-0.345890552,-0.188379005
1789388517.884049892,-0.156115280,-0.071213781,0.055019098,0.915502906,-0.082727045,-0.345791310,-0.188253000
1789388517.917390585,-0.156038997,-0.071428660,0.055236764,0.915317893,-0.082617097,-0.346025705,-0.188769087
1789388517.950731516,-0.156337378,-0.071116077,0.055397769,0.915380716,-0.081628107,-0.345527887,-0.189803779
1789388517.984071255,-0.156751940,-0.071053044,0.055512657,0.915537953,-0.081538111,-0.344200134,-0.191488937
1789388518.017412424,-0.157277489,-0.070909327,0.055356483,0.915730357,-0.080694325,-0.343136013,-0.192831635
1789388518.050753117,-0.157188660,-0.070870943,0.054525876,0.915757596,-0.079377018,-0.343089372,-0.193331078
1789388518.084094048,-0.157036598,-0.071035146,0.054511779,0.915300667,-0.079554923,-0.344233721,-0.193388179
1789388518.117434025,-0.156789356,-0.070716915,0.054275358,0.915547669,-0.080108590,-0.343691528,-0.192954227
1789388518.150775194,-0.156442706,-0.070135584,0.053578336,0.916556597,-0.080402821,-0.340748429,-0.193261400
1789388518.184115887,-0.155385279,-0.069661954,0.052431485,0.918323100,-0.078989193,-0.335872859,-0.193991706
1789388518.217456102,-0.153366635,-0.069770978,0.050563710,0.919640541,-0.078401372,-0.332218498,-0.194281727
1789388518.250797033,-0.151309703,-0.069409959,0.048338516,0.919544935,-0.076807119,-0.331674695,-0.196289793
1789388518.284138203,-0.148553593,-0.069947747,0.045550884,0.919751883,-0.075042114,-0.329565108,-0.199529871
1789388518.317479134,-0.145827705,-0.069675998,0.042094220,0.920880020,-0.071106248,-0.326594442,-0.200648949
1789388518.350819588,-0.142177112,-0.070692818,0.038819401,0.921317458,-0.068710543,-0.326480865,-0.199657813
1789388518.384160757,-0.137463067,-0.072375296,0.035636664,0.921513617,-0.067076951,-0.327134460,-0.198233068
1789388518.417501688,-0.132788720,-0.073779704,0.032918532,0.922447324,-0.065602392,-0.325771421,-0.196622372
1789388518.450843096,-0.127475956,-0.075843909,0.030865070,0.923538625,-0.064877406,-0.323832870,-0.194935173
1789388518.484183073,-0.122250759,-0.077849060,0.028095023,0.925205350,-0.063342132,-0.320480704,-0.193067223
1789388518.517524481,-0.117524189,-0.079148713,0.025654059,0.926700592,-0.061764855,-0.317538112,-0.191260874
1789388518.550865650,-0.111967601,-0.080925473,0.023973318,0.927455485,-0.061589718,-0.317039490,-0.188464940
1789388518.584206104,-0.106059714,-0.082503669,0.021902522,0.928015947,-0.061951548,-0.316769272,-0.186025962
1789388518.617547274,-0.100979438,-0.083107640,0.018286731,0.929207981,-0.061442792,-0.314622134,-0.183875814
1789388518.650888681,-0.095857803,-0.083989498,0.016038185,0.929863930,-0.061403058,-0.314012468,-0.181601271
1789388518.684227467,-0.090149752,-0.085110536,0.014327116,0.930566072,-0.060585707,-0.313516229,-0.179119214
1789388518.717565536,-0.084969096,-0.086014735,0.012424915,0.930965960,-0.059778225,-0.313200504,-0.177860931
1789388518.750904322,-0.080032826,-0.086846593,0.010217034,0.931280136,-0.058666866,-0.311856091,-0.178945318
1789388518.784243107,-0.075993005,-0.087780684,0.008261082,0.931470811,-0.058331907,-0.310248941,-0.180845395
1789388518.817582130,-0.071886906,-0.088945227,0.006927537,0.931633830,-0.058120675,-0.308739334,-0.182648361
1789388518.850919962,-0.067960084,-0.090494089,0.005952380,0.931343138,-0.058126189,-0.307670504,-0.185904041
1789388518.884258747,-0.064097358,-0.091788904,0.003658615,0.930974185,-0.058589142,-0.306907296,-0.188844934
1789388518.917598009,-0.059604453,-0.093958484,0.003264283,0.931461930,-0.058073387,-0.306847692,-0.186683074
1789388518.950935841,-0.054509182,-0.096417591,0.002799377,0.932928205,-0.056908630,-0.304104269,-0.184192926
1789388518.984274626,-0.050097209,-0.099523948,0.002667238,0.933688402,-0.058687426,-0.301780015,-0.183604568
1789388519.017613888,-0.044205380,-0.103441269,0.005152858,0.934700191,-0.062273670,-0.301070601,-0.178365275
1789388519.050952673,-0.038037580,-0.108085446,0.007660171,0.938428521,-0.064462528,-0.295589477,-0.166803658
1789388519.084290504,-0.031114097,-0.112752884,0.010824546,0.942910612,-0.064004816,-0.288234204,-0.154091388
1789388519.117629528,-0.022544736,-0.118099152,0.014099606,0.945800781,-0.061078213,-0.284193754,-0.144790769
1789388519.150968552,-0.015159640,-0.123773131,0.016654197,0.948288083,-0.058345575,-0.280432522,-0.136759833
1789388519.184306622,-0.009465035,-0.128341361,0.019476459,0.950961530,-0.054702494,-0.274924934,-0.130752668
1789388519.217645407,-0.003974453,-0.132976662,0.022533857,0.953404486,-0.051522683,-0.268894583,-0.126731783
1789388519.250984669,0.001240519,-0.137242683,0.025172720,0.955689967,-0.048380978,-0.263260663,-0.122514583
1789388519.284323692,0.005327707,-0.140732507,0.027701726,0.957155347,-0.046492767,-0.260242939,-0.118176512
1789388519.317661524,0.010029860,-0.144777902,0.030819814,0.957818687,-0.046637200,-0.258893073,-0.115683839
1789388519.351000786,0.012966176,-0.146703037,0.033521638,0.959297478,-0.045480199,-0.254461527,-0.113706447
1789388519.384339809,0.017756278,-0.150661086,0.037588499,0.959742546,-0.048432007,-0.253565848,-0.110693716
1789388519.417678595,0.020244958,-0.151966418,0.041888440,0.960138679,-0.049771003,-0.252661884,-0.108713485
1789388519.451016903,0.022917968,-0.152964209,0.045790964,0.961032808,-0.051943965,-0.249466255,-0.107165560
1789388519.484355927,0.025732971,-0.154196843,0.050029570,0.961984575,-0.053956989,-0.245381683,-0.107061170
1789388519.517694950,0.029271752,-0.155373175,0.053520829,0.962706387,-0.054848302,-0.242641717,-0.106363453
1789388519.551033258,0.031979002,-0.156239894,0.057065125,0.963649690,-0.054884557,-0.239508867,-0.104892753
1789388519.584372282,0.034838246,-0.157269034,0.060797196,0.964188516,-0.055131685,-0.237830803,-0.103622325
1789388519.617711544,0.037265348,-0.158281747,0.064599261,0.964508414,-0.054710813,-0.237450317,-0.101723999
1789388519.651050568,0.039661240,-0.159479237,0.068720208,0.964508712,-0.054775570,-0.238906845,-0.098215394
1789388519.684388161,0.039869123,-0.158977034,0.072467306,0.965012968,-0.052645173,-0.238572866,-0.095191844
1789388519.717726707,0.040342735,-0.159530860,0.077076759,0.964995444,-0.052952319,-0.239713937,-0.092288591
1789388519.751065493,0.040408545,-0.160342276,0.082030516,0.964748323,-0.054102845,-0.241098717,-0.090581231
1789388519.784404278,0.038351930,-0.159892222,0.086918870,0.964606881,-0.055480577,-0.241594896,-0.089930162
1789388519.817741871,0.035615932,-0.159658241,0.091790776,0.963892579,-0.059496116,-0.243157417,-0.090806246
1789388519.851080656,0.033170993,-0.159128886,0.096946852,0.962808192,-0.064760625,-0.245229617,-0.093107097
1789388519.884419441,0.029983097,-0.158078735,0.100861196,0.962661982,-0.068415463,-0.244100958,-0.094952360
1789388519.917757034,0.026660436,-0.156729278,0.103964388,0.962286472,-0.070540912,-0.244398758,-0.096426241
1789388519.951095819,0.023942420,-0.155431034,0.106816079,0.961280286,-0.071771815,-0.247666225,-0.097212985
1789388519.984434605,0.021061194,-0.154015106,0.109910689,0.960038006,-0.072120413,-0.252448529,-0.096929856
1789388520.017773151,0.018854266,-0.152592951,0.112232814,0.958255291,-0.072221950,-0.259053379,-0.097067758
1789388520.051110983,0.015593756,-0.151877273,0.113734354,0.957417428,-0.074091084,-0.261358529,-0.097744919
1789388520.084449768,0.011524095,-0.150370423,0.114021220,0.957556009,-0.075254716,-0.260171920,-0.098660402
1789388520.117788553,0.008535823,-0.149659698,0.115892608,0.956808269,-0.077531837,-0.261675835,-0.100162819
1789388520.151127338,0.004749706,-0.148364525,0.117911199,0.956533730,-0.079201914,-0.261073202,-0.103010155
1789388520.184465170,0.000968272,-0.146814349,0.119678657,0.956420362,-0.079805590,-0.260002315,-0.106253847
1789388520.217803955,-0.001967263,-0.145619172,0.121094376,0.957121789,-0.079085641,-0.256970823,-0.107839443
1789388520.251142740,-0.004583768,-0.144368755,0.122400675,0.958576322,-0.076836668,-0.252152205,-0.107920676
1789388520.284480572,-0.007571526,-0.142770763,0.123793143,0.958738685,-0.075689971,-0.252263635,-0.107024774
1789388520.317819357,-0.011094958,-0.141067031,0.125803678,0.957737803,-0.077125557,-0.255937696,-0.106234998
1789388520.351158142,-0.013920527,-0.139558467,0.127968347,0.956959486,-0.080367036,-0.257295936,-0.107557252
1789388520.384497166,-0.016947977,-0.137806562,0.130303071,0.956855655,-0.083972536,-0.254781812,-0.111633725
1789388520.417834997,-0.019490353,-0.135514902,0.132634702,0.957373738,-0.085751459,-0.250619739,-0.115204051
1789388520.451173544,-0.022770804,-0.132643662,0.135056751,0.957874775,-0.087350965,-0.246579424,-0.118508667
1789388520.484512568,-0.024436609,-0.131124697,0.136569553,0.957480729,-0.090496190,-0.245652199,-0.121227577
1789388520.517850399,-0.025685685,-0.129596605,0.138836301,0.956850290,-0.093091518,-0.247374877,-0.120736219
1789388520.551189184,-0.027115614,-0.127823216,0.140706048,0.955764949,-0.096696198,-0.250598848,-0.119847573
1789388520.584527969,-0.028512869,-0.125828580,0.142631320,0.954615176,-0.100662440,-0.253904730,-0.118783057
1789388520.617866993,-0.029606532,-0.123452729,0.144544593,0.953898251,-0.103056423,-0.255497456,-0.119073689
1789388520.651204824,-0.031146996,-0.120937761,0.146616616,0.953043044,-0.106788643,-0.256897211,-0.119620733
1789388520.684543848,-0.032835679,-0.118739798,0.148595951,0.952193141,-0.110447310,-0.257589638,-0.121562153
1789388520.717882872,-0.034436611,-0.116658858,0.150049001,0.951731324,-0.112440810,-0.257465720,-0.123595990
1789388520.751221895,-0.035921414,-0.114357744,0.151716820,0.951065123,-0.114146404,-0.258531719,-0.124928191
1789388520.784559727,-0.037398851,-0.112335893,0.153038189,0.950441241,-0.115772434,-0.259747952,-0.125655547
1789388520.817898989,-0.038640177,-0.110536497,0.153994557,0.950159907,-0.116737001,-0.260133386,-0.126092434
1789388520.851237774,-0.039266866,-0.108733779,0.154600742,0.949906647,-0.116482764,-0.261336058,-0.125747874
1789388520.884575844,-0.039560901,-0.107739553,0.155048388,0.949922144,-0.116226986,-0.261388093,-0.125759289
1789388520.917915106,-0.039626219,-0.106851139,0.154883486,0.951072454,-0.114427075,-0.258171409,-0.125360325
1789388520.951254129,-0.039371269,-0.105606979,0.154630093,0.951913714,-0.112341762,-0.256392270,-0.124510020
1789388520.984592915,-0.039031531,-0.105396543,0.154476611,0.951424718,-0.114087306,-0.257482260,-0.124411136
1789388521.017931223,-0.038369463,-0.105286693,0.154435631,0.951294839,-0.115330532,-0.257057101,-0.125134468
1789388521.051270247,-0.037769532,-0.103663062,0.153944659,0.952319682,-0.113432579,-0.253230393,-0.126865149
1789388521.084609270,-0.036958217,-0.103292025,0.152967038,0.952817023,-0.113612771,-0.250248462,-0.128870055
1789388521.117948532,-0.035683905,-0.102550825,0.151001931,0.953259230,-0.111818783,-0.248115525,-0.131271496
1789388521.151286602,-0.033591846,-0.102846662,0.148676220,0.953566372,-0.109510392,-0.246377110,-0.134227291
1789388521.184625626,-0.030881895,-0.102981540,0.145443439,0.954758763,-0.103664979,-0.244027317,-0.134685025
1789388521.217965126,-0.027661979,-0.104463772,0.141699864,0.955923676,-0.098837271,-0.242954046,-0.131964058
1789388521.251303196,-0.023584102,-0.106081493,0.137404178,0.957250237,-0.092918582,-0.242754117,-0.126919970
1789388521.284642220,-0.019425776,-0.107694755,0.133587821,0.958989203,-0.087158412,-0.241199210,-0.120690793
1789388521.317981482,-0.014150892,-0.106479345,0.129130809,0.962099254,-0.077671140,-0.236564219,-0.111219116
1789388521.351320744,-0.008114079,-0.107093123,0.123983188,0.965368629,-0.071402311,-0.229025632,-0.102530777
1789388521.384659052,-0.002576494,-0.108172382,0.119335309,0.968299568,-0.066738062,-0.220485896,-0.096581191
1789388521.417998314,0.003661289,-0.109087990,0.114628731,0.971080780,-0.062884033,-0.211461022,-0.091279402
1789388521.451337337,0.010172411,-0.109519830,0.108379316,0.973852575,-0.059427101,-0.202416748,-0.084303401
1789388521.484676838,0.017524890,-0.110100619,0.101549269,0.975866735,-0.054968227,-0.196431115,-0.077958353
1789388521.518014908,0.024703650,-0.110306386,0.095248347,0.977498651,-0.050483819,-0.192335397,-0.070391066
1789388521.551354170,0.031465663,-0.110583441,0.088305075,0.978879809,-0.046299092,-0.188324496,-0.064688742
1789388521.584693670,0.038586062,-0.110923171,0.081982564,0.980123639,-0.043584831,-0.184214622,-0.059354827
1789388521.618031740,0.045591470,-0.111457784,0.075293243,0.981735170,-0.042390689,-0.177688017,-0.053161032
1789388521.651371002,0.052456661,-0.111525171,0.067487468,0.983102202,-0.039177947,-0.172656670,-0.046528146
1789388521.684711218,0.057962310,-0.112214622,0.060440577,0.984160006,-0.035937928,-0.168457776,-0.041947000
1789388521.718050957,0.063414353,-0.112818273,0.053534105,0.985567153,-0.032378871,-0.161713496,-0.038181644
1789388521.751389980,0.070158704,-0.113509112,0.046763112,0.986929595,-0.027385544,-0.154943943,-0.034821846
1789388521.784729958,0.075699986,-0.113932865,0.040091668,0.987878561,-0.022726901,-0.150183529,-0.032007523
1789388521.818069935,0.079981555,-0.114838883,0.034111468,0.988537252,-0.020775648,-0.146305099,-0.030942252
1789388521.851408958,0.084219924,-0.114728202,0.028235761,0.989318728,-0.017294107,-0.141476750,-0.030556696
1789388521.884748936,0.088326254,-0.114487374,0.022647951,0.990090191,-0.014098636,-0.136448041,-0.030076409
1789388521.918088913,0.090955027,-0.114147455,0.016844703,0.990708053,-0.012586378,-0.132251993,-0.029129708
1789388521.951428890,0.092008037,-0.114516651,0.012546108,0.990898371,-0.011283988,-0.130511969,-0.030979674
1789388521.984768152,0.095782056,-0.113370742,0.008027265,0.990893483,-0.006389165,-0.130151615,-0.033909012
1789388522.018108130,0.099205313,-0.111548706,0.004436124,0.991306901,-0.002099006,-0.126982287,-0.034377739
1789388522.051448345,0.101966219,-0.110420306,0.001673916,0.991449118,-0.000386175,-0.125718221,-0.034976512
1789388522.084788322,0.103643450,-0.109062068,0.000160739,0.991582811,-0.000507677,-0.124497436,-0.035549283
1789388522.118127346,0.105172362,-0.106895485,-0.000794459,0.991749108,-0.001503238,-0.123058856,-0.035890214
1789388522.151467562,0.106990960,-0.105265345,-0.000267742,0.991727948,-0.003022669,-0.122901194,-0.036905028
1789388522.184807539,0.108697814,-0.104019071,0.000576068,0.992144108,-0.004785940,-0.119506977,-0.036678970
1789388522.218146801,0.110460099,-0.103473027,0.001857775,0.992675960,-0.006279038,-0.115564726,-0.034639765
1789388522.251487017,0.112095549,-0.103909032,0.001975100,0.993542254,-0.007633643,-0.108853579,-0.031087877
1789388522.284827232,0.114938438,-0.104722372,0.003382365,0.994673431,-0.007417120,-0.099118710,-0.027298881
1789388522.318167210,0.117838071,-0.107218516,0.004530295,0.996075034,-0.010083136,-0.084355570,-0.024841661
1789388522.351506710,0.122237446,-0.108940850,0.007069497,0.997178912,-0.016518461,-0.069319911,-0.023581872
1789388522.384846687,0.126600277,-0.110969063,0.010225881,0.997893751,-0.022393400,-0.057175990,-0.020918848
1789388522.418186903,0.131872617,-0.111398358,0.013193276,0.998587132,-0.022114364,-0.045571629,-0.016064009
1789388522.451527119,0.136470566,-0.113982627,0.015647219,0.999195933,-0.022254435,-0.031631239,-0.010568716
1789388522.484866381,0.142101503,-0.115692373,0.018004878,0.999554694,-0.021856083,-0.020136807,-0.002699889
1789388522.518206835,0.149340969,-0.117735309,0.021320409,0.999690533,-0.022048792,-0.009509474,0.006509960
1789388522.551546812,0.154514658,-0.119095261,0.025047661,0.999614477,-0.022162084,0.004025204,0.016237604
1789388522.584886312,0.160858297,-0.120487392,0.029125737,0.999238014,-0.022762472,0.017872509,0.026189342
1789388522.618226528,0.166592385,-0.121195098,0.032884436,0.998630047,-0.022916956,0.030885240,0.035484619
1789388522.651566982,0.173699496,-0.123307660,0.037189404,0.997880757,-0.024088042,0.042087723,0.043387461
1789388522.684906960,0.180520720,-0.124779124,0.042425311,0.996957779,-0.025488969,0.053973638,0.050123081
1789388522.718245983,0.186511966,-0.126058155,0.046928250,0.995906234,-0.026903786,0.065743610,0.055899475
1789388522.751586199,0.191972154,-0.127039110,0.051596782,0.994731545,-0.027848657,0.077415682,0.061160054
1789388522.784926414,0.197286170,-0.128236874,0.054795328,0.993465722,-0.028795736,0.088918433,0.065500431
1789388522.818266630,0.204630512,-0.128745092,0.059907188,0.991830885,-0.029101189,0.101218984,0.071968667
1789388522.851605654,0.210536642,-0.130615954,0.064355242,0.990049303,-0.031471618,0.112680733,0.078198336
1789388522.884945869,0.215858229,-0.130599864,0.068456803,0.988306165,-0.032780480,0.122756176,0.084305637
1789388522.918286085,0.220757304,-0.131173166,0.071034641,0.986633956,-0.034750294,0.131612420,0.089578047
1789388522.951625347,0.225756449,-0.131908172,0.074066623,0.985447764,-0.035381395,0.136989385,0.094206363
1789388522.984965563,0.230035331,-0.132369099,0.077187729,0.984563828,-0.035358589,0.140137717,0.098718166
1789388523.018305779,0.233805574,-0.132979344,0.079610892,0.983657420,-0.036192253,0.143537387,0.102495655
1789388523.051645994,0.239470509,-0.133696757,0.083294110,0.982771337,-0.037003759,0.146070674,0.107026361
1789388523.084985256,0.242660710,-0.133853393,0.086574097,0.981759310,-0.038549770,0.149760678,0.110609196
1789388523.118325472,0.246710995,-0.134137841,0.089113473,0.980694592,-0.041041233,0.153521404,0.113951407
1789388523.151665688,0.250411623,-0.134920831,0.091910238,0.979559302,-0.043626804,0.156901836,0.118076786
1789388523.185005188,0.254198755,-0.135279448,0.094244152,0.978499770,-0.045882069,0.159664139,0.122231409
1789388523.218345404,0.257533068,-0.135609914,0.096381669,0.977114558,-0.048659939,0.163747743,0.126752436
1789388523.251685858,0.261972718,-0.135635752,0.098907615,0.975498497,-0.050932329,0.168851092,0.131521270
1789388523.285026073,0.265363586,-0.136007283,0.101468054,0.973818779,-0.053292416,0.174300253,0.135854363
1789388523.318365335,0.268521756,-0.136191219,0.104171143,0.972076893,-0.055623289,0.179759219,0.140211284
1789388523.351705790,0.272134196,-0.136558406,0.106283947,0.970350087,-0.057794951,0.184540942,0.145000458
1789388523.385046244,0.275891736,-0.137264619,0.108422232,0.968787909,-0.060110044,0.189053789,0.148645774
1789388523.418386459,0.279504365,-0.138037010,0.110933035,0.967174292,-0.062705792,0.193403304,0.152437210
1789388523.451725721,0.282926887,-0.139207558,0.113084338,0.965782762,-0.064703934,0.196516618,0.156391844
1789388523.485066175,0.286101819,-0.140762467,0.115385253,0.964388251,-0.066781908,0.200486347,0.159061611
1789388523.518406630,0.289515022,-0.141283714,0.117348151,0.962630153,-0.067722544,0.205495596,0.162876099
1789388523.551746130,0.292963728,-0.142037986,0.119908884,0.960837603,-0.069339193,0.210386664,0.166495189
1789388523.585086346,0.296380066,-0.142657800,0.121802524,0.959039986,-0.070662692,0.214833051,0.170575529
1789388523.618427038,0.300256900,-0.143081185,0.123698877,0.956960261,-0.071652234,0.220194310,0.174950272
1789388523.651767254,0.302920627,-0.144446679,0.125633098,0.955016971,-0.073960327,0.225850418,0.177381352
1789388523.685103416,0.306153712,-0.145727298,0.128309592,0.953253448,-0.076336071,0.231016472,0.179198727
1789388523.718440771,0.308635849,-0.146232424,0.130710598,0.951506734,-0.078045011,0.236471429,0.180624783
1789388523.751777887,0.310548734,-0.147097640,0.132719483,0.950074375,-0.081067912,0.240716636,0.181224167
1789388523.785114765,0.312187191,-0.147791791,0.135960129,0.948694408,-0.083418347,0.244495735,0.182324499
1789388523.818450928,0.314578344,-0.148511571,0.139150236,0.947539091,-0.086035050,0.247325271,0.183297306
1789388523.851788044,0.316565829,-0.149426727,0.143253826,0.946409285,-0.090237245,0.249660060,0.183947355
1789388523.885124922,0.318113365,-0.150436380,0.147082749,0.945794165,-0.094948314,0.249748558,0.184618428
1789388523.918460846,0.319588930,-0.151409826,0.151583698,0.945345581,-0.098945260,0.248955011,0.185884327
1789388523.951798201,0.321097432,-0.152362283,0.156147995,0.944658756,-0.103605904,0.247750729,0.188428536
1789388523.985135078,0.322552932,-0.152631997,0.159622381,0.944344640,-0.108955279,0.245051458,0.190503776
1789388524.018471956,0.323895448,-0.152836260,0.164008569,0.943632424,-0.115247682,0.243402630,0.192434669
1789388524.051808119,0.325266674,-0.152752321,0.169112884,0.942763686,-0.122363210,0.241394415,0.194814369
1789388524.085144997,0.327827975,-0.151693401,0.171231209,0.942066312,-0.126934990,0.238464639,0.198829442
1789388524.118481874,0.329504627,-0.151059390,0.174717668,0.941081822,-0.131500706,0.237056732,0.202179983
1789388524.151818752,0.330777906,-0.150528700,0.178804716,0.940580070,-0.136400267,0.233606085,0.205261573
1789388524.185154676,0.331511314,-0.149814705,0.183138008,0.940537035,-0.141748071,0.228784040,0.207257167
1789388524.218491554,0.332158617,-0.148989218,0.187599806,0.940272629,-0.147183135,0.225491330,0.208274335
1789388524.251828432,0.332783037,-0.147850975,0.191663551,0.939961374,-0.151949510,0.223640934,0.208251655
1789388524.285164356,0.333102682,-0.146685938,0.195700565,0.939848006,-0.156836867,0.221395016,0.207538426
1789388524.318501234,0.333298511,-0.145862082,0.199946469,0.939740181,-0.162264973,0.219215438,0.206162706
1789388524.351837873,0.334277047,-0.145609245,0.203422054,0.939303458,-0.168346107,0.216697514,0.205938891
1789388524.385174751,0.334948410,-0.144464178,0.207107938,0.939334035,-0.172212452,0.212768868,0.206697598
1789388524.418510437,0.335563934,-0.143667789,0.211226261,0.939447105,-0.176445663,0.207767263,0.207699105
1789388524.451847315,0.336458636,-0.142727878,0.215066394,0.939291179,-0.180257440,0.203331575,0.209513068
1789388524.485184193,0.337632034,-0.141777914,0.218665942,0.938639998,-0.184765086,0.199167699,0.212483034
1789388524.518519878,0.339101795,-0.141047903,0.222675530,0.937400877,-0.191105053,0.194955721,0.216219336
1789388524.551856756,0.340896541,-0.139910901,0.226450821,0.936059654,-0.196936384,0.192583680,0.218906239
1789388524.585193396,0.342998146,-0.138420992,0.228965957,0.934974670,-0.200756848,0.190500230,0.221875697
1789388524.618530035,0.345080737,-0.136760230,0.231781683,0.933789730,-0.204862788,0.187650248,0.225511104
1789388524.651865721,0.346843894,-0.134993644,0.235138248,0.932691932,-0.209162205,0.185939506,0.227515817
1789388524.685202599,0.348578111,-0.133708735,0.238078651,0.931188107,-0.213347986,0.186420694,0.229387477
1789388524.718539476,0.350749311,-0.132441923,0.240998129,0.929443419,-0.217851937,0.186268091,0.232335597
1789388524.751876354,0.352187712,-0.130643853,0.243609549,0.928143740,-0.220885649,0.185895056,0.234950736
1789388524.785212040,0.353792666,-0.128844542,0.246019252,0.926656365,-0.224307626,0.186592817,0.237017423
1789388524.818549156,0.355417980,-0.127371627,0.247749410,0.925065756,-0.227678925,0.187768102,0.239078969
1789388524.851886034,0.356938132,-0.126163873,0.249704358,0.923634231,-0.230450407,0.188838914,0.241106465
1789388524.885221720,0.358112645,-0.125169468,0.251524385,0.922438562,-0.233906612,0.188925013,0.242285579
1789388524.918558598,0.357968365,-0.123296944,0.254107771,0.921417654,-0.235569194,0.192107409,0.242056474
1789388524.951895237,0.359002973,-0.122207622,0.255210332,0.920999527,-0.236710206,0.189864784,0.244293913
1789388524.985232115,0.359658709,-0.120744634,0.256264037,0.921278119,-0.236752957,0.186741367,0.245606259
1789388525.018567801,0.359776321,-0.119367962,0.257656294,0.921321332,-0.237682700,0.184387833,0.246323049
1789388525.051904440,0.359888169,-0.118198844,0.258710356,0.922063589,-0.238122120,0.180383235,0.246086285
1789388525.085241318,0.358525251,-0.117469758,0.260744259,0.922326386,-0.239880562,0.180402488,0.243364587
1789388525.118577957,0.357198341,-0.116472567,0.262115884,0.923342407,-0.240522996,0.181294441,0.238159224
1789388525.151913643,0.355775314,-0.116226229,0.263496047,0.924558342,-0.241343692,0.183061153,0.231157497
1789388525.185250282,0.354626586,-0.115748444,0.264583635,0.925810754,-0.241129428,0.183054507,0.226322874
1789388525.218586922,0.353470708,-0.114711818,0.265903605,0.926142991,-0.242375150,0.182275712,0.224252358
1789388525.251922607,0.353438950,-0.113254361,0.266826027,0.925761342,-0.243693218,0.178966299,0.227047652
1789388525.285259008,0.353154765,-0.111618122,0.268078064,0.925046027,-0.245358706,0.177095503,0.229621768
1789388525.318595648,0.352897585,-0.109742875,0.268961199,0.924624443,-0.246388450,0.174263805,0.232367307
1789388525.351932287,0.352685519,-0.109195800,0.270928135,0.923407972,-0.251508713,0.172009394,0.233396202
1789388525.385267735,0.351862831,-0.107917137,0.272080038,0.923531890,-0.252262175,0.171259120,0.232643232
1789388525.418604136,0.352294450,-0.108011949,0.273664865,0.922878027,-0.257251650,0.167750195,0.232330993
1789388525.451941013,0.352718456,-0.107346685,0.273934937,0.923377097,-0.257171154,0.163045153,0.233782023
1789388525.485277414,0.352774295,-0.106602425,0.274442819,0.923326075,-0.257682681,0.161255568,0.234660015
1789388525.518612862,0.352177406,-0.105439133,0.275153302,0.922877610,-0.258534908,0.160935178,0.235704452
1789388525.551949263,0.351798851,-0.104365605,0.275845403,0.922475517,-0.260083705,0.158518687,0.237207130
1789388525.585285664,0.351475000,-0.103265052,0.276684202,0.922258496,-0.261197269,0.154556915,0.239431694
1789388525.618621111,0.351091649,-0.102171555,0.277329485,0.922315955,-0.262646943,0.149510041,0.240824893
1789388525.651957512,0.350715638,-0.101506038,0.277770275,0.922434747,-0.264086783,0.146629781,0.240566298
1789388525.685295105,0.349902961,-0.100598517,0.278015866,0.922879338,-0.263563246,0.146879703,0.239279270
1789388525.718632698,0.349333897,-0.100328602,0.278299062,0.922613204,-0.265183240,0.148486286,0.237517506
1789388525.751969337,0.348896158,-0.100122446,0.278413077,0.922341108,-0.266669184,0.150327757,0.235745475
1789388525.785306931,0.348253314,-0.099780055,0.278130575,0.922862113,-0.265907466,0.151177526,0.234017596
1789388525.818644285,0.348117384,-0.100111341,0.277405012,0.923283279,-0.265277237,0.148838758,0.234570071
1789388525.851980686,0.347871435,-0.100689964,0.276268630,0.924377620,-0.263414532,0.145254016,0.234606311
1789388525.885318279,0.347709615,-0.101431984,0.274680291,0.925220370,-0.260789841,0.145072311,0.234328926
1789388525.918655872,0.347687615,-0.102078151,0.272238683,0.925275445,-0.257218659,0.150296211,0.234765708
1789388525.951993227,0.347645888,-0.104042911,0.270180636,0.924643695,-0.256163299,0.156626821,0.234269992
1789388525.985329628,0.347685912,-0.105475634,0.267566502,0.925129712,-0.254063576,0.160348937,0.232109606
1789388526.018666983,0.347715483,-0.106460385,0.264011269,0.926253855,-0.250538617,0.163546652,0.229208753
1789388526.052004337,0.347836459,-0.108098180,0.260556716,0.927119315,-0.247155353,0.167775601,0.226308122
1789388526.085341692,0.347683283,-0.109278035,0.256836655,0.928273380,-0.243426681,0.174598098,0.220380381
1789388526.118678331,0.346880175,-0.112290326,0.253437206,0.928272665,-0.239083856,0.189088687,0.213059232
1789388526.152015686,0.348530179,-0.111021549,0.246406893,0.929090738,-0.230156675,0.204928741,0.204505935
1789388526.185353041,0.348979003,-0.112695992,0.241166974,0.928793430,-0.223998278,0.218840569,0.198182434
1789388526.218689203,0.349720803,-0.113729075,0.235071240,0.930347741,-0.212991953,0.225774437,0.195226699
1789388526.252026558,0.350412903,-0.114736541,0.229331094,0.932733119,-0.200798169,0.229731798,0.192125887
1789388526.285363913,0.350636958,-0.115772368,0.224138244,0.934505165,-0.190646589,0.234202132,0.188423589
1789388526.318701267,0.350538212,-0.117884741,0.219539318,0.934858978,-0.184835508,0.240872279,0.183997899
1789388526.352037668,0.350725019,-0.119026391,0.214584193,0.935560286,-0.177415520,0.246438757,0.180329442
1789388526.385374784,0.351056694,-0.119978784,0.210001966,0.935969293,-0.170594037,0.250761539,0.178823575
1789388526.418711901,0.351806465,-0.120717419,0.205095783,0.935862541,-0.164456412,0.254288137,0.180147052
1789388526.452049255,0.352332581,-0.121220936,0.201281141,0.935038507,-0.159391627,0.259337395,0.181772977
1789388526.485385418,0.353146352,-0.121875379,0.197430197,0.933876693,-0.155397132,0.264904618,0.183170781
1789388526.518722773,0.354417149,-0.123343825,0.193632780,0.932052016,-0.153659165,0.271142483,0.184796110
1789388526.552059889,0.355013744,-0.124281706,0.190614453,0.931070387,-0.151086524,0.275238633,0.185807526
1789388526.585396051,0.356077670,-0.125215318,0.187298901,0.930787265,-0.148216173,0.277336568,0.186417758
1789388526.618733168,0.357082370,-0.126377579,0.183936868,0.930467010,-0.144791305,0.280228436,0.186383456
1789388526.652070284,0.357819458,-0.127367567,0.181041178,0.929576278,-0.141377896,0.284701437,0.186669111
1789388526.685408115,0.358292301,-0.128761433,0.178413226,0.928112149,-0.138741344,0.290357053,0.187220663
1789388526.718744755,0.359427105,-0.129556318,0.175376475,0.926713288,-0.135153264,0.295198292,0.189193323
1789388526.752082825,0.361435201,-0.130901737,0.172066685,0.925041974,-0.132935643,0.299356610,0.192382470
1789388526.785420418,0.362588219,-0.132193703,0.169498338,0.923048496,-0.130456343,0.303937614,0.196429312
1789388526.818758011,0.364852611,-0.133367963,0.166788771,0.921383858,-0.127906442,0.305947721,0.202701047
1789388526.852094650,0.366783940,-0.134155896,0.164573489,0.918884695,-0.125519887,0.310653269,0.208303392
1789388526.885432482,0.368635179,-0.135175014,0.162475176,0.915112615,-0.123096041,0.319167405,0.213420957
1789388526.918770075,0.371101647,-0.136238057,0.160581726,0.911469758,-0.121566415,0.326315135,0.219004482
1789388526.952106714,0.373388165,-0.137392778,0.159275153,0.908487499,-0.121490352,0.331195742,0.224053562
1789388526.985444307,0.376166202,-0.138563947,0.158449667,0.905418634,-0.122422770,0.335775644,0.229095146
1789388527.018781900,0.377827017,-0.139184812,0.158336125,0.901594877,-0.123145550,0.342021435,0.234484956
1789388527.052119732,0.379731635,-0.139793153,0.158851768,0.898090720,-0.125305146,0.347255498,0.239050940
1789388527.085456371,0.381802028,-0.140364120,0.159352877,0.894377887,-0.128403097,0.353382200,0.242326051
1789388527.118793964,0.384126740,-0.141051657,0.160229144,0.889982820,-0.132511437,0.361273497,0.244648308
1789388527.152131319,0.385870758,-0.141432758,0.161158823,0.886757076,-0.134638682,0.366951674,0.246740639
1789388527.185467958,0.387733439,-0.141966372,0.162092383,0.885023594,-0.135902956,0.369610935,0.248297289
1789388527.218805552,0.389990891,-0.142458752,0.163395622,0.882981896,-0.138287887,0.371914446,0.250797004
1789388527.252143145,0.391519078,-0.142447679,0.164664999,0.881924272,-0.139696985,0.372792006,0.252429247
1789388527.285480738,0.393642219,-0.142843523,0.166169673,0.881294489,-0.141397700,0.372943759,0.253455490
1789388527.318817139,0.395371262,-0.143350248,0.168237868,0.879769027,-0.143195793,0.375908822,0.253365517
1789388527.352154493,0.397480564,-0.143598078,0.170267069,0.878303051,-0.144468352,0.378640085,0.253661871
1789388527.385492086,0.399655318,-0.144168940,0.172062626,0.877557993,-0.145857856,0.378674269,0.255388528
1789388527.418829679,0.402155774,-0.144734513,0.174067410,0.876672566,-0.146770060,0.379391313,0.256838620
1789388527.452166080,0.404538408,-0.145021631,0.175640668,0.875358284,-0.147903994,0.381830990,0.257055283
1789388527.485503435,0.407190758,-0.145437414,0.177296615,0.873962879,-0.148829326,0.384539098,0.257232130
1789388527.518840790,0.409731427,-0.145632202,0.178755606,0.873240590,-0.148880050,0.386567384,0.256615013
1789388527.552177191,0.412492553,-0.146008749,0.180395411,0.872175336,-0.149632245,0.388367981,0.257081091
1789388527.585514545,0.415720675,-0.146048447,0.182244631,0.870781898,-0.150305063,0.389998645,0.258936793
1789388527.618852139,0.419055724,-0.146162272,0.184326823,0.869926214,-0.151327580,0.390238106,0.260849893
1789388527.652189493,0.421767804,-0.145893840,0.185799885,0.869262457,-0.152919278,0.389782339,0.262808323
1789388527.685526133,0.425607159,-0.146180076,0.188334371,0.867411196,-0.155834079,0.391672969,0.264397293
1789388527.718863726,0.429495140,-0.146506535,0.190995953,0.865425885,-0.158509836,0.394240737,0.265493810
1789388527.752201557,0.432761246,-0.145918994,0.192420010,0.863822162,-0.160194278,0.395799279,0.267380059
1789388527.785539389,0.436794053,-0.145348027,0.194445479,0.861249149,-0.162360147,0.397767395,0.271422625
1789388527.818876028,0.441220580,-0.145088923,0.196811077,0.858902514,-0.164041936,0.398552746,0.276645124
1789388527.852213621,0.444968571,-0.144319950,0.198695715,0.856658936,-0.166162834,0.399105906,0.281495631
1789388527.885551214,0.448869424,-0.143727047,0.200595643,0.853504419,-0.169886470,0.400874972,0.286300778
1789388527.918887615,0.452787523,-0.143388368,0.201963356,0.850230634,-0.171969786,0.403693676,0.290801972
1789388527.952225447,0.456300881,-0.143439718,0.203551695,0.847494543,-0.173391089,0.406655550,0.293802291
1789388527.985563040,0.459269888,-0.143111492,0.204699287,0.844984770,-0.174453259,0.409414411,0.296558231
1789388528.018900633,0.463576785,-0.142873693,0.206961134,0.842302084,-0.176255360,0.412252575,0.299180984
1789388528.052237272,0.466337112,-0.142593799,0.208379640,0.840771377,-0.177994236,0.413132310,0.301236421
1789388528.085574865,0.469911211,-0.142377411,0.210494389,0.838953257,-0.181236938,0.413807124,0.303437263
1789388528.118912697,0.473496120,-0.141416941,0.212763661,0.836307824,-0.184326604,0.415077358,0.307121843
1789388528.152250290,0.476829739,-0.140899164,0.214751229,0.833624363,-0.187285557,0.416201234,0.311080545
1789388528.185586929,0.480378305,-0.140022308,0.216339547,0.831125557,-0.190095112,0.417017519,0.314945251
1789388528.218924522,0.484311631,-0.139352133,0.217810716,0.828608572,-0.193049863,0.417581767,0.319006473
1789388528.252261877,0.487234368,-0.138696785,0.218973851,0.827233434,-0.194848925,0.417116046,0.322076082
1789388528.285598516,0.490554357,-0.137940526,0.220753434,0.825404704,-0.197794154,0.416687429,0.325509250
1789388528.318936348,0.493753161,-0.136827416,0.222311171,0.824087799,-0.200654536,0.413758874,0.330788136
1789388528.352273941,0.496365633,-0.136162668,0.223975078,0.822911680,-0.203529075,0.410335571,0.336180240
1789388528.385611534,0.498599992,-0.135116293,0.225556708,0.821995974,-0.205378413,0.407916665,0.340215057
1789388528.418947935,0.499860525,-0.133797017,0.227077092,0.821300447,-0.207028449,0.407430172,0.341475457
1789388528.452285528,0.501139147,-0.132690490,0.228714772,0.820378125,-0.208960012,0.407895207,0.341960281
1789388528.485623360,0.502290061,-0.132065597,0.230239405,0.820384920,-0.210959524,0.407037407,0.341738731
1789388528.518959761,0.503427011,-0.131791192,0.232337728,0.820442200,-0.213924527,0.405899733,0.341110200
1789388528.552297354,0.504372442,-0.131749864,0.234883823,0.819633543,-0.218617901,0.405153632,0.340965748
1789388528.585634947,0.505163415,-0.131153564,0.237399001,0.820632458,-0.221348852,0.401982486,0.340554357
1789388528.618972540,0.505831729,-0.130790099,0.240101449,0.822008789,-0.223890185,0.400061429,0.337824911
1789388528.652309179,0.506523977,-0.130211361,0.242022704,0.821984529,-0.226379991,0.400532693,0.335659176
1789388528.685646534,0.507303760,-0.129100628,0.243261679,0.822362185,-0.227435812,0.400264114,0.334338397
1789388528.718983889,0.508438102,-0.127913622,0.244797501,0.823376238,-0.228811190,0.398895383,0.332535058
1789388528.752321482,0.509288427,-0.126443588,0.246185068,0.823274672,-0.230770364,0.398646384,0.331730247
1789388528.785657883,0.509839634,-0.125153441,0.247898968,0.822416723,-0.233948365,0.398365051,0.331970334
1789388528.818995476,0.510516445,-0.123704619,0.249356530,0.822236955,-0.236720830,0.396028101,0.333243608
1789388528.852332830,0.511299635,-0.122202585,0.249669655,0.822166979,-0.238953844,0.393198699,0.335167825
1789388528.885669231,0.511387928,-0.120689699,0.251035959,0.821187079,-0.242229030,0.392328203,0.336237103
1789388528.919006586,0.511721790,-0.118726559,0.252350208,0.821277440,-0.245368898,0.388650715,0.338006228
1789388528.952343702,0.511202762,-0.117333281,0.253593664,0.820873141,-0.249417678,0.386517584,0.338470638
1789388528.985681057,0.512298447,-0.116004268,0.254535436,0.819960237,-0.254566222,0.382566512,0.341327071
1789388529.019017696,0.511561442,-0.114420587,0.255690914,0.819932282,-0.256495416,0.381762981,0.340849429
1789388529.052355051,0.511065171,-0.113448203,0.256904715,0.819491744,-0.258610278,0.381990731,0.340054661
1789388529.085692406,0.510658453,-0.112385991,0.257680355,0.818842232,-0.259882212,0.383510709,0.338936836
1789388529.119029760,0.510503784,-0.111513035,0.258027699,0.818663180,-0.260447651,0.384024382,0.338353276
1789388529.152366161,0.510522418,-0.110915389,0.258350814,0.818604231,-0.260821640,0.383803993,0.338457823
1789388529.185703278,0.510646128,-0.110277635,0.258482769,0.818387985,-0.261030495,0.383839607,0.338779390
1789388529.219040871,0.510618534,-0.109774202,0.258581030,0.818160057,-0.260867536,0.383974582,0.339301914
1789388529.252377272,0.510380325,-0.109234478,0.258604124,0.818388104,-0.260279924,0.383653492,0.339566499
1789388529.285714388,0.510550937,-0.108723589,0.258475134,0.817993164,-0.260481060,0.383434683,0.340609223
1789388529.319051743,0.510624255,-0.108121915,0.258126718,0.817487001,-0.260511309,0.384184420,0.340956420
1789388529.352389097,0.510381167,-0.107655099,0.257736426,0.817206025,-0.260559320,0.386224091,0.339284807
1789388529.385725260,0.510096730,-0.107596714,0.257518682,0.816201568,-0.261319160,0.389047384,0.337889791
1789388529.419062853,0.509948959,-0.107571444,0.256992082,0.815956414,-0.260789514,0.389350027,0.338541716
1789388529.452400208,0.509267268,-0.107447934,0.256332980,0.816630304,-0.258803129,0.389237195,0.338571101
1789388529.485737324,0.508871782,-0.107473025,0.255327291,0.817112744,-0.256949216,0.388593078,0.339557648
1789388529.519073725,0.508212008,-0.107801713,0.254276868,0.817802131,-0.254757941,0.388319403,0.339861989
1789388529.552410841,0.507657393,-0.108459911,0.253198156,0.818595886,-0.253230304,0.387648582,0.339858323
1789388529.585748196,0.507014276,-0.109119264,0.251800914,0.819111586,-0.251545161,0.387400448,0.340150237
1789388529.619084358,0.506598767,-0.110246865,0.250402600,0.819892347,-0.250236779,0.385411710,0.341490716
1789388529.652421713,0.505172375,-0.111119516,0.248863308,0.820880890,-0.246747062,0.385978311,0.341015071
1789388529.685761213,0.503794650,-0.112676064,0.247000564,0.821891427,-0.244995996,0.388495356,0.336961269
1789388529.719100714,0.501817850,-0.114765660,0.245342883,0.823372245,-0.242212310,0.391772956,0.331519693
1789388529.752439260,0.499059626,-0.116580019,0.243262310,0.826442838,-0.236034125,0.392305344,0.327683866
1789388529.785778761,0.496348219,-0.118260773,0.241073318,0.830474615,-0.229585424,0.391413897,0.323106140
1789388529.819118500,0.493237666,-0.119824062,0.238809998,0.833056867,-0.222483680,0.392954588,0.319537222
1789388529.852457047,0.489291721,-0.122270403,0.236702042,0.835417390,-0.219010875,0.393470734,0.315107614
1789388529.885796547,0.486237660,-0.124253418,0.233828815,0.838926136,-0.213445842,0.391067892,0.312585801
1789388529.919136286,0.482827022,-0.126021654,0.230719797,0.842083633,-0.207513690,0.388516128,0.311269313
1789388529.952475786,0.479508841,-0.127546992,0.227525326,0.844556093,-0.201890841,0.386307091,0.311017513
1789388529.985814571,0.476217118,-0.128452978,0.224062824,0.847199261,-0.195492536,0.384467304,0.310194910
1789388530.019154072,0.473205710,-0.129664276,0.221051815,0.848908901,-0.190342203,0.383304298,0.310163647
1789388530.052493811,0.470583816,-0.130337511,0.217633543,0.851898491,-0.185392186,0.379898787,0.309152901
1789388530.085833549,0.467611822,-0.131196175,0.214222106,0.854227901,-0.179974332,0.377877563,0.308403134
1789388530.119172096,0.464475483,-0.132397903,0.210987064,0.856468260,-0.175763547,0.376155317,0.306719154
1789388530.152512074,0.461006545,-0.132986158,0.207781404,0.858976424,-0.171591938,0.374265045,0.304370463
1789388530.185851574,0.457031996,-0.133701173,0.204684375,0.861656427,-0.168079853,0.371672481,0.301922202
1789388530.219190359,0.452801151,-0.134341094,0.201865558,0.864613652,-0.163676277,0.369634926,0.298367977
1789388530.252530336,0.448133261,-0.134959110,0.199131078,0.868029773,-0.159605742,0.367169440,0.293661356
1789388530.285869837,0.443442908,-0.134618706,0.196833519,0.871723473,-0.155990362,0.363485813,0.289211601
1789388530.319209814,0.438697746,-0.134257081,0.194936030,0.875095785,-0.153206825,0.359262437,0.285771877
1789388530.352548599,0.433104152,-0.133513652,0.193049457,0.878718078,-0.150700927,0.354794800,0.281539679
1789388530.385888338,0.427498990,-0.132688976,0.191317133,0.882301211,-0.149384648,0.350134254,0.276830137
1789388530.419228315,0.421478403,-0.131931801,0.189735609,0.885892153,-0.148065835,0.345963985,0.271257639
1789388530.452568054,0.414984470,-0.131048456,0.187861781,0.889602721,-0.145201281,0.342747062,0.264666259
1789388530.485907078,0.409537301,-0.130713711,0.186666089,0.893811941,-0.143384278,0.338222980,0.257189602
1789388530.519246817,0.403373739,-0.130527167,0.184942451,0.898111641,-0.140142545,0.333079845,0.250625908
1789388530.552587032,0.397179890,-0.130219468,0.183453510,0.901677787,-0.138329580,0.328448772,0.244874626
1789388530.585925817,0.391117787,-0.130283869,0.181857031,0.905172825,-0.137266040,0.322436243,0.240530804
1789388530.619265556,0.384762791,-0.130273721,0.179914513,0.908599377,-0.134604186,0.315903068,0.237769231
1789388530.652605772,0.378309786,-0.130695055,0.177539703,0.912088811,-0.131336510,0.309583366,0.234526843
1789388530.685943604,0.372579652,-0.131413204,0.174793204,0.916387320,-0.127573907,0.302905798,0.228489205
1789388530.719280481,0.366471026,-0.132133720,0.171729542,0.920136929,-0.122138657,0.297875613,0.222935706
1789388530.752618074,0.360241549,-0.133235524,0.169076152,0.923817754,-0.117175840,0.292839170,0.216969654
1789388530.785956144,0.354056408,-0.134219792,0.166523095,0.927731454,-0.114349060,0.286329895,0.210366085
1789388530.819293976,0.347993295,-0.135199464,0.164329896,0.930803239,-0.114155360,0.280685574,0.204424784
1789388530.852630854,0.342493798,-0.136400834,0.161823404,0.933544517,-0.112672292,0.275384039,0.199908048
1789388530.885968685,0.336862199,-0.137493995,0.158478512,0.936689794,-0.107812494,0.269146740,0.196338400
1789388530.919306755,0.330915267,-0.138056896,0.155319302,0.939982414,-0.102706589,0.262788147,0.191903219
1789388530.952643394,0.324991932,-0.138910281,0.152108258,0.943255067,-0.098230660,0.256788254,0.186227143
1789388530.985981226,0.319052403,-0.139632216,0.149078405,0.946423531,-0.093328871,0.251965463,0.179124847
1789388531.019319057,0.313722929,-0.140432853,0.145208922,0.949881434,-0.088661186,0.244856700,0.172944397
1789388531.052656889,0.308016056,-0.140729362,0.141989696,0.953146577,-0.083097830,0.237498909,0.167930380
1789388531.085993767,0.302361890,-0.140742571,0.138350367,0.956117153,-0.078896254,0.229538321,0.164096206
1789388531.119331598,0.296438072,-0.140281980,0.135476287,0.959011316,-0.075806096,0.221216694,0.160043880
1789388531.152669430,0.290950521,-0.139942670,0.132874688,0.961999476,-0.073161013,0.212776855,0.154694825
1789388531.186006069,0.284705313,-0.139451362,0.130623041,0.964405358,-0.071532592,0.206957087,0.148237064
1789388531.219343901,0.278404012,-0.138839214,0.128385381,0.966279745,-0.070733793,0.202948317,0.141817614
1789388531.252681971,0.272416951,-0.138178419,0.125537171,0.968645692,-0.069390468,0.196520716,0.135240868
1789388531.286019564,0.265860594,-0.136713581,0.122826416,0.971208930,-0.066636048,0.188537061,0.129486382
1789388531.319356441,0.261181809,-0.136166422,0.120337233,0.973771274,-0.065432578,0.178679734,0.124746457
1789388531.352694035,0.255089609,-0.134653209,0.118399426,0.976057529,-0.063211508,0.169833526,0.120302245
1789388531.386031866,0.249613289,-0.133336163,0.115870830,0.977956593,-0.062509984,0.162119120,0.115805924
1789388531.419369698,0.244828839,-0.132136801,0.113353590,0.979466677,-0.062825844,0.155329362,0.112119578
1789388531.452706575,0.240957116,-0.130255065,0.110794466,0.981099486,-0.060996760,0.147196665,0.109802023
1789388531.486044168,0.235865914,-0.129165953,0.107784204,0.982865691,-0.059764896,0.138562396,0.105847515
1789388531.519382000,0.231313847,-0.127939965,0.105381989,0.984205306,-0.058704223,0.130278841,0.104504429
1789388531.552718639,0.227472746,-0.127056220,0.102517921,0.985691607,-0.057581250,0.121232368,0.101976626
1789388531.586056471,0.222830326,-0.124872243,0.099690322,0.987042546,-0.055840041,0.114358455,0.097729847
1789388531.619394302,0.218667624,-0.122927832,0.097376999,0.987991214,-0.055233974,0.109417677,0.094076715
1789388531.652731895,0.214503830,-0.121560109,0.094889288,0.989039719,-0.055031382,0.104103483,0.089075834
1789388531.686068296,0.210014795,-0.120068181,0.092005703,0.990104556,-0.054822206,0.097564511,0.084667839
1789388531.719405413,0.206018479,-0.118418092,0.089950705,0.990986824,-0.054686617,0.090702549,0.082022227
1789388531.752743006,0.202769640,-0.117131647,0.086978165,0.991890669,-0.054062907,0.083431482,0.079178944
1789388531.786080360,0.198878989,-0.115151219,0.084000692,0.992906451,-0.051888518,0.076374196,0.074909136
1789388531.819416523,0.196005740,-0.113192474,0.081395607,0.993760049,-0.050159674,0.069506191,0.071372293
1789388531.852753878,0.191860663,-0.111199721,0.077695516,0.994530737,-0.048587073,0.062717542,0.067929678
1789388531.886090994,0.188511166,-0.109970546,0.074390490,0.995177805,-0.046332590,0.056327838,0.065587685
1789388531.919427395,0.185505941,-0.109163768,0.070026365,0.995714605,-0.045266446,0.051210757,0.062297106
1789388531.952764750,0.182764017,-0.107765538,0.066287065,0.996308267,-0.044137221,0.046327822,0.057233360
1789388531.986102104,0.179745184,-0.106113441,0.062733010,0.996853352,-0.042722728,0.042118315,0.051810537
1789388532.019439220,0.177521363,-0.104014655,0.059005877,0.997274041,-0.040326919,0.036768939,0.049662326
1789388532.052775383,0.174702766,-0.101952769,0.054916782,0.997694731,-0.038111653,0.028252698,0.048523623
1789388532.086112738,0.172969128,-0.099467277,0.051480233,0.998150051,-0.035017624,0.018326547,0.046200696
1789388532.119449854,0.170153654,-0.097439338,0.047326186,0.998489618,-0.033090595,0.012808709,0.041946780
1789388532.152787209,0.168291057,-0.095633118,0.043727454,0.998756289,-0.031711724,0.005992538,0.038004596
1789388532.186123371,0.165126968,-0.093105836,0.040655568,0.999002159,-0.030299753,-0.002929920,0.032683108
1789388532.219460726,0.162656703,-0.090871687,0.037310897,0.999167979,-0.029244548,-0.011226038,0.026115987
1789388532.252797842,0.160150579,-0.088416639,0.033958492,0.999310076,-0.027118413,-0.018205985,0.017676968
1789388532.286134005,0.156707437,-0.084738622,0.030380479,0.999390721,-0.023013189,-0.024923827,0.008212370
1789388532.319471121,0.154105196,-0.082104034,0.026606549,0.999310851,-0.018600831,-0.032098580,-0.001235419
1789388532.352808237,0.150611587,-0.079502809,0.022684655,0.999155223,-0.013782371,-0.037941180,-0.007713372
1789388532.386145592,0.147653064,-0.077532397,0.018660733,0.998746455,-0.009459209,-0.047098108,-0.014066899
1789388532.419481754,0.145073580,-0.075401731,0.014960107,0.998126924,-0.005440291,-0.057070360,-0.021355320
1789388532.452818871,0.142341636,-0.073328762,0.011322641,0.997605979,-0.002297420,-0.062883019,-0.028683100
1789388532.486155987,0.139268446,-0.071578198,0.007613284,0.997206569,0.000156106,-0.066033281,-0.034910459
1789388532.519492149,0.136704915,-0.069040599,0.004723413,0.996881962,0.003034803,-0.067973383,-0.039959271
1789388532.552829266,0.134609568,-0.067138615,0.001802811,0.996645629,0.003618241,-0.068726823,-0.044282921
1789388532.586166620,0.132519731,-0.064506078,-0.001596192,0.996407926,0.003966871,-0.070194006,-0.047205791
1789388532.619503498,0.130597435,-0.062091712,-0.004497398,0.996159852,0.002947872,-0.072397128,-0.049148787
1789388532.652839661,0.128644874,-0.059917379,-0.007155618,0.995844901,0.000752495,-0.075343184,-0.051145602
1789388532.686177492,0.127500910,-0.057644126,-0.009609652,0.995489001,-0.000695410,-0.079485215,-0.051802076
1789388532.719515085,0.126368735,-0.054562156,-0.012084757,0.995206773,-0.000092175,-0.083024621,-0.051677186
1789388532.752852678,0.125626620,-0.052279650,-0.014504757,0.994966626,-0.001677513,-0.086074829,-0.051281236
1789388532.786189556,0.124703525,-0.049606978,-0.016254028,0.994794488,-0.004402834,-0.088803694,-0.049784072
1789388532.819527388,0.125488303,-0.047851598,-0.018055564,0.994406462,-0.006986571,-0.093314350,-0.048985086
1789388532.852864981,0.125694438,-0.046733809,-0.020067592,0.994222105,-0.010048372,-0.094762720,-0.049411155
1789388532.886201620,0.126498177,-0.043972283,-0.022054364,0.994120538,-0.011129189,-0.095720522,-0.049377751
1789388532.919539213,0.127225906,-0.042676413,-0.024370698,0.993924797,-0.011589831,-0.098202005,-0.048328795
1789388532.952877283,0.127724996,-0.040466209,-0.026867144,0.993723273,-0.009563401,-0.101635173,-0.045748025
1789388532.986214876,0.128279400,-0.039141578,-0.029675993,0.993498325,-0.007746012,-0.104751565,-0.043912161
1789388533.019551516,0.128843501,-0.038264064,-0.031577737,0.993364453,-0.007053624,-0.106466621,-0.042920738
1789388533.052889109,0.128990062,-0.037580210,-0.033084864,0.993274510,-0.007163970,-0.107390210,-0.042684216
1789388533.086226702,0.128825876,-0.036830850,-0.033966442,0.993139863,-0.008032585,-0.108333617,-0.043271929
1789388533.119564772,0.128690524,-0.036669329,-0.034278576,0.992971420,-0.010110269,-0.108907245,-0.045218538
1789388533.152901411,0.127806748,-0.035831045,-0.034760186,0.992836833,-0.010791840,-0.108939014,-0.047862034
1789388533.186239004,0.127155659,-0.035411382,-0.034724513,0.992754102,-0.010180985,-0.108555429,-0.050511334
1789388533.219576597,0.126631836,-0.035533229,-0.034841861,0.992654502,-0.009404082,-0.108825512,-0.052016988
1789388533.252913237,0.126030341,-0.035370977,-0.034695615,0.992551088,-0.008294265,-0.109450042,-0.052860092
1789388533.286251068,0.125644981,-0.035812439,-0.034211460,0.992672503,-0.008153181,-0.108476356,-0.052609444
1789388533.319588661,0.124940923,-0.036177695,-0.033124501,0.993164062,-0.008245766,-0.104058012,-0.052241676
1789388533.352926254,0.123797360,-0.036742318,-0.031095163,0.993568897,-0.009895841,-0.099183768,-0.053716242
1789388533.386262894,0.122538214,-0.037404025,-0.028775737,0.993618190,-0.011240724,-0.097097799,-0.056290768
1789388533.419600487,0.121067392,-0.037926568,-0.026416425,0.993572533,-0.011127140,-0.096923634,-0.057408918
1789388533.452938318,0.119718671,-0.038839219,-0.023626455,0.993552983,-0.011011107,-0.097092837,-0.057483524
1789388533.486276150,0.118467644,-0.040038289,-0.020356364,0.993607521,-0.011386798,-0.096401654,-0.057629202
1789388533.519612551,0.117090687,-0.041315264,-0.016826787,0.993751407,-0.012263588,-0.094270110,-0.058489829
1789388533.552950144,0.116169116,-0.042914905,-0.012458092,0.993889034,-0.013792210,-0.092841424,-0.058093451
1789388533.586287737,0.115247693,-0.044522523,-0.007650268,0.993979156,-0.015792884,-0.093165770,-0.055464461
1789388533.619624615,0.114599223,-0.046077105,-0.002957784,0.994046807,-0.017775448,-0.093995430,-0.052152768
1789388533.652962208,0.114830039,-0.048252600,0.001549431,0.994117141,-0.019169433,-0.094552197,-0.049228895
1789388533.686300516,0.114995908,-0.050031799,0.006316581,0.994312525,-0.018577598,-0.094096579,-0.046295147
1789388533.719638586,0.114908057,-0.052180631,0.010848753,0.994532108,-0.018937940,-0.092673294,-0.044259645
1789388533.752975941,0.115317172,-0.054761540,0.015024666,0.994713724,-0.020976249,-0.091253288,-0.042159431
1789388533.786314011,0.115436392,-0.057198169,0.019561704,0.994853258,-0.023015192,-0.090508141,-0.039314419
1789388533.819652319,0.115787995,-0.059076881,0.024420296,0.994922161,-0.023881368,-0.090464115,-0.037091952
1789388533.852989435,0.116229920,-0.061039127,0.029042960,0.995022655,-0.024847059,-0.089692339,-0.035606727
1789388533.886327744,0.116623692,-0.063336655,0.033780871,0.995152831,-0.025830258,-0.088536747,-0.034129962
1789388533.919666052,0.116763440,-0.064933381,0.038447610,0.995243728,-0.025829826,-0.088004619,-0.032833014
1789388533.953004122,0.117847420,-0.066650730,0.043295519,0.995098293,-0.025985647,-0.089853175,-0.032103386
1789388533.986341238,0.117386093,-0.067709651,0.047898852,0.995152414,-0.025841761,-0.089477129,-0.031587064
1789388534.019679785,0.117211327,-0.069437211,0.052722626,0.995228708,-0.027334895,-0.088858992,-0.029608160
1789388534.053017855,0.117083789,-0.070554664,0.057470807,0.995142639,-0.028487025,-0.090129301,-0.027501082
1789388534.086356163,0.116822077,-0.071336902,0.062060574,0.995004654,-0.029348565,-0.091511361,-0.027019551
1789388534.119693279,0.116077806,-0.072327458,0.066552694,0.995112419,-0.030381544,-0.090042382,-0.026845632
1789388534.153031826,0.115616710,-0.073390654,0.070695746,0.995133162,-0.031154562,-0.089953840,-0.025452109
1789388534.186369896,0.115323482,-0.074564467,0.074574557,0.994901717,-0.031961642,-0.092647232,-0.023782315
1789388534.219707251,0.114776701,-0.075560754,0.078418344,0.994750440,-0.033027422,-0.093874961,-0.023840165
1789388534.253045321,0.113946651,-0.076515051,0.081971059,0.994689107,-0.035037242,-0.093406931,-0.025320727
1789388534.286383867,0.113166247,-0.077503299,0.085655334,0.994548559,-0.036895856,-0.093763523,-0.026838731
1789388534.319721937,0.112201140,-0.078203187,0.088743046,0.994428158,-0.037858084,-0.094664320,-0.026797155
1789388534.353059292,0.111070364,-0.078854738,0.092116499,0.994249165,-0.039381795,-0.096154645,-0.025925336
1789388534.386397362,0.110196052,-0.079446879,0.095322790,0.993982315,-0.042399809,-0.097483560,-0.026425488
1789388534.419735909,0.109034242,-0.079982339,0.098559378,0.993807971,-0.044471510,-0.098028667,-0.027539628
1789388534.453074217,0.109345317,-0.079695020,0.100619906,0.993528783,-0.045338202,-0.100445226,-0.027493456
1789388534.486411333,0.109021981,-0.078036702,0.103367352,0.993221700,-0.042506080,-0.104660757,-0.027384618
1789388534.519749641,0.105568227,-0.081014165,0.105907505,0.992961764,-0.046937648,-0.104219384,-0.031018496
1789388534.553088188,0.106082313,-0.080317600,0.107437880,0.992561638,-0.046168603,-0.108121209,-0.031617351
1789388534.586425304,0.103283108,-0.081351760,0.110795202,0.992363095,-0.048443254,-0.107925072,-0.034944683
1789388534.619763613,0.101883900,-0.082708284,0.113076988,0.992271841,-0.049765475,-0.106926411,-0.038560014
1789388534.653102160,0.101157779,-0.081542558,0.114747730,0.992663026,-0.046597853,-0.104127832,-0.040078569
1789388534.686439753,0.100719850,-0.080321407,0.116610242,0.992794871,-0.043920331,-0.103695437,-0.040947571
1789388534.719776630,0.100733658,-0.079823668,0.118490011,0.992585301,-0.042916790,-0.105792105,-0.041721627
1789388534.753114462,0.100977072,-0.079676249,0.119826229,0.992290497,-0.043635957,-0.107961014,-0.042425837
1789388534.786452055,0.100564781,-0.079994506,0.122617652,0.992039740,-0.045009110,-0.109793551,-0.042150609
1789388534.819790125,0.099130197,-0.080970765,0.124899038,0.991964042,-0.046480995,-0.109684534,-0.042616688
1789388534.853126764,0.098709409,-0.081370263,0.126858414,0.991945803,-0.046270974,-0.110198140,-0.041940589
1789388534.886464596,0.098142112,-0.082163902,0.128481676,0.991832733,-0.047147661,-0.110958435,-0.041631885
1789388534.919802189,0.098459139,-0.083062500,0.129909561,0.991656959,-0.047602527,-0.112109520,-0.042214047
1789388534.953139067,0.098755606,-0.083246509,0.130728107,0.991728365,-0.046367105,-0.111575395,-0.043311957
1789388534.986476898,0.098791287,-0.083783463,0.131673928,0.992015481,-0.045512512,-0.108580247,-0.045214832
1789388535.019814730,0.099319065,-0.084374231,0.132488341,0.992431700,-0.044456836,-0.104436204,-0.046861921
1789388535.053152561,0.098122258,-0.085063535,0.132301776,0.992937088,-0.044553343,-0.099008195,-0.047837481
1789388535.086489201,0.098144216,-0.084624696,0.132570807,0.993120849,-0.043468520,-0.098398171,-0.046253271
1789388535.119826794,0.099036752,-0.084819784,0.132499382,0.993058145,-0.043299902,-0.100161798,-0.043913007
1789388535.153164864,0.099521750,-0.084869677,0.132355439,0.993099868,-0.042608112,-0.100887395,-0.041941132
1789388535.186501503,0.099866381,-0.085287642,0.132152974,0.993147850,-0.042679086,-0.100957476,-0.040540341
1789388535.219839334,0.099772852,-0.085398764,0.131762735,0.993089378,-0.042332932,-0.101756014,-0.040338363
1789388535.253176928,0.099826925,-0.085427673,0.131134930,0.992803514,-0.041854270,-0.104548991,-0.040730774
1789388535.286514997,0.099397924,-0.085840652,0.130200771,0.992439568,-0.041606896,-0.107717171,-0.041590199
1789388535.319851637,0.098193893,-0.086190678,0.128978736,0.991983175,-0.041455664,-0.111419685,-0.042854968
1789388535.353189230,0.096862303,-0.086254373,0.128080774,0.991235256,-0.041917067,-0.117521688,-0.043408822
1789388535.386527061,0.095744724,-0.086589598,0.126200101,0.989941835,-0.042725213,-0.127687305,-0.043425277
1789388535.419864655,0.094182928,-0.086541666,0.124320994,0.988515854,-0.041424487,-0.138414547,-0.044292666
1789388535.453201532,0.092324170,-0.087889104,0.122395165,0.986876309,-0.041493386,-0.148946956,-0.046565097
1789388535.486539364,0.091055791,-0.087660906,0.120757842,0.985075772,-0.039864562,-0.160628304,-0.047276627
1789388535.519876957,0.088230327,-0.087690472,0.118177044,0.983459949,-0.037974898,-0.170029581,-0.049541105
1789388535.553213596,0.086713524,-0.087856878,0.116594742,0.981392503,-0.036149096,-0.181238800,-0.052101854
1789388535.586551428,0.082398330,-0.088690435,0.113450159,0.979811966,-0.034862269,-0.188716665,-0.056028385
1789388535.619889259,0.080234434,-0.088202591,0.111019834,0.977189243,-0.031982470,-0.201914132,-0.057523713
1789388535.653226852,0.079093804,-0.088562160,0.108431359,0.972890377,-0.031143205,-0.221815825,-0.057551753
1789388535.686563492,0.077348351,-0.089222208,0.105628137,0.967988968,-0.029537635,-0.242537096,-0.057451639
1789388535.719901323,0.076212884,-0.088876536,0.103076531,0.962923527,-0.024225002,-0.262778819,-0.056025255
1789388535.753238916,0.075711675,-0.089251001,0.100578673,0.959596932,-0.023753243,-0.274412751,-0.057508703
1789388535.786576748,0.075365887,-0.089402568,0.098693635,0.955403090,-0.020739648,-0.288506359,-0.059488557
1789388535.819913387,0.074753761,-0.089563537,0.096807294,0.952414632,-0.017428553,-0.297931552,-0.061964013
1789388535.853250980,0.074391279,-0.089836522,0.095425595,0.950051367,-0.014615291,-0.305091769,-0.064092040
1789388535.886588573,0.074464002,-0.090222807,0.094204381,0.947746634,-0.012663167,-0.311826140,-0.066185713
1789388535.919925213,0.074203426,-0.090537446,0.093135301,0.945442259,-0.011552827,-0.318465501,-0.067714490
1789388535.953263044,0.074367313,-0.090594359,0.092260947,0.942780674,-0.009901755,-0.326016903,-0.069135465
1789388535.986600637,0.075313770,-0.090433106,0.091410475,0.939544737,-0.008832034,-0.334782362,-0.071404219
1789388536.019938469,0.075487048,-0.090428564,0.090744549,0.935784817,-0.008836723,-0.344620734,-0.073927984
1789388536.053274870,0.075902982,-0.090059851,0.090046411,0.931149006,-0.008853312,-0.356303543,-0.077012360
1789388536.086612463,0.076098075,-0.089584033,0.089251327,0.927052200,-0.008632146,-0.365996599,-0.080908842
1789388536.119950294,0.076419907,-0.089245890,0.088392400,0.923814118,-0.008969835,-0.373093098,-0.085372873
1789388536.153287888,0.076545811,-0.088838574,0.087932829,0.920909166,-0.009565843,-0.379098386,-0.090106748
1789388536.186624527,0.076800487,-0.088275378,0.087371700,0.918530643,-0.009388782,-0.383780807,-0.094475903
1789388536.219962120,0.077314284,-0.087342544,0.086186755,0.916459739,-0.007683969,-0.387893945,-0.097881705
1789388536.253299713,0.078260546,-0.086940233,0.085613496,0.912793338,-0.005493730,-0.395794064,-0.100624248
1789388536.286636591,0.079119621,-0.086364992,0.085027843,0.907524347,-0.004471535,-0.407360494,-0.102161832
1789388536.319974184,0.080168383,-0.085658846,0.084777694,0.901506782,-0.003719640,-0.420065492,-0.104003847
1789388536.353311539,0.081675638,-0.085680940,0.084933552,0.895736217,-0.002633651,-0.432197869,-0.104186669
1789388536.386649132,0.083197946,-0.084746035,0.083966231,0.892113686,0.001206486,-0.439669281,-0.104032569
1789388536.419985771,0.084618528,-0.084237539,0.083256515,0.890478611,0.004855957,-0.442767531,-0.104790881
1789388536.453323603,0.085666507,-0.084103328,0.082412495,0.888771474,0.008830986,-0.445365340,-0.107967936
1789388536.486660957,0.086122151,-0.083953964,0.081266470,0.887238979,0.012247722,-0.447132528,-0.112824559
1789388536.519997597,0.086185872,-0.083814648,0.080123180,0.886007309,0.015123643,-0.448106021,-0.118167110
1789388536.553335190,0.085787994,-0.083793058,0.079020434,0.884313464,0.017422294,-0.449754685,-0.124124929
1789388536.586672544,0.085305608,-0.083995087,0.077967376,0.882703125,0.018041562,-0.451477736,-0.129141301
1789388536.620010138,0.084443253,-0.083755574,0.076698109,0.881698072,0.018792644,-0.452414483,-0.132576197
1789388536.653347015,0.083335995,-0.083714688,0.075408919,0.881068230,0.018031290,-0.453277826,-0.133913547
1789388536.686684370,0.081978189,-0.083297607,0.074314375,0.880210042,0.016687103,-0.455200762,-0.133207619
1789388536.720021963,0.080665769,-0.083066360,0.073419168,0.879012764,0.015002866,-0.457842708,-0.132255808
1789388536.753359318,0.078940722,-0.082048551,0.071783249,0.878435850,0.013691950,-0.459266633,-0.131290346
1789388536.786695957,0.076471462,-0.080588466,0.069331546,0.877758324,0.011998558,-0.460535169,-0.131543472
1789388536.820033550,0.075045711,-0.079778717,0.068076970,0.876717329,0.010163463,-0.462081313,-0.133207530
1789388536.853371143,0.072754766,-0.078581721,0.065742767,0.876209378,0.008715685,-0.462860852,-0.133944198
1789388536.886707544,0.069346784,-0.076685931,0.062266567,0.875652373,0.008528096,-0.464050531,-0.133481368
1789388536.920044899,0.065758583,-0.074803801,0.058796934,0.874856949,0.009474860,-0.465927392,-0.132087633
1789388536.953382492,0.062597763,-0.073283590,0.055833858,0.873684943,0.010017421,-0.468535900,-0.130570143
1789388536.986720085,0.058405339,-0.072013403,0.051866197,0.872872055,0.008501096,-0.469982356,-0.130915269
1789388537.020056486,0.055119316,-0.071448188,0.048659407,0.871687949,0.007210440,-0.471388340,-0.133795813
1789388537.053394079,0.050251248,-0.070565327,0.044480889,0.870327592,0.006749727,-0.472692579,-0.138007790
1789388537.086731434,0.044970505,-0.069524178,0.039635197,0.869652331,0.006096866,-0.472839803,-0.141739890
1789388537.120068789,0.040376623,-0.068437248,0.035296626,0.868484676,0.006284053,-0.474133819,-0.144540623
1789388537.153405190,0.035055231,-0.067257199,0.029674694,0.867528915,0.006368097,-0.475428998,-0.146014884
1789388537.186742783,0.030356836,-0.065965233,0.026775410,0.865689278,0.005713271,-0.478718340,-0.146213159
1789388537.220080137,0.025342204,-0.064058222,0.025583638,0.863528252,0.003631068,-0.482654780,-0.146116912
1789388537.253416538,0.020421682,-0.061694906,0.023103636,0.861099839,0.000658369,-0.486821264,-0.146668464
1789388537.286754131,0.015467343,-0.059670268,0.019338783,0.860332251,-0.002545713,-0.488115638,-0.146850720
1789388537.320091486,0.011577588,-0.057714226,0.016494572,0.860416651,-0.004960406,-0.488138318,-0.146217152
1789388537.353428841,0.007918175,-0.055470182,0.012609383,0.859857917,-0.006269081,-0.489429295,-0.145134315
1789388537.386765242,0.004175774,-0.053364124,0.009920700,0.858680546,-0.007134532,-0.491779268,-0.144118220
1789388537.420102596,0.001366558,-0.050623861,0.007005399,0.857987344,-0.006473721,-0.493333966,-0.142959490
1789388537.453439951,-0.001957220,-0.048078108,0.004043452,0.859311521,-0.007935965,-0.491587549,-0.140934110
1789388537.486777306,-0.004832298,-0.046909358,0.000277576,0.859428942,-0.008046661,-0.491728663,-0.139714569
1789388537.520113707,-0.007309037,-0.045393348,-0.001603949,0.860848904,-0.008701416,-0.489946067,-0.137172520
1789388537.553451061,-0.009405898,-0.044278314,-0.003799431,0.862286687,-0.009388918,-0.488311201,-0.133886576
1789388537.586788654,-0.011541896,-0.043119612,-0.006102266,0.863606572,-0.009515042,-0.486925215,-0.130372882
1789388537.620124817,-0.013711682,-0.041734120,-0.008545427,0.864542961,-0.009776991,-0.485978872,-0.127649903
1789388537.653462172,-0.014605584,-0.040967894,-0.009784024,0.865687251,-0.010564780,-0.484620929,-0.124966718
1789388537.686805010,-0.016475208,-0.039171265,-0.013981747,0.868810713,-0.010686035,-0.480165333,-0.120395131
1789388537.720147371,-0.018607307,-0.037974527,-0.016773963,0.871285975,-0.011075206,-0.477008343,-0.114896208
1789388537.753489256,-0.019613761,-0.037369840,-0.018061223,0.872877181,-0.011276488,-0.475335240,-0.109610923
1789388537.786832094,-0.019966266,-0.036453616,-0.018124983,0.874179244,-0.010289562,-0.473825067,-0.105804369
1789388537.820174694,-0.020971271,-0.034891102,-0.019909350,0.876790643,-0.009466602,-0.469810992,-0.102108791
1789388537.853516579,-0.022048244,-0.033777254,-0.021884444,0.879345059,-0.008813440,-0.465901136,-0.098034583
1789388537.886859655,-0.023197392,-0.032352481,-0.023645595,0.882165611,-0.008373392,-0.461463064,-0.093624257
1789388537.920202494,-0.024309360,-0.030904260,-0.024894350,0.885530293,-0.008711915,-0.455578893,-0.090598784
1789388537.953545332,-0.025562285,-0.028698085,-0.025862184,0.888241529,-0.009951990,-0.450772762,-0.087931246
1789388537.986887455,-0.027170218,-0.026326177,-0.027344108,0.890112221,-0.010530149,-0.447172761,-0.087325938
1789388538.020230532,-0.028947238,-0.023772865,-0.028386795,0.892237127,-0.010644988,-0.442756653,-0.088125981
1789388538.053573370,-0.029609944,-0.021145778,-0.029366493,0.894533277,-0.010385217,-0.437818289,-0.089540817
1789388538.086916447,-0.031267484,-0.018590474,-0.030702587,0.896498382,-0.010980049,-0.433471978,-0.090951823
1789388538.120258570,-0.032930641,-0.015847902,-0.031132855,0.898116767,-0.011160662,-0.429728895,-0.092708498
1789388538.153601646,-0.034214257,-0.013139912,-0.032593700,0.900010467,-0.010639057,-0.425366014,-0.094508432
1789388538.186944723,-0.035350823,-0.010934663,-0.033777843,0.901338696,-0.010465363,-0.422252923,-0.095820457
1789388538.220286846,-0.036240288,-0.008371180,-0.034970233,0.902167797,-0.009891205,-0.420058936,-0.097702459
1789388538.253630161,-0.036761959,-0.006832243,-0.035214028,0.902181208,-0.011276946,-0.419523448,-0.099709488
1789388538.286973476,-0.037152087,-0.004333042,-0.035083467,0.902359903,-0.012293578,-0.418914437,-0.100529671
1789388538.320316553,-0.037729979,-0.002100365,-0.035243820,0.902877033,-0.013586623,-0.417860568,-0.100105487
1789388538.353658915,-0.037892948,-0.001242253,-0.035150942,0.903385341,-0.014881928,-0.416753829,-0.099948928
1789388538.387002230,-0.038543043,0.000758313,-0.035988619,0.904528439,-0.014038726,-0.414437771,-0.099361181
1789388538.420345783,-0.038854885,0.001379443,-0.036207081,0.904922426,-0.013490831,-0.413550109,-0.099547960
1789388538.453688860,-0.039797225,0.002556116,-0.036327745,0.905139208,-0.013110974,-0.412736565,-0.100993551
1789388538.487031460,-0.040615156,0.003748718,-0.036372288,0.905450702,-0.013405341,-0.411588162,-0.102832466
1789388538.520375013,-0.041942510,0.005046124,-0.036310357,0.905411899,-0.013751616,-0.411508471,-0.103445709
1789388538.553718567,-0.042911730,0.005974898,-0.036381750,0.904954135,-0.014572677,-0.411948085,-0.105567820
1789388538.587060928,-0.044224441,0.007884172,-0.037203939,0.905046582,-0.012795848,-0.411202490,-0.107886918
1789388538.620404482,-0.044394506,0.008303925,-0.038510339,0.905385196,-0.009890442,-0.410331964,-0.108662061
1789388538.653748035,-0.043950672,0.007607367,-0.039200060,0.904793143,-0.008987995,-0.411349803,-0.109818175
1789388538.687086582,-0.044058096,0.008153441,-0.039950170,0.904902518,-0.007612459,-0.410804063,-0.111056812
1789388538.720424414,-0.044291275,0.008598959,-0.041029203,0.906175673,-0.006213976,-0.407989860,-0.111136504
1789388538.753762960,-0.044182661,0.009275265,-0.040861396,0.906826198,-0.005229527,-0.406896114,-0.109883301
1789388538.787101507,-0.044425828,0.010290511,-0.040815210,0.907058179,-0.005702576,-0.406602710,-0.109028682
1789388538.820440292,-0.044602581,0.009797725,-0.042109736,0.907455802,-0.003630058,-0.405381233,-0.110349536
1789388538.853777885,-0.044930602,0.009791613,-0.042231172,0.907743156,-0.002422148,-0.404678345,-0.110597789
1789388538.887116432,-0.045861269,0.011585573,-0.043172429,0.907922447,-0.001592184,-0.403907001,-0.111952804
1789388538.920455217,-0.045995380,0.011389594,-0.042628415,0.907034814,-0.001873947,-0.405281305,-0.114155218
1789388538.953793049,-0.046384756,0.010854060,-0.043041434,0.907098711,-0.002502417,-0.404712588,-0.115643993
1789388538.987131596,-0.047219397,0.012000915,-0.043477870,0.907527387,-0.000789155,-0.403436512,-0.116758510
1789388539.020470142,-0.047629542,0.012398276,-0.044510866,0.907757580,0.000584297,-0.402426869,-0.118442103
1789388539.053808928,-0.048396165,0.013007909,-0.045364266,0.907976329,0.002319954,-0.401204914,-0.120864585
1789388539.087146759,-0.049973314,0.013992690,-0.046208707,0.908284009,0.003638385,-0.399398476,-0.124450170
1789388539.120485306,-0.051702137,0.015158522,-0.047245797,0.908143342,0.004187246,-0.398077458,-0.129585981
1789388539.153824091,-0.054615478,0.016535636,-0.047855889,0.908505082,0.002902578,-0.394264549,-0.138440207
1789388539.187161684,-0.058433748,0.017906902,-0.048108315,0.909327447,-0.001007175,-0.389200598,-0.147124350
1789388539.220500469,-0.058946950,0.017916078,-0.047555467,0.908783555,-0.001981890,-0.390250146,-0.147693604
1789388539.253839016,-0.056921040,0.017172098,-0.046336146,0.908040226,-0.001517805,-0.394061089,-0.142044336
1789388539.287178040,-0.055501247,0.016470209,-0.046227321,0.909469247,-0.000277201,-0.392034680,-0.138472185
1789388539.320515633,-0.056488012,0.016590492,-0.045990074,0.911049068,-0.000368740,-0.387588382,-0.140587434
1789388539.353854418,-0.056975623,0.016654192,-0.045881139,0.911126196,-0.002770872,-0.386819214,-0.142169699
1789388539.387193203,-0.056490567,0.016329613,-0.045421053,0.911127806,-0.001987035,-0.387571424,-0.140109196
1789388539.420531988,-0.056362997,0.016571424,-0.045426453,0.911007822,-0.000999819,-0.387770861,-0.140348300
1789388539.453869581,-0.056796068,0.016592163,-0.045636021,0.911024094,-0.002437031,-0.387255877,-0.141640633
1789388539.487208605,-0.056556055,0.016426544,-0.045474453,0.911131620,-0.002254392,-0.387359768,-0.140664533
1789388539.520547152,-0.056408595,0.016589165,-0.045707309,0.911054015,-0.001222783,-0.387496531,-0.140802905
1789388539.553884983,-0.056689157,0.016619874,-0.045476577,0.911065757,-0.002450578,-0.387323141,-0.141188011
1789388539.587223768,-0.056616707,0.016412685,-0.045490427,0.911082864,-0.002284327,-0.387379646,-0.140925065
1789388539.620562553,-0.056501725,0.016623004,-0.045613501,0.911017299,-0.001691552,-0.387417227,-0.141253635
1789388539.653901339,-0.056817252,0.016565722,-0.045427336,0.911053360,-0.002586598,-0.387322068,-0.141268522
1789388539.687237024,-0.056534650,0.016495691,-0.045585539,0.911027193,-0.001991183,-0.387400806,-0.141231149
1789388539.720573902,-0.056626087,0.016618581,-0.045344617,0.910995305,-0.002045363,-0.387433201,-0.141346410
1789388539.753910542,-0.056764530,0.016571973,-0.045430875,0.911087871,-0.002195358,-0.387256652,-0.141231865
1789388539.787247419,-0.056564547,0.016594244,-0.045547734,0.911050797,-0.001968764,-0.387313873,-0.141317517
1789388539.820583105,-0.056627806,0.016554847,-0.045556941,0.911112189,-0.002609764,-0.387166262,-0.141315773
1789388539.853919983,-0.056762416,0.016656947,-0.045503188,0.911078453,-0.002226681,-0.387175113,-0.141515002
1789388539.887256622,-0.056781771,0.016467768,-0.045708177,0.911075950,-0.002443738,-0.387179703,-0.141515300
1789388539.920592308,-0.056657493,0.016474542,-0.045475010,0.911086619,-0.002389220,-0.387205482,-0.141377270
1789388539.953928947,-0.056643139,0.016463961,-0.045365781,0.911076128,-0.002413937,-0.387250721,-0.141319796
1789388539.987265587,-0.056480866,0.016425498,-0.045388527,0.911138773,-0.002568971,-0.387187690,-0.141085744
1789388540.020602226,-0.056516247,0.016456068,-0.045453042,0.911241293,-0.002761255,-0.387023240,-0.140871570
1789388540.053937912,-0.056550656,0.016444850,-0.045284119,0.911229134,-0.002539935,-0.387074023,-0.140814409
1789388540.087274313,-0.056965044,0.016758658,-0.045232785,0.912951112,-0.001592404,-0.383266062,-0.140088886
1789388540.120611191,-0.055738257,0.016027706,-0.044201174,0.915688217,-0.002194192,-0.377653092,-0.137435362
1789388540.153947830,-0.054347740,0.015494345,-0.042986267,0.919481754,-0.002246104,-0.369429380,-0.134425089
1789388540.187283516,-0.052039580,0.015230975,-0.041792489,0.922761977,-0.001561480,-0.361982465,-0.132198974
1789388540.220619917,-0.050739238,0.014589955,-0.040698718,0.926380455,-0.001742021,-0.353672802,-0.129351661
1789388540.253956556,-0.049368360,0.014301034,-0.039126482,0.930661023,-0.001316203,-0.343754530,-0.125304356
1789388540.287292004,-0.045865644,0.013148660,-0.036451258,0.933697879,-0.001870005,-0.336454153,-0.122488201
1789388540.320628643,-0.044906573,0.012796580,-0.035019763,0.936631560,-0.001650016,-0.329397649,-0.119230360
1789388540.353965044,-0.043298600,0.012129162,-0.033114629,0.938965619,-0.001651888,-0.323404580,-0.117262140
1789388540.387301683,-0.042896781,0.012101591,-0.032782689,0.940751374,-0.001629518,-0.318764031,-0.115644656
1789388540.420637131,-0.041823624,0.011527572,-0.031464485,0.942592859,-0.001477884,-0.313694030,-0.114510633
1789388540.453973532,-0.040721344,0.011119922,-0.030233297,0.944580436,-0.001477627,-0.308523446,-0.112155959
1789388540.487310410,-0.040387360,0.010926176,-0.029892136,0.946500123,-0.001712398,-0.303274751,-0.110268258
1789388540.520645857,-0.041553547,0.010846774,-0.030855127,0.947650611,-0.001960767,-0.299955130,-0.109460309
1789388540.553982258,-0.041544561,0.010914719,-0.030890598,0.947653174,-0.001896929,-0.299834639,-0.109767705
1789388540.587318659,-0.041316108,0.010857280,-0.030398437,0.947427571,-0.001758652,-0.300522059,-0.109837659
1789388540.620655060,-0.041406635,0.010807809,-0.030521572,0.947553933,-0.001867873,-0.300159663,-0.109737754
1789388540.653990507,-0.041375571,0.010746319,-0.030650149,0.947575748,-0.001941172,-0.300049245,-0.109849490
1789388540.687327623,-0.041338734,0.010704845,-0.030434237,0.947524190,-0.001921625,-0.300342381,-0.109493181
1789388540.720664501,-0.040981310,0.010781576,-0.030589781,0.947369814,-0.001891250,-0.300629973,-0.110039130
1789388540.754001379,-0.040460870,0.010565315,-0.030371911,0.947057545,-0.002103029,-0.301616788,-0.110022850
1789388540.787337542,-0.038561764,0.010445802,-0.029669825,0.947245777,-0.001893165,-0.301088065,-0.109853953
1789388540.820674658,-0.036636661,0.010774350,-0.028738487,0.947961211,-0.001267096,-0.299076080,-0.109186135
1789388540.854011536,-0.033900444,0.010279825,-0.026976440,0.949065089,-0.001088415,-0.296019256,-0.107920364
1789388540.887347460,-0.030730562,0.009517910,-0.025604231,0.950689375,-0.001445558,-0.291541100,-0.105790436
1789388540.920684338,-0.026555597,0.009219198,-0.024290458,0.952275217,-0.001214140,-0.287002087,-0.103924625
1789388540.954021454,-0.023192678,0.008327438,-0.023135431,0.953734517,-0.001813737,-0.282777816,-0.102097280
1789388540.987358332,-0.018682265,0.007759805,-0.021665580,0.954910278,-0.001873405,-0.279185534,-0.100987390
1789388541.020694256,-0.016693649,0.007993638,-0.021340817,0.956084728,-0.000971997,-0.275546074,-0.099877372
1789388541.054031134,-0.012446104,0.007181713,-0.019842353,0.956990719,-0.001331335,-0.272771060,-0.098808229
1789388541.087368250,-0.009108086,0.006404934,-0.018839926,0.957982838,-0.002180543,-0.269812673,-0.097289935
1789388541.120704889,-0.005511042,0.006041158,-0.018505165,0.958717048,-0.001861724,-0.267476469,-0.096512154
1789388541.154040813,-0.001823815,0.005708652,-0.016570495,0.958751082,-0.001438088,-0.267322481,-0.096607991
1789388541.187377691,0.001589220,0.005131690,-0.015298808,0.958824515,-0.001627170,-0.267138660,-0.096383579
1789388541.220714569,0.004311776,0.004751499,-0.014597366,0.959360242,-0.001633283,-0.265463501,-0.095678672
1789388541.254050493,0.008531861,0.003373968,-0.012201634,0.959715068,-0.002509608,-0.264320970,-0.095263630
1789388541.287387133,0.011428366,0.002963162,-0.011362923,0.960663140,-0.002466114,-0.261150390,-0.094449520
1789388541.320724010,0.014761588,0.002365909,-0.009564769,0.961292028,-0.002681378,-0.259318054,-0.093084924
1789388541.354061127,0.017600122,0.001920864,-0.008217926,0.961603522,-0.002852175,-0.258337617,-0.092585988
1789388541.387396812,0.020076589,0.001696378,-0.006962500,0.961865544,-0.002261440,-0.257214457,-0.093007572
1789388541.420733690,0.022778171,0.000988650,-0.006018241,0.962151527,-0.002436956,-0.256571323,-0.091813892
1789388541.454070330,0.025745645,0.001117320,-0.004652410,0.962453246,-0.002558208,-0.255590290,-0.091383547
1789388541.487407207,0.027237494,0.000853913,-0.004715514,0.962278485,-0.002455422,-0.255969077,-0.092162699
1789388541.520742893,0.029213025,0.000262957,-0.004884443,0.962023973,-0.002386859,-0.256631762,-0.092975177
1789388541.554079771,0.030775847,0.000230203,-0.004297764,0.962252259,-0.002426847,-0.255925953,-0.092555739
1789388541.587416410,0.031970087,0.000108212,-0.003979413,0.962730050,-0.002409850,-0.254322201,-0.092007332
1789388541.620752096,0.034387830,-0.000270030,-0.002976046,0.963132560,-0.002370576,-0.252877533,-0.091777697
1789388541.654089212,0.036649611,-0.000597459,-0.002033489,0.963368297,-0.002491861,-0.252187669,-0.091197021
1789388541.687426567,0.038647509,-0.000929270,-0.001235283,0.963590086,-0.002429999,-0.251297235,-0.091312207
1789388541.720764160,0.039869843,-0.001457334,-0.000671350,0.964233696,-0.002687090,-0.249283880,-0.090021297
1789388541.754100800,0.041931468,-0.001516402,-0.000277914,0.964999139,-0.002630104,-0.246511921,-0.089452475
1789388541.787438393,0.044466635,-0.002042686,0.001271438,0.964968503,-0.002393803,-0.246614501,-0.089506969
1789388541.820775986,0.045750136,-0.002161952,0.001920409,0.965505958,-0.002104058,-0.244723558,-0.088905968
1789388541.854112625,0.049478431,-0.002880307,0.003841190,0.965702415,-0.002366702,-0.244105071,-0.088464580
1789388541.887450218,0.051527150,-0.003095044,0.006325776,0.966133714,-0.001883367,-0.242663428,-0.087730691
1789388541.920787811,0.053167617,-0.003344834,0.007274215,0.966248691,-0.001700819,-0.242093533,-0.088040903
1789388541.954125166,0.056396217,-0.003967353,0.008573351,0.966257513,-0.001697834,-0.242173433,-0.087724142
1789388541.987461805,0.059516676,-0.004645524,0.010071966,0.966412425,-0.001957433,-0.241542771,-0.087751620
1789388542.020799637,0.063846361,-0.005465605,0.011914276,0.966784894,-0.001920178,-0.240521491,-0.086444750
1789388542.054136992,0.067340402,-0.006388138,0.013572914,0.967293441,-0.002159090,-0.238514096,-0.086312868
1789388542.087474585,0.070828522,-0.006619516,0.015889549,0.967532992,-0.001362286,-0.237903237,-0.085323095
1789388542.120811224,0.072301126,-0.007797963,0.016125460,0.968173265,-0.002798233,-0.235305399,-0.085230201
1789388542.154148579,0.074144179,-0.007628214,0.017643591,0.968349934,-0.002191435,-0.234944209,-0.084231459
1789388542.187486410,0.076029542,-0.008387369,0.020083947,0.968394518,-0.001556731,-0.234499350,-0.084969118
1789388542.220822811,0.077055989,-0.008176262,0.021164492,0.968312323,-0.001173290,-0.234918341,-0.084754050
1789388542.254160404,0.078776378,-0.008640543,0.021976227,0.968177199,-0.001162338,-0.235286057,-0.085276380
1789388542.287497997,0.080790284,-0.008666206,0.023613192,0.967996359,-0.000796498,-0.236055031,-0.085208237
1789388542.320835352,0.083207616,-0.009072243,0.025095572,0.968096912,-0.000601634,-0.235629603,-0.085244797
1789388542.354172230,0.085071864,-0.009369887,0.026997353,0.968477309,-0.000307306,-0.234091610,-0.085163049
1789388542.387509584,0.087033773,-0.009588024,0.028111677,0.968809187,0.000005326,-0.232907534,-0.084634066
1789388542.420847178,0.088541117,-0.010002299,0.029282118,0.969241858,-0.000031925,-0.231324658,-0.084018931
1789388542.454184771,0.091782984,-0.011120816,0.030546663,0.969828069,-0.000822091,-0.229261354,-0.082898803
1789388542.487521172,0.094109284,-0.011469671,0.031436281,0.969846070,-0.000728615,-0.229211628,-0.082825892
1789388542.520859003,0.096194126,-0.012183487,0.032398836,0.969431520,-0.001115878,-0.230853051,-0.083115801
1789388542.554196358,0.099127852,-0.012660512,0.033391203,0.969235897,-0.001286546,-0.231555521,-0.083440185
1789388542.587532997,0.100267231,-0.012554251,0.033851113,0.969356000,-0.000957805,-0.231003344,-0.083579466
1789388542.620870352,0.101671161,-0.012791773,0.034440233,0.969262958,-0.001012828,-0.231350839,-0.083696201
1789388542.654207945,0.103406797,-0.012939425,0.034666136,0.969334483,-0.001113799,-0.231082067,-0.083609648
1789388542.687546015,0.104200557,-0.013122274,0.035045887,0.969591379,-0.001014531,-0.230021358,-0.083556227
1789388542.720882893,0.107182288,-0.013313340,0.036339865,0.970011413,-0.000737708,-0.228542790,-0.082738243
1789388542.754220724,0.109577153,-0.013464749,0.036633088,0.970997512,-0.000658563,-0.224883571,-0.081184082
1789388542.787558556,0.111068071,-0.013690457,0.037392439,0.971161127,-0.000701863,-0.224003866,-0.081658050
1789388542.820896387,0.113094234,-0.013962317,0.038227142,0.970941126,-0.000626428,-0.224961087,-0.081642315
1789388542.854233503,0.115603155,-0.014359251,0.038899786,0.970851719,-0.000925411,-0.225204423,-0.082031436
1789388542.887571573,0.117551331,-0.014537677,0.039804862,0.970808208,-0.000721469,-0.225441068,-0.081898019
1789388542.920909405,0.120098415,-0.014892981,0.040290983,0.971203148,-0.000617596,-0.223840535,-0.081605434
1789388542.954246283,0.124497064,-0.015406588,0.042261716,0.971435905,-0.000815551,-0.223043472,-0.081013799
1789388542.987584114,0.126925043,-0.016043253,0.042949748,0.972058296,-0.000970519,-0.220630825,-0.080148771
1789388543.020922184,0.129627101,-0.016489037,0.043558930,0.972623706,-0.001321424,-0.218347639,-0.079534642
1789388543.054260015,0.131207658,-0.016495391,0.043343783,0.972982287,-0.001248895,-0.216972262,-0.078910604
1789388543.087597132,0.135641452,-0.017327606,0.045809010,0.972624481,-0.001157496,-0.218338877,-0.079551600
1789388543.120934963,0.136029787,-0.016959228,0.044825389,0.973197937,-0.001082527,-0.216119424,-0.078594334
1789388543.154273033,0.140658379,-0.017580966,0.045389857,0.973137558,-0.001246354,-0.216217309,-0.079069078
1789388543.187609911,0.142658998,-0.017741111,0.045696036,0.973104954,-0.001358809,-0.216554478,-0.078543916
1789388543.220947742,0.144518629,-0.017957054,0.046600844,0.973321140,-0.001221252,-0.215477422,-0.078829117
1789388543.254285812,0.148388922,-0.018630208,0.047561587,0.973478019,-0.001556645,-0.215062246,-0.078015365
1789388543.287623882,0.151071778,-0.019095678,0.048206918,0.973523438,-0.001539811,-0.214871988,-0.077973440
1789388543.320960760,0.151869460,-0.018716497,0.048058774,0.973207891,-0.001669820,-0.215933546,-0.078970477
1789388543.354298592,0.153912974,-0.019222251,0.048440753,0.972531915,-0.001345906,-0.218619972,-0.079907335
1789388543.387636662,0.161485567,-0.019772661,0.054304787,0.970987380,-0.000486076,-0.225061312,-0.080812663
1789388543.420974493,0.162816736,-0.020186320,0.054306375,0.971194386,-0.000840292,-0.224273935,-0.080510490
1789388543.454311609,0.164489718,-0.019957209,0.055413070,0.971160591,-0.000081424,-0.224307761,-0.080828674
1789388543.487649441,0.166459978,-0.020372482,0.056147498,0.971047103,-0.000397900,-0.224853903,-0.080673344
1789388543.520987511,0.168351020,-0.020748496,0.056370937,0.971242607,-0.000574802,-0.224041075,-0.080579683
1789388543.554324389,0.169036738,-0.020480081,0.056260498,0.971485555,-0.000312457,-0.223047093,-0.080410242
1789388543.587662458,0.170307156,-0.020587217,0.057107373,0.971325040,-0.000132629,-0.223624215,-0.080745101
1789388543.621000528,0.171759397,-0.020553083,0.056725405,0.971347272,0.000002364,-0.223490328,-0.080849126
1789388543.654338360,0.172525783,-0.020301776,0.057177857,0.971486688,0.000511838,-0.222955719,-0.080648340
1789388543.687675238,0.173539348,-0.020426385,0.057344988,0.971633971,0.000295436,-0.222388327,-0.080441333
1789388543.721012831,0.175219555,-0.020454476,0.057823020,0.971447170,0.000435027,-0.223147497,-0.080594495
1789388543.754350901,0.175828800,-0.020722523,0.058253913,0.971642792,0.000473395,-0.222504288,-0.080012351
1789388543.787688732,0.176434933,-0.020605658,0.058123410,0.972228527,0.000630664,-0.220246330,-0.079138443
1789388543.821025372,0.177604566,-0.020773891,0.058519353,0.972262740,0.000490938,-0.220285848,-0.078606673
1789388543.854363203,0.179809563,-0.020633774,0.058909782,0.971814454,0.000900216,-0.222087666,-0.079076320
1789388543.887701273,0.180401867,-0.020534947,0.059101546,0.971878707,0.000991702,-0.221987396,-0.078564644
1789388543.921037912,0.181577327,-0.020925305,0.059279098,0.971674681,0.000686780,-0.222778201,-0.078852847
1789388543.954375744,0.181046016,-0.020971801,0.059458481,0.971596956,0.000501711,-0.222961441,-0.079293050
1789388543.987713575,0.180511297,-0.020837791,0.059520683,0.971721649,0.000305189,-0.222394019,-0.079358883
1789388544.021051168,0.181102045,-0.020901292,0.059630507,0.971652925,0.000366604,-0.222759441,-0.079175428
1789388544.054388285,0.181267335,-0.020709451,0.059547294,0.971685112,0.000468958,-0.222473443,-0.079582565
1789388544.087726116,0.181614343,-0.020713985,0.060003704,0.971473038,0.000218666,-0.223302826,-0.079850197
1789388544.121063709,0.181190274,-0.020759778,0.059642474,0.971674800,-0.000521550,-0.222435087,-0.079814456
1789388544.154401541,0.180635470,-0.020902125,0.059449474,0.971407533,-0.000827165,-0.223350450,-0.080506995
1789388544.187738180,0.180431859,-0.020956964,0.059461262,0.970792472,0.000593738,-0.225628287,-0.081569754
1789388544.221076250,0.181117587,-0.021564722,0.059999808,0.970015168,-0.000311131,-0.228473455,-0.082888238
1789388544.254413843,0.180196742,-0.022234346,0.060565796,0.969168186,-0.001190223,-0.231365010,-0.084745780
1789388544.287750721,0.180090804,-0.022563938,0.062554706,0.968488753,-0.001168604,-0.233969793,-0.085360132
1789388544.321088314,0.179378575,-0.023319517,0.063937703,0.969128668,-0.001808925,-0.231666714,-0.084362537
1789388544.354426384,0.177120976,-0.023289890,0.064269142,0.970499814,-0.001731042,-0.226546109,-0.082487069
1789388544.387763977,0.176409000,-0.024158106,0.065352644,0.971512854,-0.002249345,-0.222679317,-0.081065945
1789388544.421100855,0.177277013,-0.025488742,0.067936166,0.972002089,-0.002785735,-0.220634133,-0.080776729
1789388544.454438448,0.176215558,-0.025556207,0.069685746,0.972151220,-0.002329994,-0.220112145,-0.080418907
1789388544.487776279,0.175975341,-0.025613811,0.071184294,0.971847236,-0.000704603,-0.221455991,-0.080435097
1789388544.521112919,0.175416457,-0.026393224,0.072681123,0.972163796,-0.000697619,-0.220286384,-0.079818800
1789388544.554450750,0.174903296,-0.027838033,0.075272337,0.972556651,-0.002261716,-0.218524590,-0.079846531
1789388544.587788582,0.173847615,-0.028665156,0.077000623,0.972829819,-0.002682583,-0.217293128,-0.079867110
1789388544.621126175,0.172573179,-0.029011927,0.078672217,0.972978652,-0.002371080,-0.216730371,-0.079591535
1789388544.654462814,0.172152969,-0.029644045,0.080824240,0.973136604,-0.002109888,-0.216142118,-0.079267681
1789388544.687800646,0.170719584,-0.030336908,0.082141087,0.973918915,-0.002020420,-0.213032067,-0.078072324
1789388544.721138000,0.170163749,-0.031414035,0.084617766,0.974256337,-0.002736746,-0.211521447,-0.077947810
1789388544.754475594,0.168942640,-0.031939925,0.086881948,0.974533439,-0.002923409,-0.210431114,-0.077426195
1789388544.787811995,0.167950591,-0.032430050,0.088554389,0.974607468,-0.002594256,-0.210174903,-0.077201806
1789388544.821149349,0.166751061,-0.033515032,0.090051081,0.974955380,-0.002853913,-0.208758622,-0.076640308
1789388544.854486704,0.165368500,-0.034006017,0.091607840,0.975294650,-0.002886179,-0.207407907,-0.075987607
1789388544.887823582,0.164757771,-0.034511188,0.093858761,0.975260913,-0.003242674,-0.207389444,-0.076454856
1789388544.921160936,0.164555917,-0.035537296,0.096170118,0.975055814,-0.003324311,-0.208419785,-0.076264590
1789388544.954498291,0.164485796,-0.036321798,0.098092056,0.975116849,-0.002796399,-0.208312288,-0.075797275
1789388544.987835646,0.163051433,-0.037086286,0.100121626,0.975492477,-0.003126613,-0.206713155,-0.075329140
1789388545.021172047,0.160413322,-0.036639481,0.102630022,0.975956619,-0.001809993,-0.204927355,-0.074231476
1789388545.054509640,0.159936936,-0.035948033,0.104430069,0.976120353,-0.000912016,-0.204413220,-0.073507778
1789388545.087847233,0.159504181,-0.034049874,0.107035317,0.975948870,0.002791204,-0.205586374,-0.072458483
1789388545.121184587,0.158660029,-0.033260163,0.109735903,0.975824535,0.005353079,-0.206447601,-0.071535505
1789388545.154520988,0.155298764,-0.039569588,0.111688453,0.976179838,0.000168806,-0.204404414,-0.072745234
1789388545.187858343,0.154049756,-0.039895279,0.113970344,0.976762593,-0.001625598,-0.201740757,-0.072339088
1789388545.221195698,0.152945774,-0.040817249,0.115462829,0.977092803,-0.001822772,-0.200213298,-0.072117589
1789388545.254532337,0.151809666,-0.041468125,0.117488424,0.977085710,-0.001701360,-0.200197250,-0.072261944
1789388545.287869692,0.151045709,-0.042270334,0.118995863,0.976841569,-0.002576943,-0.201115087,-0.072983719
1789388545.321207047,0.150622461,-0.042878496,0.120839741,0.976619899,-0.002980346,-0.202049360,-0.073353179
1789388545.354544163,0.150183490,-0.043589618,0.121905791,0.976478934,-0.002654076,-0.202719659,-0.073394090
1789388545.387880564,0.149330074,-0.044330658,0.123476663,0.976427913,-0.002000393,-0.202967092,-0.073408872
1789388545.421217918,0.148321914,-0.044764496,0.124893528,0.976498425,-0.002481727,-0.202551961,-0.073603965
1789388545.454555511,0.148472188,-0.045317686,0.126284965,0.976175547,-0.002813644,-0.203965083,-0.073971495
1789388545.487892866,0.147213810,-0.045767030,0.127942236,0.976360500,-0.002011345,-0.203262925,-0.073486529
1789388545.521229267,0.146815474,-0.046369581,0.129150284,0.976518750,-0.002173846,-0.202566609,-0.073301993
1789388545.554566383,0.145657041,-0.046828805,0.130481107,0.976844311,-0.002785481,-0.201143086,-0.072861999
1789388545.587903738,0.145165806,-0.047009597,0.131810731,0.976821244,-0.002747086,-0.201327249,-0.072664924
1789388545.621240139,0.144569811,-0.047271235,0.133000008,0.976711869,-0.001890720,-0.201876044,-0.072638899
1789388545.654577494,0.144552249,-0.048002277,0.133660939,0.976464272,-0.002525801,-0.202840224,-0.073260970
1789388545.687915564,0.143427235,-0.048129252,0.134848197,0.976490676,-0.002515843,-0.202718824,-0.073244520
1789388545.721253633,0.143784538,-0.048320297,0.134846325,0.976377904,-0.002222223,-0.203209847,-0.073395729
1789388545.754590750,0.142665760,-0.048694583,0.136575421,0.976895630,-0.002210472,-0.201091304,-0.072335243
1789388545.787929058,0.142622529,-0.049115881,0.137265419,0.977128327,-0.003441073,-0.199986622,-0.072206028
1789388545.821267128,0.142140359,-0.049379076,0.138314496,0.977331936,-0.003308892,-0.199095175,-0.071921043
1789388545.854604244,0.142528316,-0.049464224,0.138346213,0.977272749,-0.003345891,-0.199432716,-0.071787670
1789388545.887942314,0.142514435,-0.049351471,0.138184813,0.977289796,-0.002734130,-0.199455574,-0.071516685
1789388545.921280622,0.142696709,-0.049255271,0.137127491,0.977384865,-0.001260947,-0.199059144,-0.071363986
1789388545.954618692,0.142562114,-0.049140493,0.136680161,0.977350056,-0.000495463,-0.198973000,-0.072085768
1789388545.987955809,0.142582053,-0.049305942,0.137230821,0.977327585,-0.001327337,-0.199162737,-0.071855403
1789388546.021293879,0.142503235,-0.049328183,0.137301131,0.977348447,-0.001405519,-0.199201837,-0.071460575
1789388546.054632187,0.142523268,-0.049139226,0.136984200,0.977340937,-0.001135133,-0.199035048,-0.072031885
1789388546.087970257,0.142007899,-0.049130030,0.137149732,0.977473497,-0.000562439,-0.198508292,-0.071692489
1789388546.121307373,0.142622087,-0.049164901,0.136922933,0.977378249,-0.001385506,-0.199045897,-0.071487762
1789388546.154645443,0.142137120,-0.049240043,0.137275787,0.977073848,-0.001116199,-0.200231344,-0.072338238
1789388546.187983751,0.141362815,-0.049081635,0.137132002,0.975972474,-0.000315511,-0.204856128,-0.074241340
1789388546.221320868,0.141697656,-0.048911465,0.136318389,0.974369109,-0.001037445,-0.211548045,-0.076493457
1789388546.254658937,0.141779029,-0.049264714,0.136867209,0.971643090,-0.001706406,-0.222421080,-0.080223501
1789388546.287997007,0.141244868,-0.048770214,0.135682096,0.969048023,-0.001287700,-0.232162803,-0.083933599
1789388546.321335554,0.141164200,-0.048619640,0.135941326,0.966354728,-0.001057458,-0.242021590,-0.087079711
1789388546.354672670,0.140139519,-0.048258936,0.135583561,0.964050174,-0.000213666,-0.249728650,-0.090789862
1789388546.388010740,0.140737144,-0.048325886,0.135524776,0.961775482,-0.000440536,-0.257487178,-0.093210414
1789388546.421348810,0.139906326,-0.047961638,0.135442436,0.959602356,-0.000142876,-0.264543176,-0.095813841
1789388546.454687119,0.139791723,-0.047843890,0.135054101,0.956559479,-0.000213508,-0.274115920,-0.099269502
1789388546.488024235,0.139462298,-0.047655674,0.134203976,0.953064501,-0.000316091,-0.284603983,-0.103289083
1789388546.521362305,0.139095952,-0.047597573,0.133639918,0.949186206,-0.000660165,-0.295835525,-0.107361682
1789388546.554700375,0.139041090,-0.047342639,0.133311397,0.944904864,-0.000461164,-0.307724297,-0.111625947
1789388546.588037491,0.138688414,-0.047169193,0.132815746,0.940361619,-0.000635950,-0.319764674,-0.116061926
1789388546.621375799,0.138581351,-0.047094251,0.132191873,0.936175108,-0.000934952,-0.330473512,-0.119844146
1789388546.654713869,0.138538035,-0.047099083,0.131825579,0.932215750,-0.001326193,-0.340207934,-0.123412892
1789388546.688051462,0.138755938,-0.047106055,0.131664337,0.928546369,-0.001413169,-0.349016696,-0.126440376
1789388546.721388102,0.138032194,-0.046780390,0.130701459,0.925643206,-0.001094286,-0.355637282,-0.129250303
1789388546.754725933,0.138041627,-0.046607722,0.130487532,0.922509134,-0.001273498,-0.362850517,-0.131586209
1789388546.788063288,0.138096037,-0.046726364,0.130023366,0.920087516,-0.001343723,-0.368226886,-0.133589938
1789388546.821400881,0.138144631,-0.046585286,0.129967221,0.917953491,-0.001359782,-0.372930974,-0.135211468
1789388546.854737520,0.138285514,-0.046578998,0.129751495,0.914759457,-0.001681109,-0.379791766,-0.137734100
1789388546.888074875,0.138159364,-0.046518472,0.129320654,0.910352647,-0.001875343,-0.389080465,-0.140964314
1789388546.921412706,0.137977700,-0.046340452,0.128796904,0.907063961,-0.001955049,-0.395823181,-0.143370584
1789388546.954749346,0.138210419,-0.046400052,0.128469351,0.904832780,-0.002154202,-0.400314540,-0.144987479
1789388546.988086700,0.138252536,-0.046261566,0.128426088,0.903542399,-0.001888706,-0.402874529,-0.145944238
1789388547.021424294,0.138247877,-0.046262082,0.128479089,0.903492391,-0.001896645,-0.402969271,-0.145992652
1789388547.054761887,0.138183299,-0.046248447,0.128301337,0.903570116,-0.001935993,-0.402730733,-0.146168888
1789388547.088098288,0.138180785,-0.046270810,0.128293524,0.903575599,-0.001862067,-0.402771264,-0.146023765
1789388547.121436119,0.138201533,-0.046269753,0.128421672,0.903539717,-0.002022305,-0.402868271,-0.145976171
1789388547.154773474,0.138161541,-0.046264606,0.128353644,0.903571844,-0.001940307,-0.402759761,-0.146077856
1789388547.188110113,0.138131234,-0.046240103,0.128256718,0.903621852,-0.001908132,-0.402629048,-0.146129653
1789388547.221447468,0.138142570,-0.046270626,0.128246338,0.903629005,-0.002001017,-0.402581751,-0.146214560
1789388547.254785061,0.138186443,-0.046323726,0.128320119,0.903546393,-0.001822017,-0.402834177,-0.146031871
1789388547.288122892,0.138165211,-0.046241681,0.128299276,0.903597951,-0.002014505,-0.402652323,-0.146211401
1789388547.321459293,0.138196286,-0.046292110,0.128346640,0.903496861,-0.001706261,-0.402832389,-0.146344393
1789388547.354796886,0.138204446,-0.046254410,0.128434817,0.903565288,-0.001876239,-0.402741671,-0.146168843
1789388547.388134241,0.138265239,-0.046234156,0.128832143,0.903571606,-0.002407845,-0.402775556,-0.146028712
1789388547.421471834,0.138043120,-0.046256787,0.128758363,0.905311346,-0.001970833,-0.399221241,-0.145017281
1789388547.454808235,0.138033161,-0.046308872,0.128804917,0.905909002,-0.001015577,-0.397831053,-0.145114958
1789388547.488146067,0.137952756,-0.046315561,0.128911686,0.906091154,-0.002182284,-0.397484511,-0.144914627
1789388547.521483421,0.138053342,-0.046346625,0.129030444,0.906175375,-0.001865675,-0.397596687,-0.144081801
1789388547.554820061,0.138033435,-0.046348139,0.128807105,0.906103373,-0.001319185,-0.397570133,-0.144613504
1789388547.588157415,0.138003664,-0.046281426,0.128913180,0.906045318,-0.001800771,-0.397536576,-0.145062879
1789388547.621494770,0.138085310,-0.046320030,0.129119241,0.906094551,-0.001859686,-0.397708356,-0.144281954
1789388547.654832602,0.138095448,-0.046375507,0.128920804,0.906090200,-0.001359278,-0.397699624,-0.144338459
1789388547.688169003,0.137979982,-0.046244462,0.128879486,0.906073630,-0.001693402,-0.397520632,-0.144931659
1789388547.721506119,0.138014233,-0.046329573,0.128849368,0.906159997,-0.001889933,-0.397451609,-0.144577354
1789388547.754843473,0.138063174,-0.046364003,0.128853848,0.906153321,-0.001316268,-0.397557676,-0.144334301
1789388547.788180828,0.138004116,-0.046238073,0.128918806,0.906102955,-0.001603581,-0.397500515,-0.144803792
1789388547.821516991,0.137959654,-0.046336072,0.128810911,0.906167269,-0.001797018,-0.397388637,-0.144706786
1789388547.854854584,0.138010741,-0.046331556,0.128855604,0.906176627,-0.001351241,-0.397507221,-0.144326404
1789388547.888191700,0.138132548,-0.046306796,0.128957852,0.906090975,-0.001817480,-0.397570461,-0.144684166
1789388547.921528101,0.138078780,-0.046346404,0.128965928,0.906074822,-0.001657718,-0.397605747,-0.144690752
1789388547.954865217,0.138072008,-0.046345021,0.128984962,0.906116962,-0.001430249,-0.397609204,-0.144419715
1789388547.988202572,0.138050439,-0.046280138,0.128993343,0.906118214,-0.001744981,-0.397528380,-0.144630224
1789388548.021539688,0.138064058,-0.046346714,0.128976476,0.906073987,-0.001542429,-0.397625089,-0.144643545
1789388548.054876089,0.138004642,-0.046340831,0.128910677,0.906169176,-0.001582713,-0.397505879,-0.144375071
1789388548.088213444,0.137973725,-0.046259132,0.128920341,0.906165957,-0.001648474,-0.397399276,-0.144687533
1789388548.121550560,0.137994147,-0.046374529,0.128806547,0.906142890,-0.001620072,-0.397463739,-0.144654632
1789388548.154887915,0.138017545,-0.046373005,0.128877720,0.906163812,-0.001740265,-0.397497386,-0.144429684
1789388548.188224077,0.138051144,-0.046278813,0.128930342,0.906102479,-0.001657248,-0.397568285,-0.144620582
1789388548.221561193,0.138107941,-0.046358366,0.128917123,0.906079590,-0.001566687,-0.397622824,-0.144614562
1789388548.254898548,0.138117879,-0.046333485,0.129009864,0.906114221,-0.001671679,-0.397590667,-0.144484639
1789388548.288234711,0.138044929,-0.046281889,0.128949533,0.906104147,-0.001545885,-0.397555381,-0.144646227
1789388548.321572065,0.137995693,-0.046378068,0.128881853,0.906127989,-0.001707478,-0.397525012,-0.144579247
1789388548.354909182,0.138089306,-0.046319152,0.128975992,0.906108677,-0.001671863,-0.397590071,-0.144521251
1789388548.388246298,0.138038987,-0.046366790,0.128863838,0.906125307,-0.001692885,-0.397529513,-0.144583106
1789388548.421582460,0.138056139,-0.046357236,0.128887121,0.906131506,-0.001678713,-0.397505701,-0.144609854
1789388548.454919577,0.138003790,-0.046308720,0.128904483,0.906159163,-0.001678306,-0.397495985,-0.144463241
1789388548.488256931,0.138055056,-0.046334395,0.128938944,0.906106651,-0.001552747,-0.397542566,-0.144665882
1789388548.521593094,0.138139846,-0.046358634,0.129008255,0.906059682,-0.001711920,-0.397686213,-0.144564033
1789388548.554930210,0.138038724,-0.046329021,0.128878897,0.906143367,-0.001637683,-0.397497833,-0.144558027
1789388548.588267326,0.138137386,-0.046362015,0.128966685,0.906059027,-0.001657598,-0.397656798,-0.144649073
1789388548.621604443,0.138111569,-0.046351652,0.128952930,0.906091750,-0.001724662,-0.397610664,-0.144569740
1789388548.654940605,0.138000215,-0.046326298,0.128849105,0.906186879,-0.001585166,-0.397392005,-0.144576892
1789388548.688278913,0.138025937,-0.046367053,0.128914032,0.906129479,-0.001703781,-0.397526234,-0.144566417
1789388548.721616983,0.137921082,-0.046341120,0.128847118,0.906196415,-0.001697654,-0.397376060,-0.144559175
1789388548.754955053,0.137992244,-0.046312059,0.128950732,0.906127274,-0.001558319,-0.397535741,-0.144555554
1789388548.788292170,0.138047106,-0.046343765,0.128939943,0.906108558,-0.001677645,-0.397548676,-0.144635722
1789388548.821630478,0.138092882,-0.046388500,0.128958619,0.906102955,-0.001709545,-0.397578925,-0.144587249
1789388548.854968548,0.138065561,-0.046330599,0.129026300,0.906090736,-0.001581942,-0.397604227,-0.144595668
1789388548.888305664,0.138080830,-0.046292862,0.129045808,0.906058073,-0.001601830,-0.397689968,-0.144565120
1789388548.921643734,0.138102672,-0.046313626,0.129041654,0.906076670,-0.001545466,-0.397649646,-0.144559428
1789388548.954982042,0.137966501,-0.046300144,0.128885533,0.906166852,-0.001574015,-0.397431344,-0.144594818
1789388548.988320112,0.138052122,-0.046326424,0.128938723,0.906126618,-0.001625414,-0.397514045,-0.144618556
1789388549.021657228,0.138051943,-0.046421846,0.128784769,0.906161845,-0.001820862,-0.397449702,-0.144571826
1789388549.054995298,0.138028840,-0.046326203,0.128935137,0.906131744,-0.001649744,-0.397521794,-0.144564360
1789388549.088333607,0.138023897,-0.046321776,0.128862629,0.906137168,-0.001628839,-0.397484213,-0.144634053
1789388549.121671677,0.138055340,-0.046266109,0.129012840,0.906104386,-0.001487480,-0.397591889,-0.144545048
1789388549.155008793,0.138053279,-0.046342692,0.128905545,0.906129956,-0.001675946,-0.397515893,-0.144591749
1789388549.188346863,0.138109098,-0.046277004,0.128986319,0.906084716,-0.001496094,-0.397597849,-0.144651741
1789388549.221685171,0.138127732,-0.046382916,0.128961395,0.906086147,-0.001705020,-0.397626936,-0.144560471
1789388549.255022287,0.138033771,-0.046298288,0.128963993,0.906105995,-0.001596727,-0.397570044,-0.144593954
1789388549.288360357,0.138015484,-0.046296795,0.128958409,0.906113625,-0.001561233,-0.397569090,-0.144549221
1789388549.321698427,0.137968698,-0.046330509,0.128891022,0.906156898,-0.001645122,-0.397468507,-0.144553602
1789388549.355036736,0.138048620,-0.046311901,0.128973247,0.906121194,-0.001607904,-0.397523373,-0.144626647
1789388549.388373852,0.138097288,-0.046305350,0.129040076,0.906076431,-0.001526106,-0.397641629,-0.144583449
1789388549.421711922,0.138092020,-0.046393037,0.128967621,0.906093836,-0.001741125,-0.397616297,-0.144541129
1789388549.455049992,0.138043025,-0.046363135,0.128853123,0.906148255,-0.001689380,-0.397473186,-0.144594118
1789388549.488388300,0.138127385,-0.046306543,0.129004984,0.906084836,-0.001554033,-0.397629499,-0.144563958
1789388549.521725178,0.138063973,-0.046398353,0.128824298,0.906161606,-0.001764361,-0.397445887,-0.144585043
1789388549.555063248,0.138118289,-0.046407103,0.128948450,0.906079590,-0.001741620,-0.397657901,-0.144516662
1789388549.588401318,0.138063668,-0.046362378,0.128885060,0.906116486,-0.001700934,-0.397550762,-0.144580677
1789388549.621738434,0.138058757,-0.046356657,0.128898531,0.906122625,-0.001676664,-0.397516519,-0.144636258
1789388549.655076742,0.138083586,-0.046316944,0.129041549,0.906054854,-0.001597355,-0.397710443,-0.144528046
1789388549.688412905,0.138132485,-0.046360811,0.129002692,0.906055391,-0.001662140,-0.397693872,-0.144570515
1789388549.721749306,0.138063006,-0.046308936,0.128998948,0.906082571,-0.001555788,-0.397620946,-0.144601300
1789388549.755084515,0.138053973,-0.046330042,0.128930153,0.906099796,-0.001611728,-0.397562444,-0.144653380
1789388549.788420677,0.137972211,-0.046285128,0.128919836,0.906156719,-0.001549073,-0.397451073,-0.144604266
1789388549.821756840,0.138016809,-0.046332276,0.128909541,0.906128645,-0.001637432,-0.397495031,-0.144658372
1789388549.855092049,0.138045265,-0.046286699,0.129056786,0.906087041,-0.001509483,-0.397605389,-0.144616514
1789388549.888428211,0.137994378,-0.046303252,0.128932056,0.906140089,-0.001555010,-0.397477806,-0.144634172
1789388549.921764374,0.138078349,-0.046366574,0.128984541,0.906110883,-0.001693396,-0.397580892,-0.144532770
1789388549.955100536,0.138007439,-0.046299655,0.128971218,0.906126380,-0.001589349,-0.397533625,-0.144566238
1789388549.988435745,0.138045181,-0.046295275,0.129017825,0.906098425,-0.001538303,-0.397588670,-0.144590557
1789388550.021771908,0.138067507,-0.046327870,0.128980356,0.906097353,-0.001625503,-0.397601068,-0.144562364
1789388550.055107832,0.138099907,-0.046360958,0.128947378,0.906098008,-0.001660230,-0.397597820,-0.144567102
1789388550.088443995,0.138060945,-0.046323763,0.128956758,0.906103849,-0.001620684,-0.397572875,-0.144599363
1789388550.121779203,0.138070935,-0.046386880,0.128929921,0.906100988,-0.001740451,-0.397598028,-0.144547388
1789388550.155115128,0.138081230,-0.046290717,0.129058259,0.906078756,-0.001517369,-0.397649497,-0.144546971
1789388550.188451529,0.138121086,-0.046342929,0.129036154,0.906062961,-0.001622648,-0.397690386,-0.144532159
1789388550.221786261,0.138045244,-0.046333449,0.128921593,0.906128407,-0.001663751,-0.397532493,-0.144555926
1789388550.255122662,0.137941914,-0.046264600,0.128903200,0.906195819,-0.001492572,-0.397352368,-0.144631058
1789388550.288458586,0.138043888,-0.046309982,0.128925462,0.906127036,-0.001581727,-0.397530615,-0.144570544
1789388550.321794510,0.138077118,-0.046328075,0.128977075,0.906113625,-0.001593768,-0.397566348,-0.144556910
1789388550.355129480,0.138116028,-0.046324321,0.128967779,0.906098008,-0.001594901,-0.397582352,-0.144610241
1789388550.388465643,0.138033340,-0.046289355,0.128977359,0.906107247,-0.001568550,-0.397597492,-0.144511461
1789388550.421801567,0.138012024,-0.046350679,0.128823331,0.906154215,-0.001704875,-0.397464573,-0.144581020
1789388550.455137491,0.138050208,-0.046394841,0.128919090,0.906139076,-0.001738174,-0.397519320,-0.144524276
1789388550.488472462,0.138023771,-0.046256024,0.129026668,0.906101227,-0.001460222,-0.397579223,-0.144600391
1789388550.521808386,0.138029870,-0.046300402,0.128999916,0.906127453,-0.001537290,-0.397555441,-0.144500390
1789388550.555144310,0.138029208,-0.046356174,0.128896932,0.906148016,-0.001700807,-0.397491604,-0.144545242
1789388550.588479042,0.138032909,-0.046322023,0.128926977,0.906132936,-0.001612456,-0.397511452,-0.144586325
1789388550.621814966,0.138034634,-0.046340478,0.128841218,0.906161964,-0.001664395,-0.397443771,-0.144590095
1789388550.655150890,0.138166536,-0.046342219,0.129047943,0.906035781,-0.001562694,-0.397706032,-0.144660905
1789388550.688488722,0.138105890,-0.046340489,0.129041464,0.906042516,-0.001645087,-0.397736043,-0.144534856
1789388550.721825838,0.138036979,-0.046349044,0.128930237,0.906115174,-0.001663236,-0.397563368,-0.144554853
1789388550.755163908,0.138092682,-0.046376885,0.128982449,0.906077564,-0.001736987,-0.397675961,-0.144479141
1789388550.788501978,0.138086099,-0.046309204,0.129009790,0.906074107,-0.001596406,-0.397655666,-0.144558176
1789388550.821839809,0.138194015,-0.046409569,0.128936904,0.906072199,-0.001715246,-0.397633791,-0.144629329
1789388550.855176926,0.138039871,-0.046324042,0.128889319,0.906130135,-0.001632242,-0.397507161,-0.144615695
1789388550.888514996,0.138111958,-0.046327491,0.128987002,0.906094253,-0.001556542,-0.397579938,-0.144641206
1789388550.921853065,0.138054057,-0.046381875,0.128888246,0.906122625,-0.001715324,-0.397526175,-0.144609019
1789388550.955189943,0.137999142,-0.046341125,0.128923654,0.906131387,-0.001673319,-0.397530735,-0.144542277
1789388550.988528013,0.138047453,-0.046284218,0.128936262,0.906137109,-0.001550824,-0.397488981,-0.144622073
1789388551.021866083,0.137987480,-0.046293262,0.128943066,0.906140268,-0.001571643,-0.397496134,-0.144582629
1789388551.055203915,0.137998963,-0.046313074,0.128920268,0.906142533,-0.001582344,-0.397475958,-0.144623980
1789388551.088541031,0.138024864,-0.046315708,0.128937535,0.906138778,-0.001602784,-0.397521704,-0.144521475
1789388551.121878862,0.138040218,-0.046391628,0.128896649,0.906136930,-0.001750679,-0.397525042,-0.144522235
1789388551.155216932,0.138037410,-0.046322060,0.128893693,0.906143069,-0.001574465,-0.397454768,-0.144679099
1789388551.188554049,0.138086646,-0.046366763,0.128929101,0.906098723,-0.001690087,-0.397582710,-0.144603610
1789388551.221891880,0.138044635,-0.046351000,0.129003544,0.906103551,-0.001631974,-0.397563934,-0.144626155
1789388551.255229950,0.138123757,-0.046371958,0.128969251,0.906076074,-0.001697039,-0.397630721,-0.144613892
1789388551.288567781,0.138021815,-0.046346657,0.128955591,0.906108975,-0.001656251,-0.397574276,-0.144562930
1789388551.321905136,0.138165674,-0.046358387,0.128987622,0.906051874,-0.001621948,-0.397672921,-0.144650474
1789388551.355242968,0.138080883,-0.046387517,0.128914032,0.906111777,-0.001716695,-0.397568673,-0.144560695
1789388551.388580799,0.138052932,-0.046310292,0.128977159,0.906099498,-0.001593355,-0.397581309,-0.144603640
1789388551.421918869,0.138104597,-0.046377311,0.128981103,0.906074226,-0.001697383,-0.397648633,-0.144576013
1789388551.455255747,0.138107594,-0.046357462,0.128992229,0.906072915,-0.001638591,-0.397659868,-0.144553855
1789388551.488594055,0.137969403,-0.046298730,0.128925252,0.906145096,-0.001580542,-0.397476196,-0.144607037
1789388551.521931887,0.137982358,-0.046347440,0.128887605,0.906139255,-0.001700418,-0.397515059,-0.144535512
1789388551.555268764,0.138010342,-0.046387427,0.128859653,0.906169772,-0.001754887,-0.397441328,-0.144546285
1789388551.588606834,0.138073417,-0.046366716,0.128906797,0.906137705,-0.001646971,-0.397503376,-0.144578397
1789388551.621944904,0.138112778,-0.046398485,0.128864080,0.906123102,-0.001704025,-0.397504985,-0.144664511
1789388551.655282736,0.138059883,-0.046414001,0.128868813,0.906146049,-0.001746810,-0.397481322,-0.144584939
1789388551.688619137,0.138038420,-0.046339606,0.128892768,0.906127512,-0.001626497,-0.397487938,-0.144684777
1789388551.721956491,0.138043162,-0.046314325,0.128906786,0.906129181,-0.001602483,-0.397512287,-0.144607916
1789388551.755293846,0.138036075,-0.046290938,0.128990904,0.906113565,-0.001544511,-0.397542953,-0.144621521
1789388551.788631439,0.138033456,-0.046329279,0.128930457,0.906122267,-0.001641576,-0.397529781,-0.144602433
1789388551.821967840,0.138055161,-0.046344380,0.128932214,0.906115413,-0.001653896,-0.397554129,-0.144578502
1789388551.855305195,0.138077245,-0.046353818,0.128930889,0.906108260,-0.001678911,-0.397561520,-0.144602150
1789388551.888642550,0.137986323,-0.046293104,0.128962857,0.906129718,-0.001569726,-0.397523880,-0.144572452
1789388551.921978951,0.138050502,-0.046339285,0.128972563,0.906107485,-0.001613997,-0.397570848,-0.144582525
1789388551.955316305,0.138134336,-0.046406461,0.128970387,0.906062186,-0.001744201,-0.397664338,-0.144607320
1789388551.988653898,0.138057096,-0.046357599,0.128994900,0.906106949,-0.001634761,-0.397578418,-0.144564420
1789388552.021991253,0.138027220,-0.046321481,0.128962153,0.906133652,-0.001566021,-0.397501409,-0.144609794
1789388552.055327415,0.138134220,-0.046416504,0.128967253,0.906058848,-0.001748443,-0.397656739,-0.144649252
1789388552.088664770,0.138013055,-0.046365054,0.128852755,0.906154394,-0.001740364,-0.397473246,-0.144555464
1789388552.122002125,0.138011131,-0.046323790,0.128947630,0.906134903,-0.001616168,-0.397525758,-0.144534752
1789388552.155339718,0.138008207,-0.046289418,0.129007982,0.906117916,-0.001529547,-0.397534221,-0.144619077
1789388552.188675880,0.138004358,-0.046291931,0.128946011,0.906123459,-0.001539781,-0.397513002,-0.144641966
1789388552.222013235,0.138098214,-0.046354928,0.128983132,0.906083107,-0.001657623,-0.397625923,-0.144583195
1789388552.255350590,0.138074037,-0.046380297,0.128962321,0.906091034,-0.001734084,-0.397644550,-0.144482031
1789388552.288686991,0.138120581,-0.046386360,0.128944728,0.906077504,-0.001702953,-0.397658885,-0.144527540
1789388552.322024107,0.138080715,-0.046355958,0.128924032,0.906104386,-0.001668749,-0.397573590,-0.144594148
1789388552.355361462,0.138109045,-0.046308715,0.129070247,0.906067789,-0.001534098,-0.397649318,-0.144616053
1789388552.388699055,0.137997964,-0.046357741,0.128833374,0.906171918,-0.001725717,-0.397451758,-0.144504845
1789388552.422035217,0.138025579,-0.046325693,0.128956600,0.906128526,-0.001630111,-0.397522151,-0.144584239
1789388552.455372572,0.138001771,-0.046294197,0.128926409,0.906145990,-0.001572921,-0.397511303,-0.144504771
1789388552.488709688,0.138043204,-0.046357357,0.128904178,0.906121552,-0.001679491,-0.397535890,-0.144589931
1789388552.522046089,0.138073490,-0.046348208,0.128930016,0.906118810,-0.001640599,-0.397553593,-0.144558638
1789388552.555383205,0.138022835,-0.046362489,0.128900013,0.906141818,-0.001660182,-0.397504956,-0.144547909
1789388552.588720798,0.138082734,-0.046354701,0.128886269,0.906115592,-0.001664442,-0.397529602,-0.144644782
1789388552.622057915,0.138045770,-0.046334453,0.128931194,0.906126559,-0.001638034,-0.397554666,-0.144506887
1789388552.655394316,0.138095027,-0.046349917,0.128988054,0.906090081,-0.001657164,-0.397620469,-0.144554466
1789388552.688731909,0.138072765,-0.046348949,0.128928302,0.906097770,-0.001677817,-0.397575349,-0.144630283
1789388552.722069740,0.138072407,-0.046341846,0.128962069,0.906101048,-0.001607772,-0.397579491,-0.144599006
1789388552.755407572,0.138022414,-0.046412566,0.128831733,0.906145334,-0.001790765,-0.397491395,-0.144561678
1789388552.788744450,0.138032751,-0.046400099,0.128808051,0.906154096,-0.001802659,-0.397471130,-0.144562408
1789388552.822082043,0.138090116,-0.046353923,0.128977117,0.906099260,-0.001614053,-0.397567093,-0.144644350
1789388552.855419636,0.138167609,-0.046355206,0.129057701,0.906036675,-0.001598785,-0.397695959,-0.144681901
1789388552.888756514,0.137970118,-0.046306696,0.128927555,0.906138599,-0.001579011,-0.397491992,-0.144604489
1789388552.922094345,0.137976838,-0.046266472,0.128947430,0.906158507,-0.001522528,-0.397450298,-0.144595444
1789388552.955432177,0.138000162,-0.046285732,0.128948713,0.906132817,-0.001557775,-0.397514731,-0.144578621
1789388552.988769770,0.138017745,-0.046403869,0.128823594,0.906153858,-0.001790883,-0.397487849,-0.144517928
1789388553.022106409,0.138035528,-0.046294597,0.129000610,0.906100214,-0.001538511,-0.397573352,-0.144621506
1789388553.055444241,0.137983673,-0.046346262,0.128867393,0.906155825,-0.001693496,-0.397465318,-0.144568712
1789388553.088782072,0.137942188,-0.046324563,0.128892179,0.906180620,-0.001621381,-0.397413373,-0.144557044
1789388553.122119904,0.138034455,-0.046316576,0.128934748,0.906124532,-0.001609089,-0.397540599,-0.144558609
1789388553.155456543,0.138173855,-0.046426168,0.128980240,0.906061649,-0.001758923,-0.397674829,-0.144581839
1789388553.188794136,0.138057054,-0.046288803,0.128896070,0.906125128,-0.001561834,-0.397509009,-0.144642726
1789388553.222131729,0.137988658,-0.046271714,0.128897553,0.906156003,-0.001524188,-0.397426039,-0.144677222
1789388553.255468845,0.138067570,-0.046313715,0.128977801,0.906101465,-0.001563528,-0.397578567,-0.144599169
1789388553.288806438,0.138071966,-0.046372726,0.128977832,0.906095207,-0.001686369,-0.397598863,-0.144581243
1789388553.322144032,0.138025832,-0.046385923,0.128889929,0.906130016,-0.001724067,-0.397535503,-0.144536704
1789388553.355481863,0.138018618,-0.046302532,0.128901854,0.906150937,-0.001551029,-0.397460938,-0.144612610
1789388553.388818502,0.138049482,-0.046348208,0.128940868,0.906084299,-0.001668920,-0.397607684,-0.144625783
1789388553.422156334,0.138098203,-0.046414406,0.128900655,0.906111956,-0.001767525,-0.397555023,-0.144595742
1789388553.455493927,0.138078454,-0.046392444,0.128848485,0.906126082,-0.001746898,-0.397486717,-0.144695863
1789388553.488831758,0.138012739,-0.046349286,0.128880706,0.906138361,-0.001665127,-0.397490621,-0.144609138
1789388553.522168398,0.138073869,-0.046322449,0.128970219,0.906107664,-0.001581348,-0.397572666,-0.144576877
1789388553.555505991,0.138051817,-0.046340799,0.128989231,0.906106412,-0.001616727,-0.397563070,-0.144610554
1789388553.588843822,0.138098403,-0.046358230,0.128954476,0.906093419,-0.001635602,-0.397589356,-0.144619510
1789388553.622180700,0.138016578,-0.046302190,0.128969735,0.906125724,-0.001552270,-0.397507966,-0.144641563
1789388553.655518293,0.138063395,-0.046389346,0.128934401,0.906112015,-0.001717339,-0.397562325,-0.144575670
1789388553.688858986,0.138086320,-0.046343334,0.128991787,0.906082749,-0.001607578,-0.397599936,-0.144657508
1789388553.722199440,0.138031637,-0.046311728,0.129014596,0.906100094,-0.001539742,-0.397551060,-0.144684136
1789388553.755539179,0.138111769,-0.046345989,0.129016457,0.906077564,-0.001621264,-0.397626162,-0.144617707
1789388553.788879633,0.138039597,-0.046313400,0.129000021,0.906107485,-0.001565021,-0.397554398,-0.144627914
1789388553.822220564,0.138083365,-0.046302600,0.129038530,0.906080186,-0.001538728,-0.397634685,-0.144578367
1789388553.855560064,0.138158134,-0.046411525,0.128993827,0.906043053,-0.001719220,-0.397683322,-0.144675612
1789388553.888900995,0.138115313,-0.046323400,0.129022104,0.906058133,-0.001600630,-0.397680819,-0.144589588
1789388553.922241688,0.138046843,-0.046314772,0.128996919,0.906088531,-0.001557567,-0.397583067,-0.144667923
1789388553.955582619,0.138079863,-0.046329526,0.129046134,0.906066775,-0.001542788,-0.397651941,-0.144615278
1789388553.988922358,0.138054614,-0.046321276,0.129010768,0.906099141,-0.001566437,-0.397585779,-0.144594446
1789388554.022263288,0.137991876,-0.046296932,0.128911560,0.906147778,-0.001566214,-0.397461444,-0.144631580
1789388554.055603981,0.138078086,-0.046290580,0.129073696,0.906057537,-0.001508506,-0.397675246,-0.144609883
1789388554.088945150,0.138002486,-0.046327828,0.128938933,0.906117976,-0.001621656,-0.397537977,-0.144606888
1789388554.122284889,0.138021783,-0.046334595,0.128928870,0.906123400,-0.001634935,-0.397528410,-0.144598797
1789388554.155626059,0.138045129,-0.046336614,0.128933875,0.906106770,-0.001616580,-0.397546381,-0.144654095
1789388554.188966990,0.137973094,-0.046352787,0.128848632,0.906169474,-0.001656277,-0.397399038,-0.144666165
1789388554.222307205,0.138030553,-0.046350595,0.128859800,0.906144619,-0.001653264,-0.397460520,-0.144652441
1789388554.255648136,0.138055003,-0.046330867,0.128969756,0.906102538,-0.001624355,-0.397555321,-0.144656166
1789388554.288989305,0.137979414,-0.046252617,0.129009285,0.906116426,-0.001420456,-0.397526234,-0.144651085
1789388554.322330475,0.138056107,-0.046406088,0.128933549,0.906094015,-0.001739177,-0.397584707,-0.144626915
1789388554.355670691,0.138014969,-0.046349317,0.128946021,0.906110108,-0.001630758,-0.397534311,-0.144666120
1789388554.389011860,0.138040933,-0.046299224,0.129014964,0.906119168,-0.001507383,-0.397530019,-0.144622505
1789388554.422353268,0.138005494,-0.046329568,0.128961480,0.906117439,-0.001620245,-0.397536248,-0.144615412
1789388554.455694675,0.138003412,-0.046349396,0.128877110,0.906150460,-0.001677401,-0.397455394,-0.144629404
1789388554.489034891,0.138017219,-0.046299955,0.128987591,0.906101406,-0.001523564,-0.397555411,-0.144664034
1789388554.522376299,0.138038009,-0.046343612,0.129006940,0.906084597,-0.001622841,-0.397644460,-0.144523129
1789388554.555717468,0.138044529,-0.046344059,0.128982280,0.906100392,-0.001613260,-0.397569716,-0.144630060
1789388554.589058161,0.138072365,-0.046303714,0.128958031,0.906111300,-0.001556342,-0.397546023,-0.144627199
1789388554.622399569,0.138085384,-0.046290543,0.129042074,0.906072259,-0.001518791,-0.397654176,-0.144575343
1789388554.655740976,0.138047127,-0.046360969,0.128937671,0.906123459,-0.001642347,-0.397531062,-0.144591168
1789388554.689079523,0.138020479,-0.046356705,0.128871431,0.906153142,-0.001687285,-0.397455543,-0.144612789
1789388554.722417355,0.138061807,-0.046350001,0.128997465,0.906084120,-0.001639463,-0.397626221,-0.144576818
1789388554.755755901,0.138054562,-0.046321671,0.128924558,0.906126916,-0.001614859,-0.397518218,-0.144605443
1789388554.789094448,0.138053794,-0.046367710,0.128926935,0.906109214,-0.001700519,-0.397571832,-0.144567609
1789388554.822432995,0.138091683,-0.046430033,0.128937882,0.906070948,-0.001765169,-0.397646785,-0.144601136
1789388554.855770826,0.138057012,-0.046378378,0.128913506,0.906127036,-0.001676028,-0.397524774,-0.144585565
1789388554.889109373,0.138066823,-0.046363898,0.128986235,0.906097770,-0.001674333,-0.397604436,-0.144549802
1789388554.922447920,0.138038672,-0.046401140,0.128909026,0.906101525,-0.001771394,-0.397592485,-0.144558564
1789388554.955785751,0.137987164,-0.046325866,0.128897858,0.906141222,-0.001629509,-0.397472322,-0.144641519
1789388554.989124298,0.138052637,-0.046367615,0.128877393,0.906115711,-0.001685342,-0.397538453,-0.144619554
1789388555.022462845,0.137994988,-0.046329526,0.128824645,0.906175673,-0.001626949,-0.397389889,-0.144652411
1789388555.055801630,0.138043572,-0.046346699,0.128946021,0.906125903,-0.001673597,-0.397535652,-0.144563437
1789388555.089139223,0.138002044,-0.046341803,0.128897942,0.906132758,-0.001657297,-0.397492141,-0.144639611
1789388555.122477770,0.138098781,-0.046335615,0.128996982,0.906079113,-0.001610981,-0.397630155,-0.144597143
1789388555.155816317,0.138093555,-0.046374940,0.128941447,0.906086445,-0.001708767,-0.397621572,-0.144574001
1789388555.189154148,0.137997628,-0.046331130,0.128922518,0.906146586,-0.001599135,-0.397460312,-0.144641489
1789388555.222492933,0.138092977,-0.046336062,0.128932150,0.906111002,-0.001626816,-0.397561401,-0.144585833
1789388555.255831480,0.138153706,-0.046426473,0.128974604,0.906055689,-0.001770352,-0.397696435,-0.144559309
1789388555.289170265,0.138100622,-0.046402928,0.128910288,0.906087339,-0.001745860,-0.397602916,-0.144618943
1789388555.322507858,0.138110665,-0.046338990,0.128942908,0.906085193,-0.001605040,-0.397598356,-0.144646719
1789388555.355846643,0.138069200,-0.046346746,0.128954571,0.906105280,-0.001617930,-0.397553086,-0.144644931
1789388555.389185190,0.138100664,-0.046371485,0.128938071,0.906104743,-0.001642085,-0.397568166,-0.144607186
1789388555.422523975,0.138135661,-0.046302279,0.129069016,0.906036854,-0.001521843,-0.397737712,-0.144567043
1789388555.455861807,0.138115102,-0.046345179,0.128985540,0.906077623,-0.001646186,-0.397639483,-0.144580320
1789388555.489200354,0.138101221,-0.046334305,0.128991776,0.906092942,-0.001587051,-0.397587597,-0.144627631
1789388555.522539377,0.138084311,-0.046323106,0.128978095,0.906090200,-0.001577318,-0.397596806,-0.144619584
1789388555.555876970,0.138076141,-0.046383920,0.128940858,0.906103134,-0.001731826,-0.397584260,-0.144571364
1789388555.589215517,0.138039955,-0.046343654,0.128951079,0.906115651,-0.001634396,-0.397537470,-0.144622281
1789388555.622554541,0.138036863,-0.046320955,0.128969125,0.906103849,-0.001569874,-0.397556871,-0.144644350
1789388555.655893326,0.138029754,-0.046349612,0.128858328,0.906152725,-0.001668934,-0.397472352,-0.144568801
1789388555.689230442,0.138010952,-0.046242101,0.129006867,0.906128347,-0.001443995,-0.397538036,-0.144544035
1789388555.722568989,0.138079474,-0.046359996,0.128962920,0.906082988,-0.001660239,-0.397625864,-0.144583985
1789388555.755907536,0.138066318,-0.046341320,0.128974330,0.906093299,-0.001658119,-0.397592098,-0.144612357
1789388555.789245844,0.138077076,-0.046366416,0.128997529,0.906068325,-0.001625864,-0.397628754,-0.144668818
1789388555.822583199,0.138062007,-0.046304445,0.129003502,0.906093180,-0.001527480,-0.397574067,-0.144664139
1789388555.855921745,0.137982138,-0.046307011,0.128886721,0.906159103,-0.001565968,-0.397412926,-0.144693151
1789388555.889260054,0.138019375,-0.046327460,0.128912486,0.906149805,-0.001590693,-0.397464961,-0.144608304
1789388555.922597408,0.137997386,-0.046307132,0.128909867,0.906146824,-0.001611674,-0.397468805,-0.144616574
1789388555.955935717,0.137989699,-0.046349501,0.128832953,0.906171203,-0.001683306,-0.397414118,-0.144612595
1789388555.989274263,0.138088276,-0.046330357,0.128978095,0.906096339,-0.001602524,-0.397601902,-0.144566953
1789388556.022612572,0.138110560,-0.046344301,0.129067691,0.906052172,-0.001578977,-0.397689879,-0.144601658
1789388556.055949926,0.138085563,-0.046342103,0.128921603,0.906111062,-0.001616099,-0.397542059,-0.144638538
1789388556.089288235,0.138049703,-0.046375034,0.128946537,0.906102240,-0.001702688,-0.397554070,-0.144660234
1789388556.122626781,0.138071524,-0.046358261,0.128944570,0.906106651,-0.001641429,-0.397549540,-0.144645706
1789388556.155965090,0.138051670,-0.046393321,0.128892547,0.906112671,-0.001722405,-0.397515982,-0.144699335
1789388556.189302444,0.137999068,-0.046298914,0.128940332,0.906130672,-0.001582451,-0.397500753,-0.144629896
1789388556.222640753,0.138070756,-0.046352972,0.129041507,0.906052947,-0.001640448,-0.397689104,-0.144598544
1789388556.255979300,0.138100275,-0.046369303,0.129011399,0.906076670,-0.001664313,-0.397639662,-0.144585550
1789388556.289316654,0.138109771,-0.046397202,0.128974099,0.906073511,-0.001724605,-0.397630721,-0.144629881
1789388556.322654963,0.138161005,-0.046391492,0.128993575,0.906039357,-0.001686708,-0.397716761,-0.144607782
1789388556.355993748,0.138115670,-0.046353576,0.128985708,0.906053007,-0.001650554,-0.397677243,-0.144631311
1789388556.389332056,0.137950264,-0.046298404,0.128940553,0.906150043,-0.001571391,-0.397460192,-0.144620627
1789388556.422669411,0.138011004,-0.046286784,0.129057522,0.906092942,-0.001491979,-0.397602916,-0.144587204
1789388556.456007719,0.137982253,-0.046325004,0.128935242,0.906141102,-0.001636823,-0.397483706,-0.144611478
1789388556.489346266,0.138062817,-0.046321939,0.128976507,0.906113207,-0.001579211,-0.397538483,-0.144635826
1789388556.522683620,0.137989878,-0.046310150,0.128978032,0.906112492,-0.001557332,-0.397538334,-0.144641057
1789388556.556021929,0.138062859,-0.046382138,0.128936189,0.906097949,-0.001721272,-0.397578329,-0.144620538
1789388556.589360237,0.138082734,-0.046349112,0.128953772,0.906096578,-0.001655528,-0.397589356,-0.144599333
1789388556.622698784,0.138071240,-0.046361300,0.128986949,0.906078935,-0.001671850,-0.397637457,-0.144577160
1789388556.656036139,0.138095343,-0.046422540,0.128940868,0.906087339,-0.001761834,-0.397604674,-0.144614190
1789388556.689374447,0.138139573,-0.046370092,0.129009296,0.906052649,-0.001671442,-0.397685707,-0.144609690
1789388556.722712994,0.137994999,-0.046328643,0.128940879,0.906135023,-0.001641443,-0.397520691,-0.144547209
1789388556.756051302,0.138015936,-0.046354996,0.128901475,0.906138420,-0.001655271,-0.397494614,-0.144597381
1789388556.789388657,0.138076088,-0.046414911,0.128864091,0.906099319,-0.001803417,-0.397577405,-0.144613162
1789388556.822726727,0.138065235,-0.046387222,0.128948419,0.906104028,-0.001715765,-0.397579253,-0.144579768
1789388556.856065273,0.137998942,-0.046334353,0.128936662,0.906135619,-0.001602130,-0.397495240,-0.144614220
1789388556.889402628,0.138080273,-0.046368662,0.128960775,0.906079769,-0.001663583,-0.397609562,-0.144649133
1789388556.922740936,0.138022361,-0.046325950,0.128933087,0.906124949,-0.001578488,-0.397518784,-0.144616738
1789388556.956079245,0.138064100,-0.046310371,0.129036511,0.906090438,-0.001538091,-0.397612751,-0.144574806
1789388556.989417791,0.138034203,-0.046330541,0.128958230,0.906115592,-0.001643410,-0.397546381,-0.144598559
1789388557.022754908,0.138140372,-0.046312285,0.129036774,0.906072259,-0.001547300,-0.397657245,-0.144566059
1789388557.056093216,0.138035675,-0.046340636,0.128890560,0.906110883,-0.001651082,-0.397540182,-0.144645542
1789388557.089431524,0.138069863,-0.046382611,0.128961353,0.906099677,-0.001663906,-0.397580594,-0.144603670
1789388557.122770071,0.138166010,-0.046370192,0.129069490,0.906024575,-0.001593228,-0.397737831,-0.144642964
1789388557.156107426,0.138154590,-0.046384188,0.128993291,0.906055510,-0.001666974,-0.397667199,-0.144642547
1789388557.189445734,0.138053510,-0.046367342,0.128945222,0.906100214,-0.001660658,-0.397580802,-0.144600242
1789388557.222784042,0.138085479,-0.046373546,0.128913684,0.906126082,-0.001676342,-0.397523642,-0.144595131
1789388557.256121397,0.138017587,-0.046351615,0.128892253,0.906136513,-0.001669365,-0.397499293,-0.144596383
1789388557.289459705,0.138055140,-0.046365748,0.128862818,0.906149864,-0.001694840,-0.397478312,-0.144569978
1789388557.322798014,0.138130519,-0.046351336,0.129019507,0.906046152,-0.001636720,-0.397715390,-0.144568786
1789388557.356136560,0.138111106,-0.046356137,0.128998917,0.906053960,-0.001672821,-0.397694945,-0.144576490
1789388557.389473915,0.138042321,-0.046299156,0.129041359,0.906095982,-0.001523828,-0.397585124,-0.144616574
1789388557.422812223,0.138121843,-0.046310792,0.129062528,0.906054795,-0.001505492,-0.397639692,-0.144724607
1789388557.456150532,0.138074805,-0.046333732,0.128960607,0.906113505,-0.001621398,-0.397529513,-0.144658223
1789388557.489489079,0.138057432,-0.046345074,0.128972175,0.906114101,-0.001622367,-0.397541791,-0.144620746
1789388557.522826195,0.138021583,-0.046291432,0.128975298,0.906116486,-0.001513083,-0.397532672,-0.144631773
1789388557.556164503,0.138053878,-0.046343744,0.128920257,0.906122148,-0.001635830,-0.397514105,-0.144646704
1789388557.589502811,0.138119729,-0.046323905,0.129083339,0.906044841,-0.001568924,-0.397694021,-0.144636646
1789388557.622840405,0.138053131,-0.046290264,0.129030370,0.906081676,-0.001541058,-0.397617668,-0.144615993
1789388557.656178713,0.137986660,-0.046302621,0.128944065,0.906124353,-0.001586621,-0.397511274,-0.144640461
1789388557.689517021,0.138040744,-0.046335657,0.128887731,0.906133592,-0.001634444,-0.397508532,-0.144590005
1789388557.722855568,0.138021121,-0.046298493,0.128883977,0.906145871,-0.001565196,-0.397468716,-0.144623145
1789388557.756192684,0.138069863,-0.046372752,0.128892610,0.906117976,-0.001691203,-0.397527248,-0.144635692
1789388557.789530993,0.138010720,-0.046335767,0.128895155,0.906146407,-0.001611250,-0.397465318,-0.144628376
1789388557.822869301,0.137991623,-0.046330914,0.128932077,0.906136155,-0.001591294,-0.397473067,-0.144671351
1789388557.856206894,0.138083228,-0.046340920,0.128971238,0.906091154,-0.001612343,-0.397609532,-0.144578964
1789388557.889544964,0.138051975,-0.046330125,0.128948009,0.906112492,-0.001581649,-0.397545010,-0.144622698
1789388557.922883272,0.138020027,-0.046311607,0.128944738,0.906127334,-0.001584766,-0.397517413,-0.144604757
1789388557.956221581,0.138097719,-0.046376596,0.128911129,0.906117499,-0.001679285,-0.397542149,-0.144598216
1789388557.989559174,0.138018145,-0.046322465,0.128897690,0.906140685,-0.001636982,-0.397488683,-0.144600108
1789388558.022897482,0.138052406,-0.046370134,0.128915188,0.906111240,-0.001697990,-0.397526056,-0.144680977
1789388558.056235552,0.138030080,-0.046372253,0.128928312,0.906113267,-0.001705197,-0.397577047,-0.144528240
1789388558.089573860,0.138034487,-0.046320582,0.129010579,0.906093776,-0.001571687,-0.397603929,-0.144578159
1789388558.122911453,0.138008396,-0.046299445,0.128998801,0.906100273,-0.001552513,-0.397576720,-0.144612744
1789388558.156249762,0.138003222,-0.046284397,0.128976023,0.906135798,-0.001483920,-0.397487551,-0.144635201
1789388558.189588070,0.138060314,-0.046395188,0.128935453,0.906094551,-0.001669091,-0.397562802,-0.144684806
1789388558.222925186,0.138051659,-0.046302032,0.129024692,0.906081080,-0.001503050,-0.397581309,-0.144720018
1789388558.256263733,0.138051407,-0.046365686,0.128923201,0.906113923,-0.001683361,-0.397551209,-0.144595563
1789388558.289602041,0.137981212,-0.046269621,0.128988369,0.906122983,-0.001483621,-0.397525132,-0.144612297
1789388558.322940350,0.137998858,-0.046296259,0.129008644,0.906115532,-0.001527271,-0.397554368,-0.144578546
1789388558.356277943,0.138062007,-0.046351815,0.129031790,0.906087697,-0.001592461,-0.397594035,-0.144642472
1789388558.389616251,0.138115271,-0.046393616,0.128954718,0.906069875,-0.001692687,-0.397616714,-0.144690812
1789388558.422954559,0.138017692,-0.046282335,0.128980325,0.906120121,-0.001498508,-0.397515833,-0.144655898
1789388558.456292629,0.137991487,-0.046315382,0.128947251,0.906137347,-0.001579377,-0.397478312,-0.144649982
1789388558.489630222,0.138028840,-0.046321287,0.128936935,0.906114757,-0.001604625,-0.397546798,-0.144603044
1789388558.522968531,0.137994463,-0.046328553,0.128922676,0.906142890,-0.001612641,-0.397465289,-0.144651309
1789388558.556306839,0.138117132,-0.046383725,0.128964592,0.906068563,-0.001660862,-0.397630900,-0.144660398
1789388558.589644194,0.138097793,-0.046354181,0.129018813,0.906077862,-0.001599475,-0.397630334,-0.144604504
1789388558.622982740,0.138140309,-0.046372310,0.129017404,0.906043410,-0.001632367,-0.397676587,-0.144693121
1789388558.656321049,0.138001004,-0.046382195,0.128899351,0.906148732,-0.001706814,-0.397478461,-0.144577324
1789388558.689658880,0.138029460,-0.046375965,0.128913295,0.906129301,-0.001692109,-0.397506058,-0.144623339
1789388558.722995996,0.137980707,-0.046369676,0.128884145,0.906145751,-0.001694871,-0.397470236,-0.144617736
1789388558.756334305,0.138007934,-0.046349696,0.128884429,0.906134307,-0.001653792,-0.397493511,-0.144626185
1789388558.789672136,0.138092493,-0.046306638,0.129014533,0.906081617,-0.001529495,-0.397593886,-0.144682348
1789388558.823010206,0.138096394,-0.046371669,0.128975929,0.906081378,-0.001681335,-0.397619486,-0.144611940
1789388558.856347322,0.138020637,-0.046332760,0.128900129,0.906152606,-0.001586745,-0.397437721,-0.144665718
1789388558.889685631,0.138027199,-0.046303588,0.128953919,0.906115651,-0.001548923,-0.397538930,-0.144619659
1789388558.923023462,0.138126270,-0.046307558,0.129030023,0.906060100,-0.001532383,-0.397649825,-0.144662425
1789388558.956360579,0.138035874,-0.046399063,0.128913632,0.906116426,-0.001742159,-0.397550732,-0.144579604
1789388558.989698648,0.138066666,-0.046307427,0.128941868,0.906109393,-0.001552977,-0.397552311,-0.144622415
1789388559.023036718,0.138033088,-0.046345416,0.128938334,0.906107247,-0.001619176,-0.397550464,-0.144640267
1789388559.056374788,0.138042741,-0.046350768,0.128882778,0.906135380,-0.001643397,-0.397486359,-0.144639403
1789388559.089711905,0.138010373,-0.046335536,0.128927608,0.906136155,-0.001603752,-0.397471905,-0.144674554
1789388559.123049736,0.138020700,-0.046376774,0.128823362,0.906159461,-0.001741514,-0.397462040,-0.144553930
1789388559.156388044,0.138067707,-0.046316313,0.128984573,0.906081736,-0.001565149,-0.397595972,-0.144674942
1789388559.189725161,0.138059904,-0.046334600,0.128964203,0.906100929,-0.001576987,-0.397549480,-0.144683033
1789388559.223062992,0.138039124,-0.046292867,0.129033504,0.906091452,-0.001494489,-0.397598445,-0.144608095
1789388559.256401062,0.138048967,-0.046311186,0.128997939,0.906102836,-0.001548986,-0.397557169,-0.144650325
1789388559.289739370,0.138034592,-0.046311050,0.128979157,0.906120539,-0.001552921,-0.397525281,-0.144626409
1789388559.323076248,0.137971201,-0.046285054,0.128956201,0.906141341,-0.001521209,-0.397463590,-0.144665867
1789388559.356414318,0.138103177,-0.046355890,0.128976076,0.906074047,-0.001599990,-0.397604316,-0.144700482
1789388559.389752388,0.138016483,-0.046356678,0.128930216,0.906126797,-0.001665843,-0.397523075,-0.144592389
1789388559.423090219,0.138095889,-0.046343318,0.129029413,0.906074762,-0.001597129,-0.397634417,-0.144612640
1789388559.456427574,0.138049346,-0.046371201,0.128976181,0.906102180,-0.001653219,-0.397562772,-0.144637689
1789388559.489765644,0.138014990,-0.046366569,0.128900361,0.906137228,-0.001676729,-0.397498727,-0.144593537
1789388559.523103476,0.138021710,-0.046322417,0.128982585,0.906098783,-0.001593115,-0.397584379,-0.144599915
1789388559.556440592,0.138055729,-0.046324568,0.129027079,0.906084120,-0.001534718,-0.397599608,-0.144650891
1789388559.589778662,0.138086341,-0.046358987,0.128976938,0.906096697,-0.001639485,-0.397593021,-0.144588754
1789388559.623116732,0.138030743,-0.046342103,0.128954087,0.906118631,-0.001628828,-0.397532552,-0.144617870
1789388559.656454802,0.138091284,-0.046345321,0.128957715,0.906094491,-0.001599505,-0.397572875,-0.144657925
1789388559.689791918,0.138092324,-0.046360380,0.128983910,0.906089485,-0.001639294,-0.397600561,-0.144612953
1789388559.723130226,0.137981254,-0.046283524,0.129008150,0.906112432,-0.001497975,-0.397559553,-0.144583866
1789388559.756468296,0.138044550,-0.046327518,0.128953046,0.906096637,-0.001640161,-0.397594750,-0.144584417
1789388559.789806604,0.138070209,-0.046352772,0.128927849,0.906121910,-0.001656399,-0.397541344,-0.144572794
1789388559.823143721,0.138088444,-0.046385477,0.128990756,0.906053782,-0.001669785,-0.397664458,-0.144660413
1789388559.856482029,0.137963356,-0.046304850,0.128922339,0.906159997,-0.001559800,-0.397435606,-0.144625351
1789388559.889820337,0.138076246,-0.046358151,0.128958241,0.906106472,-0.001607326,-0.397572249,-0.144585222
1789388559.923157454,0.138055308,-0.046271909,0.129058606,0.906081080,-0.001468762,-0.397611529,-0.144637361
1789388559.956495523,0.138035643,-0.046339842,0.128921897,0.906128585,-0.001624997,-0.397492290,-0.144665703
1789388559.989833832,0.138006083,-0.046337424,0.128906166,0.906163156,-0.001618513,-0.397436917,-0.144601971
1789388560.023172140,0.137992444,-0.046283250,0.128991051,0.906115770,-0.001531414,-0.397528589,-0.144647688
1789388560.056509256,0.138063910,-0.046326398,0.128930121,0.906109810,-0.001597573,-0.397545487,-0.144637644
1789388560.089847326,0.138084311,-0.046377810,0.129002839,0.906071365,-0.001665371,-0.397624522,-0.144660994
1789388560.123185873,0.138052606,-0.046352036,0.128918617,0.906102002,-0.001682488,-0.397573560,-0.144608408
1789388560.156523943,0.138034507,-0.046340610,0.128928712,0.906125844,-0.001595641,-0.397511542,-0.144630432
1789388560.189861059,0.138070167,-0.046336924,0.128986550,0.906076372,-0.001638148,-0.397621423,-0.144638330
1789388560.223199368,0.138038114,-0.046322023,0.128944475,0.906111777,-0.001585689,-0.397559136,-0.144587755
1789388560.256537676,0.138081220,-0.046339248,0.128970597,0.906077445,-0.001639563,-0.397616029,-0.144645825
1789388560.289874792,0.138074563,-0.046351084,0.129020107,0.906071603,-0.001610677,-0.397623450,-0.144662753
1789388560.323213100,0.138042047,-0.046378915,0.128957747,0.906094074,-0.001660274,-0.397574097,-0.144657061
1789388560.356551170,0.138099297,-0.046299061,0.129028341,0.906059384,-0.001506571,-0.397665590,-0.144624174
1789388560.389889717,0.138028030,-0.046376543,0.128883377,0.906125069,-0.001699813,-0.397503197,-0.144657195
1789388560.423226833,0.138098708,-0.046329537,0.128959997,0.906092525,-0.001587222,-0.397591293,-0.144620389
1789388560.456564903,0.138048231,-0.046418355,0.128873860,0.906131327,-0.001836896,-0.397524685,-0.144557357
1789388560.489903212,0.138074342,-0.046397239,0.128997844,0.906066358,-0.001727607,-0.397650182,-0.144620210
1789388560.523240566,0.137995872,-0.046234698,0.128981134,0.906142294,-0.001420787,-0.397447228,-0.144705698
1789388560.556578636,0.138012624,-0.046298167,0.128984573,0.906124532,-0.001556430,-0.397507519,-0.144649953
1789388560.589916945,0.138098214,-0.046342245,0.129063748,0.906068861,-0.001555687,-0.397647023,-0.144615725
1789388560.623255014,0.138047348,-0.046373152,0.128987055,0.906099617,-0.001642598,-0.397588104,-0.144584239
1789388560.656592607,0.137978205,-0.046330036,0.128894608,0.906144321,-0.001602527,-0.397476643,-0.144610792
1789388560.689930201,0.138030943,-0.046297442,0.129037994,0.906080067,-0.001505871,-0.397613853,-0.144637361
1789388560.723267794,0.138009185,-0.046299661,0.128962994,0.906121612,-0.001543807,-0.397525311,-0.144619986
1789388560.756605387,0.138002928,-0.046333018,0.128974635,0.906099796,-0.001560835,-0.397564530,-0.144648910
1789388560.789942026,0.138049514,-0.046373073,0.128981271,0.906091809,-0.001667490,-0.397599816,-0.144600272
1789388560.823279858,0.138001382,-0.046269890,0.128977664,0.906111598,-0.001479308,-0.397546649,-0.144624338
1789388560.856617451,0.138053142,-0.046344769,0.128938082,0.906093180,-0.001635408,-0.397583842,-0.144635946
1789388560.889954090,0.138063574,-0.046332013,0.129019454,0.906081140,-0.001590293,-0.397624999,-0.144598961
1789388560.923291683,0.138000288,-0.046304188,0.128945569,0.906135082,-0.001524118,-0.397478640,-0.144663930
1789388560.956629276,0.138073848,-0.046378899,0.128934022,0.906091511,-0.001737924,-0.397612154,-0.144567356
1789388560.989967108,0.138101989,-0.046359665,0.128907080,0.906111896,-0.001633436,-0.397539735,-0.144639775
1789388561.023303747,0.138045949,-0.046311649,0.128886174,0.906119764,-0.001579588,-0.397502989,-0.144692481
1789388561.056641340,0.138008743,-0.046364865,0.128885733,0.906136453,-0.001695652,-0.397482455,-0.144642591
1789388561.089978933,0.137956857,-0.046328148,0.128909552,0.906159520,-0.001609967,-0.397436917,-0.144624457
1789388561.123316765,0.138058999,-0.046340694,0.128982091,0.906084955,-0.001603252,-0.397595525,-0.144656256
1789388561.156653404,0.138037200,-0.046345574,0.128974299,0.906091094,-0.001658448,-0.397614866,-0.144564092
1789388561.189990997,0.137964240,-0.046337907,0.128892011,0.906149268,-0.001599012,-0.397451878,-0.144647986
1789388561.223328352,0.138035706,-0.046329505,0.128879781,0.906121850,-0.001645968,-0.397501320,-0.144683495
1789388561.256664991,0.138039261,-0.046345821,0.128962678,0.906117857,-0.001610846,-0.397537887,-0.144607633
1789388561.290002584,0.138062144,-0.046358103,0.128939101,0.906089604,-0.001677487,-0.397596568,-0.144623280
1789388561.323340416,0.138024496,-0.046300928,0.129052033,0.906085193,-0.001564533,-0.397598386,-0.144647151
1789388561.356678009,0.138070062,-0.046402192,0.128929984,0.906113267,-0.001738424,-0.397567242,-0.144554287
1789388561.390014648,0.138096605,-0.046394352,0.128999495,0.906075180,-0.001707564,-0.397639930,-0.144593373
1789388561.423352242,0.138088917,-0.046347508,0.129062875,0.906042874,-0.001610896,-0.397700101,-0.144632190
1789388561.456689596,0.138088266,-0.046331203,0.129065819,0.906049848,-0.001538238,-0.397706956,-0.144570515
1789388561.490027428,0.138077350,-0.046321439,0.129053873,0.906060517,-0.001543570,-0.397661626,-0.144628152
1789388561.523364067,0.138082934,-0.046407376,0.128874365,0.906117082,-0.001736651,-0.397537321,-0.144612998
1789388561.556701660,0.137984788,-0.046301522,0.128898058,0.906146169,-0.001541028,-0.397426605,-0.144737124
1789388561.590039253,0.138117752,-0.046403864,0.129014985,0.906052589,-0.001720251,-0.397681892,-0.144619673
1789388561.623375654,0.138094785,-0.046401004,0.128969419,0.906064510,-0.001716999,-0.397652119,-0.144627258
1789388561.656713486,0.137974377,-0.046346110,0.128935652,0.906117320,-0.001619809,-0.397491574,-0.144738808
1789388561.690052271,0.138029512,-0.046365354,0.128901223,0.906138480,-0.001701665,-0.397487760,-0.144615889
1789388561.723391056,0.138020385,-0.046361689,0.128900918,0.906128943,-0.001669207,-0.397519886,-0.144587547
1789388561.756728888,0.138053531,-0.046395971,0.128893262,0.906106651,-0.001750823,-0.397548020,-0.144648984
1789388561.790067911,0.138058221,-0.046379814,0.128918617,0.906086147,-0.001718838,-0.397596538,-0.144643992
1789388561.823406696,0.138057506,-0.046371553,0.128984962,0.906086385,-0.001689488,-0.397613436,-0.144596756
1789388561.856744528,0.138078075,-0.046358897,0.128932792,0.906114876,-0.001672881,-0.397542924,-0.144612014
1789388561.890083551,0.138068968,-0.046329205,0.129032484,0.906054437,-0.001595523,-0.397686332,-0.144597337
1789388561.923422337,0.137999605,-0.046323553,0.128899099,0.906129181,-0.001615468,-0.397501498,-0.144637048
1789388561.956761122,0.138076708,-0.046305476,0.129002955,0.906052172,-0.001547513,-0.397662759,-0.144677326
1789388561.990099192,0.138109014,-0.046379629,0.128947767,0.906080425,-0.001671508,-0.397628486,-0.144592673
1789388562.023437977,0.138051281,-0.046332749,0.128995551,0.906079531,-0.001607507,-0.397637039,-0.144575536
1789388562.056776762,0.138010226,-0.046365344,0.128991387,0.906062365,-0.001701646,-0.397646338,-0.144656703
1789388562.090116024,0.138083586,-0.046325745,0.128979126,0.906089008,-0.001573890,-0.397595704,-0.144630000
1789388562.123453856,0.138020500,-0.046344086,0.128858181,0.906145871,-0.001696888,-0.397460073,-0.144645378
1789388562.156792641,0.138019648,-0.046361400,0.128905061,0.906119466,-0.001689803,-0.397531092,-0.144615456
1789388562.190131664,0.138094312,-0.046337208,0.128945937,0.906080306,-0.001615966,-0.397618592,-0.144621432
1789388562.223469734,0.138052658,-0.046346452,0.128916892,0.906120777,-0.001620535,-0.397526443,-0.144621342
1789388562.256808519,0.138084827,-0.046280117,0.129122049,0.906039298,-0.001445954,-0.397701412,-0.144652188
1789388562.290147543,0.138035654,-0.046338896,0.128950617,0.906120300,-0.001621788,-0.397534609,-0.144602254
1789388562.323486567,0.137986891,-0.046311643,0.128875091,0.906161785,-0.001566090,-0.397415012,-0.144671232
1789388562.356824398,0.137985240,-0.046275153,0.128996414,0.906100333,-0.001514344,-0.397570252,-0.144629985
1789388562.390163422,0.137956489,-0.046279428,0.128892778,0.906169951,-0.001527999,-0.397407949,-0.144639269
1789388562.423502445,0.138045486,-0.046339143,0.128964771,0.906112611,-0.001616260,-0.397543520,-0.144625381
1789388562.456841230,0.137976280,-0.046338890,0.128889245,0.906144381,-0.001640286,-0.397467613,-0.144634709
1789388562.490179539,0.138022982,-0.046396371,0.128870705,0.906145096,-0.001722569,-0.397458166,-0.144654825
1789388562.523518324,0.138082324,-0.046389762,0.128965791,0.906071842,-0.001702123,-0.397622019,-0.144663513
1789388562.556857347,0.138079232,-0.046364324,0.128944927,0.906099141,-0.001678388,-0.397576660,-0.144617558
1789388562.590195417,0.138048073,-0.046330856,0.128997129,0.906082869,-0.001593178,-0.397612542,-0.144622147
1789388562.623534441,0.137965260,-0.046356379,0.128839410,0.906167150,-0.001694079,-0.397429585,-0.144595832
1789388562.656873226,0.137953198,-0.046346725,0.128824729,0.906181514,-0.001658952,-0.397376418,-0.144651979
1789388562.690211773,0.138024065,-0.046351520,0.128896775,0.906131327,-0.001655274,-0.397484541,-0.144669697
1789388562.723549128,0.138042615,-0.046334679,0.128980419,0.906117320,-0.001599472,-0.397527695,-0.144639716
1789388562.756887197,0.138006535,-0.046311454,0.128951952,0.906122029,-0.001582602,-0.397521704,-0.144626722
1789388562.790225506,0.138035338,-0.046325998,0.128942162,0.906117380,-0.001599684,-0.397521436,-0.144656375
1789388562.823564053,0.138099412,-0.046365906,0.128983795,0.906090081,-0.001635528,-0.397583663,-0.144656271
1789388562.856901169,0.137942198,-0.046334232,0.128884744,0.906165183,-0.001625089,-0.397427052,-0.144616395
1789388562.890239477,0.137935804,-0.046317022,0.128869854,0.906168520,-0.001617878,-0.397417903,-0.144619986
1789388562.923577785,0.137999405,-0.046311134,0.128934748,0.906119764,-0.001558276,-0.397520483,-0.144644231
1789388562.956915140,0.138019922,-0.046288939,0.128968557,0.906108558,-0.001514291,-0.397542298,-0.144655734
1789388562.990253448,0.138021404,-0.046348728,0.128959356,0.906110585,-0.001613569,-0.397516906,-0.144710764
1789388563.023591757,0.138051912,-0.046357599,0.128942845,0.906107962,-0.001641860,-0.397557914,-0.144615144
1789388563.056930065,0.138003654,-0.046333343,0.128939690,0.906128943,-0.001636531,-0.397494912,-0.144655988
1789388563.090267420,0.138010531,-0.046324194,0.128921466,0.906136453,-0.001604942,-0.397491246,-0.144620001
1789388563.123605728,0.138040260,-0.046313111,0.128960639,0.906117737,-0.001536201,-0.397502005,-0.144707769
1789388563.156944036,0.137975912,-0.046319036,0.128882788,0.906152666,-0.001592775,-0.397424310,-0.144702375
1789388563.190281153,0.138052153,-0.046382106,0.128938944,0.906087816,-0.001694135,-0.397588015,-0.144657269
1789388563.223619699,0.138025790,-0.046381943,0.128925641,0.906122327,-0.001656215,-0.397512406,-0.144649222
1789388563.256958008,0.138000583,-0.046314919,0.128938365,0.906124592,-0.001564784,-0.397488952,-0.144701317
1789388563.290296078,0.138023403,-0.046381933,0.128926325,0.906101882,-0.001693556,-0.397555798,-0.144658029
1789388563.323633432,0.137998879,-0.046303909,0.128947094,0.906126380,-0.001539316,-0.397490323,-0.144686505
1789388563.356971979,0.137977658,-0.046337382,0.128927177,0.906134546,-0.001634030,-0.397498518,-0.144611493
1789388563.390310049,0.138001561,-0.046315424,0.129002355,0.906116426,-0.001562517,-0.397562116,-0.144551441
1789388563.423648357,0.138022193,-0.046327980,0.128976780,0.906098843,-0.001602752,-0.397575855,-0.144622475
1789388563.456985950,0.138071166,-0.046331703,0.128993206,0.906086385,-0.001586082,-0.397606909,-0.144615769
1789388563.490324259,0.138036432,-0.046370970,0.128934800,0.906121075,-0.001668643,-0.397530854,-0.144606382
1789388563.523662329,0.138027157,-0.046370749,0.128857329,0.906143367,-0.001679185,-0.397465736,-0.144645378
1789388563.556999683,0.138075352,-0.046336456,0.128991187,0.906095207,-0.001528262,-0.397575349,-0.144647717
1789388563.590338230,0.137995567,-0.046287299,0.128981912,0.906119823,-0.001512027,-0.397525638,-0.144630894
1789388563.623676300,0.138023445,-0.046363067,0.128928848,0.906111062,-0.001674237,-0.397544265,-0.144632682
1789388563.657014608,0.138030596,-0.046371764,0.128939606,0.906127632,-0.001660650,-0.397509068,-0.144625366
1789388563.690351725,0.138065035,-0.046348124,0.128974751,0.906076074,-0.001626997,-0.397625625,-0.144628406
1789388563.723689795,0.137974755,-0.046351999,0.128944959,0.906122983,-0.001616606,-0.397518605,-0.144629061
1789388563.757027864,0.138054909,-0.046324578,0.129006173,0.906094313,-0.001547335,-0.397587597,-0.144620165
1789388563.790365696,0.138002139,-0.046335052,0.128893746,0.906156600,-0.001606272,-0.397429049,-0.144664809
1789388563.823702812,0.137998248,-0.046280385,0.128934885,0.906130791,-0.001505799,-0.397494197,-0.144647881
1789388563.857041121,0.138005210,-0.046315124,0.128973636,0.906118214,-0.001584336,-0.397537529,-0.144606858
1789388563.890378952,0.138001498,-0.046292967,0.129021074,0.906096697,-0.001508813,-0.397570550,-0.144651756
1789388563.923716068,0.138079537,-0.046367189,0.128982533,0.906079769,-0.001621347,-0.397590667,-0.144701406
1789388563.957053900,0.138026063,-0.046298641,0.129007803,0.906102002,-0.001563838,-0.397565007,-0.144633114
1789388563.990392208,0.138025306,-0.046277083,0.129030233,0.906076670,-0.001489934,-0.397622675,-0.144634485
1789388564.023730040,0.137989541,-0.046296648,0.128932056,0.906131089,-0.001530062,-0.397467434,-0.144719288
1789388564.057067156,0.138028987,-0.046339979,0.128943182,0.906109929,-0.001637933,-0.397553265,-0.144614995
1789388564.090404987,0.138019785,-0.046379982,0.128824666,0.906152248,-0.001729154,-0.397441417,-0.144656345
1789388564.123743057,0.138114230,-0.046357346,0.129030907,0.906039417,-0.001629169,-0.397689730,-0.144681498
1789388564.157081127,0.138080568,-0.046371422,0.128915756,0.906101584,-0.001685993,-0.397578061,-0.144598439
1789388564.190418243,0.138060745,-0.046365990,0.128944906,0.906106770,-0.001680820,-0.397544920,-0.144657210
1789388564.223756075,0.138123704,-0.046408107,0.129044808,0.906041920,-0.001712903,-0.397696942,-0.144645035
1789388564.257094145,0.138021794,-0.046360501,0.128834099,0.906158686,-0.001681276,-0.397417217,-0.144683629
1789388564.290431261,0.138062585,-0.046350647,0.128938460,0.906107724,-0.001612508,-0.397552133,-0.144632161
1789388564.323769331,0.138007776,-0.046353518,0.128965328,0.906111896,-0.001605234,-0.397529930,-0.144667745
1789388564.357107162,0.138041480,-0.046316286,0.129018456,0.906081259,-0.001570866,-0.397610575,-0.144637525
1789388564.390445232,0.138082702,-0.046333159,0.129004437,0.906078637,-0.001566820,-0.397620767,-0.144626617
1789388564.423782110,0.138047379,-0.046374256,0.128984331,0.906086087,-0.001653323,-0.397600889,-0.144633010
1789388564.457120419,0.138071619,-0.046379078,0.128964035,0.906075716,-0.001702844,-0.397630125,-0.144617811
1789388564.490458250,0.138038072,-0.046370034,0.128935947,0.906085372,-0.001708870,-0.397602737,-0.144632727
1789388564.523795366,0.138072050,-0.046323106,0.129038552,0.906075358,-0.001582625,-0.397650003,-0.144566357
1789388564.557133198,0.138064846,-0.046352256,0.128962216,0.906100035,-0.001629765,-0.397583216,-0.144594997
1789388564.590471268,0.138081861,-0.046392885,0.128929301,0.906081200,-0.001699890,-0.397613317,-0.144629374
1789388564.623809338,0.138057864,-0.046367047,0.128940668,0.906096697,-0.001703301,-0.397598207,-0.144573733
1789388564.657146215,0.138086236,-0.046374282,0.129032558,0.906062365,-0.001675707,-0.397670567,-0.144590124
1789388564.690484762,0.138092430,-0.046351189,0.128969819,0.906068861,-0.001638065,-0.397631466,-0.144658014
1789388564.723823309,0.138118846,-0.046384267,0.128948934,0.906083047,-0.001639072,-0.397590280,-0.144681454
1789388564.757161856,0.138072344,-0.046349028,0.129004638,0.906072676,-0.001614227,-0.397630394,-0.144636706
1789388564.790499210,0.138112000,-0.046399510,0.128952226,0.906087339,-0.001713304,-0.397581995,-0.144676834
