t_sec,x,y,z,qw,qx,qy,qz
1789388504.856495380,0.000000000,0.000000000,0.000000000,1.000000000,0.000000000,0.000000000,0.000000000
1789388504.889875650,0.000024577,0.000002213,0.000055196,1.000000000,-0.000000520,-0.000011070,-0.000011352
1789388504.923245907,0.000001449,0.000000089,0.000076068,1.000000000,-0.000001569,-0.000005004,-0.000008357
1789388504.956605196,-0.000004362,-0.000002429,0.000123831,1.000000000,0.000001175,-0.000010163,-0.000005121
1789388504.989953279,0.000006783,-0.000010051,0.000081128,1.000000000,-0.000003886,-0.000003755,-0.000010451
1789388505.023289442,-0.000005080,-0.000020466,0.000059131,1.000000000,-0.000010119,-0.000002743,-0.000017607
1789388505.056615829,0.000035543,0.000018879,0.000045544,1.000000000,0.000001144,-0.000015126,-0.000014713
1789388505.089931011,0.000020314,0.000005642,0.000064207,1.000000000,0.000001221,-0.000008299,-0.000012704
1789388505.123234749,0.000059692,0.000017131,0.000086149,1.000000000,0.000006827,-0.000025365,-0.000004953
1789388505.156527042,0.000015416,-0.000007780,0.000051864,1.000000000,-0.000011439,-0.000010834,-0.000015567
1789388505.189809084,-0.000002005,-0.000018481,0.000044067,1.000000000,-0.000010476,-0.000002059,-0.000019207
1789388505.223079920,0.000038691,0.000012957,0.000032830,1.000000000,0.000001941,-0.000014363,-0.000014587
1789388505.256338835,0.000026690,-0.000007997,0.000054335,1.000000000,-0.000005441,-0.000014291,-0.000012147
1789388505.289587736,-0.000002956,0.000009846,0.000073425,1.000000000,0.000002702,0.000002137,-0.000007140
1789388505.322825432,0.000030729,0.000012116,0.000023254,1.000000000,0.000000497,-0.000015283,-0.000015650
1789388505.356052160,0.000028331,-0.000000147,0.000057763,1.000000000,0.000000026,-0.000012551,-0.000007066
1789388505.389267206,-0.000015131,-0.000013988,0.000057799,1.000000000,-0.000007599,0.000003515,-0.000017321
1789388505.422471762,0.000010003,-0.000008180,0.000037235,1.000000000,-0.000004946,-0.000007378,-0.000011243
1789388505.455665350,-0.000012460,-0.000001573,0.000079013,1.000000000,0.000002022,-0.000000823,-0.000011760
1789388505.488847971,0.000012632,0.000003706,0.000047706,1.000000000,-0.000002889,-0.000007410,-0.000017060
1789388505.522018671,0.000003869,-0.000005871,0.000083749,1.000000000,-0.000004930,-0.000009243,-0.000012958
1789388505.555178881,0.000029819,-0.000009423,0.000047570,1.000000000,-0.000004794,-0.000011963,-0.000012426
1789388505.588328600,0.000036267,0.000017147,0.000030683,1.000000000,0.000000874,-0.000011907,-0.000011742
1789388505.621467352,0.000013795,-0.000019583,0.000067866,1.000000000,-0.000008442,-0.000009089,-0.000008657
1789388505.654839277,0.000024701,-0.000037693,0.000041611,0.999999999,-0.000023680,-0.000014642,-0.000018339
1789388505.688207626,0.000002773,0.000007347,0.000062312,1.000000000,0.000002724,-0.000006539,-0.000018075
1789388505.721571922,0.000011572,0.000009322,0.000037129,1.000000000,-0.000001209,-0.000006567,-0.000010579
1789388505.754931688,0.000015315,0.000017902,0.000067783,1.000000000,0.000007028,-0.000011376,-0.000013421
1789388505.788288593,0.000005307,-0.000006459,0.000106375,1.000000000,-0.000002503,-0.000010519,-0.000003459
1789388505.821641922,0.000016249,-0.000015169,0.000082885,1.000000000,-0.000008778,-0.000012849,-0.000011769
1789388505.854990244,0.000012576,0.000016584,0.000083364,1.000000000,0.000009114,-0.000012083,-0.000003362
1789388505.888335943,-0.000004064,0.000005098,0.000074964,1.000000000,0.000000384,-0.000004490,-0.000001477
1789388505.921677828,0.000040709,0.000029316,0.000044407,1.000000000,0.000005207,-0.000016105,-0.000015768
1789388505.955015898,0.000009656,0.000006011,0.000079555,1.000000000,0.000001220,-0.000006148,-0.000009421
1789388505.988349199,0.000010850,-0.000008638,0.000048334,1.000000000,-0.000007526,-0.000007706,-0.000015780
1789388506.021679878,0.000021520,0.000009302,0.000066967,1.000000000,-0.000001640,-0.000015559,-0.000020408
1789388506.055006742,0.000037506,0.000024611,0.000039151,1.000000000,0.000001291,-0.000014859,-0.000020228
1789388506.088329792,0.000052537,0.000027602,0.000045415,1.000000000,0.000005800,-0.000021617,-0.000010413
1789388506.121648312,0.000023757,0.000018451,0.000056439,1.000000000,0.000001574,-0.000008460,-0.000017391
1789388506.154963970,0.000018188,-0.000031581,0.000083409,1.000000000,-0.000011624,-0.000009717,-0.000007467
1789388506.188275576,0.000044845,0.000010904,0.000068365,1.000000000,-0.000000411,-0.000021905,-0.000010146
1789388506.221582651,-0.000002346,-0.000002497,0.000059935,1.000000000,-0.000005071,-0.000001987,-0.000013964
1789388506.254886866,0.000026668,-0.000009181,0.000061309,1.000000000,-0.000006361,-0.000012640,-0.000010427
1789388506.288187504,0.000013730,-0.000001084,0.000078014,1.000000000,-0.000005008,-0.000011168,-0.000013913
1789388506.321484327,0.000026404,0.000010830,0.000056086,1.000000000,0.000000644,-0.000016215,-0.000016340
1789388506.354776382,-0.000000824,-0.000003019,0.000088403,1.000000000,-0.000005029,-0.000004932,-0.000011349
1789388506.388065577,0.000006778,0.000002064,0.000067315,1.000000000,0.000000560,-0.000010057,-0.000015366
1789388506.421351433,0.000011655,-0.000002097,0.000062760,1.000000000,-0.000001969,-0.000007017,-0.000009782
1789388506.454632998,0.000028277,0.000005816,0.000054499,1.000000000,-0.000001281,-0.000010166,-0.000006699
1789388506.487909794,0.000030265,-0.000031274,0.000049949,1.000000000,-0.000015072,-0.000012749,-0.000004873
1789388506.521184444,0.000030872,-0.000006950,0.000063491,1.000000000,-0.000004874,-0.000013778,-0.000007361
1789388506.554454803,-0.000020731,-0.000006118,0.000093590,1.000000000,0.000002090,0.000003521,-0.000005791
1789388506.587720394,0.000027904,0.000010009,0.000076366,1.000000000,0.000003592,-0.000016857,-0.000010865
1789388506.620984077,0.000025105,0.000001550,0.000020544,1.000000000,-0.000007897,-0.000010748,-0.000021144
1789388506.654236555,-0.000011336,0.000019327,0.000088758,1.000000000,0.000010357,-0.000001715,-0.000006503
1789388506.687484026,0.000004259,0.000002048,0.000045121,1.000000000,-0.000000657,-0.000002178,-0.000009423
1789388506.720725775,0.000016719,-0.000018295,0.000062106,1.000000000,-0.000007738,-0.000010941,-0.000007105
1789388506.753963470,0.000010395,-0.000013068,0.000061413,1.000000000,-0.000005197,-0.000004970,-0.000008631
1789388506.787195683,0.000019025,0.000016606,0.000062404,1.000000000,0.000004428,-0.000009794,-0.000006933
1789388506.820423365,0.000019051,0.000017112,0.000045028,1.000000000,0.000001586,-0.000010721,-0.000018352
1789388506.853645086,0.000007899,-0.000002881,0.000067005,1.000000000,-0.000000892,-0.000007379,-0.000008710
1789388506.886862516,0.000012469,-0.000013749,0.000055200,1.000000000,-0.000006630,-0.000007776,-0.000005672
1789388506.920075178,0.000017108,0.000003317,0.000055220,1.000000000,-0.000003470,-0.000010319,-0.000018148
1789388506.953281641,0.000004044,-0.000007583,0.000077001,1.000000000,-0.000005751,-0.000007907,-0.000016430
1789388506.986484051,0.000038242,0.000011464,0.000077848,1.000000000,0.000000895,-0.000019447,-0.000014634
1789388507.019681692,0.000029580,0.000032818,0.000048608,1.000000000,0.000009382,-0.000014819,-0.000012190
1789388507.052874327,0.000015288,0.000012411,0.000065653,1.000000000,0.000002560,-0.000011852,-0.000009189
1789388507.086060762,0.000050046,0.000019974,0.000054631,1.000000000,0.000007485,-0.000021876,0.000001911
1789388507.119243145,0.000018923,-0.000019860,0.000031273,1.000000000,-0.000017075,-0.000011310,-0.000020580
1789388507.152420759,0.000018961,0.000009588,0.000038677,1.000000000,0.000001797,-0.000010253,-0.000007174
1789388507.185592175,0.000020457,0.000002212,0.000056697,1.000000000,-0.000003543,-0.000009390,-0.000015581
1789388507.218759775,0.000014926,-0.000007787,0.000058516,1.000000000,-0.000004570,-0.000011695,-0.000018600
1789388507.251922131,0.000036377,-0.000004265,0.000070938,1.000000000,-0.000008718,-0.000019075,-0.000016184
1789388507.285079479,0.000001120,-0.000011180,0.000053626,1.000000000,-0.000007454,-0.000004256,-0.000015677
1789388507.318231106,0.000028688,0.000004109,0.000052916,1.000000000,-0.000003329,-0.000014422,-0.000014118
1789388507.351378679,-0.000000306,-0.000019093,0.000079178,1.000000000,-0.000010375,-0.000004366,-0.000012267
1789388507.384521008,0.000031595,0.000005155,0.000074786,1.000000000,-0.000001027,-0.000015508,-0.000009321
1789388507.417658329,0.000030213,-0.000016610,0.000052955,1.000000000,-0.000017252,-0.000014959,-0.000015011
1789388507.450789928,0.000008215,-0.000012739,0.000082673,1.000000000,-0.000013090,-0.000005707,-0.000020304
1789388507.483917475,-0.000003498,-0.000001964,0.000052412,1.000000000,-0.000004693,-0.000001876,-0.000018908
1789388507.517039776,0.000015912,-0.000000489,0.000046181,0.999999999,-0.000004749,-0.000009464,-0.000030095
1789388507.550156355,0.000013006,-0.000017300,0.000044278,1.000000000,-0.000011057,-0.000006990,-0.000014708
1789388507.583268881,0.000035011,-0.000002920,0.000055421,1.000000000,-0.000004893,-0.000018517,-0.000007829
1789388507.616376877,0.000033803,0.000020598,0.000074972,1.000000000,0.000008382,-0.000015401,-0.000003583
1789388507.649706125,0.000012707,-0.000005718,0.000066074,1.000000000,-0.000005291,-0.000004377,-0.000011862
1789388507.683033705,0.000004361,0.000004341,0.000055313,1.000000000,-0.000000105,-0.000003941,-0.000015163
1789388507.716362000,0.000028389,0.000001923,0.000054728,1.000000000,0.000000035,-0.000012909,-0.000008552
1789388507.749690294,0.000045678,0.000010809,0.000068801,1.000000000,0.000004828,-0.000021101,-0.000005416
1789388507.783018112,0.000019153,-0.000009579,0.000053501,1.000000000,-0.000007748,-0.000010522,-0.000012600
1789388507.816344738,0.000022635,0.000007331,0.000059365,1.000000000,-0.000000137,-0.000009026,-0.000011913
1789388507.849672079,0.000059635,0.000030211,0.000062170,1.000000000,0.000009026,-0.000025171,-0.000011417
1789388507.882998943,0.000018214,0.000005780,0.000030135,1.000000000,-0.000001593,-0.000011102,-0.000018200
1789388507.916324854,-0.000006612,-0.000026261,0.000052469,1.000000000,-0.000015228,-0.000001681,-0.000017592
1789388507.949651718,-0.000003690,-0.000013665,0.000057301,1.000000000,-0.000005046,-0.000001395,-0.000009014
1789388507.982977867,0.000022403,0.000005825,0.000057614,1.000000000,0.000001521,-0.000011406,-0.000011996
1789388508.016303778,0.000020157,0.000006111,0.000042620,1.000000000,0.000001764,-0.000011463,-0.000012741
1789388508.049628496,0.000002470,-0.000012514,0.000047028,1.000000000,-0.000004995,-0.000003499,-0.000011692
1789388508.082954168,0.000050721,0.000039390,0.000057986,0.999999999,0.000008564,-0.000023533,-0.000023229
1789388508.116279364,0.000006545,0.000004945,0.000047230,1.000000000,-0.000003965,-0.000006518,-0.000020067
1789388508.149604321,0.000024836,0.000013534,0.000068714,1.000000000,0.000003633,-0.000019270,-0.000011680
1789388508.182927847,-0.000004192,-0.000000993,0.000057832,1.000000000,-0.000002641,-0.000001128,-0.000013066
1789388508.216252089,0.000048242,0.000022252,0.000068505,1.000000000,0.000006345,-0.000021304,-0.000002202
1789388508.249576330,0.000012445,-0.000005186,0.000076458,1.000000000,-0.000005694,-0.000007343,-0.000002069
1789388508.282899141,0.000030916,0.000007688,0.000058053,1.000000000,-0.000000215,-0.000017890,-0.000014172
1789388508.316222906,0.000019406,0.000003164,0.000032458,1.000000000,-0.000001758,-0.000012278,-0.000018341
1789388508.349546194,0.000044492,-0.000037032,0.000039789,1.000000000,-0.000018334,-0.000022208,-0.000006236
1789388508.382869482,0.000028238,-0.000002715,0.000039604,1.000000000,-0.000006674,-0.000015501,-0.000014356
1789388508.416191101,0.000018278,0.000006293,0.000071778,1.000000000,0.000000359,-0.000010099,-0.000012832
1789388508.449513674,0.000002517,-0.000010656,0.000071995,1.000000000,-0.000002244,-0.000006822,-0.000006792
1789388508.482836008,0.000016329,-0.000016703,0.000056714,1.000000000,-0.000006688,-0.000009865,-0.000019460
1789388508.516156912,0.000005933,-0.000005287,0.000066927,1.000000000,-0.000002049,-0.000007311,-0.000008563
1789388508.549478769,0.000027894,0.000015147,0.000048715,1.000000000,0.000000341,-0.000016437,-0.000017598
1789388508.582800388,0.000017630,-0.000036901,0.000077626,1.000000000,-0.000016794,-0.000012003,-0.000015462
1789388508.616121292,-0.000017278,-0.000023380,0.000036536,1.000000000,-0.000013796,0.000002450,-0.000022128
1789388508.649452925,0.000010125,-0.000023632,0.000023731,1.000000000,-0.000017196,-0.000011978,-0.000022979
1789388508.682785511,0.000029609,-0.000008311,0.000063556,1.000000000,-0.000005171,-0.000012678,-0.000007205
1789388508.716117620,-0.000008748,-0.000005614,0.000089873,1.000000000,-0.000003689,-0.000005378,-0.000013424
1789388508.749449730,0.000007419,0.000006158,0.000045692,1.000000000,-0.000002652,-0.000005540,-0.000021593
1789388508.782781124,0.000014447,0.000001939,0.000046353,1.000000000,-0.000003648,-0.000010147,-0.000015760
1789388508.816112757,0.000022297,0.000014872,0.000063359,1.000000000,0.000002957,-0.000013745,-0.000014786
1789388508.849444866,0.000023514,0.000008006,0.000034134,1.000000000,-0.000000479,-0.000012545,-0.000010499
1789388508.882775307,0.000055804,0.000028281,0.000081069,1.000000000,0.000010789,-0.000021719,-0.000006475
1789388508.916107178,0.000022710,0.000010757,0.000072600,1.000000000,-0.000000871,-0.000013835,-0.000010446
1789388508.949438810,0.000007374,0.000024996,0.000045051,1.000000000,0.000005738,-0.000006216,-0.000016305
1789388508.982770205,0.000026935,0.000001543,0.000043761,1.000000000,-0.000002360,-0.000012954,-0.000010933
1789388509.016100645,0.000003631,-0.000023568,0.000059762,1.000000000,-0.000008770,-0.000006165,-0.000008435
1789388509.049431562,0.000015798,-0.000000903,0.000061643,1.000000000,-0.000002027,-0.000005698,-0.000008828
1789388509.082762957,0.000018461,-0.000015434,0.000076119,1.000000000,-0.000008789,-0.000014145,-0.000006859
1789388509.116094112,0.000031031,0.000002420,0.000063510,1.000000000,-0.000002216,-0.000016711,-0.000015239
1789388509.149423838,0.000011820,-0.000015024,0.000046384,1.000000000,-0.000010305,-0.000006813,-0.000012865
1789388509.182754755,-0.000005607,-0.000006061,0.000064950,1.000000000,-0.000004906,-0.000005586,-0.000012149
1789388509.216085434,0.000007065,-0.000007660,0.000070015,1.000000000,-0.000004523,-0.000005661,-0.000013759
1789388509.249414921,0.000022728,0.000018409,0.000039537,1.000000000,0.000004649,-0.000009984,-0.000005600
1789388509.282745600,0.000011740,-0.000011585,0.000073217,1.000000000,-0.000004022,-0.000011972,-0.000012269
1789388509.316076040,-0.000000724,0.000002635,0.000072151,1.000000000,-0.000002054,-0.000005554,-0.000019927
1789388509.349406242,0.000021422,0.000009554,0.000088042,1.000000000,0.000005227,-0.000017120,-0.000005959
1789388509.382735252,0.000008242,0.000000309,0.000071094,1.000000000,0.000000005,-0.000002725,-0.000010438
1789388509.416065454,0.000045533,0.000013879,0.000052283,1.000000000,0.000004271,-0.000017292,-0.000007196
1789388509.449395418,0.000020336,0.000014196,0.000058086,1.000000000,-0.000000758,-0.000006979,-0.000022683
1789388509.482725382,0.000031636,-0.000000080,0.000047497,1.000000000,-0.000004022,-0.000013946,-0.000014231
1789388509.516054153,0.000029642,-0.000000051,0.000054019,1.000000000,-0.000001037,-0.000015857,-0.000006868
1789388509.549383879,0.000032248,0.000001325,0.000089636,1.000000000,-0.000003346,-0.000016589,-0.000006799
1789388509.582713366,0.000047350,-0.000004392,0.000081065,1.000000000,-0.000002134,-0.000023807,-0.000009079
1789388509.616041899,0.000039071,0.000011532,0.000085287,1.000000000,0.000003616,-0.000022093,-0.000004881
1789388509.649376392,0.000011844,-0.000000992,0.000076269,1.000000000,-0.000003327,-0.000007678,-0.000008649
1789388509.682711124,0.000033285,-0.000006871,0.000043802,1.000000000,-0.000006616,-0.000013009,-0.000008156
1789388509.716045618,0.000015815,0.000006163,0.000051539,1.000000000,0.000001689,-0.000006345,0.000000261
1789388509.749379158,0.000040205,-0.000021759,0.000020111,1.000000000,-0.000016440,-0.000020441,-0.000008498
1789388509.782713652,-0.000003700,0.000002383,0.000044730,1.000000000,-0.000002291,-0.000001145,-0.000014343
1789388509.816048145,0.000030426,-0.000007361,0.000059561,1.000000000,-0.000008993,-0.000014388,-0.000008262
1789388509.849381447,0.000010171,0.000006940,0.000066154,1.000000000,0.000000829,-0.000006986,-0.000005421
1789388509.882715702,0.000043491,0.000008720,0.000063485,1.000000000,0.000002152,-0.000017008,-0.000003298
1789388509.916049957,0.000003804,0.000001061,0.000059287,1.000000000,-0.000000955,-0.000007700,-0.000018684
1789388509.949384212,0.000029329,-0.000013397,0.000072273,1.000000000,-0.000004514,-0.000015416,-0.000008556
1789388509.982717514,0.000018283,-0.000001654,0.000063753,1.000000000,-0.000004800,-0.000009191,-0.000008770
1789388510.016051769,0.000026463,0.000005643,0.000063217,1.000000000,0.000002666,-0.000013195,0.000003759
1789388510.049385786,0.000032463,-0.000000960,0.000062149,1.000000000,-0.000006543,-0.000012453,-0.000011759
1789388510.082720041,0.000016634,-0.000023850,0.000035731,1.000000000,-0.000010586,-0.000007880,-0.000007604
1789388510.116052866,0.000032343,-0.000012786,0.000054267,1.000000000,-0.000007022,-0.000014279,-0.000009746
1789388510.149386883,0.000010437,0.000016507,0.000022377,1.000000000,0.000001525,-0.000007645,-0.000026116
1789388510.182720900,0.000020624,0.000020956,0.000061511,1.000000000,0.000009748,-0.000010804,-0.000003765
1789388510.216053963,0.000031962,0.000014484,0.000090565,1.000000000,0.000002771,-0.000019950,-0.000005557
1789388510.249387980,0.000043078,-0.000032773,0.000041419,0.999999999,-0.000023540,-0.000020652,-0.000010830
1789388510.282721758,0.000029026,0.000005097,0.000020203,1.000000000,-0.000005604,-0.000014424,-0.000012482
1789388510.316055536,0.000023455,0.000006106,0.000045410,1.000000000,0.000001468,-0.000010650,-0.000006162
1789388510.349388123,0.000009536,-0.000009845,0.000067129,1.000000000,-0.000007318,-0.000005626,-0.000008404
1789388510.382721901,0.000021151,-0.000011019,0.000046303,1.000000000,-0.000006728,-0.000010277,-0.000008709
1789388510.416055679,0.000030700,-0.000000049,0.000065455,1.000000000,-0.000001604,-0.000015938,-0.000021675
1789388510.449389458,0.000028536,-0.000016817,0.000032464,1.000000000,-0.000013618,-0.000013462,-0.000014676
1789388510.482721806,0.000019398,-0.000012308,0.000064840,1.000000000,-0.000006727,-0.000012198,-0.000016304
1789388510.516055584,0.000019472,0.000008941,0.000084601,1.000000000,0.000006444,-0.000014314,0.000000947
1789388510.549389124,0.000053800,0.000006310,0.000038915,1.000000000,-0.000003636,-0.000021807,-0.000009557
1789388510.582721710,0.000014845,-0.000010100,0.000058847,1.000000000,-0.000009432,-0.000005997,-0.000013180
1789388510.616055250,-0.000010498,-0.000024994,0.000095164,1.000000000,-0.000010315,-0.000005100,-0.000009085
1789388510.649391174,0.000019345,0.000007190,0.000087704,1.000000000,0.000001186,-0.000011027,-0.000006036
1789388510.682727098,0.000028632,0.000005968,0.000054290,1.000000000,0.000001096,-0.000011526,-0.000010790
1789388510.716061831,-0.000000172,-0.000007570,0.000079122,1.000000000,-0.000000816,-0.000006841,-0.000010462
1789388510.749397755,0.000011131,-0.000007460,0.000043977,1.000000000,-0.000006984,-0.000006419,-0.000019006
1789388510.782733679,0.000047187,-0.000001209,0.000049697,1.000000000,-0.000006653,-0.000019927,-0.000008806
1789388510.816069365,0.000013471,0.000011806,0.000054147,1.000000000,0.000003151,-0.000008802,-0.000012076
1789388510.849404335,0.000004552,-0.000004136,0.000057961,1.000000000,-0.000007093,-0.000006640,-0.000016535
1789388510.882740021,0.000042534,0.000001906,0.000060491,1.000000000,-0.000003756,-0.000022963,-0.000010992
1789388510.916075945,-0.000002558,0.000013117,0.000061487,1.000000000,0.000005722,-0.000003413,-0.000015370
1789388510.949410677,0.000032973,0.000015133,0.000038733,1.000000000,0.000002183,-0.000012984,-0.000010351
1789388510.982746363,-0.000019903,-0.000007227,0.000088635,1.000000000,-0.000004523,-0.000003454,-0.000016239
1789388511.016082048,0.000018992,-0.000010074,0.000052757,1.000000000,-0.000008675,-0.000012355,-0.000017674
1789388511.049417734,0.000002520,0.000002336,0.000047460,1.000000000,-0.000002716,-0.000005328,-0.000014789
1789388511.082752466,0.000021050,-0.000004384,0.000062579,1.000000000,-0.000003140,-0.000011664,-0.000008173
1789388511.116088152,0.000013726,-0.000000436,0.000066940,1.000000000,-0.000005714,-0.000011377,-0.000002565
1789388511.149423838,0.000010622,0.000004456,0.000048192,1.000000000,0.000000894,-0.000005458,-0.000001848
1789388511.182758570,0.000030760,0.000015950,0.000048618,1.000000000,0.000003127,-0.000015496,-0.000008965
1789388511.216094017,0.000010524,-0.000012796,0.000076648,1.000000000,-0.000007563,-0.000006711,-0.000010759
1789388511.249429703,0.000018261,0.000000178,0.000065016,1.000000000,-0.000001319,-0.000011372,-0.000016080
1789388511.282765388,0.000013030,-0.000016657,0.000040080,1.000000000,-0.000012056,-0.000007833,-0.000012246
1789388511.316099882,-0.000011599,-0.000024961,0.000055241,1.000000000,-0.000016040,-0.000000501,-0.000018785
1789388511.349435568,0.000012272,0.000012858,0.000051627,1.000000000,-0.000000828,-0.000006569,-0.000021197
1789388511.382771015,0.000003241,-0.000016192,0.000090831,1.000000000,-0.000006980,-0.000008378,-0.000010852
1789388511.416106462,-0.000008327,-0.000022256,0.000055796,1.000000000,-0.000010402,-0.000001536,-0.000006685
1789388511.449440956,0.000038657,-0.000003380,0.000023943,1.000000000,-0.000010526,-0.000017538,-0.000018703
1789388511.482776642,0.000024856,0.000009723,0.000079097,1.000000000,0.000005750,-0.000013658,-0.000006497
1789388511.516112089,0.000029205,-0.000014894,0.000051483,1.000000000,-0.000010212,-0.000012297,-0.000012675
1789388511.549446583,0.000013788,0.000003982,0.000071197,1.000000000,-0.000000503,-0.000011943,-0.000009793
1789388511.582782030,0.000012563,-0.000019805,0.000061982,1.000000000,-0.000010524,-0.000009913,-0.000016643
1789388511.616117477,0.000001515,-0.000026234,0.000059629,1.000000000,-0.000017028,-0.000003679,-0.000015627
1789388511.649459362,-0.000000519,-0.000000618,0.000034719,1.000000000,-0.000001645,-0.000001544,-0.000009204
1789388511.682800531,0.000018477,0.000002963,0.000057447,1.000000000,-0.000001208,-0.000007392,-0.000011653
1789388511.716142893,0.000024237,-0.000010138,0.000083337,1.000000000,-0.000006611,-0.000015670,-0.000013268
1789388511.749484777,0.000018757,0.000021518,0.000052777,1.000000000,0.000005952,-0.000012126,-0.000013579
1789388511.782827377,0.000006116,0.000005901,0.000082801,1.000000000,0.000002961,-0.000009610,-0.000012742
1789388511.816168785,0.000017523,-0.000004882,0.000074282,1.000000000,-0.000006888,-0.000008890,-0.000013166
1789388511.849511147,0.000019423,-0.000010679,0.000038216,1.000000000,-0.000008152,-0.000013196,-0.000018443
1789388511.882853508,0.000020931,-0.000001543,0.000063101,1.000000000,-0.000002347,-0.000009928,-0.000006594
1789388511.916195393,0.000012971,-0.000024299,0.000092298,1.000000000,-0.000008434,-0.000009234,-0.000010701
1789388511.949537754,0.000021956,-0.000015956,0.000051570,1.000000000,-0.000014688,-0.000008694,-0.000019277
1789388511.982880592,-0.000005499,-0.000026229,0.000056496,1.000000000,-0.000017471,0.000000690,-0.000019954
1789388512.016223431,0.000003828,0.000017081,0.000051516,1.000000000,0.000005596,-0.000005496,-0.000013449
1789388512.049565077,0.000014873,-0.000013716,0.000041566,1.000000000,-0.000009860,-0.000009170,-0.000012273
1789388512.082908154,0.000008308,-0.000033053,0.000047363,0.999999999,-0.000023643,-0.000008573,-0.000035504
1789388512.116250992,0.000012206,-0.000006968,0.000069951,1.000000000,-0.000003930,-0.000012813,-0.000012021
1789388512.149594069,0.000018488,-0.000024294,0.000038786,1.000000000,-0.000016492,-0.000009148,-0.000015879
1789388512.182936192,0.000006318,0.000011418,0.000044731,1.000000000,0.000001001,-0.000004082,-0.000019791
1789388512.216279268,0.000025553,-0.000005468,0.000042165,1.000000000,-0.000003540,-0.000010746,-0.000007184
1789388512.249622583,0.000014211,-0.000005027,0.000070951,1.000000000,-0.000004012,-0.000008193,-0.000007788
1789388512.282964945,0.000033163,0.000010402,0.000063936,1.000000000,0.000004874,-0.000015362,-0.000003997
1789388512.316308260,0.000019523,0.000002435,0.000058928,1.000000000,-0.000004426,-0.000012243,-0.000017389
1789388512.349651575,0.000023759,-0.000004110,0.000033728,1.000000000,-0.000006901,-0.000013607,-0.000022736
1789388512.382995129,0.000015043,0.000003095,0.000028825,1.000000000,-0.000003984,-0.000009447,-0.000018236
1789388512.416337729,0.000052133,-0.000010414,0.000038090,1.000000000,-0.000008555,-0.000022900,-0.000011695
1789388512.449681282,0.000031460,-0.000012852,0.000067668,1.000000000,-0.000015756,-0.000014127,-0.000006692
1789388512.483025074,0.000006244,-0.000003203,0.000086435,1.000000000,0.000000146,-0.000007327,-0.000002537
1789388512.516367674,0.000009555,-0.000002697,0.000044875,1.000000000,-0.000004947,-0.000009050,-0.000018969
1789388512.549711704,0.000013548,-0.000007150,0.000031336,1.000000000,-0.000008740,-0.000009726,-0.000021176
1789388512.583055496,-0.000009749,-0.000025674,0.000102284,1.000000000,-0.000009566,-0.000002219,-0.000003010
1789388512.616399527,0.000044171,0.000004684,0.000039066,1.000000000,-0.000002909,-0.000020186,-0.000017065
1789388512.649738073,-0.000004616,-0.000005146,0.000052050,1.000000000,-0.000005745,-0.000002343,-0.000026020
1789388512.683077574,0.000015943,-0.000001581,0.000063648,1.000000000,-0.000001472,-0.000011382,-0.000002386
1789388512.716417551,0.000012153,0.000020699,0.000100078,1.000000000,0.000008659,-0.000009900,-0.000011553
1789388512.749757051,0.000020604,0.000000266,0.000089469,1.000000000,-0.000003731,-0.000011002,-0.000008387
1789388512.783095837,0.000030498,0.000005261,0.000104176,1.000000000,-0.000005770,-0.000014520,0.000001570
1789388512.816435575,-0.000461663,-0.001494688,0.000675634,0.999997295,-0.002308723,0.000199219,-0.000202046
1789388512.849775314,-0.000733363,-0.002639878,0.001344152,0.999995141,-0.003063519,0.000333615,-0.000471220
1789388512.883114338,-0.000566923,-0.002470034,0.000827154,0.999995859,-0.002821447,0.000203421,-0.000529244
1789388512.916453838,-0.000662475,-0.002895627,0.000600746,0.999996329,-0.002638744,0.000223406,-0.000573305
1789388512.949793816,0.000033638,-0.000024091,0.000045190,1.000000000,-0.000014523,-0.000013170,-0.000007900
1789388512.983133554,0.000010490,-0.000133946,0.000046009,0.999999998,-0.000051870,-0.000008135,-0.000031507
1789388513.016472340,0.000143601,-0.000239029,-0.000025633,0.999999991,-0.000109438,-0.000042711,-0.000063064
1789388513.049812317,0.000388389,-0.000405039,-0.000126784,0.999999972,-0.000200857,-0.000109266,-0.000060045
1789388513.083152056,0.000507199,-0.000498847,-0.000255212,0.999999956,-0.000241368,-0.000148628,-0.000086045
1789388513.116492033,0.000579267,-0.001580098,-0.000298083,0.999999749,-0.000640260,-0.000165881,-0.000252650
1789388513.149830818,0.000535718,-0.001447454,-0.000249683,0.999999778,-0.000597360,-0.000148720,-0.000253633
1789388513.183170557,0.000575285,-0.002166340,-0.000498336,0.999999514,-0.000918848,-0.000202861,-0.000295659
1789388513.216510773,0.000612308,-0.003003951,-0.001025611,0.999999121,-0.001251573,-0.000295949,-0.000322271
1789388513.249849558,0.001284354,-0.003404667,-0.002050885,0.999999221,-0.000589477,-0.000711461,0.000838708
1789388513.283189774,0.001247015,-0.002979663,-0.000550917,0.999999310,-0.000548209,-0.000523403,0.000897844
1789388513.316529512,0.001316161,-0.003565000,-0.001093475,0.999998584,-0.001518880,-0.000667178,-0.000282817
1789388513.349869728,0.001317600,-0.003673319,-0.002124036,0.999998706,-0.001391940,-0.000803440,-0.000074064
1789388513.383208513,0.001408786,-0.003371617,-0.002275433,0.999999016,-0.000552643,-0.000898747,0.000925031
1789388513.416548491,0.002074668,-0.002924301,-0.001225168,0.999997904,-0.001132910,-0.001687541,-0.000246006
1789388513.449888706,0.000852516,-0.002487706,-0.000341825,0.999998029,-0.000994361,-0.001588283,-0.000655547
1789388513.483228445,0.000806558,-0.004834357,-0.000083074,0.999994689,-0.002744270,-0.001724759,-0.000342217
1789388513.516567707,0.001998782,-0.001521287,-0.000449115,0.999974435,-0.000787494,-0.006940588,-0.001529193
1789388513.549907684,-0.002914043,-0.001575723,0.000593240,0.999866358,-0.000008636,-0.015762400,-0.004337324
1789388513.583247900,-0.003539781,-0.001558400,0.000504465,0.999581088,-0.000537728,-0.027668360,-0.008474753
1789388513.616586924,-0.005094972,-0.001777191,-0.000180847,0.999136318,-0.000554531,-0.039464322,-0.012995274
1789388513.649924040,-0.006146651,-0.001527160,-0.000583859,0.998632039,-0.000482188,-0.049726451,-0.016158550
1789388513.683266401,-0.006206251,-0.000853606,-0.000987169,0.998114898,-0.000543066,-0.058288586,-0.019204074
1789388513.716609001,-0.008512997,-0.001306623,-0.000969309,0.997484282,-0.000652219,-0.067142551,-0.022727934
1789388513.749950409,-0.009106871,-0.001283752,-0.001466981,0.996770282,-0.000768317,-0.076094162,-0.025653313
1789388513.783293247,-0.009264164,-0.001082389,-0.001661631,0.995876845,-0.000769993,-0.085953660,-0.028994577
1789388513.816635847,-0.010616015,-0.001259051,-0.002167035,0.994571027,-0.001235139,-0.098510140,-0.033506693
1789388513.849977493,-0.011802277,-0.000036144,-0.002846529,0.992773203,-0.000901271,-0.113613349,-0.038633693
1789388513.883320093,-0.014792452,-0.000220193,-0.004210481,0.990228224,-0.001309520,-0.131909301,-0.045235891
1789388513.916662931,-0.015956957,-0.001079652,-0.004811750,0.986945729,-0.002316513,-0.152171361,-0.052693821
1789388513.950005531,-0.018071456,0.000672104,-0.005623425,0.984086968,-0.001999519,-0.167866882,-0.058219845
1789388513.983347654,-0.019408347,0.000549835,-0.006695573,0.981631348,-0.002384086,-0.180176279,-0.062695463
1789388514.016690493,-0.019368989,-0.000393690,-0.007307049,0.979259967,-0.003238395,-0.191269446,-0.066748995
1789388514.050033331,-0.020005358,0.000463621,-0.007397751,0.977012895,-0.003115383,-0.201294889,-0.070117505
1789388514.083376169,-0.020181930,0.000738037,-0.008217315,0.974563153,-0.003201290,-0.211573788,-0.073844051
1789388514.116718292,-0.021120219,0.001526264,-0.009182911,0.971767103,-0.002971871,-0.222662980,-0.077981165
1789388514.150061369,-0.021644805,0.001070610,-0.010431149,0.968933653,-0.003531907,-0.233359325,-0.081844534
1789388514.183404446,-0.021840051,0.002261450,-0.010328868,0.965748182,-0.003351210,-0.244850231,-0.085834629
1789388514.216746569,-0.020840392,0.002287318,-0.010592040,0.962054454,-0.003529373,-0.257407506,-0.090444159
1789388514.250089884,-0.022466499,0.003169664,-0.012460126,0.958905108,-0.003279822,-0.267538414,-0.094410981
1789388514.283432961,-0.022689639,0.002757803,-0.013558637,0.955749505,-0.003715629,-0.277381043,-0.097922594
1789388514.316776037,-0.022319289,0.003635033,-0.014261591,0.952662701,-0.003676817,-0.286632310,-0.101302408
1789388514.350118399,-0.020947944,0.002832542,-0.014574552,0.950635255,-0.004088244,-0.292589247,-0.103283256
1789388514.383461952,-0.022596534,0.003578063,-0.015676105,0.949528258,-0.003964695,-0.295674240,-0.104676223
1789388514.416805267,-0.023919709,0.004171647,-0.016758759,0.948253517,-0.003892519,-0.299190951,-0.106230365
1789388514.450148582,-0.024306191,0.004305669,-0.017527375,0.947155445,-0.003849845,-0.302283575,-0.107267801
1789388514.483490944,-0.024560178,0.004466809,-0.017372560,0.946910411,-0.004113385,-0.302952012,-0.107535262
1789388514.516834497,-0.024936045,0.003804064,-0.017173480,0.947004680,-0.005036350,-0.302576554,-0.107722790
1789388514.550178051,-0.024724098,0.004294424,-0.017306266,0.947035863,-0.004399332,-0.302370504,-0.108054610
1789388514.583520651,-0.024890507,0.004460366,-0.017706061,0.947086943,-0.003262901,-0.301979884,-0.108737419
1789388514.616864204,-0.025332049,0.004924511,-0.017942483,0.947109053,-0.003285049,-0.301716580,-0.109273763
1789388514.650207996,-0.025116118,0.005067994,-0.017654112,0.947078873,-0.003170742,-0.301823672,-0.109242967
1789388514.683545589,-0.025031991,0.005125794,-0.017181525,0.947570894,-0.002659783,-0.300472490,-0.108713430
1789388514.716882229,-0.023612322,0.004374918,-0.014647114,0.949357856,-0.002083205,-0.295427259,-0.106948851
1789388514.750220299,-0.023774983,0.003352770,-0.012561171,0.951125828,-0.003270031,-0.290267130,-0.105327863
1789388514.783557892,-0.024934895,0.002897191,-0.011593878,0.952499392,-0.003988993,-0.286357523,-0.103577823
1789388514.816895723,-0.026298707,0.004185078,-0.012233946,0.952927620,-0.003433370,-0.285001091,-0.103399907
1789388514.850232363,-0.026194932,0.003774747,-0.012129227,0.953007005,-0.002711294,-0.284684498,-0.103561740
1789388514.883570194,-0.026533740,0.004602019,-0.011765460,0.953434958,-0.001857956,-0.283518688,-0.102837163
1789388514.916908026,-0.027060548,0.004981134,-0.010984491,0.954311180,-0.002802860,-0.281035700,-0.101495080
1789388514.950244665,-0.027225534,0.002930194,-0.008780341,0.954492696,-0.004400563,-0.280396821,-0.101498530
1789388514.983582497,-0.026611093,0.003898608,-0.008638209,0.955401568,-0.002781057,-0.277658424,-0.100528148
1789388515.016920090,-0.025872776,0.004024123,-0.009421790,0.955929445,-0.000463644,-0.276004711,-0.100100353
1789388515.050257921,-0.025392331,0.002992730,-0.009503468,0.956025582,-0.001155142,-0.276060039,-0.099018214
1789388515.083594799,-0.025181251,0.002747702,-0.009115677,0.955984080,-0.001812613,-0.276443590,-0.098336641
1789388515.116932392,-0.025316153,0.001795916,-0.007807592,0.955480853,-0.003600479,-0.277990812,-0.098815409
1789388515.150269985,-0.025750125,0.000245022,-0.007437986,0.954907366,-0.006644516,-0.279661270,-0.099485413
1789388515.183606863,-0.024866076,-0.002418439,-0.006631443,0.954340765,-0.011585390,-0.281530544,-0.099196950
1789388515.216944695,-0.021653658,-0.006033914,-0.004659098,0.952931934,-0.016375423,-0.286617796,-0.097482376
1789388515.250282288,-0.016128656,-0.008551091,-0.003928302,0.951958828,-0.018298835,-0.290530333,-0.095035092
1789388515.283619881,-0.010176619,-0.011804869,-0.005664504,0.951582793,-0.017375093,-0.292733581,-0.092170194
1789388515.316956758,0.000612526,-0.017783456,-0.009726605,0.950596545,-0.015948779,-0.297336183,-0.087766965
1789388515.350294352,0.008864649,-0.025447255,-0.013332762,0.949617594,-0.013597495,-0.301968923,-0.082802792
1789388515.383632183,0.016119383,-0.035290923,-0.018903553,0.948727428,-0.010800288,-0.306063543,-0.078260648
1789388515.416969776,0.023464702,-0.046549018,-0.023829611,0.947649156,-0.009213846,-0.310236625,-0.075029453
1789388515.450306416,0.026104623,-0.055898365,-0.029926503,0.946915728,-0.009107672,-0.313141370,-0.072181276
1789388515.483644247,0.028141793,-0.068500258,-0.031410124,0.946222619,-0.010366297,-0.315658127,-0.070108787
1789388515.516981840,0.031300910,-0.085664742,-0.039936997,0.946201181,-0.010357640,-0.315387032,-0.071603527
1789388515.550318718,0.038521748,-0.119582072,-0.051926598,0.945954061,-0.008765405,-0.315521093,-0.074434684
1789388515.583656311,0.036567826,-0.135755688,-0.062608965,0.945694558,-0.004767662,-0.315720089,-0.077200370
1789388515.616993904,0.033278242,-0.151027441,-0.071795113,0.945203913,-0.000386884,-0.316110883,-0.081629180
1789388515.650331497,0.026863230,-0.162915826,-0.081092134,0.944766678,0.003367379,-0.315856519,-0.087402776
1789388515.683668852,0.017368672,-0.176874101,-0.088202946,0.944417556,0.005613458,-0.314981010,-0.093973038
1789388515.717007399,0.005796011,-0.191092804,-0.094527766,0.944381931,0.004699588,-0.313518199,-0.099131330
1789388515.750345469,-0.005343723,-0.203035325,-0.095620804,0.943680771,0.002356248,-0.314728441,-0.102014997
1789388515.783683777,-0.015205662,-0.210068330,-0.096932568,0.942691562,0.000338885,-0.317401855,-0.102900758
1789388515.817021132,-0.027087130,-0.218751192,-0.097601578,0.941871418,-0.001010585,-0.318872278,-0.105819093
1789388515.850359678,-0.040600471,-0.225314230,-0.099257581,0.940875958,-0.002198055,-0.320126805,-0.110753910
1789388515.883697748,-0.056542821,-0.231767833,-0.100974381,0.939554506,-0.005311536,-0.321833191,-0.116758361
1789388515.917035103,-0.070328377,-0.239277527,-0.094315499,0.938421289,-0.010020256,-0.322910054,-0.122450707
1789388515.950373650,-0.085501358,-0.242427722,-0.090492330,0.938541224,-0.013119348,-0.320479807,-0.127518414
1789388515.983711958,-0.100126214,-0.245436624,-0.086781241,0.938130276,-0.015110299,-0.320203995,-0.130968186
1789388516.017050028,-0.115016162,-0.248738155,-0.081016690,0.937333735,-0.017755897,-0.321576109,-0.132962417
1789388516.050387383,-0.128240272,-0.252078861,-0.075171672,0.936938498,-0.020168753,-0.322529784,-0.133093994
1789388516.083725929,-0.141328961,-0.254730284,-0.067940675,0.936093441,-0.023169161,-0.325425046,-0.131494485
1789388516.117064238,-0.155302018,-0.258910030,-0.060953092,0.935306228,-0.027601357,-0.328007660,-0.129812938
1789388516.150402546,-0.164150745,-0.260704011,-0.053631719,0.934944511,-0.029270113,-0.329679409,-0.127802617
1789388516.183739901,-0.176500008,-0.265073150,-0.047259074,0.934762840,-0.032031324,-0.331115158,-0.124720403
1789388516.217078447,-0.190506279,-0.270852894,-0.038790151,0.934332770,-0.035184880,-0.332567336,-0.123220396
1789388516.250416517,-0.196475074,-0.272571295,-0.032653041,0.934520672,-0.035757888,-0.332329694,-0.122267993
1789388516.283753872,-0.208603948,-0.276732326,-0.027511477,0.935153503,-0.034591033,-0.331104175,-0.121084320
1789388516.317092180,-0.218539566,-0.281061620,-0.023159292,0.935418364,-0.032790003,-0.330753394,-0.120496854
1789388516.350430727,-0.229030088,-0.285018027,-0.019050667,0.935293739,-0.031722255,-0.330415936,-0.122656555
1789388516.383769035,-0.241985917,-0.288700044,-0.013097515,0.935222557,-0.031796869,-0.329058793,-0.126759766
1789388516.417106390,-0.256363839,-0.291851163,-0.004827858,0.935135866,-0.032785264,-0.327358433,-0.131462905
1789388516.450444937,-0.267733753,-0.293664873,0.002775913,0.934705219,-0.033671357,-0.327139504,-0.134804073
1789388516.483783245,-0.279430956,-0.295209974,0.010704184,0.933962131,-0.034612161,-0.328647354,-0.136042837
1789388516.517120600,-0.289612263,-0.295585304,0.018931773,0.933151956,-0.037089377,-0.330769388,-0.135806545
1789388516.550458908,-0.299382627,-0.295246065,0.028443508,0.932734711,-0.040572143,-0.332043552,-0.134562028
1789388516.583797455,-0.310641319,-0.294190496,0.040486112,0.932160804,-0.045298890,-0.333451334,-0.133545698
1789388516.617135763,-0.316555858,-0.292447001,0.049682129,0.931659326,-0.050045125,-0.334465119,-0.132813667
1789388516.650473118,-0.324479967,-0.290321589,0.060170837,0.931077106,-0.054742421,-0.335444615,-0.132573000
1789388516.683813095,-0.331689477,-0.286492586,0.070728853,0.930010422,-0.058783985,-0.337426946,-0.133297092
1789388516.717152834,-0.339191943,-0.283784717,0.078291647,0.929408249,-0.062362052,-0.337685115,-0.135203710
1789388516.750492334,-0.347199589,-0.279985994,0.083916709,0.929236953,-0.065155383,-0.336234460,-0.138635672
1789388516.783831358,-0.359332144,-0.274301529,0.091503680,0.928985667,-0.065597706,-0.334246759,-0.144781472
1789388516.817171097,-0.368729919,-0.270353079,0.094553448,0.928479218,-0.066983657,-0.332477936,-0.151320700
1789388516.850511074,-0.379749119,-0.266190857,0.099632651,0.926801601,-0.068920268,-0.333892636,-0.157494437
1789388516.883849859,-0.393119842,-0.258745551,0.109548055,0.924915686,-0.067541879,-0.336181416,-0.164167977
1789388516.917189598,-0.400403231,-0.254813462,0.113327965,0.924114959,-0.067835767,-0.336287542,-0.168287076
1789388516.950529814,-0.409672588,-0.250607193,0.115533285,0.923099103,-0.068592601,-0.337516637,-0.171071977
1789388516.983869553,-0.416690290,-0.247246787,0.118180014,0.921500588,-0.069509109,-0.340357410,-0.173672058
1789388517.017208576,-0.423479259,-0.242931008,0.120704010,0.920255747,-0.070692932,-0.342549103,-0.175476440
1789388517.050548553,-0.429321855,-0.239557981,0.125434414,0.918981220,-0.072305294,-0.344735632,-0.177208369
1789388517.083888769,-0.434427828,-0.237356842,0.129492894,0.919175474,-0.072881711,-0.342888403,-0.179533416
1789388517.117228508,-0.440034360,-0.235323906,0.130783930,0.920309616,-0.072411712,-0.338936431,-0.181407964
1789388517.150567532,-0.444642395,-0.233823642,0.132819325,0.920478147,-0.072798660,-0.337755822,-0.182596114
1789388517.183907747,-0.447883457,-0.233542860,0.134228453,0.920575431,-0.072554613,-0.336917077,-0.183748708
1789388517.217247725,-0.449284047,-0.233140871,0.135530293,0.920467394,-0.070251138,-0.337195492,-0.184672016
1789388517.250586987,-0.449093848,-0.232964158,0.135445282,0.920785362,-0.067495368,-0.336340008,-0.185671999
1789388517.283926964,-0.450855404,-0.231948629,0.136920661,0.921108002,-0.066001224,-0.334832138,-0.187326791
1789388517.317267179,-0.451365769,-0.231931880,0.137787372,0.920939625,-0.065952029,-0.334472456,-0.188808668
1789388517.350607157,-0.453632176,-0.231176957,0.140809029,0.920696959,-0.067473607,-0.334693107,-0.189063340
1789388517.383946419,-0.456429631,-0.230269969,0.142625600,0.920516624,-0.069309723,-0.335394396,-0.188031664
1789388517.417286634,-0.457653373,-0.229715243,0.144560307,0.919943759,-0.070517645,-0.337251607,-0.187061744
1789388517.450626850,-0.459403485,-0.228794053,0.145850047,0.919651576,-0.071606438,-0.338023912,-0.186690469
1789388517.483967066,-0.460447967,-0.227463320,0.148505643,0.919483512,-0.072986195,-0.338412981,-0.186278662
1789388517.517306328,-0.461337119,-0.224901497,0.151574567,0.918873371,-0.074285887,-0.339755864,-0.186331123
1789388517.550646782,-0.461610436,-0.222208425,0.153582230,0.918236584,-0.075349478,-0.340855856,-0.187032932
1789388517.583986998,-0.462022632,-0.219387919,0.155495331,0.917597894,-0.077647875,-0.341723421,-0.187643323
1789388517.617326498,-0.462388366,-0.217642084,0.158190385,0.916799595,-0.079964935,-0.342893656,-0.188435806
1789388517.650666714,-0.463136375,-0.214436799,0.157905057,0.916504437,-0.079539589,-0.343520490,-0.188909351
1789388517.684007406,-0.462518573,-0.214153260,0.158508211,0.915901060,-0.080719093,-0.344803011,-0.188998835
1789388517.717348099,-0.461415857,-0.213874817,0.159054637,0.915567035,-0.081458816,-0.345622575,-0.188802810
1789388517.750687838,-0.461668789,-0.211602658,0.159113109,0.915607163,-0.080867442,-0.345929425,-0.188299794
1789388517.784028530,-0.461286813,-0.211000293,0.160502046,0.915417738,-0.081868182,-0.346338401,-0.188036371
1789388517.817369223,-0.460992604,-0.209785178,0.160394594,0.915850396,-0.082322001,-0.345202831,-0.187819450
1789388517.850708961,-0.460377991,-0.209062889,0.160620108,0.916004856,-0.082289290,-0.344991996,-0.187467597
1789388517.884049892,-0.459402770,-0.208268583,0.160362273,0.916129702,-0.081602267,-0.344891903,-0.187341972
1789388517.917390585,-0.459178030,-0.208894476,0.160994083,0.915945531,-0.081492665,-0.345125862,-0.187858644
1789388517.950731516,-0.460047752,-0.207987964,0.161465839,0.916008291,-0.080505185,-0.344625740,-0.188893690
1789388517.984071255,-0.461253911,-0.207808226,0.161802664,0.916166391,-0.080418241,-0.343296187,-0.190577485
1789388518.017412424,-0.462785155,-0.207393065,0.161351800,0.916358721,-0.079576838,-0.342229527,-0.191919704
1789388518.050753117,-0.462531298,-0.207276180,0.158934563,0.916385360,-0.078260028,-0.342180791,-0.192420231
1789388518.084094048,-0.462087661,-0.207752794,0.158891827,0.915929591,-0.078436961,-0.343325695,-0.192478816
1789388518.117434025,-0.461371809,-0.206823677,0.158204287,0.916176089,-0.078990676,-0.342784378,-0.192043530
1789388518.150775194,-0.460371047,-0.205125675,0.156177387,0.917183054,-0.079287972,-0.339840424,-0.192346429
1789388518.184115887,-0.457303584,-0.203733444,0.152837187,0.918944792,-0.077879527,-0.334960824,-0.193071220
1789388518.217456102,-0.451438576,-0.204025626,0.147390977,0.920258722,-0.077295357,-0.331304260,-0.193356667
1789388518.250797033,-0.445467472,-0.202947855,0.140907034,0.920163685,-0.075703712,-0.330756641,-0.195365773
1789388518.284138203,-0.437458217,-0.204477236,0.132777870,0.920371093,-0.073944112,-0.328641586,-0.198605205
1789388518.317479134,-0.428288668,-0.206400290,0.123681352,0.921097687,-0.071265290,-0.326352572,-0.199985772
1789388518.350819588,-0.418221444,-0.207836762,0.115254872,0.921453876,-0.068639426,-0.326583767,-0.198882949
1789388518.384160757,-0.404035896,-0.212878749,0.105685093,0.921649256,-0.067005387,-0.327235870,-0.197457875
1789388518.417501688,-0.389971077,-0.217084095,0.097512275,0.922581976,-0.065532081,-0.325871320,-0.195846693
1789388518.450843096,-0.373983175,-0.223269999,0.091339275,0.923672128,-0.064808815,-0.323931928,-0.194159014
1789388518.484183073,-0.358258873,-0.229279578,0.083011091,0.925337825,-0.063276471,-0.320578188,-0.192290467
1789388518.517524481,-0.344037473,-0.233169273,0.075671747,0.926831990,-0.061701795,-0.317634026,-0.190483531
1789388518.550865650,-0.327317595,-0.238489121,0.070619382,0.927584761,-0.061527218,-0.317134766,-0.187687113
1789388518.584206104,-0.309542120,-0.243210614,0.064393699,0.928143292,-0.061889408,-0.316864331,-0.185247743
1789388518.617547274,-0.293846339,-0.247025624,0.058875337,0.928555282,-0.062753310,-0.316681972,-0.183192903
1789388518.650888681,-0.284335345,-0.242912740,0.046330519,0.930536241,-0.059500160,-0.312895080,-0.180717194
1789388518.684227467,-0.268191665,-0.246018887,0.041449320,0.931232907,-0.058679948,-0.312401287,-0.178234037
1789388518.717565536,-0.253542423,-0.248514265,0.036032580,0.931629172,-0.057871028,-0.312086132,-0.176975353
1789388518.750904322,-0.239586622,-0.250804096,0.029753318,0.931941703,-0.056762145,-0.310737923,-0.178058035
1789388518.784243107,-0.228163958,-0.253392994,0.024190418,0.932133160,-0.056431049,-0.309126782,-0.179955386
1789388518.817582130,-0.216548532,-0.256639242,0.020385219,0.932296992,-0.056223490,-0.307613592,-0.181755650
1789388518.850919962,-0.205435008,-0.260977447,0.017590787,0.932009999,-0.056234192,-0.306539418,-0.185009898
1789388518.884258747,-0.194512054,-0.264584750,0.011069908,0.931645478,-0.056701733,-0.305772114,-0.187949546
1789388518.917598009,-0.181789190,-0.270679384,0.009909015,0.932129172,-0.056183154,-0.305715074,-0.185787388
1789388518.950935841,-0.167360678,-0.277587205,0.008542432,0.933587051,-0.055017500,-0.302972846,-0.183291431
1789388518.984274626,-0.156753331,-0.285866827,0.014710636,0.933714193,-0.056946414,-0.302418633,-0.182969623
1789388519.017613888,-0.133067161,-0.300986767,0.013639726,0.935392283,-0.060971023,-0.299600161,-0.177661349
1789388519.050952673,-0.114841424,-0.314652383,0.020941820,0.939103336,-0.063144794,-0.294131389,-0.166085477
1789388519.084290504,-0.094383255,-0.328386813,0.030173803,0.943560779,-0.062671441,-0.286786061,-0.153359389
1789388519.117629528,-0.071938790,-0.344250202,0.037454270,0.946684842,-0.060339555,-0.281758739,-0.144079707
1789388519.150968552,-0.048692524,-0.360181928,0.043896183,0.949216888,-0.057332586,-0.278054651,-0.135594560
1789388519.184306622,-0.032265641,-0.373270243,0.051893301,0.951864886,-0.053679704,-0.272541609,-0.129587038
1789388519.217645407,-0.016420757,-0.386554122,0.060568042,0.954284438,-0.050495923,-0.266505035,-0.125564487
1789388519.250984669,-0.001376034,-0.398777455,0.068047047,0.956547098,-0.047349357,-0.260865484,-0.121346148
1789388519.284323692,0.010422776,-0.408780307,0.075230986,0.957997217,-0.045453218,-0.257845985,-0.117007630
1789388519.317661524,0.023078656,-0.419575274,0.083329625,0.958811954,-0.045377531,-0.256058160,-0.114257323
1789388519.351000786,0.033847161,-0.427015454,0.092901602,0.960321099,-0.043960697,-0.251491867,-0.112261679
1789388519.384339809,0.047923960,-0.438540727,0.104640320,0.960762432,-0.046904348,-0.250604462,-0.109237976
1789388519.417678595,0.055268168,-0.442357659,0.117121689,0.961154383,-0.048238389,-0.249704579,-0.107251725
1789388519.451016903,0.063139684,-0.445272684,0.128443852,0.962039391,-0.050410974,-0.246512378,-0.105691014
1789388519.484355927,0.071433425,-0.448873848,0.140741318,0.962981752,-0.052429441,-0.242428673,-0.105572901
1789388519.517694950,0.081823632,-0.452297032,0.150847793,0.963695338,-0.053322385,-0.239689154,-0.104867197
1789388519.551033258,0.089787349,-0.454826474,0.161126092,0.964626745,-0.053358333,-0.236555729,-0.103390123
1789388519.584372282,0.098199151,-0.457829565,0.171947792,0.965158642,-0.053603795,-0.234878362,-0.102115543
1789388519.617711544,0.105352111,-0.460789740,0.182981253,0.965473389,-0.053177419,-0.234498987,-0.100217371
1789388519.651050568,0.112421572,-0.464291751,0.194943324,0.965472010,-0.053229088,-0.235960789,-0.096710746
1789388519.684388161,0.117522478,-0.466721207,0.207735956,0.965339124,-0.053320252,-0.237961292,-0.093014786
1789388519.717726707,0.117112070,-0.468519270,0.221902087,0.965638780,-0.053307948,-0.237701526,-0.090542773
1789388519.751065493,0.117373526,-0.470851570,0.236241773,0.965391516,-0.054452389,-0.239087730,-0.088832512
1789388519.784404278,0.111479707,-0.469551980,0.250415534,0.965249394,-0.055827825,-0.239585989,-0.088178319
1789388519.817741871,0.103621274,-0.468883932,0.264551103,0.964537773,-0.059842484,-0.241156825,-0.089045755
1789388519.851080656,0.096606277,-0.467357457,0.279504508,0.963458693,-0.065108279,-0.243240812,-0.091335460
1789388519.884419441,0.087420255,-0.464334190,0.290871829,0.963310879,-0.068768877,-0.242119188,-0.093173448
1789388519.917757034,0.077831015,-0.460448384,0.299892098,0.962937144,-0.070896918,-0.242421917,-0.094643007
1789388519.951095819,0.069989093,-0.456706136,0.308176905,0.961938845,-0.072123954,-0.245693948,-0.095426820
1789388519.984434605,0.061676823,-0.452624023,0.317166477,0.960706523,-0.072463828,-0.250479382,-0.095142253
1789388520.017773151,0.055306241,-0.448520213,0.323911548,0.958938635,-0.072554438,-0.257088387,-0.095279110
1789388520.051110983,0.045882028,-0.446473300,0.328297257,0.958105952,-0.074421050,-0.259398677,-0.095952171
1789388520.084449768,0.036127880,-0.443978101,0.333232403,0.957382993,-0.076171079,-0.261083160,-0.097218083
1789388520.117788553,0.022414843,-0.437448174,0.336608201,0.957746123,-0.075820156,-0.259057201,-0.099312811
1789388520.151127338,0.011647306,-0.433802277,0.342430681,0.957476220,-0.077498937,-0.258452242,-0.102154987
1789388520.184465170,0.000887653,-0.429427177,0.347539961,0.957364869,-0.078112618,-0.257376674,-0.105395318
1789388520.217803955,-0.007464344,-0.426054627,0.351630569,0.958058796,-0.077399132,-0.254339744,-0.106976691
1789388520.251142740,-0.014909208,-0.422521442,0.355405062,0.959496711,-0.075153381,-0.249514573,-0.107053762
1789388520.284480572,-0.023413004,-0.418001115,0.359434247,0.959656321,-0.074003907,-0.249625778,-0.106160904
1789388520.317819357,-0.033434734,-0.413189113,0.365233868,0.958666780,-0.075434936,-0.253305549,-0.105374922
1789388520.351158142,-0.041464113,-0.408930212,0.371460259,0.957899250,-0.078679669,-0.254667203,-0.106691856
1789388520.384497166,-0.050067864,-0.403980911,0.378176779,0.957799802,-0.082299025,-0.252150449,-0.110754506
1789388520.417834997,-0.057292819,-0.397490144,0.384882540,0.958314087,-0.084091265,-0.247982836,-0.114312220
1789388520.451173544,-0.066623501,-0.389353484,0.391862869,0.958811052,-0.085703284,-0.243937271,-0.117604935
1789388520.484512568,-0.071357787,-0.385050833,0.396214247,0.958423169,-0.088857445,-0.243009963,-0.120314341
1789388520.517850399,-0.075933397,-0.379753649,0.401324600,0.957998230,-0.090869892,-0.243935067,-0.120323473
1789388520.551189184,-0.084558062,-0.373047680,0.407594502,0.957398717,-0.095552072,-0.245575802,-0.118110218
1789388520.584527969,-0.088575438,-0.367285281,0.413243532,0.956270115,-0.099508817,-0.248895738,-0.117031509
1789388520.617866993,-0.091715373,-0.360412925,0.418851614,0.955565474,-0.101902667,-0.250495752,-0.117313045
1789388520.651204824,-0.096149072,-0.353142291,0.424935371,0.954723738,-0.105636586,-0.251905356,-0.117843914
1789388520.684543848,-0.101012893,-0.346792787,0.430751920,0.953885883,-0.109305423,-0.252605520,-0.119768519
1789388520.717882872,-0.105636850,-0.340777874,0.435036778,0.953429688,-0.111310422,-0.252484482,-0.121792471
1789388520.751221895,-0.109919213,-0.334124327,0.439943463,0.952773737,-0.113022147,-0.253554877,-0.123118339
1789388520.784559727,-0.114188030,-0.328278750,0.443841726,0.952159669,-0.114650834,-0.254776038,-0.123839903
1789388520.817898989,-0.117780298,-0.323073804,0.446671188,0.951882494,-0.115617433,-0.255163895,-0.124272735
1789388520.851237774,-0.119598679,-0.317850411,0.448465258,0.951634665,-0.115359763,-0.256367971,-0.123931649
1789388520.884575844,-0.120448299,-0.314970076,0.449782163,0.951650089,-0.115103953,-0.256419495,-0.123944469
1789388520.917915106,-0.120651491,-0.312389731,0.449312747,0.952780240,-0.113305672,-0.253194420,-0.123548470
1789388520.951254129,-0.119930878,-0.308772624,0.448579550,0.953607764,-0.111217681,-0.251408628,-0.122705180
1789388520.984592915,-0.118951157,-0.308157057,0.448125333,0.953126790,-0.112961561,-0.252504200,-0.122599498
1789388521.017931223,-0.117031157,-0.307831377,0.447987109,0.952997725,-0.114209464,-0.252080777,-0.123315920
1789388521.051270247,-0.115319774,-0.303107142,0.446556807,0.954002617,-0.112325490,-0.248243107,-0.125049389
1789388521.084609270,-0.112997480,-0.302013934,0.443696678,0.954487987,-0.112520435,-0.245256128,-0.127048285
1789388521.117948532,-0.109364487,-0.299833357,0.437958390,0.954920357,-0.110741959,-0.243114487,-0.129455306
1789388521.151286602,-0.103358261,-0.300653100,0.431139678,0.955220063,-0.108451556,-0.241366495,-0.132420191
1789388521.184625626,-0.095587105,-0.300992101,0.421669781,0.956392531,-0.102610813,-0.239000158,-0.132903240
1789388521.217965126,-0.086337984,-0.305234134,0.410690159,0.957540475,-0.097769063,-0.237916624,-0.130204181
1789388521.251303196,-0.074613281,-0.309856802,0.398080319,0.958849181,-0.091822482,-0.237707106,-0.125188707
1789388521.284642220,-0.062640451,-0.314469665,0.386859715,0.960561433,-0.086029865,-0.236142392,-0.118984734
1789388521.317981482,-0.047472313,-0.310853124,0.373768479,0.963618044,-0.076496373,-0.231488885,-0.109551200
1789388521.351320744,-0.030095465,-0.312534809,0.358633727,0.966824529,-0.070189956,-0.223935202,-0.100879752
1789388521.384659052,-0.014589202,-0.316156089,0.344325811,0.969768651,-0.065524765,-0.215088459,-0.094827332
1789388521.417998314,0.004684382,-0.319145501,0.331819922,0.972287152,-0.062379437,-0.206742149,-0.089577809
1789388521.451337337,0.023551432,-0.320325524,0.313354850,0.975001410,-0.058900830,-0.197683442,-0.082608709
1789388521.484676838,0.044863831,-0.321931273,0.293167055,0.976973377,-0.054419057,-0.191685055,-0.076278614
1789388521.518014908,0.065150388,-0.323229313,0.272108614,0.978812337,-0.050209392,-0.186216667,-0.068766117
1789388521.551354170,0.084250361,-0.324676901,0.253012329,0.980047708,-0.046660882,-0.182703019,-0.062839948
1789388521.584693670,0.104915440,-0.325619072,0.234230593,0.981260031,-0.043922315,-0.178580219,-0.057521192
1789388521.618031740,0.125232592,-0.327134341,0.214377552,0.982824156,-0.042702698,-0.172040688,-0.051333815
1789388521.651371002,0.145096138,-0.327282786,0.191254914,0.984152404,-0.039459556,-0.166994586,-0.044719096
1789388521.684711218,0.161927491,-0.329936951,0.171535790,0.985064790,-0.036416720,-0.163430972,-0.040143478
1789388521.718050957,0.177719966,-0.328549713,0.150838509,0.986472859,-0.031524372,-0.156672614,-0.036485669
1789388521.751389980,0.197240978,-0.330472171,0.130837098,0.987790871,-0.026524163,-0.149890436,-0.033143933
1789388521.784729958,0.213245109,-0.331626028,0.111164093,0.988706983,-0.021858386,-0.145119598,-0.030348235
1789388521.818069935,0.225591838,-0.334205478,0.093547598,0.989342413,-0.019907691,-0.141235399,-0.029288829
1789388521.851408958,0.237805426,-0.333813310,0.076242618,0.990095736,-0.016431722,-0.136397562,-0.028916035
1789388521.884748936,0.249640390,-0.333043188,0.059783936,0.990838021,-0.013241677,-0.131359990,-0.028446904
1789388521.918088913,0.259169281,-0.333488226,0.044919822,0.991262346,-0.012292953,-0.128356393,-0.027793550
1789388521.951428890,0.262777954,-0.332363307,0.029168634,0.991532781,-0.010316996,-0.126100776,-0.029238629
1789388521.984768152,0.273785383,-0.328917503,0.015739109,0.991527369,-0.005435908,-0.125728964,-0.032189376
1789388522.018108130,0.283774704,-0.323484659,0.005060251,0.991923738,-0.001153292,-0.122549592,-0.032673632
1789388522.051448345,0.291838348,-0.320110410,-0.003158402,0.992060017,0.000554680,-0.121281275,-0.033278644
1789388522.084788322,0.296734124,-0.316075891,-0.007661169,0.992189352,0.000428527,-0.120059625,-0.033849556
1789388522.118127346,0.301198095,-0.309660017,-0.010509058,0.992350721,-0.000571011,-0.118621836,-0.034184498
1789388522.151467562,0.306561679,-0.304831922,-0.008993730,0.992332037,-0.002095239,-0.118466154,-0.035192450
1789388522.184807539,0.311607867,-0.301139563,-0.006541642,0.992734261,-0.003863302,-0.115073548,-0.034954831
1789388522.218146801,0.316836655,-0.299515516,-0.002802283,0.993246178,-0.005354036,-0.111133485,-0.032904596
1789388522.251487017,0.321671128,-0.300785333,-0.002501184,0.994077391,-0.006704306,-0.104424135,-0.029339289
1789388522.284827232,0.330107003,-0.303162456,0.001573342,0.995158228,-0.006487691,-0.094687288,-0.025540722
1789388522.318167210,0.338210464,-0.308212817,0.005052639,0.996510177,-0.008353868,-0.079908796,-0.022633279
1789388522.351506710,0.350911409,-0.314609498,0.011921108,0.997553241,-0.015311773,-0.064713315,-0.021570048
1789388522.384846687,0.363625109,-0.320440114,0.020910548,0.998213402,-0.021198035,-0.052581281,-0.018864131
1789388522.418186903,0.378942996,-0.321638823,0.029340610,0.998842946,-0.020919208,-0.040979025,-0.013995569
1789388522.451527119,0.394288480,-0.326974362,0.037332382,0.999380566,-0.020351563,-0.027714019,-0.007498815
1789388522.484866381,0.412532210,-0.333004683,0.044421967,0.999653507,-0.020139282,-0.016948141,-0.000187584
1789388522.518206835,0.433058649,-0.338701844,0.053630207,0.999732401,-0.020328244,-0.006336390,0.009040950
1789388522.551546812,0.447751403,-0.342503726,0.064044982,0.999588600,-0.020443665,0.007181323,0.018791363
1789388522.584886312,0.463003188,-0.349633962,0.076256819,0.999134319,-0.022369327,0.021802003,0.027475400
1789388522.618226528,0.482393771,-0.354360670,0.088279575,0.998433769,-0.023134687,0.035543015,0.036489589
1789388522.651566982,0.504158318,-0.360741705,0.101184018,0.997624591,-0.024278766,0.046743622,0.044393146
1789388522.684906960,0.525075674,-0.365171045,0.116928525,0.996639506,-0.025658698,0.058626213,0.051130162
1789388522.718245983,0.540964007,-0.370557845,0.128925502,0.995549252,-0.027807414,0.070682200,0.055789430
1789388522.751586199,0.558880746,-0.369762123,0.143149212,0.994335960,-0.027394496,0.081400197,0.062606302
1789388522.784926414,0.575167179,-0.373376369,0.152764842,0.993018003,-0.028339476,0.092895108,0.066952365
1789388522.818266630,0.597684145,-0.374875933,0.168163493,0.991324777,-0.028635349,0.105186514,0.073423437
1789388522.851605654,0.616299033,-0.379151911,0.179761544,0.989528615,-0.030453718,0.116356859,0.079792061
1789388522.884945869,0.631001055,-0.377003074,0.190914527,0.987777656,-0.031329578,0.125784048,0.086557108
1789388522.918286085,0.645448387,-0.378651381,0.198388696,0.986068950,-0.033302267,0.134623279,0.091845297
1789388522.951625347,0.660200298,-0.380777389,0.207193658,0.984857027,-0.033930724,0.139988429,0.096480990
1789388522.984965563,0.672834873,-0.382107407,0.216276452,0.983953858,-0.033900785,0.143127421,0.100995462
1789388523.018305779,0.683963716,-0.383876264,0.223317474,0.983030009,-0.034730229,0.146517022,0.104778691
1789388523.051645994,0.696137786,-0.388030350,0.230526090,0.982205060,-0.036450149,0.149122630,0.108199115
1789388523.084985256,0.710343182,-0.387527168,0.243814558,0.981067027,-0.037464996,0.152992044,0.112682286
1789388523.118325472,0.722842336,-0.388370812,0.251526833,0.979985651,-0.039952744,0.156741186,0.116034917
1789388523.151665688,0.734278321,-0.390751362,0.260034144,0.978833639,-0.042531250,0.160108843,0.120170537
1789388523.185005188,0.745965421,-0.391824633,0.267120421,0.977759131,-0.044778140,0.162859193,0.124333755
1789388523.218345404,0.756257176,-0.392815262,0.273613214,0.976354219,-0.047549098,0.166928411,0.128865932
1789388523.251685858,0.769949079,-0.392859966,0.281277537,0.974714082,-0.049815810,0.172017213,0.133644757
1789388523.285026073,0.779574335,-0.395313799,0.288726896,0.973055837,-0.052629415,0.177407532,0.137546539
1789388523.318365335,0.786883831,-0.391659051,0.294832975,0.971245962,-0.053636329,0.182509981,0.143159115
1789388523.351705790,0.797299862,-0.392686278,0.300826788,0.969496123,-0.055807650,0.187270896,0.147960757
1789388523.385046244,0.808137655,-0.394685149,0.306887090,0.967914859,-0.058125137,0.191765483,0.151618910
1789388523.418386459,0.818567395,-0.396880418,0.314018786,0.966282982,-0.060722505,0.196095590,0.155423599
1789388523.451725721,0.828450203,-0.400217295,0.320117354,0.964875548,-0.062718237,0.199191343,0.159387603
1789388523.485066175,0.837630451,-0.404662967,0.326645553,0.963465819,-0.064800114,0.203145953,0.162068756
1789388523.518406630,0.845817149,-0.408474267,0.333412647,0.961679145,-0.066940090,0.208584514,0.164877978
1789388523.551746130,0.857437432,-0.410996407,0.341772288,0.959790860,-0.068242776,0.213797845,0.168626538
1789388523.585086346,0.867642224,-0.412812799,0.347320288,0.957970148,-0.069559992,0.218231456,0.172712580
1789388523.618427038,0.879213810,-0.414040476,0.352866918,0.955863113,-0.070543970,0.223579198,0.177092063
1789388523.651767254,0.887190104,-0.418081552,0.358548850,0.953895917,-0.072854339,0.229221685,0.179533405
1789388523.685103416,0.896874905,-0.421868175,0.366424650,0.952111483,-0.075233686,0.234375194,0.181361202
1789388523.718440771,0.904313028,-0.423355907,0.373502761,0.950342869,-0.076948228,0.239819178,0.182795412
1789388523.751777887,0.911606371,-0.425008804,0.380523384,0.948871145,-0.079341338,0.243977639,0.183911430
1789388523.785114765,0.917709053,-0.422908276,0.386329859,0.947524578,-0.080220064,0.246663950,0.186865756
1789388523.818450928,0.924593806,-0.424975693,0.395355284,0.946366033,-0.082847793,0.249476765,0.187853448
1789388523.851788044,0.930350184,-0.427626699,0.406985730,0.945241556,-0.087060206,0.251790444,0.188521862
1789388523.885124922,0.934850156,-0.430550039,0.417840242,0.944640968,-0.091771524,0.251857677,0.189206607
1789388523.918460846,0.939157248,-0.433385611,0.430610806,0.944205136,-0.095763025,0.251043848,0.190481210
1789388523.951798201,0.943558931,-0.436162174,0.443561554,0.943530230,-0.100413394,0.249811432,0.193033942
1789388523.985135078,0.947775245,-0.436972678,0.453423530,0.943237252,-0.105747358,0.247084575,0.195115851
1789388524.018471956,0.951685667,-0.437618107,0.465885818,0.942546526,-0.112029990,0.245403955,0.197058942
1789388524.051808119,0.955685675,-0.437456965,0.480398625,0.941702005,-0.119133547,0.243358894,0.199451699
1789388524.085144997,0.962153316,-0.436059356,0.488477439,0.940946107,-0.124443151,0.240753309,0.202909264
1789388524.118481874,0.964906633,-0.435275763,0.498269677,0.940081982,-0.129522483,0.239606447,0.205081799
1789388524.151818752,0.968599021,-0.433795780,0.509868145,0.939594814,-0.134405069,0.236137824,0.208172504
1789388524.185154676,0.970759392,-0.431804001,0.522179127,0.939574140,-0.139735812,0.231300522,0.210177084
1789388524.218491554,0.972676218,-0.429497778,0.534858227,0.939329217,-0.145160846,0.227993402,0.211205963
1789388524.251828432,0.974516451,-0.426298440,0.546409667,0.939033386,-0.149923905,0.226131870,0.211195409
1789388524.285164356,0.975489497,-0.423026383,0.557891309,0.938938527,-0.154809082,0.223876543,0.210494377
1789388524.318501234,0.976118803,-0.420727938,0.569965482,0.938851423,-0.160237393,0.221687707,0.209132838
1789388524.351837873,0.978049576,-0.418313831,0.580708623,0.938687037,-0.165192327,0.219329048,0.208501581
1789388524.385174751,0.981256247,-0.414533734,0.592615545,0.938622584,-0.168989854,0.215325086,0.209917083
1789388524.418510437,0.983093560,-0.412324071,0.604376674,0.938765415,-0.173208645,0.210312251,0.210919458
1789388524.451847315,0.985720515,-0.409696460,0.615339875,0.938634171,-0.177004921,0.205862704,0.212733868
1789388524.485184193,0.989138007,-0.407032669,0.625610292,0.938006493,-0.181494797,0.201678106,0.215706744
1789388524.518519878,0.993413210,-0.405000597,0.637041390,0.936795004,-0.187815742,0.197437109,0.219451489
1789388524.551856756,0.998606682,-0.401798487,0.647803485,0.935475123,-0.193636124,0.195039903,0.222150359
1789388524.585193396,1.003310442,-0.397352993,0.656395495,0.934168774,-0.197162604,0.194448492,0.225045313
1789388524.618530035,1.010970116,-0.392627865,0.666449845,0.932793934,-0.201548416,0.191595305,0.229270478
1789388524.651865721,1.016183376,-0.387515098,0.676191330,0.931712341,-0.205835956,0.189863312,0.231291148
1789388524.685202599,1.021305799,-0.383798063,0.684714973,0.930213008,-0.210016765,0.190321661,0.233183154
1789388524.718539476,1.027699590,-0.380127490,0.693163693,0.928474467,-0.214509066,0.190141316,0.236151020
1789388524.751876354,1.031943917,-0.374915808,0.700747311,0.927179048,-0.217531297,0.189747204,0.238778444
1789388524.785212040,1.036666632,-0.369695097,0.707738638,0.925692452,-0.220947687,0.190423479,0.240862000
1789388524.818549156,1.041431546,-0.365413278,0.712746322,0.924099962,-0.224314848,0.191576817,0.242941211
1789388524.851886034,1.045901060,-0.361908227,0.718407452,0.922665491,-0.227081675,0.192628014,0.244983170
1789388524.885221720,1.049363256,-0.359026819,0.723683357,0.921475967,-0.230534871,0.192696489,0.246178348
1789388524.918558598,1.052131534,-0.354795635,0.728541970,0.920666087,-0.232315701,0.192621288,0.247589198
1789388524.951895237,1.054489136,-0.350028217,0.729845643,0.920945963,-0.232256343,0.189497803,0.249010255
1789388524.985232115,1.056364536,-0.345819473,0.732925296,0.921225851,-0.232283981,0.186368154,0.250307800
1789388525.018567801,1.056690931,-0.341881126,0.736986041,0.921275682,-0.233203696,0.184007765,0.251014533
1789388525.051904440,1.057001352,-0.338532627,0.740064025,0.922028527,-0.233625348,0.180004269,0.250760952
1789388525.085241318,1.053071499,-0.336514592,0.745975137,0.922309970,-0.235387602,0.180031492,0.248043663
1789388525.118577957,1.049232721,-0.333701909,0.749980748,0.923346306,-0.236037842,0.180949443,0.242847761
1789388525.151913643,1.045132041,-0.333060473,0.753989995,0.924588211,-0.236871840,0.182750986,0.235861080
1789388525.185250282,1.041815758,-0.331736147,0.757157981,0.925856971,-0.236660307,0.182771989,0.231030664
1789388525.218586922,1.038469791,-0.328804523,0.761013806,0.926204363,-0.237905393,0.181999840,0.228959734
1789388525.251922607,1.038357973,-0.324622273,0.763721406,0.925825607,-0.239208194,0.178670874,0.231739300
1789388525.285259008,1.037516832,-0.319938451,0.767389059,0.925113011,-0.240865719,0.176779689,0.234304425
1789388525.318595648,1.036744714,-0.314552873,0.769997895,0.924692064,-0.241882256,0.173929659,0.237035937
1789388525.351932287,1.036142349,-0.313034683,0.775698006,0.923502197,-0.246998560,0.171649339,0.238058624
1789388525.385267735,1.033751965,-0.309392184,0.779071748,0.923634059,-0.247750090,0.170900465,0.237303706
1789388525.418604136,1.034174919,-0.305017829,0.780170918,0.924563123,-0.246590528,0.166786852,0.237819869
1789388525.451941013,1.034207225,-0.305281371,0.783770144,0.924147044,-0.249518804,0.164107874,0.238246121
1789388525.485277414,1.034369826,-0.303148687,0.785272658,0.924104610,-0.250023045,0.162310124,0.239112044
1789388525.518612862,1.032641172,-0.299821079,0.787394941,0.923661431,-0.250874002,0.161977925,0.240156089
1789388525.551949263,1.031545520,-0.296749443,0.789455056,0.923276925,-0.252414293,0.159544606,0.241644910
1789388525.585285664,1.030611038,-0.293605268,0.791939974,0.923078124,-0.253511444,0.155562243,0.243842394
1789388525.618621111,1.029500246,-0.290473759,0.793865561,0.923162635,-0.254943101,0.150501489,0.245202093
1789388525.651957512,1.028411984,-0.288572103,0.795179844,0.923304064,-0.256375977,0.147620293,0.244926954
1789388525.685295105,1.026051760,-0.285967141,0.795949340,0.923746779,-0.255854492,0.147883149,0.243641008
1789388525.718632698,1.024406672,-0.285206556,0.796793759,0.923491381,-0.257487108,0.149498382,0.241897275
1789388525.751969337,1.023138881,-0.284620911,0.797142684,0.923228161,-0.258986239,0.151348877,0.240144555
1789388525.785306931,1.021266580,-0.283626109,0.796354175,0.923744102,-0.258229155,0.152215787,0.238421668
1789388525.818644285,1.020861626,-0.284554750,0.794241786,0.924167932,-0.257587863,0.149875959,0.238954648
1789388525.851980686,1.020132422,-0.286182523,0.790931284,0.925261337,-0.255707998,0.146299743,0.238958706
1789388525.885318279,1.019639134,-0.288261920,0.786303043,0.926085062,-0.253077509,0.146129758,0.238672005
1789388525.918655872,1.019530416,-0.290023625,0.779205739,0.926091677,-0.249517024,0.151358894,0.239135833
1789388525.951993227,1.019391418,-0.295620203,0.773160160,0.925428966,-0.248483800,0.157693268,0.238683605
1789388525.985329628,1.019469500,-0.299650639,0.765526831,0.925889828,-0.246397639,0.161438908,0.236545363
1789388526.018666983,1.019490242,-0.302342057,0.755189240,0.926981517,-0.242882850,0.164671750,0.233658733
1789388526.052004337,1.019786954,-0.306927323,0.745111704,0.927811713,-0.239514239,0.168934459,0.230780207
1789388526.085341692,1.019584656,-0.307899803,0.733789325,0.929778047,-0.232883321,0.174762656,0.225246879
1789388526.118678331,1.016710877,-0.320227474,0.726292551,0.928357908,-0.233269500,0.191105445,0.217291611
1789388526.152015686,1.021228671,-0.316360384,0.706273556,0.929079069,-0.224409837,0.207018723,0.208795492
1789388526.185353041,1.021777868,-0.316107899,0.690989614,0.929785689,-0.213703056,0.220571314,0.202923317
1789388526.218689203,1.023516655,-0.324138671,0.674774349,0.930011711,-0.207751027,0.228706455,0.199025340
1789388526.252026558,1.025303841,-0.326772481,0.658757746,0.932322178,-0.195566889,0.232712426,0.195892510
1789388526.285363913,1.025803208,-0.329505295,0.644275188,0.934028386,-0.185431722,0.237227872,0.192169162
1789388526.318701267,1.024106383,-0.332940549,0.631262720,0.934645951,-0.177626599,0.244373470,0.187529582
1789388526.352037668,1.024981141,-0.340887606,0.617219448,0.934434925,-0.174476380,0.250744723,0.183074976
1789388526.385374784,1.025786638,-0.343511224,0.604258537,0.934806154,-0.167667584,0.255082021,0.181543932
1789388526.418711901,1.027761340,-0.345523655,0.590373278,0.934663904,-0.161527800,0.258612666,0.182843226
1789388526.452049255,1.029135704,-0.346888930,0.579580069,0.933798523,-0.156462958,0.263659963,0.184453479
1789388526.485385418,1.031322241,-0.348677605,0.568673491,0.932595551,-0.152471095,0.269222587,0.185842142
1789388526.518722773,1.032744765,-0.351227641,0.558797538,0.930701871,-0.149550396,0.276522434,0.186986763
1789388526.552059889,1.038009644,-0.355883002,0.545696855,0.929807800,-0.148336061,0.278763639,0.189062691
1789388526.585396051,1.040975571,-0.358492225,0.536170483,0.929506200,-0.145467781,0.280864256,0.189664489
1789388526.618733168,1.043773413,-0.361755580,0.526509464,0.929163660,-0.142049686,0.283761443,0.189621265
1789388526.652070284,1.045816183,-0.364536017,0.518191934,0.928242794,-0.138646169,0.288236287,0.189901022
1789388526.685408115,1.047114730,-0.368478864,0.510641217,0.926744482,-0.136022085,0.293888765,0.190452225
1789388526.718744755,1.050289154,-0.370694607,0.501912653,0.925309965,-0.132438161,0.298725410,0.192418118
1789388526.752082825,1.055960655,-0.374471217,0.492371619,0.923607392,-0.130218399,0.302871967,0.195604514
1789388526.785420418,1.059205294,-0.378115654,0.484974921,0.921578251,-0.127734656,0.307438004,0.199647836
1789388526.818758011,1.062227488,-0.381328672,0.478559673,0.919610035,-0.124896989,0.311017050,0.204906125
1789388526.852094650,1.072295666,-0.384777218,0.468859315,0.917299601,-0.123089802,0.313829621,0.211946481
1789388526.885432482,1.077577591,-0.387649029,0.462767899,0.913471366,-0.120674539,0.322320411,0.217065132
1789388526.918770075,1.084633350,-0.390641004,0.457249314,0.909779385,-0.119147690,0.329441970,0.222650591
1789388526.952106714,1.091188073,-0.393907428,0.453420341,0.906762882,-0.119069321,0.334296996,0.227703955
1789388526.985444307,1.099167705,-0.397220910,0.450961500,0.903663620,-0.119998915,0.338848406,0.232753258
1789388527.018781900,1.106269121,-0.399969041,0.450542659,0.899885861,-0.121574152,0.344496446,0.238217047
1789388527.052119732,1.113252759,-0.399309695,0.452843696,0.896511965,-0.122906035,0.349083040,0.243518856
1789388527.085456371,1.119395375,-0.400966048,0.454274327,0.892777453,-0.126024859,0.355176930,0.246810663
1789388527.118793964,1.126299500,-0.402968973,0.456807047,0.888361152,-0.130165159,0.363032667,0.249156131
1789388527.152131319,1.131481767,-0.404078096,0.459514767,0.885116091,-0.132314219,0.368686523,0.251262215
1789388527.185467958,1.137018204,-0.405636013,0.462228835,0.883372510,-0.133587483,0.371330987,0.252825416
1789388527.218805552,1.143728137,-0.407070756,0.466028988,0.881322228,-0.135978002,0.373612116,0.255333311
1789388527.252143145,1.149775028,-0.408873349,0.470372617,0.880052592,-0.138298581,0.374504611,0.257152160
1789388527.285480738,1.151719570,-0.409404069,0.473849267,0.879235250,-0.139497650,0.375545166,0.257782096
1789388527.318817139,1.156532526,-0.410793483,0.479492813,0.877701979,-0.141309303,0.378498129,0.257701540
1789388527.352154493,1.162386060,-0.411463201,0.485023856,0.876226718,-0.142592941,0.381218465,0.258004795
1789388527.385492086,1.168420076,-0.413017601,0.489906490,0.875479139,-0.143977082,0.381240980,0.259734850
1789388527.418829679,1.175354719,-0.414554089,0.495357245,0.874588147,-0.144887678,0.381947945,0.261187481
1789388527.452166080,1.181950569,-0.415321231,0.499627292,0.873265712,-0.146031727,0.384377939,0.261410275
1789388527.485503435,1.189292550,-0.416438609,0.504116893,0.871860687,-0.146968385,0.387076800,0.261592789
1789388527.518840790,1.196318626,-0.416947395,0.508070171,0.871132096,-0.147029959,0.389103335,0.260978270
1789388527.552177191,1.203958750,-0.417954594,0.512513399,0.870059637,-0.147788554,0.390895922,0.261448177
1789388527.585514545,1.212882280,-0.418029428,0.517526388,0.868654981,-0.148462258,0.392514298,0.263305919
1789388527.618852139,1.222106695,-0.418309271,0.523177028,0.867794405,-0.149479574,0.392742314,0.265221044
1789388527.652189493,1.229596496,-0.417540789,0.527171016,0.867129935,-0.151063176,0.392274088,0.267182771
1789388527.685526133,1.240221620,-0.418291658,0.534052134,0.865272473,-0.153981792,0.394143735,0.268782202
1789388527.718863726,1.250984073,-0.419153780,0.541281164,0.863279201,-0.156665977,0.396691968,0.269889377
1789388527.752201557,1.259991169,-0.417496979,0.545131862,0.861666790,-0.158351375,0.398233946,0.271780995
1789388527.785539389,1.271121502,-0.415879577,0.550619364,0.859077583,-0.160512826,0.400174774,0.275828733
1789388527.818876028,1.280526400,-0.413294435,0.553655684,0.857182715,-0.161520700,0.400256085,0.280969611
1789388527.852213621,1.300872803,-0.410171926,0.565649569,0.854977310,-0.162695646,0.401012570,0.285889566
1789388527.885551214,1.312312603,-0.408423603,0.571126044,0.851818077,-0.166416778,0.402740654,0.290708420
1789388527.918887615,1.323793888,-0.407406271,0.575040460,0.848529716,-0.168501920,0.405523370,0.295220629
1789388527.952225447,1.334102988,-0.407540113,0.579600275,0.845779821,-0.169929367,0.408458851,0.298231239
1789388527.985563040,1.342804790,-0.406562418,0.582893193,0.843256107,-0.170997290,0.411194111,0.300995794
1789388528.018900633,1.355445266,-0.405854434,0.589410067,0.840562444,-0.172806497,0.414006671,0.303629987
1789388528.052237272,1.363544106,-0.405027449,0.593498766,0.839029869,-0.174545295,0.414867799,0.305691884
1789388528.085574865,1.374039173,-0.404389650,0.599602342,0.837216261,-0.177787947,0.415518524,0.307903775
1789388528.118912697,1.386447072,-0.403362185,0.607213974,0.834493674,-0.181976328,0.416621108,0.311338684
1789388528.152250290,1.393325448,-0.403432518,0.612220764,0.831516907,-0.185446125,0.418174498,0.315149898
1789388528.185586929,1.403511405,-0.400881320,0.616703689,0.829009984,-0.188248658,0.418964403,0.319019934
1789388528.218924522,1.414800406,-0.398914099,0.620839953,0.826485528,-0.191194941,0.419501311,0.323086393
1789388528.252261877,1.423187852,-0.397002667,0.624115825,0.825107284,-0.192983808,0.419018213,0.326157871
1789388528.285598516,1.432725310,-0.394802988,0.629150212,0.823276723,-0.195918552,0.418566358,0.329596058
1789388528.318936348,1.441904664,-0.391580462,0.633556187,0.821962077,-0.198752945,0.415612736,0.334875597
1789388528.352273941,1.449414253,-0.389653504,0.638273656,0.820789853,-0.201599295,0.412164588,0.340267679
1789388528.385611534,1.455832601,-0.386638433,0.642768621,0.819875913,-0.203428034,0.409727909,0.344301559
1789388528.418947935,1.460831642,-0.383975625,0.647520661,0.818974991,-0.205591490,0.409042338,0.345971776
1789388528.452285528,1.464014530,-0.379039228,0.652282357,0.818006986,-0.206368147,0.409879681,0.346807447
1789388528.485623360,1.467476368,-0.377178848,0.656810403,0.818024105,-0.208365710,0.409015897,0.346592399
1789388528.518959761,1.470918655,-0.376374245,0.663043857,0.818097400,-0.211329576,0.407870554,0.345974082
1789388528.552297354,1.473806381,-0.376276493,0.670614004,0.817306256,-0.216023349,0.407105702,0.345845838
1789388528.585634947,1.476221561,-0.374525756,0.678105950,0.818328725,-0.218742680,0.403931224,0.345440740
1789388528.618972540,1.478280544,-0.373475254,0.686155498,0.819730149,-0.221285816,0.402016007,0.342721754
1789388528.652309179,1.480385661,-0.371768504,0.691878080,0.819718330,-0.223786942,0.402485206,0.340568530
1789388528.685646534,1.482723117,-0.368461370,0.695572555,0.820104577,-0.224846685,0.402218689,0.339252970
1789388528.718983889,1.486124635,-0.364924788,0.700144291,0.821134785,-0.226222643,0.400855293,0.337455205
1789388528.752321482,1.488669395,-0.360546917,0.704286277,0.821042771,-0.228184863,0.400601683,0.336658178
1789388528.785657883,1.490334153,-0.356717318,0.709406614,0.820194577,-0.231363289,0.400305259,0.336908867
1789388528.818995476,1.492363572,-0.352407515,0.713761687,0.820029296,-0.234122807,0.397954692,0.338187119
1789388528.852332830,1.494678736,-0.347916782,0.714701176,0.819972085,-0.236337926,0.395111942,0.340112800
1789388528.885669231,1.494948983,-0.343425959,0.718800962,0.819002292,-0.239608232,0.394223106,0.341190978
1789388528.919006586,1.495941520,-0.337586135,0.722746670,0.819112424,-0.242727609,0.390530469,0.342963697
1789388528.952343702,1.495673418,-0.331301481,0.726514280,0.819209604,-0.245330518,0.387559518,0.344247268
1789388528.985681057,1.496688724,-0.331040472,0.726220131,0.817774857,-0.251621343,0.384191137,0.346883486
1789388529.019017696,1.494542718,-0.326475739,0.729630470,0.817758968,-0.253549740,0.383381837,0.346411845
1789388529.052355051,1.493111372,-0.323683977,0.733191669,0.817327651,-0.255670598,0.383602368,0.345625925
1789388529.085692406,1.491926551,-0.320620298,0.735478520,0.816679811,-0.256955538,0.385118356,0.344516749
1789388529.119029760,1.491467357,-0.318092883,0.736509919,0.816502526,-0.257526194,0.385631062,0.343936867
1789388529.152366161,1.491517067,-0.316361457,0.737460673,0.816445468,-0.257899075,0.385408669,0.344042181
1789388529.185703278,1.491866231,-0.314507395,0.737853765,0.816228532,-0.258107353,0.385441375,0.344363942
1789388529.219040871,1.491777658,-0.313046455,0.738150239,0.815997496,-0.257943247,0.385574169,0.344885385
1789388529.252377272,1.491074204,-0.311483175,0.738234460,0.816223968,-0.257352438,0.385255421,0.345146950
1789388529.285714388,1.491555452,-0.309991777,0.737865150,0.815826858,-0.257549353,0.385030460,0.346188407
1789388529.319051743,1.491746306,-0.308234215,0.736862421,0.815316040,-0.257582532,0.385776530,0.346536380
1789388529.352389097,1.491019011,-0.306874692,0.735743821,0.815032142,-0.257646875,0.387820462,0.344870967
1789388529.385725260,1.490185261,-0.306706905,0.735119581,0.814022618,-0.258427178,0.390640982,0.343485363
1789388529.419062853,1.489740849,-0.306626201,0.733593106,0.813771847,-0.257896544,0.390942277,0.344134988
1789388529.452400208,1.487738967,-0.306268990,0.731697738,0.814439276,-0.255907321,0.390839865,0.344157389
1789388529.485737324,1.486562848,-0.306330621,0.728784263,0.814914567,-0.254044867,0.390201621,0.345134971
1789388529.519073725,1.484624028,-0.307279885,0.725741446,0.815596582,-0.251848817,0.389938296,0.345430911
1789388529.552410841,1.482997298,-0.309184164,0.722607315,0.816388223,-0.250316016,0.389276909,0.345420975
1789388529.585748196,1.481104732,-0.311087251,0.718549550,0.816898140,-0.248626820,0.389036434,0.345706213
1789388529.619084358,1.479884028,-0.314346552,0.714473009,0.817678459,-0.247302222,0.387051675,0.347036812
1789388529.652421713,1.475715280,-0.316884249,0.710018754,0.818654190,-0.243813455,0.387637562,0.346550772
1789388529.685761213,1.471694231,-0.321402550,0.704609156,0.819662363,-0.242087058,0.390179680,0.342501509
1789388529.719100714,1.465948939,-0.327487439,0.699801087,0.821139091,-0.239335667,0.393493114,0.337064090
1789388529.752439260,1.457914710,-0.332781196,0.693789840,0.824200364,-0.233166659,0.394076005,0.333213402
1789388529.785778761,1.450010777,-0.337683350,0.687464893,0.828231286,-0.226721974,0.393243051,0.328618299
1789388529.819118500,1.440941930,-0.342251301,0.680936813,0.830795458,-0.219633696,0.394834455,0.325031843
1789388529.852457047,1.431159496,-0.347581089,0.675007582,0.833246594,-0.213465870,0.395813857,0.321657935
1789388529.885796547,1.419612646,-0.355228722,0.666874051,0.836686479,-0.210330498,0.393546724,0.317549671
1789388529.919136286,1.409250498,-0.360572338,0.657550812,0.839841173,-0.204386663,0.391033583,0.316205049
1789388529.952475786,1.399160504,-0.365178913,0.647971630,0.842306901,-0.198750180,0.388855333,0.315925594
1789388529.985814571,1.389130831,-0.367908925,0.637594521,0.844940672,-0.192341658,0.387051408,0.315073255
1789388530.019154072,1.379967093,-0.371564865,0.628566563,0.846639044,-0.187182309,0.385913077,0.315017792
1789388530.052493811,1.371186972,-0.374366105,0.618309200,0.849184382,-0.181640950,0.383363897,0.314522769
1789388530.085833549,1.365537047,-0.374873549,0.610999286,0.852025418,-0.177023268,0.380448861,0.313008170
1789388530.119172096,1.356275678,-0.378393680,0.601583660,0.854266039,-0.172808484,0.378755271,0.311305647
1789388530.152512074,1.346029520,-0.380122393,0.592274487,0.856777590,-0.168634712,0.376896854,0.308938922
1789388530.185851574,1.334306717,-0.382233500,0.583295643,0.859466494,-0.165118292,0.374335289,0.306474120
1789388530.219190359,1.321839452,-0.384134203,0.575140655,0.862430618,-0.160716475,0.372336177,0.302901659
1789388530.252530336,1.308092952,-0.385979950,0.567245364,0.865860220,-0.156650498,0.369913845,0.298178552
1789388530.285869837,1.293808937,-0.386637032,0.560496390,0.869441034,-0.153422252,0.366377682,0.293770820
1789388530.319209814,1.281719565,-0.383575499,0.555715084,0.873111699,-0.150269593,0.361819108,0.290141246
1789388530.352548599,1.265526533,-0.381493151,0.550431252,0.876758462,-0.147758207,0.357388206,0.285894704
1789388530.385888338,1.249302506,-0.379179418,0.545593798,0.880372105,-0.146438112,0.352762227,0.281175474
1789388530.419228315,1.231885552,-0.377070159,0.541200936,0.883993848,-0.145120737,0.348629230,0.275594826
1789388530.452568054,1.213093758,-0.374599993,0.535979331,0.887729197,-0.142264609,0.345457804,0.268991747
1789388530.485907078,1.196043372,-0.374470741,0.532020628,0.891786421,-0.140053580,0.341329561,0.261908581
1789388530.519246817,1.179934859,-0.372097015,0.528295398,0.896301319,-0.136817782,0.335979935,0.255033967
1789388530.552587032,1.162198901,-0.371291697,0.524213254,0.899899308,-0.135005838,0.331390748,0.249268591
1789388530.585925817,1.144842505,-0.371545106,0.519813061,0.903431212,-0.133933004,0.325412801,0.244909176
1789388530.619265556,1.126638889,-0.371583551,0.514433682,0.906886867,-0.131253211,0.318913010,0.242122484
1789388530.652605772,1.108151078,-0.372847617,0.507813573,0.910403754,-0.127970259,0.312630463,0.238853118
1789388530.685943604,1.088732481,-0.374745160,0.500999987,0.914009961,-0.123235990,0.307704400,0.233915978
1789388530.719280481,1.072608113,-0.377612233,0.490979552,0.918535082,-0.119187150,0.301031927,0.226864509
1789388530.752618074,1.054838896,-0.380797595,0.483573914,0.922239934,-0.114226755,0.296043458,0.220871056
1789388530.785956144,1.037196636,-0.383649647,0.476454616,0.926192399,-0.111400552,0.289579361,0.214246004
1789388530.819293976,1.019910693,-0.386492819,0.470355600,0.929305164,-0.111209254,0.283967325,0.208295396
1789388530.852630854,1.004406810,-0.389883250,0.464141190,0.932041542,-0.109657193,0.278936927,0.203637067
1789388530.885968685,0.987401307,-0.393327802,0.454048902,0.935249223,-0.104985143,0.272549497,0.200009455
1789388530.919306755,0.970390677,-0.394968987,0.445195347,0.938567721,-0.099873636,0.266231586,0.195541896
1789388530.952643394,0.953450263,-0.397436231,0.436188787,0.941869557,-0.095398715,0.260274159,0.189837259
1789388530.985981226,0.936466396,-0.399532288,0.427700788,0.945064439,-0.090507726,0.255498546,0.182707554
1789388531.019319057,0.920553863,-0.401371956,0.419104785,0.948341717,-0.085797115,0.249218655,0.176569832
1789388531.052656889,0.902932525,-0.404298723,0.403237283,0.952092366,-0.080689275,0.239985455,0.171511951
1789388531.085993767,0.886296213,-0.404374748,0.392684400,0.955089018,-0.076470265,0.232056779,0.167651178
1789388531.119331598,0.868877053,-0.403078884,0.384386182,0.958013975,-0.073362556,0.223764262,0.163574794
1789388531.152669430,0.852743447,-0.402135372,0.376876026,0.961038254,-0.070703660,0.215356044,0.158203164
1789388531.186006069,0.835174024,-0.399815500,0.369919628,0.963447086,-0.068553003,0.209484458,0.152271007
1789388531.219343901,0.816204965,-0.398613989,0.364110202,0.965415439,-0.068176513,0.205546118,0.145175019
1789388531.252681971,0.798431039,-0.396708488,0.355812758,0.967816375,-0.066831258,0.199147858,0.138582746
1789388531.286019564,0.778963327,-0.392435998,0.347945899,0.970413593,-0.064067526,0.191195735,0.132804374
1789388531.319356441,0.765067637,-0.390851736,0.340683222,0.973017670,-0.062846402,0.181363068,0.128040542
1789388531.352694035,0.750398338,-0.382540345,0.333195418,0.975340371,-0.058289793,0.171995328,0.125423551
1789388531.386031866,0.732842863,-0.382367134,0.328452438,0.977313359,-0.059655582,0.164647557,0.119125950
1789388531.419369698,0.719024718,-0.378950506,0.321322054,0.978855549,-0.059960063,0.157872796,0.115424372
1789388531.452706575,0.707819104,-0.373557150,0.314066768,0.980514410,-0.058111370,0.149757153,0.113081188
1789388531.486044168,0.693111837,-0.370453775,0.305522591,0.982314526,-0.056863226,0.141143701,0.109101795
1789388531.519382000,0.682224214,-0.364329636,0.297956586,0.983747808,-0.054349719,0.132437992,0.108381440
1789388531.552718639,0.666864812,-0.365489215,0.289987266,0.985169021,-0.055413472,0.124038960,0.104812611
1789388531.586056471,0.653247952,-0.359152943,0.281859040,0.986548561,-0.053666339,0.117182868,0.100548679
1789388531.619394302,0.641042590,-0.353514671,0.275218040,0.987520641,-0.053057988,0.112254554,0.096885236
1789388531.652731895,0.628838837,-0.349555343,0.268061340,0.988597911,-0.052856325,0.106955124,0.091874814
1789388531.686068296,0.615677774,-0.345233589,0.259758353,0.989694027,-0.052643163,0.100429681,0.087454614
1789388531.719405413,0.605326355,-0.337566793,0.251404285,0.990712497,-0.051139212,0.093284813,0.084684549
1789388531.752743006,0.592955589,-0.336211026,0.246706471,0.991514123,-0.051693372,0.086958185,0.081644431
1789388531.786080360,0.581692278,-0.330531627,0.238267034,0.992561060,-0.049518430,0.079919067,0.077352506
1789388531.819416523,0.573359370,-0.324907064,0.230874315,0.993444521,-0.047786956,0.073066012,0.073795320
1789388531.852753878,0.561349213,-0.319185972,0.220365360,0.994245034,-0.046211731,0.066291476,0.070332984
1789388531.886090994,0.551641822,-0.315653414,0.210963488,0.994916438,-0.043951498,0.059914317,0.067969273
1789388531.919427395,0.542536199,-0.310001582,0.199718952,0.995543322,-0.041460763,0.055177311,0.064264790
1789388531.952764750,0.533757150,-0.308757842,0.187038630,0.996111767,-0.041844523,0.049775408,0.059437302
1789388531.986102104,0.525033534,-0.304024220,0.176961988,0.996679818,-0.040440568,0.045582527,0.054001233
1789388532.019439220,0.518574238,-0.298002452,0.166379422,0.997119134,-0.038041331,0.040244103,0.051833399
1789388532.052775383,0.510407329,-0.292088419,0.154774085,0.997568505,-0.035812768,0.031736313,0.050668833
1789388532.086112738,0.505351245,-0.284959257,0.145016864,0.998058007,-0.032706966,0.021823032,0.048313808
1789388532.119449854,0.498468518,-0.278626561,0.132778734,0.998428894,-0.030578595,0.015955578,0.044160088
1789388532.152787209,0.490867734,-0.274167717,0.120513193,0.998700496,-0.029896121,0.009181915,0.040239714
1789388532.186123371,0.481477380,-0.266749203,0.111572511,0.998984855,-0.028482506,0.000272421,0.034898899
1789388532.219460726,0.474124372,-0.260180801,0.101813674,0.999190501,-0.027431264,-0.008009641,0.028314549
1789388532.252797842,0.466663063,-0.252963573,0.092035010,0.999370095,-0.025318155,-0.014970161,0.019856947
1789388532.286134005,0.457440883,-0.244056627,0.080999859,0.999471183,-0.021866927,-0.022001352,0.009753558
1789388532.319471121,0.447733462,-0.235348165,0.069811977,0.999444448,-0.017218691,-0.028528311,0.000668263
1789388532.352808237,0.437251687,-0.227636054,0.058267292,0.999315612,-0.012412852,-0.034353757,-0.005835048
1789388532.386145592,0.428362817,-0.221789435,0.046403367,0.998946114,-0.008095963,-0.043495518,-0.012217027
1789388532.419481754,0.421198428,-0.216020599,0.034872498,0.998363026,-0.004148861,-0.053613086,-0.019485676
1789388532.452818871,0.412641734,-0.208932281,0.023826476,0.997897295,-0.000700471,-0.059274225,-0.026211928
1789388532.486155987,0.403333962,-0.203704104,0.012802315,0.997521288,0.001738211,-0.062409975,-0.032453880
1789388532.519492149,0.395557642,-0.196119115,0.004228185,0.997212202,0.004603288,-0.064336045,-0.037516764
1789388532.552829266,0.389192164,-0.190429777,-0.004453886,0.996988773,0.005172818,-0.065082166,-0.041844228
1789388532.586166620,0.382821769,-0.182548568,-0.014561663,0.996763225,0.005514381,-0.066544771,-0.044771176
1789388532.619503498,0.376967013,-0.175322577,-0.023184609,0.996529588,0.004493710,-0.068748374,-0.046714534
1789388532.652839661,0.371030569,-0.168817982,-0.031081606,0.996233685,0.002298287,-0.071698072,-0.048708826
1789388532.686177492,0.367517948,-0.162006646,-0.038383640,0.995896482,0.000858126,-0.075844042,-0.049367416
1789388532.719515085,0.364027768,-0.152773514,-0.045741502,0.995625693,0.001470447,-0.079383062,-0.049250861
1789388532.752852678,0.361718923,-0.145928577,-0.052950148,0.995397944,-0.000106000,-0.082438781,-0.048854570
1789388532.786189556,0.358876616,-0.137924373,-0.058143057,0.995235952,-0.002819198,-0.085177521,-0.047352316
1789388532.819527388,0.359364271,-0.131563365,-0.063663334,0.994941297,-0.004997187,-0.089139531,-0.046054189
1789388532.852864981,0.360051990,-0.129464090,-0.067013443,0.994788916,-0.008032718,-0.090128233,-0.046982876
1789388532.886201620,0.362338334,-0.121241458,-0.072891958,0.994693785,-0.009111091,-0.091089343,-0.046946703
1789388532.919539213,0.364412814,-0.117361128,-0.079762936,0.994507616,-0.009560890,-0.093574979,-0.045901131
1789388532.952877283,0.365790606,-0.110771574,-0.087150708,0.994311163,-0.007514181,-0.097008974,-0.043337122
1789388532.986214876,0.367337435,-0.106802829,-0.095476687,0.994092065,-0.005680792,-0.100125316,-0.041516462
1789388533.019551516,0.368944496,-0.104170173,-0.101119205,0.993962137,-0.004979701,-0.101841186,-0.040532021
1789388533.052889109,0.369327486,-0.102122739,-0.105582856,0.993875966,-0.005086751,-0.102765925,-0.040297081
1789388533.086226702,0.368805319,-0.099893294,-0.108182855,0.993749029,-0.005955879,-0.103710995,-0.040883050
1789388533.119564772,0.368393093,-0.099412844,-0.109102555,0.993592418,-0.008041310,-0.104286856,-0.042821683
1789388533.152901411,0.365747243,-0.096935593,-0.110496230,0.993466205,-0.008735184,-0.104315691,-0.045462430
1789388533.186239004,0.363811702,-0.095701918,-0.110367745,0.993387285,-0.008137646,-0.103925594,-0.048113939
1789388533.219576597,0.362257481,-0.096069813,-0.110702880,0.993291201,-0.007367163,-0.104191081,-0.049623922
1789388533.252913237,0.360475868,-0.095599793,-0.110251062,0.993190703,-0.006259822,-0.104811519,-0.050473623
1789388533.286251068,0.359353393,-0.096920207,-0.108810604,0.993306674,-0.006119866,-0.103837436,-0.050221364
1789388533.319588661,0.357301414,-0.098026730,-0.105573565,0.993777167,-0.006221204,-0.099417866,-0.049843021
1789388533.352926254,0.353975236,-0.099742226,-0.099533342,0.994166855,-0.007889811,-0.094543169,-0.051299163
1789388533.386262894,0.350315809,-0.101750746,-0.092631146,0.994215864,-0.009251774,-0.092455292,-0.053863158
1789388533.419600487,0.346027762,-0.103350431,-0.085603297,0.994172035,-0.009143863,-0.092278818,-0.054981578
1789388533.452938318,0.342119426,-0.106109843,-0.077306762,0.994153231,-0.009027776,-0.092447649,-0.055057106
1789388533.486276150,0.338518173,-0.109722540,-0.067593001,0.994205819,-0.009405808,-0.091756918,-0.055199537
1789388533.519612551,0.334551781,-0.113571212,-0.057107508,0.994343815,-0.010291755,-0.089625278,-0.056051474
1789388533.552950144,0.331963241,-0.118379369,-0.044150691,0.994477009,-0.011821954,-0.088200733,-0.055644865
1789388533.586287737,0.329387128,-0.123216368,-0.029892191,0.994565770,-0.013809519,-0.088535116,-0.053007159
1789388533.619624615,0.327616274,-0.127890572,-0.015982380,0.994632678,-0.015774581,-0.089376230,-0.049687916
1789388533.652962208,0.328456461,-0.134389803,-0.002653116,0.994700857,-0.017153555,-0.089942153,-0.046758634
1789388533.686300516,0.329105139,-0.139718249,0.011453217,0.994885385,-0.016549062,-0.089490011,-0.043826226
1789388533.719638586,0.329000950,-0.146143645,0.024865437,0.995093854,-0.016903302,-0.088070753,-0.041785677
1789388533.752975941,0.330366850,-0.153838068,0.037202850,0.995267635,-0.018935254,-0.086659432,-0.039672829
1789388533.786314011,0.330881029,-0.161113515,0.050620418,0.995400448,-0.020962762,-0.085924649,-0.036816654
1789388533.819652319,0.332084328,-0.166735202,0.064991608,0.995465167,-0.021818709,-0.085887010,-0.034589985
1789388533.852989435,0.333550245,-0.172600344,0.078659929,0.995560207,-0.022779369,-0.085120271,-0.033098539
1789388533.886327744,0.334881693,-0.179461583,0.092667192,0.995683259,-0.023758508,-0.083969609,-0.031614632
1789388533.919666052,0.335447401,-0.184248269,0.106478773,0.995768305,-0.023753317,-0.083439673,-0.030316407
1789388533.953004122,0.334611982,-0.188383609,0.120138854,0.995817030,-0.023740969,-0.083164927,-0.029468697
1789388533.986341238,0.338133514,-0.192125797,0.132051080,0.995660629,-0.023718572,-0.084984888,-0.029578893
1789388534.019679785,0.337764949,-0.197317645,0.146358341,0.995733165,-0.025203907,-0.084373677,-0.027591853
1789388534.053017855,0.337527066,-0.200696215,0.160447478,0.995650799,-0.026344064,-0.085651159,-0.025482449
1789388534.086356163,0.336882383,-0.203079075,0.174073964,0.995519829,-0.027200828,-0.087036620,-0.025000225
1789388534.119693279,0.334804714,-0.206085339,0.187420771,0.995622726,-0.028235850,-0.085569692,-0.024818362
1789388534.153031826,0.333559483,-0.209299490,0.199722573,0.995641755,-0.029002724,-0.085485594,-0.023421154
1789388534.186369896,0.332807004,-0.212836757,0.211233839,0.995420655,-0.029797137,-0.088185150,-0.021753858
1789388534.219707251,0.331298530,-0.215849578,0.222650111,0.995277237,-0.030860912,-0.089415648,-0.021809789
1789388534.253045321,0.328940541,-0.218737632,0.233210102,0.995221132,-0.032878473,-0.088949009,-0.023280436
1789388534.286383867,0.326733947,-0.221727535,0.244159028,0.995089225,-0.034743441,-0.089306937,-0.024791090
1789388534.319721937,0.323959321,-0.223856062,0.253344983,0.994974820,-0.035703839,-0.090210381,-0.024747318
1789388534.353059292,0.320699811,-0.225846648,0.263384491,0.994803825,-0.037220866,-0.091706477,-0.023872139
1789388534.386397362,0.318196654,-0.227655515,0.272921503,0.994550422,-0.040238870,-0.093041833,-0.024362032
1789388534.419735909,0.315241575,-0.229267389,0.282303393,0.994458541,-0.042385635,-0.092883170,-0.025067611
1789388534.453074217,0.317853212,-0.226460531,0.287139148,0.994157109,-0.042393910,-0.096151051,-0.024685520
1789388534.486411333,0.316936404,-0.221588612,0.295330912,0.993860373,-0.039549963,-0.100359926,-0.024601734
1789388534.519749641,0.305008292,-0.231502935,0.304025412,0.993623429,-0.043546573,-0.100162604,-0.027993392
1789388534.553088188,0.310852766,-0.228721038,0.308017522,0.993009348,-0.043279296,-0.105879884,-0.029133963
1789388534.586425304,0.303105921,-0.231697038,0.317399412,0.992825314,-0.045562624,-0.105681358,-0.032456040
1789388534.619763613,0.298814923,-0.233397722,0.323224932,0.992805538,-0.045980145,-0.104582355,-0.035854170
1789388534.653102160,0.296324998,-0.231379017,0.326907426,0.993177915,-0.043699266,-0.101296748,-0.037775283
1789388534.686439753,0.295662314,-0.228526518,0.331860900,0.993254453,-0.041231434,-0.101238978,-0.038681141
1789388534.719776630,0.295915484,-0.226529613,0.337515146,0.993040276,-0.039793430,-0.103699724,-0.039164526
1789388534.753114462,0.295436323,-0.225950301,0.342926055,0.992860560,-0.040393104,-0.104978623,-0.039696267
1789388534.786452055,0.294318408,-0.226909801,0.350855947,0.992618766,-0.041760771,-0.106816787,-0.039423297
1789388534.819790125,0.290299088,-0.229746521,0.357343048,0.992548614,-0.043234589,-0.106710908,-0.039884842
1789388534.853126764,0.289144158,-0.230922416,0.362908393,0.992529227,-0.043021085,-0.107226009,-0.039211007
1789388534.886464596,0.287573904,-0.233214393,0.367514670,0.992420255,-0.043894939,-0.107990175,-0.038902350
1789388534.919802189,0.288513780,-0.235786214,0.371549159,0.992251040,-0.044348687,-0.109141328,-0.039487194
1789388534.953139067,0.289372921,-0.236318126,0.373865813,0.992320306,-0.043117934,-0.108599970,-0.040586946
1789388534.986476898,0.289499432,-0.237859100,0.376542211,0.992601366,-0.042277029,-0.105595623,-0.042482304
1789388535.019814730,0.291022301,-0.239542365,0.378836036,0.993006806,-0.041237260,-0.101442216,-0.044118571
1789388535.053152561,0.292011976,-0.239435956,0.380164027,0.993405561,-0.039923615,-0.098081326,-0.043949391
1789388535.086489201,0.290197194,-0.240115792,0.378712773,0.993560915,-0.040234537,-0.096887173,-0.042787453
1789388535.119826794,0.292545438,-0.240609795,0.378514856,0.993491744,-0.040055936,-0.098657172,-0.040452929
1789388535.153164864,0.293819517,-0.240729168,0.378131986,0.993525201,-0.039358293,-0.099385970,-0.038484139
1789388535.186501503,0.294731468,-0.241817415,0.377590746,0.993568315,-0.039426701,-0.099460389,-0.037083293
1789388535.219839334,0.294484705,-0.242105141,0.376564443,0.993509317,-0.039077441,-0.100258317,-0.036884426
1789388535.253176928,0.294622183,-0.242170289,0.374914050,0.993227800,-0.038589867,-0.103048760,-0.037286906
1789388535.286514997,0.293495476,-0.243249208,0.372456700,0.992871175,-0.038333127,-0.106213996,-0.038157424
1789388535.319851637,0.290328860,-0.244173408,0.369250178,0.992424796,-0.038171448,-0.109912873,-0.039435074
1789388535.353189230,0.286824167,-0.244352847,0.366900593,0.991689757,-0.038613249,-0.116016032,-0.040009041
1789388535.386527061,0.283879042,-0.245226249,0.361963123,0.990414493,-0.039387469,-0.126186467,-0.040059135
1789388535.419864655,0.279759347,-0.245101660,0.357039273,0.989004514,-0.038052473,-0.136908369,-0.040965575
1789388535.453201532,0.273545235,-0.243346483,0.352480829,0.987647599,-0.035067616,-0.146759860,-0.042237727
1789388535.486539364,0.269669831,-0.248235747,0.345871687,0.985600152,-0.035765310,-0.159221562,-0.044290833
1789388535.519876957,0.261502266,-0.248325065,0.338451892,0.983998681,-0.033851170,-0.168609981,-0.046597951
1789388535.553213596,0.257119119,-0.248802915,0.333897918,0.981949305,-0.031996503,-0.179806049,-0.049209456
1789388535.586551428,0.250451684,-0.249820635,0.325515628,0.979970621,-0.029905274,-0.189859891,-0.052119846
1789388535.619889259,0.246599048,-0.246357962,0.319358528,0.977181773,-0.025378097,-0.204036741,-0.053298626
1789388535.653226852,0.243480459,-0.247310936,0.312155992,0.972832395,-0.024452296,-0.223923002,-0.053457522
1789388535.686563492,0.240604833,-0.247764945,0.305748165,0.967692810,-0.022158668,-0.245512356,-0.052946219
1789388535.719901323,0.213501081,-0.256880850,0.294532955,0.964844813,-0.022892227,-0.256187794,-0.054020799
1789388535.753238916,0.211947158,-0.257961065,0.287276804,0.961600469,-0.022408578,-0.267841335,-0.055528480
1789388535.786576748,0.210148096,-0.259223968,0.280970722,0.957610115,-0.020045292,-0.281602122,-0.057282626
1789388535.819913387,0.208163962,-0.259063005,0.275337577,0.954783300,-0.016099568,-0.290662521,-0.060373439
1789388535.853250980,0.207099572,-0.259817123,0.271504730,0.952474914,-0.013291722,-0.297832268,-0.062536461
1789388535.886588573,0.207254633,-0.260883093,0.268099487,0.950222746,-0.011345471,-0.304577355,-0.064657935
1789388535.919925213,0.206487551,-0.261754304,0.265132278,0.947970283,-0.010236884,-0.311229889,-0.066208043
1789388535.953263044,0.206907481,-0.261904776,0.262691110,0.945366546,-0.008585461,-0.318796182,-0.067656322
1789388535.986600637,0.208637118,-0.262340069,0.259437591,0.942372669,-0.007821478,-0.327062851,-0.070017638
1789388536.019938469,0.208503872,-0.262958318,0.256204635,0.938854160,-0.008454318,-0.336573095,-0.072110631
1789388536.053274870,0.209639579,-0.261911780,0.254215389,0.934324919,-0.008475771,-0.348294206,-0.075208070
1789388536.086612463,0.210146248,-0.260565281,0.251963437,0.930319032,-0.008270207,-0.358020201,-0.079117876
1789388536.119950294,0.210720316,-0.259366810,0.249724537,0.927181293,-0.008354485,-0.365074958,-0.083578265
1789388536.153287888,0.210611597,-0.258747816,0.247894898,0.924431119,-0.009527654,-0.370840235,-0.088395986
1789388536.186624527,0.211280212,-0.257192165,0.246336222,0.922102532,-0.009381549,-0.375542709,-0.092771659
1789388536.219962120,0.212628558,-0.254614383,0.243045643,0.920074511,-0.007700121,-0.379670556,-0.096197045
1789388536.253299713,0.215204433,-0.253495276,0.241419226,0.916483630,-0.005520690,-0.387598753,-0.098967090
1789388536.286636591,0.217537627,-0.251900315,0.239763111,0.911321056,-0.004492021,-0.399209747,-0.100525285
1789388536.319974184,0.220391855,-0.248717174,0.238621145,0.905479159,-0.003224298,-0.411883071,-0.102222469
1789388536.353311539,0.225071162,-0.249565199,0.238742083,0.899801371,-0.002729608,-0.424099742,-0.102418020
1789388536.386649132,0.229255334,-0.246942580,0.235969469,0.896246114,0.001126274,-0.431596090,-0.102305663
1789388536.419985771,0.233173564,-0.245509714,0.233919904,0.894640622,0.004774766,-0.434701889,-0.103100083
1789388536.453323603,0.236050591,-0.245124280,0.231514722,0.892963104,0.008725992,-0.437307235,-0.106316200
1789388536.486660957,0.237261266,-0.244703040,0.228297576,0.891456139,0.012102184,-0.439081555,-0.111206466
1789388536.519997597,0.237379834,-0.244314060,0.225107774,0.890243583,0.014931651,-0.440060433,-0.116577118
1789388536.553335190,0.236324012,-0.243928090,0.220927134,0.888825685,0.017041960,-0.441274241,-0.122374493
1789388536.586672544,0.234711334,-0.244709551,0.218557164,0.887150208,0.017665292,-0.443168392,-0.127492046
1789388536.620010138,0.232289150,-0.244065642,0.215135410,0.886160889,0.018386154,-0.444113334,-0.130935764
1789388536.653347015,0.229199469,-0.243966877,0.211671919,0.885541795,0.017614100,-0.444984137,-0.132267117
1789388536.686684370,0.225431502,-0.242843360,0.208752573,0.884700030,0.016280519,-0.446917608,-0.131550194
1789388536.720021963,0.221799657,-0.242226735,0.206375226,0.883525503,0.014610684,-0.449574029,-0.130584859
1789388536.753359318,0.216994673,-0.239467010,0.201996237,0.882959935,0.013311776,-0.451005833,-0.129608210
1789388536.786695957,0.210111037,-0.235508084,0.195427611,0.882294698,0.011618703,-0.452284089,-0.129846734
1789388536.820033550,0.206145048,-0.233313039,0.192074612,0.881271418,0.009771304,-0.453843741,-0.131495505
1789388536.853371143,0.199757203,-0.230070576,0.185817793,0.880772098,0.008318307,-0.454630963,-0.132219536
1789388536.886707544,0.190253288,-0.224932626,0.176499665,0.880225356,0.008137498,-0.455826131,-0.131755992
1789388536.920044899,0.180257782,-0.219833955,0.167208672,0.879444844,0.009101102,-0.457708331,-0.130372621
1789388536.953382492,0.171459079,-0.215718701,0.159279108,0.878294206,0.009663185,-0.460326391,-0.128862422
1789388536.986720085,0.159795001,-0.212298125,0.148659348,0.877495493,0.008146676,-0.461783482,-0.129194844
1789388537.020056486,0.150652498,-0.210792422,0.140071094,0.876330255,0.006832043,-0.463203338,-0.132065421
1789388537.053394079,0.135473877,-0.208228350,0.128844619,0.875358875,0.006251580,-0.463874310,-0.136119002
1789388537.086731434,0.117009394,-0.203736052,0.113079004,0.874650189,0.006032560,-0.464054738,-0.140013771
1789388537.120068789,0.103814423,-0.200724572,0.101122066,0.873501714,0.006194206,-0.465359030,-0.142819329
1789388537.153405190,0.088497221,-0.197457641,0.085592151,0.872562175,0.006266070,-0.466663033,-0.144296920
1789388537.186742783,0.075086460,-0.193872556,0.077694722,0.870756210,0.005616008,-0.469971928,-0.144493843
1789388537.220080137,0.060873624,-0.188562140,0.074624978,0.868635202,0.003542926,-0.473934482,-0.144382963
1789388537.253416538,0.046847474,-0.181962967,0.067923017,0.866250869,0.000573335,-0.478131498,-0.144911606
1789388537.286754131,0.032657977,-0.176315844,0.057603952,0.865497704,-0.002629769,-0.479440568,-0.145063951
1789388537.320091486,0.021519190,-0.170850173,0.049817421,0.865581835,-0.005037925,-0.479468025,-0.144406094
1789388537.353428841,0.010966824,-0.164568529,0.039086986,0.865034029,-0.006333008,-0.480767841,-0.143311910
1789388537.386765242,0.000249881,-0.158678740,0.031730447,0.863878203,-0.007183407,-0.483131681,-0.142290644
1789388537.420102596,-0.008859312,-0.152304798,0.025344482,0.863406273,-0.007202899,-0.484403773,-0.140821557
1789388537.453439951,-0.010033988,-0.133036837,0.007943008,0.860778416,-0.004560679,-0.489294897,-0.140107894
1789388537.486777306,-0.018867541,-0.129454225,-0.003477575,0.860893326,-0.004667967,-0.489439433,-0.138888203
1789388537.520113707,-0.026466621,-0.124839284,-0.009153428,0.862304692,-0.005317610,-0.487662612,-0.136336050
1789388537.553451061,-0.032905739,-0.121435300,-0.015798379,0.863732409,-0.005997917,-0.486035618,-0.133040331
1789388537.586788654,-0.039466295,-0.117896967,-0.022769304,0.865040494,-0.006116046,-0.484656937,-0.129519077
1789388537.620124817,-0.046135280,-0.113665417,-0.030163605,0.865968546,-0.006371711,-0.483716917,-0.126790467
1789388537.653462172,-0.048888944,-0.111322373,-0.033913936,0.867105140,-0.007153769,-0.482366029,-0.124098808
1789388537.686805010,-0.054673180,-0.105802655,-0.046653651,0.870207398,-0.007267424,-0.477916823,-0.119506400
1789388537.720147371,-0.061229091,-0.102139883,-0.055115767,0.872662650,-0.007645443,-0.474770899,-0.113991401
1789388537.753489256,-0.064323999,-0.100290187,-0.059015714,0.874237231,-0.007834755,-0.473109775,-0.108696922
1789388537.786832094,-0.069143333,-0.096076995,-0.067001283,0.876629323,-0.006952835,-0.469656569,-0.104381014
1789388537.820174694,-0.065901451,-0.094553471,-0.063788645,0.878112255,-0.006309637,-0.467590720,-0.101182877
1789388537.853516579,-0.069261953,-0.091108188,-0.069838323,0.880646336,-0.005650145,-0.463684016,-0.097093976
1789388537.886859655,-0.072846338,-0.086709887,-0.075223207,0.883445152,-0.005203597,-0.459249946,-0.092666464
1789388537.920202494,-0.076309443,-0.082246929,-0.079030342,0.886790048,-0.005540814,-0.453366851,-0.089617016
1789388537.953545332,-0.080213934,-0.075456411,-0.081958391,0.889487216,-0.006779470,-0.448564474,-0.086927811
1789388537.986887455,-0.085221268,-0.068152666,-0.086462028,0.891349842,-0.007360119,-0.444963271,-0.086307444
1789388538.020230532,-0.090745874,-0.060299758,-0.089607812,0.893466952,-0.007481935,-0.440540613,-0.087090731
1789388538.053573370,-0.094210736,-0.054381952,-0.091761112,0.895847727,-0.007978850,-0.435452843,-0.088170341
1789388538.086916447,-0.095311970,-0.048276439,-0.090974174,0.897047095,-0.008389423,-0.432593134,-0.089996151
1789388538.120258570,-0.100098215,-0.040453654,-0.092164852,0.898666413,-0.008575775,-0.428845600,-0.091741954
1789388538.153601646,-0.103804201,-0.032713577,-0.096302599,0.900559178,-0.008060653,-0.424476591,-0.093529761
1789388538.186944723,-0.107082933,-0.026411572,-0.099656068,0.901887245,-0.007891648,-0.421359483,-0.094833039
1789388538.220286846,-0.109659716,-0.019082936,-0.103030153,0.902717328,-0.007321782,-0.419159995,-0.096709441
1789388538.253630161,-0.111169316,-0.014688562,-0.103706904,0.902737058,-0.008710175,-0.418623256,-0.098714266
1789388538.286973476,-0.112312354,-0.007552913,-0.103303507,0.902918938,-0.009728332,-0.418014500,-0.099532047
1789388538.320316553,-0.113990240,-0.001177729,-0.103733651,0.903436919,-0.011022131,-0.416963678,-0.099103670
1789388538.353658915,-0.114465415,0.001271448,-0.103457712,0.903946616,-0.012318526,-0.415859451,-0.098942844
1789388538.387002230,-0.116350040,0.006990233,-0.105825670,0.905084985,-0.011477255,-0.413541951,-0.098348858
1789388538.420345783,-0.117249317,0.008764043,-0.106441431,0.905477533,-0.010930525,-0.412652529,-0.098533506
1789388538.453688860,-0.119956277,0.012116950,-0.106768534,0.905695825,-0.010553036,-0.411835207,-0.099977340
1789388538.487031460,-0.122307561,0.015515961,-0.106878497,0.906010741,-0.010850570,-0.410683453,-0.101813085
1789388538.520375013,-0.126115263,0.019207347,-0.106680684,0.905973775,-0.011197573,-0.410603280,-0.102425969
1789388538.553718567,-0.128895938,0.021850998,-0.106869675,0.905522258,-0.012020353,-0.411040650,-0.104549203
1789388538.587060928,-0.132672936,0.027301073,-0.109191410,0.905615252,-0.010246713,-0.410286779,-0.106868049
1789388538.620404482,-0.133169755,0.028513461,-0.112918995,0.905949022,-0.007343024,-0.409408611,-0.107643108
1789388538.653748035,-0.131896600,0.026535984,-0.114899904,0.905358241,-0.006440632,-0.410422769,-0.108803144
1789388538.687086582,-0.132213324,0.028103728,-0.117036700,0.905466954,-0.005066977,-0.409871656,-0.110041571
1789388538.720424414,-0.132889748,0.029386420,-0.120113984,0.906735277,-0.003671704,-0.407053460,-0.110114199
1789388538.753762960,-0.132586405,0.031318352,-0.119627237,0.907380460,-0.002687172,-0.405959784,-0.108858317
1789388538.787101507,-0.133292779,0.034216158,-0.119482584,0.907611330,-0.003159667,-0.405668837,-0.108002241
1789388538.820440292,-0.133798122,0.032820694,-0.123186618,0.908006472,-0.001089887,-0.404440187,-0.109321518
1789388538.853777885,-0.134735972,0.032800820,-0.123532198,0.908291464,0.000116972,-0.403734180,-0.109568768
1789388538.887116432,-0.137420446,0.037927143,-0.126197234,0.908471174,0.000944643,-0.402958340,-0.110922539
1789388538.920455217,-0.138234705,0.037284147,-0.125514448,0.907646881,0.000771924,-0.404063461,-0.113618938
1789388538.953793049,-0.138760090,0.040555540,-0.127260283,0.907547261,0.000974243,-0.403869793,-0.115092184
1789388538.987131596,-0.141232386,0.043930653,-0.128522277,0.907972217,0.002685684,-0.402586788,-0.116202921
1789388539.020470142,-0.142448023,0.045114391,-0.131555602,0.908201037,0.004056930,-0.401569220,-0.117883749
1789388539.053808928,-0.144715220,0.046915855,-0.134055197,0.908418628,0.005789527,-0.400336432,-0.120303031
1789388539.087146759,-0.149373367,0.049812444,-0.136519119,0.908728324,0.007103388,-0.398516400,-0.123883227
1789388539.120485306,-0.154480845,0.053243835,-0.139546603,0.908595345,0.007646431,-0.397178812,-0.129015589
1789388539.153824091,-0.163077265,0.057276066,-0.141309217,0.908976210,0.006350578,-0.393341368,-0.137856768
1789388539.187161684,-0.174337164,0.061274268,-0.142015919,0.909824636,0.002428695,-0.388258413,-0.146521801
1789388539.220500469,-0.175846621,0.061285511,-0.140386224,0.909285406,0.001454079,-0.389308448,-0.147094758
1789388539.253839016,-0.169868633,0.059096459,-0.136815578,0.908531678,0.001926451,-0.393135970,-0.141458782
1789388539.287178040,-0.165679470,0.057044160,-0.136512175,0.909948818,0.003169357,-0.391117186,-0.137878393
1789388539.320515633,-0.168585688,0.057382714,-0.135808259,0.911530635,0.003072750,-0.386663803,-0.139977011
1789388539.353854418,-0.170021906,0.057562720,-0.135484830,0.911617788,0.000668493,-0.385894555,-0.141555484
1789388539.387193203,-0.168588370,0.056604374,-0.134137422,0.911613361,0.001454925,-0.386651463,-0.139497700
1789388539.420531988,-0.168215528,0.057317965,-0.134149402,0.911490939,0.002442035,-0.386848225,-0.139738167
1789388539.453869581,-0.169491678,0.057377774,-0.134764746,0.911513858,0.001003166,-0.386332181,-0.141028105
1789388539.487208605,-0.168782502,0.056889988,-0.134292722,0.911618975,0.001186868,-0.386438620,-0.140052233
1789388539.520547152,-0.168350920,0.057374686,-0.134975940,0.911538606,0.002218425,-0.386573049,-0.140191750
1789388539.553884983,-0.169176668,0.057457760,-0.134295091,0.911554679,0.000990128,-0.386400808,-0.140575610
1789388539.587223768,-0.168960974,0.056848764,-0.134339795,0.911570797,0.001156683,-0.386457805,-0.140312897
1789388539.620562553,-0.168625236,0.057471581,-0.134698823,0.911504094,0.001749149,-0.386493267,-0.140642033
1789388539.653901339,-0.169553071,0.057295956,-0.134150684,0.911542830,0.000854023,-0.386399809,-0.140656059
1789388539.687237024,-0.168720633,0.057095822,-0.134618640,0.911514812,0.001449531,-0.386477502,-0.140619298
1789388539.720573902,-0.168990508,0.057452325,-0.133906752,0.911483444,0.001395256,-0.386509672,-0.140734708
1789388539.753910542,-0.169397920,0.057315029,-0.134161159,0.911576063,0.001245259,-0.386333696,-0.140619368
1789388539.787247419,-0.168809682,0.057384998,-0.134505466,0.911538482,0.001471803,-0.386390244,-0.140705398
1789388539.820583105,-0.168995544,0.057268430,-0.134533092,0.911601754,0.000830705,-0.386243833,-0.140702714
1789388539.853919983,-0.169392899,0.057566553,-0.134372547,0.911567286,0.001213591,-0.386251426,-0.140902253
1789388539.887256622,-0.169448376,0.057012942,-0.134979486,0.911565424,0.000996538,-0.386256372,-0.140902451
1789388539.920592308,-0.169081748,0.057030156,-0.134293169,0.911575623,0.001051216,-0.386282447,-0.140764521
1789388539.953928947,-0.169039011,0.056997225,-0.133971781,0.911565222,0.001026587,-0.386327943,-0.140707191
1789388539.987265587,-0.168560818,0.056886248,-0.134039968,0.911627830,0.000871748,-0.386265904,-0.140472740
1789388540.020602226,-0.168665558,0.056977004,-0.134229273,0.911730361,0.000679567,-0.386102388,-0.140257739
1789388540.053937912,-0.168766201,0.056940559,-0.133731961,0.911717493,0.000900981,-0.386152961,-0.140200901
1789388540.087274313,-0.169989854,0.057858884,-0.133573875,0.913433076,0.001846662,-0.382344395,-0.139460996
1789388540.120611191,-0.166365683,0.055702325,-0.130553186,0.916163726,0.001243631,-0.376739162,-0.136784813
1789388540.153947830,-0.162261099,0.054126199,-0.126989752,0.919947080,0.001188755,-0.368522701,-0.133742197
1789388540.187283516,-0.157211483,0.052950703,-0.123141885,0.923314978,0.001485273,-0.360991629,-0.131043081
1789388540.220619917,-0.153822094,0.054341774,-0.119837828,0.927085354,0.002270289,-0.352482033,-0.127530420
1789388540.253956556,-0.149951994,0.053524952,-0.115425445,0.931343290,0.002681616,-0.342572024,-0.123437811
1789388540.287292004,-0.140062511,0.050296910,-0.107935078,0.934366823,0.002116651,-0.335280031,-0.120587975
1789388540.320628643,-0.137350693,0.049297519,-0.103917949,0.937283398,0.002326285,-0.328230948,-0.117298193
1789388540.353965044,-0.132129878,0.047739089,-0.098212890,0.939609540,0.002331196,-0.322321568,-0.115053395
1789388540.387301683,-0.128960565,0.041339669,-0.096351385,0.941133153,0.000617445,-0.317916824,-0.114877762
1789388540.420637131,-0.126017809,0.039765194,-0.092758305,0.942969244,0.000765946,-0.312847648,-0.113731121
1789388540.453973532,-0.122997127,0.038646638,-0.089401387,0.944949958,0.000764011,-0.307680349,-0.111363348
1789388540.487310410,-0.120663710,0.038502734,-0.086737685,0.946746643,0.000743935,-0.302796760,-0.109473117
1789388540.520645857,-0.121355779,0.034062304,-0.086572610,0.947507023,-0.000806421,-0.300493966,-0.109239035
1789388540.553982258,-0.121332087,0.034242161,-0.086666010,0.947509901,-0.000742435,-0.300373183,-0.109546284
1789388540.587318659,-0.120729662,0.034088422,-0.085364208,0.947283731,-0.000603956,-0.301060285,-0.109616941
1789388540.620655060,-0.120968424,0.033957988,-0.085690349,0.947410279,-0.000713323,-0.300698110,-0.109516665
1789388540.653990507,-0.120885640,0.033796154,-0.086030513,0.947432361,-0.000786580,-0.300587642,-0.109628338
1789388540.687327623,-0.120788909,0.033685498,-0.085459717,0.947380357,-0.000767167,-0.300881086,-0.109272330
1789388540.720664501,-0.119843528,0.033890195,-0.085869305,0.947226045,-0.000736415,-0.301167975,-0.109818615
1789388540.754001379,-0.118467644,0.033318769,-0.085292488,0.946913281,-0.000947974,-0.302154773,-0.109803607
1789388540.787337542,-0.113448545,0.033004604,-0.083429940,0.947101608,-0.000738329,-0.301626251,-0.109633955
1789388540.820674658,-0.108362816,0.033874024,-0.080958858,0.947817391,-0.000113110,-0.299615027,-0.108963371
1789388540.854011536,-0.101133130,0.032565292,-0.076292671,0.948922612,0.000064125,-0.296560091,-0.107693937
1789388540.887347460,-0.092754647,0.030552808,-0.072657026,0.950548990,-0.000295318,-0.292085303,-0.105559019
1789388540.920684338,-0.081719823,0.029768217,-0.069169909,0.952136746,-0.000066090,-0.287549046,-0.103687799
1789388540.954021454,-0.072829798,0.027414085,-0.066108465,0.953598569,-0.000667799,-0.283327863,-0.101856003
1789388540.987358332,-0.060907837,0.025918622,-0.062208846,0.954776126,-0.000729030,-0.279737490,-0.100742023
1789388541.020694256,-0.055651739,0.026540902,-0.061341815,0.955951612,0.000170792,-0.276099438,-0.099627239
1789388541.054031134,-0.044424199,0.024398623,-0.057368729,0.956859240,-0.000189900,-0.273326251,-0.098555156
1789388541.087368250,-0.035599783,0.022349214,-0.054710273,0.957853395,-0.001040776,-0.270370459,-0.097034039
1789388541.120704889,-0.026089301,0.021395953,-0.053814083,0.958588451,-0.000723040,-0.268035344,-0.096253385
1789388541.154040813,-0.016346196,0.020517433,-0.048687220,0.958622219,-0.000299391,-0.267881066,-0.096348770
1789388541.187377691,-0.007324982,0.018995179,-0.045315541,0.958695932,-0.000488651,-0.267697582,-0.096124269
1789388541.220714569,-0.000127927,0.017994141,-0.043453075,0.959232385,-0.000495632,-0.266023485,-0.095417462
1789388541.254050493,0.004834689,0.017564446,-0.041615214,0.960382715,-0.000498037,-0.262313413,-0.094108801
1789388541.287387133,0.033990450,0.009467592,-0.033724084,0.960750499,-0.002206760,-0.260874176,-0.094330659
1789388541.320724010,0.043612894,0.007745146,-0.028540866,0.961378577,-0.002421858,-0.259042069,-0.092965434
1789388541.354061127,0.051806916,0.006462031,-0.024659082,0.961689901,-0.002592632,-0.258061664,-0.092466156
1789388541.387396812,0.058955695,0.005815147,-0.021040244,0.961951470,-0.002002156,-0.256938243,-0.092887563
1789388541.420733690,0.066754162,0.003774401,-0.018320406,0.962237101,-0.002177408,-0.256295332,-0.091693632
1789388541.454070330,0.075319678,0.004147039,-0.014383215,0.962538506,-0.002298659,-0.255314341,-0.091262956
1789388541.487407207,0.079625070,0.003388613,-0.014567962,0.962364018,-0.002196049,-0.255692973,-0.092042262
1789388541.520742893,0.085326463,0.001685626,-0.015059305,0.962109796,-0.002127639,-0.256355552,-0.092854968
1789388541.554079771,0.089837410,0.001591988,-0.013368687,0.962337880,-0.002167595,-0.255649797,-0.092435312
1789388541.587416410,0.093284383,0.001240801,-0.012451975,0.962815074,-0.002150640,-0.254046044,-0.091886428
1789388541.620752096,0.100263476,0.000150496,-0.009560663,0.963217134,-0.002111479,-0.252601279,-0.091656358
1789388541.654089212,0.106792353,-0.000793257,-0.006844527,0.963452572,-0.002232685,-0.251911534,-0.091075444
1789388541.687426567,0.112559482,-0.001749745,-0.004544561,0.963674242,-0.002170967,-0.251021026,-0.091190390
1789388541.720764160,0.116088361,-0.003273094,-0.002919764,0.964317071,-0.002427940,-0.249007832,-0.089898788
1789388541.754100800,0.122038491,-0.003441852,-0.001787610,0.965081661,-0.002371144,-0.246235795,-0.089329160
1789388541.787438393,0.129357442,-0.004960023,0.002678932,0.965050992,-0.002134845,-0.246338322,-0.089383758
1789388541.820775986,0.133062482,-0.005303710,0.004549614,0.965587791,-0.001845169,-0.244447379,-0.088782275
1789388541.854112625,0.143825382,-0.007375382,0.010085936,0.965784098,-0.002107767,-0.243828973,-0.088340622
1789388541.887450218,0.149741605,-0.007996331,0.017252563,0.966214711,-0.001624404,-0.242387308,-0.087606430
1789388541.920787811,0.154477403,-0.008716724,0.019986738,0.966329656,-0.001442017,-0.241817286,-0.087916527
1789388541.954125166,0.163797215,-0.010511503,0.023729995,0.966338414,-0.001438932,-0.241897245,-0.087599780
1789388541.987461805,0.172805294,-0.012467269,0.028049005,0.966493178,-0.001698618,-0.241266576,-0.087627002
1789388542.020799637,0.185303658,-0.014831734,0.033357825,0.966865148,-0.001661125,-0.240245527,-0.086319829
1789388542.054136992,0.195390344,-0.017492510,0.038137723,0.967373122,-0.001900255,-0.238238079,-0.086187295
1789388542.087474585,0.205460191,-0.018159673,0.044817448,0.967612242,-0.001103249,-0.237627247,-0.085197551
1789388542.120811224,0.209711492,-0.021559170,0.045494344,0.968252065,-0.002539506,-0.235029535,-0.085103507
1789388542.154148579,0.215032324,-0.021069432,0.049872812,0.968428305,-0.001932468,-0.234668417,-0.084104808
1789388542.187486410,0.225468189,-0.023326481,0.054341346,0.968269615,-0.001817183,-0.235098995,-0.084729646
1789388542.220822811,0.211381093,-0.022983754,0.055485144,0.968494728,-0.001648849,-0.234234068,-0.084555575
1789388542.254160404,0.216018781,-0.024231542,0.057665918,0.968359922,-0.001638193,-0.234602117,-0.085077753
1789388542.287497997,0.221450210,-0.024295682,0.062067352,0.968179832,-0.001272146,-0.235371131,-0.085009563
1789388542.320835352,0.227967918,-0.025384601,0.066051692,0.968280164,-0.001077397,-0.234945662,-0.085046452
1789388542.354172230,0.232997432,-0.026180809,0.071167730,0.968659518,-0.000783324,-0.233407318,-0.084965572
1789388542.387509584,0.238286793,-0.026764704,0.074162014,0.968990577,-0.000470559,-0.232222694,-0.084437319
1789388542.420847178,0.242352024,-0.027877031,0.077309757,0.969421998,-0.000507696,-0.230639253,-0.083822828
1789388542.454184771,0.251090258,-0.030885261,0.080705725,0.970006170,-0.001297486,-0.228575067,-0.082702989
1789388542.487521172,0.257360339,-0.031821627,0.083093569,0.970024224,-0.001203968,-0.228525296,-0.082630167
1789388542.520859003,0.262980491,-0.033741035,0.085679725,0.969610726,-0.001591106,-0.230167189,-0.082919081
1789388542.554196358,0.270887285,-0.035022095,0.088342242,0.969415573,-0.001761862,-0.230869957,-0.083243049
1789388542.587532997,0.273958206,-0.034734167,0.089576267,0.969535456,-0.001433330,-0.230317723,-0.083382797
1789388542.620870352,0.277742445,-0.035371836,0.091158077,0.969442689,-0.001488366,-0.230665377,-0.083499354
1789388542.654207945,0.282418698,-0.035768129,0.091759987,0.969513915,-0.001589328,-0.230396485,-0.083412838
1789388542.687546015,0.284558475,-0.036259349,0.092780180,0.969770121,-0.001490237,-0.229335589,-0.083359943
1789388542.720882893,0.292595625,-0.036769368,0.096254230,0.970189016,-0.001213133,-0.227856289,-0.082542790
1789388542.754220724,0.299047887,-0.037175283,0.097034790,0.971172285,-0.001133619,-0.224195647,-0.080990241
1789388542.787558556,0.303067148,-0.037780672,0.099074811,0.971335211,-0.001177431,-0.223316025,-0.081464560
1789388542.820896387,0.308528483,-0.038509931,0.101315781,0.971116048,-0.001101794,-0.224273394,-0.081448464
1789388542.854233503,0.315289646,-0.039576236,0.103118531,0.971026686,-0.001401003,-0.224516979,-0.081837262
1789388542.887571573,0.320541114,-0.040053673,0.105549127,0.970983453,-0.001196921,-0.224753590,-0.081703887
1789388542.920909405,0.327404350,-0.041008279,0.106849201,0.971377259,-0.001093159,-0.223152639,-0.081412070
1789388542.954246283,0.339261115,-0.042384762,0.112141304,0.971609254,-0.001290853,-0.222355163,-0.080820624
1789388542.987584114,0.345804453,-0.044096842,0.113986440,0.972229674,-0.001445685,-0.219941651,-0.079956498
1789388543.020922184,0.353085637,-0.045294795,0.115617596,0.972793154,-0.001796602,-0.217657818,-0.079343087
1789388543.054260015,0.357342303,-0.045311622,0.115031742,0.973150753,-0.001723898,-0.216281883,-0.078719680
1789388543.087597132,0.369295895,-0.047545124,0.121656470,0.972794009,-0.001632690,-0.217649060,-0.079360173
1789388543.120934963,0.370337784,-0.046555005,0.119004443,0.973365741,-0.001557474,-0.215428730,-0.078403894
1789388543.154273033,0.382808387,-0.048226051,0.120507851,0.973305396,-0.001721617,-0.215526862,-0.078878477
1789388543.187609911,0.388198793,-0.048655674,0.121324949,0.973272944,-0.001833636,-0.215863861,-0.078353097
1789388543.220947742,0.393211752,-0.049234215,0.123755261,0.973488424,-0.001696489,-0.214786734,-0.078638852
1789388543.254285812,0.403641343,-0.051043179,0.126329288,0.973644781,-0.002031387,-0.214371127,-0.077825016
1789388543.287623882,0.410870910,-0.052294087,0.128057957,0.973690043,-0.002014557,-0.214180801,-0.077783193
1789388543.320960760,0.413018882,-0.051272642,0.127654761,0.973375355,-0.002145069,-0.215243066,-0.078779688
1789388543.354298592,0.418525249,-0.052633021,0.128676713,0.972701623,-0.001821294,-0.217930381,-0.079715643
1789388543.387636662,0.425231367,-0.052975979,0.131958723,0.972790826,-0.001986315,-0.217687412,-0.079285899
1789388543.420974493,0.446584851,-0.053440031,0.138812467,0.973025449,-0.000880376,-0.216810826,-0.078827451
1789388543.454311609,0.451666385,-0.052734051,0.142064974,0.972992251,-0.000123918,-0.216843504,-0.079151492
1789388543.487649441,0.457631916,-0.053963281,0.144183040,0.972882758,-0.000438249,-0.217391091,-0.078994051
1789388543.520987511,0.463335186,-0.055074722,0.144767612,0.973071934,-0.000615827,-0.216577128,-0.078898542
1789388543.554324389,0.465390146,-0.054259729,0.144404069,0.973306872,-0.000353903,-0.215580876,-0.078730507
1789388543.587662458,0.469252199,-0.054569434,0.146893084,0.973151436,-0.000175657,-0.216158833,-0.079067123
1789388543.621000528,0.473603100,-0.054450888,0.145677045,0.973172740,-0.000041698,-0.216024523,-0.079172108
1789388543.654338360,0.475926787,-0.053687077,0.147003129,0.973307596,0.000468382,-0.215487986,-0.078974882
1789388543.687675238,0.478985012,-0.054051388,0.147459045,0.973450207,0.000252598,-0.214919917,-0.078765859
1789388543.721012831,0.484062046,-0.054118525,0.148819655,0.973269454,0.000392317,-0.215680226,-0.078920567
1789388543.754350901,0.485917598,-0.054918967,0.150087550,0.973459107,0.000434044,-0.215035570,-0.078338259
1789388543.787688732,0.487733841,-0.054560773,0.149667144,0.974025962,0.000594128,-0.212773071,-0.077464136
1789388543.821025372,0.491272599,-0.055054907,0.150804147,0.974059615,0.000458556,-0.212812684,-0.076931256
1789388543.854363203,0.497922480,-0.054610275,0.151877195,0.973625804,0.000867320,-0.214617064,-0.077405149
1789388543.887701273,0.499712169,-0.054306835,0.152426913,0.973688431,0.000962560,-0.214516239,-0.076894060
1789388543.921037912,0.503260672,-0.055468988,0.152906358,0.973491012,0.000656798,-0.215309083,-0.077180423
1789388543.954375744,0.501671076,-0.055614717,0.153470457,0.973415492,0.000468670,-0.215493142,-0.077619366
1789388543.987713575,0.500063896,-0.055217270,0.153682396,0.973536030,0.000270671,-0.214925144,-0.077683376
1789388544.021051168,0.501846850,-0.055402167,0.153985485,0.973469744,0.000334123,-0.215290981,-0.077500575
1789388544.054388285,0.502338171,-0.054823119,0.153727755,0.973500468,0.000432856,-0.215004501,-0.077908383
1789388544.087726116,0.503403187,-0.054833539,0.155084804,0.973295215,0.000181946,-0.215835870,-0.078174606
1789388544.121063709,0.502111316,-0.054975457,0.154017597,0.973490497,-0.000559470,-0.214967956,-0.078132691
1789388544.154401541,0.500434816,-0.055409439,0.153462365,0.973231452,-0.000868815,-0.215885717,-0.078823493
1789388544.187738180,0.499823421,-0.055576611,0.153507158,0.972635455,0.000547810,-0.218165490,-0.079898621
1789388544.221076250,0.501917660,-0.057398453,0.155094981,0.971882493,-0.000362252,-0.221017862,-0.081212029
1789388544.254413843,0.499180615,-0.059423540,0.156839326,0.971061178,-0.001250602,-0.223917084,-0.083064825
1789388544.287750721,0.498957127,-0.060418379,0.162827209,0.970402796,-0.001229218,-0.226526801,-0.083681004
1789388544.321088314,0.496886283,-0.062700719,0.167019740,0.971023349,-0.001865823,-0.224220194,-0.082676959
1789388544.354426384,0.490109593,-0.062635943,0.168120980,0.972351886,-0.001782362,-0.219089458,-0.080798780
1789388544.387763977,0.488026917,-0.065256864,0.171412364,0.973332892,-0.002296400,-0.215216207,-0.079371230
1789388544.421100855,0.490771413,-0.069253810,0.179142952,0.973805994,-0.002834079,-0.213168330,-0.079076650
1789388544.454438448,0.487659633,-0.069469906,0.184455216,0.973950469,-0.002376505,-0.212644508,-0.078721980
1789388544.487776279,0.487006724,-0.069647335,0.188974470,0.973656458,-0.000748970,-0.213987747,-0.078751411
1789388544.521112919,0.485402673,-0.071999863,0.193502292,0.973962977,-0.000739273,-0.212815854,-0.078134404
1789388544.554450750,0.483993739,-0.076355033,0.201319605,0.974342678,-0.002306572,-0.211053875,-0.078149133
1789388544.587788582,0.480906367,-0.078856640,0.206566647,0.974606472,-0.002729709,-0.209821079,-0.078165771
1789388544.621126175,0.477153152,-0.079915278,0.211653769,0.974750526,-0.002417070,-0.209256712,-0.077892225
1789388544.654462814,0.475994974,-0.081823841,0.218146503,0.974903275,-0.002154413,-0.208666861,-0.077570001
1789388544.687800646,0.471750855,-0.083925076,0.222173318,0.975659599,-0.002061136,-0.205550969,-0.076373408
1789388544.721138000,0.470204353,-0.087174326,0.229648471,0.975985346,-0.002779093,-0.204039114,-0.076242517
1789388544.754475594,0.466640860,-0.088771932,0.236515686,0.976253217,-0.002963629,-0.202947128,-0.075718801
1789388544.787811995,0.463738739,-0.090258867,0.241592184,0.976324820,-0.002633203,-0.202689787,-0.075496765
1789388544.821149349,0.460210651,-0.093537591,0.246148810,0.976660933,-0.002890989,-0.201271452,-0.074932416
1789388544.854486704,0.456128448,-0.095031157,0.250895292,0.976988640,-0.002920574,-0.199918365,-0.074278632
1789388544.887823582,0.454400271,-0.096559897,0.257694453,0.976955682,-0.003280677,-0.199900695,-0.074743194
1789388544.921160936,0.453910530,-0.099651709,0.264655977,0.976758215,-0.003359072,-0.200932765,-0.074552869
1789388544.954498291,0.453796476,-0.102014795,0.270440221,0.976817525,-0.002827774,-0.200823988,-0.074089488
1789388544.987835646,0.449583143,-0.104332298,0.276611149,0.977180015,-0.003157147,-0.199222641,-0.073617869
1789388545.021172047,0.449141473,-0.105448090,0.283694386,0.976793220,-0.002708818,-0.200998411,-0.073941233
1789388545.054509640,0.449780643,-0.099844359,0.297925591,0.976199174,0.000713150,-0.203870885,-0.073968415
1789388545.087847233,0.448676437,-0.094994083,0.304631621,0.976021918,0.004416385,-0.205046320,-0.072922690
1789388545.121184587,0.446515620,-0.092990071,0.311573505,0.975893574,0.006978337,-0.205909464,-0.072002271
1789388545.154520988,0.437886953,-0.109203249,0.316537797,0.976256782,0.001794398,-0.203863456,-0.073206327
1789388545.187858343,0.434685290,-0.110058844,0.322395861,0.976841558,0.000001471,-0.201200083,-0.072794894
1789388545.221195698,0.431853801,-0.112438314,0.326221704,0.977171533,-0.000194869,-0.199672849,-0.072570729
1789388545.254532337,0.428941131,-0.114126511,0.331418633,0.977164154,-0.000073528,-0.199656517,-0.072715097
1789388545.287869692,0.426982701,-0.116198868,0.335283190,0.976921877,-0.000949939,-0.200573168,-0.073438060
1789388545.321207047,0.425899774,-0.117776215,0.340012431,0.976701282,-0.001353985,-0.201506860,-0.073808928
1789388545.354544163,0.424774736,-0.119611010,0.342743933,0.976559962,-0.001028052,-0.202177145,-0.073851106
1789388545.387880564,0.422586799,-0.121526830,0.346772045,0.976507980,-0.000374492,-0.202424681,-0.073866595
1789388545.421217918,0.420001417,-0.122652531,0.350407869,0.976579020,-0.000855741,-0.202009129,-0.074060769
1789388545.454555511,0.420389980,-0.124085099,0.353974819,0.976257293,-0.001188526,-0.203421676,-0.074430553
1789388545.487892866,0.417162657,-0.125252575,0.358228207,0.976440715,-0.000385625,-0.202720386,-0.073944747
1789388545.521229267,0.416142374,-0.126809940,0.361325115,0.976598937,-0.000547699,-0.202024332,-0.073758964
1789388545.554566383,0.413171023,-0.127999976,0.364740163,0.976925013,-0.001158425,-0.200601341,-0.073316294
1789388545.587903738,0.411912680,-0.128475577,0.368153095,0.976901905,-0.001120006,-0.200785819,-0.073119545
1789388545.621240139,0.410385042,-0.129157424,0.371205270,0.976791364,-0.000263878,-0.201334818,-0.073094817
1789388545.654577494,0.410340965,-0.131040022,0.372895628,0.976545107,-0.000899758,-0.202297961,-0.073718246
1789388545.687915564,0.407455295,-0.131375849,0.375944942,0.976571504,-0.000889735,-0.202176601,-0.073701613
1789388545.721253633,0.408372462,-0.131866485,0.375937670,0.976458484,-0.000596429,-0.202667446,-0.073853771
1789388545.754590750,0.405503809,-0.132842004,0.380375832,0.976975346,-0.000583097,-0.200550474,-0.072789696
1789388545.787929058,0.405394107,-0.133929655,0.382143587,0.977209740,-0.001813119,-0.199445827,-0.072658091
1789388545.821267128,0.404158413,-0.134614348,0.384835571,0.977412667,-0.001680365,-0.198554777,-0.072371652
1789388545.854604244,0.405154437,-0.134833440,0.384915411,0.977353754,-0.001717449,-0.198892537,-0.072238828
1789388545.887942314,0.405118436,-0.134542525,0.384502053,0.977369837,-0.001105546,-0.198915974,-0.071968148
1789388545.921280622,0.405584127,-0.134286329,0.381788105,0.977462157,0.000367909,-0.198519882,-0.071815408
1789388545.954618692,0.405237734,-0.133987635,0.380641013,0.977425972,0.001133034,-0.198432650,-0.072537361
1789388545.987955809,0.405290008,-0.134417266,0.382053196,0.977405054,0.000301199,-0.198622688,-0.072306970
1789388546.021293879,0.405087829,-0.134474948,0.382233679,0.977426123,0.000223218,-0.198662435,-0.071912173
1789388546.054632187,0.405138671,-0.133987054,0.381421655,0.977417916,0.000493365,-0.198494696,-0.072483306
1789388546.087970257,0.403815985,-0.133964613,0.381847858,0.977549320,0.001066490,-0.197968529,-0.072143265
1789388546.121307373,0.405392170,-0.134052470,0.381263912,0.977455830,0.000243288,-0.198506440,-0.071939102
1789388546.154645443,0.404147863,-0.134248227,0.382170171,0.977151358,0.000511575,-0.199690585,-0.072791697
1789388546.187983751,0.402159810,-0.133839846,0.381804138,0.976050254,0.001309038,-0.204312637,-0.074702970
1789388546.221320868,0.403017759,-0.133395985,0.379716158,0.974450790,0.000582637,-0.211001267,-0.076966116
1789388546.254658937,0.403227627,-0.134307742,0.381121814,0.971730095,-0.000093818,-0.221868928,-0.080714262
1789388546.287997007,0.401854008,-0.133027464,0.378084898,0.969138043,0.000317750,-0.231605415,-0.084441010
1789388546.321335554,0.401647598,-0.132643148,0.378751904,0.966448318,0.000540915,-0.241459968,-0.087603885
1789388546.354672670,0.401764780,-0.131318524,0.375920564,0.964030300,0.000804870,-0.249785283,-0.090841872
1789388546.388010740,0.400308967,-0.137098119,0.381560355,0.961754452,-0.001098521,-0.257643613,-0.092988902
1789388546.421348810,0.397922695,-0.136052474,0.381321907,0.959580967,-0.000798790,-0.264701293,-0.095587427
1789388546.454687119,0.397593737,-0.135715887,0.380206019,0.956537318,-0.000866550,-0.274276111,-0.099036479
1789388546.488024235,0.396647960,-0.135178819,0.377763420,0.953041413,-0.000965854,-0.284766698,-0.103048822
1789388546.521362305,0.396110266,-0.134940416,0.376276940,0.949109225,-0.001340239,-0.296169212,-0.107115273
1789388546.554700375,0.394366801,-0.134198174,0.377671003,0.944928462,-0.000502003,-0.307681152,-0.111544870
1789388546.588037491,0.393351525,-0.133699268,0.376244515,0.940386042,-0.000675954,-0.319722031,-0.115980422
1789388546.621375799,0.393043131,-0.133483827,0.374448895,0.936200389,-0.000974198,-0.330431354,-0.119762273
1789388546.654713869,0.392823309,-0.132982403,0.373454571,0.932277998,-0.001126939,-0.340078242,-0.123301479
1789388546.688051462,0.393325239,-0.133286312,0.372922033,0.928558253,-0.001258296,-0.348966220,-0.126493338
1789388546.721388102,0.391240507,-0.132347420,0.370149195,0.925655327,-0.000939952,-0.355586418,-0.129304412
1789388546.754725933,0.391267657,-0.131849900,0.369533241,0.922521466,-0.001119720,-0.362799380,-0.131641557
1789388546.788063288,0.391424239,-0.132191136,0.368196189,0.920100053,-0.001190381,-0.368175461,-0.133646199
1789388546.821400881,0.391564220,-0.131784767,0.368034661,0.917966209,-0.001206822,-0.372879341,-0.135268549
1789388546.854737520,0.391818851,-0.131477207,0.367530257,0.914815133,-0.001383072,-0.379645141,-0.137771279
1789388546.888074875,0.391542763,-0.131833062,0.366493970,0.910352645,-0.001875345,-0.389080464,-0.140964314
1789388546.921412706,0.391027927,-0.131328553,0.365009636,0.907063989,-0.001955047,-0.395823163,-0.143370573
1789388546.954749346,0.391687453,-0.131497458,0.364081323,0.904832713,-0.002154200,-0.400314566,-0.144987478
1789388546.988086700,0.391806841,-0.131105006,0.363958746,0.903542381,-0.001888709,-0.402874521,-0.145944235
1789388547.021424294,0.391793609,-0.131106451,0.364108920,0.903492309,-0.001896643,-0.402969234,-0.145992623
1789388547.054761887,0.391610593,-0.131067812,0.363605201,0.903570075,-0.001935993,-0.402730715,-0.146168881
1789388547.088098288,0.391603500,-0.131131187,0.363583088,0.903575616,-0.001862068,-0.402771272,-0.146023768
1789388547.121436119,0.391662240,-0.131128192,0.363946229,0.903539717,-0.002022305,-0.402868274,-0.145976176
1789388547.154773474,0.391548902,-0.131113604,0.363753438,0.903571832,-0.001940305,-0.402759782,-0.146077849
1789388547.188110113,0.391463041,-0.131044179,0.363478780,0.903621812,-0.001908133,-0.402629000,-0.146129631
1789388547.221447468,0.391495198,-0.131130680,0.363449365,0.903628941,-0.002001015,-0.402581719,-0.146214544
1789388547.254785061,0.391619503,-0.131281152,0.363658428,0.903546358,-0.001822013,-0.402834158,-0.146031846
1789388547.288122892,0.391559333,-0.131048635,0.363599390,0.903597961,-0.002014506,-0.402652328,-0.146211387
1789388547.321459293,0.391647369,-0.131191552,0.363733590,0.903496829,-0.001706262,-0.402832341,-0.146344368
1789388547.354796886,0.391670525,-0.131084710,0.363983482,0.903565318,-0.001876240,-0.402741684,-0.146168848
1789388547.388134241,0.391842812,-0.131027311,0.365109503,0.903571616,-0.002407847,-0.402775560,-0.146028714
1789388547.421471834,0.391213357,-0.131091446,0.364900410,0.905311298,-0.001970828,-0.399221191,-0.145017274
1789388547.454808235,0.391185105,-0.131239057,0.365032345,0.905908982,-0.001015580,-0.397831044,-0.145114940
1789388547.488146067,0.390957266,-0.131258026,0.365334958,0.906091096,-0.002182284,-0.397484486,-0.144914618
1789388547.521483421,0.391242296,-0.131346047,0.365671515,0.906175383,-0.001865676,-0.397596691,-0.144081802
1789388547.554820061,0.391185850,-0.131350338,0.365038544,0.906103321,-0.001319186,-0.397570081,-0.144613496
1789388547.588157415,0.391101539,-0.131161273,0.365339160,0.906045350,-0.001800772,-0.397536594,-0.145062874
1789388547.621494770,0.391332924,-0.131270692,0.365923166,0.906094545,-0.001859685,-0.397708354,-0.144281953
1789388547.654832602,0.391361654,-0.131427899,0.365360767,0.906090256,-0.001359277,-0.397699649,-0.144338453
1789388547.688169003,0.391034395,-0.131056502,0.365243644,0.906073572,-0.001693403,-0.397520606,-0.144931650
1789388547.721506119,0.391131490,-0.131297722,0.365158319,0.906160042,-0.001889931,-0.397451629,-0.144577346
1789388547.754843473,0.391270190,-0.131395295,0.365171075,0.906153302,-0.001316265,-0.397557638,-0.144334283
1789388547.788180828,0.391102821,-0.131038427,0.365355134,0.906102976,-0.001603582,-0.397500554,-0.144803781
1789388547.821516991,0.390976787,-0.131316140,0.365049332,0.906167233,-0.001797017,-0.397388558,-0.144706775
1789388547.854854584,0.391121566,-0.131303340,0.365175933,0.906176622,-0.001351239,-0.397507219,-0.144326418
1789388547.888191700,0.391466767,-0.131233171,0.365465760,0.906091005,-0.001817483,-0.397570474,-0.144684156
1789388547.921528101,0.391314358,-0.131345406,0.365488619,0.906074799,-0.001657718,-0.397605711,-0.144690739
1789388547.954865217,0.391295224,-0.131341502,0.365542620,0.906116908,-0.001430248,-0.397609177,-0.144419686
1789388547.988202572,0.391234070,-0.131157622,0.365566343,0.906118224,-0.001744981,-0.397528385,-0.144630225
1789388548.021539688,0.391272694,-0.131346315,0.365518570,0.906074038,-0.001542429,-0.397625081,-0.144643538
1789388548.054876089,0.391104341,-0.131329641,0.365332097,0.906169114,-0.001582710,-0.397505822,-0.144375046
1789388548.088213444,0.391016632,-0.131098077,0.365359426,0.906165891,-0.001648476,-0.397399274,-0.144687517
1789388548.121550560,0.391074538,-0.131425127,0.365036964,0.906142914,-0.001620069,-0.397463749,-0.144654635
1789388548.154887915,0.391140819,-0.131420791,0.365238667,0.906163819,-0.001740264,-0.397497389,-0.144429670
1789388548.188224077,0.391236067,-0.131153867,0.365387797,0.906102423,-0.001657248,-0.397568287,-0.144620568
1789388548.221561193,0.391397029,-0.131379336,0.365350336,0.906079610,-0.001566686,-0.397622833,-0.144614551
1789388548.254898548,0.391425192,-0.131308809,0.365613163,0.906114255,-0.001671678,-0.397590682,-0.144484645
1789388548.288234711,0.391218454,-0.131162569,0.365442157,0.906104180,-0.001545883,-0.397555399,-0.144646223
1789388548.321572065,0.391078949,-0.131435171,0.365250379,0.906127927,-0.001707479,-0.397524981,-0.144579231
1789388548.354909182,0.391344249,-0.131268188,0.365517169,0.906108685,-0.001671862,-0.397590074,-0.144521238
1789388548.388246298,0.391201615,-0.131403193,0.365199357,0.906125330,-0.001692886,-0.397529556,-0.144583100
1789388548.421582460,0.391250193,-0.131376103,0.365265310,0.906131546,-0.001678711,-0.397505718,-0.144609845
1789388548.454919577,0.391101867,-0.131238624,0.365314513,0.906159185,-0.001678308,-0.397496025,-0.144463230
1789388548.488256931,0.391247153,-0.131311387,0.365412176,0.906106639,-0.001552749,-0.397542620,-0.144665865
1789388548.521593094,0.391487420,-0.131380066,0.365608573,0.906059609,-0.001711920,-0.397686181,-0.144564021
1789388548.554930210,0.391200870,-0.131296158,0.365241975,0.906143354,-0.001637683,-0.397497827,-0.144558010
1789388548.588267326,0.391480476,-0.131389663,0.365490794,0.906059029,-0.001657597,-0.397656799,-0.144649089
1789388548.621604443,0.391407311,-0.131360292,0.365451813,0.906091799,-0.001724660,-0.397610689,-0.144569768
1789388548.654940605,0.391091734,-0.131288439,0.365157574,0.906186843,-0.001585166,-0.397392019,-0.144576887
1789388548.688278913,0.391164601,-0.131403923,0.365341544,0.906129450,-0.001703781,-0.397526188,-0.144566407
1789388548.721616983,0.390867472,-0.131330445,0.365151942,0.906196454,-0.001697655,-0.397376078,-0.144559181
1789388548.754955053,0.391069114,-0.131248087,0.365445584,0.906127256,-0.001558317,-0.397535734,-0.144555551
1789388548.788292170,0.391224623,-0.131337926,0.365414977,0.906108569,-0.001677648,-0.397548680,-0.144635724
1789388548.821630478,0.391354352,-0.131464735,0.365467995,0.906102962,-0.001709545,-0.397578958,-0.144587250
1789388548.854968548,0.391276926,-0.131300643,0.365659744,0.906090736,-0.001581943,-0.397604286,-0.144595668
1789388548.888305664,0.391320199,-0.131193683,0.365715027,0.906057982,-0.001601832,-0.397689958,-0.144565091
1789388548.921643734,0.391382068,-0.131252512,0.365703255,0.906076653,-0.001545464,-0.397649698,-0.144559425
1789388548.954982042,0.390996218,-0.131214321,0.365260839,0.906166770,-0.001574014,-0.397431308,-0.144594820
1789388548.988320112,0.391238809,-0.131288797,0.365411580,0.906126605,-0.001625412,-0.397514036,-0.144618548
1789388549.021657228,0.391238332,-0.131559223,0.364975274,0.906161898,-0.001820864,-0.397449725,-0.144571834
1789388549.054995298,0.391172856,-0.131288171,0.365401447,0.906131792,-0.001649743,-0.397521818,-0.144564373
1789388549.088333607,0.391158849,-0.131275624,0.365195900,0.906137200,-0.001628838,-0.397484231,-0.144634049
1789388549.121671677,0.391247958,-0.131117865,0.365621597,0.906104418,-0.001487481,-0.397591873,-0.144545054
1789388549.155008793,0.391242117,-0.131334916,0.365317553,0.906129961,-0.001675944,-0.397515925,-0.144591750
1789388549.188346863,0.391400307,-0.131148741,0.365546465,0.906084751,-0.001496094,-0.397597865,-0.144651731
1789388549.221685171,0.391453087,-0.131448895,0.365475774,0.906086192,-0.001705021,-0.397626930,-0.144560469
1789388549.255022287,0.391186804,-0.131209046,0.365483135,0.906106008,-0.001596727,-0.397570050,-0.144593941
1789388549.288360357,0.391135007,-0.131204814,0.365467310,0.906113637,-0.001561231,-0.397569069,-0.144549213
1789388549.321698427,0.391002476,-0.131300390,0.365276396,0.906156892,-0.001645121,-0.397468539,-0.144553591
1789388549.355036736,0.391228944,-0.131247655,0.365509421,0.906121215,-0.001607904,-0.397523442,-0.144626665
1789388549.388373852,0.391366869,-0.131229088,0.365698844,0.906076401,-0.001526105,-0.397641619,-0.144583434
1789388549.421711922,0.391351879,-0.131477565,0.365493447,0.906093868,-0.001741127,-0.397616311,-0.144541135
1789388549.455049992,0.391213030,-0.131392837,0.365168929,0.906148286,-0.001689382,-0.397473230,-0.144594123
1789388549.488388300,0.391452134,-0.131232455,0.365599334,0.906084792,-0.001554033,-0.397629477,-0.144563946
1789388549.521725178,0.391272455,-0.131492659,0.365087301,0.906161593,-0.001764361,-0.397445878,-0.144585021
1789388549.555063248,0.391426355,-0.131517440,0.365439117,0.906079523,-0.001741620,-0.397657898,-0.144516646
1789388549.588401318,0.391271561,-0.131390691,0.365259439,0.906116424,-0.001700934,-0.397550705,-0.144580667
1789388549.621738434,0.391257674,-0.131374493,0.365297645,0.906122601,-0.001676664,-0.397516508,-0.144636255
1789388549.655076742,0.391328007,-0.131261930,0.365702957,0.906054907,-0.001597355,-0.397710443,-0.144528051
1789388549.688412905,0.391466558,-0.131386250,0.365592808,0.906055299,-0.001662141,-0.397693855,-0.144570504
1789388549.721749306,0.391269654,-0.131239220,0.365582228,0.906082571,-0.001555788,-0.397620947,-0.144601301
1789388549.755084515,0.391244084,-0.131299049,0.365387261,0.906099817,-0.001611728,-0.397562483,-0.144653368
1789388549.788420677,0.391012400,-0.131171778,0.365358055,0.906156652,-0.001549075,-0.397451040,-0.144604265
1789388549.821756840,0.391138762,-0.131305382,0.365328878,0.906128591,-0.001637431,-0.397494974,-0.144658358
1789388549.855092049,0.391219437,-0.131176218,0.365746170,0.906087036,-0.001509486,-0.397605417,-0.144616514
1789388549.888428211,0.391075224,-0.131223127,0.365392655,0.906140132,-0.001555009,-0.397477802,-0.144634160
1789388549.921764374,0.391313136,-0.131402582,0.365541369,0.906110835,-0.001693400,-0.397580897,-0.144532757
1789388549.955100536,0.391112208,-0.131212935,0.365503669,0.906126402,-0.001589350,-0.397533669,-0.144566247
1789388549.988435745,0.391219199,-0.131200537,0.365635753,0.906098459,-0.001538305,-0.397588718,-0.144590552
1789388550.021771908,0.391282409,-0.131292880,0.365529507,0.906097377,-0.001625505,-0.397601083,-0.144562373
1789388550.055107832,0.391374290,-0.131386682,0.365436137,0.906097995,-0.001660230,-0.397597814,-0.144567100
1789388550.088443995,0.391263813,-0.131281257,0.365462661,0.906103859,-0.001620687,-0.397572879,-0.144599365
1789388550.121779203,0.391292125,-0.131460115,0.365386575,0.906100913,-0.001740450,-0.397597995,-0.144547361
1789388550.155115128,0.391321331,-0.131187603,0.365750313,0.906078783,-0.001517372,-0.397649483,-0.144546966
1789388550.188451529,0.391434282,-0.131335571,0.365687668,0.906063004,-0.001622650,-0.397690404,-0.144532151
1789388550.221786261,0.391219348,-0.131308705,0.365363032,0.906128427,-0.001663750,-0.397532502,-0.144555930
1789388550.255122662,0.390926510,-0.131113589,0.365310878,0.906195748,-0.001492572,-0.397352363,-0.144631041
1789388550.288458586,0.391215563,-0.131242216,0.365373999,0.906127063,-0.001581725,-0.397530627,-0.144570549
1789388550.321794510,0.391309679,-0.131293476,0.365520239,0.906113586,-0.001593766,-0.397566268,-0.144556883
1789388550.355129480,0.391419947,-0.131282836,0.365493894,0.906098011,-0.001594900,-0.397582354,-0.144610242
1789388550.388465643,0.391185611,-0.131183729,0.365521044,0.906107188,-0.001568547,-0.397597466,-0.144511452
1789388550.421801567,0.391125202,-0.131357536,0.365084529,0.906154158,-0.001704877,-0.397464548,-0.144581011
1789388550.455137491,0.391233414,-0.131482691,0.365355939,0.906139120,-0.001738171,-0.397519317,-0.144524279
1789388550.488472462,0.391158491,-0.131089285,0.365660816,0.906101181,-0.001460220,-0.397579229,-0.144600394
1789388550.521808386,0.391175807,-0.131215051,0.365584970,0.906127446,-0.001537293,-0.397555438,-0.144500389
1789388550.555144310,0.391173899,-0.131373107,0.365293115,0.906148008,-0.001700808,-0.397491597,-0.144545235
1789388550.588479042,0.391184419,-0.131276324,0.365378261,0.906132910,-0.001612454,-0.397511444,-0.144586311
1789388550.621814966,0.391189247,-0.131328627,0.365135193,0.906161909,-0.001664399,-0.397443747,-0.144590086
1789388550.655150890,0.391563058,-0.131333560,0.365721077,0.906035707,-0.001562694,-0.397706026,-0.144660888
1789388550.688488722,0.391391218,-0.131328657,0.365702689,0.906042500,-0.001645085,-0.397736036,-0.144534868
1789388550.721825838,0.391195953,-0.131352916,0.365387529,0.906115091,-0.001663232,-0.397563302,-0.144554825
1789388550.755163908,0.391353786,-0.131431803,0.365535468,0.906077571,-0.001736990,-0.397675994,-0.144479142
1789388550.788501978,0.391335130,-0.131239995,0.365612954,0.906074142,-0.001596406,-0.397655681,-0.144558152
1789388550.821839809,0.391640931,-0.131524429,0.365406394,0.906072180,-0.001715248,-0.397633779,-0.144629321
1789388550.855176926,0.391204119,-0.131282046,0.365271568,0.906130075,-0.001632242,-0.397507135,-0.144615700
1789388550.888514996,0.391408384,-0.131291807,0.365548372,0.906094195,-0.001556543,-0.397579939,-0.144641206
1789388550.921853065,0.391244352,-0.131445959,0.365268528,0.906122637,-0.001715323,-0.397526180,-0.144608991
1789388550.955189943,0.391088694,-0.131330460,0.365368843,0.906131356,-0.001673319,-0.397530751,-0.144542272
1789388550.988528013,0.391225606,-0.131169185,0.365404576,0.906137148,-0.001550825,-0.397489028,-0.144622049
1789388551.021866083,0.391055644,-0.131194800,0.365423828,0.906140271,-0.001571646,-0.397496169,-0.144582620
1789388551.055203915,0.391088188,-0.131250963,0.365359217,0.906142512,-0.001582347,-0.397475975,-0.144623971
1789388551.088541031,0.391161650,-0.131258443,0.365408212,0.906138781,-0.001602784,-0.397521676,-0.144521475
1789388551.121878862,0.391205102,-0.131473586,0.365292341,0.906136914,-0.001750677,-0.397525035,-0.144522232
1789388551.155216932,0.391197175,-0.131276444,0.365283966,0.906143035,-0.001574463,-0.397454757,-0.144679084
1789388551.188554049,0.391336650,-0.131403103,0.365384251,0.906098742,-0.001690088,-0.397582718,-0.144603583
1789388551.221891880,0.391217589,-0.131358430,0.365595251,0.906103512,-0.001631974,-0.397563887,-0.144626134
1789388551.255229950,0.391441852,-0.131417841,0.365498066,0.906076041,-0.001697038,-0.397630674,-0.144613881
1789388551.288567781,0.391152918,-0.131346136,0.365459353,0.906109004,-0.001656252,-0.397574259,-0.144562920
1789388551.321905136,0.391560674,-0.131379396,0.365550131,0.906051801,-0.001621950,-0.397672919,-0.144650448
1789388551.355242968,0.391320378,-0.131461948,0.365341604,0.906111712,-0.001716692,-0.397568644,-0.144560684
1789388551.388580799,0.391241133,-0.131243080,0.365520447,0.906099523,-0.001593354,-0.397581320,-0.144603629
1789388551.421918869,0.391387552,-0.131433010,0.365531653,0.906074207,-0.001697380,-0.397648624,-0.144576010
1789388551.455255747,0.391396016,-0.131376743,0.365563154,0.906072940,-0.001638591,-0.397659820,-0.144553829
1789388551.488594055,0.391004413,-0.131210312,0.365373403,0.906145116,-0.001580544,-0.397476205,-0.144607041
1789388551.521931887,0.391041100,-0.131348342,0.365266651,0.906139265,-0.001700418,-0.397515063,-0.144535513
1789388551.555268764,0.391120434,-0.131461680,0.365187496,0.906169774,-0.001754886,-0.397441358,-0.144546286
1789388551.588606834,0.391299218,-0.131402999,0.365321100,0.906137651,-0.001646973,-0.397503379,-0.144578383
1789388551.621944904,0.391410738,-0.131493017,0.365200043,0.906123098,-0.001704024,-0.397504984,-0.144664496
1789388551.655282736,0.391260803,-0.131536990,0.365213394,0.906146096,-0.001746810,-0.397481317,-0.144584937
1789388551.688619137,0.391200006,-0.131326154,0.365281343,0.906127477,-0.001626499,-0.397487949,-0.144684766
1789388551.721956491,0.391213477,-0.131254524,0.365321070,0.906129123,-0.001602483,-0.397512261,-0.144607907
1789388551.755293846,0.391193390,-0.131188229,0.365559429,0.906113582,-0.001544509,-0.397542961,-0.144621524
1789388551.788631439,0.391185969,-0.131296888,0.365388155,0.906122245,-0.001641576,-0.397529771,-0.144602429
1789388551.821967840,0.391247451,-0.131339669,0.365393072,0.906115376,-0.001653895,-0.397554083,-0.144578496
1789388551.855305195,0.391310036,-0.131366432,0.365389317,0.906108278,-0.001678912,-0.397561558,-0.144602138
1789388551.888642550,0.391052365,-0.131194368,0.365479946,0.906129733,-0.001569725,-0.397523890,-0.144572474
1789388551.921978951,0.391234279,-0.131325260,0.365507483,0.906107457,-0.001613997,-0.397570833,-0.144582515
1789388551.955316305,0.391471833,-0.131515622,0.365501285,0.906062218,-0.001744201,-0.397664352,-0.144607326
1789388551.988653898,0.391252905,-0.131377146,0.365570754,0.906106974,-0.001634761,-0.397578429,-0.144564424
1789388552.021991253,0.391168267,-0.131274790,0.365477949,0.906133647,-0.001566020,-0.397501411,-0.144609784
1789388552.055327415,0.391471535,-0.131544083,0.365492404,0.906058867,-0.001748442,-0.397656717,-0.144649255
1789388552.088664770,0.391128123,-0.131398275,0.365167916,0.906154373,-0.001740362,-0.397473203,-0.144555441
1789388552.122002125,0.391122639,-0.131281331,0.365436763,0.906134863,-0.001616170,-0.397525736,-0.144534725
1789388552.155339718,0.391114384,-0.131183922,0.365607828,0.906117847,-0.001529545,-0.397534188,-0.144619076
1789388552.188675880,0.391103506,-0.131191045,0.365432233,0.906123460,-0.001539783,-0.397513032,-0.144641951
1789388552.222013235,0.391369462,-0.131369576,0.365537405,0.906083087,-0.001657623,-0.397625944,-0.144583192
1789388552.255350590,0.391300946,-0.131441474,0.365478426,0.906090950,-0.001734085,-0.397644483,-0.144482003
1789388552.288686991,0.391432852,-0.131458655,0.365428567,0.906077440,-0.001702952,-0.397658856,-0.144527529
1789388552.322024107,0.391319841,-0.131372482,0.365369886,0.906104309,-0.001668749,-0.397573556,-0.144594136
1789388552.355361462,0.391400158,-0.131238610,0.365784287,0.906067799,-0.001534097,-0.397649322,-0.144616069
1789388552.388699055,0.391085386,-0.131377563,0.365113020,0.906171897,-0.001725716,-0.397451720,-0.144504827
1789388552.422035217,0.391163617,-0.131286725,0.365462184,0.906128525,-0.001630111,-0.397522125,-0.144584229
1789388552.455372572,0.391096175,-0.131197467,0.365376651,0.906146025,-0.001572924,-0.397511352,-0.144504782
1789388552.488709688,0.391213536,-0.131376460,0.365313679,0.906121500,-0.001679496,-0.397535867,-0.144589908
1789388552.522046089,0.391299367,-0.131350517,0.365386873,0.906118788,-0.001640600,-0.397553583,-0.144558635
1789388552.555383205,0.391155839,-0.131391004,0.365301847,0.906141788,-0.001660183,-0.397504972,-0.144547920
1789388552.588720798,0.391325593,-0.131368935,0.365262926,0.906115533,-0.001664442,-0.397529573,-0.144644767
1789388552.622057915,0.391220838,-0.131311551,0.365390211,0.906126570,-0.001638033,-0.397554671,-0.144506888
1789388552.655394316,0.391360432,-0.131355360,0.365551353,0.906090063,-0.001657162,-0.397620495,-0.144554469
1789388552.688731909,0.391297370,-0.131352633,0.365382016,0.906097742,-0.001677814,-0.397575340,-0.144630269
1789388552.722069740,0.391296327,-0.131332502,0.365477741,0.906101042,-0.001607772,-0.397579488,-0.144598990
1789388552.755407572,0.391154617,-0.131532907,0.365108311,0.906145297,-0.001790764,-0.397491406,-0.144561667
1789388552.788744450,0.391183943,-0.131497577,0.365041196,0.906154047,-0.001802656,-0.397471135,-0.144562410
1789388552.822082043,0.391346514,-0.131366730,0.365520358,0.906099237,-0.001614053,-0.397567080,-0.144644341
1789388552.855419636,0.391566128,-0.131370366,0.365748733,0.906036691,-0.001598787,-0.397695996,-0.144681903
1789388552.888756514,0.391006440,-0.131232888,0.365379870,0.906138601,-0.001579011,-0.397491992,-0.144604490
1789388552.922094345,0.391025484,-0.131118894,0.365436226,0.906158469,-0.001522526,-0.397450218,-0.144595418
1789388552.955432177,0.391091585,-0.131173477,0.365439862,0.906132800,-0.001557774,-0.397514719,-0.144578598
1789388552.988769770,0.391141444,-0.131508291,0.365085304,0.906153828,-0.001790883,-0.397487869,-0.144517914
1789388553.022106409,0.391191810,-0.131198600,0.365586936,0.906100242,-0.001538509,-0.397573398,-0.144621501
1789388553.055444241,0.391044825,-0.131345004,0.365209401,0.906155799,-0.001693497,-0.397465333,-0.144568702
1789388553.088782072,0.390927285,-0.131283522,0.365279645,0.906180596,-0.001621381,-0.397413336,-0.144557045
1789388553.122119904,0.391188741,-0.131260887,0.365400314,0.906124532,-0.001609088,-0.397540633,-0.144558599
1789388553.155456543,0.391583830,-0.131571472,0.365529209,0.906061659,-0.001758923,-0.397674833,-0.144581826
1789388553.188794136,0.391252816,-0.131182179,0.365290701,0.906125088,-0.001561832,-0.397508957,-0.144642714
1789388553.222131729,0.391059011,-0.131133750,0.365294874,0.906156001,-0.001524192,-0.397426068,-0.144677221
1789388553.255468845,0.391282618,-0.131252781,0.365522325,0.906101479,-0.001563529,-0.397578603,-0.144599172
1789388553.288806438,0.391295046,-0.131420016,0.365522325,0.906095215,-0.001686373,-0.397598896,-0.144581245
1789388553.322144032,0.391164333,-0.131457403,0.365273237,0.906130045,-0.001724065,-0.397535549,-0.144536699
1789388553.355481863,0.391143888,-0.131221086,0.365307063,0.906150958,-0.001551027,-0.397460976,-0.144612614
1789388553.388818502,0.391231358,-0.131350532,0.365417659,0.906084277,-0.001668921,-0.397607701,-0.144625774
1789388553.422156334,0.391369462,-0.131538153,0.365303725,0.906111991,-0.001767525,-0.397555039,-0.144595733
1789388553.455493927,0.391313493,-0.131475896,0.365155846,0.906126030,-0.001746897,-0.397486694,-0.144695870
1789388553.488831758,0.391127199,-0.131353587,0.365247101,0.906138318,-0.001665128,-0.397490602,-0.144609117
1789388553.522168398,0.391300470,-0.131277531,0.365500778,0.906107609,-0.001581350,-0.397572672,-0.144576869
1789388553.555505991,0.391237974,-0.131329536,0.365554661,0.906106370,-0.001616728,-0.397563107,-0.144610542
1789388553.588843822,0.391369998,-0.131378934,0.365456194,0.906093406,-0.001635603,-0.397589317,-0.144619502
1789388553.622180700,0.391138107,-0.131220102,0.365499437,0.906125721,-0.001552268,-0.397507968,-0.144641568
1789388553.655518293,0.391270757,-0.131467104,0.365399271,0.906112077,-0.001717340,-0.397562356,-0.144575686
1789388553.688858986,0.391335726,-0.131336719,0.365561932,0.906082731,-0.001607580,-0.397599931,-0.144657510
1789388553.722199440,0.391180784,-0.131247148,0.365626574,0.906100066,-0.001539742,-0.397551014,-0.144684111
1789388553.755539179,0.391407877,-0.131344244,0.365631849,0.906077552,-0.001621264,-0.397626160,-0.144617695
1789388553.788879633,0.391203403,-0.131251901,0.365585297,0.906107505,-0.001565021,-0.397554406,-0.144627917
1789388553.822220564,0.391327411,-0.131221280,0.365694404,0.906080223,-0.001538726,-0.397634701,-0.144578373
1789388553.855560064,0.391539276,-0.131529972,0.365567714,0.906043041,-0.001719220,-0.397683317,-0.144675611
1789388553.888900995,0.391417891,-0.131280214,0.365647823,0.906058107,-0.001600630,-0.397680778,-0.144589569
1789388553.922241688,0.391223907,-0.131255776,0.365576506,0.906088555,-0.001557566,-0.397583078,-0.144667897
1789388553.955582619,0.391317487,-0.131297603,0.365716010,0.906066766,-0.001542784,-0.397651933,-0.144615271
1789388553.988922358,0.391245902,-0.131274208,0.365615726,0.906099092,-0.001566437,-0.397585758,-0.144594423
1789388554.022263288,0.391068071,-0.131205201,0.365334541,0.906147705,-0.001566215,-0.397461438,-0.144631562
1789388554.055603981,0.391312420,-0.131187201,0.365794033,0.906057481,-0.001508508,-0.397675192,-0.144609845
1789388554.088945150,0.391098171,-0.131292775,0.365412146,0.906117971,-0.001621656,-0.397537974,-0.144606888
1789388554.122284889,0.391152889,-0.131311953,0.365383655,0.906123430,-0.001634934,-0.397528423,-0.144598787
1789388554.155626059,0.391218990,-0.131317675,0.365397811,0.906106748,-0.001616581,-0.397546401,-0.144654092
1789388554.188966990,0.391014904,-0.131363511,0.365156263,0.906169417,-0.001656277,-0.397398980,-0.144666151
1789388554.222307205,0.391177684,-0.131357282,0.365187854,0.906144618,-0.001653260,-0.397460520,-0.144652456
1789388554.255648136,0.391247004,-0.131301388,0.365499496,0.906102500,-0.001624353,-0.397555301,-0.144656155
1789388554.288989305,0.391032785,-0.131079629,0.365611523,0.906116396,-0.001420455,-0.397526255,-0.144651086
1789388554.322330475,0.391250134,-0.131514564,0.365396857,0.906094046,-0.001739177,-0.397584724,-0.144626911
1789388554.355670691,0.391133577,-0.131353691,0.365432292,0.906110107,-0.001630755,-0.397534310,-0.144666120
1789388554.389011860,0.391207159,-0.131211728,0.365627646,0.906119177,-0.001507384,-0.397529993,-0.144622506
1789388554.422353268,0.391106695,-0.131297708,0.365476042,0.906117385,-0.001620246,-0.397536224,-0.144615388
1789388554.455694675,0.391100824,-0.131353900,0.365236968,0.906150485,-0.001677404,-0.397455435,-0.144629393
1789388554.489034891,0.391139895,-0.131213784,0.365550011,0.906101378,-0.001523563,-0.397555399,-0.144664015
1789388554.522376299,0.391198844,-0.131337509,0.365604877,0.906084605,-0.001622843,-0.397644464,-0.144523130
1789388554.555717468,0.391217351,-0.131338775,0.365534991,0.906100360,-0.001613261,-0.397569728,-0.144630034
1789388554.589058161,0.391296208,-0.131224439,0.365466267,0.906111298,-0.001556343,-0.397546056,-0.144627204
1789388554.622399569,0.391333103,-0.131187111,0.365704447,0.906072229,-0.001518791,-0.397654099,-0.144575332
1789388554.655740976,0.391224653,-0.131386682,0.365408570,0.906123472,-0.001642345,-0.397531068,-0.144591170
1789388554.689079523,0.391149163,-0.131374612,0.365220845,0.906153083,-0.001687286,-0.397455517,-0.144612780
1789388554.722417355,0.391266286,-0.131355613,0.365577996,0.906084047,-0.001639462,-0.397626159,-0.144576791
1789388554.755755901,0.391245782,-0.131275326,0.365371406,0.906126890,-0.001614859,-0.397518202,-0.144605433
1789388554.789094448,0.391243607,-0.131405815,0.365378171,0.906109235,-0.001700519,-0.397571841,-0.144567612
1789388554.822432995,0.391351014,-0.131582439,0.365409195,0.906070890,-0.001765170,-0.397646756,-0.144601122
1789388554.855770826,0.391252667,-0.131436020,0.365340054,0.906127050,-0.001676027,-0.397524810,-0.144585567
1789388554.889109373,0.391280502,-0.131394997,0.365546197,0.906097811,-0.001674331,-0.397604457,-0.144549814
1789388554.922447920,0.391200691,-0.131500542,0.365327388,0.906101491,-0.001771394,-0.397592470,-0.144558559
1789388554.955785751,0.391054749,-0.131287217,0.365295708,0.906141231,-0.001629511,-0.397472326,-0.144641505
1789388554.989124298,0.391240329,-0.131405532,0.365237743,0.906115637,-0.001685344,-0.397538421,-0.144619557
1789388555.022462845,0.391076922,-0.131297588,0.365088284,0.906175654,-0.001626947,-0.397389881,-0.144652408
1789388555.055801630,0.391214609,-0.131346256,0.365432233,0.906125833,-0.001673594,-0.397535644,-0.144563429
1789388555.089139223,0.391096950,-0.131332397,0.365296006,0.906132796,-0.001657296,-0.397492127,-0.144639617
1789388555.122477770,0.391371101,-0.131314859,0.365576684,0.906079102,-0.001610983,-0.397630150,-0.144597126
1789388555.155816317,0.391356260,-0.131426290,0.365419269,0.906086394,-0.001708767,-0.397621546,-0.144573973
1789388555.189154148,0.391084433,-0.131302133,0.365365624,0.906146554,-0.001599138,-0.397460324,-0.144641478
1789388555.222492933,0.391354620,-0.131316110,0.365392894,0.906111048,-0.001626817,-0.397561395,-0.144585816
1789388555.255831480,0.391526729,-0.131572336,0.365513265,0.906055737,-0.001770351,-0.397696460,-0.144559307
1789388555.289170265,0.391376287,-0.131505609,0.365330994,0.906087318,-0.001745862,-0.397602933,-0.144618920
1789388555.322507858,0.391404748,-0.131324410,0.365423411,0.906085168,-0.001605041,-0.397598315,-0.144646715
1789388555.355846643,0.391287237,-0.131346390,0.365456462,0.906105278,-0.001617929,-0.397553085,-0.144644916
1789388555.389185190,0.391376406,-0.131416500,0.365409702,0.906104652,-0.001642087,-0.397568148,-0.144607161
1789388555.422523975,0.391475588,-0.131220371,0.365780830,0.906036848,-0.001521841,-0.397737709,-0.144567042
1789388555.455861807,0.391417295,-0.131341949,0.365544200,0.906077614,-0.001646189,-0.397639509,-0.144580318
1789388555.489200354,0.391378015,-0.131311134,0.365561903,0.906092948,-0.001587050,-0.397587600,-0.144627632
1789388555.522539377,0.391330034,-0.131279379,0.365523130,0.906090208,-0.001577317,-0.397596810,-0.144619585
1789388555.555876970,0.391306937,-0.131451741,0.365417600,0.906103116,-0.001731826,-0.397584281,-0.144571376
1789388555.589215517,0.391204327,-0.131337613,0.365446538,0.906115702,-0.001634397,-0.397537492,-0.144622289
1789388555.622554541,0.391195595,-0.131273299,0.365497708,0.906103802,-0.001569875,-0.397556850,-0.144644342
1789388555.655893326,0.391175449,-0.131354526,0.365183711,0.906152733,-0.001668936,-0.397472389,-0.144568808
1789388555.689230442,0.391122192,-0.131049842,0.365604669,0.906128299,-0.001443995,-0.397537985,-0.144544013
1789388555.722568989,0.391316324,-0.131383926,0.365480065,0.906083002,-0.001660239,-0.397625840,-0.144583987
1789388555.755907536,0.391279072,-0.131331012,0.365512431,0.906093285,-0.001658118,-0.397592091,-0.144612370
1789388555.789245844,0.391309619,-0.131402150,0.365578234,0.906068259,-0.001625865,-0.397628725,-0.144668807
1789388555.822583199,0.391266823,-0.131226495,0.365595132,0.906093164,-0.001527480,-0.397574060,-0.144664136
1789388555.855921745,0.391040504,-0.131233767,0.365264148,0.906159144,-0.001565967,-0.397412944,-0.144693143
1789388555.889260054,0.391146034,-0.131291732,0.365337193,0.906149827,-0.001590692,-0.397464971,-0.144608293
1789388555.922597408,0.391083747,-0.131234139,0.365329802,0.906146784,-0.001611677,-0.397468814,-0.144616562
1789388555.955935717,0.391061932,-0.131354213,0.365111828,0.906171265,-0.001683307,-0.397414146,-0.144612591
1789388555.989274263,0.391341269,-0.131299928,0.365523100,0.906096328,-0.001602524,-0.397601901,-0.144566957
1789388556.022612572,0.391404450,-0.131339461,0.365777016,0.906052214,-0.001578977,-0.397689897,-0.144601650
1789388556.055949926,0.391333610,-0.131333232,0.365363061,0.906111134,-0.001616099,-0.397542065,-0.144638540
1789388556.089288235,0.391231984,-0.131426558,0.365433693,0.906102244,-0.001702686,-0.397554072,-0.144660235
1789388556.122626781,0.391293824,-0.131379023,0.365428150,0.906106663,-0.001641429,-0.397549549,-0.144645698
1789388556.155965090,0.391237557,-0.131478384,0.365280688,0.906112663,-0.001722403,-0.397516009,-0.144699334
1789388556.189302444,0.391088456,-0.131210834,0.365416110,0.906130694,-0.001582451,-0.397500763,-0.144629884
1789388556.222640753,0.391291618,-0.131364018,0.365702838,0.906052940,-0.001640449,-0.397689131,-0.144598528
1789388556.255979300,0.391375303,-0.131410316,0.365617514,0.906076668,-0.001664315,-0.397639691,-0.144585535
1789388556.289316654,0.391402215,-0.131489381,0.365511775,0.906073423,-0.001724608,-0.397630705,-0.144629871
1789388556.322654963,0.391547441,-0.131473199,0.365566999,0.906039280,-0.001686709,-0.397716697,-0.144607770
1789388556.355993748,0.391418934,-0.131365746,0.365544736,0.906052925,-0.001650553,-0.397677207,-0.144631298
1789388556.389332056,0.390950173,-0.131209388,0.365416735,0.906150002,-0.001571394,-0.397460171,-0.144620600
1789388556.422669411,0.391122282,-0.131176442,0.365748227,0.906092859,-0.001491978,-0.397602879,-0.144587191
1789388556.456007719,0.391040802,-0.131284773,0.365401655,0.906141035,-0.001636822,-0.397483677,-0.144611452
1789388556.489346266,0.391269147,-0.131276086,0.365518630,0.906113192,-0.001579212,-0.397538510,-0.144635829
1789388556.522683620,0.391062468,-0.131242678,0.365522951,0.906112476,-0.001557332,-0.397538323,-0.144641064
1789388556.556021929,0.391269237,-0.131446674,0.365404308,0.906097902,-0.001721271,-0.397578335,-0.144620525
1789388556.589360237,0.391325623,-0.131353110,0.365454197,0.906096583,-0.001655526,-0.397589328,-0.144599334
1789388556.622698784,0.391292989,-0.131387636,0.365548223,0.906078965,-0.001671848,-0.397637470,-0.144577165
1789388556.656036139,0.391361326,-0.131561175,0.365417600,0.906087291,-0.001761835,-0.397604653,-0.144614167
1789388556.689374447,0.391486645,-0.131412536,0.365611523,0.906052615,-0.001671440,-0.397685688,-0.144609679
1789388556.722712994,0.391076982,-0.131295100,0.365417689,0.906135026,-0.001641441,-0.397520726,-0.144547200
1789388556.756051302,0.391136259,-0.131369755,0.365305990,0.906138444,-0.001655270,-0.397494625,-0.144597385
1789388556.789388657,0.391306788,-0.131539568,0.365200043,0.906099312,-0.001803416,-0.397577435,-0.144613166
1789388556.822726727,0.391276032,-0.131461099,0.365439028,0.906104017,-0.001715766,-0.397579248,-0.144579766
1789388556.856065273,0.391088128,-0.131311268,0.365405679,0.906135581,-0.001602131,-0.397495249,-0.144614208
1789388556.889402628,0.391318649,-0.131408498,0.365474075,0.906079735,-0.001663582,-0.397609577,-0.144649128
1789388556.922740936,0.391154498,-0.131287456,0.365395606,0.906124904,-0.001578489,-0.397518764,-0.144616731
1789388556.956079245,0.391272813,-0.131243303,0.365688711,0.906090418,-0.001538093,-0.397612775,-0.144574793
1789388556.989417791,0.391188055,-0.131300464,0.365466803,0.906115565,-0.001643411,-0.397546399,-0.144598554
1789388557.022754908,0.391488910,-0.131248713,0.365689397,0.906072276,-0.001547299,-0.397657253,-0.144566062
1789388557.056093216,0.391192198,-0.131329075,0.365275025,0.906110791,-0.001651081,-0.397540164,-0.144645517
1789388557.089431524,0.391289115,-0.131448030,0.365475714,0.906099705,-0.001663905,-0.397580606,-0.144603659
1789388557.122770071,0.391561598,-0.131412834,0.365782142,0.906024558,-0.001593230,-0.397737823,-0.144642961
1789388557.156107426,0.391529232,-0.131452501,0.365566194,0.906055495,-0.001666974,-0.397667193,-0.144642544
1789388557.189445734,0.391242772,-0.131404757,0.365429997,0.906100180,-0.001660658,-0.397580788,-0.144600222
1789388557.222784042,0.391333342,-0.131422341,0.365340590,0.906126059,-0.001676342,-0.397523598,-0.144595107
1789388557.256121397,0.391140968,-0.131360173,0.365279853,0.906136518,-0.001669365,-0.397499329,-0.144596359
1789388557.289459705,0.391247362,-0.131400228,0.365196407,0.906149893,-0.001694841,-0.397478325,-0.144569983
1789388557.322798014,0.391460985,-0.131359383,0.365640461,0.906046166,-0.001636720,-0.397715396,-0.144568773
1789388557.356136560,0.391406029,-0.131373003,0.365582138,0.906053877,-0.001672819,-0.397694879,-0.144576477
1789388557.389473915,0.391211063,-0.131211519,0.365702420,0.906095921,-0.001523828,-0.397585097,-0.144616564
1789388557.422812223,0.391436398,-0.131244481,0.365762413,0.906054767,-0.001505494,-0.397639646,-0.144724583
1789388557.456150532,0.391303122,-0.131309509,0.365473568,0.906113478,-0.001621400,-0.397529534,-0.144658239
1789388557.489489079,0.391253889,-0.131341651,0.365506381,0.906114076,-0.001622370,-0.397541810,-0.144620742
1789388557.522826195,0.391152322,-0.131189629,0.365515172,0.906116498,-0.001513085,-0.397532710,-0.144631766
1789388557.556164503,0.391243815,-0.131337881,0.365359187,0.906122079,-0.001635832,-0.397514075,-0.144646678
1789388557.589502811,0.391430408,-0.131281644,0.365821362,0.906044837,-0.001568925,-0.397694020,-0.144636645
1789388557.622840405,0.391241670,-0.131186321,0.365671277,0.906081677,-0.001541058,-0.397617698,-0.144615993
1789388557.656178713,0.391053349,-0.131221354,0.365426719,0.906124384,-0.001586620,-0.397511287,-0.144640451
1789388557.689517021,0.391206592,-0.131314963,0.365267068,0.906133569,-0.001634444,-0.397508518,-0.144589981
1789388557.722855568,0.391150981,-0.131209642,0.365256399,0.906145860,-0.001565194,-0.397468711,-0.144623144
1789388557.756192684,0.391289115,-0.131420091,0.365280867,0.906117957,-0.001691204,-0.397527239,-0.144635689
1789388557.789530993,0.391121507,-0.131315276,0.365288109,0.906146430,-0.001611250,-0.397465328,-0.144628365
1789388557.822869301,0.391067386,-0.131301522,0.365392715,0.906136208,-0.001591292,-0.397473068,-0.144671355
1789388557.856206894,0.391327024,-0.131329879,0.365503699,0.906091076,-0.001612344,-0.397609468,-0.144578951
1789388557.889544964,0.391238391,-0.131299272,0.365437835,0.906112442,-0.001581649,-0.397544988,-0.144622690
1789388557.922883272,0.391147852,-0.131246805,0.365428567,0.906127375,-0.001584766,-0.397517464,-0.144604754
1789388557.956221581,0.391368061,-0.131430969,0.365333349,0.906117433,-0.001679286,-0.397542120,-0.144598205
1789388557.989559174,0.391142577,-0.131277576,0.365295261,0.906140634,-0.001636984,-0.397488717,-0.144600110
1789388558.022897482,0.391239643,-0.131412670,0.365344852,0.906111236,-0.001697988,-0.397526050,-0.144680971
1789388558.056235552,0.391176373,-0.131418675,0.365382046,0.906113232,-0.001705196,-0.397577032,-0.144528220
1789388558.089573860,0.391188860,-0.131272241,0.365615219,0.906093709,-0.001571686,-0.397603926,-0.144578143
1789388558.122911453,0.391114950,-0.131212354,0.365581840,0.906100189,-0.001552510,-0.397576653,-0.144612731
1789388558.156249762,0.391100287,-0.131169707,0.365517288,0.906135807,-0.001483922,-0.397487555,-0.144635202
1789388558.189588070,0.391262084,-0.131483689,0.365402341,0.906094551,-0.001669089,-0.397562802,-0.144684821
1789388558.222925186,0.391237497,-0.131219670,0.365655154,0.906081086,-0.001503051,-0.397581341,-0.144720019
1789388558.256263733,0.391236812,-0.131400049,0.365367562,0.906113873,-0.001683363,-0.397551183,-0.144595550
1789388558.289602041,0.391037911,-0.131127834,0.365552247,0.906122968,-0.001483621,-0.397525155,-0.144612295
1789388558.322940350,0.391087890,-0.131203309,0.365609705,0.906115479,-0.001527271,-0.397554341,-0.144578532
1789388558.356277943,0.391266882,-0.131360754,0.365675330,0.906087739,-0.001592461,-0.397594053,-0.144642464
1789388558.389616251,0.391417801,-0.131479219,0.365456909,0.906069890,-0.001692688,-0.397616721,-0.144690814
1789388558.422954559,0.391141266,-0.131163850,0.365529478,0.906120072,-0.001498509,-0.397515838,-0.144655900
1789388558.456292629,0.391066998,-0.131257504,0.365435719,0.906137331,-0.001579379,-0.397478335,-0.144649980
1789388558.489630222,0.391172856,-0.131274223,0.365406483,0.906114746,-0.001604624,-0.397546793,-0.144603042
1789388558.522968531,0.391075402,-0.131294817,0.365366042,0.906142791,-0.001612641,-0.397465268,-0.144651312
1789388558.556306839,0.391423047,-0.131451190,0.365484834,0.906068578,-0.001660860,-0.397630910,-0.144660406
1789388558.589644194,0.391368300,-0.131367475,0.365638554,0.906077853,-0.001599476,-0.397630360,-0.144604503
1789388558.622982740,0.391488731,-0.131418824,0.365634501,0.906043370,-0.001632366,-0.397676566,-0.144693110
1789388558.656321049,0.391093969,-0.131446853,0.365299970,0.906148658,-0.001706813,-0.397478429,-0.144577298
1789388558.689658880,0.391174614,-0.131429195,0.365339488,0.906129244,-0.001692106,-0.397506003,-0.144623330
1789388558.722995996,0.391036451,-0.131411374,0.365256876,0.906145817,-0.001694872,-0.397470239,-0.144617752
1789388558.756334305,0.391113609,-0.131354749,0.365257680,0.906134346,-0.001653794,-0.397493498,-0.144626177
1789388558.789672136,0.391353250,-0.131232724,0.365626365,0.906081565,-0.001529499,-0.397593863,-0.144682339
1789388558.823010206,0.391364306,-0.131417021,0.365516961,0.906081319,-0.001681335,-0.397619426,-0.144611925
1789388558.856347322,0.391149580,-0.131306753,0.365302145,0.906152617,-0.001586746,-0.397437726,-0.144665720
1789388558.889685631,0.391168207,-0.131224081,0.365454584,0.906115641,-0.001548923,-0.397538926,-0.144619672
1789388558.923023462,0.391448975,-0.131235331,0.365670294,0.906060175,-0.001532384,-0.397649832,-0.144662442
1789388558.956360579,0.391192794,-0.131494656,0.365340471,0.906116499,-0.001742160,-0.397550738,-0.144579621
1789388558.989698648,0.391280025,-0.131234959,0.365420461,0.906109325,-0.001552976,-0.397552308,-0.144622414
1789388559.023036718,0.391184926,-0.131342620,0.365410477,0.906107193,-0.001619174,-0.397550410,-0.144640258
1789388559.056374788,0.391212255,-0.131357789,0.365253001,0.906135378,-0.001643397,-0.397486384,-0.144639382
1789388559.089711905,0.391120493,-0.131314605,0.365380019,0.906136180,-0.001603752,-0.397471916,-0.144674558
1789388559.123049736,0.391149819,-0.131431490,0.365084648,0.906159502,-0.001741514,-0.397462058,-0.144553921
1789388559.156388044,0.391283005,-0.131260142,0.365541458,0.906081755,-0.001565150,-0.397595984,-0.144674935
1789388559.189725161,0.391260862,-0.131311953,0.365483731,0.906100861,-0.001576987,-0.397549451,-0.144683022
1789388559.223062992,0.391202003,-0.131193683,0.365680158,0.906091460,-0.001494491,-0.397598453,-0.144608102
1789388559.256401062,0.391229928,-0.131245613,0.365579396,0.906102762,-0.001548987,-0.397557137,-0.144650298
1789388559.289739370,0.391189158,-0.131245241,0.365526170,0.906120522,-0.001552922,-0.397525329,-0.144626416
1789388559.323076248,0.391009539,-0.131171554,0.365461081,0.906141358,-0.001521210,-0.397463597,-0.144665870
1789388559.356414318,0.391383529,-0.131372303,0.365517378,0.906073964,-0.001599989,-0.397604306,-0.144700479
1789388559.389752388,0.391137868,-0.131374553,0.365387470,0.906126755,-0.001665841,-0.397523053,-0.144592362
1789388559.423090219,0.391362876,-0.131336674,0.365668595,0.906074776,-0.001597128,-0.397634423,-0.144612642
1789388559.456427574,0.391231000,-0.131415710,0.365517735,0.906102120,-0.001653219,-0.397562772,-0.144637674
1789388559.489765644,0.391133606,-0.131402567,0.365302831,0.906137221,-0.001676728,-0.397498724,-0.144593536
1789388559.523103476,0.391152650,-0.131277442,0.365535855,0.906098763,-0.001593115,-0.397584403,-0.144599917
1789388559.556440592,0.391249061,-0.131283537,0.365661949,0.906084069,-0.001534717,-0.397599582,-0.144650878
1789388559.589778662,0.391335785,-0.131381080,0.365519822,0.906096685,-0.001639487,-0.397593016,-0.144588737
1789388559.623116732,0.391178221,-0.131333232,0.365455091,0.906118603,-0.001628826,-0.397532510,-0.144617866
1789388559.656454802,0.391349822,-0.131342351,0.365465373,0.906094517,-0.001599507,-0.397572946,-0.144657944
1789388559.689791918,0.391352773,-0.131385028,0.365539610,0.906089507,-0.001639297,-0.397600571,-0.144612942
1789388559.723130226,0.391038001,-0.131167218,0.365608335,0.906112376,-0.001497976,-0.397559585,-0.144583867
1789388559.756468296,0.391217381,-0.131291896,0.365452170,0.906096619,-0.001640160,-0.397594738,-0.144584409
1789388559.789806604,0.391290128,-0.131363466,0.365380764,0.906121877,-0.001656400,-0.397541330,-0.144572789
1789388559.823143721,0.391341776,-0.131456152,0.365559012,0.906053829,-0.001669786,-0.397664478,-0.144660406
1789388559.856482029,0.390987277,-0.131227657,0.365365118,0.906160033,-0.001559800,-0.397435621,-0.144625342
1789388559.889820337,0.391307205,-0.131378710,0.365466893,0.906106441,-0.001607322,-0.397572202,-0.144585197
1789388559.923157454,0.391247869,-0.131134301,0.365751296,0.906081093,-0.001468765,-0.397611534,-0.144637348
1789388559.956495523,0.391192138,-0.131326824,0.365363866,0.906128615,-0.001624997,-0.397492302,-0.144665693
1789388559.989833832,0.391108394,-0.131319985,0.365319312,0.906163103,-0.001618511,-0.397436893,-0.144601962
1789388560.023172140,0.391069740,-0.131166443,0.365559876,0.906115729,-0.001531416,-0.397528597,-0.144647691
1789388560.056509256,0.391272247,-0.131288722,0.365387201,0.906109811,-0.001597573,-0.397545487,-0.144637630
1789388560.089847326,0.391330063,-0.131434426,0.365593255,0.906071294,-0.001665369,-0.397624491,-0.144660983
1789388560.123185873,0.391240239,-0.131361395,0.365354627,0.906102004,-0.001682488,-0.397573561,-0.144608409
1789388560.156523943,0.391188920,-0.131329000,0.365383178,0.906125843,-0.001595642,-0.397511571,-0.144630432
1789388560.189861059,0.391289979,-0.131318554,0.365547091,0.906076310,-0.001638149,-0.397621422,-0.144638314
1789388560.223199368,0.391199142,-0.131276324,0.365427852,0.906111800,-0.001585691,-0.397559147,-0.144587744
1789388560.256537676,0.391321301,-0.131325141,0.365501881,0.906077457,-0.001639561,-0.397616068,-0.144645832
1789388560.289874792,0.391302437,-0.131358683,0.365642190,0.906071576,-0.001610678,-0.397623434,-0.144662743
1789388560.323213100,0.391210288,-0.131437555,0.365465462,0.906094060,-0.001660275,-0.397574061,-0.144657058
1789388560.356551170,0.391372532,-0.131211251,0.365665525,0.906059409,-0.001506573,-0.397665601,-0.144624163
1789388560.389889717,0.391170561,-0.131430835,0.365254700,0.906125049,-0.001699813,-0.397503215,-0.144657186
1789388560.423226833,0.391370833,-0.131297603,0.365471840,0.906092467,-0.001587225,-0.397591327,-0.144620394
1789388560.456564903,0.391227812,-0.131549329,0.365227699,0.906131289,-0.001836896,-0.397524698,-0.144557351
1789388560.489903212,0.391301841,-0.131489486,0.365579098,0.906066402,-0.001727607,-0.397650205,-0.144620207
1789388560.523240566,0.391079396,-0.131028846,0.365531743,0.906142331,-0.001420791,-0.397447248,-0.144705709
1789388560.556578636,0.391126901,-0.131208718,0.365541488,0.906124567,-0.001556430,-0.397507534,-0.144649943
1789388560.589916945,0.391369432,-0.131333619,0.365765870,0.906068843,-0.001555687,-0.397646985,-0.144615722
1789388560.623255014,0.391225278,-0.131421208,0.365548521,0.906099564,-0.001642597,-0.397588081,-0.144584230
1789388560.656592607,0.391029358,-0.131299034,0.365286529,0.906144293,-0.001602530,-0.397476631,-0.144610788
1789388560.689930201,0.391178846,-0.131206661,0.365692884,0.906080035,-0.001505872,-0.397613809,-0.144637341
1789388560.723267794,0.391117156,-0.131212950,0.365480334,0.906121579,-0.001543806,-0.397525293,-0.144619991
1789388560.756605387,0.391099423,-0.131307483,0.365513325,0.906099735,-0.001560833,-0.397564500,-0.144648894
1789388560.789942026,0.391231447,-0.131420985,0.365532100,0.906091809,-0.001667489,-0.397599820,-0.144600263
1789388560.823279858,0.391095042,-0.131128579,0.365521908,0.906111608,-0.001479311,-0.397546683,-0.144624339
1789388560.856617451,0.391241729,-0.131340787,0.365409762,0.906093183,-0.001635409,-0.397583843,-0.144635946
1789388560.889954090,0.391271293,-0.131304637,0.365640342,0.906081091,-0.001590296,-0.397625034,-0.144598963
1789388560.923291683,0.391091943,-0.131225780,0.365430951,0.906135080,-0.001524117,-0.397478606,-0.144663924
1789388560.956629276,0.391300440,-0.131437510,0.365398228,0.906091506,-0.001737926,-0.397612182,-0.144567340
1789388560.989967108,0.391380161,-0.131383002,0.365321845,0.906111899,-0.001633437,-0.397539799,-0.144639781
1789388561.023303747,0.391221344,-0.131246924,0.365262628,0.906119740,-0.001579591,-0.397502974,-0.144692456
1789388561.056641340,0.391115904,-0.131397739,0.365261376,0.906136488,-0.001695651,-0.397482470,-0.144642582
1789388561.089978933,0.390968859,-0.131293684,0.365328878,0.906159531,-0.001609965,-0.397436892,-0.144624444
1789388561.123316765,0.391258359,-0.131329238,0.365534455,0.906084898,-0.001603250,-0.397595470,-0.144656247
1789388561.156653404,0.391196519,-0.131343052,0.365512341,0.906091013,-0.001658445,-0.397614831,-0.144564079
1789388561.189990997,0.390989810,-0.131321356,0.365279198,0.906149230,-0.001599013,-0.397451857,-0.144647974
1789388561.223328352,0.391192317,-0.131297529,0.365244508,0.906121790,-0.001645966,-0.397501293,-0.144683500
1789388561.256664991,0.391202390,-0.131343767,0.365479410,0.906117911,-0.001610847,-0.397537885,-0.144607632
1789388561.290002584,0.391267240,-0.131378576,0.365412623,0.906089566,-0.001677484,-0.397596518,-0.144623283
1789388561.323340416,0.391160518,-0.131216541,0.365732670,0.906085163,-0.001564534,-0.397598339,-0.144647126
1789388561.356678009,0.391289711,-0.131503522,0.365386814,0.906113286,-0.001738425,-0.397567284,-0.144554296
1789388561.390014648,0.391364902,-0.131481305,0.365583748,0.906075234,-0.001707563,-0.397639928,-0.144593372
1789388561.423352242,0.391343117,-0.131348550,0.365763366,0.906042817,-0.001610895,-0.397700076,-0.144632181
1789388561.456689596,0.391341269,-0.131302342,0.365771741,0.906049778,-0.001538240,-0.397706925,-0.144570518
1789388561.490027428,0.391310304,-0.131274655,0.365737855,0.906060467,-0.001543570,-0.397661604,-0.144628129
1789388561.523364067,0.391326189,-0.131518215,0.365229189,0.906117084,-0.001736648,-0.397537292,-0.144612983
1789388561.556701660,0.391048044,-0.131218240,0.365296364,0.906146171,-0.001541030,-0.397426606,-0.144737125
1789388561.590039253,0.391424865,-0.131508276,0.365627706,0.906052593,-0.001720251,-0.397681894,-0.144619674
1789388561.623375654,0.391359776,-0.131500170,0.365498543,0.906064468,-0.001716999,-0.397652101,-0.144627237
1789388561.656713486,0.391018480,-0.131344572,0.365402818,0.906117287,-0.001619812,-0.397491530,-0.144738803
1789388561.690052271,0.391174734,-0.131399110,0.365305275,0.906138428,-0.001701665,-0.397487733,-0.144615890
1789388561.723391056,0.391148925,-0.131388739,0.365304440,0.906128917,-0.001669207,-0.397519871,-0.144587522
1789388561.756728888,0.391242832,-0.131485894,0.365282714,0.906106612,-0.001750824,-0.397548003,-0.144648978
1789388561.790067911,0.391256124,-0.131440103,0.365354568,0.906086171,-0.001718837,-0.397596549,-0.144643981
1789388561.823406696,0.391254097,-0.131416693,0.365542591,0.906086361,-0.001689487,-0.397613422,-0.144596746
1789388561.856744528,0.391312361,-0.131380811,0.365394682,0.906114886,-0.001672882,-0.397542932,-0.144612006
1789388561.890083551,0.391286612,-0.131296694,0.365677297,0.906054430,-0.001595520,-0.397686355,-0.144597330
1789388561.923422337,0.391090006,-0.131280661,0.365299255,0.906129155,-0.001615470,-0.397501543,-0.144637024
1789388561.956761122,0.391308516,-0.131229430,0.365593582,0.906052112,-0.001547510,-0.397662733,-0.144677317
1789388561.990099192,0.391400069,-0.131439582,0.365437210,0.906080419,-0.001671508,-0.397628517,-0.144592677
1789388562.023437977,0.391236454,-0.131306723,0.365572602,0.906079530,-0.001607505,-0.397637039,-0.144575536
1789388562.056776762,0.391120136,-0.131399095,0.365560830,0.906062332,-0.001701644,-0.397646320,-0.144656692
1789388562.090116024,0.391328007,-0.131286874,0.365526021,0.906089040,-0.001573889,-0.397595695,-0.144630001
1789388562.123453856,0.391149253,-0.131338850,0.365183294,0.906145856,-0.001696886,-0.397460093,-0.144645370
1789388562.156792641,0.391146779,-0.131387904,0.365316123,0.906119492,-0.001689805,-0.397531104,-0.144615461
1789388562.190131664,0.391358405,-0.131319359,0.365431994,0.906080279,-0.001615965,-0.397618610,-0.144621428
1789388562.223469734,0.391240329,-0.131345540,0.365349650,0.906120724,-0.001620537,-0.397526449,-0.144621334
1789388562.256808519,0.391331553,-0.131157577,0.365931123,0.906039312,-0.001445954,-0.397701422,-0.144652181
1789388562.290147543,0.391192168,-0.131324157,0.365445286,0.906120198,-0.001621789,-0.397534587,-0.144602242
1789388562.323486567,0.391053975,-0.131246909,0.365231216,0.906161744,-0.001566091,-0.397414994,-0.144671225
1789388562.356824398,0.391049325,-0.131143510,0.365575045,0.906100302,-0.001514343,-0.397570265,-0.144629990
1789388562.390163422,0.390967786,-0.131155595,0.365281314,0.906169995,-0.001528000,-0.397407968,-0.144639246
1789388562.423502445,0.391220033,-0.131324843,0.365485370,0.906112599,-0.001616260,-0.397543518,-0.144625369
1789388562.456841230,0.391023904,-0.131324127,0.365271330,0.906144379,-0.001640285,-0.397467583,-0.144634694
1789388562.490179539,0.391156286,-0.131487027,0.365218788,0.906145146,-0.001722567,-0.397458158,-0.144654833
1789388562.523518324,0.391324461,-0.131468296,0.365488291,0.906071885,-0.001702121,-0.397622071,-0.144663510
1789388562.556857347,0.391315699,-0.131396204,0.365429133,0.906099173,-0.001678391,-0.397576704,-0.144617548
1789388562.590195417,0.391227365,-0.131301358,0.365577072,0.906082868,-0.001593178,-0.397612545,-0.144622137
1789388562.623534441,0.390992671,-0.131373689,0.365130067,0.906167140,-0.001694080,-0.397429611,-0.144595815
1789388562.656873226,0.390958488,-0.131346330,0.365088493,0.906181569,-0.001658950,-0.397376420,-0.144651969
1789388562.690211773,0.391159326,-0.131359920,0.365292698,0.906131315,-0.001655273,-0.397484565,-0.144669695
1789388562.723549128,0.391211897,-0.131312191,0.365529716,0.906117298,-0.001599471,-0.397527659,-0.144639703
1789388562.756887197,0.391109645,-0.131246373,0.365449071,0.906122019,-0.001582604,-0.397521697,-0.144626700
1789388562.790225506,0.391191274,-0.131287590,0.365421295,0.906117371,-0.001599683,-0.397521432,-0.144656359
1789388562.823564053,0.391372859,-0.131400689,0.365539283,0.906090028,-0.001635529,-0.397583637,-0.144656272
1789388562.856901169,0.390927285,-0.131310925,0.365258574,0.906165120,-0.001625090,-0.397427021,-0.144616380
1789388562.890239477,0.390909225,-0.131262153,0.365216404,0.906168537,-0.001617878,-0.397417944,-0.144619994
1789388562.923577785,0.391089469,-0.131245479,0.365400314,0.906119790,-0.001558275,-0.397520494,-0.144644235
1789388562.956915140,0.391147584,-0.131182566,0.365496099,0.906108478,-0.001514291,-0.397542259,-0.144655746
1789388562.990253448,0.391151756,-0.131352007,0.365470022,0.906110647,-0.001613566,-0.397516907,-0.144710750
1789388563.023591757,0.391238242,-0.131377146,0.365423232,0.906107877,-0.001641863,-0.397557903,-0.144615124
1789388563.056930065,0.391101480,-0.131308421,0.365414321,0.906128986,-0.001636530,-0.397494935,-0.144656000
1789388563.090267420,0.391121000,-0.131282493,0.365362674,0.906136405,-0.001604943,-0.397491251,-0.144620003
1789388563.123605728,0.391205251,-0.131251067,0.365473658,0.906117773,-0.001536202,-0.397502054,-0.144707765
1789388563.156944036,0.391022861,-0.131267861,0.365253031,0.906152643,-0.001592774,-0.397424304,-0.144702362
1789388563.190281153,0.391238898,-0.131446585,0.365412146,0.906087825,-0.001694137,-0.397588049,-0.144657271
1789388563.223619699,0.391164213,-0.131446138,0.365374446,0.906122359,-0.001656212,-0.397512424,-0.144649233
1789388563.256958008,0.391092747,-0.131256193,0.365410507,0.906124529,-0.001564782,-0.397488894,-0.144701307
1789388563.290296078,0.391157418,-0.131446093,0.365376383,0.906101863,-0.001693556,-0.397555786,-0.144658021
1789388563.323633432,0.391087949,-0.131224990,0.365435272,0.906126324,-0.001539313,-0.397490298,-0.144686481
1789388563.356971979,0.391027808,-0.131319851,0.365378857,0.906134536,-0.001634028,-0.397498484,-0.144611506
1789388563.390310049,0.391095549,-0.131257623,0.365591884,0.906116347,-0.001562515,-0.397562082,-0.144551428
1789388563.423648357,0.391154021,-0.131293207,0.365519404,0.906098885,-0.001602751,-0.397575877,-0.144622487
1789388563.456985950,0.391292840,-0.131303757,0.365565985,0.906086383,-0.001586083,-0.397606882,-0.144615760
1789388563.490324259,0.391194403,-0.131415054,0.365400463,0.906121090,-0.001668641,-0.397530860,-0.144606369
1789388563.523662329,0.391168088,-0.131414413,0.365180880,0.906143394,-0.001679187,-0.397465777,-0.144645382
1789388563.556999683,0.391304702,-0.131317228,0.365560263,0.906095207,-0.001528265,-0.397575379,-0.144647703
1789388563.590338230,0.391078591,-0.131177917,0.365533948,0.906119783,-0.001512024,-0.397525557,-0.144630852
1789388563.623676300,0.391157627,-0.131392658,0.365383625,0.906111003,-0.001674239,-0.397544265,-0.144632653
1789388563.657014608,0.391177803,-0.131417274,0.365414023,0.906127632,-0.001660651,-0.397509069,-0.144625366
1789388563.690351725,0.391275436,-0.131350294,0.365513653,0.906076060,-0.001626998,-0.397625649,-0.144628388
1789388563.723689795,0.391019613,-0.131361291,0.365429252,0.906122949,-0.001616606,-0.397518586,-0.144629050
1789388563.757027864,0.391246796,-0.131283581,0.365602732,0.906094230,-0.001547331,-0.397587561,-0.144620137
1789388563.790365696,0.391097218,-0.131313249,0.365284085,0.906156558,-0.001606273,-0.397429001,-0.144664788
1789388563.823702812,0.391086161,-0.131158307,0.365400672,0.906130817,-0.001505800,-0.397494238,-0.144647871
1789388563.857041121,0.391105890,-0.131256774,0.365510494,0.906118243,-0.001584337,-0.397537513,-0.144606863
1789388563.890378952,0.391095370,-0.131193981,0.365644932,0.906096696,-0.001508814,-0.397570580,-0.144651770
1789388563.923716068,0.391316533,-0.131404325,0.365535736,0.906079764,-0.001621347,-0.397590665,-0.144701405
1789388563.957053900,0.391164988,-0.131210059,0.365607321,0.906102024,-0.001563839,-0.397565017,-0.144633103
1789388563.990392208,0.391162872,-0.131148979,0.365670919,0.906076635,-0.001489934,-0.397622659,-0.144634480
1789388564.023730040,0.391061455,-0.131204396,0.365392596,0.906131116,-0.001530063,-0.397467476,-0.144719262
1789388564.057067156,0.391173273,-0.131327212,0.365424186,0.906109937,-0.001637930,-0.397553269,-0.144614996
1789388564.090404987,0.391147226,-0.131440595,0.365088344,0.906152226,-0.001729157,-0.397441437,-0.144656342
1789388564.123743057,0.391414851,-0.131376430,0.365672827,0.906039433,-0.001629173,-0.397689767,-0.144681516
1789388564.157081127,0.391319484,-0.131416321,0.365346491,0.906101598,-0.001685993,-0.397578096,-0.144598441
1789388564.190418243,0.391263306,-0.131400928,0.365429074,0.906106781,-0.001680819,-0.397544925,-0.144657211
1789388564.223756075,0.391441733,-0.131520301,0.365712225,0.906041950,-0.001712901,-0.397696955,-0.144645025
1789388564.257094145,0.391152859,-0.131385356,0.365115017,0.906158601,-0.001681277,-0.397417180,-0.144683616
1789388564.290431261,0.391268522,-0.131357446,0.365410835,0.906107739,-0.001612506,-0.397552139,-0.144632163
1789388564.323769331,0.391113162,-0.131365582,0.365486950,0.906111828,-0.001605233,-0.397529900,-0.144667749
1789388564.357107162,0.391208738,-0.131260082,0.365637541,0.906081292,-0.001570865,-0.397610619,-0.144637545
1789388564.390445232,0.391325504,-0.131307885,0.365597755,0.906078599,-0.001566823,-0.397620751,-0.144626611
1789388564.423782110,0.391225398,-0.131424353,0.365540802,0.906086128,-0.001653322,-0.397600911,-0.144633022
1789388564.457120419,0.391294092,-0.131438017,0.365483284,0.906075650,-0.001702844,-0.397630119,-0.144617790
1789388564.490458250,0.391198993,-0.131412372,0.365403682,0.906085287,-0.001708867,-0.397602700,-0.144632728
1789388564.523795366,0.391295314,-0.131279394,0.365694493,0.906075331,-0.001582628,-0.397650048,-0.144566347
1789388564.557133198,0.391274929,-0.131362021,0.365478158,0.906100001,-0.001629761,-0.397583228,-0.144594986
1789388564.590471268,0.391323149,-0.131477147,0.365384847,0.906081183,-0.001699888,-0.397613313,-0.144629362
1789388564.623809338,0.391255081,-0.131403908,0.365417033,0.906096673,-0.001703301,-0.397598226,-0.144573744
1789388564.657146215,0.391335517,-0.131424427,0.365677506,0.906062368,-0.001675708,-0.397670569,-0.144590095
1789388564.690484762,0.391353041,-0.131358981,0.365499675,0.906068778,-0.001638067,-0.397631430,-0.144657986
1789388564.723823309,0.391427934,-0.131452724,0.365440488,0.906083088,-0.001639069,-0.397590275,-0.144681456
1789388564.757161856,0.391296178,-0.131352872,0.365598381,0.906072684,-0.001614227,-0.397630367,-0.144636707
1789388564.790499210,0.391408533,-0.131495923,0.365449786,0.906087327,-0.001713305,-0.397581989,-0.144676818
