t_sec,x,y,z,qw,qx,qy,qz
1789388504.856495380,0.000000000,0.000000000,0.000000000,1.000000000,0.000000000,0.000000000,0.000000000
1789388504.889875650,0.000008862,0.000000798,0.000019902,1.000000000,-0.000000520,-0.000011070,-0.000011352
1789388504.923245907,0.000000522,0.000000032,0.000027428,1.000000000,-0.000001569,-0.000005004,-0.000008357
1789388504.956605196,-0.000001573,-0.000000876,0.000044649,1.000000000,0.000001175,-0.000010163,-0.000005121
1789388504.989953279,0.000002446,-0.000003624,0.000029252,1.000000000,-0.000003886,-0.000003755,-0.000010451
1789388505.023289442,-0.000001832,-0.000007379,0.000021321,1.000000000,-0.000010119,-0.000002743,-0.000017607
1789388505.056615829,0.000012816,0.000006807,0.000016422,1.000000000,0.000001144,-0.000015126,-0.000014713
1789388505.089931011,0.000007325,0.000002034,0.000023151,1.000000000,0.000001221,-0.000008299,-0.000012704
1789388505.123234749,0.000021523,0.000006177,0.000031063,1.000000000,0.000006827,-0.000025365,-0.000004953
1789388505.156527042,0.000005559,-0.000002805,0.000018700,1.000000000,-0.000011439,-0.000010834,-0.000015567
1789388505.189809084,-0.000000723,-0.000006664,0.000015889,1.000000000,-0.000010476,-0.000002059,-0.000019207
1789388505.223079920,0.000013951,0.000004672,0.000011837,1.000000000,0.000001941,-0.000014363,-0.000014587
1789388505.256338835,0.000009624,-0.000002883,0.000019591,1.000000000,-0.000005441,-0.000014291,-0.000012147
1789388505.289587736,-0.000001066,0.000003550,0.000026475,1.000000000,0.000002702,0.000002137,-0.000007140
1789388505.322825432,0.000011080,0.000004369,0.000008385,1.000000000,0.000000497,-0.000015283,-0.000015650
1789388505.356052160,0.000010215,-0.000000053,0.000020827,1.000000000,0.000000026,-0.000012551,-0.000007066
1789388505.389267206,-0.000005456,-0.000005044,0.000020840,1.000000000,-0.000007599,0.000003515,-0.000017321
1789388505.422471762,0.000003607,-0.000002949,0.000013426,1.000000000,-0.000004946,-0.000007378,-0.000011243
1789388505.455665350,-0.000004493,-0.000000567,0.000028490,1.000000000,0.000002022,-0.000000823,-0.000011760
1789388505.488847971,0.000004555,0.000001336,0.000017201,1.000000000,-0.000002889,-0.000007410,-0.000017060
1789388505.522018671,0.000001395,-0.000002117,0.000030197,1.000000000,-0.000004930,-0.000009243,-0.000012958
1789388505.555178881,0.000010752,-0.000003398,0.000017152,1.000000000,-0.000004794,-0.000011963,-0.000012426
1789388505.588328600,0.000013077,0.000006183,0.000011063,1.000000000,0.000000874,-0.000011907,-0.000011742
1789388505.621467352,0.000004974,-0.000007061,0.000024470,1.000000000,-0.000008442,-0.000009089,-0.000008657
1789388505.654839277,0.000008906,-0.000013591,0.000015004,1.000000000,-0.000023680,-0.000014642,-0.000018339
1789388505.688207626,0.000001000,0.000002649,0.000022468,1.000000000,0.000002724,-0.000006539,-0.000018075
1789388505.721571922,0.000004172,0.000003361,0.000013388,1.000000000,-0.000001209,-0.000006567,-0.000010579
1789388505.754931688,0.000005522,0.000006455,0.000024440,1.000000000,0.000007028,-0.000011376,-0.000013421
1789388505.788288593,0.000001914,-0.000002329,0.000038355,1.000000000,-0.000002503,-0.000010519,-0.000003459
1789388505.821641922,0.000005859,-0.000005469,0.000029886,1.000000000,-0.000008778,-0.000012849,-0.000011769
1789388505.854990244,0.000004534,0.000005980,0.000030058,1.000000000,0.000009114,-0.000012083,-0.000003362
1789388505.888335943,-0.000001465,0.000001838,0.000027030,1.000000000,0.000000384,-0.000004490,-0.000001477
1789388505.921677828,0.000014678,0.000010570,0.000016012,1.000000000,0.000005207,-0.000016105,-0.000015768
1789388505.955015898,0.000003482,0.000002167,0.000028685,1.000000000,0.000001220,-0.000006148,-0.000009421
1789388505.988349199,0.000003912,-0.000003115,0.000017428,1.000000000,-0.000007526,-0.000007706,-0.000015780
1789388506.021679878,0.000007759,0.000003354,0.000024146,1.000000000,-0.000001640,-0.000015559,-0.000020408
1789388506.055006742,0.000013523,0.000008874,0.000014117,1.000000000,0.000001291,-0.000014859,-0.000020228
1789388506.088329792,0.000018943,0.000009952,0.000016375,1.000000000,0.000005800,-0.000021617,-0.000010413
1789388506.121648312,0.000008566,0.000006653,0.000020350,1.000000000,0.000001574,-0.000008460,-0.000017391
1789388506.154963970,0.000006558,-0.000011387,0.000030075,1.000000000,-0.000011624,-0.000009717,-0.000007467
1789388506.188275576,0.000016170,0.000003932,0.000024650,1.000000000,-0.000000411,-0.000021905,-0.000010146
1789388506.221582651,-0.000000846,-0.000000900,0.000021611,1.000000000,-0.000005071,-0.000001987,-0.000013964
1789388506.254886866,0.000009616,-0.000003310,0.000022106,1.000000000,-0.000006361,-0.000012640,-0.000010427
1789388506.288187504,0.000004951,-0.000000391,0.000028129,1.000000000,-0.000005008,-0.000011168,-0.000013913
1789388506.321484327,0.000009520,0.000003905,0.000020223,1.000000000,0.000000644,-0.000016215,-0.000016340
1789388506.354776382,-0.000000297,-0.000001089,0.000031875,1.000000000,-0.000005029,-0.000004932,-0.000011349
1789388506.388065577,0.000002444,0.000000744,0.000024272,1.000000000,0.000000560,-0.000010057,-0.000015366
1789388506.421351433,0.000004202,-0.000000756,0.000022629,1.000000000,-0.000001969,-0.000007017,-0.000009782
1789388506.454632998,0.000010196,0.000002097,0.000019651,1.000000000,-0.000001281,-0.000010166,-0.000006699
1789388506.487909794,0.000010913,-0.000011276,0.000018010,1.000000000,-0.000015072,-0.000012749,-0.000004873
1789388506.521184444,0.000011131,-0.000002506,0.000022893,1.000000000,-0.000004874,-0.000013778,-0.000007361
1789388506.554454803,-0.000007475,-0.000002206,0.000033745,1.000000000,0.000002090,0.000003521,-0.000005791
1789388506.587720394,0.000010061,0.000003609,0.000027535,1.000000000,0.000003592,-0.000016857,-0.000010865
1789388506.620984077,0.000009052,0.000000559,0.000007407,1.000000000,-0.000007897,-0.000010748,-0.000021144
1789388506.654236555,-0.000004087,0.000006969,0.000032003,1.000000000,0.000010357,-0.000001715,-0.000006503
1789388506.687484026,0.000001536,0.000000738,0.000016269,1.000000000,-0.000000657,-0.000002178,-0.000009423
1789388506.720725775,0.000006028,-0.000006597,0.000022393,1.000000000,-0.000007738,-0.000010941,-0.000007105
1789388506.753963470,0.000003748,-0.000004712,0.000022144,1.000000000,-0.000005197,-0.000004970,-0.000008631
1789388506.787195683,0.000006860,0.000005988,0.000022501,1.000000000,0.000004428,-0.000009794,-0.000006933
1789388506.820423365,0.000006869,0.000006170,0.000016236,1.000000000,0.000001586,-0.000010721,-0.000018352
1789388506.853645086,0.000002848,-0.000001039,0.000024160,1.000000000,-0.000000892,-0.000007379,-0.000008710
1789388506.886862516,0.000004496,-0.000004957,0.000019903,1.000000000,-0.000006630,-0.000007776,-0.000005672
1789388506.920075178,0.000006169,0.000001196,0.000019911,1.000000000,-0.000003470,-0.000010319,-0.000018148
1789388506.953281641,0.000001458,-0.000002734,0.000027764,1.000000000,-0.000005751,-0.000007907,-0.000016430
1789388506.986484051,0.000013789,0.000004134,0.000028069,1.000000000,0.000000895,-0.000019447,-0.000014634
1789388507.019681692,0.000010666,0.000011833,0.000017526,1.000000000,0.000009382,-0.000014819,-0.000012190
1789388507.052874327,0.000005512,0.000004475,0.000023672,1.000000000,0.000002560,-0.000011852,-0.000009189
1789388507.086060762,0.000018045,0.000007202,0.000019698,1.000000000,0.000007485,-0.000021876,0.000001911
1789388507.119243145,0.000006823,-0.000007161,0.000011276,1.000000000,-0.000017075,-0.000011310,-0.000020580
1789388507.152420759,0.000006837,0.000003457,0.000013946,1.000000000,0.000001797,-0.000010253,-0.000007174
1789388507.185592175,0.000007376,0.000000798,0.000020443,1.000000000,-0.000003543,-0.000009390,-0.000015581
1789388507.218759775,0.000005382,-0.000002808,0.000021099,1.000000000,-0.000004570,-0.000011695,-0.000018600
1789388507.251922131,0.000013116,-0.000001538,0.000025578,1.000000000,-0.000008718,-0.000019075,-0.000016184
1789388507.285079479,0.000000404,-0.000004031,0.000019336,1.000000000,-0.000007454,-0.000004256,-0.000015677
1789388507.318231106,0.000010344,0.000001482,0.000019080,1.000000000,-0.000003329,-0.000014422,-0.000014118
1789388507.351378679,-0.000000110,-0.000006884,0.000028549,1.000000000,-0.000010375,-0.000004366,-0.000012267
1789388507.384521008,0.000011392,0.000001859,0.000026965,1.000000000,-0.000001027,-0.000015508,-0.000009321
1789388507.417658329,0.000010894,-0.000005989,0.000019094,1.000000000,-0.000017252,-0.000014959,-0.000015011
1789388507.450789928,0.000002962,-0.000004593,0.000029809,1.000000000,-0.000013090,-0.000005707,-0.000020304
1789388507.483917475,-0.000001261,-0.000000708,0.000018898,1.000000000,-0.000004693,-0.000001876,-0.000018908
1789388507.517039776,0.000005737,-0.000000176,0.000016651,1.000000000,-0.000004749,-0.000009464,-0.000030095
1789388507.550156355,0.000004690,-0.000006238,0.000015965,1.000000000,-0.000011057,-0.000006990,-0.000014708
1789388507.583268881,0.000012624,-0.000001053,0.000019983,1.000000000,-0.000004893,-0.000018517,-0.000007829
1789388507.616376877,0.000012188,0.000007427,0.000027032,1.000000000,0.000008382,-0.000015401,-0.000003583
1789388507.649706125,0.000004582,-0.000002062,0.000023824,1.000000000,-0.000005291,-0.000004377,-0.000011862
1789388507.683033705,0.000001572,0.000001565,0.000019944,1.000000000,-0.000000105,-0.000003941,-0.000015163
1789388507.716362000,0.000010236,0.000000693,0.000019733,1.000000000,0.000000035,-0.000012909,-0.000008552
1789388507.749690294,0.000016470,0.000003897,0.000024807,1.000000000,0.000004828,-0.000021101,-0.000005416
1789388507.783018112,0.000006906,-0.000003454,0.000019291,1.000000000,-0.000007748,-0.000010522,-0.000012600
1789388507.816344738,0.000008161,0.000002643,0.000021405,1.000000000,-0.000000137,-0.000009026,-0.000011913
1789388507.849672079,0.000021502,0.000010893,0.000022416,1.000000000,0.000009026,-0.000025171,-0.000011417
1789388507.882998943,0.000006567,0.000002084,0.000010866,1.000000000,-0.000001593,-0.000011102,-0.000018200
1789388507.916324854,-0.000002384,-0.000009469,0.000018919,1.000000000,-0.000015228,-0.000001681,-0.000017592
1789388507.949651718,-0.000001330,-0.000004927,0.000020661,1.000000000,-0.000005046,-0.000001395,-0.000009014
1789388507.982977867,0.000008078,0.000002100,0.000020774,1.000000000,0.000001521,-0.000011406,-0.000011996
1789388508.016303778,0.000007268,0.000002203,0.000015367,1.000000000,0.000001764,-0.000011463,-0.000012741
1789388508.049628496,0.000000891,-0.000004512,0.000016957,1.000000000,-0.000004995,-0.000003499,-0.000011692
1789388508.082954168,0.000018288,0.000014203,0.000020908,1.000000000,0.000008564,-0.000023533,-0.000023229
1789388508.116279364,0.000002360,0.000001783,0.000017030,1.000000000,-0.000003965,-0.000006518,-0.000020067
1789388508.149604321,0.000008955,0.000004880,0.000024776,1.000000000,0.000003633,-0.000019270,-0.000011680
1789388508.182927847,-0.000001511,-0.000000358,0.000020852,1.000000000,-0.000002641,-0.000001128,-0.000013066
1789388508.216252089,0.000017394,0.000008023,0.000024701,1.000000000,0.000006345,-0.000021304,-0.000002202
1789388508.249576330,0.000004487,-0.000001870,0.000027568,1.000000000,-0.000005694,-0.000007343,-0.000002069
1789388508.282899141,0.000011147,0.000002772,0.000020932,1.000000000,-0.000000215,-0.000017890,-0.000014172
1789388508.316222906,0.000006997,0.000001141,0.000011703,1.000000000,-0.000001758,-0.000012278,-0.000018341
1789388508.349546194,0.000016042,-0.000013353,0.000014347,1.000000000,-0.000018334,-0.000022208,-0.000006236
1789388508.382869482,0.000010182,-0.000000979,0.000014280,1.000000000,-0.000006674,-0.000015501,-0.000014356
1789388508.416191101,0.000006590,0.000002269,0.000025881,1.000000000,0.000000359,-0.000010099,-0.000012832
1789388508.449513674,0.000000908,-0.000003842,0.000025959,1.000000000,-0.000002244,-0.000006822,-0.000006792
1789388508.482836008,0.000005888,-0.000006023,0.000020449,1.000000000,-0.000006688,-0.000009865,-0.000019460
1789388508.516156912,0.000002139,-0.000001906,0.000024132,1.000000000,-0.000002049,-0.000007311,-0.000008563
1789388508.549478769,0.000010058,0.000005462,0.000017565,1.000000000,0.000000341,-0.000016437,-0.000017598
1789388508.582800388,0.000006357,-0.000013305,0.000027989,1.000000000,-0.000016794,-0.000012003,-0.000015462
1789388508.616121292,-0.000006230,-0.000008430,0.000013174,1.000000000,-0.000013796,0.000002450,-0.000022128
1789388508.649452925,0.000003651,-0.000008521,0.000008557,1.000000000,-0.000017196,-0.000011978,-0.000022979
1789388508.682785511,0.000010676,-0.000002997,0.000022916,1.000000000,-0.000005171,-0.000012678,-0.000007205
1789388508.716117620,-0.000003154,-0.000002024,0.000032405,1.000000000,-0.000003689,-0.000005378,-0.000013424
1789388508.749449730,0.000002675,0.000002220,0.000016475,1.000000000,-0.000002652,-0.000005540,-0.000021593
1789388508.782781124,0.000005209,0.000000699,0.000016713,1.000000000,-0.000003648,-0.000010147,-0.000015760
1789388508.816112757,0.000008040,0.000005362,0.000022845,1.000000000,0.000002957,-0.000013745,-0.000014786
1789388508.849444866,0.000008478,0.000002887,0.000012308,1.000000000,-0.000000479,-0.000012545,-0.000010499
1789388508.882775307,0.000020121,0.000010197,0.000029231,1.000000000,0.000010789,-0.000021719,-0.000006475
1789388508.916107178,0.000008188,0.000003879,0.000026177,1.000000000,-0.000000871,-0.000013835,-0.000010446
1789388508.949438810,0.000002659,0.000009013,0.000016244,1.000000000,0.000005738,-0.000006216,-0.000016305
1789388508.982770205,0.000009712,0.000000556,0.000015779,1.000000000,-0.000002360,-0.000012954,-0.000010933
1789388509.016100645,0.000001309,-0.000008498,0.000021548,1.000000000,-0.000008770,-0.000006165,-0.000008435
1789388509.049431562,0.000005696,-0.000000326,0.000022226,1.000000000,-0.000002027,-0.000005698,-0.000008828
1789388509.082762957,0.000006656,-0.000005565,0.000027446,1.000000000,-0.000008789,-0.000014145,-0.000006859
1789388509.116094112,0.000011189,0.000000873,0.000022900,1.000000000,-0.000002216,-0.000016711,-0.000015239
1789388509.149423838,0.000004262,-0.000005417,0.000016725,1.000000000,-0.000010305,-0.000006813,-0.000012865
1789388509.182754755,-0.000002022,-0.000002185,0.000023419,1.000000000,-0.000004906,-0.000005586,-0.000012149
1789388509.216085434,0.000002547,-0.000002762,0.000025245,1.000000000,-0.000004523,-0.000005661,-0.000013759
1789388509.249414921,0.000008195,0.000006638,0.000014256,1.000000000,0.000004649,-0.000009984,-0.000005600
1789388509.282745600,0.000004233,-0.000004177,0.000026400,1.000000000,-0.000004022,-0.000011972,-0.000012269
1789388509.316076040,-0.000000261,0.000000950,0.000026015,1.000000000,-0.000002054,-0.000005554,-0.000019927
1789388509.349406242,0.000007724,0.000003445,0.000031745,1.000000000,0.000005227,-0.000017120,-0.000005959
1789388509.382735252,0.000002972,0.000000111,0.000025634,1.000000000,0.000000005,-0.000002725,-0.000010438
1789388509.416065454,0.000016418,0.000005004,0.000018852,1.000000000,0.000004271,-0.000017292,-0.000007196
1789388509.449395418,0.000007332,0.000005119,0.000020944,1.000000000,-0.000000758,-0.000006979,-0.000022683
1789388509.482725382,0.000011407,-0.000000029,0.000017126,1.000000000,-0.000004022,-0.000013946,-0.000014231
1789388509.516054153,0.000010688,-0.000000018,0.000019477,1.000000000,-0.000001037,-0.000015857,-0.000006868
1789388509.549383879,0.000011628,0.000000478,0.000032320,1.000000000,-0.000003346,-0.000016589,-0.000006799
1789388509.582713366,0.000017073,-0.000001584,0.000029229,1.000000000,-0.000002134,-0.000023807,-0.000009079
1789388509.616041899,0.000014088,0.000004158,0.000030752,1.000000000,0.000003616,-0.000022093,-0.000004881
1789388509.649376392,0.000004271,-0.000000358,0.000027500,1.000000000,-0.000003327,-0.000007678,-0.000008649
1789388509.682711124,0.000012001,-0.000002477,0.000015794,1.000000000,-0.000006616,-0.000013009,-0.000008156
1789388509.716045618,0.000005702,0.000002222,0.000018583,1.000000000,0.000001689,-0.000006345,0.000000261
1789388509.749379158,0.000014497,-0.000007846,0.000007251,1.000000000,-0.000016440,-0.000020441,-0.000008498
1789388509.782713652,-0.000001334,0.000000859,0.000016128,1.000000000,-0.000002291,-0.000001145,-0.000014343
1789388509.816048145,0.000010971,-0.000002654,0.000021476,1.000000000,-0.000008993,-0.000014388,-0.000008262
1789388509.849381447,0.000003667,0.000002502,0.000023853,1.000000000,0.000000829,-0.000006986,-0.000005421
1789388509.882715702,0.000015681,0.000003144,0.000022891,1.000000000,0.000002152,-0.000017008,-0.000003298
1789388509.916049957,0.000001372,0.000000383,0.000021377,1.000000000,-0.000000955,-0.000007700,-0.000018684
1789388509.949384212,0.000010575,-0.000004831,0.000026059,1.000000000,-0.000004514,-0.000015416,-0.000008556
1789388509.982717514,0.000006592,-0.000000596,0.000022987,1.000000000,-0.000004800,-0.000009191,-0.000008770
1789388510.016051769,0.000009542,0.000002035,0.000022794,1.000000000,0.000002666,-0.000013195,0.000003759
1789388510.049385786,0.000011705,-0.000000346,0.000022409,1.000000000,-0.000006543,-0.000012453,-0.000011759
1789388510.082720041,0.000005998,-0.000008600,0.000012883,1.000000000,-0.000010586,-0.000007880,-0.000007604
1789388510.116052866,0.000011662,-0.000004610,0.000019567,1.000000000,-0.000007022,-0.000014279,-0.000009746
1789388510.149386883,0.000003763,0.000005952,0.000008068,1.000000000,0.000001525,-0.000007645,-0.000026116
1789388510.182720900,0.000007436,0.000007556,0.000022179,1.000000000,0.000009748,-0.000010804,-0.000003765
1789388510.216053963,0.000011524,0.000005222,0.000032655,1.000000000,0.000002771,-0.000019950,-0.000005557
1789388510.249387980,0.000015533,-0.000011817,0.000014934,1.000000000,-0.000023540,-0.000020652,-0.000010830
1789388510.282721758,0.000010466,0.000001838,0.000007285,1.000000000,-0.000005604,-0.000014424,-0.000012482
1789388510.316055536,0.000008457,0.000002202,0.000016373,1.000000000,0.000001468,-0.000010650,-0.000006162
1789388510.349388123,0.000003438,-0.000003550,0.000024205,1.000000000,-0.000007318,-0.000005626,-0.000008404
1789388510.382721901,0.000007626,-0.000003973,0.000016695,1.000000000,-0.000006728,-0.000010277,-0.000008709
1789388510.416055679,0.000011069,-0.000000018,0.000023601,1.000000000,-0.000001604,-0.000015938,-0.000021675
1789388510.449389458,0.000010289,-0.000006064,0.000011705,1.000000000,-0.000013618,-0.000013462,-0.000014676
1789388510.482721806,0.000006994,-0.000004438,0.000023379,1.000000000,-0.000006727,-0.000012198,-0.000016304
1789388510.516055584,0.000007021,0.000003224,0.000030504,1.000000000,0.000006444,-0.000014314,0.000000947
1789388510.549389124,0.000019399,0.000002275,0.000014031,1.000000000,-0.000003636,-0.000021807,-0.000009557
1789388510.582721710,0.000005353,-0.000003642,0.000021218,1.000000000,-0.000009432,-0.000005997,-0.000013180
1789388510.616055250,-0.000003785,-0.000009012,0.000034313,1.000000000,-0.000010315,-0.000005100,-0.000009085
1789388510.649391174,0.000006975,0.000002592,0.000031623,1.000000000,0.000001186,-0.000011027,-0.000006036
1789388510.682727098,0.000010324,0.000002152,0.000019575,1.000000000,0.000001096,-0.000011526,-0.000010790
1789388510.716061831,-0.000000062,-0.000002729,0.000028529,1.000000000,-0.000000816,-0.000006841,-0.000010462
1789388510.749397755,0.000004013,-0.000002690,0.000015857,1.000000000,-0.000006984,-0.000006419,-0.000019006
1789388510.782733679,0.000017014,-0.000000436,0.000017919,1.000000000,-0.000006653,-0.000019927,-0.000008806
1789388510.816069365,0.000004857,0.000004257,0.000019524,1.000000000,0.000003151,-0.000008802,-0.000012076
1789388510.849404335,0.000001641,-0.000001491,0.000020899,1.000000000,-0.000007093,-0.000006640,-0.000016535
1789388510.882740021,0.000015336,0.000000687,0.000021811,1.000000000,-0.000003756,-0.000022963,-0.000010992
1789388510.916075945,-0.000000922,0.000004730,0.000022170,1.000000000,0.000005722,-0.000003413,-0.000015370
1789388510.949410677,0.000011889,0.000005456,0.000013966,1.000000000,0.000002183,-0.000012984,-0.000010351
1789388510.982746363,-0.000007176,-0.000002606,0.000031959,1.000000000,-0.000004523,-0.000003454,-0.000016239
1789388511.016082048,0.000006848,-0.000003632,0.000019022,1.000000000,-0.000008675,-0.000012355,-0.000017674
1789388511.049417734,0.000000909,0.000000842,0.000017113,1.000000000,-0.000002716,-0.000005328,-0.000014789
1789388511.082752466,0.000007590,-0.000001581,0.000022564,1.000000000,-0.000003140,-0.000011664,-0.000008173
1789388511.116088152,0.000004949,-0.000000157,0.000024136,1.000000000,-0.000005714,-0.000011377,-0.000002565
1789388511.149423838,0.000003830,0.000001607,0.000017376,1.000000000,0.000000894,-0.000005458,-0.000001848
1789388511.182758570,0.000011091,0.000005751,0.000017530,1.000000000,0.000003127,-0.000015496,-0.000008965
1789388511.216094017,0.000003795,-0.000004614,0.000027637,1.000000000,-0.000007563,-0.000006711,-0.000010759
1789388511.249429703,0.000006584,0.000000064,0.000023443,1.000000000,-0.000001319,-0.000011372,-0.000016080
1789388511.282765388,0.000004698,-0.000006006,0.000014452,1.000000000,-0.000012056,-0.000007833,-0.000012246
1789388511.316099882,-0.000004182,-0.000009000,0.000019918,1.000000000,-0.000016040,-0.000000501,-0.000018785
1789388511.349435568,0.000004425,0.000004636,0.000018615,1.000000000,-0.000000828,-0.000006569,-0.000021197
1789388511.382771015,0.000001169,-0.000005838,0.000032751,1.000000000,-0.000006980,-0.000008378,-0.000010852
1789388511.416106462,-0.000003002,-0.000008025,0.000020118,1.000000000,-0.000010402,-0.000001536,-0.000006685
1789388511.449440956,0.000013938,-0.000001219,0.000008633,1.000000000,-0.000010526,-0.000017538,-0.000018703
1789388511.482776642,0.000008962,0.000003506,0.000028520,1.000000000,0.000005750,-0.000013658,-0.000006497
1789388511.516112089,0.000010530,-0.000005370,0.000018563,1.000000000,-0.000010212,-0.000012297,-0.000012675
1789388511.549446583,0.000004972,0.000001436,0.000025671,1.000000000,-0.000000503,-0.000011943,-0.000009793
1789388511.582782030,0.000004530,-0.000007141,0.000022349,1.000000000,-0.000010524,-0.000009913,-0.000016643
1789388511.616117477,0.000000546,-0.000009459,0.000021500,1.000000000,-0.000017028,-0.000003679,-0.000015627
1789388511.649459362,-0.000000187,-0.000000223,0.000012519,1.000000000,-0.000001645,-0.000001544,-0.000009204
1789388511.682800531,0.000006662,0.000001068,0.000020714,1.000000000,-0.000001208,-0.000007392,-0.000011653
1789388511.716142893,0.000008739,-0.000003655,0.000030049,1.000000000,-0.000006611,-0.000015670,-0.000013268
1789388511.749484777,0.000006763,0.000007759,0.000019030,1.000000000,0.000005952,-0.000012126,-0.000013579
1789388511.782827377,0.000002205,0.000002128,0.000029855,1.000000000,0.000002961,-0.000009610,-0.000012742
1789388511.816168785,0.000006318,-0.000001760,0.000026784,1.000000000,-0.000006888,-0.000008890,-0.000013166
1789388511.849511147,0.000007003,-0.000003850,0.000013779,1.000000000,-0.000008152,-0.000013196,-0.000018443
1789388511.882853508,0.000007547,-0.000000556,0.000022752,1.000000000,-0.000002347,-0.000009928,-0.000006594
1789388511.916195393,0.000004677,-0.000008761,0.000033280,1.000000000,-0.000008434,-0.000009234,-0.000010701
1789388511.949537754,0.000007917,-0.000005753,0.000018594,1.000000000,-0.000014688,-0.000008694,-0.000019277
1789388511.982880592,-0.000001983,-0.000009457,0.000020371,1.000000000,-0.000017471,0.000000690,-0.000019954
1789388512.016223431,0.000001380,0.000006159,0.000018575,1.000000000,0.000005596,-0.000005496,-0.000013449
1789388512.049565077,0.000005363,-0.000004946,0.000014987,1.000000000,-0.000009860,-0.000009170,-0.000012273
1789388512.082908154,0.000002996,-0.000011918,0.000017078,1.000000000,-0.000023643,-0.000008573,-0.000035504
1789388512.116250992,0.000004401,-0.000002512,0.000025222,1.000000000,-0.000003930,-0.000012813,-0.000012021
1789388512.149594069,0.000006666,-0.000008760,0.000013985,1.000000000,-0.000016492,-0.000009148,-0.000015879
1789388512.182936192,0.000002278,0.000004117,0.000016129,1.000000000,0.000001001,-0.000004082,-0.000019791
1789388512.216279268,0.000009214,-0.000001972,0.000015203,1.000000000,-0.000003540,-0.000010746,-0.000007184
1789388512.249622583,0.000005124,-0.000001813,0.000025583,1.000000000,-0.000004012,-0.000008193,-0.000007788
1789388512.282964945,0.000011957,0.000003751,0.000023053,1.000000000,0.000004874,-0.000015362,-0.000003997
1789388512.316308260,0.000007039,0.000000878,0.000021248,1.000000000,-0.000004426,-0.000012243,-0.000017389
1789388512.349651575,0.000008567,-0.000001482,0.000012161,1.000000000,-0.000006901,-0.000013607,-0.000022736
1789388512.382995129,0.000005424,0.000001116,0.000010393,1.000000000,-0.000003984,-0.000009447,-0.000018236
1789388512.416337729,0.000018797,-0.000003755,0.000013734,1.000000000,-0.000008555,-0.000022900,-0.000011695
1789388512.449681282,0.000011343,-0.000004634,0.000024399,1.000000000,-0.000015756,-0.000014127,-0.000006692
1789388512.483025074,0.000002251,-0.000001155,0.000031166,1.000000000,0.000000146,-0.000007327,-0.000002537
1789388512.516367674,0.000003445,-0.000000972,0.000016180,1.000000000,-0.000004947,-0.000009050,-0.000018969
1789388512.549711704,0.000004885,-0.000002578,0.000011299,1.000000000,-0.000008740,-0.000009726,-0.000021176
1789388512.583055496,-0.000003515,-0.000009257,0.000036880,1.000000000,-0.000009566,-0.000002219,-0.000003010
1789388512.616399527,0.000015927,0.000001689,0.000014086,1.000000000,-0.000002909,-0.000020186,-0.000017065
1789388512.649738073,-0.000001664,-0.000001855,0.000018768,1.000000000,-0.000005745,-0.000002343,-0.000026020
1789388512.683077574,0.000005749,-0.000000570,0.000022949,1.000000000,-0.000001472,-0.000011382,-0.000002386
1789388512.716417551,0.000004382,0.000007463,0.000036085,1.000000000,0.000008659,-0.000009900,-0.000011553
1789388512.749757051,0.000007429,0.000000096,0.000032260,1.000000000,-0.000003731,-0.000011002,-0.000008387
1789388512.783095837,0.000010997,0.000001897,0.000037562,1.000000000,-0.000005770,-0.000014520,0.000001570
1789388512.816435575,-0.000166461,-0.000538936,0.000243612,0.999997318,-0.002308724,0.000199219,-0.000202046
1789388512.849775314,-0.000264427,-0.000951854,0.000484657,0.999995172,-0.003063519,0.000333615,-0.000471220
1789388512.883114338,-0.000204414,-0.000890614,0.000298245,0.999995887,-0.002821447,0.000203421,-0.000529244
1789388512.916453838,-0.000238867,-0.001044068,0.000216609,0.999996364,-0.002638744,0.000223406,-0.000573305
1789388512.949793816,0.000012129,-0.000008686,0.000016294,1.000000000,-0.000014523,-0.000013170,-0.000007900
1789388512.983133554,0.000003782,-0.000048297,0.000016589,1.000000000,-0.000051870,-0.000008135,-0.000031507
1789388513.016472340,0.000051778,-0.000086186,-0.000009242,1.000000000,-0.000109438,-0.000042711,-0.000063064
1789388513.049812317,0.000140040,-0.000146044,-0.000045714,1.000000000,-0.000200857,-0.000109266,-0.000060045
1789388513.083152056,0.000182879,-0.000179868,-0.000092021,1.000000000,-0.000241368,-0.000148628,-0.000086045
1789388513.116492033,0.000208865,-0.000569732,-0.000107479,0.999999821,-0.000640260,-0.000165881,-0.000252650
1789388513.149830818,0.000193162,-0.000521905,-0.000090028,0.999999821,-0.000597360,-0.000148720,-0.000253633
1789388513.183170557,0.000207429,-0.000781111,-0.000179684,0.999999583,-0.000918848,-0.000202861,-0.000295659
1789388513.216510773,0.000220778,-0.001083127,-0.000369802,0.999999166,-0.001251573,-0.000295949,-0.000322271
1789388513.249849558,0.000463096,-0.001227612,-0.000739482,0.999999225,-0.000589477,-0.000711461,0.000838708
1789388513.283189774,0.000449633,-0.001074369,-0.000198643,0.999999285,-0.000548209,-0.000523403,0.000897844
1789388513.316529512,0.000474565,-0.001285423,-0.000394271,0.999998629,-0.001518880,-0.000667178,-0.000282817
1789388513.349869728,0.000475084,-0.001324479,-0.000765858,0.999998748,-0.001391941,-0.000803440,-0.000074064
1789388513.383208513,0.000507962,-0.001215695,-0.000820447,0.999999046,-0.000552643,-0.000898747,0.000925031
1789388513.416548491,0.000748057,-0.001054407,-0.000441756,0.999997973,-0.001132910,-0.001687541,-0.000246006
1789388513.449888706,0.000307389,-0.000896986,-0.000123251,0.999998033,-0.000994361,-0.001588283,-0.000655547
1789388513.483228445,0.000290818,-0.001743111,-0.000029954,0.999994695,-0.002744270,-0.001724759,-0.000342217
1789388513.516567707,0.000720695,-0.000548526,-0.000161936,0.999974430,-0.000787494,-0.006940588,-0.001529193
1789388513.549907684,-0.001050709,-0.000568154,0.000213903,0.999866366,-0.000008636,-0.015762400,-0.004337324
1789388513.583247900,-0.001276329,-0.000561908,0.000181894,0.999581099,-0.000537728,-0.027668361,-0.008474753
1789388513.616586924,-0.001837080,-0.000640797,-0.000065208,0.999136388,-0.000554531,-0.039464325,-0.012995275
1789388513.649924040,-0.002216282,-0.000550644,-0.000210520,0.998632073,-0.000482188,-0.049726453,-0.016158551
1789388513.683266401,-0.002597201,-0.000414545,-0.000152148,0.998131812,-0.000914950,-0.058015004,-0.019140029
1789388513.716609001,-0.003079264,-0.000541715,-0.000182388,0.997484267,-0.000901389,-0.067138530,-0.022732934
1789388513.749950409,-0.003697652,-0.000299651,-0.000254744,0.996790290,-0.000766803,-0.075948022,-0.025309682
1789388513.783293247,-0.003893812,-0.000376698,-0.000382647,0.995905161,-0.000921728,-0.085648417,-0.028923674
1789388513.816635847,-0.004692277,-0.000595412,-0.000670194,0.994645178,-0.001522995,-0.097741134,-0.033547122
1789388513.849977493,-0.005517476,-0.000583329,-0.001051530,0.992929161,-0.001938142,-0.112221383,-0.038657226
1789388513.883320093,-0.006469203,-0.000304098,-0.001474832,0.990380406,-0.001888986,-0.130751029,-0.045247346
1789388513.916662931,-0.007947257,-0.000143072,-0.002190102,0.987338781,-0.002367896,-0.149687812,-0.052442111
1789388513.950005531,-0.007057653,0.000522621,-0.002161288,0.984208822,-0.001873819,-0.167195961,-0.058095064
1789388513.983347654,-0.008143736,0.000173810,-0.002905143,0.981929183,-0.002783076,-0.178544044,-0.062685609
1789388514.016690493,-0.008037221,0.000116822,-0.002925396,0.979555130,-0.003201755,-0.189857244,-0.066451117
1789388514.050033331,-0.008375133,0.000684701,-0.002800492,0.977357686,-0.002754254,-0.199664056,-0.069990732
1789388514.083376169,-0.008979469,0.000686529,-0.003296258,0.975057125,-0.003029427,-0.209429801,-0.073441721
1789388514.116718292,-0.009530979,0.000942474,-0.003652190,0.972330570,-0.002899660,-0.220300347,-0.077670507
1789388514.150061369,-0.010145220,0.000644921,-0.004139527,0.969608128,-0.003759527,-0.230682313,-0.081434786
1789388514.183404446,-0.009244050,0.001559253,-0.003900898,0.966142356,-0.002557632,-0.243246436,-0.085986502
1789388514.216746569,-0.008728283,0.001413447,-0.003985234,0.962478757,-0.002922636,-0.255819052,-0.090457819
1789388514.250089884,-0.009360428,0.001768726,-0.004713548,0.959337294,-0.002650077,-0.265973330,-0.094462201
1789388514.283432961,-0.009448153,0.001606380,-0.005145320,0.956197500,-0.003088347,-0.275818378,-0.097984530
1789388514.316776037,-0.009302169,0.001954762,-0.005424560,0.953125536,-0.003055508,-0.285071939,-0.101372316
1789388514.350118399,-0.009230445,0.001963827,-0.005803268,0.951290846,-0.002931246,-0.290435106,-0.103367060
1789388514.383461952,-0.009324433,0.001892171,-0.005993003,0.950033903,-0.003270136,-0.294010401,-0.104799427
1789388514.416805267,-0.009230558,0.002125029,-0.005749271,0.948520660,-0.003114575,-0.298266709,-0.106470026
1789388514.450148582,-0.009238715,0.001859000,-0.005999936,0.947382569,-0.003429082,-0.301494747,-0.107496649
1789388514.483490944,-0.009449759,0.001855223,-0.006024122,0.947156787,-0.003856176,-0.302097619,-0.107778706
1789388514.516834497,-0.009517311,0.001966702,-0.005879149,0.947238863,-0.004160989,-0.301798135,-0.107885681
1789388514.550178051,-0.009444471,0.001966726,-0.005988874,0.947269499,-0.003834987,-0.301606655,-0.108163252
1789388514.583520651,-0.009436577,0.001823103,-0.006131642,0.947282135,-0.002863578,-0.301229507,-0.109128542
1789388514.616864204,-0.009727420,0.001916154,-0.006248435,0.947335839,-0.003118134,-0.300931007,-0.109479532
1789388514.650207996,-0.009831916,0.002251226,-0.006306147,0.947396457,-0.002670170,-0.300773293,-0.109399617
1789388514.683545589,-0.009781650,0.002008335,-0.006234258,0.947883368,-0.002465565,-0.299423605,-0.108888425
1789388514.716882229,-0.009848231,0.002218795,-0.005561736,0.949885368,-0.001344605,-0.293649077,-0.107173614
1789388514.750220299,-0.009878074,0.002213888,-0.004552057,0.951612055,-0.002103022,-0.288675785,-0.105339348
1789388514.783557892,-0.010196529,0.001885297,-0.003757150,0.952901423,-0.002739676,-0.284946382,-0.103812836
1789388514.816895723,-0.010389448,0.001747711,-0.003810287,0.953193128,-0.002865748,-0.284058541,-0.103563346
1789388514.850232363,-0.010458988,0.001631488,-0.004113130,0.953400075,-0.002121683,-0.283325791,-0.103684060
1789388514.883570194,-0.010355818,0.001481402,-0.004055763,0.953782618,-0.001771731,-0.282199383,-0.103243552
1789388514.916908026,-0.010360299,0.001793934,-0.003332250,0.954476357,-0.002342234,-0.280275106,-0.102054894
1789388514.950244665,-0.010498637,0.001681589,-0.002824700,0.954837739,-0.003581283,-0.279260069,-0.101419166
1789388514.983582497,-0.010627879,0.002011346,-0.002860340,0.955741882,-0.001811430,-0.276425779,-0.100713082
1789388515.016920090,-0.010733596,0.001541089,-0.003466583,0.956369579,-0.000125453,-0.274375707,-0.100376092
1789388515.050257921,-0.010323732,0.001340589,-0.003434307,0.956430018,-0.000558049,-0.274569154,-0.099263147
1789388515.083594799,-0.010127347,0.001296337,-0.003193382,0.956358135,-0.001400576,-0.275101990,-0.098468430
1789388515.116932392,-0.010057806,0.000912956,-0.002575426,0.955825746,-0.003053158,-0.276781976,-0.098891802
1789388515.150269985,-0.010131152,0.000600151,-0.001989342,0.955190778,-0.005560355,-0.278653294,-0.099659808
1789388515.183606863,-0.009676862,-0.000548100,-0.001256721,0.954510212,-0.010690513,-0.280853957,-0.099584900
1789388515.216944695,-0.008470671,-0.001484786,-0.000419174,0.953187823,-0.015010922,-0.285784006,-0.097647898
1789388515.250282288,-0.006064195,-0.002999641,0.000135698,0.952076852,-0.017540123,-0.290149838,-0.095157698
1789388515.283619881,-0.003081744,-0.004895542,-0.000764244,0.951643109,-0.017097510,-0.292401969,-0.092650749
1789388515.316956758,0.000589239,-0.007853981,-0.001724453,0.950579286,-0.016247300,-0.297211558,-0.088319063
1789388515.350294352,0.004174689,-0.011841389,-0.003267505,0.949408472,-0.015525594,-0.302328229,-0.083547994
1789388515.383632183,0.006986010,-0.016147811,-0.005344677,0.948555350,-0.013416328,-0.306369811,-0.078742526
1789388515.416969776,0.008711785,-0.019564811,-0.007907017,0.947834790,-0.011176173,-0.309584439,-0.075111665
1789388515.450306416,0.010246977,-0.023219562,-0.010296870,0.947083771,-0.010466454,-0.312541276,-0.072393902
1789388515.483644247,0.011327077,-0.029268161,-0.011261231,0.946359575,-0.012623904,-0.314992815,-0.070878200
1789388515.516981840,0.012150094,-0.036516082,-0.014571012,0.946353137,-0.013827180,-0.314715415,-0.071963534
1789388515.550318718,0.011437869,-0.040913391,-0.018777039,0.946586132,-0.010113576,-0.313602209,-0.074336976
1789388515.583656311,0.010980761,-0.045864285,-0.021965735,0.946211398,-0.005361433,-0.314128727,-0.077319704
1789388515.616993904,0.009608278,-0.051529785,-0.025447033,0.945828140,-0.000909207,-0.314111441,-0.082112364
1789388515.650331497,0.007201220,-0.057200540,-0.029174122,0.945497096,0.001605507,-0.313537151,-0.087904029
1789388515.683668852,0.003844209,-0.061486824,-0.031467707,0.945185423,0.003713115,-0.312722832,-0.093889639
1789388515.717007399,-0.000212261,-0.066144276,-0.033925371,0.945189536,0.003942649,-0.311007321,-0.099376284
1789388515.750345469,-0.003282597,-0.067909168,-0.033352787,0.944396615,0.003471886,-0.312853366,-0.101122938
1789388515.783683777,-0.008031955,-0.073651500,-0.033855382,0.943464756,-0.001522188,-0.314822704,-0.103724055
1789388515.817021132,-0.011428765,-0.074913980,-0.034332259,0.942709208,-0.002096590,-0.316428751,-0.105677776
1789388515.850359678,-0.015376578,-0.076928194,-0.034212082,0.941517770,-0.003488890,-0.318661898,-0.109484479
1789388515.883697748,-0.020937045,-0.080403368,-0.033769295,0.940065086,-0.007810495,-0.320608586,-0.115873717
1789388515.917035103,-0.026129426,-0.081840175,-0.033607891,0.939470470,-0.011043705,-0.320051968,-0.121819608
1789388515.950373650,-0.031126922,-0.082873776,-0.032465224,0.939468145,-0.013574000,-0.317605495,-0.127836943
1789388515.983711958,-0.036215547,-0.084225269,-0.030579099,0.938521087,-0.013343091,-0.319001257,-0.131295294
1789388516.017050028,-0.040770687,-0.085301831,-0.028047971,0.937537313,-0.015731625,-0.320786446,-0.133688092
1789388516.050387383,-0.046026992,-0.086254586,-0.026507601,0.937350869,-0.018000968,-0.321174681,-0.133776546
1789388516.083725929,-0.050844481,-0.087505557,-0.023964639,0.936518371,-0.021391284,-0.324118853,-0.131995246
1789388516.117064238,-0.055539361,-0.089148818,-0.021220684,0.935654819,-0.025958871,-0.326954693,-0.130295366
1789388516.150402546,-0.059223571,-0.090205253,-0.018656514,0.935393095,-0.028096221,-0.328367263,-0.128161296
1789388516.183739901,-0.063611187,-0.091930117,-0.015916819,0.935018301,-0.030863248,-0.330265403,-0.125351548
1789388516.217078447,-0.067709845,-0.093384178,-0.013097414,0.934567392,-0.033463139,-0.331957102,-0.123566493
1789388516.250416517,-0.071157208,-0.094564984,-0.010703449,0.934836864,-0.034454551,-0.331373781,-0.122818351
1789388516.283753872,-0.075092063,-0.096029866,-0.008785439,0.935418904,-0.033264846,-0.330248952,-0.121739723
1789388516.317092180,-0.077888880,-0.097103194,-0.007412890,0.935643792,-0.030932294,-0.330089122,-0.121058345
1789388516.350430727,-0.081623031,-0.098563164,-0.006153879,0.935556889,-0.030083954,-0.329623878,-0.123192810
1789388516.383769035,-0.085787533,-0.099448689,-0.004082140,0.935417354,-0.029634420,-0.328411341,-0.127523050
1789388516.417106390,-0.090136110,-0.100447774,-0.001592378,0.935485959,-0.030853217,-0.326325029,-0.132007971
1789388516.450444937,-0.093927171,-0.101034352,0.001054846,0.934960067,-0.031586416,-0.326370120,-0.135405272
1789388516.483783245,-0.097733840,-0.101564289,0.003720576,0.934192359,-0.032689750,-0.327955842,-0.136605605
1789388516.517120600,-0.101469598,-0.101762688,0.006508706,0.933474898,-0.035265602,-0.329826534,-0.136365563
1789388516.550458908,-0.105093901,-0.102284952,0.010426276,0.932913244,-0.039312202,-0.331437856,-0.135190561
1789388516.583797455,-0.108824963,-0.102035404,0.014217503,0.932401657,-0.044246599,-0.332664877,-0.134177238
1789388516.617135763,-0.110768277,-0.101136415,0.017702489,0.931909502,-0.048919573,-0.333795279,-0.133163184
1789388516.650473118,-0.113670681,-0.100176262,0.021182498,0.931462407,-0.053228747,-0.334507585,-0.132850409
1789388516.683813095,-0.116901453,-0.098709844,0.024611659,0.930590510,-0.056922849,-0.335853755,-0.134027451
1789388516.717152834,-0.119465043,-0.097800474,0.027370839,0.929919660,-0.060732525,-0.336256981,-0.135986105
1789388516.750492334,-0.122076753,-0.096062189,0.029633634,0.929782271,-0.063268572,-0.334854037,-0.139193803
1789388516.783831358,-0.126730961,-0.094631791,0.032353739,0.929545999,-0.064479917,-0.332641631,-0.145382732
1789388516.817171097,-0.130916557,-0.092854456,0.034358328,0.929003358,-0.065390572,-0.331227541,-0.151542827
1789388516.850511074,-0.134667659,-0.091203608,0.036126745,0.927370429,-0.067051530,-0.332633406,-0.157617182
1789388516.883849859,-0.138855641,-0.089595706,0.038335758,0.925615728,-0.066784702,-0.334406585,-0.164157033
1789388516.917189598,-0.141511860,-0.088393204,0.039887618,0.924687386,-0.067880459,-0.334664285,-0.168360457
1789388516.950529814,-0.144349016,-0.087074239,0.040856516,0.923571408,-0.068244413,-0.336228132,-0.171199292
1789388516.983869553,-0.146939643,-0.085669636,0.041534709,0.922069848,-0.069011167,-0.338920683,-0.173659295
1789388517.017208576,-0.149223350,-0.084421174,0.042641575,0.920686543,-0.070590116,-0.341405392,-0.175487086
1789388517.050548553,-0.151586231,-0.083093549,0.043939833,0.919610620,-0.072134957,-0.343081713,-0.177222550
1789388517.083888769,-0.153506206,-0.082129542,0.045154051,0.919901133,-0.072437055,-0.341001928,-0.179590046
1789388517.117228508,-0.155225030,-0.081352706,0.046083896,0.920848548,-0.071931466,-0.337687135,-0.181194037
1789388517.150567532,-0.156832787,-0.080876530,0.047037436,0.920921683,-0.072377592,-0.336771190,-0.182345852
1789388517.183907747,-0.157928402,-0.080648220,0.047765755,0.920998394,-0.071900308,-0.336053491,-0.183467552
1789388517.217247725,-0.158527058,-0.080452105,0.047999497,0.920982778,-0.069483727,-0.336035371,-0.184507653
1789388517.250586987,-0.158627358,-0.080427905,0.047898906,0.921367526,-0.066868596,-0.335004359,-0.185425609
1789388517.283926964,-0.159168353,-0.080164855,0.048395542,0.921661854,-0.065448619,-0.333531559,-0.187116772
1789388517.317267179,-0.159509810,-0.080079201,0.048892796,0.921452820,-0.065451570,-0.333238631,-0.188660532
1789388517.350607157,-0.160255156,-0.079810283,0.049826622,0.921264946,-0.066883817,-0.333369106,-0.188845187
1789388517.383946419,-0.161189187,-0.079329266,0.050626696,0.921087086,-0.068480082,-0.334171772,-0.187718645
1789388517.417286634,-0.161757615,-0.079059526,0.051273042,0.920587957,-0.069600113,-0.335810274,-0.186829135
1789388517.450626850,-0.162030482,-0.078880491,0.051964762,0.920134246,-0.070835777,-0.337048799,-0.186369017
1789388517.483967066,-0.162483383,-0.078233463,0.052856804,0.920036972,-0.071979702,-0.337281942,-0.185989052
1789388517.517306328,-0.162805959,-0.077694027,0.053612240,0.919437170,-0.073766813,-0.338411182,-0.186203539
1789388517.550646782,-0.162790475,-0.076828473,0.054112976,0.918828547,-0.074671537,-0.339348495,-0.187138900
1789388517.583986998,-0.162871068,-0.075855795,0.055069272,0.918069065,-0.077101499,-0.340547770,-0.187701061
1789388517.617326498,-0.163154960,-0.074888287,0.056048596,0.917400479,-0.078918435,-0.341686815,-0.188144565
1789388517.650666714,-0.163238465,-0.074019160,0.056032859,0.916979849,-0.078897722,-0.342524856,-0.188679397
1789388517.684007406,-0.163107366,-0.073580529,0.056312490,0.916434705,-0.079708152,-0.343853146,-0.188571334
1789388517.717348099,-0.162723045,-0.073510628,0.056553340,0.916084766,-0.080477498,-0.344659954,-0.188471839
1789388517.750687838,-0.162623013,-0.072851850,0.056770393,0.915987432,-0.080027901,-0.345302314,-0.187959850
1789388517.784028530,-0.162606518,-0.072764288,0.057144377,0.915823638,-0.081265129,-0.345542550,-0.187785536
1789388517.817369223,-0.162472465,-0.072402812,0.057088848,0.916234672,-0.081811577,-0.344477326,-0.187500238
1789388517.850708961,-0.162265222,-0.072006643,0.057202598,0.916425288,-0.081546016,-0.344226182,-0.187145039
1789388517.884049892,-0.161772347,-0.071956396,0.057207562,0.916432321,-0.081043787,-0.344319850,-0.187156692
1789388517.917390585,-0.161892689,-0.071869759,0.057534689,0.916309237,-0.080651432,-0.344528258,-0.187544480
1789388517.950731516,-0.162035425,-0.071873203,0.057482438,0.916346312,-0.080022499,-0.343933910,-0.188720435
1789388517.984071255,-0.162397460,-0.071598429,0.057589385,0.916537523,-0.079548374,-0.342585027,-0.190437883
1789388518.017412424,-0.162812267,-0.071542744,0.057575249,0.916639864,-0.078945309,-0.341751248,-0.191690341
1789388518.050753117,-0.162783404,-0.071437490,0.056970559,0.916586995,-0.077614799,-0.341939300,-0.192150488
1789388518.084094048,-0.162644805,-0.071615138,0.056745474,0.916214705,-0.077734493,-0.342865258,-0.192227647
1789388518.117434025,-0.162646890,-0.071321516,0.056300337,0.916573107,-0.078387782,-0.341937542,-0.191905975
1789388518.150775194,-0.162236661,-0.070874166,0.055562469,0.917551637,-0.078926824,-0.339054734,-0.192123219
1789388518.184115887,-0.161041959,-0.070380452,0.054320476,0.919313967,-0.077415623,-0.334197849,-0.192822188
1789388518.217456102,-0.159196636,-0.070419218,0.052669398,0.920569539,-0.076845005,-0.330625772,-0.193217933
1789388518.250797033,-0.156740997,-0.070422329,0.050158698,0.920416653,-0.075470917,-0.330068290,-0.195428357
1789388518.284138203,-0.154265274,-0.070995872,0.046924310,0.920746744,-0.073764861,-0.327401906,-0.198978022
1789388518.317479134,-0.151206337,-0.070987103,0.044236893,0.921507239,-0.070812047,-0.325590402,-0.199501902
1789388518.350819588,-0.147179295,-0.072218281,0.041160629,0.921852410,-0.068496644,-0.325723171,-0.198496595
1789388518.384160757,-0.142546890,-0.073746589,0.037453739,0.922109067,-0.066203944,-0.325887889,-0.197810784
1789388518.417501688,-0.138019988,-0.075033606,0.034179809,0.923219919,-0.064834587,-0.323954910,-0.196251735
1789388518.450843096,-0.133120058,-0.076652265,0.031185169,0.924704075,-0.063274249,-0.320834816,-0.194894567
1789388518.484183073,-0.127586838,-0.078069505,0.027966870,0.926451623,-0.061024148,-0.317320764,-0.193057060
1789388518.517524481,-0.122334759,-0.079344944,0.024951945,0.928153813,-0.059387151,-0.314294100,-0.190323249
1789388518.550865650,-0.116565111,-0.081525245,0.022932669,0.928888381,-0.059281617,-0.313484848,-0.188093871
1789388518.584206104,-0.111053533,-0.082965916,0.020451046,0.929614246,-0.059646975,-0.312825799,-0.185471460
1789388518.617547274,-0.105661459,-0.084339856,0.018535695,0.930011153,-0.060403273,-0.312549531,-0.183694258
1789388518.650888681,-0.099933601,-0.085413485,0.015791655,0.930956900,-0.060446631,-0.311273247,-0.181037441
1789388518.684227467,-0.094289850,-0.086498810,0.013288191,0.931781352,-0.059812479,-0.310311854,-0.178640932
1789388518.717565536,-0.088821589,-0.087316244,0.012020815,0.931821465,-0.058662139,-0.310939878,-0.177718967
1789388518.750904322,-0.084014598,-0.087926984,0.010766303,0.931844592,-0.057247922,-0.310506880,-0.178812370
1789388518.784243107,-0.080300713,-0.089101091,0.008814307,0.932193756,-0.057204600,-0.308519155,-0.180439502
1789388518.817582130,-0.075833262,-0.089900118,0.007133746,0.932394087,-0.056650694,-0.306950033,-0.182245955
1789388518.850919962,-0.071910222,-0.091203834,0.005646549,0.932209790,-0.056196738,-0.305548698,-0.185652584
1789388518.884258747,-0.067827172,-0.092732760,0.003289932,0.931885958,-0.056967847,-0.304677486,-0.188454062
1789388518.917598009,-0.063201710,-0.095120658,0.002450232,0.932416558,-0.056708917,-0.304349422,-0.186426908
1789388518.950935841,-0.058448094,-0.097804235,0.002067965,0.933861136,-0.055841260,-0.301619738,-0.183876947
1789388518.984274626,-0.053263358,-0.100982772,0.004827747,0.933608294,-0.057415515,-0.302249521,-0.183641732
1789388519.017613888,-0.046236131,-0.106067562,0.005712604,0.934875965,-0.062109869,-0.300391763,-0.178645462
1789388519.050952673,-0.038397591,-0.111434770,0.008102723,0.938387811,-0.064646743,-0.295481384,-0.167152122
1789388519.084290504,-0.030107739,-0.116653258,0.011638837,0.942682028,-0.064203016,-0.288696289,-0.154541358
1789388519.117629528,-0.020893772,-0.122824259,0.013945817,0.945782721,-0.062254544,-0.283807755,-0.145164058
1789388519.150968552,-0.016826344,-0.126119248,0.015228378,0.949102461,-0.057366863,-0.278006285,-0.136477917
1789388519.184306622,-0.010034629,-0.131423412,0.018116245,0.950833797,-0.055786282,-0.275256664,-0.130525246
1789388519.217645407,-0.004278079,-0.136269291,0.020255969,0.954171419,-0.050546035,-0.266420722,-0.126578063
1789388519.250984669,0.001002726,-0.140741057,0.023683155,0.956385314,-0.047617380,-0.260969609,-0.122289412
1789388519.284323692,0.005735332,-0.144753733,0.026412850,0.957720876,-0.045996781,-0.258310318,-0.118029408
1789388519.317661524,0.009836853,-0.148376370,0.030107608,0.958591282,-0.045665726,-0.256463021,-0.115083449
1789388519.351000786,0.013401874,-0.151312935,0.033010995,0.959697664,-0.046125419,-0.253114253,-0.113075145
1789388519.384339809,0.017986832,-0.154757902,0.036741922,0.960149944,-0.048244622,-0.252108902,-0.110569417
1789388519.417678595,0.021931937,-0.157458834,0.041115679,0.960273921,-0.051108323,-0.252011478,-0.108407177
1789388519.451016903,0.024904927,-0.159485406,0.045793696,0.960938394,-0.054864392,-0.249484107,-0.106513306
1789388519.484355927,0.028277030,-0.160630859,0.049330325,0.961901665,-0.056680661,-0.245471939,-0.106188662
1789388519.517694950,0.030821461,-0.161106036,0.052934076,0.962955832,-0.056607734,-0.241536483,-0.105696350
1789388519.551033258,0.034818082,-0.162553198,0.056886555,0.963579535,-0.057005730,-0.239431351,-0.104582489
1789388519.584372282,0.038662490,-0.164171517,0.061821989,0.963826954,-0.057279274,-0.238666117,-0.103899732
1789388519.617711544,0.040935860,-0.164383585,0.065524252,0.964324415,-0.055479981,-0.237739623,-0.102373794
1789388519.651050568,0.043198715,-0.165699218,0.070036298,0.964422464,-0.055681139,-0.238852814,-0.098682992
1789388519.684388161,0.045581667,-0.166751076,0.074486374,0.964102328,-0.056027025,-0.241488338,-0.095137246
1789388519.717726707,0.046911662,-0.167400098,0.079229599,0.963788867,-0.056202788,-0.243682906,-0.092578784
1789388519.751065493,0.045890832,-0.167298303,0.083573072,0.964036465,-0.056251884,-0.243460625,-0.090534322
1789388519.784404278,0.044234118,-0.167331712,0.088764889,0.963751137,-0.058564447,-0.244281739,-0.089891531
1789388519.817741871,0.041472500,-0.166733303,0.093864813,0.962991655,-0.062220071,-0.246079147,-0.090668142
1789388519.851080656,0.037698871,-0.165881295,0.098657856,0.962282479,-0.067399703,-0.246702805,-0.092777036
1789388519.884419441,0.034604924,-0.165098069,0.103788389,0.961903632,-0.071620718,-0.246276379,-0.094656371
1789388519.917757034,0.031768849,-0.163437315,0.107243479,0.961290061,-0.073516585,-0.247634605,-0.095884569
1789388519.951095819,0.028551224,-0.162005788,0.109843670,0.960370839,-0.075019851,-0.250562221,-0.096325323
1789388519.984434605,0.024732753,-0.160142928,0.111810872,0.959664464,-0.074590214,-0.253423780,-0.096212842
1789388520.017773151,0.021472860,-0.158535160,0.113168811,0.958555341,-0.074786201,-0.257534623,-0.096200787
1789388520.051110983,0.018433538,-0.157556330,0.115332671,0.957510293,-0.076372452,-0.260647357,-0.096975133
1789388520.084449768,0.015133979,-0.156434797,0.117492426,0.956645548,-0.077736273,-0.262891322,-0.098358974
1789388520.117788553,0.010336561,-0.154663243,0.118567720,0.956547558,-0.078825466,-0.262317866,-0.099963062
1789388520.151127338,0.006644907,-0.153858247,0.120278442,0.956015706,-0.081871070,-0.262271971,-0.102686629
1789388520.184465170,0.003809977,-0.152491324,0.122542872,0.955529332,-0.082537644,-0.262575924,-0.105854154
1789388520.217803955,0.000056761,-0.150841713,0.123768209,0.956504285,-0.081377380,-0.258736789,-0.107390031
1789388520.251142740,-0.002955159,-0.149731516,0.125424708,0.957832754,-0.080039307,-0.254229486,-0.107319638
1789388520.284480572,-0.005975433,-0.148251784,0.126568560,0.958069026,-0.079165243,-0.254083306,-0.106199086
1789388520.317819357,-0.009460368,-0.146265261,0.129388276,0.957259297,-0.079222783,-0.257240862,-0.105856799
1789388520.351158142,-0.012154671,-0.144936217,0.131387500,0.956511378,-0.082511567,-0.258530885,-0.106956482
1789388520.384497166,-0.015548316,-0.142808678,0.133798157,0.956557274,-0.085715830,-0.255749822,-0.110648841
1789388520.417834997,-0.018209110,-0.140680258,0.136117862,0.957047701,-0.087815836,-0.251431197,-0.114588968
1789388520.451173544,-0.020921426,-0.138592843,0.138353794,0.957361758,-0.090630949,-0.247594550,-0.118073806
1789388520.484512568,-0.023286121,-0.136085743,0.140388887,0.957101524,-0.092406750,-0.246691570,-0.120668709
1789388520.517850399,-0.025120279,-0.133840033,0.142393269,0.956670642,-0.094216026,-0.247785792,-0.120444201
1789388520.551189184,-0.026645385,-0.130715257,0.144774311,0.955716550,-0.095724940,-0.251619279,-0.118871540
1789388520.584527969,-0.027767491,-0.128958822,0.146725061,0.954388678,-0.099949159,-0.255184054,-0.118463837
1789388520.617866993,-0.029276277,-0.126976200,0.148697152,0.953670204,-0.103475027,-0.256399482,-0.118598089
1789388520.651204824,-0.030521609,-0.124711395,0.150782428,0.952747285,-0.107236810,-0.257876754,-0.119468234
1789388520.684543848,-0.032436140,-0.121566266,0.153192881,0.951990187,-0.109944910,-0.259041488,-0.120516613
1789388520.717882872,-0.033820122,-0.119054416,0.154884433,0.951484323,-0.111660980,-0.259479225,-0.121983320
1789388520.751221895,-0.035600824,-0.117327812,0.156104193,0.950861514,-0.114031658,-0.259708852,-0.124138899
1789388520.784559727,-0.037370465,-0.115124945,0.157144865,0.950403154,-0.115018763,-0.260165870,-0.125770971
1789388520.817898989,-0.038623413,-0.112878558,0.158451601,0.950067639,-0.115806282,-0.261225075,-0.125387102
1789388520.851237774,-0.039180379,-0.111259970,0.159358929,0.949668467,-0.116175599,-0.262826324,-0.124721646
1789388520.884575844,-0.039608484,-0.109993003,0.159774392,0.949783683,-0.115559861,-0.262709409,-0.124661952
1789388520.917915106,-0.039483075,-0.108767688,0.159833096,0.950911939,-0.113187857,-0.259920180,-0.124082483
1789388520.951254129,-0.039187178,-0.107675157,0.159497753,0.951703668,-0.111360662,-0.258165896,-0.123326398
1789388520.984592915,-0.038748647,-0.106721118,0.159429808,0.951371193,-0.112142757,-0.259458452,-0.122466877
1789388521.017931223,-0.038087072,-0.106666433,0.159086771,0.951323450,-0.113361545,-0.258734792,-0.123244919
1789388521.051270247,-0.037592577,-0.104490656,0.158256587,0.952612340,-0.110567838,-0.254461139,-0.124716081
1789388521.084609270,-0.036502152,-0.104936218,0.157087676,0.952961266,-0.111792207,-0.251369625,-0.127203569
1789388521.117948532,-0.035350255,-0.104163889,0.155281596,0.953417063,-0.110025674,-0.249268249,-0.129444078
1789388521.151286602,-0.033082637,-0.104249973,0.152592280,0.953854561,-0.107061349,-0.247302324,-0.132442415
1789388521.184625626,-0.030291768,-0.105694728,0.149055824,0.954729080,-0.103045225,-0.244591877,-0.134346038
1789388521.217965126,-0.027259013,-0.108170009,0.145562125,0.955644846,-0.100212336,-0.243522480,-0.131898850
1789388521.251303196,-0.022835461,-0.110569867,0.140941036,0.956921637,-0.095160946,-0.243032068,-0.127204269
1789388521.284642220,-0.018132209,-0.110181398,0.136571289,0.959075153,-0.086210229,-0.241523638,-0.120037280
1789388521.317981482,-0.013130201,-0.110361024,0.131938617,0.961967945,-0.078492202,-0.236588642,-0.111725591
1789388521.351320744,-0.007118706,-0.111613075,0.127326253,0.964961827,-0.073003404,-0.229651809,-0.103823766
1789388521.384659052,-0.001070956,-0.112154413,0.122447535,0.967913926,-0.067384139,-0.221427798,-0.097836047
1789388521.417998314,0.005735261,-0.110804178,0.117151205,0.971177697,-0.060948540,-0.212295577,-0.089608960
1789388521.451337337,0.012590413,-0.111128366,0.111038403,0.973855436,-0.057856165,-0.203692779,-0.082265027
1789388521.484676838,0.019828163,-0.111209722,0.104145255,0.975956738,-0.052876037,-0.197509333,-0.075516231
1789388521.518014908,0.027174081,-0.112042582,0.097187580,0.977667272,-0.048901670,-0.192556605,-0.068536766
1789388521.551354170,0.033458614,-0.113655002,0.089373560,0.979109406,-0.047010195,-0.187586635,-0.062817030
1789388521.584693670,0.040760686,-0.113064868,0.082600829,0.980576336,-0.043166168,-0.182654381,-0.056956638
1789388521.618031740,0.047495333,-0.113440646,0.075284729,0.982320249,-0.042099733,-0.175321445,-0.050367314
1789388521.651371002,0.054455158,-0.114349059,0.069221330,0.983219385,-0.039370861,-0.172212422,-0.045524564
1789388521.684711218,0.062387059,-0.114027267,0.062230461,0.983981848,-0.034391340,-0.170276269,-0.040037479
1789388521.718050957,0.068101425,-0.114611008,0.055049242,0.985388339,-0.030847745,-0.163535282,-0.036254950
1789388521.751389980,0.075210858,-0.115294932,0.047956627,0.986750782,-0.025879594,-0.156755984,-0.032876167
1789388521.784729958,0.081007687,-0.115693750,0.041029342,0.987696946,-0.021234445,-0.151990816,-0.030045453
1789388521.818069935,0.085519927,-0.116608051,0.034781066,0.988358140,-0.019292895,-0.148110673,-0.028970869
1789388521.851408958,0.089987453,-0.116460351,0.028636687,0.989143670,-0.015821755,-0.143276557,-0.028571844
1789388521.884748936,0.094290162,-0.116175675,0.022823390,0.989919662,-0.012637465,-0.138242707,-0.028078500
1789388521.918088913,0.097769118,-0.116327523,0.017558635,0.990364194,-0.011694660,-0.135241911,-0.027417298
1789388521.951428890,0.101068900,-0.115662006,0.012381223,0.990353107,-0.009002915,-0.135161117,-0.029177612
1789388521.984768152,0.103554466,-0.114983735,0.007537797,0.990559042,-0.005005229,-0.133205980,-0.032000277
1789388522.018108130,0.106733346,-0.113402553,0.003152909,0.991076648,-0.001228049,-0.129254043,-0.032543790
1789388522.051448345,0.109054481,-0.111980762,0.000187040,0.991310060,0.000761773,-0.127335489,-0.033008642
1789388522.084788322,0.110344658,-0.109842735,-0.001550153,0.991556108,0.001315967,-0.125297561,-0.033396285
1789388522.118127346,0.111888327,-0.108353493,-0.001858560,0.991634488,-0.000413956,-0.124572903,-0.033799887
1789388522.151467562,0.113469079,-0.107060092,-0.001501025,0.991652131,-0.002512710,-0.124156363,-0.034713496
1789388522.184807539,0.114605893,-0.105807450,-0.001969859,0.992256999,-0.004648643,-0.119232379,-0.034470674
1789388522.218146801,0.116772375,-0.105248693,-0.000582145,0.992777348,-0.006131995,-0.115362875,-0.032355811
1789388522.251487017,0.118893918,-0.105981693,0.000843244,0.993467033,-0.007393473,-0.110064499,-0.029232839
1789388522.284827232,0.121143937,-0.107115766,0.001474334,0.994718492,-0.007707093,-0.099168792,-0.025323462
1789388522.318167210,0.125279329,-0.107921654,0.003980546,0.995987117,-0.008325246,-0.086251035,-0.022388553
1789388522.351506710,0.129523038,-0.109588362,0.006759097,0.997187376,-0.014460638,-0.070624381,-0.020503296
1789388522.384846687,0.134624451,-0.111520704,0.010853431,0.997849226,-0.020201009,-0.059644800,-0.018202385
1789388522.418186903,0.139991058,-0.113334543,0.013925067,0.998478711,-0.021468548,-0.048545275,-0.014929307
1789388522.451527119,0.146239063,-0.115409245,0.016811861,0.999106050,-0.020745717,-0.035699882,-0.009067982
1789388522.484866381,0.151617523,-0.118671632,0.019537079,0.999476016,-0.022156075,-0.023538027,-0.001659593
1789388522.518206835,0.158044907,-0.119578046,0.022558182,0.999658763,-0.021338467,-0.012632336,0.008219007
1789388522.551546812,0.164514436,-0.121545000,0.026660077,0.999600530,-0.021934453,0.000428066,0.017818913
1789388522.584886312,0.170502125,-0.124191720,0.031418543,0.999253154,-0.024060868,0.014576467,0.026490957
1789388522.618226528,0.176663316,-0.125926244,0.035935067,0.998658955,-0.025224365,0.027655033,0.035766669
1789388522.651566982,0.184959804,-0.127318871,0.040220983,0.997979045,-0.025691690,0.037700798,0.044232085
1789388522.684906960,0.192270885,-0.128535934,0.044923165,0.997142673,-0.026958080,0.049026318,0.050756380
1789388522.718245983,0.198892241,-0.130115322,0.049276446,0.996209979,-0.028893815,0.060097147,0.055849403
1789388522.751586199,0.205327587,-0.132377280,0.053323841,0.995187759,-0.031027213,0.071035728,0.059938751
1789388522.784926414,0.211361989,-0.133477644,0.057577602,0.993953764,-0.031897336,0.082608402,0.064918593
1789388522.818266630,0.216606170,-0.135056000,0.064294133,0.992204785,-0.033181429,0.096806489,0.071114644
1789388522.851605654,0.222344440,-0.135428243,0.068805169,0.990426064,-0.034115981,0.108819060,0.077786230
1789388522.884945869,0.228599064,-0.135887957,0.072462929,0.988836050,-0.035906918,0.118012115,0.083589107
1789388522.918286085,0.234303894,-0.136327995,0.075482639,0.987166882,-0.037484813,0.126988918,0.089276262
1789388522.951625347,0.239358971,-0.137563552,0.078554901,0.986002088,-0.038718905,0.132307351,0.093784273
1789388522.984965563,0.243502766,-0.139173748,0.081289596,0.985199630,-0.039937694,0.135207161,0.097497456
1789388523.018305779,0.246840888,-0.140531859,0.083673878,0.984278381,-0.041580442,0.138977543,0.100759417
1789388523.051645994,0.251192420,-0.141485695,0.086991567,0.983427048,-0.042839680,0.142082483,0.104156777
1789388523.084985256,0.255594543,-0.142101554,0.090140011,0.982566059,-0.044684343,0.145023510,0.107403271
1789388523.118325472,0.259449149,-0.142432974,0.093749844,0.981362998,-0.047306761,0.149437517,0.111162700
1789388523.151665688,0.263266166,-0.143615888,0.096983335,0.980276525,-0.050406836,0.153006017,0.114482634
1789388523.185005188,0.267127842,-0.143943020,0.099578981,0.979193985,-0.052518725,0.156068712,0.118589796
1789388523.218345404,0.270688144,-0.144744717,0.101312807,0.977925181,-0.055780705,0.159744829,0.122607335
1789388523.251685858,0.274431918,-0.144762706,0.104256807,0.976200163,-0.058179624,0.165646195,0.127317399
1789388523.285026073,0.277712185,-0.144930511,0.105832638,0.974645495,-0.060199719,0.170536131,0.131756321
1789388523.318365335,0.280285447,-0.147679423,0.109569772,0.972892046,-0.065450475,0.176852301,0.133868009
1789388523.351705790,0.283534444,-0.147384452,0.111539047,0.971171021,-0.066929124,0.181678191,0.139070019
1789388523.385046244,0.288484063,-0.147972212,0.114257226,0.969631493,-0.069018386,0.186022446,0.142992422
1789388523.418386459,0.291905421,-0.150154920,0.117499959,0.967961788,-0.073100217,0.191104352,0.145552307
1789388523.451725721,0.296438041,-0.151263203,0.120143476,0.966590345,-0.074890390,0.194164142,0.149649084
1789388523.485066175,0.300114805,-0.152192839,0.122190519,0.965234101,-0.075843714,0.197726950,0.153215423
1789388523.518406630,0.302756259,-0.152851446,0.124019681,0.963606000,-0.077323996,0.202796564,0.156070635
1789388523.551746130,0.307639404,-0.153743891,0.126884904,0.961848080,-0.078956716,0.207197279,0.160260409
1789388523.585086346,0.311576773,-0.154893621,0.128971051,0.960185051,-0.080771744,0.211411878,0.163785592
1789388523.618427038,0.315750485,-0.154708160,0.132087650,0.958014071,-0.081351928,0.216994166,0.168832734
1789388523.651767254,0.319304984,-0.155444813,0.134568219,0.956007779,-0.082953371,0.222730935,0.171926573
1789388523.685103416,0.322315210,-0.155790633,0.136879886,0.954442799,-0.083827309,0.227748483,0.173616529
1789388523.718440771,0.325461521,-0.156651549,0.139584256,0.952599406,-0.085932285,0.233042404,0.175673962
1789388523.751777887,0.327605189,-0.157379617,0.142562128,0.951056659,-0.088361777,0.237807393,0.176440343
1789388523.785114765,0.329771940,-0.158306491,0.146359405,0.949847221,-0.091131620,0.241250277,0.176871583
1789388523.818450928,0.331637702,-0.159208080,0.150164344,0.948536873,-0.093960017,0.244737029,0.177632272
1789388523.851788044,0.333436797,-0.160394776,0.155011588,0.947254360,-0.098217510,0.247525111,0.178308383
1789388523.885124922,0.335379671,-0.161063429,0.158816344,0.946729600,-0.102439202,0.247182786,0.179192856
1789388523.918460846,0.337033161,-0.162294623,0.163257205,0.946253657,-0.106632166,0.246195391,0.180614024
1789388523.951798201,0.338798085,-0.162883501,0.167295520,0.945720553,-0.110822998,0.244323716,0.183403790
1789388523.985135078,0.340536747,-0.162953735,0.171394635,0.945404589,-0.116019651,0.241645589,0.185356870
1789388524.018471956,0.342569863,-0.162773572,0.175115370,0.945056975,-0.121860482,0.238617852,0.187293887
1789388524.051808119,0.344435152,-0.163600908,0.182312891,0.943900883,-0.129986137,0.237107441,0.189564690
1789388524.085144997,0.346257802,-0.162999512,0.185858406,0.943004966,-0.135631725,0.235143483,0.192492262
1789388524.118481874,0.348488253,-0.161999771,0.190034782,0.942005217,-0.139872164,0.233699992,0.196077645
1789388524.151818752,0.349744065,-0.161334716,0.194897639,0.941527784,-0.144805655,0.230173469,0.198939815
1789388524.185154676,0.350418060,-0.160763623,0.199854028,0.941341162,-0.150895476,0.225436360,0.200713426
1789388524.218491554,0.351670949,-0.159492466,0.203312997,0.941359341,-0.155857518,0.220706746,0.202088013
1789388524.251828432,0.352018918,-0.158550226,0.207880755,0.940766394,-0.161225826,0.219217762,0.202258497
1789388524.285164356,0.352080985,-0.157531475,0.212842043,0.940428853,-0.166776538,0.217473909,0.201206937
1789388524.318501234,0.352315436,-0.156512779,0.218194326,0.940161467,-0.172299609,0.215599328,0.199815631
1789388524.351837873,0.353009374,-0.155125826,0.221604746,0.940024376,-0.176565975,0.213194236,0.199315771
1789388524.385174751,0.353886055,-0.154435390,0.225694705,0.939658523,-0.181752920,0.209508568,0.200284719
1789388524.418510437,0.354596950,-0.153243053,0.230098654,0.939761579,-0.185608596,0.204294696,0.201646537
1789388524.451847315,0.355348400,-0.151900093,0.234537334,0.939412892,-0.189067274,0.200553730,0.203801930
1789388524.485184193,0.357463829,-0.149838490,0.237819643,0.939314961,-0.192143857,0.194624752,0.207097694
1789388524.518519878,0.358801072,-0.148633409,0.242741280,0.938106954,-0.197951287,0.190982819,0.210467026
1789388524.551856756,0.360548309,-0.147498722,0.247150086,0.936570764,-0.203977570,0.189207107,0.213140726
1789388524.585193396,0.362436357,-0.146027845,0.250972777,0.935034871,-0.208343968,0.188820854,0.215984315
1789388524.618530035,0.364583873,-0.144430426,0.254652550,0.933502376,-0.213324279,0.186858714,0.219430909
1789388524.651865721,0.366545917,-0.142940152,0.258355877,0.932107389,-0.218552232,0.185094923,0.221699730
1789388524.685202599,0.368573080,-0.141386522,0.261002274,0.930855513,-0.222298965,0.184912369,0.223380029
1789388524.718539476,0.370752875,-0.139834224,0.264495329,0.928994954,-0.226760387,0.185415953,0.226205647
1789388524.751876354,0.371944879,-0.137773760,0.267537428,0.927610397,-0.229763880,0.185836121,0.228500769
1789388524.785212040,0.373710190,-0.135755376,0.270792399,0.925826311,-0.233634919,0.187199354,0.230687812
1789388524.818549156,0.375602558,-0.134231780,0.273273785,0.923901260,-0.237666085,0.188928038,0.232868224
1789388524.851886034,0.377346507,-0.132856529,0.275193856,0.922653973,-0.240534917,0.189466193,0.234425396
1789388524.885221720,0.378602512,-0.131896171,0.276800710,0.921549857,-0.244092792,0.189207450,0.235297874
1789388524.918558598,0.379505713,-0.130520888,0.279093379,0.920428455,-0.246555552,0.189772472,0.236660644
1789388524.951895237,0.380141904,-0.129658306,0.280535565,0.919733286,-0.248168692,0.188560888,0.238637581
1789388524.985232115,0.379979859,-0.128397282,0.282706699,0.919245064,-0.249424562,0.188182279,0.239506766
1789388525.018567801,0.379440981,-0.126610189,0.285004011,0.919130385,-0.250443101,0.187729105,0.239239439
1789388525.051904440,0.379214418,-0.125991901,0.286164465,0.919573426,-0.252565533,0.183879822,0.238293245
1789388525.085241318,0.378359830,-0.124585605,0.288368761,0.919998109,-0.253839642,0.183114797,0.235876769
1789388525.118577957,0.377203588,-0.123614749,0.290097880,0.920854926,-0.255508751,0.183487937,0.230377465
1789388525.151913643,0.375940189,-0.123198889,0.290821326,0.922374427,-0.255616128,0.183728173,0.223896563
1789388525.185250282,0.374930992,-0.122890120,0.292060676,0.923372447,-0.256174386,0.183369294,0.219393894
1789388525.218586922,0.373113414,-0.121483277,0.293707913,0.923640788,-0.256692529,0.183821157,0.217270374
1789388525.251922607,0.373156096,-0.120428012,0.294634625,0.923028290,-0.260136366,0.180124179,0.218867987
1789388525.285259008,0.373452636,-0.119326552,0.296095316,0.921841323,-0.263904452,0.177363664,0.221597031
1789388525.318595648,0.373816358,-0.117024406,0.296441673,0.921591759,-0.265397042,0.172807887,0.224433780
1789388525.351932287,0.374691706,-0.115716584,0.297702858,0.921082020,-0.268766493,0.167534798,0.226504937
1789388525.385267735,0.374542555,-0.114312706,0.298633332,0.921217680,-0.269978285,0.164607912,0.226658016
1789388525.418604136,0.373779564,-0.112646386,0.299373155,0.921908021,-0.268860877,0.162730664,0.226535097
1789388525.451941013,0.373517454,-0.111654424,0.299813365,0.922423899,-0.267933309,0.159745574,0.227655992
1789388525.485277414,0.373369464,-0.110582923,0.300189896,0.922547281,-0.267525643,0.158074141,0.228799567
1789388525.518612862,0.373268884,-0.109618224,0.301069994,0.921869576,-0.269720703,0.156889722,0.229767010
1789388525.551949263,0.372710148,-0.108205094,0.301874141,0.921568394,-0.270994276,0.154857665,0.230852902
1789388525.585285664,0.372002390,-0.106273525,0.302355937,0.922046363,-0.269961089,0.151107147,0.232632905
1789388525.618621111,0.371483672,-0.105722150,0.303542181,0.921368778,-0.273761541,0.146732256,0.233674839
1789388525.651957512,0.370943462,-0.104355840,0.303565112,0.922033727,-0.273404509,0.143576220,0.233430117
1789388525.685295105,0.370649501,-0.104466489,0.304538720,0.921206355,-0.276554465,0.143178299,0.233230650
1789388525.718632698,0.370309119,-0.103874602,0.304631756,0.921160996,-0.277478784,0.143868193,0.231883436
1789388525.751969337,0.369483588,-0.103674022,0.304801775,0.920939147,-0.279000551,0.146562561,0.229236215
1789388525.785306931,0.368999900,-0.103516243,0.304457654,0.921330869,-0.278914750,0.146747917,0.227642238
1789388525.818644285,0.368275551,-0.103567210,0.303764081,0.922018409,-0.277336925,0.145886034,0.227340221
1789388525.851980686,0.367721544,-0.104445395,0.302800273,0.922881663,-0.276027411,0.143036559,0.227241859
1789388525.885318279,0.367858918,-0.105109847,0.300654499,0.923931360,-0.272856236,0.141787574,0.227588952
1789388525.918655872,0.367759369,-0.105017573,0.297228369,0.924946547,-0.266486883,0.146508470,0.228022158
1789388525.951993227,0.367769771,-0.106652463,0.294249326,0.925319433,-0.263915986,0.151630148,0.226143077
1789388525.985329628,0.367863388,-0.108671653,0.291857625,0.924980700,-0.262470305,0.156424955,0.225945503
1789388526.018666983,0.367695281,-0.110809100,0.289122209,0.925038874,-0.261368364,0.161855996,0.223141953
1789388526.052004337,0.368367449,-0.112962170,0.285062704,0.926064670,-0.258895844,0.164638057,0.219707936
1789388526.085341692,0.368131043,-0.115223387,0.281007776,0.926903903,-0.256058872,0.171388835,0.214263901
1789388526.118678331,0.369113504,-0.115117036,0.274501271,0.929201424,-0.247305781,0.182113260,0.205570772
1789388526.152015686,0.368904435,-0.114353068,0.268516730,0.930437744,-0.236303762,0.200177118,0.195896521
1789388526.185353041,0.370129751,-0.114476912,0.261853337,0.931442797,-0.226365402,0.212155804,0.190165758
1789388526.218689203,0.370987391,-0.117035699,0.255529617,0.932350039,-0.217178628,0.219340965,0.188272253
1789388526.252026558,0.372714790,-0.118286483,0.249070029,0.935039341,-0.205215007,0.221413866,0.185914278
1789388526.285363913,0.371753562,-0.118728777,0.244358815,0.936490893,-0.193791434,0.228760034,0.181929946
1789388526.318701267,0.371198953,-0.121218287,0.239408938,0.936530590,-0.187489748,0.236742362,0.178075880
1789388526.352037668,0.372569765,-0.123710923,0.233597576,0.937076211,-0.182934195,0.240613848,0.174723417
1789388526.385374784,0.373241331,-0.123421787,0.228414560,0.938264370,-0.173578069,0.244001836,0.173186898
1789388526.418711901,0.373227276,-0.123813889,0.222835026,0.937948823,-0.166115507,0.249235898,0.174754605
1789388526.452049255,0.373017992,-0.124496781,0.219369287,0.936637700,-0.160973951,0.256323129,0.176339537
1789388526.485385418,0.373993577,-0.126277018,0.215118636,0.935236633,-0.158647850,0.261803985,0.177825719
1789388526.518722773,0.375483839,-0.130648676,0.210032246,0.932857513,-0.161294311,0.268048078,0.178637013
1789388526.552059889,0.376166882,-0.131697719,0.206716603,0.931510985,-0.156730473,0.274861842,0.179370821
1789388526.585396051,0.377371179,-0.132838229,0.203105840,0.931671500,-0.155784503,0.274302423,0.180215523
1789388526.618733168,0.378515772,-0.134186121,0.199431548,0.931398928,-0.152393222,0.277125806,0.180204660
1789388526.652070284,0.379353640,-0.135331951,0.196271655,0.930561602,-0.148958609,0.281593919,0.180475563
1789388526.685408115,0.379896214,-0.136918764,0.193404948,0.929151535,-0.146294340,0.287252873,0.181000590
1789388526.718744755,0.381175903,-0.137855589,0.190091176,0.927814841,-0.142689779,0.292105466,0.182958260
1789388526.752082825,0.383417035,-0.139410132,0.186495693,0.926194966,-0.140462250,0.296290964,0.186131433
1789388526.785420418,0.384708716,-0.140888478,0.183702444,0.924260139,-0.137973770,0.300907224,0.190161079
1789388526.818758011,0.385911380,-0.142193849,0.181275239,0.922386587,-0.135149509,0.304546952,0.195419505
1789388526.852094650,0.388947654,-0.143530040,0.178171868,0.920167863,-0.133198842,0.308278441,0.201280057
1789388526.885432482,0.391197599,-0.144321292,0.176232530,0.916606188,-0.130690366,0.316354275,0.206574872
1789388526.918770075,0.394199400,-0.146775727,0.173439893,0.913079202,-0.130922586,0.323232144,0.211344868
1789388526.952106714,0.396844788,-0.147833560,0.172221498,0.910095870,-0.130367726,0.328302652,0.216673121
1789388526.985444307,0.399414697,-0.149214689,0.171634415,0.906911850,-0.131281197,0.333476186,0.221516922
1789388527.018781900,0.401943944,-0.150874573,0.171542958,0.903139949,-0.133705586,0.339401543,0.226423725
1789388527.052119732,0.404605536,-0.152160774,0.171654241,0.899665892,-0.136383951,0.344351381,0.231133536
1789388527.085456371,0.406589501,-0.152490529,0.172553015,0.896038234,-0.139092088,0.350814730,0.233875841
1789388527.118793964,0.410472325,-0.153289378,0.172645461,0.892030656,-0.143409163,0.357076436,0.237089813
1789388527.152131319,0.411987776,-0.154209622,0.173821840,0.888846338,-0.146043718,0.363188833,0.238154262
1789388527.185467958,0.413616572,-0.154080050,0.175165391,0.887092590,-0.146458358,0.366116583,0.239948779
1789388527.218805552,0.416215151,-0.154492418,0.176258953,0.885350227,-0.148614064,0.368023098,0.242131889
1789388527.252143145,0.418236125,-0.155911920,0.177771148,0.883937836,-0.151774824,0.369280070,0.243414611
1789388527.285480738,0.420289421,-0.155883057,0.180185534,0.882992029,-0.152807623,0.370369583,0.244542986
1789388527.318817139,0.423097886,-0.156634980,0.182420348,0.881826937,-0.155348703,0.372334450,0.244162068
1789388527.352154493,0.425657737,-0.156243297,0.184190709,0.880458117,-0.155463636,0.374608576,0.245546326
1789388527.385492086,0.427381312,-0.155907288,0.186591846,0.879823387,-0.155606419,0.375140339,0.246915296
1789388527.418829679,0.429521563,-0.156481423,0.188590898,0.879071474,-0.156330198,0.376022100,0.247793198
1789388527.452166080,0.433981434,-0.158272126,0.190177313,0.877830625,-0.159710601,0.377211601,0.248228490
1789388527.485503435,0.435775844,-0.158251300,0.192548491,0.876432359,-0.159933716,0.380858868,0.247455001
1789388527.518840790,0.439385468,-0.160031118,0.194138646,0.875555098,-0.161910921,0.382599324,0.246588632
1789388527.552177191,0.443007729,-0.159703416,0.195821387,0.874814868,-0.161732420,0.383787125,0.247485518
1789388527.585514545,0.446362808,-0.160057789,0.198326305,0.873260200,-0.162805229,0.386022896,0.248792022
1789388527.618852139,0.450206690,-0.160270211,0.200892626,0.872502387,-0.164258584,0.386051804,0.250445306
1789388527.652189493,0.454410167,-0.158996260,0.202972443,0.871878505,-0.164318502,0.385388404,0.253580391
1789388527.685526133,0.456959100,-0.157253548,0.204644738,0.870422125,-0.164365917,0.386511594,0.256823093
1789388527.718863726,0.460942590,-0.157025351,0.207372223,0.868512750,-0.166323379,0.389068902,0.258162022
1789388527.752201557,0.465169794,-0.156206665,0.209605640,0.866997242,-0.167987958,0.390717119,0.259684563
1789388527.785539389,0.469494526,-0.156058492,0.211934028,0.864295363,-0.170754239,0.392766714,0.263762742
1789388527.818876028,0.474504751,-0.155249982,0.213979544,0.862350523,-0.172373936,0.392869264,0.268872529
1789388527.852213621,0.478459485,-0.154693911,0.215904215,0.860066772,-0.174807832,0.393435687,0.273743957
1789388527.885551214,0.483338956,-0.154496974,0.218700472,0.856696248,-0.179170921,0.395630419,0.278290987
1789388527.918887615,0.487569899,-0.153650467,0.220315879,0.853579819,-0.180757105,0.398502827,0.282707930
1789388527.952225447,0.491338990,-0.153460751,0.222006894,0.851004660,-0.181912497,0.401373953,0.285653651
1789388527.985563040,0.494621901,-0.152825001,0.223261417,0.848584414,-0.182607561,0.404099256,0.288553089
1789388528.018900633,0.498997180,-0.152848093,0.225417314,0.846000910,-0.184513733,0.406763613,0.291170955
1789388528.052237272,0.501465908,-0.152117855,0.226732958,0.844743192,-0.185932189,0.407514066,0.292866200
1789388528.085574865,0.505782000,-0.152116233,0.229467707,0.842737556,-0.189356729,0.408346325,0.295280695
1789388528.118912697,0.510438819,-0.151445559,0.232324699,0.840206981,-0.193131968,0.409295529,0.298712820
1789388528.152250290,0.513724910,-0.150346678,0.233719368,0.837961912,-0.195235312,0.409928501,0.302757055
1789388528.185586929,0.517474186,-0.149565118,0.235400303,0.835602820,-0.198049963,0.410733968,0.306335896
1789388528.218924522,0.521942223,-0.148943864,0.237370256,0.833149731,-0.201211810,0.411414355,0.310022086
1789388528.252261877,0.524920299,-0.147971256,0.238731377,0.831814289,-0.202757850,0.411134362,0.312958270
1789388528.285598516,0.528393409,-0.146921558,0.240488779,0.830208063,-0.205365449,0.410351753,0.316529542
1789388528.318936348,0.533366797,-0.146173407,0.243411771,0.828188717,-0.209274992,0.408107698,0.322111249
1789388528.352273941,0.536078980,-0.145121882,0.244992792,0.827281058,-0.211752281,0.404501528,0.327330798
1789388528.385611534,0.538565244,-0.144367542,0.246871686,0.826089621,-0.213861793,0.402302951,0.331649423
1789388528.418947935,0.540695179,-0.143485606,0.248906715,0.825182199,-0.216585413,0.401482612,0.333131820
1789388528.452285528,0.542482670,-0.142693409,0.250944473,0.824258924,-0.219728544,0.401626468,0.333185762
1789388528.485623360,0.543851591,-0.142087230,0.253391881,0.823822856,-0.222277328,0.401205808,0.333080322
1789388528.518959761,0.544555266,-0.141538037,0.255689428,0.824030697,-0.226500794,0.399694264,0.331534952
1789388528.552297354,0.545677422,-0.140801728,0.257833720,0.823697865,-0.230193377,0.398212343,0.331601679
1789388528.585634947,0.546610583,-0.140213764,0.260450330,0.824707806,-0.233022794,0.394767553,0.331234097
1789388528.618972540,0.547224250,-0.139525746,0.263437453,0.826003015,-0.235106766,0.392940551,0.328696758
1789388528.652309179,0.548012558,-0.138552128,0.265478092,0.826171815,-0.236972198,0.393199593,0.326616645
1789388528.685646534,0.548636714,-0.137886569,0.268123393,0.825743496,-0.239377469,0.394073814,0.324887663
1789388528.718983889,0.549413632,-0.136781638,0.270046859,0.826267183,-0.240882501,0.393558234,0.323063850
1789388528.752321482,0.550327234,-0.135204646,0.271680556,0.826163232,-0.243153676,0.393336117,0.321896642
1789388528.785657883,0.550946017,-0.133399361,0.273536905,0.825567722,-0.245785728,0.392854989,0.322012961
1789388528.818995476,0.551797338,-0.131602006,0.274735872,0.825739384,-0.248349756,0.389917433,0.323173672
1789388528.852332830,0.552662457,-0.129727164,0.275292115,0.825572968,-0.250305504,0.387285799,0.325248063
1789388528.885669231,0.552605848,-0.127997454,0.276645627,0.824571967,-0.253422856,0.386651039,0.326127201
1789388528.919006586,0.552265552,-0.126269571,0.278291316,0.823941886,-0.257084399,0.384571731,0.327310324
1789388528.952343702,0.552427812,-0.124096438,0.279715213,0.823715270,-0.260503471,0.381308019,0.328991383
1789388528.985681057,0.551904151,-0.122516029,0.281263417,0.822601318,-0.264270455,0.380572736,0.329625040
1789388529.019017696,0.552101529,-0.120567395,0.281749813,0.822957873,-0.266120076,0.377771944,0.330467790
1789388529.052355051,0.552419903,-0.119577841,0.282732339,0.822625220,-0.269074291,0.376116157,0.330792189
1789388529.085692406,0.552426179,-0.118901536,0.283563501,0.821514845,-0.271860778,0.376992136,0.330275863
1789388529.119029760,0.552628629,-0.117967409,0.283829694,0.821311235,-0.272843450,0.376789063,0.330203384
1789388529.152366161,0.552709136,-0.117595316,0.284397306,0.820873499,-0.274150312,0.376773298,0.330227524
1789388529.185703278,0.552934410,-0.116908061,0.284507901,0.820649922,-0.274461538,0.376668632,0.330643892
1789388529.219040871,0.553089879,-0.116590396,0.284793802,0.819994748,-0.275304645,0.376848400,0.331362695
1789388529.252377272,0.553032325,-0.115949778,0.284667368,0.820329309,-0.274741799,0.376056045,0.331901580
1789388529.285714388,0.553082314,-0.115762651,0.284709147,0.819521606,-0.275739878,0.376410604,0.332666367
1789388529.319051743,0.553208856,-0.115117369,0.284645017,0.818810940,-0.276310533,0.377381623,0.332842648
1789388529.352389097,0.552289407,-0.114959815,0.284648928,0.817860186,-0.276642084,0.381272644,0.330461770
1789388529.385725260,0.551741761,-0.114397351,0.284482305,0.817217231,-0.276277959,0.384223461,0.328935981
1789388529.419062853,0.551642170,-0.114305700,0.283755979,0.817232609,-0.275614679,0.384062320,0.329641521
1789388529.452400208,0.551430693,-0.114079051,0.282664103,0.818014443,-0.273545772,0.382936776,0.330733120
1789388529.485737324,0.550755603,-0.114012191,0.281762106,0.818587184,-0.271504104,0.382953405,0.330979317
1789388529.519073725,0.549972496,-0.114480587,0.280688584,0.819183588,-0.269579679,0.382994354,0.331029326
1789388529.552410841,0.549496417,-0.115316542,0.279479710,0.820016980,-0.268229723,0.381956875,0.331261158
1789388529.585748196,0.548609764,-0.115791675,0.277978121,0.820630193,-0.265832365,0.382192522,0.331403226
1789388529.619084358,0.547558787,-0.116931229,0.276400452,0.821528435,-0.263506979,0.381289244,0.332074821
1789388529.652421713,0.545893240,-0.118199367,0.274964348,0.822344422,-0.260678977,0.382261008,0.331168771
1789388529.685761213,0.544456878,-0.120346463,0.272946405,0.822690070,-0.259597957,0.384999037,0.327972323
1789388529.719100714,0.541612006,-0.122043828,0.270554768,0.825082779,-0.254818141,0.388195783,0.321885437
1789388529.752439260,0.538477731,-0.123796878,0.268258467,0.828949034,-0.248485312,0.388133317,0.316940248
1789388529.785778761,0.535489297,-0.126691556,0.265417163,0.832475066,-0.243693858,0.387028188,0.312742352
1789388529.819118500,0.531989623,-0.128113616,0.262385359,0.835477054,-0.235949904,0.387632966,0.309913695
1789388529.852457047,0.528172262,-0.129884622,0.259536125,0.838946819,-0.229170933,0.387366921,0.305934429
1789388529.885796547,0.524778713,-0.132583437,0.256335419,0.842361391,-0.224493474,0.385030538,0.302954584
1789388529.919136286,0.520893525,-0.134011772,0.252642365,0.845662951,-0.217314601,0.382477432,0.302224338
1789388529.952475786,0.517359593,-0.135587141,0.248946990,0.848428488,-0.211393386,0.379910767,0.301910311
1789388529.985814571,0.513909866,-0.137503999,0.244948241,0.850733221,-0.206488073,0.377790213,0.301480144
1789388530.019154072,0.510904883,-0.139111046,0.241383834,0.852434754,-0.201643407,0.376141161,0.302014560
1789388530.052493811,0.507695301,-0.139887147,0.237428133,0.855125725,-0.195476368,0.373685360,0.301510006
1789388530.085833549,0.504450474,-0.140753512,0.233320938,0.857724249,-0.189771965,0.371303052,0.300715506
1789388530.119172096,0.500893890,-0.142162988,0.229677830,0.859757662,-0.185593873,0.369875848,0.299271613
1789388530.152512074,0.496437802,-0.142856067,0.226020946,0.862170875,-0.181181073,0.368360370,0.296893030
1789388530.185851574,0.491871377,-0.143246814,0.222547620,0.864734054,-0.176741928,0.366283029,0.294676423
1789388530.219190359,0.487272628,-0.144084950,0.219467675,0.867584348,-0.173006892,0.364180595,0.291098803
1789388530.252530336,0.481724644,-0.144531608,0.216275244,0.871026039,-0.168147027,0.361835718,0.286557317
1789388530.285869837,0.476246120,-0.144867412,0.214068261,0.873877108,-0.164844915,0.359419227,0.282812357
1789388530.319209814,0.470886272,-0.145338527,0.212118145,0.876639545,-0.163346231,0.355601817,0.279943854
1789388530.352548599,0.465224683,-0.145163371,0.209869985,0.880537808,-0.162121266,0.350280166,0.275088489
1789388530.385888338,0.459337133,-0.141945945,0.207682366,0.885057032,-0.159054369,0.344568878,0.269533247
1789388530.419228315,0.453170280,-0.141028312,0.205905300,0.888661027,-0.157770336,0.340090424,0.264061809
1789388530.452568054,0.446254534,-0.140200675,0.203799414,0.892434895,-0.155205697,0.336605877,0.257230908
1789388530.485907078,0.439270274,-0.139918385,0.201773561,0.896501124,-0.152551159,0.332397670,0.250051469
1789388530.519246817,0.431912964,-0.139182892,0.199429313,0.900686741,-0.148389503,0.327301890,0.244167000
1789388530.552587032,0.424811961,-0.139108467,0.197526822,0.904177845,-0.146708027,0.322716266,0.238314003
1789388530.585925817,0.418352652,-0.139256404,0.195899293,0.907483697,-0.145754591,0.316712797,0.234354213
1789388530.619265556,0.411666736,-0.139181603,0.193797512,0.910951972,-0.143147469,0.310022503,0.231433257
1789388530.652605772,0.404763369,-0.139331947,0.191440218,0.914112210,-0.139609009,0.304138601,0.228927940
1789388530.685943604,0.397637394,-0.140158498,0.188712905,0.917820632,-0.135289624,0.298875481,0.223551884
1789388530.719280481,0.390228805,-0.140944958,0.185368078,0.921408713,-0.129748940,0.294192672,0.218224257
1789388530.752618074,0.383488000,-0.142347213,0.182467027,0.925081134,-0.125233442,0.289059371,0.212099388
1789388530.785956144,0.376545390,-0.143120358,0.179663624,0.928932309,-0.121961325,0.282724559,0.205613628
1789388530.819293976,0.368918061,-0.144628395,0.177095338,0.931901634,-0.122287087,0.277288437,0.199289411
1789388530.852630854,0.365025136,-0.145623128,0.174731231,0.934623003,-0.120532162,0.271404117,0.195682660
1789388530.885968685,0.357160434,-0.146365025,0.171277087,0.937758803,-0.115273975,0.266182542,0.190963909
1789388530.919306755,0.350619306,-0.147681508,0.167501817,0.940971255,-0.110752702,0.259420693,0.187104344
1789388530.952643394,0.343827544,-0.149142123,0.163951799,0.944417000,-0.107091077,0.253300428,0.180130482
1789388530.985981226,0.337313281,-0.150100396,0.160147892,0.947537482,-0.102293923,0.248097122,0.173656493
1789388531.019319057,0.330332352,-0.150613763,0.156534840,0.950747788,-0.097154856,0.242035255,0.167506859
1789388531.052656889,0.324274632,-0.150815536,0.152751650,0.954025269,-0.091363356,0.234581724,0.162665501
1789388531.085993767,0.317526885,-0.151010915,0.148881431,0.956974745,-0.087506905,0.226873279,0.158336416
1789388531.119331598,0.312002692,-0.150232493,0.145819764,0.959740281,-0.084099941,0.218365401,0.155378103
1789388531.152669430,0.306039234,-0.149697957,0.142706239,0.962663352,-0.080991812,0.209742412,0.150757238
1789388531.186006069,0.299370963,-0.149136427,0.140093164,0.965120077,-0.079570435,0.203565463,0.144128293
1789388531.219343901,0.293096867,-0.147920095,0.137560285,0.966987610,-0.078112327,0.199245557,0.138328761
1789388531.252681971,0.286536332,-0.147253322,0.134889398,0.969180465,-0.076682962,0.193201810,0.132219180
1789388531.286019564,0.280449556,-0.145420786,0.132647019,0.971634328,-0.073896356,0.185281128,0.127031848
1789388531.319356441,0.273105055,-0.144329867,0.129507510,0.974043429,-0.071600690,0.176538929,0.122257218
1789388531.352694035,0.269290746,-0.142092958,0.127652656,0.976352453,-0.068482526,0.166791081,0.119276673
1789388531.386031866,0.262363889,-0.140531838,0.125050456,0.978106260,-0.067630827,0.159824148,0.114850014
1789388531.419369698,0.257018204,-0.138813131,0.121963450,0.979642987,-0.067270175,0.153017297,0.111175872
1789388531.452706575,0.252556851,-0.137928391,0.119130464,0.981292069,-0.066984989,0.144750550,0.107825011
1789388531.486044168,0.246293565,-0.136854161,0.115319389,0.983006299,-0.065775611,0.136291295,0.103908516
1789388531.519382000,0.242609752,-0.134128589,0.111694151,0.984640300,-0.063383192,0.126417816,0.102394752
1789388531.552718639,0.238577605,-0.133215523,0.108645132,0.986088932,-0.062273454,0.117353104,0.099894732
1789388531.586056471,0.233742343,-0.130930344,0.105594674,0.987410426,-0.060521789,0.110450767,0.095700338
1789388531.619394302,0.229393583,-0.128896669,0.103106260,0.988334894,-0.059910052,0.105489150,0.092070743
1789388531.652731895,0.225063564,-0.127478736,0.100451750,0.989354193,-0.059696469,0.100147657,0.087093323
1789388531.686068296,0.220418910,-0.125941439,0.097392308,0.990384996,-0.059480894,0.093584172,0.082713947
1789388531.719405413,0.216780401,-0.123203756,0.094306087,0.991348147,-0.057988927,0.086408161,0.079998977
1789388531.752743006,0.212725387,-0.121897557,0.091086200,0.992241859,-0.057499070,0.079380609,0.076476336
1789388531.786080360,0.209819974,-0.121191605,0.087250803,0.993202865,-0.056879617,0.071322486,0.072290756
1789388531.819416523,0.206285441,-0.118834752,0.084442290,0.994028330,-0.054780953,0.064687565,0.068719335
1789388531.852753878,0.202440550,-0.117003946,0.080835212,0.994759977,-0.053452153,0.057543844,0.065454111
1789388531.886090994,0.198330410,-0.115116445,0.077845537,0.995329797,-0.050432336,0.052074552,0.063745961
1789388531.919427395,0.195880144,-0.113308817,0.074375591,0.995893300,-0.047998570,0.047010727,0.060684457
1789388531.952764750,0.191749265,-0.110636781,0.070483192,0.996442199,-0.045538474,0.043115489,0.056306262
1789388531.986102104,0.189341273,-0.109077144,0.065639661,0.997030914,-0.044257697,0.037820976,0.050400805
1789388532.019439220,0.187092318,-0.106545189,0.062998400,0.997377872,-0.041142117,0.033368073,0.049308397
1789388532.052775383,0.184196856,-0.105132564,0.057762096,0.997776389,-0.040051311,0.024518270,0.047296863
1789388532.086112738,0.181910097,-0.101500524,0.054361584,0.998213351,-0.035485070,0.014972451,0.045681961
1789388532.119449854,0.179612893,-0.099597463,0.049978331,0.998498201,-0.033486906,0.009076581,0.042399790
1789388532.152787209,0.179717664,-0.098643166,0.046831859,0.998732030,-0.033100359,0.001081866,0.037914325
1789388532.186123371,0.173335499,-0.093946029,0.043862810,0.998978019,-0.029993754,-0.005567744,0.033351008
1789388532.219460726,0.170789477,-0.091878720,0.040536341,0.999133110,-0.028894393,-0.013836880,0.026585070
1789388532.252797842,0.167519171,-0.088951838,0.037276295,0.999278247,-0.026241506,-0.020227769,0.018581079
1789388532.286134005,0.164277868,-0.085993346,0.033632647,0.999332845,-0.022904808,-0.027055725,0.008795376
1789388532.319471121,0.161912257,-0.083084388,0.030101657,0.999237597,-0.018239876,-0.034516595,-0.000431787
1789388532.352808237,0.158719192,-0.080386642,0.025875351,0.999062240,-0.013418601,-0.040557992,-0.007045668
1789388532.386145592,0.156058288,-0.078444676,0.021604706,0.998615324,-0.009234400,-0.050077513,-0.013207235
1789388532.419481754,0.152879374,-0.076038554,0.017558607,0.998002291,-0.004775974,-0.059548233,-0.020556441
1789388532.452818871,0.149383257,-0.073928461,0.013662250,0.997509420,-0.001851217,-0.064950801,-0.027440215
1789388532.486155987,0.146775179,-0.071156488,0.010238194,0.997091055,0.001813278,-0.068349771,-0.033682171
1789388532.519492149,0.144100295,-0.068712557,0.006867415,0.996753454,0.004319069,-0.070382141,-0.038863476
1789388532.552829266,0.142091905,-0.067305090,0.004051461,0.996521831,0.004342044,-0.071224071,-0.043042246
1789388532.586166620,0.139916644,-0.064544181,0.000574303,0.996298313,0.004769961,-0.072498485,-0.045944039
1789388532.619503498,0.137786988,-0.061553662,-0.002042897,0.996073663,0.004375719,-0.074474141,-0.047662340
1789388532.652839661,0.135284766,-0.058333087,-0.004691172,0.995804965,0.003276664,-0.076968044,-0.049374167
1789388532.686177492,0.134599424,-0.056591251,-0.007613665,0.995371163,0.001214916,-0.081780002,-0.050466899
1789388532.719515085,0.133035424,-0.053998040,-0.009931558,0.995122135,0.001261484,-0.084925808,-0.050179068
1789388532.752852678,0.132411677,-0.051096571,-0.012586394,0.994869888,0.000119296,-0.087938443,-0.050007083
1789388532.786189556,0.131801071,-0.048524179,-0.014851644,0.994642317,-0.002799341,-0.091005564,-0.048957605
1789388532.819527388,0.131301298,-0.046888129,-0.016422735,0.994386911,-0.005476726,-0.094343826,-0.047579668
1789388532.852864981,0.131490530,-0.044572787,-0.018685945,0.994239330,-0.007681016,-0.095761485,-0.047528908
1789388532.886201620,0.131397300,-0.041417930,-0.020747843,0.994194031,-0.008337165,-0.095985584,-0.047910806
1789388532.919539213,0.132182148,-0.040350491,-0.022838375,0.994033575,-0.009006244,-0.098246112,-0.046516981
1789388532.952877283,0.132414836,-0.038912995,-0.025661298,0.993845105,-0.007864249,-0.101450406,-0.043794777
1789388532.986214876,0.133536756,-0.037421787,-0.027896217,0.993596017,-0.005672574,-0.104974106,-0.041415676
1789388533.019551516,0.133914587,-0.036316657,-0.029751964,0.993488491,-0.004751937,-0.106503725,-0.040188629
1789388533.052889109,0.134176740,-0.035273713,-0.031226471,0.993385732,-0.004661440,-0.107598841,-0.039818782
1789388533.086226702,0.134868766,-0.035306358,-0.032113054,0.993178487,-0.006097535,-0.109155796,-0.040551297
1789388533.119564772,0.134451240,-0.034670747,-0.032344820,0.993018150,-0.007802165,-0.109560348,-0.043018356
1789388533.152901411,0.133720476,-0.033613680,-0.033197780,0.992867172,-0.008344508,-0.109926485,-0.045401372
1789388533.186239004,0.132258217,-0.033535862,-0.033263144,0.992878437,-0.008106724,-0.108690806,-0.048094027
1789388533.219576597,0.131821714,-0.033225810,-0.033301310,0.992745519,-0.006841972,-0.109055236,-0.050166219
1789388533.252913237,0.130963591,-0.033067211,-0.033236704,0.992667735,-0.005832153,-0.109539390,-0.050773773
1789388533.286251068,0.130485104,-0.033373083,-0.032277407,0.992818236,-0.005346355,-0.108365066,-0.050402362
1789388533.319588661,0.130367836,-0.034670202,-0.031176409,0.993247628,-0.006360004,-0.104421817,-0.050148893
1789388533.352926254,0.129305598,-0.034782049,-0.029297712,0.993666768,-0.007540102,-0.099575959,-0.051517546
1789388533.386262894,0.127899399,-0.036285537,-0.027201099,0.993708134,-0.009809301,-0.097754560,-0.053777363
1789388533.419600487,0.126514767,-0.036481580,-0.025017094,0.993640244,-0.009367079,-0.097646810,-0.055285547
1789388533.452938318,0.124663275,-0.037549642,-0.021842074,0.993669748,-0.009298807,-0.097421251,-0.055165399
1789388533.486276150,0.124248124,-0.038641308,-0.018613170,0.993636310,-0.009543569,-0.097505979,-0.055574335
1789388533.519612551,0.121975518,-0.039183640,-0.014568448,0.993893445,-0.009457386,-0.094563790,-0.056073163
1789388533.552950144,0.122195730,-0.041515883,-0.010330442,0.993937254,-0.011712380,-0.094156817,-0.055552177
1789388533.586287737,0.121102684,-0.043566222,-0.005217683,0.994048476,-0.014015289,-0.094352238,-0.052620873
1789388533.619624615,0.120630312,-0.045445733,-0.000799949,0.994044602,-0.016460553,-0.095458128,-0.049922414
1789388533.652962208,0.120296624,-0.047851813,0.003876846,0.994115531,-0.018118840,-0.095748238,-0.047312059
1789388533.686300516,0.121692776,-0.050631425,0.008428259,0.994142532,-0.018713582,-0.096522070,-0.044877168
1789388533.719638586,0.123271379,-0.054013916,0.012637533,0.994142115,-0.020329142,-0.096829981,-0.043497916
1789388533.752975941,0.122790873,-0.055599666,0.017541937,0.994410634,-0.020918986,-0.094932258,-0.041204341
1789388533.786314011,0.123756560,-0.058547438,0.023033088,0.994470537,-0.023100240,-0.095021300,-0.038284581
1789388533.819652319,0.123246610,-0.060630963,0.027638700,0.994595110,-0.024429737,-0.094094604,-0.036469311
1789388533.852989435,0.123978793,-0.062402474,0.032549322,0.994700193,-0.025083853,-0.093436368,-0.034813635
1789388533.886327744,0.125421033,-0.064955775,0.036964222,0.994712889,-0.026154844,-0.093475088,-0.033536073
1789388533.919666052,0.125195125,-0.066307611,0.042112414,0.994843781,-0.025983514,-0.092542827,-0.032351159
1789388533.953004122,0.125232671,-0.067428285,0.046401293,0.994860053,-0.025600346,-0.092722096,-0.031633656
1789388533.986341238,0.124504561,-0.068694612,0.051045023,0.994944811,-0.025580989,-0.092009649,-0.031058675
1789388534.019679785,0.124586487,-0.070229265,0.055959304,0.994963586,-0.027001098,-0.091995917,-0.029244956
1789388534.053017855,0.124090871,-0.071118320,0.061279538,0.994898438,-0.027858298,-0.093194343,-0.026756400
1789388534.086356163,0.124084252,-0.071988032,0.066575051,0.994720638,-0.028862653,-0.094920412,-0.026230149
1789388534.119693279,0.124142107,-0.073095494,0.070899203,0.994745195,-0.030120187,-0.094226040,-0.026386378
1789388534.153031826,0.123912782,-0.074448533,0.074822265,0.994758666,-0.031243073,-0.094118677,-0.024916701
1789388534.186369896,0.123687014,-0.075237899,0.079181749,0.994496465,-0.031619236,-0.097194277,-0.023028946
1789388534.219707251,0.122590593,-0.076133288,0.082494140,0.994394362,-0.032609135,-0.097856976,-0.023250900
1789388534.253045321,0.121349922,-0.076882825,0.085905022,0.994408906,-0.034140553,-0.096850619,-0.024604019
1789388534.286383867,0.120726089,-0.078096273,0.089462680,0.994229436,-0.036375977,-0.097488634,-0.026089936
1789388534.319721937,0.119511916,-0.078480916,0.092389702,0.994135201,-0.036912791,-0.098226212,-0.026158001
1789388534.353059292,0.119295540,-0.078806615,0.096221914,0.993830025,-0.037974034,-0.101137705,-0.025123270
1789388534.386397362,0.117796509,-0.079227117,0.100068374,0.993641376,-0.040623024,-0.101939656,-0.025197633
1789388534.419735909,0.116517131,-0.079716285,0.103172486,0.993584931,-0.042834360,-0.101407886,-0.025898570
1789388534.453074217,0.115682993,-0.079919632,0.106502571,0.993331254,-0.044319816,-0.103246473,-0.025867652
1789388534.486411333,0.114594374,-0.080303502,0.108960026,0.992938399,-0.045102485,-0.106316812,-0.027126646
1789388534.519749641,0.113170198,-0.080502019,0.111441476,0.992648959,-0.044990864,-0.108610682,-0.028767690
1789388534.553088188,0.111884405,-0.080797693,0.114023818,0.992375374,-0.045873202,-0.110490777,-0.029642094
1789388534.586425304,0.109772963,-0.082254327,0.115472022,0.992107511,-0.048520453,-0.110551096,-0.033867069
1789388534.619763613,0.109404910,-0.081063822,0.116902882,0.992083073,-0.046389971,-0.110906415,-0.036317702
1789388534.653102160,0.108984300,-0.080035627,0.119109477,0.992447257,-0.043119345,-0.108515419,-0.037598606
1789388534.686439753,0.108683667,-0.078621202,0.121421070,0.992563009,-0.039910357,-0.108311787,-0.038658258
1789388534.719776630,0.107868677,-0.077716437,0.123755378,0.992475748,-0.038055152,-0.109570183,-0.039218795
1789388534.753114462,0.104541279,-0.083964550,0.127093608,0.991994321,-0.048927657,-0.108197443,-0.042972963
1789388534.786452055,0.105027298,-0.083712670,0.128575188,0.991776109,-0.048224714,-0.110826880,-0.042093605
1789388534.819790125,0.104846716,-0.083338852,0.130605328,0.991618156,-0.048810862,-0.111962028,-0.042137161
1789388534.853126764,0.104696254,-0.082055069,0.132518500,0.991681039,-0.046052027,-0.112962686,-0.041079532
1789388534.886464596,0.103732393,-0.083980561,0.134672979,0.991507828,-0.048710719,-0.113314949,-0.041223407
1789388534.919802189,0.103021133,-0.086430720,0.135997660,0.991316080,-0.051702209,-0.113181874,-0.042535488
1789388534.953139067,0.102713117,-0.086569797,0.137190148,0.991435349,-0.050558075,-0.112182260,-0.043759812
1789388534.986476898,0.102951360,-0.087052404,0.137943188,0.991714299,-0.049561936,-0.109300144,-0.045825627
1789388535.019814730,0.103821927,-0.087867495,0.139135342,0.992100775,-0.048671283,-0.105564900,-0.047152869
1789388535.053152561,0.103952670,-0.088189615,0.138994981,0.992488563,-0.048016984,-0.102007344,-0.047491640
1789388535.086489201,0.104945266,-0.089026967,0.139151267,0.992552340,-0.048202369,-0.102190219,-0.045535915
1789388535.119826794,0.105521033,-0.088829879,0.139338050,0.992528856,-0.047650192,-0.103432745,-0.043791182
1789388535.153164864,0.106081166,-0.088927149,0.138985278,0.992551506,-0.046978597,-0.104435705,-0.041566093
1789388535.186501503,0.106165595,-0.088982200,0.138735289,0.992664158,-0.046357710,-0.104153320,-0.040260240
1789388535.219839334,0.106129296,-0.089179384,0.138383914,0.992597222,-0.046311878,-0.104911424,-0.039996233
1789388535.253176928,0.106257020,-0.089448823,0.137787257,0.992261171,-0.046226598,-0.107957266,-0.040325683
1789388535.286514997,0.105840139,-0.089846953,0.136753623,0.991899252,-0.045898467,-0.111124851,-0.040994462
1789388535.319851637,0.104351509,-0.089902159,0.135688505,0.991484344,-0.045409184,-0.114524379,-0.042201634
1789388535.353189230,0.103048921,-0.089653766,0.134582468,0.990733445,-0.045228943,-0.120794669,-0.042547468
1789388535.386527061,0.101700341,-0.090178658,0.132653843,0.989415824,-0.046261389,-0.130760387,-0.042639509
1789388535.419864655,0.100141252,-0.090080646,0.130774348,0.987951517,-0.044828467,-0.141547531,-0.043663636
1789388535.453201532,0.098011295,-0.089871980,0.128903471,0.986508548,-0.042639002,-0.151543900,-0.044914175
1789388535.486539364,0.094415597,-0.089435573,0.127163026,0.985058844,-0.040587887,-0.160710052,-0.046735011
1789388535.519876957,0.091235416,-0.089053009,0.124173527,0.983498633,-0.037933853,-0.170021310,-0.048829872
1789388535.553213596,0.088554557,-0.089389807,0.121678785,0.981677651,-0.035929170,-0.179672405,-0.052305873
1789388535.586551428,0.085690456,-0.089441914,0.118271159,0.979744852,-0.033319257,-0.189639479,-0.055015851
1789388535.619889259,0.082829284,-0.090227680,0.114640129,0.977233648,-0.032272015,-0.201731488,-0.057247877
1789388535.653226852,0.083510569,-0.089336675,0.113505357,0.972145021,-0.029056918,-0.225560740,-0.056676090
1789388535.686563492,0.081690305,-0.089262336,0.110445464,0.967230976,-0.026672412,-0.246227279,-0.055902172
1789388535.719901323,0.081030914,-0.089255937,0.108057212,0.963189781,-0.023897296,-0.261892468,-0.055738889
1789388535.753238916,0.080223854,-0.089672007,0.105568572,0.958829641,-0.021542015,-0.277484953,-0.056424990
1789388535.786576748,0.079398506,-0.090242993,0.103188336,0.954650640,-0.018918131,-0.291363597,-0.058237333
1789388535.819913387,0.079191473,-0.090344228,0.101398396,0.951507628,-0.015552371,-0.301153421,-0.060812242
1789388535.853250980,0.078677875,-0.090539521,0.099780001,0.949278176,-0.012450164,-0.307805598,-0.063020766
1789388535.886588573,0.078979546,-0.090835169,0.098922255,0.946788073,-0.010570956,-0.315066010,-0.064915508
1789388535.919925213,0.078366614,-0.091494829,0.097073299,0.944706380,-0.009750189,-0.320889443,-0.066820174
1789388535.953263044,0.078773109,-0.091610485,0.096450400,0.941926360,-0.008200000,-0.328696132,-0.068310805
1789388535.986600637,0.079244600,-0.091456155,0.095458224,0.938834906,-0.007125475,-0.336989403,-0.070543885
1789388536.019938469,0.079677331,-0.091297204,0.094636154,0.934989691,-0.006906726,-0.347021073,-0.072958402
1789388536.053274870,0.080026396,-0.090871587,0.093659860,0.930400491,-0.006933747,-0.358460158,-0.076245584
1789388536.086612463,0.079981049,-0.090449773,0.092798545,0.926389635,-0.006903084,-0.367936611,-0.079858288
1789388536.119950294,0.079609343,-0.090091515,0.091700073,0.923530877,-0.007086073,-0.374000996,-0.084639765
1789388536.153287888,0.080624784,-0.089109746,0.092233749,0.920075357,-0.006862085,-0.381426185,-0.089040957
1789388536.186624527,0.080573559,-0.088464884,0.090753125,0.917958736,-0.006523099,-0.385434479,-0.093538716
1789388536.219962120,0.080709052,-0.088259876,0.089501246,0.916068733,-0.005999974,-0.389110386,-0.096825764
1789388536.253299713,0.082141723,-0.087529510,0.089626875,0.911966562,-0.003212651,-0.397914857,-0.099852644
1789388536.286636591,0.083503778,-0.087049895,0.088906431,0.906526685,-0.002406119,-0.409860164,-0.101085581
1789388536.319974184,0.084714313,-0.086027260,0.088344032,0.900355041,-0.001030460,-0.422740042,-0.103202328
1789388536.353311539,0.086221059,-0.086087732,0.088496852,0.894584060,0.000069274,-0.434772521,-0.103403680
1789388536.386649132,0.087953161,-0.085034471,0.087493076,0.890891433,0.003920106,-0.442304164,-0.103267781
1789388536.419985771,0.089471899,-0.084487293,0.086754113,0.889241397,0.007567037,-0.445389658,-0.104022451
1789388536.453323603,0.090592799,-0.084337438,0.085862786,0.887523830,0.011553766,-0.447970152,-0.107194401
1789388536.486660957,0.091083536,-0.084172738,0.084644917,0.885988057,0.014986156,-0.449717849,-0.112046055
1789388536.519997597,0.091154758,-0.084020654,0.083429068,0.884757400,0.017878490,-0.450672746,-0.117383324
1789388536.553335190,0.090787469,-0.083867946,0.081823907,0.883319676,0.020056475,-0.451859087,-0.123156451
1789388536.586672544,0.089821926,-0.083898120,0.080305356,0.881977499,0.020819774,-0.453107476,-0.127968684
1789388536.620010138,0.088690550,-0.083769971,0.078796825,0.881136417,0.021301789,-0.453716934,-0.131475657
1789388536.653347015,0.087606836,-0.083911144,0.077898755,0.880323470,0.020427421,-0.454955250,-0.132774502
1789388536.686684370,0.085957531,-0.083609027,0.076635314,0.879628479,0.018902155,-0.456551135,-0.132126659
1789388536.720021963,0.084644310,-0.083247702,0.075825047,0.878384531,0.017451903,-0.459244251,-0.131266117
1789388536.753359318,0.082735844,-0.082422181,0.074323716,0.877786458,0.015808973,-0.460675091,-0.130458757
1789388536.786695957,0.080814467,-0.080969233,0.072562392,0.876805007,0.014345351,-0.462505996,-0.130749375
1789388536.820033550,0.079205647,-0.079717144,0.071019249,0.875771344,0.012993783,-0.464123607,-0.132079929
1789388536.853371143,0.076212759,-0.077704638,0.068210693,0.875555933,0.012352427,-0.464378774,-0.132670641
1789388536.886707544,0.073104568,-0.076046576,0.064927181,0.874829769,0.012055847,-0.465854913,-0.132313296
1789388536.920044899,0.069599349,-0.074047905,0.061630274,0.873945057,0.013351590,-0.467774063,-0.131260827
1789388536.953382492,0.066111195,-0.072545628,0.058211005,0.873013258,0.013653312,-0.469930202,-0.129719719
1789388536.986720085,0.062447627,-0.071835356,0.054338131,0.872010410,0.011679610,-0.471681178,-0.130301073
1789388537.020056486,0.058743494,-0.071105478,0.051689338,0.870642662,0.010711588,-0.473379701,-0.133335516
1789388537.053394079,0.054274807,-0.070416902,0.047727371,0.869468451,0.010100110,-0.474364072,-0.137482703
1789388537.086731434,0.049316033,-0.069126741,0.042781632,0.868969679,0.009652941,-0.474273682,-0.140935734
1789388537.120068789,0.045333650,-0.068453644,0.039271070,0.867296815,0.009575219,-0.476476341,-0.143787801
1789388537.153405190,0.039758121,-0.066989434,0.034840372,0.866084397,0.010175433,-0.478245586,-0.145174086
1789388537.186742783,0.034102238,-0.065106516,0.030138483,0.864984989,0.009697565,-0.480228603,-0.145215318
1789388537.220080137,0.029430569,-0.063296401,0.027821923,0.863360703,0.007672157,-0.483159333,-0.145280406
1789388537.253416538,0.021211863,-0.060490548,0.021084856,0.862314880,0.003684853,-0.485036165,-0.145393953
1789388537.286754131,0.015869881,-0.057986258,0.017873065,0.861309946,0.000921380,-0.486768067,-0.145606458
1789388537.320091486,0.011572206,-0.056171081,0.014699194,0.861406028,-0.001781535,-0.486796647,-0.144933194
1789388537.353428841,0.007562615,-0.053658296,0.009943119,0.861048400,-0.003047751,-0.487781644,-0.143720224
1789388537.386765242,0.004313001,-0.051243851,0.006820497,0.859951854,-0.003505699,-0.489984691,-0.142778009
1789388537.420102596,0.001247000,-0.049199839,0.004207283,0.859394550,-0.003927910,-0.491265059,-0.141719267
1789388537.453439951,-0.002176686,-0.047441051,0.002306727,0.859238207,-0.004725340,-0.492002815,-0.140073389
1789388537.486777306,-0.005056734,-0.045699381,-0.000195859,0.860128939,-0.005341365,-0.490939260,-0.138305560
1789388537.520113707,-0.007543716,-0.044430381,-0.002187983,0.861641765,-0.006263857,-0.488964349,-0.135824099
1789388537.553451061,-0.009758319,-0.043084692,-0.004421657,0.863120139,-0.006618503,-0.487246722,-0.132553920
1789388537.586788654,-0.011730184,-0.042115001,-0.005835703,0.863967001,-0.006924263,-0.486649811,-0.129170939
1789388537.620124817,-0.013826273,-0.040719371,-0.008711605,0.865025997,-0.007233051,-0.485470057,-0.126477867
1789388537.653462172,-0.015184101,-0.039835982,-0.010181765,0.866245151,-0.008127931,-0.484003812,-0.123667836
1789388537.686805010,-0.016534595,-0.038558474,-0.012822379,0.868687928,-0.008641239,-0.480731964,-0.119178511
1789388537.720147371,-0.017957589,-0.037380373,-0.016031865,0.871078730,-0.008928091,-0.477655560,-0.113962241
1789388537.753489256,-0.019500312,-0.036789580,-0.017574386,0.872720838,-0.009377766,-0.475894004,-0.108606711
1789388537.786832094,-0.021345451,-0.035287884,-0.020117176,0.875122488,-0.008593949,-0.472479790,-0.104161553
1789388537.820174694,-0.023020870,-0.033991248,-0.022001592,0.877728879,-0.008194348,-0.468455523,-0.100371167
1789388537.853516579,-0.022681490,-0.033351004,-0.023502868,0.880164206,-0.007438201,-0.464662969,-0.096663885
1789388537.886859655,-0.024341170,-0.031416074,-0.025492370,0.882927060,-0.006680926,-0.460294515,-0.092325747
1789388537.920202494,-0.027353812,-0.029014946,-0.028932365,0.887117267,-0.006745345,-0.452876776,-0.088770330
1789388537.953545332,-0.028537058,-0.026947529,-0.030089555,0.889865398,-0.008089751,-0.447936356,-0.086182140
1789388537.986887455,-0.031504157,-0.023187679,-0.033824732,0.892449200,-0.008168558,-0.442999005,-0.084968448
1789388538.020230532,-0.032832562,-0.020489926,-0.034819598,0.894472182,-0.008008650,-0.438697964,-0.086020015
1789388538.053573370,-0.032592778,-0.020372023,-0.031746833,0.895475447,-0.009975602,-0.436279327,-0.087662034
1789388538.086916447,-0.030694516,-0.019910254,-0.029204777,0.895920694,-0.011463813,-0.434843510,-0.090032749
1789388538.120258570,-0.032996947,-0.016321333,-0.032505612,0.898536980,-0.011018558,-0.429052860,-0.091779649
1789388538.153601646,-0.034458374,-0.013608454,-0.033682499,0.900561512,-0.010299182,-0.424413472,-0.093574204
1789388538.186944723,-0.036978224,-0.009970156,-0.036023484,0.902287960,-0.009276316,-0.420594692,-0.094289869
1789388538.220286846,-0.039180024,-0.006291185,-0.038368363,0.903401613,-0.008666085,-0.417950720,-0.095434263
1789388538.253630161,-0.040338396,-0.004509699,-0.038655742,0.903674543,-0.010035665,-0.416965604,-0.097012706
1789388538.286973476,-0.040543068,-0.003677746,-0.037652896,0.903544724,-0.012783576,-0.416961789,-0.097910091
1789388538.320316553,-0.041145372,-0.001349409,-0.038809242,0.904419005,-0.014025183,-0.415101081,-0.097574316
1789388538.353658915,-0.040842786,0.000709678,-0.038979431,0.904834032,-0.014077526,-0.414115101,-0.097907901
1789388538.387002230,-0.041815920,0.002538875,-0.038872774,0.905526042,-0.013331897,-0.412817061,-0.097092859
1789388538.420345783,-0.041364473,0.002892974,-0.039131179,0.906114995,-0.013001736,-0.411483169,-0.097304001
1789388538.453688860,-0.041701373,0.002950649,-0.037808077,0.905750513,-0.013468696,-0.411851883,-0.099059075
1789388538.487031460,-0.042521075,0.004041753,-0.037612505,0.905974865,-0.013896924,-0.410943478,-0.100707047
1789388538.520375013,-0.044400336,0.005969143,-0.038531398,0.906396031,-0.013873910,-0.409907669,-0.101140425
1789388538.553718567,-0.046279860,0.008937568,-0.039027008,0.905960560,-0.012853632,-0.410327613,-0.103448868
1789388538.587060928,-0.048004961,0.010498685,-0.040789427,0.906459689,-0.011720122,-0.408713102,-0.105579615
1789388538.620404482,-0.047528478,0.010288050,-0.042241196,0.906812787,-0.009333287,-0.407741129,-0.106538780
1789388538.653748035,-0.046690660,0.009578771,-0.042380851,0.906160951,-0.008157122,-0.408902615,-0.107723758
1789388538.687086582,-0.046715181,0.007852689,-0.041737608,0.905807912,-0.008603947,-0.409280449,-0.109213859
1789388538.720424414,-0.046212818,0.009234496,-0.042712150,0.906817734,-0.006190974,-0.407015622,-0.109461159
1789388538.753762960,-0.046868137,0.010664711,-0.043905599,0.907981932,-0.004938784,-0.404885054,-0.107761078
1789388538.787101507,-0.048967065,0.012635423,-0.044325366,0.908549964,-0.004929036,-0.404010266,-0.106247038
1789388538.820440292,-0.047709883,0.010716869,-0.045096921,0.908725023,-0.004242059,-0.403172553,-0.107947811
1789388538.853777885,-0.047601458,0.011283485,-0.045880919,0.909106851,-0.002221914,-0.402130395,-0.108678162
1789388538.887116432,-0.048947502,0.012766283,-0.045810110,0.908934891,-0.001694991,-0.402237594,-0.109724477
1789388538.920455217,-0.049908902,0.014036673,-0.046149305,0.908431411,-0.001001548,-0.402764827,-0.111946143
1789388538.953793049,-0.051184852,0.014757987,-0.045981355,0.908385158,-0.000805541,-0.402510285,-0.113231413
1789388538.987131596,-0.051358003,0.014241114,-0.045811540,0.908436000,-0.000332065,-0.401996583,-0.114641383
1789388539.020470142,-0.051568051,0.015426049,-0.047109878,0.908910394,0.001811255,-0.400390446,-0.116473950
1789388539.053808928,-0.052051007,0.015207354,-0.048102005,0.908934295,0.002959413,-0.399416417,-0.119567074
1789388539.087146759,-0.052953833,0.016030295,-0.049360160,0.909420609,0.004352344,-0.397167921,-0.123259865
1789388539.120485306,-0.056144131,0.017168363,-0.050323027,0.909360886,0.004535582,-0.395747691,-0.128164262
1789388539.153824091,-0.056652560,0.016758717,-0.049454304,0.908739507,0.002475140,-0.393547922,-0.138947636
1789388539.187161684,-0.060190500,0.017997097,-0.049660042,0.909589291,-0.001450163,-0.388348043,-0.147753268
1789388539.220500469,-0.060737571,0.017975223,-0.049029723,0.908885181,-0.002804045,-0.389780015,-0.148295060
1789388539.253839016,-0.058391018,0.017378887,-0.047673406,0.908148468,-0.001837551,-0.393501431,-0.142897785
1789388539.287178040,-0.057998057,0.016922686,-0.048183136,0.909824908,-0.000445470,-0.390939742,-0.139228821
1789388539.320515633,-0.058768451,0.016800647,-0.048448239,0.911443233,-0.000858444,-0.386328101,-0.141496316
1789388539.353854418,-0.059243811,0.017162610,-0.047993194,0.911471546,-0.002932195,-0.385720074,-0.142937705
1789388539.387193203,-0.058698394,0.016591372,-0.047819983,0.911540866,-0.002342169,-0.386332393,-0.140837222
1789388539.420531988,-0.058637595,0.017096124,-0.048125260,0.911496699,-0.001424677,-0.386396974,-0.140957519
1789388539.453869581,-0.059045503,0.017088911,-0.047916239,0.911446869,-0.002573777,-0.386015117,-0.142303884
1789388539.487208605,-0.058930266,0.016597156,-0.047873255,0.911525786,-0.002677528,-0.386106223,-0.141547501
1789388539.520547152,-0.058810881,0.016899825,-0.048203881,0.911507070,-0.001761273,-0.386186570,-0.141462699
1789388539.553884983,-0.058679439,0.017513110,-0.047483131,0.911384463,-0.002200263,-0.386365384,-0.141758054
1789388539.587223768,-0.058927225,0.016747568,-0.047956363,0.911497831,-0.002560026,-0.386130333,-0.141663939
1789388539.620562553,-0.058935827,0.016791474,-0.048107099,0.911447883,-0.002342964,-0.386180192,-0.141852945
1789388539.653901339,-0.059048185,0.017103287,-0.047867856,0.911494195,-0.002743826,-0.386032283,-0.141950607
1789388539.687237024,-0.059016909,0.016721651,-0.048274410,0.911522269,-0.002534009,-0.385992974,-0.141880900
1789388539.720573902,-0.058926440,0.016926983,-0.047927264,0.911455631,-0.002440122,-0.386107743,-0.141998410
1789388539.753910542,-0.058886751,0.016959117,-0.047651958,0.911395013,-0.002405462,-0.386232018,-0.142050356
1789388539.787247419,-0.059020568,0.016756467,-0.048116142,0.911496401,-0.002541156,-0.386018872,-0.141975999
1789388539.820583105,-0.058989029,0.017156160,-0.047891830,0.911502302,-0.002725949,-0.386004746,-0.141973808
1789388539.853919983,-0.058805352,0.017289942,-0.047379129,0.911296964,-0.002188180,-0.386401445,-0.142221749
1789388539.887256622,-0.059116356,0.016905121,-0.048036392,0.911494315,-0.002605128,-0.385952801,-0.142168194
1789388539.920592308,-0.059088776,0.017022831,-0.047893275,0.911524236,-0.002490689,-0.385928601,-0.142044097
1789388539.953928947,-0.058912718,0.017118313,-0.047667620,0.911454022,-0.002429753,-0.386107147,-0.142010078
1789388539.987265587,-0.058828456,0.017236100,-0.047627006,0.911535025,-0.002544235,-0.386043131,-0.141662419
1789388540.020602226,-0.058438363,0.017559804,-0.047076996,0.911462665,-0.002462178,-0.386355758,-0.141276658
1789388540.053937912,-0.058215379,0.017784981,-0.046710255,0.911376595,-0.001834415,-0.386540830,-0.141334325
1789388540.087274313,-0.058249722,0.017244000,-0.046777518,0.913054824,-0.001953536,-0.382833779,-0.140589789
1789388540.120611191,-0.057886354,0.016859324,-0.046505306,0.916117728,-0.002233088,-0.376341075,-0.138169840
1789388540.153947830,-0.056177572,0.016050791,-0.044595052,0.919677019,-0.002281012,-0.368683159,-0.135136083
1789388540.187283516,-0.055079174,0.015567440,-0.043934231,0.923237145,-0.002280789,-0.360727400,-0.132301837
1789388540.220619917,-0.053011387,0.014917527,-0.042011345,0.926486850,-0.002328542,-0.353433341,-0.129234478
1789388540.253956556,-0.050625321,0.014436399,-0.039479484,0.930172026,-0.001870393,-0.345045507,-0.125380456
1789388540.287292004,-0.047895789,0.013435225,-0.036721092,0.933470070,-0.002187530,-0.337050140,-0.122581132
1789388540.320628643,-0.046582874,0.012986665,-0.035400437,0.936359704,-0.001871810,-0.329965115,-0.119792126
1789388540.353965044,-0.044769630,0.012388289,-0.034481278,0.938963294,-0.002147645,-0.323370546,-0.117366180
1789388540.387301683,-0.043296643,0.011929931,-0.032789377,0.940336347,-0.002278033,-0.319901347,-0.115868300
1789388540.420637131,-0.042982825,0.011935796,-0.032708964,0.942470372,-0.001522025,-0.314016283,-0.114634961
1789388540.453973532,-0.041745654,0.011354118,-0.031286091,0.944284499,-0.001586966,-0.309356034,-0.112353094
1789388540.487310410,-0.041458979,0.011367188,-0.031062337,0.946402669,-0.001909533,-0.303524762,-0.110413633
1789388540.520645857,-0.041361899,0.011218547,-0.030589291,0.947129488,-0.002003879,-0.301638037,-0.109344728
1789388540.553982258,-0.041568967,0.011311064,-0.030084494,0.947067678,-0.001941499,-0.301645339,-0.109860182
1789388540.587318659,-0.041592457,0.011242218,-0.030873083,0.947096348,-0.001307755,-0.301490009,-0.110048644
1789388540.620655060,-0.041205858,0.011015310,-0.030354741,0.947024107,-0.001809338,-0.301829845,-0.109730966
1789388540.653990507,-0.041489204,0.011338926,-0.030632513,0.947087228,-0.001538707,-0.301589429,-0.109851241
1789388540.687327623,-0.041240220,0.011263948,-0.030456672,0.947032809,-0.001107689,-0.301807344,-0.109726451
1789388540.720664501,-0.041239269,0.011112757,-0.030252769,0.946904302,-0.001957905,-0.302036464,-0.110192567
1789388540.754001379,-0.040112800,0.011131728,-0.030375563,0.946430087,-0.001649715,-0.303541213,-0.110137105
1789388540.787337542,-0.038268688,0.010720695,-0.029478764,0.946662664,-0.001806823,-0.302830517,-0.110091925
1789388540.820674658,-0.036689056,0.010581306,-0.028834323,0.947332740,-0.001793554,-0.301027209,-0.109271087
1789388540.854011536,-0.033918134,0.010437567,-0.028562149,0.948726177,-0.001430552,-0.297141939,-0.107811205
1789388540.887347460,-0.030769873,0.010069030,-0.026834672,0.950398088,-0.001456119,-0.292562217,-0.105587244
1789388540.920684338,-0.025742077,0.008893239,-0.025038625,0.951696992,-0.001977917,-0.288882077,-0.104000598
1789388540.954021454,-0.022161819,0.008266658,-0.023595587,0.953154027,-0.002240549,-0.284699112,-0.102170818
1789388540.987358332,-0.019202095,0.008315357,-0.022078349,0.954620719,-0.001725054,-0.280238003,-0.100812346
1789388541.020694256,-0.014372831,0.007210288,-0.021099781,0.955428541,-0.002072480,-0.277756244,-0.100017741
1789388541.054031134,-0.010288887,0.006602039,-0.019494446,0.956224978,-0.002222205,-0.275446117,-0.098784529
1789388541.087368250,-0.007081895,0.006096150,-0.018601867,0.957100630,-0.002595792,-0.272790372,-0.097657628
1789388541.120704889,-0.004289571,0.006049302,-0.017788519,0.957862437,-0.002059191,-0.270416617,-0.096800469
1789388541.154040813,-0.001643193,0.006035340,-0.016691849,0.958266735,-0.001492276,-0.269052446,-0.096609280
1789388541.187377691,0.002845403,0.005063752,-0.014385916,0.958048999,-0.001915000,-0.269874036,-0.096470855
1789388541.220714569,0.007247365,0.004519354,-0.013679326,0.958358049,-0.001908790,-0.268905997,-0.096103050
1789388541.254050493,0.007377644,0.004231774,-0.013405764,0.960325420,-0.001872132,-0.262159556,-0.095099725
1789388541.287387133,0.010378733,0.003808605,-0.012542235,0.961191833,-0.001738065,-0.259341896,-0.094069533
1789388541.320724010,0.013889977,0.003181594,-0.010683433,0.961890876,-0.002038843,-0.257154793,-0.092915729
1789388541.354061127,0.016886525,0.002712004,-0.009280519,0.962200105,-0.002209553,-0.256174445,-0.092415944
1789388541.387396812,0.019411926,0.002486895,-0.008011170,0.962459266,-0.001620627,-0.255050063,-0.092838138
1789388541.420733690,0.022255333,0.001747040,-0.007029620,0.962743640,-0.001793105,-0.254407257,-0.091643274
1789388541.454070330,0.025426928,0.001871577,-0.005587735,0.963043094,-0.001913533,-0.253426343,-0.091211766
1789388541.487407207,0.027021113,0.001592985,-0.005647911,0.962869465,-0.001812313,-0.253804594,-0.091991432
1789388541.520742893,0.029088331,0.000975847,-0.005836351,0.962616622,-0.001745529,-0.254467100,-0.092804708
1789388541.554079771,0.030700517,0.000945766,-0.005238703,0.962843359,-0.001784746,-0.253761142,-0.092384584
1789388541.587416410,0.031924898,0.000822326,-0.004920500,0.963317335,-0.001766745,-0.252156824,-0.091834798
1789388541.620752096,0.034473509,0.000424956,-0.003877365,0.963716567,-0.001727136,-0.250711381,-0.091603920
1789388541.654089212,0.036849981,0.000081747,-0.002900041,0.963950634,-0.001847294,-0.250021517,-0.091022365
1789388541.687426567,0.038916294,-0.000261117,-0.002084636,0.964170575,-0.001785908,-0.249130547,-0.091136947
1789388541.720764160,0.040246193,-0.000820516,-0.001483633,0.964809537,-0.002040326,-0.247116759,-0.089843586
1789388541.754100800,0.042398006,-0.000880227,-0.001084324,0.965568602,-0.001982672,-0.244343638,-0.089272514
1789388541.787438393,0.045038969,-0.001428614,0.000517743,0.965538025,-0.001746461,-0.244446144,-0.089327618
1789388541.820775986,0.046407074,-0.001556639,0.001198979,0.966070950,-0.001455644,-0.242554381,-0.088725559
1789388541.854112625,0.050288012,-0.002304209,0.003179109,0.966266036,-0.001717658,-0.241936028,-0.088283189
1789388541.887450218,0.052438434,-0.002530458,0.005767066,0.966693580,-0.001232712,-0.240493745,-0.087548934
1789388541.920787811,0.054172808,-0.002794030,0.006757151,0.966807365,-0.001050956,-0.239923224,-0.087859049
1789388541.954125166,0.057550792,-0.003443956,0.008097968,0.966816247,-0.001047270,-0.240003407,-0.087542370
1789388541.987461805,0.060798935,-0.004149656,0.009640230,0.966969967,-0.001307044,-0.239372462,-0.087568723
1789388542.020799637,0.065330683,-0.005006022,0.011543626,0.967339694,-0.001267060,-0.238351420,-0.086261019
1789388542.054136992,0.069026252,-0.005976055,0.013275418,0.967843950,-0.001505949,-0.236343130,-0.086126789
1789388542.087474585,0.072664229,-0.006215686,0.015672737,0.968081295,-0.000707129,-0.235732213,-0.085138291
1789388542.120811224,0.074294122,-0.007463842,0.015949080,0.968716919,-0.002143388,-0.233133569,-0.085040025
1789388542.154148579,0.076149391,-0.007272270,0.017494314,0.968891978,-0.001534417,-0.232772604,-0.084042244
1789388542.187486410,0.079925467,-0.008088405,0.019092843,0.968734086,-0.001420306,-0.233203053,-0.084667541
1789388542.220822811,0.081695532,-0.008604162,0.019936044,0.968334556,-0.001756626,-0.234799117,-0.084820926
1789388542.254160404,0.083164975,-0.008672521,0.020782893,0.968284607,-0.001349898,-0.234803632,-0.085384443
1789388542.287497997,0.083301898,-0.008998483,0.020913671,0.968580961,-0.001625208,-0.233684480,-0.085087456
1789388542.320835352,0.085059901,-0.009616292,0.022105061,0.968758941,-0.001765865,-0.233085707,-0.084699854
1789388542.354172230,0.085490730,-0.009361366,0.022587142,0.969507754,-0.001306527,-0.230217278,-0.083982065
1789388542.387509584,0.088957667,-0.010208244,0.024777608,0.969747365,-0.001383674,-0.229227811,-0.083920963
1789388542.420847178,0.093517640,-0.011377273,0.025878045,0.969992518,-0.002142857,-0.228487089,-0.083087459
1789388542.454184771,0.094052681,-0.011779561,0.028011005,0.970840037,-0.001829888,-0.225134417,-0.082345024
1789388542.487521172,0.095673129,-0.011861102,0.028887316,0.971059084,-0.001531990,-0.224222496,-0.082257576
1789388542.520859003,0.097568205,-0.012206585,0.029539144,0.970799327,-0.001576217,-0.225249276,-0.082516924
1789388542.554196358,0.100151073,-0.012541356,0.030675574,0.970716059,-0.001498082,-0.225588322,-0.082572401
1789388542.587532997,0.102210087,-0.012672841,0.031746411,0.970657110,-0.001230072,-0.225710109,-0.082934730
1789388542.620870352,0.104523291,-0.012948778,0.032876864,0.970511734,-0.001129179,-0.226283759,-0.083074659
1789388542.654207945,0.107024524,-0.013273177,0.033628582,0.970504701,-0.001144415,-0.226265118,-0.083207458
1789388542.687546015,0.108316807,-0.013419215,0.034580470,0.970617950,-0.000938571,-0.225843579,-0.083034121
1789388542.720882893,0.110803995,-0.013926618,0.035225386,0.971118450,-0.001038291,-0.224020302,-0.082114495
1789388542.754220724,0.113551037,-0.014193497,0.036144072,0.971796274,-0.001001950,-0.221462235,-0.081028409
1789388542.787558556,0.116480854,-0.014398404,0.037310445,0.971718729,-0.000986447,-0.221799642,-0.081034295
1789388542.820896387,0.117909113,-0.014788721,0.037877981,0.971626401,-0.001054770,-0.222176760,-0.081108049
1789388542.854233503,0.119780259,-0.014379848,0.038353529,0.971731544,-0.000568001,-0.221759662,-0.080995575
1789388542.887571573,0.121763956,-0.014843957,0.039230271,0.971712768,-0.000725309,-0.221827373,-0.081033595
1789388542.920909405,0.124270390,-0.015082879,0.039902845,0.972144544,-0.000453698,-0.220030114,-0.080755688
1789388542.954246283,0.128293553,-0.015609486,0.041252698,0.972357988,-0.000820079,-0.219209075,-0.080416225
1789388542.987584114,0.130362281,-0.016167720,0.041703834,0.973271191,-0.000883275,-0.215480283,-0.079440720
1789388543.020922184,0.134301326,-0.016541498,0.042866564,0.973568380,-0.000960461,-0.214341670,-0.078875564
1789388543.054260015,0.134588614,-0.016312635,0.042348205,0.974195242,-0.000787090,-0.211810008,-0.077971704
1789388543.087597132,0.139228089,-0.017116729,0.044723547,0.973849118,-0.000686790,-0.213131860,-0.078691721
1789388543.120934963,0.140919673,-0.017093345,0.044539534,0.973998845,-0.000753622,-0.212635800,-0.078177415
1789388543.154273033,0.145674493,-0.017928614,0.045896770,0.973799050,-0.001046686,-0.213440046,-0.078471601
1789388543.187609911,0.147400356,-0.017919891,0.046407751,0.973823607,-0.000901405,-0.213456020,-0.078123316
1789388543.220947742,0.151905573,-0.018398273,0.048327946,0.973730743,-0.000687456,-0.213808760,-0.078319155
1789388543.254285812,0.153238594,-0.018338138,0.047585963,0.974396348,-0.000634795,-0.211301103,-0.076832257
1789388543.287623882,0.155174128,-0.018808991,0.047724685,0.974539161,-0.000831270,-0.210585520,-0.076984152
1789388543.320960760,0.157461295,-0.019026461,0.048609656,0.973917305,-0.001385196,-0.212912843,-0.078431107
1789388543.354298592,0.158636686,-0.019426463,0.048313423,0.973556757,-0.001125470,-0.214401022,-0.078856587
1789388543.387636662,0.161226840,-0.019615724,0.049296309,0.973690331,-0.001367494,-0.213827506,-0.078759655
1789388543.420974493,0.164248103,-0.020158495,0.050102573,0.973584771,-0.001598922,-0.214421526,-0.078445412
1789388543.454311609,0.165572988,-0.020074096,0.050317826,0.973638475,-0.001118206,-0.213979170,-0.078991972
1789388543.487649441,0.166429424,-0.020173255,0.050295051,0.973827899,-0.001476788,-0.213258699,-0.078598782
1789388543.520987511,0.167803246,-0.020287889,0.050159778,0.974082947,-0.001244876,-0.212110713,-0.078548625
1789388543.554324389,0.169508047,-0.020446425,0.050157779,0.974099517,-0.001500049,-0.212102443,-0.078360245
1789388543.587662458,0.171679289,-0.020364830,0.050808670,0.973970354,-0.000951904,-0.212625369,-0.078557871
1789388543.621000528,0.171285641,-0.020037795,0.050293036,0.974079370,-0.000756812,-0.212199941,-0.078358211
1789388543.654338360,0.172220617,-0.019900024,0.049608097,0.974579215,-0.000594139,-0.209988549,-0.078101419
1789388543.687675238,0.172867371,-0.019908107,0.049605534,0.974697411,-0.000697242,-0.209497288,-0.077944785
1789388543.721012831,0.176353280,-0.020350009,0.049994428,0.974482417,-0.001094009,-0.210478559,-0.077984519
1789388543.754350901,0.178182452,-0.020448891,0.050664984,0.974478006,-0.000659052,-0.210669130,-0.077529259
1789388543.787688732,0.181059615,-0.020637869,0.053225238,0.974425554,-0.000102564,-0.210660636,-0.078211352
1789388543.821025372,0.180811603,-0.020568331,0.053300587,0.974792719,0.000010930,-0.209060267,-0.077929728
1789388543.854363203,0.181192861,-0.020869545,0.052816287,0.974809289,-0.000318049,-0.208953455,-0.078008138
1789388543.887701273,0.182196880,-0.020968272,0.052876178,0.974732339,-0.000521513,-0.209394440,-0.077786528
1789388543.921037912,0.182897803,-0.020954884,0.053161757,0.974648833,-0.000363424,-0.209760293,-0.077847928
1789388543.954375744,0.183624881,-0.020592367,0.053423846,0.974476159,-0.000068841,-0.210367918,-0.078368627
1789388543.987713575,0.183149726,-0.020503337,0.053150770,0.974556446,-0.000323023,-0.209914580,-0.078584775
1789388544.021051168,0.182914459,-0.020715476,0.053158061,0.974643528,-0.000444933,-0.209701300,-0.078070998
1789388544.054388285,0.183363631,-0.020305184,0.053264744,0.974531651,-0.000028676,-0.210005626,-0.078650065
1789388544.087726116,0.182913255,-0.020860300,0.053450995,0.974571764,-0.001232971,-0.209588736,-0.079252303
1789388544.121063709,0.182944181,-0.021197675,0.053836150,0.974545240,-0.002023301,-0.209857285,-0.078850500
1789388544.154401541,0.182670208,-0.020927482,0.053888202,0.974233329,-0.001780047,-0.211146265,-0.079269208
1789388544.187738180,0.182807044,-0.020873222,0.054047379,0.973594129,-0.000089124,-0.213712275,-0.080259591
1789388544.221076250,0.183051660,-0.021116672,0.054604567,0.972905159,-0.000537649,-0.216317445,-0.081621759
1789388544.254413843,0.183172872,-0.020849983,0.056315300,0.971816182,-0.000205673,-0.220638841,-0.083016694
1789388544.287750721,0.183217532,-0.020439494,0.058041002,0.971163273,0.000798155,-0.223322332,-0.083477668
1789388544.321088314,0.181924883,-0.021700954,0.059333796,0.971896589,-0.000405335,-0.220421910,-0.082650386
1789388544.354426384,0.180496215,-0.022723460,0.061206714,0.972958207,-0.001229810,-0.216229081,-0.081214994
1789388544.387763977,0.178720395,-0.023572962,0.063871137,0.974064410,-0.000855082,-0.211785123,-0.079654895
1789388544.421100855,0.178245917,-0.023157397,0.065670281,0.974837482,0.000473432,-0.208727539,-0.078259893
1789388544.454438448,0.177535881,-0.023887393,0.067918801,0.974891305,0.000180002,-0.208537132,-0.078097269
1789388544.487776279,0.176298390,-0.023871869,0.069010832,0.974817514,0.001771084,-0.209002957,-0.077752955
1789388544.521112919,0.176055107,-0.023540679,0.071187135,0.975062668,0.003472366,-0.208078936,-0.077097595
1789388544.554450750,0.174670034,-0.023869126,0.074046454,0.975678980,0.003145358,-0.205540746,-0.076116718
1789388544.587788582,0.173534005,-0.026906829,0.076908357,0.975752473,0.000285044,-0.205101401,-0.076423600
1789388544.621126175,0.172640056,-0.023449706,0.079191694,0.975742400,0.004825607,-0.205291361,-0.075887837
1789388544.654462814,0.172590131,-0.024249745,0.082700356,0.975736201,0.005737551,-0.205605179,-0.075050808
1789388544.687800646,0.170070039,-0.029090458,0.084019498,0.976573110,0.001579124,-0.201675951,-0.075028434
1789388544.721138000,0.169130990,-0.031010618,0.085477690,0.977041245,-0.000968849,-0.199351162,-0.075157098
1789388544.754475594,0.168239566,-0.031465816,0.088220821,0.977176547,-0.000786481,-0.198792487,-0.074879147
1789388544.787811995,0.167607781,-0.033273478,0.089869127,0.977133095,-0.001859045,-0.198899359,-0.075143367
1789388544.821149349,0.167911423,-0.032850993,0.087718103,0.977392256,-0.001865743,-0.197851002,-0.074537940
1789388544.854486704,0.167296863,-0.032185340,0.089330126,0.977575660,0.000419868,-0.197500944,-0.073068805
1789388544.887823582,0.166748841,-0.031874176,0.091733621,0.977578282,-0.000043394,-0.197463199,-0.073138013
1789388544.921160936,0.166050647,-0.031241955,0.094077042,0.977566600,0.002006352,-0.197700843,-0.072621651
1789388544.954498291,0.163869949,-0.035602043,0.096493501,0.977922142,-0.001360150,-0.195680320,-0.073319055
1789388544.987835646,0.162577784,-0.036515219,0.099255663,0.978116870,-0.001550027,-0.194781840,-0.073110595
1789388545.021172047,0.161533362,-0.038214675,0.101485566,0.978184164,-0.002656640,-0.194506437,-0.072910547
1789388545.054509640,0.160560228,-0.038695842,0.103855851,0.978259385,-0.002314294,-0.194255635,-0.072581418
1789388545.087847233,0.158959434,-0.039955947,0.106695693,0.978303790,-0.003152511,-0.194029957,-0.072554149
1789388545.121184587,0.158175586,-0.040727943,0.109314904,0.978143096,-0.003046468,-0.194818586,-0.072612174
1789388545.154520988,0.157334581,-0.040661368,0.109749913,0.978393793,-0.002548655,-0.193696678,-0.072255105
1789388545.187858343,0.156439815,-0.040939331,0.111432503,0.978776991,-0.002453283,-0.191945270,-0.071740471
1789388545.221195698,0.156123504,-0.041871116,0.112889336,0.978926778,-0.002753077,-0.191272065,-0.071484104
1789388545.254532337,0.154868572,-0.042409953,0.114593288,0.979027867,-0.002486600,-0.190772906,-0.071441449
1789388545.287869692,0.153673571,-0.042803035,0.116712962,0.978853345,-0.002716212,-0.191491887,-0.071900249
1789388545.321207047,0.153151413,-0.043279036,0.117678746,0.978830099,-0.003358781,-0.191545039,-0.072048590
1789388545.354544163,0.153008355,-0.044302759,0.119173479,0.978512704,-0.003312169,-0.192995891,-0.072488509
1789388545.387880564,0.151204564,-0.044620387,0.120065784,0.978881836,-0.002444139,-0.191257983,-0.072144166
1789388545.421217918,0.150318470,-0.045312953,0.122315309,0.978819966,-0.003042586,-0.191553667,-0.072177112
1789388545.454555511,0.150836286,-0.045729501,0.123654035,0.978457510,-0.003190645,-0.193290398,-0.072454356
1789388545.487892866,0.148840576,-0.046224434,0.125259643,0.978837311,-0.002525371,-0.191581681,-0.071886927
1789388545.521229267,0.148896658,-0.047097053,0.126971225,0.978802204,-0.002778100,-0.191742569,-0.071926348
1789388545.554566383,0.147676081,-0.047256444,0.127893296,0.979238451,-0.002977147,-0.189748764,-0.071264811
1789388545.587903738,0.147238762,-0.047780767,0.129345594,0.979149759,-0.003299394,-0.190162316,-0.071366221
1789388545.621240139,0.147208684,-0.048527435,0.131254811,0.978775203,-0.003045011,-0.192005366,-0.071580648
1789388545.654577494,0.146761683,-0.048883973,0.131797342,0.978707969,-0.003109602,-0.192259118,-0.071815550
1789388545.687915564,0.145659857,-0.049262551,0.133259849,0.978625417,-0.003196998,-0.192495450,-0.072302178
1789388545.721253633,0.145891331,-0.049250876,0.133132877,0.978634775,-0.002770104,-0.192561060,-0.072018661
1789388545.754590750,0.145563403,-0.049873350,0.134413716,0.978987098,-0.003227148,-0.191051409,-0.071227476
1789388545.787929058,0.144209010,-0.049885998,0.135266735,0.979486346,-0.003717994,-0.188547298,-0.071011260
1789388545.821267128,0.144491397,-0.049973721,0.135913457,0.979634225,-0.003537188,-0.187945738,-0.070574149
1789388545.854604244,0.144131909,-0.050192536,0.136148993,0.979735494,-0.003745660,-0.187512577,-0.070309497
1789388545.887942314,0.144226439,-0.050099607,0.136399196,0.979658127,-0.002932139,-0.188034058,-0.070032701
1789388545.921280622,0.144036766,-0.050120099,0.135944856,0.979699135,-0.001399258,-0.187840015,-0.070027374
1789388545.954618692,0.145022151,-0.050272152,0.135397306,0.979389906,-0.001082428,-0.188985005,-0.071267202
1789388545.987955809,0.143521121,-0.049926756,0.134894051,0.980039358,-0.001620822,-0.186064914,-0.070001192
1789388546.021293879,0.143816532,-0.049975843,0.135615166,0.979770005,-0.001588658,-0.187534258,-0.069850065
1789388546.054632187,0.144142956,-0.050218213,0.135943255,0.979571164,-0.001576451,-0.188251272,-0.070706107
1789388546.087970257,0.143229030,-0.049839136,0.135007365,0.979991913,-0.000932995,-0.186201394,-0.070314132
1789388546.121307373,0.143898168,-0.049812202,0.134773591,0.979898930,-0.001519219,-0.186860234,-0.069850370
1789388546.154645443,0.144448264,-0.050264313,0.135443524,0.979242563,-0.001724699,-0.189772397,-0.071186133
1789388546.187983751,0.143935359,-0.050082398,0.135392729,0.978114128,-0.000926055,-0.194837555,-0.073008485
1789388546.221320868,0.143331416,-0.049629024,0.134507613,0.976899266,-0.001449425,-0.200196549,-0.074747398
1789388546.254658937,0.144169121,-0.050154889,0.135073666,0.973981321,-0.002150786,-0.212333262,-0.079186343
1789388546.287997007,0.143126441,-0.049206131,0.133319348,0.971855581,-0.001298775,-0.220708877,-0.082357086
1789388546.321335554,0.142841657,-0.049806281,0.134355968,0.969067872,-0.001567538,-0.231223717,-0.086259596
1789388546.354672670,0.142682974,-0.049220369,0.133304970,0.966848075,-0.001043992,-0.239190578,-0.089395359
1789388546.388010740,0.142114761,-0.049195756,0.133373496,0.964990973,-0.001182730,-0.245831296,-0.091422096
1789388546.421348810,0.141535802,-0.049031550,0.133104304,0.962873876,-0.001400023,-0.253051847,-0.094003849
1789388546.454687119,0.141914761,-0.048812520,0.132576506,0.959746122,-0.001224351,-0.263284117,-0.097813554
1789388546.488024235,0.141889724,-0.049090899,0.132025045,0.956170678,-0.001891466,-0.274393201,-0.102188356
1789388546.521362305,0.141252028,-0.048939470,0.132193796,0.952291787,-0.001847550,-0.285989493,-0.106522463
1789388546.554700375,0.141210249,-0.048945901,0.132136661,0.948044240,-0.001827625,-0.298165947,-0.110931657
1789388546.588037491,0.140483127,-0.048355562,0.131381353,0.943827987,-0.001846360,-0.309827447,-0.114857599
1789388546.621375799,0.140971446,-0.048347041,0.130952985,0.939388573,-0.002043415,-0.321503192,-0.119082749
1789388546.654713869,0.140794636,-0.048235086,0.130826862,0.935402215,-0.002113866,-0.331537604,-0.122886673
1789388546.688051462,0.139890972,-0.047891244,0.130335072,0.932432652,-0.001936091,-0.338987947,-0.125110805
1789388546.721388102,0.140399493,-0.048079778,0.129843659,0.928838074,-0.001972716,-0.347366482,-0.128812119
1789388546.754725933,0.140205973,-0.047651936,0.129772672,0.925905645,-0.001871224,-0.354358822,-0.130862638
1789388546.788063288,0.139959702,-0.047727409,0.129185912,0.923688650,-0.001896173,-0.359445602,-0.132644072
1789388546.821400881,0.139757241,-0.047607164,0.129460057,0.921528280,-0.001955533,-0.364306122,-0.134398073
1789388546.854737520,0.139886094,-0.047310093,0.128772824,0.918470800,-0.001996609,-0.371003032,-0.136982858
1789388546.888074875,0.140043401,-0.047431922,0.128580830,0.913843215,-0.002266889,-0.380962014,-0.140546799
1789388546.921412706,0.139839447,-0.046787420,0.128293070,0.910943031,-0.001679789,-0.387165219,-0.142418817
1789388546.954749346,0.140091477,-0.046930601,0.128136128,0.908699870,-0.002135111,-0.391857475,-0.143902034
1789388546.988086700,0.140027293,-0.046899637,0.127861090,0.907456338,-0.002075754,-0.394358695,-0.144913793
1789388547.021424294,0.140030559,-0.046893254,0.127833216,0.907410264,-0.002087838,-0.394424468,-0.145023227
1789388547.054761887,0.139923478,-0.046879516,0.127570493,0.907520413,-0.002114220,-0.394134849,-0.145120800
1789388547.088098288,0.139854469,-0.046931660,0.127406803,0.907571197,-0.002151957,-0.394047856,-0.145038560
1789388547.121436119,0.139987114,-0.046878468,0.127693457,0.907499731,-0.002173191,-0.394210279,-0.145044431
1789388547.154773474,0.140002621,-0.046879940,0.127792791,0.907462537,-0.002062148,-0.394275397,-0.145101652
1789388547.188110113,0.139917471,-0.046860066,0.127704976,0.907511175,-0.002073704,-0.394168824,-0.145086199
1789388547.221447468,0.139957940,-0.046860142,0.127714884,0.907507241,-0.002098700,-0.394181281,-0.145077154
1789388547.254785061,0.139917482,-0.046987747,0.127657942,0.907482922,-0.002094709,-0.394246966,-0.145050466
1789388547.288122892,0.139865376,-0.046787436,0.127565948,0.907559216,-0.002064076,-0.394018024,-0.145195499
1789388547.321459293,0.139802717,-0.046905972,0.127470805,0.907533050,-0.001916538,-0.394011229,-0.145379961
1789388547.354796886,0.139976229,-0.046870011,0.127798916,0.907491326,-0.002082177,-0.394216418,-0.145081803
1789388547.388134241,0.140057048,-0.046779694,0.127976930,0.907568634,-0.002396401,-0.394061238,-0.145014554
1789388547.421471834,0.139965150,-0.046729334,0.128223845,0.909190118,-0.001758313,-0.390683621,-0.144002318
1789388547.454808235,0.139607822,-0.046476884,0.128033785,0.909969866,-0.000420309,-0.388812304,-0.144151628
1789388547.488146067,0.139433032,-0.046849901,0.128174092,0.910190463,-0.002171735,-0.388304412,-0.144112289
1789388547.521483421,0.139572103,-0.046630494,0.128181249,0.910398364,-0.001649983,-0.388382822,-0.142586753
1789388547.554820061,0.139589522,-0.046696554,0.128004321,0.910283864,-0.001166989,-0.388379037,-0.143330619
1789388547.588157415,0.139429421,-0.046861528,0.127991662,0.910258591,-0.001957450,-0.388144523,-0.144115955
1789388547.621494770,0.139517730,-0.046594609,0.128247755,0.910367250,-0.001595170,-0.388428837,-0.142660260
1789388547.654832602,0.139559498,-0.046791218,0.127952053,0.910338819,-0.001302307,-0.388275385,-0.143261760
1789388547.688169003,0.139363679,-0.046766047,0.127932400,0.910341084,-0.001820755,-0.388028443,-0.143908754
1789388547.721506119,0.139598183,-0.046699240,0.128089072,0.910377443,-0.001720592,-0.388334304,-0.142851338
1789388547.754843473,0.139542789,-0.046813156,0.127880476,0.910382092,-0.001371726,-0.388190717,-0.143215299
1789388547.788180828,0.139449644,-0.046837602,0.127937568,0.910345137,-0.001914390,-0.388090402,-0.143715069
1789388547.821516991,0.139575337,-0.046718889,0.127954729,0.910387158,-0.001681797,-0.388191044,-0.143178895
1789388547.854854584,0.139571652,-0.046870291,0.127981550,0.910367668,-0.001579823,-0.388266861,-0.143098503
1789388547.888191700,0.139541703,-0.046761323,0.128008393,0.910340667,-0.001782601,-0.388212413,-0.143415153
1789388547.921528101,0.139570717,-0.046739644,0.128071954,0.910338759,-0.001615719,-0.388335347,-0.143096104
1789388547.954865217,0.139606328,-0.046778560,0.128066732,0.910370052,-0.001612036,-0.388333052,-0.142903388
1789388547.988202572,0.139577669,-0.046690192,0.128026704,0.910389125,-0.001698541,-0.388249189,-0.143008247
1789388548.021539688,0.139543863,-0.046694308,0.128078810,0.910358250,-0.001552360,-0.388326347,-0.142996579
1789388548.054876089,0.139590457,-0.046690923,0.128087901,0.910370827,-0.001596669,-0.388345897,-0.142863423
1789388548.088213444,0.139579088,-0.046677227,0.128089405,0.910361230,-0.001638754,-0.388310432,-0.143020332
1789388548.121550560,0.139571190,-0.046726991,0.128082324,0.910343528,-0.001578654,-0.388344198,-0.143041521
1789388548.154887915,0.139615484,-0.046729419,0.128006738,0.910399139,-0.001657242,-0.388263285,-0.142906234
1789388548.188224077,0.139511658,-0.046641595,0.128094359,0.910378754,-0.001589112,-0.388310730,-0.142908007
1789388548.221561193,0.139547227,-0.046660759,0.128115979,0.910335779,-0.001504821,-0.388381898,-0.142989337
1789388548.254898548,0.139594476,-0.046662387,0.128123319,0.910367966,-0.001638631,-0.388363481,-0.142833635
1789388548.288234711,0.139568181,-0.046722134,0.128108382,0.910337389,-0.001593292,-0.388357282,-0.143045098
1789388548.321572065,0.139559036,-0.046698058,0.128112283,0.910369039,-0.001598338,-0.388332665,-0.142910346
1789388548.354909182,0.139531677,-0.046653179,0.128093844,0.910405040,-0.001616572,-0.388285309,-0.142809585
1789388548.388246298,0.139538168,-0.046672198,0.128092425,0.910378218,-0.001581946,-0.388311565,-0.142909795
1789388548.421582460,0.139626874,-0.046719480,0.128137826,0.910323620,-0.001635408,-0.388424069,-0.142951459
1789388548.454919577,0.139564216,-0.046688032,0.128096455,0.910390258,-0.001641313,-0.388319701,-0.142810494
1789388548.488256931,0.139605888,-0.046742718,0.128064218,0.910336733,-0.001601235,-0.388348401,-0.143073529
1789388548.521593094,0.139558048,-0.046656725,0.128146315,0.910366654,-0.001595545,-0.388369441,-0.142826274
1789388548.554930210,0.139595206,-0.046694184,0.128120321,0.910355210,-0.001624613,-0.388366997,-0.142905518
1789388548.588267326,0.139648903,-0.046711738,0.128133055,0.910275638,-0.001587512,-0.388506174,-0.143034041
1789388548.621604443,0.139600998,-0.046695742,0.128131056,0.910349786,-0.001614979,-0.388389140,-0.142879575
1789388548.654940605,0.139611497,-0.046740616,0.128023566,0.910380363,-0.001625026,-0.388284266,-0.142969787
1789388548.688278913,0.139578959,-0.046697623,0.128115099,0.910337865,-0.001583655,-0.388393939,-0.142942861
1789388548.721616983,0.139561841,-0.046690665,0.128136805,0.910346568,-0.001616672,-0.388375312,-0.142938092
1789388548.754955053,0.139553298,-0.046700481,0.128134194,0.910349131,-0.001583216,-0.388359696,-0.142963871
1789388548.788292170,0.139605554,-0.046715208,0.128076134,0.910344303,-0.001617926,-0.388338864,-0.143051162
1789388548.821630478,0.139566386,-0.046700207,0.128056448,0.910391212,-0.001594796,-0.388272822,-0.142931610
1789388548.854968548,0.139549720,-0.046708202,0.128167688,0.910330355,-0.001596379,-0.388396204,-0.142984703
1789388548.888305664,0.139556619,-0.046679280,0.128159339,0.910343707,-0.001612962,-0.388393313,-0.142907143
1789388548.921643734,0.139581441,-0.046675562,0.128137955,0.910339952,-0.001567525,-0.388394207,-0.142929196
1789388548.954982042,0.139556500,-0.046689897,0.128153063,0.910358012,-0.001614905,-0.388377815,-0.142858297
1789388548.988320112,0.139596088,-0.046715192,0.128062649,0.910365641,-0.001629183,-0.388302982,-0.143012196
1789388549.021657228,0.139675133,-0.046758954,0.128091630,0.910310388,-0.001682487,-0.388446361,-0.142973959
1789388549.054995298,0.139551804,-0.046669152,0.128086923,0.910382271,-0.001605263,-0.388294637,-0.142929479
1789388549.088333607,0.139599569,-0.046709631,0.128112992,0.910323203,-0.001622262,-0.388376504,-0.143082887
1789388549.121671677,0.139598699,-0.046705838,0.128106986,0.910353959,-0.001621522,-0.388362318,-0.142925620
1789388549.155008793,0.139583719,-0.046708514,0.128091501,0.910356998,-0.001604834,-0.388320565,-0.143020421
1789388549.188346863,0.139590951,-0.046731047,0.128046723,0.910372972,-0.001613776,-0.388290733,-0.142998904
1789388549.221685171,0.139577734,-0.046689623,0.128081163,0.910384655,-0.001632991,-0.388320118,-0.142844364
1789388549.255022287,0.139589027,-0.046726690,0.128071159,0.910342097,-0.001647108,-0.388333857,-0.143077850
1789388549.288360357,0.139539178,-0.046695345,0.128113884,0.910371304,-0.001586835,-0.388317615,-0.142936856
1789388549.321698427,0.139546335,-0.046691283,0.128146175,0.910357594,-0.001617991,-0.388371557,-0.142877549
1789388549.355036736,0.139593594,-0.046709416,0.128045584,0.910354793,-0.001581665,-0.388290137,-0.143117100
1789388549.388373852,0.139551697,-0.046693330,0.128072395,0.910375595,-0.001598029,-0.388291389,-0.142980769
1789388549.421711922,0.139610680,-0.046716551,0.128057458,0.910356939,-0.001629502,-0.388312906,-0.143041253
1789388549.455049992,0.139617891,-0.046688387,0.128070493,0.910346150,-0.001562106,-0.388348758,-0.143012568
1789388549.488388300,0.139574402,-0.046674310,0.128115088,0.910383284,-0.001609089,-0.388328284,-0.142831326
1789388549.521725178,0.139580495,-0.046687952,0.128096713,0.910360277,-0.001607610,-0.388332665,-0.142966628
1789388549.555063248,0.139606661,-0.046717852,0.128109274,0.910346448,-0.001626533,-0.388390154,-0.142897546
1789388549.588401318,0.139576423,-0.046711334,0.128048787,0.910378993,-0.001644504,-0.388281971,-0.142984092
1789388549.621738434,0.139586674,-0.046682386,0.128091146,0.910355210,-0.001590368,-0.388362974,-0.142915964
1789388549.655076742,0.139619180,-0.046698923,0.128089212,0.910324693,-0.001570867,-0.388387740,-0.143043295
1789388549.688412905,0.139618406,-0.046718937,0.128083742,0.910336912,-0.001647493,-0.388373882,-0.143002778
1789388549.721749306,0.139584536,-0.046678871,0.128107211,0.910368323,-0.001578445,-0.388352722,-0.142860472
1789388549.755084515,0.139588447,-0.046683368,0.128160284,0.910311997,-0.001559344,-0.388448834,-0.142959043
1789388549.788420677,0.139528260,-0.046642879,0.128175866,0.910346270,-0.001546317,-0.388368636,-0.142958462
1789388549.821756840,0.139579367,-0.046704258,0.128128477,0.910346568,-0.001627017,-0.388362318,-0.142972320
1789388549.855092049,0.139629711,-0.046756091,0.128149195,0.910303295,-0.001682550,-0.388477623,-0.142934352
1789388549.888428211,0.139603405,-0.046709679,0.128072374,0.910365403,-0.001587492,-0.388339281,-0.142916232
1789388549.921764374,0.139584246,-0.046706375,0.128085677,0.910367191,-0.001614711,-0.388320327,-0.142955497
1789388549.955100536,0.139583923,-0.046673735,0.128120536,0.910351932,-0.001595221,-0.388363719,-0.142934904
1789388549.988435745,0.139616977,-0.046718394,0.128139351,0.910313129,-0.001626389,-0.388438165,-0.142980039
1789388550.021771908,0.139589715,-0.046712592,0.128091254,0.910355091,-0.001612277,-0.388342708,-0.142972156
1789388550.055107832,0.139647699,-0.046707686,0.128103235,0.910312414,-0.001582781,-0.388428688,-0.143010303
1789388550.088443995,0.139547764,-0.046641573,0.128095659,0.910387695,-0.001551215,-0.388313442,-0.142844960
1789388550.121779203,0.139594250,-0.046688381,0.128169042,0.910341263,-0.001601625,-0.388431460,-0.142819256
1789388550.155115128,0.139551976,-0.046651298,0.128141640,0.910340130,-0.001528420,-0.388380915,-0.142964244
1789388550.188451529,0.139574467,-0.046686619,0.128110112,0.910357654,-0.001608331,-0.388347894,-0.142941564
1789388550.221786261,0.139623758,-0.046725084,0.128081540,0.910350263,-0.001637439,-0.388350010,-0.142982811
1789388550.255122662,0.139555501,-0.046677759,0.128067957,0.910363376,-0.001567438,-0.388292491,-0.143055677
1789388550.288458586,0.139518450,-0.046661576,0.128069859,0.910392702,-0.001576745,-0.388271630,-0.142925680
1789388550.321794510,0.139544304,-0.046677061,0.128101785,0.910390973,-0.001609066,-0.388303101,-0.142850608
1789388550.355129480,0.139581151,-0.046726529,0.128024533,0.910383105,-0.001638098,-0.388268381,-0.142994866
1789388550.388465643,0.139645045,-0.046714617,0.128074888,0.910352170,-0.001624390,-0.388373494,-0.142906949
1789388550.421801567,0.139557510,-0.046657885,0.128200828,0.910333276,-0.001580917,-0.388432503,-0.142867401
1789388550.455137491,0.139567429,-0.046652845,0.128131411,0.910351992,-0.001541882,-0.388373196,-0.142909944
1789388550.488472462,0.139584504,-0.046686372,0.128160714,0.910308778,-0.001537999,-0.388433069,-0.143021747
1789388550.521808386,0.139553739,-0.046673784,0.128182646,0.910337746,-0.001573441,-0.388411611,-0.142895266
1789388550.555144310,0.139584966,-0.046667610,0.128162380,0.910323322,-0.001562722,-0.388438344,-0.142914847
1789388550.588479042,0.139598108,-0.046701540,0.128144058,0.910321593,-0.001623360,-0.388423622,-0.142965719
1789388550.621814966,0.139539576,-0.046653608,0.128163798,0.910359561,-0.001576295,-0.388386965,-0.142823324
1789388550.655150890,0.139616118,-0.046723504,0.128052580,0.910346150,-0.001604388,-0.388342589,-0.143029392
1789388550.688488722,0.139521587,-0.046613296,0.128172427,0.910350859,-0.001517944,-0.388380110,-0.142898560
1789388550.721825838,0.139576573,-0.046679951,0.128155341,0.910345256,-0.001575882,-0.388406128,-0.142862543
1789388550.755163908,0.139626219,-0.046719168,0.128093435,0.910336673,-0.001630569,-0.388394922,-0.142947540
1789388550.788501978,0.139598666,-0.046698547,0.128088793,0.910359859,-0.001622567,-0.388336927,-0.142956883
1789388550.821839809,0.139596754,-0.046715746,0.128034172,0.910381556,-0.001616479,-0.388292193,-0.142940506
1789388550.855176926,0.139534934,-0.046643287,0.128139556,0.910373032,-0.001553412,-0.388350338,-0.142837211
1789388550.888514996,0.139616182,-0.046711651,0.128149539,0.910318971,-0.001597061,-0.388435185,-0.142950714
1789388550.921853065,0.139572802,-0.046686560,0.128074265,0.910380363,-0.001607066,-0.388304532,-0.142915040
1789388550.955189943,0.139543089,-0.046671618,0.128152128,0.910351276,-0.001587750,-0.388376713,-0.142904297
1789388550.988528013,0.139611938,-0.046695345,0.128118118,0.910341978,-0.001610707,-0.388392299,-0.142920405
1789388551.021866083,0.139549354,-0.046683019,0.128152827,0.910336018,-0.001574616,-0.388387233,-0.142973170
1789388551.055203915,0.139558037,-0.046688999,0.128076564,0.910387576,-0.001586944,-0.388290972,-0.142906010
1789388551.088541031,0.139585911,-0.046687603,0.128104621,0.910363495,-0.001605746,-0.388340950,-0.142922819
1789388551.121878862,0.139552836,-0.046696441,0.128084312,0.910377979,-0.001602584,-0.388317466,-0.142895371
1789388551.155216932,0.139543251,-0.046675852,0.128091576,0.910351813,-0.001537295,-0.388312787,-0.143075302
1789388551.188554049,0.139561411,-0.046679887,0.128065851,0.910377979,-0.001598359,-0.388300419,-0.142941117
1789388551.221891880,0.139576187,-0.046689397,0.128097099,0.910363555,-0.001580172,-0.388322294,-0.142973945
1789388551.255229950,0.139596947,-0.046692315,0.128094220,0.910361350,-0.001592370,-0.388328344,-0.142971575
1789388551.288567781,0.139583837,-0.046685846,0.128185730,0.910313785,-0.001575279,-0.388429254,-0.142999962
1789388551.321905136,0.139584815,-0.046696785,0.128093037,0.910338521,-0.001575139,-0.388359547,-0.143032283
1789388551.355242968,0.139601407,-0.046690370,0.128079294,0.910370111,-0.001592448,-0.388327688,-0.142916963
1789388551.388580799,0.139601041,-0.046712189,0.128112455,0.910354018,-0.001615306,-0.388364434,-0.142919958
1789388551.421918869,0.139581495,-0.046704081,0.128137987,0.910335481,-0.001581115,-0.388390064,-0.142968312
1789388551.455255747,0.139585858,-0.046714091,0.128058297,0.910368204,-0.001602161,-0.388308406,-0.142982051
1789388551.488594055,0.139620094,-0.046705236,0.128093661,0.910340607,-0.001641932,-0.388382316,-0.142956555
1789388551.521931887,0.139532806,-0.046651712,0.128176177,0.910356760,-0.001564936,-0.388381928,-0.142855510
1789388551.555268764,0.139620244,-0.046724944,0.128072621,0.910345554,-0.001605753,-0.388344973,-0.143026158
1789388551.588606834,0.139642337,-0.046744431,0.128096541,0.910332918,-0.001649436,-0.388396084,-0.142967626
1789388551.621944904,0.139576563,-0.046695989,0.128088857,0.910363674,-0.001609506,-0.388319224,-0.142980739
1789388551.655282736,0.139658381,-0.046756332,0.128116893,0.910310924,-0.001671429,-0.388460338,-0.142933130
1789388551.688619137,0.139572737,-0.046726416,0.128039137,0.910356700,-0.001633398,-0.388294578,-0.143092528
1789388551.721956491,0.139572791,-0.046676406,0.128128627,0.910361409,-0.001571995,-0.388363600,-0.142875716
1789388551.755293846,0.139590597,-0.046709266,0.128003171,0.910382032,-0.001576514,-0.388265282,-0.143011361
1789388551.788631439,0.139585492,-0.046708223,0.128022116,0.910385013,-0.001638520,-0.388271898,-0.142973796
1789388551.821967840,0.139589329,-0.046683976,0.128157104,0.910336435,-0.001580458,-0.388418615,-0.142885163
1789388551.855305195,0.139608982,-0.046720350,0.128069655,0.910358787,-0.001638160,-0.388338447,-0.142959744
1789388551.888642550,0.139577014,-0.046685480,0.128158071,0.910333931,-0.001569233,-0.388409913,-0.142924890
1789388551.921978951,0.139606661,-0.046692803,0.128159908,0.910333872,-0.001573059,-0.388426811,-0.142878845
1789388551.955316305,0.139558585,-0.046673488,0.128149205,0.910350978,-0.001591435,-0.388385177,-0.142882705
1789388551.988653898,0.139577540,-0.046717062,0.128128122,0.910316527,-0.001567951,-0.388395756,-0.143074021
1789388552.021991253,0.139531978,-0.046662087,0.128167312,0.910343826,-0.001567354,-0.388384253,-0.142931059
1789388552.055327415,0.139548882,-0.046661781,0.128101785,0.910374701,-0.001560991,-0.388303876,-0.142952785
1789388552.088664770,0.139578486,-0.046703221,0.128113368,0.910362661,-0.001640088,-0.388358742,-0.142879814
1789388552.122002125,0.139545282,-0.046672741,0.128124909,0.910384417,-0.001601033,-0.388322800,-0.142839640
1789388552.155339718,0.139580603,-0.046706268,0.128032818,0.910365164,-0.001615973,-0.388277262,-0.143085152
1789388552.188675880,0.139615774,-0.046747349,0.128090641,0.910339475,-0.001654584,-0.388369143,-0.142999321
1789388552.222013235,0.139483386,-0.046641261,0.128216560,0.910332441,-0.001510683,-0.388411731,-0.142929927
1789388552.255350590,0.139526960,-0.046649568,0.128211713,0.910341024,-0.001543309,-0.388417184,-0.142860129
1789388552.288686991,0.139621286,-0.046761710,0.128111144,0.910300732,-0.001649558,-0.388428330,-0.143085107
1789388552.322024107,0.139592993,-0.046682584,0.128104954,0.910334110,-0.001574141,-0.388371050,-0.143029034
1789388552.355361462,0.139622672,-0.046701309,0.128103719,0.910339296,-0.001592876,-0.388367385,-0.143005565
1789388552.388699055,0.139648194,-0.046733159,0.128159006,0.910306156,-0.001663960,-0.388480783,-0.142907515
1789388552.422035217,0.139644175,-0.046731859,0.128088825,0.910337925,-0.001655871,-0.388372719,-0.142999545
1789388552.455372572,0.139553620,-0.046672876,0.128171095,0.910350204,-0.001588158,-0.388388634,-0.142878473
1789388552.488709688,0.139575144,-0.046698574,0.128165754,0.910320461,-0.001590216,-0.388415456,-0.142995521
1789388552.522046089,0.139574026,-0.046678323,0.128086515,0.910385847,-0.001601312,-0.388303280,-0.142882958
1789388552.555383205,0.139546077,-0.046686093,0.128088385,0.910372913,-0.001545259,-0.388319463,-0.142922670
1789388552.588720798,0.139669073,-0.046738548,0.128102419,0.910293877,-0.001615749,-0.388448238,-0.143075407
1789388552.622057915,0.139594884,-0.046717078,0.128113809,0.910347998,-0.001624414,-0.388371915,-0.142938122
1789388552.655394316,0.139589844,-0.046664268,0.128163164,0.910328150,-0.001544940,-0.388406754,-0.142970517
1789388552.688731909,0.139609154,-0.046733965,0.128022857,0.910353124,-0.001645123,-0.388293475,-0.143117711
1789388552.722069740,0.139589855,-0.046693959,0.128113315,0.910339117,-0.001583606,-0.388376176,-0.142982870
1789388552.755407572,0.139566537,-0.046699665,0.128083850,0.910367548,-0.001610472,-0.388320178,-0.142954260
1789388552.788744450,0.139662174,-0.046768405,0.128084882,0.910329401,-0.001716965,-0.388407975,-0.142956749
1789388552.822082043,0.139587512,-0.046688371,0.128138556,0.910342753,-0.001593863,-0.388392866,-0.142914802
1789388552.855419636,0.139525434,-0.046639472,0.128171288,0.910365403,-0.001569252,-0.388369232,-0.142834499
1789388552.888756514,0.139558445,-0.046683820,0.128064572,0.910382032,-0.001546894,-0.388274133,-0.142987892
1789388552.922094345,0.139580560,-0.046705097,0.128074028,0.910369337,-0.001600418,-0.388299227,-0.142999336
1789388552.955432177,0.139579915,-0.046713473,0.128098905,0.910359025,-0.001631463,-0.388347298,-0.142933816
1789388552.988769770,0.139620126,-0.046719157,0.128061316,0.910357654,-0.001621722,-0.388327450,-0.142997250
1789388553.022106409,0.139521641,-0.046650997,0.128115840,0.910382390,-0.001562242,-0.388307482,-0.142894208
1789388553.055444241,0.139561572,-0.046655994,0.128204729,0.910326004,-0.001568309,-0.388455898,-0.142850384
1789388553.088782072,0.139588705,-0.046713757,0.128074813,0.910362899,-0.001628926,-0.388318211,-0.142988756
1789388553.122119904,0.139589479,-0.046710007,0.128038836,0.910396099,-0.001654775,-0.388283044,-0.142872408
1789388553.155456543,0.139585331,-0.046689252,0.128048357,0.910374343,-0.001589139,-0.388295084,-0.142979562
1789388553.188794136,0.139527304,-0.046674912,0.128122814,0.910356164,-0.001575391,-0.388312280,-0.143047661
1789388553.222131729,0.139569900,-0.046722789,0.128080777,0.910335064,-0.001613832,-0.388318181,-0.143166199
1789388553.255468845,0.139558864,-0.046698284,0.128141125,0.910345912,-0.001577735,-0.388362259,-0.142978147
1789388553.288806438,0.139595604,-0.046726610,0.128115346,0.910332859,-0.001622835,-0.388374478,-0.143026754
1789388553.322144032,0.139617504,-0.046712484,0.128136730,0.910335779,-0.001613444,-0.388407826,-0.142918065
1789388553.355481863,0.139558993,-0.046682724,0.128130046,0.910355330,-0.001581947,-0.388352692,-0.142943919
1789388553.388818502,0.139619266,-0.046721602,0.128087783,0.910351753,-0.001680136,-0.388375998,-0.142901793
1789388553.422156334,0.139638565,-0.046721957,0.128071654,0.910343707,-0.001625062,-0.388357818,-0.143003300
1789388553.455493927,0.139586706,-0.046708530,0.128067635,0.910367727,-0.001624931,-0.388305068,-0.142993852
1789388553.488831758,0.139539554,-0.046719157,0.128138170,0.910334826,-0.001591581,-0.388367802,-0.143033370
1789388553.522168398,0.139584396,-0.046708336,0.128095681,0.910354555,-0.001599890,-0.388331950,-0.143004879
1789388553.555505991,0.139577239,-0.046687581,0.128058382,0.910391092,-0.001607473,-0.388277292,-0.142920181
1789388553.588843822,0.139574822,-0.046697419,0.128109532,0.910357535,-0.001615872,-0.388358951,-0.142912626
1789388553.622180700,0.139587534,-0.046687839,0.128103536,0.910348952,-0.001583755,-0.388355553,-0.142976880
1789388553.655518293,0.139618772,-0.046760647,0.128124598,0.910326838,-0.001656227,-0.388399154,-0.142998353
1789388553.688858986,0.139588340,-0.046717696,0.128124136,0.910325944,-0.001590788,-0.388392508,-0.143022522
1789388553.722199440,0.139559466,-0.046712484,0.128140426,0.910350382,-0.001622652,-0.388372064,-0.142922476
1789388553.755539179,0.139654426,-0.046732487,0.128208232,0.910272896,-0.001613449,-0.388526112,-0.142996699
1789388553.788879633,0.139589769,-0.046655940,0.128102279,0.910344541,-0.001514519,-0.388354003,-0.143009588
1789388553.822220564,0.139580098,-0.046704404,0.128060403,0.910368025,-0.001578839,-0.388302952,-0.142997935
1789388553.855560064,0.139571029,-0.046685238,0.128105330,0.910363793,-0.001616189,-0.388342649,-0.142917037
1789388553.888900995,0.139605211,-0.046665713,0.128143457,0.910326004,-0.001550082,-0.388417065,-0.142955765
1789388553.922241688,0.139562110,-0.046695936,0.128134871,0.910351217,-0.001589406,-0.388363987,-0.142939553
1789388553.955582619,0.139587803,-0.046673574,0.128104611,0.910343111,-0.001519205,-0.388360769,-0.143000171
1789388553.988922358,0.139606608,-0.046700454,0.128069558,0.910376132,-0.001628460,-0.388312280,-0.142920777
1789388554.022263288,0.139580958,-0.046693770,0.128138696,0.910339117,-0.001605484,-0.388391227,-0.142941728
1789388554.055603981,0.139541510,-0.046659674,0.128206749,0.910315812,-0.001538156,-0.388434261,-0.142974198
1789388554.088945150,0.139549515,-0.046675943,0.128160048,0.910326898,-0.001558941,-0.388389438,-0.143025458
1789388554.122284889,0.139567633,-0.046696344,0.128149227,0.910336196,-0.001583759,-0.388389111,-0.142966554
1789388554.155626059,0.139530753,-0.046684825,0.128179874,0.910331547,-0.001587091,-0.388404965,-0.142952964
1789388554.188966990,0.139525843,-0.046700003,0.128195562,0.910288692,-0.001544394,-0.388436228,-0.143141851
1789388554.222307205,0.139595604,-0.046692024,0.128140802,0.910310090,-0.001544936,-0.388432145,-0.143016577
1789388554.255648136,0.139585997,-0.046728135,0.128099463,0.910329759,-0.001600030,-0.388345897,-0.143124253
1789388554.288989305,0.139610970,-0.046691358,0.128228681,0.910265267,-0.001557551,-0.388550341,-0.142980412
1789388554.322330475,0.139617558,-0.046700524,0.128108630,0.910324931,-0.001557748,-0.388369501,-0.143091798
1789388554.355670691,0.139625090,-0.046705322,0.128125318,0.910327017,-0.001604677,-0.388418674,-0.142944738
1789388554.389011860,0.139569438,-0.046692266,0.128108382,0.910355985,-0.001578356,-0.388352960,-0.142938823
1789388554.422353268,0.139621426,-0.046692078,0.128134892,0.910325766,-0.001595385,-0.388431609,-0.142917737
1789388554.455694675,0.139611110,-0.046706316,0.128083614,0.910339415,-0.001599099,-0.388358206,-0.143029630
1789388554.489034891,0.139531635,-0.046653984,0.128121428,0.910344183,-0.001481312,-0.388357460,-0.143002391
1789388554.522376299,0.139560927,-0.046699176,0.128156964,0.910337329,-0.001580275,-0.388384372,-0.142972335
1789388554.555717468,0.139597613,-0.046709196,0.128107007,0.910340607,-0.001613107,-0.388381988,-0.142957434
1789388554.589058161,0.139594884,-0.046718615,0.128086203,0.910342097,-0.001575188,-0.388341218,-0.143058762
1789388554.622399569,0.139610336,-0.046693781,0.128106975,0.910346866,-0.001601203,-0.388369024,-0.142952695
1789388554.655740976,0.139613291,-0.046696817,0.128110349,0.910342813,-0.001569402,-0.388377279,-0.142957047
1789388554.689079523,0.139595271,-0.046711684,0.128082593,0.910344839,-0.001605385,-0.388329715,-0.143072218
1789388554.722417355,0.139618879,-0.046712425,0.128147003,0.910298347,-0.001612219,-0.388449967,-0.143041342
1789388554.755755901,0.139569556,-0.046666917,0.128124770,0.910370529,-0.001596614,-0.388353586,-0.142844185
1789388554.789094448,0.139641757,-0.046737173,0.128257028,0.910227239,-0.001597606,-0.388601393,-0.143082887
1789388554.822432995,0.139577594,-0.046700750,0.128116453,0.910336852,-0.001593102,-0.388375163,-0.143000156
1789388554.855770826,0.139574693,-0.046719894,0.128060274,0.910363078,-0.001613282,-0.388304740,-0.143023878
1789388554.889109373,0.139492037,-0.046628995,0.128101376,0.910397589,-0.001519944,-0.388275415,-0.142884836
1789388554.922447920,0.139592853,-0.046694222,0.128203590,0.910315931,-0.001599539,-0.388465494,-0.142887682
1789388554.955785751,0.139586105,-0.046681585,0.128148722,0.910347164,-0.001601101,-0.388397813,-0.142873183
1789388554.989124298,0.139587287,-0.046695065,0.128144112,0.910337746,-0.001606756,-0.388404012,-0.142916113
1789388555.022462845,0.139562281,-0.046685620,0.128070708,0.910367548,-0.001599529,-0.388308555,-0.142985761
1789388555.055801630,0.139568450,-0.046697832,0.128114067,0.910357773,-0.001601467,-0.388353467,-0.142925546
1789388555.089139223,0.139635976,-0.046737393,0.128086794,0.910339236,-0.001636231,-0.388370633,-0.142997026
1789388555.122477770,0.139572705,-0.046683573,0.128144800,0.910349250,-0.001593744,-0.388379633,-0.142909512
1789388555.155816317,0.139607199,-0.046698391,0.128162563,0.910313070,-0.001605276,-0.388451010,-0.142945796
1789388555.189154148,0.139591445,-0.046699890,0.128130121,0.910332024,-0.001569056,-0.388393492,-0.142981350
1789388555.222492933,0.139572597,-0.046677657,0.128119708,0.910356581,-0.001569635,-0.388358742,-0.142919749
1789388555.255831480,0.139616257,-0.046701421,0.128137181,0.910320640,-0.001581439,-0.388420165,-0.142981201
1789388555.289170265,0.139571695,-0.046706939,0.128092017,0.910349905,-0.001595771,-0.388350964,-0.142982900
1789388555.322507858,0.139526434,-0.046690799,0.128082560,0.910391569,-0.001608412,-0.388277382,-0.142916992
1789388555.355846643,0.139564635,-0.046699229,0.128086278,0.910358369,-0.001603278,-0.388323545,-0.143003196
1789388555.389185190,0.139606135,-0.046703958,0.128153450,0.910315454,-0.001596083,-0.388427794,-0.142993167
1789388555.422523975,0.139626563,-0.046694346,0.128160650,0.910307229,-0.001565729,-0.388454050,-0.142975137
1789388555.455861807,0.139608230,-0.046723294,0.128127650,0.910320878,-0.001640666,-0.388424486,-0.142966941
1789388555.489200354,0.139659015,-0.046741616,0.128158221,0.910280406,-0.001615884,-0.388496876,-0.143028170
1789388555.522539377,0.139560336,-0.046680166,0.128094252,0.910360217,-0.001562178,-0.388318717,-0.143005058
1789388555.555876970,0.139615376,-0.046721505,0.128143510,0.910311580,-0.001626908,-0.388436794,-0.142993480
1789388555.589215517,0.139616429,-0.046742271,0.128158135,0.910313129,-0.001639459,-0.388431638,-0.142997578
1789388555.622554541,0.139516289,-0.046689096,0.128114572,0.910333991,-0.001518041,-0.388319522,-0.143170103
1789388555.655893326,0.139589962,-0.046696591,0.128213583,0.910314441,-0.001620137,-0.388481796,-0.142852753
1789388555.689230442,0.139603911,-0.046675299,0.128126124,0.910344958,-0.001575385,-0.388389140,-0.142910793
1789388555.722568989,0.139583934,-0.046690466,0.128144123,0.910331488,-0.001586654,-0.388388813,-0.142997622
1789388555.755907536,0.139557607,-0.046697795,0.128126038,0.910350382,-0.001595158,-0.388336152,-0.143019423
1789388555.789245844,0.139634622,-0.046744942,0.128170729,0.910257161,-0.001593118,-0.388510048,-0.143141374
1789388555.822583199,0.139575230,-0.046652614,0.128147626,0.910342515,-0.001546137,-0.388383061,-0.142943740
1789388555.855921745,0.139524456,-0.046674853,0.128108963,0.910376251,-0.001582760,-0.388303757,-0.142942980
1789388555.889260054,0.139609724,-0.046681295,0.128151387,0.910338819,-0.001557578,-0.388411850,-0.142888129
1789388555.922597408,0.139599870,-0.046696962,0.128195724,0.910299659,-0.001591292,-0.388467908,-0.142984852
1789388555.955935717,0.139570427,-0.046693255,0.128116087,0.910345852,-0.001588257,-0.388362020,-0.142978296
1789388555.989274263,0.139619739,-0.046696468,0.128167205,0.910314500,-0.001580569,-0.388462782,-0.142904580
1789388556.022612572,0.139601998,-0.046684599,0.128152655,0.910322845,-0.001563977,-0.388406336,-0.143004611
1789388556.055949926,0.139632569,-0.046713403,0.128117570,0.910329282,-0.001584520,-0.388407588,-0.142960146
1789388556.089288235,0.139567321,-0.046683680,0.128114970,0.910345912,-0.001573737,-0.388347030,-0.143019080
1789388556.122626781,0.139515774,-0.046687055,0.128114013,0.910357296,-0.001596605,-0.388347983,-0.142944083
1789388556.155965090,0.139688232,-0.046807208,0.128119472,0.910268724,-0.001700427,-0.388503522,-0.143083543
1789388556.189302444,0.139619331,-0.046717459,0.128149033,0.910316288,-0.001616648,-0.388419449,-0.143010348
1789388556.222640753,0.139567794,-0.046680027,0.128118816,0.910355449,-0.001572248,-0.388352215,-0.142943874
1789388556.255979300,0.139581302,-0.046682122,0.128127929,0.910338044,-0.001541550,-0.388386309,-0.142963007
1789388556.289316654,0.139582333,-0.046675497,0.128140469,0.910336852,-0.001551192,-0.388395429,-0.142945901
1789388556.322654963,0.139587502,-0.046700288,0.128136612,0.910306096,-0.001549382,-0.388421267,-0.143071324
1789388556.355993748,0.139599451,-0.046698128,0.128174050,0.910309017,-0.001588039,-0.388452679,-0.142967165
1789388556.389332056,0.139569395,-0.046675658,0.128187578,0.910315335,-0.001547789,-0.388440698,-0.142959565
1789388556.422669411,0.139600783,-0.046709836,0.128151623,0.910306931,-0.001596112,-0.388427019,-0.143049404
1789388556.456007719,0.139601633,-0.046724283,0.128168440,0.910304248,-0.001605720,-0.388435721,-0.143043578
1789388556.489346266,0.139590929,-0.046710029,0.128184688,0.910302877,-0.001593547,-0.388454020,-0.143001720
1789388556.522683620,0.139560100,-0.046672816,0.128157867,0.910323322,-0.001546122,-0.388397127,-0.143027008
1789388556.556021929,0.139650106,-0.046703270,0.128154170,0.910311043,-0.001594280,-0.388465941,-0.142917514
1789388556.589360237,0.139584837,-0.046711109,0.128089051,0.910352170,-0.001597708,-0.388348639,-0.142974794
1789388556.622698784,0.139559616,-0.046677125,0.128132936,0.910352409,-0.001576172,-0.388369620,-0.142915905
1789388556.656036139,0.139569803,-0.046702598,0.128094005,0.910356104,-0.001616386,-0.388338357,-0.142976910
1789388556.689374447,0.139631591,-0.046709126,0.128072416,0.910321355,-0.001570830,-0.388375700,-0.143097892
1789388556.722712994,0.139646679,-0.046716165,0.128163530,0.910287023,-0.001614068,-0.388512582,-0.142944127
1789388556.756051302,0.139588060,-0.046670393,0.128196873,0.910321236,-0.001556470,-0.388446182,-0.142906442
1789388556.789388657,0.139604791,-0.046745313,0.128091898,0.910339773,-0.001638591,-0.388345718,-0.143060625
1789388556.822726727,0.139618740,-0.046748047,0.128004611,0.910360992,-0.001649343,-0.388318151,-0.143001094
1789388556.856065273,0.139596259,-0.046684014,0.128090996,0.910348117,-0.001579528,-0.388367712,-0.142948732
1789388556.889402628,0.139583279,-0.046692046,0.128172470,0.910307467,-0.001580725,-0.388428181,-0.143043458
1789388556.922740936,0.139544325,-0.046697961,0.128098443,0.910358727,-0.001564268,-0.388319999,-0.143011093
1789388556.956079245,0.139562475,-0.046705016,0.128080089,0.910374165,-0.001591825,-0.388303012,-0.142958432
1789388556.989417791,0.139546152,-0.046669813,0.128208662,0.910332441,-0.001568504,-0.388421535,-0.142902523
1789388557.022754908,0.139661132,-0.046729124,0.128132775,0.910298765,-0.001645716,-0.388482243,-0.142951280
1789388557.056093216,0.139602030,-0.046717685,0.128095155,0.910332263,-0.001634699,-0.388369054,-0.143045813
1789388557.089431524,0.139582215,-0.046710448,0.128113272,0.910345852,-0.001542977,-0.388349801,-0.143012434
1789388557.122770071,0.139595593,-0.046732853,0.128117720,0.910315454,-0.001589413,-0.388386607,-0.143105581
1789388557.156107426,0.139590166,-0.046704688,0.128175662,0.910326958,-0.001609784,-0.388424635,-0.142928109
1789388557.189445734,0.139560197,-0.046685786,0.128108758,0.910345197,-0.001554691,-0.388359159,-0.142991245
1789388557.222784042,0.139585417,-0.046706279,0.128081110,0.910350561,-0.001588773,-0.388334125,-0.143024325
1789388557.256121397,0.139588985,-0.046691734,0.128183581,0.910324633,-0.001574774,-0.388434470,-0.142916903
1789388557.289459705,0.139544991,-0.046683503,0.128125092,0.910344601,-0.001554372,-0.388351202,-0.143015996
1789388557.322798014,0.139554555,-0.046665063,0.128134710,0.910343885,-0.001542934,-0.388367444,-0.142976552
1789388557.356136560,0.139588254,-0.046677244,0.128170138,0.910335004,-0.001571790,-0.388416737,-0.142899543
1789388557.389473915,0.139614216,-0.046734008,0.128061413,0.910364330,-0.001672724,-0.388316154,-0.142984927
1789388557.422812223,0.139617966,-0.046725739,0.128114400,0.910319507,-0.001641914,-0.388408661,-0.143018752
1789388557.456150532,0.139595851,-0.046710599,0.128155298,0.910312653,-0.001578373,-0.388424665,-0.143019870
1789388557.489489079,0.139627777,-0.046678882,0.128137127,0.910313725,-0.001548897,-0.388425082,-0.143012255
1789388557.522826195,0.139606285,-0.046735136,0.128100689,0.910327375,-0.001616976,-0.388353199,-0.143119425
1789388557.556164503,0.139621447,-0.046731198,0.128102816,0.910337329,-0.001653573,-0.388376325,-0.142993391
1789388557.589502811,0.139626960,-0.046739107,0.128172653,0.910301208,-0.001631499,-0.388447136,-0.143031031
1789388557.622840405,0.139702202,-0.046746618,0.128228327,0.910227954,-0.001621897,-0.388634950,-0.142987221
1789388557.656178713,0.139575961,-0.046673085,0.128159822,0.910322309,-0.001557362,-0.388415486,-0.142983362
1789388557.689517021,0.139589941,-0.046723713,0.128058877,0.910353363,-0.001607640,-0.388314545,-0.143059537
1789388557.722855568,0.139569599,-0.046701137,0.128056373,0.910371125,-0.001606297,-0.388294071,-0.143002510
1789388557.756192684,0.139630657,-0.046712882,0.128167677,0.910295308,-0.001607895,-0.388481528,-0.142975807
1789388557.789530993,0.139566311,-0.046691444,0.128110263,0.910340726,-0.001563049,-0.388356686,-0.143025830
1789388557.822869301,0.139550010,-0.046721849,0.128168150,0.910324037,-0.001612541,-0.388396204,-0.143024370
1789388557.856206894,0.139543906,-0.046667648,0.128100968,0.910382330,-0.001555774,-0.388323635,-0.142851248
1789388557.889544964,0.139540897,-0.046676067,0.128141630,0.910360873,-0.001563588,-0.388348043,-0.142921373
1789388557.922883272,0.139655479,-0.046727072,0.128047733,0.910347283,-0.001615950,-0.388352960,-0.142993510
1789388557.956221581,0.139609713,-0.046704882,0.128087321,0.910358429,-0.001627201,-0.388371825,-0.142871514
1789388557.989559174,0.139580829,-0.046672290,0.128146455,0.910354853,-0.001593831,-0.388379544,-0.142874047
1789388558.022897482,0.139582118,-0.046695753,0.128140662,0.910319269,-0.001572339,-0.388396531,-0.143054187
1789388558.056235552,0.139605157,-0.046707767,0.128216463,0.910293996,-0.001598640,-0.388509512,-0.142907664
1789388558.089573860,0.139590231,-0.046686087,0.128108597,0.910337269,-0.001536117,-0.388368547,-0.143016487
1789388558.122911453,0.139563367,-0.046727770,0.128111606,0.910340726,-0.001616149,-0.388326585,-0.143107355
1789388558.156249762,0.139598495,-0.046716175,0.128115389,0.910352409,-0.001620875,-0.388372660,-0.142907917
1789388558.189588070,0.139641940,-0.046769786,0.128123136,0.910293758,-0.001633929,-0.388449252,-0.143072367
1789388558.222925186,0.139578765,-0.046706800,0.128128337,0.910316885,-0.001549939,-0.388385862,-0.143098876
1789388558.256263733,0.139601579,-0.046710115,0.128129519,0.910334051,-0.001581583,-0.388401151,-0.142947823
1789388558.289602041,0.139563721,-0.046698950,0.128104525,0.910351276,-0.001593931,-0.388343543,-0.142993972
1789388558.322940350,0.139533096,-0.046660153,0.128138137,0.910351396,-0.001523614,-0.388335288,-0.143016189
1789388558.356277943,0.139566204,-0.046685862,0.128097336,0.910368383,-0.001574394,-0.388332337,-0.142916158
1789388558.389616251,0.139627476,-0.046754183,0.128060327,0.910335541,-0.001651542,-0.388359398,-0.143050879
1789388558.422954559,0.139549580,-0.046714692,0.128117860,0.910320222,-0.001561985,-0.388362378,-0.143140838
1789388558.456292629,0.139578067,-0.046724804,0.128141802,0.910322607,-0.001605726,-0.388393462,-0.143040806
1789388558.489630222,0.139587706,-0.046698074,0.128171976,0.910315335,-0.001575952,-0.388432175,-0.142982706
1789388558.522968531,0.139552105,-0.046685131,0.128144488,0.910353065,-0.001584484,-0.388358027,-0.142943740
1789388558.556306839,0.139628110,-0.046695721,0.128146132,0.910329223,-0.001605937,-0.388426661,-0.142909005
1789388558.589644194,0.139599752,-0.046729189,0.128114077,0.910331428,-0.001618286,-0.388378143,-0.143026546
1789388558.622982740,0.139591220,-0.046732149,0.128111230,0.910307646,-0.001601541,-0.388383418,-0.143163934
1789388558.656321049,0.139574209,-0.046702867,0.128178918,0.910321176,-0.001571255,-0.388423234,-0.142969489
1789388558.689658880,0.139561572,-0.046717454,0.128035945,0.910376966,-0.001601913,-0.388269365,-0.143031701
1789388558.722995996,0.139612786,-0.046726674,0.128083882,0.910323679,-0.001605181,-0.388363898,-0.143114388
1789388558.756334305,0.139580259,-0.046708605,0.128047143,0.910383880,-0.001590875,-0.388274014,-0.142975181
1789388558.789672136,0.139580915,-0.046717304,0.128082260,0.910358429,-0.001605137,-0.388314039,-0.143028781
1789388558.823010206,0.139553588,-0.046653882,0.128117420,0.910353899,-0.001533405,-0.388329446,-0.143016174
1789388558.856347322,0.139619148,-0.046732654,0.128054471,0.910368681,-0.001637190,-0.388302952,-0.142993495
1789388558.889685631,0.139633751,-0.046725127,0.128094091,0.910330415,-0.001608159,-0.388380706,-0.143025830
1789388558.923023462,0.139663732,-0.046734991,0.128123201,0.910302937,-0.001629862,-0.388461351,-0.142981991
1789388558.956360579,0.139610412,-0.046695737,0.128236687,0.910281062,-0.001565129,-0.388534993,-0.142921805
1789388558.989698648,0.139547334,-0.046648757,0.128125715,0.910356343,-0.001517332,-0.388340235,-0.142972171
1789388559.023036718,0.139625767,-0.046730333,0.128149883,0.910303652,-0.001598970,-0.388442665,-0.143028319
1789388559.056374788,0.139591349,-0.046728758,0.128142403,0.910312355,-0.001615313,-0.388412923,-0.143053412
1789388559.089711905,0.139606554,-0.046702002,0.128083635,0.910350859,-0.001573908,-0.388316154,-0.143071637
1789388559.123049736,0.139570244,-0.046712479,0.128116291,0.910356462,-0.001623283,-0.388343841,-0.142960101
1789388559.156388044,0.139622619,-0.046698547,0.128169375,0.910293639,-0.001578266,-0.388475180,-0.143004045
1789388559.189725161,0.139548269,-0.046712479,0.128132496,0.910343885,-0.001585130,-0.388360649,-0.142994523
1789388559.223062992,0.139526627,-0.046651738,0.128126897,0.910357833,-0.001521380,-0.388355374,-0.142921582
1789388559.256401062,0.139535568,-0.046671339,0.128115690,0.910359085,-0.001571755,-0.388326615,-0.142990917
1789388559.289739370,0.139550869,-0.046673091,0.128130529,0.910347223,-0.001553163,-0.388342172,-0.143023729
1789388559.323076248,0.139520169,-0.046671204,0.128110585,0.910354972,-0.001522342,-0.388309330,-0.143064514
1789388559.356414318,0.139664258,-0.046718975,0.128125769,0.910294652,-0.001590541,-0.388462543,-0.143031165
1789388559.389752388,0.139592875,-0.046718035,0.128121718,0.910343289,-0.001586360,-0.388360173,-0.143000185
1789388559.423090219,0.139581882,-0.046676884,0.128196960,0.910273075,-0.001501028,-0.388486445,-0.143105000
1789388559.456427574,0.139615666,-0.046724004,0.128133012,0.910324454,-0.001618543,-0.388411641,-0.142980143
1789388559.489765644,0.139602685,-0.046742401,0.128182958,0.910297930,-0.001626831,-0.388467550,-0.142996132
1789388559.523103476,0.139560498,-0.046701534,0.128160209,0.910311937,-0.001607860,-0.388424933,-0.143023744
1789388559.556440592,0.139595572,-0.046711528,0.128125661,0.910317421,-0.001553166,-0.388381451,-0.143107042
1789388559.589778662,0.139610659,-0.046704667,0.128150613,0.910302877,-0.001545694,-0.388442248,-0.143034592
1789388559.623116732,0.139582591,-0.046693346,0.128078982,0.910373151,-0.001600790,-0.388319492,-0.142919824
1789388559.656454802,0.139540704,-0.046682708,0.128078671,0.910381079,-0.001561166,-0.388282180,-0.142971739
1789388559.689791918,0.139667504,-0.046729355,0.128133162,0.910299599,-0.001620859,-0.388466477,-0.142988935
1789388559.723130226,0.139577218,-0.046710792,0.128158393,0.910313547,-0.001557533,-0.388397843,-0.143087640
1789388559.756468296,0.139605340,-0.046709572,0.128101419,0.910338759,-0.001637556,-0.388384640,-0.142961860
1789388559.789806604,0.139598430,-0.046676088,0.128170976,0.910313666,-0.001573650,-0.388451457,-0.142940938
1789388559.823143721,0.139598495,-0.046716686,0.128144553,0.910314798,-0.001588177,-0.388414592,-0.143033743
1789388559.856482029,0.139551374,-0.046647817,0.128130680,0.910343587,-0.001503084,-0.388362288,-0.142993003
1789388559.889820337,0.139587502,-0.046689902,0.128171138,0.910334170,-0.001572489,-0.388423771,-0.142885685
1789388559.923157454,0.139606952,-0.046698171,0.128210714,0.910267949,-0.001566986,-0.388504803,-0.143087104
1789388559.956495523,0.139637212,-0.046712012,0.128165517,0.910289288,-0.001606671,-0.388459593,-0.143073022
1789388559.989833832,0.139650644,-0.046735512,0.128160091,0.910280526,-0.001619123,-0.388497889,-0.143025041
1789388560.023172140,0.139549924,-0.046683879,0.128163358,0.910311699,-0.001540896,-0.388413221,-0.143057778
1789388560.056509256,0.139571705,-0.046683578,0.128132195,0.910326481,-0.001534177,-0.388390690,-0.143025085
1789388560.089847326,0.139570878,-0.046708954,0.128150323,0.910323083,-0.001583142,-0.388385445,-0.143059999
1789388560.123185873,0.139665516,-0.046741310,0.128183011,0.910264492,-0.001632143,-0.388520479,-0.143065184
1789388560.156523943,0.139593208,-0.046715584,0.128167677,0.910311699,-0.001603736,-0.388427138,-0.143019080
1789388560.189861059,0.139596421,-0.046688521,0.128117140,0.910341203,-0.001595385,-0.388377011,-0.142967880
1789388560.223199368,0.139609960,-0.046721280,0.128125758,0.910328686,-0.001583827,-0.388403207,-0.142976061
1789388560.256537676,0.139606339,-0.046702502,0.128168043,0.910292685,-0.001575873,-0.388474733,-0.143011063
1789388560.289874792,0.139596850,-0.046724890,0.128192769,0.910301268,-0.001608355,-0.388453662,-0.143013358
1789388560.323213100,0.139574564,-0.046708637,0.128088008,0.910342574,-0.001581883,-0.388346910,-0.143040195
1789388560.356551170,0.139572007,-0.046647258,0.128154718,0.910330057,-0.001509483,-0.388419122,-0.142924979
1789388560.389889717,0.139599505,-0.046726749,0.128101022,0.910337508,-0.001628825,-0.388376564,-0.142991439
1789388560.423226833,0.139504953,-0.046634551,0.128125791,0.910378754,-0.001495119,-0.388319671,-0.142885283
1789388560.456564903,0.139595067,-0.046723327,0.128159027,0.910294294,-0.001605684,-0.388441950,-0.143089890
1789388560.489903212,0.139576853,-0.046675927,0.128202805,0.910303473,-0.001550109,-0.388469845,-0.142955720
1789388560.523240566,0.139584246,-0.046724783,0.128084634,0.910353959,-0.001609851,-0.388327420,-0.143020838
1789388560.556578636,0.139634396,-0.046714016,0.128193156,0.910272598,-0.001590145,-0.388512909,-0.143035457
1789388560.589916945,0.139644143,-0.046755827,0.128194929,0.910256386,-0.001629066,-0.388523608,-0.143108800
1789388560.623255014,0.139650655,-0.046739972,0.128095509,0.910323739,-0.001624131,-0.388407379,-0.142995447
1789388560.656592607,0.139646807,-0.046752517,0.128134710,0.910287142,-0.001629465,-0.388472766,-0.143051028
1789388560.689930201,0.139568535,-0.046663715,0.128148507,0.910349190,-0.001550923,-0.388372332,-0.142929286
1789388560.723267794,0.139588662,-0.046707294,0.128141372,0.910312295,-0.001574788,-0.388386786,-0.143124849
1789388560.756605387,0.139601643,-0.046722811,0.128206233,0.910268724,-0.001560456,-0.388492614,-0.143115476
1789388560.789942026,0.139624865,-0.046717051,0.128112133,0.910324275,-0.001584396,-0.388400197,-0.143012211
1789388560.823279858,0.139523350,-0.046622929,0.128156900,0.910363853,-0.001509325,-0.388355374,-0.142882973
1789388560.856617451,0.139558252,-0.046698837,0.128124898,0.910324872,-0.001556962,-0.388381004,-0.143061295
1789388560.889954090,0.139557070,-0.046670554,0.128164271,0.910322249,-0.001521189,-0.388394386,-0.143041745
1789388560.923291683,0.139568557,-0.046679613,0.128163917,0.910322130,-0.001538665,-0.388405651,-0.143012002
1789388560.956629276,0.139602331,-0.046670613,0.128175683,0.910290241,-0.001515910,-0.388454467,-0.143082574
1789388560.989967108,0.139626831,-0.046738962,0.128086816,0.910323799,-0.001599202,-0.388384104,-0.143058941
1789388561.023303747,0.139614581,-0.046662387,0.128191608,0.910284221,-0.001530046,-0.388501704,-0.142992571
1789388561.056641340,0.139531248,-0.046647875,0.128148647,0.910343051,-0.001555912,-0.388376027,-0.142959282
1789388561.089978933,0.139547989,-0.046694426,0.128177639,0.910314977,-0.001590228,-0.388436586,-0.142972887
1789388561.123316765,0.139547216,-0.046680183,0.128090459,0.910359204,-0.001570895,-0.388347715,-0.142932400
1789388561.156653404,0.139558219,-0.046685819,0.128166528,0.910327017,-0.001584271,-0.388430953,-0.142911598
1789388561.189990997,0.139600644,-0.046683498,0.128150420,0.910324514,-0.001536020,-0.388411403,-0.142980471
1789388561.223328352,0.139518750,-0.046659029,0.128240716,0.910296977,-0.001543517,-0.388478130,-0.142975062
1789388561.256664991,0.139534278,-0.046659717,0.128164228,0.910333812,-0.001527466,-0.388397127,-0.142960891
1789388561.290002584,0.139516000,-0.046702023,0.128144961,0.910348952,-0.001591656,-0.388343841,-0.143007934
1789388561.323340416,0.139548430,-0.046698961,0.128162100,0.910331011,-0.001603720,-0.388380021,-0.143023670
1789388561.356678009,0.139583204,-0.046677271,0.128201204,0.910310090,-0.001537737,-0.388457328,-0.142948046
1789388561.390014648,0.139479453,-0.046666074,0.128174834,0.910337806,-0.001564568,-0.388364226,-0.143024519
1789388561.423352242,0.139544529,-0.046719125,0.128128391,0.910328209,-0.001574996,-0.388359398,-0.143098384
1789388561.456689596,0.139589887,-0.046682772,0.128147433,0.910331249,-0.001549537,-0.388420075,-0.142913952
1789388561.490027428,0.139591048,-0.046698020,0.128133678,0.910332799,-0.001581629,-0.388384521,-0.143001184
1789388561.523364067,0.139551117,-0.046674487,0.128146960,0.910347044,-0.001550151,-0.388365984,-0.142960340
1789388561.556701660,0.139575531,-0.046699132,0.128084495,0.910343051,-0.001571481,-0.388327152,-0.143091917
1789388561.590039253,0.139585503,-0.046707606,0.128142715,0.910304129,-0.001552545,-0.388404518,-0.143129319
1789388561.623375654,0.139647431,-0.046754049,0.128096272,0.910311162,-0.001623100,-0.388396561,-0.143105567
1789388561.656713486,0.139559165,-0.046704549,0.128089738,0.910330057,-0.001563293,-0.388338506,-0.143143252
1789388561.690052271,0.139584514,-0.046703737,0.128187589,0.910319567,-0.001589123,-0.388447940,-0.142912135
1789388561.723391056,0.139574811,-0.046689924,0.128189019,0.910306871,-0.001578877,-0.388478816,-0.142910123
1789388561.756728888,0.139620276,-0.046740891,0.128148840,0.910296559,-0.001629056,-0.388439029,-0.143082425
1789388561.790067911,0.139594701,-0.046707520,0.128077832,0.910348594,-0.001576930,-0.388347059,-0.143001497
1789388561.823406696,0.139633440,-0.046724509,0.128132023,0.910299242,-0.001624401,-0.388468534,-0.142985970
1789388561.856744528,0.139585997,-0.046682326,0.128167086,0.910312831,-0.001582350,-0.388441592,-0.142973214
1789388561.890083551,0.139577884,-0.046667110,0.128198206,0.910295784,-0.001547448,-0.388470113,-0.143003806
1789388561.923422337,0.139661648,-0.046734884,0.128114077,0.910296559,-0.001635076,-0.388469994,-0.142998978
1789388561.956761122,0.139606651,-0.046754102,0.128066668,0.910331905,-0.001640118,-0.388331085,-0.143150553
1789388561.990099192,0.139562464,-0.046703130,0.128187804,0.910299599,-0.001543082,-0.388425857,-0.143099621
1789388562.023437977,0.139581570,-0.046682219,0.128124501,0.910345495,-0.001552809,-0.388371468,-0.142956004
1789388562.056776762,0.139583279,-0.046724262,0.128134119,0.910314083,-0.001598728,-0.388399333,-0.143079564
1789388562.090116024,0.139601170,-0.046709416,0.128149377,0.910313070,-0.001573666,-0.388419271,-0.143031970
1789388562.123453856,0.139526240,-0.046642030,0.128168247,0.910335898,-0.001523139,-0.388380110,-0.142993689
1789388562.156792641,0.139572500,-0.046717718,0.128239416,0.910274386,-0.001603036,-0.388511181,-0.143028229
1789388562.190131664,0.139605447,-0.046668255,0.128076736,0.910337210,-0.001538064,-0.388361424,-0.143035740
1789388562.223469734,0.139538447,-0.046685475,0.128051376,0.910390079,-0.001576812,-0.388253897,-0.142990783
1789388562.256808519,0.139554921,-0.046682692,0.128134580,0.910338640,-0.001550596,-0.388348252,-0.143062711
1789388562.290147543,0.139584901,-0.046708379,0.128128993,0.910334706,-0.001565061,-0.388378799,-0.143004224
1789388562.323486567,0.139537319,-0.046672811,0.128085956,0.910354555,-0.001525969,-0.388306707,-0.143074185
1789388562.356824398,0.139604297,-0.046696049,0.128139771,0.910306573,-0.001566125,-0.388433933,-0.143033460
1789388562.390163422,0.139591574,-0.046681526,0.128161499,0.910328329,-0.001581348,-0.388418287,-0.142937347
1789388562.423502445,0.139497807,-0.046680860,0.128059930,0.910381854,-0.001583500,-0.388255417,-0.143038824
1789388562.456841230,0.139516945,-0.046669856,0.128182485,0.910314083,-0.001521209,-0.388405919,-0.143062055
1789388562.490179539,0.139574532,-0.046701550,0.128176468,0.910309911,-0.001557142,-0.388423771,-0.143039733
1789388562.523518324,0.139667138,-0.046749563,0.128213132,0.910240889,-0.001642166,-0.388593644,-0.143016815
1789388562.556857347,0.139615204,-0.046693642,0.128154664,0.910300374,-0.001555632,-0.388445139,-0.143043101
1789388562.590195417,0.139591843,-0.046695914,0.128217000,0.910286546,-0.001550562,-0.388510883,-0.142952353
1789388562.623534441,0.139566236,-0.046650261,0.128212820,0.910312116,-0.001554509,-0.388471097,-0.142897576
1789388562.656873226,0.139564194,-0.046681789,0.128057985,0.910391629,-0.001609836,-0.388273418,-0.142927647
1789388562.690211773,0.139636287,-0.046736538,0.128114755,0.910328150,-0.001627697,-0.388395756,-0.142998844
1789388562.723549128,0.139622511,-0.046735577,0.128139953,0.910326719,-0.001636151,-0.388423830,-0.142931670
1789388562.756887197,0.139521351,-0.046646178,0.128168150,0.910331368,-0.001516283,-0.388400733,-0.142966762
1789388562.790225506,0.139606812,-0.046720570,0.128155417,0.910292387,-0.001579278,-0.388446331,-0.143089414
1789388562.823564053,0.139594981,-0.046713720,0.128168279,0.910318196,-0.001611300,-0.388436049,-0.142953560
1789388562.856901169,0.139528249,-0.046685480,0.128128993,0.910331368,-0.001545081,-0.388359845,-0.143077344
1789388562.890239477,0.139519234,-0.046660491,0.128179068,0.910324275,-0.001539485,-0.388392448,-0.143033460
1789388562.923577785,0.139600977,-0.046693620,0.128131733,0.910314798,-0.001566928,-0.388405591,-0.143058300
1789388562.956915140,0.139618299,-0.046691224,0.128062316,0.910351574,-0.001570721,-0.388333321,-0.143020317
1789388562.990253448,0.139572468,-0.046719383,0.128164959,0.910312831,-0.001576628,-0.388417989,-0.143037409
1789388563.023591757,0.139579066,-0.046697644,0.128203719,0.910289168,-0.001575144,-0.388500571,-0.142963529
1789388563.056930065,0.139617697,-0.046710792,0.128184183,0.910293877,-0.001605389,-0.388455629,-0.143055245
1789388563.090267420,0.139622382,-0.046722612,0.128218494,0.910269201,-0.001605800,-0.388531327,-0.143006653
1789388563.123605728,0.139589382,-0.046709959,0.128078563,0.910335004,-0.001563419,-0.388325989,-0.143145591
1789388563.156944036,0.139622210,-0.046730623,0.128107662,0.910292208,-0.001567712,-0.388419360,-0.143164694
1789388563.190281153,0.139535052,-0.046706902,0.128104138,0.910333753,-0.001544738,-0.388324916,-0.143156871
1789388563.223619699,0.139560562,-0.046682063,0.128139986,0.910339355,-0.001535891,-0.388375580,-0.142983884
1789388563.256958008,0.139544035,-0.046684685,0.128127069,0.910337865,-0.001573968,-0.388343275,-0.143081024
1789388563.290296078,0.139573607,-0.046672902,0.128209027,0.910309315,-0.001548416,-0.388459384,-0.142947316
1789388563.323633432,0.139594121,-0.046688204,0.128100689,0.910328686,-0.001553335,-0.388371378,-0.143062979
1789388563.356971979,0.139626369,-0.046703958,0.128253106,0.910258055,-0.001583464,-0.388578147,-0.142951056
1789388563.390310049,0.139521888,-0.046667288,0.128216947,0.910313427,-0.001533093,-0.388440758,-0.142971650
1789388563.423648357,0.139556908,-0.046692438,0.128150140,0.910326123,-0.001575117,-0.388383597,-0.143045783
1789388563.456985950,0.139632172,-0.046708406,0.128085591,0.910328507,-0.001558867,-0.388379633,-0.143041492
1789388563.490324259,0.139654082,-0.046769259,0.128181733,0.910262287,-0.001657474,-0.388546199,-0.143009558
1789388563.523662329,0.139639694,-0.046753361,0.128093972,0.910304487,-0.001604043,-0.388401717,-0.143133536
1789388563.556999683,0.139652470,-0.046734545,0.128163508,0.910293579,-0.001587580,-0.388481140,-0.142987773
1789388563.590338230,0.139594078,-0.046701147,0.128147153,0.910320818,-0.001573487,-0.388414145,-0.142996237
1789388563.623676300,0.139537244,-0.046666546,0.128209328,0.910327613,-0.001537471,-0.388425410,-0.142922699
1789388563.657014608,0.139629754,-0.046735287,0.128072610,0.910327613,-0.001607126,-0.388365924,-0.143084124
1789388563.690351725,0.139637856,-0.046735829,0.128136569,0.910296857,-0.001633050,-0.388465613,-0.143009186
1789388563.723689795,0.139548463,-0.046683600,0.128150764,0.910336912,-0.001529200,-0.388381690,-0.142982870
1789388563.757027864,0.139635782,-0.046726475,0.128216377,0.910258830,-0.001570792,-0.388559014,-0.142997637
1789388563.790365696,0.139619481,-0.046698660,0.128203396,0.910298169,-0.001602773,-0.388491422,-0.142930597
1789388563.823702812,0.139561207,-0.046697849,0.128151236,0.910329878,-0.001565502,-0.388376057,-0.143042132
1789388563.857041121,0.139560659,-0.046678178,0.128229079,0.910306931,-0.001567787,-0.388468772,-0.142936632
1789388563.890378952,0.139500257,-0.046654366,0.128130304,0.910361290,-0.001520269,-0.388327539,-0.142974436
1789388563.923716068,0.139581086,-0.046710437,0.128164905,0.910301805,-0.001546592,-0.388419181,-0.143104196
1789388563.957053900,0.139562991,-0.046684239,0.128143199,0.910331488,-0.001587446,-0.388364822,-0.143061951
1789388563.990392208,0.139569019,-0.046671226,0.128165303,0.910299182,-0.001507265,-0.388435900,-0.143076032
1789388564.023730040,0.139627959,-0.046694104,0.128266947,0.910236776,-0.001542539,-0.388602883,-0.143019527
1789388564.057067156,0.139596324,-0.046710303,0.128192823,0.910274327,-0.001542900,-0.388483256,-0.143104926
1789388564.090404987,0.139546163,-0.046671876,0.128151269,0.910333872,-0.001539346,-0.388384461,-0.142995015
1789388564.123743057,0.139631753,-0.046741347,0.128102504,0.910304487,-0.001630874,-0.388427585,-0.143063486
1789388564.157081127,0.139627916,-0.046704608,0.128119193,0.910327733,-0.001557373,-0.388403296,-0.142982319
1789388564.190418243,0.139568482,-0.046674799,0.128137342,0.910338163,-0.001544242,-0.388371617,-0.143002346
1789388564.223756075,0.139573328,-0.046686840,0.128171256,0.910306692,-0.001528599,-0.388415158,-0.143084526
1789388564.257094145,0.139596485,-0.046687097,0.128069085,0.910354912,-0.001558405,-0.388338178,-0.142985821
1789388564.290431261,0.139593111,-0.046716793,0.128073126,0.910350919,-0.001572904,-0.388320237,-0.143060029
1789388564.323769331,0.139585385,-0.046702184,0.128183968,0.910285115,-0.001518467,-0.388434529,-0.143168867
1789388564.357107162,0.139562410,-0.046681300,0.128251752,0.910277009,-0.001561311,-0.388522595,-0.142980725
1789388564.390445232,0.139539823,-0.046659561,0.128176854,0.910315812,-0.001499943,-0.388412684,-0.143033713
1789388564.423782110,0.139550869,-0.046659072,0.128191318,0.910303891,-0.001498575,-0.388431609,-0.143058106
1789388564.457120419,0.139641553,-0.046730526,0.128081690,0.910311401,-0.001582347,-0.388407022,-0.143075883
1789388564.490458250,0.139536588,-0.046630639,0.128260671,0.910285354,-0.001468288,-0.388510436,-0.142961681
1789388564.523795366,0.139579958,-0.046689273,0.128203901,0.910280585,-0.001553897,-0.388489544,-0.143047974
1789388564.557133198,0.139580162,-0.046663065,0.128181239,0.910304368,-0.001530753,-0.388454407,-0.142992631
1789388564.590471268,0.139534074,-0.046659857,0.128152289,0.910340369,-0.001543862,-0.388387352,-0.142945096
1789388564.623809338,0.139557543,-0.046678442,0.128138954,0.910336077,-0.001534592,-0.388389915,-0.142965287
1789388564.657146215,0.139571705,-0.046691031,0.128174985,0.910303354,-0.001563982,-0.388442844,-0.143029645
1789388564.690484762,0.139559165,-0.046667395,0.128192242,0.910313964,-0.001529895,-0.388432503,-0.142990977
1789388564.723823309,0.139619374,-0.046711915,0.128142522,0.910314441,-0.001612984,-0.388420492,-0.143019259
1789388564.757161856,0.139571501,-0.046681676,0.128118279,0.910318553,-0.001532080,-0.388386577,-0.143086255
1789388564.790499210,0.139602245,-0.046731402,0.128062133,0.910347044,-0.001669758,-0.388332874,-0.143048912
