t_sec,x,y,z,qw,qx,qy,qz
1790503940.795087099,0.148819759,-0.274427620,-1.280980546,-0.418866398,-0.287825913,0.708897413,-0.489051778
1790503940.828362465,0.148764721,-0.274451426,-1.280962641,-0.418816806,-0.287858746,0.708893062,-0.489081233
1790503940.861618757,0.148752591,-0.274562893,-1.280851223,-0.418916704,-0.287805325,0.708809369,-0.489148411
1790503940.894870281,0.148829892,-0.274464360,-1.280988904,-0.418886134,-0.287755595,0.708785016,-0.489239129
1790503940.928116322,0.148871320,-0.274414309,-1.280833724,-0.418949662,-0.287770419,0.708790594,-0.489167926
1790503940.961358309,0.148736370,-0.274498800,-1.280781638,-0.419142431,-0.287634718,0.708724660,-0.489178136
1790503940.994596004,0.148791543,-0.274369184,-1.280730874,-0.419121482,-0.287684112,0.708778336,-0.489089262
1790503941.027828932,0.148735561,-0.274442658,-1.280774625,-0.419041253,-0.287674368,0.708803050,-0.489127920
1790503941.061056137,0.148748660,-0.274538580,-1.280913839,-0.418972928,-0.287787600,0.708776473,-0.489158354
1790503941.094279766,0.148778911,-0.274394913,-1.280986287,-0.418934402,-0.287776207,0.708814882,-0.489142396
1790503941.127498865,0.148793979,-0.274442195,-1.280783623,-0.418978872,-0.287773411,0.708826673,-0.489088864
1790503941.160712242,0.148813909,-0.274470825,-1.280829113,-0.418892534,-0.287806135,0.708862161,-0.489092128
1790503941.193921566,0.148761546,-0.274440106,-1.280771300,-0.418891034,-0.287806669,0.708864121,-0.489090259
1790503941.227126598,0.148725818,-0.274390986,-1.280780879,-0.418887615,-0.287863380,0.708886910,-0.489026778
1790503941.260326862,0.148806747,-0.274460794,-1.280899334,-0.418862540,-0.287847599,0.708886337,-0.489058375
1790503941.293521643,0.148765986,-0.274350790,-1.280866427,-0.418874532,-0.287870498,0.708916220,-0.488991304
1790503941.326712608,0.148777689,-0.274484866,-1.280918466,-0.418797353,-0.287940126,0.708895169,-0.489046930
1790503941.359899044,0.148715807,-0.274515983,-1.280828394,-0.418913060,-0.287866987,0.708855748,-0.489048029
1790503941.393079758,0.148767352,-0.274440112,-1.280798343,-0.418992466,-0.287827748,0.708846260,-0.489016850
1790503941.426256895,0.148746184,-0.274473641,-1.280725098,-0.419031728,-0.287885404,0.708802809,-0.489012252
1790503941.459429264,0.148868355,-0.274492307,-1.280901842,-0.418939313,-0.287792989,0.708832967,-0.489102109
1790503941.492596865,0.148729862,-0.274391281,-1.281007379,-0.418854707,-0.287797014,0.708886173,-0.489095089
1790503941.525758743,0.148804487,-0.274472335,-1.280874039,-0.418856715,-0.287780973,0.708885767,-0.489103397
1790503941.558917284,0.148801988,-0.274482549,-1.280843324,-0.418803966,-0.287780868,0.708870222,-0.489171155
1790503941.592071056,0.148750929,-0.274540251,-1.280823999,-0.418991853,-0.287671443,0.708765572,-0.489226258
1790503941.625220060,0.148817939,-0.274440368,-1.280826902,-0.418951247,-0.287655870,0.708761011,-0.489276795
1790503941.658363581,0.148754720,-0.274463187,-1.280817240,-0.419029340,-0.287596796,0.708747782,-0.489263810
1790503941.691503286,0.148756401,-0.274411684,-1.280882100,-0.418967842,-0.287575852,0.708776660,-0.489286954
1790503941.724638462,0.148762487,-0.274565924,-1.280834090,-0.419001965,-0.287624552,0.708696652,-0.489344997
1790503941.757767916,0.148873896,-0.274364730,-1.280853035,-0.418948877,-0.287686513,0.708708910,-0.489336274
1790503941.790893555,0.148820908,-0.274429201,-1.280861459,-0.418866724,-0.287742969,0.708710175,-0.489371576
1790503941.824015617,0.148793683,-0.274422633,-1.280859593,-0.418865378,-0.287817479,0.708748160,-0.489273890
1790503941.857354403,0.148823388,-0.274461604,-1.280991908,-0.418811738,-0.287876939,0.708777999,-0.489241600
1790503941.890692234,0.148835467,-0.274452320,-1.280900917,-0.418817510,-0.287846294,0.708794288,-0.489231093
1790503941.924031019,0.148810238,-0.274420131,-1.280766251,-0.418879779,-0.287889199,0.708804636,-0.489137535
1790503941.957369804,0.148787307,-0.274503301,-1.280903491,-0.418844175,-0.287888795,0.708790717,-0.489188428
1790503941.990708828,0.148796563,-0.274475327,-1.280866102,-0.418922190,-0.287872378,0.708783629,-0.489141555
1790503942.024046659,0.148792493,-0.274564272,-1.281035656,-0.418890502,-0.287876667,0.708736197,-0.489234888
1790503942.057385445,0.148861382,-0.274537582,-1.281062956,-0.418898023,-0.287855908,0.708745828,-0.489226709
1790503942.090724468,0.148784296,-0.274429444,-1.280943203,-0.418790668,-0.287825137,0.708801985,-0.489255365
1790503942.124062300,0.148788411,-0.274433972,-1.281008001,-0.418749454,-0.287875019,0.708790220,-0.489278338
1790503942.157401085,0.148766971,-0.274462435,-1.280927299,-0.418813089,-0.287822660,0.708816629,-0.489216414
1790503942.190740108,0.148800584,-0.274385904,-1.280856415,-0.418873864,-0.287876357,0.708868059,-0.489058242
1790503942.224079132,0.148797636,-0.274491498,-1.280963233,-0.418850457,-0.287843805,0.708876912,-0.489084616
1790503942.257416964,0.148858491,-0.274513627,-1.281030756,-0.418788671,-0.287888229,0.708871178,-0.489119688
1790503942.290755749,0.148858030,-0.274415280,-1.280951935,-0.418716096,-0.287860993,0.708922957,-0.489122807
1790503942.324094772,0.148761043,-0.274487525,-1.280935639,-0.418743294,-0.287859356,0.708877586,-0.489166243
1790503942.357433796,0.148797978,-0.274421495,-1.280911319,-0.418813609,-0.287843535,0.708883161,-0.489107272
1790503942.390771627,0.148806930,-0.274453343,-1.280952994,-0.418814162,-0.287828138,0.708883816,-0.489114911
1790503942.424110651,0.148849485,-0.274409490,-1.280987478,-0.418800220,-0.287826760,0.708926649,-0.489065577
1790503942.457449675,0.148787897,-0.274458445,-1.280898265,-0.418855708,-0.287864037,0.708918372,-0.489008112
1790503942.490787506,0.148809890,-0.274464113,-1.281005344,-0.418828445,-0.287812180,0.708936480,-0.489035734
1790503942.524126768,0.148770312,-0.274495990,-1.280946256,-0.418685043,-0.287973917,0.708928489,-0.489074897
1790503942.557465792,0.148810372,-0.274409427,-1.280876586,-0.418731475,-0.287923078,0.708942752,-0.489044402
1790503942.590804577,0.148833430,-0.274474649,-1.280923338,-0.418737949,-0.287909446,0.708946968,-0.489040773
1790503942.624142885,0.148881628,-0.274423984,-1.280974211,-0.418643159,-0.287924927,0.709014606,-0.489014755
1790503942.657481909,0.148814549,-0.274497078,-1.281016364,-0.418582863,-0.288024079,0.708967986,-0.489075567
1790503942.690820694,0.148843360,-0.274463898,-1.280959699,-0.418651461,-0.287979009,0.708949511,-0.489070174
1790503942.724159002,0.148783137,-0.274429846,-1.280954632,-0.418674912,-0.287954784,0.708951667,-0.489061237
1790503942.757498026,0.148788597,-0.274499219,-1.280945492,-0.418708052,-0.287898361,0.708963990,-0.489048221
1790503942.790837049,0.148789970,-0.274480982,-1.280956839,-0.418732846,-0.287852925,0.708939064,-0.489089870
1790503942.824176311,0.148822845,-0.274471364,-1.280888166,-0.418697253,-0.287951011,0.708906775,-0.489109405
1790503942.857506990,0.148882218,-0.274467762,-1.281002208,-0.418573313,-0.288051526,0.708937405,-0.489111906
1790503942.890838623,0.148853919,-0.274445475,-1.280887901,-0.418607820,-0.288010004,0.708956554,-0.489079068
1790503942.924170494,0.148799405,-0.274514431,-1.281019799,-0.418601810,-0.287986490,0.708910360,-0.489165012
1790503942.957501888,0.148841532,-0.274512976,-1.281041829,-0.418654402,-0.287943016,0.708919329,-0.489132596
1790503942.990832329,0.148774106,-0.274532650,-1.280983134,-0.418698222,-0.287913938,0.708932270,-0.489093446
1790503943.024163485,0.148775331,-0.274452767,-1.280930455,-0.418782063,-0.287915386,0.708931824,-0.489021454
1790503943.057494879,0.148882099,-0.274413791,-1.280901888,-0.418654701,-0.288053848,0.709021734,-0.488918606
1790503943.090824842,0.148840658,-0.274553540,-1.281080895,-0.418705955,-0.288051878,0.708922188,-0.489020215
1790503943.124155998,0.148818508,-0.274475960,-1.281174597,-0.418770199,-0.287964298,0.708914038,-0.489028599
1790503943.157486916,0.148803804,-0.274499561,-1.281081792,-0.418811520,-0.287925516,0.708896145,-0.489041986
1790503943.190817595,0.148854810,-0.274442047,-1.281153582,-0.418744042,-0.287853512,0.708917642,-0.489110989
1790503943.224147558,0.148837589,-0.274450982,-1.281076710,-0.418743007,-0.287908760,0.708893977,-0.489113657
1790503943.257477999,0.148819112,-0.274467619,-1.281020681,-0.418800033,-0.287805319,0.708916488,-0.489093083
1790503943.290808439,0.148799654,-0.274575339,-1.281021493,-0.418781338,-0.287863808,0.708837115,-0.489189702
1790503943.324138880,0.148824104,-0.274428165,-1.281081034,-0.418812494,-0.287842712,0.708847858,-0.489159874
1790503943.357468367,0.148838004,-0.274528149,-1.281221494,-0.418774943,-0.287825239,0.708828946,-0.489229704
1790503943.390798330,0.148875680,-0.274329388,-1.280992487,-0.418631760,-0.287925832,0.708943569,-0.489126957
1790503943.424128532,0.148819412,-0.274491125,-1.281110022,-0.418608521,-0.287992637,0.708901598,-0.489168348
1790503943.457457542,0.148748728,-0.274515664,-1.280985509,-0.418812397,-0.287878285,0.708872791,-0.489102888
1790503943.490787268,0.148874541,-0.274503281,-1.280918194,-0.418783836,-0.287884528,0.708837577,-0.489174700
1790503943.524117231,0.148808871,-0.274419134,-1.280898761,-0.418741259,-0.287992249,0.708848665,-0.489131672
1790503943.557446718,0.148896993,-0.274559424,-1.280941152,-0.418699802,-0.287878485,0.708830807,-0.489259993
1790503943.590775490,0.148853970,-0.274442383,-1.280937469,-0.418677268,-0.287832100,0.708867861,-0.489252883
1790503943.624104977,0.148762052,-0.274552753,-1.280976849,-0.418756852,-0.287823778,0.708816112,-0.489264644
1790503943.657434225,0.148908856,-0.274427637,-1.280876947,-0.418731371,-0.287779355,0.708848982,-0.489264961
1790503943.690763474,0.148785361,-0.274497298,-1.280849843,-0.418886548,-0.287742670,0.708808795,-0.489211926
1790503943.724091768,0.148782253,-0.274485444,-1.281115016,-0.418913848,-0.287696926,0.708776165,-0.489262726
1790503943.757421017,0.148738313,-0.274563706,-1.280964425,-0.418948908,-0.287756920,0.708701441,-0.489305666
1790503943.790749788,0.148826553,-0.274441918,-1.281033118,-0.418922045,-0.287740451,0.708754169,-0.489261976
1790503943.824077606,0.148778632,-0.274475438,-1.280913975,-0.418993097,-0.287749571,0.708683572,-0.489298032
1790503943.857426405,0.148827300,-0.274439786,-1.280935719,-0.418949404,-0.287719172,0.708712727,-0.489311094
1790503943.890775442,0.148855907,-0.274455346,-1.280886702,-0.418938739,-0.287769562,0.708709107,-0.489295834
1790503943.924124479,0.148824669,-0.274447897,-1.280900081,-0.418887543,-0.287781161,0.708725395,-0.489309252
1790503943.957472563,0.148817168,-0.274466781,-1.280839580,-0.418845476,-0.287746187,0.708745693,-0.489336429
1790503943.990822077,0.148815203,-0.274456709,-1.280923242,-0.418801837,-0.287795919,0.708766368,-0.489314589
1790503944.024171591,0.148808474,-0.274464610,-1.280834742,-0.418818514,-0.287776978,0.708827761,-0.489222514
1790503944.057520151,0.148859610,-0.274405789,-1.280914905,-0.418740760,-0.287849796,0.708838177,-0.489231141
1790503944.090870142,0.148857290,-0.274446076,-1.280963805,-0.418712422,-0.287925143,0.708850234,-0.489193586
1790503944.124220133,0.148820267,-0.274479773,-1.280987772,-0.418731751,-0.287919361,0.708857268,-0.489170253
1790503944.157570362,0.148857185,-0.274517456,-1.280971283,-0.418723149,-0.287880726,0.708867611,-0.489185366
1790503944.190919638,0.148869525,-0.274511796,-1.281114378,-0.418698970,-0.287864268,0.708870128,-0.489212098
1790503944.224270344,0.148835743,-0.274464661,-1.281033710,-0.418669294,-0.287944185,0.708846515,-0.489224679
1790503944.257620811,0.148874215,-0.274482940,-1.281085032,-0.418721826,-0.287796948,0.708836817,-0.489280406
1790503944.290971756,0.148761161,-0.274518839,-1.280961400,-0.418582151,-0.287904396,0.708841756,-0.489329547
1790503944.324321508,0.148781913,-0.274401094,-1.280849343,-0.418692678,-0.287947379,0.708831822,-0.489224076
1790503944.357672691,0.148794841,-0.274485888,-1.280901150,-0.418823240,-0.287906278,0.708787420,-0.489200840
1790503944.391023636,0.148838223,-0.274375997,-1.280836493,-0.418831253,-0.287893014,0.708860929,-0.489095264
1790503944.424374342,0.148799140,-0.274534085,-1.280908747,-0.418905461,-0.287818090,0.708833918,-0.489114955
1790503944.457725525,0.148806195,-0.274535722,-1.281105042,-0.418824533,-0.287905796,0.708790215,-0.489195968
1790503944.491077423,0.148799657,-0.274475856,-1.281090196,-0.418941137,-0.287795065,0.708766894,-0.489195068
1790503944.524429083,0.148806057,-0.274383071,-1.280941411,-0.418896041,-0.287887694,0.708802776,-0.489127189
1790503944.557780266,0.148799003,-0.274457081,-1.280938439,-0.418977785,-0.287761663,0.708827990,-0.489094798
1790503944.591132402,0.148852582,-0.274426219,-1.280894873,-0.418882249,-0.287833675,0.708836318,-0.489122184
1790503944.624484539,0.148787064,-0.274480726,-1.280912682,-0.418833238,-0.287801280,0.708878209,-0.489122507
1790503944.657837152,0.148805317,-0.274497943,-1.280924804,-0.418817009,-0.287862043,0.708873769,-0.489107080
1790503944.691188812,0.148767842,-0.274439807,-1.280883693,-0.418853608,-0.287885026,0.708881724,-0.489050680
1790503944.724541426,0.148769317,-0.274539645,-1.281022372,-0.418904274,-0.287862424,0.708815720,-0.489116254
1790503944.757894278,0.148801558,-0.274356637,-1.280863473,-0.418974937,-0.287847438,0.708869679,-0.488986332
1790503944.791246414,0.148815820,-0.274493787,-1.281132498,-0.418907878,-0.287862233,0.708864995,-0.489041862
1790503944.824599266,0.148845661,-0.274492180,-1.281111635,-0.418916979,-0.287833476,0.708877400,-0.489033012
1790503944.857934475,0.148861718,-0.274418711,-1.280943276,-0.418829477,-0.287870535,0.708912948,-0.489034617
1790503944.891269445,0.148885973,-0.274435306,-1.280905093,-0.418710384,-0.287923908,0.708906580,-0.489114401
1790503944.924603224,0.148784659,-0.274517957,-1.280892094,-0.418754656,-0.287949686,0.708898766,-0.489072648
1790503944.957938194,0.148854052,-0.274563958,-1.280951967,-0.418846996,-0.287893702,0.708833381,-0.489121303
1790503944.991272926,0.148851339,-0.274518675,-1.281081892,-0.418785941,-0.287889048,0.708797978,-0.489227613
1790503945.024607658,0.148832217,-0.274534065,-1.281080713,-0.418736045,-0.287970100,0.708783006,-0.489244312
1790503945.057941437,0.148846706,-0.274512906,-1.281100388,-0.418706465,-0.287893230,0.708821479,-0.489259128
1790503945.091276169,0.148794620,-0.274457980,-1.280991948,-0.418785867,-0.287817943,0.708811843,-0.489249426
1790503945.124610901,0.148808495,-0.274461623,-1.280886646,-0.418821748,-0.287891235,0.708833654,-0.489143978
1790503945.157944441,0.148901302,-0.274501381,-1.281045899,-0.418645884,-0.287946837,0.708851205,-0.489236355
1790503945.191278696,0.148791660,-0.274448332,-1.280977480,-0.418740691,-0.287947383,0.708846356,-0.489161917
1790503945.224613190,0.148865198,-0.274471673,-1.281067699,-0.418816554,-0.287940541,0.708857359,-0.489085048
1790503945.257947683,0.148868083,-0.274528125,-1.281063602,-0.418793591,-0.287949322,0.708853002,-0.489105855
1790503945.291280985,0.148828368,-0.274498422,-1.281030397,-0.418687248,-0.287978648,0.708886501,-0.489131082
1790503945.324615479,0.148784217,-0.274582047,-1.281003882,-0.418828917,-0.287925117,0.708818736,-0.489139516
1790503945.357949734,0.148837496,-0.274483487,-1.281016628,-0.418803816,-0.287858123,0.708866005,-0.489131937
1790503945.391283035,0.148837822,-0.274471888,-1.281022927,-0.418781656,-0.287953390,0.708880416,-0.489073947
1790503945.424617290,0.148731668,-0.274523767,-1.281123202,-0.418796851,-0.287887723,0.708907098,-0.489060919
1790503945.457951069,0.148822947,-0.274485230,-1.280922978,-0.418790664,-0.287964213,0.708927714,-0.488991296
1790503945.491285324,0.148827429,-0.274455268,-1.281066693,-0.418782475,-0.287943839,0.708937664,-0.488995883
1790503945.524618387,0.148849106,-0.274501828,-1.281070871,-0.418647385,-0.287964514,0.708963457,-0.489061981
1790503945.557952404,0.148856082,-0.274512503,-1.281145817,-0.418600181,-0.287961613,0.708959891,-0.489109263
1790503945.591286421,0.148817614,-0.274499356,-1.281236695,-0.418433831,-0.288081686,0.708932854,-0.489220073
1790503945.624620199,0.148842248,-0.274514496,-1.281228929,-0.418365325,-0.288138573,0.708933606,-0.489244071
1790503945.657953024,0.148881934,-0.274503820,-1.281021369,-0.418372181,-0.288200388,0.708878892,-0.489281075
1790503945.691286802,0.148906304,-0.274467824,-1.281011480,-0.418361679,-0.288141636,0.708896543,-0.489299086
1790503945.724620581,0.148830564,-0.274543821,-1.281043378,-0.418506564,-0.288046271,0.708881031,-0.489253805
1790503945.757953405,0.148773204,-0.274411385,-1.280967613,-0.418618556,-0.288027255,0.708920399,-0.489112127
1790503945.791287184,0.148865293,-0.274444613,-1.281155498,-0.418559987,-0.288002188,0.708953988,-0.489128326
1790503945.824620724,0.148776238,-0.274446154,-1.281139421,-0.418651071,-0.288032401,0.708969608,-0.489009930
1790503945.857958078,0.148870913,-0.274540878,-1.281200249,-0.418571500,-0.288055690,0.708993115,-0.489030246
1790503945.891294479,0.148833730,-0.274568810,-1.281236447,-0.418655526,-0.287983269,0.708971196,-0.489032750
1790503945.924631834,0.148850029,-0.274526081,-1.281147706,-0.418701786,-0.287959624,0.708975892,-0.489000260
1790503945.957969189,0.148862324,-0.274485631,-1.281197298,-0.418686723,-0.287907667,0.708986095,-0.489028957
1790503945.991306543,0.148820923,-0.274469168,-1.281078638,-0.418731654,-0.287924069,0.708967324,-0.489008043
1790503946.024643183,0.148860160,-0.274531075,-1.281306709,-0.418803067,-0.287699003,0.708935019,-0.489126173
1790503946.057980537,0.148817608,-0.274482722,-1.281135779,-0.418823659,-0.287622657,0.708925477,-0.489167269
1790503946.091317892,0.148823111,-0.274503117,-1.281154365,-0.418910958,-0.287554902,0.708889256,-0.489184843
1790503946.124654293,0.148762294,-0.274472255,-1.280928044,-0.418941352,-0.287581554,0.708897230,-0.489131588
1790503946.157991648,0.148857534,-0.274493817,-1.281043249,-0.418862042,-0.287666070,0.708911575,-0.489129022
1790503946.191329002,0.148786955,-0.274513938,-1.281047292,-0.418810813,-0.287686915,0.708915524,-0.489154905
1790503946.224666357,0.148777490,-0.274568370,-1.281093273,-0.418818085,-0.287747557,0.708894414,-0.489143603
1790503946.258002758,0.148813870,-0.274433085,-1.281012902,-0.418697011,-0.287827466,0.708956266,-0.489110596
1790503946.291340113,0.148825005,-0.274479360,-1.281056018,-0.418652280,-0.287834879,0.708944109,-0.489162142
1790503946.324677467,0.148830946,-0.274473688,-1.281078089,-0.418708478,-0.287803300,0.708925317,-0.489159856
1790503946.358014822,0.148789499,-0.274509291,-1.281051078,-0.418830531,-0.287736991,0.708896991,-0.489135427
1790503946.391350985,0.148867147,-0.274429552,-1.280988505,-0.418929143,-0.287679537,0.708897977,-0.489083343
1790503946.424688578,0.148809350,-0.274474892,-1.280996050,-0.419018709,-0.287675800,0.708894221,-0.489014252
1790503946.458025932,0.148798784,-0.274422057,-1.281012187,-0.419008849,-0.287736211,0.708912947,-0.488960010
1790503946.491362095,0.148832021,-0.274435229,-1.281018019,-0.418978809,-0.287698960,0.708929237,-0.488984052
1790503946.524699450,0.148805556,-0.274336093,-1.280904155,-0.418926214,-0.287825495,0.709025421,-0.488815163
1790503946.558036804,0.148843025,-0.274497459,-1.281134589,-0.418875404,-0.287834516,0.708985992,-0.488910575
1790503946.591373920,0.148784856,-0.274508537,-1.281102046,-0.418898243,-0.287771420,0.708968316,-0.488953780
1790503946.624710560,0.148808248,-0.274535259,-1.281005404,-0.418839531,-0.287830258,0.708981037,-0.488950999
1790503946.658047915,0.148828264,-0.274515119,-1.280987299,-0.418879605,-0.287757764,0.708962094,-0.488986805
1790503946.691385031,0.148870040,-0.274483978,-1.281048716,-0.418853865,-0.287726760,0.708959842,-0.489030361
1790503946.724721432,0.148894050,-0.274470720,-1.281090745,-0.418726699,-0.287794132,0.708982403,-0.489066909
1790503946.758058548,0.148846185,-0.274478098,-1.281026441,-0.418771863,-0.287836436,0.708936471,-0.489069926
1790503946.791395903,0.148805651,-0.274542105,-1.280969735,-0.418801134,-0.287874496,0.708853605,-0.489142567
1790503946.824733257,0.148846495,-0.274436644,-1.281024865,-0.418790182,-0.287823323,0.708869232,-0.489159412
1790503946.858067513,0.148866804,-0.274436570,-1.280999563,-0.418822808,-0.287834121,0.708887350,-0.489098865
1790503946.891402721,0.148876024,-0.274429420,-1.281019908,-0.418799800,-0.287861026,0.708935432,-0.489033036
1790503946.924737930,0.148811953,-0.274460098,-1.281103852,-0.418773181,-0.287899680,0.708950833,-0.489010749
1790503946.958073139,0.148833646,-0.274524971,-1.281097181,-0.418772632,-0.287913487,0.708948330,-0.489006719
1790503946.991407394,0.148849977,-0.274470605,-1.281027730,-0.418912818,-0.287873815,0.708910019,-0.488965543
1790503947.024742603,0.148885449,-0.274464599,-1.281104108,-0.418759598,-0.287964173,0.708926853,-0.489019173
1790503947.058077812,0.148746511,-0.274533123,-1.280973818,-0.418651368,-0.288073290,0.708947406,-0.489017778
1790503947.091412067,0.148820471,-0.274498047,-1.281045910,-0.418772778,-0.288030086,0.708948865,-0.488937150
1790503947.124747038,0.148781541,-0.274581023,-1.281105981,-0.418866805,-0.287864455,0.708958478,-0.488940212
1790503947.158082247,0.148888215,-0.274514497,-1.281218119,-0.418814064,-0.287851659,0.708959833,-0.488990959
1790503947.191417217,0.148788857,-0.274382361,-1.281009910,-0.418755153,-0.287847321,0.709033797,-0.488936720
1790503947.224751234,0.148807164,-0.274465720,-1.281131960,-0.418703724,-0.287820800,0.709073102,-0.488939377
1790503947.258086205,0.148809002,-0.274547457,-1.281224698,-0.418753010,-0.287768258,0.709081976,-0.488915225
1790503947.291421175,0.148864051,-0.274450588,-1.281077708,-0.418529500,-0.287925248,0.709092241,-0.488999288
1790503947.324756145,0.148834598,-0.274453437,-1.280986503,-0.418616815,-0.287943427,0.709048803,-0.488976830
1790503947.358090162,0.148820781,-0.274510765,-1.280973674,-0.418586538,-0.287984726,0.709004854,-0.489042150
1790503947.391424894,0.148834706,-0.274540085,-1.280938822,-0.418638532,-0.287896279,0.708986268,-0.489076664
1790503947.424759865,0.148834882,-0.274473057,-1.281090730,-0.418656028,-0.287857774,0.708963326,-0.489117609
1790503947.458093405,0.148825168,-0.274468818,-1.281048333,-0.418718025,-0.287837038,0.708939455,-0.489111341
1790503947.491428137,0.148811303,-0.274498141,-1.281066678,-0.418701570,-0.287845409,0.708921550,-0.489146453
1790503947.524762869,0.148794130,-0.274417416,-1.281064621,-0.418816821,-0.287783354,0.708922797,-0.489082487
1790503947.558097601,0.148793137,-0.274423128,-1.281116756,-0.418858436,-0.287748940,0.708917582,-0.489074657
1790503947.591431379,0.148798273,-0.274538587,-1.280945042,-0.418914928,-0.287752960,0.708925946,-0.489011780
1790503947.624766111,0.148889016,-0.274456849,-1.281040199,-0.418823146,-0.287791538,0.708890319,-0.489119330
1790503947.658100843,0.148806584,-0.274436837,-1.280931021,-0.418818479,-0.287797507,0.708887018,-0.489124598
1790503947.691435337,0.148762829,-0.274533935,-1.280793386,-0.418897767,-0.287763355,0.708836939,-0.489149370
1790503947.724768877,0.148795487,-0.274387493,-1.280799821,-0.418970115,-0.287799326,0.708832800,-0.489072237
1790503947.758103609,0.148790419,-0.274450194,-1.280971231,-0.418976311,-0.287752680,0.708821693,-0.489110472
1790503947.791438103,0.148733207,-0.274342074,-1.280873994,-0.419032188,-0.287794301,0.708862242,-0.488979333
1790503947.824771404,0.148752745,-0.274541936,-1.280942603,-0.418927337,-0.287836832,0.708850238,-0.489061534
1790503947.858109236,0.148797133,-0.274517039,-1.280867944,-0.418997549,-0.287838153,0.708816095,-0.489050095
1790503947.891451120,0.148762598,-0.274461115,-1.280830947,-0.418954011,-0.287878477,0.708841154,-0.489027337
1790503947.924793482,0.148848385,-0.274514610,-1.280959528,-0.418815870,-0.288034735,0.708762098,-0.489168219
1790503947.958134413,0.148885787,-0.274338618,-1.280889721,-0.418740732,-0.288016262,0.708859910,-0.489101687
1790503947.991476774,0.148868268,-0.274457100,-1.280973932,-0.418807715,-0.287958341,0.708851467,-0.489090676
1790503948.024819136,0.148813230,-0.274510469,-1.281048122,-0.418786718,-0.287875697,0.708908638,-0.489074443
1790503948.058160067,0.148819469,-0.274443187,-1.280976717,-0.418861489,-0.287859890,0.708895348,-0.489038978
1790503948.091502666,0.148837782,-0.274477531,-1.280919425,-0.418821638,-0.287887699,0.708907722,-0.489038803
1790503948.124845028,0.148838000,-0.274394867,-1.280933794,-0.418724969,-0.287887337,0.708950969,-0.489059102
1790503948.158187151,0.148852760,-0.274481852,-1.280923725,-0.418585288,-0.287997302,0.708955054,-0.489108007
1790503948.191528797,0.148784027,-0.274610405,-1.280949296,-0.418695226,-0.287940524,0.708924385,-0.489091791
1790503948.224871397,0.148809374,-0.274492863,-1.280973930,-0.418637505,-0.287962401,0.708948646,-0.489093153
1790503948.258213758,0.148842939,-0.274463621,-1.281006066,-0.418563802,-0.287981775,0.708979716,-0.489099789
1790503948.291556358,0.148850422,-0.274542955,-1.281161382,-0.418630550,-0.287982382,0.708953541,-0.489080246
1790503948.324898005,0.148841178,-0.274483738,-1.281073872,-0.418587905,-0.287955805,0.708980722,-0.489092993
1790503948.358240604,0.148788138,-0.274518367,-1.280969773,-0.418600962,-0.287955718,0.708958506,-0.489114072
1790503948.391583204,0.148851924,-0.274467459,-1.280914509,-0.418634933,-0.287931558,0.708930404,-0.489139951
1790503948.424925089,0.148848331,-0.274492262,-1.281063467,-0.418638412,-0.287881785,0.708943699,-0.489147002
1790503948.458267927,0.148847619,-0.274443720,-1.280948480,-0.418629036,-0.287883572,0.708941488,-0.489157180
1790503948.491610527,0.148865363,-0.274459943,-1.280920705,-0.418754510,-0.287797436,0.708937798,-0.489105811
1790503948.524953365,0.148843188,-0.274483479,-1.281058554,-0.418733086,-0.287817033,0.708929038,-0.489125319
1790503948.558295488,0.148852198,-0.274496115,-1.281031230,-0.418834960,-0.287755288,0.708913337,-0.489097180
1790503948.591638088,0.148846431,-0.274444922,-1.280887863,-0.418817364,-0.287872260,0.708915704,-0.489039981
1790503948.624981165,0.148803210,-0.274569256,-1.281049505,-0.418785668,-0.287940597,0.708839208,-0.489137766
1790503948.658324242,0.148918416,-0.274404059,-1.281030190,-0.418617579,-0.288003788,0.708880691,-0.489184327
1790503948.691666365,0.148804639,-0.274493716,-1.280943751,-0.418651347,-0.288040185,0.708857325,-0.489167858
1790503948.725009441,0.148866093,-0.274546794,-1.280896751,-0.418696528,-0.288005609,0.708847699,-0.489163496
1790503948.758352518,0.148842303,-0.274491848,-1.281012479,-0.418738725,-0.287943882,0.708866694,-0.489136189
1790503948.791694880,0.148817739,-0.274514570,-1.280991116,-0.418796373,-0.287999264,0.708794248,-0.489159212
1790503948.825037956,0.148860919,-0.274458031,-1.280999563,-0.418761865,-0.287974582,0.708784604,-0.489217258
1790503948.858381033,0.148857666,-0.274440984,-1.281031187,-0.418776514,-0.287935417,0.708811429,-0.489188904
1790503948.891711950,0.148822996,-0.274455521,-1.281074302,-0.418854865,-0.287848059,0.708773635,-0.489227996
1790503948.925041437,0.148820703,-0.274514392,-1.281043328,-0.418817271,-0.287846011,0.708780584,-0.489251317
1790503948.958372116,0.148820459,-0.274496962,-1.281079993,-0.418755476,-0.287871921,0.708820457,-0.489231202
1790503948.991702318,0.148729974,-0.274495332,-1.280981280,-0.418878532,-0.287892905,0.708784518,-0.489165573
1790503949.025032997,0.148865714,-0.274450936,-1.281034377,-0.418874464,-0.287886124,0.708830176,-0.489106884
1790503949.058362246,0.148764604,-0.274497817,-1.280942336,-0.418883252,-0.287943172,0.708827665,-0.489069414
1790503949.091692686,0.148799429,-0.274477086,-1.281079302,-0.418886893,-0.287860022,0.708838999,-0.489098816
1790503949.125022888,0.148830699,-0.274479551,-1.281009207,-0.418850842,-0.287863441,0.708828204,-0.489143322
1790503949.158352137,0.148869410,-0.274459915,-1.281175978,-0.418845400,-0.287825149,0.708833985,-0.489162137
1790503949.191682100,0.148861835,-0.274449499,-1.281025816,-0.418706866,-0.287892172,0.708850048,-0.489218015
1790503949.225012541,0.148769319,-0.274491535,-1.280956861,-0.418855009,-0.287849083,0.708854547,-0.489110027
1790503949.258342505,0.148845928,-0.274474759,-1.281037254,-0.418842894,-0.287863232,0.708866886,-0.489094190
1790503949.291671276,0.148780754,-0.274520926,-1.281094449,-0.418851281,-0.287848260,0.708845473,-0.489126853
1790503949.325001478,0.148823528,-0.274563701,-1.281068063,-0.418849866,-0.287845234,0.708807258,-0.489185222
1790503949.358331203,0.148858208,-0.274532846,-1.280961367,-0.418790665,-0.287850088,0.708809475,-0.489229838
1790503949.391660213,0.148834224,-0.274491597,-1.281027438,-0.418840810,-0.287820573,0.708806614,-0.489208420
1790503949.424989939,0.148814924,-0.274427222,-1.281044995,-0.418732315,-0.287851465,0.708849783,-0.489220571
1790503949.458319664,0.148814271,-0.274508876,-1.281006047,-0.418753430,-0.287851815,0.708844353,-0.489210160
1790503949.491649389,0.148826425,-0.274547768,-1.281146023,-0.418695364,-0.287898687,0.708806942,-0.489286477
1790503949.524977922,0.148884282,-0.274488191,-1.281197016,-0.418607897,-0.287879564,0.708855531,-0.489302178
1790503949.558307648,0.148842331,-0.274513007,-1.281086124,-0.418691374,-0.287820505,0.708837513,-0.489291600
1790503949.591636896,0.148821977,-0.274516962,-1.280956555,-0.418846093,-0.287776776,0.708772433,-0.489279180
1790503949.624966621,0.148774488,-0.274434953,-1.280886305,-0.418839411,-0.287813132,0.708799996,-0.489223583
1790503949.658294916,0.148889623,-0.274398425,-1.280951307,-0.418773554,-0.287866288,0.708852704,-0.489172316
1790503949.691624165,0.148814786,-0.274574961,-1.280979299,-0.418840806,-0.287870242,0.708803399,-0.489183856
1790503949.724953651,0.148864215,-0.274514937,-1.281028137,-0.418833382,-0.287909772,0.708768509,-0.489217499
1790503949.758281708,0.148802204,-0.274475126,-1.281018043,-0.418908289,-0.287831417,0.708757039,-0.489216087
1790503949.791611195,0.148863123,-0.274489148,-1.281082864,-0.418887525,-0.287795734,0.708756307,-0.489255918
1790503949.824940205,0.148773533,-0.274510208,-1.280947617,-0.418957493,-0.287717425,0.708749523,-0.489251895
1790503949.858269215,0.148852618,-0.274495260,-1.281020808,-0.418866675,-0.287816986,0.708741519,-0.489282689
1790503949.891601086,0.148879670,-0.274351772,-1.281007180,-0.418790003,-0.287849576,0.708856036,-0.489163241
1790503949.924933910,0.148839358,-0.274534407,-1.281055413,-0.418759908,-0.287915199,0.708821579,-0.489200314
1790503949.958266258,0.148862661,-0.274529250,-1.281105500,-0.418733349,-0.287862649,0.708798751,-0.489287041
1790503949.991599083,0.148846868,-0.274483727,-1.281099685,-0.418726229,-0.287903907,0.708842937,-0.489204841
1790503950.024930716,0.148833598,-0.274453869,-1.281047514,-0.418745156,-0.287882537,0.708858335,-0.489178904
1790503950.058263540,0.148834459,-0.274484086,-1.281026612,-0.418787650,-0.287870341,0.708828399,-0.489193082
1790503950.091595888,0.148902212,-0.274418479,-1.280951507,-0.418730113,-0.287906344,0.708853304,-0.489185060
1790503950.124927521,0.148946756,-0.274285700,-1.280863593,-0.418612137,-0.287911132,0.708921515,-0.489184366
1790503950.158260107,0.148742176,-0.274495208,-1.281009501,-0.418723667,-0.287851843,0.708883456,-0.489178957
1790503950.191592216,0.148814065,-0.274513817,-1.281061503,-0.418859850,-0.287768886,0.708830790,-0.489187495
1790503950.224924803,0.148822344,-0.274503786,-1.281206264,-0.418870131,-0.287676094,0.708806358,-0.489268664
1790503950.258256197,0.148909667,-0.274369228,-1.280965760,-0.418714423,-0.287836530,0.708895607,-0.489178274
1790503950.291588545,0.148764790,-0.274430671,-1.281093828,-0.418718801,-0.287912714,0.708880166,-0.489152067
1790503950.324920893,0.148829733,-0.274465702,-1.281078824,-0.418710327,-0.287878359,0.708908896,-0.489137904
1790503950.358253241,0.148784401,-0.274500443,-1.281085364,-0.418794576,-0.287828652,0.708920247,-0.489078576
1790503950.391584158,0.148815616,-0.274546263,-1.281044609,-0.418831826,-0.287711091,0.708891149,-0.489158021
1790503950.424916506,0.148835703,-0.274437649,-1.281040445,-0.418897617,-0.287717716,0.708853800,-0.489151912
1790503950.458248854,0.148820172,-0.274507177,-1.281151915,-0.418834413,-0.287755576,0.708818748,-0.489234551
1790503950.491579771,0.148796020,-0.274392692,-1.281028563,-0.418878088,-0.287760857,0.708834138,-0.489171751
1790503950.524911880,0.148808218,-0.274478547,-1.281040907,-0.418719197,-0.287833722,0.708888446,-0.489186217
1790503950.558243990,0.148808509,-0.274487471,-1.281015681,-0.418730348,-0.287847186,0.708878313,-0.489183431
1790503950.591575861,0.148822213,-0.274550233,-1.281029079,-0.418653515,-0.288027127,0.708811547,-0.489240022
1790503950.624907017,0.148847414,-0.274531772,-1.280997252,-0.418799089,-0.287895993,0.708764272,-0.489261103
1790503950.658239126,0.148880102,-0.274402844,-1.280992462,-0.418671122,-0.287989341,0.708822839,-0.489230839
1790503950.691570997,0.148900487,-0.274431839,-1.281031027,-0.418663019,-0.287952879,0.708858086,-0.489208167
1790503950.724901915,0.148856276,-0.274383287,-1.281031701,-0.418496590,-0.287975116,0.708961688,-0.489187349
1790503950.758233547,0.148847016,-0.274577067,-1.281042646,-0.418575268,-0.287908339,0.708926914,-0.489209735
1790503950.791565418,0.148798235,-0.274493125,-1.281029763,-0.418526531,-0.287953220,0.708913386,-0.489244620
1790503950.824897289,0.148821467,-0.274441289,-1.281093974,-0.418532163,-0.287995287,0.708933396,-0.489186042
1790503950.858227968,0.148838992,-0.274534673,-1.281045666,-0.418622748,-0.287965046,0.708879969,-0.489203757
1790503950.891562939,0.148836745,-0.274538209,-1.281033899,-0.418558171,-0.288029701,0.708856940,-0.489254318
1790503950.924898148,0.148847468,-0.274547575,-1.280990706,-0.418576388,-0.288000407,0.708845226,-0.489272949
1790503950.958233118,0.148840079,-0.274568098,-1.281152654,-0.418721226,-0.287930285,0.708808694,-0.489243214
1790503950.991567135,0.148746935,-0.274421062,-1.280902605,-0.418811063,-0.287943753,0.708816923,-0.489146459
1790503951.024902105,0.148814645,-0.274486555,-1.281002332,-0.418865574,-0.287916161,0.708752565,-0.489209277
1790503951.058237076,0.148819708,-0.274525814,-1.281075812,-0.418786269,-0.287980109,0.708722517,-0.489283059
1790503951.091571093,0.148840931,-0.274405558,-1.280984060,-0.418808671,-0.287945297,0.708744694,-0.489252248
1790503951.124906063,0.148880870,-0.274416132,-1.280867056,-0.418856691,-0.287905798,0.708807179,-0.489143851
1790503951.158240795,0.148823371,-0.274402759,-1.281009188,-0.418821806,-0.287909094,0.708852787,-0.489105688
1790503951.191575766,0.148901449,-0.274481301,-1.281058302,-0.418632344,-0.287972678,0.708914822,-0.489140545
1790503951.224909782,0.148840718,-0.274520656,-1.281063129,-0.418688317,-0.287977750,0.708880999,-0.489138669
1790503951.258244276,0.148833294,-0.274512162,-1.280924439,-0.418723135,-0.287961708,0.708849650,-0.489163740
1790503951.291579247,0.148930222,-0.274460931,-1.280911174,-0.418633440,-0.288008445,0.708851499,-0.489210314
1790503951.324913979,0.148893120,-0.274386927,-1.280938534,-0.418587107,-0.288092587,0.708888454,-0.489146865
1790503951.358247757,0.148869503,-0.274517313,-1.281048177,-0.418589145,-0.288056962,0.708896729,-0.489154108
1790503951.391582727,0.148814197,-0.274521748,-1.281117209,-0.418663148,-0.288052204,0.708874515,-0.489125769
1790503951.424917459,0.148878800,-0.274496674,-1.281069789,-0.418682218,-0.288043069,0.708852358,-0.489146937
1790503951.458251238,0.148901212,-0.274459639,-1.281059319,-0.418503039,-0.288091542,0.708891163,-0.489215482
1790503951.491585970,0.148878016,-0.274438047,-1.281086782,-0.418431807,-0.288205783,0.708898009,-0.489199206
1790503951.524920702,0.148905358,-0.274552476,-1.281102836,-0.418485219,-0.288159613,0.708888264,-0.489194837
1790503951.558255434,0.148850396,-0.274561247,-1.281160647,-0.418559188,-0.288102862,0.708871891,-0.489188705
1790503951.591589212,0.148904844,-0.274436531,-1.281123256,-0.418509178,-0.288082065,0.708905885,-0.489194479
1790503951.624923468,0.148848991,-0.274579617,-1.281073201,-0.418631216,-0.287987086,0.708847114,-0.489231145
1790503951.658258200,0.148882588,-0.274528626,-1.281072223,-0.418689873,-0.287926759,0.708792691,-0.489295302
1790503951.691592932,0.148819635,-0.274499289,-1.281122198,-0.418767595,-0.287869025,0.708742326,-0.489335714
1790503951.724926472,0.148880015,-0.274515791,-1.281227178,-0.418761220,-0.287843713,0.708768263,-0.489318492
1790503951.758261204,0.148906780,-0.274419147,-1.281075699,-0.418758064,-0.287898947,0.708772582,-0.489282442
1790503951.791595697,0.148827386,-0.274464659,-1.281142919,-0.418863614,-0.287839697,0.708789206,-0.489202865
1790503951.824929476,0.148862653,-0.274467038,-1.281109031,-0.418812311,-0.287817887,0.708808424,-0.489231775
1790503951.858263969,0.148794427,-0.274442238,-1.281037831,-0.418843868,-0.287872456,0.708819598,-0.489156459
1790503951.891598225,0.148858867,-0.274542511,-1.281080315,-0.418798290,-0.287848127,0.708839491,-0.489180972
1790503951.924932480,0.148801914,-0.274550507,-1.280932953,-0.418861893,-0.287933533,0.708789281,-0.489149007
1790503951.958265543,0.148935092,-0.274447419,-1.280923097,-0.418788872,-0.287965745,0.708890269,-0.489046211
1790503951.991599798,0.148861722,-0.274543574,-1.281126158,-0.418811300,-0.287882600,0.708841145,-0.489147150
1790503952.024934053,0.148863268,-0.274515488,-1.281075360,-0.418859193,-0.287839151,0.708842394,-0.489129901
1790503952.058267355,0.148885816,-0.274380532,-1.281000907,-0.418898502,-0.287756962,0.708868843,-0.489106266
1790503952.091601610,0.148802658,-0.274395573,-1.281040584,-0.418795691,-0.287901114,0.708891692,-0.489076360
1790503952.124935627,0.148815850,-0.274541890,-1.281159249,-0.418739227,-0.287989021,0.708872661,-0.489100535
1790503952.158269882,0.148931449,-0.274449500,-1.281053982,-0.418555993,-0.288064322,0.708902349,-0.489169998
1790503952.191602707,0.148823553,-0.274523167,-1.281108652,-0.418739168,-0.287931230,0.708868768,-0.489140252
1790503952.224936724,0.148829398,-0.274515681,-1.281079465,-0.418809373,-0.287901245,0.708823482,-0.489163422
1790503952.258270979,0.148811016,-0.274502750,-1.281067676,-0.418906796,-0.287831090,0.708797411,-0.489159064
1790503952.291604996,0.148871189,-0.274422966,-1.281065119,-0.418806785,-0.287871981,0.708840158,-0.489158696
1790503952.324938059,0.148798572,-0.274492676,-1.280955790,-0.418804533,-0.287931260,0.708824073,-0.489149043
1790503952.358272076,0.148816686,-0.274528906,-1.280958114,-0.418843626,-0.287897652,0.708822195,-0.489138074
1790503952.391605854,0.148781020,-0.274409226,-1.280906923,-0.418902594,-0.287902432,0.708858237,-0.489032521
1790503952.424938679,0.148791142,-0.274469038,-1.280933886,-0.419037586,-0.287769244,0.708829069,-0.489037539
1790503952.458272696,0.148835471,-0.274565873,-1.281071086,-0.418936881,-0.287792005,0.708822540,-0.489119882
1790503952.491606712,0.148872266,-0.274439479,-1.281070906,-0.418839956,-0.287843257,0.708821096,-0.489174820
1790503952.524940491,0.148843228,-0.274454608,-1.281144102,-0.418829153,-0.287849502,0.708818000,-0.489184881
1790503952.558273554,0.148793519,-0.274494860,-1.281008958,-0.418824069,-0.287805371,0.708860684,-0.489153348
1790503952.591607094,0.148833963,-0.274450219,-1.280966717,-0.418799924,-0.287825044,0.708844333,-0.489186139
1790503952.624940872,0.148816809,-0.274484805,-1.280970489,-0.418889297,-0.287813466,0.708815589,-0.489158079
1790503952.658274651,0.148782597,-0.274446103,-1.280925319,-0.418879098,-0.287881200,0.708808968,-0.489136548
1790503952.691607475,0.148874586,-0.274460295,-1.280997622,-0.418791410,-0.287923892,0.708811869,-0.489182298
1790503952.724941254,0.148817671,-0.274467161,-1.281047911,-0.418834923,-0.287870105,0.708826477,-0.489155534
1790503952.758274794,0.148714079,-0.274640093,-1.281012393,-0.418883695,-0.287905028,0.708733375,-0.489228115
1790503952.791607618,0.148781957,-0.274469752,-1.280821516,-0.419022623,-0.287870611,0.708741081,-0.489118219
1790503952.824941397,0.148909877,-0.274446399,-1.280983456,-0.418902025,-0.287872529,0.708785773,-0.489155627
1790503952.858275175,0.148799175,-0.274493435,-1.280912009,-0.418984570,-0.287804326,0.708776582,-0.489138383
1790503952.891614437,0.148845735,-0.274442143,-1.280993064,-0.418980192,-0.287795865,0.708758480,-0.489173339
1790503952.924952984,0.148787465,-0.274468601,-1.280988992,-0.419012568,-0.287731527,0.708749369,-0.489196656
1790503952.958292246,0.148835070,-0.274407687,-1.281020901,-0.418932139,-0.287734302,0.708808677,-0.489177978
1790503952.991631508,0.148814368,-0.274452919,-1.280991361,-0.418925136,-0.287737582,0.708828201,-0.489153755
1790503953.024971008,0.148834914,-0.274472974,-1.281008811,-0.418913510,-0.287769903,0.708848713,-0.489114973
1790503953.058309555,0.148834017,-0.274480323,-1.281017402,-0.418869093,-0.287824148,0.708859074,-0.489106078
1790503953.091648817,0.148856395,-0.274514962,-1.281004344,-0.418838152,-0.287828329,0.708835701,-0.489163985
1790503953.124988317,0.148870814,-0.274389587,-1.280904070,-0.418758461,-0.287928562,0.708903695,-0.489074683
1790503953.158326864,0.148831519,-0.274468060,-1.280979916,-0.418789570,-0.287886958,0.708878751,-0.489108691
1790503953.191666365,0.148849073,-0.274512181,-1.280903907,-0.418779945,-0.287860062,0.708882047,-0.489127986
1790503953.225005865,0.148856429,-0.274506897,-1.280974707,-0.418765180,-0.287885840,0.708878953,-0.489129940
1790503953.258345366,0.148860936,-0.274462384,-1.281016176,-0.418702742,-0.287902423,0.708897758,-0.489146376
1790503953.291683912,0.148848964,-0.274487088,-1.280994520,-0.418662687,-0.287915861,0.708884198,-0.489192401
1790503953.325023413,0.148972757,-0.274444393,-1.281024893,-0.418569930,-0.287902511,0.708949241,-0.489185375
1790503953.358363152,0.148865073,-0.274454823,-1.280962935,-0.418563746,-0.287875999,0.708967700,-0.489179517
1790503953.391701698,0.148828143,-0.274542148,-1.280990724,-0.418658655,-0.287787378,0.708924853,-0.489212539
1790503953.425040960,0.148762774,-0.274490150,-1.280877630,-0.418681348,-0.287847210,0.708899029,-0.489195338
1790503953.458380699,0.148811713,-0.274483332,-1.280894146,-0.418852349,-0.287836113,0.708852738,-0.489122560
1790503953.491720200,0.148845302,-0.274445083,-1.280964634,-0.418824370,-0.287825266,0.708848570,-0.489158939
1790503953.525058746,0.148795953,-0.274562279,-1.280956586,-0.418856259,-0.287801271,0.708848080,-0.489146463
1790503953.558398485,0.148829779,-0.274537296,-1.281027160,-0.418874288,-0.287806754,0.708839665,-0.489139993
1790503953.591738224,0.148835693,-0.274469454,-1.280845607,-0.418822860,-0.287766474,0.708858650,-0.489180215
1790503953.625077963,0.148793193,-0.274480477,-1.280925147,-0.418903183,-0.287753841,0.708807370,-0.489193175
1790503953.658416510,0.148857377,-0.274502644,-1.280946871,-0.418731088,-0.287869297,0.708835081,-0.489232432
1790503953.691756010,0.148799706,-0.274460300,-1.280923961,-0.418717673,-0.287984338,0.708831572,-0.489181289
1790503953.725095987,0.148754100,-0.274575300,-1.280948650,-0.418802177,-0.287929646,0.708809269,-0.489173462
1790503953.758434534,0.148855446,-0.274482042,-1.280930066,-0.418785493,-0.287903289,0.708883155,-0.489096187
1790503953.791774273,0.148804296,-0.274538379,-1.281054193,-0.418835413,-0.287850926,0.708853639,-0.489127038
1790503953.825114012,0.148861787,-0.274507975,-1.281051587,-0.418923120,-0.287785210,0.708849816,-0.489096137
1790503953.858453512,0.148786552,-0.274468161,-1.280989748,-0.418925786,-0.287779859,0.708871591,-0.489065442
1790503953.891787052,0.148778368,-0.274521566,-1.280945546,-0.419091657,-0.287758129,0.708760738,-0.489096779
1790503953.925121307,0.148812842,-0.274534722,-1.281086407,-0.419036053,-0.287714707,0.708782743,-0.489138076
1790503953.958455563,0.148833185,-0.274434191,-1.280927120,-0.418998338,-0.287737804,0.708787468,-0.489149950
1790503953.991789818,0.148853423,-0.274475794,-1.280951305,-0.418842254,-0.287737335,0.708857419,-0.489182535
1790503954.025122881,0.148838950,-0.274442879,-1.280873377,-0.418809278,-0.287765197,0.708876283,-0.489167043
1790503954.058457136,0.148823970,-0.274435084,-1.280914288,-0.418765165,-0.287828604,0.708892680,-0.489143742
1790503954.091791153,0.148802900,-0.274349800,-1.280904686,-0.418690308,-0.287944868,0.708923402,-0.489094868
1790503954.125124216,0.148769496,-0.274594136,-1.280973324,-0.418699055,-0.287934712,0.708874035,-0.489164906
1790503954.158458471,0.148864067,-0.274469346,-1.281020003,-0.418727285,-0.287894740,0.708881934,-0.489152821
1790503954.191792488,0.148854846,-0.274506703,-1.281010575,-0.418779828,-0.287865690,0.708811324,-0.489227256
1790503954.225126743,0.148847297,-0.274454490,-1.280973614,-0.418816117,-0.287829053,0.708842817,-0.489172113
1790503954.258459806,0.148820401,-0.274343566,-1.280816792,-0.418782407,-0.287839156,0.708905365,-0.489104385
1790503954.291793585,0.148835731,-0.274451248,-1.280966182,-0.418745213,-0.287888859,0.708892958,-0.489124959
1790503954.325127840,0.148822632,-0.274525323,-1.280975941,-0.418787363,-0.287836269,0.708887670,-0.489127488
1790503954.358461857,0.148843518,-0.274485302,-1.281000243,-0.418701272,-0.287886719,0.708888839,-0.489169802
1790503954.391794920,0.148859476,-0.274501822,-1.281111862,-0.418695071,-0.287924573,0.708854676,-0.489202337
1790503954.425128937,0.148875955,-0.274426700,-1.280939774,-0.418734605,-0.287913993,0.708897594,-0.489112527
1790503954.458462954,0.148758509,-0.274545704,-1.281005595,-0.418756134,-0.287834952,0.708846188,-0.489215109
1790503954.491796017,0.148859832,-0.274516705,-1.281009767,-0.418801287,-0.287830678,0.708817752,-0.489220172
1790503954.525129795,0.148839020,-0.274490695,-1.280946950,-0.418820472,-0.287877040,0.708779511,-0.489231874
1790503954.558463812,0.148839385,-0.274456755,-1.280979202,-0.418884385,-0.287897752,0.708715664,-0.489257462
1790503954.591797590,0.148803612,-0.274361745,-1.280922614,-0.418906052,-0.287948971,0.708761363,-0.489142555
1790503954.625130653,0.148861703,-0.274487917,-1.280995160,-0.418840488,-0.287968845,0.708757495,-0.489192603
1790503954.658464670,0.148855891,-0.274356493,-1.280817311,-0.418726930,-0.288013369,0.708829188,-0.489159729
1790503954.691798449,0.148826827,-0.274544974,-1.280985937,-0.418637992,-0.288046243,0.708812419,-0.489240787
1790503954.725131035,0.148859719,-0.274547064,-1.281075717,-0.418623382,-0.288157912,0.708793980,-0.489214242
1790503954.758465052,0.148793055,-0.274515897,-1.280963540,-0.418791848,-0.288163775,0.708724549,-0.489167191
1790503954.791798830,0.148857429,-0.274555197,-1.281249204,-0.418692526,-0.288171041,0.708712872,-0.489264841
1790503954.825132847,0.148857483,-0.274490291,-1.281083705,-0.418737223,-0.288067966,0.708791161,-0.489173869
1790503954.858465672,0.148914609,-0.274406435,-1.280957691,-0.418568108,-0.288075559,0.708883927,-0.489179710
1790503954.891799450,0.148842851,-0.274491044,-1.280978703,-0.418649125,-0.288010960,0.708894525,-0.489133060
1790503954.925133467,0.148745165,-0.274526236,-1.280918420,-0.418759667,-0.288055603,0.708838611,-0.489093175
1790503954.958467484,0.148835580,-0.274505516,-1.281038459,-0.418791271,-0.287980586,0.708876905,-0.489054789
1790503954.991800547,0.148869234,-0.274456578,-1.281061508,-0.418701945,-0.288015751,0.708860231,-0.489134727
1790503955.025134563,0.148836817,-0.274427509,-1.280929462,-0.418637777,-0.288140079,0.708893534,-0.489068159
1790503955.058468342,0.148839265,-0.274504917,-1.281049503,-0.418730822,-0.288086226,0.708900858,-0.489009610
1790503955.091801167,0.148827297,-0.274483553,-1.281123173,-0.418753833,-0.288031695,0.708927981,-0.488982707
1790503955.125135183,0.148811664,-0.274484676,-1.281176857,-0.418680628,-0.288009184,0.708974246,-0.488991574
1790503955.158468962,0.148819507,-0.274449078,-1.281144095,-0.418717044,-0.288015005,0.708970707,-0.488962095
1790503955.191802740,0.148826958,-0.274503020,-1.281088813,-0.418741609,-0.288026905,0.709010817,-0.488875882
1790503955.225135803,0.148927563,-0.274500020,-1.281193532,-0.418654079,-0.288027625,0.709033376,-0.488917704
1790503955.258469582,0.148847495,-0.274492469,-1.281189605,-0.418651014,-0.288048411,0.709029616,-0.488913535
1790503955.291803122,0.148838608,-0.274547686,-1.281077109,-0.418829261,-0.287977896,0.708963917,-0.488897684
1790503955.325136900,0.148804714,-0.274489836,-1.281110769,-0.418838888,-0.287947875,0.708955959,-0.488918660
1790503955.358469725,0.148779713,-0.274478838,-1.281078788,-0.418809367,-0.288015446,0.709005091,-0.488832894
1790503955.391803503,0.148837767,-0.274571004,-1.281218448,-0.418768747,-0.288010214,0.708963874,-0.488930545
1790503955.425137281,0.148836026,-0.274457308,-1.281174098,-0.418856477,-0.288025128,0.708945642,-0.488873046
1790503955.458469629,0.148888718,-0.274475350,-1.281207883,-0.418722695,-0.288034897,0.708983837,-0.488926500
1790503955.491803408,0.148808668,-0.274537818,-1.281269821,-0.418697372,-0.288048057,0.708928354,-0.489020875
1790503955.525137186,0.148821277,-0.274543729,-1.281249921,-0.418728912,-0.288066333,0.708880966,-0.489051798
1790503955.558470726,0.148877067,-0.274483107,-1.281250038,-0.418537802,-0.288097898,0.708966344,-0.489073034
1790503955.591803312,0.148873358,-0.274416274,-1.281154303,-0.418583380,-0.288161488,0.709023761,-0.488913303
1790503955.625136852,0.148867220,-0.274602298,-1.281188671,-0.418576349,-0.288119367,0.709030289,-0.488934678
1790503955.658470392,0.148894291,-0.274617560,-1.281079581,-0.418544039,-0.288111289,0.709001782,-0.489008432
1790503955.691803932,0.148851452,-0.274529363,-1.281175731,-0.418413757,-0.288175533,0.708984251,-0.489107475
1790503955.725136518,0.148893137,-0.274520498,-1.281268769,-0.418529961,-0.288023117,0.708985703,-0.489095726
1790503955.758470058,0.148895039,-0.274483430,-1.281197634,-0.418601737,-0.287974401,0.708967693,-0.489089093
1790503955.791803360,0.148887989,-0.274348405,-1.281017445,-0.418575267,-0.288028130,0.709021243,-0.489002474
1790503955.825135946,0.148824667,-0.274494172,-1.281086516,-0.418689917,-0.287963167,0.708980119,-0.489002206
1790503955.858469248,0.148831271,-0.274583772,-1.281180576,-0.418723534,-0.287867909,0.708954656,-0.489066421
1790503955.891803265,0.148889118,-0.274504498,-1.281024501,-0.418771864,-0.287845278,0.708929955,-0.489074166
1790503955.925137043,0.148872965,-0.274495636,-1.281149087,-0.418805989,-0.287840154,0.708940019,-0.489033373
1790503955.958469868,0.148878601,-0.274472943,-1.281106783,-0.418751565,-0.287890778,0.708945707,-0.489041932
1790503955.991803646,0.148827008,-0.274579105,-1.281135806,-0.418786873,-0.287832490,0.708932551,-0.489065078
1790503956.025137424,0.148826503,-0.274488071,-1.281189392,-0.418706003,-0.287857881,0.708932050,-0.489120100
1790503956.058470249,0.148808289,-0.274510557,-1.281183573,-0.418688383,-0.287904504,0.708920599,-0.489124339
1790503956.091804266,0.148832262,-0.274503276,-1.281077380,-0.418680725,-0.287837218,0.708954395,-0.489121511
1790503956.125138044,0.148878192,-0.274446122,-1.281059241,-0.418588930,-0.287871658,0.708970258,-0.489156815
1790503956.158471584,0.148819006,-0.274498954,-1.281069998,-0.418626408,-0.287893909,0.708942759,-0.489151502
1790503956.191804171,0.148756827,-0.274566199,-1.281113822,-0.418610316,-0.287939462,0.708908020,-0.489188806
1790503956.225137949,0.148866858,-0.274485687,-1.281052934,-0.418543329,-0.287978866,0.708933996,-0.489185286
1790503956.258471727,0.148837140,-0.274469706,-1.281033525,-0.418575165,-0.287998381,0.708914484,-0.489174834
1790503956.291805506,0.148801871,-0.274530510,-1.281059841,-0.418631880,-0.287974920,0.708898237,-0.489163658
1790503956.325137854,0.148824544,-0.274492434,-1.281036402,-0.418736381,-0.287960745,0.708866464,-0.489128602
1790503956.358471632,0.148823330,-0.274568206,-1.280965880,-0.418783650,-0.287891034,0.708868031,-0.489126897
1790503956.391805172,0.148854233,-0.274520787,-1.280887167,-0.418820977,-0.287854123,0.708872816,-0.489109726
1790503956.425137758,0.148761043,-0.274456127,-1.281011000,-0.418831688,-0.287829861,0.708849783,-0.489148211
1790503956.458471537,0.148878856,-0.274455878,-1.280937907,-0.418887889,-0.287784539,0.708842645,-0.489137098
1790503956.491804838,0.148779106,-0.274457682,-1.280971872,-0.418864583,-0.287787116,0.708841550,-0.489157126
1790503956.525138378,0.148798726,-0.274458035,-1.281054431,-0.418844339,-0.287756560,0.708842226,-0.489191456
1790503956.558470964,0.148847539,-0.274411962,-1.281029247,-0.418816254,-0.287845071,0.708846267,-0.489157572
1790503956.591804504,0.148877489,-0.274497176,-1.281035451,-0.418827221,-0.287823555,0.708943286,-0.489020221
1790503956.625138044,0.148884161,-0.274488963,-1.281081764,-0.418668271,-0.287945066,0.708973172,-0.489041470
1790503956.658471346,0.148842842,-0.274523908,-1.281046808,-0.418843921,-0.287932650,0.708868514,-0.489050088
1790503956.691803694,0.148839913,-0.274523529,-1.281068109,-0.418872638,-0.287905252,0.708910619,-0.488980586
1790503956.725137234,0.148789119,-0.274562524,-1.280956093,-0.418893019,-0.287845611,0.708890946,-0.489026757
1790503956.758470535,0.148818400,-0.274521375,-1.281076784,-0.418803874,-0.287904814,0.708852853,-0.489123467
1790503956.791802883,0.148842414,-0.274444923,-1.281081741,-0.418791143,-0.287912662,0.708850083,-0.489133762
1790503956.825136185,0.148867225,-0.274424867,-1.281138422,-0.418793279,-0.287861814,0.708882673,-0.489114631
1790503956.858469725,0.148843108,-0.274467069,-1.280861976,-0.418658598,-0.287995080,0.708873452,-0.489164840
1790503956.891806602,0.148801406,-0.274437176,-1.280828073,-0.418635139,-0.288095174,0.708904468,-0.489081022
1790503956.925142527,0.148881599,-0.274519225,-1.281065906,-0.418654758,-0.288066334,0.708858040,-0.489148504
1790503956.958479404,0.148834713,-0.274518631,-1.280917912,-0.418672938,-0.288031423,0.709047333,-0.488879075
1790503956.991816521,0.148854838,-0.274485804,-1.281066199,-0.418612629,-0.288059552,0.708945054,-0.489062441
1790503957.025153637,0.148795193,-0.274405339,-1.280949691,-0.418640715,-0.288129327,0.708837649,-0.489152972
1790503957.058489561,0.148871505,-0.274475027,-1.280999521,-0.418606857,-0.288084666,0.709060250,-0.488885555
1790503957.091826439,0.148925361,-0.274464054,-1.280835709,-0.418547360,-0.288179352,0.709381800,-0.488413994
1790503957.125163317,0.148983317,-0.274472434,-1.280937768,-0.419006874,-0.287674301,0.709274619,-0.488473388
1790503957.158499241,0.148928126,-0.274523410,-1.280988525,-0.418663923,-0.287876166,0.709189670,-0.488771771
1790503957.191836119,0.148872198,-0.274480985,-1.280963168,-0.418780082,-0.287840143,0.709002692,-0.488964700
1790503957.225173235,0.148969477,-0.274470562,-1.280987313,-0.418760099,-0.287765788,0.709221727,-0.488707861
1790503957.258510351,0.148535616,-0.274492702,-1.281102653,-0.419025967,-0.287856822,0.708904203,-0.488887022
1790503957.291846275,0.148225777,-0.274397646,-1.281621418,-0.418436364,-0.288930196,0.707743951,-0.490437408
1790503957.325183153,0.147816905,-0.274439389,-1.281388555,-0.420390930,-0.288332688,0.707919986,-0.488860941
1790503957.358520031,0.147760262,-0.274459515,-1.280989509,-0.419763974,-0.288928739,0.708188340,-0.488659048
1790503957.391855955,0.147394947,-0.274357595,-1.280955960,-0.416739635,-0.285449270,0.709382783,-0.491551481
1790503957.425193071,0.146254549,-0.274353872,-1.280778326,-0.411270925,-0.283141938,0.711775294,-0.494027126
1790503957.458529949,0.144464639,-0.274175216,-1.280910394,-0.405161039,-0.282550309,0.712527032,-0.498312236
1790503957.491866827,0.142679410,-0.273790222,-1.281066620,-0.399002824,-0.281641370,0.712785687,-0.503399891
1790503957.525202990,0.140895058,-0.273475298,-1.281302610,-0.393212238,-0.280022728,0.713316567,-0.508085508
1790503957.558539867,0.139276199,-0.273293201,-1.281036707,-0.389446252,-0.280135927,0.713641225,-0.510462224
1790503957.591876745,0.137872609,-0.272974477,-1.280341282,-0.387316362,-0.279848691,0.714768453,-0.510663103
1790503957.625213861,0.136454295,-0.272581800,-1.279115571,-0.385463118,-0.278318060,0.717082805,-0.509656250
1790503957.658549786,0.134866769,-0.272068953,-1.277725150,-0.383082192,-0.278412935,0.719770761,-0.507606465
1790503957.691886663,0.132922245,-0.271509671,-1.275985408,-0.379813858,-0.279560389,0.722023827,-0.506230200
1790503957.725223541,0.130897929,-0.270418145,-1.274337296,-0.374567356,-0.277357690,0.725671447,-0.506135317
1790503957.758559465,0.128877632,-0.268868955,-1.272776756,-0.370422546,-0.275209365,0.728143589,-0.506807514
1790503957.791896582,0.126680548,-0.266979075,-1.271005868,-0.366276517,-0.273166253,0.730237400,-0.507912444
1790503957.825233698,0.124539436,-0.264653092,-1.269534737,-0.361977341,-0.270929181,0.732124018,-0.509474440
1790503957.858570576,0.122128902,-0.261814849,-1.267742391,-0.357344262,-0.268466179,0.733795086,-0.511640266
1790503957.891901970,0.119901830,-0.258913851,-1.265887279,-0.351331641,-0.264162994,0.736092872,-0.514734178
1790503957.925234318,0.117374399,-0.255801952,-1.263424089,-0.344096982,-0.259565061,0.739687443,-0.516803380
1790503957.958566904,0.114832964,-0.252491899,-1.260166368,-0.336673345,-0.255014187,0.744076159,-0.517657698
1790503957.991899252,0.112328797,-0.249157144,-1.256934992,-0.329917182,-0.251451504,0.747679929,-0.518557150
1790503958.025230408,0.109580941,-0.245774995,-1.252959724,-0.324097562,-0.247822202,0.750732574,-0.519562825
1790503958.058562756,0.106922640,-0.242407630,-1.249071429,-0.317090857,-0.242301103,0.753766121,-0.522092137
1790503958.091895342,0.104174977,-0.239074317,-1.245248824,-0.309656488,-0.236360453,0.756630463,-0.525125641
1790503958.125226259,0.101422861,-0.235514858,-1.240367142,-0.303000497,-0.232890417,0.759142346,-0.526930404
1790503958.158558607,0.098966492,-0.231982278,-1.235413690,-0.296410581,-0.229382958,0.761806362,-0.528370412
1790503958.191890955,0.096583027,-0.228596151,-1.230508810,-0.289491757,-0.224426940,0.764617657,-0.530270600
1790503958.225223064,0.094527654,-0.225259756,-1.225414984,-0.282872245,-0.219370890,0.767326786,-0.532042582
1790503958.258554220,0.093064145,-0.222005225,-1.220049689,-0.275747540,-0.213088857,0.770948484,-0.533099304
1790503958.291886568,0.091457266,-0.218841980,-1.214061371,-0.269037762,-0.206712919,0.774601016,-0.533743120
1790503958.325218439,0.090103274,-0.216151721,-1.208480302,-0.262587058,-0.201830598,0.777567519,-0.534510243
1790503958.358550787,0.088901722,-0.213514343,-1.202301911,-0.256269176,-0.198635032,0.781183691,-0.533500023
1790503958.391881943,0.087601718,-0.211313381,-1.196309814,-0.249381899,-0.195210780,0.784714786,-0.532845310
1790503958.425213814,0.086288208,-0.209136820,-1.190555103,-0.242520590,-0.189659393,0.787917518,-0.533290786
1790503958.458545923,0.085179877,-0.207304450,-1.185197875,-0.236344794,-0.182417583,0.790834819,-0.534270767
1790503958.491876841,0.083651717,-0.205353721,-1.179115815,-0.229939846,-0.176478751,0.794041884,-0.534303663
1790503958.525208950,0.081760492,-0.203368074,-1.171410367,-0.222675773,-0.172431753,0.797241726,-0.533936719
1790503958.558540821,0.080143758,-0.201566998,-1.164210222,-0.216138949,-0.169828265,0.800389110,-0.532747208
1790503958.591872692,0.078590331,-0.200002949,-1.157653255,-0.209541159,-0.166473870,0.804057787,-0.530914332
1790503958.625203609,0.077034084,-0.198216607,-1.150641896,-0.202691103,-0.162118031,0.807685897,-0.529412459
1790503958.658535719,0.075817986,-0.196878190,-1.144455065,-0.195680180,-0.156738333,0.811150792,-0.528371796
1790503958.691867352,0.074773823,-0.195507946,-1.137609411,-0.189209449,-0.150171501,0.814730519,-0.527126632
1790503958.725198269,0.074039976,-0.193922160,-1.130508377,-0.183363635,-0.142571315,0.818892151,-0.524849353
1790503958.758530140,0.073154607,-0.192873928,-1.123998742,-0.178308816,-0.135850854,0.822622274,-0.522535268
1790503958.791861773,0.072287310,-0.191765963,-1.116942487,-0.172680890,-0.132297844,0.825965058,-0.520057991
1790503958.825193644,0.071134695,-0.190697814,-1.109718521,-0.167187555,-0.130658191,0.828832499,-0.517700152
1790503958.858524323,0.069687476,-0.189404298,-1.102092629,-0.162488358,-0.129130132,0.831695210,-0.514981573
1790503958.891856432,0.068222335,-0.188607866,-1.094970801,-0.156783700,-0.127020117,0.834391768,-0.512908510
1790503958.925188541,0.066293990,-0.187633448,-1.087422471,-0.151175303,-0.126105492,0.837513013,-0.509720891
1790503958.958520412,0.064262774,-0.186491441,-1.080066241,-0.145133717,-0.126382664,0.839787398,-0.507662045
1790503958.991851330,0.062407015,-0.185316677,-1.072776720,-0.139541820,-0.125067987,0.841527202,-0.506673511
1790503959.025183439,0.060434291,-0.184098279,-1.065759437,-0.134737223,-0.121190400,0.843129673,-0.506252035
1790503959.058515072,0.059030636,-0.183047599,-1.058561297,-0.130534752,-0.115207437,0.845088281,-0.505483652
1790503959.091845989,0.057804973,-0.182195493,-1.051383165,-0.126787496,-0.109419585,0.847191684,-0.504200888
1790503959.125177622,0.056633983,-0.181531225,-1.044027671,-0.122299537,-0.105405241,0.849615602,-0.502081555
1790503959.158509254,0.055521062,-0.180985682,-1.036997135,-0.116979791,-0.102338708,0.852611735,-0.498894525
1790503959.191841125,0.054378444,-0.180617243,-1.031100928,-0.112581872,-0.098994957,0.854787614,-0.496853556
1790503959.225171566,0.053320378,-0.180109166,-1.024877749,-0.107544820,-0.093761444,0.856512333,-0.496013636
1790503959.258503437,0.052493416,-0.179671005,-1.018684269,-0.103729682,-0.089499561,0.858267143,-0.494578096
1790503959.291835070,0.052122078,-0.179611367,-1.015035475,-0.100274561,-0.086073948,0.859416572,-0.493902261
1790503959.325166464,0.051718876,-0.179450559,-1.009717063,-0.098301649,-0.080918455,0.860237833,-0.493740681
1790503959.358497143,0.051933191,-0.179432945,-1.004398246,-0.096061764,-0.075772190,0.861828221,-0.492222339
1790503959.391828299,0.052320375,-0.179668269,-0.998926371,-0.093500779,-0.072084330,0.863879293,-0.489667255
1790503959.425159931,0.052537037,-0.180293539,-0.993027986,-0.090918706,-0.070756229,0.866356267,-0.485956957
1790503959.458490133,0.052752911,-0.181015305,-0.987229753,-0.088338508,-0.070940207,0.869208316,-0.481290659
1790503959.491821766,0.052831365,-0.182280090,-0.981731688,-0.086393442,-0.069704565,0.871740678,-0.477227028
1790503959.525153160,0.053015563,-0.183267955,-0.976035596,-0.084168380,-0.067015706,0.874387785,-0.473149638
1790503959.558484316,0.053011264,-0.184739055,-0.970788903,-0.082233038,-0.065609365,0.876756357,-0.469288215
1790503959.591814518,0.052902040,-0.185959415,-0.965744911,-0.080043400,-0.065789154,0.878747209,-0.465905768
1790503959.625145674,0.052849889,-0.187225561,-0.960539175,-0.077362394,-0.064856638,0.881234223,-0.461773669
1790503959.658477068,0.052544389,-0.188627982,-0.955662723,-0.075034771,-0.062817389,0.883732588,-0.457646666
1790503959.691808224,0.052221800,-0.189894804,-0.950916332,-0.073503859,-0.061655902,0.885593483,-0.454444623
1790503959.725138187,0.051838666,-0.191144512,-0.946275740,-0.072405141,-0.061873699,0.887728595,-0.450407686
1790503959.758469343,0.051235604,-0.192367987,-0.941887588,-0.071331493,-0.062230488,0.890319120,-0.445388649
1790503959.791800261,0.050693512,-0.193399088,-0.937781389,-0.069971185,-0.062183392,0.892611220,-0.441001665
1790503959.825130463,0.049891094,-0.194612250,-0.933536490,-0.068734145,-0.062703787,0.894625400,-0.437023163
1790503959.858461142,0.049050955,-0.195852408,-0.929036862,-0.065712935,-0.063124216,0.897169437,-0.432185313
1790503959.891796827,0.048129430,-0.197339900,-0.924452587,-0.062437281,-0.064209268,0.900202741,-0.426161683
1790503959.925132513,0.047265265,-0.199212578,-0.920001769,-0.060483142,-0.066463827,0.903534863,-0.418985801
1790503959.958467007,0.046696918,-0.201061183,-0.915377994,-0.058262981,-0.068029452,0.907102801,-0.411268681
1790503959.991802692,0.046516228,-0.203047317,-0.911007830,-0.055506584,-0.068775687,0.910478387,-0.404002514
1790503960.025138378,0.046778646,-0.205512604,-0.906581240,-0.053594037,-0.068580494,0.914081101,-0.396080971
1790503960.058473110,0.047741485,-0.207953395,-0.901924095,-0.053987566,-0.068580530,0.917420501,-0.388228898
1790503960.091808796,0.049078245,-0.210458738,-0.897478563,-0.054380086,-0.068126375,0.920392331,-0.381155559
1790503960.125144482,0.050729926,-0.213104071,-0.893444371,-0.055011027,-0.066791381,0.923187023,-0.374484204
1790503960.158480167,0.052539208,-0.215716621,-0.889440400,-0.057015251,-0.065105462,0.925494811,-0.368740959
1790503960.191814899,0.054628751,-0.217885494,-0.886141789,-0.058654111,-0.063587561,0.927225972,-0.364373865
1790503960.225150824,0.056496138,-0.220155354,-0.882887056,-0.060153320,-0.063018691,0.928969525,-0.359758035
1790503960.258486509,0.058039578,-0.222174859,-0.879977905,-0.061350341,-0.063233929,0.930841639,-0.354642706
1790503960.291822433,0.059332883,-0.224106937,-0.877619853,-0.061345383,-0.063661944,0.932464453,-0.350276956
1790503960.325157166,0.060276980,-0.226106994,-0.875574665,-0.060758821,-0.063775284,0.933894178,-0.346529570
1790503960.358493090,0.061056207,-0.228097204,-0.873703983,-0.060015049,-0.062917288,0.935589734,-0.342215514
1790503960.391828775,0.061957936,-0.230041272,-0.872049974,-0.059128992,-0.060977993,0.937132504,-0.338479122
1790503960.425163746,0.062737222,-0.232279076,-0.870315552,-0.058600448,-0.060057102,0.938642970,-0.334527288
1790503960.458499670,0.063575261,-0.234549962,-0.868669926,-0.058466871,-0.060743377,0.940524850,-0.329097059
1790503960.491835594,0.064445295,-0.236717116,-0.867272287,-0.059689823,-0.061540372,0.941704915,-0.325333306
1790503960.525171518,0.065351863,-0.238838827,-0.866218297,-0.061648482,-0.059359378,0.942467963,-0.323156413
1790503960.558506489,0.066170706,-0.240837939,-0.865126141,-0.062564443,-0.055444404,0.943685765,-0.320107461
1790503960.591842413,0.066860232,-0.242316592,-0.864235701,-0.063517815,-0.053283703,0.944407652,-0.318151725
1790503960.625178576,0.067451452,-0.243684327,-0.863388312,-0.064646548,-0.052140462,0.944764658,-0.317051946
1790503960.658514500,0.068017966,-0.244777041,-0.862249387,-0.065240491,-0.051193487,0.945540441,-0.314763690
1790503960.691849470,0.068597921,-0.245747318,-0.861374873,-0.065301972,-0.051029335,0.946623582,-0.311505141
1790503960.725185633,0.069293619,-0.247031494,-0.860380465,-0.065828095,-0.052557206,0.947650097,-0.307999506
1790503960.758521557,0.070106390,-0.248276459,-0.859881271,-0.067601330,-0.054081143,0.948466163,-0.304823274
1790503960.791856766,0.071032592,-0.249346809,-0.859280934,-0.068661111,-0.052592619,0.949199515,-0.302555694
1790503960.825192690,0.071893400,-0.250119429,-0.858968698,-0.069466034,-0.051299432,0.949771580,-0.300793592
1790503960.858528852,0.072550282,-0.250668486,-0.858856363,-0.069713708,-0.050587532,0.949846012,-0.300621780
1790503960.891861916,0.073173241,-0.251205770,-0.858834658,-0.069999087,-0.049878129,0.949782147,-0.300875678
1790503960.925194025,0.074052859,-0.251793400,-0.858433341,-0.070570961,-0.049922036,0.950234924,-0.299301050
1790503960.958527088,0.074984808,-0.252267692,-0.858244048,-0.070498189,-0.050540544,0.950819308,-0.297352151
1790503960.991860151,0.076133719,-0.253012824,-0.858467854,-0.071146113,-0.050239359,0.950841998,-0.297176265
1790503961.025193214,0.077696400,-0.254295851,-0.858309926,-0.072565728,-0.048471477,0.951175548,-0.296057102
1790503961.058525085,0.079608304,-0.255804636,-0.857901444,-0.073616563,-0.046350414,0.952249481,-0.292665623
1790503961.091858149,0.081432832,-0.257552461,-0.857980106,-0.075115943,-0.044847487,0.953124089,-0.289656294
1790503961.125191212,0.083286391,-0.259605365,-0.857790759,-0.076707361,-0.042604224,0.953990681,-0.286710031
1790503961.158523083,0.085084047,-0.261519915,-0.857631624,-0.077797730,-0.040730433,0.954917521,-0.283586095
1790503961.191856146,0.086934568,-0.263282411,-0.857537289,-0.079572850,-0.040884952,0.955550816,-0.280925649
1790503961.225189209,0.088684832,-0.265102142,-0.857667359,-0.082539088,-0.040479119,0.955714864,-0.279567234
1790503961.258522034,0.090058071,-0.266552181,-0.858004777,-0.084074481,-0.037982683,0.955877372,-0.278903651
1790503961.291853905,0.091193199,-0.267866604,-0.858450622,-0.085200991,-0.036692708,0.955660453,-0.279477253
1790503961.325186729,0.091910996,-0.268773685,-0.858696944,-0.087213642,-0.036781787,0.955476535,-0.279473561
1790503961.358519793,0.092312050,-0.269369023,-0.858790538,-0.088054941,-0.037146323,0.955597832,-0.278745874
1790503961.391851664,0.092163412,-0.269727228,-0.858953394,-0.086982686,-0.037315217,0.955478300,-0.279468790
1790503961.425184488,0.091916844,-0.269812230,-0.859079821,-0.085998378,-0.038841683,0.955424100,-0.279750589
1790503961.458517313,0.091381061,-0.269478983,-0.858980596,-0.085195675,-0.040238982,0.955627792,-0.279102211
1790503961.491850138,0.090536483,-0.268787319,-0.859045500,-0.083831875,-0.041006981,0.955650638,-0.279325084
1790503961.525181770,0.089371931,-0.267549096,-0.859418372,-0.081888478,-0.040734038,0.955062152,-0.281942018
1790503961.558514595,0.087943756,-0.265872955,-0.859776845,-0.080235160,-0.040806231,0.954336632,-0.284848666
1790503961.591847420,0.085955625,-0.263497970,-0.860305582,-0.077964520,-0.039460171,0.953267925,-0.289213921
1790503961.625180244,0.083780935,-0.260701658,-0.861360150,-0.074386124,-0.036396270,0.952111533,-0.294322348
1790503961.658511877,0.081363993,-0.257727190,-0.861988819,-0.071204380,-0.034350644,0.951133709,-0.298487247
1790503961.691844702,0.078790147,-0.254742256,-0.862611660,-0.066976656,-0.033835230,0.950431649,-0.301743244
1790503961.725177526,0.076027140,-0.251773380,-0.863453676,-0.062793477,-0.034679903,0.950043541,-0.303762331
1790503961.758509159,0.073333388,-0.248792223,-0.864334529,-0.058422468,-0.035082283,0.949609887,-0.305936448
1790503961.791841745,0.070504780,-0.245607661,-0.865520425,-0.053634470,-0.034771491,0.948817098,-0.309290159
1790503961.825174570,0.067480503,-0.241976523,-0.866611730,-0.048912669,-0.034034228,0.947649381,-0.313703480
1790503961.858507156,0.064342972,-0.238233416,-0.868287488,-0.043928656,-0.032677318,0.945581083,-0.320747380
1790503961.891845942,0.061065670,-0.234392766,-0.870141815,-0.038035639,-0.029936789,0.943040723,-0.329137165
1790503961.925185442,0.057745661,-0.230544436,-0.871369807,-0.033438396,-0.028252787,0.940970300,-0.335646464
1790503961.958525419,0.054406677,-0.226789599,-0.872681165,-0.029426629,-0.028411451,0.938919143,-0.341698269
1790503961.991865158,0.051182231,-0.223315390,-0.873704093,-0.025417147,-0.029361492,0.937039823,-0.347056539
1790503962.025203943,0.047920055,-0.220172704,-0.874043783,-0.022109474,-0.030083006,0.935609833,-0.351056155
1790503962.058543682,0.045000743,-0.217142856,-0.873804462,-0.019350982,-0.030014136,0.934593415,-0.353920669
1790503962.091883898,0.042021535,-0.214456252,-0.873221768,-0.015878856,-0.028053613,0.933954357,-0.355935551
1790503962.125222683,0.038787398,-0.212048025,-0.872323452,-0.011718281,-0.026230201,0.933638883,-0.357061751
1790503962.158562422,0.035479096,-0.209872129,-0.871455534,-0.006999088,-0.025284498,0.933499422,-0.357617864
1790503962.191902637,0.031853048,-0.207527835,-0.870288427,-0.001678566,-0.024955553,0.933353097,-0.358087140
1790503962.225242376,0.028157881,-0.205215257,-0.868933345,0.003276171,-0.025263987,0.932895333,-0.359245453
1790503962.258581638,0.024562807,-0.202736320,-0.867565202,0.007989891,-0.023902904,0.932483932,-0.360331138
1790503962.291921616,0.020974393,-0.200345980,-0.865764543,0.012936206,-0.020751333,0.931959428,-0.361737006
1790503962.325261831,0.017799491,-0.198139230,-0.863742300,0.017751517,-0.013997613,0.931754748,-0.362383831
1790503962.358601809,0.015035100,-0.196114190,-0.861226468,0.022089338,-0.003943880,0.931956949,-0.361873944
1790503962.391940832,0.012556147,-0.194251935,-0.858612795,0.025655255,0.003079199,0.932138292,-0.361179362
1790503962.425281286,0.010029884,-0.192474665,-0.855621199,0.027225655,0.004502371,0.932185473,-0.360927606
1790503962.458621264,0.007449493,-0.190491798,-0.852395261,0.028271611,0.003136810,0.932036170,-0.361247083
1790503962.491960764,0.004627187,-0.188447100,-0.849174794,0.030921362,0.003513641,0.931682296,-0.361938701
1790503962.525300741,0.001473726,-0.186441560,-0.845889515,0.034881245,0.005175957,0.931220709,-0.362745777
1790503962.558641195,-0.001799700,-0.184525466,-0.842412708,0.038700735,0.006707356,0.930908256,-0.363135075
1790503962.591981411,-0.005160232,-0.182619649,-0.838796664,0.042945209,0.008815088,0.930665842,-0.363234214
1790503962.625320911,-0.008486896,-0.180973292,-0.835332597,0.047662226,0.012652725,0.930286499,-0.363504128
1790503962.658661366,-0.011677158,-0.179821334,-0.831978725,0.052601178,0.019835529,0.930211126,-0.362693987
1790503962.692001820,-0.014645811,-0.179165568,-0.828147708,0.058005569,0.026578559,0.930740497,-0.360070911
1790503962.725341082,-0.017347311,-0.178765067,-0.823974249,0.062309787,0.028930690,0.931669824,-0.356751797
1790503962.758681536,-0.019761427,-0.178537205,-0.819455868,0.064833582,0.028889355,0.932803147,-0.353327468
1790503962.792022228,-0.022003387,-0.178327388,-0.814754266,0.067822686,0.030780993,0.933553578,-0.350614218
1790503962.825362682,-0.023982631,-0.177711959,-0.809586247,0.070507401,0.033564063,0.933621911,-0.349645946
1790503962.858702183,-0.025866728,-0.177017084,-0.804451104,0.071817971,0.036214757,0.933210865,-0.350211581
1790503962.892037392,-0.028043849,-0.176488628,-0.799063350,0.073144098,0.038567515,0.932884480,-0.350555323
1790503962.925372362,-0.030636305,-0.176254509,-0.792870831,0.075651929,0.039131142,0.933203228,-0.349109258
1790503962.958707333,-0.033866177,-0.176648007,-0.786174644,0.079167942,0.037525511,0.934200684,-0.345822721
1790503962.992041588,-0.037647135,-0.177591208,-0.779361416,0.083391677,0.035520300,0.935686918,-0.340989924
1790503963.025376558,-0.041633292,-0.178851443,-0.772526288,0.088959997,0.035384763,0.937492062,-0.334578348
1790503963.058711529,-0.045388618,-0.180452205,-0.765485776,0.094647107,0.035665505,0.938846786,-0.329145270
1790503963.092045307,-0.048935144,-0.182042692,-0.758524668,0.099810310,0.034483656,0.940428453,-0.323176583
1790503963.125380516,-0.051448543,-0.183655453,-0.751481255,0.099471510,0.030089676,0.941286945,-0.321214751
1790503963.158715487,-0.053291432,-0.185500075,-0.744502634,0.094736283,0.027911582,0.941489586,-0.322247328
1790503963.192050457,-0.054734427,-0.187461920,-0.737424556,0.091624751,0.028911701,0.942305035,-0.320671545
1790503963.225384474,-0.056102843,-0.189450103,-0.731047704,0.090353817,0.027133222,0.942580980,-0.320376454
1790503963.258719683,-0.057499107,-0.191703197,-0.725306049,0.088119740,0.023473499,0.942045523,-0.322853123
1790503963.292054653,-0.058541572,-0.194513545,-0.719192148,0.086840088,0.022883804,0.942288701,-0.322532377
1790503963.325389624,-0.059487760,-0.197297769,-0.713357698,0.086965992,0.025547252,0.942755953,-0.320929069
1790503963.358723640,-0.060383142,-0.200814950,-0.707435525,0.084988880,0.027556889,0.943574507,-0.318880320
1790503963.392058611,-0.061281941,-0.204404834,-0.702027930,0.083673386,0.028389561,0.945081540,-0.314664394
1790503963.425393581,-0.061979009,-0.208476299,-0.697396970,0.083598533,0.028538875,0.945677132,-0.312876300
1790503963.458727598,-0.062461943,-0.212732607,-0.693026800,0.082162536,0.026922220,0.946062194,-0.312235226
1790503963.492062569,-0.062226464,-0.217196180,-0.689459699,0.079440505,0.025200484,0.946983156,-0.310285423
1790503963.525397778,-0.061292003,-0.221881339,-0.686275270,0.075289854,0.023663372,0.948202707,-0.307706205
1790503963.558732748,-0.059727136,-0.226550110,-0.683526458,0.069838309,0.022831899,0.949132929,-0.306182949
1790503963.592066765,-0.057813269,-0.231168337,-0.681465517,0.064902535,0.023300982,0.950108935,-0.304200159
1790503963.625401497,-0.055653348,-0.235592040,-0.679797054,0.060392265,0.021472982,0.951280090,-0.301592234
1790503963.658736467,-0.053535045,-0.239687264,-0.678615410,0.056494570,0.019728717,0.952039078,-0.300067884
1790503963.692071438,-0.051694365,-0.243510118,-0.677696795,0.053949676,0.017546083,0.953314871,-0.296601287
1790503963.725405455,-0.049914672,-0.246468112,-0.677115723,0.051737690,0.015012167,0.953923705,-0.295173526
1790503963.758740425,-0.048572426,-0.248727444,-0.676864476,0.050118434,0.013835205,0.954212366,-0.294576799
1790503963.792075396,-0.047645579,-0.250242171,-0.676614024,0.049535928,0.013594160,0.954662818,-0.293223966
1790503963.825409412,-0.046865986,-0.250930122,-0.676783605,0.049665720,0.012278132,0.954755983,-0.292956613
1790503963.858744383,-0.046457176,-0.250863780,-0.677521896,0.049186247,0.010894851,0.954422397,-0.294176654
1790503963.892081022,-0.046188007,-0.249861117,-0.678612716,0.049339710,0.011513368,0.953780686,-0.296201686
1790503963.925417662,-0.046029360,-0.248124678,-0.680349085,0.050195238,0.012827230,0.952588148,-0.299819479
1790503963.958753586,-0.046131720,-0.245937391,-0.682418674,0.050481432,0.013469571,0.951142116,-0.304300627
1790503963.992090225,-0.046493648,-0.243259198,-0.684897040,0.052089398,0.014455675,0.950032796,-0.307433594
1790503964.025427341,-0.046980100,-0.240490711,-0.687544435,0.055092218,0.016440511,0.949039510,-0.309868627
1790503964.058763027,-0.047539450,-0.237653095,-0.690406330,0.057775835,0.018082293,0.947919045,-0.312705081
1790503964.092099905,-0.048113994,-0.234775645,-0.693590071,0.060003690,0.018326004,0.946890931,-0.315374824
1790503964.125436783,-0.048644098,-0.231823148,-0.696857532,0.062459233,0.018583106,0.945846980,-0.318004722
1790503964.158773661,-0.049141612,-0.228890249,-0.700361149,0.064464841,0.018858097,0.944566027,-0.321377780
1790503964.192109585,-0.049536169,-0.226028137,-0.703797850,0.065216066,0.019399922,0.943326906,-0.324815110
1790503964.225446701,-0.049922286,-0.223131001,-0.707721910,0.066024631,0.020751185,0.941706916,-0.329238850
1790503964.258783579,-0.050391451,-0.220344101,-0.711491047,0.066862474,0.021211041,0.940274206,-0.333112473
1790503964.292120934,-0.050734080,-0.217693867,-0.715162417,0.067127197,0.019830091,0.939510675,-0.335291512
1790503964.325456858,-0.050992593,-0.214853108,-0.719532856,0.067586977,0.018292303,0.938124420,-0.339145935
1790503964.358793974,-0.050924603,-0.212093514,-0.723936014,0.068461110,0.017976197,0.936282104,-0.344043244
1790503964.392131090,-0.050536247,-0.209029869,-0.728567948,0.067919752,0.018230010,0.934703808,-0.348401155
1790503964.425467014,-0.049667518,-0.205928567,-0.733643590,0.066310224,0.019098228,0.932654943,-0.354108696
1790503964.458804131,-0.048589880,-0.202869697,-0.738763023,0.063372393,0.020821052,0.930435000,-0.360334753
1790503964.492141247,-0.047521862,-0.199498744,-0.743931534,0.059879928,0.022101723,0.928303977,-0.366302655
1790503964.525478840,-0.046382284,-0.196229134,-0.749618614,0.056970601,0.023257736,0.925476025,-0.373774740
1790503964.558815002,-0.045475119,-0.192887595,-0.755304043,0.054690663,0.023136411,0.922896665,-0.380441039
1790503964.592152119,-0.044894447,-0.189437287,-0.761294008,0.052645258,0.020457130,0.920544232,-0.386533697
1790503964.625489473,-0.044249456,-0.185955866,-0.767906297,0.051098191,0.018322974,0.917590024,-0.393804254
1790503964.658826828,-0.043307757,-0.182686967,-0.774337219,0.048999437,0.018531428,0.914654173,-0.400828374
1790503964.692162991,-0.042101412,-0.179782003,-0.780535287,0.045578886,0.018955537,0.912120537,-0.406939035
1790503964.725500584,-0.040389895,-0.176893558,-0.787104163,0.042051649,0.018877613,0.909546584,-0.413037900
1790503964.758837938,-0.038402556,-0.174111594,-0.793642228,0.038129275,0.019971551,0.907222919,-0.418442196
1790503964.792174339,-0.036210565,-0.171538720,-0.800585292,0.034511946,0.022212773,0.904418381,-0.424668001
1790503964.825511694,-0.033784527,-0.169133221,-0.807403314,0.031440567,0.024950621,0.901724798,-0.430443196
1790503964.858849287,-0.031375602,-0.166884686,-0.814028827,0.027671680,0.024733677,0.899275268,-0.435805594
1790503964.892183065,-0.029196565,-0.164926768,-0.820681358,0.023412048,0.021991825,0.896938069,-0.440987909
1790503964.925515890,-0.027184316,-0.163133797,-0.827253709,0.020302313,0.018589002,0.895049676,-0.445116101
1790503964.958849907,-0.025269777,-0.161527924,-0.833801619,0.017283117,0.015648695,0.893036523,-0.449379773
1790503964.992183685,-0.023593794,-0.160144641,-0.840517928,0.014598509,0.013972173,0.891412519,-0.452742071
1790503965.025517225,-0.021835505,-0.159010896,-0.847113515,0.009734411,0.009956851,0.889650036,-0.456430626
1790503965.058850050,-0.020083323,-0.158060676,-0.853969389,0.003661910,0.006175328,0.887429767,-0.460887040
1790503965.092183828,-0.018202383,-0.157125315,-0.860879890,-0.001311780,0.005200555,0.885454526,-0.464695079
1790503965.125517607,-0.016512046,-0.155964134,-0.868292938,-0.005380612,0.003496468,0.882811404,-0.469683775
1790503965.158850431,-0.014852271,-0.154790993,-0.875713623,-0.008996093,-0.000563289,0.880057855,-0.474780924
1790503965.192183971,-0.013341386,-0.153729652,-0.882933474,-0.013492550,-0.007425912,0.877363106,-0.479579803
1790503965.225517750,-0.011669641,-0.152686950,-0.890506767,-0.017981382,-0.012967808,0.874663455,-0.484223446
1790503965.258851290,-0.009951988,-0.151803224,-0.898167033,-0.021709504,-0.015814672,0.872374567,-0.488099589
1790503965.292184114,-0.008096685,-0.150990933,-0.905614803,-0.025827097,-0.017312304,0.869991082,-0.492086132
1790503965.325517654,-0.006186489,-0.150310837,-0.913105923,-0.030448607,-0.018150374,0.867722659,-0.495783051
1790503965.358850956,-0.004539701,-0.149778828,-0.920523236,-0.034945335,-0.019796184,0.865603409,-0.499116893
1790503965.392183542,-0.003063602,-0.149194927,-0.927401353,-0.038774619,-0.022365841,0.863575726,-0.502228298
1790503965.425517321,-0.001884582,-0.148769278,-0.934825159,-0.042118404,-0.024948645,0.861446837,-0.505482891
1790503965.458850861,-0.000884433,-0.148428651,-0.941995856,-0.044882139,-0.029081388,0.858837578,-0.509448606
1790503965.492184401,0.000074359,-0.148115132,-0.949067209,-0.047691352,-0.033984429,0.856552077,-0.512727152
1790503965.525516510,0.001231073,-0.147749206,-0.955753557,-0.050711284,-0.037128737,0.854689588,-0.515320804
1790503965.558850050,0.002442404,-0.147658564,-0.962251851,-0.053097113,-0.037505046,0.853172457,-0.517562389
1790503965.592183590,0.003775849,-0.147675166,-0.968503487,-0.056016057,-0.037442016,0.852133263,-0.518969363
1790503965.625516891,0.005117489,-0.147973880,-0.974491353,-0.060840606,-0.038971350,0.850733943,-0.520606774
1790503965.658849478,0.006536965,-0.148285540,-0.980918491,-0.066217209,-0.040532509,0.849386796,-0.522029182
1790503965.692182541,0.007815598,-0.148665401,-0.987771898,-0.070657536,-0.039315228,0.846869899,-0.525616971
1790503965.725516081,0.008974008,-0.148981277,-0.994491447,-0.073305948,-0.037440791,0.843972572,-0.530032756
1790503965.758848429,0.010243261,-0.149211584,-1.000708342,-0.077154429,-0.039180273,0.842035188,-0.532436703
1790503965.792181730,0.011285394,-0.149363799,-1.006437063,-0.082052280,-0.042412712,0.840294962,-0.534203109
1790503965.825514793,0.012324169,-0.149752352,-1.012494204,-0.086715706,-0.044436028,0.838424393,-0.536237227
1790503965.858848095,0.013050358,-0.150356229,-1.018313002,-0.092645903,-0.045413310,0.837586146,-0.536473500
1790503965.892184973,0.013461838,-0.151247257,-1.024047314,-0.101434253,-0.047489457,0.837542536,-0.534769431
1790503965.925522804,0.013375697,-0.152428658,-1.029916768,-0.110874642,-0.052373233,0.837493791,-0.532511041
1790503965.958860636,0.013076982,-0.153352190,-1.035416269,-0.117744201,-0.059594642,0.836402513,-0.531992123
1790503965.992198467,0.011865376,-0.154428867,-1.041577195,-0.122803022,-0.066558195,0.833696835,-0.534264926
1790503966.025535345,0.010517293,-0.155266342,-1.047727511,-0.127009255,-0.073254100,0.830907586,-0.536744883
1790503966.058873177,0.009174869,-0.155696523,-1.053428876,-0.130545038,-0.080982451,0.829053678,-0.537652151
1790503966.092211246,0.007622759,-0.155917695,-1.058692152,-0.135339270,-0.090600901,0.827741458,-0.536953292
1790503966.125548124,0.006096275,-0.156088488,-1.064140635,-0.142524032,-0.100671493,0.825902900,-0.536131095
1790503966.158885956,0.004713727,-0.156183947,-1.069281503,-0.150510929,-0.109437413,0.823292311,-0.536245917
1790503966.192223787,0.003223347,-0.156348780,-1.074895380,-0.157163255,-0.116717829,0.821264345,-0.535911873
1790503966.225561857,0.001837380,-0.156564232,-1.079874954,-0.162980928,-0.123260626,0.819579373,-0.535288414
1790503966.258898735,0.000424886,-0.156936976,-1.083772237,-0.169320434,-0.130334633,0.816802696,-0.535888823
1790503966.292236567,-0.000841449,-0.157204774,-1.085181734,-0.180741859,-0.140906381,0.813410831,-0.534640620
1790503966.325574398,-0.002081118,-0.158328711,-1.089179285,-0.195577015,-0.152945395,0.809890624,-0.531445683
1790503966.358912706,-0.002783114,-0.159802038,-1.092975845,-0.211605766,-0.163550336,0.805541852,-0.528750046
1790503966.392249584,-0.003274716,-0.161381457,-1.096824901,-0.231289817,-0.174694964,0.799976797,-0.525379686
1790503966.425587416,-0.003347071,-0.163290280,-1.101287461,-0.251630047,-0.184349754,0.794010457,-0.521770909
1790503966.458925247,-0.002804483,-0.165175944,-1.105334645,-0.269776702,-0.191069279,0.789030204,-0.517826610
1790503966.492262363,-0.001890365,-0.166938774,-1.109595287,-0.283775136,-0.195187193,0.784337430,-0.515934519
1790503966.525600433,-0.000589925,-0.168976038,-1.114305586,-0.297180084,-0.196556533,0.779741808,-0.514832244
1790503966.558938265,0.001063624,-0.171037471,-1.118933259,-0.311771728,-0.195673247,0.775746821,-0.512569253
1790503966.592276335,0.003106289,-0.173043000,-1.123346053,-0.325304638,-0.195322420,0.772365970,-0.509388705
1790503966.625613213,0.005752756,-0.174978103,-1.127865117,-0.339372274,-0.197012393,0.769132685,-0.504427884
1790503966.658951521,0.008627380,-0.177021398,-1.132323571,-0.355380481,-0.200130604,0.765024453,-0.498387441
1790503966.692289352,0.011833555,-0.179079739,-1.137303625,-0.371518363,-0.203193742,0.760477946,-0.492300420
1790503966.725626469,0.015074029,-0.181102691,-1.142823721,-0.386584837,-0.205284261,0.756263061,-0.486288719
1790503966.758964300,0.018438659,-0.182963465,-1.148611426,-0.400139762,-0.207959333,0.751654344,-0.481307421
1790503966.792302608,0.021547205,-0.184564026,-1.154495363,-0.412228067,-0.213973220,0.745392990,-0.478197419
1790503966.825640678,0.023858324,-0.186429964,-1.160789094,-0.423952857,-0.222839528,0.737608730,-0.475962059
1790503966.858977556,0.026254150,-0.187938459,-1.167781458,-0.434769200,-0.231000737,0.729339324,-0.475056368
1790503966.892314196,0.028121921,-0.189267511,-1.174524685,-0.443577169,-0.237506985,0.722257819,-0.474524362
1790503966.925650835,0.029986053,-0.190179910,-1.180930031,-0.453089081,-0.244291768,0.715121024,-0.472899290
1790503966.958987236,0.031696043,-0.191011072,-1.187680209,-0.462888904,-0.252711677,0.707403101,-0.470586361
1790503966.992322922,0.033370981,-0.191796782,-1.194256587,-0.472670396,-0.261359286,0.699557975,-0.467859659
1790503967.025659561,0.034856134,-0.192578874,-1.200432268,-0.483700787,-0.269850928,0.692037850,-0.462922930
1790503967.058996439,0.036042575,-0.193319822,-1.206729980,-0.493751091,-0.276756340,0.685784687,-0.457509728
1790503967.092331886,0.037208205,-0.193954852,-1.212745687,-0.502797731,-0.282059534,0.680112747,-0.452861472
1790503967.125668526,0.038325288,-0.194242457,-1.218290188,-0.512543154,-0.287425678,0.673615073,-0.448250743
1790503967.159005165,0.039239460,-0.194640115,-1.224029890,-0.522363542,-0.292386790,0.666286239,-0.444644739
1790503967.192341805,0.040371324,-0.194742588,-1.230017049,-0.530697927,-0.295768796,0.659829743,-0.442159744
1790503967.225677490,0.041557223,-0.194460918,-1.234711345,-0.538992722,-0.299570692,0.653632306,-0.438758539
1790503967.259014130,0.043138944,-0.194354987,-1.239951538,-0.546259823,-0.304393791,0.647939876,-0.434877618
1790503967.292350769,0.044764287,-0.194210267,-1.244874873,-0.553738770,-0.310004227,0.642036272,-0.430186216
1790503967.325687408,0.046639807,-0.193902063,-1.249618952,-0.561786578,-0.315612049,0.636260831,-0.424213425
1790503967.359023094,0.048573628,-0.193601036,-1.253843024,-0.567841093,-0.319848871,0.631827829,-0.419579298
1790503967.392359972,0.050486901,-0.193409265,-1.256880723,-0.573489934,-0.322549210,0.627730666,-0.415963357
1790503967.425696611,0.052783730,-0.193487109,-1.261403194,-0.579424370,-0.324414477,0.623969902,-0.411927431
1790503967.459032297,0.055162744,-0.193457307,-1.265491910,-0.584796461,-0.326457783,0.620476149,-0.407980103
1790503967.492368937,0.057805122,-0.193804409,-1.269605378,-0.588917278,-0.328252469,0.617632839,-0.404915341
1790503967.525705576,0.060662477,-0.193869987,-1.273658221,-0.593626921,-0.329466105,0.614406028,-0.401950739
1790503967.559042215,0.063568521,-0.194123970,-1.277381129,-0.598679596,-0.330263814,0.610965863,-0.399035422
1790503967.592377901,0.066767933,-0.194854166,-1.281813062,-0.603606945,-0.329711450,0.607722820,-0.397016359
1790503967.625714540,0.070107535,-0.195366296,-1.285706193,0.609255198,0.328749141,-0.604704231,0.393782807
1790503967.659051418,0.073715977,-0.196068798,-1.289364894,0.615678805,0.326356978,-0.601743601,0.390301639
1790503967.692388296,0.077355106,-0.196975040,-1.293509619,0.621581073,0.322938375,-0.599099390,0.387850095
1790503967.725723982,0.081139183,-0.197873177,-1.297115702,0.627019649,0.320901730,-0.596463987,0.384836525
1790503967.759060621,0.084895040,-0.198614178,-1.300902791,0.632129587,0.320327051,-0.593805588,0.381048145
1790503967.792397499,0.088458582,-0.199527462,-1.304311272,0.636885067,0.321197718,-0.590297196,0.377834166
1790503967.825733185,0.091970437,-0.200720672,-1.307596042,0.641875470,0.322978214,-0.586247045,0.374159535
1790503967.859069824,0.095398592,-0.202038234,-1.310762438,0.646599114,0.322332107,-0.584436529,0.369385358
1790503967.892404556,0.098384056,-0.203226287,-1.313155536,0.650557567,0.320598951,-0.583424061,0.365523638
1790503967.925739288,0.101172074,-0.204578288,-1.315793833,0.654123785,0.318879984,-0.581726796,0.363361480
1790503967.959073067,0.103765173,-0.205805463,-1.318164394,0.657385300,0.317676992,-0.579558098,0.361992137
1790503967.992407799,0.106489838,-0.206912765,-1.320302133,0.659674186,0.318118278,-0.577723683,0.360369361
1790503968.025742292,0.109358044,-0.207896063,-1.322186357,0.661780751,0.320137674,-0.576124677,0.357265257
1790503968.059075832,0.112155713,-0.208468037,-1.323999476,0.663533165,0.320358583,-0.575361231,0.355040239
1790503968.092410564,0.114667538,-0.209262919,-1.326067776,0.664612381,0.320351482,-0.574370892,0.354631344
1790503968.125745296,0.117140515,-0.209770128,-1.328138234,0.666590542,0.320653555,-0.572615543,0.353482373
1790503968.159079790,0.119308331,-0.210213631,-1.329760324,0.667082251,0.319911119,-0.572286776,0.353759794
1790503968.192413568,0.121536674,-0.210722927,-1.331410732,0.666920546,0.319351182,-0.572160600,0.354773245
1790503968.225748062,0.123990241,-0.210973604,-1.332589574,0.667147347,0.320069451,-0.571623763,0.354564857
1790503968.259082794,0.126207255,-0.211129064,-1.333656296,0.666788249,0.321198075,-0.571256073,0.354812242
1790503968.292417288,0.128577121,-0.211201698,-1.334787414,0.665729317,0.322103565,-0.570931703,0.356497911
1790503968.325751066,0.130949557,-0.210915065,-1.336142058,0.664155115,0.323999547,-0.570231355,0.358829316
1790503968.359085560,0.133219112,-0.210479616,-1.337696307,0.662716200,0.326319229,-0.569459238,0.360609450
1790503968.392420053,0.135583163,-0.209750824,-1.338761297,0.659900083,0.328616470,-0.569739372,0.363235658
1790503968.425753593,0.138364647,-0.209118696,-1.340339023,0.656204497,0.330853259,-0.570610670,0.366517725
1790503968.459088087,0.141299027,-0.208247622,-1.341733825,0.653967466,0.333105109,-0.571089030,0.367729328
1790503968.492422819,0.144341985,-0.207490732,-1.342810180,0.651748758,0.335506160,-0.571445225,0.368930248
1790503968.525757313,0.147665119,-0.206854577,-1.344442450,0.650023044,0.337224003,-0.571501560,0.370318757
1790503968.559090853,0.150816737,-0.206080913,-1.346026809,0.649264515,0.339051918,-0.570891980,0.370920118
1790503968.592425346,0.153780899,-0.205088002,-1.347774370,0.647856493,0.341284519,-0.569894179,0.372863871
1790503968.625759840,0.156555895,-0.203996216,-1.349311988,0.646362771,0.344241915,-0.568015014,0.375595017
1790503968.659094334,0.159533008,-0.202653396,-1.351250470,0.646367051,0.346860561,-0.565809457,0.376506368
1790503968.692427635,0.161964514,-0.201364143,-1.352566194,0.645861972,0.349466378,-0.564380529,0.377107653
1790503968.725762129,0.164576528,-0.200162598,-1.354111788,0.645478400,0.352718205,-0.562714279,0.377226912
1790503968.759096861,0.166856437,-0.199032834,-1.355416992,0.646586579,0.355987392,-0.560199655,0.375998830
1790503968.792430162,0.168691838,-0.197694171,-1.356399944,0.646672800,0.357292787,-0.559529662,0.375609787
1790503968.825764656,0.170059460,-0.196624946,-1.357125423,0.646349460,0.357964038,-0.559227094,0.375977632
1790503968.859099150,0.170974753,-0.195608064,-1.357689875,0.646688802,0.359532557,-0.557876850,0.375903383
1790503968.892440081,0.171766470,-0.194691110,-1.357972852,0.646015304,0.362100900,-0.556905406,0.376036612
1790503968.925780296,0.171885437,-0.193836834,-1.358039388,0.644888598,0.364707734,-0.555999034,0.376791771
1790503968.959121466,0.171700736,-0.192937717,-1.357560812,0.643889680,0.368265036,-0.554378717,0.377427055
1790503968.992462873,0.171487453,-0.192138524,-1.357060581,0.642847393,0.372006468,-0.553296873,0.377121979
1790503969.025804281,0.171126224,-0.190790524,-1.356228092,0.641967892,0.373453486,-0.553860093,0.376362480
1790503969.059144497,0.170890330,-0.189084437,-1.355395247,0.642095676,0.372555823,-0.554747375,0.375726831
1790503969.092485905,0.170320152,-0.187028755,-1.354521403,0.641927040,0.371729230,-0.555474752,0.375759038
1790503969.125827074,0.169501015,-0.184730756,-1.353620758,0.641632428,0.372056300,-0.555313929,0.376175993
1790503969.159167767,0.168634687,-0.181929581,-1.352652409,0.641843261,0.373293567,-0.554253870,0.376153942
1790503969.192509174,0.167832849,-0.178993068,-1.352271728,0.640356184,0.374420070,-0.553991238,0.377951422
1790503969.225850821,0.166969486,-0.175397216,-1.351170386,0.637931866,0.375923039,-0.554222851,0.380212880
1790503969.259192705,0.166288092,-0.171646470,-1.350302120,0.636961778,0.377332884,-0.553858849,0.380972393
1790503969.292533159,0.165735698,-0.167926466,-1.349485286,0.636812264,0.378061882,-0.553464205,0.381073127
1790503969.325875044,0.165286516,-0.163957248,-1.348384381,0.635543686,0.377354212,-0.554676110,0.382128819
1790503969.359216690,0.164568816,-0.159986381,-1.346577993,0.633872391,0.376779877,-0.556426147,0.382926442
1790503969.392557621,0.163778992,-0.155885262,-1.344890325,0.632196597,0.377970723,-0.556943900,0.383769576
1790503969.425899744,0.162620567,-0.151595944,-1.343482617,0.630005062,0.380974086,-0.556805083,0.384604299
1790503969.459241390,0.161006969,-0.146779890,-1.341674277,0.626800339,0.385840202,-0.556124054,0.385972423
1790503969.492583513,0.159131056,-0.141900693,-1.340029922,0.624233145,0.390308934,-0.554358215,0.388173784
1790503969.525924444,0.157169713,-0.137094411,-1.338726747,0.622336540,0.393075973,-0.552594271,0.390932324
1790503969.559266567,0.155223269,-0.132007653,-1.337360792,0.620458701,0.394519587,-0.551536303,0.393945432
1790503969.592608929,0.153453306,-0.127133651,-1.336436910,0.619178247,0.395429721,-0.550148321,0.396976649
1790503969.625950813,0.151786661,-0.122531302,-1.334894936,0.618616778,0.396847073,-0.548710613,0.398424829
1790503969.659292221,0.150111012,-0.118250960,-1.333175051,0.617598049,0.398654381,-0.547950055,0.399246881
1790503969.692634583,0.148476796,-0.114353036,-1.331861378,0.615969235,0.400816572,-0.546895147,0.401040741
1790503969.725976944,0.146542945,-0.110811163,-1.330099376,0.615120388,0.403379978,-0.545261644,0.401996568
1790503969.759318352,0.144341624,-0.107900583,-1.328637482,0.614575417,0.405393773,-0.543819725,0.402756816
1790503969.792660952,0.141740924,-0.105247149,-1.326800034,0.614030423,0.406855324,-0.542375209,0.404060041
1790503969.826003313,0.139042446,-0.102901088,-1.324632983,0.613946838,0.407065592,-0.541407268,0.405271581
1790503969.859345913,0.136235760,-0.101677146,-1.322478876,0.613920727,0.406698267,-0.541542869,0.405498683
1790503969.892685890,0.133408108,-0.100461460,-1.319289993,0.613802279,0.406861218,-0.541993311,0.404912290
1790503969.926026583,0.130359608,-0.099890677,-1.316156243,0.612961885,0.406314568,-0.543248163,0.405052629
1790503969.959367514,0.127545649,-0.099178076,-1.312912608,0.612788831,0.405499869,-0.544244891,0.404792791
1790503969.992708206,0.124643015,-0.098514759,-1.310171233,0.613185934,0.405648767,-0.543747196,0.404711100
1790503970.026048183,0.121738285,-0.098329269,-1.307729044,0.614506441,0.407408802,-0.540965157,0.404668508
1790503970.059388876,0.119114720,-0.097932622,-1.305137999,0.617147285,0.409080930,-0.537374309,0.403746050
1790503970.092730045,0.116178816,-0.098020491,-1.302328816,0.617707989,0.410501849,-0.535102437,0.404463168
1790503970.126069784,0.112876484,-0.098098825,-1.298030193,0.616603520,0.413120888,-0.534370897,0.404448978
1790503970.159410954,0.109775837,-0.098418770,-1.294218747,0.615755152,0.415260075,-0.534011616,0.404025070
1790503970.192751884,0.106411056,-0.098876209,-1.290426996,0.615591456,0.415731936,-0.533695237,0.404207263
1790503970.226093054,0.102795587,-0.099411801,-1.286276951,0.614882423,0.415334472,-0.533865565,0.405468174
1790503970.259433031,0.099445352,-0.099889056,-1.282523459,0.613314037,0.415032656,-0.535065671,0.406569201
1790503970.292774200,0.096299636,-0.100488316,-1.279143632,0.612337976,0.414575531,-0.535546949,0.407871055
1790503970.326115370,0.093508487,-0.101184120,-1.275870589,0.611166968,0.414496660,-0.536302405,0.408714064
1790503970.359456539,0.090817349,-0.102047233,-1.272860855,0.610475894,0.413796599,-0.537208645,0.409265720
1790503970.392796993,0.088721007,-0.103321467,-1.270595789,0.610373766,0.412272597,-0.537780689,0.410203732
1790503970.426137924,0.086732751,-0.104552255,-1.268078688,0.610093939,0.411480546,-0.538837097,0.410028937
1790503970.459479332,0.085373543,-0.106136531,-1.265911933,0.610374025,0.411003334,-0.539567983,0.409128587
1790503970.492819548,0.084425724,-0.107710031,-1.263904233,0.612415033,0.410067692,-0.539328053,0.407329802
1790503970.526160955,0.083864680,-0.109610312,-1.262785664,0.614939965,0.409225869,-0.538616530,0.405308847
1790503970.559502363,0.083678302,-0.111639776,-1.261748693,0.618788819,0.408155660,-0.537138456,0.402481842
1790503970.592843771,0.084378762,-0.113820128,-1.261452582,0.623770913,0.406237687,-0.535580240,0.398791418
1790503970.626183987,0.085372080,-0.116199929,-1.261827218,0.629828116,0.404019973,-0.534174914,0.393372046
1790503970.659525633,0.087111800,-0.118559193,-1.262508061,0.637863667,0.402111252,-0.531052027,0.386549128
1790503970.692867279,0.089093489,-0.121004728,-1.263908857,0.645289846,0.398996880,-0.528370655,0.381086545
1790503970.726207733,0.091496386,-0.123296096,-1.266147178,0.650885188,0.394061905,-0.527344448,0.378115750
1790503970.759549379,0.094043590,-0.125561263,-1.268390598,0.655751383,0.389295389,-0.526565331,0.375723537
1790503970.792890787,0.096749823,-0.127953745,-1.271079841,0.660022196,0.386362006,-0.525635940,0.372561349
1790503970.826232433,0.099564716,-0.130449396,-1.273987587,0.664231343,0.384549967,-0.524578057,0.368423545
1790503970.859572887,0.102508895,-0.133214114,-1.277054740,0.667935901,0.383380582,-0.523096058,0.365036266
1790503970.892910242,0.105428052,-0.136007320,-1.280089129,0.672090102,0.382974545,-0.520662998,0.361296880
1790503970.926247358,0.108520752,-0.138899536,-1.283801546,0.676184670,0.382374872,-0.518160953,0.357872849
1790503970.959584236,0.111672753,-0.141678628,-1.287383772,0.680357237,0.381346740,-0.515486990,0.354911055
1790503970.992920399,0.114608577,-0.144478542,-1.290907964,0.684202253,0.380289584,-0.513477072,0.351551426
1790503971.026257277,0.117765939,-0.147163176,-1.294624208,0.688224418,0.378862853,-0.511797973,0.347667835
1790503971.059594393,0.120425014,-0.149718898,-1.298329942,0.692066790,0.377031873,-0.509830783,0.344910275
1790503971.092930555,0.123080296,-0.152418854,-1.301847396,0.695768612,0.375708474,-0.507705307,0.342029973
1790503971.126267910,0.125397148,-0.154863788,-1.305369172,0.699336366,0.373229257,-0.506229992,0.339646528
1790503971.159604788,0.127883751,-0.157231861,-1.308943865,0.702745125,0.370502735,-0.504745715,0.337799905
1790503971.192941904,0.130223700,-0.159850327,-1.312590028,0.706493017,0.369097055,-0.502577100,0.334740556
1790503971.226278067,0.132683686,-0.162484586,-1.316247217,0.710476927,0.366998487,-0.500883258,0.331135333
1790503971.259615183,0.135332888,-0.165362382,-1.319976619,0.714526414,0.362004871,-0.500479817,0.328518540
1790503971.292952299,0.137922220,-0.168219941,-1.323289242,0.718094450,0.356186672,-0.500848834,0.326530030
1790503971.326289654,0.140741969,-0.171341128,-1.326776029,0.721760680,0.350726009,-0.501104754,0.323954955
1790503971.359625816,0.143396155,-0.174305746,-1.329721441,0.725385947,0.345154234,-0.501528414,0.321174458
1790503971.392962933,0.145975369,-0.177342163,-1.332760649,0.728540384,0.340139336,-0.501836593,0.318895241
1790503971.426300049,0.148570094,-0.180082390,-1.335368164,0.731628589,0.337493834,-0.500847404,0.316179377
1790503971.459636211,0.151170778,-0.183183840,-1.338116869,0.734644684,0.336166032,-0.499114092,0.313328439
1790503971.492973328,0.153945128,-0.186389020,-1.340996639,0.738160172,0.331199751,-0.498629526,0.311118758
1790503971.526310444,0.156901531,-0.189811816,-1.343929355,0.742250605,0.322511598,-0.499514643,0.309088061
1790503971.559647799,0.159917592,-0.193211288,-1.346288411,0.746591446,0.313173455,-0.500636954,0.306408616
1790503971.592983961,0.163170465,-0.196559067,-1.349293600,0.750943623,0.305556901,-0.500733962,0.303288895
1790503971.626321077,0.166007678,-0.199947544,-1.351791492,0.754805336,0.301101531,-0.499810265,0.299660594
1790503971.659658194,0.168697569,-0.202850902,-1.354078010,0.758156918,0.299708247,-0.498104140,0.295407041
1790503971.692995548,0.170589906,-0.206055322,-1.356410897,0.760961530,0.299532735,-0.496423837,0.291171880
1790503971.726331711,0.172426699,-0.208784638,-1.358578184,0.764002208,0.298190743,-0.494428528,0.287964125
1790503971.759668827,0.174261405,-0.211510326,-1.360838933,0.767561653,0.295114716,-0.492642470,0.284710046
1790503971.793006420,0.176071984,-0.214178495,-1.362855639,0.770605757,0.292315470,-0.491448792,0.281418759
1790503971.826342583,0.178217584,-0.217092771,-1.364918776,0.774046395,0.289596518,-0.489828702,0.277585802
1790503971.859679699,0.180612761,-0.219922888,-1.367217211,0.777307964,0.286192815,-0.488852794,0.273694990
1790503971.893017530,0.182942794,-0.222955125,-1.369506818,0.779980985,0.281605302,-0.488963384,0.270634301
1790503971.926355362,0.185367408,-0.226106443,-1.371774435,0.782932454,0.276896351,-0.488582575,0.267642020
1790503971.959692240,0.187576617,-0.229225390,-1.373644598,0.785731512,0.273587143,-0.487908040,0.264048879
1790503971.993030071,0.190038131,-0.232078891,-1.375430619,0.788130269,0.271542112,-0.487421333,0.259876904
1790503972.026367903,0.191848259,-0.235359326,-1.376822436,0.790559855,0.269180290,-0.487005062,0.255701306
1790503972.059704781,0.193805171,-0.238539187,-1.378098228,0.792120221,0.264619751,-0.488526070,0.252713716
1790503972.093042612,0.195740398,-0.241588708,-1.379210036,0.793431241,0.258966353,-0.490508032,0.250609586
1790503972.126380444,0.197638568,-0.244263007,-1.380486633,0.794890191,0.255131722,-0.491517493,0.247927294
1790503972.159718275,0.199286237,-0.246739504,-1.381729531,0.796701554,0.252465001,-0.491332453,0.245194774
1790503972.193055153,0.200657060,-0.248960265,-1.382635249,0.798399100,0.251350373,-0.490506823,0.242456023
1790503972.226392984,0.202006272,-0.251057380,-1.383631295,0.799438122,0.251653304,-0.489947913,0.239833999
1790503972.259731293,0.203301073,-0.253055870,-1.384739089,0.800795975,0.251224379,-0.489436546,0.236778345
1790503972.293069124,0.204217794,-0.255094039,-1.385699442,0.802041639,0.249479844,-0.488801775,0.235715594
1790503972.326406002,0.205075393,-0.257205932,-1.386382551,0.802230831,0.247934049,-0.489138245,0.236004615
1790503972.359743834,0.206193703,-0.258856447,-1.386805023,0.802028152,0.247703117,-0.490172795,0.234786372
1790503972.393081903,0.207230177,-0.260503989,-1.387140159,0.802043737,0.246626156,-0.491412567,0.233270385
1790503972.426418781,0.208278693,-0.262179448,-1.388165703,0.802689697,0.245389018,-0.491408407,0.232360189
1790503972.459756851,0.209196691,-0.263740965,-1.388883413,0.803543452,0.244507661,-0.491056028,0.231079858
1790503972.493094683,0.210028582,-0.265053323,-1.389993083,0.804426672,0.243435698,-0.490493992,0.230331140
1790503972.526432753,0.210483261,-0.266253925,-1.390555423,0.805326512,0.243210486,-0.489317871,0.229925835
1790503972.559769869,0.211240505,-0.267484566,-1.391349129,0.805957135,0.243912531,-0.488520300,0.228665017
1790503972.593107700,0.212035261,-0.268852618,-1.392204135,0.806750099,0.244166518,-0.488085382,0.226516335
1790503972.626445770,0.212831791,-0.270153534,-1.392961543,0.807180528,0.243979911,-0.488606430,0.224047216
1790503972.659783602,0.213643630,-0.271497427,-1.393457349,0.807646124,0.243756887,-0.489126235,0.221462965
1790503972.693120956,0.214291378,-0.273001121,-1.393987487,0.808126497,0.243941261,-0.489097140,0.219563688
1790503972.726459026,0.215029243,-0.274117898,-1.394725506,0.808389389,0.242967360,-0.489863797,0.217960816
1790503972.759796858,0.215600609,-0.275258405,-1.395129785,0.809059111,0.242228631,-0.489673232,0.216722799
1790503972.793133974,0.216104022,-0.276609347,-1.396039649,0.809965928,0.241455806,-0.489114246,0.215456594
1790503972.826472282,0.216416233,-0.277705282,-1.396535305,0.810837290,0.239849007,-0.488907950,0.214439639
1790503972.859810114,0.216680317,-0.278346930,-1.396772960,0.811289658,0.237405357,-0.489658117,0.213735156
1790503972.893145084,0.216469327,-0.278303047,-1.396927234,0.810778891,0.238028744,-0.490067377,0.214041755
1790503972.926478863,0.215750460,-0.277473103,-1.396415113,0.810862476,0.240771105,-0.488270470,0.214763286
1790503972.959813595,0.214605990,-0.276209925,-1.394909229,0.810173051,0.242995431,-0.487837706,0.215840731
1790503972.993148327,0.213188471,-0.275344548,-1.393661570,0.809014641,0.245314090,-0.488182034,0.216782401
1790503973.026483059,0.211583375,-0.274317018,-1.391736386,0.807318014,0.247123136,-0.489459854,0.218166982
1790503973.059816837,0.210100573,-0.273413097,-1.389631489,0.805970919,0.247786498,-0.490870876,0.219222519
1790503973.093151808,0.208329524,-0.272339008,-1.387120203,0.805294023,0.246215749,-0.492124993,0.220663391
1790503973.126486540,0.206524692,-0.271217925,-1.384576859,0.805488201,0.243416198,-0.492739910,0.221686025
1790503973.159820318,0.204562260,-0.269910083,-1.381854220,0.805700574,0.241143539,-0.492549629,0.223810727
1790503973.193155289,0.202298447,-0.268048526,-1.378976872,0.806057054,0.240404775,-0.491286686,0.226086182
1790503973.226490021,0.199713911,-0.266232912,-1.376101209,0.806238529,0.242152796,-0.489362398,0.227740864
1790503973.259824991,0.196997997,-0.263873574,-1.372673601,0.805680851,0.245358279,-0.487839277,0.229544160
1790503973.293158770,0.194185552,-0.261181509,-1.369181448,0.804847072,0.247933506,-0.486700812,0.232104476
1790503973.326493502,0.191208754,-0.258568367,-1.365472310,0.803995397,0.250986406,-0.485263633,0.234768890
1790503973.359828472,0.188414818,-0.255482003,-1.361738539,0.802422645,0.254254577,-0.484431482,0.238324669
1790503973.393162012,0.185450924,-0.252486508,-1.358001621,0.800948631,0.257616676,-0.483537329,0.241467577
1790503973.426496983,0.182276518,-0.249428811,-1.354522247,0.799898591,0.261468922,-0.481607463,0.244643614
1790503973.459831715,0.179145095,-0.246509612,-1.350726575,0.800692951,0.265992227,-0.478390050,0.243478733
1790503973.493166685,0.176292196,-0.243902707,-1.347011677,0.799197918,0.270413941,-0.476748118,0.246718912
1790503973.526500463,0.173409245,-0.240970197,-1.343686423,0.796865573,0.272898684,-0.476565442,0.251827216
1790503973.559835434,0.170337367,-0.238511323,-1.340452906,0.795226150,0.274997238,-0.476288458,0.255227730
1790503973.593170166,0.167347679,-0.236092396,-1.337176153,0.793867313,0.277209339,-0.475721297,0.258106410
1790503973.626505136,0.164461684,-0.233862716,-1.333784166,0.793732642,0.280556847,-0.473637121,0.258735825
1790503973.659838915,0.161154966,-0.232231506,-1.330502380,0.793915392,0.283710012,-0.471359483,0.258896152
1790503973.693173647,0.158454161,-0.230062123,-1.327322484,0.793189766,0.284492906,-0.470570885,0.261680768
1790503973.726508617,0.155425103,-0.228576809,-1.324204294,0.793549338,0.286450711,-0.469481333,0.260408748
1790503973.759842396,0.152440625,-0.227048603,-1.321551135,0.796150556,0.288254703,-0.465743253,0.257170644
1790503973.793177128,0.149186208,-0.225731915,-1.319158506,0.799644868,0.289454560,-0.460432799,0.254530510
1790503973.826511860,0.145780004,-0.224570480,-1.317344715,0.801025829,0.289169742,-0.456495168,0.257586184
1790503973.859846830,0.142551747,-0.223226154,-1.315501880,0.802238445,0.288614641,-0.453291962,0.260079726
1790503973.893182039,0.139501215,-0.221899251,-1.313323766,0.802732503,0.289969362,-0.451584244,0.260019168
1790503973.926518202,0.136578421,-0.220947905,-1.311257835,0.803009341,0.292229813,-0.449607077,0.260060012
1790503973.959854364,0.133875604,-0.220061190,-1.309910465,0.803517505,0.294582284,-0.446942047,0.260429845
1790503973.993190527,0.130997663,-0.219041461,-1.308337749,0.803993521,0.296994335,-0.444343840,0.260667095
1790503974.026525736,0.128488439,-0.218072313,-1.307359326,0.804546918,0.299668987,-0.440980317,0.261608705
1790503974.059861660,0.126106803,-0.217153277,-1.306374480,0.805192088,0.301334750,-0.438322832,0.262175827
1790503974.093197823,0.123935397,-0.216047107,-1.305821044,0.806371804,0.301425863,-0.436031927,0.262265363
1790503974.126532793,0.122467140,-0.215062048,-1.305128767,0.809000595,0.299952502,-0.432682907,0.261403970
1790503974.159868956,0.121007232,-0.214123652,-1.304119308,0.812497120,0.297675151,-0.430555349,0.256632083
1790503974.193205118,0.119482558,-0.213789803,-1.303218223,0.813664080,0.295436421,-0.430021788,0.256416356
1790503974.226541042,0.117675904,-0.213586542,-1.302347340,0.813717759,0.290960103,-0.431217008,0.259340547
1790503974.259876251,0.115825983,-0.213300771,-1.301569151,0.813259168,0.287812112,-0.432229677,0.262585644
1790503974.293212175,0.113931985,-0.213171373,-1.300849426,0.813614759,0.288987028,-0.430265475,0.263418189
1790503974.326548100,0.112415225,-0.213267525,-1.300501709,0.814622626,0.291031091,-0.427202948,0.263037114
1790503974.359884262,0.111235402,-0.213344868,-1.300581977,0.815336749,0.291992012,-0.425042485,0.263259447
1790503974.393219233,0.110800160,-0.213637726,-1.301191148,0.816789286,0.291796843,-0.422677868,0.262779915
1790503974.426555395,0.110914508,-0.214111203,-1.302508708,0.820821201,0.289671608,-0.419381256,0.257802790
1790503974.459891319,0.111464396,-0.215049174,-1.303988354,0.824960908,0.288228984,-0.416981187,0.249980487
1790503974.493226290,0.112429989,-0.216266047,-1.306046186,0.828225999,0.287551314,-0.415281658,0.242687208
1790503974.526562214,0.113594780,-0.217692123,-1.308743665,0.830863470,0.282769268,-0.414967481,0.239811226
1790503974.559898376,0.114421950,-0.218871337,-1.311775887,0.833188963,0.277541539,-0.414214189,0.239151526
1790503974.593234301,0.115437818,-0.220406686,-1.314981895,0.836364821,0.274701133,-0.411473929,0.236055882
1790503974.626569271,0.116495319,-0.221889308,-1.318281580,0.840141740,0.272673099,-0.407495159,0.231859728
1790503974.659905195,0.117387224,-0.223164151,-1.321311717,0.841997133,0.270358828,-0.405642211,0.231087276
1790503974.693241119,0.118326172,-0.224697591,-1.324817265,0.843912266,0.269421780,-0.402794594,0.230174947
1790503974.726576090,0.119162644,-0.226292520,-1.327788713,0.846259091,0.269371191,-0.399364771,0.227579638
1790503974.759912014,0.120103024,-0.228022856,-1.331008604,0.847862303,0.269214289,-0.396997653,0.225933718
1790503974.793247938,0.121281408,-0.230023954,-1.334028884,0.849620389,0.267996406,-0.395217195,0.223889460
1790503974.826584101,0.122378998,-0.232111640,-1.337246913,0.851609526,0.266030036,-0.394153189,0.220527773
1790503974.859918833,0.123463596,-0.234000265,-1.340216332,0.853959261,0.263972421,-0.392204342,0.217365810
1790503974.893253088,0.124839293,-0.236917301,-1.343708120,0.857350226,0.260028388,-0.389091844,0.214344031
1790503974.926587105,0.125972704,-0.239680868,-1.347828066,0.861050436,0.255284847,-0.385794056,0.211150988
1790503974.959921360,0.126999970,-0.242487387,-1.351824366,0.864834348,0.250752141,-0.382420206,0.207218970
1790503974.993254423,0.127980895,-0.245103451,-1.355692147,0.868668334,0.247527612,-0.378494979,0.202205239
1790503975.026588440,0.129036587,-0.247824040,-1.359690252,0.872397035,0.244247839,-0.374790369,0.196973565
1790503975.059922457,0.129713262,-0.250196428,-1.363054256,0.875133858,0.241726916,-0.371976441,0.193241702
1790503975.093255281,0.130193385,-0.252342707,-1.366256236,0.877832376,0.239365364,-0.368753285,0.190093548
1790503975.126589298,0.130566760,-0.254172671,-1.368911471,0.880517966,0.236051940,-0.365899815,0.187309683
1790503975.159923315,0.130738130,-0.255524482,-1.371181311,0.882235081,0.233940380,-0.363722364,0.186116097
1790503975.193257332,0.130919437,-0.256701532,-1.373071137,0.883340838,0.234508573,-0.361435781,0.184604630
1790503975.226590395,0.131105650,-0.257744480,-1.374888459,0.884471582,0.234990428,-0.359344057,0.182650944
1790503975.259924412,0.131110469,-0.258469705,-1.376114711,0.885404312,0.234604637,-0.357750033,0.181754731
1790503975.293257952,0.131517201,-0.259344545,-1.377741444,0.886413452,0.234194335,-0.355944285,0.180908460
1790503975.326591969,0.131772328,-0.260069011,-1.378905304,0.887167400,0.233916978,-0.355093272,0.179236214
1790503975.359924793,0.132060974,-0.260602370,-1.379886598,0.887978505,0.233671156,-0.354002264,0.177691764
1790503975.393258810,0.132464820,-0.261113425,-1.381123239,0.888867920,0.233428587,-0.352591082,0.176364522
1790503975.426592588,0.132565960,-0.261697707,-1.382359137,0.889627760,0.232803909,-0.351274571,0.175985693
1790503975.459925175,0.132683782,-0.262151716,-1.383289870,0.890313990,0.232210323,-0.350179880,0.175480532
1790503975.493258953,0.132844525,-0.262574355,-1.384349747,0.890509067,0.233552121,-0.349321260,0.174418078
1790503975.526592970,0.133178146,-0.262850267,-1.385398171,0.890688781,0.235787282,-0.348140436,0.172847012
1790503975.559926748,0.133211580,-0.263247247,-1.386163097,0.891041728,0.236971121,-0.346825569,0.172050435
1790503975.593259573,0.133414594,-0.264023818,-1.387309901,0.891575362,0.236678268,-0.345901034,0.171549543
1790503975.626593351,0.133744176,-0.264676919,-1.388299054,0.892307606,0.236090333,-0.344887791,0.170589867
1790503975.659926653,0.134291708,-0.265574484,-1.389756885,0.893058013,0.235420565,-0.344137618,0.169097141
1790503975.693260431,0.134884418,-0.266579562,-1.391161658,0.893741353,0.234364892,-0.343719180,0.167799334
1790503975.726593256,0.135524092,-0.267843154,-1.392583792,0.894591612,0.233143379,-0.342942987,0.166553656
1790503975.759926796,0.136246819,-0.268826669,-1.393907481,0.895500028,0.231483556,-0.342279078,0.165348410
1790503975.793260574,0.136920767,-0.269857505,-1.395487677,0.896309438,0.230170364,-0.341507643,0.164388332
1790503975.826592922,0.137527116,-0.270996469,-1.396786803,0.897170952,0.229002136,-0.340783615,0.162815330
1790503975.859926701,0.138058801,-0.272167192,-1.397978925,0.897945702,0.227107010,-0.340316052,0.162175543
1790503975.893265247,0.138505554,-0.273394386,-1.399346966,0.898791084,0.224564048,-0.340105423,0.161474078
1790503975.926603556,0.139018574,-0.274653616,-1.400245463,0.899810930,0.222508304,-0.339521139,0.159861628
1790503975.959940910,0.139643898,-0.276117162,-1.401174161,0.900554672,0.220381846,-0.339583439,0.158480952
1790503975.993279219,0.140285112,-0.277210033,-1.402181136,0.901377981,0.217970156,-0.339305172,0.157729980
1790503976.026617765,0.140738713,-0.278120938,-1.403370335,0.901982323,0.216517208,-0.338984400,0.156964214
1790503976.059955120,0.141085896,-0.278862577,-1.404492913,0.902490618,0.215701802,-0.338719798,0.155731552
1790503976.093293428,0.141286551,-0.279361818,-1.405748355,0.902849582,0.215448757,-0.338366140,0.154766991
1790503976.126631737,0.141457671,-0.280690740,-1.406247024,0.903155010,0.216243551,-0.337365979,0.154058273
1790503976.159970284,0.141654368,-0.281470367,-1.406673058,0.903250937,0.217226170,-0.336755617,0.153447678
1790503976.193307638,0.141611504,-0.281857670,-1.407325042,0.903353897,0.217578719,-0.336251698,0.153447166
1790503976.226645947,0.141548006,-0.281929441,-1.407872636,0.903013460,0.218112089,-0.336395367,0.154376048
1790503976.259984493,0.141488490,-0.282430830,-1.407651966,0.902465362,0.219998534,-0.336311028,0.155086453
1790503976.293323040,0.141129731,-0.281977396,-1.407250153,0.901914755,0.222310751,-0.336044489,0.155569297
1790503976.326660395,0.140610567,-0.281471871,-1.406711723,0.900723456,0.225338623,-0.336351441,0.157440369
1790503976.359998703,0.139969529,-0.280203342,-1.406113664,0.899215399,0.228481697,-0.336638157,0.160880491
1790503976.393337250,0.138722694,-0.278263287,-1.404705935,0.897173097,0.232483016,-0.337267749,0.165174291
1790503976.426674604,0.137513588,-0.275750361,-1.403475775,0.894858998,0.237548154,-0.337388419,0.170197838
1790503976.460013151,0.136155080,-0.272626119,-1.401425220,0.891991504,0.243590773,-0.337534636,0.176309561
1790503976.493351460,0.134784739,-0.269330093,-1.398814004,0.887965325,0.251712029,-0.338863609,0.182565305
1790503976.526690245,0.133675162,-0.265668906,-1.395784756,0.882915719,0.261280326,-0.341546348,0.188516621
1790503976.560027599,0.132451200,-0.261678034,-1.392185928,0.877438065,0.270117197,-0.344993925,0.195239172
1790503976.593365908,0.131384517,-0.257518821,-1.388666129,0.871759727,0.278322226,-0.348761113,0.202329934
1790503976.626704693,0.130052035,-0.253193322,-1.384429768,0.865788004,0.286303124,-0.353053156,0.209272842
1790503976.660043001,0.128865210,-0.248589679,-1.380083884,0.859671213,0.294193343,-0.357528078,0.215845676
1790503976.693380594,0.127747802,-0.243923395,-1.375635790,0.853327820,0.302096311,-0.362484327,0.221753383
1790503976.726718903,0.126681159,-0.239135432,-1.370702489,0.846995036,0.308933677,-0.367670969,0.227985638
1790503976.760057688,0.125514912,-0.234360518,-1.366350104,0.840821938,0.314353382,-0.372652198,0.235224913
1790503976.793395042,0.124674968,-0.229373405,-1.361270914,0.834749636,0.318382278,-0.378514711,0.241975999
1790503976.826733589,0.123886586,-0.224645448,-1.356300343,0.828622072,0.323131665,-0.384331123,0.247509549
1790503976.860072136,0.122943821,-0.219986479,-1.351570279,0.822600941,0.330322148,-0.388484060,0.251585186
1790503976.893406630,0.121821927,-0.215312729,-1.346868324,0.816095914,0.338448190,-0.392714494,0.255373466
1790503976.926740170,0.120655250,-0.210686084,-1.342500527,0.809784382,0.345218314,-0.396843008,0.259979224
1790503976.960074663,0.119204635,-0.206091360,-1.337453249,0.803721957,0.350544613,-0.400827989,0.265492774
1790503976.993408918,0.118233856,-0.201876209,-1.332656772,0.797604333,0.355989368,-0.405369242,0.269767817
1790503977.026743412,0.117056233,-0.198066181,-1.327687054,0.792174006,0.360376659,-0.409799423,0.273227816
1790503977.060076952,0.116196346,-0.194449130,-1.322930440,0.787004984,0.362449358,-0.414947937,0.277618134
1790503977.093411207,0.115206179,-0.190770527,-1.318722330,0.781463341,0.364553094,-0.420473552,0.282166760
1790503977.126745701,0.114123221,-0.187416306,-1.314231330,0.776321151,0.367866577,-0.424873975,0.285450097
1790503977.160078764,0.113060673,-0.184314846,-1.309584015,0.771312645,0.371117172,-0.429694337,0.287596287
1790503977.193413258,0.111823828,-0.181468691,-1.304899392,0.765076092,0.373504961,-0.436269023,0.291242093
1790503977.226747513,0.110329294,-0.178785648,-1.299910387,0.758374789,0.376839008,-0.442015912,0.295773521
1790503977.260081768,0.108366150,-0.176360858,-1.294782740,0.751888268,0.381229634,-0.446651267,0.299717608
1790503977.293415070,0.106210994,-0.174182623,-1.289422261,0.744698493,0.385947422,-0.451659920,0.304092189
1790503977.326749325,0.104317261,-0.172111604,-1.284367145,0.736747511,0.390023961,-0.457712558,0.309166022
1790503977.360083580,0.102347482,-0.170088558,-1.278762246,0.728769197,0.393276640,-0.464638667,0.313591855
1790503977.393416643,0.100626706,-0.168369635,-1.273670995,0.720032186,0.395151240,-0.472915521,0.318998524
1790503977.426750898,0.099138114,-0.167029077,-1.268661887,0.712130227,0.397591524,-0.479907068,0.323234784
1790503977.460084915,0.097633124,-0.165737550,-1.264210933,0.706040326,0.400184763,-0.484570660,0.326420724
1790503977.493419170,0.096308778,-0.164545359,-1.260501195,0.701398663,0.401267240,-0.488523334,0.329195185
1790503977.526752234,0.095295672,-0.163342382,-1.256719158,0.697174411,0.400934890,-0.492875860,0.332072945
1790503977.560086489,0.094620836,-0.162160432,-1.253260131,0.693478186,0.400369893,-0.496795679,0.334643105
1790503977.593420506,0.094240067,-0.161167556,-1.250503388,0.690491641,0.400313645,-0.499703803,0.336550722
1790503977.626754522,0.094031153,-0.160174349,-1.248216880,0.687979668,0.400791685,-0.502337839,0.337204236
1790503977.660087585,0.094086288,-0.159047709,-1.245924994,0.686444098,0.402210547,-0.503525734,0.336872395
1790503977.693421602,0.094105287,-0.157916813,-1.244299410,0.686080446,0.404642411,-0.502278131,0.336563248
1790503977.726755619,0.094181710,-0.156282104,-1.242557234,0.685103593,0.407468686,-0.501098687,0.336901236
1790503977.760088682,0.094379829,-0.154650814,-1.241134328,0.683419107,0.410239102,-0.500962906,0.337162231
1790503977.793422461,0.094739498,-0.152518048,-1.240057924,0.681846651,0.411807860,-0.501114261,0.338206931
1790503977.826756239,0.095026685,-0.150046671,-1.238996937,0.680439458,0.412541419,-0.501777962,0.339161611
1790503977.860090256,0.095474932,-0.147259541,-1.238410917,0.679254961,0.413325328,-0.502068044,0.340150776
1790503977.893428326,0.095993994,-0.144264038,-1.238181270,0.678501861,0.413963511,-0.501723463,0.341383953
1790503977.926767349,0.096370278,-0.140531986,-1.237482306,0.677537751,0.414136243,-0.501777600,0.343005842
1790503977.960106134,0.097008182,-0.136710964,-1.236783871,0.676766737,0.413980622,-0.502062155,0.344296995
1790503977.993445396,0.097882776,-0.132951601,-1.236685835,0.676520199,0.413548461,-0.501811105,0.345664152
1790503978.026783466,0.098831461,-0.129164383,-1.236482603,0.677065875,0.412244938,-0.501217336,0.347011661
1790503978.060122490,0.099898667,-0.125880108,-1.236718178,0.677618827,0.411508007,-0.500211994,0.348255432
1790503978.093461752,0.101037946,-0.122491453,-1.237205434,0.677930380,0.411918001,-0.498597025,0.349478135
1790503978.126799822,0.101781059,-0.119319888,-1.237395779,0.677821089,0.413880705,-0.496663334,0.350124072
1790503978.160139084,0.102423191,-0.116240902,-1.237307291,0.676811983,0.417400245,-0.494641722,0.350759380
1790503978.193478346,0.102907431,-0.113340549,-1.237379649,0.675313001,0.421863020,-0.492365700,0.351510967
1790503978.226817608,0.103392759,-0.110545276,-1.237650777,0.674082519,0.425803806,-0.490019832,0.352398127
1790503978.260155916,0.103584124,-0.107549070,-1.237927088,0.673038273,0.428140252,-0.488590247,0.353546288
1790503978.293495178,0.103838530,-0.104678485,-1.237775249,0.672120106,0.429152549,-0.487849603,0.355085084
1790503978.326834440,0.104289243,-0.101867189,-1.237562995,0.671358580,0.429977162,-0.487240275,0.356362472
1790503978.360173941,0.104455040,-0.099160230,-1.237499108,0.670929443,0.431052898,-0.485978426,0.357592017
1790503978.393512487,0.104667822,-0.096462411,-1.237695496,0.670027572,0.432705592,-0.484326152,0.359523437
1790503978.426851749,0.104841244,-0.093473615,-1.237663797,0.669119535,0.435524562,-0.482216377,0.360644935
1790503978.460191250,0.104887189,-0.090844734,-1.237630021,0.667653611,0.438994893,-0.480328033,0.361672671
1790503978.493529797,0.104730908,-0.088265075,-1.237618410,0.666219323,0.441567438,-0.478444429,0.363676971
1790503978.526869059,0.104429449,-0.086097648,-1.237609722,0.664697556,0.442984881,-0.477303709,0.366227694
1790503978.560208797,0.104029201,-0.083956180,-1.237367320,0.662766755,0.444315888,-0.477419995,0.367958922
1790503978.593548298,0.103576865,-0.082170764,-1.236567433,0.660385977,0.446213282,-0.478250815,0.368863424
1790503978.626886845,0.103108046,-0.080636679,-1.236016121,0.657520664,0.448252815,-0.479036328,0.370486419
1790503978.660226583,0.102302770,-0.079673808,-1.234980997,0.654409091,0.450186521,-0.480196964,0.372144748
1790503978.693566084,0.101434229,-0.079262617,-1.233595047,0.651517954,0.451208729,-0.481721185,0.374004998
1790503978.726904869,0.100259983,-0.079030629,-1.231825301,0.647574808,0.449739107,-0.485192863,0.378113065
1790503978.760244608,0.098989287,-0.079279198,-1.230101140,0.642505819,0.446346789,-0.491368306,0.382776703
1790503978.793584347,0.097816473,-0.079783813,-1.227936483,0.637893017,0.442792602,-0.497833829,0.386249516
1790503978.826924086,0.096941983,-0.080612375,-1.225734878,0.634340269,0.439219084,-0.503840477,0.388386139
1790503978.860262632,0.096154932,-0.081604136,-1.223847713,0.630941861,0.434285076,-0.510286033,0.391046040
