0.0 0.0 0.0 0.0 0.0 0.0 0.0 1.0
0.03333333507180214 8.045901154218882e-07 4.3106836528750136e-05 4.319411164033227e-05 5.351747859094758e-06 1.468288064643275e-05 -1.4571563951903954e-05 1.0
0.06666667014360428 -9.219436833518557e-06 4.466885729925707e-05 3.682328315335326e-05 6.7262253651279025e-06 1.8269249267177656e-05 -2.017378392338287e-05 1.0
0.10000000149011612 -3.3058292956411606e-06 3.7313540815375745e-05 4.339795123087242e-05 2.3903930923552252e-06 2.042462074314244e-05 -1.1331204404996242e-05 1.0
0.13333334028720856 9.471319799558842e-07 7.716225081821904e-05 3.1385072361445054e-05 2.300412415934261e-05 9.740373570821248e-06 -2.3793592845322564e-05 1.0
0.1666666716337204 1.2539024282887112e-05 3.2907355489442125e-05 3.0750714358873665e-05 4.183956150427548e-07 9.530234819976613e-06 -1.1930087566724978e-05 1.0
0.20000000298023224 -8.561681283936196e-07 5.255228461464867e-05 2.09999689104734e-05 1.4892423678247724e-05 6.72852729621809e-06 -2.3984512154129334e-05 1.0
0.23333333432674408 6.528520771098556e-06 4.301830995245837e-05 2.840238084900193e-05 8.984487067209557e-06 7.878705218899995e-06 -1.6528851119801402e-05 1.0
0.2666666805744171 -7.564948646177072e-06 8.034655184019357e-05 8.970706403488293e-06 2.7132164177601226e-05 6.6331535890640225e-06 -2.5487321181572042e-05 1.0
0.30000001192092896 -5.545430212805513e-06 0.00011756654566852376 4.701011675933842e-06 4.898948463960551e-05 3.940029273508117e-06 -3.32388881361112e-05 1.0
0.3333333432674408 1.5161668670771178e-05 3.504161213641055e-05 3.493285839795135e-05 2.7005162337445654e-06 9.519705599814188e-06 -8.964663720689714e-06 1.0
0.36666667461395264 -6.917705377418315e-06 6.023448804626241e-05 2.6412802981212735e-05 1.4161268154566642e-05 1.2017419066978619e-05 -2.495027547411155e-05 1.0
0.4000000059604645 -5.469018105941359e-06 2.8600377845577896e-05 3.651474617072381e-05 1.4179009895087802e-06 1.5730674931546673e-05 -1.0742272024799604e-05 1.0
0.4333333373069763 4.754009296448203e-06 3.343909702380188e-05 3.979259781772271e-05 1.9971923848061124e-06 1.4938889762561303e-05 -1.444283680029912e-05 1.0
0.46666666865348816 5.175150363356806e-06 3.752800330403261e-05 3.8638132537016645e-05 2.7835308173962403e-06 1.4311919585452415e-05 -1.2670565411099233e-05 1.0
0.5 7.357020422205096e-06 6.469099753303453e-05 3.393961742403917e-05 2.033829878200777e-05 9.576343472872395e-06 -2.1302081222529523e-05 1.0
0.5333333611488342 -1.477753812650917e-06 4.682056896854192e-05 2.8816473786719143e-05 1.2430241440597456e-05 1.1327857464493718e-05 -2.0113049686187878e-05 1.0
0.5666666626930237 1.2506506209319923e-05 3.667317287181504e-05 3.731144170160405e-05 3.6163001482236723e-07 1.2962852451892104e-05 -1.1742481547116768e-05 1.0
0.6000000238418579 4.27273607783718e-06 9.799133840715513e-05 2.324170054635033e-05 3.7887693906668574e-05 1.8464448885424645e-06 -3.326160731376149e-05 1.0
0.6333333253860474 8.10839901532745e-06 3.249200017307885e-05 2.932729694293812e-05 3.9012102206470445e-06 1.006154252536362e-05 -1.2371883713058196e-05 1.0
0.6666666865348816 -1.0930098142125644e-05 4.364692358649336e-05 3.30746806866955e-05 8.817614798317663e-06 1.944753239513375e-05 -2.0620171198970638e-05 1.0
0.699999988079071 -4.791817445948254e-06 4.670647467719391e-05 2.70470463874517e-05 1.3912961549067404e-05 1.3172506442060694e-05 -2.0035129637108184e-05 1.0
0.7333333492279053 1.4678924344480038e-05 3.1128111004363745e-05 1.4224384358385578e-05 2.6378827442385955e-06 3.221504130124231e-07 -1.1440569323895033e-05 1.0
0.7666666507720947 9.93692174233729e-06 6.590375414816663e-05 3.500684033497237e-05 1.9938062905566767e-05 9.225735993823037e-06 -2.329407107026782e-05 1.0
0.800000011920929 1.753843025653623e-05 3.798407124122605e-05 3.0296603654278442e-05 1.703282919152116e-06 9.12406812858535e-06 -9.637185939936899e-06 1.0
0.8333333134651184 1.1074455414927797e-06 3.230187212466262e-05 3.0051656722207554e-05 3.4696699913183693e-06 1.1227365575905424e-05 -1.1444036317698192e-05 1.0
0.8666666746139526 6.354134711727966e-07 2.5443488993914798e-05 1.4811542314419057e-05 3.3140513551188633e-06 7.582375928905094e-06 -1.1152548722748179e-05 1.0
0.8999999761581421 1.0716011274780612e-05 3.6263736546970904e-05 2.6182362489635125e-05 4.8225292630377226e-06 5.49911055713892e-06 -1.1678309419949073e-05 1.0
0.9333333373069763 -1.8421428649162408e-06 8.738924225326627e-05 3.3118631108663976e-05 2.7494979804032482e-05 1.528798929939512e-05 -3.072445542784408e-05 1.0
0.9666666388511658 -1.258589509234298e-05 6.00017883698456e-05 9.304101695306599e-06 1.6915282685658894e-05 1.0982053936459124e-05 -2.340489845664706e-05 1.0
1.0 2.3729760869173333e-05 3.445915353950113e-05 3.323220516904257e-05 -2.2015467493474716e-06 6.006598596286494e-06 -1.0466964340594131e-05 1.0
1.0333333015441895 -4.8594984036753885e-06 7.048411498544738e-05 1.818800410546828e-05 2.5030680262716487e-05 9.818155376706272e-06 -2.5946812456822954e-05 1.0
1.0666667222976685 2.384449544479139e-05 4.097172131878324e-05 4.057490878039971e-05 4.247339347784873e-06 1.2098812476324383e-05 -1.2175642041256651e-05 1.0
1.100000023841858 1.2565072211145889e-05 4.326155976741575e-05 4.1452709410805255e-05 4.0155737224267796e-06 1.2193607290100772e-05 -1.5094085028977133e-05 1.0
1.1333333253860474 -4.354222255642526e-06 7.442026981152594e-05 2.0016334019601345e-05 2.3965905711520463e-05 7.404902135021985e-06 -3.0891027563484386e-05 1.0
1.1666666269302368 -8.118758159980644e-06 4.320664083934389e-05 1.4578816262655891e-05 1.3383621080720332e-05 7.645016921742354e-06 -2.136883449566085e-05 1.0
1.2000000476837158 7.248650490510045e-06 5.9712110669352114e-05 4.064165477757342e-05 1.6158355720108375e-05 1.1050191460526548e-05 -2.538324952183757e-05 1.0
1.2333333492279053 8.762386642047204e-06 2.6597983378451318e-05 2.0332134226919152e-05 2.4303021746163722e-06 3.7850011267437367e-06 -1.0378777005826123e-05 1.0
1.2666666507720947 9.330039574706461e-06 3.801859566010535e-05 4.297834311728366e-05 3.91023149859393e-06 1.3823784684063867e-05 -1.1806469956354704e-05 1.0
1.2999999523162842 4.068178441229975e-06 3.897157512255944e-05 2.2525049644173123e-05 7.891788300184999e-06 5.92118340136949e-06 -1.443465498596197e-05 1.0
1.3333333730697632 -7.4446629696467426e-06 9.143327770289034e-05 8.976859135145787e-06 3.3169308153446764e-05 7.3375008469156455e-06 -3.343997377669439e-05 1.0
1.3666666746139526 1.0245191361946127e-07 6.39602803857997e-05 3.5383513022679836e-05 2.2298303520074114e-05 1.2226450053276494e-05 -2.3676169803366065e-05 1.0
1.399999976158142 9.993985258915927e-06 4.064512540935539e-05 2.7478858100948855e-05 7.102586550900014e-06 9.623112418921664e-06 -1.0581695278233383e-05 1.0
1.4333332777023315 3.5363009374123067e-06 6.048020804882981e-05 2.18532259168569e-05 1.8583736164146103e-05 6.043017037882237e-06 -2.781755210889969e-05 1.0
1.4666666984558105 2.329920107513317e-06 4.630181865650229e-05 2.0645475160563365e-05 1.5335643183789216e-05 7.1389731601811945e-06 -1.7202492017531767e-05 1.0
1.5 4.616473688656697e-06 3.20942017424386e-05 3.074153573834337e-05 3.894966994266724e-06 9.139126632362604e-06 -1.3820037565892562e-05 1.0
1.5333333015441895 -2.108595708705252e-06 3.979650136898272e-05 3.423280213610269e-05 8.035726750676986e-06 1.3918257536715828e-05 -2.02965566131752e-05 1.0
1.5666667222976685 -2.3441343728336506e-06 3.267254214733839e-05 1.4345227100420743e-05 5.126296400703723e-06 8.179054020729382e-06 -1.649813748372253e-05 1.0
1.600000023841858 4.390588856040267e-06 3.5022352676605806e-05 3.211833973182365e-05 6.435014256567229e-06 9.411997780262027e-06 -1.4899766938469838e-05 1.0
1.6333333253860474 1.3774734725302551e-05 3.986510637332685e-05 2.746658537944313e-05 8.705487744009588e-06 5.6676431086089e-06 -1.2780879842466675e-05 1.0
1.6666666269302368 -2.924781938418164e-06 3.614754677983001e-05 3.858597483485937e-05 4.319049821788212e-06 1.7120613847509958e-05 -1.2087528375559486e-05 1.0
1.7000000476837158 7.936955057630257e-07 4.968426583218388e-05 3.5996930819237605e-05 1.2974107448826544e-05 1.339481332252035e-05 -1.6095822502393275e-05 1.0
1.7333333492279053 -7.494364240301365e-07 3.4229884477099404e-05 3.334074790473096e-05 4.9705859055393375e-06 1.4383523193828296e-05 -1.5551191609119996e-05 1.0
1.7666666507720947 8.860195521265268e-06 3.4736935049295425e-05 3.779154212679714e-05 2.301736913068453e-06 1.3774541002931073e-05 -1.1992661711701658e-05 1.0
1.7999999523162842 1.528893153590616e-05 4.258469198248349e-05 3.504770575091243e-05 6.3843631323834416e-06 7.183413799793925e-06 -1.1255240679020062e-05 1.0
1.8333333730697632 1.5160583643591963e-05 3.652700615930371e-05 4.071673174621537e-05 1.8905167564753356e-07 1.459124541725032e-05 -1.1980989256699104e-05 1.0
1.8666666746139526 1.0675422572603566e-06 4.3827007175423205e-05 3.165342059219256e-05 1.1068591447838116e-05 1.2879993846581783e-05 -1.4561401258106343e-05 1.0
1.899999976158142 5.167665676708566e-06 4.235525193507783e-05 3.454864781815559e-05 7.66191260481719e-06 1.2949817573826294e-05 -1.400133260176517e-05 1.0
1.9333332777023315 1.5049773537612054e-05 2.408971886325162e-05 3.9715709135634825e-05 -8.457018338958733e-06 1.3689382285519969e-05 -1.183530821435852e-05 1.0
1.9666666984558105 2.587376002338715e-06 3.174477751599625e-05 3.3193744457094e-05 1.5554576293652644e-06 1.4610453945351765e-05 -1.3221703738963697e-05 1.0
2.0 9.043433237820864e-06 5.4759893828304484e-05 2.465694342390634e-05 1.877762952062767e-05 4.33443847214221e-06 -1.884391349449288e-05 1.0
2.0333333015441895 -1.3381551070779096e-05 8.440779492957518e-05 5.162471552466741e-06 3.239288707845844e-05 7.313257356145186e-06 -2.8022028345731087e-05 1.0
2.066666603088379 1.613547829037998e-05 3.4727916499832645e-05 3.2038431527325884e-05 1.130066948462627e-06 8.386461558984593e-06 -1.1045617611671332e-05 1.0
2.0999999046325684 4.18300896853907e-06 3.552942871465348e-05 2.012813820329029e-05 6.383211257343646e-06 5.918066108279163e-06 -1.5641815480194055e-05 1.0
2.133333444595337 -6.427080734283663e-06 7.04226185916923e-05 3.251728412578814e-05 2.3174741727416404e-05 1.4987803297117352e-05 -2.7121604944113642e-05 1.0
2.1666667461395264 5.899701136513613e-06 3.3003037970047444e-05 1.0749086868599989e-05 9.696104825707152e-06 1.1830790072053787e-06 -1.3596296412288211e-05 1.0
2.200000047683716 -9.773445526661817e-06 9.135415166383609e-05 2.3654392862226814e-05 3.78345102944877e-05 1.266255640075542e-05 -3.225939144613221e-05 1.0
2.2333333492279053 -7.272347829712089e-06 6.0273727285675704e-05 2.6554234864306636e-05 1.953902028617449e-05 1.2351004443189595e-05 -2.3424163373420015e-05 1.0
2.2666666507720947 -8.747813922127534e-07 8.284061914309859e-05 3.0792027246207e-05 2.7714540919987485e-05 1.0763767022581305e-05 -3.067115176236257e-05 1.0
2.299999952316284 8.590764991822653e-06 1.7666947314864956e-05 2.3702641556155868e-05 -4.211138730170205e-06 9.028469321492594e-06 -9.070540727407206e-06 1.0
2.3333332538604736 1.8382752386969514e-05 4.051778159919195e-05 3.5291210224386305e-05 3.860130618704716e-06 9.878386663331185e-06 -1.3451152881316375e-05 1.0
2.366666555404663 1.1632075256784447e-05 2.252818740089424e-05 3.507578367134556e-05 -1.0456944437464699e-05 1.2767020052706357e-05 -1.1852152965730056e-05 1.0
2.4000000953674316 5.868464995728573e-06 6.331101030809805e-05 3.1779090932104737e-05 1.9934785086661577e-05 8.681494364282116e-06 -2.181457784899976e-05 1.0
2.433333396911621 -8.207701284845825e-06 9.332461195299402e-05 1.7968128304346465e-05 3.82988182536792e-05 1.1710008038789965e-05 -2.6720406822278164e-05 1.0
2.4666666984558105 1.6228128515649587e-05 4.036481914226897e-05 3.015419679286424e-05 3.846151685138466e-06 7.030736924207304e-06 -1.5728952348581515e-05 1.0
2.5 1.7266762370127253e-05 3.985474904766306e-05 4.3356154492357746e-05 4.0381037251790985e-06 7.168586762418272e-06 -1.4753757568541914e-05 1.0
2.5333333015441895 6.367889909597579e-06 2.7188565582036972e-05 3.1870069506112486e-05 -2.4134276372933527e-06 1.1634475413302425e-05 -1.0440422556712292e-05 1.0
2.566666603088379 2.1828158423886634e-05 4.172942499280907e-05 3.670081787277013e-05 3.003285883096396e-06 9.544437489239499e-06 -1.2012978913844563e-05 1.0
2.5999999046325684 3.937992914870847e-06 2.1072692106827162e-05 2.3911867174319923e-05 -5.029773546993965e-06 1.0433002898935229e-05 -9.622554898669478e-06 1.0
2.633333444595337 1.3132467756804544e-05 4.224209988024086e-05 3.556657611625269e-05 7.534885753557319e-06 8.270219950645696e-06 -1.5187141798378434e-05 1.0
2.6666667461395264 -4.7588034135515045e-07 4.8968235205393285e-05 2.6038036594400182e-05 1.5185079973889515e-05 9.138710993283894e-06 -2.0470124582061544e-05 1.0
2.700000047683716 5.304272235662211e-06 3.563891732483171e-05 3.458694482105784e-05 2.4354255856451346e-06 1.4488839951809496e-05 -1.3037113603786565e-05 1.0
2.7333333492279053 -4.809424808627227e-06 5.368926213122904e-05 6.908169780217577e-06 1.852191417128779e-05 4.867911229666788e-06 -1.864086152636446e-05 1.0
2.7666666507720947 7.855389412725344e-06 4.382504630484618e-05 2.798870082187932e-05 8.831290870148223e-06 8.12268081062939e-06 -1.1491947589092888e-05 1.0
2.799999952316284 3.2270513656840194e-06 5.453857374959625e-05 1.3777921594737563e-05 1.747397254803218e-05 3.8052630770835094e-06 -2.3926140784169547e-05 1.0
2.8333332538604736 3.1510544431512244e-06 4.9365997256245464e-05 2.61275617958745e-05 1.2916054402012378e-05 8.552001418138389e-06 -1.939925641636364e-05 1.0
2.866666555404663 5.405408955994062e-06 3.1796967959962785e-05 3.41580125677865e-05 1.2030182006128598e-06 1.2860019523941446e-05 -1.4602619557990693e-05 1.0
2.9000000953674316 5.038465928919322e-07 4.906296817352995e-05 1.8237631593365222e-05 1.7649017536314204e-05 6.05784407525789e-06 -1.99639853235567e-05 1.0
2.933333396911621 3.7863410398131236e-06 4.60749288322404e-05 4.038862243760377e-05 1.043013071466703e-05 1.553782931296155e-05 -1.533531212771777e-05 1.0
2.9666666984558105 -2.245904624942341e-06 4.50822917628102e-05 1.8645823729457334e-05 1.2412369869707618e-05 5.945993962086504e-06 -2.4098571884678677e-05 1.0
3.0 6.347243470372632e-06 4.254606392350979e-05 2.4945513359853067e-05 1.2626457646547351e-05 4.752835593535565e-06 -1.709450407361146e-05 1.0
3.0333333015441895 -6.1568971432279795e-06 5.631442036246881e-05 2.5458155505475588e-05 1.670817073318176e-05 1.4074019418330863e-05 -2.4952805688371882e-05 1.0
3.066666603088379 1.2722180144919548e-05 3.718533116625622e-05 3.3187883673235774e-05 2.734303052420728e-06 1.1382940101611894e-05 -1.1009612535417546e-05 1.0
3.0999999046325684 7.203921086329501e-06 3.9174770790850744e-05 3.036817543033976e-05 5.7882798500941135e-06 9.230333489540499e-06 -1.7033302356139757e-05 1.0
3.133333444595337 5.700164365407545e-06 3.631779691204429e-05 2.506120472389739e-05 9.899742508423515e-06 5.343531938706292e-06 -1.3287714864418376e-05 1.0
3.1666667461395264 -9.801490705285687e-06 5.883797348360531e-05 1.8581582480692305e-05 1.9622613763203844e-05 1.1507955605338793e-05 -2.4634238798171282e-05 1.0
3.200000047683716 8.334485755767673e-06 9.194883023155853e-05 4.7569142225256655e-06 2.9422340958262794e-05 -9.270632972402382e-07 -4.074520256835967e-05 1.0
3.2333333492279053 1.8123559129890054e-05 3.910471423296258e-05 3.582313729566522e-05 2.9585551146738e-06 9.508685252512805e-06 -9.859339115791954e-06 1.0
3.2666666507720947 1.66092229392234e-06 3.0443896321230568e-05 2.91137803287711e-05 4.051799351145746e-06 1.1529985386005137e-05 -1.2108653208997566e-05 1.0
3.299999952316284 -4.9740506256057415e-06 5.239581150817685e-05 2.143988422176335e-05 1.4745166481588967e-05 1.0781572200357914e-05 -2.883188790292479e-05 1.0
3.3333332538604736 4.266386440576753e-06 7.712995284236968e-05 3.226709668524563e-05 2.8500704502221197e-05 9.43405302678002e-06 -2.2688212993671186e-05 1.0
3.366666555404663 -2.7636899631033884e-06 2.186200799769722e-05 2.3124781364458613e-05 -1.7995554344452103e-06 1.1742582501028664e-05 -1.2775448340107687e-05 1.0
3.4000000953674316 -3.1544232115265913e-07 6.339306855807081e-05 2.138688796549104e-05 2.4568173103034496e-05 6.9322145463956986e-06 -2.3354847144219093e-05 1.0
3.433333396911621 -1.2991055200473056e-06 4.934979369863868e-05 1.3462547940434888e-05 1.0659086001396645e-05 7.471664957847679e-06 -2.6468344003660604e-05 1.0
3.4666666984558105 -4.315114892960992e-06 5.608311766991392e-05 2.1582070985459723e-05 1.5608271496603265e-05 9.299816156271845e-06 -2.9702181564061902e-05 1.0
3.5 -9.349376455247693e-07 5.493465869221836e-05 3.199498314643279e-05 1.9756023903028108e-05 1.0348446267016698e-05 -1.813216476875823e-05 1.0
3.5333333015441895 1.1325712875986937e-05 4.1073581087403e-05 3.172954166075215e-05 6.45051750325365e-06 8.93018841452431e-06 -1.4599086171074305e-05 1.0
3.566666603088379 -1.3371964087127708e-06 6.573017162736505e-05 3.694060069392435e-05 2.4266404579975642e-05 1.3284183296491392e-05 -2.4692817532923073e-05 1.0
3.5999999046325684 4.538077064353274e-06 5.560920180869289e-05 2.95777281280607e-05 1.818784403440077e-05 8.469603926641867e-06 -2.0910994862788357e-05 1.0
3.633333444595337 -1.27588725717942e-06 4.728294152300805e-05 4.136209099669941e-05 1.045169210556196e-05 1.350133061350789e-05 -2.134166243195068e-05 1.0
3.6666667461395264 8.350878488272429e-06 4.568846270558424e-05 3.072904291911982e-05 1.1029193956346717e-05 9.287412467529066e-06 -1.5282486856449395e-05 1.0
3.700000047683716 -5.571296696871286e-06 5.3643801948055625e-05 2.109905290126335e-05 1.387055090162903e-05 1.3276459867483936e-05 -2.325951209058985e-05 1.0
3.7333333492279053 1.5646372048649937e-05 3.570543049136177e-05 3.525833017192781e-05 2.4981125079648336e-06 9.881716323434375e-06 -1.2498418072937056e-05 1.0
3.7666666507720947 3.876546998071717e-06 4.160378375672735e-05 2.780328031803947e-05 1.1610010005824734e-05 8.63163859321503e-06 -1.8032702428172342e-05 1.0
3.799999952316284 2.680313400560408e-06 3.379607369424775e-05 1.9602919564931653e-05 8.584820534451865e-06 5.77106720811571e-06 -1.4692212971567642e-05 1.0
3.8333332538604736 1.8909853679360822e-05 2.809253601299133e-05 3.632398875197396e-05 -4.683253337134374e-06 1.0755180483101867e-05 -1.116958537750179e-05 1.0
3.866666555404663 -1.0302398550265934e-05 8.304572111228481e-05 2.6702411560108885e-05 2.6764852009364404e-05 1.5653464288334362e-05 -2.7990892704110593e-05 1.0
3.9000000953674316 1.0410562936158385e-06 6.217071495484561e-05 2.171401501982473e-05 2.6371162675786763e-05 3.2732589261286194e-06 -2.6444842660566792e-05 1.0
3.933333396911621 4.287948286219034e-06 2.9291417376953177e-05 2.2345406250678934e-05 5.1075717237836216e-06 7.348064627876738e-06 -1.1528264622029383e-05 1.0
3.9666666984558105 1.3350991139304824e-05 3.9833066693972796e-05 4.2146144551225007e-05 2.399345248704776e-06 1.3561066225520335e-05 -1.2837807844334748e-05 1.0
4.0 -2.418137455606484e-06 5.0256538088433444e-05 3.530599133227952e-05 1.3714013221033383e-05 1.520796195109142e-05 -1.6434983990620822e-05 1.0
4.0333333015441895 3.6188143894833047e-06 4.476956382859498e-05 3.368618490640074e-05 1.0743781786004547e-05 1.295677702728426e-05 -1.6311238141497597e-05 1.0
4.066666603088379 -2.7433723516878672e-05 0.00012980711471755058 -5.558579232456395e-06 5.5940479796845466e-05 1.367197728541214e-05 -3.8801674236310646e-05 1.0
4.099999904632568 1.4287867088569328e-05 3.6956047551939264e-05 3.8186968595255166e-05 -8.525882577714583e-08 1.3897644748794846e-05 -1.3548665265261661e-05 1.0
4.133333206176758 -1.3674313777300995e-05 6.894569378346205e-05 7.058776191115612e-06 2.2615316993324086e-05 1.2529510968306568e-05 -3.455512705841102e-05 1.0
4.166666507720947 -1.2535213500086684e-05 6.394913361873478e-05 3.3717577025527135e-05 1.795298703655135e-05 1.639815491216723e-05 -3.524961357470602e-05 1.0
4.199999809265137 6.670983566436917e-06 4.885011003352702e-05 2.9796738090226427e-05 1.3842965927324258e-05 8.480413271172438e-06 -1.6816291463328525e-05 1.0
4.233333110809326 -1.9192755189578747e-06 5.5928157962625846e-05 1.2493082067521755e-05 1.9264945876784623e-05 5.851733931194758e-06 -2.3433725800714456e-05 1.0
4.266666889190674 -4.623905169864884e-06 4.7226531023625284e-05 1.5223533409880474e-05 1.6010451872716658e-05 7.427026957884664e-06 -2.2164249458000995e-05 1.0
4.300000190734863 1.6078427506727166e-05 3.3993637771345675e-05 3.1625670089852065e-05 -1.165711637440836e-06 6.619633040827466e-06 -1.3658782336278819e-05 1.0
4.333333492279053 9.729499652166851e-06 3.664429459604435e-05 1.888400402094703e-05 7.881839337642305e-06 4.615351372194709e-06 -1.349163539998699e-05 1.0
4.366666793823242 9.704071089799982e-06 3.2584721338935196e-05 3.426158946240321e-05 -4.832534159504576e-07 1.2492511814343743e-05 -1.1499538231873885e-05 1.0
4.400000095367432 7.341476248257095e-06 5.586432962445542e-05 3.2453754101879895e-05 1.5252417142619379e-05 1.0347685929446016e-05 -1.9502866052789614e-05 1.0
4.433333396911621 5.534458068723325e-06 2.6215249818051234e-05 2.8504200599854812e-05 -1.198167751681467e-06 9.711586244520731e-06 -1.3629452951136045e-05 1.0
4.4666666984558105 -3.414783577682101e-06 7.012843707343563e-05 1.427441748091951e-05 2.854424928955268e-05 5.84560984862037e-06 -2.2774656827095896e-05 1.0
4.5 2.3359650640486507e-06 4.424887083587237e-05 1.9242141206632368e-05 1.4831849512120243e-05 6.053066499589477e-06 -1.664323644945398e-05 1.0
4.5333333015441895 -4.7667472244938836e-06 3.112924241577275e-05 3.5875782486982644e-05 4.481724317884073e-06 1.6180638340301812e-05 -1.6113079254864715e-05 1.0
4.566666603088379 -4.3035565795435105e-06 4.364101550891064e-05 2.4192708224290982e-05 1.1059474672947545e-05 1.1164124771312345e-05 -2.5237619411200285e-05 1.0
4.599999904632568 2.109916067638551e-06 3.940194073948078e-05 4.070698923896998e-05 8.34674938232638e-06 1.1865557098644786e-05 -1.7175307220895775e-05 1.0
4.633333206176758 -9.862855222309008e-06 0.00010548297723289579 -3.5376712048673653e-07 4.386054934002459e-05 8.044996320677456e-06 -2.526778553146869e-05 1.0
4.666666507720947 2.0296528191465768e-07 6.107505760155618e-05 7.881219971750397e-06 2.1070763978059404e-05 3.7788627196277957e-06 -2.814165418385528e-05 1.0
4.699999809265137 6.438930540753063e-06 4.2987903725588694e-05 2.1763131371699274e-05 1.0353245670557953e-05 9.189950105792377e-06 -1.0548125828790944e-05 1.0
4.733333110809326 1.8652067410585005e-06 6.207527621882036e-05 1.772704672475811e-05 2.1396494048531167e-05 6.4490654949622694e-06 -2.574874451966025e-05 1.0
4.766666889190674 -8.872265425452497e-06 9.169510303763673e-05 -1.7435487507100333e-06 3.800404374487698e-05 7.299719982256647e-06 -2.6359673938713968e-05 1.0
4.800000190734863 -2.1503021798707778e-06 8.089311450021341e-05 1.3859727914677933e-05 3.078256850130856e-05 5.146746389073087e-06 -2.87305265374016e-05 1.0
4.833333492279053 3.0176479413057677e-06 7.229876064229757e-05 3.3102769521065056e-05 2.4757639039307833e-05 7.594560429424746e-06 -2.7638490792014636e-05 1.0
4.866666793823242 1.2961924767296296e-05 4.707008338300511e-05 3.080297392443754e-05 8.70726398716215e-06 1.0708886293286923e-05 -1.5768524463055655e-05 1.0
4.900000095367432 4.463902769202832e-06 2.4639211915200576e-05 2.4594421120127663e-05 -3.075078893743921e-06 1.0127144378202502e-05 -1.0921218745352235e-05 1.0
4.933333396911621 -9.083272743737325e-06 8.767479448579252e-05 4.1760913518373854e-06 3.277655559941195e-05 8.537352186976932e-06 -2.7721107471734285e-05 1.0
4.9666666984558105 3.906784968421562e-06 3.400661807972938e-05 3.0257782782427967e-05 4.367656401882414e-06 1.455586971133016e-05 -1.0644032954587601e-05 1.0
5.0 -5.91724642617919e-08 4.887346949544735e-05 2.026847687375266e-05 1.3732492334384006e-05 8.517527021467686e-06 -2.1260735593386926e-05 1.0
5.0333333015441895 -2.793091198327602e-06 3.938691224902868e-05 8.368343515030574e-06 1.0234468390990514e-05 5.435348157334374e-06 -2.3420783691108227e-05 1.0
5.066666603088379 -3.794535814449773e-06 5.6135544582502916e-05 3.6483081203186885e-05 1.6597896319581196e-05 1.5665560567867942e-05 -2.4302085876115598e-05 1.0
5.099999904632568 1.2007402801827993e-05 3.979947359766811e-05 3.262202881160192e-05 7.94381685409462e-06 7.136322892620228e-06 -1.621866613277234e-05 1.0
5.133333206176758 1.8632608771440573e-05 4.0925555367721245e-05 3.241678496124223e-05 4.705841547547607e-06 7.608855412399862e-06 -1.2998724741919432e-05 1.0
5.166666507720947 -7.61911951485672e-06 5.354309905669652e-05 2.7877051252289675e-05 1.5764784620841965e-05 1.3909660083299968e-05 -2.0458690414670855e-05 1.0
5.199999809265137 4.964364961779211e-06 5.193546166992746e-05 3.9242819184437394e-05 1.4542881217494141e-05 1.2743692423100583e-05 -1.8074564650305547e-05 1.0
5.233333110809326 -8.35757873574039e-06 4.653809082810767e-05 5.431131285149604e-06 1.3202686204749625e-05 5.289750333759002e-06 -2.4683211449882947e-05 1.0
5.266666889190674 9.939650226442609e-06 4.278054620954208e-05 3.598781768232584e-05 8.36139588500373e-06 1.222971059178235e-05 -1.5159493159444537e-05 1.0
5.300000190734863 7.574392839160282e-06 5.0646103773033246e-05 3.4538094041636214e-05 1.4151512004900724e-05 8.75948626344325e-06 -1.4757272765564267e-05 1.0
5.333333492279053 3.089599658778752e-06 2.8768545234925114e-05 1.8429738702252507e-05 6.396237040462438e-06 6.262370789045235e-06 -1.5157178495428525e-05 1.0
5.366666793823242 -4.854623057326535e-06 7.539746002294123e-05 1.6214564311667345e-05 2.5677969460957684e-05 1.0125370863534044e-05 -2.540287096053362e-05 1.0
5.400000095367432 -1.7710508473101072e-06 7.377528527285904e-05 6.585703431483125e-06 2.394572220509872e-05 4.045447894895915e-06 -3.5045319236814976e-05 1.0
5.433333396911621 -4.722629455500282e-06 2.802201015583705e-05 3.095990541623905e-05 2.4202138320106314e-06 1.3586381101049483e-05 -1.22136279969709e-05 1.0
5.4666666984558105 -3.954663952754345e-06 6.544693314936012e-05 1.1671857464534696e-05 2.2812275346950628e-05 4.734934009320568e-06 -2.942672472272534e-05 1.0
5.5 -4.250427082297392e-06 5.9970232541672885e-05 1.6948653865256347e-05 2.1716110495617613e-05 6.624848992942134e-06 -2.4166551156667992e-05 1.0
5.5333333015441895 1.8445087334839627e-05 3.523607301758602e-05 3.4955344744957983e-05 6.656457003373362e-07 8.424815860053059e-06 -1.1583213563426398e-05 1.0
5.566666603088379 1.0994266631314531e-05 3.3831391192507e-05 2.9064531190670095e-05 -8.298376883431047e-07 9.986449185817037e-06 -1.2637943655136041e-05 1.0
5.599999904632568 3.6084734347241465e-06 6.662262603640556e-05 1.8736018319032155e-05 2.237488115497399e-05 1.4968658206271357e-06 -2.988180858665146e-05 1.0
5.633333206176758 7.278984867298277e-06 5.8403617003932595e-05 2.7557043722481467e-05 2.114320705004502e-05 4.560929028230021e-06 -2.0686915377154946e-05 1.0
5.666666507720947 9.796443009690847e-06 5.715408769901842e-05 3.291662142146379e-05 1.71377687365748e-05 5.2728955779457465e-06 -2.2268837710726075e-05 1.0
5.699999809265137 -4.076641744177323e-06 4.7447090764762834e-05 2.964579834952019e-05 1.5131405234569684e-05 1.3106211554259062e-05 -1.835529474192299e-05 1.0
5.733333110809326 4.3585455387074035e-06 7.202936103567481e-05 3.378843393875286e-05 2.4090497390716337e-05 9.796436643227935e-06 -2.357867379032541e-05 1.0
5.766666889190674 -2.0265171770006418e-05 0.00017175859829876572 -5.7855540944729e-06 7.345357880694792e-05 1.097790664061904e-05 -4.9947779189096764e-05 1.0
5.800000190734863 2.563338284744532e-06 7.092372106853873e-05 3.420653592911549e-05 2.737394424912054e-05 1.1697630725393537e-05 -1.7583861335879192e-05 1.0
5.833333492279053 1.2000778326637374e-07 4.2931573261739686e-05 2.359440622967668e-05 1.1913596608792432e-05 9.406793651578482e-06 -1.9546241674106568e-05 1.0
5.866666793823242 -9.694808795757126e-06 7.18808951205574e-05 9.238414349965751e-06 2.670463072718121e-05 7.877036296122242e-06 -3.384352748980746e-05 1.0
5.900000095367432 -1.1813744094979484e-05 6.887011113576591e-05 5.7799366004474e-07 3.045177618332673e-05 6.92869116392103e-06 -2.5691599148558453e-05 1.0
5.933333396911621 -1.3038261386100203e-06 7.076749898260459e-05 5.7439729062025435e-06 2.6218373022857122e-05 2.487280880814069e-06 -2.9753387934761122e-05 1.0
5.9666666984558105 -3.0490227800328285e-06 7.768255454720929e-05 1.8379645553068258e-05 2.936072814918589e-05 8.667550901009236e-06 -2.618756116135046e-05 1.0
6.0 -1.9105766568827676e-06 7.108091085683554e-05 1.9388706277823076e-05 2.4836419470375404e-05 5.690137186320499e-06 -2.7304209652356803e-05 1.0
6.0333333015441895 8.024409225981799e-07 6.033126555848867e-05 4.155231363256462e-05 1.7453332475270145e-05 1.5612014976795763e-05 -2.061568375211209e-05 1.0
6.066666603088379 2.8493327590695117e-06 3.0292809242382646e-05 2.8017990189255215e-05 1.323006699749385e-06 1.3832654985890258e-05 -1.0849435057025403e-05 1.0
6.099999904632568 3.859109710901976e-06 3.9141170418588445e-05 2.9471766538335942e-05 9.084305929718539e-06 1.0959519386233296e-05 -1.7575161109562032e-05 1.0
6.133333206176758 -1.3166450116841588e-05 9.764403512235731e-05 -4.298300154914614e-06 3.4537417377578095e-05 4.8885972319112625e-06 -4.972628448740579e-05 1.0
6.166666507720947 1.575283386046067e-05 3.2840693165780976e-05 3.485102206468582e-05 8.923669270188839e-07 7.601233846799005e-06 -1.0499965355847962e-05 1.0
6.199999809265137 1.5358969903900288e-05 4.206199446343817e-05 2.132470763172023e-05 6.211632808117429e-06 3.2467414712300524e-06 -1.217816497955937e-05 1.0
6.233333110809326 7.510417162848171e-06 2.7203741410630755e-05 2.6214500394416973e-05 4.444965782113286e-07 1.0560695955064148e-05 -1.0010034202423412e-05 1.0
6.266666889190674 1.524569779576268e-05 2.961664358736016e-05 2.509889964130707e-05 -4.511150109465234e-06 6.425812443922041e-06 -1.1526802154548932e-05 1.0
6.300000190734863 2.3879216314526275e-05 4.239238842274062e-05 3.5214241506764665e-05 2.6651748612493975e-06 9.466260962653905e-06 -1.3079195923637599e-05 1.0
6.333333492279053 -6.086750090616988e-07 3.9269336411962286e-05 3.1795541872270405e-05 8.328916919708718e-06 1.2370293006824795e-05 -1.9532948499545455e-05 1.0
6.366666793823242 -1.541968572382757e-06 5.5293254263233393e-05 1.5617895769537427e-05 2.103358565364033e-05 5.241170583758503e-06 -1.878387774922885e-05 1.0
6.400000095367432 -1.2243356650287751e-05 7.554450712632388e-05 2.458943345118314e-05 2.2911044652573764e-05 1.7045747881638817e-05 -2.8276512239244767e-05 1.0
6.433333396911621 -1.2249259953023284e-06 7.040604396024719e-05 1.0618522537697572e-05 2.7828420570585877e-05 5.671397047990467e-06 -2.4974840926006436e-05 1.0
6.4666666984558105 6.9379902924993075e-06 4.689651177613996e-05 2.3900674932519905e-05 1.3116987247485667e-05 8.30414046504302e-06 -1.6140889783855528e-05 1.0
6.5 2.6778056962939445e-06 2.8046433726558462e-05 2.4433573344140314e-05 3.0442770366789773e-06 8.483187230012845e-06 -9.900862096401397e-06 1.0
6.5333333015441895 -2.3461632281396305e-06 3.1391427910421044e-05 1.0671076779544819e-05 9.596616109774914e-06 5.843650797032751e-06 -1.5072420865180902e-05 1.0
6.566666603088379 1.6522567420906853e-06 6.468689389294013e-05 2.182161551900208e-05 2.2584228645428084e-05 6.680133537884103e-06 -2.6667188649298623e-05 1.0
6.599999904632568 5.751185199187603e-06 3.773916978389025e-05 3.5496283089742064e-05 6.107056833570823e-06 1.0411020411993377e-05 -1.5617106328136288e-05 1.0
6.633333206176758 5.1838333092746325e-06 2.1765194105682895e-05 1.8995620848727413e-05 6.906186058586172e-07 6.843680239398964e-06 -9.86853501672158e-06 1.0
6.666666507720947 -3.477230393400532e-06 5.363918899092823e-05 1.8323902622796595e-05 1.8890104911406524e-05 8.303339200210758e-06 -1.981287459784653e-05 1.0
6.699999809265137 -1.165915819001384e-05 6.603558722417802e-05 9.235711331712082e-06 2.7658434191835113e-05 8.869083103490993e-06 -2.3446304112439975e-05 1.0
6.733333110809326 -1.2410098861437291e-05 7.90516278357245e-05 1.3844781278748997e-05 2.901145489886403e-05 1.0949047464237083e-05 -2.9415539756882936e-05 1.0
6.766666889190674 1.0238446520816069e-05 3.854837268590927e-05 3.05283501802478e-05 4.8517845243623015e-06 1.0170765563088935e-05 -1.3376034985412844e-05 1.0
6.800000190734863 3.745316917047603e-06 4.449347761692479e-05 2.9200873541412875e-05 1.3110448890074622e-05 8.142263141053263e-06 -1.126548431784613e-05 1.0
6.833333492279053 1.0750791261671111e-05 3.387603646842763e-05 3.3629788958933204e-05 5.5107393563957885e-06 1.0179694982070941e-05 -1.298536062677158e-05 1.0
6.866666793823242 -1.554388632030168e-06 3.4838922147173434e-05 3.204149834346026e-05 4.159786840318702e-06 1.4893699699314311e-05 -1.3846478395862505e-05 1.0
6.900000095367432 4.145053026149981e-06 3.0185279683792032e-05 1.7312928321189247e-05 5.1412130233075e-06 5.359114311431767e-06 -1.244188297278015e-05 1.0
6.933333396911621 8.295754923892673e-06 3.5186647437512875e-05 3.2627591281197965e-05 5.59742011319031e-06 1.0426896551507525e-05 -1.3374743502936326e-05 1.0
6.9666666984558105 -1.498911274211423e-06 4.89065314468462e-05 2.3340715415542945e-05 1.6196487194974907e-05 6.444729933718918e-06 -2.2480948246084154e-05 1.0
7.0 9.51322272157995e-06 3.1820098229218274e-05 2.645645145094022e-05 3.6537319374474464e-06 8.503589924657717e-06 -1.2722621249849908e-05 1.0
7.0333333015441895 -7.121545877453173e-06 6.144079088699073e-05 1.2523497389338445e-05 2.402183054073248e-05 6.25853090241435e-06 -2.4578705051681027e-05 1.0
7.066666603088379 4.0811692088027485e-06 3.4660457458812743e-05 2.1673962692148052e-05 9.720552043290809e-06 4.674975571106188e-06 -1.393610000377521e-05 1.0
7.099999904632568 3.379086138011189e-06 6.855912215542048e-05 2.6562882339931093e-05 2.2150245058583096e-05 1.1579745660128538e-05 -2.1607556845992804e-05 1.0
7.133333206176758 1.5256219739967491e-05 2.3926790163386613e-05 2.5767512852326035e-05 -4.57147052657092e-06 4.89910189571674e-06 -9.381672498420812e-06 1.0
7.166666507720947 1.1425036063883454e-05 2.9745628125965595e-05 3.144409492961131e-05 -6.075705414332333e-07 8.314338629134e-06 -1.1352996807545424e-05 1.0
7.199999809265137 -7.159149504332163e-07 7.517963967984542e-05 1.7250977180083282e-05 2.8479291358962655e-05 7.104950782377273e-06 -2.391814450675156e-05 1.0
7.233333110809326 1.2240763680892996e-05 2.942436549346894e-05 2.6575395168038085e-05 -1.0247289310427732e-06 9.28651206777431e-06 -1.2940839042130392e-05 1.0
7.266666889190674 2.5384194941580063e-06 4.943643943988718e-05 2.5682596970000304e-05 1.544125370855909e-05 8.194301699404605e-06 -2.1701936930185184e-05 1.0
7.300000190734863 4.5436750042426866e-06 3.5330787795828655e-05 1.570980566611979e-05 8.775828064244706e-06 4.63322930954746e-06 -1.6376823623431846e-05 1.0
7.333333492279053 -5.5643104133196175e-06 7.667659519938752e-05 1.2219686141179409e-05 3.089009260293096e-05 6.648886028415291e-06 -2.5346669644932263e-05 1.0
7.366666793823242 7.649029612366576e-06 6.719968223478645e-05 3.199636921635829e-05 2.1015885067754425e-05 8.099541446426883e-06 -2.7999743906548247e-05 1.0
7.400000095367432 6.256559572648257e-06 3.732942423084751e-05 3.710835881065577e-05 5.041443273512414e-06 1.4404822650249116e-05 -1.368398079648614e-05 1.0
7.433333396911621 1.2412756404955871e-05 3.9248934626812115e-05 3.026202102773823e-05 4.874631486018188e-06 8.432077265752014e-06 -1.6694288206053898e-05 1.0
7.4666666984558105 -1.901796281345014e-06 7.013486174400896e-05 2.2114776584203355e-05 2.8821590603911318e-05 8.457002877548803e-06 -2.414516893622931e-05 1.0
7.5 6.815489996370161e-06 3.07859227177687e-05 3.814201045315713e-05 -1.1737758995877812e-06 1.4202543752617203e-05 -9.692562343843747e-06 1.0
7.5333333015441895 1.9796516426140442e-08 3.6843128327745944e-05 3.745821231859736e-05 6.050234333088156e-06 1.5437890397151932e-05 -1.3881235645385459e-05 1.0
7.566666603088379 5.597942163149128e-06 4.436358358361758e-05 1.3521750588552095e-05 1.2610125850187615e-05 1.1377964028724818e-06 -2.5678227757452987e-05 1.0
7.599999904632568 6.885049060656456e-06 3.486168498056941e-05 2.7901705834665336e-05 3.4377430893073324e-06 9.809369657887146e-06 -1.3113041859469377e-05 1.0
7.633333206176758 -1.5106722457858268e-05 5.761508145951666e-05 2.3385431632050313e-05 1.8103966795024462e-05 1.612927735550329e-05 -2.1308745999704115e-05 1.0
7.666666507720947 9.321192010247614e-06 3.7312391214072704e-05 3.237414421164431e-05 4.239773261360824e-06 1.0264690899930429e-05 -1.3511016732081771e-05 1.0
7.699999809265137 -6.004384886182379e-06 7.722216832917184e-05 1.6518224583705887e-05 2.7352016331860796e-05 8.854844054440036e-06 -3.102974369539879e-05 1.0
7.733333110809326 4.002943569503259e-06 2.6857143893721513e-05 3.487858339212835e-05 2.3830941131564032e-07 1.402845919074025e-05 -1.343596068181796e-05 1.0
7.766666889190674 6.84950600771117e-06 3.236201882828027e-05 3.079268572037108e-05 1.907572823256487e-06 1.135666298068827e-05 -1.1420192095101811e-05 1.0
7.800000190734863 6.9330676524259616e-06 5.3715553804067895e-05 2.82812488876516e-05 1.7182141164084896e-05 6.189909527165582e-06 -1.851841625466477e-05 1.0
7.833333492279053 -5.816190423502121e-06 5.5035634431988e-05 3.284856575191952e-05 2.0347893951111473e-05 1.4766445019631647e-05 -1.9773140593315475e-05 1.0
7.866666793823242 -5.4767101573816035e-06 5.762874206993729e-05 2.2577174604521133e-05 1.8932205421151593e-05 1.0501935321372002e-05 -2.2129095668788068e-05 1.0
7.900000095367432 2.4541841412428766e-06 8.830051228869706e-05 2.9930157324997708e-05 3.526235741446726e-05 7.822821316949558e-06 -2.9623124646604992e-05 1.0
7.933333396911621 -1.0445024827276939e-06 7.01596072758548e-05 1.2554036402434576e-05 2.4885108359740116e-05 3.460009111222462e-06 -2.9638747946592048e-05 1.0
7.9666666984558105 1.0990024748025462e-05 3.455859769019298e-05 3.80699202651158e-05 1.0693747753975913e-06 1.5593543139402755e-05 -1.2026909644191619e-05 1.0
8.0 -1.0241868039884139e-05 8.765431266510859e-05 1.8950395315187052e-05 3.523605118971318e-05 1.2829671504732687e-05 -2.8882415790576488e-05 1.0
8.033333778381348 9.801931810216047e-06 4.524573887465522e-05 3.754330100491643e-05 1.0693049262044951e-05 1.1017928045475855e-05 -1.47157379615237e-05 1.0
8.066666603088379 -9.667187441664282e-07 2.4586077415733598e-05 8.617991625214927e-06 5.767891252617119e-06 4.937460289511364e-06 -1.1716847438947298e-05 1.0
8.100000381469727 -3.750915084310691e-06 8.777170296525583e-05 3.108183227595873e-05 3.441906665102579e-05 1.4073225429456215e-05 -3.199897037120536e-05 1.0
8.133333206176758 -7.107541478035273e-06 4.794731648871675e-05 3.693153121275827e-05 1.1729481229849625e-05 1.667817559791729e-05 -1.9554181562853046e-05 1.0
8.166666984558105 1.447697195544606e-05 2.899852188420482e-05 1.8940110749099404e-05 1.1745477195290732e-06 3.6989843010815093e-06 -8.447063009953126e-06 1.0
8.199999809265137 7.819738812031574e-07 3.830866626231e-05 1.0980395927617792e-05 1.5987125152605586e-05 3.3046062526409514e-06 -1.3742771443503443e-05 1.0
8.233333587646484 -1.079951971405535e-06 7.055811147438362e-05 2.7325504561304115e-05 2.4887664039852098e-05 1.0248831131320912e-05 -2.4519173166481778e-05 1.0
8.266666412353516 1.6034717873480986e-06 4.9137881433125585e-05 2.6454887120053172e-05 1.549304033687804e-05 9.092891559703276e-06 -1.9001090549863875e-05 1.0
8.300000190734863 -1.5561761756544e-05 6.56021511531435e-05 -1.797979621187551e-06 2.7297059205011465e-05 7.2390780587738845e-06 -2.5593444661353715e-05 1.0
8.333333015441895 -4.79736081615556e-06 6.094228956499137e-05 3.650446524261497e-05 2.175701411033515e-05 1.5052920389280189e-05 -2.4661758288857527e-05 1.0
8.366666793823242 -5.552906259254087e-07 3.422311783651821e-05 3.1885883799986914e-05 6.115212272561621e-06 1.2623032489500474e-05 -1.3988056707603391e-05 1.0
8.399999618530273 -1.6751445173213142e-06 7.652669592062011e-05 3.079841917497106e-05 2.6735538995126262e-05 9.494132427789737e-06 -2.629264781717211e-05 1.0
8.433333396911621 -5.360148406907683e-06 6.587124516954646e-05 2.5316676328657195e-05 2.1570162061834708e-05 1.1305884072498884e-05 -2.7080433937953785e-05 1.0
8.466666221618652 -6.59808938507922e-06 6.750153988832608e-05 3.335993460495956e-05 2.377123928454239e-05 1.6379792214138433e-05 -2.2566891857422888e-05 1.0
8.5 -3.7996580886101583e-06 6.481467426056042e-05 3.402275615371764e-05 2.0948298697476275e-05 1.2273385436856188e-05 -2.2829137378721498e-05 1.0
8.533333778381348 1.2449741007003468e-06 5.8605452068150043e-05 3.1792438676347956e-05 1.6615318600088358e-05 1.3761393347522244e-05 -2.4056565962382592e-05 1.0
8.566666603088379 -1.2653518979277578e-06 3.020508484041784e-05 2.5595618353690952e-05 2.522891691114637e-06 1.1642878234852105e-05 -1.2801324373867828e-05 1.0
8.600000381469727 6.0595239119720645e-06 6.446031329687685e-05 3.521182225085795e-05 2.299732295796275e-05 1.0895802006416488e-05 -2.2540672944160178e-05 1.0
8.633333206176758 1.4448867659666575e-05 2.912493800977245e-05 3.933471816708334e-05 -3.888011178787565e-06 1.4533126886817627e-05 -9.706403034215327e-06 1.0
8.666666984558105 3.367267709109001e-06 1.748129398038145e-05 8.806106052361429e-06 1.2807619214072474e-06 3.598524244807777e-06 -8.730645276955329e-06 1.0
8.699999809265137 -2.102245889545884e-05 0.00012207383406348526 -7.4848085205303505e-06 4.170941247139126e-05 1.1381576769053936e-05 -4.931029616273008e-05 1.0
8.733333587646484 -1.756657184159849e-05 0.00010025532537838444 -2.4358994323847583e-06 4.1485447582090273e-05 1.0264431693940423e-05 -3.362475399626419e-05 1.0
8.766666412353516 2.0501213384704897e-06 3.403259324841201e-05 2.030593532253988e-05 7.291865131264785e-06 7.378748250630451e-06 -1.5277855709427968e-05 1.0
8.800000190734863 -3.8441344258899335e-06 3.0507309929816984e-05 2.8003261832054704e-05 3.6892672596877674e-06 1.2515603884821758e-05 -1.3907939319324214e-05 1.0
8.833333015441895 1.1096503840235528e-05 3.296399881946854e-05 4.149804954067804e-05 3.3941691413019726e-07 1.6618585505057126e-05 -1.1477239240775816e-05 1.0
8.866666793823242 -8.276318112621084e-06 8.856578642735258e-05 4.394271400087746e-06 3.7246303691063076e-05 7.827728950360324e-06 -2.8886655854876153e-05 1.0
8.899999618530273 -7.944116077851504e-06 0.000115455717605073 7.603821359225549e-06 4.79781192552764e-05 5.841947768203681e-06 -4.555076520773582e-05 1.0
8.933333396911621 1.1127574907732196e-05 2.9972210541018285e-05 3.077921428484842e-05 -2.824163175318972e-06 1.2484063518058974e-05 -1.3942877558292821e-05 1.0
8.966666221618652 -2.8945075882802485e-06 4.877763785771094e-05 2.3472819520975463e-05 1.7356387616018765e-05 9.28026838664664e-06 -2.063931242446415e-05 1.0
9.0 6.5258150243607815e-06 7.180525426520035e-05 3.589822517824359e-05 2.613835567899514e-05 9.310525456385221e-06 -2.298961226188112e-05 1.0
9.033333778381348 2.770965465970221e-06 5.737619721912779e-05 4.340300438343547e-05 1.417910425516311e-05 1.534178591100499e-05 -2.5019029635586776e-05 1.0
9.066666603088379 3.902759090124164e-06 2.852961370081175e-05 2.5959887352655642e-05 1.115841314458521e-06 1.1203183021279983e-05 -8.765752681938466e-06 1.0
9.100000381469727 2.3143618818721734e-05 3.890080188284628e-05 3.6981826269766316e-05 2.6191687538812403e-06 8.631194759800564e-06 -1.0879009096242953e-05 1.0
9.133333206176758 -3.251899016731841e-08 2.8556964025483467e-05 1.4559568626282271e-05 7.67078745411709e-06 6.279500667005777e-06 -1.2040215551678557e-05 1.0
9.166666984558105 -6.394330966941197e-07 3.831380672636442e-05 3.028523497050628e-05 8.353535122296307e-06 1.2330039680819027e-05 -1.4508156709780451e-05 1.0
9.199999809265137 -5.686484200850828e-06 7.50916515244171e-05 1.5072074347699527e-05 3.152476710965857e-05 5.710581262974301e-06 -2.6589308617985807e-05 1.0
9.233333587646484 -1.0876471606025007e-05 7.315768743865192e-05 2.1225498130661435e-05 2.7207213861402124e-05 1.4108474715612829e-05 -2.7815614885184914e-05 1.0
9.266666412353516 5.396908818511292e-06 2.557131119829137e-05 2.6277957658749074e-05 1.573694476064702e-06 9.20140701055061e-06 -1.0912988727795891e-05 1.0
9.300000190734863 1.6304004020639695e-05 3.146961535094306e-05 3.895491317962296e-05 -3.0055085176172724e-07 1.2762220649165101e-05 -1.3543362001655623e-05 1.0
9.333333015441895 -2.532020289436332e-06 4.107388303964399e-05 3.3112803066615015e-05 9.530610441288445e-06 1.3718579793930985e-05 -1.7926067812368274e-05 1.0
9.366666793823242 1.5171778613876086e-05 3.381017450010404e-05 1.6545325706829317e-05 8.526805686415173e-06 -5.644314455821586e-07 -9.073019100469537e-06 1.0
9.399999618530273 4.1655889617686626e-06 3.707575524458662e-05 2.976949508592952e-05 7.12743894837331e-06 7.929787898319773e-06 -1.4726964764122386e-05 1.0
9.433333396911621 3.0461742994702945e-07 5.2733641496161e-05 1.2644005437323358e-05 1.9024995708605275e-05 4.230428203300107e-06 -2.3044185581966303e-05 1.0
9.466666221618652 -2.1207445115578594e-06 5.2885719924233854e-05 2.7995140044367872e-05 1.7007027054205537e-05 1.0372258657298516e-05 -2.4111837774398737e-05 1.0
9.5 -9.262336789106485e-06 5.793312448076904e-05 1.214769326907117e-05 2.0968760509276763e-05 9.422329640074167e-06 -2.231266989838332e-05 1.0
9.533333778381348 -3.9049382394296117e-07 5.8501875173533335e-05 1.6132875316543505e-05 1.8884340533986688e-05 6.45125101073063e-06 -2.305469570273999e-05 1.0
9.566666603088379 -7.970279511937406e-06 8.183356840163469e-05 1.164798959507607e-05 3.297453804407269e-05 7.17284865459078e-06 -3.076431676163338e-05 1.0
9.600000381469727 7.363431905105244e-06 3.9483289583586156e-05 3.096144791925326e-05 7.1119256972451694e-06 9.850561582425144e-06 -1.2709883776551578e-05 1.0
9.633333206176758 1.625148070161231e-05 3.986602314398624e-05 3.633974483818747e-05 2.9815137168043293e-06 1.1138107765873428e-05 -1.3316802323970478e-05 1.0
9.666666984558105 2.7636001505015884e-06 5.3500949434237555e-05 1.4468995686911512e-05 1.8637569155544043e-05 3.4177180623373715e-06 -2.1343668777262792e-05 1.0
9.699999809265137 -4.347424692241475e-06 8.743756916373968e-05 1.4346083844429813e-05 3.685613046400249e-05 6.920325631654123e-06 -2.8422147806850262e-05 1.0
9.733333587646484 -9.666266123531386e-06 5.5681583035038784e-05 2.440697790007107e-05 2.0098135792068206e-05 1.317818805546267e-05 -2.026486436079722e-05 1.0
9.766666412353516 3.974072114942828e-06 2.2557191186933778e-05 1.831560985010583e-05 4.1932159433599736e-07 7.4344216045574285e-06 -9.981645234802272e-06 1.0
9.800000190734863 2.9850232294847956e-06 6.858578126411885e-05 4.1469960706308484e-05 2.5360403014929034e-05 1.3114542525727302e-05 -2.2569736756850034e-05 1.0
9.833333015441895 -1.9709648313437356e-06 6.425096216844395e-05 3.095121428486891e-05 2.1875983293284662e-05 1.2112691365473438e-05 -2.9077100407448597e-05 1.0
9.866666793823242 2.0380351998028345e-05 4.458909097593278e-05 3.517274308251217e-05 6.466855211328948e-06 8.030422577576246e-06 -1.4697814549435861e-05 1.0
9.899999618530273 1.57678296091035e-05 2.159266841772478e-05 2.261760164401494e-05 -4.0809245547279716e-06 5.86521628065384e-06 -7.354908575507579e-06 1.0
9.933333396911621 -1.1679940143949352e-05 8.340858767041937e-05 2.1179435861995444e-05 2.9992457712069154e-05 1.4417984857573174e-05 -2.9917991923866794e-05 1.0
9.966666221618652 1.5356710036940058e-06 2.1570374883594923e-05 2.1155048671062104e-05 -2.4582701030340104e-07 1.0525043762754649e-05 -1.2871581930085085e-05 1.0
10.0 7.903311598056462e-06 3.375697633600794e-05 3.6466644814936444e-05 3.014552703461959e-06 1.2788547792297322e-05 -1.2075934137101285e-05 1.0
10.033333778381348 6.492087322840234e-06 2.7727252017939463e-05 2.0955012587364763e-05 4.101485956198303e-06 7.1016638685250655e-06 -1.0057696272269823e-05 1.0
10.066666603088379 6.734805992891779e-07 8.206397615140304e-05 3.2782063499325886e-05 2.9345137591008097e-05 1.2808704013878014e-05 -2.528490404074546e-05 1.0
10.100000381469727 -1.1871039532707073e-05 6.915182893862948e-05 1.2047443306073546e-05 2.5383935280842707e-05 8.327675459440798e-06 -3.165327507304028e-05 1.0
10.133333206176758 9.952997970685828e-06 2.8751062927767634e-05 2.823169961629901e-05 -3.479256918126339e-07 1.0224885045317933e-05 -1.163947399618337e-05 1.0
10.166666984558105 -1.7902552826853935e-06 8.280025940621272e-05 1.1577714758459479e-05 2.9590048143290915e-05 4.894452558801277e-06 -3.1098752515390515e-05 1.0
10.199999809265137 -3.200118044333067e-06 7.912624278105795e-05 1.1958998584304936e-05 3.455960541032255e-05 2.5754056878213305e-06 -2.001228858716786e-05 1.0
10.233333587646484 -4.487682872422738e-06 3.400362402317114e-05 2.2488404283649288e-05 9.332885383628309e-06 8.915957550925668e-06 -1.6695783415343612e-05 1.0
10.266666412353516 -6.010411084389489e-07 2.606560883577913e-05 1.54582903633127e-05 4.934532171319006e-06 7.023373200354399e-06 -1.2981226973352022e-05 1.0
10.300000190734863 -2.838284217432374e-06 6.373872747644782e-05 2.7153308110428043e-05 2.4557486540288664e-05 8.212796274165157e-06 -2.12717004615115e-05 1.0
10.333333015441895 1.095705329134944e-06 5.757615144830197e-05 3.2326410291716456e-05 1.960729787242599e-05 1.2092516953998711e-05 -2.2163623725646175e-05 1.0
10.366666793823242 3.1901588499749778e-06 2.4997418222483248e-05 2.4614617359475233e-05 3.4060346933983965e-06 7.545057087554596e-06 -1.137117033067625e-05 1.0
10.399999618530273 3.0590749702241737e-06 2.4893946829251945e-05 2.501308699720539e-05 -1.4937719470253796e-06 1.0882463357120287e-05 -1.1734183317457791e-05 1.0
10.433333396911621 7.4508434408926405e-06 3.5064320400124416e-05 1.9312434233142994e-05 5.074799446447287e-06 7.787439244566485e-06 -1.3540352483687457e-05 1.0
10.466666221618652 -6.366266006807564e-06 8.07363903732039e-05 2.570011929492466e-05 2.8927752282470465e-05 1.4466305401583668e-05 -2.945065534731839e-05 1.0
10.5 1.6535772374481894e-05 3.459208892309107e-05 2.6647916456568055e-05 5.9452122513903305e-06 7.102385097823571e-06 -9.298287295678165e-06 1.0
10.533333778381348 -2.30820432989276e-06 5.732514546252787e-05 2.505713200662285e-05 1.985249764402397e-05 8.318242180394009e-06 -2.1618539904011413e-05 1.0
10.566666603088379 1.2441547880825965e-07 5.3553460020339116e-05 2.9352184355957434e-05 1.76979538082378e-05 1.1295312106085476e-05 -2.223412593593821e-05 1.0
10.600000381469727 8.173229616659228e-06 7.639241084689274e-05 2.0988552932976745e-05 3.6840050597675145e-05 5.008479547541356e-06 -2.8470631150412373e-05 1.0
10.633333206176758 -3.1621418656868627e-06 3.224549800506793e-05 5.621388936560834e-06 8.90802766662091e-06 5.818620593345258e-06 -1.745202280289959e-05 1.0
10.666666984558105 1.314198107138509e-05 3.4403681638650596e-05 3.496686622384004e-05 1.7014724562613992e-06 1.1774190170399379e-05 -1.3731538274441846e-05 1.0
10.699999809265137 -1.1288595487712882e-05 0.00011832272866740823 3.2621030641166726e-06 5.246128421276808e-05 6.132061571406666e-06 -3.336053487146273e-05 1.0
10.733333587646484 2.0317879716458265e-06 6.285138806561008e-05 2.433996633044444e-05 2.48973101406591e-05 6.294325430644676e-06 -2.3850956495152786e-05 1.0
10.766666412353516 1.7588670743862167e-05 3.544103674357757e-05 3.4258704545209184e-05 8.804263416095637e-07 9.503582077741157e-06 -1.4509630091197323e-05 1.0
10.800000190734863 1.1603792700043414e-05 2.3792968931957148e-05 2.0852063244092278e-05 -3.088963921982213e-06 7.033348083496094e-06 -8.831746526993811e-06 1.0
10.833333015441895 1.6323425370501354e-05 3.2280167943099514e-05 3.355177614139393e-05 -8.393863595301809e-07 9.669108294474427e-06 -1.3637521078635473e-05 1.0
10.866666793823242 -3.6309120332589373e-06 3.354031650815159e-05 2.968288754345849e-05 9.215940735884942e-06 1.0919671694864519e-05 -2.0647281417041086e-05 1.0
10.899999618530273 4.1290942931482277e-07 2.9883894967497326e-05 1.8116628780262545e-05 7.4794734246097505e-06 7.624003956152592e-06 -1.4431913768930826e-05 1.0
10.933333396911621 9.278537049794977e-07 4.30245345341973e-05 3.2054955227067694e-05 1.1432271094236057e-05 1.2773788512276951e-05 -1.7565358575666323e-05 1.0
10.966666221618652 1.8850532796932384e-06 4.101796366740018e-05 2.1277299310895614e-05 1.4840657968306914e-05 7.324290891119745e-06 -1.6632251572445966e-05 1.0
11.0 7.896261195128318e-06 3.7434416299220175e-05 3.216733966837637e-05 7.153270416893065e-06 8.413579962507356e-06 -1.5820865883142687e-05 1.0
11.033333778381348 -3.412595560803311e-06 2.3314138161367737e-05 1.4946869669074658e-05 3.963236849813256e-06 8.486600563628599e-06 -1.218805027747294e-05 1.0
11.066666603088379 8.804112439975142e-06 2.868794217647519e-05 1.469672588427784e-05 5.8821842685574666e-06 2.6191687538812403e-06 -1.0443583960295655e-05 1.0
11.100000381469727 -7.35142066332628e-07 2.3056527425069362e-05 2.6796780730364844e-05 6.400480856427748e-07 9.566597327648196e-06 -1.1410838851588778e-05 1.0
11.133333206176758 5.0452572395442985e-06 2.8040863981004804e-05 1.889382656372618e-05 4.453035671758698e-06 4.961106697010109e-06 -7.320375516428612e-06 1.0
11.166666984558105 -2.2529436591867125e-06 6.570194818777964e-05 2.378624412813224e-05 2.2420606910600327e-05 8.099766091618221e-06 -2.9688768336200155e-05 1.0
11.199999809265137 1.100232020689873e-05 5.7254826970165595e-05 3.978306267526932e-05 1.5741070455987938e-05 1.2337543921603356e-05 -2.1300738808349706e-05 1.0
11.233333587646484 6.874671726109227e-06 4.104007166461088e-05 1.8799419194692746e-05 1.288574276259169e-05 1.869552534117247e-06 -1.960060399142094e-05 1.0
11.266666412353516 1.9902292478946038e-05 2.312778087798506e-05 2.674495590326842e-05 -2.862659812308266e-06 7.259307039930718e-06 -9.679297363618389e-06 1.0
11.300000190734863 9.380916708323639e-06 2.3264694391400553e-05 2.6795796657097526e-05 -2.4870091692719143e-06 1.0429466783534735e-05 -1.0473959264345467e-05 1.0
11.333333015441895 -3.0803848858340643e-06 4.5403794501908123e-05 2.7888920158147812e-05 1.2909557881357614e-05 1.2822339158446994e-05 -2.1099272998981178e-05 1.0
11.366666793823242 -7.046035079838475e-06 4.642374915420078e-05 5.384669748309534e-06 1.1498810636112466e-05 7.2320972321904264e-06 -3.0683077056892216e-05 1.0
11.399999618530273 -2.7705100364983082e-05 9.918809519149363e-05 3.686858690343797e-06 4.252261351211928e-05 1.736838385113515e-05 -3.259540244471282e-05 1.0
11.433333396911621 1.4557684153260197e-05 4.2677518649725243e-05 3.311222099000588e-05 5.652916570397792e-06 9.040265467774589e-06 -1.3395991118159145e-05 1.0
11.466666221618652 -2.185773610108299e-06 6.387208122760057e-05 3.6238830944057554e-05 2.2691972844768316e-05 1.4938830645405687e-05 -2.6816265744855627e-05 1.0
11.5 -8.00429177161277e-07 3.1212883186526597e-05 1.859465191955678e-05 7.1523268161399756e-06 7.104843462002464e-06 -1.3330198271432891e-05 1.0
11.533333778381348 9.74525846686447e-06 4.108925713808276e-05 3.3599942980799824e-05 8.217135473387316e-06 1.1979488590441179e-05 -1.3933048649050761e-05 1.0
11.566666603088379 -1.47650871440419e-06 7.03150944900699e-05 3.1882242183201015e-05 2.499790207366459e-05 1.243114638782572e-05 -2.782624687824864e-05 1.0
11.600000381469727 1.4691777323605493e-05 3.174250014126301e-05 3.1464442145079374e-05 2.355793412789353e-06 8.171201443474274e-06 -1.4618714885727968e-05 1.0
11.633333206176758 -1.4964053889343631e-06 7.997974171303213e-05 1.940507718245499e-05 3.050231680390425e-05 8.547839570383076e-06 -3.0384162528207526e-05 1.0
11.666666984558105 1.1049250133510213e-05 3.8506026612594724e-05 3.836157338810153e-05 3.477030304566142e-06 1.2392249118420295e-05 -1.1682188414852135e-05 1.0
11.699999809265137 1.2829628758481704e-05 3.2098047086037695e-05 3.932933759642765e-05 9.438584243071091e-07 1.2533290828287136e-05 -9.284100087825209e-06 1.0
11.733333587646484 3.925214969058288e-06 9.487289935350418e-05 1.0379695595474914e-05 4.091605660505593e-05 3.0011101443960797e-06 -2.8524764275061898e-05 1.0
11.766666412353516 5.5741411486565084e-09 6.759841198800132e-05 3.283775004092604e-05 2.2305972379399464e-05 1.3408657650870737e-05 -2.809907527989708e-05 1.0
11.800000190734863 3.76054595108144e-06 3.251599628129043e-05 3.4828030038625e-05 2.7519693048816407e-06 1.4008514881425072e-05 -1.2720905033347663e-05 1.0
11.833333015441895 -3.174739902078727e-07 9.633680019760504e-05 2.591167458376731e-06 4.1499617509543896e-05 1.281855361412454e-06 -3.878054485539906e-05 1.0
11.866666793823242 3.136918849122594e-06 2.9917273423052393e-05 2.618419057398569e-05 4.08185724154464e-06 9.754709026310593e-06 -1.0515527719689999e-05 1.0
11.899999618530273 3.612423142840271e-06 3.8069883885327727e-05 2.8898331947857514e-05 8.80023253557738e-06 8.96885285328608e-06 -1.4233981346478686e-05 1.0
11.933333396911621 -6.061150997993536e-06 5.867818617844023e-05 2.922218482126482e-05 1.937334491231013e-05 1.3208816199039575e-05 -2.656606193340849e-05 1.0
11.966666221618652 -6.720168130414095e-06 3.479723454802297e-05 3.22460473398678e-05 6.832731742179021e-06 1.7564179870532826e-05 -1.8767812434816733e-05 1.0
12.0 4.7333170982710726e-07 6.410523928934708e-05 2.150506952602882e-05 2.1388399545685388e-05 7.39256256565568e-06 -2.2701682610204443e-05 1.0
12.033333778381348 -4.972511760570342e-06 8.181494195014238e-05 2.925606349890586e-05 2.7602161935647018e-05 1.2904317372885998e-05 -3.065625060116872e-05 1.0
12.066666603088379 -2.0062991552549647e-06 6.021125955157913e-05 3.104842471657321e-05 2.0707819203380495e-05 1.1732297025446314e-05 -2.0715904611279257e-05 1.0
12.100000381469727 8.186688091882388e-07 3.612994260038249e-05 2.0396586478454992e-05 1.0845612450793851e-05 5.898768449696945e-06 -1.6099658751045354e-05 1.0
12.133333206176758 -6.696195669064764e-06 4.150356471654959e-05 3.513492629281245e-05 1.0372699762228876e-05 1.811952461139299e-05 -1.6794783732621e-05 1.0
12.166666984558105 -7.397944159492909e-07 4.626490772352554e-05 1.8884657038142905e-05 1.4218705473467708e-05 7.578419172205031e-06 -2.144533209502697e-05 1.0
12.199999809265137 -2.6703421553975204e-06 7.476643804693595e-05 2.3258910005097277e-05 3.054692570003681e-05 8.365251233044546e-06 -2.8001455575576983e-05 1.0
12.233333587646484 -4.666222594096325e-06 9.999765461543575e-05 1.1171385267516598e-05 3.808056499110535e-05 6.274487986956956e-06 -3.610174826462753e-05 1.0
12.266666412353516 -2.0882671947219933e-07 3.34636279148981e-05 2.182520620408468e-05 5.123185474076308e-06 1.1789114068960771e-05 -1.5291108866222203e-05 1.0
12.300000190734863 -1.3551089068641886e-06 3.689355798996985e-05 3.4941196645377204e-05 8.30399676488014e-06 1.2458500350476243e-05 -1.5660951248719357e-05 1.0
12.333333015441895 1.5195066680462332e-06 4.144036574871279e-05 2.6116094886674546e-05 1.1405480108805932e-05 1.1158692359458655e-05 -1.3976869922771584e-05 1.0
12.366666793823242 9.402815521752927e-06 5.9453333960846066e-05 2.8452072001527995e-05 2.1338883016142063e-05 3.933412244805368e-06 -2.3445396436727606e-05 1.0
12.399999618530273 -4.578738298732787e-06 8.49437274155207e-05 3.4922482882393524e-05 3.094043131568469e-05 1.5426543541252613e-05 -2.834894257830456e-05 1.0
12.433333396911621 -4.139339580433443e-06 4.110383815714158e-05 1.6432291886303574e-05 1.0041860150522552e-05 9.468155440117698e-06 -2.311916250619106e-05 1.0
12.466666221618652 1.6905534721445292e-05 3.438351268414408e-05 3.7005956983193755e-05 -1.4284955796028953e-07 1.2688250535575207e-05 -1.0173942428082228e-05 1.0
12.5 6.156411018309882e-06 3.92459514841903e-05 3.649947029771283e-05 7.79153015173506e-06 1.0629177268128842e-05 -1.5861180145293474e-05 1.0
12.533333778381348 6.643065262323944e-06 4.520189395407215e-05 2.4857466996763833e-05 1.0343241228838451e-05 7.716369509580545e-06 -1.849077125370968e-05 1.0
12.566666603088379 5.215518285694998e-06 0.00010359499719925225 2.0305082216509618e-05 4.522262679529376e-05 3.1603935894963797e-06 -2.872438017220702e-05 1.0
12.600000381469727 -7.168863703554962e-06 6.153497088234872e-05 2.9975723009556532e-05 2.0918387235724367e-05 1.574780253577046e-05 -2.616609344840981e-05 1.0
12.633333206176758 -1.1085582627856638e-05 4.411385816638358e-05 2.2773598175263032e-05 1.086970678443322e-05 1.3361456694838125e-05 -2.466689511493314e-05 1.0
12.666666984558105 6.5791741690190975e-06 2.6437632186571136e-05 1.4790360182814766e-05 3.8107350519567262e-06 5.344909823179478e-06 -1.068928304448491e-05 1.0
12.699999809265137 2.1955738702672534e-06 8.783979137660936e-05 1.8936152628157288e-05 3.589111292967573e-05 5.025406153436052e-06 -2.6529693059273995e-05 1.0
12.733333587646484 -2.2415999865188496e-06 4.173262641415931e-05 2.9680692023248412e-05 1.1643581274256576e-05 1.0599726920190733e-05 -2.1524494513869286e-05 1.0
12.766666412353516 5.307735136739211e-06 0.0001151408432633616 2.832535028574057e-05 5.0500999350333586e-05 6.8766812546527945e-06 -3.5715602280106395e-05 1.0
12.800000190734863 4.985573013982503e-06 3.377880057087168e-05 2.6179250198765658e-05 5.64687752557802e-06 9.681818482931703e-06 -8.442371836281382e-06 1.0
12.833333015441895 1.2082561624993104e-05 3.288749940111302e-05 3.0884159059496596e-05 2.5347346763737733e-06 7.376278063020436e-06 -1.0246765668853186e-05 1.0
12.866666793823242 7.749325959593989e-06 6.123001367086545e-05 3.2581006962573156e-05 2.134157512045931e-05 8.426900421909522e-06 -2.0069624952157028e-05 1.0
12.899999618530273 2.573002575445571e-06 4.118981814826839e-05 2.8308470064075664e-05 1.038464415614726e-05 1.1936299415538087e-05 -1.8492681192583404e-05 1.0
12.933333396911621 4.789676950167632e-06 4.3709846067940816e-05 2.6704559786594473e-05 1.2981382496946026e-05 5.067596703156596e-06 -2.227884397143498e-05 1.0
12.966666221618652 6.464572379627498e-06 2.9992006602697074e-05 2.9078732040943578e-05 5.2640398280345835e-06 8.898848136595916e-06 -1.1336590432620142e-05 1.0
13.0 1.652688524700352e-06 7.388367521343753e-05 9.282943210564554e-06 3.1222753023030236e-05 2.591894372017123e-06 -2.9277349312906154e-05 1.0
13.033333778381348 -1.2527814760687761e-05 8.162428275682032e-05 7.592188012495171e-06 3.2718693546485156e-05 7.5881780503550544e-06 -2.5153887690976262e-05 1.0
13.066666603088379 2.7755668270401657e-06 3.8926176785025746e-05 2.519568988645915e-05 8.007255019037984e-06 1.0004245268646628e-05 -1.514787072665058e-05 1.0
13.100000381469727 1.0009711331804283e-05 4.792548133991659e-05 4.1427290852880105e-05 1.0095444849866908e-05 1.329962287854869e-05 -1.4276773072197102e-05 1.0
13.133333206176758 2.3876914383436088e-06 4.6313183702295646e-05 1.7189784557558596e-05 1.3965716789243743e-05 5.253949439065764e-06 -2.1807363737025298e-05 1.0
13.166666984558105 -1.7201103901243187e-06 3.7210105801932514e-05 2.900797153415624e-05 7.712582373642363e-06 1.1915094546566252e-05 -1.984583468583878e-05 1.0
13.199999809265137 4.949820322508458e-06 4.734504545922391e-05 3.461764572421089e-05 1.175893430627184e-05 1.0455537449161056e-05 -1.8021632058662362e-05 1.0
13.233333587646484 6.990317160671111e-06 6.427475454984233e-05 3.0043402148294263e-05 1.9339782738825306e-05 5.9829985730175395e-06 -2.7063766538049094e-05 1.0
13.266666412353516 -6.306433533609379e-06 8.022635302040726e-05 8.852295650285669e-06 3.1011928513180465e-05 7.296756848518271e-06 -2.759048220468685e-05 1.0
13.300000190734863 2.2337464997690404e-06 2.530063284211792e-05 1.975142367882654e-05 3.884096258843783e-06 6.304066573648015e-06 -1.1945973710680846e-05 1.0
13.333333015441895 8.22644869913347e-06 2.901009429479018e-05 1.7148422557511367e-05 3.6683265989267966e-06 5.591550234385068e-06 -1.0930643838946708e-05 1.0
13.366666793823242 3.799509613600094e-07 3.4667635190999135e-05 3.3885135053424165e-05 5.624979621643433e-06 1.3388305887929164e-05 -1.6280242562061176e-05 1.0
13.399999618530273 -3.0056673949729884e-06 2.563025009294506e-05 8.6255704445648e-06 7.3558294388931245e-06 4.874676051258575e-06 -1.3294297787069809e-05 1.0
13.433333396911621 1.1078290299337823e-05 4.733579407911748e-05 2.8682763513643295e-05 1.6479236364830285e-05 4.941415681969374e-06 -1.6191885151783936e-05 1.0
13.466666221618652 4.814750354853459e-06 6.798183312639594e-05 3.751762778847478e-05 2.1470710635185242e-05 1.3214948012318928e-05 -2.311127718712669e-05 1.0
13.5 1.584048914082814e-05 3.5217231925344095e-05 3.183183434884995e-05 2.383713763265405e-06 7.818137419235427e-06 -1.1857709978357889e-05 1.0
13.533333778381348 2.8381150514178444e-06 2.5599307264201343e-05 1.2556620276882313e-05 6.051696800568607e-06 3.073731249969569e-06 -1.155837071564747e-05 1.0
13.566666603088379 -2.6282263206667267e-05 0.00015512808749917895 -1.808881279430352e-05 6.981383921811357e-05 1.4497290067083668e-05 -4.466962127480656e-05 1.0
13.600000381469727 2.1840476620127447e-05 3.986367300967686e-05 3.8555321225430816e-05 2.7691626200976316e-06 1.0936077160295099e-05 -1.2866326869698241e-05 1.0
13.633333206176758 1.8009659470408224e-05 3.636181281763129e-05 3.253149043302983e-05 1.3609370625999873e-06 9.385485100210644e-06 -1.2765626706823241e-05 1.0
13.666666984558105 1.759831093295361e-06 3.363419455126859e-05 3.420940265641548e-05 6.6556476667756215e-06 1.2480036275519524e-05 -1.092996262741508e-05 1.0
13.699999809265137 -6.071265488571953e-06 5.8006444305647165e-05 3.22487649100367e-05 1.722503839118872e-05 1.4713056771142874e-05 -2.4926086553023197e-05 1.0
13.733333587646484 1.0580715752439573e-06 7.612539047840983e-05 2.2480215193354525e-05 2.9177066608099267e-05 8.038470696192235e-06 -2.6968380552716553e-05 1.0
13.766666412353516 7.98347537056543e-06 3.676486812764779e-05 4.1246737964684144e-05 3.011408125530579e-06 1.6259691619779915e-05 -1.2545788194984198e-05 1.0
13.800000190734863 -8.533748768968508e-06 7.644863217137754e-05 2.741165371844545e-05 2.9267383069964126e-05 1.2853360203735065e-05 -2.7367235816200264e-05 1.0
13.833333015441895 1.4008568541612476e-05 2.719283293117769e-05 3.789291440625675e-05 -4.880242613580776e-06 1.312401673203567e-05 -1.2365137990855146e-05 1.0
13.866666793823242 4.187989361525979e-06 2.390466397628188e-05 2.7339965527062304e-05 -2.0136990315222647e-06 1.4509737411572132e-05 -9.292501999880187e-06 1.0
13.899999618530273 1.143460963248799e-06 4.453600195120089e-05 3.0607523513026536e-05 1.0243494216410909e-05 1.3065982784610242e-05 -1.7562113498570397e-05 1.0
13.933333396911621 -8.546443496015854e-06 6.522411422338337e-05 2.4863715225365013e-05 2.2017617084202357e-05 1.3327352462511044e-05 -2.6670908482628874e-05 1.0
13.966666221618652 -6.6054249145963695e-06 8.67224734975025e-05 1.453933055017842e-05 3.39608704962302e-05 7.999009540071711e-06 -3.047793506993912e-05 1.0
14.0 1.0382250366092194e-05 3.2647094485582784e-05 3.103810377069749e-05 5.833406248711981e-06 6.165110789879691e-06 -1.1919320058950689e-05 1.0
14.033333778381348 2.657228833413683e-06 3.323489727335982e-05 3.433803067309782e-05 4.9975296860793605e-06 1.337284265900962e-05 -9.616556781111285e-06 1.0
14.066666603088379 9.076968126464635e-06 3.317492883070372e-05 2.4806942747090943e-05 4.963475930708228e-06 8.647686627227813e-06 -8.871544196153991e-06 1.0
14.100000381469727 1.0439427569508553e-05 7.828776870155707e-05 8.856972272042185e-06 3.0126875572022982e-05 -2.984190814458998e-07 -3.1415267585543916e-05 1.0
14.133333206176758 3.094403609793517e-06 2.453491288179066e-05 2.425601087452378e-05 3.3271378470089985e-06 1.0165364983549807e-05 -9.19847207114799e-06 1.0
14.166666984558105 6.980514513088565e-07 5.0260339776286855e-05 2.2758755221730098e-05 1.533226895844564e-05 6.946124358364614e-06 -2.3362706997431815e-05 1.0
14.199999809265137 1.2070674529240932e-05 3.440025830059312e-05 3.0979754228610545e-05 3.5483299143379554e-06 7.841647857276257e-06 -1.0249636034131981e-05 1.0
14.233333587646484 1.630880251468625e-05 5.135807077749632e-05 3.884614125126973e-05 1.2197563592053484e-05 1.1170584912179038e-05 -1.395231629430782e-05 1.0
14.266666412353516 -3.6858377683302024e-08 6.044561087037437e-05 1.197771416627802e-05 2.2430049284594133e-05 4.482186341192573e-06 -2.661097823875025e-05 1.0
14.300000190734863 1.0738038326962851e-05 3.128303069388494e-05 3.9816968637751415e-05 -1.502482973592123e-06 1.2658865671255626e-05 -1.5989331586752087e-05 1.0
14.333333015441895 5.132428668730427e-06 3.803012441494502e-05 2.1495665350812487e-05 9.117627087107394e-06 7.133727194741368e-06 -1.2591997801791877e-05 1.0
14.366666793823242 -9.985908945964184e-06 6.941627361811697e-05 1.2285326192795765e-05 2.73118002951378e-05 9.119075002672616e-06 -2.7605099603533745e-05 1.0
14.399999618530273 -6.9893385443720035e-06 6.56923875794746e-05 1.490278918936383e-06 2.400314224360045e-05 7.493687007809058e-06 -2.5549205020070076e-05 1.0
14.433333396911621 -8.770113026912441e-07 6.34973548585549e-05 1.7753314750734717e-05 2.32870334002655e-05 5.599367341346806e-06 -2.4813967684167437e-05 1.0
14.466666221618652 -1.8925212543763337e-06 3.3100790460594e-05 2.8212332836119458e-05 4.145926595811034e-06 1.5975396308931522e-05 -1.5047206943563651e-05 1.0
14.5 5.754473932029214e-06 4.2058771214215085e-05 2.9376422389759682e-05 9.340004908153787e-06 1.1546459973033052e-05 -1.393781349179335e-05 1.0
14.533333778381348 -1.4582147969122161e-06 2.777290137601085e-05 1.314622932113707e-05 6.0742795540136285e-06 6.804028998885769e-06 -1.3793630387226585e-05 1.0
14.566666603088379 -1.0914287713603699e-06 6.710938760079443e-05 2.8432603357941844e-05 2.463846976752393e-05 8.683721716806758e-06 -2.5140445359284058e-05 1.0
14.600000381469727 1.534947114123497e-05 3.551016197889112e-05 3.8619069528067484e-05 -9.44089208587684e-07 1.0281152754032519e-05 -1.028924361889949e-05 1.0
14.633333206176758 1.4469078450929374e-05 4.485800309339538e-05 3.7722260458394885e-05 7.797682883392554e-06 1.0087876944453456e-05 -1.3562883395934477e-05 1.0
14.666666984558105 2.4675096028659027e-06 3.5910041333409026e-05 3.311513501103036e-05 5.5021878324623685e-06 1.5868681657593697e-05 -1.130615873989882e-05 1.0
14.699999809265137 5.919991508562816e-06 3.6443016142584383e-05 3.373280560481362e-05 5.3615494834957644e-06 1.2517837603809312e-05 -1.2085394700989127e-05 1.0
14.733333587646484 -3.1823863082536263e-06 2.2431142497225665e-05 2.1189687686273828e-05 2.672598611752619e-06 8.424602128798142e-06 -1.3503329682862386e-05 1.0
14.766666412353516 1.7114334696088918e-06 3.436133556533605e-05 2.4167795345420018e-05 7.149418706831057e-06 9.810009032662492e-06 -1.4983267647039611e-05 1.0
14.800000190734863 -3.2833720524649834e-06 4.1602892451919615e-05 2.4606939405202866e-05 1.1080918739025947e-05 1.150125444837613e-05 -1.9875744328601286e-05 1.0
14.833333015441895 3.618200139499095e-07 2.2697460735798813e-05 1.4242744327930268e-05 4.573947080643848e-06 6.550366379087791e-06 -1.2199251614219975e-05 1.0
14.866666793823242 4.599216481437907e-06 3.575759910745546e-05 2.9032100428594276e-05 5.601405518973479e-06 1.1386025107640307e-05 -1.386416897730669e-05 1.0
14.899999618530273 8.716279808140825e-06 4.329257717472501e-05 2.9702167012146674e-05 1.027681355481036e-05 9.867094377113972e-06 -1.644953590584919e-05 1.0
14.933333396911621 -3.833610207948368e-06 3.662264862214215e-05 3.247342101531103e-05 7.487267339456594e-06 1.6477122699143365e-05 -1.4670766177005135e-05 1.0
14.966666221618652 4.563412403513212e-06 2.5617538994993083e-05 3.280171222286299e-05 1.0407998161099385e-06 1.410299682902405e-05 -9.3249809651752e-06 1.0
15.0 1.2333266568020917e-05 3.6575685953721404e-05 3.422601002966985e-05 5.562392743740929e-06 1.0686084351618774e-05 -1.2178350516478531e-05 1.0
15.033333778381348 2.415688413748285e-06 5.759439954999834e-05 2.5459246899117716e-05 1.7482445400673896e-05 8.340863132616505e-06 -2.4954331820481457e-05 1.0
15.066666603088379 1.2609141776920296e-05 3.819959965767339e-05 3.089875099249184e-05 8.517784408468287e-06 6.046882390364772e-06 -1.4281743460742291e-05 1.0
15.100000381469727 5.281904122966807e-06 3.34813776134979e-05 2.9021639420534484e-05 5.2525283535942435e-06 1.0687028407119215e-05 -1.2850748134951573e-05 1.0
15.133333206176758 -1.411546236340655e-05 8.09369157650508e-05 -1.431730879630777e-06 2.752902582869865e-05 1.0308284799975809e-05 -3.5794259019894525e-05 1.0
15.166666984558105 -2.432690052955877e-06 3.756529986276291e-05 2.4487826522090472e-05 8.440412784693763e-06 1.0378643310104962e-05 -1.9335002434672788e-05 1.0
15.199999809265137 5.734461865358753e-06 3.100678077316843e-05 2.393885370111093e-05 6.977668817853555e-06 7.0928358582023066e-06 -9.461695299251005e-06 1.0
15.233333587646484 4.4470471038948745e-06 3.416246909182519e-05 3.066310819122009e-05 6.713598395435838e-06 1.1966057172685396e-05 -1.232496288139373e-05 1.0
15.266666412353516 7.931215805001557e-06 2.9547623853432015e-05 3.8626760215265676e-05 8.907838946470292e-07 1.4632750207965728e-05 -1.0943017514364328e-05 1.0
15.300000190734863 2.5424214982194826e-06 6.1162791098468e-05 2.6071926185977645e-05 2.0329625840531662e-05 8.05916715762578e-06 -2.3230608348967507e-05 1.0
15.333333015441895 -5.1813543677781126e-08 8.186342165572569e-05 1.7173148080473766e-05 3.160892811138183e-05 6.785858204239048e-06 -3.0633142159786075e-05 1.0
15.366666793823242 1.733015596983023e-05 3.545343133737333e-05 2.709569707803894e-05 5.075332410342526e-06 3.3021644867403666e-06 -1.1232364158786368e-05 1.0
15.399999618530273 2.9608829663629876e-06 3.478775033727288e-05 3.0141487513901666e-05 3.420529083086876e-06 1.4378993000718765e-05 -1.315365170739824e-05 1.0
15.433333396911621 1.4758871657249983e-05 3.747000664588995e-05 3.2611540518701077e-05 4.465842266654363e-06 7.742341040284373e-06 -1.4782528523937799e-05 1.0
15.466666221618652 1.7574449884705245e-05 3.3822263503680006e-05 3.296391514595598e-05 9.619043339625932e-07 9.104832315642852e-06 -9.303043952968437e-06 1.0
15.5 -4.564954451780068e-06 5.879878153791651e-05 3.337366069899872e-05 1.8841217752196826e-05 1.3675849004357588e-05 -2.5879386157612316e-05 1.0
15.533333778381348 -7.3603314376669005e-06 7.032135908957571e-05 1.827374944696203e-05 2.9616725441883318e-05 8.75317164172884e-06 -2.4668031983310357e-05 1.0
15.566666603088379 4.4886419345857576e-06 4.2095936805708334e-05 3.46157539752312e-05 1.1414667824283242e-05 1.2006936231045984e-05 -1.5877940313657746e-05 1.0
15.600000381469727 6.118870260252152e-06 3.520089012454264e-05 2.9695989724132232e-05 4.780418294103583e-06 9.24852520256536e-06 -1.1664884368656203e-05 1.0
15.633333206176758 6.203091743373079e-06 2.3850410798331723e-05 3.2806270610308275e-05 -3.126479441561969e-06 1.670796518737916e-05 -9.595758456271142e-06 1.0
15.666666984558105 2.2246856588026276e-06 4.269930286682211e-05 2.399343611614313e-05 1.2204386621306185e-05 7.148420991143212e-06 -1.5559258827124722e-05 1.0
15.699999809265137 -6.390911494236207e-06 4.957761848345399e-05 2.331752511963714e-05 1.3970822692499496e-05 1.1357948096701875e-05 -2.6074594643432647e-05 1.0
15.733333587646484 2.0591874090314377e-06 7.979496876941994e-05 3.244213803554885e-05 2.9763490601908416e-05 1.1460179848654661e-05 -2.8478425520006567e-05 1.0
15.766666412353516 -9.813252290769015e-06 6.273551844060421e-05 1.3612427210318856e-05 2.2886231818119995e-05 1.0744905011961237e-05 -2.167987622669898e-05 1.0
15.800000190734863 -3.2382021686316875e-07 2.359066638746299e-05 2.4520952138118446e-05 -6.249950388337311e-07 1.1879115845658816e-05 -1.1593584531510714e-05 1.0
15.833333015441895 -6.948577265575295e-06 7.220687257358804e-05 9.641588803788181e-06 2.7468553525977768e-05 9.340367796539795e-06 -2.5364188331877813e-05 1.0
15.866666793823242 -2.2138465283205733e-06 3.0731112929061055e-05 3.105337600572966e-05 3.3422300020902185e-06 1.3761929039901588e-05 -1.5368628737633117e-05 1.0
15.899999618530273 -2.5684178126539337e-06 9.025427425513044e-05 2.100248821079731e-05 3.991237099398859e-05 8.12914458947489e-06 -2.886625770770479e-05 1.0
15.933333396911621 -6.032695637259167e-06 4.193816857878119e-05 2.680297620827332e-05 1.2003732081211638e-05 1.3205903087509796e-05 -1.9481170966173522e-05 1.0
15.966666221618652 -3.7940358197374735e-06 7.34206842025742e-05 1.4791067769692745e-05 2.3477668946725316e-05 6.97100267643691e-06 -3.340912007843144e-05 1.0
16.0 -5.437816980702337e-06 8.139188139466569e-05 1.3529325769923162e-05 3.048201324418187e-05 1.068474284693366e-05 -2.6193309167865664e-05 1.0
16.03333282470703 4.758897375722881e-06 2.8551998184411786e-05 2.1154690330149606e-05 4.677491688198643e-06 7.160109817050397e-06 -1.1756773346860427e-05 1.0
16.066667556762695 1.0273712177877314e-05 4.242976865498349e-05 2.7599779059528373e-05 1.0418045349069871e-05 7.766443559376057e-06 -1.493574927735608e-05 1.0
16.100000381469727 -3.741074351637508e-06 6.788283644709736e-05 1.5479105059057474e-05 2.5116309188888408e-05 5.657708697981434e-06 -3.444277899689041e-05 1.0
16.133333206176758 2.686069137780578e-06 2.3902905013528652e-05 1.820900070015341e-05 1.6237144109254587e-06 6.873695383546874e-06 -1.1402997188270092e-05 1.0
16.16666603088379 6.406032753147883e-06 2.1876061509829015e-05 1.3864667380403262e-05 2.315290657861624e-06 3.0883866202202626e-06 -9.454647624806967e-06 1.0
16.200000762939453 1.1432485734985676e-05 3.576605377020314e-05 4.03496487706434e-05 2.283261210322962e-06 1.3321583537617698e-05 -1.1552713658602443e-05 1.0
16.233333587646484 1.7895416021929123e-05 3.2054678740678355e-05 3.63917242793832e-05 -9.81287030299427e-07 1.1177314263477456e-05 -9.706554919830523e-06 1.0
16.266666412353516 1.6691207065377967e-06 2.531737118260935e-05 3.502478648442775e-05 -2.202511268478702e-06 1.862802673713304e-05 -9.958383088815026e-06 1.0
16.299999237060547 -7.5447524068295024e-06 5.339184281183407e-05 1.1411959349061362e-05 1.5459874703083187e-05 7.526983154093614e-06 -2.8411031962605193e-05 1.0
16.33333396911621 -7.33377873984864e-06 5.11703547090292e-05 2.610453884699382e-05 2.1503632524400018e-05 1.0174281669605989e-05 -2.1514890249818563e-05 1.0
16.366666793823242 -4.2292258513043635e-06 5.878351294086315e-05 1.940135916811414e-05 2.0716730432468466e-05 5.372382474888582e-06 -2.8756101528415456e-05 1.0
16.399999618530273 -1.2313601473579183e-05 8.162711310433224e-05 5.5635655371588655e-06 2.9580536647699773e-05 7.238216767291306e-06 -3.9753773307893425e-05 1.0
16.433332443237305 4.642064595827833e-06 7.307480700546876e-05 3.720146924024448e-05 2.4856228264980018e-05 1.180966410174733e-05 -2.2333284505293705e-05 1.0
16.46666717529297 7.259055109898327e-06 8.218119910452515e-05 2.7588293960434385e-05 3.088633457082324e-05 6.86997918819543e-06 -2.7991391107207164e-05 1.0
16.5 -1.1191775229235645e-05 7.238957186928019e-05 3.324888530187309e-05 2.3851793230278417e-05 2.0137020328547806e-05 -2.6244280888931826e-05 1.0
16.53333282470703 -1.1274002645222936e-05 6.356831727316603e-05 7.276548330992227e-06 1.77391993929632e-05 1.1229575648030732e-05 -2.366348599025514e-05 1.0
16.566667556762695 1.2562778465508018e-05 2.5862409529509023e-05 2.727830724325031e-05 -9.061867558557424e-07 8.931056981964502e-06 -1.1425569027778693e-05 1.0
16.600000381469727 -9.448697710467968e-06 7.30700048734434e-05 2.1488211132236756e-05 2.585955553513486e-05 1.4004465811012778e-05 -2.6333054847782478e-05 1.0
16.633333206176758 -2.2673582407151116e-06 3.9581638702657074e-05 2.257005326100625e-05 9.772278644959442e-06 1.0468273103469983e-05 -1.9001716282218695e-05 1.0
16.66666603088379 -9.769966709427536e-06 9.132842387771234e-05 -1.4113403267401736e-05 3.588095205486752e-05 6.152056357677793e-07 -4.811833059648052e-05 1.0
16.700000762939453 -1.5664888906030683e-06 2.700801815080922e-05 1.990349483094178e-05 3.4733959637378575e-06 9.264685104426462e-06 -1.4039682355360128e-05 1.0
16.733333587646484 -1.8988491774507565e-06 4.057809564983472e-05 3.428296258789487e-05 8.464345228276215e-06 1.5627607353962958e-05 -2.001482789637521e-05 1.0
16.766666412353516 -8.439053090114612e-06 4.4657015678239986e-05 2.6071418687934056e-05 8.958333637565374e-06 1.3292094990902115e-05 -2.56431976595195e-05 1.0
16.799999237060547 -2.4537032459193142e-06 7.958459173096344e-05 1.4802049008721951e-05 3.178801489411853e-05 7.490622010664083e-06 -3.1061888876138255e-05 1.0
16.83333396911621 4.1772017311814125e-07 5.4746884416090325e-05 3.416561594349332e-05 1.756240635586437e-05 1.2220634744153358e-05 -2.1997249859850854e-05 1.0
16.866666793823242 1.3188461707613897e-05 3.459955769358203e-05 3.0764600523980334e-05 5.810633865621639e-06 9.532283911539707e-06 -1.2353199963399675e-05 1.0
16.899999618530273 -6.67462245473871e-06 7.214407378342003e-05 6.289005796134006e-06 2.9736593205598183e-05 3.729198169821757e-06 -3.199599086656235e-05 1.0
16.933332443237305 -2.8162826311017852e-06 6.943307380424812e-05 2.7681853680405766e-05 2.672922346391715e-05 1.146778686234029e-05 -2.644267624418717e-05 1.0
16.96666717529297 2.3562306523672305e-06 2.7872290957020596e-05 2.1582349290838465e-05 3.4789086384989787e-06 1.044227883539861e-05 -1.1255493518547155e-05 1.0
17.0 2.0920952010783367e-06 5.3141717216931283e-05 2.9428883863147348e-05 1.6406844224547967e-05 8.019342203624547e-06 -2.4450215278193355e-05 1.0
17.03333282470703 -2.081379534502048e-06 2.6498380975681357e-05 2.3397771656163968e-05 4.409434041008353e-06 9.098778718907852e-06 -1.1842948879348114e-05 1.0
17.066667556762695 1.1810222531494219e-05 4.038026963826269e-05 3.62961036444176e-05 6.4198261497949716e-06 1.1115277629869524e-05 -1.5009156413725577e-05 1.0
17.100000381469727 4.806020569958491e-06 4.405053550726734e-05 3.185255263815634e-05 1.1524905858095735e-05 1.0953239325317554e-05 -1.8174205251852982e-05 1.0
17.133333206176758 -7.81316339271143e-06 6.948689406272024e-05 4.067199824930867e-06 2.336828038096428e-05 9.206448339682538e-06 -3.0735001928405836e-05 1.0
17.16666603088379 4.667524081014562e-06 4.694283416029066e-05 2.8324890081421472e-05 1.491961029387312e-05 9.067272003449034e-06 -1.7651089365244843e-05 1.0
17.200000762939453 -2.8637368814088404e-06 3.679568908410147e-05 2.622140345920343e-05 6.552272679982707e-06 1.4277907212090213e-05 -1.5488609278691e-05 1.0
17.233333587646484 8.219219125749078e-06 2.969741399283521e-05 3.742008993867785e-05 -1.2568320926220622e-06 1.5137526133912615e-05 -1.4164271306071896e-05 1.0
17.266666412353516 -1.4605487876906409e-06 7.159989036154002e-05 1.949754368979484e-05 2.7059750209446065e-05 8.096079909591936e-06 -2.1359461243264377e-05 1.0
17.299999237060547 -2.6330806122132344e-06 5.1001949032070115e-05 1.3432353625830729e-05 2.087712891807314e-05 5.6695944294915535e-06 -2.4680439310031943e-05 1.0
17.33333396911621 -4.926377187075559e-06 8.024716225918382e-05 8.431792593910359e-06 3.102844493696466e-05 6.226372534001712e-06 -3.0024515581317246e-05 1.0
17.366666793823242 -8.00913039711304e-06 7.370817911578342e-05 1.9060293197981082e-05 2.636366662045475e-05 1.007680930342758e-05 -3.1710205803392455e-05 1.0
17.399999618530273 7.790438758092932e-06 7.432990241795778e-05 3.016009577549994e-05 3.0207651434466243e-05 5.913351742492523e-06 -2.4261475118692033e-05 1.0
17.433332443237305 -7.3913242886192165e-06 5.6392156693618745e-05 2.720322663662955e-05 1.7664029655861668e-05 1.1624317266978323e-05 -2.5279006877099164e-05 1.0
17.46666717529297 8.335759048350155e-06 1.873930887086317e-05 2.6903853722615167e-05 -7.427110176649876e-06 9.76985575107392e-06 -8.082379281404428e-06 1.0
17.5 -1.5658688425901346e-05 8.314497245009989e-05 3.2599236874375492e-06 3.8018184568500146e-05 6.92115509082214e-06 -3.9499853301094845e-05 1.0
17.53333282470703 1.4371104043675587e-05 3.806942549999803e-05 3.543408092809841e-05 4.915575573249953e-06 1.0732646842370741e-05 -1.0246907550026663e-05 1.0
17.566667556762695 1.8103226011589868e-06 2.6546298613538966e-05 1.1316979907860514e-05 5.085448719910346e-06 2.973371465486707e-06 -1.6091429642983712e-05 1.0
17.600000381469727 4.898976840195246e-06 2.995033355546184e-05 3.680735608213581e-05 3.299750687801861e-06 1.2162696293671615e-05 -1.3284118722367566e-05 1.0
17.633333206176758 4.848085609410191e-06 2.8767637559212744e-05 1.6315447282977402e-05 6.036822924215812e-06 6.558933364431141e-06 -1.1114859262306709e-05 1.0
17.66666603088379 -2.981821353387204e-06 6.488090002676472e-05 1.450342642783653e-05 2.4684368327143602e-05 6.7681125983654056e-06 -2.5679595637484454e-05 1.0
17.700000762939453 1.3864049833500758e-05 2.3492293621529825e-05 1.4924197785148863e-05 -3.4927361411973834e-06 1.9483109099383e-06 -1.2047261407133192e-05 1.0
17.733333587646484 1.2452834198484197e-05 4.244519004714675e-05 2.931254311988596e-05 9.802692147786729e-06 6.033370482327882e-06 -1.4848661521682516e-05 1.0
17.766666412353516 -2.944257175840903e-06 7.959303184179589e-05 1.0855185792024713e-05 3.253750764997676e-05 3.910499799530953e-06 -2.976709401991684e-05 1.0
17.799999237060547 -5.521406819752883e-06 6.118170858826488e-05 7.659467883058824e-06 2.292791032232344e-05 5.990277259115828e-06 -2.4154047423508018e-05 1.0
17.83333396911621 3.3174380860145902e-06 7.337817805819213e-05 1.2356374099908862e-05 2.022544686042238e-05 3.1465765459870454e-06 -4.660688864532858e-05 1.0
17.866666793823242 -5.583607958214998e-07 3.638395719463006e-05 2.673179733392317e-05 7.879441909608431e-06 1.2274621440155897e-05 -1.3654968824994285e-05 1.0
17.899999618530273 -4.975383035343839e-06 3.698765067383647e-05 3.889664003509097e-05 6.8878480306011625e-06 1.704077840258833e-05 -1.719029387459159e-05 1.0
17.933332443237305 8.974349839263596e-06 6.94658956490457e-05 2.7704318199539557e-05 2.809593206620775e-05 2.627695494084037e-06 -1.949215220520273e-05 1.0
17.96666717529297 1.4779385310248472e-05 3.1364132155431435e-05 3.092288170591928e-05 -3.1201656724988425e-07 1.0971030860673636e-05 -1.0821348951139953e-05 1.0
18.0 -2.6047164283227175e-06 8.376392361242324e-05 2.9345823350013234e-05 2.881310138036497e-05 1.4083264431974385e-05 -3.218470374122262e-05 1.0
18.03333282470703 4.013732905150391e-06 7.553988689323887e-05 1.5814586731721647e-05 3.197312253178097e-05 1.7842741044660215e-06 -2.633875010360498e-05 1.0
18.066667556762695 5.386568773246836e-06 6.349830073304474e-05 2.7931249860557728e-05 2.221866998297628e-05 9.289853551308624e-06 -2.226996366516687e-05 1.0
18.100000381469727 1.3444272553897463e-05 3.432210723985918e-05 3.5213452065363526e-05 -9.254389397028717e-07 1.0957752238027751e-05 -1.5036159311421216e-05 1.0
18.133333206176758 9.398335350851994e-06 4.5099899580236524e-05 2.1259831555653363e-05 1.2861548384535126e-05 5.308333129505627e-06 -1.713452729745768e-05 1.0
18.16666603088379 9.35980278882198e-06 3.422686131671071e-05 3.437371924519539e-05 9.048246738529997e-07 1.5584064385620877e-05 -1.3594718438980635e-05 1.0
18.200000762939453 1.699825588730164e-05 3.958134038839489e-05 3.514251875458285e-05 3.968164946854813e-06 1.0803388249769341e-05 -1.2120633982704021e-05 1.0
18.233333587646484 3.1566592042509e-06 8.446829451713711e-05 2.87367838609498e-05 3.2095256756292656e-05 1.0949098395940382e-05 -2.7929398129344918e-05 1.0
18.266666412353516 5.122016318637179e-06 7.436281885020435e-05 1.667871038080193e-05 3.176799509674311e-05 -2.700676589029172e-07 -2.127042898791842e-05 1.0
18.299999237060547 5.356836481951177e-06 3.313380148028955e-05 3.205825851182453e-05 8.542845648662478e-07 1.662646718614269e-05 -1.1792691111622844e-05 1.0
18.33333396911621 -2.180541059715324e-06 9.103085176320747e-05 2.6334222638979554e-05 3.273676702519879e-05 1.1171368896611966e-05 -3.722196925082244e-05 1.0
18.366666793823242 -7.194119461928494e-06 2.902191408793442e-05 1.3801226486975793e-05 5.413888629846042e-06 8.501962838636246e-06 -2.1037634724052623e-05 1.0
18.399999618530273 2.22547691919317e-06 2.745331403275486e-05 2.2440812244894914e-05 5.047676950198365e-06 7.015587016212521e-06 -1.3483131624525413e-05 1.0
18.433332443237305 9.245499313692562e-06 3.143589128740132e-05 3.5427507100393996e-05 2.1467355963977752e-06 1.252986112376675e-05 -1.396690004185075e-05 1.0
18.46666717529297 1.2986763977096416e-05 3.0882834835210815e-05 2.274338112329133e-05 2.203708163506235e-06 4.662410901801195e-06 -9.581059202901088e-06 1.0
18.5 -2.7676769605022855e-05 0.00011742594506358728 -1.0672651114873588e-05 4.774558692588471e-05 1.1953099601669237e-05 -4.7968165745260194e-05 1.0
18.53333282470703 2.071453081953223e-06 4.234658263158053e-05 3.0462830181932077e-05 1.2895272448076867e-05 9.572587259754073e-06 -1.6545487596886232e-05 1.0
18.566667556762695 -6.614532594539924e-06 6.639928324148059e-05 1.1678720511554275e-05 2.555546598159708e-05 7.346856364165433e-06 -2.5720952180563472e-05 1.0
18.600000381469727 1.1428503967181314e-05 2.7945303372689523e-05 3.260275843786076e-05 -2.626650029924349e-06 1.2196748684800696e-05 -1.0420172657177318e-05 1.0
18.633333206176758 5.711916855943855e-06 7.044500671327114e-05 3.094912972301245e-05 2.7127480279887095e-05 9.456527550355531e-06 -1.9704029909917153e-05 1.0
18.66666603088379 4.5699821384914685e-06 3.0524450266966596e-05 3.229017966077663e-05 2.1434880181914195e-06 1.0962996384478174e-05 -1.2588266145030502e-05 1.0
18.700000762939453 -4.492273092182586e-06 6.911050149938092e-05 3.216852928744629e-05 2.378508543188218e-05 1.4190649380907416e-05 -2.8433705665520392e-05 1.0
18.733333587646484 -6.255289463297231e-06 4.473802982829511e-05 1.6580834198975936e-05 1.724184039630927e-05 7.78233243181603e-06 -2.165969999623485e-05 1.0
18.766666412353516 -4.809341476175177e-07 3.984544309787452e-05 2.6141062335227616e-05 8.8670858531259e-06 1.1965907106059603e-05 -1.8695907783694565e-05 1.0
18.799999237060547 -4.678119239542866e-06 0.00011669907689793035 9.672196028986946e-06 4.819344394491054e-05 2.2170877400640165e-06 -5.0735943659674376e-05 1.0
18.83333396911621 9.797228813113179e-06 3.7782439903821796e-05 2.8398346330504864e-05 4.639143753593089e-06 9.915808732330333e-06 -1.647670433158055e-05 1.0
18.866666793823242 -1.14535953343875e-06 5.405378760769963e-05 1.1282783816568553e-05 1.9375382180442102e-05 3.0253190743678715e-06 -2.4429931727354415e-05 1.0
18.899999618530273 8.860820344125386e-06 3.715329876285978e-05 2.3331054762820713e-05 9.487658644502517e-06 5.659391717927065e-06 -1.129172869696049e-05 1.0
18.933332443237305 -2.1793855466967216e-06 2.334951022930909e-05 2.140356446034275e-05 2.717286179176881e-06 8.13864517112961e-06 -1.1865238775499165e-05 1.0
18.96666717529297 1.6805538507469464e-06 5.5783017160138115e-05 3.298993033240549e-05 1.922350020322483e-05 9.612596841179766e-06 -1.6432599295512773e-05 1.0
19.0 3.093177156188176e-06 2.287670213263482e-05 2.627454887260683e-05 -1.1289936310276971e-06 8.379823157156352e-06 -9.363222488900647e-06 1.0
19.03333282470703 5.698028417100431e-06 4.388683373690583e-05 2.239248715341091e-05 1.3823763765685726e-05 5.77849550609244e-06 -1.5148907550610602e-05 1.0
19.066667556762695 -3.663082452476374e-06 4.082676605321467e-05 2.8126087272539735e-05 9.121332368522417e-06 1.175512807094492e-05 -2.212698746006936e-05 1.0
19.100000381469727 6.769030733266845e-06 3.266453859396279e-05 3.4466604120098054e-05 4.632923264580313e-06 1.373811210214626e-05 -1.143187273555668e-05 1.0
19.133333206176758 3.140496801279369e-06 7.662465213797987e-05 2.4815550204948522e-05 3.062031100853346e-05 8.609289579908364e-06 -2.4980010493891314e-05 1.0
19.16666603088379 -7.0769588091934565e-06 7.59566537453793e-05 2.6203124434687197e-05 2.9253085813252255e-05 1.4209253095032182e-05 -2.4606229999335483e-05 1.0
19.200000762939453 3.9861788536654785e-06 3.305463178548962e-05 3.0257853723014705e-05 4.1076800698647276e-06 1.076736589311622e-05 -1.041328414430609e-05 1.0
19.233333587646484 5.841330676048528e-06 2.7303030947223306e-05 1.846265331550967e-05 8.022116162464954e-06 2.433413328617462e-06 -1.0293591913068667e-05 1.0
19.266666412353516 1.0662225236046652e-07 5.683830022462644e-05 6.8378294599824585e-06 2.3638040147488937e-05 2.1769574232166633e-06 -1.8364096831646748e-05 1.0
19.299999237060547 -1.974500491996878e-06 2.1417499738163315e-05 2.6867557608056813e-05 1.2524735382157814e-07 1.1134272426716052e-05 -1.549919215904083e-05 1.0
19.33333396911621 4.136637926421827e-06 2.69700976787135e-05 2.4912367734941654e-05 2.0704203507193597e-06 8.744961633055937e-06 -1.0847174053196795e-05 1.0
19.366666793823242 1.1791439646913204e-05 4.464064841158688e-05 3.5885586839867756e-05 7.05839556758292e-06 1.256701216334477e-05 -1.7811911675380543e-05 1.0
19.399999618530273 -4.655448265111772e-06 3.244213075959124e-05 2.3541208065580577e-05 5.9452404457260855e-06 8.657947546453215e-06 -2.0553885406116024e-05 1.0
19.433332443237305 -4.884366717305966e-06 5.5102926125982776e-05 2.0173099983367138e-05 2.0183768356218934e-05 6.224781827768311e-06 -2.847147152351681e-05 1.0
19.46666717529297 -7.868463285376492e-07 3.106618169113062e-05 3.72538561350666e-05 2.031803205682081e-06 1.4173496310831979e-05 -1.2381398846628144e-05 1.0
19.5 -5.189275270822691e-06 5.2004910685354844e-05 2.4158067390089855e-05 1.4729924259881955e-05 1.1816630831162911e-05 -2.582080378488172e-05 1.0
19.53333282470703 -4.711392648459878e-06 5.49817705177702e-05 2.584721914900001e-05 1.7302396372542717e-05 1.3202100490161683e-05 -2.249457065772731e-05 1.0
19.566667556762695 5.957916073384695e-06 4.9486832722323015e-05 2.724184378166683e-05 1.3437983398034703e-05 9.671139196143486e-06 -2.0553874492179602e-05 1.0
19.600000381469727 9.410909456164518e-07 6.877805572003126e-05 9.652429980633315e-06 2.9511962566175498e-05 3.2431244108011015e-06 -2.4574545022915117e-05 1.0
19.633333206176758 -4.5342014232119254e-07 6.78890646668151e-05 1.0476435818418395e-05 2.6800311388797127e-05 4.761991931445664e-06 -2.6018513381131925e-05 1.0
19.66666603088379 3.2447730973217404e-06 3.658528294181451e-05 3.5517721698852256e-05 8.310351404361427e-06 1.3050377674517222e-05 -1.2070152479282115e-05 1.0
19.700000762939453 -6.752953140676254e-06 4.1344817873323336e-05 3.7366142350947484e-05 1.0090921932714991e-05 1.9647031876957044e-05 -1.6344278265023604e-05 1.0
19.733333587646484 2.3964768843143247e-05 3.405665120226331e-05 3.8846334064146504e-05 -1.5950929537211778e-06 6.49567618893343e-06 -1.202782823384041e-05 1.0
19.766666412353516 6.014354312355863e-06 2.453574961691629e-05 2.4071398001979105e-05 -6.451268745877314e-07 7.291209385584807e-06 -1.2474612958612852e-05 1.0
19.799999237060547 -6.7443584157445e-06 3.581503187888302e-05 2.7543130272533745e-05 7.789070878061466e-06 1.2781926670868415e-05 -2.135734939656686e-05 1.0
19.83333396911621 -3.729239324457012e-06 6.337116792565212e-05 3.0397884984267876e-05 2.0783023501280695e-05 1.3739596397499554e-05 -3.128181560896337e-05 1.0
19.866666793823242 4.399154477141565e-06 4.6680248487973586e-05 2.2046193407732062e-05 1.4721597835887223e-05 5.036299171479186e-06 -2.129780659743119e-05 1.0
19.899999618530273 5.81584117753664e-06 7.211567572085187e-05 3.771740011870861e-05 2.8304792067501694e-05 9.640030839364044e-06 -1.9931336282752454e-05 1.0
19.933332443237305 2.995233899127925e-06 3.076683060498908e-05 2.8448754164855927e-05 5.319649062585086e-06 1.1350299246259965e-05 -1.3503551599569619e-05 1.0
19.96666717529297 -5.173456884222105e-06 6.246771226869896e-05 1.7527048839838244e-05 2.1646892491844483e-05 9.973618034564424e-06 -2.2899588657310233e-05 1.0
20.0 -1.0708001354942098e-05 5.653343032463454e-05 1.0616138752084225e-05 1.938509740284644e-05 8.958160833572038e-06 -2.3177877665148117e-05 1.0
20.03333282470703 8.03556986284093e-07 6.85151680954732e-05 2.3805177988833748e-05 2.1177815142436884e-05 7.23575158190215e-06 -2.9484690458048135e-05 1.0
20.066667556762695 4.0501677176507656e-06 2.839731314452365e-05 2.2819200239609927e-05 6.565825970028527e-06 4.62684783997247e-06 -1.0531107363931369e-05 1.0
20.100000381469727 3.5514883620635374e-06 2.898980164900422e-05 3.0770654120715335e-05 6.0370502978912555e-06 6.931801181053743e-06 -1.087337477656547e-05 1.0
20.133333206176758 1.1521984788487316e-06 4.5580207370221615e-05 3.269950320827775e-05 1.3090660104353447e-05 1.2150739166827407e-05 -1.611774496268481e-05 1.0
20.16666603088379 -6.029020369169302e-06 4.281530709704384e-05 1.429371604899643e-05 1.3083189514873084e-05 6.536890850838972e-06 -2.3859767679823563e-05 1.0
20.200000762939453 -4.6569816731789615e-06 3.650747021310963e-05 7.323526915570255e-06 1.069309473678004e-05 5.360969680623384e-06 -1.8037335394183174e-05 1.0
20.233333587646484 -5.896075663258671e-07 2.0506317014223896e-05 2.1629866751027294e-05 1.0898093023570254e-06 9.06439709069673e-06 -9.277330718759913e-06 1.0
20.266666412353516 1.986081770155579e-05 3.398477201699279e-05 3.36155244440306e-05 -2.556907929829322e-07 7.517289304814767e-06 -1.3808170479023829e-05 1.0
20.299999237060547 -1.0083364031743258e-05 9.296865755459294e-05 2.0621766452677548e-05 3.6348108551464975e-05 1.376131422148319e-05 -3.132218625978567e-05 1.0
20.33333396911621 7.77349850977771e-06 2.672380651347339e-05 3.403988739592023e-05 -2.758389427981456e-06 1.4119071238383185e-05 -8.753683687245939e-06 1.0
20.366666793823242 1.4238549965739367e-06 1.5533183614024892e-05 2.6766243536258116e-05 -8.646610694995616e-06 1.3176075299270451e-05 -1.3490847777575254e-05 1.0
20.399999618530273 6.991485861362889e-06 2.556098479544744e-05 2.576115912233945e-05 2.7452572339825565e-06 7.528915830334881e-06 -9.294019037042744e-06 1.0
20.433332443237305 -5.947405952611007e-06 4.6054025006014854e-05 2.16193529922748e-05 1.4471849681285676e-05 1.1029220331693068e-05 -2.2713877115165815e-05 1.0
20.46666717529297 3.930246293748496e-06 5.5548800446558744e-05 4.5118875277694315e-05 1.5045833606563974e-05 1.579171475896146e-05 -2.4224485969170928e-05 1.0
20.5 -5.1460110626067035e-06 7.777711289236322e-05 1.5913406969048083e-05 3.469714647508226e-05 6.721810677845497e-06 -3.538490636856295e-05 1.0
20.53333282470703 8.567434633732773e-06 3.118522363365628e-05 2.9127233574399725e-05 4.1968828554672655e-06 1.1154963431181386e-05 -1.3822943401464727e-05 1.0
20.566667556762695 -1.8101872001352604e-06 3.800012564170174e-05 2.7667872927850112e-05 6.169040716486052e-06 1.2431970390025526e-05 -1.8147296941606328e-05 1.0
20.600000381469727 -4.425194219948025e-06 7.122923125280067e-05 1.0938081686617807e-05 3.205694520147517e-05 5.9414005590952e-06 -2.6870917281485163e-05 1.0
20.633333206176758 -5.120679361425573e-06 5.981303547741845e-05 1.441018503101077e-05 2.1210164049989544e-05 7.438821739924606e-06 -2.390007648500614e-05 1.0
20.66666603088379 6.522116564156022e-06 2.1569636373897083e-05 3.401348294573836e-05 -7.3145502028637566e-06 1.6831645552883856e-05 -1.1896922842424829e-05 1.0
20.700000762939453 6.512236723210663e-06 4.95932690682821e-05 2.4581746401963755e-05 1.6124076864798553e-05 8.645285561215132e-06 -1.965731098607648e-05 1.0
20.733333587646484 1.0913702681136783e-05 4.42259042756632e-05 3.988593380199745e-05 9.703707291919272e-06 1.478830017731525e-05 -1.5027796507638413e-05 1.0
20.766666412353516 9.783238056115806e-06 3.94679736928083e-05 3.801845377893187e-05 6.748340638296213e-06 1.2327461263339501e-05 -1.6478432371513918e-05 1.0
20.799999237060547 -1.2334262464719359e-05 7.515142351621762e-05 2.0523148123174906e-05 2.821813541231677e-05 1.5168987374636345e-05 -2.969389061036054e-05 1.0
20.83333396911621 -3.4018999031104613e-06 2.8037366064381786e-05 2.513003710191697e-05 3.6091807942284504e-06 1.3085226783005055e-05 -1.66172376339091e-05 1.0
20.866666793823242 -2.380146952418727e-06 2.2838019503979012e-05 2.118433258146979e-05 3.2486739200976444e-06 8.500881449435838e-06 -1.1315565643599257e-05 1.0
20.899999618530273 -1.2660038919420913e-05 0.00013272371143102646 -1.8024027212959481e-06 6.488789949798957e-05 3.807514303844073e-06 -4.335863923188299e-05 1.0
20.933332443237305 1.3333482456800994e-05 3.0867027817294e-05 2.1546125935856253e-05 2.390447434663656e-06 3.7375962165242527e-06 -1.1488338714116253e-05 1.0
20.96666717529297 1.6707348322597682e-06 3.60643862222787e-05 2.1902771550230682e-05 7.275107236637268e-06 7.029396783764241e-06 -1.974170299945399e-05 1.0
21.0 2.8397239475452807e-06 4.2535499233054e-05 3.636556721176021e-05 1.0649891919456422e-05 1.1889314009749796e-05 -1.6695983504178002e-05 1.0
21.03333282470703 -4.726121005660389e-06 5.619948206003755e-05 1.4559028386429418e-05 2.2745078240404837e-05 7.0903129198995885e-06 -2.9242675736895762e-05 1.0
21.066667556762695 9.111386134463828e-07 6.522344483528286e-05 2.0353680156404153e-05 2.5302857466158457e-05 6.0338538787618745e-06 -2.175960980821401e-05 1.0
21.100000381469727 4.930936370328709e-07 3.1026502256281674e-05 2.0757261154358275e-05 8.256690307462122e-06 5.623340257443488e-06 -1.4847991224087309e-05 1.0
21.133333206176758 -5.4279253163258545e-06 6.439757271436974e-05 2.9850678401999176e-05 2.2063917640480213e-05 1.3673257853952236e-05 -2.5255030777771026e-05 1.0
21.16666603088379 -4.829601493838709e-06 2.1504298274521716e-05 1.3939601558377035e-05 2.684698529265006e-06 7.865345651225653e-06 -1.3181839676690288e-05 1.0
21.200000762939453 -7.769482976982545e-07 4.1205443267244846e-05 3.595794987631962e-05 8.819512913760263e-06 1.2897882697870955e-05 -2.120156932505779e-05 1.0
21.233333587646484 1.6134656107169576e-05 4.262452421244234e-05 3.321200347272679e-05 9.933026376529597e-06 5.817705186927924e-06 -1.0162746548303403e-05 1.0
21.266666412353516 -1.3646666729982826e-06 3.653867315733805e-05 1.4810992070124485e-05 1.24301104733604e-05 3.979297162004514e-06 -1.7325661247014068e-05 1.0
21.299999237060547 -6.995404646659154e-07 3.57802418875508e-05 1.995383354369551e-05 9.631948159949388e-06 7.5561351877695415e-06 -1.963871363841463e-05 1.0
21.33333396911621 4.9811601456895005e-06 3.21350889862515e-05 2.9745780921075493e-05 7.816278412065003e-06 6.834042324044276e-06 -1.420436819898896e-05 1.0
21.366666793823242 -4.584830548992613e-06 3.3790616726037115e-05 2.5982941224356182e-05 7.798847946105525e-06 1.066982531483518e-05 -2.0626614059437998e-05 1.0
21.399999618530273 -1.720313662190165e-06 2.766588113445323e-05 2.4083446987788193e-05 7.403599283861695e-06 5.516339115274604e-06 -1.4983020264480729e-05 1.0
21.433332443237305 -1.9132919533149106e-06 6.655068864347413e-05 2.0641331502702087e-05 2.5139735953416675e-05 6.28703264737851e-06 -2.5446699510212056e-05 1.0
21.46666717529297 -4.294052814657334e-06 5.0120026571676135e-05 3.442793240537867e-05 1.6614008927717805e-05 1.3644227692566346e-05 -1.9367786080692895e-05 1.0
21.5 -1.0120612614628044e-06 5.3184245189186186e-05 2.074929216178134e-05 1.9576889826566912e-05 7.920086318335962e-06 -1.2010038517473731e-05 1.0
21.53333282470703 4.032156994071556e-06 9.759364911587909e-05 3.5737568396143615e-05 4.485705721890554e-05 7.579937573609641e-06 -2.817565473378636e-05 1.0
21.566667556762695 -8.604637002918025e-08 3.2021252991398796e-05 2.8413565814844333e-05 9.047708772413898e-06 7.807110705471132e-06 -1.82037620106712e-05 1.0
21.600000381469727 -6.513691459986148e-06 7.448707037838176e-05 1.2582774616021197e-05 3.7279303796822205e-05 5.289869477564935e-06 -3.660932998172939e-05 1.0
21.633333206176758 6.195485184434801e-06 3.0842780688544735e-05 2.984202728839591e-05 2.7130654416396283e-06 9.50775392993819e-06 -1.1487663869047537e-05 1.0
21.66666603088379 5.613925168290734e-06 3.3084645110648125e-05 3.5950048186350614e-05 4.264943072485039e-06 1.046923080139095e-05 -1.1795649697887711e-05 1.0
21.700000762939453 -1.0154098163184244e-05 6.313490303000435e-05 2.0892317479592748e-05 2.8089978513889946e-05 8.918116691347677e-06 -2.5642344553489238e-05 1.0
21.733333587646484 6.996416686888551e-06 3.014679896296002e-05 2.302251050423365e-05 8.354554665856995e-06 2.9322627597139217e-06 -8.171411536750384e-06 1.0
21.766666412353516 -2.7730793590308167e-06 4.711457222583704e-05 1.107018397306092e-05 1.793856245058123e-05 5.0816215662052855e-06 -1.9213601262890734e-05 1.0
21.799999237060547 -2.0422687612153823e-06 7.046911196084693e-05 2.2314314264804125e-05 3.0978317226981744e-05 5.6553831200290006e-06 -2.499321271898225e-05 1.0
21.83333396911621 -4.36355048805126e-06 2.3871598386904225e-05 2.417969699308742e-05 4.634642209566664e-06 7.69287726143375e-06 -1.4362034562509507e-05 1.0
21.866666793823242 4.892643801213126e-07 4.616405567503534e-05 8.831709237711038e-06 1.1687587175401859e-05 2.634211114127538e-06 -2.658198900462594e-05 1.0
21.899999618530273 -9.442902410228271e-06 2.8631891836994328e-05 2.829388904501684e-05 2.9946372706035618e-06 1.4306189768831246e-05 -1.3966282494948246e-05 1.0
21.933332443237305 -1.3979031791677698e-05 7.712870137766004e-05 5.850817615282722e-06 3.215497054043226e-05 8.110816452244762e-06 -2.458524795656558e-05 1.0
21.96666717529297 7.61071419219661e-07 5.328547558747232e-05 4.076838740729727e-05 1.0771581401058938e-05 1.4569712220691144e-05 -2.1205276425462216e-05 1.0
22.0 9.298015015701822e-07 3.263835242250934e-05 2.790669896057807e-05 8.300430636154488e-06 7.5145121627429035e-06 -1.583216908329632e-05 1.0
22.03333282470703 -4.551074653136311e-06 4.3386276956880465e-05 2.9110968171153218e-05 1.12251991595258e-05 1.0971170013363007e-05 -2.2896398149896413e-05 1.0
22.066667556762695 -3.3857675134640886e-06 5.151217192178592e-05 3.066339195356704e-05 1.601306394150015e-05 1.0347671377530787e-05 -2.216682696598582e-05 1.0
22.100000381469727 9.172724276140798e-06 2.9767548767267726e-05 2.827460048138164e-05 1.3778457059743232e-06 7.95536379882833e-06 -8.32352634461131e-06 1.0
22.133333206176758 -6.387612302205525e-06 4.702213846030645e-05 2.8339691198198125e-05 1.65469591593137e-05 1.0607119293126743e-05 -2.483221578586381e-05 1.0
22.16666603088379 -4.715529939858243e-06 2.4508823116775602e-05 1.9210139726055786e-05 6.413737992261304e-06 6.711735295539256e-06 -1.4093204299570061e-05 1.0
22.200000762939453 1.1973052096436732e-05 1.9189230442862026e-05 3.433301390032284e-05 -7.017018106125761e-06 6.99265046932851e-06 -6.69509063300211e-06 1.0
22.233333587646484 7.690647976232867e-07 3.175719757564366e-05 3.2414111046819016e-05 7.462121175194625e-06 7.913892659416888e-06 -1.3938880329078529e-05 1.0
22.266666412353516 1.4325547681437456e-06 3.8843092625029385e-05 2.9376535167102702e-05 9.559537829773035e-06 9.824167136684991e-06 -1.8032407751888968e-05 1.0
22.299999237060547 1.205777948598552e-06 2.4774497433099896e-05 2.857038634829223e-05 1.954139406734612e-06 8.424014595220797e-06 -1.321699073741911e-05 1.0
22.33333396911621 -4.703977538156323e-06 7.36283473088406e-05 1.63053409778513e-05 2.8405000193743035e-05 7.549877409473993e-06 -2.85695496131666e-05 1.0
22.366666793823242 1.678916561331789e-07 2.8935122827533633e-05 3.1281935662264004e-05 2.9342631933104713e-06 1.05365606941632e-05 -1.1950833140872419e-05 1.0
22.399999618530273 1.132967463490786e-05 2.971181493194308e-05 3.569939872249961e-05 -3.985705461673206e-06 1.0524482604523655e-05 -9.439060704607982e-06 1.0
22.433332443237305 -1.1180843102920335e-05 5.7191933592548594e-05 1.4953510799387004e-05 2.1348450900404714e-05 8.919167157728225e-06 -2.8046752049704082e-05 1.0
22.46666717529297 -1.2874798812845256e-05 6.019998909323476e-05 2.3462987883249298e-05 2.230471363873221e-05 1.4599950191040989e-05 -2.808910357998684e-05 1.0
22.5 2.7298558507027337e-06 4.8382073146058246e-05 1.0382847904111259e-05 1.6565474652452394e-05 1.3742068176725297e-06 -2.5233848646166734e-05 1.0
22.53333282470703 -2.4154553557309555e-06 3.281771932961419e-05 1.8008284314419143e-05 1.0268025107507128e-05 6.094351192587055e-06 -1.581669130246155e-05 1.0
22.566667556762695 -7.338207410612085e-07 2.5558496417943388e-05 2.22999897232512e-05 5.393051651481073e-06 6.493738510471303e-06 -1.654627703828737e-05 1.0
22.600000381469727 -8.016038918867707e-06 6.173244037199765e-05 1.348529985989444e-05 2.549803684814833e-05 6.6654006332100835e-06 -2.269640754093416e-05 1.0
22.633333206176758 1.0278403124175384e-06 2.3576438252348453e-05 2.7190602850168943e-05 1.8865367792386678e-06 7.933506822155323e-06 -1.3844427485310007e-05 1.0
22.66666603088379 -4.10447501053568e-06 5.147194679011591e-05 3.052100510103628e-05 1.2941884961037431e-05 1.3065331586403772e-05 -2.554909951868467e-05 1.0
22.700000762939453 5.825470452691661e-06 3.021816701220814e-05 2.9788243409711868e-05 4.0824779716786e-06 7.516265668527922e-06 -8.833380888972897e-06 1.0
22.733333587646484 1.480794799135765e-05 4.87074903503526e-05 4.0861908928491175e-05 8.21839421405457e-06 8.354954843525775e-06 -1.532052192487754e-05 1.0
22.766666412353516 -4.3547393602239026e-07 2.1320689484127797e-05 3.327793092466891e-05 -4.070921022503171e-06 1.3118757124175318e-05 -1.0458208635100164e-05 1.0
22.799999237060547 -1.355647185619091e-07 5.806612898595631e-05 3.323334385640919e-05 1.806503496482037e-05 1.0424142601550557e-05 -2.4218128601205535e-05 1.0
22.83333396911621 9.136918492913537e-07 5.329245323082432e-05 2.3560189220006578e-05 1.8206719687441364e-05 6.1754417401971295e-06 -2.60685683315387e-05 1.0
22.866666793823242 -3.9610895328223705e-06 2.044577558990568e-05 2.45255960180657e-05 -9.640408507038956e-07 1.1704315511451568e-05 -9.704990588943474e-06 1.0
22.899999618530273 -7.743075912003405e-06 7.532628660555929e-05 1.0624960850691423e-05 3.394673694856465e-05 6.229084192455048e-06 -2.1105561245349236e-05 1.0
22.933332443237305 8.018657354114112e-06 2.4498322090948932e-05 2.527788637962658e-05 -1.8456420320944744e-06 7.31844556867145e-06 -8.623608664493077e-06 1.0
22.96666717529297 -7.331179403990973e-06 5.471248005051166e-05 1.2007033546979073e-05 1.974869883270003e-05 8.062167580646928e-06 -2.6002693630289286e-05 1.0
23.0 -5.256031727185473e-06 2.726487218751572e-05 1.7294321878580377e-05 7.143217317207018e-06 7.154286322474945e-06 -1.667101969360374e-05 1.0
23.03333282470703 -3.910053237632383e-06 3.6126937629887834e-05 2.936262717412319e-05 8.92918342287885e-06 9.771644727152307e-06 -2.140412289008964e-05 1.0
23.066667556762695 -1.0321513400413096e-05 8.555191016057506e-05 1.5338791854446754e-05 3.8003348890924826e-05 8.478776180709247e-06 -2.7979654987575486e-05 1.0
23.100000381469727 -1.0329506494599627e-06 2.6664913093554787e-05 1.5309491573134437e-05 5.7008637668332085e-06 4.558533873932902e-06 -1.447238537366502e-05 1.0
23.133333206176758 -1.665232230152469e-05 7.559060031780973e-05 1.4998907317931298e-05 3.3191961847478524e-05 1.0272553481627256e-05 -2.501033122825902e-05 1.0
23.16666603088379 3.595748921725317e-06 2.6449235519976355e-05 1.605892975931056e-05 8.130010428430978e-06 1.5402849840029376e-06 -1.239079483639216e-05 1.0
23.200000762939453 2.4965181637526257e-06 4.427865496836603e-05 1.2751797839882784e-05 1.6013291315175593e-05 1.0237437209070777e-06 -1.9351400624145754e-05 1.0
23.233333587646484 -8.506064659741241e-06 4.185893703834154e-05 2.1072764866403304e-05 1.1554470802366268e-05 1.0264743650623132e-05 -1.888729639176745e-05 1.0
23.266666412353516 -3.6521555557555985e-07 2.6480600354261696e-05 2.118868360412307e-05 6.185536676639458e-06 6.032949841028312e-06 -1.3989501894684508e-05 1.0
23.299999237060547 -2.1896596535952995e-06 2.270200457132887e-05 3.44736545230262e-05 -1.0840888080565492e-06 1.2736224562104326e-05 -1.2558195521705784e-05 1.0
23.33333396911621 -7.875837582105305e-06 2.607838177937083e-05 3.0525490728905424e-05 3.990764071204467e-06 1.3526360817195382e-05 -1.4755891243112274e-05 1.0
23.366666793823242 1.1412451073056218e-07 6.993013084866107e-05 9.710479389468674e-06 3.407232725294307e-05 4.862704940933327e-07 -3.0589850211981684e-05 1.0
23.399999618530273 -6.579136424988974e-06 3.456119884504005e-05 1.5217767213471234e-05 1.1353055924701039e-05 7.931895197543781e-06 -1.7309530448983423e-05 1.0
23.433332443237305 -7.609147360199131e-06 6.215047324076295e-05 2.2832404283690266e-05 2.1336971258278936e-05 1.0604381714074407e-05 -2.6853360395762138e-05 1.0
23.46666717529297 -6.326319180516293e-06 3.437841223785654e-05 1.9884879293385893e-05 1.3375092748901807e-05 6.941744231880875e-06 -1.66225727298297e-05 1.0
23.5 -5.044129011366749e-06 5.486620284500532e-05 2.1602310880552977e-05 1.714932659524493e-05 8.724749932298437e-06 -2.8882635888294317e-05 1.0
23.53333282470703 -3.1183976716420148e-06 4.20209216827061e-05 3.101527181570418e-05 1.0206813385593705e-05 1.0413624295324553e-05 -1.981779860216193e-05 1.0
23.566667556762695 2.2051682435630937e-07 3.202364678145386e-05 1.3225954717199784e-05 9.776092156243976e-06 3.928795649699168e-06 -1.6745356333558448e-05 1.0
23.600000381469727 -5.362529464036925e-06 3.292537076049484e-05 2.1628102331305854e-05 1.2899606190330815e-05 7.405660653603263e-06 -1.6807092833914794e-05 1.0
23.633333206176758 -2.4931405278039165e-06 4.200467446935363e-05 2.356844015594106e-05 1.5379391697933897e-05 5.9912572396569885e-06 -2.2314310626825318e-05 1.0
23.66666603088379 4.6735399337194394e-06 2.3678401703364216e-05 2.4899221898522228e-05 2.215921540482668e-06 7.270888090715744e-06 -1.2482369129429571e-05 1.0
23.700000762939453 -3.814083129327628e-06 5.327357575879432e-05 1.6211168258450925e-05 2.2806420020060614e-05 4.914414148515789e-06 -2.1026975446147844e-05 1.0
23.733333587646484 -7.680591807002202e-06 4.538840221357532e-05 2.4473378289258108e-05 1.3523757843358908e-05 1.0621247383824084e-05 -2.2735857783118263e-05 1.0
23.766666412353516 -6.160716566228075e-06 2.3822140065021813e-05 1.5422541764564812e-05 5.918398983340012e-06 8.04983119451208e-06 -1.4725244909641333e-05 1.0
23.799999237060547 -1.1856018318212591e-06 6.983525236137211e-05 1.1077682756877039e-05 2.8220332751516253e-05 2.4683015453774715e-06 -2.437991861370392e-05 1.0
23.83333396911621 -4.199149316264084e-06 2.0483359548961744e-05 2.5638726583565585e-05 3.6836527215200476e-06 9.196920473186765e-06 -1.4777146134292707e-05 1.0
23.866666793823242 -4.712453574029496e-06 1.2861335562774912e-05 1.68790174939204e-05 8.005992526705086e-07 7.4465815487201326e-06 -9.31200702325441e-06 1.0
23.899999618530273 -4.856096857963621e-09 1.916585097205825e-05 2.541438334446866e-05 1.3483494285537745e-06 7.762413588352501e-06 -1.023490221996326e-05 1.0
23.933332443237305 2.698929847610998e-06 2.7932463126489893e-05 2.638977275637444e-05 5.374593001761241e-06 7.333898338401923e-06 -1.3349882465263363e-05 1.0
23.96666717529297 2.914619017246878e-07 1.7908094378071837e-05 1.94292442756705e-05 9.911534561979352e-07 6.249842499528313e-06 -1.020919080474414e-05 1.0
24.0 -5.03139199281577e-06 1.9842131223413162e-05 2.725323793129064e-05 1.2093641998944804e-06 1.1232928954996169e-05 -1.6306870747939683e-05 1.0
24.03333282470703 -3.7348181649576873e-06 1.91116523637902e-05 2.9957682272652164e-05 -1.572544078953797e-06 9.276914170186501e-06 -1.3819438208884094e-05 1.0
24.066667556762695 5.06114020026871e-06 4.4716158299706876e-05 9.576937372912653e-06 1.638168942008633e-05 2.6858586466005363e-07 -1.6652893464197405e-05 1.0
24.100000381469727 -1.5491146996282623e-06 7.142218964872882e-05 1.777852412487846e-05 3.496464341878891e-05 5.418401542556239e-06 -2.4338456569239497e-05 1.0
24.133333206176758 -4.615266391283512e-09 5.173713725525886e-05 1.641398557694629e-05 2.23818115046015e-05 4.466422979021445e-06 -1.8599706891109236e-05 1.0
24.16666603088379 3.482235115370713e-06 3.4955293813254684e-05 3.433354140724987e-05 5.216634235694073e-06 1.1034940143872518e-05 -1.3357122952584177e-05 1.0
24.200000762939453 -1.7664920960669406e-05 7.56543013267219e-05 1.1143923074996565e-05 3.207586632925086e-05 1.3190486242820043e-05 -2.7918869818677194e-05 1.0
24.233333587646484 3.979046141466824e-06 3.597287286538631e-05 3.102496702922508e-05 1.0049985576188192e-05 7.287275820999639e-06 -1.7843138266471215e-05 1.0
24.266666412353516 6.799513130317791e-08 2.1254219973343424e-05 1.099279415939236e-05 7.280548288690625e-06 2.838499085555668e-06 -8.212353350245394e-06 1.0
24.299999237060547 -2.8654119432758307e-06 2.655032767506782e-05 3.153376383124851e-05 2.896183787015616e-06 1.0339042091800366e-05 -1.4152680705592502e-05 1.0
24.33333396911621 -1.0007860510086175e-05 9.581957419868559e-05 2.8299296900513582e-05 4.3512394768185914e-05 1.2337663065409288e-05 -3.2955504138953984e-05 1.0
24.366666793823242 -1.2618849041245994e-06 5.878438241779804e-05 2.3546004740637727e-05 2.1747790015069768e-05 5.5711634558974765e-06 -2.5526351237203926e-05 1.0
24.399999618530273 -3.5714181194634875e-06 1.763936052157078e-05 1.604269891686272e-05 2.5318906864413293e-06 6.821308033977402e-06 -9.684667929832358e-06 1.0
24.433332443237305 6.655807283095783e-08 2.0275287170079537e-05 1.5883977539488114e-05 5.67353254155023e-06 4.151062512391945e-06 -1.2412937394401524e-05 1.0
24.46666717529297 -1.0959534847643226e-05 7.920760981505737e-05 8.246262950706296e-06 3.517497316352092e-05 8.261493348982185e-06 -2.4162207409972325e-05 1.0
24.5 2.566289140304434e-06 3.0314025934785604e-05 3.720552922459319e-05 4.330971023591701e-06 1.0483100595592987e-05 -1.653739673201926e-05 1.0
24.53333282470703 -1.7552432836964726e-05 0.00010503918019821867 1.948471890500514e-06 4.6689805458299816e-05 1.0171996109420434e-05 -3.1364168535219505e-05 1.0
24.566667556762695 -1.2303447647354915e-06 1.8720935258897953e-05 2.654338641150389e-05 2.1856358216609806e-06 7.155731054808712e-06 -1.1288699170108885e-05 1.0
24.600000381469727 -9.491998753219377e-06 3.294584894319996e-05 2.4054919776972383e-05 7.515708148275735e-06 1.0815234418259934e-05 -2.0610978026525117e-05 1.0
24.633333206176758 -3.6501421618595487e-06 1.805200008675456e-05 1.6849413441377692e-05 3.16376667797158e-06 7.0348751251003705e-06 -1.207087825605413e-05 1.0
24.66666603088379 -7.056555205053883e-06 5.1006703870370984e-05 1.949576471815817e-05 1.790375608834438e-05 8.431653441220988e-06 -2.3449336367775686e-05 1.0
24.700000762939453 -3.5449570532364305e-06 1.490230170020368e-05 2.1034007659181952e-05 2.4710680008865893e-06 7.4307208706159145e-06 -1.0483207006473094e-05 1.0
24.733333587646484 -1.534885996079538e-05 3.0363011319423094e-05 3.369957266841084e-05 4.360052571428241e-06 1.6544649042771198e-05 -1.959379733307287e-05 1.0
24.766666412353516 7.045161964924773e-06 2.3616908947587945e-05 2.6753270503832027e-05 3.4939544093504082e-06 5.450025128084235e-06 -1.078660261555342e-05 1.0
24.799999237060547 -2.151230773961288e-06 2.2743444787920453e-05 2.688813219720032e-05 5.358458111004438e-06 7.343812285398599e-06 -1.2534161214716733e-05 1.0
24.83333396911621 6.575257884833263e-06 3.20577273669187e-05 3.273171387263574e-05 2.091184796881862e-06 1.047810019372264e-05 -1.0788086910906713e-05 1.0
24.866666793823242 -2.008639057748951e-06 4.199237810098566e-05 1.6800475350464694e-05 1.4974753867136315e-05 5.942214556853287e-06 -2.0544168364722282e-05 1.0
24.899999618530273 -2.2666374661639566e-06 2.3343658540397882e-05 2.9603153961943462e-05 1.5769489891681587e-06 1.1249640010646544e-05 -1.2899715329695027e-05 1.0
24.933332443237305 -5.491028787218966e-06 6.60764635540545e-05 7.368553724518279e-06 2.929712900368031e-05 5.144419901625952e-06 -1.958709799509961e-05 1.0
24.96666717529297 -7.715702849964146e-06 8.742594945942983e-05 1.1647717656160239e-05 4.318535138736479e-05 6.925246452738065e-06 -2.1951373128104024e-05 1.0
25.0 -7.0516393861908e-06 4.458861076273024e-05 3.5664339520735666e-05 1.1629113032540772e-05 1.4788631233386695e-05 -2.4778251827228814e-05 1.0
25.03333282470703 -5.162698016647482e-06 3.427429692237638e-05 2.504730218788609e-05 9.403917829331476e-06 9.050249900610652e-06 -1.986326606129296e-05 1.0
25.066667556762695 5.51574157725554e-06 5.170909207663499e-05 2.9005797841819003e-05 1.7821543224272318e-05 5.365552624425618e-06 -2.0555542505462654e-05 1.0
25.100000381469727 1.2725790838885587e-06 2.0443418179638684e-05 2.1292828023433685e-05 4.809463462152053e-06 5.4604488468612544e-06 -1.1182076377735939e-05 1.0
25.133333206176758 -2.7725677682610694e-06 3.6137706047156826e-05 3.0402014090213925e-05 6.817025223426754e-06 1.2002587936876807e-05 -1.9176639398210682e-05 1.0
25.16666603088379 -8.500482522322272e-07 2.891183248721063e-05 1.931691986101214e-05 6.85539998812601e-06 6.737134299328318e-06 -1.342479299637489e-05 1.0
25.200000762939453 -7.0345508902391884e-06 8.284005161840469e-05 5.780638730357168e-06 3.7308949686121196e-05 5.9651029005181044e-06 -3.081729300902225e-05 1.0
25.233333587646484 -1.104300554288784e-05 5.611000960925594e-05 1.302922100876458e-05 2.8674967325059697e-05 9.200135536957532e-06 -3.408039265195839e-05 1.0
25.266666412353516 5.372041869122768e-07 4.357526995590888e-05 1.3637013580591884e-05 1.357279052172089e-05 3.2505711260455428e-06 -1.8294482288183644e-05 1.0
25.299999237060547 -5.76265938434517e-06 4.891717617283575e-05 1.3473853869072627e-05 1.7521377230877988e-05 6.983577804930974e-06 -2.1838521206518635e-05 1.0
25.33333396911621 -2.0519355530268513e-06 2.5368879505549558e-05 2.9968405215186067e-05 7.068831564538414e-06 6.317994120763615e-06 -1.2327582226134837e-05 1.0
25.366666793823242 8.22717822757113e-08 3.856400871882215e-05 1.6300315110129304e-05 1.3054113878752105e-05 4.204962806397816e-06 -1.8373391867498867e-05 1.0
25.399999618530273 -9.433821105631068e-06 8.020687528187409e-05 1.4229303815227468e-05 3.53818541043438e-05 8.287577657029033e-06 -2.7698300982592627e-05 1.0
25.433332443237305 -9.408476216776762e-06 9.819625120144337e-05 1.4947502677387092e-05 4.855305451201275e-05 7.137636657716939e-06 -3.084836862399243e-05 1.0
25.46666717529297 -2.5417159577045823e-06 5.075243461760692e-05 1.8873053704737686e-05 1.9246757801738568e-05 5.2527730076690204e-06 -2.480606963217724e-05 1.0
25.5 -2.354912567170686e-06 5.8263693063054234e-05 1.3178180779505055e-05 2.190204213547986e-05 5.1091137720504776e-06 -2.130574830516707e-05 1.0
25.53333282470703 3.688934157253243e-06 2.6948247977998108e-05 2.2359108697855845e-05 8.39570475363871e-06 3.503147581795929e-06 -1.20494714792585e-05 1.0
25.566667556762695 -1.1749384611903224e-06 2.354953539907001e-05 2.692031193873845e-05 5.080010396341095e-06 6.993569513724651e-06 -1.2684500688919798e-05 1.0
25.600000381469727 -2.62483208643971e-05 0.0001359821908408776 -1.0030365046986844e-05 6.302051770035177e-05 1.4872757674311288e-05 -3.4095759474439546e-05 1.0
25.633333206176758 -3.380834414201672e-06 6.437597039621323e-05 2.1905503672314808e-05 2.764095006568823e-05 7.198867024271749e-06 -2.4275486794067547e-05 1.0
25.66666603088379 -7.67944220569916e-06 5.9168331063119695e-05 3.061037205043249e-05 1.992566103581339e-05 1.15996817839914e-05 -2.655805292306468e-05 1.0
25.700000762939453 5.490915100381244e-06 3.995706720161252e-05 2.3765542209730484e-05 1.0662874956324231e-05 5.6325848163396586e-06 -1.837318268371746e-05 1.0
25.733333587646484 -1.1306704550406721e-07 2.262897396576591e-05 2.06521108339075e-05 5.124727977090515e-06 5.10656036567525e-06 -1.1618602002272382e-05 1.0
25.766666412353516 -3.3928799894056283e-06 4.9411741201765835e-05 2.553457125031855e-05 1.507163506175857e-05 8.294003237097058e-06 -2.5029308744706213e-05 1.0
25.799999237060547 7.195879334176425e-06 3.878656207234599e-05 3.961949914810248e-05 7.27302040104405e-06 9.177411811833736e-06 -1.5428766346303746e-05 1.0
25.83333396911621 2.7037810923502548e-06 2.3017892090138048e-05 2.9065782655379735e-05 -1.7896037718401203e-07 8.41959899844369e-06 -1.292244724027114e-05 1.0
25.866666793823242 -4.114133844268508e-06 4.860669650952332e-05 1.666392563492991e-05 1.9516564861987717e-05 6.933741133252624e-06 -2.406261774012819e-05 1.0
25.899999618530273 -3.760691242860048e-07 7.254764204844832e-05 4.548146534943953e-06 3.1135528843151405e-05 5.05302580222633e-07 -2.3060259991325438e-05 1.0
25.933332443237305 3.653840394690633e-06 2.3622240405529737e-05 3.0009477995918132e-05 1.915244638439617e-06 7.854611794755328e-06 -1.2356571460259147e-05 1.0
25.96666717529297 1.1504648682603147e-05 3.3426178561057895e-05 3.104315692326054e-05 5.532893737836275e-06 5.335208697943017e-06 -1.357205201202305e-05 1.0
26.0 -6.000030680297641e-06 3.477379505056888e-05 2.0137349565629847e-05 9.195205166179221e-06 9.493012839811854e-06 -2.151316948584281e-05 1.0
26.03333282470703 -6.6884631451102905e-06 3.2763538911240175e-05 3.85062703571748e-05 6.5655999605951365e-06 1.4198352801031433e-05 -2.020382999035064e-05 1.0
26.066667556762695 -3.5630316688184394e-06 5.378922651289031e-05 1.8497241399018094e-05 1.973804501176346e-05 5.78973504161695e-06 -2.340230821573641e-05 1.0
26.100000381469727 -1.836698538681958e-05 8.624399197287858e-05 5.341834366845433e-06 3.608713814173825e-05 1.3617205695481971e-05 -2.296003731316887e-05 1.0
26.133333206176758 -3.3303610962320818e-06 1.6815460185171105e-05 2.527421929698903e-05 -7.190830331182951e-08 1.0383634617028292e-05 -1.1963506040046923e-05 1.0
26.16666603088379 6.849866622360423e-06 2.959408266178798e-05 2.8786305847461335e-05 4.744855232274858e-06 4.7897697186272126e-06 -1.3916182069806382e-05 1.0
26.200000762939453 7.578231361549115e-06 2.2945318050915375e-05 1.7605556422495283e-05 3.340319381095469e-06 3.163901055813767e-06 -1.059146597981453e-05 1.0
26.233333587646484 5.291902652970748e-06 2.2509344489662908e-05 2.4411439881077968e-05 2.87823127109732e-06 4.36878826803877e-06 -1.0074751116917469e-05 1.0
26.266666412353516 1.0208225376118207e-06 6.25983884674497e-05 1.9159835574100725e-05 2.3308293748414144e-05 4.428070951689733e-06 -2.198924448748585e-05 1.0
26.299999237060547 -7.382998774119187e-06 3.096382351941429e-05 1.0511741493246518e-05 9.18675050343154e-06 8.471017281408422e-06 -1.0296759683114942e-05 1.0
26.33333396911621 4.320498192100786e-06 4.236028325976804e-05 2.446683902235236e-05 1.3852368283551186e-05 5.5692371461191215e-06 -1.9728766346815974e-05 1.0
26.366666793823242 7.191476214529757e-08 2.3105561922420748e-05 3.191883661202155e-05 -2.5841152364591835e-06 1.2720813174382783e-05 -1.0494238267710898e-05 1.0
26.399999618530273 8.691442303643271e-07 4.654514486901462e-05 2.041572952293791e-05 1.610148865438532e-05 5.044274075771682e-06 -2.1580157408607192e-05 1.0
26.433332443237305 2.5898361855070107e-06 2.040706021944061e-05 1.9886992959072813e-05 2.616148094602977e-06 5.15428882863489e-06 -1.0151325113838539e-05 1.0
26.46666717529297 -4.795421659764543e-07 3.339128670631908e-05 3.1039897294249386e-05 8.836791494104546e-06 9.429704732610844e-06 -1.477166370023042e-05 1.0
26.5 1.0570410040600109e-06 2.4427432435913943e-05 1.6714058801881038e-05 7.681628630962223e-06 3.925660166714806e-06 -1.2716684068436734e-05 1.0
26.53333282470703 2.740062427619705e-06 3.8230700738495216e-05 2.602932909212541e-05 1.1353416994097643e-05 6.084131200623233e-06 -1.8956656276714057e-05 1.0
26.566667556762695 1.5222985894070007e-05 1.66685367730679e-05 5.448505817184923e-06 5.17990747539443e-06 -2.886401489377022e-06 -1.0083889719680883e-05 1.0
26.600000381469727 0.00016953438171185553 -8.014062041183934e-05 -2.9675187761313282e-05 -1.7279722669627517e-05 -7.336632552323863e-05 -5.1910952606704086e-05 1.0
26.633333206176758 2.087215216306504e-05 8.475061622448266e-05 2.1821269911015406e-06 4.6511289838235825e-05 -4.447251740202773e-06 -3.831585490843281e-05 1.0
26.66666603088379 9.562935883877799e-05 3.843667218461633e-05 6.415531970560551e-06 2.622643660288304e-05 -3.861529330606572e-05 -4.345694833318703e-05 1.0
26.700000762939453 0.0006643624510616064 -0.00018884630117099732 5.167785275261849e-07 -7.34484419808723e-05 -0.000292913056910038 5.3632895287591964e-05 1.0
26.733333587646484 0.000694969086907804 -0.00020229823712725192 6.3399807004316244e-06 -0.00012457989214453846 -0.0003099571040365845 3.141897468594834e-05 0.9999999403953552
26.766666412353516 0.0007818159647285938 -0.00023947839508764446 1.4084473150433041e-05 -0.00013548585411626846 -0.0003435093676671386 3.4882803447544575e-05 1.0
26.799999237060547 0.0009708966827020049 -0.00038173876237124205 6.0165548347868025e-05 -0.0002100401761708781 -0.00043348080362193286 0.0001175828801933676 0.9999999403953552
26.83333396911621 0.0008740260964259505 -0.0004365990753285587 3.649323480203748e-05 -0.00021038108388893306 -0.00040229986188933253 0.00018220121273770928 0.9999999403953552
26.866666793823242 0.0011577541008591652 -0.0005012427573092282 0.00013697829854208976 5.1333852752577513e-05 -0.0005703852511942387 0.0007608026498928666 0.9999995231628418
26.899999618530273 0.0015105485217645764 -0.00026903641992248595 9.041203156812117e-05 0.0008163049351423979 -0.0007560636731795967 0.0014026898425072432 0.9999983906745911
26.933332443237305 0.001613306230865419 -0.0002750293060671538 8.859948138706386e-05 0.0008089198963716626 -0.0008170273504219949 0.0014437242643907666 0.9999983310699463
26.96666717529297 0.0011743138311430812 -0.0004706748004537076 0.00016318527923431247 2.8307413231232204e-05 -0.0005794113967567682 0.000779314199462533 0.9999995827674866
27.0 0.0016002203337848186 -0.0003193990560248494 0.00014029063459020108 0.0006564277573488653 -0.000814901664853096 0.0014464216073974967 0.9999984502792358
27.03333282470703 0.0016719498671591282 -0.00028973747976124287 0.0001474316668463871 0.0006008344935253263 -0.0008549427147954702 0.0014164908789098263 0.9999984502792358
27.066667556762695 0.001383969560265541 -0.0003379193367436528 0.0001530735898995772 0.00022023663041181862 -0.0006952084368094802 0.000981080112978816 0.9999992847442627
27.100000381469727 0.0016726938774809241 -0.00023548872559331357 0.00012325069110374898 0.0007530982256866992 -0.0008624194306321442 0.001449582981877029 0.9999983310699463
27.133333206176758 0.001560254953801632 -0.00026507076108828187 0.00016019222675822675 0.0006044718902558088 -0.0007996824570000172 0.001406042487360537 0.9999985694885254
27.16666603088379 0.001400026842020452 -0.00036002974957227707 0.00021824690338689834 0.00026813900331035256 -0.0007097033667378128 0.0010482840007171035 0.9999992251396179
27.200000762939453 0.0008713522693142295 -0.000209917823667638 0.00010132876923307776 -4.255472231307067e-05 -0.00042779234354384243 0.00024852840579114854 0.9999999403953552
27.233333587646484 0.0012935883132740855 -0.0002474299690220505 0.00016191555187106133 0.00036258864565752447 -0.0006639519124291837 0.0009925499325618148 0.9999992847442627
27.266666412353516 0.0013087668921798468 -0.00020950680482201278 0.00015813217032700777 0.0003355243825353682 -0.0006713346228934824 0.0009851043578237295 0.9999992847442627
27.299999237060547 0.000656940508633852 -0.00018341820396017283 7.745280890958384e-05 -5.879492164240219e-05 -0.00034465602948330343 0.00015438764239661396 1.0
27.33333396911621 0.0011696876026690006 -9.987130761146545e-05 0.00013191373727750033 0.00030579985468648374 -0.0006086130742914975 0.000748193881008774 0.9999995827674866
27.366666793823242 0.0006651710718870163 -0.00011995255044894293 7.241978164529428e-05 -5.213942495174706e-05 -0.00032814990845508873 9.376142406836152e-05 0.9999999403953552
27.399999618530273 0.001319203875027597 -0.00013597210636362433 0.00012259717914275825 0.0002848859003279358 -0.0006844657473266125 0.0007198669482022524 0.9999995231628418
27.433332443237305 0.0011032455367967486 -6.889338692417368e-05 0.00024751873570494354 0.00036270159762352705 -0.0005856074276380241 0.0008769419509917498 0.9999994039535522
27.46666717529297 0.0006573493592441082 -6.112417759140953e-05 2.9188444386818446e-05 -2.742000469879713e-05 -0.00031787646003067493 6.983386992942542e-05 0.9999999403953552
27.5 0.001031085499562323 -0.00043196731712669134 0.00026705244090408087 0.00014579847629647702 -0.000532055099029094 0.0007705454481765628 0.9999995827674866
27.53333282470703 0.0006576538435183465 -0.0002685727667994797 5.6502696679672226e-05 -0.00014652770187240094 -0.0003037797869183123 7.939054921735078e-05 0.9999999403953552
27.566667556762695 0.0006008491618558764 -0.0001994170743273571 2.404112456133589e-05 -0.00011587634071474895 -0.00027738657081499696 4.379274832899682e-05 1.0
27.600000381469727 0.0005297398893162608 -0.0002598473511170596 6.0546746681211516e-05 -0.00012487931235227734 -0.00024308255524374545 7.88840334280394e-05 1.0
27.633333206176758 0.0005329730920493603 -0.0002168602659367025 2.7014453735318966e-05 -0.00013631433830596507 -0.0002462542033754289 3.6246136005502194e-05 1.0
27.66666603088379 0.0005537737742997706 -0.0001715560065349564 1.9284610971226357e-05 -0.00011153645027661696 -0.00025046197697520256 2.458055314491503e-05 1.0
27.700000762939453 0.0005092790233902633 -0.00019245652947574854 2.6127825549338013e-05 -0.00010804481280501932 -0.00023748053354211152 1.5830022675800137e-05 1.0
27.733333587646484 0.0004019572807010263 -0.00015095774142537266 0.0003611536230891943 -9.377657261211425e-05 0.0014139855047687888 0.0003174233133904636 0.9999989867210388
27.766666412353516 -0.0008291898411698639 -0.000777725363150239 0.00017361142090521753 -0.00018590473337098956 0.008482766337692738 0.004324400797486305 0.9999547004699707
27.799999237060547 -0.0025095699820667505 -0.00040344824083149433 -0.0004623264539986849 0.00101282203104347 0.012992266565561295 0.005271803122013807 0.9999012351036072
27.83333396911621 -0.005207850132137537 -0.0004986195708625019 -0.0004301416629459709 9.407578909303993e-05 0.014586994424462318 0.005583260674029589 0.9998780488967896
27.866666793823242 -0.008325153961777687 -0.0005578760174103081 -0.00021821822156198323 -0.00020404225506354123 0.01805305667221546 0.006665361113846302 0.9998148083686829
27.899999618530273 -0.012083858251571655 -0.0004131854511797428 -8.965705637820065e-05 -1.445908401365159e-05 0.019451791420578957 0.006985357962548733 0.999786376953125
27.933332443237305 -0.015662895515561104 -0.0007665310404263437 -0.00011194793478352949 0.0001447565300622955 0.01762440986931324 0.007262717466801405 0.9998182654380798
27.96666717529297 -0.021904580295085907 4.009266376669984e-06 0.0010112763848155737 0.0009998987661674619 0.015926381573081017 0.006292994599789381 0.9998528957366943
28.0 -0.02785593643784523 -0.00040860887384042144 0.0013386561768129468 0.00040937733137980103 0.0138604287058115 0.005277929361909628 0.9998900294303894
28.03333282470703 -0.03402079641819 -0.0008714512223377824 0.0019878491293638945 0.0006202447111718357 0.011381611227989197 0.004426275379955769 0.9999253153800964
28.066667556762695 -0.041397351771593094 -0.0024338276125490665 0.002369430847465992 -0.0002954420051537454 0.009500090032815933 0.003351601306349039 0.9999492764472961
28.100000381469727 -0.04892706125974655 -0.0011753635480999947 0.004780587274581194 0.00015352359332609922 0.008428928442299366 0.0028090181294828653 0.9999606013298035
28.133333206176758 -0.05513378977775574 -0.0015306094428524375 0.006307934410870075 0.00042711981222964823 0.0077493092976510525 0.0026961362455040216 0.9999663233757019
28.16666603088379 -0.06191836670041084 -0.0018049651989713311 0.007522112689912319 0.0006323035922832787 0.006243137642741203 0.0024003128055483103 0.9999774694442749
28.200000762939453 -0.06902377307415009 -0.0006193584995344281 0.010019409470260143 0.0010972828604280949 0.0060770222917199135 0.0017829325515776873 0.9999793767929077
28.233333587646484 -0.07571271061897278 -0.0006831296486780047 0.011074653826653957 0.0011672282125800848 0.008279968053102493 0.002304467372596264 0.9999623894691467
28.266666412353516 -0.08132468163967133 -0.0015354423085227609 0.011486359871923923 0.0011878248769789934 0.01027846708893776 0.0037833182141184807 0.9999393820762634
28.299999237060547 -0.08695416897535324 -0.002054126001894474 0.011769995093345642 0.0012236342299729586 0.011151368729770184 0.004971071146428585 0.9999247193336487
28.33333396911621 -0.09404958039522171 -0.002240241039544344 0.012913248501718044 0.0011987852631136775 0.01072339154779911 0.004608128219842911 0.9999312162399292
28.366666793823242 -0.10017552226781845 -0.002399398712441325 0.014637144282460213 0.0012868378544226289 0.009677277877926826 0.0039495076052844524 0.9999445676803589
28.399999618530273 -0.1060372143983841 -0.003167342860251665 0.014763548970222473 0.0012376655358821154 0.008405506610870361 0.0044968281872570515 0.9999538064002991
28.433332443237305 -0.11261168122291565 -0.003431167686358094 0.01566503942012787 0.0012326757423579693 0.008823741227388382 0.003991574980318546 0.9999523758888245
28.46666717529297 -0.12058290094137192 -0.003949673846364021 0.01662381738424301 0.0010885047959163785 0.010016032494604588 0.004274986684322357 0.9999400973320007
28.5 -0.1283031851053238 -0.004724010359495878 0.018145162612199783 0.000861812150105834 0.01083266269415617 0.005469170399010181 0.9999260306358337
28.53333282470703 -0.1351921707391739 -0.005316820461302996 0.019506745040416718 0.0005439621745608747 0.011415276676416397 0.005110483150929213 0.9999216794967651
28.566667556762695 -0.14161434769630432 -0.005754164885729551 0.020940197631716728 -0.000283193017821759 0.010117843747138977 0.004150731954723597 0.9999401569366455
28.600000381469727 -0.15081168711185455 -0.006218679249286652 0.02202957682311535 -0.0005773530574515462 0.009511958807706833 0.004611404146999121 0.9999440312385559
28.633333206176758 -0.15751422941684723 -0.007075495086610317 0.022563857957720757 -0.0005189861985854805 0.011567739769816399 0.005044298712164164 0.9999203085899353
28.66666603088379 -0.16419637203216553 -0.0074970233254134655 0.0236153956502676 -0.0006797516252845526 0.013669846579432487 0.005788244307041168 0.999889612197876
28.700000762939453 -0.16877980530261993 -0.007923157885670662 0.02474546991288662 -0.0005726166418753564 0.014141624793410301 0.006058042868971825 0.9998815059661865
28.733333587646484 -0.17557522654533386 -0.008755234070122242 0.025523079559206963 -0.0009029829525388777 0.015610742382705212 0.006558443885296583 0.9998562932014465
28.766666412353516 -0.1810060292482376 -0.008408630266785622 0.027341414242982864 -0.0006443554884754121 0.01792166568338871 0.007720794528722763 0.9998093843460083
28.799999237060547 -0.18511757254600525 -0.00873667374253273 0.028123818337917328 -0.00021275569451972842 0.01888810284435749 0.008293560706079006 0.9997872114181519
28.83333396911621 -0.18897226452827454 -0.009230542927980423 0.028625696897506714 -0.0003220258222427219 0.020423648878932 0.008957842364907265 0.9997512698173523
28.866666793823242 -0.19633397459983826 -0.009144121780991554 0.03034662827849388 2.6284951673005708e-05 0.021816955879330635 0.009696360677480698 0.9997149705886841
28.899999618530273 -0.20134511590003967 -0.0094126733019948 0.030690690502524376 0.0004878491163253784 0.02246767468750477 0.00957528781145811 0.9997016787528992
28.933332443237305 -0.20730935037136078 -0.01004324946552515 0.03167111054062843 0.0005653606494888663 0.02269086241722107 0.009832482784986496 0.9996939897537231
28.96666717529297 -0.2125815600156784 -0.011101234704256058 0.03261806070804596 -0.00015418409020639956 0.022324485704302788 0.010376717895269394 0.9996969699859619
29.0 -0.22056825459003448 -0.011640536598861217 0.03398791700601578 -0.0006756631773896515 0.021928908303380013 0.009227792732417583 0.9997167587280273
29.03333282470703 -0.2292483001947403 -0.012762119062244892 0.03464663401246071 -0.000544387090485543 0.020754897966980934 0.00870836153626442 0.999746561050415
29.066667556762695 -0.23844146728515625 -0.013384070247411728 0.035991325974464417 -0.0010023615323007107 0.01833127997815609 0.008441240526735783 0.9997959136962891
29.100000381469727 -0.24335914850234985 -0.013435876928269863 0.037299878895282745 -0.0015466883778572083 0.016427986323833466 0.0068643586710095406 0.9998403191566467
29.133333206176758 -0.25026896595954895 -0.014003966934978962 0.037882041186094284 -0.0007094930042512715 0.014358996413648129 0.0067566270008683205 0.9998738765716553
29.16666603088379 -0.2549891769886017 -0.01304880902171135 0.03949382156133652 -0.00041363362106494606 0.01129427831619978 0.0052284435369074345 0.999922513961792
29.200000762939453 -0.2660128176212311 -0.013679937459528446 0.04036349430680275 -0.0006314443307928741 0.010378902778029442 0.004917544312775135 0.9999338984489441
29.233333587646484 -0.27231115102767944 -0.014398740604519844 0.0404677577316761 -0.0005801071529276669 0.009241611696779728 0.004513606894761324 0.9999469518661499
29.266666412353516 -0.2757010757923126 -0.013741398230195045 0.04232916235923767 -0.00019580349908210337 0.005730593577027321 0.0029972982592880726 0.9999791383743286
29.299999237060547 -0.2733575403690338 -0.013805540278553963 0.03956406190991402 -0.0005894727073609829 0.002612969372421503 0.0018429316114634275 0.9999947547912598
29.33333396911621 -0.279356986284256 -0.01393902488052845 0.0397208109498024 -0.0007073265733197331 0.0038112688343971968 0.0018338789232075214 0.9999908804893494
29.366666793823242 -0.28343328833580017 -0.013731831684708595 0.0392947718501091 -0.000565645401366055 0.006044494919478893 0.002729099942371249 0.9999778270721436
29.399999618530273 -0.28653666377067566 -0.01346507016569376 0.03907615318894386 -0.0003785055596381426 0.009744830429553986 0.0040085152722895145 0.9999444484710693
29.433332443237305 -0.2909180223941803 -0.01361815631389618 0.038806986063718796 -0.00043371651554480195 0.013085098005831242 0.005349614191800356 0.9999000430107117
29.46666717529297 -0.2943507432937622 -0.013294816017150879 0.038472987711429596 -0.00043055915739387274 0.013806563802063465 0.0055657196789979935 0.9998891353607178
29.5 -0.2986917793750763 -0.013105557300150394 0.03880339115858078 -0.0003206297114957124 0.013899600133299828 0.005443979520350695 0.99988853931427
29.53333282470703 -0.30292415618896484 -0.013331985101103783 0.03922094404697418 -0.0002690768160391599 0.013686838559806347 0.005500479601323605 0.9998911619186401
29.566667556762695 -0.30625638365745544 -0.012985531240701675 0.03961487486958504 -0.0003705446142703295 0.013248388655483723 0.005397032015025616 0.9998975992202759
29.600000381469727 -0.3098517060279846 -0.013437148183584213 0.03954600170254707 -0.00047939931391738355 0.013396327383816242 0.005477152299135923 0.9998951554298401
29.633333206176758 -0.3125985860824585 -0.013321809470653534 0.03983616083860397 -0.00040274453931488097 0.013819779269397259 0.005591874942183495 0.9998888373374939
29.66666603088379 -0.3154740333557129 -0.013333087787032127 0.040335819125175476 -0.00034176389453932643 0.014532355591654778 0.005551355425268412 0.9998789429664612
29.700000762939453 -0.31760677695274353 -0.01299421489238739 0.04071718081831932 -0.0002668542438186705 0.015200539492070675 0.005744876805692911 0.9998679161071777
29.733333587646484 -0.3191829025745392 -0.01297472883015871 0.041035495698451996 -0.0004132504982408136 0.016327302902936935 0.00614865543320775 0.9998477101325989
29.766666412353516 -0.31987714767456055 -0.013200371526181698 0.04098694026470184 -0.00034498932654969394 0.016643932089209557 0.006082847248762846 0.9998429417610168
29.799999237060547 -0.3197246193885803 -0.013292730785906315 0.04085593670606613 -0.00044763681944459677 0.01654662936925888 0.006956730969250202 0.9998388290405273
29.83333396911621 -0.31956279277801514 -0.013125675730407238 0.04107952490448952 -0.000687710999045521 0.016387393698096275 0.006807358469814062 0.9998424053192139
29.866666793823242 -0.3200641870498657 -0.013639324344694614 0.04046038165688515 -0.00032478958019055426 0.016434697434306145 0.006361038889735937 0.9998447299003601
29.899999618530273 -0.3199661672115326 -0.013646074570715427 0.04049104452133179 -0.00036918753175996244 0.01655399426817894 0.0068961819633841515 0.9998391270637512
29.933332443237305 -0.31979718804359436 -0.013151166960597038 0.04073210060596466 -0.0003632972075138241 0.016395779326558113 0.006464850157499313 0.9998446106910706
29.96666717529297 -0.319646954536438 -0.013747401535511017 0.040263038128614426 -0.0002971997600980103 0.016401901841163635 0.006841361057013273 0.9998420476913452
30.0 -0.31992220878601074 -0.013661208562552929 0.04031580686569214 -0.0004458454204723239 0.016527209430933 0.006808781530708075 0.9998401403427124
30.03333282470703 -0.31965604424476624 -0.013515611179172993 0.04040231555700302 -0.00042368529830127954 0.01651264913380146 0.006661030929535627 0.9998414516448975
30.066667556762695 -0.31999483704566956 -0.013136948458850384 0.04007843881845474 0.0006084453198127449 0.016585269942879677 0.00674843043088913 0.9998395442962646
30.100000381469727 -0.31936442852020264 -0.013234514743089676 0.03876591473817825 0.0011798897758126259 0.015604366548359394 0.00653588492423296 0.9998562335968018
30.133333206176758 -0.32006314396858215 -0.013526438735425472 0.03847498819231987 0.0012847513426095247 0.014577529393136501 0.005590248852968216 0.999877393245697
30.16666603088379 -0.3192475736141205 -0.012943950481712818 0.03890806436538696 0.0008333284640684724 0.014325982891023159 0.006465868093073368 0.9998761415481567
30.200000762939453 -0.31932467222213745 -0.013006673194468021 0.040177371352910995 -0.001196257653646171 0.014530460350215435 0.006711160764098167 0.9998712539672852
30.233333587646484 -0.3194328844547272 -0.013258167542517185 0.039346739649772644 0.0002164435136364773 0.014566538855433464 0.006136658601462841 0.9998750686645508
30.266666412353516 -0.3196459412574768 -0.013453023508191109 0.038768500089645386 0.0012982373591512442 0.014607349410653114 0.005838718730956316 0.9998754262924194
30.299999237060547 -0.31951820850372314 -0.012834664434194565 0.03871803358197212 0.001004426390863955 0.014024820178747177 0.0061456505209207535 0.9998822808265686
30.33333396911621 -0.3199591040611267 -0.012892521917819977 0.0398189052939415 -0.000745366676710546 0.013302191160619259 0.0060428436845541 0.9998929500579834
30.366666793823242 -0.31992480158805847 -0.01316104643046856 0.03996369615197182 -0.00029059231746941805 0.013134723529219627 0.005977523513138294 0.9998959302902222
30.399999618530273 -0.31963759660720825 -0.013196529820561409 0.03910476714372635 3.928374280803837e-05 0.011345462873578072 0.005268469452857971 0.9999217391014099
30.433332443237305 -0.3198316693305969 -0.012369426898658276 0.037450533360242844 0.0011710588587448 0.0085730766877532 0.004176552873104811 0.9999538660049438
30.46666717529297 -0.3198564350605011 -0.013111877255141735 0.03634364902973175 0.0009703113464638591 0.007407386787235737 0.0037533019203692675 0.9999650716781616
30.5 -0.31907981634140015 -0.012334716506302357 0.036387745290994644 -0.0003825773310381919 0.006487700622528791 0.0033666507806628942 0.9999732971191406
30.53333282470703 -0.3176742196083069 -0.012447239831089973 0.03582431375980377 -0.002223582938313484 0.006325242109596729 0.0026802481152117252 0.9999739527702332
30.566667556762695 -0.31745678186416626 -0.013904283754527569 0.03506448492407799 -0.005094893276691437 0.008763710036873817 0.00019865238573402166 0.9999486207962036
30.600000381469727 -0.3180713355541229 -0.01413978636264801 0.034854717552661896 -0.00810740515589714 0.011357567273080349 -0.004250464029610157 0.9998936653137207
30.633333206176758 -0.32104188203811646 -0.014862095937132835 0.03487418219447136 -0.012403037399053574 0.013934367336332798 -0.01065326388925314 0.9997692704200745
30.66666603088379 -0.3239014446735382 -0.016152845695614815 0.03409486263990402 -0.015077785588800907 0.016937168315052986 -0.017442544922232628 0.9995906949043274
30.700000762939453 -0.32843685150146484 -0.018290279433131218 0.03175460919737816 -0.015853313729166985 0.01743064448237419 -0.023458534851670265 0.9994471073150635
30.733333587646484 -0.333025723695755 -0.020622925832867622 0.029314974322915077 -0.016023458912968636 0.014872930943965912 -0.028596479445695877 0.9993519186973572
30.766666412353516 -0.33592313528060913 -0.023123573511838913 0.026357382535934448 -0.01564747840166092 0.010793522000312805 -0.03158487007021904 0.9993202686309814
30.799999237060547 -0.3388742506504059 -0.025837203487753868 0.02291330322623253 -0.014567764475941658 0.004457611590623856 -0.03150508180260658 0.9993875026702881
30.83333396911621 -0.34047913551330566 -0.030056964606046677 0.018829192966222763 -0.014833713881671429 -0.0035124984569847584 -0.0294624175876379 0.9994496703147888
30.866666793823242 -0.34103718400001526 -0.03288566693663597 0.017185678705573082 -0.015365848317742348 -0.009133721701800823 -0.02724742516875267 0.9994689226150513
30.899999618530273 -0.3422660529613495 -0.0367988757789135 0.01452485378831625 -0.016397515311837196 -0.010248158127069473 -0.024227796122431755 0.9995194673538208
30.933332443237305 -0.3421064615249634 -0.04087188467383385 0.01169786136597395 -0.01693796180188656 -0.007456496823579073 -0.020999182015657425 0.9996081590652466
30.96666717529297 -0.34255680441856384 -0.044745732098817825 0.009215030819177628 -0.017579782754182816 -0.003493079449981451 -0.01842568628489971 0.9996695518493652
31.0 -0.3417920768260956 -0.049457959830760956 0.007966778241097927 -0.018933048471808434 -0.0006721463869325817 -0.015161952935159206 0.9997056126594543
31.03333282470703 -0.3424341082572937 -0.05555422231554985 0.006725166458636522 -0.021430734544992447 0.000439325871411711 -0.012454492971301079 0.9996927380561829
31.066667556762695 -0.3439140319824219 -0.06239648163318634 0.0063672675751149654 -0.023544546216726303 0.0006830327911302447 -0.010691294446587563 0.999665379524231
31.100000381469727 -0.3446756899356842 -0.06849048286676407 0.004826569464057684 -0.023873254656791687 -0.0008495523943565786 -0.009156471118330956 0.9996727108955383
31.133333206176758 -0.3447338938713074 -0.07493796944618225 0.0030017050448805094 -0.023866156116127968 -0.004526021424680948 -0.008119895122945309 0.999671995639801
31.16666603088379 -0.34580129384994507 -0.08137181401252747 0.0012211083667352796 -0.023549409583210945 -0.007337694056332111 -0.007738662417978048 0.9996658563613892
31.200000762939453 -0.34931549429893494 -0.08970978111028671 0.00016273930668830872 -0.02414131350815296 -0.008746183477342129 -0.007814864628016949 0.9996397495269775
31.233333587646484 -0.35130518674850464 -0.09641831368207932 0.0013210566248744726 -0.02582867257297039 -0.011294731870293617 -0.00843088049441576 0.9995670318603516
31.266666412353516 -0.3544897735118866 -0.10408390313386917 0.0026008174754679203 -0.029819471761584282 -0.01347339991480112 -0.00852152332663536 0.9994282722473145
31.299999237060547 -0.35713493824005127 -0.11095070838928223 0.005472277756780386 -0.03367026522755623 -0.014828060753643513 -0.00937163271009922 0.9992790222167969
31.33333396911621 -0.35920989513397217 -0.11645428091287613 0.00819261185824871 -0.03693779557943344 -0.015960870310664177 -0.010388614609837532 0.9991361498832703
31.366666793823242 -0.3604785203933716 -0.11866581439971924 0.009989730082452297 -0.039427828043699265 -0.017658933997154236 -0.01202322542667389 0.9989940524101257
31.399999618530273 -0.3609938621520996 -0.11971037089824677 0.013297053053975105 -0.04215318337082863 -0.020634468644857407 -0.014296401292085648 0.9987958073616028
31.433332443237305 -0.36270228028297424 -0.1223919466137886 0.017372939735651016 -0.045848242938518524 -0.02168336696922779 -0.016767039895057678 0.9985723495483398
31.46666717529297 -0.36508819460868835 -0.12453050911426544 0.019683988764882088 -0.049095213413238525 -0.022696522995829582 -0.018877282738685608 0.9983577728271484
31.5 -0.3705167770385742 -0.12994864583015442 0.022923894226551056 -0.05391702055931091 -0.023397888988256454 -0.021199025213718414 0.9980461597442627
31.53333282470703 -0.3720974624156952 -0.13162219524383545 0.025697775185108185 -0.056358449161052704 -0.02445453219115734 -0.023239362984895706 0.9978404641151428
31.566667556762695 -0.37406885623931885 -0.13321968913078308 0.028345560654997826 -0.05861245095729828 -0.02571379765868187 -0.02512744441628456 0.9976332783699036
31.600000381469727 -0.3765498101711273 -0.13273407518863678 0.03152884915471077 -0.06097035109996796 -0.027916938066482544 -0.027131136506795883 0.9973801970481873
31.633333206176758 -0.37839964032173157 -0.13259954750537872 0.03466680645942688 -0.06364494562149048 -0.03017420507967472 -0.028751572594046593 0.997101902961731
31.66666603088379 -0.38038766384124756 -0.13281835615634918 0.037668436765670776 -0.06661488860845566 -0.030565926805138588 -0.029903428629040718 0.9968620538711548
31.700000762939453 -0.3801422417163849 -0.13218648731708527 0.0413811169564724 -0.06986426562070847 -0.03131532669067383 -0.029771123081445694 0.9966203570365906
31.733333587646484 -0.3777962028980255 -0.12934496998786926 0.0448295883834362 -0.07256189733743668 -0.0322234071791172 -0.029388025403022766 0.9964100122451782
31.766666412353516 -0.3787119686603546 -0.12968020141124725 0.0487990640103817 -0.07559335231781006 -0.03280428797006607 -0.02894163876771927 0.9961786270141602
31.799999237060547 -0.3788890540599823 -0.12935028970241547 0.05392986908555031 -0.07784944027662277 -0.034891992807388306 -0.028508631512522697 0.9959464073181152
31.83333396911621 -0.381466269493103 -0.13173654675483704 0.05997512862086296 -0.08236672729253769 -0.03619122505187988 -0.028249846771359444 0.9955440759658813
31.866666793823242 -0.38302138447761536 -0.13176587224006653 0.06526583433151245 -0.08641776442527771 -0.0382244773209095 -0.028990210965275764 0.9951032996177673
31.899999618530273 -0.3845939040184021 -0.13127407431602478 0.06899750977754593 -0.08998149633407593 -0.03860742971301079 -0.030185144394636154 0.9947369694709778
31.933332443237305 -0.3858110010623932 -0.12966671586036682 0.07576189190149307 -0.09350114315748215 -0.03802443668246269 -0.030729034915566444 0.9944181442260742
31.96666717529297 -0.3855424225330353 -0.12753604352474213 0.08184903860092163 -0.09776041656732559 -0.040637362748384476 -0.030065350234508514 0.9939253926277161
32.0 -0.3861009478569031 -0.12467282265424728 0.08905299752950668 -0.10165348649024963 -0.04268913343548775 -0.030456872656941414 0.9934367537498474
32.03333282470703 -0.3869677484035492 -0.12263724952936172 0.09517599642276764 -0.10567024350166321 -0.04485044255852699 -0.030911166220903397 0.9929081797599792
32.06666564941406 -0.38974645733833313 -0.12334520369768143 0.09955212473869324 -0.11080935597419739 -0.04807727783918381 -0.032648757100105286 0.99214106798172
32.099998474121094 -0.3916551470756531 -0.11825373768806458 0.10292836278676987 -0.11377960443496704 -0.05051557719707489 -0.03614245727658272 0.9915624260902405
32.13333511352539 -0.394295871257782 -0.11692696064710617 0.10905107110738754 -0.11975061148405075 -0.05123442783951759 -0.03857838734984398 0.990730345249176
32.16666793823242 -0.39834803342819214 -0.11654365062713623 0.11502079665660858 -0.1254696398973465 -0.05085266754031181 -0.03987736999988556 0.9899904727935791
32.20000076293945 -0.3997177481651306 -0.11443872004747391 0.11830610781908035 -0.1306595653295517 -0.052401889115571976 -0.04038109630346298 0.9892176985740662
32.233333587646484 -0.4008305072784424 -0.11130905896425247 0.12268053740262985 -0.1353825181722641 -0.05506416782736778 -0.041972849518060684 0.9883712530136108
32.266666412353516 -0.4065741002559662 -0.11184448003768921 0.1277853399515152 -0.14200177788734436 -0.05634065717458725 -0.04398658126592636 0.9872823357582092
32.29999923706055 -0.40982586145401 -0.11165255308151245 0.13500963151454926 -0.14801885187625885 -0.06030488759279251 -0.04550015926361084 0.986095130443573
32.33333206176758 -0.41033223271369934 -0.10957280546426773 0.13733361661434174 -0.15259069204330444 -0.0643261969089508 -0.046748217195272446 0.9850851893424988
32.36666488647461 -0.40536895394325256 -0.10086196660995483 0.13636372983455658 -0.15748398005962372 -0.06364281475543976 -0.0477219820022583 0.9843125343322754
32.400001525878906 -0.40846332907676697 -0.09873629361391068 0.13960297405719757 -0.16287054121494293 -0.06663516163825989 -0.04921633005142212 0.9831636548042297
32.43333435058594 -0.41053763031959534 -0.09603230655193329 0.14259637892246246 -0.16726715862751007 -0.07189816981554031 -0.05070620775222778 0.9819782376289368
32.46666717529297 -0.4117729365825653 -0.09361593425273895 0.1454305797815323 -0.17132355272769928 -0.07603927701711655 -0.0515161007642746 0.9809243083000183
32.5 -0.41344308853149414 -0.08955531567335129 0.14823102951049805 -0.17521044611930847 -0.07832342386245728 -0.05212438479065895 0.9800254702568054
32.53333282470703 -0.413340300321579 -0.08610673993825912 0.15090322494506836 -0.1794746071100235 -0.08027978241443634 -0.05303104594349861 0.9790463447570801
32.56666564941406 -0.41283687949180603 -0.08399491012096405 0.15295317769050598 -0.18428653478622437 -0.08157117664813995 -0.05346769466996193 0.9780214428901672
32.599998474121094 -0.4129367470741272 -0.08072054386138916 0.1557285487651825 -0.18904098868370056 -0.08251949399709702 -0.05408604070544243 0.9769999384880066
32.63333511352539 -0.41362425684928894 -0.0778716430068016 0.15884067118167877 -0.1938619613647461 -0.08217822760343552 -0.05488122999668121 0.9760391712188721
32.66666793823242 -0.4141126275062561 -0.07734415680170059 0.16034695506095886 -0.19833886623382568 -0.08161191642284393 -0.055613428354263306 0.9751453399658203
32.70000076293945 -0.4150993227958679 -0.07536627352237701 0.1616903394460678 -0.2009124457836151 -0.08208993077278137 -0.05629462003707886 0.9745391011238098
32.733333587646484 -0.41629117727279663 -0.0730479285120964 0.16299721598625183 -0.20317460596561432 -0.08274955302476883 -0.057402122765779495 0.9739495515823364
32.766666412353516 -0.4174165427684784 -0.07077319175004959 0.16398075222969055 -0.20560429990291595 -0.08345027267932892 -0.059133969247341156 0.9732759594917297
32.79999923706055 -0.4182533025741577 -0.06871210783720016 0.16555537283420563 -0.20823346078395844 -0.08434421569108963 -0.06042066216468811 0.972560703754425
32.83333206176758 -0.41955122351646423 -0.06721211224794388 0.16696518659591675 -0.21156780421733856 -0.08492818474769592 -0.061747241765260696 0.9717065095901489
32.86666488647461 -0.42066171765327454 -0.06613506376743317 0.16772356629371643 -0.2145928591489792 -0.08490675687789917 -0.0629042461514473 0.9709705710411072
32.900001525878906 -0.4219357371330261 -0.06433065235614777 0.1684522032737732 -0.21686725318431854 -0.0855225920677185 -0.06279383599758148 0.9704181551933289
32.93333435058594 -0.42315274477005005 -0.06380441039800644 0.16968537867069244 -0.2199316769838333 -0.08687277138233185 -0.06250541657209396 0.9696269035339355
32.96666717529297 -0.42435985803604126 -0.06198003143072128 0.1705772876739502 -0.22114457190036774 -0.08647941797971725 -0.063514344394207 0.9693205952644348
33.0 -0.4255014657974243 -0.06035168841481209 0.17139369249343872 -0.2219628393650055 -0.08565513044595718 -0.06382551789283752 0.9691862463951111
33.03333282470703 -0.4255586266517639 -0.0595073401927948 0.1728421002626419 -0.22402070462703705 -0.08636254072189331 -0.0636628121137619 0.9686605930328369
33.06666564941406 -0.4264194369316101 -0.057208891957998276 0.1744837760925293 -0.22537446022033691 -0.08569841086864471 -0.06437338143587112 0.96835857629776
33.099998474121094 -0.4263775050640106 -0.056663092225790024 0.17556239664554596 -0.22726473212242126 -0.08582007139921188 -0.06375908851623535 0.9679465293884277
33.13333511352539 -0.4266909956932068 -0.05630690976977348 0.17717228829860687 -0.22881577908992767 -0.08542699366807938 -0.06382406502962112 0.96761155128479
33.16666793823242 -0.42685630917549133 -0.05522384122014046 0.1792495995759964 -0.23036782443523407 -0.08495870977640152 -0.06396634131669998 0.967275083065033
33.20000076293945 -0.4266335666179657 -0.05384161323308945 0.18152761459350586 -0.23183396458625793 -0.08493232727050781 -0.0638047382235527 0.9669377207756042
33.233333587646484 -0.4268675148487091 -0.0527910552918911 0.18426479399204254 -0.23391619324684143 -0.08363072574138641 -0.06394316256046295 0.966540515422821
33.266666412353516 -0.426700234413147 -0.05270600691437721 0.1861920952796936 -0.2361535280942917 -0.08213190734386444 -0.06409244984388351 0.9661149978637695
33.29999923706055 -0.42604175209999084 -0.0502605177462101 0.1892731934785843 -0.23745810985565186 -0.08181627839803696 -0.06406241655349731 0.9658238887786865
33.33333206176758 -0.42612385749816895 -0.04805288836359978 0.191722109913826 -0.2393592745065689 -0.08072345703840256 -0.0648360624909401 0.9653947949409485
33.36666488647461 -0.4250139594078064 -0.046982988715171814 0.19433149695396423 -0.2419459968805313 -0.07879984378814697 -0.0650816410779953 0.9648922681808472
33.400001525878906 -0.42507731914520264 -0.04395277798175812 0.19739943742752075 -0.24395225942134857 -0.07734357565641403 -0.06592140346765518 0.9644478559494019
33.43333435058594 -0.4242277145385742 -0.04213413968682289 0.2009207159280777 -0.24702072143554688 -0.07684227079153061 -0.0653025358915329 0.9637487530708313
33.46666717529297 -0.4237639605998993 -0.04003545641899109 0.20406147837638855 -0.25018778443336487 -0.07659003883600235 -0.0648588314652443 0.9629815220832825
33.5 -0.42220181226730347 -0.04040312394499779 0.2050904482603073 -0.2490500956773758 -0.07945225387811661 -0.06261635571718216 0.9631929397583008
33.53333282470703 -0.42093610763549805 -0.04086523503065109 0.20483489334583282 -0.24595263600349426 -0.07797755300998688 -0.06126328930258751 0.9641959071159363
33.56666564941406 -0.4197521209716797 -0.040847405791282654 0.20598582923412323 -0.2472691535949707 -0.07730402052402496 -0.05961894989013672 0.9640164375305176
33.599998474121094 -0.41741693019866943 -0.041527748107910156 0.20764364302158356 -0.250222384929657 -0.08078667521476746 -0.056145042181015015 0.9631770849227905
33.63333511352539 -0.41583436727523804 -0.04211067408323288 0.20806781947612762 -0.24906174838542938 -0.08248370885848999 -0.05299554392695427 0.9635124206542969
33.66666793823242 -0.4152464270591736 -0.04174083098769188 0.20825140178203583 -0.24866455793380737 -0.08150499314069748 -0.05245295166969299 0.9637280106544495
33.70000076293945 -0.41522639989852905 -0.0423474945127964 0.20804892480373383 -0.24964439868927002 -0.08069219440221786 -0.05244189500808716 0.9635436534881592
33.733333587646484 -0.41553154587745667 -0.041852764785289764 0.20803146064281464 -0.24859000742435455 -0.08047980070114136 -0.05312393605709076 0.9637966156005859
33.766666412353516 -0.4162374436855316 -0.04203030467033386 0.20758040249347687 -0.2479604035615921 -0.07978440821170807 -0.053818732500076294 0.9639780521392822
33.79999923706055 -0.4168473184108734 -0.04226837679743767 0.20783719420433044 -0.24803300201892853 -0.07961723208427429 -0.054214250296354294 0.9639509916305542
33.83333206176758 -0.41749903559684753 -0.04216447472572327 0.20773985981941223 -0.24778500199317932 -0.0791006088256836 -0.05484677478671074 0.9640215039253235
33.86666488647461 -0.417808473110199 -0.041461795568466187 0.2076602727174759 -0.24676404893398285 -0.0785270631313324 -0.055682770907878876 0.9642823338508606
33.900001525878906 -0.4173200726509094 -0.042448993772268295 0.20710422098636627 -0.2474157065153122 -0.07906290143728256 -0.05539974942803383 0.9640879034996033
33.93333435058594 -0.41708803176879883 -0.041971754282712936 0.20710493624210358 -0.24725833535194397 -0.0791962668299675 -0.055688172578811646 0.9641006588935852
33.96666717529297 -0.41642454266548157 -0.04177520424127579 0.2067507654428482 -0.24690894782543182 -0.07930771261453629 -0.05572151020169258 0.9641791582107544
34.0 -0.41721874475479126 -0.04138128459453583 0.20617227256298065 -0.24675233662128448 -0.07838448137044907 -0.056902509182691574 0.9642257690429688
34.03333282470703 -0.41655367612838745 -0.04227788746356964 0.20527680218219757 -0.24741902947425842 -0.07848011702299118 -0.056432776153087616 0.9640746712684631
34.06666564941406 -0.4171517491340637 -0.04120104759931564 0.20483751595020294 -0.2477390021085739 -0.07729508727788925 -0.05770096927881241 0.9640132188796997
34.099998474121094 -0.41691863536834717 -0.040972258895635605 0.20342503488063812 -0.2483052760362625 -0.07611241191625595 -0.05882536619901657 0.9638936519622803
34.13333511352539 -0.4165182411670685 -0.04072818532586098 0.20092304050922394 -0.24797601997852325 -0.07499143481254578 -0.0603080652654171 0.96397465467453
34.16666793823242 -0.41487401723861694 -0.0405871644616127 0.19867223501205444 -0.24723078310489655 -0.07378357648849487 -0.060056932270526886 0.9642749428749084
34.20000076293945 -0.41294121742248535 -0.04223330691456795 0.19583673775196075 -0.24713261425495148 -0.07335448265075684 -0.057649582624435425 0.9644797444343567
34.233333587646484 -0.4105229377746582 -0.0430176816880703 0.1930191069841385 -0.2458365559577942 -0.07392755895853043 -0.05521870404481888 0.9649093747138977
34.266666412353516 -0.40742263197898865 -0.0453898087143898 0.18930532038211823 -0.2445066124200821 -0.07391556352376938 -0.052942901849746704 0.9653756022453308
34.29999923706055 -0.4045686721801758 -0.047244857996702194 0.18497057259082794 -0.2429509162902832 -0.0728486105799675 -0.05185368284583092 0.9659084677696228
34.33333206176758 -0.4042268991470337 -0.05544688552618027 0.18181896209716797 -0.24523375928401947 -0.06873533129692078 -0.04968021810054779 0.9657472372055054
34.36666488647461 -0.40080535411834717 -0.05658110976219177 0.1767447292804718 -0.24371138215065002 -0.06507129222154617 -0.04920220747590065 0.9664106965065002
34.400001525878906 -0.3972226679325104 -0.05743363872170448 0.17118816077709198 -0.24069978296756744 -0.06224037706851959 -0.048807453364133835 0.9673714637756348
34.43333435058594 -0.39318543672561646 -0.0583624541759491 0.16580495238304138 -0.23883846402168274 -0.061362359672784805 -0.04768712818622589 0.9679446816444397
34.46666717529297 -0.3888457715511322 -0.05813855305314064 0.16079284250736237 -0.23653212189674377 -0.06234303489327431 -0.04726317897439003 0.968468964099884
34.5 -0.3858737349510193 -0.05852706357836723 0.15627466142177582 -0.23550370335578918 -0.061606258153915405 -0.047164008021354675 0.9687715172767639
34.53333282470703 -0.38334280252456665 -0.05872776731848717 0.15175692737102509 -0.23464874923229218 -0.060155030339956284 -0.04724826663732529 0.9690660834312439
34.56666564941406 -0.3801537752151489 -0.05856608599424362 0.14675457775592804 -0.23340246081352234 -0.0582180880010128 -0.04773511737585068 0.9694614410400391
34.599998474121094 -0.37717628479003906 -0.05882247909903526 0.14214688539505005 -0.2329312562942505 -0.05562867224216461 -0.047859009355306625 0.9697206020355225
34.63333511352539 -0.3746093511581421 -0.05727262422442436 0.13725122809410095 -0.23115885257720947 -0.05317338928580284 -0.04844367504119873 0.9702532291412354
34.66666793823242 -0.3714945316314697 -0.05646708980202675 0.13285128772258759 -0.230296328663826 -0.05087237432599068 -0.048051394522190094 0.9706012606620789
34.70000076293945 -0.36796680092811584 -0.05577416718006134 0.12737075984477997 -0.22906482219696045 -0.04803205654025078 -0.04720305651426315 0.9710788726806641
34.733333587646484 -0.3601999282836914 -0.056186284869909286 0.11451676487922668 -0.2291676253080368 -0.045434992760419846 -0.046405546367168427 0.9712180495262146
34.766666412353516 -0.3562200367450714 -0.05499017611145973 0.109134241938591 -0.22792653739452362 -0.04318419471383095 -0.046104155480861664 0.9716269969940186
34.79999923706055 -0.3521169126033783 -0.05364907532930374 0.10358021408319473 -0.22697806358337402 -0.04083913192152977 -0.04615447297692299 0.9719480276107788
34.83333206176758 -0.3489780128002167 -0.05255884677171707 0.09901616722345352 -0.22600622475147247 -0.03821324557065964 -0.04549407958984375 0.972312331199646
34.86666488647461 -0.3449614942073822 -0.0519125871360302 0.09480126947164536 -0.22569207847118378 -0.035975199192762375 -0.04464384913444519 0.972510039806366
34.900001525878906 -0.34089794754981995 -0.05161410570144653 0.09070659428834915 -0.2257014960050583 -0.03412093222141266 -0.044177234172821045 0.9725959897041321
34.93333435058594 -0.33675968647003174 -0.050628166645765305 0.08660920709371567 -0.22458511590957642 -0.03244515135884285 -0.04440118744969368 0.9729015827178955
34.96666717529297 -0.33373767137527466 -0.050201840698719025 0.08355387300252914 -0.22371302545070648 -0.030560333281755447 -0.04397359490394592 0.9731828570365906
35.0 -0.3302001655101776 -0.05043793469667435 0.08010585606098175 -0.22307053208351135 -0.02903013490140438 -0.04315054044127464 0.9734140038490295
35.03333282470703 -0.32716280221939087 -0.050177063792943954 0.07742584496736526 -0.22259612381458282 -0.026866883039474487 -0.04303896054625511 0.9735896587371826
35.06666564941406 -0.32328352332115173 -0.049796007573604584 0.07445734739303589 -0.22223655879497528 -0.024251997470855713 -0.042786046862602234 0.9737516045570374
35.099998474121094 -0.31955865025520325 -0.04922030121088028 0.07265391200780869 -0.22253598272800446 -0.021688207983970642 -0.041501518338918686 0.9737992882728577
35.13333511352539 -0.3147466480731964 -0.04858654737472534 0.0709153264760971 -0.2227431982755661 -0.020858993753790855 -0.040717341005802155 0.9738031029701233
35.16666793823242 -0.3105262219905853 -0.048319011926651 0.06902386248111725 -0.22267702221870422 -0.018831495195627213 -0.04006311297416687 0.9738867282867432
35.20000076293945 -0.30717700719833374 -0.04779966175556183 0.06748315691947937 -0.22200395166873932 -0.016324607655405998 -0.03878685086965561 0.9741373062133789
35.233333587646484 -0.30392739176750183 -0.04835507273674011 0.06580167263746262 -0.22129034996032715 -0.014496185816824436 -0.03789636120200157 0.9743635654449463
35.266666412353516 -0.3002662658691406 -0.04924963042140007 0.06419124454259872 -0.22124430537223816 -0.01275152899324894 -0.03725505247712135 0.9744231700897217
35.29999923706055 -0.29624587297439575 -0.05045752227306366 0.06327559798955917 -0.221931591629982 -0.010801924392580986 -0.03651237487792969 0.9743185043334961
35.33333206176758 -0.2925117611885071 -0.05121481791138649 0.06257999688386917 -0.22119398415088654 -0.009845594875514507 -0.03650528937578201 0.9744966626167297
35.36666488647461 -0.29056215286254883 -0.05278409644961357 0.061581265181303024 -0.22014698386192322 -0.008828816004097462 -0.03637931868433952 0.9747481346130371
35.400001525878906 -0.28900352120399475 -0.054483138024806976 0.06159451603889465 -0.2193463146686554 -0.007615231443196535 -0.03571297600865364 0.9749635457992554
35.43333435058594 -0.2864178717136383 -0.05678190290927887 0.06179007142782211 -0.2190590798854828 -0.006907856557518244 -0.03569028526544571 0.9750341773033142
35.46666717529297 -0.28408870100975037 -0.05981205403804779 0.061885979026556015 -0.2192937433719635 -0.0056768180802464485 -0.035554271191358566 0.9749943017959595
35.5 -0.2825829088687897 -0.06251206248998642 0.0627022236585617 -0.2194289267063141 -0.00438105221837759 -0.03552386909723282 0.9749717116355896
35.53333282470703 -0.2798001766204834 -0.06512592732906342 0.06451362371444702 -0.21938779950141907 -0.0018116242717951536 -0.03605470061302185 0.9749696850776672
35.56666564941406 -0.27567580342292786 -0.06814214587211609 0.06593728065490723 -0.2189081758260727 0.0021680935751646757 -0.035740628838539124 0.9750882983207703
35.599998474121094 -0.2727634608745575 -0.07180754095315933 0.06711523979902267 -0.2178361415863037 0.005044378340244293 -0.03457361087203026 0.9753597974777222
35.63333511352539 -0.2691684663295746 -0.07544001936912537 0.06806333363056183 -0.21647673845291138 0.00661402428522706 -0.0330737829208374 0.9757049679756165
35.66666793823242 -0.2645847797393799 -0.07941066473722458 0.06937974691390991 -0.21554024517536163 0.007111470215022564 -0.031045420095324516 0.9759753942489624
35.70000076293945 -0.2616231441497803 -0.08437733352184296 0.07057823985815048 -0.2153773158788681 0.008666704408824444 -0.028320694342255592 0.9760817289352417
35.733333587646484 -0.2586035430431366 -0.08729706704616547 0.07302428781986237 -0.21426555514335632 0.00969497300684452 -0.02668326161801815 0.9763628244400024
35.766666412353516 -0.2557944655418396 -0.09147036075592041 0.07473581284284592 -0.21448470652103424 0.010774065740406513 -0.025030460208654404 0.9763472080230713
35.79999923706055 -0.2524232268333435 -0.094389908015728 0.07789977639913559 -0.21469858288764954 0.01071400847285986 -0.023639287799596786 0.9763354659080505
35.83333206176758 -0.24899643659591675 -0.09737759083509445 0.08180908113718033 -0.21539485454559326 0.011454387567937374 -0.022022521123290062 0.9762114882469177
35.86666488647461 -0.24614207446575165 -0.09991510957479477 0.08553066104650497 -0.21505802869796753 0.012348107993602753 -0.020760638639330864 0.9763025045394897
35.900001525878906 -0.2425973266363144 -0.10262793302536011 0.09044822305440903 -0.2154804915189743 0.01111418567597866 -0.018100909888744354 0.9762771129608154
35.93333435058594 -0.24075989425182343 -0.10497822612524033 0.09520526230335236 -0.21672140061855316 0.011171962134540081 -0.015957681462168694 0.9760391712188721
35.96666717529297 -0.23767918348312378 -0.10773054510354996 0.10003811120986938 -0.21860286593437195 0.011259771883487701 -0.0151417450979352 0.9756314754486084
36.0 -0.23653791844844818 -0.1092190369963646 0.10442839562892914 -0.21864640712738037 0.013265511952340603 -0.015263710170984268 0.9755945801734924
36.03333282470703 -0.23484814167022705 -0.11239612847566605 0.10899700224399567 -0.21978533267974854 0.01362692378461361 -0.01517192367464304 0.9753350615501404
36.06666564941406 -0.23247551918029785 -0.1142704114317894 0.11366041749715805 -0.2207174003124237 0.01351673062890768 -0.015234315767884254 0.9751251339912415
36.099998474121094 -0.23046822845935822 -0.11521598696708679 0.11873966455459595 -0.220892071723938 0.014707524329423904 -0.015673307701945305 0.9750614166259766
36.13333511352539 -0.23099160194396973 -0.11610274016857147 0.12218465656042099 -0.22013568878173828 0.01823165826499462 -0.016498269513249397 0.9751593470573425
36.16666793823242 -0.23092006146907806 -0.11855605989694595 0.12565408647060394 -0.22118312120437622 0.020837699994444847 -0.01748163066804409 0.9748529195785522
36.20000076293945 -0.22915299236774445 -0.12012706696987152 0.1301950216293335 -0.22232159972190857 0.02278178557753563 -0.016728419810533524 0.9745636582374573
36.233333587646484 -0.22664502263069153 -0.12361085414886475 0.13433025777339935 -0.22434908151626587 0.02360280603170395 -0.015279438346624374 0.9741031527519226
36.266666412353516 -0.22442005574703217 -0.12505599856376648 0.1383069008588791 -0.2238244265317917 0.02394493669271469 -0.012858587317168713 0.9742504358291626
36.29999923706055 -0.22184982895851135 -0.12738487124443054 0.14238469302654266 -0.22432856261730194 0.023764705285429955 -0.010540362447500229 0.974166750907898
36.33333206176758 -0.2182423174381256 -0.1314900517463684 0.14580106735229492 -0.22672979533672333 0.02274428866803646 -0.008738369680941105 0.9736528992652893
36.36666488647461 -0.21576720476150513 -0.13214465975761414 0.1489618420600891 -0.22547632455825806 0.024179602041840553 -0.007013285532593727 0.97392338514328
36.400001525878906 -0.2124873548746109 -0.13549669086933136 0.15282893180847168 -0.2268332540988922 0.024487614631652832 -0.005208560265600681 0.9736117720603943
36.43333435058594 -0.21021685004234314 -0.1365230828523636 0.15666279196739197 -0.22685423493385315 0.02511000446975231 -0.0043484983034431934 0.9735952615737915
36.46666717529297 -0.2095802128314972 -0.13621851801872253 0.15996100008487701 -0.22570930421352386 0.02699468471109867 -0.004742170684039593 0.9738090634346008
36.5 -0.2062348872423172 -0.1392257958650589 0.1640201359987259 -0.2278432548046112 0.027756813913583755 -0.005364943761378527 0.9732873439788818
36.53333282470703 -0.20500777661800385 -0.14019474387168884 0.16823641955852509 -0.22818882763385773 0.030700523406267166 -0.0045794034376740456 0.9731220006942749
36.56666564941406 -0.20432701706886292 -0.1400468498468399 0.17221054434776306 -0.22777411341667175 0.03279385343194008 -0.004097115248441696 0.9731529951095581
36.599998474121094 -0.19858293235301971 -0.14418292045593262 0.17903243005275726 -0.2325076162815094 0.030069125816226006 -0.003568873042240739 0.9721231460571289
36.63333511352539 -0.19672562181949615 -0.1435893177986145 0.1830790787935257 -0.23346249759197235 0.03136981278657913 -0.004485607612878084 0.9718493223190308
36.66666793823242 -0.1926754117012024 -0.1480269730091095 0.18898077309131622 -0.23853829503059387 0.03243143856525421 -0.005498351063579321 0.9705758690834045
36.70000076293945 -0.19273467361927032 -0.14637750387191772 0.19290843605995178 -0.23804721236228943 0.036649879068136215 -0.005214393604546785 0.9705479145050049
36.733333587646484 -0.18922550976276398 -0.14764180779457092 0.19869717955589294 -0.24088335037231445 0.035939935594797134 -0.0051927510648965836 0.9698745608329773
36.766666412353516 -0.18858130276203156 -0.14589691162109375 0.20171216130256653 -0.23921333253383636 0.03906429558992386 -0.005079742055386305 0.9701676368713379
36.79999923706055 -0.16646745800971985 -0.1524500995874405 0.21583417057991028 -0.23867836594581604 0.03593454137444496 -0.003911200910806656 0.9704257249832153
36.83333206176758 -0.16203927993774414 -0.15397214889526367 0.22124329209327698 -0.23995257914066315 0.035145290195941925 -0.0015173341380432248 0.9701470732688904
36.86666488647461 -0.1583549678325653 -0.15461939573287964 0.22598758339881897 -0.2407347410917282 0.035134200006723404 1.4374571037478745e-05 0.9699549078941345
36.900001525878906 -0.15434040129184723 -0.15466082096099854 0.23044827580451965 -0.24114534258842468 0.03601837903261185 0.001142841181717813 0.9698197245597839
36.93333435058594 -0.1510276049375534 -0.1542239636182785 0.23497407138347626 -0.24210573732852936 0.0378444604575634 0.002942227991297841 0.969507098197937
36.96666717529297 -0.14739136397838593 -0.15401548147201538 0.23898747563362122 -0.2434830516576767 0.03870415687561035 0.004101692233234644 0.969123899936676
37.0 -0.14409232139587402 -0.15297889709472656 0.2434082180261612 -0.24444718658924103 0.040065258741378784 0.004798458889126778 0.968822717666626
37.03333282470703 -0.14035654067993164 -0.15219353139400482 0.24738556146621704 -0.24556386470794678 0.04160835221409798 0.006178743205964565 0.9684672951698303
37.06666564941406 -0.13629266619682312 -0.15149354934692383 0.2515071630477905 -0.24662791192531586 0.04283636808395386 0.007839338853955269 0.9681313037872314
37.099998474121094 -0.13251306116580963 -0.14988818764686584 0.25587040185928345 -0.24783869087696075 0.042901523411273956 0.009582043625414371 0.9678035974502563
37.13333511352539 -0.1285739690065384 -0.14779949188232422 0.2600945234298706 -0.24916070699691772 0.04273584485054016 0.010198402218520641 0.9674650430679321
37.16666793823242 -0.12470269203186035 -0.14627715945243835 0.26415351033210754 -0.25147125124931335 0.04431961104273796 0.010055363178253174 0.9667972922325134
37.20000076293945 -0.12157953530550003 -0.14437074959278107 0.26919710636138916 -0.2533489167690277 0.04774879291653633 0.009322266094386578 0.9661508798599243
37.233333587646484 -0.11821751296520233 -0.14325301349163055 0.2730885148048401 -0.2556054890155792 0.048484817147254944 0.008459995500743389 0.9655275344848633
37.266666412353516 -0.11522148549556732 -0.141376331448555 0.27714547514915466 -0.2574601471424103 0.04948539286851883 0.008556480519473553 0.9649831056594849
37.29999923706055 -0.11263658106327057 -0.14014093577861786 0.2811999022960663 -0.2590092718601227 0.05157830938696861 0.00925319641828537 0.9644523859024048
37.33333206176758 -0.10932014137506485 -0.13860560953617096 0.2847581207752228 -0.260013222694397 0.052242085337638855 0.009499980136752129 0.9641439914703369
37.36666488647461 -0.10579387098550797 -0.13632991909980774 0.28752970695495605 -0.26142051815986633 0.052513111382722855 0.009640867821872234 0.9637472629547119
37.400001525878906 -0.1035909354686737 -0.13340146839618683 0.2901502549648285 -0.2629484236240387 0.055352531373500824 0.009451008401811123 0.9631744623184204
37.43333435058594 -0.10071337223052979 -0.1310018002986908 0.2933708429336548 -0.26584553718566895 0.058862797915935516 0.009277842938899994 0.9621722102165222
37.46666717529297 -0.09759512543678284 -0.1286197006702423 0.29589417576789856 -0.2686633765697479 0.062478385865688324 0.009963134303689003 0.9611541628837585
37.5 -0.09496068209409714 -0.12712952494621277 0.29826226830482483 -0.2710288465023041 0.06269499659538269 0.010668683797121048 0.9604681134223938
37.53333282470703 -0.09351997077465057 -0.12529897689819336 0.30085116624832153 -0.27151724696159363 0.061530355364084244 0.010559948161244392 0.9604066014289856
37.56666564941406 -0.09204109758138657 -0.12469688057899475 0.3024451732635498 -0.27195897698402405 0.06155786290764809 0.00993477925658226 0.960286557674408
37.599998474121094 -0.0902673527598381 -0.12440338730812073 0.30488547682762146 -0.2731242775917053 0.06309345364570618 0.009601951576769352 0.9598594307899475
37.63333511352539 -0.08981655538082123 -0.12379065901041031 0.30761831998825073 -0.2749474346637726 0.06434006243944168 0.009222278371453285 0.9592596888542175
37.66666793823242 -0.08739189803600311 -0.12271837890148163 0.30972224473953247 -0.2765156030654907 0.06325151771306992 0.010145365260541439 0.9588719606399536
37.70000076293945 -0.08623075485229492 -0.1215207502245903 0.3123282492160797 -0.2775929570198059 0.06340322643518448 0.01079296600073576 0.9585435390472412
37.733333587646484 -0.08573294430971146 -0.11935961246490479 0.3145308792591095 -0.27742835879325867 0.06392471492290497 0.010996116325259209 0.9585542678833008
37.766666412353516 -0.08483266085386276 -0.11838535964488983 0.3168877959251404 -0.27967846393585205 0.06330794841051102 0.010943026281893253 0.9579417109489441
37.79999923706055 -0.08451463282108307 -0.11731249839067459 0.3195499777793884 -0.2819753885269165 0.06420310586690903 0.01045945007354021 0.9572139978408813
37.83333206176758 -0.08391085267066956 -0.11452925205230713 0.32151052355766296 -0.28250837326049805 0.06531839072704315 0.009315227158367634 0.956993043422699
37.86666488647461 -0.08418260514736176 -0.11284057796001434 0.3243620991706848 -0.2851580083370209 0.06656419485807419 0.008501683361828327 0.9561285376548767
37.900001525878906 -0.08346163481473923 -0.11070578545331955 0.3270939886569977 -0.2869841158390045 0.06611461192369461 0.0076452200300991535 0.9556204676628113
37.93333435058594 -0.08292358368635178 -0.10840539634227753 0.3294532597064972 -0.2891295552253723 0.06663939356803894 0.006120598409324884 0.9549480676651001
37.96666717529297 -0.08221661299467087 -0.10688244551420212 0.3329397737979889 -0.29307621717453003 0.06682666391134262 0.005455294158309698 0.9537352323532104
38.0 -0.08263929188251495 -0.10479138046503067 0.33550041913986206 -0.2952798008918762 0.06691921502351761 0.005813565570861101 0.9530466794967651
38.03333282470703 -0.08241917192935944 -0.10263262689113617 0.3377571702003479 -0.29608508944511414 0.06643126159906387 0.006189433857798576 0.952828586101532
38.06666564941406 -0.08259499073028564 -0.1007656380534172 0.34001895785331726 -0.29651740193367004 0.06772321462631226 0.005970902740955353 0.9526045918464661
38.099998474121094 -0.08214102685451508 -0.10049367696046829 0.34187033772468567 -0.298186719417572 0.068364217877388 0.005475736688822508 0.9520404934883118
38.13333511352539 -0.08112622052431107 -0.09859554469585419 0.34395211935043335 -0.29841214418411255 0.06891775131225586 0.004920564126223326 0.9519329071044922
38.16666793823242 -0.08058955520391464 -0.097598135471344 0.3465070426464081 -0.30015063285827637 0.06995226442813873 0.004357147961854935 0.9513134956359863
38.20000076293945 -0.07997661828994751 -0.09665680676698685 0.34917399287223816 -0.3026822805404663 0.07103434205055237 0.004390802700072527 0.9504305720329285
38.233333587646484 -0.07859493046998978 -0.09495025873184204 0.35077008605003357 -0.30279627442359924 0.07073058933019638 0.005178394727408886 0.9504129886627197
38.266666412353516 -0.07677500694990158 -0.09334494918584824 0.35239845514297485 -0.3026971220970154 0.06881877034902573 0.006545672193169594 0.9505764842033386
38.29999923706055 -0.07089419662952423 -0.0894857719540596 0.35958534479141235 -0.3032207190990448 0.06733588874340057 0.008250575512647629 0.9505025148391724
38.33333206176758 -0.07055447995662689 -0.0876857116818428 0.3621879518032074 -0.30464279651641846 0.06939271837472916 0.009625277481973171 0.9498867988586426
38.36666488647461 -0.06948969513177872 -0.08609920740127563 0.3642062842845917 -0.3054342567920685 0.07043848931789398 0.011454389430582523 0.9495352506637573
38.400001525878906 -0.06750752776861191 -0.08551175892353058 0.36689168214797974 -0.3085183799266815 0.0684845820069313 0.011288254521787167 0.9486826658248901
38.43333435058594 -0.06592453271150589 -0.0837341696023941 0.3665068745613098 -0.3067464232444763 0.06549844145774841 0.011320709250867367 0.9494674801826477
38.46666717529297 -0.06662125885486603 -0.0843752846121788 0.36620327830314636 -0.30441054701805115 0.0690767839550972 0.012029856443405151 0.9499568343162537
38.5 -0.06701294332742691 -0.08411774784326553 0.3661656379699707 -0.3035261631011963 0.07107853889465332 0.011956339702010155 0.9500930309295654
38.53333282470703 -0.065358966588974 -0.08646474778652191 0.36841046810150146 -0.3078629672527313 0.0691320076584816 0.012629036791622639 0.9488317370414734
38.56666564941406 -0.06498874723911285 -0.08634735643863678 0.3690783381462097 -0.3087226450443268 0.06867978721857071 0.013703885488212109 0.9485703110694885
38.599998474121094 -0.0649430900812149 -0.08636937290430069 0.3698674738407135 -0.309787780046463 0.06884187459945679 0.014449725858867168 0.9482001662254333
38.63333511352539 -0.065550297498703 -0.0852411538362503 0.3693654239177704 -0.30923810601234436 0.06920505315065384 0.014422943815588951 0.9483535885810852
38.66666793823242 -0.06536336988210678 -0.08486064523458481 0.3693818747997284 -0.3088618218898773 0.06929104775190353 0.01480533741414547 0.9484639763832092
38.70000076293945 -0.06511970609426498 -0.08543603867292404 0.368966281414032 -0.30910417437553406 0.06878907978534698 0.015017510391771793 0.9484182596206665
38.733333587646484 -0.06486926227807999 -0.08576463162899017 0.36783477663993835 -0.3086007833480835 0.06677920371294022 0.01460210420191288 0.948732316493988
38.766666412353516 -0.06629550457000732 -0.08540671318769455 0.36668920516967773 -0.30775880813598633 0.06737871468067169 0.01408393494784832 0.948971152305603
38.79999923706055 -0.06717060506343842 -0.0851023942232132 0.36663246154785156 -0.3072091341018677 0.0681760311126709 0.013502668589353561 0.9491008520126343
38.83333206176758 -0.06832181662321091 -0.08553968369960785 0.36443832516670227 -0.30536916851997375 0.0686533972620964 0.01253525260835886 0.9496732354164124
38.86666488647461 -0.06997640430927277 -0.08704407513141632 0.3625556230545044 -0.3048293888568878 0.071029432117939 0.01089567318558693 0.9496921300888062
38.900001525878906 -0.0721675381064415 -0.08953893184661865 0.36168885231018066 -0.30618658661842346 0.0742250382900238 0.009403660893440247 0.9490269422531128
38.93333435058594 -0.07240753620862961 -0.08874288201332092 0.35864582657814026 -0.30316105484962463 0.07327916473150253 0.00840364582836628 0.9500804543495178
38.96666717529297 -0.07565968483686447 -0.09079586714506149 0.35647594928741455 -0.3040817081928253 0.07562164962291718 0.005406197160482407 0.9496244788169861
39.0 -0.0781455934047699 -0.0912550613284111 0.35307687520980835 -0.3028405010700226 0.07738595455884933 0.0022808420471847057 0.9498915076255798
39.03333282470703 -0.07997065782546997 -0.09234349429607391 0.349403440952301 -0.30250152945518494 0.07790886610746384 0.0002575879043433815 0.9499594569206238
39.06666564941406 -0.08231484889984131 -0.09355446696281433 0.3457391858100891 -0.3025975227355957 0.07842408120632172 -0.0012697974452748895 0.9498856663703918
39.099998474121094 -0.08554024249315262 -0.09396257996559143 0.3415306806564331 -0.3012862503528595 0.07872963696718216 -0.004482991993427277 0.950267493724823
39.13333511352539 -0.08855079114437103 -0.09364168345928192 0.3377606272697449 -0.3009677827358246 0.07978294044733047 -0.007189513649791479 0.9502639174461365
39.16666793823242 -0.09016626328229904 -0.09392904490232468 0.3341493010520935 -0.30126556754112244 0.08145123720169067 -0.00793151929974556 0.9500221014022827
39.20000076293945 -0.0921342745423317 -0.09495082497596741 0.3299892842769623 -0.3009503483772278 0.0812489464879036 -0.007722790353000164 0.9501410126686096
39.233333587646484 -0.09465505182743073 -0.09524336457252502 0.3252737522125244 -0.29891762137413025 0.07958044111728668 -0.008096618577837944 0.9509204030036926
39.266666412353516 -0.09725654125213623 -0.09657404571771622 0.3204343914985657 -0.2969851791858673 0.07849792391061783 -0.00811267551034689 0.9516155123710632
39.29999923706055 -0.09868038445711136 -0.09768493473529816 0.3148176670074463 -0.2942170202732086 0.07855047285556793 -0.008463503792881966 0.952467679977417
39.33333206176758 -0.10036558657884598 -0.09879080951213837 0.3087296485900879 -0.2920008897781372 0.0798807218670845 -0.0085670854896307 0.9530378580093384
39.36666488647461 -0.10133060067892075 -0.0999729111790657 0.30310553312301636 -0.2899934947490692 0.08069504797458649 -0.008019336499273777 0.9535868763923645
39.400001525878906 -0.10199867933988571 -0.10160858929157257 0.29667505621910095 -0.28742319345474243 0.08125217258930206 -0.007149456534534693 0.9543243646621704
39.43333435058594 -0.10155996680259705 -0.10454686731100082 0.2909245491027832 -0.2863459289073944 0.07981188595294952 -0.005939843598753214 0.9547778367996216
39.46666717529297 -0.1022605374455452 -0.10675188153982162 0.28430578112602234 -0.28344130516052246 0.07958877086639404 -0.005169483367353678 0.95566725730896
39.5 -0.10375461727380753 -0.10907106846570969 0.27851179242134094 -0.28097617626190186 0.08096371591091156 -0.0039495131932199 0.9562853574752808
39.53333282470703 -0.10510473698377609 -0.10967238247394562 0.2717973291873932 -0.2773371636867523 0.08148752897977829 -0.0026468131691217422 0.9573071002960205
39.56666564941406 -0.10559704899787903 -0.1111847460269928 0.2645120322704315 -0.2736476957798004 0.08119452744722366 -0.0018393276259303093 0.9583950638771057
39.599998474121094 -0.1065324917435646 -0.11420340090990067 0.25781604647636414 -0.27177590131759644 0.08088184893131256 -0.0012655346654355526 0.9589548110961914
39.63333511352539 -0.10878713428974152 -0.11536847054958344 0.2510301470756531 -0.26785701513290405 0.08081836998462677 -0.00174696312751621 0.9600614905357361
39.66666793823242 -0.1088222861289978 -0.11681612581014633 0.24376118183135986 -0.264358788728714 0.0790109932422638 -0.0024462442379444838 0.9611793160438538
39.70000076293945 -0.10952518880367279 -0.11985176056623459 0.23657023906707764 -0.263258159160614 0.07891200482845306 -0.00239107059314847 0.9614896774291992
39.733333587646484 -0.11000267416238785 -0.12017367035150528 0.22907131910324097 -0.2603837549686432 0.08012709766626358 -0.0023172975052148104 0.9621718525886536
39.766666412353516 -0.10987939685583115 -0.12304162979125977 0.22166912257671356 -0.259028822183609 0.0808507427573204 -0.002678386867046356 0.9624760150909424
39.79999923706055 -0.11061446368694305 -0.12218973785638809 0.2130671590566635 -0.252571702003479 0.08077137172222137 -0.0027326487470418215 0.9641970992088318
39.83333206176758 -0.11131343245506287 -0.12269888818264008 0.20564807951450348 -0.24762248992919922 0.07926583290100098 -0.0022072719875723124 0.9656060934066772
39.86666488647461 -0.11186007410287857 -0.12486829608678818 0.19724106788635254 -0.24379287660121918 0.07795333117246628 -0.0008401374216191471 0.9666890501976013
39.900001525878906 -0.11311540752649307 -0.12654413282871246 0.18846406042575836 -0.23927415907382965 0.0783543661236763 0.0007993029430508614 0.9677850008010864
39.93333435058594 -0.1120576411485672 -0.12717734277248383 0.1791926622390747 -0.23466412723064423 0.07710758596658707 0.001478097983635962 0.9690123796463013
39.96666717529297 -0.11073541641235352 -0.13003084063529968 0.170963853597641 -0.23223918676376343 0.07679266482591629 0.003253035480156541 0.9696170687675476
40.0 -0.11039754748344421 -0.13094598054885864 0.16218742728233337 -0.2280125468969345 0.07672932744026184 0.004274212755262852 0.9706206917762756
40.03333282470703 -0.11577694118022919 -0.13229818642139435 0.13421989977359772 -0.22093521058559418 0.07815083861351013 0.0047170789912343025 0.972140908241272
40.06666564941406 -0.11577745527029037 -0.13363587856292725 0.1229851171374321 -0.2163158357143402 0.07780977338552475 0.005951741244643927 0.9731997847557068
40.099998474121094 -0.11645890772342682 -0.13466304540634155 0.11176003515720367 -0.2114814966917038 0.07558633387088776 0.007287436630576849 0.9744277000427246
40.13333511352539 -0.11832121759653091 -0.13598336279392242 0.10034786909818649 -0.2060507833957672 0.07084447890520096 0.006506234407424927 0.9759518504142761
40.16666793823242 -0.12094991654157639 -0.13732632994651794 0.08884646743535995 -0.1990843415260315 0.0705881416797638 0.0038309860974550247 0.9774293303489685
40.20000076293945 -0.12329443544149399 -0.13816574215888977 0.07607538998126984 -0.19139829277992249 0.07272234559059143 0.0005446512950584292 0.9788145422935486
40.233333587646484 -0.12694551050662994 -0.13925282657146454 0.06481967121362686 -0.1846712827682495 0.07589191198348999 -0.002107311738654971 0.9798634648323059
40.266666412353516 -0.12979203462600708 -0.13907238841056824 0.053671129047870636 -0.17744120955467224 0.07738297432661057 -0.005318525712937117 0.9810699820518494
40.29999923706055 -0.13334010541439056 -0.13877813518047333 0.042652372270822525 -0.1710258573293686 0.07931628078222275 -0.009095927700400352 0.9820266962051392
40.33333206176758 -0.1361672282218933 -0.1347654014825821 0.03161036595702171 -0.1621103435754776 0.08220192790031433 -0.011940944008529186 0.9832703471183777
40.36666488647461 -0.13932165503501892 -0.13288907706737518 0.022089451551437378 -0.1543203741312027 0.08625894784927368 -0.013905689120292664 0.9841500520706177
40.400001525878906 -0.14301936328411102 -0.13146768510341644 0.013065633364021778 -0.14611122012138367 0.08933185786008835 -0.015621236525475979 0.9851027131080627
40.43333435058594 -0.14661388099193573 -0.12811151146888733 0.003790191374719143 -0.1359747350215912 0.08997264504432678 -0.01703348569571972 0.9864713549613953
40.46666717529297 -0.1497977375984192 -0.12849238514900208 -0.0035434034653007984 -0.12945771217346191 0.08969689905643463 -0.01679854467511177 0.9873768091201782
40.5 -0.15193818509578705 -0.12609945237636566 -0.011057537980377674 -0.1220557689666748 0.08786258101463318 -0.015324256382882595 0.9885078072547913
40.53333282470703 -0.15556281805038452 -0.12358317524194717 -0.016478708013892174 -0.11524366587400436 0.08644668012857437 -0.012914096936583519 0.9894843101501465
40.56666564941406 -0.15420296788215637 -0.11856432259082794 -0.02342790737748146 -0.10744848847389221 0.08218168467283249 -0.01033440325409174 0.9907544255256653
40.599998474121094 -0.15605446696281433 -0.11718254536390305 -0.02779221162199974 -0.10345358401536942 0.08128290623426437 -0.007020942401140928 0.99128258228302
40.63333511352539 -0.15576013922691345 -0.11040570586919785 -0.03280487656593323 -0.09752129763364792 0.078851617872715 -0.0034558025654405355 0.9920989274978638
40.66666793823242 -0.15582141280174255 -0.10841916501522064 -0.0367925763130188 -0.09488002210855484 0.079334557056427 0.0006232307059690356 0.9923222661018372
40.70000076293945 -0.1548866331577301 -0.10476192831993103 -0.04059668630361557 -0.09176301211118698 0.07886816561222076 0.0030753049068152905 0.9926478862762451
40.733333587646484 -0.15515220165252686 -0.10052990168333054 -0.04377986118197441 -0.08797658234834671 0.07813012599945068 0.004306746181100607 0.9930444955825806
40.766666412353516 -0.15644972026348114 -0.09719357639551163 -0.0458800382912159 -0.08410555869340897 0.07818067073822021 0.0047460077330470085 0.9933738708496094
40.79999923706055 -0.15645046532154083 -0.09310924261808395 -0.04863949492573738 -0.08018039911985397 0.07767752557992935 0.004745229613035917 0.9937378168106079
40.83333206176758 -0.15701454877853394 -0.08934402465820312 -0.048839766532182693 -0.07683295756578445 0.07873888313770294 0.00397505983710289 0.9939220547676086
40.86666488647461 -0.1568489372730255 -0.08592838048934937 -0.0500829853117466 -0.07413273304700851 0.07943274080753326 0.0035127766896039248 0.994073748588562
40.900001525878906 -0.15491870045661926 -0.08331231772899628 -0.04974682256579399 -0.07095962017774582 0.07774805277585983 0.005240094382315874 0.9944307208061218
40.93333435058594 -0.15405309200286865 -0.07887440919876099 -0.049786146730184555 -0.06444314122200012 0.07500755786895752 0.00927431508898735 0.9950553178787231
40.96666717529297 -0.15079288184642792 -0.07322271168231964 -0.049113914370536804 -0.0584602989256382 0.07050921022891998 0.013042885810136795 0.9957111477851868
41.0 -0.1480712741613388 -0.06967374682426453 -0.046786244958639145 -0.05583922937512398 0.06947913020849228 0.015858931466937065 0.995893120765686
41.03333282470703 -0.14392948150634766 -0.06431259214878082 -0.04586837813258171 -0.052191685885190964 0.0681028813123703 0.019377319142222404 0.9961237907409668
41.06666564941406 -0.13996969163417816 -0.06206832453608513 -0.04437033459544182 -0.050234388560056686 0.06514725089073181 0.023513050749897957 0.9963330626487732
41.099998474121094 -0.1374143809080124 -0.05752553790807724 -0.042672477662563324 -0.04670223221182823 0.06358542293310165 0.026246795430779457 0.9965375065803528
41.13333511352539 -0.1333230435848236 -0.05442941188812256 -0.04107825458049774 -0.044135309755802155 0.06248379498720169 0.027358440682291985 0.9966942667961121
41.16666793823242 -0.13134442269802094 -0.052934616804122925 -0.03909415006637573 -0.04130061715841293 0.06313737481832504 0.02676624432206154 0.9967906475067139
41.20000076293945 -0.1301477700471878 -0.050175443291664124 -0.03866724297404289 -0.03724673390388489 0.06367478519678116 0.02547452226281166 0.9969500303268433
41.233333587646484 -0.12944509088993073 -0.04778710752725601 -0.037393491715192795 -0.0323161818087101 0.06482366472482681 0.024469079449772835 0.9970731139183044
41.266666412353516 -0.1275804340839386 -0.04480203986167908 -0.03576913848519325 -0.025997858494520187 0.06571301817893982 0.023643681779503822 0.9972196221351624
41.29999923706055 -0.12591956555843353 -0.042655251920223236 -0.033631447702646255 -0.021355492994189262 0.06732502579689026 0.024191606789827347 0.9972091913223267
41.33333206176758 -0.1259363889694214 -0.04000767320394516 -0.02910127118229866 -0.019345026463270187 0.06913670897483826 0.024984145537018776 0.997106671333313
41.36666488647461 -0.12510710954666138 -0.037149541079998016 -0.024940095841884613 -0.019765974953770638 0.0687856376171112 0.023920314386487007 0.9971488118171692
41.400001525878906 -0.12471582740545273 -0.034821219742298126 -0.019086716696619987 -0.020740386098623276 0.06941864639520645 0.02364971861243248 0.9970915913581848
41.43333435058594 -0.12578220665454865 -0.03350416570901871 -0.014420599676668644 -0.021769849583506584 0.07082896679639816 0.023282060399651527 0.9969790577888489
41.46666717529297 -0.12585069239139557 -0.03104325942695141 -0.010697858408093452 -0.021646568551659584 0.07035718858242035 0.021874120458960533 0.9970470666885376
41.5 -0.12623941898345947 -0.030920442193746567 -0.005762907210737467 -0.0240920577198267 0.06895583122968674 0.020276127383112907 0.9971226453781128
41.53333282470703 -0.1263677030801773 -0.029678422957658768 -0.002355293370783329 -0.02534743770956993 0.06861409544944763 0.018788659945130348 0.9971442222595215
41.56666564941406 -0.1255197376012802 -0.027159309014678 0.00026631567743606865 -0.02428591251373291 0.06766587495803833 0.01885409653186798 0.9972342252731323
41.599998474121094 -0.12623605132102966 -0.026039952412247658 0.004317040089517832 -0.024313688278198242 0.06477497518062592 0.018562739714980125 0.9974309206008911
41.63333511352539 -0.1271572858095169 -0.0247846357524395 0.008207852952182293 -0.025055628269910812 0.0626165121793747 0.017612971365451813 0.9975675940513611
41.66666793823242 -0.12725797295570374 -0.02207326702773571 0.011082585901021957 -0.02545052208006382 0.06352908164262772 0.017849184572696686 0.9974957704544067
41.70000076293945 -0.12761864066123962 -0.018519222736358643 0.012962770648300648 -0.02519877627491951 0.06513718515634537 0.017346572130918503 0.9974073171615601
41.733333587646484 -0.12805159389972687 -0.01836264505982399 0.01601783186197281 -0.027491386979818344 0.06486055254936218 0.0174349807202816 0.9973632097244263
41.766666412353516 -0.12815092504024506 -0.01424542348831892 0.018315831199288368 -0.027953393757343292 0.06354016065597534 0.018189851194620132 0.99742192029953
41.79999923706055 -0.1267605870962143 -0.016219988465309143 0.01858663745224476 -0.026871835812926292 0.06233906373381615 0.020868368446826935 0.9974749684333801
41.83333206176758 -0.12349611520767212 -0.01781500317156315 0.017630157992243767 -0.02430904470384121 0.06445479393005371 0.02246287651360035 0.9973716139793396
41.86666488647461 -0.12157487869262695 -0.016382617875933647 0.017533758655190468 -0.02375011332333088 0.0651894062757492 0.023631641641259193 0.9973104000091553
41.900001525878906 -0.1200907826423645 -0.014595415443181992 0.018927715718746185 -0.024174394086003304 0.06348022818565369 0.0258480217307806 0.9973554611206055
41.93333435058594 -0.11789353936910629 -0.01467742957174778 0.018918726593255997 -0.023018838837742805 0.06357647478580475 0.029808135703206062 0.9972661137580872
41.96666717529297 -0.11511310189962387 -0.01382497325539589 0.017435546964406967 -0.02102247253060341 0.06404578685760498 0.03353674337267876 0.9971617460250854
42.0 -0.11361143738031387 -0.014010734856128693 0.014643554575741291 -0.01597265712916851 0.06486192345619202 0.03348416090011597 0.9972044229507446
42.03333282470703 -0.11486350744962692 -0.011309902183711529 0.011788906529545784 -0.011699650436639786 0.0654565766453743 0.030995460227131844 0.9973053336143494
42.06666564941406 -0.11491446197032928 -0.011232648976147175 0.010543563403189182 -0.008743044920265675 0.0654178336262703 0.030363574624061584 0.9973576068878174
42.099998474121094 -0.11348292231559753 -0.010067496448755264 0.010730134323239326 -0.009156635031104088 0.06502330303192139 0.03251446411013603 0.9973118901252747
42.13333511352539 -0.11308535933494568 -0.009960894472897053 0.01108579058200121 -0.010304532945156097 0.06530506163835526 0.034762535244226456 0.997206449508667
42.16666793823242 -0.11405616253614426 -0.011213724501430988 0.010956056416034698 -0.010061022825539112 0.0651869997382164 0.03219691663980484 0.9973028302192688
42.20000076293945 -0.11386696249246597 -0.010874607600271702 0.010859980247914791 -0.009606738574802876 0.06508290022611618 0.03216055408120155 0.9973152279853821
42.233333587646484 -0.11391332000494003 -0.011349665932357311 0.011479027569293976 -0.010627049021422863 0.06570970267057419 0.03375951573252678 0.9972109198570251
42.266666412353516 -0.11410815268754959 -0.011923194862902164 0.011245711706578732 -0.010825792327523232 0.06506925821304321 0.03238338977098465 0.9972964525222778
42.29999923706055 -0.11383089423179626 -0.010698515921831131 0.010432954877614975 -0.009773618541657925 0.06486590206623077 0.032261863350868225 0.997324526309967
42.33333206176758 -0.11412319540977478 -0.011941391043365002 0.01159130223095417 -0.010516493581235409 0.06532201915979385 0.03288085386157036 0.997266948223114
42.36666488647461 -0.11466056853532791 -0.01228933036327362 0.011529548093676567 -0.011373582296073437 0.06531456857919693 0.03188864141702652 0.9972901940345764
42.400001525878906 -0.11375351250171661 -0.009541347622871399 0.00996285118162632 -0.00978349894285202 0.06481553614139557 0.032507624477148056 0.9973196387290955
42.43333435058594 -0.11455057561397552 -0.012376160360872746 0.011947068385779858 -0.01111733727157116 0.0653308555483818 0.03260817378759384 0.997268795967102
42.46666717529297 -0.11543557047843933 -0.009433741681277752 0.010737234726548195 -0.009538036771118641 0.06582228094339371 0.03205888718366623 0.9972707033157349
42.5 -0.1150863841176033 -0.006062263622879982 0.008610197342932224 -0.006841751746833324 0.0655132308602333 0.032248083502054214 0.9973070621490479
42.53333282470703 -0.11562057584524155 -0.007821471430361271 0.009519951418042183 -0.00748137291520834 0.06568538397550583 0.03161606565117836 0.9973113536834717
42.56666564941406 -0.11541077494621277 -0.008208639919757843 0.010449872352182865 -0.008795100264251232 0.06574662029743195 0.032101307064294815 0.9972811341285706
42.599998474121094 -0.11583677679300308 -0.00664461450651288 0.00906981248408556 -0.007376512046903372 0.06601504236459732 0.03218156844377518 0.997272253036499
42.63333511352539 -0.11581679433584213 -0.006592427846044302 0.009513845667243004 -0.007379364687949419 0.06573319435119629 0.0316171832382679 0.9973089098930359
42.66666793823242 -0.11598313599824905 -0.00783561635762453 0.01068295817822218 -0.008284702897071838 0.0661790743470192 0.03203243017196655 0.9972590208053589
42.70000076293945 -0.11665458977222443 -0.006612981669604778 0.008793960325419903 -0.006883101537823677 0.06643029302358627 0.03152003884315491 0.9972693920135498
42.733333587646484 -0.11622283607721329 -0.006470419466495514 0.009623495861887932 -0.007128147874027491 0.0660436823964119 0.03168438374996185 0.9972881078720093
42.766666412353516 -0.11665479838848114 -0.006192597094923258 0.008660431951284409 -0.006872439291328192 0.06640280783176422 0.0317625030875206 0.9972635507583618
42.79999923706055 -0.1159481555223465 -0.006595964077860117 0.009166855365037918 -0.006746307946741581 0.0658869817852974 0.031692758202552795 0.9973008632659912
42.83333206176758 -0.11574479192495346 -0.0072689298540353775 0.010163337923586369 -0.007711390499025583 0.06594830006361008 0.03222445026040077 0.997272789478302
42.86666488647461 -0.1158905029296875 -0.007406022399663925 0.009802000597119331 -0.007427391596138477 0.06599733978509903 0.03217867761850357 0.9972731471061707
42.900001525878906 -0.11580256372690201 -0.00558612821623683 0.008657485246658325 -0.006574416998773813 0.06578592956066132 0.031657956540584564 0.9973098039627075
42.93333435058594 -0.11642193049192429 -0.008222591131925583 0.009873617440462112 -0.008237243629992008 0.06646336615085602 0.032020412385463715 0.9972409605979919
42.96666717529297 -0.11602742224931717 -0.005932474043220282 0.00883975625038147 -0.006664636544883251 0.0658571869134903 0.03144143894314766 0.9973114132881165
43.0 -0.11607790738344193 -0.006090590264648199 0.008588280528783798 -0.0068675801157951355 0.06599069386720657 0.03158487752079964 0.9972966313362122
43.03333282470703 -0.11631020903587341 -0.007838415913283825 0.009970025159418583 -0.007733828388154507 0.06636121869087219 0.03228441998362541 0.9972432255744934
43.06666564941406 -0.11597983539104462 -0.006875425577163696 0.009305982850492 -0.0072667296044528484 0.06596793979406357 0.031789470463991165 0.9972888231277466
43.099998474121094 -0.11596328765153885 -0.0055795530788600445 0.008439400233328342 -0.006384092383086681 0.06594269722700119 0.03172459825873375 0.9972985982894897
43.13333511352539 -0.11631923168897629 -0.00911699328571558 0.010518265888094902 -0.008540851064026356 0.06636112928390503 0.03215836361050606 0.9972407817840576
43.16666793823242 -0.11623784899711609 -0.006232636980712414 0.008901078253984451 -0.007104938849806786 0.06602264195680618 0.03144664317369461 0.9972972273826599
43.20000076293945 -0.1161036565899849 -0.006245317868888378 0.00899601262062788 -0.006946098525077105 0.06603993475437164 0.03177044540643692 0.9972869157791138
43.233333587646484 -0.11589188873767853 -0.00795745849609375 0.010486872866749763 -0.00823163241147995 0.06608156114816666 0.03238070383667946 0.9972547292709351
43.266666412353516 -0.11575191468000412 -0.006605881731957197 0.009295070543885231 -0.007283051963895559 0.0658731758594513 0.031855806708335876 0.9972928166389465
43.29999923706055 -0.11653880029916763 -0.006975323427468538 0.00920953880995512 -0.007529681548476219 0.06649193167686462 0.03176281601190567 0.997252881526947
43.33333206176758 -0.11593932658433914 -0.007012407295405865 0.01005998719483614 -0.007501338142901659 0.06609036028385162 0.032378196716308594 0.9972600340843201
43.36666488647461 -0.11656467616558075 -0.006468071136623621 0.009252571500837803 -0.007230000104755163 0.06646496802568436 0.03201416879892349 0.9972488284111023
43.400001525878906 -0.11598224937915802 -0.007878603413701057 0.009660736657679081 -0.008078777231276035 0.06609082967042923 0.03196178749203682 0.9972688555717468
43.43333435058594 -0.11611683666706085 -0.008967865258455276 0.010618449188768864 -0.008692963048815727 0.06631113588809967 0.032440245151519775 0.9972336888313293
43.46666717529297 -0.11617598682641983 -0.0068578459322452545 0.009334834292531013 -0.0075213732197880745 0.06619729101657867 0.031970880925655365 0.9972659349441528
43.5 -0.11601492017507553 -0.007778170984238386 0.009999070316553116 -0.008099466562271118 0.06617563217878342 0.03209911286830902 0.9972586631774902
43.53333282470703 -0.11573182791471481 -0.007265835534781218 0.010382113046944141 -0.008347831666469574 0.06603533774614334 0.03235294669866562 0.9972577095031738
43.56666564941406 -0.11611898988485336 -0.008551863953471184 0.011175651103258133 -0.00975071918219328 0.06633485853672028 0.03201283887028694 0.9972361326217651
43.599998474121094 -0.11651153117418289 -0.00705892127007246 0.010452763177454472 -0.009168910793960094 0.06634443998336792 0.0314544141292572 0.9972587823867798
43.63333511352539 -0.11630801111459732 -0.008052945137023926 0.010362065397202969 -0.008877056650817394 0.06626570969820023 0.03176292032003403 0.997256875038147
43.66666793823242 -0.11605644226074219 -0.006310175638645887 0.009625973179936409 -0.007454432547092438 0.0661257654428482 0.03190477564930916 0.9972732663154602
43.70000076293945 -0.11608089506626129 -0.009072404354810715 0.011245564557611942 -0.010047873482108116 0.06628692895174026 0.03198258578777313 0.9972373247146606
43.733333587646484 -0.1167292594909668 -0.007887664251029491 0.010416305623948574 -0.009678371250629425 0.0665283128619194 0.03119506686925888 0.9972498416900635
43.766666412353516 -0.1160983070731163 -0.007543823681771755 0.010194703005254269 -0.008855566382408142 0.06599926948547363 0.031237229704856873 0.9972912669181824
43.79999923706055 -0.11593527346849442 -0.006197100039571524 0.00902638304978609 -0.007780916523188353 0.06591939926147461 0.03121434524655342 0.9973062872886658
43.83333206176758 -0.11650781333446503 -0.008440731093287468 0.01096179336309433 -0.009439709596335888 0.06648518145084381 0.0316406786441803 0.9972409605979919
43.86666488647461 -0.11671950668096542 -0.007000444922596216 0.010248777456581593 -0.008776810951530933 0.0662841647863388 0.030780073255300522 0.9972873330116272
43.900001525878906 -0.1171126663684845 -0.006224413402378559 0.009993130341172218 -0.008223308250308037 0.06657727807760239 0.031092412769794464 0.9972628355026245
43.93333435058594 -0.11651716381311417 -0.00796134490519762 0.011214936152100563 -0.009360505267977715 0.06645882874727249 0.031888026744127274 0.9972355961799622
43.96666717529297 -0.11663904041051865 -0.00518591096624732 0.009671658277511597 -0.006699652411043644 0.0664578452706337 0.031965017318725586 0.9972546100616455
44.0 -0.11671881377696991 -0.006448050960898399 0.010123316198587418 -0.0071998885832726955 0.06642919778823853 0.03174382820725441 0.9972601532936096
44.03333282470703 -0.1169663816690445 -0.007506426423788071 0.011078267358243465 -0.008494589477777481 0.06675341725349426 0.03195061907172203 0.9972216486930847
44.06666564941406 -0.11734914034605026 -0.008143708109855652 0.010954214259982109 -0.009229197166860104 0.06695987284183502 0.03175967186689377 0.9972073435783386
44.099998474121094 -0.11689910292625427 -0.005902268923819065 0.00969270896166563 -0.007343325298279524 0.0664447695016861 0.031424060463905334 0.9972681403160095
44.13333511352539 -0.11683852225542068 -0.008335133083164692 0.011266284622251987 -0.008407453075051308 0.06668462604284286 0.03212828189134598 0.9972212910652161
44.16666793823242 -0.1171189397573471 -0.006316944491118193 0.010198138654232025 -0.0076837060041725636 0.06678225100040436 0.03192342072725296 0.997227132320404
44.20000076293945 -0.11690147966146469 -0.005321143195033073 0.009512105025351048 -0.006868110969662666 0.06662032753229141 0.03175530210137367 0.9972493052482605
44.233333587646484 -0.1167958676815033 -0.007961989380419254 0.010516912676393986 -0.008078433573246002 0.06658722460269928 0.03183062747120857 0.9972400665283203
44.266666412353516 -0.11665219813585281 -0.00803725328296423 0.011189565062522888 -0.008252698928117752 0.06659960001707077 0.03201518580317497 0.9972319006919861
44.29999923706055 -0.11692962050437927 -0.006459027994424105 0.010173283517360687 -0.007632269524037838 0.0665423646569252 0.03153654560446739 0.9972559213638306
44.33333206176758 -0.11739924550056458 -0.008494860492646694 0.011072253808379173 -0.009234805591404438 0.06702924519777298 0.03173394128680229 0.997203528881073
44.36666488647461 -0.11665144562721252 -0.006321171298623085 0.009550211019814014 -0.007500055246055126 0.06644685566425323 0.031776171177625656 0.9972556829452515
44.400001525878906 -0.11702753603458405 -0.006365401204675436 0.009995469823479652 -0.007178656291216612 0.06675493717193604 0.03219208866357803 0.9972241520881653
44.43333435058594 -0.11721857637166977 -0.007873031310737133 0.01088214572519064 -0.008405433036386967 0.06699085235595703 0.032218512147665024 0.9971978664398193
44.46666717529297 -0.11658366769552231 -0.007693007588386536 0.010464283637702465 -0.008321454748511314 0.06639077514410019 0.03178831934928894 0.9972525238990784
44.5 -0.11701592803001404 -0.006564515642821789 0.009751545265316963 -0.0076579684391617775 0.06664799153804779 0.031672388315200806 0.9972443580627441
44.53333282470703 -0.11653370410203934 -0.00810394436120987 0.010782496072351933 -0.008578925393521786 0.06643046438694 0.03205586224794388 0.9972391724586487
44.56666564941406 -0.11692420393228531 -0.005777221638709307 0.009307612664997578 -0.00718088261783123 0.06651998311281204 0.03154987469315529 0.9972603917121887
44.599998474121094 -0.11681491136550903 -0.006946564186364412 0.010208802297711372 -0.007597795687615871 0.06659387797117233 0.031931985169649124 0.9972401857376099
44.63333511352539 -0.11631714552640915 -0.007895096205174923 0.010699432343244553 -0.008228459395468235 0.06632880121469498 0.032238028943538666 0.9972429275512695
44.66666793823242 -0.11729862540960312 -0.006878547370433807 0.010418792255222797 -0.00761879188939929 0.0668468177318573 0.03165651857852936 0.9972319006919861
44.70000076293945 -0.11668065190315247 -0.00778523413464427 0.01060258224606514 -0.00828292965888977 0.06660033017396927 0.03209224343299866 0.9972291588783264
44.733333587646484 -0.11633359640836716 -0.006383026950061321 0.010031218640506268 -0.00738196587190032 0.06636810302734375 0.03227168694138527 0.9972459077835083
44.766666412353516 -0.11671590805053711 -0.006100222934037447 0.009625815786421299 -0.0069185895845294 0.06653424352407455 0.03187853470444679 0.9972507953643799
44.79999923706055 -0.11604948341846466 -0.006811037193983793 0.010398836806416512 -0.00724245747551322 0.06615433841943741 0.03236273676156998 0.997258186340332
44.83333206176758 -0.11646836251020432 -0.00757082412019372 0.01089014858007431 -0.007806362584233284 0.06660091876983643 0.032508205622434616 0.9972195029258728
44.86666488647461 -0.11649192869663239 -0.00575966015458107 0.009237284772098064 -0.006500665098428726 0.06636453419923782 0.03185195475816727 0.9972657561302185
44.900001525878906 -0.11686283349990845 -0.0069760046899318695 0.009724470786750317 -0.007238005753606558 0.06666778028011322 0.03188209980726242 0.9972394704818726
44.93333435058594 -0.1162668913602829 -0.007122536189854145 0.010331197641789913 -0.007512290496379137 0.06643432378768921 0.03280011937022209 0.9972232580184937
44.96666717529297 -0.11661502718925476 -0.006347490008920431 0.00929291546344757 -0.0069354516454041 0.06639888137578964 0.03195339813828468 0.9972572922706604
45.0 -0.11656542867422104 -0.007226421497762203 0.009970983490347862 -0.006868876051157713 0.06648579984903336 0.03193535655736923 0.9972525238990784
45.03333282470703 -0.11582756042480469 -0.00680190185084939 0.010081351734697819 -0.0072914850898087025 0.06609536707401276 0.03253590688109398 0.9972561001777649
45.06666564941406 -0.11559416353702545 -0.007517044432461262 0.010224291123449802 -0.008105956017971039 0.06581216305494308 0.0320671908557415 0.9972836971282959
45.099998474121094 -0.1163836419582367 -0.0091636274009943 0.010704562067985535 -0.008674952201545238 0.06648676097393036 0.03221834823489189 0.9972293376922607
45.13333511352539 -0.11642874032258987 -0.00768854096531868 0.010170336812734604 -0.007855749689042568 0.06648329645395279 0.032238639891147614 0.9972357153892517
45.16666793823242 -0.11616965383291245 -0.006416538264602423 0.009525098837912083 -0.007572212256491184 0.06607496738433838 0.031987253576517105 0.9972731471061707
45.20000076293945 -0.11529982835054398 -0.007870140485465527 0.010371873155236244 -0.008663294836878777 0.06562765687704086 0.03210299089550972 0.9972900748252869
45.233333587646484 -0.11619053035974503 -0.007140088360756636 0.010446639731526375 -0.008059440180659294 0.0661105364561081 0.03161855414509773 0.9972786903381348
45.266666412353516 -0.11641497910022736 -0.007779257837682962 0.010073256678879261 -0.008124473504722118 0.0664186179637909 0.03185548260807991 0.9972501993179321
45.29999923706055 -0.11633023619651794 -0.008823396638035774 0.01030314713716507 -0.00842499453574419 0.06657864898443222 0.032538965344429016 0.9972149133682251
45.33333206176758 -0.11576344817876816 -0.006345233879983425 0.009017164818942547 -0.0070189121179282665 0.06589201837778091 0.03202246502041817 0.997288167476654
45.36666488647461 -0.11554396897554398 -0.00911488477140665 0.010745273903012276 -0.008533314801752567 0.06578636169433594 0.03206055611371994 0.9972820281982422
45.400001525878906 -0.11566849052906036 -0.00791205931454897 0.009338932111859322 -0.007002658676356077 0.06571542471647263 0.03145424276590347 0.9973179697990417
45.43333435058594 -0.11708876490592957 -0.010029224678874016 0.00980913732200861 -0.007692801766097546 0.07127317786216736 0.03292310982942581 0.996883749961853
45.46666717529297 -0.11853914707899094 -0.011625821702182293 0.01095376256853342 -0.009601371362805367 0.08166535198688507 0.03681051358580589 0.9959335327148438
45.5 -0.11761277168989182 -0.011977305635809898 0.009838678874075413 -0.00810418464243412 0.08354857563972473 0.03745686262845993 0.9957665205001831
45.53333282470703 -0.11888150870800018 -0.01084688026458025 0.010036145336925983 -0.007880639284849167 0.0866493284702301 0.03777932748198509 0.9954911470413208
45.56666564941406 -0.11650940030813217 -0.01237858273088932 0.011774098500609398 -0.011045228689908981 0.0952061116695404 0.04245791211724281 0.994490385055542
45.599998474121094 -0.1143178716301918 -0.014336940832436085 0.011994429863989353 -0.014937507919967175 0.10648512095212936 0.04608890041708946 0.9931332468986511
45.63333511352539 -0.11246877908706665 -0.015352034941315651 0.011496027000248432 -0.01736082136631012 0.11502635478973389 0.05073641985654831 0.9919140338897705
45.66666793823242 -0.1109418123960495 -0.01680239476263523 0.009705288335680962 -0.01824633963406086 0.12077214568853378 0.054140765219926834 0.9910348653793335
45.70000076293945 -0.10768105089664459 -0.02172594517469406 0.006943944375962019 -0.01769433543086052 0.1243850365281105 0.058383259922266006 0.9903568625450134
45.733333587646484 -0.10772214084863663 -0.027141442522406578 0.001517018536105752 -0.014267876744270325 0.13050305843353271 0.06002253666520119 0.9895265698432922
45.766666412353516 -0.10636644810438156 -0.03341381624341011 -0.0044743651524186134 -0.010914946906268597 0.13577266037464142 0.0623791329562664 0.9887140393257141
45.79999923706055 -0.10469470173120499 -0.03886083513498306 -0.010766096413135529 -0.0066179852001369 0.13674992322921753 0.06136146932840347 0.9886811971664429
45.83333206176758 -0.10329397767782211 -0.04717239364981651 -0.01734038256108761 -0.005377522669732571 0.13885380327701569 0.06328406929969788 0.9882741570472717
45.86666488647461 -0.09897014498710632 -0.05354638770222664 -0.022780781611800194 -0.003107579657807946 0.1410440057516098 0.06616175919771194 0.9877852201461792
45.900001525878906 -0.09369269013404846 -0.06293857842683792 -0.029339339584112167 -0.0027068620547652245 0.14490942656993866 0.06983251869678497 0.9869738817214966
45.93333435058594 -0.08821926265954971 -0.0670861080288887 -0.03492195904254913 0.0017422637902200222 0.15058963000774384 0.0738014280796051 0.9858362674713135
45.96666717529297 -0.08324625343084335 -0.07657678425312042 -0.04094772785902023 0.003279265947639942 0.15709282457828522 0.07910475879907608 0.9844052195549011
46.0 -0.07574602216482162 -0.0814221054315567 -0.04853265359997749 0.007686529774218798 0.16151005029678345 0.08474758267402649 0.983195424079895
46.03333282470703 -0.06738205254077911 -0.0846090167760849 -0.0615236796438694 0.01219923421740532 0.16636846959590912 0.09189929068088531 0.9816961288452148
46.06666564941406 -0.05754094198346138 -0.09114185720682144 -0.06681536138057709 0.012719949707388878 0.1730002760887146 0.09801802039146423 0.9799497723579407
46.099998474121094 -0.0456918403506279 -0.09972976893186569 -0.07185778766870499 0.0112133314833045 0.1804703325033188 0.10432592779397964 0.9779677391052246
46.13333511352539 -0.03445934131741524 -0.1066928580403328 -0.0755029171705246 0.011160082183778286 0.18648119270801544 0.11109811067581177 0.9760929346084595
46.16666793823242 -0.024036604911088943 -0.11234621703624725 -0.07997724413871765 0.012450188398361206 0.192358136177063 0.11653874069452286 0.9743008613586426
46.20000076293945 -0.013191347010433674 -0.11908885091543198 -0.08316219598054886 0.014187966473400593 0.19999821484088898 0.12086126953363419 0.9722098708152771
46.233333587646484 -0.0008978195255622268 -0.12644504010677338 -0.08824674785137177 0.01489502564072609 0.20720921456813812 0.12529565393924713 0.9701255559921265
46.266666412353516 0.011934742331504822 -0.13397134840488434 -0.09017077088356018 0.015478194691240788 0.21223898231983185 0.13114529848098755 0.9682540893554688
46.29999923706055 0.022167105227708817 -0.13835380971431732 -0.0913061797618866 0.018213441595435143 0.21867157518863678 0.13774804770946503 0.9658553600311279
46.33333206176758 0.03601926937699318 -0.14457212388515472 -0.09304176270961761 0.01853756606578827 0.2260236144065857 0.1435619592666626 0.9633066058158875
46.36666488647461 0.050639547407627106 -0.15346699953079224 -0.09588547050952911 0.0184268020093441 0.2324407547712326 0.15009218454360962 0.960783064365387
46.400001525878906 0.0653085857629776 -0.1629360318183899 -0.10025642067193985 0.017306270077824593 0.2383967638015747 0.15697507560253143 0.9582412838935852
46.43333435058594 0.08007300645112991 -0.1660868376493454 -0.09844320267438889 0.019231896847486496 0.24388335645198822 0.1651526242494583 0.9554452896118164
46.46666717529297 0.09163037687540054 -0.17081041634082794 -0.10019053518772125 0.020799903199076653 0.24941667914390564 0.17215928435325623 0.9527433514595032
46.5 0.09680239111185074 -0.17267319560050964 -0.11544741690158844 0.027888711541891098 0.25851982831954956 0.17674988508224487 0.9492887854576111
46.53333282470703 0.11390983313322067 -0.1787819117307663 -0.11850186437368393 0.03312867879867554 0.2646678388118744 0.1828177273273468 0.9462722539901733
46.56666564941406 0.1291971653699875 -0.18787547945976257 -0.11937477439641953 0.03322939947247505 0.26920372247695923 0.1896289885044098 0.9436450600624084
46.599998474121094 0.14562757313251495 -0.19355569779872894 -0.12065701931715012 0.03518037125468254 0.2742590606212616 0.19767147302627563 0.9404628872871399
46.63333511352539 0.1617576777935028 -0.20067663490772247 -0.1222924217581749 0.03690000995993614 0.27980390191078186 0.2047054022550583 0.9372534155845642
46.66666793823242 0.1810632348060608 -0.20809553563594818 -0.12582729756832123 0.03702229633927345 0.28368863463401794 0.2118138074874878 0.9344972372055054
46.70000076293945 0.19953122735023499 -0.21541544795036316 -0.12656928598880768 0.036185044795274734 0.29002973437309265 0.22037069499492645 0.930596649646759
46.733333587646484 0.22045445442199707 -0.22016502916812897 -0.13014960289001465 0.0350530706346035 0.29526010155677795 0.2273542732000351 0.9273093938827515
46.766666412353516 0.23980587720870972 -0.22654898464679718 -0.1290735900402069 0.03287366032600403 0.301573246717453 0.23332002758979797 0.9238694310188293
46.79999923706055 0.261251300573349 -0.2333693653345108 -0.12930692732334137 0.029628464952111244 0.3073485791683197 0.23872366547584534 0.9206900000572205
46.83333206176758 0.27913057804107666 -0.23526830971240997 -0.12849925458431244 0.02983708865940571 0.31221750378608704 0.24328528344631195 0.9178465604782104
46.86666488647461 0.29805368185043335 -0.2402317374944687 -0.12624229490756989 0.02722707763314247 0.3150700330734253 0.24899476766586304 0.9154186248779297
46.900001525878906 0.3169974088668823 -0.24391646683216095 -0.12281293421983719 0.023594267666339874 0.3193642199039459 0.2550816237926483 0.9123503565788269
46.93333435058594 0.3392486870288849 -0.24143800139427185 -0.12363860756158829 0.024214105680584908 0.3268948197364807 0.2606489658355713 0.9080834984779358
46.96666717529297 0.35782912373542786 -0.23985104262828827 -0.12062937021255493 0.024198155850172043 0.33247634768486023 0.2672562897205353 0.9041283130645752
47.0 0.3775835335254669 -0.24046556651592255 -0.11704694479703903 0.02249370515346527 0.3364275097846985 0.2740778625011444 0.9006619453430176
47.03333282470703 0.396497905254364 -0.2416127324104309 -0.11316791921854019 0.018516667187213898 0.3412041962146759 0.279595285654068 0.8972532153129578
47.06666564941406 0.4119214713573456 -0.24283535778522491 -0.10933294892311096 0.013443083502352238 0.34714969992637634 0.2836745083332062 0.8937757611274719
47.099998474121094 0.4269103407859802 -0.24414129555225372 -0.10484697669744492 0.008798135444521904 0.3518717288970947 0.2858954966068268 0.891275942325592
47.13333511352539 0.4425564706325531 -0.24506841599941254 -0.0998760536313057 0.002889355644583702 0.3562008738517761 0.2885523736476898 0.8887351751327515
47.16666793823242 0.45647239685058594 -0.2441398948431015 -0.09569236636161804 -0.0017721523763611913 0.3595659136772156 0.29191675782203674 0.8862809538841248
47.20000076293945 0.47058144211769104 -0.24188154935836792 -0.09218466281890869 -0.003927852027118206 0.3608122766017914 0.2959904074668884 0.8844144344329834
47.233333587646484 0.4846467673778534 -0.23971347510814667 -0.08766365051269531 -0.006241955328732729 0.3626280426979065 0.2992940843105316 0.8825446963310242
47.266666412353516 0.4978511929512024 -0.2400495857000351 -0.08334236592054367 -0.011048697866499424 0.366485059261322 0.3025446832180023 0.8797917366027832
47.29999923706055 0.5118585228919983 -0.23970001935958862 -0.07916847616434097 -0.014265581965446472 0.3684125244617462 0.3047960698604584 0.8781618475914001
47.33333206176758 0.5197754502296448 -0.23686730861663818 -0.07555080950260162 -0.015637310221791267 0.37071412801742554 0.30501633882522583 0.877092719078064
47.36666488647461 0.5293878316879272 -0.23560857772827148 -0.07183948904275894 -0.020424004644155502 0.37415823340415955 0.30521640181541443 0.875460684299469
47.400001525878906 0.5389803051948547 -0.23393180966377258 -0.06736961007118225 -0.024730032309889793 0.37648653984069824 0.30677953362464905 0.8738036155700684
47.43333435058594 0.5514163374900818 -0.23161737620830536 -0.063214510679245 -0.02785949595272541 0.37635210156440735 0.30857589840888977 0.8731344938278198
47.46666717529297 0.5608233213424683 -0.22894760966300964 -0.05816983804106712 -0.031316302716732025 0.37854263186454773 0.3100035488605499 0.8715633749961853
47.5 0.5699683427810669 -0.22622866928577423 -0.05514732003211975 -0.03431379422545433 0.3809818923473358 0.3122308850288391 0.8695902228355408
47.53333282470703 0.5907623171806335 -0.2185325026512146 -0.047358445823192596 -0.033919572830200195 0.38089796900749207 0.315684050321579 0.8683950304985046
47.56666564941406 0.6013737916946411 -0.21547430753707886 -0.042629674077034 -0.03723006695508957 0.38357776403427124 0.3175176680088043 0.8664090037345886
47.599998474121094 0.6105241775512695 -0.21323566138744354 -0.038125548511743546 -0.04282006248831749 0.3877614736557007 0.3195187747478485 0.8635480403900146
47.63333511352539 0.6197872757911682 -0.21096624433994293 -0.03354145586490631 -0.048140283674001694 0.3895825743675232 0.3212152421474457 0.8618170619010925
47.66666793823242 0.6284571886062622 -0.2083478718996048 -0.029816007241606712 -0.05156932398676872 0.3910275995731354 0.32256317138671875 0.8604597449302673
47.70000076293945 0.6385245323181152 -0.2051260769367218 -0.025047823786735535 -0.05451280251145363 0.3940408527851105 0.3247641921043396 0.8580724596977234
47.733333587646484 0.6470946669578552 -0.20313702523708344 -0.020776493474841118 -0.05830467492341995 0.39635351300239563 0.32660943269729614 0.8560553193092346
47.766666412353516 0.6550983786582947 -0.2002156376838684 -0.01623723842203617 -0.06148921698331833 0.3993311822414398 0.3273095488548279 0.854179322719574
47.79999923706055 0.6627429127693176 -0.19801010191440582 -0.012271272018551826 -0.06398968398571014 0.399651437997818 0.32796597480773926 0.8535937666893005
47.83333206176758 0.6698957681655884 -0.1961042732000351 -0.010131466202437878 -0.06577817350625992 0.39773938059806824 0.3296912908554077 0.8536862730979919
47.86666488647461 0.6769050359725952 -0.19396565854549408 -0.0071372524835169315 -0.06828988343477249 0.3979147672653198 0.33068493008613586 0.8530228137969971
47.900001525878906 0.684149980545044 -0.19125334918498993 -0.002179828006774187 -0.07085622102022171 0.39962440729141235 0.3312925696372986 0.8517774939537048
47.93333435058594 0.6901695728302002 -0.1889829784631729 0.003132179845124483 -0.07367968559265137 0.40020203590393066 0.33254000544548035 0.850780189037323
47.96666717529297 0.6962500810623169 -0.1873711496591568 0.007901596836745739 -0.07680130004882812 0.4003584086894989 0.33324867486953735 0.8501530289649963
48.0 0.7014136910438538 -0.18505752086639404 0.01280251331627369 -0.08028800040483475 0.40160900354385376 0.33438169956207275 0.8487950563430786
48.03333282470703 0.706558108329773 -0.18254384398460388 0.018047576770186424 -0.08352770656347275 0.40193435549736023 0.33577877283096313 0.8477762341499329
48.06666564941406 0.7108398675918579 -0.18030832707881927 0.021949168294668198 -0.08706875145435333 0.40149199962615967 0.3367546498775482 0.8472423553466797
48.099998474121094 0.7163020372390747 -0.17762620747089386 0.027275828644633293 -0.09204340726137161 0.40321049094200134 0.338594526052475 0.8451645970344543
48.13333511352539 0.7223724722862244 -0.17459647357463837 0.0314597450196743 -0.09767545014619827 0.4034632742404938 0.3406354486942291 0.8435901999473572
48.16666793823242 0.7270373106002808 -0.17097492516040802 0.034982942044734955 -0.10240764915943146 0.40636515617370605 0.3412121832370758 0.8414002656936646
48.20000076293945 0.7318512797355652 -0.16846002638339996 0.03977462649345398 -0.1096906065940857 0.41098204255104065 0.3436407744884491 0.8372412323951721
48.233333587646484 0.736165463924408 -0.1642870157957077 0.042588669806718826 -0.1153317540884018 0.41240450739860535 0.34745654463768005 0.8342032432556152
48.266666412353516 0.7417492866516113 -0.15958063304424286 0.04680865257978439 -0.11903694272041321 0.4130394160747528 0.3510996699333191 0.831839919090271
48.29999923706055 0.7456830143928528 -0.15609551966190338 0.05149882286787033 -0.12235815823078156 0.41355380415916443 0.35377785563468933 0.8299655914306641
48.33333206176758 0.7494764924049377 -0.15227390825748444 0.05400311201810837 -0.1253754049539566 0.41251832246780396 0.3570898175239563 0.8286111354827881
48.36666488647461 0.7536590695381165 -0.14902757108211517 0.05726828798651695 -0.12907589972019196 0.41220802068710327 0.3596964478492737 0.827068567276001
48.400001525878906 0.7578147053718567 -0.14488539099693298 0.05919257923960686 -0.13197487592697144 0.4117049276828766 0.3617219924926758 0.8259775638580322
48.43333435058594 0.7626573443412781 -0.1405114084482193 0.062101006507873535 -0.13524283468723297 0.41219860315322876 0.3642291724681854 0.8240988254547119
48.46666717529297 0.7671312689781189 -0.13724206387996674 0.06364016234874725 -0.13845376670360565 0.41138505935668945 0.3681713342666626 0.8222181797027588
48.5 0.7715181708335876 -0.13397759199142456 0.06649239361286163 -0.141137033700943 0.41135403513908386 0.3713333010673523 0.8203533887863159
48.53333282470703 0.7798944711685181 -0.12538166344165802 0.07166790217161179 -0.14183425903320312 0.41238266229629517 0.3773428797721863 0.8169675469398499
48.56666564941406 0.7842855453491211 -0.12202399969100952 0.07239899039268494 -0.14487293362617493 0.41280847787857056 0.3809930086135864 0.8145215511322021
48.599998474121094 0.7877516150474548 -0.11883973330259323 0.07240783423185349 -0.14627933502197266 0.4127604067325592 0.3825851380825043 0.8135477304458618
48.63333511352539 0.7917027473449707 -0.11531226336956024 0.07289918512105942 -0.14945173263549805 0.4140583276748657 0.38516736030578613 0.8110893368721008
48.66666793823242 0.7954210638999939 -0.11173317581415176 0.07279515266418457 -0.15287832915782928 0.4148797392845154 0.3878017067909241 0.8087723851203918
48.70000076293945 0.799003005027771 -0.10806052386760712 0.07267599552869797 -0.15698391199111938 0.41491174697875977 0.3898168206214905 0.8069988489151001
48.733333587646484 0.8022673726081848 -0.10432825982570648 0.0735100507736206 -0.16166137158870697 0.4152982532978058 0.3928503096103668 0.8044013977050781
48.766666412353516 0.8050156831741333 -0.10002606362104416 0.07408735901117325 -0.16452741622924805 0.41328057646751404 0.39618369936943054 0.8032236695289612
48.79999923706055 0.8070453405380249 -0.09621322154998779 0.07469449192285538 -0.1676858514547348 0.41212141513824463 0.39894962310791016 0.8017958402633667
48.83333206176758 0.8085594773292542 -0.0927814245223999 0.0753718838095665 -0.17142727971076965 0.4107065796852112 0.40125635266304016 0.8005785942077637
48.86666488647461 0.809601366519928 -0.08927887678146362 0.07686186581850052 -0.17456425726413727 0.4080553948879242 0.40301501750946045 0.8003731369972229
48.900001525878906 0.8109744787216187 -0.08704686164855957 0.07943030446767807 -0.1785741150379181 0.40528714656829834 0.404738187789917 0.8000253438949585
48.93333435058594 0.8121933341026306 -0.08533961325883865 0.08065510541200638 -0.18258187174797058 0.4025023877620697 0.40650075674057007 0.7996330261230469
48.96666717529297 0.8126040697097778 -0.08276965469121933 0.0821133702993393 -0.18631099164485931 0.400562047958374 0.40793317556381226 0.7990173697471619
49.0 0.8140036463737488 -0.08010643720626831 0.08430445939302444 -0.19134439527988434 0.39866966009140015 0.4097716212272644 0.797832727432251
49.03333282470703 0.8146050572395325 -0.07622777670621872 0.08613088726997375 -0.19583365321159363 0.3949130177497864 0.41333356499671936 0.7967737317085266
49.06666564941406 0.8158812522888184 -0.07274290174245834 0.08818351477384567 -0.20213887095451355 0.3912603259086609 0.41835910081863403 0.7943745255470276
49.099998474121094 0.8159727454185486 -0.06754669547080994 0.09134922921657562 -0.20709237456321716 0.3888475298881531 0.4223211407661438 0.7921838164329529
49.13333511352539 0.8161600232124329 -0.06169286370277405 0.09382057189941406 -0.2123299390077591 0.3849751055240631 0.42692339420318604 0.7902193069458008
49.16666793823242 0.8163616061210632 -0.0572073869407177 0.09633848071098328 -0.21653145551681519 0.3803201913833618 0.43134891986846924 0.7889289855957031
49.20000076293945 0.8160089254379272 -0.05266500264406204 0.09777162969112396 -0.21651634573936462 0.37489819526672363 0.43399590253829956 0.7900757193565369
49.233333587646484 0.8147870302200317 -0.04838574305176735 0.0986652597784996 -0.21741335093975067 0.372663676738739 0.4346613883972168 0.7905205488204956
49.266666412353516 0.8143754601478577 -0.045536190271377563 0.10081842541694641 -0.2213829606771469 0.3732894957065582 0.43610501289367676 0.7883254289627075
49.29999923706055 0.8152162432670593 -0.041798319667577744 0.10156513750553131 -0.22606854140758514 0.37116652727127075 0.43773844838142395 0.787091851234436
49.33333206176758 0.815247654914856 -0.035272736102342606 0.10078763961791992 -0.2265310436487198 0.36861106753349304 0.44041651487350464 0.786665678024292
49.36666488647461 0.8153997659683228 -0.03127920255064964 0.10135304927825928 -0.2282225638628006 0.36686986684799194 0.44243142008781433 0.7858597040176392
49.400001525878906 0.8160906434059143 -0.027812765911221504 0.10125693678855896 -0.2295384258031845 0.36521726846694946 0.4443363547325134 0.7851712107658386
49.43333435058594 0.8168273568153381 -0.026716643944382668 0.10247620195150375 -0.2323196679353714 0.3644564151763916 0.44578254222869873 0.7838858962059021
49.46666717529297 0.8146942853927612 -0.023715609684586525 0.10491275042295456 -0.2314191311597824 0.3667713701725006 0.44490087032318115 0.7835733294487
49.5 0.8138450980186462 -0.022244011983275414 0.10549714416265488 -0.23202982544898987 0.3684617877006531 0.44418880343437195 0.7830035090446472
49.53333282470703 0.8141717314720154 -0.020521409809589386 0.1050732359290123 -0.23256555199623108 0.3685716986656189 0.44416552782058716 0.7828059792518616
49.56666564941406 0.8142147064208984 -0.019922319799661636 0.10462802648544312 -0.2322177290916443 0.36805054545402527 0.4439966082572937 0.783250093460083
49.599998474121094 0.8137563467025757 -0.019840795546770096 0.10465254634618759 -0.2319793850183487 0.3685474991798401 0.4427148997783661 0.783812403678894
49.63333511352539 0.8134134411811829 -0.019961625337600708 0.10383429378271103 -0.23157532513141632 0.36998894810676575 0.44156941771507263 0.7838989496231079
49.66666793823242 0.8133853673934937 -0.020166974514722824 0.103208027780056 -0.23135896027088165 0.37034872174263 0.4409954845905304 0.7841160297393799
49.70000076293945 0.8127561211585999 -0.020273717120289803 0.10287798196077347 -0.2312203347682953 0.37004411220550537 0.4405280351638794 0.7845633625984192
49.733333587646484 0.8120418787002563 -0.020297406241297722 0.10237324237823486 -0.23094622790813446 0.3708465099334717 0.44039881229400635 0.7843376994132996
49.766666412353516 0.8116467595100403 -0.02050580270588398 0.10235672444105148 -0.23176173865795135 0.371249258518219 0.44040048122406006 0.783905565738678
49.79999923706055 0.8110430836677551 -0.020074104890227318 0.10283500701189041 -0.23227332532405853 0.37145286798477173 0.4406181573867798 0.7835353016853333
49.83333206176758 0.8103875517845154 -0.01877405308187008 0.10288964211940765 -0.2316478043794632 0.3700586259365082 0.44148948788642883 0.783889651298523
49.86666488647461 0.8094286918640137 -0.01760186441242695 0.1034533828496933 -0.23102141916751862 0.3687060475349426 0.4424358606338501 0.7841782569885254
49.900001525878906 0.8097954988479614 -0.01615072786808014 0.1035832017660141 -0.23088547587394714 0.3669408857822418 0.4435279071331024 0.7844292521476746
49.93333435058594 0.8098035454750061 -0.01545047014951706 0.10393611341714859 -0.23014633357524872 0.36550837755203247 0.4435022473335266 0.7853293418884277
49.96666717529297 0.8098965287208557 -0.01497677993029356 0.10495603829622269 -0.2293260246515274 0.36484184861183167 0.442813515663147 0.7862672805786133
50.0 0.8100436329841614 -0.014373468235135078 0.10501882433891296 -0.2294790893793106 0.3646221160888672 0.44168806076049805 0.786957323551178
50.03333282470703 0.8108501434326172 -0.013735185377299786 0.10505496710538864 -0.22936014831066132 0.3641822934150696 0.4414409101009369 0.7873342633247375
50.06666564941406 0.8108572959899902 -0.012966779060661793 0.10554978996515274 -0.22916807234287262 0.364904522895813 0.4410265386104584 0.7872879505157471
50.099998474121094 0.8117280006408691 -0.011809954419732094 0.10594962537288666 -0.23075899481773376 0.36642223596572876 0.4406976103782654 0.7863019108772278
50.13333511352539 0.812237024307251 -0.01124601997435093 0.10664118081331253 -0.23238201439380646 0.3682263493537903 0.44066858291625977 0.7849962711334229
50.16666793823242 0.8124359250068665 -0.01007367204874754 0.10722757875919342 -0.233229860663414 0.36979353427886963 0.44106170535087585 0.7837864756584167
50.20000076293945 0.8137075304985046 -0.009713073261082172 0.10704201459884644 -0.23405669629573822 0.3689943552017212 0.4422372877597809 0.783254086971283
50.233333587646484 0.8134843111038208 -0.010200921446084976 0.10720335692167282 -0.233490452170372 0.36982831358909607 0.44160592555999756 0.7833858728408813
50.266666412353516 0.8132059574127197 -0.010694766417145729 0.10758182406425476 -0.23350663483142853 0.3709424138069153 0.4408637583255768 0.783272385597229
50.29999923706055 0.8128347396850586 -0.010996753349900246 0.10755995661020279 -0.2331596463918686 0.37115776538848877 0.4408645033836365 0.7832732796669006
50.33333206176758 0.8122583031654358 -0.01139047835022211 0.10792923718690872 -0.23323102295398712 0.3716144561767578 0.43984782695770264 0.783607006072998
50.36666488647461 0.8114462494850159 -0.011320840567350388 0.1076197549700737 -0.23210328817367554 0.37156760692596436 0.43929439783096313 0.7842742204666138
50.400001525878906 0.8114437460899353 -0.012133123353123665 0.10780709236860275 -0.23254084587097168 0.37114301323890686 0.43964770436286926 0.7841476798057556
50.43333435058594 0.8115230798721313 -0.011937487870454788 0.10692194849252701 -0.23202520608901978 0.3698465824127197 0.4403969347476959 0.7844924330711365
50.46666717529297 0.8104385733604431 -0.012082327157258987 0.10589047521352768 -0.23091940581798553 0.3693646192550659 0.44114264845848083 0.7846267819404602
50.5 0.809657096862793 -0.01292671449482441 0.10534150898456573 -0.2301311194896698 0.37025612592697144 0.4403487741947174 0.7848841547966003
50.53333282470703 0.8098548650741577 -0.01401570439338684 0.10391613841056824 -0.2293591946363449 0.3689579963684082 0.4414653480052948 0.785094141960144
50.56666564941406 0.8085097670555115 -0.015311304479837418 0.10256016254425049 -0.2278142273426056 0.3688185214996338 0.4413056969642639 0.7856989502906799
50.599998474121094 0.8074117302894592 -0.01713000237941742 0.10142126679420471 -0.22657494246959686 0.3692372441291809 0.4407673180103302 0.786162793636322
50.63333511352539 0.8057250380516052 -0.019165324047207832 0.10026999562978745 -0.22380779683589935 0.3697178363800049 0.4405357241630554 0.7868590354919434
50.66666793823242 0.8035772442817688 -0.02163580432534218 0.09871917217969894 -0.21932891011238098 0.3702245056629181 0.44074851274490356 0.7877623438835144
50.70000076293945 0.8018509149551392 -0.025303378701210022 0.09707371890544891 -0.2176700383424759 0.37253227829933167 0.438796728849411 0.788223922252655
50.733333587646484 0.7988530993461609 -0.028087645769119263 0.09411898255348206 -0.21495014429092407 0.3749833405017853 0.43616917729377747 0.7892657518386841
50.766666412353516 0.7961165308952332 -0.03138519823551178 0.09115170687437057 -0.21130217611789703 0.3769235610961914 0.43400582671165466 0.7905181646347046
50.79999923706055 0.7928344011306763 -0.03505772724747658 0.08747261762619019 -0.20701323449611664 0.37876588106155396 0.43178752064704895 0.7919857501983643
50.83333206176758 0.7904590368270874 -0.03837875649333 0.0841696709394455 -0.20423828065395355 0.3812405467033386 0.4301685690879822 0.7923998236656189
50.86666488647461 0.7870588302612305 -0.041626572608947754 0.08053185790777206 -0.2010534554719925 0.3838522136211395 0.4279091954231262 0.7931763529777527
50.900001525878906 0.7842949628829956 -0.04564955085515976 0.07565644383430481 -0.19857631623744965 0.3844396471977234 0.4264008104801178 0.7943273782730103
50.93333435058594 0.780572772026062 -0.047890499234199524 0.07083478569984436 -0.19495715200901031 0.38662803173065186 0.4236653745174408 0.7956244349479675
50.96666717529297 0.7773295044898987 -0.05048483982682228 0.06588955223560333 -0.19115974009037018 0.3891836404800415 0.4215429723262787 0.7964268326759338
51.0 0.7727416157722473 -0.05250883474946022 0.0634680837392807 -0.18797527253627777 0.3931381106376648 0.4194428622722626 0.7963513731956482
51.03333282470703 0.7683360576629639 -0.053996600210666656 0.05962011590600014 -0.18504928052425385 0.3955087661743164 0.4183071553707123 0.7964600920677185
51.06666564941406 0.7637625932693481 -0.05454045534133911 0.05405757948756218 -0.17975284159183502 0.3970399498939514 0.41728630661964417 0.7974461913108826
51.099998474121094 0.7586216330528259 -0.05625344067811966 0.049398086965084076 -0.17613551020622253 0.39963194727897644 0.4157079756259918 0.7977828979492188
51.13333511352539 0.7537797093391418 -0.0560753270983696 0.044432733207941055 -0.17100299894809723 0.40118974447250366 0.41330403089523315 0.7993651628494263
51.16666793823242 0.748534619808197 -0.05818688124418259 0.040773313492536545 -0.1681886613368988 0.40619170665740967 0.40964072942733765 0.7993217706680298
51.20000076293945 0.7429126501083374 -0.05713219195604324 0.03441920131444931 -0.1625548154115677 0.4103772044181824 0.4051010012626648 0.8006619811058044
51.233333587646484 0.7387591004371643 -0.05919501185417175 0.030916767194867134 -0.15880917012691498 0.41406726837158203 0.40243393182754517 0.8008588552474976
51.266666412353516 0.7323879599571228 -0.061479710042476654 0.024918360635638237 -0.15201008319854736 0.4145105481147766 0.3988429009914398 0.8037402033805847
51.29999923706055 0.7278775572776794 -0.065573550760746 0.019975794479250908 -0.14841724932193756 0.4157031178474426 0.3949868977069855 0.8056976199150085
51.33333206176758 0.71915203332901 -0.06594894081354141 0.014939693734049797 -0.14045092463493347 0.4190792143344879 0.388999342918396 0.808285653591156
51.36666488647461 0.7148802280426025 -0.06880155205726624 0.010563702322542667 -0.1365705132484436 0.4207579493522644 0.38477998971939087 0.8100961446762085
51.400001525878906 0.7095174789428711 -0.07425742596387863 0.008301302790641785 -0.13481813669204712 0.42473432421684265 0.3805137276649475 0.8103296756744385
51.43333435058594 0.7040044665336609 -0.07696110010147095 0.004702626261860132 -0.1310303509235382 0.428594708442688 0.3764210343360901 0.8108296990394592
51.46666717529297 0.6977146863937378 -0.07842531055212021 -0.0008754272712394595 -0.12653353810310364 0.4312135875225067 0.37204256653785706 0.8121750950813293
51.5 0.6886346936225891 -0.07912757992744446 -0.006045397836714983 -0.1203075423836708 0.43527424335479736 0.3668583035469055 0.8133126497268677
51.53333282470703 0.6851000785827637 -0.08223790675401688 -0.010925199836492538 -0.11830411106348038 0.4373549520969391 0.3644556999206543 0.8135704398155212
51.56666564941406 0.6772345900535583 -0.08704099804162979 -0.01536389347165823 -0.11882220953702927 0.4409945011138916 0.3587176203727722 0.8140803575515747
51.599998474121094 0.6712579727172852 -0.09039095789194107 -0.019924452528357506 -0.11732055991888046 0.4438215494155884 0.3544820249080658 0.8146170377731323
51.63333511352539 0.6661223769187927 -0.09351019561290741 -0.02511666528880596 -0.11580392718315125 0.4474451243877411 0.3503018319606781 0.8146599531173706
51.66666793823242 0.6607129573822021 -0.09566902369260788 -0.030279332771897316 -0.11467250436544418 0.4530382752418518 0.34510594606399536 0.8139461874961853
51.70000076293945 0.6559322476387024 -0.09770404547452927 -0.03554057702422142 -0.11438319832086563 0.45891183614730835 0.33991461992263794 0.8128803372383118
51.733333587646484 0.6511231660842896 -0.10036821663379669 -0.041310034692287445 -0.11408790946006775 0.46472305059432983 0.33515602350234985 0.8115953803062439
51.766666412353516 0.6460936069488525 -0.10337218642234802 -0.046260979026556015 -0.11203817278146744 0.4709595739841461 0.33007457852363586 0.8103674054145813
51.79999923706055 0.6409446001052856 -0.10534706711769104 -0.053953930735588074 -0.10886253416538239 0.4750819802284241 0.32493865489959717 0.8104695677757263
51.83333206176758 0.636588454246521 -0.10819360613822937 -0.058904197067022324 -0.1081903874874115 0.4806364178657532 0.32067734003067017 0.8089806437492371
51.86666488647461 0.6325410008430481 -0.10874052345752716 -0.06464742124080658 -0.10645683109760284 0.485537052154541 0.31686583161354065 0.8077850937843323
51.900001525878906 0.6284913420677185 -0.11080121994018555 -0.06952536106109619 -0.10530243813991547 0.4900568127632141 0.3127078413963318 0.8068268299102783
51.93333435058594 0.6251333951950073 -0.11574633419513702 -0.07291252166032791 -0.10562156140804291 0.4940822124481201 0.30864816904067993 0.805892825126648
51.96666717529297 0.62180495262146 -0.1186099648475647 -0.07735973596572876 -0.1038379892706871 0.4969558119773865 0.305504709482193 0.8055554628372192
52.0 0.61968594789505 -0.12427090853452682 -0.07953748852014542 -0.10440204292535782 0.5001521110534668 0.3036680221557617 0.8041976690292358
52.03333282470703 0.6169557571411133 -0.12624667584896088 -0.08375148475170135 -0.10074129700660706 0.5009889006614685 0.3024454414844513 0.8046042323112488
52.06666564941406 0.615271270275116 -0.12914159893989563 -0.08756168186664581 -0.09737299382686615 0.5018101334571838 0.30196163058280945 0.8046889901161194
52.099998474121094 0.6148284077644348 -0.1318301409482956 -0.09212105721235275 -0.09416522085666656 0.502156674861908 0.30236855149269104 0.8047016859054565
52.13333511352539 0.6150601506233215 -0.1356283277273178 -0.09672246873378754 -0.09258375316858292 0.5025154948234558 0.3037342131137848 0.8041467070579529
52.16666793823242 0.6169529557228088 -0.13986508548259735 -0.101653091609478 -0.09201876819133759 0.5033197402954102 0.30574730038642883 0.8029447793960571
52.20000076293945 0.6192020773887634 -0.14371471107006073 -0.10688158869743347 -0.09115879237651825 0.504996657371521 0.30652087926864624 0.8016941547393799
52.233333587646484 0.6203851103782654 -0.1472652405500412 -0.11083246767520905 -0.08997704833745956 0.5091680288314819 0.30596137046813965 0.7993996143341064
52.266666412353516 0.6234081983566284 -0.1489138901233673 -0.11668159067630768 -0.08732032775878906 0.5114895701408386 0.30653926730155945 0.7979894876480103
52.29999923706055 0.6275476813316345 -0.1534934788942337 -0.12456055730581284 -0.08594510704278946 0.512319803237915 0.30862903594970703 0.7967997789382935
52.33333206176758 0.6317490339279175 -0.1555912345647812 -0.12926962971687317 -0.0833389088511467 0.5151333808898926 0.31030070781707764 0.7946104407310486
52.36666488647461 0.6377759575843811 -0.16039805114269257 -0.1362675279378891 -0.08171074092388153 0.5169665217399597 0.31206610798835754 0.7928957939147949
52.400001525878906 0.641958475112915 -0.16327524185180664 -0.1406204104423523 -0.07887458801269531 0.5200278759002686 0.31345707178115845 0.7906291484832764
52.43333435058594 0.649533212184906 -0.16629114747047424 -0.14843450486660004 -0.07874510437250137 0.520729660987854 0.31612446904182434 0.7891167402267456
52.46666717529297 0.6574697494506836 -0.1654142290353775 -0.15557090938091278 -0.07655858993530273 0.5231396555900574 0.31955841183662415 0.7863498330116272
52.5 0.6642569303512573 -0.1669130027294159 -0.16008786857128143 -0.07547684013843536 0.5275865197181702 0.3225729167461395 0.782241940498352
52.53333282470703 0.6750704050064087 -0.17074774205684662 -0.1680421084165573 -0.07672422379255295 0.5284444093704224 0.3259793817996979 0.7801265120506287
52.56666564941406 0.6843457221984863 -0.171556293964386 -0.1750970482826233 -0.07556070387363434 0.5304421782493591 0.3293995261192322 0.777442991733551
52.599998474121094 0.6943403482437134 -0.1690853089094162 -0.18204821646213531 -0.07320082932710648 0.532456636428833 0.33384817838668823 0.7743881344795227
52.63333511352539 0.7010464668273926 -0.16800758242607117 -0.1861804723739624 -0.07224743813276291 0.5364609956741333 0.3363906443119049 0.7706044316291809
52.66666793823242 0.7106192708015442 -0.16936226189136505 -0.18756262958049774 -0.07370811700820923 0.5407734513282776 0.3385370373725891 0.7665011286735535
52.70000076293945 0.7198551893234253 -0.16993311047554016 -0.19391706585884094 -0.07546724379062653 0.5440881252288818 0.33980363607406616 0.7634176015853882
52.733333587646484 0.7289904952049255 -0.17063197493553162 -0.19755321741104126 -0.07762891054153442 0.5472254157066345 0.3422490060329437 0.7598576545715332
52.766666412353516 0.7366833686828613 -0.17108048498630524 -0.20119421184062958 -0.07722011208534241 0.5473983287811279 0.34631210565567017 0.7579314708709717
52.79999923706055 0.7447158098220825 -0.17191824316978455 -0.20392806828022003 -0.0761217549443245 0.5468727946281433 0.3501906991004944 0.7566387057304382
52.83333206176758 0.7516066431999207 -0.1722254902124405 -0.20774371922016144 -0.07655631750822067 0.5485905408859253 0.3527708947658539 0.7541486024856567
52.86666488647461 0.761437177658081 -0.1722869873046875 -0.21154171228408813 -0.07899665087461472 0.550581157207489 0.35615408420562744 0.7508490085601807
52.900001525878906 0.770157516002655 -0.17141960561275482 -0.21348965167999268 -0.08148984611034393 0.5505046844482422 0.3604305386543274 0.7485945820808411
52.93333435058594 0.7774922251701355 -0.16984106600284576 -0.21463888883590698 -0.08265902101993561 0.5498480200767517 0.36438700556755066 0.7470319867134094
52.96666717529297 0.7848343253135681 -0.16756728291511536 -0.21549247205257416 -0.08423291891813278 0.549769401550293 0.36789509654045105 0.7451924085617065
53.0 0.7935727834701538 -0.1655387431383133 -0.21646377444267273 -0.08648578077554703 0.5506941080093384 0.3697890341281891 0.7433117628097534
53.03333282470703 0.8000571131706238 -0.16286464035511017 -0.21622629463672638 -0.08927390724420547 0.5517913699150085 0.3708190321922302 0.7416533827781677
53.06666564941406 0.8074703812599182 -0.15981096029281616 -0.21582889556884766 -0.09140059351921082 0.5512993335723877 0.37329646944999695 0.7405166029930115
53.099998474121094 0.8134835958480835 -0.15689972043037415 -0.21446596086025238 -0.09284721314907074 0.5508912801742554 0.37442171573638916 0.7400720119476318
53.13333511352539 0.8227027654647827 -0.15355655550956726 -0.21369868516921997 -0.09502018243074417 0.5504903793334961 0.3763047158718109 0.7391389012336731
53.16666793823242 0.8293821215629578 -0.15041401982307434 -0.2122015655040741 -0.09588548541069031 0.5503824949264526 0.3780543804168701 0.7382141351699829
53.20000076293945 0.839320182800293 -0.14865246415138245 -0.21102075278759003 -0.09736675024032593 0.5505420565605164 0.37899938225746155 0.7374162673950195
53.233333587646484 0.8464678525924683 -0.1467583030462265 -0.2092227041721344 -0.10051307082176208 0.5515655875205994 0.37887483835220337 0.7362923622131348
53.266666412353516 0.8547993898391724 -0.14625734090805054 -0.20797555148601532 -0.10434441268444061 0.55392986536026 0.37778884172439575 0.7345403432846069
53.29999923706055 0.8624994158744812 -0.14555075764656067 -0.2067440003156662 -0.10642864555120468 0.555661678314209 0.3770972490310669 0.7332876920700073
53.33333206176758 0.8709063529968262 -0.1447349488735199 -0.20523236691951752 -0.10873689502477646 0.555163562297821 0.3790949583053589 0.7322955131530762
53.36666488647461 0.8788158297538757 -0.1435610055923462 -0.2044564187526703 -0.10928692668676376 0.553732693195343 0.3824305236339569 0.7315623164176941
53.400001525878906 0.8856993913650513 -0.1416068971157074 -0.20346488058567047 -0.10944008827209473 0.5523956418037415 0.38560572266578674 0.7308831214904785
53.43333435058594 0.8941656351089478 -0.13967186212539673 -0.2033141702413559 -0.11265021562576294 0.55194091796875 0.389127641916275 0.7288696765899658
53.46666717529297 0.9044370651245117 -0.1373244971036911 -0.20400837063789368 -0.11550187319517136 0.5532689094543457 0.3923000395298004 0.725709080696106
53.5 0.9141167998313904 -0.13550560176372528 -0.20517903566360474 -0.11841367930173874 0.5537309050559998 0.3956783413887024 0.7230483889579773
53.53333282470703 0.9219372868537903 -0.13198299705982208 -0.2067221701145172 -0.11959604173898697 0.5538755655288696 0.39942213892936707 0.7206806540489197
53.56666564941406 0.9289376735687256 -0.1288246363401413 -0.20832453668117523 -0.12084293365478516 0.5539575219154358 0.4035493731498718 0.7181057929992676
53.599998474121094 0.9387192130088806 -0.12471694499254227 -0.21041277050971985 -0.12287644296884537 0.553716242313385 0.40856775641441345 0.7151029109954834
53.63333511352539 0.9520795345306396 -0.12085224688053131 -0.2126731127500534 -0.12575127184391022 0.5538200736045837 0.41431698203086853 0.7112042307853699
53.66666793823242 0.9853727221488953 -0.1050482839345932 -0.21523667871952057 -0.12698645889759064 0.5524919629096985 0.42130324244499207 0.7079058885574341
53.70000076293945 0.9951332211494446 -0.09872741997241974 -0.21632257103919983 -0.12857039272785187 0.5504608154296875 0.42818328738212585 0.7050685286521912
53.733333587646484 1.003724217414856 -0.0940701812505722 -0.21713155508041382 -0.13037824630737305 0.548039972782135 0.43398475646972656 0.7030725479125977
53.766666412353516 1.011526346206665 -0.08802394568920135 -0.2169112116098404 -0.13277563452720642 0.5466634035110474 0.43910956382751465 0.7005088925361633
53.79999923706055 1.0218579769134521 -0.08216803520917892 -0.21515852212905884 -0.13780121505260468 0.5467812418937683 0.4428976774215698 0.6970528960227966
53.83333206176758 1.0293978452682495 -0.07536874711513519 -0.21256162226200104 -0.1423581838607788 0.5462799072265625 0.4457851052284241 0.6946856379508972
53.86666488647461 1.0377932786941528 -0.06986085325479507 -0.209212988615036 -0.14885394275188446 0.5450072884559631 0.4491409361362457 0.6921575665473938
53.900001525878906 1.0465631484985352 -0.06392862647771835 -0.20473410189151764 -0.1541711539030075 0.5445181131362915 0.4522462785243988 0.6893509030342102
53.93333435058594 1.051751732826233 -0.05813026800751686 -0.2012851983308792 -0.15848609805107117 0.5428555607795715 0.4548919200897217 0.6879413723945618
53.96666717529297 1.0581034421920776 -0.05182680860161781 -0.19767893850803375 -0.16336755454540253 0.5393686294555664 0.45810240507125854 0.6874116063117981
54.0 1.0645430088043213 -0.04580022767186165 -0.19108815491199493 -0.16944731771945953 0.5378671884536743 0.46086016297340393 0.6852695941925049
54.03333282470703 1.069557547569275 -0.038672517985105515 -0.18563514947891235 -0.17454375326633453 0.5367577075958252 0.4632488489151001 0.6832467913627625
54.06666564941406 1.0743423700332642 -0.03158290311694145 -0.1829681694507599 -0.1789700984954834 0.5335299968719482 0.46646755933761597 0.6824394464492798
54.099998474121094 1.078108549118042 -0.025680074468255043 -0.17764697968959808 -0.1827513575553894 0.5313112735748291 0.46863529086112976 0.6816826462745667
54.13333511352539 1.0829170942306519 -0.0191296748816967 -0.1731509566307068 -0.18651892244815826 0.5290661454200745 0.470126748085022 0.681381344795227
54.16666793823242 1.0848135948181152 -0.009487261064350605 -0.17303112149238586 -0.18755197525024414 0.5258324146270752 0.47083595395088196 0.6831091642379761
54.20000076293945 1.0872561931610107 -0.010507049039006233 -0.1679026484489441 -0.192750945687294 0.5258274078369141 0.47129011154174805 0.6813503503799438
54.233333587646484 1.08977210521698 -0.006048193201422691 -0.16354572772979736 -0.194013312458992 0.5240957736968994 0.47180095314979553 0.6819724440574646
54.266666412353516 1.093068242073059 -0.0025437858421355486 -0.159336119890213 -0.19710443913936615 0.5229312181472778 0.47261378169059753 0.6814169883728027
54.29999923706055 1.0955182313919067 0.0013187068980187178 -0.1557258814573288 -0.1992107331752777 0.5217856168746948 0.4722353219985962 0.6819448471069336
54.33333206176758 1.0979530811309814 0.0051270886324346066 -0.15204116702079773 -0.20217759907245636 0.520284116268158 0.47263872623443604 0.6819393634796143
54.36666488647461 1.100059151649475 0.008775847963988781 -0.1491054743528366 -0.20457424223423004 0.5185617804527283 0.4741819202899933 0.6814650297164917
54.400001525878906 1.1014028787612915 0.012831014581024647 -0.14524364471435547 -0.2058265656232834 0.5169047117233276 0.47490063309669495 0.6818462610244751
54.43333435058594 1.1033048629760742 0.016881337389349937 -0.14286364614963531 -0.2084842324256897 0.5152150392532349 0.4769069254398346 0.6809167861938477
54.46666717529297 1.1047550439834595 0.02112743631005287 -0.1398867964744568 -0.2104680836200714 0.5141205191612244 0.48002490401268005 0.678939938545227
54.5 1.1063534021377563 0.024879390373826027 -0.1386643797159195 -0.2104647010564804 0.5106300711631775 0.48291635513305664 0.6795243620872498
54.53333282470703 1.1082253456115723 0.02805878408253193 -0.13682755827903748 -0.21278756856918335 0.5088139772415161 0.4849473237991333 0.6787164807319641
54.56666564941406 1.1099357604980469 0.03011682815849781 -0.13483794033527374 -0.21615280210971832 0.5088361501693726 0.4865366518497467 0.6764953136444092
54.599998474121094 1.1128954887390137 0.032258857041597366 -0.13425952196121216 -0.2185545265674591 0.5057583451271057 0.4886133670806885 0.6765348315238953
54.63333511352539 1.1145354509353638 0.034313734620809555 -0.13216255605220795 -0.22131775319576263 0.5052867531776428 0.48891305923461914 0.6757720708847046
54.66666793823242 1.1159809827804565 0.03685044124722481 -0.12982167303562164 -0.2233753204345703 0.505361020565033 0.4893154501914978 0.6747474670410156
54.70000076293945 1.1171468496322632 0.039161913096904755 -0.12794065475463867 -0.22467365860939026 0.5041645765304565 0.4899001717567444 0.6747872233390808
54.733333587646484 1.1190872192382812 0.04107944667339325 -0.12713845074176788 -0.22706563770771027 0.5016929507255554 0.4908931851387024 0.675106942653656
54.766666412353516 1.1192206144332886 0.04387133568525314 -0.12545453011989594 -0.227683886885643 0.502768874168396 0.49009278416633606 0.674679696559906
54.79999923706055 1.1196184158325195 0.045988161116838455 -0.12420137226581573 -0.22900360822677612 0.5026784539222717 0.49019309878349304 0.6742273569107056
54.83333206176758 1.1202459335327148 0.04774156212806702 -0.12358196824789047 -0.2313361018896103 0.5020626187324524 0.49085649847984314 0.673406720161438
54.86666488647461 1.1205180883407593 0.049925100058317184 -0.12281935662031174 -0.23380199074745178 0.5034003853797913 0.491256982088089 0.6712610125541687
54.900001525878906 1.121527910232544 0.05140167847275734 -0.12215608358383179 -0.2364761382341385 0.5030701756477356 0.4929916262626648 0.6692972183227539
54.93333435058594 1.121595859527588 0.05202008783817291 -0.12127357721328735 -0.23716871440410614 0.503125011920929 0.49459749460220337 0.6678245067596436
54.96666717529297 1.121029257774353 0.054292358458042145 -0.12084150314331055 -0.2350264936685562 0.502591609954834 0.4956844449043274 0.6681774854660034
55.0 1.1223678588867188 0.060033757239580154 -0.11776962131261826 -0.23395486176013947 0.50169837474823 0.4959374964237213 0.6690366268157959
55.03333282470703 1.123220682144165 0.059812016785144806 -0.11608124524354935 -0.23601627349853516 0.502171516418457 0.4960661232471466 0.6678611636161804
55.06666564941406 1.1222128868103027 0.06044859439134598 -0.11427553743124008 -0.23657652735710144 0.5040642619132996 0.493706077337265 0.6679859161376953
55.099998474121094 1.1218358278274536 0.06215491145849228 -0.11349175125360489 -0.23693594336509705 0.5039973855018616 0.49315589666366577 0.6683152318000793
55.13333511352539 1.1215161085128784 0.06343544274568558 -0.11264456063508987 -0.23753568530082703 0.5042498707771301 0.4928746521472931 0.6681194305419922
55.16666793823242 1.1215081214904785 0.06437597423791885 -0.11235421895980835 -0.23793275654315948 0.5041272044181824 0.4934631288051605 0.6676361560821533
55.20000076293945 1.1214581727981567 0.0655907541513443 -0.112734854221344 -0.23758718371391296 0.503181517124176 0.49486953020095825 0.6674315929412842
55.233333587646484 1.1211631298065186 0.06599035114049911 -0.11310184001922607 -0.23706693947315216 0.5035579800605774 0.49502483010292053 0.6672173738479614
55.266666412353516 1.1206716299057007 0.06584268808364868 -0.1134999468922615 -0.2366412729024887 0.5050180554389954 0.49400725960731506 0.6670191884040833
55.29999923706055 1.1206485033035278 0.06509518623352051 -0.1140221580862999 -0.23694480955600739 0.5053955316543579 0.4938371777534485 0.6667513251304626
55.33333206176758 1.1200634241104126 0.06445512920618057 -0.11447598785161972 -0.2355988323688507 0.5058344006538391 0.493193119764328 0.667371928691864
55.36666488647461 1.1198183298110962 0.06370294839143753 -0.11483189463615417 -0.2353912740945816 0.5062244534492493 0.49275535345077515 0.6674728989601135
55.400001525878906 1.1192078590393066 0.06361060589551926 -0.1154545396566391 -0.23492227494716644 0.5067712664604187 0.4925279915332794 0.6673909425735474
55.43333435058594 1.1186927556991577 0.06299059838056564 -0.11577688157558441 -0.23512567579746246 0.5072485208511353 0.4922214448451996 0.6671828627586365
55.46666717529297 1.116941213607788 0.06336648017168045 -0.11648787558078766 -0.2337222397327423 0.5081102848052979 0.49164438247680664 0.667445719242096
55.5 1.1163675785064697 0.0631861537694931 -0.11693017184734344 -0.23346900939941406 0.5079523921012878 0.49208319187164307 0.6673310995101929
55.53333282470703 1.1147950887680054 0.06303779780864716 -0.11684057116508484 -0.23225224018096924 0.5076562762260437 0.4914201498031616 0.6684685349464417
55.56666564941406 1.1133478879928589 0.0623432993888855 -0.11727100610733032 -0.23144540190696716 0.5075160264968872 0.49166327714920044 0.6686761379241943
55.599998474121094 1.1115604639053345 0.06163863465189934 -0.11833725869655609 -0.23021195828914642 0.5074902176856995 0.49194949865341187 0.6689109206199646
55.63333511352539 1.1094523668289185 0.060354918241500854 -0.11925851553678513 -0.22815757989883423 0.5072445869445801 0.4917215406894684 0.6699679493904114
55.66666793823242 1.107101559638977 0.058686792850494385 -0.11996318399906158 -0.22682428359985352 0.5080601572990417 0.4909890294075012 0.670339822769165
55.70000076293945 1.105193853378296 0.0568656362593174 -0.12093374878168106 -0.22591839730739594 0.5081844925880432 0.4910458028316498 0.670509934425354
55.733333587646484 1.102945327758789 0.05500774458050728 -0.121797114610672 -0.22445520758628845 0.5082095265388489 0.49043893814086914 0.6714257597923279
55.766666412353516 1.1007745265960693 0.05292774364352226 -0.1225229948759079 -0.22323332726955414 0.5079594850540161 0.4905398190021515 0.6719484925270081
55.79999923706055 1.0988153219223022 0.05089268088340759 -0.12319902330636978 -0.22193214297294617 0.5075262188911438 0.4908979833126068 0.6724451184272766
55.83333206176758 1.0965372323989868 0.04861652851104736 -0.1240181177854538 -0.22022464871406555 0.507690966129303 0.4910520315170288 0.6727695465087891
55.86666488647461 1.0940163135528564 0.04589993506669998 -0.12538842856884003 -0.21888625621795654 0.5074442625045776 0.49062255024909973 0.6737052202224731
55.900001525878906 1.0915042161941528 0.04313298687338829 -0.12665218114852905 -0.217745840549469 0.507841944694519 0.4899125397205353 0.6742915511131287
55.93333435058594 1.0887455940246582 0.0400226004421711 -0.12872500717639923 -0.21643301844596863 0.5085264444351196 0.48921820521354675 0.6747022867202759
55.96666717529297 1.0856763124465942 0.036996692419052124 -0.13065063953399658 -0.21489669382572174 0.5091132521629333 0.4889165759086609 0.6749694347381592
56.0 1.0827094316482544 0.03392918035387993 -0.13254961371421814 -0.2134963721036911 0.5099008083343506 0.4885910451412201 0.6750550270080566
56.03333282470703 1.0794438123703003 0.030708657577633858 -0.13480977714061737 -0.21169006824493408 0.5101868510246277 0.48846960067749023 0.6754955649375916
56.06666564941406 1.0762135982513428 0.026703283190727234 -0.13701149821281433 -0.21003200113773346 0.5102103352546692 0.4884774684906006 0.6759894490242004
56.099998474121094 1.0723497867584229 0.023507406935095787 -0.1384507268667221 -0.2072724848985672 0.5103095769882202 0.4886152446269989 0.6766663789749146
56.13333511352539 1.068636417388916 0.019551215693354607 -0.13904312252998352 -0.20594950020313263 0.5105860233306885 0.4887913167476654 0.6767346262931824
56.16666793823242 1.0645321607589722 0.013950187712907791 -0.1393708735704422 -0.20519663393497467 0.5120806694030762 0.48851537704467773 0.6760329604148865
56.20000076293945 1.0592182874679565 0.008811215870082378 -0.1392287015914917 -0.20245361328125 0.5133256316184998 0.4866347014904022 0.6772710084915161
56.233333587646484 1.054449200630188 0.003174461890012026 -0.1406768262386322 -0.2001386433839798 0.5123915672302246 0.484774649143219 0.6799949407577515
56.266666412353516 1.0484018325805664 -0.0018350871978327632 -0.13963404297828674 -0.19852767884731293 0.5137755870819092 0.4800759255886078 0.6827507019042969
56.29999923706055 1.0426785945892334 -0.007741027511656284 -0.1381656527519226 -0.1981644630432129 0.5145849585533142 0.47683191299438477 0.6845176815986633
56.33333206176758 1.0368318557739258 -0.013909495435655117 -0.13656412065029144 -0.19709201157093048 0.5148025155067444 0.47401297092437744 0.6866183876991272
56.36666488647461 1.0299317836761475 -0.01923629641532898 -0.1357487589120865 -0.19438093900680542 0.5142185688018799 0.4710574746131897 0.68985515832901
56.400001525878906 1.022279143333435 -0.025107678025960922 -0.13504669070243835 -0.19270914793014526 0.5139294266700745 0.4687967598438263 0.6920760869979858
56.43333435058594 1.013896107673645 -0.03152740001678467 -0.13306783139705658 -0.19152814149856567 0.5144888758659363 0.4674217700958252 0.6929178237915039
56.46666717529297 1.0055221319198608 -0.03588584437966347 -0.1341322660446167 -0.18881240487098694 0.5120678544044495 0.4662749767303467 0.6962212920188904
56.5 0.9967641830444336 -0.04095569998025894 -0.13358493149280548 -0.18615873157978058 0.511344850063324 0.46522587537765503 0.6981663107872009
56.53333282470703 0.9879515171051025 -0.04614166542887688 -0.1327434480190277 -0.18474574387073517 0.5102198123931885 0.4643382430076599 0.6999533772468567
56.56666564941406 0.9772292375564575 -0.05140643194317818 -0.13163086771965027 -0.18210265040397644 0.5094001889228821 0.46372079849243164 0.7016503810882568
56.599998474121094 0.968787670135498 -0.055013254284858704 -0.13451920449733734 -0.17947238683700562 0.5047836303710938 0.46318352222442627 0.706005871295929
56.63333511352539 0.9539157152175903 -0.05505230277776718 -0.13636261224746704 -0.173686683177948 0.50367271900177 0.4604794979095459 0.7100038528442383
56.66666793823242 0.9421294927597046 -0.05955289304256439 -0.13526706397533417 -0.17090457677841187 0.5024909377098083 0.45962807536125183 0.7120650410652161
56.70000076293945 0.9313190579414368 -0.06438566744327545 -0.13338172435760498 -0.16915097832679749 0.5003412961959839 0.4595947563648224 0.7140161991119385
56.733333587646484 0.9197031259536743 -0.06852896511554718 -0.13211993873119354 -0.1670699566602707 0.4984967112541199 0.45909547805786133 0.7161145210266113
56.766666412353516 0.9067381024360657 -0.07269687205553055 -0.1299143135547638 -0.16535872220993042 0.49857765436172485 0.457366019487381 0.7175605893135071
56.79999923706055 0.8949819207191467 -0.0767144039273262 -0.13068896532058716 -0.16330356895923615 0.4962839186191559 0.4553227424621582 0.7209129333496094
56.83333206176758 0.8846514821052551 -0.08132275193929672 -0.13132920861244202 -0.16255421936511993 0.49478036165237427 0.45347926020622253 0.7232738733291626
56.86666488647461 0.8739154934883118 -0.0855385884642601 -0.13290418684482574 -0.16175976395606995 0.4934820532798767 0.4510382413864136 0.7258607149124146
56.900001525878906 0.8587005734443665 -0.08935531228780746 -0.13048413395881653 -0.15997682511806488 0.49517130851745605 0.44566771388053894 0.7284182906150818
56.93333435058594 0.8491416573524475 -0.09482358396053314 -0.13151495158672333 -0.1601189374923706 0.4943906366825104 0.4421018064022064 0.7310853600502014
56.96666717529297 0.8323379158973694 -0.1007499024271965 -0.12942543625831604 -0.15839654207229614 0.4984533190727234 0.43369603157043457 0.7337320446968079
57.0 0.8208730816841125 -0.10668382048606873 -0.13088512420654297 -0.1570241004228592 0.5000651478767395 0.42652666568756104 0.737125039100647
57.03333282470703 0.8111701607704163 -0.1128532811999321 -0.13199962675571442 -0.155856192111969 0.5005584359169006 0.4204619526863098 0.7405146360397339
57.06666564941406 0.7978915572166443 -0.1188344806432724 -0.13205744326114655 -0.1519157588481903 0.5008140802383423 0.4162712097167969 0.7435221076011658
57.099998474121094 0.7886995077133179 -0.12423720955848694 -0.13586482405662537 -0.14904382824897766 0.4975501000881195 0.41325709223747253 0.7479628920555115
57.13333511352539 0.7775379419326782 -0.12897391617298126 -0.13546331226825714 -0.14621037244796753 0.49793657660484314 0.40915724635124207 0.750514566898346
57.16666793823242 0.7655255794525146 -0.1344340592622757 -0.13651259243488312 -0.14353114366531372 0.49722227454185486 0.40539929270744324 0.7535384893417358
57.20000076293945 0.7517235279083252 -0.1402401328086853 -0.13532796502113342 -0.14073532819747925 0.4971090257167816 0.40007495880126953 0.7569782733917236
57.233333587646484 0.744022011756897 -0.1439751386642456 -0.13831639289855957 -0.13877622783184052 0.49694424867630005 0.392717570066452 0.7612887620925903
57.266666412353516 0.7343495488166809 -0.1470469832420349 -0.14138208329677582 -0.1390225887298584 0.49910253286361694 0.3836735486984253 0.7644370198249817
57.29999923706055 0.725107729434967 -0.1465904414653778 -0.14282919466495514 -0.13792479038238525 0.4998285174369812 0.3760914206504822 0.7679216265678406
57.33333206176758 0.7129437923431396 -0.14911136031150818 -0.14458386600017548 -0.13170944154262543 0.4972004294395447 0.3703571557998657 0.7734856605529785
57.36666488647461 0.6998640298843384 -0.1517893224954605 -0.1458430290222168 -0.12442253530025482 0.49470803141593933 0.36522436141967773 0.7787131071090698
57.400001525878906 0.6876820921897888 -0.15405815839767456 -0.14717420935630798 -0.11939778923988342 0.4924114942550659 0.3625601828098297 0.782192587852478
57.43333435058594 0.6749584078788757 -0.15579502284526825 -0.14855949580669403 -0.11415308713912964 0.48992520570755005 0.3607757091522217 0.7853555083274841
57.46666717529297 0.6617472171783447 -0.15791378915309906 -0.14994283020496368 -0.10917071998119354 0.48720020055770874 0.35784316062927246 0.7890918254852295
57.5 0.6486897468566895 -0.1598433405160904 -0.15108320116996765 -0.10512638092041016 0.48535817861557007 0.35412901639938354 0.7924445867538452
57.53333282470703 0.6347590684890747 -0.16211819648742676 -0.15206210315227509 -0.1010083556175232 0.4837470054626465 0.34998199343681335 0.7958008050918579
57.56666564941406 0.6225826740264893 -0.16426804661750793 -0.15267032384872437 -0.09834934026002884 0.48206499218940735 0.3447514772415161 0.7994292378425598
57.599998474121094 0.6081932187080383 -0.16628463566303253 -0.1537652164697647 -0.09561442583799362 0.48169776797294617 0.3394618332386017 0.8022412061691284
57.63333511352539 0.5946476459503174 -0.16775748133659363 -0.1551043838262558 -0.09186556190252304 0.48049095273017883 0.3351888060569763 0.8051942586898804
57.66666793823242 0.5789116024971008 -0.16870929300785065 -0.15626537799835205 -0.08677827566862106 0.47782522439956665 0.33084720373153687 0.8091307878494263
57.70000076293945 0.5638405084609985 -0.16981685161590576 -0.1576373279094696 -0.08176824450492859 0.4750913083553314 0.32575082778930664 0.8133194446563721
57.733333587646484 0.5509558916091919 -0.17190173268318176 -0.15771853923797607 -0.07816723734140396 0.47342050075531006 0.32027873396873474 0.816813588142395
57.766666412353516 0.5362303256988525 -0.17291513085365295 -0.15852580964565277 -0.0745348185300827 0.4707913100719452 0.3136562705039978 0.8212306499481201
57.79999923706055 0.5219056606292725 -0.17338892817497253 -0.15831194818019867 -0.07010455429553986 0.46850109100341797 0.306991308927536 0.8254383206367493
57.83333206176758 0.5063016414642334 -0.17384308576583862 -0.15821567177772522 -0.06414292007684708 0.4678681492805481 0.299929141998291 0.8288713097572327
57.86666488647461 0.49071621894836426 -0.17407047748565674 -0.15916438400745392 -0.0576787106692791 0.46733149886131287 0.292886883020401 0.8321609497070312
57.900001525878906 0.47445032000541687 -0.1746237725019455 -0.15882794559001923 -0.052290260791778564 0.4634172022342682 0.2865714728832245 0.836891233921051
57.93333435058594 0.46030011773109436 -0.17503798007965088 -0.15817278623580933 -0.047742217779159546 0.4586959481239319 0.28079861402511597 0.8417071104049683
57.96666717529297 0.44359275698661804 -0.17361213266849518 -0.15676257014274597 -0.042494166642427444 0.45558473467826843 0.2737593948841095 0.8459861278533936
58.0 0.4265231490135193 -0.17331014573574066 -0.15667188167572021 -0.03767065331339836 0.45205894112586975 0.2682334780693054 0.8498672842979431
58.03333282470703 0.40912285447120667 -0.1738905906677246 -0.15599174797534943 -0.03442907705903053 0.4471941590309143 0.2618792653083801 0.8545475006103516
58.06666564941406 0.3908955156803131 -0.17320804297924042 -0.15327760577201843 -0.030259985476732254 0.44194599986076355 0.255916029214859 0.8592293858528137
58.099998474121094 0.3733918368816376 -0.1725468784570694 -0.15044257044792175 -0.0269022136926651 0.43695107102394104 0.2488456517457962 0.8639594316482544
58.13333511352539 0.35789209604263306 -0.17231443524360657 -0.14862516522407532 -0.025013169273734093 0.43209707736968994 0.24275636672973633 0.8681795597076416
58.16666793823242 0.3403981924057007 -0.169229656457901 -0.14655151963233948 -0.021633533760905266 0.4264310896396637 0.2378392070531845 0.872422456741333
58.20000076293945 0.3227463960647583 -0.16924451291561127 -0.14347617328166962 -0.0204293392598629 0.4206763505935669 0.23274849355220795 0.8766083717346191
58.233333587646484 0.30684083700180054 -0.1686159074306488 -0.14039257168769836 -0.017826441675424576 0.41315194964408875 0.22859731316566467 0.8813233971595764
58.266666412353516 0.28926795721054077 -0.16595667600631714 -0.13823728263378143 -0.0120310690253973 0.40333038568496704 0.22549469769001007 0.8867536783218384
58.29999923706055 0.2721005380153656 -0.16213645040988922 -0.13640959560871124 -0.005489251110702753 0.39443764090538025 0.2209489345550537 0.8919475674629211
58.33333206176758 0.25536561012268066 -0.1615515500307083 -0.1332719326019287 -0.0028915891889482737 0.3877606689929962 0.21504448354244232 0.8963197469711304
58.36666488647461 0.2398519068956375 -0.15839697420597076 -0.13188906013965607 -0.0003023605386260897 0.38241928815841675 0.2092922329902649 0.899973452091217
58.400001525878906 0.22455570101737976 -0.15754349529743195 -0.12877611815929413 -1.8123950212611817e-05 0.377576619386673 0.20409950613975525 0.9032050967216492
58.43333435058594 0.2096049040555954 -0.15378770232200623 -0.12539641559123993 0.0014656608691439033 0.37208378314971924 0.19853608310222626 0.906716525554657
58.46666717529297 0.19236747920513153 -0.15339352190494537 -0.12422774732112885 0.002994735259562731 0.3676805794239044 0.18948215246200562 0.910438597202301
58.5 0.1759619563817978 -0.15112419426441193 -0.12176216393709183 0.006823938339948654 0.3646498918533325 0.18274593353271484 0.91301029920578
58.53333282470703 0.16560234129428864 -0.15033116936683655 -0.12170131504535675 0.009150436148047447 0.3570820391178131 0.18005815148353577 0.9165084958076477
58.56666564941406 0.13539308309555054 -0.15206599235534668 -0.13065296411514282 0.011076007038354874 0.34789225459098816 0.17908409237861633 0.9202049970626831
58.599998474121094 0.12490906566381454 -0.14987921714782715 -0.13071340322494507 0.014355500228703022 0.3412785828113556 0.17912200093269348 0.9226257801055908
58.63333511352539 0.11431961506605148 -0.14792197942733765 -0.13018502295017242 0.015681004151701927 0.3357186019420624 0.1784822642803192 0.9247655272483826
58.66666793823242 0.10553597658872604 -0.14392229914665222 -0.12994423508644104 0.018346354365348816 0.3290947675704956 0.17811551690101624 0.9271650314331055
58.70000076293945 0.096916563808918 -0.140367791056633 -0.12930458784103394 0.020037632435560226 0.3222692608833313 0.17803509533405304 0.9295400381088257
58.733333587646484 0.08876755833625793 -0.13794714212417603 -0.12772949039936066 0.020679956302046776 0.3151096999645233 0.1775408536195755 0.9320715665817261
58.766666412353516 0.0817728191614151 -0.13592775166034698 -0.12627720832824707 0.01974227838218212 0.31019875407218933 0.17639808356761932 0.9339543581008911
58.79999923706055 0.07150622457265854 -0.1305292844772339 -0.1237146407365799 0.02028723433613777 0.3094521760940552 0.17253707349300385 0.9349110722541809
58.83333206176758 0.06368033587932587 -0.12776882946491241 -0.12129475921392441 0.020455649122595787 0.3073722720146179 0.16865099966526031 0.9363016486167908
58.86666488647461 0.05388808622956276 -0.12241002172231674 -0.117927685379982 0.023243388161063194 0.30417561531066895 0.16316014528274536 0.9382514357566833
58.900001525878906 0.047123830765485764 -0.11701881885528564 -0.11576598882675171 0.024557918310165405 0.3004990816116333 0.15839992463588715 0.9402163624763489
58.93333435058594 0.03816879540681839 -0.11428186297416687 -0.11255715042352676 0.023651478812098503 0.2977323532104492 0.1538439840078354 0.9418747425079346
58.96666717529297 0.02854693867266178 -0.10994696617126465 -0.10827995091676712 0.02423231676220894 0.29508164525032043 0.1490963250398636 0.9434564113616943
59.0 0.02052733302116394 -0.1061379685997963 -0.10552708804607391 0.02376079373061657 0.29166677594184875 0.1443949192762375 0.9452597498893738
59.03333282470703 0.013103016652166843 -0.10194091498851776 -0.10302724689245224 0.023615194484591484 0.2874663174152374 0.14059855043888092 0.9471206665039062
59.06666564941406 0.0024711594451218843 -0.0978512167930603 -0.09829988330602646 0.02370387874543667 0.2834014594554901 0.1363200843334198 0.9489671587944031
59.099998474121094 -0.004130887798964977 -0.09225697070360184 -0.09657685458660126 0.025495897978544235 0.2761675715446472 0.13357675075531006 0.9514403939247131
59.13333511352539 -0.013022121042013168 -0.08863712847232819 -0.09538333117961884 0.026364494115114212 0.2694665789604187 0.13110369443893433 0.9536795020103455
59.16666793823242 -0.02283194474875927 -0.08112090080976486 -0.09071076661348343 0.029622219502925873 0.2636892795562744 0.12904983758926392 0.9554771780967712
59.20000076293945 -0.02866027131676674 -0.0796159878373146 -0.09205644577741623 0.029801372438669205 0.2547454833984375 0.12746082246303558 0.9581077694892883
59.233333587646484 -0.034811850637197495 -0.07474961131811142 -0.09008936583995819 0.03267991170287132 0.24678541719913483 0.12487712502479553 0.96043461561203
59.266666412353516 -0.04251135513186455 -0.08272992819547653 -0.08909621089696884 0.028415817767381668 0.2417522370815277 0.12195627391338348 0.962224006652832
59.29999923706055 -0.05093621090054512 -0.07886631041765213 -0.08549557626247406 0.025826429948210716 0.2368965893983841 0.12034937739372253 0.963705837726593
59.33333206176758 -0.058544907718896866 -0.07529015094041824 -0.08290336281061172 0.02508658915758133 0.2319411337375641 0.11669179797172546 0.9653792381286621
59.36666488647461 -0.06669189780950546 -0.07098475843667984 -0.07986337691545486 0.024517342448234558 0.22757898271083832 0.11335594207048416 0.966828465461731
59.400001525878906 -0.0728425607085228 -0.06990757584571838 -0.07728447765111923 0.021643515676259995 0.22226759791374207 0.11058265715837479 0.9684524536132812
59.43333435058594 -0.08122421056032181 -0.0654689148068428 -0.07561232894659042 0.021763749420642853 0.21656674146652222 0.10707495361566544 0.9701340794563293
59.46666717529297 -0.0885922834277153 -0.06310449540615082 -0.07294885814189911 0.021659858524799347 0.21257658302783966 0.1023157387971878 0.9715316295623779
59.5 -0.09674428403377533 -0.06003553047776222 -0.07044847309589386 0.021964337676763535 0.20917685329914093 0.09831637144088745 0.9726749658584595
59.53333282470703 -0.10416508466005325 -0.05579843744635582 -0.06603730469942093 0.022688576951622963 0.2032783329486847 0.09570490568876266 0.9741681814193726
59.56666564941406 -0.11398284882307053 -0.05305134505033493 -0.06405282020568848 0.022524068132042885 0.1982647031545639 0.09228933602571487 0.9755339622497559
59.599998474121094 -0.12119978666305542 -0.050783127546310425 -0.06122034415602684 0.02278551645576954 0.19484065473079681 0.08895085752010345 0.9765273332595825
59.63333511352539 -0.12657375633716583 -0.04765734449028969 -0.059117864817380905 0.023691650480031967 0.19038157165050507 0.08629348129034042 0.9776231646537781
59.66666793823242 -0.13247142732143402 -0.046822983771562576 -0.05758218094706535 0.02185654081404209 0.18559585511684418 0.0844639390707016 0.9787452816963196
59.70000076293945 -0.13545438647270203 -0.04614553973078728 -0.05617150664329529 0.020452840253710747 0.18112000823020935 0.08234425634145737 0.9797942638397217
59.733333587646484 -0.1406884789466858 -0.04385343939065933 -0.0531042218208313 0.02070702239871025 0.178448885679245 0.08094602823257446 0.9803953766822815
59.766666412353516 -0.14506570994853973 -0.0442894846200943 -0.053360529243946075 0.019647732377052307 0.17317934334278107 0.0797036737203598 0.9814633727073669
59.79999923706055 -0.14884576201438904 -0.04113709181547165 -0.04959074780344963 0.020963817834854126 0.1692592203617096 0.07859387993812561 0.9822092056274414
59.83333206176758 -0.15287265181541443 -0.03967929258942604 -0.04725951701402664 0.020944727584719658 0.16727212071418762 0.07781996577978134 0.9826115965843201
59.86666488647461 -0.15306605398654938 -0.03768596798181534 -0.04521624371409416 0.020829422399401665 0.16291241347789764 0.07811098545789719 0.9833230972290039
59.900001525878906 -0.15458443760871887 -0.03841687738895416 -0.04437292367219925 0.019338414072990417 0.15772581100463867 0.07769255340099335 0.9842318892478943
59.93333435058594 -0.15672625601291656 -0.03777756914496422 -0.04292035475373268 0.01919960230588913 0.1540568470954895 0.07715748995542526 0.9848577380180359
