t_sec,x,y,z,qw,qx,qy,qz
1790504411.988469839,0.010566809812,0.006324102742,-0.022278104444,0.697297752,-0.716758063,-0.000072435,-0.005806717
1790504412.021722317,0.010568700481,0.006322714694,-0.022278158559,0.697290592,-0.716765085,-0.000074689,-0.005799803
1790504412.054970741,0.010572385355,0.006325248628,-0.022280076803,0.697291760,-0.716763961,-0.000077395,-0.005798244
1790504412.088213205,0.010575339888,0.006329951317,-0.022283318546,0.697296518,-0.716759307,-0.000073973,-0.005801392
1790504412.121452093,0.010575505897,0.006331818629,-0.022284665852,0.697295458,-0.716760317,-0.000068366,-0.005804102
1790504412.154686451,0.010572630378,0.006330935915,-0.022282042481,0.697298588,-0.716757281,-0.000076980,-0.005802791
1790504412.187916279,0.010567459024,0.006329385440,-0.022279601074,0.697296838,-0.716759060,-0.000063825,-0.005793539
1790504412.221140385,0.010564667199,0.006327924020,-0.022278032835,0.697303978,-0.716752025,-0.000065679,-0.005804544
1790504412.254360914,0.010563700299,0.006324706977,-0.022276015740,0.697302862,-0.716753161,-0.000070852,-0.005798165
1790504412.287576914,0.010562517359,0.006321329512,-0.022273937648,0.697301002,-0.716755011,-0.000076453,-0.005793149
1790504412.320787191,0.010561744072,0.006321158415,-0.022273897385,0.697300839,-0.716755207,-0.000071954,-0.005788557
1790504412.353993893,0.010562803987,0.006324382346,-0.022275672516,0.697305445,-0.716750581,-0.000069655,-0.005806478
1790504412.387196064,0.010564267551,0.006326717738,-0.022276912458,0.697313995,-0.716742263,-0.000068201,-0.005806542
1790504412.420393467,0.010565354506,0.006325364781,-0.022276315439,0.697308310,-0.716747898,-0.000075722,-0.005793573
1790504412.453585386,0.010567174012,0.006323853099,-0.022273433694,0.697309544,-0.716746660,-0.000077992,-0.005798183
1790504412.486773729,0.010568588545,0.006323146478,-0.022271930019,0.697308453,-0.716747676,-0.000074526,-0.005803918
1790504412.519957304,0.010569500292,0.006321841307,-0.022272904547,0.697306603,-0.716749506,-0.000070280,-0.005800235
1790504412.553136587,0.010569643734,0.006321135145,-0.022273921572,0.697298395,-0.716757430,-0.000074212,-0.005807742
1790504412.586309910,0.010565867522,0.006322671423,-0.022276782125,0.697308822,-0.716747304,-0.000073038,-0.005805505
1790504412.619479656,0.010561088071,0.006323971080,-0.022280162758,0.697307120,-0.716748954,-0.000061333,-0.005806299
1790504412.652645111,0.010558926704,0.006323836495,-0.022281866469,0.697307880,-0.716748218,-0.000069631,-0.005805760
1790504412.685804605,0.010558594211,0.006322563444,-0.022282752470,0.697299471,-0.716756418,-0.000060711,-0.005803512
1790504412.718960762,0.010561325708,0.006321851306,-0.022281941626,0.697300630,-0.716755277,-0.000067594,-0.005805172
1790504412.752112150,0.010565654954,0.006321961810,-0.022278125788,0.697303182,-0.716752749,-0.000077405,-0.005810595
1790504412.785259008,0.010566606122,0.006321493316,-0.022275802691,0.697304240,-0.716751720,-0.000074729,-0.005810706
1790504412.818400145,0.010565453788,0.006321247900,-0.022275953264,0.697303233,-0.716752778,-0.000073892,-0.005801005
1790504412.851537943,0.010566142226,0.006323026847,-0.022277137620,0.697302478,-0.716753421,-0.000075565,-0.005812191
1790504412.884670734,0.010565745772,0.006324858783,-0.022278994148,0.697309782,-0.716746269,-0.000076244,-0.005817803
1790504412.917798996,0.010563826970,0.006325804129,-0.022278941207,0.697300130,-0.716755758,-0.000084688,-0.005805660
1790504412.950921774,0.010563312845,0.006328964802,-0.022276901426,0.697311080,-0.716745035,-0.000079206,-0.005814337
1790504412.984041929,0.010564978456,0.006331156810,-0.022276334392,0.697316878,-0.716739346,-0.000076311,-0.005820351
1790504413.017376900,0.010566280094,0.006328993433,-0.022276661564,0.697306181,-0.716749801,-0.000087065,-0.005814213
1790504413.050710678,0.010565928191,0.006325800289,-0.022275937463,0.697310287,-0.716745848,-0.000087875,-0.005809034
1790504413.084045410,0.010565761871,0.006323315874,-0.022273614393,0.697306758,-0.716749281,-0.000093079,-0.005809011
1790504413.117380381,0.010564857014,0.006322681251,-0.022272479085,0.697307776,-0.716748273,-0.000094761,-0.005811115
1790504413.150715351,0.010561967499,0.006323732528,-0.022273687277,0.697311944,-0.716744189,-0.000086463,-0.005814912
1790504413.184049129,0.010559057345,0.006324547888,-0.022275941735,0.697310325,-0.716745833,-0.000083436,-0.005806422
1790504413.217383862,0.010559145148,0.006324438802,-0.022277907946,0.697315361,-0.716740944,-0.000086917,-0.005805099
1790504413.250718832,0.010560705758,0.006324081647,-0.022277623771,0.697312744,-0.716743500,-0.000090499,-0.005803859
1790504413.284052372,0.010561283884,0.006324019203,-0.022277053679,0.697319973,-0.716736416,-0.000080436,-0.005810254
1790504413.317387342,0.010562958124,0.006323579059,-0.022275786155,0.697310225,-0.716745962,-0.000083610,-0.005802497
1790504413.350722313,0.010566384913,0.006324745352,-0.022274007828,0.697320062,-0.716736309,-0.000085929,-0.005812771
1790504413.384057045,0.010567273915,0.006324652343,-0.022272752751,0.697323448,-0.716732995,-0.000085816,-0.005815016
1790504413.417391062,0.010565510771,0.006323044240,-0.022272608888,0.697312610,-0.716743680,-0.000080869,-0.005797854
1790504413.450725794,0.010567608942,0.006325215980,-0.022271701597,0.697316724,-0.716739563,-0.000081117,-0.005812003
1790504413.484060764,0.010570717091,0.006328329073,-0.022270740939,0.697322413,-0.716733988,-0.000074107,-0.005816991
1790504413.517395496,0.010569910887,0.006326574722,-0.022269782803,0.697322225,-0.716734189,-0.000081665,-0.005814588
1790504413.550729513,0.010567631065,0.006322836975,-0.022269274573,0.697307350,-0.716748807,-0.000083476,-0.005796544
1790504413.584064245,0.010567211805,0.006323178752,-0.022270357778,0.697318287,-0.716738094,-0.000081728,-0.005805545
1790504413.617399216,0.010566345221,0.006324560968,-0.022271376736,0.697313913,-0.716742346,-0.000081063,-0.005806042
1790504413.650732994,0.010563998106,0.006324418475,-0.022272890331,0.697314530,-0.716741788,-0.000073930,-0.005800758
1790504413.684067965,0.010562404335,0.006322101378,-0.022275483931,0.697311454,-0.716744827,-0.000076896,-0.005795145
1790504413.717402697,0.010562185657,0.006320299159,-0.022276978591,0.697303477,-0.716752571,-0.000085723,-0.005796944
1790504413.750737667,0.010560975837,0.006322056584,-0.022276669232,0.697307291,-0.716748902,-0.000077067,-0.005791982
1790504413.784071207,0.010559865695,0.006325280679,-0.022275329103,0.697308645,-0.716747555,-0.000071856,-0.005795759
1790504413.817406178,0.010559058133,0.006327009990,-0.022275606638,0.697310408,-0.716745814,-0.000066427,-0.005798981
1790504413.850740910,0.010559781766,0.006325744441,-0.022275976340,0.697308947,-0.716747244,-0.000071145,-0.005797823
1790504413.884075880,0.010561342767,0.006322945813,-0.022275579300,0.697308219,-0.716747937,-0.000073573,-0.005799839
1790504413.917409897,0.010560786812,0.006321716909,-0.022277248516,0.697297687,-0.716758197,-0.000070910,-0.005798121
1790504413.950744629,0.010561218506,0.006325272830,-0.022278263159,0.697309705,-0.716746499,-0.000068382,-0.005798932
1790504413.984079599,0.010565904885,0.006329750371,-0.022274606872,0.697314187,-0.716741997,-0.000062555,-0.005816372
1790504414.017423391,0.010568788072,0.006330733961,-0.022270928790,0.697307921,-0.716748077,-0.000070853,-0.005818321
1790504414.050768375,0.010565855083,0.006328994977,-0.022273311925,0.697308385,-0.716747686,-0.000060690,-0.005810945
1790504414.084113598,0.010562908585,0.006326330209,-0.022276563431,0.697305541,-0.716750514,-0.000060927,-0.005803489
1790504414.117458820,0.010564125955,0.006324322337,-0.022277031443,0.697305465,-0.716750479,-0.000065538,-0.005816747
1790504414.150803328,0.010565794528,0.006323752030,-0.022276558827,0.697302008,-0.716753877,-0.000062905,-0.005812534
1790504414.184149027,0.010566453011,0.006324496558,-0.022276303324,0.697304137,-0.716751743,-0.000063739,-0.005820238
1790504414.217494726,0.010565941906,0.006324864059,-0.022276546834,0.697303413,-0.716752514,-0.000063826,-0.005812022
1790504414.250840902,0.010565436488,0.006324563019,-0.022276025425,0.697304672,-0.716751287,-0.000065905,-0.005812300
1790504414.284185886,0.010565483302,0.006324302985,-0.022275562463,0.697306326,-0.716749709,-0.000070616,-0.005808307
1790504414.317532301,0.010566163947,0.006324182353,-0.022274878219,0.697303143,-0.716752779,-0.000073578,-0.005811691
1790504414.350878716,0.010566571379,0.006324629271,-0.022274786837,0.697302462,-0.716753493,-0.000072003,-0.005805324
1790504414.384224415,0.010565678836,0.006325502400,-0.022276624608,0.697310305,-0.716745818,-0.000071816,-0.005810924
1790504414.417571068,0.010563427472,0.006325615012,-0.022279076414,0.697302661,-0.716753347,-0.000074831,-0.005799342
1790504414.450917959,0.010562001471,0.006325327530,-0.022279181807,0.697307486,-0.716748576,-0.000069422,-0.005808913
1790504414.484265089,0.010560967609,0.006322278146,-0.022278238770,0.697305021,-0.716750984,-0.000071345,-0.005807746
1790504414.517611265,0.010560058855,0.006319624014,-0.022277019700,0.697290942,-0.716764850,-0.000077455,-0.005786781
1790504414.550958872,0.010563362867,0.006322386124,-0.022273793708,0.697306580,-0.716749460,-0.000068633,-0.005808710
1790504414.584306479,0.010567440002,0.006325037748,-0.022272216149,0.697306573,-0.716749461,-0.000079889,-0.005809187
1790504414.617653370,0.010567414213,0.006325089857,-0.022273424629,0.697301010,-0.716754991,-0.000075959,-0.005794620
1790504414.651001215,0.010565794951,0.006325188583,-0.022275848473,0.697302035,-0.716753952,-0.000079377,-0.005799879
1790504414.684349298,0.010562515003,0.006325499564,-0.022277890796,0.697304324,-0.716751724,-0.000078945,-0.005799927
1790504414.717697620,0.010560206115,0.006326347805,-0.022276700804,0.697297232,-0.716758705,-0.000066936,-0.005789994
1790504414.751044989,0.010563047046,0.006328644618,-0.022273657580,0.697303525,-0.716752493,-0.000072449,-0.005801108
1790504414.784393549,0.010565836315,0.006328656801,-0.022272655104,0.697308940,-0.716747242,-0.000071664,-0.005798967
1790504414.817742348,0.010566389651,0.006325326662,-0.022274767221,0.697297085,-0.716758851,-0.000077427,-0.005789540
1790504414.851091385,0.010567192703,0.006324223245,-0.022275362499,0.697302839,-0.716753226,-0.000084667,-0.005792831
1790504414.884439468,0.010565403269,0.006326209781,-0.022275504424,0.697306529,-0.716749612,-0.000083405,-0.005795817
1790504414.917788506,0.010561408059,0.006328302837,-0.022276379320,0.697313399,-0.716743002,-0.000074939,-0.005786821
1790504414.951138258,0.010560515124,0.006328495851,-0.022273996237,0.697314272,-0.716742041,-0.000084570,-0.005800488
1790504414.984486580,0.010560032984,0.006327235565,-0.022272737742,0.697312744,-0.716743609,-0.000082192,-0.005790433
1790504415.017818451,0.010561455673,0.006327288495,-0.022276153022,0.697312459,-0.716743898,-0.000081718,-0.005789011
1790504415.051149845,0.010564507604,0.006328740015,-0.022277722152,0.697321002,-0.716735509,-0.000082467,-0.005798638
1790504415.084481239,0.010564116478,0.006327854341,-0.022276839969,0.697321229,-0.716735292,-0.000087113,-0.005798042
1790504415.117811680,0.010560257937,0.006325349932,-0.022276546499,0.697315289,-0.716741145,-0.000086274,-0.005788952
1790504415.151143074,0.010558049927,0.006325140369,-0.022275141338,0.697315760,-0.716740715,-0.000084100,-0.005785364
1790504415.184474468,0.010560667240,0.006327019424,-0.022271702345,0.697318368,-0.716738031,-0.000082260,-0.005803628
1790504415.217805624,0.010564007536,0.006327518352,-0.022270801085,0.697317952,-0.716738437,-0.000088708,-0.005803432
1790504415.251135826,0.010564341943,0.006326583925,-0.022273656962,0.697310834,-0.716745371,-0.000084555,-0.005802389
1790504415.284466743,0.010562041437,0.006326170165,-0.022277722430,0.697314234,-0.716742051,-0.000084843,-0.005803828
1790504415.317797899,0.010559348236,0.006326752840,-0.022280817208,0.697313894,-0.716742366,-0.000086371,-0.005805730
1790504415.351127863,0.010557192398,0.006327151059,-0.022281102463,0.697318032,-0.716738307,-0.000081689,-0.005809888
1790504415.384458780,0.010556516293,0.006327181617,-0.022276940092,0.697309610,-0.716746556,-0.000082757,-0.005802987
1790504415.417789698,0.010559373329,0.006328706392,-0.022271964648,0.697316640,-0.716739652,-0.000085650,-0.005810957
1790504415.451120377,0.010562418383,0.006328162779,-0.022271409237,0.697321291,-0.716735053,-0.000086211,-0.005820038
1790504415.484450102,0.010561927263,0.006323580230,-0.022272690756,0.697312102,-0.716744131,-0.000094253,-0.005802920
1790504415.517781019,0.010560258882,0.006320978212,-0.022273141016,0.697310202,-0.716745970,-0.000090555,-0.005804214
1790504415.551111460,0.010560348721,0.006321485105,-0.022272335639,0.697316989,-0.716739305,-0.000084027,-0.005812024
1790504415.584442139,0.010562531406,0.006320818407,-0.022271217849,0.697315377,-0.716740914,-0.000083897,-0.005806920
1790504415.617771387,0.010566100245,0.006319414138,-0.022271531285,0.697310673,-0.716745520,-0.000100408,-0.005802938
1790504415.651102066,0.010567023669,0.006320440154,-0.022273121859,0.697320468,-0.716735894,-0.000097595,-0.005814937
1790504415.684432268,0.010563698809,0.006322327044,-0.022275516316,0.697318723,-0.716737671,-0.000093088,-0.005805199
1790504415.717761755,0.010561332401,0.006325749891,-0.022274672239,0.697322008,-0.716734432,-0.000091020,-0.005810639
1790504415.751091719,0.010562050789,0.006329896065,-0.022269979035,0.697325102,-0.716731432,-0.000089033,-0.005809379
1790504415.784422159,0.010564141586,0.006331586856,-0.022268750591,0.697329613,-0.716726974,-0.000084712,-0.005818015
1790504415.817752123,0.010563774224,0.006329653282,-0.022273217096,0.697324150,-0.716732377,-0.000088184,-0.005807063
1790504415.851081133,0.010562822589,0.006327953772,-0.022277179906,0.697328361,-0.716728317,-0.000086984,-0.005802581
1790504415.884411097,0.010563628014,0.006327563038,-0.022276786254,0.697329238,-0.716727472,-0.000087496,-0.005801530
1790504415.917741060,0.010565023757,0.006327658920,-0.022273843843,0.697329997,-0.716726705,-0.000088209,-0.005804993
1790504415.951069832,0.010565338976,0.006328915774,-0.022269671991,0.697327232,-0.716729439,-0.000082750,-0.005799669
1790504415.984399557,0.010565431275,0.006331319265,-0.022267370007,0.697337045,-0.716719864,-0.000083425,-0.005802968
1790504416.017735243,0.010565853982,0.006330899523,-0.022270236727,0.697337997,-0.716718909,-0.000081198,-0.005806549
1790504416.051070929,0.010566522496,0.006327371387,-0.022272085334,0.697332121,-0.716724754,-0.000081794,-0.005790777
1790504416.084405661,0.010567444960,0.006324604036,-0.022271103470,0.697331829,-0.716725022,-0.000084909,-0.005792821
1790504416.117741108,0.010566505205,0.006323666261,-0.022271658911,0.697335914,-0.716720960,-0.000081414,-0.005803695
1790504416.151076794,0.010563357469,0.006322853683,-0.022274680668,0.697327817,-0.716728953,-0.000084684,-0.005789341
1790504416.184412479,0.010560703418,0.006322941934,-0.022276616119,0.697330781,-0.716725961,-0.000074755,-0.005802862
1790504416.217746973,0.010559250218,0.006322824240,-0.022277855479,0.697324227,-0.716732406,-0.000073304,-0.005794391
1790504416.251082659,0.010561361252,0.006323574473,-0.022276748130,0.697324213,-0.716732339,-0.000080119,-0.005804327
1790504416.284418344,0.010563176505,0.006324667291,-0.022275326617,0.697331454,-0.716725276,-0.000079864,-0.005806465
1790504416.317752838,0.010562522745,0.006324104315,-0.022275000218,0.697323419,-0.716733134,-0.000081141,-0.005801506
1790504416.351088524,0.010561172784,0.006322974021,-0.022274502399,0.697322363,-0.716734190,-0.000079731,-0.005797943
1790504416.384423971,0.010560692457,0.006321656284,-0.022273234916,0.697320049,-0.716736306,-0.000076419,-0.005814690
1790504416.417759657,0.010561478880,0.006320732089,-0.022273457524,0.697318915,-0.716737512,-0.000084476,-0.005801959
1790504416.451094151,0.010563274392,0.006321543612,-0.022274390339,0.697322977,-0.716733471,-0.000081341,-0.005812885
1790504416.484429836,0.010564683784,0.006322223990,-0.022275178858,0.697321487,-0.716734941,-0.000076729,-0.005810501
1790504416.517765284,0.010564589112,0.006321513010,-0.022276630172,0.697323301,-0.716733110,-0.000078036,-0.005818724
1790504416.551100969,0.010563275646,0.006320111754,-0.022277208779,0.697322151,-0.716734373,-0.000084934,-0.005800761
1790504416.584435463,0.010564456379,0.006320177387,-0.022275179614,0.697325578,-0.716730902,-0.000084754,-0.005817749
1790504416.617771149,0.010566040470,0.006321825249,-0.022273639567,0.697323977,-0.716732441,-0.000088850,-0.005819791
1790504416.651106834,0.010566975261,0.006324779698,-0.022274573178,0.697333834,-0.716722804,-0.000083040,-0.005825716
1790504416.684441328,0.010567779950,0.006325909854,-0.022276374232,0.697333460,-0.716723177,-0.000084572,-0.005824612
1790504416.717776775,0.010566806137,0.006324731135,-0.022277185297,0.697329462,-0.716726959,-0.000087316,-0.005837822
1790504416.751112461,0.010563821431,0.006323452204,-0.022277766852,0.697334001,-0.716722659,-0.000086745,-0.005823555
1790504416.784447908,0.010564474577,0.006324901441,-0.022279058972,0.697326337,-0.716730120,-0.000088382,-0.005823062
1790504416.817782640,0.010568435853,0.006329463754,-0.022282183478,0.697340557,-0.716716169,-0.000089645,-0.005837186
1790504416.851118088,0.010569554600,0.006331653283,-0.022286553541,0.697335521,-0.716721169,-0.000087635,-0.005824959
1790504416.884453773,0.010567404269,0.006330228522,-0.022288386268,0.697331808,-0.716724846,-0.000095356,-0.005816840
1790504416.917789221,0.010559096017,0.006324242402,-0.022283599478,0.697333653,-0.716722992,-0.000097767,-0.005824041
1790504416.951123714,0.010540136476,0.006311586252,-0.022272470126,0.697333921,-0.716722746,-0.000090649,-0.005822427
1790504416.984459400,0.010516364462,0.006294817717,-0.022254699142,0.697342621,-0.716714129,-0.000093639,-0.005841054
1790504417.017794609,0.010488055691,0.006274185389,-0.022235275992,0.697347560,-0.716709209,-0.000095082,-0.005855035
1790504417.051131010,0.010455276871,0.006252064673,-0.022219058114,0.697340916,-0.716715756,-0.000100680,-0.005844744
1790504417.084468365,0.010430554174,0.006236082916,-0.022206713998,0.697349839,-0.716707097,-0.000099163,-0.005841964
1790504417.117805481,0.010425048973,0.006228503338,-0.022201172355,0.697344343,-0.716712450,-0.000095836,-0.005841390
1790504417.151142597,0.010427275168,0.006223904607,-0.022201034962,0.697329726,-0.716726850,-0.000087559,-0.005819619
1790504417.184478998,0.010428136462,0.006220112068,-0.022201203342,0.697329451,-0.716727142,-0.000084829,-0.005816642
1790504417.217816353,0.010426766627,0.006218255596,-0.022203704215,0.697315586,-0.716740927,-0.000076377,-0.005780273
1790504417.251153469,0.010426416876,0.006220903102,-0.022206570893,0.697320689,-0.716735901,-0.000064542,-0.005787998
1790504417.284490108,0.010425268241,0.006223085586,-0.022208844898,0.697314781,-0.716741724,-0.000054364,-0.005778780
1790504417.317827463,0.010422659268,0.006221907037,-0.022211604319,0.697305970,-0.716750461,-0.000045086,-0.005758336
1790504417.351164818,0.010422025320,0.006220126542,-0.022212241099,0.697297670,-0.716758695,-0.000045634,-0.005738575
1790504417.384502172,0.010424351171,0.006220323564,-0.022209793558,0.697294520,-0.716761780,-0.000038031,-0.005735992
1790504417.417838812,0.010425309405,0.006220376392,-0.022208088373,0.697286547,-0.716769581,-0.000031184,-0.005730451
1790504417.451176167,0.010421789759,0.006219305399,-0.022208949448,0.697283132,-0.716773081,-0.000018394,-0.005708195
1790504417.484513760,0.010417489781,0.006219142254,-0.022211932800,0.697276181,-0.716780022,0.000004165,-0.005685709
1790504417.517851353,0.010416239143,0.006220287860,-0.022214461282,0.697281853,-0.716774528,0.000020299,-0.005682742
1790504417.551187992,0.010417361803,0.006219912876,-0.022214609718,0.697273174,-0.716783132,0.000027785,-0.005662229
1790504417.584525585,0.010418550103,0.006219139552,-0.022213629526,0.697268382,-0.716787807,0.000044940,-0.005660488
1790504417.617862940,0.010416305502,0.006218894949,-0.022213010067,0.697262873,-0.716793288,0.000053910,-0.005645038
1790504417.651199818,0.010409985054,0.006219367647,-0.022214747749,0.697263551,-0.716792775,0.000074323,-0.005626170
1790504417.684537649,0.010402551083,0.006218729764,-0.022217133170,0.697255464,-0.716800745,0.000086952,-0.005612727
1790504417.717875242,0.010396173158,0.006216543228,-0.022219199817,0.697254296,-0.716802092,0.000096348,-0.005585550
1790504417.751212835,0.010394934429,0.006214948258,-0.022218713621,0.697239871,-0.716816249,0.000110279,-0.005569184
1790504417.784549713,0.010396773325,0.006215649515,-0.022216272482,0.697251694,-0.716804504,0.000100400,-0.005600692
1790504417.817887545,0.010395803121,0.006215926362,-0.022215004442,0.697246635,-0.716809470,0.000085740,-0.005595148
1790504417.851225376,0.010393787934,0.006215882750,-0.022215491164,0.697257692,-0.716798618,0.000081744,-0.005607680
1790504417.884563208,0.010393136696,0.006213936256,-0.022217308999,0.697258122,-0.716798089,0.000070251,-0.005621860
1790504417.917899847,0.010393683925,0.006212311872,-0.022220062933,0.697252919,-0.716803131,0.000060357,-0.005624399
1790504417.951237679,0.010398835318,0.006215536285,-0.022218625471,0.697258183,-0.716797907,0.000054849,-0.005637651
1790504417.984575987,0.010408617841,0.006221153018,-0.022213990864,0.697268977,-0.716787211,0.000041945,-0.005662676
1790504418.017912865,0.010417233345,0.006222776579,-0.022210366793,0.697266732,-0.716789326,0.000031908,-0.005671428
1790504418.051245213,0.010421651564,0.006220658637,-0.022209582071,0.697266167,-0.716789832,0.000018485,-0.005677064
1790504418.084577560,0.010422712945,0.006219669866,-0.022210126187,0.697261316,-0.716794536,0.000007425,-0.005678855
1790504418.117909908,0.010423531665,0.006222349746,-0.022211090442,0.697271086,-0.716784942,0.000011539,-0.005690304
1790504418.151241302,0.010428019871,0.006225348329,-0.022208709222,0.697275590,-0.716780401,0.000000188,-0.005710413
1790504418.184573412,0.010431830785,0.006226388445,-0.022204474587,0.697277910,-0.716778095,-0.000013888,-0.005716443
1790504418.217905760,0.010431106312,0.006225460297,-0.022201884610,0.697278961,-0.716777018,-0.000011861,-0.005723324
1790504418.251238108,0.010426948468,0.006221003378,-0.022204236882,0.697282682,-0.716773318,-0.000017614,-0.005733495
1790504418.284569025,0.010423038129,0.006215612478,-0.022207089567,0.697271314,-0.716784449,-0.000023060,-0.005724390
1790504418.317901373,0.010423784916,0.006216057290,-0.022207959503,0.697279275,-0.716776589,-0.000032457,-0.005738736
1790504418.351233482,0.010427895013,0.006222434715,-0.022206801128,0.697279804,-0.716775921,-0.000038917,-0.005757777
1790504418.384564400,0.010432572033,0.006230571859,-0.022204133514,0.697292356,-0.716763593,-0.000039051,-0.005772443
1790504418.417896509,0.010434821703,0.006233914812,-0.022203289703,0.697294122,-0.716761769,-0.000053137,-0.005785511
1790504418.451228857,0.010433196324,0.006231687132,-0.022206249095,0.697294384,-0.716761517,-0.000054265,-0.005785008
1790504418.484560490,0.010429448788,0.006227946590,-0.022208790645,0.697294371,-0.716761570,-0.000051993,-0.005780090
1790504418.517891645,0.010426426255,0.006224846437,-0.022208918963,0.697299314,-0.716756683,-0.000051988,-0.005789800
1790504418.551223516,0.010424394372,0.006222901802,-0.022207073429,0.697290476,-0.716765405,-0.000060448,-0.005774299
1790504418.584555387,0.010425370058,0.006224820833,-0.022205607519,0.697307149,-0.716749055,-0.000056055,-0.005790403
1790504418.617886543,0.010428849249,0.006226022312,-0.022206350024,0.697308646,-0.716747523,-0.000063873,-0.005799729
1790504418.651218176,0.010428326134,0.006225633106,-0.022208437471,0.697307347,-0.716748828,-0.000066160,-0.005794638
1790504418.684550047,0.010426401942,0.006226502712,-0.022210166403,0.697313660,-0.716742688,-0.000059136,-0.005794402
1790504418.717881918,0.010429308966,0.006227971378,-0.022207773282,0.697318465,-0.716737932,-0.000066849,-0.005804371
1790504418.751212597,0.010433638058,0.006229050740,-0.022204183478,0.697321780,-0.716734622,-0.000068709,-0.005814816
1790504418.784544468,0.010434518638,0.006228945210,-0.022202865156,0.697322701,-0.716733732,-0.000069173,-0.005814094
1790504418.817876339,0.010433912358,0.006227919114,-0.022201943687,0.697325725,-0.716730754,-0.000068858,-0.005818472
1790504418.851207972,0.010433219269,0.006227536390,-0.022199675080,0.697321500,-0.716734879,-0.000082763,-0.005816525
1790504418.884538651,0.010431680580,0.006229573085,-0.022198031139,0.697331790,-0.716724783,-0.000079893,-0.005827024
1790504418.917870045,0.010431474814,0.006232087605,-0.022198882942,0.697326433,-0.716730018,-0.000079965,-0.005824105
1790504418.951201916,0.010432887504,0.006235051648,-0.022200833095,0.697339457,-0.716717280,-0.000083238,-0.005832255
1790504418.984532356,0.010433795601,0.006235183998,-0.022202255224,0.697338118,-0.716718544,-0.000083590,-0.005837045
1790504419.017863989,0.010432807441,0.006232298466,-0.022201665733,0.697338167,-0.716718517,-0.000091839,-0.005834355
1790504419.051197529,0.010430648251,0.006228958409,-0.022203201307,0.697336725,-0.716719933,-0.000099667,-0.005832718
1790504419.084531069,0.010428725543,0.006227954492,-0.022206092430,0.697335293,-0.716721315,-0.000102334,-0.005834076
1790504419.117863417,0.010428651081,0.006228896884,-0.022208917216,0.697344124,-0.716712658,-0.000088813,-0.005842253
1790504419.151196957,0.010432086568,0.006228938554,-0.022208958487,0.697344353,-0.716712446,-0.000104522,-0.005840455
1790504419.184530258,0.010436685902,0.006229158262,-0.022206725061,0.697343995,-0.716712719,-0.000101909,-0.005849947
1790504419.217863798,0.010439297050,0.006229780114,-0.022202253421,0.697351608,-0.716705231,-0.000110124,-0.005859533
1790504419.251196384,0.010438087989,0.006228667582,-0.022198840182,0.697354394,-0.716702518,-0.000103505,-0.005859968
1790504419.284529686,0.010435632935,0.006226097854,-0.022199672856,0.697348544,-0.716708180,-0.000105450,-0.005863580
1790504419.317863226,0.010433144866,0.006225151726,-0.022203396359,0.697353321,-0.716703519,-0.000103497,-0.005865181
1790504419.351195812,0.010432045322,0.006225548122,-0.022205630701,0.697359028,-0.716698072,-0.000103995,-0.005852253
1790504419.384529352,0.010433710612,0.006225623145,-0.022204516948,0.697365325,-0.716691783,-0.000110083,-0.005871831
1790504419.417862892,0.010436075294,0.006225514554,-0.022204240545,0.697361261,-0.716695742,-0.000111550,-0.005871350
1790504419.451196194,0.010439054603,0.006227628308,-0.022204396598,0.697373200,-0.716684108,-0.000112283,-0.005873361
1790504419.484528780,0.010440933714,0.006230230369,-0.022201918790,0.697379572,-0.716677877,-0.000115483,-0.005877047
1790504419.517862320,0.010440242806,0.006231498562,-0.022197840938,0.697386356,-0.716671244,-0.000117203,-0.005880938
1790504419.551195860,0.010438037652,0.006230821873,-0.022197202511,0.697395966,-0.716661957,-0.000112759,-0.005873098
1790504419.584529400,0.010437589481,0.006229414675,-0.022199687136,0.697396101,-0.716661835,-0.000118973,-0.005871817
1790504419.617861509,0.010437422225,0.006230605496,-0.022201757664,0.697403814,-0.716654342,-0.000126817,-0.005870167
1790504419.651195049,0.010434341026,0.006233508350,-0.022202346556,0.697418112,-0.716640380,-0.000116779,-0.005876155
1790504419.684528589,0.010431382071,0.006233592720,-0.022204243104,0.697426407,-0.716632324,-0.000113221,-0.005874165
1790504419.717861176,0.010432242776,0.006231898506,-0.022207188807,0.697422985,-0.716635708,-0.000131989,-0.005867309
1790504419.751194477,0.010433766560,0.006232367022,-0.022209603888,0.697442048,-0.716617055,-0.000129124,-0.005879609
1790504419.784528017,0.010433687750,0.006230753328,-0.022207114868,0.697437751,-0.716621316,-0.000122544,-0.005870139
1790504419.817861557,0.010433309714,0.006227715020,-0.022202580953,0.697434506,-0.716624472,-0.000124950,-0.005870225
1790504419.851194143,0.010432835828,0.006227465935,-0.022201760063,0.697435589,-0.716623443,-0.000112973,-0.005867485
1790504419.884527683,0.010434161430,0.006230473415,-0.022203112932,0.697440169,-0.716618967,-0.000107878,-0.005869763
1790504419.917860746,0.010436251346,0.006233267828,-0.022203941671,0.697444349,-0.716614864,-0.000106246,-0.005874234
1790504419.951193333,0.010437711417,0.006233798547,-0.022204673140,0.697442689,-0.716616476,-0.000098002,-0.005874751
1790504419.984526873,0.010440285440,0.006233205793,-0.022204431284,0.697438901,-0.716620183,-0.000093414,-0.005872324
1790504420.017860413,0.010443677385,0.006233169644,-0.022203367503,0.697439872,-0.716619285,-0.000095657,-0.005866512
1790504420.051193953,0.010445582324,0.006234055777,-0.022201832716,0.697437816,-0.716621301,-0.000086446,-0.005864784
1790504420.084526300,0.010441466842,0.006232610379,-0.022196386477,0.697444906,-0.716614336,-0.000084032,-0.005872719
1790504420.117859840,0.010425304401,0.006224595533,-0.022187785529,0.697446553,-0.716612707,-0.000090661,-0.005875778
1790504420.151193142,0.010400633938,0.006211915732,-0.022178664206,0.697447267,-0.716612040,-0.000080970,-0.005872589
1790504420.184526682,0.010376742142,0.006197695955,-0.022167592763,0.697447018,-0.716612228,-0.000086510,-0.005879143
1790504420.217858791,0.010356273290,0.006183836414,-0.022154394724,0.697448158,-0.716611113,-0.000082356,-0.005879863
1790504420.251192331,0.010340937611,0.006173476786,-0.022143906182,0.697449469,-0.716609774,-0.000090616,-0.005887438
1790504420.284525633,0.010330523108,0.006169463338,-0.022141120742,0.697452775,-0.716606525,-0.000082434,-0.005891394
1790504420.317857981,0.010326000283,0.006167759959,-0.022141092174,0.697454188,-0.716605150,-0.000076016,-0.005891538
1790504420.351191044,0.010327292096,0.006166182884,-0.022142138614,0.697450751,-0.716608505,-0.000076947,-0.005890255
1790504420.384524584,0.010330051393,0.006166329343,-0.022142046052,0.697461898,-0.716597514,-0.000079563,-0.005907337
1790504420.417857647,0.010330590536,0.006167445342,-0.022140443310,0.697457088,-0.716602308,-0.000076130,-0.005893769
1790504420.451189995,0.010330899775,0.006169243015,-0.022138666785,0.697469841,-0.716589804,-0.000072834,-0.005904873
1790504420.484523296,0.010328727427,0.006169972120,-0.022138173444,0.697462799,-0.716596701,-0.000079002,-0.005899648
1790504420.517856359,0.010324061519,0.006172164854,-0.022140007406,0.697469932,-0.716589836,-0.000077303,-0.005890313
1790504420.551189423,0.010320224099,0.006176323315,-0.022141602389,0.697471426,-0.716588445,-0.000081216,-0.005882492
1790504420.584521770,0.010319320246,0.006180175034,-0.022141557158,0.697480869,-0.716579232,-0.000066184,-0.005885323
1790504420.617854834,0.010321109315,0.006179650889,-0.022140765077,0.697480208,-0.716579814,-0.000076646,-0.005892591
1790504420.651187897,0.010322391774,0.006175938512,-0.022141938988,0.697485364,-0.716574872,-0.000071735,-0.005883485
1790504420.684520006,0.010323467951,0.006172218906,-0.022145003157,0.697484240,-0.716575965,-0.000078402,-0.005883385
1790504420.717853069,0.010323336758,0.006170838583,-0.022147621952,0.697493052,-0.716567393,-0.000073339,-0.005882944
1790504420.751186132,0.010322266684,0.006170072954,-0.022147655529,0.697501910,-0.716558771,-0.000066515,-0.005882932
1790504420.784518957,0.010321579892,0.006167918519,-0.022146240474,0.697497997,-0.716562543,-0.000074270,-0.005887302
1790504420.817851067,0.010320766749,0.006166789825,-0.022145713197,0.697494187,-0.716566313,-0.000082046,-0.005879654
1790504420.851184130,0.010320143383,0.006168791220,-0.022147925321,0.697497671,-0.716562893,-0.000086198,-0.005883228
1790504420.884517193,0.010319309743,0.006170907140,-0.022151203559,0.697502290,-0.716558318,-0.000083688,-0.005892831
1790504420.917849779,0.010318208140,0.006170191171,-0.022151706530,0.697496396,-0.716564037,-0.000095617,-0.005894808
1790504420.951181889,0.010317146492,0.006169054348,-0.022151442438,0.697493257,-0.716567166,-0.000090916,-0.005886004
1790504420.984514713,0.010320629859,0.006170277645,-0.022148425990,0.697494926,-0.716565514,-0.000108908,-0.005889076
1790504421.017847538,0.010326895789,0.006174223329,-0.022141909990,0.697495343,-0.716564987,-0.000117540,-0.005903525
1790504421.051184893,0.010331025907,0.006178954665,-0.022135138579,0.697501869,-0.716558566,-0.000112197,-0.005912106
1790504421.084522963,0.010331243169,0.006181919990,-0.022131678048,0.697499376,-0.716560945,-0.000129723,-0.005917383
1790504421.117861271,0.010327250291,0.006181845879,-0.022135504911,0.697508902,-0.716551728,-0.000114630,-0.005911004
1790504421.151199579,0.010325419467,0.006176701960,-0.022141620420,0.697502402,-0.716558107,-0.000112983,-0.005904778
1790504421.184536934,0.010328009504,0.006169470009,-0.022141363342,0.697506885,-0.716553626,-0.000114357,-0.005918861
1790504421.217875004,0.010329744273,0.006163936575,-0.022139157911,0.697500887,-0.716559538,-0.000122401,-0.005909871
1790504421.251213312,0.010328881415,0.006164802329,-0.022140481540,0.697509829,-0.716550803,-0.000110619,-0.005913862
1790504421.284550667,0.010327653761,0.006169435996,-0.022141289776,0.697518672,-0.716542138,-0.000107444,-0.005920753
1790504421.317889214,0.010324854923,0.006170918646,-0.022141206519,0.697523686,-0.716537194,-0.000100479,-0.005928450
1790504421.351227522,0.010320798273,0.006169176852,-0.022143475661,0.697517624,-0.716543246,-0.000095552,-0.005910253
1790504421.384565830,0.010319647377,0.006169968251,-0.022144826067,0.697522117,-0.716538827,-0.000099411,-0.005915707
1790504421.417903662,0.010319975686,0.006173425356,-0.022142769736,0.697531752,-0.716529353,-0.000093185,-0.005927320
1790504421.451241970,0.010319186615,0.006175436783,-0.022138679372,0.697543414,-0.716517950,-0.000082095,-0.005933524
1790504421.484580278,0.010317825080,0.006175850228,-0.022135564625,0.697557445,-0.716504165,-0.000079092,-0.005948578
1790504421.517919064,0.010315892091,0.006175840611,-0.022134594204,0.697570611,-0.716491255,-0.000066044,-0.005959938
1790504421.551256657,0.010315769773,0.006175187863,-0.022134536133,0.697582982,-0.716479174,-0.000064646,-0.005964168
1790504421.584594965,0.010319391032,0.006173888155,-0.022132512034,0.697601140,-0.716461311,-0.000063251,-0.005986291
1790504421.617933512,0.010325238771,0.006172835731,-0.022130433052,0.697610909,-0.716451781,-0.000058725,-0.005988432
1790504421.651271343,0.010332396203,0.006174287407,-0.022129131272,0.697623987,-0.716438953,-0.000044818,-0.005999738
1790504421.684609890,0.010340977085,0.006177725392,-0.022128552273,0.697641882,-0.716421361,-0.000042659,-0.006019556
1790504421.717948437,0.010349387296,0.006180423942,-0.022127943308,0.697658442,-0.716405181,-0.000032617,-0.006026122
1790504421.751287460,0.010354379129,0.006180897650,-0.022128462010,0.697671398,-0.716392436,-0.000030793,-0.006041273
1790504421.784625053,0.010349497111,0.006180123673,-0.022130827708,0.697674558,-0.716389333,-0.000028317,-0.006044369
1790504421.817963600,0.010334999482,0.006178942908,-0.022134065078,0.697681759,-0.716382416,-0.000022495,-0.006032960
1790504421.851302385,0.010319301327,0.006178311214,-0.022135376882,0.697685917,-0.716378421,-0.000010048,-0.006026599
1790504421.884641409,0.010308672042,0.006179569229,-0.022134131673,0.697692655,-0.716371804,-0.000009890,-0.006033046
1790504421.917979002,0.010304028599,0.006181337536,-0.022133810988,0.697703845,-0.716360873,0.000001010,-0.006037018
1790504421.951317787,0.010307670946,0.006181509492,-0.022133805440,0.697707595,-0.716357281,-0.000003600,-0.006029739
1790504421.984656811,0.010316433281,0.006181152972,-0.022132073410,0.697716208,-0.716348832,0.000004304,-0.006036794
1790504422.017994642,0.010325828183,0.006179584429,-0.022129859407,0.697724398,-0.716340845,0.000005037,-0.006038085
1790504422.051329851,0.010331068113,0.006176594916,-0.022131730252,0.697725585,-0.716339708,0.000012066,-0.006035742
1790504422.084665060,0.010330690381,0.006175339676,-0.022135824042,0.697733519,-0.716332085,0.000018140,-0.006023324
1790504422.118000031,0.010327388765,0.006176183667,-0.022137820462,0.697730122,-0.716335298,0.000007719,-0.006034686
1790504422.151334286,0.010323572901,0.006177476044,-0.022136584740,0.697718313,-0.716346851,-0.000002997,-0.006028613
1790504422.184669495,0.010323847342,0.006182297229,-0.022131034620,0.697705373,-0.716359456,-0.000023371,-0.006028419
1790504422.218004704,0.010327822251,0.006189275937,-0.022123706988,0.697719911,-0.716345009,-0.000026931,-0.006062428
1790504422.251339674,0.010330868492,0.006186507343,-0.022118698764,0.697708252,-0.716356477,-0.000038517,-0.006049174
1790504422.284673929,0.010331753826,0.006171224568,-0.022115949615,0.697702791,-0.716361705,-0.000061071,-0.006059669
1790504422.318008900,0.010331730904,0.006148249701,-0.022114316044,0.697690097,-0.716374095,-0.000077224,-0.006056376
1790504422.351344109,0.010332489232,0.006123405745,-0.022113752699,0.697686520,-0.716377519,-0.000084117,-0.006063278
1790504422.384678125,0.010333258878,0.006100071642,-0.022115528131,0.697686883,-0.716377159,-0.000103860,-0.006063754
1790504422.418013096,0.010332589005,0.006078905828,-0.022122344829,0.697686375,-0.716377504,-0.000103531,-0.006081373
1790504422.451348305,0.010328913407,0.006059319927,-0.022136390405,0.697668149,-0.716395178,-0.000133882,-0.006089772
1790504422.484683275,0.010321858783,0.006040168324,-0.022154675244,0.697664303,-0.716398728,-0.000152759,-0.006112181
1790504422.518017530,0.010311998052,0.006019623510,-0.022171881620,0.697662129,-0.716400756,-0.000158847,-0.006122569
1790504422.551352501,0.010301647047,0.005995890054,-0.022182763609,0.697642802,-0.716419590,-0.000188261,-0.006120149
1790504422.584687471,0.010291948765,0.005967446087,-0.022183242194,0.697648075,-0.716414217,-0.000202474,-0.006147475
1790504422.618021727,0.010282107370,0.005933533179,-0.022172054789,0.697633276,-0.716428670,-0.000230022,-0.006141625
1790504422.651356697,0.010271327035,0.005896792286,-0.022150973848,0.697627083,-0.716434502,-0.000251356,-0.006163933
1790504422.684691668,0.010258905276,0.005862832673,-0.022122808332,0.697618856,-0.716442368,-0.000268630,-0.006180035
1790504422.718026876,0.010244156529,0.005839636820,-0.022088582832,0.697606849,-0.716453998,-0.000290958,-0.006186175
1790504422.751360893,0.010227187313,0.005835509860,-0.022048382749,0.697595951,-0.716464605,-0.000298454,-0.006186243
1790504422.784695864,0.010209053814,0.005854038388,-0.022002262546,0.697609840,-0.716450872,-0.000315808,-0.006209624
1790504422.818030834,0.010192123494,0.005889960688,-0.021952002435,0.697613728,-0.716446899,-0.000323286,-0.006230842
1790504422.851366043,0.010180824940,0.005931241827,-0.021901815116,0.697615786,-0.716444781,-0.000340310,-0.006242988
1790504422.884700060,0.010182269577,0.005963947727,-0.021857989840,0.697618518,-0.716441943,-0.000342637,-0.006263317
1790504422.918035030,0.010202329616,0.005977337368,-0.021828543993,0.697622400,-0.716438008,-0.000360217,-0.006279945
1790504422.951369762,0.010243261652,0.005966337561,-0.021817616733,0.697627004,-0.716433364,-0.000372956,-0.006297517
1790504422.984703779,0.010299382839,0.005932808666,-0.021820045938,0.697630147,-0.716430038,-0.000384557,-0.006326946
1790504423.018038750,0.010359381910,0.005883805478,-0.021829795969,0.697632439,-0.716427787,-0.000385771,-0.006329160
1790504423.051373243,0.010415517635,0.005827850492,-0.021844377442,0.697625938,-0.716434017,-0.000406234,-0.006339156
1790504423.084707975,0.010459407462,0.005769647099,-0.021863605300,0.697642064,-0.716418082,-0.000413291,-0.006364852
1790504423.118041515,0.010486486427,0.005710535913,-0.021884998208,0.697628621,-0.716431218,-0.000429450,-0.006358658
1790504423.151376009,0.010496820622,0.005652485175,-0.021906061835,0.697623285,-0.716436310,-0.000432268,-0.006370142
1790504423.184710741,0.010494424314,0.005598870855,-0.021927693685,0.697610677,-0.716448666,-0.000448547,-0.006360151
1790504423.218045235,0.010483850008,0.005553787919,-0.021950570607,0.697602760,-0.716456327,-0.000455840,-0.006365029
1790504423.251379013,0.010465986053,0.005520931134,-0.021971409351,0.697598457,-0.716460535,-0.000468054,-0.006362062
1790504423.284713268,0.010444642209,0.005503563297,-0.021986219362,0.697577367,-0.716481194,-0.000481570,-0.006347008
1790504423.318047762,0.010424810269,0.005502329585,-0.021996560105,0.697572230,-0.716486145,-0.000491552,-0.006351797
1790504423.351381540,0.010403318929,0.005514169322,-0.022001680484,0.697567085,-0.716491221,-0.000498746,-0.006343670
1790504423.384716034,0.010372614522,0.005534887843,-0.021989803408,0.697553562,-0.716504250,-0.000511561,-0.006358159
1790504423.418050528,0.010335897922,0.005565309315,-0.021951040574,0.697539412,-0.716518249,-0.000524316,-0.006331870
1790504423.451385260,0.010307897440,0.005611438510,-0.021894119771,0.697555288,-0.716502594,-0.000524982,-0.006354242
1790504423.484718800,0.010299336952,0.005674523268,-0.021833828479,0.697574029,-0.716484239,-0.000512640,-0.006367602
1790504423.518053293,0.010313428382,0.005749172570,-0.021769923776,0.697584420,-0.716474062,-0.000515639,-0.006374061
1790504423.551388025,0.010358848617,0.005832556210,-0.021698739402,0.697595699,-0.716463051,-0.000522154,-0.006376941
1790504423.584722519,0.010453543658,0.005927732647,-0.021629499739,0.697611597,-0.716447568,-0.000519427,-0.006377430
1790504423.618055820,0.010598783236,0.006035025143,-0.021574124952,0.697636049,-0.716423618,-0.000508020,-0.006394136
1790504423.651390314,0.010786798498,0.006147870451,-0.021531050970,0.697639787,-0.716419890,-0.000515544,-0.006403284
1790504423.684725046,0.010991104807,0.006254407712,-0.021502376025,0.697660514,-0.716399601,-0.000507590,-0.006415736
1790504423.718058586,0.011160567434,0.006335022852,-0.021491054197,0.697672131,-0.716388251,-0.000505871,-0.006420002
1790504423.751393080,0.011259556355,0.006365497738,-0.021471353112,0.697683309,-0.716377402,-0.000512909,-0.006415177
1790504423.784727573,0.011269184149,0.006336402395,-0.021422913803,0.697654068,-0.716405914,-0.000514655,-0.006411125
1790504423.818062305,0.011225673976,0.006288241739,-0.021397982147,0.697089319,-0.716955676,-0.000364194,-0.006395906
1790504423.851395845,0.011160482247,0.006269912123,-0.021464287003,0.697617434,-0.716442268,-0.000536946,-0.006332729
1790504423.884730339,0.011054046127,0.006262513401,-0.021561162508,0.697610422,-0.716449421,-0.000529355,-0.006296453
1790504423.918064594,0.010921035923,0.006230349935,-0.021599096045,0.697582846,-0.716476487,-0.000533035,-0.006271522
1790504423.951398373,0.010792515820,0.006181689291,-0.021631787737,0.697569679,-0.716489559,-0.000538039,-0.006242150
1790504423.984732866,0.010672100301,0.006131044128,-0.021707900552,0.697597269,-0.716462945,-0.000532363,-0.006214142
1790504424.018067360,0.010549511837,0.006068152303,-0.021743291336,0.697540948,-0.716518152,-0.000553924,-0.006169068
1790504424.051404715,0.010419091067,0.005999024620,-0.021722061969,0.697507539,-0.716550884,-0.000550103,-0.006145044
1790504424.084741116,0.010280734496,0.005950146383,-0.021714505313,0.697497834,-0.716560594,-0.000562868,-0.006113093
1790504424.118078470,0.010138600583,0.005926420561,-0.021710213642,0.697532176,-0.716526957,-0.000548053,-0.006138648
1790504424.151415825,0.010005681545,0.005916344197,-0.021678250130,0.697533356,-0.716525837,-0.000539242,-0.006136102
1790504424.184753418,0.009897529388,0.005918769760,-0.021658198020,0.697563510,-0.716496132,-0.000523906,-0.006178044
1790504424.218089819,0.009833261574,0.005930716759,-0.021676017159,0.697600542,-0.716460034,-0.000518020,-0.006183461
1790504424.251427174,0.009815127743,0.005936095211,-0.021708835897,0.697623165,-0.716437936,-0.000507188,-0.006192366
1790504424.284764767,0.009834230147,0.005927087708,-0.021746336545,0.697644310,-0.716417241,-0.000491279,-0.006205846
1790504424.318101168,0.009891142168,0.005916077925,-0.021805271805,0.697673686,-0.716388456,-0.000490419,-0.006226338
1790504424.351438522,0.009979776616,0.005917331834,-0.021889828297,0.697705462,-0.716357348,-0.000480544,-0.006245597
1790504424.384776115,0.010066996459,0.005933236370,-0.021970354206,0.697746470,-0.716317340,-0.000459765,-0.006254753
1790504424.418113470,0.010106142093,0.005959514018,-0.022029051547,0.697772730,-0.716291545,-0.000444231,-0.006280277
1790504424.451450109,0.010100848916,0.005986908607,-0.022082366500,0.697932870,-0.716134349,-0.000284856,-0.006420386
1790504424.484787703,0.010092598003,0.005997324412,-0.022141109978,0.697938404,-0.716128980,-0.000296470,-0.006417115
1790504424.518125296,0.010055962851,0.005976958506,-0.022208634914,0.698076742,-0.715993131,-0.000146182,-0.006532823
1790504424.551462889,0.009953821614,0.005939248075,-0.022282997564,0.697948405,-0.716116191,0.000325411,-0.006746827
1790504424.584799290,0.009842675259,0.005921915191,-0.022335090805,0.698081192,-0.715984035,0.000522260,-0.007016925
1790504424.618136883,0.009805987576,0.005936410075,-0.022332966095,0.698105106,-0.715960368,0.000504851,-0.007053982
1790504424.651474714,0.009840562718,0.005952384402,-0.022288801519,0.698076827,-0.715990535,0.000314245,-0.006796990
1790504424.684811354,0.009883301474,0.005928129409,-0.022242756253,0.698183385,-0.715886268,0.000340539,-0.006833541
1790504424.718148947,0.009900598066,0.005848756433,-0.022202866776,0.697941353,-0.716122637,0.000333694,-0.006791560
1790504424.751486540,0.009898071175,0.005736886829,-0.022167370451,0.697855299,-0.716206981,0.000314545,-0.006741066
1790504424.784824133,0.009892823816,0.005621409327,-0.022146339248,0.697985330,-0.716079436,0.000307037,-0.006828360
1790504424.818160772,0.009875244192,0.005515188295,-0.022136312706,0.698060732,-0.716004668,0.000254373,-0.006961604
1790504424.851498842,0.009768586322,0.005414677432,-0.022156642383,0.698020596,-0.716043172,0.000308615,-0.007023350
1790504424.884836435,0.009442602645,0.005316617155,-0.022288289000,0.698202608,-0.715863525,0.000411800,-0.007236142
1790504424.918174028,0.008784032677,0.005205513350,-0.022592331212,0.698755235,-0.715311211,0.001749913,-0.008242021
1790504424.951510906,0.007771265006,0.005047495822,-0.022994704028,0.700287595,-0.713756810,0.002975123,-0.011817271
1790504424.984848738,0.006438497414,0.004829960432,-0.023340119086,0.701247487,-0.712697626,0.004088159,-0.017243620
1790504425.018186569,0.004891370762,0.004583576886,-0.023479245815,0.700862595,-0.712987378,0.006827064,-0.019849729
1790504425.051521540,0.003333193166,0.004350436762,-0.023308006566,0.698795231,-0.714940019,0.009451897,-0.021369529
1790504425.084857225,0.001904128053,0.004079062088,-0.022872724111,0.695404031,-0.718206681,0.009279684,-0.022500766
1790504425.118193150,0.000573356746,0.003642018850,-0.022368535644,0.692177241,-0.721315955,0.009677840,-0.022367391
1790504425.151529074,-0.000757988163,0.003004236739,-0.021933577594,0.688850782,-0.724498055,0.011360255,-0.021403601
1790504425.184864044,-0.002119573481,0.002299962675,-0.021515657345,0.684898633,-0.728178106,0.009970135,-0.023897811
1790504425.218199968,-0.003507359539,0.001699026151,-0.021039677423,0.680648999,-0.732124705,0.009395512,-0.024941562
1790504425.251535892,-0.004897198127,0.001217983938,-0.020546781957,0.677272441,-0.735247983,0.009694208,-0.024868994
1790504425.284870863,-0.006244160179,0.000761605545,-0.020141828226,0.674905683,-0.737421153,0.009348973,-0.024999174
1790504425.318206787,-0.007561334242,0.000262381028,-0.019905797126,0.673624345,-0.738542040,0.007451838,-0.027025308
1790504425.351542711,-0.008923700376,-0.000332930781,-0.019909208386,0.672331540,-0.739690454,0.005289524,-0.028290498
1790504425.384878635,-0.010374567344,-0.001092615887,-0.020212054275,0.672537308,-0.739452148,0.004998217,-0.029649767
1790504425.418213606,-0.011875386460,-0.002069736868,-0.020847096636,0.673288069,-0.738691240,0.004384481,-0.031610194
1790504425.451549530,-0.013350472605,-0.003287108339,-0.021841391321,0.674379053,-0.737647704,0.004434543,-0.032696994
1790504425.484885454,-0.014763273560,-0.004733732769,-0.023234800103,0.676101007,-0.736004217,0.004164451,-0.034174235
1790504425.518221378,-0.016124524562,-0.006381108952,-0.025063250479,0.678093808,-0.734105497,0.005204370,-0.035366951
1790504425.551556349,-0.017499448736,-0.008208475964,-0.027332879654,0.679955987,-0.732329937,0.004959290,-0.036443453
1790504425.584892511,-0.018967483202,-0.010195792216,-0.029999729982,0.681978044,-0.730331819,0.005251655,-0.038649731
1790504425.618228436,-0.020562754715,-0.012319567493,-0.032978500599,0.684166612,-0.728166900,0.005435002,-0.040736639
1790504425.651563406,-0.022246325777,-0.014552691926,-0.036165618399,0.687166141,-0.725233593,0.005124285,-0.042575482
1790504425.684899569,-0.023947844862,-0.016878059913,-0.039466815413,0.689683047,-0.722727791,0.003255808,-0.044623248
1790504425.718235493,-0.025623680994,-0.019299514475,-0.042813248156,0.693148565,-0.719182447,0.004216301,-0.047998939
1790504425.751571894,-0.027278183907,-0.021832622793,-0.046159357527,0.694800794,-0.717513458,0.003318901,-0.049145493
1790504425.784906626,-0.028929867427,-0.024479431983,-0.049461221966,0.697224886,-0.714943317,0.002767051,-0.052209722
1790504425.818242788,-0.030635096035,-0.027236735644,-0.052711170448,0.699024311,-0.712926486,0.001578698,-0.055662792
1790504425.851578951,-0.032444969939,-0.030114041289,-0.055921251384,0.700003215,-0.711885027,0.003224343,-0.056611055
1790504425.884915113,-0.034361991732,-0.033121334411,-0.059087949454,0.701220565,-0.710619080,0.003967098,-0.057397774
1790504425.918250084,-0.036379282397,-0.036242944312,-0.062195359606,0.702692237,-0.708968884,0.004636116,-0.059709694
1790504425.951586246,-0.038500462233,-0.039434188233,-0.065209680375,0.702866971,-0.708739362,0.004277421,-0.060400678
1790504425.984922409,-0.040708321009,-0.042640198812,-0.068069372944,0.703656769,-0.707842486,0.005313971,-0.061627335
1790504426.018257380,-0.042965775079,-0.045822927462,-0.070715793395,0.704217786,-0.707111794,0.006777176,-0.063437289
1790504426.051594734,-0.045225664640,-0.048996672412,-0.073128392669,0.704775123,-0.706343513,0.008594025,-0.065551590
1790504426.084932089,-0.047444387419,-0.052207295254,-0.075341756191,0.703452249,-0.707631260,0.009909610,-0.065686623
1790504426.118269444,-0.049575030430,-0.055449670134,-0.077377776979,0.701640234,-0.709482175,0.011654428,-0.064808957
1790504426.151606083,-0.051554481130,-0.058643131638,-0.079207165337,0.700165564,-0.710939590,0.013285457,-0.064471534
1790504426.184943676,-0.053347192075,-0.061749968399,-0.080798535697,0.699247216,-0.711865946,0.014703480,-0.063906290
1790504426.218281031,-0.054953814042,-0.064807697623,-0.082157398159,0.698642757,-0.712526824,0.015863593,-0.062866283
1790504426.251618385,-0.056396572037,-0.067872619626,-0.083323608321,0.698426344,-0.712729479,0.015747168,-0.063002841
1790504426.284955025,-0.057714701014,-0.070981313073,-0.084342704616,0.696827947,-0.714341021,0.017044420,-0.062106404
1790504426.318292379,-0.058943335407,-0.074174838744,-0.085245030964,0.698215886,-0.713178217,0.012872879,-0.060874434
1790504426.351630211,-0.060078727023,-0.077510368944,-0.086045103720,0.697729953,-0.713767030,0.011855733,-0.059740952
1790504426.384966612,-0.061144505333,-0.081014647088,-0.086714829105,0.697904470,-0.713587410,0.008989250,-0.060345278
1790504426.418304205,-0.062223046316,-0.084643910087,-0.087245237411,0.698131825,-0.713262422,0.005557084,-0.061949903
1790504426.451641560,-0.063416925736,-0.088312741831,-0.087678143846,0.698327582,-0.713008233,0.003263913,-0.062826703
1790504426.484979153,-0.064750492302,-0.091943760519,-0.088051181798,0.698550783,-0.712757101,0.003279250,-0.063193082
1790504426.518316031,-0.066147380665,-0.095514480557,-0.088370690984,0.698200366,-0.713151686,0.003688135,-0.062588483
1790504426.551653385,-0.067521641264,-0.099041932011,-0.088641446079,0.697252921,-0.714171406,0.004200680,-0.061481059
1790504426.584990978,-0.068865198740,-0.102547981180,-0.088893989963,0.695914512,-0.715573583,0.004882077,-0.060279384
1790504426.618327618,-0.070230217943,-0.106065177560,-0.089180059144,0.695277907,-0.716225737,0.006491458,-0.059725925
1790504426.651665211,-0.071646015722,-0.109649575216,-0.089546223011,0.695205129,-0.716254766,0.007541984,-0.060100388
1790504426.685003042,-0.073107905432,-0.113338732677,-0.090016635659,0.695437152,-0.715940442,0.008000161,-0.061093773
1790504426.718340635,-0.074627589974,-0.117149590382,-0.090587035169,0.697168784,-0.714120927,0.008528602,-0.062563977
1790504426.751677275,-0.076232848349,-0.121069898688,-0.091215616208,0.698601945,-0.712602539,0.008029483,-0.063941158
1790504426.785014868,-0.077932929894,-0.125036337621,-0.091817627722,0.699847885,-0.711167326,0.007715967,-0.066290551
1790504426.818352461,-0.079720555062,-0.128962879825,-0.092291586133,0.701032735,-0.709812531,0.008600559,-0.068156472
1790504426.851690531,-0.081597878674,-0.132799279354,-0.092551401684,0.701338654,-0.709289029,0.009241157,-0.070340363
1790504426.885027170,-0.083588174899,-0.136532528859,-0.092558307091,0.700568012,-0.709787276,0.010364256,-0.072794685
1790504426.918364763,-0.085688447251,-0.140181356025,-0.092332686908,0.699609357,-0.710439381,0.012651580,-0.075250057
1790504426.951702356,-0.087851527089,-0.143784761942,-0.091935080538,0.697307745,-0.712515696,0.014919182,-0.076555279
1790504426.985039234,-0.090031098594,-0.147352306541,-0.091432973356,0.695131540,-0.714428774,0.016345700,-0.078207970
1790504427.018377066,-0.092186837013,-0.150840577826,-0.090891239588,0.693337827,-0.716036419,0.017086275,-0.079262628
1790504427.051711082,-0.094246187965,-0.154192665516,-0.090374616376,0.691554145,-0.717608074,0.017747963,-0.080476872
1790504427.085045099,-0.096136278020,-0.157382311396,-0.089963808850,0.691274758,-0.717684854,0.017737319,-0.082176917
1790504427.118378401,-0.097856089512,-0.160392065974,-0.089736769514,0.691397255,-0.717503965,0.017241195,-0.082828961
1790504427.151712418,-0.099481297082,-0.163197665825,-0.089681377877,0.692446803,-0.716535028,0.017084471,-0.082480903
1790504427.185046673,-0.101116544462,-0.165791551626,-0.089672111987,0.693637690,-0.715342984,0.017097532,-0.082818144
1790504427.218380690,-0.102848337916,-0.168161443088,-0.089563108773,0.695295649,-0.713628426,0.016818992,-0.083758886
1790504427.251713514,-0.104694673965,-0.170264263949,-0.089246008706,0.695971524,-0.712792627,0.017086062,-0.085196099
1790504427.285047531,-0.106615437752,-0.172064513015,-0.088632501956,0.697016580,-0.711593332,0.017739963,-0.086533874
1790504427.318381786,-0.108558783741,-0.173583257875,-0.087654032580,0.697591267,-0.710835716,0.018713771,-0.087913611
1790504427.351714849,-0.110475696378,-0.174886850588,-0.086293346016,0.697007152,-0.711213276,0.019971411,-0.089206774
1790504427.385048866,-0.112328241215,-0.176055622798,-0.084595239593,0.695101403,-0.712951333,0.020706970,-0.090031421
1790504427.418382883,-0.114122822529,-0.177125414386,-0.082649843215,0.693455580,-0.714588578,0.021210402,-0.089624999
1790504427.451716900,-0.115879663011,-0.178062958791,-0.080531915385,0.691445308,-0.716420713,0.021950414,-0.090348923
1790504427.485049725,-0.117602781304,-0.178848254110,-0.078269729741,0.690190523,-0.717352098,0.022304734,-0.092441919
1790504427.518383503,-0.119306486851,-0.179555487826,-0.075889995222,0.688439092,-0.718746940,0.022842148,-0.094512901
1790504427.551717520,-0.120982693293,-0.180284521066,-0.073425559683,0.687553017,-0.719362291,0.023310549,-0.096152801
1790504427.585051537,-0.122551351586,-0.181082426216,-0.070906063570,0.685305203,-0.721535719,0.023750170,-0.095806653
1790504427.618384600,-0.123936063082,-0.181947150581,-0.068365005604,0.683858138,-0.723111318,0.023221936,-0.094386491
1790504427.651718378,-0.125164439379,-0.182825605172,-0.065841921091,0.683534638,-0.723631430,0.022384486,-0.092934857
1790504427.685052156,-0.126348718799,-0.183621953694,-0.063360471668,0.681718243,-0.725365351,0.022491405,-0.092733390
1790504427.718384981,-0.127570506263,-0.184264885431,-0.060931152059,0.680766499,-0.726312240,0.022741051,-0.092251549
1790504427.751718998,-0.128813524299,-0.184735668475,-0.058562112063,0.679768540,-0.727224510,0.022211305,-0.092552164
1790504427.785052776,-0.130030023143,-0.185023561492,-0.056278923542,0.678473767,-0.728101315,0.021253252,-0.095342131
1790504427.818386793,-0.131210646001,-0.185121808991,-0.054154660258,0.678265713,-0.727914947,0.020265878,-0.098411112
1790504427.851719379,-0.132344959753,-0.185070757525,-0.052261866841,0.678869298,-0.726982002,0.019344559,-0.101288862
1790504427.885053158,-0.133375519086,-0.184935619913,-0.050618516293,0.678339454,-0.727327234,0.017405377,-0.102702152
1790504427.918387175,-0.134250574164,-0.184747932891,-0.049196699256,0.679809650,-0.725747781,0.014525014,-0.104585001
1790504427.951719999,-0.134986128995,-0.184510507728,-0.047965720684,0.680849549,-0.724489881,0.012763029,-0.106749281
1790504427.985053778,-0.135629555267,-0.184259340779,-0.046884002316,0.681810752,-0.723586187,0.011318911,-0.106906548
1790504428.018387556,-0.136206375682,-0.184047592918,-0.045908575408,0.681499244,-0.724044113,0.011313626,-0.105787076
1790504428.051721811,-0.136741618212,-0.183884114271,-0.045051824702,0.680613422,-0.725141618,0.012240875,-0.103851645
1790504428.085055351,-0.137239739496,-0.183743510630,-0.044390546507,0.679984010,-0.726229075,0.016345371,-0.099729161
1790504428.118389845,-0.137644205519,-0.183606631112,-0.044000074434,0.681785042,-0.725186049,0.021809704,-0.093801323
1790504428.151724339,-0.137870614156,-0.183454797102,-0.043906257249,0.683082526,-0.724594413,0.024930786,-0.087975306
1790504428.185058832,-0.137846663239,-0.183272080383,-0.044063265171,0.684434608,-0.723843799,0.025677193,-0.083307290
1790504428.218392134,-0.137558190123,-0.183030102740,-0.044391835589,0.685709071,-0.723148097,0.024555937,-0.079100605
1790504428.251726627,-0.137106561262,-0.182694390878,-0.044845185801,0.687110236,-0.722388885,0.024186411,-0.073816260
1790504428.285061121,-0.136638523777,-0.182244230766,-0.045424326362,0.689523198,-0.720461859,0.025624470,-0.069540314
1790504428.318394184,-0.136229236613,-0.181714485764,-0.046152597285,0.690997751,-0.719567626,0.028191704,-0.062847174
1790504428.351728678,-0.135869887463,-0.181183414106,-0.047021109741,0.689995349,-0.721043612,0.031017977,-0.055139940
1790504428.385062933,-0.135536957739,-0.180694785279,-0.047974501784,0.692628736,-0.718862129,0.033123817,-0.049045760
1790504428.418397427,-0.135194481962,-0.180252142536,-0.048939658233,0.693541298,-0.718421483,0.032969347,-0.042238170
1790504428.451730728,-0.134824966874,-0.179875806446,-0.049853278210,0.694135384,-0.718137584,0.033169165,-0.036800623
1790504428.485065222,-0.134463869542,-0.179561230475,-0.050719916997,0.694525851,-0.718021510,0.035687292,-0.028379056
1790504428.518399477,-0.134070546913,-0.179256974842,-0.051539872909,0.694628746,-0.718065469,0.039666650,-0.017304455
1790504428.551733732,-0.133573947292,-0.178921103790,-0.052284886727,0.694089237,-0.718605094,0.041689501,-0.010432386
1790504428.585066795,-0.133001079928,-0.178529872410,-0.052957498076,0.695365556,-0.717422391,0.041913906,-0.003883527
1790504428.618401051,-0.132451251272,-0.178048537895,-0.053606778236,0.696404743,-0.716383784,0.042497304,0.002947366
1790504428.651735544,-0.131975814906,-0.177453985900,-0.054261117513,0.696406833,-0.716168650,0.045308363,0.008193872
1790504428.685068846,-0.131518085496,-0.176762476762,-0.054893931066,0.697009615,-0.715353299,0.047575460,0.013558387
1790504428.718403101,-0.130990667192,-0.176005657485,-0.055466150273,0.696547384,-0.715651360,0.048665338,0.017220866
1790504428.751737118,-0.130373664068,-0.175216899064,-0.055965989553,0.697567260,-0.714419894,0.050992423,0.020097376
1790504428.785071373,-0.129666111615,-0.174440261844,-0.056392151589,0.698058272,-0.713502824,0.053900528,0.026890567
1790504428.818404436,-0.128826605002,-0.173705471061,-0.056719856368,0.696949755,-0.714328217,0.054180747,0.032568152
1790504428.851738691,-0.127864351525,-0.173002614832,-0.056942426298,0.695635091,-0.715344007,0.054410860,0.037606260
1790504428.885072947,-0.126858532253,-0.172318353245,-0.057083343006,0.694952652,-0.715703430,0.054988032,0.042257881
1790504428.918406963,-0.125894907367,-0.171668237887,-0.057156561350,0.694690169,-0.715766238,0.055209398,0.045124085
1790504428.951740265,-0.125057589903,-0.171057880601,-0.057171703074,0.694399921,-0.715906827,0.054929157,0.047633526
1790504428.985074282,-0.124388019832,-0.170480818089,-0.057127085336,0.692151311,-0.717761827,0.056283298,0.050761326
1790504429.018408537,-0.123861919497,-0.169928096923,-0.057008083141,0.691572026,-0.717913980,0.058590823,0.053803031
1790504429.051742315,-0.123412484202,-0.169373722700,-0.056821436476,0.688003412,-0.720613268,0.062425399,0.058914285
1790504429.085077286,-0.122969920442,-0.168788842398,-0.056588958395,0.687183719,-0.720740519,0.065711396,0.063195351
1790504429.118412256,-0.122546755455,-0.168147987981,-0.056378873693,0.686833257,-0.720543763,0.067060090,0.067673532
1790504429.151747465,-0.122282362910,-0.167440176373,-0.056286797336,0.687620849,-0.719210488,0.068917828,0.071862196
1790504429.185081482,-0.122285083807,-0.166692397622,-0.056375395665,0.686556439,-0.718796374,0.075421581,0.079269244
1790504429.218416452,-0.122494647691,-0.165986912625,-0.056588786213,0.685601276,-0.718711441,0.080364372,0.083344603
1790504429.251751423,-0.122773052087,-0.165390525182,-0.056815986568,0.687642225,-0.716309773,0.083436730,0.084183082
1790504429.285085440,-0.123030539704,-0.164928166545,-0.056959061039,0.688668846,-0.715134875,0.084894660,0.084322163
1790504429.318420410,-0.123240789616,-0.164609950818,-0.056912595066,0.689045054,-0.714715186,0.085280236,0.084417992
1790504429.351755381,-0.123447652413,-0.164432052334,-0.056609756828,0.688231333,-0.715026228,0.087003779,0.086634104
1790504429.385090351,-0.123723456081,-0.164371821287,-0.056058099294,0.687179135,-0.714787652,0.090668654,0.092965822
1790504429.418424368,-0.124057202842,-0.164406637251,-0.055311416416,0.684438841,-0.716271540,0.094422412,0.097892605
1790504429.451759338,-0.124363246623,-0.164480157710,-0.054442086233,0.680599422,-0.719106988,0.097246355,0.101057972
1790504429.485094309,-0.124584853820,-0.164495672792,-0.053538148369,0.678720031,-0.720598742,0.098462632,0.101890545
1790504429.518429279,-0.124715823864,-0.164379761200,-0.052664305023,0.677211305,-0.721422364,0.100861426,0.103738099
1790504429.551763296,-0.124765817546,-0.164140943208,-0.051827304024,0.679522213,-0.719730037,0.099607753,0.101570331
1790504429.585097790,-0.124777421195,-0.163815439208,-0.051029691562,0.678420945,-0.719929880,0.102409467,0.104681849
1790504429.618432760,-0.124793116048,-0.163471638183,-0.050247472683,0.678327399,-0.719260747,0.104576117,0.107702151
1790504429.651766777,-0.124792327910,-0.163192559673,-0.049422249894,0.678290284,-0.719352111,0.104567564,0.107333385
1790504429.685101748,-0.124736179901,-0.162997922239,-0.048473172287,0.678410387,-0.719556092,0.103680817,0.106059726
1790504429.718436718,-0.124630099448,-0.162838317839,-0.047312216987,0.678341296,-0.719831932,0.102087795,0.106175125
1790504429.751771688,-0.124508545746,-0.162653256499,-0.045877057931,0.678357775,-0.720214925,0.100259628,0.105210256
1790504429.785105467,-0.124384642781,-0.162414332602,-0.044120625555,0.678702371,-0.720420546,0.098540842,0.103184455
1790504429.818440437,-0.124207749930,-0.162113935248,-0.041998695055,0.678466287,-0.721338081,0.095902882,0.100784459
1790504429.851775408,-0.123898408582,-0.161722275470,-0.039483221110,0.677461698,-0.722729453,0.093927567,0.099425344
1790504429.885110140,-0.123378925051,-0.161185928489,-0.036564340992,0.675985145,-0.724348856,0.092400036,0.099121402
1790504429.918444157,-0.122578349469,-0.160456531126,-0.033243288548,0.673050649,-0.727666976,0.089340145,0.097580403
1790504429.951779127,-0.121525858765,-0.159496468462,-0.029595869758,0.669160182,-0.731649869,0.086339702,0.097255208
1790504429.985113859,-0.120326289732,-0.158254580793,-0.025776653712,0.663455239,-0.736902842,0.084198679,0.098549127
1790504430.018447638,-0.118995498899,-0.156666622435,-0.021904258324,0.658176284,-0.741357877,0.083155530,0.101378676
1790504430.051784515,-0.117503794222,-0.154702408947,-0.018033873235,0.653602112,-0.745270278,0.081179744,0.103857312
1790504430.085120916,-0.115895495453,-0.152397499365,-0.014189567407,0.650314699,-0.748049133,0.078840957,0.106289185
1790504430.118457556,-0.114267671100,-0.149849851807,-0.010407075558,0.646103528,-0.751862094,0.074973386,0.107854598
1790504430.151793242,-0.112759210018,-0.147167805372,-0.006762112958,0.642269863,-0.755056929,0.073057777,0.109731573
1790504430.185129881,-0.111512869150,-0.144425470101,-0.003344461229,0.638320100,-0.758332595,0.071987223,0.110891683
1790504430.218466520,-0.110583736438,-0.141666374493,-0.000198562893,0.633549585,-0.762111871,0.072178343,0.112208320
1790504430.251803160,-0.109873172566,-0.138941486018,0.002699499994,0.630579071,-0.764381094,0.073190482,0.112848268
1790504430.285138845,-0.109222237306,-0.136305963084,0.005392295834,0.627494968,-0.766975346,0.072782011,0.112701655
1790504430.318475723,-0.108528599028,-0.133790137270,0.007890148858,0.624170531,-0.769658186,0.072385183,0.113127407
1790504430.351812601,-0.107758479997,-0.131405056459,0.010194623937,0.620581830,-0.772223973,0.071989089,0.115610979
1790504430.385148287,-0.106951055287,-0.129141044428,0.012297755154,0.617398582,-0.774662998,0.070300104,0.117363226
1790504430.418485165,-0.106211091325,-0.126989332985,0.014175802047,0.615431535,-0.776127124,0.070156516,0.118104934
1790504430.451822042,-0.105638028017,-0.124955248713,0.015854665738,0.613498555,-0.777774848,0.069518424,0.117698758
1790504430.485158682,-0.105280947661,-0.123031405327,0.017421803081,0.611455240,-0.779453746,0.069688065,0.117123528
1790504430.518494606,-0.105101414249,-0.121202919971,0.018964054824,0.609602819,-0.780976162,0.070182966,0.116339971
1790504430.551831484,-0.105010284568,-0.119464584344,0.020522907725,0.606056082,-0.783494531,0.071200475,0.117315122
1790504430.585168362,-0.104937303511,-0.117810854446,0.022088216968,0.602779449,-0.785729895,0.071572110,0.119007990
1790504430.618504286,-0.104819468646,-0.116224151891,0.023602338994,0.601003813,-0.787028285,0.072134502,0.119069347
1790504430.651841402,-0.104621865585,-0.114716911213,0.024984185267,0.599985102,-0.787985663,0.070982200,0.118566431
1790504430.685178280,-0.104363361873,-0.113329024821,0.026152263259,0.598534846,-0.789250958,0.068717008,0.118814709
1790504430.718515396,-0.104084933285,-0.112072139071,0.027035688600,0.597514520,-0.789941584,0.068505145,0.119481118
1790504430.751851320,-0.103820358473,-0.110943562768,0.027574391705,0.595889129,-0.791161478,0.067098471,0.120322308
1790504430.785188437,-0.103593815586,-0.109969358942,0.027726290671,0.595225215,-0.791451796,0.067439715,0.121502600
1790504430.818525314,-0.103439259676,-0.109232869266,0.027473251338,0.595947008,-0.790792800,0.067184716,0.122393320
1790504430.851862431,-0.103405155771,-0.108886721879,0.026811083389,0.598795921,-0.788599338,0.067759539,0.122324051
1790504430.885198832,-0.103543430261,-0.109071797903,0.025752907850,0.601970368,-0.786181116,0.068029290,0.122159507
1790504430.918535709,-0.103848851342,-0.109814660722,0.024361360014,0.606691660,-0.782836613,0.068297874,0.120114389
1790504430.951872826,-0.104235176097,-0.111014557759,0.022749831343,0.611581996,-0.779630877,0.065707118,0.117582877
1790504430.985208988,-0.104549163391,-0.112516993006,0.021078173588,0.615049828,-0.776949599,0.065819378,0.117178664
1790504431.018546104,-0.104672774332,-0.114181976260,0.019494038091,0.618143336,-0.774482503,0.064447909,0.117992098
1790504431.051880360,-0.104568558730,-0.115934918413,0.018082637189,0.620987952,-0.771904974,0.063893220,0.120226162
1790504431.085214615,-0.104205579086,-0.117814404195,0.016912680474,0.624228921,-0.768996911,0.063749469,0.122139310
1790504431.118547678,-0.103547074992,-0.119923182554,0.016069977212,0.627616307,-0.766086120,0.062628046,0.123642860
1790504431.151881933,-0.102629952061,-0.122315692084,0.015648164681,0.629217721,-0.764415670,0.062132605,0.126068562
1790504431.185215712,-0.101559548717,-0.124958947268,0.015711868114,0.630311209,-0.762979252,0.064109661,0.128298058
1790504431.218549967,-0.100410853866,-0.127739485211,0.016251048659,0.631267993,-0.761528170,0.066993621,0.130718868
1790504431.251883030,-0.099170708693,-0.130499905470,0.017207064066,0.632376307,-0.760523349,0.067801878,0.130795059
1790504431.285217047,-0.097808517151,-0.133084663392,0.018517092704,0.633967553,-0.759397535,0.067602495,0.129732142
1790504431.318551302,-0.096315851304,-0.135363972804,0.020111934395,0.635992298,-0.757790910,0.068082004,0.128963463
1790504431.351884365,-0.094677198825,-0.137233167696,0.021947241256,0.637279270,-0.757080294,0.065322409,0.128208984
1790504431.385218143,-0.092942084985,-0.138627103177,0.023998332739,0.638298415,-0.756497674,0.062829417,0.127823578
1790504431.418552160,-0.091247832399,-0.139554948776,0.026198037889,0.637446227,-0.757168408,0.061395940,0.128797702
1790504431.451886177,-0.089685291395,-0.140054295053,0.028431660476,0.635521639,-0.758413171,0.061323920,0.131000327
1790504431.485219240,-0.088266760736,-0.140159039295,0.030570552691,0.633656251,-0.759994347,0.059752211,0.131597955
1790504431.518553257,-0.087001013895,-0.139937257947,0.032513054458,0.633250773,-0.760439004,0.058042379,0.131746201
1790504431.551887274,-0.085898065614,-0.139495961151,0.034243491962,0.633303925,-0.760514248,0.055781304,0.132032809
1790504431.585221291,-0.084978558291,-0.138953258598,0.035843374597,0.633871986,-0.760304216,0.053532886,0.131445935
1790504431.618554115,-0.084287622667,-0.138407686495,0.037369813868,0.632984142,-0.761237960,0.052195994,0.130856496
1790504431.651887894,-0.083859114918,-0.137895012017,0.038772597763,0.630847456,-0.762967692,0.051960328,0.131194178
1790504431.685221910,-0.083744785325,-0.137394170498,0.039879492972,0.629178520,-0.764152691,0.053278048,0.131782031
1790504431.718554974,-0.084004541607,-0.136875325692,0.040439823396,0.628050685,-0.764855380,0.055559495,0.132142827
1790504431.751888752,-0.084608374980,-0.136319553021,0.040253529772,0.627408535,-0.765540849,0.055878881,0.131085050
1790504431.785222769,-0.085439950200,-0.135687283261,0.039234027472,0.627627853,-0.765225857,0.057158894,0.131322230
1790504431.818556309,-0.086386317681,-0.134888169757,0.037390885081,0.628316082,-0.764580504,0.056974552,0.131869083
1790504431.851889372,-0.087357544263,-0.133773855471,0.034832466350,0.630603074,-0.762998319,0.054376349,0.131211816
1790504431.885223150,-0.088325964807,-0.132259139410,0.031713491368,0.633576933,-0.761264639,0.049731701,0.128775684
1790504431.918557167,-0.089385256136,-0.130440468909,0.028218450320,0.634331352,-0.760582421,0.049461854,0.129196137
1790504431.951889992,-0.090555209972,-0.128519915515,0.024643036813,0.631898513,-0.761665046,0.053997312,0.132871806
1790504431.985223532,-0.091687454356,-0.126663404164,0.021260262572,0.628297630,-0.764215765,0.056244470,0.134361128
1790504432.018557310,-0.092726390938,-0.124960198642,0.018086197778,0.624710806,-0.767395483,0.056567661,0.132818228
1790504432.051892519,-0.093821921957,-0.123450207887,0.014905591880,0.621651733,-0.769868537,0.057333965,0.132530657
1790504432.085227013,-0.095140824479,-0.122111698686,0.011475151591,0.621639234,-0.770184437,0.058372061,0.130281610
1790504432.118562222,-0.096688627018,-0.120888767695,0.007653929570,0.621411278,-0.771130370,0.056560359,0.126518388
1790504432.151897430,-0.098356927813,-0.119722496334,0.003434061959,0.623774204,-0.769751399,0.056217387,0.123402316
1790504432.185232639,-0.100006754667,-0.118566816386,-0.001062077644,0.626897890,-0.767647645,0.056110352,0.120696961
1790504432.218567133,-0.101524851639,-0.117414705627,-0.005642932926,0.629192254,-0.766396230,0.056397871,0.116504104
1790504432.251902342,-0.102859565765,-0.116269996138,-0.010145416825,0.630843307,-0.765590920,0.055373528,0.113318302
1790504432.285237551,-0.104057566494,-0.115113527576,-0.014484426648,0.632267352,-0.764972289,0.053204705,0.110565149
1790504432.318571806,-0.105321237316,-0.113887207550,-0.018684140541,0.632569552,-0.765179425,0.053841667,0.107038700
1790504432.351907253,-0.106750353311,-0.112510634092,-0.022800170535,0.632834010,-0.765259997,0.056371188,0.103540046
1790504432.385242462,-0.108233440171,-0.110923309256,-0.026857118337,0.632112088,-0.765980869,0.057504312,0.101984660
1790504432.418577671,-0.109661305379,-0.109038484520,-0.030879437424,0.632296639,-0.766006023,0.058883522,0.099842190
1790504432.451911926,-0.110930021497,-0.106833779957,-0.034835253184,0.632703970,-0.765898578,0.060582914,0.097029710
1790504432.485247374,-0.111956115073,-0.104443116232,-0.038591286150,0.633327386,-0.765542563,0.060555231,0.095781367
1790504432.518582582,-0.112792203597,-0.102026061136,-0.042015039948,0.632985072,-0.765988168,0.062117826,0.093452671
1790504432.551917791,-0.113521133846,-0.099670376260,-0.045006222415,0.631789691,-0.767066952,0.064444664,0.091087670
1790504432.585252285,-0.114183603608,-0.097358614331,-0.047463647501,0.630171929,-0.768550340,0.064809153,0.089518093
1790504432.618587494,-0.114801340481,-0.094977605505,-0.049315120882,0.627403978,-0.770918220,0.066265790,0.087511095
1790504432.651922703,-0.115323480132,-0.092489734448,-0.050511116011,0.624419930,-0.773449236,0.069193257,0.084192179
1790504432.685256720,-0.115681066863,-0.089952737024,-0.051007067611,0.619440512,-0.777354126,0.070606752,0.083837356
1790504432.718592167,-0.115847929192,-0.087408072792,-0.050765553325,0.614493038,-0.781374919,0.070357593,0.083074374
1790504432.751927376,-0.115831939655,-0.084869084278,-0.049769885997,0.610252816,-0.784967433,0.067902242,0.082504025
1790504432.785262585,-0.115675133136,-0.082311546498,-0.048040934601,0.602909668,-0.790803403,0.065013721,0.083085054
1790504432.818597078,-0.115372958163,-0.079679379231,-0.045618888457,0.600177203,-0.793238150,0.064773221,0.079780897
1790504432.851932287,-0.114892425055,-0.076951739262,-0.042586202697,0.595932951,-0.796846525,0.061670603,0.078078612
1790504432.885267496,-0.114283629776,-0.074156714732,-0.039086171434,0.589443247,-0.801705607,0.061813410,0.077484709
1790504432.918602943,-0.113627434500,-0.071293764094,-0.035321905124,0.582060172,-0.806997146,0.062314075,0.077964854
1790504432.951937199,-0.112917896161,-0.068298153721,-0.031500458697,0.574445843,-0.812320240,0.062540541,0.078971400
1790504432.985272408,-0.112047481470,-0.065091358881,-0.027859566038,0.568838324,-0.816434091,0.061777731,0.077729320
1790504433.018607855,-0.110921809458,-0.061735285391,-0.024701918639,0.567337525,-0.818097571,0.055792708,0.075707793
1790504433.051948309,-0.109682523014,-0.058434638659,-0.022209954544,0.568074429,-0.818154339,0.048340472,0.074686804
1790504433.085289478,-0.108668393393,-0.055382653374,-0.020239938816,0.570594466,-0.816971104,0.042466350,0.071949837
1790504433.118631124,-0.108087682746,-0.052715348902,-0.018380263498,0.571069300,-0.816995584,0.039453580,0.069580782
1790504433.151972294,-0.107890126772,-0.050489516186,-0.016214289837,0.567830251,-0.819303766,0.040720696,0.068205350
1790504433.185312986,-0.107926757760,-0.048619287189,-0.013538258331,0.561694364,-0.823439029,0.042517304,0.068116703
1790504433.218654633,-0.108089621352,-0.046922805447,-0.010366511081,0.554640770,-0.828083964,0.044450179,0.068372123
1790504433.251996040,-0.108335951106,-0.045268081163,-0.006829179388,0.546942426,-0.833055500,0.046818118,0.068414769
1790504433.285336971,-0.108646253634,-0.043634698956,-0.003123603734,0.540003714,-0.837441600,0.049705101,0.067948211
1790504433.318678379,-0.108936203911,-0.042056320200,0.000537474770,0.532921600,-0.841912296,0.052114926,0.066800362
1790504433.352020264,-0.109084398190,-0.040585765032,0.004015371889,0.526596714,-0.845825097,0.053996112,0.066031999
1790504433.385362148,-0.109079470682,-0.039257529520,0.007265165784,0.522256661,-0.848580927,0.054228372,0.064943616
1790504433.418702841,-0.109005608741,-0.038056969139,0.010305462213,0.513811060,-0.854221811,0.049087178,0.062399858
1790504433.452044725,-0.108892809342,-0.036952280080,0.013216696456,0.509212708,-0.857008091,0.049247837,0.061759209
1790504433.485386372,-0.108776652726,-0.035905711704,0.016042253748,0.504624648,-0.859729026,0.049055773,0.061753516
1790504433.518728495,-0.108702664263,-0.034907417329,0.018737154306,0.501676902,-0.861387366,0.049809124,0.062057578
1790504433.552069664,-0.108677338973,-0.033987057301,0.021243186954,0.499464239,-0.862675102,0.049701212,0.062104200
1790504433.585411549,-0.108675815844,-0.033184327400,0.023539392604,0.495975108,-0.864610964,0.049734632,0.063111323
1790504433.618753672,-0.108629144309,-0.032495178324,0.025646023537,0.493898763,-0.865912853,0.048539727,0.062472706
1790504433.652094841,-0.108422997834,-0.031889713823,0.027615508128,0.491204671,-0.867453242,0.047790169,0.062920140
1790504433.685436726,-0.108021137538,-0.031323197785,0.029509951477,0.489099153,-0.868657928,0.046724839,0.063499696
1790504433.718779087,-0.107472187883,-0.030720158083,0.031401068316,0.486185921,-0.870508600,0.044041067,0.062437265
1790504433.752121449,-0.106795161496,-0.030019630878,0.033378187896,0.483544203,-0.871930160,0.043957912,0.063170413
1790504433.785462618,-0.106001805406,-0.029209220456,0.035526047450,0.480613650,-0.873316769,0.045612265,0.065175614
1790504433.818804979,-0.105096311836,-0.028285951780,0.037917904405,0.476137523,-0.875493405,0.047608038,0.067363436
1790504433.852147102,-0.104089083745,-0.027224875708,0.040587582652,0.468241858,-0.879524227,0.048258791,0.069697813
1790504433.885489702,-0.103056147255,-0.026051612193,0.043425494069,0.461494594,-0.882817976,0.049812644,0.071929559
1790504433.918831110,-0.102070346926,-0.024900530400,0.046128653479,0.454237704,-0.886522602,0.050572631,0.072029114
1790504433.952173471,-0.101133917488,-0.024015640786,0.048266487033,0.447917372,-0.889489047,0.051614185,0.074264656
1790504433.985516071,-0.100265754840,-0.023664298167,0.049413404285,0.447756716,-0.889656801,0.049534319,0.074639477
1790504434.018857718,-0.099474962454,-0.023867518886,0.049542222381,0.452856954,-0.887385115,0.045689262,0.073353451
1790504434.052191734,-0.098710140611,-0.024332066107,0.049176771891,0.454583424,-0.886961464,0.039937670,0.071121403
1790504434.085525751,-0.097945879708,-0.024737563769,0.048942687780,0.455461931,-0.886142042,0.042975127,0.073890793
1790504434.118859529,-0.097247821642,-0.024920377602,0.049178794668,0.454474346,-0.886581921,0.043156396,0.074586138
1790504434.152192593,-0.096677506371,-0.024856689955,0.049945715684,0.452199626,-0.887585516,0.044385270,0.075745615
1790504434.185526609,-0.096263138030,-0.024632972681,0.051107042000,0.448809188,-0.889123291,0.046390201,0.076668346
1790504434.218860388,-0.096009496303,-0.024433031070,0.052315637206,0.445411110,-0.890801372,0.047638821,0.076239108
1790504434.252194405,-0.095881054520,-0.024469778089,0.053140823958,0.444432017,-0.891264415,0.048350853,0.076092831
1790504434.285527229,-0.095809442250,-0.024820621701,0.053386831323,0.445676050,-0.890680523,0.048515388,0.075546816
1790504434.318861008,-0.095731099640,-0.025336810300,0.053253964121,0.445794474,-0.890718516,0.047745577,0.074887729
1790504434.352195024,-0.095659778836,-0.025785255891,0.053102139733,0.445628851,-0.890845362,0.047107272,0.074768802
1790504434.385527849,-0.095681647315,-0.026044347378,0.053118300416,0.444927768,-0.891144136,0.047728230,0.074989510
1790504434.418861866,-0.095849237764,-0.026137848690,0.053269463105,0.444056563,-0.891581894,0.047767011,0.074925351
1790504434.452195644,-0.096140100395,-0.026150622117,0.053456031613,0.444434090,-0.891387311,0.048218061,0.074712916
1790504434.485529184,-0.096496955201,-0.026154127532,0.053587678092,0.444580093,-0.891329813,0.048482305,0.074358398
1790504434.518862009,-0.096834789370,-0.026199951078,0.053567211600,0.446137454,-0.890459252,0.049639696,0.074696677
1790504434.552195787,-0.097065289559,-0.026336125482,0.053296529115,0.445865875,-0.890598161,0.049582126,0.074700397
1790504434.585529566,-0.097173742082,-0.026617114904,0.052727955782,0.447649087,-0.889607201,0.050090251,0.075500262
1790504434.618862391,-0.097198760408,-0.027091071217,0.051863402825,0.448655360,-0.888891439,0.051552448,0.076959223
1790504434.652195930,-0.097137334385,-0.027767296802,0.050780144817,0.450596109,-0.887989010,0.049852244,0.077158403
1790504434.685529709,-0.096984579496,-0.028595939279,0.049622377257,0.453257135,-0.886451503,0.050971416,0.078508706
1790504434.718863487,-0.096774849378,-0.029506879579,0.048528255102,0.453446376,-0.886255108,0.051542227,0.079256963
1790504434.752196312,-0.096479221610,-0.030459452602,0.047532059507,0.453508786,-0.885877332,0.054098267,0.081391100
1790504434.785529852,-0.096055337890,-0.031447212050,0.046512577801,0.453821006,-0.885515586,0.054911501,0.083026317
1790504434.818863630,-0.095522638520,-0.032459335737,0.045300853034,0.455319478,-0.884573089,0.055026073,0.084774727
1790504434.852196932,-0.094936456295,-0.033463368969,0.043830208312,0.458083053,-0.883000155,0.055254285,0.086125526
1790504434.885529757,-0.094305115666,-0.034431401644,0.042172069505,0.460185740,-0.881712306,0.056090901,0.087557439
1790504434.918863297,-0.093586384880,-0.035346982461,0.040502748608,0.461324423,-0.880943788,0.055657931,0.089554536
1790504434.952197075,-0.092774625155,-0.036175535089,0.039004881399,0.460436442,-0.881011965,0.056998897,0.092559851
1790504434.985529423,-0.091907729064,-0.036876001294,0.037699130108,0.460001155,-0.880682478,0.059925694,0.095949062
1790504435.018862963,-0.090965917475,-0.037447031265,0.036422553659,0.459091410,-0.880598397,0.062621870,0.099297743
1790504435.052196980,-0.089922739120,-0.037924790905,0.034983313235,0.459823546,-0.879429001,0.065708777,0.104159949
1790504435.085530758,-0.088810054937,-0.038350523196,0.033271987305,0.460487616,-0.878629052,0.066518812,0.107412254
1790504435.118863821,-0.087667035738,-0.038764297745,0.031292655969,0.463003877,-0.876826230,0.068089772,0.110303925
1790504435.152197599,-0.086516463733,-0.039222525986,0.029114626932,0.463564182,-0.875924594,0.070002267,0.113859731
1790504435.185531378,-0.085370931260,-0.039802689492,0.026792770211,0.465683158,-0.873952189,0.072958478,0.118422244
1790504435.218865156,-0.084255126645,-0.040579203846,0.024315432106,0.467364477,-0.872017632,0.076157860,0.123918016
1790504435.252198219,-0.083185101739,-0.041562485206,0.021653321011,0.469558154,-0.869789317,0.079715566,0.128946160
1790504435.285531998,-0.082104404592,-0.042695865229,0.018804672719,0.472994836,-0.867091888,0.081915562,0.133106664
1790504435.318865776,-0.080900944433,-0.043924036305,0.015769140422,0.477504148,-0.863688267,0.083858308,0.137841032
1790504435.352198601,-0.079496799443,-0.045220666989,0.012560307905,0.480368621,-0.861659515,0.082879233,0.141137880
1790504435.385532141,-0.077896443925,-0.046572014070,0.009201812726,0.485389462,-0.858211352,0.082101481,0.145360558
1790504435.418865919,-0.076145726879,-0.047949625283,0.005690593377,0.490649603,-0.853572480,0.086407393,0.152350749
1790504435.452199697,-0.074256354891,-0.049310350568,0.002041350475,0.493370284,-0.851281981,0.085321687,0.156923427
1790504435.485532522,-0.072230113476,-0.050628303766,-0.001702342756,0.500385186,-0.846193439,0.085722955,0.161934879
1790504435.518866301,-0.070101593226,-0.051903694948,-0.005509380395,0.505879693,-0.842226293,0.084831426,0.165964567
1790504435.552199602,-0.067939380879,-0.053137877144,-0.009364361339,0.511338317,-0.837567900,0.085982778,0.172104912
1790504435.585533381,-0.065767302944,-0.054287624424,-0.013204899766,0.516150171,-0.833679250,0.085685618,0.176708473
1790504435.618865967,-0.063567721335,-0.055292991643,-0.016913458393,0.521374306,-0.829123470,0.087160276,0.182006019
1790504435.652199745,-0.061321636462,-0.056119606351,-0.020366862548,0.525420906,-0.825454587,0.087138054,0.186988116
1790504435.685533285,-0.059011620141,-0.056760638084,-0.023525896872,0.528195019,-0.822399053,0.088233333,0.192053896
1790504435.718865871,-0.056710578778,-0.057234820166,-0.026538271024,0.531288562,-0.819287108,0.088958226,0.196437094
1790504435.752199411,-0.054483503944,-0.057582790664,-0.029652656142,0.534997091,-0.817289350,0.083166234,0.197229838
1790504435.785532951,-0.052319398066,-0.057863212188,-0.033062417156,0.539331231,-0.812754747,0.085677310,0.203004785
1790504435.818866491,-0.050212977915,-0.058112732415,-0.036850401857,0.544981148,-0.808615931,0.082871468,0.205592179
1790504435.852199078,-0.048241910374,-0.058329107008,-0.041038432927,0.551777117,-0.802846968,0.081940262,0.210391427
1790504435.885532618,-0.046575356771,-0.058492365678,-0.045631916607,0.558941860,-0.797012014,0.081453015,0.213825286
1790504435.918866158,-0.045165544041,-0.058587082765,-0.050600057140,0.567922049,-0.789383225,0.082408679,0.218053846
1790504435.952198505,-0.043785879422,-0.058599473313,-0.055850539020,0.576870171,-0.781380901,0.082945281,0.223125016
1790504435.985532045,-0.042221239443,-0.058500117056,-0.061201061013,0.585848972,-0.773095773,0.082005223,0.228864700
1790504436.018865585,-0.040315052497,-0.058265537756,-0.066397485747,0.593945959,-0.766510948,0.076775913,0.231936678
1790504436.052199364,-0.038172706922,-0.057927565604,-0.071242463616,0.600176268,-0.760582443,0.071880927,0.236930216
1790504436.085532188,-0.036100772290,-0.057560173892,-0.075665599118,0.602395605,-0.755902294,0.074648490,0.245273032
1790504436.118866205,-0.034173416684,-0.057185668222,-0.079678203596,0.602645768,-0.752315684,0.078938361,0.254180891
1790504436.152199984,-0.032308913091,-0.056721774389,-0.083423586427,0.601329450,-0.748119597,0.086240680,0.266987839
1790504436.185534000,-0.030435549361,-0.056061855573,-0.087121765674,0.601693073,-0.742915736,0.092304268,0.278426969
1790504436.218866587,-0.028450119263,-0.055163473757,-0.090934714063,0.603516851,-0.736733718,0.096828189,0.289162828
1790504436.252200365,-0.026296928881,-0.054059745993,-0.094888549993,0.605918336,-0.731024595,0.098360823,0.297978456
1790504436.285534382,-0.024035533834,-0.052827092648,-0.098908291925,0.606153029,-0.726476629,0.100067523,0.307890734
1790504436.318867207,-0.021797022441,-0.051553439677,-0.102917050032,0.605697490,-0.721926672,0.103165876,0.318291114
1790504436.352200985,-0.019638652685,-0.050299406300,-0.106879978082,0.604278037,-0.716707504,0.108454768,0.330780852
1790504436.385534763,-0.017523507994,-0.049091829851,-0.110781116167,0.605552095,-0.711958774,0.108484805,0.338603621
1790504436.418868303,-0.015467011552,-0.047968750708,-0.114596944542,0.607216590,-0.706876713,0.108684302,0.346122881
1790504436.452200890,-0.013535994285,-0.046992977124,-0.118278643948,0.608573779,-0.701286579,0.110159205,0.354542012
1790504436.485534668,-0.011719195500,-0.046188220701,-0.121800609143,0.608040808,-0.694781718,0.116727235,0.365977449
1790504436.518868446,-0.009901422860,-0.045504768427,-0.125177777735,0.606845562,-0.690588914,0.118835558,0.375104687
1790504436.552202225,-0.007978424731,-0.044857958253,-0.128416092813,0.605157495,-0.686716142,0.119420510,0.384635006
1790504436.585534573,-0.005984182978,-0.044164288521,-0.131483655553,0.602305444,-0.683639181,0.119409043,0.394470661
1790504436.618868351,-0.003986215466,-0.043356810608,-0.134349484161,0.599156025,-0.681144802,0.118770164,0.403667518
1790504436.652201891,-0.002021413150,-0.042385121390,-0.137009176121,0.594801358,-0.679642600,0.117482327,0.412910625
1790504436.685534477,-0.000136018465,-0.041203017779,-0.139464238217,0.590580791,-0.678485513,0.115519188,0.421339596
1790504436.718868256,0.001638481575,-0.039777289817,-0.141704423583,0.586402815,-0.677597560,0.113495980,0.429082682
1790504436.752201557,0.003338259514,-0.038085708846,-0.143713854188,0.580791288,-0.677500496,0.111360794,0.437348066
1790504436.785535097,0.005046376565,-0.036110982917,-0.145490432587,0.575952044,-0.677744172,0.109444304,0.443806292
1790504436.818867683,0.006843978201,-0.033858719894,-0.147070371757,0.570202149,-0.677701120,0.108348500,0.451498953
1790504436.852201223,0.008803365253,-0.031354737898,-0.148503078077,0.565576395,-0.677734381,0.105391447,0.457921492
1790504436.885534763,0.010917232640,-0.028635117872,-0.149804075230,0.561504242,-0.678233650,0.101518368,0.463040088
1790504436.918868065,0.013115629133,-0.025742836608,-0.150965474168,0.558206381,-0.678290274,0.097988423,0.467681739
1790504436.952200651,0.015332362129,-0.022731725218,-0.152005081306,0.553121163,-0.678339822,0.095766323,0.474068430
1790504436.985534191,0.017479982248,-0.019675954440,-0.152950725593,0.548706611,-0.679187975,0.092587230,0.478594144
1790504437.018867731,0.019479801700,-0.016667197236,-0.153817673466,0.543933087,-0.679798812,0.089564955,0.483723569
1790504437.052207708,0.021320506963,-0.013776546949,-0.154580692530,0.539740755,-0.679960749,0.087415011,0.488561065
1790504437.085548878,0.023033543933,-0.011055210045,-0.155189931550,0.536628738,-0.680256821,0.085486917,0.491906741
1790504437.118889809,0.024639872203,-0.008525533483,-0.155596837195,0.530533526,-0.682680022,0.082984273,0.495576206
1790504437.152231216,0.026137373021,-0.006138943566,-0.155772047934,0.522239096,-0.685043880,0.080658715,0.501473210
1790504437.185571432,0.027469283291,-0.003787413556,-0.155752102901,0.515441964,-0.687466794,0.078494935,0.505517095
1790504437.218912840,0.028589505629,-0.001372089918,-0.155633805764,0.510514680,-0.689301410,0.077142989,0.508219723
1790504437.252254248,0.029565554440,0.001148447403,-0.155496419082,0.506622845,-0.691397521,0.071625809,0.510071078
1790504437.285594463,0.030539632223,0.003741705558,-0.155362578760,0.501852023,-0.692394117,0.069196688,0.513757484
1790504437.318936110,0.031595244163,0.006302813592,-0.155233770232,0.514182458,-0.681790944,0.069545157,0.515694658
1790504437.352277517,0.032708782506,0.008714984171,-0.155159230846,0.510644370,-0.682535126,0.066189304,0.518658949
1790504437.385618925,0.033920949359,0.010909352781,-0.155115149618,0.506420661,-0.683530182,0.062664103,0.521917441
1790504437.418959379,0.035193645524,0.012953068285,-0.155069595524,0.503216212,-0.684062596,0.059068893,0.524731050
1790504437.452301264,0.036409116773,0.014926839829,-0.155005991810,0.500456533,-0.683961257,0.056544422,0.527771717
1790504437.485642910,0.037535525679,0.016841950620,-0.154902663840,0.499372401,-0.683002654,0.055584278,0.530136744
1790504437.518984556,0.038606949284,0.018684659681,-0.154748474391,0.494993263,-0.683542240,0.055024530,0.533595331
1790504437.552325249,0.039637468809,0.020458410759,-0.154565329983,0.492948131,-0.683389051,0.053236282,0.535861403
1790504437.585666895,0.040607015118,0.022186528668,-0.154414428279,0.489829485,-0.684021824,0.051268829,0.538101038
1790504437.619008780,0.041519908444,0.023892145629,-0.154322211098,0.486954988,-0.684583808,0.048481500,0.540249380
1790504437.652349710,0.042402440199,0.025571513173,-0.154250369678,0.485080139,-0.684684304,0.045788624,0.542040648
1790504437.685691595,0.043276677514,0.027184728829,-0.154160119139,0.483103914,-0.684859491,0.044573949,0.543683041
1790504437.719033480,0.044172497821,0.028702416063,-0.154068209845,0.479536583,-0.685684536,0.043029640,0.545921086
1790504437.752375603,0.045119511239,0.030148177550,-0.154010730408,0.476587878,-0.686242251,0.042522629,0.547838840
1790504437.785716534,0.046096482677,0.031576556958,-0.154004535417,0.472662264,-0.687867369,0.039833745,0.549401620
1790504437.819058657,0.047037524176,0.033042191315,-0.154060289194,0.469611800,-0.688065846,0.039301543,0.551802082
1790504437.852400541,0.047880772495,0.034583901173,-0.154191423399,0.468552286,-0.687515637,0.038364149,0.553452072
1790504437.885742903,0.048612407942,0.036201014646,-0.154379329284,0.467520333,-0.687558354,0.036567224,0.554392537
1790504437.919084311,0.049251156338,0.037851011962,-0.154577128265,0.467446842,-0.686799613,0.035352541,0.555472718
1790504437.952426195,0.049848006022,0.039489476046,-0.154743950760,0.466838635,-0.686433881,0.035049399,0.556454631
1790504437.985768557,0.050457372953,0.041088639742,-0.154861163853,0.468041712,-0.685227810,0.034502167,0.556964455
1790504438.019109964,0.051092751164,0.042635679595,-0.154925676813,0.467435256,-0.685006014,0.033523152,0.557805737
1790504438.052449942,0.051768864492,0.044139157840,-0.154931082946,0.461782557,-0.686552594,0.029420740,0.560835828
1790504438.085790157,0.052508974621,0.045595318411,-0.154864404549,0.460792696,-0.686496242,0.027826149,0.561799526
1790504438.119129896,0.053297360265,0.046978507255,-0.154719215893,0.459514466,-0.686936915,0.025852643,0.562401788
1790504438.152468920,0.054124264930,0.048263298566,-0.154505023821,0.457900946,-0.687431497,0.024105199,0.563190554
1790504438.185809135,0.054922412057,0.049445423606,-0.154286522755,0.456488294,-0.687873881,0.022942342,0.563845378
1790504438.219149351,0.055595802133,0.050548202483,-0.154146226341,0.455096404,-0.688057763,0.022569715,0.564760467
1790504438.252489567,0.056152876121,0.051613137035,-0.154098064385,0.454197767,-0.688062202,0.021214342,0.565530500
1790504438.285828590,0.056666962171,0.052655396403,-0.154099050582,0.453708108,-0.688000683,0.020138948,0.566037487
1790504438.319169044,0.057178235388,0.053652505145,-0.154117348206,0.452109261,-0.688143601,0.019381657,0.567168363
1790504438.352509022,0.057697872612,0.054598253177,-0.154138321707,0.451184093,-0.688082481,0.017939259,0.568026053
1790504438.385848284,0.058219572421,0.055512880029,-0.154139392268,0.450560113,-0.687962903,0.016095423,0.568720992
1790504438.419188738,0.058698220159,0.056417681392,-0.154087397828,0.449843619,-0.687731833,0.014807131,0.569601960
1790504438.452528954,0.059112448327,0.057335917111,-0.153956689163,0.448775561,-0.687678035,0.013720674,0.570535852
1790504438.485869408,0.059489863930,0.058275434360,-0.153740497618,0.448162496,-0.687820480,0.011928763,0.570886214
1790504438.519208670,0.059838308940,0.059205839455,-0.153459708347,0.446835983,-0.688286254,0.011340241,0.571376439
1790504438.552549362,0.060175383202,0.060100262488,-0.153155885712,0.445814256,-0.688568348,0.010623907,0.571848242
1790504438.585889578,0.060549353716,0.060966640902,-0.152862210072,0.445455029,-0.688835108,0.009925148,0.571819467
1790504438.619229317,0.060991752992,0.061813938204,-0.152609466070,0.443716681,-0.689456397,0.009090241,0.572435805
1790504438.652569532,0.061501461532,0.062631981588,-0.152459510693,0.442204606,-0.689930381,0.008179764,0.573048206
1790504438.685910225,0.062047548000,0.063398335609,-0.152485252276,0.441391035,-0.689533171,0.007069687,0.574167205
1790504438.719250679,0.062605325024,0.064074416330,-0.152712155709,0.441282670,-0.688958656,0.005987399,0.574951935
1790504438.752590418,0.063152768088,0.064606186318,-0.153122126367,0.440863553,-0.688538852,0.004953494,0.575785585
1790504438.785930872,0.063657766496,0.064938946905,-0.153721561379,0.440270660,-0.688337685,0.005156802,0.576477566
1790504438.819271564,0.064130144751,0.065024404905,-0.154564840017,0.440400472,-0.687943700,0.006317423,0.576837048
1790504438.852612257,0.064621740023,0.064835061607,-0.155699683103,0.440819018,-0.687151114,0.007349469,0.577449501
1790504438.885951996,0.065190545505,0.064365651740,-0.157135443754,0.442261773,-0.686118449,0.009939215,0.577535462
1790504438.919292688,0.065872751702,0.063630751249,-0.158865009508,0.442593491,-0.684937779,0.013359669,0.578612789
1790504438.952633381,0.066687052558,0.062669474261,-0.160877032987,0.444225335,-0.682413613,0.017625154,0.580228288
1790504438.985973120,0.067672028636,0.061520464407,-0.163158779894,0.446613333,-0.678736748,0.022898466,0.582519200
1790504439.019314051,0.068902191940,0.060204138464,-0.165669041313,0.449188301,-0.674849226,0.027618111,0.584846674
1790504439.052648544,0.070452670278,0.058703662038,-0.168316582725,0.451599155,-0.671527932,0.031806636,0.586597628
1790504439.085982800,0.072302659831,0.056973775094,-0.170990733316,0.453019454,-0.668859368,0.036047489,0.588303577
1790504439.119316339,0.074336287685,0.054983942827,-0.173626543706,0.453546456,-0.666802224,0.041494682,0.589871679
1790504439.152650595,0.076529134931,0.052777960640,-0.176242920399,0.455188844,-0.664432518,0.046993606,0.590867283
1790504439.185985088,0.078965829630,0.050462632480,-0.178904278413,0.456913227,-0.662704737,0.051098162,0.591135951
1790504439.219319582,0.081684069412,0.048145458117,-0.181660019885,0.457324979,-0.660562208,0.054698514,0.592890804
1790504439.252652884,0.084667776825,0.045918825603,-0.184524131189,0.457865602,-0.657598202,0.057513442,0.595496347
1790504439.285987377,0.087878797508,0.043843648025,-0.187478530773,0.459444998,-0.654204583,0.058487259,0.597917969
1790504439.319321632,0.091253717669,0.041906381135,-0.190504769349,0.460346796,-0.651404978,0.059733397,0.600153567
1790504439.352654934,0.094740263733,0.040032300225,-0.193592909546,0.460546671,-0.647908600,0.061306734,0.603616347
1790504439.385989189,0.098320393586,0.038153819823,-0.196708577924,0.461065311,-0.644211808,0.063092666,0.606983724
1790504439.419323444,0.101987890996,0.036251946106,-0.199795229193,0.461155912,-0.641481865,0.066072132,0.609483975
1790504439.452657700,0.105775409990,0.034351752443,-0.202815279201,0.460922503,-0.638812506,0.069345375,0.612094966
1790504439.485991001,0.109735654543,0.032488777761,-0.205729250266,0.460735666,-0.635973506,0.071671554,0.614917501
1790504439.519325495,0.113862768626,0.030698593885,-0.208489588261,0.460042416,-0.633866428,0.073911986,0.617342162
1790504439.552659750,0.118086108343,0.029010178987,-0.211073012698,0.459707848,-0.631443548,0.076553842,0.619747730
1790504439.585994005,0.122326473598,0.027449140997,-0.213474216467,0.459426614,-0.628914709,0.078941318,0.622223226
1790504439.619327068,0.126549167969,0.026032880312,-0.215713382285,0.458692802,-0.627025009,0.080493695,0.624468828
1790504439.652661085,0.130730212862,0.024750501904,-0.217851630644,0.457466407,-0.624552252,0.083249521,0.627477879
1790504439.685995340,0.134840968073,0.023598623024,-0.219963283405,0.455765569,-0.621864905,0.085867158,0.631021883
1790504439.719328642,0.138884520669,0.022599306759,-0.222114790882,0.454940057,-0.620034132,0.087273755,0.633222324
1790504439.752662897,0.142833203054,0.021719249943,-0.224330432588,0.453327480,-0.618056890,0.088620320,0.636118162
1790504439.785996914,0.146639577285,0.020861497387,-0.226533878972,0.452935057,-0.615244792,0.089462426,0.638999338
1790504439.819331169,0.150331140520,0.019952493126,-0.228607220025,0.453018553,-0.612561464,0.091608147,0.641210255
1790504439.852663994,0.153985039763,0.018961435073,-0.230508889324,0.450550547,-0.611552337,0.092761767,0.643741562
1790504439.885998249,0.157668804896,0.017876226316,-0.232254326901,0.451230248,-0.609206239,0.093774648,0.645341257
1790504439.919332266,0.161464899284,0.016701126082,-0.233867458668,0.448180975,-0.609525381,0.096092822,0.646822072
1790504439.952665567,0.165400348384,0.015429386524,-0.235375419374,0.445451397,-0.609858497,0.098897023,0.647969941
1790504439.985999584,0.169391625804,0.014056975626,-0.236824700554,0.444203389,-0.609257480,0.105121984,0.648411938
1790504440.019333601,0.173447695956,0.012647207173,-0.238262013466,0.440993159,-0.609504599,0.106780149,0.650097821
1790504440.052667856,0.177681521198,0.011300799264,-0.239765251969,0.439052897,-0.609245313,0.108369621,0.651389843
1790504440.086001396,0.182043608140,0.010083634324,-0.241426234068,0.438629819,-0.608147348,0.110137311,0.652403600
1790504440.119335890,0.186407511484,0.009048487826,-0.243296457793,0.438835375,-0.605710294,0.108998069,0.654719768
1790504440.152670383,0.190737992128,0.008234300606,-0.245377907570,0.439823924,-0.603638959,0.109737303,0.655844988
1790504440.186004877,0.195002426745,0.007648270396,-0.247633065409,0.443476665,-0.598070123,0.110042733,0.658430841
1790504440.219338417,0.199178824234,0.007323391803,-0.250025715408,0.442949601,-0.594989490,0.110675932,0.661463526
1790504440.252672911,0.203366190347,0.007320729707,-0.252506585200,0.443038699,-0.591997040,0.111390524,0.663964131
1790504440.286007404,0.207668097113,0.007685141027,-0.255019133195,0.443121764,-0.588551630,0.111449256,0.666955129
1790504440.319340706,0.212083196394,0.008404499052,-0.257504315181,0.441392046,-0.587407885,0.109080703,0.669497154
1790504440.352675200,0.216518485501,0.009407217111,-0.259911004325,0.439745896,-0.584489885,0.108075506,0.673286571
1790504440.386009693,0.220854851199,0.010598236139,-0.262210514674,0.435361290,-0.586900850,0.111058714,0.673553192
1790504440.419344187,0.225001343997,0.011901307558,-0.264390960844,0.433314674,-0.585413873,0.112558680,0.675913851
1790504440.452677727,0.228903453035,0.013311497436,-0.266489238350,0.430694614,-0.584348545,0.114552662,0.678171523
1790504440.486012220,0.232565149248,0.014901142182,-0.268518361176,0.428912584,-0.583636171,0.115614047,0.679732452
1790504440.519346714,0.236085783840,0.016779302373,-0.270462638193,0.429230475,-0.582958956,0.116829564,0.679905073
1790504440.552680969,0.239591144121,0.018973815484,-0.272332000371,0.426966036,-0.582881098,0.115194391,0.681674323
1790504440.586014509,0.243107329234,0.021379056755,-0.274151949521,0.423603087,-0.580984669,0.114148992,0.685556159
1790504440.619348764,0.246560804902,0.023835951515,-0.275932309422,0.425226169,-0.578095036,0.112402230,0.687280564
1790504440.652683258,0.249887977488,0.026195180082,-0.277675035273,0.422606960,-0.580028243,0.111627012,0.687393631
1790504440.686016560,0.253089524395,0.028341490342,-0.279386473647,0.420362234,-0.579199798,0.110571959,0.689635432
1790504440.719351053,0.256138945833,0.030228876852,-0.281071084560,0.418747004,-0.578210537,0.109792157,0.691570100
1790504440.752685547,0.259003221659,0.031882717253,-0.282687872811,0.419502957,-0.577409109,0.109901987,0.691764081
1790504440.786019802,0.261731411899,0.033412691118,-0.284203743198,0.415278433,-0.578235163,0.111227950,0.693409159
1790504440.819353342,0.264423293400,0.034977437292,-0.285644735587,0.413366890,-0.578737688,0.111028482,0.694163654
1790504440.852687836,0.267118017175,0.036695212120,-0.287058656366,0.415467183,-0.577813981,0.109629839,0.693901522
1790504440.886022091,0.269823181566,0.038570304671,-0.288440756566,0.416354709,-0.576931859,0.107413831,0.694449893
1790504440.919356346,0.272502193644,0.040469392261,-0.289710934170,0.415242716,-0.576472035,0.104423009,0.695952093
1790504440.952689886,0.275069764287,0.042245196391,-0.290778356592,0.412999955,-0.576316297,0.103230139,0.697591643
1790504440.986024141,0.277494229502,0.043873144225,-0.291598135593,0.412099294,-0.575922795,0.102196993,0.698600659
1790504441.019358635,0.279793043213,0.045412117194,-0.292172640940,0.410194572,-0.576019358,0.101711728,0.699711967
1790504441.052693605,0.282000158758,0.046950705294,-0.292540582769,0.408045677,-0.576224053,0.101885724,0.700773762
1790504441.086029768,0.284167796866,0.048584336706,-0.292750288042,0.406979560,-0.576624398,0.101838768,0.701071185
1790504441.119365692,0.286308368163,0.050344635170,-0.292815271755,0.406335804,-0.577536056,0.100565307,0.700877976
1790504441.152701855,0.288372213710,0.052212710836,-0.292716199006,0.404774950,-0.578336861,0.100587467,0.701117591
1790504441.186037064,0.290341343055,0.054201348800,-0.292471709682,0.403125403,-0.579572775,0.099788581,0.701161570
1790504441.219372988,0.292215594227,0.056297262053,-0.292163599083,0.402096603,-0.580218452,0.097835850,0.701493419
1790504441.252709150,0.293919782488,0.058377159444,-0.291874259358,0.401440079,-0.579767676,0.096402835,0.702439889
1790504441.286044121,0.295435571637,0.060300011683,-0.291642765510,0.401577051,-0.579587370,0.095418756,0.702644728
1790504441.319380283,0.296869933522,0.061998173873,-0.291470559946,0.400434513,-0.580778517,0.093152818,0.702617298
1790504441.352716208,0.298321971749,0.063505074140,-0.291350273678,0.398269014,-0.581390713,0.092111525,0.703478570
1790504441.386052608,0.299825973515,0.064933080990,-0.291291748203,0.396332239,-0.582244466,0.090857634,0.704029139
1790504441.419387341,0.301367668681,0.066364456432,-0.291297171196,0.394799859,-0.582774502,0.088940617,0.704696046
1790504441.452723742,0.302900977261,0.067810076657,-0.291337751444,0.393854922,-0.582935144,0.087783632,0.705236806
1790504441.486059904,0.304432745316,0.069291272629,-0.291359049873,0.394055338,-0.582943673,0.085345068,0.705417099
1790504441.519395828,0.305986241162,0.070824270722,-0.291316237871,0.393122757,-0.582662128,0.084154509,0.706312510
1790504441.552731037,0.307491239501,0.072355953901,-0.291230104660,0.391593399,-0.582968765,0.083034225,0.707041263
1790504441.586066961,0.308852177582,0.073807018534,-0.291188997915,0.389969955,-0.582030081,0.082491517,0.708773285
1790504441.619403124,0.310058645232,0.075136357439,-0.291277469856,0.388979673,-0.581532459,0.082405236,0.709735295
1790504441.652738094,0.311193650215,0.076363760645,-0.291532175927,0.387079379,-0.581014077,0.082253744,0.711214819
1790504441.686074257,0.312364377652,0.077548756831,-0.291930647612,0.385555505,-0.580629658,0.080616041,0.712542776
1790504441.719410181,0.313619697843,0.078737441505,-0.292387458550,0.383991720,-0.580013579,0.078086242,0.714168849
1790504441.752746344,0.314944941778,0.079954707281,-0.292795245252,0.382873195,-0.579466050,0.076470467,0.715387644
1790504441.786081314,0.316290089873,0.081223577860,-0.293094950393,0.381835159,-0.579269786,0.075189230,0.716236697
1790504441.819417477,0.317594234369,0.082567743616,-0.293306494927,0.379572004,-0.579266112,0.073730967,0.717592927
1790504441.852753639,0.318785074268,0.083990364061,-0.293488079912,0.379187626,-0.579484821,0.071510973,0.717844181
1790504441.886089563,0.319789093791,0.085439978792,-0.293657571930,0.378288695,-0.580044034,0.071110875,0.717906558
1790504441.919424772,0.320619966183,0.086865655247,-0.293815297041,0.375638633,-0.580870916,0.071448211,0.718595679
1790504441.952760696,0.321373476506,0.088274419786,-0.293994813038,0.373476837,-0.581165902,0.071048994,0.719522958
1790504441.986096859,0.322088424150,0.089656825299,-0.294222440051,0.371934729,-0.581428966,0.068939999,0.720313953
1790504442.019431829,0.322699916545,0.090903346761,-0.294487626995,0.371457086,-0.580755925,0.067448497,0.721243987
1790504442.052770138,0.323093036272,0.091831159301,-0.294762667506,0.371387932,-0.579783267,0.066114275,0.722185067
1790504442.086108446,0.323186714257,0.092287423348,-0.295015470336,0.372073682,-0.578880783,0.066447955,0.722525351
1790504442.119446516,0.323005723502,0.092262436788,-0.295256920272,0.370921517,-0.579118428,0.067494732,0.722830226
1790504442.152783871,0.322672873961,0.091910830143,-0.295562347127,0.371573791,-0.578742609,0.069533619,0.722602924
1790504442.186122179,0.322280368180,0.091399389685,-0.295962074012,0.373568338,-0.576941339,0.069231958,0.723043791
1790504442.219460487,0.321866439454,0.090817921791,-0.296378842730,0.373698182,-0.575650734,0.070018856,0.723929044
1790504442.252798796,0.321467384241,0.090219627979,-0.296755852226,0.373873167,-0.574881381,0.071151789,0.724339476
1790504442.286136150,0.321077655389,0.089630933696,-0.297161371771,0.373926790,-0.574306892,0.071641049,0.724719194
1790504442.319474697,0.320639629260,0.088989342048,-0.297714357417,0.374094349,-0.573180317,0.071758033,0.725512596
1790504442.352813005,0.320077656741,0.088155135878,-0.298501449797,0.374276689,-0.572250012,0.072114261,0.726117358
1790504442.386150360,0.319326001180,0.087016974700,-0.299574151210,0.374749581,-0.570851681,0.073389791,0.726845959
1790504442.419488668,0.318373457817,0.085571432033,-0.300953910131,0.373756085,-0.569803355,0.075335031,0.727980191
1790504442.452827454,0.317257270346,0.083908726358,-0.302625497781,0.374090759,-0.568053171,0.078087996,0.728885426
1790504442.486165762,0.316061186361,0.082159961280,-0.304549343530,0.375668660,-0.565279406,0.082836413,0.729705680
1790504442.519503117,0.314916007843,0.080416653399,-0.306693486337,0.377865688,-0.561940445,0.085786768,0.730808517
1790504442.552841902,0.313913632198,0.078688523145,-0.309050010736,0.378466912,-0.558425807,0.089734348,0.732714925
1790504442.586180449,0.313098054246,0.076974725145,-0.311648501541,0.376796199,-0.555242165,0.094104491,0.735442117
1790504442.619517803,0.312491137016,0.075282079020,-0.314539341235,0.377536724,-0.550972210,0.097325128,0.737850571
1790504442.652856350,0.312052822241,0.073598934686,-0.317752422676,0.376498287,-0.548088710,0.100479518,0.740102474
1790504442.686195135,0.311740615267,0.071942653928,-0.321262182749,0.379944744,-0.543498297,0.101221235,0.741623795
1790504442.719533682,0.311571635176,0.070364626754,-0.324999098383,0.380936908,-0.540279535,0.105208359,0.742910692
1790504442.752871275,0.311608506876,0.068892428693,-0.328857048360,0.377588054,-0.538566443,0.106818008,0.745629507
1790504442.786210299,0.311916868560,0.067562271320,-0.332771463399,0.377584539,-0.534228164,0.111807719,0.748016858
1790504442.819548845,0.312485388785,0.066450166438,-0.336752400675,0.372533171,-0.533221514,0.114217231,0.750898314
1790504442.852887392,0.313235872306,0.065619139493,-0.340819474042,0.370975923,-0.530933861,0.116230252,0.752978505
1790504442.886225224,0.314060090594,0.065029038693,-0.344964707641,0.370881319,-0.527933957,0.115854751,0.755189023
1790504442.919564009,0.314878568597,0.064540585036,-0.349123246390,0.372906301,-0.521885491,0.117646877,0.758113209
1790504442.952902794,0.315670629779,0.064064162734,-0.353189941778,0.373989291,-0.517494699,0.120802667,0.760090759
1790504442.986240387,0.316563125248,0.063650518284,-0.357108746495,0.372616322,-0.514630358,0.122187067,0.762484749
1790504443.019579411,0.317733246811,0.063396261140,-0.360915600971,0.370289761,-0.511870990,0.124396391,0.765113796
1790504443.052915335,0.319206076456,0.063341850781,-0.364685185541,0.368710111,-0.509542483,0.125079761,0.767316340
1790504443.086251020,0.320840739326,0.063440229184,-0.368448905974,0.368335322,-0.506757078,0.124611790,0.769414229
1790504443.119585752,0.322478950297,0.063589117918,-0.372189498080,0.367681661,-0.504141857,0.126183156,0.771186745
1790504443.152921677,0.324104520287,0.063717269502,-0.375901036006,0.366308651,-0.503503964,0.126304459,0.772236307
1790504443.186257362,0.325804824217,0.063796962636,-0.379590392507,0.365296105,-0.501724691,0.128786858,0.773463015
1790504443.219593287,0.327600972981,0.063805692721,-0.383268077647,0.361193686,-0.500976299,0.130892476,0.775518555
1790504443.252928019,0.329433222283,0.063756800980,-0.386950798495,0.358137782,-0.499852567,0.133201550,0.777265777
1790504443.286263704,0.331251266456,0.063739877661,-0.390657738036,0.359000592,-0.496825638,0.134500414,0.778583649
1790504443.319599628,0.333091807991,0.063883036858,-0.394410285225,0.355450501,-0.494793139,0.136311952,0.781187393
1790504443.352934361,0.335019362041,0.064266172570,-0.398212602413,0.353267830,-0.491364757,0.136438672,0.784313078
1790504443.386270046,0.337032271187,0.064883366752,-0.402055763224,0.350590547,-0.488000106,0.138355161,0.787273786
1790504443.419605732,0.339126941124,0.065678541330,-0.405917635313,0.348773161,-0.486028414,0.137416992,0.789461990
1790504443.452941656,0.341305355704,0.066595020206,-0.409779058252,0.345441374,-0.483852330,0.138515850,0.792067256
1790504443.486276388,0.343553919091,0.067603686668,-0.413633047790,0.342569365,-0.481554747,0.139637919,0.794514007
1790504443.519612074,0.345836829621,0.068705002828,-0.417484628476,0.338889862,-0.479811455,0.139285761,0.797203930
1790504443.552947760,0.348095930516,0.069895806095,-0.421316389936,0.336701978,-0.476955608,0.139954576,0.799723604
1790504443.586283445,0.350335812678,0.071175545073,-0.425110185547,0.335874345,-0.474920567,0.140208463,0.801236835
1790504443.619618177,0.352613295553,0.072569091538,-0.428851796812,0.332833121,-0.473326757,0.139766971,0.803522924
1790504443.652954102,0.354909256364,0.074105849542,-0.432543218518,0.329270604,-0.470873612,0.141110308,0.806192776
1790504443.686289787,0.357169566598,0.075828062848,-0.436248289246,0.326417511,-0.468585914,0.140948446,0.808710322
1790504443.719624519,0.359380291863,0.077771087540,-0.440013128627,0.324133094,-0.465726371,0.139644670,0.811502342
1790504443.752960205,0.361553268491,0.079945748672,-0.443804397651,0.322684371,-0.462259982,0.139141841,0.814143755
1790504443.786295891,0.363721101519,0.082345773013,-0.447555460628,0.321069888,-0.459833585,0.137255738,0.816472941
1790504443.819631577,0.365916855083,0.084952784928,-0.451199430695,0.318424612,-0.456541678,0.136380212,0.819497346
1790504443.852966309,0.368175489082,0.087750344568,-0.454699318343,0.317230086,-0.453900290,0.135562396,0.821560975
1790504443.886301994,0.370542631663,0.090731467077,-0.458040054978,0.315460064,-0.451439259,0.133718214,0.823897435
1790504443.919637680,0.373008418444,0.093886923751,-0.461170455339,0.312835396,-0.450820855,0.129858225,0.825851932
1790504443.952972412,0.375547228102,0.097207999538,-0.464051953047,0.309646195,-0.449855270,0.129654228,0.827610567
1790504443.986308098,0.378129948729,0.100640363839,-0.466709538939,0.307631838,-0.449847504,0.126251796,0.828891042
1790504444.019643784,0.380652526985,0.104066696629,-0.469180036400,0.303787727,-0.449417526,0.124678357,0.830778076
1790504444.052978992,0.383010810187,0.107401838620,-0.471489496604,0.302238749,-0.448002373,0.123331357,0.832307028
1790504444.086313009,0.385170054787,0.110624481238,-0.473632605315,0.301419917,-0.445699791,0.120582345,0.834240749
1790504444.119648218,0.387159575534,0.113742454502,-0.475570267902,0.298933283,-0.443805753,0.119731554,0.836265329
1790504444.152983427,0.389068412363,0.116800751735,-0.477338804190,0.296053083,-0.442693091,0.117620977,0.838177013
1790504444.186318636,0.390913179363,0.119813062136,-0.478992353445,0.294559518,-0.441205150,0.114697417,0.839891188
1790504444.219652891,0.392626325869,0.122722870367,-0.480489433576,0.294353383,-0.439839084,0.113298525,0.840869259
1790504444.252987862,0.394194822745,0.125484439047,-0.481745307957,0.293145095,-0.439462030,0.109992320,0.841926818
1790504444.286323071,0.395670275832,0.128120335477,-0.482706177381,0.291394213,-0.439067670,0.109509117,0.842802911
1790504444.319657326,0.397102091959,0.130717340755,-0.483397333248,0.289588546,-0.439148587,0.108143910,0.843559060
1790504444.352992535,0.398514551639,0.133337434813,-0.483892138569,0.288117381,-0.439334137,0.106440441,0.844182636
1790504444.386327505,0.399877524476,0.135897633358,-0.484206565052,0.286353260,-0.439248106,0.104233688,0.845102509
1790504444.419662714,0.401107531205,0.138217859846,-0.484286080885,0.284344667,-0.439680092,0.101873492,0.845843555
1790504444.452996492,0.402127718836,0.140172031549,-0.484104349642,0.282314943,-0.440631658,0.101633161,0.846057159
1790504444.486331701,0.402922808051,0.141746473217,-0.483736425109,0.280574386,-0.441245340,0.101023412,0.846389292
1790504444.519666910,0.403514449071,0.142978679598,-0.483290797061,0.279945655,-0.441669201,0.100758927,0.846407931
1790504444.553001881,0.403951118880,0.143918894641,-0.482822977751,0.280869822,-0.442253151,0.099548219,0.845939978
1790504444.586336136,0.404306797227,0.144608909551,-0.482337887427,0.281133775,-0.443396366,0.098534449,0.845372359
1790504444.619671106,0.404598940199,0.145038868535,-0.481866986329,0.279874290,-0.444438217,0.097730868,0.845336460
1790504444.653006077,0.404727831350,0.145141659485,-0.481496616288,0.279549540,-0.445085802,0.097261341,0.845157332
1790504444.686340332,0.404547042588,0.144824169697,-0.481294290144,0.279359700,-0.445227300,0.097511073,0.845116797
1790504444.719675303,0.403969354073,0.143981412447,-0.481267825008,0.280504745,-0.445453996,0.098691230,0.844480827
1790504444.753010511,0.402972841215,0.142483743164,-0.481336547357,0.283312903,-0.445147103,0.100963532,0.843435961
1790504444.786345482,0.401588549237,0.140245001580,-0.481398133348,0.285392163,-0.445092422,0.104446631,0.842338976
1790504444.819679499,0.399847488080,0.137267677011,-0.481411031255,0.287487569,-0.444946993,0.108172778,0.841232263
1790504444.853014708,0.397735321055,0.133590145331,-0.481367148311,0.290403412,-0.444574730,0.112873966,0.839808690
1790504444.886349678,0.395245655154,0.129287035111,-0.481268794358,0.291770236,-0.444854484,0.116468735,0.838695207
1790504444.919684649,0.392411930073,0.124469523765,-0.481133005711,0.293110482,-0.444402522,0.121897565,0.837695426
1790504444.953018665,0.389274375056,0.119231316892,-0.480939603422,0.297812762,-0.442778599,0.127434360,0.836071261
1790504444.986353397,0.385887788680,0.113633992081,-0.480605336645,0.300171902,-0.442304594,0.131527378,0.834843712
1790504445.019688606,0.382324003387,0.107724667555,-0.480043331560,0.305836904,-0.441301948,0.141662998,0.831653759
1790504445.053024530,0.378588742998,0.101530493199,-0.479205446290,0.307103811,-0.441355489,0.149925263,0.829707778
1790504445.086361170,0.374656384403,0.095067768907,-0.478064969762,0.310987809,-0.441021263,0.156123286,0.827292178
1790504445.119698048,0.370482061082,0.088371547711,-0.476615416372,0.314875861,-0.441073666,0.165116875,0.824041037
1790504445.153034687,0.366004386987,0.081486653194,-0.474849216740,0.319704380,-0.441051204,0.169663810,0.821265570
1790504445.186370611,0.361194478919,0.074457610335,-0.472727210788,0.323034050,-0.440494899,0.179166440,0.818237516
1790504445.219707251,0.356085797912,0.067347193490,-0.470183526176,0.331457095,-0.440578577,0.184955759,0.813522021
1790504445.253044128,0.350725654656,0.060261056550,-0.467196580482,0.337154879,-0.439571834,0.195342457,0.809286423
1790504445.286379814,0.345146600713,0.053311308953,-0.463753239083,0.340520197,-0.441022960,0.199293588,0.806118359
1790504445.319716692,0.339433313989,0.046612585140,-0.459879388011,0.341884930,-0.444656913,0.199544586,0.803477991
1790504445.353053808,0.333700072499,0.040273350349,-0.455614046406,0.346909305,-0.446946989,0.205552513,0.798523943
1790504445.386390448,0.328019992185,0.034367262645,-0.450981808513,0.350295586,-0.447919674,0.210272048,0.795265134
1790504445.419726372,0.322483725971,0.028917734151,-0.446078840053,0.356023929,-0.450300665,0.215433594,0.789977620
1790504445.453063011,0.317165687338,0.023851186461,-0.441015740014,0.362046976,-0.452249496,0.217894250,0.785439034
1790504445.486399889,0.312050951050,0.019018974065,-0.435790843710,0.366906186,-0.454360714,0.219935794,0.781386229
1790504445.519736767,0.307064823530,0.014314698457,-0.430349567607,0.371340757,-0.457168016,0.222056263,0.777042124
1790504445.553072453,0.302116371656,0.009701297250,-0.424672495182,0.376028325,-0.460542371,0.224360487,0.772117734
1790504445.586409330,0.297126558788,0.005165499695,-0.418754325712,0.381269267,-0.464606574,0.226656545,0.766421090
1790504445.619746447,0.292037861910,0.000713569590,-0.412577085757,0.386625707,-0.468519185,0.229738363,0.760414769
1790504445.653082132,0.286810633004,-0.003610455293,-0.406128944484,0.390816158,-0.473033570,0.233052596,0.754445797
1790504445.686419010,0.281500228300,-0.007712029316,-0.399494068090,0.397219812,-0.478055374,0.235882336,0.747020082
1790504445.719755888,0.276270482765,-0.011511207078,-0.392845289662,0.406745842,-0.484034073,0.236158021,0.737901230
1790504445.753092527,0.271233004962,-0.015008361692,-0.386289740315,0.417975694,-0.491859989,0.232481747,0.727545399
1790504445.786428452,0.266302323022,-0.018260102672,-0.379752998940,0.427274951,-0.498705758,0.228997990,0.718532257
1790504445.819765329,0.261328097423,-0.021333450202,-0.373102078546,0.435806071,-0.504730850,0.227982177,0.709467381
1790504445.853102207,0.256320847557,-0.024300601974,-0.366330021063,0.443053898,-0.511135981,0.228736795,0.700087659
1790504445.886438847,0.251408724950,-0.027242139218,-0.359549723505,0.451784194,-0.517687330,0.228329290,0.689751119
1790504445.919775009,0.246606553266,-0.030200492945,-0.352885205952,0.456401286,-0.522489486,0.228608771,0.682964591
1790504445.953111887,0.241802359038,-0.033163764707,-0.346399869563,0.460712632,-0.528324774,0.229701078,0.675169770
1790504445.986448765,0.236956718697,-0.036098488443,-0.340136897222,0.464927896,-0.533689954,0.230657415,0.667693224
1790504446.019784451,0.232083363332,-0.038972307387,-0.334110233692,0.471041868,-0.537784515,0.229206471,0.660584414
1790504446.053122044,0.227125054961,-0.041771856798,-0.328250959812,0.476514980,-0.541452925,0.229168696,0.653638977
1790504446.086459637,0.222049508162,-0.044501635358,-0.322481182888,0.480561011,-0.544407747,0.229747692,0.647994844
1790504446.119797468,0.216837418032,-0.047148322299,-0.316845833260,0.485149032,-0.547028169,0.227751382,0.643055135
1790504446.153134108,0.211431614247,-0.049674650276,-0.311383333452,0.491187858,-0.549551191,0.226117524,0.636866424
1790504446.186471701,0.205858591774,-0.052098907739,-0.305976556509,0.497369198,-0.551003914,0.224722545,0.631283094
1790504446.219809294,0.200233680772,-0.054511283989,-0.300467712732,0.501020191,-0.553935958,0.224341016,0.625943153
1790504446.253146648,0.194654628003,-0.056959455998,-0.294827696747,0.503650277,-0.556027363,0.225037287,0.621713913
1790504446.286483288,0.189180111925,-0.059385228327,-0.289126243282,0.504418384,-0.565062651,0.220661492,0.614471155
1790504446.319821119,0.183858787575,-0.061720564905,-0.283403646242,0.509552771,-0.566475643,0.224503458,0.607502688
1790504446.353158712,0.178689633967,-0.063931461630,-0.277696458358,0.510428980,-0.571572783,0.226266491,0.601307147
1790504446.386495352,0.173660704525,-0.065931397751,-0.272069069170,0.518825263,-0.574436921,0.224564504,0.591957223
1790504446.419832945,0.168743984663,-0.067580663158,-0.266601296587,0.527380480,-0.579424008,0.221514054,0.580576585
1790504446.453170538,0.163966959313,-0.068853972313,-0.261285381363,0.534899484,-0.582451122,0.218590070,0.571709379
1790504446.486508369,0.159367750626,-0.069855550442,-0.255984549328,0.541125330,-0.585928374,0.215293563,0.563489130
1790504446.519845009,0.154900213584,-0.070695395081,-0.250525726984,0.546944100,-0.589626609,0.212827964,0.554884557
1790504446.553182840,0.150488062983,-0.071477618360,-0.244869994915,0.550510304,-0.593040450,0.211187883,0.548307494
1790504446.586520433,0.146092510376,-0.072282421933,-0.239147054209,0.552466707,-0.595305709,0.212184217,0.543479078
1790504446.619857073,0.141752851768,-0.073137627467,-0.233490641584,0.554756184,-0.599281012,0.212423721,0.536641414
1790504446.653194904,0.137600379475,-0.074021459614,-0.227985690306,0.554080689,-0.603866226,0.212650857,0.532090015
1790504446.686532497,0.133698533046,-0.074874125025,-0.222672457796,0.555660823,-0.608333812,0.210937726,0.526000284
1790504446.719870090,0.130080402645,-0.075629806409,-0.217601217747,0.556213561,-0.613810417,0.211617194,0.518730575
1790504446.753206730,0.126803606954,-0.076269196234,-0.212829503889,0.557587671,-0.618097041,0.209071857,0.513167609
1790504446.786544561,0.123734510860,-0.076793902919,-0.208399599886,0.559651798,-0.619199974,0.208672849,0.509741993
1790504446.819882393,0.120721374869,-0.077202027746,-0.204333286713,0.561249666,-0.623462033,0.207121512,0.503383140
1790504446.853219986,0.117880538570,-0.077538465039,-0.200615094786,0.563387542,-0.623421483,0.206840777,0.501155689
1790504446.886556864,0.115302000282,-0.077876923215,-0.197130317891,0.565530117,-0.625916350,0.202477916,0.497400345
1790504446.919894457,0.112920719782,-0.078253860261,-0.193641854886,0.567020296,-0.628536498,0.200380779,0.493231587
1790504446.953232288,0.110666740812,-0.078630065894,-0.189915700195,0.566420022,-0.631510973,0.199789482,0.490353355
1790504446.986569166,0.108497431932,-0.078893442133,-0.185873317645,0.565668416,-0.637225752,0.197279414,0.484812764
1790504447.019906759,0.106358574464,-0.078951670236,-0.181607596555,0.567312885,-0.639634691,0.195862296,0.480272332
1790504447.053245068,0.104142903329,-0.078804039727,-0.177274184822,0.567909183,-0.643969336,0.193081007,0.474870907
1790504447.086583853,0.101789603229,-0.078511799669,-0.173053724221,0.572206271,-0.639556682,0.196472067,0.474284684
1790504447.119921207,0.099309940784,-0.078147765233,-0.169127140340,0.574016658,-0.641364301,0.194989603,0.470250746
1790504447.153259754,0.096761683333,-0.077794411073,-0.165527168309,0.576758745,-0.642555922,0.193892988,0.465700275
1790504447.186598063,0.094243274803,-0.077484048823,-0.162186748213,0.579126702,-0.644483402,0.192591667,0.460610309
1790504447.219936848,0.091844851337,-0.077158488314,-0.159063411945,0.583141101,-0.644617218,0.191475874,0.455798297
1790504447.253274202,0.089564880592,-0.076700948244,-0.156142420050,0.588509525,-0.645151313,0.186515265,0.450164833
1790504447.286612749,0.087395245743,-0.076046301440,-0.153349601053,0.592940070,-0.645540519,0.182844016,0.445272477
1790504447.319951534,0.085361028704,-0.075220325113,-0.150569021091,0.595796750,-0.646887586,0.180499997,0.440434370
1790504447.353288889,0.083455424655,-0.074266106986,-0.147761415102,0.597566411,-0.648215276,0.179032547,0.436667709
1790504447.386627436,0.081655740340,-0.073196655483,-0.144968476734,0.598086141,-0.650443754,0.177488766,0.433259309
1790504447.419965982,0.079923730349,-0.072013795550,-0.142223794137,0.599360520,-0.652457125,0.175856587,0.429116683
1790504447.453304768,0.078167786256,-0.070762690486,-0.139522089550,0.601590273,-0.653440072,0.174876095,0.424880650
1790504447.486642122,0.076352686851,-0.069554305849,-0.136819090731,0.602512875,-0.656269960,0.173879212,0.419587886
1790504447.519980669,0.074526332690,-0.068504513375,-0.134046976274,0.602720517,-0.657906550,0.175527239,0.416025406
1790504447.553319454,0.072709250902,-0.067635844247,-0.131169366605,0.603065368,-0.660523230,0.177164581,0.410650625
1790504447.586658001,0.070929704974,-0.066895125265,-0.128196600003,0.602758389,-0.664017461,0.179096076,0.404583406
1790504447.619995594,0.069269092806,-0.066230976372,-0.125185001619,0.601577718,-0.667416111,0.180826967,0.399951987
1790504447.653334141,0.067808953110,-0.065595083170,-0.122209001485,0.601921095,-0.671105177,0.180062831,0.393555858
1790504447.686672926,0.066589950351,-0.064935798270,-0.119332157837,0.601607458,-0.673820477,0.179424046,0.389668376
1790504447.720010519,0.065563633241,-0.064237558924,-0.116636058282,0.602998296,-0.674619379,0.179318512,0.386169158
1790504447.753349304,0.064619606596,-0.063536955001,-0.114193308589,0.604101293,-0.675558991,0.178331130,0.383248857
1790504447.786688089,0.063731610905,-0.062877982604,-0.111964037295,0.603775472,-0.677735112,0.176957478,0.380547432
1790504447.820026636,0.062878974689,-0.062223992825,-0.109805744927,0.604147778,-0.679953567,0.175367868,0.376715701
1790504447.853364229,0.061990945207,-0.061462128186,-0.107607572714,0.604641719,-0.682368423,0.172849495,0.372699313
1790504447.886703014,0.061050015157,-0.060469450455,-0.105378395602,0.606192418,-0.683094441,0.171631498,0.369398654
1790504447.920041800,0.060071373766,-0.059168289450,-0.103196841178,0.609616811,-0.678128007,0.173648524,0.371962284
1790504447.953379393,0.059131992372,-0.057564340720,-0.101053982516,0.592159720,-0.700849541,0.161612162,0.363370742
1790504447.986718178,0.058439876707,-0.055740673192,-0.098814658621,0.601865653,-0.691773180,0.164250805,0.363633436
1790504448.020056963,0.057979340808,-0.053741206180,-0.096557081900,0.607828945,-0.686561695,0.164650331,0.363410624
1790504448.053392410,0.057581681978,-0.051618276396,-0.094371799924,0.611805813,-0.683871827,0.165023146,0.361635634
1790504448.086726665,0.057127345749,-0.049447093934,-0.092259410709,0.614582665,-0.684016379,0.163851708,0.357158732
1790504448.120062113,0.056634046181,-0.047358567317,-0.090158620299,0.616533957,-0.684516302,0.162723186,0.353333380
1790504448.153397322,0.056191888499,-0.045489089243,-0.087995054272,0.616748392,-0.685805041,0.162446138,0.350576836
1790504448.186732769,0.055855598766,-0.043849231263,-0.085771861219,0.615814503,-0.688178808,0.161732422,0.347886548
1790504448.220066786,0.055611489946,-0.042328771024,-0.083596883268,0.614782502,-0.690799968,0.160508557,0.345072287
1790504448.253401995,0.055413340928,-0.040796181373,-0.081612719921,0.615262533,-0.692490608,0.158386797,0.341792914
1790504448.286737442,0.055221252190,-0.039172751716,-0.079939624012,0.617198857,-0.692920094,0.155613952,0.338691027
1790504448.320071697,0.055007934404,-0.037456723834,-0.078630495274,0.620185441,-0.692312192,0.152010157,0.336105280
1790504448.353406906,0.054706429366,-0.035714016696,-0.077662985301,0.624085051,-0.690560134,0.148383412,0.334106141
1790504448.386742115,0.054199241751,-0.034024701996,-0.076957485641,0.626387556,-0.689975289,0.146375403,0.331883973
1790504448.420077324,0.053413124719,-0.032412198741,-0.076400925631,0.629872373,-0.688037888,0.146301182,0.329333604
1790504448.453411579,0.052404269283,-0.030840578479,-0.075880950333,0.632889600,-0.687446235,0.146553837,0.324638879
1790504448.486746788,0.051383152728,-0.029278983135,-0.075280773862,0.635448313,-0.687288975,0.146137299,0.320129967
1790504448.520081997,0.050521832238,-0.027729711739,-0.074503228555,0.637511381,-0.687001600,0.144031996,0.317589082
1790504448.553417206,0.049763061590,-0.026205756177,-0.073484646084,0.638311410,-0.687237518,0.144143446,0.315413703
1790504448.586751461,0.049005869587,-0.024722594508,-0.072226395414,0.636648892,-0.690025980,0.144440483,0.312536849
1790504448.620086670,0.048261438833,-0.023305869542,-0.070840081729,0.636497568,-0.691305874,0.144841828,0.309819108
1790504448.653421879,0.047530165464,-0.021988895700,-0.069490358770,0.636774912,-0.692670370,0.144184624,0.306490235
1790504448.686755896,0.046779272603,-0.020769975675,-0.068288123306,0.637891547,-0.692835108,0.145703944,0.303058161
1790504448.720091105,0.046063405718,-0.019602676531,-0.067276099169,0.637301656,-0.695010042,0.145161775,0.299559176
1790504448.753426313,0.045490124592,-0.018431201585,-0.066460627154,0.639049998,-0.695186129,0.143327315,0.296291456
1790504448.786761284,0.045076150420,-0.017205814976,-0.065839232655,0.640892513,-0.694721168,0.140658748,0.294676776
1790504448.820095539,0.044755970064,-0.015915476411,-0.065390077422,0.643331784,-0.693138682,0.139298804,0.293732577
1790504448.853430510,0.044499966565,-0.014624958242,-0.065031884261,0.644729802,-0.692859776,0.137631525,0.292106790
1790504448.886765480,0.044336296779,-0.013444800149,-0.064609064588,0.645766852,-0.691917122,0.137581370,0.292074024
1790504448.920100689,0.044215745327,-0.012480191485,-0.064017548362,0.644531014,-0.693367209,0.136995487,0.291640055
1790504448.953434467,0.044005062139,-0.011812142222,-0.063294234427,0.643363880,-0.695403170,0.136882049,0.289414328
1790504448.986769438,0.043645873889,-0.011499701481,-0.062567275513,0.642781311,-0.697095371,0.136328298,0.286888174
1790504449.020104647,0.043175883421,-0.011535389888,-0.062002365521,0.643547425,-0.697099791,0.136812843,0.284922514
1790504449.053443909,0.042621114794,-0.011844566385,-0.061741269835,0.643096554,-0.698994808,0.134460884,0.282406358
1790504449.086784124,0.041976300892,-0.012340544240,-0.061824541372,0.645210762,-0.698793742,0.132215067,0.279122831
1790504449.120124817,0.041258487518,-0.012933692755,-0.062186759598,0.646902503,-0.698435079,0.130222045,0.277033954
1790504449.153465033,0.040555561779,-0.013545086379,-0.062679483082,0.650875444,-0.696480301,0.127677006,0.273815501
1790504449.186804771,0.039902539206,-0.014185491515,-0.063164220113,0.653924410,-0.694708861,0.126085624,0.271780940
1790504449.220145226,0.039189434585,-0.015005664432,-0.063603206425,0.654906349,-0.694969425,0.123678743,0.269849479
1790504449.253485918,0.038272437163,-0.016202539846,-0.064047479453,0.656115227,-0.695320298,0.122242678,0.266644368
1790504449.286825418,0.037075401799,-0.017887982097,-0.064539026267,0.656443049,-0.696097744,0.122268194,0.263781999
1790504449.320166111,0.035647705567,-0.020044553491,-0.065082624958,0.656387189,-0.696950185,0.121785800,0.261886459
1790504449.353506804,0.034139585053,-0.022557453915,-0.065696477579,0.656774432,-0.697094508,0.122723136,0.260087722
1790504449.386847496,0.032725825579,-0.025312372278,-0.066400606194,0.659363749,-0.696198785,0.121776076,0.256353830
1790504449.420187235,0.031527715670,-0.028282542499,-0.067182154926,0.663594335,-0.693544411,0.120125825,0.253393951
1790504449.453528166,0.030513388078,-0.031524711700,-0.068016779989,0.667543419,-0.691486659,0.117145739,0.250017720
1790504449.486868858,0.029516231976,-0.035122105830,-0.068914571530,0.671310965,-0.689147077,0.116810187,0.246522362
1790504449.520209789,0.028400341635,-0.039124823161,-0.069922227739,0.673021876,-0.688617076,0.117521272,0.242974953
1790504449.553549767,0.027177483059,-0.043479252936,-0.071084553639,0.673642415,-0.689165247,0.119070457,0.238912923
1790504449.586890697,0.025939525412,-0.048005754767,-0.072431913393,0.674208075,-0.689452479,0.119137183,0.236442556
1790504449.620231628,0.024781781834,-0.052483885821,-0.073973203868,0.676716709,-0.688175317,0.119364959,0.232854536
1790504449.653571844,0.023800175063,-0.056761345693,-0.075674506566,0.679570862,-0.686218367,0.118680754,0.230657051
1790504449.686912775,0.023100662047,-0.060744774752,-0.077448874129,0.682736901,-0.684339163,0.117196243,0.227629686
1790504449.720254183,0.022710860118,-0.064366550878,-0.079193960897,0.686323127,-0.683832346,0.109690643,0.222040203
1790504449.753595114,0.022510661471,-0.067616638110,-0.080856584380,0.690968162,-0.680071163,0.107277715,0.220358127
1790504449.786935568,0.022302067453,-0.070590774029,-0.082422135684,0.696250422,-0.677398465,0.100655980,0.215023355
1790504449.820276737,0.021958013640,-0.073453868580,-0.083853001333,0.699725031,-0.675142472,0.098038775,0.212028117
1790504449.853618145,0.021404384168,-0.076346627463,-0.085113818280,0.702551431,-0.673023154,0.096802896,0.209977429
1790504449.886959553,0.020628641567,-0.079349382818,-0.086226303019,0.703472156,-0.672648830,0.097205938,0.207897771
1790504449.920299768,0.019706826531,-0.082483172564,-0.087237952795,0.703437871,-0.673438066,0.097646377,0.205235274
1790504449.953641176,0.018717738061,-0.085721718832,-0.088188876786,0.703952621,-0.673559727,0.097959313,0.202908783
1790504449.986982584,0.017670153820,-0.088953054149,-0.089106323389,0.703590415,-0.674538179,0.097873616,0.200946581
1790504450.020323277,0.016790328960,-0.091455150351,-0.089821965921,0.703731396,-0.675026390,0.099570365,0.197957666
