t_sec,x,y,z,qw,qx,qy,qz
1790503940.795087099,0.013578651509,0.009036810664,-0.024634033648,0.697254907,-0.716814166,0.000500566,-0.003577177
1790503940.828362465,0.013580832485,0.009036768899,-0.024635219397,0.697251828,-0.716817115,0.000497809,-0.003586715
1790503940.861618757,0.013581785414,0.009037228173,-0.024634701899,0.697246094,-0.716822701,0.000504110,-0.003584126
1790503940.894870281,0.013581358953,0.009038637649,-0.024633237447,0.697255694,-0.716813457,0.000501251,-0.003565616
1790503940.928116322,0.013580843171,0.009038447274,-0.024631792212,0.697250523,-0.716818478,0.000500938,-0.003567441
1790503940.961358309,0.013579801902,0.009036154590,-0.024631679517,0.697250711,-0.716818277,0.000502917,-0.003570768
1790503940.994596004,0.013577341335,0.009033390844,-0.024632464142,0.697244958,-0.716823894,0.000510167,-0.003565494
1790503941.027828932,0.013576772165,0.009031031870,-0.024633028403,0.697248972,-0.716819964,0.000511260,-0.003570573
1790503941.061056137,0.013578505812,0.009028881330,-0.024632505855,0.697238409,-0.716830236,0.000506633,-0.003571608
1790503941.094279766,0.013579759165,0.009028426385,-0.024631911085,0.697243621,-0.716825177,0.000505737,-0.003569681
1790503941.127498865,0.013579484533,0.009028964300,-0.024631590303,0.697247071,-0.716821831,0.000501884,-0.003568121
1790503941.160712242,0.013578171513,0.009029665285,-0.024630920248,0.697243343,-0.716825459,0.000511798,-0.003566439
1790503941.193921566,0.013578396623,0.009031450634,-0.024631468214,0.697251919,-0.716817156,0.000504141,-0.003559763
1790503941.227126598,0.013579992189,0.009033275955,-0.024633416667,0.697253232,-0.716815869,0.000501671,-0.003562149
1790503941.260326862,0.013580323948,0.009034463984,-0.024634580392,0.697254116,-0.716814962,0.000506555,-0.003570806
1790503941.293521643,0.013579242727,0.009034334462,-0.024634009563,0.697260947,-0.716808378,0.000504761,-0.003559053
1790503941.326712608,0.013578129639,0.009032241091,-0.024633021245,0.697254675,-0.716814471,0.000505936,-0.003560404
1790503941.359899044,0.013577999721,0.009030173485,-0.024632279223,0.697251038,-0.716817999,0.000507824,-0.003562040
1790503941.393079758,0.013578605766,0.009029844143,-0.024631900122,0.697253994,-0.716815114,0.000505139,-0.003564414
1790503941.426256895,0.013578743730,0.009030985045,-0.024632307996,0.697256001,-0.716813145,0.000508760,-0.003567233
1790503941.459429264,0.013579420123,0.009032831004,-0.024633220170,0.697260375,-0.716808949,0.000505132,-0.003556027
1790503941.492596865,0.013580967293,0.009034761464,-0.024634202375,0.697264857,-0.716804550,0.000500095,-0.003564634
1790503941.525758743,0.013581229750,0.009035991894,-0.024635046914,0.697264369,-0.716805017,0.000504962,-0.003565330
1790503941.558917284,0.013580484634,0.009036109241,-0.024635380045,0.697270783,-0.716798766,0.000506936,-0.003567550
1790503941.592071056,0.013579986248,0.009035829611,-0.024634439591,0.697263177,-0.716806187,0.000505955,-0.003563184
1790503941.625220060,0.013579998954,0.009036949748,-0.024633045934,0.697270722,-0.716798850,0.000506562,-0.003562593
1790503941.658363581,0.013580007092,0.009037355125,-0.024631886679,0.697265930,-0.716803564,0.000502290,-0.003552652
1790503941.691503286,0.013580083247,0.009036026849,-0.024630817611,0.697262839,-0.716806562,0.000509910,-0.003553278
1790503941.724638462,0.013580069973,0.009033849001,-0.024631173138,0.697258423,-0.716810853,0.000505039,-0.003555059
1790503941.757767916,0.013579669022,0.009031979266,-0.024633354612,0.697248182,-0.716820772,0.000517953,-0.003561714
1790503941.790893555,0.013579878730,0.009031701913,-0.024634513884,0.697252321,-0.716816746,0.000517168,-0.003561607
1790503941.824015617,0.013580784314,0.009032249050,-0.024633657319,0.697245246,-0.716823620,0.000520532,-0.003562869
1790503941.857354403,0.013581617301,0.009033341654,-0.024631674675,0.697246360,-0.716822574,0.000513936,-0.003556301
1790503941.890692234,0.013581148327,0.009033682949,-0.024630878981,0.697251885,-0.716817215,0.000518271,-0.003552549
1790503941.924031019,0.013579890398,0.009032937040,-0.024631313270,0.697238188,-0.716830510,0.000527124,-0.003556723
1790503941.957369804,0.013578527061,0.009033141786,-0.024631529868,0.697247961,-0.716821019,0.000515242,-0.003555580
1790503941.990708828,0.013576346880,0.009032454903,-0.024631156405,0.697247874,-0.716821127,0.000516013,-0.003550581
1790503942.024046659,0.013574980003,0.009030615529,-0.024631476377,0.697239945,-0.716828787,0.000524825,-0.003560180
1790503942.057385445,0.013575746058,0.009030287247,-0.024632323383,0.697240865,-0.716827852,0.000518310,-0.003568937
1790503942.090724468,0.013577391633,0.009031592149,-0.024632094704,0.697241168,-0.716827527,0.000518667,-0.003575165
1790503942.124062300,0.013578037427,0.009033215016,-0.024631009742,0.697246179,-0.716822683,0.000506192,-0.003570742
1790503942.157401085,0.013576802607,0.009033164667,-0.024630394404,0.697250369,-0.716818651,0.000503802,-0.003562270
1790503942.190740108,0.013575955530,0.009031132498,-0.024630533806,0.697238318,-0.716830259,0.000513912,-0.003583907
1790503942.224079132,0.013577236438,0.009029892059,-0.024631842109,0.697241818,-0.716826838,0.000511946,-0.003587431
1790503942.257416964,0.013579839458,0.009030513235,-0.024632875600,0.697241089,-0.716827532,0.000504173,-0.003591447
1790503942.290755749,0.013581640935,0.009032502945,-0.024632540984,0.697243320,-0.716825343,0.000505261,-0.003595285
1790503942.324094772,0.013581773855,0.009033869192,-0.024632445912,0.697253471,-0.716815554,0.000496653,-0.003579543
1790503942.357433796,0.013580318949,0.009032386018,-0.024633376602,0.697246179,-0.716822600,0.000504318,-0.003587804
1790503942.390771627,0.013579078455,0.009029911081,-0.024634241878,0.697240370,-0.716828243,0.000515359,-0.003587781
1790503942.424110651,0.013579899845,0.009029338891,-0.024635130935,0.697246939,-0.716821875,0.000511977,-0.003583855
1790503942.457449675,0.013580998562,0.009030495281,-0.024634831678,0.697242975,-0.716825667,0.000515105,-0.003596060
1790503942.490787506,0.013581095269,0.009032962061,-0.024633833716,0.697255550,-0.716813497,0.000507548,-0.003584982
1790503942.524126768,0.013580798469,0.009034804636,-0.024633756288,0.697256430,-0.716812679,0.000516673,-0.003575981
1790503942.557465792,0.013581065572,0.009035111312,-0.024634041106,0.697255300,-0.716813743,0.000514143,-0.003583358
1790503942.590804577,0.013580507499,0.009033709259,-0.024633387127,0.697260639,-0.716808586,0.000512437,-0.003576223
1790503942.624142885,0.013579193359,0.009030868044,-0.024632796876,0.697249012,-0.716819815,0.000526007,-0.003590419
1790503942.657481909,0.013578717288,0.009029256859,-0.024632759008,0.697250269,-0.716818658,0.000514152,-0.003578993
1790503942.690820694,0.013579159483,0.009029625508,-0.024633335010,0.697245639,-0.716823100,0.000517825,-0.003590954
1790503942.724159002,0.013580383142,0.009030549221,-0.024634102512,0.697259422,-0.716809712,0.000510398,-0.003588018
1790503942.757498026,0.013581602979,0.009029729152,-0.024634306062,0.697247582,-0.716821218,0.000509199,-0.003590531
1790503942.790837049,0.013582043359,0.009030580766,-0.024633961269,0.697243533,-0.716825112,0.000513321,-0.003598819
1790503942.824176311,0.013582202390,0.009034537396,-0.024632551752,0.697257535,-0.716811500,0.000508017,-0.003598126
1790503942.857506990,0.013582794790,0.009037234444,-0.024631129151,0.697261870,-0.716807281,0.000499442,-0.003599748
1790503942.890838623,0.013582283831,0.009036169818,-0.024630847129,0.697254810,-0.716814115,0.000499715,-0.003606313
1790503942.924170494,0.013580952635,0.009033378671,-0.024630586844,0.697258368,-0.716810745,0.000505828,-0.003587070
1790503942.957501888,0.013581916635,0.009032105107,-0.024630717423,0.697242927,-0.716825685,0.000498479,-0.003604214
1790503942.990832329,0.013583133045,0.009034151582,-0.024631308940,0.697258153,-0.716810894,0.000497573,-0.003600456
1790503943.024163485,0.013583018288,0.009035298560,-0.024630922875,0.697257143,-0.716811863,0.000499323,-0.003602725
1790503943.057494879,0.013582076348,0.009033748804,-0.024630080499,0.697255484,-0.716813543,0.000496857,-0.003589971
1790503943.090824842,0.013581424398,0.009031348896,-0.024629586322,0.697248333,-0.716820479,0.000498872,-0.003593503
1790503943.124155998,0.013582009630,0.009029989400,-0.024630096656,0.697252353,-0.716816556,0.000498703,-0.003596116
1790503943.157486916,0.013582682418,0.009029745710,-0.024630454287,0.697242045,-0.716826558,0.000501941,-0.003600709
1790503943.190817595,0.013582102483,0.009031279957,-0.024630476968,0.697253904,-0.716815075,0.000495024,-0.003591035
1790503943.224147558,0.013580581106,0.009033102912,-0.024630243202,0.697250992,-0.716817935,0.000498453,-0.003585148
1790503943.257477999,0.013579394904,0.009035062306,-0.024629861889,0.697257474,-0.716811670,0.000497291,-0.003577422
1790503943.290808439,0.013579917915,0.009035921212,-0.024630833260,0.697253832,-0.716815183,0.000498946,-0.003583056
1790503943.324138880,0.013581132378,0.009035090658,-0.024632212264,0.697256594,-0.716812518,0.000493204,-0.003579531
1790503943.357468367,0.013581319883,0.009032857984,-0.024632995512,0.697253916,-0.716815112,0.000496592,-0.003581293
1790503943.390798330,0.013581399225,0.009031092343,-0.024633597514,0.697245053,-0.716823732,0.000493165,-0.003581981
1790503943.424128532,0.013582417849,0.009031042422,-0.024633869463,0.697253104,-0.716815888,0.000498221,-0.003583648
1790503943.457457542,0.013584102331,0.009031454357,-0.024633264061,0.697245753,-0.716823023,0.000490944,-0.003587895
1790503943.490787268,0.013583968770,0.009031628844,-0.024631673266,0.697254546,-0.716814513,0.000489794,-0.003579372
1790503943.524117231,0.013582207177,0.009030435992,-0.024630621818,0.697244374,-0.716824397,0.000494377,-0.003580913
1790503943.557446718,0.013581051130,0.009029740765,-0.024631331279,0.697247153,-0.716821746,0.000493092,-0.003570718
1790503943.590775490,0.013581019505,0.009029814032,-0.024632760816,0.697253879,-0.716815198,0.000490274,-0.003572152
1790503943.624104977,0.013580783977,0.009030440764,-0.024633401200,0.697239355,-0.716829284,0.000497075,-0.003579380
1790503943.657434225,0.013580460826,0.009033223273,-0.024633277845,0.697257542,-0.716811593,0.000495176,-0.003579706
1790503943.690763474,0.013579803406,0.009035063903,-0.024632510083,0.697259058,-0.716810160,0.000490806,-0.003572192
1790503943.724091768,0.013579680017,0.009034656641,-0.024632198506,0.697257980,-0.716811187,0.000500572,-0.003575186
1790503943.757421017,0.013580735985,0.009033165873,-0.024631990222,0.697263465,-0.716805829,0.000495480,-0.003580407
1790503943.790749788,0.013580722040,0.009031599669,-0.024631264736,0.697254977,-0.716814075,0.000497737,-0.003581913
1790503943.824077606,0.013579056787,0.009031789536,-0.024630708669,0.697262642,-0.716806673,0.000497189,-0.003571405
1790503943.857426405,0.013577937476,0.009032755334,-0.024630960027,0.697259168,-0.716810007,0.000506985,-0.003579186
1790503943.890775442,0.013578286192,0.009033820515,-0.024631868995,0.697271222,-0.716798252,0.000499378,-0.003585913
1790503943.924124479,0.013578786030,0.009034252822,-0.024632168221,0.697261098,-0.716808121,0.000504745,-0.003581196
1790503943.957472563,0.013579419568,0.009034877797,-0.024632100786,0.697270974,-0.716798517,0.000502753,-0.003580946
1790503943.990822077,0.013579770395,0.009034551484,-0.024632578307,0.697261877,-0.716807383,0.000505295,-0.003577056
1790503944.024171591,0.013579454124,0.009034132502,-0.024633383349,0.697262651,-0.716806591,0.000504786,-0.003584906
1790503944.057520151,0.013579003857,0.009033815387,-0.024633741705,0.697261247,-0.716808007,0.000510617,-0.003574046
1790503944.090870142,0.013579668124,0.009033476493,-0.024634472581,0.697260521,-0.716808701,0.000514053,-0.003575930
1790503944.124220133,0.013580871009,0.009032529790,-0.024635039073,0.697254032,-0.716815016,0.000506170,-0.003576557
1790503944.157570362,0.013581046899,0.009031092481,-0.024634777739,0.697249677,-0.716819208,0.000511565,-0.003584496
1790503944.190919638,0.013580133657,0.009030310579,-0.024633859109,0.697245471,-0.716823324,0.000517212,-0.003578891
1790503944.224270344,0.013579517914,0.009030684565,-0.024633281045,0.697250649,-0.716818338,0.000512126,-0.003569377
1790503944.257620811,0.013579449960,0.009031367915,-0.024633486548,0.697238862,-0.716829807,0.000515208,-0.003568093
1790503944.290971756,0.013579612726,0.009032708665,-0.024633688665,0.697249299,-0.716819659,0.000512536,-0.003567939
1790503944.324321508,0.013580088436,0.009033041286,-0.024633391384,0.697254342,-0.716814780,0.000503469,-0.003563698
1790503944.357672691,0.013580743428,0.009031261238,-0.024633403589,0.697242045,-0.716826653,0.000509185,-0.003580651
1790503944.391023636,0.013581292429,0.009030588238,-0.024632310410,0.697237854,-0.716830745,0.000506388,-0.003577939
1790503944.424374342,0.013581943413,0.009031773145,-0.024630872984,0.697253466,-0.716815650,0.000490993,-0.003561991
1790503944.457725525,0.013582377609,0.009031104514,-0.024631074227,0.697243916,-0.716824827,0.000496697,-0.003583477
1790503944.491077423,0.013581175455,0.009029212030,-0.024632010974,0.697243588,-0.716825164,0.000493172,-0.003580533
1790503944.524429083,0.013579367970,0.009027881631,-0.024632824229,0.697245413,-0.716823393,0.000498377,-0.003578945
1790503944.557780266,0.013579005939,0.009027627331,-0.024633044473,0.697238169,-0.716830394,0.000496934,-0.003588163
1790503944.591132402,0.013578958412,0.009029278478,-0.024632024534,0.697239619,-0.716829011,0.000487772,-0.003584073
1790503944.624484539,0.013578916357,0.009032436242,-0.024630604666,0.697250720,-0.716818264,0.000489395,-0.003573484
1790503944.657837152,0.013579873265,0.009034548030,-0.024630449475,0.697257252,-0.716811932,0.000484766,-0.003569686
1790503944.691188812,0.013580737555,0.009033995652,-0.024631571846,0.697252330,-0.716816672,0.000485937,-0.003579231
1790503944.724541426,0.013580205204,0.009031170761,-0.024633024333,0.697260035,-0.716809232,0.000490846,-0.003567616
1790503944.757894278,0.013580141382,0.009026775859,-0.024633578136,0.697246802,-0.716822032,0.000496211,-0.003581334
1790503944.791246414,0.013580929091,0.009025518292,-0.024632149428,0.697235437,-0.716833067,0.000498873,-0.003584802
1790503944.824599266,0.013581013325,0.009029211414,-0.024630502441,0.697260444,-0.716808771,0.000494866,-0.003579854
1790503944.857934475,0.013580291741,0.009032641475,-0.024630102807,0.697258695,-0.716810500,0.000499762,-0.003573432
1790503944.891269445,0.013579868854,0.009034166953,-0.024631307615,0.697259375,-0.716809807,0.000507685,-0.003578629
1790503944.924603224,0.013579861851,0.009033851654,-0.024632658580,0.697264756,-0.716804604,0.000502880,-0.003573159
1790503944.957938194,0.013580357001,0.009032070061,-0.024633120531,0.697261138,-0.716808073,0.000506911,-0.003582554
1790503944.991272926,0.013581796850,0.009030587925,-0.024632425196,0.697253809,-0.716815230,0.000507824,-0.003576923
1790503945.024607658,0.013583235872,0.009030463875,-0.024631789614,0.697261229,-0.716808037,0.000498841,-0.003573188
1790503945.057941437,0.013582868410,0.009030728465,-0.024632424886,0.697255107,-0.716813948,0.000500129,-0.003581812
1790503945.091276169,0.013580967135,0.009031838714,-0.024632596846,0.697256878,-0.716812263,0.000506619,-0.003573516
1790503945.124610901,0.013579560313,0.009033219589,-0.024632350906,0.697265288,-0.716804164,0.000496427,-0.003558432
1790503945.157944441,0.013578322441,0.009033454563,-0.024632408813,0.697258761,-0.716810463,0.000505400,-0.003567296
1790503945.191278696,0.013576641178,0.009033018754,-0.024632082947,0.697262911,-0.716806495,0.000498547,-0.003554218
1790503945.224613190,0.013575833826,0.009032484534,-0.024632251881,0.697253838,-0.716815308,0.000508647,-0.003555333
1790503945.257947683,0.013577263652,0.009033090571,-0.024633400292,0.697263373,-0.716806030,0.000500679,-0.003557225
1790503945.291280985,0.013578523275,0.009032763503,-0.024634240327,0.697256885,-0.716812293,0.000503409,-0.003566619
1790503945.324615479,0.013577812880,0.009031468215,-0.024633392314,0.697253651,-0.716815452,0.000500720,-0.003564147
1790503945.357949734,0.013576001851,0.009030938643,-0.024632771894,0.697253402,-0.716815711,0.000510704,-0.003559339
1790503945.391283035,0.013575409502,0.009031485276,-0.024633147894,0.697253084,-0.716815960,0.000506003,-0.003572089
1790503945.424617290,0.013575826808,0.009032080022,-0.024633172637,0.697250522,-0.716818446,0.000508119,-0.003572969
1790503945.457951069,0.013577504642,0.009032544508,-0.024633694865,0.697253365,-0.716815676,0.000506451,-0.003574086
1790503945.491285324,0.013579578416,0.009032393961,-0.024634608150,0.697248145,-0.716820746,0.000500232,-0.003576654
1790503945.524618387,0.013580811140,0.009031690025,-0.024634034832,0.697250721,-0.716818249,0.000501156,-0.003574819
1790503945.557952404,0.013580921402,0.009031347610,-0.024632339173,0.697237691,-0.716830895,0.000500763,-0.003580436
1790503945.591286421,0.013579997102,0.009033258265,-0.024630884458,0.697253559,-0.716815519,0.000495744,-0.003569314
1790503945.624620199,0.013579498684,0.009035522919,-0.024630576753,0.697243778,-0.716824968,0.000506812,-0.003580749
1790503945.657953024,0.013580041251,0.009036741065,-0.024630883673,0.697259739,-0.716809523,0.000493310,-0.003566496
1790503945.691286802,0.013580442993,0.009035093365,-0.024631878594,0.697240083,-0.716828564,0.000505550,-0.003580683
1790503945.724620581,0.013580063646,0.009032951413,-0.024632639782,0.697250858,-0.716818127,0.000497721,-0.003572993
1790503945.757953405,0.013578883624,0.009031033647,-0.024632716881,0.697239710,-0.716828927,0.000508615,-0.003580160
1790503945.791287184,0.013579113828,0.009030740685,-0.024632590265,0.697240771,-0.716827869,0.000512505,-0.003584839
1790503945.824620724,0.013580183814,0.009031290940,-0.024632979736,0.697243417,-0.716825327,0.000504242,-0.003579537
1790503945.857958078,0.013579564356,0.009031607500,-0.024632837716,0.697241397,-0.716827303,0.000510884,-0.003576430
1790503945.891294479,0.013578745224,0.009033561062,-0.024631708956,0.697239340,-0.716829293,0.000509787,-0.003578625
1790503945.924631834,0.013579060620,0.009036619569,-0.024630613952,0.697257585,-0.716811666,0.000498689,-0.003556102
1790503945.957969189,0.013580477214,0.009036313000,-0.024631325554,0.697250095,-0.716818850,0.000501037,-0.003576314
1790503945.991306543,0.013581530469,0.009033314435,-0.024631558780,0.697243752,-0.716825053,0.000497393,-0.003570163
1790503946.024643183,0.013581402088,0.009031480187,-0.024630677619,0.697242144,-0.716826564,0.000502140,-0.003580216
1790503946.057980537,0.013580443647,0.009032515933,-0.024629856091,0.697244561,-0.716824251,0.000502007,-0.003572486
1790503946.091317892,0.013579611464,0.009035171960,-0.024629965389,0.697255081,-0.716814047,0.000494944,-0.003567841
1790503946.124654293,0.013578760898,0.009036866771,-0.024629849785,0.697248372,-0.716820558,0.000499348,-0.003570209
1790503946.157991648,0.013578656640,0.009038095047,-0.024629870152,0.697254729,-0.716814459,0.000495688,-0.003553622
1790503946.191329002,0.013579406542,0.009038828112,-0.024630304832,0.697254429,-0.716814650,0.000491894,-0.003574538
1790503946.224666357,0.013579132917,0.009038777659,-0.024630082091,0.697263614,-0.716805804,0.000490799,-0.003556828
1790503946.258002758,0.013577875417,0.009037704288,-0.024630899402,0.697253798,-0.716815336,0.000489044,-0.003560332
1790503946.291340113,0.013576644972,0.009035867504,-0.024632300265,0.697257405,-0.716811805,0.000495291,-0.003563907
1790503946.324677467,0.013576960960,0.009033337033,-0.024633016329,0.697251437,-0.716817595,0.000496599,-0.003566712
1790503946.358014822,0.013578112199,0.009031683172,-0.024631701449,0.697258310,-0.716810888,0.000495595,-0.003571461
1790503946.391350985,0.013578888540,0.009032265987,-0.024629539774,0.697251140,-0.716817888,0.000501461,-0.003565439
1790503946.424688578,0.013579791986,0.009035593113,-0.024628566905,0.697263127,-0.716806253,0.000489140,-0.003561956
1790503946.458025932,0.013580121520,0.009037242230,-0.024628169135,0.697268281,-0.716801257,0.000495802,-0.003557507
1790503946.491362095,0.013579626837,0.009035925328,-0.024627599560,0.697256402,-0.716812762,0.000499637,-0.003567090
1790503946.524699450,0.013578523341,0.009034401204,-0.024627146256,0.697270727,-0.716798885,0.000496845,-0.003555965
1790503946.558036804,0.013577795112,0.009031608200,-0.024627654483,0.697269236,-0.716800286,0.000510599,-0.003563965
1790503946.591373920,0.013577283719,0.009028842135,-0.024630241442,0.697256611,-0.716812516,0.000510752,-0.003574169
1790503946.624710560,0.013576319180,0.009029407006,-0.024635265887,0.697260229,-0.716809004,0.000518244,-0.003571589
1790503946.658047915,0.013576230633,0.009031759545,-0.024641122740,0.697257196,-0.716811962,0.000508026,-0.003571507
1790503946.691385031,0.013575840155,0.009034080410,-0.024647801225,0.697251449,-0.716817520,0.000508589,-0.003577910
1790503946.724721432,0.013574624173,0.009036961633,-0.024655048744,0.697260243,-0.716809016,0.000506937,-0.003568033
1790503946.758058548,0.013574526077,0.009039893542,-0.024659971649,0.697253766,-0.716815268,0.000511246,-0.003577207
1790503946.791395903,0.013576378320,0.009043200066,-0.024660550410,0.697256603,-0.716812473,0.000503728,-0.003585270
1790503946.824733257,0.013576207953,0.009045583276,-0.024659424931,0.697261754,-0.716807507,0.000502653,-0.003576579
1790503946.858067513,0.013574397365,0.009045678674,-0.024658552838,0.697258816,-0.716810434,0.000506572,-0.003562114
1790503946.891402721,0.013575085252,0.009045247628,-0.024658049982,0.697252093,-0.716816924,0.000506337,-0.003572123
1790503946.924737930,0.013577778064,0.009046646248,-0.024657735744,0.697253776,-0.716815258,0.000501870,-0.003578539
1790503946.958073139,0.013579123029,0.009048718462,-0.024657321893,0.697264456,-0.716804886,0.000495410,-0.003576076
1790503946.991407394,0.013577801264,0.009047963383,-0.024657809251,0.697259241,-0.716809913,0.000500527,-0.003584517
1790503947.024742603,0.013575170616,0.009044393998,-0.024658146620,0.697253824,-0.716815215,0.000508097,-0.003576909
1790503947.058077812,0.013573592898,0.009040304951,-0.024657715485,0.697247541,-0.716821289,0.000506395,-0.003584696
1790503947.091412067,0.013573152329,0.009038478489,-0.024657208974,0.697241445,-0.716827211,0.000513749,-0.003584957
1790503947.124747038,0.013573997362,0.009039569133,-0.024657093160,0.697247964,-0.716820865,0.000504204,-0.003587520
1790503947.158082247,0.013575346965,0.009041318296,-0.024657151737,0.697251431,-0.716817528,0.000505739,-0.003580175
1790503947.191417217,0.013576443117,0.009041971480,-0.024657789578,0.697252890,-0.716816036,0.000502409,-0.003595072
1790503947.224751234,0.013576623717,0.009040775565,-0.024658622225,0.697253648,-0.716815338,0.000497444,-0.003588004
1790503947.258086205,0.013576495297,0.009038687000,-0.024659455200,0.697242142,-0.716826470,0.000499935,-0.003599697
1790503947.291421175,0.013576101617,0.009037928608,-0.024658956173,0.697247811,-0.716820971,0.000507269,-0.003595534
1790503947.324756145,0.013575386860,0.009037885791,-0.024657794308,0.697244040,-0.716824632,0.000507561,-0.003597009
1790503947.358090162,0.013574626405,0.009039043302,-0.024657745929,0.697247296,-0.716821517,0.000507496,-0.003586635
1790503947.391424894,0.013575274157,0.009041172641,-0.024658556790,0.697247280,-0.716821517,0.000511395,-0.003589029
1790503947.424759865,0.013576758262,0.009042521323,-0.024659322549,0.697254195,-0.716814787,0.000506616,-0.003590438
1790503947.458093405,0.013577194013,0.009041806208,-0.024659862529,0.697251090,-0.716817816,0.000514479,-0.003587684
1790503947.491428137,0.013577238813,0.009040631036,-0.024659712197,0.697244360,-0.716824331,0.000516483,-0.003593651
1790503947.524762869,0.013577370556,0.009041317412,-0.024659277492,0.697248705,-0.716820157,0.000519245,-0.003582824
1790503947.558097601,0.013577868316,0.009043682571,-0.024659734644,0.697251634,-0.716817282,0.000514127,-0.003588527
1790503947.591431379,0.013577844214,0.009045965469,-0.024660209320,0.697252859,-0.716816128,0.000519940,-0.003580425
1790503947.624766111,0.013577786770,0.009046298852,-0.024659679084,0.697263468,-0.716805787,0.000509618,-0.003586094
1790503947.658100843,0.013577178823,0.009044479285,-0.024658978364,0.697245433,-0.716823322,0.000524842,-0.003585444
1790503947.691435337,0.013576725542,0.009044933700,-0.024657903898,0.697256552,-0.716812510,0.000515144,-0.003586043
1790503947.724768877,0.013575126113,0.009045819125,-0.024656775133,0.697264394,-0.716804933,0.000509642,-0.003576787
1790503947.758103609,0.013573325708,0.009044819228,-0.024657433960,0.697253493,-0.716815486,0.000524986,-0.003584602
1790503947.791438103,0.013573774927,0.009044606168,-0.024658601461,0.697258457,-0.716810665,0.000513400,-0.003584856
1790503947.824771404,0.013575192794,0.009044757680,-0.024658951565,0.697265111,-0.716804216,0.000510158,-0.003580657
1790503947.858109236,0.013576562844,0.009043775977,-0.024658690738,0.697258535,-0.716810563,0.000517238,-0.003589487
1790503947.891451120,0.013578181181,0.009042926576,-0.024658664647,0.697258720,-0.716810341,0.000507030,-0.003599264
1790503947.924793482,0.013578389402,0.009042512365,-0.024658784521,0.697258040,-0.716810995,0.000514520,-0.003599809
1790503947.958134413,0.013577817713,0.009042762418,-0.024658587243,0.697261275,-0.716807842,0.000515648,-0.003600826
1790503947.991476774,0.013578025973,0.009044701140,-0.024658462517,0.697255956,-0.716813000,0.000519799,-0.003603466
1790503948.024819136,0.013579699532,0.009048490049,-0.024657838283,0.697266884,-0.716802404,0.000507661,-0.003598538
1790503948.058160067,0.013581028299,0.009050492549,-0.024657800064,0.697268705,-0.716800594,0.000504676,-0.003606398
1790503948.091502666,0.013579912978,0.009048681137,-0.024658775043,0.697262580,-0.716806507,0.000519889,-0.003613316
1790503948.124845028,0.013576819691,0.009044581670,-0.024658554986,0.697259906,-0.716809098,0.000523192,-0.003614632
1790503948.158187151,0.013573945197,0.009040362771,-0.024657439251,0.697252389,-0.716816470,0.000522699,-0.003602929
1790503948.191528797,0.013573601754,0.009038625102,-0.024657700808,0.697251908,-0.716816858,0.000527546,-0.003617945
1790503948.224871397,0.013575722138,0.009039774975,-0.024659100282,0.697252140,-0.716816672,0.000526718,-0.003610216
1790503948.258213758,0.013578233720,0.009041288979,-0.024660257296,0.697261019,-0.716808012,0.000519464,-0.003615979
1790503948.291556358,0.013579209777,0.009040343497,-0.024660620935,0.697257702,-0.716811207,0.000520593,-0.003622098
1790503948.324898005,0.013578729656,0.009038809388,-0.024660052844,0.697248437,-0.716820219,0.000522830,-0.003621714
1790503948.358240604,0.013578716227,0.009039792119,-0.024659466937,0.697260421,-0.716808623,0.000516494,-0.003610586
1790503948.391583204,0.013578909885,0.009041438589,-0.024659951587,0.697256847,-0.716812025,0.000518732,-0.003625059
1790503948.424925089,0.013578723092,0.009042141246,-0.024660692696,0.697262693,-0.716806353,0.000525477,-0.003621046
1790503948.458267927,0.013579989579,0.009041356777,-0.024660705909,0.697262104,-0.716806871,0.000520625,-0.003632711
1790503948.491610527,0.013580907751,0.009040662949,-0.024659768577,0.697253404,-0.716815305,0.000515776,-0.003639092
1790503948.524953365,0.013579565156,0.009042422889,-0.024657946636,0.697262734,-0.716806287,0.000516392,-0.003627772
1790503948.558295488,0.013577647672,0.009045404299,-0.024655738832,0.697268525,-0.716800724,0.000513709,-0.003614168
1790503948.591638088,0.013576641190,0.009046909167,-0.024655916984,0.697274102,-0.716795223,0.000516531,-0.003628778
1790503948.624981165,0.013576529194,0.009046112169,-0.024657303535,0.697267523,-0.716801628,0.000514316,-0.003628102
1790503948.658324242,0.013577821896,0.009044610797,-0.024658383439,0.697271426,-0.716797797,0.000518256,-0.003634190
1790503948.691666365,0.013579949199,0.009044045509,-0.024658872068,0.697264240,-0.716804738,0.000515127,-0.003644407
1790503948.725009441,0.013581074483,0.009045427720,-0.024658481747,0.697272873,-0.716796363,0.000514611,-0.003640124
1790503948.758352518,0.013580845126,0.009046027567,-0.024658120099,0.697279565,-0.716789867,0.000513029,-0.003637568
1790503948.791694880,0.013579755460,0.009044320096,-0.024658045002,0.697267648,-0.716801463,0.000515664,-0.003636446
1790503948.825037956,0.013578682020,0.009043027941,-0.024658065426,0.697272060,-0.716797137,0.000515340,-0.003643313
1790503948.858381033,0.013577801783,0.009042154876,-0.024658164736,0.697272625,-0.716796587,0.000519535,-0.003642895
1790503948.891711950,0.013578290213,0.009041927838,-0.024658122336,0.697267093,-0.716801900,0.000522088,-0.003655749
1790503948.925041437,0.013578974507,0.009043689451,-0.024657396436,0.697272682,-0.716796468,0.000520239,-0.003655114
1790503948.958372116,0.013577324282,0.009045083942,-0.024655819913,0.697278969,-0.716790373,0.000508986,-0.003652682
1790503948.991702318,0.013573717443,0.009043243055,-0.024655486440,0.697270333,-0.716798723,0.000529193,-0.003659750
1790503949.025032997,0.013573456849,0.009041023639,-0.024656116354,0.697262571,-0.716806230,0.000539290,-0.003666797
1790503949.058362246,0.013577777292,0.009041286194,-0.024656929149,0.697268696,-0.716800221,0.000519376,-0.003679488
1790503949.091692686,0.013581301122,0.009042122571,-0.024657248675,0.697265672,-0.716803139,0.000523978,-0.003683364
1790503949.125022888,0.013582663992,0.009042150791,-0.024657539272,0.697262110,-0.716806551,0.000522444,-0.003694051
1790503949.158352137,0.013582104708,0.009041972903,-0.024657812666,0.697261824,-0.716806798,0.000523999,-0.003699924
1790503949.191682100,0.013580070534,0.009042497936,-0.024657137786,0.697259392,-0.716809154,0.000532454,-0.003700391
1790503949.225012541,0.013579170966,0.009043869246,-0.024655899454,0.697263859,-0.716804827,0.000526074,-0.003697889
1790503949.258342505,0.013580425908,0.009045200069,-0.024655682339,0.697259332,-0.716809198,0.000528441,-0.003703888
1790503949.291671276,0.013582755732,0.009046854338,-0.024656589341,0.697267832,-0.716800891,0.000526024,-0.003711587
1790503949.325001478,0.013583948650,0.009048126369,-0.024657060933,0.697264758,-0.716803815,0.000528709,-0.003723933
1790503949.358331203,0.013583340636,0.009047782058,-0.024655704365,0.697275214,-0.716793697,0.000522473,-0.003714651
1790503949.391660213,0.013582299466,0.009044244541,-0.024654615963,0.697266395,-0.716802205,0.000528968,-0.003727279
1790503949.424989939,0.013581956461,0.009040527813,-0.024654894610,0.697259831,-0.716808511,0.000540932,-0.003740759
1790503949.458319664,0.013583157099,0.009039283436,-0.024655920825,0.697269832,-0.716798800,0.000538816,-0.003737874
1790503949.491649389,0.013584337631,0.009038667377,-0.024657480885,0.697267392,-0.716801096,0.000536035,-0.003753073
1790503949.524977922,0.013582662560,0.009037390375,-0.024658749708,0.697273202,-0.716795436,0.000541211,-0.003753841
1790503949.558307648,0.013580285618,0.009035274008,-0.024659710825,0.697272603,-0.716795968,0.000551400,-0.003762049
1790503949.591636896,0.013579304217,0.009033841808,-0.024660208419,0.697268794,-0.716799607,0.000552634,-0.003774625
1790503949.624966621,0.013578310901,0.009033847256,-0.024659808132,0.697276267,-0.716792410,0.000544877,-0.003761892
1790503949.658294916,0.013577524207,0.009034932816,-0.024660151332,0.697275104,-0.716793567,0.000544524,-0.003756969
1790503949.691624165,0.013578135581,0.009037488280,-0.024661931978,0.697279396,-0.716789369,0.000540553,-0.003761971
1790503949.724953651,0.013578953119,0.009040749814,-0.024663671746,0.697291582,-0.716777572,0.000532635,-0.003752009
1790503949.758281708,0.013579799498,0.009042898877,-0.024664088815,0.697295734,-0.716773564,0.000522349,-0.003747577
1790503949.791611195,0.013580885461,0.009043082276,-0.024662571260,0.697296859,-0.716772471,0.000520951,-0.003747584
1790503949.824940205,0.013581198757,0.009043269249,-0.024659992904,0.697291842,-0.716777338,0.000520197,-0.003750162
1790503949.858269215,0.013581039016,0.009046018138,-0.024656956386,0.697306667,-0.716763021,0.000517851,-0.003730543
1790503949.891601086,0.013582267954,0.009048498505,-0.024655232043,0.697321235,-0.716748837,0.000502995,-0.003734668
1790503949.924933910,0.013582639323,0.009047412237,-0.024655378053,0.697307478,-0.716762226,0.000508381,-0.003732680
1790503949.958266258,0.013580714777,0.009045394852,-0.024655667526,0.697317509,-0.716752515,0.000504227,-0.003724148
1790503949.991599083,0.013578261767,0.009042743107,-0.024655327888,0.697302554,-0.716767081,0.000516286,-0.003719357
1790503950.024930716,0.013578416310,0.009041956109,-0.024654638334,0.697301328,-0.716768304,0.000509160,-0.003714320
1790503950.058263540,0.013580423037,0.009043349360,-0.024654415225,0.697306107,-0.716763649,0.000512467,-0.003715140
1790503950.091595888,0.013582981790,0.009044509005,-0.024655038946,0.697300561,-0.716769038,0.000506512,-0.003717129
1790503950.124927521,0.013584113419,0.009044578205,-0.024655681404,0.697302383,-0.716767288,0.000503129,-0.003713130
1790503950.158260107,0.013582749630,0.009043658392,-0.024655589233,0.697294730,-0.716774768,0.000509240,-0.003705644
1790503950.191592216,0.013580595248,0.009042835726,-0.024654985796,0.697291440,-0.716777919,0.000510483,-0.003715056
1790503950.224924803,0.013578276133,0.009042305582,-0.024654345159,0.697292189,-0.716777292,0.000511057,-0.003695340
1790503950.258256197,0.013577364783,0.009041373906,-0.024654806047,0.697292568,-0.716776936,0.000516441,-0.003692235
1790503950.291588545,0.013578777393,0.009040743477,-0.024655815079,0.697281731,-0.716787480,0.000511217,-0.003692428
1790503950.324920893,0.013580109894,0.009041690731,-0.024656593799,0.697288619,-0.716780701,0.000512347,-0.003707583
1790503950.358253241,0.013580131091,0.009042442711,-0.024656981985,0.697285865,-0.716783473,0.000515760,-0.003689071
1790503950.391584158,0.013580717942,0.009042778817,-0.024657320388,0.697285155,-0.716784132,0.000512504,-0.003695593
1790503950.424916506,0.013581200705,0.009042897407,-0.024657963158,0.697287282,-0.716782126,0.000512028,-0.003683400
1790503950.458248854,0.013581121553,0.009042096171,-0.024659022944,0.697285661,-0.716783674,0.000510738,-0.003689182
1790503950.491579771,0.013580613701,0.009040768176,-0.024659131121,0.697285009,-0.716784385,0.000508941,-0.003674472
1790503950.524911880,0.013579935937,0.009039829118,-0.024659118926,0.697284131,-0.716785211,0.000508278,-0.003680060
1790503950.558243990,0.013578852586,0.009039317113,-0.024660115492,0.697284341,-0.716784986,0.000519260,-0.003682641
1790503950.591575861,0.013578439720,0.009038216666,-0.024661280799,0.697285319,-0.716784054,0.000515446,-0.003679329
1790503950.624907017,0.013579159309,0.009036874255,-0.024661079605,0.697271215,-0.716797752,0.000517255,-0.003683486
1790503950.658239126,0.013579961316,0.009037792639,-0.024659173999,0.697279413,-0.716789763,0.000514615,-0.003686478
1790503950.691570997,0.013579969155,0.009039772352,-0.024656530488,0.697278028,-0.716791159,0.000512476,-0.003677435
1790503950.724901915,0.013579903870,0.009041298505,-0.024655183237,0.697276527,-0.716792545,0.000514362,-0.003691638
1790503950.758233547,0.013579707451,0.009041864540,-0.024654842050,0.697274881,-0.716794132,0.000518559,-0.003693888
1790503950.791565418,0.013579925494,0.009041421154,-0.024655582271,0.697278263,-0.716790875,0.000515347,-0.003687776
1790503950.824897289,0.013580820213,0.009040297132,-0.024656994941,0.697271595,-0.716797291,0.000515815,-0.003701364
1790503950.858227968,0.013580776062,0.009039666027,-0.024657094309,0.697265342,-0.716803398,0.000523475,-0.003695606
1790503950.891562939,0.013580931286,0.009040550830,-0.024656672109,0.697272877,-0.716796033,0.000520770,-0.003702789
1790503950.924898148,0.013581253154,0.009041498407,-0.024656498375,0.697270013,-0.716798762,0.000521576,-0.003713714
1790503950.958233118,0.013580998739,0.009042072329,-0.024656414470,0.697269383,-0.716799361,0.000528535,-0.003715465
1790503950.991567135,0.013581211208,0.009042962978,-0.024656570428,0.697273736,-0.716795111,0.000524703,-0.003718994
1790503951.024902105,0.013581918560,0.009044459881,-0.024656632231,0.697274317,-0.716794500,0.000532855,-0.003726718
1790503951.058237076,0.013583268769,0.009045598156,-0.024656780597,0.697279916,-0.716789106,0.000526537,-0.003717268
1790503951.091571093,0.013584310128,0.009045008110,-0.024656541070,0.697275062,-0.716793730,0.000536282,-0.003734871
1790503951.124906063,0.013585079872,0.009044165318,-0.024656146391,0.697271332,-0.716797334,0.000538009,-0.003739247
1790503951.158240795,0.013585887209,0.009044537662,-0.024654890185,0.697274109,-0.716794598,0.000541509,-0.003745541
1790503951.191575766,0.013585490072,0.009045298999,-0.024652681581,0.697276368,-0.716792418,0.000537596,-0.003742591
1790503951.224909782,0.013583897166,0.009045496770,-0.024650949814,0.697274411,-0.716794352,0.000545101,-0.003735823
1790503951.258244276,0.013583108231,0.009044804024,-0.024650960843,0.697278602,-0.716790199,0.000547162,-0.003750048
1790503951.291579247,0.013582737180,0.009043109255,-0.024652155950,0.697271784,-0.716796750,0.000557747,-0.003764018
1790503951.324913979,0.013582909704,0.009042182713,-0.024653421176,0.697276922,-0.716791669,0.000563267,-0.003779017
1790503951.358247757,0.013583550820,0.009042150953,-0.024653278733,0.697280820,-0.716787899,0.000553641,-0.003776158
1790503951.391582727,0.013584431040,0.009042299603,-0.024652674305,0.697283000,-0.716785736,0.000562803,-0.003782906
1790503951.424917459,0.013585388109,0.009041698543,-0.024652364641,0.697288172,-0.716780680,0.000550259,-0.003789217
1790503951.458251238,0.013584750971,0.009039002414,-0.024652575204,0.697291635,-0.716777278,0.000552353,-0.003795315
1790503951.491585970,0.013583049306,0.009035203743,-0.024653739707,0.697279259,-0.716789243,0.000569787,-0.003806780
1790503951.524920702,0.013582552545,0.009034612996,-0.024655016170,0.697282596,-0.716785950,0.000570883,-0.003815424
1790503951.558255434,0.013583771401,0.009037480559,-0.024655140500,0.697293904,-0.716774885,0.000571319,-0.003827403
1790503951.591589212,0.013585855416,0.009040821785,-0.024654221065,0.697297683,-0.716771218,0.000570547,-0.003825796
1790503951.624923468,0.013588135971,0.009042415551,-0.024653658012,0.697307102,-0.716761924,0.000569067,-0.003850453
1790503951.658258200,0.013589383030,0.009041340606,-0.024653404346,0.697308758,-0.716760257,0.000574242,-0.003860101
1790503951.691592932,0.013589097953,0.009039359569,-0.024652577372,0.697309297,-0.716759662,0.000576028,-0.003873019
1790503951.724926472,0.013587644226,0.009038445412,-0.024651437683,0.697311719,-0.716757227,0.000587408,-0.003885909
1790503951.758261204,0.013587184879,0.009039126500,-0.024651041034,0.697318748,-0.716750333,0.000588152,-0.003895988
1790503951.791595697,0.013588534085,0.009040685504,-0.024651220300,0.697325842,-0.716743389,0.000591702,-0.003903032
1790503951.824929476,0.013590793158,0.009041234595,-0.024652351270,0.697330265,-0.716738927,0.000592493,-0.003932013
1790503951.858263969,0.013590889058,0.009039501501,-0.024652796846,0.697329652,-0.716739442,0.000604221,-0.003945201
1790503951.891598225,0.013590052925,0.009036755772,-0.024651763335,0.697335110,-0.716734131,0.000607050,-0.003944773
1790503951.924932480,0.013591175232,0.009035728649,-0.024651365045,0.697326750,-0.716742117,0.000615239,-0.003970262
1790503951.958265543,0.013593906657,0.009038255767,-0.024651607542,0.697339447,-0.716729664,0.000607614,-0.003989509
1790503951.991599798,0.013595620869,0.009040625837,-0.024651344245,0.697345961,-0.716723252,0.000600459,-0.004003756
1790503952.024934053,0.013595105818,0.009040374843,-0.024650711233,0.697338232,-0.716730657,0.000601761,-0.004024218
1790503952.058267355,0.013594127837,0.009039654802,-0.024649820873,0.697335157,-0.716733486,0.000601246,-0.004053085
1790503952.091601610,0.013594200252,0.009040609990,-0.024648026171,0.697339147,-0.716729585,0.000598118,-0.004056918
1790503952.124935627,0.013596385837,0.009042461750,-0.024646901749,0.697343258,-0.716725436,0.000587841,-0.004084683
1790503952.158269882,0.013598754001,0.009043306809,-0.024646226339,0.697349286,-0.716719545,0.000587426,-0.004089124
1790503952.191602707,0.013601117942,0.009043054657,-0.024645289387,0.697335249,-0.716732976,0.000582297,-0.004129436
1790503952.224936724,0.013602876320,0.009043507598,-0.024643933444,0.697342807,-0.716725567,0.000578525,-0.004139626
1790503952.258270979,0.013603685176,0.009043125185,-0.024643633314,0.697353043,-0.716715515,0.000574603,-0.004156329
1790503952.291604996,0.013603347791,0.009040208020,-0.024644998969,0.697334734,-0.716733226,0.000575050,-0.004173828
1790503952.324938059,0.013602615480,0.009038164508,-0.024647368268,0.697322736,-0.716744786,0.000574123,-0.004193356
1790503952.358272076,0.013602666646,0.009038145417,-0.024649321578,0.697333655,-0.716734141,0.000563788,-0.004198384
1790503952.391605854,0.013604093609,0.009037535034,-0.024650173116,0.697323736,-0.716743743,0.000550213,-0.004208526
1790503952.424938679,0.013605674119,0.009036292776,-0.024649838976,0.697319670,-0.716747595,0.000545624,-0.004226720
1790503952.458272696,0.013606945897,0.009035114226,-0.024648736479,0.697313903,-0.716753108,0.000536646,-0.004244356
1790503952.491606712,0.013607684444,0.009034007584,-0.024647163960,0.697319542,-0.716747590,0.000533260,-0.004250169
1790503952.524940491,0.013608758445,0.009031446304,-0.024645798920,0.697315356,-0.716751652,0.000519790,-0.004253733
1790503952.558273554,0.013611007475,0.009028543886,-0.024645650321,0.697308558,-0.716758233,0.000518661,-0.004259220
1790503952.591607094,0.013614272993,0.009027624974,-0.024645996763,0.697306172,-0.716760396,0.000506674,-0.004287226
1790503952.624940872,0.013614932230,0.009029315898,-0.024644416783,0.697307546,-0.716759016,0.000502610,-0.004294957
1790503952.658274651,0.013612157718,0.009031609064,-0.024642741867,0.697310811,-0.716755912,0.000504697,-0.004282664
1790503952.691607475,0.013609131410,0.009032118968,-0.024643058226,0.697311800,-0.716754859,0.000506950,-0.004297597
1790503952.724941254,0.013607639716,0.009030967295,-0.024643252838,0.697300633,-0.716765679,0.000507891,-0.004304720
1790503952.758274794,0.013607562278,0.009030034101,-0.024641978886,0.697305335,-0.716761105,0.000499957,-0.004305486
1790503952.791607618,0.013608564354,0.009029496697,-0.024640364975,0.697295663,-0.716770461,0.000503337,-0.004314170
1790503952.824941397,0.013610737277,0.009029987456,-0.024640111391,0.697294722,-0.716771340,0.000502215,-0.004320176
1790503952.858275175,0.013612900650,0.009030494740,-0.024641505424,0.697299442,-0.716766706,0.000492670,-0.004328392
1790503952.891614437,0.013613379348,0.009029347268,-0.024643349277,0.697296215,-0.716769729,0.000497455,-0.004347097
1790503952.924952984,0.013613023137,0.009027729651,-0.024644632838,0.697284206,-0.716781400,0.000504052,-0.004348102
1790503952.958292246,0.013614053469,0.009027969187,-0.024644494937,0.697291704,-0.716773958,0.000500423,-0.004372948
1790503952.991631508,0.013616076362,0.009028268721,-0.024642881597,0.697298405,-0.716767339,0.000494053,-0.004389974
1790503953.024971008,0.013617870840,0.009028038866,-0.024641474886,0.697282025,-0.716783078,0.000499733,-0.004421115
1790503953.058309555,0.013618338294,0.009029216016,-0.024640836447,0.697296699,-0.716768716,0.000491696,-0.004436131
1790503953.091648817,0.013617918433,0.009028786825,-0.024640741108,0.697297374,-0.716767888,0.000500073,-0.004462792
1790503953.124988317,0.013618385503,0.009026521501,-0.024640837067,0.697283527,-0.716781172,0.000505840,-0.004491989
1790503953.158326864,0.013620219303,0.009025490176,-0.024641160391,0.697294350,-0.716770502,0.000496387,-0.004515543
1790503953.191666365,0.013621787703,0.009024967030,-0.024641435094,0.697283585,-0.716780830,0.000505410,-0.004537439
1790503953.225005865,0.013623644020,0.009025528799,-0.024641798050,0.697289851,-0.716774583,0.000495564,-0.004562264
1790503953.258345366,0.013624536298,0.009025876637,-0.024641464878,0.697294108,-0.716770287,0.000498661,-0.004586344
1790503953.291683912,0.013624108650,0.009025047962,-0.024639813090,0.697290239,-0.716773911,0.000498354,-0.004608002
1790503953.325023413,0.013624470580,0.009024707178,-0.024638132923,0.697290602,-0.716773430,0.000502604,-0.004627383
1790503953.358363152,0.013626856518,0.009024828628,-0.024637110924,0.697298922,-0.716765129,0.000498316,-0.004659909
1790503953.391701698,0.013628715851,0.009023376722,-0.024636437824,0.697286294,-0.716777230,0.000503331,-0.004687645
1790503953.425040960,0.013628981562,0.009021158645,-0.024635718522,0.697291083,-0.716772401,0.000503213,-0.004713488
1790503953.458380699,0.013627712013,0.009018255605,-0.024633290812,0.697287389,-0.716775850,0.000508275,-0.004734961
1790503953.491720200,0.013627276298,0.009016210249,-0.024630699014,0.697286159,-0.716776951,0.000516723,-0.004748520
1790503953.525058746,0.013631106381,0.009017000163,-0.024630596826,0.697285856,-0.716777041,0.000506997,-0.004780390
1790503953.558398485,0.013636960965,0.009019755727,-0.024632780848,0.697298718,-0.716764368,0.000499202,-0.004805139
1790503953.591738224,0.013639919016,0.009021315684,-0.024636770356,0.697296346,-0.716766425,0.000506226,-0.004841597
1790503953.625077963,0.013638160743,0.009022299891,-0.024641752538,0.697289155,-0.716773335,0.000510259,-0.004853909
1790503953.658416510,0.013633883392,0.009024456209,-0.024646256833,0.697286445,-0.716775925,0.000514228,-0.004860378
1790503953.691756010,0.013629600990,0.009028468287,-0.024650361465,0.697283981,-0.716778289,0.000515141,-0.004865094
1790503953.725095987,0.013626326231,0.009033395383,-0.024653948203,0.697287352,-0.716774988,0.000515606,-0.004868141
1790503953.758434534,0.013624059665,0.009035483476,-0.024655615526,0.697286083,-0.716776210,0.000506358,-0.004871015
1790503953.791774273,0.013622641635,0.009033520961,-0.024656201318,0.697275700,-0.716786235,0.000521996,-0.004880436
1790503953.825114012,0.013622756561,0.009031357085,-0.024655594011,0.697273761,-0.716788046,0.000523539,-0.004891357
1790503953.858453512,0.013624257261,0.009029350249,-0.024654588640,0.697276253,-0.716785619,0.000524439,-0.004891657
1790503953.891787052,0.013626336506,0.009024765514,-0.024654041342,0.697266176,-0.716795299,0.000530639,-0.004908903
1790503953.925121307,0.013627780937,0.009019359481,-0.024653725497,0.697253769,-0.716807280,0.000535211,-0.004921238
1790503953.958455563,0.013627664198,0.009017796237,-0.024653855111,0.697250224,-0.716810725,0.000546897,-0.004920350
1790503953.991789818,0.013626137425,0.009020406212,-0.024653850421,0.697269107,-0.716792378,0.000549870,-0.004917005
1790503954.025122881,0.013624333994,0.009022582024,-0.024653206176,0.697266293,-0.716795126,0.000567027,-0.004913633
1790503954.058457136,0.013624113316,0.009023783032,-0.024652764559,0.697269481,-0.716792087,0.000568983,-0.004904173
1790503954.091791153,0.013624721273,0.009024664316,-0.024653508631,0.697278869,-0.716782914,0.000575778,-0.004909354
1790503954.125124216,0.013624459716,0.009024748571,-0.024654593207,0.697273445,-0.716788157,0.000592647,-0.004912147
1790503954.158458471,0.013623570558,0.009024841255,-0.024655025823,0.697284300,-0.716777593,0.000597026,-0.004912422
1790503954.191792488,0.013622932158,0.009023809919,-0.024654264406,0.697289300,-0.716772849,0.000608365,-0.004893316
1790503954.225126743,0.013624570437,0.009023843362,-0.024653057150,0.697272881,-0.716788689,0.000615903,-0.004911739
1790503954.258459806,0.013626735183,0.009028723219,-0.024653007455,0.697300787,-0.716761650,0.000610792,-0.004896565
1790503954.291793585,0.013627239911,0.009033144338,-0.024654975082,0.697310459,-0.716752190,0.000621277,-0.004902678
1790503954.325127840,0.013626054313,0.009033357866,-0.024656991593,0.697313984,-0.716748835,0.000628147,-0.004890881
1790503954.358461857,0.013624343567,0.009031047731,-0.024657411901,0.697316648,-0.716746116,0.000641896,-0.004907690
1790503954.391794920,0.013622684798,0.009029073021,-0.024656018676,0.697311836,-0.716750816,0.000654496,-0.004903337
1790503954.425128937,0.013622167556,0.009028555154,-0.024654332316,0.697330063,-0.716733124,0.000652206,-0.004897659
1790503954.458462954,0.013622521676,0.009027973843,-0.024653799430,0.697327475,-0.716735708,0.000659480,-0.004886892
1790503954.491796017,0.013623560906,0.009029298058,-0.024654543669,0.697336282,-0.716727089,0.000662385,-0.004893916
1790503954.525129795,0.013623657025,0.009031953255,-0.024653990606,0.697346012,-0.716717579,0.000669762,-0.004899313
1790503954.558463812,0.013621647865,0.009032935801,-0.024652630929,0.697354063,-0.716709840,0.000675625,-0.004884573
1790503954.591797590,0.013619404057,0.009031986548,-0.024652707317,0.697355203,-0.716708749,0.000688990,-0.004880108
1790503954.625130653,0.013619258357,0.009031495116,-0.024653253461,0.697354250,-0.716709573,0.000694147,-0.004894441
1790503954.658464670,0.013621134324,0.009032356320,-0.024654049673,0.697361980,-0.716702032,0.000691240,-0.004897770
1790503954.691798449,0.013623194318,0.009032887547,-0.024654622178,0.697365947,-0.716698229,0.000687645,-0.004889928
1790503954.725131035,0.013624442058,0.009032293398,-0.024654650965,0.697367014,-0.716697116,0.000694160,-0.004899980
1790503954.758465052,0.013623843435,0.009030919944,-0.024654791871,0.697369111,-0.716695068,0.000695951,-0.004900838
1790503954.791798830,0.013622293523,0.009029217548,-0.024655171305,0.697366743,-0.716697378,0.000702758,-0.004898911
1790503954.825132847,0.013622242718,0.009028457122,-0.024655420827,0.697367889,-0.716696271,0.000699750,-0.004898336
1790503954.858465672,0.013622702968,0.009028954623,-0.024656235745,0.697373305,-0.716690948,0.000699537,-0.004906097
1790503954.891799450,0.013622007690,0.009028720560,-0.024655990520,0.697373270,-0.716690978,0.000715461,-0.004904320
1790503954.925133467,0.013621773562,0.009027043276,-0.024654928531,0.697378067,-0.716686260,0.000704578,-0.004913255
1790503954.958467484,0.013621049065,0.009025323598,-0.024654696352,0.697366474,-0.716697530,0.000706153,-0.004914597
1790503954.991800547,0.013621243904,0.009026374649,-0.024655518134,0.697375737,-0.716688579,0.000689348,-0.004907868
1790503955.025134563,0.013622328116,0.009029653458,-0.024656202969,0.697379116,-0.716685227,0.000674996,-0.004919266
1790503955.058468342,0.013622813680,0.009033389412,-0.024656030789,0.697381714,-0.716682658,0.000662416,-0.004926875
1790503955.091801167,0.013622807883,0.009035997683,-0.024654331367,0.697389815,-0.716674818,0.000648398,-0.004922596
1790503955.125135183,0.013623983973,0.009036693093,-0.024651406435,0.697395005,-0.716669772,0.000629273,-0.004924331
1790503955.158468962,0.013626683633,0.009036412350,-0.024649176493,0.697388903,-0.716675609,0.000635885,-0.004938082
1790503955.191802740,0.013631972671,0.009036254533,-0.024648203752,0.697402041,-0.716662811,0.000612726,-0.004942889
1790503955.225135803,0.013636938115,0.009035100629,-0.024647916060,0.697390580,-0.716673852,0.000602182,-0.004960481
1790503955.258469582,0.013637858548,0.009035430159,-0.024646985817,0.697396334,-0.716668244,0.000592745,-0.004962866
1790503955.291803122,0.013635532303,0.009036899187,-0.024646569125,0.697409852,-0.716655262,0.000597783,-0.004937224
1790503955.325136900,0.013633684831,0.009037473746,-0.024647177812,0.697407221,-0.716657876,0.000615704,-0.004927287
1790503955.358469725,0.013633560272,0.009038264837,-0.024648295048,0.697410304,-0.716654849,0.000616325,-0.004931118
1790503955.391803503,0.013631855135,0.009039036081,-0.024649875701,0.697421867,-0.716643804,0.000626040,-0.004899502
1790503955.425137281,0.013628955495,0.009038824713,-0.024651578949,0.697414647,-0.716650828,0.000644894,-0.004897474
1790503955.458469629,0.013625512655,0.009038644604,-0.024651757111,0.697423312,-0.716642467,0.000650939,-0.004886127
1790503955.491803408,0.013621410446,0.009037543816,-0.024651495390,0.697426394,-0.716639569,0.000663263,-0.004869584
1790503955.525137186,0.013617938925,0.009035896361,-0.024652037266,0.697428477,-0.716637673,0.000676947,-0.004848420
1790503955.558470726,0.013616470077,0.009035541150,-0.024653399732,0.697427946,-0.716638144,0.000693727,-0.004852794
1790503955.591803312,0.013616452696,0.009036675302,-0.024654362308,0.697441287,-0.716625304,0.000691766,-0.004831738
1790503955.625136852,0.013617479140,0.009037415349,-0.024654776999,0.697440681,-0.716625951,0.000696203,-0.004822656
1790503955.658470392,0.013619238174,0.009037953809,-0.024655166847,0.697448530,-0.716618262,0.000689129,-0.004831218
1790503955.691803932,0.013619578967,0.009039056285,-0.024655526949,0.697453883,-0.716613116,0.000694173,-0.004820915
1790503955.725136518,0.013619521743,0.009041620570,-0.024655646585,0.697466768,-0.716600591,0.000693844,-0.004818603
1790503955.758470058,0.013619415983,0.009044538362,-0.024654322692,0.697474417,-0.716593262,0.000686625,-0.004802498
1790503955.791803360,0.013617940619,0.009046912775,-0.024651719407,0.697482006,-0.716585934,0.000685998,-0.004793846
1790503955.825135946,0.013616084995,0.009048407728,-0.024649760528,0.697493957,-0.716574406,0.000682774,-0.004778476
1790503955.858469248,0.013615835401,0.009049754357,-0.024649600805,0.697492646,-0.716575668,0.000685156,-0.004780285
1790503955.891803265,0.013616317147,0.009052072953,-0.024650173804,0.697511486,-0.716557326,0.000680904,-0.004781369
1790503955.925137043,0.013616298928,0.009052061147,-0.024650352991,0.697517229,-0.716551791,0.000681203,-0.004773037
1790503955.958469868,0.013616145594,0.009049507689,-0.024651195686,0.697509396,-0.716559367,0.000688629,-0.004779300
1790503955.991803646,0.013615144478,0.009047314340,-0.024652688982,0.697516563,-0.716552324,0.000703434,-0.004787114
1790503956.025137424,0.013613934751,0.009045123404,-0.024653659177,0.697518549,-0.716550321,0.000717494,-0.004795523
1790503956.058470249,0.013613434762,0.009042399410,-0.024653762013,0.697518201,-0.716550684,0.000724903,-0.004790793
1790503956.091804266,0.013613701574,0.009040385575,-0.024654311605,0.697521553,-0.716547380,0.000735204,-0.004795208
1790503956.125138044,0.013614199389,0.009038862111,-0.024655046083,0.697523796,-0.716545130,0.000752434,-0.004802437
1790503956.158471584,0.013615514786,0.009037866519,-0.024655367420,0.697524076,-0.716544838,0.000756200,-0.004804879
1790503956.191804171,0.013617602222,0.009039264360,-0.024655315340,0.697527638,-0.716541333,0.000765122,-0.004808982
1790503956.225137949,0.013619383081,0.009042506179,-0.024655298792,0.697543493,-0.716525914,0.000769810,-0.004806038
1790503956.258471727,0.013620742511,0.009044656768,-0.024655251513,0.697542221,-0.716527048,0.000787444,-0.004818702
1790503956.291805506,0.013620841816,0.009045571799,-0.024654390396,0.697542465,-0.716526876,0.000771338,-0.004811467
1790503956.325137854,0.013618592146,0.009045262885,-0.024653590845,0.697526751,-0.716542220,0.000772783,-0.004804318
1790503956.358471632,0.013616064671,0.009045177585,-0.024652981221,0.697528879,-0.716540204,0.000772549,-0.004796029
1790503956.391805172,0.013615794043,0.009045739326,-0.024652190604,0.697510007,-0.716558587,0.000764798,-0.004795481
1790503956.425137758,0.013617061853,0.009047070431,-0.024651896163,0.697516429,-0.716552370,0.000753827,-0.004792112
1790503956.458471537,0.013617628483,0.009046597992,-0.024652286269,0.697502736,-0.716565713,0.000746438,-0.004791107
1790503956.491804838,0.013617161357,0.009044898324,-0.024653232213,0.697499822,-0.716568553,0.000749834,-0.004790192
1790503956.525138378,0.013616881487,0.009043269919,-0.024654163750,0.697484131,-0.716583897,0.000738064,-0.004781362
1790503956.558470964,0.013618647056,0.009042770726,-0.024652779154,0.697485486,-0.716582544,0.000736531,-0.004786576
1790503956.591804504,0.013622851213,0.009042665476,-0.024649429815,0.697483525,-0.716584602,0.000718204,-0.004767089
1790503956.625138044,0.013623090608,0.009043118192,-0.024652410478,0.697499715,-0.716568906,0.000718478,-0.004757535
1790503956.658471346,0.013618696751,0.009044447286,-0.024656673832,0.697507542,-0.716561391,0.000712277,-0.004742834
1790503956.691803694,0.013615898605,0.009046098615,-0.024652805577,0.697546523,-0.716523738,0.000689429,-0.004701593
1790503956.725137234,0.013613020035,0.009047690960,-0.024649005151,0.697548289,-0.716522150,0.000699682,-0.004680162
1790503956.758470535,0.013610450543,0.009051861015,-0.024651401578,0.697583849,-0.716487774,0.000679422,-0.004645616
1790503956.791802883,0.013610716410,0.009055510234,-0.024652857338,0.697594571,-0.716477421,0.000668582,-0.004633863
1790503956.825136185,0.013609832229,0.009058201263,-0.024654070241,0.697617243,-0.716455532,0.000655268,-0.004606953
1790503956.858469725,0.013606258207,0.009061242068,-0.024658935145,0.697630922,-0.716442325,0.000652202,-0.004589704
1790503956.891806602,0.013598980877,0.009064572272,-0.024658817291,0.697644772,-0.716429021,0.000643905,-0.004562313
1790503956.925142527,0.013582454758,0.009069249929,-0.024644085653,0.697668367,-0.716406135,0.000638205,-0.004548796
1790503956.958479404,0.013548242834,0.009081048681,-0.024628806325,0.697578277,-0.716493640,0.000655066,-0.004580563
1790503956.991816521,0.013491210275,0.009102927578,-0.024638985797,0.697487500,-0.716581685,0.000682094,-0.004627121
1790503957.025153637,0.013444507554,0.009121338207,-0.024642842975,0.697412021,-0.716654849,0.000689810,-0.004671622
1790503957.058489561,0.013437705690,0.009120197515,-0.024601337232,0.697326619,-0.716737747,0.000703508,-0.004700372
1790503957.091826439,0.013425243953,0.009104725658,-0.024552603597,0.697224771,-0.716836544,0.000689693,-0.004744634
1790503957.125163317,0.013390170464,0.009093250926,-0.024562059816,0.697140631,-0.716918039,0.000733854,-0.004788263
1790503957.158499241,0.013380679441,0.009086738080,-0.024631682123,0.697062786,-0.716993398,0.000772139,-0.004831490
1790503957.191836119,0.013395266104,0.009072443281,-0.024712807521,0.696976289,-0.717077209,0.000789533,-0.004868797
1790503957.225173235,0.013425565901,0.009063936378,-0.024845494216,0.696878685,-0.717171741,0.000810335,-0.004912746
1790503957.258510351,0.013481114070,0.009087893450,-0.025137205463,0.697923806,-0.716157137,0.000337663,-0.004604521
1790503957.291846275,0.013576179694,0.009129330616,-0.025493805096,0.698023331,-0.716051641,0.000535550,-0.005761188
1790503957.325183153,0.013761454804,0.009166280525,-0.025697764678,0.696474111,-0.717553602,0.000082087,-0.006374529
1790503957.358520031,0.014068809706,0.009220921341,-0.025838155769,0.697179097,-0.716880721,0.001187089,-0.004682946
1790503957.391855955,0.014496140781,0.009361816296,-0.026279346156,0.698463888,-0.715629230,0.004762547,0.000566113
1790503957.425193071,0.015077189913,0.009620999894,-0.027265493286,0.699946788,-0.714132779,0.006659787,0.006671909
1790503957.458529949,0.015759009340,0.009938191676,-0.028722255170,0.703413266,-0.710617111,0.008490140,0.012689188
1790503957.491866827,0.016488110532,0.010232695210,-0.030333921689,0.706481024,-0.707387471,0.011532093,0.018829237
1790503957.525202990,0.017358576424,0.010468298900,-0.031800401592,0.708841280,-0.704829898,0.013836040,0.023820536
1790503957.558539867,0.018531358490,0.010601155727,-0.032991523714,0.710162435,-0.703423915,0.013435940,0.026145491
1790503957.591876745,0.020088239479,0.010580943607,-0.033915441901,0.709668571,-0.703821145,0.013454785,0.028727760
1790503957.625213861,0.022018880204,0.010399777620,-0.034708156541,0.708740669,-0.704642079,0.012822764,0.031650937
1790503957.658549786,0.024234958084,0.010043321300,-0.035603534813,0.707742815,-0.705545947,0.010259136,0.034637750
1790503957.691886663,0.026587209768,0.009431916997,-0.036763868158,0.707133320,-0.705890481,0.008844740,0.040035828
1790503957.725223541,0.028962140163,0.008465501629,-0.038200581610,0.705763288,-0.706875413,0.010051140,0.046090201
1790503957.758559465,0.031344958975,0.007121079123,-0.039880552803,0.705283828,-0.707032130,0.011435153,0.050492837
1790503957.791896582,0.033780707357,0.005436037177,-0.041791146891,0.704770665,-0.707146025,0.013340875,0.055360908
1790503957.825233698,0.036319412526,0.003449859069,-0.043888254310,0.704991554,-0.706539354,0.015026453,0.059693017
1790503957.858570576,0.039018474332,0.001201197814,-0.046078242778,0.705827948,-0.705108310,0.018125954,0.065579171
1790503957.891901970,0.041980671238,-0.001282248915,-0.048222115500,0.705599118,-0.704462750,0.022159005,0.073287776
1790503957.925234318,0.045336578630,-0.003993802283,-0.050201114952,0.704598597,-0.704356149,0.025330722,0.082350387
1790503957.958566904,0.049155058132,-0.006893241614,-0.051987530215,0.701907140,-0.705993981,0.027609316,0.090203056
1790503957.991899252,0.053385471536,-0.009890561600,-0.053624841176,0.702199431,-0.704082885,0.032188150,0.100733177
1790503958.025230408,0.057923132096,-0.012931433305,-0.055189972900,0.700882492,-0.704261822,0.035460238,0.107338665
1790503958.058562756,0.062701895290,-0.016032710848,-0.056695895071,0.699060622,-0.704419650,0.040582805,0.116018276
1790503958.091895342,0.067716572439,-0.019198825704,-0.058067522175,0.697960540,-0.703967812,0.044659688,0.123636228
1790503958.125226259,0.072975761217,-0.022442681727,-0.059208059703,0.698324898,-0.702047586,0.046729892,0.131483237
1790503958.158558607,0.078429390043,-0.025778739657,-0.060077724052,0.698429723,-0.699771859,0.052189862,0.140682217
1790503958.191890955,0.083982723769,-0.029189762503,-0.060648504301,0.696593426,-0.699943941,0.054464036,0.147884231
1790503958.225223064,0.089603723595,-0.032650720321,-0.060855879180,0.695787212,-0.699215875,0.054138774,0.155068724
1790503958.258554220,0.095298056619,-0.036112711517,-0.060689678963,0.694578883,-0.697746166,0.059135722,0.164964934
1790503958.291886568,0.101049436295,-0.039488064127,-0.060219574356,0.692185465,-0.697604107,0.064268633,0.173485834
1790503958.325218439,0.106868230414,-0.042725257260,-0.059488126070,0.689549019,-0.698346202,0.066762839,0.179937364
1790503958.358550787,0.112780652042,-0.045817218709,-0.058522789921,0.687584118,-0.698133695,0.068162477,0.187593444
1790503958.391881943,0.118751964772,-0.048736276497,-0.057417169592,0.683679051,-0.699219198,0.072121725,0.196147712
1790503958.425213814,0.124724470212,-0.051470169714,-0.056237873355,0.681662513,-0.698212554,0.076385821,0.204940611
1790503958.458545923,0.130744527622,-0.054036977101,-0.055010752121,0.678656394,-0.697898465,0.081522923,0.213815915
1790503958.491876841,0.136917279815,-0.056420780549,-0.053769468038,0.675630914,-0.697617098,0.085819895,0.222459431
1790503958.525208950,0.143287684757,-0.058602354644,-0.052513757842,0.673896246,-0.696727914,0.086302102,0.230186902
1790503958.558540821,0.149807046558,-0.060630916884,-0.051176940308,0.671795113,-0.696213247,0.085981106,0.237877471
1790503958.591872692,0.156363423817,-0.062580402642,-0.049717062530,0.669318199,-0.695464212,0.086647289,0.246647372
1790503958.625203609,0.162869604756,-0.064496810360,-0.048151279230,0.665191688,-0.696173567,0.089410381,0.254692297
1790503958.658535719,0.169309797018,-0.066436299558,-0.046464905085,0.661885817,-0.695670529,0.092303765,0.263495152
1790503958.691867352,0.175731824793,-0.068474652549,-0.044622417945,0.657342193,-0.696182158,0.096564801,0.271858203
1790503958.725198269,0.182202665433,-0.070632887827,-0.042644709601,0.650854194,-0.698934666,0.101238977,0.278621286
1790503958.758530140,0.188785082087,-0.072858366618,-0.040625125847,0.646396068,-0.700349373,0.102706792,0.284840646
1790503958.791861773,0.195520708448,-0.075082043520,-0.038660269577,0.642731295,-0.700709868,0.103565215,0.291849979
1790503958.825193644,0.202413202873,-0.077289246347,-0.036783416794,0.640037056,-0.701022137,0.101382002,0.297728434
1790503958.858524323,0.209455601740,-0.079495814898,-0.034975286363,0.636570501,-0.701660739,0.100903229,0.303757705
1790503958.891856432,0.216655778524,-0.081692113769,-0.033212340183,0.632706928,-0.702169543,0.100507810,0.310705740
1790503958.925188541,0.223983781444,-0.083859927807,-0.031525110565,0.628955631,-0.703178978,0.098834824,0.316521432
1790503958.958520412,0.231310685097,-0.085993554711,-0.029949495603,0.627544702,-0.702091324,0.095683927,0.322645326
1790503958.991851330,0.238493830822,-0.088085539627,-0.028428908179,0.625134120,-0.701230495,0.097086602,0.328720729
1790503959.025183439,0.245470079202,-0.090104001378,-0.026813610562,0.622631893,-0.700539375,0.099484884,0.334180889
1790503959.058515072,0.252255660205,-0.091981919048,-0.025000350247,0.617594168,-0.701767461,0.104465830,0.339391758
1790503959.091845989,0.258897398634,-0.093657037839,-0.023028362158,0.613917353,-0.702116888,0.106733736,0.344594353
1790503959.125177622,0.265426000901,-0.095123970717,-0.021018579459,0.610194569,-0.702317693,0.107633007,0.350467662
1790503959.158509254,0.271797169499,-0.096431787983,-0.019068956335,0.606113838,-0.702757726,0.107185054,0.356747751
1790503959.191841125,0.277895599178,-0.097626604177,-0.017227918833,0.602099981,-0.703299629,0.108787039,0.361953900
1790503959.225171566,0.283628329622,-0.098738451370,-0.015448967477,0.598071254,-0.703158602,0.112546429,0.367711921
1790503959.258503437,0.288983814715,-0.099786374504,-0.013623987011,0.595829094,-0.702515858,0.113972737,0.372114734
1790503959.291835070,0.293984808790,-0.100767112788,-0.011660417278,0.593129745,-0.702852678,0.117312717,0.374743838
1790503959.325166464,0.298716393232,-0.101658198051,-0.009460173510,0.589782700,-0.704270194,0.119360402,0.376713359
1790503959.358497143,0.303337910772,-0.102424691843,-0.006965741631,0.585757771,-0.705362682,0.121915697,0.380115619
1790503959.391828299,0.307975532164,-0.103012910662,-0.004219879999,0.582129162,-0.706446365,0.122685767,0.383415409
1790503959.425159931,0.312670168810,-0.103391893360,-0.001337894637,0.578866916,-0.708017558,0.120359140,0.386183776
1790503959.458490133,0.317364083254,-0.103572185394,0.001569858744,0.574757638,-0.710272211,0.117848393,0.388945755
1790503959.491821766,0.321960946754,-0.103570778114,0.004445709973,0.570177170,-0.712099814,0.117022933,0.392577997
1790503959.525153160,0.326432933234,-0.103390384862,0.007252636410,0.565875704,-0.714093479,0.116590463,0.395299703
1790503959.558484316,0.330811087351,-0.103031654183,0.009941147397,0.562299456,-0.715496914,0.115047452,0.398305876
1790503959.591814518,0.335122769526,-0.102526608053,0.012496345623,0.559099724,-0.716548605,0.112922940,0.401514638
1790503959.625145674,0.339384226895,-0.101955298062,0.014954927553,0.555270318,-0.717952283,0.111216788,0.404784163
1790503959.658477068,0.343593855276,-0.101361276322,0.017317391697,0.551252981,-0.719617825,0.110468141,0.407513345
1790503959.691808224,0.347771058427,-0.100736127596,0.019550163298,0.547918937,-0.721034449,0.109025373,0.409887337
1790503959.725138187,0.351976876125,-0.100115236201,0.021642977973,0.545024771,-0.722872128,0.105902210,0.411325429
1790503959.758469343,0.356209932112,-0.099546394838,0.023597131089,0.541175004,-0.725031008,0.102770266,0.413398023
1790503959.791800261,0.360412392986,-0.098982850398,0.025416819368,0.537755612,-0.726921078,0.099895157,0.415241622
1790503959.825130463,0.364597706321,-0.098324461802,0.027135940829,0.533747577,-0.728804350,0.097563589,0.417659059
1790503959.858461142,0.368837360905,-0.097514317174,0.028835149519,0.529233184,-0.730185471,0.094294777,0.421722552
1790503959.891796827,0.373160505102,-0.096537489214,0.030645529440,0.526108637,-0.731825580,0.088471175,0.424044659
1790503959.925132513,0.377528555023,-0.095400419705,0.032693487909,0.520684132,-0.734725080,0.082751156,0.426871570
1790503959.958467007,0.381828921178,-0.094146407280,0.035039724601,0.514463657,-0.737857899,0.077339272,0.430013375
1790503959.991802692,0.385927316306,-0.092826813860,0.037723049478,0.508691761,-0.740204221,0.072171795,0.433729911
1790503960.025138378,0.389752937459,-0.091480723476,0.040813482943,0.502441803,-0.743853724,0.067759944,0.435479577
1790503960.058473110,0.393253188628,-0.090139984785,0.044286507799,0.496440636,-0.747873922,0.063885886,0.436061792
1790503960.091808796,0.396360763397,-0.088830950181,0.048020151410,0.489328005,-0.753011451,0.059760237,0.435844665
1790503960.125144482,0.399042598663,-0.087591833008,0.051889569109,0.484334688,-0.756491044,0.057317331,0.435724608
1790503960.158480167,0.401311454366,-0.086463393083,0.055742261672,0.480113102,-0.759867101,0.055857712,0.434710609
1790503960.191814899,0.403250651446,-0.085432149483,0.059440791533,0.475179420,-0.762916415,0.055714341,0.434809125
1790503960.225150824,0.404996643951,-0.084453118661,0.062891898079,0.472570110,-0.765297672,0.052773593,0.433833969
1790503960.258486509,0.406617372842,-0.083485280557,0.065989511157,0.468935391,-0.767505137,0.050483766,0.434150727
1790503960.291822433,0.408097615444,-0.082462315327,0.068669016319,0.464891370,-0.769383162,0.048093864,0.435445225
1790503960.325157166,0.409430632262,-0.081304405749,0.070988633960,0.460882985,-0.771135314,0.046174316,0.436812471
1790503960.358493090,0.410624995600,-0.079963164566,0.073097768324,0.456890838,-0.772713288,0.045034595,0.438334144
1790503960.391828775,0.411700366273,-0.078435470077,0.075142112904,0.453308798,-0.773906649,0.044755161,0.439973417
1790503960.425163746,0.412701140938,-0.076781831099,0.077195309555,0.450492235,-0.775024764,0.042937943,0.441077877
1790503960.458499670,0.413603626600,-0.075092876357,0.079227047574,0.446994844,-0.777345271,0.038526005,0.440959959
1790503960.491835594,0.414316586735,-0.073436393873,0.081168595417,0.444867807,-0.779402288,0.036000532,0.439691561
1790503960.525171518,0.414859076141,-0.071906024407,0.082993906563,0.441259049,-0.781616031,0.037523282,0.439270799
1790503960.558506489,0.415347727707,-0.070605943570,0.084655514625,0.436656821,-0.784484895,0.037913876,0.438721790
1790503960.591842413,0.415831194102,-0.069545078391,0.086095030020,0.434322766,-0.786030453,0.038544575,0.438217044
1790503960.625178576,0.416313127721,-0.068662327336,0.087372263978,0.434071191,-0.786735469,0.037741072,0.437270070
1790503960.658514500,0.416808306667,-0.067903385184,0.088618090053,0.430812398,-0.788226266,0.038036049,0.437782241
1790503960.691849470,0.417270254852,-0.067213509325,0.089906775747,0.427770246,-0.789764344,0.036033145,0.438162654
1790503960.725185633,0.417609348014,-0.066560323388,0.091239705221,0.425757269,-0.791392568,0.032209468,0.437482688
1790503960.758521557,0.417777841612,-0.065977809227,0.092564710978,0.422746319,-0.793582738,0.030801782,0.436535494
1790503960.791856766,0.417789392497,-0.065510534284,0.093785940473,0.419810913,-0.795175604,0.031259140,0.436437192
1790503960.825192690,0.417689791185,-0.065162644706,0.094827511927,0.417929468,-0.796178057,0.032742295,0.436306548
1790503960.858528852,0.417504035916,-0.064903095186,0.095724600805,0.418328642,-0.796042251,0.032633879,0.436179908
1790503960.891861916,0.417256118448,-0.064666685683,0.096646480876,0.417954007,-0.796518805,0.032499726,0.435678792
1790503960.925194025,0.416935475634,-0.064403100219,0.097709931888,0.417142729,-0.797041870,0.031194966,0.435595081
1790503960.958527088,0.416441156737,-0.064057804869,0.098905796783,0.416368593,-0.797472410,0.030281048,0.435612222
1790503960.991860151,0.415725148539,-0.063509744744,0.100301840021,0.415824340,-0.798109317,0.030851409,0.434925082
1790503961.025193214,0.414909067173,-0.062666326856,0.102046259604,0.414192777,-0.799344208,0.031808536,0.434144443
1790503961.058525085,0.414114224441,-0.061564815058,0.104109266231,0.411926777,-0.800872307,0.030981935,0.433543537
1790503961.091858149,0.413342502242,-0.060318309160,0.106301116486,0.409192999,-0.802868261,0.029839055,0.432519684
1790503961.125191212,0.412577221141,-0.059044752390,0.108482591915,0.404333230,-0.805573202,0.030421345,0.432019672
1790503961.158523083,0.411814928671,-0.057825108965,0.110597988542,0.401614728,-0.807046110,0.030791443,0.431780122
1790503961.191856146,0.411016677502,-0.056678547483,0.112594327847,0.399397885,-0.809136643,0.029852565,0.429986101
1790503961.225189209,0.410149257552,-0.055607636025,0.114361238499,0.397681101,-0.811024423,0.030885426,0.427943007
1790503961.258522034,0.409261062335,-0.054648651542,0.115766866884,0.395554822,-0.812168583,0.032828997,0.427598915
1790503961.291853905,0.408482840059,-0.053831975073,0.116768209157,0.395699286,-0.812720371,0.034343662,0.426295890
1790503961.325186729,0.407939739702,-0.053181736825,0.117402265096,0.395841781,-0.813647040,0.033807019,0.424434758
1790503961.358519793,0.407646316634,-0.052729875477,0.117668606856,0.395631357,-0.813880630,0.033296252,0.424223420
1790503961.391851664,0.407548958992,-0.052488619328,0.117567811666,0.396137973,-0.812906789,0.033552045,0.425595487
1790503961.425184488,0.407631020549,-0.052472470654,0.117162551004,0.396910242,-0.812411372,0.031990528,0.425942047
1790503961.458517313,0.407853877309,-0.052728175677,0.116448997648,0.396996666,-0.812077324,0.030211006,0.426627897
1790503961.491850138,0.408119149148,-0.053299844330,0.115299283272,0.398980561,-0.810453237,0.029631422,0.427904243
1790503961.525181770,0.408386693955,-0.054198116735,0.113603249199,0.399841735,-0.808876190,0.032247755,0.429890658
1790503961.558514595,0.408709434328,-0.055429161118,0.111350866728,0.402744509,-0.806879075,0.033170035,0.430862818
1790503961.591847420,0.409097999697,-0.056990974066,0.108584111122,0.406080470,-0.803683164,0.035922714,0.433476161
1790503961.625180244,0.409529509668,-0.058821414545,0.105439988415,0.407943321,-0.800806476,0.040285291,0.436655848
1790503961.658511877,0.410041468293,-0.060797273341,0.102085438706,0.411154043,-0.797055240,0.043944589,0.440141079
1790503961.691844702,0.410654456825,-0.062783907162,0.098609284410,0.411766332,-0.794610045,0.044445072,0.443923417
1790503961.725177526,0.411319487666,-0.064706446730,0.095042710917,0.412042617,-0.792537032,0.044880852,0.447316045
1790503961.758509159,0.411928290902,-0.066589832269,0.091321976486,0.413634723,-0.789773006,0.045666756,0.450643388
1790503961.791841745,0.412386798971,-0.068523383811,0.087339278637,0.417476976,-0.785297307,0.047327750,0.454732007
1790503961.825174570,0.412663043737,-0.070600855580,0.083044744003,0.422438718,-0.780670516,0.049401813,0.457884850
1790503961.858507156,0.412795715045,-0.072876445713,0.078491423452,0.427833848,-0.774938841,0.054200036,0.462050157
1790503961.891845942,0.412932160462,-0.075329484884,0.073858390381,0.432424662,-0.768954075,0.060109637,0.467017531
1790503961.925185442,0.413280323604,-0.077868411176,0.069347067257,0.435206629,-0.764963330,0.065087942,0.470308254
1790503961.958525419,0.413958677591,-0.080374549024,0.065044663940,0.440348205,-0.760309050,0.067300732,0.472751750
1790503961.991865158,0.414981572113,-0.082757150639,0.061000723027,0.444885064,-0.756253827,0.067160145,0.475023098
1790503962.025203943,0.416319940745,-0.084953858724,0.057296354737,0.445138526,-0.754769918,0.068230985,0.476989094
1790503962.058543682,0.417942303250,-0.086917427971,0.053952491400,0.447044770,-0.752447574,0.070161628,0.478592696
1790503962.091883898,0.419845447007,-0.088624165656,0.050855086110,0.448749966,-0.748862353,0.073507519,0.482105060
1790503962.125222683,0.422047282784,-0.090110587036,0.047833684541,0.448689420,-0.746539631,0.075599024,0.485428852
1790503962.158562422,0.424527564793,-0.091461992196,0.044760564852,0.448933040,-0.743390814,0.075995538,0.489952959
1790503962.191902637,0.427224303527,-0.092758549624,0.041599127859,0.448831975,-0.740491082,0.076426638,0.494349860
1790503962.225242376,0.430084096340,-0.094060900316,0.038424241399,0.450061298,-0.736793069,0.076873628,0.498669477
1790503962.258581638,0.433077799994,-0.095415476503,0.035371233346,0.448638618,-0.735100251,0.079029111,0.502100997
1790503962.291921616,0.436203994853,-0.096839593976,0.032620952311,0.447776752,-0.731600425,0.083189168,0.507283315
1790503962.325261831,0.439483554153,-0.098346045896,0.030356141340,0.443916009,-0.729573233,0.089543498,0.512487499
1790503962.358601809,0.442934123236,-0.099937895595,0.028614333175,0.437879002,-0.729563270,0.095897820,0.516529789
1790503962.391940832,0.446561378990,-0.101590092189,0.027222386962,0.434365448,-0.728817914,0.099371008,0.519881244
1790503962.425281286,0.450376954290,-0.103291462747,0.025934871285,0.433739647,-0.728917798,0.099049435,0.520324871
1790503962.458621264,0.454375985386,-0.105049477729,0.024553759479,0.434831738,-0.727660706,0.098132051,0.521345718
1790503962.491960764,0.458539629691,-0.106843346057,0.022976211202,0.434236237,-0.725764617,0.100024966,0.524117943
1790503962.525300741,0.462892126866,-0.108571716713,0.021219396974,0.433106200,-0.724065318,0.101745856,0.527063769
1790503962.558641195,0.467440979124,-0.110112189150,0.019385495628,0.432227135,-0.721900197,0.102606974,0.530576685
1790503962.591981411,0.472113495514,-0.111412643122,0.017596661653,0.431559007,-0.718864476,0.103868771,0.534978474
1790503962.625320911,0.476826420021,-0.112445911004,0.016010413698,0.428741585,-0.716562803,0.108534746,0.539387255
1790503962.658661366,0.481586793924,-0.113170359175,0.014830017450,0.423361644,-0.715269966,0.112479890,0.544520035
1790503962.692001820,0.486484289082,-0.113592706190,0.014174529592,0.418105673,-0.713536278,0.114977029,0.550303470
1790503962.725341082,0.491580141547,-0.113827301559,0.014022757238,0.415161954,-0.712448678,0.113899940,0.554151818
1790503962.758681536,0.496860808190,-0.114086068168,0.014269710229,0.413173230,-0.711966120,0.112975979,0.556442769
1790503962.792022228,0.502266386941,-0.114571910061,0.014778000191,0.410180605,-0.711305226,0.113059974,0.559476710
1790503962.825362682,0.507780768035,-0.115334733998,0.015415427115,0.409230289,-0.709498211,0.115400590,0.561983596
1790503962.858702183,0.513504374088,-0.116224233686,0.016080128276,0.406883788,-0.710011268,0.117452224,0.562614040
1790503962.892037392,0.519658066920,-0.116977515940,0.016689201415,0.405922694,-0.709032012,0.118564110,0.564307473
1790503962.925372362,0.526446821167,-0.117336814371,0.017168058952,0.402257295,-0.710130917,0.117010558,0.565872494
1790503962.958707333,0.533901800729,-0.117162360024,0.017526352557,0.398448260,-0.710508763,0.112975097,0.568905009
1790503962.992041588,0.541830557910,-0.116489237336,0.017867084597,0.394424979,-0.710128290,0.108101156,0.573115073
1790503963.025376558,0.549935487207,-0.115480181114,0.018328069310,0.389010089,-0.709120649,0.104508410,0.578702901
1790503963.058711529,0.557965557706,-0.114324456234,0.019062197564,0.383473042,-0.708334200,0.100949448,0.583969430
1790503963.092045307,0.565736364621,-0.113177149846,0.020228675560,0.380854828,-0.707868792,0.095858492,0.587096690
1790503963.125380516,0.573090550134,-0.112087976563,0.021933954456,0.383445381,-0.709092192,0.092627624,0.584446770
1790503963.158715487,0.579987780998,-0.110976273659,0.024130229630,0.384194278,-0.712121654,0.092607965,0.580259659
1790503963.192050457,0.586484448210,-0.109725366526,0.026571185775,0.382232221,-0.714673178,0.092062358,0.578502636
1790503963.225384474,0.592591927391,-0.108236303318,0.029007623750,0.385968091,-0.714173026,0.091122666,0.576786079
1790503963.258719683,0.598377529334,-0.106453422154,0.031445946828,0.389909226,-0.714115553,0.089920668,0.574390152
1790503963.292054653,0.604005331020,-0.104390708961,0.034076835514,0.389178619,-0.715421276,0.089416410,0.573338562
1790503963.325389624,0.609541833916,-0.102037056211,0.036987211530,0.386688398,-0.717090488,0.090383098,0.572786356
1790503963.358723640,0.614913234598,-0.099344935399,0.040072761595,0.383438189,-0.719964268,0.089799397,0.571456626
1790503963.392058611,0.619914446634,-0.096323357600,0.043153847600,0.379218493,-0.723254235,0.087560617,0.570464534
1790503963.425393581,0.624284898482,-0.093046356843,0.046167654952,0.379780226,-0.723836100,0.086223084,0.569555844
1790503963.458727598,0.627911339249,-0.089605075130,0.049260965196,0.382618095,-0.721606804,0.084133042,0.570796501
1790503963.492062569,0.630822010344,-0.086125479484,0.052619971854,0.382430833,-0.724541312,0.082269427,0.567466551
1790503963.525397778,0.633011825892,-0.082720751633,0.056271395974,0.380609690,-0.728919460,0.080699970,0.563294061
1790503963.558732748,0.634476336858,-0.079403475167,0.060103342278,0.378739815,-0.732889740,0.082041098,0.559194098
1790503963.592066765,0.635330453679,-0.076174651147,0.063948892727,0.376449162,-0.736680699,0.082900278,0.555621382
1790503963.625401497,0.635735664683,-0.073080199459,0.067623621405,0.376226786,-0.739593705,0.081688739,0.552070201
1790503963.658736467,0.635840724459,-0.070204485092,0.070978595088,0.374007584,-0.742300843,0.081894240,0.549910101
1790503963.692071438,0.635739737807,-0.067685099888,0.073873749676,0.372644040,-0.744682022,0.079527244,0.547960329
1790503963.725405455,0.635431819962,-0.065653094300,0.076169314708,0.372722798,-0.746553908,0.076089980,0.545843652
1790503963.758740425,0.634964873642,-0.064180972491,0.077840861546,0.372750521,-0.747103218,0.076593538,0.545002074
1790503963.792075396,0.634394053803,-0.063306129164,0.078913020392,0.371404294,-0.747872504,0.074206363,0.545196281
1790503963.825409412,0.633672449159,-0.063037732065,0.079368576073,0.372901625,-0.747383340,0.072222496,0.545111395
1790503963.858744383,0.632706974887,-0.063372098695,0.079213652748,0.374919176,-0.747318830,0.071302000,0.543935844
1790503963.892081022,0.631425256110,-0.064283104898,0.078470409913,0.377209238,-0.745929239,0.072702940,0.544074483
1790503963.925417662,0.629801647305,-0.065669515391,0.077151462132,0.380909350,-0.744056018,0.074634196,0.543800006
1790503963.958753586,0.627916316662,-0.067384823610,0.075314164393,0.383797297,-0.742017091,0.077216252,0.544194746
1790503963.992090225,0.625871195276,-0.069311169433,0.073079694399,0.384777288,-0.739859128,0.079498423,0.546108881
1790503964.025427341,0.623680716477,-0.071351552116,0.070594075738,0.385775796,-0.736949169,0.082976750,0.548814920
1790503964.058763027,0.621342875770,-0.073420682136,0.067973264098,0.386760993,-0.734784980,0.085111087,0.550693264
1790503964.092099905,0.618888796576,-0.075470788438,0.065257905731,0.388861578,-0.732637311,0.085064957,0.552080789
1790503964.125436783,0.616324383302,-0.077491952238,0.062459854193,0.390989021,-0.730087849,0.086217139,0.553774252
1790503964.158773661,0.613632702952,-0.079479182148,0.059620417932,0.393917634,-0.727719654,0.088353932,0.554478661
1790503964.192109585,0.610801362289,-0.081418725346,0.056761169368,0.396499118,-0.726231405,0.090869441,0.554183310
1790503964.225446701,0.607840508963,-0.083287107802,0.053884323470,0.400931178,-0.723197033,0.094406497,0.554371406
1790503964.258783579,0.604783863854,-0.085068545041,0.051011612342,0.402136770,-0.720868134,0.097841078,0.555933696
1790503964.292120934,0.601567828869,-0.086809054844,0.048141982674,0.404061410,-0.721890830,0.093642853,0.553930522
1790503964.325456858,0.598022632217,-0.088607280778,0.045257783690,0.406710121,-0.719752201,0.097352912,0.554135414
1790503964.358793974,0.594038877951,-0.090557150873,0.042430674894,0.411177186,-0.717679008,0.100473922,0.552969397
1790503964.392131090,0.589615374034,-0.092703158800,0.039725938468,0.413343191,-0.716937077,0.103354294,0.551784853
1790503964.425467014,0.584776383723,-0.095022004216,0.037132644077,0.415234626,-0.713918360,0.110627330,0.552867411
1790503964.458804131,0.579566685476,-0.097433518488,0.034576947266,0.419323707,-0.711783474,0.116581078,0.551308232
1790503964.492141247,0.574032238920,-0.099849231062,0.031903986007,0.423939625,-0.713602479,0.119011335,0.544869708
1790503964.525478840,0.568244312851,-0.102210426066,0.028979546229,0.427449388,-0.709621322,0.127136320,0.545491481
1790503964.558815002,0.562295615306,-0.104501235842,0.025786764386,0.431359045,-0.707069204,0.130958868,0.544823174
1790503964.592152119,0.556185022199,-0.106723467780,0.022373799685,0.449278643,-0.703031622,0.125659969,0.536753957
1790503964.625489473,0.549843830341,-0.108860220543,0.018884750966,0.451266643,-0.701422890,0.129704232,0.536228643
1790503964.658826828,0.543313127030,-0.110918161505,0.015628658329,0.460315828,-0.698308877,0.133159861,0.531735369
1790503964.692162991,0.536678287975,-0.112907957191,0.012772229471,0.465826578,-0.696950865,0.137192665,0.527677234
1790503964.725500584,0.529962102293,-0.114838839666,0.010317765538,0.470209311,-0.695993691,0.140980618,0.524042414
1790503964.758837938,0.523108254345,-0.116707137442,0.008179227739,0.473734561,-0.695226984,0.145752660,0.520568121
1790503964.792174339,0.516067008138,-0.118493606173,0.006212337077,0.476824786,-0.694087135,0.152149826,0.517427872
1790503964.825511694,0.508900525823,-0.120169813844,0.004302573436,0.480923336,-0.692600648,0.157192767,0.514108473
1790503964.858849287,0.501755632777,-0.121679570525,0.002394110607,0.485846983,-0.691905802,0.159358049,0.509729421
1790503964.892183065,0.494757365929,-0.122971287296,0.000469079279,0.491395580,-0.691239669,0.159750385,0.505171178
1790503964.925515890,0.487923348048,-0.124038953568,-0.001473253534,0.496328411,-0.690138362,0.159736986,0.501847831
1790503964.958849907,0.481180819566,-0.124885730464,-0.003416988710,0.500377554,-0.689303705,0.160476609,0.498728346
1790503964.992183685,0.474431223224,-0.125494854696,-0.005356448480,0.504072968,-0.688866939,0.161117919,0.495392571
1790503965.025517225,0.467604180075,-0.125882588396,-0.007295024608,0.511173445,-0.688305573,0.160070626,0.489197856
1790503965.058850050,0.460633849249,-0.126124700763,-0.009240255762,0.515947739,-0.688495124,0.161307488,0.483479357
1790503965.092183828,0.453471069515,-0.126317811054,-0.011250503078,0.520600680,-0.688275780,0.163224017,0.478131052
1790503965.125517607,0.446121970309,-0.126499675692,-0.013443700548,0.525886905,-0.686417158,0.165293921,0.474291438
1790503965.158850431,0.438658014631,-0.126657472527,-0.015837092970,0.531478970,-0.685495901,0.164503717,0.469642418
1790503965.192183971,0.431148248834,-0.126789771270,-0.018319694103,0.540328328,-0.683570467,0.161403620,0.463384922
1790503965.225517750,0.423604584396,-0.126911541570,-0.020771873977,0.546806851,-0.682190318,0.160659984,0.458046950
1790503965.258851290,0.416032225613,-0.126999403250,-0.023113842456,0.550194464,-0.682473359,0.160256827,0.453689228
1790503965.292184114,0.408479952632,-0.126988381943,-0.025339067492,0.554459651,-0.681669019,0.162244810,0.448974905
1790503965.325517654,0.401034758512,-0.126825257643,-0.027512743867,0.557950510,-0.681568699,0.164011549,0.444134606
1790503965.358850956,0.393771999101,-0.126503102276,-0.029725063870,0.562018867,-0.681086931,0.164283845,0.439620522
1790503965.392183542,0.386698092310,-0.126065415395,-0.032037084412,0.566019787,-0.680464271,0.164206753,0.435460811
1790503965.425517321,0.379787019325,-0.125564618696,-0.034460626839,0.570569360,-0.679380864,0.164062216,0.431249159
1790503965.458850861,0.373056600534,-0.125032549020,-0.036947265846,0.575705959,-0.677677320,0.162841568,0.427549672
1790503965.492184401,0.366549631523,-0.124485514017,-0.039374249711,0.580411214,-0.676616879,0.160627664,0.423687592
1790503965.525516510,0.360246752653,-0.123916002828,-0.041606491587,0.583572142,-0.676166867,0.160621227,0.420050883
1790503965.558850050,0.354108066853,-0.123285768894,-0.043566795726,0.585112487,-0.675917853,0.162359812,0.417633481
1790503965.592183590,0.348104035967,-0.122556766788,-0.045290876519,0.586790047,-0.676394407,0.163500305,0.414047941
1790503965.625516891,0.342155817941,-0.121718588780,-0.046919436194,0.589304028,-0.677338523,0.163397202,0.408943324
1790503965.658849478,0.336135927777,-0.120799774417,-0.048604054370,0.591744069,-0.678430861,0.164309520,0.403203306
1790503965.692182541,0.329982433552,-0.119826432386,-0.050399342018,0.594143885,-0.677474979,0.168949897,0.399345250
1790503965.725516081,0.323834449506,-0.118814631284,-0.052231790405,0.596781892,-0.676197283,0.172104436,0.396217960
1790503965.758848429,0.317910632720,-0.117784554431,-0.054018839032,0.599823999,-0.676200490,0.171798508,0.391726103
1790503965.792181730,0.312282276115,-0.116735716611,-0.055756533777,0.603707290,-0.676334779,0.170713125,0.385960884
1790503965.825514793,0.306942149641,-0.115600697909,-0.057466418424,0.605593754,-0.677393994,0.171419966,0.380800180
1790503965.858848095,0.301949165005,-0.114264298002,-0.059175151631,0.606238019,-0.679972257,0.171263812,0.375209142
1790503965.892184973,0.297346225416,-0.112671670475,-0.060999798452,0.606685455,-0.685007655,0.169393108,0.366064537
1790503965.925522804,0.293022770810,-0.110837238488,-0.063152356155,0.608499527,-0.689190761,0.164725041,0.357225533
1790503965.958860636,0.288770915688,-0.108804374588,-0.065805096546,0.612539697,-0.690275785,0.159503818,0.350532441
1790503965.992198467,0.284511667883,-0.106697979343,-0.068939369807,0.618301310,-0.688691634,0.156769652,0.344718145
1790503966.025535345,0.280367213206,-0.104710677252,-0.072357456690,0.623209145,-0.687619835,0.152962966,0.339693472
1790503966.058873177,0.276454361045,-0.102974586830,-0.075857929885,0.627229722,-0.687608904,0.146583919,0.335097038
1790503966.092211246,0.272729166859,-0.101469197068,-0.079362014636,0.633053350,-0.688034936,0.137270904,0.327120899
1790503966.125548124,0.269036868524,-0.100068883506,-0.082864337607,0.637644144,-0.689388187,0.130304723,0.318079475
1790503966.158885956,0.265241250898,-0.098666786819,-0.086339394135,0.642284620,-0.690118476,0.124790799,0.309247818
1790503966.192223787,0.261320836251,-0.097188218357,-0.089767814834,0.645384005,-0.691247744,0.120200751,0.302006328
1790503966.225561857,0.257391501579,-0.095559705802,-0.093120254396,0.648358864,-0.692325001,0.115730962,0.294827443
1790503966.258898735,0.253648599836,-0.093748848754,-0.096308801997,0.653863482,-0.691830819,0.110676362,0.285628095
1790503966.292236567,0.250221489957,-0.091734002331,-0.099221098933,0.658493904,-0.694818168,0.102217344,0.270490492
1790503966.325574398,0.247059504982,-0.089475292404,-0.101742289939,0.662668673,-0.698831423,0.092933711,0.252721583
1790503966.358912706,0.244034804166,-0.087002356265,-0.103799234883,0.667508053,-0.701311467,0.085149286,0.235254808
1790503966.392249584,0.241049676295,-0.084437762452,-0.105390632853,0.671059132,-0.705994901,0.077150542,0.212834761
1790503966.425587416,0.237966766099,-0.081919082708,-0.106554870916,0.673376933,-0.710501420,0.070797766,0.191673982
1790503966.458925247,0.234603897343,-0.079499905705,-0.107379616545,0.674669360,-0.714217411,0.065926084,0.174265589
1790503966.492262363,0.230827406729,-0.077151383706,-0.107938608768,0.674768433,-0.717561143,0.065994231,0.159493980
1790503966.525600433,0.226611780178,-0.074853205907,-0.108216461081,0.674253477,-0.721033462,0.067568841,0.144663222
1790503966.558938265,0.222043929928,-0.072657829487,-0.108165944012,0.671271322,-0.725932777,0.072130379,0.131200701
1790503966.592276335,0.217235117605,-0.070634988351,-0.107781317617,0.669098553,-0.730299224,0.071739931,0.117573607
1790503966.625613213,0.212211709058,-0.068772968437,-0.107117260329,0.666700763,-0.734892475,0.070075484,0.102628305
1790503966.658951521,0.206882959241,-0.066985046352,-0.106264458917,0.663321146,-0.740475188,0.066447824,0.085359472
1790503966.692289352,0.201140445022,-0.065203259740,-0.105324317792,0.659311593,-0.746080701,0.064060675,0.067587285
1790503966.725626469,0.194955568166,-0.063389331545,-0.104430156572,0.656229555,-0.750134310,0.062813477,0.052112905
1790503966.758964300,0.188417145147,-0.061503142380,-0.103787485225,0.655124219,-0.752184307,0.059969314,0.037877514
1790503966.792302608,0.181686001213,-0.059528201638,-0.103612847386,0.656604227,-0.751885649,0.055005601,0.022654880
1790503966.825640678,0.174902878195,-0.057530266442,-0.103987876019,0.659192081,-0.750343118,0.049034837,0.006825727
1790503966.858977556,0.168125888677,-0.055645932892,-0.104821251645,0.661872976,-0.748229263,0.045146483,-0.006239330
1790503966.892314196,0.161396991165,-0.053990641155,-0.105956332216,0.663542759,-0.746765303,0.041132958,-0.018991289
1790503966.925650835,0.154787097351,-0.052564770428,-0.107279277744,0.665476914,-0.744853868,0.036565288,-0.031562183
1790503966.958987236,0.148342343738,-0.051268707494,-0.108715514691,0.666918375,-0.743129561,0.029476335,-0.045929095
1790503966.992322922,0.142098473940,-0.049995683082,-0.110180453689,0.668315034,-0.741049307,0.022955719,-0.060613323
1790503967.025659561,0.136108181679,-0.048690750534,-0.111616138733,0.667434711,-0.740703005,0.015531324,-0.075158124
1790503967.058996439,0.130331306996,-0.047380354275,-0.113047379310,0.666357784,-0.740327519,0.009237319,-0.088301416
1790503967.092331886,0.124634397811,-0.046130886950,-0.114546607061,0.665391444,-0.739645382,0.004564363,-0.100787408
1790503967.125668526,0.118949991226,-0.044997029698,-0.116144809892,0.663776701,-0.739164328,-0.000448440,-0.114176993
1790503967.159005165,0.113274916307,-0.044020336143,-0.117795722029,0.663694561,-0.737400284,-0.003059037,-0.125463119
1790503967.192341805,0.107651965314,-0.043264267240,-0.119391710919,0.663556559,-0.735538844,-0.004877358,-0.136570544
1790503967.225677490,0.102207400780,-0.042786492330,-0.120803706035,0.662050393,-0.734846959,-0.008250864,-0.147041315
1790503967.259014130,0.097065667111,-0.042567666588,-0.121941204167,0.660805241,-0.733850612,-0.012564559,-0.156977211
1790503967.292350769,0.092249429885,-0.042523615739,-0.122774537982,0.659323789,-0.732708497,-0.018115008,-0.167637246
1790503967.325687408,0.087693493149,-0.042555878200,-0.123336097338,0.656616536,-0.732126340,-0.025176247,-0.179476746
1790503967.359023094,0.083275947783,-0.042562098945,-0.123694509432,0.654014641,-0.732234706,-0.029795797,-0.187641667
1790503967.392359972,0.078885321300,-0.042482938677,-0.123850695673,0.651408485,-0.732578597,-0.032128096,-0.194841913
1790503967.425696611,0.074447199495,-0.042336882212,-0.123767388078,0.649298069,-0.732236547,-0.034235765,-0.202656283
1790503967.459032297,0.069876514470,-0.042182565005,-0.123477817614,0.647366613,-0.731979395,-0.035848795,-0.209374062
1790503967.492368937,0.065094102225,-0.042049621702,-0.123048272631,0.645488538,-0.732031564,-0.037809942,-0.214580392
1790503967.525705576,0.060101076949,-0.041920415801,-0.122498478422,0.643144651,-0.732348446,-0.038766962,-0.220290341
1790503967.559042215,0.054972473347,-0.041766073697,-0.121801423462,0.641418036,-0.732078808,-0.038921468,-0.226116433
1790503967.592377901,0.049773286475,-0.041571365986,-0.120892886112,0.638423144,-0.732880486,-0.038563972,-0.231980392
1790503967.625714540,0.044540254459,-0.041314711887,-0.119722658112,0.634253989,-0.734546379,-0.037539016,-0.238231646
1790503967.659051418,0.039315214884,-0.040978276427,-0.118333433222,0.631013946,-0.735358784,-0.035216878,-0.244598919
1790503967.692388296,0.034157436845,-0.040591643603,-0.116797447071,0.627426886,-0.736580294,-0.032568371,-0.250448148
1790503967.725723982,0.029130877316,-0.040205248075,-0.115140398454,0.623405582,-0.737796818,-0.032554385,-0.256829805
1790503967.759060621,0.024289588374,-0.039787099694,-0.113414329760,0.621153998,-0.737870963,-0.032749446,-0.261995469
1790503967.792397499,0.019677413901,-0.039226899757,-0.111669243677,0.619016887,-0.736959646,-0.034786333,-0.269255427
1790503967.825733185,0.015331090648,-0.038503404966,-0.109877307728,0.615640638,-0.737154367,-0.037242898,-0.276048927
1790503967.859069824,0.011265283858,-0.037697172053,-0.108060652634,0.611637772,-0.739084824,-0.037078072,-0.279782192
1790503967.892404556,0.007464835962,-0.036840963064,-0.106352116302,0.608234604,-0.740033564,-0.036823337,-0.284684092
1790503967.925739288,0.003901723203,-0.035956428718,-0.104808660648,0.605467362,-0.740938162,-0.036238032,-0.288282358
1790503967.959073067,0.000543221741,-0.035138940308,-0.103302859252,0.604337306,-0.740563726,-0.035351165,-0.291705474
1790503967.992407799,-0.002632246569,-0.034486416084,-0.101672641645,0.601984350,-0.740894878,-0.038425713,-0.295318618
1790503968.025742292,-0.005646420111,-0.034020574961,-0.099935382439,0.601227543,-0.739870497,-0.042323167,-0.298874287
1790503968.059075832,-0.008541072858,-0.033696111415,-0.098288912164,0.599523817,-0.740912011,-0.042082167,-0.299749355
1790503968.092410564,-0.011335762104,-0.033458432251,-0.096841987048,0.599236184,-0.740390596,-0.041696473,-0.301660679
1790503968.125745296,-0.013991471273,-0.033299197787,-0.095540687481,0.598391726,-0.740246285,-0.041154384,-0.303758287
1790503968.159079790,-0.016474606732,-0.033243984759,-0.094267945838,0.598513547,-0.740095796,-0.039837245,-0.304060424
1790503968.192413568,-0.018806546657,-0.033315347452,-0.092902043888,0.599031126,-0.739682502,-0.039444893,-0.304098023
1790503968.225748062,-0.021039902145,-0.033538078039,-0.091396185166,0.599337764,-0.739241098,-0.039914715,-0.304505596
1790503968.259082794,-0.023242557325,-0.033939504981,-0.089839173829,0.599967229,-0.738471368,-0.040261562,-0.305087478
1790503968.292417288,-0.025481355306,-0.034532633845,-0.088358718957,0.601924401,-0.737111330,-0.040720161,-0.304459802
1790503968.325751066,-0.027782748553,-0.035322075166,-0.087017314950,0.604265752,-0.735360216,-0.041492910,-0.303951628
1790503968.359085560,-0.030150418045,-0.036300843118,-0.085796660705,0.606755584,-0.733504125,-0.042388763,-0.303352193
1790503968.392420053,-0.032614468327,-0.037428735772,-0.084604417730,0.610715781,-0.731647638,-0.043504906,-0.299708678
1790503968.425753593,-0.035199514555,-0.038675441656,-0.083290064849,0.613910378,-0.730292157,-0.044021155,-0.296394249
1790503968.459088087,-0.037883649000,-0.040029213759,-0.081778974912,0.616394713,-0.728752376,-0.045700014,-0.294769470
1790503968.492422819,-0.040647590840,-0.041454291310,-0.080139252329,0.618223304,-0.727781670,-0.046954057,-0.293136663
1790503968.525757313,-0.043503133584,-0.042913745999,-0.078482522760,0.619187047,-0.727304275,-0.048477109,-0.292037432
1790503968.559090853,-0.046450103521,-0.044380857353,-0.076925099522,0.620494700,-0.726088376,-0.049640650,-0.292092115
1790503968.592425346,-0.049453832047,-0.045826602929,-0.075563210792,0.624052493,-0.723124140,-0.050940935,-0.291641879
1790503968.625759840,-0.052429043020,-0.047279557826,-0.074382697616,0.626901842,-0.720275139,-0.052000909,-0.292393075
1790503968.659094334,-0.055273962301,-0.048820571141,-0.073305096873,0.628321357,-0.718298417,-0.054015307,-0.293840098
1790503968.692427635,-0.057926015934,-0.050452948824,-0.072315861717,0.630157266,-0.716147390,-0.056193277,-0.294749133
1790503968.725762129,-0.060336853740,-0.052090833101,-0.071445374322,0.631555102,-0.714086472,-0.059009229,-0.296203602
1790503968.759096861,-0.062431991822,-0.053653915614,-0.070711294664,0.631013319,-0.713427529,-0.061268580,-0.298478664
1790503968.792430162,-0.064150578755,-0.055076484340,-0.070137719978,0.631361736,-0.713133525,-0.062047408,-0.298283513
1790503968.825764656,-0.065447870564,-0.056318668079,-0.069746693262,0.632002706,-0.712515076,-0.062288781,-0.298353738
1790503968.859099150,-0.066286213307,-0.057414779316,-0.069541931218,0.632994992,-0.710820566,-0.063698686,-0.299989899
1790503968.892440081,-0.066670361293,-0.058445495517,-0.069532325325,0.634239778,-0.709391008,-0.065624564,-0.300329350
1790503968.925780296,-0.066637204226,-0.059455977601,-0.069703542215,0.636280396,-0.707307944,-0.068493927,-0.300285384
1790503968.959121466,-0.066227488927,-0.060489234152,-0.069982439457,0.637671857,-0.705704680,-0.071207360,-0.300474658
1790503968.992462873,-0.065517259029,-0.061647386279,-0.070287565759,0.638467613,-0.704926337,-0.074410985,-0.299834908
1790503969.025804281,-0.064631443857,-0.063032435000,-0.070639304472,0.637919138,-0.705584860,-0.075712737,-0.299126663
1790503969.059144497,-0.063677861329,-0.064680641983,-0.071155689261,0.637145822,-0.706492747,-0.075280504,-0.298740767
1790503969.092485905,-0.062700994778,-0.066603571123,-0.071935861751,0.637383528,-0.706555933,-0.074757089,-0.298215239
1790503969.125827074,-0.061715499132,-0.068849201341,-0.072988391008,0.638006392,-0.705708590,-0.075209311,-0.298775483
1790503969.159167767,-0.060712159197,-0.071438229097,-0.074261858007,0.638656701,-0.704790671,-0.075455996,-0.299489768
1790503969.192509174,-0.059649391662,-0.074307074311,-0.075676957211,0.641226224,-0.702941055,-0.075745350,-0.298270757
1790503969.225850821,-0.058502065340,-0.077385746802,-0.077119597301,0.644214072,-0.700666761,-0.076863887,-0.296894361
1790503969.259192705,-0.057266945768,-0.080636916898,-0.078487344558,0.643668437,-0.701246965,-0.077870786,-0.296445237
1790503969.292533159,-0.055945274241,-0.084034746772,-0.079759010206,0.644303056,-0.700674457,-0.077565368,-0.296500408
1790503969.325875044,-0.054530494838,-0.087576676649,-0.081006744300,0.646519860,-0.699785365,-0.078068213,-0.293628792
1790503969.359216690,-0.052977926128,-0.091282843927,-0.082337581453,0.647841751,-0.699252208,-0.077607267,-0.292103625
1790503969.392557621,-0.051234989960,-0.095187613873,-0.083863405377,0.650659024,-0.697043617,-0.079737454,-0.290542542
1790503969.425899744,-0.049301865145,-0.099313956673,-0.085684648845,0.650201440,-0.697982577,-0.081829581,-0.288725354
1790503969.459241390,-0.047258366374,-0.103653556259,-0.087846463741,0.656479206,-0.692417668,-0.086682627,-0.286494237
1790503969.492583513,-0.045196846399,-0.108162088620,-0.090327984192,0.660678912,-0.688105400,-0.088503087,-0.286673223
1790503969.525924444,-0.043219358367,-0.112772253364,-0.093006781045,0.661414801,-0.687448936,-0.087877780,-0.286743644
1790503969.559266567,-0.041377675474,-0.117356647676,-0.095699171624,0.661075004,-0.688631941,-0.087739439,-0.284723865
1790503969.592608929,-0.039618463108,-0.121773729530,-0.098242044836,0.664202007,-0.685694639,-0.087359230,-0.284652282
1790503969.625950813,-0.037827359222,-0.125907793536,-0.100586334275,0.665461333,-0.684325449,-0.088334023,-0.284705101
1790503969.659292221,-0.035894824087,-0.129635119822,-0.102797884090,0.667224981,-0.682632579,-0.089807412,-0.284179902
1790503969.692634583,-0.033748548580,-0.132872612868,-0.104953191497,0.669848904,-0.680254914,-0.090936852,-0.283348172
1790503969.725976944,-0.031347469756,-0.135623081090,-0.107072643660,0.671656574,-0.678104603,-0.092632698,-0.283673716
1790503969.759318352,-0.028662040600,-0.137905698658,-0.109163314328,0.673026537,-0.676439429,-0.094166677,-0.283897193
1790503969.792660952,-0.025677270494,-0.139706882883,-0.111192269999,0.674378394,-0.674867646,-0.094490323,-0.284322037
1790503969.826003313,-0.022400212806,-0.141032489579,-0.113059595684,0.675090403,-0.674338611,-0.093842779,-0.284101951
1790503969.859345913,-0.018857715617,-0.141946750222,-0.114699831087,0.675036719,-0.674606424,-0.093774954,-0.283615687
1790503969.892685890,-0.015114401546,-0.142522836940,-0.116166873179,0.674891567,-0.675216355,-0.094252286,-0.282348638
1790503969.926026583,-0.011266747461,-0.142820794658,-0.117549888579,0.674747758,-0.675926148,-0.093183742,-0.281346931
1790503969.959367514,-0.007422500909,-0.142931625359,-0.118889619266,0.674239527,-0.676492183,-0.093213036,-0.281195157
1790503969.992708206,-0.003640305297,-0.142941598003,-0.120192685015,0.675072729,-0.675112039,-0.093400016,-0.282448194
1790503970.026048183,0.000147664864,-0.142884933319,-0.121406170417,0.675436031,-0.673106344,-0.094858578,-0.285859873
1790503970.059388876,0.004112359769,-0.142722774016,-0.122462885964,0.675205520,-0.671558751,-0.096076737,-0.289612863
1790503970.092730045,0.008413756696,-0.142389647972,-0.123356059121,0.676112812,-0.669982211,-0.097594869,-0.290638167
1790503970.126069784,0.013088568984,-0.141879884052,-0.124130173866,0.676905049,-0.669017307,-0.100120190,-0.290157450
1790503970.159410954,0.018035391425,-0.141205760446,-0.124885561608,0.677630818,-0.668049069,-0.101937008,-0.290061653
1790503970.192751884,0.023103752428,-0.140389134246,-0.125710805642,0.677873640,-0.667736239,-0.101505434,-0.290365786
1790503970.226093054,0.028123955641,-0.139492890659,-0.126583702027,0.678560474,-0.667696567,-0.101215476,-0.288950524
1790503970.259433031,0.032927015369,-0.138567078538,-0.127430406614,0.679490514,-0.667539592,-0.100282734,-0.287448964
1790503970.292774200,0.037403101232,-0.137614884961,-0.128188948441,0.680827050,-0.666713787,-0.099523569,-0.286465204
1790503970.326115370,0.041516241477,-0.136625096450,-0.128806378380,0.681683746,-0.666663156,-0.098948475,-0.284739716
1790503970.359456539,0.045266612941,-0.135539643328,-0.129212914619,0.681631364,-0.667218522,-0.098074541,-0.283865308
1790503970.392796993,0.048651642287,-0.134307066220,-0.129323078485,0.681181723,-0.668045744,-0.096827523,-0.283426843
1790503970.426137924,0.051623230935,-0.132969135835,-0.129101203016,0.680821686,-0.668744754,-0.096491573,-0.282757250
1790503970.459479332,0.054081294308,-0.131564612985,-0.128599560878,0.679442825,-0.669609140,-0.097383263,-0.283720895
1790503970.492819548,0.055936358854,-0.130054271974,-0.127906432054,0.677690873,-0.670764969,-0.096674672,-0.285418018
1790503970.526160955,0.057143461862,-0.128387603552,-0.127061467917,0.675568845,-0.671643017,-0.096274056,-0.288502512
1790503970.559502363,0.057702945742,-0.126583917339,-0.126013101775,0.672557374,-0.673262235,-0.095785238,-0.291907057
1790503970.592843771,0.057611493328,-0.124722046419,-0.124684168265,0.668089308,-0.675474660,-0.095047104,-0.297248563
1790503970.626183987,0.056820706777,-0.122850372837,-0.123085932358,0.661318290,-0.678052797,-0.096792466,-0.305832866
1790503970.659525633,0.055297693447,-0.120959178932,-0.121335165680,0.655486171,-0.680271471,-0.096229113,-0.313541965
1790503970.692867279,0.053042309282,-0.119051035664,-0.119576698072,0.649687529,-0.683246073,-0.092989089,-0.320053039
1790503970.726207733,0.050122051429,-0.117142309773,-0.117862875265,0.644828516,-0.685944931,-0.089691886,-0.325009389
1790503970.759549379,0.046716947123,-0.115218360665,-0.116140168340,0.641700461,-0.687826835,-0.086065393,-0.328188226
1790503970.792890787,0.043007668236,-0.113246860454,-0.114348901641,0.637591492,-0.689825550,-0.085206741,-0.332201160
1790503970.826232433,0.039051956274,-0.111192396515,-0.112491492209,0.633321908,-0.691430690,-0.084751794,-0.337111399
1790503970.859572887,0.034841287335,-0.109021101076,-0.110609138550,0.630074469,-0.692672615,-0.085088178,-0.340544878
1790503970.892910242,0.030393989227,-0.106748621656,-0.108735567071,0.626118379,-0.693356258,-0.085383652,-0.346327168
1790503970.926247358,0.025755756222,-0.104423315538,-0.106903409232,0.622707536,-0.694118532,-0.085657317,-0.350852694
1790503970.959584236,0.021009190198,-0.102085091136,-0.105127891437,0.619301965,-0.694600510,-0.085351060,-0.355964048
1790503970.992920399,0.016249189291,-0.099762494685,-0.103427356754,0.615599550,-0.695864978,-0.084012349,-0.360209732
1790503971.026257277,0.011555667327,-0.097459616471,-0.101843369459,0.611701180,-0.696479716,-0.085525727,-0.365271162
1790503971.059594393,0.006995565970,-0.095157322008,-0.100394855298,0.608461860,-0.697743389,-0.084808588,-0.368423441
1790503971.092930555,0.002583132805,-0.092858157884,-0.099058678101,0.604982058,-0.698615875,-0.083339346,-0.372809768
1790503971.126267910,-0.001721455462,-0.090554288349,-0.097811935324,0.602578023,-0.699069279,-0.081603206,-0.376221726
1790503971.159604788,-0.005958752490,-0.088179151697,-0.096592221656,0.599412109,-0.699890729,-0.080232192,-0.380027482
1790503971.192941904,-0.010167785265,-0.085648972857,-0.095304940680,0.596274563,-0.700179514,-0.080424519,-0.384365960
1790503971.226278067,-0.014394672635,-0.082922224140,-0.093930841541,0.592831141,-0.701072976,-0.078854255,-0.388368289
1790503971.259615183,-0.018644599465,-0.080007224403,-0.092488186235,0.588537764,-0.704003122,-0.074542749,-0.390443700
1790503971.292952299,-0.022859507848,-0.076950220743,-0.090935525129,0.583537680,-0.707144691,-0.070483175,-0.393016901
1790503971.326289654,-0.026970019356,-0.073854341728,-0.089233706668,0.580181471,-0.709135969,-0.065566771,-0.395242503
1790503971.359625816,-0.030934886915,-0.070851291793,-0.087422495802,0.576914194,-0.711031261,-0.061456165,-0.397275342
1790503971.392962933,-0.034733710209,-0.068032895793,-0.085557473762,0.573505037,-0.712929075,-0.059275079,-0.399137284
1790503971.426300049,-0.038379735309,-0.065391266785,-0.083636314520,0.567467022,-0.716079887,-0.058942321,-0.402164863
1790503971.459636211,-0.041991359561,-0.062882028818,-0.081596513013,0.565865421,-0.715736486,-0.056156590,-0.405418358
1790503971.492973328,-0.045737320102,-0.060482583744,-0.079398973247,0.562678161,-0.717447823,-0.052653986,-0.407295306
1790503971.526310444,-0.049641873316,-0.058187337401,-0.077061905837,0.557570554,-0.720987509,-0.045515729,-0.408925919
1790503971.559647799,-0.053553591257,-0.055967837944,-0.074673744857,0.549156217,-0.726784033,-0.039071202,-0.410713842
1790503971.592983961,-0.057279240909,-0.053774905926,-0.072355442518,0.541576607,-0.730540518,-0.032524919,-0.414665479
1790503971.626321077,-0.060702600474,-0.051549190927,-0.070203894080,0.534303722,-0.734216851,-0.028845737,-0.417867291
1790503971.659658194,-0.063828187262,-0.049258651186,-0.068258127795,0.530927381,-0.734413988,-0.030267519,-0.421706163
1790503971.692995548,-0.066762137931,-0.046907697267,-0.066548627922,0.526706391,-0.735269198,-0.031623897,-0.425393364
1790503971.726331711,-0.069617627985,-0.044518497221,-0.065051452216,0.522678270,-0.735915175,-0.030060764,-0.429339762
1790503971.759668827,-0.072450639279,-0.042123732683,-0.063615354684,0.519059223,-0.736173360,-0.029209833,-0.433327927
1790503971.793006420,-0.075295277446,-0.039738352352,-0.062056533051,0.512696546,-0.738817589,-0.027768778,-0.436485645
1790503971.826342583,-0.078202595231,-0.037342558722,-0.060274401068,0.507694788,-0.740025274,-0.027214997,-0.440304371
1790503971.859679699,-0.081202432167,-0.034911221085,-0.058289576194,0.503557172,-0.741032093,-0.025122922,-0.443475422
1790503971.893017530,-0.084247441988,-0.032423770795,-0.056214991834,0.500638053,-0.741977807,-0.024431562,-0.445234290
1790503971.926355362,-0.087210250958,-0.029859591406,-0.054160268742,0.497388058,-0.744116559,-0.020281969,-0.445515777
1790503971.959692240,-0.089969061175,-0.027230636127,-0.052158412348,0.494812886,-0.744017961,-0.020941430,-0.448507457
1790503971.993030071,-0.092461238982,-0.024571659602,-0.050191945502,0.485337956,-0.748599397,-0.020070976,-0.451268399
1790503972.026367903,-0.094737253863,-0.021923699293,-0.048229809054,0.480447594,-0.750485520,-0.020106888,-0.453362225
1790503972.059704781,-0.096872252616,-0.019338037795,-0.046293814065,0.476964626,-0.752786004,-0.017182779,-0.453346148
1790503972.093042612,-0.098896443735,-0.016868985774,-0.044448402107,0.474180005,-0.755619299,-0.012432599,-0.451705909
1790503972.126380444,-0.100814629805,-0.014559628952,-0.042761744172,0.470367508,-0.757298858,-0.011542458,-0.452901334
1790503972.159718275,-0.102625741790,-0.012444234611,-0.041267657387,0.467332012,-0.758712806,-0.009910960,-0.453715155
1790503972.193055153,-0.104316818569,-0.010544187248,-0.039930260274,0.464755647,-0.759303580,-0.009800776,-0.455372602
1790503972.226392984,-0.105877248950,-0.008838617906,-0.038684630379,0.461999370,-0.759725267,-0.011255703,-0.457435690
1790503972.259731293,-0.107307307993,-0.007255713828,-0.037509099506,0.459562092,-0.760581100,-0.011644864,-0.458457709
1790503972.293069124,-0.108574683411,-0.005720119940,-0.036384114936,0.457739314,-0.761144235,-0.010282885,-0.459378315
1790503972.326406002,-0.109655850577,-0.004203977812,-0.035234519362,0.456922343,-0.761802881,-0.009393417,-0.459118838
1790503972.359743834,-0.110605716211,-0.002698735431,-0.034041371903,0.455580634,-0.762910893,-0.010408814,-0.458590135
1790503972.393081903,-0.111523689433,-0.001182937485,-0.032920873211,0.454618396,-0.763866496,-0.009845783,-0.457966320
1790503972.426418781,-0.112482080785,0.000323218679,-0.031992183038,0.454385285,-0.763869978,-0.009660239,-0.458195754
1790503972.459756851,-0.113514294645,0.001748625881,-0.031289758418,0.454935214,-0.763060231,-0.009483940,-0.459002275
1790503972.493094683,-0.114601596089,0.003054751964,-0.030772501210,0.452952739,-0.763518945,-0.008205592,-0.460223105
1790503972.526432753,-0.115692953895,0.004248277390,-0.030294018283,0.451595657,-0.763430222,-0.008302549,-0.461699823
1790503972.559769869,-0.116747695822,0.005357113914,-0.029699878491,0.446894132,-0.765014216,-0.009484701,-0.463625846
1790503972.593107700,-0.117751457168,0.006414241329,-0.028931916382,0.446274700,-0.764953717,-0.010680787,-0.464295836
1790503972.626445770,-0.118688694118,0.007452331055,-0.028054489224,0.444354830,-0.766112310,-0.012333193,-0.464185960
1790503972.659783602,-0.119572815822,0.008492993462,-0.027171265868,0.442080472,-0.767641501,-0.010119600,-0.463884657
1790503972.693120956,-0.120437898669,0.009551360208,-0.026362224697,0.440614636,-0.768075497,-0.011194112,-0.464535752
1790503972.726459026,-0.121294332695,0.010637790742,-0.025661879524,0.439226320,-0.768861948,-0.011382103,-0.464544930
1790503972.759796858,-0.122123708670,0.011763456313,-0.025078318438,0.438804161,-0.768860982,-0.010787450,-0.464959492
1790503972.793133974,-0.122847953513,0.012875847453,-0.024589584486,0.437485569,-0.768878148,-0.010158417,-0.466186204
1790503972.826472282,-0.123348846292,0.013781567675,-0.024195270602,0.437427010,-0.768514177,-0.010196209,-0.466840025
1790503972.859810114,-0.123494826611,0.014180567858,-0.024025848937,0.437262588,-0.769160926,-0.009002618,-0.465952628
1790503972.893145084,-0.123134431191,0.013946009939,-0.024271951913,0.435836453,-0.769158428,-0.010932451,-0.467249805
1790503972.926478863,-0.122173644529,0.013272391871,-0.024905321256,0.437849935,-0.767312601,-0.012574956,-0.468359560
1790503972.959813595,-0.120622222875,0.012425553268,-0.025702963482,0.439650325,-0.766416633,-0.013713272,-0.468107982
1790503972.993148327,-0.118546586482,0.011567665115,-0.026486473687,0.441391589,-0.765998034,-0.015016676,-0.467113452
1790503973.026483059,-0.116053311057,0.010765329988,-0.027197136985,0.443372563,-0.766080507,-0.016256059,-0.465056091
1790503973.059816837,-0.113280764548,0.010001105988,-0.027864299399,0.444019621,-0.766680635,-0.016074947,-0.463453316
1790503973.093151808,-0.110334216580,0.009205835407,-0.028568787754,0.444489911,-0.767425794,-0.013901043,-0.461836692
1790503973.126486540,-0.107235388623,0.008270756201,-0.029409743072,0.444483586,-0.767655663,-0.011200587,-0.461534042
1790503973.159820318,-0.103902282503,0.007094398858,-0.030492743083,0.445285986,-0.767342672,-0.008701812,-0.461334904
1790503973.193155289,-0.100210647485,0.005626165747,-0.031828528678,0.447678254,-0.765749179,-0.007198271,-0.461693145
1790503973.226490021,-0.096137141863,0.003850564682,-0.033323494819,0.449767371,-0.763995606,-0.008564488,-0.462543702
1790503973.259824991,-0.091794190218,0.001801442646,-0.034913766222,0.452577824,-0.761957722,-0.009791908,-0.463139138
1790503973.293158770,-0.087311590259,-0.000456625202,-0.036572052781,0.457165402,-0.759621396,-0.011195462,-0.462438960
1790503973.326493502,-0.082762099091,-0.002884891957,-0.038246638955,0.461020510,-0.757342407,-0.013432432,-0.462290101
1790503973.359828472,-0.078195690514,-0.005461670124,-0.039913799628,0.466396237,-0.755062938,-0.014883722,-0.460578967
1790503973.393162012,-0.073648329813,-0.008131620048,-0.041602062066,0.464798280,-0.752675356,-0.015032474,-0.466064794
1790503973.426496983,-0.069135806310,-0.010817956736,-0.043306012860,0.472083136,-0.748850293,-0.016530360,-0.464852126
1790503973.459831715,-0.064631111212,-0.013428311134,-0.045031432035,0.470443312,-0.747032022,-0.021210111,-0.469229559
1790503973.493166685,-0.060140309167,-0.015883781412,-0.046823439542,0.474878705,-0.745066550,-0.021835903,-0.467856009
1790503973.526500463,-0.055690049021,-0.018142184411,-0.048663994281,0.480387153,-0.743357291,-0.023018679,-0.464885214
1790503973.559835434,-0.051289618722,-0.020190833921,-0.050480176021,0.484784098,-0.741577477,-0.022599671,-0.463180828
1790503973.593170166,-0.046932533731,-0.022031151319,-0.052252357185,0.490182973,-0.739406357,-0.024903625,-0.460845637
1790503973.626505136,-0.042583372458,-0.023656630679,-0.053972332900,0.490071905,-0.737754223,-0.027013317,-0.463485183
1790503973.659838915,-0.038247754187,-0.025060124233,-0.055646641074,0.492892400,-0.735395318,-0.029189976,-0.464110713
1790503973.693173647,-0.033995716240,-0.026289012799,-0.057263740566,0.493912901,-0.734807934,-0.028830091,-0.463978633
1790503973.726508617,-0.029889205916,-0.027346391900,-0.058828972673,0.494046618,-0.733356009,-0.031433596,-0.465960119
1790503973.759842396,-0.025990355730,-0.028199211475,-0.060524085866,0.491168002,-0.731454752,-0.033016661,-0.471845144
1790503973.793177128,-0.022345292321,-0.028858244383,-0.062531255420,0.492146611,-0.727648499,-0.033645407,-0.476641754
1790503973.826511860,-0.018929471160,-0.029413214509,-0.064766104492,0.493877890,-0.723999200,-0.031317002,-0.480550761
1790503973.859846830,-0.015696675447,-0.029987753065,-0.066931417913,0.494267407,-0.722335273,-0.030451755,-0.482705059
1790503973.893182039,-0.012617085932,-0.030591432479,-0.068904276531,0.494619363,-0.721082069,-0.031655164,-0.484138706
1790503973.926518202,-0.009703051732,-0.031128540813,-0.070804875747,0.495659890,-0.719364836,-0.032657498,-0.485560495
1790503973.959854364,-0.007003780467,-0.031547831239,-0.072757334775,0.495067791,-0.717980519,-0.034132664,-0.488105334
1790503973.993190527,-0.004588430775,-0.031881330191,-0.074779760898,0.496648394,-0.715062001,-0.035769745,-0.490659996
1790503974.026525736,-0.002503333281,-0.032193463099,-0.076788290108,0.499003453,-0.712090101,-0.036995099,-0.492498330
1790503974.059861660,-0.000742380017,-0.032537041771,-0.078660294367,0.499537825,-0.710318048,-0.037308258,-0.494487943
1790503974.093197823,0.000751604864,-0.032937693887,-0.080300513722,0.499406515,-0.709078234,-0.036452702,-0.496459858
1790503974.126532793,0.002105309503,-0.033404726625,-0.081626535846,0.495595691,-0.708251213,-0.034683712,-0.501559738
1790503974.159868956,0.003504506189,-0.033824859673,-0.082684850465,0.491479576,-0.708842820,-0.034950694,-0.504745610
1790503974.193205118,0.005046954787,-0.034017019812,-0.083699817967,0.490398245,-0.709587156,-0.031903200,-0.504953280
1790503974.226541042,0.006676963971,-0.033933421461,-0.084831105406,0.491838423,-0.709937638,-0.026922635,-0.503347482
1790503974.259876251,0.008264038418,-0.033645232608,-0.086043090461,0.493505031,-0.709732126,-0.024172327,-0.502144194
1790503974.293212175,0.009611003588,-0.033218483646,-0.087216331768,0.493540276,-0.707566186,-0.025721686,-0.505080670
1790503974.326548100,0.010472311812,-0.032688906222,-0.088267573508,0.493512050,-0.705616653,-0.026549798,-0.507785490
1790503974.359884262,0.010655329323,-0.032077250893,-0.089135240122,0.494557838,-0.703853635,-0.026437559,-0.509218677
1790503974.393219233,0.010071173276,-0.031395528995,-0.089722040787,0.492985724,-0.702350254,-0.025730808,-0.512842199
1790503974.426555395,0.008763747306,-0.030610255426,-0.089951447308,0.485602794,-0.703625966,-0.026372126,-0.518078119
1790503974.459891319,0.006855406396,-0.029643919733,-0.089852507236,0.477818976,-0.705300636,-0.029057319,-0.522872557
1790503974.493226290,0.004425921409,-0.028457673937,-0.089605273841,0.472168449,-0.706255872,-0.030614990,-0.526614015
1790503974.526562214,0.001533985526,-0.027095852540,-0.089461007681,0.468006077,-0.708156407,-0.026358480,-0.528005725
1790503974.559898376,-0.001661738191,-0.025596515637,-0.089525933966,0.465685159,-0.708638729,-0.022896558,-0.529569855
1790503974.593234301,-0.004987749321,-0.023998648900,-0.089704941334,0.460900988,-0.708514688,-0.020664218,-0.533994575
1790503974.626569271,-0.008336568721,-0.022360240985,-0.089902184896,0.456609059,-0.707962859,-0.019799228,-0.538428034
1790503974.659905195,-0.011633703373,-0.020684936134,-0.090117577315,0.455143703,-0.707660137,-0.018110196,-0.540123468
1790503974.693241119,-0.014852498186,-0.018928354913,-0.090328334852,0.452825322,-0.706295463,-0.017757847,-0.543857155
1790503974.726576090,-0.018012418533,-0.017064126162,-0.090460715043,0.450757359,-0.704815478,-0.018500618,-0.547458376
1790503974.759912014,-0.021175999326,-0.015065853975,-0.090449062455,0.448606359,-0.704215272,-0.018728863,-0.549984013
1790503974.793247938,-0.024431650773,-0.012911382708,-0.090269391158,0.445321998,-0.704369548,-0.018281235,-0.552465071
1790503974.826584101,-0.027850771187,-0.010591764315,-0.089993069766,0.441652745,-0.704869088,-0.018000646,-0.554777792
1790503974.859918833,-0.031472283229,-0.008069218967,-0.089759699686,0.437983409,-0.704678710,-0.017908925,-0.557922683
1790503974.893253088,-0.035308423489,-0.005321216966,-0.089649084093,0.432694982,-0.704457378,-0.015651649,-0.562378770
1790503974.926587105,-0.039306019722,-0.002410300379,-0.089638796910,0.427332859,-0.704444560,-0.012652366,-0.566554857
1790503974.959921360,-0.043319884542,0.000550718006,-0.089673433383,0.421521562,-0.704468391,-0.010209270,-0.570911228
1790503974.993254423,-0.047171302515,0.003458859994,-0.089724118217,0.415225652,-0.703771084,-0.009278276,-0.576374734
1790503975.026588440,-0.050715738028,0.006225674269,-0.089807749100,0.409624120,-0.703326342,-0.008275467,-0.580923105
1790503975.059922457,-0.053866482213,0.008792348232,-0.089962784874,0.405519481,-0.702820094,-0.007553813,-0.584414925
1790503975.093255281,-0.056587526150,0.011121476171,-0.090196541593,0.401661655,-0.702038138,-0.005853537,-0.588027298
1790503975.126589298,-0.058884572825,0.013144832916,-0.090491087515,0.397994171,-0.701460403,-0.004367768,-0.591214737
1790503975.159923315,-0.060791945260,0.014804793648,-0.090823161694,0.396292190,-0.700614526,-0.003343721,-0.593363805
1790503975.193257332,-0.062401478972,0.016131295328,-0.091160203303,0.394183183,-0.699487732,-0.004729946,-0.596082342
1790503975.226590395,-0.063848961451,0.017221989126,-0.091484946939,0.392680900,-0.698677266,-0.005771085,-0.598012109
1790503975.259924412,-0.065223230661,0.018162969078,-0.091775836335,0.391496825,-0.697710709,-0.004986121,-0.599920946
1790503975.293257952,-0.066538988700,0.018998881030,-0.091980895060,0.390164787,-0.696958291,-0.005397341,-0.601657251
1790503975.326591969,-0.067783893464,0.019760732764,-0.092096079402,0.389115880,-0.696605159,-0.006087899,-0.602737938
1790503975.359924793,-0.068966943248,0.020477016845,-0.092196508622,0.387744624,-0.696190642,-0.006870170,-0.604090637
1790503975.393258810,-0.070108668302,0.021163487253,-0.092346032073,0.386403125,-0.695839960,-0.006420834,-0.605357867
1790503975.426592588,-0.071198973117,0.021823892923,-0.092548924896,0.385822708,-0.695082162,-0.006449463,-0.606597091
1790503975.459925175,-0.072201096412,0.022435705563,-0.092764913219,0.385261555,-0.694698042,-0.006405487,-0.607393722
1790503975.493258953,-0.073112147744,0.022972794270,-0.092953932759,0.384984299,-0.694003456,-0.008245020,-0.608340622
1790503975.526592970,-0.073995199439,0.023477178770,-0.093118844067,0.384294911,-0.693359539,-0.010577859,-0.609473608
1790503975.559926748,-0.074947017043,0.024048581377,-0.093266563032,0.384686949,-0.692354879,-0.010765131,-0.610364469
1790503975.593259573,-0.076031292057,0.024761702524,-0.093364374628,0.383460958,-0.692134942,-0.011075432,-0.611378975
1790503975.626593351,-0.077241722993,0.025630807524,-0.093359060437,0.381993516,-0.691985298,-0.010260263,-0.612480227
1790503975.659926653,-0.078552254987,0.026614965775,-0.093223039713,0.380365559,-0.691999926,-0.010025972,-0.613479929
1790503975.693260431,-0.079956175508,0.027658363034,-0.092979313879,0.378522112,-0.692353728,-0.009536242,-0.614228285
1790503975.726593256,-0.081430800569,0.028725132148,-0.092696773003,0.376168420,-0.692640370,-0.009128806,-0.615356240
1790503975.759926796,-0.082935654464,0.029798620790,-0.092431202815,0.373678049,-0.692885642,-0.008754228,-0.616601627
1790503975.793260574,-0.084450120122,0.030876540856,-0.092184136596,0.372806955,-0.692587908,-0.007944464,-0.617473764
1790503975.826592922,-0.085930689780,0.031985967918,-0.091957380580,0.370827279,-0.692893563,-0.007278101,-0.618330550
1790503975.859926701,-0.087296741401,0.033169170385,-0.091742747193,0.369385306,-0.693579655,-0.005307537,-0.618444491
1790503975.893265247,-0.088508380486,0.034426165626,-0.091471630317,0.367630405,-0.694047857,-0.003745495,-0.618976113
1790503975.926603556,-0.089610653643,0.035701956730,-0.091084039200,0.365565431,-0.694522562,-0.002656153,-0.619671907
1790503975.959940910,-0.090686697348,0.036926697571,-0.090622284844,0.364294731,-0.695173307,-0.002185272,-0.619692380
1790503975.993279219,-0.091765010759,0.038049962650,-0.090183997538,0.362846634,-0.695477112,-0.001126452,-0.620203707
1790503976.026617765,-0.092811183008,0.039049919861,-0.089828533496,0.361264170,-0.695634471,-0.000745745,-0.620951146
1790503976.059955120,-0.093775830246,0.039936486425,-0.089584041701,0.358719674,-0.696439202,0.001988857,-0.621521262
1790503976.093293428,-0.094620652163,0.040739557242,-0.089468502521,0.357881185,-0.695986041,0.001107494,-0.622513664
1790503976.126631737,-0.095316844286,0.041477111675,-0.089451834699,0.357650694,-0.695243311,0.000362270,-0.623476213
1790503976.159970284,-0.095860255428,0.042121404625,-0.089477359656,0.357603516,-0.694499346,-0.000367967,-0.624331841
1790503976.193307638,-0.096225659650,0.042593984282,-0.089524055649,0.358165846,-0.694072574,-0.001024178,-0.624483338
1790503976.226645947,-0.096347639361,0.042810069229,-0.089626027130,0.359178088,-0.693622693,-0.001486309,-0.624400874
1790503976.259984493,-0.096173382405,0.042722363105,-0.089832135467,0.360282420,-0.693103475,-0.002634631,-0.624337416
1790503976.293323040,-0.095685061706,0.042292085997,-0.090192447990,0.362736299,-0.692457775,-0.004892198,-0.623619013
1790503976.326660395,-0.094854996853,0.041453976560,-0.090762953922,0.366362616,-0.691490177,-0.006338112,-0.622558910
1790503976.359998703,-0.093645161034,0.040141994939,-0.091568769727,0.371513101,-0.690257511,-0.007787953,-0.620855807
1790503976.393337250,-0.092017787803,0.038324941694,-0.092578447716,0.378156842,-0.688469779,-0.009509167,-0.618802345
1790503976.426674604,-0.089937419288,0.036000628070,-0.093710391063,0.384659462,-0.686548240,-0.011616092,-0.616890330
1790503976.460013151,-0.087394140036,0.033170847729,-0.094832212618,0.394013809,-0.683197923,-0.016173548,-0.614599165
1790503976.493351460,-0.084424365398,0.029836371705,-0.095814090612,0.403753562,-0.680790133,-0.021318578,-0.610780955
1790503976.526690245,-0.081117849819,0.026049554009,-0.096629976475,0.413513121,-0.679104619,-0.026284866,-0.605914945
1790503976.560027599,-0.077555910304,0.021920902505,-0.097357435856,0.422311737,-0.677961099,-0.031871479,-0.600837543
1790503976.593365908,-0.073773892086,0.017550314854,-0.098051889777,0.432040258,-0.676959952,-0.035725312,-0.594802607
1790503976.626704693,-0.069779775260,0.012981560445,-0.098692871451,0.441057985,-0.676328816,-0.039220178,-0.588650120
1790503976.660043001,-0.065599932532,0.008217048010,-0.099234823890,0.449338728,-0.675911492,-0.044396615,-0.582466568
1790503976.693380594,-0.061284742423,0.003279137305,-0.099668821088,0.460269877,-0.675037352,-0.049419762,-0.574485771
1790503976.726718903,-0.056881321859,-0.001771810484,-0.100027663962,0.469024055,-0.674998595,-0.052335337,-0.567145788
1790503976.760057688,-0.052429337651,-0.006875405906,-0.100305388678,0.478257903,-0.674698915,-0.054518150,-0.559534202
1790503976.793395042,-0.047954712916,-0.011991392478,-0.100469483040,0.487391806,-0.675513299,-0.056800916,-0.550367755
1790503976.826733589,-0.043430383493,-0.017063237532,-0.100574046030,0.494746490,-0.675893170,-0.060805748,-0.542860014
1790503976.860072136,-0.038828536918,-0.022001025356,-0.100753858352,0.500309288,-0.675508450,-0.065308189,-0.537693027
1790503976.893406630,-0.034209520842,-0.026715904906,-0.101096164809,0.508671484,-0.674235129,-0.072593464,-0.530462536
1790503976.926740170,-0.029641814986,-0.031162179275,-0.101580879654,0.516118205,-0.673384484,-0.076572814,-0.523747973
1790503976.960074663,-0.025135710245,-0.035401704710,-0.102060995250,0.525399438,-0.671716998,-0.079694213,-0.516140037
1790503976.993408918,-0.020670910604,-0.039562064558,-0.102364869566,0.532064458,-0.671533932,-0.083677616,-0.508868988
1790503977.026743412,-0.016233347076,-0.043739246188,-0.102425038373,0.537020324,-0.672194331,-0.085583146,-0.502433556
1790503977.060076952,-0.011784702484,-0.047919031113,-0.102299744984,0.543285463,-0.673313592,-0.086041675,-0.494051154
1790503977.093411207,-0.007269414406,-0.052003189963,-0.102074565983,0.546486613,-0.674639898,-0.087759943,-0.488376475
1790503977.126745701,-0.002679122389,-0.055886618130,-0.101799987136,0.550923715,-0.675538640,-0.089441588,-0.481799552
1790503977.160078764,0.001984375453,-0.059496408752,-0.101556551748,0.554273155,-0.676849435,-0.092426363,-0.475513910
1790503977.193413258,0.006769745780,-0.062782528610,-0.101464549176,0.558936328,-0.678798295,-0.094361113,-0.466817990
1790503977.226747513,0.011735514382,-0.065704814658,-0.101590495946,0.563991149,-0.679799993,-0.096409725,-0.458793111
1790503977.260081768,0.016905205966,-0.068298329782,-0.101867700639,0.570339438,-0.679432471,-0.099299886,-0.450803700
1790503977.293415070,0.022239466698,-0.070661646620,-0.102150044021,0.576939432,-0.679541059,-0.102585806,-0.441407967
1790503977.326749325,0.027635021913,-0.072875185532,-0.102297281963,0.582787327,-0.679858578,-0.105355114,-0.432494560
1790503977.360083580,0.032982980892,-0.074949707321,-0.102259997038,0.588803711,-0.681323664,-0.106999165,-0.421496659
1790503977.393416643,0.038186997067,-0.076848212424,-0.102068563655,0.594795228,-0.683027354,-0.108090061,-0.409888777
1790503977.426750898,0.043113844244,-0.078537391845,-0.101780823513,0.599848446,-0.683717593,-0.109879007,-0.400797580
1790503977.460084915,0.047611018412,-0.080029936914,-0.101449738843,0.603296120,-0.685019168,-0.110908755,-0.393041701
1790503977.493419170,0.051555685557,-0.081383270396,-0.101094549067,0.606780166,-0.684982157,-0.111310487,-0.387591602
1790503977.526752234,0.054906913673,-0.082663325996,-0.100704166374,0.609704682,-0.685501973,-0.110454546,-0.382291825
1790503977.560086489,0.057712614880,-0.083915460365,-0.100248515914,0.611355719,-0.687205472,-0.109327664,-0.376882324
1790503977.593420506,0.060053095878,-0.085167629884,-0.099707741187,0.613240494,-0.687686106,-0.109428805,-0.372893084
1790503977.626754522,0.061999315878,-0.086447716665,-0.099132085949,0.613734171,-0.688824775,-0.109994932,-0.369799827
1790503977.660087585,0.063616644667,-0.087787791784,-0.098613691180,0.614607860,-0.687961715,-0.112221211,-0.369286145
1790503977.693421602,0.064977392805,-0.089259805608,-0.098215196235,0.614942802,-0.686603217,-0.114608558,-0.370521594
1790503977.726755619,0.066122149259,-0.090991360872,-0.097924295750,0.616388769,-0.685189863,-0.116724529,-0.370074482
1790503977.760088682,0.067055746347,-0.093067955926,-0.097738038725,0.617324797,-0.684076752,-0.119882498,-0.369563633
1790503977.793422461,0.067784317407,-0.095473871814,-0.097705945873,0.618388414,-0.684047167,-0.120263384,-0.367711789
1790503977.826756239,0.068329783904,-0.098169400478,-0.097856119357,0.619758731,-0.683487829,-0.120126985,-0.366487394
1790503977.860090256,0.068721637944,-0.101154845850,-0.098180846246,0.621355377,-0.682410282,-0.120566323,-0.365646639
1790503977.893428326,0.068965579867,-0.104452216689,-0.098651209916,0.623504637,-0.680721870,-0.120330048,-0.365212792
1790503977.926767349,0.069031930110,-0.108044778106,-0.099191588110,0.624539779,-0.680382181,-0.119768459,-0.364260440
1790503977.960106134,0.068867664454,-0.111822439525,-0.099699969386,0.625163913,-0.680352880,-0.118506731,-0.363656699
1790503977.993445396,0.068435485866,-0.115597277575,-0.100111523150,0.625042432,-0.680669103,-0.117426626,-0.363624144
1790503978.026783466,0.067769770372,-0.119244800163,-0.100423801495,0.626094410,-0.679798306,-0.117311883,-0.363480363
1790503978.060122490,0.066983982116,-0.122734737373,-0.100695924250,0.627515629,-0.678466395,-0.116167510,-0.363885415
1790503978.093461752,0.066219609367,-0.126065855273,-0.101022273908,0.629120170,-0.676416372,-0.114937585,-0.365319114
1790503978.126799822,0.065594462858,-0.129233398534,-0.101453721082,0.630217560,-0.674400309,-0.116652026,-0.366609268
1790503978.160139084,0.065148825530,-0.132243987209,-0.101988829983,0.632211152,-0.671545467,-0.119657665,-0.367447667
1790503978.193478346,0.064844552128,-0.135120475197,-0.102617169316,0.635217589,-0.667610520,-0.123048752,-0.368312113
1790503978.226817608,0.064605909953,-0.137908888491,-0.103335017102,0.636815490,-0.665067868,-0.125283974,-0.369397738
1790503978.260155916,0.064354014467,-0.140657869132,-0.104120609086,0.638356611,-0.663555500,-0.126161207,-0.369158888
1790503978.293495178,0.064045042838,-0.143413207403,-0.104932419147,0.640042325,-0.662294536,-0.126647723,-0.368336972
1790503978.326834440,0.063678446595,-0.146206295276,-0.105772874545,0.641158718,-0.661004854,-0.126499668,-0.368762681
1790503978.360173941,0.063285770534,-0.149030151367,-0.106685786074,0.641998834,-0.659845157,-0.126231780,-0.369469084
1790503978.393512487,0.062936283874,-0.151867807843,-0.107673502013,0.644876102,-0.656980184,-0.127539856,-0.369114393
1790503978.426851749,0.062723296194,-0.154698230621,-0.108707796040,0.646443366,-0.654714862,-0.129253235,-0.369801333
1790503978.460191250,0.062698015932,-0.157449858320,-0.109789244833,0.648788708,-0.652051264,-0.130896464,-0.369822223
1790503978.493529797,0.062879148580,-0.159992460299,-0.110909987287,0.651104798,-0.649392671,-0.131557935,-0.370194828
1790503978.526869059,0.063295582941,-0.162239117529,-0.111983772671,0.653121303,-0.647949751,-0.131955363,-0.369027730
1790503978.560208797,0.063988029469,-0.164184362288,-0.112898823953,0.655182528,-0.646737480,-0.132755452,-0.367209036
1790503978.593548298,0.064977204264,-0.165807568780,-0.113634341763,0.657818141,-0.644976669,-0.134627749,-0.364905136
1790503978.626886845,0.066259949205,-0.167047454618,-0.114231124840,0.659109585,-0.644773451,-0.135715740,-0.362523089
1790503978.660226583,0.067828106544,-0.167866196842,-0.114705968165,0.663054679,-0.642378807,-0.138141309,-0.358643193
1790503978.693566084,0.069692624503,-0.168261615341,-0.115069406716,0.664306860,-0.643127166,-0.136558386,-0.355577911
1790503978.726904869,0.071823149672,-0.168284399066,-0.115303888289,0.666510499,-0.644546253,-0.133863353,-0.349863524
1790503978.760244608,0.074146637873,-0.168036494381,-0.115334615770,0.670272194,-0.646303796,-0.130333632,-0.340646054
1790503978.793584347,0.076584651808,-0.167617580012,-0.115091105880,0.671742844,-0.649328019,-0.126810744,-0.333247221
1790503978.826924086,0.079010018146,-0.167103141115,-0.114614422029,0.673724264,-0.651200244,-0.124468920,-0.326406720
1790503978.860262632,0.080869290022,-0.166661303604,-0.114153241993,0.672440463,-0.657422096,-0.118578192,-0.318683578
