t_sec,x,y,z,qw,qx,qy,qz
1790503938.932421923,0.000000639,0.000000234,-0.000000441,0.999999458,0.000244309,-0.000986623,0.000223576
1790503938.965809107,-0.000095562,-0.000023912,0.000061994,0.999999457,0.000225803,-0.000991972,0.000224204
1790503938.999180317,-0.000140098,-0.000026978,0.000085128,0.999999457,0.000230921,-0.000990639,0.000228689
1790503939.032538414,-0.000162656,-0.000020170,0.000089616,0.999999465,0.000225926,-0.000983609,0.000228744
1790503939.065881252,-0.000181024,-0.000012953,0.000090134,0.999999447,0.000247958,-0.000992856,0.000242449
1790503939.099208832,-0.000196407,-0.000006589,0.000092616,0.999999459,0.000238941,-0.000985921,0.000229000
1790503939.132522345,-0.000209398,-0.000003495,0.000094060,0.999999463,0.000221820,-0.000989561,0.000215568
1790503939.165821552,-0.000221647,-0.000003424,0.000097089,0.999999460,0.000230081,-0.000989121,0.000222500
1790503939.199105978,-0.000231436,-0.000004469,0.000101552,0.999999461,0.000239735,-0.000983044,0.000232150
1790503939.232374668,-0.000238480,-0.000005380,0.000104997,0.999999459,0.000235011,-0.000987273,0.000227717
1790503939.265629768,-0.000242129,-0.000005179,0.000108797,0.999999463,0.000226135,-0.000987016,0.000222072
1790503939.298870325,-0.000239791,-0.000005945,0.000110971,0.999999459,0.000238039,-0.000985833,0.000230358
1790503939.332095861,-0.000234283,-0.000006717,0.000110627,0.999999456,0.000234415,-0.000992262,0.000222296
1790503939.365306139,-0.000227331,-0.000008057,0.000110438,0.999999457,0.000234669,-0.000991006,0.000222777
1790503939.398502350,-0.000216974,-0.000008803,0.000109586,0.999999452,0.000238020,-0.000993362,0.000230458
1790503939.431684017,-0.000204511,-0.000007787,0.000108781,0.999999448,0.000240117,-0.000997972,0.000222261
1790503939.464850426,-0.000192990,-0.000006131,0.000107940,0.999999447,0.000235128,-0.001001822,0.000219179
1790503939.498002768,-0.000180187,-0.000006190,0.000104373,0.999999446,0.000237528,-0.001000601,0.000224650
1790503939.531140327,-0.000167828,-0.000006521,0.000100482,0.999999443,0.000241094,-0.001005016,0.000214175
1790503939.564263344,-0.000153589,-0.000005706,0.000095314,0.999999447,0.000231590,-0.001003454,0.000214968
1790503939.597370863,-0.000139104,-0.000005004,0.000087945,0.999999447,0.000242516,-0.000999087,0.000219739
1790503939.630464315,-0.000127108,-0.000003916,0.000082152,0.999999437,0.000235154,-0.001011676,0.000216025
1790503939.663543463,-0.000112940,-0.000003898,0.000077844,0.999999446,0.000247285,-0.000995922,0.000236524
1790503939.696607828,-0.000100014,-0.000002279,0.000073290,0.999999453,0.000228151,-0.000995642,0.000225897
1790503939.729656458,-0.000088141,-0.000002827,0.000067419,0.999999453,0.000221438,-0.000997767,0.000221129
1790503939.762691498,-0.000077255,-0.000004148,0.000060676,0.999999457,0.000216655,-0.000996379,0.000216423
1790503939.795711994,-0.000068566,-0.000005322,0.000054302,0.999999465,0.000213663,-0.000988724,0.000215561
1790503939.828718185,-0.000058767,-0.000004829,0.000046846,0.999999469,0.000212524,-0.000985426,0.000213782
1790503939.862087250,-0.000048539,-0.000002785,0.000037349,0.999999472,0.000208402,-0.000983306,0.000211441
1790503939.895452738,-0.000041206,-0.000001413,0.000029224,0.999999474,0.000209807,-0.000980995,0.000215859
1790503939.928814650,-0.000035367,0.000000229,0.000021923,0.999999470,0.000210640,-0.000983978,0.000216809
1790503939.962172747,-0.000031795,0.000003175,0.000013270,0.999999464,0.000209695,-0.000990480,0.000218480
1790503939.995528460,-0.000030445,0.000006586,0.000003542,0.999999469,0.000225670,-0.000982118,0.000213618
1790503940.028881073,-0.000029481,0.000009536,-0.000006239,0.999999464,0.000226070,-0.000984325,0.000227065
1790503940.062229395,-0.000028283,0.000011771,-0.000017037,0.999999465,0.000225527,-0.000983789,0.000225064
1790503940.095575333,-0.000027991,0.000013269,-0.000031336,0.999999456,0.000240453,-0.000991643,0.000218692
1790503940.128918171,-0.000028135,0.000015402,-0.000047549,0.999999458,0.000229962,-0.000990085,0.000225404
1790503940.162257910,-0.000029960,0.000018877,-0.000065318,0.999999457,0.000225046,-0.000995835,0.000210995
1790503940.195593119,-0.000030873,0.000021780,-0.000083487,0.999999449,0.000243159,-0.000998190,0.000217413
1790503940.228926182,-0.000032200,0.000026646,-0.000101414,0.999999445,0.000228813,-0.001005963,0.000215620
1790503940.262256145,-0.000035247,0.000031467,-0.000121997,0.999999443,0.000238920,-0.001002962,0.000224146
1790503940.295582533,-0.000038951,0.000038040,-0.000147819,0.999999440,0.000248660,-0.001005350,0.000216830
1790503940.328905106,-0.000042725,0.000044591,-0.000175108,0.999999445,0.000235888,-0.001002253,0.000223612
1790503940.362225056,-0.000048307,0.000051186,-0.000204709,0.999999442,0.000244478,-0.001001656,0.000229469
1790503940.395541668,-0.000053372,0.000059649,-0.000238193,0.999999439,0.000247214,-0.001004871,0.000226048
1790503940.428854465,-0.000060695,0.000067852,-0.000270712,0.999999425,0.000255987,-0.001014058,0.000236235
1790503940.462164879,-0.000068277,0.000077336,-0.000304060,0.999999439,0.000251553,-0.001003433,0.000227096
1790503940.495471954,-0.000074301,0.000086479,-0.000341961,0.999999440,0.000247057,-0.001002343,0.000231955
1790503940.528775930,-0.000081591,0.000095372,-0.000381003,0.999999435,0.000241340,-0.001008360,0.000235598
1790503940.562075377,-0.000091251,0.000105842,-0.000419558,0.999999435,0.000244199,-0.001007829,0.000231899
1790503940.595372915,-0.000100679,0.000116541,-0.000457635,0.999999436,0.000250932,-0.001002899,0.000241382
1790503940.628666878,-0.000108940,0.000126743,-0.000494378,0.999999443,0.000247558,-0.000995881,0.000246089
1790503940.661957979,-0.000116808,0.000137988,-0.000531754,0.999999441,0.000242996,-0.001000867,0.000240214
1790503940.695244551,-0.000123428,0.000149245,-0.000569500,0.999999441,0.000251755,-0.000997132,0.000244930
1790503940.728528976,-0.000130694,0.000159464,-0.000602437,0.999999444,0.000237779,-0.001000504,0.000234370
1790503940.761810303,-0.000136885,0.000165631,-0.000625579,0.999999451,0.000227909,-0.000995809,0.000235136
1790503940.795087099,-0.000138452,0.000168500,-0.000639336,0.999999454,0.000236577,-0.000991485,0.000229228
1790503940.828362465,-0.000135090,0.000168815,-0.000642412,0.999999448,0.000232293,-0.001000233,0.000224551
1790503940.861618757,-0.000134244,0.000168922,-0.000640499,0.999999456,0.000224310,-0.000993959,0.000221828
1790503940.894870281,-0.000134371,0.000170859,-0.000639211,0.999999461,0.000237654,-0.000982722,0.000236798
1790503940.928116322,-0.000135008,0.000170939,-0.000636787,0.999999461,0.000230442,-0.000984226,0.000235741
1790503940.961358309,-0.000134940,0.000168139,-0.000637185,0.999999461,0.000230719,-0.000985233,0.000232003
1790503940.994596004,-0.000139083,0.000165360,-0.000637741,0.999999472,0.000222708,-0.000976373,0.000230472
1790503941.027828932,-0.000139816,0.000163563,-0.000639081,0.999999469,0.000228322,-0.000979270,0.000226154
1790503941.061056137,-0.000136842,0.000160860,-0.000637762,0.999999468,0.000213572,-0.000983192,0.000228732
1790503941.094279766,-0.000135628,0.000160586,-0.000637070,0.999999466,0.000220835,-0.000982457,0.000230727
1790503941.127498865,-0.000135598,0.000161338,-0.000637640,0.999999463,0.000225632,-0.000984040,0.000234583
1790503941.160712242,-0.000138040,0.000161470,-0.000635636,0.999999473,0.000220462,-0.000975907,0.000228641
1790503941.193921566,-0.000137556,0.000163271,-0.000636334,0.999999468,0.000232385,-0.000976494,0.000238799
1790503941.227126598,-0.000134782,0.000164972,-0.000639363,0.999999464,0.000234213,-0.000979933,0.000238909
1790503941.260326862,-0.000134998,0.000166458,-0.000641014,0.999999463,0.000235482,-0.000982739,0.000229374
1790503941.293521643,-0.000136050,0.000166264,-0.000639652,0.999999466,0.000244980,-0.000975592,0.000238865
1790503941.326712608,-0.000137487,0.000163643,-0.000638439,0.999999468,0.000236237,-0.000975715,0.000237070
1790503941.359899044,-0.000137736,0.000161330,-0.000637699,0.999999470,0.000231174,-0.000975556,0.000234570
1790503941.393079758,-0.000136435,0.000161049,-0.000637172,0.999999465,0.000235293,-0.000979142,0.000234845
1790503941.426256895,-0.000137011,0.000162427,-0.000637830,0.999999466,0.000238111,-0.000978648,0.000230287
1790503941.459429264,-0.000136329,0.000163771,-0.000638802,0.999999468,0.000244177,-0.000973161,0.000240707
1790503941.492596865,-0.000133891,0.000165802,-0.000640235,0.999999457,0.000250430,-0.000982863,0.000238326
1790503941.525758743,-0.000134062,0.000167183,-0.000640928,0.999999461,0.000249768,-0.000979967,0.000234351
1790503941.558917284,-0.000135268,0.000167140,-0.000642006,0.999999459,0.000258727,-0.000980211,0.000231399
1790503941.592071056,-0.000135687,0.000165751,-0.000640307,0.999999464,0.000248104,-0.000977731,0.000235133
1790503941.625220060,-0.000135281,0.000167916,-0.000638784,0.999999462,0.000258631,-0.000976917,0.000235123
1790503941.658363581,-0.000135060,0.000168469,-0.000637802,0.999999465,0.000251910,-0.000972746,0.000245107
1790503941.691503286,-0.000134866,0.000167069,-0.000635935,0.999999472,0.000247626,-0.000967870,0.000239202
1790503941.724638462,-0.000134653,0.000165059,-0.000635718,0.999999469,0.000241451,-0.000972524,0.000241445
1790503941.757767916,-0.000135802,0.000163360,-0.000639180,0.999999480,0.000227224,-0.000968249,0.000227530
1790503941.790893555,-0.000135415,0.000163629,-0.000640317,0.999999478,0.000232996,-0.000968738,0.000228174
1790503941.824015617,-0.000134445,0.000164363,-0.000639305,0.999999482,0.000223140,-0.000967267,0.000224871
1790503941.857354403,-0.000132749,0.000165678,-0.000636117,0.999999480,0.000224657,-0.000967161,0.000234180
1790503941.890692234,-0.000133264,0.000166266,-0.000635538,0.999999483,0.000232372,-0.000961472,0.000233697
1790503941.924031019,-0.000135071,0.000164918,-0.000636084,0.999999493,0.000213305,-0.000958235,0.000224416
1790503941.957369804,-0.000135732,0.000165720,-0.000637003,0.999999481,0.000226893,-0.000965740,0.000233749
1790503941.990708828,-0.000138572,0.000165101,-0.000635768,0.999999484,0.000226765,-0.000961618,0.000236681
1790503942.024046659,-0.000140756,0.000162643,-0.000635961,0.999999489,0.000215754,-0.000962324,0.000223658
1790503942.057385445,-0.000139876,0.000162699,-0.000637954,0.999999478,0.000217034,-0.000973148,0.000222226
1790503942.090724468,-0.000138095,0.000164334,-0.000637698,0.999999475,0.000217470,-0.000977366,0.000217629
1790503942.124062300,-0.000136799,0.000166020,-0.000636177,0.999999465,0.000224408,-0.000982912,0.000229665
1790503942.157401085,-0.000138863,0.000165922,-0.000635881,0.999999467,0.000230227,-0.000978522,0.000237292
1790503942.190740108,-0.000141025,0.000163788,-0.000635372,0.999999467,0.000213496,-0.000986936,0.000214939
1790503942.224079132,-0.000139708,0.000162360,-0.000637570,0.999999462,0.000218380,-0.000990848,0.000213899
1790503942.257416964,-0.000136528,0.000163003,-0.000639408,0.999999454,0.000217344,-0.000999143,0.000216671
1790503942.290755749,-0.000134862,0.000165439,-0.000638323,0.999999452,0.000220468,-0.001001146,0.000213220
1790503942.324094772,-0.000134034,0.000166876,-0.000637915,0.999999450,0.000234565,-0.000995903,0.000230382
1790503942.357433796,-0.000136221,0.000165337,-0.000639639,0.999999454,0.000224437,-0.000996452,0.000219115
1790503942.390771627,-0.000138389,0.000162094,-0.000639394,0.999999466,0.000216372,-0.000988714,0.000211205
1790503942.424110651,-0.000136240,0.000161704,-0.000641409,0.999999463,0.000225516,-0.000988284,0.000216378
1790503942.457449675,-0.000135424,0.000162952,-0.000640886,0.999999460,0.000220023,-0.000994838,0.000205621
1790503942.490787506,-0.000135069,0.000165282,-0.000639347,0.999999456,0.000237515,-0.000992217,0.000218783
1790503942.524126768,-0.000135555,0.000167162,-0.000639194,0.999999468,0.000238756,-0.000979406,0.000218516
1790503942.557465792,-0.000134680,0.000167507,-0.000640498,0.999999462,0.000237187,-0.000986454,0.000215186
1790503942.590804577,-0.000135014,0.000166070,-0.000639032,0.999999463,0.000244614,-0.000982551,0.000221392
1790503942.624142885,-0.000137588,0.000162995,-0.000638272,0.999999470,0.000228472,-0.000983220,0.000201746
1790503942.657481909,-0.000137423,0.000161074,-0.000638181,0.999999466,0.000230159,-0.000983297,0.000218213
1790503942.690820694,-0.000137646,0.000161981,-0.000638866,0.999999464,0.000223738,-0.000989293,0.000207234
1790503942.724159002,-0.000136113,0.000163710,-0.000640543,0.999999455,0.000242934,-0.000992424,0.000214630
1790503942.757498026,-0.000134726,0.000161580,-0.000640135,0.999999457,0.000226418,-0.000995011,0.000213717
1790503942.790837049,-0.000134730,0.000162232,-0.000640334,0.999999457,0.000220801,-0.000998062,0.000204977
1790503942.824176311,-0.000135264,0.000167213,-0.000638926,0.999999448,0.000240314,-0.001001323,0.000209287
1790503942.857506990,-0.000134082,0.000170329,-0.000637042,0.999999438,0.000246335,-0.001008482,0.000214312
1790503942.890838623,-0.000134496,0.000168789,-0.000637713,0.999999437,0.000236501,-0.001012968,0.000209528
1790503942.924170494,-0.000137116,0.000164903,-0.000636587,0.999999452,0.000241446,-0.000994925,0.000218565
1790503942.957501888,-0.000135346,0.000163257,-0.000636562,0.999999441,0.000219915,-0.001012274,0.000211857
1790503942.990832329,-0.000133744,0.000166772,-0.000638512,0.999999437,0.000241145,-0.001010276,0.000215152
1790503943.024163485,-0.000134180,0.000168241,-0.000637454,0.999999438,0.000239747,-0.001010679,0.000212314
1790503943.057494879,-0.000134814,0.000165871,-0.000636451,0.999999444,0.000237396,-0.001003247,0.000222970
1790503943.090824842,-0.000136175,0.000163133,-0.000635145,0.999999446,0.000227436,-0.001004344,0.000219051
1790503943.124155998,-0.000135135,0.000162253,-0.000636687,0.999999443,0.000233049,-0.001006352,0.000217358
1790503943.157486916,-0.000134074,0.000161772,-0.000636627,0.999999446,0.000218689,-0.001007344,0.000211817
1790503943.190817595,-0.000134593,0.000163579,-0.000636767,0.999999442,0.000235189,-0.001005280,0.000223540
1790503943.224147558,-0.000136032,0.000164783,-0.000636694,0.999999449,0.000231126,-0.000998657,0.000225180
1790503943.257477999,-0.000137605,0.000167036,-0.000635183,0.999999450,0.000240147,-0.000993955,0.000231410
1790503943.290808439,-0.000136899,0.000168184,-0.000636891,0.999999450,0.000235085,-0.000996825,0.000226290
1790503943.324138880,-0.000134672,0.000167144,-0.000638743,0.999999446,0.000238910,-0.000998312,0.000232869
1790503943.357468367,-0.000135259,0.000164496,-0.000639018,0.999999449,0.000235190,-0.000997202,0.000229207
1790503943.390798330,-0.000135401,0.000162541,-0.000639651,0.999999448,0.000222815,-0.001000046,0.000231169
1790503943.424128532,-0.000134711,0.000163141,-0.000640177,0.999999449,0.000234068,-0.000997752,0.000226396
1790503943.457457542,-0.000131928,0.000163493,-0.000639862,0.999999443,0.000223796,-0.001005838,0.000228640
1790503943.490787268,-0.000131979,0.000164136,-0.000637706,0.999999444,0.000236041,-0.001000567,0.000235421
1790503943.524117231,-0.000134609,0.000162335,-0.000635821,0.999999450,0.000221870,-0.000998433,0.000231043
1790503943.557446718,-0.000135580,0.000161360,-0.000636861,0.999999454,0.000225720,-0.000992031,0.000239076
1790503943.590775490,-0.000134777,0.000161685,-0.000639263,0.999999448,0.000235096,-0.000995052,0.000240109
1790503943.624104977,-0.000135781,0.000161714,-0.000639134,0.999999455,0.000214875,-0.000995431,0.000230169
1790503943.657434225,-0.000135700,0.000165375,-0.000639889,0.999999447,0.000240240,-0.000997067,0.000231334
1790503943.690763474,-0.000136449,0.000167006,-0.000638294,0.999999447,0.000242323,-0.000994732,0.000239708
1790503943.724091768,-0.000137169,0.000166196,-0.000638173,0.999999454,0.000240860,-0.000990067,0.000230617
1790503943.757421017,-0.000135186,0.000164627,-0.000638641,0.999999445,0.000248505,-0.000997383,0.000230638
1790503943.790749788,-0.000135038,0.000162299,-0.000637270,0.999999449,0.000236676,-0.000996853,0.000227955
1790503943.824077606,-0.000137209,0.000162907,-0.000636611,0.999999452,0.000247344,-0.000989734,0.000235687
1790503943.857426405,-0.000138929,0.000164017,-0.000636566,0.999999457,0.000242548,-0.000988469,0.000223233
1790503943.890775442,-0.000138070,0.000165207,-0.000638837,0.999999443,0.000259353,-0.000998647,0.000224018
1790503943.924124479,-0.000137716,0.000165073,-0.000638409,0.999999453,0.000245237,-0.000991480,0.000223441
1790503943.957472563,-0.000136774,0.000166387,-0.000638272,0.999999448,0.000259007,-0.000992732,0.000225060
1790503943.990822077,-0.000136107,0.000165596,-0.000638384,0.999999456,0.000246318,-0.000988132,0.000225934
1790503944.024171591,-0.000136831,0.000165618,-0.000640061,0.999999451,0.000247412,-0.000994119,0.000220828
1790503944.057520151,-0.000137367,0.000165105,-0.000639212,0.999999462,0.000245451,-0.000982261,0.000224215
1790503944.090870142,-0.000136412,0.000165293,-0.000640413,0.999999464,0.000244454,-0.000981214,0.000220437
1790503944.124220133,-0.000134770,0.000164603,-0.000641110,0.999999460,0.000235375,-0.000987131,0.000225641
1790503944.157570362,-0.000134789,0.000163313,-0.000640824,0.999999461,0.000229336,-0.000989043,0.000216231
1790503944.190919638,-0.000136056,0.000162422,-0.000639142,0.999999470,0.000223476,-0.000981070,0.000216082
1790503944.224270344,-0.000136245,0.000163006,-0.000638453,0.999999470,0.000230662,-0.000977816,0.000226370
1790503944.257620811,-0.000136014,0.000163746,-0.000638540,0.999999477,0.000214227,-0.000974696,0.000225035
1790503944.290971756,-0.000136025,0.000165103,-0.000639568,0.999999471,0.000228776,-0.000976493,0.000227076
1790503944.324321508,-0.000135493,0.000165721,-0.000638452,0.999999464,0.000235771,-0.000979795,0.000236542
1790503944.357672691,-0.000135345,0.000163523,-0.000639607,0.999999464,0.000218672,-0.000987913,0.000220605
1790503944.391023636,-0.000134853,0.000162391,-0.000638010,0.999999464,0.000212810,-0.000987900,0.000224494
1790503944.424374342,-0.000133904,0.000164344,-0.000635817,0.999999455,0.000234501,-0.000987264,0.000246675
1790503944.457725525,-0.000133469,0.000163853,-0.000636912,0.999999451,0.000221245,-0.000998652,0.000227592
1790503944.491077423,-0.000134984,0.000161294,-0.000637957,0.999999450,0.000220768,-0.000998997,0.000232171
1790503944.524429083,-0.000137835,0.000160049,-0.000638715,0.999999454,0.000223329,-0.000994238,0.000229549
1790503944.557780266,-0.000137657,0.000159980,-0.000639375,0.999999450,0.000213238,-0.001001822,0.000224146
1790503944.591132402,-0.000137666,0.000161251,-0.000638210,0.999999444,0.000215220,-0.001005282,0.000233568
1790503944.624484539,-0.000137855,0.000164501,-0.000636062,0.999999448,0.000230690,-0.000996606,0.000239805
1790503944.657837152,-0.000136378,0.000166663,-0.000636232,0.999999444,0.000239778,-0.000997138,0.000245782
1790503944.691188812,-0.000134999,0.000165971,-0.000637744,0.999999441,0.000232935,-0.001003144,0.000238281
1790503944.724541426,-0.000136141,0.000163195,-0.000639212,0.999999449,0.000243677,-0.000991428,0.000242871
1790503944.757894278,-0.000136755,0.000157978,-0.000640487,0.999999451,0.000225264,-0.000997467,0.000229439
1790503944.791246414,-0.000135288,0.000156322,-0.000637676,0.999999455,0.000209427,-0.000998049,0.000225094
1790503944.824599266,-0.000135082,0.000161323,-0.000636471,0.999999446,0.000244287,-0.000997402,0.000231458
1790503944.857934475,-0.000135990,0.000164444,-0.000635406,0.999999454,0.000241851,-0.000989377,0.000232422
1790503944.891269445,-0.000136339,0.000166250,-0.000637382,0.999999458,0.000242839,-0.000987583,0.000223120
1790503944.924603224,-0.000136160,0.000165414,-0.000638984,0.999999455,0.000250317,-0.000987034,0.000230387
1790503944.957938194,-0.000136367,0.000163483,-0.000639664,0.999999455,0.000245304,-0.000990944,0.000220941
1790503944.991272926,-0.000134347,0.000161794,-0.000638334,0.999999461,0.000235071,-0.000986239,0.000224199
1790503945.024607658,-0.000132150,0.000161864,-0.000637029,0.999999453,0.000245382,-0.000989855,0.000233257
1790503945.057941437,-0.000132881,0.000162089,-0.000638971,0.999999451,0.000236865,-0.000995114,0.000226311
1790503945.091276169,-0.000135436,0.000163231,-0.000638589,0.999999461,0.000239340,-0.000984649,0.000227444
1790503945.124610901,-0.000135845,0.000164448,-0.000637921,0.999999457,0.000251005,-0.000980975,0.000245281
1790503945.157944441,-0.000137040,0.000164737,-0.000638599,0.999999462,0.000241950,-0.000981048,0.000232657
1790503945.191278696,-0.000138610,0.000164117,-0.000637581,0.999999462,0.000247688,-0.000976466,0.000246694
1790503945.224613190,-0.000140312,0.000163040,-0.000637233,0.999999473,0.000235069,-0.000970185,0.000238660
1790503945.257947683,-0.000137724,0.000164519,-0.000639123,0.999999462,0.000248346,-0.000977137,0.000243070
1790503945.291280985,-0.000136453,0.000164542,-0.000640926,0.999999462,0.000239324,-0.000981942,0.000234553
1790503945.324615479,-0.000137167,0.000162675,-0.000638818,0.999999462,0.000234799,-0.000982030,0.000238199
1790503945.357949734,-0.000139951,0.000162129,-0.000637571,0.999999473,0.000234476,-0.000971622,0.000234392
1790503945.391283035,-0.000140400,0.000163517,-0.000639358,0.999999462,0.000234043,-0.000984039,0.000228874
1790503945.424617290,-0.000140571,0.000164018,-0.000638508,0.999999464,0.000230478,-0.000983184,0.000226739
1790503945.457951069,-0.000138534,0.000164726,-0.000639076,0.999999461,0.000234441,-0.000985160,0.000227161
1790503945.491285324,-0.000136227,0.000164583,-0.000641153,0.999999456,0.000227142,-0.000991314,0.000229821
1790503945.524618387,-0.000135033,0.000163936,-0.000640112,0.999999457,0.000230735,-0.000989365,0.000230442
1790503945.557952404,-0.000134930,0.000162919,-0.000637925,0.999999458,0.000212568,-0.000993611,0.000226786
1790503945.591286421,-0.000136131,0.000165197,-0.000636181,0.999999455,0.000234664,-0.000989203,0.000238165
1790503945.624620199,-0.000137255,0.000167912,-0.000636296,0.999999461,0.000221082,-0.000989645,0.000222241
1790503945.657953024,-0.000135575,0.000169415,-0.000636472,0.999999452,0.000243271,-0.000988906,0.000241885
1790503945.691286802,-0.000135742,0.000167442,-0.000637650,0.999999461,0.000215922,-0.000990461,0.000223185
1790503945.724620581,-0.000135362,0.000165152,-0.000638675,0.999999455,0.000230910,-0.000990451,0.000234178
1790503945.757953405,-0.000138004,0.000163145,-0.000638395,0.999999464,0.000215412,-0.000987948,0.000221352
1790503945.791287184,-0.000137738,0.000163496,-0.000637685,0.999999465,0.000216915,-0.000988595,0.000215303
1790503945.824620724,-0.000134942,0.000164345,-0.000638960,0.999999460,0.000220567,-0.000990565,0.000224928
1790503945.857958078,-0.000136568,0.000163761,-0.000638507,0.999999468,0.000217765,-0.000983699,0.000222328
1790503945.891294479,-0.000137626,0.000165589,-0.000637474,0.999999466,0.000214897,-0.000986029,0.000221581
1790503945.924631834,-0.000136696,0.000169330,-0.000635064,0.999999463,0.000240263,-0.000977694,0.000245270
1790503945.957969189,-0.000135438,0.000169245,-0.000637706,0.999999457,0.000229864,-0.000990517,0.000229484
1790503945.991306543,-0.000134047,0.000164987,-0.000637501,0.999999459,0.000220990,-0.000988620,0.000236373
1790503946.024643183,-0.000134540,0.000163197,-0.000636431,0.999999458,0.000218785,-0.000992512,0.000225960
1790503946.057980537,-0.000135772,0.000164109,-0.000634850,0.999999461,0.000222140,-0.000987073,0.000231447
1790503946.091317892,-0.000136070,0.000167361,-0.000636211,0.999999454,0.000236781,-0.000988711,0.000239768
1790503946.124654293,-0.000137356,0.000168680,-0.000635535,0.999999459,0.000227442,-0.000987310,0.000234948
1790503946.157991648,-0.000137104,0.000169477,-0.000634988,0.999999463,0.000236263,-0.000977996,0.000249145
1790503946.191329002,-0.000136203,0.000170451,-0.000637169,0.999999448,0.000235874,-0.000995636,0.000237285
1790503946.224666357,-0.000136123,0.000169721,-0.000635272,0.999999454,0.000248647,-0.000983741,0.000250431
1790503946.258002758,-0.000137585,0.000168945,-0.000636715,0.999999454,0.000234954,-0.000987435,0.000249230
1790503946.291340113,-0.000139740,0.000167526,-0.000638197,0.999999456,0.000240016,-0.000985659,0.000242265
1790503946.324677467,-0.000139113,0.000164523,-0.000639619,0.999999458,0.000231701,-0.000986732,0.000239362
1790503946.358014822,-0.000137492,0.000162586,-0.000638090,0.999999452,0.000241295,-0.000990867,0.000236783
1790503946.391350985,-0.000137075,0.000162478,-0.000634486,0.999999463,0.000231300,-0.000982429,0.000236763
1790503946.424688578,-0.000135590,0.000167097,-0.000634599,0.999999450,0.000247973,-0.000988572,0.000248045
1790503946.458025932,-0.000135090,0.000168945,-0.000634305,0.999999456,0.000255177,-0.000980760,0.000246379
1790503946.491362095,-0.000135800,0.000166601,-0.000633443,0.999999458,0.000238639,-0.000984907,0.000236929
1790503946.524699450,-0.000136971,0.000165326,-0.000632918,0.999999457,0.000258590,-0.000978938,0.000246710
1790503946.558036804,-0.000137803,0.000162590,-0.000632998,0.999999465,0.000256574,-0.000975080,0.000231269
1790503946.591373920,-0.000137969,0.000158997,-0.000634994,0.999999464,0.000238984,-0.000982235,0.000224025
1790503946.624710560,-0.000139974,0.000160577,-0.000640974,0.999999470,0.000244053,-0.000975179,0.000220458
1790503946.658047915,-0.000139259,0.000163714,-0.000646584,0.999999463,0.000239785,-0.000982230,0.000227836
1790503946.691385031,-0.000139806,0.000165660,-0.000653054,0.999999462,0.000231783,-0.000986403,0.000222959
1790503946.724721432,-0.000141211,0.000168534,-0.000661374,0.999999463,0.000244025,-0.000980511,0.000231044
1790503946.758058548,-0.000142732,0.000171464,-0.000667392,0.999999464,0.000235023,-0.000984057,0.000221548
1790503946.791395903,-0.000138951,0.000175186,-0.000666778,0.999999452,0.000238972,-0.000995091,0.000221322
1790503946.824733257,-0.000139048,0.000177764,-0.000665179,0.999999454,0.000246135,-0.000989631,0.000228160
1790503946.858067513,-0.000142215,0.000177084,-0.000664060,0.999999466,0.000242020,-0.000976515,0.000235429
1790503946.891402721,-0.000141483,0.000176304,-0.000663416,0.999999463,0.000232662,-0.000983827,0.000228609
1790503946.924737930,-0.000137829,0.000177901,-0.000663925,0.999999455,0.000235007,-0.000991548,0.000227342
1790503946.958073139,-0.000136249,0.000180851,-0.000662848,0.999999447,0.000249878,-0.000994331,0.000233709
1790503946.991407394,-0.000138163,0.000180275,-0.000664113,0.999999449,0.000242639,-0.000996794,0.000224147
1790503947.024742603,-0.000141526,0.000176489,-0.000664128,0.999999461,0.000235092,-0.000986039,0.000224014
1790503947.058077812,-0.000142896,0.000171939,-0.000663439,0.999999457,0.000226338,-0.000992781,0.000219795
1790503947.091412067,-0.000143685,0.000170327,-0.000662384,0.999999465,0.000217861,-0.000987816,0.000214330
1790503947.124747038,-0.000142598,0.000171942,-0.000663061,0.999999454,0.000226926,-0.000996335,0.000219398
1790503947.158082247,-0.000140908,0.000173705,-0.000662495,0.999999458,0.000231753,-0.000990014,0.000223423
1790503947.191417217,-0.000140041,0.000174722,-0.000664063,0.999999446,0.000233809,-0.001003022,0.000215429
1790503947.224751234,-0.000140214,0.000173224,-0.000664420,0.999999446,0.000234833,-0.001001419,0.000223917
1790503947.258086205,-0.000140600,0.000170712,-0.000666096,0.999999445,0.000218816,-0.001008017,0.000213960
1790503947.291421175,-0.000140780,0.000170732,-0.000665156,0.999999452,0.000226741,-0.000999944,0.000211614
1790503947.324756145,-0.000141325,0.000170292,-0.000663078,0.999999453,0.000221484,-0.001000782,0.000210370
1790503947.358090162,-0.000142461,0.000171172,-0.000663200,0.999999457,0.000226004,-0.000993403,0.000217654
1790503947.391424894,-0.000141679,0.000173978,-0.000664382,0.999999459,0.000226001,-0.000992401,0.000213189
1790503947.424759865,-0.000139192,0.000175467,-0.000665261,0.999999452,0.000235634,-0.000996773,0.000215645
1790503947.458093405,-0.000139319,0.000174381,-0.000665825,0.999999461,0.000231324,-0.000989304,0.000211922
1790503947.491428137,-0.000139227,0.000172853,-0.000665548,0.999999462,0.000221955,-0.000992156,0.000206314
1790503947.524762869,-0.000139127,0.000173283,-0.000664212,0.999999469,0.000228003,-0.000982487,0.000211889
1790503947.558097601,-0.000138008,0.000176147,-0.000665438,0.999999460,0.000232084,-0.000990156,0.000211588
1790503947.591431379,-0.000138498,0.000178546,-0.000666264,0.999999469,0.000233795,-0.000980300,0.000213070
1790503947.624766111,-0.000138022,0.000179236,-0.000665571,0.999999454,0.000248572,-0.000991606,0.000216537
1790503947.658100843,-0.000139425,0.000175733,-0.000664411,0.999999473,0.000223464,-0.000980450,0.000206044
1790503947.691435337,-0.000138913,0.000176857,-0.000664050,0.999999461,0.000238943,-0.000987687,0.000212598
1790503947.724768877,-0.000140557,0.000178238,-0.000661684,0.999999459,0.000249843,-0.000984919,0.000223009
1790503947.758103609,-0.000143838,0.000176391,-0.000662936,0.999999471,0.000234707,-0.000979780,0.000206541
1790503947.791438103,-0.000142634,0.000176244,-0.000664766,0.999999460,0.000241591,-0.000988060,0.000214680
1790503947.824771404,-0.000140676,0.000176709,-0.000665182,0.999999457,0.000250854,-0.000987338,0.000219942
1790503947.858109236,-0.000140371,0.000175422,-0.000664396,0.999999460,0.000241724,-0.000988705,0.000208700
1790503947.891451120,-0.000138085,0.000174829,-0.000664797,0.999999446,0.000241967,-0.001002832,0.000209204
1790503947.924793482,-0.000138409,0.000174501,-0.000665205,0.999999452,0.000241045,-0.000997999,0.000203452
1790503947.958134413,-0.000139361,0.000174343,-0.000664469,0.999999452,0.000245565,-0.000997955,0.000201940
1790503947.991476774,-0.000139666,0.000176110,-0.000664925,0.999999455,0.000238165,-0.000996932,0.000197115
1790503948.024819136,-0.000137282,0.000180599,-0.000664076,0.999999444,0.000253356,-0.001001907,0.000209271
1790503948.058160067,-0.000135510,0.000183225,-0.000663824,0.999999436,0.000255904,-0.001009631,0.000205935
1790503948.091502666,-0.000136952,0.000181388,-0.000665828,0.999999447,0.000247427,-0.001003960,0.000190195
1790503948.124845028,-0.000140637,0.000177244,-0.000665299,0.999999450,0.000243712,-0.001002590,0.000186905
1790503948.158187151,-0.000143906,0.000172194,-0.000662606,0.999999459,0.000233198,-0.000994510,0.000195403
1790503948.191528797,-0.000144745,0.000170804,-0.000663405,0.999999455,0.000232577,-0.001001896,0.000181460
1790503948.224871397,-0.000141541,0.000172527,-0.000665220,0.999999458,0.000232881,-0.000996932,0.000187442
1790503948.258213758,-0.000138834,0.000174807,-0.000666847,0.999999446,0.000245254,-0.001006159,0.000188641
1790503948.291556358,-0.000138002,0.000173447,-0.000667396,0.999999444,0.000240643,-0.001009745,0.000183560
1790503948.324898005,-0.000139498,0.000170772,-0.000666269,0.999999450,0.000227726,-0.001007870,0.000182208
1790503948.358240604,-0.000138879,0.000172150,-0.000665256,0.999999447,0.000244397,-0.001004360,0.000194528
1790503948.391583204,-0.000138527,0.000174436,-0.000666431,0.999999441,0.000239451,-0.001013162,0.000182829
1790503948.424925089,-0.000140001,0.000175198,-0.000667355,0.999999447,0.000247622,-0.001005608,0.000180800
1790503948.458267927,-0.000138237,0.000174124,-0.000667786,0.999999437,0.000246808,-0.001017351,0.000176146
1790503948.491610527,-0.000136836,0.000172784,-0.000666581,0.999999432,0.000234668,-0.001025269,0.000175160
1790503948.524953365,-0.000138607,0.000174431,-0.000665345,0.999999436,0.000247661,-0.001016763,0.000182625
1790503948.558295488,-0.000140435,0.000177630,-0.000661078,0.999999440,0.000255701,-0.001008905,0.000194042
1790503948.591638088,-0.000141715,0.000179460,-0.000662793,0.999999431,0.000263523,-0.001017437,0.000181844
1790503948.624981165,-0.000142251,0.000178192,-0.000664421,0.999999432,0.000254335,-0.001018468,0.000183892
1790503948.658324242,-0.000141082,0.000176471,-0.000665477,0.999999430,0.000259808,-0.001020103,0.000176830
1790503948.691666365,-0.000138570,0.000175598,-0.000666471,0.999999424,0.000249794,-0.001029579,0.000171939
1790503948.725009441,-0.000137445,0.000177631,-0.000665601,0.999999423,0.000261826,-0.001026905,0.000175309
1790503948.758352518,-0.000137544,0.000178680,-0.000665449,0.999999421,0.000271151,-0.001026204,0.000178237
1790503948.791694880,-0.000139138,0.000175848,-0.000665108,0.999999428,0.000254532,-0.001023511,0.000177109
1790503948.825037956,-0.000140041,0.000175105,-0.000665301,0.999999422,0.000260701,-0.001028680,0.000172562
1790503948.858381033,-0.000141786,0.000174279,-0.000665460,0.999999426,0.000261503,-0.001025458,0.000169847
1790503948.891711950,-0.000141253,0.000173700,-0.000665478,0.999999422,0.000253824,-0.001032871,0.000159046
1790503948.925041437,-0.000139683,0.000175967,-0.000665550,0.999999419,0.000261612,-0.001033729,0.000160824
1790503948.958372116,-0.000141061,0.000178299,-0.000662793,0.999999408,0.000270338,-0.001039856,0.000170599
1790503948.991702318,-0.000147008,0.000176054,-0.000662699,0.999999424,0.000258377,-0.001030801,0.000151169
1790503949.025032997,-0.000148236,0.000173360,-0.000663040,0.999999430,0.000247600,-0.001028782,0.000139004
1790503949.058362246,-0.000141823,0.000174379,-0.000665113,0.999999404,0.000256103,-0.001051789,0.000144445
1790503949.091692686,-0.000138847,0.000175903,-0.000664959,0.999999406,0.000251909,-0.001051347,0.000138439
1790503949.125022888,-0.000138099,0.000176007,-0.000665343,0.999999399,0.000246958,-0.001060064,0.000132083
1790503949.158352137,-0.000138587,0.000175761,-0.000666211,0.999999396,0.000246577,-0.001063190,0.000126873
1790503949.191682100,-0.000141813,0.000176354,-0.000665236,0.999999404,0.000243216,-0.001057620,0.000120482
1790503949.225012541,-0.000142820,0.000178030,-0.000663404,0.999999399,0.000249419,-0.001060293,0.000126808
1790503949.258342505,-0.000141564,0.000179126,-0.000663247,0.999999398,0.000243126,-0.001062924,0.000120921
1790503949.291671276,-0.000138752,0.000180931,-0.000664919,0.999999388,0.000254993,-0.001070166,0.000117301
1790503949.325001478,-0.000137828,0.000182570,-0.000666538,0.999999383,0.000250742,-0.001077133,0.000106765
1790503949.358331203,-0.000138855,0.000182609,-0.000664063,0.999999380,0.000265285,-0.001074870,0.000117724
1790503949.391660213,-0.000140456,0.000178514,-0.000662645,0.999999380,0.000253034,-0.001079359,0.000104249
1790503949.424989939,-0.000141667,0.000174500,-0.000663298,0.999999383,0.000243950,-0.001080656,0.000086264
1790503949.458319664,-0.000140087,0.000173856,-0.000664265,0.999999379,0.000257887,-0.001080105,0.000089809
1790503949.491649389,-0.000137890,0.000173648,-0.000666682,0.999999367,0.000254509,-0.001092931,0.000081204
1790503949.524977922,-0.000140859,0.000172472,-0.000667827,0.999999369,0.000262634,-0.001089899,0.000076967
1790503949.558307648,-0.000144340,0.000169963,-0.000668670,0.999999371,0.000261854,-0.001088679,0.000063939
1790503949.591636896,-0.000144758,0.000168820,-0.000669869,0.999999364,0.000256573,-0.001096819,0.000054281
1790503949.624966621,-0.000145512,0.000168367,-0.000668643,0.999999365,0.000266941,-0.001093129,0.000068732
1790503949.658294916,-0.000146945,0.000168961,-0.000668574,0.999999368,0.000265307,-0.001089840,0.000072414
1790503949.691624165,-0.000145680,0.000171540,-0.000671396,0.999999360,0.000271291,-0.001096213,0.000071782
1790503949.724953651,-0.000144751,0.000174262,-0.000673557,0.999999356,0.000288242,-0.001094642,0.000084424
1790503949.758281708,-0.000144142,0.000176242,-0.000674671,0.999999349,0.000293988,-0.001098653,0.000094896
1790503949.791611195,-0.000142590,0.000175745,-0.000672513,0.999999347,0.000295552,-0.001099637,0.000095895
1790503949.824940205,-0.000142171,0.000174821,-0.000670162,0.999999347,0.000288556,-0.001101989,0.000094630
1790503949.858269215,-0.000143047,0.000177309,-0.000666311,0.999999353,0.000309185,-0.001089622,0.000110014
1790503949.891601086,-0.000140744,0.000180727,-0.000665013,0.999999330,0.000329467,-0.001102998,0.000117814
1790503949.924933910,-0.000139907,0.000178039,-0.000665618,0.999999343,0.000310289,-0.001097759,0.000115315
1790503949.958266258,-0.000141831,0.000176553,-0.000666118,0.999999341,0.000324250,-0.001094580,0.000124258
1790503949.991599083,-0.000145587,0.000173307,-0.000665037,0.999999361,0.000303416,-0.001082675,0.000118926
1790503950.024930716,-0.000144325,0.000172406,-0.000664048,0.999999359,0.000301670,-0.001084025,0.000127545
1790503950.058263540,-0.000142287,0.000174764,-0.000663692,0.999999359,0.000308350,-0.001082328,0.000124610
1790503950.091595888,-0.000139255,0.000176117,-0.000664686,0.999999355,0.000300596,-0.001087882,0.000127484
1790503950.124927521,-0.000137293,0.000176119,-0.000665700,0.999999354,0.000303118,-0.001087381,0.000132700
1790503950.158260107,-0.000139418,0.000175097,-0.000664861,0.999999368,0.000292445,-0.001077721,0.000133524
1790503950.191592216,-0.000141574,0.000174680,-0.000664504,0.999999364,0.000287881,-0.001083588,0.000126066
1790503950.224924803,-0.000143635,0.000174130,-0.000662687,0.999999377,0.000288883,-0.001069055,0.000139400
1790503950.258256197,-0.000144909,0.000173132,-0.000663491,0.999999384,0.000289424,-0.001063077,0.000137705
1790503950.291588545,-0.000142475,0.000172029,-0.000664498,0.999999383,0.000274288,-0.001066811,0.000141297
1790503950.324920893,-0.000141089,0.000174219,-0.000665818,0.999999371,0.000283935,-0.001076919,0.000129934
1790503950.358253241,-0.000141673,0.000174524,-0.000665478,0.999999388,0.000280064,-0.001061254,0.000140387
1790503950.391584158,-0.000140519,0.000174806,-0.000666064,0.999999381,0.000279076,-0.001068197,0.000138174
1790503950.424916506,-0.000139626,0.000175038,-0.000666053,0.999999388,0.000282015,-0.001059796,0.000147018
1790503950.458248854,-0.000139900,0.000174187,-0.000668283,0.999999384,0.000279762,-0.001064834,0.000143910
1790503950.491579771,-0.000140089,0.000172247,-0.000667486,0.999999392,0.000278813,-0.001055537,0.000155452
1790503950.524911880,-0.000140561,0.000171423,-0.000667118,0.999999388,0.000277598,-0.001060002,0.000152030
1790503950.558243990,-0.000142186,0.000171570,-0.000668301,0.999999396,0.000277935,-0.001054198,0.000142357
1790503950.591575861,-0.000142650,0.000170590,-0.000670144,0.999999394,0.000279279,-0.001054486,0.000147402
1790503950.624907017,-0.000141718,0.000168558,-0.000669573,0.999999398,0.000259618,-0.001056145,0.000143183
1790503950.658239126,-0.000140575,0.000170049,-0.000667988,0.999999391,0.000271053,-0.001060166,0.000143005
1790503950.691570997,-0.000140868,0.000172189,-0.000663946,0.999999396,0.000269092,-0.001055167,0.000150839
1790503950.724901915,-0.000141211,0.000174252,-0.000663483,0.999999389,0.000267037,-0.001064029,0.000139584
1790503950.758233547,-0.000141611,0.000175043,-0.000662864,0.999999391,0.000264760,-0.001062710,0.000135004
1790503950.791565418,-0.000141753,0.000174145,-0.000663404,0.999999391,0.000269454,-0.001060581,0.000141573
1790503950.824897289,-0.000140062,0.000173461,-0.000666258,0.999999385,0.000260183,-0.001069969,0.000131754
1790503950.858227968,-0.000140831,0.000172523,-0.000665124,0.999999398,0.000251474,-0.001060474,0.000130265
1790503950.891562939,-0.000140865,0.000173996,-0.000664903,0.999999388,0.000261993,-0.001067542,0.000127210
1790503950.924898148,-0.000140407,0.000175307,-0.000665128,0.999999382,0.000258024,-0.001074801,0.000119012
1790503950.958233118,-0.000141522,0.000175802,-0.000664598,0.999999387,0.000257174,-0.001071203,0.000112801
1790503950.991567135,-0.000141051,0.000176281,-0.000665453,0.999999380,0.000263241,-0.001076423,0.000113095
1790503951.024902105,-0.000141049,0.000178220,-0.000665064,0.999999381,0.000264098,-0.001076281,0.000101867
1790503951.058237076,-0.000138687,0.000179590,-0.000665869,0.999999380,0.000271866,-0.001073934,0.000112994
1790503951.091571093,-0.000138425,0.000179013,-0.000665156,0.999999378,0.000265168,-0.001079741,0.000093728
1790503951.124906063,-0.000138165,0.000177937,-0.000665242,0.999999377,0.000259981,-0.001081659,0.000089433
1790503951.158240795,-0.000136939,0.000178817,-0.000664160,0.999999375,0.000263881,-0.001083744,0.000082541
1790503951.191575766,-0.000137014,0.000179628,-0.000661541,0.999999373,0.000267012,-0.001084366,0.000087406
1790503951.224909782,-0.000139512,0.000179817,-0.000658872,0.999999384,0.000264293,-0.001074273,0.000086740
1790503951.258244276,-0.000140079,0.000179695,-0.000659725,0.999999374,0.000270180,-0.001083054,0.000075353
1790503951.291579247,-0.000141281,0.000177764,-0.000660819,0.999999375,0.000260738,-0.001085662,0.000058014
1790503951.324913979,-0.000141595,0.000177188,-0.000663408,0.999999366,0.000267960,-0.001092591,0.000043609
1790503951.358247757,-0.000140809,0.000176830,-0.000662697,0.999999359,0.000273357,-0.001097268,0.000052511
1790503951.391582727,-0.000140449,0.000177322,-0.000661999,0.999999361,0.000276447,-0.001095729,0.000041242
1790503951.424917459,-0.000138984,0.000176804,-0.000662255,0.999999344,0.000283633,-0.001109021,0.000045845
1790503951.458251238,-0.000140143,0.000174184,-0.000662251,0.999999339,0.000288485,-0.001111948,0.000040099
1790503951.491585970,-0.000143005,0.000169527,-0.000663376,0.999999349,0.000271309,-0.001107962,0.000019585
1790503951.524920702,-0.000143935,0.000169157,-0.000665345,0.999999342,0.000275989,-0.001113410,0.000012780
1790503951.558255434,-0.000142804,0.000172711,-0.000666033,0.999999328,0.000291795,-0.001121744,0.000004136
1790503951.591589212,-0.000140760,0.000176156,-0.000664424,0.999999327,0.000297060,-0.001121146,0.000005816
1790503951.624923468,-0.000139008,0.000178158,-0.000664778,0.999999302,0.000310254,-0.001139897,-0.000010295
1790503951.658258200,-0.000138214,0.000176405,-0.000665039,0.999999297,0.000312606,-0.001143215,-0.000020728
1790503951.691592932,-0.000138762,0.000174051,-0.000664448,0.999999288,0.000313395,-0.001151234,-0.000031012
1790503951.724926472,-0.000141796,0.000173366,-0.000662674,0.999999284,0.000316846,-0.001152554,-0.000048153
1790503951.758261204,-0.000142559,0.000173920,-0.000663250,0.999999273,0.000326680,-0.001159292,-0.000055700
1790503951.791595697,-0.000141789,0.000175849,-0.000662955,0.999999266,0.000336608,-0.001161898,-0.000063144
1790503951.824929476,-0.000138936,0.000177278,-0.000665605,0.999999239,0.000342853,-0.001182145,-0.000083906
1790503951.858263969,-0.000140084,0.000175454,-0.000666648,0.999999236,0.000342072,-0.001183423,-0.000101509
1790503951.891598225,-0.000142046,0.000171799,-0.000664325,0.999999236,0.000349697,-0.001181168,-0.000103230
1790503951.924932480,-0.000141687,0.000170560,-0.000664377,0.999999222,0.000338126,-0.001193699,-0.000126883
1790503951.958265543,-0.000139064,0.000174466,-0.000665968,0.999999192,0.000355861,-0.001212869,-0.000134812
1790503951.991599798,-0.000137524,0.000177395,-0.000666147,0.999999170,0.000364960,-0.001228100,-0.000139602
1790503952.024934053,-0.000140091,0.000176988,-0.000665368,0.999999154,0.000354233,-0.001241830,-0.000154813
1790503952.058267355,-0.000142352,0.000176201,-0.000665905,0.999999126,0.000350016,-0.001262873,-0.000174572
1790503952.091601610,-0.000143650,0.000177326,-0.000663035,0.999999118,0.000355581,-0.001267819,-0.000174994
1790503952.124935627,-0.000141373,0.000179917,-0.000663342,0.999999079,0.000361352,-0.001294908,-0.000186973
1790503952.158269882,-0.000139943,0.000180674,-0.000662924,0.999999071,0.000369773,-0.001298408,-0.000189761
1790503952.191602707,-0.000138982,0.000180772,-0.000662917,0.999999030,0.000350276,-0.001330827,-0.000214209
1790503952.224936724,-0.000137934,0.000181586,-0.000661180,0.999999012,0.000360835,-0.001340794,-0.000218595
1790503952.258270979,-0.000137709,0.000182058,-0.000661507,0.999998985,0.000375146,-0.001355548,-0.000227409
1790503952.291604996,-0.000139221,0.000178729,-0.000662860,0.999998975,0.000349651,-0.001367705,-0.000239959
1790503952.324938059,-0.000141141,0.000177402,-0.000665951,0.999998957,0.000332960,-0.001382301,-0.000252928
1790503952.358272076,-0.000142049,0.000178220,-0.000668532,0.999998938,0.000348172,-0.001393158,-0.000249004
1790503952.391605854,-0.000140515,0.000177610,-0.000669695,0.999998920,0.000334312,-0.001409849,-0.000246358
1790503952.424938679,-0.000140118,0.000176918,-0.000669463,0.999998896,0.000328673,-0.001426076,-0.000255757
1790503952.458272696,-0.000139464,0.000175867,-0.000668756,0.999998870,0.000320644,-0.001444955,-0.000261624
1790503952.491606712,-0.000139640,0.000175584,-0.000667325,0.999998858,0.000328515,-0.001451507,-0.000263239
1790503952.524940491,-0.000139002,0.000172448,-0.000665786,0.999998844,0.000322637,-0.001463434,-0.000256073
1790503952.558273554,-0.000137668,0.000169305,-0.000665511,0.999998840,0.000313164,-0.001468126,-0.000259100
1790503952.591607094,-0.000134066,0.000168549,-0.000668204,0.999998796,0.000309871,-0.001496552,-0.000270032
1790503952.624940872,-0.000133581,0.000170980,-0.000665807,0.999998782,0.000311796,-0.001504934,-0.000272506
1790503952.658274651,-0.000137264,0.000173732,-0.000662820,0.999998798,0.000316324,-0.001494679,-0.000265427
1790503952.691607475,-0.000141283,0.000174529,-0.000664735,0.999998780,0.000317753,-0.001503820,-0.000277450
1790503952.724941254,-0.000142960,0.000173141,-0.000665125,0.999998777,0.000302198,-0.001508223,-0.000283109
1790503952.758274794,-0.000143018,0.000172340,-0.000663682,0.999998767,0.000308732,-0.001514323,-0.000277947
1790503952.791607618,-0.000142629,0.000171996,-0.000661316,0.999998763,0.000295274,-0.001518152,-0.000286440
1790503952.824941397,-0.000140380,0.000173095,-0.000661067,0.999998755,0.000293975,-0.001523236,-0.000289824
1790503952.858275175,-0.000138024,0.000174041,-0.000663474,0.999998734,0.000300550,-0.001535801,-0.000288700
1790503952.891614437,-0.000138592,0.000173227,-0.000665705,0.999998715,0.000296118,-0.001545863,-0.000305175
1790503952.924952984,-0.000140050,0.000171094,-0.000666825,0.999998724,0.000279390,-0.001541933,-0.000310626
1790503952.958292246,-0.000139709,0.000172465,-0.000667720,0.999998685,0.000289909,-0.001562310,-0.000325331
1790503952.991631508,-0.000138414,0.000173060,-0.000665784,0.999998653,0.000299285,-0.001578987,-0.000332621
1790503953.024971008,-0.000137438,0.000172681,-0.000664558,0.999998622,0.000276545,-0.001597285,-0.000358430
1790503953.058309555,-0.000138017,0.000175162,-0.000664735,0.999998588,0.000297033,-0.001613717,-0.000363110
1790503953.091648817,-0.000140136,0.000175454,-0.000665278,0.999998557,0.000298083,-0.001626997,-0.000387700
1790503953.124988317,-0.000141423,0.000172684,-0.000665268,0.999998525,0.000278873,-0.001643851,-0.000412212
1790503953.158326864,-0.000139492,0.000172744,-0.000666835,0.999998478,0.000294010,-0.001667376,-0.000421835
1790503953.191666365,-0.000139912,0.000172378,-0.000666790,0.999998457,0.000279090,-0.001676739,-0.000443586
1790503953.225005865,-0.000138435,0.000173666,-0.000668321,0.999998408,0.000287874,-0.001701429,-0.000453821
1790503953.258345366,-0.000138514,0.000174754,-0.000668964,0.999998372,0.000293897,-0.001716554,-0.000472820
1790503953.291683912,-0.000140695,0.000173645,-0.000666932,0.999998339,0.000288567,-0.001732280,-0.000487705
1790503953.325023413,-0.000142090,0.000173549,-0.000665368,0.999998312,0.000289149,-0.001743215,-0.000504262
1790503953.358363152,-0.000139671,0.000175142,-0.000665649,0.999998252,0.000300844,-0.001769561,-0.000523847
1790503953.391701698,-0.000139172,0.000173992,-0.000664729,0.999998216,0.000283332,-0.001785898,-0.000546798
1790503953.425040960,-0.000139883,0.000172601,-0.000665884,0.999998170,0.000290096,-0.001804530,-0.000564721
1790503953.458380699,-0.000142594,0.000169750,-0.000662946,0.999998140,0.000285030,-0.001816382,-0.000583325
1790503953.491720200,-0.000145391,0.000167486,-0.000659211,0.999998124,0.000283388,-0.001820210,-0.000598836
1790503953.525058746,-0.000142128,0.000168743,-0.000660480,0.999998060,0.000283035,-0.001849839,-0.000614079
1790503953.558398485,-0.000135837,0.000172766,-0.000663600,0.999998005,0.000301034,-0.001873073,-0.000625721
1790503953.591738224,-0.000133843,0.000174535,-0.000668223,0.999997946,0.000297871,-0.001894307,-0.000656176
1790503953.625077963,-0.000137100,0.000175769,-0.000673928,0.999997930,0.000287894,-0.001900293,-0.000667662
1790503953.658416510,-0.000142365,0.000178187,-0.000678181,0.999997923,0.000284149,-0.001902152,-0.000675022
1790503953.691756010,-0.000147024,0.000182375,-0.000681989,0.999997916,0.000280731,-0.001904887,-0.000678968
1790503953.725095987,-0.000150437,0.000188694,-0.000686875,0.999997909,0.000285446,-0.001906762,-0.000681420
1790503953.758434534,-0.000152750,0.000191563,-0.000687676,0.999997897,0.000283652,-0.001915264,-0.000676795
1790503953.791774273,-0.000154778,0.000188568,-0.000688498,0.999997896,0.000269254,-0.001911073,-0.000694592
1790503953.825114012,-0.000154957,0.000186823,-0.000687570,0.999997878,0.000266591,-0.001917819,-0.000703315
1790503953.858453512,-0.000153274,0.000186310,-0.000686225,0.999997877,0.000270072,-0.001917418,-0.000704165
1790503953.891787052,-0.000151489,0.000182100,-0.000686045,0.999997854,0.000256095,-0.001925418,-0.000720650
1790503953.925121307,-0.000150162,0.000176007,-0.000685212,0.999997839,0.000238845,-0.001931022,-0.000732547
1790503953.958455563,-0.000150153,0.000174468,-0.000685342,0.999997851,0.000233938,-0.001922224,-0.000740313
1790503953.991789818,-0.000151583,0.000178421,-0.000685921,0.999997853,0.000260280,-0.001917834,-0.000740081
1790503954.025122881,-0.000153888,0.000180496,-0.000684524,0.999997874,0.000256403,-0.001903445,-0.000750036
1790503954.058457136,-0.000153201,0.000180922,-0.000683355,0.999997892,0.000260826,-0.001895312,-0.000744839
1790503954.091791153,-0.000151817,0.000182183,-0.000684868,0.999997884,0.000273965,-0.001894330,-0.000753306
1790503954.125124216,-0.000152412,0.000181924,-0.000685711,0.999997894,0.000266468,-0.001884550,-0.000767357
1790503954.158458471,-0.000152892,0.000182501,-0.000686654,0.999997893,0.000281628,-0.001881742,-0.000770670
1790503954.191792488,-0.000153946,0.000180575,-0.000685103,0.999997935,0.000288580,-0.001860160,-0.000765473
1790503954.225126743,-0.000151832,0.000179283,-0.000683283,0.999997913,0.000265764,-0.001868044,-0.000783748
1790503954.258459806,-0.000148437,0.000185198,-0.000683063,0.999997926,0.000304626,-0.001860847,-0.000769458
1790503954.291793585,-0.000147989,0.000190248,-0.000686270,0.999997918,0.000318178,-0.001857963,-0.000781221
1790503954.325127840,-0.000149147,0.000189214,-0.000688319,0.999997944,0.000323081,-0.001844731,-0.000777916
1790503954.358461857,-0.000151085,0.000186571,-0.000689131,0.999997921,0.000326905,-0.001847210,-0.000799487
1790503954.391794920,-0.000153103,0.000184208,-0.000686553,0.999997940,0.000320223,-0.001835285,-0.000805495
1790503954.425128937,-0.000152835,0.000184029,-0.000685012,0.999997941,0.000345625,-0.001832889,-0.000799864
1790503954.458462954,-0.000152203,0.000181811,-0.000683521,0.999997967,0.000342005,-0.001820087,-0.000797578
1790503954.491796017,-0.000150732,0.000183157,-0.000686144,0.999997952,0.000354327,-0.001823136,-0.000804542
1790503954.525129795,-0.000150114,0.000186714,-0.000685495,0.999997942,0.000367947,-0.001821905,-0.000813577
1790503954.558463812,-0.000152141,0.000187013,-0.000682526,0.999997969,0.000379152,-0.001807284,-0.000807492
1790503954.591797590,-0.000154739,0.000185120,-0.000683432,0.999997986,0.000380776,-0.001794771,-0.000813960
1790503954.625130653,-0.000155428,0.000184675,-0.000683715,0.999997963,0.000379515,-0.001801449,-0.000827650
1790503954.658464670,-0.000152860,0.000185943,-0.000685142,0.999997951,0.000390301,-0.001805896,-0.000827873
1790503954.691798449,-0.000150586,0.000186129,-0.000685887,0.999997961,0.000395796,-0.001802796,-0.000819823
1790503954.725131035,-0.000149083,0.000185539,-0.000685689,0.999997946,0.000397342,-0.001805466,-0.000831499
1790503954.758465052,-0.000149851,0.000184141,-0.000685703,0.999997944,0.000400278,-0.001804842,-0.000833378
1790503954.791798830,-0.000152495,0.000182191,-0.000686469,0.999997953,0.000396993,-0.001798705,-0.000836919
1790503954.825132847,-0.000152079,0.000180910,-0.000685751,0.999997952,0.000398578,-0.001800395,-0.000834359
1790503954.858465672,-0.000150673,0.000182304,-0.000688159,0.999997934,0.000406161,-0.001806131,-0.000839607
1790503954.891799450,-0.000152827,0.000182339,-0.000687225,0.999997948,0.000406165,-0.001793756,-0.000849786
1790503954.925133467,-0.000152048,0.000180197,-0.000686016,0.999997921,0.000412848,-0.001807770,-0.000848203
1790503954.958467484,-0.000154196,0.000177729,-0.000685405,0.999997926,0.000396683,-0.001807585,-0.000850288
1790503954.991800547,-0.000153736,0.000178387,-0.000687247,0.999997923,0.000409522,-0.001814514,-0.000833533
1790503955.025134563,-0.000152905,0.000181794,-0.000688543,0.999997889,0.000414223,-0.001832706,-0.000831182
1790503955.058468342,-0.000152900,0.000185754,-0.000689096,0.999997865,0.000417828,-0.001846941,-0.000827462
1790503955.091801167,-0.000154119,0.000187717,-0.000687925,0.999997858,0.000429065,-0.001853680,-0.000814415
1790503955.125135183,-0.000152726,0.000187548,-0.000684496,0.999997838,0.000436243,-0.001868278,-0.000801903
1790503955.158468962,-0.000151810,0.000186994,-0.000682427,0.999997820,0.000427801,-0.001873502,-0.000816240
1790503955.191802740,-0.000145922,0.000187264,-0.000682172,0.999997786,0.000446065,-0.001893149,-0.000802964
1790503955.225135803,-0.000140499,0.000185028,-0.000683203,0.999997751,0.000430096,-0.001913063,-0.000807687
1790503955.258469582,-0.000140358,0.000185268,-0.000681696,0.999997736,0.000438098,-0.001921376,-0.000802573
1790503955.291803122,-0.000142686,0.000186680,-0.000681013,0.999997781,0.000456890,-0.001899537,-0.000788288
1790503955.325136900,-0.000144673,0.000186501,-0.000681263,0.999997815,0.000453249,-0.001879909,-0.000794214
1790503955.358469725,-0.000142601,0.000187381,-0.000682548,0.999997806,0.000457567,-0.001882236,-0.000797325
1790503955.391803503,-0.000143656,0.000187781,-0.000683298,0.999997865,0.000473629,-0.001852845,-0.000782231
1790503955.425137281,-0.000146105,0.000187223,-0.000685660,0.999997888,0.000463615,-0.001838217,-0.000794348
1790503955.458469629,-0.000148613,0.000187357,-0.000684811,0.999997907,0.000475690,-0.001825904,-0.000790757
1790503955.491803408,-0.000152161,0.000185702,-0.000683838,0.999997944,0.000479980,-0.001805466,-0.000788056
1790503955.525137186,-0.000154997,0.000183081,-0.000683577,0.999997991,0.000482865,-0.001780761,-0.000783110
1790503955.558470726,-0.000155884,0.000182885,-0.000685374,0.999997995,0.000482201,-0.001772198,-0.000798191
1790503955.591803312,-0.000154733,0.000183924,-0.000686215,0.999998023,0.000500739,-0.001758525,-0.000782085
1790503955.625136852,-0.000153722,0.000184034,-0.000686045,0.999998042,0.000499880,-0.001748917,-0.000778936
1790503955.658470392,-0.000150885,0.000184173,-0.000687123,0.999998017,0.000510834,-0.001760022,-0.000779819
1790503955.691803932,-0.000151024,0.000184058,-0.000687097,0.999998035,0.000518289,-0.001749141,-0.000776244
1790503955.725136518,-0.000151083,0.000186468,-0.000688185,0.999998029,0.000536260,-0.001747768,-0.000774375
1790503955.758470058,-0.000149738,0.000188542,-0.000686828,0.999998047,0.000546853,-0.001741286,-0.000757959
1790503955.791803360,-0.000151234,0.000190304,-0.000683501,0.999998056,0.000557412,-0.001735552,-0.000751465
1790503955.825135946,-0.000153471,0.000190740,-0.000681156,0.999998072,0.000574028,-0.001726830,-0.000738419
1790503955.858469248,-0.000153178,0.000190872,-0.000681395,0.999998071,0.000572213,-0.001726461,-0.000741390
1790503955.891803265,-0.000152189,0.000194014,-0.000683234,0.999998051,0.000598492,-0.001730284,-0.000739065
1790503955.925137043,-0.000152522,0.000193385,-0.000682547,0.999998061,0.000606480,-0.001724126,-0.000733462
1790503955.958469868,-0.000152017,0.000189985,-0.000683336,0.999998061,0.000595597,-0.001723406,-0.000743165
1790503955.991803646,-0.000153588,0.000188416,-0.000685266,0.999998051,0.000605680,-0.001718720,-0.000759215
1790503956.025137424,-0.000155122,0.000186882,-0.000686540,0.999998044,0.000608531,-0.001714956,-0.000775154
1790503956.058470249,-0.000155354,0.000183380,-0.000685471,0.999998057,0.000608057,-0.001706399,-0.000777170
1790503956.091804266,-0.000154616,0.000181779,-0.000686399,0.999998053,0.000612789,-0.001702398,-0.000787627
1790503956.125138044,-0.000154542,0.000180818,-0.000687162,0.999998049,0.000616008,-0.001695580,-0.000805016
1790503956.158471584,-0.000153323,0.000178914,-0.000687432,0.999998046,0.000616420,-0.001694707,-0.000809418
1790503956.191804171,-0.000150606,0.000180328,-0.000687251,0.999998041,0.000621439,-0.001691445,-0.000818669
1790503956.225137949,-0.000148866,0.000184260,-0.000687304,0.999998035,0.000643573,-0.001686135,-0.000819951
1790503956.258471727,-0.000147523,0.000186255,-0.000687851,0.999998024,0.000641907,-0.001682917,-0.000841425
1790503956.291805506,-0.000146620,0.000187402,-0.000686446,0.999998027,0.000642163,-0.001688958,-0.000824833
1790503956.325137854,-0.000149416,0.000186882,-0.000685166,0.999998055,0.000620214,-0.001682757,-0.000820912
1790503956.358471632,-0.000152604,0.000187051,-0.000684788,0.999998068,0.000623156,-0.001676986,-0.000814963
1790503956.391805172,-0.000152615,0.000187737,-0.000683184,0.999998080,0.000596788,-0.001681915,-0.000809056
1790503956.425137758,-0.000150460,0.000190331,-0.000683275,0.999998074,0.000605697,-0.001687175,-0.000798830
1790503956.458471537,-0.000150010,0.000189617,-0.000683450,0.999998083,0.000586558,-0.001691546,-0.000792855
1790503956.491804838,-0.000150861,0.000188177,-0.000684312,0.999998089,0.000582500,-0.001688510,-0.000794657
1790503956.525138378,-0.000151212,0.000186410,-0.000685410,0.999998110,0.000560530,-0.001690316,-0.000780090
1790503956.558470964,-0.000151096,0.000186681,-0.000685892,0.999998099,0.000562433,-0.001695129,-0.000782623
1790503956.591804504,-0.000142941,0.000185605,-0.000676837,0.999998123,0.000559563,-0.001693924,-0.000755902
1790503956.625138044,-0.000141658,0.000184827,-0.000682527,0.999998127,0.000582126,-0.001686952,-0.000749410
1790503956.658471346,-0.000149667,0.000185051,-0.000692351,0.999998142,0.000592978,-0.001680768,-0.000734703
1790503956.691803694,-0.000148531,0.000184091,-0.000684119,0.999998163,0.000647161,-0.001667292,-0.000689506
1790503956.725137234,-0.000150478,0.000182612,-0.000676697,0.999998204,0.000649594,-0.001644787,-0.000681915
1790503956.758470535,-0.000154018,0.000186057,-0.000684751,0.999998213,0.000699039,-0.001634293,-0.000643246
1790503956.791802883,-0.000150633,0.000187954,-0.000685305,0.999998214,0.000713926,-0.001633469,-0.000627263
1790503956.825136185,-0.000150670,0.000187833,-0.000683877,0.999998225,0.000745436,-0.001623552,-0.000598920
1790503956.858469725,-0.000153876,0.000189735,-0.000692529,0.999998235,0.000764464,-0.001613381,-0.000584674
1790503956.891806602,-0.000157536,0.000191587,-0.000696616,0.999998257,0.000783680,-0.001599585,-0.000559608
1790503956.925142527,-0.000172584,0.000192365,-0.000680247,0.999998247,0.000816552,-0.001593968,-0.000546058
1790503956.958479404,-0.000201271,0.000208422,-0.000645634,0.999998305,0.000690969,-0.001604604,-0.000580445
1790503956.991816521,-0.000271090,0.000242817,-0.000668590,0.999998330,0.000564527,-0.001618755,-0.000632434
1790503957.025153637,-0.000339401,0.000274015,-0.000691373,0.999998318,0.000459372,-0.001644959,-0.000669117
1790503957.058489561,-0.000321210,0.000277323,-0.000631528,0.999998327,0.000340356,-0.001655657,-0.000699125
1790503957.091826439,-0.000325508,0.000261179,-0.000556079,0.999998282,0.000198361,-0.001696585,-0.000720249
1790503957.125163317,-0.000393299,0.000256695,-0.000561840,0.999998251,0.000081300,-0.001696722,-0.000782468
1790503957.158499241,-0.000392503,0.000264997,-0.000656971,0.999998201,-0.000026988,-0.001700693,-0.000840184
1790503957.191836119,-0.000376829,0.000253554,-0.000728611,0.999998132,-0.000147426,-0.001714946,-0.000878810
1790503957.225173235,-0.000354952,0.000237684,-0.000797589,0.999998033,-0.000283300,-0.001731537,-0.000924528
1790503957.258510351,-0.000292098,0.000186056,-0.001145639,0.999997544,0.001172285,-0.001844524,-0.000368984
1790503957.291846275,-0.000268013,0.000255569,-0.001631171,0.999995050,0.001316213,-0.002536344,-0.001317001
1790503957.325183153,-0.000135895,0.000394557,-0.001784335,0.999993235,-0.000843746,-0.003285556,-0.001422079
1790503957.358520031,0.000290494,0.000364497,-0.001748482,0.999998604,0.000136407,-0.001305434,-0.001033949
1790503957.391855955,0.001002677,0.000372588,-0.001972127,0.999985875,0.001947908,0.004944912,0.000063736
1790503957.425193071,0.001936027,0.000474525,-0.002866254,0.999930744,0.004068290,0.010638655,0.002962159
1790503957.458529949,0.002968327,0.000505421,-0.004374825,0.999810768,0.009018103,0.016213508,0.005850102
1790503957.491866827,0.004016020,0.000530328,-0.005996037,0.999619198,0.013486488,0.022722377,0.007954110
1790503957.525202990,0.005112653,0.000562654,-0.007426085,0.999418777,0.016975329,0.027896154,0.009785251
1790503957.558539867,0.006364978,0.000574552,-0.008616751,0.999324089,0.018904602,0.029278156,0.011694896
1790503957.591876745,0.008045379,0.000535805,-0.009445321,0.999256842,0.018277165,0.031144605,0.013480486
1790503957.625213861,0.010120294,0.000351382,-0.010090907,0.999188908,0.017041665,0.032803642,0.015969637
1790503957.658549786,0.012471166,-0.000011262,-0.010899042,0.999128864,0.015692439,0.033162158,0.019887976
1790503957.691886663,0.015086211,-0.000665272,-0.011986553,0.998932765,0.015018309,0.036048400,0.024663607
1790503957.725223541,0.017773889,-0.001621450,-0.013282995,0.998667229,0.013361297,0.041235077,0.028016233
1790503957.758559465,0.020376244,-0.003000186,-0.014851487,0.998433921,0.012918444,0.045357585,0.030091687
1790503957.791896582,0.023069740,-0.004708142,-0.016655042,0.998145714,0.012483486,0.050177393,0.032117372
1790503957.825233698,0.025837876,-0.006763171,-0.018688903,0.997853893,0.013075733,0.054456292,0.033928531
1790503957.858570576,0.028857252,-0.009126659,-0.020813898,0.997397285,0.014690328,0.060831706,0.035809977
1790503957.891901970,0.032237974,-0.011654285,-0.022830692,0.996757052,0.014998924,0.069168368,0.038290327
1790503957.925234318,0.036082917,-0.014407347,-0.024629434,0.995960046,0.014377760,0.077878084,0.042330487
1790503957.958566904,0.040355462,-0.017244944,-0.026210263,0.995237495,0.011323866,0.085105283,0.046164817
1790503957.991899252,0.045247188,-0.020390661,-0.027660391,0.994045362,0.012893757,0.095840842,0.050220545
1790503958.025230408,0.050198182,-0.023376977,-0.029083193,0.993240084,0.011843657,0.102860105,0.052475350
1790503958.058562756,0.055519182,-0.026424437,-0.030432864,0.992063922,0.010454656,0.112657036,0.054847676
1790503958.091895342,0.060993112,-0.029572701,-0.031710759,0.990955584,0.010003549,0.120961023,0.057231032
1790503958.125226259,0.066702850,-0.032930706,-0.032798811,0.989811861,0.011620246,0.128023989,0.061215254
1790503958.158558607,0.072783092,-0.036362382,-0.033575428,0.988232838,0.013310768,0.138418519,0.063710244
1790503958.191890955,0.078750613,-0.039730002,-0.034075194,0.987057452,0.011890864,0.145170534,0.067094784
1790503958.225223064,0.084715001,-0.043255778,-0.034249428,0.985951258,0.011829099,0.150093842,0.072332757
1790503958.258554220,0.091041828,-0.046762474,-0.033960066,0.984032019,0.012015794,0.160669728,0.075642871
1790503958.291886568,0.097339566,-0.050055876,-0.033370228,0.982242922,0.010425867,0.170359944,0.077895009
1790503958.325218439,0.103522207,-0.053164194,-0.032558586,0.980921024,0.008034572,0.176730065,0.080596991
1790503958.358550787,0.109867040,-0.056229694,-0.031500417,0.979377686,0.006788521,0.183197023,0.084924169
1790503958.391881943,0.116398588,-0.058963185,-0.030268232,0.977413291,0.003255547,0.192098785,0.088038152
1790503958.425213814,0.122903973,-0.061631820,-0.029043580,0.975265018,0.002536263,0.201375255,0.091102789
1790503958.458545923,0.129462669,-0.064079071,-0.027740474,0.972924407,0.000627452,0.211322803,0.093596884
1790503958.491876841,0.136170063,-0.066353391,-0.026447714,0.970593325,-0.001320908,0.220518648,0.096531748
1790503958.525208950,0.142961572,-0.068502202,-0.025226016,0.968723855,-0.001932865,0.226394905,0.101566253
1790503958.558540821,0.149906903,-0.070469287,-0.023909069,0.966866472,-0.003071122,0.231686435,0.107150315
1790503958.591872692,0.156958819,-0.072357246,-0.022438808,0.964577173,-0.004310983,0.238439773,0.112777516
1790503958.625203609,0.163946894,-0.074057379,-0.020842988,0.962188642,-0.007744832,0.246141687,0.116392887
1790503958.658535719,0.170893881,-0.075835642,-0.019176545,0.959500785,-0.009743735,0.254473066,0.120444022
1790503958.691867352,0.177828475,-0.077629680,-0.017308733,0.956680793,-0.013333850,0.263447229,0.123205623
1790503958.725198269,0.184731268,-0.079397774,-0.015225033,0.954117481,-0.019881045,0.271571654,0.124552852
1790503958.758530140,0.191643500,-0.081400595,-0.013149760,0.952007282,-0.024050740,0.277064338,0.127824294
1790503958.791861773,0.198753902,-0.083449536,-0.011190436,0.949691047,-0.026917514,0.282694355,0.132084309
1790503958.825193644,0.205886575,-0.085538797,-0.009338546,0.948016079,-0.029065553,0.285391817,0.137739678
1790503958.858524323,0.213206231,-0.087580088,-0.007553452,0.946038570,-0.031989447,0.289387583,0.142276230
1790503958.891856432,0.220739729,-0.089595070,-0.005794586,0.943688576,-0.035106018,0.294100337,0.147392097
1790503958.925188541,0.228350960,-0.091571495,-0.004092864,0.941777488,-0.038496473,0.297112012,0.152635637
1790503958.958520412,0.235949981,-0.093698136,-0.002589633,0.939991319,-0.038751134,0.299304917,0.159157896
1790503958.991851330,0.243483851,-0.095691645,-0.001178737,0.937677257,-0.039866929,0.304639316,0.162378805
1790503959.025183439,0.250776087,-0.097607127,0.000347433,0.935424202,-0.041164554,0.310227257,0.164456958
1790503959.058515072,0.257914095,-0.099182061,0.002165043,0.932783982,-0.045610455,0.317446037,0.164504538
1790503959.091845989,0.264845187,-0.100647854,0.004145222,0.930458797,-0.048476330,0.322763166,0.166494480
1790503959.125177622,0.271691533,-0.101895238,0.006133845,0.927991122,-0.051274796,0.327606744,0.169932912
1790503959.158509254,0.278394382,-0.102975884,0.008061712,0.925442394,-0.054500191,0.331804058,0.174620079
1790503959.191841125,0.284811073,-0.103931622,0.009846742,0.923019349,-0.057743902,0.336660571,0.177089193
1790503959.225171566,0.290910841,-0.104806183,0.011512566,0.920097545,-0.060514938,0.343414613,0.178395216
1790503959.258503437,0.296511678,-0.105744368,0.013252090,0.918062345,-0.061664197,0.347566701,0.180434051
1790503959.291835070,0.301691116,-0.106560345,0.015141978,0.916418737,-0.063820702,0.351784645,0.179864337
1790503959.325166464,0.306491019,-0.107232890,0.017313048,0.915098715,-0.067199734,0.354632990,0.179760896
1790503959.358497143,0.311292690,-0.107764938,0.019786557,0.913069464,-0.070834747,0.358862366,0.180289754
1790503959.391828299,0.316079930,-0.108140854,0.022541008,0.911308058,-0.074185010,0.361773257,0.182028345
1790503959.425159931,0.320846298,-0.108315583,0.025459716,0.910148986,-0.077622524,0.362145450,0.185618535
1790503959.458490133,0.325619416,-0.108232588,0.028395432,0.908889260,-0.082144340,0.362387932,0.189334645
1790503959.491821766,0.330351824,-0.107950290,0.031262991,0.906994537,-0.086700021,0.364428509,0.192447076
1790503959.525153160,0.334900386,-0.107498242,0.034083745,0.905416655,-0.091171467,0.366090320,0.194644090
1790503959.558484316,0.339354355,-0.106921879,0.036767622,0.903918760,-0.094714480,0.367179179,0.197837035
1790503959.591814518,0.343736520,-0.106203050,0.039282949,0.902429733,-0.097743828,0.368006361,0.201588789
1790503959.625145674,0.348088870,-0.105390695,0.041727289,0.900754521,-0.101468657,0.369170660,0.205081515
1790503959.658477068,0.352380712,-0.104563071,0.044092988,0.899138991,-0.105508605,0.370616051,0.207510849
1790503959.691808224,0.356574712,-0.103722694,0.046317741,0.897821438,-0.108887709,0.371321237,0.210191989
1790503959.725138187,0.360732592,-0.102898793,0.048434152,0.897112959,-0.112251293,0.370184701,0.213427443
1790503959.758469343,0.364973838,-0.102112005,0.050411423,0.895966711,-0.116523097,0.369499239,0.217109037
1790503959.791800261,0.369143674,-0.101377482,0.052239442,0.894928779,-0.120298479,0.368827230,0.220447795
1790503959.825130463,0.373313222,-0.100489211,0.053942705,0.893474639,-0.124488746,0.368946323,0.223795066
1790503959.858461142,0.377618615,-0.099425940,0.055582179,0.891301240,-0.128692628,0.369591438,0.228959550
1790503959.891796827,0.381866269,-0.098286393,0.057382231,0.890284179,-0.132090643,0.367206008,0.234746438
1790503959.925132513,0.386190620,-0.096816329,0.059453187,0.888565427,-0.138014590,0.365261649,0.240805696
1790503959.958467007,0.390476629,-0.095181064,0.061828563,0.886458568,-0.144670517,0.363759643,0.246861442
1790503959.991802692,0.394565252,-0.093526063,0.064480091,0.884099092,-0.150455048,0.362837093,0.253142879
1790503960.025138378,0.398285715,-0.091789906,0.067615878,0.882347703,-0.157491145,0.361035660,0.257511792
1790503960.058473110,0.401647954,-0.090068884,0.071183481,0.881039785,-0.164607225,0.358772855,0.260682562
1790503960.091808796,0.404532351,-0.088297666,0.075006450,0.879760269,-0.173300922,0.355766445,0.263474660
1790503960.125144482,0.407062547,-0.086723171,0.078954178,0.878771367,-0.179314164,0.353994755,0.265132095
1790503960.158480167,0.409148966,-0.085323682,0.082879644,0.878250233,-0.184700152,0.352266198,0.265463573
1790503960.191814899,0.410966452,-0.083984976,0.086588790,0.876996854,-0.190363441,0.352252807,0.265624243
1790503960.225150824,0.412511803,-0.082855603,0.090113330,0.876884231,-0.193904427,0.349514432,0.267048272
1790503960.258486509,0.414043070,-0.081691255,0.093245083,0.875929179,-0.198055744,0.348156949,0.268902836
1790503960.291822433,0.415462381,-0.080463333,0.095897950,0.874449512,-0.202269854,0.347430284,0.271509033
1790503960.325157166,0.416749084,-0.079086474,0.098154583,0.872904854,-0.206369147,0.347083225,0.273828643
1790503960.358493090,0.417932932,-0.077515702,0.100195129,0.871247224,-0.210332812,0.347389943,0.275696593
1790503960.391828775,0.419011617,-0.075757706,0.102178051,0.869600521,-0.213731567,0.348378950,0.277030429
1790503960.425163746,0.419977195,-0.073919436,0.104232558,0.868433004,-0.216534415,0.347911277,0.279096234
1790503960.458499670,0.420734036,-0.072037786,0.106328574,0.867653170,-0.220673081,0.344763005,0.282169877
1790503960.491835594,0.421261384,-0.070237280,0.108301656,0.867645707,-0.223641404,0.342102228,0.283092767
1790503960.525171518,0.421720481,-0.068419394,0.110113345,0.866720652,-0.227767945,0.342873625,0.281699755
1790503960.558506489,0.422115781,-0.066821307,0.111791266,0.865571629,-0.233067060,0.342767191,0.281026961
1790503960.591842413,0.422562314,-0.065629840,0.113193798,0.865055118,-0.235816694,0.342852789,0.280217942
1790503960.625178576,0.422947073,-0.064745432,0.114439066,0.865387010,-0.236492240,0.341616191,0.280134113
1790503960.658514500,0.423445615,-0.063799114,0.115636224,0.864183083,-0.239866359,0.342197960,0.280271804
1790503960.691849470,0.423853173,-0.062956101,0.116922998,0.863161357,-0.243125243,0.341083296,0.281965908
1790503960.725185633,0.424019186,-0.062194104,0.118304241,0.862922427,-0.245716014,0.337938006,0.284229538
1790503960.758521557,0.424043779,-0.061413047,0.119669012,0.862394815,-0.249407087,0.336288319,0.284572406
1790503960.791856766,0.423999951,-0.060758400,0.120891533,0.861491565,-0.252620830,0.336545455,0.284169239
1790503960.825192690,0.423910421,-0.060281764,0.121901066,0.860901187,-0.254664275,0.337491252,0.283010438
1790503960.858528852,0.423712666,-0.060073760,0.122732978,0.861082310,-0.254283906,0.337323926,0.283000916
1790503960.891861916,0.423421975,-0.059825223,0.123614670,0.861164174,-0.254885796,0.336873069,0.282747294
1790503960.925194025,0.423087505,-0.059529877,0.124710500,0.860972159,-0.255836150,0.335906206,0.283622683
1790503960.958527088,0.422584096,-0.059191127,0.125889430,0.860739920,-0.256694057,0.335283771,0.284288136
1790503960.991860151,0.421790655,-0.058635633,0.127207348,0.860820034,-0.257527459,0.335191358,0.283399419
1790503961.025193214,0.420897189,-0.057658505,0.128947459,0.860571753,-0.259556244,0.335304800,0.282165741
1790503961.058525085,0.420027849,-0.056387727,0.131077400,0.860088479,-0.262249454,0.334305447,0.282334731
1790503961.091858149,0.419133433,-0.054944942,0.133302845,0.859615420,-0.265605718,0.332784425,0.282434876
1790503961.125191212,0.418284005,-0.053337670,0.135446631,0.858169452,-0.270974571,0.332846604,0.281657793
1790503961.158523083,0.417498698,-0.051946925,0.137539380,0.857331704,-0.273949633,0.332940982,0.281219222
1790503961.191856146,0.416561573,-0.050670382,0.139572787,0.857289411,-0.277001619,0.331009556,0.280637922
1790503961.225189209,0.415583901,-0.049453462,0.141378307,0.857453757,-0.279548107,0.330272724,0.278470535
1790503961.258522034,0.414670362,-0.048336526,0.142753410,0.856795580,-0.281864770,0.331387193,0.276832284
1790503961.291853905,0.413832979,-0.047501538,0.143725704,0.857297902,-0.282143017,0.331510269,0.274839164
1790503961.325186729,0.413178902,-0.046840212,0.144392138,0.858066543,-0.282690963,0.329804397,0.273928250
1790503961.358519793,0.412884217,-0.046380755,0.144672945,0.858087287,-0.283006497,0.329297816,0.274146820
1790503961.391851664,0.412870535,-0.046179242,0.144525889,0.857738409,-0.281961780,0.330456239,0.274920080
1790503961.425184488,0.412936732,-0.046213818,0.144137514,0.857918375,-0.281066986,0.329613663,0.276282907
1790503961.458517313,0.413178587,-0.046483056,0.143489132,0.857734625,-0.280776618,0.328863801,0.278036696
1790503961.491850138,0.413537592,-0.047192361,0.142392282,0.857948476,-0.278222100,0.329367296,0.279345770
1790503961.525181770,0.413973722,-0.048125075,0.140649789,0.857415606,-0.276494710,0.332609383,0.278855072
1790503961.558514595,0.414418523,-0.049523002,0.138409453,0.858005494,-0.273017208,0.333939332,0.278877569
1790503961.591847420,0.415101647,-0.051295753,0.135573273,0.858035349,-0.268385693,0.337717706,0.278731430
1790503961.625180244,0.415842790,-0.053253960,0.132305529,0.857267668,-0.265027258,0.343027335,0.277821787
1790503961.658511877,0.416694436,-0.055459175,0.128882658,0.856810653,-0.260094504,0.348061316,0.277632266
1790503961.691844702,0.417542496,-0.057527006,0.125344859,0.855473539,-0.257944357,0.351113833,0.279908573
1790503961.725177526,0.418439782,-0.059472134,0.121761429,0.854170142,-0.256295285,0.353843414,0.281959099
1790503961.758509159,0.419300717,-0.061438869,0.118043618,0.853289211,-0.253220128,0.356766377,0.283716128
1790503961.791841745,0.420090820,-0.063599075,0.114026216,0.852748464,-0.247334796,0.360836943,0.285380897
1790503961.825174570,0.420666697,-0.065974585,0.109685316,0.852883156,-0.240541505,0.364522543,0.286100371
1790503961.858507156,0.421206765,-0.068591280,0.104980578,0.852528401,-0.232657670,0.370829098,0.285572257
1790503961.891845942,0.421781706,-0.071359916,0.100137282,0.851430588,-0.225169638,0.378485768,0.284803636
1790503961.925185442,0.422465860,-0.074104955,0.095506586,0.850505347,-0.220373608,0.384299605,0.283531200
1790503961.958525419,0.423413095,-0.076968694,0.091143882,0.850748025,-0.213432759,0.387572993,0.283657243
1790503961.991865158,0.424622891,-0.079677006,0.087042301,0.850996007,-0.207350429,0.389085086,0.285349594
1790503962.025203943,0.426107890,-0.081905661,0.083281873,0.850104257,-0.206128388,0.391236301,0.285951041
1790503962.058543682,0.427895395,-0.084001883,0.079930547,0.849765752,-0.203134760,0.393722262,0.285687270
1790503962.091883898,0.430090684,-0.085818845,0.076772135,0.848377782,-0.199398080,0.398559769,0.285737039
1790503962.125222683,0.432528190,-0.087287056,0.073690512,0.846663002,-0.197811524,0.402393875,0.286551097
1790503962.158562422,0.435278312,-0.088666395,0.070527491,0.844562025,-0.195434532,0.405904122,0.289416954
1790503962.191902637,0.438224804,-0.089974745,0.067233247,0.842399796,-0.193478374,0.409348496,0.292168635
1790503962.225242376,0.441342972,-0.091374484,0.063914545,0.840592860,-0.190011940,0.412744316,0.294857994
1790503962.258581638,0.444550751,-0.092651870,0.060700994,0.838379949,-0.189840766,0.416704011,0.295698007
1790503962.291921616,0.448041438,-0.094043144,0.057692322,0.835259798,-0.187999423,0.423310125,0.296320477
1790503962.325261831,0.451708569,-0.095314313,0.055173199,0.831107939,-0.189328100,0.431470029,0.295377856
1790503962.358601809,0.455461726,-0.096538825,0.053282385,0.826888876,-0.193624872,0.438805925,0.293621451
1790503962.391940832,0.459296536,-0.097981471,0.051813099,0.823899793,-0.195609399,0.443632467,0.293455838
1790503962.425281286,0.463099549,-0.099634153,0.050580753,0.823533394,-0.196128086,0.443727527,0.293993886
1790503962.458621264,0.467137559,-0.101466792,0.049223058,0.823389027,-0.194470171,0.443814678,0.295364851
1790503962.491960764,0.471461564,-0.103271477,0.047528009,0.821608626,-0.193565915,0.447116902,0.295935765
1790503962.525300741,0.475975136,-0.104989551,0.045622303,0.819595946,-0.193182378,0.450425000,0.296749682
1790503962.558641195,0.480727525,-0.106506013,0.043639482,0.817421347,-0.192296014,0.453538609,0.298575477
1790503962.591981411,0.485667967,-0.107802142,0.041657154,0.814767436,-0.190649114,0.457565909,0.300733070
1790503962.625320911,0.490684221,-0.108706656,0.039775266,0.811146181,-0.191044600,0.463976354,0.300449292
1790503962.658661366,0.495690694,-0.109128129,0.038316785,0.806458784,-0.193981810,0.470409940,0.301180636
1790503962.692001820,0.500842579,-0.109231038,0.037428459,0.801537791,-0.196526326,0.476299151,0.303403514
1790503962.725341082,0.506041748,-0.109240975,0.037197283,0.798692876,-0.197876815,0.478308225,0.306848005
1790503962.758681536,0.511384073,-0.109321288,0.037422446,0.796952397,-0.198966003,0.479307953,0.309100780
1790503962.792022228,0.516886045,-0.109620987,0.037857167,0.794383371,-0.200646597,0.481543842,0.311145515
1790503962.825362682,0.522533507,-0.110396776,0.038381355,0.792420909,-0.200057835,0.484968659,0.311209519
1790503962.858702183,0.528215436,-0.111219930,0.038992505,0.791153927,-0.202090814,0.486855570,0.310171600
1790503962.892037392,0.534377815,-0.112006315,0.039544086,0.789778237,-0.202091618,0.488843148,0.310550626
1790503962.925372362,0.541099957,-0.112181727,0.039989293,0.788004200,-0.205488253,0.488890578,0.312745842
1790503962.958707333,0.548559935,-0.111770009,0.040282917,0.785605246,-0.208490756,0.488258089,0.317742097
1790503962.992041588,0.556553029,-0.110817635,0.040530214,0.782508544,-0.211119200,0.487883387,0.324158701
1790503963.025376558,0.564779948,-0.109457590,0.040811409,0.777989671,-0.214302469,0.489389605,0.330612065
1790503963.058711529,0.572883582,-0.107947473,0.041365757,0.773545254,-0.217727845,0.490689843,0.336817165
1790503963.092045307,0.580638971,-0.106643132,0.042482188,0.771370086,-0.219291798,0.489385350,0.342638697
1790503963.125380516,0.587789651,-0.105733301,0.044360523,0.774056715,-0.218300599,0.485233411,0.343117454
1790503963.158715487,0.594420019,-0.104674287,0.046782147,0.776763474,-0.219881177,0.482225777,0.340219155
1790503963.192050457,0.600761005,-0.103317245,0.049373180,0.777229732,-0.223070595,0.480596070,0.339383074
1790503963.225384474,0.606780801,-0.102080526,0.051883067,0.779479267,-0.220048565,0.478703708,0.338870861
1790503963.258719683,0.612380335,-0.100519882,0.054349860,0.782190982,-0.217189663,0.476142462,0.338074360
1790503963.292054653,0.617888438,-0.098414082,0.056986949,0.782620367,-0.218626645,0.475041923,0.337702416
1790503963.325389624,0.623377810,-0.095931058,0.059912714,0.782084252,-0.221573492,0.475328291,0.336619111
1790503963.358723640,0.628642253,-0.093031484,0.063093942,0.781882267,-0.225910668,0.473981112,0.336104740
1790503963.392058611,0.633525213,-0.089723123,0.066251362,0.781299601,-0.231237617,0.471724859,0.337010022
1790503963.425393581,0.637830319,-0.086469424,0.069255590,0.782109300,-0.231245752,0.470141972,0.337338065
1790503963.458727598,0.641463459,-0.083196866,0.072280234,0.782482579,-0.227661689,0.469563974,0.339706997
1790503963.492062569,0.644138684,-0.079651575,0.075769617,0.784463584,-0.229851703,0.465886498,0.338725333
1790503963.525397778,0.646042091,-0.076126605,0.079600498,0.786343649,-0.234219771,0.461816573,0.336942453
1790503963.558732748,0.647253079,-0.072673614,0.083552553,0.787901036,-0.238329553,0.459826401,0.333122593
1790503963.592066765,0.647859391,-0.069268981,0.087518929,0.789034286,-0.242616768,0.457878325,0.330014300
1790503963.625401497,0.647999081,-0.066129672,0.091344800,0.790976950,-0.244815296,0.454496765,0.328410757
1790503963.658736467,0.647921868,-0.063065421,0.094763150,0.791377766,-0.248295832,0.453102464,0.326754599
1790503963.692071438,0.647647606,-0.060420794,0.097796026,0.792137218,-0.250943156,0.450063573,0.327091640
1790503963.725405455,0.647105198,-0.058380235,0.100205689,0.793535975,-0.252204820,0.446155451,0.328083371
1790503963.758740425,0.646586046,-0.056895953,0.101866619,0.793952375,-0.252567475,0.445904701,0.327136507
1790503963.792075396,0.645951391,-0.055949889,0.102981608,0.793561683,-0.254075913,0.444384036,0.328980416
1790503963.825409412,0.645224536,-0.055783204,0.103480518,0.794252294,-0.252667484,0.442936743,0.330347509
1790503963.858744383,0.644227234,-0.056235966,0.103380071,0.795614754,-0.251180347,0.441449302,0.330194049
1790503963.892081022,0.643059049,-0.057312823,0.102628304,0.796216286,-0.248565324,0.442517967,0.329291291
1790503963.925417662,0.641521475,-0.058965007,0.101294189,0.797455955,-0.244601145,0.443656734,0.327723940
1790503963.958753586,0.639752693,-0.060878778,0.099384180,0.798009527,-0.241100887,0.445729580,0.326153796
1790503963.992090225,0.637908356,-0.062893849,0.097022481,0.797142742,-0.238884469,0.448684986,0.325851873
1790503964.025427341,0.635995606,-0.065028970,0.094368386,0.795748921,-0.236125878,0.453039692,0.325243388
1790503964.058763027,0.633828792,-0.067176082,0.091658684,0.794881209,-0.233901883,0.455866358,0.325022518
1790503964.092099905,0.631491835,-0.069360916,0.088928112,0.794801390,-0.230896955,0.456819685,0.326026259
1790503964.125436783,0.629103527,-0.071521404,0.086056474,0.794452914,-0.227588646,0.458826436,0.326383634
1790503964.158773661,0.626575893,-0.073693101,0.083171366,0.794797213,-0.223830631,0.460809872,0.325348277
1790503964.192109585,0.623862602,-0.075789454,0.080298023,0.795533978,-0.220935106,0.462343627,0.323344613
1790503964.225446701,0.621078997,-0.077943333,0.077359215,0.796452129,-0.215631228,0.464928923,0.320949026
1790503964.258783579,0.618253490,-0.079792149,0.074378567,0.795622675,-0.213130891,0.468434565,0.319576032
1790503964.292120934,0.614919521,-0.081601187,0.071698589,0.797697937,-0.212479283,0.464072297,0.321196915
1790503964.325456858,0.611586638,-0.083533320,0.068716395,0.798015360,-0.209077896,0.466795360,0.318684814
1790503964.358793974,0.607711226,-0.085739802,0.065862437,0.799650594,-0.204422036,0.468122623,0.315645003
1790503964.392131090,0.603363515,-0.088013253,0.063162418,0.800636019,-0.202344749,0.469276005,0.312759651
1790503964.425467014,0.598826967,-0.090487024,0.060411677,0.799796722,-0.198860847,0.475110395,0.308301281
1790503964.458804131,0.593786862,-0.093175464,0.057854305,0.801129266,-0.194424950,0.478130749,0.302955153
1790503964.492141247,0.588068575,-0.095841536,0.055412051,0.805673921,-0.192384789,0.475207783,0.296740947
1790503964.525478840,0.582587164,-0.098451306,0.052308827,0.805275231,-0.187067720,0.481300571,0.291354132
1790503964.558815002,0.576794592,-0.100987435,0.049055755,0.806177969,-0.182474863,0.483473020,0.288155941
1790503964.592152119,0.570419684,-0.104315698,0.045994533,0.815791793,-0.166839272,0.473957253,0.286378998
1790503964.625489473,0.564195363,-0.106573806,0.042319354,0.816031234,-0.164280963,0.476392239,0.283116981
1790503964.658826828,0.557640425,-0.109197424,0.039095731,0.820124862,-0.155617763,0.475557815,0.277530335
1790503964.692162991,0.550995729,-0.111518031,0.036292268,0.823010394,-0.150713301,0.475447827,0.271824865
1790503964.725500584,0.544299502,-0.113713538,0.033900748,0.825395382,-0.146897192,0.475473409,0.266587163
1790503964.758837938,0.537494109,-0.115801685,0.031830848,0.827320044,-0.143825458,0.476301817,0.260753451
1790503964.792174339,0.530513607,-0.117787654,0.029871120,0.828675112,-0.140800148,0.478502036,0.253985588
1790503964.825511694,0.523342595,-0.119743172,0.027975886,0.830483240,-0.136814592,0.479627384,0.248066380
1790503964.858849287,0.516068318,-0.121564997,0.026157013,0.833433429,-0.132799441,0.477988288,0.243475305
1790503964.892183065,0.508925211,-0.123181427,0.024354484,0.836837986,-0.128361836,0.474984064,0.240032420
1790503964.925515890,0.502015468,-0.124543722,0.022488548,0.839497004,-0.124061926,0.472581925,0.237738812
1790503964.958849907,0.495229880,-0.125647391,0.020612498,0.841731605,-0.120578927,0.470852875,0.235045097
1790503964.992183685,0.488398838,-0.126471544,0.018753861,0.844005429,-0.117627499,0.468901900,0.232270567
1790503965.025517225,0.481327174,-0.127253080,0.016985839,0.848569894,-0.112156830,0.463719026,0.228723951
1790503965.058850050,0.474175388,-0.127728992,0.015181362,0.852052864,-0.108869886,0.460475264,0.223865577
1790503965.092183828,0.466851267,-0.128182902,0.013327500,0.855157871,-0.105382358,0.457969635,0.218777028
1790503965.125517607,0.459399811,-0.128710381,0.011180733,0.857524639,-0.100295554,0.456646807,0.214629891
1790503965.158850431,0.451713426,-0.129203768,0.008852951,0.860775249,-0.095652643,0.452752337,0.211971373
1790503965.192183971,0.443879392,-0.129864809,0.006488882,0.865578226,-0.087983485,0.446086976,0.209856261
1790503965.225517750,0.436105532,-0.130385900,0.004113498,0.869119903,-0.082385906,0.441728411,0.206686158
1790503965.258851290,0.428328556,-0.130681270,0.001876370,0.871696930,-0.080161478,0.438319233,0.203948154
1790503965.292184114,0.420607228,-0.130939601,-0.000264142,0.874110387,-0.076543095,0.436316723,0.199248346
1790503965.325517654,0.412973952,-0.130974534,-0.002328254,0.876488923,-0.073971494,0.434072845,0.194617962
1790503965.358850956,0.405530548,-0.130872051,-0.004442196,0.878993520,-0.070724016,0.431019168,0.191287696
1790503965.392183542,0.398295301,-0.130652801,-0.006678649,0.881348544,-0.067427253,0.427975683,0.188454568
1790503965.425517321,0.391198906,-0.130419982,-0.009048732,0.883755743,-0.063416210,0.424845804,0.185634624
1790503965.458850861,0.384263492,-0.130204923,-0.011528780,0.886124514,-0.058554556,0.421330327,0.183944192
1790503965.492184401,0.377549927,-0.129943842,-0.013927917,0.888652840,-0.054453691,0.417008421,0.182852132
1790503965.525516510,0.371104474,-0.129571914,-0.016129258,0.890544618,-0.051878614,0.414390833,0.180330613
1790503965.558850050,0.364913204,-0.129040138,-0.018053211,0.891449502,-0.050598646,0.413866696,0.177403272
1790503965.592183590,0.358799990,-0.128395512,-0.019665523,0.892972978,-0.049729471,0.412090116,0.174091860
1790503965.625516891,0.352649835,-0.127657334,-0.021138086,0.895417657,-0.048592350,0.408357775,0.170616326
1790503965.658849478,0.346410586,-0.126833648,-0.022692309,0.897920364,-0.047609354,0.404878245,0.165969803
1790503965.692182541,0.340154130,-0.125998088,-0.024510702,0.898925852,-0.045213584,0.405340673,0.159959315
1790503965.725516081,0.333866296,-0.125143344,-0.026372250,0.899862418,-0.042426211,0.405289997,0.155523836
1790503965.758848429,0.327714844,-0.124269834,-0.028079743,0.901998500,-0.040254324,0.401852045,0.152621192
1790503965.792181730,0.321795458,-0.123439387,-0.029712359,0.904817738,-0.037574783,0.396957026,0.149392487
1790503965.825514793,0.316195233,-0.122416110,-0.031328209,0.906908777,-0.036965439,0.393750270,0.145295397
1790503965.858848095,0.310895439,-0.121059085,-0.032863448,0.909223161,-0.038308827,0.389639673,0.141515380
1790503965.892184973,0.305805958,-0.119344703,-0.034371220,0.913170492,-0.041516173,0.381793750,0.136490266
1790503965.925522804,0.300981483,-0.117497307,-0.036234305,0.917454687,-0.043157598,0.372212509,0.133686821
1790503965.958860636,0.296281838,-0.115622925,-0.038764574,0.921062146,-0.041042094,0.363771861,0.132778398
1790503965.992198467,0.291603596,-0.113794026,-0.041927047,0.923956555,-0.035822989,0.357684568,0.130700986
1790503966.025535345,0.287064212,-0.112053900,-0.045366537,0.926619313,-0.031575356,0.351418494,0.129941095
1790503966.058873177,0.282774143,-0.110558915,-0.048816927,0.929419419,-0.028710590,0.343670721,0.131322812
1790503966.092211246,0.278447742,-0.109420469,-0.052213423,0.933795948,-0.024871128,0.331453417,0.132458244
1790503966.125548124,0.274146841,-0.108264544,-0.055619385,0.937984294,-0.022556277,0.320112740,0.131165970
1790503966.158885956,0.269754114,-0.107101922,-0.059018515,0.941761953,-0.019766868,0.309932854,0.128977986
1790503966.192223787,0.265303739,-0.105787128,-0.062375537,0.944747843,-0.018355565,0.301540404,0.127231955
1790503966.225561857,0.260821858,-0.104293413,-0.065696004,0.947609611,-0.016996839,0.293276683,0.125442894
1790503966.258898735,0.256418514,-0.102773609,-0.068899397,0.951113460,-0.012733406,0.283148480,0.122670227
1790503966.292236567,0.251990896,-0.100932737,-0.071754194,0.956517476,-0.011542026,0.266401211,0.118201079
1790503966.325574398,0.247685232,-0.098755284,-0.074216365,0.962346264,-0.011398544,0.247196239,0.112488937
1790503966.358912706,0.243542863,-0.096383178,-0.076257324,0.967540175,-0.009704826,0.229247424,0.105912435
1790503966.392249584,0.239190237,-0.093742617,-0.077831530,0.973430524,-0.010478105,0.207606218,0.096035839
1790503966.425587416,0.234878504,-0.091099226,-0.078990804,0.978332750,-0.012005610,0.188016398,0.085852955
1790503966.458925247,0.230515164,-0.088558552,-0.079836012,0.981944062,-0.013707658,0.172148415,0.077219707
1790503966.492262363,0.225976963,-0.085987898,-0.080425868,0.984455317,-0.015987299,0.161614925,0.066878632
1790503966.525600433,0.221001741,-0.083370173,-0.080738000,0.986632958,-0.018792346,0.152090377,0.055414533
1790503966.558938265,0.215825466,-0.080655714,-0.080641139,0.988113794,-0.024350171,0.145636633,0.042757104
1790503966.592276335,0.210314105,-0.078254127,-0.080272369,0.989770569,-0.028971438,0.135610234,0.033537167
1790503966.625613213,0.204546448,-0.076019003,-0.079655020,0.991435363,-0.033917784,0.123751611,0.024311389
1790503966.658951521,0.198320613,-0.073755575,-0.078902649,0.993129539,-0.040266911,0.108862860,0.014871874
1790503966.692289352,0.191681291,-0.071420771,-0.078078360,0.994404148,-0.047080513,0.094478875,0.004190179
1790503966.725626469,0.184716401,-0.069151335,-0.077280962,0.995207217,-0.052140731,0.082531065,-0.005706372
1790503966.758964300,0.177402755,-0.066989062,-0.076782356,0.995945744,-0.054390158,0.070349626,-0.013590983
1790503966.792302608,0.169802929,-0.064898698,-0.076906802,0.996802643,-0.053156484,0.055972236,-0.020639464
1790503966.825640678,0.162144696,-0.062839967,-0.077709920,0.997540440,-0.050265289,0.040452718,-0.027387035
1790503966.858977556,0.154685080,-0.060922125,-0.078933291,0.997927921,-0.046899077,0.028364767,-0.033701343
1790503966.892314196,0.147274793,-0.059213300,-0.080433896,0.998075420,-0.044710800,0.016417383,-0.039709830
1790503966.925650835,0.140002588,-0.057798538,-0.082134412,0.998085077,-0.042022477,0.004211822,-0.045194593
1790503966.958987236,0.132774337,-0.056487024,-0.084059489,0.997887471,-0.039827915,-0.011037763,-0.050124854
1790503966.992322922,0.125735443,-0.055168972,-0.086030247,0.997405156,-0.037416061,-0.026119696,-0.055684416
1790503967.025659561,0.118993280,-0.053663058,-0.087944351,0.996577161,-0.037848018,-0.041723338,-0.060503334
1790503967.058996439,0.112612797,-0.052138111,-0.089798703,0.995588483,-0.038395272,-0.055533968,-0.065156386
1790503967.092331886,0.106342896,-0.050669336,-0.091707681,0.994457237,-0.038643680,-0.067744398,-0.070513590
1790503967.125668526,0.100042345,-0.049274943,-0.093781448,0.993020448,-0.039499405,-0.080838101,-0.076258699
1790503967.159005165,0.093891325,-0.048110197,-0.095848479,0.991729018,-0.038351809,-0.090755084,-0.082256961
1790503967.192341805,0.087785678,-0.047142001,-0.097856561,0.990329352,-0.037173732,-0.099991878,-0.088699001
1790503967.225677490,0.081861135,-0.046446020,-0.099674145,0.988810475,-0.037795726,-0.109850902,-0.093584757
1790503967.259014130,0.076288283,-0.046080091,-0.101222246,0.987252361,-0.038020462,-0.119983096,-0.097423184
1790503967.292350769,0.071016044,-0.045886878,-0.102517945,0.985425528,-0.038317733,-0.131496727,-0.100880578
1790503967.325687408,0.065969814,-0.045721889,-0.103595150,0.983147211,-0.039890390,-0.144905804,-0.104079900
1790503967.359023094,0.061242406,-0.045542571,-0.104328334,0.981429618,-0.041856489,-0.153976265,-0.106467125
1790503967.392359972,0.056607040,-0.045213698,-0.104790234,0.979878103,-0.043981595,-0.160759947,-0.109821503
1790503967.425696611,0.051923122,-0.044816054,-0.105004199,0.978182516,-0.045273258,-0.167830108,-0.113764462
1790503967.459032297,0.047161424,-0.044444306,-0.104955589,0.976669900,-0.046492808,-0.173769212,-0.117296996
1790503967.492368937,0.042203167,-0.044155883,-0.104750017,0.975411228,-0.047888712,-0.178866439,-0.119525749
1790503967.525705576,0.037015058,-0.043810247,-0.104420847,0.974020525,-0.049800765,-0.183623357,-0.122826559
1790503967.559042215,0.031716759,-0.043441717,-0.103950110,0.972641027,-0.050859122,-0.187906741,-0.126782645
1790503967.592377901,0.026377888,-0.042951725,-0.103246677,0.971146357,-0.053572108,-0.191855405,-0.131134610
1790503967.625714540,0.021013022,-0.042311411,-0.102225388,0.969454831,-0.057727955,-0.195612270,-0.136237492
1790503967.659051418,0.015673079,-0.041588195,-0.100954510,0.967801147,-0.060618925,-0.198551916,-0.142349650
1790503967.692388296,0.010427437,-0.040783750,-0.099543283,0.966197759,-0.064042190,-0.200890920,-0.148335184
1790503967.725723982,0.005253804,-0.040047762,-0.098088171,0.964286132,-0.067782019,-0.205447573,-0.152804282
1790503967.759060621,0.000290436,-0.039453637,-0.096533288,0.962785120,-0.069455641,-0.209283960,-0.156272040
1790503967.792397499,-0.004537583,-0.038691130,-0.095152373,0.960661187,-0.070368652,-0.215908962,-0.159880130
1790503967.825733185,-0.009077681,-0.037671572,-0.093692488,0.958464502,-0.072941741,-0.222487046,-0.162864408
1790503967.859069824,-0.013184728,-0.036567116,-0.091943785,0.957069794,-0.077161976,-0.225037566,-0.165594481
1790503967.892404556,-0.017056533,-0.035425493,-0.090385987,0.955392912,-0.080269211,-0.228367085,-0.169203169
1790503967.925739288,-0.020649905,-0.034269154,-0.089010272,0.954124177,-0.082886960,-0.230532483,-0.172138264
1790503967.959073067,-0.024045231,-0.033265407,-0.087678991,0.953079531,-0.083438132,-0.232368177,-0.175164257
1790503967.992407799,-0.027339400,-0.032499100,-0.086288251,0.951683522,-0.085370202,-0.237097763,-0.175485197
1790503968.025742292,-0.030485755,-0.032050922,-0.084739793,0.950426979,-0.085215354,-0.242366039,-0.175173069
1790503968.059075832,-0.033360447,-0.031633120,-0.083088665,0.949989062,-0.087163375,-0.242819989,-0.175959602
1790503968.092410564,-0.036195367,-0.031331245,-0.081740341,0.949421019,-0.087007556,-0.243922702,-0.177570067
1790503968.125745296,-0.038883913,-0.031057916,-0.080544302,0.948735976,-0.087513622,-0.245048060,-0.179423695
1790503968.159079790,-0.041326347,-0.030960485,-0.079287988,0.948715697,-0.087317799,-0.244347152,-0.180578510
1790503968.192413568,-0.043629445,-0.031039909,-0.077941396,0.948780814,-0.086657467,-0.244102560,-0.180885023
1790503968.225748062,-0.045855695,-0.031273151,-0.076440281,0.948678685,-0.086131892,-0.244724039,-0.180831952
1790503968.259082794,-0.048050620,-0.031701539,-0.074885786,0.948566882,-0.085145849,-0.245386202,-0.180988027
1790503968.292417288,-0.050283227,-0.032421436,-0.073393965,0.948953551,-0.082795069,-0.245262620,-0.180217598
1790503968.325751066,-0.052601029,-0.033361469,-0.072082846,0.949327565,-0.079897339,-0.245445412,-0.179304598
1790503968.359085560,-0.054968599,-0.034523561,-0.070909185,0.949729374,-0.076820222,-0.245649104,-0.178239411
1790503968.392420053,-0.057374739,-0.035975454,-0.069687574,0.951146355,-0.072685144,-0.243825799,-0.174889853
1790503968.425753593,-0.059913810,-0.037468747,-0.068308756,0.952390670,-0.069446861,-0.241817714,-0.172201447
1790503968.459088087,-0.062605430,-0.039046873,-0.066777797,0.953011271,-0.066595160,-0.241831109,-0.169859696
1790503968.492422819,-0.065345012,-0.040646266,-0.065101357,0.953583332,-0.064609012,-0.241540004,-0.167818148
1790503968.525757313,-0.068197984,-0.042221691,-0.063432145,0.953907467,-0.063588361,-0.241816321,-0.165957622
1790503968.559090853,-0.071170959,-0.043800743,-0.061894363,0.953945820,-0.061806809,-0.242672065,-0.165159192
1790503968.592425346,-0.074223446,-0.045473103,-0.060603114,0.954297470,-0.057192940,-0.243269454,-0.163906309
1790503968.625759840,-0.077275609,-0.047050693,-0.059558275,0.954241859,-0.053168241,-0.244559423,-0.163665211
1790503968.659094334,-0.080204101,-0.048688089,-0.058626211,0.953815754,-0.050780591,-0.247009023,-0.163228003
1790503968.692427635,-0.082925046,-0.050491615,-0.057756346,0.953553088,-0.047972655,-0.249188010,-0.162297470
1790503968.725762129,-0.085446968,-0.052268123,-0.057059926,0.953050440,-0.045544293,-0.252201925,-0.161290932
1790503968.759096861,-0.087640809,-0.053831640,-0.056486769,0.952204145,-0.045483325,-0.255409320,-0.161259459
1790503968.792430162,-0.089373031,-0.055310794,-0.055928127,0.952234578,-0.045030663,-0.255813670,-0.160564361
1790503968.825764656,-0.090689709,-0.056576403,-0.055560976,0.952237857,-0.044140814,-0.256035018,-0.160439152
1790503968.859099150,-0.091590479,-0.057694759,-0.055480174,0.951717671,-0.042254632,-0.258197411,-0.160568109
1790503968.892440081,-0.092006555,-0.058829418,-0.055565045,0.951558840,-0.040371910,-0.259789303,-0.159422085
1790503968.925780296,-0.092024024,-0.060026941,-0.055878415,0.951483780,-0.037465377,-0.261767036,-0.157330803
1790503968.959121466,-0.091653537,-0.061172144,-0.056307547,0.951301127,-0.035358584,-0.263800970,-0.155515221
1790503968.992462873,-0.090946194,-0.062444430,-0.056695943,0.951291500,-0.034254299,-0.265578909,-0.152770967
1790503969.025804281,-0.090031434,-0.063843101,-0.057008864,0.951377408,-0.035109572,-0.265975804,-0.151344695
1790503969.059144497,-0.089055288,-0.065442643,-0.057448205,0.951488699,-0.036295067,-0.265394025,-0.151386706
1790503969.092485905,-0.088058539,-0.067344906,-0.058189131,0.951698823,-0.036166386,-0.264652498,-0.151394844
1790503969.125827074,-0.087100023,-0.069602361,-0.059302485,0.951526564,-0.035131263,-0.265372828,-0.151460409
1790503969.159167767,-0.086143344,-0.072234559,-0.060637265,0.951323579,-0.034026851,-0.266060577,-0.151780733
1790503969.192509174,-0.085077703,-0.075285029,-0.062073574,0.951784529,-0.030894436,-0.265397352,-0.150718249
1790503969.225850821,-0.083931593,-0.078580474,-0.063563718,0.952230999,-0.027168348,-0.265201147,-0.148950855
1790503969.259192705,-0.082705547,-0.081839344,-0.064940003,0.952263917,-0.027966448,-0.265578530,-0.147916714
1790503969.292533159,-0.081385488,-0.085244971,-0.066180553,0.952296402,-0.027111502,-0.265407778,-0.148173007
1790503969.325875044,-0.079940335,-0.088963824,-0.067315731,0.953194865,-0.024899951,-0.263705101,-0.145805216
1790503969.359216690,-0.078372859,-0.092732025,-0.068547966,0.953730078,-0.023577062,-0.262293671,-0.145069259
1790503969.392557621,-0.076648135,-0.096863602,-0.070080375,0.954102822,-0.020021886,-0.262669823,-0.142448215
1790503969.425899744,-0.074674990,-0.101051556,-0.071869800,0.954448729,-0.021008368,-0.262821857,-0.139681578
1790503969.459241390,-0.072656564,-0.105925407,-0.074191614,0.954821587,-0.012639778,-0.264630515,-0.134635298
1790503969.492583513,-0.070610595,-0.110703063,-0.076845347,0.954655389,-0.006628404,-0.266046601,-0.133447964
1790503969.525924444,-0.068616948,-0.115353623,-0.079562129,0.954698752,-0.005641378,-0.265664184,-0.133944050
1790503969.559266567,-0.066749544,-0.119985253,-0.082197951,0.955304154,-0.006706503,-0.264115563,-0.132634708
1790503969.592608929,-0.065035497,-0.124566774,-0.084783895,0.955378242,-0.002415705,-0.263812329,-0.132851929
1790503969.625950813,-0.063302911,-0.128819768,-0.087150232,0.955273251,-0.000561373,-0.264535562,-0.132187884
1790503969.659292221,-0.061409364,-0.132711699,-0.089385119,0.955285317,0.001879456,-0.265193593,-0.130762339
1790503969.692634583,-0.059281564,-0.136121558,-0.091587766,0.955405620,0.005415903,-0.265395324,-0.129368047
1790503969.725976944,-0.056934178,-0.138992073,-0.093801166,0.955122669,0.008205343,-0.266819837,-0.128376530
1790503969.759318352,-0.054293940,-0.141389983,-0.095978588,0.954882345,0.010343402,-0.268056274,-0.127430588
1790503969.792660952,-0.051335829,-0.143258874,-0.098093815,0.954698609,0.012406768,-0.268593077,-0.127492730
1790503969.826003313,-0.048056205,-0.144578738,-0.099962756,0.954815842,0.013288306,-0.267986453,-0.127802152
1790503969.859345913,-0.044496158,-0.145471591,-0.101546406,0.954969058,0.013063991,-0.267589648,-0.127511614
1790503969.892685890,-0.040715251,-0.146072163,-0.102932210,0.955300702,0.012535020,-0.267011893,-0.126285749
1790503969.926026583,-0.036811149,-0.146320175,-0.104220120,0.955707781,0.011941718,-0.265546480,-0.126353076
1790503969.959367514,-0.032955054,-0.146380935,-0.105529384,0.955758839,0.011182869,-0.265455679,-0.126227044
1790503969.992708206,-0.029246713,-0.146401328,-0.106924467,0.955353651,0.012740071,-0.266489731,-0.126965803
1790503970.026048183,-0.025637710,-0.146342757,-0.108368907,0.954177204,0.014389651,-0.269959146,-0.128299885
1790503970.059388876,-0.021852337,-0.146149585,-0.109621957,0.952916629,0.015294407,-0.273503503,-0.130045430
1790503970.092730045,-0.017628162,-0.145882185,-0.110621536,0.952419781,0.017037915,-0.275302894,-0.129671070
1790503970.126069784,-0.012954280,-0.145502930,-0.111445823,0.952275340,0.018271563,-0.276722582,-0.127524270
1790503970.159410954,-0.008007686,-0.144928439,-0.112237203,0.952084300,0.019461500,-0.277924285,-0.126153981
1790503970.192751884,-0.002916588,-0.144084050,-0.113077857,0.952030780,0.019854562,-0.277842776,-0.126675107
1790503970.226093054,0.002172532,-0.143234328,-0.113912812,0.952477226,0.020377461,-0.276626984,-0.125894421
1790503970.259433031,0.007033465,-0.142375416,-0.114692269,0.953009713,0.021158565,-0.274901929,-0.125513866
1790503970.292774200,0.011528293,-0.141494197,-0.115419118,0.953347355,0.022696124,-0.273671700,-0.125369484
1790503970.326115370,0.015671154,-0.140597777,-0.115974010,0.953903799,0.023349733,-0.272034982,-0.124576483
1790503970.359456539,0.019435272,-0.139534603,-0.116337925,0.954264010,0.022928869,-0.270797090,-0.124592948
1790503970.392796993,0.022843533,-0.138231092,-0.116387355,0.954544039,0.022034210,-0.269610329,-0.125181631
1790503970.426137924,0.025859024,-0.136867937,-0.116097674,0.954792670,0.021290726,-0.268893455,-0.124955881
1790503970.459479332,0.028298581,-0.135418082,-0.115611396,0.954452946,0.019695553,-0.270201469,-0.124991298
1790503970.492819548,0.030127034,-0.133779342,-0.114917859,0.954066494,0.017633569,-0.270918456,-0.126686117
1790503970.526160955,0.031256104,-0.131916316,-0.114172823,0.953226686,0.015497072,-0.272845186,-0.129128734
1790503970.559502363,0.031734074,-0.129834773,-0.113232625,0.952299355,0.012206036,-0.274936456,-0.131859380
1790503970.592843771,0.031554183,-0.127579524,-0.112028331,0.950788175,0.007455261,-0.278238927,-0.136122609
1790503970.626183987,0.030564181,-0.125225573,-0.110720027,0.947940302,0.000786468,-0.285593403,-0.140872190
1790503970.659525633,0.028896728,-0.122839753,-0.109150801,0.945489671,-0.004950402,-0.290713366,-0.146664634
1790503970.692867279,0.026557929,-0.120376341,-0.107468423,0.943604366,-0.011180490,-0.293106261,-0.153539954
1790503970.726207733,0.023546041,-0.118013753,-0.105818727,0.942171729,-0.016542385,-0.294346696,-0.159370028
1790503970.759549379,0.020090360,-0.115760618,-0.104094378,0.941355040,-0.020090322,-0.294087961,-0.164192990
1790503970.792890787,0.016335519,-0.113475044,-0.102403114,0.939937097,-0.024432491,-0.296354993,-0.167615705
1790503970.826232433,0.012335491,-0.111101534,-0.100688802,0.938127174,-0.028617902,-0.299547766,-0.171375487
1790503970.859572887,0.008076406,-0.108699767,-0.098938359,0.936763810,-0.031817655,-0.302235837,-0.173535873
1790503970.892910242,0.003543328,-0.106098115,-0.097289782,0.934513344,-0.035139389,-0.306580175,-0.177365809
1790503970.926247358,-0.001171521,-0.103508355,-0.095644785,0.932695563,-0.038123233,-0.310008734,-0.180333556
1790503970.959584236,-0.005996691,-0.100875805,-0.094064774,0.930683049,-0.040906946,-0.313453923,-0.184125831
1790503970.992920399,-0.010788562,-0.098237744,-0.092466830,0.929023421,-0.044444655,-0.315555964,-0.188054751
1790503971.026257277,-0.015572557,-0.095699669,-0.091135511,0.926759954,-0.047679680,-0.320232726,-0.190508891
1790503971.059594393,-0.020138993,-0.093149834,-0.089800125,0.925418420,-0.050885203,-0.321984733,-0.193228560
1790503971.092930555,-0.024540901,-0.090541789,-0.088592900,0.923633530,-0.053989853,-0.324098110,-0.197348966
1790503971.126267910,-0.028827230,-0.088022141,-0.087445321,0.922295478,-0.056028934,-0.325329557,-0.200978828
1790503971.159604788,-0.033052624,-0.085402915,-0.086376808,0.920690912,-0.058872466,-0.327095728,-0.204623219
1790503971.192941904,-0.037271488,-0.082654196,-0.085285252,0.918723703,-0.061329800,-0.330335281,-0.207518710
1790503971.226278067,-0.041483468,-0.079629374,-0.084009862,0.916978187,-0.064422162,-0.332102903,-0.211443729
1790503971.259615183,-0.045661154,-0.076327713,-0.082507786,0.916098332,-0.069532758,-0.330570769,-0.215990759
1790503971.292952299,-0.049805341,-0.072826220,-0.080929175,0.914878594,-0.075298867,-0.329569561,-0.220706012
1790503971.326289654,-0.053822788,-0.069338432,-0.079127244,0.913980146,-0.079081434,-0.327727558,-0.225789875
1790503971.359625816,-0.057698191,-0.065984687,-0.077238852,0.913073195,-0.082735505,-0.326309467,-0.230161485
1790503971.392962933,-0.061438380,-0.062918853,-0.075377794,0.912066017,-0.086498668,-0.326113683,-0.233030959
1790503971.426300049,-0.065009701,-0.059944420,-0.073607026,0.910125705,-0.093027292,-0.328034723,-0.235394020
1790503971.459636211,-0.068510926,-0.057220213,-0.071634816,0.908776665,-0.093932211,-0.328424402,-0.239664609
1790503971.492973328,-0.072156585,-0.054528367,-0.069402236,0.907792304,-0.097402309,-0.327319033,-0.243491630
1790503971.526310444,-0.075921103,-0.051758333,-0.066863305,0.906784376,-0.103512435,-0.323494557,-0.249756967
1790503971.559647799,-0.079671232,-0.048933917,-0.064306860,0.905089029,-0.113568946,-0.320255144,-0.255641519
1790503971.592983961,-0.083231096,-0.046140496,-0.061928896,0.902519572,-0.121607520,-0.318503449,-0.263107556
1790503971.626321077,-0.086504117,-0.043424111,-0.059822297,0.900100304,-0.129377965,-0.318213410,-0.267994422
1790503971.659658194,-0.089611291,-0.040952182,-0.058108126,0.897897747,-0.131945668,-0.321951741,-0.269660996
1790503971.692995548,-0.092512478,-0.038383547,-0.056635029,0.895577854,-0.135577298,-0.325532598,-0.271270400
1790503971.726331711,-0.095297260,-0.035686244,-0.055340726,0.893247135,-0.138916307,-0.327265046,-0.275153423
1790503971.759668827,-0.098084869,-0.033029559,-0.054140200,0.890922693,-0.141693906,-0.329525633,-0.278554213
1790503971.793006420,-0.100809585,-0.030277329,-0.052746723,0.888394749,-0.148098999,-0.330768498,-0.281804289
1790503971.826342583,-0.103645401,-0.027589905,-0.051151485,0.885786303,-0.152530528,-0.333109991,-0.284876813
1790503971.859679699,-0.106562266,-0.024867522,-0.049235625,0.883636342,-0.156196928,-0.333916572,-0.288598438
1790503971.893017530,-0.109597201,-0.022221314,-0.047209077,0.882285792,-0.158949417,-0.334688894,-0.290327762
1790503971.926355362,-0.112434303,-0.019391169,-0.045052308,0.881560197,-0.162758318,-0.331987224,-0.293506103
1790503971.959692240,-0.115211642,-0.016615699,-0.043242273,0.879702553,-0.164541990,-0.334588713,-0.295126659
1790503971.993030071,-0.117526939,-0.013478937,-0.041479814,0.876392078,-0.174530097,-0.335934773,-0.297697832
1790503972.026367903,-0.119710138,-0.010585391,-0.039659830,0.874341691,-0.179354132,-0.337448706,-0.299143900
1790503972.059704781,-0.121703718,-0.007760354,-0.037644872,0.873567092,-0.183446116,-0.335387148,-0.301236650
1790503972.093042612,-0.123542737,-0.005061075,-0.035578517,0.873658874,-0.187401084,-0.330887504,-0.303503648
1790503972.126380444,-0.125377187,-0.002546259,-0.033950649,0.872210283,-0.191304296,-0.331113850,-0.304984436
1790503972.159718275,-0.127099895,-0.000242487,-0.032491231,0.871112738,-0.194462498,-0.330551661,-0.306728762
1790503972.193055153,-0.128757090,0.001783253,-0.031286550,0.869745537,-0.196723437,-0.331657933,-0.307970138
1790503972.226392984,-0.130311129,0.003562789,-0.030223530,0.868130794,-0.199000789,-0.334146325,-0.308372896
1790503972.259731293,-0.131726256,0.005217392,-0.029138819,0.867047991,-0.201347424,-0.335144478,-0.308812524
1790503972.293069124,-0.132941790,0.006872951,-0.028068536,0.866185752,-0.203044002,-0.334850949,-0.310435531
1790503972.326406002,-0.133960734,0.008440010,-0.026907463,0.866088912,-0.204085843,-0.334041774,-0.310893966
1790503972.359743834,-0.134873956,0.009939830,-0.025700334,0.865945078,-0.205822558,-0.334365348,-0.309799953
1790503972.393081903,-0.135735773,0.011497119,-0.024510734,0.865958343,-0.207176051,-0.333521408,-0.309770403
1790503972.426418781,-0.136670169,0.013046036,-0.023590070,0.865799288,-0.207345364,-0.333556242,-0.310064070
1790503972.459756851,-0.137714160,0.014471541,-0.022914859,0.865604740,-0.206387173,-0.334014804,-0.310752119
1790503972.493094683,-0.138754161,0.015908243,-0.022489212,0.864557105,-0.208126120,-0.333994926,-0.312525070
1790503972.526432753,-0.139843739,0.017164373,-0.022148301,0.863551831,-0.209039571,-0.335119723,-0.313489177
1790503972.559769869,-0.140857295,0.018443972,-0.021767451,0.861414397,-0.213520845,-0.337313540,-0.313996276
1790503972.593107700,-0.141892423,0.019484845,-0.021054556,0.860939631,-0.213927322,-0.338627027,-0.313607699
1790503972.626445770,-0.142833742,0.020537173,-0.020228370,0.860429440,-0.216116323,-0.339694004,-0.312350601
1790503972.659783602,-0.143599713,0.021719297,-0.019266954,0.859942513,-0.218805863,-0.337927205,-0.313732485
1790503972.693120956,-0.144469949,0.022809199,-0.018542618,0.859232384,-0.220163507,-0.339139753,-0.313419794
1790503972.726459026,-0.145304611,0.023929859,-0.017867360,0.858828256,-0.221707709,-0.339273118,-0.313294542
1790503972.759796858,-0.146133621,0.025102309,-0.017299383,0.858535344,-0.222008478,-0.339155259,-0.314011161
1790503972.793133974,-0.146858055,0.026351707,-0.016876022,0.857633048,-0.222965610,-0.339594462,-0.315321254
1790503972.826472282,-0.147391518,0.027374724,-0.016477910,0.857333194,-0.222754878,-0.340090606,-0.315750597
1790503972.859810114,-0.147548134,0.027852773,-0.016146437,0.857681218,-0.223318789,-0.338620145,-0.315987411
1790503972.893145084,-0.147255179,0.027553486,-0.016549556,0.856686602,-0.224347159,-0.340893528,-0.315512316
1790503972.926478863,-0.146372540,0.026688442,-0.017341411,0.856767874,-0.221623308,-0.342842481,-0.315104669
1790503972.959813595,-0.144869000,0.025696109,-0.018188015,0.857378199,-0.219711000,-0.343460757,-0.314108912
1790503972.993148327,-0.142833549,0.024695832,-0.018956629,0.858287101,-0.218173343,-0.343659905,-0.312476421
1790503973.026483059,-0.140361935,0.023755848,-0.019577791,0.859719231,-0.216811473,-0.343051203,-0.310147546
1790503973.059816837,-0.137567796,0.022965218,-0.020127909,0.860595961,-0.216763163,-0.341774852,-0.309157360
1790503973.093151808,-0.134566611,0.022228840,-0.020653183,0.861456112,-0.216936641,-0.339098751,-0.309586655
1790503973.126486540,-0.131431984,0.021409263,-0.021343763,0.861619259,-0.217092831,-0.336998609,-0.311311569
1790503973.159820318,-0.128105322,0.020288607,-0.022310925,0.861956974,-0.216291511,-0.335116010,-0.312962326
1790503973.193155289,-0.124439587,0.018791833,-0.023614028,0.862485201,-0.213461435,-0.334332833,-0.314284982
1790503973.226490021,-0.120416982,0.016903803,-0.025173898,0.862684932,-0.210746476,-0.335903174,-0.313894392
1790503973.259824991,-0.116132751,0.014701052,-0.026787394,0.863183065,-0.207315378,-0.337195682,-0.313423679
1790503973.293158770,-0.111764356,0.012204257,-0.028417241,0.864701865,-0.202400850,-0.337685350,-0.311918556
1790503973.326493502,-0.107338430,0.009561581,-0.030118974,0.865751721,-0.198054729,-0.339150098,-0.310202343
1790503973.359828472,-0.102898232,0.006683528,-0.031666532,0.867857567,-0.192613521,-0.338949100,-0.307955811
1790503973.393162012,-0.098367735,0.004165235,-0.033627033,0.865048205,-0.192102769,-0.342991093,-0.311681310
1790503973.426496983,-0.094042011,0.001098463,-0.035242353,0.867378157,-0.184216158,-0.343187233,-0.309745159
1790503973.459831715,-0.089666703,-0.001521451,-0.037315806,0.864938300,-0.184144491,-0.349591233,-0.309448725
1790503973.493166685,-0.085261867,-0.004201362,-0.039017558,0.866615926,-0.179594327,-0.349054611,-0.308031805
1790503973.526500463,-0.080929460,-0.006769431,-0.040738443,0.869219672,-0.174452925,-0.347761737,-0.305098529
1790503973.559835434,-0.076590905,-0.009008249,-0.042405728,0.871004026,-0.170056137,-0.346258984,-0.304199956
1790503973.593170166,-0.072393400,-0.011178402,-0.044106459,0.873200649,-0.164675595,-0.346204631,-0.300906842
1790503973.626505136,-0.068130156,-0.012822328,-0.046009671,0.871943804,-0.163613515,-0.349572620,-0.301236790
1790503973.659838915,-0.063879977,-0.014362541,-0.047759618,0.872217575,-0.159954352,-0.351549389,-0.300106872
1790503973.693173647,-0.059639711,-0.015623510,-0.049366906,0.872507894,-0.158811947,-0.351206980,-0.300270540
1790503973.726508617,-0.055607848,-0.016740726,-0.051037793,0.871562569,-0.157714526,-0.354447107,-0.299786698
1790503973.759842396,-0.051730496,-0.017405066,-0.053005896,0.868208431,-0.158465875,-0.359771946,-0.302765312
1790503973.793177128,-0.048168260,-0.018003555,-0.055264299,0.866175252,-0.155119357,-0.363662163,-0.305660348
1790503973.826511860,-0.044769860,-0.018425802,-0.057697581,0.864780602,-0.151332445,-0.364855150,-0.310054384
1790503973.859846830,-0.041558072,-0.018942844,-0.059954942,0.863866815,-0.149893574,-0.365802157,-0.312177553
1790503973.893182039,-0.038524945,-0.019609875,-0.061968914,0.863216340,-0.148773225,-0.367673203,-0.312314735
1790503973.926518202,-0.035653734,-0.020205152,-0.063919530,0.862713393,-0.146835091,-0.369397918,-0.312586364
1790503973.959854364,-0.032976291,-0.020580513,-0.066036684,0.861313823,-0.146302544,-0.372254224,-0.313306330
1790503973.993190527,-0.030624506,-0.020957870,-0.068247145,0.860328623,-0.143143246,-0.375238028,-0.313912558
1790503974.026525736,-0.028619080,-0.021347005,-0.070407133,0.859843399,-0.139389248,-0.377422441,-0.314312374
1790503974.059861660,-0.026901150,-0.021681389,-0.072390864,0.858950968,-0.137774488,-0.379073343,-0.315475555
1790503974.093197823,-0.025430084,-0.021989798,-0.074120692,0.857977637,-0.137004464,-0.379894351,-0.317465641
1790503974.126532793,-0.024065012,-0.022178216,-0.075637377,0.854746046,-0.139161812,-0.382315078,-0.322301672
1790503974.159868956,-0.022653145,-0.022450350,-0.076790707,0.852310222,-0.142530519,-0.384778031,-0.324342726
1790503974.193205118,-0.021006873,-0.022506599,-0.077650332,0.852094878,-0.143815737,-0.382798850,-0.326674751
1790503974.226541042,-0.019259155,-0.022324741,-0.078524514,0.853351982,-0.143010221,-0.378176543,-0.329121519
1790503974.259876251,-0.017586831,-0.022026153,-0.079602075,0.854366485,-0.141662079,-0.375399493,-0.330249883
1790503974.293212175,-0.016207350,-0.021581874,-0.080986760,0.852844900,-0.140135636,-0.378591529,-0.331188818
1790503974.326548100,-0.015318683,-0.021020892,-0.082201011,0.851434507,-0.138803059,-0.381113962,-0.332483290
1790503974.359884262,-0.015123773,-0.020412971,-0.083154793,0.850903946,-0.136825879,-0.382070044,-0.333562039
1790503974.393219233,-0.015684326,-0.019585494,-0.083919837,0.848742079,-0.136907847,-0.384177800,-0.336601461
1790503974.426555395,-0.016929937,-0.018457623,-0.084469581,0.844525198,-0.143099591,-0.388365046,-0.339812136
1790503974.459891319,-0.018782726,-0.017203228,-0.084709472,0.840310805,-0.149862460,-0.393658759,-0.341250312
1790503974.493226290,-0.021138102,-0.015757694,-0.084658539,0.837066015,-0.154589451,-0.397416595,-0.342757405
1790503974.526562214,-0.023906306,-0.014077533,-0.084420886,0.835537124,-0.158887634,-0.395435889,-0.346789406
1790503974.559898376,-0.027021770,-0.012352039,-0.084496842,0.834274492,-0.160879552,-0.394139488,-0.350368242
1790503974.593234301,-0.030212378,-0.010402944,-0.084880281,0.830867006,-0.164222492,-0.395749697,-0.355067837
1790503974.626569271,-0.033466102,-0.008502481,-0.085279407,0.827494111,-0.166918448,-0.398321291,-0.358792248
1790503974.659905195,-0.036683392,-0.006717401,-0.085530560,0.826263010,-0.167755246,-0.398358420,-0.361189958
1790503974.693241119,-0.039822189,-0.004804505,-0.085952615,0.823680235,-0.168470186,-0.400790778,-0.364054144
1790503974.726576090,-0.042917776,-0.002837601,-0.086320126,0.821187460,-0.168928334,-0.403892239,-0.366040207
1790503974.759912014,-0.045995053,-0.000739967,-0.086471888,0.819265031,-0.170056283,-0.405861083,-0.367644463
1790503974.793247938,-0.049133661,0.001586819,-0.086408352,0.817094285,-0.172520663,-0.407323004,-0.369704640
1790503974.826584101,-0.052443528,0.004061850,-0.086221922,0.814902050,-0.175501958,-0.408779105,-0.371528405
1790503974.859918833,-0.055955304,0.006748650,-0.086151519,0.812217360,-0.178004082,-0.410965602,-0.373797782
1790503974.893253088,-0.059606551,0.009841028,-0.086240296,0.808388738,-0.181640711,-0.412580529,-0.378538779
1790503974.926587105,-0.063431107,0.013128016,-0.086395785,0.804658404,-0.185472905,-0.413476729,-0.383616539
1790503974.959921360,-0.067278431,0.016451454,-0.086624199,0.800641025,-0.189654624,-0.414889178,-0.388422505
1790503974.993254423,-0.070965606,0.019707295,-0.086971528,0.795770089,-0.193687185,-0.418151011,-0.392918530
1790503975.026588440,-0.074341710,0.022772139,-0.087288208,0.791561606,-0.197396491,-0.420706824,-0.396825677
1790503975.059922457,-0.077356694,0.025544818,-0.087634518,0.788348905,-0.199989096,-0.422703313,-0.399790290
1790503975.093255281,-0.079905232,0.028124167,-0.088031055,0.785112265,-0.202209750,-0.424105223,-0.403540218
1790503975.126589298,-0.082041278,0.030377283,-0.088471249,0.782153157,-0.204436364,-0.425351632,-0.406839282
1790503975.159923315,-0.083831931,0.032140253,-0.088898534,0.780368147,-0.205066821,-0.426178883,-0.409077883
1790503975.193257332,-0.085349536,0.033495251,-0.089446626,0.778096450,-0.205801351,-0.429094892,-0.409986942
1790503975.226590395,-0.086738964,0.034601695,-0.089921730,0.776472573,-0.206319265,-0.431204678,-0.410591318
1790503975.259924412,-0.088041253,0.035622194,-0.090308370,0.774961010,-0.206494666,-0.432027414,-0.412489635
1790503975.293257952,-0.089321509,0.036503356,-0.090632736,0.773497695,-0.206928814,-0.433559441,-0.413410199
1790503975.326591969,-0.090539948,0.037280436,-0.090808563,0.772515665,-0.207438253,-0.434815298,-0.413672063
1790503975.359924793,-0.091682500,0.038030247,-0.091002308,0.771265617,-0.208136667,-0.436329863,-0.414058845
1790503975.393258810,-0.092766617,0.038785604,-0.091212571,0.770083492,-0.208854401,-0.436924463,-0.415268912
1790503975.426592588,-0.093841761,0.039487063,-0.091493872,0.769139275,-0.208744067,-0.437834428,-0.416115011
1790503975.459925175,-0.094819817,0.040142783,-0.091768567,0.768475169,-0.208879587,-0.438375345,-0.416704079
1790503975.493258953,-0.095735513,0.040631692,-0.092070160,0.767784265,-0.208601041,-0.440338290,-0.416047015
1790503975.526592970,-0.096612227,0.041064012,-0.092382544,0.766842294,-0.208655051,-0.442777819,-0.415167157
1790503975.559926748,-0.097540233,0.041609142,-0.092580973,0.766397696,-0.207675409,-0.443550667,-0.415654066
1790503975.593259573,-0.098595085,0.042357800,-0.092775070,0.765388037,-0.208403422,-0.444493359,-0.416142789
1790503975.626593351,-0.099745027,0.043324731,-0.092820020,0.764262252,-0.209350263,-0.444713160,-0.417499560
1790503975.659926653,-0.100992046,0.044394008,-0.092741742,0.763141262,-0.210528322,-0.445264358,-0.418369325
1790503975.693260431,-0.102332521,0.045522888,-0.092520840,0.762112823,-0.212096203,-0.445455963,-0.419247219
1790503975.726593256,-0.103740936,0.046687299,-0.092292836,0.760681586,-0.213983867,-0.445976613,-0.420332357
1790503975.759926796,-0.105157037,0.047861587,-0.092120445,0.759125721,-0.215940948,-0.446604303,-0.421476266
1790503975.793260574,-0.106623066,0.048991402,-0.091894176,0.758308763,-0.216356692,-0.446664857,-0.422667845
1790503975.826592922,-0.108054601,0.050168660,-0.091710208,0.757151409,-0.217988296,-0.446811038,-0.423748444
1790503975.859926701,-0.109344112,0.051449713,-0.091475628,0.756641164,-0.219494620,-0.445515053,-0.425244163
1790503975.893265247,-0.110447711,0.052826293,-0.091225725,0.755757270,-0.221075221,-0.444803547,-0.426739381
1790503975.926603556,-0.111427450,0.054220667,-0.090848294,0.754661747,-0.222884326,-0.444538821,-0.428011052
1790503975.959940910,-0.112449975,0.055504001,-0.090358124,0.754243237,-0.224247622,-0.444221565,-0.428365901
1790503975.993279219,-0.113469060,0.056709816,-0.089915609,0.753454597,-0.225495148,-0.443847209,-0.429485464
1790503976.026617765,-0.114469730,0.057769004,-0.089604577,0.752467089,-0.226739299,-0.444115104,-0.430284028
1790503976.059955120,-0.115298953,0.058803517,-0.089315524,0.751275771,-0.229117119,-0.442611736,-0.432648717
1790503976.093293428,-0.116142504,0.059606931,-0.089305074,0.750368175,-0.229406422,-0.443937890,-0.432711735
1790503976.126631737,-0.116831518,0.060346731,-0.089384369,0.749676883,-0.229057495,-0.445149439,-0.432850104
1790503976.159970284,-0.117383597,0.061005851,-0.089484119,0.749112186,-0.228576085,-0.446274133,-0.432924132
1790503976.193307638,-0.117799229,0.061471855,-0.089537724,0.749197758,-0.227877600,-0.446842241,-0.432558123
1790503976.226645947,-0.117975233,0.061653770,-0.089620457,0.749579943,-0.226839522,-0.447107994,-0.432166846
1790503976.259984493,-0.117856751,0.061507366,-0.089835315,0.749975736,-0.225689187,-0.447866040,-0.431296645
1790503976.293323040,-0.117505807,0.060951764,-0.090186394,0.751218106,-0.223485551,-0.448929951,-0.429170672
1790503976.326660395,-0.116826541,0.059977614,-0.090689242,0.753047034,-0.220213989,-0.449185642,-0.427385333
1790503976.359998703,-0.115809792,0.058463129,-0.091392210,0.755746433,-0.215663991,-0.448985919,-0.425144701
1790503976.393337250,-0.114423639,0.056378447,-0.092279614,0.759087357,-0.209656775,-0.448727868,-0.422461503
1790503976.426674604,-0.112577739,0.053777417,-0.093335544,0.762233875,-0.203658824,-0.448840319,-0.419600966
1790503976.460013151,-0.110383382,0.050510443,-0.094426215,0.766339409,-0.194627160,-0.450397341,-0.414712448
1790503976.493351460,-0.107771102,0.046656092,-0.095297898,0.771383959,-0.185975896,-0.451266756,-0.408335729
1790503976.526690245,-0.104828577,0.042303740,-0.095914181,0.776957248,-0.177811957,-0.451258161,-0.401355721
1790503976.560027599,-0.101632043,0.037614186,-0.096493617,0.782247798,-0.170716403,-0.451527477,-0.393785767
1790503976.593365908,-0.098206206,0.032701989,-0.096950055,0.788288098,-0.163046828,-0.449903194,-0.386787697
1790503976.626704693,-0.094527190,0.027632539,-0.097353873,0.794098338,-0.156143562,-0.447942317,-0.379966706
1790503976.660043001,-0.090662720,0.022317283,-0.097727333,0.799545765,-0.149922792,-0.447129716,-0.371920345
1790503976.693380594,-0.086711686,0.016684034,-0.097858041,0.806507985,-0.141480390,-0.444926642,-0.362723658
1790503976.726718903,-0.082575863,0.011086384,-0.097907717,0.812556426,-0.135175659,-0.441708387,-0.355490220
1790503976.760057688,-0.078370530,0.005441416,-0.097855431,0.818752331,-0.128342543,-0.437786041,-0.348591731
1790503976.793395042,-0.074160247,-0.000264051,-0.097589667,0.825672489,-0.122355876,-0.432815056,-0.340536501
1790503976.826733589,-0.069891965,-0.005907171,-0.097394057,0.831043529,-0.117349445,-0.430232661,-0.332408811
1790503976.860072136,-0.065461229,-0.011317489,-0.097448756,0.834623687,-0.113099459,-0.429675305,-0.325562505
1790503976.893406630,-0.061101737,-0.016752947,-0.097691193,0.839508132,-0.106228551,-0.429584805,-0.315275255
1790503976.926740170,-0.056732016,-0.021724882,-0.098028475,0.844063509,-0.100299357,-0.427557190,-0.307720136
1790503976.960074663,-0.052431944,-0.026540668,-0.098292639,0.849310490,-0.092481636,-0.424295938,-0.300152952
1790503976.993408918,-0.048130058,-0.031210636,-0.098405610,0.853797908,-0.087577524,-0.421869078,-0.292208471
1790503977.026743412,-0.043804495,-0.035784585,-0.098192609,0.857703996,-0.084481654,-0.418588020,-0.286340312
1790503977.060076952,-0.039463658,-0.040438197,-0.097637325,0.862847822,-0.080759907,-0.412902725,-0.280147842
1790503977.093411207,-0.035012923,-0.044853842,-0.097194794,0.866010727,-0.079386795,-0.410032183,-0.274948663
1790503977.126745701,-0.030486394,-0.049130576,-0.096642207,0.869725956,-0.076828145,-0.406492187,-0.269143642
1790503977.160078764,-0.025917090,-0.053118382,-0.096167948,0.872977544,-0.075340904,-0.404066704,-0.262610079
1790503977.193413258,-0.021204087,-0.056870844,-0.095699987,0.877596524,-0.073350080,-0.399180989,-0.255144361
1790503977.226747513,-0.016299619,-0.060236321,-0.095545622,0.881811293,-0.070419454,-0.394859168,-0.248064875
1790503977.260081768,-0.011187451,-0.063340118,-0.095603888,0.885944977,-0.065609569,-0.391155303,-0.240404679
1790503977.293415070,-0.005870657,-0.066282875,-0.095623189,0.890590693,-0.060950396,-0.386717907,-0.231479000
1790503977.326749325,-0.000471862,-0.069044718,-0.095476463,0.894864091,-0.056975197,-0.382264558,-0.223261937
1790503977.360083580,0.004913203,-0.071701799,-0.094980996,0.900072942,-0.053672914,-0.375529021,-0.214396531
1790503977.393416643,0.010207683,-0.074179985,-0.094283378,0.905434437,-0.050552286,-0.367969786,-0.205502272
1790503977.426750898,0.015213072,-0.076359894,-0.093639595,0.909421902,-0.047403466,-0.362703365,-0.197866076
1790503977.460084915,0.019796291,-0.078199286,-0.092993554,0.912733558,-0.045831456,-0.357861093,-0.191709071
1790503977.493419170,0.023786820,-0.079827695,-0.092424619,0.915118655,-0.043301487,-0.354238344,-0.187611367
1790503977.526752234,0.027175805,-0.081319584,-0.091781842,0.917515106,-0.041557243,-0.349844226,-0.184521119
1790503977.560086489,0.030030546,-0.082723582,-0.091052668,0.919872551,-0.041550218,-0.345177262,-0.181550893
1790503977.593420506,0.032391835,-0.084145319,-0.090325581,0.921518793,-0.040528809,-0.342388652,-0.178691187
1790503977.626754522,0.034353067,-0.085526299,-0.089599747,0.922669204,-0.040966120,-0.340562702,-0.176125988
1790503977.660087585,0.035913254,-0.086974053,-0.089126760,0.922654868,-0.039744117,-0.341750100,-0.174170232
1790503977.693421602,0.037205661,-0.088463838,-0.088896614,0.921914834,-0.038565882,-0.344304641,-0.173320585
1790503977.726755619,0.038322814,-0.090310204,-0.088686683,0.921905223,-0.036549722,-0.345465315,-0.171489337
1790503977.760088682,0.039216747,-0.092556118,-0.088582439,0.921753807,-0.035111540,-0.347305052,-0.168867701
1790503977.793422461,0.039956843,-0.095073315,-0.088480206,0.922467905,-0.034326965,-0.346244354,-0.167300544
1790503977.826756239,0.040504374,-0.097844418,-0.088586348,0.923018574,-0.032952494,-0.345274953,-0.166541445
1790503977.860090256,0.040895294,-0.100917449,-0.088908824,0.923355847,-0.031056778,-0.344983826,-0.165636999
1790503977.893428326,0.041149411,-0.104308019,-0.089397148,0.923642507,-0.028337529,-0.344516085,-0.165499760
1790503977.926767349,0.041250982,-0.107965421,-0.089915471,0.924118416,-0.027355568,-0.343444223,-0.165235868
1790503977.960106134,0.041125239,-0.111796594,-0.090371655,0.924532364,-0.026883014,-0.342132756,-0.165717797
1790503977.993445396,0.040699902,-0.115547433,-0.090737638,0.924675773,-0.027187234,-0.341355369,-0.166469459
1790503978.026783466,0.040000281,-0.119232116,-0.091035091,0.924784465,-0.025825424,-0.341176357,-0.166449497
1790503978.060122490,0.039178373,-0.122726048,-0.091266188,0.924822994,-0.023875068,-0.340675005,-0.167549851
1790503978.093461752,0.038364405,-0.126050674,-0.091622787,0.924477668,-0.021293824,-0.340853960,-0.169429016
1790503978.126799822,0.037686324,-0.129282738,-0.092199874,0.923798741,-0.019108588,-0.342981675,-0.169098549
1790503978.160139084,0.037203194,-0.132455486,-0.092920720,0.923140034,-0.015699387,-0.345689315,-0.167525829
1790503978.193478346,0.036862933,-0.135544320,-0.093762270,0.922412505,-0.010812272,-0.348688963,-0.165693306
1790503978.226817608,0.036606362,-0.138435580,-0.094645637,0.921703596,-0.007902401,-0.351035334,-0.164846073
1790503978.260155916,0.036358835,-0.141269907,-0.095493213,0.921691634,-0.005745529,-0.351482254,-0.164048000
1790503978.293495178,0.036053928,-0.144117959,-0.096306808,0.921959481,-0.003658263,-0.351238198,-0.163122840
1790503978.326834440,0.035672746,-0.146944046,-0.097155053,0.921814511,-0.001958942,-0.351445633,-0.163524117
1790503978.360173941,0.035253131,-0.149775643,-0.098104092,0.921571161,-0.000548335,-0.351770019,-0.164207639
1790503978.393512487,0.034856984,-0.152794991,-0.099184557,0.921519877,0.003508263,-0.352440121,-0.163017698
1790503978.426851749,0.034603388,-0.155747497,-0.100339030,0.920987951,0.006204966,-0.354135993,-0.162266418
1790503978.460191250,0.034556894,-0.158702825,-0.101518051,0.920710935,0.009738283,-0.355307679,-0.161099326
1790503978.493529797,0.034713827,-0.161388365,-0.102749360,0.920419511,0.013249633,-0.356047116,-0.160881394
1790503978.526869059,0.035124956,-0.163754717,-0.103857666,0.920786565,0.015701646,-0.355494468,-0.159778733
1790503978.560208797,0.035829160,-0.165866786,-0.104750968,0.921347646,0.018024606,-0.354754688,-0.157932707
1790503978.593548298,0.036833304,-0.167755961,-0.105472788,0.921912908,0.021139182,-0.354416882,-0.154978702
1790503978.626886845,0.038147984,-0.169156337,-0.106019162,0.922658765,0.022206720,-0.353469783,-0.152534513
1790503978.660226583,0.039740660,-0.170343779,-0.106469797,0.923676879,0.026702467,-0.352391385,-0.148082117
1790503978.693566084,0.041670732,-0.170806926,-0.106644029,0.925079183,0.027087535,-0.349089635,-0.147075483
1790503978.726904869,0.043937656,-0.170952961,-0.106560539,0.927619122,0.027694183,-0.343112550,-0.145015775
1790503978.760244608,0.046467626,-0.170970373,-0.106111853,0.931478353,0.029189273,-0.334043057,-0.141107409
1790503978.793584347,0.049095867,-0.170672315,-0.105396079,0.934654216,0.028156256,-0.326275319,-0.138467101
1790503978.826924086,0.051736007,-0.170329822,-0.104494526,0.937360255,0.028288160,-0.319735374,-0.135369212
1790503978.860262632,0.054345219,-0.169661245,-0.103237530,0.940910906,0.023058842,-0.310071119,-0.134204536
