0.0 0.0 0.0 0.0 0.0 0.0 0.0 1.0
0.03333333507180214 2.4577200747444294e-05 2.2131869172881125e-06 5.519649857887998e-05 -5.20258709002519e-07 -1.1069535503338557e-05 -1.1352057299518492e-05 1.0
0.06666667014360428 1.4494639799522702e-06 8.891341707339961e-08 7.606786675751209e-05 -1.5689799965912243e-06 -5.003756086807698e-06 -8.356508260476403e-06 1.0
0.10000000149011612 -4.362077561381739e-06 -2.4289181510539493e-06 0.00012383087596390396 1.1750931889764615e-06 -1.0162744729314e-05 -5.1210217861807905e-06 1.0
0.13333334028720856 6.783194294257555e-06 -1.00510160336853e-05 8.11275458545424e-05 -3.886096692440333e-06 -3.7552588310063584e-06 -1.0450937224959489e-05 1.0
0.1666666716337204 -5.0802595978893805e-06 -2.0465718989726156e-05 5.913083805353381e-05 -1.0118603313458152e-05 -2.7431406124378555e-06 -1.76072571775876e-05 1.0
0.20000000298023224 3.554288559826091e-05 1.8879343770095147e-05 4.5544216845883057e-05 1.1436957265686942e-06 -1.512553990323795e-05 -1.4713225027662702e-05 1.0
0.23333333432674408 2.031414805969689e-05 5.641543339152122e-06 6.420681165764108e-05 1.2207905228933669e-06 -8.298729881062172e-06 -1.2703680113190785e-05 1.0
0.2666666805744171 5.969198537059128e-05 1.7130565538536757e-05 8.614888065494597e-05 6.827490324212704e-06 -2.5365447072545066e-05 -4.95310951009742e-06 1.0
0.30000001192092896 1.5416459063999355e-05 -7.779730367474258e-06 5.1863768021576107e-05 -1.1439301488280762e-05 -1.0833557098521851e-05 -1.5566580259473994e-05 1.0
0.3333333432674408 -2.004645921260817e-06 -1.8480517610441893e-05 4.4066804548492655e-05 -1.0475962881173473e-05 -2.05908349926176e-06 -1.920740760397166e-05 1.0
0.36666667461395264 3.869080319418572e-05 1.2957414583070204e-05 3.283004116383381e-05 1.941473328770371e-06 -1.4363224181579426e-05 -1.458652059227461e-05 1.0
0.4000000059604645 2.668976958375424e-05 -7.996806743904017e-06 5.4334599553840235e-05 -5.440720997285098e-06 -1.4290569197328296e-05 -1.2147340385126881e-05 1.0
0.4333333373069763 -2.956483740490512e-06 9.845528438745532e-06 7.342476601479575e-05 2.701891844480997e-06 2.1366922737797722e-06 -7.140346497180872e-06 1.0
0.46666666865348816 3.072904291911982e-05 1.2115595382056199e-05 2.3254142433870584e-05 4.973686600351357e-07 -1.5283467291737907e-05 -1.5649729903088883e-05 1.0
0.5 2.8331072826404124e-05 -1.4697371852889773e-07 5.7763394579524174e-05 2.638464735582602e-08 -1.2550819519674405e-05 -7.065546014928259e-06 1.0
0.5333333611488342 -1.5130907740967814e-05 -1.3987991223984864e-05 5.779941056971438e-05 -7.599371201649774e-06 3.5145155834470643e-06 -1.7320904589723796e-05 1.0
0.5666666626930237 1.0002673661801964e-05 -8.180272743629757e-06 3.723490226548165e-05 -4.946429271512898e-06 -7.3776946010184474e-06 -1.1242555046919733e-05 1.0
0.6000000238418579 -1.2460242032830138e-05 -1.572988367115613e-06 7.901250501163304e-05 2.021895170400967e-06 -8.226984391512815e-07 -1.1759925655496772e-05 1.0
0.6333333253860474 1.2631757272174582e-05 3.705792551045306e-06 4.770615851157345e-05 -2.889060851885006e-06 -7.410169018839952e-06 -1.7059925085050054e-05 1.0
0.6666666865348816 3.868927706207614e-06 -5.8709697441372555e-06 8.374906610697508e-05 -4.930386239720974e-06 -9.243393833457958e-06 -1.2957739272678737e-05 1.0
0.699999988079071 2.981933175760787e-05 -9.422584298590664e-06 4.756984708365053e-05 -4.794310825673165e-06 -1.1962901226070244e-05 -1.2426323337422218e-05 1.0
0.7333333492279053 3.626662146416493e-05 1.714660356810782e-05 3.0683102522743866e-05 8.737792995816562e-07 -1.19069627544377e-05 -1.1742330570996273e-05 1.0
0.7666666507720947 1.3795201994071249e-05 -1.9583274479373358e-05 6.786583981011063e-05 -8.441515092272311e-06 -9.088993465411477e-06 -8.657438229420222e-06 1.0
0.800000011920929 2.470133222232107e-05 -3.7692600017180666e-05 4.1611150663811713e-05 -2.3679760488448665e-05 -1.4641640518675558e-05 -1.833867463574279e-05 1.0
0.8333333134651184 2.7729370231099892e-06 7.346894562942907e-06 6.231245788512751e-05 2.7237290396442404e-06 -6.539130026794737e-06 -1.807466833270155e-05 1.0
0.8666666746139526 1.1572432413231581e-05 9.321965080744121e-06 3.7129120755707845e-05 -1.209466063301079e-06 -6.566614501934964e-06 -1.0578633919067215e-05 1.0
0.8999999761581421 1.531497218820732e-05 1.7901746105053462e-05 6.778335955459625e-05 7.028213076409884e-06 -1.1376047950761858e-05 -1.3420700270216912e-05 1.0
0.9333333373069763 5.307372248353204e-06 -6.459009455284104e-06 0.00010637530795065686 -2.502832103346009e-06 -1.0519405805098359e-05 -3.458606215644977e-06 1.0
0.9666666388511658 1.6249190593953244e-05 -1.5169285688898526e-05 8.288452954730019e-05 -8.778200935921632e-06 -1.2849454833485652e-05 -1.1769176126108505e-05 1.0
1.0 1.257623534911545e-05 1.6584013792453334e-05 8.336369501193985e-05 9.11387996893609e-06 -1.2083132787665818e-05 -3.362060397194e-06 1.0
1.0333333015441895 -4.0637783058627974e-06 5.098404926684452e-06 7.496360194636509e-05 3.844857019430492e-07 -4.489846560318256e-06 -1.4766386584597058e-06 1.0
1.0666667222976685 4.0708786400500685e-05 2.9316390282474458e-05 4.440709744812921e-05 5.206833066040417e-06 -1.610543768038042e-05 -1.5767896911711432e-05 1.0
1.100000023841858 9.65595154411858e-06 6.0109473452030215e-06 7.955473120091483e-05 1.2201206800455111e-06 -6.147511612653034e-06 -9.42127462622011e-06 1.0
1.1333333253860474 1.0850235412362963e-05 -8.6375739556388e-06 4.8333717131754383e-05 -7.5264038059685845e-06 -7.706428732490167e-06 -1.577988950884901e-05 1.0
1.1666666269302368 2.1519825168070383e-05 9.302192665927578e-06 6.696689524687827e-05 -1.6396481896663317e-06 -1.5558835002593696e-05 -2.040793333435431e-05 1.0
1.2000000476837158 3.750552423298359e-05 2.4610746550024487e-05 3.915090928785503e-05 1.2909526958537754e-06 -1.4859466318739578e-05 -2.022806802415289e-05 1.0
1.2333333492279053 5.2537041483446956e-05 2.760239294730127e-05 4.541539601632394e-05 5.8002319747174624e-06 -2.1617346646962687e-05 -1.041295581671875e-05 1.0
1.2666666507720947 2.3756991140544415e-05 1.8450959032634273e-05 5.6439090258209035e-05 1.5735408851469401e-06 -8.460360731987748e-06 -1.7390872017131187e-05 1.0
1.2999999523162842 1.8187838577432558e-05 -3.1580988434143364e-05 8.340946806129068e-05 -1.1624309081526008e-05 -9.717393368191551e-06 -7.467320756404661e-06 1.0
1.3333333730697632 4.48452883574646e-05 1.0903783731919248e-05 6.83647594996728e-05 -4.108385667223047e-07 -2.1905476387473755e-05 -1.0146215572603978e-05 1.0
1.3666666746139526 -2.3455334030586528e-06 -2.497242121535237e-06 5.9935471654171124e-05 -5.071272425993811e-06 -1.9868186882376904e-06 -1.3964392564957961e-05 1.0
1.399999976158142 2.6668163627618924e-05 -9.18081514100777e-06 6.130860856501386e-05 -6.361448413372273e-06 -1.2640404747799039e-05 -1.0426894732518122e-05 1.0
1.4333332777023315 1.3729620150115807e-05 -1.0843165227925056e-06 7.801417086739093e-05 -5.0080598157364875e-06 -1.116843668569345e-05 -1.3912522263126448e-05 1.0
1.4666666984558105 2.6404297386761755e-05 1.0829974598891567e-05 5.6086399126797915e-05 6.437406341319729e-07 -1.621522278583143e-05 -1.633978172321804e-05 1.0
1.5 -8.244903710874496e-07 -3.018645429619937e-06 8.840342343319207e-05 -5.029321982874535e-06 -4.9324794417771045e-06 -1.1349124179105274e-05 1.0
1.5333333015441895 6.778102488169679e-06 2.0635518467315705e-06 6.731499161105603e-05 5.604937314274139e-07 -1.0057360668724868e-05 -1.5366273146355525e-05 1.0
1.5666667222976685 1.1654765330604278e-05 -2.097014430546551e-06 6.276043859543279e-05 -1.969118329725461e-06 -7.016660219960613e-06 -9.782098459254485e-06 1.0
1.600000023841858 2.8277270757826045e-05 5.816180419060402e-06 5.449855234473944e-05 -1.281168806599453e-06 -1.0165508683712687e-05 -6.698701326968148e-06 1.0
1.6333333253860474 3.0265009627328254e-05 -3.1273742933990434e-05 4.9949052481679246e-05 -1.5072370842972305e-05 -1.2749154848279431e-05 -4.872930276178522e-06 1.0
1.6666666269302368 3.087202276219614e-05 -6.949680027901195e-06 6.349098839564249e-05 -4.874026672041509e-06 -1.3778236279904377e-05 -7.360765721386997e-06 1.0
1.7000000476837158 -2.073068026220426e-05 -6.118151759437751e-06 9.358977695228532e-05 2.0898353341181064e-06 3.5205437143304152e-06 -5.791074272565311e-06 1.0
1.7333333492279053 2.790388316498138e-05 1.000936572381761e-05 7.636599184479564e-05 3.591972244976205e-06 -1.685744609858375e-05 -1.0865058357012458e-05 1.0
1.7666666507720947 2.5104720407398418e-05 1.5498961829507607e-06 2.054387550742831e-05 -7.897040632087737e-06 -1.0748235581559129e-05 -2.114387825713493e-05 1.0
1.7999999523162842 -1.1336134775774553e-05 1.932650775415823e-05 8.875835919752717e-05 1.0357167411711998e-05 -1.715064286145207e-06 -6.502874384750612e-06 1.0
1.8333333730697632 4.258741228113649e-06 2.04830803340883e-06 4.5120676077203825e-05 -6.567690320480324e-07 -2.177597480113036e-06 -9.422758012078702e-06 1.0
1.8666666746139526 1.6718509868951514e-05 -1.8295037079951726e-05 6.210563878994435e-05 -7.738032763882075e-06 -1.0941223990812432e-05 -7.1045878939912654e-06 1.0
1.899999976158142 1.0395080607850105e-05 -1.306838294112822e-05 6.141314952401444e-05 -5.1966158025607e-06 -4.970394911651965e-06 -8.630845513835084e-06 1.0
1.9333332777023315 1.9024961147806607e-05 1.6606461940682493e-05 6.240423681447282e-05 4.428136435308261e-06 -9.793699064175598e-06 -6.933149506949121e-06 1.0
1.9666666984558105 1.905148383229971e-05 1.7112450223066844e-05 4.502814044826664e-05 1.5860988469285076e-06 -1.0720902537286747e-05 -1.8352333427174017e-05 1.0
2.0 7.899002412159462e-06 -2.881054797398974e-06 6.700549420202151e-05 -8.917781997297425e-07 -7.379013823083369e-06 -8.709793291927781e-06 1.0
2.0333333015441895 1.2468826753320172e-05 -1.3748615856457036e-05 5.5200383940245956e-05 -6.629944437008817e-06 -7.77599143475527e-06 -5.672417046298506e-06 1.0
2.066666603088379 1.710797005216591e-05 3.317251184853376e-06 5.521970524569042e-05 -3.470410092631937e-06 -1.031858118949458e-05 -1.8148382878280245e-05 1.0
2.0999999046325684 4.044308752781944e-06 -7.583333626826061e-06 7.700092101003975e-05 -5.7505499171384145e-06 -7.90723515819991e-06 -1.6430416508228518e-05 1.0
2.133333444595337 3.824171290034428e-05 1.1464329872978851e-05 7.784811168676242e-05 8.947175729190349e-07 -1.944721589097753e-05 -1.463438729842892e-05 1.0
2.1666667461395264 2.9579625334008597e-05 3.2818104955367744e-05 4.8608111683279276e-05 9.382255484524649e-06 -1.4818792806181591e-05 -1.2189932022010908e-05 1.0
2.200000047683716 1.5287538190023042e-05 1.241111385752447e-05 6.565302464878187e-05 2.5595331862859894e-06 -1.185247310786508e-05 -9.188667718262877e-06 1.0
2.2333333492279053 5.004587728762999e-05 1.9974188035121188e-05 5.4631436796626076e-05 7.484607067453908e-06 -2.1876327082281932e-05 1.911071876747883e-06 1.0
2.2666666507720947 1.892303589556832e-05 -1.9859944586642087e-05 3.127284799120389e-05 -1.707482078927569e-05 -1.1310075024084654e-05 -2.0579534975695424e-05 1.0
2.299999952316284 1.8961352907354012e-05 9.588429747964256e-06 3.8676997064612806e-05 1.7969583723242977e-06 -1.0252623724227306e-05 -7.173742687882623e-06 1.0
2.3333332538604736 2.0457238861126825e-05 2.2124338556750445e-06 5.6696524552535266e-05 -3.5434329674899345e-06 -9.390190825797617e-06 -1.5580846593366005e-05 1.0
2.366666555404663 1.4926221410860308e-05 -7.787049980834126e-06 5.851600508322008e-05 -4.569780685415026e-06 -1.1695333341776859e-05 -1.8600343537400477e-05 1.0
2.4000000953674316 3.6376790376380086e-05 -4.265068582753884e-06 7.093769090715796e-05 -8.718442586541642e-06 -1.907536898215767e-05 -1.6183568732230924e-05 1.0
2.433333396911621 1.1203891290278989e-06 -1.1179752618772909e-05 5.362601950764656e-05 -7.454163096554112e-06 -4.25558664574055e-06 -1.567708204675e-05 1.0
2.4666666984558105 2.868770570785273e-05 4.1090861486736685e-06 5.29159588040784e-05 -3.3294395507255103e-06 -1.4421929336094763e-05 -1.4117905266175512e-05 1.0
2.5 -3.0596848432651313e-07 -1.909339516714681e-05 7.917779294075444e-05 -1.0374752491770778e-05 -4.365978838904994e-06 -1.226707172463648e-05 1.0
2.5333333015441895 3.159488187520765e-05 5.155321559868753e-06 7.478555926354602e-05 -1.0268089454257279e-06 -1.550832348584663e-05 -9.32095917960396e-06 1.0
2.566666603088379 3.0212837373255752e-05 -1.6610314560239203e-05 5.2955154387746006e-05 -1.7252486941288225e-05 -1.4959190593799576e-05 -1.5010521565272938e-05 1.0
2.5999999046325684 8.215297384595033e-06 -1.2739343219436705e-05 8.267261000582948e-05 -1.308969240199076e-05 -5.707105628971476e-06 -2.0304420104366727e-05 1.0
2.633333444595337 -3.497806801533443e-06 -1.9637548120954307e-06 5.241176040726714e-05 -4.692895799962571e-06 -1.8759046724881046e-06 -1.890827297756914e-05 1.0
2.6666667461395264 1.591193904459942e-05 -4.88797411435371e-07 4.618083039531484e-05 -4.7489756980212405e-06 -9.463622518524062e-06 -3.00945666822372e-05 1.0
2.700000047683716 1.3006383596803062e-05 -1.730026997392997e-05 4.4277730921749026e-05 -1.1056644325435627e-05 -6.9901234382996336e-06 -1.4707641639688518e-05 1.0
2.7333333492279053 3.501112951198593e-05 -2.920329279731959e-06 5.5420881835743785e-05 -4.892953711532755e-06 -1.8517495846026577e-05 -7.828713933122344e-06 1.0
2.7666666507720947 3.380270936759189e-05 2.0598259652615525e-05 7.497175101889297e-05 8.381960469705518e-06 -1.540106131869834e-05 -3.5833077163260896e-06 1.0
2.799999952316284 1.270744814974023e-05 -5.718143256672192e-06 6.607425166293979e-05 -5.290767603582935e-06 -4.377335699246032e-06 -1.1861699931614567e-05 1.0
2.8333332538604736 4.360801540315151e-06 4.340787199907936e-06 5.531291026272811e-05 -1.0475612555183034e-07 -3.941466729884269e-06 -1.516268002887955e-05 1.0
2.866666555404663 2.8389164071995765e-05 1.923277523019351e-06 5.4727945098420605e-05 3.517813240705436e-08 -1.2909231372759677e-05 -8.551774953957647e-06 1.0
2.9000000953674316 4.567827272694558e-05 1.0809220839291811e-05 6.880083674332127e-05 4.827695192943793e-06 -2.1100979211041704e-05 -5.415765826910501e-06 1.0
2.933333396911621 1.915306711453013e-05 -9.579115612723399e-06 5.350130595616065e-05 -7.748394637019373e-06 -1.0522485354158562e-05 -1.2599979527294636e-05 1.0
2.9666666984558105 2.263450551254209e-05 7.3313967732246965e-06 5.936469460721128e-05 -1.3738994653067493e-07 -9.026403859024867e-06 -1.1912942682101857e-05 1.0
3.0 5.9634530771290883e-05 3.0211345801944844e-05 6.217037298483774e-05 9.026462066685781e-06 -2.517076427466236e-05 -1.1417430869187228e-05 1.0
3.0333333015441895 1.821384830691386e-05 5.7799807109404355e-06 3.0135217457427643e-05 -1.5929414303172962e-06 -1.1101887139375322e-05 -1.820020770537667e-05 1.0
3.066666603088379 -6.611640401388286e-06 -2.6261390303261578e-05 5.246936052571982e-05 -1.5227618860080838e-05 -1.6814153696032008e-06 -1.759199585649185e-05 1.0
3.0999999046325684 -3.6904614262311952e-06 -1.366498509014491e-05 5.7301149354316294e-05 -5.0463386287447065e-06 -1.3950879065305344e-06 -9.013548151415307e-06 1.0
3.133333444595337 2.240264802821912e-05 5.82465918341768e-06 5.7613775425124913e-05 1.5210628134809667e-06 -1.1405592886148952e-05 -1.1995815839327406e-05 1.0
3.1666667461395264 2.0157283870503306e-05 6.111423317634035e-06 4.262015863787383e-05 1.7642676084506093e-06 -1.146302656707121e-05 -1.2740514648612589e-05 1.0
3.200000047683716 2.4696646505617537e-06 -1.251395315193804e-05 4.702789010480046e-05 -4.994695245841285e-06 -3.4992572182090953e-06 -1.1692083717207424e-05 1.0
3.2333333492279053 5.07206168549601e-05 3.938958252547309e-05 5.798619531560689e-05 8.563807568862103e-06 -2.353256604692433e-05 -2.3229315047501586e-05 1.0
3.2666666507720947 6.545298219862161e-06 4.945021828461904e-06 4.722995072370395e-05 -3.9650672079005744e-06 -6.5182252910744864e-06 -2.006675276788883e-05 1.0
3.299999952316284 2.4836112061166205e-05 1.3533544915844686e-05 6.871359801152721e-05 3.6327558063931065e-06 -1.9269653421361e-05 -1.1679863746394403e-05 1.0
3.3333332538604736 -4.192258529656101e-06 -9.926333177645574e-07 5.783222513855435e-05 -2.640677166709793e-06 -1.1279681757514481e-06 -1.3066496649116743e-05 1.0
3.366666555404663 4.8241861804854125e-05 2.225208663730882e-05 6.850527279311791e-05 6.344792382151354e-06 -2.1304093024809845e-05 -2.202262521677767e-06 1.0
3.4000000953674316 1.2444924323062878e-05 -5.185770532989409e-06 7.645834557479247e-05 -5.694346782547655e-06 -7.343273409787798e-06 -2.0688160020654323e-06 1.0
3.433333396911621 3.091551116085611e-05 7.688057849009056e-06 5.8053177781403065e-05 -2.151411706563522e-07 -1.788983354344964e-05 -1.4172170267556794e-05 1.0
3.4666666984558105 1.940567744895816e-05 3.1635051982448203e-06 3.245778862037696e-05 -1.7584854958840879e-06 -1.227762913913466e-05 -1.8340841052122414e-05 1.0
3.5 4.449230618774891e-05 -3.703216862049885e-05 3.978883250965737e-05 -1.8333637854084373e-05 -2.2207777874427848e-05 -6.235885393834906e-06 1.0
3.5333333015441895 2.8237627702765167e-05 -2.7147009404870914e-06 3.9604215999133885e-05 -6.673888492514379e-06 -1.55014840856893e-05 -1.435589092579903e-05 1.0
3.566666603088379 1.827779306040611e-05 6.292992566159228e-06 7.177778024924919e-05 3.5935923392571567e-07 -1.0099337487190496e-05 -1.2831724234274589e-05 1.0
3.5999999046325684 2.5170013486786047e-06 -1.0656238373485394e-05 7.199535320978612e-05 -2.2440185603045393e-06 -6.8224690039642155e-06 -6.791998202970717e-06 1.0
3.633333444595337 1.632923522265628e-05 -1.670332312642131e-05 5.6713775848038495e-05 -6.687904715363402e-06 -9.864772437140346e-06 -1.9460207113297656e-05 1.0
3.6666667461395264 5.933422016823897e-06 -5.286924988467945e-06 6.692683382425457e-05 -2.049179101959453e-06 -7.311045465030475e-06 -8.563420124119148e-06 1.0
3.700000047683716 2.7893742299056612e-05 1.5147329577303026e-05 4.8714562581153587e-05 3.407351982787077e-07 -1.6436659279861487e-05 -1.7598276826902293e-05 1.0
3.7333333492279053 1.762983447406441e-05 -3.69006629625801e-05 7.762636960251257e-05 -1.679403430898674e-05 -1.2002911716990639e-05 -1.5461539078387432e-05 1.0
3.7666666507720947 -1.727838935039472e-05 -2.338002741453238e-05 3.653605381259695e-05 -1.37963052111445e-05 2.449872226861771e-06 -2.2127758711576462e-05 1.0
3.799999952316284 1.012507073028246e-05 -2.3631871954421513e-05 2.3731274268357083e-05 -1.719590727589093e-05 -1.1978248949162662e-05 -2.2979271307121962e-05 1.0
3.8333332538604736 2.9608727345475927e-05 -8.311020792461932e-06 6.355612276820466e-05 -5.170865279069403e-06 -1.2677575796260498e-05 -7.2047810135700274e-06 1.0
3.866666555404663 -8.747761057747994e-06 -5.614126621367177e-06 8.987260662252083e-05 -3.688709512061905e-06 -5.3784679039381444e-06 -1.342419818683993e-05 1.0
3.9000000953674316 7.419171652145451e-06 6.15836461292929e-06 4.569202792481519e-05 -2.6522766347625293e-06 -5.539608082472114e-06 -2.1592506527667865e-05 1.0
3.933333396911621 1.4447291505348403e-05 1.9394226455915486e-06 4.6352652134373784e-05 -3.647650828497717e-06 -1.0147487955691759e-05 -1.5759509551571682e-05 1.0
3.9666666984558105 2.2296831957646646e-05 1.4872490282868966e-05 6.335919897537678e-05 2.956913704110775e-06 -1.374462681269506e-05 -1.4786377505515702e-05 1.0
4.0 2.351369766984135e-05 8.005888957995921e-06 3.413432204979472e-05 -4.793690209226042e-07 -1.254539438377833e-05 -1.0498566552996635e-05 1.0
4.0333333015441895 5.580428842222318e-05 2.828076139849145e-05 8.106873428914696e-05 1.0789427506097127e-05 -2.1719275537179783e-05 -6.475365353253437e-06 1.0
4.066666603088379 2.2710168195771985e-05 1.07570440377458e-05 7.26002108422108e-05 -8.705562777322484e-07 -1.3834755918651354e-05 -1.0446473424963187e-05 1.0
4.099999904632568 7.374276265181834e-06 2.4995897547341883e-05 4.505108154262416e-05 5.7378447309019975e-06 -6.215598205017159e-06 -1.630474434932694e-05 1.0
4.133333206176758 2.6935267669614404e-05 1.5433569160450133e-06 4.3761483539128676e-05 -2.3600853182870196e-06 -1.2954407793586142e-05 -1.093349692382617e-05 1.0
4.166666507720947 3.631375193435815e-06 -2.3567537937196903e-05 5.97616053710226e-05 -8.770171007199679e-06 -6.165070317365462e-06 -8.435351446678396e-06 1.0
4.199999809265137 1.5797662854311056e-05 -9.026657039612473e-07 6.164260412333533e-05 -2.026643414865248e-06 -5.697648703062441e-06 -8.828325917420443e-06 1.0
4.233333110809326 1.84613872988848e-05 -1.5433566659339704e-05 7.611874025315046e-05 -8.78878290677676e-06 -1.4144945453153923e-05 -6.858587767055724e-06 1.0
4.266666889190674 3.103059862041846e-05 2.4204698547691805e-06 6.351031333906576e-05 -2.2163110315887025e-06 -1.6711381249479018e-05 -1.5238723790389486e-05 1.0
4.300000190734863 1.1819771316368133e-05 -1.5024033928057179e-05 4.6384448069147766e-05 -1.0305472642357927e-05 -6.813050731580006e-06 -1.2865247299487237e-05 1.0
4.333333492279053 -5.606775175692746e-06 -6.061340172891505e-06 6.494994886452332e-05 -4.905670266452944e-06 -5.585957296716515e-06 -1.2148535461165011e-05 1.0
4.366666793823242 7.065100817271741e-06 -7.66030188970035e-06 7.0014844823163e-05 -4.522804829321103e-06 -5.6609146668051835e-06 -1.375886768073542e-05 1.0
4.400000095367432 2.2728225303580984e-05 1.8408542018732987e-05 3.953737541451119e-05 4.649408765544649e-06 -9.98368614091305e-06 -5.600444183073705e-06 1.0
4.433333396911621 1.1740191439457703e-05 -1.1585295396798756e-05 7.32169792172499e-05 -4.022132543468615e-06 -1.1972078027611133e-05 -1.2268720638530795e-05 1.0
4.4666666984558105 -7.242940682772314e-07 2.634559905345668e-06 7.215145160444081e-05 -2.053923708444927e-06 -5.553793016588315e-06 -1.99265887204092e-05 1.0
4.5 2.1421910787466913e-05 9.554411008139141e-06 8.804238314041868e-05 5.2267382670834195e-06 -1.7119600670412183e-05 -5.959215741313528e-06 1.0
4.5333333015441895 8.24203289084835e-06 3.092462463882839e-07 7.10936074028723e-05 4.742475301355853e-09 -2.725180138440919e-06 -1.0437700439069886e-05 1.0
4.566666603088379 4.553296821541153e-05 1.3878976460546255e-05 5.228250665822998e-05 4.270988029020373e-06 -1.7292437405558303e-05 -7.195711077656597e-06 1.0
4.599999904632568 2.03355957637541e-05 1.419627369614318e-05 5.808555943076499e-05 -7.583448109471647e-07 -6.9791612986591645e-06 -2.2683179849991575e-05 1.0
4.633333206176758 3.163637302350253e-05 -8.033833154286185e-08 4.749695654027164e-05 -4.022439497930463e-06 -1.39459962156252e-05 -1.4230694432626478e-05 1.0
4.666666507720947 2.96419038932072e-05 -5.105229305968351e-08 5.401855378295295e-05 -1.0368270295657567e-06 -1.5856623576837592e-05 -6.867670435894979e-06 1.0
4.699999809265137 3.224832471460104e-05 1.324741106145666e-06 8.963580330600962e-05 -3.3459180031059077e-06 -1.6588528524152935e-05 -6.7994742494192906e-06 1.0
4.733333110809326 4.735040420200676e-05 -4.392491064209025e-06 8.106491441139951e-05 -2.1340274543035775e-06 -2.3806524040992372e-05 -9.079067240236327e-06 1.0
4.766666889190674 3.907128484570421e-05 1.1531853488122579e-05 8.528680336894467e-05 3.6157045997242676e-06 -2.209288504673168e-05 -4.880819687969051e-06 1.0
4.800000190734863 1.18435573313036e-05 -9.921848231897457e-07 7.626916340086609e-05 -3.3269591313001e-06 -7.678322617721278e-06 -8.648676157463342e-06 1.0
4.833333492279053 3.3285301469732076e-05 -6.8711415224242955e-06 4.380173049867153e-05 -6.616277005377924e-06 -1.300920939684147e-05 -8.15635303297313e-06 1.0
4.866666793823242 1.5815456208656542e-05 6.162717909319326e-06 5.153871825314127e-05 1.6894786085686064e-06 -6.344812391034793e-06 2.606962254958489e-07 1.0
4.900000095367432 4.020470805699006e-05 -2.1758647562819533e-05 2.0110903278691694e-05 -1.643996438360773e-05 -2.0441368178580888e-05 -8.49847674544435e-06 1.0
4.933333396911621 -3.6998119412601227e-06 2.3831867110857274e-06 4.472974978853017e-05 -2.2906372123543406e-06 -1.1454199011495803e-06 -1.4343141629069578e-05 1.0
4.9666666984558105 3.0425615477724932e-05 -7.3606797741376795e-06 5.956089444225654e-05 -8.993405572255142e-06 -1.4387600458576344e-05 -8.262158189609181e-06 1.0
5.0 1.0170534551434685e-05 6.939947070350172e-06 6.615448364755139e-05 8.292814186461328e-07 -6.985652817093069e-06 -5.420981779025169e-06 1.0
5.0333333015441895 4.349093433120288e-05 8.719824108993635e-06 6.348531314870343e-05 2.1515168100449955e-06 -1.7008298527798615e-05 -3.2982816264848225e-06 1.0
5.066666603088379 3.8042257983761374e-06 1.0612102414597757e-06 5.928746395511553e-05 -9.554836424285895e-07 -7.699631169089116e-06 -1.8683938833419234e-05 1.0
5.099999904632568 2.93286211672239e-05 -1.3396544090937823e-05 7.227264723042026e-05 -4.513752628554357e-06 -1.541577876196243e-05 -8.556164175388403e-06 1.0
5.133333206176758 1.8283422832610086e-05 -1.6537333067390136e-06 6.375274097081274e-05 -4.8002516450651456e-06 -9.19101876206696e-06 -8.769541636866052e-06 1.0
5.166666507720947 2.6462850655661896e-05 5.643298209179193e-06 6.321748514892533e-05 2.665552074176958e-06 -1.3194578968978021e-05 3.7590530155284796e-06 1.0
5.199999809265137 3.246308915549889e-05 -9.598679753253236e-07 6.214922905201092e-05 -6.542869414261077e-06 -1.2453485396690667e-05 -1.1758808796002995e-05 1.0
5.233333110809326 1.663377224758733e-05 -2.3850381694501266e-05 3.5731078241951764e-05 -1.0585921700112522e-05 -7.880257726355921e-06 -7.6040028034185525e-06 1.0
5.266666889190674 3.2343461498385295e-05 -1.2786226761818398e-05 5.4266674851533026e-05 -7.022098543529864e-06 -1.427879305992974e-05 -9.745574971020687e-06 1.0
5.300000190734863 1.0436870070407167e-05 1.6506895917700604e-05 2.2376945707947016e-05 1.5254355503202532e-06 -7.644991455890704e-06 -2.611593845358584e-05 1.0
5.333333492279053 2.062391649815254e-05 2.0955711079295725e-05 6.151090929051861e-05 9.74842896539485e-06 -1.0803924851643387e-05 -3.7646736927854363e-06 1.0
5.366666793823242 3.196209218003787e-05 1.4484422536042985e-05 9.056545968633145e-05 2.771446133920108e-06 -1.9950057321693748e-05 -5.556730684475042e-06 1.0
5.400000095367432 4.3077630834886804e-05 -3.277296855230816e-05 4.1419210901949555e-05 -2.353954187128693e-05 -2.065214175672736e-05 -1.0830408427864313e-05 1.0
5.433333396911621 2.9026292395428754e-05 5.096724635222927e-06 2.0203484382363968e-05 -5.604345915344311e-06 -1.4423578249989077e-05 -1.2482116289902478e-05 1.0
5.4666666984558105 2.3455444534192793e-05 6.106039108999539e-06 4.541001180768944e-05 1.467555762246775e-06 -1.0649586329236627e-05 -6.162062618386699e-06 1.0
5.5 9.53640937950695e-06 -9.844550731941126e-06 6.712943286402151e-05 -7.317905328818597e-06 -5.626179699902423e-06 -8.40368647914147e-06 1.0
5.5333333015441895 2.1150857719476335e-05 -1.1018899385817349e-05 4.6302739065140486e-05 -6.728319021931384e-06 -1.0277226465404965e-05 -8.709411304153036e-06 1.0
5.566666603088379 3.070003367611207e-05 -4.901323791273171e-08 6.545520591316745e-05 -1.6035828593885526e-06 -1.5937950593070127e-05 -2.1674737581633963e-05 1.0
5.599999904632568 2.8536478566820733e-05 -1.681740104686469e-05 3.246427877456881e-05 -1.3617624972539488e-05 -1.3462223250826355e-05 -1.4676039427286014e-05 1.0
5.633333206176758 1.9398359654587694e-05 -1.2308075383771211e-05 6.483965262304991e-05 -6.727324944222346e-06 -1.2198333934065886e-05 -1.6303567463182844e-05 1.0
5.666666507720947 1.9472354324534535e-05 8.940527550294064e-06 8.460117533104494e-05 6.444425707741175e-06 -1.4313932297227439e-05 9.471612543165975e-07 1.0
5.699999809265137 5.38000458618626e-05 6.30954264124739e-06 3.891500091413036e-05 -3.636234623627388e-06 -2.1806716176797636e-05 -9.556506483932026e-06 1.0
5.733333110809326 1.4844546058156993e-05 -1.0100045983563177e-05 5.88474067626521e-05 -9.431909347767942e-06 -5.997118478262564e-06 -1.3179873349145055e-05 1.0
5.766666889190674 -1.0498064511921257e-05 -2.499394577171188e-05 9.516406862530857e-05 -1.0315227882529143e-05 -5.09993742525694e-06 -9.085423698707018e-06 1.0
5.800000190734863 1.934548890858423e-05 7.190395081124734e-06 8.770370914135128e-05 1.1860977338074008e-06 -1.1027129403373692e-05 -6.036344075255329e-06 1.0
5.833333492279053 2.863240115402732e-05 5.9683989093173295e-06 5.428993245004676e-05 1.096251708077034e-06 -1.1526263733685482e-05 -1.07895675682812e-05 1.0
5.866666793823242 -1.7186916068112623e-07 -7.57032375986455e-06 7.912229193607345e-05 -8.160594120454334e-07 -6.841248705313774e-06 -1.0462092177476734e-05 1.0
5.900000095367432 1.1131377505080309e-05 -7.46042587707052e-06 4.397658267407678e-05 -6.983826551731909e-06 -6.419475084840087e-06 -1.9005898138857447e-05 1.0
5.933333396911621 4.718685886473395e-05 -1.2085266689609853e-06 4.969737710780464e-05 -6.6534607867652085e-06 -1.9926754248444922e-05 -8.80587595020188e-06 1.0
5.9666666984558105 1.3470894373313058e-05 1.180560138891451e-05 5.414728002506308e-05 3.1510160170000745e-06 -8.801932381174993e-06 -1.2075807717337739e-05 1.0
6.0 4.552061909635086e-06 -4.13594216297497e-06 5.796051482320763e-05 -7.092563009791775e-06 -6.640178071393166e-06 -1.6534915630472824e-05 1.0
6.0333333015441895 4.2534000385785475e-05 1.9057708868785994e-06 6.0490507166832685e-05 -3.7555919334408827e-06 -2.2963014998822473e-05 -1.0992049283231609e-05 1.0
6.066666603088379 -2.5576648567948723e-06 1.3116920854372438e-05 6.148691318230703e-05 5.7224001466238406e-06 -3.4130760013795225e-06 -1.5370247638202272e-05 1.0
6.099999904632568 3.2972915505524725e-05 1.5133244232856669e-05 3.873316018143669e-05 2.182525804528268e-06 -1.2984259228687733e-05 -1.035127934301272e-05 1.0
6.133333206176758 -1.9902836356777698e-05 -7.227474270621315e-06 8.863459515850991e-05 -4.522958988673054e-06 -3.4544459595053922e-06 -1.6239227988990024e-05 1.0
6.166666507720947 1.899219751066994e-05 -1.0073988960357383e-05 5.27572919963859e-05 -8.674500350025482e-06 -1.235548006661702e-05 -1.7673919501248747e-05 1.0
6.199999809265137 2.519773715903284e-06 2.3355510165856685e-06 4.7460111090913415e-05 -2.71613907898427e-06 -5.3277963161235675e-06 -1.4788561202294659e-05 1.0
6.233333110809326 2.105017119902186e-05 -4.384110070532188e-06 6.257893255678937e-05 -3.139720774925081e-06 -1.1664175872283522e-05 -8.172539310180582e-06 1.0
6.266666889190674 1.3726270481129177e-05 -4.3640173430503637e-07 6.694015610264614e-05 -5.713826340070227e-06 -1.1376580914657097e-05 -2.5652145723142894e-06 1.0
6.300000190734863 1.0621966794133186e-05 4.456344413483748e-06 4.819223613594659e-05 8.940531870393897e-07 -5.457822680909885e-06 -1.8476129071132164e-06 1.0
6.333333492279053 3.07596055790782e-05 1.5949601220199838e-05 4.861845445702784e-05 3.127337095065741e-06 -1.5496214473387226e-05 -8.964853805082384e-06 1.0
6.366666793823242 1.0523675882723182e-05 -1.2795690054190345e-05 7.664793520234525e-05 -7.563258350273827e-06 -6.71112184136291e-06 -1.0759176802821457e-05 1.0
6.400000095367432 1.8261183868162334e-05 1.7764843107670458e-07 6.501627649413422e-05 -1.3188225693738787e-06 -1.1371608707122505e-05 -1.6080257410067134e-05 1.0
6.433333396911621 1.3030412446823902e-05 -1.6657355445204303e-05 4.008036194136366e-05 -1.2055835213686805e-05 -7.833131348888855e-06 -1.2246339792909566e-05 1.0
6.4666666984558105 -1.1598884157137945e-05 -2.4960983864730224e-05 5.524061998585239e-05 -1.60404833877692e-05 -5.014243242840166e-07 -1.8784912754199468e-05 1.0
6.5 1.2272336789465044e-05 1.2858181435149163e-05 5.162740853847936e-05 -8.280853194264637e-07 -6.5689164330251515e-06 -2.119704549841117e-05 1.0
6.5333333015441895 3.2414413908554707e-06 -1.6191659597097896e-05 9.083089389605448e-05 -6.980404123169137e-06 -8.377513040613849e-06 -1.0852047125808895e-05 1.0
6.566666603088379 -8.327483556058723e-06 -2.2256168449530378e-05 5.579600838245824e-05 -1.040158804244129e-05 -1.5355244613601826e-06 -6.684562777081737e-06 1.0
6.599999904632568 3.8656995457131416e-05 -3.380026328159147e-06 2.3942851839819923e-05 -1.0525523066462483e-05 -1.7538330212119035e-05 -1.8703234673012048e-05 1.0
6.633333206176758 2.4855518859112635e-05 9.72263023868436e-06 7.909685518825427e-05 5.750076525146142e-06 -1.365829029964516e-05 -6.4966443460434675e-06 1.0
6.666666507720947 2.920546285167802e-05 -1.4893610568833537e-05 5.148252967046574e-05 -1.021185380523093e-05 -1.2296623026486486e-05 -1.2675435755227227e-05 1.0
6.699999809265137 1.3788297110295389e-05 3.9817168726585805e-06 7.119715155567974e-05 -5.029689305047214e-07 -1.1943265235458966e-05 -9.793073331820779e-06 1.0
6.733333110809326 1.2562823940243106e-05 -1.980548222491052e-05 6.198206392582506e-05 -1.0523907803872135e-05 -9.913031135511119e-06 -1.664307274040766e-05 1.0
6.766666889190674 1.5150136505326373e-06 -2.6233692551613785e-05 5.9629201132338494e-05 -1.702800545899663e-05 -3.6794126572203822e-06 -1.5626794265699573e-05 1.0
6.800000190734863 -5.186057023820467e-07 -6.182261813592049e-07 3.471916352282278e-05 -1.6447821735710022e-06 -1.5438255331901019e-06 -9.203745321428869e-06 1.0
6.833333492279053 1.8476599507266656e-05 2.9631498819071567e-06 5.744737427448854e-05 -1.208182879963715e-06 -7.3917290137615055e-06 -1.1653404726530425e-05 1.0
6.866666793823242 2.4236820536316372e-05 -1.013814198813634e-05 8.333680307259783e-05 -6.610790023842128e-06 -1.566978062328417e-05 -1.3267762369650882e-05 1.0
6.900000095367432 1.875662201200612e-05 2.1517922505154274e-05 5.277680975268595e-05 5.951984803687083e-06 -1.2126310139137786e-05 -1.3579076039604843e-05 1.0
6.933333396911621 6.115506039350294e-06 5.900908490730217e-06 8.280140173155814e-05 2.961384780064691e-06 -9.609748303773813e-06 -1.2741867067234125e-05 1.0
6.9666666984558105 1.752318894432392e-05 -4.882227585767396e-06 7.428248500218615e-05 -6.888126335979905e-06 -8.890054232324474e-06 -1.3165649761504028e-05 1.0
7.0 1.942342169058975e-05 -1.0679139450076036e-05 3.821579957730137e-05 -8.151781912602019e-06 -1.3195742212701589e-05 -1.844322105171159e-05 1.0
7.0333333015441895 2.093123475788161e-05 -1.542703216728114e-06 6.310141179710627e-05 -2.346514975215541e-06 -9.927764040185139e-06 -6.5936133069044445e-06 1.0
7.066666603088379 1.2971261639904696e-05 -2.4299128199345432e-05 9.229843999492005e-05 -8.433644325123169e-06 -9.23359675653046e-06 -1.0700611710490193e-05 1.0
7.099999904632568 2.1956371710984968e-05 -1.5956264178385027e-05 5.1570419600466266e-05 -1.4688242117699701e-05 -8.69411542225862e-06 -1.9276500097475946e-05 1.0
7.133333206176758 -5.498714017448947e-06 -2.6228597562294453e-05 5.649648664984852e-05 -1.747141322994139e-05 6.903962344040337e-07 -1.995354614336975e-05 1.0
7.166666507720947 3.827997716143727e-06 1.7081451005651616e-05 5.1516180974431336e-05 5.59647605768987e-06 -5.495593086379813e-06 -1.344873453490436e-05 1.0
7.199999809265137 1.4872985957481433e-05 -1.3716125977225602e-05 4.1566490835975856e-05 -9.859512829279993e-06 -9.170113116852008e-06 -1.227262691827491e-05 1.0
7.233333110809326 8.307883945235517e-06 -3.3053493098123e-05 4.736329719889909e-05 -2.3643162421649322e-05 -8.572745173296425e-06 -3.5503824619809166e-05 1.0
7.266666889190674 1.2205803614051547e-05 -6.967666195123456e-06 6.995111471042037e-05 -3.929736976715503e-06 -1.2813156899937894e-05 -1.2021085240121465e-05 1.0
7.300000190734863 1.8487580746295862e-05 -2.4294462491525337e-05 3.878607458318584e-05 -1.649230034672655e-05 -9.148257959168404e-06 -1.587858969287481e-05 1.0
7.333333492279053 6.3178949858411215e-06 1.1418297617638018e-05 4.473104127100669e-05 1.0014837243943475e-06 -4.082038685737643e-06 -1.9791346858255565e-05 1.0
7.366666793823242 2.5552548322593793e-05 -5.467927621793933e-06 4.216483284835704e-05 -3.539791578077711e-06 -1.0746361112978775e-05 -7.1842091529106256e-06 1.0
7.400000095367432 1.4210966583050322e-05 -5.027422048442531e-06 7.095095497788861e-05 -4.0120730773196556e-06 -8.193230314645916e-06 -7.788154107402079e-06 1.0
7.433333396911621 3.3162588806590065e-05 1.0402205589343794e-05 6.393634976120666e-05 4.874255409959005e-06 -1.5362020349130034e-05 -3.9969695535546634e-06 1.0
7.4666666984558105 1.952299317053985e-05 2.4345770270883804e-06 5.892766057513654e-05 -4.425940915098181e-06 -1.2243173841852695e-05 -1.738880564516876e-05 1.0
7.5 2.3759006580803543e-05 -4.1098069232248235e-06 3.37283818225842e-05 -6.900744665472303e-06 -1.3607152141048573e-05 -2.2736458049621433e-05 1.0
7.5333333015441895 1.5043082385091111e-05 3.0952828637964558e-06 2.8824550099670887e-05 -3.984487193520181e-06 -9.447477168578189e-06 -1.823574348236434e-05 1.0
7.566666603088379 5.213307304074988e-05 -1.0413938980491366e-05 3.809004192589782e-05 -8.555281056032982e-06 -2.2899543182575144e-05 -1.1694624845404178e-05 1.0
7.599999904632568 3.145984737784602e-05 -1.2852305189881008e-05 6.76681665936485e-05 -1.5756464563310146e-05 -1.4127002941677347e-05 -6.692218903481262e-06 1.0
7.633333206176758 6.243879397516139e-06 -3.2032507988333236e-06 8.643548062536865e-05 1.4590945340842154e-07 -7.326792456296971e-06 -2.536606871217373e-06 1.0
7.666666507720947 9.554747521178797e-06 -2.697439640542143e-06 4.4875188905280083e-05 -4.9472710088593885e-06 -9.049826076079626e-06 -1.896930371003691e-05 1.0
7.699999809265137 1.3547776688938029e-05 -7.150285455281846e-06 3.1336374377133325e-05 -8.739723853068426e-06 -9.725580639496911e-06 -2.1176205336814746e-05 1.0
7.733333110809326 -9.748692718858365e-06 -2.5674136850284413e-05 0.00010228434985037893 -9.566000699123833e-06 -2.218609552073758e-06 -3.010165528394282e-06 1.0
7.766666889190674 4.417099989950657e-05 4.68405642095604e-06 3.906619531335309e-05 -2.9087511848047143e-06 -2.0186385881970637e-05 -1.7065152860595845e-05 1.0
7.800000190734863 -4.615771558746928e-06 -5.14555267727701e-06 5.205011984799057e-05 -5.744626378145767e-06 -2.343084588574129e-06 -2.601976848382037e-05 1.0
7.833333492279053 1.5942669051582925e-05 -1.580911771270621e-06 6.364841101458296e-05 -1.4715099041495705e-06 -1.1382154298189562e-05 -2.3862194211687893e-06 1.0
7.866666793823242 1.2152882845839486e-05 2.0699262677226216e-05 0.00010007846867665648 8.659470040583983e-06 -9.900341865431983e-06 -1.1552960131666623e-05 1.0
7.900000095367432 2.060372571577318e-05 2.664230578375282e-07 8.94686600076966e-05 -3.731146080099279e-06 -1.100176632462535e-05 -8.387130947085097e-06 1.0
7.933333396911621 3.0497743864543736e-05 5.260789748717798e-06 0.0001041763971443288 -5.770458756160224e-06 -1.4520132936013397e-05 1.5696651871621725e-06 1.0
7.9666666984558105 -0.00046166343963705003 -0.0014946882147341967 0.0006756343645974994 -0.0023087235167622566 0.00019921938655897975 -0.00020204576139803976 0.9999973177909851
8.0 -0.0007333625690080225 -0.0026398783084005117 0.0013441520277410746 -0.0030635192524641752 0.0003336147638037801 -0.00047122029354795814 0.9999951720237732
8.033333778381348 -0.0005669230595231056 -0.002470034407451749 0.0008271542028523982 -0.002821447094902396 0.0002034208009717986 -0.0005292439018376172 0.9999958872795105
8.066666603088379 -0.0006624748348258436 -0.0028956267051398754 0.0006007463671267033 -0.0026387444231659174 0.000223405979340896 -0.0005733053549192846 0.9999963641166687
8.100000381469727 3.363801079103723e-05 -2.4090793885989115e-05 4.518957939581014e-05 -1.4522993296850473e-05 -1.3169994417694397e-05 -7.90032481745584e-06 1.0
8.133333206176758 1.0490070962987375e-05 -0.00013394647976383567 4.600883403327316e-05 -5.187019269214943e-05 -8.134645213431213e-06 -3.1506646337220445e-05 1.0
8.166666984558105 0.0001436005113646388 -0.00023902942484710366 -2.5633391487644985e-05 -0.00010943833331111819 -4.2711351852631196e-05 -6.30640861345455e-05 1.0
8.199999809265137 0.00038838890031911433 -0.00040503949276171625 -0.00012678418715950102 -0.00020085686992388219 -0.00010926600225502625 -6.0045425925636664e-05 1.0
8.233333587646484 0.000507199321873486 -0.0004988465807400644 -0.0002552119840402156 -0.00024136825231835246 -0.0001486276596551761 -8.604508184362203e-05 1.0
8.266666412353516 0.0005792668671347201 -0.0015800984110683203 -0.0002980832941830158 -0.0006402602884918451 -0.000165881312568672 -0.0002526496537029743 0.9999998211860657
8.300000190734863 0.0005357179907150567 -0.001447453978471458 -0.0002496829838491976 -0.000597360311076045 -0.00014871956955175847 -0.00025363321765325963 0.9999998211860657
8.333333015441895 0.0005752845318056643 -0.002166340360417962 -0.0004983363905921578 -0.0009188476833514869 -0.00020286059589125216 -0.0002956591488327831 0.9999995827674866
8.366666793823242 0.000612307689152658 -0.003003950696438551 -0.001025611418299377 -0.0012515727430582047 -0.0002959486155305058 -0.0003222707600798458 0.9999991655349731
8.399999618530273 0.001284354249946773 -0.003404666669666767 -0.0020508847665041685 -0.0005894770147278905 -0.0007114607724361122 0.0008387079578824341 0.9999992251396179
8.433333396911621 0.0012470148503780365 -0.002979662735015154 -0.0005509174079634249 -0.0005482093547470868 -0.0005234026466496289 0.0008978443220257759 0.9999992847442627
8.466666221618652 0.0013161607785150409 -0.003564999671652913 -0.0010934753809124231 -0.0015188803663477302 -0.0006671783630736172 -0.00028281743288971484 0.9999986290931702
8.5 0.001317600253969431 -0.0036733190063387156 -0.0021240361966192722 -0.0013919405173510313 -0.000803440110757947 -7.406443182844669e-05 0.9999987483024597
8.533333778381348 0.001408785698004067 -0.003371616592630744 -0.002275432925671339 -0.000552642741240561 -0.0008987465989775956 0.0009250313160009682 0.9999990463256836
8.566666603088379 0.0020746684167534113 -0.0029243011958897114 -0.0012251678854227066 -0.0011329104891046882 -0.001687541021965444 -0.00024600583128631115 0.9999979734420776
8.600000381469727 0.0008525164448656142 -0.0024877057876437902 -0.000341825041687116 -0.000994360656477511 -0.0015882833395153284 -0.0006555474828928709 0.9999980330467224
8.633333206176758 0.0008065575966611505 -0.004834356717765331 -8.307442476507276e-05 -0.0027442704886198044 -0.0017247587675228715 -0.00034221712849102914 0.999994695186615
8.666666984558105 0.001998782390728593 -0.001521287253126502 -0.0004491147701628506 -0.0007874940056353807 -0.006940588355064392 -0.0015291927848011255 0.9999744296073914
8.699999809265137 -0.002914043376222253 -0.0015757230576127768 0.0005932404310442507 -8.636262464278843e-06 -0.01576239988207817 -0.00433732382953167 0.9998663663864136
8.733333587646484 -0.003539781318977475 -0.001558399759232998 0.0005044649005867541 -0.0005377280758693814 -0.027668360620737076 -0.008474753238260746 0.9995810985565186
8.766666412353516 -0.005094972439110279 -0.0017771909479051828 -0.00018084695329889655 -0.0005545310559682548 -0.039464324712753296 -0.012995274737477303 0.9991363883018494
8.800000190734863 -0.006487340200692415 -0.0006878859712742269 -0.0007208891329355538 -8.166140469256788e-05 -0.049532242119312286 -0.01621836982667446 0.9986408948898315
8.833333015441895 -0.006908102426677942 -0.0005514239310286939 -0.000924082298297435 -0.00042544608004391193 -0.058098290115594864 -0.019231576472520828 0.9981254935264587
8.866666793823242 -0.009357930161058903 -0.001032442320138216 -0.0009043105528689921 -0.0005355210741981864 -0.0669519454240799 -0.022756490856409073 0.9974966049194336
8.899999618530273 -0.009988835081458092 -0.0010079981293529272 -0.0014326059026643634 -0.0006524415803141892 -0.07590332627296448 -0.025682928040623665 0.9967842102050781
8.933333396911621 -0.010155951604247093 -0.0007940884097479284 -0.0016392129473388195 -0.0006550585385411978 -0.08576258271932602 -0.029025383293628693 0.9958925843238831
8.966666221618652 -0.012536483816802502 -2.2685590010951273e-05 -0.002057459205389023 -0.0006143365171737969 -0.09805308282375336 -0.03347773477435112 0.994617760181427
9.0 -0.012745194137096405 -0.00023735928698442876 -0.0029897920321673155 -0.0010116096818819642 -0.11324463784694672 -0.038698114454746246 0.9928126931190491
9.033333778381348 -0.01573488861322403 -0.0004211026825942099 -0.004350773990154266 -0.0014234865084290504 -0.13154208660125732 -0.045298367738723755 0.9902741312980652
9.066666603088379 -0.018148373812437057 0.0008625791524536908 -0.004984291736036539 -0.001427926355972886 -0.1515427976846695 -0.05259329825639725 0.9870495200157166
9.100000381469727 -0.0178510919213295 0.000896905199624598 -0.005558759905397892 -0.0018851563800126314 -0.16797327995300293 -0.05821998044848442 0.9840690493583679
9.133333206176758 -0.019286999478936195 0.0007657489622943103 -0.006710886489599943 -0.0022692482452839613 -0.18028190732002258 -0.06269699335098267 0.9816121459007263
9.166666984558105 -0.01924453116953373 -0.00024770633899606764 -0.007367980200797319 -0.0031231422908604145 -0.19137436151504517 -0.06675185263156891 0.9792396426200867
9.199999809265137 -0.02019689790904522 0.0010367300128564239 -0.007702966220676899 -0.002881012624129653 -0.20118312537670135 -0.07019582390785217 0.9770310521125793
9.233333587646484 -0.020228087902069092 0.0006989522371441126 -0.008287559263408184 -0.0032390535343438387 -0.21154744923114777 -0.07391458004713058 0.9745634198188782
9.266666412353516 -0.021151918917894363 0.0014751912094652653 -0.009238322265446186 -0.0030105463229119778 -0.22263683378696442 -0.07805127650499344 0.9717673659324646
9.300000190734863 -0.02166859619319439 0.001026557176373899 -0.010467362590134144 -0.003571457928046584 -0.2333333045244217 -0.08191419392824173 0.9689338803291321
9.333333015441895 -0.021407410502433777 0.0024304711259901524 -0.010147308930754662 -0.0032786312513053417 -0.2450980246067047 -0.08599788695573807 0.9656710624694824
9.366666793823242 -0.02006796933710575 0.0020756819285452366 -0.010321022942662239 -0.0036006872542202473 -0.2576894760131836 -0.09049076586961746 0.9619743824005127
9.399999618530273 -0.021686621010303497 0.002954544499516487 -0.012182975187897682 -0.0033504485618323088 -0.2678198516368866 -0.09445647150278091 0.9588218927383423
9.433333396911621 -0.021908331662416458 0.002544121351093054 -0.013277309015393257 -0.0037856767885386944 -0.27766183018684387 -0.09796717762947083 0.9556631445884705
9.466666221618652 -0.021951859816908836 0.004079810809344053 -0.01419096626341343 -0.0034777831751853228 -0.2868122160434723 -0.1013161838054657 0.9526078104972839
9.5 -0.02023106999695301 0.003317907452583313 -0.014024874195456505 -0.003744418965652585 -0.2928096652030945 -0.10336317121982574 0.9505601525306702
9.533333778381348 -0.02198921889066696 0.00411395076662302 -0.015200452879071236 -0.003620805684477091 -0.29589393734931946 -0.1047571450471878 0.9494523406028748
9.566666603088379 -0.023400215432047844 0.0047479048371315 -0.016355792060494423 -0.0035485702101141214 -0.29940980672836304 -0.10631242394447327 0.9481765627861023
9.600000381469727 -0.02381208911538124 0.004891403950750828 -0.017175894230604172 -0.003505920758470893 -0.30250176787376404 -0.1073509007692337 0.947077751159668
9.633333206176758 -0.02408314310014248 0.005063194315880537 -0.01701076701283455 -0.003769458271563053 -0.3031700849533081 -0.10761865228414536 0.9468325972557068
9.666666984558105 -0.024484213441610336 0.004356011748313904 -0.016799062490463257 -0.0046923477202653885 -0.30279457569122314 -0.10780630260705948 0.9469272494316101
9.699999809265137 -0.024258047342300415 0.004879238549619913 -0.01694025658071041 -0.004055233672261238 -0.30258843302726746 -0.10813788324594498 0.9469583034515381
9.733333587646484 -0.02443535439670086 0.005056541413068771 -0.017366744577884674 -0.002918611979112029 -0.3021976053714752 -0.10882026702165604 0.9470091462135315
9.766666412353516 -0.024906283244490623 0.005551849026232958 -0.017618894577026367 -0.0029406144749373198 -0.30193406343460083 -0.10935651510953903 0.9470313191413879
9.800000190734863 -0.024676093831658363 0.0057047270238399506 -0.017311030998826027 -0.0028263248968869448 -0.30204126238822937 -0.10932573676109314 0.9470010995864868
9.833333015441895 -0.024586617946624756 0.005766062997281551 -0.01680677756667137 -0.002315369201824069 -0.30069029331207275 -0.10879560559988022 0.947493314743042
9.866666793823242 -0.023073501884937286 0.004963296465575695 -0.01410272903740406 -0.001738768070936203 -0.29564613103866577 -0.10702919214963913 0.9492813944816589
9.899999618530273 -0.023248182609677315 0.0038713854737579823 -0.011878207325935364 -0.0029255375266075134 -0.29048699140548706 -0.10540679842233658 0.9510511159896851
9.933333396911621 -0.024486133828759193 0.0033846450969576836 -0.010847258381545544 -0.003644590498879552 -0.28657838702201843 -0.10365565121173859 0.9524258971214294
9.966666221618652 -0.02594076283276081 0.004758985713124275 -0.01152997650206089 -0.0030888987239450216 -0.2852221131324768 -0.10347713530063629 0.952854335308075
10.0 -0.025830095633864403 0.004321166314184666 -0.011418486014008522 -0.0023667593486607075 -0.28490546345710754 -0.1036386638879776 0.9529335498809814
10.033333778381348 -0.02619178220629692 0.005203451495617628 -0.011030030436813831 -0.0015134969726204872 -0.28373998403549194 -0.10291346907615662 0.9533615112304688
10.066666603088379 -0.02675425074994564 0.005607333034276962 -0.010196907445788383 -0.00245851743966341 -0.2812577188014984 -0.10157082229852676 0.9542387127876282
10.100000381469727 -0.026931442320346832 0.0034178034402430058 -0.00784700270742178 -0.004056171048432589 -0.2806188762187958 -0.10157448053359985 0.9544209241867065
10.133333206176758 -0.026276063174009323 0.004450851120054722 -0.007694347761571407 -0.002436673967167735 -0.277880996465683 -0.10060275346040726 0.955329954624176
10.166666984558105 -0.02548796869814396 0.004585328511893749 -0.008529779501259327 -0.00011923326383111998 -0.27622756361961365 -0.10017379373311996 0.9558575749397278
10.199999809265137 -0.024975333362817764 0.0034850919619202614 -0.008617360144853592 -0.0008109885384328663 -0.27628329396247864 -0.09909185022115707 0.95595383644104
10.233333587646484 -0.02475035935640335 0.003223428037017584 -0.00820370763540268 -0.0014686486683785915 -0.276667058467865 -0.09841057658195496 0.9559124112129211
10.266666412353516 -0.024894986301660538 0.002207124838605523 -0.006808958016335964 -0.003256523050367832 -0.2782140076160431 -0.09889034926891327 0.9554094076156616
10.300000190734863 -0.025358110666275024 0.000552324578166008 -0.006415985524654388 -0.006300537846982479 -0.27988412976264954 -0.09956172853708267 0.9548364877700806
10.333333015441895 -0.02441534772515297 -0.002289640484377742 -0.005556903313845396 -0.011241640895605087 -0.28175345063209534 -0.09927519410848618 0.9542709589004517
10.366666793823242 -0.020989257842302322 -0.0061479597352445126 -0.0034534535370767117 -0.016032502055168152 -0.2868410050868988 -0.09756359457969666 0.9528623223304749
10.399999618530273 -0.015095392242074013 -0.00883364025503397 -0.002672432456165552 -0.017956817522644997 -0.2907540798187256 -0.09511812031269073 0.9518887996673584
10.433333396911621 -0.008744520135223866 -0.012303401716053486 -0.004523522686213255 -0.017033927142620087 -0.29295814037323 -0.09225370734930038 0.951511800289154
10.466666221618652 0.002768109552562237 -0.01867823861539364 -0.008855077438056469 -0.015609031543135643 -0.297561913728714 -0.0878516212105751 0.9505237340927124
10.5 0.011573994532227516 -0.026851311326026917 -0.012702838517725468 -0.013259312137961388 -0.3021959662437439 -0.08288834989070892 0.9495427012443542
10.533333778381348 0.019317053258419037 -0.03734857961535454 -0.018648609519004822 -0.010463538579642773 -0.3062918186187744 -0.07834681123495102 0.9486504793167114
10.566666603088379 0.02715642750263214 -0.04935523867607117 -0.02390749752521515 -0.008878239430487156 -0.31046560406684875 -0.07511657476425171 0.9475705027580261
10.600000381469727 0.029976587742567062 -0.0593249574303627 -0.030416805297136307 -0.008773015812039375 -0.31337109208106995 -0.07226933538913727 0.9468362331390381
10.633333206176758 0.03215120732784271 -0.07276780158281326 -0.03200720250606537 -0.01003237534314394 -0.31588834524154663 -0.07019802927970886 0.9461427927017212
10.666666984558105 0.037232477217912674 -0.1046796590089798 -0.040825050324201584 -0.013061736710369587 -0.31576961278915405 -0.0735969990491867 0.9458871483802795
10.699999809265137 0.0358826145529747 -0.12118992209434509 -0.04868493974208832 -0.01137449499219656 -0.3158423900604248 -0.07537873089313507 0.9457443356513977
10.733333587646484 0.03395801782608032 -0.13674557209014893 -0.058866336941719055 -0.0073760333471000195 -0.3160543441772461 -0.07814277708530426 0.9454888105392456
10.766666412353516 0.03075443021953106 -0.15142524242401123 -0.06761651486158371 -0.0029940565582364798 -0.31646236777305603 -0.08256905525922775 0.9450000524520874
10.800000190734863 0.024563511833548546 -0.16284896433353424 -0.0764884352684021 0.0007626605802215636 -0.31622710824012756 -0.08834175020456314 0.9445611238479614
10.833333015441895 0.015410391613841057 -0.17623916268348694 -0.08325527608394623 0.003012217814102769 -0.3153698444366455 -0.09491288661956787 0.9442057609558105
10.866666793823242 0.004262371454387903 -0.1898689866065979 -0.08926767110824585 0.0021019091363996267 -0.31391674280166626 -0.10007445514202118 0.9441593885421753
10.899999618530273 -0.006464552134275436 -0.201294407248497 -0.09027004987001419 -0.00024144348572008312 -0.3151291608810425 -0.1029546782374382 0.9434478282928467
10.933333396911621 -0.01594916358590126 -0.20801474153995514 -0.09150251001119614 -0.002261085668578744 -0.3178007900714874 -0.10383322089910507 0.9424521923065186
10.966666221618652 -0.027377048507332802 -0.2163085639476776 -0.09211207181215286 -0.003610751358792186 -0.3192751705646515 -0.10674716532230377 0.941623866558075
11.0 -0.040363211184740067 -0.2225673794746399 -0.09367808699607849 -0.00479729101061821 -0.3205382823944092 -0.11167769879102707 0.940617024898529
11.033333778381348 -0.0512051098048687 -0.2266257405281067 -0.0918244868516922 -0.006092811934649944 -0.3241344392299652 -0.11766207963228226 0.9386455416679382
11.066666603088379 -0.06520094722509384 -0.23064567148685455 -0.08847840130329132 -0.009717441163957119 -0.32440075278282166 -0.12347833812236786 0.9377754330635071
11.100000381469727 -0.08002246916294098 -0.23369476199150085 -0.08479994535446167 -0.012805825099349022 -0.32196566462516785 -0.12855024635791779 0.9378960728645325
11.133333206176758 -0.09430861473083496 -0.2366069108247757 -0.08122897148132324 -0.014790987595915794 -0.3216858506202698 -0.1320028007030487 0.9374832510948181
11.166666984558105 -0.10886053740978241 -0.23980577290058136 -0.07565562427043915 -0.017434895038604736 -0.3230533301830292 -0.13400126993656158 0.9366836547851562
11.199999809265137 -0.12178753316402435 -0.24304597079753876 -0.06999842822551727 -0.01984858699142933 -0.32400402426719666 -0.1341368854045868 0.9362878203392029
11.233333587646484 -0.13458563387393951 -0.24561503529548645 -0.06298799812793732 -0.02285468950867653 -0.3268957734107971 -0.13254277408123016 0.9354406595230103
11.266666412353516 -0.148248553276062 -0.24967342615127563 -0.056219182908535004 -0.027292398735880852 -0.32947367429733276 -0.13086892664432526 0.9346526265144348
11.300000190734863 -0.15690867602825165 -0.2514137327671051 -0.0491061694920063 -0.028966186568140984 -0.3311441242694855 -0.12886175513267517 0.9342907667160034
11.333333015441895 -0.16898570954799652 -0.2556593120098114 -0.04293224215507507 -0.031733907759189606 -0.3325783312320709 -0.12578456103801727 0.9341107606887817
11.366666793823242 -0.18268871307373047 -0.2612799108028412 -0.034719593822956085 -0.03489147871732712 -0.334027498960495 -0.12428999692201614 0.933681070804596
11.399999618530273 -0.18853509426116943 -0.26295074820518494 -0.028752649202942848 -0.03546576201915741 -0.3337900638580322 -0.12333861738443375 0.9338703751564026
11.433333396911621 -0.2003927379846573 -0.2669926583766937 -0.02377893403172493 -0.03429945558309555 -0.33256715536117554 -0.12215307354927063 0.9345058798789978
11.466666221618652 -0.21010828018188477 -0.27120208740234375 -0.019568419083952904 -0.032498955726623535 -0.332218736410141 -0.12156272679567337 0.9347711205482483
11.5 -0.2203637808561325 -0.27504652738571167 -0.015597015619277954 -0.03142738342285156 -0.33188116550445557 -0.12372042238712311 0.9346445798873901
11.533333778381348 -0.23212294280529022 -0.2793079912662506 -0.007448275573551655 -0.031330130994319916 -0.33143892884254456 -0.12818562984466553 0.9342029690742493
11.566666603088379 -0.24407869577407837 -0.2819233238697052 -0.0011245431378483772 -0.0326971635222435 -0.32936891913414 -0.13278023898601532 0.9342464208602905
11.600000381469727 -0.2553280293941498 -0.28368690609931946 0.006322595756500959 -0.0335756354033947 -0.32914718985557556 -0.13612280786037445 0.9338123202323914
11.633333206176758 -0.266900897026062 -0.28518497943878174 0.014088383875787258 -0.034515734761953354 -0.3306519091129303 -0.13736304640769958 0.9330644607543945
11.666666984558105 -0.27697739005088806 -0.2855333983898163 0.022156517952680588 -0.03699630871415138 -0.3327690660953522 -0.1371317058801651 0.932250440120697
11.699999809265137 -0.286652535200119 -0.2851788103580475 0.03149300068616867 -0.040483519434928894 -0.33403822779655457 -0.13589471578598022 0.9318327307701111
11.733333587646484 -0.2978046238422394 -0.2841152548789978 0.043318890035152435 -0.04521440714597702 -0.335438996553421 -0.13488849997520447 0.931257963180542
11.766666412353516 -0.30367282032966614 -0.28238531947135925 0.0523616224527359 -0.04996363818645477 -0.3364458978176117 -0.1341666430234909 0.9307562112808228
11.800000190734863 -0.3115273118019104 -0.2802744209766388 0.06267035752534866 -0.05466281250119209 -0.33741825819015503 -0.13393592834472656 0.9301732182502747
11.833333015441895 -0.3186732530593872 -0.276485413312912 0.0730513259768486 -0.05870547145605087 -0.3393929600715637 -0.13466809689998627 0.9291021227836609
11.866666793823242 -0.326097697019577 -0.27379992604255676 0.08047700673341751 -0.06227973848581314 -0.3396448791027069 -0.13658197224140167 0.9284977316856384
11.899999618530273 -0.334009051322937 -0.2700366675853729 0.08599024266004562 -0.06506364792585373 -0.33818960189819336 -0.14001962542533875 0.9283259510993958
11.933333396911621 -0.3459918200969696 -0.26440462470054626 0.09342076629400253 -0.06548985838890076 -0.33619943261146545 -0.1461656540632248 0.9280715584754944
11.966666221618652 -0.35526227951049805 -0.26048919558525085 0.09638854116201401 -0.06685913354158401 -0.3344263434410095 -0.15270689129829407 0.9275611042976379
12.0 -0.3681635558605194 -0.2547515332698822 0.10234742611646652 -0.06787507236003876 -0.3354267179965973 -0.1589956134557724 0.9260682463645935
12.033333778381348 -0.3779117166996002 -0.2512354254722595 0.10664418339729309 -0.06868481636047363 -0.33708488941192627 -0.16508561372756958 0.924339234828949
12.066666603088379 -0.3850020170211792 -0.2473810762166977 0.11030548065900803 -0.06897436082363129 -0.3371937572956085 -0.16920383274555206 0.9235328435897827
12.100000381469727 -0.39402300119400024 -0.24325768649578094 0.11242926865816116 -0.0697292760014534 -0.33842355012893677 -0.17198698222637177 0.922511637210846
12.133333206176758 -0.4008539021015167 -0.2399628460407257 0.11498843133449554 -0.07064554840326309 -0.34126418828964233 -0.17458321154117584 0.9209064841270447
12.166666984558105 -0.407459557056427 -0.2357383519411087 0.11742677539587021 -0.07182933390140533 -0.34345492720603943 -0.1763850450515747 0.9196562170982361
12.199999809265137 -0.4131496548652649 -0.23243026435375214 0.1220172867178917 -0.07344172894954681 -0.3456399142742157 -0.17811475694179535 0.9183759689331055
12.233333587646484 -0.41812410950660706 -0.23026661574840546 0.12595687806606293 -0.07401387393474579 -0.3437942862510681 -0.18044231832027435 0.91856849193573
12.266666412353516 -0.4235815703868866 -0.2282705307006836 0.12720061838626862 -0.07353823632001877 -0.3398457169532776 -0.18232156336307526 0.9197043180465698
12.300000190734863 -0.42806926369667053 -0.22679434716701508 0.12917207181453705 -0.0739227682352066 -0.33866584300994873 -0.18351136147975922 0.9198719263076782
12.333333015441895 -0.43122750520706177 -0.22651031613349915 0.1305382251739502 -0.0736767128109932 -0.3378285765647888 -0.18466466665267944 0.9199687838554382
12.366666793823242 -0.43259283900260925 -0.22611300647258759 0.13180287182331085 -0.07137265056371689 -0.33811068534851074 -0.18558548390865326 0.9198614954948425
12.399999618530273 -0.432407021522522 -0.2259415090084076 0.13172011077404022 -0.06861520558595657 -0.3372599482536316 -0.18658415973186493 0.9201815724372864
12.433333396911621 -0.4341227412223816 -0.22494545578956604 0.13315199315547943 -0.06711795181035995 -0.33575576543807983 -0.18823941051959991 0.9205048680305481
12.466666221618652 -0.43462124466896057 -0.22492630779743195 0.1339951902627945 -0.06706679612398148 -0.3353974223136902 -0.18972136080265045 0.9203349351882935
12.5 -0.4368319511413574 -0.2241799682378769 0.1369326263666153 -0.06858820468187332 -0.3356161415576935 -0.18997688591480255 0.9200903177261353
12.533333778381348 -0.43955737352371216 -0.22328642010688782 0.13869521021842957 -0.07042597234249115 -0.33631399273872375 -0.18894600868225098 0.9199089407920837
12.566666603088379 -0.44075122475624084 -0.22273965179920197 0.1405762881040573 -0.07163658738136292 -0.338168203830719 -0.1879747062921524 0.9193344712257385
12.600000381469727 -0.4424556791782379 -0.22183582186698914 0.14182761311531067 -0.07272642850875854 -0.33893856406211853 -0.18760332465171814 0.919041097164154
12.633333206176758 -0.44347426295280457 -0.2205324023962021 0.1444096565246582 -0.07410689443349838 -0.3393253684043884 -0.18719223141670227 0.9188719987869263
12.666666984558105 -0.4443392753601074 -0.21802960336208344 0.14739225804805756 -0.07540765404701233 -0.3406660854816437 -0.18724380433559418 0.91825932264328
12.699999809265137 -0.4446023404598236 -0.2154024988412857 0.1493421494960785 -0.07647140324115753 -0.34176477789878845 -0.18794472515583038 0.9176195859909058
12.733333587646484 -0.44500020146369934 -0.2126510590314865 0.15119948983192444 -0.0787697434425354 -0.34262940287590027 -0.18855556845664978 0.9169772267341614
12.766666412353516 -0.4453568160533905 -0.21094496548175812 0.15382041037082672 -0.08108681440353394 -0.3437967598438263 -0.189348042011261 0.9161746501922607
12.800000190734863 -0.446076899766922 -0.20782198011875153 0.15353533625602722 -0.08066156506538391 -0.344424307346344 -0.18982023000717163 0.9158787131309509
12.833333015441895 -0.44547557830810547 -0.20754626393318176 0.15412335097789764 -0.08184205740690231 -0.3457048535346985 -0.18990881741046906 0.9152729511260986
12.866666793823242 -0.44440189003944397 -0.2072768211364746 0.15465696156024933 -0.08258268237113953 -0.3465230166912079 -0.1897122710943222 0.9149377942085266
12.899999618530273 -0.44464272260665894 -0.20506323873996735 0.15470929443836212 -0.08199218660593033 -0.34683018922805786 -0.1892084926366806 0.9149788618087769
12.933333396911621 -0.44427168369293213 -0.20447498559951782 0.15606160461902618 -0.08299349993467331 -0.3472374975681305 -0.18894538283348083 0.9147884845733643
12.966666221618652 -0.44398197531700134 -0.20329250395298004 0.1559552401304245 -0.08344647288322449 -0.3461015224456787 -0.18873044848442078 0.9152219295501709
13.0 -0.44338199496269226 -0.20259015262126923 0.15617461502552032 -0.08341396600008011 -0.3458905518054962 -0.18837900459766388 0.915377140045166
13.033333778381348 -0.442429780960083 -0.20181943476200104 0.15592379868030548 -0.08272704482078552 -0.3457913100719452 -0.1882530003786087 0.9155029058456421
13.066666603088379 -0.44221359491348267 -0.20242840051651 0.1565406620502472 -0.08261709660291672 -0.3460257053375244 -0.18876908719539642 0.9153178930282593
13.100000381469727 -0.44305920600891113 -0.20154254138469696 0.156996950507164 -0.08162810653448105 -0.34552788734436035 -0.18980377912521362 0.9153807163238525
13.133333206176758 -0.44423407316207886 -0.20136390626430511 0.15732254087924957 -0.0815381109714508 -0.34420013427734375 -0.19148893654346466 0.91553795337677
13.166666984558105 -0.4457234740257263 -0.20095661282539368 0.1568799465894699 -0.08069432526826859 -0.3431360125541687 -0.1928316354751587 0.915730357170105
13.199999809265137 -0.44547173380851746 -0.2008478343486786 0.1545260101556778 -0.07937701791524887 -0.34308937191963196 -0.19333107769489288 0.9157575964927673
13.233333587646484 -0.4450407922267914 -0.20131318271160126 0.1544860601425171 -0.07955492287874222 -0.3442337214946747 -0.1933881789445877 0.9153006672859192
13.266666412353516 -0.4443401098251343 -0.20041131973266602 0.15381604433059692 -0.08010859042406082 -0.34369152784347534 -0.19295422732830048 0.9155476689338684
13.300000190734863 -0.4433577060699463 -0.19876383244991302 0.1518406867980957 -0.08040282130241394 -0.3407484292984009 -0.19326139986515045 0.9165565967559814
13.333333015441895 -0.440360963344574 -0.19742156565189362 0.14859052002429962 -0.0789891928434372 -0.3358728587627411 -0.19399170577526093 0.9183230996131897
13.366666793823242 -0.43464013934135437 -0.19773054122924805 0.1432972550392151 -0.07840137183666229 -0.3322184979915619 -0.19428172707557678 0.9196405410766602
13.399999618530273 -0.42881080508232117 -0.19670741260051727 0.13699106872081757 -0.07680711895227432 -0.3316746950149536 -0.1962897926568985 0.9195449352264404
13.433333396911621 -0.42100000381469727 -0.198231503367424 0.12909093499183655 -0.07504211366176605 -0.3295651078224182 -0.19952987134456635 0.9197518825531006
13.466666221618652 -0.4132748544216156 -0.19746136665344238 0.11929477006196976 -0.07110624760389328 -0.32659444212913513 -0.2006489485502243 0.9208800196647644
13.5 -0.4029290974140167 -0.2003430277109146 0.11001395434141159 -0.06871054321527481 -0.3264808654785156 -0.19965781271457672 0.921317458152771
13.533333778381348 -0.3895695209503174 -0.20511116087436676 0.10099409520626068 -0.06707695126533508 -0.32713446021080017 -0.19823306798934937 0.9215136170387268
13.566666603088379 -0.3763224482536316 -0.20909124612808228 0.09329092502593994 -0.0656023919582367 -0.32577142119407654 -0.19662237167358398 0.9224473237991333
13.600000381469727 -0.3612661063671112 -0.21494118869304657 0.08747142553329468 -0.06487740576267242 -0.3238328695297241 -0.1949351727962494 0.9235386252403259
13.633333206176758 -0.34645792841911316 -0.22062377631664276 0.07962112873792648 -0.0633421316742897 -0.32048070430755615 -0.19306722283363342 0.9252053499221802
13.666666984558105 -0.3330628573894501 -0.22430698573589325 0.07270345091819763 -0.061764854937791824 -0.3175381124019623 -0.19126087427139282 0.9267005920410156
13.699999809265137 -0.3173155188560486 -0.22934231162071228 0.06794024258852005 -0.061589717864990234 -0.31703948974609375 -0.1884649395942688 0.927455484867096
13.733333587646484 -0.30057260394096375 -0.23381491005420685 0.06207161769270897 -0.06195154786109924 -0.3167692720890045 -0.1860259622335434 0.928015947341919
13.766666412353516 -0.2861751317977905 -0.23552656173706055 0.05182448774576187 -0.061442792415618896 -0.3146221339702606 -0.18387581408023834 0.929207980632782
13.800000190734863 -0.2716604471206665 -0.2380257397890091 0.04545212164521217 -0.0614030584692955 -0.31401246786117554 -0.18160127103328705 0.9298639297485352
13.833333015441895 -0.25548386573791504 -0.24120275676250458 0.04060296341776848 -0.06058570742607117 -0.313516229391098 -0.17911921441555023 0.9305660724639893
13.866666793823242 -0.24080191552639008 -0.24376524984836578 0.035212136805057526 -0.05977822467684746 -0.3132005035877228 -0.17786093056201935 0.9309659600257874
13.899999618530273 -0.22681255638599396 -0.24612273275852203 0.028955014422535896 -0.05866686627268791 -0.31185609102249146 -0.17894531786441803 0.9312801361083984
13.933333396911621 -0.21536372601985931 -0.24876993894577026 0.023411856964230537 -0.05833190679550171 -0.3102489411830902 -0.18084539473056793 0.9314708113670349
13.966666221618652 -0.20372706651687622 -0.25207024812698364 0.019632598385214806 -0.05812067538499832 -0.3087393343448639 -0.18264836072921753 0.9316338300704956
14.0 -0.19259847700595856 -0.25645971298217773 0.016869010403752327 -0.058126188814640045 -0.3076705038547516 -0.18590404093265533 0.931343138217926
14.033333778381348 -0.1816515326499939 -0.2601292133331299 0.010368493385612965 -0.0585891418159008 -0.3069072961807251 -0.1888449341058731 0.9309741854667664
14.066666603088379 -0.1689186692237854 -0.2662777900695801 0.009250959381461143 -0.058073386549949646 -0.3068476915359497 -0.1866830736398697 0.9314619302749634
14.100000381469727 -0.15447869896888733 -0.2732468843460083 0.0079334182664752 -0.05690862983465195 -0.3041042685508728 -0.18419292569160461 0.932928204536438
14.133333206176758 -0.14197519421577454 -0.2820502817630768 0.0075589376501739025 -0.05868742614984512 -0.30178001523017883 -0.18360456824302673 0.9336884021759033
14.166666984558105 -0.1252777874469757 -0.29315194487571716 0.01460316963493824 -0.062273669987916946 -0.30107060074806213 -0.17836527526378632 0.9347001910209656
14.199999809265137 -0.10779827833175659 -0.30631351470947266 0.021708879619836807 -0.06446252763271332 -0.29558947682380676 -0.16680365800857544 0.938428521156311
14.233333587646484 -0.0881771668791771 -0.31954100728034973 0.030676700174808502 -0.0640048161149025 -0.2882342040538788 -0.15409138798713684 0.9429106116294861
14.266666412353516 -0.06389164924621582 -0.3346922993659973 0.039958201348781586 -0.06107821315526962 -0.284193754196167 -0.14479076862335205 0.94580078125
14.300000190734863 -0.04296233132481575 -0.35077232122421265 0.04719789698719978 -0.058345574885606766 -0.2804325222969055 -0.13675983250141144 0.948288083076477
14.333333015441895 -0.026823852211236954 -0.3637186586856842 0.05519616976380348 -0.05470249429345131 -0.2749249339103699 -0.13075266778469086 0.9509615302085876
14.366666793823242 -0.011263575404882431 -0.3768550753593445 0.06386081874370575 -0.05152268335223198 -0.26889458298683167 -0.1267317831516266 0.9534044861793518
14.399999618530273 0.003515622578561306 -0.38894495368003845 0.07133933901786804 -0.048380978405475616 -0.2632606625556946 -0.12251458317041397 0.9556899666786194
14.433333396911621 0.0150986909866333 -0.39883509278297424 0.07850652933120728 -0.046492766588926315 -0.26024293899536133 -0.11817651242017746 0.9571553468704224
14.466666221618652 0.028424562886357307 -0.41029971837997437 0.08734317123889923 -0.04663719981908798 -0.25889307260513306 -0.11568383872509003 0.9578186869621277
14.5 0.0367460660636425 -0.4157555401325226 0.09500012546777725 -0.04548019915819168 -0.25446152687072754 -0.11370644718408585 0.9592974781990051
14.533333778381348 0.05032118782401085 -0.4269726276397705 0.10652558505535126 -0.04843200743198395 -0.25356584787368774 -0.11069371551275253 0.959742546081543
14.566666603088379 0.05737408995628357 -0.43067193031311035 0.11871159076690674 -0.04977100342512131 -0.25266188383102417 -0.10871348530054092 0.9601386785507202
14.600000381469727 0.0649493858218193 -0.43349966406822205 0.12977132201194763 -0.05194396525621414 -0.24946625530719757 -0.10716556012630463 0.9610328078269958
14.633333206176758 0.0729270875453949 -0.43699294328689575 0.14178350567817688 -0.05395698919892311 -0.2453816831111908 -0.10706117004156113 0.9619845747947693
14.666666984558105 0.0829559713602066 -0.44032666087150574 0.1516777127981186 -0.05484830215573311 -0.24264171719551086 -0.1063634529709816 0.9627063870429993
14.699999809265137 0.09062830358743668 -0.4427829384803772 0.16172222793102264 -0.05488455668091774 -0.23950886726379395 -0.10489275306463242 0.9636496901512146
14.733333587646484 0.0987313836812973 -0.4456995129585266 0.17229889333248138 -0.055131684988737106 -0.23783080279827118 -0.10362232476472855 0.9641885161399841
14.766666412353516 0.10560977458953857 -0.44856953620910645 0.18307392299175262 -0.054710812866687775 -0.23745031654834747 -0.10172399878501892 0.9645084142684937
14.800000190734863 0.11239971965551376 -0.4519632160663605 0.19475266337394714 -0.05477556958794594 -0.2389068454504013 -0.09821539372205734 0.9645087122917175
14.833333015441895 0.11298885941505432 -0.4505399763584137 0.2053719162940979 -0.05264517292380333 -0.2385728657245636 -0.0951918438076973 0.9650129675865173
14.866666793823242 0.11433107405900955 -0.45210951566696167 0.21843507885932922 -0.052952319383621216 -0.23971393704414368 -0.09228859096765518 0.9649954438209534
14.899999618530273 0.11451757699251175 -0.45440906286239624 0.23247399926185608 -0.05410284548997879 -0.24109871685504913 -0.09058123081922531 0.9647483229637146
14.933333396911621 0.10868914425373077 -0.45313361287117004 0.24632756412029266 -0.05548057705163956 -0.24159489572048187 -0.08993016183376312 0.9646068811416626
14.966666221618652 0.10093533992767334 -0.4524705111980438 0.2601345181465149 -0.059496115893125534 -0.24315741658210754 -0.09080624580383301 0.9638925790786743
15.0 0.09400639683008194 -0.450970321893692 0.2747468054294586 -0.06476062536239624 -0.24522961676120758 -0.09310709685087204 0.9628081917762756
15.033333778381348 0.08497191965579987 -0.447994202375412 0.2858400344848633 -0.06841546297073364 -0.24410095810890198 -0.09495235979557037 0.9626619815826416
15.066666603088379 0.07555551826953888 -0.4441698491573334 0.29463446140289307 -0.0705409124493599 -0.24439875781536102 -0.09642624109983444 0.9622864723205566
15.100000381469727 0.0678526759147644 -0.44049063324928284 0.30271613597869873 -0.07177181541919708 -0.24766622483730316 -0.09721298515796661 0.9612802863121033
15.133333206176758 0.0596872977912426 -0.4364778995513916 0.31148624420166016 -0.07212041318416595 -0.25244852900505066 -0.09692985564470291 0.9600380063056946
15.166666984558105 0.053432878106832504 -0.43244752287864685 0.31806713342666626 -0.07222194969654083 -0.25905337929725647 -0.09706775844097137 0.9582552909851074
15.199999809265137 0.044192612171173096 -0.43041929602622986 0.3223224878311157 -0.07409108430147171 -0.2613585293292999 -0.09774491935968399 0.9574174284934998
15.233333587646484 0.03265921771526337 -0.4261488914489746 0.32313546538352966 -0.07525471597909927 -0.26017192006111145 -0.09866040199995041 0.9575560092926025
15.266666412353516 0.024190470576286316 -0.4241347014904022 0.32843896746635437 -0.0775318369269371 -0.2616758346557617 -0.1001628190279007 0.9568082690238953
15.300000190734863 0.013460639864206314 -0.4204641878604889 0.33415964245796204 -0.07920191437005997 -0.26107320189476013 -0.1030101552605629 0.9565337300300598
15.333333015441895 0.0027440758422017097 -0.41607099771499634 0.33916860818862915 -0.07980559021234512 -0.2600023150444031 -0.10625384747982025 0.956420361995697
15.366666793823242 -0.005575211253017187 -0.4126838743686676 0.34318074584007263 -0.07908564060926437 -0.2569708228111267 -0.1078394427895546 0.9571217894554138
15.399999618530273 -0.012990372255444527 -0.4091401994228363 0.34688279032707214 -0.07683666795492172 -0.2521522045135498 -0.10792067646980286 0.9585763216018677
15.433333396911621 -0.02145766094326973 -0.4046114981174469 0.35082903504371643 -0.07568997144699097 -0.2522636353969574 -0.10702477395534515 0.9587386846542358
15.466666221618652 -0.031443044543266296 -0.3997831344604492 0.3565268814563751 -0.07712555676698685 -0.25593769550323486 -0.10623499751091003 0.9577378034591675
15.5 -0.039450690150260925 -0.3955078721046448 0.36266154050827026 -0.08036703616380692 -0.2572959363460541 -0.1075572520494461 0.9569594860076904
15.533333778381348 -0.048030465841293335 -0.39054298400878906 0.3692781329154968 -0.08397253602743149 -0.2547818124294281 -0.11163372546434402 0.9568556547164917
15.566666603088379 -0.055235546082258224 -0.3840484321117401 0.3758859634399414 -0.08575145900249481 -0.2506197392940521 -0.11520405113697052 0.9573737382888794
15.600000381469727 -0.0645323246717453 -0.3759113550186157 0.3827500343322754 -0.08735096454620361 -0.24657942354679108 -0.11850866675376892 0.9578747749328613
15.633333206176758 -0.06925320625305176 -0.37160661816596985 0.3870373070240021 -0.09049618989229202 -0.2456521987915039 -0.12122757732868195 0.9574807286262512
15.666666984558105 -0.07279308140277863 -0.36727601289749146 0.3934612572193146 -0.09309151768684387 -0.24737487733364105 -0.12073621898889542 0.9568502902984619
15.699999809265137 -0.07684548944234848 -0.3622502386569977 0.3987601101398468 -0.09669619798660278 -0.25059884786605835 -0.11984757333993912 0.9557649493217468
15.733333587646484 -0.08080530166625977 -0.3565974533557892 0.40421631932258606 -0.10066244006156921 -0.2539047300815582 -0.11878305673599243 0.9546151757240295
15.766666412353516 -0.08390473574399948 -0.34986430406570435 0.40963852405548096 -0.1030564233660698 -0.25549745559692383 -0.11907368898391724 0.9538982510566711
15.800000190734863 -0.088270403444767 -0.3427368998527527 0.4155106246471405 -0.10678864270448685 -0.2568972110748291 -0.11962073296308517 0.9530430436134338
15.833333015441895 -0.09305611997842789 -0.3365078866481781 0.4211200475692749 -0.11044730991125107 -0.2575896382331848 -0.12156215310096741 0.9521931409835815
15.866666793823242 -0.09759315103292465 -0.3306105136871338 0.4252379834651947 -0.1124408096075058 -0.2574657201766968 -0.12359599024057388 0.9517313241958618
15.899999618530273 -0.1018010750412941 -0.3240891695022583 0.4299645721912384 -0.1141464039683342 -0.25853171944618225 -0.12492819130420685 0.9510651230812073
15.933333396911621 -0.10598812252283096 -0.31835925579071045 0.4337093234062195 -0.11577243357896805 -0.2597479522228241 -0.12565554678440094 0.9504412412643433
15.966666221618652 -0.1095060333609581 -0.3132597804069519 0.43641966581344604 -0.116737000644207 -0.26013338565826416 -0.12609243392944336 0.9501599073410034
16.0 -0.11128206551074982 -0.30815088748931885 0.43813759088516235 -0.11648276448249817 -0.2613360583782196 -0.12574787437915802 0.9499066472053528
16.03333282470703 -0.11211536079645157 -0.3053332567214966 0.43940621614456177 -0.11622698605060577 -0.2613880932331085 -0.1257592886686325 0.9499221444129944
16.066667556762695 -0.11230047047138214 -0.3028154969215393 0.4389388859272003 -0.11442707479000092 -0.258171409368515 -0.12536032497882843 0.9510724544525146
16.100000381469727 -0.11157794296741486 -0.2992895543575287 0.4382207691669464 -0.11234176158905029 -0.2563922703266144 -0.1245100200176239 0.9519137144088745
16.133333206176758 -0.11061512678861618 -0.2986931800842285 0.437785804271698 -0.1140873059630394 -0.25748226046562195 -0.12441113591194153 0.9514247179031372
16.16666603088379 -0.10873883217573166 -0.29838186502456665 0.43766966462135315 -0.1153305321931839 -0.2570571005344391 -0.12513446807861328 0.9512948393821716
16.200000762939453 -0.10703863203525543 -0.29378050565719604 0.43627825379371643 -0.11343257874250412 -0.25323039293289185 -0.12686514854431152 0.9523196816444397
16.233333587646484 -0.10473936796188354 -0.292728990316391 0.43350768089294434 -0.11361277103424072 -0.2502484619617462 -0.12887005507946014 0.9528170228004456
16.266666412353516 -0.1011279746890068 -0.29062843322753906 0.4279385805130005 -0.11181878298521042 -0.24811552464962006 -0.13127149641513824 0.9532592296600342
16.299999237060547 -0.0951990932226181 -0.2914668321609497 0.4213475286960602 -0.1095103919506073 -0.2463771104812622 -0.13422729074954987 0.9535663723945618
16.33333396911621 -0.08751910924911499 -0.2918490767478943 0.4121858477592468 -0.10366497933864594 -0.24402731657028198 -0.13468502461910248 0.9547587633132935
16.366666793823242 -0.07839388400316238 -0.29604971408843994 0.40157657861709595 -0.09883727133274078 -0.2429540455341339 -0.1319640576839447 0.9559236764907837
16.399999618530273 -0.06683720648288727 -0.30063432455062866 0.3894026279449463 -0.09291858226060867 -0.24275411665439606 -0.1269199699163437 0.9572502374649048
16.433332443237305 -0.055052533745765686 -0.305206298828125 0.37858709692955017 -0.08715841174125671 -0.24119921028614044 -0.12069079279899597 0.9589892029762268
16.46666717529297 -0.04010354354977608 -0.30176183581352234 0.3659559488296509 -0.07767114043235779 -0.23656421899795532 -0.11121911555528641 0.9620992541313171
16.5 -0.022995252162218094 -0.30350127816200256 0.35136762261390686 -0.07140231132507324 -0.22902563214302063 -0.10253077745437622 0.9653686285018921
16.53333282470703 -0.007301769685000181 -0.30655989050865173 0.3381955623626709 -0.066738061606884 -0.2204858958721161 -0.09658119082450867 0.9682995676994324
16.566667556762695 0.010376072488725185 -0.3091547191143036 0.3248571455478668 -0.06288403272628784 -0.21146102249622345 -0.09127940237522125 0.9710807800292969
16.600000381469727 0.02882855199277401 -0.3103785514831543 0.3071463406085968 -0.05942710116505623 -0.20241674780845642 -0.08430340141057968 0.9738525748252869
16.633333206176758 0.049665436148643494 -0.3120245039463043 0.2877900302410126 -0.054968226701021194 -0.19643111526966095 -0.0779583528637886 0.9758667349815369
16.66666603088379 0.0700099989771843 -0.31260764598846436 0.2699332535266876 -0.0504838190972805 -0.19233539700508118 -0.07039106637239456 0.9774986505508423
16.700000762939453 0.08917350322008133 -0.3133928179740906 0.2502560615539551 -0.04629909247159958 -0.18832449615001678 -0.06468874216079712 0.9788798093795776
16.733333587646484 0.10935267060995102 -0.31435561180114746 0.2323381006717682 -0.043584831058979034 -0.18421462178230286 -0.05935482680797577 0.9801236391067505
16.766666412353516 0.12920595705509186 -0.3158707022666931 0.2133806049823761 -0.04239068925380707 -0.17768801748752594 -0.05316103249788284 0.9817351698875427
16.799999237060547 0.14866186678409576 -0.31606167554855347 0.19125908613204956 -0.039177946746349335 -0.17265667021274567 -0.04652814567089081 0.9831022024154663
16.83333396911621 0.16426484286785126 -0.31801557540893555 0.17128823697566986 -0.03593792766332626 -0.1684577763080597 -0.04194699972867966 0.9841600060462952
16.866666793823242 0.17971590161323547 -0.3197263181209564 0.15171533823013306 -0.032378870993852615 -0.16171349585056305 -0.038181643933057785 0.9855671525001526
16.899999618530273 0.19882935285568237 -0.3216841518878937 0.13252638280391693 -0.027385544031858444 -0.15494394302368164 -0.03482184559106827 0.9869295954704285
16.933332443237305 0.21453331410884857 -0.32288506627082825 0.11361955106258392 -0.02272690087556839 -0.1501835286617279 -0.032007522881031036 0.9878785610198975
16.96666717529297 0.22666725516319275 -0.3254527151584625 0.0966717004776001 -0.020775647833943367 -0.14630509912967682 -0.030942251905798912 0.9885372519493103
17.0 0.23867876827716827 -0.32513904571533203 0.0800199806690216 -0.017294107005000114 -0.14147675037384033 -0.030556695535779 0.9893187284469604
17.03333282470703 0.2503160834312439 -0.3244565427303314 0.06418415904045105 -0.014098635874688625 -0.13644804060459137 -0.0300764087587595 0.9900901913642883
17.066667556762695 0.2577660083770752 -0.32349321246147156 0.047737788408994675 -0.012586377561092377 -0.13225199282169342 -0.02912970818579197 0.99070805311203
17.100000381469727 0.2607502341270447 -0.32453951239585876 0.03555559739470482 -0.011283988133072853 -0.13051196932792664 -0.03097967430949211 0.9908983707427979
17.133333206176758 0.27144578099250793 -0.3212920129299164 0.022749220952391624 -0.006389165297150612 -0.13015161454677582 -0.033909011632204056 0.9908934831619263
17.16666603088379 0.2811472713947296 -0.31612837314605713 0.012571948580443859 -0.0020990062039345503 -0.12698228657245636 -0.03437773883342743 0.9913069009780884
17.200000762939453 0.2889716625213623 -0.31293049454689026 0.004743867088109255 -0.0003861751756630838 -0.12571822106838226 -0.03497651219367981 0.9914491176605225
17.233333587646484 0.293724924325943 -0.3090812563896179 0.0004555333580356091 -0.0005076771485619247 -0.1244974359869957 -0.035549283027648926 0.9915828108787537
17.266666412353516 0.2980578541755676 -0.3029411733150482 -0.002251490717753768 -0.0015032377559691668 -0.12305885553359985 -0.03589021414518356 0.991749107837677
17.299999237060547 0.3032117486000061 -0.29832136631011963 -0.0007587794680148363 -0.0030226693488657475 -0.12290119379758835 -0.03690502792596817 0.9917279481887817
17.33333396911621 0.30804896354675293 -0.2947894334793091 0.0016325719188898802 -0.004785940051078796 -0.11950697749853134 -0.036678969860076904 0.9921441078186035
17.366666793823242 0.3130432665348053 -0.293241947889328 0.0052649229764938354 -0.006279038265347481 -0.115564726293087 -0.034639764577150345 0.9926759600639343
17.399999618530273 0.3176781237125397 -0.29447758197784424 0.005597422365099192 -0.0076336427591741085 -0.10885357856750488 -0.031087877228856087 0.9935422539710999
17.433332443237305 0.32573485374450684 -0.29678258299827576 0.009585603140294552 -0.007417120039463043 -0.09911870956420898 -0.027298880741000175 0.9946734309196472
17.46666717529297 0.333952397108078 -0.30385664105415344 0.01283883024007082 -0.010083136148750782 -0.08435557037591934 -0.024841660633683205 0.9960750341415405
17.5 0.34642019867897034 -0.30873772501945496 0.02003491297364235 -0.01651846058666706 -0.06931991130113602 -0.023581871762871742 0.9971789121627808
17.53333282470703 0.35878443717956543 -0.31448566913604736 0.028980085626244545 -0.022393399849534035 -0.05717599019408226 -0.020918847993016243 0.997893750667572
17.566667556762695 0.3737262189388275 -0.31570228934288025 0.037389665842056274 -0.022114364430308342 -0.04557162895798683 -0.016064008697867393 0.9985871315002441
17.600000381469727 0.3867567777633667 -0.3230260908603668 0.04434412717819214 -0.02225443534553051 -0.031631238758563995 -0.010568715631961823 0.99919593334198
17.633333206176758 0.4027148187160492 -0.32787150144577026 0.051025718450546265 -0.02185608260333538 -0.02013680711388588 -0.002699889475479722 0.9995546936988831
17.66666603088379 0.42323142290115356 -0.33366116881370544 0.060421913862228394 -0.022048791870474815 -0.009509474039077759 0.006509960163384676 0.9996905326843262
17.700000762939453 0.4378936290740967 -0.337515264749527 0.07098492234945297 -0.02216208353638649 0.004025204107165337 0.01623760350048542 0.9996144771575928
17.733333587646484 0.45587146282196045 -0.34146055579185486 0.08254216611385345 -0.022762471809983253 0.017872508615255356 0.026189342141151428 0.9992380142211914
17.766666412353516 0.47212183475494385 -0.343466192483902 0.09319429844617844 -0.02291695587337017 0.03088524006307125 0.035484619438648224 0.9986300468444824
17.799999237060547 0.4922633469104767 -0.3494531810283661 0.10539454966783524 -0.024088041856884956 0.042087722569704056 0.043387461453676224 0.997880756855011
17.83333396911621 0.5115946531295776 -0.35362330079078674 0.12023308128118515 -0.025488968938589096 0.05397363752126694 0.05012308061122894 0.9969577789306641
17.866666793823242 0.5285738110542297 -0.35724806785583496 0.1329943835735321 -0.02690378576517105 0.06574361026287079 0.055899474769830704 0.9959062337875366
17.899999618530273 0.5440479516983032 -0.36002808809280396 0.1462249755859375 -0.027848657220602036 0.07741568237543106 0.06116005405783653 0.9947315454483032
17.933332443237305 0.5591078400611877 -0.36342254281044006 0.1552896350622177 -0.02879573591053486 0.08891843259334564 0.06550043076276779 0.9934657216072083
17.96666717529297 0.5799216628074646 -0.3648628294467926 0.16977661848068237 -0.029101189225912094 0.10121898353099823 0.07196866720914841 0.9918308854103088
18.0 0.5966596007347107 -0.3701648414134979 0.18238237500190735 -0.0314716175198555 0.11268073320388794 0.07819833606481552 0.9900493025779724
18.03333282470703 0.6117409467697144 -0.37011924386024475 0.19400617480278015 -0.0327804796397686 0.12275617569684982 0.08430563658475876 0.9883061647415161
18.066667556762695 0.6256248950958252 -0.37174397706985474 0.20131175220012665 -0.03475029394030571 0.13161242008209229 0.0895780473947525 0.9866339564323425
18.100000381469727 0.6397924423217773 -0.3738269805908203 0.20990437269210815 -0.03538139536976814 0.13698938488960266 0.09420636296272278 0.9854477643966675
18.133333206176758 0.6519187688827515 -0.3751332461833954 0.21874956786632538 -0.03535858914256096 0.1401377171278 0.09871816635131836 0.9845638275146484
18.16666603088379 0.6626036167144775 -0.37686267495155334 0.22561679780483246 -0.03619225323200226 0.14353738725185394 0.10249565541744232 0.9836574196815491
18.200000762939453 0.6786580085754395 -0.3788958191871643 0.23605501651763916 -0.037003759294748306 0.1460706740617752 0.1070263609290123 0.9827713370323181
18.233333587646484 0.687699019908905 -0.37933972477912903 0.24535048007965088 -0.038549769669771194 0.1497606784105301 0.11060919612646103 0.9817593097686768
18.266666412353516 0.6991775035858154 -0.3801458477973938 0.2525470554828644 -0.04104123264551163 0.15352140367031097 0.11395140737295151 0.980694591999054
18.299999237060547 0.709665060043335 -0.38236483931541443 0.2604730725288391 -0.043626803904771805 0.15690183639526367 0.11807678639888763 0.9795593023300171
18.33333396911621 0.7203977704048157 -0.3833811581134796 0.2670873701572418 -0.04588206857442856 0.15966413915157318 0.12223140895366669 0.9784997701644897
18.366666793823242 0.7298471927642822 -0.38431769609451294 0.27314507961273193 -0.04865993931889534 0.16374774277210236 0.12675243616104126 0.9771145582199097
18.399999618530273 0.7424291372299194 -0.3843909204006195 0.28030359745025635 -0.05093232914805412 0.1688510924577713 0.13152126967906952 0.9754984974861145
18.433332443237305 0.752038836479187 -0.3854438364505768 0.2875598669052124 -0.053292416036129 0.17430025339126587 0.13585436344146729 0.9738187789916992
18.46666717529297 0.7609890699386597 -0.38596510887145996 0.29522040486335754 -0.055623289197683334 0.179759219288826 0.140211284160614 0.9720768928527832
18.5 0.771226704120636 -0.3870057165622711 0.3012080788612366 -0.057794950902462006 0.18454094231128693 0.14500045776367188 0.9703500866889954
18.53333282470703 0.7818755507469177 -0.3890071213245392 0.307267963886261 -0.06011004373431206 0.18905378878116608 0.1486457735300064 0.9687879085540771
18.566667556762695 0.792113721370697 -0.391196072101593 0.3143835663795471 -0.06270579248666763 0.19340330362319946 0.1524372100830078 0.9671742916107178
18.600000381469727 0.8018131256103516 -0.39451339840888977 0.3204803466796875 -0.06470393389463425 0.19651661813259125 0.15639184415340424 0.9657827615737915
18.633333206176758 0.8108108639717102 -0.3989199995994568 0.3270011246204376 -0.0667819082736969 0.20048634707927704 0.15906161069869995 0.9643882513046265
18.66666603088379 0.8204838633537292 -0.4003972113132477 0.33256396651268005 -0.06772254407405853 0.20549559593200684 0.16287609934806824 0.9626301527023315
18.700000762939453 0.8302574753761292 -0.4025348126888275 0.33982107043266296 -0.06933919340372086 0.21038666367530823 0.1664951890707016 0.9608376026153564
18.733333587646484 0.8399393558502197 -0.4042913615703583 0.34518763422966003 -0.07066269218921661 0.21483305096626282 0.17057552933692932 0.9590399861335754
18.766666412353516 0.8509262800216675 -0.4054912328720093 0.35056188702583313 -0.07165223360061646 0.22019430994987488 0.1749502718448639 0.9569602608680725
18.799999237060547 0.8584752678871155 -0.4093610346317291 0.3560434579849243 -0.0739603266119957 0.2258504182100296 0.17738135159015656 0.9550169706344604
18.83333396911621 0.8676378130912781 -0.4129903018474579 0.363628625869751 -0.07633607089519501 0.23101647198200226 0.1791987270116806 0.953253448009491
18.866666793823242 0.8746721744537354 -0.41442182660102844 0.3704330623149872 -0.07804501056671143 0.23647142946720123 0.18062478303909302 0.9515067338943481
18.899999618530273 0.8800932765007019 -0.41687384247779846 0.376126229763031 -0.08106791228055954 0.24071663618087769 0.18122416734695435 0.9500743746757507
18.933332443237305 0.8847366571426392 -0.41884106397628784 0.38531020283699036 -0.0834183469414711 0.24449573457241058 0.18232449889183044 0.9486944079399109
18.96666717529297 0.8915131688117981 -0.42088091373443604 0.39435094594955444 -0.08603505045175552 0.24732527136802673 0.1832973062992096 0.9475390911102295
19.0 0.897145688533783 -0.4234744608402252 0.40598049759864807 -0.09023724496364594 0.24966005980968475 0.18394735455513 0.946409285068512
19.03333282470703 0.9015313982963562 -0.42633581161499023 0.4168316423892975 -0.09494831413030624 0.24974855780601501 0.18461842834949493 0.9457941651344299
19.066667556762695 0.9057131409645081 -0.4290945529937744 0.42958730459213257 -0.0989452600479126 0.24895501136779785 0.18588432669639587 0.9453455805778503
19.100000381469727 0.9099882245063782 -0.43179380893707275 0.44252249598503113 -0.10360590368509293 0.24775072932243347 0.18842853605747223 0.9446587562561035
19.133333206176758 0.9141131043434143 -0.43255817890167236 0.4523688852787018 -0.1089552789926529 0.24505145847797394 0.1905037760734558 0.9443446397781372
19.16666603088379 0.917917788028717 -0.43313705921173096 0.46479931473731995 -0.1152476817369461 0.2434026300907135 0.1924346685409546 0.9436324238777161
19.200000762939453 0.9218038320541382 -0.4328991770744324 0.47926491498947144 -0.12236320972442627 0.24139441549777985 0.19481436908245087 0.9427636861801147
19.233333587646484 0.92906254529953 -0.429898202419281 0.485268235206604 -0.1269349902868271 0.23846463859081268 0.19882944226264954 0.9420663118362427
19.266666412353516 0.9338141679763794 -0.42810142040252686 0.49514883756637573 -0.131500706076622 0.23705673217773438 0.20217998325824738 0.9410818219184875
19.299999237060547 0.9374226331710815 -0.4265974462032318 0.5067315101623535 -0.1364002674818039 0.23360608518123627 0.20526157319545746 0.9405800700187683
19.33333396911621 0.9395011067390442 -0.42457398772239685 0.5190120339393616 -0.1417480707168579 0.22878403961658478 0.20725716650485992 0.9405370354652405
19.366666793823242 0.9413355588912964 -0.42223456501960754 0.5316567420959473 -0.1471831351518631 0.22549133002758026 0.20827433466911316 0.9402726292610168
19.399999618530273 0.943105161190033 -0.4190087914466858 0.5431733727455139 -0.15194950997829437 0.22364093363285065 0.20825165510177612 0.9399613738059998
19.433332443237305 0.9440110325813293 -0.4157070815563202 0.554614245891571 -0.1568368673324585 0.22139501571655273 0.2075384259223938 0.939848005771637
19.46666717529297 0.944566011428833 -0.413372278213501 0.5666471123695374 -0.16226497292518616 0.21921543776988983 0.2061627060174942 0.9397401809692383
19.5 0.9473391771316528 -0.4126557409763336 0.5764968991279602 -0.168346107006073 0.21669751405715942 0.2059388905763626 0.939303457736969
19.53333282470703 0.9492418169975281 -0.40941062569618225 0.5869426727294922 -0.17221245169639587 0.21276886761188507 0.20669759809970856 0.9393340349197388
19.566667556762695 0.9509862065315247 -0.4071536660194397 0.598613977432251 -0.17644566297531128 0.20776726305484772 0.20769910514354706 0.9394471049308777
19.600000381469727 0.9535217881202698 -0.4044899642467499 0.6094968914985657 -0.18025743961334229 0.2033315747976303 0.20951306819915771 0.9392911791801453
19.633333206176758 0.9568471908569336 -0.4017977714538574 0.6196979880332947 -0.18476508557796478 0.19916769862174988 0.21248303353786469 0.9386399984359741
19.66666603088379 0.9610124826431274 -0.399728924036026 0.6310611367225647 -0.19110505282878876 0.1949557214975357 0.21621933579444885 0.9374008774757385
19.700000762939453 0.9660987854003906 -0.396506667137146 0.6417602896690369 -0.19693638384342194 0.19258368015289307 0.2189062386751175 0.9360596537590027
19.733333587646484 0.9720547199249268 -0.3922842741012573 0.6488881707191467 -0.20075684785842896 0.19050022959709167 0.22187569737434387 0.9349746704101562
19.766666412353516 0.9779567718505859 -0.38757768273353577 0.6568679213523865 -0.2048627883195877 0.18765024840831757 0.2255111038684845 0.9337897300720215
19.799999237060547 0.9829535484313965 -0.38257119059562683 0.6663804054260254 -0.20916220545768738 0.1859395056962967 0.2275158166885376 0.9326919317245483
19.83333396911621 0.9878683090209961 -0.3789297640323639 0.6747134923934937 -0.21334798634052277 0.18642069399356842 0.22938747704029083 0.9311881065368652
19.866666793823242 0.994021475315094 -0.3753396272659302 0.6829872727394104 -0.2178519368171692 0.18626809120178223 0.23233559727668762 0.9294434189796448
19.899999618530273 0.9980978965759277 -0.3702439069747925 0.690388023853302 -0.22088564932346344 0.18589505553245544 0.2349507361650467 0.9281437397003174
19.933332443237305 1.0026463270187378 -0.36514467000961304 0.6972171068191528 -0.22430762648582458 0.18659281730651855 0.237017422914505 0.9266563653945923
19.96666717529297 1.0072524547576904 -0.3609704375267029 0.7021203637123108 -0.22767892479896545 0.1877681016921997 0.23907896876335144 0.9250657558441162
20.0 1.0115605592727661 -0.35754767060279846 0.7076606750488281 -0.23045040667057037 0.1888389140367508 0.24110646545886993 0.9236342310905457
20.03333282470703 1.014889121055603 -0.3547295331954956 0.7128186225891113 -0.2339066118001938 0.18892501294612885 0.2422855794429779 0.9224385619163513
20.066667556762695 1.0144802331924438 -0.349422812461853 0.7201399207115173 -0.23556919395923615 0.1921074092388153 0.2420564740896225 0.9214176535606384
20.100000381469727 1.0174123048782349 -0.34633567929267883 0.7232645750045776 -0.23671020567417145 0.18986478447914124 0.2442939132452011 0.9209995269775391
20.133333206176758 1.019270658493042 -0.34218958020210266 0.7262507677078247 -0.2367529571056366 0.18674136698246002 0.24560625851154327 0.9212781190872192
20.16666603088379 1.019603967666626 -0.3382880985736847 0.7301964163780212 -0.23768270015716553 0.18438783288002014 0.24632304906845093 0.9213213324546814
20.200000762939453 1.0199209451675415 -0.33497482538223267 0.7331836223602295 -0.2381221204996109 0.18038323521614075 0.24608628451824188 0.9220635890960693
20.233333587646484 1.0160584449768066 -0.33290860056877136 0.7389476895332336 -0.23988056182861328 0.1804024875164032 0.2433645874261856 0.922326385974884
20.266666412353516 1.0122979879379272 -0.33008256554603577 0.7428348660469055 -0.24052299559116364 0.18129444122314453 0.23815922439098358 0.9233424067497253
20.299999237060547 1.0082651376724243 -0.329384446144104 0.7467462420463562 -0.241343691945076 0.1830611526966095 0.23115749657154083 0.9245583415031433
20.33333396911621 1.005009651184082 -0.32803040742874146 0.7498284578323364 -0.24112942814826965 0.18305450677871704 0.22632287442684174 0.9258107542991638
20.366666793823242 1.0017338991165161 -0.325092613697052 0.7535692453384399 -0.24237515032291412 0.1822757124900818 0.2242523580789566 0.9261429905891418
20.399999618530273 1.0016438961029053 -0.32096219062805176 0.756183385848999 -0.24369321763515472 0.17896629869937897 0.2270476520061493 0.925761342048645
20.433332443237305 1.0008385181427002 -0.3163250982761383 0.759731650352478 -0.24535870552062988 0.17709550261497498 0.2296217679977417 0.9250460267066956
20.46666717529297 1.0001096725463867 -0.3110106587409973 0.7622344493865967 -0.24638845026493073 0.17426380515098572 0.23236730694770813 0.9246244430541992
20.5 0.9995086789131165 -0.30946025252342224 0.767808735370636 -0.2515087127685547 0.1720093935728073 0.23339620232582092 0.9234079718589783
20.53333282470703 0.9971771836280823 -0.3058365285396576 0.7710732221603394 -0.2522621750831604 0.17125912010669708 0.2326432317495346 0.9235318899154663
20.566667556762695 0.9984003901481628 -0.30610522627830505 0.7755646109580994 -0.25725165009498596 0.16775019466876984 0.23233099281787872 0.9228780269622803
20.600000381469727 0.9996020197868347 -0.3042198717594147 0.7763299942016602 -0.2571711540222168 0.16304515302181244 0.23378202319145203 0.9233770966529846
20.633333206176758 0.9997602701187134 -0.3021106421947479 0.7777693271636963 -0.2576826810836792 0.16125556826591492 0.23466001451015472 0.9233260750770569
20.66666603088379 0.9980686902999878 -0.2988138794898987 0.7797828316688538 -0.25853490829467773 0.160935178399086 0.2357044517993927 0.9228776097297668
20.700000762939453 0.9969958662986755 -0.2957715094089508 0.7817442417144775 -0.26008370518684387 0.1585186868906021 0.23720712959766388 0.9224755167961121
20.733333587646484 0.9960780739784241 -0.29265254735946655 0.7841213941574097 -0.2611972689628601 0.15455691516399384 0.239431694149971 0.9222584962844849
20.766666412353516 0.994991660118103 -0.28955358266830444 0.7859501242637634 -0.26264694333076477 0.14951004087924957 0.240824893116951 0.9223159551620483
20.799999237060547 0.9939260482788086 -0.28766751289367676 0.7871993184089661 -0.2640867829322815 0.14662978053092957 0.24056629836559296 0.9224347472190857
20.83333396911621 0.9916229248046875 -0.28509560227394104 0.7878953218460083 -0.26356324553489685 0.14687970280647278 0.23927927017211914 0.9228793382644653
20.866666793823242 0.9900102019309998 -0.28433066606521606 0.7886978983879089 -0.2651832401752472 0.14848628640174866 0.23751750588417053 0.9226132035255432
20.899999618530273 0.9887696504592896 -0.2837464213371277 0.7890210151672363 -0.2666691839694977 0.15032775700092316 0.23574547469615936 0.9223411083221436
20.933332443237305 0.9869478344917297 -0.2827760875225067 0.7882204055786133 -0.2659074664115906 0.1511775255203247 0.23401759564876556 0.9228621125221252
20.96666717529297 0.9865626096725464 -0.2837149500846863 0.7861641645431519 -0.265277236700058 0.14883875846862793 0.23457007110118866 0.9232832789421082
21.0 0.985865592956543 -0.28535476326942444 0.7829436659812927 -0.26341453194618225 0.1452540159225464 0.2346063107252121 0.9243776202201843
21.03333282470703 0.9854069948196411 -0.2874576449394226 0.7784423232078552 -0.2607898414134979 0.1450723111629486 0.23432892560958862 0.9252203702926636
21.066667556762695 0.985344648361206 -0.28928887844085693 0.7715228199958801 -0.2572186589241028 0.15029621124267578 0.23476570844650269 0.925275444984436
21.100000381469727 0.9852263927459717 -0.294856995344162 0.7656903266906738 -0.2561632990837097 0.15662682056427002 0.23426999151706696 0.9246436953544617
21.133333206176758 0.9853398203849792 -0.29891732335090637 0.7582818865776062 -0.25406357645988464 0.16034893691539764 0.23210960626602173 0.9251297116279602
21.16666603088379 0.9854236245155334 -0.3017081022262573 0.748206377029419 -0.2505386173725128 0.16354665160179138 0.22920875251293182 0.9262538552284241
21.200000762939453 0.9857664704322815 -0.30634960532188416 0.7384161949157715 -0.2471553534269333 0.16777560114860535 0.22630812227725983 0.9271193146705627
21.233333587646484 0.9853323698043823 -0.309693306684494 0.7278735637664795 -0.24342668056488037 0.1745980978012085 0.22038038074970245 0.9282733798027039
21.266666412353516 0.983056366443634 -0.31823012232780457 0.7182395458221436 -0.23908385634422302 0.18908868730068207 0.2130592316389084 0.9282726645469666
21.299999237060547 0.987732470035553 -0.31463441252708435 0.6983156800270081 -0.23015667498111725 0.20492874085903168 0.20450593531131744 0.9290907382965088
21.33333396911621 0.9890044331550598 -0.3193797767162323 0.6834657788276672 -0.2239982783794403 0.2188405692577362 0.19818243384361267 0.9287934303283691
21.366666793823242 0.9911066889762878 -0.3223075270652771 0.666190505027771 -0.21299195289611816 0.22577443718910217 0.19522669911384583 0.930347740650177
21.399999618530273 0.9930680990219116 -0.3251626789569855 0.6499229669570923 -0.2007981687784195 0.22973179817199707 0.19212588667869568 0.9327331185340881
21.433332443237305 0.9937030673027039 -0.32809820771217346 0.6352064609527588 -0.19064658880233765 0.23420213162899017 0.18842358887195587 0.9345051646232605
21.46666717529297 0.9934232234954834 -0.3340846598148346 0.6221731305122375 -0.1848355084657669 0.24087227880954742 0.18399789929389954 0.9348589777946472
21.5 0.9939526319503784 -0.33732008934020996 0.6081303358078003 -0.17741551995277405 0.24643875658512115 0.18032944202423096 0.9355602860450745
21.53333282470703 0.9948925971984863 -0.340019166469574 0.5951443314552307 -0.17059403657913208 0.2507615387439728 0.1788235753774643 0.9359692931175232
21.566667556762695 0.9970174431800842 -0.3421124517917633 0.5812402367591858 -0.16445641219615936 0.2542881369590759 0.18014705181121826 0.9358625411987305
21.600000381469727 0.9985084533691406 -0.34353941679000854 0.5704295635223389 -0.1593916267156601 0.2593373954296112 0.18177297711372375 0.9350385069847107
21.633333206176758 1.00081467628479 -0.345394104719162 0.5595160126686096 -0.15539713203907013 0.26490461826324463 0.18317078053951263 0.9338766932487488
21.66666603088379 1.0044161081314087 -0.3495556712150574 0.5487541556358337 -0.1536591649055481 0.27114248275756836 0.18479610979557037 0.9320520162582397
21.700000762939453 1.0061068534851074 -0.35221362113952637 0.5402002334594727 -0.15108652412891388 0.27523863315582275 0.18580752611160278 0.9310703873634338
21.733333587646484 1.0091220140457153 -0.35485947132110596 0.5308039784431458 -0.14821617305278778 0.27733656764030457 0.18641775846481323 0.9307872653007507
21.766666412353516 1.0119693279266357 -0.3581533133983612 0.5212759971618652 -0.14479130506515503 0.2802284359931946 0.186383455991745 0.9304670095443726
21.799999237060547 1.014058232307434 -0.36095893383026123 0.5130696296691895 -0.14137789607048035 0.2847014367580414 0.18666911125183105 0.9295762777328491
21.83333396911621 1.0153982639312744 -0.3649091422557831 0.5056220293045044 -0.13874134421348572 0.2903570532798767 0.18722066283226013 0.9281121492385864
21.866666793823242 1.0186142921447754 -0.3671618402004242 0.49701589345932007 -0.13515326380729675 0.2951982915401459 0.18919332325458527 0.9267132878303528
21.899999618530273 1.0243052244186401 -0.37097474932670593 0.4876359701156616 -0.13293564319610596 0.299356609582901 0.19238246977329254 0.9250419735908508
21.933332443237305 1.0275728702545166 -0.374636173248291 0.48035728931427 -0.13045634329319 0.3039376139640808 0.1964293122291565 0.9230484962463379
21.96666717529297 1.0339901447296143 -0.3779640197753906 0.47267839312553406 -0.1279064416885376 0.3059477210044861 0.20270104706287384 0.9213838577270508
22.0 1.0394635200500488 -0.38019701838493347 0.46640029549598694 -0.12551988661289215 0.3106532692909241 0.20830339193344116 0.9188846945762634
22.03333282470703 1.0447099208831787 -0.3830851912498474 0.46045368909835815 -0.1230960413813591 0.3191674053668976 0.21342095732688904 0.9151126146316528
22.066667556762695 1.0516998767852783 -0.38609784841537476 0.45508766174316406 -0.12156641483306885 0.32631513476371765 0.21900448203086853 0.9114697575569153
22.100000381469727 1.0581798553466797 -0.389370322227478 0.45138484239578247 -0.12149035185575485 0.33119574189186096 0.22405356168746948 0.9084874987602234
22.133333206176758 1.066052794456482 -0.39268940687179565 0.44904541969299316 -0.12242276966571808 0.3357756435871124 0.22909514605998993 0.9054186344146729
22.16666603088379 1.0707595348358154 -0.3944489359855652 0.4487236440181732 -0.12314555048942566 0.3420214354991913 0.2344849556684494 0.901594877243042
22.200000762939453 1.0761572122573853 -0.39617297053337097 0.45018497109413147 -0.1253051459789276 0.34725549817085266 0.2390509396791458 0.8980907201766968
22.233333587646484 1.0820246934890747 -0.3977910876274109 0.4516051113605499 -0.12840309739112854 0.3533822000026703 0.2423260509967804 0.8943778872489929
22.266666412353516 1.0886129140853882 -0.3997395634651184 0.4540884494781494 -0.1325114369392395 0.36127349734306335 0.2446483075618744 0.8899828195571899
22.299999237060547 1.0935554504394531 -0.4008195996284485 0.456723153591156 -0.1346386820077896 0.36695167422294617 0.24674063920974731 0.8867570757865906
22.33333396911621 1.0988342761993408 -0.4023318588733673 0.45936885476112366 -0.13590295612812042 0.3696109354496002 0.2482972890138626 0.8850235939025879
22.366666793823242 1.1052318811416626 -0.403727263212204 0.46306222677230835 -0.13828788697719574 0.37191444635391235 0.25079700350761414 0.8829818964004517
22.399999618530273 1.1095627546310425 -0.40369588136672974 0.46665963530540466 -0.13969698548316956 0.37279200553894043 0.2524292469024658 0.8819242715835571
22.433332443237305 1.1155797243118286 -0.40481770038604736 0.47092387080192566 -0.14139769971370697 0.3729437589645386 0.2534554898738861 0.8812944889068604
22.46666717529297 1.1204798221588135 -0.40625375509262085 0.4767851233482361 -0.14319579303264618 0.37590882182121277 0.25336551666259766 0.8797690272331238
22.5 1.1264575719833374 -0.40695610642433167 0.48253586888313293 -0.14446835219860077 0.3786400854587555 0.2536618709564209 0.878303050994873
22.53333282470703 1.1326208114624023 -0.4085739254951477 0.48762446641921997 -0.14585785567760468 0.3786742687225342 0.2553885281085968 0.8775579929351807
22.566667556762695 1.139707088470459 -0.41017675399780273 0.4933060109615326 -0.14677006006240845 0.37939131259918213 0.2568386197090149 0.8766725659370422
22.600000381469727 1.1464594602584839 -0.410990446805954 0.49776461720466614 -0.14790399372577667 0.38183099031448364 0.25705528259277344 0.8753582835197449
22.633333206176758 1.1539762020111084 -0.4121687710285187 0.5024575591087341 -0.14882932603359222 0.38453909754753113 0.257232129573822 0.8739628791809082
22.66666603088379 1.1611764430999756 -0.41272079944610596 0.506592333316803 -0.14888004958629608 0.3865673840045929 0.25661501288414 0.87324059009552
22.700000762939453 1.1690014600753784 -0.41378793120384216 0.5112395286560059 -0.14963224530220032 0.38836798071861267 0.2570810914039612 0.8721753358840942
22.733333587646484 1.178149938583374 -0.4139004349708557 0.5164802074432373 -0.15030506253242493 0.3899986445903778 0.2589367926120758 0.8707818984985352
22.766666412353516 1.1876014471054077 -0.4142230153083801 0.5223811268806458 -0.15132758021354675 0.39023810625076294 0.26084989309310913 0.8699262142181396
22.799999237060547 1.1952874660491943 -0.4134622812271118 0.5265557765960693 -0.15291927754878998 0.3897823393344879 0.26280832290649414 0.8692624568939209
22.83333396911621 1.2061681747436523 -0.4142734706401825 0.5337384939193726 -0.15583407878875732 0.3916729688644409 0.2643972933292389 0.867411196231842
22.866666793823242 1.217186689376831 -0.4151986539363861 0.5412814021110535 -0.15850983560085297 0.39424073696136475 0.26549381017684937 0.8654258847236633
22.899999618530273 1.226442813873291 -0.4135335683822632 0.5453171730041504 -0.1601942777633667 0.39579927921295166 0.2673800587654114 0.8638221621513367
22.933332443237305 1.237871766090393 -0.41191545128822327 0.5510573387145996 -0.16236014664173126 0.39776739478111267 0.2714226245880127 0.8612491488456726
22.96666717529297 1.2504165172576904 -0.41118115186691284 0.5577614307403564 -0.1640419363975525 0.3985527455806732 0.27664512395858765 0.8589025139808655
23.0 1.2610383033752441 -0.409001886844635 0.5631024837493896 -0.16616283357143402 0.39910590648651123 0.2814956307411194 0.856658935546875
23.03333282470703 1.2720932960510254 -0.40732160210609436 0.5684868693351746 -0.16988646984100342 0.4008749723434448 0.28630077838897705 0.8535044193267822
23.066667556762695 1.2831971645355225 -0.40636178851127625 0.5723629593849182 -0.17196978628635406 0.40369367599487305 0.2908019721508026 0.8502306342124939
23.100000381469727 1.293154001235962 -0.40650731325149536 0.5768643021583557 -0.17339108884334564 0.40665555000305176 0.29380229115486145 0.8474945425987244
23.133333206176758 1.3015681505203247 -0.4055771231651306 0.5801165699958801 -0.1744532585144043 0.4094144105911255 0.2965582311153412 0.844984769821167
23.16666603088379 1.3137738704681396 -0.40490320324897766 0.58652663230896 -0.17625536024570465 0.4122525751590729 0.2991809844970703 0.8423020839691162
23.200000762939453 1.321596622467041 -0.40410998463630676 0.5905466675758362 -0.1779942363500595 0.41313230991363525 0.30123642086982727 0.8407713770866394
23.233333587646484 1.3317255973815918 -0.40349674224853516 0.5965398550033569 -0.18123693764209747 0.41380712389945984 0.3034372627735138 0.8389532566070557
23.266666412353516 1.3418852090835571 -0.4007747769355774 0.6029709577560425 -0.18432660400867462 0.4150773584842682 0.3071218430995941 0.8363078236579895
23.299999237060547 1.351332664489746 -0.39930739998817444 0.6086037158966064 -0.18728555738925934 0.41620123386383057 0.31108054518699646 0.8336243629455566
23.33333396911621 1.3613892793655396 -0.39682239294052124 0.6131049990653992 -0.19009511172771454 0.41701751947402954 0.314945250749588 0.8311255574226379
23.366666793823242 1.372536301612854 -0.3949231207370758 0.617274284362793 -0.1930498629808426 0.4175817668437958 0.31900647282600403 0.8286085724830627
23.399999618530273 1.380819320678711 -0.393065869808197 0.6205706000328064 -0.1948489248752594 0.41711604595184326 0.32207608222961426 0.8272334337234497
23.433332443237305 1.3902281522750854 -0.3909226357936859 0.6256139278411865 -0.19779415428638458 0.4166874289512634 0.325509250164032 0.825404703617096
23.46666717529297 1.3992935419082642 -0.38776808977127075 0.6300285458564758 -0.200654536485672 0.41375887393951416 0.33078813552856445 0.8240877985954285
23.5 1.4066972732543945 -0.38588419556617737 0.6347440481185913 -0.20352907478809357 0.41033557057380676 0.3361802399158478 0.8229116797447205
23.53333282470703 1.413029432296753 -0.3829187750816345 0.6392263770103455 -0.20537841320037842 0.4079166650772095 0.3402150571346283 0.8219959735870361
23.566667556762695 1.4166017770767212 -0.3791799545288086 0.6435351371765137 -0.20702844858169556 0.40743017196655273 0.3414754569530487 0.8213004469871521
23.600000381469727 1.4202253818511963 -0.37604406476020813 0.6481763124465942 -0.20896001160144806 0.40789520740509033 0.34196028113365173 0.8203781247138977
23.633333206176758 1.4234870672225952 -0.3742731213569641 0.6524971127510071 -0.2109595239162445 0.4070374071598053 0.3417387306690216 0.8203849196434021
23.66666603088379 1.4267091751098633 -0.3734954595565796 0.6584437489509583 -0.21392452716827393 0.4058997333049774 0.3411101996898651 0.8204421997070312
23.700000762939453 1.4293885231018066 -0.37337833642959595 0.6656593680381775 -0.21861790120601654 0.40515363216400146 0.34096574783325195 0.8196335434913635
23.733333587646484 1.4316301345825195 -0.3716884255409241 0.6727873682975769 -0.2213488519191742 0.40198248624801636 0.3405543565750122 0.8206324577331543
23.766666412353516 1.4335241317749023 -0.37065836787223816 0.6804460883140564 -0.22389018535614014 0.4000614285469055 0.33782491087913513 0.8220087885856628
23.799999237060547 1.4354859590530396 -0.36901822686195374 0.6858909130096436 -0.22637999057769775 0.40053269267082214 0.3356591761112213 0.8219845294952393
23.83333396911621 1.437695860862732 -0.3658704161643982 0.689402163028717 -0.22743581235408783 0.40026411414146423 0.33433839678764343 0.8223621845245361
23.866666793823242 1.4409105777740479 -0.3625064492225647 0.6937546730041504 -0.22881118953227997 0.39889538288116455 0.332535058259964 0.8233762383460999
23.899999618530273 1.443320393562317 -0.35834038257598877 0.697687029838562 -0.23077036440372467 0.39864638447761536 0.3317302465438843 0.8232746720314026
23.933332443237305 1.4448825120925903 -0.35468411445617676 0.7025442123413086 -0.23394836485385895 0.3983650505542755 0.33197033405303955 0.8224167227745056
23.96666717529297 1.4468005895614624 -0.3505781590938568 0.7066749334335327 -0.23672083020210266 0.3960281014442444 0.33324360847473145 0.822236955165863
24.0 1.4490201473236084 -0.3463214039802551 0.7075623273849487 -0.2389538437128067 0.393198698759079 0.3351678252220154 0.8221669793128967
24.03333282470703 1.4492703676223755 -0.34203389286994934 0.7114344239234924 -0.24222902953624725 0.3923282027244568 0.3362371027469635 0.8211870789527893
24.066667556762695 1.45021653175354 -0.336470365524292 0.715158998966217 -0.24536889791488647 0.38865071535110474 0.33800622820854187 0.8212774395942688
24.100000381469727 1.448745608329773 -0.33252182602882385 0.7186829447746277 -0.24941767752170563 0.38651758432388306 0.3384706377983093 0.8208731412887573
24.133333206176758 1.4518507719039917 -0.3287554085254669 0.7213519215583801 -0.2545662224292755 0.38256651163101196 0.34132707118988037 0.8199602365493774
24.16666603088379 1.4497621059417725 -0.32426726818084717 0.7246265411376953 -0.2564954161643982 0.3817629814147949 0.3408494293689728 0.8199322819709778
24.200000762939453 1.4483556747436523 -0.32151153683662415 0.7280664443969727 -0.2586102783679962 0.3819907307624817 0.3400546610355377 0.8194917440414429
24.233333587646484 1.4472030401229858 -0.31850123405456543 0.7302646040916443 -0.25988221168518066 0.3835107088088989 0.33893683552742004 0.8188422322273254
24.266666412353516 1.4467647075653076 -0.31602728366851807 0.7312489748001099 -0.2604476511478424 0.38402438163757324 0.3383532762527466 0.8186631798744202
24.299999237060547 1.4468175172805786 -0.31433355808258057 0.7321646809577942 -0.2608216404914856 0.38380399346351624 0.3384578227996826 0.8186042308807373
24.33333396911621 1.4471681118011475 -0.3125261664390564 0.732538640499115 -0.26103049516677856 0.38383960723876953 0.33877938985824585 0.8183879852294922
24.366666793823242 1.4470899105072021 -0.31109943985939026 0.7328171133995056 -0.26086753606796265 0.3839745819568634 0.3393019139766693 0.8181600570678711
24.399999618530273 1.446414828300476 -0.3095698654651642 0.732882559299469 -0.26027992367744446 0.3836534917354584 0.33956649899482727 0.8183881044387817
24.433332443237305 1.446898341178894 -0.30812200903892517 0.7325170040130615 -0.260481059551239 0.3834346830844879 0.34060922265052795 0.8179931640625
24.46666717529297 1.447106122970581 -0.3064168691635132 0.7315295934677124 -0.2605113089084625 0.38418442010879517 0.3409564197063446 0.8174870014190674
24.5 1.446417212486267 -0.305093914270401 0.7304235100746155 -0.2605593204498291 0.38622409105300903 0.3392848074436188 0.8172060251235962
24.53333282470703 1.4456111192703247 -0.3049284517765045 0.7298064231872559 -0.2613191604614258 0.38904738426208496 0.33788979053497314 0.8162015676498413
24.566667556762695 1.4451923370361328 -0.3048568367958069 0.7283140420913696 -0.26078951358795166 0.389350026845932 0.338541716337204 0.8159564137458801
24.600000381469727 1.4432604312896729 -0.3045068085193634 0.7264461517333984 -0.258803129196167 0.3892371952533722 0.33857110142707825 0.8166303038597107
24.633333206176758 1.4421396255493164 -0.30457791686058044 0.7235960364341736 -0.25694921612739563 0.38859307765960693 0.3395576477050781 0.8171127438545227
24.66666603088379 1.4402698278427124 -0.30550941824913025 0.7206191420555115 -0.25475794076919556 0.3883194029331207 0.33986198902130127 0.8178021311759949
24.700000762939453 1.4386980533599854 -0.3073747456073761 0.7175620794296265 -0.2532303035259247 0.3876485824584961 0.3398583233356476 0.8185958862304688
24.733333587646484 1.4368754625320435 -0.3092433512210846 0.7136023044586182 -0.25154516100883484 0.38740044832229614 0.34015023708343506 0.8191115856170654
24.766666412353516 1.4356979131698608 -0.31243896484375 0.7096394896507263 -0.25023677945137024 0.38541170954704285 0.3414907157421112 0.8198923468589783
24.799999237060547 1.4316555261611938 -0.3149120509624481 0.705277144908905 -0.24674706161022186 0.3859783113002777 0.3410150706768036 0.8208808898925781
24.83333396911621 1.427751064300537 -0.3193233013153076 0.699998140335083 -0.24499599635601044 0.3884953558444977 0.3369612693786621 0.8218914270401001
24.866666793823242 1.4221488237380981 -0.325245201587677 0.695300281047821 -0.24221231043338776 0.39177295565605164 0.3315196931362152 0.8233722448348999
24.899999618530273 1.4143320322036743 -0.33038708567619324 0.6894039511680603 -0.23603412508964539 0.3923053443431854 0.32768386602401733 0.8264428377151489
24.933332443237305 1.4066479206085205 -0.3351503312587738 0.6832003593444824 -0.2295854240655899 0.3914138972759247 0.32310613989830017 0.8304746150970459
24.96666717529297 1.3978326320648193 -0.3395806849002838 0.6767861247062683 -0.22248367965221405 0.39295458793640137 0.3195372223854065 0.8330568671226501
25.0 1.3866498470306396 -0.3465135991573334 0.67081218957901 -0.2190108746290207 0.39347073435783386 0.3151076138019562 0.8354173898696899
25.03333282470703 1.3779946565628052 -0.35213345289230347 0.6626694798469543 -0.21344584226608276 0.39106789231300354 0.3125858008861542 0.8389261364936829
25.066667556762695 1.3683289289474487 -0.35714462399482727 0.6538585424423218 -0.207513689994812 0.3885161280632019 0.3112693130970001 0.8420836329460144
25.100000381469727 1.358925223350525 -0.3614674210548401 0.6448054313659668 -0.20189084112644196 0.38630709052085876 0.3110175132751465 0.8445560932159424
25.133333206176758 1.3495965003967285 -0.3640349805355072 0.6349927186965942 -0.19549253582954407 0.38446730375289917 0.3101949095726013 0.8471992611885071
25.16666603088379 1.3410621881484985 -0.3674677908420563 0.626459538936615 -0.19034220278263092 0.38330429792404175 0.3101636469364166 0.8489089012145996
25.200000762939453 1.3336317539215088 -0.36937573552131653 0.6167721748352051 -0.18539218604564667 0.3798987865447998 0.30915290117263794 0.8518984913825989
25.233333587646484 1.325209140777588 -0.371809184551239 0.6071041822433472 -0.17997433245182037 0.3778775632381439 0.3084031343460083 0.8542279005050659
25.266666412353516 1.316320776939392 -0.3752148747444153 0.5979360938072205 -0.1757635474205017 0.3761553168296814 0.3067191541194916 0.8564682602882385
25.299999237060547 1.3064898252487183 -0.37688198685646057 0.588851273059845 -0.17159193754196167 0.37426504492759705 0.3043704628944397 0.858976423740387
25.33333396911621 1.295225977897644 -0.37890833616256714 0.5800743103027344 -0.16807985305786133 0.37167248129844666 0.3019222021102905 0.8616564273834229
25.366666793823242 1.283235788345337 -0.3807218670845032 0.5720857977867126 -0.16367627680301666 0.3696349263191223 0.298367977142334 0.8646136522293091
25.399999618530273 1.2700070142745972 -0.38247331976890564 0.5643362998962402 -0.1596057415008545 0.36716943979263306 0.29366135597229004 0.868029773235321
25.433332443237305 1.2567145824432373 -0.38150861859321594 0.5578250288963318 -0.1559903621673584 0.36348581314086914 0.28921160101890564 0.871723473072052
25.46666717529297 1.2432668209075928 -0.3804837763309479 0.5524475574493408 -0.15320682525634766 0.3592624366283417 0.2857718765735626 0.875095784664154
25.5 1.227414608001709 -0.37837690114974976 0.5471010208129883 -0.15070092678070068 0.35479480028152466 0.2815396785736084 0.8787180781364441
25.53333282470703 1.2115296125411987 -0.3760397732257843 0.5421916246414185 -0.14938464760780334 0.3501342535018921 0.27683013677597046 0.8823012113571167
25.566667556762695 1.194467306137085 -0.37389394640922546 0.5377095937728882 -0.14806583523750305 0.3459639847278595 0.2712576389312744 0.8858921527862549
25.600000381469727 1.1760635375976562 -0.37139055132865906 0.5323991775512695 -0.14520128071308136 0.3427470624446869 0.26466625928878784 0.8896027207374573
25.633333206176758 1.1606262922286987 -0.37044188380241394 0.5290105938911438 -0.14338427782058716 0.3382229804992676 0.2571896016597748 0.8938119411468506
25.66666603088379 1.1431587934494019 -0.3699132204055786 0.5241258144378662 -0.1401425451040268 0.33307984471321106 0.2506259083747864 0.8981116414070129
25.700000762939453 1.1256054639816284 -0.36904120445251465 0.5199061632156372 -0.13832958042621613 0.3284487724304199 0.24487462639808655 0.9016777873039246
25.733333587646484 1.108425498008728 -0.3692237138748169 0.5153817534446716 -0.13726603984832764 0.32243624329566956 0.2405308037996292 0.9051728248596191
25.766666412353516 1.0904154777526855 -0.36919495463371277 0.5098766684532166 -0.13460418581962585 0.31590306758880615 0.2377692312002182 0.9085993766784668
25.799999237060547 1.0721276998519897 -0.37038901448249817 0.5031464695930481 -0.131336510181427 0.3095833659172058 0.2345268428325653 0.9120888113975525
25.83333396911621 1.0558885335922241 -0.37242424488067627 0.49536290764808655 -0.1275739073753357 0.302905797958374 0.2284892052412033 0.9163873195648193
25.866666793823242 1.0385767221450806 -0.3744661808013916 0.4866805076599121 -0.12213865667581558 0.29787561297416687 0.22293570637702942 0.9201369285583496
25.899999618530273 1.0209224224090576 -0.37758868932724 0.4791608154773712 -0.11717583984136581 0.2928391695022583 0.21696965396404266 0.9238177537918091
25.933332443237305 1.0033937692642212 -0.3803780972957611 0.4719254672527313 -0.11434905976057053 0.28632989525794983 0.21036608517169952 0.927731454372406
25.96666717529297 0.9862109422683716 -0.3831544816493988 0.46570995450019836 -0.1141553595662117 0.28068557381629944 0.20442478358745575 0.9308032393455505
26.0 0.9706254005432129 -0.3865591585636139 0.4586065709590912 -0.11267229169607162 0.2753840386867523 0.199908047914505 0.9335445165634155
26.03333282470703 0.95466548204422 -0.3896571695804596 0.4491271674633026 -0.10781249403953552 0.26914674043655396 0.19633840024471283 0.9366897940635681
26.066667556762695 0.9378119111061096 -0.39125242829322815 0.4401739835739136 -0.10270658880472183 0.26278814673423767 0.191903218626976 0.9399824142456055
26.100000381469727 0.9210252165794373 -0.393670916557312 0.4310739040374756 -0.09823065996170044 0.2567882537841797 0.18622714281082153 0.9432550668716431
26.133333206176758 0.9041926264762878 -0.3957168757915497 0.4224873185157776 -0.09332887083292007 0.2519654631614685 0.1791248470544815 0.9464235305786133
26.16666603088379 0.8890889286994934 -0.39798587560653687 0.41152122616767883 -0.08866118639707565 0.24485670030117035 0.17294439673423767 0.9498814344406128
26.200000762939453 0.8729156851768494 -0.3988261818885803 0.4023979604244232 -0.08309783041477203 0.2374989092350006 0.16793037950992584 0.9531465768814087
26.233333587646484 0.8568918108940125 -0.39886361360549927 0.39208412170410156 -0.07889625430107117 0.22953832149505615 0.16409620642662048 0.9561171531677246
26.266666412353516 0.8401037454605103 -0.3975583016872406 0.3839389979839325 -0.07580609619617462 0.22121669352054596 0.1600438803434372 0.9590113162994385
26.299999237060547 0.824552059173584 -0.3965966999530792 0.376566082239151 -0.07316101342439651 0.21277685463428497 0.1546948254108429 0.9619994759559631
26.33333396911621 0.806853175163269 -0.3952043354511261 0.37018492817878723 -0.07153259217739105 0.20695708692073822 0.14823706448078156 0.964405357837677
26.366666793823242 0.7889953255653381 -0.39346951246261597 0.3638434112071991 -0.07073379307985306 0.20294831693172455 0.1418176144361496 0.9662797451019287
26.399999618530273 0.7720280289649963 -0.39159682393074036 0.35577160120010376 -0.06939046829938889 0.19652071595191956 0.13524086773395538 0.9686456918716431
26.433332443237305 0.7534473538398743 -0.38744547963142395 0.348089337348938 -0.06663604825735092 0.18853706121444702 0.12948638200759888 0.971208930015564
26.46666717529297 0.7401877045631409 -0.3858948349952698 0.34103500843048096 -0.0654325783252716 0.17867973446846008 0.12474645674228668 0.9737712740898132
26.5 0.7229224443435669 -0.38160640001296997 0.33554327487945557 -0.06321150809526443 0.16983352601528168 0.1203022450208664 0.9760575294494629
26.53333282470703 0.7074025869369507 -0.37787389755249023 0.32837724685668945 -0.06250998377799988 0.16211912035942078 0.11580592393875122 0.9779565930366516
26.566667556762695 0.6938434839248657 -0.3744749128818512 0.32124340534210205 -0.06282584369182587 0.1553293615579605 0.11211957782506943 0.9794666767120361
26.600000381469727 0.6828710436820984 -0.369142085313797 0.31399086117744446 -0.06099675968289375 0.1471966654062271 0.10980202257633209 0.9810994863510132
26.633333206176758 0.6684426069259644 -0.36605554819107056 0.30545979738235474 -0.05976489558815956 0.1385623961687088 0.10584751516580582 0.9828656911849976
26.66666603088379 0.6555420756340027 -0.3625811040401459 0.29865193367004395 -0.05870422348380089 0.1302788406610489 0.10450442880392075 0.9842053055763245
26.700000762939453 0.6446564197540283 -0.36007657647132874 0.29053518176078796 -0.05758124962449074 0.12123236805200577 0.10197662562131882 0.9856916069984436
26.733333587646484 0.6314998269081116 -0.3538872003555298 0.2825217843055725 -0.05584004148840904 0.11435845494270325 0.09772984683513641 0.9870425462722778
26.766666412353516 0.6197027564048767 -0.3483767509460449 0.2759658396244049 -0.055233974009752274 0.10941767692565918 0.0940767154097557 0.987991213798523
26.799999237060547 0.6079025864601135 -0.3445006310939789 0.26891568303108215 -0.05503138154745102 0.10410348325967789 0.08907583355903625 0.9890397191047668
26.83333396911621 0.5951806902885437 -0.3402725160121918 0.2607436180114746 -0.05482220649719238 0.09756451100111008 0.08466783910989761 0.9901045560836792
26.866666793823242 0.583855152130127 -0.3355961740016937 0.25491976737976074 -0.054686617106199265 0.09070254862308502 0.08202222734689713 0.9909868240356445
26.899999618530273 0.5746479630470276 -0.3319503962993622 0.24649560451507568 -0.05406290665268898 0.08343148231506348 0.07917894423007965 0.9918906688690186
26.933332443237305 0.5636218786239624 -0.32633787393569946 0.2380574643611908 -0.051888518035411835 0.07637419551610947 0.07490913569927216 0.9929064512252808
26.96666717529297 0.555479109287262 -0.32078680396080017 0.23067466914653778 -0.050159674137830734 0.0695061907172203 0.07137229293584824 0.9937600493431091
27.0 0.5437319874763489 -0.3151393532752991 0.22018863260746002 -0.048587072640657425 0.06271754205226898 0.06792967766523361 0.9945307374000549
27.03333282470703 0.5342395305633545 -0.3116558790206909 0.2108222097158432 -0.04633259028196335 0.05632783845067024 0.06558768451213837 0.9951778054237366
27.066667556762695 0.5257227420806885 -0.3093694746494293 0.19845430552959442 -0.045266445726156235 0.051210757344961166 0.06229710578918457 0.9957146048545837
27.100000381469727 0.5179521441459656 -0.3054068982601166 0.18785715103149414 -0.044137220829725266 0.04632782191038132 0.057233359664678574 0.9963082671165466
27.133333206176758 0.5093967914581299 -0.3007248640060425 0.1777849793434143 -0.04272272810339928 0.042118314653635025 0.05181053653359413 0.9968533515930176
27.16666603088379 0.503094494342804 -0.29477691650390625 0.1672223061323166 -0.04032691940665245 0.03676893934607506 0.04966232553124428 0.9972740411758423
27.200000762939453 0.49510660767555237 -0.28893354535102844 0.1556338369846344 -0.03811165317893028 0.028252698481082916 0.04852362349629402 0.997694730758667
27.233333587646484 0.4901934862136841 -0.2818896770477295 0.14589467644691467 -0.035017624497413635 0.018326546996831894 0.046200696378946304 0.9981500506401062
27.266666412353516 0.48221445083618164 -0.27614250779151917 0.13412213325500488 -0.03309059515595436 0.012808709405362606 0.04194677993655205 0.9984896183013916
27.299999237060547 0.47693586349487305 -0.271023690700531 0.12392334640026093 -0.031711723655462265 0.005992537830024958 0.038004595786333084 0.9987562894821167
27.33333396911621 0.4679688513278961 -0.26386138796806335 0.11521764099597931 -0.030299752950668335 -0.002929919632151723 0.0326831080019474 0.9990021586418152
27.366666793823242 0.46096813678741455 -0.2575298249721527 0.10573886334896088 -0.029244547709822655 -0.01122603751718998 0.026115987449884415 0.9991679787635803
27.399999618530273 0.45386579632759094 -0.25057223439216614 0.0962381660938263 -0.027118412777781487 -0.01820598542690277 0.01767696812748909 0.9993100762367249
27.433332443237305 0.44410794973373413 -0.24014875292778015 0.0860980972647667 -0.023013189435005188 -0.02492382749915123 0.008212369866669178 0.999390721321106
27.46666717529297 0.436733216047287 -0.23268234729766846 0.07540280371904373 -0.0186008308082819 -0.03209858015179634 -0.0012354187201708555 0.9993108510971069
27.5 0.4268323481082916 -0.22531048953533173 0.0642881765961647 -0.013782370835542679 -0.03794118016958237 -0.007713371887803078 0.9991552233695984
27.53333282470703 0.41844791173934937 -0.2197263538837433 0.052884407341480255 -0.009459208697080612 -0.047098107635974884 -0.014066899195313454 0.9987464547157288
27.566667556762695 0.4111376702785492 -0.21368806064128876 0.04239685460925102 -0.00544029101729393 -0.05707035958766937 -0.021355319768190384 0.9981269240379333
27.600000381469727 0.4033953547477722 -0.20781327784061432 0.032088298350572586 -0.0022974200546741486 -0.06288301944732666 -0.028683099895715714 0.9976059794425964
27.633333206176758 0.3946859538555145 -0.20285218954086304 0.02157600224018097 0.00015610616537742317 -0.06603328138589859 -0.03491045907139778 0.9972065687179565
27.66666603088379 0.3874209225177765 -0.19566065073013306 0.013386123813688755 0.003034803085029125 -0.06797338277101517 -0.039959270507097244 0.9968819618225098
27.700000762939453 0.38148272037506104 -0.19027043879032135 0.00510915694758296 0.0036182408221066 -0.06872682273387909 -0.04428292065858841 0.9966456294059753
27.733333587646484 0.37556013464927673 -0.18280984461307526 -0.004523599520325661 0.003966871183365583 -0.07019400596618652 -0.047205790877342224 0.9964079260826111
27.766666412353516 0.3701123595237732 -0.17596754431724548 -0.012745599262416363 0.0029478715732693672 -0.0723971277475357 -0.049148786813020706 0.9961598515510559
27.799999237060547 0.36457881331443787 -0.16980549693107605 -0.02027897909283638 0.0007524954271502793 -0.07534318417310715 -0.05114560201764107 0.9958449006080627
27.83333396911621 0.3613368272781372 -0.16336311399936676 -0.027233697474002838 -0.0006954104756005108 -0.0794852152466774 -0.051802076399326324 0.9954890012741089
27.866666793823242 0.35812824964523315 -0.15462882816791534 -0.03424812853336334 -9.217527986038476e-05 -0.08302462100982666 -0.05167718604207039 0.9952067732810974
27.899999618530273 0.3560250997543335 -0.14816021919250488 -0.04110639542341232 -0.0016775126568973064 -0.0860748291015625 -0.05128123611211777 0.9949666261672974
27.933332443237305 0.3534090518951416 -0.14058588445186615 -0.04606381803750992 -0.00440283352509141 -0.08880369365215302 -0.04978407174348831 0.994794487953186
27.96666717529297 0.35563310980796814 -0.1356111466884613 -0.05116936191916466 -0.006986571010202169 -0.09331434965133667 -0.048985086381435394 0.9944064617156982
28.0 0.35621729493141174 -0.13244333863258362 -0.0568714365363121 -0.010048371739685535 -0.09476272016763687 -0.04941115528345108 0.994222104549408
28.03333282470703 0.3584950864315033 -0.12461718916893005 -0.0625019371509552 -0.011129189282655716 -0.09572052210569382 -0.04937775060534477 0.9941205382347107
28.066667556762695 0.3605574667453766 -0.12094470113515854 -0.06906641274690628 -0.011589830741286278 -0.09820200502872467 -0.04832879453897476 0.9939247965812683
28.100000381469727 0.3619718849658966 -0.11468099802732468 -0.07614132761955261 -0.009563401341438293 -0.1016351729631424 -0.0457480251789093 0.9937232732772827
28.133333206176758 0.3635430634021759 -0.11092700064182281 -0.0841015875339508 -0.007746012415736914 -0.10475156456232071 -0.04391216114163399 0.9934983253479004
28.16666603088379 0.36514171957969666 -0.10844013094902039 -0.08949112147092819 -0.007053623907268047 -0.1064666211605072 -0.04292073845863342 0.9933644533157349
28.200000762939453 0.36555707454681396 -0.10650209337472916 -0.09376230835914612 -0.007163969799876213 -0.10739021003246307 -0.04268421605229378 0.9932745099067688
28.233333587646484 0.3650917708873749 -0.10437840968370438 -0.09626069664955139 -0.008032585494220257 -0.10833361744880676 -0.043271929025650024 0.9931398630142212
28.266666412353516 0.36470818519592285 -0.10392066091299057 -0.09714528173208237 -0.01011026930063963 -0.10890724509954453 -0.045218538492918015 0.9929714202880859
28.299999237060547 0.36220356822013855 -0.10154496878385544 -0.09851016104221344 -0.01079184003174305 -0.10893901437520981 -0.047862034291028976 0.9928368330001831
28.33333396911621 0.3603583872318268 -0.10035564750432968 -0.09840906411409378 -0.010180984623730183 -0.10855542868375778 -0.05051133409142494 0.9927541017532349
28.366666793823242 0.3588738739490509 -0.10070095956325531 -0.09874162822961807 -0.009404081851243973 -0.10882551223039627 -0.05201698839664459 0.9926545023918152
28.399999618530273 0.3571692407131195 -0.10024113953113556 -0.0983271673321724 -0.008294264785945415 -0.10945004224777222 -0.052860092371702194 0.9925510883331299
28.433332443237305 0.3560771346092224 -0.10149224102497101 -0.0969550758600235 -0.008153180591762066 -0.10847635567188263 -0.05260944366455078 0.9926725029945374
28.46666717529297 0.3540818393230438 -0.10252737253904343 -0.09387464076280594 -0.008245766162872314 -0.10405801236629486 -0.052241675555706024 0.9931640625
28.5 0.3508409857749939 -0.10412751138210297 -0.08812350779771805 -0.009895840659737587 -0.09918376803398132 -0.05371624231338501 0.9935688972473145
28.53333282470703 0.3472725749015808 -0.10600278526544571 -0.08155027031898499 -0.011240724474191666 -0.09709779918193817 -0.05629076808691025 0.9936181902885437
28.566667556762695 0.3431042730808258 -0.10748367011547089 -0.0748639926314354 -0.011127140372991562 -0.09692363440990448 -0.05740891769528389 0.9935725331306458
28.600000381469727 0.33928200602531433 -0.1100701168179512 -0.06695723533630371 -0.01101110689342022 -0.09709283709526062 -0.057483524084091187 0.9935529828071594
28.633333206176758 0.33573660254478455 -0.11346827447414398 -0.057689815759658813 -0.01138679776340723 -0.0964016541838646 -0.05762920156121254 0.9936075210571289
28.66666603088379 0.3318343162536621 -0.1170872151851654 -0.04768701642751694 -0.012263587675988674 -0.09427011013031006 -0.058489829301834106 0.9937514066696167
28.700000762939453 0.32922258973121643 -0.12162058800458908 -0.035306159406900406 -0.013792210258543491 -0.09284142404794693 -0.05809345096349716 0.9938890337944031
28.733333587646484 0.3266112804412842 -0.12617656588554382 -0.021680815145373344 -0.015792883932590485 -0.09316577017307281 -0.05546446144580841 0.9939791560173035
28.766666412353516 0.32477352023124695 -0.13058224320411682 -0.00838234182447195 -0.01777544803917408 -0.09399542957544327 -0.05215276777744293 0.9940468072891235
28.799999237060547 0.3254276514053345 -0.1367475837469101 0.0043910788372159 -0.019169433042407036 -0.09455219656229019 -0.04922889545559883 0.9941171407699585
28.83333396911621 0.3258977234363556 -0.14178982377052307 0.01790115237236023 -0.01857759803533554 -0.0940965786576271 -0.04629514738917351 0.9943125247955322
28.866666793823242 0.3256487548351288 -0.14787960052490234 0.03074530139565468 -0.018937939777970314 -0.09267329424619675 -0.04425964504480362 0.9945321083068848
28.899999618530273 0.3268081843852997 -0.15519388020038605 0.04257981479167938 -0.020976249128580093 -0.09125328809022903 -0.04215943068265915 0.9947137236595154
28.933332443237305 0.327146053314209 -0.16209927201271057 0.05543775483965874 -0.02301519177854061 -0.09050814062356949 -0.03931441903114319 0.9948532581329346
28.96666717529297 0.3281424939632416 -0.1674235314130783 0.06920697540044785 -0.023881368339061737 -0.09046411514282227 -0.037091951817274094 0.9949221611022949
29.0 0.3293949067592621 -0.1729845255613327 0.08230757713317871 -0.024847058579325676 -0.08969233930110931 -0.03560672700405121 0.9950226545333862
29.03333282470703 0.33051085472106934 -0.179495707154274 0.09573478996753693 -0.025830257683992386 -0.08853674679994583 -0.03412996232509613 0.9951528310775757
29.066667556762695 0.3309068977832794 -0.18402081727981567 0.10896030068397522 -0.025829825550317764 -0.08800461888313293 -0.03283301368355751 0.9952437281608582
29.100000381469727 0.33397889137268066 -0.18888777494430542 0.12269924581050873 -0.02598564699292183 -0.08985317498445511 -0.03210338577628136 0.9950982928276062
29.133333206176758 0.33267149329185486 -0.1918887495994568 0.1357450634241104 -0.025841761380434036 -0.08947712928056717 -0.031587064266204834 0.9951524138450623
29.16666603088379 0.33217620849609375 -0.19678464531898499 0.14941561222076416 -0.027334894984960556 -0.08885899186134338 -0.029608160257339478 0.9952287077903748
29.200000762939453 0.3318147659301758 -0.19995149970054626 0.16287192702293396 -0.02848702482879162 -0.0901293009519577 -0.02750108204782009 0.9951426386833191
29.233333587646484 0.3310730755329132 -0.20216836035251617 0.17587929964065552 -0.02934856526553631 -0.09151136130094528 -0.027019551023840904 0.9950046539306641
29.266666412353516 0.3289638161659241 -0.20497559010982513 0.18860994279384613 -0.030381543561816216 -0.09004238247871399 -0.02684563212096691 0.995112419128418
29.299999237060547 0.3276570737361908 -0.2079886794090271 0.20035132765769958 -0.031154561787843704 -0.08995383977890015 -0.025452109053730965 0.9951331615447998
29.33333396911621 0.3268260657787323 -0.21131525933742523 0.21134385466575623 -0.03196164220571518 -0.09264723211526871 -0.023782314732670784 0.994901716709137
29.366666793823242 0.3252764940261841 -0.21413873136043549 0.22223712503910065 -0.033027421683073044 -0.0938749611377716 -0.0238401647657156 0.994750440120697
29.399999618530273 0.3229241371154785 -0.21684320271015167 0.23230549693107605 -0.035037241876125336 -0.09340693056583405 -0.02532072737812996 0.9946891069412231
29.433332443237305 0.32071247696876526 -0.21964389085769653 0.24274671077728271 -0.03689585626125336 -0.09376352280378342 -0.02683873102068901 0.9945485591888428
29.46666717529297 0.3179773688316345 -0.2216273695230484 0.2514972686767578 -0.037858083844184875 -0.0946643203496933 -0.026797154918313026 0.9944281578063965
29.5 0.31477275490760803 -0.22347386181354523 0.26105761528015137 -0.03938179463148117 -0.09615464508533478 -0.02592533640563488 0.994249165058136
29.53333282470703 0.31229496002197266 -0.22515198588371277 0.2701442241668701 -0.0423998087644577 -0.0974835604429245 -0.02642548829317093 0.9939823150634766
29.566667556762695 0.3090023994445801 -0.22666947543621063 0.2793166935443878 -0.044471509754657745 -0.09802866727113724 -0.027539627626538277 0.9938079714775085
29.600000381469727 0.3098839819431305 -0.22585521638393402 0.2851562201976776 -0.04533820226788521 -0.1004452258348465 -0.02749345637857914 0.9935287833213806
29.633333206176758 0.308967649936676 -0.2211555540561676 0.29294246435165405 -0.042506080120801926 -0.1046607568860054 -0.027384618297219276 0.9932217001914978
29.66666603088379 0.29917973279953003 -0.2295936644077301 0.30014124512672424 -0.046937648206949234 -0.10421938449144363 -0.031018495559692383 0.9929617643356323
29.700000762939453 0.3006366491317749 -0.22761960327625275 0.30447831749916077 -0.046168603003025055 -0.10812120884656906 -0.03161735087633133 0.9925616383552551
29.733333587646484 0.2927037179470062 -0.23055040836334229 0.3139929473400116 -0.048443254083395004 -0.10792507231235504 -0.03494468331336975 0.9923630952835083
29.766666412353516 0.2887383699417114 -0.23439478874206543 0.3204595148563385 -0.04976547509431839 -0.10692641139030457 -0.038560014218091965 0.9922718405723572
29.799999237060547 0.28668054938316345 -0.23109112679958344 0.325194388628006 -0.04659785330295563 -0.10412783175706863 -0.04007856920361519 0.9926630258560181
29.83333396911621 0.28543946146965027 -0.2276303917169571 0.3304727375507355 -0.043920330703258514 -0.10369543731212616 -0.0409475713968277 0.9927948713302612
29.866666793823242 0.2854785919189453 -0.2262198030948639 0.3357999920845032 -0.04291678965091705 -0.1057921051979065 -0.04172162711620331 0.992585301399231
29.899999618530273 0.2861684262752533 -0.22580201923847198 0.3395868241786957 -0.043635956943035126 -0.1079610139131546 -0.042425837367773056 0.9922904968261719
29.933332443237305 0.2849999964237213 -0.2267039567232132 0.34749770164489746 -0.04500911012291908 -0.10979355126619339 -0.04215060919523239 0.9920397400856018
29.96666717529297 0.2809343934059143 -0.22947067022323608 0.35396313667297363 -0.046480994671583176 -0.1096845343708992 -0.04261668771505356 0.9919640421867371
30.0 0.27974188327789307 -0.23060284554958344 0.3595159947872162 -0.04627097398042679 -0.11019814014434814 -0.041940588504076004 0.9919458031654358
30.03333282470703 0.27813416719436646 -0.2328520119190216 0.3641163110733032 -0.047147661447525024 -0.11095843464136124 -0.04163188487291336 0.9918327331542969
30.066667556762695 0.2790326178073883 -0.23539863526821136 0.36816293001174927 -0.04760252684354782 -0.11210951954126358 -0.0422140471637249 0.9916569590568542
30.100000381469727 0.2798728048801422 -0.23592011630535126 0.3704826831817627 -0.0463671050965786 -0.11157539486885071 -0.043311957269907 0.9917283654212952
30.133333206176758 0.27997392416000366 -0.23744183778762817 0.3731631338596344 -0.04551251232624054 -0.10858024656772614 -0.045214831829071045 0.9920154809951782
30.16666603088379 0.2814696431159973 -0.23911607265472412 0.37547117471694946 -0.044456835836172104 -0.10443620383739471 -0.0468619205057621 0.9924317002296448
30.200000762939453 0.2780779004096985 -0.24106955528259277 0.37494245171546936 -0.04455334320664406 -0.09900819510221481 -0.047837480902671814 0.9929370880126953
30.233333587646484 0.278140127658844 -0.23982588946819305 0.37570488452911377 -0.04346852004528046 -0.09839817136526108 -0.0462532714009285 0.9931208491325378
30.266666412353516 0.28066956996917725 -0.24037876725196838 0.37550246715545654 -0.043299902230501175 -0.10016179829835892 -0.04391300678253174 0.9930581450462341
30.299999237060547 0.28204405307769775 -0.2405201643705368 0.37509453296661377 -0.0426081120967865 -0.10088739544153214 -0.04194113239645958 0.9930998682975769
30.33333396911621 0.2830207347869873 -0.24170467257499695 0.37452074885368347 -0.042679086327552795 -0.1009574756026268 -0.040540341287851334 0.9931478500366211
30.366666793823242 0.28275567293167114 -0.24201959371566772 0.3734148144721985 -0.042332932353019714 -0.1017560139298439 -0.040338363498449326 0.9930893778800964
30.399999618530273 0.28290891647338867 -0.2421015202999115 0.3716356158256531 -0.04185426980257034 -0.10454899072647095 -0.04073077440261841 0.9928035140037537
30.433332443237305 0.28169313073158264 -0.24327190220355988 0.3689882159233093 -0.04160689562559128 -0.10771717131137848 -0.04159019887447357 0.9924395680427551
30.46666717529297 0.27828091382980347 -0.24426387250423431 0.3655249774456024 -0.04145566374063492 -0.1114196851849556 -0.04285496845841408 0.99198317527771
30.5 0.27450719475746155 -0.24444438517093658 0.3629801571369171 -0.041917067021131516 -0.11752168834209442 -0.043408822268247604 0.9912352561950684
30.53333282470703 0.2713399827480316 -0.24539440870285034 0.3576503396034241 -0.04272521287202835 -0.12768730521202087 -0.04342527687549591 0.9899418354034424
30.566667556762695 0.26691386103630066 -0.24525856971740723 0.3523249626159668 -0.04142448678612709 -0.13841454684734344 -0.044292666018009186 0.9885158538818359
30.600000381469727 0.2616461515426636 -0.2490772008895874 0.346867173910141 -0.041493386030197144 -0.14894695580005646 -0.04656509682536125 0.9868763089179993
30.633333206176758 0.2580515742301941 -0.24843049049377441 0.3422270119190216 -0.03986456245183945 -0.1606283038854599 -0.04727662727236748 0.9850757718086243
30.66666603088379 0.25004422664642334 -0.24851427972316742 0.334913045167923 -0.037974897772073746 -0.17002958059310913 -0.04954110458493233 0.9834599494934082
30.700000762939453 0.24574561417102814 -0.2489858716726303 0.330428808927536 -0.03614909574389458 -0.1812388002872467 -0.05210185423493385 0.981392502784729
30.733333587646484 0.2335163801908493 -0.2513481676578522 0.32151708006858826 -0.03486226871609688 -0.18871666491031647 -0.05602838471531868 0.97981196641922
30.766666412353516 0.22738391160964966 -0.2499656230211258 0.31462955474853516 -0.03198247030377388 -0.20191413164138794 -0.057523712515830994 0.9771892428398132
30.799999237060547 0.2241513729095459 -0.25098463892936707 0.3072938323020935 -0.031143205240368843 -0.221815824508667 -0.057551752775907516 0.9728903770446777
30.83333396911621 0.21920476853847504 -0.25285521149635315 0.29934951663017273 -0.029537634924054146 -0.24253709614276886 -0.05745163932442665 0.9679889678955078
30.866666793823242 0.21598686277866364 -0.2518755793571472 0.29211828112602234 -0.02422500215470791 -0.2627788186073303 -0.05602525547146797 0.962923526763916
30.899999618530273 0.2145664393901825 -0.25293681025505066 0.28503936529159546 -0.023753242567181587 -0.27441275119781494 -0.05750870332121849 0.9595969319343567
30.933332443237305 0.2135864794254303 -0.2533663511276245 0.2796971797943115 -0.02073964849114418 -0.2885063588619232 -0.059488557279109955 0.9554030895233154
30.96666717529297 0.21185171604156494 -0.25382253527641296 0.2743512988090515 -0.017428552731871605 -0.2979315519332886 -0.0619640126824379 0.9524146318435669
31.0 0.21082444489002228 -0.25459617376327515 0.2704355716705322 -0.01461529079824686 -0.3050917685031891 -0.06409204006195068 0.9500513672828674
31.03333282470703 0.21103054285049438 -0.25569090247154236 0.26697465777397156 -0.012663166970014572 -0.3118261396884918 -0.06618571281433105 0.9477466344833374
31.066667556762695 0.21029207110404968 -0.2565825879573822 0.2639448940753937 -0.011552826501429081 -0.3184655010700226 -0.06771448999643326 0.945442259311676
31.100000381469727 0.21075652539730072 -0.2567438781261444 0.26146697998046875 -0.00990175548940897 -0.326016902923584 -0.06913546472787857 0.9427806735038757
31.133333206176758 0.21343877911567688 -0.2562868893146515 0.2590567469596863 -0.008832033723592758 -0.33478236198425293 -0.07140421867370605 0.9395447373390198
31.16666603088379 0.21392984688282013 -0.25627401471138 0.2571695148944855 -0.008836722932755947 -0.3446207344532013 -0.07392798364162445 0.9357848167419434
31.200000762939453 0.21510860323905945 -0.25522908568382263 0.25519099831581116 -0.008853311650454998 -0.35630354285240173 -0.07701236009597778 0.9311490058898926
31.233333587646484 0.21566149592399597 -0.2538806200027466 0.2529377341270447 -0.008632145822048187 -0.3659965991973877 -0.08090884238481522 0.9270521998405457
31.266666412353516 0.216573566198349 -0.25292232632637024 0.2505035400390625 -0.008969835005700588 -0.3730930984020233 -0.08537287265062332 0.9238141179084778
31.299999237060547 0.21693037450313568 -0.25176799297332764 0.24920111894607544 -0.009565843269228935 -0.37909838557243347 -0.09010674804449081 0.9209091663360596
31.33333396911621 0.2176521271467209 -0.2501718997955322 0.2476108819246292 -0.00938878208398819 -0.3837808072566986 -0.09447590261697769 0.9185306429862976
31.366666793823242 0.2191082239151001 -0.24752825498580933 0.2442527562379837 -0.007683969102799892 -0.387893944978714 -0.09788170456886292 0.9164597392082214
31.399999618530273 0.22178992629051208 -0.24638810753822327 0.24262814223766327 -0.005493730306625366 -0.3957940638065338 -0.10062424838542938 0.9127933382987976
31.433332443237305 0.2242245376110077 -0.24475787580013275 0.24096840620040894 -0.004471534863114357 -0.4073604941368103 -0.10216183215379715 0.9075243473052979
31.46666717529297 0.22719672322273254 -0.2427566647529602 0.24025948345661163 -0.0037196401972323656 -0.4200654923915863 -0.10400384664535522 0.901506781578064
31.5 0.23146827518939972 -0.24281927943229675 0.24070118367671967 -0.0026336510200053453 -0.4321978688240051 -0.10418666899204254 0.8957362174987793
31.53333282470703 0.23578248918056488 -0.24016976356506348 0.23795980215072632 0.0012064861366525292 -0.43966928124427795 -0.10403256863355637 0.8921136856079102
31.566667556762695 0.23980841040611267 -0.23872868716716766 0.23594847321510315 0.004855957347899675 -0.44276753067970276 -0.10479088127613068 0.8904786109924316
31.600000381469727 0.24277837574481964 -0.2383483350276947 0.23355652391910553 0.008830985985696316 -0.4453653395175934 -0.10796793550252914 0.8887714743614197
31.633333206176758 0.2440696656703949 -0.23792503774166107 0.23030869662761688 0.012247721664607525 -0.44713252782821655 -0.11282455921173096 0.8872389793395996
31.66666603088379 0.24425025284290314 -0.23753021657466888 0.22706861793994904 0.015123642981052399 -0.4481060206890106 -0.11816710978746414 0.8860073089599609
31.700000762939453 0.2431226670742035 -0.23746903240680695 0.22394344210624695 0.01742229424417019 -0.4497546851634979 -0.1241249293088913 0.8843134641647339
31.733333587646484 0.24175558984279633 -0.23804157972335815 0.22095908224582672 0.018041562288999557 -0.4514777362346649 -0.12914130091667175 0.8827031254768372
31.766666412353516 0.23931168019771576 -0.237362802028656 0.21736198663711548 0.018792644143104553 -0.45241448283195496 -0.13257619738578796 0.8816980719566345
31.799999237060547 0.23617371916770935 -0.23724693059921265 0.21370843052864075 0.01803128980100155 -0.4532778263092041 -0.1339135468006134 0.881068229675293
31.83333396911621 0.2323257029056549 -0.23606492578983307 0.21060650050640106 0.016687102615833282 -0.45520076155662537 -0.13320761919021606 0.8802100419998169
31.866666793823242 0.22860631346702576 -0.23540957272052765 0.20806948840618134 0.01500286627560854 -0.45784270763397217 -0.13225580751895905 0.8790127635002136
31.899999618530273 0.22371754050254822 -0.23252511024475098 0.2034333050251007 0.013691949658095837 -0.45926663279533386 -0.13129034638404846 0.8784358501434326
31.933332443237305 0.21671967208385468 -0.2283872365951538 0.19648519158363342 0.011998558416962624 -0.4605351686477661 -0.13154347240924835 0.8777583241462708
31.96666717529297 0.21267910301685333 -0.2260924130678177 0.1929297298192978 0.010163462720811367 -0.46208131313323975 -0.1332075297832489 0.8767173290252686
32.0 0.20618657767772675 -0.22270013391971588 0.18631461262702942 0.008715685456991196 -0.4628608524799347 -0.13394419848918915 0.8762093782424927
32.03333282470703 0.1965283751487732 -0.21732747554779053 0.1764630824327469 0.008528095670044422 -0.4640505313873291 -0.13348136842250824 0.8756523728370667
32.06666564941406 0.1863594353199005 -0.2119935303926468 0.16663016378879547 0.009474859572947025 -0.465927392244339 -0.13208763301372528 0.8748569488525391
32.099998474121094 0.17740169167518616 -0.20768526196479797 0.15823282301425934 0.01001742109656334 -0.4685359001159668 -0.13057014346122742 0.8736849427223206
32.13333511352539 0.16552038490772247 -0.2040855586528778 0.14698849618434906 0.008501095697283745 -0.4699823558330536 -0.13091526925563812 0.8728720545768738
32.16666793823242 0.15620781481266022 -0.20248374342918396 0.1379004716873169 0.007210439536720514 -0.4713883399963379 -0.1337958127260208 0.8716879487037659
32.20000076293945 0.1424117386341095 -0.1999817192554474 0.12605857849121094 0.006749726831912994 -0.4726925790309906 -0.13800778985023499 0.8703275918960571
32.233333587646484 0.12744614481925964 -0.19703111052513123 0.11232591420412064 0.006096866447478533 -0.4728398025035858 -0.1417398899793625 0.8696523308753967
32.266666412353516 0.1144271120429039 -0.19395075738430023 0.10003042966127396 0.006284053437411785 -0.47413381934165955 -0.14454062283039093 0.8684846758842468
32.29999923706055 0.09934631735086441 -0.1906065046787262 0.08409790694713593 0.006368097383528948 -0.4754289984703064 -0.14601488411426544 0.8675289154052734
32.33333206176758 0.08603109419345856 -0.1869450807571411 0.07588135451078415 0.005713270977139473 -0.4787183403968811 -0.14621315896511078 0.8656892776489258
32.36666488647461 0.07181965559720993 -0.1815406233072281 0.07250387966632843 0.003631068393588066 -0.48265478014945984 -0.14611691236495972 0.8635282516479492
32.400001525878906 0.057874925434589386 -0.17484299838542938 0.06547556817531586 0.0006583691574633121 -0.4868212640285492 -0.1466684639453888 0.8610998392105103
32.43333435058594 0.04383435845375061 -0.1691051870584488 0.054805997759103775 -0.0025457129813730717 -0.4881156384944916 -0.14685072004795074 0.8603322505950928
32.46666717529297 0.032810814678668976 -0.16356177628040314 0.04674552008509636 -0.004960405640304089 -0.4881383180618286 -0.14621715247631073 0.8604166507720947
32.5 0.02244006097316742 -0.15720216929912567 0.03573491796851158 -0.006269080564379692 -0.4894292950630188 -0.1451343148946762 0.8598579168319702
32.53333282470703 0.011834120377898216 -0.15123361349105835 0.028115203604102135 -0.00713453209027648 -0.49177926778793335 -0.14411821961402893 0.8586805462837219
32.56666564941406 0.0038728166837245226 -0.1434677243232727 0.0198532585054636 -0.0064737205393612385 -0.49333396553993225 -0.14295949041843414 0.8579873442649841
32.599998474121094 -0.005546748638153076 -0.13625307381153107 0.01145911868661642 -0.0079359645023942 -0.4915875494480133 -0.14093410968780518 0.8593115210533142
32.63333511352539 -0.013694703578948975 -0.1329408437013626 0.00078664964530617 -0.00804666057229042 -0.49172866344451904 -0.1397145688533783 0.8594289422035217
32.66666793823242 -0.020713767036795616 -0.12864448130130768 -0.0045455824583768845 -0.008701415732502937 -0.48994606733322144 -0.13717252016067505 0.8608489036560059
32.70000076293945 -0.02665625885128975 -0.12548448145389557 -0.010767566040158272 -0.009388918057084084 -0.48831120133399963 -0.13388657569885254 0.8622866868972778
32.733333587646484 -0.03270966559648514 -0.12220072746276855 -0.017293786630034447 -0.009515042416751385 -0.4869252145290375 -0.13037288188934326 0.8636065721511841
32.766666412353516 -0.03885882720351219 -0.1182742491364479 -0.024217689409852028 -0.009776990860700607 -0.4859788715839386 -0.12764990329742432 0.8645429611206055
32.79999923706055 -0.041392140090465546 -0.11610276997089386 -0.027727866545319557 -0.010564779862761497 -0.48462092876434326 -0.12496671825647354 0.8656872510910034
32.83333206176758 -0.04669064283370972 -0.11101113259792328 -0.03962418809533119 -0.010686035268008709 -0.4801653325557709 -0.12039513140916824 0.8688107132911682
32.86666488647461 -0.05273299664258957 -0.10761958360671997 -0.04753731191158295 -0.011075206100940704 -0.4770083427429199 -0.11489620804786682 0.8712859749794006
32.900001525878906 -0.055585283786058426 -0.10590590536594391 -0.051185399293899536 -0.011276488192379475 -0.4753352403640747 -0.10961092263460159 0.8728771805763245
32.93333435058594 -0.056584279984235764 -0.10330933332443237 -0.05136609449982643 -0.010289561934769154 -0.473825067281723 -0.10580436885356903 0.8741792440414429
32.96666717529297 -0.05943245813250542 -0.09888117760419846 -0.05642297863960266 -0.009466602467000484 -0.46981099247932434 -0.10210879147052765 0.8767906427383423
33.0 -0.06248459219932556 -0.09572453796863556 -0.06202038377523422 -0.00881343986839056 -0.46590113639831543 -0.0980345830321312 0.8793450593948364
33.03333282470703 -0.06574127078056335 -0.09168674051761627 -0.06701147556304932 -0.008373391814529896 -0.461463063955307 -0.09362425655126572 0.8821656107902527
33.06666564941406 -0.06889258325099945 -0.08758249133825302 -0.07055044174194336 -0.008711914531886578 -0.45557889342308044 -0.09059878438711166 0.8855302929878235
33.099998474121094 -0.07244336605072021 -0.08133020251989365 -0.0732932761311531 -0.009951990097761154 -0.450772762298584 -0.08793124556541443 0.8882415294647217
33.13333511352539 -0.07700023800134659 -0.0746082291007042 -0.07749304175376892 -0.010530148632824421 -0.44717276096343994 -0.08732593804597855 0.8901122212409973
33.16666793823242 -0.08203630149364471 -0.0673721581697464 -0.08044800907373428 -0.010644988156855106 -0.44275665283203125 -0.08812598139047623 0.89223712682724
33.20000076293945 -0.08391440659761429 -0.05992700904607773 -0.08322446793317795 -0.010385217145085335 -0.4378182888031006 -0.08954081684350967 0.8945332765579224
33.233333587646484 -0.08861186355352402 -0.052685294300317764 -0.0870109498500824 -0.010980049148201942 -0.4334719777107239 -0.0909518226981163 0.8964983820915222
33.266666412353516 -0.09332524240016937 -0.04491285979747772 -0.08823032677173615 -0.011160662397742271 -0.4297288954257965 -0.09270849823951721 0.8981167674064636
33.29999923706055 -0.09696300327777863 -0.037238433957099915 -0.09237035363912582 -0.010639057494699955 -0.42536601424217224 -0.09450843185186386 0.9000104665756226
33.33333206176758 -0.10018402338027954 -0.030988771468400955 -0.09572620689868927 -0.010465363040566444 -0.42225292325019836 -0.09582045674324036 0.9013386964797974
33.36666488647461 -0.10270476341247559 -0.023723876103758812 -0.09910543262958527 -0.009891205467283726 -0.420058935880661 -0.09770245850086212 0.902167797088623
33.400001525878906 -0.10418317466974258 -0.019362537190318108 -0.0997963473200798 -0.011276946403086185 -0.4195234477519989 -0.09970948845148087 0.9021812081336975
33.43333435058594 -0.1052887961268425 -0.012279815971851349 -0.09942633658647537 -0.012293578125536442 -0.41891443729400635 -0.10052967071533203 0.9023599028587341
33.46666717529297 -0.10692653805017471 -0.005952421110123396 -0.09988077729940414 -0.013586622662842274 -0.41786056756973267 -0.10010548681020737 0.9028770327568054
33.5 -0.10738839209079742 -0.0035205392632633448 -0.09961756318807602 -0.014881927520036697 -0.4167538285255432 -0.0999489277601242 0.90338534116745
33.53333282470703 -0.10923075675964355 0.0021490545477718115 -0.10199153423309326 -0.01403872575610876 -0.41443777084350586 -0.09936118125915527 0.9045284390449524
33.56666564941406 -0.11011451482772827 0.00390933221206069 -0.10261065512895584 -0.013490831479430199 -0.41355010867118835 -0.09954795986413956 0.9049224257469177
33.599998474121094 -0.11278510093688965 0.007244016509503126 -0.10295261442661285 -0.013110973872244358 -0.41273656487464905 -0.1009935513138771 0.9051392078399658
33.63333511352539 -0.1151031106710434 0.01062384620308876 -0.10307884961366653 -0.01340534072369337 -0.4115881621837616 -0.10283246636390686 0.905450701713562
33.66666793823242 -0.11886482685804367 0.014300687238574028 -0.1029033362865448 -0.013751615770161152 -0.4115084707736969 -0.10344570875167847 0.9054118990898132
33.70000076293945 -0.121611587703228 0.01693282648921013 -0.10310566425323486 -0.014572677202522755 -0.4119480848312378 -0.1055678203701973 0.9049541354179382
33.733333587646484 -0.1253318041563034 0.022343697026371956 -0.10543574392795563 -0.012795847840607166 -0.41120249032974243 -0.1078869178891182 0.9050465822219849
33.766666412353516 -0.12581376731395721 0.023533275350928307 -0.10913807153701782 -0.009890441782772541 -0.41033196449279785 -0.10866206139326096 0.9053851962089539
33.79999923706055 -0.12455594539642334 0.021559232845902443 -0.11109273880720139 -0.008987994864583015 -0.4113498032093048 -0.10981817543506622 0.9047931432723999
33.83333206176758 -0.12486038357019424 0.023106804117560387 -0.11321854591369629 -0.007612459361553192 -0.41080406308174133 -0.11105681210756302 0.9049025177955627
33.86666488647461 -0.1255212128162384 0.02436939813196659 -0.11627651751041412 -0.0062139760702848434 -0.40798985958099365 -0.11113650351762772 0.9061756730079651
33.900001525878906 -0.1252133995294571 0.026286045089364052 -0.11580095440149307 -0.005229526665061712 -0.40689611434936523 -0.10988330096006393 0.9068261981010437
33.93333435058594 -0.12590253353118896 0.029163246974349022 -0.11567006260156631 -0.005702575668692589 -0.4066027104854584 -0.10902868211269379 0.9070581793785095
33.96666717529297 -0.12640345096588135 0.027766695246100426 -0.1193387433886528 -0.0036300579085946083 -0.4053812325000763 -0.11034953594207764 0.9074558019638062
34.0 -0.12733305990695953 0.027749372646212578 -0.11968289315700531 -0.002422147896140814 -0.4046783447265625 -0.11059778928756714 0.9077431559562683
34.03333282470703 -0.12997056543827057 0.03283344581723213 -0.12235040962696075 -0.0015921836020424962 -0.40390700101852417 -0.11195280402898788 0.9079224467277527
34.06666564941406 -0.13035063445568085 0.032278042286634445 -0.1208086758852005 -0.0018739468650892377 -0.40528130531311035 -0.11415521800518036 0.9070348143577576
34.099998474121094 -0.13145412504673004 0.03076034225523472 -0.12197916954755783 -0.0025024174246937037 -0.40471258759498596 -0.11564399302005768 0.9070987105369568
34.13333511352539 -0.13381949067115784 0.034010522067546844 -0.12321602553129196 -0.0007891552522778511 -0.4034365117549896 -0.11675851047039032 0.9075273871421814
34.16666793823242 -0.13498184084892273 0.035136640071868896 -0.12614353001117706 0.0005842974060215056 -0.4024268686771393 -0.118442103266716 0.907757580280304
34.20000076293945 -0.1371544450521469 0.03686433658003807 -0.1285620629787445 0.0023199536371976137 -0.401204913854599 -0.12086458504199982 0.9079763293266296
34.233333587646484 -0.1416240781545639 0.03965520113706589 -0.13095520436763763 0.0036383848637342453 -0.39939847588539124 -0.12445016950368881 0.9082840085029602
34.266666412353516 -0.14652355015277863 0.04295916110277176 -0.13389430940151215 0.004187245853245258 -0.39807745814323425 -0.12958598136901855 0.9081433415412903
34.29999923706055 -0.15477994084358215 0.04686189442873001 -0.13562330603599548 0.0029025780968368053 -0.3942645490169525 -0.13844020664691925 0.9085050821304321
34.33333206176758 -0.16560089588165283 0.050748053938150406 -0.13633868098258972 -0.0010071753058582544 -0.3892005980014801 -0.14712435007095337 0.9093274474143982
34.36666488647461 -0.16705530881881714 0.05077406018972397 -0.1347719132900238 -0.0019818898290395737 -0.39025014638900757 -0.14769360423088074 0.9087835550308228
34.400001525878906 -0.16131389141082764 0.04866562411189079 -0.13131636381149292 -0.0015178053872659802 -0.3940610885620117 -0.142044335603714 0.9080402255058289
34.43333435058594 -0.15729020535945892 0.046676475554704666 -0.13100795447826385 -0.0002772014413494617 -0.3920346796512604 -0.13847218453884125 0.9094692468643188
34.46666717529297 -0.16008669137954712 0.047017354518175125 -0.13033559918403625 -0.0003687403514049947 -0.38758838176727295 -0.1405874341726303 0.9110490679740906
34.5 -0.16146858036518097 0.04719788208603859 -0.13002687692642212 -0.0027708716224879026 -0.3868192136287689 -0.14216969907283783 0.9111261963844299
34.53333282470703 -0.16009393334388733 0.04627802595496178 -0.12872299551963806 -0.001987035386264324 -0.38757142424583435 -0.14010919630527496 0.9111278057098389
34.56666564941406 -0.1597324013710022 0.046963319182395935 -0.12873829901218414 -0.0009998187888413668 -0.3877708613872528 -0.14034830033779144 0.911007821559906
34.599998474121094 -0.16095972061157227 0.04702209308743477 -0.12933221459388733 -0.0024370311293751 -0.38725587725639343 -0.14164063334465027 0.9110240936279297
34.63333511352539 -0.1602795273065567 0.04655272886157036 -0.12887433171272278 -0.002254392020404339 -0.38735976815223694 -0.14066453278064728 0.9111316204071045
34.66666793823242 -0.15986162424087524 0.04701359570026398 -0.12953424453735352 -0.0012227828847244382 -0.3874965310096741 -0.14080290496349335 0.9110540151596069
34.70000076293945 -0.16065673530101776 0.047100625932216644 -0.1288803517818451 -0.0024505776818841696 -0.38732314109802246 -0.14118801057338715 0.9110657572746277
34.733333587646484 -0.16045141220092773 0.046513453125953674 -0.1289196014404297 -0.0022843265905976295 -0.38737964630126953 -0.1409250646829605 0.9110828638076782
34.766666412353516 -0.16012555360794067 0.04710949584841728 -0.12926839292049408 -0.0016915518790483475 -0.3874172270298004 -0.14125363528728485 0.9110172986984253
34.79999923706055 -0.16101975739002228 0.04694715887308121 -0.1287408024072647 -0.0025865978095680475 -0.3873220682144165 -0.1412685215473175 0.9110533595085144
34.83333206176758 -0.16021886467933655 0.04674869030714035 -0.1291891485452652 -0.0019911834970116615 -0.3874008059501648 -0.14123114943504333 0.911027193069458
34.86666488647461 -0.16047799587249756 0.04709696024656296 -0.1285063773393631 -0.002045363187789917 -0.3874332010746002 -0.14134640991687775 0.9109953045845032
34.900001525878906 -0.16087034344673157 0.046964872628450394 -0.12875083088874817 -0.0021953575778752565 -0.3872566521167755 -0.14123186469078064 0.9110878705978394
34.93333435058594 -0.16030359268188477 0.047027990221977234 -0.12908200919628143 -0.001968764467164874 -0.3873138725757599 -0.14131751656532288 0.9110507965087891
34.96666717529297 -0.16048286855220795 0.04691633954644203 -0.12910810112953186 -0.0026097639929503202 -0.38716626167297363 -0.1413157731294632 0.9111121892929077
35.0 -0.16086435317993164 0.047205690294504166 -0.12895576655864716 -0.00222668144851923 -0.3871751129627228 -0.14151500165462494 0.9110784530639648
35.03333282470703 -0.1609192043542862 0.04666955769062042 -0.1295367032289505 -0.0024437380488961935 -0.3871797025203705 -0.14151529967784882 0.9110759496688843
35.06666564941406 -0.1605670005083084 0.0466887541115284 -0.12887591123580933 -0.002389220055192709 -0.38720548152923584 -0.1413772702217102 0.9110866189002991
35.099998474121094 -0.1605263203382492 0.04665876924991608 -0.12856635451316833 -0.002413936657831073 -0.38725072145462036 -0.14131979644298553 0.9110761284828186
35.13333511352539 -0.16006644070148468 0.04654976353049278 -0.12863081693649292 -0.0025689713656902313 -0.3871876895427704 -0.14108574390411377 0.9111387729644775
35.16666793823242 -0.16016671061515808 0.04663639888167381 -0.12881365418434143 -0.002761254785582423 -0.3870232403278351 -0.1408715695142746 0.9112412929534912
35.20000076293945 -0.16026422381401062 0.04660460725426674 -0.1283349245786667 -0.002539935288950801 -0.3870740234851837 -0.140814408659935 0.911229133605957
35.233333587646484 -0.16143859922885895 0.047493938356637955 -0.12818944454193115 -0.00159240432549268 -0.38326606154441833 -0.14008888602256775 0.9129511117935181
35.266666412353516 -0.1579618901014328 0.045422423630952835 -0.12526586651802063 -0.0021941920276731253 -0.3776530921459198 -0.13743536174297333 0.9156882166862488
35.29999923706055 -0.15402117371559143 0.043910883367061615 -0.12182282656431198 -0.0022461044136434793 -0.3694293797016144 -0.134425088763237 0.9194817543029785
35.33333206176758 -0.1474798619747162 0.04316449165344238 -0.11843966692686081 -0.0015614795265719295 -0.36198246479034424 -0.1321989744901657 0.9227619767189026
35.36666488647461 -0.1437947005033493 0.041347846388816833 -0.11533992737531662 -0.0017420209478586912 -0.3536728024482727 -0.1293516606092453 0.926380455493927
35.400001525878906 -0.13990963995456696 0.0405290462076664 -0.11088421940803528 -0.0013162026880308986 -0.34375452995300293 -0.12530435621738434 0.9306610226631165
35.43333435058594 -0.12998296320438385 0.03726322576403618 -0.10330265015363693 -0.0018700045766308904 -0.3364541530609131 -0.12248820066452026 0.9336978793144226
35.46666717529297 -0.12726496160030365 0.036265432834625244 -0.09924580156803131 -0.001650016289204359 -0.32939764857292175 -0.11923035979270935 0.9366315603256226
35.5 -0.12270797789096832 0.034373972564935684 -0.09384666383266449 -0.0016518881311640143 -0.32340458035469055 -0.11726213991641998 0.9389656186103821
35.53333282470703 -0.12156922370195389 0.034295838326215744 -0.09290594607591629 -0.0016295177629217505 -0.3187640309333801 -0.1156446561217308 0.9407513737678528
35.56666564941406 -0.11852790415287018 0.0326690711081028 -0.08917016535997391 -0.0014778843615204096 -0.313694030046463 -0.11451063305139542 0.9425928592681885
35.599998474121094 -0.11540404707193375 0.03151379153132439 -0.08568098396062851 -0.0014776274329051375 -0.3085234463214874 -0.1121559590101242 0.9445804357528687
35.63333511352539 -0.11445754021406174 0.030964719131588936 -0.0847141370177269 -0.0017123979050666094 -0.3032747507095337 -0.1102682575583458 0.9465001225471497
35.66666793823242 -0.1177625060081482 0.030739692971110344 -0.08744324743747711 -0.0019607669673860073 -0.2999551296234131 -0.10946030914783478 0.9476506114006042
35.70000076293945 -0.11773703992366791 0.030932249501347542 -0.08754377067089081 -0.0018969291122630239 -0.29983463883399963 -0.10976770520210266 0.9476531744003296
35.733333587646484 -0.11708960682153702 0.0307694673538208 -0.08614899218082428 -0.0017586516914889216 -0.3005220592021942 -0.10983765870332718 0.9474275708198547
35.766666412353516 -0.11734616011381149 0.030629266053438187 -0.0864979550242424 -0.0018678732449188828 -0.30015966296195984 -0.10973775386810303 0.9475539326667786
35.79999923706055 -0.11725812405347824 0.030455004423856735 -0.08686234056949615 -0.0019411722896620631 -0.3000492453575134 -0.1098494902253151 0.9475757479667664
35.83333206176758 -0.11715372651815414 0.030337467789649963 -0.08625044673681259 -0.0019216254586353898 -0.3003423810005188 -0.1094931811094284 0.9475241899490356
35.86666488647461 -0.11614079028367996 0.03055492416024208 -0.08669126033782959 -0.0018912502564489841 -0.30062997341156006 -0.1100391298532486 0.9473698139190674
35.900001525878906 -0.11466586589813232 0.029942039400339127 -0.08607381582260132 -0.002103029051795602 -0.3016167879104614 -0.11002285033464432 0.9470575451850891
35.93333435058594 -0.10928381234407425 0.029603339731693268 -0.08408410847187042 -0.0018931649392470717 -0.3010880649089813 -0.10985395312309265 0.9472457766532898
35.96666717529297 -0.1038280799984932 0.030534444376826286 -0.08144470304250717 -0.0012670957949012518 -0.2990760803222656 -0.10918613523244858 0.9479612112045288
36.0 -0.09607365727424622 0.029132962226867676 -0.07645107060670853 -0.0010884145740419626 -0.2960192561149597 -0.10792036354541779 0.949065089225769
36.03333282470703 -0.08709023147821426 0.026973700150847435 -0.07256224006414413 -0.0014455580385401845 -0.29154109954833984 -0.10579043626785278 0.9506893754005432
36.06666564941406 -0.07525840401649475 0.026127154007554054 -0.06883901357650757 -0.0012141402112320065 -0.2870020866394043 -0.10392462462186813 0.9522752165794373
36.099998474121094 -0.06572791188955307 0.023599909618496895 -0.06556567549705505 -0.0018137369770556688 -0.2827778160572052 -0.1020972803235054 0.9537345170974731
36.13333511352539 -0.05294542759656906 0.021991241723299026 -0.06140012666583061 -0.0018734050681814551 -0.27918553352355957 -0.10098738968372345 0.9549102783203125
36.16666793823242 -0.04730970412492752 0.02265392243862152 -0.060479748994112015 -0.0009719968657009304 -0.2755460739135742 -0.09987737238407135 0.9560847282409668
36.20000076293945 -0.03527218475937843 0.020352931693196297 -0.05623311176896095 -0.001331334700807929 -0.27277106046676636 -0.09880822896957397 0.9569907188415527
36.233333587646484 -0.025812260806560516 0.01815154403448105 -0.05339223891496658 -0.0021805434953421354 -0.269812673330307 -0.09728993475437164 0.9579828381538391
36.266666412353516 -0.015618260018527508 0.01712060533463955 -0.052443526685237885 -0.0018617241876199841 -0.26747646927833557 -0.09651215374469757 0.9587170481681824
36.29999923706055 -0.0051686824299395084 0.01617828570306301 -0.04696068540215492 -0.0014380884822458029 -0.26732248067855835 -0.0966079905629158 0.9587510824203491
36.33333206176758 0.004503840580582619 0.01454317755997181 -0.04335673153400421 -0.0016271695494651794 -0.26713865995407104 -0.09638357907533646 0.9588245153427124
36.36666488647461 0.012219548225402832 0.013465719297528267 -0.04136884957551956 -0.001633282983675599 -0.2654635012149811 -0.0956786721944809 0.9593602418899536
36.400001525878906 0.0241792444139719 0.009561804123222828 -0.034579358994960785 -0.002509607933461666 -0.264320969581604 -0.09526363015174866 0.9597150683403015
36.43333435058594 0.03238792344927788 0.008397582918405533 -0.03220245614647865 -0.0024661142379045486 -0.26115038990974426 -0.09444952011108398 0.9606631398200989
36.46666717529297 0.04183425381779671 0.006704973056912422 -0.027106499299407005 -0.002681378275156021 -0.2593180537223816 -0.0930849239230156 0.961292028427124
36.5 0.049878641963005066 0.0054437159560620785 -0.023289553821086884 -0.002852174686267972 -0.2583376169204712 -0.092585988342762 0.9616035223007202
36.53333282470703 0.056896936148405075 0.004807525780051947 -0.019731683656573296 -0.002261440036818385 -0.2572144567966461 -0.09300757199525833 0.9618655443191528
36.56666564941406 0.06455320119857788 0.002801828319206834 -0.017055658623576164 -0.0024369561579078436 -0.25657132267951965 -0.09181389212608337 0.9621515274047852
36.599998474121094 0.07296300679445267 0.0031664788257330656 -0.01318490318953991 -0.0025582080706954002 -0.2555902898311615 -0.09138354659080505 0.9624532461166382
36.63333511352539 0.07719089835882187 0.0024199828039854765 -0.013363737612962723 -0.0024554221890866756 -0.2559690773487091 -0.09216269850730896 0.9622784852981567
36.66666793823242 0.08278954029083252 0.0007452177233062685 -0.01384248211979866 -0.002386858919635415 -0.2566317617893219 -0.0929751768708229 0.9620239734649658
36.70000076293945 0.08721856772899628 0.0006523948977701366 -0.012179839424788952 -0.0024268473498523235 -0.2559259533882141 -0.09255573898553848 0.9622522592544556
36.733333587646484 0.09060303866863251 0.0003066723293159157 -0.011277633719146252 -0.0024098497815430164 -0.25432220101356506 -0.09200733155012131 0.9627300500869751
36.766666412353516 0.09745490550994873 -0.000765264208894223 -0.008434096351265907 -0.0023705759085714817 -0.25287753343582153 -0.09177769720554352 0.9631325602531433
36.79999923706055 0.10386478155851364 -0.0016931950813159347 -0.005762895103543997 -0.002491860883310437 -0.25218766927719116 -0.09119702130556107 0.96336829662323
36.83333206176758 0.10952681303024292 -0.0026335464790463448 -0.003500785445794463 -0.0024299987126141787 -0.2512972354888916 -0.09131220728158951 0.9635900855064392
36.86666488647461 0.11299090087413788 -0.004130075220018625 -0.0019026008667424321 -0.002687090076506138 -0.24928387999534607 -0.0900212973356247 0.9642336964607239
36.900001525878906 0.11883353441953659 -0.004297473467886448 -0.0007876083836890757 -0.0026301038451492786 -0.24651192128658295 -0.08945247530937195 0.9649991393089294
36.93333435058594 0.12601818144321442 -0.005788959097117186 0.0036032486241310835 -0.0023938030935823917 -0.2466145008802414 -0.08950696885585785 0.9649685025215149
36.96666717529297 0.1296556144952774 -0.006126958876848221 0.005442427936941385 -0.0021040579304099083 -0.24472355842590332 -0.08890596777200699 0.9655059576034546
37.0 0.14022158086299896 -0.008162773214280605 0.01088591106235981 -0.0023667023051530123 -0.24410507082939148 -0.08846458047628403 0.9657024145126343
37.03333282470703 0.14602763950824738 -0.008771335706114769 0.01792721264064312 -0.001883367425762117 -0.2426634281873703 -0.08773069083690643 0.966133713722229
37.06666564941406 0.15067671239376068 -0.009479238651692867 0.02061508223414421 -0.0017008193535730243 -0.2420935332775116 -0.08804090321063995 0.9662486910820007
37.099998474121094 0.15982654690742493 -0.011243455111980438 0.024296825751662254 -0.0016978337662294507 -0.242173433303833 -0.08772414177656174 0.9662575125694275
37.13333511352539 0.1686699092388153 -0.013165388256311417 0.02854389138519764 -0.001957432832568884 -0.2415427714586258 -0.08775161951780319 0.9664124250411987
37.16666793823242 0.18094021081924438 -0.015489491634070873 0.03376498818397522 -0.0019201779505237937 -0.24052149057388306 -0.08644475042819977 0.9667848944664001
37.20000076293945 0.19084230065345764 -0.0181039460003376 0.03846555948257446 -0.0021590895485132933 -0.23851409554481506 -0.08631286770105362 0.9672934412956238
37.233333587646484 0.20072761178016663 -0.01875966787338257 0.04503088817000389 -0.0013622858095914125 -0.23790323734283447 -0.08532309532165527 0.9675329923629761
37.266666412353516 0.20490096509456635 -0.022099381312727928 0.045699458569288254 -0.002798232715576887 -0.23530539870262146 -0.08523020148277283 0.9681732654571533
37.29999923706055 0.2101241648197174 -0.0216183140873909 0.0500018335878849 -0.0021914353128522635 -0.2349442094564438 -0.08423145860433578 0.9683499336242676
37.33333206176758 0.21546727418899536 -0.02376975491642952 0.056917786598205566 -0.0015567310620099306 -0.23449935019016266 -0.08496911823749542 0.9683945178985596
37.36666488647461 0.21837621927261353 -0.023171478882431984 0.05998004600405693 -0.0011732896091416478 -0.23491834104061127 -0.08475404977798462 0.9683123230934143
37.400001525878906 0.22325178980827332 -0.024487247690558434 0.06228049844503403 -0.0011623381869867444 -0.23528605699539185 -0.08527638018131256 0.9681771993637085
37.43333435058594 0.22895918786525726 -0.024559976533055305 0.06691964715719223 -0.0007964975666254759 -0.23605503141880035 -0.0852082371711731 0.96799635887146
37.46666717529297 0.23580989241600037 -0.025710683315992355 0.07112070173025131 -0.0006016342085786164 -0.235629603266716 -0.0852447971701622 0.968096911907196
37.5 0.24109315872192383 -0.026554204523563385 0.07651033997535706 -0.00030730580328963697 -0.2340916097164154 -0.08516304939985275 0.9684773087501526
37.53333282470703 0.24665319919586182 -0.027172401547431946 0.079668328166008 5.325904112396529e-06 -0.23290753364562988 -0.08463406562805176 0.968809187412262
37.56666564941406 0.2509250044822693 -0.028346454724669456 0.08298534899950027 -3.1925486837280914e-05 -0.23132465779781342 -0.08401893079280853 0.9692418575286865
37.599998474121094 0.2601124346256256 -0.03151632845401764 0.08656906336545944 -0.0008220913587138057 -0.2292613536119461 -0.08289880305528641 0.9698280692100525
37.63333511352539 0.26670515537261963 -0.03250497952103615 0.08909023553133011 -0.000728615268599242 -0.22921162843704224 -0.08282589167356491 0.9698460698127747
37.66666793823242 0.2726135849952698 -0.03452793136239052 0.09181810915470123 -0.0011158784618601203 -0.23085305094718933 -0.08311580121517181 0.9694315195083618
37.70000076293945 0.28092774748802185 -0.035879816859960556 0.09463047236204147 -0.0012865461176261306 -0.2315555214881897 -0.08344018459320068 0.969235897064209
37.733333587646484 0.2841567397117615 -0.03557867184281349 0.09593385457992554 -0.0009578048484399915 -0.23100334405899048 -0.08357946574687958 0.9693560004234314
37.766666412353516 0.28813546895980835 -0.03625180944800377 0.09760341793298721 -0.0010128283174708486 -0.231350839138031 -0.08369620144367218 0.969262957572937
37.79999923706055 0.2930542528629303 -0.0366702526807785 0.09824362397193909 -0.001113798702135682 -0.23108206689357758 -0.08360964804887772 0.9693344831466675
37.83333206176758 0.2953037619590759 -0.03718844801187515 0.09931983798742294 -0.001014530542306602 -0.23002135753631592 -0.08355622738599777 0.9695913791656494
37.86666488647461 0.30375397205352783 -0.03772992640733719 0.10298696160316467 -0.0007377082365565002 -0.22854278981685638 -0.0827382430434227 0.9700114130973816
37.900001525878906 0.3105410039424896 -0.038159020245075226 0.10381795465946198 -0.0006585626979358494 -0.224883571267128 -0.08118408173322678 0.9709975123405457
37.93333435058594 0.3147662580013275 -0.03879867494106293 0.10596995055675507 -0.0007018629112280905 -0.224003866314888 -0.08165805041790009 0.9711611270904541
37.96666717529297 0.3205083906650543 -0.039569124579429626 0.10833549499511719 -0.0006264281691983342 -0.2249610871076584 -0.08164231479167938 0.9709411263465881
38.0 0.32761865854263306 -0.04069403186440468 0.11024176329374313 -0.0009254108881577849 -0.22520442306995392 -0.08203143626451492 0.970851719379425
38.03333282470703 0.3331397771835327 -0.041199691593647 0.11280674487352371 -0.0007214690558612347 -0.2254410684108734 -0.08189801871776581 0.970808207988739
38.06666564941406 0.3403581976890564 -0.042206618934869766 0.1141844093799591 -0.0006175959715619683 -0.22384053468704224 -0.08160543441772461 0.9712031483650208
38.099998474121094 0.352823942899704 -0.043662179261446 0.11976945400238037 -0.0008155512041412294 -0.22304347157478333 -0.08101379871368408 0.9714359045028687
38.13333511352539 0.3597048223018646 -0.045466482639312744 0.12171933054924011 -0.0009705193806439638 -0.22063082456588745 -0.08014877140522003 0.9720582962036133
38.16666793823242 0.36736243963241577 -0.046729832887649536 0.12344574928283691 -0.0013214237987995148 -0.21834763884544373 -0.07953464239835739 0.9726237058639526
38.20000076293945 0.3718417286872864 -0.0467478409409523 0.12283602356910706 -0.0012488948414102197 -0.2169722616672516 -0.07891060411930084 0.9729822874069214
38.233333587646484 0.38440707325935364 -0.049106333404779434 0.12982246279716492 -0.0011574964737519622 -0.21833887696266174 -0.07955159991979599 0.9726244807243347
38.266666412353516 0.38550761342048645 -0.04806235060095787 0.12703488767147064 -0.0010825266363099217 -0.2161194235086441 -0.07859433442354202 0.9731979370117188
38.29999923706055 0.3986250162124634 -0.04982435330748558 0.12863458693027496 -0.0012463536113500595 -0.2162173092365265 -0.07906907796859741 0.9731375575065613
38.33333206176758 0.4042947590351105 -0.050278205424547195 0.1295022964477539 -0.0013588088331744075 -0.21655447781085968 -0.07854391634464264 0.9731049537658691
38.36666488647461 0.40956494212150574 -0.05089018493890762 0.1320665180683136 -0.0012212519068270922 -0.21547742187976837 -0.07882911711931229 0.9733211398124695
38.400001525878906 0.42053332924842834 -0.05279789865016937 0.13478925824165344 -0.001556645380333066 -0.2150622457265854 -0.07801536470651627 0.9734780192375183
38.43333435058594 0.42813652753829956 -0.05411703884601593 0.13661812245845795 -0.0015398113755509257 -0.21487198770046234 -0.07797344028949738 0.9735234379768372
38.46666717529297 0.4303971529006958 -0.053042441606521606 0.1361982822418213 -0.001669819699600339 -0.21593354642391205 -0.07897047698497772 0.9732078909873962
38.5 0.4361884593963623 -0.05447574704885483 0.13728080689907074 -0.0013459061738103628 -0.21861997246742249 -0.07990733534097672 0.9725319147109985
38.53333282470703 0.4576491415500641 -0.0560356043279171 0.1538994461297989 -0.0004860759654548019 -0.2250613123178482 -0.08081266283988953 0.9709873795509338
38.56666564941406 0.4614216685295105 -0.05720791220664978 0.15390394628047943 -0.000840292195789516 -0.2242739349603653 -0.08051048964262009 0.9711943864822388
38.599998474121094 0.46616289019584656 -0.05655861273407936 0.1570403128862381 -8.142422302626073e-05 -0.22430776059627533 -0.08082867413759232 0.9711605906486511
38.63333511352539 0.4717465937137604 -0.05773549526929855 0.15912167727947235 -0.00039790026494301856 -0.22485390305519104 -0.08067334443330765 0.9710471034049988
38.66666793823242 0.4771057963371277 -0.058801114559173584 0.1597549021244049 -0.0005748016410507262 -0.22404107451438904 -0.08057968318462372 0.9712426066398621
38.70000076293945 0.47904911637306213 -0.05804042890667915 0.15944191813468933 -0.0003124572103843093 -0.22304709255695343 -0.08041024208068848 0.9714855551719666
38.733333587646484 0.48264947533607483 -0.058344051241874695 0.1618419587612152 -0.00013262947322800756 -0.22362421452999115 -0.08074510097503662 0.9713250398635864
38.766666412353516 0.4867651164531708 -0.058247316628694534 0.16075946390628815 2.3637567210244015e-06 -0.22349032759666443 -0.08084912598133087 0.9713472723960876
38.79999923706055 0.48893705010414124 -0.05753511190414429 0.16204170882701874 0.0005118383560329676 -0.22295571863651276 -0.08064834028482437 0.9714866876602173
38.83333206176758 0.4918094873428345 -0.05788825452327728 0.16251535713672638 0.00029543618438765407 -0.22238832712173462 -0.08044133335351944 0.9716339707374573
38.86666488647461 0.4965711832046509 -0.057967863976955414 0.16387009620666504 0.00043502653716132045 -0.22314749658107758 -0.0805944949388504 0.9714471697807312
38.900001525878906 0.498297780752182 -0.058727506548166275 0.16509124636650085 0.00047339536831714213 -0.22250428795814514 -0.08001235127449036 0.971642792224884
38.93333435058594 0.5000155568122864 -0.05839631333947182 0.16472139954566956 0.0006306642317213118 -0.2202463299036026 -0.07913844287395477 0.9722285270690918
38.96666717529297 0.5033302903175354 -0.05887308344244957 0.16584350168704987 0.0004909380804747343 -0.22028584778308868 -0.07860667258501053 0.9722627401351929
39.0 0.5095792412757874 -0.05847599357366562 0.16694997251033783 0.0009002158767543733 -0.22208766639232635 -0.07907631993293762 0.9718144536018372
39.03333282470703 0.5112578272819519 -0.058195918798446655 0.16749343276023865 0.0009917018469423056 -0.22198739647865295 -0.07856464385986328 0.971878707408905
39.06666564941406 0.5145890712738037 -0.0593021921813488 0.1679966151714325 0.0006867797928862274 -0.22277820110321045 -0.07885284721851349 0.9716746807098389
39.099998474121094 0.5130833387374878 -0.0594339594244957 0.1685049831867218 0.000501711037941277 -0.2229614406824112 -0.07929304987192154 0.9715969562530518
39.13333511352539 0.5115679502487183 -0.0590541772544384 0.16868126392364502 0.00030518934363499284 -0.22239401936531067 -0.07935888320207596 0.9717216491699219
39.16666793823242 0.5132421255111694 -0.0592341385781765 0.16899250447750092 0.00036660401383414865 -0.2227594405412674 -0.0791754275560379 0.9716529250144958
39.20000076293945 0.5137105584144592 -0.05869046226143837 0.16875667870044708 0.0004689581401180476 -0.22247344255447388 -0.0795825645327568 0.9716851115226746
39.233333587646484 0.5146939754486084 -0.058703310787677765 0.17005014419555664 0.000218666042201221 -0.22330282628536224 -0.0798501968383789 0.9714730381965637
39.266666412353516 0.5134921669960022 -0.05883308872580528 0.1690264195203781 -0.0005215496057644486 -0.2224350869655609 -0.07981445640325546 0.9716747999191284
39.29999923706055 0.5119198560714722 -0.05923650041222572 0.16847945749759674 -0.0008271653205156326 -0.22335045039653778 -0.08050699532032013 0.9714075326919556
39.33333206176758 0.5113428235054016 -0.05939191207289696 0.16851286590099335 0.0005937378737144172 -0.22562828660011292 -0.08156975358724594 0.9707924723625183
39.36666488647461 0.5132861733436584 -0.061114296317100525 0.170039102435112 -0.0003111306868959218 -0.2284734547138214 -0.08288823813199997 0.9700151681900024
39.400001525878906 0.5106765031814575 -0.0630120038986206 0.17164310812950134 -0.0011902227997779846 -0.23136501014232635 -0.08474577963352203 0.9691681861877441
39.43333435058594 0.5103762745857239 -0.06394606828689575 0.17727966606616974 -0.0011686042416840792 -0.2339697927236557 -0.08536013215780258 0.9684887528419495
39.46666717529297 0.50835782289505 -0.06608737260103226 0.1811990737915039 -0.001808924600481987 -0.2316667139530182 -0.08436253666877747 0.9691286683082581
39.5 0.5019598007202148 -0.06600341200828552 0.1821383684873581 -0.0017310422845184803 -0.22654610872268677 -0.0824870690703392 0.9704998135566711
39.53333282470703 0.4999420642852783 -0.06846392899751663 0.1852090060710907 -0.0022493451833724976 -0.22267931699752808 -0.08106594532728195 0.9715128540992737
39.56666564941406 0.5024020075798035 -0.07223494350910187 0.19253069162368774 -0.002785735297948122 -0.22063413262367249 -0.08077672868967056 0.9720020890235901
39.599998474121094 0.49939385056495667 -0.07242614030838013 0.19748899340629578 -0.0023299935273826122 -0.220112144947052 -0.0804189071059227 0.9721512198448181
39.63333511352539 0.49871307611465454 -0.07258938997983932 0.20173586905002594 -0.0007046030950732529 -0.22145599126815796 -0.08043509721755981 0.9718472361564636
39.66666793823242 0.4971292018890381 -0.07479824125766754 0.20597787201404572 -0.0006976191652938724 -0.22028638422489166 -0.07981880009174347 0.9721637964248657
39.70000076293945 0.49567490816116333 -0.07889281958341599 0.21332135796546936 -0.0022617161739617586 -0.21852459013462067 -0.07984653115272522 0.9725566506385803
39.733333587646484 0.4926831126213074 -0.08123688399791718 0.2182193100452423 -0.0026825827080756426 -0.2172931283712387 -0.07986710965633392 0.9728298187255859
39.766666412353516 0.4890713691711426 -0.08221963047981262 0.2229565978050232 -0.0023710804525762796 -0.21673037111759186 -0.0795915350317955 0.9729786515235901
39.79999923706055 0.48788049817085266 -0.08401104807853699 0.22905541956424713 -0.0021098877768963575 -0.21614211797714233 -0.07926768064498901 0.9731366038322449
39.83333206176758 0.48381829261779785 -0.08597461879253387 0.2327873557806015 -0.0020204202737659216 -0.213032066822052 -0.07807232439517975 0.9739189147949219
39.86666488647461 0.48224306106567383 -0.08902718871831894 0.23980624973773956 -0.0027367458678781986 -0.2115214467048645 -0.07794781029224396 0.9742563366889954
39.900001525878906 0.47878244519233704 -0.090517558157444 0.24622292816638947 -0.002923409454524517 -0.21043111383914948 -0.07742619514465332 0.9745334386825562
39.93333435058594 0.475970983505249 -0.09190656989812851 0.25096261501312256 -0.0025942560750991106 -0.21017490327358246 -0.07720180600881577 0.9746074676513672
39.96666717529297 0.4725715219974518 -0.09498140215873718 0.2552042305469513 -0.0028539132326841354 -0.2087586224079132 -0.0766403079032898 0.9749553799629211
40.0 0.4686533510684967 -0.09637285023927689 0.25961607694625854 -0.0028861789032816887 -0.2074079066514969 -0.07598760724067688 0.9752946496009827
40.03333282470703 0.4669225513935089 -0.09780450165271759 0.26599517464637756 -0.003242673585191369 -0.2073894441127777 -0.07645485550165176 0.9752609133720398
40.06666564941406 0.4663504958152771 -0.10071248561143875 0.27254554629325867 -0.0033243109937757254 -0.2084197849035263 -0.07626459002494812 0.9750558137893677
40.099998474121094 0.46615177392959595 -0.10293576121330261 0.277992308139801 -0.0027963987085968256 -0.2083122879266739 -0.07579727470874786 0.9751168489456177
40.13333511352539 0.4620867967605591 -0.10510231554508209 0.28374409675598145 -0.0031266133300960064 -0.20671315491199493 -0.07532913982868195 0.9754924774169922
40.16666793823242 0.4546104073524475 -0.1038360744714737 0.2908528745174408 -0.001809992827475071 -0.20492735505104065 -0.07423147559165955 0.9759566187858582
40.20000076293945 0.4532603323459625 -0.10187651216983795 0.2959541976451874 -0.0009120156173594296 -0.20441322028636932 -0.07350777834653854 0.9761203527450562
40.233333587646484 0.4520339071750641 -0.09649714082479477 0.3033374547958374 0.0027912042569369078 -0.20558637380599976 -0.07245848327875137 0.9759488701820374
40.266666412353516 0.4496415853500366 -0.0942591056227684 0.3109908998012543 0.0053530787117779255 -0.20644760131835938 -0.07153550535440445 0.9758245348930359
40.29999923706055 0.4401157796382904 -0.1121399775147438 0.3165244162082672 0.00016880557814147323 -0.20440441370010376 -0.07274523377418518 0.976179838180542
40.33333206176758 0.43657609820365906 -0.11306298524141312 0.322991281747818 -0.0016255980590358377 -0.20174075663089752 -0.07233908772468567 0.976762592792511
40.36666488647461 0.4334474205970764 -0.11567584425210953 0.32722097635269165 -0.0018227724358439445 -0.20021329820156097 -0.07211758941411972 0.9770928025245667
40.400001525878906 0.43022769689559937 -0.11752042174339294 0.3329614996910095 -0.0017013601027429104 -0.2001972496509552 -0.07226194441318512 0.9770857095718384
40.43333435058594 0.42806264758110046 -0.11979387700557709 0.3372335731983185 -0.0025769430212676525 -0.20111508667469025 -0.07298371940851212 0.9768415689468384
40.46666717529297 0.4268631637096405 -0.12151740491390228 0.342459112405777 -0.0029803456272929907 -0.2020493596792221 -0.07335317879915237 0.9766198992729187
40.5 0.42561912536621094 -0.1235327199101448 0.3454802930355072 -0.002654076088219881 -0.20271965861320496 -0.07339408993721008 0.9764789342880249
40.53333282470703 0.4232005476951599 -0.12563282251358032 0.34993213415145874 -0.002000393345952034 -0.2029670923948288 -0.07340887188911438 0.9764279127120972
40.56666564941406 0.42034342885017395 -0.1268623173236847 0.3539475202560425 -0.0024817269295454025 -0.2025519609451294 -0.07360396534204483 0.9764984250068665
40.599998474121094 0.4207693040370941 -0.1284300535917282 0.3578908443450928 -0.002813644241541624 -0.20396508276462555 -0.07397149503231049 0.9761755466461182
40.63333511352539 0.41720306873321533 -0.12970349192619324 0.3625875413417816 -0.0020113447681069374 -0.20326292514801025 -0.07348652929067612 0.9763604998588562
40.66666793823242 0.4160741865634918 -0.1314111202955246 0.3660111427307129 -0.0021738463547080755 -0.20256660878658295 -0.07330199331045151 0.9765187501907349
40.70000076293945 0.4127911925315857 -0.13271255791187286 0.3697826862335205 -0.002785481046885252 -0.2011430859565735 -0.07286199927330017 0.976844310760498
40.733333587646484 0.4113990366458893 -0.13322491943836212 0.3735508322715759 -0.0027470861095935106 -0.20132724940776825 -0.07266492396593094 0.97682124376297
40.766666412353516 0.40970999002456665 -0.13396640121936798 0.37692123651504517 -0.0018907197518274188 -0.20187604427337646 -0.07263889908790588 0.9767118692398071
40.79999923706055 0.4096602201461792 -0.1360381692647934 0.3787943124771118 -0.002525801071897149 -0.20284022390842438 -0.07326097041368484 0.9764642715454102
40.83333206176758 0.40647193789482117 -0.13639801740646362 0.3821589946746826 -0.0025158433709293604 -0.2027188241481781 -0.07324451953172684 0.9764906764030457
40.86666488647461 0.4074845314025879 -0.13693943619728088 0.3821536898612976 -0.002222222974523902 -0.20320984721183777 -0.0733957290649414 0.9763779044151306
40.900001525878906 0.40431392192840576 -0.13800016045570374 0.3870539367198944 -0.002210472244769335 -0.20109130442142487 -0.07233524322509766 0.9768956303596497
40.93333435058594 0.40419140458106995 -0.13919411599636078 0.38900938630104065 -0.003441073466092348 -0.19998662173748016 -0.0722060278058052 0.9771283268928528
40.96666717529297 0.40282493829727173 -0.13994000852108002 0.39198246598243713 -0.003308891784399748 -0.19909517467021942 -0.07192104309797287 0.9773319363594055
41.0 0.4039244055747986 -0.14018131792545319 0.3920723497867584 -0.0033458909019827843 -0.19943271577358246 -0.07178767025470734 0.9772727489471436
41.03333282470703 0.4038850665092468 -0.13986177742481232 0.3916149437427521 -0.0027341304812580347 -0.19945557415485382 -0.07151668518781662 0.9772897958755493
41.06666564941406 0.40440163016319275 -0.13958914577960968 0.38861849904060364 -0.0012609466211870313 -0.1990591436624527 -0.07136398553848267 0.9773848652839661
41.099998474121094 0.40402019023895264 -0.13926386833190918 0.38735076785087585 -0.0004954625037498772 -0.19897300004959106 -0.07208576798439026 0.9773500561714172
41.13333511352539 0.4040766954421997 -0.1397327482700348 0.38891133666038513 -0.0013273366494104266 -0.19916273653507233 -0.07185540348291397 0.9773275852203369
41.16666793823242 0.40385332703590393 -0.13979578018188477 0.38911059498786926 -0.0014055190840736032 -0.19920183718204498 -0.07146057486534119 0.9773484468460083
41.20000076293945 0.4039101004600525 -0.13926027715206146 0.3882124125957489 -0.001135133090429008 -0.19903504848480225 -0.0720318853855133 0.9773409366607666
41.233333587646484 0.4024495482444763 -0.13923421502113342 0.3886815309524536 -0.0005624392651952803 -0.19850829243659973 -0.07169248908758163 0.9774734973907471
41.266666412353516 0.40419015288352966 -0.13933303952217102 0.3880387842655182 -0.0013855056604370475 -0.19904589653015137 -0.07148776203393936 0.977378249168396
41.29999923706055 0.4028157591819763 -0.1395459920167923 0.3890387713909149 -0.001116198836825788 -0.20023134350776672 -0.07233823835849762 0.9770738482475281
41.33333206176758 0.4006213843822479 -0.13909706473350525 0.38863128423690796 -0.000315510988002643 -0.20485612750053406 -0.07424134016036987 0.9759724736213684
41.36666488647461 0.40157032012939453 -0.13861480355262756 0.38632550835609436 -0.0010374450357630849 -0.21154804527759552 -0.07649345695972443 0.9743691086769104
41.400001525878906 0.4018009305000305 -0.13961590826511383 0.3878808617591858 -0.0017064056592062116 -0.2224210798740387 -0.08022350072860718 0.9716430902481079
41.43333435058594 0.40028712153434753 -0.13821449875831604 0.3845222592353821 -0.0012876996770501137 -0.23216280341148376 -0.08393359929323196 0.969048023223877
41.46666717529297 0.4000585079193115 -0.13778777420520782 0.38525691628456116 -0.0010574584593996406 -0.2420215904712677 -0.08707971125841141 0.9663547277450562
41.5 0.3971545696258545 -0.13676553964614868 0.3842430114746094 -0.00021366601868066937 -0.24972864985466003 -0.09078986197710037 0.9640501737594604
41.53333282470703 0.3988482356071472 -0.13695527613162994 0.38407641649246216 -0.0004405357758514583 -0.2574871778488159 -0.09321041405200958 0.9617754817008972
41.56666564941406 0.39649370312690735 -0.13592299818992615 0.3838430643081665 -0.00014287562225945294 -0.26454317569732666 -0.09581384062767029 0.9596023559570312
41.599998474121094 0.39616891741752625 -0.13558930158615112 0.3827425241470337 -0.00021350781025830656 -0.2741159200668335 -0.09926950186491013 0.9565594792366028
41.63333511352539 0.3952353298664093 -0.13505589962005615 0.38033327460289 -0.00031609053257852793 -0.2846039831638336 -0.10328908264636993 0.953064501285553
41.66666793823242 0.39419710636138916 -0.13489124178886414 0.3787347376346588 -0.000660164572764188 -0.2958355247974396 -0.10736168175935745 0.9491862058639526
41.70000076293945 0.39404162764549255 -0.13416875898838043 0.3778037130832672 -0.0004611638723872602 -0.3077242970466614 -0.11162594705820084 0.9449048638343811
41.733333587646484 0.3930421471595764 -0.13367721438407898 0.37639904022216797 -0.0006359504186548293 -0.3197646737098694 -0.11606192588806152 0.9403616189956665
41.766666412353516 0.3927387297153473 -0.13346482813358307 0.37463098764419556 -0.0009349522879347205 -0.33047351241111755 -0.11984414607286453 0.9361751079559326
41.79999923706055 0.3926159739494324 -0.13347852230072021 0.37359291315078735 -0.0013261934509500861 -0.34020793437957764 -0.12341289222240448 0.9322157502174377
41.83333206176758 0.3932335078716278 -0.13349828124046326 0.3731359541416168 -0.0014131686184555292 -0.3490166962146759 -0.1264403760433197 0.9285463690757751
41.86666488647461 0.39118242263793945 -0.13257534801959991 0.3704071640968323 -0.001094286097213626 -0.3556372821331024 -0.12925030291080475 0.9256432056427002
41.900001525878906 0.3912091553211212 -0.13208600878715515 0.3698008954524994 -0.0012734977062791586 -0.36285051703453064 -0.1315862089395523 0.9225091338157654
41.93333435058594 0.39136335253715515 -0.13242223858833313 0.3684854507446289 -0.0013437230372801423 -0.36822688579559326 -0.1335899382829666 0.9200875163078308
41.96666717529297 0.3915010690689087 -0.132022425532341 0.368326336145401 -0.0013597817160189152 -0.37293097376823425 -0.13521146774291992 0.9179534912109375
42.0 0.39190033078193665 -0.13200460374355316 0.3677149713039398 -0.0016811093082651496 -0.3797917664051056 -0.13773410022258759 0.9147594571113586
42.03333282470703 0.39154282212257385 -0.13183307647705078 0.36649397015571594 -0.0018753434997051954 -0.3890804648399353 -0.1409643143415451 0.9103526473045349
42.06666564941406 0.3910279870033264 -0.13132856786251068 0.3650096654891968 -0.0019550486467778683 -0.3958231806755066 -0.14337058365345 0.9070639610290527
42.099998474121094 0.3916875123977661 -0.13149747252464294 0.36408138275146484 -0.0021542017348110676 -0.4003145396709442 -0.14498747885227203 0.9048327803611755
42.13333511352539 0.39180687069892883 -0.13110500574111938 0.36395877599716187 -0.0018887059995904565 -0.40287452936172485 -0.1459442377090454 0.9035423994064331
42.16666793823242 0.3917936682701111 -0.13110646605491638 0.36410897970199585 -0.0018966445932164788 -0.40296927094459534 -0.14599265158176422 0.9034923911094666
42.20000076293945 0.39161065220832825 -0.13106782734394073 0.36360523104667664 -0.0019359926227480173 -0.4027307331562042 -0.14616888761520386 0.9035701155662537
42.233333587646484 0.3916035294532776 -0.13113120198249817 0.3635830879211426 -0.0018620665650814772 -0.4027712643146515 -0.14602376520633698 0.903575599193573
42.266666412353516 0.3916623294353485 -0.1311282068490982 0.36394625902175903 -0.0020223052706569433 -0.40286827087402344 -0.14597617089748383 0.9035397171974182
42.29999923706055 0.3915489912033081 -0.13111361861228943 0.36375346779823303 -0.0019403065089136362 -0.40275976061820984 -0.14607785642147064 0.9035718441009521
42.33333206176758 0.39146310091018677 -0.1310441792011261 0.36347877979278564 -0.001908132340759039 -0.4026290476322174 -0.14612965285778046 0.9036218523979187
42.36666488647461 0.3914952278137207 -0.13113068044185638 0.363449364900589 -0.0020010173320770264 -0.40258175134658813 -0.146214559674263 0.9036290049552917
42.400001525878906 0.39161956310272217 -0.13128116726875305 0.36365845799446106 -0.0018220169004052877 -0.4028341770172119 -0.14603187143802643 0.9035463929176331
42.43333435058594 0.3915593922138214 -0.13104864954948425 0.36359938979148865 -0.0020145054440945387 -0.4026523232460022 -0.1462114006280899 0.9035979509353638
42.46666717529297 0.39164745807647705 -0.13119156658649445 0.3637336194515228 -0.0017062613042071462 -0.40283238887786865 -0.146344393491745 0.9034968614578247
42.5 0.3916705846786499 -0.13108472526073456 0.36398351192474365 -0.0018762389663606882 -0.4027416706085205 -0.14616884291172028 0.9035652875900269
42.53333282470703 0.39184287190437317 -0.13102732598781586 0.36510953307151794 -0.0024078446440398693 -0.4027755558490753 -0.14602871239185333 0.903571605682373
42.56666564941406 0.39121338725090027 -0.13109146058559418 0.3649004399776459 -0.0019708327017724514 -0.3992212414741516 -0.14501728117465973 0.9053113460540771
42.599998474121094 0.3911851644515991 -0.13123907148838043 0.3650323748588562 -0.0010155767668038607 -0.3978310525417328 -0.1451149582862854 0.90590900182724
42.63333511352539 0.3909572958946228 -0.131258025765419 0.36533495783805847 -0.002182283904403448 -0.39748451113700867 -0.1449146270751953 0.9060911536216736
42.66666793823242 0.3912423551082611 -0.13134606182575226 0.3656715154647827 -0.0018656754400581121 -0.39759668707847595 -0.14408180117607117 0.9061753749847412
42.70000076293945 0.3911859393119812 -0.1313503533601761 0.36503857374191284 -0.0013191845500841737 -0.3975701332092285 -0.14461350440979004 0.9061033725738525
42.733333587646484 0.39110156893730164 -0.13116128742694855 0.3653391897678375 -0.0018007707549259067 -0.39753657579421997 -0.1450628787279129 0.9060453176498413
42.766666412353516 0.3913329541683197 -0.13127069175243378 0.3659231662750244 -0.0018596857553347945 -0.39770835638046265 -0.14428195357322693 0.9060945510864258
42.79999923706055 0.39136168360710144 -0.13142791390419006 0.3653607964515686 -0.0013592775212600827 -0.39769962430000305 -0.144338458776474 0.9060901999473572
42.83333206176758 0.39103445410728455 -0.1310565322637558 0.36524370312690735 -0.0016934024170041084 -0.39752063155174255 -0.14493165910243988 0.9060736298561096
42.86666488647461 0.39113152027130127 -0.1312977373600006 0.365158349275589 -0.0018899329006671906 -0.39745160937309265 -0.14457735419273376 0.9061599969863892
42.900001525878906 0.3912702202796936 -0.13139531016349792 0.36517104506492615 -0.0013162675313651562 -0.39755767583847046 -0.14433430135250092 0.9061533212661743
42.93333435058594 0.3911028504371643 -0.13103842735290527 0.36535513401031494 -0.0016035812441259623 -0.39750051498413086 -0.14480379223823547 0.9061029553413391
42.96666717529297 0.39097684621810913 -0.1313161551952362 0.3650493621826172 -0.001797017641365528 -0.39738863706588745 -0.14470678567886353 0.9061672687530518
43.0 0.39112162590026855 -0.1313033550977707 0.3651760220527649 -0.0013512405566871166 -0.3975072205066681 -0.14432640373706818 0.9061766266822815
43.03333282470703 0.39146682620048523 -0.13123318552970886 0.36546579003334045 -0.0018174798460677266 -0.3975704610347748 -0.14468416571617126 0.9060909748077393
43.06666564941406 0.39131444692611694 -0.13134543597698212 0.3654886782169342 -0.0016577175119891763 -0.3976057469844818 -0.14469075202941895 0.9060748219490051
43.099998474121094 0.39129525423049927 -0.13134151697158813 0.36554262042045593 -0.0014302486088126898 -0.3976092040538788 -0.14441971480846405 0.9061169624328613
43.13333511352539 0.3912341296672821 -0.13115763664245605 0.3655663728713989 -0.0017449805745854974 -0.39752838015556335 -0.14463022351264954 0.9061182141304016
43.16666793823242 0.39127272367477417 -0.13134631514549255 0.36551856994628906 -0.001542428508400917 -0.3976250886917114 -0.14464354515075684 0.9060739874839783
43.20000076293945 0.3911043405532837 -0.13132964074611664 0.36533209681510925 -0.001582712517119944 -0.39750587940216064 -0.14437507092952728 0.9061691761016846
43.233333587646484 0.39101672172546387 -0.13109810650348663 0.36535948514938354 -0.0016484741354361176 -0.39739927649497986 -0.14468753337860107 0.9061659574508667
43.266666412353516 0.39107459783554077 -0.131425142288208 0.3650369942188263 -0.0016200717072933912 -0.39746373891830444 -0.14465463161468506 0.9061428904533386
43.29999923706055 0.3911409080028534 -0.1314208209514618 0.3652386963367462 -0.0017402650555595756 -0.39749738574028015 -0.14442968368530273 0.9061638116836548
43.33333206176758 0.3912361264228821 -0.1311538815498352 0.36538782715797424 -0.001657247543334961 -0.3975682854652405 -0.14462058246135712 0.9061024785041809
43.36666488647461 0.391397088766098 -0.13137933611869812 0.3653503656387329 -0.0015666873659938574 -0.39762282371520996 -0.1446145623922348 0.9060795903205872
43.400001525878906 0.3914252519607544 -0.13130882382392883 0.36561319231987 -0.0016716786194592714 -0.39759066700935364 -0.14448463916778564 0.9061142206192017
43.43333435058594 0.39121851325035095 -0.1311625987291336 0.3654422163963318 -0.0015458854613825679 -0.3975553810596466 -0.14464622735977173 0.9061041474342346
43.46666717529297 0.39107897877693176 -0.13143517076969147 0.3652504086494446 -0.001707478309981525 -0.39752501249313354 -0.14457924664020538 0.9061279892921448
43.5 0.391344279050827 -0.1312682032585144 0.36551719903945923 -0.0016718631377443671 -0.3975900709629059 -0.14452125132083893 0.9061086773872375
43.53333282470703 0.3912016749382019 -0.13140320777893066 0.36519935727119446 -0.0016928846016526222 -0.3975295126438141 -0.1445831060409546 0.9061253070831299
43.56666564941406 0.39125028252601624 -0.13137613236904144 0.3652653396129608 -0.0016787131316959858 -0.3975057005882263 -0.14460985362529755 0.9061315059661865
43.599998474121094 0.3911019265651703 -0.1312386393547058 0.3653145432472229 -0.0016783057944849133 -0.39749598503112793 -0.14446324110031128 0.9061591625213623
43.63333511352539 0.3912472128868103 -0.13131140172481537 0.3654122054576874 -0.001552747213281691 -0.3975425660610199 -0.1446658819913864 0.9061066508293152
43.66666793823242 0.3914875090122223 -0.131380096077919 0.3656086325645447 -0.0017119197873398662 -0.3976862132549286 -0.14456403255462646 0.9060596823692322
43.70000076293945 0.3912009298801422 -0.13129617273807526 0.36524203419685364 -0.0016376827843487263 -0.39749783277511597 -0.14455802738666534 0.9061433672904968
43.733333587646484 0.39148053526878357 -0.13138967752456665 0.3654908239841461 -0.0016575976042076945 -0.39765679836273193 -0.14464907348155975 0.9060590267181396
43.766666412353516 0.3914073705673218 -0.13136030733585358 0.365451842546463 -0.0017246623756363988 -0.3976106643676758 -0.1445697396993637 0.9060917496681213
43.79999923706055 0.39109179377555847 -0.13128845393657684 0.3651576042175293 -0.0015851656207814813 -0.39739200472831726 -0.14457689225673676 0.9061868786811829
43.83333206176758 0.3911646902561188 -0.13140395283699036 0.3653416037559509 -0.0017037814250215888 -0.39752623438835144 -0.14456641674041748 0.9061294794082642
43.86666488647461 0.39086753129959106 -0.1313304603099823 0.365151971578598 -0.0016976542538031936 -0.39737606048583984 -0.14455917477607727 0.9061964154243469
43.900001525878906 0.3910692036151886 -0.1312481015920639 0.365445613861084 -0.00155831896699965 -0.3975357413291931 -0.14455555379390717 0.9061272740364075
43.93333435058594 0.3912246823310852 -0.1313379555940628 0.3654150366783142 -0.0016776450211182237 -0.3975486755371094 -0.14463572204113007 0.906108558177948
43.96666717529297 0.39135441184043884 -0.13146473467350006 0.36546796560287476 -0.0017095452640205622 -0.3975789248943329 -0.14458724856376648 0.9061029553413391
44.0 0.3912769854068756 -0.1313006430864334 0.36565977334976196 -0.0015819420805200934 -0.39760422706604004 -0.144595667719841 0.9060907363891602
44.03333282470703 0.39132025837898254 -0.13119369745254517 0.36571505665779114 -0.0016018302412703633 -0.39768996834754944 -0.14456512033939362 0.9060580730438232
44.06666564941406 0.3913821578025818 -0.13125254213809967 0.365703284740448 -0.0015454655513167381 -0.3976496458053589 -0.14455942809581757 0.9060766696929932
44.099998474121094 0.3909962475299835 -0.13121433556079865 0.3652608394622803 -0.0015740145463496447 -0.397431343793869 -0.14459481835365295 0.9061668515205383
44.13333511352539 0.39123889803886414 -0.1312888115644455 0.36541157960891724 -0.0016254138899967074 -0.3975140452384949 -0.14461855590343475 0.9061266183853149
44.16666793823242 0.39123839139938354 -0.13155923783779144 0.3649752736091614 -0.0018208615947514772 -0.39744970202445984 -0.14457182586193085 0.9061618447303772
44.20000076293945 0.3911729156970978 -0.13128818571567535 0.36540141701698303 -0.0016497437609359622 -0.3975217938423157 -0.14456436038017273 0.9061317443847656
44.233333587646484 0.39115890860557556 -0.13127563893795013 0.3651959300041199 -0.001628838712349534 -0.3974842131137848 -0.14463405311107635 0.9061371684074402
44.266666412353516 0.39124801754951477 -0.13111788034439087 0.3656216263771057 -0.001487480360083282 -0.39759188890457153 -0.1445450484752655 0.9061043858528137
44.29999923706055 0.3912421762943268 -0.13133491575717926 0.36531755328178406 -0.0016759461723268032 -0.3975158929824829 -0.14459174871444702 0.9061299562454224
44.33333206176758 0.39140036702156067 -0.13114875555038452 0.36554646492004395 -0.0014960941625759006 -0.3975978493690491 -0.14465174078941345 0.9060847163200378
44.36666488647461 0.39145317673683167 -0.1314489096403122 0.3654758334159851 -0.0017050202004611492 -0.39762693643569946 -0.14456047117710114 0.9060861468315125
44.400001525878906 0.3911868929862976 -0.13120907545089722 0.36548319458961487 -0.0015967274084687233 -0.39757004380226135 -0.1445939540863037 0.9061059951782227
44.43333435058594 0.3911350667476654 -0.13120484352111816 0.365467369556427 -0.0015612333081662655 -0.39756909012794495 -0.14454922080039978 0.9061136245727539
44.46666717529297 0.39100247621536255 -0.13130038976669312 0.36527639627456665 -0.0016451220726594329 -0.3974685072898865 -0.14455360174179077 0.9061568975448608
44.5 0.39122897386550903 -0.1312476545572281 0.36550942063331604 -0.0016079040942713618 -0.3975233733654022 -0.144626647233963 0.9061211943626404
44.53333282470703 0.3913668990135193 -0.13122908771038055 0.36569881439208984 -0.0015261060325428843 -0.3976416289806366 -0.14458344876766205 0.9060764312744141
44.56666564941406 0.39135196805000305 -0.13147759437561035 0.3654934763908386 -0.0017411248991265893 -0.39761629700660706 -0.14454112946987152 0.9060938358306885
44.599998474121094 0.3912131190299988 -0.13139285147190094 0.3651689887046814 -0.001689380151219666 -0.39747318625450134 -0.14459411799907684 0.9061482548713684
44.63333511352539 0.39145219326019287 -0.13123247027397156 0.3655993640422821 -0.0015540329040959477 -0.3976294994354248 -0.1445639580488205 0.9060848355293274
44.66666793823242 0.39127248525619507 -0.13149265944957733 0.3650873005390167 -0.0017643606988713145 -0.3974458873271942 -0.1445850431919098 0.9061616063117981
44.70000076293945 0.3914264142513275 -0.1315174549818039 0.36543914675712585 -0.001741619547829032 -0.3976579010486603 -0.14451666176319122 0.9060795903205872
44.733333587646484 0.3912716209888458 -0.13139070570468903 0.3652594983577728 -0.0017009342554956675 -0.3975507616996765 -0.14458067715168 0.9061164855957031
44.766666412353516 0.39125770330429077 -0.13137449324131012 0.36529767513275146 -0.0016766638727858663 -0.39751651883125305 -0.14463625848293304 0.906122624874115
44.79999923706055 0.3913280665874481 -0.131261944770813 0.3657029867172241 -0.0015973547706380486 -0.3977104425430298 -0.14452804625034332 0.9060548543930054
44.83333206176758 0.3914666473865509 -0.13138626515865326 0.3655928671360016 -0.0016621398972347379 -0.3976938724517822 -0.1445705145597458 0.9060553908348083
44.86666488647461 0.3912697434425354 -0.13123925030231476 0.36558225750923157 -0.0015557880979031324 -0.39762094616889954 -0.14460130035877228 0.9060825705528259
44.900001525878906 0.39124414324760437 -0.13129906356334686 0.36538729071617126 -0.001611728104762733 -0.3975624442100525 -0.14465337991714478 0.906099796295166
44.93333435058594 0.39101243019104004 -0.13117177784442902 0.36535805463790894 -0.0015490727964788675 -0.3974510729312897 -0.14460426568984985 0.9061567187309265
44.96666717529297 0.39113882184028625 -0.13130539655685425 0.3653288781642914 -0.0016374317929148674 -0.3974950313568115 -0.14465837180614471 0.9061286449432373
45.0 0.39121946692466736 -0.13117623329162598 0.3657461702823639 -0.0015094829723238945 -0.39760538935661316 -0.1446165144443512 0.9060870409011841
45.03333282470703 0.3910752534866333 -0.1312231421470642 0.36539268493652344 -0.0015550103271380067 -0.39747780561447144 -0.1446341723203659 0.9061400890350342
45.06666564941406 0.39131322503089905 -0.13140259683132172 0.3655414283275604 -0.0016933961305767298 -0.3975808918476105 -0.14453276991844177 0.9061108827590942
45.099998474121094 0.3911122679710388 -0.13121294975280762 0.3655036687850952 -0.0015893488889560103 -0.3975336253643036 -0.14456623792648315 0.9061263799667358
45.13333511352539 0.39121922850608826 -0.13120053708553314 0.3656357526779175 -0.0015383025165647268 -0.39758867025375366 -0.1445905566215515 0.9060984253883362
45.16666793823242 0.39128249883651733 -0.1312929093837738 0.3655295670032501 -0.0016255031805485487 -0.39760106801986694 -0.14456236362457275 0.9060973525047302
45.20000076293945 0.3913743197917938 -0.1313866823911667 0.3654361069202423 -0.0016602299874648452 -0.3975978195667267 -0.1445671021938324 0.9060980081558228
45.233333587646484 0.3912639021873474 -0.1312812715768814 0.36546269059181213 -0.0016206835862249136 -0.3975728750228882 -0.14459936320781708 0.9061038494110107
45.266666412353516 0.3912922143936157 -0.13146014511585236 0.36538663506507874 -0.001740451087243855 -0.3975980281829834 -0.14454738795757294 0.9061009883880615
45.29999923706055 0.3913213908672333 -0.13118761777877808 0.36575034260749817 -0.0015173691790550947 -0.39764949679374695 -0.1445469707250595 0.9060787558555603
45.33333206176758 0.39143434166908264 -0.13133558630943298 0.36568769812583923 -0.0016226480947807431 -0.39769038558006287 -0.14453215897083282 0.9060629606246948
45.36666488647461 0.3912194073200226 -0.13130871951580048 0.3653630316257477 -0.0016637507360428572 -0.39753249287605286 -0.144555926322937 0.9061284065246582
45.400001525878906 0.3909265697002411 -0.13111360371112823 0.3653109073638916 -0.0014925723662599921 -0.3973523676395416 -0.1446310579776764 0.9061958193778992
45.43333435058594 0.39121556282043457 -0.13124221563339233 0.36537399888038635 -0.001581727177836001 -0.39753061532974243 -0.14457054436206818 0.9061270356178284
45.46666717529297 0.3913097381591797 -0.13129349052906036 0.36552026867866516 -0.0015937681309878826 -0.3975663483142853 -0.1445569097995758 0.9061136245727539
45.5 0.39142000675201416 -0.13128285109996796 0.36549392342567444 -0.0015949005028232932 -0.39758235216140747 -0.1446102410554886 0.9060980081558228
45.53333282470703 0.3911856710910797 -0.13118375837802887 0.36552107334136963 -0.001568549545481801 -0.3975974917411804 -0.14451146125793457 0.9061072468757629
45.56666564941406 0.39112526178359985 -0.13135755062103271 0.36508455872535706 -0.0017048749141395092 -0.3974645733833313 -0.14458101987838745 0.906154215335846
45.599998474121094 0.3912334740161896 -0.13148270547389984 0.3653559386730194 -0.0017381736543029547 -0.3975193202495575 -0.14452427625656128 0.906139075756073
45.63333511352539 0.3911585509777069 -0.13108929991722107 0.36566081643104553 -0.0014602219453081489 -0.39757922291755676 -0.14460039138793945 0.9061012268066406
45.66666793823242 0.3911758363246918 -0.13121506571769714 0.36558499932289124 -0.001537290052510798 -0.3975554406642914 -0.14450038969516754 0.9061274528503418
45.70000076293945 0.39117395877838135 -0.13137312233448029 0.36529314517974854 -0.0017008068971335888 -0.39749160408973694 -0.14454524219036102 0.9061480164527893
45.733333587646484 0.3911844491958618 -0.13127633929252625 0.3653782904148102 -0.0016124562826007605 -0.39751145243644714 -0.14458632469177246 0.9061329364776611
45.766666412353516 0.3911893367767334 -0.13132864236831665 0.3651352524757385 -0.0016643948620185256 -0.3974437713623047 -0.1445900946855545 0.9061619639396667
45.79999923706055 0.39156314730644226 -0.13133357465267181 0.36572110652923584 -0.0015626943204551935 -0.3977060317993164 -0.14466090500354767 0.9060357809066772
45.83333206176758 0.3913912773132324 -0.13132867217063904 0.365702748298645 -0.0016450872644782066 -0.3977360427379608 -0.1445348560810089 0.9060425162315369
45.86666488647461 0.39119598269462585 -0.13135291635990143 0.36538752913475037 -0.0016632360639050603 -0.3975633680820465 -0.14455485343933105 0.9061151742935181
45.900001525878906 0.3913538455963135 -0.13143181800842285 0.3655354976654053 -0.001736986800096929 -0.3976759612560272 -0.14447914063930511 0.9060775637626648
45.93333435058594 0.3913351893424988 -0.13124001026153564 0.3656129837036133 -0.0015964055201038718 -0.3976556658744812 -0.14455817639827728 0.9060741066932678
45.96666717529297 0.3916410207748413 -0.1315244436264038 0.36540642380714417 -0.0017152461223304272 -0.39763379096984863 -0.1446293294429779 0.906072199344635
46.0 0.39120417833328247 -0.13128206133842468 0.36527156829833984 -0.0016322418814525008 -0.3975071609020233 -0.14461569488048553 0.9061301350593567
46.03333282470703 0.3914084732532501 -0.13129183650016785 0.36554840207099915 -0.001556542469188571 -0.39757993817329407 -0.1446412056684494 0.9060942530632019
46.06666564941406 0.39124438166618347 -0.1314459592103958 0.3652685284614563 -0.0017153237713500857 -0.39752617478370667 -0.1446090191602707 0.906122624874115
46.099998474121094 0.3910887539386749 -0.1313304752111435 0.36536887288093567 -0.0016733193770051003 -0.397530734539032 -0.14454227685928345 0.906131386756897
46.13333511352539 0.391225665807724 -0.13116919994354248 0.3654046058654785 -0.0015508237993344665 -0.3974889814853668 -0.1446220725774765 0.9061371088027954
46.16666793823242 0.391055703163147 -0.1311948299407959 0.36542388796806335 -0.0015716432826593518 -0.39749613404273987 -0.1445826292037964 0.9061402678489685
46.20000076293945 0.39108824729919434 -0.13125097751617432 0.36535927653312683 -0.0015823440626263618 -0.3974759578704834 -0.14462397992610931 0.90614253282547
46.233333587646484 0.39116165041923523 -0.13125844299793243 0.3654082119464874 -0.0016027840320020914 -0.3975217044353485 -0.14452147483825684 0.9061387777328491
46.266666412353516 0.39120516180992126 -0.1314736008644104 0.36529234051704407 -0.0017506792210042477 -0.39752504229545593 -0.14452223479747772 0.9061369299888611
46.29999923706055 0.39119720458984375 -0.1312764436006546 0.3652839660644531 -0.0015744653064757586 -0.39745476841926575 -0.14467909932136536 0.906143069267273
46.33333206176758 0.39133673906326294 -0.1314031332731247 0.3653843104839325 -0.0016900867922231555 -0.3975827097892761 -0.14460361003875732 0.9060987234115601
46.36666488647461 0.3912176787853241 -0.13135845959186554 0.365595281124115 -0.0016319737769663334 -0.3975639343261719 -0.14462615549564362 0.9061035513877869
46.400001525878906 0.3914419114589691 -0.13141785562038422 0.3654980957508087 -0.0016970389988273382 -0.3976307213306427 -0.14461389183998108 0.9060760736465454
46.43333435058594 0.3911530077457428 -0.13134615123271942 0.3654593825340271 -0.0016562510281801224 -0.3975742757320404 -0.14456292986869812 0.9061089754104614
46.46666717529297 0.39156070351600647 -0.1313793957233429 0.36555016040802 -0.0016219482058659196 -0.3976729214191437 -0.14465047419071198 0.9060518741607666
46.5 0.3913204073905945 -0.1314619481563568 0.3653416037559509 -0.0017166946781799197 -0.3975686728954315 -0.14456069469451904 0.9061117768287659
46.53333282470703 0.391241192817688 -0.13124309480190277 0.36552050709724426 -0.001593354856595397 -0.3975813090801239 -0.1446036398410797 0.9060994982719421
46.56666564941406 0.39138761162757874 -0.13143302500247955 0.36553168296813965 -0.0016973833553493023 -0.3976486325263977 -0.14457601308822632 0.9060742259025574
46.599998474121094 0.39139610528945923 -0.13137677311897278 0.36556321382522583 -0.0016385914059355855 -0.39765986800193787 -0.14455385506153107 0.9060729146003723
46.63333511352539 0.3910044729709625 -0.1312103271484375 0.3653734028339386 -0.001580541953444481 -0.3974761962890625 -0.1446070373058319 0.9061450958251953
46.66666793823242 0.39104118943214417 -0.1313483715057373 0.36526671051979065 -0.0017004181863740087 -0.39751505851745605 -0.14453551173210144 0.9061392545700073
46.70000076293945 0.3911204934120178 -0.13146169483661652 0.36518749594688416 -0.0017548869363963604 -0.3974413275718689 -0.1445462852716446 0.9061697721481323
46.733333587646484 0.3912992477416992 -0.13140299916267395 0.3653210997581482 -0.001646970515139401 -0.3975033760070801 -0.14457839727401733 0.9061377048492432
46.766666412353516 0.39141079783439636 -0.13149303197860718 0.3652000427246094 -0.001704024849459529 -0.397504985332489 -0.14466451108455658 0.9061231017112732
46.79999923706055 0.39126089215278625 -0.13153700530529022 0.36521345376968384 -0.001746809808537364 -0.3974813222885132 -0.14458493888378143 0.9061460494995117
46.83333206176758 0.39120006561279297 -0.13132616877555847 0.365281343460083 -0.0016264974838122725 -0.39748793840408325 -0.1446847766637802 0.9061275124549866
46.86666488647461 0.3912135064601898 -0.13125452399253845 0.3653210699558258 -0.0016024830983951688 -0.397512286901474 -0.14460791647434235 0.9061291813850403
46.900001525878906 0.3911934196949005 -0.13118824362754822 0.365559458732605 -0.0015445108292624354 -0.39754295349121094 -0.14462152123451233 0.9061135649681091
46.93333435058594 0.391185998916626 -0.13129690289497375 0.3653881549835205 -0.0016415761783719063 -0.3975297808647156 -0.144602432847023 0.9061222672462463
46.96666717529297 0.3912475109100342 -0.13133969902992249 0.36539313197135925 -0.0016538961790502071 -0.3975541293621063 -0.1445785015821457 0.9061154127120972
47.0 0.39131009578704834 -0.13136644661426544 0.3653893768787384 -0.001678911386989057 -0.39756152033805847 -0.14460214972496033 0.9061082601547241
47.03333282470703 0.3910524249076843 -0.13119438290596008 0.365479975938797 -0.0015697261551395059 -0.3975238800048828 -0.144572451710701 0.9061297178268433
47.06666564941406 0.39123430848121643 -0.13132525980472565 0.36550748348236084 -0.0016139972722157836 -0.3975708484649658 -0.14458252489566803 0.906107485294342
47.099998474121094 0.39147189259529114 -0.13151563704013824 0.3655013144016266 -0.0017442009411752224 -0.397664338350296 -0.1446073204278946 0.9060621857643127
47.13333511352539 0.3912529945373535 -0.13137716054916382 0.3655707836151123 -0.0016347613418474793 -0.3975784182548523 -0.1445644199848175 0.9061069488525391
47.16666793823242 0.3911683261394501 -0.13127480447292328 0.365477979183197 -0.00156602100469172 -0.3975014090538025 -0.14460979402065277 0.9061336517333984
47.20000076293945 0.3914715647697449 -0.1315440982580185 0.36549243330955505 -0.0017484425334259868 -0.39765673875808716 -0.14464925229549408 0.9060588479042053
47.233333587646484 0.39112818241119385 -0.1313982903957367 0.3651679456233978 -0.0017403644742444158 -0.3974732458591461 -0.14455546438694 0.9061543941497803
47.266666412353516 0.3911227285861969 -0.13128134608268738 0.3654368221759796 -0.0016161678358912468 -0.39752575755119324 -0.14453475177288055 0.9061349034309387
47.29999923706055 0.3911144435405731 -0.1311839371919632 0.3656078577041626 -0.0015295465709641576 -0.39753422141075134 -0.14461907744407654 0.9061179161071777
47.33333206176758 0.3911035358905792 -0.13119105994701385 0.3654322326183319 -0.0015397814568132162 -0.3975130021572113 -0.1446419656276703 0.9061234593391418
47.36666488647461 0.3913695216178894 -0.13136959075927734 0.3655374348163605 -0.0016576230991631746 -0.3976259231567383 -0.14458319544792175 0.9060831069946289
47.400001525878906 0.3913010060787201 -0.13144148886203766 0.3654784560203552 -0.00173408433329314 -0.3976445496082306 -0.14448203146457672 0.906091034412384
47.43333435058594 0.39143291115760803 -0.13145866990089417 0.3654285967350006 -0.001702953246422112 -0.3976588845252991 -0.14452753961086273 0.90607750415802
47.46666717529297 0.3913199305534363 -0.13137251138687134 0.3653699457645416 -0.0016687485622242093 -0.3975735902786255 -0.14459414780139923 0.9061043858528137
47.5 0.39140021800994873 -0.13123862445354462 0.36578431725502014 -0.001534097595140338 -0.3976493179798126 -0.1446160525083542 0.9060677886009216
47.53333282470703 0.3910854160785675 -0.13137756288051605 0.3651130199432373 -0.0017257166327908635 -0.3974517583847046 -0.1445048451423645 0.9061719179153442
47.56666564941406 0.3911636769771576 -0.13128674030303955 0.3654622435569763 -0.001630110782571137 -0.3975221514701843 -0.14458423852920532 0.9061285257339478
47.599998474121094 0.39109620451927185 -0.1311974823474884 0.36537668108940125 -0.001572921173647046 -0.3975113034248352 -0.14450477063655853 0.9061459898948669
47.63333511352539 0.39121362566947937 -0.1313764750957489 0.36531367897987366 -0.0016794911352917552 -0.39753589034080505 -0.14458993077278137 0.906121551990509
47.66666793823242 0.39129945635795593 -0.1313505470752716 0.3653869032859802 -0.0016405994538217783 -0.39755359292030334 -0.1445586383342743 0.9061188101768494
47.70000076293945 0.3911558985710144 -0.1313910186290741 0.36530187726020813 -0.0016601824900135398 -0.3975049555301666 -0.14454790949821472 0.9061418175697327
47.733333587646484 0.3913256525993347 -0.131368950009346 0.3652629256248474 -0.0016644421266391873 -0.39752960205078125 -0.14464478194713593 0.9061155915260315
47.766666412353516 0.39122089743614197 -0.1313115656375885 0.36539024114608765 -0.0016380343586206436 -0.3975546658039093 -0.14450688660144806 0.9061265587806702
47.79999923706055 0.39136049151420593 -0.1313553899526596 0.3655513823032379 -0.001657164073549211 -0.39762046933174133 -0.14455446600914001 0.9060900807380676
47.83333206176758 0.3912973999977112 -0.13135264813899994 0.36538204550743103 -0.0016778168501332402 -0.39757534861564636 -0.1446302831172943 0.9060977697372437
47.86666488647461 0.39129638671875 -0.13133251667022705 0.3654777407646179 -0.0016077724285423756 -0.39757949113845825 -0.14459900557994843 0.9061010479927063
47.900001525878906 0.3911547064781189 -0.1315329372882843 0.3651083707809448 -0.0017907645087689161 -0.3974913954734802 -0.14456167817115784 0.9061453342437744
47.93333435058594 0.391184002161026 -0.1314976066350937 0.36504125595092773 -0.001802658662199974 -0.3974711298942566 -0.14456240832805634 0.9061540961265564
47.96666717529297 0.3913465738296509 -0.13136674463748932 0.3655203878879547 -0.0016140530351549387 -0.39756709337234497 -0.1446443498134613 0.906099259853363
48.0 0.3915661871433258 -0.13137038052082062 0.3657487630844116 -0.0015987848164513707 -0.39769595861434937 -0.1446819007396698 0.9060366749763489
48.03333282470703 0.3910064995288849 -0.13123290240764618 0.3653799295425415 -0.0015790112083777785 -0.397491991519928 -0.14460448920726776 0.9061385989189148
48.06666564941406 0.3910255432128906 -0.13111890852451324 0.36543625593185425 -0.0015225284732878208 -0.3974502980709076 -0.1445954442024231 0.9061585068702698
48.099998474121094 0.39109164476394653 -0.1311734914779663 0.36543989181518555 -0.0015577749582007527 -0.3975147306919098 -0.14457862079143524 0.9061328172683716
48.13333511352539 0.39114147424697876 -0.13150829076766968 0.36508530378341675 -0.0017908826703205705 -0.3974878489971161 -0.1445179283618927 0.9061538577079773
48.16666793823242 0.39119186997413635 -0.13119861483573914 0.3655869662761688 -0.0015385107835754752 -0.3975733518600464 -0.14462150633335114 0.9061002135276794
48.20000076293945 0.3910449147224426 -0.13134503364562988 0.3652094304561615 -0.0016934958985075355 -0.397465318441391 -0.14456871151924133 0.9061558246612549
48.233333587646484 0.39092734456062317 -0.13128353655338287 0.3652796745300293 -0.0016213810304179788 -0.39741337299346924 -0.14455704391002655 0.9061806201934814
48.266666412353516 0.3911888301372528 -0.13126090168952942 0.3654003143310547 -0.0016090886201709509 -0.3975405991077423 -0.1445586085319519 0.9061245322227478
48.29999923706055 0.3915838897228241 -0.13157148659229279 0.36552923917770386 -0.0017589230556041002 -0.3976748287677765 -0.1445818394422531 0.9060616493225098
48.33333206176758 0.39125287532806396 -0.13118219375610352 0.36529070138931274 -0.0015618338948115706 -0.39750900864601135 -0.14464272558689117 0.9061251282691956
48.36666488647461 0.3910590410232544 -0.1311337649822235 0.3652949035167694 -0.0015241883229464293 -0.397426038980484 -0.14467722177505493 0.9061560034751892
48.400001525878906 0.39128267765045166 -0.13125279545783997 0.3655223250389099 -0.0015635276213288307 -0.39757856726646423 -0.14459916949272156 0.9061014652252197
48.43333435058594 0.3912951350212097 -0.13142003118991852 0.3655224144458771 -0.0016863687196746469 -0.39759886264801025 -0.14458124339580536 0.9060952067375183
48.46666717529297 0.3911643922328949 -0.13145743310451508 0.36527329683303833 -0.0017240665620192885 -0.397535502910614 -0.14453670382499695 0.9061300158500671
48.5 0.39114394783973694 -0.13122110068798065 0.365307092666626 -0.00155102857388556 -0.3974609375 -0.1446126103401184 0.9061509370803833
48.53333282470703 0.3912314176559448 -0.1313505470752716 0.3654176592826843 -0.0016689199255779386 -0.397607684135437 -0.14462578296661377 0.9060842990875244
48.56666564941406 0.391369491815567 -0.13153815269470215 0.3653036952018738 -0.001767525332979858 -0.39755502343177795 -0.14459574222564697 0.9061119556427002
48.599998474121094 0.3913135230541229 -0.13147591054439545 0.3651558458805084 -0.0017468980513513088 -0.39748671650886536 -0.14469586312770844 0.906126081943512
48.63333511352539 0.3911272883415222 -0.13135360181331635 0.3652471601963043 -0.0016651268815621734 -0.39749062061309814 -0.14460913836956024 0.9061383605003357
48.66666793823242 0.3913005292415619 -0.13127754628658295 0.3655008375644684 -0.001581348362378776 -0.39757266640663147 -0.14457687735557556 0.9061076641082764
48.70000076293945 0.3912380337715149 -0.13132955133914948 0.36555472016334534 -0.0016167265130206943 -0.39756307005882263 -0.14461055397987366 0.9061064124107361
48.733333587646484 0.3913700580596924 -0.13137894868850708 0.365456223487854 -0.0016356016276404262 -0.3975893557071686 -0.14461950957775116 0.906093418598175
48.766666412353516 0.3911381661891937 -0.13122013211250305 0.36549946665763855 -0.0015522700268775225 -0.3975079655647278 -0.14464156329631805 0.9061257243156433
48.79999923706055 0.39127084612846375 -0.13146713376045227 0.3653993308544159 -0.00171733892057091 -0.39756232500076294 -0.14457567036151886 0.906112015247345
48.83333206176758 0.3913358151912689 -0.1313367336988449 0.36556196212768555 -0.001607577665708959 -0.3975999355316162 -0.14465750753879547 0.9060827493667603
48.86666488647461 0.3911808431148529 -0.1312471628189087 0.36562660336494446 -0.0015397424576804042 -0.3975510597229004 -0.14468413591384888 0.9061000943183899
48.900001525878906 0.39140793681144714 -0.1313442587852478 0.3656318783760071 -0.0016212639166042209 -0.3976261615753174 -0.1446177065372467 0.9060775637626648
48.93333435058594 0.3912034034729004 -0.13125190138816833 0.3655852973461151 -0.0015650213463231921 -0.3975543975830078 -0.1446279138326645 0.906107485294342
48.96666717529297 0.391327440738678 -0.13122129440307617 0.36569443345069885 -0.0015387277817353606 -0.39763468503952026 -0.14457836747169495 0.9060801863670349
49.0 0.3915393352508545 -0.13152998685836792 0.36556774377822876 -0.0017192196100950241 -0.397683322429657 -0.144675612449646 0.9060430526733398
49.03333282470703 0.3914179801940918 -0.13128024339675903 0.3656478822231293 -0.0016006299993023276 -0.3976808190345764 -0.1445895880460739 0.906058132648468
49.06666564941406 0.3912239372730255 -0.13125579059123993 0.36557650566101074 -0.0015575668076053262 -0.3975830674171448 -0.14466792345046997 0.9060885310173035
49.099998474121094 0.3913175165653229 -0.13129760324954987 0.36571598052978516 -0.0015427876496687531 -0.39765194058418274 -0.1446152776479721 0.9060667753219604
49.13333511352539 0.39124596118927 -0.13127422332763672 0.36561575531959534 -0.0015664368402212858 -0.39758577942848206 -0.1445944458246231 0.9060991406440735
49.16666793823242 0.39106816053390503 -0.1312052309513092 0.3653346002101898 -0.0015662135556340218 -0.3974614441394806 -0.14463157951831818 0.9061477780342102
49.20000076293945 0.39131247997283936 -0.13118723034858704 0.3657940924167633 -0.0015085057821124792 -0.3976752460002899 -0.14460988342761993 0.9060575366020203
49.233333587646484 0.3910982310771942 -0.13129279017448425 0.365412175655365 -0.0016216564690694213 -0.3975379765033722 -0.14460688829421997 0.9061179757118225
49.266666412353516 0.39115291833877563 -0.13131196796894073 0.36538365483283997 -0.0016349349170923233 -0.39752840995788574 -0.1445987969636917 0.9061233997344971
49.29999923706055 0.3912190794944763 -0.13131769001483917 0.3653978407382965 -0.0016165804117918015 -0.3975463807582855 -0.14465409517288208 0.9061067700386047
49.33333206176758 0.3910149335861206 -0.13136352598667145 0.36515626311302185 -0.0016562771052122116 -0.39739903807640076 -0.1446661651134491 0.9061694741249084
49.36666488647461 0.391177773475647 -0.1313573122024536 0.3651879131793976 -0.001653263927437365 -0.3974605202674866 -0.14465244114398956 0.9061446189880371
49.400001525878906 0.39124706387519836 -0.1313014030456543 0.3654995262622833 -0.0016243550926446915 -0.39755532145500183 -0.14465616643428802 0.9061025381088257
49.43333435058594 0.3910328447818756 -0.13107964396476746 0.36561155319213867 -0.0014204556355252862 -0.39752623438835144 -0.14465108513832092 0.9061164259910583
49.46666717529297 0.3912501931190491 -0.13151457905769348 0.3653969168663025 -0.0017391773872077465 -0.3975847065448761 -0.1446269154548645 0.9060940146446228
49.5 0.3911336064338684 -0.1313536912202835 0.3654322624206543 -0.0016307579353451729 -0.3975343108177185 -0.14466612040996552 0.9061101078987122
49.53333282470703 0.39120718836784363 -0.13121172785758972 0.365627646446228 -0.0015073829563334584 -0.3975300192832947 -0.14462250471115112 0.906119167804718
49.56666564941406 0.3911067545413971 -0.13129772245883942 0.3654760718345642 -0.0016202452825382352 -0.3975362479686737 -0.14461541175842285 0.9061174392700195
49.599998474121094 0.39110085368156433 -0.13135391473770142 0.36523696780204773 -0.0016774008981883526 -0.3974553942680359 -0.14462940394878387 0.9061504602432251
49.63333511352539 0.3911399841308594 -0.13121379911899567 0.36555007100105286 -0.0015235641039907932 -0.397555410861969 -0.14466403424739838 0.906101405620575
49.66666793823242 0.39119890332221985 -0.13133752346038818 0.3656049072742462 -0.0016228406457230449 -0.3976444602012634 -0.14452312886714935 0.9060845971107483
49.70000076293945 0.3912173807621002 -0.13133879005908966 0.36553502082824707 -0.0016132601303979754 -0.3975697159767151 -0.1446300595998764 0.9061003923416138
49.733333587646484 0.39129626750946045 -0.13122445344924927 0.36546629667282104 -0.0015563418855890632 -0.39754602313041687 -0.14462719857692719 0.9061112999916077
49.766666412353516 0.3913331627845764 -0.13118712604045868 0.3657044768333435 -0.0015187914250418544 -0.3976541757583618 -0.1445753425359726 0.9060722589492798
49.79999923706055 0.39122474193573 -0.13138671219348907 0.36540859937667847 -0.0016423467313870788 -0.39753106236457825 -0.14459116756916046 0.9061234593391418
49.83333206176758 0.39114922285079956 -0.13137462735176086 0.3652208745479584 -0.0016872849082574248 -0.3974555432796478 -0.14461278915405273 0.90615314245224
49.86666488647461 0.3912663459777832 -0.1313556283712387 0.3655780553817749 -0.0016394630074501038 -0.39762622117996216 -0.1445768177509308 0.9060841202735901
49.900001525878906 0.3912458121776581 -0.13127534091472626 0.365371435880661 -0.001614858745597303 -0.39751821756362915 -0.14460544288158417 0.9061269164085388
49.93333435058594 0.3912436366081238 -0.1314058154821396 0.36537817120552063 -0.0017005192348733544 -0.3975718319416046 -0.144567608833313 0.9061092138290405
49.96666717529297 0.39135101437568665 -0.13158243894577026 0.3654091954231262 -0.0017651692032814026 -0.39764678478240967 -0.14460113644599915 0.9060709476470947
50.0 0.3912527561187744 -0.1314360499382019 0.36534011363983154 -0.001676027663052082 -0.39752477407455444 -0.14458556473255157 0.9061270356178284
50.03333282470703 0.39128056168556213 -0.13139501214027405 0.36554622650146484 -0.00167433253955096 -0.39760443568229675 -0.14454980194568634 0.9060977697372437
50.06666564941406 0.3912007808685303 -0.13150055706501007 0.3653274178504944 -0.0017713939305394888 -0.3975924849510193 -0.14455856382846832 0.9061015248298645
50.099998474121094 0.39105480909347534 -0.13128723204135895 0.36529576778411865 -0.0016295085661113262 -0.3974723219871521 -0.14464151859283447 0.9061412215232849
50.13333511352539 0.39124035835266113 -0.1314055472612381 0.3652377724647522 -0.0016853422857820988 -0.3975384533405304 -0.14461955428123474 0.906115710735321
50.16666793823242 0.3910769820213318 -0.13129760324954987 0.3650882840156555 -0.0016269489424303174 -0.39738988876342773 -0.14465241134166718 0.9061756730079651
50.20000076293945 0.39121466875076294 -0.13134627044200897 0.3654322624206543 -0.001673596678301692 -0.39753565192222595 -0.1445634365081787 0.9061259031295776
50.233333587646484 0.39109697937965393 -0.1313323974609375 0.36529600620269775 -0.0016572970198467374 -0.3974921405315399 -0.14463961124420166 0.9061327576637268
50.266666412353516 0.39137113094329834 -0.13131485879421234 0.36557668447494507 -0.0016109808348119259 -0.39763015508651733 -0.1445971429347992 0.906079113483429
50.29999923706055 0.39135631918907166 -0.13142630457878113 0.36541929841041565 -0.0017087666783481836 -0.3976215720176697 -0.14457400143146515 0.9060864448547363
50.33333206176758 0.3910844624042511 -0.131302148103714 0.3653656542301178 -0.0015991354594007134 -0.39746031165122986 -0.14464148879051208 0.9061465859413147
50.36666488647461 0.39135468006134033 -0.13131612539291382 0.3653929531574249 -0.0016268155304715037 -0.3975614011287689 -0.14458583295345306 0.9061110019683838
50.400001525878906 0.3915267884731293 -0.13157235085964203 0.36551326513290405 -0.0017703522462397814 -0.39769643545150757 -0.14455930888652802 0.9060556888580322
50.43333435058594 0.3913763463497162 -0.13150562345981598 0.3653309941291809 -0.0017458598595112562 -0.397602915763855 -0.1446189433336258 0.906087338924408
50.46666717529297 0.39140480756759644 -0.1313244253396988 0.36542344093322754 -0.0016050399281084538 -0.39759835600852966 -0.14464671909809113 0.906085193157196
50.5 0.39128729701042175 -0.13134640455245972 0.3654564917087555 -0.001617930131033063 -0.39755308628082275 -0.14464493095874786 0.9061052799224854
50.53333282470703 0.39137646555900574 -0.13141651451587677 0.3654097318649292 -0.0016420851461589336 -0.3975681662559509 -0.14460718631744385 0.9061047434806824
50.56666564941406 0.391475647687912 -0.13122038543224335 0.3657808303833008 -0.0015218425542116165 -0.3977377116680145 -0.14456704258918762 0.9060368537902832
50.599998474121094 0.39141738414764404 -0.13134196400642395 0.36554425954818726 -0.0016461858758702874 -0.3976394832134247 -0.14458031952381134 0.9060776233673096
50.63333511352539 0.3913780450820923 -0.13131114840507507 0.36556193232536316 -0.001587051316164434 -0.3975875973701477 -0.1446276307106018 0.9060929417610168
50.66666793823242 0.39133012294769287 -0.13127940893173218 0.36552315950393677 -0.0015773181803524494 -0.3975968062877655 -0.14461958408355713 0.9060901999473572
50.70000076293945 0.39130696654319763 -0.13145175576210022 0.36541762948036194 -0.0017318259924650192 -0.3975842595100403 -0.14457136392593384 0.9061031341552734
50.733333587646484 0.3912044167518616 -0.13133764266967773 0.3654465973377228 -0.0016343959141522646 -0.3975374698638916 -0.14462228119373322 0.9061156511306763
50.766666412353516 0.3911956548690796 -0.1312733143568039 0.36549773812294006 -0.0015698738861829042 -0.397556871175766 -0.1446443498134613 0.9061038494110107
50.79999923706055 0.3911755084991455 -0.13135452568531036 0.3651837408542633 -0.001668933779001236 -0.3974723517894745 -0.1445688009262085 0.9061527252197266
50.83333206176758 0.3911222219467163 -0.13104984164237976 0.3656046986579895 -0.0014439946971833706 -0.39753803610801697 -0.14454403519630432 0.9061283469200134
50.86666488647461 0.39131641387939453 -0.1313839554786682 0.3654801547527313 -0.001660238835029304 -0.3976258635520935 -0.14458398520946503 0.9060829877853394
50.900001525878906 0.3912791311740875 -0.13133102655410767 0.365512490272522 -0.0016581189120188355 -0.39759209752082825 -0.1446123570203781 0.9060932993888855
50.93333435058594 0.39130961894989014 -0.1314021497964859 0.36557823419570923 -0.0016258640680462122 -0.3976287543773651 -0.1446688175201416 0.9060683250427246
50.96666717529297 0.39126691222190857 -0.1312265247106552 0.36559516191482544 -0.0015274797333404422 -0.3975740671157837 -0.14466413855552673 0.906093180179596
51.0 0.391040563583374 -0.1312337964773178 0.3652642071247101 -0.001565967802889645 -0.3974129259586334 -0.14469315111637115 0.9061591029167175
51.03333282470703 0.39114609360694885 -0.13129174709320068 0.36533722281455994 -0.0015906929038465023 -0.39746496081352234 -0.1446083039045334 0.9061498045921326
51.06666564941406 0.3910837769508362 -0.13123413920402527 0.3653298020362854 -0.0016116742044687271 -0.39746880531311035 -0.14461657404899597 0.9061468243598938
51.099998474121094 0.3910619914531708 -0.1313542127609253 0.3651118278503418 -0.0016833060653880239 -0.39741411805152893 -0.14461259543895721 0.9061712026596069
51.13333511352539 0.39134135842323303 -0.1312999576330185 0.36552315950393677 -0.0016025243094190955 -0.3976019024848938 -0.14456695318222046 0.906096339225769
51.16666793823242 0.39140450954437256 -0.13133947551250458 0.36577707529067993 -0.001578977331519127 -0.3976898789405823 -0.14460165798664093 0.9060521721839905
51.20000076293945 0.391333669424057 -0.13133324682712555 0.36536306142807007 -0.0016160988016054034 -0.3975420594215393 -0.1446385383605957 0.9061110615730286
51.233333587646484 0.39123204350471497 -0.13142657279968262 0.3654337227344513 -0.0017026880523189902 -0.39755406975746155 -0.14466023445129395 0.9061022400856018
51.266666412353516 0.39129388332366943 -0.13137903809547424 0.3654281497001648 -0.001641429029405117 -0.3975495398044586 -0.14464570581912994 0.9061066508293152
51.29999923706055 0.39123761653900146 -0.13147839903831482 0.36528071761131287 -0.0017224048497155309 -0.3975159823894501 -0.1446993350982666 0.9061126708984375
51.33333206176758 0.3910885453224182 -0.13121084868907928 0.36541613936424255 -0.0015824512811377645 -0.39750075340270996 -0.14462989568710327 0.9061306715011597
51.36666488647461 0.39129170775413513 -0.13136404752731323 0.36570286750793457 -0.0016404479974880815 -0.3976891040802002 -0.14459854364395142 0.9060529470443726
51.400001525878906 0.3913753628730774 -0.13141033053398132 0.3656175434589386 -0.0016643126728013158 -0.397639662027359 -0.14458554983139038 0.9060766696929932
51.43333435058594 0.3914022743701935 -0.13148939609527588 0.36551183462142944 -0.0017246054485440254 -0.3976307213306427 -0.14462988078594208 0.9060735106468201
51.46666717529297 0.39154747128486633 -0.13147321343421936 0.36556702852249146 -0.0016867084195837379 -0.397716760635376 -0.1446077823638916 0.9060393571853638
51.5 0.391418993473053 -0.13136576116085052 0.36554473638534546 -0.0016505541279911995 -0.3976772427558899 -0.1446313112974167 0.9060530066490173
51.53333282470703 0.3909502327442169 -0.13120940327644348 0.3654167652130127 -0.0015713914763182402 -0.3974601924419403 -0.1446206271648407 0.9061500430107117
51.56666564941406 0.39112237095832825 -0.13117647171020508 0.36574825644493103 -0.001491978531703353 -0.397602915763855 -0.1445872038602829 0.9060929417610168
51.599998474121094 0.3910408914089203 -0.13128478825092316 0.3654017150402069 -0.0016368228243663907 -0.3974837064743042 -0.14461147785186768 0.9061411023139954
51.63333511352539 0.3912692070007324 -0.13127610087394714 0.3655186593532562 -0.00157921074423939 -0.3975384831428528 -0.14463582634925842 0.9061132073402405
51.66666793823242 0.39106249809265137 -0.13124269247055054 0.36552298069000244 -0.0015573324635624886 -0.39753833413124084 -0.14464105665683746 0.9061124920845032
51.70000076293945 0.391269326210022 -0.1314467042684555 0.3654043972492218 -0.0017212723614647985 -0.39757832884788513 -0.14462053775787354 0.906097948551178
51.733333587646484 0.3913256525993347 -0.13135311007499695 0.36545422673225403 -0.0016555284382775426 -0.3975893557071686 -0.1445993334054947 0.9060965776443481
51.766666412353516 0.39129307866096497 -0.1313876509666443 0.3655482530593872 -0.0016718500992283225 -0.3976374566555023 -0.14457716047763824 0.9060789346694946
51.79999923706055 0.39136138558387756 -0.13156120479106903 0.3654176592826843 -0.0017618342535570264 -0.39760467410087585 -0.14461418986320496 0.906087338924408
51.83333206176758 0.3914867341518402 -0.1314125657081604 0.36561158299446106 -0.0016714415978640318 -0.397685706615448 -0.14460968971252441 0.9060526490211487
51.86666488647461 0.3910770118236542 -0.1312950998544693 0.3654176890850067 -0.001641442533582449 -0.39752069115638733 -0.1445472091436386 0.9061350226402283
51.900001525878906 0.3911363482475281 -0.13136978447437286 0.36530601978302 -0.0016552710440009832 -0.3974946141242981 -0.1445973813533783 0.9061384201049805
51.93333435058594 0.3913068175315857 -0.13153958320617676 0.36520007252693176 -0.0018034172244369984 -0.3975774049758911 -0.14461316168308258 0.9060993194580078
51.96666717529297 0.3912760615348816 -0.13146111369132996 0.3654390573501587 -0.0017157653346657753 -0.39757925271987915 -0.14457976818084717 0.9061040282249451
52.0 0.39108818769454956 -0.13131128251552582 0.36540573835372925 -0.0016021300107240677 -0.39749523997306824 -0.14461421966552734 0.906135618686676
52.03333282470703 0.391318678855896 -0.13140851259231567 0.36547407507896423 -0.0016635829815641046 -0.39760956168174744 -0.14464913308620453 0.9060797691345215
52.06666564941406 0.39115455746650696 -0.13128747045993805 0.36539560556411743 -0.0015784883871674538 -0.3975187838077545 -0.1446167379617691 0.9061249494552612
52.099998474121094 0.3912728428840637 -0.13124331831932068 0.3656887114048004 -0.0015380913391709328 -0.3976127505302429 -0.14457480609416962 0.9060904383659363
52.13333511352539 0.3911881148815155 -0.13130047917366028 0.3654668629169464 -0.0016434103017672896 -0.3975463807582855 -0.1445985585451126 0.9061155915260315
52.16666793823242 0.3914889991283417 -0.13124874234199524 0.3656894564628601 -0.001547300023958087 -0.39765724539756775 -0.14456605911254883 0.9060722589492798
52.20000076293945 0.3911922872066498 -0.13132908940315247 0.3652750849723816 -0.001651081838645041 -0.3975401818752289 -0.1446455419063568 0.9061108827590942
52.233333587646484 0.3912891745567322 -0.13144804537296295 0.36547571420669556 -0.001663906266912818 -0.3975805938243866 -0.1446036696434021 0.9060996770858765
52.266666412353516 0.3915616571903229 -0.13141284883022308 0.3657821714878082 -0.0015932276146486402 -0.3977378308773041 -0.14464296400547028 0.9060245752334595
52.29999923706055 0.39152929186820984 -0.1314525157213211 0.365566223859787 -0.001666974276304245 -0.39766719937324524 -0.14464254677295685 0.9060555100440979
52.33333206176758 0.3912428319454193 -0.13140477240085602 0.36542999744415283 -0.0016606578137725592 -0.3975808024406433 -0.14460024237632751 0.9061002135276794
52.36666488647461 0.3913334310054779 -0.13142235577106476 0.36534062027931213 -0.001676341868005693 -0.3975236415863037 -0.14459513127803802 0.906126081943512
52.400001525878906 0.39114102721214294 -0.13136020302772522 0.365279883146286 -0.001669364981353283 -0.39749929308891296 -0.1445963829755783 0.9061365127563477
52.43333435058594 0.3912474513053894 -0.13140025734901428 0.36519646644592285 -0.0016948399133980274 -0.397478312253952 -0.1445699781179428 0.9061498641967773
52.46666717529297 0.3914610743522644 -0.13135941326618195 0.3656405210494995 -0.0016367199132218957 -0.39771538972854614 -0.1445687860250473 0.9060461521148682
52.5 0.3914060592651367 -0.13137301802635193 0.3655821681022644 -0.0016728210030123591 -0.3976949453353882 -0.14457648992538452 0.9060539603233337
52.53333282470703 0.3912111222743988 -0.1312115341424942 0.36570245027542114 -0.0015238276682794094 -0.3975851237773895 -0.14461657404899597 0.9060959815979004
52.56666564941406 0.39143648743629456 -0.1312445104122162 0.3657624423503876 -0.0015054920222610235 -0.3976396918296814 -0.14472460746765137 0.9060547947883606
52.599998474121094 0.3913031816482544 -0.13130952417850494 0.36547359824180603 -0.0016213984927162528 -0.3975295126438141 -0.14465822279453278 0.9061135053634644
52.63333511352539 0.3912539482116699 -0.13134166598320007 0.3655063807964325 -0.0016223674174398184 -0.3975417912006378 -0.14462074637413025 0.9061141014099121
52.66666793823242 0.39115235209465027 -0.13118964433670044 0.36551523208618164 -0.001513083465397358 -0.3975326716899872 -0.1446317732334137 0.9061164855957031
52.70000076293945 0.3912438750267029 -0.13133789598941803 0.36535924673080444 -0.0016358301509171724 -0.39751410484313965 -0.14464670419692993 0.9061221480369568
52.733333587646484 0.39143049716949463 -0.13128167390823364 0.3658214211463928 -0.0015689239371567965 -0.39769402146339417 -0.14463664591312408 0.9060448408126831
52.766666412353516 0.39124175906181335 -0.1311863362789154 0.365671306848526 -0.001541058300063014 -0.3976176679134369 -0.1446159929037094 0.9060816764831543
52.79999923706055 0.39105337858200073 -0.13122135400772095 0.3654267191886902 -0.0015866212779656053 -0.3975112736225128 -0.1446404606103897 0.9061243534088135
52.83333206176758 0.39120665192604065 -0.1313149780035019 0.3652670681476593 -0.0016344437608495355 -0.39750853180885315 -0.14459000527858734 0.9061335921287537
52.86666488647461 0.3911510407924652 -0.13120965659618378 0.3652564287185669 -0.0015651959693059325 -0.3974687159061432 -0.14462314546108246 0.9061458706855774
52.900001525878906 0.3912891745567322 -0.1314201056957245 0.3652808964252472 -0.0016912033315747976 -0.3975272476673126 -0.14463569223880768 0.9061179757118225
52.93333435058594 0.3911215662956238 -0.13131529092788696 0.365288108587265 -0.0016112496377900243 -0.397465318441391 -0.1446283757686615 0.9061464071273804
52.96666717529297 0.3910674452781677 -0.13130153715610504 0.3653927445411682 -0.0015912940725684166 -0.3974730670452118 -0.14467135071754456 0.906136155128479
53.0 0.39132705330848694 -0.13132989406585693 0.36550372838974 -0.0016123427776619792 -0.39760953187942505 -0.1445789635181427 0.9060911536216736
53.03333282470703 0.3912384808063507 -0.13129930198192596 0.36543789505958557 -0.0015816494124010205 -0.3975450098514557 -0.14462269842624664 0.9061124920845032
53.06666564941406 0.3911479413509369 -0.13124682009220123 0.365428626537323 -0.0015847659669816494 -0.3975174129009247 -0.14460475742816925 0.9061273336410522
53.099998474121094 0.3913681209087372 -0.1314309984445572 0.3653333783149719 -0.0016792848473414779 -0.39754214882850647 -0.14459821581840515 0.9061174988746643
53.13333511352539 0.3911426067352295 -0.13127759099006653 0.36529529094696045 -0.0016369823133572936 -0.39748868346214294 -0.14460010826587677 0.9061406850814819
53.16666793823242 0.3912397027015686 -0.13141268491744995 0.3653448820114136 -0.001697990228421986 -0.3975260555744171 -0.14468097686767578 0.9061112403869629
53.20000076293945 0.3911764323711395 -0.13141869008541107 0.3653820753097534 -0.0017051966860890388 -0.39757704734802246 -0.14452823996543884 0.9061132669448853
53.233333587646484 0.39118891954421997 -0.13127225637435913 0.36561521887779236 -0.001571686821989715 -0.39760392904281616 -0.14457815885543823 0.9060937762260437
53.266666412353516 0.3911149799823761 -0.13121235370635986 0.36558184027671814 -0.0015525128692388535 -0.3975767195224762 -0.14461274445056915 0.9061002731323242
53.29999923706055 0.39110031723976135 -0.13116970658302307 0.3655172884464264 -0.0014839203795418143 -0.3974875509738922 -0.14463520050048828 0.9061357975006104
53.33333206176758 0.39126211404800415 -0.13148368895053864 0.36540231108665466 -0.001669091172516346 -0.39756280183792114 -0.1446848064661026 0.9060945510864258
53.36666488647461 0.3912375867366791 -0.13121968507766724 0.36565521359443665 -0.001503049861639738 -0.3975813090801239 -0.14472001791000366 0.9060810804367065
53.400001525878906 0.3912368714809418 -0.13140007853507996 0.365367591381073 -0.0016833614790812135 -0.39755120873451233 -0.14459556341171265 0.9061139225959778
53.43333435058594 0.3910379409790039 -0.13112783432006836 0.36555227637290955 -0.0014836210757493973 -0.3975251317024231 -0.14461229741573334 0.9061229825019836
53.46666717529297 0.39108794927597046 -0.1312033236026764 0.365609735250473 -0.0015272711170837283 -0.3975543677806854 -0.14457854628562927 0.9061155319213867
53.5 0.39126691222190857 -0.13136076927185059 0.36567533016204834 -0.0015924610197544098 -0.39759403467178345 -0.14464247226715088 0.9060876965522766
53.53333282470703 0.39141786098480225 -0.13147923350334167 0.3654569089412689 -0.0016926866956055164 -0.3976167142391205 -0.14469081163406372 0.9060698747634888
53.56666564941406 0.3911413252353668 -0.13116386532783508 0.36552947759628296 -0.0014985075686126947 -0.39751583337783813 -0.14465589821338654 0.9061201214790344
53.599998474121094 0.3910670578479767 -0.13125751912593842 0.36543574929237366 -0.0015793771017342806 -0.397478312253952 -0.14464998245239258 0.9061373472213745
53.63333511352539 0.3911729156970978 -0.1312742531299591 0.36540651321411133 -0.0016046249074861407 -0.39754679799079895 -0.14460304379463196 0.9061147570610046
53.66666793823242 0.3910754919052124 -0.131294846534729 0.3653661012649536 -0.001612640917301178 -0.3974652886390686 -0.14465130865573883 0.9061428904533386
53.70000076293945 0.39142313599586487 -0.13145120441913605 0.36548489332199097 -0.0016608620062470436 -0.397630900144577 -0.14466039836406708 0.9060685634613037
53.733333587646484 0.3913683295249939 -0.13136747479438782 0.3656385540962219 -0.0015994749264791608 -0.39763033390045166 -0.14460450410842896 0.9060778617858887
53.766666412353516 0.39148882031440735 -0.1314188539981842 0.365634560585022 -0.0016323667950928211 -0.39767658710479736 -0.14469312131404877 0.9060434103012085
53.79999923706055 0.39109402894973755 -0.13144686818122864 0.3652999997138977 -0.0017068135784938931 -0.39747846126556396 -0.14457732439041138 0.9061487317085266
53.83333206176758 0.39117467403411865 -0.13142921030521393 0.3653395175933838 -0.0016921085771173239 -0.39750605821609497 -0.14462333917617798 0.9061293005943298
53.86666488647461 0.3910365104675293 -0.1314113885164261 0.3652569055557251 -0.0016948708798736334 -0.39747023582458496 -0.1446177363395691 0.9061457514762878
53.900001525878906 0.39111366868019104 -0.13135476410388947 0.36525771021842957 -0.001653791987337172 -0.39749351143836975 -0.144626185297966 0.906134307384491
53.93333435058594 0.3913533091545105 -0.13123273849487305 0.36562642455101013 -0.0015294948825612664 -0.3975938856601715 -0.14468234777450562 0.9060816168785095
53.96666717529297 0.39136436581611633 -0.13141703605651855 0.3655170202255249 -0.001681335037574172 -0.39761948585510254 -0.14461193978786469 0.9060813784599304
54.0 0.3911496698856354 -0.13130676746368408 0.3653022050857544 -0.0015867446782067418 -0.39743772149086 -0.14466571807861328 0.906152606010437
54.03333282470703 0.3911682665348053 -0.13122409582138062 0.36545464396476746 -0.0015489227371290326 -0.3975389301776886 -0.1446196585893631 0.9061156511306763
54.06666564941406 0.3914490342140198 -0.13123534619808197 0.3656703233718872 -0.0015323827974498272 -0.3976498246192932 -0.14466242492198944 0.9060600996017456
54.099998474121094 0.39119285345077515 -0.1314946711063385 0.3653404712677002 -0.0017421589000150561 -0.3975507318973541 -0.14457960426807404 0.9061164259910583
54.13333511352539 0.3912801146507263 -0.13123497366905212 0.36542049050331116 -0.001552977249957621 -0.3975523114204407 -0.14462241530418396 0.9061093926429749
54.16666793823242 0.3911849558353424 -0.13134263455867767 0.3654104769229889 -0.0016191756585612893 -0.39755046367645264 -0.1446402668952942 0.9061072468757629
54.20000076293945 0.3912123143672943 -0.131357803940773 0.3652530312538147 -0.0016433969140052795 -0.3974863588809967 -0.14463940262794495 0.9061353802680969
54.233333587646484 0.391120582818985 -0.13131463527679443 0.36538007855415344 -0.0016037517925724387 -0.39747190475463867 -0.14467455446720123 0.906136155128479
54.266666412353516 0.3911498486995697 -0.13143150508403778 0.3650846481323242 -0.0017415136098861694 -0.39746204018592834 -0.14455392956733704 0.9061594605445862
54.29999923706055 0.3912830650806427 -0.13126015663146973 0.3655415177345276 -0.0015651489375159144 -0.39759597182273865 -0.14467494189739227 0.9060817360877991
54.33333206176758 0.39126095175743103 -0.13131198287010193 0.3654837906360626 -0.0015769866295158863 -0.39754948019981384 -0.14468303322792053 0.9061009287834167
54.36666488647461 0.39120206236839294 -0.13119371235370636 0.36568018794059753 -0.0014944885624572635 -0.3975984454154968 -0.14460809528827667 0.9060914516448975
54.400001525878906 0.3912299573421478 -0.13124562799930573 0.36557939648628235 -0.0015489856014028192 -0.39755716919898987 -0.14465032517910004 0.9061028361320496
54.43333435058594 0.39118921756744385 -0.13124524056911469 0.3655261695384979 -0.001552920788526535 -0.39752528071403503 -0.1446264088153839 0.9061205387115479
54.46666717529297 0.3910095691680908 -0.1311715692281723 0.3654611110687256 -0.0015212090220302343 -0.3974635899066925 -0.14466586709022522 0.9061413407325745
54.5 0.3913835883140564 -0.13137231767177582 0.36551743745803833 -0.0015999904135242105 -0.3976043164730072 -0.14470048248767853 0.906074047088623
54.53333282470703 0.39113789796829224 -0.1313745528459549 0.3653874695301056 -0.0016658427193760872 -0.39752307534217834 -0.14459238946437836 0.9061267971992493
54.56666564941406 0.3913629353046417 -0.13133668899536133 0.3656685948371887 -0.0015971288084983826 -0.3976344168186188 -0.1446126401424408 0.9060747623443604
54.599998474121094 0.3912310302257538 -0.1314157098531723 0.3655177354812622 -0.0016532191075384617 -0.39756277203559875 -0.14463768899440765 0.906102180480957
54.63333511352539 0.3911336660385132 -0.13140258193016052 0.3653028607368469 -0.0016767291817814112 -0.3974987268447876 -0.14459353685379028 0.906137228012085
54.66666793823242 0.3911527097225189 -0.13127745687961578 0.3655358850955963 -0.0015931152738630772 -0.39758437871932983 -0.14459991455078125 0.9060987830162048
54.70000076293945 0.3912491202354431 -0.13128355145454407 0.36566197872161865 -0.001534718438051641 -0.39759960770606995 -0.1446508914232254 0.9060841202735901
54.733333587646484 0.3913358747959137 -0.131381094455719 0.3655198812484741 -0.0016394852427765727 -0.39759302139282227 -0.14458875358104706 0.9060966968536377
54.766666412353516 0.39117830991744995 -0.13133324682712555 0.36545512080192566 -0.0016288276528939605 -0.39753255248069763 -0.14461787045001984 0.906118631362915
54.79999923706055 0.3913498818874359 -0.13134236633777618 0.3654654026031494 -0.0015995048452168703 -0.3975728750228882 -0.1446579247713089 0.906094491481781
54.83333206176758 0.3913528323173523 -0.13138504326343536 0.36553964018821716 -0.0016392943216487765 -0.39760056138038635 -0.14461295306682587 0.9060894846916199
54.86666488647461 0.39103806018829346 -0.1311672329902649 0.3656083345413208 -0.0014979749685153365 -0.3975595533847809 -0.14458386600017548 0.9061124324798584
54.900001525878906 0.391217440366745 -0.13129191100597382 0.3654521703720093 -0.0016401606844738126 -0.39759474992752075 -0.14458441734313965 0.9060966372489929
54.93333435058594 0.39129015803337097 -0.13136348128318787 0.36538076400756836 -0.001656398526392877 -0.397541344165802 -0.14457279443740845 0.9061219096183777
54.96666717529297 0.39134183526039124 -0.1314561665058136 0.36555904150009155 -0.0016697853570804 -0.39766445755958557 -0.14466041326522827 0.9060537815093994
55.0 0.3909873366355896 -0.13122767210006714 0.3653651475906372 -0.0015598003519698977 -0.39743560552597046 -0.14462535083293915 0.9061599969863892
55.03333282470703 0.3913072645664215 -0.13137872517108917 0.3654668927192688 -0.0016073256265372038 -0.39757224917411804 -0.14458522200584412 0.9061064720153809
55.06666564941406 0.3912479281425476 -0.13113431632518768 0.36575132608413696 -0.0014687615912407637 -0.397611528635025 -0.1446373611688614 0.9060810804367065
55.099998474121094 0.3911921977996826 -0.1313268393278122 0.3653638958930969 -0.0016249970067292452 -0.39749228954315186 -0.1446657031774521 0.9061285853385925
55.13333511352539 0.3911084234714508 -0.13131998479366302 0.36531931161880493 -0.001618512673303485 -0.3974369168281555 -0.144601970911026 0.9061631560325623
55.16666793823242 0.39106976985931396 -0.1311664581298828 0.3655598759651184 -0.0015314137563109398 -0.39752858877182007 -0.14464768767356873 0.9061157703399658
55.20000076293945 0.39127230644226074 -0.13128873705863953 0.3653872013092041 -0.0015975727001205087 -0.3975454866886139 -0.14463764429092407 0.9061098098754883
55.233333587646484 0.39133012294769287 -0.13143444061279297 0.365593284368515 -0.0016653711209073663 -0.39762452244758606 -0.14466099441051483 0.9060713648796082
55.266666412353516 0.39124026894569397 -0.13136139512062073 0.36535459756851196 -0.0016824884805828333 -0.3975735604763031 -0.14460840821266174 0.9061020016670227
55.29999923706055 0.39118897914886475 -0.1313290148973465 0.36538320779800415 -0.0015956413699313998 -0.3975115418434143 -0.14463043212890625 0.9061258435249329
55.33333206176758 0.3912900388240814 -0.1313185691833496 0.3655471205711365 -0.0016381482128053904 -0.39762142300605774 -0.144638329744339 0.9060763716697693
55.36666488647461 0.3911992013454437 -0.13127633929252625 0.3654278814792633 -0.0015856887912377715 -0.39755913615226746 -0.14458775520324707 0.9061117768287659
55.400001525878906 0.3913213610649109 -0.1313251554965973 0.36550191044807434 -0.0016395628917962313 -0.39761602878570557 -0.1446458250284195 0.9060774445533752
55.43333435058594 0.3913024961948395 -0.13135869801044464 0.3656422197818756 -0.0016106768744066358 -0.3976234495639801 -0.1446627527475357 0.9060716032981873
55.46666717529297 0.3912103474140167 -0.13143756985664368 0.3654654920101166 -0.0016602736432105303 -0.3975740969181061 -0.14465706050395966 0.9060940742492676
55.5 0.39137259125709534 -0.1312112659215927 0.3656655550003052 -0.001506571308709681 -0.3976655900478363 -0.14462417364120483 0.9060593843460083
55.53333282470703 0.3911706209182739 -0.13143084943294525 0.3652547299861908 -0.001699813292361796 -0.39750319719314575 -0.1446571946144104 0.9061250686645508
55.56666564941406 0.3913709223270416 -0.13129763305187225 0.36547186970710754 -0.0015872223302721977 -0.3975912928581238 -0.1446203887462616 0.9060925245285034
55.599998474121094 0.3912278711795807 -0.13154934346675873 0.36522775888442993 -0.0018368962919339538 -0.3975246846675873 -0.14455735683441162 0.9061313271522522
55.63333511352539 0.39130187034606934 -0.13148950040340424 0.36557912826538086 -0.0017276074504479766 -0.39765018224716187 -0.14462020993232727 0.906066358089447
55.66666793823242 0.39107948541641235 -0.13102886080741882 0.3655317723751068 -0.0014207871863618493 -0.39744722843170166 -0.14470569789409637 0.9061422944068909
55.70000076293945 0.39112696051597595 -0.13120873272418976 0.3655415177345276 -0.0015564304776489735 -0.39750751852989197 -0.1446499526500702 0.9061245322227478
55.733333587646484 0.3913695216178894 -0.13133364915847778 0.36576589941978455 -0.0015556873986497521 -0.39764702320098877 -0.14461572468280792 0.9060688614845276
55.766666412353516 0.3912253677845001 -0.13142123818397522 0.3655485510826111 -0.0016425978392362595 -0.3975881040096283 -0.14458423852920532 0.9060996174812317
55.79999923706055 0.391029417514801 -0.13129904866218567 0.36528655886650085 -0.0016025269869714975 -0.3974766433238983 -0.14461079239845276 0.9061443209648132
55.83333206176758 0.3911788761615753 -0.131206676363945 0.3656929135322571 -0.0015058713033795357 -0.39761385321617126 -0.1446373611688614 0.9060800671577454
55.86666488647461 0.3911172151565552 -0.1312129646539688 0.36548036336898804 -0.001543806865811348 -0.3975253105163574 -0.14461998641490936 0.9061216115951538
55.900001525878906 0.3910994827747345 -0.13130749762058258 0.3655133545398712 -0.0015608349349349737 -0.39756453037261963 -0.14464890956878662 0.906099796295166
55.93333435058594 0.391231507062912 -0.1314210146665573 0.36553215980529785 -0.0016674898797646165 -0.39759981632232666 -0.1446002721786499 0.9060918092727661
55.96666717529297 0.3910951018333435 -0.13112859427928925 0.36552193760871887 -0.001479308120906353 -0.397546648979187 -0.14462433755397797 0.9061115980148315
56.0 0.39124178886413574 -0.13134080171585083 0.3654097616672516 -0.0016354079125449061 -0.39758384227752686 -0.14463594555854797 0.906093180179596
56.03333282470703 0.39127135276794434 -0.13130465149879456 0.3656403720378876 -0.001590293482877314 -0.39762499928474426 -0.14459896087646484 0.9060811400413513
56.06666564941406 0.3910920023918152 -0.1312257945537567 0.3654309809207916 -0.0015241177752614021 -0.3974786400794983 -0.14466392993927002 0.906135082244873
56.099998474121094 0.3913004696369171 -0.1314375251531601 0.36539825797080994 -0.0017379237106069922 -0.39761215448379517 -0.1445673555135727 0.9060915112495422
56.13333511352539 0.3913802206516266 -0.131383016705513 0.36532190442085266 -0.0016334359534084797 -0.39753973484039307 -0.1446397751569748 0.9061118960380554
56.16666793823242 0.39122140407562256 -0.13124693930149078 0.3652626574039459 -0.0015795881627127528 -0.39750298857688904 -0.14469248056411743 0.9061197638511658
56.20000076293945 0.3911159634590149 -0.13139775395393372 0.36526140570640564 -0.0016956520266830921 -0.3974824547767639 -0.14464259147644043 0.9061364531517029
56.233333587646484 0.390968918800354 -0.13129369914531708 0.36532890796661377 -0.0016099672066047788 -0.3974369168281555 -0.14462445676326752 0.906159520149231
56.266666412353516 0.3912583887577057 -0.1313292533159256 0.3655344843864441 -0.0016032515559345484 -0.39759552478790283 -0.1446562558412552 0.9060849547386169
56.29999923706055 0.391196608543396 -0.1313430815935135 0.3655124008655548 -0.0016584476688876748 -0.39761486649513245 -0.14456409215927124 0.9060910940170288
56.33333206176758 0.39098984003067017 -0.13132135570049286 0.3652791976928711 -0.001599011942744255 -0.39745187759399414 -0.1446479856967926 0.9061492681503296
56.36666488647461 0.39119237661361694 -0.1312975436449051 0.3652445375919342 -0.0016459684120491147 -0.3975013196468353 -0.14468349516391754 0.9061218500137329
56.400001525878906 0.391202449798584 -0.1313437819480896 0.3654794692993164 -0.0016108459094539285 -0.39753788709640503 -0.14460763335227966 0.906117856502533
56.43333435058594 0.3912672996520996 -0.13137859106063843 0.3654126524925232 -0.001677486696280539 -0.3975965678691864 -0.1446232795715332 0.9060896039009094
56.46666717529297 0.39116060733795166 -0.13121655583381653 0.36573269963264465 -0.0015645334497094154 -0.39759838581085205 -0.14464715123176575 0.906085193157196
56.5 0.39128974080085754 -0.13150353729724884 0.36538681387901306 -0.0017384241800755262 -0.3975672423839569 -0.1445542871952057 0.9061132669448853
56.53333282470703 0.3913649618625641 -0.1314813196659088 0.3655838072299957 -0.0017075639916583896 -0.3976399302482605 -0.14459337294101715 0.9060751795768738
56.56666564941406 0.3913431763648987 -0.13134856522083282 0.36576342582702637 -0.0016108958516269922 -0.39770010113716125 -0.14463219046592712 0.9060428738594055
56.599998474121094 0.39134132862091064 -0.1313023567199707 0.3657717704772949 -0.0015382381388917565 -0.3977069556713104 -0.1445705145597458 0.9060498476028442
56.63333511352539 0.3913103938102722 -0.13127468526363373 0.3657379150390625 -0.0015435701934620738 -0.39766162633895874 -0.1446281522512436 0.906060516834259
56.66666793823242 0.3913262188434601 -0.13151822984218597 0.36522918939590454 -0.0017366509418934584 -0.39753732085227966 -0.14461299777030945 0.9061170816421509
56.70000076293945 0.3910480737686157 -0.13121823966503143 0.365296334028244 -0.0015410281484946609 -0.3974266052246094 -0.1447371244430542 0.9061461687088013
56.733333587646484 0.39142489433288574 -0.13150827586650848 0.3656277060508728 -0.0017202512826770544 -0.3976818919181824 -0.1446196734905243 0.9060525894165039
56.766666412353516 0.391359806060791 -0.13150016963481903 0.3654985725879669 -0.001716998522169888 -0.39765211939811707 -0.14462725818157196 0.906064510345459
56.79999923706055 0.3910185694694519 -0.13134460151195526 0.36540287733078003 -0.0016198093071579933 -0.39749157428741455 -0.1447388082742691 0.90611732006073
56.83333206176758 0.3911748230457306 -0.13139913976192474 0.3653053045272827 -0.0017016646452248096 -0.3974877595901489 -0.14461588859558105 0.9061384797096252
56.86666488647461 0.39114895462989807 -0.13138875365257263 0.36530444025993347 -0.0016692072385922074 -0.39751988649368286 -0.14458754658699036 0.9061289429664612
56.900001525878906 0.3912428915500641 -0.13148590922355652 0.36528274416923523 -0.0017508226446807384 -0.39754801988601685 -0.1446489840745926 0.9061066508293152
56.93333435058594 0.391256183385849 -0.13144011795520782 0.36535459756851196 -0.00171883765142411 -0.397596538066864 -0.14464399218559265 0.9060861468315125
56.96666717529297 0.39125415682792664 -0.1314167082309723 0.36554262042045593 -0.001689487835392356 -0.39761343598365784 -0.14459675550460815 0.9060863852500916
57.0 0.39131245017051697 -0.1313808411359787 0.3653947710990906 -0.0016728814225643873 -0.39754292368888855 -0.14461201429367065 0.9061148762702942
57.03333282470703 0.3912866413593292 -0.13129669427871704 0.3656772971153259 -0.0015955227427184582 -0.39768633246421814 -0.14459733664989471 0.9060544371604919
57.06666564941406 0.39109006524086 -0.13128067553043365 0.3652992844581604 -0.0016154679469764233 -0.39750149846076965 -0.14463704824447632 0.9061291813850403
57.099998474121094 0.39130857586860657 -0.1312294453382492 0.3655936121940613 -0.001547513296827674 -0.3976627588272095 -0.1446773260831833 0.9060521721839905
57.13333511352539 0.39140012860298157 -0.13143959641456604 0.36543720960617065 -0.0016715077217668295 -0.3976284861564636 -0.14459267258644104 0.906080424785614
57.16666793823242 0.3912365138530731 -0.1313067376613617 0.36557263135910034 -0.0016075070016086102 -0.3976370394229889 -0.14457553625106812 0.9060795307159424
57.20000076293945 0.39112016558647156 -0.13139910995960236 0.3655608296394348 -0.0017016459023579955 -0.39764633774757385 -0.144656702876091 0.9060623645782471
57.233333587646484 0.3913280665874481 -0.1312868893146515 0.36552608013153076 -0.0015738902147859335 -0.39759570360183716 -0.14462999999523163 0.9060890078544617
57.266666412353516 0.39114928245544434 -0.13133886456489563 0.3651833236217499 -0.0016968878917396069 -0.39746007323265076 -0.14464537799358368 0.9061458706855774
57.29999923706055 0.39114686846733093 -0.13138793408870697 0.3653161823749542 -0.0016898030880838633 -0.39753109216690063 -0.14461545646190643 0.9061194658279419
57.33333206176758 0.39135846495628357 -0.13131937384605408 0.3654320240020752 -0.0016159656224772334 -0.3976185917854309 -0.14462143182754517 0.9060803055763245
57.36666488647461 0.3912404179573059 -0.13134557008743286 0.3653497099876404 -0.0016205348074436188 -0.39752644300460815 -0.144621342420578 0.906120777130127
57.400001525878906 0.39133158326148987 -0.13115757703781128 0.36593112349510193 -0.0014459544327110052 -0.3977014124393463 -0.14465218782424927 0.906039297580719
57.43333435058594 0.391192227602005 -0.1313241571187973 0.3654452860355377 -0.0016217881347984076 -0.3975346088409424 -0.14460225403308868 0.9061203002929688
57.46666717529297 0.39105403423309326 -0.1312469244003296 0.3652312457561493 -0.0015660903882235289 -0.39741501212120056 -0.144671231508255 0.9061617851257324
57.5 0.3910493552684784 -0.1311435103416443 0.36557507514953613 -0.0015143440105021 -0.39757025241851807 -0.14462998509407043 0.906100332736969
57.53333282470703 0.39096787571907043 -0.13115562498569489 0.3652813732624054 -0.001527999178506434 -0.3974079489707947 -0.1446392685174942 0.9061699509620667
57.56666564941406 0.3912200927734375 -0.1313248574733734 0.36548539996147156 -0.0016162596875801682 -0.3975435197353363 -0.14462538063526154 0.9061126112937927
57.599998474121094 0.3910239636898041 -0.1313241422176361 0.36527135968208313 -0.001640286180190742 -0.39746761322021484 -0.14463470876216888 0.906144380569458
57.63333511352539 0.39115631580352783 -0.13148704171180725 0.3652188181877136 -0.0017225686460733414 -0.39745816588401794 -0.14465482532978058 0.9061450958251953
57.66666793823242 0.3913244903087616 -0.13146831095218658 0.36548829078674316 -0.001702122506685555 -0.3976220190525055 -0.1446635127067566 0.9060718417167664
57.70000076293945 0.3913157284259796 -0.13139621913433075 0.365429162979126 -0.0016783878672868013 -0.3975766599178314 -0.14461755752563477 0.9060991406440735
57.733333587646484 0.3912274241447449 -0.1313013732433319 0.3655771017074585 -0.0015931776724755764 -0.3976125419139862 -0.14462214708328247 0.9060828685760498
57.766666412353516 0.3909927308559418 -0.13137370347976685 0.36513012647628784 -0.0016940785571932793 -0.39742958545684814 -0.14459583163261414 0.9061671495437622
57.79999923706055 0.3909585475921631 -0.13134634494781494 0.3650885224342346 -0.0016589517472311854 -0.3973764181137085 -0.14465197920799255 0.9061815142631531
57.83333206176758 0.39115938544273376 -0.13135993480682373 0.3652926981449127 -0.0016552741872146726 -0.39748454093933105 -0.14466969668865204 0.9061313271522522
57.86666488647461 0.39121195673942566 -0.13131220638751984 0.36552974581718445 -0.0015994715504348278 -0.39752769470214844 -0.14463971555233002 0.90611732006073
57.900001525878906 0.3911097049713135 -0.1312463879585266 0.36544907093048096 -0.0015826020389795303 -0.3975217044353485 -0.14462672173976898 0.9061220288276672
57.93333435058594 0.3911913335323334 -0.1312876045703888 0.365421324968338 -0.0015996838919818401 -0.397521436214447 -0.14465637505054474 0.9061173796653748
57.96666717529297 0.3913729190826416 -0.1314007043838501 0.3655393123626709 -0.0016355281695723534 -0.39758366346359253 -0.14465627074241638 0.9060900807380676
58.0 0.39092737436294556 -0.13131093978881836 0.3652586042881012 -0.001625088625587523 -0.3974270522594452 -0.14461639523506165 0.9061651825904846
58.03333282470703 0.39090925455093384 -0.1312621682882309 0.3652164041996002 -0.00161787832621485 -0.39741790294647217 -0.14461998641490936 0.906168520450592
58.06666564941406 0.3910894989967346 -0.1312454789876938 0.3654003143310547 -0.0015582763589918613 -0.3975204825401306 -0.14464423060417175 0.9061197638511658
58.099998474121094 0.391147643327713 -0.13118258118629456 0.36549612879753113 -0.0015142905758693814 -0.3975422978401184 -0.1446557343006134 0.906108558177948
58.13333511352539 0.3911518454551697 -0.1313520222902298 0.3654700517654419 -0.0016135688638314605 -0.3975169062614441 -0.14471076428890228 0.9061105847358704
58.16666793823242 0.3912383019924164 -0.13137716054916382 0.3654232621192932 -0.0016418604645878077 -0.39755791425704956 -0.14461514353752136 0.9061079621315002
58.20000076293945 0.39110153913497925 -0.1313084214925766 0.3654143214225769 -0.0016365308547392488 -0.397494912147522 -0.1446559876203537 0.9061289429664612
58.233333587646484 0.3911210298538208 -0.1312824934720993 0.36536267399787903 -0.0016049416735768318 -0.3974912464618683 -0.14462000131607056 0.9061364531517029
58.266666412353516 0.3912052810192108 -0.13125108182430267 0.3654736876487732 -0.001536200987175107 -0.39750200510025024 -0.14470776915550232 0.9061177372932434
58.29999923706055 0.3910229206085205 -0.13126787543296814 0.3652530610561371 -0.0015927748754620552 -0.3974243104457855 -0.14470237493515015 0.9061526656150818
58.33333206176758 0.3912389874458313 -0.13144661486148834 0.3654122054576874 -0.0016941346693783998 -0.39758801460266113 -0.14465726912021637 0.9060878157615662
58.36666488647461 0.39116427302360535 -0.13144615292549133 0.36537450551986694 -0.001656214939430356 -0.39751240611076355 -0.1446492224931717 0.9061223268508911
58.400001525878906 0.39109283685684204 -0.13125620782375336 0.36541056632995605 -0.0015647843247279525 -0.39748895168304443 -0.14470131695270538 0.9061245918273926
58.43333435058594 0.39115750789642334 -0.13144612312316895 0.36537644267082214 -0.0016935564344748855 -0.39755579829216003 -0.14465802907943726 0.9061018824577332
58.46666717529297 0.39108800888061523 -0.13122500479221344 0.36543530225753784 -0.0015393160283565521 -0.39749032258987427 -0.1446865051984787 0.9061263799667358
58.5 0.39102786779403687 -0.13131986558437347 0.36537885665893555 -0.001634029671549797 -0.3974985182285309 -0.14461149275302887 0.9061345458030701
58.53333282470703 0.3910956084728241 -0.13125763833522797 0.3655919134616852 -0.0015625166706740856 -0.3975621163845062 -0.14455144107341766 0.9061164259910583
58.56666564941406 0.39115408062934875 -0.13129322230815887 0.3655194342136383 -0.0016027524834498763 -0.39757585525512695 -0.14462247490882874 0.9060988426208496
58.599998474121094 0.39129287004470825 -0.13130377233028412 0.3655659854412079 -0.001586081925779581 -0.39760690927505493 -0.1446157693862915 0.9060863852500916
58.63333511352539 0.3911944329738617 -0.13141505420207977 0.3654004633426666 -0.0016686428571119905 -0.39753085374832153 -0.14460638165473938 0.9061210751533508
58.66666793823242 0.39116814732551575 -0.13141442835330963 0.3651809096336365 -0.0016791854286566377 -0.3974657356739044 -0.14464537799358368 0.9061433672904968
58.70000076293945 0.39130473136901855 -0.13131724298000336 0.36556026339530945 -0.0015282616950571537 -0.39757534861564636 -0.1446477174758911 0.9060952067375183
58.733333587646484 0.3910786211490631 -0.13117793202400208 0.3655339777469635 -0.0015120265306904912 -0.3975256383419037 -0.14463089406490326 0.9061198234558105
58.766666412353516 0.3911576271057129 -0.13139265775680542 0.3653835952281952 -0.0016742367297410965 -0.397544264793396 -0.14463268220424652 0.9061110615730286
58.79999923706055 0.3911778926849365 -0.13141730427742004 0.3654140830039978 -0.0016606503631919622 -0.39750906825065613 -0.14462536573410034 0.9061276316642761
58.83333206176758 0.3912754952907562 -0.1313503086566925 0.3655136823654175 -0.00162699690554291 -0.3976256251335144 -0.1446284055709839 0.9060760736465454
58.86666488647461 0.39101964235305786 -0.13136129081249237 0.36542925238609314 -0.0016166061395779252 -0.3975186049938202 -0.14462906122207642 0.9061229825019836
58.900001525878906 0.3912467956542969 -0.13128358125686646 0.3656027317047119 -0.0015473347157239914 -0.3975875973701477 -0.1446201652288437 0.9060943126678467
58.93333435058594 0.3910972476005554 -0.1313132643699646 0.36528411507606506 -0.0016062718350440264 -0.39742904901504517 -0.14466480910778046 0.906156599521637
58.96666717529297 0.391086220741272 -0.13115833699703217 0.3654007017612457 -0.0015057990094646811 -0.39749419689178467 -0.14464788138866425 0.9061307907104492
59.0 0.3911059498786926 -0.13125678896903992 0.3655105233192444 -0.0015843358123674989 -0.3975375294685364 -0.14460685849189758 0.9061182141304016
59.03333282470703 0.39109542965888977 -0.13119399547576904 0.3656449615955353 -0.0015088130021467805 -0.39757055044174194 -0.14465175569057465 0.9060966968536377
59.06666564941406 0.39131659269332886 -0.1314043402671814 0.3655357360839844 -0.0016213471535593271 -0.39759066700935364 -0.14470140635967255 0.9060797691345215
59.099998474121094 0.3911650478839874 -0.1312100738286972 0.365607351064682 -0.0015638379845768213 -0.39756500720977783 -0.14463311433792114 0.9061020016670227
59.13333511352539 0.3911629021167755 -0.13114897906780243 0.36567091941833496 -0.0014899339294061065 -0.397622674703598 -0.14463448524475098 0.9060766696929932
59.16666793823242 0.39106154441833496 -0.13120442628860474 0.36539268493652344 -0.0015300617087632418 -0.3974674344062805 -0.14471928775310516 0.9061310887336731
59.20000076293945 0.3911733329296112 -0.13132722675800323 0.3654242157936096 -0.0016379333101212978 -0.3975532650947571 -0.14461499452590942 0.9061099290847778
59.233333587646484 0.391147255897522 -0.13144059479236603 0.3650883436203003 -0.0017291541444137692 -0.39744141697883606 -0.14465634524822235 0.9061522483825684
59.266666412353516 0.39141491055488586 -0.1313764452934265 0.3656728267669678 -0.0016291692154482007 -0.39768972992897034 -0.14468149840831757 0.9060394167900085
59.29999923706055 0.39131951332092285 -0.13141633570194244 0.3653464913368225 -0.0016859926981851459 -0.39757806062698364 -0.14459843933582306 0.9061015844345093
59.33333206176758 0.39126333594322205 -0.1314009428024292 0.3654291033744812 -0.001680820481851697 -0.3975449204444885 -0.1446572095155716 0.9061067700386047
59.36666488647461 0.3914417624473572 -0.13152030110359192 0.3657122254371643 -0.0017129031475633383 -0.39769694209098816 -0.14464503526687622 0.9060419201850891
59.400001525878906 0.391152948141098 -0.13138538599014282 0.36511507630348206 -0.0016812761314213276 -0.39741721749305725 -0.1446836292743683 0.9061586856842041
59.43333435058594 0.3912685513496399 -0.13135746121406555 0.36541083455085754 -0.0016125079710036516 -0.39755213260650635 -0.14463216066360474 0.9061077237129211
59.46666717529297 0.3911132216453552 -0.1313655972480774 0.3654869794845581 -0.001605234225280583 -0.3975299298763275 -0.14466774463653564 0.9061118960380554
59.5 0.3912087380886078 -0.13126008212566376 0.36563754081726074 -0.0015708664432168007 -0.3976105749607086 -0.14463752508163452 0.9060812592506409
59.53333282470703 0.39132556319236755 -0.13130789995193481 0.36559781432151794 -0.00156682007946074 -0.3976207673549652 -0.14462661743164062 0.9060786366462708
59.56666564941406 0.3912254571914673 -0.13142436742782593 0.36554083228111267 -0.0016533227171748877 -0.3976008892059326 -0.14463301002979279 0.9060860872268677
59.599998474121094 0.3912941515445709 -0.13143803179264069 0.3654833137989044 -0.0017028436996042728 -0.39763012528419495 -0.14461781084537506 0.9060757160186768
59.63333511352539 0.3911990821361542 -0.13141240179538727 0.3654037117958069 -0.0017088697059080005 -0.39760273694992065 -0.1446327269077301 0.9060853719711304
59.66666793823242 0.3912953734397888 -0.13127940893173218 0.36569449305534363 -0.001582625205628574 -0.39765000343322754 -0.1445663571357727 0.9060753583908081
59.70000076293945 0.39127495884895325 -0.13136202096939087 0.36547815799713135 -0.0016297645634040236 -0.3975832164287567 -0.14459499716758728 0.9061000347137451
59.733333587646484 0.39132317900657654 -0.13147716224193573 0.36538487672805786 -0.0016998902428895235 -0.3976133167743683 -0.1446293741464615 0.9060811996459961
59.766666412353516 0.3912551701068878 -0.13140393793582916 0.36541709303855896 -0.0017033010954037309 -0.3975982069969177 -0.14457373321056366 0.9060966968536377
59.79999923706055 0.3913355767726898 -0.1314244419336319 0.36567750573158264 -0.0016757071716710925 -0.39767056703567505 -0.1445901244878769 0.9060623645782471
59.83333206176758 0.39135313034057617 -0.13135899603366852 0.36549970507621765 -0.0016380654415115714 -0.3976314663887024 -0.14465801417827606 0.9060688614845276
59.86666488647461 0.39142799377441406 -0.131452739238739 0.3654405176639557 -0.0016390723176300526 -0.3975902795791626 -0.14468145370483398 0.9060830473899841
59.900001525878906 0.3912962079048157 -0.13135287165641785 0.3655983805656433 -0.00161422707606107 -0.39763039350509644 -0.14463670551776886 0.9060726761817932
59.93333435058594 0.3914085924625397 -0.13149593770503998 0.36544984579086304 -0.001713304198347032 -0.3975819945335388 -0.1446768343448639 0.906087338924408
