0.0 0.0 0.0 0.0 0.0 0.0 0.0 1.0
0.03333333507180214 2.4577200747444294e-05 2.2131869172881125e-06 5.519649857887998e-05 -5.20258709002519e-07 -1.1069535503338557e-05 -1.1352057299518492e-05 1.0
0.06666667014360428 1.4494639799522702e-06 8.891341707339961e-08 7.606786675751209e-05 -1.5689799965912243e-06 -5.003756086807698e-06 -8.356508260476403e-06 1.0
0.10000000149011612 -4.362077561381739e-06 -2.4289181510539493e-06 0.00012383087596390396 1.1750931889764615e-06 -1.0162744729314e-05 -5.1210217861807905e-06 1.0
0.13333334028720856 6.783194294257555e-06 -1.00510160336853e-05 8.11275458545424e-05 -3.886096692440333e-06 -3.7552588310063584e-06 -1.0450937224959489e-05 1.0
0.1666666716337204 -5.0802595978893805e-06 -2.0465718989726156e-05 5.913083805353381e-05 -1.0118603313458152e-05 -2.7431406124378555e-06 -1.76072571775876e-05 1.0
0.20000000298023224 3.554288559826091e-05 1.8879343770095147e-05 4.5544216845883057e-05 1.1436957265686942e-06 -1.512553990323795e-05 -1.4713225027662702e-05 1.0
0.23333333432674408 2.031414805969689e-05 5.641543339152122e-06 6.420681165764108e-05 1.2207905228933669e-06 -8.298729881062172e-06 -1.2703680113190785e-05 1.0
0.2666666805744171 5.969198537059128e-05 1.7130565538536757e-05 8.614888065494597e-05 6.827490324212704e-06 -2.5365447072545066e-05 -4.95310951009742e-06 1.0
0.30000001192092896 1.5416459063999355e-05 -7.779730367474258e-06 5.1863768021576107e-05 -1.1439301488280762e-05 -1.0833557098521851e-05 -1.5566580259473994e-05 1.0
0.3333333432674408 -2.004645921260817e-06 -1.8480517610441893e-05 4.4066804548492655e-05 -1.0475962881173473e-05 -2.05908349926176e-06 -1.920740760397166e-05 1.0
0.36666667461395264 3.869080319418572e-05 1.2957414583070204e-05 3.283004116383381e-05 1.941473328770371e-06 -1.4363224181579426e-05 -1.458652059227461e-05 1.0
0.4000000059604645 2.668976958375424e-05 -7.996806743904017e-06 5.4334599553840235e-05 -5.440720997285098e-06 -1.4290569197328296e-05 -1.2147340385126881e-05 1.0
0.4333333373069763 -2.956483740490512e-06 9.845528438745532e-06 7.342476601479575e-05 2.701891844480997e-06 2.1366922737797722e-06 -7.140346497180872e-06 1.0
0.46666666865348816 3.072904291911982e-05 1.2115595382056199e-05 2.3254142433870584e-05 4.973686600351357e-07 -1.5283467291737907e-05 -1.5649729903088883e-05 1.0
0.5 2.8331072826404124e-05 -1.4697371852889773e-07 5.7763394579524174e-05 2.638464735582602e-08 -1.2550819519674405e-05 -7.065546014928259e-06 1.0
0.5333333611488342 -1.5130907740967814e-05 -1.3987991223984864e-05 5.779941056971438e-05 -7.599371201649774e-06 3.5145155834470643e-06 -1.7320904589723796e-05 1.0
0.5666666626930237 1.0002673661801964e-05 -8.180272743629757e-06 3.723490226548165e-05 -4.946429271512898e-06 -7.3776946010184474e-06 -1.1242555046919733e-05 1.0
0.6000000238418579 -1.2460242032830138e-05 -1.572988367115613e-06 7.901250501163304e-05 2.021895170400967e-06 -8.226984391512815e-07 -1.1759925655496772e-05 1.0
0.6333333253860474 1.2631757272174582e-05 3.705792551045306e-06 4.770615851157345e-05 -2.889060851885006e-06 -7.410169018839952e-06 -1.7059925085050054e-05 1.0
0.6666666865348816 3.868927706207614e-06 -5.8709697441372555e-06 8.374906610697508e-05 -4.930386239720974e-06 -9.243393833457958e-06 -1.2957739272678737e-05 1.0
0.699999988079071 2.981933175760787e-05 -9.422584298590664e-06 4.756984708365053e-05 -4.794310825673165e-06 -1.1962901226070244e-05 -1.2426323337422218e-05 1.0
0.7333333492279053 3.626662146416493e-05 1.714660356810782e-05 3.0683102522743866e-05 8.737792995816562e-07 -1.19069627544377e-05 -1.1742330570996273e-05 1.0
0.7666666507720947 1.3795201994071249e-05 -1.9583274479373358e-05 6.786583981011063e-05 -8.441515092272311e-06 -9.088993465411477e-06 -8.657438229420222e-06 1.0
0.800000011920929 2.470133222232107e-05 -3.7692600017180666e-05 4.1611150663811713e-05 -2.3679760488448665e-05 -1.4641640518675558e-05 -1.833867463574279e-05 1.0
0.8333333134651184 2.7729370231099892e-06 7.346894562942907e-06 6.231245788512751e-05 2.7237290396442404e-06 -6.539130026794737e-06 -1.807466833270155e-05 1.0
0.8666666746139526 1.1572432413231581e-05 9.321965080744121e-06 3.7129120755707845e-05 -1.209466063301079e-06 -6.566614501934964e-06 -1.0578633919067215e-05 1.0
0.8999999761581421 1.531497218820732e-05 1.7901746105053462e-05 6.778335955459625e-05 7.028213076409884e-06 -1.1376047950761858e-05 -1.3420700270216912e-05 1.0
0.9333333373069763 5.307372248353204e-06 -6.459009455284104e-06 0.00010637530795065686 -2.502832103346009e-06 -1.0519405805098359e-05 -3.458606215644977e-06 1.0
0.9666666388511658 1.6249190593953244e-05 -1.5169285688898526e-05 8.288452954730019e-05 -8.778200935921632e-06 -1.2849454833485652e-05 -1.1769176126108505e-05 1.0
1.0 1.257623534911545e-05 1.6584013792453334e-05 8.336369501193985e-05 9.11387996893609e-06 -1.2083132787665818e-05 -3.362060397194e-06 1.0
1.0333333015441895 -4.0637783058627974e-06 5.098404926684452e-06 7.496360194636509e-05 3.844857019430492e-07 -4.489846560318256e-06 -1.4766386584597058e-06 1.0
1.0666667222976685 4.0708786400500685e-05 2.9316390282474458e-05 4.440709744812921e-05 5.206833066040417e-06 -1.610543768038042e-05 -1.5767896911711432e-05 1.0
1.100000023841858 9.65595154411858e-06 6.0109473452030215e-06 7.955473120091483e-05 1.2201206800455111e-06 -6.147511612653034e-06 -9.42127462622011e-06 1.0
1.1333333253860474 1.0850235412362963e-05 -8.6375739556388e-06 4.8333717131754383e-05 -7.5264038059685845e-06 -7.706428732490167e-06 -1.577988950884901e-05 1.0
1.1666666269302368 2.1519825168070383e-05 9.302192665927578e-06 6.696689524687827e-05 -1.6396481896663317e-06 -1.5558835002593696e-05 -2.040793333435431e-05 1.0
1.2000000476837158 3.750552423298359e-05 2.4610746550024487e-05 3.915090928785503e-05 1.2909526958537754e-06 -1.4859466318739578e-05 -2.022806802415289e-05 1.0
1.2333333492279053 5.2537041483446956e-05 2.760239294730127e-05 4.541539601632394e-05 5.8002319747174624e-06 -2.1617346646962687e-05 -1.041295581671875e-05 1.0
1.2666666507720947 2.3756991140544415e-05 1.8450959032634273e-05 5.6439090258209035e-05 1.5735408851469401e-06 -8.460360731987748e-06 -1.7390872017131187e-05 1.0
1.2999999523162842 1.8187838577432558e-05 -3.1580988434143364e-05 8.340946806129068e-05 -1.1624309081526008e-05 -9.717393368191551e-06 -7.467320756404661e-06 1.0
1.3333333730697632 4.48452883574646e-05 1.0903783731919248e-05 6.83647594996728e-05 -4.108385667223047e-07 -2.1905476387473755e-05 -1.0146215572603978e-05 1.0
1.3666666746139526 -2.3455334030586528e-06 -2.497242121535237e-06 5.9935471654171124e-05 -5.071272425993811e-06 -1.9868186882376904e-06 -1.3964392564957961e-05 1.0
1.399999976158142 2.6668163627618924e-05 -9.18081514100777e-06 6.130860856501386e-05 -6.361448413372273e-06 -1.2640404747799039e-05 -1.0426894732518122e-05 1.0
1.4333332777023315 1.3729620150115807e-05 -1.0843165227925056e-06 7.801417086739093e-05 -5.0080598157364875e-06 -1.116843668569345e-05 -1.3912522263126448e-05 1.0
1.4666666984558105 2.6404297386761755e-05 1.0829974598891567e-05 5.6086399126797915e-05 6.437406341319729e-07 -1.621522278583143e-05 -1.633978172321804e-05 1.0
1.5 -8.244903710874496e-07 -3.018645429619937e-06 8.840342343319207e-05 -5.029321982874535e-06 -4.9324794417771045e-06 -1.1349124179105274e-05 1.0
1.5333333015441895 6.778102488169679e-06 2.0635518467315705e-06 6.731499161105603e-05 5.604937314274139e-07 -1.0057360668724868e-05 -1.5366273146355525e-05 1.0
1.5666667222976685 1.1654765330604278e-05 -2.097014430546551e-06 6.276043859543279e-05 -1.969118329725461e-06 -7.016660219960613e-06 -9.782098459254485e-06 1.0
1.600000023841858 2.8277270757826045e-05 5.816180419060402e-06 5.449855234473944e-05 -1.281168806599453e-06 -1.0165508683712687e-05 -6.698701326968148e-06 1.0
1.6333333253860474 3.0265009627328254e-05 -3.1273742933990434e-05 4.9949052481679246e-05 -1.5072370842972305e-05 -1.2749154848279431e-05 -4.872930276178522e-06 1.0
1.6666666269302368 3.087202276219614e-05 -6.949680027901195e-06 6.349098839564249e-05 -4.874026672041509e-06 -1.3778236279904377e-05 -7.360765721386997e-06 1.0
1.7000000476837158 -2.073068026220426e-05 -6.118151759437751e-06 9.358977695228532e-05 2.0898353341181064e-06 3.5205437143304152e-06 -5.791074272565311e-06 1.0
1.7333333492279053 2.790388316498138e-05 1.000936572381761e-05 7.636599184479564e-05 3.591972244976205e-06 -1.685744609858375e-05 -1.0865058357012458e-05 1.0
1.7666666507720947 2.5104720407398418e-05 1.5498961829507607e-06 2.054387550742831e-05 -7.897040632087737e-06 -1.0748235581559129e-05 -2.114387825713493e-05 1.0
1.7999999523162842 -1.1336134775774553e-05 1.932650775415823e-05 8.875835919752717e-05 1.0357167411711998e-05 -1.715064286145207e-06 -6.502874384750612e-06 1.0
1.8333333730697632 4.258741228113649e-06 2.04830803340883e-06 4.5120676077203825e-05 -6.567690320480324e-07 -2.177597480113036e-06 -9.422758012078702e-06 1.0
1.8666666746139526 1.6718509868951514e-05 -1.8295037079951726e-05 6.210563878994435e-05 -7.738032763882075e-06 -1.0941223990812432e-05 -7.1045878939912654e-06 1.0
1.899999976158142 1.0395080607850105e-05 -1.306838294112822e-05 6.141314952401444e-05 -5.1966158025607e-06 -4.970394911651965e-06 -8.630845513835084e-06 1.0
1.9333332777023315 1.9024961147806607e-05 1.6606461940682493e-05 6.240423681447282e-05 4.428136435308261e-06 -9.793699064175598e-06 -6.933149506949121e-06 1.0
1.9666666984558105 1.905148383229971e-05 1.7112450223066844e-05 4.502814044826664e-05 1.5860988469285076e-06 -1.0720902537286747e-05 -1.8352333427174017e-05 1.0
2.0 7.899002412159462e-06 -2.881054797398974e-06 6.700549420202151e-05 -8.917781997297425e-07 -7.379013823083369e-06 -8.709793291927781e-06 1.0
2.0333333015441895 1.2468826753320172e-05 -1.3748615856457036e-05 5.5200383940245956e-05 -6.629944437008817e-06 -7.77599143475527e-06 -5.672417046298506e-06 1.0
2.066666603088379 1.710797005216591e-05 3.317251184853376e-06 5.521970524569042e-05 -3.470410092631937e-06 -1.031858118949458e-05 -1.8148382878280245e-05 1.0
2.0999999046325684 4.044308752781944e-06 -7.583333626826061e-06 7.700092101003975e-05 -5.7505499171384145e-06 -7.90723515819991e-06 -1.6430416508228518e-05 1.0
2.133333444595337 3.824171290034428e-05 1.1464329872978851e-05 7.784811168676242e-05 8.947175729190349e-07 -1.944721589097753e-05 -1.463438729842892e-05 1.0
2.1666667461395264 2.9579625334008597e-05 3.2818104955367744e-05 4.8608111683279276e-05 9.382255484524649e-06 -1.4818792806181591e-05 -1.2189932022010908e-05 1.0
2.200000047683716 1.5287538190023042e-05 1.241111385752447e-05 6.565302464878187e-05 2.5595331862859894e-06 -1.185247310786508e-05 -9.188667718262877e-06 1.0
2.2333333492279053 5.004587728762999e-05 1.9974188035121188e-05 5.4631436796626076e-05 7.484607067453908e-06 -2.1876327082281932e-05 1.911071876747883e-06 1.0
2.2666666507720947 1.892303589556832e-05 -1.9859944586642087e-05 3.127284799120389e-05 -1.707482078927569e-05 -1.1310075024084654e-05 -2.0579534975695424e-05 1.0
2.299999952316284 1.8961352907354012e-05 9.588429747964256e-06 3.8676997064612806e-05 1.7969583723242977e-06 -1.0252623724227306e-05 -7.173742687882623e-06 1.0
2.3333332538604736 2.0457238861126825e-05 2.2124338556750445e-06 5.6696524552535266e-05 -3.5434329674899345e-06 -9.390190825797617e-06 -1.5580846593366005e-05 1.0
2.366666555404663 1.4926221410860308e-05 -7.787049980834126e-06 5.851600508322008e-05 -4.569780685415026e-06 -1.1695333341776859e-05 -1.8600343537400477e-05 1.0
2.4000000953674316 3.6376790376380086e-05 -4.265068582753884e-06 7.093769090715796e-05 -8.718442586541642e-06 -1.907536898215767e-05 -1.6183568732230924e-05 1.0
2.433333396911621 1.1203891290278989e-06 -1.1179752618772909e-05 5.362601950764656e-05 -7.454163096554112e-06 -4.25558664574055e-06 -1.567708204675e-05 1.0
2.4666666984558105 2.868770570785273e-05 4.1090861486736685e-06 5.29159588040784e-05 -3.3294395507255103e-06 -1.4421929336094763e-05 -1.4117905266175512e-05 1.0
2.5 -3.0596848432651313e-07 -1.909339516714681e-05 7.917779294075444e-05 -1.0374752491770778e-05 -4.365978838904994e-06 -1.226707172463648e-05 1.0
2.5333333015441895 3.159488187520765e-05 5.155321559868753e-06 7.478555926354602e-05 -1.0268089454257279e-06 -1.550832348584663e-05 -9.32095917960396e-06 1.0
2.566666603088379 3.0212837373255752e-05 -1.6610314560239203e-05 5.2955154387746006e-05 -1.7252486941288225e-05 -1.4959190593799576e-05 -1.5010521565272938e-05 1.0
2.5999999046325684 8.215297384595033e-06 -1.2739343219436705e-05 8.267261000582948e-05 -1.308969240199076e-05 -5.707105628971476e-06 -2.0304420104366727e-05 1.0
2.633333444595337 -3.497806801533443e-06 -1.9637548120954307e-06 5.241176040726714e-05 -4.692895799962571e-06 -1.8759046724881046e-06 -1.890827297756914e-05 1.0
2.6666667461395264 1.591193904459942e-05 -4.88797411435371e-07 4.618083039531484e-05 -4.7489756980212405e-06 -9.463622518524062e-06 -3.00945666822372e-05 1.0
2.700000047683716 1.3006383596803062e-05 -1.730026997392997e-05 4.4277730921749026e-05 -1.1056644325435627e-05 -6.9901234382996336e-06 -1.4707641639688518e-05 1.0
2.7333333492279053 3.501112951198593e-05 -2.920329279731959e-06 5.5420881835743785e-05 -4.892953711532755e-06 -1.8517495846026577e-05 -7.828713933122344e-06 1.0
2.7666666507720947 3.380270936759189e-05 2.0598259652615525e-05 7.497175101889297e-05 8.381960469705518e-06 -1.540106131869834e-05 -3.5833077163260896e-06 1.0
2.799999952316284 1.270744814974023e-05 -5.718143256672192e-06 6.607425166293979e-05 -5.290767603582935e-06 -4.377335699246032e-06 -1.1861699931614567e-05 1.0
2.8333332538604736 4.360801540315151e-06 4.340787199907936e-06 5.531291026272811e-05 -1.0475612555183034e-07 -3.941466729884269e-06 -1.516268002887955e-05 1.0
2.866666555404663 2.8389164071995765e-05 1.923277523019351e-06 5.4727945098420605e-05 3.517813240705436e-08 -1.2909231372759677e-05 -8.551774953957647e-06 1.0
2.9000000953674316 4.567827272694558e-05 1.0809220839291811e-05 6.880083674332127e-05 4.827695192943793e-06 -2.1100979211041704e-05 -5.415765826910501e-06 1.0
2.933333396911621 1.915306711453013e-05 -9.579115612723399e-06 5.350130595616065e-05 -7.748394637019373e-06 -1.0522485354158562e-05 -1.2599979527294636e-05 1.0
2.9666666984558105 2.263450551254209e-05 7.3313967732246965e-06 5.936469460721128e-05 -1.3738994653067493e-07 -9.026403859024867e-06 -1.1912942682101857e-05 1.0
3.0 5.9634530771290883e-05 3.0211345801944844e-05 6.217037298483774e-05 9.026462066685781e-06 -2.517076427466236e-05 -1.1417430869187228e-05 1.0
3.0333333015441895 1.821384830691386e-05 5.7799807109404355e-06 3.0135217457427643e-05 -1.5929414303172962e-06 -1.1101887139375322e-05 -1.820020770537667e-05 1.0
3.066666603088379 -6.611640401388286e-06 -2.6261390303261578e-05 5.246936052571982e-05 -1.5227618860080838e-05 -1.6814153696032008e-06 -1.759199585649185e-05 1.0
3.0999999046325684 -3.6904614262311952e-06 -1.366498509014491e-05 5.7301149354316294e-05 -5.0463386287447065e-06 -1.3950879065305344e-06 -9.013548151415307e-06 1.0
3.133333444595337 2.240264802821912e-05 5.82465918341768e-06 5.7613775425124913e-05 1.5210628134809667e-06 -1.1405592886148952e-05 -1.1995815839327406e-05 1.0
3.1666667461395264 2.0157283870503306e-05 6.111423317634035e-06 4.262015863787383e-05 1.7642676084506093e-06 -1.146302656707121e-05 -1.2740514648612589e-05 1.0
3.200000047683716 2.4696646505617537e-06 -1.251395315193804e-05 4.702789010480046e-05 -4.994695245841285e-06 -3.4992572182090953e-06 -1.1692083717207424e-05 1.0
3.2333333492279053 5.07206168549601e-05 3.938958252547309e-05 5.798619531560689e-05 8.563807568862103e-06 -2.353256604692433e-05 -2.3229315047501586e-05 1.0
3.2666666507720947 6.545298219862161e-06 4.945021828461904e-06 4.722995072370395e-05 -3.9650672079005744e-06 -6.5182252910744864e-06 -2.006675276788883e-05 1.0
3.299999952316284 2.4836112061166205e-05 1.3533544915844686e-05 6.871359801152721e-05 3.6327558063931065e-06 -1.9269653421361e-05 -1.1679863746394403e-05 1.0
3.3333332538604736 -4.192258529656101e-06 -9.926333177645574e-07 5.783222513855435e-05 -2.640677166709793e-06 -1.1279681757514481e-06 -1.3066496649116743e-05 1.0
3.366666555404663 4.8241861804854125e-05 2.225208663730882e-05 6.850527279311791e-05 6.344792382151354e-06 -2.1304093024809845e-05 -2.202262521677767e-06 1.0
3.4000000953674316 1.2444924323062878e-05 -5.185770532989409e-06 7.645834557479247e-05 -5.694346782547655e-06 -7.343273409787798e-06 -2.0688160020654323e-06 1.0
3.433333396911621 3.091551116085611e-05 7.688057849009056e-06 5.8053177781403065e-05 -2.151411706563522e-07 -1.788983354344964e-05 -1.4172170267556794e-05 1.0
3.4666666984558105 1.940567744895816e-05 3.1635051982448203e-06 3.245778862037696e-05 -1.7584854958840879e-06 -1.227762913913466e-05 -1.8340841052122414e-05 1.0
3.5 4.449230618774891e-05 -3.703216862049885e-05 3.978883250965737e-05 -1.8333637854084373e-05 -2.2207777874427848e-05 -6.235885393834906e-06 1.0
3.5333333015441895 2.8237627702765167e-05 -2.7147009404870914e-06 3.9604215999133885e-05 -6.673888492514379e-06 -1.55014840856893e-05 -1.435589092579903e-05 1.0
3.566666603088379 1.827779306040611e-05 6.292992566159228e-06 7.177778024924919e-05 3.5935923392571567e-07 -1.0099337487190496e-05 -1.2831724234274589e-05 1.0
3.5999999046325684 2.5170013486786047e-06 -1.0656238373485394e-05 7.199535320978612e-05 -2.2440185603045393e-06 -6.8224690039642155e-06 -6.791998202970717e-06 1.0
3.633333444595337 1.632923522265628e-05 -1.670332312642131e-05 5.6713775848038495e-05 -6.687904715363402e-06 -9.864772437140346e-06 -1.9460207113297656e-05 1.0
3.6666667461395264 5.933422016823897e-06 -5.286924988467945e-06 6.692683382425457e-05 -2.049179101959453e-06 -7.311045465030475e-06 -8.563420124119148e-06 1.0
3.700000047683716 2.7893742299056612e-05 1.5147329577303026e-05 4.8714562581153587e-05 3.407351982787077e-07 -1.6436659279861487e-05 -1.7598276826902293e-05 1.0
3.7333333492279053 1.762983447406441e-05 -3.69006629625801e-05 7.762636960251257e-05 -1.679403430898674e-05 -1.2002911716990639e-05 -1.5461539078387432e-05 1.0
3.7666666507720947 -1.727838935039472e-05 -2.338002741453238e-05 3.653605381259695e-05 -1.37963052111445e-05 2.449872226861771e-06 -2.2127758711576462e-05 1.0
3.799999952316284 1.012507073028246e-05 -2.3631871954421513e-05 2.3731274268357083e-05 -1.719590727589093e-05 -1.1978248949162662e-05 -2.2979271307121962e-05 1.0
3.8333332538604736 2.9608727345475927e-05 -8.311020792461932e-06 6.355612276820466e-05 -5.170865279069403e-06 -1.2677575796260498e-05 -7.2047810135700274e-06 1.0
3.866666555404663 -8.747761057747994e-06 -5.614126621367177e-06 8.987260662252083e-05 -3.688709512061905e-06 -5.3784679039381444e-06 -1.342419818683993e-05 1.0
3.9000000953674316 7.419171652145451e-06 6.15836461292929e-06 4.569202792481519e-05 -2.6522766347625293e-06 -5.539608082472114e-06 -2.1592506527667865e-05 1.0
3.933333396911621 1.4447291505348403e-05 1.9394226455915486e-06 4.6352652134373784e-05 -3.647650828497717e-06 -1.0147487955691759e-05 -1.5759509551571682e-05 1.0
3.9666666984558105 2.2296831957646646e-05 1.4872490282868966e-05 6.335919897537678e-05 2.956913704110775e-06 -1.374462681269506e-05 -1.4786377505515702e-05 1.0
4.0 2.351369766984135e-05 8.005888957995921e-06 3.413432204979472e-05 -4.793690209226042e-07 -1.254539438377833e-05 -1.0498566552996635e-05 1.0
4.0333333015441895 5.580428842222318e-05 2.828076139849145e-05 8.106873428914696e-05 1.0789427506097127e-05 -2.1719275537179783e-05 -6.475365353253437e-06 1.0
4.066666603088379 2.2710168195771985e-05 1.07570440377458e-05 7.26002108422108e-05 -8.705562777322484e-07 -1.3834755918651354e-05 -1.0446473424963187e-05 1.0
4.099999904632568 7.374276265181834e-06 2.4995897547341883e-05 4.505108154262416e-05 5.7378447309019975e-06 -6.215598205017159e-06 -1.630474434932694e-05 1.0
4.133333206176758 2.6935267669614404e-05 1.5433569160450133e-06 4.3761483539128676e-05 -2.3600853182870196e-06 -1.2954407793586142e-05 -1.093349692382617e-05 1.0
4.166666507720947 3.631375193435815e-06 -2.3567537937196903e-05 5.97616053710226e-05 -8.770171007199679e-06 -6.165070317365462e-06 -8.435351446678396e-06 1.0
4.199999809265137 1.5797662854311056e-05 -9.026657039612473e-07 6.164260412333533e-05 -2.026643414865248e-06 -5.697648703062441e-06 -8.828325917420443e-06 1.0
4.233333110809326 1.84613872988848e-05 -1.5433566659339704e-05 7.611874025315046e-05 -8.78878290677676e-06 -1.4144945453153923e-05 -6.858587767055724e-06 1.0
4.266666889190674 3.103059862041846e-05 2.4204698547691805e-06 6.351031333906576e-05 -2.2163110315887025e-06 -1.6711381249479018e-05 -1.5238723790389486e-05 1.0
4.300000190734863 1.1819771316368133e-05 -1.5024033928057179e-05 4.6384448069147766e-05 -1.0305472642357927e-05 -6.813050731580006e-06 -1.2865247299487237e-05 1.0
4.333333492279053 -5.606775175692746e-06 -6.061340172891505e-06 6.494994886452332e-05 -4.905670266452944e-06 -5.585957296716515e-06 -1.2148535461165011e-05 1.0
4.366666793823242 7.065100817271741e-06 -7.66030188970035e-06 7.0014844823163e-05 -4.522804829321103e-06 -5.6609146668051835e-06 -1.375886768073542e-05 1.0
4.400000095367432 2.2728225303580984e-05 1.8408542018732987e-05 3.953737541451119e-05 4.649408765544649e-06 -9.98368614091305e-06 -5.600444183073705e-06 1.0
4.433333396911621 1.1740191439457703e-05 -1.1585295396798756e-05 7.32169792172499e-05 -4.022132543468615e-06 -1.1972078027611133e-05 -1.2268720638530795e-05 1.0
4.4666666984558105 -7.242940682772314e-07 2.634559905345668e-06 7.215145160444081e-05 -2.053923708444927e-06 -5.553793016588315e-06 -1.99265887204092e-05 1.0
4.5 2.1421910787466913e-05 9.554411008139141e-06 8.804238314041868e-05 5.2267382670834195e-06 -1.7119600670412183e-05 -5.959215741313528e-06 1.0
4.5333333015441895 8.24203289084835e-06 3.092462463882839e-07 7.10936074028723e-05 4.742475301355853e-09 -2.725180138440919e-06 -1.0437700439069886e-05 1.0
4.566666603088379 4.553296821541153e-05 1.3878976460546255e-05 5.228250665822998e-05 4.270988029020373e-06 -1.7292437405558303e-05 -7.195711077656597e-06 1.0
4.599999904632568 2.03355957637541e-05 1.419627369614318e-05 5.808555943076499e-05 -7.583448109471647e-07 -6.9791612986591645e-06 -2.2683179849991575e-05 1.0
4.633333206176758 3.163637302350253e-05 -8.033833154286185e-08 4.749695654027164e-05 -4.022439497930463e-06 -1.39459962156252e-05 -1.4230694432626478e-05 1.0
4.666666507720947 2.96419038932072e-05 -5.105229305968351e-08 5.401855378295295e-05 -1.0368270295657567e-06 -1.5856623576837592e-05 -6.867670435894979e-06 1.0
4.699999809265137 3.224832471460104e-05 1.324741106145666e-06 8.963580330600962e-05 -3.3459180031059077e-06 -1.6588528524152935e-05 -6.7994742494192906e-06 1.0
4.733333110809326 4.735040420200676e-05 -4.392491064209025e-06 8.106491441139951e-05 -2.1340274543035775e-06 -2.3806524040992372e-05 -9.079067240236327e-06 1.0
4.766666889190674 3.907128484570421e-05 1.1531853488122579e-05 8.528680336894467e-05 3.6157045997242676e-06 -2.209288504673168e-05 -4.880819687969051e-06 1.0
4.800000190734863 1.18435573313036e-05 -9.921848231897457e-07 7.626916340086609e-05 -3.3269591313001e-06 -7.678322617721278e-06 -8.648676157463342e-06 1.0
4.833333492279053 3.3285301469732076e-05 -6.8711415224242955e-06 4.380173049867153e-05 -6.616277005377924e-06 -1.300920939684147e-05 -8.15635303297313e-06 1.0
4.866666793823242 1.5815456208656542e-05 6.162717909319326e-06 5.153871825314127e-05 1.6894786085686064e-06 -6.344812391034793e-06 2.606962254958489e-07 1.0
4.900000095367432 4.020470805699006e-05 -2.1758647562819533e-05 2.0110903278691694e-05 -1.643996438360773e-05 -2.0441368178580888e-05 -8.49847674544435e-06 1.0
4.933333396911621 -3.6998119412601227e-06 2.3831867110857274e-06 4.472974978853017e-05 -2.2906372123543406e-06 -1.1454199011495803e-06 -1.4343141629069578e-05 1.0
4.9666666984558105 3.0425615477724932e-05 -7.3606797741376795e-06 5.956089444225654e-05 -8.993405572255142e-06 -1.4387600458576344e-05 -8.262158189609181e-06 1.0
5.0 1.0170534551434685e-05 6.939947070350172e-06 6.615448364755139e-05 8.292814186461328e-07 -6.985652817093069e-06 -5.420981779025169e-06 1.0
5.0333333015441895 4.349093433120288e-05 8.719824108993635e-06 6.348531314870343e-05 2.1515168100449955e-06 -1.7008298527798615e-05 -3.2982816264848225e-06 1.0
5.066666603088379 3.8042257983761374e-06 1.0612102414597757e-06 5.928746395511553e-05 -9.554836424285895e-07 -7.699631169089116e-06 -1.8683938833419234e-05 1.0
5.099999904632568 2.93286211672239e-05 -1.3396544090937823e-05 7.227264723042026e-05 -4.513752628554357e-06 -1.541577876196243e-05 -8.556164175388403e-06 1.0
5.133333206176758 1.8283422832610086e-05 -1.6537333067390136e-06 6.375274097081274e-05 -4.8002516450651456e-06 -9.19101876206696e-06 -8.769541636866052e-06 1.0
5.166666507720947 2.6462850655661896e-05 5.643298209179193e-06 6.321748514892533e-05 2.665552074176958e-06 -1.3194578968978021e-05 3.7590530155284796e-06 1.0
5.199999809265137 3.246308915549889e-05 -9.598679753253236e-07 6.214922905201092e-05 -6.542869414261077e-06 -1.2453485396690667e-05 -1.1758808796002995e-05 1.0
5.233333110809326 1.663377224758733e-05 -2.3850381694501266e-05 3.5731078241951764e-05 -1.0585921700112522e-05 -7.880257726355921e-06 -7.6040028034185525e-06 1.0
5.266666889190674 3.2343461498385295e-05 -1.2786226761818398e-05 5.4266674851533026e-05 -7.022098543529864e-06 -1.427879305992974e-05 -9.745574971020687e-06 1.0
5.300000190734863 1.0436870070407167e-05 1.6506895917700604e-05 2.2376945707947016e-05 1.5254355503202532e-06 -7.644991455890704e-06 -2.611593845358584e-05 1.0
5.333333492279053 2.062391649815254e-05 2.0955711079295725e-05 6.151090929051861e-05 9.74842896539485e-06 -1.0803924851643387e-05 -3.7646736927854363e-06 1.0
5.366666793823242 3.196209218003787e-05 1.4484422536042985e-05 9.056545968633145e-05 2.771446133920108e-06 -1.9950057321693748e-05 -5.556730684475042e-06 1.0
5.400000095367432 4.3077630834886804e-05 -3.277296855230816e-05 4.1419210901949555e-05 -2.353954187128693e-05 -2.065214175672736e-05 -1.0830408427864313e-05 1.0
5.433333396911621 2.9026292395428754e-05 5.096724635222927e-06 2.0203484382363968e-05 -5.604345915344311e-06 -1.4423578249989077e-05 -1.2482116289902478e-05 1.0
5.4666666984558105 2.3455444534192793e-05 6.106039108999539e-06 4.541001180768944e-05 1.467555762246775e-06 -1.0649586329236627e-05 -6.162062618386699e-06 1.0
5.5 9.53640937950695e-06 -9.844550731941126e-06 6.712943286402151e-05 -7.317905328818597e-06 -5.626179699902423e-06 -8.40368647914147e-06 1.0
5.5333333015441895 2.1150857719476335e-05 -1.1018899385817349e-05 4.6302739065140486e-05 -6.728319021931384e-06 -1.0277226465404965e-05 -8.709411304153036e-06 1.0
5.566666603088379 3.070003367611207e-05 -4.901323791273171e-08 6.545520591316745e-05 -1.6035828593885526e-06 -1.5937950593070127e-05 -2.1674737581633963e-05 1.0
5.599999904632568 2.8536478566820733e-05 -1.681740104686469e-05 3.246427877456881e-05 -1.3617624972539488e-05 -1.3462223250826355e-05 -1.4676039427286014e-05 1.0
5.633333206176758 1.9398359654587694e-05 -1.2308075383771211e-05 6.483965262304991e-05 -6.727324944222346e-06 -1.2198333934065886e-05 -1.6303567463182844e-05 1.0
5.666666507720947 1.9472354324534535e-05 8.940527550294064e-06 8.460117533104494e-05 6.444425707741175e-06 -1.4313932297227439e-05 9.471612543165975e-07 1.0
5.699999809265137 5.38000458618626e-05 6.30954264124739e-06 3.891500091413036e-05 -3.636234623627388e-06 -2.1806716176797636e-05 -9.556506483932026e-06 1.0
5.733333110809326 1.4844546058156993e-05 -1.0100045983563177e-05 5.88474067626521e-05 -9.431909347767942e-06 -5.997118478262564e-06 -1.3179873349145055e-05 1.0
5.766666889190674 -1.0498064511921257e-05 -2.499394577171188e-05 9.516406862530857e-05 -1.0315227882529143e-05 -5.09993742525694e-06 -9.085423698707018e-06 1.0
5.800000190734863 1.934548890858423e-05 7.190395081124734e-06 8.770370914135128e-05 1.1860977338074008e-06 -1.1027129403373692e-05 -6.036344075255329e-06 1.0
5.833333492279053 2.863240115402732e-05 5.9683989093173295e-06 5.428993245004676e-05 1.096251708077034e-06 -1.1526263733685482e-05 -1.07895675682812e-05 1.0
5.866666793823242 -1.7186916068112623e-07 -7.57032375986455e-06 7.912229193607345e-05 -8.160594120454334e-07 -6.841248705313774e-06 -1.0462092177476734e-05 1.0
5.900000095367432 1.1131377505080309e-05 -7.46042587707052e-06 4.397658267407678e-05 -6.983826551731909e-06 -6.419475084840087e-06 -1.9005898138857447e-05 1.0
5.933333396911621 4.718685886473395e-05 -1.2085266689609853e-06 4.969737710780464e-05 -6.6534607867652085e-06 -1.9926754248444922e-05 -8.80587595020188e-06 1.0
5.9666666984558105 1.3470894373313058e-05 1.180560138891451e-05 5.414728002506308e-05 3.1510160170000745e-06 -8.801932381174993e-06 -1.2075807717337739e-05 1.0
6.0 4.552061909635086e-06 -4.13594216297497e-06 5.796051482320763e-05 -7.092563009791775e-06 -6.640178071393166e-06 -1.6534915630472824e-05 1.0
6.0333333015441895 4.2534000385785475e-05 1.9057708868785994e-06 6.0490507166832685e-05 -3.7555919334408827e-06 -2.2963014998822473e-05 -1.0992049283231609e-05 1.0
6.066666603088379 -2.5576648567948723e-06 1.3116920854372438e-05 6.148691318230703e-05 5.7224001466238406e-06 -3.4130760013795225e-06 -1.5370247638202272e-05 1.0
6.099999904632568 3.2972915505524725e-05 1.5133244232856669e-05 3.873316018143669e-05 2.182525804528268e-06 -1.2984259228687733e-05 -1.035127934301272e-05 1.0
6.133333206176758 -1.9902836356777698e-05 -7.227474270621315e-06 8.863459515850991e-05 -4.522958988673054e-06 -3.4544459595053922e-06 -1.6239227988990024e-05 1.0
6.166666507720947 1.899219751066994e-05 -1.0073988960357383e-05 5.27572919963859e-05 -8.674500350025482e-06 -1.235548006661702e-05 -1.7673919501248747e-05 1.0
6.199999809265137 2.519773715903284e-06 2.3355510165856685e-06 4.7460111090913415e-05 -2.71613907898427e-06 -5.3277963161235675e-06 -1.4788561202294659e-05 1.0
6.233333110809326 2.105017119902186e-05 -4.384110070532188e-06 6.257893255678937e-05 -3.139720774925081e-06 -1.1664175872283522e-05 -8.172539310180582e-06 1.0
6.266666889190674 1.3726270481129177e-05 -4.3640173430503637e-07 6.694015610264614e-05 -5.713826340070227e-06 -1.1376580914657097e-05 -2.5652145723142894e-06 1.0
6.300000190734863 1.0621966794133186e-05 4.456344413483748e-06 4.819223613594659e-05 8.940531870393897e-07 -5.457822680909885e-06 -1.8476129071132164e-06 1.0
6.333333492279053 3.07596055790782e-05 1.5949601220199838e-05 4.861845445702784e-05 3.127337095065741e-06 -1.5496214473387226e-05 -8.964853805082384e-06 1.0
6.366666793823242 1.0523675882723182e-05 -1.2795690054190345e-05 7.664793520234525e-05 -7.563258350273827e-06 -6.71112184136291e-06 -1.0759176802821457e-05 1.0
6.400000095367432 1.8261183868162334e-05 1.7764843107670458e-07 6.501627649413422e-05 -1.3188225693738787e-06 -1.1371608707122505e-05 -1.6080257410067134e-05 1.0
6.433333396911621 1.3030412446823902e-05 -1.6657355445204303e-05 4.008036194136366e-05 -1.2055835213686805e-05 -7.833131348888855e-06 -1.2246339792909566e-05 1.0
6.4666666984558105 -1.1598884157137945e-05 -2.4960983864730224e-05 5.524061998585239e-05 -1.60404833877692e-05 -5.014243242840166e-07 -1.8784912754199468e-05 1.0
6.5 1.2272336789465044e-05 1.2858181435149163e-05 5.162740853847936e-05 -8.280853194264637e-07 -6.5689164330251515e-06 -2.119704549841117e-05 1.0
6.5333333015441895 3.2414413908554707e-06 -1.6191659597097896e-05 9.083089389605448e-05 -6.980404123169137e-06 -8.377513040613849e-06 -1.0852047125808895e-05 1.0
6.566666603088379 -8.327483556058723e-06 -2.2256168449530378e-05 5.579600838245824e-05 -1.040158804244129e-05 -1.5355244613601826e-06 -6.684562777081737e-06 1.0
6.599999904632568 3.8656995457131416e-05 -3.380026328159147e-06 2.3942851839819923e-05 -1.0525523066462483e-05 -1.7538330212119035e-05 -1.8703234673012048e-05 1.0
6.633333206176758 2.4855518859112635e-05 9.72263023868436e-06 7.909685518825427e-05 5.750076525146142e-06 -1.365829029964516e-05 -6.4966443460434675e-06 1.0
6.666666507720947 2.920546285167802e-05 -1.4893610568833537e-05 5.148252967046574e-05 -1.021185380523093e-05 -1.2296623026486486e-05 -1.2675435755227227e-05 1.0
6.699999809265137 1.3788297110295389e-05 3.9817168726585805e-06 7.119715155567974e-05 -5.029689305047214e-07 -1.1943265235458966e-05 -9.793073331820779e-06 1.0
6.733333110809326 1.2562823940243106e-05 -1.980548222491052e-05 6.198206392582506e-05 -1.0523907803872135e-05 -9.913031135511119e-06 -1.664307274040766e-05 1.0
6.766666889190674 1.5150136505326373e-06 -2.6233692551613785e-05 5.9629201132338494e-05 -1.702800545899663e-05 -3.6794126572203822e-06 -1.5626794265699573e-05 1.0
6.800000190734863 -5.186057023820467e-07 -6.182261813592049e-07 3.471916352282278e-05 -1.6447821735710022e-06 -1.5438255331901019e-06 -9.203745321428869e-06 1.0
6.833333492279053 1.8476599507266656e-05 2.9631498819071567e-06 5.744737427448854e-05 -1.208182879963715e-06 -7.3917290137615055e-06 -1.1653404726530425e-05 1.0
6.866666793823242 2.4236820536316372e-05 -1.013814198813634e-05 8.333680307259783e-05 -6.610790023842128e-06 -1.566978062328417e-05 -1.3267762369650882e-05 1.0
6.900000095367432 1.875662201200612e-05 2.1517922505154274e-05 5.277680975268595e-05 5.951984803687083e-06 -1.2126310139137786e-05 -1.3579076039604843e-05 1.0
6.933333396911621 6.115506039350294e-06 5.900908490730217e-06 8.280140173155814e-05 2.961384780064691e-06 -9.609748303773813e-06 -1.2741867067234125e-05 1.0
6.9666666984558105 1.752318894432392e-05 -4.882227585767396e-06 7.428248500218615e-05 -6.888126335979905e-06 -8.890054232324474e-06 -1.3165649761504028e-05 1.0
7.0 1.942342169058975e-05 -1.0679139450076036e-05 3.821579957730137e-05 -8.151781912602019e-06 -1.3195742212701589e-05 -1.844322105171159e-05 1.0
7.0333333015441895 2.093123475788161e-05 -1.542703216728114e-06 6.310141179710627e-05 -2.346514975215541e-06 -9.927764040185139e-06 -6.5936133069044445e-06 1.0
7.066666603088379 1.2971261639904696e-05 -2.4299128199345432e-05 9.229843999492005e-05 -8.433644325123169e-06 -9.23359675653046e-06 -1.0700611710490193e-05 1.0
7.099999904632568 2.1956371710984968e-05 -1.5956264178385027e-05 5.1570419600466266e-05 -1.4688242117699701e-05 -8.69411542225862e-06 -1.9276500097475946e-05 1.0
7.133333206176758 -5.498714017448947e-06 -2.6228597562294453e-05 5.649648664984852e-05 -1.747141322994139e-05 6.903962344040337e-07 -1.995354614336975e-05 1.0
7.166666507720947 3.827997716143727e-06 1.7081451005651616e-05 5.1516180974431336e-05 5.59647605768987e-06 -5.495593086379813e-06 -1.344873453490436e-05 1.0
7.199999809265137 1.4872985957481433e-05 -1.3716125977225602e-05 4.1566490835975856e-05 -9.859512829279993e-06 -9.170113116852008e-06 -1.227262691827491e-05 1.0
7.233333110809326 8.307883945235517e-06 -3.3053493098123e-05 4.736329719889909e-05 -2.3643162421649322e-05 -8.572745173296425e-06 -3.5503824619809166e-05 1.0
7.266666889190674 1.2205803614051547e-05 -6.967666195123456e-06 6.995111471042037e-05 -3.929736976715503e-06 -1.2813156899937894e-05 -1.2021085240121465e-05 1.0
7.300000190734863 1.8487580746295862e-05 -2.4294462491525337e-05 3.878607458318584e-05 -1.649230034672655e-05 -9.148257959168404e-06 -1.587858969287481e-05 1.0
7.333333492279053 6.3178949858411215e-06 1.1418297617638018e-05 4.473104127100669e-05 1.0014837243943475e-06 -4.082038685737643e-06 -1.9791346858255565e-05 1.0
7.366666793823242 2.5552548322593793e-05 -5.467927621793933e-06 4.216483284835704e-05 -3.539791578077711e-06 -1.0746361112978775e-05 -7.1842091529106256e-06 1.0
7.400000095367432 1.4210966583050322e-05 -5.027422048442531e-06 7.095095497788861e-05 -4.0120730773196556e-06 -8.193230314645916e-06 -7.788154107402079e-06 1.0
7.433333396911621 3.3162588806590065e-05 1.0402205589343794e-05 6.393634976120666e-05 4.874255409959005e-06 -1.5362020349130034e-05 -3.9969695535546634e-06 1.0
7.4666666984558105 1.952299317053985e-05 2.4345770270883804e-06 5.892766057513654e-05 -4.425940915098181e-06 -1.2243173841852695e-05 -1.738880564516876e-05 1.0
7.5 2.3759006580803543e-05 -4.1098069232248235e-06 3.37283818225842e-05 -6.900744665472303e-06 -1.3607152141048573e-05 -2.2736458049621433e-05 1.0
7.5333333015441895 1.5043082385091111e-05 3.0952828637964558e-06 2.8824550099670887e-05 -3.984487193520181e-06 -9.447477168578189e-06 -1.823574348236434e-05 1.0
7.566666603088379 5.213307304074988e-05 -1.0413938980491366e-05 3.809004192589782e-05 -8.555281056032982e-06 -2.2899543182575144e-05 -1.1694624845404178e-05 1.0
7.599999904632568 3.145984737784602e-05 -1.2852305189881008e-05 6.76681665936485e-05 -1.5756464563310146e-05 -1.4127002941677347e-05 -6.692218903481262e-06 1.0
7.633333206176758 6.243879397516139e-06 -3.2032507988333236e-06 8.643548062536865e-05 1.4590945340842154e-07 -7.326792456296971e-06 -2.536606871217373e-06 1.0
7.666666507720947 9.554747521178797e-06 -2.697439640542143e-06 4.4875188905280083e-05 -4.9472710088593885e-06 -9.049826076079626e-06 -1.896930371003691e-05 1.0
7.699999809265137 1.3547776688938029e-05 -7.150285455281846e-06 3.1336374377133325e-05 -8.739723853068426e-06 -9.725580639496911e-06 -2.1176205336814746e-05 1.0
7.733333110809326 -9.748692718858365e-06 -2.5674136850284413e-05 0.00010228434985037893 -9.566000699123833e-06 -2.218609552073758e-06 -3.010165528394282e-06 1.0
7.766666889190674 4.417099989950657e-05 4.68405642095604e-06 3.906619531335309e-05 -2.9087511848047143e-06 -2.0186385881970637e-05 -1.7065152860595845e-05 1.0
7.800000190734863 -4.615771558746928e-06 -5.14555267727701e-06 5.205011984799057e-05 -5.744626378145767e-06 -2.343084588574129e-06 -2.601976848382037e-05 1.0
7.833333492279053 1.5942669051582925e-05 -1.580911771270621e-06 6.364841101458296e-05 -1.4715099041495705e-06 -1.1382154298189562e-05 -2.3862194211687893e-06 1.0
7.866666793823242 1.2152882845839486e-05 2.0699262677226216e-05 0.00010007846867665648 8.659470040583983e-06 -9.900341865431983e-06 -1.1552960131666623e-05 1.0
7.900000095367432 2.060372571577318e-05 2.664230578375282e-07 8.94686600076966e-05 -3.731146080099279e-06 -1.100176632462535e-05 -8.387130947085097e-06 1.0
7.933333396911621 3.0497743864543736e-05 5.260789748717798e-06 0.0001041763971443288 -5.770458756160224e-06 -1.4520132936013397e-05 1.5696651871621725e-06 1.0
7.9666666984558105 -0.00046166343963705003 -0.0014946882147341967 0.0006756343645974994 -0.0023087235167622566 0.00019921938655897975 -0.00020204576139803976 0.9999973177909851
8.0 -0.0007333625690080225 -0.0026398783084005117 0.0013441520277410746 -0.0030635192524641752 0.0003336147638037801 -0.00047122029354795814 0.9999951720237732
8.033333778381348 -0.0005669230595231056 -0.002470034407451749 0.0008271542028523982 -0.002821447094902396 0.0002034208009717986 -0.0005292439018376172 0.9999958872795105
8.066666603088379 -0.0006624748348258436 -0.0028956267051398754 0.0006007463671267033 -0.0026387444231659174 0.000223405979340896 -0.0005733053549192846 0.9999963641166687
8.100000381469727 3.363801079103723e-05 -2.4090793885989115e-05 4.518957939581014e-05 -1.4522993296850473e-05 -1.3169994417694397e-05 -7.90032481745584e-06 1.0
8.133333206176758 1.0490070962987375e-05 -0.00013394647976383567 4.600883403327316e-05 -5.187019269214943e-05 -8.134645213431213e-06 -3.1506646337220445e-05 1.0
8.166666984558105 0.0001436005113646388 -0.00023902942484710366 -2.5633391487644985e-05 -0.00010943833331111819 -4.2711351852631196e-05 -6.30640861345455e-05 1.0
8.199999809265137 0.00038838890031911433 -0.00040503949276171625 -0.00012678418715950102 -0.00020085686992388219 -0.00010926600225502625 -6.0045425925636664e-05 1.0
8.233333587646484 0.000507199321873486 -0.0004988465807400644 -0.0002552119840402156 -0.00024136825231835246 -0.0001486276596551761 -8.604508184362203e-05 1.0
8.266666412353516 0.0005792668671347201 -0.0015800984110683203 -0.0002980832941830158 -0.0006402602884918451 -0.000165881312568672 -0.0002526496537029743 0.9999998211860657
8.300000190734863 0.0005357179907150567 -0.001447453978471458 -0.0002496829838491976 -0.000597360311076045 -0.00014871956955175847 -0.00025363321765325963 0.9999998211860657
8.333333015441895 0.0005752845318056643 -0.002166340360417962 -0.0004983363905921578 -0.0009188476833514869 -0.00020286059589125216 -0.0002956591488327831 0.9999995827674866
8.366666793823242 0.000612307689152658 -0.003003950696438551 -0.001025611418299377 -0.0012515727430582047 -0.0002959486155305058 -0.0003222707600798458 0.9999991655349731
8.399999618530273 0.001284354249946773 -0.003404666669666767 -0.0020508847665041685 -0.0005894770147278905 -0.0007114607724361122 0.0008387079578824341 0.9999992251396179
8.433333396911621 0.0012470148503780365 -0.002979662735015154 -0.0005509174079634249 -0.0005482093547470868 -0.0005234026466496289 0.0008978443220257759 0.9999992847442627
8.466666221618652 0.0013161607785150409 -0.003564999671652913 -0.0010934753809124231 -0.0015188803663477302 -0.0006671783630736172 -0.00028281743288971484 0.9999986290931702
8.5 0.001317600253969431 -0.0036733190063387156 -0.0021240361966192722 -0.0013919405173510313 -0.000803440110757947 -7.406443182844669e-05 0.9999987483024597
8.533333778381348 0.001408785698004067 -0.003371616592630744 -0.002275432925671339 -0.000552642741240561 -0.0008987465989775956 0.0009250313160009682 0.9999990463256836
8.566666603088379 0.0020746684167534113 -0.0029243011958897114 -0.0012251678854227066 -0.0011329104891046882 -0.001687541021965444 -0.00024600583128631115 0.9999979734420776
8.600000381469727 0.0008525164448656142 -0.0024877057876437902 -0.000341825041687116 -0.000994360656477511 -0.0015882833395153284 -0.0006555474828928709 0.9999980330467224
8.633333206176758 0.0008065575966611505 -0.004834356717765331 -8.307442476507276e-05 -0.0027442704886198044 -0.0017247587675228715 -0.00034221712849102914 0.999994695186615
8.666666984558105 0.001998782390728593 -0.001521287253126502 -0.0004491147701628506 -0.0007874940056353807 -0.006940588355064392 -0.0015291927848011255 0.9999744296073914
8.699999809265137 -0.002914043376222253 -0.0015757230576127768 0.0005932404310442507 -8.636262464278843e-06 -0.01576239988207817 -0.00433732382953167 0.9998663663864136
8.733333587646484 -0.003539781318977475 -0.001558399759232998 0.0005044649005867541 -0.0005377280758693814 -0.027668360620737076 -0.008474753238260746 0.9995810985565186
8.766666412353516 -0.005094972439110279 -0.0017771909479051828 -0.00018084695329889655 -0.0005545310559682548 -0.039464324712753296 -0.012995274737477303 0.9991363883018494
8.800000190734863 -0.006146651227027178 -0.0015271600568667054 -0.000583858578465879 -0.0004821883048862219 -0.049726452678442 -0.01615855097770691 0.9986320734024048
8.833333015441895 -0.006206250749528408 -0.0008536055684089661 -0.0009871687507256866 -0.0005430658347904682 -0.058288589119911194 -0.019204074516892433 0.9981149435043335
8.866666793823242 -0.008512997068464756 -0.0013066225219517946 -0.0009693091851659119 -0.0006522185867652297 -0.067142553627491 -0.022727934643626213 0.9974843263626099
8.899999618530273 -0.009106870740652084 -0.001283752266317606 -0.001466981484554708 -0.0007683172007091343 -0.07609416544437408 -0.025653313845396042 0.9967703223228455
8.933333396911621 -0.009264163672924042 -0.0010823891498148441 -0.0016616313951089978 -0.0007699931738898158 -0.08595366030931473 -0.028994577005505562 0.9958768486976624
8.966666221618652 -0.010616014711558819 -0.0012590513797476888 -0.0021670348942279816 -0.0012351387413218617 -0.09851014614105225 -0.03350669518113136 0.9945710897445679
9.0 -0.011802276596426964 -3.614429078879766e-05 -0.0028465287759900093 -0.0009012708906084299 -0.11361335963010788 -0.03863369673490524 0.9927732944488525
9.033333778381348 -0.01479245163500309 -0.00022019250900484622 -0.004210480954498053 -0.0013095197500661016 -0.1319093108177185 -0.04523589462041855 0.9902282953262329
9.066666603088379 -0.015956956893205643 -0.001079652225598693 -0.004811749793589115 -0.002316513331606984 -0.15217137336730957 -0.05269382521510124 0.9869458079338074
9.100000381469727 -0.018071455880999565 0.0006721038953401148 -0.005623425357043743 -0.0019995192997157574 -0.16786688566207886 -0.058219846338033676 0.9840869903564453
9.133333206176758 -0.019408347085118294 0.0005498353275470436 -0.006695572752505541 -0.0023840859066694975 -0.1801762878894806 -0.0626954659819603 0.9816313982009888
9.166666984558105 -0.019368989393115044 -0.00039368998841382563 -0.007307048887014389 -0.003238394856452942 -0.19126945734024048 -0.06674899905920029 0.9792600274085999
9.199999809265137 -0.0200053583830595 0.00046362061402760446 -0.007397751323878765 -0.0031153825111687183 -0.2012948840856552 -0.07011750340461731 0.9770128726959229
9.233333587646484 -0.020181929692626 0.0007380374590866268 -0.008217315189540386 -0.0032012902665883303 -0.2115737944841385 -0.0738440528512001 0.9745631814002991
9.266666412353516 -0.021120218560099602 0.001526264357380569 -0.009182911366224289 -0.0029718708246946335 -0.22266298532485962 -0.07798116654157639 0.9717671275138855
9.300000190734863 -0.021644804626703262 0.0010706098983064294 -0.010431149043142796 -0.0035319069866091013 -0.23335933685302734 -0.08184453845024109 0.9689337015151978
9.333333015441895 -0.02184005081653595 0.002261450281366706 -0.0103288684040308 -0.0033512096852064133 -0.24485023319721222 -0.08583462983369827 0.9657481908798218
9.366666793823242 -0.020840391516685486 0.002287317765876651 -0.010592039674520493 -0.0035293728578835726 -0.2574075162410736 -0.0904441624879837 0.9620544910430908
9.399999618530273 -0.022466499358415604 0.003169664414599538 -0.012460125610232353 -0.0032798221800476313 -0.2675384283065796 -0.0944109857082367 0.9589051604270935
9.433333396911621 -0.022689638659358025 0.0027578026056289673 -0.013558637350797653 -0.0037156292237341404 -0.2773810625076294 -0.09792260080575943 0.9557495713233948
9.466666221618652 -0.022319288924336433 0.0036350334994494915 -0.014261591248214245 -0.0036768170539289713 -0.28663232922554016 -0.10130241513252258 0.9526627659797668
9.5 -0.02094794437289238 0.0028325417079031467 -0.014574551954865456 -0.004088244400918484 -0.2925892472267151 -0.10328325629234314 0.9506352543830872
9.533333778381348 -0.022596534341573715 0.0035780626349151134 -0.01567610539495945 -0.003964695613831282 -0.29567426443099976 -0.10467623174190521 0.9495283365249634
9.566666603088379 -0.023919709026813507 0.004171646665781736 -0.016758758574724197 -0.0038925190456211567 -0.2991909682750702 -0.10623037070035934 0.9482535719871521
9.600000381469727 -0.024306191131472588 0.004305668640881777 -0.017527375370264053 -0.0038498451467603445 -0.3022835850715637 -0.10726780444383621 0.9471554756164551
9.633333206176758 -0.024560177698731422 0.004466808866709471 -0.017372559756040573 -0.004113385453820229 -0.30295202136039734 -0.10753526538610458 0.9469104409217834
9.666666984558105 -0.024936044588685036 0.0038040641229599714 -0.01717348024249077 -0.0050363498739898205 -0.30257657170295715 -0.10772279649972916 0.9470047354698181
9.699999809265137 -0.024724097922444344 0.004294424317777157 -0.017306266352534294 -0.0043993317522108555 -0.30237051844596863 -0.10805461555719376 0.9470359086990356
9.733333587646484 -0.024890506640076637 0.004460365977138281 -0.01770606078207493 -0.00326290144585073 -0.3019798994064331 -0.10873742401599884 0.9470869898796082
9.766666412353516 -0.025332048535346985 0.004924510605633259 -0.017942482605576515 -0.0032850492279976606 -0.3017165958881378 -0.1092737689614296 0.9471091032028198
9.800000190734863 -0.025116117671132088 0.005067994352430105 -0.017654111608862877 -0.003170741954818368 -0.3018236756324768 -0.10924296826124191 0.9470788836479187
9.833333015441895 -0.02503199130296707 0.005125794094055891 -0.017181525006890297 -0.0026597834657877684 -0.3004724979400635 -0.10871343314647675 0.9475709199905396
9.866666793823242 -0.02361232228577137 0.004374917596578598 -0.014647114090621471 -0.0020832049194723368 -0.29542726278305054 -0.1069488525390625 0.9493578672409058
9.899999618530273 -0.02377498336136341 0.003352769883349538 -0.012561171315610409 -0.003270030952990055 -0.29026713967323303 -0.10532786697149277 0.9511258602142334
9.933333396911621 -0.02493489533662796 0.0028971910942345858 -0.011593878269195557 -0.003988993354141712 -0.2863575220108032 -0.10357782244682312 0.9524993896484375
9.966666221618652 -0.026298707351088524 0.004185078199952841 -0.012233945541083813 -0.0034333697985857725 -0.28500109910964966 -0.10339991003274918 0.9529276490211487
10.0 -0.02619493193924427 0.003774746786803007 -0.012129226699471474 -0.002711293986067176 -0.28468450903892517 -0.10356174409389496 0.9530070424079895
10.033333778381348 -0.026533739641308784 0.0046020192094147205 -0.01176546048372984 -0.0018579561728984118 -0.2835187017917633 -0.10283716768026352 0.9534350037574768
10.066666603088379 -0.027060547843575478 0.004981133621186018 -0.010984490625560284 -0.002802860224619508 -0.28103572130203247 -0.10149508714675903 0.9543112516403198
10.100000381469727 -0.02722553350031376 0.002930193906649947 -0.008780340664088726 -0.004400562960654497 -0.28039681911468506 -0.10149852931499481 0.9544926881790161
10.133333206176758 -0.026611093431711197 0.0038986075669527054 -0.008638208732008934 -0.002781057497486472 -0.2776584327220917 -0.10052815079689026 0.955401599407196
10.166666984558105 -0.02587277628481388 0.004024123307317495 -0.009421790018677711 -0.0004636440717149526 -0.27600473165512085 -0.10010036081075668 0.9559295177459717
10.199999809265137 -0.025392331182956696 0.0029927296563982964 -0.009503467939794064 -0.0011551419738680124 -0.2760600447654724 -0.09901821613311768 0.9560256004333496
10.233333587646484 -0.025181250646710396 0.0027477017138153315 -0.009115677326917648 -0.001812613452784717 -0.27644360065460205 -0.09833664447069168 0.9559841156005859
10.266666412353516 -0.025316152721643448 0.0017959156539291143 -0.007807592395693064 -0.0036004786379635334 -0.27799081802368164 -0.09881541132926941 0.9554808735847473
10.300000190734863 -0.02575012482702732 0.0002450220054015517 -0.007437986321747303 -0.006644516251981258 -0.27966126799583435 -0.09948541224002838 0.9549073576927185
10.333333015441895 -0.024866076186299324 -0.0024184389039874077 -0.006631443277001381 -0.011585390195250511 -0.28153055906295776 -0.09919695556163788 0.9543408155441284
10.366666793823242 -0.021653657779097557 -0.006033914163708687 -0.004659097641706467 -0.016375424340367317 -0.28661781549453735 -0.09748238325119019 0.9529320001602173
10.399999618530273 -0.016128655523061752 -0.008551090955734253 -0.003928302321583033 -0.018298836424946785 -0.29053035378456116 -0.09503509849309921 0.9519588947296143
10.433333396911621 -0.010176618583500385 -0.011804869398474693 -0.005664504133164883 -0.017375092953443527 -0.2927335798740387 -0.09217019379138947 0.9515827894210815
10.466666221618652 0.0006125257350504398 -0.017783455550670624 -0.009726605378091335 -0.01594877988100052 -0.2973361909389496 -0.08776696771383286 0.9505965709686279
10.5 0.008864648640155792 -0.02544725500047207 -0.013332761824131012 -0.01359749585390091 -0.30196893215179443 -0.08280279487371445 0.9496176242828369
10.533333778381348 0.01611938327550888 -0.0352909229695797 -0.01890355348587036 -0.010800288990139961 -0.30606356263160706 -0.07826065272092819 0.9487274885177612
10.566666603088379 0.02346470206975937 -0.04654901847243309 -0.023829611018300056 -0.009213846176862717 -0.3102366328239441 -0.07502945512533188 0.9476491808891296
10.600000381469727 0.026104623451828957 -0.05589836463332176 -0.02992650307714939 -0.009107671678066254 -0.3131413757801056 -0.07218127697706223 0.9469157457351685
10.633333206176758 0.028141792863607407 -0.06850025802850723 -0.03141012415289879 -0.010366296395659447 -0.3156581223011017 -0.07010878622531891 0.9462226033210754
10.666666984558105 0.03130090981721878 -0.08566474169492722 -0.03993699699640274 -0.01035764068365097 -0.3153870403766632 -0.07160352915525436 0.9462012052536011
10.699999809265137 0.038521748036146164 -0.11958207190036774 -0.05192659795284271 -0.008765405975282192 -0.31552112102508545 -0.07443469017744064 0.9459541440010071
10.733333587646484 0.03656782582402229 -0.13575568795204163 -0.06260896474123001 -0.00476766237989068 -0.3157201111316681 -0.07720037549734116 0.945694625377655
10.766666412353516 0.033278241753578186 -0.15102744102478027 -0.07179511338472366 -0.000386884028557688 -0.31611087918281555 -0.081629179418087 0.9452039003372192
10.800000190734863 0.026863230392336845 -0.16291582584381104 -0.08109213411808014 0.0033673797734081745 -0.31585654616355896 -0.08740278333425522 0.9447667598724365
10.833333015441895 0.017368672415614128 -0.1768741011619568 -0.08820294588804245 0.005613458342850208 -0.31498104333877563 -0.09397304803133011 0.9444176554679871
10.866666793823242 0.005796011071652174 -0.19109280407428741 -0.09452776610851288 0.004699588753283024 -0.313518226146698 -0.09913133829832077 0.9443820118904114
10.899999618530273 -0.005343723110854626 -0.20303532481193542 -0.09562080353498459 0.0023562477435916662 -0.31472843885421753 -0.10201499611139297 0.9436807632446289
10.933333396911621 -0.01520566176623106 -0.21006833016872406 -0.09693256765604019 0.00033888520556502044 -0.31740185618400574 -0.10290075838565826 0.9426915645599365
10.966666221618652 -0.027087129652500153 -0.2187511920928955 -0.09760157763957977 -0.0010105851106345654 -0.31887227296829224 -0.10581909120082855 0.9418714046478271
11.0 -0.04060047119855881 -0.22531422972679138 -0.09925758093595505 -0.0021980549208819866 -0.32012680172920227 -0.11075390875339508 0.9408759474754333
11.033333778381348 -0.05654282122850418 -0.23176783323287964 -0.10097438097000122 -0.00531153567135334 -0.32183319330215454 -0.11675836145877838 0.9395545125007629
11.066666603088379 -0.07032837718725204 -0.23927752673625946 -0.09431549906730652 -0.010020256042480469 -0.32291004061698914 -0.12245070189237595 0.9384212493896484
11.100000381469727 -0.08550135791301727 -0.24242772161960602 -0.09049233049154282 -0.0131193483248353 -0.3204798102378845 -0.1275184154510498 0.9385412335395813
11.133333206176758 -0.10012621432542801 -0.2454366236925125 -0.08678124099969864 -0.015110298991203308 -0.3202039897441864 -0.13096818327903748 0.938130259513855
11.166666984558105 -0.1150161623954773 -0.2487381547689438 -0.08101668953895569 -0.017755897715687752 -0.3215761184692383 -0.1329624205827713 0.9373337626457214
11.199999809265137 -0.12824027240276337 -0.2520788609981537 -0.07517167180776596 -0.02016875334084034 -0.32252979278564453 -0.13309399783611298 0.9369385242462158
11.233333587646484 -0.14132896065711975 -0.2547302842140198 -0.06794067472219467 -0.02316915988922119 -0.32542502880096436 -0.13149447739124298 0.9360933899879456
11.266666412353516 -0.1553020179271698 -0.25891003012657166 -0.06095309183001518 -0.02760135754942894 -0.32800766825675964 -0.12981294095516205 0.9353062510490417
11.300000190734863 -0.16415074467658997 -0.26070401072502136 -0.05363171920180321 -0.029270114377141 -0.3296794295310974 -0.12780262529850006 0.9349445700645447
11.333333015441895 -0.17650000751018524 -0.26507315039634705 -0.047259073704481125 -0.03203132376074791 -0.33111515641212463 -0.12472040206193924 0.9347628355026245
11.366666793823242 -0.19050627946853638 -0.2708528935909271 -0.038790151476860046 -0.03518488258123398 -0.33256736397743225 -0.12322040647268295 0.9343328475952148
11.399999618530273 -0.1964750736951828 -0.27257129549980164 -0.03265304118394852 -0.0357578881084919 -0.3323296904563904 -0.12226799130439758 0.9345206618309021
11.433333396911621 -0.20860394835472107 -0.27673232555389404 -0.02751147747039795 -0.034591034054756165 -0.33110418915748596 -0.12108432501554489 0.9351535439491272
11.466666221618652 -0.21853956580162048 -0.2810616195201874 -0.023159291595220566 -0.03279000520706177 -0.3307534158229828 -0.12049686163663864 0.935418426990509
11.5 -0.2290300875902176 -0.28501802682876587 -0.01905066706240177 -0.03172225505113602 -0.3304159343242645 -0.12265655398368835 0.9352937340736389
11.533333778381348 -0.24198591709136963 -0.28870004415512085 -0.01309751532971859 -0.03179686889052391 -0.32905879616737366 -0.12675976753234863 0.9352225661277771
11.566666603088379 -0.2563638389110565 -0.2918511629104614 -0.004827858414500952 -0.032785262912511826 -0.3273584246635437 -0.13146290183067322 0.9351358413696289
11.600000381469727 -0.26773375272750854 -0.2936648726463318 0.0027759128715842962 -0.03367135673761368 -0.3271394968032837 -0.13480406999588013 0.9347051978111267
11.633333206176758 -0.27943095564842224 -0.29520997405052185 0.01070418395102024 -0.03461216017603874 -0.32864734530448914 -0.13604283332824707 0.9339621067047119
11.666666984558105 -0.2896122634410858 -0.2955853044986725 0.01893177255988121 -0.037089377641677856 -0.3307693898677826 -0.13580654561519623 0.9331519603729248
11.699999809265137 -0.29938262701034546 -0.29524606466293335 0.028443507850170135 -0.0405721440911293 -0.3320435583591461 -0.13456203043460846 0.9327347278594971
11.733333587646484 -0.3106413185596466 -0.29419049620628357 0.040486112236976624 -0.04529888927936554 -0.3334513306617737 -0.13354569673538208 0.9321607947349548
11.766666412353516 -0.31655585765838623 -0.2924470007419586 0.0496821291744709 -0.05004512891173363 -0.3344651460647583 -0.13281367719173431 0.9316594004631042
11.800000190734863 -0.32447996735572815 -0.29032158851623535 0.06017083674669266 -0.054742418229579926 -0.3354445993900299 -0.1325729936361313 0.9310770630836487
11.833333015441895 -0.3316894769668579 -0.28649258613586426 0.0707288533449173 -0.05878398194909096 -0.33742693066596985 -0.13329708576202393 0.9300103783607483
11.866666793823242 -0.3391919434070587 -0.2837847173213959 0.0782916471362114 -0.062362056225538254 -0.33768513798713684 -0.13520371913909912 0.9294083118438721
11.899999618530273 -0.34719958901405334 -0.2799859941005707 0.08391670882701874 -0.06515538692474365 -0.3362344801425934 -0.13863568007946014 0.9292370080947876
11.933333396911621 -0.3593321442604065 -0.27430152893066406 0.09150367975234985 -0.06559770554304123 -0.33424675464630127 -0.1447814702987671 0.9289856553077698
11.966666221618652 -0.36872991919517517 -0.2703530788421631 0.09455344825983047 -0.0669836550951004 -0.3324779272079468 -0.1513206958770752 0.9284791946411133
12.0 -0.3797491192817688 -0.26619085669517517 0.09963265061378479 -0.06892026960849762 -0.3338926434516907 -0.1574944406747818 0.9268016219139099
12.033333778381348 -0.39311984181404114 -0.25874555110931396 0.10954805463552475 -0.06754188239574432 -0.3361814320087433 -0.16416798532009125 0.9249157309532166
12.066666603088379 -0.40040323138237 -0.25481346249580383 0.11332796514034271 -0.06783577054738998 -0.33628755807876587 -0.16828708350658417 0.924115002155304
12.100000381469727 -0.4096725881099701 -0.2506071925163269 0.11553328484296799 -0.0685926005244255 -0.3375166356563568 -0.17107197642326355 0.9230991005897522
12.133333206176758 -0.41669028997421265 -0.24724678695201874 0.11818001419305801 -0.0695091113448143 -0.3403574228286743 -0.17367206513881683 0.9215006232261658
12.166666984558105 -0.42347925901412964 -0.24293100833892822 0.12070401012897491 -0.07069293409585953 -0.3425491154193878 -0.17547644674777985 0.9202557802200317
12.199999809265137 -0.42932185530662537 -0.23955798149108887 0.12543441355228424 -0.07230529189109802 -0.34473562240600586 -0.17720836400985718 0.9189811944961548
12.233333587646484 -0.43442782759666443 -0.23735684156417847 0.1294928938150406 -0.07288171350955963 -0.34288841485977173 -0.17953342199325562 0.9191755056381226
12.266666412353516 -0.4400343596935272 -0.23532390594482422 0.13078393042087555 -0.07241171598434448 -0.338936448097229 -0.18140797317028046 0.9203096628189087
12.300000190734863 -0.44464239478111267 -0.23382364213466644 0.13281932473182678 -0.07279866188764572 -0.33775582909584045 -0.1825961172580719 0.9204781651496887
12.333333015441895 -0.4478834569454193 -0.23354285955429077 0.13422845304012299 -0.07255461812019348 -0.33691710233688354 -0.18374872207641602 0.9205754995346069
12.366666793823242 -0.44928404688835144 -0.23314087092876434 0.1355302929878235 -0.07025113701820374 -0.337195485830307 -0.184672012925148 0.9204673767089844
12.399999618530273 -0.44909384846687317 -0.2329641580581665 0.13544528186321259 -0.06749536842107773 -0.3363400101661682 -0.18567200005054474 0.9207853674888611
12.433333396911621 -0.45085540413856506 -0.2319486290216446 0.13692066073417664 -0.06600122898817062 -0.33483216166496277 -0.1873268038034439 0.921108067035675
12.466666221618652 -0.45136576890945435 -0.2319318801164627 0.1377873718738556 -0.06595203280448914 -0.3344724774360657 -0.18880867958068848 0.9209396839141846
12.5 -0.4536321759223938 -0.23117695748806 0.14080902934074402 -0.06747361272573471 -0.33469313383102417 -0.18906335532665253 0.920697033405304
12.533333778381348 -0.4564296305179596 -0.23026996850967407 0.1426256000995636 -0.06930972635746002 -0.33539441227912903 -0.18803167343139648 0.9205166697502136
12.566666603088379 -0.45765337347984314 -0.2297152429819107 0.144560307264328 -0.0705176442861557 -0.33725160360336304 -0.18706174194812775 0.9199437499046326
12.600000381469727 -0.45940348505973816 -0.22879405319690704 0.1458500474691391 -0.07160644233226776 -0.33802393078804016 -0.18669047951698303 0.9196516275405884
12.633333206176758 -0.4604479670524597 -0.22746331989765167 0.14850564301013947 -0.0729861930012703 -0.33841297030448914 -0.18627865612506866 0.919483482837677
12.666666984558105 -0.4613371193408966 -0.2249014973640442 0.15157456696033478 -0.07428588718175888 -0.3397558629512787 -0.1863311231136322 0.9188733696937561
12.699999809265137 -0.46161043643951416 -0.2222084254026413 0.15358223021030426 -0.07534947991371155 -0.3408558666706085 -0.18703293800354004 0.9182366132736206
12.733333587646484 -0.4620226323604584 -0.21938791871070862 0.15549533069133759 -0.07764787971973419 -0.3417234420776367 -0.18764333426952362 0.9175979495048523
12.766666412353516 -0.46238836646080017 -0.21764208376407623 0.15819038450717926 -0.07996493577957153 -0.34289366006851196 -0.18843580782413483 0.9167996048927307
12.800000190734863 -0.46313637495040894 -0.21443679928779602 0.15790505707263947 -0.07953958958387375 -0.34352049231529236 -0.1889093518257141 0.916504442691803
12.833333015441895 -0.462518572807312 -0.2141532599925995 0.15850821137428284 -0.08071909844875336 -0.3448030352592468 -0.18899884819984436 0.9159011244773865
12.866666793823242 -0.4614158570766449 -0.21387481689453125 0.15905463695526123 -0.08145882189273834 -0.34562259912490845 -0.1888028234243393 0.9155671000480652
12.899999618530273 -0.46166878938674927 -0.21160265803337097 0.1591131091117859 -0.08086744695901871 -0.34592944383621216 -0.18829980492591858 0.915607213973999
12.933333396911621 -0.4612868130207062 -0.21100029349327087 0.16050204634666443 -0.08186818659305573 -0.3463384211063385 -0.18803638219833374 0.9154177904129028
12.966666221618652 -0.46099260449409485 -0.20978517830371857 0.1603945940732956 -0.08232200145721436 -0.34520283341407776 -0.1878194510936737 0.9158504009246826
13.0 -0.4603779911994934 -0.20906288921833038 0.16062010824680328 -0.08228929340839386 -0.3449920117855072 -0.18746760487556458 0.9160048961639404
13.033333778381348 -0.45940276980400085 -0.20826858282089233 0.16036227345466614 -0.08160226792097092 -0.34489190578460693 -0.18734197318553925 0.9161297082901001
13.066666603088379 -0.45917803049087524 -0.20889447629451752 0.16099408268928528 -0.08149266988039017 -0.34512588381767273 -0.18785865604877472 0.9159455895423889
13.100000381469727 -0.46004775166511536 -0.2079879641532898 0.1614658385515213 -0.08050518482923508 -0.3446257412433624 -0.18889369070529938 0.9160082936286926
13.133333206176758 -0.46125391125679016 -0.2078082263469696 0.16180266439914703 -0.08041824400424957 -0.34329620003700256 -0.19057749211788177 0.9161664247512817
13.166666984558105 -0.46278515458106995 -0.20739306509494781 0.16135179996490479 -0.07957684248685837 -0.34222954511642456 -0.1919197142124176 0.9163587689399719
13.199999809265137 -0.46253129839897156 -0.20727618038654327 0.1589345633983612 -0.07826002687215805 -0.3421807885169983 -0.19242022931575775 0.9163853526115417
13.233333587646484 -0.4620876610279083 -0.2077527940273285 0.15889182686805725 -0.0784369632601738 -0.3433257043361664 -0.19247882068157196 0.9159296154975891
13.266666412353516 -0.4613718092441559 -0.2068236768245697 0.15820428729057312 -0.07899067550897598 -0.3427843749523163 -0.19204352796077728 0.9161760807037354
13.300000190734863 -0.4603710472583771 -0.20512567460536957 0.15617738664150238 -0.07928797602653503 -0.33984044194221497 -0.19234643876552582 0.9171831011772156
13.333333015441895 -0.45730358362197876 -0.2037334442138672 0.15283718705177307 -0.07787952572107315 -0.33496081829071045 -0.19307121634483337 0.918944776058197
13.366666793823242 -0.4514385759830475 -0.20402562618255615 0.14739097654819489 -0.07729535549879074 -0.33130425214767456 -0.19335666298866272 0.9202587008476257
13.399999618530273 -0.445467472076416 -0.20294785499572754 0.14090703427791595 -0.07570371776819229 -0.33075666427612305 -0.1953657865524292 0.9201637506484985
13.433333396911621 -0.43745821714401245 -0.2044772356748581 0.1327778697013855 -0.07394411414861679 -0.3286415934562683 -0.19860520958900452 0.9203711152076721
13.466666221618652 -0.42828866839408875 -0.2064002901315689 0.12368135154247284 -0.07126529514789581 -0.326352596282959 -0.1999857872724533 0.9210977554321289
13.5 -0.41822144389152527 -0.20783676207065582 0.11525487154722214 -0.06863942742347717 -0.32658377289772034 -0.19888295233249664 0.9214538931846619
13.533333778381348 -0.40403589606285095 -0.2128787487745285 0.10568509250879288 -0.06700538843870163 -0.3272358775138855 -0.19745787978172302 0.9216492772102356
13.566666603088379 -0.3899710774421692 -0.2170840948820114 0.09751227498054504 -0.06553208082914352 -0.3258713185787201 -0.19584669172763824 0.9225819706916809
13.600000381469727 -0.3739831745624542 -0.2232699990272522 0.09133927524089813 -0.06480881571769714 -0.3239319324493408 -0.19415901601314545 0.9236721396446228
13.633333206176758 -0.3582588732242584 -0.22927957773208618 0.08301109075546265 -0.06327647715806961 -0.3205782175064087 -0.19229048490524292 0.9253379106521606
13.666666984558105 -0.3440374732017517 -0.23316927254199982 0.07567174732685089 -0.06170179322361946 -0.3176340162754059 -0.19048352539539337 0.9268319606781006
13.699999809265137 -0.32731759548187256 -0.23848912119865417 0.0706193819642067 -0.06152721866965294 -0.3171347677707672 -0.18768711388111115 0.9275847673416138
13.733333587646484 -0.30954211950302124 -0.24321061372756958 0.06439369916915894 -0.0618894100189209 -0.31686434149742126 -0.1852477490901947 0.928143322467804
13.766666412353516 -0.29384633898735046 -0.24702562391757965 0.05887533724308014 -0.06275331228971481 -0.31668198108673096 -0.1831929087638855 0.9285553097724915
13.800000190734863 -0.28433534502983093 -0.24291273951530457 0.046330519020557404 -0.059500161558389664 -0.3128950893878937 -0.18071720004081726 0.9305362701416016
13.833333015441895 -0.2681916654109955 -0.2460188865661621 0.04144931957125664 -0.05867994949221611 -0.31240129470825195 -0.1782340407371521 0.9312329292297363
13.866666793823242 -0.253542423248291 -0.24851426482200623 0.036032579839229584 -0.057871028780937195 -0.3120861351490021 -0.17697535455226898 0.9316291809082031
13.899999618530273 -0.23958662152290344 -0.2508040964603424 0.029753318056464195 -0.056762147694826126 -0.3107379376888275 -0.17805804312229156 0.9319417476654053
13.933333396911621 -0.2281639575958252 -0.2533929944038391 0.024190418422222137 -0.05643105134367943 -0.3091267943382263 -0.179955393075943 0.9321331977844238
13.966666221618652 -0.21654853224754333 -0.2566392421722412 0.020385218784213066 -0.056223493069410324 -0.3076136112213135 -0.1817556619644165 0.9322970509529114
14.0 -0.20543500781059265 -0.26097744703292847 0.017590787261724472 -0.05623419210314751 -0.3065394163131714 -0.1850098967552185 0.9320099949836731
14.033333778381348 -0.19451205432415009 -0.2645847499370575 0.011069907806813717 -0.05670173466205597 -0.3057721257209778 -0.1879495531320572 0.9316455125808716
14.066666603088379 -0.18178918957710266 -0.27067938446998596 0.009909015148878098 -0.05618315562605858 -0.30571508407592773 -0.1857873946428299 0.9321292042732239
14.100000381469727 -0.16736067831516266 -0.2775872051715851 0.008542432449758053 -0.05501750111579895 -0.30297285318374634 -0.18329143524169922 0.9335870742797852
14.133333206176758 -0.1567533314228058 -0.2858668267726898 0.014710635878145695 -0.05694641172885895 -0.30241861939430237 -0.1829696148633957 0.9337141513824463
14.166666984558105 -0.13306716084480286 -0.30098676681518555 0.013639725744724274 -0.06097102165222168 -0.29960015416145325 -0.17766134440898895 0.9353922605514526
14.199999809265137 -0.11484142392873764 -0.31465238332748413 0.02094181999564171 -0.06314479559659958 -0.29413139820098877 -0.16608548164367676 0.939103364944458
14.233333587646484 -0.09438325464725494 -0.3283868134021759 0.030173802748322487 -0.06267144531011581 -0.2867860794067383 -0.15335939824581146 0.9435608386993408
14.266666412353516 -0.07193879038095474 -0.3442502021789551 0.0374542698264122 -0.060339558869600296 -0.28175875544548035 -0.14407971501350403 0.9466848969459534
14.300000190734863 -0.048692524433135986 -0.36018192768096924 0.043896183371543884 -0.057332586497068405 -0.2780546545982361 -0.13559456169605255 0.949216902256012
14.333333015441895 -0.032265640795230865 -0.3732702434062958 0.05189330130815506 -0.053679704666137695 -0.2725416123867035 -0.12958703935146332 0.9518648982048035
14.366666793823242 -0.0164207573980093 -0.38655412197113037 0.06056804209947586 -0.050495922565460205 -0.26650503277778625 -0.12556448578834534 0.9542844295501709
14.399999618530273 -0.0013760339934378862 -0.39877745509147644 0.06804704666137695 -0.04734935611486435 -0.2608654797077179 -0.12134614586830139 0.9565470814704895
14.433333396911621 0.010422776453197002 -0.4087803065776825 0.07523098587989807 -0.04545322060585022 -0.25784599781036377 -0.11700763553380966 0.9579972624778748
14.466666221618652 0.02307865582406521 -0.4195752739906311 0.08332962542772293 -0.04537753015756607 -0.2560581564903259 -0.1142573207616806 0.9588119387626648
14.5 0.03384716063737869 -0.4270154535770416 0.09290160238742828 -0.04396069794893265 -0.25149187445640564 -0.11226168274879456 0.9603211283683777
14.533333778381348 0.04792395979166031 -0.4385407269001007 0.10464031994342804 -0.04690435156226158 -0.2506044805049896 -0.10923798382282257 0.9607625007629395
14.566666603088379 0.055268168449401855 -0.4423576593399048 0.11712168902158737 -0.04823839291930199 -0.24970459938049316 -0.10725173354148865 0.9611544609069824
14.600000381469727 0.06313968449831009 -0.44527268409729004 0.1284438520669937 -0.050410978496074677 -0.24651239812374115 -0.10569102317094803 0.9620394706726074
14.633333206176758 0.071433424949646 -0.4488738477230072 0.14074131846427917 -0.0524294413626194 -0.24242867529392242 -0.1055729016661644 0.9629817605018616
14.666666984558105 0.08182363212108612 -0.45229703187942505 0.15084779262542725 -0.053322385996580124 -0.2396891564130783 -0.10486719757318497 0.9636953473091125
14.699999809265137 0.08978734910488129 -0.4548264741897583 0.16112609207630157 -0.05335833504796028 -0.23655574023723602 -0.10339012742042542 0.9646267890930176
14.733333587646484 0.09819915145635605 -0.4578295648097992 0.17194779217243195 -0.053603798151016235 -0.23487837612628937 -0.10211554914712906 0.9651587009429932
14.766666412353516 0.10535211116075516 -0.4607897400856018 0.18298125267028809 -0.053177423775196075 -0.2344990074634552 -0.10021737962961197 0.965473473072052
14.800000190734863 0.11242157220840454 -0.4642917513847351 0.19494332373142242 -0.053229089826345444 -0.23596079647541046 -0.09671074897050858 0.9654720425605774
14.833333015441895 0.1175224781036377 -0.46672120690345764 0.20773595571517944 -0.053320255130529404 -0.2379613071680069 -0.09301479160785675 0.965339183807373
14.866666793823242 0.11711207032203674 -0.46851927042007446 0.22190208733081818 -0.053307946771383286 -0.23770152032375336 -0.09054277092218399 0.9656387567520142
14.899999618530273 0.117373526096344 -0.4708515703678131 0.23624177277088165 -0.05445238947868347 -0.23908773064613342 -0.08883251249790192 0.9653915166854858
14.933333396911621 0.11147970706224442 -0.4695519804954529 0.25041553378105164 -0.055827826261520386 -0.2395859956741333 -0.08817832171916962 0.9652494192123413
14.966666221618652 0.10362127423286438 -0.4688839316368103 0.2645511031150818 -0.059842489659786224 -0.24115684628486633 -0.08904576301574707 0.9645378589630127
15.0 0.09660627692937851 -0.46735745668411255 0.2795045077800751 -0.0651082843542099 -0.2432408332824707 -0.0913354679942131 0.963458776473999
15.033333778381348 0.087420254945755 -0.4643341898918152 0.29087182879447937 -0.06876887381076813 -0.2421191781759262 -0.09317344427108765 0.9633108377456665
15.066666603088379 0.07783101499080658 -0.46044838428497314 0.2998920977115631 -0.07089691609144211 -0.24242191016674042 -0.0946430042386055 0.9629371166229248
15.100000381469727 0.06998909264802933 -0.45670613646507263 0.3081769049167633 -0.07212395966053009 -0.24569396674633026 -0.09542682766914368 0.9619389176368713
15.133333206176758 0.06167682260274887 -0.45262402296066284 0.3171664774417877 -0.07246383279561996 -0.25047940015792847 -0.09514226019382477 0.9607065916061401
15.166666984558105 0.055306240916252136 -0.4485202133655548 0.32391154766082764 -0.07255443930625916 -0.25708839297294617 -0.09527911245822906 0.9589386582374573
15.199999809265137 0.045882027596235275 -0.44647330045700073 0.3282972574234009 -0.07442104816436768 -0.2593986690044403 -0.09595216810703278 0.9581059217453003
15.233333587646484 0.036127880215644836 -0.44397810101509094 0.33323240280151367 -0.07617107778787613 -0.2610831558704376 -0.09721808135509491 0.9573829770088196
15.266666412353516 0.02241484262049198 -0.4374481737613678 0.3366082012653351 -0.07582016289234161 -0.2590572237968445 -0.09931281954050064 0.9577462077140808
15.300000190734863 0.011647306382656097 -0.4338022768497467 0.3424306809902191 -0.07749893516302109 -0.25845223665237427 -0.10215498507022858 0.9574761986732483
15.333333015441895 0.0008876525680534542 -0.4294271767139435 0.3475399613380432 -0.07811261713504791 -0.25737667083740234 -0.10539531707763672 0.9573648571968079
15.366666793823242 -0.007464343681931496 -0.42605462670326233 0.3516305685043335 -0.07739913463592529 -0.2543397545814514 -0.1069766953587532 0.9580588340759277
15.399999618530273 -0.014909207820892334 -0.4225214421749115 0.3554050624370575 -0.07515338808298111 -0.2495145946741104 -0.10705377161502838 0.959496796131134
15.433333396911621 -0.023413004353642464 -0.41800111532211304 0.35943424701690674 -0.0740039050579071 -0.2496257722377777 -0.10616090148687363 0.959656298160553
15.466666221618652 -0.033434733748435974 -0.4131891131401062 0.3652338683605194 -0.07543493807315826 -0.2533055543899536 -0.10537492483854294 0.9586668014526367
15.5 -0.04146411269903183 -0.4089302122592926 0.3714602589607239 -0.07867966592311859 -0.254667192697525 -0.10669185221195221 0.9578992128372192
15.533333778381348 -0.05006786435842514 -0.40398091077804565 0.3781767785549164 -0.08229902386665344 -0.25215044617652893 -0.11075450479984283 0.9577997922897339
15.566666603088379 -0.057292819023132324 -0.39749014377593994 0.38488253951072693 -0.08409126847982407 -0.24798284471035004 -0.11431222409009933 0.9583141207695007
15.600000381469727 -0.0666235014796257 -0.389353483915329 0.3918628692626953 -0.0857032835483551 -0.24393726885318756 -0.11760493367910385 0.9588110446929932
15.633333206176758 -0.07135778665542603 -0.38505083322525024 0.39621424674987793 -0.08885744214057922 -0.24300995469093323 -0.1203143373131752 0.9584231376647949
15.666666984558105 -0.07593339681625366 -0.37975364923477173 0.401324599981308 -0.09086989611387253 -0.24393507838249207 -0.12032347917556763 0.9579982757568359
15.699999809265137 -0.08455806225538254 -0.37304767966270447 0.4075945019721985 -0.09555207192897797 -0.24557580053806305 -0.11811021715402603 0.9573987126350403
15.733333587646484 -0.08857543766498566 -0.36728528141975403 0.41324353218078613 -0.09950882196426392 -0.24889574944972992 -0.1170315146446228 0.956270158290863
15.766666412353516 -0.09171537309885025 -0.36041292548179626 0.4188516139984131 -0.10190267115831375 -0.2504957616329193 -0.11731304973363876 0.9555655121803284
15.800000190734863 -0.09614907205104828 -0.35314229130744934 0.42493537068367004 -0.1056365966796875 -0.2519053816795349 -0.11784392595291138 0.9547238349914551
15.833333015441895 -0.10101289302110672 -0.3467927873134613 0.4307519197463989 -0.10930542647838593 -0.25260552763938904 -0.11976852267980576 0.9538859128952026
15.866666793823242 -0.1056368499994278 -0.3407778739929199 0.4350367784500122 -0.1113104298710823 -0.2524845004081726 -0.12179248034954071 0.9534297585487366
15.899999618530273 -0.10991921275854111 -0.3341243267059326 0.43994346261024475 -0.11302214860916138 -0.2535548806190491 -0.1231183409690857 0.9527737498283386
15.933333396911621 -0.11418803036212921 -0.3282787501811981 0.44384172558784485 -0.11465083062648773 -0.2547760307788849 -0.12383989989757538 0.9521596431732178
15.966666221618652 -0.11778029799461365 -0.3230738043785095 0.44667118787765503 -0.11561743915081024 -0.25516390800476074 -0.12427274137735367 0.951882541179657
16.0 -0.11959867924451828 -0.31785041093826294 0.4484652578830719 -0.11535976827144623 -0.2563679814338684 -0.1239316537976265 0.9516347050666809
16.03333282470703 -0.12044829875230789 -0.31497007608413696 0.4497821629047394 -0.11510396003723145 -0.25641950964927673 -0.1239444762468338 0.9516501426696777
16.066667556762695 -0.1206514909863472 -0.3123897314071655 0.4493127465248108 -0.11330567300319672 -0.2531944215297699 -0.1235484704375267 0.9527802467346191
16.100000381469727 -0.11993087828159332 -0.30877262353897095 0.4485795497894287 -0.1112176850438118 -0.2514086365699768 -0.12270518392324448 0.9536077976226807
16.133333206176758 -0.11895115673542023 -0.3081570565700531 0.44812533259391785 -0.11296156048774719 -0.2525041997432709 -0.12259949743747711 0.9531267881393433
16.16666603088379 -0.11703115701675415 -0.30783137679100037 0.4479871094226837 -0.11420947313308716 -0.2520807981491089 -0.12331593036651611 0.9529978036880493
16.200000762939453 -0.11531977355480194 -0.3031071424484253 0.44655680656433105 -0.11232549697160721 -0.24824312329292297 -0.1250493973493576 0.9540026783943176
16.233333587646484 -0.11299747973680496 -0.30201393365859985 0.44369667768478394 -0.11252043396234512 -0.24525612592697144 -0.1270482838153839 0.9544879794120789
16.266666412353516 -0.10936448723077774 -0.29983335733413696 0.43795838952064514 -0.11074196547269821 -0.24311450123786926 -0.1294553130865097 0.9549204111099243
16.299999237060547 -0.10335826128721237 -0.3006531000137329 0.43113967776298523 -0.10845156013965607 -0.24136650562286377 -0.13242019712924957 0.955220103263855
16.33333396911621 -0.0955871045589447 -0.30099210143089294 0.42166978120803833 -0.10261081904172897 -0.23900017142295837 -0.13290324807167053 0.9563925862312317
16.366666793823242 -0.08633798360824585 -0.3052341341972351 0.41069015860557556 -0.09776906669139862 -0.23791663348674774 -0.1302041858434677 0.9575405120849609
16.399999618530273 -0.07461328059434891 -0.3098568022251129 0.39808031916618347 -0.09182248264551163 -0.23770710825920105 -0.1251887083053589 0.9588491916656494
16.433332443237305 -0.06264045089483261 -0.31446966528892517 0.3868597149848938 -0.08602987229824066 -0.23614241182804108 -0.11898474395275116 0.9605615139007568
16.46666717529297 -0.04747231304645538 -0.31085312366485596 0.37376847863197327 -0.07649637758731842 -0.231488898396492 -0.10955120623111725 0.9636180996894836
16.5 -0.03009546548128128 -0.31253480911254883 0.35863372683525085 -0.0701899603009224 -0.22393521666526794 -0.10087975859642029 0.9668245911598206
16.53333282470703 -0.014589201658964157 -0.3161560893058777 0.34432581067085266 -0.06552476435899734 -0.21508845686912537 -0.0948273316025734 0.9697686433792114
16.566667556762695 0.004684381652623415 -0.3191455006599426 0.33181992173194885 -0.062379442155361176 -0.20674216747283936 -0.089577816426754 0.9722872376441956
16.600000381469727 0.02355143241584301 -0.3203255236148834 0.31335484981536865 -0.058900829404592514 -0.1976834386587143 -0.08260870724916458 0.9750013947486877
16.633333206176758 0.044863831251859665 -0.32193127274513245 0.2931670546531677 -0.054419055581092834 -0.1916850507259369 -0.07627861201763153 0.9769733548164368
16.66666603088379 0.06515038758516312 -0.3232293128967285 0.27210861444473267 -0.05020939186215401 -0.18621666729450226 -0.06876611709594727 0.9788123369216919
16.700000762939453 0.08425036072731018 -0.32467690110206604 0.2530123293399811 -0.046660881489515305 -0.18270301818847656 -0.06283994764089584 0.9800477027893066
16.733333587646484 0.10491544008255005 -0.32561907172203064 0.23423059284687042 -0.043922316282987595 -0.17858022451400757 -0.05752119421958923 0.9812600612640381
16.766666412353516 0.12523259222507477 -0.3271343410015106 0.21437755227088928 -0.04270269721746445 -0.1720406860113144 -0.05133381485939026 0.9828241467475891
16.799999237060547 0.14509613811969757 -0.32728278636932373 0.19125491380691528 -0.03945956006646156 -0.1669946014881134 -0.04471909999847412 0.9841524958610535
16.83333396911621 0.1619274914264679 -0.3299369513988495 0.17153578996658325 -0.03641672059893608 -0.16343097388744354 -0.04014347866177559 0.9850648045539856
16.866666793823242 0.17771996557712555 -0.32854971289634705 0.15083850920200348 -0.03152437135577202 -0.1566726118326187 -0.036485668271780014 0.9864728450775146
16.899999618530273 0.19724097847938538 -0.3304721713066101 0.1308370977640152 -0.026524163782596588 -0.14989043772220612 -0.03314393386244774 0.9877908825874329
16.933332443237305 0.21324510872364044 -0.3316260278224945 0.11116409301757812 -0.02185838483273983 -0.1451195925474167 -0.03034823387861252 0.9887069463729858
16.96666717529297 0.22559183835983276 -0.3342054784297943 0.09354759752750397 -0.019907690584659576 -0.14123539626598358 -0.029288828372955322 0.9893423914909363
17.0 0.23780542612075806 -0.33381330966949463 0.07624261826276779 -0.016431722790002823 -0.1363975703716278 -0.02891603671014309 0.9900957942008972
17.03333282470703 0.24964039027690887 -0.3330431878566742 0.059783935546875 -0.013241677545011044 -0.1313599944114685 -0.028446905314922333 0.9908380508422852
17.066667556762695 0.2591692805290222 -0.33348822593688965 0.04491982236504555 -0.012292953208088875 -0.12835639715194702 -0.027793550863862038 0.9912623763084412
17.100000381469727 0.2627779543399811 -0.3323633074760437 0.029168633744120598 -0.010316995903849602 -0.12610077857971191 -0.029238630086183548 0.9915328025817871
17.133333206176758 0.27378538250923157 -0.3289175033569336 0.015739109367132187 -0.005435907747596502 -0.12572896480560303 -0.03218937665224075 0.9915273785591125
17.16666603088379 0.2837747037410736 -0.3234846591949463 0.005060251336544752 -0.0011532919015735388 -0.12254960089921951 -0.032673634588718414 0.9919238090515137
17.200000762939453 0.2918383479118347 -0.32011041045188904 -0.003158402396366 0.0005546803004108369 -0.12128127366304398 -0.03327864408493042 0.9920600056648254
17.233333587646484 0.29673412442207336 -0.3160758912563324 -0.007661168929189444 0.0004285272734705359 -0.12005962431430817 -0.033849555999040604 0.992189347743988
17.266666412353516 0.3011980950832367 -0.30966001749038696 -0.010509057901799679 -0.0005710110417567194 -0.1186218336224556 -0.034184496849775314 0.992350697517395
17.299999237060547 0.306561678647995 -0.30483192205429077 -0.008993729948997498 -0.002095239469781518 -0.11846616119146347 -0.03519245237112045 0.9923321008682251
17.33333396911621 0.31160786747932434 -0.30113956332206726 -0.006541642360389233 -0.003863302292302251 -0.1150735467672348 -0.03495483100414276 0.9927342534065247
17.366666793823242 0.3168366551399231 -0.2995155155658722 -0.002802282804623246 -0.00535403611138463 -0.11113349348306656 -0.032904598861932755 0.9932462573051453
17.399999618530273 0.32167112827301025 -0.3007853329181671 -0.002501183655112982 -0.0067043062299489975 -0.1044241338968277 -0.029339289292693138 0.9940773844718933
17.433332443237305 0.3301070034503937 -0.30316245555877686 0.0015733422478660941 -0.006487690843641758 -0.09468729048967361 -0.025540722534060478 0.9951582551002502
17.46666717529297 0.33821046352386475 -0.3082128167152405 0.0050526391714811325 -0.008353868499398232 -0.07990880310535431 -0.022633280605077744 0.9965102672576904
17.5 0.350911408662796 -0.31460949778556824 0.011921107769012451 -0.01531177293509245 -0.06471331417560577 -0.021570047363638878 0.9975532293319702
17.53333282470703 0.36362510919570923 -0.3204401135444641 0.02091054804623127 -0.021198036149144173 -0.05258128419518471 -0.018864132463932037 0.9982134699821472
17.566667556762695 0.37894299626350403 -0.321638822555542 0.029340609908103943 -0.020919209346175194 -0.04097902774810791 -0.013995570130646229 0.9988430142402649
17.600000381469727 0.39428848028182983 -0.32697436213493347 0.037332382053136826 -0.02035156451165676 -0.027714021503925323 -0.007498815655708313 0.9993806481361389
17.633333206176758 0.4125322103500366 -0.3330046832561493 0.0444219671189785 -0.020139282569289207 -0.016948141157627106 -0.00018758430087473243 0.9996535181999207
17.66666603088379 0.43305864930152893 -0.33870184421539307 0.05363020673394203 -0.02032824419438839 -0.0063363900408148766 0.009040949866175652 0.9997324347496033
17.700000762939453 0.44775140285491943 -0.34250372648239136 0.06404498219490051 -0.020443666726350784 0.007181323133409023 0.01879136450588703 0.999588668346405
17.733333587646484 0.4630031883716583 -0.34963396191596985 0.07625681906938553 -0.022369327023625374 0.02180200256407261 0.027475399896502495 0.9991343021392822
17.766666412353516 0.4823937714099884 -0.3543606698513031 0.08827957510948181 -0.023134687915444374 0.03554301708936691 0.036489591002464294 0.9984338283538818
17.799999237060547 0.5041583180427551 -0.3607417047023773 0.10118401795625687 -0.02427876740694046 0.04674362391233444 0.0443931482732296 0.9976246356964111
17.83333396911621 0.5250756740570068 -0.36517104506492615 0.11692852526903152 -0.02565869875252247 0.058626215904951096 0.05113016441464424 0.9966395497322083
17.866666793823242 0.5409640073776245 -0.37055784463882446 0.12892550230026245 -0.027807416394352913 0.07068220525979996 0.05578943341970444 0.9955493211746216
17.899999618530273 0.5588807463645935 -0.369762122631073 0.1431492120027542 -0.027394497767090797 0.08140020072460175 0.06260630488395691 0.9943360090255737
17.933332443237305 0.575167179107666 -0.37337636947631836 0.15276484191417694 -0.028339475393295288 0.09289510548114777 0.06695236265659332 0.9930179715156555
17.96666717529297 0.5976841449737549 -0.3748759329319 0.1681634932756424 -0.02863534912467003 0.10518651455640793 0.07342343777418137 0.991324782371521
18.0 0.616299033164978 -0.3791519105434418 0.17976154386997223 -0.030453717336058617 0.11635685712099075 0.07979205995798111 0.9895285964012146
18.03333282470703 0.6310010552406311 -0.3770030736923218 0.19091452658176422 -0.03132957965135574 0.12578405439853668 0.08655711263418198 0.9877777099609375
18.066667556762695 0.6454483866691589 -0.37865138053894043 0.1983886957168579 -0.033302269876003265 0.13462328910827637 0.09184530377388 0.9860690236091614
18.100000381469727 0.660200297832489 -0.38077738881111145 0.20719365775585175 -0.03393072634935379 0.13998843729496002 0.09648099541664124 0.9848570823669434
18.133333206176758 0.6728348731994629 -0.3821074068546295 0.21627645194530487 -0.03390078619122505 0.1431274265050888 0.10099546611309052 0.9839538931846619
18.16666603088379 0.6839637160301208 -0.3838762640953064 0.2233174741268158 -0.034730229526758194 0.14651702344417572 0.10477869212627411 0.9830300211906433
18.200000762939453 0.6961377859115601 -0.38803035020828247 0.23052608966827393 -0.03645014762878418 0.14912262558937073 0.1081991121172905 0.9822050333023071
18.233333587646484 0.7103431820869446 -0.3875271677970886 0.24381455779075623 -0.03746499493718147 0.15299203991889954 0.1126822829246521 0.9810670018196106
18.266666412353516 0.7228423357009888 -0.3883708119392395 0.2515268325805664 -0.03995274379849434 0.1567411869764328 0.11603491753339767 0.9799856543540955
18.299999237060547 0.7342783212661743 -0.39075136184692383 0.26003414392471313 -0.04253125190734863 0.16010884940624237 0.12017054110765457 0.9788336753845215
18.33333396911621 0.7459654211997986 -0.3918246328830719 0.2671204209327698 -0.044778142124414444 0.16285920143127441 0.12433376163244247 0.9777591824531555
18.366666793823242 0.756257176399231 -0.3928152620792389 0.27361321449279785 -0.04754910245537758 0.16692842543125153 0.12886594235897064 0.9763543009757996
18.399999618530273 0.7699490785598755 -0.39285996556282043 0.28127753734588623 -0.04981581121683121 0.17201721668243408 0.13364475965499878 0.9747141003608704
18.433332443237305 0.7795743346214294 -0.3953137993812561 0.28872689604759216 -0.052629414945840836 0.17740753293037415 0.13754653930664062 0.9730558395385742
18.46666717529297 0.7868838310241699 -0.39165905117988586 0.2948329746723175 -0.0536363311111927 0.18250998854637146 0.14315912127494812 0.9712460041046143
18.5 0.797299861907959 -0.39268627762794495 0.3008267879486084 -0.055807653814554214 0.1872709095478058 0.14796076714992523 0.9694961905479431
18.53333282470703 0.8081376552581787 -0.39468514919281006 0.30688709020614624 -0.05812513828277588 0.19176548719406128 0.15161891281604767 0.967914879322052
18.566667556762695 0.8185673952102661 -0.3968804180622101 0.31401878595352173 -0.06072250381112099 0.19609558582305908 0.1554235965013504 0.9662829637527466
18.600000381469727 0.8284502029418945 -0.40021729469299316 0.32011735439300537 -0.06271824240684509 0.1991913616657257 0.15938761830329895 0.9648756384849548
18.633333206176758 0.8376304507255554 -0.40466296672821045 0.32664555311203003 -0.06480011343955994 0.20314595103263855 0.16206875443458557 0.9634658098220825
18.66666603088379 0.8458171486854553 -0.40847426652908325 0.33341264724731445 -0.06694009155035019 0.2085845172405243 0.1648779809474945 0.9616791605949402
18.700000762939453 0.8574374318122864 -0.4109964072704315 0.34177228808403015 -0.06824277341365814 0.21379783749580383 0.16862653195858002 0.959790825843811
18.733333587646484 0.8676422238349915 -0.4128127992153168 0.3473202884197235 -0.0695599913597107 0.2182314544916153 0.17271257936954498 0.957970142364502
18.766666412353516 0.879213809967041 -0.4140404760837555 0.35286691784858704 -0.07054397463798523 0.22357921302318573 0.1770920753479004 0.9558631777763367
18.799999237060547 0.8871901035308838 -0.4180815517902374 0.3585488498210907 -0.07285434007644653 0.22922168672084808 0.17953340709209442 0.9538959264755249
18.83333396911621 0.8968749046325684 -0.4218681752681732 0.36642464995384216 -0.07523369044065475 0.2343752086162567 0.18136121332645416 0.952111542224884
18.866666793823242 0.9043130278587341 -0.42335590720176697 0.3735027611255646 -0.07694822549819946 0.23981916904449463 0.18279540538787842 0.9503428339958191
18.899999618530273 0.9116063714027405 -0.4250088036060333 0.3805233836174011 -0.0793413370847702 0.2439776360988617 0.18391142785549164 0.9488711357116699
18.933332443237305 0.9177090525627136 -0.4229082763195038 0.38632985949516296 -0.080220066010952 0.24666395783424377 0.18686576187610626 0.9475246071815491
18.96666717529297 0.9245938062667847 -0.4249756932258606 0.3953552842140198 -0.08284779638051987 0.24947677552700043 0.18785345554351807 0.9463660717010498
19.0 0.9303501844406128 -0.42762669920921326 0.40698572993278503 -0.08706021308898926 0.25179046392440796 0.1885218769311905 0.9452416300773621
19.03333282470703 0.9348501563072205 -0.4305500388145447 0.41784024238586426 -0.09177152067422867 0.2518576681613922 0.18920660018920898 0.9446409344673157
19.066667556762695 0.939157247543335 -0.43338561058044434 0.4306108057498932 -0.09576302766799927 0.2510438561439514 0.19048121571540833 0.9442051649093628
19.100000381469727 0.943558931350708 -0.43616217374801636 0.4435615539550781 -0.10041339695453644 0.24981144070625305 0.19303394854068756 0.943530261516571
19.133333206176758 0.9477752447128296 -0.4369726777076721 0.45342352986335754 -0.10574735701084137 0.2470845729112625 0.1951158493757248 0.9432372450828552
19.16666603088379 0.9516856670379639 -0.43761810660362244 0.46588581800460815 -0.11202999204397202 0.2454039603471756 0.19705894589424133 0.942546546459198
19.200000762939453 0.9556856751441956 -0.43745696544647217 0.48039862513542175 -0.11913354694843292 0.24335889518260956 0.19945169985294342 0.9417020082473755
19.233333587646484 0.9621533155441284 -0.4360593557357788 0.4884774386882782 -0.1244431585073471 0.24075332283973694 0.20290927588939667 0.9409461617469788
19.266666412353516 0.964906632900238 -0.43527576327323914 0.4982696771621704 -0.12952248752117157 0.23960645496845245 0.20508180558681488 0.9400820136070251
19.299999237060547 0.9685990214347839 -0.4337957799434662 0.5098681449890137 -0.13440507650375366 0.23613783717155457 0.2081725150346756 0.9395948648452759
19.33333396911621 0.970759391784668 -0.43180400133132935 0.522179126739502 -0.13973581790924072 0.23130053281784058 0.21017709374427795 0.9395741820335388
19.366666793823242 0.9726762175559998 -0.42949777841567993 0.534858226776123 -0.14516085386276245 0.2279934138059616 0.21120597422122955 0.9393292665481567
19.399999618530273 0.9745164513587952 -0.42629843950271606 0.5464096665382385 -0.1499239057302475 0.226131871342659 0.21119540929794312 0.9390333890914917
19.433332443237305 0.9754894971847534 -0.4230263829231262 0.557891309261322 -0.15480908751487732 0.22387655079364777 0.21049438416957855 0.938938558101654
19.46666717529297 0.976118803024292 -0.42072793841362 0.5699654817581177 -0.1602374017238617 0.22168771922588348 0.2091328501701355 0.9388514757156372
19.5 0.9780495762825012 -0.4183138310909271 0.5807086229324341 -0.16519233584403992 0.21932905912399292 0.20850159227848053 0.9386870861053467
19.53333282470703 0.9812562465667725 -0.41453373432159424 0.59261554479599 -0.1689898669719696 0.21532510221004486 0.2099170982837677 0.9386226534843445
19.566667556762695 0.9830935597419739 -0.41232407093048096 0.6043766736984253 -0.17320865392684937 0.21031226217746735 0.21091946959495544 0.9387654662132263
19.600000381469727 0.9857205152511597 -0.40969645977020264 0.6153398752212524 -0.17700491845607758 0.20586270093917847 0.21273386478424072 0.9386341571807861
19.633333206176758 0.9891380071640015 -0.40703266859054565 0.6256102919578552 -0.181494802236557 0.2016781121492386 0.2157067507505417 0.9380065202713013
19.66666603088379 0.9934132099151611 -0.40500059723854065 0.6370413899421692 -0.18781574070453644 0.1974371075630188 0.21945148706436157 0.9367949962615967
19.700000762939453 0.9986066818237305 -0.4017984867095947 0.6478034853935242 -0.19363613426685333 0.19503991305828094 0.22215037047863007 0.9354751706123352
19.733333587646484 1.0033104419708252 -0.39735299348831177 0.6563954949378967 -0.19716261327266693 0.19444850087165833 0.2250453233718872 0.934168815612793
19.766666412353516 1.010970115661621 -0.39262786507606506 0.6664498448371887 -0.20154841244220734 0.19159530103206635 0.22927047312259674 0.932793915271759
19.799999237060547 1.0161833763122559 -0.3875150978565216 0.6761913299560547 -0.2058359533548355 0.18986330926418304 0.23129114508628845 0.9317123293876648
19.83333396911621 1.021305799484253 -0.3837980628013611 0.6847149729728699 -0.21001675724983215 0.1903216540813446 0.2331831455230713 0.9302129745483398
19.866666793823242 1.027699589729309 -0.380127489566803 0.6931636929512024 -0.21450906991958618 0.19014132022857666 0.23615102469921112 0.928474485874176
19.899999618530273 1.031943917274475 -0.37491580843925476 0.7007473111152649 -0.21753130853176117 0.18974721431732178 0.23877845704555511 0.9271790981292725
19.933332443237305 1.0366666316986084 -0.36969509720802307 0.7077386379241943 -0.22094769775867462 0.19042348861694336 0.24086201190948486 0.9256924986839294
19.96666717529297 1.0414315462112427 -0.36541327834129333 0.7127463221549988 -0.2243148386478424 0.19157680869102478 0.24294120073318481 0.9240999221801758
20.0 1.0459010601043701 -0.3619082272052765 0.7184074521064758 -0.22708167135715485 0.19262801110744476 0.24498316645622253 0.9226654767990112
20.03333282470703 1.0493632555007935 -0.35902681946754456 0.7236833572387695 -0.2305348813533783 0.1926964968442917 0.24617835879325867 0.9214760065078735
20.066667556762695 1.0521315336227417 -0.3547956347465515 0.7285419702529907 -0.23231570422649384 0.19262129068374634 0.24758920073509216 0.9206660985946655
20.100000381469727 1.0544891357421875 -0.35002821683883667 0.7298456430435181 -0.23225633800029755 0.18949779868125916 0.24901024997234344 0.920945942401886
20.133333206176758 1.0563645362854004 -0.34581947326660156 0.732925295829773 -0.23228397965431213 0.1863681524991989 0.2503077983856201 0.9212258458137512
20.16666603088379 1.0566909313201904 -0.34188112616539 0.7369860410690308 -0.2332036942243576 0.18400776386260986 0.2510145306587219 0.9212756752967834
20.200000762939453 1.0570013523101807 -0.33853262662887573 0.7400640249252319 -0.2336253672838211 0.18000428378582 0.2507609724998474 0.9220286011695862
20.233333587646484 1.0530714988708496 -0.33651459217071533 0.745975136756897 -0.2353876233100891 0.18003150820732117 0.24804368615150452 0.9223100543022156
20.266666412353516 1.0492327213287354 -0.3337019085884094 0.7499807476997375 -0.23603785037994385 0.18094944953918457 0.2428477704524994 0.9233463406562805
20.299999237060547 1.045132040977478 -0.33306047320365906 0.7539899945259094 -0.2368718385696411 0.18275098502635956 0.23586107790470123 0.9245882034301758
20.33333396911621 1.0418157577514648 -0.33173614740371704 0.7571579813957214 -0.23666031658649445 0.18277199566364288 0.23103067278862 0.9258570075035095
20.366666793823242 1.0384697914123535 -0.32880452275276184 0.7610138058662415 -0.2379053831100464 0.1819998323917389 0.22895972430706024 0.9262043237686157
20.399999618530273 1.0383579730987549 -0.3246222734451294 0.7637214064598083 -0.23920820653438568 0.17867088317871094 0.23173931241035461 0.9258256554603577
20.433332443237305 1.0375168323516846 -0.31993845105171204 0.7673890590667725 -0.24086573719978333 0.17677970230579376 0.23430444300174713 0.9251130819320679
20.46666717529297 1.0367447137832642 -0.3145528733730316 0.7699978947639465 -0.24188227951526642 0.17392967641353607 0.23703595995903015 0.9246921539306641
20.5 1.036142349243164 -0.31303468346595764 0.7756980061531067 -0.24699857831001282 0.17164935171604156 0.2380586415529251 0.9235022664070129
20.53333282470703 1.0337519645690918 -0.30939218401908875 0.7790717482566833 -0.24775008857250214 0.17090046405792236 0.2373037040233612 0.9236340522766113
20.566667556762695 1.034174919128418 -0.3050178289413452 0.7801709175109863 -0.2465905249118805 0.16678684949874878 0.2378198653459549 0.9245631098747253
20.600000381469727 1.0342072248458862 -0.3052813708782196 0.7837701439857483 -0.24951882660388947 0.16410788893699646 0.2382461428642273 0.9241471290588379
20.633333206176758 1.0343698263168335 -0.30314868688583374 0.7852726578712463 -0.2500230669975281 0.1623101383447647 0.23911206424236298 0.9241046905517578
20.66666603088379 1.0326411724090576 -0.29982107877731323 0.7873949408531189 -0.25087401270866394 0.16197793185710907 0.24015609920024872 0.923661470413208
20.700000762939453 1.0315455198287964 -0.29674944281578064 0.7894550561904907 -0.2524142861366272 0.15954460203647614 0.24164490401744843 0.9232769012451172
20.733333587646484 1.0306110382080078 -0.2936052680015564 0.7919399738311768 -0.2535114586353302 0.15556225180625916 0.24384240806102753 0.923078179359436
20.766666412353516 1.0295002460479736 -0.2904737591743469 0.7938655614852905 -0.2549431025981903 0.15050148963928223 0.24520209431648254 0.9231626391410828
20.799999237060547 1.0284119844436646 -0.2885721027851105 0.7951798439025879 -0.2563759982585907 0.1476203054189682 0.24492697417736053 0.9233041405677795
20.83333396911621 1.0260517597198486 -0.2859671413898468 0.7959493398666382 -0.2558544874191284 0.14788314700126648 0.24364100396633148 0.9237467646598816
20.866666793823242 1.0244066715240479 -0.28520655632019043 0.7967937588691711 -0.25748711824417114 0.14949838817119598 0.24189728498458862 0.9234914183616638
20.899999618530273 1.0231388807296753 -0.28462091088294983 0.7971426844596863 -0.258986234664917 0.15134887397289276 0.2401445508003235 0.9232281446456909
20.933332443237305 1.0212665796279907 -0.28362610936164856 0.7963541746139526 -0.25822916626930237 0.15221579372882843 0.23842167854309082 0.9237441420555115
20.96666717529297 1.0208616256713867 -0.28455474972724915 0.7942417860031128 -0.25758787989616394 0.1498759686946869 0.23895466327667236 0.9241679906845093
21.0 1.0201324224472046 -0.2861825227737427 0.7909312844276428 -0.2557080090045929 0.14629974961280823 0.2389587163925171 0.925261378288269
21.03333282470703 1.0196391344070435 -0.28826192021369934 0.7863030433654785 -0.25307750701904297 0.1461297571659088 0.23867200314998627 0.9260850548744202
21.066667556762695 1.0195304155349731 -0.2900236248970032 0.7792057394981384 -0.2495170384645462 0.15135890245437622 0.23913584649562836 0.926091730594635
21.100000381469727 1.019391417503357 -0.2956202030181885 0.7731601595878601 -0.2484838217496872 0.1576932817697525 0.23868362605571747 0.9254290461540222
21.133333206176758 1.0194694995880127 -0.299650639295578 0.7655268311500549 -0.24639764428138733 0.16143891215324402 0.2365453690290451 0.9258898496627808
21.16666603088379 1.0194902420043945 -0.3023420572280884 0.7551892399787903 -0.2428828477859497 0.16467174887657166 0.23365873098373413 0.926981508731842
21.200000762939453 1.0197869539260864 -0.30692732334136963 0.7451117038726807 -0.23951424658298492 0.16893446445465088 0.2307802140712738 0.9278117418289185
21.233333587646484 1.0195846557617188 -0.3078998029232025 0.733789324760437 -0.23288333415985107 0.17476266622543335 0.22524689137935638 0.9297780990600586
21.266666412353516 1.016710877418518 -0.3202274739742279 0.7262925505638123 -0.23326951265335083 0.191105455160141 0.21729162335395813 0.9283579587936401
21.299999237060547 1.0212286710739136 -0.31636038422584534 0.7062735557556152 -0.22440984845161438 0.20701873302459717 0.20879550278186798 0.9290791153907776
21.33333396911621 1.021777868270874 -0.3161078989505768 0.69098961353302 -0.21370305120944977 0.22057130932807922 0.20292331278324127 0.9297856688499451
21.366666793823242 1.0235166549682617 -0.32413867115974426 0.6747743487358093 -0.20775103569030762 0.2287064641714096 0.19902534782886505 0.9300117492675781
21.399999618530273 1.025303840637207 -0.3267724812030792 0.658757746219635 -0.19556690752506256 0.23271244764328003 0.19589252769947052 0.9323222637176514
21.433332443237305 1.0258032083511353 -0.3295052945613861 0.6442751884460449 -0.18543173372745514 0.2372278869152069 0.1921691745519638 0.9340284466743469
21.46666717529297 1.0241063833236694 -0.33294054865837097 0.6312627196311951 -0.1776266098022461 0.24437348544597626 0.18752959370613098 0.9346460103988647
21.5 1.024981141090393 -0.3408876061439514 0.6172194480895996 -0.17447638511657715 0.2507447302341461 0.1830749809741974 0.9344349503517151
21.53333282470703 1.0257866382598877 -0.3435112237930298 0.6042585372924805 -0.16766759753227234 0.25508204102516174 0.18154394626617432 0.934806227684021
21.566667556762695 1.0277613401412964 -0.3455236554145813 0.5903732776641846 -0.16152779757976532 0.25861266255378723 0.18284322321414948 0.9346638917922974
21.600000381469727 1.0291357040405273 -0.346888929605484 0.5795800685882568 -0.15646295249462128 0.2636599540710449 0.18445347249507904 0.9337984919548035
21.633333206176758 1.0313222408294678 -0.3486776053905487 0.5686734914779663 -0.15247109532356262 0.26922258734703064 0.1858421415090561 0.9325955510139465
21.66666603088379 1.0327447652816772 -0.35122764110565186 0.5587975382804871 -0.1495503932237625 0.2765224277973175 0.1869867593050003 0.9307018518447876
21.700000762939453 1.0380096435546875 -0.35588300228118896 0.5456968545913696 -0.14833606779575348 0.27876365184783936 0.18906269967556 0.9298078417778015
21.733333587646484 1.040975570678711 -0.3584922254085541 0.536170482635498 -0.14546778798103333 0.28086426854133606 0.18966449797153473 0.929506242275238
21.766666412353516 1.0437734127044678 -0.3617555797100067 0.5265094637870789 -0.14204970002174377 0.28376147150993347 0.18962128460407257 0.9291637539863586
21.799999237060547 1.04581618309021 -0.36453601717948914 0.518191933631897 -0.1386461704969406 0.2882362902164459 0.18990102410316467 0.9282428026199341
21.83333396911621 1.0471147298812866 -0.3684788644313812 0.5106412172317505 -0.13602209091186523 0.29388877749443054 0.1904522329568863 0.9267445206642151
21.866666793823242 1.0502891540527344 -0.3706946074962616 0.5019126534461975 -0.13243816792964935 0.298725426197052 0.19241812825202942 0.9253100156784058
21.899999618530273 1.0559606552124023 -0.3744712173938751 0.4923716187477112 -0.13021840155124664 0.302871972322464 0.19560451805591583 0.9236074090003967
21.933332443237305 1.0592052936553955 -0.3781156539916992 0.4849749207496643 -0.12773466110229492 0.3074380159378052 0.19964784383773804 0.9215782880783081
21.96666717529297 1.062227487564087 -0.38132867217063904 0.478559672832489 -0.12489699572324753 0.31101706624031067 0.2049061357975006 0.9196100831031799
22.0 1.0722956657409668 -0.3847772181034088 0.46885931491851807 -0.12308980524539948 0.313829630613327 0.2119464874267578 0.9172996282577515
22.03333282470703 1.0775775909423828 -0.3876490294933319 0.46276789903640747 -0.12067453563213348 0.3223204016685486 0.21706512570381165 0.9134713411331177
22.066667556762695 1.0846333503723145 -0.3906410038471222 0.45724931359291077 -0.11914768815040588 0.32944196462631226 0.22265058755874634 0.9097793698310852
22.100000381469727 1.0911880731582642 -0.39390742778778076 0.45342034101486206 -0.11906932294368744 0.3342970013618469 0.22770395874977112 0.9067628979682922
22.133333206176758 1.0991677045822144 -0.3972209095954895 0.45096150040626526 -0.11999891698360443 0.33884841203689575 0.23275326192378998 0.9036636352539062
22.16666603088379 1.106269121170044 -0.39996904134750366 0.4505426585674286 -0.12157415598630905 0.3444964587688446 0.2382170557975769 0.899885892868042
22.200000762939453 1.1132527589797974 -0.3993096947669983 0.45284369587898254 -0.12290604412555695 0.3490830659866333 0.2435188740491867 0.8965120315551758
22.233333587646484 1.11939537525177 -0.4009660482406616 0.45427432656288147 -0.12602485716342926 0.3551769256591797 0.2468106597661972 0.8927774429321289
22.266666412353516 1.126299500465393 -0.40296897292137146 0.45680704712867737 -0.13016515970230103 0.36303266882896423 0.2491561323404312 0.8883611559867859
22.299999237060547 1.1314817667007446 -0.40407809615135193 0.4595147669315338 -0.13231422007083893 0.3686865270137787 0.25126221776008606 0.8851161003112793
22.33333396911621 1.1370182037353516 -0.4056360125541687 0.46222883462905884 -0.13358747959136963 0.37133097648620605 0.25282540917396545 0.8833724856376648
22.366666793823242 1.1437281370162964 -0.40707075595855713 0.46602898836135864 -0.13597799837589264 0.37361210584640503 0.2553333044052124 0.8813222050666809
22.399999618530273 1.1497750282287598 -0.4088733494281769 0.47037261724472046 -0.13829858601093292 0.37450462579727173 0.25715216994285583 0.8800526261329651
22.433332443237305 1.151719570159912 -0.40940406918525696 0.47384926676750183 -0.13949765264987946 0.3755451738834381 0.25778210163116455 0.8792352676391602
22.46666717529297 1.1565325260162354 -0.4107934832572937 0.47949281334877014 -0.14130930602550507 0.3784981369972229 0.2577015459537506 0.877701997756958
22.5 1.1623860597610474 -0.41146320104599 0.4850238561630249 -0.14259295165538788 0.38121849298477173 0.2580048143863678 0.8762267827987671
22.53333282470703 1.1684200763702393 -0.413017600774765 0.4899064898490906 -0.1439770758152008 0.38124096393585205 0.2597348392009735 0.8754791021347046
22.566667556762695 1.1753547191619873 -0.41455408930778503 0.4953572452068329 -0.14488768577575684 0.38194796442985535 0.26118749380111694 0.8745881915092468
22.600000381469727 1.181950569152832 -0.4153212308883667 0.4996272921562195 -0.1460317224264145 0.38437792658805847 0.26141026616096497 0.8732656836509705
22.633333206176758 1.189292550086975 -0.41643860936164856 0.5041168928146362 -0.14696839451789856 0.38707682490348816 0.2615928053855896 0.8718607425689697
22.66666603088379 1.1963186264038086 -0.4169473946094513 0.508070170879364 -0.14702996611595154 0.38910335302352905 0.2609782814979553 0.8711321353912354
22.700000762939453 1.2039587497711182 -0.41795459389686584 0.5125133991241455 -0.14778856933116913 0.3908959627151489 0.2614482045173645 0.8700597286224365
22.733333587646484 1.2128822803497314 -0.41802942752838135 0.517526388168335 -0.14846226572990417 0.39251431822776794 0.2633059322834015 0.8686550259590149
22.766666412353516 1.222106695175171 -0.4183092713356018 0.5231770277023315 -0.14947958290576935 0.3927423357963562 0.2652210593223572 0.8677944540977478
22.799999237060547 1.229596495628357 -0.4175407886505127 0.5271710157394409 -0.15106317400932312 0.39227408170700073 0.26718276739120483 0.867129921913147
22.83333396911621 1.240221619606018 -0.4182916581630707 0.5340521335601807 -0.1539817899465561 0.3941437304019928 0.26878219842910767 0.8652724623680115
22.866666793823242 1.2509840726852417 -0.41915377974510193 0.5412811636924744 -0.15666598081588745 0.3966919779777527 0.26988938450813293 0.8632792234420776
22.899999618530273 1.25999116897583 -0.4174969792366028 0.5451318621635437 -0.1583513766527176 0.39823395013809204 0.27178099751472473 0.8616667985916138
22.933332443237305 1.2711215019226074 -0.41587957739830017 0.55061936378479 -0.16051283478736877 0.4001747965812683 0.2758287489414215 0.8590776324272156
22.96666717529297 1.2805263996124268 -0.4132944345474243 0.5536556839942932 -0.16152070462703705 0.40025609731674194 0.28096961975097656 0.8571827411651611
23.0 1.300872802734375 -0.4101719260215759 0.5656495690345764 -0.16269564628601074 0.4010125696659088 0.28588956594467163 0.8549773097038269
23.03333282470703 1.3123126029968262 -0.40842360258102417 0.5711260437965393 -0.16641677916049957 0.4027406573295593 0.29070842266082764 0.8518180847167969
23.066667556762695 1.323793888092041 -0.4074062705039978 0.5750404596328735 -0.16850192844867706 0.4055233895778656 0.29522064328193665 0.8485297560691833
23.100000381469727 1.334102988243103 -0.40754011273384094 0.5796002745628357 -0.1699293702840805 0.4084588587284088 0.29823124408721924 0.8457798361778259
23.133333206176758 1.3428047895431519 -0.4065624177455902 0.5828931927680969 -0.17099729180335999 0.4111941158771515 0.300995796918869 0.8432561159133911
23.16666603088379 1.3554452657699585 -0.4058544337749481 0.5894100666046143 -0.1728065013885498 0.41400668025016785 0.303629994392395 0.8405624628067017
23.200000762939453 1.3635441064834595 -0.40502744913101196 0.5934987664222717 -0.1745453029870987 0.4148678183555603 0.3056918978691101 0.8390299081802368
23.233333587646484 1.3740391731262207 -0.4043896496295929 0.5996023416519165 -0.17778795957565308 0.41551855206489563 0.30790379643440247 0.837216317653656
23.266666412353516 1.3864470720291138 -0.4033621847629547 0.6072139739990234 -0.1819763332605362 0.4166211187839508 0.3113386929035187 0.8344936966896057
23.299999237060547 1.3933254480361938 -0.4034325182437897 0.6122207641601562 -0.1854461282491684 0.41817450523376465 0.3151499032974243 0.8315169215202332
23.33333396911621 1.40351140499115 -0.4008813202381134 0.6167036890983582 -0.1882486641407013 0.4189644157886505 0.31901994347572327 0.829010009765625
23.366666793823242 1.4148004055023193 -0.398914098739624 0.6208399534225464 -0.19119495153427124 0.41950133442878723 0.3230864107608795 0.8264855742454529
23.399999618530273 1.4231878519058228 -0.3970026671886444 0.6241158246994019 -0.19298380613327026 0.4190182089805603 0.3261578679084778 0.8251072764396667
23.433332443237305 1.4327253103256226 -0.394802987575531 0.6291502118110657 -0.19591856002807617 0.41856637597084045 0.32959607243537903 0.8232767581939697
23.46666717529297 1.4419046640396118 -0.3915804624557495 0.6335561871528625 -0.19875295460224152 0.41561275720596313 0.33487561345100403 0.8219621181488037
23.5 1.4494142532348633 -0.3896535038948059 0.6382736563682556 -0.20159929990768433 0.4121645987033844 0.34026768803596497 0.8207898736000061
23.53333282470703 1.455832600593567 -0.38663843274116516 0.6427686214447021 -0.20342803001403809 0.40972790122032166 0.3443015515804291 0.8198758959770203
23.566667556762695 1.460831642150879 -0.383975625038147 0.6475206613540649 -0.20559149980545044 0.4090423583984375 0.3459717929363251 0.818975031375885
23.600000381469727 1.4640145301818848 -0.3790392279624939 0.6522823572158813 -0.20636814832687378 0.4098796844482422 0.34680745005607605 0.8180069923400879
23.633333206176758 1.4674763679504395 -0.3771788477897644 0.6568104028701782 -0.20836570858955383 0.4090158939361572 0.34659239649772644 0.8180240988731384
23.66666603088379 1.4709186553955078 -0.3763742446899414 0.6630438566207886 -0.21132957935333252 0.4078705608844757 0.3459740877151489 0.8180974125862122
23.700000762939453 1.473806381225586 -0.37627649307250977 0.6706140041351318 -0.21602335572242737 0.4071057140827179 0.3458458483219147 0.8173062801361084
23.733333587646484 1.4762215614318848 -0.3745257556438446 0.6781059503555298 -0.21874268352985382 0.40393123030662537 0.34544074535369873 0.8183287382125854
23.766666412353516 1.4782805442810059 -0.37347525358200073 0.6861554980278015 -0.22128582000732422 0.4020160138607025 0.34272176027297974 0.8197301626205444
23.799999237060547 1.480385661125183 -0.3717685043811798 0.691878080368042 -0.22378695011138916 0.4024852216243744 0.34056854248046875 0.8197183609008789
23.83333396911621 1.4827231168746948 -0.36846137046813965 0.695572555065155 -0.22484669089317322 0.40221869945526123 0.3392529785633087 0.8201045989990234
23.866666793823242 1.4861246347427368 -0.3649247884750366 0.7001442909240723 -0.22622264921665192 0.40085530281066895 0.33745521306991577 0.8211348056793213
23.899999618530273 1.4886693954467773 -0.36054691672325134 0.7042862772941589 -0.22818486392498016 0.40060168504714966 0.33665817975997925 0.8210427761077881
23.933332443237305 1.490334153175354 -0.3567173182964325 0.7094066143035889 -0.23136329650878906 0.40030527114868164 0.33690887689590454 0.8201946020126343
23.96666717529297 1.4923635721206665 -0.3524075150489807 0.7137616872787476 -0.23412281274795532 0.39795470237731934 0.3381871283054352 0.8200293183326721
24.0 1.4946787357330322 -0.34791678190231323 0.7147011756896973 -0.23633792996406555 0.39511194825172424 0.3401128053665161 0.8199720978736877
24.03333282470703 1.4949489831924438 -0.3434259593486786 0.718800961971283 -0.23960824310779572 0.3942231237888336 0.34119099378585815 0.8190023303031921
24.066667556762695 1.4959415197372437 -0.3375861346721649 0.7227466702461243 -0.2427276074886322 0.39053046703338623 0.34296369552612305 0.8191124200820923
24.100000381469727 1.495673418045044 -0.3313014805316925 0.7265142798423767 -0.24533052742481232 0.38755953311920166 0.3442472815513611 0.819209635257721
24.133333206176758 1.496688723564148 -0.33104047179222107 0.7262201309204102 -0.2516213357448578 0.3841911256313324 0.34688347578048706 0.8177748322486877
24.16666603088379 1.4945427179336548 -0.32647573947906494 0.7296304702758789 -0.253549724817276 0.38338181376457214 0.3464118242263794 0.8177589178085327
24.200000762939453 1.4931113719940186 -0.3236839771270752 0.7331916689872742 -0.25567060708999634 0.3836023807525635 0.34562593698501587 0.8173276782035828
24.233333587646484 1.4919265508651733 -0.3206202983856201 0.7354785203933716 -0.2569555640220642 0.38511839509010315 0.344516783952713 0.8166798949241638
24.266666412353516 1.4914673566818237 -0.31809288263320923 0.7365099191665649 -0.2575261890888214 0.3856310546398163 0.34393686056137085 0.8165025115013123
24.299999237060547 1.4915170669555664 -0.3163614571094513 0.7374606728553772 -0.25789907574653625 0.3854086697101593 0.34404218196868896 0.8164454698562622
24.33333396911621 1.4918662309646606 -0.314507395029068 0.7378537654876709 -0.25810736417770386 0.385441392660141 0.3443639576435089 0.8162285685539246
24.366666793823242 1.4917776584625244 -0.3130464553833008 0.7381502389907837 -0.2579432427883148 0.3855741620063782 0.34488537907600403 0.8159974813461304
24.399999618530273 1.4910742044448853 -0.3114831745624542 0.7382344603538513 -0.25735244154930115 0.3852554261684418 0.34514695405960083 0.8162239789962769
24.433332443237305 1.4915554523468018 -0.3099917769432068 0.737865149974823 -0.25754934549331665 0.38503044843673706 0.34618839621543884 0.8158268332481384
24.46666717529297 1.4917463064193726 -0.30823421478271484 0.7368624210357666 -0.25758254528045654 0.385776549577713 0.34653639793395996 0.8153160810470581
24.5 1.4910190105438232 -0.30687469244003296 0.7357438206672668 -0.2576468884944916 0.3878204822540283 0.34487098455429077 0.8150321841239929
24.53333282470703 1.490185260772705 -0.30670690536499023 0.7351195812225342 -0.2584271728992462 0.3906409740447998 0.34348535537719727 0.8140226006507874
24.566667556762695 1.4897408485412598 -0.30662620067596436 0.7335931062698364 -0.2578965425491333 0.3909422755241394 0.34413498640060425 0.8137718439102173
24.600000381469727 1.4877389669418335 -0.30626899003982544 0.7316977381706238 -0.2559073269367218 0.3908398747444153 0.3441573977470398 0.8144392967224121
24.633333206176758 1.4865628480911255 -0.3063306212425232 0.7287842631340027 -0.25404489040374756 0.3902016580104828 0.34513500332832336 0.8149146437644958
24.66666603088379 1.4846240282058716 -0.30727988481521606 0.725741446018219 -0.25184881687164307 0.3899382948875427 0.3454309105873108 0.8155965805053711
24.700000762939453 1.4829972982406616 -0.30918416380882263 0.7226073145866394 -0.2503160238265991 0.389276921749115 0.3454209864139557 0.8163882493972778
24.733333587646484 1.4811047315597534 -0.3110872507095337 0.7185495495796204 -0.24862682819366455 0.3890364468097687 0.3457062244415283 0.8168981671333313
24.766666412353516 1.4798840284347534 -0.3143465518951416 0.7144730091094971 -0.24730221927165985 0.38705167174339294 0.34703680872917175 0.8176784515380859
24.799999237060547 1.4757152795791626 -0.31688424944877625 0.7100187540054321 -0.24381347000598907 0.38763758540153503 0.3465507924556732 0.8186542391777039
24.83333396911621 1.4716942310333252 -0.32140254974365234 0.7046091556549072 -0.24208706617355347 0.39017969369888306 0.34250152111053467 0.8196623921394348
24.866666793823242 1.4659489393234253 -0.32748743891716003 0.6998010873794556 -0.23933568596839905 0.3934931457042694 0.33706411719322205 0.8211391568183899
24.899999618530273 1.4579147100448608 -0.33278119564056396 0.6937898397445679 -0.2331666499376297 0.39407598972320557 0.3332133889198303 0.8242003321647644
24.933332443237305 1.4500107765197754 -0.3376833498477936 0.6874648928642273 -0.22672198712825775 0.39324307441711426 0.3286183178424835 0.8282313346862793
24.96666717529297 1.4409419298171997 -0.3422513008117676 0.6809368133544922 -0.21963369846343994 0.3948344588279724 0.3250318467617035 0.8307954668998718
25.0 1.431159496307373 -0.34758108854293823 0.6750075817108154 -0.2134658843278885 0.39581388235092163 0.3216579556465149 0.833246648311615
25.03333282470703 1.4196126461029053 -0.3552287220954895 0.6668740510940552 -0.21033050119876862 0.3935467302799225 0.3175496757030487 0.8366864919662476
25.066667556762695 1.4092504978179932 -0.36057233810424805 0.6575508117675781 -0.2043866664171219 0.3910335898399353 0.31620505452156067 0.8398411870002747
25.100000381469727 1.3991605043411255 -0.3651789128780365 0.6479716300964355 -0.19875018298625946 0.38885533809661865 0.31592559814453125 0.842306911945343
25.133333206176758 1.3891308307647705 -0.36790892481803894 0.6375945210456848 -0.1923416554927826 0.38705140352249146 0.31507325172424316 0.8449406623840332
25.16666603088379 1.3799670934677124 -0.3715648651123047 0.628566563129425 -0.18718230724334717 0.38591307401657104 0.31501778960227966 0.8466390371322632
25.200000762939453 1.3711869716644287 -0.3743661046028137 0.6183091998100281 -0.18164095282554626 0.38336390256881714 0.31452277302742004 0.8491843938827515
25.233333587646484 1.3655370473861694 -0.374873548746109 0.6109992861747742 -0.1770232617855072 0.3804488480091095 0.3130081593990326 0.8520253896713257
25.266666412353516 1.3562756776809692 -0.37839367985725403 0.6015836596488953 -0.17280849814414978 0.3787553012371063 0.3113056719303131 0.8542661070823669
25.299999237060547 1.34602952003479 -0.3801223933696747 0.5922744870185852 -0.16863472759723663 0.3768968880176544 0.3089389503002167 0.8567776679992676
25.33333396911621 1.3343067169189453 -0.38223350048065186 0.5832956433296204 -0.1651182919740677 0.37433528900146484 0.30647411942481995 0.8594664931297302
25.366666793823242 1.321839451789856 -0.3841342031955719 0.575140655040741 -0.1607164889574051 0.372336208820343 0.3029016852378845 0.8624306917190552
25.399999618530273 1.3080929517745972 -0.38597995042800903 0.567245364189148 -0.15665049850940704 0.36991384625434875 0.2981785535812378 0.8658602237701416
25.433332443237305 1.293808937072754 -0.38663703203201294 0.5604963898658752 -0.1534222513437271 0.36637768149375916 0.29377081990242004 0.869441032409668
25.46666717529297 1.2817195653915405 -0.3835754990577698 0.5557150840759277 -0.15026959776878357 0.3618191182613373 0.2901412546634674 0.8731117248535156
25.5 1.265526533126831 -0.38149315118789673 0.5504312515258789 -0.14775821566581726 0.3573882281780243 0.2858947217464447 0.8767585158348083
25.53333282470703 1.2493025064468384 -0.3791794180870056 0.545593798160553 -0.1464381217956543 0.35276225209236145 0.28117549419403076 0.880372166633606
25.566667556762695 1.231885552406311 -0.3770701587200165 0.5412009358406067 -0.1451207399368286 0.3486292362213135 0.2755948305130005 0.8839938640594482
25.600000381469727 1.2130937576293945 -0.37459999322891235 0.5359793305397034 -0.14226460456848145 0.3454577922821045 0.26899173855781555 0.8877291679382324
25.633333206176758 1.1960433721542358 -0.3744707405567169 0.532020628452301 -0.14005358517169952 0.34132957458496094 0.2619085907936096 0.8917864561080933
25.66666603088379 1.1799348592758179 -0.3720970153808594 0.5282953977584839 -0.1368177831172943 0.3359799385070801 0.2550339698791504 0.8963013291358948
25.700000762939453 1.1621989011764526 -0.3712916970252991 0.5242132544517517 -0.13500584661960602 0.33139076828956604 0.24926860630512238 0.8998993635177612
25.733333587646484 1.144842505455017 -0.37154510617256165 0.519813060760498 -0.13393300771713257 0.3254128098487854 0.24490918219089508 0.903431236743927
25.766666412353516 1.1266388893127441 -0.3715835511684418 0.5144336819648743 -0.1312532126903534 0.3189130127429962 0.24212248623371124 0.906886875629425
25.799999237060547 1.1081510782241821 -0.37284761667251587 0.507813572883606 -0.12797026336193085 0.31263047456741333 0.23885312676429749 0.9104037880897522
25.83333396911621 1.0887324810028076 -0.3747451603412628 0.5009999871253967 -0.12323598563671112 0.3077043890953064 0.23391596972942352 0.9140099287033081
25.866666793823242 1.0726081132888794 -0.37761223316192627 0.49097955226898193 -0.11918714642524719 0.3010319173336029 0.2268645018339157 0.918535053730011
25.899999618530273 1.0548388957977295 -0.3807975947856903 0.48357391357421875 -0.11422676593065262 0.2960434854030609 0.22087107598781586 0.9222400188446045
25.933332443237305 1.0371966361999512 -0.38364964723587036 0.47645461559295654 -0.1114005520939827 0.2895793616771698 0.21424600481987 0.9261924028396606
25.96666717529297 1.0199106931686401 -0.3864928185939789 0.4703556001186371 -0.11120925098657608 0.2839673161506653 0.20829539000988007 0.9293051362037659
26.0 1.0044068098068237 -0.38988324999809265 0.46414119005203247 -0.10965719074010849 0.2789369225502014 0.20363706350326538 0.9320415258407593
26.03333282470703 0.9874013066291809 -0.3933278024196625 0.45404890179634094 -0.10498514771461487 0.27254951000213623 0.20000946521759033 0.9352492690086365
26.066667556762695 0.9703906774520874 -0.39496898651123047 0.44519534707069397 -0.09987363964319229 0.26623159646987915 0.19554190337657928 0.9385677576065063
26.100000381469727 0.9534502625465393 -0.3974362313747406 0.43618878722190857 -0.09539870917797089 0.26027414202690125 0.189837247133255 0.9418694972991943
26.133333206176758 0.93646639585495 -0.399532288312912 0.42770078778266907 -0.09050773084163666 0.2554985582828522 0.18270756304264069 0.9450644850730896
26.16666603088379 0.9205538630485535 -0.40137195587158203 0.41910478472709656 -0.08579711616039276 0.2492186576128006 0.1765698343515396 0.9483417272567749
26.200000762939453 0.9029325246810913 -0.40429872274398804 0.4032372832298279 -0.08068927377462387 0.23998545110225677 0.1715119481086731 0.9520923495292664
26.233333587646484 0.8862962126731873 -0.40437474846839905 0.3926844000816345 -0.0764702707529068 0.23205679655075073 0.1676511913537979 0.9550890922546387
26.266666412353516 0.8688770532608032 -0.4030788838863373 0.38438618183135986 -0.0733625590801239 0.22376427054405212 0.16357479989528656 0.9580140113830566
26.299999237060547 0.8527434468269348 -0.40213537216186523 0.37687602639198303 -0.0707036629319191 0.21535605192184448 0.15820316970348358 0.9610382914543152
26.33333396911621 0.835174024105072 -0.39981549978256226 0.36991962790489197 -0.06855300813913345 0.20948447287082672 0.15227101743221283 0.9634471535682678
26.366666793823242 0.8162049651145935 -0.39861398935317993 0.36411020159721375 -0.0681765154004097 0.20554612576961517 0.1451750248670578 0.9654154777526855
26.399999618530273 0.7984310388565063 -0.39670848846435547 0.35581275820732117 -0.06683126091957092 0.19914786517620087 0.1385827511548996 0.9678164124488831
26.433332443237305 0.7789633274078369 -0.3924359977245331 0.347945898771286 -0.0640675276517868 0.19119574129581451 0.13280437886714935 0.9704136252403259
26.46666717529297 0.7650676369667053 -0.3908517360687256 0.3406832218170166 -0.06284639984369278 0.1813630610704422 0.12804053723812103 0.9730176329612732
26.5 0.7503983378410339 -0.38254034519195557 0.33319541811943054 -0.0582897923886776 0.17199532687664032 0.12542355060577393 0.9753403663635254
26.53333282470703 0.7328428626060486 -0.3823671340942383 0.3284524381160736 -0.05965558439493179 0.16464756429195404 0.11912595480680466 0.9773133993148804
26.566667556762695 0.7190247178077698 -0.3789505064487457 0.3213220536708832 -0.05996006354689598 0.15787279605865479 0.11542437225580215 0.978855550289154
26.600000381469727 0.7078191041946411 -0.3735571503639221 0.3140667676925659 -0.05811137333512306 0.14975716173648834 0.113081194460392 0.9805144667625427
26.633333206176758 0.6931118369102478 -0.37045377492904663 0.3055225908756256 -0.05686322972178459 0.14114370942115784 0.109101802110672 0.9823145866394043
26.66666603088379 0.6822242140769958 -0.36432963609695435 0.29795658588409424 -0.05434972420334816 0.13243800401687622 0.10838145017623901 0.9837478995323181
26.700000762939453 0.666864812374115 -0.3654892146587372 0.2899872660636902 -0.05541347339749336 0.12403896450996399 0.1048126146197319 0.9851690530776978
26.733333587646484 0.6532479524612427 -0.3591529428958893 0.28185904026031494 -0.053666338324546814 0.11718286573886871 0.10054867714643478 0.9865485429763794
26.766666412353516 0.6410425901412964 -0.3535146713256836 0.27521803975105286 -0.053057990968227386 0.1122545599937439 0.09688524156808853 0.987520694732666
26.799999237060547 0.628838837146759 -0.3495553433895111 0.2680613398551941 -0.05285632610321045 0.10695512592792511 0.09187481552362442 0.9885979294776917
26.83333396911621 0.6156777739524841 -0.34523358941078186 0.2597583532333374 -0.05264316499233246 0.10042968392372131 0.08745461702346802 0.9896940588951111
26.866666793823242 0.6053263545036316 -0.3375667929649353 0.2514042854309082 -0.051139213144779205 0.09328481554985046 0.08468455076217651 0.9907125234603882
26.899999618530273 0.5929555892944336 -0.33621102571487427 0.24670647084712982 -0.051693376153707504 0.08695819228887558 0.0816444382071495 0.9915142059326172
26.933332443237305 0.5816922783851624 -0.33053162693977356 0.23826703429222107 -0.04951843246817589 0.07991907000541687 0.07735250890254974 0.9925611019134521
26.96666717529297 0.5733593702316284 -0.3249070644378662 0.23087431490421295 -0.047786954790353775 0.07306601107120514 0.07379531860351562 0.9934445023536682
27.0 0.5613492131233215 -0.3191859722137451 0.22036536037921906 -0.04621173441410065 0.06629148125648499 0.07033298909664154 0.9942451119422913
27.03333282470703 0.5516418218612671 -0.31565341353416443 0.21096348762512207 -0.043951500207185745 0.05991432070732117 0.06796927750110626 0.9949164986610413
27.066667556762695 0.542536199092865 -0.31000158190727234 0.19971895217895508 -0.04146076738834381 0.055177316069602966 0.06426479667425156 0.9955434203147888
27.100000381469727 0.5337571501731873 -0.30875784158706665 0.1870386302471161 -0.04184452444314957 0.04977541044354439 0.059437304735183716 0.9961118102073669
27.133333206176758 0.5250335335731506 -0.30402421951293945 0.1769619882106781 -0.04044056683778763 0.04558252543210983 0.054001230746507645 0.9966797828674316
27.16666603088379 0.5185742378234863 -0.2980024516582489 0.1663794219493866 -0.03804133087396622 0.040244102478027344 0.05183339864015579 0.997119128704071
27.200000762939453 0.5104073286056519 -0.29208841919898987 0.15477408468723297 -0.03581276908516884 0.03173631429672241 0.05066883563995361 0.9975685477256775
27.233333587646484 0.5053512454032898 -0.28495925664901733 0.1450168639421463 -0.03270696848630905 0.021823033690452576 0.04831381142139435 0.9980580806732178
27.266666412353516 0.4984685182571411 -0.27862656116485596 0.13277873396873474 -0.030578596517443657 0.015955578535795212 0.04416009038686752 0.9984289407730103
27.299999237060547 0.4908677339553833 -0.2741677165031433 0.1205131933093071 -0.029896121472120285 0.00918191485106945 0.040239714086055756 0.9987004995346069
27.33333396911621 0.48147737979888916 -0.26674920320510864 0.1115725114941597 -0.028482506051659584 0.00027242122450843453 0.034898899495601654 0.9989848732948303
27.366666793823242 0.47412437200546265 -0.260180801153183 0.1018136739730835 -0.027431264519691467 -0.00800964143127203 0.02831454947590828 0.9991905093193054
27.399999618530273 0.46666306257247925 -0.2529635727405548 0.09203501045703888 -0.02531815692782402 -0.014970161952078342 0.019856948405504227 0.9993701577186584
27.433332443237305 0.45744088292121887 -0.24405662715435028 0.08099985867738724 -0.021866926923394203 -0.022001352161169052 0.009753557853400707 0.9994711875915527
27.46666717529297 0.44773346185684204 -0.2353481650352478 0.06981197744607925 -0.01721869222819805 -0.02852831408381462 0.0006682632374577224 0.9994445443153381
27.5 0.4372516870498657 -0.22763605415821075 0.05826729163527489 -0.012412852607667446 -0.03435375913977623 -0.005835048854351044 0.9993156790733337
27.53333282470703 0.42836281657218933 -0.2217894345521927 0.046403367072343826 -0.00809596385806799 -0.04349552094936371 -0.012217028066515923 0.9989461898803711
27.566667556762695 0.42119842767715454 -0.2160205990076065 0.034872498363256454 -0.004148860927671194 -0.0536130890250206 -0.019485676661133766 0.9983630776405334
27.600000381469727 0.4126417338848114 -0.2089322805404663 0.0238264761865139 -0.0007004712242633104 -0.059274230152368546 -0.026211930438876152 0.9978973865509033
27.633333206176758 0.40333396196365356 -0.2037041038274765 0.012802314944565296 0.0017382113728672266 -0.06240997463464737 -0.032453879714012146 0.9975212812423706
27.66666603088379 0.3955576419830322 -0.19611911475658417 0.0042281849309802055 0.004603288136422634 -0.06433604657649994 -0.0375167652964592 0.9972122311592102
27.700000762939453 0.3891921639442444 -0.19042977690696716 -0.004453886300325394 0.0051728179678320885 -0.06508217006921768 -0.04184423014521599 0.996988832950592
27.733333587646484 0.3828217685222626 -0.18254856765270233 -0.014561663381755352 0.00551438145339489 -0.06654477119445801 -0.04477117583155632 0.9967632293701172
27.766666412353516 0.37696701288223267 -0.17532257735729218 -0.023184608668088913 0.004493710584938526 -0.06874837726354599 -0.04671453684568405 0.9965296387672424
27.799999237060547 0.3710305690765381 -0.16881798207759857 -0.031081605702638626 0.002298286883160472 -0.07169807702302933 -0.048708830028772354 0.9962337613105774
27.83333396911621 0.36751794815063477 -0.16200664639472961 -0.038383640348911285 0.0008581261499784887 -0.07584404945373535 -0.04936742037534714 0.995896577835083
27.866666793823242 0.3640277683734894 -0.15277351438999176 -0.045741502195596695 0.0014704474015161395 -0.07938306033611298 -0.04925085976719856 0.9956256747245789
27.899999618530273 0.36171892285346985 -0.14592857658863068 -0.05295014753937721 -0.00010599986126180738 -0.08243878930807114 -0.04885457456111908 0.9953980445861816
27.933332443237305 0.35887661576271057 -0.13792437314987183 -0.05814305692911148 -0.0028191974852234125 -0.08517751842737198 -0.04735231399536133 0.9952359199523926
27.96666717529297 0.35936427116394043 -0.13156336545944214 -0.06366333365440369 -0.00499718775972724 -0.08913953602313995 -0.04605419188737869 0.9949413537979126
28.0 0.3600519895553589 -0.12946408987045288 -0.0670134425163269 -0.008032718673348427 -0.09012823551893234 -0.04698287695646286 0.9947889447212219
28.03333282470703 0.3623383343219757 -0.12124145776033401 -0.0728919580578804 -0.009111091494560242 -0.09108934551477432 -0.046946704387664795 0.9946938157081604
28.066667556762695 0.3644128143787384 -0.11736112833023071 -0.07976293563842773 -0.009560889564454556 -0.09357497841119766 -0.04590113088488579 0.9945076107978821
28.100000381469727 0.36579060554504395 -0.11077157407999039 -0.0871507078409195 -0.0075141810812056065 -0.09700897336006165 -0.04333712160587311 0.9943111538887024
28.133333206176758 0.3673374354839325 -0.10680282860994339 -0.09547668695449829 -0.005680792033672333 -0.10012532025575638 -0.041516464203596115 0.9940921068191528
28.16666603088379 0.3689444959163666 -0.10417017340660095 -0.10111920535564423 -0.004979700781404972 -0.10184118896722794 -0.04053202271461487 0.9939621686935425
28.200000762939453 0.36932748556137085 -0.10212273895740509 -0.10558285564184189 -0.005086751654744148 -0.10276593267917633 -0.04029708355665207 0.993876039981842
28.233333587646484 0.36880531907081604 -0.09989329427480698 -0.10818285495042801 -0.005955878645181656 -0.10371099412441254 -0.04088304936885834 0.9937490224838257
28.266666412353516 0.36839309334754944 -0.09941284358501434 -0.10910255461931229 -0.00804131105542183 -0.10428686439990997 -0.04282168671488762 0.9935925006866455
28.299999237060547 0.36574724316596985 -0.09693559259176254 -0.11049623042345047 -0.008735183626413345 -0.10431569069623947 -0.04546242952346802 0.9934661984443665
28.33333396911621 0.3638117015361786 -0.0957019180059433 -0.11036774516105652 -0.00813764613121748 -0.10392559319734573 -0.04811393842101097 0.9933872818946838
28.366666793823242 0.3622574806213379 -0.0960698127746582 -0.11070287972688675 -0.007367162965238094 -0.10419108718633652 -0.04962392523884773 0.9932912588119507
28.399999618530273 0.3604758679866791 -0.09559979289770126 -0.1102510616183281 -0.00625982228666544 -0.10481151938438416 -0.05047362297773361 0.9931907057762146
28.433332443237305 0.3593533933162689 -0.0969202071428299 -0.10881060361862183 -0.006119866389781237 -0.10383743792772293 -0.050221364945173264 0.9933066964149475
28.46666717529297 0.35730141401290894 -0.09802673012018204 -0.10557356476783752 -0.006221203599125147 -0.09941786527633667 -0.04984302073717117 0.9937771558761597
28.5 0.35397523641586304 -0.09974222630262375 -0.09953334182500839 -0.00788981094956398 -0.09454317390918732 -0.051299165934324265 0.994166910648346
28.53333282470703 0.35031580924987793 -0.10175074636936188 -0.09263114631175995 -0.009251774288713932 -0.09245529025793076 -0.05386315658688545 0.9942158460617065
28.566667556762695 0.34602776169776917 -0.103350430727005 -0.08560329675674438 -0.009143863804638386 -0.09227882325649261 -0.05498158186674118 0.9941720962524414
28.600000381469727 0.342119425535202 -0.10610984265804291 -0.07730676233768463 -0.009027775377035141 -0.09244764596223831 -0.0550571046769619 0.9941532015800476
28.633333206176758 0.3385181725025177 -0.10972253978252411 -0.06759300082921982 -0.00940580852329731 -0.0917569249868393 -0.05519954115152359 0.994205892086029
28.66666603088379 0.33455178141593933 -0.11357121169567108 -0.057107508182525635 -0.010291756130754948 -0.089625284075737 -0.056051477789878845 0.9943438768386841
28.700000762939453 0.3319632411003113 -0.1183793693780899 -0.044150691479444504 -0.011821955442428589 -0.08820074051618576 -0.055644869804382324 0.9944770932197571
28.733333587646484 0.3293871283531189 -0.12321636825799942 -0.029892191290855408 -0.013809519819915295 -0.0885351225733757 -0.05300716310739517 0.9945658445358276
28.766666412353516 0.32761627435684204 -0.12789057195186615 -0.015982380136847496 -0.01577458158135414 -0.08937623351812363 -0.04968791827559471 0.9946327209472656
28.799999237060547 0.32845646142959595 -0.13438980281352997 -0.0026531158946454525 -0.017153555527329445 -0.08994215726852417 -0.046758636832237244 0.9947009086608887
28.83333396911621 0.3291051387786865 -0.13971824944019318 0.011453216895461082 -0.016549061983823776 -0.08949001133441925 -0.04382622614502907 0.9948853850364685
28.866666793823242 0.32900094985961914 -0.14614364504814148 0.024865437299013138 -0.01690330170094967 -0.08807075023651123 -0.041785676032304764 0.995093822479248
28.899999618530273 0.330366849899292 -0.15383806824684143 0.037202849984169006 -0.018935253843665123 -0.08665943145751953 -0.03967282921075821 0.9952676296234131
28.933332443237305 0.3308810293674469 -0.16111351549625397 0.050620418041944504 -0.020962761715054512 -0.0859246477484703 -0.03681665286421776 0.9954004287719727
28.96666717529297 0.3320843279361725 -0.1667352020740509 0.06499160826206207 -0.02181871049106121 -0.08588701486587524 -0.0345899872481823 0.9954652190208435
29.0 0.33355024456977844 -0.17260034382343292 0.07865992933511734 -0.022779367864131927 -0.08512026816606522 -0.03309853747487068 0.9955601692199707
29.03333282470703 0.3348816931247711 -0.17946158349514008 0.09266719222068787 -0.023758508265018463 -0.0839696079492569 -0.03161463141441345 0.9956832528114319
29.066667556762695 0.33544740080833435 -0.18424826860427856 0.10647877305746078 -0.023753318935632706 -0.08343967795372009 -0.030316408723592758 0.9957683682441711
29.100000381469727 0.3346119821071625 -0.18838360905647278 0.12013885378837585 -0.023740969598293304 -0.08316493034362793 -0.029468698427081108 0.9958170652389526
29.133333206176758 0.3381335139274597 -0.19212579727172852 0.13205108046531677 -0.02371857315301895 -0.08498489111661911 -0.02957889437675476 0.995660662651062
29.16666603088379 0.3377649486064911 -0.19731764495372772 0.14635834097862244 -0.025203905999660492 -0.08437367528676987 -0.027591852471232414 0.9957331418991089
29.200000762939453 0.3375270664691925 -0.2006962150335312 0.16044747829437256 -0.026344066485762596 -0.08565116673707962 -0.025482451543211937 0.9956508874893188
29.233333587646484 0.3368823826313019 -0.20307907462120056 0.1740739643573761 -0.02720082923769951 -0.0870366245508194 -0.025000225752592087 0.9955198764801025
29.266666412353516 0.3348047137260437 -0.20608533918857574 0.1874207705259323 -0.028235850855708122 -0.08556969463825226 -0.024818362668156624 0.9956227540969849
29.299999237060547 0.33355948328971863 -0.2092994898557663 0.19972257316112518 -0.029002726078033447 -0.08548559993505478 -0.0234211552888155 0.995641827583313
29.33333396911621 0.3328070044517517 -0.21283675730228424 0.21123383939266205 -0.029797138646245003 -0.088185153901577 -0.021753858774900436 0.9954206943511963
29.366666793823242 0.3312985301017761 -0.21584957838058472 0.22265011072158813 -0.030860912054777145 -0.08941564708948135 -0.021809788420796394 0.9952772259712219
29.399999618530273 0.3289405405521393 -0.2187376320362091 0.23321010172367096 -0.03287847340106964 -0.08894900977611542 -0.023280436173081398 0.9952211380004883
29.433332443237305 0.32673394680023193 -0.22172753512859344 0.2441590279340744 -0.03474344313144684 -0.08930694311857224 -0.024791091680526733 0.9950892925262451
29.46666717529297 0.3239593207836151 -0.22385606169700623 0.25334498286247253 -0.035703837871551514 -0.09021037817001343 -0.024747317656874657 0.9949747920036316
29.5 0.3206998109817505 -0.22584664821624756 0.26338449120521545 -0.03722086921334267 -0.09170648455619812 -0.023872140794992447 0.9948039054870605
29.53333282470703 0.3181966543197632 -0.22765551507472992 0.27292150259017944 -0.0402388721704483 -0.09304183721542358 -0.02436203323304653 0.9945504665374756
29.566667556762695 0.31524157524108887 -0.22926738858222961 0.2823033928871155 -0.042385637760162354 -0.09288317710161209 -0.025067612528800964 0.9944586157798767
29.600000381469727 0.3178532123565674 -0.2264605313539505 0.2871391475200653 -0.04239391162991524 -0.09615105390548706 -0.02468552067875862 0.9941571354866028
29.633333206176758 0.3169364035129547 -0.2215886116027832 0.2953309118747711 -0.03954996541142464 -0.10035993158817291 -0.024601735174655914 0.9938604235649109
29.66666603088379 0.30500829219818115 -0.2315029352903366 0.30402541160583496 -0.04354657605290413 -0.10016261041164398 -0.027993394061923027 0.9936234951019287
29.700000762939453 0.3108527660369873 -0.2287210375070572 0.3080175220966339 -0.04327929764986038 -0.10587988793849945 -0.029133964329957962 0.9930093884468079
29.733333587646484 0.3031059205532074 -0.23169703781604767 0.31739941239356995 -0.04556262493133545 -0.10568135976791382 -0.032456040382385254 0.9928253293037415
29.766666412353516 0.29881492257118225 -0.2333977222442627 0.3232249319553375 -0.045980148017406464 -0.10458236187696457 -0.035854171961545944 0.9928056001663208
29.799999237060547 0.2963249981403351 -0.23137901723384857 0.3269074261188507 -0.04369926452636719 -0.10129674524068832 -0.03777528181672096 0.9931778907775879
29.83333396911621 0.2956623136997223 -0.2285265177488327 0.33186089992523193 -0.0412314347922802 -0.10123898088932037 -0.038681142032146454 0.9932544827461243
29.866666793823242 0.29591548442840576 -0.22652961313724518 0.3375151455402374 -0.039793431758880615 -0.10369972884654999 -0.039164528250694275 0.9930403232574463
29.899999618530273 0.2954363226890564 -0.22595030069351196 0.3429260551929474 -0.04039310663938522 -0.10497862845659256 -0.03969626873731613 0.9928606152534485
29.933332443237305 0.29431840777397156 -0.226909801363945 0.3508559465408325 -0.041760772466659546 -0.10681679099798203 -0.039423298090696335 0.9926187992095947
29.96666717529297 0.29029908776283264 -0.2297465205192566 0.35734304785728455 -0.04323459044098854 -0.10671091079711914 -0.039884842932224274 0.9925486445426941
30.0 0.2891441583633423 -0.2309224158525467 0.36290839314460754 -0.04302108660340309 -0.10722601413726807 -0.039211008697748184 0.9925292730331421
30.03333282470703 0.287573903799057 -0.2332143932580948 0.3675146698951721 -0.0438949391245842 -0.10799017548561096 -0.03890234977006912 0.9924202561378479
30.066667556762695 0.28851377964019775 -0.23578621447086334 0.37154915928840637 -0.044348686933517456 -0.10914132744073868 -0.039487194269895554 0.9922510385513306
30.100000381469727 0.28937292098999023 -0.23631812632083893 0.3738658130168915 -0.043117936700582504 -0.10859997570514679 -0.04058694839477539 0.9923203587532043
30.133333206176758 0.289499431848526 -0.2378591001033783 0.37654221057891846 -0.042277030646800995 -0.10559562593698502 -0.04248230531811714 0.9926013946533203
30.16666603088379 0.29102230072021484 -0.23954236507415771 0.3788360357284546 -0.04123726114630699 -0.10144221782684326 -0.044118572026491165 0.9930068254470825
30.200000762939453 0.29201197624206543 -0.23943595588207245 0.3801640272140503 -0.039923615753650665 -0.0980813279747963 -0.043949391692876816 0.9934055805206299
30.233333587646484 0.2901971936225891 -0.24011579155921936 0.3787127733230591 -0.04023453965783119 -0.09688717871904373 -0.04278745502233505 0.9935609698295593
30.266666412353516 0.2925454378128052 -0.2406097948551178 0.3785148561000824 -0.040055934339761734 -0.09865716844797134 -0.040452927350997925 0.9934917092323303
30.299999237060547 0.29381951689720154 -0.2407291680574417 0.3781319856643677 -0.03935829550027847 -0.09938597679138184 -0.03848414123058319 0.9935252666473389
30.33333396911621 0.294731467962265 -0.2418174147605896 0.37759074568748474 -0.03942670300602913 -0.09946039319038391 -0.03708329424262047 0.9935683608055115
30.366666793823242 0.2944847047328949 -0.2421051412820816 0.3765644431114197 -0.03907744213938713 -0.10025832056999207 -0.036884427070617676 0.9935093522071838
30.399999618530273 0.29462218284606934 -0.2421702891588211 0.3749140501022339 -0.03858986869454384 -0.10304876416921616 -0.0372869074344635 0.9932278394699097
30.433332443237305 0.2934954762458801 -0.24324920773506165 0.37245669960975647 -0.03833312913775444 -0.1062140017747879 -0.038157425820827484 0.9928712248802185
30.46666717529297 0.29032886028289795 -0.24417340755462646 0.36925017833709717 -0.038171447813510895 -0.10991287231445312 -0.03943507373332977 0.9924247860908508
30.5 0.28682416677474976 -0.24435284733772278 0.36690059304237366 -0.038613248616456985 -0.11601603031158447 -0.040009040385484695 0.9916897416114807
30.53333282470703 0.28387904167175293 -0.24522624909877777 0.3619631230831146 -0.03938747197389603 -0.12618647515773773 -0.04005913808941841 0.990414559841156
30.566667556762695 0.27975934743881226 -0.245101660490036 0.35703927278518677 -0.038052476942539215 -0.1369083821773529 -0.04096557945013046 0.9890046119689941
30.600000381469727 0.2735452353954315 -0.24334648251533508 0.35248082876205444 -0.035067617893218994 -0.14675986766815186 -0.04223772883415222 0.9876476526260376
30.633333206176758 0.2696698307991028 -0.24823574721813202 0.3458716869354248 -0.03576531261205673 -0.1592215746641159 -0.04429083690047264 0.9856002330780029
30.66666603088379 0.2615022659301758 -0.24832506477832794 0.33845189213752747 -0.03385116904973984 -0.16860997676849365 -0.04659795016050339 0.9839986562728882
30.700000762939453 0.2571191191673279 -0.24880291521549225 0.3338979184627533 -0.031996503472328186 -0.17980605363845825 -0.04920945689082146 0.9819493293762207
30.733333587646484 0.2504516839981079 -0.24982063472270966 0.32551562786102295 -0.029905272647738457 -0.18985988199710846 -0.052119843661785126 0.9799705743789673
30.766666412353516 0.24659904837608337 -0.2463579624891281 0.3193585276603699 -0.025378098711371422 -0.20403675734996796 -0.05329862982034683 0.9771818518638611
30.799999237060547 0.24348045885562897 -0.24731093645095825 0.31215599179267883 -0.024452297016978264 -0.22392301261425018 -0.05345752462744713 0.972832441329956
30.83333396911621 0.24060483276844025 -0.2477649450302124 0.3057481646537781 -0.02215866930782795 -0.24551236629486084 -0.052946221083402634 0.9676928520202637
30.866666793823242 0.21350108087062836 -0.25688084959983826 0.2945329546928406 -0.02289222739636898 -0.2561877965927124 -0.054020799696445465 0.964844822883606
30.899999618530273 0.21194715797901154 -0.25796106457710266 0.2872768044471741 -0.022408578544855118 -0.2678413391113281 -0.05552848055958748 0.9616004824638367
30.933332443237305 0.21014809608459473 -0.25922396779060364 0.2809707224369049 -0.020045293495059013 -0.281602144241333 -0.05728263035416603 0.9576101899147034
30.96666717529297 0.20816396176815033 -0.2590630054473877 0.2753375768661499 -0.01609956845641136 -0.2906625270843506 -0.06037344038486481 0.9547833204269409
31.0 0.2070995718240738 -0.25981712341308594 0.2715047299861908 -0.013291722163558006 -0.29783228039741516 -0.06253646314144135 0.9524749517440796
31.03333282470703 0.20725463330745697 -0.260883092880249 0.26809948682785034 -0.011345470324158669 -0.3045773506164551 -0.06465793401002884 0.9502227306365967
31.066667556762695 0.20648755133152008 -0.2617543041706085 0.26513227820396423 -0.010236883535981178 -0.3112298846244812 -0.06620804220438004 0.9479702711105347
31.100000381469727 0.2069074809551239 -0.261904776096344 0.26269111037254333 -0.008585461415350437 -0.31879618763923645 -0.06765632331371307 0.9453665614128113
31.133333206176758 0.20863711833953857 -0.26234006881713867 0.25943759083747864 -0.007821478880941868 -0.3270628750324249 -0.07001764327287674 0.942372739315033
31.16666603088379 0.2085038721561432 -0.2629583179950714 0.25620463490486145 -0.008454318158328533 -0.3365730941295624 -0.0721106305718422 0.9388541579246521
31.200000762939453 0.20963957905769348 -0.2619117796421051 0.25421538949012756 -0.0084757711738348 -0.3482942283153534 -0.07520807534456253 0.9343249797821045
31.233333587646484 0.2101462483406067 -0.26056528091430664 0.25196343660354614 -0.008270207792520523 -0.35802021622657776 -0.07911787927150726 0.93031907081604
31.266666412353516 0.21072031557559967 -0.25936681032180786 0.24972453713417053 -0.008354485034942627 -0.3650749623775482 -0.08357826620340347 0.9271813035011292
31.299999237060547 0.21061159670352936 -0.25874781608581543 0.24789489805698395 -0.009527653455734253 -0.3708402216434479 -0.08839598298072815 0.9244310855865479
31.33333396911621 0.2112802118062973 -0.2571921646595001 0.2463362216949463 -0.009381548501551151 -0.37554270029067993 -0.09277165681123734 0.9221025109291077
31.366666793823242 0.2126285582780838 -0.25461438298225403 0.2430456429719925 -0.007700121030211449 -0.37967056035995483 -0.09619704633951187 0.9200745224952698
31.399999618530273 0.21520443260669708 -0.2534952759742737 0.2414192259311676 -0.005520690698176622 -0.38759878277778625 -0.09896709769964218 0.9164837002754211
31.433332443237305 0.21753762662410736 -0.251900315284729 0.23976311087608337 -0.004492021165788174 -0.39920976758003235 -0.10052528977394104 0.9113211035728455
31.46666717529297 0.22039185464382172 -0.24871717393398285 0.23862114548683167 -0.0032242985907942057 -0.41188308596611023 -0.10222247242927551 0.9054791927337646
31.5 0.22507116198539734 -0.24956519901752472 0.23874208331108093 -0.002729607978835702 -0.42409974336624146 -0.10241802036762238 0.8998013734817505
31.53333282470703 0.2292553335428238 -0.24694257974624634 0.23596946895122528 0.0011262735351920128 -0.4315961003303528 -0.10230566561222076 0.8962461352348328
31.566667556762695 0.23317356407642365 -0.24550971388816833 0.2339199036359787 0.00477476604282856 -0.4347018897533417 -0.10310008376836777 0.8946406245231628
31.600000381469727 0.2360505908727646 -0.24512428045272827 0.23151472210884094 0.008725992403924465 -0.4373072385787964 -0.10631620138883591 0.8929631114006042
31.633333206176758 0.23726126551628113 -0.2447030395269394 0.22829757630825043 0.012102183885872364 -0.4390815496444702 -0.11120646446943283 0.891456127166748
31.66666603088379 0.23737983405590057 -0.2443140596151352 0.22510777413845062 0.014931650832295418 -0.44006043672561646 -0.11657711863517761 0.8902435898780823
31.700000762939453 0.2363240122795105 -0.24392808973789215 0.2209271341562271 0.01704196073114872 -0.4412742555141449 -0.12237449735403061 0.8888257145881653
31.733333587646484 0.23471133410930634 -0.2447095513343811 0.21855716407299042 0.01766529120504856 -0.44316837191581726 -0.1274920403957367 0.8871501684188843
31.766666412353516 0.2322891503572464 -0.24406564235687256 0.21513541042804718 0.018386153504252434 -0.4441133141517639 -0.13093575835227966 0.8861608505249023
31.799999237060547 0.22919946908950806 -0.24396687746047974 0.21167191863059998 0.017614100128412247 -0.4449841380119324 -0.13226711750030518 0.8855417966842651
31.83333396911621 0.22543150186538696 -0.242843359708786 0.2087525725364685 0.01628052070736885 -0.44691765308380127 -0.13155020773410797 0.8847001194953918
31.866666793823242 0.22179965674877167 -0.2422267347574234 0.20637522637844086 0.014610684476792812 -0.4495740532875061 -0.13058486580848694 0.883525550365448
31.899999618530273 0.21699467301368713 -0.23946700990200043 0.20199623703956604 0.013311776332557201 -0.45100584626197815 -0.12960821390151978 0.8829599618911743
31.933332443237305 0.21011103689670563 -0.23550808429718018 0.19542761147022247 0.011618703603744507 -0.4522840976715088 -0.1298467367887497 0.8822947144508362
31.96666717529297 0.2061450481414795 -0.23331303894519806 0.19207461178302765 0.009771304205060005 -0.45384374260902405 -0.13149550557136536 0.8812714219093323
32.0 0.19975720345973969 -0.2300705760717392 0.18581779301166534 0.008318306878209114 -0.454630970954895 -0.13221953809261322 0.8807721138000488
32.03333282470703 0.19025328755378723 -0.22493262588977814 0.17649966478347778 0.008137498050928116 -0.45582613348960876 -0.131755992770195 0.8802253603935242
32.06666564941406 0.18025778234004974 -0.21983395516872406 0.16720867156982422 0.009101102128624916 -0.45770835876464844 -0.13037262856960297 0.8794448971748352
32.099998474121094 0.17145907878875732 -0.21571870148181915 0.15927910804748535 0.009663185104727745 -0.4603264033794403 -0.1288624256849289 0.8782942295074463
32.13333511352539 0.15979500114917755 -0.21229812502861023 0.148659348487854 0.008146676234900951 -0.4617834687232971 -0.12919484078884125 0.8774954676628113
32.16666793823242 0.15065249800682068 -0.2107924222946167 0.1400710940361023 0.006832043640315533 -0.4632033705711365 -0.13206543028354645 0.8763303160667419
32.20000076293945 0.13547387719154358 -0.20822834968566895 0.12884461879730225 0.006251580081880093 -0.46387428045272827 -0.13611899316310883 0.8753588199615479
32.233333587646484 0.11700939387083054 -0.2037360519170761 0.1130790039896965 0.006032560020685196 -0.46405473351478577 -0.14001376926898956 0.8746501803398132
32.266666412353516 0.10381442308425903 -0.20072457194328308 0.10112206637859344 0.006194206420332193 -0.46535903215408325 -0.1428193300962448 0.873501718044281
32.29999923706055 0.08849722146987915 -0.19745764136314392 0.08559215068817139 0.0062660700641572475 -0.46666306257247925 -0.14429692924022675 0.8725622296333313
32.33333206176758 0.07508645951747894 -0.19387255609035492 0.07769472151994705 0.005616007372736931 -0.4699718952178955 -0.14449383318424225 0.8707561492919922
32.36666488647461 0.06087362393736839 -0.18856213986873627 0.07462497800588608 0.0035429256968200207 -0.47393450140953064 -0.14438296854496002 0.8686352372169495
32.400001525878906 0.046847473829984665 -0.1819629669189453 0.06792301684617996 0.0005733353900723159 -0.4781315326690674 -0.14491161704063416 0.8662509322166443
32.43333435058594 0.03265797719359398 -0.17631584405899048 0.057603951543569565 -0.0026297695003449917 -0.4794405698776245 -0.14506395161151886 0.8654977083206177
32.46666717529297 0.021519189700484276 -0.17085017263889313 0.04981742054224014 -0.0050379252061247826 -0.47946807742118835 -0.14440611004829407 0.8655819296836853
32.5 0.010966824367642403 -0.16456852853298187 0.03908698633313179 -0.0063330079428851604 -0.4807678163051605 -0.14331190288066864 0.8650339841842651
32.53333282470703 0.0002498808898963034 -0.15867874026298523 0.031730446964502335 -0.007183406967669725 -0.4831317067146301 -0.1422906517982483 0.8638782501220703
32.56666564941406 -0.008859312161803246 -0.15230479836463928 0.0253444816917181 -0.007202899549156427 -0.4844037890434265 -0.14082156121730804 0.8634063005447388
32.599998474121094 -0.010033988393843174 -0.13303683698177338 0.007943008095026016 -0.004560678731650114 -0.4892949163913727 -0.1401078999042511 0.8607784509658813
32.63333511352539 -0.01886754110455513 -0.12945422530174255 -0.003477574558928609 -0.004667967092245817 -0.489439457654953 -0.13888821005821228 0.8608933687210083
32.66666793823242 -0.026466621086001396 -0.12483928352594376 -0.009153428487479687 -0.005317610688507557 -0.4876626431941986 -0.1363360583782196 0.8623047471046448
32.70000076293945 -0.032905738800764084 -0.12143529951572418 -0.015798378735780716 -0.005997917149215937 -0.48603564500808716 -0.13304033875465393 0.8637324571609497
32.733333587646484 -0.03946629539132118 -0.11789696663618088 -0.022769303992390633 -0.006116046104580164 -0.4846569299697876 -0.12951907515525818 0.8650404810905457
32.766666412353516 -0.04613528028130531 -0.11366541683673859 -0.030163604766130447 -0.006371710449457169 -0.4837169051170349 -0.12679046392440796 0.8659685254096985
32.79999923706055 -0.04888894408941269 -0.11132237315177917 -0.03391393646597862 -0.00715376902371645 -0.48236605525016785 -0.12409881502389908 0.8671051859855652
32.83333206176758 -0.05467317998409271 -0.10580265522003174 -0.04665365070104599 -0.007267423439770937 -0.47791680693626404 -0.11950639635324478 0.8702073693275452
32.86666488647461 -0.06122909113764763 -0.10213988274335861 -0.05511576682329178 -0.007645442150533199 -0.4747708737850189 -0.1139913946390152 0.8726626038551331
32.900001525878906 -0.06432399898767471 -0.10029018670320511 -0.05901571363210678 -0.007834755815565586 -0.47310981154441833 -0.10869693011045456 0.8742372989654541
32.93333435058594 -0.06914333254098892 -0.09607699513435364 -0.06700128316879272 -0.00695283617824316 -0.4696566164493561 -0.1043810248374939 0.8766294121742249
32.96666717529297 -0.06590145081281662 -0.09455347061157227 -0.06378864496946335 -0.006309636402875185 -0.46759068965911865 -0.10118287056684494 0.8781121969223022
33.0 -0.06926195323467255 -0.09110818803310394 -0.06983832269906998 -0.005650145001709461 -0.4636840224266052 -0.09709397703409195 0.8806463479995728
33.03333282470703 -0.07284633815288544 -0.0867098867893219 -0.07522320747375488 -0.005203597713261843 -0.45924997329711914 -0.09266646951436996 0.8834452033042908
33.06666564941406 -0.0763094425201416 -0.08224692940711975 -0.079030342400074 -0.005540814250707626 -0.45336687564849854 -0.08961702138185501 0.8867900967597961
33.099998474121094 -0.08021393418312073 -0.0754564106464386 -0.08195839077234268 -0.006779470480978489 -0.4485644996166229 -0.08692781627178192 0.8894872665405273
33.13333511352539 -0.08522126823663712 -0.06815266609191895 -0.08646202832460403 -0.0073601193726062775 -0.4449633061885834 -0.08630745112895966 0.8913499116897583
33.16666793823242 -0.09074587374925613 -0.06029975786805153 -0.08960781246423721 -0.007481934502720833 -0.440540611743927 -0.08709073066711426 0.8934669494628906
33.20000076293945 -0.09421073645353317 -0.054381951689720154 -0.09176111221313477 -0.007978850044310093 -0.4354528486728668 -0.08817034214735031 0.895847737789154
33.233333587646484 -0.0953119695186615 -0.04827643930912018 -0.09097417443990707 -0.008389422670006752 -0.43259313702583313 -0.08999615162611008 0.8970471024513245
33.266666412353516 -0.10009821504354477 -0.040453653782606125 -0.09216485172510147 -0.008575775660574436 -0.42884561419487 -0.09174195677042007 0.8986664414405823
33.29999923706055 -0.10380420088768005 -0.03271357715129852 -0.09630259871482849 -0.008060653693974018 -0.42447662353515625 -0.09352976828813553 0.9005592465400696
33.33333206176758 -0.10708293318748474 -0.026411572471261024 -0.09965606778860092 -0.007891647517681122 -0.42135947942733765 -0.09483303874731064 0.9018872380256653
33.36666488647461 -0.10965971648693085 -0.01908293552696705 -0.10303015261888504 -0.007321781478822231 -0.41915997862815857 -0.09670943766832352 0.9027172923088074
33.400001525878906 -0.11116931587457657 -0.014688561670482159 -0.10370690375566483 -0.008710174821317196 -0.4186232388019562 -0.09871426224708557 0.902737021446228
33.43333435058594 -0.11231235414743423 -0.007552913390100002 -0.10330350697040558 -0.009728332981467247 -0.4180145263671875 -0.09953205287456512 0.9029189944267273
33.46666717529297 -0.11399023979902267 -0.0011777286417782307 -0.10373365134000778 -0.011022131890058517 -0.41696369647979736 -0.09910367429256439 0.9034369587898254
33.5 -0.11446541547775269 0.0012714479817077518 -0.10345771163702011 -0.012318526394665241 -0.4158594608306885 -0.0989428460597992 0.9039466381072998
33.53333282470703 -0.11635003983974457 0.00699023250490427 -0.10582567006349564 -0.011477254331111908 -0.4135419428348541 -0.09834885597229004 0.9050849676132202
33.56666564941406 -0.11724931746721268 0.008764042519032955 -0.106441430747509 -0.01093052513897419 -0.41265255212783813 -0.0985335111618042 0.9054775834083557
33.599998474121094 -0.11995627731084824 0.012116950005292892 -0.10676853358745575 -0.010553035885095596 -0.4118351936340332 -0.09997733682394028 0.9056957960128784
33.63333511352539 -0.12230756133794785 0.01551596075296402 -0.10687849670648575 -0.010850571095943451 -0.4106834828853607 -0.10181309282779694 0.9060108065605164
33.66666793823242 -0.12611526250839233 0.019207347184419632 -0.10668068379163742 -0.011197573505342007 -0.4106033146381378 -0.10242597758769989 0.9059738516807556
33.70000076293945 -0.12889593839645386 0.02185099758207798 -0.10686967521905899 -0.012020353227853775 -0.41104066371917725 -0.10454920679330826 0.9055222868919373
33.733333587646484 -0.13267293572425842 0.02730107307434082 -0.1091914102435112 -0.010246713645756245 -0.4102868139743805 -0.10686805844306946 0.9056153297424316
33.766666412353516 -0.1331697553396225 0.028513461351394653 -0.11291899532079697 -0.0073430235497653484 -0.4094085991382599 -0.10764310508966446 0.9059489965438843
33.79999923706055 -0.13189660012722015 0.026535984128713608 -0.1148999035358429 -0.0064406325109303 -0.41042280197143555 -0.1088031530380249 0.9053583145141602
33.83333206176758 -0.13221332430839539 0.028103727847337723 -0.11703670024871826 -0.005066976882517338 -0.4098716378211975 -0.11004156619310379 0.9054669141769409
33.86666488647461 -0.1328897476196289 0.02938641980290413 -0.12011398375034332 -0.003671704325824976 -0.40705347061157227 -0.1101142019033432 0.9067353010177612
33.900001525878906 -0.13258640468120575 0.03131835162639618 -0.11962723731994629 -0.0026871724985539913 -0.4059597849845886 -0.10885831713676453 0.9073804616928101
33.93333435058594 -0.1332927793264389 0.03421615809202194 -0.11948258429765701 -0.003159667132422328 -0.40566885471343994 -0.10800224542617798 0.9076113700866699
33.96666717529297 -0.13379812240600586 0.0328206941485405 -0.1231866180896759 -0.0010898865293711424 -0.4044401943683624 -0.10932151973247528 0.908006489276886
34.0 -0.13473597168922424 0.0328008197247982 -0.12353219836950302 0.00011697168520186096 -0.4037341773509979 -0.1095687672495842 0.9082914590835571
34.03333282470703 -0.1374204456806183 0.03792714327573776 -0.1261972337961197 0.0009446433396078646 -0.40295836329460144 -0.11092254519462585 0.9084712266921997
34.06666564941406 -0.1382347047328949 0.03728414699435234 -0.1255144476890564 0.0007719240384176373 -0.40406349301338196 -0.11361894756555557 0.9076469540596008
34.099998474121094 -0.13876008987426758 0.04055554047226906 -0.12726028263568878 0.0009742432739585638 -0.4038698077201843 -0.1150921881198883 0.9075472950935364
34.13333511352539 -0.14123238623142242 0.04393065348267555 -0.12852227687835693 0.0026856842450797558 -0.40258678793907166 -0.11620292067527771 0.9079722166061401
34.16666793823242 -0.14244802296161652 0.045114390552043915 -0.13155560195446014 0.0040569305419921875 -0.4015692472457886 -0.11788375675678253 0.9082010984420776
34.20000076293945 -0.14471521973609924 0.04691585525870323 -0.13405519723892212 0.005789527203887701 -0.40033644437789917 -0.12030303478240967 0.9084186553955078
34.233333587646484 -0.1493733674287796 0.0498124435544014 -0.13651911914348602 0.007103388197720051 -0.3985164165496826 -0.12388323247432709 0.9087283611297607
34.266666412353516 -0.15448084473609924 0.053243834525346756 -0.13954660296440125 0.007646431215107441 -0.3971788287162781 -0.12901559472084045 0.9085953831672668
34.29999923706055 -0.16307726502418518 0.05727606639266014 -0.1413092166185379 0.006350577808916569 -0.3933413624763489 -0.13785676658153534 0.9089761972427368
34.33333206176758 -0.17433716356754303 0.061274267733097076 -0.14201591908931732 0.0024286946281790733 -0.3882584273815155 -0.14652180671691895 0.9098246693611145
34.36666488647461 -0.1758466213941574 0.061285510659217834 -0.14038622379302979 0.0014540795236825943 -0.38930848240852356 -0.14709477126598358 0.9092854857444763
34.400001525878906 -0.16986863315105438 0.05909645929932594 -0.13681557774543762 0.0019264512229710817 -0.3931359648704529 -0.14145877957344055 0.908531665802002
34.43333435058594 -0.165679469704628 0.05704415962100029 -0.1365121752023697 0.0031693570781499147 -0.3911172151565552 -0.1378784030675888 0.9099488854408264
34.46666717529297 -0.16858568787574768 0.05738271400332451 -0.13580825924873352 0.0030727495905011892 -0.3866637945175171 -0.13997700810432434 0.911530613899231
34.5 -0.1700219064950943 0.05756272003054619 -0.13548482954502106 0.000668492924887687 -0.3858945667743683 -0.14155548810958862 0.9116178154945374
34.53333282470703 -0.16858837008476257 0.05660437420010567 -0.13413742184638977 0.0014549249317497015 -0.3866514563560486 -0.13949769735336304 0.9116133451461792
34.56666564941406 -0.1682155281305313 0.05731796473264694 -0.13414940237998962 0.002442034659907222 -0.38684824109077454 -0.13973817229270935 0.9114909768104553
34.599998474121094 -0.16949167847633362 0.05737777426838875 -0.13476474583148956 0.001003166427835822 -0.3863321840763092 -0.14102810621261597 0.9115138649940491
34.63333511352539 -0.16878250241279602 0.056889988481998444 -0.13429272174835205 0.0011868684086948633 -0.38643860816955566 -0.14005222916603088 0.9116189479827881
34.66666793823242 -0.1683509200811386 0.05737468600273132 -0.13497593998908997 0.00221842504106462 -0.38657304644584656 -0.14019174873828888 0.9115386009216309
34.70000076293945 -0.16917666792869568 0.057457759976387024 -0.13429509103298187 0.0009901282610371709 -0.3864007890224457 -0.1405756026506424 0.9115546345710754
34.733333587646484 -0.16896097362041473 0.056848764419555664 -0.13433979451656342 0.0011566828470677137 -0.38645780086517334 -0.14031289517879486 0.9115707874298096
34.766666412353516 -0.16862523555755615 0.05747158080339432 -0.13469882309436798 0.001749149290844798 -0.3864932656288147 -0.14064203202724457 0.9115040898323059
34.79999923706055 -0.16955307126045227 0.05729595571756363 -0.1341506838798523 0.000854022684507072 -0.3863998353481293 -0.14065606892108917 0.9115428924560547
34.83333206176758 -0.16872063279151917 0.05709582194685936 -0.1346186399459839 0.0014495308278128505 -0.386477530002594 -0.14061930775642395 0.9115148782730103
34.86666488647461 -0.16899050772190094 0.05745232477784157 -0.133906751871109 0.0013952559093013406 -0.38650965690612793 -0.1407347023487091 0.9114834070205688
34.900001525878906 -0.16939792037010193 0.057315029203891754 -0.13416115939617157 0.0012452590744942427 -0.38633373379707336 -0.14061938226222992 0.9115761518478394
34.93333435058594 -0.1688096821308136 0.057384997606277466 -0.1345054656267166 0.0014718027086928487 -0.3863902688026428 -0.140705406665802 0.9115385413169861
34.96666717529297 -0.16899554431438446 0.057268429547548294 -0.13453309237957 0.0008307046955451369 -0.3862438201904297 -0.14070270955562592 0.911601722240448
35.0 -0.1693928986787796 0.057566553354263306 -0.1343725472688675 0.0012135908473283052 -0.38625141978263855 -0.14090225100517273 0.9115672707557678
35.03333282470703 -0.1694483757019043 0.05701294168829918 -0.1349794864654541 0.0009965378558263183 -0.3862563967704773 -0.14090245962142944 0.9115654826164246
35.06666564941406 -0.16908174753189087 0.05703015625476837 -0.13429316878318787 0.0010512155713513494 -0.38628244400024414 -0.140764519572258 0.9115756154060364
35.099998474121094 -0.16903901100158691 0.05699722468852997 -0.13397178053855896 0.0010265868622809649 -0.38632795214653015 -0.14070719480514526 0.9115652441978455
35.13333511352539 -0.16856081783771515 0.05688624829053879 -0.134039968252182 0.0008717480232007802 -0.38626590371131897 -0.14047273993492126 0.9116278290748596
35.16666793823242 -0.1686655580997467 0.05697700381278992 -0.13422927260398865 0.0006795675144530833 -0.3861024081707001 -0.14025774598121643 0.9117304086685181
35.20000076293945 -0.16876620054244995 0.056940559297800064 -0.13373196125030518 0.0009009810746647418 -0.3861529529094696 -0.1402008980512619 0.9117174744606018
35.233333587646484 -0.16998985409736633 0.05785888433456421 -0.13357387483119965 0.0018466622568666935 -0.38234439492225647 -0.1394609957933426 0.9134330749511719
35.266666412353516 -0.16636568307876587 0.0557023249566555 -0.13055318593978882 0.0012436308898031712 -0.37673914432525635 -0.13678480684757233 0.9161636829376221
35.29999923706055 -0.16226109862327576 0.05412619933485985 -0.12698975205421448 0.0011887545697391033 -0.3685227036476135 -0.13374219834804535 0.91994708776474
35.33333206176758 -0.15721148252487183 0.05295070260763168 -0.12314188480377197 0.001485273358412087 -0.3609916567802429 -0.13104309141635895 0.9233150482177734
35.36666488647461 -0.15382209420204163 0.05434177443385124 -0.11983782798051834 0.002270288998261094 -0.35248205065727234 -0.12753042578697205 0.9270853996276855
35.400001525878906 -0.1499519944190979 0.05352495238184929 -0.11542544513940811 0.002681616460904479 -0.34257203340530396 -0.12343781441450119 0.9313433170318604
35.43333435058594 -0.14006251096725464 0.05029691010713577 -0.10793507844209671 0.002116651274263859 -0.33528003096580505 -0.12058797478675842 0.9343668222427368
35.46666717529297 -0.13735069334506989 0.0492975190281868 -0.10391794890165329 0.0023262854665517807 -0.32823094725608826 -0.1172981932759285 0.9372833967208862
35.5 -0.13212987780570984 0.04773908853530884 -0.09821289032697678 0.002331196330487728 -0.3223215639591217 -0.11505339294672012 0.9396095275878906
35.53333282470703 -0.12896056473255157 0.04133966937661171 -0.09635138511657715 0.0006174446898512542 -0.3179168403148651 -0.11487776786088943 0.9411332011222839
35.56666564941406 -0.12601780891418457 0.039765194058418274 -0.09275830537080765 0.0007659458788111806 -0.31284767389297485 -0.11373113095760345 0.9429693222045898
35.599998474121094 -0.12299712747335434 0.0386466383934021 -0.08940138667821884 0.0007640114636160433 -0.3076803386211395 -0.11136334389448166 0.9449499249458313
35.63333511352539 -0.12066370993852615 0.038502734154462814 -0.08673768490552902 0.0007439352921210229 -0.30279678106307983 -0.10947312414646149 0.9467467069625854
35.66666793823242 -0.12135577946901321 0.034062303602695465 -0.08657260984182358 -0.0008064212743192911 -0.300493985414505 -0.10923904180526733 0.9475070834159851
35.70000076293945 -0.121332086622715 0.034242160618305206 -0.08666601032018661 -0.0007424347568303347 -0.3003731966018677 -0.10954628884792328 0.9475099444389343
35.733333587646484 -0.12072966247797012 0.03408842161297798 -0.0853642076253891 -0.0006039562867954373 -0.301060289144516 -0.10961694270372391 0.9472837448120117
35.766666412353516 -0.12096842378377914 0.033957988023757935 -0.08569034934043884 -0.0007133231265470386 -0.3006981313228607 -0.1095166727900505 0.9474103450775146
35.79999923706055 -0.12088564038276672 0.03379615396261215 -0.086030513048172 -0.0007865801453590393 -0.30058765411376953 -0.1096283420920372 0.9474323987960815
35.83333206176758 -0.12078890949487686 0.03368549793958664 -0.08545971661806107 -0.0007671674247831106 -0.3008810877799988 -0.10927233099937439 0.9473803639411926
35.86666488647461 -0.11984352767467499 0.033890195190906525 -0.08586930483579636 -0.0007364150951616466 -0.3011679947376251 -0.10981862246990204 0.9472261071205139
35.900001525878906 -0.11846764385700226 0.03331876918673515 -0.08529248833656311 -0.0009479743312112987 -0.3021547794342041 -0.10980360954999924 0.9469133019447327
35.93333435058594 -0.11344854533672333 0.033004604279994965 -0.08342994004487991 -0.0007383287884294987 -0.3016262650489807 -0.10963395982980728 0.9471016526222229
35.96666717529297 -0.10836281627416611 0.0338740237057209 -0.08095885813236237 -0.00011310962872812524 -0.2996150255203247 -0.10896337032318115 0.9478173851966858
36.0 -0.10113313049077988 0.032565291970968246 -0.07629267126321793 6.41250007902272e-05 -0.2965600788593292 -0.10769393295049667 0.9489225745201111
36.03333282470703 -0.09275464713573456 0.030552808195352554 -0.0726570263504982 -0.0002953182556666434 -0.29208528995513916 -0.10555901378393173 0.9505489468574524
36.06666564941406 -0.08171982318162918 0.029768217355012894 -0.06916990876197815 -6.608977855648845e-05 -0.28754904866218567 -0.10368780046701431 0.952136754989624
36.099998474121094 -0.07282979786396027 0.02741408534348011 -0.06610846519470215 -0.0006677990895695984 -0.2833278775215149 -0.10185600817203522 0.9535986185073853
36.13333511352539 -0.06090783700346947 0.025918621569871902 -0.06220884621143341 -0.0007290304638445377 -0.2797375023365021 -0.10074202716350555 0.9547761678695679
36.16666793823242 -0.05565173923969269 0.026540901511907578 -0.06134181469678879 0.00017079178360290825 -0.27609944343566895 -0.09962724149227142 0.9559516310691833
36.20000076293945 -0.04442419856786728 0.024398623034358025 -0.05736872926354408 -0.0001898997725220397 -0.27332624793052673 -0.09855515509843826 0.9568592309951782
36.233333587646484 -0.035599783062934875 0.022349214181303978 -0.0547102726995945 -0.0010407762601971626 -0.2703704535961151 -0.0970340371131897 0.957853376865387
36.266666412353516 -0.026089301332831383 0.021395953372120857 -0.053814083337783813 -0.0007230398477986455 -0.268035352230072 -0.09625338762998581 0.9585884809494019
36.29999923706055 -0.016346195712685585 0.020517433062195778 -0.04868721961975098 -0.00029939060914330184 -0.2678810656070709 -0.09634876996278763 0.9586222171783447
36.33333206176758 -0.00732498150318861 0.01899517886340618 -0.045315541326999664 -0.0004886515089310706 -0.26769760251045227 -0.09612427651882172 0.9586960077285767
36.36666488647461 -0.00012792662892024964 0.017994141206145287 -0.04345307499170303 -0.0004956317716278136 -0.2660234868526459 -0.09541746228933334 0.9592323899269104
36.400001525878906 0.004834688734263182 0.017564445734024048 -0.041615214198827744 -0.0004980373778380454 -0.2623134255409241 -0.09410880506038666 0.9603827595710754
36.43333435058594 0.03399045020341873 0.009467591531574726 -0.03372408449649811 -0.002206759760156274 -0.2608741819858551 -0.09433066099882126 0.9607505202293396
36.46666717529297 0.04361289367079735 0.007745145820081234 -0.02854086644947529 -0.002421857789158821 -0.25904208421707153 -0.09296543896198273 0.9613786339759827
36.5 0.051806915551424026 0.006462031044065952 -0.024659082293510437 -0.002592632081359625 -0.2580616772174835 -0.09246616065502167 0.9616899490356445
36.53333282470703 0.05895569548010826 0.005815146956592798 -0.02104024402797222 -0.0020021561067551374 -0.25693824887275696 -0.09288756549358368 0.961951494216919
36.56666564941406 0.06675416231155396 0.0037744008004665375 -0.01832040585577488 -0.0021774086635559797 -0.2562953531742096 -0.09169363975524902 0.9622371792793274
36.599998474121094 0.07531967759132385 0.004147038795053959 -0.01438321452587843 -0.002298658713698387 -0.25531435012817383 -0.09126295894384384 0.9625385403633118
36.63333511352539 0.07962507009506226 0.00338861346244812 -0.014567961916327477 -0.0021960490848869085 -0.2556929886341095 -0.09204226732254028 0.9623640775680542
36.66666793823242 0.08532646298408508 0.0016856264555826783 -0.015059305354952812 -0.002127639250829816 -0.25635555386543274 -0.09285496920347214 0.9621098041534424
36.70000076293945 0.08983740955591202 0.0015919877914711833 -0.01336868666112423 -0.002167594851925969 -0.2556498050689697 -0.0924353152513504 0.9623379111289978
36.733333587646484 0.09328438341617584 0.0012408011825755239 -0.012451974675059319 -0.002150639658793807 -0.2540460526943207 -0.09188643097877502 0.9628151059150696
36.766666412353516 0.10026347637176514 0.00015049631474539638 -0.009560663253068924 -0.0021114787086844444 -0.25260129570961 -0.09165636450052261 0.9632171988487244
36.79999923706055 0.10679235309362411 -0.0007932574371807277 -0.0068445270881056786 -0.002232684986665845 -0.25191155076026917 -0.09107545018196106 0.9634526371955872
36.83333206176758 0.1125594824552536 -0.0017497447552159429 -0.004544561263173819 -0.002170966938138008 -0.25102102756500244 -0.0911903902888298 0.9636742472648621
36.86666488647461 0.11608836054801941 -0.0032730940729379654 -0.002919763559475541 -0.0024279404897242785 -0.24900785088539124 -0.08989879488945007 0.9643171429634094
36.900001525878906 0.12203849107027054 -0.003441851818934083 -0.0017876102356240153 -0.002371144015341997 -0.24623581767082214 -0.08932916820049286 0.9650817513465881
36.93333435058594 0.1293574422597885 -0.004960023332387209 0.0026789316907525063 -0.002134844893589616 -0.24633832275867462 -0.08938375860452652 0.965050995349884
36.96666717529297 0.133062481880188 -0.005303709767758846 0.0045496136881411076 -0.0018451693467795849 -0.24444739520549774 -0.08878228068351746 0.965587854385376
37.0 0.14382538199424744 -0.007375381886959076 0.010085935704410076 -0.0021077669225633144 -0.24382898211479187 -0.088340625166893 0.9657841324806213
37.03333282470703 0.14974160492420197 -0.007996330969035625 0.017252562567591667 -0.0016244042199105024 -0.2423873096704483 -0.08760643005371094 0.9662147164344788
37.06666564941406 0.15447740256786346 -0.008716723881661892 0.01998673751950264 -0.0014420172665268183 -0.24181729555130005 -0.0879165306687355 0.9663296937942505
37.099998474121094 0.16379721462726593 -0.010511502623558044 0.023729994893074036 -0.001438931911252439 -0.24189725518226624 -0.08759978413581848 0.9663384556770325
37.13333511352539 0.1728052943944931 -0.012467268854379654 0.028049005195498466 -0.001698617939837277 -0.24126659333705902 -0.08762700855731964 0.9664932489395142
37.16666793823242 0.18530365824699402 -0.014831733889877796 0.03335782513022423 -0.0016611251048743725 -0.240245521068573 -0.08631982654333115 0.9668651223182678
37.20000076293945 0.19539034366607666 -0.01749251037836075 0.03813772276043892 -0.0019002552144229412 -0.23823808133602142 -0.08618729561567307 0.9673731327056885
37.233333587646484 0.20546019077301025 -0.018159672617912292 0.044817447662353516 -0.001103249262087047 -0.23762725293636322 -0.0851975530385971 0.9676122665405273
37.266666412353516 0.209711492061615 -0.02155916951596737 0.04549434408545494 -0.002539506647735834 -0.23502954840660095 -0.08510351181030273 0.9682521224021912
37.29999923706055 0.21503232419490814 -0.02106943167746067 0.04987281188368797 -0.001932468032464385 -0.23466843366622925 -0.08410481363534927 0.968428373336792
37.33333206176758 0.22546818852424622 -0.023326480761170387 0.05434134602546692 -0.0018171833362430334 -0.23509900271892548 -0.0847296491265297 0.9682696461677551
37.36666488647461 0.21138109266757965 -0.02298375405371189 0.05548514425754547 -0.0016488494584336877 -0.2342340648174286 -0.08455557376146317 0.968494713306427
37.400001525878906 0.21601878106594086 -0.02423154190182686 0.05766591802239418 -0.0016381925670430064 -0.23460212349891663 -0.08507775515317917 0.9683599472045898
37.43333435058594 0.22145020961761475 -0.024295682087540627 0.06206735223531723 -0.001272146007977426 -0.23537114262580872 -0.08500956743955612 0.9681798815727234
37.46666717529297 0.22796791791915894 -0.025384601205587387 0.06605169177055359 -0.0010773970279842615 -0.23494566977024078 -0.08504645526409149 0.9682801961898804
37.5 0.23299743235111237 -0.0261808093637228 0.0711677297949791 -0.0007833238923922181 -0.23340731859207153 -0.08496557176113129 0.968659520149231
37.53333282470703 0.2382867932319641 -0.026764703914523125 0.07416201382875443 -0.0004705590254161507 -0.23222269117832184 -0.08443731814622879 0.9689905643463135
37.56666564941406 0.24235202372074127 -0.02787703089416027 0.0773097574710846 -0.000507696473505348 -0.2306392639875412 -0.0838228315114975 0.9694220423698425
37.599998474121094 0.25109025835990906 -0.030885260552167892 0.08070572465658188 -0.0012974857818335295 -0.22857508063316345 -0.08270299434661865 0.9700062274932861
37.63333511352539 0.2573603391647339 -0.03182162716984749 0.0830935686826706 -0.0012039683060720563 -0.228525310754776 -0.08263017237186432 0.9700242877006531
37.66666793823242 0.26298049092292786 -0.03374103456735611 0.08567972481250763 -0.0015911058289930224 -0.2301671952009201 -0.08291908353567123 0.9696107506752014
37.70000076293945 0.2708872854709625 -0.03502209484577179 0.08834224194288254 -0.0017618619604036212 -0.23086997866630554 -0.08324305713176727 0.9694156646728516
37.733333587646484 0.2739582061767578 -0.03473416715860367 0.08957626670598984 -0.0014333302387967706 -0.23031771183013916 -0.08338279277086258 0.9695354104042053
37.766666412353516 0.2777424454689026 -0.03537183627486229 0.09115807712078094 -0.0014883663970977068 -0.230665385723114 -0.08349935710430145 0.9694427251815796
37.79999923706055 0.28241869807243347 -0.03576812893152237 0.09175998717546463 -0.0015893280506134033 -0.23039649426937103 -0.08341284096240997 0.9695139527320862
37.83333206176758 0.2845584750175476 -0.036259349435567856 0.09278018027544022 -0.001490236958488822 -0.22933560609817505 -0.08335994929075241 0.9697701930999756
37.86666488647461 0.29259562492370605 -0.03676936775445938 0.09625422954559326 -0.00121313298586756 -0.22785629332065582 -0.0825427919626236 0.9701890349388123
37.900001525878906 0.29904788732528687 -0.03717528283596039 0.09703478962182999 -0.0011336185270920396 -0.22419564425945282 -0.08099023997783661 0.9711722731590271
37.93333435058594 0.303067147731781 -0.03778067231178284 0.09907481074333191 -0.0011774309678003192 -0.2233160436153412 -0.08146456629037857 0.9713352918624878
37.96666717529297 0.30852848291397095 -0.03850993141531944 0.10131578147411346 -0.0011017939541488886 -0.22427339851856232 -0.08144846558570862 0.9711160659790039
38.0 0.3152896463871002 -0.03957623615860939 0.10311853140592575 -0.0014010034501552582 -0.22451697289943695 -0.0818372592329979 0.9710266590118408
38.03333282470703 0.320541113615036 -0.04005367308855057 0.10554912686347961 -0.0011969213373959064 -0.22475358843803406 -0.08170388638973236 0.9709834456443787
38.06666564941406 0.32740435004234314 -0.04100827872753143 0.10684920102357864 -0.0010931588476523757 -0.22315263748168945 -0.08141206949949265 0.9713772535324097
38.099998474121094 0.33926111459732056 -0.042384762316942215 0.11214130371809006 -0.001290852902457118 -0.2223551720380783 -0.08082062751054764 0.9716092944145203
38.13333511352539 0.34580445289611816 -0.04409684240818024 0.11398644000291824 -0.0014456851640716195 -0.2199416607618332 -0.07995650172233582 0.9722297191619873
38.16666793823242 0.35308563709259033 -0.04529479518532753 0.11561759561300278 -0.0017966016894206405 -0.21765781939029694 -0.07934308797121048 0.9727931618690491
38.20000076293945 0.35734230279922485 -0.04531162232160568 0.11503174155950546 -0.0017238977598026395 -0.21628189086914062 -0.07871968299150467 0.9731507897377014
38.233333587646484 0.3692958950996399 -0.04754512384533882 0.12165647000074387 -0.0016326898476108909 -0.21764905750751495 -0.07936017215251923 0.9727939963340759
38.266666412353516 0.3703377842903137 -0.04655500501394272 0.11900444328784943 -0.0015574740245938301 -0.21542873978614807 -0.07840389758348465 0.9733657836914062
38.29999923706055 0.3828083872795105 -0.04822605103254318 0.1205078512430191 -0.0017216171836480498 -0.21552686393260956 -0.0788784772157669 0.9733054041862488
38.33333206176758 0.3881987929344177 -0.0486556738615036 0.12132494896650314 -0.001833635731600225 -0.21586386859416962 -0.07835309952497482 0.973272979259491
38.36666488647461 0.3932117521762848 -0.049234215170145035 0.12375526130199432 -0.0016964887036010623 -0.21478675305843353 -0.07863885909318924 0.9734885096549988
38.400001525878906 0.40364134311676025 -0.051043178886175156 0.12632928788661957 -0.002031386597082019 -0.21437112987041473 -0.07782501727342606 0.9736447930335999
38.43333435058594 0.41087090969085693 -0.052294086664915085 0.12805795669555664 -0.002014557598158717 -0.2141808122396469 -0.07778319716453552 0.9736900925636292
38.46666717529297 0.4130188822746277 -0.051272641867399216 0.1276547610759735 -0.002145069185644388 -0.21524307131767273 -0.0787796899676323 0.9733753800392151
38.5 0.41852524876594543 -0.05263302102684975 0.12867671251296997 -0.0018212939612567425 -0.2179303914308548 -0.07971564680337906 0.9727016687393188
38.53333282470703 0.42523136734962463 -0.05297597870230675 0.1319587230682373 -0.0019863154739141464 -0.2176874279975891 -0.07928590476512909 0.9727908968925476
38.56666564941406 0.4465848505496979 -0.05344003066420555 0.13881246745586395 -0.0008803763776086271 -0.21681083738803864 -0.07882745563983917 0.9730255007743835
38.599998474121094 0.45166638493537903 -0.052734050899744034 0.14206497371196747 -0.0001239181001437828 -0.21684351563453674 -0.07915149629116058 0.9729923009872437
38.63333511352539 0.457631915807724 -0.05396328121423721 0.14418303966522217 -0.0004382490005809814 -0.21739108860492706 -0.07899405062198639 0.9728827476501465
38.66666793823242 0.46333518624305725 -0.055074721574783325 0.1447676122188568 -0.0006158271571621299 -0.21657712757587433 -0.07889854162931442 0.9730719327926636
38.70000076293945 0.465390145778656 -0.05425972864031792 0.1444040685892105 -0.00035390257835388184 -0.21558088064193726 -0.078730508685112 0.9733068943023682
38.733333587646484 0.46925219893455505 -0.05456943437457085 0.14689308404922485 -0.00017565704183652997 -0.21615882217884064 -0.07906711846590042 0.9731513857841492
38.766666412353516 0.47360309958457947 -0.05445088818669319 0.14567704498767853 -4.1697774577187374e-05 -0.21602453291416168 -0.07917211204767227 0.9731727838516235
38.79999923706055 0.47592678666114807 -0.05368707701563835 0.14700312912464142 0.00046838237904012203 -0.215488001704216 -0.0789748877286911 0.9733076691627502
38.83333206176758 0.4789850115776062 -0.054051388055086136 0.14745904505252838 0.0002525978197809309 -0.21491992473602295 -0.0787658616900444 0.973450243473053
38.86666488647461 0.4840620458126068 -0.054118525236845016 0.14881965517997742 0.0003923173062503338 -0.21568024158477783 -0.07892057299613953 0.973269522190094
38.900001525878906 0.4859175980091095 -0.05491896718740463 0.15008755028247833 0.00043404451571404934 -0.2150355875492096 -0.07833826541900635 0.9734591841697693
38.93333435058594 0.4877338409423828 -0.05456077307462692 0.1496671438217163 0.0005941277486272156 -0.21277308464050293 -0.07746414095163345 0.9740260243415833
38.96666717529297 0.49127259850502014 -0.055054906755685806 0.15080414712429047 0.00045855622738599777 -0.21281267702579498 -0.07693125307559967 0.9740595817565918
39.0 0.49792248010635376 -0.054610274732112885 0.15187719464302063 0.0008673203410580754 -0.214617058634758 -0.07740514725446701 0.9736257791519165
39.03333282470703 0.49971216917037964 -0.05430683493614197 0.15242691338062286 0.0009625600650906563 -0.21451623737812042 -0.07689405977725983 0.9736884236335754
39.06666564941406 0.5032606720924377 -0.05546898767352104 0.1529063582420349 0.0006567981909029186 -0.21530908346176147 -0.0771804228425026 0.9734910130500793
39.099998474121094 0.5016710758209229 -0.055614717304706573 0.1534704566001892 0.00046867018681950867 -0.21549314260482788 -0.07761936634778976 0.9734154939651489
39.13333511352539 0.5000638961791992 -0.05521726980805397 0.1536823958158493 0.00027067141490988433 -0.2149251401424408 -0.07768337428569794 0.9735360145568848
39.16666793823242 0.5018468499183655 -0.05540216714143753 0.15398548543453217 0.00033412291668355465 -0.21529097855091095 -0.07750057429075241 0.9734697341918945
39.20000076293945 0.502338171005249 -0.054823119193315506 0.15372775495052338 0.0004328557406552136 -0.21500451862812042 -0.07790838927030563 0.9735005497932434
39.233333587646484 0.5034031867980957 -0.054833538830280304 0.15508480370044708 0.0001819461613195017 -0.21583586931228638 -0.07817460596561432 0.9732952117919922
39.266666412353516 0.5021113157272339 -0.05497545748949051 0.1540175974369049 -0.0005594700342044234 -0.21496795117855072 -0.07813268899917603 0.9734904766082764
39.29999923706055 0.5004348158836365 -0.05540943890810013 0.15346236526966095 -0.000868814589921385 -0.2158857136964798 -0.07882349193096161 0.9732314348220825
39.33333206176758 0.4998234212398529 -0.05557661131024361 0.15350715816020966 0.0005478101084008813 -0.21816550195217133 -0.07989862561225891 0.9726355075836182
39.36666488647461 0.5019176602363586 -0.05739845335483551 0.15509498119354248 -0.00036225205985829234 -0.22101788222789764 -0.08121203631162643 0.9718825817108154
39.400001525878906 0.4991806149482727 -0.0594235397875309 0.15683932602405548 -0.0012506021885201335 -0.22391708195209503 -0.08306482434272766 0.9710611701011658
39.43333435058594 0.4989571273326874 -0.06041837856173515 0.16282720863819122 -0.0012292175088077784 -0.22652679681777954 -0.08368100225925446 0.9704027771949768
39.46666717529297 0.496886283159256 -0.06270071864128113 0.16701973974704742 -0.0018658229382708669 -0.22422020137310028 -0.082676962018013 0.9710233807563782
39.5 0.4901095926761627 -0.06263594329357147 0.16812098026275635 -0.0017823621165007353 -0.21908946335315704 -0.08079878240823746 0.9723519086837769
39.53333282470703 0.4880269169807434 -0.06525686383247375 0.1714123636484146 -0.0022964002564549446 -0.21521620452404022 -0.07937122881412506 0.9733328819274902
39.56666564941406 0.49077141284942627 -0.06925380975008011 0.17914295196533203 -0.0028340788558125496 -0.21316832304000854 -0.07907664775848389 0.9738059639930725
39.599998474121094 0.48765963315963745 -0.06946990638971329 0.18445521593093872 -0.0023765049409121275 -0.21264450252056122 -0.07872197777032852 0.9739504456520081
39.63333511352539 0.4870067238807678 -0.06964733451604843 0.18897446990013123 -0.0007489704294130206 -0.21398773789405823 -0.07875140756368637 0.973656415939331
39.66666793823242 0.4854026734828949 -0.07199986279010773 0.1935022920370102 -0.0007392725674435496 -0.21281585097312927 -0.07813440263271332 0.9739629626274109
39.70000076293945 0.4839937388896942 -0.07635503262281418 0.2013196051120758 -0.002306571928784251 -0.21105389297008514 -0.07814913988113403 0.9743427634239197
39.733333587646484 0.4809063673019409 -0.07885663956403732 0.20656664669513702 -0.0027297085616737604 -0.20982107520103455 -0.07816576957702637 0.974606454372406
39.766666412353516 0.47715315222740173 -0.07991527765989304 0.21165376901626587 -0.002417070558294654 -0.20925672352313995 -0.0778922289609909 0.9747505784034729
39.79999923706055 0.4759949743747711 -0.08182384073734283 0.21814650297164917 -0.0021544129122048616 -0.2086668759584427 -0.07757000625133514 0.9749033451080322
39.83333206176758 0.4717508554458618 -0.08392507582902908 0.2221733182668686 -0.0020611360669136047 -0.20555098354816437 -0.07637341320514679 0.9756596684455872
39.86666488647461 0.47020435333251953 -0.08717432618141174 0.22964847087860107 -0.0027790928725153208 -0.20403912663459778 -0.07624252140522003 0.9759854078292847
39.900001525878906 0.4666408598423004 -0.08877193182706833 0.23651568591594696 -0.0029636293184012175 -0.20294713973999023 -0.07571880519390106 0.9762532711029053
39.93333435058594 0.46373873949050903 -0.09025886654853821 0.2415921837091446 -0.0026332028210163116 -0.2026897817850113 -0.07549676299095154 0.9763247966766357
39.96666717529297 0.4602106511592865 -0.0935375913977623 0.24614880979061127 -0.0028909891843795776 -0.20127145946025848 -0.07493241876363754 0.976660966873169
40.0 0.45612844824790955 -0.09503115713596344 0.25089529156684875 -0.002920574275776744 -0.19991835951805115 -0.07427863031625748 0.9769886136054993
40.03333282470703 0.45440027117729187 -0.09655989706516266 0.25769445300102234 -0.0032806769013404846 -0.19990070164203644 -0.07474319636821747 0.9769557118415833
40.06666564941406 0.4539105296134949 -0.09965170919895172 0.2646559774875641 -0.0033590723760426044 -0.20093277096748352 -0.07455287128686905 0.9767582416534424
40.099998474121094 0.45379647612571716 -0.10201479494571686 0.2704402208328247 -0.00282777426764369 -0.20082399249076843 -0.07408948987722397 0.9768175482749939
40.13333511352539 0.44958314299583435 -0.10433229804039001 0.2766111493110657 -0.0031571469735354185 -0.1992226392030716 -0.07361786812543869 0.977180004119873
40.16666793823242 0.4491414725780487 -0.10544808954000473 0.28369438648223877 -0.002708818530663848 -0.2009984254837036 -0.07394123822450638 0.9767932891845703
40.20000076293945 0.4497806429862976 -0.09984435886144638 0.29792559146881104 0.0007131501915864646 -0.20387089252471924 -0.07396841794252396 0.976199209690094
40.233333587646484 0.4486764371395111 -0.09499408304691315 0.30463162064552307 0.004416384734213352 -0.20504632592201233 -0.07292269170284271 0.976021945476532
40.266666412353516 0.44651561975479126 -0.09299007058143616 0.31157350540161133 0.006978336721658707 -0.20590946078300476 -0.07200226932764053 0.9758935570716858
40.29999923706055 0.43788695335388184 -0.10920324921607971 0.3165377974510193 0.001794398413039744 -0.2038634568452835 -0.073206327855587 0.976256787776947
40.33333206176758 0.43468528985977173 -0.11005884408950806 0.32239586114883423 1.471468863201153e-06 -0.20120009779930115 -0.07279489934444427 0.9768416285514832
40.36666488647461 0.4318538010120392 -0.11243831366300583 0.3262217044830322 -0.00019486923702061176 -0.1996728628873825 -0.07257073372602463 0.9771715998649597
40.400001525878906 0.42894113063812256 -0.11412651091814041 0.33141863346099854 -7.352808461291716e-05 -0.19965651631355286 -0.07271509617567062 0.9771641492843628
40.43333435058594 0.42698270082473755 -0.11619886755943298 0.33528319001197815 -0.0009499394800513983 -0.2005731761455536 -0.07343806326389313 0.9769219160079956
40.46666717529297 0.42589977383613586 -0.11777621507644653 0.34001243114471436 -0.0013539850478991866 -0.2015068680047989 -0.0738089308142662 0.9767013192176819
40.5 0.42477473616600037 -0.11961100995540619 0.3427439332008362 -0.0010280517162755132 -0.20217715203762054 -0.07385110855102539 0.9765599966049194
40.53333282470703 0.4225867986679077 -0.12152682989835739 0.34677204489707947 -0.0003744924033526331 -0.20242469012737274 -0.0738665983080864 0.9765080213546753
40.56666564941406 0.42000141739845276 -0.12265253067016602 0.3504078686237335 -0.0008557410328648984 -0.20200912654399872 -0.07406076788902283 0.9765790104866028
40.599998474121094 0.42038998007774353 -0.12408509850502014 0.3539748191833496 -0.0011885265121236444 -0.2034216821193695 -0.07443055510520935 0.97625732421875
40.63333511352539 0.4171626567840576 -0.12525257468223572 0.3582282066345215 -0.0003856247349176556 -0.20272038877010345 -0.07394474744796753 0.9764407277107239
40.66666793823242 0.41614237427711487 -0.12680993974208832 0.36132511496543884 -0.0005476985243149102 -0.20202434062957764 -0.07375896722078323 0.9765989780426025
40.70000076293945 0.41317102313041687 -0.12799997627735138 0.36474016308784485 -0.0011584250023588538 -0.20060135424137115 -0.0733162984251976 0.9769250750541687
40.733333587646484 0.4119126796722412 -0.12847557663917542 0.36815309524536133 -0.0011200063163414598 -0.2007858157157898 -0.07311954349279404 0.9769018888473511
40.766666412353516 0.41038504242897034 -0.1291574239730835 0.37120527029037476 -0.0002638784353621304 -0.20133483409881592 -0.07309482246637344 0.9767914414405823
40.79999923706055 0.41034096479415894 -0.13104002177715302 0.37289562821388245 -0.0008997583645395935 -0.20229797065258026 -0.07371824979782104 0.9765451550483704
40.83333206176758 0.40745529532432556 -0.13137584924697876 0.37594494223594666 -0.0008897350053302944 -0.20217660069465637 -0.07370161265134811 0.9765715003013611
40.86666488647461 0.4083724617958069 -0.1318664848804474 0.37593767046928406 -0.000596428697463125 -0.2026674598455429 -0.07385377585887909 0.9764585494995117
40.900001525878906 0.4055038094520569 -0.13284200429916382 0.38037583231925964 -0.0005830968730151653 -0.20055048167705536 -0.07278969883918762 0.9769753813743591
40.93333435058594 0.4053941071033478 -0.13392965495586395 0.3821435868740082 -0.001813118695281446 -0.19944582879543304 -0.07265809178352356 0.977209746837616
40.96666717529297 0.40415841341018677 -0.13461434841156006 0.3848355710506439 -0.0016803651815280318 -0.19855478405952454 -0.07237165421247482 0.9774127006530762
41.0 0.40515443682670593 -0.1348334401845932 0.38491541147232056 -0.0017174487002193928 -0.19889254868030548 -0.07223883271217346 0.9773538112640381
41.03333282470703 0.4051184356212616 -0.1345425248146057 0.3845020532608032 -0.0011055456707254052 -0.1989159882068634 -0.07196815311908722 0.9773699045181274
41.06666564941406 0.4055841267108917 -0.1342863291501999 0.38178810477256775 0.0003679094079416245 -0.19851988554000854 -0.07181540876626968 0.9774621725082397
41.099998474121094 0.40523773431777954 -0.1339876353740692 0.38064101338386536 0.001133034355007112 -0.19843265414237976 -0.072537362575531 0.9774259924888611
41.13333511352539 0.40529000759124756 -0.13441726565361023 0.3820531964302063 0.0003011992375832051 -0.1986227035522461 -0.07230697572231293 0.9774051308631897
41.16666793823242 0.40508782863616943 -0.1344749480485916 0.3822336792945862 0.00022321769210975617 -0.19866244494915009 -0.07191217690706253 0.9774261713027954
41.20000076293945 0.40513867139816284 -0.13398705422878265 0.38142165541648865 0.000493364583235234 -0.19849470257759094 -0.07248330861330032 0.9774179458618164
41.233333587646484 0.40381598472595215 -0.13396461308002472 0.3818478584289551 0.0010664894944056869 -0.197968527674675 -0.07214326411485672 0.9775493144989014
41.266666412353516 0.4053921699523926 -0.13405247032642365 0.3812639117240906 0.00024328764993697405 -0.1985064446926117 -0.07193910330533981 0.9774558544158936
41.29999923706055 0.4041478633880615 -0.13424822688102722 0.382170170545578 0.000511575082782656 -0.199690580368042 -0.0727916955947876 0.9771513342857361
41.33333206176758 0.40215981006622314 -0.13383984565734863 0.38180413842201233 0.0013090376742184162 -0.20431263744831085 -0.07470297068357468 0.9760502576828003
41.36666488647461 0.4030177593231201 -0.1333959847688675 0.379716157913208 0.0005826367996633053 -0.21100126206874847 -0.07696611434221268 0.9744507670402527
41.400001525878906 0.40322762727737427 -0.13430774211883545 0.38112181425094604 -9.381823474541306e-05 -0.22186893224716187 -0.08071426302194595 0.97173011302948
41.43333435058594 0.401854008436203 -0.13302746415138245 0.3780848979949951 0.00031775012030266225 -0.2316054254770279 -0.08444101363420486 0.9691380858421326
41.46666717529297 0.4016475975513458 -0.13264314830303192 0.3787519037723541 0.0005409145960584283 -0.24145998060703278 -0.08760388940572739 0.9664483666419983
41.5 0.40176478028297424 -0.13131852447986603 0.3759205639362335 0.0008048700401559472 -0.24978528916835785 -0.0908418744802475 0.9640303254127502
41.53333282470703 0.4003089666366577 -0.13709811866283417 0.381560355424881 -0.0010985209373757243 -0.25764361023902893 -0.09298890084028244 0.9617544412612915
41.56666564941406 0.39792269468307495 -0.1360524743795395 0.38132190704345703 -0.0007987899007275701 -0.26470130681991577 -0.09558743238449097 0.9595810174942017
41.599998474121094 0.39759373664855957 -0.13571588695049286 0.38020601868629456 -0.0008665499044582248 -0.27427610754966736 -0.09903647750616074 0.9565373063087463
41.63333511352539 0.39664795994758606 -0.1351788192987442 0.37776342034339905 -0.0009658541530370712 -0.28476670384407043 -0.10304882377386093 0.9530414342880249
41.66666793823242 0.39611026644706726 -0.13494041562080383 0.3762769401073456 -0.0013402389595285058 -0.2961692214012146 -0.10711527615785599 0.9491092562675476
41.70000076293945 0.3943668007850647 -0.1341981738805771 0.3776710033416748 -0.0005020027747377753 -0.3076811730861664 -0.11154487729072571 0.9449285268783569
41.733333587646484 0.3933515250682831 -0.13369926810264587 0.37624451518058777 -0.0006759542739018798 -0.319722056388855 -0.11598043143749237 0.9403861165046692
41.766666412353516 0.3930431306362152 -0.13348382711410522 0.37444889545440674 -0.0009741982794366777 -0.33043137192726135 -0.11976227909326553 0.9362004399299622
41.79999923706055 0.39282330870628357 -0.13298240303993225 0.37345457077026367 -0.0011269388487562537 -0.3400782346725464 -0.12330147624015808 0.9322779774665833
41.83333206176758 0.39332523941993713 -0.13328631222248077 0.37292203307151794 -0.0012582957278937101 -0.34896621108055115 -0.12649333477020264 0.9285582304000854
41.86666488647461 0.39124050736427307 -0.13234741985797882 0.3701491951942444 -0.0009399516857229173 -0.3555864095687866 -0.1293044090270996 0.9256553053855896
41.900001525878906 0.39126765727996826 -0.13184989988803864 0.3695332407951355 -0.0011197198182344437 -0.36279940605163574 -0.13164156675338745 0.9225215315818787
41.93333435058594 0.3914242386817932 -0.13219113647937775 0.36819618940353394 -0.0011903810082003474 -0.3681754767894745 -0.13364620506763458 0.9201000928878784
41.96666717529297 0.3915642201900482 -0.13178476691246033 0.3680346608161926 -0.0012068218784406781 -0.37287935614585876 -0.13526855409145355 0.9179662466049194
42.0 0.3918188512325287 -0.1314772069454193 0.3675302565097809 -0.0013830721145495772 -0.37964513897895813 -0.13777127861976624 0.9148151278495789
42.03333282470703 0.3915427625179291 -0.1318330615758896 0.36649397015571594 -0.0018753446638584137 -0.3890804648399353 -0.1409643143415451 0.9103526473045349
42.06666564941406 0.39102792739868164 -0.1313285529613495 0.3650096356868744 -0.001955046784132719 -0.3958231508731842 -0.14337056875228882 0.9070639610290527
42.099998474121094 0.39168745279312134 -0.13149745762348175 0.36408132314682007 -0.0021541998721659184 -0.4003145694732666 -0.14498747885227203 0.9048327207565308
42.13333511352539 0.39180684089660645 -0.13110500574111938 0.3639587461948395 -0.0018887087935581803 -0.40287452936172485 -0.1459442377090454 0.9035423994064331
42.16666793823242 0.3917936086654663 -0.1311064511537552 0.3641089200973511 -0.0018966428469866514 -0.40296927094459534 -0.14599263668060303 0.9034923911094666
42.20000076293945 0.39161059260368347 -0.13106781244277954 0.36360520124435425 -0.001935992855578661 -0.4027307331562042 -0.14616888761520386 0.9035701155662537
42.233333587646484 0.3916034996509552 -0.13113118708133698 0.3635830879211426 -0.0018620677292346954 -0.4027712643146515 -0.14602376520633698 0.903575599193573
42.266666412353516 0.39166224002838135 -0.131128191947937 0.36394622921943665 -0.0020223050378262997 -0.4028683006763458 -0.14597618579864502 0.903539776802063
42.29999923706055 0.39154890179634094 -0.13111360371112823 0.36375343799591064 -0.0019403047626838088 -0.40275976061820984 -0.14607784152030945 0.9035717844963074
42.33333206176758 0.391463041305542 -0.1310441792011261 0.36347877979278564 -0.0019081332720816135 -0.402629017829895 -0.14612963795661926 0.9036218523979187
42.36666488647461 0.3914951980113983 -0.13113068044185638 0.363449364900589 -0.0020010145381093025 -0.40258172154426575 -0.1462145447731018 0.903628945350647
42.400001525878906 0.3916195034980774 -0.13128115236759186 0.36365842819213867 -0.001822013407945633 -0.4028341472148895 -0.14603184163570404 0.9035463333129883
42.43333435058594 0.39155933260917664 -0.13104863464832306 0.36359938979148865 -0.002014505909755826 -0.4026523232460022 -0.1462113857269287 0.9035979509353638
42.46666717529297 0.3916473686695099 -0.13119155168533325 0.36373358964920044 -0.0017062618862837553 -0.4028323292732239 -0.1463443636894226 0.9034968018531799
42.5 0.3916705250740051 -0.13108471035957336 0.36398348212242126 -0.0018762398976832628 -0.4027416706085205 -0.14616884291172028 0.9035652875900269
42.53333282470703 0.3918428122997284 -0.13102731108665466 0.36510950326919556 -0.0024078465066850185 -0.4027755558490753 -0.14602871239185333 0.903571605682373
42.56666564941406 0.3912133574485779 -0.13109144568443298 0.3649004101753235 -0.0019708280451595783 -0.3992212116718292 -0.14501728117465973 0.9053113460540771
42.599998474121094 0.39118510484695435 -0.13123905658721924 0.3650323450565338 -0.0010155796771869063 -0.3978310525417328 -0.1451149433851242 0.90590900182724
42.63333511352539 0.3909572660923004 -0.131258025765419 0.36533495783805847 -0.0021822843700647354 -0.39748451113700867 -0.1449146270751953 0.9060911536216736
42.66666793823242 0.39124229550361633 -0.13134604692459106 0.3656715154647827 -0.0018656759057193995 -0.39759668707847595 -0.14408180117607117 0.9061753749847412
42.70000076293945 0.39118584990501404 -0.1313503384590149 0.36503854393959045 -0.0013191859470680356 -0.39757010340690613 -0.14461350440979004 0.9061033725738525
42.733333587646484 0.39110153913497925 -0.13116127252578735 0.36533915996551514 -0.001800772501155734 -0.39753660559654236 -0.1450628787279129 0.9060453772544861
42.766666412353516 0.3913329243659973 -0.13127069175243378 0.3659231662750244 -0.0018596852896735072 -0.39770835638046265 -0.14428195357322693 0.9060945510864258
42.79999923706055 0.39136165380477905 -0.13142789900302887 0.3653607666492462 -0.00135927670635283 -0.39769962430000305 -0.1443384438753128 0.9060901999473572
42.83333206176758 0.39103439450263977 -0.1310565024614334 0.3652436435222626 -0.0016934032319113612 -0.39752063155174255 -0.14493165910243988 0.9060736298561096
42.86666488647461 0.3911314904689789 -0.13129772245883942 0.3651583194732666 -0.0018899311544373631 -0.39745160937309265 -0.14457733929157257 0.9061599969863892
42.900001525878906 0.3912701904773712 -0.13139529526233673 0.36517107486724854 -0.0013162653194740415 -0.39755764603614807 -0.14433428645133972 0.9061533212661743
42.93333435058594 0.3911028206348419 -0.13103842735290527 0.36535513401031494 -0.0016035817097872496 -0.39750054478645325 -0.14480377733707428 0.9061029553413391
42.96666717529297 0.39097678661346436 -0.131316140294075 0.3650493323802948 -0.0017970171757042408 -0.3973885476589203 -0.14470677077770233 0.906167209148407
43.0 0.3911215662956238 -0.1313033401966095 0.36517593264579773 -0.0013512391597032547 -0.3975072205066681 -0.14432641863822937 0.9061766266822815
43.03333282470703 0.39146676659584045 -0.13123317062854767 0.36546576023101807 -0.0018174831056967378 -0.3975704610347748 -0.14468415081501007 0.9060909748077393
43.06666564941406 0.3913143575191498 -0.13134540617465973 0.36548861861228943 -0.0016577182104811072 -0.3976057469844818 -0.14469075202941895 0.9060748815536499
43.099998474121094 0.3912952244281769 -0.13134150207042694 0.36554262042045593 -0.0014302482595667243 -0.3976091742515564 -0.14441968500614166 0.9061169028282166
43.13333511352539 0.39123407006263733 -0.13115762174129486 0.36556634306907654 -0.0017449810402467847 -0.39752838015556335 -0.14463022351264954 0.9061182141304016
43.16666793823242 0.3912726938724518 -0.13134631514549255 0.36551856994628906 -0.0015424289740622044 -0.39762505888938904 -0.14464353024959564 0.9060739874839783
43.20000076293945 0.3911043405532837 -0.13132964074611664 0.36533209681510925 -0.0015827100723981857 -0.39750584959983826 -0.1443750560283661 0.9061691761016846
43.233333587646484 0.3910166323184967 -0.13109807670116425 0.36535942554473877 -0.0016484757652506232 -0.39739927649497986 -0.14468751847743988 0.9061658978462219
43.266666412353516 0.391074538230896 -0.13142512738704681 0.3650369644165039 -0.0016200687969103456 -0.39746373891830444 -0.14465463161468506 0.9061428904533386
43.29999923706055 0.39114081859588623 -0.1314207911491394 0.36523866653442383 -0.001740264124237001 -0.39749738574028015 -0.14442966878414154 0.9061638116836548
43.33333206176758 0.3912360668182373 -0.131153866648674 0.36538779735565186 -0.001657247543334961 -0.3975682854652405 -0.14462056756019592 0.9061024188995361
43.36666488647461 0.39139702916145325 -0.13137933611869812 0.3653503358364105 -0.0015666857361793518 -0.39762282371520996 -0.1446145474910736 0.9060795903205872
43.400001525878906 0.3914251923561096 -0.13130880892276764 0.3656131625175476 -0.001671678270213306 -0.39759066700935364 -0.14448463916778564 0.9061142206192017
43.43333435058594 0.3912184536457062 -0.13116256892681122 0.365442156791687 -0.0015458827838301659 -0.397555410861969 -0.14464622735977173 0.9061042070388794
43.46666717529297 0.3910789489746094 -0.13143517076969147 0.3652503788471222 -0.0017074787756428123 -0.39752498269081116 -0.1445792317390442 0.9061279296875
43.5 0.39134424924850464 -0.1312681883573532 0.36551716923713684 -0.0016718620900064707 -0.3975900709629059 -0.14452123641967773 0.9061086773872375
43.53333282470703 0.39120161533355713 -0.13140319287776947 0.36519935727119446 -0.0016928858822211623 -0.39752957224845886 -0.1445831060409546 0.9061253666877747
43.56666564941406 0.3912501931190491 -0.13137610256671906 0.3652653098106384 -0.0016787111526355147 -0.3975057005882263 -0.14460983872413635 0.9061315059661865
43.599998474121094 0.3911018669605255 -0.13123862445354462 0.3653145134449005 -0.0016783081227913499 -0.3974960148334503 -0.14446322619915009 0.9061591625213623
43.63333511352539 0.3912471532821655 -0.13131138682365417 0.365412175655365 -0.0015527494251728058 -0.3975426256656647 -0.14466586709022522 0.9061066508293152
43.66666793823242 0.3914874196052551 -0.13138006627559662 0.3656085729598999 -0.001711919903755188 -0.3976862132549286 -0.14456403255462646 0.9060596823692322
43.70000076293945 0.39120087027549744 -0.13129615783691406 0.36524197459220886 -0.0016376827843487263 -0.39749783277511597 -0.14455801248550415 0.9061433672904968
43.733333587646484 0.3914804756641388 -0.13138966262340546 0.36549079418182373 -0.001657596556469798 -0.39765679836273193 -0.14464908838272095 0.9060590267181396
43.766666412353516 0.391407310962677 -0.13136029243469238 0.3654518127441406 -0.0017246599309146404 -0.39761069416999817 -0.1445697695016861 0.9060918092727661
43.79999923706055 0.3910917341709137 -0.13128843903541565 0.3651575744152069 -0.0015851662028580904 -0.39739203453063965 -0.14457689225673676 0.9061868786811829
43.83333206176758 0.3911646008491516 -0.13140392303466797 0.36534154415130615 -0.0017037814250215888 -0.39752617478370667 -0.1445664018392563 0.9061294198036194
43.86666488647461 0.3908674716949463 -0.1313304454088211 0.36515194177627563 -0.001697654603049159 -0.39737606048583984 -0.14455917477607727 0.9061964154243469
43.900001525878906 0.39106911420822144 -0.1312480866909027 0.3654455840587616 -0.0015583171043545008 -0.3975357413291931 -0.14455555379390717 0.9061272740364075
43.93333435058594 0.39122462272644043 -0.13133792579174042 0.36541497707366943 -0.0016776479315012693 -0.3975486755371094 -0.14463572204113007 0.906108558177948
43.96666717529297 0.39135435223579407 -0.13146473467350006 0.36546799540519714 -0.0017095450311899185 -0.3975789546966553 -0.14458724856376648 0.9061029553413391
44.0 0.39127692580223083 -0.1313006430864334 0.3656597435474396 -0.0015819431282579899 -0.3976042866706848 -0.144595667719841 0.9060907363891602
44.03333282470703 0.39132019877433777 -0.13119368255138397 0.36571502685546875 -0.001601832453161478 -0.3976899981498718 -0.14456510543823242 0.9060580730438232
44.06666564941406 0.3913820683956146 -0.13125251233577728 0.3657032549381256 -0.0015454643871635199 -0.39764970541000366 -0.14455942809581757 0.9060766696929932
44.099998474121094 0.39099621772766113 -0.13121432065963745 0.3652608394622803 -0.0015740140806883574 -0.397431343793869 -0.14459483325481415 0.9061668515205383
44.13333511352539 0.391238808631897 -0.1312887966632843 0.36541157960891724 -0.0016254123765975237 -0.3975140154361725 -0.14461854100227356 0.9061265587806702
44.16666793823242 0.39123833179473877 -0.13155922293663025 0.3649752736091614 -0.0018208642723038793 -0.39744970202445984 -0.14457182586193085 0.9061618447303772
44.20000076293945 0.391172856092453 -0.13128817081451416 0.3654014468193054 -0.0016497434116899967 -0.39752182364463806 -0.14456437528133392 0.9061318039894104
44.233333587646484 0.3911588490009308 -0.13127562403678894 0.3651959002017975 -0.0016288383631035686 -0.3974842429161072 -0.14463405311107635 0.906137228012085
44.266666412353516 0.39124795794487 -0.13111786544322968 0.3656215965747833 -0.001487481058575213 -0.39759185910224915 -0.1445450484752655 0.9061043858528137
44.29999923706055 0.391242116689682 -0.13133491575717926 0.36531755328178406 -0.001675944309681654 -0.3975159227848053 -0.14459174871444702 0.9061299562454224
44.33333206176758 0.3914003074169159 -0.13114874064922333 0.36554646492004395 -0.0014960934640839696 -0.3975978493690491 -0.14465172588825226 0.9060847163200378
44.36666488647461 0.3914530873298645 -0.131448894739151 0.36547577381134033 -0.0017050207825377584 -0.39762693643569946 -0.14456047117710114 0.9060862064361572
44.400001525878906 0.39118680357933044 -0.13120904564857483 0.3654831349849701 -0.0015967270592227578 -0.39757004380226135 -0.14459393918514252 0.9061059951782227
44.43333435058594 0.39113500714302063 -0.13120481371879578 0.3654673099517822 -0.0015612314455211163 -0.39756909012794495 -0.14454922080039978 0.9061136841773987
44.46666717529297 0.39100247621536255 -0.13130038976669312 0.36527639627456665 -0.0016451214905828238 -0.39746856689453125 -0.14455360174179077 0.9061569571495056
44.5 0.39122894406318665 -0.1312476545572281 0.36550942063331604 -0.0016079044435173273 -0.397523432970047 -0.1446266621351242 0.9061211943626404
44.53333282470703 0.3913668692111969 -0.13122908771038055 0.36569884419441223 -0.0015261053340509534 -0.397641658782959 -0.14458344876766205 0.9060764908790588
44.56666564941406 0.3913518786430359 -0.13147756457328796 0.36549344658851624 -0.0017411265289410949 -0.39761629700660706 -0.14454112946987152 0.9060938358306885
44.599998474121094 0.3912130296230316 -0.13139283657073975 0.3651689291000366 -0.0016893822466954589 -0.39747321605682373 -0.14459411799907684 0.9061482548713684
44.63333511352539 0.3914521336555481 -0.13123245537281036 0.3655993342399597 -0.0015540325548499823 -0.3976294696331024 -0.1445639431476593 0.9060847759246826
44.66666793823242 0.3912724554538727 -0.13149265944957733 0.3650873005390167 -0.0017643613973632455 -0.3974458575248718 -0.1445850133895874 0.9061615467071533
44.70000076293945 0.39142635464668274 -0.1315174400806427 0.36543911695480347 -0.0017416198970749974 -0.3976579010486603 -0.14451664686203003 0.9060795307159424
44.733333587646484 0.39127156138420105 -0.13139069080352783 0.36525943875312805 -0.0017009336734190583 -0.3975507318973541 -0.14458067715168 0.9061164855957031
44.766666412353516 0.3912576735019684 -0.13137449324131012 0.3652976453304291 -0.0016766644548624754 -0.39751651883125305 -0.14463625848293304 0.906122624874115
44.79999923706055 0.39132800698280334 -0.1312619298696518 0.36570295691490173 -0.0015973546542227268 -0.3977104723453522 -0.14452806115150452 0.9060549736022949
44.83333206176758 0.39146655797958374 -0.13138625025749207 0.3655928075313568 -0.0016621409449726343 -0.39769384264945984 -0.1445704996585846 0.9060552716255188
44.86666488647461 0.39126965403556824 -0.13123922049999237 0.3655822277069092 -0.0015557875158265233 -0.39762094616889954 -0.14460130035877228 0.9060825705528259
44.900001525878906 0.3912440836429596 -0.13129904866218567 0.3653872609138489 -0.0016117279883474112 -0.3975624740123749 -0.14465336501598358 0.906099796295166
44.93333435058594 0.39101240038871765 -0.13117177784442902 0.36535805463790894 -0.0015490748919546604 -0.3974510431289673 -0.14460426568984985 0.9061566591262817
44.96666717529297 0.3911387622356415 -0.13130538165569305 0.3653288781642914 -0.0016374309780076146 -0.39749497175216675 -0.14465835690498352 0.9061285853385925
45.0 0.39121943712234497 -0.13117621839046478 0.3657461702823639 -0.0015094862319529057 -0.39760541915893555 -0.1446165144443512 0.9060870409011841
45.03333282470703 0.3910752236843109 -0.13122312724590302 0.36539265513420105 -0.001555009395815432 -0.3974778354167938 -0.1446341723203659 0.9061402082443237
45.06666564941406 0.3913131356239319 -0.13140258193016052 0.36554136872291565 -0.00169339997228235 -0.3975808918476105 -0.14453275501728058 0.9061108231544495
45.099998474121094 0.39111220836639404 -0.13121293485164642 0.3655036687850952 -0.0015893497038632631 -0.39753368496894836 -0.14456625282764435 0.9061264395713806
45.13333511352539 0.39121919870376587 -0.13120053708553314 0.3656357526779175 -0.0015383053105324507 -0.39758872985839844 -0.1445905566215515 0.906098484992981
45.16666793823242 0.39128240942955017 -0.13129287958145142 0.36552950739860535 -0.0016255048103630543 -0.39760109782218933 -0.14456237852573395 0.906097412109375
45.20000076293945 0.39137428998947144 -0.1313866823911667 0.3654361367225647 -0.0016602302202954888 -0.3975978195667267 -0.1445671021938324 0.9060980081558228
45.233333587646484 0.39126381278038025 -0.13128125667572021 0.36546266078948975 -0.0016206874279305339 -0.3975728750228882 -0.14459936320781708 0.9061038494110107
45.266666412353516 0.39129212498664856 -0.13146011531352997 0.36538657546043396 -0.0017404505051672459 -0.3975980281829834 -0.14454737305641174 0.9061009883880615
45.29999923706055 0.3913213312625885 -0.13118760287761688 0.3657503128051758 -0.001517372322268784 -0.39764949679374695 -0.1445469707250595 0.9060788154602051
45.33333206176758 0.39143428206443787 -0.1313355714082718 0.36568766832351685 -0.0016226499574258924 -0.39769038558006287 -0.14453214406967163 0.9060629606246948
45.36666488647461 0.3912193477153778 -0.13130870461463928 0.3653630316257477 -0.0016637500375509262 -0.39753249287605286 -0.144555926322937 0.9061284065246582
45.400001525878906 0.3909265100955963 -0.13111358880996704 0.3653108775615692 -0.0014925719005987048 -0.3973523676395416 -0.1446310430765152 0.9061957597732544
45.43333435058594 0.39121556282043457 -0.13124221563339233 0.36537399888038635 -0.0015817248495295644 -0.39753061532974243 -0.14457054436206818 0.9061270356178284
45.46666717529297 0.3913096785545349 -0.13129347562789917 0.3655202388763428 -0.0015937663847580552 -0.3975662589073181 -0.14455687999725342 0.9061135649681091
45.5 0.3914199471473694 -0.13128283619880676 0.36549389362335205 -0.001594900037162006 -0.39758235216140747 -0.1446102410554886 0.9060980081558228
45.53333282470703 0.39118561148643494 -0.13118372857570648 0.36552104353904724 -0.00156854756642133 -0.3975974917411804 -0.14451146125793457 0.9061072468757629
45.56666564941406 0.3911252021789551 -0.13135753571987152 0.36508452892303467 -0.0017048774752765894 -0.3974645733833313 -0.14458101987838745 0.906154215335846
45.599998474121094 0.3912334144115448 -0.13148269057273865 0.3653559386730194 -0.0017381710931658745 -0.3975193500518799 -0.14452429115772247 0.9061391949653625
45.63333511352539 0.39115849137306213 -0.13108928501605988 0.36566081643104553 -0.0014602203154936433 -0.39757922291755676 -0.14460039138793945 0.9061011672019958
45.66666793823242 0.3911758065223694 -0.13121505081653595 0.36558496952056885 -0.001537293428555131 -0.3975554406642914 -0.14450038969516754 0.9061274528503418
45.70000076293945 0.3911738991737366 -0.1313731074333191 0.36529311537742615 -0.0017008081777021289 -0.39749157428741455 -0.14454522728919983 0.9061479568481445
45.733333587646484 0.39118441939353943 -0.13127632439136505 0.3653782606124878 -0.0016124544199556112 -0.39751148223876953 -0.14458632469177246 0.9061329960823059
45.766666412353516 0.39118924736976624 -0.13132862746715546 0.36513519287109375 -0.0016643994022160769 -0.3974437713623047 -0.1445900946855545 0.9061619639396667
45.79999923706055 0.3915630578994751 -0.13133355975151062 0.36572107672691345 -0.0015626937383785844 -0.3977060317993164 -0.14466089010238647 0.9060357213020325
45.83333206176758 0.39139121770858765 -0.13132865726947784 0.36570268869400024 -0.00164508493617177 -0.3977360427379608 -0.1445348709821701 0.9060425162315369
45.86666488647461 0.39119595289230347 -0.13135291635990143 0.36538752913475037 -0.0016632325714454055 -0.3975633382797241 -0.14455483853816986 0.9061151742935181
45.900001525878906 0.3913537859916687 -0.13143180310726166 0.3655354678630829 -0.001736990176141262 -0.3976759910583496 -0.14447914063930511 0.9060775637626648
45.93333435058594 0.391335129737854 -0.13123999536037445 0.3656129539012909 -0.001596406102180481 -0.3976556658744812 -0.1445581465959549 0.9060741066932678
45.96666717529297 0.39164093136787415 -0.13152442872524261 0.3654063940048218 -0.0017152481013908982 -0.39763376116752625 -0.1446293145418167 0.9060721397399902
46.0 0.3912041187286377 -0.1312820464372635 0.36527156829833984 -0.0016322416486218572 -0.3975071609020233 -0.14461570978164673 0.9061301350593567
46.03333282470703 0.39140838384628296 -0.13129180669784546 0.36554837226867676 -0.0015565429348498583 -0.39757993817329407 -0.1446412056684494 0.9060941934585571
46.06666564941406 0.3912443518638611 -0.1314459592103958 0.3652685284614563 -0.001715322956442833 -0.39752617478370667 -0.1446089893579483 0.906122624874115
46.099998474121094 0.39108869433403015 -0.1313304603099823 0.3653688430786133 -0.0016733191441744566 -0.39753076434135437 -0.14454227685928345 0.906131386756897
46.13333511352539 0.3912256062030792 -0.1311691850423813 0.36540457606315613 -0.0015508246142417192 -0.3974890112876892 -0.1446220427751541 0.9061371088027954
46.16666793823242 0.3910556435585022 -0.1311948001384735 0.3654238283634186 -0.0015716460766270757 -0.39749619364738464 -0.1445826292037964 0.9061403274536133
46.20000076293945 0.39108818769454956 -0.13125096261501312 0.36535921692848206 -0.0015823467401787639 -0.3974759578704834 -0.14462396502494812 0.9061424732208252
46.233333587646484 0.39116165041923523 -0.13125844299793243 0.3654082119464874 -0.001602783682756126 -0.3975216746330261 -0.14452147483825684 0.9061387777328491
46.266666412353516 0.3912051022052765 -0.1314735859632492 0.36529234051704407 -0.0017506774747744203 -0.39752504229545593 -0.14452223479747772 0.9061369299888611
46.29999923706055 0.39119717478752136 -0.1312764436006546 0.3652839660644531 -0.0015744632109999657 -0.39745479822158813 -0.14467909932136536 0.9061431288719177
46.33333206176758 0.3913366496562958 -0.1314031034708023 0.3653842508792877 -0.001690087839961052 -0.3975827097892761 -0.14460358023643494 0.9060987234115601
46.36666488647461 0.39121758937835693 -0.13135842978954315 0.3655952513217926 -0.0016319737769663334 -0.3975639045238495 -0.14462614059448242 0.9061035513877869
46.400001525878906 0.39144185185432434 -0.13141784071922302 0.36549806594848633 -0.0016970383003354073 -0.3976306617259979 -0.14461387693881989 0.9060760140419006
46.43333435058594 0.39115291833877563 -0.13134613633155823 0.3654593527317047 -0.0016562524251639843 -0.397574245929718 -0.14456291496753693 0.9061089754104614
46.46666717529297 0.3915606737136841 -0.1313793957233429 0.36555013060569763 -0.001621949952095747 -0.39767295122146606 -0.14465045928955078 0.9060518741607666
46.5 0.3913203775882721 -0.1314619481563568 0.3653416037559509 -0.001716692466288805 -0.3975686728954315 -0.14456069469451904 0.9061117768287659
46.53333282470703 0.3912411332130432 -0.13124307990074158 0.3655204474925995 -0.0015933540416881442 -0.3975813090801239 -0.14460362493991852 0.9060994982719421
46.56666564941406 0.39138755202293396 -0.13143301010131836 0.36553165316581726 -0.0016973800957202911 -0.3976486325263977 -0.14457601308822632 0.9060742259025574
46.599998474121094 0.39139601588249207 -0.1313767433166504 0.36556315422058105 -0.0016385905910283327 -0.3976598083972931 -0.14455382525920868 0.9060729146003723
46.63333511352539 0.39100441336631775 -0.1312103122472763 0.3653734028339386 -0.0015805435832589865 -0.3974761962890625 -0.1446070373058319 0.9061450958251953
46.66666793823242 0.391041100025177 -0.13134834170341492 0.3652666509151459 -0.001700417953543365 -0.39751505851745605 -0.14453551173210144 0.9061392545700073
46.70000076293945 0.39112043380737305 -0.13146167993545532 0.36518749594688416 -0.0017548861214891076 -0.3974413573741913 -0.1445462852716446 0.9061697721481323
46.733333587646484 0.39129921793937683 -0.13140299916267395 0.3653210997581482 -0.0016469729598611593 -0.3975033760070801 -0.14457838237285614 0.9061376452445984
46.766666412353516 0.3914107382297516 -0.13149301707744598 0.3652000427246094 -0.0017040243837982416 -0.397504985332489 -0.14466449618339539 0.9061231017112732
46.79999923706055 0.3912608027458191 -0.13153699040412903 0.36521339416503906 -0.0017468100413680077 -0.3974813222885132 -0.14458493888378143 0.9061461091041565
46.83333206176758 0.3912000060081482 -0.13132615387439728 0.365281343460083 -0.001626498531550169 -0.39748793840408325 -0.14468476176261902 0.9061274528503418
46.86666488647461 0.39121347665786743 -0.13125452399253845 0.3653210699558258 -0.001602483564056456 -0.397512286901474 -0.14460791647434235 0.9061291813850403
46.900001525878906 0.3911933898925781 -0.13118822872638702 0.3655594289302826 -0.0015445089666172862 -0.39754295349121094 -0.14462152123451233 0.9061135649681091
46.93333435058594 0.3911859691143036 -0.13129688799381256 0.3653881549835205 -0.001641575712710619 -0.3975297808647156 -0.144602432847023 0.9061222672462463
46.96666717529297 0.3912474513053894 -0.1313396692276001 0.3653930723667145 -0.001653894898481667 -0.39755409955978394 -0.1445785015821457 0.9061154127120972
47.0 0.39131003618240356 -0.13136643171310425 0.36538931727409363 -0.0016789117362350225 -0.39756155014038086 -0.14460213482379913 0.9061082601547241
47.03333282470703 0.39105236530303955 -0.1311943680047989 0.3654799461364746 -0.0015697249909862876 -0.3975239098072052 -0.14457248151302338 0.906129777431488
47.06666564941406 0.39123427867889404 -0.13132525980472565 0.36550748348236084 -0.0016139964573085308 -0.39757081866264343 -0.14458250999450684 0.9061074256896973
47.099998474121094 0.39147183299064636 -0.13151562213897705 0.3655012845993042 -0.001744200591929257 -0.397664338350296 -0.1446073204278946 0.9060621857643127
47.13333511352539 0.39125290513038635 -0.13137714564800262 0.3655707538127899 -0.0016347606433555484 -0.3975784182548523 -0.1445644199848175 0.9061069488525391
47.16666793823242 0.3911682665348053 -0.13127478957176208 0.36547794938087463 -0.0015660199569538236 -0.3975014388561249 -0.14460979402065277 0.9061337113380432
47.20000076293945 0.3914715349674225 -0.1315440833568573 0.36549240350723267 -0.0017484419513493776 -0.39765670895576477 -0.14464925229549408 0.9060588479042053
47.233333587646484 0.3911281228065491 -0.1313982754945755 0.36516791582107544 -0.001740361680276692 -0.39747318625450134 -0.14455543458461761 0.9061543345451355
47.266666412353516 0.39112263917922974 -0.13128133118152618 0.36543676257133484 -0.0016161695821210742 -0.39752572774887085 -0.14453472197055817 0.906134843826294
47.29999923706055 0.39111438393592834 -0.131183922290802 0.3656078279018402 -0.0015295451739802957 -0.39753419160842896 -0.14461907744407654 0.906117856502533
47.33333206176758 0.39110350608825684 -0.13119104504585266 0.3654322326183319 -0.0015397825045511127 -0.3975130319595337 -0.1446419507265091 0.9061234593391418
47.36666488647461 0.39136946201324463 -0.13136957585811615 0.3655374050140381 -0.0016576234484091401 -0.39762595295906067 -0.14458319544792175 0.9060831069946289
47.400001525878906 0.3913009464740753 -0.13144147396087646 0.36547842621803284 -0.0017340852646157146 -0.3976445198059082 -0.14448201656341553 0.906091034412384
47.43333435058594 0.39143285155296326 -0.13145865499973297 0.3654285669326782 -0.0017029523150995374 -0.3976588845252991 -0.14452753961086273 0.90607750415802
47.46666717529297 0.3913198411464691 -0.13137248158454895 0.36536988615989685 -0.001668749377131462 -0.3975735902786255 -0.14459414780139923 0.9061043858528137
47.5 0.39140015840530396 -0.13123860955238342 0.36578428745269775 -0.0015340965474024415 -0.3976493179798126 -0.14461606740951538 0.9060677886009216
47.53333282470703 0.3910853862762451 -0.13137756288051605 0.3651130199432373 -0.001725715701468289 -0.3974517285823822 -0.1445048302412033 0.9061719179153442
47.56666564941406 0.3911636173725128 -0.13128672540187836 0.36546218395233154 -0.0016301108989864588 -0.3975221514701843 -0.14458423852920532 0.9061285853385925
47.599998474121094 0.39109617471694946 -0.1311974674463272 0.36537665128707886 -0.0015729236183688045 -0.39751136302948 -0.14450478553771973 0.9061460494995117
47.63333511352539 0.3912135362625122 -0.1313764601945877 0.36531367897987366 -0.0016794957919046283 -0.39753589034080505 -0.14458991587162018 0.906121551990509
47.66666793823242 0.39129936695098877 -0.13135051727294922 0.36538687348365784 -0.0016405998030677438 -0.39755359292030334 -0.1445586383342743 0.9061188101768494
47.70000076293945 0.39115583896636963 -0.1313910037279129 0.36530184745788574 -0.0016601835377514362 -0.397504985332489 -0.14454792439937592 0.9061418175697327
47.733333587646484 0.39132559299468994 -0.13136893510818481 0.3652629256248474 -0.0016644420102238655 -0.39752957224845886 -0.14464476704597473 0.9061155319213867
47.766666412353516 0.3912208378314972 -0.1313115507364273 0.36539021134376526 -0.0016380328452214599 -0.3975546658039093 -0.14450688660144806 0.9061265587806702
47.79999923706055 0.39136043190956116 -0.13135536015033722 0.3655513525009155 -0.0016571623273193836 -0.3976205289363861 -0.1445544809103012 0.9060901403427124
47.83333206176758 0.3912973701953888 -0.13135263323783875 0.36538201570510864 -0.0016778139397501945 -0.39757537841796875 -0.1446302831172943 0.9060978293418884
47.86666488647461 0.3912963271141052 -0.13133250176906586 0.3654777407646179 -0.0016077718464657664 -0.39757949113845825 -0.14459899067878723 0.9061010479927063
47.900001525878906 0.39115461707115173 -0.13153290748596191 0.36510831117630005 -0.0017907636938616633 -0.3974913954734802 -0.14456166326999664 0.9061452746391296
47.93333435058594 0.3911839425563812 -0.1314975768327713 0.36504119634628296 -0.001802655984647572 -0.3974711298942566 -0.14456240832805634 0.9061540365219116
47.96666717529297 0.3913465142250061 -0.13136672973632812 0.3655203580856323 -0.0016140533844009042 -0.3975670635700226 -0.1446443349123001 0.9060992002487183
48.0 0.39156612753868103 -0.13137036561965942 0.36574873328208923 -0.0015987865626811981 -0.39769598841667175 -0.1446819007396698 0.9060366749763489
48.03333282470703 0.3910064399242401 -0.13123288750648499 0.36537986993789673 -0.001579010859131813 -0.397491991519928 -0.14460448920726776 0.9061385989189148
48.06666564941406 0.39102548360824585 -0.13111889362335205 0.36543622612953186 -0.001522526261396706 -0.39745020866394043 -0.1445954144001007 0.906158447265625
48.099998474121094 0.39109158515930176 -0.13117347657680511 0.36543986201286316 -0.0015577737940475345 -0.3975147008895874 -0.14457859098911285 0.9061327576637268
48.13333511352539 0.39114144444465637 -0.13150829076766968 0.36508530378341675 -0.0017908832523971796 -0.39748790860176086 -0.1445179283618927 0.9061539173126221
48.16666793823242 0.3911918103694916 -0.13119859993457794 0.36558693647384644 -0.0015385088045150042 -0.39757341146469116 -0.14462150633335114 0.9061002731323242
48.20000076293945 0.39104482531547546 -0.1313450038433075 0.3652094006538391 -0.0016934967134147882 -0.397465318441391 -0.14456869661808014 0.9061557650566101
48.233333587646484 0.3909272849559784 -0.13128352165222168 0.3652796447277069 -0.0016213813796639442 -0.39741337299346924 -0.14455705881118774 0.9061806797981262
48.266666412353516 0.39118874073028564 -0.13126088678836823 0.3654003143310547 -0.0016090883873403072 -0.3975406587123871 -0.1445586085319519 0.9061245918273926
48.29999923706055 0.3915838301181793 -0.1315714716911316 0.36552920937538147 -0.0017589228227734566 -0.3976748287677765 -0.14458182454109192 0.9060616493225098
48.33333206176758 0.3912528157234192 -0.13118217885494232 0.36529070138931274 -0.0015618320321664214 -0.3975089490413666 -0.14464271068572998 0.9061250686645508
48.36666488647461 0.391059011220932 -0.13113375008106232 0.365294873714447 -0.0015241921646520495 -0.3974260687828064 -0.14467722177505493 0.9061560034751892
48.400001525878906 0.3912826180458069 -0.13125278055667877 0.3655223250389099 -0.0015635285526514053 -0.3975785970687866 -0.14459916949272156 0.9061014652252197
48.43333435058594 0.39129504561424255 -0.13142001628875732 0.3655223250389099 -0.0016863727942109108 -0.39759889245033264 -0.14458124339580536 0.9060952067375183
48.46666717529297 0.3911643326282501 -0.1314574033021927 0.36527323722839355 -0.0017240650486201048 -0.3975355625152588 -0.14453670382499695 0.9061300754547119
48.5 0.39114388823509216 -0.13122108578681946 0.3653070628643036 -0.0015510270604863763 -0.3974609673023224 -0.1446126103401184 0.9061509370803833
48.53333282470703 0.39123135805130005 -0.1313505321741104 0.3654176592826843 -0.0016689206240698695 -0.397607684135437 -0.14462576806545258 0.9060842394828796
48.56666564941406 0.39136946201324463 -0.13153815269470215 0.36530372500419617 -0.001767525216564536 -0.39755502343177795 -0.14459572732448578 0.9061119556427002
48.599998474121094 0.39131349325180054 -0.13147589564323425 0.3651558458805084 -0.0017468974692746997 -0.39748671650886536 -0.14469587802886963 0.906126081943512
48.63333511352539 0.39112719893455505 -0.13135358691215515 0.36524710059165955 -0.0016651281621307135 -0.39749062061309814 -0.14460912346839905 0.9061383605003357
48.66666793823242 0.3913004696369171 -0.13127753138542175 0.3655007779598236 -0.001581350457854569 -0.39757269620895386 -0.14457687735557556 0.9061076641082764
48.70000076293945 0.3912379741668701 -0.13132953643798828 0.36555466055870056 -0.0016167279100045562 -0.397563099861145 -0.14461053907871246 0.9061063528060913
48.733333587646484 0.3913699984550476 -0.1313789337873459 0.3654561936855316 -0.0016356027917936444 -0.3975892961025238 -0.14461949467658997 0.9060933589935303
48.766666412353516 0.39113810658454895 -0.13122010231018066 0.36549943685531616 -0.0015522683970630169 -0.39750799536705017 -0.14464157819747925 0.9061257839202881
48.79999923706055 0.3912707567214966 -0.13146710395812988 0.3653992712497711 -0.001717339619062841 -0.3975623548030853 -0.14457568526268005 0.9061120748519897
48.83333206176758 0.39133572578430176 -0.13133671879768372 0.36556193232536316 -0.0016075802268460393 -0.3975999653339386 -0.14465752243995667 0.906082808971405
48.86666488647461 0.39118078351020813 -0.1312471479177475 0.36562657356262207 -0.0015397421084344387 -0.3975510001182556 -0.1446841061115265 0.9061000347137451
48.900001525878906 0.39140787720680237 -0.1313442438840866 0.3656318485736847 -0.0016212646150961518 -0.39762619137763977 -0.1446177065372467 0.9060776233673096
48.93333435058594 0.3912034034729004 -0.13125190138816833 0.3655852973461151 -0.0015650213463231921 -0.3975543975830078 -0.1446279138326645 0.906107485294342
48.96666717529297 0.3913274109363556 -0.13122127950191498 0.36569440364837646 -0.0015387263847514987 -0.39763468503952026 -0.14457836747169495 0.9060801863670349
49.0 0.3915392756462097 -0.13152997195720673 0.36556771397590637 -0.0017192199593409896 -0.397683322429657 -0.144675612449646 0.9060430526733398
49.03333282470703 0.39141789078712463 -0.13128021359443665 0.3656478226184845 -0.0016006301157176495 -0.39768078923225403 -0.14458957314491272 0.906058132648468
49.06666564941406 0.3912239074707031 -0.13125577569007874 0.36557650566101074 -0.0015575659926980734 -0.3975830674171448 -0.14466789364814758 0.9060885310173035
49.099998474121094 0.3913174867630005 -0.13129760324954987 0.36571601033210754 -0.001542784390039742 -0.39765191078186035 -0.1446152627468109 0.9060667157173157
49.13333511352539 0.39124590158462524 -0.13127420842647552 0.36561572551727295 -0.001566436723805964 -0.39758577942848206 -0.14459443092346191 0.9060991406440735
49.16666793823242 0.39106807112693787 -0.13120520114898682 0.36533454060554504 -0.0015662150690332055 -0.3974614441394806 -0.14463156461715698 0.9061477184295654
49.20000076293945 0.3913124203681946 -0.13118720054626465 0.36579403281211853 -0.0015085081104189157 -0.39767521619796753 -0.14460985362529755 0.9060575366020203
49.233333587646484 0.39109817147254944 -0.13129277527332306 0.3654121458530426 -0.0016216557705774903 -0.3975379765033722 -0.14460688829421997 0.9061179757118225
49.266666412353516 0.39115288853645325 -0.13131195306777954 0.36538365483283997 -0.0016349335201084614 -0.39752840995788574 -0.14459878206253052 0.9061233997344971
49.29999923706055 0.39121899008750916 -0.13131767511367798 0.3653978109359741 -0.0016165808774530888 -0.3975464105606079 -0.14465409517288208 0.9061067700386047
49.33333206176758 0.3910149037837982 -0.13136351108551025 0.36515626311302185 -0.0016562766395509243 -0.397398978471756 -0.1446661502122879 0.9061694145202637
49.36666488647461 0.3911776840686798 -0.13135728240013123 0.3651878535747528 -0.0016532603185623884 -0.3974605202674866 -0.14465245604515076 0.9061446189880371
49.400001525878906 0.3912470042705536 -0.1313013881444931 0.36549949645996094 -0.001624352764338255 -0.39755529165267944 -0.14465615153312683 0.9061024785041809
49.43333435058594 0.39103278517723083 -0.13107962906360626 0.3656115233898163 -0.0014204554026946425 -0.3975262939929962 -0.14465110003948212 0.9061164855957031
49.46666717529297 0.3912501335144043 -0.1315145641565323 0.3653968572616577 -0.0017391772707924247 -0.3975847363471985 -0.1446269154548645 0.9060940742492676
49.5 0.391133576631546 -0.1313536912202835 0.3654322922229767 -0.001630755141377449 -0.3975343108177185 -0.14466612040996552 0.9061101078987122
49.53333282470703 0.39120715856552124 -0.13121172785758972 0.365627646446228 -0.0015073841204866767 -0.3975299894809723 -0.14462250471115112 0.906119167804718
49.56666564941406 0.3911066949367523 -0.13129770755767822 0.3654760420322418 -0.001620246097445488 -0.3975362479686737 -0.14461539685726166 0.9061174392700195
49.599998474121094 0.39110082387924194 -0.13135389983654022 0.36523696780204773 -0.0016774035757407546 -0.3974554240703583 -0.14462938904762268 0.9061504602432251
49.63333511352539 0.3911398947238922 -0.13121378421783447 0.3655500113964081 -0.001523563521914184 -0.397555410861969 -0.14466401934623718 0.906101405620575
49.66666793823242 0.3911988437175751 -0.131337508559227 0.36560487747192383 -0.0016228427411988378 -0.3976444602012634 -0.14452312886714935 0.9060845971107483
49.70000076293945 0.39121735095977783 -0.13133877515792847 0.3655349910259247 -0.0016132614109665155 -0.3975697159767151 -0.14463002979755402 0.906100332736969
49.733333587646484 0.3912962079048157 -0.13122443854808807 0.36546626687049866 -0.0015563435154035687 -0.39754608273506165 -0.14462721347808838 0.9061113595962524
49.766666412353516 0.39133310317993164 -0.13118711113929749 0.3657044470310211 -0.0015187907265499234 -0.39765408635139465 -0.1445753276348114 0.906072199344635
49.79999923706055 0.3912246525287628 -0.1313866823911667 0.3654085695743561 -0.001642344519495964 -0.39753106236457825 -0.14459116756916046 0.9061234593391418
49.83333206176758 0.3911491632461548 -0.13137461245059967 0.365220844745636 -0.0016872859559953213 -0.3974555432796478 -0.14461278915405273 0.90615314245224
49.86666488647461 0.3912662863731384 -0.13135561347007751 0.3655779957771301 -0.0016394619597122073 -0.39762619137763977 -0.1445768028497696 0.9060841202735901
49.900001525878906 0.3912457823753357 -0.13127532601356506 0.3653714060783386 -0.001614858629181981 -0.39751818776130676 -0.14460542798042297 0.906126856803894
49.93333435058594 0.3912436068058014 -0.1314058154821396 0.36537817120552063 -0.0017005190020427108 -0.3975718319416046 -0.144567608833313 0.9061092138290405
49.96666717529297 0.39135101437568665 -0.13158243894577026 0.3654091954231262 -0.0017651703674346209 -0.3976467549800873 -0.14460112154483795 0.90607088804245
50.0 0.39125266671180725 -0.13143602013587952 0.36534005403518677 -0.0016760273138061166 -0.39752480387687683 -0.14458556473255157 0.9061270356178284
50.03333282470703 0.39128050208091736 -0.13139499723911285 0.36554619669914246 -0.0016743307933211327 -0.39760446548461914 -0.14454981684684753 0.9060978293418884
50.06666564941406 0.3912006914615631 -0.13150054216384888 0.365327388048172 -0.001771393814124167 -0.3975924849510193 -0.14455856382846832 0.9061015248298645
50.099998474121094 0.39105474948883057 -0.13128721714019775 0.3652957081794739 -0.001629510661587119 -0.3974723219871521 -0.14464150369167328 0.9061412215232849
50.13333511352539 0.39124032855033875 -0.1314055323600769 0.3652377426624298 -0.0016853437991812825 -0.3975384533405304 -0.14461956918239594 0.906115710735321
50.16666793823242 0.391076922416687 -0.13129758834838867 0.3650882840156555 -0.0016269469633698463 -0.39738988876342773 -0.14465241134166718 0.9061756730079651
50.20000076293945 0.39121460914611816 -0.13134625554084778 0.3654322326183319 -0.0016735942335799336 -0.39753562211990356 -0.14456342160701752 0.9061257839202881
50.233333587646484 0.39109694957733154 -0.1313323974609375 0.36529600620269775 -0.0016572962049394846 -0.39749211072921753 -0.14463961124420166 0.9061327576637268
50.266666412353516 0.39137110114097595 -0.13131485879421234 0.36557668447494507 -0.0016109832795336843 -0.39763015508651733 -0.144597128033638 0.906079113483429
50.29999923706055 0.3913562595844269 -0.13142628967761993 0.36541926860809326 -0.0017087667947635055 -0.3976215422153473 -0.14457397162914276 0.9060863852500916
50.33333206176758 0.3910844326019287 -0.1313021332025528 0.3653656244277954 -0.00159913778770715 -0.39746031165122986 -0.1446414738893509 0.9061465263366699
50.36666488647461 0.39135462045669556 -0.13131611049175262 0.36539289355278015 -0.001626817393116653 -0.3975614011287689 -0.14458581805229187 0.9061110615730286
50.400001525878906 0.3915267288684845 -0.13157233595848083 0.36551326513290405 -0.0017703513149172068 -0.39769646525382996 -0.14455930888652802 0.906055748462677
50.43333435058594 0.3913762867450714 -0.13150560855865479 0.3653309941291809 -0.0017458624206483364 -0.397602915763855 -0.1446189135313034 0.9060872793197632
50.46666717529297 0.39140474796295166 -0.1313244104385376 0.36542341113090515 -0.0016050408594310284 -0.3975983262062073 -0.14464671909809113 0.906085193157196
50.5 0.391287237405777 -0.13134638965129852 0.3654564619064331 -0.0016179288504645228 -0.39755308628082275 -0.14464491605758667 0.9061052799224854
50.53333282470703 0.39137640595436096 -0.13141649961471558 0.3654097020626068 -0.0016420866595581174 -0.39756813645362854 -0.14460715651512146 0.9061046242713928
50.56666564941406 0.3914755880832672 -0.13122037053108215 0.3657808303833008 -0.0015218410408124328 -0.3977377116680145 -0.14456704258918762 0.9060368537902832
50.599998474121094 0.3914172947406769 -0.13134194910526276 0.3655441999435425 -0.0016461886698380113 -0.39763951301574707 -0.14458031952381134 0.9060776233673096
50.63333511352539 0.3913780152797699 -0.13131113350391388 0.36556190252304077 -0.0015870501520112157 -0.3975875973701477 -0.1446276307106018 0.9060929417610168
50.66666793823242 0.3913300335407257 -0.1312793791294098 0.3655231297016144 -0.0015773174818605185 -0.3975968062877655 -0.14461958408355713 0.9060901999473572
50.70000076293945 0.39130693674087524 -0.13145174086093903 0.36541759967803955 -0.0017318258760496974 -0.39758428931236267 -0.14457137882709503 0.9061031341552734
50.733333587646484 0.3912043273448944 -0.13133761286735535 0.365446537733078 -0.0016343964962288737 -0.3975374698638916 -0.14462228119373322 0.9061156511306763
50.766666412353516 0.3911955952644348 -0.1312732994556427 0.3654977083206177 -0.0015698745846748352 -0.397556871175766 -0.1446443498134613 0.9061038494110107
50.79999923706055 0.39117544889450073 -0.13135452568531036 0.3651837110519409 -0.0016689358744770288 -0.39747241139411926 -0.1445688158273697 0.9061527848243713
50.83333206176758 0.3911221921443939 -0.13104984164237976 0.3656046688556671 -0.0014439949300140142 -0.3975380063056946 -0.14454402029514313 0.9061283469200134
50.86666488647461 0.39131632447242737 -0.13138392567634583 0.36548006534576416 -0.0016602387186139822 -0.3976258337497711 -0.14458398520946503 0.9060829877853394
50.900001525878906 0.39127907156944275 -0.13133101165294647 0.3655124306678772 -0.001658117980696261 -0.39759209752082825 -0.1446123719215393 0.9060932993888855
50.93333435058594 0.39130961894989014 -0.1314021497964859 0.36557823419570923 -0.0016258654650300741 -0.3976287543773651 -0.1446688175201416 0.9060683250427246
50.96666717529297 0.3912668228149414 -0.13122649490833282 0.36559513211250305 -0.0015274801990017295 -0.3975740671157837 -0.14466413855552673 0.906093180179596
51.0 0.39104050397872925 -0.13123376667499542 0.3652641475200653 -0.0015659668715670705 -0.3974129259586334 -0.14469313621520996 0.9061591029167175
51.03333282470703 0.3911460340023041 -0.1312917321920395 0.36533719301223755 -0.0015906920889392495 -0.39746496081352234 -0.1446082890033722 0.9061498045921326
51.06666564941406 0.3910837471485138 -0.13123413920402527 0.3653298020362854 -0.0016116766491904855 -0.39746880531311035 -0.14461655914783478 0.906146764755249
51.099998474121094 0.391061931848526 -0.1313542127609253 0.3651118278503418 -0.001683306647464633 -0.39741411805152893 -0.14461258053779602 0.9061712026596069
51.13333511352539 0.39134126901626587 -0.1312999278306961 0.365523099899292 -0.0016025238437578082 -0.3976019322872162 -0.14456696808338165 0.9060963988304138
51.16666793823242 0.3914044499397278 -0.13133946061134338 0.36577701568603516 -0.0015789767494425178 -0.3976898789405823 -0.14460164308547974 0.9060521721839905
51.20000076293945 0.39133360981941223 -0.13133323192596436 0.36536306142807007 -0.0016160985687747598 -0.3975420594215393 -0.1446385383605957 0.9061111211776733
51.233333587646484 0.3912319839000702 -0.13142655789852142 0.3654336929321289 -0.0017026860732585192 -0.39755406975746155 -0.14466023445129395 0.9061022400856018
51.266666412353516 0.39129382371902466 -0.13137902319431305 0.3654281497001648 -0.001641429029405117 -0.397549569606781 -0.14464570581912994 0.90610671043396
51.29999923706055 0.3912375569343567 -0.13147838413715363 0.3652806878089905 -0.0017224031034857035 -0.39751601219177246 -0.1446993350982666 0.9061126708984375
51.33333206176758 0.39108845591545105 -0.1312108337879181 0.36541610956192017 -0.001582450931891799 -0.39750075340270996 -0.14462988078594208 0.9061306715011597
51.36666488647461 0.39129161834716797 -0.13136401772499084 0.3657028377056122 -0.0016404486959800124 -0.3976891338825226 -0.14459852874279022 0.9060529470443726
51.400001525878906 0.3913753032684326 -0.13141031563282013 0.3656175136566162 -0.0016643146518617868 -0.3976396918296814 -0.1445855349302292 0.9060766696929932
51.43333435058594 0.3914022147655487 -0.13148938119411469 0.36551177501678467 -0.0017246076604351401 -0.3976306915283203 -0.14462986588478088 0.9060733914375305
51.46666717529297 0.39154744148254395 -0.13147319853305817 0.36556699872016907 -0.0016867088852450252 -0.3977167308330536 -0.1446077823638916 0.9060393571853638
51.5 0.3914189338684082 -0.13136574625968933 0.36554473638534546 -0.0016505533130839467 -0.3976772427558899 -0.1446313112974167 0.9060530066490173
51.53333282470703 0.39095017313957214 -0.1312093883752823 0.3654167354106903 -0.0015713939210399985 -0.3974601626396179 -0.1446205973625183 0.9061499834060669
51.56666564941406 0.3911222815513611 -0.1311764419078827 0.36574822664260864 -0.0014919779496267438 -0.397602915763855 -0.1445872038602829 0.9060929417610168
51.599998474121094 0.3910408020019531 -0.13128477334976196 0.36540165543556213 -0.001636822009459138 -0.3974837064743042 -0.14461146295070648 0.9061411023139954
51.63333511352539 0.39126914739608765 -0.13127608597278595 0.36551862955093384 -0.0015792124904692173 -0.39753854274749756 -0.14463584125041962 0.9061132669448853
51.66666793823242 0.391062468290329 -0.13124267756938934 0.36552295088768005 -0.001557332230731845 -0.39753830432891846 -0.14464105665683746 0.9061124324798584
51.70000076293945 0.3912692368030548 -0.13144667446613312 0.36540430784225464 -0.0017212709644809365 -0.39757832884788513 -0.14462052285671234 0.9060978889465332
51.733333587646484 0.39132562279701233 -0.13135311007499695 0.36545419692993164 -0.0016555262263864279 -0.3975893259048462 -0.1445993334054947 0.9060965776443481
51.766666412353516 0.3912929892539978 -0.1313876360654831 0.3655482232570648 -0.0016718476545065641 -0.3976374566555023 -0.14457716047763824 0.9060789346694946
51.79999923706055 0.3913613259792328 -0.13156117498874664 0.36541759967803955 -0.0017618349520489573 -0.39760467410087585 -0.14461417496204376 0.906087338924408
51.83333206176758 0.39148664474487305 -0.131412535905838 0.3656115233898163 -0.0016714399680495262 -0.3976856768131256 -0.14460967481136322 0.9060525894165039
51.86666488647461 0.3910769820213318 -0.1312950998544693 0.3654176890850067 -0.0016414413694292307 -0.3975207507610321 -0.1445472091436386 0.906135082244873
51.900001525878906 0.3911362588405609 -0.13136975467205048 0.36530598998069763 -0.0016552701126784086 -0.3974946141242981 -0.1445973813533783 0.9061384201049805
51.93333435058594 0.3913067877292633 -0.13153956830501556 0.3652000427246094 -0.0018034159438684583 -0.3975774645805359 -0.14461317658424377 0.9060993790626526
51.96666717529297 0.3912760317325592 -0.13146109879016876 0.3654390275478363 -0.001715766149573028 -0.39757925271987915 -0.14457976818084717 0.9061040282249451
52.0 0.3910881280899048 -0.13131126761436462 0.3654056787490845 -0.0016021312912926078 -0.39749523997306824 -0.14461420476436615 0.9061355590820312
52.03333282470703 0.3913186490535736 -0.13140849769115448 0.36547407507896423 -0.00166358205024153 -0.3976095914840698 -0.14464913308620453 0.9060797691345215
52.06666564941406 0.3911544978618622 -0.13128745555877686 0.36539560556411743 -0.0015784887364134192 -0.3975187838077545 -0.1446167379617691 0.9061249494552612
52.099998474121094 0.39127281308174133 -0.13124330341815948 0.3656887114048004 -0.0015380933182314038 -0.3976128101348877 -0.14457480609416962 0.906090497970581
52.13333511352539 0.3911880552768707 -0.13130046427249908 0.36546680331230164 -0.001643411349505186 -0.3975464105606079 -0.1445985585451126 0.9061155915260315
52.16666793823242 0.3914889097213745 -0.13124871253967285 0.36568939685821533 -0.0015472990926355124 -0.39765724539756775 -0.14456605911254883 0.9060722589492798
52.20000076293945 0.3911921977996826 -0.13132907450199127 0.3652750253677368 -0.00165108114015311 -0.3975401520729065 -0.14464551210403442 0.9061107635498047
52.233333587646484 0.3912891149520874 -0.13144803047180176 0.36547571420669556 -0.0016639049863442779 -0.3975805938243866 -0.1446036547422409 0.9060996770858765
52.266666412353516 0.3915615975856781 -0.1314128339290619 0.36578214168548584 -0.0015932295937091112 -0.3977378308773041 -0.14464296400547028 0.9060245752334595
52.29999923706055 0.39152923226356506 -0.1314525008201599 0.3655661940574646 -0.001666973577812314 -0.39766719937324524 -0.14464254677295685 0.9060555100440979
52.33333206176758 0.39124277234077454 -0.13140475749969482 0.36542999744415283 -0.001660657930187881 -0.3975808024406433 -0.14460022747516632 0.9061002135276794
52.36666488647461 0.39133334159851074 -0.13142234086990356 0.36534059047698975 -0.001676341868005693 -0.39752358198165894 -0.14459510147571564 0.9061260223388672
52.400001525878906 0.39114096760749817 -0.13136017322540283 0.3652798533439636 -0.001669364864937961 -0.39749935269355774 -0.14459636807441711 0.9061365723609924
52.43333435058594 0.39124736189842224 -0.1314002275466919 0.3651964068412781 -0.0016948404954746366 -0.397478312253952 -0.1445699781179428 0.9061498641967773
52.46666717529297 0.39146098494529724 -0.13135938346385956 0.36564046144485474 -0.001636719680391252 -0.39771538972854614 -0.1445687711238861 0.9060461521148682
52.5 0.39140602946281433 -0.13137300312519073 0.365582138299942 -0.001672819023951888 -0.3976949155330658 -0.14457648992538452 0.9060539603233337
52.53333282470703 0.39121106266975403 -0.131211519241333 0.36570242047309875 -0.0015238283667713404 -0.3975851237773895 -0.14461657404899597 0.9060959815979004
52.56666564941406 0.3914363980293274 -0.1312444806098938 0.3657624125480652 -0.0015054938849061728 -0.3976396322250366 -0.14472457766532898 0.9060547351837158
52.599998474121094 0.3913031220436096 -0.13130950927734375 0.36547356843948364 -0.001621400355361402 -0.39752957224845886 -0.14465825259685516 0.9061135649681091
52.63333511352539 0.39125388860702515 -0.13134165108203888 0.3655063807964325 -0.001622369745746255 -0.3975418210029602 -0.14462074637413025 0.9061141014099121
52.66666793823242 0.3911523222923279 -0.13118962943553925 0.36551517248153687 -0.0015130849787965417 -0.39753273129463196 -0.1446317732334137 0.9061165452003479
52.70000076293945 0.3912438154220581 -0.13133788108825684 0.36535918712615967 -0.0016358321299776435 -0.39751410484313965 -0.14464668929576874 0.9061221480369568
52.733333587646484 0.39143040776252747 -0.13128164410591125 0.36582136154174805 -0.0015689247520640492 -0.39769402146339417 -0.14463664591312408 0.9060448408126831
52.766666412353516 0.3912416696548462 -0.1311863213777542 0.3656712770462036 -0.0015410580672323704 -0.3976176977157593 -0.1446159929037094 0.9060816764831543
52.79999923706055 0.39105334877967834 -0.13122135400772095 0.3654267191886902 -0.0015866203466430306 -0.3975112736225128 -0.14464044570922852 0.9061243534088135
52.83333206176758 0.3912065923213959 -0.1313149631023407 0.3652670681476593 -0.0016344435280188918 -0.39750850200653076 -0.14458997547626495 0.9061335325241089
52.86666488647461 0.39115098118782043 -0.13120964169502258 0.3652563989162445 -0.0015651937574148178 -0.3974687159061432 -0.14462314546108246 0.9061458706855774
52.900001525878906 0.3912891149520874 -0.1314200907945633 0.3652808666229248 -0.0016912040300667286 -0.3975272476673126 -0.14463569223880768 0.9061179757118225
52.93333435058594 0.391121506690979 -0.13131527602672577 0.365288108587265 -0.0016112503362819552 -0.397465318441391 -0.1446283608675003 0.9061464071273804
52.96666717529297 0.39106738567352295 -0.13130152225494385 0.3653927147388458 -0.0015912919770926237 -0.3974730968475342 -0.14467136561870575 0.9061362743377686
53.0 0.39132702350616455 -0.13132987916469574 0.3655036985874176 -0.0016123437089845538 -0.39760950207710266 -0.1445789635181427 0.9060911536216736
53.03333282470703 0.39123839139938354 -0.13129927217960358 0.3654378354549408 -0.0015816492959856987 -0.3975450098514557 -0.14462269842624664 0.9061124920845032
53.06666564941406 0.3911478519439697 -0.13124680519104004 0.3654285669326782 -0.0015847659669816494 -0.39751747250556946 -0.14460475742816925 0.906127393245697
53.099998474121094 0.3913680613040924 -0.1314309686422348 0.36533334851264954 -0.0016792865935713053 -0.39754214882850647 -0.14459821581840515 0.9061174988746643
53.13333511352539 0.3911425769329071 -0.13127757608890533 0.36529526114463806 -0.0016369844088330865 -0.39748871326446533 -0.14460010826587677 0.9061406254768372
53.16666793823242 0.39123964309692383 -0.13141267001628876 0.3653448522090912 -0.0016979880165308714 -0.3975260257720947 -0.1446809619665146 0.9061111807823181
53.20000076293945 0.39117637276649475 -0.13141867518424988 0.36538204550743103 -0.0017051963368430734 -0.39757704734802246 -0.14452822506427765 0.9061132669448853
53.233333587646484 0.3911888599395752 -0.13127224147319794 0.36561521887779236 -0.001571686239913106 -0.39760392904281616 -0.14457814395427704 0.9060937166213989
53.266666412353516 0.3911149501800537 -0.13121235370635986 0.36558184027671814 -0.001552510540932417 -0.3975766897201538 -0.14461274445056915 0.9061002731323242
53.29999923706055 0.39110028743743896 -0.13116970658302307 0.3655172884464264 -0.0014839223586022854 -0.3974875509738922 -0.14463520050048828 0.9061357975006104
53.33333206176758 0.39126208424568176 -0.13148368895053864 0.36540234088897705 -0.0016690893098711967 -0.39756280183792114 -0.1446848213672638 0.9060945510864258
53.36666488647461 0.3912374973297119 -0.13121967017650604 0.36565515398979187 -0.001503050560131669 -0.3975813388824463 -0.14472001791000366 0.9060810804367065
53.400001525878906 0.391236811876297 -0.13140004873275757 0.3653675615787506 -0.0016833628760650754 -0.39755117893218994 -0.14459554851055145 0.906113862991333
53.43333435058594 0.3910379111766815 -0.13112783432006836 0.36555224657058716 -0.0014836207265034318 -0.3975251615047455 -0.14461229741573334 0.9061229825019836
53.46666717529297 0.3910878896713257 -0.1312033087015152 0.36560970544815063 -0.0015272708842530847 -0.39755433797836304 -0.14457853138446808 0.9061154723167419
53.5 0.3912668824195862 -0.1313607543706894 0.36567533016204834 -0.001592460903339088 -0.39759403467178345 -0.14464245736598969 0.9060876965522766
53.53333282470703 0.39141780138015747 -0.13147921860218048 0.3654569089412689 -0.0016926880925893784 -0.3976167142391205 -0.14469081163406372 0.9060698747634888
53.56666564941406 0.39114126563072205 -0.1311638504266739 0.36552947759628296 -0.0014985086163505912 -0.39751583337783813 -0.14465589821338654 0.9061200618743896
53.599998474121094 0.3910669982433319 -0.13125750422477722 0.36543571949005127 -0.0015793786151334643 -0.3974783420562744 -0.14464998245239258 0.9061373472213745
53.63333511352539 0.391172856092453 -0.13127422332763672 0.36540648341178894 -0.0016046239761635661 -0.39754679799079895 -0.14460304379463196 0.9061147570610046
53.66666793823242 0.39107540249824524 -0.13129481673240662 0.36536604166030884 -0.0016126412665471435 -0.3974652588367462 -0.14465130865573883 0.9061427712440491
53.70000076293945 0.3914230465888977 -0.13145118951797485 0.3654848337173462 -0.0016608604928478599 -0.3976309299468994 -0.14466041326522827 0.9060686230659485
53.733333587646484 0.3913682997226715 -0.13136747479438782 0.3656385540962219 -0.0015994757413864136 -0.39763036370277405 -0.14460450410842896 0.9060778617858887
53.766666412353516 0.3914887309074402 -0.13141882419586182 0.3656345009803772 -0.0016323658637702465 -0.397676557302475 -0.14469310641288757 0.9060433506965637
53.79999923706055 0.3910939693450928 -0.13144685328006744 0.3652999699115753 -0.0017068128800019622 -0.39747846126556396 -0.14457730948925018 0.9061487317085266
53.83333206176758 0.3911746144294739 -0.13142919540405273 0.3653394877910614 -0.0016921065980568528 -0.3975060284137726 -0.14462333917617798 0.9061293005943298
53.86666488647461 0.3910364508628845 -0.1314113736152649 0.3652568757534027 -0.0016948721604421735 -0.39747023582458496 -0.14461775124073029 0.9061458110809326
53.900001525878906 0.39111360907554626 -0.13135474920272827 0.3652576804161072 -0.001653794082812965 -0.39749348163604736 -0.1446261703968048 0.906134307384491
53.93333435058594 0.3913532495498657 -0.13123272359371185 0.36562636494636536 -0.0015294987242668867 -0.3975938856601715 -0.14468234777450562 0.9060816168785095
53.96666717529297 0.39136430621147156 -0.13141702115535736 0.3655169606208801 -0.001681335037574172 -0.39761942625045776 -0.1446119248867035 0.9060813188552856
54.0 0.3911495804786682 -0.1313067525625229 0.3653021454811096 -0.0015867456095293164 -0.39743772149086 -0.14466571807861328 0.906152606010437
54.03333282470703 0.3911682069301605 -0.13122408092021942 0.3654545843601227 -0.0015489233192056417 -0.3975389301776886 -0.1446196734905243 0.9061156511306763
54.06666564941406 0.391448974609375 -0.13123533129692078 0.3656702935695648 -0.0015323840780183673 -0.3976498246192932 -0.14466243982315063 0.9060601592063904
54.099998474121094 0.39119279384613037 -0.1314946562051773 0.3653404712677002 -0.0017421599477529526 -0.3975507318973541 -0.14457961916923523 0.9061164855957031
54.13333511352539 0.39128002524375916 -0.13123495876789093 0.36542046070098877 -0.0015529757365584373 -0.3975523114204407 -0.14462241530418396 0.9061093330383301
54.16666793823242 0.39118492603302 -0.13134261965751648 0.3654104769229889 -0.0016191740287467837 -0.39755043387413025 -0.1446402668952942 0.9061072468757629
54.20000076293945 0.39121225476264954 -0.13135778903961182 0.3652530014514923 -0.0016433969140052795 -0.3974863588809967 -0.14463937282562256 0.9061353206634521
54.233333587646484 0.3911204934120178 -0.13131460547447205 0.36538001894950867 -0.0016037519089877605 -0.39747190475463867 -0.14467455446720123 0.906136155128479
54.266666412353516 0.3911498188972473 -0.1314314901828766 0.3650846481323242 -0.0017415143083781004 -0.39746204018592834 -0.14455391466617584 0.9061594605445862
54.29999923706055 0.3912830054759979 -0.13126014173030853 0.3655414581298828 -0.0015651502180844545 -0.39759600162506104 -0.14467494189739227 0.9060817956924438
54.33333206176758 0.39126086235046387 -0.13131195306777954 0.36548373103141785 -0.00157698686234653 -0.39754948019981384 -0.14468303322792053 0.9061009287834167
54.36666488647461 0.39120200276374817 -0.13119368255138397 0.36568015813827515 -0.0014944910071790218 -0.3975984752178192 -0.14460811018943787 0.9060915112495422
54.400001525878906 0.39122992753982544 -0.13124561309814453 0.36557939648628235 -0.0015489873476326466 -0.39755716919898987 -0.14465031027793884 0.9061028361320496
54.43333435058594 0.3911891579627991 -0.13124524056911469 0.3655261695384979 -0.001552921487018466 -0.3975253105163574 -0.1446264088153839 0.9061204791069031
54.46666717529297 0.39100953936576843 -0.1311715543270111 0.3654610812664032 -0.0015212098369374871 -0.3974635899066925 -0.14466586709022522 0.9061413407325745
54.5 0.3913835287094116 -0.13137230277061462 0.36551737785339355 -0.0015999889001250267 -0.3976043164730072 -0.14470048248767853 0.9060739874839783
54.53333282470703 0.39113786816596985 -0.1313745528459549 0.3653874695301056 -0.0016658412059769034 -0.39752304553985596 -0.14459235966205597 0.9061267375946045
54.56666564941406 0.39136287569999695 -0.13133667409420013 0.3656685948371887 -0.0015971283428370953 -0.3976344168186188 -0.1446126401424408 0.9060747623443604
54.599998474121094 0.3912310004234314 -0.1314157098531723 0.3655177354812622 -0.0016532191075384617 -0.39756277203559875 -0.14463767409324646 0.9061021208763123
54.63333511352539 0.3911336064338684 -0.13140256702899933 0.36530283093452454 -0.0016767284832894802 -0.3974987268447876 -0.14459353685379028 0.906137228012085
54.66666793823242 0.39115265011787415 -0.1312774419784546 0.3655358552932739 -0.0015931151574477553 -0.3975844383239746 -0.14459992945194244 0.9060988426208496
54.70000076293945 0.39124906063079834 -0.13128353655338287 0.36566194891929626 -0.0015347171574831009 -0.39759957790374756 -0.1446508765220642 0.9060840606689453
54.733333587646484 0.39133578538894653 -0.1313810795545578 0.36551982164382935 -0.0016394865233451128 -0.39759302139282227 -0.14458873867988586 0.9060966968536377
54.766666412353516 0.3911782205104828 -0.13133323192596436 0.36545509099960327 -0.001628826023079455 -0.39753252267837524 -0.14461787045001984 0.906118631362915
54.79999923706055 0.39134982228279114 -0.131342351436615 0.365465372800827 -0.0015995074063539505 -0.39757293462753296 -0.1446579396724701 0.906094491481781
54.83333206176758 0.3913527727127075 -0.13138502836227417 0.3655396103858948 -0.001639296649955213 -0.39760056138038635 -0.14461293816566467 0.9060894846916199
54.86666488647461 0.3910380005836487 -0.1311672180891037 0.3656083345413208 -0.0014979755505919456 -0.39755958318710327 -0.14458386600017548 0.9061123728752136
54.900001525878906 0.3912173807621002 -0.13129189610481262 0.3654521703720093 -0.0016401602188125253 -0.39759472012519836 -0.14458440244197845 0.9060965776443481
54.93333435058594 0.3912901282310486 -0.13136346638202667 0.36538076400756836 -0.0016563998069614172 -0.397541344165802 -0.14457279443740845 0.9061219096183777
54.96666717529297 0.39134177565574646 -0.1314561516046524 0.36555901169776917 -0.001669786055572331 -0.39766445755958557 -0.14466039836406708 0.9060537815093994
55.0 0.3909872770309448 -0.13122765719890594 0.3653651177883148 -0.001559799537062645 -0.39743560552597046 -0.14462533593177795 0.9061599969863892
55.03333282470703 0.39130720496177673 -0.13137871026992798 0.3654668927192688 -0.0016073216684162617 -0.39757218956947327 -0.14458519220352173 0.9061064124107361
55.06666564941406 0.39124786853790283 -0.1311343014240265 0.3657512962818146 -0.0014687645016238093 -0.397611528635025 -0.1446373462677002 0.9060810804367065
55.099998474121094 0.39119213819503784 -0.131326824426651 0.36536386609077454 -0.0016249973559752107 -0.39749228954315186 -0.1446656882762909 0.9061285853385925
55.13333511352539 0.3911083936691284 -0.13131998479366302 0.36531931161880493 -0.0016185113927349448 -0.3974369168281555 -0.144601970911026 0.9061631560325623
55.16666793823242 0.3910697400569916 -0.13116644322872162 0.3655598759651184 -0.001531415618956089 -0.39752858877182007 -0.14464768767356873 0.906115710735321
55.20000076293945 0.39127224683761597 -0.13128872215747833 0.3653872013092041 -0.0015975732821971178 -0.3975454866886139 -0.14463762938976288 0.9061098098754883
55.233333587646484 0.3913300633430481 -0.13143442571163177 0.3655932545661926 -0.0016653690254315734 -0.39762452244758606 -0.14466099441051483 0.9060713648796082
55.266666412353516 0.3912402391433716 -0.13136139512062073 0.36535462737083435 -0.0016824882477521896 -0.3975735604763031 -0.14460840821266174 0.9061020016670227
55.29999923706055 0.39118891954421997 -0.1313289999961853 0.36538317799568176 -0.0015956416027620435 -0.3975115716457367 -0.14463043212890625 0.9061258435249329
55.33333206176758 0.39128997921943665 -0.13131855428218842 0.3655470907688141 -0.0016381493769586086 -0.39762142300605774 -0.1446383148431778 0.9060763120651245
55.36666488647461 0.39119914174079895 -0.13127632439136505 0.3654278516769409 -0.0015856907702982426 -0.39755913615226746 -0.14458774030208588 0.9061117768287659
55.400001525878906 0.3913213014602661 -0.1313251405954361 0.36550188064575195 -0.0016395613783970475 -0.39761608839035034 -0.1446458399295807 0.90607750415802
55.43333435058594 0.3913024365901947 -0.13135868310928345 0.3656421899795532 -0.0016106779221445322 -0.3976234197616577 -0.1446627378463745 0.9060715436935425
55.46666717529297 0.39121028780937195 -0.13143755495548248 0.3654654622077942 -0.0016602750401943922 -0.3975740671157837 -0.14465706050395966 0.9060940742492676
55.5 0.39137253165245056 -0.13121125102043152 0.3656655251979828 -0.0015065725892782211 -0.3976655900478363 -0.14462415874004364 0.9060593843460083
55.53333282470703 0.39117056131362915 -0.13143083453178406 0.3652547001838684 -0.001699812593869865 -0.39750319719314575 -0.1446571797132492 0.906125009059906
55.56666564941406 0.39137083292007446 -0.13129760324954987 0.36547183990478516 -0.0015872251242399216 -0.39759135246276855 -0.1446204036474228 0.9060925245285034
55.599998474121094 0.3912278115749359 -0.13154932856559753 0.36522769927978516 -0.0018368962919339538 -0.39752471446990967 -0.14455735683441162 0.9061313271522522
55.63333511352539 0.39130184054374695 -0.13148948550224304 0.36557909846305847 -0.0017276069847866893 -0.39765021204948425 -0.14462020993232727 0.9060664176940918
55.66666793823242 0.3910793960094452 -0.13102884590625763 0.3655317425727844 -0.001420790795236826 -0.39744725823402405 -0.14470571279525757 0.9061423540115356
55.70000076293945 0.3911269009113312 -0.13120871782302856 0.3655414879322052 -0.0015564296627417207 -0.39750751852989197 -0.144649937748909 0.9061245322227478
55.733333587646484 0.39136943221092224 -0.1313336193561554 0.36576586961746216 -0.001555687515065074 -0.3976469933986664 -0.14461572468280792 0.9060688614845276
55.766666412353516 0.39122527837753296 -0.13142120838165283 0.3655485212802887 -0.001642597489990294 -0.3975881040096283 -0.14458423852920532 0.9060996174812317
55.79999923706055 0.39102935791015625 -0.13129903376102448 0.36528652906417847 -0.0016025297809392214 -0.3974766433238983 -0.14461079239845276 0.9061443209648132
55.83333206176758 0.39117884635925293 -0.1312066614627838 0.3656928837299347 -0.0015058720018714666 -0.3976138234138489 -0.1446373462677002 0.9060800671577454
55.86666488647461 0.3911171555519104 -0.13121294975280762 0.36548033356666565 -0.0015438057016581297 -0.39752528071403503 -0.14461998641490936 0.906121551990509
55.900001525878906 0.3910994231700897 -0.1313074827194214 0.36551332473754883 -0.001560832723043859 -0.39756450057029724 -0.14464889466762543 0.9060997366905212
55.93333435058594 0.3912314474582672 -0.13142098486423492 0.3655321002006531 -0.0016674892976880074 -0.39759984612464905 -0.1446002721786499 0.9060918688774109
55.96666717529297 0.39109504222869873 -0.13112857937812805 0.3655219078063965 -0.0014793109148740768 -0.3975466787815094 -0.14462433755397797 0.9061115980148315
56.0 0.39124172925949097 -0.13134078681468964 0.3654097616672516 -0.001635408727452159 -0.39758384227752686 -0.14463594555854797 0.906093180179596
56.03333282470703 0.39127129316329956 -0.13130463659763336 0.3656403422355652 -0.001590295578353107 -0.39762502908706665 -0.14459896087646484 0.9060810804367065
56.06666564941406 0.3910919427871704 -0.13122577965259552 0.36543095111846924 -0.0015241170767694712 -0.3974785804748535 -0.14466391503810883 0.9061350226402283
56.099998474121094 0.3913004398345947 -0.1314375102519989 0.36539822816848755 -0.0017379262717440724 -0.39761218428611755 -0.1445673406124115 0.9060915112495422
56.13333511352539 0.3913801610469818 -0.1313830018043518 0.3653218448162079 -0.0016334375832229853 -0.39753982424736023 -0.144639790058136 0.9061119556427002
56.16666793823242 0.3912213444709778 -0.1312469244003296 0.36526262760162354 -0.0015795910730957985 -0.39750295877456665 -0.14469245076179504 0.906119704246521
56.20000076293945 0.3911159038543701 -0.13139773905277252 0.36526137590408325 -0.0016956508625298738 -0.3974824547767639 -0.14464257657527924 0.9061364531517029
56.233333587646484 0.39096885919570923 -0.13129368424415588 0.3653288781642914 -0.0016099652275443077 -0.39743688702583313 -0.14462444186210632 0.906159520149231
56.266666412353516 0.3912583589553833 -0.1313292384147644 0.3655344545841217 -0.0016032496932893991 -0.39759549498558044 -0.1446562558412552 0.9060849547386169
56.29999923706055 0.39119651913642883 -0.1313430517911911 0.36551234126091003 -0.001658445573411882 -0.39761486649513245 -0.14456409215927124 0.9060910940170288
56.33333206176758 0.3909898102283478 -0.13132135570049286 0.3652791976928711 -0.001599012641236186 -0.39745184779167175 -0.1446479707956314 0.9061492085456848
56.36666488647461 0.39119231700897217 -0.1312975287437439 0.3652445077896118 -0.0016459660837426782 -0.3975013196468353 -0.14468351006507874 0.9061218500137329
56.400001525878906 0.3912023901939392 -0.1313437670469284 0.36547940969467163 -0.0016108473064377904 -0.39753788709640503 -0.14460763335227966 0.9061179161071777
56.43333435058594 0.39126724004745483 -0.13137857615947723 0.3654126226902008 -0.0016774839023128152 -0.3975965082645416 -0.1446232795715332 0.9060895442962646
56.46666717529297 0.3911605179309845 -0.13121654093265533 0.36573266983032227 -0.001564533682540059 -0.3975983262062073 -0.14464712142944336 0.9060851335525513
56.5 0.39128971099853516 -0.13150352239608765 0.36538681387901306 -0.001738424994982779 -0.3975673019886017 -0.14455430209636688 0.90611332654953
56.53333282470703 0.3913649022579193 -0.13148130476474762 0.36558374762535095 -0.0017075627110898495 -0.3976399302482605 -0.14459337294101715 0.9060752391815186
56.56666564941406 0.3913431167602539 -0.13134855031967163 0.3657633662223816 -0.001610895269550383 -0.39770010113716125 -0.14463219046592712 0.9060428738594055
56.599998474121094 0.39134126901626587 -0.1313023418188095 0.36577174067497253 -0.0015382402343675494 -0.3977069556713104 -0.14457052946090698 0.9060498476028442
56.63333511352539 0.39131030440330505 -0.13127465546131134 0.3657378554344177 -0.0015435705427080393 -0.39766162633895874 -0.1446281373500824 0.906060516834259
56.66666793823242 0.3913261890411377 -0.13151821494102478 0.36522918939590454 -0.001736647798679769 -0.3975372910499573 -0.14461298286914825 0.9061170816421509
56.70000076293945 0.39104804396629333 -0.13121823966503143 0.3652963638305664 -0.0015410303603857756 -0.3974266052246094 -0.1447371244430542 0.9061461687088013
56.733333587646484 0.39142486453056335 -0.13150827586650848 0.3656277060508728 -0.001720250933431089 -0.3976818919181824 -0.1446196734905243 0.9060525894165039
56.766666412353516 0.39135977625846863 -0.13150016963481903 0.36549854278564453 -0.0017169994534924626 -0.39765211939811707 -0.14462724328041077 0.906064510345459
56.79999923706055 0.39101848006248474 -0.13134457170963287 0.36540281772613525 -0.001619812217541039 -0.39749154448509216 -0.1447388082742691 0.90611732006073
56.83333206176758 0.3911747336387634 -0.13139910995960236 0.3653052747249603 -0.0017016647616401315 -0.39748772978782654 -0.14461588859558105 0.9061384201049805
56.86666488647461 0.3911489248275757 -0.13138873875141144 0.36530444025993347 -0.0016692071221768856 -0.3975198566913605 -0.14458751678466797 0.9061288833618164
56.900001525878906 0.3912428319454193 -0.13148589432239532 0.36528271436691284 -0.0017508236924186349 -0.39754801988601685 -0.1446489840745926 0.9061066508293152
56.93333435058594 0.3912561237812042 -0.13144010305404663 0.3653545677661896 -0.0017188374185934663 -0.397596538066864 -0.14464397728443146 0.9060861468315125
56.96666717529297 0.39125409722328186 -0.1314166933298111 0.36554259061813354 -0.0016894869040697813 -0.39761340618133545 -0.14459674060344696 0.9060863256454468
57.0 0.3913123607635498 -0.1313808113336563 0.3653946816921234 -0.0016728821210563183 -0.39754295349121094 -0.14461201429367065 0.906114935874939
57.03333282470703 0.39128661155700684 -0.13129669427871704 0.3656772971153259 -0.0015955198323354125 -0.39768633246421814 -0.14459732174873352 0.9060543775558472
57.06666564941406 0.3910900056362152 -0.13128066062927246 0.365299254655838 -0.0016154699260368943 -0.39750152826309204 -0.14463701844215393 0.9061291217803955
57.099998474121094 0.3913085162639618 -0.131229430437088 0.3655935823917389 -0.0015475103864446282 -0.3976627588272095 -0.1446773260831833 0.9060521721839905
57.13333511352539 0.3914000689983368 -0.13143958151340485 0.36543720960617065 -0.0016715081874281168 -0.3976285457611084 -0.14459268748760223 0.9060804843902588
57.16666793823242 0.39123645424842834 -0.1313067227602005 0.36557260155677795 -0.001607505138963461 -0.3976370394229889 -0.14457553625106812 0.9060795307159424
57.20000076293945 0.39112013578414917 -0.13139909505844116 0.3655608296394348 -0.0017016438068822026 -0.39764630794525146 -0.1446566879749298 0.9060623049736023
57.233333587646484 0.39132800698280334 -0.1312868744134903 0.365526020526886 -0.0015738893998786807 -0.39759573340415955 -0.14463001489639282 0.9060891270637512
57.266666412353516 0.39114925265312195 -0.13133884966373444 0.3651832938194275 -0.001696886378340423 -0.39746007323265076 -0.14464536309242249 0.9061458110809326
57.29999923706055 0.39114677906036377 -0.13138790428638458 0.36531612277030945 -0.0016898054163902998 -0.39753109216690063 -0.14461545646190643 0.9061194658279419
57.33333206176758 0.3913584053516388 -0.13131935894489288 0.3654319941997528 -0.0016159650404006243 -0.3976186215877533 -0.14462143182754517 0.9060803055763245
57.36666488647461 0.39124032855033875 -0.13134554028511047 0.3653496503829956 -0.0016205374849960208 -0.39752647280693054 -0.144621342420578 0.906120777130127
57.400001525878906 0.3913315534591675 -0.13115757703781128 0.36593112349510193 -0.0014459536178037524 -0.3977014422416687 -0.14465218782424927 0.9060393571853638
57.43333435058594 0.39119216799736023 -0.1313241571187973 0.3654452860355377 -0.001621789182536304 -0.39753457903862 -0.1446022391319275 0.9061201810836792
57.46666717529297 0.3910539746284485 -0.1312469094991684 0.3652312159538269 -0.0015660914359614253 -0.39741501212120056 -0.144671231508255 0.9061617851257324
57.5 0.391049325466156 -0.1311435103416443 0.36557504534721375 -0.0015143429627642035 -0.39757025241851807 -0.14462998509407043 0.9061002731323242
57.53333282470703 0.39096778631210327 -0.1311555951833725 0.3652813136577606 -0.0015280003426596522 -0.3974079489707947 -0.14463923871517181 0.9061699509620667
57.56666564941406 0.3912200331687927 -0.13132484257221222 0.36548537015914917 -0.00161625980399549 -0.3975435495376587 -0.14462538063526154 0.9061126708984375
57.599998474121094 0.3910239040851593 -0.13132412731647491 0.36527132987976074 -0.0016402846667915583 -0.39746758341789246 -0.1446346938610077 0.906144380569458
57.63333511352539 0.39115628600120544 -0.13148702681064606 0.36521878838539124 -0.0017225666670128703 -0.39745813608169556 -0.14465482532978058 0.9061450958251953
57.66666793823242 0.3913244605064392 -0.1314682960510254 0.36548829078674316 -0.0017021206440404058 -0.39762207865715027 -0.1446635127067566 0.9060719013214111
57.70000076293945 0.3913156986236572 -0.13139620423316956 0.3654291331768036 -0.0016783913597464561 -0.3975766897201538 -0.14461754262447357 0.9060991406440735
57.733333587646484 0.3912273645401001 -0.13130135834217072 0.3655770719051361 -0.0015931781381368637 -0.3976125717163086 -0.14462214708328247 0.9060829281806946
57.766666412353516 0.390992671251297 -0.13137368857860565 0.36513006687164307 -0.0016940801870077848 -0.39742961525917053 -0.14459581673145294 0.9061671495437622
57.79999923706055 0.3909584879875183 -0.13134633004665375 0.36508849263191223 -0.0016589501174166799 -0.3973764479160309 -0.14465197920799255 0.9061816334724426
57.83333206176758 0.391159325838089 -0.13135991990566254 0.3652926981449127 -0.001655272557400167 -0.39748457074165344 -0.14466969668865204 0.9061313271522522
57.86666488647461 0.3912118971347809 -0.13131219148635864 0.36552971601486206 -0.0015994709683582187 -0.39752769470214844 -0.14463971555233002 0.9061173796653748
57.900001525878906 0.3911096453666687 -0.13124637305736542 0.36544907093048096 -0.0015826041344553232 -0.3975216746330261 -0.1446266919374466 0.9061219692230225
57.93333435058594 0.3911912739276886 -0.1312875896692276 0.3654212951660156 -0.0015996831934899092 -0.397521436214447 -0.14465636014938354 0.9061173796653748
57.96666717529297 0.3913728594779968 -0.1314006894826889 0.3655392825603485 -0.0016355286352336407 -0.39758363366127014 -0.14465627074241638 0.9060900211334229
58.0 0.3909272849559784 -0.13131092488765717 0.3652585744857788 -0.0016250902554020286 -0.3974270224571228 -0.14461638033390045 0.9061651229858398
58.03333282470703 0.39090922474861145 -0.1312621533870697 0.3652164041996002 -0.0016178785590454936 -0.39741796255111694 -0.14462000131607056 0.9061685800552368
58.06666564941406 0.39108946919441223 -0.1312454789876938 0.3654003143310547 -0.0015582750784233212 -0.3975204825401306 -0.14464423060417175 0.9061197638511658
58.099998474121094 0.39114758372306824 -0.13118256628513336 0.36549609899520874 -0.0015142912743613124 -0.397542268037796 -0.1446557492017746 0.9061084985733032
58.13333511352539 0.3911517560482025 -0.1313520073890686 0.3654700219631195 -0.0016135657206177711 -0.3975169062614441 -0.1447107493877411 0.9061106443405151
58.16666793823242 0.3912382423877716 -0.13137714564800262 0.3654232323169708 -0.0016418626764789224 -0.39755791425704956 -0.14461512863636017 0.9061079025268555
58.20000076293945 0.3911014795303345 -0.1313084214925766 0.3654143214225769 -0.0016365301562473178 -0.39749494194984436 -0.1446560025215149 0.906129002571106
58.233333587646484 0.3911210000514984 -0.1312824934720993 0.36536267399787903 -0.0016049424884840846 -0.3974912464618683 -0.14462000131607056 0.9061363935470581
58.266666412353516 0.3912052512168884 -0.13125106692314148 0.3654736578464508 -0.001536202267743647 -0.397502064704895 -0.14470776915550232 0.9061177968978882
58.29999923706055 0.39102286100387573 -0.13126786053180695 0.3652530312538147 -0.001592774409800768 -0.3974243402481079 -0.14470237493515015 0.9061527252197266
58.33333206176758 0.39123889803886414 -0.13144658505916595 0.3654121458530426 -0.001694136532023549 -0.3975880444049835 -0.14465726912021637 0.9060878157615662
58.36666488647461 0.39116421341896057 -0.13144613802433014 0.36537444591522217 -0.001656212261877954 -0.39751243591308594 -0.14464923739433289 0.9061223864555359
58.400001525878906 0.3910927474498749 -0.13125619292259216 0.3654105067253113 -0.0015647818800061941 -0.39748892188072205 -0.14470131695270538 0.9061245918273926
58.43333435058594 0.3911574184894562 -0.13144609332084656 0.36537638306617737 -0.0016935559688135982 -0.39755576848983765 -0.14465801417827606 0.9061018228530884
58.46666717529297 0.39108794927597046 -0.13122498989105225 0.36543527245521545 -0.0015393128851428628 -0.39749032258987427 -0.1446864902973175 0.9061263799667358
58.5 0.3910278081893921 -0.13131985068321228 0.36537885665893555 -0.0016340279253199697 -0.3974984884262085 -0.14461150765419006 0.9061345458030701
58.53333282470703 0.3910955488681793 -0.13125762343406677 0.3655918836593628 -0.0015625151572749019 -0.3975621163845062 -0.14455144107341766 0.9061164259910583
58.56666564941406 0.391154021024704 -0.13129320740699768 0.3655194044113159 -0.0016027508536353707 -0.39757588505744934 -0.14462248980998993 0.9060989022254944
58.599998474121094 0.39129284024238586 -0.13130375742912292 0.3655659854412079 -0.0015860832063481212 -0.39760690927505493 -0.1446157693862915 0.9060864448547363
58.63333511352539 0.3911944031715393 -0.13141505420207977 0.3654004633426666 -0.0016686409944668412 -0.39753085374832153 -0.14460636675357819 0.9061210751533508
58.66666793823242 0.39116808772087097 -0.13141441345214844 0.3651808798313141 -0.001679187174886465 -0.3974657654762268 -0.14464537799358368 0.9061433672904968
58.70000076293945 0.39130470156669617 -0.13131722807884216 0.36556026339530945 -0.0015282646054401994 -0.39757537841796875 -0.14464770257472992 0.9060952067375183
58.733333587646484 0.3910785913467407 -0.13117791712284088 0.3655339479446411 -0.0015120240859687328 -0.3975255489349365 -0.14463084936141968 0.9061197638511658
58.766666412353516 0.3911576271057129 -0.13139265775680542 0.3653836250305176 -0.0016742389416322112 -0.397544264793396 -0.14463265240192413 0.9061110019683838
58.79999923706055 0.39117780327796936 -0.13141727447509766 0.365414023399353 -0.0016606509452685714 -0.39750906825065613 -0.14462536573410034 0.9061276316642761
58.83333206176758 0.39127543568611145 -0.1313502937555313 0.3655136525630951 -0.0016269979532808065 -0.3976256549358368 -0.1446283906698227 0.9060760736465454
58.86666488647461 0.3910196125507355 -0.13136129081249237 0.36542925238609314 -0.0016166063724085689 -0.3975185751914978 -0.14462904632091522 0.9061229228973389
58.900001525878906 0.3912467956542969 -0.13128358125686646 0.3656027317047119 -0.001547330874018371 -0.3975875973701477 -0.1446201503276825 0.9060943126678467
58.93333435058594 0.39109721779823303 -0.1313132494688034 0.3652840852737427 -0.0016062733484432101 -0.3974290192127228 -0.14466479420661926 0.906156599521637
58.96666717529297 0.3910861611366272 -0.13115830719470978 0.36540067195892334 -0.0015057994751259685 -0.39749422669410706 -0.14464786648750305 0.9061307907104492
59.0 0.39110589027404785 -0.13125677406787872 0.365510493516922 -0.0015843368601053953 -0.397537499666214 -0.14460685849189758 0.9061182141304016
59.03333282470703 0.391095370054245 -0.13119398057460785 0.3656449317932129 -0.0015088143991306424 -0.39757058024406433 -0.14465177059173584 0.9060966968536377
59.06666564941406 0.3913165330886841 -0.1314043253660202 0.3655357360839844 -0.001621347269974649 -0.39759066700935364 -0.14470140635967255 0.9060797691345215
59.099998474121094 0.39116498827934265 -0.131210058927536 0.3656073212623596 -0.0015638387994840741 -0.39756500720977783 -0.14463309943675995 0.9061020016670227
59.13333511352539 0.3911628723144531 -0.13114897906780243 0.36567091941833496 -0.0014899345114827156 -0.397622674703598 -0.14463448524475098 0.9060766696929932
59.16666793823242 0.3910614550113678 -0.13120439648628235 0.3653925955295563 -0.0015300625236704946 -0.3974674642086029 -0.14471925795078278 0.9061310887336731
59.20000076293945 0.39117327332496643 -0.13132721185684204 0.36542418599128723 -0.0016379300504922867 -0.3975532650947571 -0.14461499452590942 0.9061099290847778
59.233333587646484 0.3911472260951996 -0.13144059479236603 0.3650883436203003 -0.0017291565891355276 -0.39744144678115845 -0.14465634524822235 0.9061522483825684
59.266666412353516 0.3914148509502411 -0.13137643039226532 0.3656728267669678 -0.0016291729407384992 -0.3976897597312927 -0.14468151330947876 0.9060394167900085
59.29999923706055 0.39131948351860046 -0.13141632080078125 0.3653464913368225 -0.0016859931638464332 -0.39757809042930603 -0.14459843933582306 0.9061015844345093
59.33333206176758 0.39126330614089966 -0.131400927901268 0.3654290735721588 -0.0016808187356218696 -0.3975449204444885 -0.1446572095155716 0.9061067700386047
59.36666488647461 0.3914417326450348 -0.13152030110359192 0.3657122254371643 -0.0017129011685028672 -0.39769694209098816 -0.14464502036571503 0.9060419201850891
59.400001525878906 0.39115285873413086 -0.13138535618782043 0.3651150166988373 -0.0016812772955745459 -0.39741721749305725 -0.1446836292743683 0.9061586856842041
59.43333435058594 0.3912685215473175 -0.13135744631290436 0.36541083455085754 -0.001612506341189146 -0.39755213260650635 -0.14463216066360474 0.9061077237129211
59.46666717529297 0.39111316204071045 -0.1313655823469162 0.3654869496822357 -0.0016052329447120428 -0.3975299298763275 -0.14466775953769684 0.9061118960380554
59.5 0.3912087380886078 -0.13126008212566376 0.36563754081726074 -0.0015708650462329388 -0.397610604763031 -0.14463753998279572 0.9060812592506409
59.53333282470703 0.3913255035877228 -0.13130788505077362 0.36559775471687317 -0.001566822873428464 -0.3976207673549652 -0.14462661743164062 0.9060786366462708
59.56666564941406 0.3912253975868225 -0.13142435252666473 0.3655408024787903 -0.001653322484344244 -0.397600919008255 -0.14463302493095398 0.9060861468315125
59.599998474121094 0.39129409193992615 -0.1314380168914795 0.36548328399658203 -0.0017028436996042728 -0.39763009548187256 -0.14461778104305267 0.9060755968093872
59.63333511352539 0.391198992729187 -0.13141237199306488 0.3654036819934845 -0.0017088669119402766 -0.39760273694992065 -0.1446327418088913 0.9060853719711304
59.66666793823242 0.39129531383514404 -0.13127939403057098 0.36569449305534363 -0.0015826282324269414 -0.3976500332355499 -0.1445663422346115 0.9060752987861633
59.70000076293945 0.39127492904663086 -0.13136202096939087 0.36547815799713135 -0.001629760954529047 -0.3975832164287567 -0.1445949822664261 0.9060999751091003
59.733333587646484 0.39132314920425415 -0.13147714734077454 0.3653848469257355 -0.0016998883802443743 -0.3976133465766907 -0.1446293741464615 0.9060812592506409
59.766666412353516 0.39125508069992065 -0.13140390813350677 0.3654170334339142 -0.0017033012118190527 -0.3975982367992401 -0.14457374811172485 0.9060966968536377
59.79999923706055 0.39133551716804504 -0.1314244270324707 0.36567750573158264 -0.0016757076373323798 -0.39767056703567505 -0.1445900946855545 0.9060623645782471
59.83333206176758 0.391353040933609 -0.13135898113250732 0.36549967527389526 -0.0016380673041567206 -0.3976314663887024 -0.14465799927711487 0.9060688614845276
59.86666488647461 0.3914279341697693 -0.13145272433757782 0.3654404878616333 -0.0016390696400776505 -0.397590309381485 -0.14468146860599518 0.9060831665992737
59.900001525878906 0.3912961781024933 -0.13135287165641785 0.3655983805656433 -0.0016142268432304263 -0.39763036370277405 -0.14463670551776886 0.9060726761817932
59.93333435058594 0.3914085328578949 -0.13149592280387878 0.36544978618621826 -0.0017133045475929976 -0.3975819945335388 -0.1446768194437027 0.906087338924408
