t_sec,x,y,z,qw,qx,qy,qz
1790504262.488837719,0.000000355,0.000000432,-0.000000229,0.999998971,-0.000941113,-0.000060300,-0.001081468
1790504262.522229671,-0.000034688,-0.000035501,0.000021635,0.999998963,-0.000941491,-0.000075385,-0.001087119
1790504262.555606365,-0.000050588,-0.000039598,0.000037334,0.999998937,-0.000967094,-0.000071994,-0.001088713
1790504262.588968992,-0.000050677,-0.000027829,0.000033965,0.999998935,-0.000959041,-0.000084183,-0.001096988
1790504262.622317076,-0.000045473,-0.000014129,0.000017894,0.999998953,-0.000951265,-0.000065269,-0.001088827
1790504262.655650377,-0.000055347,-0.000007170,0.000019006,0.999998935,-0.000961207,-0.000081292,-0.001094786
1790504262.688967705,-0.000059180,-0.000000141,0.000022586,0.999998933,-0.000959547,-0.000065184,-0.001099842
1790504262.722271442,-0.000051715,0.000010146,0.000004540,0.999998935,-0.000957609,-0.000073842,-0.001099320
1790504262.755560637,-0.000052916,0.000013010,-0.000001408,0.999998934,-0.000968873,-0.000062074,-0.001090519
1790504262.788833857,-0.000060818,0.000006851,0.000010996,0.999998936,-0.000966909,-0.000062134,-0.001090459
1790504262.822093010,-0.000060168,0.000005311,0.000011548,0.999998906,-0.000986861,-0.000060658,-0.001100619
1790504262.855337858,-0.000056483,0.000003395,0.000000417,0.999998926,-0.000964388,-0.000077074,-0.001101125
1790504262.888567924,-0.000060397,-0.000000750,0.000004532,0.999998927,-0.000974740,-0.000057818,-0.001092281
1790504262.921782017,-0.000058987,-0.000001745,0.000002979,0.999998945,-0.000960063,-0.000066928,-0.001087704
1790504262.954982519,-0.000047374,0.000002389,-0.000012144,0.999998938,-0.000965985,-0.000065884,-0.001088864
1790504262.988168001,-0.000047046,-0.000000562,-0.000011246,0.999998944,-0.000962211,-0.000063891,-0.001087001
1790504263.021338224,-0.000051009,-0.000008080,-0.000001343,0.999998941,-0.000964400,-0.000062775,-0.001087856
1790504263.054494143,-0.000045424,-0.000010667,-0.000008216,0.999998951,-0.000959413,-0.000066884,-0.001083234
1790504263.087635517,-0.000041023,-0.000010797,-0.000014279,0.999998939,-0.000972046,-0.000058481,-0.001083384
1790504263.120762110,-0.000042705,-0.000013698,-0.000005879,0.999998940,-0.000970252,-0.000070060,-0.001083439
1790504263.153873205,-0.000036492,-0.000014820,-0.000006954,0.999998965,-0.000957241,-0.000063527,-0.001071929
1790504263.186970472,-0.000033912,-0.000013547,-0.000015397,0.999998953,-0.000965433,-0.000066638,-0.001075991
1790504263.220052719,-0.000036397,-0.000015820,-0.000009928,0.999998963,-0.000958610,-0.000053678,-0.001073077
1790504263.253120422,-0.000033779,-0.000018021,-0.000005366,0.999998958,-0.000962215,-0.000058636,-0.001074346
1790504263.286172390,-0.000027250,-0.000019074,-0.000011426,0.999998953,-0.000959137,-0.000069064,-0.001081218
1790504263.319210529,-0.000022629,-0.000021831,-0.000009833,0.999998954,-0.000960493,-0.000070517,-0.001079371
1790504263.352233887,-0.000018789,-0.000025152,-0.000000766,0.999998952,-0.000954239,-0.000082270,-0.001085301
1790504263.385241508,-0.000011738,-0.000023689,-0.000001068,0.999998946,-0.000961965,-0.000078655,-0.001084270
1790504263.418237209,-0.000006132,-0.000019085,-0.000003180,0.999998925,-0.000976738,-0.000080670,-0.001090402
1790504263.451595306,-0.000004706,-0.000018326,0.000005608,0.999998959,-0.000951870,-0.000069505,-0.001081769
1790504263.484949589,-0.000005086,-0.000014294,0.000012885,0.999998945,-0.000957350,-0.000078354,-0.001090090
1790504263.518299580,-0.000001858,-0.000007376,0.000013674,0.999998946,-0.000958104,-0.000079521,-0.001087933
1790504263.551646948,-0.000001035,-0.000003610,0.000024872,0.999998953,-0.000950081,-0.000074890,-0.001088793
1790504263.584990740,0.000000506,-0.000000135,0.000040803,0.999998950,-0.000950576,-0.000079172,-0.001090556
1790504263.618330956,0.000007549,0.000008238,0.000047547,0.999998957,-0.000940794,-0.000086333,-0.001092853
1790504263.651666641,0.000011691,0.000017202,0.000057136,0.999998962,-0.000936057,-0.000087665,-0.001092149
1790504263.684999704,0.000010293,0.000024041,0.000076741,0.999998955,-0.000945090,-0.000081965,-0.001090546
1790504263.718329430,0.000012883,0.000030686,0.000095303,0.999998965,-0.000931617,-0.000074832,-0.001093595
1790504263.751654625,0.000018156,0.000039468,0.000112510,0.999998958,-0.000935588,-0.000083986,-0.001095790
1790504263.784976959,0.000019045,0.000048722,0.000138035,0.999998943,-0.000945511,-0.000083650,-0.001101234
1790504263.818295956,0.000018871,0.000059626,0.000167142,0.999998942,-0.000942172,-0.000087950,-0.001104533
1790504263.851611376,0.000022118,0.000074027,0.000197258,0.999998954,-0.000938882,-0.000079042,-0.001097221
1790504263.884922028,0.000027894,0.000090209,0.000232051,0.999998967,-0.000930049,-0.000072858,-0.001093751
1790504263.918230534,0.000033366,0.000105134,0.000268914,0.999998960,-0.000931728,-0.000095151,-0.001096987
1790504263.951535225,0.000039375,0.000118688,0.000305521,0.999998952,-0.000934567,-0.000083621,-0.001102300
1790504263.984836340,0.000045815,0.000135269,0.000343434,0.999998927,-0.000954272,-0.000093431,-0.001107656
1790504264.018133163,0.000052066,0.000153710,0.000387362,0.999998952,-0.000938335,-0.000093655,-0.001098685
1790504264.051426888,0.000057758,0.000174403,0.000434700,0.999998958,-0.000934995,-0.000087020,-0.001096101
1790504264.084717512,0.000062458,0.000193271,0.000482688,0.999998942,-0.000946119,-0.000100102,-0.001100059
1790504264.118003607,0.000065176,0.000209935,0.000535336,0.999998959,-0.000937619,-0.000088630,-0.001092841
1790504264.151287079,0.000070778,0.000231322,0.000581489,0.999998939,-0.000950580,-0.000093573,-0.001099415
1790504264.184566975,0.000079260,0.000254021,0.000620876,0.999998943,-0.000945272,-0.000096515,-0.001100959
1790504264.217843294,0.000082323,0.000273846,0.000669538,0.999998957,-0.000941892,-0.000068865,-0.001092494
1790504264.251115084,0.000085318,0.000292399,0.000715634,0.999998930,-0.000952657,-0.000094133,-0.001106127
1790504264.284384251,0.000096063,0.000309082,0.000747960,0.999998944,-0.000950417,-0.000077732,-0.001096499
1790504264.317649841,0.000097609,0.000319785,0.000774086,0.999998915,-0.000964897,-0.000092884,-0.001109577
1790504264.350910902,0.000092404,0.000320798,0.000802594,0.999998925,-0.000960332,-0.000076274,-0.001105299
1790504264.384169340,0.000092087,0.000322787,0.000818974,0.999998925,-0.000956019,-0.000074036,-0.001109415
1790504264.417425156,0.000096220,0.000327628,0.000817816,0.999998905,-0.000970570,-0.000080518,-0.001114336
1790504264.450676918,0.000093982,0.000329173,0.000821938,0.999998907,-0.000976749,-0.000068030,-0.001108246
1790504264.483923197,0.000095287,0.000332938,0.000831082,0.999998911,-0.000961122,-0.000078347,-0.001117459
1790504264.517165422,0.000100485,0.000335879,0.000826838,0.999998902,-0.000975771,-0.000070984,-0.001112746
1790504264.550403595,0.000103758,0.000339387,0.000822061,0.999998938,-0.000957459,-0.000067327,-0.001097050
1790504264.583636761,0.000103150,0.000337442,0.000827851,0.999998925,-0.000954760,-0.000087616,-0.001109795
1790504264.616864443,0.000100335,0.000334010,0.000830456,0.999998926,-0.000956450,-0.000089154,-0.001107029
1790504264.650088310,0.000100278,0.000331564,0.000823266,0.999998937,-0.000956096,-0.000066873,-0.001098757
1790504264.683307886,0.000105054,0.000331472,0.000820762,0.999998906,-0.000979070,-0.000094836,-0.001104735
1790504264.716521740,0.000103563,0.000336888,0.000823057,0.999998969,-0.000931557,-0.000082086,-0.001089349
1790504264.749732018,0.000104738,0.000335932,0.000819948,0.999998942,-0.000953575,-0.000094439,-0.001094194
1790504264.782937288,0.000103801,0.000332441,0.000819747,0.999998951,-0.000946058,-0.000090988,-0.001092978
1790504264.816138268,0.000099807,0.000327661,0.000825554,0.999998952,-0.000951092,-0.000088461,-0.001087931
1790504264.849333525,0.000099121,0.000327812,0.000826253,0.999998954,-0.000947169,-0.000083711,-0.001089437
1790504264.882525206,0.000105738,0.000332531,0.000819190,0.999998964,-0.000938891,-0.000091969,-0.001087107
1790504264.915712357,0.000105061,0.000335512,0.000817452,0.999998990,-0.000916095,-0.000088608,-0.001083392
1790504264.948894739,0.000096826,0.000330679,0.000823433,0.999998968,-0.000935552,-0.000079073,-0.001087636
1790504264.982071638,0.000097131,0.000331483,0.000819880,0.999998974,-0.000932389,-0.000066579,-0.001085239
1790504265.015244722,0.000104306,0.000333353,0.000814205,0.999998986,-0.000918723,-0.000072749,-0.001085782
1790504265.048413277,0.000100236,0.000330564,0.000826037,0.999998978,-0.000925981,-0.000078536,-0.001086172
1790504265.081576109,0.000097847,0.000333363,0.000830147,0.999999011,-0.000890412,-0.000073288,-0.001085806
1790504265.114735365,0.000102031,0.000336161,0.000817067,0.999999012,-0.000900608,-0.000059530,-0.001077536
1790504265.147890091,0.000101999,0.000335480,0.000815823,0.999999001,-0.000908067,-0.000072951,-0.001080483
1790504265.181040287,0.000098697,0.000334422,0.000822628,0.999999003,-0.000902369,-0.000059511,-0.001084134
1790504265.214184523,0.000101953,0.000332456,0.000821904,0.999998991,-0.000912952,-0.000077662,-0.001085794
1790504265.247325420,0.000101112,0.000330236,0.000819606,0.999998979,-0.000927723,-0.000066443,-0.001085009
1790504265.280461788,0.000097571,0.000328326,0.000824264,0.999998993,-0.000917028,-0.000062511,-0.001081275
1790504265.313593149,0.000095545,0.000328694,0.000825972,0.999998966,-0.000945702,-0.000063174,-0.001081642
1790504265.346719027,0.000098373,0.000337006,0.000820760,0.999998993,-0.000916393,-0.000059954,-0.001082074
1790504265.379841328,0.000100517,0.000337853,0.000817749,0.999998976,-0.000935067,-0.000061539,-0.001081291
1790504265.412960052,0.000097030,0.000334433,0.000822703,0.999998970,-0.000942180,-0.000067632,-0.001080599
1790504265.446287870,0.000095733,0.000332705,0.000825564,0.999998974,-0.000937682,-0.000064213,-0.001081278
1790504265.479616404,0.000100589,0.000330510,0.000821657,0.999998959,-0.000957211,-0.000061083,-0.001078376
1790504265.512945414,0.000100326,0.000327703,0.000822978,0.999998948,-0.000960400,-0.000070290,-0.001084605
1790504265.546273708,0.000102303,0.000328720,0.000823788,0.999998945,-0.000961452,-0.000075094,-0.001086143
1790504265.579601288,0.000106826,0.000333221,0.000819939,0.999998949,-0.000955625,-0.000075578,-0.001087880
1790504265.612929583,0.000102243,0.000336678,0.000822781,0.999998958,-0.000947299,-0.000070067,-0.001087023
1790504265.646257877,0.000094933,0.000336045,0.000823816,0.999998960,-0.000952968,-0.000058205,-0.001080522
1790504265.679585218,0.000093229,0.000335676,0.000821955,0.999998965,-0.000949396,-0.000056271,-0.001079975
1790504265.712913036,0.000094969,0.000334427,0.000822500,0.999998947,-0.000954660,-0.000065041,-0.001090722
1790504265.746241093,0.000099260,0.000333363,0.000823940,0.999998941,-0.000965250,-0.000065111,-0.001087597
1790504265.779569149,0.000103049,0.000334482,0.000818780,0.999998952,-0.000950462,-0.000074877,-0.001089640
1790504265.812896013,0.000097669,0.000333091,0.000818978,0.999998926,-0.000971942,-0.000066197,-0.001094976
1790504265.846223593,0.000098111,0.000334760,0.000821144,0.999998940,-0.000959849,-0.000069496,-0.001093073
1790504265.879551172,0.000099588,0.000333407,0.000820654,0.999998947,-0.000952281,-0.000066198,-0.001092737
1790504265.912878990,0.000098520,0.000327531,0.000821407,0.999998913,-0.000987420,-0.000063326,-0.001092842
1790504265.946205378,0.000096560,0.000330715,0.000823927,0.999998940,-0.000956805,-0.000069317,-0.001095496
1790504265.979532719,0.000097130,0.000337301,0.000822316,0.999998958,-0.000948103,-0.000062664,-0.001087245
1790504266.012859821,0.000100762,0.000340953,0.000818007,0.999998956,-0.000947901,-0.000065133,-0.001088861
1790504266.046185970,0.000097493,0.000340106,0.000820515,0.999998938,-0.000954088,-0.000063187,-0.001099765
1790504266.079513073,0.000094530,0.000338007,0.000824508,0.999998945,-0.000956534,-0.000055302,-0.001091676
1790504266.112840176,0.000098150,0.000337429,0.000822357,0.999998959,-0.000948481,-0.000056782,-0.001086198
1790504266.146167040,0.000101005,0.000334277,0.000819891,0.999998936,-0.000961923,-0.000070584,-0.001094662
1790504266.179492950,0.000098417,0.000331808,0.000822766,0.999998946,-0.000957597,-0.000059205,-0.001090051
1790504266.212819576,0.000104417,0.000329846,0.000821049,0.999998930,-0.000969200,-0.000074634,-0.001093540
1790504266.246146202,0.000110213,0.000330174,0.000816826,0.999998921,-0.000972785,-0.000081765,-0.001097591
1790504266.279472589,0.000104344,0.000330056,0.000820026,0.999998930,-0.000965701,-0.000080114,-0.001095653
1790504266.312798023,0.000097104,0.000330577,0.000823292,0.999998938,-0.000960630,-0.000074180,-0.001093512
1790504266.346124411,0.000096017,0.000330558,0.000821779,0.999998943,-0.000955167,-0.000076432,-0.001093361
1790504266.379450798,0.000096487,0.000327313,0.000822557,0.999998916,-0.000978066,-0.000089075,-0.001097009
1790504266.412775993,0.000096413,0.000329006,0.000822968,0.999998944,-0.000960336,-0.000077852,-0.001087895
1790504266.446125031,0.000103547,0.000333206,0.000817526,0.999998935,-0.000962614,-0.000097676,-0.001092442
1790504266.479474068,0.000103743,0.000336745,0.000818356,0.999998946,-0.000946203,-0.000101125,-0.001097017
1790504266.512823820,0.000100121,0.000335165,0.000822306,0.999998941,-0.000958497,-0.000102754,-0.001090198
1790504266.546172380,0.000094317,0.000334510,0.000824560,0.999998947,-0.000954237,-0.000082554,-0.001090073
1790504266.579522133,0.000094024,0.000333978,0.000823370,0.999998942,-0.000957118,-0.000083360,-0.001092330
1790504266.612872362,0.000095123,0.000332192,0.000822102,0.999998918,-0.000970931,-0.000088800,-0.001101268
1790504266.646222830,0.000097201,0.000332906,0.000821491,0.999998948,-0.000951547,-0.000082718,-0.001092050
1790504266.679572582,0.000100781,0.000332543,0.000819535,0.999998925,-0.000966540,-0.000085454,-0.001099581
1790504266.712923288,0.000102131,0.000332945,0.000820733,0.999998921,-0.000957057,-0.000093830,-0.001110510
1790504266.746274233,0.000099894,0.000331581,0.000821323,0.999998907,-0.000974129,-0.000088025,-0.001108974
1790504266.779624462,0.000099102,0.000334669,0.000821284,0.999998927,-0.000955056,-0.000074849,-0.001107932
1790504266.812976122,0.000103445,0.000335212,0.000821546,0.999998922,-0.000960163,-0.000092619,-0.001107377
1790504266.846327782,0.000104960,0.000334322,0.000821633,0.999998919,-0.000957839,-0.000093505,-0.001111552
1790504266.879679680,0.000102808,0.000332426,0.000819500,0.999998937,-0.000952471,-0.000078446,-0.001101126
1790504266.913031101,0.000101531,0.000329550,0.000819206,0.999998904,-0.000975992,-0.000089095,-0.001109391
1790504266.946383238,0.000099842,0.000332329,0.000822722,0.999998939,-0.000947084,-0.000086012,-0.001103171
1790504266.979736090,0.000101073,0.000334572,0.000820543,0.999998949,-0.000942830,-0.000083945,-0.001098006
1790504267.013087988,0.000101730,0.000332376,0.000819461,0.999998947,-0.000949094,-0.000091214,-0.001093992
1790504267.046440840,0.000100114,0.000331237,0.000820083,0.999998937,-0.000956351,-0.000087514,-0.001096895
1790504267.079794168,0.000100816,0.000333615,0.000822510,0.999998959,-0.000935708,-0.000088504,-0.001094552
1790504267.113147736,0.000099769,0.000335968,0.000821255,0.999998962,-0.000935821,-0.000086086,-0.001092503
1790504267.146500587,0.000099385,0.000336487,0.000820872,0.999998970,-0.000926688,-0.000086462,-0.001092939
1790504267.179854393,0.000100353,0.000334964,0.000819657,0.999998952,-0.000942997,-0.000097601,-0.001093986
1790504267.213208675,0.000098473,0.000336575,0.000818468,0.999998963,-0.000933166,-0.000081154,-0.001094149
1790504267.246562958,0.000097982,0.000336354,0.000820620,0.999998957,-0.000938571,-0.000086036,-0.001094058
1790504267.279916763,0.000098573,0.000333893,0.000823852,0.999998952,-0.000949604,-0.000083430,-0.001089746
1790504267.313271761,0.000102454,0.000335494,0.000820751,0.999998950,-0.000948568,-0.000085914,-0.001091905
1790504267.346626759,0.000105424,0.000338833,0.000822548,0.999998953,-0.000946278,-0.000088414,-0.001091033
1790504267.379981041,0.000104543,0.000339085,0.000829354,0.999998963,-0.000935537,-0.000091745,-0.001090730
1790504267.413336515,0.000101051,0.000333606,0.000835965,0.999998944,-0.000958675,-0.000081857,-0.001089126
1790504267.446675301,0.000102324,0.000338305,0.000836368,0.999998941,-0.000962681,-0.000083251,-0.001088702
1790504267.480014086,0.000101645,0.000343991,0.000838744,0.999998957,-0.000946306,-0.000079150,-0.001088579
1790504267.513352156,0.000101703,0.000342273,0.000838419,0.999998946,-0.000951143,-0.000078799,-0.001093759
1790504267.546690941,0.000102863,0.000338855,0.000834769,0.999998914,-0.000979777,-0.000088880,-0.001096930
1790504267.580029964,0.000096935,0.000342729,0.000831834,0.999998967,-0.000938694,-0.000067788,-0.001086813
1790504267.613368988,0.000094572,0.000341734,0.000833597,0.999998953,-0.000950109,-0.000064854,-0.001089299
1790504267.646707058,0.000097228,0.000339324,0.000833493,0.999998943,-0.000954777,-0.000077163,-0.001093455
1790504267.680046320,0.000098457,0.000338173,0.000833435,0.999998938,-0.000951734,-0.000076960,-0.001100623
1790504267.713385820,0.000097753,0.000337045,0.000834359,0.999998949,-0.000948111,-0.000074641,-0.001094659
1790504267.746723890,0.000098221,0.000336784,0.000832286,0.999998940,-0.000954219,-0.000071704,-0.001097054
1790504267.780063391,0.000101171,0.000338531,0.000828058,0.999998943,-0.000947905,-0.000082934,-0.001099217
1790504267.813402891,0.000100874,0.000338729,0.000828706,0.999998938,-0.000945573,-0.000079927,-0.001106308
1790504267.846742392,0.000101585,0.000337199,0.000831870,0.999998935,-0.000948933,-0.000080905,-0.001105524
1790504267.880080938,0.000103472,0.000337782,0.000831427,0.999998946,-0.000946645,-0.000077951,-0.001098404
1790504267.913420677,0.000103807,0.000339797,0.000831467,0.999998933,-0.000946195,-0.000084091,-0.001109727
1790504267.946760416,0.000101766,0.000340467,0.000832760,0.999998940,-0.000948103,-0.000078574,-0.001101832
1790504267.980100393,0.000100800,0.000342565,0.000831819,0.999998945,-0.000942456,-0.000074125,-0.001102636
1790504268.013439178,0.000100598,0.000342313,0.000832236,0.999998948,-0.000943540,-0.000074866,-0.001099385
1790504268.046779156,0.000099735,0.000340258,0.000832227,0.999998940,-0.000951234,-0.000078605,-0.001099522
1790504268.080119133,0.000098931,0.000337728,0.000832000,0.999998930,-0.000957448,-0.000073549,-0.001103209
1790504268.113457918,0.000100040,0.000337501,0.000830891,0.999998931,-0.000959218,-0.000067327,-0.001101836
1790504268.146798372,0.000103812,0.000341709,0.000828760,0.999998940,-0.000950333,-0.000083881,-0.001099786
1790504268.180138350,0.000100886,0.000344697,0.000830032,0.999998953,-0.000942593,-0.000074244,-0.001095323
1790504268.213478804,0.000096843,0.000342606,0.000831133,0.999998949,-0.000949040,-0.000070311,-0.001093559
1790504268.246818066,0.000096115,0.000338631,0.000832578,0.999998939,-0.000956210,-0.000076951,-0.001096455
1790504268.280158520,0.000098042,0.000338224,0.000833253,0.999998939,-0.000956123,-0.000078275,-0.001096572
1790504268.313498735,0.000101971,0.000340847,0.000831614,0.999998950,-0.000942819,-0.000090615,-0.001096836
1790504268.346838474,0.000099962,0.000340141,0.000830843,0.999998937,-0.000958024,-0.000087106,-0.001096112
1790504268.380178928,0.000096201,0.000339872,0.000831240,0.999998941,-0.000951434,-0.000087404,-0.001098057
1790504268.413519859,0.000095256,0.000337748,0.000832600,0.999998939,-0.000957923,-0.000082164,-0.001093992
1790504268.446850538,0.000098174,0.000335843,0.000832857,0.999998932,-0.000960352,-0.000094791,-0.001097648
1790504268.480180740,0.000100042,0.000336517,0.000833165,0.999998932,-0.000961117,-0.000093970,-0.001096727
1790504268.513511419,0.000100886,0.000341395,0.000831083,0.999998944,-0.000948173,-0.000097215,-0.001097077
1790504268.546842337,0.000098579,0.000341914,0.000831310,0.999998945,-0.000949450,-0.000093131,-0.001094974
1790504268.580173016,0.000095331,0.000336998,0.000831228,0.999998952,-0.000960156,-0.000081052,-0.001080932
1790504268.613502741,0.000095665,0.000334811,0.000833028,0.999998931,-0.000969723,-0.000086466,-0.001091025
1790504268.646833181,0.000099551,0.000339113,0.000830731,0.999998936,-0.000959756,-0.000098930,-0.001094279
1790504268.680164099,0.000101480,0.000343565,0.000829702,0.999998957,-0.000950252,-0.000094767,-0.001083598
1790504268.713493347,0.000099256,0.000344225,0.000829852,0.999998957,-0.000950042,-0.000087880,-0.001084571
1790504268.746824026,0.000097244,0.000340796,0.000830549,0.999998948,-0.000960743,-0.000089024,-0.001082908
1790504268.780154228,0.000097232,0.000337791,0.000830877,0.999998943,-0.000970635,-0.000087940,-0.001078818
1790504268.813484907,0.000099940,0.000340978,0.000829943,0.999998949,-0.000961613,-0.000096614,-0.001080570
1790504268.846814156,0.000101757,0.000344296,0.000829864,0.999998952,-0.000955946,-0.000091824,-0.001083330
1790504268.880144358,0.000102176,0.000342582,0.000830884,0.999998958,-0.000953297,-0.000090916,-0.001079966
1790504268.913474560,0.000100603,0.000337703,0.000830964,0.999998938,-0.000972866,-0.000087602,-0.001081800
1790504268.946804762,0.000097740,0.000334679,0.000830756,0.999998942,-0.000969029,-0.000084280,-0.001081254
1790504268.980133772,0.000097260,0.000334666,0.000831780,0.999998934,-0.000974227,-0.000085847,-0.001084544
1790504269.013463974,0.000096802,0.000335241,0.000831438,0.999998958,-0.000958502,-0.000077177,-0.001076841
1790504269.046793938,0.000096290,0.000331967,0.000833540,0.999998927,-0.000983974,-0.000074820,-0.001082263
1790504269.080122709,0.000097450,0.000331784,0.000833192,0.999998944,-0.000963817,-0.000086121,-0.001084001
1790504269.113452673,0.000096142,0.000330850,0.000833836,0.999998929,-0.000988862,-0.000067399,-0.001076780
1790504269.146782398,0.000098096,0.000335428,0.000831106,0.999998955,-0.000962795,-0.000080147,-0.001075386
1790504269.180112362,0.000095855,0.000338503,0.000830781,0.999998947,-0.000968602,-0.000073926,-0.001077949
1790504269.213440895,0.000094535,0.000340488,0.000831385,0.999998960,-0.000955761,-0.000063543,-0.001078104
1790504269.246770859,0.000098005,0.000338651,0.000830895,0.999998943,-0.000971030,-0.000075368,-0.001079866
1790504269.280100346,0.000101258,0.000338666,0.000832740,0.999998939,-0.000967400,-0.000083084,-0.001086101
1790504269.313429832,0.000100572,0.000338701,0.000833885,0.999998951,-0.000965395,-0.000070300,-0.001077808
1790504269.346758366,0.000099830,0.000336803,0.000834676,0.999998944,-0.000964554,-0.000074823,-0.001084589
1790504269.380087614,0.000100048,0.000333909,0.000836053,0.999998920,-0.000987631,-0.000077235,-0.001086031
1790504269.413417339,0.000100778,0.000337023,0.000831960,0.999998944,-0.000971635,-0.000075043,-0.001077917
1790504269.446747541,0.000100529,0.000341270,0.000829789,0.999998946,-0.000959980,-0.000077741,-0.001086708
1790504269.480079174,0.000100180,0.000339945,0.000830042,0.999998935,-0.000969769,-0.000074734,-0.001087933
1790504269.513410330,0.000100405,0.000335527,0.000833096,0.999998932,-0.000972110,-0.000076660,-0.001088912
1790504269.546741724,0.000100863,0.000333507,0.000835481,0.999998930,-0.000980069,-0.000077628,-0.001083313
1790504269.580071926,0.000099870,0.000336827,0.000833803,0.999998936,-0.000962613,-0.000087161,-0.001092455
1790504269.613403082,0.000095051,0.000340655,0.000831304,0.999998954,-0.000952966,-0.000073101,-0.001085414
1790504269.646734476,0.000092991,0.000341038,0.000831838,0.999998954,-0.000954226,-0.000067202,-0.001085306
1790504269.680064440,0.000099700,0.000342039,0.000832235,0.999998942,-0.000953542,-0.000088088,-0.001095164
1790504269.713395596,0.000105026,0.000343601,0.000833176,0.999998949,-0.000939939,-0.000094304,-0.001099983
1790504269.746726274,0.000104908,0.000341592,0.000833552,0.999998940,-0.000946041,-0.000095016,-0.001102269
1790504269.780057430,0.000101113,0.000335589,0.000834500,0.999998937,-0.000953555,-0.000096723,-0.001098442
1790504269.813387156,0.000096322,0.000333773,0.000835531,0.999998925,-0.000963525,-0.000084886,-0.001101978
1790504269.846718073,0.000094486,0.000339458,0.000831461,0.999998955,-0.000934526,-0.000089737,-0.001099132
1790504269.880048752,0.000092388,0.000338744,0.000832232,0.999998948,-0.000946719,-0.000072928,-0.001096298
1790504269.913379431,0.000096296,0.000336101,0.000833011,0.999998944,-0.000948926,-0.000088744,-0.001097450
1790504269.946709156,0.000100383,0.000333622,0.000833628,0.999998945,-0.000948659,-0.000086122,-0.001096877
1790504269.980039835,0.000103889,0.000332908,0.000833302,0.999998928,-0.000961671,-0.000089432,-0.001100816
1790504270.013370037,0.000104560,0.000338062,0.000834189,0.999998947,-0.000946693,-0.000083609,-0.001096937
1790504270.046699762,0.000103786,0.000344061,0.000833148,0.999998974,-0.000923717,-0.000088495,-0.001091706
1790504270.080029964,0.000098993,0.000341261,0.000832884,0.999998968,-0.000937736,-0.000080590,-0.001085182
1790504270.113360643,0.000094168,0.000335583,0.000835759,0.999998965,-0.000945951,-0.000064289,-0.001081858
1790504270.146690845,0.000097611,0.000333948,0.000834808,0.999998947,-0.000955856,-0.000073291,-0.001089231
1790504270.180020094,0.000101859,0.000338157,0.000833396,0.999998969,-0.000936662,-0.000080114,-0.001085684
1790504270.213350296,0.000103835,0.000341325,0.000831923,0.999998969,-0.000941746,-0.000078449,-0.001080885
1790504270.246680498,0.000103967,0.000341709,0.000832030,0.999998965,-0.000945514,-0.000079423,-0.001081819
1790504270.280010462,0.000103185,0.000340458,0.000831816,0.999998955,-0.000947420,-0.000081605,-0.001088943
1790504270.313339710,0.000100585,0.000339360,0.000828646,0.999998958,-0.000954674,-0.000072076,-0.001080186
1790504270.346669436,0.000099934,0.000340038,0.000827235,0.999998959,-0.000954459,-0.000074816,-0.001079686
1790504270.379999399,0.000098782,0.000339395,0.000828548,0.999998955,-0.000954705,-0.000070569,-0.001083625
1790504270.413328409,0.000099006,0.000336915,0.000831075,0.999998946,-0.000965268,-0.000071138,-0.001082158
1790504270.446665525,0.000099521,0.000335229,0.000835170,0.999998942,-0.000970031,-0.000073877,-0.001081181
1790504270.480002642,0.000102095,0.000336256,0.000837728,0.999998934,-0.000972766,-0.000083173,-0.001085879
1790504270.513339996,0.000101140,0.000337661,0.000836041,0.999998946,-0.000960579,-0.000075216,-0.001086418
1790504270.546676159,0.000100342,0.000338463,0.000834000,0.999998943,-0.000967843,-0.000069991,-0.001083130
1790504270.580013514,0.000103057,0.000339331,0.000830187,0.999998949,-0.000959129,-0.000079473,-0.001084483
1790504270.613350868,0.000103260,0.000337168,0.000827743,0.999998940,-0.000967289,-0.000073528,-0.001086187
1790504270.646688223,0.000102794,0.000336759,0.000828658,0.999998943,-0.000966441,-0.000074270,-0.001083965
1790504270.680024385,0.000101118,0.000337193,0.000829696,0.999998940,-0.000962780,-0.000075920,-0.001089650
1790504270.713361740,0.000098596,0.000336845,0.000831028,0.999998939,-0.000968584,-0.000067400,-0.001085642
1790504270.746699333,0.000098327,0.000337324,0.000832741,0.999998960,-0.000954613,-0.000064873,-0.001078813
1790504270.780035734,0.000100804,0.000333989,0.000833681,0.999998939,-0.000965995,-0.000071359,-0.001088432
1790504270.813373089,0.000101916,0.000329837,0.000833485,0.999998916,-0.000981283,-0.000077484,-0.001094872
1790504270.846710682,0.000102024,0.000332448,0.000833141,0.999998935,-0.000967546,-0.000070905,-0.001090440
1790504270.880048037,0.000103292,0.000336753,0.000833338,0.999998941,-0.000956396,-0.000083563,-0.001093498
1790504270.913384438,0.000102323,0.000338454,0.000832956,0.999998927,-0.000968269,-0.000082552,-0.001095756
1790504270.946722269,0.000099470,0.000342462,0.000831278,0.999998944,-0.000953629,-0.000073443,-0.001094372
1790504270.980059624,0.000099617,0.000342926,0.000832015,0.999998929,-0.000952584,-0.000089180,-0.001107725
1790504271.013396263,0.000099164,0.000339575,0.000831323,0.999998929,-0.000962527,-0.000076395,-0.001100260
1790504271.046733856,0.000099643,0.000336580,0.000831543,0.999998908,-0.000974259,-0.000089263,-0.001107438
1790504271.080071449,0.000097242,0.000337440,0.000832720,0.999998921,-0.000963613,-0.000081707,-0.001105677
1790504271.113409281,0.000096251,0.000336732,0.000833505,0.999998906,-0.000969172,-0.000087813,-0.001114233
1790504271.146745682,0.000095736,0.000335130,0.000834377,0.999998910,-0.000970471,-0.000087410,-0.001109734
1790504271.180083513,0.000095228,0.000335281,0.000834423,0.999998909,-0.000975222,-0.000081539,-0.001106927
1790504271.213421106,0.000094820,0.000338827,0.000832916,0.999998912,-0.000969249,-0.000090418,-0.001108597
1790504271.246758699,0.000093275,0.000342268,0.000833675,0.999998937,-0.000954868,-0.000079529,-0.001099305
1790504271.280095577,0.000095686,0.000340677,0.000833783,0.999998917,-0.000966636,-0.000088102,-0.001106671
1790504271.313433409,0.000100379,0.000338479,0.000832401,0.999998917,-0.000971353,-0.000091277,-0.001101713
1790504271.346771240,0.000099559,0.000338252,0.000834439,0.999998914,-0.000975053,-0.000090107,-0.001100988
1790504271.380107880,0.000097680,0.000340906,0.000836475,0.999998943,-0.000946778,-0.000093484,-0.001099495
1790504271.413445711,0.000097417,0.000341805,0.000833451,0.999998931,-0.000970706,-0.000088166,-0.001089546
1790504271.446777821,0.000099122,0.000344738,0.000829524,0.999998965,-0.000950256,-0.000083370,-0.001077246
1790504271.480109930,0.000101951,0.000341947,0.000830394,0.999998945,-0.000958690,-0.000095776,-0.001086920
1790504271.513440847,0.000104568,0.000337368,0.000830968,0.999998930,-0.000969893,-0.000100686,-0.001090398
1790504271.546772718,0.000106706,0.000338045,0.000829375,0.999998935,-0.000964440,-0.000102577,-0.001090384
1790504271.580104828,0.000104197,0.000339542,0.000828324,0.999998939,-0.000958878,-0.000098026,-0.001092296
1790504271.613436460,0.000097516,0.000339196,0.000831405,0.999998945,-0.000956567,-0.000095228,-0.001089132
1790504271.646767378,0.000095087,0.000338442,0.000833739,0.999998943,-0.000958702,-0.000092501,-0.001088763
1790504271.680099010,0.000098325,0.000339557,0.000829383,0.999998946,-0.000955011,-0.000092510,-0.001089578
1790504271.713430882,0.000098759,0.000336983,0.000830893,0.999998938,-0.000953273,-0.000109053,-0.001097050
1790504271.746761799,0.000096113,0.000332570,0.000835181,0.999998926,-0.000968437,-0.000094042,-0.001095616
1790504271.780093431,0.000097864,0.000336079,0.000830991,0.999998936,-0.000956668,-0.000106382,-0.001095696
1790504271.813425064,0.000096992,0.000340277,0.000828045,0.999998951,-0.000943102,-0.000098321,-0.001095393
1790504271.846756697,0.000098502,0.000339209,0.000831998,0.999998948,-0.000943667,-0.000103096,-0.001096453
1790504271.880087376,0.000101215,0.000335209,0.000833250,0.999998933,-0.000953514,-0.000107305,-0.001101250
1790504271.913419008,0.000100393,0.000335192,0.000830499,0.999998926,-0.000960855,-0.000097579,-0.001102436
1790504271.946750402,0.000097504,0.000338668,0.000830143,0.999998953,-0.000944161,-0.000093753,-0.001092766
1790504271.980081797,0.000094557,0.000338933,0.000832756,0.999998961,-0.000938551,-0.000082745,-0.001090973
1790504272.013412237,0.000098516,0.000335411,0.000832622,0.999998950,-0.000950055,-0.000090289,-0.001090767
1790504272.046743631,0.000100743,0.000332685,0.000834125,0.999998953,-0.000952865,-0.000093507,-0.001085240
1790504272.080075264,0.000099274,0.000335404,0.000833963,0.999998952,-0.000945853,-0.000084305,-0.001092506
1790504272.113405466,0.000098792,0.000338974,0.000832606,0.999998969,-0.000936860,-0.000081037,-0.001084971
1790504272.146736860,0.000099431,0.000339488,0.000832740,0.999998965,-0.000939627,-0.000080413,-0.001086323
1790504272.180068016,0.000101921,0.000341219,0.000833791,0.999998959,-0.000944731,-0.000084246,-0.001086935
1790504272.213399410,0.000103223,0.000342963,0.000831918,0.999998971,-0.000934007,-0.000080921,-0.001086302
1790504272.246729374,0.000101319,0.000340716,0.000833728,0.999998965,-0.000940342,-0.000082767,-0.001085338
1790504272.280060768,0.000101023,0.000339048,0.000832956,0.999998952,-0.000949996,-0.000073476,-0.001089850
1790504272.313391924,0.000102357,0.000337112,0.000829843,0.999998951,-0.000949604,-0.000076426,-0.001091083
1790504272.346721888,0.000100387,0.000333984,0.000831171,0.999998927,-0.000964922,-0.000084263,-0.001099123
1790504272.380053043,0.000098798,0.000335038,0.000831963,0.999998937,-0.000957949,-0.000074521,-0.001096480
1790504272.413383961,0.000099686,0.000335636,0.000829998,0.999998934,-0.000958498,-0.000070039,-0.001099517
1790504272.446718931,0.000099941,0.000333764,0.000830186,0.999998921,-0.000972142,-0.000066058,-0.001099030
1790504272.480052948,0.000101512,0.000335785,0.000831663,0.999998911,-0.000966688,-0.000090507,-0.001111133
1790504272.513387680,0.000098022,0.000338539,0.000832833,0.999998936,-0.000958219,-0.000061114,-0.001097991
1790504272.546722651,0.000097819,0.000340024,0.000831679,0.999998934,-0.000963729,-0.000068571,-0.001094756
1790504272.580057621,0.000097863,0.000340092,0.000832471,0.999998945,-0.000948023,-0.000080727,-0.001097971
1790504272.613391399,0.000097243,0.000338496,0.000832094,0.999998938,-0.000956899,-0.000073592,-0.001096463
1790504272.646726370,0.000100064,0.000340147,0.000830042,0.999998949,-0.000954017,-0.000071748,-0.001089131
1790504272.680061102,0.000106745,0.000342683,0.000827839,0.999998953,-0.000940400,-0.000092671,-0.001095518
1790504272.713395119,0.000106006,0.000338307,0.000832023,0.999998926,-0.000965319,-0.000093889,-0.001098668
1790504272.746729851,0.000099309,0.000337643,0.000834287,0.999998959,-0.000942397,-0.000076115,-0.001089642
1790504272.780064344,0.000105071,0.000340579,0.000829210,0.999998944,-0.000950160,-0.000095652,-0.001095622
1790504272.813399315,0.000110480,0.000343392,0.000824853,0.999998959,-0.000941983,-0.000093859,-0.001088752
1790504272.846733093,0.000104174,0.000341661,0.000830484,0.999998953,-0.000941186,-0.000101752,-0.001094113
1790504272.880067825,0.000096849,0.000338858,0.000837288,0.999998955,-0.000945460,-0.000082341,-0.001090306
1790504272.913402557,0.000098227,0.000336949,0.000834019,0.999998942,-0.000955055,-0.000082763,-0.001093782
1790504272.946737289,0.000096164,0.000335378,0.000831540,0.999998933,-0.000959570,-0.000075413,-0.001099319
1790504272.980071068,0.000094212,0.000335189,0.000837484,0.999998945,-0.000949207,-0.000079545,-0.001096491
1790504273.013405800,0.000101587,0.000337794,0.000836239,0.999998938,-0.000948205,-0.000093299,-0.001103225
1790504273.046740532,0.000103997,0.000339767,0.000829149,0.999998939,-0.000953541,-0.000078651,-0.001098684
1790504273.080074310,0.000095414,0.000338770,0.000832103,0.999998945,-0.000947124,-0.000079275,-0.001098051
1790504273.113409042,0.000090703,0.000337663,0.000837295,0.999998928,-0.000956245,-0.000067348,-0.001107077
1790504273.146743536,0.000097674,0.000338917,0.000830671,0.999998939,-0.000943821,-0.000075988,-0.001106950
1790504273.180078268,0.000099686,0.000334450,0.000830334,0.999998923,-0.000955212,-0.000084440,-0.001111030
1790504273.213411808,0.000097588,0.000332906,0.000838249,0.999998918,-0.000958764,-0.000075015,-0.001113077
1790504273.246746540,0.000105892,0.000339475,0.000830411,0.999998950,-0.000930611,-0.000083728,-0.001108025
1790504273.280081272,0.000104854,0.000340389,0.000824750,0.999998937,-0.000946905,-0.000080256,-0.001106250
1790504273.313416004,0.000095291,0.000337358,0.000832645,0.999998957,-0.000928526,-0.000073824,-0.001104239
1790504273.346749544,0.000093715,0.000334553,0.000833730,0.999998943,-0.000940837,-0.000069471,-0.001106373
1790504273.380084276,0.000096655,0.000337252,0.000826185,0.999998956,-0.000935940,-0.000065072,-0.001099236
1790504273.413418770,0.000096563,0.000340419,0.000830015,0.999998968,-0.000922396,-0.000075417,-0.001099087
1790504273.446752787,0.000097436,0.000339661,0.000836345,0.999998971,-0.000916634,-0.000068656,-0.001101589
1790504273.480087757,0.000101915,0.000337048,0.000829224,0.999998957,-0.000925398,-0.000070596,-0.001106990
1790504273.513422489,0.000102875,0.000334800,0.000829498,0.999998943,-0.000936550,-0.000075932,-0.001109396
1790504273.546757460,0.000101607,0.000336414,0.000834932,0.999998956,-0.000923084,-0.000075128,-0.001109409
1790504273.580091476,0.000100994,0.000340450,0.000831628,0.999998969,-0.000916765,-0.000066795,-0.001103537
1790504273.613426447,0.000102194,0.000338659,0.000830596,0.999998956,-0.000930083,-0.000072946,-0.001103844
1790504273.646761417,0.000101277,0.000334987,0.000835487,0.999998944,-0.000939725,-0.000072824,-0.001106092
1790504273.680095434,0.000101797,0.000337904,0.000833389,0.999998958,-0.000930033,-0.000064668,-0.001102547
1790504273.713430405,0.000101692,0.000342606,0.000828199,0.999998962,-0.000925283,-0.000067475,-0.001102695
1790504273.746765375,0.000096427,0.000342640,0.000832352,0.999998962,-0.000932141,-0.000051910,-0.001097715
1790504273.780100346,0.000099052,0.000341411,0.000833548,0.999998959,-0.000928844,-0.000070035,-0.001102395
1790504273.813434362,0.000102298,0.000339153,0.000828943,0.999998938,-0.000946091,-0.000067697,-0.001106441
1790504273.846769333,0.000100822,0.000336630,0.000829111,0.999998954,-0.000942014,-0.000054192,-0.001096586
1790504273.880104303,0.000102161,0.000334808,0.000830412,0.999998945,-0.000943492,-0.000059215,-0.001103099
1790504273.913439035,0.000105689,0.000333461,0.000827988,0.999998922,-0.000957922,-0.000059597,-0.001111236
1790504273.946773052,0.000104133,0.000334396,0.000828315,0.999998942,-0.000941272,-0.000056644,-0.001107524
1790504273.980108023,0.000099290,0.000335149,0.000831459,0.999998927,-0.000954531,-0.000046949,-0.001110158
1790504274.013442755,0.000098188,0.000338889,0.000830521,0.999998948,-0.000931776,-0.000038568,-0.001111257
1790504274.046776772,0.000099486,0.000337836,0.000828840,0.999998934,-0.000948104,-0.000033325,-0.001110056
1790504274.080111742,0.000104068,0.000338959,0.000828446,0.999998933,-0.000946327,-0.000046204,-0.001111561
1790504274.113446712,0.000104332,0.000343330,0.000829451,0.999998947,-0.000933590,-0.000034675,-0.001110300
1790504274.146781445,0.000101176,0.000346687,0.000828075,0.999998948,-0.000926113,-0.000034206,-0.001115798
1790504274.180115461,0.000095885,0.000344862,0.000829844,0.999998950,-0.000931086,-0.000022202,-0.001110504
1790504274.213450432,0.000093911,0.000341926,0.000832088,0.999998947,-0.000924627,-0.000028115,-0.001117854
1790504274.246785402,0.000094408,0.000340493,0.000830883,0.999998946,-0.000931494,-0.000022143,-0.001113584
1790504274.280120373,0.000098474,0.000344142,0.000830018,0.999998944,-0.000915881,-0.000038693,-0.001127277
1790504274.313454151,0.000098503,0.000345563,0.000832744,0.999998960,-0.000898990,-0.000037715,-0.001127282
1790504274.346789122,0.000098553,0.000342641,0.000830027,0.999998950,-0.000908822,-0.000042822,-0.001127506
1790504274.380124092,0.000099621,0.000338508,0.000829439,0.999998941,-0.000916452,-0.000038667,-0.001129721
1790504274.413458109,0.000103745,0.000338763,0.000829641,0.999998946,-0.000898672,-0.000054388,-0.001138934
1790504274.446796656,0.000104391,0.000338444,0.000831351,0.999998947,-0.000898929,-0.000056862,-0.001137719
1790504274.480135202,0.000101148,0.000337305,0.000831517,0.999998950,-0.000898650,-0.000050580,-0.001135656
1790504274.513473988,0.000098260,0.000336962,0.000833241,0.999998939,-0.000894193,-0.000052666,-0.001148459
1790504274.546811581,0.000096771,0.000337126,0.000833498,0.999998947,-0.000892770,-0.000034396,-0.001143626
1790504274.580150127,0.000099284,0.000341128,0.000833206,0.999998953,-0.000880543,-0.000046971,-0.001147058
1790504274.613488674,0.000097782,0.000343323,0.000833252,0.999998970,-0.000872163,-0.000026901,-0.001139702
1790504274.646827698,0.000096549,0.000343384,0.000832310,0.999998960,-0.000875412,-0.000032200,-0.001145491
1790504274.680165291,0.000097057,0.000343078,0.000829796,0.999998976,-0.000861752,-0.000020309,-0.001142453
1790504274.713503838,0.000099398,0.000340705,0.000828628,0.999998951,-0.000880391,-0.000024228,-0.001150096
1790504274.746842861,0.000099736,0.000340714,0.000830543,0.999998959,-0.000874528,-0.000016064,-0.001147374
1790504274.780180693,0.000100340,0.000344797,0.000831778,0.999998973,-0.000860857,-0.000016006,-0.001145734
1790504274.813519478,0.000100433,0.000347633,0.000834897,0.999998977,-0.000848502,-0.000019451,-0.001151346
1790504274.846858501,0.000096023,0.000344700,0.000835507,0.999998980,-0.000853702,-0.000012985,-0.001145007
1790504274.880197048,0.000094043,0.000342863,0.000836983,0.999998978,-0.000850712,-0.000016345,-0.001148956
1790504274.913534880,0.000098558,0.000344908,0.000836518,0.999998996,-0.000837336,-0.000026446,-0.001143120
1790504274.946874142,0.000103100,0.000345139,0.000835540,0.999999005,-0.000817654,-0.000050062,-0.001148129
1790504274.980212927,0.000101747,0.000339939,0.000836812,0.999998981,-0.000850002,-0.000041619,-0.001146596
1790504275.013550758,0.000099729,0.000342245,0.000833728,0.999999023,-0.000808722,-0.000045308,-0.001139257
1790504275.046889782,0.000098738,0.000342273,0.000833157,0.999999015,-0.000816961,-0.000052339,-0.001139875
1790504275.080228806,0.000098820,0.000339904,0.000833429,0.999999024,-0.000809086,-0.000056727,-0.001137889
1790504275.113567829,0.000100144,0.000338203,0.000832703,0.999999022,-0.000802892,-0.000069007,-0.001143427
1790504275.146905661,0.000099983,0.000337440,0.000830758,0.999999031,-0.000799428,-0.000075548,-0.001137363
1790504275.180244923,0.000098097,0.000337925,0.000830655,0.999999036,-0.000805061,-0.000071262,-0.001129457
1790504275.213583946,0.000097057,0.000338841,0.000830529,0.999999037,-0.000801468,-0.000066013,-0.001131302
1790504275.246923208,0.000099810,0.000337554,0.000829386,0.999999021,-0.000820971,-0.000076258,-0.001130444
1790504275.280261278,0.000100309,0.000337669,0.000828061,0.999999015,-0.000818938,-0.000084966,-0.001136779
1790504275.313600302,0.000096362,0.000336533,0.000830364,0.999999002,-0.000838693,-0.000069255,-0.001134801
1790504275.346939564,0.000094736,0.000337776,0.000832757,0.999999018,-0.000826995,-0.000068325,-0.001129282
1790504275.380277634,0.000098951,0.000337643,0.000831509,0.999998999,-0.000839384,-0.000088606,-0.001135243
1790504275.413616657,0.000099848,0.000335755,0.000831348,0.999999001,-0.000840598,-0.000079814,-0.001133453
1790504275.446951866,0.000101544,0.000332822,0.000832082,0.999998972,-0.000865731,-0.000087686,-0.001139267
1790504275.480286837,0.000103163,0.000335372,0.000833673,0.999998983,-0.000862100,-0.000084842,-0.001132555
1790504275.513620853,0.000108656,0.000343042,0.000838633,0.999998980,-0.000861211,-0.000092928,-0.001135623
1790504275.546955824,0.000110492,0.000348349,0.000850274,0.999998990,-0.000859720,-0.000091129,-0.001128467
1790504275.580290794,0.000107773,0.000350382,0.000862941,0.999998966,-0.000877560,-0.000088979,-0.001135445
1790504275.613625765,0.000103754,0.000352526,0.000874791,0.999998981,-0.000879275,-0.000071985,-0.001122146
1790504275.646959782,0.000109897,0.000352968,0.000879227,0.999998964,-0.000899151,-0.000080243,-0.001121234
1790504275.680294752,0.000110659,0.000356924,0.000879019,0.999998981,-0.000884997,-0.000071215,-0.001118133
1790504275.713629723,0.000109614,0.000359573,0.000878225,0.999998984,-0.000886129,-0.000067513,-0.001114338
1790504275.746963739,0.000107702,0.000358988,0.000876261,0.999998973,-0.000899533,-0.000064779,-0.001114153
1790504275.780298471,0.000107143,0.000357958,0.000872690,0.999998983,-0.000892952,-0.000061091,-0.001110005
1790504275.813633442,0.000108540,0.000353730,0.000869864,0.999998971,-0.000912208,-0.000064614,-0.001105262
1790504275.846968174,0.000110112,0.000351343,0.000869385,0.999998953,-0.000923059,-0.000067787,-0.001112428
1790504275.880302191,0.000110383,0.000354730,0.000870559,0.999998974,-0.000906008,-0.000063917,-0.001107550
1790504275.913637161,0.000113245,0.000356862,0.000872320,0.999998952,-0.000913688,-0.000072904,-0.001120243
1790504275.946971893,0.000113593,0.000353764,0.000873864,0.999998959,-0.000913282,-0.000074894,-0.001114661
1790504275.980306864,0.000111428,0.000350022,0.000871990,0.999998936,-0.000930301,-0.000068104,-0.001121270
1790504276.013640881,0.000112673,0.000349745,0.000870192,0.999998938,-0.000932280,-0.000069922,-0.001118286
1790504276.046975613,0.000113912,0.000351818,0.000868876,0.999998936,-0.000929383,-0.000068357,-0.001122425
1790504276.080310583,0.000112493,0.000353038,0.000870692,0.999998938,-0.000929365,-0.000069831,-0.001120630
1790504276.113644361,0.000109904,0.000352669,0.000872824,0.999998925,-0.000933566,-0.000065165,-0.001128854
1790504276.146979332,0.000108248,0.000351293,0.000873111,0.999998929,-0.000935906,-0.000061224,-0.001123165
1790504276.180314064,0.000105374,0.000350632,0.000874093,0.999998912,-0.000945464,-0.000062293,-0.001130699
1790504276.213648796,0.000104644,0.000353511,0.000872478,0.999998922,-0.000931221,-0.000064440,-0.001133108
1790504276.246982574,0.000105876,0.000353511,0.000871946,0.999998919,-0.000939269,-0.000063736,-0.001129873
1790504276.280317307,0.000110695,0.000352365,0.000871173,0.999998902,-0.000951875,-0.000075624,-0.001132967
1790504276.313652039,0.000114239,0.000353625,0.000870329,0.999998905,-0.000945023,-0.000076442,-0.001136056
1790504276.346985817,0.000114823,0.000353651,0.000870576,0.999998903,-0.000943331,-0.000074970,-0.001139952
1790504276.380320549,0.000112151,0.000351008,0.000869509,0.999998883,-0.000963406,-0.000081464,-0.001140003
1790504276.413655519,0.000107027,0.000351999,0.000870836,0.999998895,-0.000957302,-0.000067096,-0.001135687
1790504276.446990013,0.000104626,0.000355026,0.000872445,0.999998900,-0.000948970,-0.000069551,-0.001137637
1790504276.480323792,0.000105425,0.000356996,0.000871369,0.999998901,-0.000950750,-0.000075825,-0.001134744
1790504276.513658524,0.000106857,0.000354807,0.000870470,0.999998896,-0.000952095,-0.000075004,-0.001138116
1790504276.546993256,0.000110779,0.000352195,0.000870461,0.999998881,-0.000965560,-0.000071895,-0.001140528
1790504276.580327988,0.000114379,0.000353113,0.000869724,0.999998882,-0.000960716,-0.000077217,-0.001143478
1790504276.613661289,0.000116769,0.000355377,0.000869334,0.999998882,-0.000962613,-0.000086764,-0.001140758
1790504276.646996021,0.000113360,0.000358259,0.000869586,0.999998881,-0.000957038,-0.000072371,-0.001147545
1790504276.680330753,0.000110120,0.000358338,0.000870096,0.999998885,-0.000956561,-0.000066541,-0.001145190
1790504276.713664293,0.000110513,0.000356784,0.000870470,0.999998879,-0.000962368,-0.000077518,-0.001144522
1790504276.746999025,0.000108034,0.000353965,0.000872414,0.999998868,-0.000972464,-0.000061566,-0.001146583
1790504276.780333757,0.000107289,0.000352716,0.000872689,0.999998876,-0.000967391,-0.000058607,-0.001144417
1790504276.813668251,0.000107760,0.000348626,0.000870991,0.999998863,-0.000974761,-0.000063274,-0.001148845
1790504276.847002029,0.000109014,0.000345225,0.000872720,0.999998815,-0.001008152,-0.000064410,-0.001161428
1790504276.880336523,0.000111734,0.000352000,0.000873471,0.999998838,-0.000976904,-0.000066669,-0.001168307
1790504276.913671255,0.000115224,0.000356587,0.000872096,0.999998823,-0.000988029,-0.000077984,-0.001171554
1790504276.947005749,0.000113752,0.000357426,0.000869825,0.999998826,-0.000978417,-0.000074244,-0.001177043
1790504276.980339289,0.000110291,0.000352614,0.000868644,0.999998793,-0.001007225,-0.000071298,-0.001181068
1790504277.013674021,0.000109135,0.000351850,0.000868925,0.999998775,-0.001011340,-0.000074302,-0.001192729
1790504277.047008514,0.000106993,0.000354656,0.000868228,0.999998778,-0.001008479,-0.000065825,-0.001192894
1790504277.080342293,0.000105571,0.000356625,0.000869612,0.999998776,-0.001004752,-0.000069978,-0.001197217
1790504277.113676786,0.000104691,0.000352643,0.000873472,0.999998747,-0.001020880,-0.000068966,-0.001207940
1790504277.147011280,0.000106303,0.000348367,0.000874014,0.999998729,-0.001030979,-0.000072462,-0.001214396
1790504277.180346012,0.000109155,0.000348341,0.000874195,0.999998699,-0.001042648,-0.000074521,-0.001228507
1790504277.213679552,0.000111610,0.000352830,0.000872817,0.999998711,-0.001026640,-0.000083847,-0.001231993
1790504277.247014046,0.000111161,0.000354746,0.000873151,0.999998715,-0.001024200,-0.000074324,-0.001230933
1790504277.280348539,0.000107278,0.000352799,0.000872718,0.999998674,-0.001043107,-0.000072431,-0.001248408
1790504277.313683033,0.000104728,0.000353198,0.000871112,0.999998672,-0.001039116,-0.000071086,-0.001253072
1790504277.347016811,0.000104429,0.000356451,0.000870671,0.999998674,-0.001032723,-0.000063140,-0.001257731
1790504277.380351305,0.000108009,0.000356881,0.000871249,0.999998655,-0.001036169,-0.000069465,-0.001269767
1790504277.413685799,0.000111287,0.000352236,0.000872342,0.999998637,-0.001045503,-0.000079065,-0.001275780
1790504277.447022676,0.000111272,0.000349385,0.000872379,0.999998618,-0.001061962,-0.000072717,-0.001277415
1790504277.480360508,0.000109789,0.000352468,0.000872846,0.999998625,-0.001045082,-0.000062715,-0.001285973
1790504277.513698816,0.000112111,0.000352995,0.000872593,0.999998582,-0.001066169,-0.000066269,-0.001301853
1790504277.547036648,0.000112510,0.000354458,0.000872829,0.999998567,-0.001077096,-0.000042230,-0.001305334
1790504277.580373764,0.000114410,0.000359478,0.000870878,0.999998567,-0.001068399,-0.000040891,-0.001312291
1790504277.613711596,0.000113733,0.000359897,0.000874036,0.999998550,-0.001081903,-0.000015571,-0.001315193
1790504277.647049904,0.000114733,0.000357521,0.000875421,0.999998517,-0.001102861,-0.000009252,-0.001323068
1790504277.680387020,0.000115014,0.000357903,0.000874321,0.999998506,-0.001094612,-0.000000770,-0.001337800
1790504277.713725090,0.000113840,0.000355158,0.000872570,0.999998475,-0.001119271,0.000001781,-0.001340461
1790504277.747063398,0.000110005,0.000353473,0.000871048,0.999998457,-0.001123887,0.000022683,-0.001350002
1790504277.780401707,0.000110921,0.000353882,0.000868935,0.999998442,-0.001129085,0.000029433,-0.001356594
1790504277.813738823,0.000115671,0.000355517,0.000867996,0.999998419,-0.001135755,0.000029153,-0.001367956
1790504277.847077131,0.000116333,0.000356226,0.000871019,0.999998433,-0.001130514,0.000034895,-0.001361884
1790504277.880415440,0.000112042,0.000354420,0.000873108,0.999998414,-0.001149039,0.000042710,-0.001360051
1790504277.913753986,0.000107895,0.000354825,0.000874344,0.999998438,-0.001146696,0.000048660,-0.001343860
1790504277.947091341,0.000106119,0.000357774,0.000877101,0.999998435,-0.001153108,0.000065281,-0.001340274
1790504277.980429649,0.000108499,0.000361930,0.000878495,0.999998454,-0.001136899,0.000051496,-0.001340094
1790504278.013767958,0.000108876,0.000361960,0.000876683,0.999998464,-0.001140368,0.000065298,-0.001329374
1790504278.047105551,0.000108543,0.000358831,0.000872984,0.999998455,-0.001156200,0.000066317,-0.001322799
1790504278.080444098,0.000106131,0.000357545,0.000873456,0.999998467,-0.001149405,0.000076880,-0.001318770
1790504278.113782644,0.000107353,0.000354990,0.000874156,0.999998467,-0.001153127,0.000077458,-0.001315071
1790504278.147121429,0.000109515,0.000350554,0.000873727,0.999998464,-0.001163852,0.000074400,-0.001308091
1790504278.180458784,0.000106371,0.000349271,0.000872496,0.999998467,-0.001158555,0.000076449,-0.001310999
1790504278.213797331,0.000106169,0.000350119,0.000870704,0.999998483,-0.001145559,0.000081629,-0.001309281
1790504278.247136116,0.000110620,0.000348555,0.000869649,0.999998480,-0.001151032,0.000066610,-0.001308050
1790504278.280474901,0.000112374,0.000347844,0.000871613,0.999998464,-0.001153760,0.000058182,-0.001318025
1790504278.313812494,0.000112269,0.000350662,0.000871216,0.999998495,-0.001133494,0.000059028,-0.001311991
1790504278.347151279,0.000111566,0.000353176,0.000871953,0.999998506,-0.001122484,0.000050332,-0.001313943
1790504278.380490303,0.000104997,0.000351454,0.000873997,0.999998501,-0.001124317,0.000062390,-0.001315407
1790504278.413827896,0.000103666,0.000346609,0.000874702,0.999998508,-0.001122058,0.000056827,-0.001312094
1790504278.447163105,0.000107148,0.000346008,0.000873913,0.999998501,-0.001129141,0.000050075,-0.001311478
1790504278.480498314,0.000112236,0.000352568,0.000868816,0.999998535,-0.001099434,0.000038690,-0.001311619
1790504278.513833284,0.000112805,0.000353522,0.000869667,0.999998531,-0.001102656,0.000039374,-0.001312091
1790504278.547167540,0.000114309,0.000353223,0.000871024,0.999998533,-0.001092080,0.000024523,-0.001319053
1790504278.580502748,0.000113228,0.000354848,0.000870730,0.999998535,-0.001089641,0.000025956,-0.001319876
1790504278.613837719,0.000111504,0.000358636,0.000867511,0.999998568,-0.001066138,0.000024685,-0.001314285
1790504278.647172928,0.000111477,0.000357301,0.000869226,0.999998565,-0.001069500,0.000021981,-0.001313489
1790504278.680506945,0.000113354,0.000354229,0.000870531,0.999998560,-0.001071266,0.000009301,-0.001316546
1790504278.713842154,0.000112497,0.000351616,0.000874099,0.999998579,-0.001050911,0.000014568,-0.001318081
1790504278.747177362,0.000112896,0.000347684,0.000876406,0.999998553,-0.001076232,0.000009204,-0.001317095
1790504278.780511141,0.000113798,0.000350639,0.000875130,0.999998578,-0.001052015,-0.000000103,-0.001317845
1790504278.813846350,0.000112122,0.000353964,0.000872319,0.999998600,-0.001037302,0.000005101,-0.001313075
1790504278.847181320,0.000110210,0.000354009,0.000872899,0.999998586,-0.001047409,0.000005343,-0.001315415
1790504278.880516529,0.000110639,0.000354313,0.000872101,0.999998597,-0.001045121,-0.000000983,-0.001309161
1790504278.913850546,0.000110441,0.000354214,0.000871267,0.999998602,-0.001046175,0.000007098,-0.001304374
1790504278.947185755,0.000111892,0.000353289,0.000873679,0.999998593,-0.001049605,-0.000003412,-0.001308873
1790504278.980520725,0.000111809,0.000353321,0.000874204,0.999998602,-0.001048948,0.000001774,-0.001302271
1790504279.013854980,0.000111856,0.000353052,0.000873547,0.999998602,-0.001052761,-0.000005906,-0.001299181
1790504279.047189951,0.000109577,0.000352259,0.000874033,0.999998616,-0.001049630,0.000010778,-0.001291041
1790504279.080525160,0.000109890,0.000351557,0.000874945,0.999998597,-0.001058851,0.000001843,-0.001297750
1790504279.113860130,0.000112271,0.000351532,0.000872536,0.999998622,-0.001050462,0.000005957,-0.001285721
1790504279.147194386,0.000115453,0.000351065,0.000870360,0.999998609,-0.001059480,-0.000003223,-0.001288455
1790504279.180529356,0.000113827,0.000350426,0.000873829,0.999998623,-0.001054348,-0.000002868,-0.001281908
1790504279.213864565,0.000111364,0.000349091,0.000874651,0.999998623,-0.001066857,0.000014783,-0.001270746
1790504279.247199535,0.000112381,0.000352257,0.000871290,0.999998626,-0.001059234,0.000006175,-0.001275048
1790504279.280533552,0.000112599,0.000354947,0.000869915,0.999998642,-0.001057101,0.000008654,-0.001264503
1790504279.313868761,0.000113370,0.000354238,0.000870642,0.999998648,-0.001064913,0.000016489,-0.001252827
1790504279.347203732,0.000115357,0.000355191,0.000870326,0.999998656,-0.001057600,0.000003698,-0.001253083
1790504279.380537510,0.000110281,0.000354749,0.000869621,0.999998667,-0.001063778,0.000023384,-0.001238191
1790504279.413872719,0.000106166,0.000353944,0.000870920,0.999998663,-0.001072089,0.000029964,-0.001234201
1790504279.447206974,0.000104563,0.000354968,0.000870338,0.999998680,-0.001066037,0.000038623,-0.001225952
1790504279.480541229,0.000108015,0.000354109,0.000871240,0.999998672,-0.001071565,0.000028040,-0.001227314
1790504279.513874531,0.000109616,0.000352665,0.000871760,0.999998660,-0.001081086,0.000032511,-0.001229194
1790504279.547208786,0.000111206,0.000353037,0.000871588,0.999998670,-0.001082294,0.000043470,-0.001219152
1790504279.580543041,0.000116032,0.000354317,0.000871372,0.999998667,-0.001076423,0.000027435,-0.001227056
1790504279.613877296,0.000115000,0.000351882,0.000869930,0.999998650,-0.001099192,0.000042644,-0.001220526
1790504279.647210360,0.000110884,0.000351639,0.000869159,0.999998652,-0.001100732,0.000054364,-0.001217002
1790504279.680544615,0.000108387,0.000354350,0.000871242,0.999998655,-0.001101031,0.000063746,-0.001213555
1790504279.713878870,0.000110170,0.000357898,0.000871743,0.999998664,-0.001096297,0.000057945,-0.001211431
1790504279.747211933,0.000109452,0.000358393,0.000872574,0.999998660,-0.001099161,0.000065427,-0.001211216
1790504279.780546188,0.000106995,0.000357294,0.000872536,0.999998655,-0.001111120,0.000075355,-0.001204108
1790504279.813880444,0.000107029,0.000357791,0.000873676,0.999998650,-0.001107660,0.000073657,-0.001211657
1790504279.847214460,0.000108824,0.000356603,0.000874063,0.999998655,-0.001109480,0.000080544,-0.001205008
1790504279.880547285,0.000110766,0.000351946,0.000872520,0.999998653,-0.001115500,0.000080802,-0.001201313
1790504279.913881540,0.000110573,0.000347032,0.000873553,0.999998635,-0.001128254,0.000084277,-0.001204192
1790504279.947215557,0.000110678,0.000347916,0.000874049,0.999998646,-0.001117163,0.000088932,-0.001204785
1790504279.980549574,0.000112223,0.000348387,0.000872235,0.999998663,-0.001108137,0.000082253,-0.001199475
1790504280.013882637,0.000112216,0.000346170,0.000871226,0.999998656,-0.001123371,0.000095991,-0.001190119
1790504280.047216654,0.000113923,0.000348628,0.000870739,0.999998666,-0.001111758,0.000094073,-0.001192631
1790504280.080550432,0.000111536,0.000350243,0.000871374,0.999998682,-0.001101237,0.000106760,-0.001188173
1790504280.113883495,0.000109943,0.000347566,0.000874251,0.999998666,-0.001116365,0.000108621,-0.001187196
1790504280.147217512,0.000109475,0.000348364,0.000875988,0.999998687,-0.001102173,0.000120427,-0.001182156
1790504280.180551529,0.000111678,0.000351423,0.000875858,0.999998689,-0.001099484,0.000126967,-0.001182332
1790504280.213885307,0.000111660,0.000351031,0.000875540,0.999998689,-0.001101379,0.000143020,-0.001178084
1790504280.247218370,0.000107833,0.000349319,0.000878349,0.999998670,-0.001124635,0.000170068,-0.001168830
1790504280.280552149,0.000106112,0.000354100,0.000876957,0.999998702,-0.001095830,0.000172109,-0.001168897
1790504280.313885927,0.000102223,0.000354826,0.000875147,0.999998689,-0.001112991,0.000203261,-0.001158124
1790504280.347218752,0.000101085,0.000353352,0.000874431,0.999998698,-0.001110207,0.000226552,-0.001149186
1790504280.380552769,0.000101519,0.000350416,0.000875442,0.999998672,-0.001124330,0.000230320,-0.001157182
1790504280.413886547,0.000101998,0.000349666,0.000873529,0.999998675,-0.001124617,0.000255643,-0.001148670
1790504280.447223663,0.000103029,0.000350801,0.000871541,0.999998680,-0.001123340,0.000271440,-0.001141801
1790504280.480559826,0.000101873,0.000352161,0.000872540,0.999998681,-0.001121263,0.000291703,-0.001138710
1790504280.513896942,0.000104827,0.000353011,0.000871893,0.999998671,-0.001119806,0.000276975,-0.001151678
1790504280.547234297,0.000107199,0.000352948,0.000871389,0.999998667,-0.001116307,0.000270781,-0.001160802
1790504280.580571651,0.000106606,0.000350608,0.000873836,0.999998633,-0.001124776,0.000262256,-0.001183209
1790504280.613907814,0.000105051,0.000348316,0.000875689,0.999998617,-0.001128311,0.000263357,-0.001192837
1790504280.647244930,0.000107231,0.000349115,0.000872668,0.999998618,-0.001123172,0.000245373,-0.001200564
1790504280.680582047,0.000107959,0.000349947,0.000872127,0.999998599,-0.001125926,0.000239331,-0.001215650
1790504280.713918447,0.000107179,0.000351450,0.000871185,0.999998601,-0.001110196,0.000233604,-0.001228911
1790504280.747255564,0.000105983,0.000349439,0.000872220,0.999998574,-0.001124543,0.000225370,-0.001239805
1790504280.780592680,0.000104003,0.000349562,0.000874154,0.999998563,-0.001121194,0.000217181,-0.001252715
1790504280.813930273,0.000099705,0.000351715,0.000876436,0.999998554,-0.001114875,0.000216662,-0.001266137
1790504280.847266436,0.000101246,0.000353850,0.000876818,0.999998552,-0.001115055,0.000211572,-0.001268132
1790504280.880603552,0.000103124,0.000352864,0.000875700,0.999998508,-0.001133650,0.000207248,-0.001287088
1790504280.913940907,0.000103582,0.000350572,0.000876354,0.999998471,-0.001152379,0.000203697,-0.001299111
1790504280.947278023,0.000105806,0.000354406,0.000876692,0.999998465,-0.001149177,0.000199879,-0.001307673
1790504280.980614424,0.000109009,0.000360443,0.000875480,0.999998453,-0.001143883,0.000190332,-0.001322951
1790504281.013951778,0.000108128,0.000359702,0.000876430,0.999998424,-0.001159194,0.000190681,-0.001331225
1790504281.047289133,0.000106791,0.000356341,0.000878907,0.999998408,-0.001158512,0.000188456,-0.001344156
1790504281.080625534,0.000108562,0.000350620,0.000877011,0.999998364,-0.001181604,0.000182236,-0.001357759
1790504281.113962650,0.000113757,0.000346043,0.000874855,0.999998331,-0.001187473,0.000163775,-0.001378647
1790504281.147300005,0.000113802,0.000344031,0.000874239,0.999998309,-0.001198542,0.000168343,-0.001384334
1790504281.180637360,0.000110680,0.000343984,0.000872471,0.999998327,-0.001191750,0.000162209,-0.001377834
1790504281.213973522,0.000106102,0.000347497,0.000872034,0.999998342,-0.001179587,0.000159315,-0.001377943
1790504281.247311115,0.000108333,0.000351687,0.000869695,0.999998370,-0.001160981,0.000142162,-0.001375408
1790504281.280648470,0.000110228,0.000352496,0.000870093,0.999998377,-0.001163532,0.000130032,-0.001369221
1790504281.313985825,0.000111603,0.000355577,0.000872535,0.999998394,-0.001151294,0.000126515,-0.001367941
1790504281.347321987,0.000114921,0.000358941,0.000874620,0.999998424,-0.001124946,0.000098850,-0.001369823
1790504281.380659342,0.000111661,0.000356814,0.000876101,0.999998407,-0.001135884,0.000094331,-0.001373731
1790504281.413996935,0.000107060,0.000356378,0.000876370,0.999998427,-0.001127871,0.000102906,-0.001365355
1790504281.447334051,0.000107874,0.000358515,0.000873661,0.999998441,-0.001116963,0.000075125,-0.001365671
1790504281.480672121,0.000107149,0.000359486,0.000873437,0.999998459,-0.001106041,0.000077495,-0.001361178
1790504281.514010191,0.000107183,0.000359567,0.000873576,0.999998463,-0.001110687,0.000066340,-0.001355347
1790504281.547348499,0.000108707,0.000359503,0.000873717,0.999998427,-0.001129318,0.000053392,-0.001366925
1790504281.580685854,0.000107170,0.000360572,0.000875040,0.999998452,-0.001119180,0.000052010,-0.001356979
1790504281.614023924,0.000108089,0.000358781,0.000878162,0.999998447,-0.001127486,0.000032646,-0.001353887
1790504281.647361994,0.000112484,0.000354427,0.000878543,0.999998432,-0.001141055,0.000024383,-0.001353702
1790504281.680699110,0.000116908,0.000351689,0.000876820,0.999998399,-0.001160697,0.000005304,-0.001362207
1790504281.714037657,0.000117849,0.000352491,0.000875369,0.999998412,-0.001153724,-0.000001501,-0.001358021
1790504281.747375727,0.000118655,0.000354269,0.000873958,0.999998403,-0.001156162,-0.000019639,-0.001362761
1790504281.780713797,0.000116291,0.000355840,0.000870870,0.999998410,-0.001157863,-0.000029741,-0.001355876
1790504281.814051151,0.000107828,0.000355646,0.000871036,0.999998405,-0.001165009,-0.000019047,-0.001353514
1790504281.847389460,0.000106486,0.000356804,0.000871839,0.999998377,-0.001174948,-0.000015001,-0.001365390
1790504281.880727768,0.000109245,0.000355140,0.000871589,0.999998343,-0.001201544,-0.000009948,-0.001367464
1790504281.914065838,0.000111769,0.000354511,0.000871848,0.999998299,-0.001217248,-0.000017413,-0.001385915
1790504281.947403193,0.000112001,0.000355013,0.000875264,0.999998286,-0.001229676,0.000011719,-0.001384399
1790504281.980741501,0.000119619,0.000358953,0.000889977,0.999998218,-0.001256909,-0.000002186,-0.001408707
1790504282.014079809,0.000122168,0.000371408,0.000942895,0.999998192,-0.001277634,0.000021410,-0.001407995
1790504282.047416925,0.000130211,0.000392571,0.001009769,0.999998177,-0.001274845,0.000012405,-0.001421399
1790504282.080755472,0.000175589,0.000419304,0.001057722,0.999998122,-0.001309899,0.000029722,-0.001427758
1790504282.114093781,0.000177967,0.000432245,0.001114306,0.999998095,-0.001319593,0.000035725,-0.001437735
1790504282.147431850,0.000145595,0.000429222,0.001176662,0.999998083,-0.001333118,0.000057003,-0.001432917
1790504282.180769205,0.000133637,0.000419236,0.001196559,0.999998101,-0.001306685,0.000038543,-0.001445043
1790504282.214107752,0.000106054,0.000401100,0.001196618,0.999998148,-0.001270551,0.000018077,-0.001445629
1790504282.247446060,0.000073904,0.000371310,0.001211702,0.999998175,-0.001241160,0.000003904,-0.001452289
1790504282.280784369,0.000047727,0.000344696,0.001214256,0.999998229,-0.001197488,0.000000081,-0.001452079
1790504282.314121723,-0.000053010,0.000330899,0.001173111,0.999998242,-0.001179375,-0.000026691,-0.001457597
1790504282.347460270,-0.000110208,0.000322531,0.001151470,0.999998273,-0.001147655,-0.000036578,-0.001461661
1790504282.380798578,-0.000075219,0.000318998,0.001169617,0.999998304,-0.001118138,-0.000059544,-0.001462603
1790504282.414135933,-0.000081083,0.000323225,0.001161050,0.999998345,-0.001075147,-0.000066836,-0.001466392
1790504282.447477341,-0.000154036,0.000331533,0.001123409,0.999998356,-0.001055716,-0.000088210,-0.001471934
1790504282.480818748,-0.000230629,0.000335889,0.001098638,0.999998390,-0.001009769,-0.000084325,-0.001480956
1790504282.514160156,-0.000224555,0.000355562,0.001041650,0.999998553,-0.000770457,-0.000010399,-0.001516923
1790504282.547500849,-0.000142102,0.000340729,0.000854577,0.999998512,0.000754559,-0.000059217,-0.001550026
1790504282.580842495,-0.000098474,0.000375959,0.000840105,0.999998288,0.000951740,-0.000062825,-0.001585690
1790504282.614184141,-0.000074612,0.000454648,0.001094398,0.999998735,-0.000416453,0.000119478,-0.001530515
1790504282.647525787,-0.000082917,0.000520643,0.001145609,0.999998747,-0.000267068,0.000155158,-0.001552904
1790504282.680866718,-0.000220307,0.000613969,0.000708898,0.999995679,0.001650913,-0.000400944,-0.002399158
1790504282.714208603,-0.000698294,0.000861582,-0.000122519,0.999958594,0.001301213,-0.007818239,-0.004471243
1790504282.747550488,-0.001346508,0.001266858,-0.001276197,0.999781713,-0.000552402,-0.018879136,-0.008933102
1790504282.780891657,-0.001938001,0.001579521,-0.002749806,0.999644863,-0.000204932,-0.024099689,-0.011371478
1790504282.814233541,-0.002695276,0.001955068,-0.004325624,0.999563196,0.000052835,-0.026795146,-0.012467363
1790504282.847575665,-0.003724901,0.002441052,-0.005802140,0.999433745,-0.001161826,-0.030880279,-0.013313432
1790504282.880917788,-0.004989709,0.002911569,-0.007136121,0.999251290,-0.001843189,-0.035838237,-0.014459682
1790504282.914258957,-0.006567756,0.003436520,-0.008488710,0.999005545,-0.005489907,-0.041187454,-0.016167140
1790504282.947601318,-0.008478113,0.003781534,-0.010064630,0.998779931,-0.007287234,-0.045141597,-0.018648892
1790504282.980943680,-0.010784080,0.003983504,-0.011924794,0.998568040,-0.007149692,-0.047630064,-0.023283657
1790504283.014284849,-0.013467437,0.003901289,-0.014099745,0.998299244,-0.005427574,-0.050289693,-0.028984597
1790504283.047627449,-0.016382137,0.003397415,-0.016506142,0.997885953,-0.004110606,-0.054685899,-0.034873772
1790504283.080970049,-0.019347836,0.002366804,-0.019058663,0.997374688,-0.003047865,-0.060488098,-0.039694245
1790504283.114312410,-0.022163576,0.000700169,-0.021673736,0.996977562,-0.000750045,-0.064768270,-0.042898126
1790504283.147654057,-0.025062299,-0.001545440,-0.024495848,0.996582704,0.000264818,-0.070252424,-0.043444690
1790504283.180996895,-0.028226751,-0.004304581,-0.027516771,0.996230384,0.004331130,-0.073266782,-0.046241134
1790504283.214339256,-0.031841862,-0.007188616,-0.030703180,0.995755860,0.007177234,-0.075732835,-0.051800507
1790504283.247682095,-0.035825300,-0.010377687,-0.034076734,0.995035113,0.011473449,-0.080952390,-0.056746750
1790504283.281024218,-0.039678804,-0.013629326,-0.037346781,0.994555515,0.012217383,-0.084463949,-0.059798871
1790504283.314367056,-0.043315277,-0.016898870,-0.040562096,0.994070584,0.013803489,-0.086487872,-0.064443658
1790504283.347709894,-0.046895507,-0.020248110,-0.043943201,0.993413699,0.016608462,-0.092241567,-0.065915669
1790504283.381052017,-0.050424508,-0.023758471,-0.047567278,0.992066501,0.028078242,-0.100501722,-0.070107591
1790504283.414395094,-0.053517703,-0.026818636,-0.050948980,0.991477274,0.030102391,-0.105306676,-0.070549023
1790504283.447729826,-0.056355534,-0.029755364,-0.054277340,0.990814932,0.032522067,-0.110223882,-0.071265564
1790504283.481064796,-0.058957290,-0.032556399,-0.057499973,0.990037011,0.034254146,-0.116834825,-0.070731848
1790504283.514398575,-0.061298584,-0.035253619,-0.060531175,0.989155573,0.036606010,-0.123032167,-0.071374639
1790504283.547733307,-0.063420843,-0.037865951,-0.063415367,0.988419047,0.037571782,-0.128064466,-0.072219396
1790504283.581068277,-0.065401974,-0.040435031,-0.066297366,0.987783457,0.038373807,-0.132615500,-0.072280167
1790504283.614403248,-0.067309411,-0.042959125,-0.069242987,0.986885517,0.040676591,-0.138013867,-0.073174880
1790504283.647737026,-0.069071610,-0.045423593,-0.072110898,0.986170829,0.040138842,-0.143335901,-0.072875156
1790504283.681071997,-0.070828591,-0.047889014,-0.075059189,0.985130155,0.040314060,-0.150038728,-0.073360309
1790504283.714406967,-0.072659156,-0.050401397,-0.078167583,0.983876652,0.044435427,-0.156027476,-0.075283815
1790504283.747740746,-0.074634248,-0.052865833,-0.081410776,0.982683006,0.047558180,-0.161918953,-0.076515243
1790504283.781075716,-0.076602565,-0.055137524,-0.084490045,0.982144894,0.046121943,-0.163962492,-0.079877879
1790504283.814410686,-0.078666372,-0.057584741,-0.087609437,0.981367183,0.047695905,-0.166467772,-0.083258834
1790504283.847745419,-0.080906601,-0.060248437,-0.090870608,0.979819507,0.051786777,-0.173114172,-0.085459618
1790504283.881079435,-0.083021874,-0.063080429,-0.093895519,0.978755301,0.055474635,-0.177004693,-0.087349662
1790504283.914414406,-0.085002538,-0.065754716,-0.096573859,0.978175026,0.054032771,-0.178762896,-0.091092840
1790504283.947749138,-0.087005296,-0.068657497,-0.099134990,0.977180561,0.056175838,-0.181974365,-0.094062519
1790504283.981083870,-0.088928054,-0.071529174,-0.101173698,0.977282630,0.053883385,-0.181325688,-0.095583667
1790504284.014417887,-0.091017295,-0.074434449,-0.102994859,0.977041735,0.052561852,-0.181517047,-0.098378158
1790504284.047752619,-0.093220601,-0.077201643,-0.104689561,0.976514476,0.052221326,-0.181580569,-0.103541821
1790504284.081087589,-0.095475041,-0.079891757,-0.106500636,0.975521420,0.054838972,-0.182569868,-0.109630692
1790504284.114421368,-0.097501383,-0.082357801,-0.108345729,0.975068195,0.053939029,-0.182684928,-0.113836782
1790504284.147756338,-0.099167957,-0.084763951,-0.110227558,0.974965501,0.054101427,-0.180863376,-0.117489350
1790504284.181091309,-0.100800601,-0.087199638,-0.112446477,0.974075342,0.056463312,-0.183917417,-0.119010529
1790504284.214426041,-0.102376862,-0.089464419,-0.114686198,0.973321619,0.057810206,-0.186624372,-0.120309390
1790504284.247760057,-0.104048191,-0.091545285,-0.116926675,0.972364221,0.060157612,-0.189639610,-0.122170786
1790504284.281094790,-0.105875194,-0.093420330,-0.119099062,0.971129140,0.063012019,-0.193937903,-0.123797290
1790504284.314429760,-0.107751111,-0.094887303,-0.120938113,0.970084096,0.063324732,-0.196779294,-0.127297819
1790504284.347763777,-0.109702803,-0.096224167,-0.122566322,0.968920117,0.064606970,-0.200938614,-0.129009376
1790504284.381098270,-0.111610688,-0.097317962,-0.123920345,0.967740632,0.065218286,-0.205851125,-0.129807391
1790504284.414433241,-0.113445111,-0.098163375,-0.125054430,0.966363263,0.066005839,-0.211472798,-0.130631271
1790504284.447767496,-0.115284068,-0.098786059,-0.125989391,0.965157592,0.066523797,-0.216216416,-0.131513758
1790504284.481100798,-0.117226564,-0.099179165,-0.126642861,0.964312913,0.065926123,-0.219201195,-0.133060846
1790504284.514435291,-0.119374162,-0.099437638,-0.126961643,0.963617373,0.064461105,-0.221959181,-0.134240256
1790504284.547769547,-0.121857117,-0.099540358,-0.126862417,0.962612183,0.060943232,-0.226585963,-0.135360663
1790504284.581103802,-0.124660276,-0.099519117,-0.126249536,0.961585930,0.055618323,-0.231419186,-0.136763526
1790504284.614437103,-0.127757248,-0.099468666,-0.125327251,0.960662848,0.052071943,-0.235331057,-0.137966295
1790504284.647771358,-0.131082780,-0.099260020,-0.124270083,0.959820118,0.048523149,-0.238503544,-0.139667118
1790504284.681105375,-0.134549308,-0.098973284,-0.123245266,0.958823150,0.045283117,-0.241845709,-0.141838851
1790504284.714438677,-0.138052826,-0.098636914,-0.122398538,0.957596455,0.042722984,-0.245504791,-0.144606965
1790504284.747772932,-0.141544606,-0.098310260,-0.121845279,0.955707366,0.042049345,-0.251507159,-0.146967454
1790504284.781107187,-0.144920970,-0.098031732,-0.121397892,0.953807263,0.041103265,-0.257982229,-0.148348901
1790504284.814441442,-0.148188261,-0.097864248,-0.121158034,0.951678453,0.041121622,-0.265073865,-0.149509129
1790504284.847774506,-0.151390784,-0.097764908,-0.121054151,0.949532567,0.041049580,-0.271755021,-0.151168925
1790504284.881108761,-0.154570864,-0.097807466,-0.120926882,0.947744429,0.042055400,-0.277037235,-0.152519539
1790504284.914442539,-0.157755262,-0.097825274,-0.120760837,0.945690703,0.042201154,-0.282732968,-0.154758606
1790504284.947776794,-0.160777258,-0.097891493,-0.120375598,0.944329165,0.042336778,-0.286279686,-0.156505485
1790504284.981109858,-0.163542257,-0.097911401,-0.120098211,0.941828216,0.041992946,-0.293843174,-0.157646419
1790504285.014443874,-0.165626341,-0.097952164,-0.119709692,0.940035063,0.041949129,-0.300158353,-0.156458666
1790504285.047778130,-0.167153950,-0.097966228,-0.119294351,0.938128786,0.043594839,-0.306965691,-0.154226898
1790504285.081111193,-0.168384052,-0.097781099,-0.118483704,0.936848588,0.043259540,-0.311071517,-0.153876073
1790504285.114444971,-0.169666536,-0.097616948,-0.117247714,0.936161215,0.041557113,-0.313869044,-0.152844397
1790504285.147778988,-0.171145885,-0.097380701,-0.115424741,0.936400859,0.038495837,-0.313179252,-0.153591207
1790504285.181113005,-0.172928688,-0.097084919,-0.113209149,0.936594137,0.035213246,-0.312585035,-0.154408699
1790504285.214446068,-0.174942095,-0.096647776,-0.110636973,0.936901223,0.031705612,-0.311092234,-0.156308905
1790504285.247780085,-0.177127099,-0.096080568,-0.107782585,0.937400199,0.027399019,-0.309012932,-0.158244017
1790504285.281113863,-0.179446276,-0.095371967,-0.104901442,0.936927506,0.023029306,-0.310162157,-0.159486477
1790504285.314447641,-0.181715118,-0.094486076,-0.101994265,0.936452143,0.019540066,-0.311005981,-0.161092670
1790504285.347780704,-0.183860865,-0.093418370,-0.099254144,0.936228291,0.016655019,-0.310846080,-0.163015068
1790504285.381114483,-0.185883017,-0.092292135,-0.096700118,0.936137776,0.015163373,-0.310343647,-0.164629758
1790504285.414448500,-0.187755563,-0.091131644,-0.094190808,0.935788957,0.011863993,-0.310654234,-0.166289570
1790504285.447781563,-0.189498476,-0.090088614,-0.091591321,0.935738084,0.007306251,-0.310332931,-0.167434550
1790504285.481115341,-0.191218698,-0.089231498,-0.089016282,0.935430165,0.004104798,-0.311244606,-0.167571930
1790504285.514449120,-0.192891494,-0.088417807,-0.086527453,0.934785634,0.000666435,-0.313155900,-0.167656661
1790504285.547782898,-0.194510383,-0.087593371,-0.084242091,0.934163077,-0.002765287,-0.314861825,-0.167909887
1790504285.581115961,-0.196078123,-0.086712145,-0.082314736,0.933629333,-0.004747929,-0.316062630,-0.168576806
1790504285.614449739,-0.197562652,-0.085751659,-0.080890619,0.932909673,-0.005605395,-0.317160585,-0.170461976
1790504285.647783518,-0.198876350,-0.084748716,-0.079940354,0.932214071,-0.006587808,-0.317434849,-0.173691230
1790504285.681116104,-0.199952741,-0.083889052,-0.079343940,0.931654675,-0.006780591,-0.317737221,-0.176115442
1790504285.714450121,-0.200785543,-0.083226400,-0.078916059,0.931041943,-0.006856945,-0.318886767,-0.177271299
1790504285.747783899,-0.201425574,-0.082771028,-0.078463924,0.930674107,-0.006474086,-0.319495382,-0.178119326
1790504285.781117678,-0.201937098,-0.082534023,-0.078017144,0.930540050,-0.006763571,-0.320015600,-0.177874912
1790504285.814450264,-0.202379153,-0.082458555,-0.077604464,0.930349762,-0.007814710,-0.320711501,-0.177573599
1790504285.847784042,-0.202838334,-0.082508550,-0.077234836,0.929919223,-0.008179716,-0.322493082,-0.176582966
1790504285.881117582,-0.203338016,-0.082532954,-0.076779941,0.929746577,-0.008055890,-0.323327436,-0.175970950
1790504285.914451122,-0.203853028,-0.082372922,-0.076281019,0.929621942,-0.008071261,-0.323355643,-0.176575842
1790504285.947783947,-0.204396802,-0.082061602,-0.075788146,0.928931724,-0.008303053,-0.325199752,-0.176810722
1790504285.981117487,-0.204969313,-0.081626454,-0.075044073,0.928426596,-0.008695719,-0.326291857,-0.177431859
1790504286.014451265,-0.205646219,-0.081138178,-0.074007686,0.928015861,-0.009258101,-0.327441990,-0.177433345
1790504286.047783613,-0.206418195,-0.080600812,-0.072647820,0.927900552,-0.010073564,-0.327829257,-0.177276810
1790504286.081117153,-0.207266351,-0.079957405,-0.071179535,0.927590298,-0.012263695,-0.328951173,-0.176683240
1790504286.114450693,-0.208084717,-0.079237463,-0.069710681,0.927479484,-0.012742938,-0.329823896,-0.175600747
1790504286.147784233,-0.208694771,-0.078460293,-0.068216228,0.928414976,-0.010691705,-0.328145782,-0.173930063
1790504286.181116581,-0.209094362,-0.077569057,-0.066874151,0.928409033,-0.010187554,-0.329580691,-0.171258428
1790504286.214450121,-0.209334152,-0.076727745,-0.065503713,0.927640966,-0.009592705,-0.333843510,-0.167148823
1790504286.247783661,-0.209588541,-0.075710854,-0.064117168,0.926263585,-0.012701022,-0.339038246,-0.164096077
1790504286.281117201,-0.209940121,-0.074751397,-0.062653529,0.925538903,-0.013639220,-0.341558071,-0.162879696
1790504286.314449787,-0.210408784,-0.073824502,-0.061091626,0.925541163,-0.015682138,-0.341738412,-0.162303676
1790504286.347782850,-0.211053919,-0.072990986,-0.059520307,0.925778974,-0.017445221,-0.340874411,-0.162584105
1790504286.381116390,-0.211857060,-0.072225493,-0.058139348,0.925549717,-0.018592622,-0.341380974,-0.162699311
1790504286.414448738,-0.212757752,-0.071488343,-0.056874856,0.925088492,-0.018715309,-0.342822844,-0.162276048
1790504286.447783947,-0.213764273,-0.070682463,-0.055673276,0.924574445,-0.019324965,-0.343944677,-0.162759642
1790504286.481119156,-0.214832412,-0.069821650,-0.054455943,0.924284247,-0.020027286,-0.344220129,-0.163737718
1790504286.514454126,-0.215908342,-0.068902794,-0.053233225,0.923177264,-0.021767355,-0.347307127,-0.163241171
1790504286.547788382,-0.216941123,-0.067970988,-0.051843381,0.922399556,-0.023240057,-0.349860027,-0.161978147
1790504286.581123590,-0.217857846,-0.066977183,-0.050402679,0.922539524,-0.024632746,-0.349311203,-0.162159608
1790504286.614458561,-0.218530252,-0.066175868,-0.049014694,0.924093171,-0.022274797,-0.345107446,-0.162654528
1790504286.647793770,-0.219033216,-0.065487921,-0.048127956,0.923560185,-0.022001835,-0.347356726,-0.160921747
1790504286.681128025,-0.219325283,-0.064969579,-0.047434627,0.922760865,-0.022244682,-0.350610761,-0.158397144
1790504286.714462996,-0.219499648,-0.064481976,-0.046821663,0.922831080,-0.023561340,-0.350859210,-0.157243367
1790504286.747798204,-0.219690748,-0.064027160,-0.046359444,0.923095398,-0.024867544,-0.350178636,-0.157007690
1790504286.781132221,-0.219906505,-0.063611583,-0.046024658,0.923420264,-0.025866971,-0.349050484,-0.157447376
1790504286.814467192,-0.220110798,-0.063231590,-0.045874033,0.923823379,-0.027034043,-0.347403887,-0.158524651
1790504286.847802401,-0.220250278,-0.062983363,-0.045939520,0.924232458,-0.026624393,-0.345834509,-0.159637080
1790504286.881137609,-0.220230306,-0.062916875,-0.046177426,0.924427720,-0.026231266,-0.345261614,-0.159811543
1790504286.914471626,-0.219936217,-0.063076471,-0.046529160,0.925056457,-0.025731332,-0.343953169,-0.159074410
1790504286.947806835,-0.219400159,-0.063388820,-0.047151321,0.925173417,-0.024032853,-0.344506194,-0.157454920
1790504286.981141806,-0.218725576,-0.063739899,-0.047894523,0.924650330,-0.022594494,-0.346776446,-0.155747719
1790504287.014476061,-0.218079316,-0.064196968,-0.048642387,0.924230982,-0.020730192,-0.349003233,-0.153506009
1790504287.047811031,-0.217668370,-0.064690865,-0.049420838,0.923837293,-0.018420747,-0.351125917,-0.151313986
1790504287.081146240,-0.217610621,-0.065109804,-0.050060545,0.923810779,-0.017725464,-0.351512461,-0.150660024
1790504287.114481449,-0.217900368,-0.065566154,-0.050560398,0.924229092,-0.017880795,-0.350404866,-0.150656210
1790504287.147815466,-0.218375334,-0.066155505,-0.051006791,0.924837276,-0.019257655,-0.348565145,-0.151021509
1790504287.181150675,-0.218765865,-0.067051185,-0.051508302,0.925876953,-0.021279700,-0.345623469,-0.151140528
1790504287.214485645,-0.218859936,-0.068363437,-0.052350495,0.926823608,-0.022279013,-0.343134966,-0.150864313
1790504287.247820854,-0.218483794,-0.070184963,-0.053678385,0.928084199,-0.022618503,-0.340083672,-0.149970727
1790504287.281154871,-0.217597076,-0.072659442,-0.055641390,0.929401134,-0.021141257,-0.337383590,-0.148117835
1790504287.314490080,-0.216265928,-0.075790157,-0.058217242,0.930209639,-0.017111676,-0.336483522,-0.145588657
1790504287.347825050,-0.214557393,-0.079481424,-0.061042816,0.931391126,-0.014364721,-0.334900140,-0.141937036
1790504287.381159067,-0.212633774,-0.083714147,-0.063915683,0.932648589,-0.011193927,-0.333014564,-0.138356801
1790504287.414494038,-0.210597763,-0.088394044,-0.066674389,0.933791418,-0.007934722,-0.331404382,-0.134691365
1790504287.447827339,-0.208476996,-0.093277216,-0.069242171,0.935031063,-0.006801784,-0.329216314,-0.131481049
1790504287.481160402,-0.206310879,-0.098325346,-0.071761280,0.936065213,-0.003821760,-0.327316007,-0.128963336
1790504287.514492512,-0.204013141,-0.103460470,-0.074158273,0.937479603,-0.000207596,-0.324589386,-0.125593317
1790504287.547825336,-0.201600055,-0.108499144,-0.076494020,0.938639141,0.002513229,-0.322392468,-0.122528948
1790504287.581158400,-0.199097122,-0.113334783,-0.078761013,0.939383678,0.005702671,-0.321055067,-0.120205776
1790504287.614491463,-0.196539339,-0.117891213,-0.080800543,0.940345694,0.008696925,-0.319088485,-0.117715241
1790504287.647823572,-0.194017381,-0.122247833,-0.082581562,0.941931556,0.012466723,-0.315589420,-0.114073848
1790504287.681156397,-0.191636909,-0.126236251,-0.084210149,0.943420796,0.013492057,-0.312400493,-0.110368012
1790504287.714489222,-0.189387651,-0.129916103,-0.085602046,0.944939178,0.014906402,-0.308379287,-0.108489469
1790504287.747821331,-0.187322892,-0.133298227,-0.086790869,0.945928896,0.012900011,-0.306211299,-0.106239133
1790504287.781154156,-0.185391650,-0.136817573,-0.087795507,0.947278556,0.016214317,-0.302865789,-0.103308990
1790504287.814486742,-0.183540100,-0.140089768,-0.088671532,0.948569227,0.016000693,-0.299306703,-0.101862152
1790504287.847819805,-0.181630396,-0.143493248,-0.089518330,0.949693475,0.017763105,-0.296517395,-0.099217989
1790504287.881151676,-0.179544708,-0.147003735,-0.090432581,0.950299990,0.020066036,-0.295522421,-0.095884207
1790504287.914484262,-0.177187696,-0.150677682,-0.091379864,0.950954188,0.023524175,-0.294362095,-0.092107016
1790504287.947817087,-0.174692637,-0.154130908,-0.092402519,0.951134255,0.021484018,-0.295054264,-0.088459299
1790504287.981149912,-0.172052254,-0.157637282,-0.093309779,0.952027305,0.023333506,-0.293109627,-0.084772079
1790504288.014481544,-0.169300827,-0.160897282,-0.094016226,0.953189222,0.024569302,-0.290122215,-0.081582824
1790504288.047814131,-0.166403427,-0.163863694,-0.094557927,0.954475660,0.025618375,-0.286852041,-0.077690539
1790504288.081146717,-0.163377599,-0.166460349,-0.095050488,0.955525748,0.027326434,-0.284408942,-0.073043583
1790504288.114478588,-0.160180400,-0.168620410,-0.095407156,0.956750241,0.029109189,-0.281186520,-0.068671483
1790504288.147810936,-0.156779946,-0.170489298,-0.095693028,0.957888324,0.031391726,-0.278161530,-0.063958443
1790504288.181143522,-0.153183155,-0.172097011,-0.095930993,0.958562499,0.032940423,-0.276756254,-0.058981687
1790504288.214476347,-0.149351262,-0.173492042,-0.095951388,0.959595530,0.034275955,-0.274024899,-0.053962320
1790504288.247807980,-0.145448894,-0.174610098,-0.095752444,0.960885305,0.033254943,-0.270385124,-0.049854022
1790504288.281140327,-0.141608050,-0.175602103,-0.095451005,0.962309142,0.033352670,-0.265910094,-0.046265937
1790504288.314472675,-0.137904418,-0.176380408,-0.095126739,0.963697274,0.033252874,-0.261331352,-0.043448070
1790504288.347804308,-0.134360137,-0.176956323,-0.094760929,0.965100668,0.031271343,-0.256716115,-0.041226686
1790504288.381136656,-0.130959297,-0.177478883,-0.094374265,0.966611031,0.030765183,-0.251352295,-0.039225514
1790504288.414469004,-0.127657192,-0.177792731,-0.093996149,0.968058264,0.030145469,-0.245993815,-0.037966982
1790504288.447805166,-0.124327768,-0.178007494,-0.093544539,0.969532448,0.030155605,-0.240485428,-0.035556032
1790504288.481139898,-0.121007131,-0.178082329,-0.092987914,0.970468072,0.029510655,-0.237182091,-0.032641959
1790504288.514476061,-0.117571087,-0.178074273,-0.092155031,0.971589273,0.029174605,-0.233148405,-0.028371617
1790504288.547811985,-0.114054421,-0.177869062,-0.091059452,0.972599063,0.027783432,-0.229529481,-0.024400026
1790504288.581147909,-0.110475601,-0.177586724,-0.089659710,0.973681835,0.026637237,-0.225491335,-0.019692621
1790504288.614482880,-0.106966123,-0.177068671,-0.088049234,0.974701583,0.024245345,-0.221570316,-0.016600691
1790504288.647818804,-0.103455238,-0.176401506,-0.086198470,0.976330671,0.021859314,-0.214702087,-0.014269040
1790504288.681154728,-0.100033600,-0.175670978,-0.084255914,0.977952574,0.019741963,-0.207572138,-0.011525031
1790504288.714489698,-0.096627885,-0.174851836,-0.082218756,0.979604877,0.017103748,-0.199990671,-0.009245437
1790504288.747825623,-0.093215252,-0.174008931,-0.080300814,0.980762979,0.014470999,-0.194571959,-0.006026800
1790504288.781161547,-0.089666531,-0.173136500,-0.078429309,0.981940706,0.012349434,-0.188769609,-0.002444541
1790504288.814497471,-0.086047437,-0.172236286,-0.076590571,0.982774850,0.011756107,-0.184415824,0.002488278
1790504288.847832203,-0.082495528,-0.171029220,-0.074798640,0.983143608,0.009658634,-0.182464516,0.006485084
1790504288.881168127,-0.078690301,-0.169724432,-0.072665155,0.985034994,0.007886106,-0.171833920,0.010815442
1790504288.914504051,-0.075186829,-0.168241480,-0.070655174,0.986328381,0.004145110,-0.164159339,0.013815042
1790504288.947839975,-0.071980063,-0.166727544,-0.068792671,0.987151464,0.001754214,-0.159048229,0.015250261
1790504288.981174946,-0.068924456,-0.165308251,-0.066921413,0.987991613,-0.000547237,-0.153501114,0.017597759
1790504289.014510870,-0.066048821,-0.163943749,-0.064974973,0.988927829,-0.003770930,-0.147132091,0.018965147
1790504289.047847033,-0.063250844,-0.162630568,-0.062964912,0.989783266,-0.007209810,-0.140910226,0.020528335
1790504289.081182003,-0.060419523,-0.161332637,-0.060970941,0.990396310,-0.010365389,-0.135924437,0.023070676
1790504289.114517927,-0.057476206,-0.159964670,-0.059033950,0.991092078,-0.012216769,-0.130112066,0.025653318
1790504289.147853851,-0.054522331,-0.158391805,-0.057220236,0.991560691,-0.014086844,-0.125866281,0.027688207
1790504289.181189775,-0.051326423,-0.156615811,-0.055297916,0.992260934,-0.016787677,-0.119341335,0.029900805
1790504289.214524746,-0.047860950,-0.154710047,-0.053285532,0.993048052,-0.018475510,-0.111416847,0.033173917
1790504289.247860670,-0.044368296,-0.152467400,-0.051277778,0.993355211,-0.021875926,-0.107087455,0.036043658
1790504289.281196594,-0.040470209,-0.150046698,-0.049068966,0.993975394,-0.025361607,-0.098961798,0.039702235
1790504289.314532518,-0.036249137,-0.147570280,-0.046865466,0.994510706,-0.029083394,-0.089803808,0.045142982
1790504289.347867489,-0.032002027,-0.145092780,-0.044793159,0.994598976,-0.031659228,-0.084860234,0.050688361
1790504289.381203413,-0.027807967,-0.142611197,-0.042778718,0.994378170,-0.032900523,-0.083759647,0.055802625
1790504289.414539337,-0.023341171,-0.139945710,-0.040420265,0.994659030,-0.036109828,-0.076513146,0.059120490
1790504289.447873116,-0.018917604,-0.137428627,-0.038005333,0.994735145,-0.038373118,-0.070671979,0.063521393
1790504289.481207609,-0.014523803,-0.134846824,-0.035595459,0.994883313,-0.041811362,-0.063181678,0.066836213
1790504289.514542341,-0.010403997,-0.132352512,-0.033419592,0.994919189,-0.043975971,-0.056715776,0.070606241
1790504289.547876835,-0.006693231,-0.129930664,-0.031410840,0.994937269,-0.045609652,-0.051434344,0.073308245
1790504289.581210375,-0.003249528,-0.127405854,-0.029329166,0.995148758,-0.049400879,-0.042887568,0.073478970
1790504289.614545107,-0.000129194,-0.124965167,-0.027283762,0.995333152,-0.052132264,-0.034884378,0.073329561
1790504289.647879601,0.002907951,-0.122446808,-0.025168131,0.995284909,-0.056875554,-0.026083624,0.074113193
1790504289.681213379,0.005919141,-0.119880165,-0.023044623,0.995177970,-0.061002785,-0.019004575,0.074419721
1790504289.714547873,0.009111137,-0.117304016,-0.020898292,0.994926691,-0.064309635,-0.012963396,0.076269922
1790504289.747882605,0.012580638,-0.114672811,-0.018842526,0.994353270,-0.068946094,-0.006742556,0.080389980
1790504289.781217098,0.016269800,-0.112032827,-0.017053998,0.993796019,-0.072264216,0.000115724,0.084541958
1790504289.814550638,0.020061401,-0.109373021,-0.015572240,0.993165551,-0.074834822,0.005600544,0.089389992
1790504289.847884893,0.024066805,-0.106676925,-0.014243433,0.992373676,-0.077705604,0.012328930,0.094891118
1790504289.881219625,0.027999259,-0.103983407,-0.013088844,0.991640933,-0.080013167,0.016048866,0.099942914
1790504289.914554119,0.032013742,-0.101168769,-0.011860225,0.990647670,-0.084013038,0.021805424,0.105278333
1790504289.947887659,0.035749469,-0.098449284,-0.010606564,0.989896494,-0.086132585,0.025173659,0.109783408
1790504289.981222153,0.039179490,-0.095585407,-0.009219117,0.989121493,-0.089632187,0.029307293,0.112897412
1790504290.014556646,0.042253261,-0.092485410,-0.007718833,0.988221227,-0.095321324,0.034834950,0.114538976
1790504290.047890186,0.044869988,-0.089386498,-0.006210805,0.987750441,-0.098321053,0.038964109,0.114733756
1790504290.081224680,0.047454724,-0.086071228,-0.004563795,0.987096273,-0.101347739,0.046154491,0.115062358
1790504290.114559174,0.050122724,-0.082512813,-0.002888999,0.986071090,-0.106325462,0.052764684,0.116510038
1790504290.147893667,0.052911487,-0.078904326,-0.001383450,0.985153221,-0.110295265,0.055871765,0.119106808
1790504290.181226730,0.055994388,-0.075194420,-0.000043569,0.984197994,-0.113599235,0.059110905,0.122292368
1790504290.214561224,0.059383407,-0.071412252,0.001179632,0.982969488,-0.117057917,0.063567395,0.126600223
1790504290.247895718,0.062889554,-0.067610363,0.002279939,0.981566203,-0.121010792,0.067354602,0.131710042
1790504290.281229973,0.066433979,-0.063715067,0.003325689,0.980436062,-0.124349782,0.071849846,0.134610027
1790504290.314563513,0.069993789,-0.059743678,0.004467196,0.979356485,-0.126784070,0.077345561,0.137128916
1790504290.347897768,0.073425369,-0.055543435,0.005872940,0.977996949,-0.132142572,0.082562408,0.138721868
1790504290.381232262,0.076594292,-0.051419398,0.007489203,0.976952487,-0.136961348,0.084830611,0.140032832
1790504290.414565325,0.079621610,-0.047506155,0.009126284,0.976247769,-0.139490636,0.086952083,0.141145282
1790504290.447900772,0.082558575,-0.043702512,0.010712186,0.975250706,-0.143474850,0.091524128,0.141153681
1790504290.481236458,0.085458585,-0.040083694,0.012252550,0.973733450,-0.149421322,0.098321917,0.140887323
1790504290.514571905,0.088239415,-0.036832352,0.013642763,0.972574947,-0.153864277,0.103778586,0.140191879
1790504290.547906399,0.090985648,-0.033850928,0.014881619,0.971565835,-0.157452997,0.108398800,0.139707132
1790504290.581241846,0.093844274,-0.030974449,0.015964476,0.970006518,-0.162351873,0.114301392,0.140229868
1790504290.614577293,0.096535304,-0.028478430,0.016738509,0.968829306,-0.164432356,0.115677815,0.144742594
1790504290.647912741,0.099244218,-0.025850461,0.017293452,0.967287807,-0.168849218,0.118050116,0.148014900
1790504290.681247234,0.102019216,-0.023400834,0.017764002,0.966205594,-0.169903010,0.121675248,0.150913393
1790504290.714582920,0.104675625,-0.020928521,0.018161591,0.964772112,-0.172826217,0.123894638,0.154906388
1790504290.747918367,0.107254425,-0.018525558,0.018498842,0.963432054,-0.175831487,0.126678106,0.157590046
1790504290.781252861,0.109750637,-0.016273558,0.018801443,0.962025186,-0.178686521,0.129468629,0.160675274
1790504290.814588308,0.112128179,-0.014194266,0.019087520,0.960527906,-0.181596576,0.132362819,0.163978381
1790504290.847923994,0.114233713,-0.012344133,0.019377826,0.959373765,-0.183833723,0.134501262,0.166482888
1790504290.881259441,0.116099404,-0.010675683,0.019706711,0.958323075,-0.186031242,0.136970058,0.168072793
1790504290.914593935,0.117774559,-0.009146470,0.020035061,0.957217199,-0.188545129,0.139819550,0.169223111
1790504290.947929621,0.119299709,-0.007757544,0.020348233,0.956166266,-0.190617835,0.142189711,0.170859588
1790504290.981265068,0.120781225,-0.006395712,0.020701044,0.955007413,-0.193186699,0.144620230,0.172408611
1790504291.014599800,0.122265913,-0.005072845,0.021063711,0.953784702,-0.195453825,0.147274698,0.174363722
1790504291.047935247,0.123794532,-0.003727589,0.021412699,0.952411506,-0.197812389,0.150445538,0.176490004
1790504291.081270933,0.125255508,-0.002419401,0.021715679,0.951274411,-0.199868491,0.151905114,0.179037473
1790504291.114606380,0.126706805,-0.001129692,0.021963062,0.950116061,-0.201566133,0.154820000,0.180779789
1790504291.147941113,0.128030150,0.000187752,0.022269145,0.948613265,-0.204679822,0.158556712,0.181930790
1790504291.181276560,0.129184375,0.001429242,0.022699377,0.947396469,-0.207527399,0.161652536,0.182320506
1790504291.214612246,0.130169568,0.002440201,0.023045492,0.946338747,-0.210147928,0.163615328,0.183059685
1790504291.247947931,0.130797432,0.002605586,0.023050614,0.945993872,-0.209977134,0.164059252,0.184634122
1790504291.281282425,0.130963131,0.002122586,0.022819961,0.946212506,-0.208713967,0.164985823,0.184119667
1790504291.314618111,0.130996129,0.001894575,0.022707262,0.945782563,-0.210036381,0.168280362,0.181828991
1790504291.347953796,0.131197630,0.002167275,0.022889656,0.944690085,-0.212879727,0.172296021,0.180435436
1790504291.381288528,0.131590917,0.002814837,0.023246036,0.943561646,-0.216153631,0.174062937,0.180751546
1790504291.414623976,0.132091999,0.003342323,0.023423627,0.943074430,-0.217178451,0.173797700,0.182314285
1790504291.447960854,0.132514081,0.003214879,0.023188360,0.943240226,-0.216430085,0.173325729,0.182795200
1790504291.481297970,0.133001507,0.002724387,0.022768761,0.943129688,-0.215451574,0.175175878,0.182757826
1790504291.514633894,0.133653795,0.002479860,0.022449127,0.942663675,-0.215887801,0.176974332,0.182914569
1790504291.547970533,0.134616712,0.002603242,0.022240359,0.941817548,-0.217298987,0.178540620,0.184076351
1790504291.581307411,0.135932112,0.002989024,0.022034602,0.941024544,-0.218284556,0.179756436,0.185774820
1790504291.614644289,0.137612404,0.003505047,0.021772855,0.939909352,-0.219362287,0.180895316,0.189017147
1790504291.647980213,0.139565201,0.003907618,0.021369589,0.938855255,-0.220428917,0.182511322,0.191445867
1790504291.681317091,0.141639454,0.003930884,0.020739946,0.938252150,-0.220199591,0.184584743,0.192674635
1790504291.714653969,0.143699416,0.003537032,0.019951046,0.938415290,-0.218038407,0.186000674,0.192976026
1790504291.747989893,0.145805056,0.002885383,0.019141778,0.938411959,-0.216325786,0.187991654,0.192990383
1790504291.781327009,0.147966945,0.001886055,0.018363828,0.938417791,-0.213859757,0.190404951,0.193344272
1790504291.814663887,0.150180616,0.000632259,0.017635061,0.938597000,-0.211487000,0.192866451,0.192643331
1790504291.848000765,0.152530574,-0.000690006,0.016971222,0.938519628,-0.210485407,0.195408687,0.191552201
1790504291.881336689,0.155203930,-0.002021684,0.016388152,0.937949573,-0.209767689,0.199319770,0.191101398
1790504291.914673567,0.158154110,-0.003412214,0.015867615,0.937531525,-0.208263326,0.201908528,0.192078039
1790504291.948010445,0.161402945,-0.004811281,0.015380393,0.936996144,-0.206917618,0.204072961,0.193849304
1790504291.981347561,0.164956671,-0.006307404,0.014904307,0.936234207,-0.205606347,0.207439541,0.195346812
1790504292.014683485,0.168636229,-0.008016582,0.014463551,0.935595421,-0.205225868,0.209674570,0.196418242
1790504292.048020601,0.172562435,-0.009961397,0.013987891,0.934737229,-0.205600169,0.212870420,0.196675033
1790504292.081357479,0.176833057,-0.012274434,0.013291481,0.934194756,-0.203657223,0.216781291,0.197001940
1790504292.114693403,0.181383445,-0.014888042,0.012207761,0.933862716,-0.199993065,0.220577540,0.198112976
1790504292.148030519,0.186183676,-0.017838783,0.010926468,0.934005557,-0.192917762,0.224783208,0.199721971
1790504292.181367397,0.191121587,-0.020682871,0.009864597,0.933660821,-0.188690714,0.228106914,0.201594944
1790504292.214704514,0.196247819,-0.023336132,0.009222396,0.932748624,-0.186371596,0.231844905,0.203699714
1790504292.248040438,0.201472733,-0.025783813,0.008900561,0.931445158,-0.184816466,0.236023982,0.206265535
1790504292.281377554,0.206806786,-0.028013629,0.008794453,0.930112961,-0.182981047,0.240158284,0.209121532
1790504292.314714670,0.212207152,-0.029948684,0.008883145,0.928511038,-0.182303592,0.242552624,0.214011397
1790504292.348050594,0.217695496,-0.031628143,0.009079550,0.926764730,-0.181767790,0.246002013,0.218061037
1790504292.381387711,0.223083089,-0.033255240,0.009317065,0.925157702,-0.180495760,0.249822282,0.221570158
1790504292.414724588,0.228252477,-0.034958207,0.009618585,0.924028510,-0.178606427,0.253562028,0.223556157
1790504292.448059082,0.233272961,-0.036795136,0.010075559,0.923128556,-0.175980858,0.258188221,0.224060815
1790504292.481392384,0.238059582,-0.038696298,0.010798346,0.922266997,-0.174700711,0.261912738,0.224287687
1790504292.514726877,0.242648937,-0.040588884,0.011813454,0.921407943,-0.174628121,0.265895620,0.223185890
1790504292.548061132,0.247176194,-0.042491534,0.013050747,0.920387209,-0.173787249,0.271719656,0.221028971
1790504292.581395626,0.251570688,-0.044450512,0.014459284,0.919866288,-0.171508709,0.276161751,0.219466311
1790504292.614728689,0.255887706,-0.046124269,0.016004436,0.919225824,-0.172264207,0.279416842,0.217428508
1790504292.648062944,0.260238598,-0.047750503,0.017626602,0.918911164,-0.171704479,0.280485370,0.217825163
1790504292.681397438,0.264715260,-0.049441975,0.019242521,0.918853092,-0.167732125,0.281018190,0.220462483
1790504292.714730740,0.269076785,-0.050798368,0.020927563,0.918605116,-0.167780867,0.279332697,0.223578768
1790504292.748064995,0.273280676,-0.051882143,0.022766600,0.918504700,-0.171546643,0.275377901,0.226026273
1790504292.781399250,0.277539186,-0.053061366,0.024517560,0.917982018,-0.171708388,0.276480496,0.226679905
1790504292.814733505,0.281550959,-0.054328100,0.026172537,0.917548315,-0.169704615,0.279247493,0.226553021
1790504292.848066568,0.285299198,-0.055486164,0.027994208,0.917286336,-0.170128768,0.279880256,0.226514949
1790504292.881400824,0.289067996,-0.056624863,0.030086666,0.916727944,-0.170808971,0.281163933,0.226673809
1790504292.914735079,0.292791275,-0.057708599,0.032353160,0.915854288,-0.172188109,0.283175243,0.226658245
1790504292.948069334,0.296318762,-0.058809037,0.034629583,0.915101365,-0.173029299,0.284873728,0.226930193
1790504292.981402397,0.299665654,-0.059994738,0.036885746,0.914820345,-0.171013939,0.287159594,0.226709807
1790504293.014736652,0.302751433,-0.060963313,0.039202863,0.914509038,-0.171089265,0.288940743,0.225643369
1790504293.048070908,0.305757564,-0.061776091,0.041529895,0.914020220,-0.171685823,0.291760004,0.223533256
1790504293.081403732,0.308716490,-0.062594063,0.043784091,0.913792045,-0.171016438,0.293263586,0.223011090
1790504293.114737988,0.311612661,-0.063370357,0.046032673,0.913951811,-0.170876451,0.293165900,0.222591735
1790504293.148072243,0.314428369,-0.064073739,0.048359862,0.913812377,-0.173016988,0.293787354,0.220683147
1790504293.181406260,0.317227442,-0.064981987,0.050691652,0.913224841,-0.173479710,0.297045192,0.218378878
1790504293.214739323,0.319899212,-0.065858820,0.052946900,0.912465062,-0.176356708,0.300941056,0.213869826
1790504293.248073578,0.322492627,-0.067272060,0.055135246,0.913459643,-0.171907297,0.300930210,0.213261273
1790504293.281407356,0.325236254,-0.068528715,0.057230758,0.914067365,-0.169141372,0.301691824,0.211787848
1790504293.314741373,0.328201376,-0.069568059,0.059311025,0.913672828,-0.168833178,0.302977540,0.211900759
1790504293.348074436,0.331299941,-0.070497257,0.061481447,0.913927507,-0.168295761,0.301514051,0.213312741
1790504293.381408453,0.334772921,-0.071253889,0.063696889,0.913730762,-0.167514394,0.300448468,0.216253877
1790504293.414742708,0.338542564,-0.071714147,0.065830507,0.912606827,-0.169758066,0.301969802,0.217129496
1790504293.448075771,0.342423330,-0.072239955,0.067791965,0.911740448,-0.170128162,0.304143300,0.217445665
1790504293.481409550,0.346201984,-0.072820821,0.069612394,0.911636875,-0.169875644,0.304069150,0.218179804
1790504293.514743328,0.350050003,-0.073354894,0.071300734,0.910879815,-0.170398762,0.306713763,0.217230044
1790504293.548077345,0.353781833,-0.074013745,0.072937429,0.910422121,-0.169726307,0.309434169,0.215812506
1790504293.581410408,0.357405538,-0.074589771,0.074637407,0.909882792,-0.170452833,0.311253796,0.214895814
1790504293.614744425,0.361017103,-0.075098069,0.076434536,0.909564802,-0.170578282,0.311947684,0.215136150
1790504293.648078442,0.364675405,-0.075508077,0.078241754,0.908864310,-0.170083158,0.313330657,0.216474672
1790504293.681411028,0.368252558,-0.075910899,0.080087973,0.908474333,-0.168175292,0.314744085,0.217549118
1790504293.714745045,0.371687727,-0.076025155,0.082071761,0.907237237,-0.170506100,0.315728684,0.219462216
1790504293.748079062,0.374998253,-0.076225827,0.084128319,0.906421170,-0.170713900,0.316901627,0.220976889
1790504293.781412840,0.378095296,-0.076330743,0.086165220,0.905607808,-0.171231284,0.318248647,0.221973297
1790504293.814745903,0.380983820,-0.076370017,0.088169619,0.904819884,-0.172263493,0.318440500,0.224102466
1790504293.848079681,0.383560406,-0.076488011,0.090028080,0.904403154,-0.172950393,0.318147493,0.225666278
1790504293.881413221,0.385810608,-0.076678818,0.091739412,0.903747589,-0.173050596,0.319427588,0.226406278
1790504293.914747238,0.387739134,-0.076902625,0.093606782,0.903700022,-0.172857345,0.319324017,0.226889359
1790504293.948080063,0.389538041,-0.077087594,0.095792567,0.903729958,-0.172904503,0.318721557,0.227580239
1790504293.981413841,0.391161442,-0.077153055,0.098316043,0.903721887,-0.174364426,0.317943380,0.227586918
1790504294.014747858,0.392617871,-0.077159395,0.101120902,0.903646791,-0.176594808,0.317619058,0.226616160
1790504294.048080683,0.393905297,-0.077245121,0.103961625,0.903516921,-0.179287213,0.317764938,0.224808168
1790504294.081414223,0.395042036,-0.077560389,0.106534066,0.903697389,-0.180260346,0.318143215,0.222760254
1790504294.114748001,0.395970785,-0.077988015,0.108768243,0.904370801,-0.181218304,0.315976570,0.222333507
1790504294.148081779,0.396979442,-0.078467356,0.110587363,0.904224505,-0.181235269,0.316021875,0.222849716
1790504294.181414604,0.397939387,-0.078986583,0.112045689,0.904165110,-0.179969173,0.317117789,0.222559786
1790504294.214748383,0.398892078,-0.079345736,0.113265751,0.903962540,-0.179922603,0.317301944,0.223157029
1790504294.248081923,0.400072178,-0.079551359,0.114278637,0.903455336,-0.180385096,0.317212009,0.224958249
1790504294.281415701,0.401417885,-0.079712332,0.114987787,0.902822420,-0.180617655,0.317112589,0.227439105
1790504294.314748287,0.402780228,-0.079897319,0.115370659,0.902373990,-0.179872690,0.317022384,0.229921305
1790504294.348082066,0.404131582,-0.080056972,0.115486263,0.902006632,-0.179473201,0.317145340,0.231499977
1790504294.381415844,0.405544280,-0.080315469,0.115284800,0.901332019,-0.179006266,0.318687914,0.232369019
1790504294.414748192,0.406973458,-0.080790707,0.114708067,0.900848003,-0.178794108,0.320709154,0.231627248
1790504294.448086739,0.408438359,-0.081604741,0.113624601,0.900856176,-0.178662849,0.322302582,0.229475015
1790504294.481425047,0.410116989,-0.082866110,0.111811904,0.900750843,-0.176884238,0.325494879,0.226744281
1790504294.514763117,0.412034533,-0.084509387,0.109285956,0.900786502,-0.173125073,0.328757849,0.224788041
1790504294.548100471,0.414294074,-0.086361373,0.106283434,0.900611088,-0.167784820,0.331663200,0.225271933
1790504294.581439018,0.416893243,-0.088047398,0.103083312,0.899866224,-0.165069666,0.334361064,0.226264144
1790504294.614777088,0.419895122,-0.089585327,0.099849217,0.898518658,-0.162699067,0.337897653,0.228075450
1790504294.648115396,0.423200765,-0.090852117,0.096653480,0.896432324,-0.161739661,0.341009530,0.232296945
1790504294.681452990,0.426817855,-0.091891886,0.093458499,0.894185977,-0.159586143,0.344983042,0.236538373
1790504294.714791298,0.430477016,-0.092547193,0.090285291,0.891500345,-0.159853747,0.347147988,0.243232787
1790504294.748129606,0.434228258,-0.093053485,0.087026389,0.889544620,-0.158205075,0.351507109,0.245202518
1790504294.781466961,0.438024583,-0.093367057,0.083671221,0.887309756,-0.155504193,0.356804605,0.247366765
1790504294.814805508,0.441959171,-0.093274402,0.080265724,0.884481295,-0.156288680,0.361688379,0.249896386
1790504294.848144054,0.446163318,-0.093251280,0.076716349,0.881981871,-0.153526518,0.365129222,0.255378617
1790504294.881482363,0.450498197,-0.093074829,0.072945031,0.879564508,-0.150833565,0.368708971,0.260133055
1790504294.914819717,0.454770521,-0.092669985,0.069113399,0.876991366,-0.150675972,0.371727301,0.264578360
1790504294.948158503,0.458991243,-0.092150978,0.065390994,0.874218669,-0.151354179,0.375411108,0.268141997
1790504294.981496811,0.463353378,-0.091657500,0.061711835,0.871329433,-0.149131473,0.381544898,0.270126478
1790504295.014834166,0.467752883,-0.090765951,0.058102358,0.867911338,-0.150549213,0.386786060,0.272876139
1790504295.048172951,0.472249074,-0.089753103,0.054550552,0.865319049,-0.150502045,0.390282562,0.276136922
1790504295.081511259,0.477006244,-0.088600746,0.051099620,0.862580095,-0.148275661,0.394929542,0.279285812
1790504295.114849806,0.481942010,-0.087108029,0.047883158,0.859356625,-0.148696281,0.399469834,0.282523376
1790504295.148187399,0.486841650,-0.085385926,0.044859540,0.856287648,-0.151036204,0.403346993,0.285080220
1790504295.181525946,0.491591049,-0.083642604,0.042032911,0.854019754,-0.151587933,0.405753894,0.288158180
1790504295.214864492,0.496335584,-0.081654534,0.039409187,0.850708678,-0.153512704,0.409747206,0.291265894
1790504295.248203039,0.500776474,-0.079654536,0.037101493,0.847823237,-0.155275612,0.412717885,0.294532155
1790504295.281540871,0.504850006,-0.077655261,0.035286146,0.845503683,-0.156879647,0.416164259,0.295498913
1790504295.314879417,0.508793373,-0.075393023,0.034003887,0.840912057,-0.162216522,0.423800685,0.294865548
1790504295.348217964,0.512166243,-0.073281936,0.033312677,0.838327814,-0.166498466,0.427332559,0.294739921
1790504295.381555557,0.515224452,-0.071169241,0.032837004,0.836134943,-0.169160125,0.430701651,0.294549314
1790504295.414894342,0.518066948,-0.068951911,0.032452126,0.833491937,-0.172355472,0.433925317,0.295454905
1790504295.448230028,0.520539421,-0.066993354,0.032127557,0.831975454,-0.173721733,0.435532114,0.296562610
1790504295.481565952,0.522561231,-0.065441779,0.031811218,0.831409654,-0.173792595,0.436711439,0.296373480
1790504295.514900923,0.524252709,-0.064281600,0.031598718,0.830604034,-0.175161482,0.438525401,0.295145501
1790504295.548236609,0.525567616,-0.063788713,0.031511696,0.830367698,-0.176160060,0.439478398,0.293795604
1790504295.581572533,0.526257500,-0.064305757,0.031247260,0.831622647,-0.173417548,0.440401301,0.290476885
1790504295.614908218,0.526007771,-0.065833260,0.030662501,0.834026747,-0.168538442,0.439659656,0.287564889
1790504295.648243189,0.524785589,-0.068463267,0.029704670,0.837938757,-0.160348241,0.438925526,0.281942305
1790504295.681578875,0.522772584,-0.071963137,0.028607935,0.841927220,-0.151816086,0.438520060,0.275337230
1790504295.714914799,0.520598571,-0.075870125,0.027539205,0.843216561,-0.148155817,0.441981325,0.267746511
1790504295.748249531,0.518136948,-0.080547306,0.026626086,0.845543610,-0.141837647,0.442330245,0.263214818
1790504295.781585455,0.515487187,-0.085544157,0.025607015,0.847745923,-0.136889124,0.444382474,0.255171382
1790504295.814921141,0.512611370,-0.090844286,0.024495106,0.849325808,-0.132251623,0.445826410,0.249787895
1790504295.848257065,0.509562864,-0.096379888,0.023303189,0.850369908,-0.127793363,0.447563980,0.245410596
1790504295.881591797,0.506407252,-0.101893090,0.022076768,0.851150463,-0.125487113,0.449193031,0.240876512
1790504295.914927721,0.503144676,-0.107424649,0.020770308,0.852359558,-0.122575290,0.449653357,0.237213702
1790504295.948263407,0.499649069,-0.112963694,0.019396212,0.854457661,-0.118257600,0.446634903,0.237559487
1790504295.981599331,0.496154340,-0.118647450,0.017842738,0.856398079,-0.110317924,0.444167616,0.239013417
1790504296.014934063,0.492380714,-0.124302270,0.016244717,0.858721006,-0.104369874,0.441904102,0.237541422
1790504296.048269749,0.488235897,-0.130230681,0.014856173,0.861750355,-0.096452508,0.437660822,0.237773516
1790504296.081605673,0.484110414,-0.136025155,0.013791528,0.863668946,-0.092079005,0.437757591,0.232305187
1790504296.114940405,0.480178098,-0.141658256,0.013039749,0.864635642,-0.089984476,0.439163008,0.226812374
1790504296.148276091,0.476408030,-0.147303415,0.012452556,0.866260934,-0.086886447,0.437369109,0.225279831
1790504296.181612015,0.472826238,-0.152937243,0.011841534,0.868458928,-0.083385115,0.434273966,0.224125268
1790504296.214947701,0.469499878,-0.158668969,0.011032674,0.869940109,-0.078605071,0.434218613,0.220180939
1790504296.248282433,0.465975239,-0.164475900,0.010140478,0.871763524,-0.075672790,0.430620118,0.221061757
1790504296.281618357,0.462422333,-0.170476422,0.009045582,0.873395622,-0.070857211,0.429584702,0.218211658
1790504296.314954042,0.458713744,-0.176461325,0.007926241,0.875281773,-0.066030901,0.427557870,0.216138857
1790504296.348288774,0.454921621,-0.182292316,0.006867185,0.877380485,-0.060880089,0.424809675,0.214554981
1790504296.381624699,0.450989720,-0.187853995,0.006016557,0.880054015,-0.055600100,0.420200055,0.214115563
1790504296.414960384,0.447067241,-0.193008167,0.005510282,0.882023815,-0.051582672,0.416754538,0.213749558
1790504296.448297024,0.443038275,-0.197801287,0.005440808,0.884141648,-0.048224776,0.413725819,0.211657422
1790504296.481632710,0.438886944,-0.202210251,0.005719128,0.886394981,-0.044666831,0.411095656,0.208108560
1790504296.514969587,0.434726708,-0.206221345,0.006252431,0.888441064,-0.042097322,0.407510940,0.206966483
1790504296.548306227,0.430552865,-0.209867032,0.006945816,0.890677264,-0.039310316,0.403685883,0.205393326
1790504296.581642866,0.426417638,-0.212947880,0.007749281,0.892819941,-0.037760768,0.399969997,0.203643509
1790504296.614978552,0.422412174,-0.215498699,0.008400383,0.894294722,-0.035981503,0.396868482,0.203562495
1790504296.648315191,0.418285197,-0.217688631,0.008761584,0.896373008,-0.032166806,0.393020751,0.202522633
1790504296.681651831,0.414035520,-0.219415225,0.009002345,0.898455902,-0.029320404,0.389156804,0.201182227
1790504296.714987516,0.409856709,-0.220797953,0.009306147,0.900238893,-0.027147177,0.386197976,0.199208658
1790504296.748324394,0.405728669,-0.221963394,0.009750546,0.902261713,-0.025050921,0.382255584,0.197931608
1790504296.781661034,0.401639702,-0.222824110,0.010344018,0.904686737,-0.024106634,0.377673002,0.195764862
1790504296.814997911,0.397507218,-0.223610431,0.011011376,0.907878611,-0.021191690,0.370911212,0.194247813
1790504296.848333597,0.393309598,-0.224217042,0.011702928,0.910679627,-0.018854694,0.365229308,0.192131910
1790504296.881670475,0.388868396,-0.224671887,0.012526836,0.914142190,-0.017265757,0.357854452,0.189700133
1790504296.915007114,0.384198899,-0.225202303,0.013522942,0.919418973,-0.013628317,0.345041411,0.188227113
1790504296.948343992,0.379434633,-0.225651798,0.014588419,0.924885114,-0.010031391,0.331812265,0.185438720
1790504296.981679678,0.374498589,-0.225974401,0.015636328,0.928556891,-0.007758666,0.323953067,0.181042296
1790504297.015016556,0.369248497,-0.226373311,0.016668154,0.931710278,-0.007131448,0.316463433,0.178089851
1790504297.048353434,0.363773891,-0.226926419,0.017513659,0.935423136,-0.006124647,0.307986148,0.173466358
1790504297.081689119,0.357975407,-0.227552985,0.017967873,0.939248345,-0.003003218,0.299636115,0.167396913
1790504297.115026236,0.351869088,-0.228085044,0.018018006,0.942216035,0.000022380,0.293979746,0.160638885
1790504297.148363113,0.345534844,-0.228576373,0.017775298,0.944970963,0.002961428,0.288720409,0.153823388
1790504297.181699991,0.339086936,-0.228991262,0.017321071,0.947683697,0.005257251,0.283317240,0.146967051
1790504297.215035677,0.332608667,-0.229329318,0.016708602,0.949918524,0.007188513,0.278591885,0.141384883
1790504297.248372555,0.326017644,-0.229555148,0.016004138,0.951965809,0.008934289,0.273608583,0.137184619
1790504297.281709433,0.319284094,-0.229591804,0.015224063,0.953991123,0.010504445,0.268618464,0.132795761
1790504297.315046310,0.312363448,-0.229376214,0.014406064,0.956444702,0.010788099,0.262373821,0.127503436
1790504297.348382235,0.305356561,-0.229050550,0.013519765,0.959440482,0.011390488,0.252847175,0.124147187
1790504297.381719351,0.298417810,-0.228624573,0.012493274,0.962596458,0.014036934,0.241542221,0.121935965
1790504297.415056229,0.291459796,-0.227786025,0.011287706,0.965623955,0.015554075,0.230593037,0.118976049
1790504297.448390961,0.284532321,-0.226542997,0.009844366,0.968038309,0.017796226,0.221077630,0.117088892
1790504297.481726646,0.277675459,-0.225114770,0.008151185,0.970348476,0.024355661,0.211753097,0.113979222
1790504297.515062094,0.270904496,-0.223493914,0.006355965,0.972620454,0.029314495,0.199839689,0.114953079
1790504297.548397779,0.264362292,-0.221637076,0.004644399,0.974556906,0.031719593,0.191209396,0.112568515
1790504297.581732512,0.257814858,-0.219782427,0.002999241,0.976797034,0.032238685,0.181383540,0.109216450
1790504297.615068197,0.251460001,-0.218227770,0.001252017,0.978663863,0.035278310,0.172204374,0.106386741
1790504297.648403883,0.245294429,-0.216879976,-0.000628139,0.980326860,0.039667583,0.163023014,0.103967435
1790504297.681738615,0.239259201,-0.215525221,-0.002527000,0.982258805,0.042489042,0.153782693,0.098555590
1790504297.715074301,0.233364902,-0.214184074,-0.004366051,0.984207315,0.042867426,0.144209571,0.093284210
1790504297.748409986,0.227663420,-0.212985700,-0.006137715,0.985552774,0.044533410,0.137398421,0.088454386
1790504297.781745672,0.221890964,-0.211647285,-0.007802275,0.986952144,0.045736286,0.130284139,0.082823306
1790504297.815080404,0.216161694,-0.210170477,-0.009324242,0.988294408,0.047076054,0.122999686,0.077000561
1790504297.848416090,0.210492223,-0.208670642,-0.010754227,0.989691100,0.049379600,0.113279143,0.072394875
1790504297.881751776,0.205128209,-0.206893762,-0.011983649,0.990963642,0.048871067,0.105874029,0.066282498
1790504297.915087461,0.200013856,-0.205083214,-0.013123724,0.992108996,0.048183031,0.096904250,0.063306406
1790504297.948422432,0.195212829,-0.203260275,-0.014133097,0.993271437,0.046377815,0.086754821,0.061110984
1790504297.981758118,0.190718934,-0.201498873,-0.014953185,0.994210046,0.042966216,0.078459119,0.059535323
1790504298.015093803,0.186335924,-0.200129503,-0.015700815,0.994627251,0.045305837,0.071828180,0.059200725
1790504298.048428774,0.181602210,-0.198590056,-0.016332477,0.995647663,0.042005631,0.061493298,0.056034213
1790504298.081764460,0.176749575,-0.197350005,-0.017112965,0.996369557,0.041272696,0.054551472,0.050679462
1790504298.115100384,0.171611169,-0.196277853,-0.018308186,0.996908666,0.041960077,0.048344372,0.045555298
1790504298.148436069,0.166279967,-0.195154164,-0.019918431,0.997402853,0.042510495,0.042193899,0.040001011
1790504298.181771040,0.161007146,-0.193720549,-0.021730426,0.997899344,0.042438155,0.036107731,0.033047447
1790504298.215106964,0.156041498,-0.191837940,-0.023489555,0.998298964,0.043230054,0.029559393,0.025623865
1790504298.248442650,0.151383177,-0.189861173,-0.025120534,0.998472433,0.047570577,0.017609170,0.021903358
1790504298.281778574,0.146533191,-0.188660305,-0.027210517,0.997251571,0.069516937,-0.011393591,0.022953976
1790504298.315113544,0.142719204,-0.186460641,-0.028314663,0.996999119,0.071347005,-0.022143273,0.020298691
1790504298.348449469,0.139001554,-0.183768397,-0.029122507,0.997470817,0.063757829,-0.027894690,0.014449727
1790504298.381785393,0.135212740,-0.181116435,-0.029926880,0.997770872,0.057917359,-0.031977448,0.008735513
1790504298.415120363,0.131180710,-0.178550586,-0.030797151,0.997658406,0.055233325,-0.040263813,0.002410374
1790504298.448459148,0.127084047,-0.176282193,-0.031677963,0.996938126,0.057480258,-0.052972053,-0.002086706
1790504298.481798410,0.122710143,-0.173815899,-0.032651587,0.995580819,0.057624288,-0.073683804,-0.008304941
1790504298.515137434,0.118054467,-0.171430267,-0.033805371,0.993114909,0.059737585,-0.099532566,-0.015731060
1790504298.548475504,0.114245022,-0.169686594,-0.034218428,0.992222149,0.066285932,-0.103966184,-0.017100150
1790504298.581814766,0.109774334,-0.167583341,-0.034864552,0.990476431,0.063833682,-0.119339353,-0.025294636
1790504298.615154028,0.105782818,-0.165882120,-0.035238937,0.989718078,0.063157091,-0.124678449,-0.030407105
1790504298.648493052,0.101975488,-0.164085415,-0.035670412,0.989001055,0.059560132,-0.130584624,-0.035737365
1790504298.681831598,0.098245831,-0.162196781,-0.036402413,0.987283772,0.053755680,-0.143974870,-0.040648701
1790504298.715170860,0.094779430,-0.160421214,-0.037455529,0.984601074,0.054678095,-0.159402819,-0.046494866
1790504298.748510361,0.091633226,-0.158310867,-0.038644651,0.982147628,0.055689927,-0.172003303,-0.051957022
1790504298.781848669,0.088663236,-0.155949065,-0.039932068,0.980208878,0.057577396,-0.180760854,-0.056576613
1790504298.815187931,0.085669126,-0.153362621,-0.041319617,0.978629994,0.058492988,-0.187274783,-0.061563472
1790504298.848527431,0.082663809,-0.150764794,-0.042699977,0.977439666,0.061076156,-0.190937091,-0.066516386
1790504298.881866932,0.079539501,-0.148014594,-0.044028287,0.975703392,0.061994666,-0.197129488,-0.072797780
1790504298.915205240,0.076397115,-0.145203779,-0.045114806,0.973457282,0.061731659,-0.205555134,-0.079480880
1790504298.948544979,0.073270080,-0.142297466,-0.045814232,0.971393169,0.059521038,-0.213249211,-0.085891399
1790504298.981884480,0.070203441,-0.139454104,-0.046032857,0.970137733,0.057865105,-0.217334294,-0.090830689
1790504299.015223026,0.067097787,-0.136623415,-0.045973041,0.968793866,0.055828861,-0.221868166,-0.095373482
1790504299.048562765,0.063979715,-0.134001630,-0.045867675,0.966765461,0.060792622,-0.226427364,-0.101977691
1790504299.081902266,0.061038511,-0.130257195,-0.045061561,0.967195356,0.034227123,-0.227712818,-0.107277770
1790504299.115242004,0.057697062,-0.128013537,-0.045027700,0.963334662,0.044638083,-0.238965667,-0.113530523
1790504299.148580790,0.054410559,-0.125724732,-0.044629519,0.959979268,0.050666191,-0.247992753,-0.119884681
1790504299.181920528,0.051139071,-0.123506212,-0.044022378,0.956999100,0.052843831,-0.255831161,-0.126137501
1790504299.215260267,0.047851776,-0.121232142,-0.043298004,0.954291040,0.051064203,-0.262791561,-0.132897154
1790504299.248600006,0.044498669,-0.118896094,-0.042476939,0.951518704,0.048726671,-0.269385401,-0.140247539
1790504299.281939030,0.041017627,-0.116405513,-0.041471189,0.948461420,0.043613488,-0.276536749,-0.148479714
1790504299.315278769,0.037463016,-0.113925305,-0.040104742,0.946370352,0.038636750,-0.280625428,-0.155369647
1790504299.348618984,0.033821620,-0.111286402,-0.038498599,0.944387847,0.034450042,-0.283710995,-0.162643356
1790504299.381957769,0.030079144,-0.108288328,-0.036930061,0.940769633,0.027551578,-0.291494528,-0.170951302
1790504299.415297747,0.026400677,-0.105324937,-0.035216685,0.937409995,0.021217243,-0.298991513,-0.177246733
1790504299.448638678,0.022733397,-0.102332877,-0.033562360,0.934208625,0.015201601,-0.305295601,-0.183896036
1790504299.481979609,0.019015046,-0.099227444,-0.032135181,0.931161473,0.008786206,-0.310015318,-0.191707110
1790504299.515319347,0.015211191,-0.096310188,-0.030974854,0.928562733,0.006181871,-0.313506567,-0.198611851
1790504299.548660040,0.011309243,-0.093344668,-0.030142922,0.925043954,0.002559440,-0.318921787,-0.206339590
1790504299.582000971,0.007250831,-0.090193306,-0.029749672,0.919338641,-0.003575295,-0.329766308,-0.214610955
1790504299.615342140,0.003196864,-0.087011395,-0.029225464,0.914649089,-0.008288074,-0.337356420,-0.222573578
1790504299.648682117,-0.000879156,-0.083683172,-0.028513427,0.910446835,-0.013416291,-0.342734780,-0.231169708
1790504299.682023048,-0.004953563,-0.080378225,-0.027510685,0.906717487,-0.017454699,-0.346709635,-0.239481024
1790504299.715363979,-0.009044010,-0.077210096,-0.026362371,0.902756344,-0.020289371,-0.353072738,-0.244865201
1790504299.748704195,-0.013059890,-0.073873578,-0.025028483,0.898411473,-0.025489911,-0.359940424,-0.250299781
1790504299.782045126,-0.017070074,-0.070411089,-0.023625714,0.893841718,-0.030668368,-0.366469219,-0.256528257
1790504299.815386534,-0.021086077,-0.066886821,-0.022362305,0.889156295,-0.035317687,-0.373004733,-0.262718886
1790504299.848727465,-0.025103931,-0.063315356,-0.021246328,0.884985678,-0.039780084,-0.378351499,-0.268454908
1790504299.882067680,-0.029235013,-0.059754537,-0.020367634,0.880476921,-0.044071006,-0.384244062,-0.274179937
1790504299.915408850,-0.033417548,-0.056188636,-0.019595961,0.876021029,-0.048547707,-0.388587994,-0.281477615
1790504299.948750257,-0.037595044,-0.052693175,-0.018915582,0.871760235,-0.053433298,-0.392112892,-0.288836383
1790504299.982091427,-0.041752638,-0.049406757,-0.018507124,0.866507588,-0.056724220,-0.398709908,-0.294919264
1790504300.015431643,-0.045663165,-0.046220422,-0.018181721,0.861781898,-0.059139935,-0.403555294,-0.301624854
1790504300.048773050,-0.049240550,-0.043117749,-0.018007302,0.858267429,-0.062269142,-0.405996013,-0.307679721
1790504300.082114458,-0.052412495,-0.039996357,-0.018218347,0.852942909,-0.065134676,-0.411070495,-0.315066526
1790504300.115454912,-0.055170699,-0.037164810,-0.018627268,0.847975701,-0.066134316,-0.417907320,-0.319244320
1790504300.148796082,-0.057532116,-0.034517525,-0.018839444,0.844373852,-0.066564420,-0.423511767,-0.321309445
1790504300.182137728,-0.059649155,-0.031723282,-0.018753569,0.840798871,-0.069432147,-0.428239437,-0.323801513
1790504300.215478897,-0.061690579,-0.028882316,-0.018560372,0.837280165,-0.071262861,-0.432487212,-0.326861350
1790504300.248819590,-0.063605272,-0.026060168,-0.018450382,0.833706723,-0.072507111,-0.435882495,-0.331183136
1790504300.282161236,-0.065446237,-0.023400149,-0.018423417,0.830138672,-0.074536251,-0.439339367,-0.335104541
1790504300.315502644,-0.067358904,-0.020995521,-0.018445641,0.826773332,-0.076740783,-0.443399746,-0.337569809
1790504300.348843336,-0.069399223,-0.018661222,-0.018524142,0.823240347,-0.078999882,-0.447075536,-0.340819328
1790504300.382184744,-0.071538125,-0.016325363,-0.018655336,0.819240145,-0.081596454,-0.450570931,-0.345215063
1790504300.415526390,-0.073730954,-0.014222679,-0.018794854,0.815436159,-0.083923639,-0.454763273,-0.348153787
1790504300.448860168,-0.075867244,-0.012442262,-0.018802364,0.812733282,-0.086132150,-0.457444317,-0.350414842
1790504300.482192755,-0.077953701,-0.010893603,-0.018744849,0.810020677,-0.088821007,-0.460059414,-0.352594197
1790504300.515526295,-0.080029044,-0.009439911,-0.018637197,0.807022267,-0.091112516,-0.463136736,-0.354849171
1790504300.548860073,-0.082100772,-0.008002196,-0.018571170,0.803827317,-0.093013471,-0.466505262,-0.357187596
1790504300.582193851,-0.084203414,-0.006620653,-0.018571685,0.801382949,-0.093812192,-0.469195484,-0.358943226
1790504300.615526438,-0.086251551,-0.005097073,-0.018758365,0.798393006,-0.095081305,-0.472050265,-0.361519987
1790504300.648859978,-0.088274061,-0.003488142,-0.019061830,0.795684655,-0.095307123,-0.474306636,-0.364466317
1790504300.682193518,-0.090340067,-0.001814628,-0.019437849,0.792696873,-0.096276328,-0.476628570,-0.367678858
1790504300.715526104,-0.092540045,-0.000146943,-0.019769840,0.789923646,-0.097376871,-0.478415427,-0.371021639
1790504300.748859644,-0.094814346,0.001495891,-0.020045473,0.786904766,-0.098625305,-0.480268885,-0.374694191
1790504300.782193184,-0.097093729,0.003053846,-0.020137734,0.784391805,-0.100885331,-0.480905471,-0.378525528
1790504300.815526724,-0.099409719,0.004454907,-0.020255108,0.781737365,-0.103081931,-0.482591292,-0.381269528
1790504300.848859072,-0.101678294,0.005765228,-0.020341276,0.779781518,-0.104013915,-0.482786847,-0.384758042
1790504300.882192612,-0.103886283,0.006923280,-0.020501976,0.778036057,-0.104913886,-0.483316105,-0.387373867
1790504300.915526152,-0.106055078,0.007974720,-0.020812780,0.775658446,-0.106773109,-0.485123310,-0.389369814
1790504300.948859692,-0.108269390,0.008949824,-0.021264547,0.773781706,-0.106498467,-0.486213309,-0.391811901
1790504300.982192039,-0.110531745,0.009940483,-0.021974413,0.771651647,-0.105959926,-0.487106817,-0.395035668
1790504301.015525341,-0.112830235,0.010896177,-0.022904765,0.768822615,-0.105655442,-0.489116085,-0.398138380
1790504301.048858881,-0.115132583,0.011765413,-0.023802635,0.766343587,-0.105625240,-0.490584290,-0.401108301
1790504301.082191229,-0.117410533,0.012553398,-0.024624995,0.763824215,-0.105469984,-0.491998424,-0.404210591
1790504301.115524769,-0.119616931,0.013312596,-0.025350873,0.761158163,-0.105752542,-0.493901609,-0.406836393
1790504301.148857832,-0.121725975,0.014063213,-0.025713023,0.759918816,-0.106030351,-0.494011746,-0.408941748
1790504301.182191372,-0.123736944,0.014906150,-0.025752583,0.759177717,-0.107688397,-0.493597906,-0.410382150
1790504301.215523720,-0.125579355,0.015968965,-0.025569104,0.758077877,-0.109508405,-0.493087397,-0.412541708
1790504301.248857021,-0.127164736,0.017144593,-0.025175760,0.757216900,-0.110991092,-0.492334816,-0.414620275
1790504301.282190084,-0.128438270,0.018185117,-0.024624597,0.756595140,-0.112996883,-0.492649982,-0.414839118
1790504301.315523386,-0.129343752,0.019033620,-0.023926491,0.756755320,-0.113502237,-0.492750234,-0.414289553
1790504301.348855734,-0.129787356,0.019710547,-0.023245301,0.757502508,-0.113173536,-0.492460970,-0.413356860
1790504301.382189035,-0.129681037,0.020100151,-0.022720392,0.758138844,-0.112264894,-0.491533898,-0.413541429
1790504301.415522099,-0.129046091,0.019753738,-0.022582337,0.759157836,-0.109780553,-0.491258675,-0.412665149
1790504301.448858500,-0.127888735,0.018663743,-0.022657214,0.762377004,-0.102597189,-0.488751845,-0.411554072
1790504301.482195616,-0.126381065,0.017076480,-0.022687069,0.767331018,-0.091460744,-0.485374192,-0.408962021
1790504301.515532732,-0.124596762,0.015317591,-0.022449958,0.771514067,-0.084145079,-0.485009565,-0.403052567
1790504301.548869848,-0.122570132,0.013585513,-0.021747623,0.774048991,-0.079602369,-0.488843673,-0.394390018
1790504301.582206011,-0.120359698,0.012096503,-0.020473612,0.777282795,-0.075179114,-0.492040380,-0.384806213
1790504301.615543127,-0.118031533,0.011026092,-0.019017933,0.780695504,-0.070431709,-0.494181040,-0.375950800
1790504301.648880482,-0.115570462,0.010388152,-0.017768920,0.782485607,-0.067575724,-0.496872264,-0.369144619
1790504301.682216406,-0.113033109,0.009757634,-0.016853629,0.783245549,-0.066500499,-0.500025509,-0.363426174
1790504301.715553761,-0.110439675,0.008744999,-0.016325298,0.784933782,-0.061950222,-0.502626188,-0.356942631
1790504301.748890877,-0.107761714,0.007642786,-0.015828985,0.790012748,-0.054669821,-0.499568694,-0.351172592
1790504301.782227993,-0.104965942,0.006802973,-0.015624432,0.792909274,-0.047778638,-0.499220515,-0.346108309
1790504301.815564156,-0.102072742,0.006070091,-0.015335350,0.795534576,-0.042165752,-0.500728613,-0.338552276
1790504301.848901272,-0.099061682,0.005508594,-0.014742314,0.798534217,-0.040530436,-0.501282608,-0.330781098
1790504301.882238626,-0.096003560,0.004955287,-0.013941274,0.802073588,-0.037811559,-0.501107944,-0.322705863
1790504301.915575743,-0.092883290,0.004281129,-0.013037016,0.806710241,-0.032541591,-0.500207267,-0.312973355
1790504301.948911905,-0.089708601,0.003710025,-0.012082393,0.811781618,-0.029621121,-0.498002025,-0.303524590
1790504301.982249260,-0.086624258,0.003242291,-0.011321374,0.814885346,-0.026120041,-0.498175396,-0.295128602
1790504302.015586376,-0.083724768,0.002866068,-0.010480709,0.818078812,-0.023185164,-0.497190679,-0.288116181
1790504302.048922539,-0.081077484,0.002506831,-0.009578977,0.821510623,-0.020108626,-0.495465855,-0.281477398
1790504302.082259655,-0.078545891,0.002155728,-0.008606097,0.825314742,-0.016354508,-0.493043834,-0.274765145
1790504302.115597248,-0.075991402,0.001880365,-0.007544489,0.829248302,-0.017104289,-0.490781854,-0.266810549
1790504302.148934364,-0.073346274,0.001640163,-0.006506168,0.832007809,-0.015686016,-0.489982488,-0.259680796
1790504302.182270527,-0.070529554,0.001489798,-0.005467695,0.835541949,-0.014403708,-0.488049111,-0.251933027
1790504302.215607882,-0.067529317,0.001491974,-0.004517027,0.839080587,-0.013857530,-0.485509845,-0.245014139
1790504302.248944998,-0.064553897,0.001379592,-0.003949557,0.840404671,-0.009218994,-0.487960771,-0.235646524
1790504302.282282114,-0.061645975,0.001528502,-0.003111015,0.842874920,-0.007480171,-0.486991640,-0.228790424
1790504302.315618753,-0.058898958,0.001583251,-0.002353334,0.844474619,-0.005719000,-0.487684294,-0.221345750
1790504302.348955870,-0.056207496,0.001600334,-0.001601400,0.846226860,-0.003419228,-0.487734936,-0.214483199
1790504302.382293224,-0.053342087,0.001699775,-0.001014979,0.847488829,-0.001116174,-0.488515442,-0.207639354
1790504302.415629387,-0.050062455,0.001794562,-0.000630617,0.848799654,0.002116150,-0.489413499,-0.200022740
