t_sec,x,y,z,qw,qx,qy,qz
1790504410.092756510,-0.000000339,-0.000000130,0.000000285,0.999995182,0.000325043,-0.002962697,-0.000868168
1790504410.126140833,-0.000047349,-0.000051140,0.000027470,0.999995155,0.000318778,-0.002965610,-0.000890718
1790504410.159509420,-0.000078627,-0.000076969,0.000050201,0.999995166,0.000316957,-0.002966389,-0.000876222
1790504410.192864895,-0.000105191,-0.000092173,0.000068497,0.999995159,0.000321607,-0.002964688,-0.000888898
1790504410.226206064,-0.000132403,-0.000108751,0.000085656,0.999995163,0.000316936,-0.002965768,-0.000881528
1790504410.259532690,-0.000163772,-0.000128714,0.000103316,0.999995154,0.000320882,-0.002967358,-0.000885542
1790504410.292844057,-0.000199690,-0.000152401,0.000120598,0.999995152,0.000325093,-0.002965053,-0.000894215
1790504410.326141834,-0.000238062,-0.000181097,0.000139870,0.999995127,0.000325763,-0.002976019,-0.000885290
1790504410.359425306,-0.000278143,-0.000213830,0.000163458,0.999995163,0.000324746,-0.002965617,-0.000879347
1790504410.392693281,-0.000322698,-0.000248723,0.000188526,0.999995130,0.000326366,-0.002975994,-0.000881144
1790504410.425948143,-0.000369098,-0.000284324,0.000213346,0.999995151,0.000323074,-0.002970565,-0.000877639
1790504410.459188461,-0.000418711,-0.000321230,0.000236622,0.999995112,0.000324716,-0.002982964,-0.000878611
1790504410.492414474,-0.000469622,-0.000358926,0.000260355,0.999995129,0.000325203,-0.002977766,-0.000877447
1790504410.525624990,-0.000524786,-0.000397840,0.000284705,0.999995137,0.000332615,-0.002971672,-0.000886259
1790504410.558822155,-0.000581860,-0.000437849,0.000311960,0.999995142,0.000325967,-0.002971115,-0.000884907
1790504410.592004776,-0.000640957,-0.000479214,0.000339426,0.999995125,0.000336685,-0.002972952,-0.000893052
1790504410.625172377,-0.000698159,-0.000521588,0.000364486,0.999995159,0.000329613,-0.002963356,-0.000889387
1790504410.658326387,-0.000752291,-0.000562204,0.000387442,0.999995176,0.000312152,-0.002962746,-0.000878817
1790504410.691465855,-0.000802500,-0.000597618,0.000409064,0.999995184,0.000327509,-0.002956168,-0.000886796
1790504410.724591017,-0.000846936,-0.000626267,0.000430058,0.999995164,0.000325696,-0.002961252,-0.000892138
1790504410.757700920,-0.000883268,-0.000649638,0.000449063,0.999995166,0.000323976,-0.002961284,-0.000890535
1790504410.790797472,-0.000908211,-0.000664699,0.000462208,0.999995176,0.000323721,-0.002955444,-0.000898684
1790504410.823879719,-0.000922155,-0.000673205,0.000470220,0.999995186,0.000323730,-0.002953828,-0.000892979
1790504410.856947184,-0.000930636,-0.000679158,0.000476314,0.999995170,0.000327207,-0.002957313,-0.000897972
1790504410.889999628,-0.000939430,-0.000684754,0.000483223,0.999995177,0.000317905,-0.002957175,-0.000894696
1790504410.923038244,-0.000952398,-0.000692050,0.000492032,0.999995186,0.000318279,-0.002956021,-0.000887860
1790504410.956063032,-0.000970709,-0.000701710,0.000502340,0.999995197,0.000318245,-0.002952363,-0.000888010
1790504410.989073753,-0.000994587,-0.000715036,0.000515630,0.999995186,0.000324130,-0.002953548,-0.000894602
1790504411.022436142,-0.001022859,-0.000733189,0.000533179,0.999995190,0.000322537,-0.002952654,-0.000892761
1790504411.055795193,-0.001057672,-0.000756986,0.000553451,0.999995184,0.000321435,-0.002955090,-0.000891907
1790504411.089150667,-0.001099775,-0.000788364,0.000576305,0.999995189,0.000318484,-0.002954723,-0.000888899
1790504411.122501850,-0.001152048,-0.000829076,0.000604224,0.999995194,0.000314117,-0.002953137,-0.000890532
1790504411.155850649,-0.001214722,-0.000875575,0.000638318,0.999995189,0.000320646,-0.002952164,-0.000896405
1790504411.189196110,-0.001285564,-0.000926507,0.000676462,0.999995137,0.000321735,-0.002967968,-0.000902269
1790504411.222538233,-0.001362993,-0.000984764,0.000715764,0.999995170,0.000324747,-0.002956595,-0.000901367
1790504411.255876064,-0.001449686,-0.001050220,0.000758987,0.999995198,0.000323433,-0.002947574,-0.000900842
1790504411.289211512,-0.001544133,-0.001122277,0.000808810,0.999995183,0.000319092,-0.002955510,-0.000892532
1790504411.322543144,-0.001643309,-0.001197182,0.000862410,0.999995178,0.000328117,-0.002953443,-0.000902034
1790504411.355870962,-0.001743235,-0.001273449,0.000914460,0.999995193,0.000329634,-0.002948556,-0.000900803
1790504411.389196157,-0.001839396,-0.001347916,0.000962700,0.999995173,0.000321744,-0.002954482,-0.000906301
1790504411.422518015,-0.001925833,-0.001417364,0.001007455,0.999995168,0.000333953,-0.002954272,-0.000908083
1790504411.455836535,-0.002001347,-0.001478589,0.001046279,0.999995158,0.000333712,-0.002957542,-0.000908161
1790504411.489150524,-0.002069704,-0.001535855,0.001079685,0.999995160,0.000329097,-0.002958203,-0.000906287
1790504411.522462368,-0.002134497,-0.001591944,0.001112040,0.999995151,0.000331337,-0.002961273,-0.000905252
1790504411.555770636,-0.002201115,-0.001648881,0.001146230,0.999995159,0.000317589,-0.002960712,-0.000902466
1790504411.589076042,-0.002273274,-0.001710627,0.001184560,0.999995173,0.000321541,-0.002952755,-0.000911510
1790504411.622376442,-0.002354763,-0.001778272,0.001225742,0.999995132,0.000317551,-0.002969853,-0.000903236
1790504411.655674696,-0.002443591,-0.001851798,0.001269268,0.999995149,0.000325244,-0.002963508,-0.000902505
1790504411.688969612,-0.002539277,-0.001930421,0.001313868,0.999995153,0.000321579,-0.002961925,-0.000904611
1790504411.722260237,-0.002640042,-0.002012289,0.001359604,0.999995178,0.000310070,-0.002957689,-0.000894108
1790504411.755548239,-0.002745730,-0.002096119,0.001406985,0.999995161,0.000313911,-0.002962163,-0.000897252
1790504411.788833141,-0.002854651,-0.002181963,0.001456780,0.999995152,0.000312868,-0.002965987,-0.000894729
1790504411.822114468,-0.002963797,-0.002266276,0.001508706,0.999995137,0.000306577,-0.002970323,-0.000899466
1790504411.855391502,-0.003068281,-0.002345617,0.001559082,0.999995150,0.000308873,-0.002968113,-0.000891535
1790504411.888666153,-0.003160080,-0.002414132,0.001602999,0.999995148,0.000314471,-0.002966826,-0.000896654
1790504411.921937704,-0.003225738,-0.002465306,0.001635845,0.999995166,0.000314549,-0.002958974,-0.000901788
1790504411.955204487,-0.003259889,-0.002494079,0.001651578,0.999995171,0.000305034,-0.002961350,-0.000891880
1790504411.988469839,-0.003270191,-0.002505094,0.001655458,0.999995159,0.000307769,-0.002963992,-0.000896019
1790504412.021722317,-0.003268438,-0.002509076,0.001656660,0.999995177,0.000297748,-0.002960575,-0.000889596
1790504412.054970741,-0.003263630,-0.002505672,0.001654404,0.999995177,0.000299366,-0.002961349,-0.000886568
1790504412.088213205,-0.003259982,-0.002498845,0.001650219,0.999995172,0.000306031,-0.002961242,-0.000891208
1790504412.121452093,-0.003260311,-0.002497463,0.001647198,0.999995173,0.000304571,-0.002959273,-0.000897119
1790504412.154686451,-0.003262383,-0.002499256,0.001652474,0.999995163,0.000308896,-0.002964353,-0.000890022
1790504412.187916279,-0.003269877,-0.002501310,0.001654848,0.999995207,0.000306443,-0.002948542,-0.000893007
1790504412.221140385,-0.003272091,-0.002501576,0.001655513,0.999995171,0.000316435,-0.002957756,-0.000899337
1790504412.254360914,-0.003272173,-0.002505777,0.001657546,0.999995182,0.000314826,-0.002956786,-0.000891182
1790504412.287576914,-0.003273462,-0.002510499,0.001660731,0.999995189,0.000312182,-0.002957087,-0.000883673
1790504412.320787191,-0.003274872,-0.002510868,0.001660879,0.999995208,0.000311938,-0.002950658,-0.000883696
1790504412.353993893,-0.003273712,-0.002505991,0.001657506,0.999995160,0.000318438,-0.002961926,-0.000897829
1790504412.387196064,-0.003271783,-0.002502542,0.001656227,0.999995158,0.000330360,-0.002960997,-0.000898902
1790504412.420393467,-0.003271316,-0.002506288,0.001656098,0.999995185,0.000322340,-0.002956918,-0.000884477
1790504412.453585386,-0.003268798,-0.002507747,0.001660743,0.999995169,0.000324079,-0.002961806,-0.000886059
1790504412.486773729,-0.003267622,-0.002507363,0.001662841,0.999995158,0.000322595,-0.002963494,-0.000892540
1790504412.519957304,-0.003267208,-0.002508963,0.001659890,0.999995176,0.000320015,-0.002957881,-0.000893018
1790504412.553136587,-0.003265036,-0.002510332,0.001660909,0.999995153,0.000308589,-0.002965965,-0.000895443
1790504412.586309910,-0.003270388,-0.002507794,0.001656854,0.999995156,0.000323135,-0.002963584,-0.000894705
1790504412.619479656,-0.003276636,-0.002506248,0.001652696,0.999995171,0.000320802,-0.002955983,-0.000903652
1790504412.652645111,-0.003277474,-0.002506405,0.001651707,0.999995161,0.000321841,-0.002961380,-0.000897322
1790504412.685804605,-0.003278735,-0.002507843,0.001651092,0.999995183,0.000310129,-0.002953511,-0.000902162
1790504412.718960762,-0.003276034,-0.002508856,0.001650051,0.999995169,0.000311737,-0.002959499,-0.000898380
1790504412.752112150,-0.003269552,-0.002508160,0.001656409,0.999995139,0.000315296,-0.002970234,-0.000895120
1790504412.785259008,-0.003269195,-0.002508921,0.001658479,0.999995142,0.000316776,-0.002968444,-0.000897121
1790504412.818400145,-0.003272496,-0.002510440,0.001657707,0.999995170,0.000315329,-0.002960892,-0.000890969
1790504412.851537943,-0.003269879,-0.002507396,0.001656945,0.999995137,0.000314314,-0.002970065,-0.000897575
1790504412.884670734,-0.003270771,-0.002504944,0.001653392,0.999995117,0.000324524,-0.002974586,-0.000900996
1790504412.917798996,-0.003273547,-0.002506330,0.001653447,0.999995143,0.000310976,-0.002971715,-0.000886500
1790504412.950921774,-0.003274677,-0.002501822,0.001657301,0.999995122,0.000326302,-0.002974153,-0.000896468
1790504412.984041929,-0.003272139,-0.002497959,0.001656732,0.999995107,0.000334421,-0.002976462,-0.000902735
1790504413.017376900,-0.003270007,-0.002502152,0.001656199,0.999995114,0.000319437,-0.002979503,-0.000890771
1790504413.050710678,-0.003271615,-0.002505466,0.001656237,0.999995125,0.000325137,-0.002976362,-0.000886581
1790504413.084045410,-0.003271098,-0.002508438,0.001660033,0.999995119,0.000320194,-0.002979950,-0.000882847
1790504413.117380381,-0.003271573,-0.002509172,0.001661406,0.999995110,0.000321610,-0.002982641,-0.000883101
1790504413.150715351,-0.003275062,-0.002507218,0.001659309,0.999995110,0.000327456,-0.002979604,-0.000891684
1790504413.184049129,-0.003279073,-0.002506374,0.001657644,0.999995138,0.000325162,-0.002971404,-0.000887933
1790504413.217383862,-0.003278177,-0.002507000,0.001653715,0.999995135,0.000332163,-0.002972911,-0.000884501
1790504413.250718832,-0.003275232,-0.002508005,0.001656040,0.999995134,0.000328487,-0.002974514,-0.000881067
1790504413.284052372,-0.003276082,-0.002506838,0.001655393,0.999995127,0.000338621,-0.002972120,-0.000892722
1790504413.317387342,-0.003274705,-0.002509042,0.001657454,0.999995149,0.000324969,-0.002968736,-0.000885051
1790504413.350722313,-0.003269796,-0.002506413,0.001658773,0.999995113,0.000338722,-0.002977766,-0.000890528
1790504413.384057045,-0.003268109,-0.002506001,0.001660754,0.999995105,0.000343448,-0.002979318,-0.000892163
1790504413.417391062,-0.003273319,-0.002510602,0.001659985,0.999995164,0.000328258,-0.002963524,-0.000883759
1790504413.450725794,-0.003269679,-0.002506755,0.001661561,0.999995123,0.000334066,-0.002973865,-0.000893441
1790504413.484060764,-0.003264536,-0.002501133,0.001662077,0.999995117,0.000342053,-0.002972585,-0.000901938
1790504413.517395496,-0.003266735,-0.002504156,0.001662878,0.999995113,0.000341768,-0.002976136,-0.000894849
1790504413.550729513,-0.003269977,-0.002510878,0.001665185,0.999995167,0.000320941,-0.002964403,-0.000881000
1790504413.584064245,-0.003269077,-0.002508252,0.001662253,0.999995139,0.000336251,-0.002969690,-0.000888515
1790504413.617399216,-0.003269699,-0.002506549,0.001661934,0.999995141,0.000330161,-0.002969570,-0.000889348
1790504413.650732994,-0.003272612,-0.002506036,0.001661243,0.999995165,0.000331029,-0.002960818,-0.000890783
1790504413.684067965,-0.003274659,-0.002509261,0.001657395,0.999995178,0.000326712,-0.002958854,-0.000884753
1790504413.717402697,-0.003273184,-0.002512318,0.001656194,0.999995164,0.000315574,-0.002966267,-0.000879695
1790504413.750737667,-0.003275502,-0.002509358,0.001656275,0.999995188,0.000320908,-0.002956698,-0.000882439
1790504413.784071207,-0.003275918,-0.002505395,0.001659467,0.999995185,0.000322831,-0.002955781,-0.000888797
1790504413.817406178,-0.003277610,-0.002502833,0.001658042,0.999995183,0.000325323,-0.002954315,-0.000894924
1790504413.850740910,-0.003277026,-0.002504948,0.001656829,0.999995180,0.000323269,-0.002956769,-0.000890725
1790504413.884075880,-0.003273575,-0.002508128,0.001659360,0.999995171,0.000322258,-0.002959905,-0.000890381
1790504413.917409897,-0.003275460,-0.002510803,0.001656686,0.999995184,0.000307567,-0.002956772,-0.000891102
1790504413.950744629,-0.003277245,-0.002505947,0.001653259,0.999995180,0.000324349,-0.002955644,-0.000893449
1790504413.984079599,-0.003270151,-0.002499578,0.001658314,0.999995139,0.000330698,-0.002964108,-0.000909767
1790504414.017423391,-0.003265654,-0.002499216,0.001665584,0.999995124,0.000321942,-0.002971264,-0.000905176
1790504414.050768375,-0.003270849,-0.002501248,0.001660010,0.999995159,0.000322591,-0.002958894,-0.000907310
1790504414.084113598,-0.003275466,-0.002504486,0.001655977,0.999995180,0.000318593,-0.002953703,-0.000901938
1790504414.117458820,-0.003272220,-0.002506382,0.001656501,0.999995137,0.000318532,-0.002966423,-0.000907880
1790504414.150803328,-0.003270774,-0.002507009,0.001657048,0.999995154,0.000313697,-0.002961552,-0.000906843
1790504414.184149027,-0.003269968,-0.002505329,0.001657716,0.999995131,0.000316699,-0.002967666,-0.000911618
1790504414.217494726,-0.003270899,-0.002505135,0.001656399,0.999995154,0.000315654,-0.002961834,-0.000905835
1790504414.250840902,-0.003271346,-0.002505943,0.001657955,0.999995149,0.000317406,-0.002963488,-0.000904541
1790504414.284185886,-0.003271460,-0.002506322,0.001657667,0.999995153,0.000319683,-0.002963917,-0.000898383
1790504414.317532301,-0.003270534,-0.002506389,0.001658732,0.999995141,0.000315248,-0.002968393,-0.000898630
1790504414.350878716,-0.003269625,-0.002506279,0.001659595,0.999995161,0.000314276,-0.002962729,-0.000895328
1790504414.384224415,-0.003270315,-0.002504655,0.001657227,0.999995142,0.000325242,-0.002966647,-0.000899359
1790504414.417571068,-0.003273436,-0.002505657,0.001653402,0.999995173,0.000314521,-0.002960412,-0.000889141
1790504414.450917959,-0.003274895,-0.002503939,0.001654099,0.999995152,0.000321312,-0.002963527,-0.000899693
1790504414.484265089,-0.003274745,-0.002507894,0.001655855,0.999995154,0.000317866,-0.002964022,-0.000897513
1790504414.517611265,-0.003277922,-0.002513627,0.001655637,0.999995209,0.000298120,-0.002953192,-0.000878550
1790504414.550958872,-0.003273624,-0.002507481,0.001660782,0.999995154,0.000320060,-0.002962834,-0.000900146
1790504414.584306479,-0.003267108,-0.002504613,0.001662044,0.999995137,0.000320024,-0.002971025,-0.000892416
1790504414.617653370,-0.003269060,-0.002506053,0.001660540,0.999995185,0.000312215,-0.002957819,-0.000885098
1790504414.651001215,-0.003269746,-0.002505488,0.001658092,0.999995165,0.000313661,-0.002963980,-0.000886321
1790504414.684349298,-0.003273616,-0.002505227,0.001654220,0.999995165,0.000316860,-0.002963725,-0.000886669
1790504414.717697620,-0.003278316,-0.002505055,0.001656911,0.999995212,0.000306962,-0.002948203,-0.000888377
1790504414.751044989,-0.003272635,-0.002501169,0.001660606,0.999995171,0.000315776,-0.002960044,-0.000892169
1790504414.784393549,-0.003269132,-0.002500537,0.001662788,0.999995176,0.000323312,-0.002957982,-0.000891235
1790504414.817742348,-0.003270463,-0.002506589,0.001657874,0.999995199,0.000306704,-0.002955187,-0.000880556
1790504414.851091385,-0.003267952,-0.002507823,0.001658119,0.999995177,0.000314712,-0.002962615,-0.000877654
1790504414.884439468,-0.003269280,-0.002504853,0.001659256,0.999995169,0.000319864,-0.002963890,-0.000880639
1790504414.917788506,-0.003276778,-0.002502681,0.001655134,0.999995202,0.000329423,-0.002951566,-0.000880431
1790504414.951138258,-0.003274960,-0.002502443,0.001659560,0.999995151,0.000330659,-0.002968078,-0.000883056
1790504414.984486580,-0.003276892,-0.002504986,0.001663523,0.999995182,0.000328479,-0.002959202,-0.000877759
1790504415.017818451,-0.003275540,-0.002505308,0.001655806,0.999995187,0.000328064,-0.002957848,-0.000877112
1790504415.051149845,-0.003270297,-0.002502103,0.001654504,0.999995156,0.000340010,-0.002965305,-0.000883277
1790504415.084481239,-0.003271052,-0.002503584,0.001656976,0.999995150,0.000340299,-0.002968116,-0.000879534
1790504415.117811680,-0.003276249,-0.002507643,0.001656517,0.999995179,0.000331979,-0.002960979,-0.000873806
1790504415.151143074,-0.003279961,-0.002507800,0.001657004,0.999995192,0.000332632,-0.002956884,-0.000872861
1790504415.184474468,-0.003275922,-0.002503922,0.001662647,0.999995144,0.000336358,-0.002968698,-0.000886905
1790504415.217805624,-0.003271606,-0.002503861,0.001663478,0.999995135,0.000335761,-0.002973042,-0.000882144
1790504415.251135826,-0.003271391,-0.002505070,0.001659838,0.999995147,0.000325842,-0.002969360,-0.000884403
1790504415.284466743,-0.003274706,-0.002505772,0.001655101,0.999995141,0.000330596,-0.002970598,-0.000885191
1790504415.317797899,-0.003277687,-0.002504757,0.001651678,0.999995134,0.000330128,-0.002973016,-0.000885420
1790504415.351127863,-0.003279715,-0.002503869,0.001650171,0.999995127,0.000335937,-0.002972743,-0.000891665
1790504415.384458780,-0.003281775,-0.002505246,0.001655770,0.999995149,0.000324159,-0.002968494,-0.000886100
1790504415.417789698,-0.003277748,-0.002502257,0.001663295,0.999995120,0.000333996,-0.002976246,-0.000889568
1790504415.451120377,-0.003273375,-0.002501357,0.001661374,0.999995091,0.000340515,-0.002983165,-0.000895494
1790504415.484450102,-0.003274662,-0.002509313,0.001659999,0.999995131,0.000327588,-0.002976456,-0.000877816
1790504415.517781019,-0.003277362,-0.002511781,0.001659599,0.999995134,0.000324944,-0.002974796,-0.000881377
1790504415.551111460,-0.003277133,-0.002509197,0.001660290,0.999995119,0.000334456,-0.002975872,-0.000891496
1790504415.584442139,-0.003275118,-0.002510092,0.001662633,0.999995134,0.000332177,-0.002972111,-0.000888040
1790504415.617771387,-0.003270057,-0.002513788,0.001661466,0.999995123,0.000325540,-0.002980744,-0.000873438
1790504415.651102066,-0.003268337,-0.002511104,0.001660195,0.999995090,0.000339256,-0.002987425,-0.000883809
1790504415.684432268,-0.003274169,-0.002510437,0.001656211,0.999995124,0.000336783,-0.002977292,-0.000880261
1790504415.717761755,-0.003276653,-0.002506649,0.001655956,0.999995110,0.000341386,-0.002979762,-0.000885535
1790504415.751091719,-0.003275906,-0.002501681,0.001664277,0.999995115,0.000345695,-0.002977484,-0.000886081
1790504415.784422159,-0.003271674,-0.002498998,0.001666117,0.999995095,0.000352030,-0.002980692,-0.000895202
1790504415.817752123,-0.003273123,-0.002503178,0.001659085,0.999995123,0.000344345,-0.002975245,-0.000885099
1790504415.851081133,-0.003274654,-0.002505054,0.001653783,0.999995135,0.000350196,-0.002971222,-0.000882838
1790504415.884411097,-0.003273249,-0.002505080,0.001655588,0.999995137,0.000351406,-0.002970838,-0.000881747
1790504415.917741060,-0.003271158,-0.002505228,0.001658355,0.999995126,0.000352471,-0.002973831,-0.000883660
1790504415.951069832,-0.003271190,-0.002504509,0.001663274,0.999995149,0.000348598,-0.002966205,-0.000883878
1790504415.984399557,-0.003271374,-0.002500489,0.001668178,0.999995134,0.000362295,-0.002969092,-0.000885688
1790504416.017735243,-0.003270819,-0.002500889,0.001661202,0.999995127,0.000363637,-0.002970121,-0.000889790
1790504416.051070929,-0.003269909,-0.002506072,0.001659667,0.999995173,0.000355362,-0.002959211,-0.000878389
1790504416.084405661,-0.003268114,-0.002509270,0.001662523,0.999995163,0.000354946,-0.002962856,-0.000877591
1790504416.117741108,-0.003268974,-0.002508663,0.001662432,0.999995136,0.000360711,-0.002968228,-0.000887677
1790504416.151076794,-0.003273495,-0.002510751,0.001657130,0.999995175,0.000349351,-0.002960177,-0.000875346
1790504416.184412479,-0.003275242,-0.002508916,0.001656998,0.999995150,0.000353582,-0.002962958,-0.000891892
1790504416.217746973,-0.003278885,-0.002509869,0.001654005,0.999995179,0.000344414,-0.002955841,-0.000887044
1790504416.251082659,-0.003274690,-0.002508872,0.001656440,0.999995142,0.000344426,-0.002967711,-0.000889091
1790504416.284418344,-0.003272564,-0.002506911,0.001657913,0.999995133,0.000354547,-0.002969092,-0.000890759
1790504416.317752838,-0.003273877,-0.002508139,0.001658041,0.999995148,0.000343320,-0.002966387,-0.000886406
1790504416.351088524,-0.003275488,-0.002509049,0.001657922,0.999995161,0.000341844,-0.002962840,-0.000884941
1790504416.384423971,-0.003276644,-0.002509754,0.001660673,0.999995121,0.000338705,-0.002972525,-0.000899000
1790504416.417759657,-0.003275592,-0.002512159,0.001659714,0.999995145,0.000337052,-0.002969002,-0.000884357
1790504416.451094151,-0.003273493,-0.002510061,0.001658140,0.999995117,0.000342770,-0.002974660,-0.000894235
1790504416.484429836,-0.003271937,-0.002509113,0.001658283,0.999995131,0.000340687,-0.002969722,-0.000895902
1790504416.517765284,-0.003271502,-0.002509719,0.001656046,0.999995106,0.000343243,-0.002976529,-0.000900715
1790504416.551100969,-0.003275057,-0.002512866,0.001654410,0.999995146,0.000341536,-0.002968445,-0.000883269
1790504416.584435463,-0.003272541,-0.002511977,0.001657807,0.999995098,0.000346383,-0.002980507,-0.000895255
1790504416.617771149,-0.003271220,-0.002511084,0.001659836,0.999995087,0.000344141,-0.002984812,-0.000893765
1790504416.651106834,-0.003270915,-0.002506678,0.001657981,0.999995074,0.000357929,-0.002985044,-0.000902064
1790504416.684441328,-0.003269487,-0.002505743,0.001655258,0.999995075,0.000357391,-0.002985311,-0.000900217
1790504416.717776775,-0.003270060,-0.002507218,0.001654953,0.999995036,0.000351855,-0.002996670,-0.000907485
1790504416.751112461,-0.003275564,-0.002509761,0.001654539,0.999995074,0.000358122,-0.002986054,-0.000897961
1790504416.784447908,-0.003274855,-0.002509002,0.001654020,0.999995077,0.000347415,-0.002986797,-0.000896489
1790504416.817782640,-0.003268110,-0.002501834,0.001650140,0.999995029,0.000367306,-0.002997852,-0.000905438
1790504416.851118088,-0.003267663,-0.002500149,0.001645161,0.999995069,0.000360225,-0.002987652,-0.000898396
1790504416.884453773,-0.003269052,-0.002501626,0.001641296,0.999995082,0.000354980,-0.002987185,-0.000887239
1790504416.917789221,-0.003274013,-0.002505777,0.001647306,0.999995057,0.000357571,-0.002994025,-0.000890559
1790504416.951123714,-0.003297381,-0.002520449,0.001657007,0.999995072,0.000357952,-0.002987894,-0.000894570
1790504416.984459400,-0.003320896,-0.002536583,0.001676333,0.999995011,0.000370155,-0.003003358,-0.000905428
1790504417.017794609,-0.003348716,-0.002557366,0.001697160,0.999994968,0.000377095,-0.003014398,-0.000914164
1790504417.051131010,-0.003385200,-0.002582477,0.001712471,0.999994992,0.000367757,-0.003010880,-0.000903020
1790504417.084468365,-0.003416469,-0.002599998,0.001726473,0.999994997,0.000380193,-0.003007855,-0.000902186
1790504417.117805481,-0.003414285,-0.002603986,0.001732140,0.999995006,0.000372573,-0.003005177,-0.000904218
1790504417.151142597,-0.003409423,-0.002608067,0.001729646,0.999995086,0.000352150,-0.002983808,-0.000895038
1790504417.184478998,-0.003407622,-0.002611408,0.001732644,0.999995098,0.000351802,-0.002979844,-0.000894958
1790504417.217816353,-0.003409609,-0.002615412,0.001729374,0.999995216,0.000332368,-0.002947891,-0.000875726
1790504417.251153469,-0.003408378,-0.002609624,0.001726302,0.999995209,0.000339595,-0.002945276,-0.000889624
1790504417.284490108,-0.003408566,-0.002606312,0.001725693,0.999995251,0.000331384,-0.002931621,-0.000890542
1790504417.317827463,-0.003411637,-0.002608241,0.001722308,0.999995324,0.000319074,-0.002910532,-0.000882995
1790504417.351164818,-0.003411905,-0.002611233,0.001721538,0.999995380,0.000307448,-0.002896784,-0.000868878
1790504417.384502172,-0.003407544,-0.002609271,0.001726366,0.999995398,0.000303107,-0.002889692,-0.000872571
1790504417.417838812,-0.003404618,-0.002608374,0.001728603,0.999995426,0.000292021,-0.002880988,-0.000873668
1790504417.451176167,-0.003408681,-0.002610268,0.001728601,0.999995504,0.000287230,-0.002856201,-0.000867332
1790504417.484513760,-0.003412930,-0.002610606,0.001725744,0.999995596,0.000277535,-0.002824425,-0.000867844
1790504417.517851353,-0.003412950,-0.002607432,0.001722463,0.999995623,0.000285513,-0.002811176,-0.000877336
1790504417.551187992,-0.003410389,-0.002608896,0.001724147,0.999995690,0.000273371,-0.002791316,-0.000868421
1790504417.584525585,-0.003407330,-0.002608779,0.001725347,0.999995718,0.000266758,-0.002778190,-0.000879516
1790504417.617862940,-0.003408226,-0.002609358,0.001728259,0.999995772,0.000259064,-0.002760937,-0.000875189
1790504417.651199818,-0.003415004,-0.002607786,0.001725594,0.999995846,0.000260024,-0.002733283,-0.000876672
1790504417.684537649,-0.003421042,-0.002607880,0.001724586,0.999995900,0.000248753,-0.002714908,-0.000876371
1790504417.717875242,-0.003428386,-0.002610824,0.001721839,0.999995981,0.000247072,-0.002688969,-0.000864166
1790504417.751212835,-0.003427854,-0.002613025,0.001723559,0.999996044,0.000226954,-0.002667564,-0.000862772
1790504417.784549713,-0.003424428,-0.002610259,0.001726328,0.999995948,0.000243530,-0.002697017,-0.000877625
1790504417.817887545,-0.003427146,-0.002611581,0.001727538,0.999995946,0.000236389,-0.002703165,-0.000863250
1790504417.851225376,-0.003430824,-0.002610553,0.001725779,0.999995905,0.000251837,-0.002714909,-0.000869095
1790504417.884563208,-0.003431170,-0.002613334,0.001724771,0.999995854,0.000252445,-0.002733015,-0.000870729
1790504417.917899847,-0.003432963,-0.002617025,0.001718452,0.999995837,0.000245152,-0.002741636,-0.000865406
1790504417.951237679,-0.003428838,-0.002613084,0.001720661,0.999995794,0.000252518,-0.002754924,-0.000870679
1790504417.984575987,-0.003417824,-0.002604955,0.001725536,0.999995709,0.000267625,-0.002781835,-0.000878847
1790504418.017912865,-0.003409154,-0.002603817,0.001729801,0.999995674,0.000264484,-0.002795022,-0.000877746
1790504418.051245213,-0.003405842,-0.002607757,0.001728725,0.999995642,0.000263663,-0.002808343,-0.000872044
1790504418.084577560,-0.003405409,-0.002609905,0.001729203,0.999995624,0.000256855,-0.002817242,-0.000865363
1790504418.117909908,-0.003407849,-0.002605702,0.001724968,0.999995596,0.000270531,-0.002822568,-0.000876242
1790504418.151241302,-0.003401818,-0.002602178,0.001728325,0.999995526,0.000276851,-0.002844864,-0.000882080
1790504418.184573412,-0.003397420,-0.002602143,0.001732231,0.999995490,0.000280057,-0.002858955,-0.000876152
1790504418.217905760,-0.003399149,-0.002601786,0.001737385,0.999995474,0.000281544,-0.002862425,-0.000882365
1790504418.251238108,-0.003404558,-0.002606799,0.001731521,0.999995438,0.000286746,-0.002873688,-0.000885289
1790504418.284569025,-0.003410537,-0.002615249,0.001728903,0.999995460,0.000270818,-0.002870851,-0.000875022
1790504418.317901373,-0.003409325,-0.002614221,0.001727499,0.999995405,0.000281943,-0.002887668,-0.000878236
1790504418.351233482,-0.003405757,-0.002607099,0.001727901,0.999995345,0.000282729,-0.002905770,-0.000886843
1790504418.384564400,-0.003400685,-0.002596506,0.001731138,0.999995300,0.000300288,-0.002916377,-0.000896914
1790504418.417896509,-0.003398842,-0.002593451,0.001732904,0.999995244,0.000302752,-0.002935518,-0.000895887
1790504418.451228857,-0.003400969,-0.002597376,0.001727313,0.999995244,0.000303089,-0.002935927,-0.000894703
1790504418.484560490,-0.003405919,-0.002601997,0.001724925,0.999995261,0.000303031,-0.002930798,-0.000892878
1790504418.517891645,-0.003408610,-0.002604091,0.001724393,0.999995232,0.000309945,-0.002937760,-0.000899618
1790504418.551223516,-0.003411039,-0.002608888,0.001727450,0.999995266,0.000297500,-0.002932488,-0.000882738
1790504418.584555387,-0.003411646,-0.002604289,0.001729181,0.999995221,0.000320818,-0.002941025,-0.000897061
1790504418.617886543,-0.003404640,-0.002603353,0.001727142,0.999995184,0.000322900,-0.002953150,-0.000897930
1790504418.651218176,-0.003406571,-0.002605496,0.001725637,0.999995196,0.000321035,-0.002951071,-0.000892720
1790504418.684550047,-0.003411593,-0.002603960,0.001721177,0.999995203,0.000329838,-0.002946013,-0.000897556
1790504418.717881918,-0.003407257,-0.002602815,0.001724994,0.999995163,0.000336538,-0.002958540,-0.000898943
1790504418.751212597,-0.003401225,-0.002601306,0.001729708,0.999995130,0.000341178,-0.002967322,-0.000904861
1790504418.784544468,-0.003401941,-0.002601759,0.001729810,0.999995131,0.000342445,-0.002967109,-0.000904021
1790504418.817876339,-0.003403252,-0.002602996,0.001729821,0.999995118,0.000346672,-0.002970018,-0.000907293
1790504418.851207972,-0.003403014,-0.002604999,0.001732835,0.999995106,0.000340715,-0.002978274,-0.000895972
1790504418.884538651,-0.003406500,-0.002601286,0.001735101,0.999995076,0.000355113,-0.002983823,-0.000905329
1790504418.917870045,-0.003406464,-0.002600099,0.001733239,0.999995086,0.000347613,-0.002981734,-0.000903250
1790504418.951201916,-0.003404682,-0.002595545,0.001731146,0.999995052,0.000365797,-0.002989891,-0.000906561
1790504418.984532356,-0.003403492,-0.002595755,0.001727523,0.999995039,0.000363937,-0.002993542,-0.000909649
1790504419.017863989,-0.003404889,-0.002599525,0.001731503,0.999995035,0.000363957,-0.002997342,-0.000901857
1790504419.051197529,-0.003407623,-0.002604037,0.001727988,0.999995029,0.000361901,-0.003001596,-0.000895105
1790504419.084531069,-0.003409802,-0.002605049,0.001725799,0.999995022,0.000359889,-0.003004399,-0.000894140
1790504419.117863417,-0.003411256,-0.002602412,0.001720772,0.999995015,0.000372266,-0.003000858,-0.000909523
1790504419.151196957,-0.003406665,-0.002603924,0.001721846,0.999994997,0.000372515,-0.003010504,-0.000897012
1790504419.184530258,-0.003401921,-0.002603514,0.001722891,0.999994974,0.000372044,-0.003015471,-0.000905506
1790504419.217863798,-0.003398581,-0.002602344,0.001728354,0.999994931,0.000382666,-0.003028088,-0.000906290
1790504419.251196384,-0.003401500,-0.002603363,0.001733033,0.999994938,0.000386556,-0.003023781,-0.000911338
1790504419.284529686,-0.003403960,-0.002607301,0.001731648,0.999994929,0.000378385,-0.003027686,-0.000912476
1790504419.317863226,-0.003406794,-0.002607867,0.001726396,0.999994924,0.000385043,-0.003027477,-0.000914988
1790504419.351195812,-0.003408521,-0.002607664,0.001722841,0.999994957,0.000392930,-0.003018563,-0.000905613
1790504419.384529352,-0.003406071,-0.002607320,0.001726169,0.999994890,0.000401765,-0.003036855,-0.000914890
1790504419.417862892,-0.003404742,-0.002609056,0.001725731,0.999994891,0.000396069,-0.003037499,-0.000913513
1790504419.451196194,-0.003400799,-0.002606310,0.001723998,0.999994877,0.000412684,-0.003039497,-0.000914408
1790504419.484528780,-0.003398844,-0.002603822,0.001726127,0.999994859,0.000421532,-0.003044392,-0.000914712
1790504419.517862320,-0.003399696,-0.002602771,0.001732679,0.999994841,0.000430958,-0.003048404,-0.000916217
1790504419.551195860,-0.003403351,-0.002604189,0.001732590,0.999994864,0.000444297,-0.003039719,-0.000913960
1790504419.584529400,-0.003403109,-0.002607469,0.001728831,0.999994858,0.000444411,-0.003043127,-0.000908650
1790504419.617861509,-0.003401528,-0.002606728,0.001725615,0.999994846,0.000455092,-0.003047439,-0.000901901
1790504419.651195049,-0.003406106,-0.002602258,0.001726831,0.999994835,0.000475049,-0.003044790,-0.000913286
1790504419.684528589,-0.003410923,-0.002602864,0.001723717,0.999994840,0.000486575,-0.003040911,-0.000914476
1790504419.717861176,-0.003408142,-0.002608031,0.001721334,0.999994834,0.000481665,-0.003049058,-0.000896283
1790504419.751194477,-0.003406282,-0.002604901,0.001715327,0.999994790,0.000508277,-0.003055956,-0.000906919
1790504419.784528017,-0.003407081,-0.002607306,0.001719676,0.999994830,0.000502254,-0.003044577,-0.000905046
1790504419.817861557,-0.003406578,-0.002611812,0.001727045,0.999994828,0.000497717,-0.003046320,-0.000903391
1790504419.851194143,-0.003408214,-0.002612131,0.001726746,0.999994853,0.000499246,-0.003036029,-0.000910072
1790504419.884527683,-0.003406154,-0.002607770,0.001724167,0.999994850,0.000505658,-0.003034148,-0.000915310
1790504419.917860746,-0.003403337,-0.002604466,0.001724107,0.999994837,0.000511511,-0.003036252,-0.000919595
1790504419.951193333,-0.003403066,-0.002604303,0.001722807,0.999994849,0.000509217,-0.003030887,-0.000925874
1790504419.984526873,-0.003399912,-0.002605073,0.001723268,0.999994865,0.000503931,-0.003025950,-0.000927483
1790504420.017860413,-0.003395624,-0.002605681,0.001725408,0.999994877,0.000505250,-0.003023367,-0.000921826
1790504420.051193953,-0.003392629,-0.002603628,0.001724889,0.999994897,0.000502396,-0.003015716,-0.000927234
1790504420.084526300,-0.003393918,-0.002603050,0.001730692,0.999994873,0.000512327,-0.003019771,-0.000934489
1790504420.117859840,-0.003411616,-0.002612624,0.001740533,0.999994853,0.000514609,-0.003026582,-0.000931861
1790504420.151193142,-0.003440289,-0.002626006,0.001748596,0.999994876,0.000515607,-0.003017533,-0.000936579
1790504420.184526682,-0.003463710,-0.002640420,0.001759297,0.999994850,0.000515262,-0.003026083,-0.000937172
1790504420.217858791,-0.003485543,-0.002654818,0.001773587,0.999994853,0.000516855,-0.003023699,-0.000940644
1790504420.251192331,-0.003500495,-0.002667256,0.001787239,0.999994818,0.000518683,-0.003034884,-0.000939995
1790504420.284525633,-0.003511607,-0.002668757,0.001785816,0.999994817,0.000523326,-0.003032021,-0.000948609
1790504420.317857981,-0.003516237,-0.002669698,0.001787211,0.999994824,0.000525305,-0.003027646,-0.000953303
1790504420.351191044,-0.003513480,-0.002672620,0.001784659,0.999994829,0.000520490,-0.003027351,-0.000951741
1790504420.384524584,-0.003509370,-0.002671644,0.001784285,0.999994769,0.000536101,-0.003041460,-0.000961749
1790504420.417857647,-0.003510701,-0.002671453,0.001786870,0.999994816,0.000529328,-0.003029308,-0.000954756
1790504420.451189995,-0.003508722,-0.002668216,0.001788308,0.999994779,0.000547155,-0.003035038,-0.000964856
1790504420.484523296,-0.003510997,-0.002669389,0.001790006,0.999994791,0.000537258,-0.003035572,-0.000956820
1790504420.517856359,-0.003516623,-0.002667334,0.001786613,0.999994814,0.000547148,-0.003027737,-0.000951536
1790504420.551189423,-0.003520461,-0.002663442,0.001784976,0.999994829,0.000549159,-0.003024874,-0.000943292
1790504420.584521770,-0.003521776,-0.002657479,0.001784959,0.999994835,0.000562366,-0.003016477,-0.000956045
1790504420.617854834,-0.003518272,-0.002659228,0.001786896,0.999994800,0.000561417,-0.003028990,-0.000953630
1790504420.651187897,-0.003517831,-0.002664037,0.001785536,0.999994829,0.000568558,-0.003019071,-0.000950811
1790504420.684520006,-0.003515840,-0.002669029,0.001781747,0.999994821,0.000566942,-0.003023654,-0.000945981
1790504420.717853069,-0.003516037,-0.002670006,0.001777943,0.999994822,0.000579222,-0.003019857,-0.000949306
1790504420.751186132,-0.003517846,-0.002670125,0.001778544,0.999994824,0.000591576,-0.003015141,-0.000954192
1790504420.784518957,-0.003518070,-0.002673275,0.001780439,0.999994804,0.000586113,-0.003023633,-0.000951715
1790504420.817851067,-0.003519377,-0.002675546,0.001781774,0.999994818,0.000580742,-0.003023524,-0.000940843
1790504420.851184130,-0.003519583,-0.002672443,0.001779273,0.999994799,0.000585608,-0.003028966,-0.000940382
1790504420.884517193,-0.003521447,-0.002668929,0.001772902,0.999994772,0.000592104,-0.003034090,-0.000948896
1790504420.917849779,-0.003521676,-0.002670872,0.001774988,0.999994754,0.000583855,-0.003043768,-0.000941760
1790504420.951181889,-0.003525325,-0.002672694,0.001773743,0.999994788,0.000579450,-0.003034135,-0.000939028
1790504420.984514713,-0.003521159,-0.002671947,0.001776013,0.999994752,0.000581741,-0.003048857,-0.000928295
1790504421.017847538,-0.003513618,-0.002667411,0.001783636,0.999994698,0.000582364,-0.003065206,-0.000932208
1790504421.051184893,-0.003510263,-0.002661621,0.001790421,0.999994676,0.000591524,-0.003067632,-0.000942038
1790504421.084522963,-0.003509106,-0.002659283,0.001795957,0.999994637,0.000588020,-0.003083591,-0.000933185
1790504421.117861271,-0.003515846,-0.002657860,0.001790695,0.999994670,0.000601308,-0.003068542,-0.000939560
1790504421.151199579,-0.003518250,-0.002664759,0.001780167,0.999994695,0.000592193,-0.003062906,-0.000936429
1790504421.184536934,-0.003513568,-0.002672132,0.001782933,0.999994649,0.000598486,-0.003073985,-0.000945270
1790504421.217875004,-0.003511147,-0.002680276,0.001788054,0.999994668,0.000590032,-0.003073126,-0.000933264
1790504421.251213312,-0.003513611,-0.002678522,0.001783624,0.999994667,0.000602541,-0.003067817,-0.000944495
1790504421.284550667,-0.003514041,-0.002671319,0.001782553,0.999994644,0.000614900,-0.003070587,-0.000951578
1790504421.317889214,-0.003516603,-0.002669883,0.001784933,0.999994628,0.000621931,-0.003071277,-0.000961946
1790504421.351227522,-0.003522369,-0.002674400,0.001780981,0.999994692,0.000613384,-0.003054773,-0.000952821
1790504421.384565830,-0.003522604,-0.002673649,0.001778793,0.999994667,0.000619647,-0.003061398,-0.000953867
1790504421.417903662,-0.003521506,-0.002668366,0.001780900,0.999994634,0.000633140,-0.003065430,-0.000966426
1790504421.451241970,-0.003523339,-0.002667328,0.001786082,0.999994622,0.000649373,-0.003062178,-0.000978637
1790504421.484580278,-0.003524570,-0.002668038,0.001788648,0.999994570,0.000668928,-0.003070921,-0.000991218
1790504421.517919064,-0.003527874,-0.002668101,0.001789457,0.999994543,0.000687288,-0.003070007,-0.001008425
1790504421.551256657,-0.003529072,-0.002669619,0.001787006,0.999994521,0.000704475,-0.003072100,-0.001012310
1790504421.584594965,-0.003525480,-0.002671606,0.001790026,0.999994440,0.000729817,-0.003087049,-0.001028657
1790504421.617933512,-0.003519393,-0.002674443,0.001791492,0.999994430,0.000743372,-0.003085452,-0.001033334
1790504421.651271343,-0.003512990,-0.002673037,0.001792911,0.999994402,0.000761615,-0.003083900,-0.001051119
1790504421.684609890,-0.003504417,-0.002669390,0.001791872,0.999994327,0.000786585,-0.003096663,-0.001066408
1790504421.717948437,-0.003496032,-0.002666887,0.001792952,0.999994303,0.000809656,-0.003094423,-0.001078111
1790504421.751287460,-0.003488565,-0.002667616,0.001791954,0.999994246,0.000827711,-0.003104051,-0.001089916
1790504421.784625053,-0.003493600,-0.002668612,0.001789372,0.999994236,0.000832097,-0.003104580,-0.001093834
1790504421.817963600,-0.003510672,-0.002670503,0.001785253,0.999994270,0.000842070,-0.003092393,-0.001090034
1790504421.851302385,-0.003528088,-0.002672090,0.001783435,0.999994301,0.000847837,-0.003079195,-0.001094507
1790504421.884641409,-0.003537710,-0.002670659,0.001786714,0.999994274,0.000857227,-0.003083757,-0.001099094
1790504421.917979002,-0.003544660,-0.002668058,0.001785973,0.999994263,0.000872852,-0.003079077,-0.001109648
1790504421.951317787,-0.003538672,-0.002669589,0.001785302,0.999994274,0.000877995,-0.003077108,-0.001101253
1790504421.984656811,-0.003529340,-0.002669636,0.001786668,0.999994253,0.000890028,-0.003076715,-0.001111814
1790504422.017994642,-0.003518204,-0.002671183,0.001791423,0.999994240,0.000901423,-0.003077187,-0.001113217
1790504422.051329851,-0.003512066,-0.002675868,0.001788462,0.999994254,0.000903045,-0.003070633,-0.001116611
1790504422.084665060,-0.003513424,-0.002677850,0.001782689,0.999994289,0.000914038,-0.003057551,-0.001112286
1790504422.118000031,-0.003517112,-0.002675286,0.001780877,0.999994246,0.000909352,-0.003072885,-0.001112752
1790504422.151334286,-0.003523340,-0.002675242,0.001781255,0.999994265,0.000892844,-0.003075888,-0.001100868
1790504422.184669495,-0.003523190,-0.002671023,0.001787663,0.999994254,0.000874755,-0.003089833,-0.001086159
1790504422.218004704,-0.003518671,-0.002658068,0.001795744,0.999994129,0.000895228,-0.003116700,-0.001107302
1790504422.251339674,-0.003515402,-0.002660877,0.001800435,0.999994168,0.000878895,-0.003115161,-0.001089788
1790504422.284673929,-0.003515731,-0.002677412,0.001802274,0.999994112,0.000871290,-0.003138323,-0.001080955
1790504422.318008900,-0.003516966,-0.002701660,0.001803873,0.999994114,0.000853544,-0.003147105,-0.001067112
1790504422.351344109,-0.003516065,-0.002726949,0.001804540,0.999994088,0.000848598,-0.003156782,-0.001066998
1790504422.384678125,-0.003515573,-0.002750522,0.001803009,0.999994058,0.000849086,-0.003170825,-0.001053186
1790504422.418013096,-0.003516361,-0.002770896,0.001797140,0.999994006,0.000848495,-0.003183163,-0.001065718
1790504422.451348305,-0.003521217,-0.002789262,0.001781418,0.999993958,0.000823060,-0.003210154,-0.001049899
1790504422.484683275,-0.003529547,-0.002807343,0.001760901,0.999993866,0.000817797,-0.003239250,-0.001052049
1790504422.518017530,-0.003541078,-0.002826990,0.001741943,0.999993828,0.000814849,-0.003250822,-0.001054987
1790504422.551352501,-0.003552245,-0.002849584,0.001729732,0.999993812,0.000787834,-0.003269395,-0.001032299
1790504422.584687471,-0.003563038,-0.002877408,0.001727934,0.999993701,0.000795336,-0.003298807,-0.001041205
1790504422.618021727,-0.003573005,-0.002911795,0.001739607,0.999993692,0.000774632,-0.003313639,-0.001017458
1790504422.651356697,-0.003585076,-0.002949521,0.001761043,0.999993596,0.000766088,-0.003344367,-0.001017779
1790504422.684691668,-0.003598286,-0.002985198,0.001788701,0.999993527,0.000754689,-0.003367806,-0.001016689
1790504422.718026876,-0.003613834,-0.003010507,0.001822625,0.999993485,0.000737954,-0.003387610,-0.001005038
1790504422.751360893,-0.003631162,-0.003015419,0.001862622,0.999993484,0.000722780,-0.003392725,-0.000999785
1790504422.784695864,-0.003651436,-0.002995952,0.001907885,0.999993367,0.000742202,-0.003421548,-0.001003617
1790504422.818030834,-0.003670463,-0.002956402,0.001958566,0.999993284,0.000747682,-0.003441892,-0.001013039
1790504422.851366043,-0.003685246,-0.002911034,0.002009591,0.999993215,0.000750541,-0.003462379,-0.001009294
1790504422.884700060,-0.003686397,-0.002875093,0.002055288,0.999993143,0.000754419,-0.003478491,-0.001021791
1790504422.918035030,-0.003668692,-0.002860279,0.002085889,0.999993056,0.000759844,-0.003502587,-0.001020771
1790504422.951369762,-0.003627579,-0.002872058,0.002093344,0.999992973,0.000766295,-0.003523988,-0.001023876
1790504422.984703779,-0.003568631,-0.002907326,0.002088268,0.999992854,0.000770767,-0.003553090,-0.001036066
1790504423.018038750,-0.003508227,-0.002959132,0.002077572,0.999992843,0.000773948,-0.003555436,-0.001036734
1790504423.051373243,-0.003449780,-0.003015814,0.002063143,0.999992781,0.000764843,-0.003576742,-0.001029041
1790504423.084707975,-0.003406445,-0.003074481,0.002041861,0.999992667,0.000787431,-0.003600057,-0.001041864
1790504423.118041515,-0.003379419,-0.003133590,0.002019571,0.999992674,0.000768665,-0.003606791,-0.001026034
1790504423.151376009,-0.003370914,-0.003191944,0.001999104,0.999992636,0.000761334,-0.003616935,-0.001032078
1790504423.184710741,-0.003375182,-0.003246483,0.001978248,0.999992654,0.000743716,-0.003621034,-0.001013513
1790504423.218045235,-0.003385237,-0.003291925,0.001954371,0.999992633,0.000732738,-0.003629550,-0.001011748
1790504423.251379013,-0.003404378,-0.003325955,0.001931527,0.999992625,0.000726756,-0.003635886,-0.001000980
1790504423.284713268,-0.003427617,-0.003342708,0.001918580,0.999992671,0.000697282,-0.003634393,-0.000980881
1790504423.318047762,-0.003446664,-0.003342778,0.001908979,0.999992642,0.000690180,-0.003644731,-0.000977121
1790504423.351381540,-0.003464241,-0.003329220,0.001899620,0.999992661,0.000683011,-0.003643866,-0.000966356
1790504423.384716034,-0.003496524,-0.003307658,0.001906704,0.999992602,0.000664243,-0.003663099,-0.000967342
1790504423.418050528,-0.003537995,-0.003279900,0.001949561,0.999992678,0.000644406,-0.003653048,-0.000939944
1790504423.451385260,-0.003570063,-0.003235013,0.002012034,0.999992589,0.000666567,-0.003669595,-0.000955003
1790504423.484718800,-0.003579044,-0.003170422,0.002069980,0.999992550,0.000692715,-0.003670624,-0.000973100
1790504423.518053293,-0.003566161,-0.003095413,0.002130742,0.999992513,0.000707140,-0.003677364,-0.000975403
1790504423.551388025,-0.003530526,-0.003014899,0.002204596,0.999992480,0.000722777,-0.003683992,-0.000972688
1790504423.584722519,-0.003433721,-0.002921360,0.002278995,0.999992467,0.000744873,-0.003682484,-0.000974925
1790504423.618055820,-0.003288262,-0.002813183,0.002330435,0.999992406,0.000779010,-0.003686589,-0.000994674
1790504423.651390314,-0.003096803,-0.002698203,0.002373266,0.999992358,0.000784152,-0.003698382,-0.000995618
1790504423.684725046,-0.002871920,-0.002587096,0.002406286,0.999992308,0.000813060,-0.003701828,-0.001009933
1790504423.718058586,-0.002698565,-0.002500382,0.002407400,0.999992283,0.000829199,-0.003703711,-0.001014087
1790504423.751393080,-0.002585992,-0.002463750,0.002413924,0.999992273,0.000844658,-0.003705179,-0.001005626
1790504423.784727573,-0.002593153,-0.002504987,0.002479890,0.999992317,0.000803949,-0.003703462,-0.001001728
1790504423.818062305,-0.002648856,-0.002535958,0.002559072,0.999992967,0.000016406,-0.003585349,-0.001100072
1790504423.851395845,-0.002695267,-0.002582036,0.002451242,0.999992575,0.000752642,-0.003662826,-0.000931414
1790504423.884730339,-0.002809171,-0.002573652,0.002309385,0.999992714,0.000742830,-0.003631592,-0.000911710
1790504423.918064594,-0.002952975,-0.002611577,0.002305014,0.999992816,0.000704345,-0.003616259,-0.000891868
1790504423.951398373,-0.003078576,-0.002667497,0.002304422,0.999992913,0.000685948,-0.003598728,-0.000867956
1790504423.984732866,-0.003193150,-0.002711716,0.002176908,0.999992984,0.000724468,-0.003574904,-0.000852584
1790504424.018067360,-0.003312315,-0.002773285,0.002139379,0.999993139,0.000645729,-0.003557471,-0.000805927
1790504424.051404715,-0.003441729,-0.002852756,0.002203154,0.999993250,0.000599133,-0.003537536,-0.000792105
1790504424.084741116,-0.003578348,-0.002901737,0.002197889,0.999993331,0.000585542,-0.003523580,-0.000760824
1790504424.118078470,-0.003726448,-0.002920462,0.002182035,0.999993252,0.000633447,-0.003531701,-0.000789104
1790504424.151415825,-0.003861233,-0.002931977,0.002237118,0.999993275,0.000634926,-0.003523718,-0.000793546
1790504424.184753418,-0.003979232,-0.002930927,0.002265187,0.999993146,0.000677067,-0.003543207,-0.000833629
1790504424.218089819,-0.004043373,-0.002914319,0.002232738,0.999993104,0.000728615,-0.003543125,-0.000841464
1790504424.251427174,-0.004056402,-0.002906730,0.002196449,0.999993072,0.000760084,-0.003542035,-0.000855300
1790504424.284764767,-0.004040071,-0.002922052,0.002166559,0.999993036,0.000789525,-0.003540680,-0.000875968
1790504424.318101168,-0.003983758,-0.002939746,0.002110761,0.999992940,0.000830451,-0.003554878,-0.000890721
1790504424.351438522,-0.003887176,-0.002939943,0.002012207,0.999992859,0.000874746,-0.003561918,-0.000911073
1790504424.384776115,-0.003780556,-0.002924980,0.001923476,0.999992815,0.000931911,-0.003554152,-0.000932187
1790504424.418113470,-0.003741971,-0.002898135,0.001874525,0.999992726,0.000968556,-0.003561716,-0.000960973
1790504424.451450109,-0.003776302,-0.002869665,0.001819174,0.999992293,0.001193294,-0.003551731,-0.001172664
1790504424.484787703,-0.003770562,-0.002854463,0.001760344,0.999992276,0.001201030,-0.003557479,-0.001162068
1790504424.518125296,-0.003787446,-0.002881642,0.001693130,0.999991862,0.001395262,-0.003536241,-0.001350272
1790504424.551462889,-0.003912687,-0.002913578,0.001616592,0.999991923,0.001218642,-0.003360364,-0.001837811
1790504424.584799290,-0.004066281,-0.002934558,0.001546347,0.999990824,0.001406250,-0.003417345,-0.002167032
1790504424.618136883,-0.004100446,-0.002910330,0.001550766,0.999990614,0.001439847,-0.003456125,-0.002180364
1790504424.651474714,-0.004031399,-0.002886758,0.001615970,0.999991488,0.001398375,-0.003404582,-0.001864622
1790504424.684811354,-0.003982050,-0.002911246,0.001656993,0.999991157,0.001547543,-0.003412888,-0.001908798
1790504424.718148947,-0.003966276,-0.002984993,0.001700353,0.999991777,0.001209333,-0.003386496,-0.001875050
1790504424.751486540,-0.003973594,-0.003101111,0.001746416,0.999992084,0.001088905,-0.003363245,-0.001826287
1790504424.784824133,-0.003984619,-0.003227682,0.001757278,0.999991536,0.001270596,-0.003431290,-0.001881306
1790504424.818160772,-0.003986298,-0.003333531,0.001762275,0.999990830,0.001376130,-0.003563526,-0.001936071
1790504424.851498842,-0.004054289,-0.003429590,0.001771314,0.999990722,0.001320283,-0.003569481,-0.002017839
1790504424.884836435,-0.004345932,-0.003530898,0.001663428,0.999989587,0.001575724,-0.003650568,-0.002239619
1790504424.918174028,-0.005023565,-0.003619253,0.001323589,0.999983695,0.002359296,-0.003441044,-0.003899061
1790504424.951510906,-0.006182970,-0.003782949,0.000784692,0.999949992,0.004540037,-0.005156731,-0.007267061
1790504424.984848738,-0.007761619,-0.003945631,0.000287836,0.999877811,0.005962276,-0.008275543,-0.011846068
1790504425.018186569,-0.009441162,-0.004085492,0.000118216,0.999828929,0.005488709,-0.008233065,-0.015627019
1790504425.051521540,-0.011055003,-0.004085109,0.000371197,0.999796007,0.002650801,-0.007483976,-0.018571718
1790504425.084857225,-0.012513525,-0.004059140,0.000932235,0.999777436,-0.002060121,-0.008400356,-0.019242336
1790504425.118193150,-0.013778997,-0.004258702,0.001574840,0.999757523,-0.006539849,-0.008013395,-0.019439957
1790504425.151529074,-0.015022644,-0.004706739,0.002102142,0.999719531,-0.011136823,-0.006135445,-0.019979684
1790504425.184864044,-0.016519033,-0.005191312,0.002494933,0.999608857,-0.016543429,-0.008876288,-0.020728234
1790504425.218199968,-0.017960443,-0.005498552,0.003042978,0.999478575,-0.022344719,-0.010007508,-0.021050905
1790504425.251535892,-0.019353777,-0.005708341,0.003648334,0.999364350,-0.026941971,-0.009733223,-0.021220040
1790504425.284870863,-0.020703758,-0.005998090,0.004106778,0.999272583,-0.030155119,-0.010057400,-0.021067088
1790504425.318206787,-0.022119175,-0.006398243,0.004307077,0.999186695,-0.031863740,-0.012827374,-0.021121289
1790504425.351542711,-0.023565916,-0.006902769,0.004277865,0.999109862,-0.033599537,-0.015236524,-0.020454913
1790504425.384878635,-0.025093824,-0.007639302,0.003942931,0.999086215,-0.033288736,-0.016415057,-0.021192961
1790504425.418213606,-0.026721757,-0.008631182,0.003245657,0.999069188,-0.032224672,-0.018251675,-0.022117973
1790504425.451549530,-0.028248052,-0.009899070,0.002223235,0.999084888,-0.030716399,-0.019000454,-0.022910097
1790504425.484885454,-0.029731027,-0.011443140,0.000773433,0.999111039,-0.028339005,-0.020255000,-0.023743772
1790504425.518221378,-0.031098406,-0.013176668,-0.001091250,0.999143888,-0.025585179,-0.020393479,-0.025317881
1790504425.551556349,-0.032499171,-0.015111621,-0.003434322,0.999171899,-0.023014560,-0.021343852,-0.025889893
1790504425.584892511,-0.034044616,-0.017183598,-0.006203781,0.999155973,-0.020174086,-0.022730478,-0.027634620
1790504425.618228436,-0.035742403,-0.019410050,-0.009294572,0.999136013,-0.017098117,-0.024108239,-0.029217698
1790504425.651563406,-0.037537031,-0.021809841,-0.012611412,0.999129018,-0.012906217,-0.025655953,-0.030272226
1790504425.684899569,-0.039384211,-0.024290228,-0.016064326,0.999090652,-0.009363311,-0.028437424,-0.030356392
1790504425.718235493,-0.041180767,-0.026839057,-0.019544759,0.998976086,-0.004408925,-0.030203329,-0.033393101
1790504425.751571894,-0.042904731,-0.029469331,-0.022983462,0.998933492,-0.002065168,-0.031658037,-0.033546733
1790504425.784906626,-0.044680876,-0.032220469,-0.026415193,0.998789168,0.001458537,-0.034250680,-0.035284017
1790504425.818242788,-0.046541734,-0.035038820,-0.029799098,0.998606445,0.004146232,-0.037563305,-0.036837131
1790504425.851578951,-0.048360183,-0.037914252,-0.033013170,0.998547206,0.005577602,-0.037100446,-0.038677197
1790504425.884915113,-0.050297035,-0.040965890,-0.036206957,0.998491522,0.007333931,-0.037152155,-0.039756893
1790504425.918250084,-0.052393105,-0.044128894,-0.039389404,0.998342192,0.009538176,-0.038350293,-0.041846690
1790504425.951586246,-0.054552670,-0.047331451,-0.042444522,0.998301041,0.009821319,-0.039096656,-0.042071667
1790504425.984922409,-0.056798365,-0.050548684,-0.045339735,0.998213670,0.011014116,-0.039257297,-0.043669467
1790504426.018257380,-0.059114191,-0.053687261,-0.048013944,0.998088325,0.011927529,-0.039537920,-0.045980245
1790504426.051594734,-0.061435822,-0.056789511,-0.050427512,0.997934864,0.012865155,-0.039790336,-0.048756795
1790504426.084932089,-0.063633109,-0.059870789,-0.052566467,0.997938139,0.011022646,-0.038964395,-0.049797073
1790504426.118269444,-0.065702512,-0.063005579,-0.054507133,0.998001739,0.008441051,-0.037111629,-0.050438121
1790504426.151606083,-0.067632491,-0.066078079,-0.056263516,0.998019878,0.006374561,-0.035727159,-0.051373707
1790504426.184943676,-0.069361552,-0.069083806,-0.057782470,0.998044085,0.005076808,-0.034330172,-0.051996815
1790504426.218281031,-0.070885521,-0.072071776,-0.059060334,0.998094965,0.004189040,-0.032773795,-0.052103473
1790504426.251618385,-0.072321341,-0.075105644,-0.060208114,0.998089692,0.003893498,-0.032952751,-0.052114518
1790504426.284955025,-0.073547152,-0.078082935,-0.061133082,0.998129962,0.001630622,-0.031399515,-0.052421278
1790504426.318292379,-0.074822343,-0.081443800,-0.062112975,0.998254390,0.003426926,-0.033430289,-0.048567943
1790504426.351630211,-0.075919050,-0.084768382,-0.062909911,0.998333010,0.002667985,-0.033324996,-0.047048138
1790504426.384966612,-0.077045241,-0.088333867,-0.063662470,0.998323878,0.002910332,-0.035758023,-0.045412860
1790504426.418304205,-0.078224556,-0.092029299,-0.064291184,0.998249641,0.003288838,-0.039303079,-0.044069324
1790504426.451641560,-0.079492435,-0.095755242,-0.064786189,0.998203437,0.003597995,-0.041530904,-0.043036466
1790504426.484979153,-0.080867418,-0.099386148,-0.065173474,0.998180110,0.003932314,-0.041783574,-0.043302873
1790504426.518316031,-0.082255952,-0.102919365,-0.065460788,0.998217461,0.003407740,-0.041063008,-0.043175432
1790504426.551653385,-0.083566242,-0.106380583,-0.065661601,0.998285452,0.002020330,-0.039906986,-0.042772742
1790504426.584990978,-0.084813688,-0.109793444,-0.065821638,0.998355067,0.000086634,-0.038564002,-0.042426068
1790504426.618327618,-0.086106935,-0.113214857,-0.066030366,0.998379366,-0.000819152,-0.037042105,-0.043195519
1790504426.651665211,-0.087519647,-0.116747137,-0.066373451,0.998352008,-0.000889248,-0.036577706,-0.044210279
1790504426.685003042,-0.089007280,-0.120405771,-0.066862702,0.998292035,-0.000504077,-0.036971427,-0.045231330
1790504426.718340635,-0.090567645,-0.124279246,-0.067505926,0.998199755,0.002005095,-0.037664587,-0.046632689
1790504426.751677275,-0.092240292,-0.128283206,-0.068236891,0.998113656,0.004087406,-0.039006038,-0.047232947
1790504426.785014868,-0.094050269,-0.132308372,-0.068960662,0.997959884,0.005976999,-0.040915226,-0.048644526
1790504426.818352461,-0.095899871,-0.136256912,-0.069514689,0.997821318,0.007770979,-0.041642259,-0.050578176
1790504426.851690531,-0.097841497,-0.140047961,-0.069832350,0.997666737,0.008354140,-0.042763668,-0.052560050
1790504426.885027170,-0.099904918,-0.143642185,-0.069849898,0.997495765,0.007454259,-0.043738112,-0.055078223
1790504426.918364763,-0.102071995,-0.147105922,-0.069592693,0.997305614,0.006315813,-0.043901022,-0.058432210
1790504426.951702356,-0.104242744,-0.150472076,-0.069106955,0.997196911,0.003223195,-0.043246964,-0.060972392
1790504426.985039234,-0.106454487,-0.153840374,-0.068548422,0.997058518,0.000331289,-0.043429001,-0.063151597
1790504427.018377066,-0.108649753,-0.157185818,-0.067962379,0.996965006,-0.002074710,-0.043661853,-0.064421379
1790504427.051711082,-0.110761108,-0.160377812,-0.067402317,0.996853064,-0.004448881,-0.044064240,-0.065745865
1790504427.085045099,-0.112716576,-0.163507955,-0.066999535,0.996718507,-0.004705119,-0.045290134,-0.066924467
1790504427.118378401,-0.114444415,-0.166524075,-0.066803689,0.996675515,-0.004493338,-0.046104088,-0.067023437
1790504427.151712418,-0.116026422,-0.169399229,-0.066810602,0.996711129,-0.003065173,-0.045968008,-0.066666881
1790504427.185046673,-0.117645383,-0.172056040,-0.066880472,0.996687623,-0.001380564,-0.046205781,-0.066909653
1790504427.218380690,-0.119420090,-0.174528313,-0.066865636,0.996616520,0.001001471,-0.047081724,-0.067363347
1790504427.251713514,-0.121333744,-0.176648825,-0.066619863,0.996493135,0.002067766,-0.047929325,-0.068556073
1790504427.285047531,-0.123309847,-0.178462425,-0.066073968,0.996366691,0.003653435,-0.048437569,-0.069956217
1790504427.318381786,-0.125299199,-0.179947020,-0.065129693,0.996229598,0.004594873,-0.048750937,-0.071615792
1790504427.351714849,-0.127251371,-0.181129870,-0.063752404,0.996098753,0.003915126,-0.048799416,-0.073420452
1790504427.385048866,-0.129103832,-0.182126413,-0.061991118,0.996019957,0.001338480,-0.048870052,-0.074526312
1790504427.418382883,-0.130849190,-0.183100836,-0.059968990,0.996045996,-0.000980560,-0.048220502,-0.074606936
1790504427.451716900,-0.132610769,-0.183890489,-0.057815020,0.995961536,-0.003698008,-0.048215667,-0.075645174
1790504427.485049725,-0.134395998,-0.184512571,-0.055570395,0.995761548,-0.005248894,-0.049465015,-0.077360208
1790504427.518383503,-0.136156504,-0.185016258,-0.053193110,0.995547832,-0.007478359,-0.050568888,-0.079192014
1790504427.551717520,-0.137911131,-0.185632471,-0.050742534,0.995377041,-0.008543633,-0.051415288,-0.080672309
1790504427.585051537,-0.139471476,-0.186281058,-0.048158264,0.995368027,-0.011668760,-0.050851277,-0.080749485
1790504427.618384600,-0.140789645,-0.187103102,-0.045556598,0.995483977,-0.013804468,-0.050194761,-0.079382455
1790504427.651718378,-0.141931059,-0.188038015,-0.043009877,0.995625853,-0.014399719,-0.049735905,-0.077769846
1790504427.685052156,-0.143064300,-0.188739302,-0.040490788,0.995602442,-0.016910342,-0.049509443,-0.077708639
1790504427.718384981,-0.144264494,-0.189323558,-0.038030210,0.995616802,-0.018251591,-0.048985993,-0.077552792
1790504427.751718998,-0.145544232,-0.189735382,-0.035666808,0.995575467,-0.019605239,-0.049566891,-0.077383764
1790504427.785052776,-0.146886015,-0.189908554,-0.033434160,0.995308828,-0.021152306,-0.052230425,-0.078644137
1790504427.818386793,-0.148208065,-0.189936236,-0.031391015,0.995038249,-0.021179558,-0.055119099,-0.080076175
1790504427.851719379,-0.149501005,-0.189859981,-0.029607750,0.994797668,-0.020104000,-0.057827960,-0.081420854
1790504427.885053158,-0.150648111,-0.189692424,-0.028054466,0.994677585,-0.020733148,-0.060190996,-0.081016551
1790504427.918387175,-0.151658962,-0.189626292,-0.026786557,0.994571891,-0.018590096,-0.063555263,-0.080261389
1790504427.951719999,-0.152503506,-0.189435657,-0.025690307,0.994399165,-0.016976742,-0.066340158,-0.080505121
1790504427.985053778,-0.153185082,-0.189251954,-0.024685521,0.994419832,-0.015663048,-0.067463316,-0.079577437
1790504428.018387556,-0.153704703,-0.189043201,-0.023674362,0.994527602,-0.016204983,-0.066662276,-0.078793324
1790504428.051721811,-0.154129713,-0.188856140,-0.022700352,0.994692352,-0.017600628,-0.064623455,-0.078109867
1790504428.085055351,-0.154385470,-0.188678005,-0.021801558,0.995026217,-0.018792930,-0.058802104,-0.078179069
1790504428.118389845,-0.154456026,-0.188677258,-0.021157885,0.995523008,-0.016748519,-0.050749353,-0.077961082
1790504428.151724339,-0.154396741,-0.188669575,-0.020886688,0.995989589,-0.015386968,-0.044401024,-0.076134942
1790504428.185058832,-0.154178763,-0.188666305,-0.020963927,0.996380592,-0.013884141,-0.040538858,-0.073413538
1790504428.218392134,-0.153709323,-0.188625137,-0.021248882,0.996755760,-0.012481461,-0.038309112,-0.069674817
1790504428.251726627,-0.152997948,-0.188507141,-0.021606081,0.997171436,-0.010939951,-0.034783026,-0.065723562
1790504428.285061121,-0.152303203,-0.188266262,-0.022088492,0.997460625,-0.007854889,-0.030724761,-0.063769826
1790504428.318394184,-0.151565841,-0.187893444,-0.022635808,0.997830312,-0.006155933,-0.024141907,-0.060942117
1790504428.351728678,-0.150807934,-0.187389232,-0.023266135,0.998170061,-0.007883001,-0.016640929,-0.057597452
1790504428.385062933,-0.150180583,-0.187170007,-0.024114158,0.998425822,-0.004458060,-0.010814557,-0.054854792
1790504428.418397427,-0.149559439,-0.186917337,-0.024981092,0.998724990,-0.003486217,-0.006044744,-0.049997026
1790504428.451730728,-0.148914870,-0.186686455,-0.025773547,0.998919216,-0.002854792,-0.002008567,-0.046348858
1790504428.485065222,-0.148138167,-0.186545310,-0.026425326,0.999085859,-0.002475368,0.005783928,-0.042283150
1790504428.518399477,-0.147182224,-0.186413907,-0.026969590,0.999160668,-0.002405722,0.016498064,-0.037416385
1790504428.551733732,-0.146310682,-0.186147917,-0.027537146,0.999153251,-0.003153747,0.022837556,-0.034077582
1790504428.585066795,-0.145396095,-0.185982777,-0.028094346,0.999175270,-0.001405065,0.027684032,-0.029671537
1790504428.618401051,-0.144497492,-0.185708446,-0.028626220,0.999134937,0.000074603,0.032983714,-0.025326796
1790504428.651735544,-0.143733784,-0.185166305,-0.029155489,0.998969929,0.000241160,0.038704148,-0.023685675
1790504428.685068846,-0.143006941,-0.184578183,-0.029690767,0.998792209,0.001255337,0.044127388,-0.021571300
1790504428.718403101,-0.142279862,-0.183839691,-0.030177225,0.998674007,0.000723950,0.047514455,-0.019801005
1790504428.751737118,-0.141467369,-0.183129901,-0.030614377,0.998496354,0.002324041,0.051193847,-0.019463297
1790504428.785071373,-0.140393287,-0.182467781,-0.030918736,0.998164209,0.003331249,0.058090227,-0.016811905
1790504428.818404436,-0.139269900,-0.181771028,-0.031136307,0.997966237,0.001967616,0.062362239,-0.013056435
1790504428.851738691,-0.138026217,-0.181081522,-0.031240882,0.997762932,0.000322431,0.066141667,-0.009711157
1790504428.885072947,-0.136761123,-0.180422619,-0.031293400,0.997531356,-0.000411409,0.069883091,-0.006883116
1790504428.918406963,-0.135625373,-0.179807950,-0.031315741,0.997384817,-0.000640863,0.072094923,-0.005043698
1790504428.951740265,-0.134660142,-0.179234759,-0.031294034,0.997275095,-0.000946435,0.073701562,-0.003093307
1790504428.985074282,-0.133811307,-0.178542583,-0.031147514,0.997029714,-0.003845476,0.076898638,-0.001887226
1790504429.018408537,-0.133100858,-0.177987054,-0.030939413,0.996728606,-0.004357865,0.080691217,-0.001421997
1790504429.051742315,-0.132325760,-0.177236756,-0.030559224,0.996165592,-0.008781735,0.087043760,-0.000614477
1790504429.085077286,-0.131595603,-0.176641941,-0.030195385,0.995676505,-0.009444513,0.092407243,0.000012438
1790504429.118412256,-0.130863406,-0.176048692,-0.029885595,0.995279295,-0.009547609,0.096557113,0.002166234
1790504429.151747465,-0.130304056,-0.175450931,-0.029717302,0.994862127,-0.008041348,0.100849315,0.003755119
1790504429.185081482,-0.129801597,-0.174657642,-0.029659578,0.993809333,-0.008485359,0.110692940,0.004252124
1790504429.218416452,-0.129730601,-0.173886043,-0.029798124,0.993076845,-0.009089695,0.117060578,0.003546550
1790504429.251751423,-0.129917846,-0.173413621,-0.030053447,0.992779285,-0.005940906,0.119792597,0.001931476
1790504429.285085440,-0.130144004,-0.173008786,-0.030239997,0.992654194,-0.004380326,0.120902826,0.000984964
1790504429.318420410,-0.130327228,-0.172714824,-0.030219309,0.992615871,-0.003815808,0.121237662,0.000776217
1790504429.351755381,-0.130343719,-0.172513840,-0.029857512,0.992267285,-0.004606936,0.124029175,0.001083623
1790504429.385090351,-0.130208372,-0.172461514,-0.029182263,0.991348409,-0.005174506,0.131123372,0.002866625
1790504429.418424368,-0.130222316,-0.172371242,-0.028286060,0.990492198,-0.008154747,0.137279711,0.003603789
1790504429.451759338,-0.130298937,-0.172233075,-0.027259072,0.989843130,-0.012870078,0.141529741,0.003777796
1790504429.485094309,-0.130436290,-0.172147242,-0.026275430,0.989601952,-0.015251424,0.142979870,0.003482364
1790504429.518429279,-0.130408214,-0.171922906,-0.025348001,0.989138625,-0.016896344,0.145979489,0.003046827
1790504429.551763296,-0.130593819,-0.171815131,-0.024580798,0.989541349,-0.014065238,0.143541419,0.002439041
1790504429.585097790,-0.130351718,-0.171424693,-0.023727119,0.988911504,-0.014980267,0.147725725,0.002596073
1790504429.618432760,-0.130168880,-0.171080752,-0.022928554,0.988360509,-0.014569057,0.151397972,0.003146675
1790504429.651766777,-0.130203580,-0.170788025,-0.022129308,0.988401540,-0.014658647,0.151126226,0.002895599
1790504429.685101748,-0.130231456,-0.170605207,-0.021228853,0.988634474,-0.014717881,0.149593684,0.002644016
1790504429.718436718,-0.130148488,-0.170477940,-0.020097595,0.988781847,-0.014963069,0.148565189,0.003866643
1790504429.751771688,-0.130114700,-0.170300666,-0.018699959,0.989068669,-0.015223775,0.146598455,0.004505238
1790504429.785105467,-0.130157995,-0.170062848,-0.016996579,0.989460111,-0.015128230,0.143948266,0.004326994
1790504429.818440437,-0.130196050,-0.169735864,-0.014922337,0.989957107,-0.015948543,0.140391959,0.004546178
1790504429.851775408,-0.130021023,-0.169285672,-0.012417859,0.990255856,-0.017646765,0.138046329,0.005014180
1790504429.885110140,-0.129584711,-0.168669761,-0.009498380,0.990386495,-0.019839556,0.136770702,0.005895566
1790504429.918444157,-0.128927232,-0.167745323,-0.006145447,0.990720492,-0.024268084,0.133547031,0.007011262
1790504429.951779127,-0.127911808,-0.166552431,-0.002402621,0.990861107,-0.029843595,0.131239795,0.008929891
1790504429.985113859,-0.126695858,-0.164981495,0.001538289,0.990643746,-0.037600620,0.130698787,0.011357290
1790504430.018447638,-0.125264361,-0.163099126,0.005522095,0.990148015,-0.044490609,0.132021141,0.014068163
1790504430.051784515,-0.123676107,-0.160877119,0.009466188,0.989754310,-0.050500297,0.132439160,0.017204476
1790504430.085120916,-0.121982987,-0.158386646,0.013359498,0.989444480,-0.054798367,0.132565470,0.020570751
1790504430.118457556,-0.120337697,-0.155592187,0.017199948,0.989232881,-0.060484400,0.131008507,0.024427784
1790504430.151793242,-0.118741274,-0.152685693,0.020921647,0.988842951,-0.065462606,0.131033222,0.027102768
1790504430.185129881,-0.117442280,-0.149701557,0.024402552,0.988433388,-0.070578852,0.131133461,0.028671911
1790504430.218466520,-0.116478276,-0.146624117,0.027608071,0.987814028,-0.076630636,0.132228038,0.029443807
1790504430.251803160,-0.115762523,-0.143679848,0.030533684,0.987369901,-0.080337697,0.133402796,0.029158666
1790504430.285138845,-0.115156213,-0.140835127,0.033255354,0.987080111,-0.084358090,0.133024450,0.029343885
1790504430.318475723,-0.114462701,-0.138103976,0.035785664,0.986684582,-0.088611719,0.133065184,0.029919146
1790504430.351812601,-0.113571453,-0.135529768,0.038141251,0.986014637,-0.092970417,0.134581866,0.031927398
1790504430.385148287,-0.112688318,-0.133108426,0.040288803,0.985536914,-0.096954909,0.134672003,0.034353881
1790504430.418485165,-0.111889302,-0.130836135,0.042180609,0.985213167,-0.099384594,0.135110328,0.034970223
1790504430.451822042,-0.111337415,-0.128680289,0.043835761,0.985047450,-0.101922179,0.134381769,0.035141589
1790504430.485158682,-0.111018418,-0.126615821,0.045388062,0.984828787,-0.104558428,0.134095302,0.034615692
1790504430.518494606,-0.110897275,-0.124647257,0.046929963,0.984632071,-0.106948051,0.133885472,0.033711717
1790504430.551831484,-0.110742742,-0.122672387,0.048535474,0.983963722,-0.111242738,0.135306199,0.033655296
1790504430.585168362,-0.110595948,-0.120832724,0.050160089,0.983277664,-0.115147436,0.136790071,0.034562684
1790504430.618504286,-0.110471818,-0.119119952,0.051713137,0.982971351,-0.117324465,0.137232310,0.034199221
1790504430.651841402,-0.110324051,-0.117536427,0.053109424,0.982947548,-0.118726983,0.136072637,0.034673617
1790504430.685178280,-0.110107538,-0.116087571,0.054289054,0.982839877,-0.120655859,0.134677294,0.036468718
1790504430.718515396,-0.109793265,-0.114782719,0.055199274,0.982621397,-0.121869157,0.135010766,0.037083574
1790504430.751851320,-0.109525595,-0.113572692,0.055757392,0.982358449,-0.123888554,0.134639084,0.038675845
1790504430.785188437,-0.109221053,-0.112550769,0.055930691,0.982100799,-0.124563146,0.135725255,0.039251728
1790504430.818525314,-0.109018541,-0.111833337,0.055679297,0.982128513,-0.123584644,0.136183442,0.040056085
1790504430.851862431,-0.108948115,-0.111625516,0.055002303,0.982542854,-0.120010223,0.136524292,0.039600558
1790504430.885198832,-0.109087864,-0.112011916,0.053902596,0.983022831,-0.116046757,0.136583055,0.039298011
1790504430.918535709,-0.109506789,-0.113073488,0.052429184,0.983922667,-0.110331119,0.135287789,0.037688759
1790504430.951872826,-0.110144461,-0.114645709,0.050683540,0.985037400,-0.104600227,0.131650799,0.037791270
1790504430.985208988,-0.110511576,-0.116414685,0.048931405,0.985533762,-0.100243830,0.131426752,0.037435102
1790504431.018546104,-0.110634036,-0.118345839,0.047296282,0.985917007,-0.096307889,0.131042625,0.038990717
1790504431.051880360,-0.110440617,-0.120319573,0.045852646,0.986044344,-0.092469023,0.132246441,0.040950101
1790504431.085214615,-0.110005766,-0.122411390,0.044635922,0.986212504,-0.088114784,0.133505095,0.042391875
1790504431.118547678,-0.109292039,-0.124772548,0.043726555,0.986480428,-0.083660224,0.133788027,0.044250386
1790504431.151881933,-0.108230626,-0.127324827,0.043275206,0.986390772,-0.081347667,0.135174637,0.046299243
1790504431.185215712,-0.106968939,-0.130081696,0.043361864,0.986118837,-0.079555280,0.138145451,0.046437386
1790504431.218549967,-0.105634237,-0.132971279,0.043947344,0.985741747,-0.077847734,0.141885789,0.046058236
1790504431.251883030,-0.104384264,-0.135836990,0.044905636,0.985794590,-0.076352025,0.142499288,0.045534026
1790504431.285217047,-0.103080073,-0.138545814,0.046204084,0.986099434,-0.074430310,0.141592644,0.044939498
1790504431.318551302,-0.101630926,-0.140969861,0.047776012,0.986361760,-0.071860180,0.141368172,0.044063973
1790504431.351884365,-0.100100876,-0.142969935,0.049558603,0.986747778,-0.070453288,0.138899645,0.045519732
1790504431.385218143,-0.098402898,-0.144448089,0.051584593,0.987038109,-0.069326347,0.136882341,0.047040989
1790504431.418552160,-0.096675886,-0.145334773,0.053820069,0.986919902,-0.070409778,0.136584614,0.048746414
1790504431.451886177,-0.095014776,-0.145731907,0.056128751,0.986464045,-0.072654136,0.138119670,0.050329126
1790504431.485219240,-0.093607471,-0.145717299,0.058312538,0.986293517,-0.075097262,0.137459508,0.051868910
1790504431.518553257,-0.092382051,-0.145460622,0.060250898,0.986326989,-0.075702425,0.136375454,0.053197264
1790504431.551887274,-0.091326016,-0.145025702,0.061922504,0.986414123,-0.075722704,0.135004627,0.055018182
1790504431.585221291,-0.090478800,-0.144512950,0.063465877,0.986658336,-0.075176107,0.133014799,0.056222281
1790504431.618554115,-0.089852158,-0.143906906,0.064998966,0.986708985,-0.076467936,0.131663964,0.056768255
1790504431.651887894,-0.089402944,-0.143266158,0.066477653,0.986458478,-0.079205480,0.131749563,0.057168311
1790504431.685221910,-0.089197585,-0.142652604,0.067702923,0.986144818,-0.081222940,0.133095121,0.056629672
1790504431.718554974,-0.089387368,-0.142032733,0.068359017,0.985864547,-0.082513673,0.134947506,0.055242740
1790504431.751888752,-0.090077570,-0.141423240,0.068196576,0.985912146,-0.083451982,0.134414356,0.054275122
1790504431.785222769,-0.090890148,-0.140815408,0.067190552,0.985840179,-0.083070318,0.135475942,0.053523199
1790504431.818556309,-0.091835180,-0.140129635,0.065310376,0.985855274,-0.082126125,0.135737142,0.054038002
1790504431.851889372,-0.092926516,-0.139238057,0.062652589,0.986313517,-0.079391454,0.133447381,0.055447628
1790504431.885223150,-0.094089066,-0.137923895,0.059404432,0.987144578,-0.076067272,0.128454276,0.057086355
1790504431.918557167,-0.095111170,-0.136105458,0.055815006,0.987179643,-0.075050357,0.128565048,0.057574508
1790504431.951889992,-0.096044177,-0.133969607,0.052252966,0.986254930,-0.077530052,0.134369052,0.056879371
1790504431.985223532,-0.097063610,-0.131842167,0.048960494,0.985572167,-0.081880432,0.137016361,0.056299342
1790504432.018557310,-0.098113508,-0.129849894,0.045913517,0.985356834,-0.086669118,0.136150346,0.054985969
1790504432.051892519,-0.099139332,-0.128127231,0.042861419,0.984999488,-0.090583770,0.136490428,0.054230556
1790504432.085227013,-0.100547338,-0.126759035,0.039472745,0.985225543,-0.090812223,0.135602998,0.051919140
1790504432.118562222,-0.102365488,-0.125503555,0.035624691,0.985754120,-0.091643566,0.131645287,0.050594370
1790504432.151897430,-0.104235263,-0.124475136,0.031322142,0.986421810,-0.088991349,0.129164877,0.048672245
1790504432.185232639,-0.106053270,-0.123493836,0.026713078,0.987099189,-0.085287158,0.127140197,0.046868554
1790504432.218567133,-0.107779260,-0.122427319,0.022037208,0.987814660,-0.082772580,0.124327716,0.043743754
1790504432.251902342,-0.109302252,-0.121366324,0.017458338,0.988396684,-0.081032768,0.121325001,0.042260251
1790504432.285237551,-0.110605884,-0.120311562,0.013082441,0.988951432,-0.079588653,0.117835600,0.041898494
1790504432.318571806,-0.111985226,-0.119073264,0.008886447,0.989322426,-0.079517174,0.115751564,0.038983750
1790504432.351907253,-0.113578662,-0.117629572,0.004769350,0.989578842,-0.079378835,0.115006360,0.034731143
1790504432.385242462,-0.115124578,-0.115988401,0.000743287,0.989598959,-0.080395584,0.114684318,0.032832260
1790504432.418577671,-0.116644986,-0.114084831,-0.003278556,0.989754234,-0.080277491,0.114109557,0.030349464
1790504432.451911926,-0.118045448,-0.111788411,-0.007289842,0.989972005,-0.079909498,0.113276925,0.027170571
1790504432.485247374,-0.119100333,-0.109377175,-0.011093785,0.990155057,-0.079216332,0.112360851,0.026320602
1790504432.518582582,-0.119978086,-0.106857519,-0.014532876,0.990245151,-0.079771095,0.111782410,0.023575532
1790504432.551917791,-0.120753828,-0.104351675,-0.017535191,0.990195742,-0.081376627,0.111713701,0.020255501
1790504432.585252285,-0.121462364,-0.101955758,-0.019995437,0.990136928,-0.083571826,0.110849203,0.018896223
1790504432.618587494,-0.122155945,-0.099346764,-0.021827025,0.989913355,-0.087205598,0.110436580,0.016446725
1790504432.651922703,-0.122777906,-0.096534756,-0.023004909,0.989662099,-0.091105403,0.110109347,0.012027728
1790504432.685256720,-0.123107883,-0.093631763,-0.023446565,0.988993943,-0.097394078,0.110858811,0.010756307
1790504432.718592167,-0.123315572,-0.090741738,-0.023176823,0.988430159,-0.103746149,0.110156927,0.010392746
1790504432.751927376,-0.123370431,-0.087952282,-0.022166603,0.988048733,-0.109298896,0.108053060,0.011746835
1790504432.785262585,-0.123265279,-0.084979180,-0.020399195,0.987108691,-0.118640962,0.106483907,0.014210285
1790504432.818597078,-0.123150294,-0.082127221,-0.017983759,0.986959265,-0.122303685,0.103958583,0.012076047
1790504432.851932287,-0.122819057,-0.079123909,-0.014947911,0.986588777,-0.127874833,0.100592261,0.013107614
1790504432.885267496,-0.122198056,-0.075891781,-0.011363562,0.985550811,-0.135916600,0.100289703,0.012579801
1790504432.918602943,-0.121503171,-0.072565326,-0.007511533,0.984197368,-0.144897832,0.101009198,0.012541994
1790504432.951937199,-0.120770638,-0.069127046,-0.003603828,0.982703348,-0.154066969,0.101915407,0.013067068
1790504432.985272408,-0.120030259,-0.065536817,0.000115736,0.981746685,-0.160960316,0.100513470,0.012738352
1790504433.018607855,-0.119145245,-0.062080741,0.003250431,0.981891065,-0.163217773,0.094899553,0.015619565
1790504433.051948309,-0.118058388,-0.058891261,0.005599421,0.982438212,-0.162753861,0.088972395,0.020254717
1790504433.085289478,-0.117284833,-0.056031905,0.007322487,0.983346622,-0.160144713,0.082908832,0.022565853
1790504433.118631124,-0.116937129,-0.053395273,0.008974472,0.983698208,-0.159835306,0.079107251,0.023077101
1790504433.151972294,-0.116817499,-0.050949675,0.011078110,0.983101117,-0.163766473,0.079013371,0.021204319
1790504433.185312986,-0.116834791,-0.048718823,0.013785554,0.981791503,-0.171044919,0.080220607,0.019842732
1790504433.218654633,-0.116937896,-0.046585093,0.017010431,0.980206724,-0.179335762,0.081772314,0.018621264
1790504433.251996040,-0.117104251,-0.044399475,0.020611897,0.978407899,-0.188315532,0.083476612,0.016938102
1790504433.285336971,-0.117367656,-0.042262553,0.024380970,0.976721081,-0.196341712,0.085174882,0.014529351
1790504433.318678379,-0.117679250,-0.040164730,0.028053665,0.974996361,-0.204532048,0.086052517,0.011987522
1790504433.352020264,-0.117802579,-0.038242463,0.031506883,0.973397582,-0.211791622,0.086831060,0.010090787
1790504433.385362148,-0.117791908,-0.036636382,0.034710376,0.972351547,-0.216826963,0.086224563,0.009157589
1790504433.418702841,-0.118006318,-0.034973583,0.037568039,0.970509179,-0.226835032,0.080843099,0.011054228
1790504433.452044725,-0.117903135,-0.033591558,0.040413057,0.969304167,-0.232073043,0.080508606,0.010483267
1790504433.485386372,-0.117775708,-0.032272136,0.043215562,0.968057077,-0.237258298,0.080383277,0.010607778
1790504433.518728495,-0.117664179,-0.031078077,0.045909671,0.967191924,-0.240523514,0.081133658,0.010273816
1790504433.552069664,-0.117646937,-0.030009728,0.048394993,0.966573065,-0.243006285,0.081096973,0.010379597
1790504433.585411549,-0.117614797,-0.029015135,0.050665673,0.965526399,-0.246854292,0.081851161,0.011050691
1790504433.618753672,-0.117683781,-0.028224052,0.052708482,0.965013314,-0.249253354,0.080565317,0.011458606
1790504433.652094841,-0.117496434,-0.027485235,0.054630617,0.964237939,-0.252258747,0.080370164,0.012302780
1790504433.685436726,-0.117078336,-0.026846600,0.056481327,0.963631311,-0.254608897,0.080047816,0.013466759
1790504433.718779087,-0.116673756,-0.026125008,0.058267467,0.962927548,-0.257995603,0.077423056,0.014645050
1790504433.752121449,-0.115964881,-0.025279107,0.060200189,0.962103557,-0.260878244,0.077896888,0.015210614
1790504433.785462618,-0.115029637,-0.024287051,0.062339433,0.961050889,-0.263938198,0.080499836,0.015414020
1790504433.818804979,-0.113971319,-0.023106236,0.064710358,0.959487184,-0.268655788,0.083476186,0.015496393
1790504433.852147102,-0.112819162,-0.021593917,0.067349027,0.956866943,-0.277121463,0.085630243,0.016637602
1790504433.885489702,-0.111611863,-0.019986758,0.070237438,0.954520267,-0.284247459,0.088336444,0.017062103
1790504433.918831110,-0.110615756,-0.018332737,0.072960174,0.952118338,-0.292030555,0.088962415,0.016568478
1790504433.952173471,-0.109542420,-0.016990248,0.075201478,0.949833851,-0.298623789,0.091312605,0.017363642
1790504433.985516071,-0.108727616,-0.016658609,0.076361096,0.949837831,-0.298861554,0.090136050,0.019114349
1790504434.018857718,-0.108150926,-0.017325398,0.076320602,0.951762618,-0.293634420,0.086523752,0.020985385
1790504434.052191734,-0.107702319,-0.018070928,0.075693154,0.952661018,-0.292121476,0.080914304,0.023556374
1790504434.085525751,-0.106682000,-0.018543725,0.075456842,0.952681251,-0.290907481,0.085017423,0.023309007
1790504434.118859529,-0.105935032,-0.018678931,0.075683230,0.952306506,-0.291920165,0.085645003,0.023661543
1790504434.152192593,-0.105269429,-0.018449810,0.076476708,0.951438736,-0.294244876,0.087339048,0.023583388
1790504434.185526609,-0.104744118,-0.017949309,0.077720591,0.950178028,-0.297739896,0.089407426,0.022781151
1790504434.218860388,-0.104478704,-0.017451190,0.079024425,0.949015702,-0.301342335,0.089979690,0.021578925
1790504434.252194405,-0.104351908,-0.017384887,0.079905327,0.948666792,-0.302364643,0.090373882,0.020964287
1790504434.285527229,-0.104321545,-0.017851372,0.080084201,0.949117386,-0.301065353,0.090093662,0.020468813
1790504434.318861008,-0.104295873,-0.018460522,0.079807705,0.949228315,-0.301009591,0.089084458,0.020561902
1790504434.352195024,-0.104218183,-0.018942733,0.079594314,0.949203486,-0.301218266,0.088554853,0.020936499
1790504434.385527849,-0.104191406,-0.019137785,0.079632805,0.948929344,-0.301926498,0.089147809,0.020643587
1790504434.418861866,-0.104372502,-0.019149421,0.079801094,0.948636355,-0.302855704,0.089131344,0.020569199
1790504434.452195644,-0.104669471,-0.019153811,0.080015027,0.948760663,-0.302450026,0.089293020,0.020098308
1790504434.485529184,-0.105054209,-0.019142869,0.080170509,0.948822062,-0.302306641,0.089223331,0.019661805
1790504434.518862009,-0.105367061,-0.019249043,0.080222494,0.949283401,-0.300580936,0.090268612,0.019070990
1790504434.552195787,-0.105602030,-0.019353807,0.079957193,0.949193013,-0.300874324,0.090232598,0.019113960
1790504434.585529566,-0.105634273,-0.019722313,0.079437911,0.949723170,-0.298904079,0.091155578,0.019310950
1790504434.618862391,-0.105550156,-0.020239535,0.078603401,0.949908342,-0.297678963,0.093218058,0.019281368
1790504434.652195930,-0.105550741,-0.021078004,0.077496723,0.950610637,-0.295664948,0.092171027,0.020643573
1790504434.685529709,-0.105271552,-0.022079791,0.076365693,0.951359988,-0.292681749,0.093911787,0.020788067
1790504434.718863487,-0.105027670,-0.023010103,0.075277553,0.951348972,-0.292408173,0.094846004,0.020900441
1790504434.752196312,-0.104566807,-0.023942838,0.074381331,0.951117964,-0.292091173,0.098157330,0.020554899
1790504434.785529852,-0.104037487,-0.024953842,0.073461216,0.951071991,-0.291611863,0.099894242,0.021112301
1790504434.818863630,-0.103402670,-0.026083435,0.072321160,0.951435270,-0.289879086,0.101221916,0.022252329
1790504434.852196932,-0.102746958,-0.027269553,0.070893095,0.952229770,-0.286800057,0.102340141,0.023036662
1790504434.885529757,-0.102044419,-0.028363528,0.069242029,0.952768580,-0.284391622,0.103942381,0.023439719
1790504434.918863297,-0.101260689,-0.029387402,0.067553243,0.953004308,-0.283039414,0.105067678,0.025144831
1790504434.952197075,-0.100248384,-0.030192347,0.066094633,0.952426504,-0.283716837,0.108157688,0.026275935
1790504434.985529423,-0.099145968,-0.030857730,0.064917086,0.951880132,-0.283787200,0.112626591,0.026538478
1790504435.018862963,-0.097979156,-0.031357429,0.063756315,0.951178791,-0.284369556,0.116907050,0.026937038
1790504435.052196980,-0.096597179,-0.031877519,0.062450763,0.950839745,-0.283014910,0.122539556,0.028113991
1790504435.085530758,-0.095304615,-0.032361166,0.060796240,0.950719975,-0.281975636,0.125431822,0.029801453
1790504435.118863821,-0.093971146,-0.032921337,0.058877556,0.951175367,-0.278904795,0.128589699,0.030695703
1790504435.152197599,-0.092596225,-0.033406071,0.056747884,0.950911861,-0.277862606,0.132467168,0.031803380
1790504435.185531378,-0.091134374,-0.034099891,0.054539741,0.950965522,-0.274951958,0.137788650,0.032867698
1790504435.218865156,-0.089646859,-0.034996999,0.052183621,0.950738717,-0.272379501,0.143949513,0.034406950
1790504435.252198219,-0.088239986,-0.036149518,0.049622475,0.950660390,-0.269234459,0.150023286,0.035364417
1790504435.285531998,-0.086930106,-0.037531145,0.046878010,0.951112990,-0.264876462,0.154525474,0.036693566
1790504435.318865776,-0.085464115,-0.039077139,0.043952877,0.951804878,-0.259257106,0.159256214,0.038609407
1790504435.352198601,-0.083940673,-0.040606727,0.040797627,0.952336332,-0.255786165,0.160925888,0.041614990
1790504435.385532141,-0.082148391,-0.042342262,0.037541753,0.953350705,-0.249777793,0.163392539,0.045126099
1790504435.418865919,-0.079919635,-0.044101307,0.034158657,0.953676684,-0.242748904,0.171383237,0.046920541
1790504435.452199697,-0.077856218,-0.045713468,0.030559416,0.953916288,-0.239197638,0.173891746,0.050890738
1790504435.485532522,-0.075566243,-0.047537530,0.026906373,0.955143835,-0.230611983,0.177737218,0.054109595
1790504435.518866301,-0.073242945,-0.049221854,0.023173610,0.956116809,-0.223903293,0.179983033,0.057567963
1790504435.552199602,-0.070736908,-0.050892415,0.019383879,0.956565503,-0.216729697,0.185164217,0.061031877
1790504435.585533381,-0.068359899,-0.052439959,0.015564986,0.957117991,-0.210562612,0.188237015,0.064462108
1790504435.618865967,-0.065844690,-0.053849736,0.011878877,0.957479885,-0.203628675,0.193039939,0.067105994
1790504435.652199745,-0.063374844,-0.055013441,0.008444972,0.957655913,-0.198161386,0.196577640,0.070600632
1790504435.685533285,-0.060743856,-0.055888919,0.005374155,0.957385838,-0.194031312,0.200957781,0.073349690
1790504435.718865871,-0.058176433,-0.056611505,0.002473130,0.957299558,-0.189634920,0.204589744,0.075889327
1790504435.752199411,-0.056110246,-0.057259394,-0.000579922,0.958442724,-0.185598448,0.201107114,0.080602042
1790504435.785532951,-0.053569873,-0.057871369,-0.003940795,0.958197980,-0.179317062,0.206979549,0.082834098
1790504435.818866491,-0.051408285,-0.058569492,-0.007720148,0.959156821,-0.172386761,0.206859829,0.086660311
1790504435.852199078,-0.049117645,-0.059330218,-0.011898567,0.959741648,-0.163489855,0.209626314,0.090685423
1790504435.885532618,-0.047300114,-0.060038717,-0.016507950,0.960540964,-0.154283105,0.211722635,0.093441459
1790504435.918866158,-0.045703790,-0.060800988,-0.021525740,0.961319182,-0.142519034,0.215386770,0.095719875
1790504435.952198505,-0.044072042,-0.061509439,-0.026871080,0.961804146,-0.130517529,0.219361835,0.098885507
1790504435.985532045,-0.042279625,-0.062140320,-0.032373401,0.962103707,-0.118300357,0.222785943,0.103575608
1790504436.018865585,-0.040317310,-0.062560476,-0.037714121,0.963009877,-0.107917044,0.221313698,0.109481207
1790504436.052199364,-0.037888859,-0.062755036,-0.042647038,0.963080080,-0.099326019,0.221456660,0.116481971
1790504436.085532188,-0.035293089,-0.062627119,-0.047118946,0.961249734,-0.094453729,0.229351562,0.120313355
1790504436.118866205,-0.032809719,-0.062392206,-0.051113479,0.958831660,-0.091748799,0.238717054,0.123442999
1790504436.152199984,-0.030067308,-0.061996648,-0.054835017,0.954876992,-0.089727847,0.252978302,0.127125224
1790504436.185534000,-0.027451402,-0.061497266,-0.058570487,0.951373260,-0.085805450,0.265390114,0.130745682
1790504436.218866587,-0.024775354,-0.060846342,-0.062503101,0.948186077,-0.080159829,0.276219498,0.134982789
1790504436.252200365,-0.022078806,-0.060015580,-0.066611675,0.945742369,-0.074441115,0.283587613,0.140028419
1790504436.285534382,-0.019182531,-0.058909463,-0.070772125,0.942617695,-0.071083348,0.291869776,0.145708860
1790504436.318867207,-0.016277767,-0.057722295,-0.074918099,0.939010910,-0.068214305,0.301472862,0.150729667
1790504436.352200985,-0.013329873,-0.056521356,-0.079059540,0.934249087,-0.065560495,0.314100262,0.155632548
1790504436.385534763,-0.010777371,-0.055513245,-0.083103728,0.931709058,-0.061325374,0.319713427,0.161061338
1790504436.418868303,-0.008266758,-0.054596567,-0.087093004,0.929203307,-0.056577894,0.325225716,0.166157729
1790504436.452200890,-0.005833119,-0.053827185,-0.090966466,0.926117398,-0.051691453,0.332273415,0.170964723
1790504436.485534668,-0.003259103,-0.053147843,-0.094736066,0.921055497,-0.047504932,0.345034435,0.174216223
1790504436.518868446,-0.000937943,-0.052528056,-0.098289710,0.917190854,-0.045419806,0.353039046,0.179057004
1790504436.552202225,0.001541213,-0.051914607,-0.101721385,0.913208852,-0.043915098,0.360272275,0.185269926
1790504436.585534573,0.004084509,-0.051167263,-0.104968134,0.908984267,-0.043801065,0.367312676,0.192120969
1790504436.618868351,0.006559165,-0.050267405,-0.107983694,0.904971178,-0.044309129,0.373459812,0.198976471
1790504436.652201891,0.008992004,-0.049117192,-0.110770477,0.900828244,-0.046374858,0.379192410,0.206327322
1790504436.685534477,0.011280639,-0.047749316,-0.113340668,0.897027802,-0.048588156,0.383871361,0.213595626
1790504436.718868256,0.013391724,-0.046127054,-0.115685444,0.893452003,-0.050959677,0.388017398,0.220429416
1790504436.752201557,0.015425298,-0.044143363,-0.117788562,0.889442251,-0.054909996,0.392464141,0.227704355
1790504436.785535097,0.017387068,-0.041899984,-0.119615262,0.886222362,-0.058544873,0.395764823,0.233565040
1790504436.818867683,0.019504755,-0.039322606,-0.121274293,0.882159563,-0.062628689,0.400522976,0.239694595
1790504436.852201223,0.021708008,-0.036558912,-0.122767429,0.878936414,-0.065966938,0.403071803,0.246276806
1790504436.885534763,0.023996965,-0.033604489,-0.124104368,0.876435984,-0.069237588,0.404047919,0.252609185
1790504436.918868065,0.026340769,-0.030525424,-0.125290299,0.874159871,-0.071644147,0.404918868,0.258364752
1790504436.952200651,0.028831048,-0.027212624,-0.126397602,0.870629321,-0.075321037,0.407955055,0.264393647
1790504436.985534191,0.031129405,-0.023872519,-0.127354485,0.868143191,-0.079079113,0.408991380,0.269814648
1790504437.018867731,0.033284586,-0.020573395,-0.128268340,0.865235087,-0.082927869,0.410569659,0.275542681
1790504437.052207708,0.035275680,-0.017432832,-0.129100632,0.862412367,-0.086044794,0.412544612,0.280442767
1790504437.085548878,0.037083995,-0.014524797,-0.129751435,0.860443647,-0.088482018,0.413603556,0.284147429
1790504437.118889809,0.038750921,-0.011624860,-0.130157225,0.857917244,-0.094551974,0.414504891,0.288485047
1790504437.152231216,0.040433850,-0.008756117,-0.130356870,0.853808709,-0.102153842,0.417129473,0.294241879
1790504437.185571432,0.041868535,-0.006003546,-0.130307680,0.850791963,-0.108725328,0.418536219,0.298595500
1790504437.218912840,0.043009799,-0.003282748,-0.130171438,0.848661892,-0.113545488,0.419542912,0.301436825
1790504437.252254248,0.043842030,-0.000514811,-0.129957812,0.847438012,-0.117818956,0.417035036,0.306674564
1790504437.285594463,0.044849541,0.002408242,-0.129866960,0.844811700,-0.121944572,0.417993238,0.310973255
1790504437.318936110,0.046224779,0.004111628,-0.129932057,0.845834218,-0.105498317,0.419585490,0.312061848
1790504437.352277517,0.047326938,0.006768788,-0.129881802,0.843888367,-0.108567968,0.419377066,0.316525350
1790504437.385618925,0.048583607,0.009176402,-0.129844486,0.841643426,-0.112304172,0.419263106,0.321313809
1790504437.418959379,0.049926124,0.011371675,-0.129801138,0.839778405,-0.114987896,0.418778454,0.325844472
1790504437.452301264,0.051207413,0.013495852,-0.129775567,0.837770785,-0.116897135,0.419202158,0.329764647
1790504437.485642910,0.052407797,0.015460983,-0.129727965,0.836320185,-0.117003649,0.420227297,0.332095940
1790504437.518984556,0.053584406,0.017566648,-0.129625201,0.833644585,-0.120514388,0.422324633,0.334895347
1790504437.552325249,0.054676632,0.019441163,-0.129442164,0.832101092,-0.121874035,0.422705195,0.337749627
1790504437.585666895,0.055668420,0.021343842,-0.129290927,0.830372800,-0.124551869,0.422945877,0.340711946
1790504437.619008780,0.056574016,0.023211964,-0.129212467,0.828763252,-0.127007899,0.422548929,0.344198879
1790504437.652349710,0.057453149,0.025004615,-0.129155865,0.827520684,-0.128425681,0.421959081,0.347371410
1790504437.685691595,0.058347001,0.026742543,-0.129071267,0.826263231,-0.129964012,0.422293521,0.349380325
1790504437.719033480,0.059253937,0.028465377,-0.128979649,0.824360677,-0.133096375,0.422829355,0.352037166
1790504437.752375603,0.060251884,0.030073253,-0.128945562,0.822699807,-0.135596155,0.423857141,0.353728474
1790504437.785716534,0.061201304,0.031724350,-0.128909735,0.821119250,-0.139554509,0.423114407,0.356737880
1790504437.819058657,0.062230728,0.033359327,-0.129000356,0.819125647,-0.141883277,0.424470234,0.358785911
1790504437.852400541,0.063121158,0.034951241,-0.129168940,0.817984535,-0.142264859,0.425000519,0.360605836
1790504437.885742903,0.063836997,0.036634133,-0.129366338,0.817288943,-0.143043557,0.424424615,0.362548025
1790504437.919084311,0.064486452,0.038284227,-0.129592909,0.816686915,-0.142574425,0.424351043,0.364171949
1790504437.952426195,0.065096538,0.039956820,-0.129786964,0.815995369,-0.142760028,0.424844556,0.365072918
1790504437.985768557,0.065742094,0.041470912,-0.129923691,0.815964821,-0.141062550,0.424824360,0.365823771
1790504438.019109964,0.066385904,0.043037218,-0.129996970,0.815377370,-0.141349487,0.424746239,0.367111291
1790504438.052449942,0.067009386,0.044874391,-0.129994176,0.812537204,-0.146470798,0.424055697,0.372164430
1790504438.085790157,0.067760858,0.046387433,-0.129926609,0.811800156,-0.147149356,0.423636794,0.373977861
1790504438.119129896,0.068499303,0.047846331,-0.129763149,0.811220649,-0.148379099,0.422696158,0.375809340
1790504438.152468920,0.069315554,0.049221398,-0.129513716,0.810445714,-0.149886116,0.422047368,0.377608152
1790504438.185809135,0.070136322,0.050477369,-0.129255584,0.809774394,-0.151211220,0.421709889,0.378894930
1790504438.219149351,0.070814881,0.051645890,-0.129127259,0.808932361,-0.152338470,0.422109037,0.379796507
1790504438.252489567,0.071333329,0.052748461,-0.129095623,0.808304745,-0.152989924,0.421717702,0.381302638
1790504438.285828590,0.071830227,0.053823584,-0.129100669,0.807915934,-0.153301941,0.421332334,0.382425710
1790504438.319169044,0.072353474,0.054914295,-0.129134083,0.806899164,-0.154549950,0.421618155,0.383752764
1790504438.352509022,0.072862406,0.055895667,-0.129160181,0.806205678,-0.155175132,0.421228798,0.385382126
1790504438.385848284,0.073384009,0.056828938,-0.129162134,0.805680141,-0.155544951,0.420442357,0.387186651
1790504438.419188738,0.073875137,0.057757505,-0.129121860,0.805010296,-0.155901772,0.420176486,0.388721984
1790504438.452528954,0.074274310,0.058725521,-0.129000446,0.804222757,-0.156633022,0.420089780,0.390149241
1790504438.485869408,0.074618466,0.059702330,-0.128757968,0.803893958,-0.157177841,0.419093032,0.391676731
1790504438.519208670,0.074950461,0.060721861,-0.128459777,0.803300735,-0.158455835,0.419037565,0.392437507
1790504438.552549362,0.075255610,0.061667039,-0.128144679,0.802788176,-0.159387534,0.418878749,0.393277704
1790504438.585889578,0.075595066,0.062546370,-0.127832386,0.802727834,-0.159834247,0.418372484,0.393758178
1790504438.619229317,0.076014489,0.063500776,-0.127556111,0.801958430,-0.161516479,0.418236596,0.394782540
1790504438.652569532,0.076518093,0.064411641,-0.127375629,0.801241027,-0.162934000,0.418044509,0.395858707
1790504438.685910225,0.077087793,0.065226020,-0.127409171,0.800383995,-0.163243283,0.418072679,0.397432166
1790504438.719250679,0.077661362,0.065912681,-0.127656039,0.799892339,-0.162923727,0.417879175,0.398754437
1790504438.752590418,0.078236628,0.066473671,-0.128074585,0.799295016,-0.162934655,0.417755250,0.400075401
1790504438.785930872,0.078767422,0.066857712,-0.128673827,0.798736353,-0.163216759,0.418393975,0.400408553
1790504438.819271564,0.079272547,0.066948665,-0.129530467,0.798545207,-0.162843863,0.419460390,0.399825474
1790504438.852612257,0.079812205,0.066737453,-0.130703609,0.798268600,-0.161986147,0.420616859,0.399511187
1790504438.885951996,0.080465895,0.066190466,-0.132192394,0.798537158,-0.160221795,0.422479702,0.397716337
1790504438.919292688,0.081294960,0.065438753,-0.134017403,0.797923145,-0.159147559,0.425633515,0.396013661
1790504438.952633381,0.082323027,0.064380579,-0.136165450,0.797251320,-0.156201179,0.429756224,0.394082621
1790504438.985973120,0.083585373,0.063086896,-0.138641813,0.796278818,-0.151905918,0.435061561,0.391900593
1790504439.019314051,0.085075262,0.061620934,-0.141363217,0.795285062,-0.147329914,0.440004826,0.390142691
1790504439.052648544,0.086866114,0.059988814,-0.144201513,0.794584103,-0.143268138,0.444167325,0.388362887
1790504439.085982800,0.088987214,0.058191525,-0.147045264,0.793660856,-0.140372915,0.448337200,0.386512154
1790504439.119316339,0.091250286,0.056169559,-0.149830293,0.792555408,-0.138545025,0.453251811,0.383697793
1790504439.152650595,0.093611350,0.053834459,-0.152574118,0.792004841,-0.135698049,0.457787832,0.380453245
1790504439.185985088,0.096180091,0.051390151,-0.155320104,0.791972653,-0.133246054,0.460833879,0.377699539
1790504439.219319582,0.099086694,0.049022333,-0.158208500,0.790722937,-0.131448063,0.464594966,0.376337827
1790504439.252652884,0.102287393,0.046731604,-0.161242429,0.788971207,-0.128981445,0.468413269,0.376134590
1790504439.285987377,0.105690643,0.044546806,-0.164335708,0.787633907,-0.125477929,0.470813929,0.377123802
1790504439.319321632,0.109237829,0.042569116,-0.167485026,0.786251010,-0.122874364,0.473273989,0.377786940
1790504439.352654934,0.112939511,0.040687126,-0.170759721,0.783875977,-0.120285910,0.476840666,0.379068241
1790504439.385989189,0.116746176,0.038763713,-0.174082005,0.781579830,-0.117328654,0.480486420,0.380131236
1790504439.419323444,0.120597177,0.036835188,-0.177342449,0.779683230,-0.115347603,0.484345119,0.379735167
1790504439.452657700,0.124560999,0.034929764,-0.180549950,0.777604851,-0.113638778,0.488488261,0.379204619
1790504439.485991001,0.128712067,0.033053496,-0.183653186,0.775438144,-0.111771730,0.492119362,0.379501382
1790504439.519325495,0.133017764,0.031290421,-0.186564131,0.773440341,-0.110792580,0.495413308,0.379579632
1790504439.552659750,0.137438404,0.029604207,-0.189311685,0.771466064,-0.109336687,0.498972770,0.379357055
1790504439.585994005,0.141850570,0.028038022,-0.191872938,0.769451981,-0.107772093,0.502405414,0.379364764
1790504439.619327068,0.146204422,0.026664217,-0.194220401,0.767580907,-0.106978890,0.505092898,0.379810786
1790504439.652661085,0.150588632,0.025446415,-0.196526111,0.764948854,-0.106121792,0.509163343,0.379926447
1790504439.685995340,0.154890928,0.024364870,-0.198827550,0.761830256,-0.105456913,0.513521286,0.380512008
1790504439.719328642,0.159061974,0.023413155,-0.201092149,0.759937277,-0.104771342,0.516075115,0.381031201
1790504439.752662897,0.163175579,0.022656435,-0.203485437,0.757388781,-0.104547164,0.519085833,0.382075938
1790504439.785996914,0.167117774,0.021824204,-0.205893664,0.755091662,-0.102867405,0.521729996,0.383474497
1790504439.819331169,0.170931251,0.020894029,-0.208136652,0.753221878,-0.100933147,0.524802898,0.383472582
1790504439.852663994,0.174675559,0.020055543,-0.210153345,0.750772435,-0.101998033,0.527421899,0.384399914
1790504439.885998249,0.178433440,0.018907156,-0.212007232,0.749560614,-0.099875536,0.529267020,0.384785894
1790504439.919332266,0.182274343,0.017923093,-0.213705893,0.747663530,-0.102277369,0.531949664,0.384145989
1790504439.952665567,0.186321836,0.016828121,-0.215285238,0.745999988,-0.104462219,0.534732622,0.382926475
1790504439.985999584,0.190448583,0.015491081,-0.216888210,0.744704583,-0.104924259,0.539390600,0.378766110
1790504440.019333601,0.194493688,0.014243227,-0.218390192,0.742641659,-0.107396619,0.541760147,0.378741701
1790504440.052667856,0.198812527,0.012999791,-0.219944899,0.741101679,-0.108606085,0.543796484,0.378494919
1790504440.086001396,0.203298688,0.011781784,-0.221685119,0.740018658,-0.108142877,0.545753277,0.377929709
1790504440.119335890,0.207732717,0.010707676,-0.223648794,0.738406487,-0.106302204,0.546611741,0.380356814
1790504440.152670383,0.212147301,0.009822718,-0.225836947,0.737607712,-0.104150860,0.547926734,0.380609716
1790504440.186004877,0.216613817,0.008958865,-0.228296349,0.736152939,-0.097650852,0.549972275,0.382195838
1790504440.219338417,0.220886403,0.008622239,-0.230881815,0.733568391,-0.095880835,0.552579135,0.383849685
1790504440.252672911,0.225163610,0.008573404,-0.233536803,0.731478149,-0.093730853,0.554861045,0.385075921
1790504440.286007404,0.229601723,0.008909864,-0.236237523,0.729056799,-0.091270879,0.557035600,0.387113874
1790504440.319340706,0.234076193,0.009762223,-0.238792725,0.727021585,-0.091722860,0.557204791,0.390575668
1790504440.352675200,0.238668699,0.010877675,-0.241368974,0.723769926,-0.090872704,0.559213287,0.393928604
1790504440.386009693,0.243023256,0.012364313,-0.243705700,0.722447161,-0.095679773,0.561499214,0.391961878
1790504440.419344187,0.247284905,0.013772097,-0.246011095,0.719949088,-0.096108469,0.564235555,0.392523518
1790504440.452677727,0.251287312,0.015301237,-0.248255597,0.717355247,-0.097237610,0.567244926,0.392656963
1790504440.486012220,0.254972835,0.016943461,-0.250388733,0.715599650,-0.098015432,0.569104904,0.392975476
1790504440.519346714,0.258476051,0.018771542,-0.252372009,0.715337047,-0.097313214,0.570075006,0.392221283
1790504440.552680969,0.261974701,0.021146776,-0.254254889,0.713697200,-0.098887006,0.570206188,0.394616991
1790504440.586014509,0.265611900,0.023793698,-0.256230302,0.709979578,-0.099967217,0.572247941,0.398080203
1790504440.619348764,0.269150926,0.026176230,-0.258083903,0.709032826,-0.096794026,0.572256076,0.400532585
1790504440.652683258,0.272398516,0.028744164,-0.259769459,0.708593675,-0.100023392,0.571806363,0.401158084
1790504440.686016560,0.275645478,0.031033812,-0.261544209,0.706428562,-0.101057755,0.572678302,0.403466950
1790504440.719351053,0.278748704,0.033009662,-0.263318182,0.704588006,-0.101528175,0.573520896,0.405365950
1790504440.752685547,0.281614462,0.034573736,-0.264969363,0.704540599,-0.100428552,0.573734373,0.405420177
1790504440.786019802,0.284323302,0.036304505,-0.266554415,0.702184259,-0.104030554,0.575846588,0.405605247
1790504440.819353342,0.287002898,0.037949775,-0.267988113,0.701209263,-0.105753988,0.576252987,0.406268580
1790504440.852687836,0.289679030,0.039528787,-0.269366083,0.702012589,-0.103593437,0.575081479,0.407097061
1790504440.886022091,0.292375210,0.041398324,-0.270754037,0.701994160,-0.102350806,0.573926613,0.409068154
1790504440.919356346,0.295069526,0.043429208,-0.272042080,0.700881728,-0.102837586,0.572918279,0.412254629
1790504440.952689886,0.297644220,0.045342030,-0.273155344,0.699200361,-0.104341683,0.573264546,0.414245614
1790504440.986024141,0.300061753,0.047003497,-0.273992962,0.698285843,-0.104717913,0.573268108,0.415685838
1790504441.019358635,0.302354111,0.048634898,-0.274584062,0.697023219,-0.106153988,0.573729646,0.416802419
1790504441.052693605,0.304547838,0.050265508,-0.274977337,0.695668650,-0.107838630,0.574616064,0.417411474
1790504441.086029768,0.306694383,0.051953715,-0.275185398,0.695210996,-0.108884712,0.574800084,0.417648960
1790504441.119365692,0.308805600,0.053776159,-0.275205176,0.695415282,-0.109983407,0.573778111,0.418425519
1790504441.152701855,0.310851276,0.055728655,-0.275099960,0.694900759,-0.111658170,0.573970603,0.418572736
1790504441.186037064,0.312752101,0.057815898,-0.274786058,0.694636227,-0.113702466,0.573451748,0.419172224
1790504441.219372988,0.314612407,0.060028763,-0.274404585,0.694379338,-0.114893344,0.572331866,0.420800533
1790504441.252709150,0.316323654,0.062192250,-0.274115419,0.693594222,-0.115050831,0.572011228,0.422484931
1790504441.286044121,0.317779480,0.064124692,-0.273871289,0.693558610,-0.114827308,0.571472204,0.423332805
1790504441.319380283,0.319107166,0.065897013,-0.273624698,0.693614383,-0.116481276,0.569878291,0.424935212
1790504441.352716208,0.320524260,0.067498089,-0.273497096,0.692540482,-0.118460653,0.569774693,0.426276382
1790504441.386052608,0.321984504,0.069022388,-0.273412958,0.691799962,-0.120445364,0.569300715,0.427553999
1790504441.419387341,0.323504571,0.070562851,-0.273396042,0.691108179,-0.121916300,0.568446247,0.429388827
1790504441.452723742,0.325009480,0.072058638,-0.273443280,0.690561235,-0.122708900,0.568030263,0.430591833
1790504441.486059904,0.326474694,0.073521315,-0.273425386,0.690703267,-0.122578352,0.566460651,0.432464884
1790504441.519395828,0.328049505,0.075130909,-0.273388562,0.689846746,-0.123053610,0.566274140,0.433938791
1790504441.552731037,0.329564291,0.076784058,-0.273267063,0.688996768,-0.124366759,0.566019535,0.435245045
1790504441.586066961,0.330959730,0.078339875,-0.273273879,0.687187294,-0.124870031,0.566882605,0.436835450
1790504441.619403124,0.332157962,0.079717503,-0.273398320,0.686136345,-0.125232746,0.567513324,0.437564055
1790504441.652738094,0.333278591,0.081032794,-0.273724435,0.684434788,-0.126233155,0.568470316,0.438697745
1790504441.686074257,0.334428053,0.082299628,-0.274167968,0.683090759,-0.127061643,0.568282176,0.440792152
1790504441.719410181,0.335672953,0.083582581,-0.274671489,0.681551248,-0.127759643,0.567684913,0.443733264
1790504441.752746344,0.337008127,0.084861395,-0.275114316,0.680373008,-0.128183842,0.567433052,0.445736698
1790504441.786081314,0.338356150,0.086186641,-0.275411125,0.679506002,-0.128791843,0.567149226,0.447242673
1790504441.819417477,0.339657407,0.087662984,-0.275616649,0.677921645,-0.130412642,0.567107382,0.449226006
1790504441.852753639,0.340830134,0.089133530,-0.275744308,0.677808645,-0.130844625,0.565741124,0.450990139
1790504441.886089563,0.341803707,0.090658206,-0.275903203,0.677583378,-0.131877660,0.565510403,0.451316997
1790504441.919424772,0.342573007,0.092231839,-0.276072661,0.676328581,-0.134350173,0.566245604,0.451548001
1790504441.952760696,0.343300033,0.093764864,-0.276268084,0.675031177,-0.136103730,0.566635843,0.452473763
1790504441.986096859,0.343991767,0.095278056,-0.276475943,0.674141762,-0.137395945,0.565735174,0.454531574
1790504442.019431829,0.344639716,0.096610670,-0.276757089,0.673323001,-0.137270340,0.565360741,0.456245792
1790504442.052770138,0.345072357,0.097591123,-0.277063234,0.672573987,-0.136642539,0.565102616,0.457855963
1790504442.086108446,0.345200316,0.098008033,-0.277353774,0.672404557,-0.135517951,0.565576536,0.457853884
1790504442.119446516,0.344982517,0.097990324,-0.277601248,0.671772679,-0.136506743,0.566524762,0.457315067
1790504442.152783871,0.344673439,0.097539024,-0.277940149,0.671959927,-0.135773491,0.567780918,0.455697537
1790504442.186122179,0.344337272,0.096883739,-0.278409859,0.672056321,-0.133090418,0.567877889,0.456225762
1790504442.219460487,0.343968266,0.096274951,-0.278930366,0.671219047,-0.132096830,0.569056072,0.456279087
1790504442.252798796,0.343619636,0.095645495,-0.279337846,0.670788811,-0.131433564,0.570136798,0.455753904
1790504442.286136150,0.343280210,0.095069534,-0.279741060,0.670413303,-0.130995110,0.570747367,0.455668441
1790504442.319474697,0.342906943,0.094463033,-0.280325005,0.669719726,-0.130090840,0.571392955,0.456138086
1790504442.352813005,0.342410184,0.093653277,-0.281146099,0.669177893,-0.129312237,0.572070878,0.456304947
1790504442.386150360,0.341732714,0.092477769,-0.282297086,0.668503352,-0.127996215,0.573476878,0.455899667
1790504442.419488668,0.340843983,0.091056502,-0.283797640,0.667057379,-0.127973257,0.575643119,0.455293639
1790504442.452827454,0.339819833,0.089317048,-0.285621919,0.666036893,-0.126507985,0.578204733,0.453949198
1790504442.486165762,0.338752676,0.087412109,-0.287760265,0.665150715,-0.123431927,0.582092514,0.451117934
1790504442.519503117,0.337745107,0.085518826,-0.290087301,0.664288302,-0.119523084,0.584926580,0.449773476
1790504442.552841902,0.336920420,0.083722907,-0.292680795,0.662186233,-0.116632322,0.589033161,0.448270265
1790504442.586180449,0.336270167,0.082067448,-0.295555682,0.658736223,-0.115599383,0.594026059,0.447030662
1790504442.619517803,0.335871560,0.080305493,-0.298699654,0.656187610,-0.112083959,0.597982918,0.446398294
1790504442.652856350,0.335593043,0.078652508,-0.302158928,0.653393862,-0.110810984,0.601787639,0.445700599
1790504442.686195135,0.335422813,0.076745709,-0.305847224,0.652501755,-0.105140095,0.603376239,0.446233273
1790504442.719533682,0.335392640,0.075067007,-0.309844803,0.650886122,-0.102175905,0.607067084,0.444271197
1790504442.752871275,0.335481292,0.073773138,-0.313917165,0.647329073,-0.103346563,0.610123433,0.445010063
1790504442.786210299,0.335996752,0.072361738,-0.318147640,0.644213523,-0.100310034,0.615300916,0.443093237
1790504442.819548845,0.336652129,0.071506373,-0.322339022,0.639965960,-0.103222581,0.619048601,0.443359333
1790504442.852887392,0.337533215,0.070752606,-0.326595506,0.637236926,-0.102738642,0.621937774,0.443359083
1790504442.886225224,0.338452221,0.070212532,-0.330896630,0.635013952,-0.100716334,0.623250958,0.445164850
1790504442.919564009,0.339480128,0.069594054,-0.335389770,0.632081505,-0.095042164,0.626575721,0.445917956
1790504442.952902794,0.340385866,0.068978208,-0.339739751,0.629685150,-0.091195852,0.630179282,0.445032584
1790504442.986240387,0.341300479,0.068587635,-0.343847251,0.626669411,-0.090179440,0.632853063,0.445701827
1790504443.019579411,0.342560920,0.068425221,-0.347865844,0.623064377,-0.089917371,0.636271954,0.445941307
1790504443.052915335,0.344146075,0.068461190,-0.351790217,0.620288933,-0.089424929,0.638321484,0.446979312
1790504443.086251020,0.345898758,0.068611468,-0.355699427,0.618024934,-0.087753520,0.639490350,0.448772318
1790504443.119585752,0.347617956,0.068790054,-0.359617381,0.615689867,-0.086396943,0.641850361,0.448876007
1790504443.152921677,0.349212263,0.068995436,-0.363383550,0.614294065,-0.086886726,0.642670690,0.449519613
1790504443.186257362,0.350976480,0.069111005,-0.367235483,0.612310655,-0.086368031,0.645277798,0.448589777
1790504443.219593287,0.352825282,0.069337886,-0.371082756,0.608910786,-0.088783955,0.648222369,0.448500640
1790504443.252928019,0.354720813,0.069411117,-0.374937139,0.605975675,-0.090185338,0.651081287,0.448054956
1790504443.286263704,0.356605846,0.069271747,-0.378792881,0.604403150,-0.087455645,0.652922455,0.448040858
1790504443.319599628,0.358466763,0.069568667,-0.382770363,0.600465439,-0.088580930,0.656050133,0.448545313
1790504443.352934361,0.360470740,0.070067664,-0.386798126,0.596476842,-0.087750694,0.658372922,0.450622113
1790504443.386270046,0.362559819,0.070820758,-0.390925382,0.592190899,-0.087320981,0.661824616,0.451301632
1790504443.419605732,0.364668446,0.071741175,-0.394904721,0.589503439,-0.087254641,0.662735113,0.453491447
1790504443.452941656,0.366887812,0.072835429,-0.398979227,0.585615728,-0.088115263,0.665366587,0.454507673
1790504443.486276388,0.369180355,0.073979387,-0.403030006,0.581959658,-0.088566469,0.667900611,0.455398409
1790504443.519612074,0.371492185,0.075290413,-0.407049638,0.578137587,-0.089989036,0.669581759,0.457514122
1790504443.552947760,0.373794397,0.076587325,-0.411091772,0.574557337,-0.089561872,0.671849503,0.458781847
1790504443.586283445,0.376031364,0.077887302,-0.415008322,0.572516121,-0.088733500,0.673107873,0.459649266
1790504443.619618177,0.378319737,0.079447104,-0.418890856,0.569250125,-0.089793263,0.674436806,0.461547896
1790504443.652954102,0.380665449,0.081140721,-0.422788913,0.565000813,-0.090630534,0.677285274,0.462433611
1790504443.686289787,0.382934786,0.083002916,-0.426646113,0.561363944,-0.091078987,0.678974542,0.464293777
1790504443.719624519,0.385153496,0.085075860,-0.430584353,0.557713444,-0.090726029,0.680060084,0.467164622
1790504443.752960205,0.387349311,0.087321177,-0.434583401,0.554209225,-0.089346829,0.681595218,0.469358325
1790504443.786295891,0.389505360,0.089830052,-0.438458867,0.551334008,-0.088816072,0.681945521,0.472327031
1790504443.819631577,0.391709148,0.092586084,-0.442311737,0.547118411,-0.088417733,0.683497231,0.475052928
1790504443.852966309,0.393958323,0.095444377,-0.445938113,0.544383095,-0.087433102,0.684401186,0.477071814
1790504443.886301994,0.396328251,0.098540266,-0.449407246,0.541374578,-0.086989715,0.684785997,0.480015098
1790504443.919637680,0.398734831,0.101886314,-0.452532791,0.539091013,-0.088450413,0.683499341,0.484134336
1790504443.952972412,0.401239655,0.105388336,-0.455505965,0.536168985,-0.090062729,0.684620106,0.485496483
1790504443.986308098,0.403792123,0.109016252,-0.458098354,0.534751770,-0.091509997,0.683169285,0.488821228
1790504444.019643784,0.406284634,0.112694981,-0.460618273,0.531756216,-0.093969306,0.683429290,0.491252992
1790504444.052978992,0.408627276,0.116120868,-0.462984938,0.529654555,-0.094095661,0.683585239,0.493278097
1790504444.086313009,0.410770202,0.119414504,-0.465207060,0.527425259,-0.093083160,0.683047884,0.496592095
1790504444.119648218,0.412698240,0.122648252,-0.467247753,0.524323944,-0.093547485,0.683907400,0.498601985
1790504444.152983427,0.414547829,0.125875847,-0.469042631,0.521508233,-0.094842558,0.683810299,0.501435466
1790504444.186318636,0.416387389,0.129024042,-0.470735785,0.519389583,-0.094884301,0.683002131,0.504717267
1790504444.219652891,0.418096218,0.131968027,-0.472287971,0.518258627,-0.094083783,0.682728717,0.506396818
1790504444.252987862,0.419586060,0.134827087,-0.473509118,0.517138401,-0.094696516,0.681185045,0.509497183
1790504444.286323071,0.421018336,0.137529319,-0.474502031,0.515629128,-0.095678466,0.681481516,0.510446057
1790504444.319657326,0.422390603,0.140207520,-0.475154570,0.514422391,-0.097033853,0.681078651,0.511943264
1790504444.352992535,0.423761459,0.142952862,-0.475615523,0.513523858,-0.098223341,0.680344935,0.513591464
1790504444.386327505,0.425095643,0.145694689,-0.475929729,0.512225451,-0.099435255,0.679471637,0.515806177
1790504444.419662714,0.426283116,0.148189893,-0.475976042,0.511128694,-0.101184155,0.678365305,0.518005539
1790504444.452996492,0.427251677,0.150251408,-0.475754677,0.510395166,-0.103303968,0.678356536,0.518321788
1790504444.486331701,0.427993355,0.151914381,-0.475339091,0.509620245,-0.104982324,0.678173309,0.518986397
1790504444.519666910,0.428552320,0.153167776,-0.474863764,0.509485157,-0.105730104,0.678004624,0.519187586
1790504444.553001881,0.428949416,0.154054771,-0.474318054,0.510547545,-0.105479037,0.676826387,0.519732064
1790504444.586336136,0.429267423,0.154746368,-0.473737346,0.511551534,-0.106090589,0.675716464,0.520064491
1790504444.619671106,0.429546682,0.155277822,-0.473185239,0.511419904,-0.107723108,0.675135355,0.520612779
1790504444.653006077,0.429706090,0.155433573,-0.472759132,0.511657378,-0.108409610,0.674682312,0.520824213
1790504444.686340332,0.429545534,0.155149106,-0.472554401,0.511625989,-0.108644274,0.674828465,0.520616760
1790504444.719675303,0.429008441,0.154275007,-0.472556723,0.512588059,-0.107978740,0.675195784,0.519331037
1790504444.753010511,0.428081172,0.152627336,-0.472685322,0.514328241,-0.105745563,0.676028501,0.516981433
1790504444.786345482,0.426764974,0.150226366,-0.472812931,0.515750981,-0.104204065,0.677662988,0.513726886
1790504444.819679499,0.425121712,0.147084665,-0.472896488,0.517120865,-0.102587504,0.679458979,0.510291397
1790504444.853014708,0.423128012,0.143173026,-0.472945795,0.518900298,-0.100220905,0.681707348,0.505938082
1790504444.886349678,0.420691982,0.138721247,-0.472896240,0.520066303,-0.099422836,0.683409974,0.502590239
1790504444.919684649,0.417948225,0.133740109,-0.472910764,0.520690102,-0.098128324,0.686470760,0.498006571
1790504444.953018665,0.414962015,0.128156507,-0.472879842,0.522817730,-0.093606193,0.689152423,0.492918290
1790504444.986353397,0.411636069,0.122367822,-0.472659326,0.524135410,-0.091569996,0.691117365,0.489135763
1790504445.019688606,0.408288978,0.115993804,-0.472306550,0.527387030,-0.086778241,0.695885215,0.479662616
1790504445.053024530,0.404674592,0.109615718,-0.471668869,0.528327032,-0.085881542,0.700245695,0.472388477
1790504445.086361170,0.400878790,0.102839642,-0.470619832,0.530812352,-0.082844352,0.702826210,0.466272859
1790504445.119698048,0.396870321,0.095780455,-0.469311469,0.533580282,-0.080069831,0.706759066,0.457572428
1790504445.153034687,0.392508428,0.088553503,-0.467558022,0.536945609,-0.076581515,0.707930259,0.452393007
1790504445.186370611,0.387826311,0.081173038,-0.465655680,0.538887731,-0.073781860,0.712376742,0.443481261
1790504445.219707251,0.382832722,0.073465016,-0.463041723,0.544840003,-0.067788003,0.713020951,0.436067978
1790504445.253044128,0.377629898,0.065845682,-0.460227765,0.548113200,-0.062975009,0.717214865,0.425686393
1790504445.286379814,0.372075521,0.058624933,-0.456710981,0.551516531,-0.061565675,0.717695453,0.420657128
1790504445.319716692,0.366297576,0.051851176,-0.452607744,0.555092314,-0.063116487,0.715974239,0.418652269
1790504445.353053808,0.360615478,0.045122301,-0.448241118,0.560259756,-0.061097811,0.716610343,0.410908359
1790504445.386390448,0.354958589,0.038941558,-0.443550346,0.563335238,-0.059338126,0.717560413,0.405264666
1790504445.419726372,0.349434378,0.033113130,-0.438443984,0.569058729,-0.056881015,0.717366755,0.397896533
1790504445.453063011,0.344143837,0.027732520,-0.433189845,0.574669676,-0.053920135,0.715824168,0.392992548
1790504445.486399889,0.339056092,0.022637748,-0.427800067,0.579584594,-0.051907988,0.714339098,0.388724726
1790504445.519736767,0.334085037,0.017672891,-0.422144300,0.584703645,-0.050685683,0.712702991,0.384196636
1790504445.553072453,0.329135609,0.012784793,-0.416216798,0.590407535,-0.049677318,0.710780605,0.379133273
1790504445.586409330,0.324114064,0.007940708,-0.409995596,0.596993872,-0.048753821,0.708300797,0.373538971
1790504445.619746447,0.319000902,0.003150436,-0.403541810,0.603553430,-0.047640091,0.706146538,0.367165828
1790504445.653082132,0.313704390,-0.001465641,-0.396779727,0.609732034,-0.047781434,0.704184370,0.360649627
1790504445.686419010,0.308247558,-0.005971380,-0.389691751,0.617820643,-0.046692340,0.700839490,0.353470632
1790504445.719755888,0.302814145,-0.010271222,-0.382420668,0.628773945,-0.044040374,0.694499575,0.346949724
1790504445.753092527,0.297551485,-0.014269610,-0.375100022,0.642239793,-0.041466964,0.684520486,0.342403626
1790504445.786428452,0.292430202,-0.017927652,-0.367933237,0.653652767,-0.039586462,0.675638281,0.338650092
1790504445.819765329,0.287210073,-0.021416882,-0.360698856,0.663943952,-0.037678055,0.668438651,0.333089421
1790504445.853102207,0.281899089,-0.024740154,-0.353342911,0.673615594,-0.036950266,0.662250887,0.326037532
1790504445.886438847,0.276677422,-0.028119924,-0.345905224,0.684412812,-0.035325275,0.654570909,0.319167906
1790504445.919775009,0.271727798,-0.031319062,-0.338842707,0.691089196,-0.035343148,0.649917424,0.314251377
1790504445.953111887,0.266696492,-0.034504250,-0.331913110,0.698307431,-0.036343838,0.645092167,0.308061607
1790504445.986448765,0.261598350,-0.037656134,-0.325237202,0.705114961,-0.037064676,0.640408790,0.302184850
1790504446.019784451,0.256505068,-0.040832940,-0.318822556,0.712331782,-0.035544385,0.634303724,0.298293170
1790504446.053122044,0.251319939,-0.043911062,-0.312652680,0.718797163,-0.034182592,0.629300836,0.293500675
1790504446.086459637,0.246058646,-0.046852631,-0.306595715,0.723753020,-0.033343690,0.625660173,0.289169695
1790504446.119797468,0.240677512,-0.049731701,-0.300652281,0.728844299,-0.031881204,0.620724297,0.287177511
1790504446.153134108,0.235019473,-0.052564177,-0.294920309,0.734880416,-0.029311054,0.615144297,0.284058322
1790504446.186471701,0.229186908,-0.055287438,-0.289317854,0.740246904,-0.025891494,0.610161093,0.281189602
1790504446.219809294,0.223330538,-0.057854834,-0.283555126,0.744911052,-0.025314432,0.606066371,0.277759351
1790504446.253146648,0.217603629,-0.060460843,-0.277706887,0.748232374,-0.024967828,0.603558165,0.274303598
1790504446.286483288,0.211722100,-0.062783370,-0.271432205,0.755263562,-0.030741090,0.595332583,0.272417059
1790504446.319821119,0.206227882,-0.065445689,-0.265514281,0.759884247,-0.028021127,0.593009377,0.264821876
1790504446.353158712,0.200840161,-0.067669942,-0.259496455,0.764170673,-0.030935604,0.589809453,0.259250807
1790504446.386495352,0.195435631,-0.070165218,-0.253421001,0.772104838,-0.026914865,0.581912401,0.253983595
1790504446.419832945,0.189981150,-0.072222319,-0.247401525,0.781673964,-0.024273953,0.571628206,0.248269577
1790504446.453170538,0.184764052,-0.073818430,-0.241724545,0.789107807,-0.020984853,0.563230399,0.244213067
1790504446.486508369,0.179779491,-0.075076210,-0.236089917,0.795960800,-0.018937048,0.555039005,0.240872365
1790504446.519845009,0.174925441,-0.076150673,-0.230261658,0.802634490,-0.017313211,0.547223421,0.236695281
1790504446.553182840,0.170192854,-0.077061909,-0.224253832,0.807636931,-0.017146486,0.541303134,0.233279880
1790504446.586520433,0.165594941,-0.077942108,-0.218334512,0.810625936,-0.017637282,0.538575574,0.229152502
1790504446.619857073,0.160876063,-0.078893387,-0.212384122,0.815092825,-0.018744295,0.533845399,0.224235209
1790504446.653194904,0.156494119,-0.079695468,-0.206656539,0.817923555,-0.022407735,0.530750175,0.220914469
1790504446.686532497,0.152265914,-0.080592934,-0.201041667,0.822244503,-0.024375644,0.525196558,0.217918292
1790504446.719870090,0.148256122,-0.081301802,-0.195649550,0.826579329,-0.027778511,0.520469381,0.212383121
1790504446.753206730,0.144703436,-0.081933958,-0.190592798,0.830624394,-0.029769870,0.514712951,0.210350774
1790504446.786544561,0.141546360,-0.082569511,-0.186051160,0.832856260,-0.029043535,0.511993736,0.208253063
1790504446.819882393,0.138109878,-0.082970897,-0.181709017,0.837038692,-0.030874419,0.506370683,0.204943235
1790504446.853219986,0.135131002,-0.083404582,-0.177971815,0.838500848,-0.029302902,0.504585120,0.203596476
1790504446.886556864,0.132308109,-0.083789345,-0.174361963,0.841782860,-0.029509177,0.498866516,0.204115223
1790504446.919894457,0.129691359,-0.084202096,-0.170768604,0.844704503,-0.030264471,0.494432058,0.202719770
1790504446.953232288,0.127294790,-0.084524641,-0.166927112,0.846421326,-0.032759363,0.491976601,0.201138727
1790504446.986569166,0.124793294,-0.084658328,-0.162559252,0.850003065,-0.037282314,0.486283301,0.199081314
1790504447.019906759,0.122445832,-0.084757968,-0.158083517,0.852883291,-0.037778165,0.482055603,0.196939833
1790504447.053245068,0.119911823,-0.084531430,-0.153463457,0.856414650,-0.040373121,0.476266947,0.195176214
1790504447.086583853,0.117624338,-0.084562697,-0.149318293,0.856285938,-0.034310960,0.478126390,0.192333839
1790504447.119921207,0.114900187,-0.084233834,-0.145257948,0.858853756,-0.034285346,0.474204424,0.190590937
1790504447.153259754,0.112077309,-0.083999737,-0.141562059,0.861631747,-0.033154489,0.470176807,0.188216052
1790504447.186598063,0.109237466,-0.083797241,-0.138078061,0.864677854,-0.032810110,0.465622611,0.185610587
1790504447.219936848,0.106588727,-0.083734495,-0.134847399,0.867584919,-0.030033773,0.461389612,0.183068309
1790504447.253274202,0.103913644,-0.083579484,-0.131785307,0.871719611,-0.026578353,0.453887137,0.182715563
1790504447.286612749,0.101393626,-0.083144120,-0.128911431,0.875096277,-0.023689467,0.447815758,0.181951539
1790504447.319951534,0.099063261,-0.082431851,-0.126007290,0.878064549,-0.022592639,0.442713121,0.180270111
1790504447.353288889,0.096938593,-0.081545076,-0.123074641,0.880259220,-0.022257594,0.438991354,0.178703375
1790504447.386627436,0.094926969,-0.080461522,-0.120151562,0.882227293,-0.023446424,0.435477743,0.177438453
1790504447.419965982,0.092981100,-0.079295697,-0.117282604,0.884569241,-0.023945420,0.431374316,0.175727271
1790504447.453304768,0.090997366,-0.078111756,-0.114499159,0.886838933,-0.023040641,0.427654847,0.173485353
1790504447.486642122,0.088852117,-0.076848291,-0.111665272,0.889524886,-0.024362056,0.423173492,0.170517342
1790504447.519980669,0.086883904,-0.075767789,-0.108825317,0.890855599,-0.025353882,0.421773693,0.166854531
1790504447.553319454,0.084822923,-0.074876481,-0.105816913,0.892990051,-0.026932951,0.419069693,0.161938187
1790504447.586658001,0.082742791,-0.074042746,-0.102669457,0.895301946,-0.029591092,0.416077542,0.156327451
1790504447.619995594,0.080859700,-0.073240679,-0.099501119,0.896931682,-0.032807725,0.413976130,0.151858405
1790504447.653334141,0.079028327,-0.072547483,-0.096333630,0.899833683,-0.035143911,0.408869057,0.147953851
1790504447.686672926,0.077599292,-0.071808482,-0.093318504,0.901572105,-0.037268701,0.405646458,0.145704269
1790504447.720010519,0.076441007,-0.071149989,-0.090531479,0.903124175,-0.036833352,0.403065839,0.143345590
1790504447.753349304,0.075313079,-0.070462975,-0.088041134,0.904573411,-0.036704491,0.400286708,0.142022098
1790504447.786688089,0.074246650,-0.069746407,-0.085774772,0.905913366,-0.038469505,0.397397165,0.141126057
1790504447.820026636,0.073185054,-0.069091853,-0.083549903,0.907773314,-0.039765680,0.393545864,0.139599257
1790504447.853364229,0.072016115,-0.068333622,-0.081228002,0.909858084,-0.041114591,0.388915141,0.138610497
1790504447.886703014,0.070858089,-0.067422839,-0.078910222,0.911468293,-0.040523690,0.385697560,0.137188826
1790504447.920041800,0.070083925,-0.066435405,-0.076872937,0.910269964,-0.034509466,0.388973643,0.137539794
1790504447.953379393,0.068223815,-0.063323002,-0.074160185,0.914408936,-0.062962118,0.374486340,0.140185768
1790504447.986718178,0.067660980,-0.062232163,-0.072068349,0.914667820,-0.049657385,0.376483581,0.138481176
1790504448.020056963,0.067263785,-0.060657888,-0.069913159,0.915088150,-0.041745564,0.376583652,0.138042527
1790504448.053392410,0.066826341,-0.058795600,-0.067779245,0.915937027,-0.037023827,0.375559075,0.136542964
1790504448.086726665,0.066091249,-0.056725575,-0.065635137,0.917987688,-0.035137984,0.371532335,0.134267088
1790504448.120062113,0.065330875,-0.054673969,-0.063512788,0.919716123,-0.034093447,0.368002740,0.132415531
1790504448.153397322,0.064716874,-0.052781737,-0.061297350,0.920797547,-0.034841134,0.365837229,0.130694665
1790504448.186732769,0.064224533,-0.051072042,-0.058956386,0.921855706,-0.037169765,0.363419736,0.129331207
1790504448.220066786,0.063811317,-0.049474085,-0.056652337,0.923022583,-0.039742836,0.360558574,0.128247153
1790504448.253401995,0.063393421,-0.047949720,-0.054558336,0.924576355,-0.040586417,0.356733272,0.127485995
1790504448.286737442,0.062964317,-0.046423472,-0.052828333,0.926239504,-0.039508421,0.352575657,0.127317996
1790504448.320071697,0.062534489,-0.044869474,-0.051513340,0.927888146,-0.036956036,0.348204449,0.128107382
1790504448.353406906,0.062076527,-0.043361008,-0.050588560,0.929351007,-0.032950738,0.344233143,0.129323229
1790504448.386742115,0.061423134,-0.041806114,-0.049914550,0.930540435,-0.030899678,0.341235921,0.129219790
1790504448.420077324,0.060491925,-0.040434158,-0.049416067,0.931587800,-0.027052759,0.339345545,0.127502627
1790504448.453411579,0.059163839,-0.039027527,-0.048915192,0.933280994,-0.024482253,0.336150506,0.124056609
1790504448.486746788,0.057817932,-0.037585207,-0.048315537,0.934964555,-0.022545062,0.332624274,0.121219196
1790504448.520081997,0.056805933,-0.036150963,-0.047548483,0.936201127,-0.020874912,0.329332189,0.120962794
1790504448.553417206,0.055976827,-0.034651985,-0.046518383,0.936934446,-0.020468044,0.327850653,0.119368555
1790504448.586751461,0.055050465,-0.032996185,-0.045138277,0.937783973,-0.023606485,0.326006429,0.117148457
1790504448.620086670,0.054168874,-0.031513781,-0.043650401,0.938604800,-0.024609306,0.324342447,0.114966906
1790504448.653421879,0.053264964,-0.030167182,-0.042220600,0.939785491,-0.025367706,0.321502126,0.113119821
1790504448.686755896,0.052349680,-0.028994992,-0.040987966,0.940694190,-0.024681688,0.320100152,0.109640999
1790504448.720091105,0.051386126,-0.027745107,-0.039906195,0.941852174,-0.026626702,0.317221674,0.107591402
1790504448.753426313,0.050586675,-0.026671777,-0.039071272,0.943204277,-0.025505384,0.313599087,0.106633860
1790504448.786761284,0.050045288,-0.025572132,-0.038461092,0.944156472,-0.023870146,0.310577442,0.107426370
1790504448.820095539,0.049651976,-0.024432504,-0.038067320,0.944723055,-0.021023270,0.308944530,0.107748079
1790504448.853430510,0.049241745,-0.023191671,-0.037767836,0.945500204,-0.019833481,0.306614084,0.107813733
1790504448.886765480,0.049088047,-0.022060832,-0.037407313,0.945547192,-0.018432876,0.306551496,0.107828186
1790504448.920100689,0.048984128,-0.020981202,-0.036761020,0.945726128,-0.020331970,0.305837992,0.107943620
1790504448.953434467,0.048666399,-0.020169632,-0.035940264,0.946379113,-0.022591174,0.304170742,0.106472401
1790504448.986769438,0.048133188,-0.019776068,-0.035113483,0.947193402,-0.024193335,0.301979267,0.105108824
1790504449.020104647,0.047563995,-0.019862539,-0.034493580,0.947737210,-0.023648149,0.300906629,0.103393167
1790504449.053443909,0.046816108,-0.020124065,-0.034170885,0.948786241,-0.025302582,0.297469436,0.103326580
1790504449.086784124,0.045939973,-0.020751663,-0.034268031,0.950122654,-0.023657434,0.293546335,0.102653877
1790504449.120124817,0.045021201,-0.021468057,-0.034684912,0.951048473,-0.022204468,0.290655384,0.102631438
1790504449.153465033,0.044058696,-0.022330091,-0.035268806,0.952422564,-0.018006400,0.286561812,0.102222093
1790504449.186804771,0.043300601,-0.023115665,-0.035807744,0.953281730,-0.014594226,0.283983833,0.101951627
1790504449.220145226,0.042466818,-0.023916676,-0.036216946,0.954155785,-0.014082832,0.280920083,0.102334343
1790504449.253485918,0.041367421,-0.025119012,-0.036634963,0.955257942,-0.013470475,0.277619762,0.101133961
1790504449.286825418,0.040001247,-0.026782172,-0.037105581,0.956052795,-0.013782414,0.275586385,0.099122363
1790504449.320166111,0.038412985,-0.028937992,-0.037616495,0.956630363,-0.014421967,0.273892968,0.098147839
1790504449.353506804,0.036782717,-0.031477445,-0.038210273,0.957010688,-0.014245802,0.273255765,0.096223109
1790504449.386847496,0.035099850,-0.034363495,-0.038940910,0.958183443,-0.011773992,0.269911573,0.094305916
1790504449.420187235,0.033709644,-0.037575110,-0.039806501,0.959235910,-0.006900508,0.266624761,0.093434943
1790504449.453528166,0.032497818,-0.041030645,-0.040703827,0.960518320,-0.002649343,0.262118800,0.093226995
1790504449.486868858,0.031350727,-0.044819754,-0.041648306,0.961476072,0.001675858,0.259370173,0.091038829
1790504449.520209789,0.030046743,-0.048886397,-0.042652850,0.962299423,0.003268230,0.257321893,0.088060106
1790504449.553549767,0.028611555,-0.053253916,-0.043781030,0.963138507,0.003328842,0.255493491,0.084120222
1790504449.586890697,0.027216100,-0.057838547,-0.045113027,0.963745433,0.003529836,0.253772380,0.082352048
1790504449.620231628,0.025845563,-0.062465554,-0.046695108,0.964588599,0.006213444,0.251354815,0.079693071
1790504449.653571844,0.024687348,-0.066930107,-0.048479588,0.965179728,0.009617768,0.249296192,0.078657482
1790504449.686912775,0.023770933,-0.071112755,-0.050350054,0.966045508,0.013188054,0.246084452,0.077618257
1790504449.720254183,0.022928836,-0.074938949,-0.052174741,0.968186751,0.016084485,0.236847232,0.079114429
1790504449.753595114,0.022648054,-0.078478597,-0.053961372,0.968730799,0.022023616,0.233937209,0.079680503
1790504449.786935568,0.022014275,-0.081727109,-0.055678486,0.970502476,0.027649277,0.225487383,0.080721132
1790504449.820276737,0.021466382,-0.084763362,-0.057220748,0.971313188,0.031700680,0.221501567,0.080515926
1790504449.853618145,0.020778712,-0.087806512,-0.058550617,0.971768996,0.035197522,0.219157126,0.079976912
1790504449.886959553,0.019869834,-0.090824592,-0.059659242,0.972149926,0.036116485,0.217942086,0.078239176
1790504449.920299768,0.018782242,-0.093904282,-0.060640336,0.972701318,0.035538975,0.216339852,0.076067043
1790504449.953641176,0.017684305,-0.097146598,-0.061575987,0.973155522,0.035820508,0.214887000,0.074221282
1790504449.986982584,0.016529660,-0.100384918,-0.062475956,0.973611158,0.034875322,0.213421177,0.072913826
1790504450.020323277,0.015212262,-0.103570138,-0.063393419,0.974071479,0.034636578,0.212459474,0.069613460
