t_sec,x,y,z,qw,qx,qy,qz
1789447173.144403458,-0.000000254,0.000000644,0.000000380,1.000000000,-0.000003556,-0.000001272,-0.000000416
1789447173.177806616,0.000448674,-0.000196813,-0.000111040,0.999999999,-0.000044982,0.000004874,-0.000004633
1789447173.211194277,0.000886107,-0.000339906,-0.000182852,0.999999997,-0.000071697,-0.000003101,-0.000001076
1789447173.244568825,0.001317883,-0.000463048,-0.000235986,0.999999995,-0.000102375,-0.000005018,0.000004727
1789447173.277929068,0.001739501,-0.000584090,-0.000278042,0.999999992,-0.000127210,-0.000008391,0.000007278
1789447173.311273575,0.002160027,-0.000709380,-0.000309027,0.999999988,-0.000156611,-0.000010169,0.000010052
1789447173.344604969,0.002577373,-0.000842161,-0.000316708,0.999999983,-0.000181663,-0.000019416,0.000013933
1789447173.377922058,0.002988790,-0.000980618,-0.000304985,0.999999976,-0.000218173,-0.000018366,0.000018286
1789447173.411225080,0.003396836,-0.001120063,-0.000290232,0.999999970,-0.000243929,-0.000024424,0.000019824
1789447173.444512367,0.003790955,-0.001258922,-0.000265382,0.999999964,-0.000264544,-0.000032248,0.000020335
1789447173.477786541,0.004167801,-0.001394659,-0.000219512,0.999999953,-0.000304765,-0.000024722,0.000024872
1789447173.511046410,0.004525574,-0.001521217,-0.000157239,0.999999949,-0.000317735,-0.000038149,0.000019261
1789447173.544291973,0.004856650,-0.001636724,-0.000081572,0.999999942,-0.000336115,-0.000043914,0.000011553
1789447173.577522278,0.005163953,-0.001741017,0.000001815,0.999999934,-0.000359275,-0.000054019,0.000006678
1789447173.610738993,0.005455064,-0.001831330,0.000091083,0.999999926,-0.000380171,-0.000061702,-0.000001502
1789447173.643941641,0.005717592,-0.001901636,0.000193246,0.999999920,-0.000394710,-0.000070541,-0.000006499
1789447173.677128792,0.005935279,-0.001945697,0.000304158,0.999999909,-0.000418361,-0.000079157,-0.000011111
1789447173.710302830,0.006106724,-0.001970669,0.000415551,0.999999900,-0.000438142,-0.000083437,-0.000019437
1789447173.743462086,0.006224654,-0.001992419,0.000537663,0.999999892,-0.000453421,-0.000098430,-0.000025295
1789447173.776607513,0.006271418,-0.002029428,0.000684672,0.999999883,-0.000472021,-0.000101853,-0.000033594
1789447173.809737206,0.006214522,-0.002098552,0.000856104,0.999999874,-0.000488704,-0.000111823,-0.000040230
1789447173.842854023,0.006026509,-0.002208077,0.001053933,0.999999874,-0.000492256,-0.000090208,-0.000032609
1789447173.875956297,0.005727068,-0.002349799,0.001272741,0.999999876,-0.000492047,-0.000070071,-0.000024281
1789447173.909044266,0.005358872,-0.002512602,0.001505801,0.999999883,-0.000480628,-0.000046585,-0.000015016
1789447173.942116737,0.004947368,-0.002686016,0.001746018,0.999999880,-0.000490213,-0.000022663,-0.000007299
1789447173.975176096,0.004493282,-0.002862425,0.001983374,0.999999879,-0.000491185,0.000003497,-0.000001025
1789447174.008220911,0.004001284,-0.003033821,0.002203856,0.999999882,-0.000485709,0.000023536,0.000007843
1789447174.041252375,0.003493041,-0.003196939,0.002409600,0.999999881,-0.000486015,0.000044102,0.000017031
1789447174.074626207,0.002981917,-0.003347795,0.002608356,0.999999878,-0.000488524,0.000069307,0.000022137
1789447174.107996225,0.002494064,-0.003471212,0.002779403,0.999999877,-0.000485902,0.000094206,0.000033850
1789447174.141363144,0.002043945,-0.003549753,0.002899154,0.999999878,-0.000478932,0.000110922,0.000037835
1789447174.174725294,0.001641546,-0.003575768,0.002962271,0.999999893,-0.000449445,0.000107263,0.000029877
1789447174.208084822,0.001289185,-0.003558711,0.002984099,0.999999906,-0.000421610,0.000101816,0.000026935
1789447174.241440773,0.000975063,-0.003510303,0.002973890,0.999999918,-0.000392646,0.000092125,0.000021026
1789447174.274793148,0.000684417,-0.003435822,0.002935055,0.999999932,-0.000359648,0.000082769,0.000016551
1789447174.308141232,0.000421924,-0.003333567,0.002865222,0.999999941,-0.000334068,0.000077789,0.000010187
1789447174.341486216,0.000199685,-0.003205828,0.002768604,0.999999953,-0.000297932,0.000075317,0.000003474
1789447174.374828100,0.000007740,-0.003059986,0.002656985,0.999999961,-0.000270439,0.000066414,-0.000001125
1789447174.408165216,-0.000163659,-0.002901025,0.002526750,0.999999969,-0.000242001,0.000055846,-0.000006092
1789447174.441499710,-0.000319072,-0.002731355,0.002377666,0.999999977,-0.000207929,0.000048732,-0.000013832
1789447174.474830866,-0.000455178,-0.002553680,0.002220618,0.999999984,-0.000174752,0.000040898,-0.000018051
1789447174.508158207,-0.000561207,-0.002366285,0.002057885,0.999999988,-0.000150372,0.000035530,-0.000020561
1789447174.541481256,-0.000648287,-0.002171255,0.001886551,0.999999991,-0.000129255,0.000025309,-0.000022741
1789447174.574801445,-0.000729391,-0.001970206,0.001704874,0.999999993,-0.000111244,0.000016073,-0.000023698
1789447174.608118057,-0.000799520,-0.001763651,0.001515919,0.999999996,-0.000087130,0.000011254,-0.000026352
1789447174.641430378,-0.000849424,-0.001557484,0.001326658,0.999999998,-0.000048049,-0.000002857,-0.000030698
1789447174.674740076,-0.000881641,-0.001351661,0.001139272,0.999999999,-0.000035504,-0.000008253,-0.000032119
1789447174.708046198,-0.000905890,-0.001145945,0.000944384,0.999999999,-0.000016463,-0.000015231,-0.000038138
1789447174.741348743,-0.000924691,-0.000939870,0.000741580,0.999999999,0.000001230,-0.000016008,-0.000038161
1789447174.774646521,-0.000936006,-0.000736922,0.000544180,0.999999998,0.000029531,-0.000023927,-0.000040775
1789447174.807941914,-0.000933884,-0.000539513,0.000357473,0.999999997,0.000055515,-0.000036574,-0.000042212
1789447174.841233730,-0.000925138,-0.000346419,0.000176921,0.999999996,0.000073295,-0.000037577,-0.000044643
1789447174.874521971,-0.000919250,-0.000155368,-0.000004302,0.999999993,0.000093581,-0.000051227,-0.000048834
1789447174.907805681,-0.000907052,0.000031536,-0.000182866,0.999999989,0.000123728,-0.000057494,-0.000049060
1789447174.941086769,-0.000885479,0.000210639,-0.000349679,0.999999987,0.000139489,-0.000066814,-0.000053772
1789447174.974364281,-0.000862829,0.000379740,-0.000503898,0.999999982,0.000161673,-0.000076734,-0.000054854
1789447175.007637262,-0.000842123,0.000539293,-0.000655952,0.999999973,0.000203753,-0.000098305,-0.000056108
1789447175.040908098,-0.000823204,0.000691517,-0.000802577,0.999999971,0.000210197,-0.000097399,-0.000060108
1789447175.074169636,-0.000802525,0.000832907,-0.000934700,0.999999965,0.000231283,-0.000109762,-0.000062573
1789447175.107426643,-0.000776119,0.000962047,-0.001051644,0.999999959,0.000255725,-0.000114575,-0.000062573
1789447175.140677691,-0.000756085,0.001076595,-0.001154374,0.999999947,0.000292457,-0.000127669,-0.000069027
1789447175.173925400,-0.000742964,0.001174388,-0.001240258,0.999999940,0.000314205,-0.000126864,-0.000070223
1789447175.207167625,-0.000725527,0.001258657,-0.001308372,0.999999930,0.000342967,-0.000126157,-0.000075194
1789447175.240405798,-0.000704115,0.001332553,-0.001355497,0.999999915,0.000380720,-0.000137230,-0.000077829
1789447175.273638010,-0.000683137,0.001401294,-0.001388419,0.999999903,0.000409469,-0.000136727,-0.000082546
1789447175.306866169,-0.000662989,0.001468451,-0.001413383,0.999999879,0.000460330,-0.000149681,-0.000084309
1789447175.340089798,-0.000638363,0.001535924,-0.001417805,0.999999875,0.000471364,-0.000142058,-0.000087673
1789447175.373307705,-0.000606821,0.001600354,-0.001403397,0.999999850,0.000518328,-0.000153893,-0.000092504
1789447175.406521797,-0.000574913,0.001666229,-0.001383472,0.999999832,0.000549222,-0.000156226,-0.000095491
1789447175.439731121,-0.000558147,0.001737595,-0.001372948,0.999999815,0.000580212,-0.000155838,-0.000095355
1789447175.472935677,-0.000561128,0.001820242,-0.001382211,0.999999798,0.000605137,-0.000163599,-0.000100455
1789447175.506134510,-0.000578701,0.001917743,-0.001411691,0.999999786,0.000628253,-0.000153003,-0.000104322
1789447175.539329767,-0.000609172,0.002027550,-0.001454567,0.999999774,0.000647712,-0.000141090,-0.000108634
1789447175.572520018,-0.000651198,0.002148599,-0.001509009,0.999999757,0.000674075,-0.000136830,-0.000111790
1789447175.605705500,-0.000696520,0.002279780,-0.001571718,0.999999754,0.000681921,-0.000120642,-0.000114537
1789447175.638885498,-0.000739532,0.002420940,-0.001634233,0.999999734,0.000710965,-0.000112200,-0.000120183
1789447175.672061443,-0.000778081,0.002577680,-0.001693318,0.999999727,0.000721680,-0.000102674,-0.000123512
1789447175.705232859,-0.000811322,0.002749454,-0.001754773,0.999999709,0.000746019,-0.000093533,-0.000127608
1789447175.738398552,-0.000843731,0.002933823,-0.001816067,0.999999697,0.000763175,-0.000081905,-0.000129348
1789447175.771560192,-0.000877188,0.003133008,-0.001875535,0.999999685,0.000779124,-0.000071409,-0.000133747
1789447175.804717541,-0.000910979,0.003351774,-0.001940904,0.999999646,0.000826982,-0.000069196,-0.000135764
1789447175.837869883,-0.000947516,0.003596884,-0.002014749,0.999999645,0.000828438,-0.000052334,-0.000145687
1789447175.871016264,-0.000987920,0.003860973,-0.002093872,0.999999617,0.000860775,-0.000040630,-0.000155695
1789447175.904159069,-0.001025420,0.004137273,-0.002175497,0.999999594,0.000885866,-0.000025823,-0.000163199
1789447175.937297344,-0.001061478,0.004422339,-0.002258922,0.999999573,0.000907374,-0.000015543,-0.000172045
1789447175.970429659,-0.001102443,0.004711862,-0.002345646,0.999999542,0.000939233,-0.000005477,-0.000182549
1789447176.003558159,-0.001142737,0.005002192,-0.002436719,0.999999514,0.000967098,0.000010988,-0.000188957
1789447176.036682844,-0.001175069,0.005282984,-0.002523422,0.999999492,0.000987368,0.000029469,-0.000198333
1789447176.070017099,-0.001193188,0.005531220,-0.002596852,0.999999467,0.001010299,0.000040023,-0.000207256
1789447176.103350401,-0.001186626,0.005710392,-0.002653931,0.999999427,0.001047119,0.000045758,-0.000216262
1789447176.136684179,-0.001142076,0.005781198,-0.002686844,0.999999397,0.001072487,0.000063590,-0.000225492
1789447176.170017719,-0.001050820,0.005716055,-0.002683194,0.999999390,0.001078477,0.000043813,-0.000235229
1789447176.203351259,-0.000911906,0.005533134,-0.002641826,0.999999388,0.001077057,0.000026484,-0.000249527
1789447176.236683607,-0.000736714,0.005269033,-0.002573297,0.999999386,0.001076036,0.000005513,-0.000263968
1789447176.270016670,-0.000539906,0.004944951,-0.002486306,0.999999384,0.001074277,-0.000014209,-0.000277804
1789447176.303349257,-0.000326638,0.004566333,-0.002381131,0.999999380,0.001075095,-0.000032596,-0.000289267
1789447176.336680889,-0.000093174,0.004135048,-0.002252032,0.999999377,0.001072915,-0.000055409,-0.000302613
1789447176.370013237,0.000150643,0.003671160,-0.002103468,0.999999371,0.001073553,-0.000072607,-0.000315651
1789447176.403345108,0.000375325,0.003206095,-0.001953065,0.999999367,0.001072076,-0.000094371,-0.000328395
1789447176.436677217,0.000545379,0.002777414,-0.001822854,0.999999357,0.001074590,-0.000114961,-0.000343189
1789447176.470007896,0.000623140,0.002418516,-0.001727990,0.999999352,0.001074106,-0.000134776,-0.000353375
1789447176.503339291,0.000591747,0.002149908,-0.001674721,0.999999307,0.001115549,-0.000129414,-0.000352279
1789447176.536670446,0.000473906,0.001958987,-0.001656557,0.999999257,0.001160272,-0.000126859,-0.000352808
1789447176.570001364,0.000302393,0.001826682,-0.001664003,0.999999212,0.001197944,-0.000125706,-0.000352474
1789447176.603331327,0.000110681,0.001743052,-0.001690676,0.999999155,0.001244915,-0.000115685,-0.000355384
1789447176.636661768,-0.000070443,0.001706917,-0.001734833,0.999999103,0.001286390,-0.000117093,-0.000354257
1789447176.669992208,-0.000225277,0.001720704,-0.001793607,0.999999047,0.001329544,-0.000110124,-0.000356075
1789447176.703321218,-0.000357691,0.001770105,-0.001865772,0.999998992,0.001370235,-0.000102351,-0.000356942
1789447176.736651421,-0.000472432,0.001838846,-0.001946710,0.999998939,0.001409281,-0.000095941,-0.000356546
1789447176.769980907,-0.000573367,0.001907858,-0.002023721,0.999998871,0.001456938,-0.000091017,-0.000356363
1789447176.803310394,-0.000659268,0.001964607,-0.002089775,0.999998812,0.001497072,-0.000085935,-0.000357659
1789447176.836638689,-0.000726324,0.002003667,-0.002143561,0.999998818,0.001493229,-0.000078025,-0.000357304
1789447176.869967699,-0.000779892,0.002027247,-0.002188052,0.999998827,0.001488376,-0.000071100,-0.000355012
1789447176.903296471,-0.000825646,0.002042327,-0.002226946,0.999998825,0.001489454,-0.000066595,-0.000355239
1789447176.936625004,-0.000858297,0.002052894,-0.002265013,0.999998831,0.001486952,-0.000057716,-0.000352103
1789447176.969952345,-0.000875195,0.002060530,-0.002300723,0.999998824,0.001491538,-0.000055248,-0.000351564
1789447177.003280401,-0.000872930,0.002066180,-0.002330985,0.999998828,0.001489341,-0.000042041,-0.000352085
1789447177.036608696,-0.000851335,0.002066830,-0.002355678,0.999998835,0.001485818,-0.000039787,-0.000348279
1789447177.069944859,-0.000814397,0.002053636,-0.002368868,0.999998840,0.001482836,-0.000029342,-0.000348281
1789447177.103281975,-0.000762641,0.002015011,-0.002363313,0.999998838,0.001484080,-0.000026384,-0.000346926
1789447177.136619091,-0.000687685,0.001935737,-0.002327390,0.999998844,0.001480629,-0.000016828,-0.000346604
1789447177.169955969,-0.000588734,0.001805029,-0.002246958,0.999998893,0.001445487,-0.000022022,-0.000351615
1789447177.203291893,-0.000472899,0.001630231,-0.002129672,0.999998945,0.001407900,-0.000027373,-0.000357700
1789447177.236629009,-0.000352297,0.001425841,-0.001992756,0.999998988,0.001375366,-0.000033016,-0.000361036
1789447177.269965649,-0.000246143,0.001199041,-0.001844131,0.999999037,0.001338104,-0.000034029,-0.000367068
1789447177.303301334,-0.000166613,0.000951374,-0.001688998,0.999999076,0.001307516,-0.000040975,-0.000370847
1789447177.336637974,-0.000119469,0.000684125,-0.001529644,0.999999125,0.001267583,-0.000046333,-0.000376886
1789447177.369974375,-0.000103490,0.000409812,-0.001368145,0.999999166,0.001232442,-0.000053024,-0.000381567
1789447177.403310776,-0.000107782,0.000149261,-0.001216357,0.999999200,0.001203760,-0.000065914,-0.000383972
1789447177.436645985,-0.000123166,-0.000071465,-0.001087418,0.999999241,0.001166652,-0.000063180,-0.000390311
1789447177.469982147,-0.000149729,-0.000226653,-0.000993030,0.999999278,0.001132572,-0.000067916,-0.000396271
1789447177.503318310,-0.000181617,-0.000300152,-0.000943929,0.999999280,0.001131262,-0.000074538,-0.000393256
1789447177.536654234,-0.000216043,-0.000303658,-0.000930816,0.999999275,0.001135641,-0.000084334,-0.000391003
1789447177.569989204,-0.000255099,-0.000259287,-0.000940815,0.999999268,0.001142591,-0.000098237,-0.000386794
1789447177.603325129,-0.000295496,-0.000182241,-0.000967752,0.999999262,0.001147390,-0.000107118,-0.000384567
1789447177.636660814,-0.000336426,-0.000078777,-0.001009806,0.999999266,0.001143641,-0.000116498,-0.000381469
1789447177.669995546,-0.000380889,0.000049924,-0.001062844,0.999999256,0.001152935,-0.000126135,-0.000378399
1789447177.703331232,-0.000427269,0.000197287,-0.001125235,0.999999252,0.001155790,-0.000135538,-0.000376245
1789447177.736666679,-0.000475359,0.000356545,-0.001195948,0.999999254,0.001155019,-0.000141159,-0.000371382
1789447177.770002127,-0.000528386,0.000524105,-0.001271311,0.999999247,0.001160455,-0.000152022,-0.000369912
1789447177.803336620,-0.000581791,0.000700009,-0.001350901,0.999999243,0.001163042,-0.000160443,-0.000366945
1789447177.836671829,-0.000634239,0.000883354,-0.001433642,0.999999224,0.001180662,-0.000163729,-0.000360907
1789447177.870007038,-0.000688153,0.001071616,-0.001517390,0.999999215,0.001190212,-0.000166442,-0.000354735
1789447177.903342009,-0.000744058,0.001266030,-0.001604391,0.999999196,0.001206919,-0.000167868,-0.000350662
1789447177.936676025,-0.000804086,0.001466159,-0.001693409,0.999999188,0.001215152,-0.000169314,-0.000345203
1789447177.970010996,-0.000868982,0.001669869,-0.001776739,0.999999176,0.001226423,-0.000168305,-0.000339322
1789447178.003345728,-0.000932860,0.001874765,-0.001851609,0.999999159,0.001242657,-0.000169103,-0.000331726
1789447178.036679506,-0.000991727,0.002077037,-0.001919488,0.999999151,0.001250051,-0.000169593,-0.000326058
1789447178.070017099,-0.001049765,0.002262436,-0.001977704,0.999999131,0.001267026,-0.000172697,-0.000321165
1789447178.103354454,-0.001096233,0.002411762,-0.002025892,0.999999113,0.001281523,-0.000175035,-0.000316513
1789447178.136691809,-0.001116515,0.002501092,-0.002054288,0.999999101,0.001292356,-0.000177420,-0.000311427
1789447178.170028210,-0.001109742,0.002516976,-0.002051545,0.999999153,0.001248061,-0.000200192,-0.000309315
1789447178.203365564,-0.001078356,0.002472352,-0.002028442,0.999999210,0.001198724,-0.000220621,-0.000307879
1789447178.236702919,-0.001034285,0.002389370,-0.001996089,0.999999259,0.001153019,-0.000244089,-0.000306119
1789447178.270040035,-0.000987163,0.002286688,-0.001955858,0.999999310,0.001103474,-0.000265063,-0.000304505
1789447178.303376198,-0.000936902,0.002174920,-0.001912696,0.999999358,0.001054409,-0.000283224,-0.000303242
1789447178.336713076,-0.000889429,0.002057942,-0.001870274,0.999999396,0.001011388,-0.000307047,-0.000302470
1789447178.370050192,-0.000847602,0.001940656,-0.001829902,0.999999443,0.000959083,-0.000324216,-0.000298902
1789447178.403386116,-0.000804752,0.001828148,-0.001795537,0.999999475,0.000916199,-0.000348305,-0.000298830
1789447178.436723232,-0.000762546,0.001723257,-0.001763279,0.999999514,0.000864022,-0.000369383,-0.000297676
1789447178.470060110,-0.000725542,0.001628756,-0.001733073,0.999999545,0.000820330,-0.000387373,-0.000296286
1789447178.503396749,-0.000693449,0.001547930,-0.001712264,0.999999565,0.000791231,-0.000404691,-0.000282516
1789447178.536732435,-0.000670524,0.001480029,-0.001700999,0.999999581,0.000763820,-0.000427272,-0.000268708
1789447178.570069313,-0.000653242,0.001424259,-0.001693524,0.999999602,0.000734478,-0.000437186,-0.000257066
1789447178.603405714,-0.000632613,0.001384558,-0.001691343,0.999999621,0.000704702,-0.000449961,-0.000242541
1789447178.636741400,-0.000613357,0.001366285,-0.001695391,0.999999637,0.000675288,-0.000467586,-0.000228548
1789447178.670077801,-0.000601545,0.001371843,-0.001710531,0.999999652,0.000646978,-0.000479701,-0.000216091
1789447178.703414440,-0.000592468,0.001394858,-0.001737423,0.999999667,0.000614467,-0.000497237,-0.000204485
1789447178.736750841,-0.000585294,0.001417943,-0.001764178,0.999999679,0.000586144,-0.000512857,-0.000188128
1789447178.770086288,-0.000580051,0.001424750,-0.001783412,0.999999688,0.000560202,-0.000527325,-0.000176765
1789447178.803422689,-0.000577634,0.001400892,-0.001793329,0.999999700,0.000528629,-0.000543331,-0.000161370
1789447178.836758852,-0.000584460,0.001337561,-0.001788521,0.999999718,0.000501003,-0.000538656,-0.000153532
1789447178.870095015,-0.000597339,0.001243118,-0.001770861,0.999999737,0.000472462,-0.000530642,-0.000148400
1789447178.903430223,-0.000609366,0.001133032,-0.001745828,0.999999750,0.000449184,-0.000528663,-0.000138517
1789447178.936766148,-0.000625506,0.001021141,-0.001713666,0.999999766,0.000417876,-0.000524411,-0.000132734
1789447178.970102310,-0.000648372,0.000924565,-0.001679015,0.999999783,0.000390487,-0.000515365,-0.000122440
1789447179.003437281,-0.000676012,0.000853480,-0.001646402,0.999999795,0.000363763,-0.000514740,-0.000115414
1789447179.036773205,-0.000707466,0.000801975,-0.001609625,0.999999808,0.000336139,-0.000510084,-0.000107296
1789447179.070113182,-0.000735400,0.000767172,-0.001565983,0.999999822,0.000307132,-0.000502550,-0.000097848
1789447179.103454113,-0.000748821,0.000749520,-0.001520988,0.999999831,0.000280552,-0.000500655,-0.000088692
1789447179.136793852,-0.000744538,0.000750760,-0.001473426,0.999999843,0.000251654,-0.000494274,-0.000083665
1789447179.170135021,-0.000717436,0.000774468,-0.001423010,0.999999833,0.000242962,-0.000516587,-0.000090936
1789447179.203475714,-0.000664595,0.000813462,-0.001366183,0.999999818,0.000238755,-0.000545037,-0.000099340
1789447179.236816645,-0.000595698,0.000857338,-0.001294691,0.999999808,0.000228116,-0.000565801,-0.000107516
1789447179.270156384,-0.000515707,0.000897846,-0.001208178,0.999999793,0.000225610,-0.000591243,-0.000117316
1789447179.303497314,-0.000420780,0.000926520,-0.001104821,0.999999780,0.000219405,-0.000613402,-0.000125401
1789447179.336838484,-0.000313712,0.000937596,-0.000973437,0.999999767,0.000207313,-0.000636334,-0.000135672
1789447179.370178223,-0.000201166,0.000936448,-0.000823057,0.999999752,0.000198618,-0.000660067,-0.000143980
1789447179.403519154,-0.000097897,0.000932083,-0.000680252,0.999999735,0.000193757,-0.000685076,-0.000154506
1789447179.436859846,-0.000027490,0.000931718,-0.000565885,0.999999720,0.000186717,-0.000705863,-0.000163350
1789447179.470200777,-0.000005475,0.000938152,-0.000501803,0.999999686,0.000218980,-0.000744231,-0.000163094
1789447179.503540516,-0.000034157,0.000953810,-0.000499127,0.999999713,0.000245194,-0.000694274,-0.000177792
1789447179.536881685,-0.000114712,0.000977689,-0.000547186,0.999999718,0.000313495,-0.000657648,-0.000182181
1789447179.570222378,-0.000228775,0.001011104,-0.000628645,0.999999714,0.000383921,-0.000623206,-0.000189200
1789447179.603563309,-0.000349757,0.001047530,-0.000723918,0.999999710,0.000449298,-0.000583239,-0.000194685
1789447179.636903048,-0.000462960,0.001078267,-0.000812195,0.999999693,0.000521677,-0.000548673,-0.000201022
1789447179.670243979,-0.000561652,0.001094712,-0.000891498,0.999999674,0.000586653,-0.000513168,-0.000208586
1789447179.703584671,-0.000657237,0.001080869,-0.000968924,0.999999647,0.000655720,-0.000478992,-0.000214034
1789447179.736924648,-0.000791745,0.000986634,-0.000972866,0.999999618,0.000720103,-0.000442619,-0.000220919
1789447179.770265341,-0.000942398,0.000859959,-0.000601059,0.999997661,-0.001808729,-0.000780914,-0.000892871
1789447179.803606272,-0.000859238,0.000613606,0.000101307,0.999988750,-0.004695523,-0.000602847,-0.000296131
1789447179.836946964,-0.000572925,0.000446802,0.000372315,0.999984915,-0.005345627,-0.000852441,0.000931500
1789447179.870286942,-0.000345839,0.000622892,-0.000189824,0.999993401,-0.003270668,-0.000708262,0.001413678
1789447179.903627634,-0.000555520,0.000900243,-0.001326226,0.999998090,0.001541965,-0.000696244,0.000978182
1789447179.936968565,-0.001059172,0.001124027,-0.001918388,0.999992105,0.003538229,-0.000550532,-0.001722680
1789447179.970308304,-0.000909241,0.001162938,-0.001447195,0.999999786,-0.000605599,-0.000245922,0.000018711
1789447180.003649235,-0.000302789,0.000977908,-0.000900024,0.999994402,-0.002591317,-0.000377454,0.002083115
1789447180.036989927,-0.000143868,0.000998610,-0.000872393,0.999995227,-0.002476449,-0.000175496,0.001839190
1789447180.070331097,-0.000627083,0.001145203,-0.001382615,0.999999412,0.001021088,-0.000358406,0.000072387
1789447180.103663445,-0.000933476,0.001311514,-0.001926384,0.999995617,0.002889003,-0.000535060,-0.000364464
1789447180.136996508,-0.000685050,0.001381879,-0.001823475,0.999999351,0.001069308,-0.000354823,0.000169472
1789447180.170329809,-0.000524430,0.001262547,-0.001318770,0.999998792,-0.001454563,-0.000187160,0.000514673
1789447180.203663111,-0.000574345,0.001110723,-0.001024058,0.999996465,-0.002603312,-0.000297541,0.000451997
1789447180.236995220,-0.000603648,0.001007499,-0.000987336,0.999996943,-0.002260645,-0.000107483,0.000996388
1789447180.270328045,-0.000749778,0.001005595,-0.000937209,0.999997667,-0.002122073,-0.000046062,0.000401132
1789447180.303660870,-0.001035934,0.001061199,-0.000761546,0.999994289,-0.003343313,-0.000142132,-0.000473681
1789447180.336992979,-0.001172216,0.001061728,-0.000579165,0.999994024,-0.003441840,-0.000151069,-0.000288578
1789447180.370325565,-0.001119197,0.001017984,-0.000376806,0.999995285,-0.002701153,0.001332993,0.000597865
1789447180.403658390,-0.001177846,0.000909180,-0.000027955,0.999993418,-0.002600054,0.002316014,0.001019549
1789447180.436990976,-0.001285662,0.000805797,0.000447190,0.999985371,-0.004754975,0.002445383,0.000817109
1789447180.470322609,-0.001283764,0.000599813,0.000795213,0.999982836,-0.005326017,0.002371959,0.000579169
1789447180.503654957,-0.001147662,0.000404210,0.001173211,0.999975969,-0.006708434,0.001664327,0.000537005
1789447180.536987543,-0.000852273,0.000079067,0.001698443,0.999966814,-0.008094862,0.000476169,0.000785689
1789447180.570320129,-0.000777621,-0.000367761,0.002534701,0.999921513,-0.010762332,-0.006063733,-0.002090610
1789447180.603651285,-0.000787334,-0.000921035,0.004027513,0.999710922,-0.018066426,-0.014346615,-0.006771384
1789447180.636983633,-0.000691249,-0.001791695,0.006059030,0.999325118,-0.026525418,-0.023092239,-0.010604700
1789447180.670315742,-0.000508146,-0.002844181,0.008565547,0.998740167,-0.036787474,-0.030888958,-0.014513189
1789447180.703646660,-0.000228154,-0.003963930,0.011713884,0.997962221,-0.051317038,-0.033012277,-0.018658959
1789447180.736978769,0.000127291,-0.005162203,0.015318567,0.997019914,-0.067255362,-0.031110347,-0.021451210
1789447180.770310879,0.000221049,-0.006212007,0.018755876,0.995699451,-0.081563700,-0.035172232,-0.026322621
1789447180.803642511,0.000111669,-0.007043246,0.021898704,0.994018134,-0.095075900,-0.040953323,-0.034804423
1789447180.836973667,-0.000072436,-0.007840706,0.024802253,0.992204276,-0.108662794,-0.040290037,-0.045823419
1789447180.870305061,-0.000373047,-0.008697679,0.027416308,0.990031164,-0.122955845,-0.034151021,-0.059614272
1789447180.903636932,-0.000779196,-0.009904765,0.029574852,0.987908696,-0.133557929,-0.030125583,-0.072740209
1789447180.936968565,-0.000897094,-0.011561958,0.030801698,0.986000554,-0.140987598,-0.032702188,-0.082800800
1789447180.970299006,-0.000157581,-0.013827436,0.030759644,0.984432113,-0.147455563,-0.037901949,-0.087827749
1789447181.003630638,0.001450734,-0.017205947,0.029454227,0.984023297,-0.148705834,-0.042892513,-0.088005447
1789447181.036962032,0.003426902,-0.021170381,0.027165374,0.983250852,-0.151991895,-0.048770756,-0.087963853
1789447181.070292473,0.005242228,-0.025582520,0.024570933,0.982424559,-0.155270660,-0.055845761,-0.087259721
1789447181.103633404,0.006589781,-0.030053185,0.022147516,0.981177923,-0.160689497,-0.063220893,-0.086440085
1789447181.136974335,0.007405103,-0.034289780,0.019854842,0.979219505,-0.168359259,-0.069676501,-0.089047778
1789447181.170315504,0.007790270,-0.038509765,0.017317017,0.977757802,-0.172835747,-0.075980756,-0.091347742
1789447181.203655481,0.007958309,-0.042473577,0.014239899,0.976493787,-0.175559139,-0.082163286,-0.094276544
1789447181.236996651,0.008058143,-0.046459694,0.010818373,0.976371239,-0.174083700,-0.085511176,-0.095299044
1789447181.270337582,0.007600730,-0.050339528,0.007180322,0.975787207,-0.171634440,-0.093447788,-0.098226559
1789447181.303677797,0.006477976,-0.053768488,0.004034220,0.972237366,-0.182600633,-0.103451266,-0.103485984
1789447181.337018728,0.004504790,-0.057404606,0.001635179,0.967667407,-0.195577680,-0.114617327,-0.110598502
1789447181.370359898,0.002501623,-0.060966912,-0.000627671,0.963070998,-0.210374000,-0.119967708,-0.117663848
1789447181.403701067,0.000990946,-0.065110291,-0.003793543,0.961387508,-0.212576480,-0.126193708,-0.120915045
1789447181.437041283,0.000310711,-0.069227617,-0.008149132,0.959246951,-0.215719008,-0.135726169,-0.122020507
1789447181.470382214,0.000131054,-0.073823002,-0.012795642,0.959005202,-0.212783931,-0.142351154,-0.121524357
1789447181.503723383,-0.000019631,-0.078305517,-0.017413622,0.958127286,-0.211956635,-0.147487005,-0.123750037
1789447181.537064552,-0.000256681,-0.082543796,-0.021733974,0.956786484,-0.213883646,-0.151408219,-0.126051426
1789447181.570404768,-0.000790228,-0.086905106,-0.025656212,0.955787645,-0.212044213,-0.158032770,-0.128580218
1789447181.603745937,-0.001378547,-0.091612940,-0.028959711,0.956387694,-0.200490765,-0.164721228,-0.134137802
1789447181.637086868,-0.001928749,-0.095122125,-0.032114192,0.951245557,-0.209993116,-0.175859820,-0.141803046
1789447181.670427084,-0.002108907,-0.098095443,-0.034326041,0.946676158,-0.221125863,-0.179616420,-0.150484370
1789447181.703768253,-0.001633186,-0.100681577,-0.036031405,0.943481190,-0.228058020,-0.181598090,-0.157654423
1789447181.737109423,-0.000047726,-0.103005742,-0.037638509,0.941921534,-0.230059088,-0.185206437,-0.159859988
1789447181.770450592,0.002556588,-0.104894171,-0.038872907,0.941385223,-0.231284456,-0.186539535,-0.159700855
1789447181.803790808,0.005517385,-0.106332929,-0.039297055,0.941210512,-0.233455171,-0.184418363,-0.160035381
1789447181.837131977,0.008301247,-0.107493288,-0.039116635,0.940061417,-0.237482115,-0.184308461,-0.160988103
1789447181.870473146,0.010832848,-0.108560564,-0.038668398,0.937814594,-0.243441458,-0.187657913,-0.161321267
1789447181.903814554,0.013231026,-0.109405751,-0.038029824,0.934483429,-0.251849954,-0.193233826,-0.161161443
1789447181.937154531,0.015431515,-0.109830801,-0.037245195,0.928982589,-0.263559193,-0.205609563,-0.158910691
1789447181.970495939,0.017656819,-0.109808363,-0.036000223,0.922755103,-0.277658533,-0.217400975,-0.155452809
1789447182.003837109,0.020191043,-0.109761179,-0.034524659,0.919009313,-0.288712627,-0.221074935,-0.152291740
1789447182.037177324,0.023088127,-0.110036503,-0.033720588,0.917315915,-0.295112906,-0.221389700,-0.149754748
1789447182.070518494,0.026038893,-0.110658049,-0.033710101,0.916921818,-0.296655407,-0.222151833,-0.147981457
1789447182.103852749,0.028637493,-0.111217575,-0.033994168,0.915993469,-0.299288294,-0.222654543,-0.147673410
1789447182.137187004,0.030644910,-0.111770007,-0.034228694,0.915123708,-0.301470580,-0.222808568,-0.148392826
1789447182.170520306,0.032211295,-0.112331378,-0.034495279,0.913112987,-0.306286946,-0.224673221,-0.148104431
1789447182.203854561,0.033484607,-0.113079546,-0.034725317,0.910452181,-0.311830537,-0.229661091,-0.145238853
1789447182.237188578,0.034727160,-0.113918330,-0.034744363,0.908384533,-0.316931543,-0.232707911,-0.142263718
1789447182.270522356,0.035930041,-0.114595483,-0.034578257,0.906732150,-0.322515873,-0.233123837,-0.139547832
1789447182.303855419,0.036954791,-0.114844617,-0.034171644,0.905392918,-0.326993955,-0.233209562,-0.137665966
1789447182.337189436,0.037850773,-0.114401747,-0.033757609,0.903191514,-0.332663146,-0.234582060,-0.136204174
1789447182.370523453,0.038748098,-0.113285848,-0.033045120,0.903464374,-0.335314717,-0.229097007,-0.137225096
1789447182.403856277,0.039325318,-0.111214949,-0.032441227,0.902443598,-0.340585173,-0.221633000,-0.143094742
1789447182.437190056,0.039351789,-0.108974233,-0.032155779,0.901447811,-0.340894573,-0.220737034,-0.149859585
1789447182.470523596,0.039269885,-0.106902863,-0.032157839,0.901292344,-0.338509013,-0.219943572,-0.157189647
1789447182.503857374,0.038956163,-0.105203685,-0.032627816,0.901196795,-0.335051914,-0.218125694,-0.167349133
1789447182.537189960,0.038150365,-0.103974882,-0.033835451,0.898867828,-0.333480179,-0.222735135,-0.176682363
1789447182.570523739,0.037170106,-0.103160758,-0.035068669,0.897089791,-0.331311481,-0.226704814,-0.184573935
1789447182.603857279,0.036241075,-0.102073921,-0.035714531,0.895433618,-0.334140992,-0.220760323,-0.194456457
1789447182.637189627,0.035024472,-0.101246341,-0.036296078,0.893275152,-0.335644817,-0.222941620,-0.199246312
1789447182.670522928,0.034424778,-0.100771330,-0.036644972,0.892547081,-0.336001562,-0.224861991,-0.199749198
1789447182.703856468,0.034602213,-0.100433457,-0.036902338,0.891772485,-0.339882255,-0.222793900,-0.198959208
1789447182.737189770,0.035199110,-0.100988171,-0.036706900,0.896470188,-0.331949745,-0.218222880,-0.196288928
1789447182.770521879,0.036306581,-0.101624112,-0.036992543,0.897301188,-0.332240690,-0.217300605,-0.192995206
1789447182.803855181,0.037992233,-0.102757612,-0.037006998,0.899804960,-0.329339777,-0.215155782,-0.188664607
1789447182.837188482,0.040186784,-0.104066109,-0.036674371,0.901009989,-0.330153305,-0.216369558,-0.179899998
1789447182.870521545,0.042961326,-0.105388036,-0.035646381,0.901610083,-0.333954237,-0.218081314,-0.167374929
1789447182.903853655,0.046226479,-0.106507823,-0.033900929,0.903081288,-0.337888958,-0.214935683,-0.155170526
1789447182.937186718,0.049725485,-0.107440268,-0.031757458,0.905227626,-0.340738277,-0.207945895,-0.145667006
1789447182.970519781,0.053448227,-0.108422656,-0.029336611,0.907229848,-0.344090405,-0.199802396,-0.136436060
1789447183.003851652,0.057710261,-0.109680764,-0.026555389,0.909457741,-0.347680967,-0.190956993,-0.124659493
1789447183.037184477,0.062787995,-0.111224967,-0.023459839,0.912333944,-0.350275596,-0.180821770,-0.110712554
1789447183.070517302,0.068620283,-0.112945153,-0.020177470,0.915824974,-0.351292872,-0.169101301,-0.096242848
1789447183.103853941,0.074994878,-0.114504229,-0.016972497,0.917534181,-0.355097878,-0.159140602,-0.081919427
1789447183.137189865,0.081863757,-0.116121183,-0.013632518,0.920996826,-0.354319139,-0.147456632,-0.066927841
1789447183.170526505,0.089143526,-0.117373811,-0.010501950,0.923953621,-0.354841025,-0.132176975,-0.054099901
1789447183.203863382,0.096328085,-0.118318557,-0.007854041,0.925388565,-0.357236727,-0.119433062,-0.042114935
1789447183.237200022,0.103364378,-0.119237414,-0.005302491,0.928052882,-0.355831231,-0.105769712,-0.030244852
1789447183.270535707,0.110035729,-0.119845573,-0.003072731,0.928757564,-0.358003809,-0.094463374,-0.017869852
1789447183.303872347,0.116442017,-0.120357101,-0.000988091,0.929193886,-0.359966781,-0.083721348,-0.003657052
1789447183.337209225,0.122440173,-0.120647291,0.000777453,0.928498454,-0.363353318,-0.075846601,0.010596236
1789447183.370544672,0.128317944,-0.120843917,0.002318378,0.929010741,-0.363714398,-0.064354511,0.022569394
1789447183.403881311,0.134098124,-0.121293771,0.003238442,0.930722586,-0.360032974,-0.052905966,0.036505935
1789447183.437217951,0.139645964,-0.121507413,0.003482043,0.930574801,-0.360053531,-0.043724649,0.049801089
1789447183.470554590,0.144746693,-0.121559921,0.003760928,0.930568413,-0.358901614,-0.035623887,0.062952360
1789447183.503890276,0.149554311,-0.120832045,0.004116411,0.927735634,-0.364726145,-0.024955231,0.075224121
1789447183.537227154,0.153906379,-0.119956404,0.004439025,0.925388811,-0.368368191,-0.017592052,0.087469676
1789447183.570563793,0.158480657,-0.119114572,0.004562561,0.924117361,-0.368587052,-0.004554315,0.100647634
1789447183.603900194,0.163157250,-0.118630472,0.003775397,0.921796270,-0.368754007,0.007258057,0.119412892
1789447183.637235880,0.167999244,-0.118834388,0.002237719,0.919723248,-0.366386800,0.019746790,0.139570500
1789447183.670572281,0.172310761,-0.119100408,0.000770618,0.916383139,-0.367541617,0.032827089,0.155169214
1789447183.703908920,0.175813579,-0.119171847,-0.000184670,0.913389676,-0.368936698,0.045754347,0.165866070
1789447183.737244606,0.178705535,-0.119301259,-0.001208778,0.911799616,-0.366862321,0.055434594,0.175955968
1789447183.770581007,0.181178240,-0.119210088,-0.002332886,0.909954475,-0.365635475,0.063404518,0.185130819
1789447183.803917646,0.183124399,-0.118650168,-0.002908148,0.908037533,-0.366184860,0.069425468,0.191197779
1789447183.837254047,0.184764514,-0.117418698,-0.002859674,0.905338869,-0.369476585,0.074963715,0.195522446
1789447183.870589495,0.186444248,-0.115774629,-0.002505265,0.902769579,-0.371549796,0.080285282,0.201276201
1789447183.903926373,0.188194202,-0.113583176,-0.001939723,0.899711478,-0.374749307,0.087350656,0.206039015
1789447183.937262774,0.189857555,-0.110853183,-0.001072692,0.896076661,-0.379529550,0.095488856,0.209489421
1789447183.970598221,0.191450715,-0.107964244,-0.000263352,0.891460294,-0.384854090,0.101913226,0.216332078
1789447184.003934622,0.193171991,-0.105282968,0.000125459,0.886883632,-0.388675390,0.108927259,0.224730321
1789447184.037271261,0.194747276,-0.103123099,0.000178138,0.883613583,-0.389218002,0.114820494,0.233565059
1789447184.070607662,0.195834129,-0.101240199,0.000114514,0.880613716,-0.390270719,0.117778867,0.241529269
1789447184.103943348,0.196286996,-0.099612124,0.000127035,0.878697282,-0.391341390,0.117620634,0.246796249
1789447184.137280226,0.196144647,-0.098142034,0.000186356,0.877399269,-0.393574966,0.117181879,0.248067885
1789447184.170617104,0.195611207,-0.097088853,0.000207667,0.877970950,-0.393693374,0.116847307,0.246006595
1789447184.203953743,0.195033461,-0.096394287,0.000003781,0.878791380,-0.393898792,0.117336516,0.242490399
1789447184.237289906,0.194762064,-0.096081069,-0.000260811,0.880149807,-0.392541329,0.118840787,0.239007299
1789447184.270626545,0.194941949,-0.095991026,-0.000457944,0.879980610,-0.392906046,0.120171025,0.238365033
1789447184.303963423,0.195652479,-0.096208482,-0.000479675,0.879086863,-0.393639149,0.120726034,0.240166051
1789447184.337299109,0.196819121,-0.096514584,-0.000229843,0.876661220,-0.396433979,0.123038317,0.243242221
1789447184.370635748,0.198209486,-0.097110002,0.000419736,0.874166797,-0.399231774,0.126526790,0.245840137
1789447184.403972387,0.199648253,-0.098469719,0.001252157,0.873143373,-0.399828187,0.127927265,0.247775475
1789447184.437309265,0.201403237,-0.100794576,0.001967003,0.874218244,-0.396378641,0.130067732,0.248412602
1789447184.470644712,0.203491697,-0.103732600,0.002585738,0.875450624,-0.393145232,0.131968560,0.248208239
1789447184.503981590,0.206096905,-0.106965368,0.003548809,0.876140002,-0.390269573,0.135354064,0.248490714
1789447184.537318230,0.208973734,-0.110384470,0.005006047,0.876961137,-0.386651995,0.135367491,0.251227072
1789447184.570654869,0.212231952,-0.113346548,0.006565084,0.875172964,-0.388107300,0.137130472,0.254244452
1789447184.603990555,0.215843888,-0.116322255,0.008281758,0.875035447,-0.385968935,0.139647518,0.256592124
1789447184.637327194,0.219858707,-0.119876063,0.010457066,0.878378096,-0.372364034,0.142223862,0.263759967
1789447184.670663595,0.223527259,-0.122967037,0.012764206,0.879858845,-0.366061934,0.138508903,0.269559562
1789447184.703999281,0.227692118,-0.125064676,0.015316148,0.878376251,-0.367898934,0.143954881,0.269040013
1789447184.737335920,0.231765278,-0.127027656,0.018230879,0.877435206,-0.368539900,0.147348504,0.269396028
1789447184.770672321,0.235563145,-0.128916409,0.021402065,0.877229765,-0.368869563,0.149374692,0.268496529
1789447184.804008722,0.239158409,-0.130719105,0.024744397,0.877441975,-0.368101410,0.151747067,0.267525249
1789447184.837344408,0.242411560,-0.132094645,0.028130204,0.876916115,-0.369230739,0.152617834,0.267197652
1789447184.870680809,0.245460801,-0.132980380,0.031829629,0.876854493,-0.369736997,0.154550094,0.265584300
1789447184.904017448,0.248183789,-0.133630124,0.035976346,0.877509297,-0.368165963,0.155667854,0.264950517
1789447184.937353849,0.250376403,-0.133949725,0.040224740,0.877159773,-0.370567520,0.153951610,0.263760019
1789447184.970689297,0.252751815,-0.134399332,0.044673096,0.878660765,-0.367862732,0.156235335,0.261194927
1789447185.004025698,0.255189282,-0.134830956,0.049308978,0.878699672,-0.366236186,0.158048364,0.262256854
1789447185.037362099,0.257798357,-0.135188026,0.054181029,0.879061722,-0.365364907,0.158475324,0.262001039
1789447185.070697546,0.260765215,-0.135268240,0.059323800,0.878625762,-0.365917646,0.159107233,0.262308853
1789447185.104038239,0.264081712,-0.135102393,0.064718112,0.878088518,-0.366926217,0.157609584,0.263599933
1789447185.137379408,0.267838217,-0.134561535,0.070173603,0.876995245,-0.369171604,0.157412032,0.264221723
1789447185.170720100,0.271892785,-0.133625817,0.075546593,0.876377913,-0.370112781,0.160291498,0.263220285
1789447185.204060316,0.275837248,-0.132048251,0.080819936,0.874877699,-0.373313918,0.162126079,0.262565924
1789447185.237401009,0.279812249,-0.129986657,0.086176404,0.873325389,-0.376165239,0.164652588,0.262091595
1789447185.270742178,0.283533307,-0.127622501,0.091477306,0.872102650,-0.379504053,0.164841384,0.261229706
1789447185.304082394,0.287026082,-0.125139395,0.096699933,0.871001937,-0.381472092,0.164881805,0.262008891
1789447185.337423325,0.290288931,-0.122467399,0.101764278,0.870035370,-0.383091081,0.167038553,0.261491490
1789447185.370764494,0.293094925,-0.119532972,0.106577143,0.869473159,-0.385604169,0.167138304,0.259597070
1789447185.404105425,0.295800675,-0.116232992,0.111049414,0.868798501,-0.387702006,0.169004684,0.257514535
1789447185.437445641,0.298005999,-0.112699209,0.115018138,0.868081195,-0.390556386,0.166670784,0.257141203
1789447185.470786572,0.299928258,-0.109362378,0.118807652,0.869288605,-0.387862903,0.161325593,0.260525899
1789447185.504127741,0.302065805,-0.105328042,0.122313864,0.866797133,-0.392837045,0.163726596,0.259875717
1789447185.537468910,0.303899583,-0.101846159,0.125860882,0.866935328,-0.393232225,0.160541782,0.260802398
1789447185.570809126,0.305794991,-0.098438132,0.129102820,0.865962409,-0.395309270,0.159751812,0.261379122
1789447185.604150295,0.307640254,-0.095260641,0.132047827,0.865096556,-0.397258513,0.158768320,0.261889753
1789447185.637491465,0.309445749,-0.092141846,0.134681046,0.863035006,-0.401574685,0.158509416,0.262265353
1789447185.670831680,0.311248742,-0.089252603,0.137064681,0.861161094,-0.405763448,0.158155379,0.262191668
1789447185.704173088,0.313152547,-0.086713690,0.139011572,0.859634479,-0.408966632,0.157325430,0.262723361
1789447185.737514496,0.315285917,-0.084655118,0.140206369,0.858284298,-0.410618244,0.157032215,0.264729303
1789447185.770855665,0.317485149,-0.083054019,0.140649290,0.857265881,-0.410465346,0.157302600,0.268084504
1789447185.804196119,0.319429152,-0.081580498,0.140808038,0.856185082,-0.410297152,0.157491265,0.271661285
1789447185.837537289,0.320927881,-0.080042844,0.141202495,0.854916572,-0.411158910,0.157528935,0.274318502
1789447185.870878696,0.321786745,-0.078525451,0.141883291,0.853771049,-0.413372317,0.155724546,0.275586990
1789447185.904219866,0.322142840,-0.077223854,0.142686454,0.853756974,-0.414647650,0.154148344,0.274599061
1789447185.937560558,0.322127544,-0.076090068,0.143457439,0.853228538,-0.417241706,0.153486814,0.272676033
1789447185.970901966,0.321834683,-0.075272789,0.144182881,0.852863417,-0.420018919,0.151572795,0.270617420
1789447186.004243374,0.321378126,-0.074670714,0.144864329,0.853382944,-0.421831000,0.149099770,0.267517132
1789447186.037583828,0.320773209,-0.074011587,0.145595513,0.855556339,-0.421528457,0.146981999,0.262170562
1789447186.070925236,0.319906253,-0.072943621,0.146345990,0.857649834,-0.422041759,0.144593200,0.255754416
1789447186.104264498,0.318880757,-0.071392458,0.147152334,0.859970801,-0.422437756,0.142435920,0.248412101
1789447186.137603283,0.318064019,-0.069145758,0.147887786,0.858886985,-0.427077904,0.142430364,0.244195010
1789447186.170941114,0.317754003,-0.067032755,0.148429730,0.857262626,-0.430095545,0.141445803,0.245176867
1789447186.204280376,0.318021046,-0.065694443,0.148225434,0.856719654,-0.430013511,0.141326550,0.247278427
1789447186.237619400,0.318492127,-0.065238623,0.146846130,0.855596449,-0.430171666,0.142368674,0.250276276
1789447186.270958185,0.318834657,-0.065695617,0.144604360,0.855684700,-0.428009745,0.142334290,0.253677554
1789447186.304296494,0.318902938,-0.066669955,0.141901831,0.855823867,-0.426821393,0.143160479,0.254743173
1789447186.337635279,0.318511478,-0.068396462,0.139001725,0.857441431,-0.424939814,0.142577407,0.252768729
1789447186.370974302,0.317979216,-0.071082231,0.135770846,0.858755315,-0.423950874,0.139950269,0.251433664
1789447186.404312372,0.317899441,-0.075170309,0.131986979,0.861125550,-0.420836215,0.135437855,0.251030387
1789447186.437651396,0.318607088,-0.080398951,0.127281743,0.863050438,-0.418845211,0.132582861,0.249267758
1789447186.470990419,0.320424286,-0.086397542,0.121645297,0.865235766,-0.415125217,0.134631232,0.246804689
1789447186.504329681,0.323170333,-0.092404679,0.115266754,0.866642242,-0.410766657,0.137628622,0.247508263
1789447186.537667513,0.326543316,-0.097860697,0.108724931,0.867366491,-0.406256233,0.137641947,0.252360731
1789447186.571006536,0.330454074,-0.102545492,0.102423931,0.868177016,-0.401894641,0.138891306,0.255848726
1789447186.604345798,0.334533273,-0.106619363,0.096246046,0.868895358,-0.398017208,0.142337136,0.257571928
1789447186.637683630,0.338365294,-0.110245530,0.089988469,0.869466450,-0.394826018,0.144321776,0.259445048
1789447186.671022654,0.341981897,-0.113427854,0.083636135,0.870432569,-0.391446653,0.147417767,0.259585559
1789447186.704361916,0.345317677,-0.116412086,0.077303248,0.872750716,-0.384825730,0.149530357,0.260491877
1789447186.737700939,0.348550320,-0.118714378,0.070882670,0.873056316,-0.381961347,0.153398680,0.261432674
1789447186.771039009,0.351640646,-0.120804814,0.064554245,0.874410759,-0.376309719,0.155067889,0.264103708
1789447186.804378271,0.354777270,-0.122273862,0.058132176,0.874020141,-0.372706624,0.158755580,0.268281999
1789447186.837717295,0.357915725,-0.123147319,0.051799051,0.873327960,-0.369385052,0.163661988,0.272153838
1789447186.871056318,0.360742234,-0.123624781,0.045761348,0.873181197,-0.365499596,0.164814365,0.277129694
1789447186.904394627,0.363616363,-0.123692257,0.039990014,0.873230341,-0.360093746,0.168690741,0.281681912
1789447186.937733412,0.366183965,-0.123352095,0.034426684,0.872965800,-0.356590988,0.171026936,0.285522971
1789447186.971072674,0.368433284,-0.122655837,0.029157421,0.871628928,-0.356382249,0.172971229,0.288679161
1789447187.004410744,0.370498460,-0.122131078,0.024340098,0.872549949,-0.352148225,0.174996264,0.289869836
1789447187.037750006,0.372434082,-0.121454226,0.019946986,0.872481951,-0.349653419,0.178695660,0.290836025
1789447187.071089029,0.374156244,-0.120794037,0.016279914,0.872142092,-0.347991649,0.179734287,0.293198857
1789447187.104427099,0.375850610,-0.119850947,0.013377630,0.869985210,-0.351164117,0.181092188,0.294983247
1789447187.137763977,0.377681269,-0.119057511,0.011442613,0.869395453,-0.353084687,0.181823961,0.293977545
1789447187.171101809,0.379783369,-0.118700131,0.010478028,0.870895342,-0.352490328,0.178466193,0.292304107
1789447187.204439640,0.383114035,-0.118615588,0.010071928,0.872466584,-0.349409353,0.183291712,0.288304202
1789447187.237777948,0.387094275,-0.119120502,0.009980479,0.874332333,-0.346406131,0.183894898,0.285881846
1789447187.271114826,0.392069626,-0.120191339,0.010104523,0.875486006,-0.344259049,0.185943852,0.283610375
1789447187.304452658,0.397520714,-0.121688764,0.010544879,0.875721647,-0.344810110,0.184420067,0.283208091
1789447187.337790489,0.403377398,-0.123201652,0.011778289,0.875484965,-0.347934076,0.180629632,0.282561304
1789447187.371127367,0.410123506,-0.124714666,0.013954995,0.876075810,-0.347687196,0.184562104,0.278462958
1789447187.404465437,0.417232262,-0.126413944,0.016472695,0.877590448,-0.345106586,0.190622706,0.272762598
1789447187.437803507,0.424089603,-0.128178184,0.018995064,0.877805340,-0.345384100,0.191653841,0.270991538
1789447187.471141338,0.430714478,-0.129815079,0.022026971,0.878515724,-0.346271625,0.188803766,0.269553749
1789447187.504478216,0.437182414,-0.130722216,0.026031577,0.876915413,-0.351864709,0.187030284,0.268756874
1789447187.537816048,0.443392854,-0.131687544,0.031329469,0.878707516,-0.348590500,0.186387691,0.267614262
1789447187.571154118,0.447668150,-0.134230346,0.037657230,0.892475181,-0.325536309,0.161144303,0.267482103
1789447187.604492188,0.452415249,-0.134465038,0.043554521,0.890366321,-0.332674482,0.171968680,0.258847981
1789447187.637829065,0.454944192,-0.135898724,0.050042728,0.892126209,-0.334228693,0.163402234,0.256323462
1789447187.671166897,0.456257383,-0.137500933,0.057437959,0.893298298,-0.338516941,0.155889515,0.251242693
1789447187.704504967,0.456649198,-0.139226565,0.065731054,0.893845116,-0.343340357,0.153039984,0.244411682
1789447187.737841845,0.455952494,-0.140926844,0.074592847,0.894033260,-0.349474434,0.148430463,0.237782564
1789447187.771179914,0.454474447,-0.142745244,0.083943702,0.895895300,-0.350371493,0.142837290,0.232828125
1789447187.804517746,0.452268001,-0.143889221,0.093501155,0.895422373,-0.355353284,0.137326985,0.230399908
1789447187.837855816,0.449394304,-0.144263712,0.103216806,0.894106934,-0.363554785,0.131551075,0.226042083
1789447187.871192694,0.446018396,-0.144416371,0.112757083,0.893999472,-0.368713201,0.126295432,0.221054254
1789447187.904530525,0.442174241,-0.144455201,0.121640541,0.894046047,-0.372910822,0.120425578,0.217064198
1789447187.937868595,0.437965572,-0.144488415,0.129935865,0.894719321,-0.375524762,0.112830920,0.213840299
1789447187.971205473,0.433566052,-0.144605394,0.137755730,0.895610129,-0.376483834,0.106482708,0.211669204
1789447188.004543543,0.428998586,-0.144862680,0.145100179,0.897097933,-0.376678843,0.100712217,0.207810964
1789447188.037881374,0.424315319,-0.145124566,0.151954252,0.897156490,-0.379115635,0.095142517,0.205741270
1789447188.071219444,0.419696974,-0.145368534,0.158712595,0.897028870,-0.381779095,0.090636525,0.203393585
1789447188.104556322,0.415181959,-0.145544993,0.165485620,0.896331018,-0.385301756,0.085792414,0.201923065
1789447188.137894630,0.410822972,-0.146151088,0.172234524,0.896890676,-0.384028645,0.080349434,0.204090870
1789447188.171232462,0.406303892,-0.146991947,0.178752696,0.897471953,-0.383582517,0.074220995,0.204694383
1789447188.204570532,0.401534129,-0.148261170,0.185128402,0.899780061,-0.380267953,0.067342911,0.203118336
1789447188.237907648,0.396684101,-0.149235191,0.191099002,0.900801649,-0.381109971,0.061546389,0.198805486
1789447188.271245718,0.391904201,-0.150312915,0.196925863,0.903487032,-0.376299817,0.051798901,0.198561087
1789447188.304583788,0.388861055,-0.148059060,0.201988270,0.889942592,-0.408201078,0.072983378,0.189861766
1789447188.337920666,0.384473524,-0.148045777,0.207191234,0.890730301,-0.407868927,0.051724233,0.193822273
1789447188.371258736,0.382069718,-0.146934176,0.212347471,0.892187502,-0.405879815,0.052438346,0.191084421
1789447188.404596567,0.380130320,-0.145165597,0.216807474,0.893192127,-0.404890812,0.046984926,0.189904375
1789447188.437934875,0.378751001,-0.143002388,0.220487394,0.894026941,-0.402810609,0.037318576,0.192527312
1789447188.471271753,0.378126625,-0.140087479,0.223184343,0.891508158,-0.407677741,0.031072493,0.195055283
1789447188.504609823,0.378212082,-0.137481772,0.225538884,0.892229884,-0.404955114,0.027202593,0.197982851
1789447188.537947893,0.378676761,-0.135074682,0.227442708,0.894007153,-0.399759897,0.023237205,0.201005643
1789447188.571285963,0.379479954,-0.132618614,0.228966684,0.896189606,-0.394466443,0.022639617,0.201811457
1789447188.604622841,0.380348191,-0.130260638,0.230279565,0.898411907,-0.388834920,0.022525412,0.202869554
1789447188.637960911,0.381122978,-0.128374010,0.231520792,0.901424859,-0.381580059,0.021840847,0.203354027
1789447188.671298742,0.381418886,-0.127808339,0.234132264,0.903907491,-0.375908106,0.023687118,0.202690067
1789447188.704636097,0.381605952,-0.126153353,0.236149641,0.896628743,-0.393969340,0.032331245,0.199498737
1789447188.737973928,0.381805369,-0.124956703,0.237648189,0.890544417,-0.408581822,0.042565103,0.195396385
1789447188.771311998,0.381658372,-0.124713810,0.238741462,0.888718378,-0.413348845,0.045762277,0.192946085
1789447188.804649830,0.381330455,-0.124676106,0.239622123,0.888006705,-0.416287404,0.047464770,0.189462356
1789447188.837986708,0.380866560,-0.124375182,0.240433259,0.885311173,-0.423285447,0.049047266,0.186139524
1789447188.871325016,0.380155464,-0.124523397,0.241464961,0.886129863,-0.423192078,0.046813175,0.183005076
1789447188.904662848,0.379418975,-0.125318531,0.242891983,0.892947027,-0.410875222,0.046094383,0.178051865
1789447188.938000917,0.378684512,-0.124565515,0.243779074,0.888787651,-0.422384421,0.052292657,0.170039378
1789447188.971337795,0.377907752,-0.123926420,0.244621499,0.885212911,-0.431545015,0.054463969,0.164926283
1789447189.004675865,0.377451798,-0.124034946,0.245566190,0.886905876,-0.428822093,0.057631573,0.161827631
1789447189.038013935,0.377228343,-0.124300167,0.246042201,0.888725296,-0.426129957,0.064961250,0.156078970
1789447189.071350813,0.377043036,-0.124732819,0.246153594,0.890630025,-0.422607029,0.073109451,0.151117390
1789447189.104689598,0.376726332,-0.125179536,0.246171646,0.892653733,-0.418359652,0.080532277,0.147170198
1789447189.138028622,0.376100105,-0.125792556,0.246213508,0.896131573,-0.411264378,0.087156363,0.142174484
1789447189.171367168,0.374871114,-0.126046876,0.245742992,0.896624793,-0.412424841,0.095409850,0.129871825
1789447189.204705000,0.372723112,-0.126978879,0.245082179,0.899856840,-0.408128726,0.096759478,0.119692166
1789447189.238044024,0.370152187,-0.127906832,0.244361673,0.902131901,-0.405809897,0.098561173,0.108453012
1789447189.271382809,0.367018951,-0.129101483,0.244003907,0.905187024,-0.401735433,0.097715968,0.098471734
1789447189.304720402,0.363639976,-0.130503958,0.243736113,0.908540795,-0.396594848,0.099071082,0.086319588
1789447189.338059425,0.360046371,-0.131904087,0.243046969,0.910814967,-0.393710702,0.099339753,0.074428436
1789447189.371398211,0.356386248,-0.133203476,0.242061088,0.913002346,-0.391050221,0.096974891,0.064049288
1789447189.404736757,0.353029058,-0.134051151,0.241170920,0.914919151,-0.387914140,0.098536307,0.052308357
1789447189.438074589,0.349855652,-0.134118034,0.240801654,0.915922890,-0.386568914,0.099235702,0.042450081
1789447189.471413612,0.346842879,-0.133698113,0.241045926,0.918068513,-0.383384398,0.092899200,0.039196275
1789447189.504752159,0.344625680,-0.132740752,0.241275030,0.919321379,-0.381651672,0.088192212,0.037581068
1789447189.538091183,0.343364752,-0.131233037,0.241011719,0.917173178,-0.386841664,0.089526159,0.033644549
1789447189.571428776,0.342627352,-0.130702801,0.240430377,0.919323434,-0.381467954,0.090759418,0.033005346
1789447189.604767561,0.342224033,-0.130745131,0.239575691,0.922541280,-0.373543838,0.090342293,0.034940779
1789447189.638106346,0.342088920,-0.130319433,0.238942942,0.921756450,-0.375440348,0.090512631,0.034886312
1789447189.671444178,0.342021643,-0.130164421,0.238655646,0.921971905,-0.374741925,0.091629211,0.033769559
1789447189.704782963,0.341884655,-0.130085994,0.238154351,0.921451520,-0.375948645,0.092974840,0.030747222
1789447189.738121510,0.341540829,-0.130220876,0.237865215,0.921829440,-0.375519075,0.091550872,0.028885052
1789447189.771460533,0.341577379,-0.130118893,0.237790023,0.920932378,-0.377114758,0.095453719,0.023592424
1789447189.804798126,0.341744252,-0.130094691,0.237714890,0.920374822,-0.378281810,0.096837167,0.020871565
1789447189.838136673,0.342176201,-0.130139894,0.237744551,0.920253125,-0.378861533,0.095336574,0.022562395
1789447189.871475697,0.342946091,-0.130188662,0.237900864,0.920545443,-0.377979849,0.095802240,0.023436136
1789447189.904814243,0.343695148,-0.130169723,0.237797639,0.919934296,-0.379277401,0.096528065,0.023492066
1789447189.938152075,0.344208895,-0.130567413,0.237382938,0.920852851,-0.376012489,0.101041277,0.020863707
1789447189.971490622,0.343965717,-0.131460459,0.236347601,0.922748683,-0.369384687,0.109290365,0.012059741
1789447190.004829407,0.342876527,-0.132771837,0.234788022,0.924810540,-0.361934862,0.117161059,0.001381147
1789447190.038167238,0.340969135,-0.134402831,0.233003745,0.927199416,-0.355270812,0.118524727,-0.005981834
1789447190.071505785,0.338697355,-0.136014807,0.231222637,0.929089836,-0.349966245,0.118847902,-0.013815906
1789447190.104843378,0.336163521,-0.137416901,0.229902636,0.931278212,-0.344529189,0.116692275,-0.020085879
1789447190.138180733,0.333760510,-0.138179902,0.229426647,0.932236177,-0.342737295,0.113411129,-0.024592135
1789447190.171517134,0.331647261,-0.138319257,0.229582211,0.931802530,-0.344223500,0.111514625,-0.028613203
1789447190.204854488,0.329843273,-0.138285170,0.229927730,0.932114046,-0.343473958,0.110463817,-0.031413218
1789447190.238192081,0.328608131,-0.137971327,0.230137599,0.931361968,-0.345341725,0.110665937,-0.032511973
1789447190.271529436,0.327767672,-0.137825311,0.230184546,0.931496226,-0.345461529,0.109381085,-0.031731557
1789447190.304866076,0.327346064,-0.137920211,0.230118510,0.932382055,-0.343171532,0.109479946,-0.030185172
1789447190.338203430,0.327144325,-0.137920710,0.230008785,0.932345104,-0.343046691,0.110280886,-0.029827852
1789447190.371540785,0.327029747,-0.138083797,0.229933434,0.933022280,-0.341057496,0.110823926,-0.029449405
1789447190.404877186,0.327062836,-0.138183079,0.229684164,0.932739416,-0.341152304,0.112545688,-0.030753134
1789447190.438214302,0.327015709,-0.138532589,0.229318856,0.933637250,-0.338604021,0.112583221,-0.031524931
1789447190.471551657,0.327193868,-0.138849455,0.228711596,0.934049029,-0.336690024,0.114622903,-0.032462750
1789447190.504889250,0.327379107,-0.139074927,0.228154183,0.934939745,-0.334071068,0.115014592,-0.032493660
1789447190.538225651,0.327722965,-0.138824095,0.228103184,0.934757969,-0.333016207,0.118954349,-0.034316287
1789447190.571563005,0.327824477,-0.138284443,0.228761952,0.935249479,-0.330386757,0.122138563,-0.035145052
1789447190.604900360,0.328085670,-0.137011085,0.229754513,0.933038463,-0.333372825,0.129475657,-0.039215306
1789447190.638236523,0.328140580,-0.135502986,0.230785736,0.930572424,-0.337993573,0.134105664,-0.042555600
1789447190.671573877,0.328113753,-0.134354463,0.231917174,0.930876651,-0.336828985,0.135001798,-0.042301408
1789447190.704911470,0.328038436,-0.133178524,0.232981408,0.931669798,-0.336150716,0.131850236,-0.040119791
1789447190.738248825,0.328101179,-0.131476186,0.234262741,0.929524478,-0.339780355,0.136542457,-0.043470833
1789447190.771584988,0.327784749,-0.128708092,0.235880084,0.921021133,-0.357518035,0.146349407,-0.049827474
1789447190.804922342,0.327347966,-0.126226254,0.238405313,0.915062271,-0.364776697,0.161153391,-0.060237745
1789447190.838259697,0.326185586,-0.123915204,0.240305419,0.912043918,-0.371568134,0.159681448,-0.067932683
1789447190.871596813,0.325440069,-0.122304019,0.241313408,0.911461939,-0.372685776,0.158690488,-0.071831574
1789447190.904933453,0.325213643,-0.121206955,0.241547865,0.910778794,-0.372825806,0.160923616,-0.074742874
1789447190.938270569,0.325331152,-0.120430826,0.241599481,0.909486087,-0.373219187,0.165910255,-0.077564708
1789447190.971607924,0.325528906,-0.119692759,0.241834862,0.907492282,-0.375045810,0.171342017,-0.080251552
1789447191.004944086,0.325615540,-0.119150567,0.241986017,0.906742724,-0.375669864,0.173406271,-0.081363694
1789447191.038281441,0.325846031,-0.118826040,0.241727664,0.905929015,-0.375482650,0.176860329,-0.083820183
1789447191.071618557,0.325993526,-0.119005919,0.241076480,0.906704666,-0.373119004,0.177891740,-0.083805647
1789447191.104958534,0.326188705,-0.119823738,0.239877977,0.908823737,-0.369512900,0.175905175,-0.080975315
1789447191.138297081,0.326472329,-0.121072418,0.238409020,0.911062100,-0.364242821,0.175784568,-0.079955005
1789447191.171636820,0.326641930,-0.122290890,0.237197910,0.912709007,-0.359172384,0.177504750,-0.080308964
1789447191.204976320,0.326702129,-0.123035893,0.236528683,0.912713195,-0.356741038,0.181076855,-0.083076031
1789447191.238315821,0.326655165,-0.123418261,0.236226524,0.912336984,-0.354975377,0.184687035,-0.086743352
1789447191.271654844,0.326784341,-0.123681863,0.235852027,0.912146595,-0.351647617,0.189968338,-0.090799630
1789447191.304994345,0.327072117,-0.123790252,0.235337118,0.912506275,-0.348352463,0.193736376,-0.091918854
1789447191.338334322,0.327520328,-0.123542457,0.234738137,0.912813717,-0.347674392,0.193918972,-0.091044319
1789447191.371672869,0.328328935,-0.122868604,0.234071663,0.912639695,-0.347288522,0.195923688,-0.089963206
1789447191.405012608,0.329144751,-0.121495504,0.233429874,0.912130273,-0.349785304,0.195093821,-0.087218159
1789447191.438352346,0.330036391,-0.119420297,0.232944231,0.910592687,-0.354738901,0.193887535,-0.085958677
1789447191.471692085,0.331114639,-0.117005624,0.232445776,0.907765909,-0.359711686,0.197415171,-0.087153930
1789447191.505031109,0.332093274,-0.114943188,0.231604312,0.906198222,-0.362302308,0.199468908,-0.088056659
1789447191.538370848,0.333035395,-0.113779004,0.230242649,0.906660876,-0.362358456,0.198938333,-0.084178053
1789447191.571710348,0.334001625,-0.113376895,0.228484650,0.907463587,-0.360959861,0.199255992,-0.080714720
1789447191.605050325,0.334712618,-0.113288553,0.226718550,0.907633964,-0.360208734,0.200140758,-0.079962068
1789447191.638389111,0.334952056,-0.113386123,0.225244674,0.908274394,-0.359173418,0.199382867,-0.079237321
1789447191.671729088,0.334855347,-0.113528079,0.224038510,0.908963782,-0.357504899,0.198961411,-0.079934023
1789447191.705068827,0.334449533,-0.113606318,0.223139207,0.909719765,-0.355582512,0.198211331,-0.081751419
1789447191.738407612,0.333919503,-0.113475300,0.222459748,0.909371458,-0.356855842,0.197179544,-0.082569291
1789447191.771747589,0.333298523,-0.113424373,0.221908748,0.909776949,-0.357246312,0.194767317,-0.082138099
1789447191.805087566,0.332709750,-0.113352612,0.221391600,0.909687827,-0.358097043,0.193608146,-0.082161122
1789447191.838427544,0.332129222,-0.113357390,0.220936316,0.909750816,-0.357985346,0.193193089,-0.082923909
1789447191.871766329,0.331559609,-0.113538883,0.220322502,0.909984597,-0.358445364,0.191473073,-0.082359072
1789447191.905106306,0.331112761,-0.114103392,0.219448419,0.910897862,-0.357062983,0.189729148,-0.082304072
1789447191.938446283,0.330917491,-0.114999290,0.218308104,0.911185076,-0.355400822,0.191024898,-0.083315667
1789447191.971785069,0.330892085,-0.116132465,0.216899808,0.911071955,-0.354227710,0.192786111,-0.085464251
1789447192.005125284,0.331023198,-0.117489736,0.215318626,0.911689508,-0.352790724,0.193147219,-0.083994628
1789447192.038465023,0.331385550,-0.118804374,0.213498195,0.911826093,-0.352884538,0.192976895,-0.082496037
1789447192.071805239,0.331857028,-0.120261909,0.211494037,0.912863432,-0.350652147,0.192965921,-0.080545507
1789447192.105143547,0.332201272,-0.121772291,0.209219430,0.914263903,-0.347698972,0.192719149,-0.078014548
1789447192.138482571,0.332162993,-0.123152730,0.206606078,0.914892076,-0.347264826,0.191360613,-0.075899578
1789447192.171822071,0.331763583,-0.124510415,0.203520878,0.914750511,-0.348510932,0.189732489,-0.075981683
1789447192.205161333,0.330940464,-0.126123545,0.199582930,0.915978949,-0.348034096,0.185540610,-0.073685250
1789447192.238499641,0.329871541,-0.127742112,0.194623555,0.916814815,-0.346367276,0.185129260,-0.072162746
1789447192.271838903,0.328210883,-0.129319267,0.189043778,0.918574255,-0.340595813,0.186273379,-0.074283640
1789447192.305178165,0.325789615,-0.130634903,0.183221750,0.920910598,-0.335666453,0.183446484,-0.074827067
1789447192.338516712,0.322953533,-0.131727451,0.177278510,0.922926518,-0.332932647,0.177849297,-0.075710775
1789447192.371855974,0.320004308,-0.132949938,0.170918288,0.924830631,-0.330183089,0.172917370,-0.075940860
1789447192.405195236,0.317239752,-0.134397150,0.163999386,0.926320572,-0.326625418,0.172992910,-0.072934819
1789447192.438534737,0.314218820,-0.135823981,0.156676134,0.928027727,-0.323696917,0.170611771,-0.069831715
1789447192.471872807,0.310617901,-0.137220377,0.149171418,0.930566893,-0.320985611,0.162521420,-0.067825393
1789447192.505212069,0.307175370,-0.138416131,0.141442675,0.930633501,-0.320583000,0.162538213,-0.068768862
1789447192.538551569,0.303232749,-0.139793922,0.133541420,0.932487017,-0.316315854,0.159682190,-0.070098801
1789447192.571890831,0.299128700,-0.140936803,0.125659445,0.933544890,-0.315026965,0.155762071,-0.070640835
1789447192.605229139,0.295054729,-0.141977201,0.118042327,0.934648436,-0.313669901,0.151945867,-0.070398493
1789447192.638568640,0.291432934,-0.142853952,0.110711472,0.934695520,-0.312525559,0.154193246,-0.069975013
1789447192.671907902,0.287964814,-0.143509386,0.103588020,0.934635769,-0.311954848,0.155718203,-0.069942780
1789447192.705246449,0.284963914,-0.143716753,0.096701279,0.933107568,-0.315041472,0.159711357,-0.067464205
1789447192.738585711,0.281842188,-0.143615702,0.090118107,0.932884360,-0.317536787,0.157001536,-0.065174214
1789447192.771924973,0.279209255,-0.143394113,0.084006675,0.932821333,-0.315628575,0.160832880,-0.065998095
1789447192.805264473,0.276616384,-0.142764186,0.077946971,0.930741372,-0.317854283,0.167576933,-0.067875803
1789447192.838602781,0.273912101,-0.142263716,0.071795407,0.929485003,-0.318214713,0.173246725,-0.069156325
1789447192.871942043,0.270953500,-0.141923772,0.065435050,0.929277059,-0.319594838,0.172028336,-0.068626079
1789447192.905281544,0.267856940,-0.141871486,0.058950961,0.929677066,-0.321342084,0.167127900,-0.067142266
1789447192.938620806,0.264776159,-0.142201920,0.052350358,0.929960212,-0.321156623,0.165437011,-0.068286338
1789447192.971959114,0.261591896,-0.142834718,0.045644484,0.930397239,-0.318926445,0.166119173,-0.071072639
1789447193.005298615,0.258279129,-0.143524110,0.038992032,0.931154806,-0.316412162,0.165611754,-0.073531070
1789447193.038637877,0.255023031,-0.143995124,0.032675800,0.931459294,-0.314876449,0.165575724,-0.076296035
1789447193.071976423,0.251809877,-0.144186062,0.026902349,0.931707243,-0.313948236,0.164758801,-0.078820405
1789447193.105319500,0.248761792,-0.144183767,0.021659357,0.931871804,-0.314500906,0.161926667,-0.080522511
1789447193.138662815,0.246162775,-0.144349064,0.016826778,0.932616315,-0.314354706,0.158272717,-0.079735032
1789447193.172006130,0.244097692,-0.144830110,0.012272005,0.934134261,-0.312648924,0.153429643,-0.078122840
1789447193.205348492,0.242656640,-0.145683989,0.008163009,0.935939260,-0.310306121,0.149158273,-0.074024466
1789447193.238691568,0.241801969,-0.146805249,0.004640956,0.937815188,-0.308141993,0.143848157,-0.069705759
1789447193.272035122,0.241715386,-0.148160397,0.001713674,0.939637687,-0.306962405,0.137310549,-0.063252763
1789447193.305377483,0.242535130,-0.149805044,-0.000701008,0.941897961,-0.305621823,0.128352059,-0.054307285
1789447193.338721037,0.244747761,-0.151714054,-0.002561127,0.943580542,-0.303541776,0.124812997,-0.044043927
1789447193.372064114,0.248172706,-0.153805894,-0.004123637,0.945022492,-0.300947573,0.123249894,-0.034241959
1789447193.405407667,0.252905028,-0.156137571,-0.005490913,0.947023962,-0.296504924,0.121348818,-0.022470200
1789447193.438750267,0.259282375,-0.158478361,-0.006577032,0.948735249,-0.292834705,0.118808397,-0.005816224
1789447193.472093821,0.267458975,-0.160573092,-0.007117844,0.949472516,-0.290925056,0.116989926,0.013338306
1789447193.505437613,0.277054310,-0.162304705,-0.007020600,0.949602031,-0.290149076,0.113508890,0.034427136
1789447193.538780928,0.288011556,-0.163413256,-0.006224746,0.948381118,-0.290674945,0.113486610,0.056587279
1789447193.572123766,0.299420859,-0.164104932,-0.005184074,0.947751440,-0.288761960,0.110928545,0.077965357
1789447193.605467319,0.310865205,-0.164502806,-0.004224676,0.947792127,-0.283777992,0.110407792,0.094711425
1789447193.638811111,0.321979116,-0.164623490,-0.003112078,0.947755201,-0.277970098,0.114438781,0.106754245
1789447193.672153711,0.332663304,-0.164346810,-0.001300188,0.946921251,-0.274277927,0.118771769,0.118342850
1789447193.705497503,0.342856849,-0.163356933,0.001479332,0.944642523,-0.276557754,0.117981348,0.131326744
1789447193.738841295,0.353045189,-0.161804258,0.005291168,0.941625835,-0.279609713,0.118863337,0.145019664
1789447193.772185087,0.363500448,-0.159480737,0.009654274,0.936471461,-0.286609556,0.126955739,0.157348041
1789447193.805528164,0.373668556,-0.157014243,0.013894451,0.931758670,-0.292515518,0.132243556,0.169623393
1789447193.838871717,0.383902536,-0.154582376,0.017763125,0.927225770,-0.295093386,0.144231448,0.179915410
1789447193.872215748,0.393504160,-0.152149440,0.021460208,0.922992159,-0.298098136,0.152920916,0.189309717
1789447193.905559778,0.402522321,-0.149970866,0.025504425,0.921047686,-0.295429755,0.158950989,0.197805467
1789447193.938902855,0.410706080,-0.147357248,0.029577507,0.918334181,-0.296437880,0.162602096,0.205785019
1789447193.972246885,0.418366790,-0.144270281,0.033525473,0.915180905,-0.297664871,0.169524516,0.212369899
1789447194.005590916,0.425188540,-0.141055876,0.037742990,0.912529965,-0.298127981,0.171795880,0.221122018
1789447194.038933754,0.431396712,-0.137849839,0.042444764,0.909531139,-0.299322127,0.173111503,0.230633430
1789447194.072278023,0.436713750,-0.135085630,0.047229494,0.907061794,-0.300001164,0.171398615,0.240542550
1789447194.105616570,0.441409250,-0.132938459,0.051675783,0.905790402,-0.297297681,0.174439440,0.246431975
1789447194.138954878,0.445064212,-0.130860911,0.055654296,0.902996738,-0.301078920,0.177145361,0.250135756
1789447194.172291994,0.448035211,-0.129310871,0.059656538,0.902226574,-0.299056703,0.179756713,0.253455757
1789447194.205630302,0.450293371,-0.127558984,0.063761206,0.900632827,-0.300258383,0.181063047,0.256751996
1789447194.238968849,0.451995404,-0.125599360,0.068008069,0.898841626,-0.302657350,0.180899833,0.260302728
1789447194.272307158,0.453200822,-0.123235211,0.072348350,0.896421390,-0.308293496,0.179884682,0.262726688
1789447194.305644512,0.454313331,-0.121116886,0.076886433,0.896399370,-0.306651059,0.180899359,0.264024089
1789447194.338982821,0.455299323,-0.118929116,0.081240524,0.896415794,-0.304996073,0.184137642,0.263646447
1789447194.372321367,0.455899111,-0.116460760,0.085170033,0.894870327,-0.310140422,0.184067432,0.262943334
1789447194.405658484,0.457024769,-0.114188611,0.089111943,0.895138123,-0.308518802,0.190256183,0.259511992
1789447194.438996792,0.457952307,-0.111159335,0.093309537,0.892482560,-0.317149071,0.190670235,0.257946135
1789447194.472335100,0.459418363,-0.107686749,0.097733173,0.889741267,-0.324727155,0.192241827,0.256818678
1789447194.505673647,0.461221450,-0.104033365,0.101655580,0.887238583,-0.329873349,0.191484326,0.259470660
1789447194.539011002,0.463279839,-0.100268874,0.104770581,0.884205051,-0.335399123,0.192317205,0.262112474
1789447194.572349310,0.465260045,-0.096774888,0.107292601,0.881810909,-0.338939514,0.193740782,0.264563859
1789447194.605687857,0.466901158,-0.093712654,0.109354110,0.880471543,-0.340033890,0.195070386,0.266635255
1789447194.639024973,0.467910725,-0.090880314,0.110974999,0.878644978,-0.344173081,0.195946262,0.266707621
1789447194.672363281,0.468366068,-0.088783852,0.112311989,0.878666797,-0.344273734,0.196107132,0.266387403
1789447194.705701590,0.468233234,-0.087114283,0.113206107,0.878395021,-0.346001896,0.195612202,0.265406746
1789447194.739040136,0.467712290,-0.086135634,0.113983138,0.879850934,-0.343808316,0.194816258,0.264016670
1789447194.772377491,0.466789109,-0.085473122,0.114701306,0.880780774,-0.343732829,0.194087069,0.261540016
1789447194.805715799,0.465380308,-0.085086287,0.115233494,0.880780788,-0.346628335,0.193056209,0.258463346
1789447194.839054108,0.463333182,-0.085191162,0.115566812,0.881573034,-0.348567464,0.189420155,0.255831416
1789447194.872392416,0.460808894,-0.085974356,0.115746123,0.884328988,-0.345578347,0.186875283,0.252221085
1789447194.905729771,0.457460430,-0.087304697,0.115589976,0.887522375,-0.342558956,0.183046822,0.247893638
1789447194.939068079,0.453219045,-0.089072537,0.114987410,0.890370074,-0.341491555,0.178874009,0.242133720
1789447194.972406387,0.448054780,-0.091423685,0.114119043,0.894170927,-0.338959147,0.174095679,0.235065406
1789447195.005743980,0.441855980,-0.094262603,0.113100233,0.898497078,-0.335706995,0.167485387,0.227930823
1789447195.039082050,0.434658525,-0.097524585,0.111921033,0.903297991,-0.332058031,0.158742837,0.220433472
1789447195.072420359,0.426556562,-0.100974674,0.110426909,0.907562335,-0.331560226,0.148902635,0.210300808
1789447195.105761051,0.417933658,-0.105020628,0.108622730,0.913003909,-0.325543685,0.141521619,0.201039307
1789447195.139100313,0.408494540,-0.108878333,0.106387766,0.916453008,-0.325187104,0.132293665,0.192004215
1789447195.172441006,0.398539351,-0.112861949,0.104246310,0.920655380,-0.323734937,0.122381541,0.180588261
1789447195.205781460,0.388157055,-0.116790423,0.102138027,0.924273672,-0.323707014,0.111887193,0.168562170
1789447195.239121914,0.377652721,-0.120533171,0.099828998,0.927118431,-0.323533702,0.103108594,0.158574831
1789447195.272461414,0.367134242,-0.124089940,0.097216587,0.929722359,-0.323159579,0.094759572,0.149012904
1789447195.305802107,0.356915536,-0.127555540,0.094447662,0.932781659,-0.320918753,0.090332281,0.137002223
1789447195.339142561,0.346656384,-0.131471215,0.091612388,0.939309784,-0.309034091,0.082087144,0.124325220
1789447195.372482061,0.336751161,-0.134611053,0.088461838,0.942113643,-0.305949139,0.078238602,0.112675322
1789447195.405822992,0.327128987,-0.137461751,0.084980437,0.944226959,-0.303579294,0.075170874,0.103074737
1789447195.439163685,0.317739939,-0.139995487,0.081086878,0.945565674,-0.302937533,0.071345472,0.095101161
1789447195.472504139,0.308630343,-0.142295825,0.076893729,0.946783216,-0.302336622,0.067369752,0.087495294
1789447195.505843878,0.299744602,-0.144411151,0.072537400,0.948474254,-0.300265988,0.061810874,0.080102076
1789447195.539184570,0.290531463,-0.147620588,0.068302009,0.956816273,-0.276648850,0.043209926,0.078108486
1789447195.572525501,0.282659379,-0.148260375,0.064072189,0.954980679,-0.284811202,0.047553551,0.068067185
1789447195.605866194,0.274142992,-0.149693347,0.059954208,0.957568823,-0.278927378,0.037369435,0.062169066
1789447195.639205694,0.265993826,-0.151041649,0.055859671,0.959614834,-0.273729800,0.032030883,0.056439261
1789447195.672546625,0.258096428,-0.152433051,0.051507751,0.960932222,-0.270649240,0.029739419,0.049737518
1789447195.705887556,0.250198424,-0.153912052,0.046970658,0.961786509,-0.269391039,0.026134936,0.041378074
1789447195.739227295,0.242417630,-0.155634575,0.042622152,0.963176354,-0.265791853,0.022598781,0.033694165
1789447195.772568226,0.234652723,-0.157163377,0.038500605,0.963384068,-0.266138842,0.016194727,0.028266330
1789447195.805908918,0.226920651,-0.158690090,0.034806500,0.964071767,-0.264471293,0.007740178,0.023678098
1789447195.839250088,0.219223008,-0.159966130,0.031404406,0.963997663,-0.265196792,-0.001352918,0.019425173
1789447195.872589827,0.211658013,-0.161395757,0.028227015,0.965604875,-0.259435179,-0.010495145,0.013800921
1789447195.905930996,0.204410696,-0.162401325,0.025226161,0.966214597,-0.257116361,-0.015916297,0.008197636
1789447195.939271688,0.197096411,-0.163347106,0.022446918,0.967241086,-0.252705449,-0.023958499,0.003260148
1789447195.972611904,0.189705078,-0.163910571,0.019895778,0.966648054,-0.253894655,-0.033548717,-0.001878284
1789447196.005952597,0.182578282,-0.164742864,0.017716007,0.968367891,-0.246544644,-0.036899778,-0.010852336
1789447196.039293766,0.175275524,-0.165239340,0.015355365,0.968889341,-0.243132036,-0.040708360,-0.021979242
1789447196.072634697,0.167737446,-0.165936084,0.012979933,0.969757803,-0.237335053,-0.048210164,-0.030292850
1789447196.105970621,0.160452256,-0.166462073,0.010885192,0.969585259,-0.235455589,-0.055515601,-0.037190190
1789447196.139307976,0.153521593,-0.167071880,0.009214058,0.969460213,-0.233744674,-0.061244227,-0.041945998
1789447196.172644854,0.147067533,-0.168375802,0.007897114,0.972395462,-0.221266810,-0.057986995,-0.046103936
1789447196.205981970,0.140037742,-0.169477756,0.005505478,0.972514810,-0.217011785,-0.066998410,-0.051303446
1789447196.239317894,0.133315343,-0.170866097,0.002793897,0.973448487,-0.209050992,-0.073514228,-0.057370577
1789447196.272654772,0.126535276,-0.172240171,-0.000000345,0.973471864,-0.203416331,-0.085701570,-0.060245888
1789447196.305991650,0.119818224,-0.173359028,-0.002263802,0.972623599,-0.201322254,-0.097163064,-0.063498224
1789447196.339327574,0.113109097,-0.174276401,-0.003967110,0.971485448,-0.200888492,-0.106513193,-0.067192093
1789447196.372664452,0.106511096,-0.174949489,-0.005362395,0.970408824,-0.200135745,-0.114535461,-0.071652119
1789447196.406001568,0.100049072,-0.175268343,-0.006526748,0.969028677,-0.199853751,-0.123152764,-0.076650499
1789447196.439338446,0.093730733,-0.175119174,-0.007341465,0.966979039,-0.202311661,-0.130180757,-0.084110056
1789447196.472674370,0.087602708,-0.174862132,-0.007913033,0.965270224,-0.204016481,-0.135952671,-0.090263728
1789447196.506011009,0.081734720,-0.174548544,-0.008462490,0.963798745,-0.204691191,-0.142352358,-0.094494985
1789447196.539347887,0.075918290,-0.174058189,-0.009168979,0.961642753,-0.205853352,-0.152142358,-0.098591666
1789447196.572684765,0.070236586,-0.173472400,-0.009930073,0.960020820,-0.204970819,-0.159752971,-0.104047950
1789447196.606020451,0.064809876,-0.172776141,-0.010845269,0.958565278,-0.203851167,-0.165894081,-0.109892967
1789447196.639357090,0.059729248,-0.172184062,-0.011779429,0.957423650,-0.201071098,-0.172928987,-0.114043557
1789447196.672694206,0.055093307,-0.171594891,-0.012381885,0.956439988,-0.198884393,-0.178488774,-0.117512998
1789447196.706029892,0.050926613,-0.170784633,-0.012580392,0.955417149,-0.199847461,-0.180849232,-0.120551310
1789447196.739366531,0.047055243,-0.169919874,-0.012691041,0.954964572,-0.196171303,-0.184374286,-0.124762208
1789447196.772703171,0.043455462,-0.168859947,-0.012861403,0.954132628,-0.192424777,-0.189746020,-0.128841306
1789447196.806039810,0.039925329,-0.167679593,-0.012844143,0.952389064,-0.191890578,-0.196787682,-0.131938186
1789447196.839375496,0.036442835,-0.166390435,-0.012411611,0.950412861,-0.194924359,-0.199875704,-0.137002153
1789447196.872711897,0.032714299,-0.165273622,-0.012645669,0.946691608,-0.198470078,-0.210617913,-0.141508734
1789447196.906048536,0.029235063,-0.163644432,-0.014080251,0.937634091,-0.219298580,-0.227396025,-0.145056856
1789447196.939385176,0.026217516,-0.163773628,-0.014790621,0.939185797,-0.206584964,-0.230098338,-0.149356773
1789447196.972720623,0.022983993,-0.163674921,-0.015683008,0.937975034,-0.201408781,-0.236551338,-0.153885684
1789447197.006057262,0.019669031,-0.163256917,-0.016402647,0.935263570,-0.202070926,-0.242990501,-0.159389496
1789447197.039393902,0.016596123,-0.162769482,-0.016945087,0.932644219,-0.205475036,-0.247314785,-0.163677023
1789447197.072729349,0.013989384,-0.162501099,-0.017398009,0.931044301,-0.206779064,-0.250987906,-0.165541534
1789447197.106068850,0.011848681,-0.162335969,-0.017770422,0.929689178,-0.207863139,-0.254679476,-0.166160499
1789447197.139408350,0.009975124,-0.162177707,-0.018072578,0.928322388,-0.210031623,-0.258118765,-0.165767802
1789447197.172748089,0.008169788,-0.161896731,-0.018419266,0.926814917,-0.212554413,-0.261707423,-0.165360080
1789447197.206086636,0.006371391,-0.161340429,-0.018926478,0.925152441,-0.214680576,-0.265677593,-0.165591753
1789447197.239426374,0.004596379,-0.160495626,-0.019506620,0.924146827,-0.215118378,-0.267756029,-0.167282498
1789447197.272766113,0.002727922,-0.159505902,-0.020163814,0.922958475,-0.216108839,-0.269570686,-0.169635690
1789447197.306104660,0.000772009,-0.158672926,-0.020917498,0.921426019,-0.217675896,-0.272112553,-0.171889658
1789447197.339444399,-0.001091476,-0.158165109,-0.021800737,0.920262747,-0.218651490,-0.274240178,-0.173494460
1789447197.372784138,-0.002719785,-0.157938001,-0.022782240,0.919736120,-0.218423913,-0.275610474,-0.174399917
1789447197.406123877,-0.004145374,-0.157887288,-0.023796850,0.919057773,-0.218135435,-0.278003777,-0.174538370
1789447197.439462423,-0.005282730,-0.157980393,-0.024538334,0.919035718,-0.217525186,-0.278258547,-0.175009498
1789447197.472802162,-0.006043728,-0.158305439,-0.024985951,0.919565189,-0.216627568,-0.277722372,-0.174191401
1789447197.506142139,-0.006346566,-0.158800052,-0.025068921,0.920364570,-0.215465595,-0.276698301,-0.173036661
1789447197.539481640,-0.006166062,-0.159417291,-0.024740195,0.921423460,-0.215787477,-0.273840346,-0.171540189
1789447197.572820663,-0.005527883,-0.160279019,-0.024211216,0.923026611,-0.215377459,-0.269638477,-0.170086793
1789447197.606160402,-0.004502863,-0.161465022,-0.023766969,0.924720085,-0.215331825,-0.263857914,-0.170011677
1789447197.639500141,-0.003072566,-0.163384066,-0.023527011,0.927610306,-0.214898592,-0.256022095,-0.166764509
1789447197.672838926,-0.001094581,-0.166017977,-0.023644640,0.931354510,-0.211963318,-0.249386310,-0.159551863
1789447197.706178665,0.001293138,-0.168840822,-0.023956301,0.935335157,-0.206676461,-0.244208060,-0.150981480
1789447197.739518642,0.003935943,-0.171062325,-0.023945904,0.939455146,-0.202665620,-0.234659080,-0.145896512
1789447197.772858620,0.006682067,-0.172433483,-0.023386940,0.943224056,-0.198877479,-0.223677228,-0.144029950
1789447197.806197405,0.009850083,-0.172927712,-0.022013464,0.946688780,-0.197610056,-0.210425219,-0.143009955
1789447197.839537382,0.013637212,-0.173144668,-0.019894437,0.950230078,-0.195390983,-0.198714201,-0.139276088
1789447197.872877121,0.018148425,-0.173260783,-0.017523972,0.952195769,-0.197105990,-0.192156981,-0.132469399
1789447197.906217337,0.023378852,-0.173789860,-0.015300678,0.953441317,-0.199960249,-0.187978690,-0.125018264
1789447197.939556122,0.029411719,-0.175383797,-0.013517917,0.956503424,-0.199462306,-0.178138990,-0.116543937
1789447197.972896099,0.035608984,-0.177819740,-0.012701980,0.959781843,-0.193850350,-0.171653920,-0.108516299
1789447198.006236076,0.041320662,-0.179834689,-0.012047765,0.961533256,-0.189354726,-0.169561158,-0.104151806
1789447198.039574862,0.046140527,-0.180701531,-0.010498848,0.961890558,-0.190798783,-0.166719027,-0.102796620
1789447198.072915077,0.050195850,-0.180590877,-0.008050760,0.961594735,-0.196011272,-0.162138676,-0.103083448
1789447198.106256247,0.053907834,-0.180089510,-0.005546872,0.961120853,-0.201231886,-0.158451164,-0.103177819
1789447198.139597893,0.057688739,-0.179728179,-0.003658645,0.961544940,-0.203893746,-0.152476607,-0.103002688
1789447198.172938347,0.061710042,-0.179961858,-0.002677062,0.963616947,-0.202723624,-0.140923166,-0.102402020
1789447198.206279516,0.065686687,-0.181004065,-0.002887811,0.966324803,-0.197662014,-0.131616408,-0.099112183
1789447198.239621162,0.069201185,-0.182301738,-0.004103549,0.967818885,-0.193572450,-0.130788684,-0.093544820
1789447198.272962332,0.071974330,-0.183232815,-0.005219015,0.968621824,-0.190803869,-0.131208250,-0.090277572
1789447198.306303024,0.073597154,-0.183350187,-0.005796332,0.968039380,-0.193143632,-0.131790524,-0.090700355
1789447198.339644194,0.074298590,-0.182998705,-0.005954536,0.967582073,-0.194256566,-0.131092538,-0.094149162
1789447198.372985840,0.074581467,-0.182582301,-0.005983206,0.967723655,-0.192386546,-0.130012264,-0.097954869
1789447198.406326532,0.074755479,-0.182385624,-0.005761836,0.967920219,-0.191147856,-0.129573647,-0.099013211
1789447198.439667702,0.074869427,-0.182674531,-0.005016808,0.967965772,-0.191205415,-0.130345178,-0.097431452
1789447198.473009348,0.074896396,-0.183570487,-0.003625536,0.968029265,-0.191652888,-0.130853508,-0.095214877
1789447198.506350756,0.074909118,-0.185143636,-0.001671806,0.968543193,-0.191462900,-0.128837307,-0.093096669
1789447198.539691448,0.074915190,-0.187393738,0.000587852,0.969504638,-0.189589300,-0.126106859,-0.090629540
1789447198.573032856,0.074786592,-0.190141046,0.003014860,0.970052620,-0.187515973,-0.127106194,-0.087633834
1789447198.606374502,0.074571295,-0.193110873,0.005804641,0.970053694,-0.187892096,-0.128659987,-0.084492598
1789447198.639715195,0.074251289,-0.196269737,0.009023784,0.970427175,-0.186449154,-0.128591399,-0.083498877
1789447198.673056602,0.073801861,-0.199348396,0.012513594,0.970521543,-0.185845807,-0.128846435,-0.083353865
1789447198.706398249,0.073358163,-0.202254013,0.016365114,0.970492997,-0.186047602,-0.129092448,-0.082853925
1789447198.739739656,0.072936636,-0.204928633,0.020658924,0.970521280,-0.186951551,-0.128228893,-0.081822455
1789447198.773080349,0.072486701,-0.207441642,0.025292519,0.970633042,-0.187592903,-0.127550621,-0.080070210
1789447198.806421757,0.072057895,-0.209761537,0.030038721,0.970438818,-0.189714810,-0.127378793,-0.077662304
1789447198.839763403,0.071705369,-0.212039892,0.034664974,0.970745044,-0.190092532,-0.126046231,-0.075041562
1789447198.873105288,0.071345415,-0.214128620,0.038889548,0.970900392,-0.189489352,-0.126347171,-0.074044626
1789447198.906445742,0.071052604,-0.216046650,0.042951785,0.971599304,-0.186697383,-0.125926383,-0.072673412
1789447198.939787388,0.070579283,-0.217422157,0.046915918,0.971227331,-0.187346800,-0.128065367,-0.072235105
1789447198.973129034,0.069868206,-0.218317954,0.051059869,0.970433924,-0.189185917,-0.131120025,-0.072623866
1789447199.006469727,0.068992709,-0.218687612,0.055491487,0.969711467,-0.191539283,-0.131983873,-0.074515983
1789447199.039811611,0.068037289,-0.218540153,0.059864085,0.968587277,-0.196790915,-0.131481329,-0.076319613
1789447199.073153019,0.067126692,-0.218485695,0.064035172,0.969021987,-0.194475924,-0.130922184,-0.077684528
1789447199.106492281,0.066288719,-0.218192816,0.068062408,0.969200733,-0.193523214,-0.129891011,-0.079542625
1789447199.139830351,0.065433174,-0.217794841,0.072057690,0.969063198,-0.194410556,-0.128464118,-0.081351243
1789447199.173169613,0.064583290,-0.217398119,0.076098807,0.968919022,-0.195796709,-0.127374109,-0.081458053
1789447199.206508875,0.063684639,-0.216861151,0.080106370,0.968197985,-0.198936849,-0.127550569,-0.082144043
1789447199.239847898,0.062773283,-0.216253787,0.084239722,0.967778082,-0.201216212,-0.125753687,-0.084283036
1789447199.273185968,0.061776519,-0.215628354,0.088479973,0.967077780,-0.205003882,-0.124502870,-0.085047116
1789447199.306525230,0.060756696,-0.214880250,0.092528374,0.965498121,-0.211442923,-0.125577599,-0.085647738
1789447199.339864254,0.059948135,-0.214144198,0.096379367,0.964687281,-0.213670857,-0.126135035,-0.088392124
1789447199.373202324,0.059459599,-0.213352181,0.100242785,0.964382773,-0.216014970,-0.124269514,-0.088659393
1789447199.406541586,0.059078266,-0.212524409,0.104117641,0.964074541,-0.217916180,-0.123532757,-0.088388214
1789447199.439880610,0.058778120,-0.211669421,0.108074162,0.963921760,-0.219978060,-0.122215675,-0.086763029
1789447199.473219633,0.058441019,-0.210773761,0.111828182,0.963412692,-0.223257252,-0.121311818,-0.085297288
1789447199.506557941,0.058021273,-0.209962310,0.115219219,0.963115517,-0.225472297,-0.119715410,-0.085082111
1789447199.539896965,0.057204589,-0.208670571,0.117826100,0.959550366,-0.236084872,-0.125064307,-0.088802856
1789447199.573235989,0.056537893,-0.207872563,0.120558939,0.959330224,-0.237042744,-0.123617140,-0.090636978
1789447199.606575251,0.055698564,-0.206964036,0.122966681,0.958691104,-0.238901980,-0.123804334,-0.092248028
1789447199.639913082,0.054782046,-0.205943395,0.125107078,0.957908924,-0.241216565,-0.123784308,-0.094353104
1789447199.673252106,0.053841359,-0.204979790,0.126881162,0.957498950,-0.242121593,-0.123815850,-0.096138079
1789447199.706591368,0.053001404,-0.204091230,0.128205397,0.957378229,-0.242530522,-0.123529413,-0.096676561
1789447199.739929438,0.052255031,-0.203261261,0.129180576,0.957430081,-0.242523567,-0.123781198,-0.095854969
1789447199.773268461,0.051481538,-0.202394631,0.130074166,0.957411126,-0.242443937,-0.124581938,-0.095206168
1789447199.806607723,0.050679357,-0.201419973,0.131040206,0.957233759,-0.243214206,-0.124646711,-0.094939865
1789447199.839946508,0.049943458,-0.200306781,0.131958720,0.956687404,-0.245411050,-0.124793595,-0.094600141
1789447199.873284578,0.049383630,-0.199178682,0.132750795,0.956277743,-0.247096427,-0.124504741,-0.094735443
1789447199.906623840,0.048986351,-0.198109972,0.133356494,0.955812618,-0.248972380,-0.124135399,-0.095002088
1789447199.939962864,0.048727732,-0.197224644,0.133770887,0.955572264,-0.249941793,-0.123863204,-0.095229481
1789447199.973300695,0.048568346,-0.196571057,0.133879465,0.955310610,-0.250717961,-0.124251899,-0.095307965
1789447200.006639957,0.048474714,-0.196184929,0.133598943,0.955352914,-0.250120151,-0.124858494,-0.095661256
1789447200.039978981,0.048406644,-0.195856375,0.133002075,0.955369945,-0.249427822,-0.125280705,-0.096740760
1789447200.073317766,0.048355057,-0.195437444,0.132369154,0.955316843,-0.249071203,-0.125004032,-0.098525411
1789447200.106653690,0.048369394,-0.194891128,0.131817155,0.954942821,-0.249477168,-0.126055191,-0.099776949
1789447200.139990568,0.048717342,-0.194314074,0.131432023,0.954884194,-0.249690771,-0.125949897,-0.099936569
1789447200.173327446,0.049492540,-0.193862659,0.131132124,0.955220952,-0.249544301,-0.124297268,-0.099150211
1789447200.206664085,0.050625210,-0.193660747,0.130859958,0.955828443,-0.248856465,-0.122579484,-0.097142773
1789447200.239999771,0.051994493,-0.193645296,0.130605328,0.956142091,-0.249687617,-0.120895274,-0.093982595
1789447200.273336411,0.053411003,-0.193851327,0.130285846,0.956405164,-0.250076257,-0.119513031,-0.092019905
1789447200.306673050,0.054706955,-0.194270793,0.129744287,0.956396547,-0.250616067,-0.119021425,-0.091275033
1789447200.340008736,0.055978506,-0.194954168,0.128804625,0.956366175,-0.251350287,-0.118302416,-0.090505866
1789447200.373345375,0.057236980,-0.196050071,0.127267429,0.956848606,-0.249779900,-0.119145920,-0.088628420
1789447200.406682014,0.058537399,-0.197384127,0.125312716,0.957465776,-0.247630839,-0.119277694,-0.087812800
1789447200.440018654,0.059847118,-0.198896262,0.123178354,0.958100756,-0.245604741,-0.118806001,-0.087214605
1789447200.473354340,0.061209932,-0.200519391,0.120915929,0.958629377,-0.243678561,-0.119352818,-0.086054526
1789447200.506690979,0.062750042,-0.202092114,0.118561863,0.958846566,-0.243243257,-0.119825409,-0.084189390
1789447200.540027380,0.064525143,-0.203622402,0.116052656,0.959368208,-0.242200916,-0.119274625,-0.082005614
1789447200.573364019,0.066625930,-0.204951557,0.113270880,0.960130287,-0.240703461,-0.117678618,-0.079771036
1789447200.606699467,0.069071867,-0.205920381,0.110238402,0.961032917,-0.239372165,-0.116403515,-0.074611802
1789447200.640035868,0.071677184,-0.206354885,0.106991429,0.961383340,-0.239462224,-0.117241161,-0.068223360
1789447200.673372269,0.074256307,-0.206320457,0.103524510,0.961422556,-0.239971282,-0.118032713,-0.064410641
1789447200.706707716,0.076791526,-0.206014021,0.099793026,0.961972989,-0.239087292,-0.115979668,-0.063197721
1789447200.740044117,0.079167924,-0.205544922,0.095683457,0.962582333,-0.237388185,-0.115024775,-0.062059678
1789447200.773380518,0.081379360,-0.204932679,0.091395106,0.962999454,-0.235915610,-0.115478548,-0.060337240
1789447200.806717157,0.083344816,-0.204249355,0.087109076,0.963229753,-0.234878328,-0.116316185,-0.059086036
1789447200.840052605,0.085117573,-0.203567518,0.082661738,0.963295856,-0.234411034,-0.116984326,-0.058542540
1789447200.873389006,0.086785563,-0.202890468,0.077798608,0.963358048,-0.233581128,-0.118555848,-0.057668357
1789447200.906725168,0.088224591,-0.202229326,0.072569506,0.963716380,-0.230306931,-0.122827915,-0.055881664
1789447200.940061569,0.089417359,-0.201168418,0.067272329,0.963935670,-0.227804514,-0.125909128,-0.055497916
1789447200.973396778,0.090251018,-0.199526855,0.062002216,0.963735253,-0.227153282,-0.128520435,-0.055661897
1789447201.006733179,0.090649800,-0.197220925,0.056715833,0.962253101,-0.230317577,-0.133214792,-0.057241607
1789447201.040069342,0.090749052,-0.194783946,0.051614541,0.961429334,-0.230445942,-0.137428004,-0.060513193
1789447201.073404551,0.090897663,-0.192321768,0.046740956,0.961268803,-0.229841683,-0.138154379,-0.063627486
1789447201.106742859,0.091197945,-0.189840807,0.041869438,0.960419101,-0.232004947,-0.139669730,-0.065278032
1789447201.140081167,0.091678125,-0.187706248,0.037082426,0.960123602,-0.231518119,-0.142237726,-0.065806217
1789447201.173419476,0.092358205,-0.185846695,0.032545796,0.960405912,-0.230257876,-0.141941719,-0.066740869
1789447201.206756592,0.093097266,-0.184302495,0.028191820,0.960518409,-0.229587778,-0.141593659,-0.068154779
1789447201.240094662,0.093947369,-0.183209663,0.024034018,0.960683740,-0.228381405,-0.142153557,-0.068709914
1789447201.273433208,0.094986215,-0.182509974,0.020230488,0.960773547,-0.227900070,-0.143083117,-0.067104183
1789447201.306770325,0.096375071,-0.181791929,0.016821466,0.959333281,-0.234671668,-0.142966460,-0.064571319
1789447201.340108395,0.097970154,-0.181599750,0.013682409,0.959239337,-0.236192071,-0.142492868,-0.061392036
1789447201.373446703,0.099610098,-0.181597409,0.010705558,0.960057659,-0.233812361,-0.141701626,-0.059512362
1789447201.406785011,0.101198378,-0.181385197,0.008271614,0.960915481,-0.231021264,-0.140618721,-0.059135345
1789447201.440122128,0.102635852,-0.180794657,0.006790665,0.961413845,-0.229213828,-0.139875009,-0.059828267
1789447201.473460436,0.103802703,-0.179981333,0.006343851,0.961801797,-0.227042325,-0.140312579,-0.060839674
1789447201.506798506,0.104766623,-0.178974171,0.006676156,0.961372500,-0.228513883,-0.140507910,-0.061659129
1789447201.540137053,0.105568955,-0.178190643,0.007327979,0.960920570,-0.230769926,-0.139951343,-0.061567215
1789447201.573474169,0.106084528,-0.178075753,0.007836441,0.961292697,-0.229254153,-0.140424239,-0.060331730
1789447201.606812477,0.106108763,-0.178617972,0.007954120,0.961723743,-0.226953030,-0.141324157,-0.060060356
1789447201.640150547,0.105325130,-0.179774893,0.007602838,0.961730025,-0.225486702,-0.143171035,-0.061099591
1789447201.673487902,0.103505385,-0.181447732,0.006749867,0.961335053,-0.223966214,-0.146932306,-0.063913603
1789447201.706826210,0.100588662,-0.183601886,0.005418052,0.961303842,-0.218630710,-0.152917833,-0.068641629
1789447201.740164280,0.096913207,-0.185560167,0.003849118,0.960434586,-0.217736003,-0.156152163,-0.075979867
1789447201.773502588,0.092456983,-0.187529399,0.002119097,0.958960851,-0.215937775,-0.163604020,-0.083658159
1789447201.806839943,0.087669059,-0.189326362,0.000671005,0.956625481,-0.216568141,-0.173391844,-0.088888684
1789447201.840178251,0.082819658,-0.190659709,-0.000326305,0.952896767,-0.222460713,-0.184038224,-0.092891953
1789447201.873516321,0.078145393,-0.191576048,-0.000887790,0.949441918,-0.230585042,-0.190508623,-0.095378444
1789447201.906854391,0.073588705,-0.192162084,-0.001565544,0.946934756,-0.234692167,-0.195444629,-0.100177604
1789447201.940191984,0.069166841,-0.192407974,-0.002482160,0.945171249,-0.236466115,-0.199332524,-0.104888658
1789447201.973530054,0.064583946,-0.192548446,-0.003571932,0.943990126,-0.232185534,-0.206369333,-0.111284400
1789447202.006868362,0.059953870,-0.192238642,-0.004652497,0.941872063,-0.232321270,-0.212671241,-0.116939250
1789447202.040205479,0.055238796,-0.191508730,-0.005903591,0.938224295,-0.235930696,-0.220814977,-0.123744190
1789447202.073544025,0.050654736,-0.190882056,-0.006906258,0.937118682,-0.232491491,-0.225141935,-0.130642227
1789447202.106881857,0.046166399,-0.189951213,-0.007980910,0.934931948,-0.232163463,-0.230592677,-0.137220248
1789447202.140219688,0.041846320,-0.188893767,-0.008973660,0.931932058,-0.234134269,-0.237944071,-0.141655926
1789447202.173556566,0.037720693,-0.187662739,-0.009746791,0.928610496,-0.236204051,-0.245843957,-0.146461401
1789447202.206894636,0.033792679,-0.186202724,-0.010352727,0.925715487,-0.238700635,-0.251669542,-0.150782246
1789447202.240232468,0.030342121,-0.185235521,-0.010275028,0.929327943,-0.226908378,-0.246192133,-0.155729239
1789447202.273570299,0.026858428,-0.183755917,-0.011094113,0.926592030,-0.231321084,-0.251092476,-0.157703311
1789447202.306906939,0.023654660,-0.182640170,-0.011700710,0.925615303,-0.230751686,-0.253055292,-0.161099314
1789447202.340244770,0.020631987,-0.181728691,-0.012317520,0.923990331,-0.232794348,-0.255682611,-0.163325018
1789447202.373582840,0.017756813,-0.181082674,-0.012952205,0.922162538,-0.235693714,-0.258892096,-0.164437253
1789447202.406919718,0.015041773,-0.180671233,-0.013623046,0.920643489,-0.237801865,-0.261772054,-0.165351840
1789447202.440257549,0.012437584,-0.180425319,-0.014495966,0.919101138,-0.238669283,-0.265651204,-0.166491767
1789447202.473595381,0.009981204,-0.180319398,-0.015493044,0.918437745,-0.238361674,-0.267204040,-0.168100629
1789447202.506933212,0.007544285,-0.180369983,-0.016758792,0.917826742,-0.237072497,-0.269594666,-0.169438537
1789447202.540270090,0.005111523,-0.180404093,-0.018164156,0.916920227,-0.235431881,-0.272721750,-0.171615774
1789447202.573607922,0.002707258,-0.180302074,-0.019496674,0.915655010,-0.235283921,-0.275662875,-0.173860167
1789447202.606945515,0.000400069,-0.180092520,-0.020613449,0.914665608,-0.235467319,-0.277706488,-0.175559319
1789447202.640282393,-0.001726111,-0.179777334,-0.021671214,0.913318086,-0.236028697,-0.280838347,-0.176834246
1789447202.673620462,-0.003565633,-0.179297889,-0.022656325,0.911873204,-0.236995974,-0.283724664,-0.178382969
1789447202.706958055,-0.005112267,-0.178679218,-0.023412179,0.911065427,-0.237001255,-0.284878215,-0.180650477
1789447202.740295887,-0.006445315,-0.178093173,-0.023880610,0.910312364,-0.238751555,-0.285403407,-0.181311857
1789447202.773632526,-0.007611407,-0.177860405,-0.024144818,0.909683377,-0.241151308,-0.287137007,-0.178534424
1789447202.806970358,-0.008670412,-0.177983809,-0.024253353,0.909645366,-0.242283182,-0.288987900,-0.174155564
1789447202.840308189,-0.009877413,-0.178286140,-0.024159282,0.910496589,-0.241187336,-0.289200611,-0.170843898
1789447202.873646021,-0.011597464,-0.178567186,-0.023896278,0.910896074,-0.240824473,-0.288742071,-0.169999800
1789447202.906982660,-0.014000689,-0.178903239,-0.023418758,0.910592836,-0.241003199,-0.288822232,-0.171230439
1789447202.940320492,-0.016963413,-0.179331254,-0.022842967,0.909136917,-0.243981012,-0.290256703,-0.172320568
1789447202.973658085,-0.020300761,-0.180115474,-0.022220773,0.908210310,-0.244100890,-0.292093032,-0.173926562
1789447203.006994963,-0.023925193,-0.181217001,-0.021655882,0.907668218,-0.242959853,-0.293799424,-0.175473115
1789447203.040332794,-0.027938989,-0.182415365,-0.021073655,0.907084402,-0.240476285,-0.295630414,-0.178806327
1789447203.073670387,-0.032446972,-0.183465029,-0.020278713,0.905773494,-0.239236051,-0.297172583,-0.184469362
1789447203.107009411,-0.037419971,-0.184477303,-0.019337404,0.903733012,-0.237332813,-0.300474019,-0.191455329
1789447203.140347719,-0.042523800,-0.185541937,-0.018237851,0.902064240,-0.235734673,-0.302752570,-0.197611115
1789447203.173686743,-0.047685246,-0.186773165,-0.017146941,0.900728312,-0.232394942,-0.305897509,-0.202750618
1789447203.207025766,-0.052897439,-0.188021306,-0.015985701,0.899306998,-0.230199112,-0.308276660,-0.207896114
1789447203.240365028,-0.058242934,-0.189315272,-0.014706941,0.898131794,-0.226837535,-0.310056999,-0.213936138
1789447203.273703098,-0.063688793,-0.190654638,-0.013427536,0.896665213,-0.223725230,-0.313114041,-0.218856382
1789447203.307042122,-0.069045248,-0.191937370,-0.011944203,0.895599687,-0.221408191,-0.314498566,-0.223540301
1789447203.340381384,-0.074403403,-0.193108158,-0.010202282,0.894353065,-0.220725895,-0.315588696,-0.227632267
1789447203.373719454,-0.079702445,-0.194182632,-0.007902163,0.894100716,-0.221468971,-0.312231368,-0.232480058
1789447203.407058477,-0.084907011,-0.195302027,-0.005161004,0.895892594,-0.221666093,-0.304720586,-0.235342233
1789447203.440397739,-0.089924180,-0.196251070,-0.002484401,0.897286802,-0.222045964,-0.299778644,-0.236018536
1789447203.473736763,-0.094748914,-0.196735796,-0.000152261,0.896418934,-0.222092193,-0.301841178,-0.236643312
1789447203.507074833,-0.099541081,-0.196625986,0.002092424,0.894651377,-0.222889288,-0.305404032,-0.238007682
1789447203.540414095,-0.104497873,-0.195877801,0.004351232,0.892374223,-0.225992735,-0.306725364,-0.241898908
1789447203.573753119,-0.109599101,-0.194845097,0.006448420,0.890210810,-0.228495397,-0.307609260,-0.246355659
1789447203.607092142,-0.114527822,-0.193721833,0.008274584,0.888174752,-0.229968737,-0.308223529,-0.251511920
1789447203.640430212,-0.119206707,-0.192746379,0.009968053,0.886834975,-0.227164410,-0.309399256,-0.257278367
1789447203.673769236,-0.123684064,-0.191817396,0.011851263,0.885488304,-0.223683669,-0.310879701,-0.263115738
1789447203.707108498,-0.127982148,-0.190729663,0.014105479,0.883221358,-0.225364105,-0.311998067,-0.267933311
1789447203.740446568,-0.132111952,-0.189700096,0.016864120,0.881554253,-0.224725203,-0.313354688,-0.272340817
1789447203.773785353,-0.135930578,-0.188414773,0.019963457,0.878815673,-0.227943124,-0.314954702,-0.276637815
1789447203.807124615,-0.139566781,-0.187038088,0.023397246,0.876704783,-0.227996964,-0.315204839,-0.282934652
1789447203.840463638,-0.142932657,-0.185568097,0.026650638,0.875007889,-0.231361299,-0.314998355,-0.285673206
1789447203.873801708,-0.145761972,-0.184073245,0.029474540,0.873695138,-0.232580243,-0.314859038,-0.288837362
1789447203.907140970,-0.148095379,-0.182715095,0.032107987,0.873609174,-0.228381505,-0.314354349,-0.292967990
1789447203.940479755,-0.150037005,-0.181275129,0.034593692,0.872745881,-0.227553574,-0.314702851,-0.295797420
1789447203.973817825,-0.151653565,-0.180072162,0.037499853,0.874224282,-0.221916328,-0.311217930,-0.299380105
1789447204.007157087,-0.153073146,-0.178920613,0.040222787,0.873481255,-0.223250526,-0.312450481,-0.299273114
1789447204.040495872,-0.154286970,-0.178048710,0.043245785,0.873599472,-0.223793124,-0.313040451,-0.297903132
1789447204.073834896,-0.155417179,-0.177291877,0.046560977,0.873964525,-0.225530102,-0.312154965,-0.296448072
1789447204.107171059,-0.156637136,-0.176545641,0.049923523,0.873439492,-0.229045069,-0.312451558,-0.294984462
1789447204.140508652,-0.157799572,-0.175753152,0.053214081,0.873196275,-0.231844976,-0.312459969,-0.293504584
1789447204.173845768,-0.158843800,-0.174850466,0.056335738,0.873644276,-0.233249886,-0.311826584,-0.291726501
1789447204.207182884,-0.159858777,-0.173736910,0.059263418,0.873781372,-0.235750002,-0.311181393,-0.289989984
1789447204.240519047,-0.160910633,-0.172359764,0.061965005,0.873122598,-0.240041228,-0.311165984,-0.288466409
1789447204.273856163,-0.161972978,-0.170820342,0.064654375,0.873507685,-0.243047627,-0.308950301,-0.287161779
1789447204.307193279,-0.163028453,-0.169102537,0.067115638,0.873681157,-0.245446323,-0.307211080,-0.286458882
1789447204.340529442,-0.164015477,-0.167246347,0.069245479,0.873523787,-0.247863032,-0.306211325,-0.285927851
1789447204.373866796,-0.164885765,-0.165271135,0.070961562,0.873605149,-0.249737050,-0.304711899,-0.285650325
1789447204.407203913,-0.165640082,-0.163155797,0.072317493,0.874600627,-0.249957969,-0.300707822,-0.286652338
1789447204.440540791,-0.166489343,-0.160966045,0.073244714,0.874579285,-0.249799946,-0.298907447,-0.288730669
1789447204.473876953,-0.167403435,-0.158708009,0.073967575,0.872902380,-0.252455813,-0.298559011,-0.291839023
1789447204.507214069,-0.168297639,-0.156653436,0.074544285,0.871142452,-0.255168080,-0.299074858,-0.294201136
1789447204.540550947,-0.168959196,-0.154913839,0.074912444,0.870153482,-0.256297656,-0.298944415,-0.296271269
1789447204.573888302,-0.169322428,-0.153521762,0.075003715,0.869577873,-0.256319245,-0.298867755,-0.298014821
1789447204.607224226,-0.169496649,-0.152491519,0.075012377,0.869446357,-0.256557690,-0.298622770,-0.298438644
1789447204.640561104,-0.169606760,-0.151712736,0.075076086,0.869085644,-0.258153740,-0.298259316,-0.298476414
1789447204.673898220,-0.169650848,-0.151263092,0.075048166,0.868701937,-0.259632713,-0.298625351,-0.297944122
1789447204.707234144,-0.169473027,-0.151222036,0.074736731,0.868883174,-0.259856359,-0.299033338,-0.296809309
1789447204.740571022,-0.169027292,-0.151539537,0.074069948,0.869592112,-0.258940649,-0.298713786,-0.295853634
1789447204.773907900,-0.168397337,-0.152145781,0.072997829,0.869991030,-0.258789497,-0.298748328,-0.294776254
1789447204.807244778,-0.167597102,-0.153155282,0.071528402,0.870524511,-0.257694484,-0.299360855,-0.293536550
1789447204.840580702,-0.166571659,-0.154596332,0.069492371,0.870777967,-0.255637823,-0.301436079,-0.292457390
1789447204.873917818,-0.165170387,-0.156408516,0.066973455,0.871437203,-0.253225488,-0.301740392,-0.292278618
1789447204.907254696,-0.163273137,-0.158586508,0.064171963,0.873864745,-0.248609074,-0.297909504,-0.292922965
1789447204.940591574,-0.161074914,-0.161061075,0.060945965,0.875890028,-0.242515291,-0.297228373,-0.292674372
1789447204.973927498,-0.158499741,-0.163578879,0.057761528,0.875930476,-0.240646987,-0.298828809,-0.292465677
1789447205.007264376,-0.155549620,-0.166381314,0.055027979,0.876645283,-0.238897026,-0.300202730,-0.290343898
1789447205.040601015,-0.152093504,-0.169445217,0.052613000,0.878422269,-0.237081440,-0.300701042,-0.285911860
1789447205.073936939,-0.148179374,-0.172667562,0.050261744,0.879991573,-0.234942348,-0.302903588,-0.280475207
1789447205.107275009,-0.143917040,-0.175853193,0.048149857,0.881998983,-0.231409732,-0.303593803,-0.276329754
1789447205.140612602,-0.139583976,-0.178803290,0.046297457,0.883412058,-0.228977634,-0.304551385,-0.272765162
1789447205.173950434,-0.135164704,-0.181455793,0.044860785,0.884056470,-0.228915847,-0.305420741,-0.269740362
1789447205.207287073,-0.130542384,-0.183978791,0.043837051,0.885446843,-0.228496427,-0.305476442,-0.265438156
1789447205.240624905,-0.125684202,-0.186485013,0.043085442,0.887923150,-0.226108229,-0.304616686,-0.260146542
1789447205.273962975,-0.120742025,-0.189003059,0.042500933,0.890437822,-0.224146775,-0.303208646,-0.254839605
1789447205.307299614,-0.115884129,-0.191591282,0.042090566,0.892930951,-0.222645896,-0.300809000,-0.250234025
1789447205.340637445,-0.111137950,-0.194301712,0.041746640,0.895234695,-0.221506764,-0.298452140,-0.245796489
1789447205.373975039,-0.106336061,-0.197183779,0.041388987,0.897751626,-0.221365901,-0.295511785,-0.240233098
1789447205.407312870,-0.101519690,-0.200226864,0.040854826,0.900200803,-0.220146773,-0.294563638,-0.233251314
1789447205.440649748,-0.096673089,-0.203148692,0.040476612,0.903244971,-0.217610878,-0.291231502,-0.227987370
1789447205.473987579,-0.092022423,-0.205739960,0.040219721,0.905605685,-0.216305440,-0.288108263,-0.223794391
1789447205.507325172,-0.087655053,-0.207995327,0.040174618,0.907574356,-0.215290776,-0.285946217,-0.219530022
1789447205.540663004,-0.083556152,-0.209802152,0.040481158,0.909363388,-0.214707180,-0.283667378,-0.215619746
1789447205.573999643,-0.079842620,-0.211089780,0.041151808,0.910743336,-0.214350858,-0.281886648,-0.212462241
1789447205.607337475,-0.076605747,-0.211784547,0.042154231,0.911263362,-0.216006364,-0.280512110,-0.210364662
1789447205.640675306,-0.073861013,-0.212085172,0.043489719,0.911813924,-0.216060085,-0.279463806,-0.209316481
1789447205.674011946,-0.071588638,-0.212021573,0.045222632,0.912538518,-0.216802094,-0.277597029,-0.207870619
1789447205.707349539,-0.069916739,-0.211615670,0.047460868,0.913200744,-0.217192659,-0.275226016,-0.207707462
1789447205.740687609,-0.068930477,-0.210895263,0.050237062,0.913251773,-0.218941253,-0.273620904,-0.207767967
1789447205.774025202,-0.068626598,-0.209954828,0.053456656,0.912754353,-0.221566233,-0.273207620,-0.207714931
1789447205.807361841,-0.068806021,-0.208916705,0.057116210,0.912785633,-0.223119141,-0.270585365,-0.209341341
1789447205.840699673,-0.069369396,-0.207960161,0.060866425,0.912899994,-0.225678120,-0.268045878,-0.209366651
1789447205.874037266,-0.070178596,-0.207183108,0.064601964,0.913366183,-0.226532204,-0.265781346,-0.209297999
1789447205.907375097,-0.071278378,-0.206450195,0.068244037,0.913195574,-0.227858037,-0.265229696,-0.209303052
1789447205.940711737,-0.072632343,-0.205593923,0.071952616,0.912725840,-0.230115096,-0.264048258,-0.210373717
1789447205.974049330,-0.074271328,-0.204682179,0.075738195,0.912571628,-0.231485957,-0.262578949,-0.211375425
1789447206.007387161,-0.076111301,-0.203681965,0.079460025,0.912018572,-0.234408130,-0.261684141,-0.211651516
1789447206.040723801,-0.078043178,-0.202647981,0.083034826,0.911242447,-0.235999134,-0.262001096,-0.212831005
1789447206.074061632,-0.079983099,-0.201591218,0.086490154,0.910558541,-0.236459937,-0.262528217,-0.214589787
1789447206.107398510,-0.081999463,-0.200447764,0.089734238,0.909282037,-0.237058055,-0.264591335,-0.216797329
1789447206.140735388,-0.083961780,-0.199207442,0.092977080,0.908032428,-0.239838799,-0.265182615,-0.218249036
1789447206.174071312,-0.085883480,-0.198121787,0.095926283,0.906415580,-0.242487797,-0.269149536,-0.217184236
1789447206.207408190,-0.087509029,-0.197066013,0.098814351,0.906258614,-0.243355436,-0.269405245,-0.216550848
1789447206.240745068,-0.089182593,-0.195813130,0.101602201,0.906047822,-0.243872205,-0.268880547,-0.217501595
1789447206.274081945,-0.091005420,-0.194268125,0.104529598,0.905442706,-0.246855093,-0.267308976,-0.218590898
1789447206.307417870,-0.092891081,-0.192598589,0.107454533,0.904363347,-0.250801759,-0.267306306,-0.218569790
1789447206.340754986,-0.094614884,-0.190859170,0.110258414,0.903461103,-0.253893570,-0.266814618,-0.219330914
1789447206.374091864,-0.096153229,-0.189110290,0.112949089,0.903321929,-0.255804666,-0.264486164,-0.220500644
1789447206.407427549,-0.097724273,-0.187307389,0.115258887,0.902153668,-0.257745872,-0.266108227,-0.221070660
1789447206.440764427,-0.099203724,-0.185196425,0.117433110,0.901059068,-0.258823332,-0.267335618,-0.222788480
1789447206.474101067,-0.100431768,-0.182584802,0.119740827,0.901815389,-0.258144927,-0.262042397,-0.226768566
1789447206.507437944,-0.101698071,-0.179630046,0.121704633,0.901400249,-0.257380815,-0.260678651,-0.230823197
1789447206.540773630,-0.102839369,-0.176543070,0.123636924,0.899733152,-0.262186100,-0.260982118,-0.231575125
1789447206.574110270,-0.103907438,-0.173728343,0.125605947,0.898221027,-0.265403815,-0.262394610,-0.232182839
1789447206.607447147,-0.104864887,-0.171160480,0.127223434,0.895918013,-0.271044902,-0.264399373,-0.232289791
1789447206.640783072,-0.105526250,-0.169136586,0.128831153,0.896838820,-0.270353192,-0.260553604,-0.233882668
1789447206.674119711,-0.106128036,-0.167422450,0.129878222,0.896537338,-0.271683268,-0.260218467,-0.233870377
1789447206.707456350,-0.106668731,-0.165981165,0.130639114,0.896287476,-0.272830778,-0.260318583,-0.233380296
1789447206.740792990,-0.107222538,-0.164677467,0.131199653,0.896240005,-0.273964731,-0.259608067,-0.233025388
1789447206.774128675,-0.107862094,-0.163466023,0.131490101,0.895771745,-0.276079902,-0.258930306,-0.233083600
1789447206.807465315,-0.108563359,-0.162447728,0.131478842,0.895277124,-0.277873550,-0.257960166,-0.233926728
1789447206.840801716,-0.109393622,-0.161793826,0.131053863,0.894442907,-0.279941109,-0.258816594,-0.233706725
1789447206.874138355,-0.110347927,-0.161621189,0.130221408,0.893578450,-0.281600531,-0.260349363,-0.233317173
1789447206.907474041,-0.111428831,-0.161993716,0.128908975,0.893304912,-0.282090402,-0.260664596,-0.233420880
1789447206.940810442,-0.112836728,-0.163037144,0.126826411,0.893217246,-0.280409243,-0.263322105,-0.232798362
1789447206.974147320,-0.114523439,-0.164593484,0.123865908,0.893164744,-0.276735396,-0.267189812,-0.232988980
1789447207.007482767,-0.116400734,-0.166235099,0.120164959,0.893641296,-0.272429533,-0.267803967,-0.235517345
1789447207.040819168,-0.118643711,-0.167627938,0.115716868,0.893706134,-0.268205041,-0.268916241,-0.238829349
1789447207.074155807,-0.121200068,-0.168754060,0.110797161,0.893149980,-0.260571546,-0.274172486,-0.243341388
1789447207.107493162,-0.123683606,-0.169485679,0.106011820,0.893140597,-0.254286876,-0.276271855,-0.247612440
1789447207.140829563,-0.126195440,-0.169847302,0.101169267,0.891670549,-0.251304852,-0.280737124,-0.250910683
1789447207.174166918,-0.128536782,-0.169953103,0.096511057,0.889636856,-0.252326761,-0.283864717,-0.253571079
1789447207.207504511,-0.130609703,-0.170118154,0.091827403,0.887838129,-0.253402233,-0.287317705,-0.254910379
1789447207.240841866,-0.132444001,-0.170622526,0.086987292,0.888282228,-0.247424760,-0.291569022,-0.254407503
1789447207.274178028,-0.134084924,-0.170745458,0.081592129,0.885728606,-0.247972393,-0.298747841,-0.254448928
1789447207.307515383,-0.135756081,-0.170853990,0.076218465,0.884800714,-0.243324684,-0.303267857,-0.256806155
1789447207.340852737,-0.137389792,-0.170720510,0.070727110,0.883759460,-0.241577703,-0.305540382,-0.259334737
1789447207.374189138,-0.139061326,-0.170584237,0.065202070,0.883368025,-0.234971008,-0.308290655,-0.263451001
1789447207.407526255,-0.140689414,-0.170024490,0.059533729,0.880535921,-0.238501615,-0.312720828,-0.264535734
1789447207.440863848,-0.142352689,-0.169382745,0.054296785,0.878665526,-0.240593828,-0.315905007,-0.265076461
1789447207.474201202,-0.144024078,-0.168658470,0.049771011,0.878440732,-0.238818043,-0.315977226,-0.267331659
1789447207.507537365,-0.145918255,-0.167651029,0.045200325,0.874679663,-0.241493778,-0.323489570,-0.268273629
1789447207.540874720,-0.147786095,-0.166581126,0.041388766,0.873782562,-0.240170990,-0.325274028,-0.270219794
1789447207.574211836,-0.149598390,-0.165263867,0.037804897,0.872614261,-0.241395903,-0.325344112,-0.272806850
1789447207.607549429,-0.151450950,-0.163908976,0.034011430,0.870470480,-0.242331305,-0.328215878,-0.275374327
1789447207.640885592,-0.153248864,-0.162573219,0.029969254,0.867979545,-0.241369479,-0.332475498,-0.278948610
1789447207.674222946,-0.154861786,-0.161236490,0.025895096,0.866341917,-0.239676522,-0.334696958,-0.282815829
1789447207.707560062,-0.156387831,-0.159876818,0.021798199,0.864260291,-0.238989344,-0.338481119,-0.285252125
1789447207.740896225,-0.157878142,-0.158429943,0.017974928,0.862044757,-0.239247265,-0.342402888,-0.287053732
1789447207.774233341,-0.159276996,-0.156896354,0.014484511,0.860328139,-0.239375159,-0.344965930,-0.289021685
1789447207.807570696,-0.160555525,-0.155275169,0.011294205,0.859386010,-0.239063006,-0.345922772,-0.290932985
1789447207.840908051,-0.161786704,-0.153490508,0.008206667,0.857244386,-0.241267174,-0.348484432,-0.292371020
1789447207.874244213,-0.162991503,-0.151622374,0.005244089,0.855553406,-0.241973359,-0.350447851,-0.294386764
1789447207.907581329,-0.164168839,-0.149626849,0.002146178,0.853374902,-0.241970342,-0.352670765,-0.298035169
1789447207.940918446,-0.165298569,-0.147653431,-0.001038024,0.851190324,-0.241264602,-0.355200191,-0.301826518
1789447207.974254608,-0.166308257,-0.145790146,-0.004302132,0.849021641,-0.241075724,-0.358128849,-0.304612010
1789447208.007591724,-0.167209660,-0.144035556,-0.007555743,0.846871493,-0.240048499,-0.360997255,-0.308003855
1789447208.040928841,-0.168063625,-0.142363220,-0.010738036,0.844527999,-0.239191846,-0.364306041,-0.311192589
1789447208.074266195,-0.168825706,-0.140728707,-0.013761207,0.842052861,-0.240443325,-0.367286708,-0.313423774
1789447208.107602835,-0.169593138,-0.139390779,-0.016625305,0.839532267,-0.238415544,-0.373218264,-0.314724846
1789447208.140940666,-0.170197763,-0.138238464,-0.019292522,0.836006681,-0.238875703,-0.380582467,-0.314941605
1789447208.174278498,-0.170726256,-0.137278977,-0.021795468,0.831157171,-0.241037230,-0.390209873,-0.314348637
1789447208.207616568,-0.171227044,-0.136453169,-0.023986066,0.826859030,-0.242491867,-0.398267966,-0.314459007
1789447208.240953207,-0.171684671,-0.135628100,-0.026019840,0.822616207,-0.244462886,-0.403974415,-0.316773018
1789447208.274291039,-0.172177802,-0.134929413,-0.028031426,0.818418921,-0.245861497,-0.409227244,-0.319805655
1789447208.307628870,-0.172688631,-0.134465433,-0.029950516,0.815137335,-0.244304606,-0.414021280,-0.323191530
1789447208.340965748,-0.173085406,-0.134090661,-0.031668787,0.812889957,-0.243905120,-0.416046837,-0.326535205
1789447208.374303579,-0.173412729,-0.133759569,-0.033361043,0.810163591,-0.244485024,-0.418657964,-0.329526232
1789447208.407641411,-0.173653035,-0.133512662,-0.034950707,0.808379170,-0.242454503,-0.420953630,-0.332471009
1789447208.440979004,-0.173681844,-0.133222780,-0.036610208,0.806809984,-0.241359567,-0.422730428,-0.334816657
1789447208.474315882,-0.173545768,-0.132830943,-0.038267527,0.805967841,-0.240086355,-0.423101545,-0.337282468
1789447208.507653713,-0.173399878,-0.132242010,-0.040124143,0.803760591,-0.240017841,-0.425312092,-0.339808730
1789447208.540991545,-0.173406715,-0.131471511,-0.042083015,0.800345321,-0.240641505,-0.429498942,-0.342154484
1789447208.574329376,-0.173502853,-0.130489167,-0.044195389,0.794554261,-0.244417262,-0.435252441,-0.345686333
1789447208.607666016,-0.173572912,-0.129819831,-0.046072983,0.792599214,-0.243561805,-0.436888950,-0.348700700
1789447208.641003847,-0.173385508,-0.129515698,-0.048049057,0.791772076,-0.239253677,-0.438590598,-0.351415630
1789447208.674341440,-0.172995688,-0.129235074,-0.049974418,0.789833419,-0.238292058,-0.440800829,-0.353659009
1789447208.707678318,-0.172668550,-0.128814323,-0.051604650,0.787029940,-0.238340341,-0.443691884,-0.356251689
1789447208.741016150,-0.172475533,-0.128237367,-0.052936747,0.784580367,-0.237254122,-0.445827672,-0.359696840
1789447208.774353743,-0.172365769,-0.127607835,-0.054341146,0.782414239,-0.238526887,-0.447785579,-0.361138420
1789447208.807691574,-0.172283941,-0.126940351,-0.056117572,0.780188559,-0.237925531,-0.450104665,-0.363459824
1789447208.841028214,-0.172262908,-0.126107444,-0.058339428,0.778263011,-0.236152617,-0.451341811,-0.367190955
1789447208.874366045,-0.172396307,-0.125012976,-0.061099386,0.775608322,-0.234158204,-0.453241894,-0.371716899
1789447208.907703876,-0.172658196,-0.123617439,-0.064323739,0.771709747,-0.231504036,-0.456532297,-0.377423118
1789447208.941041470,-0.172970922,-0.121887014,-0.067819105,0.766785437,-0.228480302,-0.460472366,-0.384450317
1789447208.974378109,-0.173296913,-0.119897315,-0.071304085,0.761839510,-0.226729065,-0.464274261,-0.390696688
1789447209.007715702,-0.173592037,-0.117714917,-0.074595471,0.756846916,-0.225877442,-0.468433183,-0.395894531
1789447209.041053772,-0.173806338,-0.115367282,-0.077573843,0.752511970,-0.224964124,-0.470958529,-0.401640314
1789447209.074390411,-0.173899968,-0.112919208,-0.080421303,0.747781399,-0.224816725,-0.473442460,-0.407593739
1789447209.107730150,-0.173900067,-0.110562398,-0.083103425,0.744006701,-0.224674104,-0.475612590,-0.412029416
1789447209.141070127,-0.173727771,-0.108371525,-0.085689767,0.740450691,-0.225266790,-0.477897583,-0.415453424
1789447209.174409866,-0.173389279,-0.106398801,-0.088097912,0.737708935,-0.224775259,-0.479300813,-0.418965799
1789447209.207748890,-0.172887790,-0.104708526,-0.090259657,0.735800033,-0.223536922,-0.479986078,-0.422188253
1789447209.241088867,-0.172237123,-0.103301701,-0.092161373,0.733451696,-0.222973606,-0.481576132,-0.424753822
1789447209.274428606,-0.171572791,-0.102208877,-0.093532321,0.732137296,-0.222348147,-0.482326946,-0.426493842
1789447209.307767868,-0.170871141,-0.101481165,-0.094446565,0.731033699,-0.222938871,-0.483014666,-0.427299454
1789447209.341107845,-0.170058056,-0.101249598,-0.095016452,0.730555198,-0.223302654,-0.483602151,-0.427263370
1789447209.374447823,-0.169067989,-0.101468531,-0.095419324,0.730136191,-0.223431577,-0.484454891,-0.426946052
1789447209.407787800,-0.167990529,-0.102062252,-0.095700408,0.730226208,-0.223058737,-0.485099421,-0.426254661
1789447209.441127062,-0.166870062,-0.103010667,-0.095924689,0.730685367,-0.223256690,-0.485380670,-0.425042292
1789447209.474467039,-0.165771355,-0.104416061,-0.096196612,0.731474181,-0.223954192,-0.486501272,-0.422026722
1789447209.507807016,-0.164552875,-0.106299142,-0.096640281,0.732069543,-0.223480890,-0.489229851,-0.418072517
1789447209.541147232,-0.163095306,-0.108374613,-0.097194759,0.732545719,-0.221933694,-0.492547026,-0.414149288
1789447209.574486494,-0.161574911,-0.110210231,-0.097503614,0.734069819,-0.220098006,-0.493839618,-0.410878084
1789447209.607826710,-0.160071906,-0.111481372,-0.097698181,0.733362491,-0.221403486,-0.496000164,-0.408832229
1789447209.641166687,-0.158633434,-0.112348468,-0.097626591,0.733478662,-0.222274737,-0.496818313,-0.407154218
1789447209.674506187,-0.157050995,-0.113021207,-0.097515961,0.733980038,-0.222904970,-0.497354385,-0.405247200
1789447209.707846403,-0.155299723,-0.113674784,-0.097491318,0.734338855,-0.222754392,-0.498290420,-0.403526436
1789447209.741186619,-0.153429454,-0.114479821,-0.097529837,0.735259384,-0.222196221,-0.498150150,-0.402329349
1789447209.774526834,-0.151344932,-0.115832411,-0.097788973,0.737244063,-0.220278052,-0.497447457,-0.400618022
1789447209.807866096,-0.148832129,-0.118234626,-0.098574631,0.741186622,-0.214667565,-0.497311650,-0.396536694
1789447209.841206551,-0.145873408,-0.121451770,-0.100075413,0.743544314,-0.207936423,-0.501884958,-0.389892017
1789447209.874546766,-0.142869759,-0.124525185,-0.101842489,0.742237454,-0.204472647,-0.509531544,-0.384255259
1789447209.907887220,-0.140231133,-0.126927135,-0.103244447,0.742014980,-0.202189201,-0.512068159,-0.382517316
1789447209.941226482,-0.137836638,-0.128876226,-0.104494815,0.743423440,-0.197971019,-0.511808742,-0.382336077
1789447209.974567175,-0.135271424,-0.130646057,-0.105966047,0.742228054,-0.194703949,-0.515878527,-0.380863799
1789447210.007907391,-0.132554274,-0.132223676,-0.107251201,0.740582280,-0.192714847,-0.520699578,-0.378511326
1789447210.041246891,-0.129941899,-0.133462926,-0.108180951,0.740653673,-0.190689834,-0.522532045,-0.376868393
1789447210.074587345,-0.127504252,-0.134168720,-0.109036645,0.739021368,-0.191015888,-0.524584914,-0.377055720
1789447210.107926369,-0.125209863,-0.134467755,-0.109782618,0.736906811,-0.192117607,-0.526048109,-0.378592874
1789447210.141265392,-0.122858729,-0.134698394,-0.110551444,0.736366556,-0.190091786,-0.525925705,-0.380830095
1789447210.174603224,-0.120312818,-0.134997367,-0.111610232,0.734789010,-0.187925287,-0.527539247,-0.382716005
1789447210.207942247,-0.117728678,-0.135289521,-0.112699826,0.732393506,-0.187456756,-0.529174737,-0.385271092
1789447210.241281033,-0.115222863,-0.135720363,-0.113607345,0.732402575,-0.185118437,-0.527634565,-0.388483460
1789447210.274620056,-0.112538225,-0.136569301,-0.114601431,0.733526840,-0.182080645,-0.525019392,-0.391330616
1789447210.307958126,-0.109478755,-0.138316864,-0.115966876,0.735928614,-0.176841837,-0.523067511,-0.391837236
1789447210.341296911,-0.105980761,-0.140860244,-0.117981302,0.736870521,-0.170056478,-0.524795991,-0.390757978
1789447210.374635696,-0.102465403,-0.143432111,-0.120258100,0.737506272,-0.162708024,-0.526303649,-0.390659784
1789447210.407973528,-0.099290070,-0.145102419,-0.122564312,0.737110550,-0.156655216,-0.525462144,-0.394989513
1789447210.441312790,-0.096606583,-0.145709527,-0.124771174,0.735403155,-0.152100603,-0.524169237,-0.401614515
1789447210.474651575,-0.094242639,-0.145662086,-0.126631922,0.733415007,-0.148820223,-0.523010325,-0.407940153
1789447210.507990360,-0.091925682,-0.145340206,-0.128000884,0.731992968,-0.146094887,-0.522629958,-0.411947212
1789447210.541328430,-0.089623825,-0.144726126,-0.128668591,0.730846794,-0.145058962,-0.522639925,-0.414328819
1789447210.574667454,-0.087433656,-0.143704291,-0.128588280,0.729398214,-0.146491588,-0.522161589,-0.416972104
1789447210.608006239,-0.085431222,-0.142560402,-0.127713693,0.731730940,-0.145900600,-0.517929174,-0.418368518
1789447210.641344309,-0.083360623,-0.141332515,-0.126580121,0.732755931,-0.146875917,-0.516031280,-0.418578462
1789447210.674683094,-0.081369953,-0.140106180,-0.125374107,0.731881823,-0.151860715,-0.515976363,-0.418396598
1789447210.708021879,-0.079617730,-0.139221395,-0.124158071,0.734119050,-0.154783406,-0.512153817,-0.418102601
1789447210.741361141,-0.077803102,-0.138696511,-0.123647911,0.734237901,-0.156308504,-0.512194533,-0.417275828
1789447210.774698973,-0.076003677,-0.138424406,-0.123493598,0.734154940,-0.157212778,-0.512755252,-0.416392505
1789447210.808037758,-0.074404459,-0.138373569,-0.123337261,0.736055212,-0.157051536,-0.510948181,-0.415318548
1789447210.841376781,-0.072929443,-0.138340212,-0.123254165,0.736537456,-0.157930050,-0.510726505,-0.414402114
1789447210.874715567,-0.071598355,-0.138214705,-0.123021192,0.736416323,-0.158977006,-0.510971603,-0.413914643
1789447210.908053637,-0.070446666,-0.137928882,-0.122628413,0.736546581,-0.159723480,-0.510713105,-0.413714476
1789447210.941392660,-0.069509626,-0.137370204,-0.122103195,0.736907496,-0.160825223,-0.510029852,-0.413487775
1789447210.974731445,-0.068762360,-0.136474679,-0.121454600,0.737431115,-0.161722718,-0.508647095,-0.413907292
1789447211.008069277,-0.068171063,-0.135276736,-0.120849696,0.737080570,-0.163223681,-0.507533043,-0.415307686
1789447211.041408300,-0.067822614,-0.134051773,-0.120368487,0.736381536,-0.165043793,-0.507298222,-0.416114520
1789447211.074747324,-0.067743512,-0.132917994,-0.120122694,0.735100252,-0.167047495,-0.508431121,-0.416197729
1789447211.108087063,-0.068012685,-0.131772769,-0.120048511,0.734565592,-0.168240431,-0.508363661,-0.416743250
1789447211.141426086,-0.068650497,-0.130347334,-0.120334748,0.732053265,-0.169350183,-0.509292231,-0.419571159
1789447211.174766064,-0.069695553,-0.128602386,-0.120771610,0.729307035,-0.170452068,-0.509534425,-0.423594158
1789447211.208106041,-0.071028834,-0.126549461,-0.121378361,0.725311473,-0.172181153,-0.510800250,-0.428205583
1789447211.241446018,-0.072624873,-0.124260858,-0.122007747,0.719757231,-0.175789446,-0.513018418,-0.433427851
1789447211.274784803,-0.074557987,-0.122007064,-0.122310423,0.715643227,-0.179161246,-0.514287019,-0.437338407
1789447211.308125019,-0.076438914,-0.119816056,-0.122392074,0.711251145,-0.181804007,-0.515615317,-0.441825708
1789447211.341464758,-0.078121430,-0.117892931,-0.122145969,0.709180481,-0.182503395,-0.514741340,-0.445866470
1789447211.374804020,-0.079483936,-0.116244729,-0.121827631,0.707068365,-0.182832881,-0.514621466,-0.449211768
1789447211.408143997,-0.080649113,-0.114833693,-0.121337463,0.705823319,-0.183377435,-0.514318532,-0.451289936
1789447211.441483974,-0.081655967,-0.113503121,-0.120639166,0.705394973,-0.184897239,-0.514013099,-0.451687367
1789447211.474823952,-0.082508201,-0.112059738,-0.119627120,0.705931347,-0.186671069,-0.512544629,-0.451788501
1789447211.508162975,-0.083178479,-0.110418284,-0.118522563,0.705525206,-0.188882707,-0.511817349,-0.452327877
1789447211.541503191,-0.083753828,-0.108570684,-0.117273220,0.704888716,-0.191165943,-0.511071582,-0.453203396
1789447211.574843168,-0.084283022,-0.106365471,-0.115680378,0.705108263,-0.192822642,-0.507410088,-0.456263925
1789447211.608183146,-0.084870258,-0.103819890,-0.113814030,0.706746696,-0.194262794,-0.500338752,-0.460903686
1789447211.641522169,-0.085490087,-0.101091933,-0.112183821,0.707205659,-0.195261550,-0.493126009,-0.467503821
1789447211.674862385,-0.086290391,-0.098617552,-0.111479574,0.706009130,-0.193456862,-0.489961127,-0.473353615
1789447211.708202362,-0.087150562,-0.096836200,-0.111630609,0.705893832,-0.190032401,-0.488094184,-0.476828746
1789447211.741541386,-0.087918787,-0.095889125,-0.112455126,0.705548710,-0.187644187,-0.488998144,-0.477358872
1789447211.774881601,-0.088830204,-0.095377586,-0.113421286,0.705425629,-0.186988095,-0.489723236,-0.477054804
1789447211.808221817,-0.090021599,-0.094916071,-0.114086093,0.706164401,-0.186256922,-0.487751903,-0.478265908
1789447211.841562033,-0.091246305,-0.094618635,-0.114474368,0.707259838,-0.186429336,-0.486101056,-0.478260794
1789447211.874901056,-0.092049948,-0.094677273,-0.114543042,0.708118623,-0.187125180,-0.485988809,-0.476830222
1789447211.908241272,-0.092355130,-0.095247182,-0.113968333,0.710956459,-0.187523872,-0.484865268,-0.473583554
1789447211.941581249,-0.092088527,-0.096434619,-0.112546106,0.715334531,-0.189894841,-0.482170731,-0.468772700
1789447211.974920750,-0.091486356,-0.098667146,-0.110167371,0.722502801,-0.192703715,-0.481049920,-0.457652658
1789447212.008260727,-0.090297647,-0.101879434,-0.106654795,0.731427071,-0.197688182,-0.479530119,-0.442701578
1789447212.041601181,-0.088378698,-0.106010338,-0.102125020,0.741971504,-0.203193301,-0.477187059,-0.424833238
1789447212.074941158,-0.085702732,-0.110954745,-0.096513653,0.755677422,-0.205591541,-0.470995978,-0.406012981
1789447212.108277559,-0.082302408,-0.116452541,-0.090264353,0.769368578,-0.207763624,-0.464163814,-0.386598269
1789447212.141615152,-0.078232336,-0.121946078,-0.083648656,0.780429492,-0.213183686,-0.456982515,-0.369661338
1789447212.174952745,-0.073775556,-0.127317081,-0.076640293,0.792054854,-0.220176819,-0.446707976,-0.353020200
1789447212.208290100,-0.069011032,-0.132719146,-0.069449798,0.805696399,-0.219657654,-0.434650407,-0.337168877
1789447212.241626740,-0.063609188,-0.138012963,-0.062490958,0.819428822,-0.217624070,-0.421466305,-0.321779931
1789447212.274964094,-0.057471268,-0.143132694,-0.055988779,0.831375203,-0.218752062,-0.409373571,-0.305575010
1789447212.308301449,-0.050756162,-0.148091677,-0.049630888,0.843128306,-0.219508168,-0.396480728,-0.289402585
1789447212.341637850,-0.043626080,-0.152844703,-0.043583101,0.853557389,-0.219006884,-0.385352222,-0.273823727
1789447212.374975443,-0.035871922,-0.157159600,-0.037668864,0.864133058,-0.219861027,-0.369627038,-0.261363807
1789447212.408312798,-0.027570482,-0.161177605,-0.032304979,0.873700712,-0.219411979,-0.355059827,-0.249875906
1789447212.441650152,-0.018693134,-0.164839756,-0.027473933,0.882464545,-0.223466949,-0.341226366,-0.234272099
1789447212.474986553,-0.009410059,-0.168149146,-0.022876109,0.891267524,-0.223262283,-0.327061027,-0.220968861
1789447212.508323908,0.000015015,-0.170979052,-0.018517894,0.899067490,-0.225781830,-0.313275600,-0.206297391
1789447212.541661263,0.009419736,-0.173413242,-0.014450257,0.905864026,-0.228160414,-0.300914073,-0.191843456
1789447212.574998856,0.018695163,-0.175461732,-0.010844048,0.911668127,-0.229576443,-0.289993725,-0.179051730
1789447212.608335018,0.027773620,-0.177104920,-0.007599773,0.917857464,-0.229574246,-0.276285520,-0.168818402
1789447212.641672373,0.036367464,-0.178372383,-0.004816348,0.922839003,-0.229840799,-0.264385741,-0.160129825
1789447212.675009727,0.044464319,-0.179433094,-0.002251715,0.927565962,-0.229282308,-0.252948527,-0.151881701
1789447212.708346128,0.052115551,-0.180240356,0.000034010,0.931439836,-0.229881511,-0.242344839,-0.144372098
1789447212.741683245,0.059436482,-0.180971015,0.002110902,0.935528226,-0.228881015,-0.231048997,-0.137901340
1789447212.775020838,0.066416761,-0.181672476,0.003951917,0.939181486,-0.227073830,-0.221233326,-0.132028133
1789447212.808357954,0.073011085,-0.182133881,0.005560417,0.941062396,-0.228985743,-0.214696759,-0.125985708
1789447212.841694355,0.079444296,-0.182520462,0.007203886,0.943589703,-0.228149826,-0.206584186,-0.122102835
1789447212.875031471,0.085951535,-0.182880832,0.008889647,0.947204811,-0.225954233,-0.195251671,-0.116724102
1789447212.908368826,0.092340321,-0.183193807,0.010531765,0.949919394,-0.225578308,-0.187838415,-0.107164837
1789447212.941705942,0.098559245,-0.183270555,0.012355400,0.951548483,-0.229968531,-0.180128984,-0.096039097
1789447212.975042343,0.104456312,-0.183383525,0.014246243,0.954089177,-0.230951133,-0.169548868,-0.087341842
1789447213.008379698,0.109728050,-0.183423279,0.015529958,0.955120050,-0.234819514,-0.162684201,-0.078353925
1789447213.041716814,0.114575011,-0.183695618,0.016306653,0.957087271,-0.233989649,-0.155135205,-0.071873979
1789447213.075052977,0.119005687,-0.184040979,0.016466613,0.958835526,-0.232496021,-0.148885817,-0.066430773
1789447213.108391047,0.123167681,-0.184455981,0.016301802,0.961044388,-0.229433663,-0.141433620,-0.061240585
1789447213.141729593,0.127119648,-0.184718829,0.015861627,0.962543353,-0.228937821,-0.133678350,-0.056814309
1789447213.175067663,0.130893695,-0.185010965,0.015119561,0.964168561,-0.226957854,-0.127362197,-0.051458621
1789447213.208404779,0.134487131,-0.185089544,0.014109306,0.965482744,-0.225590496,-0.121778391,-0.046065408
1789447213.241742849,0.137857972,-0.184895131,0.012947124,0.966683706,-0.224776923,-0.115016014,-0.042062626
1789447213.275081396,0.141062172,-0.184599443,0.011510514,0.968017977,-0.223572199,-0.107084617,-0.038594724
1789447213.308418512,0.144242952,-0.184404491,0.009454778,0.969341817,-0.221016780,-0.102280311,-0.032661343
1789447213.341756582,0.147571898,-0.184273701,0.006770701,0.970329633,-0.218795597,-0.099990450,-0.024306364
1789447213.375094652,0.151012867,-0.184192872,0.003705807,0.971286958,-0.216956400,-0.096190305,-0.016703047
1789447213.408432961,0.154438705,-0.184174890,0.000209846,0.972762516,-0.213521868,-0.089490822,-0.011527861
1789447213.441770077,0.157697057,-0.184090965,-0.003794074,0.974239233,-0.209259039,-0.083696387,-0.007967849
1789447213.475108147,0.160669254,-0.183739440,-0.008010183,0.974747160,-0.207455629,-0.082561918,-0.003696694
1789447213.508446217,0.163603109,-0.182969587,-0.011948805,0.974855810,-0.208614810,-0.078331495,-0.000433560
1789447213.541784525,0.166410411,-0.182047235,-0.015978359,0.975242881,-0.208522128,-0.073588396,0.002143242
1789447213.575121641,0.169298763,-0.181053768,-0.020378771,0.976068649,-0.206416476,-0.068277127,0.004523874
1789447213.608459711,0.172142403,-0.180089273,-0.025091262,0.977011894,-0.202603376,-0.065790751,0.008438504
1789447213.641797781,0.174823428,-0.179058771,-0.029702351,0.977645500,-0.199752139,-0.064514060,0.012095242
1789447213.675134897,0.177231372,-0.178051423,-0.033953575,0.978408311,-0.197165502,-0.060429272,0.013829161
1789447213.708473206,0.179074717,-0.177145517,-0.037995186,0.979061771,-0.194747387,-0.057615943,0.013853012
1789447213.741811275,0.180420247,-0.176491075,-0.041777982,0.979752041,-0.191124229,-0.058129299,0.013358602
1789447213.775149345,0.181809524,-0.175898457,-0.045102785,0.980074774,-0.190364426,-0.055217031,0.012880314
1789447213.808486462,0.183407733,-0.175600381,-0.048160101,0.980606415,-0.188482736,-0.051573607,0.015015991
1789447213.841824770,0.185314729,-0.175450492,-0.050938108,0.981309301,-0.185529742,-0.047182375,0.019611054
1789447213.875162601,0.187293645,-0.175100121,-0.053275988,0.981173000,-0.186498680,-0.043681101,0.024693079
1789447213.908500671,0.189392981,-0.174757404,-0.055127278,0.981281598,-0.186497195,-0.037335222,0.030187799
1789447213.941837788,0.191515440,-0.174307633,-0.056762207,0.981471670,-0.186383413,-0.027881074,0.034601004
1789447213.975176096,0.193338866,-0.173769575,-0.058299234,0.981404799,-0.187124996,-0.021193247,0.037144354
1789447214.008513927,0.195037230,-0.173317894,-0.059603321,0.981530441,-0.186645816,-0.015544001,0.038983555
1789447214.041851044,0.196882415,-0.172850158,-0.060575169,0.981601974,-0.186277478,-0.011002461,0.040462468
1789447214.075189114,0.199024383,-0.172398908,-0.060781026,0.981067504,-0.188216868,-0.010970505,0.044278781
1789447214.108528614,0.201641688,-0.172443728,-0.059761586,0.979695550,-0.192348482,-0.015851439,0.054290181
1789447214.141867876,0.205121221,-0.172987217,-0.057419649,0.977641368,-0.198726950,-0.017843744,0.066381899
1789447214.175206184,0.209406243,-0.173727493,-0.053972506,0.975800725,-0.205138274,-0.010948861,0.074908980
1789447214.208545923,0.213792102,-0.174731244,-0.049982835,0.974773433,-0.207375361,-0.005886481,0.082325957
1789447214.241885185,0.218564740,-0.175649828,-0.045466308,0.974301220,-0.208006846,0.004926229,0.086290307
1789447214.275224924,0.223229903,-0.177189569,-0.040409398,0.974761545,-0.201220080,0.013645721,0.095729850
1789447214.308563232,0.227476774,-0.178320011,-0.034872151,0.974075656,-0.202772132,0.018376401,0.098602165
1789447214.341902733,0.231638959,-0.179573291,-0.028852387,0.973111113,-0.205268809,0.023227132,0.101882175
1789447214.375242472,0.235631985,-0.180924928,-0.022639135,0.972326915,-0.207245041,0.026986912,0.104410587
1789447214.408581018,0.239417204,-0.182256364,-0.016308634,0.971865415,-0.208420655,0.030142928,0.105498103
1789447214.441920519,0.242980765,-0.183394226,-0.009617399,0.971051425,-0.211920757,0.034200928,0.104780819
1789447214.475260019,0.246176995,-0.184468727,-0.002485025,0.969924173,-0.217641888,0.035513539,0.103043172
1789447214.508599520,0.249182765,-0.185523667,0.004714883,0.969144586,-0.221676836,0.035265485,0.101855272
1789447214.541938305,0.252156030,-0.186413350,0.011475919,0.968745512,-0.223292348,0.036254741,0.101775507
1789447214.575278044,0.255054092,-0.187118828,0.017605031,0.968688610,-0.222778636,0.038801450,0.102501242
1789447214.608617783,0.257538213,-0.187492037,0.023435807,0.968989558,-0.221370475,0.039905452,0.102283453
1789447214.641956329,0.259624050,-0.187221050,0.029459636,0.968451205,-0.223890119,0.042621778,0.100791185
1789447214.675295830,0.261405590,-0.186526794,0.035525078,0.967446732,-0.227896238,0.046009670,0.099966170
1789447214.708635807,0.262810772,-0.185648448,0.041152520,0.967053838,-0.229633261,0.045131201,0.100192891
1789447214.741975307,0.264144053,-0.184454027,0.046275543,0.966983502,-0.229891389,0.046377332,0.099709576
1789447214.775314093,0.265315922,-0.182943872,0.051012852,0.966846134,-0.230462087,0.048447773,0.098734966
1789447214.808654070,0.266302677,-0.181156232,0.055647279,0.966507230,-0.232221220,0.048616662,0.097844261
1789447214.841993570,0.267298815,-0.179037001,0.060464669,0.965514755,-0.236213344,0.049449674,0.097669056
1789447214.875333548,0.268206744,-0.176649812,0.065370643,0.964327926,-0.241367142,0.049299762,0.096866334
1789447214.908672333,0.269128606,-0.174216020,0.070056832,0.963089375,-0.245993708,0.048767293,0.097814636
1789447214.942012310,0.270231664,-0.171949694,0.074248392,0.962008113,-0.249314973,0.050320776,0.099248450
1789447214.975352049,0.271375045,-0.170006859,0.077843988,0.961485244,-0.250611662,0.051442307,0.100466959
1789447215.008690834,0.272667126,-0.168214743,0.081099862,0.961019764,-0.251322004,0.054311622,0.101629282
1789447215.042030811,0.273911304,-0.166479166,0.084154242,0.960205716,-0.253436136,0.053084033,0.104676615
1789447215.075370550,0.275195879,-0.164674268,0.087161933,0.959015000,-0.256695275,0.048729917,0.109650173
1789447215.108709574,0.276476670,-0.162678835,0.090204987,0.957747927,-0.260866240,0.046640873,0.111769146
1789447215.142047167,0.277707108,-0.160636023,0.093199961,0.956590316,-0.264164184,0.049982117,0.112490178
1789447215.175385714,0.278565002,-0.158697958,0.095830920,0.956225891,-0.265375231,0.049816500,0.112811116
1789447215.208724499,0.279356721,-0.156759264,0.098109266,0.955724563,-0.267198991,0.049210315,0.113020368
1789447215.242063284,0.280067353,-0.155046514,0.100094201,0.955766015,-0.267412474,0.048431843,0.112499998
1789447215.275401115,0.280845306,-0.153486416,0.101832710,0.955606418,-0.267993388,0.049322434,0.112085745
1789447215.308739662,0.281659693,-0.152111717,0.103245889,0.954968848,-0.270132768,0.048577752,0.112707539
1789447215.342078686,0.282654695,-0.150925172,0.104366043,0.954108307,-0.272828594,0.048555915,0.113508682
1789447215.375416279,0.283854126,-0.150110049,0.105301883,0.953645952,-0.273091241,0.050067517,0.116076765
1789447215.408755064,0.285107023,-0.149544062,0.106099818,0.952733406,-0.274496847,0.050606513,0.119956318
1789447215.442094088,0.286282042,-0.149346890,0.106786923,0.951655753,-0.276744842,0.049918657,0.123578912
1789447215.475432634,0.287378673,-0.149630001,0.107269003,0.950454540,-0.279251575,0.052876698,0.125931651
1789447215.508770466,0.287954765,-0.150682096,0.107181957,0.950558595,-0.278255254,0.053116363,0.127243952
1789447215.542109489,0.287961466,-0.152350112,0.106339512,0.951585663,-0.274756296,0.051233001,0.127940941
1789447215.575448036,0.287397779,-0.154280689,0.104848621,0.952556539,-0.272029306,0.050084033,0.126994826
1789447215.608786821,0.286076850,-0.156431765,0.102910880,0.953914255,-0.268814014,0.048028834,0.124418050
1789447215.642124653,0.284059165,-0.158536136,0.100611857,0.955185414,-0.266099445,0.044393580,0.121824140
1789447215.675463676,0.281418558,-0.160455401,0.098000362,0.956124289,-0.263556086,0.037525074,0.122296370
1789447215.708802462,0.278105870,-0.162243329,0.095293632,0.956865428,-0.261030281,0.027882177,0.124476219
1789447215.742140055,0.274062764,-0.163795988,0.092578248,0.956811958,-0.263446194,0.019184051,0.121404087
1789447215.775479078,0.269638431,-0.165965565,0.089704748,0.958461020,-0.259656266,0.016517717,0.116868568
1789447215.808817863,0.264801842,-0.168528626,0.086055347,0.959960655,-0.255073592,0.013678291,0.115003945
1789447215.842156649,0.259540822,-0.171611228,0.081847252,0.961823685,-0.248610825,0.007881378,0.114130364
1789447215.875494719,0.253920137,-0.175146087,0.077553256,0.963735465,-0.243132554,0.003239585,0.109954626
1789447215.908833504,0.248038763,-0.179110643,0.073239301,0.965571949,-0.238082423,0.000979630,0.104817036
1789447215.942172289,0.241842782,-0.183227293,0.068711480,0.966767235,-0.234499918,-0.004331901,0.101745453
1789447215.975510359,0.235535663,-0.187375458,0.064081259,0.967783673,-0.230555419,-0.012131222,0.100457922
1789447216.008849144,0.229053853,-0.191230469,0.059453294,0.968516001,-0.227247765,-0.021703992,0.099318404
1789447216.042187929,0.222207561,-0.194764430,0.054796260,0.970079226,-0.220261880,-0.034130672,0.096260563
1789447216.075527191,0.215173864,-0.197819056,0.050058118,0.972181137,-0.210282382,-0.048237556,0.091204688
1789447216.108864784,0.208211496,-0.200393201,0.045175677,0.974109141,-0.197784309,-0.065436531,0.087811208
1789447216.142203569,0.201632092,-0.202445551,0.040295219,0.975597751,-0.181355176,-0.086263424,0.088757818
1789447216.175542593,0.195535693,-0.203569501,0.035742423,0.975124945,-0.169179483,-0.108831483,0.093087872
1789447216.208881378,0.189880870,-0.204306416,0.031854062,0.973634583,-0.154638762,-0.134347739,0.100365515
1789447216.242218971,0.184589703,-0.204476772,0.028900767,0.970186771,-0.141598227,-0.162915607,0.110209237
1789447216.275557756,0.179583995,-0.203571526,0.027426140,0.966115835,-0.142177253,-0.181677288,0.115754848
1789447216.308896780,0.174575321,-0.202647891,0.027390229,0.964739785,-0.145148427,-0.186374110,0.116076576
1789447216.342234373,0.169159926,-0.201513566,0.028087135,0.964320108,-0.152763552,-0.186108005,0.110062874
1789447216.375573158,0.163518689,-0.200211209,0.028952910,0.964079513,-0.159831359,-0.185659046,0.102641845
1789447216.408912182,0.157885742,-0.198701808,0.029655015,0.963955380,-0.163787740,-0.187703884,0.093439038
1789447216.442250967,0.152341742,-0.196969380,0.030209398,0.963118002,-0.168885199,-0.191483984,0.084943441
1789447216.475588560,0.146960965,-0.195359785,0.030704631,0.963337760,-0.170965771,-0.192575016,0.075272358
1789447216.508927584,0.141596506,-0.193946944,0.030887826,0.963232468,-0.170980682,-0.195937363,0.067508287
1789447216.542266369,0.136326746,-0.192577803,0.030810196,0.963097564,-0.168244369,-0.201254680,0.060278264
1789447216.575604916,0.131233484,-0.191255909,0.030621471,0.963543314,-0.163508330,-0.205099963,0.052757121
1789447216.608942986,0.126302215,-0.189998632,0.030377244,0.964447055,-0.158078783,-0.206850334,0.045452353
1789447216.642281771,0.121550159,-0.188810948,0.030278962,0.966069696,-0.152527617,-0.205142000,0.036897554
1789447216.675620317,0.116837114,-0.187674913,0.030569975,0.967496274,-0.150733218,-0.200954696,0.029114728
1789447216.708958149,0.111983060,-0.186522755,0.031246107,0.966720325,-0.150897393,-0.204666910,0.028164624
1789447216.742297173,0.107249345,-0.184923710,0.032554961,0.965085567,-0.152918424,-0.210942765,0.026999160
1789447216.775635958,0.102855692,-0.182955353,0.034140963,0.965442368,-0.152232561,-0.210203398,0.023681471
1789447216.808974504,0.098780657,-0.180847560,0.035157405,0.967495970,-0.145430381,-0.206094887,0.018067939
1789447216.842312574,0.095032909,-0.178714442,0.035664085,0.970005254,-0.133972961,-0.202483769,0.011890134
1789447216.875651360,0.091345759,-0.176273037,0.036482290,0.970989860,-0.128191765,-0.201742784,0.006738906
1789447216.908989906,0.087527124,-0.173399729,0.038223273,0.970589287,-0.130966882,-0.201981210,0.002775482
1789447216.942328930,0.083695802,-0.170130876,0.040842917,0.970039868,-0.135408864,-0.201682996,-0.003326109
1789447216.975666761,0.080029962,-0.166355438,0.043905534,0.968316013,-0.141232139,-0.205777889,-0.008546484
1789447217.009005308,0.076759447,-0.161977651,0.047346782,0.966167061,-0.148262874,-0.210613057,-0.013471116
1789447217.042344332,0.074148998,-0.157251211,0.051157007,0.965672818,-0.153188168,-0.208999273,-0.018129999
1789447217.075681925,0.072027638,-0.152421842,0.054537462,0.965134635,-0.157612175,-0.207776234,-0.022418166
1789447217.109019518,0.070633507,-0.147974027,0.057356968,0.965698218,-0.157380331,-0.204907099,-0.025912631
1789447217.142357111,0.069827542,-0.143953417,0.059645952,0.966430890,-0.154424066,-0.203401684,-0.028147783
1789447217.175694942,0.069363250,-0.140118579,0.061832686,0.967174784,-0.152311680,-0.201124249,-0.030382984
1789447217.209031343,0.068993994,-0.136332253,0.064162598,0.967707212,-0.151952219,-0.198273086,-0.033779549
1789447217.242368937,0.068746463,-0.132709940,0.066539987,0.968404709,-0.149056268,-0.196691455,-0.035875056
1789447217.275706291,0.068683402,-0.129004862,0.068877095,0.969229800,-0.144438449,-0.195710948,-0.037793582
1789447217.309042931,0.068747487,-0.125008899,0.071365888,0.970455698,-0.140564514,-0.191736527,-0.041163827
1789447217.342380285,0.068778574,-0.120908478,0.074084339,0.971490469,-0.137385311,-0.188163028,-0.043888728
1789447217.375718117,0.068774206,-0.116663724,0.077049592,0.971420667,-0.137604503,-0.188307555,-0.044126554
1789447217.409055471,0.068838335,-0.112288531,0.080148783,0.971623515,-0.137258658,-0.187458744,-0.044351168
1789447217.442391872,0.068871769,-0.107771866,0.083003630,0.972255576,-0.136936637,-0.184055501,-0.045727723
1789447217.475729465,0.068747366,-0.103471619,0.085281072,0.973905815,-0.129413057,-0.180116995,-0.048141388
1789447217.509066820,0.068486512,-0.099096183,0.086810619,0.975044315,-0.120923532,-0.178763817,-0.052053626
1789447217.542404413,0.068254364,-0.094584905,0.087950452,0.975397706,-0.117028763,-0.177862930,-0.057169596
1789447217.575740814,0.067985227,-0.090503809,0.088920881,0.975396542,-0.116827608,-0.177802616,-0.057785165
1789447217.609078169,0.067693329,-0.087135346,0.089494133,0.975937528,-0.112808112,-0.177552894,-0.057404196
1789447217.642415762,0.067424962,-0.084259990,0.089337722,0.977204440,-0.103040409,-0.176978178,-0.055972148
1789447217.675752163,0.067093863,-0.081054349,0.088539810,0.977742618,-0.097167866,-0.177380461,-0.055802781
1789447217.709089518,0.066494439,-0.077426445,0.087576273,0.977127282,-0.098391701,-0.180536664,-0.054294200
1789447217.742427111,0.065544217,-0.073609197,0.086797739,0.976537156,-0.099787807,-0.183150115,-0.053606088
1789447217.775764465,0.064238138,-0.069567281,0.085869524,0.976229885,-0.100071984,-0.185057526,-0.052101064
1789447217.809100628,0.062727719,-0.065181726,0.084454754,0.976204777,-0.096119866,-0.185615600,-0.057723937
1789447217.842437983,0.061334800,-0.061018304,0.082570212,0.976828196,-0.090910387,-0.184762887,-0.058349401
1789447217.875775337,0.060069501,-0.056660784,0.080098287,0.976549766,-0.089303555,-0.185489551,-0.063000448
1789447217.909112692,0.059063452,-0.052733395,0.077220618,0.976058611,-0.086129809,-0.188444914,-0.066179748
1789447217.942449331,0.058507635,-0.049438481,0.074151501,0.976162274,-0.081384528,-0.189618221,-0.067295646
1789447217.975786686,0.058144532,-0.046643701,0.070795873,0.976251582,-0.073766501,-0.191366076,-0.069788080
1789447218.009123802,0.057897576,-0.044126610,0.067413785,0.975901283,-0.067399838,-0.194180236,-0.073266524
1789447218.042460203,0.057881061,-0.042067956,0.064366537,0.976045278,-0.060389522,-0.195571965,-0.073758576
1789447218.075797558,0.057815309,-0.040087836,0.061669551,0.975450922,-0.054891527,-0.200014604,-0.074003895
1789447218.109134912,0.057523180,-0.038043733,0.059761646,0.974971962,-0.051837554,-0.202663383,-0.075300031
1789447218.142472744,0.056917517,-0.036052627,0.058738935,0.974923826,-0.051088127,-0.202320004,-0.077331441
1789447218.175809383,0.056199540,-0.034271600,0.058308997,0.974664817,-0.051679668,-0.203459083,-0.077214684
1789447218.209146738,0.055708164,-0.032672476,0.058103516,0.974062832,-0.052167479,-0.206417264,-0.076629410
1789447218.242484331,0.055621974,-0.031278178,0.057849111,0.974240058,-0.049340363,-0.206932412,-0.074838584
1789447218.275821924,0.055668908,-0.029850772,0.057507958,0.974464252,-0.045403614,-0.206696165,-0.075064159
1789447218.309158564,0.055744121,-0.028631383,0.057398424,0.974701840,-0.042333921,-0.206326038,-0.074791237
1789447218.342496157,0.055859802,-0.027730889,0.057516879,0.974301181,-0.042396655,-0.208923275,-0.072737874
1789447218.375833511,0.056064514,-0.027269811,0.057831761,0.973991505,-0.042818981,-0.211417863,-0.069351059
1789447218.409170151,0.056226956,-0.027510774,0.057894349,0.973520473,-0.041640933,-0.215110030,-0.065204266
1789447218.442507505,0.056158852,-0.028209690,0.057384018,0.972572859,-0.038006289,-0.221236068,-0.060927487
1789447218.475844860,0.055468010,-0.028380773,0.056760588,0.971742429,-0.033185613,-0.225681934,-0.060687990
1789447218.509182692,0.053809185,-0.027385072,0.056538998,0.970556034,-0.031775865,-0.229923019,-0.064394756
1789447218.542519093,0.051544006,-0.025610212,0.056886159,0.969010355,-0.030715140,-0.235415466,-0.068228075
1789447218.575856447,0.049252959,-0.023320763,0.057595099,0.966905137,-0.034952466,-0.242238589,-0.072064194
1789447218.609194040,0.047513319,-0.021668892,0.058187291,0.965550982,-0.037900219,-0.246883736,-0.072960915
1789447218.642530441,0.046734633,-0.021554148,0.057994791,0.965580366,-0.035454158,-0.247568642,-0.071465569
1789447218.675868034,0.046895171,-0.023162831,0.056387672,0.964810078,-0.025694263,-0.253429273,-0.065229756
1789447218.709205389,0.047595685,-0.025016289,0.054296326,0.963661859,-0.013319200,-0.260353016,-0.058264285
1789447218.742542744,0.047620484,-0.025347647,0.052767581,0.962513820,-0.002904461,-0.264426606,-0.060309869
1789447218.775879145,0.046394987,-0.023999284,0.052603352,0.961566011,-0.000629669,-0.266207829,-0.067259213
1789447218.809216738,0.044373361,-0.021893794,0.053822907,0.960381061,-0.005529215,-0.268566003,-0.074229020
1789447218.842554092,0.042419575,-0.019948309,0.055499037,0.958963578,-0.015818269,-0.271489393,-0.080200673
1789447218.875891685,0.041233204,-0.019964799,0.055716804,0.958732347,-0.011507347,-0.271898589,-0.082286235
1789447218.909228086,0.041085798,-0.020947409,0.054643557,0.957860031,-0.004184883,-0.277061343,-0.075654871
1789447218.942565203,0.041379226,-0.021084046,0.054096084,0.956068092,-0.001395762,-0.284118341,-0.072170793
1789447218.975902557,0.041342399,-0.020124720,0.054551844,0.956131219,-0.006050317,-0.283374701,-0.073995028
1789447219.009238958,0.040603507,-0.019348681,0.054286124,0.955664514,-0.003017877,-0.283759123,-0.078593828
1789447219.042576313,0.039251712,-0.018294346,0.053094204,0.954265707,0.000587606,-0.286553792,-0.085226405
1789447219.075913906,0.037205208,-0.016767897,0.051627643,0.952082364,0.000690320,-0.290872730,-0.094507936
1789447219.109252453,0.034413536,-0.015256064,0.049731289,0.947742373,0.000174269,-0.300977538,-0.105815338
1789447219.142590046,0.032039223,-0.013805799,0.048074242,0.942274337,-0.004993942,-0.313361822,-0.117891914
1789447219.175928593,0.031446669,-0.013992777,0.047335720,0.940445178,0.000997000,-0.320094736,-0.114460622
1789447219.209267378,0.031508746,-0.014072780,0.047848273,0.940930346,-0.000951270,-0.319212127,-0.112928280
1789447219.242606163,0.031220230,-0.014004339,0.048166945,0.940727808,-0.002398894,-0.319358408,-0.114173744
1789447219.275943756,0.031043998,-0.013937636,0.047677957,0.940468168,0.000532503,-0.319794414,-0.115112442
1789447219.309282541,0.031023642,-0.013849092,0.047386805,0.940355106,0.000165001,-0.320123236,-0.115123242
1789447219.342621088,0.030967907,-0.013816476,0.047721963,0.940290665,-0.002465875,-0.320188652,-0.115440949
1789447219.375958920,0.030987466,-0.013896101,0.047754085,0.939574707,-0.001455498,-0.322036709,-0.116144782
1789447219.409297705,0.031140035,-0.013873093,0.047536991,0.936265129,-0.002436833,-0.330734136,-0.118391729
1789447219.442636251,0.031401973,-0.013955466,0.047829087,0.934676821,-0.004645200,-0.334819533,-0.119388204
1789447219.475975037,0.031528623,-0.014041802,0.047937435,0.934635228,-0.004726377,-0.334970255,-0.119287803
1789447219.509312630,0.031373324,-0.013890127,0.047614679,0.934671028,-0.003519898,-0.334383625,-0.120686666
1789447219.542651653,0.031246182,-0.013723319,0.047178925,0.934671930,-0.001972288,-0.334150106,-0.121359792
1789447219.575990200,0.031313228,-0.013684090,0.047030138,0.934757576,-0.001553671,-0.334122846,-0.120779899
1789447219.609328985,0.031303865,-0.013660160,0.047265170,0.934768092,-0.002933959,-0.334051716,-0.120869586
1789447219.642666817,0.031262377,-0.013708763,0.047513850,0.934761703,-0.003461710,-0.334114372,-0.120731774
1789447219.676005602,0.031303032,-0.013747923,0.047596629,0.934827732,-0.003065133,-0.334001546,-0.120543283
1789447219.709344149,0.031345298,-0.013757824,0.047553711,0.934821122,-0.002525184,-0.334033778,-0.120517755
1789447219.742682219,0.031328355,-0.013755363,0.047518403,0.934797523,-0.002559169,-0.333996256,-0.120803735
1789447219.776020765,0.031321432,-0.013808428,0.047560884,0.934786468,-0.002788504,-0.334009448,-0.120847723
1789447219.809359550,0.031389809,-0.013930088,0.047653136,0.934830241,-0.002809564,-0.334030146,-0.120450774
1789447219.842698574,0.031440671,-0.014042431,0.047718402,0.934849048,-0.002851310,-0.333994089,-0.120403806
1789447219.876036167,0.031427940,-0.014120779,0.047722688,0.934823945,-0.002913598,-0.333953340,-0.120709853
1789447219.909374952,0.031443096,-0.014213162,0.047697292,0.934797020,-0.002738409,-0.334051914,-0.120649700
1789447219.942713976,0.031487581,-0.014313491,0.047703236,0.934809098,-0.002543230,-0.334103298,-0.120417894
1789447219.976051807,0.031457631,-0.014373587,0.047746984,0.934822458,-0.002818852,-0.334040681,-0.120481744
1789447220.009390354,0.031357167,-0.014393607,0.047767731,0.934819526,-0.003117145,-0.334015444,-0.120567076
1789447220.042729139,0.031275985,-0.014393065,0.047728278,0.934831901,-0.002973233,-0.334025461,-0.120446949
1789447220.076068163,0.031214403,-0.014366639,0.047651736,0.934831176,-0.002750740,-0.334068604,-0.120338162
1789447220.109406471,0.031130693,-0.014326383,0.047592876,0.934842024,-0.002757549,-0.334007233,-0.120424065
1789447220.142745733,0.031073457,-0.014311483,0.047556588,0.934831759,-0.002924276,-0.333999555,-0.120521073
1789447220.176085234,0.031111731,-0.014348121,0.047510916,0.934840104,-0.002903559,-0.334035747,-0.120356423
1789447220.209424734,0.031195811,-0.014392453,0.047432634,0.934834706,-0.002870740,-0.334073658,-0.120293896
1789447220.242763281,0.031269185,-0.014423035,0.047339230,0.934822211,-0.002899871,-0.334040600,-0.120481959
1789447220.276102543,0.031365246,-0.014462560,0.047256008,0.934781616,-0.002814924,-0.334123801,-0.120568204
1789447220.309441805,0.031504904,-0.014512487,0.047213091,0.934774895,-0.002785736,-0.334201691,-0.120405007
1789447220.342780352,0.031630318,-0.014539421,0.047211363,0.934790377,-0.002868031,-0.334150507,-0.120424935
1789447220.376119614,0.031724249,-0.014538720,0.047216705,0.934766247,-0.003034567,-0.334162773,-0.120574027
1789447220.409459114,0.031835189,-0.014538092,0.047219644,0.934768353,-0.002917840,-0.334175168,-0.120526214
1789447220.442798615,0.031944715,-0.014529247,0.047227655,0.934754088,-0.002805257,-0.334254307,-0.120420031
1789447220.476136923,0.031987542,-0.014494928,0.047262463,0.934746332,-0.002917202,-0.334239002,-0.120520016
1789447220.509476423,0.031971204,-0.014452473,0.047315475,0.934773725,-0.002972191,-0.334135011,-0.120594542
1789447220.542815924,0.031947141,-0.014410291,0.047353902,0.934747113,-0.002914239,-0.334240727,-0.120509250
1789447220.576155186,0.031906739,-0.014359050,0.047385901,0.934748618,-0.002797190,-0.334245429,-0.120487300
1789447220.609493732,0.031819468,-0.014296448,0.047416462,0.934767292,-0.002770871,-0.334159136,-0.120582354
1789447220.642833233,0.031715006,-0.014235115,0.047446055,0.934760289,-0.002873289,-0.334156983,-0.120640196
1789447220.676172495,0.031626650,-0.014191549,0.047476326,0.934766454,-0.002820469,-0.334178392,-0.120534328
1789447220.709511280,0.031525826,-0.014147677,0.047503943,0.934771826,-0.002728425,-0.334167654,-0.120524551
1789447220.742850542,0.031403716,-0.014096451,0.047524282,0.934765466,-0.002790335,-0.334139251,-0.120651144
1789447220.776190281,0.031309320,-0.014068016,0.047527994,0.934747869,-0.002664004,-0.334186328,-0.120659950
1789447220.809529543,0.031266750,-0.014064967,0.047527112,0.934780787,-0.002575877,-0.334132897,-0.120554769
1789447220.842867851,0.031242395,-0.014070922,0.047521890,0.934771325,-0.002679828,-0.334139006,-0.120608929
1789447220.876207590,0.031226757,-0.014088364,0.047513890,0.934766898,-0.002747769,-0.334118541,-0.120698371
1789447220.909547091,0.031243365,-0.014119745,0.047496802,0.934768373,-0.002643846,-0.334124561,-0.120672598
1789447220.942886591,0.031281676,-0.014154513,0.047475265,0.934747619,-0.002584545,-0.334202967,-0.120617522
1789447220.976225138,0.031311979,-0.014187131,0.047459482,0.934752696,-0.002556195,-0.334172692,-0.120662645
1789447221.009564400,0.031344426,-0.014217497,0.047438329,0.934749311,-0.002626281,-0.334158321,-0.120727147
1789447221.042904139,0.031397375,-0.014251417,0.047406016,0.934745630,-0.002602594,-0.334182159,-0.120690176
1789447221.076242447,0.031444181,-0.014269705,0.047362922,0.934729883,-0.002599903,-0.334230678,-0.120677832
1789447221.109581947,0.031460913,-0.014258456,0.047314191,0.934737504,-0.002606537,-0.334189683,-0.120732182
1789447221.142921686,0.031459356,-0.014221195,0.047258124,0.934741779,-0.002469085,-0.334163756,-0.120773734
1789447221.176260948,0.031451536,-0.014150185,0.047199253,0.934742264,-0.002479351,-0.334184808,-0.120711506
1789447221.209599495,0.031422985,-0.014046932,0.047144536,0.934760238,-0.002422691,-0.334124251,-0.120741096
1789447221.242939234,0.031372450,-0.013912965,0.047084953,0.934729822,-0.002395256,-0.334172685,-0.120843033
1789447221.276278496,0.031332360,-0.013768158,0.047027812,0.934752345,-0.002213147,-0.334121375,-0.120814165
1789447221.309617281,0.031306333,-0.013600653,0.046964101,0.934728751,-0.002185781,-0.334193346,-0.120798142
1789447221.342956781,0.031282925,-0.013409955,0.046915484,0.934759930,-0.002158782,-0.334095660,-0.120827572
1789447221.376296043,0.031266729,-0.013202367,0.046868553,0.934717614,-0.002117488,-0.334187149,-0.120902634
1789447221.409635782,0.031276975,-0.012994043,0.046836053,0.934733765,-0.002009127,-0.334140294,-0.120909126
1789447221.442974329,0.031304178,-0.012792102,0.046805074,0.934734042,-0.001872034,-0.334144038,-0.120898831
1789447221.476314068,0.031356625,-0.012595967,0.046779306,0.934735639,-0.001949879,-0.334128546,-0.120928068
1789447221.509653568,0.031453236,-0.012423090,0.046765581,0.934735204,-0.001904674,-0.334109528,-0.120984685
1789447221.542992830,0.031592334,-0.012273702,0.046765723,0.934732923,-0.001866662,-0.334137651,-0.120925217
1789447221.576331615,0.031741598,-0.012138525,0.046781253,0.934737572,-0.001790753,-0.334107837,-0.120972798
1789447221.609671116,0.031878928,-0.012024966,0.046800991,0.934727556,-0.001860150,-0.334120864,-0.121013159
1789447221.643010855,0.032003963,-0.011954023,0.046815489,0.934689509,-0.001760152,-0.334216758,-0.121043718
1789447221.676349401,0.032103011,-0.011925585,0.046829178,0.934684112,-0.001778932,-0.334253468,-0.120983736
1789447221.709688902,0.032159311,-0.011921775,0.046840390,0.934679053,-0.001880061,-0.334253564,-0.121021024
1789447221.743028641,0.032185830,-0.011948330,0.046851063,0.934701204,-0.001801805,-0.334185201,-0.121039930
1789447221.776368141,0.032195880,-0.012005118,0.046857447,0.934684174,-0.001749975,-0.334227595,-0.121055141
1789447221.809706688,0.032177367,-0.012107496,0.046868926,0.934666521,-0.001716378,-0.334274710,-0.121061827
1789447221.843046427,0.032111604,-0.012262682,0.046888178,0.934665133,-0.001743277,-0.334271843,-0.121080076
1789447221.876385927,0.032018734,-0.012457446,0.046909004,0.934675373,-0.001843020,-0.334243210,-0.121078601
1789447221.909725666,0.031924780,-0.012680936,0.046928921,0.934675283,-0.001774271,-0.334258673,-0.121037625
1789447221.943064213,0.031834553,-0.012902586,0.046953235,0.934664931,-0.001869771,-0.334288115,-0.121034814
1789447221.976403713,0.031759424,-0.013117530,0.046992812,0.934689935,-0.001851776,-0.334212101,-0.121051920
1789447222.009743452,0.031717340,-0.013316282,0.047047677,0.934708080,-0.001946796,-0.334177493,-0.121005858
1789447222.043081999,0.031708767,-0.013498798,0.047113702,0.934699178,-0.002027599,-0.334207501,-0.120990419
1789447222.076421738,0.031717511,-0.013667679,0.047189443,0.934722187,-0.001990953,-0.334146026,-0.120983063
1789447222.109759331,0.031731191,-0.013814285,0.047262727,0.934722140,-0.002076310,-0.334140044,-0.120998516
1789447222.143096685,0.031741736,-0.013939303,0.047318056,0.934682277,-0.002105888,-0.334254515,-0.120989779
1789447222.176433086,0.031743723,-0.014031562,0.047345784,0.934680464,-0.002120521,-0.334273905,-0.120949952
1789447222.209770441,0.031732569,-0.014091690,0.047342373,0.934705238,-0.002110534,-0.334197856,-0.120968822
1789447222.243108273,0.031712442,-0.014123172,0.047316208,0.934716872,-0.002173387,-0.334156459,-0.120992178
1789447222.276445627,0.031691077,-0.014128804,0.047278528,0.934712196,-0.002176086,-0.334168353,-0.120995400
1789447222.309782028,0.031667664,-0.014106422,0.047236356,0.934716740,-0.002059036,-0.334161989,-0.120979920
1789447222.343119383,0.031640859,-0.014044276,0.047183644,0.934705624,-0.002095598,-0.334180888,-0.121012970
1789447222.376456738,0.031617097,-0.013959869,0.047128079,0.934715017,-0.002155622,-0.334153496,-0.121015005
1789447222.409793139,0.031599408,-0.013871176,0.047077592,0.934743699,-0.002107341,-0.334080517,-0.120995800
1789447222.443130732,0.031580301,-0.013784139,0.047028769,0.934707588,-0.002083346,-0.334166605,-0.121037453
1789447222.476468086,0.031566485,-0.013708959,0.046996107,0.934708085,-0.002165403,-0.334163451,-0.121040883
1789447222.509805441,0.031567506,-0.013655161,0.046972715,0.934706589,-0.002165188,-0.334173970,-0.121023399
1789447222.543141842,0.031577925,-0.013618804,0.046955742,0.934699768,-0.002026423,-0.334186211,-0.121044679
1789447222.576479197,0.031588268,-0.013585838,0.046941626,0.934691619,-0.002011926,-0.334196700,-0.121078884
1789447222.609816551,0.031606370,-0.013547620,0.046930272,0.934696578,-0.002106640,-0.334184855,-0.121071679
1789447222.643152714,0.031644256,-0.013496734,0.046923292,0.934706208,-0.002063738,-0.334159645,-0.121067652
1789447222.676490307,0.031698692,-0.013415716,0.046919835,0.934672810,-0.002073395,-0.334240803,-0.121101297
1789447222.709827662,0.031762944,-0.013318977,0.046926405,0.934667199,-0.002061903,-0.334256203,-0.121102296
1789447222.743164778,0.031837293,-0.013221314,0.046939923,0.934694792,-0.002058431,-0.334183532,-0.121089952
1789447222.776501179,0.031928167,-0.013138178,0.046956772,0.934683498,-0.002100148,-0.334214312,-0.121091459
1789447222.809838533,0.032038796,-0.013093500,0.046997736,0.934679628,-0.002031047,-0.334234149,-0.121067759
1789447222.843175888,0.032165456,-0.013089659,0.047068045,0.934649666,-0.002130692,-0.334308347,-0.121092491
1789447222.876513243,0.032305539,-0.013135674,0.047163131,0.934657506,-0.002058102,-0.334283420,-0.121102046
1789447222.909849405,0.032448007,-0.013219381,0.047257658,0.934647010,-0.002014289,-0.334317958,-0.121088453
1789447222.943186760,0.032580411,-0.013332945,0.047343891,0.934623761,-0.002151451,-0.334385132,-0.121080058
1789447222.976523876,0.032688726,-0.013480237,0.047421572,0.934607640,-0.002205344,-0.334432282,-0.121073301
1789447223.009860277,0.032766805,-0.013658123,0.047501799,0.934635621,-0.002220221,-0.334364511,-0.121044210
1789447223.043197393,0.032812599,-0.013852256,0.047575627,0.934610500,-0.002232717,-0.334434004,-0.121045964
1789447223.076534748,0.032834233,-0.014046660,0.047645037,0.934595602,-0.002317602,-0.334483154,-0.121023590
1789447223.109872103,0.032833835,-0.014227614,0.047703853,0.934601704,-0.002219431,-0.334459855,-0.121042699
1789447223.143208504,0.032805702,-0.014374396,0.047748987,0.934603350,-0.002318825,-0.334472482,-0.120993224
1789447223.176545620,0.032748905,-0.014484995,0.047781336,0.934621404,-0.002304639,-0.334425200,-0.120984732
1789447223.209882975,0.032665594,-0.014556791,0.047799834,0.934598010,-0.002365305,-0.334475377,-0.121025565
1789447223.243220329,0.032566832,-0.014603827,0.047813169,0.934630461,-0.002433932,-0.334414987,-0.120940455
1789447223.276556492,0.032454142,-0.014621250,0.047801578,0.934609963,-0.002368694,-0.334469332,-0.120949873
1789447223.309893847,0.032329179,-0.014611281,0.047764998,0.934639290,-0.002386585,-0.334396830,-0.120923374
1789447223.343230963,0.032188680,-0.014574290,0.047685277,0.934635557,-0.002406896,-0.334397000,-0.120951351
1789447223.376567125,0.032042426,-0.014523244,0.047575009,0.934644206,-0.002414723,-0.334380562,-0.120929797
1789447223.409904480,0.031895185,-0.014462485,0.047456245,0.934668131,-0.002470506,-0.334333548,-0.120873736
1789447223.443241596,0.031753889,-0.014398555,0.047345755,0.934691828,-0.002487663,-0.334283011,-0.120829908
1789447223.476578951,0.031628995,-0.014332849,0.047246034,0.934677584,-0.002424141,-0.334308212,-0.120871657
1789447223.509915113,0.031531001,-0.014268839,0.047158083,0.934655895,-0.002488251,-0.334371080,-0.120864171
1789447223.543252230,0.031450824,-0.014209933,0.047080063,0.934655760,-0.002506558,-0.334378323,-0.120844797
1789447223.576589584,0.031378205,-0.014150726,0.047016843,0.934686964,-0.002550029,-0.334294151,-0.120835411
1789447223.609926701,0.031315819,-0.014094716,0.046962431,0.934655606,-0.002557965,-0.334375861,-0.120851721
1789447223.643262863,0.031274672,-0.014051940,0.046934497,0.934674074,-0.002539070,-0.334335277,-0.120821563
1789447223.676599979,0.031257425,-0.014031147,0.046929723,0.934696658,-0.002383879,-0.334268491,-0.120834806
1789447223.709937096,0.031263824,-0.014025527,0.046935029,0.934685542,-0.002485804,-0.334312637,-0.120796601
1789447223.743273258,0.031286778,-0.014032320,0.046953823,0.934702460,-0.002565192,-0.334274971,-0.120768268
1789447223.776610374,0.031312735,-0.014037505,0.046973086,0.934680279,-0.002500132,-0.334319377,-0.120818378
1789447223.809947491,0.031336052,-0.014030777,0.047002319,0.934702214,-0.002572610,-0.334266683,-0.120792954
1789447223.843284607,0.031349436,-0.014015520,0.047039924,0.934726649,-0.002478031,-0.334203435,-0.120780855
1789447223.876620531,0.031355140,-0.013990476,0.047081828,0.934709782,-0.002474395,-0.334253818,-0.120772043
1789447223.909957647,0.031354407,-0.013957254,0.047127261,0.934684245,-0.002612355,-0.334334478,-0.120743510
1789447223.943295002,0.031345212,-0.013918678,0.047171816,0.934683333,-0.002527385,-0.334330051,-0.120764627
1789447223.976630926,0.031329791,-0.013870174,0.047215485,0.934703447,-0.002540141,-0.334283663,-0.120737098
1789447224.009968042,0.031309102,-0.013820022,0.047258171,0.934698893,-0.002515961,-0.334288563,-0.120759292
1789447224.043304920,0.031285702,-0.013778338,0.047305184,0.934695670,-0.002469352,-0.334299896,-0.120753824
1789447224.076642036,0.031263167,-0.013740315,0.047354203,0.934691436,-0.002551305,-0.334311740,-0.120752106
1789447224.109978437,0.031251012,-0.013712530,0.047405642,0.934717013,-0.002542121,-0.334255406,-0.120710263
1789447224.143316269,0.031254730,-0.013690273,0.047451244,0.934683923,-0.002517262,-0.334335675,-0.120744705
1789447224.176653624,0.031282006,-0.013684631,0.047501319,0.934697497,-0.002481579,-0.334305811,-0.120723053
1789447224.209990978,0.031322133,-0.013686879,0.047543065,0.934679067,-0.002516303,-0.334349480,-0.120744091
1789447224.243327618,0.031373927,-0.013704041,0.047589238,0.934712125,-0.002489489,-0.334270715,-0.120706816
1789447224.276664972,0.031437752,-0.013726799,0.047636475,0.934704060,-0.002514464,-0.334283776,-0.120732577
1789447224.310002327,0.031508213,-0.013755394,0.047683275,0.934672091,-0.002569360,-0.334373960,-0.120729180
1789447224.343338966,0.031579446,-0.013789894,0.047724268,0.934661560,-0.002443770,-0.334394829,-0.120755514
1789447224.376676321,0.031648321,-0.013820991,0.047747335,0.934646737,-0.002489887,-0.334430849,-0.120769554
1789447224.410013676,0.031712977,-0.013855585,0.047757949,0.934660194,-0.002485761,-0.334396702,-0.120760043
1789447224.443351269,0.031776565,-0.013890455,0.047770514,0.934684840,-0.002518762,-0.334329601,-0.120754390
1789447224.476687670,0.031839894,-0.013924046,0.047785906,0.934640589,-0.002545724,-0.334445567,-0.120775206
1789447224.510025263,0.031906003,-0.013955041,0.047811473,0.934629273,-0.002608767,-0.334481334,-0.120762386
1789447224.543362617,0.031967299,-0.013978971,0.047837141,0.934624253,-0.002590019,-0.334494797,-0.120764352
1789447224.576699972,0.032020298,-0.013998161,0.047859971,0.934626553,-0.002417675,-0.334479858,-0.120791501
1789447224.610036135,0.032071667,-0.014009844,0.047875598,0.934616409,-0.002488781,-0.334509165,-0.120787390
1789447224.643373489,0.032124944,-0.014025016,0.047882771,0.934602115,-0.002537604,-0.334544975,-0.120797791
1789447224.676710844,0.032177190,-0.014037923,0.047887765,0.934597524,-0.002605695,-0.334552175,-0.120811924
1789447224.710047245,0.032229710,-0.014051142,0.047892805,0.934604544,-0.002545898,-0.334542509,-0.120785654
1789447224.743384838,0.032283714,-0.014056391,0.047897903,0.934590228,-0.002497195,-0.334572362,-0.120814750
1789447224.776722193,0.032338765,-0.014055589,0.047906989,0.934584846,-0.002574633,-0.334583479,-0.120823976
1789447224.810059309,0.032395340,-0.014054294,0.047922682,0.934592733,-0.002608250,-0.334567060,-0.120807711
1789447224.843395710,0.032448608,-0.014049151,0.047934498,0.934568319,-0.002579126,-0.334623198,-0.120841716
1789447224.876733065,0.032498097,-0.014042423,0.047940604,0.934546571,-0.002533540,-0.334678522,-0.120857666
1789447224.910070419,0.032544092,-0.014035916,0.047946335,0.934569191,-0.002525339,-0.334630756,-0.120815180
1789447224.943407774,0.032583831,-0.014023932,0.047948490,0.934552216,-0.002573962,-0.334664859,-0.120850992
1789447224.976743937,0.032621599,-0.014010124,0.047950689,0.934528002,-0.002599810,-0.334730818,-0.120855009
1789447225.010081291,0.032664761,-0.013990848,0.047956322,0.934566216,-0.002653392,-0.334630437,-0.120836327
1789447225.043418407,0.032711070,-0.013967506,0.047951782,0.934557139,-0.002602046,-0.334646555,-0.120863008
1789447225.076754808,0.032766306,-0.013937468,0.047945827,0.934543697,-0.002669545,-0.334676888,-0.120881480
1789447225.110092402,0.032823789,-0.013908857,0.047952099,0.934564148,-0.002659276,-0.334632435,-0.120846656
1789447225.143429995,0.032876111,-0.013873242,0.047961518,0.934528674,-0.002615540,-0.334732375,-0.120845160
1789447225.176767349,0.032933185,-0.013830906,0.047977652,0.934543633,-0.002561829,-0.334688228,-0.120852909
1789447225.210103989,0.032995599,-0.013781552,0.047977441,0.934510215,-0.002592792,-0.334776623,-0.120865828
1789447225.243441343,0.033063274,-0.013725072,0.047969307,0.934525004,-0.002676130,-0.334737237,-0.120858752
1789447225.276778936,0.033127131,-0.013658295,0.047940354,0.934502254,-0.002616927,-0.334787030,-0.120898030
1789447225.310115576,0.033190835,-0.013574483,0.047899979,0.934507514,-0.002633183,-0.334779739,-0.120877204
1789447225.343452930,0.033254468,-0.013471223,0.047846972,0.934503738,-0.002605001,-0.334793719,-0.120868290
1789447225.376790524,0.033324899,-0.013360913,0.047795261,0.934533885,-0.002572407,-0.334722270,-0.120833779
1789447225.410127878,0.033398313,-0.013259160,0.047746982,0.934526300,-0.002611647,-0.334739775,-0.120843111
1789447225.443464279,0.033470741,-0.013195623,0.047703921,0.934489462,-0.002580117,-0.334814936,-0.120920412
1789447225.476801872,0.033536808,-0.013195891,0.047669559,0.934465878,-0.002592845,-0.334885351,-0.120907411
1789447225.510139227,0.033588536,-0.013270109,0.047643251,0.934475737,-0.002612209,-0.334865230,-0.120886523
1789447225.543476820,0.033623942,-0.013397560,0.047616586,0.934469258,-0.002599380,-0.334879549,-0.120897220
1789447225.576813221,0.033649935,-0.013554571,0.047597870,0.934494619,-0.002667697,-0.334811475,-0.120888244
1789447225.610150576,0.033665265,-0.013729154,0.047581057,0.934501053,-0.002613167,-0.334803445,-0.120861934
1789447225.643487930,0.033663141,-0.013893290,0.047566700,0.934476495,-0.002690845,-0.334869620,-0.120866772
1789447225.676824570,0.033639616,-0.014039715,0.047558353,0.934482064,-0.002767572,-0.334856082,-0.120859492
1789447225.710161924,0.033593694,-0.014167900,0.047550386,0.934486424,-0.002759950,-0.334851335,-0.120839108
1789447225.743499279,0.033523417,-0.014275537,0.047538870,0.934466479,-0.002797946,-0.334908805,-0.120833206
1789447225.776836634,0.033427176,-0.014367207,0.047531120,0.934498315,-0.002738100,-0.334827029,-0.120814994
1789447225.810172796,0.033299883,-0.014430775,0.047514719,0.934510430,-0.002784673,-0.334789739,-0.120823556
1789447225.843510151,0.033141635,-0.014470789,0.047484757,0.934497057,-0.002812811,-0.334824970,-0.120828712
1789447225.876847744,0.032960683,-0.014489424,0.047453196,0.934517800,-0.002759442,-0.334764190,-0.120837923
1789447225.910185099,0.032755954,-0.014491135,0.047411388,0.934510786,-0.002767084,-0.334786861,-0.120829184
1789447225.943521500,0.032545029,-0.014479566,0.047362512,0.934548350,-0.002756904,-0.334694949,-0.120793510
1789447225.976858616,0.032339561,-0.014447125,0.047290832,0.934543844,-0.002676825,-0.334694070,-0.120832604
1789447226.010195971,0.032147896,-0.014406625,0.047203163,0.934589654,-0.002615177,-0.334583257,-0.120786523
1789447226.043532372,0.031964599,-0.014356261,0.047102048,0.934602418,-0.002680490,-0.334538836,-0.120809361
1789447226.076869726,0.031793654,-0.014308786,0.047000728,0.934614717,-0.002699765,-0.334503578,-0.120811418
1789447226.110208035,0.031646400,-0.014266155,0.046910501,0.934643889,-0.002582996,-0.334428198,-0.120796977
1789447226.143546104,0.031528377,-0.014219465,0.046832131,0.934625360,-0.002665163,-0.334480316,-0.120794250
1789447226.176883221,0.031446913,-0.014181172,0.046785824,0.934659058,-0.002605744,-0.334387118,-0.120792841
1789447226.210221529,0.031386989,-0.014140381,0.046756857,0.934641823,-0.002619223,-0.334435564,-0.120791787
1789447226.243559837,0.031346716,-0.014097433,0.046748459,0.934656295,-0.002629653,-0.334400077,-0.120777831
1789447226.276897907,0.031323436,-0.014052916,0.046749557,0.934652006,-0.002594962,-0.334410338,-0.120783356
1789447226.310235023,0.031314618,-0.014013700,0.046761594,0.934645763,-0.002498264,-0.334412096,-0.120828829
1789447226.343573332,0.031319581,-0.013981192,0.046789206,0.934668202,-0.002553223,-0.334369902,-0.120770868
1789447226.376911640,0.031333081,-0.013953054,0.046824409,0.934671879,-0.002482512,-0.334363369,-0.120761966
1789447226.410248756,0.031351590,-0.013918970,0.046863105,0.934659596,-0.002540171,-0.334394382,-0.120769967
1789447226.443586826,0.031367220,-0.013883222,0.046910262,0.934681569,-0.002544880,-0.334344810,-0.120737055
1789447226.476925135,0.031371436,-0.013838378,0.046963555,0.934683443,-0.002551972,-0.334324436,-0.120778803
1789447226.510263443,0.031362313,-0.013785411,0.047026662,0.934667374,-0.002551643,-0.334381932,-0.120744000
1789447226.543600559,0.031341451,-0.013723664,0.047100788,0.934667638,-0.002471712,-0.334376306,-0.120759198
1789447226.576938629,0.031309749,-0.013652879,0.047179229,0.934671537,-0.002533443,-0.334374315,-0.120733251
1789447226.610276937,0.031267714,-0.013578430,0.047258526,0.934650294,-0.002576390,-0.334422499,-0.120763331
1789447226.643614292,0.031220126,-0.013510786,0.047348900,0.934672166,-0.002505486,-0.334373547,-0.120731088
1789447226.676952362,0.031170283,-0.013441114,0.047455425,0.934705734,-0.002560129,-0.334295917,-0.120685031
1789447226.710290432,0.031121489,-0.013372838,0.047568841,0.934679500,-0.002495792,-0.334352801,-0.120731967
1789447226.743628979,0.031077577,-0.013310780,0.047689361,0.934668097,-0.002440656,-0.334387847,-0.120724314
1789447226.776966095,0.031042931,-0.013260302,0.047812644,0.934691986,-0.002425820,-0.334327008,-0.120708158
1789447226.810304165,0.031018100,-0.013222671,0.047927531,0.934682982,-0.002435636,-0.334351288,-0.120710428
1789447226.843642473,0.031000884,-0.013202636,0.048040209,0.934678943,-0.002427892,-0.334364383,-0.120705587
1789447226.876980782,0.030991691,-0.013188945,0.048151084,0.934684583,-0.002537003,-0.334347842,-0.120705485
1789447226.910317898,0.030994723,-0.013185758,0.048256395,0.934706320,-0.002509200,-0.334291121,-0.120694842
1789447226.943656206,0.031008251,-0.013190093,0.048349363,0.934686291,-0.002469332,-0.334345103,-0.120701249
1789447226.976994276,0.031031587,-0.013212498,0.048431447,0.934678418,-0.002392728,-0.334356671,-0.120731713
1789447227.010331631,0.031068231,-0.013254638,0.048488971,0.934666564,-0.002483798,-0.334400835,-0.120699320
1789447227.043669939,0.031118796,-0.013313158,0.048524459,0.934676372,-0.002429848,-0.334376449,-0.120692027
1789447227.077008009,0.031178894,-0.013377428,0.048545275,0.934681519,-0.002441019,-0.334348761,-0.120728645
1789447227.110349417,0.031241330,-0.013449420,0.048557789,0.934659504,-0.002541808,-0.334416550,-0.120709244
1789447227.143689871,0.031305352,-0.013529562,0.048568097,0.934656893,-0.002461686,-0.334422955,-0.120713377
1789447227.177031279,0.031371616,-0.013610370,0.048569425,0.934659844,-0.002453447,-0.334412216,-0.120720446
1789447227.210372686,0.031438347,-0.013690200,0.048562798,0.934649171,-0.002506772,-0.334437054,-0.120733177
1789447227.243714094,0.031506158,-0.013770016,0.048557887,0.934654121,-0.002540607,-0.334428952,-0.120716593
1789447227.277054787,0.031568988,-0.013845946,0.048551026,0.934625118,-0.002459110,-0.334494127,-0.120762248
1789447227.310396194,0.031630271,-0.013922519,0.048554934,0.934683156,-0.002492879,-0.334351654,-0.120706899
1789447227.343737841,0.031686614,-0.013994817,0.048541822,0.934625901,-0.002527294,-0.334497348,-0.120745862
1789447227.377078295,0.031747189,-0.014071963,0.048531600,0.934635508,-0.002452648,-0.334474534,-0.120736233
1789447227.410419941,0.031800978,-0.014144719,0.048514038,0.934627006,-0.002399530,-0.334496265,-0.120742912
1789447227.443761826,0.031853278,-0.014206684,0.048496436,0.934634040,-0.002574898,-0.334478292,-0.120734641
1789447227.477103233,0.031908994,-0.014272285,0.048479021,0.934639347,-0.002533780,-0.334460651,-0.120743299
1789447227.510443926,0.031963490,-0.014339022,0.048463630,0.934624182,-0.002415861,-0.334503255,-0.120745080
1789447227.543785572,0.032010330,-0.014405140,0.048452947,0.934615603,-0.002399510,-0.334522556,-0.120758335
1789447227.577127457,0.032056575,-0.014473949,0.048442299,0.934618926,-0.002463374,-0.334512853,-0.120758211
1789447227.610469103,0.032107391,-0.014546239,0.048432651,0.934635613,-0.002512661,-0.334469575,-0.120747926
1789447227.643809795,0.032162581,-0.014617155,0.048419869,0.934624017,-0.002596953,-0.334503435,-0.120742096
1789447227.677151680,0.032213673,-0.014684066,0.048411748,0.934611379,-0.002572797,-0.334528390,-0.120771302
1789447227.710493326,0.032260224,-0.014747071,0.048408782,0.934607587,-0.002551718,-0.334533107,-0.120788026
1789447227.743834496,0.032307463,-0.014810767,0.048403149,0.934599545,-0.002495485,-0.334567775,-0.120755399
1789447227.777176380,0.032351643,-0.014865472,0.048398273,0.934598503,-0.002579296,-0.334564228,-0.120771528
1789447227.810518026,0.032389582,-0.014920395,0.048392874,0.934622340,-0.002545078,-0.334499355,-0.120767488
1789447227.843860149,0.032423409,-0.014968593,0.048384798,0.934612601,-0.002575475,-0.334520809,-0.120782785
1789447227.877200842,0.032457670,-0.015016870,0.048377547,0.934606199,-0.002562848,-0.334538805,-0.120782748
1789447227.910542965,0.032494002,-0.015069136,0.048370801,0.934606746,-0.002448816,-0.334537640,-0.120784112
1789447227.943885088,0.032527162,-0.015112349,0.048368369,0.934611479,-0.002617546,-0.334522588,-0.120785639
1789447227.977226019,0.032555478,-0.015158300,0.048366294,0.934603726,-0.002580418,-0.334545964,-0.120781684
1789447228.010568142,0.032586016,-0.015195040,0.048367085,0.934608031,-0.002609285,-0.334537092,-0.120772325
1789447228.043910265,0.032616504,-0.015227886,0.048368675,0.934608423,-0.002579861,-0.334533073,-0.120781050
1789447228.077252150,0.032645049,-0.015262235,0.048373637,0.934609737,-0.002515881,-0.334529302,-0.120782684
1789447228.110590935,0.032674647,-0.015299072,0.048381675,0.934607266,-0.002512003,-0.334535058,-0.120785940
1789447228.143930197,0.032706261,-0.015339273,0.048387747,0.934612720,-0.002568827,-0.334526982,-0.120764909
1789447228.177269697,0.032736848,-0.015378058,0.048386330,0.934602789,-0.002593446,-0.334556219,-0.120760246
1789447228.210609198,0.032765618,-0.015414436,0.048386134,0.934621157,-0.002637038,-0.334497668,-0.120779343
1789447228.243947744,0.032793269,-0.015454315,0.048385922,0.934617150,-0.002562498,-0.334511247,-0.120774345
1789447228.277287245,0.032824143,-0.015490265,0.048394847,0.934626963,-0.002623921,-0.334490382,-0.120754874
1789447228.310626984,0.032854780,-0.015521658,0.048405070,0.934601152,-0.002626989,-0.334553003,-0.120781096
1789447228.343965292,0.032884873,-0.015549200,0.048422335,0.934606626,-0.002676876,-0.334544976,-0.120759882
1789447228.377305031,0.032909375,-0.015577052,0.048437278,0.934585097,-0.002573411,-0.334589534,-0.120805287
1789447228.410644531,0.032929910,-0.015606777,0.048457803,0.934604698,-0.002551712,-0.334541721,-0.120786522
1789447228.443984032,0.032951030,-0.015635531,0.048476172,0.934612432,-0.002638152,-0.334523325,-0.120775770
1789447228.477322817,0.032973505,-0.015668056,0.048491157,0.934604032,-0.002588919,-0.334552236,-0.120761759
1789447228.510662079,0.032994311,-0.015691838,0.048507535,0.934594002,-0.002630785,-0.334574109,-0.120777878
1789447228.544001818,0.033012147,-0.015715926,0.048528567,0.934605791,-0.002590431,-0.334538966,-0.120784875
1789447228.577341318,0.033029400,-0.015739304,0.048549070,0.934590481,-0.002577151,-0.334580392,-0.120788872
1789447228.610679865,0.033051516,-0.015768686,0.048575253,0.934612499,-0.002515073,-0.334527373,-0.120766668
1789447228.644019604,0.033074437,-0.015796200,0.048595284,0.934599807,-0.002588198,-0.334557474,-0.120779959
1789447228.677359104,0.033094185,-0.015823755,0.048610380,0.934596119,-0.002642460,-0.334561727,-0.120795537
1789447228.710697651,0.033112137,-0.015853868,0.048622815,0.934585219,-0.002637589,-0.334603123,-0.120765314
1789447228.744037390,0.033130133,-0.015882006,0.048646984,0.934600511,-0.002583215,-0.334554089,-0.120783991
1789447228.777376890,0.033141530,-0.015905738,0.048673468,0.934591616,-0.002614702,-0.334580478,-0.120779048
1789447228.810716629,0.033149016,-0.015924246,0.048695334,0.934590589,-0.002643749,-0.334585074,-0.120773634
1789447228.844055176,0.033157319,-0.015938746,0.048712993,0.934611176,-0.002621154,-0.334524227,-0.120783364
1789447228.877394915,0.033167862,-0.015952117,0.048726351,0.934597373,-0.002579918,-0.334562878,-0.120784002
1789447228.910734653,0.033180272,-0.015966636,0.048745860,0.934583714,-0.002591094,-0.334605803,-0.120770542
1789447228.944074154,0.033192135,-0.015983833,0.048770927,0.934599412,-0.002573890,-0.334559060,-0.120778930
1789447228.977412939,0.033203005,-0.015997040,0.048782340,0.934563351,-0.002638641,-0.334654585,-0.120791927
1789447229.010752439,0.033217154,-0.016013035,0.048788260,0.934584411,-0.002568056,-0.334604653,-0.120768829
1789447229.044092178,0.033228212,-0.016026325,0.048790582,0.934606988,-0.002540035,-0.334540664,-0.120771976
1789447229.077430964,0.033234743,-0.016037223,0.048790688,0.934586699,-0.002592198,-0.334591193,-0.120787898
1789447229.110770702,0.033242277,-0.016048954,0.048792013,0.934588524,-0.002611642,-0.334578460,-0.120808626
1789447229.144110680,0.033252020,-0.016059091,0.048783348,0.934601737,-0.002640586,-0.334551713,-0.120779846
1789447229.177450418,0.033259129,-0.016067245,0.048758640,0.934607388,-0.002570894,-0.334538048,-0.120775479
1789447229.210789204,0.033265507,-0.016070871,0.048716858,0.934584727,-0.002573626,-0.334597064,-0.120787292
1789447229.244129419,0.033275140,-0.016071834,0.048655180,0.934561697,-0.002561124,-0.334651048,-0.120816186
1789447229.277469158,0.033285318,-0.016064865,0.048560933,0.934573837,-0.002678235,-0.334625877,-0.120789456
1789447229.310808182,0.033283159,-0.016046717,0.048413646,0.934572572,-0.002640797,-0.334638706,-0.120764523
1789447229.344148159,0.033269090,-0.016009126,0.048212619,0.934575785,-0.002636236,-0.334621429,-0.120787626
1789447229.377488136,0.033250528,-0.015962452,0.047976410,0.934581315,-0.002610004,-0.334607236,-0.120784733
1789447229.410828114,0.033229227,-0.015912960,0.047727148,0.934565527,-0.002537632,-0.334646619,-0.120799320
1789447229.444166899,0.033209230,-0.015868030,0.047494357,0.934592972,-0.002551829,-0.334570831,-0.120796619
1789447229.477507114,0.033191585,-0.015832241,0.047290221,0.934583022,-0.002660472,-0.334607427,-0.120769891
1789447229.510847092,0.033176315,-0.015813511,0.047138665,0.934579783,-0.002573393,-0.334609848,-0.120790130
1789447229.544187069,0.033163754,-0.015802244,0.047027949,0.934568412,-0.002621665,-0.334649691,-0.120766691
1789447229.577526093,0.033151284,-0.015794511,0.046945562,0.934565891,-0.002647890,-0.334647702,-0.120791141
1789447229.610866308,0.033143359,-0.015793344,0.046883089,0.934586795,-0.002607601,-0.334591175,-0.120786869
1789447229.644206285,0.033140621,-0.015792088,0.046832977,0.934569008,-0.002669116,-0.334636310,-0.120798116
1789447229.677545071,0.033141430,-0.015795680,0.046806038,0.934576485,-0.002649659,-0.334619980,-0.120785936
1789447229.710885286,0.033141909,-0.015799829,0.046798067,0.934581074,-0.002604551,-0.334610407,-0.120777932
1789447229.744225264,0.033143747,-0.015804455,0.046804125,0.934592314,-0.002645598,-0.334588575,-0.120750540
1789447229.777565479,0.033149170,-0.015813623,0.046814319,0.934581676,-0.002554986,-0.334601305,-0.120799544
1789447229.810904503,0.033154237,-0.015823336,0.046824321,0.934566017,-0.002597728,-0.334649622,-0.120785934
1789447229.844244719,0.033155830,-0.015832834,0.046832811,0.934562250,-0.002573195,-0.334649802,-0.120815105
1789447229.877584696,0.033158685,-0.015839740,0.046845308,0.934586593,-0.002701336,-0.334596314,-0.120772141
1789447229.910925150,0.033161061,-0.015848731,0.046858935,0.934582395,-0.002609655,-0.334619687,-0.120741877
1789447229.944264174,0.033167274,-0.015849411,0.046880742,0.934600460,-0.002566991,-0.334559666,-0.120769285
1789447229.977604151,0.033174729,-0.015847703,0.046897435,0.934567487,-0.002634174,-0.334646698,-0.120781873
1789447230.010944366,0.033183774,-0.015853704,0.046920185,0.934578569,-0.002578929,-0.334621998,-0.120765747
1789447230.044283628,0.033188554,-0.015864135,0.046946091,0.934599015,-0.002559958,-0.334567280,-0.120759524
1789447230.077623844,0.033189085,-0.015878608,0.046971149,0.934575779,-0.002589632,-0.334628147,-0.120770072
1789447230.110960960,0.033192224,-0.015896172,0.047007530,0.934582271,-0.002622106,-0.334607268,-0.120776983
1789447230.144297838,0.033197610,-0.015910339,0.047043194,0.934569247,-0.002623602,-0.334646833,-0.120768110
1789447230.177634001,0.033200469,-0.015916229,0.047079227,0.934573477,-0.002586529,-0.334633538,-0.120773017
1789447230.210970879,0.033202052,-0.015914021,0.047109728,0.934583417,-0.002677828,-0.334602556,-0.120779943
1789447230.244307756,0.033205447,-0.015933494,0.047130570,0.934584402,-0.002546462,-0.334605910,-0.120765875
1789447230.277645111,0.033214262,-0.015950292,0.047161134,0.934576646,-0.002581739,-0.334628030,-0.120763860
1789447230.310981035,0.033226207,-0.015962580,0.047200127,0.934571869,-0.002630434,-0.334631591,-0.120789904
1789447230.344317913,0.033237310,-0.015973689,0.047231034,0.934579885,-0.002694149,-0.334613188,-0.120777457
1789447230.377655029,0.033242401,-0.015981618,0.047247708,0.934573033,-0.002607723,-0.334618908,-0.120816523
1789447230.410990953,0.033245103,-0.015989508,0.047255627,0.934557098,-0.002643044,-0.334676705,-0.120778922
1789447230.444327831,0.033244054,-0.015996932,0.047269535,0.934558781,-0.002662301,-0.334677353,-0.120763679
1789447230.477664709,0.033237875,-0.016000179,0.047288684,0.934565218,-0.002659381,-0.334652009,-0.120784165
1789447230.511001825,0.033236242,-0.016000170,0.047304191,0.934583986,-0.002665385,-0.334610615,-0.120753487
1789447230.544337749,0.033238682,-0.015996080,0.047313374,0.934583650,-0.002722766,-0.334597493,-0.120791164
1789447230.577674627,0.033244992,-0.015999898,0.047326625,0.934573537,-0.002639699,-0.334635829,-0.120765054
1789447230.611011505,0.033257141,-0.016004540,0.047351633,0.934596414,-0.002546335,-0.334587342,-0.120724357
1789447230.644347429,0.033264674,-0.016008304,0.047377550,0.934609431,-0.002582737,-0.334530700,-0.120779766
1789447230.677684307,0.033273302,-0.016020601,0.047401215,0.934585418,-0.002601089,-0.334593530,-0.120791143
1789447230.711021185,0.033286875,-0.016031539,0.047433577,0.934591416,-0.002697805,-0.334594718,-0.120739312
1789447230.744357824,0.033293115,-0.016040212,0.047461406,0.934579649,-0.002634175,-0.334623712,-0.120751448
1789447230.777693748,0.033294803,-0.016040581,0.047484300,0.934579798,-0.002656011,-0.334608645,-0.120791561
1789447230.811030865,0.033296061,-0.016043343,0.047497387,0.934571769,-0.002569370,-0.334631932,-0.120791046
1789447230.844367504,0.033301126,-0.016044559,0.047508545,0.934599271,-0.002580457,-0.334570383,-0.120748511
1789447230.877704382,0.033301560,-0.016046427,0.047516778,0.934615714,-0.002614278,-0.334527932,-0.120738124
1789447230.911040068,0.033301735,-0.016050420,0.047521155,0.934592122,-0.002590349,-0.334578342,-0.120781571
1789447230.944376945,0.033306764,-0.016052929,0.047532081,0.934592048,-0.002714365,-0.334587421,-0.120754271
1789447230.977713585,0.033304438,-0.016056364,0.047543983,0.934577492,-0.002578334,-0.334629591,-0.120753054
1789447231.011049509,0.033299993,-0.016050372,0.047562649,0.934593115,-0.002607880,-0.334585864,-0.120752668
1789447231.044386148,0.033298220,-0.016047878,0.047575172,0.934588615,-0.002556791,-0.334580552,-0.120803298
1789447231.077722788,0.033301700,-0.016055465,0.047580607,0.934583749,-0.002559636,-0.334604353,-0.120774958
1789447231.111060143,0.033303011,-0.016063255,0.047585666,0.934588106,-0.002642531,-0.334590869,-0.120776815
1789447231.144396067,0.033303808,-0.016070049,0.047588133,0.934576573,-0.002641169,-0.334618169,-0.120790453
1789447231.177733183,0.033309584,-0.016074943,0.047589276,0.934566134,-0.002603195,-0.334642298,-0.120805206
1789447231.211070299,0.033313369,-0.016078446,0.047589455,0.934567833,-0.002646061,-0.334647203,-0.120777541
1789447231.244407177,0.033306946,-0.016079623,0.047589770,0.934572821,-0.002649803,-0.334640794,-0.120756615
1789447231.277743101,0.033296652,-0.016073988,0.047591884,0.934576662,-0.002650381,-0.334626916,-0.120765331
1789447231.311080217,0.033289933,-0.016066324,0.047594118,0.934568501,-0.002550432,-0.334643620,-0.120784353
1789447231.344417334,0.033287015,-0.016058824,0.047598081,0.934582678,-0.002509927,-0.334609388,-0.120770341
1789447231.377753258,0.033281287,-0.016052793,0.047598440,0.934583404,-0.002560813,-0.334603923,-0.120778796
1789447231.411090136,0.033277364,-0.016047674,0.047598392,0.934577327,-0.002686351,-0.334623072,-0.120770039
1789447231.444427252,0.033280375,-0.016049160,0.047600363,0.934577978,-0.002544584,-0.334624036,-0.120765404
1789447231.477764130,0.033283840,-0.016043512,0.047603938,0.934564852,-0.002595806,-0.334656314,-0.120776448
1789447231.511100054,0.033287009,-0.016041368,0.047614492,0.934595885,-0.002632804,-0.334576593,-0.120756382
1789447231.544436932,0.033290420,-0.016046341,0.047616661,0.934569826,-0.002475033,-0.334637362,-0.120793008
1789447231.577773809,0.033295100,-0.016051363,0.047618550,0.934586856,-0.002620525,-0.334605810,-0.120745570
1789447231.611110926,0.033295347,-0.016057898,0.047612710,0.934583395,-0.002659034,-0.334612194,-0.120753830
1789447231.644446850,0.033297275,-0.016062096,0.047613383,0.934598815,-0.002656724,-0.334569221,-0.120753604
1789447231.677783728,0.033299215,-0.016063414,0.047615104,0.934577703,-0.002660113,-0.334627874,-0.120754410
1789447231.711120367,0.033298881,-0.016064312,0.047620477,0.934575364,-0.002611904,-0.334637748,-0.120746195
1789447231.744456291,0.033292489,-0.016057281,0.047622844,0.934573070,-0.002654849,-0.334640389,-0.120755696
1789447231.777793169,0.033287191,-0.016053354,0.047626191,0.934594730,-0.002592221,-0.334579984,-0.120756801
1789447231.811130047,0.033282580,-0.016047655,0.047625188,0.934573096,-0.002586544,-0.334635922,-0.120769359
1789447231.844466686,0.033278036,-0.016042857,0.047628916,0.934585184,-0.002545546,-0.334599457,-0.120777716
1789447231.877802849,0.033275834,-0.016040399,0.047626882,0.934571225,-0.002563487,-0.334637951,-0.120778703
1789447231.911139488,0.033278339,-0.016046028,0.047625604,0.934596075,-0.002547287,-0.334573652,-0.120764888
1789447231.944476366,0.033280372,-0.016049375,0.047622968,0.934598754,-0.002629865,-0.334569324,-0.120754381
1789447231.977812052,0.033280831,-0.016052014,0.047620799,0.934574053,-0.002622533,-0.334630309,-0.120776726
1789447232.011148930,0.033280331,-0.016055070,0.047625093,0.934584886,-0.002557345,-0.334599196,-0.120780500
1789447232.044485569,0.033278987,-0.016053434,0.047626816,0.934572422,-0.002572517,-0.334625386,-0.120804063
1789447232.077822208,0.033277204,-0.016056922,0.047631931,0.934603738,-0.002553402,-0.334544803,-0.120785379
1789447232.111160994,0.033270586,-0.016056022,0.047628985,0.934572946,-0.002632170,-0.334627399,-0.120793150
1789447232.144500732,0.033270620,-0.016059640,0.047630466,0.934584663,-0.002577112,-0.334603674,-0.120769400
1789447232.177840233,0.033276123,-0.016061171,0.047633646,0.934594460,-0.002544670,-0.334576119,-0.120770616
1789447232.211179972,0.033277990,-0.016062378,0.047634817,0.934587220,-0.002547330,-0.334592617,-0.120780873
1789447232.244518518,0.033277798,-0.016061264,0.047633239,0.934569544,-0.002597413,-0.334634506,-0.120800530
1789447232.277858496,0.033278694,-0.016058622,0.047633431,0.934574748,-0.002621054,-0.334627017,-0.120780505
1789447232.311197996,0.033276587,-0.016055862,0.047633746,0.934578324,-0.002533731,-0.334631095,-0.120743392
1789447232.344536543,0.033269175,-0.016052139,0.047638322,0.934597864,-0.002439977,-0.334563705,-0.120780822
1789447232.377876520,0.033264466,-0.016053751,0.047639183,0.934607224,-0.002484470,-0.334531803,-0.120795845
1789447232.411216021,0.033268603,-0.016061890,0.047635560,0.934591534,-0.002600990,-0.334595660,-0.120737914
1789447232.444555998,0.033274544,-0.016070765,0.047637056,0.934581824,-0.002542091,-0.334615636,-0.120758968
1789447232.477894545,0.033274878,-0.016072751,0.047645757,0.934589748,-0.002583873,-0.334589563,-0.120768998
1789447232.511234283,0.033273687,-0.016076198,0.047655057,0.934592871,-0.002570543,-0.334587903,-0.120749715
1789447232.544574261,0.033276141,-0.016080187,0.047662791,0.934608983,-0.002545276,-0.334547318,-0.120737995
1789447232.577913761,0.033279015,-0.016081585,0.047667119,0.934611098,-0.002574120,-0.334543045,-0.120732847
1789447232.611252785,0.033280427,-0.016082069,0.047671840,0.934589804,-0.002563938,-0.334582324,-0.120789038
1789447232.644592524,0.033288242,-0.016085099,0.047682114,0.934592775,-0.002592177,-0.334585529,-0.120756571
1789447232.677932024,0.033299206,-0.016092586,0.047695342,0.934601740,-0.002521255,-0.334575897,-0.120715367
1789447232.711271048,0.033309395,-0.016098629,0.047710806,0.934621391,-0.002517577,-0.334517083,-0.120726293
1789447232.744610786,0.033321390,-0.016101913,0.047724201,0.934587040,-0.002584212,-0.334590752,-0.120786650
1789447232.777950764,0.033341686,-0.016111321,0.047752461,0.934605976,-0.002585268,-0.334552418,-0.120746286
1789447232.811290503,0.033361081,-0.016119571,0.047788045,0.934599850,-0.002513846,-0.334570036,-0.120746399
1789447232.844629288,0.033372285,-0.016124469,0.047823685,0.934569539,-0.002532018,-0.334642247,-0.120780512
1789447232.877969265,0.033387313,-0.016135008,0.047856678,0.934594421,-0.002528682,-0.334570753,-0.120786114
1789447232.911309004,0.033413828,-0.016157945,0.047881268,0.934611696,-0.002466969,-0.334540107,-0.120738597
1789447232.944648981,0.033442443,-0.016184075,0.047906209,0.934605015,-0.002519591,-0.334551283,-0.120758259
1789447232.977987766,0.033469868,-0.016216592,0.047939972,0.934598223,-0.002570769,-0.334553682,-0.120803091
1789447233.011327982,0.033510181,-0.016257908,0.047987828,0.934581704,-0.002499720,-0.334606307,-0.120786626
1789447233.044667721,0.033574926,-0.016285399,0.048075985,0.934587183,-0.002477667,-0.334596439,-0.120772021
1789447233.078006506,0.033675935,-0.016272425,0.048250029,0.934612429,-0.002518086,-0.334526148,-0.120770536
