t_sec,x,y,z,qw,qx,qy,qz
1790504103.826067686,0.000001337,0.000000821,-0.000000135,0.999996951,0.000228460,0.001050170,0.002223055
1790504103.859452248,-0.000151586,-0.000036643,0.000002851,0.999996989,0.000187055,0.001055605,0.002207611
1790504103.892820120,-0.000186812,-0.000005462,-0.000015681,0.999996984,0.000193220,0.001050844,0.002211274
1790504103.926173687,-0.000175995,0.000054637,-0.000043823,0.999996985,0.000193785,0.001053439,0.002209502
1790504103.959511757,-0.000158067,0.000116025,-0.000072190,0.999996971,0.000197306,0.001048336,0.002218089
1790504103.992834568,-0.000145838,0.000165942,-0.000094174,0.999996989,0.000192142,0.001060287,0.002204510
1790504104.026140928,-0.000142474,0.000197310,-0.000109190,0.999996968,0.000205568,0.001049792,0.002217912
1790504104.059432507,-0.000145862,0.000216293,-0.000116449,0.999996975,0.000207015,0.001050668,0.002214342
1790504104.092709303,-0.000154484,0.000227417,-0.000118203,0.999996969,0.000196649,0.001054036,0.002216175
1790504104.125969172,-0.000164732,0.000232729,-0.000116734,0.999996968,0.000202938,0.001052105,0.002217020
1790504104.159214735,-0.000172366,0.000233314,-0.000111697,0.999996985,0.000212066,0.001055495,0.002207241
1790504104.192445040,-0.000177374,0.000228248,-0.000103588,0.999996997,0.000207102,0.001051821,0.002203761
1790504104.225659847,-0.000181720,0.000218711,-0.000091615,0.999996982,0.000190205,0.001052409,0.002211916
1790504104.258858442,-0.000186061,0.000207314,-0.000077029,0.999996973,0.000191542,0.001053681,0.002215303
1790504104.292042494,-0.000188126,0.000196189,-0.000062546,0.999996970,0.000193145,0.001059922,0.002213330
1790504104.325211287,-0.000188876,0.000183820,-0.000049219,0.999996969,0.000200869,0.001058784,0.002213519
1790504104.358363390,-0.000189845,0.000170930,-0.000035586,0.999996969,0.000184961,0.001062407,0.002213479
1790504104.391500950,-0.000191385,0.000156834,-0.000023348,0.999996981,0.000201046,0.001068113,0.002203579
1790504104.424623489,-0.000192642,0.000142884,-0.000011520,0.999996987,0.000207669,0.001062693,0.002203295
1790504104.457730532,-0.000191431,0.000128762,0.000000338,0.999996986,0.000188823,0.001063705,0.002204535
1790504104.490821123,-0.000188146,0.000111840,0.000010243,0.999996969,0.000188302,0.001070729,0.002208977
1790504104.523896933,-0.000185520,0.000095555,0.000017510,0.999996967,0.000194666,0.001062427,0.002213416
1790504104.556957722,-0.000183694,0.000082278,0.000023673,0.999996964,0.000181340,0.001064767,0.002214601
1790504104.590003252,-0.000182332,0.000069996,0.000027113,0.999996983,0.000193005,0.001069810,0.002202823
1790504104.623032093,-0.000181324,0.000058832,0.000029379,0.999996965,0.000184971,0.001068274,0.002212276
1790504104.656046629,-0.000182377,0.000048386,0.000031402,0.999996969,0.000181989,0.001059813,0.002214830
1790504104.689045668,-0.000184571,0.000039649,0.000032888,0.999997003,0.000196477,0.001060813,0.002197805
1790504104.722030163,-0.000185997,0.000033713,0.000032911,0.999996973,0.000185406,0.001063323,0.002211122
1790504104.755392551,-0.000189268,0.000028505,0.000030050,0.999996973,0.000192667,0.001058571,0.002212883
1790504104.788751364,-0.000194858,0.000024186,0.000025902,0.999996996,0.000191459,0.001058186,0.002202553
1790504104.822107077,-0.000203200,0.000019849,0.000021742,0.999996977,0.000187076,0.001063000,0.002209202
1790504104.855458260,-0.000213505,0.000016498,0.000018347,0.999996971,0.000180268,0.001064835,0.002211637
1790504104.888806820,-0.000224737,0.000013551,0.000015399,0.999996962,0.000197331,0.001053847,0.002219420
1790504104.922152042,-0.000238895,0.000013955,0.000013096,0.999996986,0.000188663,0.001051999,0.002210369
1790504104.955494165,-0.000254216,0.000015967,0.000011467,0.999996967,0.000167990,0.001060854,0.002216552
1790504104.988831520,-0.000269504,0.000017217,0.000008670,0.999996971,0.000182873,0.001058139,0.002214803
1790504105.022166491,-0.000286451,0.000021162,0.000005290,0.999996992,0.000189444,0.001051972,0.002207642
1790504105.055497885,-0.000304335,0.000028565,0.000003834,0.999996965,0.000186515,0.001058786,0.002217012
1790504105.088824987,-0.000321945,0.000038635,0.000004989,0.999996994,0.000172693,0.001061936,0.002203162
1790504105.122149706,-0.000337493,0.000047204,0.000007145,0.999996975,0.000181423,0.001051873,0.002216090
1790504105.155470848,-0.000350652,0.000056104,0.000013906,0.999996983,0.000184698,0.001043928,0.002215773
1790504105.188788652,-0.000360363,0.000065652,0.000022644,0.999996978,0.000174533,0.001052632,0.002214706
1790504105.222102165,-0.000368399,0.000073888,0.000028451,0.999996986,0.000188633,0.001051922,0.002210610
1790504105.255412817,-0.000376060,0.000082110,0.000034445,0.999996977,0.000185271,0.001052325,0.002214569
1790504105.288720369,-0.000384691,0.000092007,0.000042488,0.999996990,0.000178622,0.001047256,0.002211633
1790504105.322024345,-0.000394201,0.000102461,0.000051423,0.999996970,0.000176509,0.001048195,0.002220597
1790504105.355324268,-0.000404418,0.000114085,0.000060893,0.999996960,0.000174270,0.001060827,0.002219267
1790504105.388621330,-0.000413144,0.000127921,0.000069103,0.999996981,0.000171914,0.001048153,0.002215599
1790504105.421915054,-0.000420940,0.000142622,0.000077121,0.999996968,0.000183541,0.001044950,0.002222027
1790504105.455204248,-0.000430899,0.000157493,0.000087381,0.999996964,0.000191544,0.001047499,0.002222174
1790504105.488491297,-0.000442940,0.000172334,0.000097777,0.999996991,0.000183174,0.001051535,0.002208708
1790504105.521774769,-0.000457866,0.000185758,0.000104948,0.999996968,0.000175039,0.001051952,0.002219668
1790504105.555054665,-0.000474087,0.000200313,0.000110637,0.999996991,0.000159238,0.001046419,0.002213062
1790504105.588330269,-0.000489125,0.000213905,0.000116814,0.999996998,0.000185270,0.001046658,0.002207769
1790504105.621603489,-0.000501125,0.000227521,0.000123407,0.999997006,0.000183992,0.001049388,0.002203108
1790504105.654873133,-0.000507859,0.000238401,0.000127924,0.999996989,0.000166297,0.001044171,0.002214674
1790504105.688138485,-0.000509925,0.000245147,0.000130349,0.999996990,0.000186607,0.001042438,0.002213277
1790504105.721401930,-0.000508878,0.000247820,0.000132351,0.999997003,0.000184614,0.001041970,0.002207782
1790504105.754657984,-0.000506145,0.000249202,0.000134637,0.999996997,0.000187418,0.001038775,0.002211865
1790504105.787909746,-0.000505779,0.000250475,0.000136689,0.999997029,0.000190090,0.001037529,0.002197583
1790504105.821155787,-0.000507860,0.000248741,0.000140561,0.999997000,0.000188903,0.001038888,0.002210015
1790504105.854398251,-0.000508699,0.000250909,0.000138699,0.999997008,0.000182957,0.001044601,0.002204544
1790504105.887635946,-0.000508517,0.000256535,0.000136705,0.999997025,0.000200798,0.001044888,0.002194812
1790504105.920869112,-0.000507238,0.000258756,0.000137095,0.999997001,0.000211133,0.001038431,0.002208059
1790504105.954097033,-0.000510321,0.000254734,0.000136295,0.999997000,0.000199938,0.001046321,0.002205853
1790504105.987321138,-0.000511912,0.000249709,0.000135063,0.999997007,0.000192448,0.001049191,0.002201767
1790504106.020540476,-0.000510892,0.000245230,0.000134499,0.999997004,0.000186118,0.001046016,0.002205118
1790504106.053754330,-0.000511139,0.000243204,0.000131910,0.999996991,0.000188721,0.001047513,0.002210106
1790504106.086964846,-0.000515395,0.000244485,0.000129526,0.999996998,0.000191578,0.001060408,0.002200495
1790504106.120170593,-0.000518028,0.000244493,0.000126197,0.999997003,0.000193116,0.001062526,0.002197281
1790504106.153371811,-0.000517185,0.000242092,0.000123834,0.999997005,0.000188124,0.001055240,0.002200401
1790504106.186567307,-0.000516162,0.000239507,0.000121661,0.999996974,0.000190202,0.001063377,0.002210090
1790504106.219759464,-0.000515604,0.000236890,0.000119792,0.999996980,0.000182880,0.001057801,0.002210638
1790504106.252947092,-0.000515778,0.000236677,0.000119720,0.999996962,0.000184432,0.001060030,0.002217911
1790504106.286129951,-0.000514910,0.000240599,0.000118637,0.999996966,0.000186368,0.001056625,0.002217200
1790504106.319307089,-0.000516113,0.000244134,0.000118029,0.999996980,0.000201173,0.001055291,0.002210608
1790504106.352480650,-0.000517779,0.000242178,0.000117800,0.999996952,0.000194664,0.001065462,0.002218647
1790504106.385649920,-0.000516954,0.000239232,0.000119355,0.999996978,0.000175416,0.001059748,0.002211507
1790504106.418813467,-0.000517309,0.000238894,0.000119765,0.999996951,0.000188467,0.001060401,0.002222157
1790504106.451973438,-0.000517994,0.000239555,0.000120022,0.999996967,0.000180654,0.001059818,0.002215889
1790504106.485128880,-0.000518781,0.000240041,0.000119422,0.999996974,0.000188847,0.001065417,0.002209254
1790504106.518279552,-0.000520290,0.000237770,0.000120320,0.999996958,0.000186254,0.001062531,0.002218033
1790504106.551424742,-0.000520432,0.000234705,0.000118157,0.999996957,0.000182914,0.001062820,0.002218627
1790504106.584566355,-0.000521058,0.000231989,0.000118310,0.999996955,0.000162351,0.001071960,0.002217062
1790504106.617703676,-0.000520379,0.000235358,0.000118803,0.999996942,0.000180853,0.001070118,0.002222329
1790504106.650835991,-0.000518863,0.000238457,0.000120361,0.999996962,0.000185430,0.001065542,0.002214858
1790504106.683962822,-0.000517260,0.000238649,0.000122692,0.999996978,0.000169064,0.001069580,0.002207196
1790504106.717087030,-0.000515703,0.000239922,0.000124650,0.999996952,0.000183188,0.001063416,0.002220938
1790504106.750427961,-0.000514997,0.000240616,0.000124408,0.999996971,0.000183103,0.001064405,0.002211782
1790504106.783767939,-0.000516694,0.000237664,0.000123695,0.999996957,0.000161366,0.001073007,0.002215327
1790504106.817108870,-0.000518065,0.000236965,0.000121563,0.999996942,0.000175074,0.001075836,0.002219803
1790504106.850450039,-0.000516834,0.000238098,0.000123456,0.999996965,0.000170945,0.001067891,0.002213695
1790504106.883791208,-0.000514265,0.000241454,0.000123976,0.999996941,0.000178338,0.001069110,0.002223427
1790504106.917131662,-0.000512129,0.000245650,0.000124288,0.999996969,0.000191991,0.001058904,0.002214535
1790504106.950472832,-0.000512629,0.000246080,0.000124760,0.999996968,0.000189961,0.001063261,0.002213117
1790504106.983814478,-0.000515338,0.000241692,0.000127377,0.999996974,0.000178302,0.001072246,0.002206708
1790504107.017154932,-0.000515404,0.000235935,0.000129384,0.999996946,0.000171929,0.001063535,0.002224328
1790504107.050496817,-0.000514632,0.000234955,0.000129812,0.999996966,0.000170264,0.001061023,0.002216487
1790504107.083838701,-0.000515291,0.000236134,0.000128644,0.999996974,0.000176928,0.001070906,0.002207464
1790504107.117180347,-0.000514475,0.000236260,0.000128893,0.999996970,0.000170475,0.001060429,0.002214858
1790504107.150521517,-0.000513929,0.000237879,0.000131166,0.999996964,0.000178245,0.001059460,0.002217489
1790504107.183863640,-0.000513748,0.000239535,0.000131193,0.999996979,0.000184496,0.001054554,0.002212478
1790504107.217205524,-0.000518056,0.000235571,0.000133208,0.999997002,0.000222609,0.001026872,0.002211706
1790504107.250547886,-0.000523752,0.000232651,0.000136292,0.999996958,0.000172436,0.001058776,0.002220918
1790504107.283889055,-0.000529198,0.000235206,0.000137898,0.999996984,0.000169126,0.001055665,0.002211017
1790504107.317231417,-0.000534005,0.000240786,0.000138594,0.999996964,0.000191873,0.001067621,0.002212708
1790504107.350574017,-0.000532210,0.000243901,0.000138627,0.999996976,0.000180719,0.001066325,0.002208838
1790504107.383915424,-0.000527458,0.000246159,0.000136657,0.999997015,0.000193076,0.001051443,0.002197110
1790504107.417258263,-0.000526396,0.000244868,0.000135223,0.999996981,0.000185983,0.001060850,0.002208556
1790504107.450601101,-0.000522287,0.000244296,0.000134279,0.999996983,0.000188536,0.001054648,0.002210647
1790504107.483944178,-0.000519092,0.000244040,0.000134741,0.999996978,0.000192143,0.001055875,0.002211693
1790504107.517285824,-0.000518175,0.000243121,0.000136592,0.999996967,0.000183952,0.001050134,0.002220166
1790504107.550628901,-0.000520859,0.000243416,0.000134119,0.999996992,0.000185482,0.001055455,0.002206387
1790504107.583972216,-0.000521955,0.000243676,0.000133654,0.999996968,0.000185898,0.001061316,0.002214383
1790504107.617315531,-0.000520214,0.000243283,0.000135821,0.999996979,0.000186455,0.001053254,0.002213062
1790504107.650657654,-0.000520017,0.000240526,0.000137518,0.999996964,0.000175148,0.001054347,0.002220201
1790504107.684001207,-0.000522300,0.000241458,0.000136199,0.999996991,0.000178196,0.001062478,0.002203743
1790504107.717344761,-0.000522812,0.000242181,0.000135701,0.999996967,0.000178901,0.001059865,0.002216060
1790504107.750674248,-0.000521827,0.000243981,0.000135159,0.999996972,0.000189557,0.001058493,0.002213653
1790504107.784004927,-0.000519478,0.000244035,0.000135338,0.999996982,0.000179602,0.001056215,0.002211067
1790504107.817335129,-0.000517597,0.000243173,0.000135350,0.999996969,0.000185960,0.001053479,0.002217506
1790504107.850665569,-0.000516904,0.000242872,0.000136957,0.999996987,0.000178663,0.001050755,0.002211438
1790504107.883994579,-0.000517509,0.000241941,0.000138101,0.999996972,0.000188517,0.001053833,0.002215692
1790504107.917325020,-0.000517395,0.000238102,0.000139417,0.999996964,0.000164196,0.001055624,0.002220727
1790504107.950654745,-0.000515961,0.000238977,0.000140473,0.999996979,0.000172159,0.001044743,0.002218263
1790504107.983984947,-0.000518730,0.000241607,0.000139183,0.999997010,0.000179883,0.001052883,0.002199855
1790504108.017313480,-0.000519557,0.000240398,0.000138384,0.999996984,0.000175334,0.001053002,0.002211681
1790504108.050643206,-0.000518178,0.000239578,0.000139213,0.999996982,0.000168006,0.001051336,0.002214064
1790504108.083972931,-0.000516736,0.000241619,0.000138602,0.999996975,0.000174437,0.001050964,0.002216874
1790504108.117301226,-0.000516162,0.000244251,0.000139269,0.999996998,0.000182685,0.001042575,0.002210020
1790504108.150630713,-0.000517866,0.000243699,0.000138093,0.999996987,0.000182589,0.001049292,0.002211830
1790504108.183959961,-0.000519982,0.000241847,0.000136861,0.999997006,0.000182970,0.001052122,0.002201561
1790504108.217288971,-0.000520193,0.000238614,0.000138300,0.999996997,0.000168406,0.001054471,0.002206049
1790504108.250617266,-0.000518000,0.000238522,0.000137588,0.999996999,0.000182777,0.001046752,0.002207530
1790504108.283946037,-0.000517346,0.000238211,0.000138241,0.999996996,0.000182143,0.001050308,0.002207268
1790504108.317275047,-0.000516463,0.000237366,0.000140246,0.999997003,0.000175592,0.001050972,0.002204115
1790504108.350602865,-0.000516922,0.000238519,0.000141711,0.999997009,0.000187394,0.001047505,0.002202041
1790504108.383931398,-0.000519296,0.000238044,0.000141831,0.999997001,0.000180015,0.001050019,0.002205363
1790504108.417259932,-0.000520711,0.000240209,0.000142561,0.999997021,0.000181993,0.001053469,0.002194278
1790504108.450588465,-0.000519287,0.000243140,0.000142157,0.999997019,0.000204804,0.001044717,0.002197366
1790504108.483915806,-0.000519017,0.000239995,0.000145879,0.999997006,0.000186406,0.001043677,0.002205406
1790504108.517244101,-0.000518554,0.000240695,0.000146531,0.999997038,0.000189731,0.001049880,0.002187781
1790504108.550572157,-0.000516747,0.000240885,0.000146115,0.999997000,0.000195707,0.001043882,0.002207261
1790504108.583900213,-0.000517481,0.000241146,0.000146441,0.999997010,0.000185318,0.001053587,0.002198892
1790504108.617227077,-0.000516949,0.000243000,0.000142754,0.999996989,0.000200651,0.001052687,0.002207615
1790504108.650554895,-0.000516417,0.000243306,0.000142326,0.999997003,0.000196521,0.001060463,0.002197936
1790504108.683882713,-0.000513864,0.000240512,0.000141897,0.999996995,0.000187738,0.001056597,0.002203985
1790504108.717209578,-0.000512116,0.000240429,0.000141701,0.999997004,0.000181981,0.001055973,0.002200894
1790504108.750543594,-0.000510558,0.000242761,0.000142205,0.999996978,0.000200452,0.001056979,0.002210596
1790504108.783878088,-0.000507837,0.000244565,0.000141340,0.999997000,0.000204995,0.001050966,0.002203077
1790504108.817212343,-0.000508134,0.000240940,0.000142705,0.999996976,0.000180980,0.001058957,0.002212336
1790504108.850545883,-0.000509534,0.000241652,0.000145896,0.999996981,0.000190557,0.001048599,0.002213990
1790504108.883880377,-0.000511385,0.000243042,0.000152827,0.999996981,0.000183288,0.001051222,0.002213548
1790504108.917214870,-0.000516307,0.000246428,0.000161750,0.999997028,0.000134764,0.000981269,0.002227842
1790504108.950549126,-0.000530994,0.000253216,0.000165407,0.999996994,0.000176483,0.001045588,0.002210799
1790504108.983882666,-0.000567461,0.000268599,0.000167558,0.999997008,0.000164861,0.001050186,0.002202985
1790504109.017217159,-0.000621359,0.000292608,0.000169667,0.999996983,0.000176188,0.001049061,0.002214239
1790504109.050551414,-0.000687546,0.000326671,0.000172079,0.999997000,0.000171375,0.001048656,0.002206934
1790504109.083884716,-0.000758333,0.000363365,0.000176768,0.999996990,0.000157942,0.001056257,0.002209066
1790504109.117219210,-0.000828494,0.000398079,0.000182670,0.999996996,0.000170609,0.001052847,0.002206975
1790504109.150553703,-0.000892025,0.000430804,0.000190625,0.999996997,0.000171743,0.001044595,0.002210312
1790504109.183888197,-0.000944486,0.000458377,0.000197502,0.999996990,0.000179916,0.001041276,0.002214330
1790504109.217221737,-0.000990121,0.000481117,0.000204017,0.999996993,0.000179217,0.001037672,0.002214750
1790504109.250556231,-0.001031799,0.000500267,0.000212506,0.999996993,0.000165976,0.001042230,0.002213818
1790504109.283890724,-0.001072873,0.000516450,0.000219862,0.999996985,0.000171104,0.001040904,0.002217514
1790504109.317224979,-0.001114612,0.000534128,0.000228791,0.999997006,0.000162385,0.001037438,0.002210162
1790504109.350558519,-0.001153048,0.000552229,0.000240916,0.999996995,0.000167735,0.001041798,0.002212840
1790504109.383893013,-0.001194041,0.000571785,0.000252835,0.999997021,0.000164280,0.001033632,0.002204999
1790504109.417227507,-0.001237917,0.000592220,0.000266624,0.999996996,0.000169408,0.001035070,0.002215311
1790504109.450561047,-0.001283126,0.000613818,0.000283438,0.999996996,0.000186125,0.001021475,0.002220313
1790504109.483895540,-0.001330281,0.000639353,0.000303461,0.999996990,0.000162286,0.001029475,0.002221275
1790504109.517230034,-0.001381428,0.000666809,0.000325169,0.999996979,0.000165120,0.001026464,0.002227175
1790504109.550564528,-0.001435744,0.000694178,0.000347461,0.999997000,0.000185003,0.001014909,0.002221866
1790504109.583898067,-0.001492830,0.000719836,0.000369049,0.999996992,0.000181318,0.001023881,0.002221596
1790504109.617232561,-0.001544133,0.000747680,0.000385386,0.999996922,0.000100642,0.001032095,0.002254116
1790504109.650567055,-0.001580300,0.000769583,0.000381642,0.999996996,0.000165944,0.001023013,0.002221079
1790504109.683900595,-0.001587073,0.000776757,0.000375855,0.999996987,0.000177950,0.001033593,0.002219243
1790504109.717235088,-0.001584267,0.000776935,0.000372244,0.999996954,0.000175718,0.001035961,0.002233499
1790504109.750575542,-0.001578871,0.000779295,0.000370559,0.999996970,0.000189262,0.001030884,0.002227409
1790504109.783915758,-0.001575734,0.000777118,0.000371128,0.999996966,0.000186370,0.001029986,0.002229740
1790504109.817255020,-0.001574928,0.000775282,0.000373433,0.999996960,0.000181714,0.001038088,0.002229244
1790504109.850595474,-0.001574555,0.000775812,0.000374950,0.999996954,0.000188083,0.001028833,0.002235469
1790504109.883935690,-0.001573593,0.000775870,0.000376306,0.999996963,0.000174673,0.001032071,0.002231378
1790504109.917276382,-0.001576287,0.000777087,0.000378246,0.999996941,0.000191616,0.001031993,0.002239643
1790504109.950615644,-0.001581328,0.000777311,0.000377647,0.999996957,0.000177528,0.001035382,0.002232276
1790504109.983956337,-0.001582847,0.000778447,0.000374459,0.999996976,0.000180763,0.001039649,0.002221444
1790504110.017297029,-0.001582835,0.000779428,0.000374483,0.999996958,0.000184558,0.001043216,0.002227531
1790504110.050636768,-0.001581855,0.000780408,0.000377799,0.999996960,0.000179451,0.001037745,0.002229371
1790504110.083977461,-0.001581927,0.000782967,0.000376458,0.999996960,0.000189697,0.001044381,0.002225743
1790504110.117318392,-0.001580885,0.000784903,0.000375670,0.999996987,0.000176940,0.001041626,0.002215738
1790504110.150659084,-0.001576856,0.000787460,0.000377296,0.999996971,0.000197108,0.001035596,0.002224306
1790504110.183999062,-0.001575790,0.000785016,0.000379924,0.999996989,0.000187356,0.001035371,0.002216767
1790504110.217339754,-0.001575506,0.000778694,0.000384770,0.999996975,0.000173641,0.001035109,0.002224594
1790504110.250680923,-0.001573378,0.000776695,0.000386872,0.999996975,0.000166750,0.001027260,0.002228794
1790504110.284021854,-0.001575914,0.000780344,0.000381647,0.999996972,0.000181722,0.001037442,0.002224060
1790504110.317362070,-0.001575467,0.000785410,0.000379849,0.999997001,0.000185742,0.001035561,0.002211672
1790504110.350703478,-0.001573243,0.000786016,0.000380197,0.999996991,0.000181433,0.001028254,0.002219683
1790504110.384044409,-0.001574293,0.000783693,0.000379073,0.999996978,0.000181875,0.001031714,0.002224073
1790504110.417384863,-0.001576789,0.000781130,0.000377230,0.999996986,0.000179361,0.001034736,0.002219198
1790504110.450726032,-0.001576693,0.000780357,0.000377235,0.999996982,0.000173222,0.001029562,0.002224114
1790504110.484067440,-0.001576855,0.000782188,0.000377372,0.999996975,0.000193948,0.001032779,0.002223840
1790504110.517408609,-0.001576434,0.000780703,0.000381479,0.999997004,0.000169278,0.001033478,0.002212500
1790504110.550749302,-0.001576410,0.000780063,0.000379941,0.999996984,0.000172756,0.001030496,0.002222798
1790504110.584090710,-0.001576634,0.000782048,0.000377511,0.999996997,0.000180392,0.001037426,0.002212785
1790504110.617432356,-0.001575221,0.000782148,0.000379912,0.999996988,0.000180591,0.001028163,0.002221166
1790504110.650774002,-0.001573799,0.000780938,0.000382995,0.999997005,0.000176187,0.001029670,0.002213510
1790504110.684114695,-0.001572693,0.000778321,0.000385759,0.999997008,0.000169090,0.001028656,0.002212886
1790504110.717456341,-0.001573147,0.000775539,0.000385765,0.999996995,0.000164846,0.001032495,0.002217491
1790504110.750792265,-0.001573641,0.000776245,0.000384223,0.999996999,0.000166074,0.001029018,0.002217209
1790504110.784131765,-0.001571434,0.000777819,0.000380833,0.999996998,0.000174580,0.001028115,0.002217358
1790504110.817472458,-0.001572421,0.000776756,0.000380398,0.999997029,0.000161818,0.001027039,0.002204739
1790504110.850812912,-0.001575715,0.000776266,0.000380183,0.999997010,0.000160002,0.001038123,0.002208156
1790504110.884153843,-0.001573768,0.000778966,0.000379362,0.999997026,0.000182546,0.001032477,0.002201966
1790504110.917493582,-0.001572565,0.000774389,0.000380767,0.999996989,0.000157797,0.001034175,0.002219914
1790504110.950834513,-0.001570055,0.000770809,0.000385107,0.999997009,0.000151143,0.001024476,0.002215695
1790504110.984175205,-0.001569799,0.000769802,0.000388499,0.999997002,0.000152181,0.001032574,0.002215054
1790504111.017515182,-0.001569802,0.000768702,0.000390321,0.999997005,0.000150490,0.001027936,0.002215877
1790504111.050855875,-0.001567427,0.000768647,0.000392754,0.999996994,0.000144866,0.001029266,0.002220847
1790504111.084197044,-0.001564587,0.000771915,0.000392257,0.999997015,0.000148862,0.001028304,0.002211539
1790504111.117537975,-0.001562139,0.000775501,0.000390155,0.999996994,0.000152154,0.001027120,0.002221272
1790504111.150878191,-0.001560441,0.000779402,0.000389752,0.999997032,0.000163631,0.001020054,0.002206386
1790504111.184219122,-0.001561322,0.000777080,0.000388177,0.999997002,0.000166893,0.001021639,0.002218909
1790504111.217560291,-0.001562315,0.000772875,0.000387710,0.999996995,0.000155357,0.001023755,0.002222084
1790504111.250901699,-0.001564666,0.000771499,0.000388230,0.999996993,0.000154414,0.001029258,0.002220608
1790504111.284241676,-0.001564429,0.000775031,0.000389067,0.999997017,0.000164452,0.001027453,0.002209625
1790504111.317583084,-0.001562243,0.000777718,0.000390141,0.999997015,0.000171331,0.001024149,0.002211622
1790504111.350924253,-0.001560998,0.000777483,0.000392626,0.999997018,0.000158830,0.001024402,0.002211346
1790504111.384264708,-0.001560286,0.000778376,0.000394504,0.999997017,0.000175152,0.001011569,0.002216164
1790504111.417605877,-0.001561466,0.000780181,0.000393696,0.999996997,0.000184317,0.001025297,0.002218254
1790504111.450947523,-0.001561094,0.000778044,0.000391518,0.999997033,0.000173775,0.001015365,0.002207317
1790504111.484288931,-0.001560135,0.000778420,0.000389144,0.999997004,0.000179938,0.001017661,0.002219094
1790504111.517629385,-0.001560956,0.000780979,0.000390268,0.999997011,0.000188733,0.001019225,0.002214516
1790504111.550971031,-0.001560450,0.000780968,0.000392880,0.999997026,0.000187989,0.001011456,0.002211348
1790504111.584312439,-0.001559493,0.000779607,0.000393009,0.999997010,0.000178853,0.001023420,0.002213646
1790504111.617654324,-0.001556023,0.000778139,0.000397407,0.999997026,0.000185744,0.001004777,0.002214351
1790504111.650994778,-0.001554650,0.000775822,0.000400518,0.999997038,0.000174544,0.001001738,0.002211212
1790504111.684336662,-0.001556064,0.000773653,0.000396962,0.999997016,0.000176507,0.001009114,0.002217725
1790504111.717678308,-0.001554312,0.000774606,0.000393932,0.999997010,0.000178312,0.001007105,0.002221260
1790504111.751019001,-0.001552047,0.000780070,0.000392994,0.999997043,0.000193682,0.000986617,0.002214237
1790504111.784352541,-0.001557185,0.000781888,0.000389370,0.999997019,0.000194267,0.001012589,0.002213506
1790504111.817685843,-0.001557517,0.000779950,0.000392437,0.999997018,0.000182802,0.001004276,0.002218601
1790504111.851019144,-0.001554444,0.000779574,0.000395163,0.999997022,0.000192378,0.000997207,0.002219155
1790504111.884351254,-0.001552666,0.000779417,0.000395119,0.999997040,0.000191953,0.000996958,0.002210947
1790504111.917684555,-0.001552419,0.000777221,0.000396058,0.999997017,0.000187685,0.000995717,0.002222247
1790504111.951017857,-0.001550530,0.000778334,0.000394637,0.999997019,0.000192077,0.000995928,0.002221073
1790504111.984350920,-0.001547895,0.000779750,0.000395471,0.999997016,0.000193866,0.000994322,0.002223181
1790504112.017683029,-0.001549432,0.000781043,0.000397321,0.999997039,0.000196893,0.000992057,0.002213190
1790504112.051016092,-0.001551950,0.000781078,0.000395727,0.999997036,0.000188298,0.000993411,0.002214755
1790504112.084349155,-0.001555943,0.000782307,0.000391600,0.999997028,0.000209601,0.001000619,0.002213416
1790504112.117681503,-0.001558410,0.000779806,0.000392730,0.999997014,0.000188578,0.001003164,0.002220540
1790504112.151014328,-0.001558663,0.000779846,0.000392443,0.999997014,0.000198848,0.001003070,0.002219468
1790504112.184347391,-0.001556918,0.000780696,0.000393833,0.999997023,0.000197457,0.001004919,0.002214530
1790504112.217680216,-0.001553827,0.000781053,0.000398272,0.999997014,0.000205909,0.000996253,0.002221984
1790504112.251012325,-0.001553862,0.000782555,0.000397142,0.999997015,0.000204373,0.000998378,0.002220856
1790504112.284345150,-0.001556468,0.000784223,0.000390478,0.999997016,0.000215158,0.001008952,0.002214385
1790504112.317677975,-0.001558426,0.000782854,0.000388725,0.999997021,0.000204485,0.001007381,0.002214054
1790504112.351010084,-0.001559993,0.000782163,0.000390190,0.999997014,0.000217511,0.001007613,0.002215603
1790504112.384342670,-0.001557018,0.000779527,0.000394663,0.999997028,0.000203173,0.001009526,0.002210082
1790504112.417675495,-0.001551149,0.000777475,0.000398515,0.999997026,0.000209575,0.000996944,0.002215700
1790504112.451008320,-0.001548765,0.000778914,0.000396738,0.999997029,0.000218932,0.000996315,0.002214093
1790504112.484340191,-0.001550632,0.000780595,0.000393881,0.999997042,0.000215659,0.001000861,0.002206227
1790504112.517672777,-0.001551384,0.000779779,0.000393070,0.999997038,0.000220032,0.001002033,0.002207352
1790504112.551005602,-0.001551161,0.000777220,0.000395538,0.999997042,0.000208047,0.001000886,0.002207071
1790504112.584338188,-0.001550404,0.000776344,0.000396306,0.999997033,0.000215309,0.001007240,0.002207449
1790504112.617669821,-0.001543980,0.000777894,0.000403184,0.999997057,0.000221012,0.000988472,0.002204610
1790504112.651002407,-0.001538644,0.000779929,0.000406861,0.999997040,0.000225940,0.000986474,0.002212802
1790504112.684334993,-0.001538373,0.000782366,0.000402846,0.999997040,0.000238460,0.000985219,0.002211715
1790504112.717666388,-0.001541097,0.000781225,0.000401763,0.999997055,0.000237553,0.000991176,0.002202385
1790504112.750999212,-0.001544141,0.000778461,0.000400087,0.999997051,0.000226105,0.000996604,0.002203171
1790504112.784338474,-0.001547221,0.000779013,0.000396936,0.999997047,0.000241509,0.000992771,0.002204845
1790504112.817677736,-0.001549958,0.000777920,0.000395253,0.999997046,0.000237179,0.001008063,0.002198965
1790504112.851016045,-0.001545664,0.000776381,0.000395947,0.999997071,0.000241008,0.000999426,0.002190925
1790504112.884355545,-0.001538813,0.000774711,0.000398202,0.999997056,0.000248462,0.001000093,0.002196810
1790504112.917695045,-0.001532296,0.000775293,0.000398662,0.999997065,0.000255987,0.000991889,0.002195760
1790504112.951034784,-0.001531091,0.000774786,0.000395308,0.999997060,0.000261706,0.001006996,0.002190282
1790504112.984373093,-0.001531520,0.000775250,0.000395344,0.999997064,0.000260718,0.001000770,0.002191653
1790504113.017712831,-0.001542830,0.000783828,0.000402669,0.999997057,0.000272991,0.000992067,0.002197072
1790504113.051052570,-0.001566125,0.000796037,0.000414096,0.999997062,0.000266198,0.000996725,0.002193770
1790504113.084391117,-0.001589695,0.000811780,0.000423618,0.999997064,0.000285039,0.001000488,0.002188359
1790504113.117730856,-0.001612684,0.000827512,0.000442160,0.999997067,0.000141679,0.000886511,0.002249541
1790504113.151070833,-0.001625741,0.000829574,0.000449228,0.999997079,0.000277235,0.000987638,0.002188324
1790504113.184410572,-0.001635540,0.000832646,0.000440677,0.999997080,0.000285281,0.001002061,0.002180628
1790504113.217749834,-0.001638578,0.000834513,0.000438836,0.999997090,0.000286670,0.001011076,0.002171538
1790504113.251089573,-0.001633182,0.000834732,0.000442448,0.999997061,0.000304844,0.000998238,0.002188296
1790504113.284429789,-0.001624762,0.000834057,0.000446791,0.999997074,0.000304639,0.000990373,0.002186035
1790504113.317769766,-0.001620328,0.000833183,0.000446544,0.999997070,0.000311059,0.000992720,0.002185794
1790504113.351109028,-0.001619881,0.000832903,0.000448661,0.999997062,0.000314078,0.000990560,0.002189898
1790504113.384449244,-0.001623282,0.000835141,0.000446381,0.999997075,0.000320867,0.001000388,0.002178662
1790504113.417789459,-0.001626873,0.000838814,0.000446002,0.999997070,0.000341138,0.001001045,0.002177510
1790504113.451128960,-0.001625986,0.000839364,0.000442702,0.999997066,0.000338097,0.001005007,0.002177992
1790504113.484469175,-0.001621416,0.000839140,0.000441173,0.999997077,0.000350697,0.001003670,0.002171406
1790504113.517809629,-0.001617870,0.000835418,0.000443699,0.999997092,0.000335253,0.000994137,0.002171256
1790504113.551150084,-0.001615576,0.000835251,0.000448179,0.999997104,0.000332539,0.000981854,0.002171939
1790504113.584489584,-0.001619611,0.000838272,0.000444902,0.999997122,0.000349026,0.000989625,0.002157429
1790504113.617830038,-0.001622238,0.000837853,0.000441968,0.999997120,0.000329205,0.000984921,0.002163752
1790504113.651170731,-0.001626928,0.000837472,0.000435138,0.999997115,0.000343599,0.000986758,0.002163135
1790504113.684510469,-0.001629558,0.000834842,0.000436143,0.999997130,0.000331466,0.000994319,0.002154206
1790504113.717851162,-0.001627402,0.000830700,0.000441185,0.999997145,0.000331236,0.000978860,0.002154430
1790504113.751191854,-0.001625980,0.000826764,0.000442535,0.999997145,0.000323956,0.000975042,0.002157392
1790504113.784524441,-0.001627382,0.000825258,0.000440407,0.999997170,0.000318242,0.000980705,0.002143928
1790504113.817855597,-0.001627402,0.000826293,0.000439945,0.999997198,0.000329192,0.000971843,0.002133517
1790504113.851187944,-0.001627744,0.000823861,0.000440946,0.999997148,0.000315661,0.000974585,0.002157330
1790504113.884520292,-0.001627074,0.000824370,0.000437588,0.999997148,0.000315181,0.000974620,0.002157295
1790504113.917852640,-0.001625921,0.000826263,0.000440863,0.999997145,0.000301498,0.000973981,0.002161331
1790504113.951183796,-0.001624807,0.000830813,0.000443803,0.999997154,0.000303950,0.000972578,0.002157366
1790504113.984516144,-0.001620714,0.000831973,0.000443571,0.999997141,0.000302431,0.000969514,0.002165025
1790504114.017848253,-0.001618144,0.000829306,0.000447329,0.999997147,0.000288771,0.000965645,0.002165667
1790504114.051179409,-0.001619724,0.000827086,0.000444777,0.999997125,0.000278541,0.000972900,0.002173846
1790504114.084511518,-0.001621478,0.000830002,0.000443066,0.999997115,0.000287942,0.000974420,0.002176737
1790504114.117843390,-0.001618600,0.000832884,0.000444497,0.999997125,0.000279084,0.000973081,0.002173975
1790504114.151175499,-0.001616834,0.000834753,0.000445318,0.999997120,0.000281217,0.000969733,0.002177223
1790504114.184506655,-0.001614669,0.000833457,0.000445945,0.999997126,0.000279527,0.000967308,0.002175970
1790504114.217838287,-0.001613949,0.000828681,0.000445890,0.999997096,0.000265396,0.000965249,0.002192341
1790504114.251170397,-0.001615226,0.000829089,0.000449965,0.999997097,0.000272292,0.000967817,0.002189774
1790504114.284502268,-0.001613248,0.000831069,0.000451945,0.999997105,0.000268540,0.000964445,0.002187969
1790504114.317833185,-0.001612158,0.000833879,0.000450166,0.999997082,0.000274472,0.000964577,0.002197743
1790504114.351165056,-0.001610510,0.000835925,0.000449862,0.999997082,0.000279120,0.000963555,0.002197594
1790504114.384496927,-0.001605294,0.000836007,0.000453294,0.999997088,0.000272143,0.000957685,0.002198206
1790504114.417827368,-0.001601499,0.000836425,0.000456015,0.999997077,0.000271810,0.000950664,0.002206211
1790504114.451159239,-0.001601674,0.000837080,0.000455281,0.999997080,0.000282442,0.000944002,0.002206741
1790504114.484490633,-0.001607499,0.000833070,0.000454810,0.999997086,0.000257463,0.000964174,0.002198090
1790504114.517822504,-0.001607426,0.000831306,0.000455263,0.999997062,0.000273785,0.000967194,0.002205835
1790504114.551153183,-0.001602007,0.000830711,0.000454860,0.999997073,0.000267352,0.000966969,0.002201915
1790504114.584484577,-0.001599315,0.000829865,0.000453487,0.999997067,0.000279101,0.000989142,0.002193303
1790504114.617816210,-0.001592946,0.000824569,0.000459870,0.999997055,0.000277029,0.000985480,0.002200479
1790504114.651147604,-0.001593988,0.000821601,0.000465337,0.999997062,0.000264456,0.000995405,0.002194311
1790504114.684478045,-0.001604962,0.000828700,0.000471409,0.999997054,0.000266960,0.001006625,0.002192511
1790504114.717809677,-0.001620034,0.000842548,0.000476019,0.999997051,0.000279288,0.001002428,0.002194233
1790504114.751140833,-0.001642210,0.000857643,0.000475640,0.999997047,0.000286437,0.001014748,0.002189652
1790504114.784472704,-0.001660638,0.000869427,0.000472758,0.999997037,0.000291049,0.001037510,0.002182873
1790504114.817805767,-0.001671569,0.000873951,0.000477240,0.999997109,0.000232642,0.000891303,0.002221133
1790504114.851138353,-0.001668265,0.000874787,0.000481892,0.999997063,0.000272742,0.001016526,0.002183304
1790504114.884471178,-0.001672699,0.000883752,0.000475556,0.999997050,0.000294108,0.001017183,0.002185917
1790504114.917802811,-0.001675350,0.000885698,0.000473598,0.999997030,0.000279176,0.001006086,0.002202419
1790504114.951135397,-0.001680519,0.000886780,0.000470311,0.999997060,0.000283688,0.001010006,0.002186304
1790504114.984468222,-0.001680967,0.000881784,0.000476258,0.999997049,0.000264414,0.001007505,0.002194828
1790504115.017799854,-0.001675756,0.000878673,0.000484406,0.999997054,0.000260798,0.000988672,0.002201458
1790504115.051132679,-0.001673556,0.000878538,0.000482931,0.999997060,0.000265233,0.000985260,0.002199668
1790504115.084465027,-0.001673770,0.000875647,0.000479626,0.999997054,0.000258872,0.000985961,0.002202785
1790504115.117797613,-0.001672900,0.000873193,0.000480698,0.999997066,0.000257985,0.000972144,0.002203583
1790504115.151129246,-0.001674933,0.000872428,0.000479179,0.999997053,0.000253430,0.000973925,0.002209417
1790504115.184461594,-0.001675107,0.000875086,0.000477321,0.999997047,0.000267880,0.000976754,0.002209032
1790504115.217794180,-0.001675610,0.000875169,0.000475774,0.999997042,0.000261652,0.000979880,0.002210810
1790504115.251126528,-0.001673438,0.000878389,0.000477110,0.999997063,0.000278208,0.000976691,0.002200755
1790504115.284457922,-0.001668204,0.000879639,0.000478705,0.999997044,0.000286676,0.000980528,0.002206452
1790504115.317790270,-0.001661146,0.000877196,0.000489579,0.999997071,0.000274852,0.000964363,0.002202619
1790504115.351122618,-0.001664953,0.000875795,0.000490538,0.999997063,0.000280018,0.000973206,0.002202119
1790504115.384454012,-0.001672404,0.000875201,0.000483357,0.999997086,0.000290159,0.000982391,0.002185932
1790504115.417786360,-0.001678237,0.000873102,0.000475712,0.999997056,0.000281737,0.000989376,0.002197819
1790504115.451118708,-0.001682539,0.000876034,0.000467501,0.999997044,0.000296418,0.000997919,0.002197524
1790504115.484450579,-0.001683369,0.000879866,0.000465142,0.999997059,0.000300878,0.001006979,0.002185615
1790504115.517781973,-0.001672566,0.000881076,0.000475707,0.999997065,0.000320395,0.000997930,0.002184496
1790504115.551114321,-0.001657888,0.000876429,0.000489152,0.999997087,0.000303620,0.000971832,0.002188471
1790504115.584446192,-0.001664692,0.000876063,0.000483514,0.999997069,0.000312147,0.001001264,0.002182245
1790504115.617778301,-0.001675786,0.000878881,0.000475253,0.999997050,0.000328817,0.001009325,0.002184929
1790504115.651109695,-0.001676413,0.000881677,0.000477687,0.999997068,0.000330584,0.001011502,0.002175059
1790504115.684441566,-0.001670747,0.000881673,0.000482407,0.999997032,0.000347296,0.001011470,0.002189128
1790504115.717773676,-0.001664171,0.000879051,0.000488296,0.999997042,0.000342051,0.001012774,0.002184654
1790504115.751104832,-0.001658324,0.000875708,0.000488832,0.999997033,0.000356260,0.001004357,0.002190737
1790504115.784438848,-0.001663811,0.000874148,0.000479792,0.999997036,0.000347619,0.001022280,0.002182329
1790504115.817773104,-0.001671408,0.000876209,0.000473744,0.999997041,0.000363139,0.001034268,0.002171799
1790504115.851107359,-0.001669572,0.000877185,0.000478012,0.999997052,0.000370238,0.001024058,0.002170108
1790504115.884440660,-0.001669428,0.000879532,0.000479471,0.999997003,0.000396566,0.001034939,0.002182844
1790504115.917774916,-0.001668813,0.000879523,0.000477080,0.999997026,0.000405890,0.001050314,0.002163473
1790504115.951109171,-0.001659960,0.000875143,0.000479012,0.999997011,0.000417816,0.001043088,0.002171589
1790504115.984443426,-0.001652229,0.000871988,0.000487048,0.999997042,0.000425502,0.001035543,0.002159249
1790504116.017776728,-0.001657284,0.000870576,0.000493166,0.999997020,0.000436015,0.001044361,0.002162966
1790504116.051110744,-0.001667777,0.000872225,0.000493496,0.999997014,0.000456594,0.001067709,0.002150003
1790504116.084444761,-0.001664338,0.000869445,0.000501678,0.999997018,0.000467000,0.001068067,0.002146003
1790504116.117778063,-0.001656002,0.000866018,0.000514619,0.999997016,0.000459368,0.001051175,0.002156620
1790504116.151112318,-0.001664345,0.000879003,0.000510396,0.999997002,0.000505547,0.001070300,0.002143550
1790504116.184446573,-0.001681108,0.000896391,0.000500971,0.999997017,0.000515676,0.001077797,0.002130361
1790504116.217780828,-0.001705119,0.000910750,0.000479068,0.999997032,0.000533828,0.001053047,0.002131299
1790504116.251113653,-0.001760938,0.000922921,0.000430822,0.999997004,0.000543614,0.001111987,0.002111796
1790504116.284447908,-0.001785694,0.000934427,0.000421017,0.999997034,0.000546208,0.001124582,0.002090226
1790504116.317782164,-0.001790701,0.000941632,0.000426760,0.999997013,0.000559306,0.001111791,0.002103553
1790504116.351115227,-0.001785808,0.000943778,0.000431867,0.999997035,0.000570830,0.001112233,0.002089815
1790504116.384449482,-0.001780796,0.000942192,0.000429877,0.999997036,0.000593770,0.001118578,0.002079353
1790504116.417783499,-0.001773979,0.000936556,0.000428351,0.999997042,0.000590524,0.001122738,0.002075245
1790504116.451117754,-0.001765264,0.000934798,0.000426961,0.999997050,0.000614942,0.001109638,0.002071447
1790504116.484450579,-0.001760137,0.000932403,0.000423158,0.999997033,0.000620480,0.001132111,0.002065891
1790504116.517784834,-0.001748781,0.000931477,0.000429189,0.999997075,0.000629258,0.001107157,0.002056133
1790504116.551119089,-0.001741924,0.000927828,0.000437960,0.999997086,0.000621818,0.001108926,0.002052429
1790504116.584453106,-0.001743087,0.000923967,0.000441895,0.999997087,0.000627011,0.001102556,0.002053504
1790504116.617786169,-0.001755326,0.000918411,0.000438733,0.999997067,0.000617197,0.001131699,0.002050553
1790504116.651120424,-0.001761781,0.000918284,0.000433598,0.999997077,0.000614585,0.001136393,0.002043719
1790504116.684454441,-0.001758372,0.000922432,0.000433055,0.999997072,0.000641341,0.001132949,0.002040110
1790504116.717787266,-0.001750651,0.000922286,0.000438151,0.999997073,0.000647614,0.001133757,0.002037045
1790504116.751121521,-0.001740216,0.000916893,0.000444311,0.999997122,0.000634582,0.001099750,0.002035576
1790504116.784461737,-0.001742745,0.000914653,0.000443400,0.999997099,0.000633701,0.001134721,0.002027950
1790504116.817801476,-0.001742772,0.000919609,0.000442648,0.999997114,0.000652676,0.001113919,0.002026032
1790504116.851140738,-0.001747342,0.000922962,0.000439868,0.999997089,0.000675067,0.001128716,0.002022966
1790504116.884480715,-0.001752695,0.000923585,0.000435677,0.999997095,0.000689631,0.001143646,0.002006650
1790504116.917820692,-0.001754247,0.000921039,0.000435259,0.999997082,0.000698814,0.001148451,0.002007071
1790504116.951161146,-0.001750814,0.000918942,0.000436947,0.999997098,0.000718384,0.001138438,0.001998031
1790504116.984500170,-0.001750040,0.000916350,0.000440218,0.999997098,0.000717887,0.001146596,0.001993322
1790504117.017840385,-0.001748711,0.000916689,0.000441442,0.999997082,0.000758579,0.001150370,0.001984374
1790504117.051180601,-0.001745141,0.000913613,0.000443329,0.999997088,0.000745693,0.001147698,0.001987854
1790504117.084519863,-0.001744905,0.000918844,0.000438159,0.999997095,0.000780129,0.001152357,0.001967983
1790504117.117860079,-0.001746560,0.000923103,0.000433490,0.999997070,0.000807057,0.001160564,0.001965178
1790504117.151200533,-0.001747963,0.000924105,0.000434201,0.999997075,0.000816905,0.001155658,0.001961521
1790504117.184540749,-0.001752075,0.000925127,0.000431289,0.999997052,0.000838075,0.001176537,0.001952005
1790504117.217880011,-0.001753041,0.000924068,0.000432076,0.999997055,0.000851815,0.001176532,0.001944284
1790504117.251220465,-0.001751476,0.000919943,0.000433769,0.999997061,0.000862055,0.001181711,0.001933704
1790504117.284560680,-0.001749484,0.000918670,0.000435287,0.999997053,0.000872730,0.001185973,0.001930056
1790504117.317901134,-0.001748470,0.000922297,0.000435649,0.999997047,0.000890996,0.001200502,0.001916052
1790504117.351240635,-0.001745056,0.000926131,0.000435423,0.999997037,0.000924827,0.001187246,0.001913659
1790504117.384581089,-0.001747082,0.000926395,0.000436034,0.999997022,0.000936342,0.001198170,0.001908788
1790504117.417921543,-0.001750930,0.000925085,0.000435117,0.999996994,0.000961269,0.001215912,0.001899982
1790504117.451261282,-0.001745104,0.000919683,0.000439304,0.999997006,0.000962988,0.001204033,0.001900444
1790504117.484601498,-0.001741792,0.000919099,0.000441419,0.999997013,0.000975534,0.001206837,0.001888608
1790504117.517942190,-0.001744612,0.000924599,0.000441452,0.999996996,0.001004975,0.001206897,0.001881999
1790504117.551282644,-0.001749742,0.000924691,0.000439534,0.999997016,0.000990855,0.001223433,0.001867945
1790504117.584622383,-0.001751940,0.000925323,0.000436675,0.999997011,0.001007477,0.001221862,0.001862925
1790504117.617962837,-0.001750918,0.000926397,0.000435861,0.999997009,0.001020582,0.001219715,0.001857916
1790504117.651303768,-0.001745338,0.000925589,0.000439467,0.999997030,0.001018118,0.001213652,0.001852074
1790504117.684643269,-0.001739829,0.000924064,0.000443130,0.999997047,0.001032564,0.001200031,0.001843993
1790504117.717983961,-0.001743810,0.000920995,0.000445837,0.999997049,0.001030729,0.001215230,0.001833859
1790504117.751324654,-0.001748889,0.000920186,0.000444962,0.999997026,0.001044776,0.001222700,0.001833316
1790504117.784662247,-0.001752750,0.000920205,0.000443562,0.999997028,0.001049667,0.001225475,0.001827754
1790504117.817999363,-0.001752262,0.000919760,0.000441810,0.999997036,0.001059540,0.001227659,0.001816054
1790504117.851336956,-0.001745858,0.000919803,0.000441662,0.999997021,0.001068929,0.001218416,0.001825221
1790504117.884674788,-0.001741142,0.000923604,0.000443678,0.999996960,0.001102072,0.001233899,0.001828146
1790504117.918012619,-0.001732249,0.000923187,0.000449471,0.999996977,0.001110216,0.001219318,0.001823939
1790504117.951349497,-0.001730531,0.000918629,0.000453034,0.999996953,0.001109506,0.001224966,0.001833523
1790504117.984687328,-0.001738314,0.000918732,0.000446038,0.999996891,0.001135187,0.001241179,0.001840638
1790504118.018025160,-0.001748698,0.000921598,0.000439029,0.999996864,0.001155548,0.001251456,0.001835831
1790504118.051362038,-0.001754004,0.000924466,0.000434720,0.999996844,0.001169514,0.001271629,0.001824327
1790504118.084699869,-0.001747901,0.000923666,0.000438545,0.999996794,0.001188974,0.001258728,0.001847940
1790504118.118037939,-0.001741510,0.000923817,0.000444419,0.999996781,0.001203724,0.001258471,0.001845582
1790504118.151375771,-0.001738315,0.000923146,0.000448566,0.999996745,0.001215081,0.001264007,0.001853412
1790504118.184712648,-0.001736463,0.000923037,0.000446080,0.999996719,0.001231798,0.001264963,0.001856158
1790504118.218050480,-0.001738755,0.000922465,0.000443817,0.999996661,0.001251912,0.001283034,0.001861489
1790504118.251388788,-0.001738043,0.000920887,0.000445186,0.999996667,0.001257197,0.001275427,0.001859797
1790504118.284726620,-0.001739837,0.000921715,0.000444673,0.999996627,0.001272598,0.001293751,0.001858198
1790504118.318063498,-0.001737149,0.000921492,0.000445225,0.999996601,0.001294395,0.001292859,0.001857560
1790504118.351401329,-0.001731400,0.000919920,0.000448225,0.999996567,0.001303953,0.001282636,0.001876072
1790504118.384739399,-0.001730245,0.000920102,0.000450008,0.999996548,0.001324498,0.001295235,0.001863212
1790504118.418076515,-0.001730977,0.000917643,0.000450539,0.999996516,0.001323693,0.001299688,0.001877895
1790504118.451414585,-0.001732319,0.000920075,0.000448286,0.999996488,0.001346687,0.001304755,0.001873034
1790504118.484752417,-0.001732855,0.000923512,0.000448659,0.999996425,0.001378544,0.001305975,0.001882804
1790504118.518090487,-0.001733331,0.000922589,0.000449244,0.999996408,0.001387190,0.001318964,0.001876228
1790504118.551427841,-0.001728182,0.000917093,0.000453764,0.999996397,0.001383262,0.001317947,0.001885596
1790504118.584765673,-0.001723251,0.000916774,0.000456095,0.999996360,0.001402561,0.001320266,0.001889337
1790504118.618103743,-0.001722894,0.000918134,0.000456454,0.999996308,0.001426041,0.001324702,0.001896255
1790504118.651441813,-0.001731252,0.000919983,0.000452641,0.999996263,0.001433062,0.001349801,0.001896752
1790504118.684779167,-0.001734728,0.000924646,0.000450269,0.999996221,0.001460203,0.001353154,0.001896208
1790504118.718117237,-0.001728445,0.000926641,0.000448107,0.999996188,0.001471736,0.001355607,0.001902761
1790504118.751455307,-0.001722515,0.000926911,0.000450835,0.999996181,0.001485754,0.001356903,0.001894491
1790504118.784793139,-0.001719836,0.000926086,0.000452635,0.999996141,0.001493327,0.001359913,0.001907250
1790504118.818132401,-0.001724094,0.000928256,0.000452269,0.999996092,0.001521465,0.001370253,0.001903593
1790504118.851471424,-0.001728894,0.000925257,0.000451359,0.999996062,0.001521754,0.001385090,0.001908108
1790504118.884810448,-0.001724573,0.000922469,0.000455132,0.999996073,0.001529206,0.001376623,0.001902556
1790504118.918148756,-0.001724377,0.000920887,0.000456926,0.999996035,0.001545175,0.001382977,0.001905298
1790504118.951487780,-0.001725215,0.000920023,0.000458694,0.999996007,0.001559570,0.001383261,0.001907850
1790504118.984827042,-0.001727500,0.000920648,0.000456150,0.999995991,0.001562972,0.001394716,0.001905290
1790504119.018165350,-0.001727691,0.000924623,0.000455878,0.999995962,0.001586553,0.001395859,0.001900368
1790504119.051504374,-0.001723071,0.000926646,0.000460784,0.999995921,0.001609259,0.001392641,0.001904813
1790504119.084843636,-0.001715663,0.000925285,0.000467192,0.999995906,0.001613541,0.001392830,0.001909185
1790504119.118182898,-0.001710829,0.000922694,0.000469543,0.999995945,0.001608700,0.001386020,0.001897545
1790504119.151521206,-0.001718637,0.000923281,0.000463340,0.999995856,0.001640646,0.001401498,0.001905798
1790504119.184860706,-0.001726623,0.000924496,0.000458172,0.999995842,0.001640792,0.001428806,0.001892507
1790504119.218199968,-0.001727294,0.000925398,0.000458724,0.999995796,0.001659965,0.001432681,0.001897364
1790504119.251539230,-0.001724206,0.000924398,0.000462123,0.999995783,0.001660186,0.001439070,0.001899190
1790504119.284877777,-0.001721535,0.000923413,0.000460428,0.999995758,0.001665567,0.001454179,0.001895994
1790504119.318217039,-0.001719042,0.000925766,0.000458435,0.999995709,0.001687462,0.001464233,0.001894626
1790504119.351556301,-0.001715669,0.000927810,0.000459065,0.999995688,0.001691208,0.001470293,0.001897705
1790504119.384894848,-0.001714928,0.000928924,0.000460780,0.999995651,0.001700221,0.001484008,0.001898668
1790504119.418234110,-0.001718409,0.000928288,0.000463400,0.999995602,0.001711546,0.001507038,0.001896006
1790504119.451573849,-0.001713731,0.000926038,0.000465496,0.999995591,0.001715677,0.001501251,0.001902914
1790504119.484913111,-0.001714986,0.000923554,0.000464260,0.999995576,0.001722135,0.001521009,0.001888921
1790504119.518251657,-0.001718970,0.000919645,0.000462565,0.999995550,0.001711400,0.001546080,0.001892235
1790504119.551591396,-0.001714424,0.000921318,0.000464221,0.999995513,0.001738018,0.001539583,0.001892857
1790504119.584930658,-0.001710276,0.000919461,0.000468390,0.999995513,0.001733843,0.001548551,0.001889251
1790504119.618270159,-0.001710952,0.000913202,0.000470424,0.999995519,0.001720723,0.001561627,0.001887644
1790504119.651608944,-0.001708758,0.000914258,0.000474527,0.999995478,0.001736795,0.001569928,0.001887325
1790504119.684948444,-0.001707479,0.000919919,0.000474781,0.999995472,0.001743078,0.001572110,0.001883227
1790504119.718288183,-0.001712477,0.000928226,0.000475583,0.999995418,0.001757380,0.001590379,0.001883005
1790504119.751626730,-0.001717344,0.000936419,0.000479944,0.999995385,0.001773059,0.001594884,0.001882260
1790504119.784960270,-0.001719611,0.000939729,0.000481900,0.999995382,0.001771359,0.001596696,0.001883661
1790504119.818293571,-0.001719905,0.000937791,0.000479821,0.999995341,0.001775309,0.001619180,0.001882880
1790504119.851626873,-0.001709601,0.000932086,0.000483972,0.999995400,0.001753748,0.001599935,0.001888113
1790504119.884959221,-0.001700508,0.000926549,0.000488037,0.999995442,0.001746270,0.001584300,0.001886030
1790504119.918292522,-0.001697824,0.000919635,0.000487100,0.999995491,0.001713171,0.001593095,0.001882782
1790504119.951625824,-0.001691625,0.000915302,0.000487656,0.999995520,0.001708782,0.001568616,0.001891958
1790504119.984958887,-0.001692085,0.000912438,0.000480337,0.999995560,0.001693512,0.001572468,0.001881323
1790504120.018290997,-0.001692387,0.000910256,0.000477215,0.999995585,0.001675908,0.001566336,0.001888764
1790504120.051624298,-0.001692471,0.000910346,0.000479540,0.999995625,0.001663477,0.001558237,0.001885222
1790504120.084957600,-0.001688249,0.000911989,0.000482084,0.999995671,0.001643818,0.001545197,0.001889061
1790504120.118289471,-0.001681557,0.000912434,0.000486068,0.999995711,0.001633986,0.001532403,0.001886569
1790504120.151622534,-0.001681371,0.000911692,0.000491498,0.999995770,0.001606651,0.001520773,0.001888140
1790504120.184955835,-0.001687151,0.000914479,0.000483270,0.999995790,0.001608049,0.001519926,0.001877351
1790504120.218288898,-0.001682335,0.000914180,0.000481041,0.999995863,0.001582803,0.001510825,0.001867059
1790504120.251620770,-0.001672266,0.000909433,0.000486579,0.999995866,0.001566701,0.001493532,0.001892742
1790504120.284953833,-0.001662617,0.000906828,0.000499913,0.999995907,0.001556719,0.001474656,0.001894297
1790504120.318286896,-0.001659151,0.000907456,0.000504899,0.999995950,0.001537026,0.001459020,0.001899504
1790504120.351619005,-0.001673553,0.000913890,0.000498851,0.999995947,0.001536506,0.001463063,0.001898531
1790504120.384951591,-0.001691603,0.000918157,0.000489689,0.999995972,0.001525206,0.001462583,0.001894719
1790504120.418284655,-0.001703463,0.000922046,0.000485305,0.999996008,0.001509691,0.001464309,0.001886905
1790504120.451617479,-0.001703200,0.000926879,0.000486654,0.999996050,0.001502355,0.001441577,0.001888286
1790504120.484949350,-0.001700033,0.000929692,0.000484602,0.999996047,0.001500298,0.001436874,0.001894752
1790504120.518282175,-0.001695004,0.000923647,0.000483192,0.999996096,0.001474125,0.001425900,0.001897593
1790504120.551615000,-0.001698296,0.000918004,0.000485250,0.999996140,0.001459451,0.001420252,0.001890093
1790504120.584948063,-0.001693536,0.000916055,0.000479141,0.999996136,0.001453656,0.001414933,0.001900821
1790504120.618279457,-0.001669306,0.000917069,0.000457554,0.999996123,0.001455217,0.001400089,0.001917297
1790504120.651612282,-0.001667410,0.000907880,0.000444128,0.999996160,0.001443787,0.001393573,0.001911641
1790504120.684945107,-0.001719469,0.000878279,0.000457118,0.999996170,0.001430426,0.001393464,0.001916236
1790504120.718276739,-0.001774289,0.000835658,0.000503725,0.999996210,0.001408643,0.001377659,0.001922786
1790504120.751609564,-0.001812662,0.000795375,0.000542768,0.999996223,0.001397521,0.001390242,0.001915156
1790504120.784942150,-0.001864912,0.000758541,0.000559585,0.999996260,0.001384736,0.001360560,0.001926380
1790504120.818274736,-0.001917879,0.000719786,0.000595680,0.999996295,0.001373991,0.001355878,0.001919085
1790504120.851605892,-0.001957231,0.000687639,0.000617715,0.999996347,0.001342334,0.001342569,0.001923767
1790504120.884938478,-0.001958267,0.000665212,0.000607705,0.999996358,0.001351548,0.001334210,0.001917775
1790504120.918271065,-0.001970675,0.000636840,0.000616066,0.999996439,0.001314871,0.001316920,0.001913015
1790504120.951603174,-0.002054400,0.000584052,0.000688624,0.999996488,0.001305888,0.001316227,0.001893673
1790504120.984934568,-0.002113183,0.000529795,0.000826620,0.999996634,0.001181875,0.001289638,0.001916204
1790504121.018266916,-0.002095532,0.000541406,0.000944459,0.999996938,0.000567908,0.001203755,0.002086194
1790504121.051599026,-0.002051006,0.000591811,0.000933940,0.999996766,0.001143347,0.001198789,0.001929472
1790504121.084930420,-0.002057643,0.000686286,0.000904298,0.999996734,0.001187915,0.001274347,0.001870038
1790504121.118262768,-0.002094234,0.000814590,0.000922765,0.999996958,0.000359643,0.001194796,0.002127693
1790504121.151594877,-0.002125183,0.000921536,0.000790057,0.999996807,0.001169754,0.001262364,0.001850575
1790504121.184926987,-0.002029685,0.001046798,0.000654515,0.999996729,0.001243691,0.001252361,0.001851049
1790504121.218258381,-0.001928216,0.001087083,0.000736182,0.999996885,0.001220011,0.001191985,0.001822416
1790504121.251590252,-0.001964690,0.001102094,0.000938452,0.999996427,0.000229199,0.000900853,0.002506333
1790504121.284922361,-0.001955229,0.001129400,0.000914270,0.999996900,0.001046874,0.001079845,0.001984366
1790504121.318254709,-0.001893199,0.001235599,0.000648473,0.999996471,0.001420867,0.001125558,0.001942108
1790504121.351585388,-0.001873113,0.001248789,0.000440476,0.999993622,0.002120025,0.001012900,0.002689825
1790504121.384917498,-0.001935767,0.001225577,0.000468907,0.999996691,0.001423007,0.001105528,0.001836246
1790504121.418249607,-0.002026930,0.001018396,0.000643714,0.999997058,0.001288611,0.001030120,0.001778291
1790504121.451580524,-0.002060344,0.000766998,0.000870136,0.999996540,0.000467396,0.001037628,0.002371874
1790504121.484912395,-0.002044925,0.000529691,0.001044155,0.999993871,-0.000323826,0.001358106,0.003210599
1790504121.518244028,-0.002050989,0.000232246,0.001187584,0.999989502,-0.001561885,0.002849472,0.003230699
1790504121.551576138,-0.002235794,-0.000161507,0.001324157,0.999972988,-0.004957264,0.004450809,0.003104595
1790504121.584907055,-0.002737313,-0.000747097,0.001257742,0.999941106,-0.008367421,0.006805450,0.001207161
1790504121.618238688,-0.003648469,-0.001789024,0.000722003,0.999910338,-0.009693588,0.009061159,-0.001801645
1790504121.651570559,-0.005068071,-0.003548734,-0.000506361,0.999923222,-0.007928565,0.008449578,-0.004392299
1790504121.684901237,-0.006904084,-0.006098782,-0.002428304,0.999949032,-0.004235813,0.005791939,-0.007102481
1790504121.718232870,-0.008914187,-0.009572154,-0.004891161,0.999949866,0.001769975,0.004140743,-0.008943589
1790504121.751564741,-0.010972108,-0.013868557,-0.007773384,0.999902404,0.009029960,0.003772522,-0.009970445
1790504121.784898520,-0.012976852,-0.018783178,-0.010959610,0.999792089,0.016072533,0.004404246,-0.011749693
1790504121.818231106,-0.014925626,-0.024192450,-0.014418009,0.999682535,0.021944640,0.003944307,-0.011734768
1790504121.851565123,-0.016768547,-0.029955558,-0.018162636,0.999512763,0.028417190,0.004699530,-0.012025557
1790504121.884898901,-0.018511858,-0.036069423,-0.022289338,0.999194158,0.037989517,0.005947196,-0.011509192
1790504121.918232679,-0.019947540,-0.042241036,-0.026486593,0.998986232,0.043655023,0.007472929,-0.008056186
1790504121.951565504,-0.020970539,-0.048916260,-0.030651247,0.998452199,0.054579394,0.009744706,-0.004397307
1790504121.984899282,-0.021572183,-0.055538401,-0.034549850,0.998190196,0.058633414,0.013063153,0.002794407
1790504122.018232822,-0.022068439,-0.062254445,-0.038581868,0.997664526,0.065557108,0.016349485,0.010022664
1790504122.051565647,-0.022726380,-0.068387823,-0.042698853,0.997341943,0.069677463,0.019779720,0.007928638
1790504122.084899426,-0.023146137,-0.074687983,-0.046895505,0.996532140,0.078138241,0.025107668,0.013700883
1790504122.118232965,-0.023432993,-0.080560622,-0.050850306,0.995893584,0.082752450,0.031513428,0.018838921
1790504122.151566744,-0.023544779,-0.086239944,-0.054599323,0.995145958,0.087542751,0.036874235,0.025711478
1790504122.184899330,-0.023525683,-0.091656733,-0.058183757,0.994217673,0.093933668,0.040359077,0.032845530
1790504122.218232870,-0.023439700,-0.096497530,-0.061508589,0.993469118,0.098051975,0.044103125,0.038207804
1790504122.251566648,-0.023427220,-0.100809342,-0.064623991,0.992705811,0.102047566,0.048622979,0.041919841
1790504122.284900427,-0.023524557,-0.104634705,-0.067379365,0.992044116,0.104704454,0.053659504,0.044789575
1790504122.318233013,-0.023871214,-0.108241263,-0.069867167,0.991383181,0.108762313,0.056962077,0.045666931
1790504122.351566315,-0.024481699,-0.111871214,-0.072161684,0.990636430,0.113207638,0.060768013,0.046159966
1790504122.384900093,-0.025432770,-0.115894062,-0.074423517,0.989522365,0.119515134,0.065576866,0.047553102
1790504122.418232679,-0.026315677,-0.119369093,-0.076048986,0.989606377,0.109948393,0.078231229,0.049703558
1790504122.451566219,-0.027742378,-0.123534140,-0.077809578,0.988383118,0.116412599,0.085749525,0.046839483
1790504122.484899759,-0.029043225,-0.127469942,-0.078652498,0.987670516,0.114632135,0.096094080,0.046177411
1790504122.518233299,-0.030287945,-0.131204620,-0.078408192,0.987295720,0.105842471,0.109436509,0.045477289
1790504122.551565886,-0.031808047,-0.134832571,-0.077385025,0.986501089,0.098739928,0.123891552,0.041435620
1790504122.584899426,-0.033583697,-0.138134134,-0.075716262,0.985476024,0.090713472,0.138912796,0.036211985
1790504122.618232965,-0.035738234,-0.141171979,-0.073686318,0.984795711,0.082743227,0.149793358,0.029881709
1790504122.651566267,-0.037896486,-0.143874861,-0.071491181,0.983457838,0.073817671,0.163754137,0.023371239
1790504122.684898615,-0.040417470,-0.146657815,-0.069603063,0.981679153,0.071974838,0.175682607,0.016164294
1790504122.718232155,-0.044071516,-0.150212576,-0.068682481,0.980460278,0.092807921,0.173388319,0.004563251
1790504122.751565695,-0.047043168,-0.153064395,-0.067701163,0.978546213,0.098575156,0.180914756,-0.000313665
1790504122.784903049,-0.050054249,-0.155762478,-0.066579813,0.978497289,0.095263007,0.182911559,-0.003372789
1790504122.818241358,-0.053121575,-0.158925541,-0.065550343,0.978765984,0.094744454,0.181693055,-0.005317047
1790504122.851580143,-0.056341402,-0.162309848,-0.064957018,0.978824196,0.097752915,0.179721152,-0.006918682
1790504122.884918690,-0.059152575,-0.165411492,-0.064689303,0.978195243,0.099384939,0.182192073,-0.007921470
1790504122.918256044,-0.061032753,-0.167859272,-0.064285056,0.977803522,0.093439945,0.187416040,-0.006669092
1790504122.951594830,-0.061987769,-0.169824535,-0.063724609,0.977921589,0.088020171,0.189512382,-0.002621435
1790504122.984933376,-0.063494960,-0.172287741,-0.063679677,0.979880926,0.105693317,0.169286281,-0.002108958
1790504123.018270969,-0.063541351,-0.173260328,-0.063071609,0.981191798,0.101061593,0.164414154,0.004146731
1790504123.051609516,-0.063554457,-0.174011389,-0.062766067,0.981470318,0.104073082,0.160876629,0.001875633
1790504123.084948301,-0.063567829,-0.174462815,-0.062648351,0.981648940,0.107209070,0.157706689,0.000417791
1790504123.118287086,-0.063543184,-0.174654767,-0.062594014,0.981949418,0.108324616,0.155049198,0.000929522
1790504123.151624680,-0.063272257,-0.174570858,-0.062542739,0.982305857,0.108172076,0.152846216,0.003469930
1790504123.184963465,-0.062717546,-0.174265867,-0.062473216,0.982520021,0.109013826,0.150778751,0.006013558
1790504123.218302250,-0.061829628,-0.173795211,-0.062154237,0.982606020,0.107916340,0.150853358,0.009095962
1790504123.251641035,-0.060569197,-0.173271533,-0.061503511,0.982459420,0.104160760,0.154139762,0.012843625
1790504123.284979105,-0.058969606,-0.172641172,-0.060673933,0.982647935,0.096726419,0.157434886,0.016164566
1790504123.318317652,-0.057077048,-0.172228818,-0.060113881,0.982660281,0.093408856,0.158814655,0.020771702
1790504123.351656437,-0.054948414,-0.171903012,-0.059879737,0.982360810,0.093462813,0.159958554,0.025400834
1790504123.384994268,-0.052474916,-0.171565036,-0.059797336,0.981824220,0.092933369,0.162657336,0.030449652
1790504123.418333530,-0.049594689,-0.171369207,-0.059921883,0.981140018,0.092997690,0.165505151,0.036383246
1790504123.451672316,-0.046316091,-0.171074075,-0.060359199,0.980405021,0.091982849,0.168836468,0.042888188
1790504123.485011339,-0.042661121,-0.170707984,-0.061116480,0.979041385,0.092883094,0.174594171,0.048657707
1790504123.518349409,-0.038419042,-0.170280329,-0.061927002,0.976140452,0.092923946,0.188723616,0.053836371
1790504123.551688194,-0.034218311,-0.169888838,-0.062651863,0.973763570,0.091251084,0.200448236,0.057256038
1790504123.585027456,-0.030053189,-0.169612112,-0.063224314,0.972027872,0.089131619,0.208633437,0.060740928
1790504123.618366480,-0.025785831,-0.169355016,-0.063683286,0.970045888,0.087107153,0.217261128,0.064968615
1790504123.651704550,-0.021638160,-0.169097344,-0.064145615,0.968309425,0.086318128,0.223779533,0.069633024
1790504123.685043812,-0.017419482,-0.168712532,-0.064591366,0.966145458,0.085062744,0.232291643,0.073265787
1790504123.718382835,-0.013363989,-0.168240408,-0.065084786,0.964284497,0.084071918,0.239087176,0.076971713
1790504123.751720905,-0.009433598,-0.167615336,-0.065657627,0.962427383,0.082759410,0.245766243,0.080519350
1790504123.785056114,-0.005630419,-0.166941749,-0.066348683,0.960231897,0.083646475,0.252650635,0.084413436
1790504123.818391085,-0.002000248,-0.166170061,-0.066975887,0.958094633,0.082849938,0.259534524,0.088500804
1790504123.851726055,0.000957070,-0.165525038,-0.067591909,0.956504626,0.082212048,0.264468608,0.091632057
1790504123.885060310,0.002908107,-0.165048098,-0.068245051,0.954821615,0.081767265,0.270207400,0.092831883
1790504123.918395281,0.006821542,-0.163809072,-0.068939923,0.939797259,0.066982440,0.316940122,0.108827493
1790504123.951730251,0.007332326,-0.162921387,-0.069175252,0.941819315,0.058877572,0.315306994,0.100455504
1790504123.985065222,0.008942998,-0.162626577,-0.069624514,0.937902248,0.063233148,0.323815730,0.107164900
1790504124.018399239,0.010632368,-0.162141768,-0.069834887,0.935627476,0.066134286,0.328317298,0.111513381
1790504124.051734209,0.012390665,-0.161504596,-0.070012952,0.933950306,0.067680744,0.332325437,0.112765008
1790504124.085069180,0.014141307,-0.160852345,-0.070202498,0.932650442,0.068398744,0.335777329,0.112864302
1790504124.118402958,0.015831513,-0.160288099,-0.070379856,0.931521990,0.068942250,0.339237958,0.111495991
1790504124.151737928,0.017560405,-0.159764590,-0.070602048,0.929410449,0.068784614,0.345565225,0.109770527
1790504124.185072899,0.019282739,-0.159378578,-0.070908679,0.927333923,0.069097981,0.351213829,0.109206730
1790504124.218407869,0.020748354,-0.159196509,-0.071339345,0.927440354,0.070433719,0.350572191,0.109510824
1790504124.251741886,0.021757302,-0.159172071,-0.072022464,0.928921775,0.074007365,0.346209802,0.108471279
1790504124.285076618,0.022342990,-0.159213607,-0.073015265,0.929457260,0.078789728,0.343839872,0.108053331
1790504124.318411589,0.022240915,-0.159378441,-0.074297009,0.929874196,0.085197242,0.341472223,0.107108035
1790504124.351745605,0.021455712,-0.159616099,-0.075747460,0.930361986,0.091551710,0.339448991,0.104015588
1790504124.385080338,0.020250794,-0.159949542,-0.077220380,0.930166249,0.097082933,0.339483806,0.100580311
1790504124.418415308,0.018539631,-0.160446684,-0.078563172,0.930215386,0.103105274,0.339023820,0.095558818
1790504124.451750040,0.016445166,-0.161063507,-0.079643493,0.930906111,0.108698053,0.336859538,0.090134334
1790504124.485084057,0.014076538,-0.161712182,-0.080372442,0.932944403,0.112073052,0.331337043,0.085265095
1790504124.518418789,0.011442126,-0.162362626,-0.080830665,0.935518476,0.115146680,0.323976169,0.081153341
1790504124.551753521,0.008445985,-0.162861133,-0.081126107,0.938002007,0.118489396,0.316477291,0.077166199
1790504124.585088491,0.004989647,-0.163084202,-0.081249088,0.941442680,0.120402188,0.306387867,0.072907257
1790504124.618422031,0.001129060,-0.163137534,-0.081192508,0.945484068,0.122336986,0.293980586,0.068329737
1790504124.651756763,-0.002930755,-0.162956258,-0.080879052,0.949180375,0.122147343,0.282835573,0.064348118
1790504124.685091496,-0.007215288,-0.162639521,-0.080340005,0.952748635,0.121161847,0.271924087,0.060391527
1790504124.718425274,-0.011558696,-0.162257927,-0.079677378,0.956039832,0.120992628,0.261100777,0.056347206
1790504124.751760006,-0.015745347,-0.161819703,-0.078967402,0.958851876,0.121070048,0.251461641,0.052078470
1790504124.785094738,-0.019499371,-0.161443066,-0.078232296,0.960316480,0.120936318,0.246635112,0.048350669
1790504124.818429470,-0.022823589,-0.161248975,-0.077441162,0.961420535,0.120348621,0.243237950,0.044967358
1790504124.851763010,-0.025529991,-0.161245950,-0.076527200,0.962548303,0.118706956,0.239912311,0.043029135
1790504124.885097742,-0.027518065,-0.161330023,-0.075490643,0.963429148,0.116295220,0.237650381,0.042449909
1790504124.918432474,-0.028755036,-0.161419250,-0.074462254,0.963249974,0.114499029,0.239189952,0.042750754
1790504124.951766729,-0.029511854,-0.161400537,-0.073573930,0.963071259,0.112509518,0.240763827,0.043221956
1790504124.985100508,-0.029694102,-0.161273609,-0.072915017,0.962310015,0.111098348,0.244351869,0.043689319
1790504125.018435001,-0.029312282,-0.160981686,-0.072510238,0.960846801,0.110061240,0.250391268,0.044318861
1790504125.051769733,-0.028345257,-0.160498747,-0.072338799,0.958169695,0.108959716,0.260627003,0.045958479
1790504125.085103273,-0.026833037,-0.159857469,-0.072285115,0.954469196,0.107471533,0.274159176,0.047698746
1790504125.118437767,-0.025057322,-0.159165695,-0.072210194,0.951909940,0.105714992,0.283360856,0.048973781
1790504125.151772261,-0.022825035,-0.158539159,-0.072081896,0.950406502,0.103966124,0.288505565,0.051798309
1790504125.185106754,-0.020117043,-0.157921043,-0.071986533,0.949269371,0.101876476,0.292327804,0.055256682
1790504125.218440294,-0.016963535,-0.157237015,-0.071989523,0.947880123,0.099342932,0.296927444,0.059062239
1790504125.251774549,-0.013311508,-0.156539296,-0.072036220,0.945833936,0.097453893,0.303157518,0.063217275
1790504125.285109043,-0.009277568,-0.155712522,-0.071918992,0.944344315,0.093535601,0.308078372,0.067473135
1790504125.318443537,-0.004501216,-0.154715431,-0.071430144,0.940976799,0.085733143,0.319554370,0.071396757
1790504125.351777077,0.000561070,-0.153810506,-0.070535829,0.937966521,0.077013762,0.329557012,0.075364857
1790504125.385111570,0.005559909,-0.153354667,-0.069681615,0.935779962,0.076169649,0.334726872,0.080448541
1790504125.418445826,0.010461374,-0.152812668,-0.069021814,0.933353789,0.076246910,0.339996197,0.086253690
1790504125.451779366,0.014997813,-0.151945195,-0.068548546,0.931386785,0.074645113,0.344369991,0.091411560
1790504125.485113859,0.019569687,-0.150782682,-0.068168417,0.928932637,0.071799734,0.350283678,0.096074444
1790504125.518448114,0.024341207,-0.149519731,-0.067683664,0.926767808,0.069845589,0.355565431,0.098975998
1790504125.551782370,0.029730634,-0.148160832,-0.066853113,0.924333430,0.067674847,0.361600883,0.101353972
1790504125.585115671,0.035299872,-0.146177633,-0.065225521,0.923997399,0.054335627,0.364480846,0.102128151
1790504125.618449926,0.041116826,-0.144844503,-0.063469529,0.921951042,0.054174213,0.369082682,0.104160478
1790504125.651784182,0.046769445,-0.143055786,-0.061305767,0.920619808,0.046465409,0.372776467,0.106479293
1790504125.685117722,0.052244869,-0.141475375,-0.059152158,0.918871776,0.040249809,0.377357251,0.107963502
1790504125.718451977,0.057439514,-0.140130672,-0.057290680,0.916272447,0.033181673,0.384256217,0.108124650
1790504125.751786232,0.062279664,-0.139158766,-0.056057807,0.913883784,0.029178705,0.389934289,0.109161729
1790504125.785120487,0.066770785,-0.138503857,-0.055543031,0.912985424,0.029681635,0.390848015,0.113200909
1790504125.818453789,0.071097729,-0.138004197,-0.055488681,0.912118884,0.031461533,0.391358282,0.117847394
1790504125.851788282,0.075207771,-0.137593282,-0.055542564,0.910140464,0.031460370,0.395052544,0.120781075
1790504125.885122776,0.078838288,-0.137424644,-0.055578191,0.907933167,0.031100325,0.399881059,0.121594703
1790504125.918457031,0.082098096,-0.137425226,-0.055621030,0.905648913,0.029873603,0.405120148,0.121594733
1790504125.951790571,0.084889392,-0.137644724,-0.055661579,0.904846099,0.029622447,0.407203221,0.120671390
1790504125.985125065,0.087458954,-0.137886648,-0.055731017,0.903719937,0.028032176,0.409587330,0.121419483
1790504126.018459320,0.089754301,-0.138192741,-0.055875501,0.902511542,0.027370537,0.412253782,0.121534313
1790504126.051792622,0.091817750,-0.138441595,-0.056069736,0.901297891,0.027159401,0.415051741,0.121064157
1790504126.085126877,0.093814083,-0.138811495,-0.056302085,0.900095466,0.029926709,0.417355883,0.121435627
1790504126.118461370,0.095980621,-0.139045072,-0.056354925,0.899513109,0.029231914,0.418238588,0.122874515
1790504126.151795864,0.098761520,-0.139534411,-0.056333599,0.898063275,0.031794351,0.420595475,0.124783494
1790504126.185129166,0.102185645,-0.139902960,-0.056116576,0.896012401,0.031428184,0.424377477,0.126798279
1790504126.218463659,0.105874677,-0.140187641,-0.055696409,0.895599823,0.029505576,0.424916691,0.128359591
1790504126.251797915,0.110283515,-0.140360962,-0.055351554,0.893155531,0.027414446,0.429772488,0.129681353
1790504126.285132408,0.115369910,-0.140371165,-0.055096056,0.890490984,0.024337097,0.434726938,0.132083314
1790504126.318465471,0.121145252,-0.140269208,-0.055138236,0.887722152,0.022666841,0.439328421,0.135742897
1790504126.351799965,0.127606102,-0.139968866,-0.055392752,0.884881158,0.021106025,0.443417887,0.141139818
1790504126.385134459,0.134762631,-0.139459359,-0.055547164,0.882208350,0.018047352,0.446592634,0.148113941
1790504126.418467760,0.142408797,-0.138803077,-0.055548640,0.879259019,0.014526729,0.450698968,0.153502415
1790504126.451802015,0.149991371,-0.137997348,-0.055347130,0.878201273,0.010863663,0.450933506,0.159070670
1790504126.485136509,0.157880969,-0.136991825,-0.055156051,0.875027938,0.007869952,0.455531301,0.163570795
1790504126.518470764,0.165772721,-0.135873659,-0.054838072,0.872017113,0.005335648,0.459811737,0.167722545
1790504126.551804304,0.173695111,-0.134717233,-0.054570173,0.867559102,0.003011382,0.466991372,0.171029809
1790504126.585138321,0.181275365,-0.133610732,-0.054241702,0.864140365,-0.000082312,0.471173230,0.176797088
1790504126.618472815,0.188694355,-0.132581853,-0.053938018,0.860922330,-0.003099129,0.475766377,0.180137422
1790504126.651807070,0.196032042,-0.131576590,-0.053712895,0.857502193,-0.005800659,0.480613215,0.183486456
1790504126.685140610,0.203021166,-0.130364804,-0.053466006,0.855804541,-0.011990616,0.482770767,0.185437859
1790504126.718474865,0.210069588,-0.129257308,-0.053569000,0.851292645,-0.015292477,0.489930636,0.187176243
1790504126.751809120,0.216782861,-0.128156084,-0.053627210,0.848070926,-0.018993609,0.493257283,0.192645270
1790504126.785146713,0.223291424,-0.127043738,-0.053658773,0.845744892,-0.021671888,0.495473215,0.196855784
1790504126.818485260,0.229535752,-0.125897108,-0.053755418,0.843533671,-0.023716337,0.497748289,0.200337520
1790504126.851824045,0.235495892,-0.124747201,-0.054025719,0.840090598,-0.026362385,0.502125776,0.203525225
1790504126.885162592,0.240949417,-0.123682319,-0.054380034,0.837784818,-0.028636157,0.504659502,0.206434872
1790504126.918500185,0.245978668,-0.122713755,-0.054816076,0.835886843,-0.030021930,0.506758845,0.208775819
1790504126.951838970,0.250753196,-0.121861820,-0.055212001,0.833470830,-0.031920114,0.509407848,0.211686387
1790504126.985177517,0.255303811,-0.121186364,-0.055506729,0.830990772,-0.034574231,0.512007899,0.214725103
1790504127.018515348,0.259610026,-0.120701167,-0.055703118,0.829348180,-0.036767176,0.513752643,0.216536356
1790504127.051853895,0.263767213,-0.120264453,-0.055816460,0.828107604,-0.038226451,0.514952506,0.218175276
1790504127.085192919,0.267890534,-0.119692353,-0.055843940,0.826654873,-0.039218768,0.516289278,0.220338358
1790504127.118531704,0.272048481,-0.118829071,-0.055783790,0.825460874,-0.040180693,0.517464662,0.221878750
1790504127.151869535,0.276407224,-0.117683326,-0.055762604,0.823602146,-0.041181927,0.520198456,0.222209633
1790504127.185208559,0.280858019,-0.116257471,-0.055910262,0.820941683,-0.042448429,0.523068598,0.225060270
1790504127.218547344,0.285149990,-0.114752901,-0.056183379,0.819590935,-0.042577557,0.524014089,0.227743465
1790504127.251886368,0.289513310,-0.113087461,-0.056532711,0.817287369,-0.044357078,0.526408349,0.230147900
1790504127.285224438,0.293925519,-0.111413816,-0.056758685,0.815531068,-0.046509589,0.527759123,0.232843818
1790504127.318563223,0.298437650,-0.109623229,-0.056803883,0.813939109,-0.048945256,0.528865472,0.235390740
1790504127.351902246,0.303051990,-0.107601691,-0.056700041,0.812370544,-0.051578209,0.529850690,0.238016878
1790504127.385240555,0.307743047,-0.105348458,-0.056524048,0.810718694,-0.054503281,0.530461515,0.241609545
1790504127.418579578,0.312435629,-0.103018177,-0.056244174,0.809742940,-0.056433694,0.530184557,0.245022335
1790504127.451918602,0.317201011,-0.100593379,-0.055757391,0.808548482,-0.059086995,0.530264535,0.248148346
1790504127.485257864,0.321996576,-0.098198195,-0.055046267,0.807107290,-0.062235516,0.531025136,0.250433359
1790504127.518595934,0.326775313,-0.095867695,-0.054128331,0.805575698,-0.065655758,0.532174092,0.252047319
1790504127.551935196,0.331562539,-0.093545123,-0.052996873,0.804637029,-0.069292011,0.532364101,0.253665788
1790504127.585274458,0.336329207,-0.091181289,-0.051823647,0.803913866,-0.072499351,0.532283532,0.255226530
1790504127.618613720,0.341065372,-0.088664294,-0.050739274,0.802708504,-0.076313960,0.533083585,0.256236470
1790504127.651952267,0.345886565,-0.085930848,-0.049798894,0.801325166,-0.080469070,0.533594997,0.258222940
1790504127.685291529,0.350866635,-0.082912417,-0.049177588,0.799702288,-0.083505980,0.533341079,0.262774228
1790504127.718630791,0.355955512,-0.079617840,-0.048845488,0.798564061,-0.084450228,0.531753689,0.269075477
1790504127.751969337,0.361137237,-0.076045492,-0.048512138,0.797933242,-0.086209100,0.529219968,0.275312111
1790504127.785304070,0.366334916,-0.072370753,-0.048084079,0.796571011,-0.090015820,0.527791296,0.280727847
1790504127.818638563,0.371427430,-0.068886092,-0.047676889,0.794241061,-0.094155709,0.528636786,0.284357148
1790504127.851973534,0.376166326,-0.065827290,-0.047308741,0.792754484,-0.097057520,0.528406674,0.287934980
1790504127.885307312,0.380741594,-0.063480812,-0.047114512,0.791639129,-0.095361279,0.532241451,0.284486826
1790504127.918642044,0.385011345,-0.061216515,-0.046788637,0.789385462,-0.099554445,0.534284453,0.285481398
1790504127.951976776,0.389194627,-0.059316019,-0.046428257,0.788480752,-0.102455355,0.534101547,0.287291735
1790504127.985311747,0.393428540,-0.057508668,-0.046058170,0.788095495,-0.104619546,0.532959853,0.289679195
1790504128.018645525,0.397777017,-0.055649264,-0.045565230,0.787245210,-0.108240224,0.532175868,0.292092243
1790504128.051980257,0.402086015,-0.053828655,-0.044971351,0.785637660,-0.112469070,0.532226747,0.294718281
1790504128.085314989,0.406148316,-0.052094143,-0.044291233,0.784240251,-0.116269171,0.531342023,0.298537038
1790504128.118648767,0.409898588,-0.050506179,-0.043525120,0.783452779,-0.119583279,0.529969476,0.301718307
1790504128.151983500,0.413363666,-0.049021047,-0.042639662,0.782392504,-0.123313071,0.529422189,0.303921044
1790504128.185317755,0.416514060,-0.047606502,-0.041518911,0.781936833,-0.126723288,0.528440058,0.305396631
1790504128.218652487,0.419353883,-0.046138881,-0.040169169,0.781744977,-0.129855135,0.527663667,0.305914185
1790504128.251986265,0.422070941,-0.044405781,-0.038663157,0.780369983,-0.133592633,0.527455322,0.308166484
1790504128.285320997,0.424603923,-0.042475944,-0.037075870,0.779615143,-0.136934456,0.525983024,0.311112587
1790504128.318655729,0.426836582,-0.040467642,-0.035549643,0.779504320,-0.139130933,0.523919932,0.313884539
1790504128.351989269,0.428743724,-0.038389676,-0.034026720,0.779654785,-0.141570355,0.521555725,0.316347715
1790504128.385324001,0.430410208,-0.036231249,-0.032409324,0.779388530,-0.145885674,0.520242072,0.317205100
1790504128.418658495,0.431858820,-0.034047908,-0.030601672,0.779267609,-0.151276145,0.519287511,0.316540681
1790504128.451993227,0.433126784,-0.031851110,-0.028719453,0.779470869,-0.155569846,0.517397390,0.317053826
1790504128.485326767,0.434327824,-0.029661235,-0.026987513,0.778774011,-0.158451537,0.516685252,0.318497254
1790504128.518661261,0.435271596,-0.027609114,-0.025261228,0.778372650,-0.162785856,0.515498775,0.319214340
1790504128.551995754,0.436065950,-0.025899651,-0.023637009,0.777570031,-0.165797070,0.515667371,0.319348306
1790504128.585330486,0.436624884,-0.024489167,-0.022095035,0.777533905,-0.167884013,0.514601221,0.320064943
1790504128.618664026,0.437100929,-0.023241203,-0.020702661,0.776882658,-0.170564157,0.514552354,0.320307789
1790504128.651998520,0.437433083,-0.022247603,-0.019456572,0.776623489,-0.172166952,0.514386817,0.320344659
1790504128.685333014,0.437631006,-0.021406247,-0.018463957,0.776022362,-0.173744636,0.514510467,0.320750799
1790504128.718666553,0.437682144,-0.020811523,-0.017711180,0.776002123,-0.174294868,0.513969153,0.321368501
1790504128.752001286,0.437615128,-0.020460348,-0.017234111,0.775981371,-0.173603522,0.514159878,0.321487713
1790504128.785337210,0.437450843,-0.020099046,-0.016937207,0.775468476,-0.174508289,0.514090829,0.322344722
1790504128.818673372,0.437201511,-0.019820106,-0.016841437,0.775346711,-0.174632063,0.513605031,0.323343458
1790504128.852008581,0.436883045,-0.019581524,-0.016995495,0.774798638,-0.174497753,0.514066271,0.323996102
1790504128.885344744,0.436701624,-0.019305812,-0.017175761,0.774016042,-0.175371929,0.513837564,0.325752684
1790504128.918680668,0.436753153,-0.019083440,-0.017317643,0.773842312,-0.175881239,0.512674722,0.327717096
1790504128.952016830,0.436988591,-0.018933711,-0.017458286,0.773797268,-0.176373388,0.511717740,0.329051926
1790504128.985352039,0.437411651,-0.018730611,-0.017504989,0.773437744,-0.178681559,0.510587166,0.330405361
1790504129.018688202,0.438000016,-0.018525395,-0.017518186,0.773339686,-0.179658115,0.509592419,0.331638747
1790504129.052024364,0.438625952,-0.018035828,-0.017425455,0.773119043,-0.181206004,0.508603723,0.332826655
1790504129.085359573,0.439229036,-0.017037221,-0.017170356,0.772057571,-0.183824940,0.508421891,0.334129736
1790504129.118695736,0.439593937,-0.015610026,-0.016696650,0.771705367,-0.185891704,0.507517235,0.335173622
1790504129.152031898,0.440136014,-0.014549299,-0.016170939,0.773304919,-0.178664025,0.510866402,0.330294093
1790504129.185368061,0.440029462,-0.012895103,-0.015367502,0.773417881,-0.183306099,0.508003671,0.331897461
1790504129.218703270,0.440040061,-0.011788726,-0.014561804,0.773852858,-0.182759024,0.506808920,0.333009929
1790504129.252039433,0.439853294,-0.010890491,-0.013575589,0.774446487,-0.184371876,0.503941984,0.335085254
1790504129.285375834,0.439543813,-0.010295384,-0.012471607,0.774994473,-0.186113682,0.501291568,0.336826407
1790504129.318711996,0.439214117,-0.009851435,-0.011172884,0.775846878,-0.189470022,0.496879209,0.339519932
1790504129.352047205,0.439370338,-0.009551500,-0.010090859,0.774388933,-0.191255888,0.498743249,0.339113754
1790504129.385383368,0.439362010,-0.009228293,-0.008825750,0.774419056,-0.196814563,0.494460837,0.342122250
1790504129.418719769,0.439556194,-0.009074479,-0.007782401,0.773826635,-0.200960948,0.492948462,0.343232937
1790504129.452054977,0.439581221,-0.009051970,-0.006887155,0.772645265,-0.204016481,0.493014643,0.343995832
1790504129.485391140,0.439550973,-0.008636293,-0.005912253,0.770496257,-0.209565310,0.494090820,0.343936274
1790504129.518727541,0.439813840,-0.007768421,-0.004800643,0.769035931,-0.213184468,0.492832703,0.346773768
1790504129.552063704,0.440471298,-0.006268133,-0.003821539,0.766982559,-0.216808797,0.490300898,0.352614137
1790504129.585398912,0.441286007,-0.004465735,-0.002874684,0.766103222,-0.219005554,0.485180995,0.360169157
1790504129.618735313,0.442094586,-0.002600937,-0.002205075,0.764337796,-0.221295922,0.483844855,0.364293843
1790504129.652071476,0.442261293,-0.000886222,-0.001421204,0.764389212,-0.226174248,0.476042421,0.371399995
1790504129.685406685,0.442670226,0.000646485,-0.000860402,0.763576290,-0.229817385,0.472974936,0.374739816
1790504129.718743086,0.443251540,0.001840489,-0.000483419,0.762521787,-0.230369488,0.473629008,0.375720622
1790504129.752079487,0.443665124,0.002925610,-0.000195387,0.761427613,-0.232861229,0.473506718,0.376556804
1790504129.785412312,0.444141528,0.003783181,-0.000041182,0.760820040,-0.233271608,0.473185579,0.377932046
1790504129.818743944,0.444629766,0.004501698,-0.000148060,0.759700447,-0.234583195,0.474001180,0.378350150
1790504129.852076769,0.445043566,0.004785190,-0.000446938,0.759416792,-0.233965588,0.474846151,0.378242480
1790504129.885409355,0.445389046,0.004836914,-0.000856777,0.759663391,-0.233251865,0.474988403,0.378009415
1790504129.918741941,0.445733692,0.004824224,-0.001369753,0.759945989,-0.232204452,0.474446831,0.378765615
1790504129.952073812,0.446100944,0.004832205,-0.001903102,0.759996095,-0.231301303,0.474007625,0.379766261
1790504129.985406160,0.446409192,0.004733276,-0.002367603,0.760194972,-0.230674078,0.473756043,0.380063529
1790504130.018738747,0.446606185,0.004418395,-0.002933711,0.759593150,-0.230277601,0.475198952,0.379705713
1790504130.052070379,0.446490180,0.003773213,-0.003642077,0.759300329,-0.229833709,0.476377604,0.379082913
1790504130.085402727,0.446018766,0.002784780,-0.004608227,0.759295182,-0.228588176,0.477766857,0.378096685
1790504130.118735313,0.445234547,0.001629550,-0.006045429,0.758328702,-0.228050111,0.480816903,0.376491478
1790504130.152067900,0.444249594,0.000248730,-0.008163233,0.757261589,-0.226238607,0.484574245,0.374911697
1790504130.185399055,0.443324350,-0.001119501,-0.011419234,0.754288987,-0.225243237,0.491842809,0.372027230
1790504130.218731642,0.442189456,-0.003231811,-0.015371627,0.756001719,-0.216899299,0.492715394,0.372354179
1790504130.252063990,0.441062517,-0.005660516,-0.019847775,0.757561884,-0.209698020,0.494135122,0.371425919
1790504130.285396576,0.440353771,-0.008229961,-0.024599483,0.755646402,-0.205024776,0.502400997,0.366819568
1790504130.318727732,0.439589199,-0.011050175,-0.029150829,0.754726639,-0.201348524,0.507269557,0.364038555
1790504130.352060080,0.439076462,-0.013910278,-0.033955030,0.753045333,-0.196784829,0.514279987,0.360159065
1790504130.385392427,0.438822059,-0.016783368,-0.038953152,0.752243818,-0.189834035,0.520551613,0.356536527
1790504130.418723583,0.438813867,-0.019376128,-0.044083746,0.750807081,-0.184185324,0.525544189,0.355201068
1790504130.452055693,0.439190417,-0.021520595,-0.049251577,0.747990959,-0.181831918,0.530163477,0.355490318
1790504130.485388041,0.440060688,-0.023388055,-0.054306985,0.745101546,-0.180635417,0.534568316,0.355571720
1790504130.518720150,0.441303634,-0.025489111,-0.059218256,0.743723583,-0.174727674,0.538264602,0.355832391
1790504130.552051306,0.442692849,-0.027444825,-0.064064234,0.740759140,-0.172800344,0.544196848,0.353928987
1790504130.585383415,0.444121424,-0.029552340,-0.068617104,0.737570799,-0.171801639,0.549527697,0.352835405
1790504130.618715286,0.445498504,-0.031769987,-0.073017430,0.735115462,-0.172554087,0.553906687,0.350738830
1790504130.652047396,0.447102831,-0.034283878,-0.077706233,0.731012542,-0.168443474,0.562669935,0.347347095
1790504130.685378313,0.448612355,-0.036991606,-0.082437449,0.727326210,-0.162587029,0.571018120,0.344238797
1790504130.718710423,0.449954545,-0.039671031,-0.086959038,0.724323763,-0.160555343,0.577491463,0.340706147
1790504130.752042532,0.451468221,-0.042442556,-0.091179921,0.721047165,-0.159429421,0.583302582,0.338277023
1790504130.785377741,0.453340112,-0.045417874,-0.095160338,0.717645787,-0.157732957,0.590509188,0.333771983
1790504130.818713903,0.455296047,-0.048614118,-0.098582303,0.716885582,-0.156158021,0.593818167,0.330257049
1790504130.852050304,0.457770412,-0.051811376,-0.101840894,0.713826166,-0.154469637,0.601357321,0.323976401
1790504130.885386467,0.460152702,-0.054122540,-0.104306316,0.713333432,-0.165129449,0.598769259,0.324596757
1790504130.918721676,0.463601912,-0.056981435,-0.107019938,0.713116112,-0.155277811,0.602607966,0.322827898
1790504130.952057838,0.466891215,-0.058502151,-0.109384133,0.712927265,-0.156415167,0.600208813,0.327136655
1790504130.985394001,0.470403165,-0.059448399,-0.111700345,0.711642815,-0.156020327,0.600182775,0.330155717
1790504131.018729210,0.474065262,-0.059936318,-0.113749076,0.710948927,-0.154743953,0.600609324,0.331473035
1790504131.052065372,0.477945724,-0.059881771,-0.115537988,0.709811713,-0.154369229,0.601123528,0.333148581
1790504131.085401535,0.482030990,-0.059457742,-0.117175378,0.708191514,-0.154224202,0.602021759,0.335036530
1790504131.118737698,0.486288909,-0.058899550,-0.118641408,0.707255684,-0.153878810,0.602797842,0.335775924
1790504131.152072906,0.490787477,-0.058207755,-0.119860229,0.706379470,-0.154720004,0.603100156,0.336689719
1790504131.185409069,0.495498287,-0.057452722,-0.120860729,0.705352621,-0.156886746,0.603613702,0.336919467
1790504131.218745470,0.500259760,-0.056767680,-0.121657148,0.704826172,-0.158613647,0.604080111,0.336376274
1790504131.252081633,0.505008943,-0.055947440,-0.122323317,0.703908535,-0.160326646,0.604899543,0.336012923
1790504131.285416842,0.509566486,-0.054679691,-0.123007057,0.702648549,-0.162907564,0.604835564,0.337520491
1790504131.318753004,0.513840962,-0.052963647,-0.124005064,0.701182464,-0.163482708,0.605007312,0.339974570
1790504131.352089167,0.517792380,-0.050860025,-0.125300394,0.699719329,-0.163389129,0.604615768,0.343710092
1790504131.385424376,0.521526081,-0.048654278,-0.126776344,0.698312339,-0.162265165,0.603778059,0.348542608
1790504131.418760538,0.525271859,-0.046538430,-0.128174490,0.697865367,-0.161312982,0.602363465,0.352307121
1790504131.452096462,0.529263854,-0.044541310,-0.129375966,0.696781976,-0.161467681,0.601855665,0.355236294
1790504131.485432625,0.533481118,-0.042636538,-0.130323103,0.695036634,-0.163596991,0.602576648,0.356456850
1790504131.518767834,0.537878051,-0.040727592,-0.130968361,0.693953725,-0.166192021,0.602077418,0.358205560
1790504131.552103996,0.542287620,-0.038674259,-0.131363166,0.693432908,-0.168331052,0.600463039,0.360914946
1790504131.585439920,0.546512160,-0.036348238,-0.131502013,0.692511438,-0.170509354,0.599766915,0.362814162
1790504131.618776083,0.550497868,-0.033589413,-0.131291053,0.690806574,-0.173668918,0.599091419,0.365670420
1790504131.652111292,0.554645310,-0.031038193,-0.130971885,0.690420112,-0.167383951,0.602796364,0.363234394
1790504131.685447216,0.558247259,-0.027801042,-0.130125309,0.690008246,-0.169116172,0.601621417,0.365157515
1790504131.718783379,0.561602834,-0.024350609,-0.128967327,0.689521216,-0.172131001,0.599590726,0.367997790
1790504131.752118587,0.564698052,-0.020922609,-0.127630152,0.689159728,-0.174545691,0.597285092,0.371272392
1790504131.785454035,0.567520411,-0.017617476,-0.126130087,0.688789191,-0.177447343,0.595213637,0.373901881
1790504131.818789482,0.570085893,-0.014556034,-0.124361887,0.689423861,-0.179997338,0.592376840,0.376012469
1790504131.852124929,0.572458092,-0.011708538,-0.122584923,0.689161842,-0.181878151,0.592341311,0.375643536
1790504131.885459423,0.574448247,-0.009038667,-0.120535120,0.690436524,-0.184738898,0.589240052,0.376782573
1790504131.918794870,0.576342814,-0.006565377,-0.118469338,0.691633943,-0.187064743,0.586724783,0.377363619
1790504131.952130318,0.578036769,-0.004399058,-0.116449527,0.693824590,-0.187073888,0.583949317,0.377642682
1790504131.985465765,0.579539703,-0.002283625,-0.114627582,0.694652514,-0.188083319,0.582201568,0.378317173
1790504132.018800020,0.580907998,-0.000287806,-0.112900940,0.695281010,-0.189019283,0.580703013,0.378998732
1790504132.052135468,0.582178180,0.001589352,-0.111238103,0.696184255,-0.189606402,0.579247189,0.379275084
1790504132.085470915,0.583314857,0.003429180,-0.109592571,0.696866183,-0.191464432,0.576964643,0.380566283
1790504132.118805170,0.584385751,0.005109434,-0.108021445,0.697230648,-0.192979285,0.575758612,0.380959892
1790504132.152140617,0.585354840,0.006681107,-0.106455743,0.697568278,-0.194294949,0.574714611,0.381249376
1790504132.185476065,0.586249624,0.008196357,-0.104793096,0.698810388,-0.195460265,0.572418393,0.381833092
1790504132.218811274,0.587178601,0.009732219,-0.103150143,0.699876202,-0.196798613,0.570393844,0.382223064
1790504132.252145767,0.588107211,0.011318568,-0.101670243,0.700336887,-0.198400046,0.569321799,0.382149651
1790504132.285480976,0.588900250,0.012853292,-0.100467401,0.699826927,-0.200295264,0.569951830,0.381154812
1790504132.318816423,0.589385989,0.014202333,-0.099459001,0.699468449,-0.202044485,0.570305746,0.380359398
1790504132.352150679,0.589627875,0.015373575,-0.098709934,0.699201866,-0.203157089,0.570230642,0.380369507
1790504132.385485888,0.589678055,0.016321464,-0.098279909,0.698948210,-0.202821307,0.570341748,0.380848011
1790504132.418821335,0.589466619,0.017088849,-0.098033067,0.698833168,-0.202565474,0.570112157,0.381538413
1790504132.452156544,0.589147896,0.017719943,-0.097897205,0.698403868,-0.201928925,0.570364779,0.382283619
1790504132.485490799,0.588730091,0.018240825,-0.097811874,0.697708993,-0.201715361,0.569681333,0.384676816
1790504132.518826008,0.588308021,0.018324107,-0.097748948,0.699228412,-0.198331663,0.569151663,0.384461394
1790504132.552161217,0.587828708,0.018487309,-0.097698178,0.699520152,-0.198743842,0.568788235,0.384255626
1790504132.585496426,0.587363512,0.018421843,-0.097825731,0.700001025,-0.197516155,0.569478398,0.382988627
1790504132.618830681,0.586629894,0.018193006,-0.098315268,0.699940156,-0.196448277,0.570403392,0.382271922
1790504132.652165890,0.585724623,0.017743982,-0.099174296,0.700311030,-0.194235900,0.571994954,0.380340176
1790504132.685500860,0.584631453,0.017217326,-0.100302765,0.700221680,-0.193213359,0.572444998,0.380348422
1790504132.718835115,0.583432801,0.016347962,-0.101820496,0.700118367,-0.190986282,0.574276694,0.378899448
1790504132.752170324,0.581938776,0.014951623,-0.103530771,0.701008157,-0.187351548,0.574813303,0.378254713
1790504132.785507679,0.580098817,0.013104955,-0.105447240,0.700851225,-0.185284629,0.576470284,0.377040023
1790504132.818844795,0.577701930,0.011592160,-0.107749642,0.693438773,-0.192780881,0.581248974,0.379641712
1790504132.852180958,0.575017647,0.009010801,-0.109872044,0.694727215,-0.186264743,0.585176011,0.374471064
1790504132.885518074,0.571916982,0.007233354,-0.111985756,0.692285053,-0.185367509,0.589614165,0.372472051
1790504132.918855190,0.568834622,0.005910754,-0.113775146,0.690937212,-0.182736664,0.592542665,0.371626521
1790504132.952192307,0.565681270,0.004919009,-0.115257176,0.690627981,-0.179870244,0.594207976,0.370940114
1790504132.985528708,0.562325427,0.004111222,-0.116566805,0.689851104,-0.178496910,0.595882119,0.370363075
1790504133.018866062,0.558664950,0.003195602,-0.117866375,0.688734345,-0.177097866,0.598458228,0.368956768
1790504133.052203417,0.554534256,0.002060395,-0.119331043,0.686725253,-0.175432473,0.602904532,0.366248548
1790504133.085539579,0.550077953,0.000850550,-0.120885849,0.684603844,-0.174557737,0.607911466,0.362340756
1790504133.118876934,0.545493839,-0.000283050,-0.122518575,0.682894982,-0.174925124,0.612184959,0.358169263
1790504133.152214289,0.540745587,-0.001424553,-0.124387294,0.682524445,-0.173826366,0.615113904,0.354372208
1790504133.185551643,0.535903100,-0.002471070,-0.126600682,0.682367487,-0.171463074,0.617590094,0.351507471
1790504133.218888283,0.531098999,-0.003375827,-0.129225999,0.680203158,-0.167678558,0.620351948,0.352662765
1790504133.252225637,0.526123968,-0.004364922,-0.132124787,0.678666890,-0.163567116,0.622793800,0.353249110
1790504133.285562992,0.520979045,-0.005432070,-0.135166922,0.676868237,-0.160549879,0.625475173,0.353346760
1790504133.318900347,0.515848295,-0.006526202,-0.138259071,0.673814834,-0.156897387,0.628872291,0.354790673
1790504133.352236986,0.510541464,-0.007609921,-0.141088385,0.673523484,-0.153464942,0.630475675,0.353998661
1790504133.385574579,0.505130721,-0.008378711,-0.143677212,0.673735271,-0.151010648,0.632102434,0.351742922
1790504133.418912172,0.499735178,-0.008511371,-0.146056504,0.672906980,-0.150176425,0.633154049,0.351794241
1790504133.452248573,0.494393444,-0.008171676,-0.148415177,0.671346356,-0.145905224,0.634238687,0.354608269
1790504133.485586166,0.488889359,-0.007480281,-0.150431793,0.673002813,-0.140225820,0.631803988,0.358088890
1790504133.518923759,0.483463532,-0.006674258,-0.152186350,0.673743382,-0.134938895,0.629973965,0.361931144
1790504133.552261591,0.478006098,-0.006191500,-0.153669719,0.674102799,-0.131507064,0.629877408,0.362692375
1790504133.585598230,0.472591647,-0.006437996,-0.155140038,0.672461665,-0.127764126,0.631604173,0.364071156
1790504133.618935823,0.467269150,-0.007637321,-0.156533998,0.673147064,-0.125157364,0.631263005,0.364301638
1790504133.652273417,0.461710033,-0.007919056,-0.157979817,0.668082066,-0.144499410,0.632026422,0.365142268
1790504133.685610056,0.456839677,-0.009271926,-0.159334940,0.665781634,-0.139979942,0.634251489,0.367240358
1790504133.718947887,0.451945030,-0.009747797,-0.159917186,0.668343824,-0.141124634,0.631886393,0.366223915
1790504133.752285719,0.447233196,-0.009725639,-0.160202135,0.669896861,-0.138312338,0.630579832,0.366711014
1790504133.785623312,0.442444799,-0.009117902,-0.160160274,0.670003831,-0.138136899,0.630108673,0.367390970
1790504133.818959713,0.437586412,-0.008243657,-0.159869516,0.669961140,-0.139653552,0.630629893,0.365998488
1790504133.852297306,0.432689691,-0.007234651,-0.159599788,0.668394557,-0.140914286,0.632362851,0.365388977
1790504133.885634899,0.427766749,-0.006318949,-0.159173520,0.669646229,-0.140655622,0.631777225,0.364207994
1790504133.918972731,0.423011582,-0.005413515,-0.158625063,0.670985150,-0.140023429,0.630784010,0.363708538
1790504133.952309370,0.418461425,-0.004516220,-0.157894230,0.671545811,-0.140685885,0.631053473,0.361946432
1790504133.985646963,0.414098330,-0.003590289,-0.156939200,0.671856916,-0.142733075,0.631802141,0.359251456
1790504134.018984556,0.409953402,-0.002541318,-0.155931065,0.671472979,-0.145824521,0.632442561,0.357597056
1790504134.052321196,0.405965732,-0.001561265,-0.155088603,0.671504971,-0.146893978,0.633160432,0.355824536
1790504134.085659027,0.402020231,-0.000711879,-0.154472393,0.672484888,-0.146550601,0.633269989,0.353915410
1790504134.118996859,0.398227621,0.000076469,-0.154063547,0.672652514,-0.146265523,0.633688186,0.352964978
1790504134.152334452,0.394655633,0.000795483,-0.153699906,0.672504482,-0.147051048,0.634109615,0.352162898
1790504134.185671329,0.391376494,0.001411500,-0.153351236,0.672262304,-0.146987103,0.635001405,0.351043304
1790504134.219008923,0.388338292,0.002148983,-0.152953569,0.671978835,-0.147783424,0.635063187,0.351139933
1790504134.252346992,0.385565691,0.002960032,-0.152476703,0.672282868,-0.148029325,0.634608904,0.351275680
1790504134.285684824,0.383063987,0.003857530,-0.151875603,0.672657311,-0.148872083,0.634343808,0.350681021
1790504134.319021463,0.380937930,0.004861639,-0.151148628,0.672323615,-0.150596839,0.634668727,0.349995936
1790504134.352359295,0.379328268,0.006021995,-0.150350331,0.671387585,-0.152898259,0.635143851,0.349933025
1790504134.385697365,0.378254527,0.007221271,-0.149453720,0.672343793,-0.153783852,0.633768908,0.350201832
1790504134.419034243,0.377742059,0.008485630,-0.148508479,0.674303915,-0.154321130,0.631541899,0.350220001
1790504134.452372074,0.377894612,0.009958453,-0.147642174,0.673352640,-0.156373863,0.631126069,0.351885382
1790504134.485709906,0.378561732,0.011479613,-0.146716377,0.672822969,-0.158916698,0.630357632,0.353134523
1790504134.519048214,0.379632141,0.012916605,-0.145891836,0.672949914,-0.159388769,0.630440840,0.352530824
1790504134.552385092,0.380994012,0.014617621,-0.145262469,0.671590167,-0.160465830,0.631095189,0.353463192
1790504134.585722923,0.382588152,0.016688856,-0.144796013,0.671041147,-0.162449518,0.630464959,0.354722240
1790504134.619060993,0.384430288,0.019085689,-0.144680048,0.669517437,-0.163320087,0.630790045,0.356618661
1790504134.652398825,0.386359145,0.021738950,-0.144794124,0.668234652,-0.164440031,0.630810274,0.358469420
1790504134.685736179,0.388462001,0.024282923,-0.145148787,0.667716117,-0.164497367,0.630537887,0.359885782
1790504134.719074011,0.390808208,0.026592362,-0.145845002,0.665883108,-0.165307376,0.630836941,0.362378133
1790504134.752412081,0.393505662,0.028262952,-0.146900622,0.664618925,-0.166229910,0.631252786,0.363550852
1790504134.785746574,0.396548758,0.029248036,-0.148438183,0.662121118,-0.168563562,0.632338156,0.365144364
1790504134.819082260,0.399447186,0.030248876,-0.149981279,0.659953191,-0.181809444,0.628439530,0.369419638
1790504134.852417707,0.402990827,0.030477309,-0.151670841,0.658575791,-0.183637418,0.627590693,0.372404550
1790504134.885753393,0.406827800,0.030753727,-0.153221354,0.657343137,-0.184775792,0.628478323,0.372522354
1790504134.919087887,0.410623313,0.031393216,-0.154648464,0.654498267,-0.187307472,0.630122227,0.373488833
1790504134.952423573,0.414410683,0.032192438,-0.156108317,0.652237458,-0.188350922,0.632567645,0.372784661
1790504134.985759020,0.418035792,0.033216319,-0.157741772,0.649820687,-0.188043030,0.633886626,0.374914175
1790504135.019093752,0.421261311,0.034332022,-0.159390856,0.649426649,-0.187298938,0.632215588,0.378771152
1790504135.052429199,0.424323497,0.035546473,-0.161204072,0.647603755,-0.187373905,0.633228601,0.380160407
1790504135.085764885,0.427271504,0.036790884,-0.162909986,0.645802945,-0.186907299,0.634191010,0.381845494
1790504135.119100571,0.430107328,0.038167958,-0.164441625,0.644113701,-0.187203974,0.633977422,0.384895883
1790504135.152435303,0.432879471,0.039529678,-0.165793317,0.643303930,-0.187097433,0.633238865,0.387508896
1790504135.185770988,0.435515076,0.040838218,-0.166950005,0.642444387,-0.187818937,0.632681849,0.389490609
1790504135.219106436,0.438061282,0.042094135,-0.167867161,0.641545146,-0.188996930,0.632537897,0.390635118
1790504135.252442122,0.440655592,0.043260047,-0.168569751,0.640972136,-0.188596867,0.633122224,0.390822456
1790504135.285776854,0.443181680,0.044466558,-0.169192259,0.639438383,-0.189439627,0.634623074,0.390492939
1790504135.319112539,0.445599072,0.045724422,-0.169738100,0.637717612,-0.191349141,0.635408181,0.391098706
1790504135.352448225,0.448036362,0.047119031,-0.170192834,0.636968725,-0.192961224,0.634339699,0.393255586
1790504135.385782957,0.450327059,0.048731169,-0.170538236,0.636838842,-0.194990045,0.630947694,0.397894684
1790504135.419118881,0.452715252,0.050221577,-0.171157947,0.634900193,-0.193652021,0.633703083,0.397266966
1790504135.452454567,0.454904440,0.051874522,-0.171516903,0.632874508,-0.194731959,0.634197821,0.399177210
1790504135.485790253,0.456984720,0.053394416,-0.171556631,0.632917069,-0.195674148,0.631770479,0.402484377
1790504135.519124985,0.458898260,0.054472811,-0.171616059,0.632857279,-0.196242963,0.630797842,0.403824773
1790504135.552460909,0.460387639,0.054867095,-0.171594463,0.634746018,-0.195609554,0.627427396,0.406410208
1790504135.585796595,0.461490773,0.054703348,-0.171768761,0.635034194,-0.194242764,0.626939800,0.407366921
1790504135.619132280,0.462207111,0.054282204,-0.171908725,0.633296689,-0.195478209,0.628791176,0.406626646
1790504135.652467251,0.462910384,0.053903557,-0.171794485,0.632061564,-0.197440043,0.629424199,0.406621182
1790504135.685802937,0.463579038,0.053646171,-0.171525412,0.633059880,-0.198103257,0.628284375,0.406508343
1790504135.719138861,0.463982365,0.053591553,-0.171320935,0.634060959,-0.198484155,0.626940982,0.406836263
1790504135.752473593,0.464146565,0.053633517,-0.171230649,0.634870471,-0.198162687,0.626472259,0.406452387
1790504135.785810471,0.464157212,0.053730607,-0.171263053,0.634830328,-0.197976568,0.626480916,0.406592419
1790504135.819147348,0.464034677,0.053747578,-0.171310175,0.635832094,-0.197512914,0.625819784,0.406270593
1790504135.852484465,0.463823126,0.053737785,-0.171426493,0.635793651,-0.197078154,0.625997083,0.406268738
1790504135.885820389,0.463507663,0.053634965,-0.171493163,0.635536411,-0.196973300,0.626526044,0.405906523
1790504135.919157267,0.463019707,0.053319112,-0.171360606,0.636609073,-0.196735500,0.626191107,0.404856430
1790504135.952494144,0.462329251,0.052714461,-0.171210929,0.636927019,-0.195519512,0.627318428,0.403196828
1790504135.985831022,0.461211474,0.051828728,-0.171027356,0.636911729,-0.195258635,0.628289461,0.401833135
1790504136.019166946,0.459680614,0.050327259,-0.170628766,0.641400171,-0.192222356,0.627907355,0.396722497
1790504136.052503824,0.457838630,0.048715533,-0.170340217,0.643144781,-0.189629466,0.629526999,0.392557275
1790504136.085840702,0.455540776,0.047112384,-0.170065403,0.645049208,-0.189216227,0.630248402,0.388452945
1790504136.119176865,0.452799337,0.045218085,-0.169962584,0.647828500,-0.184922361,0.631532292,0.383782385
1790504136.152513742,0.449319700,0.043324797,-0.169762997,0.652379470,-0.183457059,0.629264625,0.380487274
1790504136.185850859,0.445432686,0.041174926,-0.169683380,0.657948940,-0.179744269,0.627390221,0.375734880
1790504136.219187737,0.441066450,0.038921334,-0.169708355,0.663970197,-0.175499284,0.624955684,0.371179165
1790504136.252523661,0.436366343,0.036589265,-0.169749117,0.670606166,-0.170126680,0.621544998,0.367458974
1790504136.285860538,0.431477426,0.034096696,-0.169553362,0.679995726,-0.164397396,0.616081087,0.361971549
1790504136.319197416,0.426414522,0.031768033,-0.169360068,0.686264739,-0.162725965,0.612026671,0.357748965
1790504136.352533340,0.421097420,0.029221349,-0.169230020,0.691144470,-0.160308371,0.610111820,0.352681322
1790504136.385870695,0.415467203,0.026209496,-0.168922296,0.698396184,-0.154667054,0.607293061,0.345710878
1790504136.419207573,0.409795904,0.023215574,-0.168592342,0.702810185,-0.151172327,0.605985023,0.340568529
1790504136.452544451,0.404253965,0.020113239,-0.168171718,0.706179067,-0.146945061,0.605174568,0.336870921
1790504136.485880375,0.398725703,0.016830195,-0.167600725,0.712486503,-0.140649495,0.601881238,0.332144062
1790504136.519217491,0.393188403,0.013530027,-0.167129573,0.721094990,-0.133183847,0.595787379,0.327599569
1790504136.552554369,0.387667295,0.010234271,-0.167004186,0.729397031,-0.125670788,0.590071373,0.322494341
1790504136.585891247,0.381756405,0.007037385,-0.166553331,0.740028340,-0.123265543,0.579987441,0.317455870
1790504136.619227409,0.376578502,0.003873939,-0.166637313,0.740380778,-0.118224622,0.584752172,0.309716223
1790504136.652564526,0.370928704,0.000692291,-0.165860081,0.748272293,-0.114860010,0.578224797,0.304223336
1790504136.685901403,0.365075450,-0.002648496,-0.164908534,0.758112900,-0.107719077,0.570631858,0.296716556
1790504136.719237566,0.359161463,-0.005823313,-0.163945373,0.765456064,-0.100237671,0.565623165,0.289999756
1790504136.752574444,0.353266173,-0.008821046,-0.162821792,0.771481245,-0.093450182,0.561303187,0.284644488
1790504136.785909891,0.347349506,-0.011739108,-0.161431588,0.778298747,-0.087351082,0.556164758,0.278031672
1790504136.819245338,0.341453105,-0.014467961,-0.159859335,0.784827764,-0.083492367,0.550705447,0.271657719
1790504136.852579594,0.335575408,-0.017130888,-0.158303910,0.790539743,-0.079411852,0.545813497,0.266135865
1790504136.885915041,0.329509109,-0.019855776,-0.156882463,0.797666639,-0.073290011,0.538854198,0.260754025
1790504136.919250488,0.323402720,-0.022485517,-0.155657957,0.805319675,-0.066345774,0.530657414,0.255853802
1790504136.952585697,0.317645018,-0.024760377,-0.154503414,0.811197394,-0.062582147,0.524334373,0.251228439
1790504136.985920191,0.312315825,-0.026802049,-0.153316983,0.816461634,-0.060306223,0.517902464,0.248053619
1790504137.019255638,0.307208480,-0.028733302,-0.152155757,0.822734893,-0.056929484,0.509847149,0.244790142
1790504137.052590847,0.302118128,-0.030575267,-0.151010264,0.828567464,-0.052939060,0.502642234,0.240882126
1790504137.085925102,0.296939267,-0.032368069,-0.149812515,0.833675081,-0.049473457,0.496499343,0.236699470
1790504137.119260550,0.291727566,-0.034129382,-0.148573054,0.838812027,-0.046665055,0.489422868,0.233841853
1790504137.152595758,0.286598615,-0.036021189,-0.147299596,0.844393377,-0.042123457,0.481718792,0.230591511
1790504137.185931206,0.281612218,-0.037735638,-0.146039163,0.848464711,-0.040627777,0.475596147,0.228616103
1790504137.219265461,0.276439166,-0.039582839,-0.144812310,0.853274063,-0.036476608,0.468729125,0.225578893
1790504137.252600670,0.270965027,-0.041317799,-0.143499514,0.857730659,-0.032618105,0.463363889,0.220290903
1790504137.285936117,0.265352079,-0.042932161,-0.141935117,0.861136146,-0.028947184,0.460044608,0.214395795
1790504137.319271326,0.259821552,-0.044334423,-0.139960862,0.863918710,-0.027877366,0.456860084,0.210109920
1790504137.352605581,0.254358546,-0.045626586,-0.137504661,0.867890870,-0.027579003,0.451258319,0.205841605
1790504137.385940790,0.248727465,-0.046845502,-0.134676355,0.873902725,-0.025964851,0.442201564,0.200193983
1790504137.419275761,0.243099618,-0.047782354,-0.131735261,0.878878822,-0.025163744,0.434706679,0.194856114
1790504137.452610016,0.237448487,-0.048545210,-0.128758027,0.882947087,-0.023205894,0.428777687,0.189777828
1790504137.485945463,0.231652466,-0.049101662,-0.125691105,0.886407694,-0.021286214,0.424371116,0.183677578
1790504137.519280672,0.225515495,-0.049485266,-0.122442888,0.890066594,-0.019990254,0.419593036,0.176984553
1790504137.552615881,0.218929070,-0.049780615,-0.119025741,0.894201526,-0.017949539,0.414072560,0.169190306
1790504137.585949898,0.211891990,-0.049887712,-0.115531960,0.899331015,-0.015685641,0.406721185,0.159798512
1790504137.619285107,0.204544971,-0.049805999,-0.112031135,0.905263366,-0.012721943,0.396565157,0.151896239
1790504137.652620316,0.197304404,-0.049413267,-0.108593616,0.909996818,-0.010711933,0.388720125,0.143832228
1790504137.685954571,0.190003488,-0.048896094,-0.105261599,0.914615433,-0.006725850,0.380841182,0.135622146
1790504137.719289780,0.182137210,-0.048218785,-0.102165734,0.921166597,-0.001711299,0.367081990,0.129228422
1790504137.752624989,0.174102341,-0.047308058,-0.099584346,0.926463193,0.004265905,0.356781587,0.119810904
1790504137.785958767,0.165902108,-0.046274507,-0.097311882,0.931399848,0.010705096,0.346558419,0.110801564
1790504137.819291830,0.157930774,-0.045183246,-0.095116154,0.935438742,0.015354115,0.337176432,0.105026974
1790504137.852625847,0.150292848,-0.044075567,-0.092888226,0.939191184,0.017833853,0.328229323,0.099334711
1790504137.885959387,0.142787033,-0.043059539,-0.090747346,0.943543895,0.020281341,0.317394132,0.092598864
1790504137.919293404,0.135142644,-0.041787655,-0.088530263,0.948955866,0.016651681,0.302825530,0.086615153
1790504137.952626228,0.127746709,-0.041052923,-0.086438044,0.952489889,0.023529378,0.293442673,0.078107471
1790504137.985960007,0.120470496,-0.039593704,-0.083996475,0.955937129,0.019706638,0.284438923,0.069931064
1790504138.019294024,0.113246078,-0.038214479,-0.081517091,0.959725890,0.019553623,0.273266159,0.062205133
1790504138.052626610,0.106140531,-0.036744762,-0.079040133,0.963226551,0.019570782,0.262326126,0.054741210
1790504138.085960388,0.099189059,-0.035192052,-0.076596555,0.966031237,0.020957828,0.253503572,0.045610930
1790504138.119294167,0.092601543,-0.033639617,-0.074191421,0.967791293,0.022913753,0.247924987,0.037258194
1790504138.152627945,0.086099379,-0.031973863,-0.071884126,0.970013482,0.022969283,0.240285224,0.028447647
1790504138.185960770,0.080135816,-0.030276312,-0.069692932,0.971446470,0.022879979,0.235354700,0.019401736
1790504138.219294548,0.074682278,-0.028660275,-0.067664623,0.972813565,0.022359569,0.230141285,0.012992562
1790504138.252627850,0.069586062,-0.027110315,-0.065895692,0.973682195,0.021964216,0.226761657,0.006301385
1790504138.285961628,0.064400024,-0.025504974,-0.064353925,0.975642523,0.018814327,0.218535448,0.003153896
1790504138.319294214,0.059389248,-0.024081912,-0.063021559,0.976708352,0.018621146,0.213751596,-0.002074401
1790504138.352627993,0.053938136,-0.022630580,-0.061850501,0.977838230,0.018210681,0.208371561,-0.009058642
1790504138.385961533,0.048048542,-0.021134483,-0.060620228,0.978288847,0.017189656,0.205619636,-0.019391050
1790504138.419294119,0.041855996,-0.019672113,-0.059139619,0.978794533,0.014427358,0.202072602,-0.030327829
1790504138.452627659,0.035526941,-0.018320448,-0.057420661,0.979283007,0.011595179,0.197801094,-0.041774048
1790504138.485961199,0.029133107,-0.017046276,-0.055674234,0.979247864,0.009730978,0.195054803,-0.054153047
1790504138.519294739,0.022589908,-0.015811406,-0.054245821,0.979390150,0.009151671,0.190428893,-0.066693454
1790504138.552627087,0.016130809,-0.014612427,-0.053265129,0.979761725,0.009740860,0.184101191,-0.077966843
1790504138.585960627,0.010240765,-0.013573373,-0.052530068,0.978957151,0.012619828,0.183490441,-0.088401889
1790504138.619294167,0.004561135,-0.012508980,-0.051830168,0.978429611,0.012814083,0.181186671,-0.098400644
1790504138.652627707,-0.000723116,-0.011565068,-0.051045961,0.977710714,0.012327979,0.179971520,-0.107424548
1790504138.685960293,-0.005900801,-0.010710855,-0.050340038,0.977682969,0.012304098,0.175089943,-0.115447535
1790504138.719293594,-0.010878612,-0.009985240,-0.049842861,0.978018350,0.012727430,0.168550262,-0.122102120
1790504138.752626896,-0.015596844,-0.009323848,-0.049580494,0.978046314,0.013424407,0.163287784,-0.128772249
1790504138.785960674,-0.020019782,-0.008709067,-0.049564662,0.977709228,0.015339421,0.159868330,-0.135246012
1790504138.819295406,-0.024421359,-0.008070008,-0.049812660,0.978155327,0.016772361,0.151373915,-0.141480675
1790504138.852630377,-0.028564897,-0.007466007,-0.050200287,0.979128490,0.015993640,0.141548304,-0.144967865
1790504138.885965109,-0.032591812,-0.006935116,-0.050678701,0.979235727,0.018336589,0.133359766,-0.151579465
1790504138.919298887,-0.036670060,-0.006286228,-0.051175090,0.979358710,0.018748909,0.125260097,-0.157527469
1790504138.952633619,-0.041044637,-0.005741445,-0.051755904,0.980048698,0.020441717,0.112614688,-0.162494976
1790504138.985968351,-0.045092768,-0.005055884,-0.052147979,0.979334125,0.019687237,0.107160000,-0.170393128
1790504139.019301891,-0.049769056,-0.004183587,-0.052760881,0.979627340,0.019862364,0.092962988,-0.176900096
1790504139.052636862,-0.053712650,-0.003087537,-0.053070794,0.977890492,0.018773231,0.093073716,-0.186319711
1790504139.085971594,-0.057519023,-0.001939253,-0.053336401,0.977005863,0.017158943,0.092322580,-0.191420104
1790504139.119306326,-0.061144213,-0.000768116,-0.053589973,0.975597272,0.017717287,0.090728898,-0.199159051
1790504139.152640104,-0.064713399,0.000238333,-0.054110387,0.974664381,0.019930855,0.084992118,-0.205933109
1790504139.185974836,-0.068147773,0.001062402,-0.055001812,0.973825396,0.022777377,0.076565980,-0.212797884
1790504139.219309568,-0.071526816,0.001638547,-0.056208111,0.973932361,0.026194544,0.065262484,-0.215662722
1790504139.252644539,-0.074047203,0.002110190,-0.057147806,0.971696189,0.029955274,0.068468602,-0.224100980
1790504139.285978317,-0.077165597,0.002785837,-0.058462688,0.971151626,0.030129729,0.057150554,-0.229544187
1790504139.319313049,-0.079990382,0.003340648,-0.059731574,0.970530640,0.030703862,0.047907037,-0.234163332
1790504139.352647781,-0.082495789,0.003861347,-0.060905863,0.969544359,0.031438138,0.039772074,-0.239611271
1790504139.385981560,-0.084960966,0.004440771,-0.062178314,0.968827655,0.032290115,0.027249184,-0.244106134
1790504139.419316053,-0.087021894,0.005143393,-0.063277215,0.967877974,0.032746436,0.019704732,-0.248498736
1790504139.452650785,-0.088990801,0.005888888,-0.064268589,0.967459623,0.034246417,0.013370359,-0.250340358
1790504139.485985756,-0.091012566,0.006682999,-0.065245711,0.966317971,0.038137553,0.005442472,-0.254451342
1790504139.519319534,-0.092747228,0.007644900,-0.066106161,0.965450729,0.037963305,-0.000861283,-0.257804063
1790504139.552654266,-0.094387637,0.008535305,-0.066991453,0.964341864,0.039642911,-0.011262068,-0.261431395
1790504139.585988998,-0.095757730,0.009312774,-0.067649173,0.963562912,0.039520003,-0.022396231,-0.263596459
1790504139.619323730,-0.096813405,0.010012413,-0.067896103,0.962929811,0.037654548,-0.029952247,-0.265426406
1790504139.652657509,-0.097725898,0.010662276,-0.067746378,0.962310959,0.035864267,-0.035661392,-0.267207107
1790504139.685992241,-0.098756835,0.011433297,-0.067282142,0.961451746,0.031727061,-0.044568919,-0.269476428
1790504139.719326973,-0.099891303,0.012256918,-0.066345633,0.960712561,0.025880534,-0.050689642,-0.271647074
1790504139.752660990,-0.101259416,0.013171382,-0.065118665,0.959791914,0.020254604,-0.052699978,-0.274976262
1790504139.785997868,-0.103030968,0.014324155,-0.064067272,0.958167272,0.014065818,-0.058252455,-0.279864758
1790504139.819334984,-0.104953758,0.015532775,-0.063399111,0.956250829,0.009275264,-0.068137492,-0.284351197
1790504139.852672100,-0.106649798,0.016587902,-0.062957349,0.954727797,0.007428553,-0.076752441,-0.287312917
1790504139.886008263,-0.108051349,0.017480093,-0.062502166,0.953415433,0.006075065,-0.082362441,-0.290135373
1790504139.919345379,-0.109444610,0.018347745,-0.062043351,0.952273762,-0.000180883,-0.091944161,-0.291068583
1790504139.952682972,-0.110497834,0.019018313,-0.060935312,0.952206313,-0.006355982,-0.094460052,-0.290413564
1790504139.986020088,-0.111453879,0.019675218,-0.059386479,0.952796709,-0.012712134,-0.094420674,-0.288273428
1790504140.019356251,-0.112492474,0.020269324,-0.058039042,0.953268792,-0.018598097,-0.099269268,-0.284742573
1790504140.052693367,-0.113460696,0.020712075,-0.057235016,0.953654223,-0.022726474,-0.106879059,-0.280364043
1790504140.086030722,-0.113952330,0.020845610,-0.056938700,0.953213884,-0.021819049,-0.110049146,-0.280706976
1790504140.119366884,-0.114074676,0.020504627,-0.057384696,0.952673953,-0.018928116,-0.115176617,-0.280692736
1790504140.152704000,-0.114496238,0.020176419,-0.058960481,0.950887728,-0.023036037,-0.136959853,-0.276629478
1790504140.186041594,-0.114354906,0.019249022,-0.060187548,0.949821114,-0.021311482,-0.148426859,-0.274508907
1790504140.219378710,-0.113990057,0.017939618,-0.061012889,0.949962656,-0.017966783,-0.156695091,-0.269619724
1790504140.252715111,-0.113581476,0.016714540,-0.061365889,0.950002394,-0.017737391,-0.165335016,-0.264282366
1790504140.286052227,-0.113333875,0.015662809,-0.061263968,0.950073511,-0.017667132,-0.173579407,-0.258685883
1790504140.319389582,-0.113296009,0.014863427,-0.060874613,0.950236711,-0.018416621,-0.179984009,-0.253607526
1790504140.352725744,-0.113488081,0.014250954,-0.060441551,0.950646933,-0.019216323,-0.184781553,-0.248509395
1790504140.386063337,-0.113908218,0.013810629,-0.060087573,0.951236253,-0.019586187,-0.188317260,-0.243521214
1790504140.419400692,-0.114606806,0.013461396,-0.059761661,0.951185430,-0.015893688,-0.191416099,-0.241564785
1790504140.452738047,-0.115432913,0.013304981,-0.059147496,0.951322214,-0.016975762,-0.193718504,-0.239104600
1790504140.486074209,-0.116286213,0.013127024,-0.058004253,0.951467843,-0.021385600,-0.195614556,-0.236614760
1790504140.519411564,-0.117132239,0.012782373,-0.056191770,0.951615894,-0.027987007,-0.197571920,-0.233686230
1790504140.552748919,-0.117983596,0.012348031,-0.053793806,0.951544416,-0.034920733,-0.200156655,-0.230826949
1790504140.586086512,-0.118850531,0.011897943,-0.050982110,0.951657345,-0.041755098,-0.201859361,-0.227722656
1790504140.619422913,-0.119840103,0.011504940,-0.048050830,0.951389297,-0.047993966,-0.203765441,-0.225908456
1790504140.652760267,-0.120959654,0.011038601,-0.045208512,0.951052361,-0.053098060,-0.206175126,-0.223990668
1790504140.686097622,-0.122159456,0.010543868,-0.042663390,0.950496809,-0.058183692,-0.209447158,-0.222041354
1790504140.719434023,-0.123379313,0.010040727,-0.040358374,0.949586250,-0.061784553,-0.211927350,-0.222610471
1790504140.752771616,-0.124592861,0.009437496,-0.038190186,0.948711034,-0.065108681,-0.214265101,-0.223156226
1790504140.786108732,-0.125745374,0.008723366,-0.035981218,0.948331689,-0.067866357,-0.215082181,-0.223160976
1790504140.819445372,-0.126813856,0.008004693,-0.033613349,0.948028626,-0.071501624,-0.214374049,-0.223993322
1790504140.852781296,-0.127741600,0.007135198,-0.031066668,0.948048028,-0.076266368,-0.213502706,-0.223170278
1790504140.886118174,-0.128485353,0.006092663,-0.028518982,0.947995561,-0.080621279,-0.214173108,-0.221211450
1790504140.919455051,-0.129093830,0.004909552,-0.026164803,0.947340378,-0.084395776,-0.217786747,-0.219071894
1790504140.952791929,-0.129603531,0.003561470,-0.023891836,0.946638025,-0.087944276,-0.221607167,-0.216869819
1790504140.986127853,-0.130163609,0.002205579,-0.021577813,0.945795080,-0.092013565,-0.223894663,-0.216509469
1790504141.019464731,-0.130948958,0.000991010,-0.019015283,0.945192956,-0.096790811,-0.223535300,-0.217425353
1790504141.052801847,-0.132119098,0.000148286,-0.016129984,0.944535899,-0.102686522,-0.222502549,-0.218632177
1790504141.086137772,-0.133737264,-0.000095580,-0.012951183,0.943093636,-0.109894883,-0.222836059,-0.221001357
1790504141.119474888,-0.135576722,-0.001051831,-0.009175196,0.945568288,-0.094100687,-0.217719026,-0.222809558
1790504141.152811766,-0.137391073,-0.000858431,-0.005998010,0.943808309,-0.100603560,-0.222153750,-0.223052710
1790504141.186148643,-0.138853311,0.000206963,-0.003136911,0.938337395,-0.123157117,-0.228282771,-0.228565602
1790504141.219484568,-0.140567717,-0.000515348,0.000159669,0.939639194,-0.118602160,-0.229506255,-0.224362633
1790504141.252821684,-0.142306732,-0.001449056,0.003434878,0.941140473,-0.112921570,-0.230446661,-0.219994694
1790504141.286158800,-0.143982631,-0.001991507,0.006387111,0.940693051,-0.113867060,-0.233572444,-0.218116461
1790504141.319495678,-0.145577589,-0.002026191,0.009127504,0.938471087,-0.122595228,-0.236256896,-0.220057055
1790504141.352831841,-0.147285888,-0.002229536,0.011768086,0.936748853,-0.127422089,-0.239045681,-0.221635646
1790504141.386168718,-0.148937603,-0.002488364,0.014425005,0.935802085,-0.130980473,-0.239830992,-0.222709829
1790504141.419505835,-0.150491411,-0.002851800,0.016841676,0.934385070,-0.134680301,-0.243053577,-0.222959001
1790504141.452841759,-0.151756605,-0.003354103,0.018818066,0.932069156,-0.136527396,-0.250960675,-0.222769159
1790504141.486178875,-0.152650170,-0.003875008,0.020672778,0.930860604,-0.136270548,-0.257419527,-0.220599321
1790504141.519515753,-0.153391869,-0.004107265,0.022763504,0.930571681,-0.137199223,-0.258608427,-0.219850862
1790504141.552853107,-0.154253464,-0.004074962,0.025042000,0.928793210,-0.143141836,-0.261199732,-0.220518225
1790504141.586189032,-0.155108526,-0.004248700,0.027758218,0.927368059,-0.150018825,-0.262459297,-0.220449435
1790504141.619526148,-0.155946665,-0.004591769,0.030559887,0.925713060,-0.156110867,-0.264569814,-0.220652535
1790504141.652863264,-0.156766220,-0.004949805,0.033251000,0.924141428,-0.161548758,-0.266736777,-0.220717265
1790504141.686199427,-0.157615703,-0.005143614,0.035654983,0.921846431,-0.167746607,-0.269958549,-0.221771537
1790504141.719536304,-0.158476581,-0.005245208,0.037822870,0.919851475,-0.172818516,-0.272715901,-0.222784789
1790504141.752873421,-0.159325683,-0.005178299,0.039745141,0.917662044,-0.178019823,-0.275716916,-0.224021200
1790504141.786208391,-0.160130956,-0.004992516,0.041561250,0.915775514,-0.183696770,-0.277488118,-0.224968994
1790504141.819542646,-0.160929078,-0.004886534,0.043186072,0.914272264,-0.187871615,-0.278923949,-0.225858174
1790504141.852877617,-0.161694943,-0.004816448,0.044554138,0.912786287,-0.191167610,-0.280499534,-0.227147861
1790504141.886212587,-0.162387583,-0.004694486,0.045647998,0.911039459,-0.195163081,-0.282519291,-0.228257147
1790504141.919547558,-0.162929191,-0.004591295,0.046552020,0.910016659,-0.197810312,-0.283297960,-0.229091743
1790504141.952881575,-0.163222535,-0.004468486,0.047156123,0.909625148,-0.199649730,-0.283208189,-0.229161944
1790504141.986216545,-0.163172349,-0.004409842,0.047419473,0.909659608,-0.200082244,-0.283148165,-0.228721685
1790504142.019551516,-0.162812086,-0.004521617,0.047407423,0.909747343,-0.199449849,-0.283927592,-0.227957568
1790504142.052885532,-0.162281156,-0.004675372,0.047329685,0.909919831,-0.198999592,-0.284829292,-0.226533304
1790504142.086220264,-0.161754642,-0.004714405,0.047393883,0.909780738,-0.198961332,-0.286211879,-0.225380028
1790504142.119555235,-0.161299652,-0.004761866,0.047710549,0.909827578,-0.199581506,-0.286621398,-0.224118662
1790504142.152890205,-0.160948766,-0.004884463,0.048105980,0.910127011,-0.200373735,-0.286133775,-0.222815289
1790504142.186223984,-0.160695809,-0.004985531,0.048415439,0.910584108,-0.200805913,-0.284991566,-0.222021112
1790504142.219558954,-0.160516605,-0.005040222,0.048528499,0.911099976,-0.201043424,-0.283331018,-0.221815036
1790504142.252893686,-0.160344888,-0.004955302,0.048415030,0.911476652,-0.201906130,-0.281156038,-0.222251006
1790504142.286228418,-0.160072439,-0.004428788,0.048224604,0.910655410,-0.206499746,-0.278669163,-0.224517428
1790504142.319562435,-0.159607995,-0.003514073,0.048542613,0.909201414,-0.218581277,-0.272161262,-0.226943299
1790504142.352897167,-0.159072659,-0.002702657,0.049655000,0.908386161,-0.230854905,-0.265493573,-0.225950787
1790504142.386232138,-0.158021097,-0.001122109,0.050969774,0.903893177,-0.251952597,-0.259329701,-0.228571912
1790504142.419565916,-0.156892163,-0.000081486,0.051888126,0.902994015,-0.257058243,-0.258771789,-0.227068336
1790504142.452900648,-0.155494179,0.000767288,0.051566485,0.902151336,-0.256771067,-0.263801036,-0.224945770
1790504142.486235380,-0.153939999,0.001417366,0.049874386,0.900067475,-0.254228870,-0.274434225,-0.223454868
1790504142.519570351,-0.152231064,0.001680342,0.047669384,0.900340782,-0.247518941,-0.281140904,-0.221541511
1790504142.552904129,-0.150340477,0.001860999,0.045280184,0.901545390,-0.241996983,-0.282672663,-0.220792971
1790504142.586238861,-0.148381855,0.001914760,0.042810294,0.902788052,-0.237001984,-0.284038338,-0.219376422
1790504142.619573593,-0.146292031,0.002023669,0.040392028,0.903217337,-0.234431234,-0.285386722,-0.218620349
1790504142.652908087,-0.144120373,0.002204580,0.037909908,0.902539208,-0.232170901,-0.289386235,-0.218575519
1790504142.686241865,-0.141746671,0.002443398,0.035515980,0.902561823,-0.230005968,-0.291514268,-0.217942290
1790504142.719576597,-0.139324696,0.002626548,0.033018732,0.902753256,-0.227553248,-0.293462564,-0.217107813
1790504142.752911091,-0.136846537,0.002933756,0.030170968,0.901533834,-0.227260690,-0.297342378,-0.217202291
1790504142.786244869,-0.134300940,0.003078905,0.027114450,0.901083738,-0.223410734,-0.301666865,-0.217100997
1790504142.819579363,-0.131694866,0.003247955,0.023771571,0.899600800,-0.222502616,-0.306617572,-0.217247903
1790504142.852913857,-0.129071511,0.003277152,0.020400835,0.899418121,-0.218950345,-0.309443630,-0.217606136
1790504142.886248350,-0.126494781,0.003578811,0.016641941,0.895980698,-0.221268371,-0.315827506,-0.220254136
1790504142.919582129,-0.124027118,0.003586305,0.013293280,0.894591690,-0.220471532,-0.318985138,-0.222140706
1790504142.952916622,-0.121646145,0.003507612,0.010169091,0.892948366,-0.220011424,-0.323110477,-0.223243833
1790504142.986250877,-0.119175366,0.003371275,0.007255357,0.891873433,-0.218759509,-0.327284835,-0.222689678
1790504143.019584417,-0.116499753,0.003290726,0.004416671,0.891519799,-0.217295966,-0.330377234,-0.220965596
1790504143.052918911,-0.113574614,0.003400282,0.001412056,0.891597443,-0.214724118,-0.332779371,-0.219557381
1790504143.086253405,-0.110400823,0.003791856,-0.001822742,0.892008392,-0.210483113,-0.334881244,-0.218797716
1790504143.119587898,-0.107101229,0.004481982,-0.005124456,0.892473039,-0.207865501,-0.336095759,-0.217539536
1790504143.152921438,-0.103917930,0.005349629,-0.008511980,0.892248661,-0.205232109,-0.338766978,-0.216815689
1790504143.186256170,-0.100981318,0.006289166,-0.011827187,0.892322852,-0.202049219,-0.340504105,-0.216778678
1790504143.219590664,-0.098432012,0.007250101,-0.014977616,0.892632114,-0.198922707,-0.340505450,-0.218388882
1790504143.252925158,-0.096466105,0.008049629,-0.017946862,0.892441973,-0.196686684,-0.340623829,-0.220991130
1790504143.286258459,-0.095081574,0.008702789,-0.020691692,0.891792693,-0.194436755,-0.340885739,-0.225160063
1790504143.319592953,-0.094159694,0.009349943,-0.022905896,0.892030650,-0.196579085,-0.336672203,-0.228669654
1790504143.352927446,-0.094190724,0.008969863,-0.024821429,0.895467319,-0.174617184,-0.338068573,-0.230990820
1790504143.386260986,-0.094014154,0.010053849,-0.026666171,0.892566188,-0.184958315,-0.336062781,-0.237018625
1790504143.419595480,-0.094130875,0.010896829,-0.028186040,0.890392566,-0.190850371,-0.335023902,-0.241942554
1790504143.452929974,-0.094518908,0.011501970,-0.029300801,0.888493622,-0.194509546,-0.335022920,-0.245977159
1790504143.486264229,-0.095150337,0.011792362,-0.029974259,0.887271504,-0.196063170,-0.335437361,-0.248576523
1790504143.519597769,-0.096027823,0.011896854,-0.030408093,0.885647057,-0.198780511,-0.337131380,-0.249916049
1790504143.552932024,-0.097140415,0.011797443,-0.030425059,0.885363853,-0.199340395,-0.336335256,-0.251540953
1790504143.586266518,-0.098579910,0.011617975,-0.030244565,0.885143552,-0.198998547,-0.335859498,-0.253217039
1790504143.619601011,-0.100323738,0.011554087,-0.029934373,0.884306645,-0.200009990,-0.336052146,-0.255081785
1790504143.652934551,-0.102425976,0.011436421,-0.029434700,0.883654274,-0.198876557,-0.337847229,-0.255856383
1790504143.686269045,-0.104654719,0.011372260,-0.028653733,0.882981738,-0.200048670,-0.339297086,-0.255345389
1790504143.719603539,-0.106927287,0.011418874,-0.027680045,0.882577874,-0.200842173,-0.340338668,-0.254731837
1790504143.752936840,-0.109272577,0.011826334,-0.026720095,0.881593989,-0.202578655,-0.341634786,-0.255028625
