t_sec,x,y,z,qw,qx,qy,qz
1789530840.382991314,0.000000000,0.000000000,0.000000000,1.000000000,0.000000000,0.000000000,0.000000000
1789530840.416390657,0.000000413,0.000022135,0.000022180,1.000000000,0.000005352,0.000014683,-0.000014572
1789530840.449776649,-0.000004734,0.000022937,0.000018909,1.000000000,0.000006726,0.000018269,-0.000020174
1789530840.483147860,-0.000001698,0.000019161,0.000022285,1.000000000,0.000002390,0.000020425,-0.000011331
1789530840.516507149,0.000000486,0.000039622,0.000016116,1.000000000,0.000023004,0.000009740,-0.000023794
1789530840.549853086,0.000006439,0.000016898,0.000015791,1.000000000,0.000000418,0.000009530,-0.000011930
1789530840.583185196,-0.000000440,0.000026985,0.000010783,1.000000000,0.000014892,0.000006729,-0.000023985
1789530840.616503477,0.000003353,0.000022090,0.000014584,1.000000000,0.000008984,0.000007879,-0.000016529
1789530840.649808884,-0.000003885,0.000041258,0.000004607,1.000000000,0.000027132,0.000006633,-0.000025487
1789530840.683101177,-0.000002847,0.000060370,0.000002414,1.000000000,0.000048989,0.000003940,-0.000033239
1789530840.716378927,0.000007786,0.000017994,0.000017938,1.000000000,0.000002701,0.000009520,-0.000008965
1789530840.749644518,-0.000003552,0.000030930,0.000013563,1.000000000,0.000014161,0.000012017,-0.000024950
1789530840.782896519,-0.000002808,0.000014686,0.000018750,1.000000000,0.000001418,0.000015731,-0.000010742
1789530840.816135168,0.000002441,0.000017171,0.000020434,1.000000000,0.000001997,0.000014939,-0.000014443
1789530840.849359274,0.000002657,0.000019271,0.000019841,1.000000000,0.000002784,0.000014312,-0.000012671
1789530840.882571220,0.000003778,0.000033219,0.000017428,1.000000000,0.000020338,0.000009576,-0.000021302
1789530840.915770054,-0.000000759,0.000024042,0.000014797,1.000000000,0.000012430,0.000011328,-0.000020113
1789530840.948955059,0.000006422,0.000018831,0.000019159,1.000000000,0.000000362,0.000012963,-0.000011742
1789530840.982125759,0.000002194,0.000050318,0.000011935,1.000000000,0.000037888,0.000001846,-0.000033262
1789530841.015284061,0.000004163,0.000016685,0.000015059,1.000000000,0.000003901,0.000010062,-0.000012372
1789530841.048429251,-0.000005613,0.000022413,0.000016984,1.000000000,0.000008818,0.000019448,-0.000020620
1789530841.081559896,-0.000002461,0.000023983,0.000013889,1.000000000,0.000013913,0.000013173,-0.000020035
1789530841.114677906,0.000007538,0.000015984,0.000007304,1.000000000,0.000002638,0.000000322,-0.000011441
1789530841.147783041,0.000005103,0.000033842,0.000017976,1.000000000,0.000019938,0.000009226,-0.000023294
1789530841.180874348,0.000009006,0.000019505,0.000015557,1.000000000,0.000001703,0.000009124,-0.000009637
1789530841.213951349,0.000000568,0.000016587,0.000015432,1.000000000,0.000003470,0.000011227,-0.000011444
1789530841.247016191,0.000000326,0.000013065,0.000007606,1.000000000,0.000003314,0.000007582,-0.000011153
1789530841.280069113,0.000005503,0.000018621,0.000013444,1.000000000,0.000004823,0.000005499,-0.000011678
1789530841.313451529,-0.000000946,0.000044874,0.000017007,1.000000000,0.000027495,0.000015288,-0.000030724
1789530841.346829891,-0.000006463,0.000030811,0.000004778,1.000000000,0.000016915,0.000010982,-0.000023405
1789530841.380206108,0.000012185,0.000017695,0.000017065,1.000000000,-0.000002202,0.000006007,-0.000010467
1789530841.413579464,-0.000002495,0.000036193,0.000009339,1.000000000,0.000025031,0.000009818,-0.000025947
1789530841.446948528,0.000012244,0.000021039,0.000020835,1.000000000,0.000004247,0.000012099,-0.000012176
1789530841.480315685,0.000006452,0.000022215,0.000021286,1.000000000,0.000004016,0.000012194,-0.000015094
1789530841.513679743,-0.000002236,0.000038214,0.000010278,1.000000000,0.000023966,0.000007405,-0.000030891
1789530841.547040701,-0.000004169,0.000022187,0.000007486,1.000000000,0.000013384,0.000007645,-0.000021369
1789530841.580397606,0.000003722,0.000030662,0.000020870,1.000000000,0.000016158,0.000011050,-0.000025383
1789530841.613752365,0.000004499,0.000013658,0.000010440,1.000000000,0.000002430,0.000003785,-0.000010379
1789530841.647104263,0.000004791,0.000019523,0.000022069,1.000000000,0.000003910,0.000013824,-0.000011806
1789530841.680452108,0.000002089,0.000020012,0.000011567,1.000000000,0.000007892,0.000005921,-0.000014435
1789530841.713797569,-0.000003823,0.000046951,0.000004610,1.000000000,0.000033169,0.000007338,-0.000033440
1789530841.747140408,0.000000052,0.000032843,0.000018170,1.000000000,0.000022298,0.000012226,-0.000023676
1789530841.780479670,0.000005132,0.000020871,0.000014110,1.000000000,0.000007103,0.000009623,-0.000010582
1789530841.813815117,0.000001816,0.000031056,0.000011221,1.000000000,0.000018584,0.000006043,-0.000027818
1789530841.847148657,0.000001196,0.000023776,0.000010601,1.000000000,0.000015336,0.000007139,-0.000017202
1789530841.880479097,0.000002370,0.000016480,0.000015786,1.000000000,0.000003895,0.000009139,-0.000013820
1789530841.913806438,-0.000001083,0.000020436,0.000017579,1.000000000,0.000008036,0.000013918,-0.000020297
1789530841.947129488,-0.000001204,0.000016777,0.000007366,1.000000000,0.000005126,0.000008179,-0.000016498
1789530841.980450630,0.000002255,0.000017984,0.000016493,1.000000000,0.000006435,0.000009412,-0.000014900
1789530842.013768911,0.000007073,0.000020471,0.000014104,1.000000000,0.000008705,0.000005668,-0.000012781
1789530842.047082663,-0.000001502,0.000018562,0.000019814,1.000000000,0.000004319,0.000017121,-0.000012088
1789530842.080394506,0.000000408,0.000025513,0.000018484,1.000000000,0.000012974,0.000013395,-0.000016096
1789530842.113703728,-0.000000385,0.000017577,0.000017121,1.000000000,0.000004971,0.000014384,-0.000015551
1789530842.147009373,0.000004550,0.000017837,0.000019406,1.000000000,0.000002302,0.000013775,-0.000011993
1789530842.180310965,0.000007851,0.000021867,0.000017997,1.000000000,0.000006384,0.000007183,-0.000011255
1789530842.213610888,0.000007785,0.000018757,0.000020908,1.000000000,0.000000189,0.000014591,-0.000011981
1789530842.246907473,0.000000548,0.000022505,0.000016254,1.000000000,0.000011069,0.000012880,-0.000014561
1789530842.280201435,0.000002654,0.000021749,0.000017741,1.000000000,0.000007662,0.000012950,-0.000014001
1789530842.313475132,0.000007728,0.000012370,0.000020394,1.000000000,-0.000008457,0.000013689,-0.000011835
1789530842.346745253,0.000001328,0.000016301,0.000017045,1.000000000,0.000001555,0.000014610,-0.000013222
1789530842.380011320,0.000004644,0.000028119,0.000012661,1.000000000,0.000018778,0.000004334,-0.000018844
1789530842.413271427,-0.000006872,0.000043343,0.000002651,1.000000000,0.000032393,0.000007313,-0.000028022
1789530842.446527958,0.000008285,0.000017833,0.000016451,1.000000000,0.000001130,0.000008386,-0.000011046
1789530842.479780436,0.000002148,0.000018244,0.000010336,1.000000000,0.000006383,0.000005918,-0.000015642
1789530842.513028383,-0.000003300,0.000036162,0.000016697,1.000000000,0.000023175,0.000014988,-0.000027122
1789530842.546270609,0.000003030,0.000016947,0.000005520,1.000000000,0.000009696,0.000001183,-0.000013596
1789530842.579509258,-0.000005018,0.000046910,0.000012146,1.000000000,0.000037835,0.000012663,-0.000032259
1789530842.612743616,-0.000003734,0.000030951,0.000013635,1.000000000,0.000019539,0.000012351,-0.000023424
1789530842.645973682,-0.000000449,0.000042539,0.000015812,1.000000000,0.000027715,0.000010764,-0.000030671
1789530842.679198027,0.000004411,0.000009072,0.000012171,1.000000000,-0.000004211,0.000009028,-0.000009071
1789530842.712418795,0.000009440,0.000020806,0.000018122,1.000000000,0.000003860,0.000009878,-0.000013451
1789530842.745635033,0.000005973,0.000011568,0.000018011,1.000000000,-0.000010457,0.000012767,-0.000011852
1789530842.778846025,0.000003013,0.000032510,0.000016318,1.000000000,0.000019935,0.000008681,-0.000021815
1789530842.812053442,-0.000004215,0.000047922,0.000009227,1.000000000,0.000038299,0.000011710,-0.000026720
1789530842.845256329,0.000008333,0.000020727,0.000015484,1.000000000,0.000003846,0.000007031,-0.000015729
1789530842.878454685,0.000008867,0.000020465,0.000022263,1.000000000,0.000004038,0.000007169,-0.000014754
1789530842.911647797,0.000003270,0.000013961,0.000016365,1.000000000,-0.000002413,0.000011634,-0.000010440
1789530842.944837093,0.000011209,0.000021428,0.000018846,1.000000000,0.000003003,0.000009544,-0.000012013
1789530842.978021860,0.000002022,0.000010821,0.000012279,1.000000000,-0.000005030,0.000010433,-0.000009623
1789530843.011201382,0.000006743,0.000021691,0.000018264,1.000000000,0.000007535,0.000008270,-0.000015187
1789530843.044377327,-0.000000244,0.000025145,0.000013370,1.000000000,0.000015185,0.000009139,-0.000020470
1789530843.077548981,0.000002724,0.000018301,0.000017760,1.000000000,0.000002435,0.000014489,-0.000013037
1789530843.110716105,-0.000002469,0.000027569,0.000003547,1.000000000,0.000018522,0.000004868,-0.000018641
1789530843.143877506,0.000004034,0.000022504,0.000014372,1.000000000,0.000008831,0.000008123,-0.000011492
1789530843.177035332,0.000001657,0.000028006,0.000007075,1.000000000,0.000017474,0.000003805,-0.000023926
1789530843.210188866,0.000001618,0.000025349,0.000013417,1.000000000,0.000012916,0.000008552,-0.000019399
1789530843.243338108,0.000002775,0.000016328,0.000017540,1.000000000,0.000001203,0.000012860,-0.000014603
1789530843.276482344,0.000000259,0.000025194,0.000009365,1.000000000,0.000017649,0.000006058,-0.000019964
1789530843.309833765,0.000001944,0.000023659,0.000020740,1.000000000,0.000010430,0.000015538,-0.000015335
1789530843.343184710,-0.000001153,0.000023149,0.000009575,1.000000000,0.000012412,0.000005946,-0.000024099
1789530843.376534939,0.000003259,0.000021847,0.000012810,1.000000000,0.000012626,0.000004753,-0.000017095
1789530843.409885883,-0.000003162,0.000028917,0.000013073,1.000000000,0.000016708,0.000014074,-0.000024953
1789530843.443237305,0.000006533,0.000019094,0.000017042,1.000000000,0.000002734,0.000011383,-0.000011010
1789530843.476588488,0.000003699,0.000020116,0.000015594,1.000000000,0.000005788,0.000009230,-0.000017033
1789530843.509938240,0.000002927,0.000018649,0.000012869,1.000000000,0.000009900,0.000005344,-0.000013288
1789530843.543289423,-0.000005033,0.000030213,0.000009542,1.000000000,0.000019623,0.000011508,-0.000024634
1789530843.576640368,0.000004279,0.000047216,0.000002443,1.000000000,0.000029422,-0.000000927,-0.000040745
1789530843.609991550,0.000009307,0.000020080,0.000018395,1.000000000,0.000002959,0.000009509,-0.000009859
1789530843.643341303,0.000000853,0.000015633,0.000014950,1.000000000,0.000004052,0.000011530,-0.000012109
1789530843.676692486,-0.000002554,0.000026905,0.000011009,1.000000000,0.000014745,0.000010782,-0.000028832
1789530843.710043192,0.000002191,0.000039606,0.000016569,1.000000000,0.000028501,0.000009434,-0.000022688
1789530843.743393421,-0.000001419,0.000011226,0.000011875,1.000000000,-0.000001800,0.000011743,-0.000012775
1789530843.776744127,-0.000000162,0.000032552,0.000010982,1.000000000,0.000024568,0.000006932,-0.000023355
1789530843.810095072,-0.000000667,0.000025341,0.000006913,1.000000000,0.000010659,0.000007472,-0.000026468
1789530843.843445778,-0.000002216,0.000028798,0.000011082,1.000000000,0.000015608,0.000009300,-0.000029702
1789530843.876795769,-0.000000480,0.000028209,0.000016429,1.000000000,0.000019756,0.000010348,-0.000018132
1789530843.910146475,0.000005816,0.000021091,0.000016293,1.000000000,0.000006451,0.000008930,-0.000014599
1789530843.943497419,-0.000000687,0.000033752,0.000018969,1.000000000,0.000024266,0.000013284,-0.000024693
1789530843.976847887,0.000002330,0.000028555,0.000015188,1.000000000,0.000018188,0.000008470,-0.000020911
1789530844.010197639,-0.000000655,0.000024280,0.000021239,1.000000000,0.000010452,0.000013501,-0.000021342
1789530844.043548346,0.000004288,0.000023461,0.000015779,1.000000000,0.000011029,0.000009287,-0.000015282
1789530844.076899052,-0.000002861,0.000027546,0.000010834,1.000000000,0.000013871,0.000013276,-0.000023260
1789530844.110248804,0.000008034,0.000018334,0.000018105,1.000000000,0.000002498,0.000009882,-0.000012498
1789530844.143599272,0.000001991,0.000021364,0.000014277,1.000000000,0.000011610,0.000008632,-0.000018033
1789530844.176950216,0.000001376,0.000017354,0.000010066,1.000000000,0.000008585,0.000005771,-0.000014692
1789530844.210300684,0.000009710,0.000014426,0.000018652,1.000000000,-0.000004683,0.000010755,-0.000011170
1789530844.243650198,-0.000005290,0.000042644,0.000013711,1.000000000,0.000026765,0.000015653,-0.000027991
1789530844.277000666,0.000000535,0.000031925,0.000011150,1.000000000,0.000026371,0.000003273,-0.000026445
1789530844.310352564,0.000002202,0.000015041,0.000011474,1.000000000,0.000005108,0.000007348,-0.000011528
1789530844.343706846,0.000006856,0.000020454,0.000021642,1.000000000,0.000002399,0.000013561,-0.000012838
1789530844.377062082,-0.000001242,0.000025807,0.000018130,1.000000000,0.000013714,0.000015208,-0.000016435
1789530844.410417318,0.000001858,0.000022989,0.000017298,1.000000000,0.000010744,0.000012957,-0.000016311
1789530844.443772793,-0.000014087,0.000066656,-0.000002855,1.000000000,0.000055940,0.000013672,-0.000038802
1789530844.477126837,0.000007337,0.000018977,0.000019609,1.000000000,-0.000000085,0.000013898,-0.000013549
1789530844.510482311,-0.000007022,0.000035404,0.000003625,1.000000000,0.000022615,0.000012530,-0.000034555
1789530844.543838024,-0.000006437,0.000032838,0.000017314,1.000000000,0.000017953,0.000016398,-0.000035250
1789530844.577193499,0.000003426,0.000025084,0.000015301,1.000000000,0.000013843,0.000008480,-0.000016816
1789530844.610548258,-0.000000985,0.000028719,0.000006415,1.000000000,0.000019265,0.000005852,-0.000023434
1789530844.643903971,-0.000002374,0.000024251,0.000007817,1.000000000,0.000016010,0.000007427,-0.000022164
1789530844.677259684,0.000008256,0.000017456,0.000016240,1.000000000,-0.000001166,0.000006620,-0.000013659
1789530844.710614443,0.000004996,0.000018817,0.000009697,1.000000000,0.000007882,0.000004615,-0.000013492
1789530844.743970394,0.000004983,0.000016732,0.000017593,1.000000000,-0.000000483,0.000012493,-0.000011500
1789530844.777326345,0.000003770,0.000028686,0.000016665,1.000000000,0.000015252,0.000010348,-0.000019503
1789530844.810682297,0.000002842,0.000013461,0.000014637,1.000000000,-0.000001198,0.000009712,-0.000013629
1789530844.844037294,-0.000001754,0.000036011,0.000007330,1.000000000,0.000028544,0.000005846,-0.000022775
1789530844.877393484,0.000001200,0.000022722,0.000009881,1.000000000,0.000014832,0.000006053,-0.000016643
1789530844.910749674,-0.000002448,0.000015985,0.000018422,1.000000000,0.000004482,0.000016181,-0.000016113
1789530844.944105864,-0.000002210,0.000022410,0.000012423,1.000000000,0.000011059,0.000011164,-0.000025238
1789530844.977461100,0.000001083,0.000020233,0.000020903,1.000000000,0.000008347,0.000011866,-0.000017175
1789530845.010817289,-0.000005065,0.000054165,-0.000000182,1.000000000,0.000043861,0.000008045,-0.000025268
1789530845.044173717,0.000000104,0.000031362,0.000004047,1.000000000,0.000021071,0.000003779,-0.000028142
1789530845.077529192,0.000003306,0.000022074,0.000011175,1.000000000,0.000010353,0.000009190,-0.000010548
1789530845.110885859,0.000000958,0.000031875,0.000009103,1.000000000,0.000021396,0.000006449,-0.000025749
1789530845.144242525,-0.000004556,0.000047085,-0.000000896,1.000000000,0.000038004,0.000007300,-0.000026360
1789530845.177599192,-0.000001104,0.000041538,0.000007117,1.000000000,0.000030783,0.000005147,-0.000028731
1789530845.210954666,0.000001550,0.000037125,0.000016998,1.000000000,0.000024758,0.000007595,-0.000027638
1789530845.244311571,0.000006656,0.000024170,0.000015817,1.000000000,0.000008707,0.000010709,-0.000015769
1789530845.277668238,0.000002292,0.000012652,0.000012629,1.000000000,-0.000003075,0.000010127,-0.000010921
1789530845.311025143,-0.000004664,0.000045021,0.000002144,1.000000000,0.000032777,0.000008537,-0.000027721
1789530845.344388962,0.000002006,0.000017463,0.000015537,1.000000000,0.000004368,0.000014556,-0.000010644
1789530845.377754211,-0.000000030,0.000025096,0.000010408,1.000000000,0.000013732,0.000008518,-0.000021261
1789530845.411119461,-0.000001434,0.000020225,0.000004297,1.000000000,0.000010234,0.000005435,-0.000023421
1789530845.444483995,-0.000001949,0.000028826,0.000018734,1.000000000,0.000016598,0.000015666,-0.000024302
1789530845.477849722,0.000006166,0.000020437,0.000016751,1.000000000,0.000007944,0.000007136,-0.000016219
1789530845.511215448,0.000009568,0.000021015,0.000016646,1.000000000,0.000004706,0.000007609,-0.000012999
1789530845.544581413,-0.000003912,0.000027494,0.000014315,1.000000000,0.000015765,0.000013910,-0.000020459
1789530845.577946424,0.000002549,0.000026668,0.000020151,1.000000000,0.000014543,0.000012744,-0.000018075
1789530845.611312628,-0.000004292,0.000023897,0.000002789,1.000000000,0.000013203,0.000005290,-0.000024683
1789530845.644679308,0.000005104,0.000021968,0.000018480,1.000000000,0.000008361,0.000012230,-0.000015159
1789530845.678045034,0.000003889,0.000026007,0.000017735,1.000000000,0.000014152,0.000008759,-0.000014757
1789530845.711411715,0.000001587,0.000014773,0.000009464,1.000000000,0.000006396,0.000006262,-0.000015157
1789530845.744778633,-0.000002493,0.000038716,0.000008326,1.000000000,0.000025678,0.000010125,-0.000025403
1789530845.778145790,-0.000000909,0.000037883,0.000003382,1.000000000,0.000023946,0.000004045,-0.000035045
1789530845.811511993,-0.000002425,0.000014389,0.000015898,1.000000000,0.000002420,0.000013586,-0.000012214
1789530845.844879389,-0.000002031,0.000033607,0.000005994,1.000000000,0.000022812,0.000004735,-0.000029427
1789530845.878247023,-0.000002182,0.000030794,0.000008703,1.000000000,0.000021716,0.000006625,-0.000024167
1789530845.911614895,0.000009471,0.000018094,0.000017949,1.000000000,0.000000666,0.000008425,-0.000011583
1789530845.944982052,0.000005645,0.000017372,0.000014925,1.000000000,-0.000000830,0.000009986,-0.000012638
1789530845.978350163,0.000001853,0.000034211,0.000009621,1.000000000,0.000022375,0.000001497,-0.000029882
1789530846.011718273,0.000003738,0.000029990,0.000014150,1.000000000,0.000021143,0.000004561,-0.000020687
1789530846.045085669,0.000005030,0.000029348,0.000016903,1.000000000,0.000017138,0.000005273,-0.000022269
1789530846.078454256,-0.000002094,0.000024364,0.000015223,1.000000000,0.000015131,0.000013106,-0.000018355
1789530846.111823320,0.000002238,0.000036987,0.000017350,1.000000000,0.000024090,0.000009796,-0.000023579
1789530846.145192146,-0.000010406,0.000088198,-0.000002971,1.000000000,0.000073454,0.000010978,-0.000049948
1789530846.178560257,0.000001316,0.000036419,0.000017565,1.000000000,0.000027374,0.000011698,-0.000017584
1789530846.211929560,0.000000062,0.000022045,0.000012115,1.000000000,0.000011914,0.000009407,-0.000019546
1789530846.245299101,-0.000004978,0.000036911,0.000004744,1.000000000,0.000026705,0.000007877,-0.000033844
1789530846.278668404,-0.000006066,0.000035365,0.000000297,1.000000000,0.000030452,0.000006929,-0.000025692
1789530846.312037468,-0.000000670,0.000036339,0.000002950,1.000000000,0.000026218,0.000002487,-0.000029753
1789530846.345386744,-0.000001566,0.000039890,0.000009438,1.000000000,0.000029361,0.000008668,-0.000026188
1789530846.378736019,-0.000000981,0.000036500,0.000009956,1.000000000,0.000024836,0.000005690,-0.000027304
1789530846.412084341,0.000000412,0.000030980,0.000021337,1.000000000,0.000017453,0.000015612,-0.000020616
1789530846.445433617,0.000001463,0.000015555,0.000014387,1.000000000,0.000001323,0.000013833,-0.000010849
1789530846.478782654,0.000001982,0.000020099,0.000015134,1.000000000,0.000009084,0.000010960,-0.000017575
1789530846.512131929,-0.000006761,0.000050140,-0.000002207,1.000000000,0.000034537,0.000004889,-0.000049726
1789530846.545480013,0.000008089,0.000016864,0.000017896,1.000000000,0.000000892,0.000007601,-0.000010500
1789530846.578828812,0.000007887,0.000021599,0.000010950,1.000000000,0.000006212,0.000003247,-0.000012178
1789530846.612178087,0.000003856,0.000013969,0.000013461,1.000000000,0.000000444,0.000010561,-0.000010010
1789530846.645526886,0.000007829,0.000015208,0.000012888,1.000000000,-0.000004511,0.000006426,-0.000011527
1789530846.678874493,0.000012262,0.000021768,0.000018082,1.000000000,0.000002665,0.000009466,-0.000013079
1789530846.712223291,-0.000000313,0.000020165,0.000016327,1.000000000,0.000008329,0.000012370,-0.000019533
1789530846.745572090,-0.000000792,0.000028393,0.000008020,1.000000000,0.000021034,0.000005241,-0.000018784
1789530846.778919697,-0.000006287,0.000038792,0.000012626,1.000000000,0.000022911,0.000017046,-0.000028277
1789530846.812268257,-0.000000629,0.000036153,0.000005453,1.000000000,0.000027828,0.000005671,-0.000024975
1789530846.845617056,0.000003563,0.000024081,0.000012273,1.000000000,0.000013117,0.000008304,-0.000016141
1789530846.878965378,0.000001375,0.000014402,0.000012547,1.000000000,0.000003044,0.000008483,-0.000009901
1789530846.912312746,-0.000001205,0.000016119,0.000005480,1.000000000,0.000009597,0.000005844,-0.000015072
1789530846.945661068,0.000000848,0.000033217,0.000011206,1.000000000,0.000022584,0.000006680,-0.000026667
1789530846.979009628,0.000002953,0.000019379,0.000018227,1.000000000,0.000006107,0.000010411,-0.000015617
1789530847.012356758,0.000002662,0.000011176,0.000009754,1.000000000,0.000000691,0.000006844,-0.000009869
1789530847.045704842,-0.000001785,0.000027543,0.000009409,1.000000000,0.000018890,0.000008303,-0.000019813
1789530847.079052925,-0.000005987,0.000033909,0.000004743,1.000000000,0.000027658,0.000008869,-0.000023446
1789530847.112401009,-0.000006373,0.000040593,0.000007109,1.000000000,0.000029011,0.000010949,-0.000029416
1789530847.145748377,0.000005257,0.000019794,0.000015676,1.000000000,0.000004852,0.000010171,-0.000013376
1789530847.179096222,0.000001923,0.000022847,0.000014995,1.000000000,0.000013110,0.000008142,-0.000011265
1789530847.212444067,0.000005521,0.000017395,0.000017269,1.000000000,0.000005511,0.000010180,-0.000012985
1789530847.245791912,-0.000000798,0.000017890,0.000016453,1.000000000,0.000004160,0.000014894,-0.000013846
1789530847.279138565,0.000002128,0.000015500,0.000008890,1.000000000,0.000005141,0.000005359,-0.000012442
1789530847.312486649,0.000004260,0.000018068,0.000016754,1.000000000,0.000005597,0.000010427,-0.000013375
1789530847.345836878,-0.000000770,0.000025114,0.000011986,1.000000000,0.000016196,0.000006445,-0.000022481
1789530847.379186630,0.000004885,0.000016339,0.000013585,1.000000000,0.000003654,0.000008504,-0.000012723
1789530847.412536860,-0.000003657,0.000031550,0.000006431,1.000000000,0.000024022,0.000006259,-0.000024579
1789530847.445887566,0.000002096,0.000017798,0.000011130,1.000000000,0.000009721,0.000004675,-0.000013936
1789530847.479237795,0.000001735,0.000035205,0.000013640,1.000000000,0.000022150,0.000011580,-0.000021608
1789530847.512587070,0.000007834,0.000012286,0.000013232,1.000000000,-0.000004571,0.000004899,-0.000009382
1789530847.545937538,0.000005867,0.000015274,0.000016146,1.000000000,-0.000000608,0.000008314,-0.000011353
1789530847.579287767,-0.000000368,0.000038605,0.000008858,1.000000000,0.000028479,0.000007105,-0.000023918
1789530847.612637997,0.000006286,0.000015109,0.000013646,1.000000000,-0.000001025,0.000009287,-0.000012941
1789530847.645987272,0.000001303,0.000025385,0.000013188,1.000000000,0.000015441,0.000008194,-0.000021702
1789530847.679337502,0.000002333,0.000018142,0.000008067,1.000000000,0.000008776,0.000004633,-0.000016377
1789530847.712687731,-0.000002857,0.000039373,0.000006275,1.000000000,0.000030890,0.000006649,-0.000025347
1789530847.746036768,0.000003928,0.000034507,0.000016430,1.000000000,0.000021016,0.000008100,-0.000028000
1789530847.779386997,0.000003213,0.000019168,0.000019055,1.000000000,0.000005041,0.000014405,-0.000013684
1789530847.812736988,0.000006374,0.000020154,0.000015539,1.000000000,0.000004875,0.000008432,-0.000016694
1789530847.846087217,-0.000000977,0.000036014,0.000011356,1.000000000,0.000028822,0.000008457,-0.000024145
1789530847.879436255,0.000003499,0.000015809,0.000019586,1.000000000,-0.000001174,0.000014203,-0.000009693
1789530847.912786245,0.000000010,0.000018919,0.000019235,1.000000000,0.000006050,0.000015438,-0.000013881
1789530847.946136236,0.000002875,0.000022781,0.000006944,1.000000000,0.000012610,0.000001138,-0.000025678
1789530847.979485989,0.000003535,0.000017902,0.000014328,1.000000000,0.000003438,0.000009809,-0.000013113
1789530848.012835264,-0.000007757,0.000029585,0.000012008,1.000000000,0.000018104,0.000016129,-0.000021309
1789530848.046185017,0.000004786,0.000019160,0.000016624,1.000000000,0.000004240,0.000010265,-0.000013511
1789530848.079535007,-0.000003083,0.000039653,0.000008482,1.000000000,0.000027352,0.000008855,-0.000031030
1789530848.112883806,0.000002056,0.000013791,0.000017910,1.000000000,0.000000238,0.000014028,-0.000013436
1789530848.146233559,0.000003517,0.000016618,0.000015812,1.000000000,0.000001908,0.000011357,-0.000011420
1789530848.179583549,0.000003560,0.000027583,0.000014522,1.000000000,0.000017182,0.000006190,-0.000018518
1789530848.212933064,-0.000002987,0.000028261,0.000016868,1.000000000,0.000020348,0.000014766,-0.000019773
1789530848.246282101,-0.000002812,0.000029592,0.000011593,1.000000000,0.000018932,0.000010502,-0.000022129
1789530848.279631615,0.000001260,0.000045342,0.000015369,1.000000000,0.000035262,0.000007823,-0.000029623
1789530848.312981129,-0.000000537,0.000036027,0.000006446,1.000000000,0.000024885,0.000003460,-0.000029639
1789530848.346330166,0.000005643,0.000017746,0.000019549,1.000000000,0.000001069,0.000015594,-0.000012027
1789530848.379679918,-0.000005259,0.000045010,0.000009731,1.000000000,0.000035236,0.000012830,-0.000028882
1789530848.413029671,0.000005033,0.000023234,0.000019278,1.000000000,0.000010693,0.000011018,-0.000014716
1789530848.446379423,-0.000000497,0.000012625,0.000004425,1.000000000,0.000005768,0.000004937,-0.000011717
1789530848.479727983,-0.000001926,0.000045071,0.000015961,1.000000000,0.000034419,0.000014073,-0.000031999
1789530848.513077974,-0.000003650,0.000024621,0.000018964,1.000000000,0.000011729,0.000016678,-0.000019554
1789530848.546427488,0.000007434,0.000014891,0.000009726,1.000000000,0.000001175,0.000003699,-0.000008447
1789530848.579777002,0.000000402,0.000019672,0.000005638,1.000000000,0.000015987,0.000003305,-0.000013743
1789530848.613125563,-0.000000555,0.000036231,0.000014032,1.000000000,0.000024888,0.000010249,-0.000024519
1789530848.646475077,0.000000823,0.000025232,0.000013585,1.000000000,0.000015493,0.000009093,-0.000019001
1789530848.679824352,-0.000007991,0.000033686,-0.000000923,1.000000000,0.000027297,0.000007239,-0.000025593
1789530848.713172913,-0.000002463,0.000031294,0.000018745,1.000000000,0.000021757,0.000015053,-0.000024662
1789530848.746522427,-0.000000285,0.000017573,0.000016373,1.000000000,0.000006115,0.000012623,-0.000013988
1789530848.779871941,-0.000000860,0.000039296,0.000015815,1.000000000,0.000026736,0.000009494,-0.000026293
1789530848.813221216,-0.000002752,0.000033825,0.000013000,1.000000000,0.000021570,0.000011306,-0.000027080
1789530848.846569300,-0.000003388,0.000034662,0.000017130,1.000000000,0.000023771,0.000016380,-0.000022567
1789530848.879918814,-0.000001951,0.000033282,0.000017471,1.000000000,0.000020948,0.000012273,-0.000022829
1789530848.913267851,0.000000639,0.000030094,0.000016325,1.000000000,0.000016615,0.000013761,-0.000024057
1789530848.946617126,-0.000000650,0.000015510,0.000013143,1.000000000,0.000002523,0.000011643,-0.000012801
1789530848.979965448,0.000003112,0.000033100,0.000018081,1.000000000,0.000022997,0.000010896,-0.000022541
1789530849.013314486,0.000007420,0.000014956,0.000020198,1.000000000,-0.000003888,0.000014533,-0.000009706
1789530849.046663284,0.000001729,0.000008976,0.000004522,1.000000000,0.000001281,0.000003599,-0.000008731
1789530849.080011368,-0.000010795,0.000062685,-0.000003844,1.000000000,0.000041709,0.000011382,-0.000049310
1789530849.113360643,-0.000009021,0.000051481,-0.000001251,1.000000000,0.000041485,0.000010264,-0.000033625
1789530849.146709442,0.000001053,0.000017476,0.000010427,1.000000000,0.000007292,0.000007379,-0.000015278
1789530849.180058241,-0.000001974,0.000015665,0.000014379,1.000000000,0.000003689,0.000012516,-0.000013908
1789530849.213406324,0.000005698,0.000016927,0.000021309,1.000000000,0.000000339,0.000016619,-0.000011477
1789530849.246755123,-0.000004250,0.000045478,0.000002256,1.000000000,0.000037246,0.000007828,-0.000028887
1789530849.280103922,-0.000004079,0.000059286,0.000003905,1.000000000,0.000047978,0.000005842,-0.000045551
1789530849.313452959,0.000005714,0.000015391,0.000015805,1.000000000,-0.000002824,0.000012484,-0.000013943
1789530849.346804619,-0.000001487,0.000025047,0.000012053,1.000000000,0.000017356,0.000009280,-0.000020639
1789530849.380157232,0.000003351,0.000036872,0.000018434,1.000000000,0.000026138,0.000009311,-0.000022990
1789530849.413510084,0.000001423,0.000029462,0.000022287,1.000000000,0.000014179,0.000015342,-0.000025019
1789530849.446861744,0.000002004,0.000014650,0.000013330,1.000000000,0.000001116,0.000011203,-0.000008766
1789530849.480214596,0.000011884,0.000019976,0.000018990,1.000000000,0.000002619,0.000008631,-0.000010879
1789530849.513567209,-0.000000017,0.000014664,0.000007477,1.000000000,0.000007671,0.000006280,-0.000012040
1789530849.546919823,-0.000000328,0.000019674,0.000015551,1.000000000,0.000008354,0.000012330,-0.000014508
1789530849.580271721,-0.000002920,0.000038560,0.000007739,1.000000000,0.000031525,0.000005711,-0.000026589
1789530849.613624334,-0.000005585,0.000037566,0.000010899,1.000000000,0.000027207,0.000014108,-0.000027816
1789530849.646976948,0.000002771,0.000013131,0.000013494,1.000000000,0.000001574,0.000009201,-0.000010913
1789530849.680328608,0.000008372,0.000016160,0.000020003,1.000000000,-0.000000301,0.000012762,-0.000013543
1789530849.713681459,-0.000001300,0.000021091,0.000017003,1.000000000,0.000009531,0.000013719,-0.000017926
1789530849.747034073,0.000007791,0.000017361,0.000008496,1.000000000,0.000008527,-0.000000564,-0.000009073
1789530849.780386686,0.000002139,0.000019038,0.000015286,1.000000000,0.000007127,0.000007930,-0.000014727
1789530849.813738585,0.000000157,0.000027079,0.000006493,1.000000000,0.000019025,0.000004230,-0.000023044
1789530849.847090960,-0.000001089,0.000027157,0.000014375,1.000000000,0.000017007,0.000010372,-0.000024112
1789530849.880443811,-0.000004756,0.000029748,0.000006238,1.000000000,0.000020969,0.000009422,-0.000022313
1789530849.913796425,-0.000000200,0.000030041,0.000008284,1.000000000,0.000018884,0.000006451,-0.000023055
1789530849.947148085,-0.000004093,0.000042022,0.000005981,1.000000000,0.000032975,0.000007173,-0.000030764
1789530849.980500698,0.000003781,0.000020274,0.000015898,1.000000000,0.000007112,0.000009851,-0.000012710
1789530850.013853550,0.000008345,0.000020471,0.000018660,1.000000000,0.000002982,0.000011138,-0.000013317
1789530850.047204971,0.000001419,0.000027473,0.000007430,1.000000000,0.000018638,0.000003418,-0.000021344
1789530850.080557585,-0.000002232,0.000044899,0.000007367,1.000000000,0.000036856,0.000006920,-0.000028422
1789530850.113910437,-0.000004963,0.000028593,0.000012533,1.000000000,0.000020098,0.000013178,-0.000020265
1789530850.147263050,0.000002041,0.000011583,0.000009405,1.000000000,0.000000419,0.000007434,-0.000009982
1789530850.180614471,0.000001533,0.000035219,0.000021295,1.000000000,0.000025360,0.000013115,-0.000022570
1789530850.213967323,-0.000001012,0.000032993,0.000015893,1.000000000,0.000021876,0.000012113,-0.000029077
1789530850.247319937,0.000010465,0.000022896,0.000018061,1.000000000,0.000006467,0.000008030,-0.000014698
1789530850.280672312,0.000008097,0.000011088,0.000011614,1.000000000,-0.000004081,0.000005865,-0.000007355
1789530850.314024210,-0.000005998,0.000042830,0.000010875,1.000000000,0.000029992,0.000014418,-0.000029918
1789530850.347375154,0.000000789,0.000011076,0.000010863,1.000000000,-0.000000246,0.000010525,-0.000012872
1789530850.380726576,0.000004058,0.000017334,0.000018726,1.000000000,0.000003015,0.000012789,-0.000012076
1789530850.414076567,0.000003334,0.000014238,0.000010760,1.000000000,0.000004101,0.000007102,-0.000010058
1789530850.447427988,0.000000346,0.000042140,0.000016833,1.000000000,0.000029345,0.000012809,-0.000025285
1789530850.480779171,-0.000006096,0.000035509,0.000006186,1.000000000,0.000025384,0.000008328,-0.000031653
1789530850.514130354,0.000005111,0.000014764,0.000014497,1.000000000,-0.000000348,0.000010225,-0.000011639
1789530850.547480583,-0.000000919,0.000042518,0.000005945,1.000000000,0.000029590,0.000004894,-0.000031099
1789530850.580831528,-0.000001643,0.000040631,0.000006141,1.000000000,0.000034560,0.000002575,-0.000020012
1789530850.614182711,-0.000002305,0.000017461,0.000011548,1.000000000,0.000009333,0.000008916,-0.000016696
1789530850.647533894,-0.000000309,0.000013385,0.000007938,1.000000000,0.000004935,0.000007023,-0.000012981
1789530850.680884123,-0.000001457,0.000032730,0.000013943,1.000000000,0.000024557,0.000008213,-0.000021272
1789530850.714235067,0.000000563,0.000029565,0.000016599,1.000000000,0.000019607,0.000012093,-0.000022164
1789530850.747586250,0.000001638,0.000012836,0.000012640,1.000000000,0.000003406,0.000007545,-0.000011371
1789530850.780936241,0.000001571,0.000012783,0.000012844,1.000000000,-0.000001494,0.000010882,-0.000011734
1789530850.814287424,0.000003826,0.000018005,0.000009917,1.000000000,0.000005075,0.000007787,-0.000013540
1789530850.847638369,-0.000003269,0.000041458,0.000013197,1.000000000,0.000028928,0.000014466,-0.000029451
1789530850.880989313,0.000008491,0.000017763,0.000013684,1.000000000,0.000005945,0.000007102,-0.000009298
1789530850.914339304,-0.000001185,0.000029436,0.000012867,1.000000000,0.000019852,0.000008318,-0.000021619
1789530850.947690487,0.000000064,0.000027499,0.000015072,1.000000000,0.000017698,0.000011295,-0.000022234
1789530850.981041431,0.000004197,0.000039227,0.000010778,1.000000000,0.000036840,0.000005008,-0.000028471
1789530851.014391422,-0.000001624,0.000016558,0.000002886,1.000000000,0.000008908,0.000005819,-0.000017452
1789530851.047742367,0.000006748,0.000017666,0.000017955,1.000000000,0.000001701,0.000011774,-0.000013732
1789530851.081093311,-0.000005797,0.000060759,0.000001675,1.000000000,0.000052461,0.000006132,-0.000033361
1789530851.114444256,0.000001043,0.000032274,0.000012499,1.000000000,0.000024897,0.000006294,-0.000023851
1789530851.147794247,0.000009032,0.000018199,0.000017592,1.000000000,0.000000880,0.000009504,-0.000014510
1789530851.181144953,0.000005959,0.000012218,0.000010707,1.000000000,-0.000003089,0.000007033,-0.000008832
1789530851.214496136,0.000008382,0.000016576,0.000017229,1.000000000,-0.000000839,0.000009669,-0.000013638
1789530851.247846842,-0.000001865,0.000017223,0.000015242,1.000000000,0.000009216,0.000010920,-0.000020647
1789530851.281196833,0.000000212,0.000015345,0.000009303,1.000000000,0.000007479,0.000007624,-0.000014432
1789530851.314547539,0.000000477,0.000022093,0.000016460,1.000000000,0.000011432,0.000012774,-0.000017565
1789530851.347899199,0.000000968,0.000021063,0.000010926,1.000000000,0.000014841,0.000007324,-0.000016632
1789530851.381249428,0.000004055,0.000019222,0.000016518,1.000000000,0.000007153,0.000008414,-0.000015821
1789530851.414600849,-0.000001753,0.000011972,0.000007675,1.000000000,0.000003963,0.000008487,-0.000012188
1789530851.447952509,0.000004521,0.000014731,0.000007547,1.000000000,0.000005882,0.000002619,-0.000010444
1789530851.481303692,-0.000000377,0.000011840,0.000013760,1.000000000,0.000000640,0.000009567,-0.000011411
1789530851.514654160,0.000002591,0.000014399,0.000009702,1.000000000,0.000004453,0.000004961,-0.000007320
1789530851.548005342,-0.000001157,0.000033738,0.000012214,1.000000000,0.000022421,0.000008100,-0.000029689
1789530851.581356764,0.000005649,0.000029400,0.000020428,1.000000000,0.000015741,0.000012338,-0.000021301
1789530851.614707947,0.000003530,0.000021074,0.000009653,1.000000000,0.000012886,0.000001870,-0.000019601
1789530851.648058176,0.000010220,0.000011876,0.000013733,1.000000000,-0.000002863,0.000007259,-0.000009679
1789530851.681409359,0.000004817,0.000011947,0.000013760,1.000000000,-0.000002487,0.000010429,-0.000010474
1789530851.714760780,-0.000001582,0.000023315,0.000014321,1.000000000,0.000012910,0.000012822,-0.000021099
1789530851.748110771,-0.000003618,0.000023839,0.000002765,1.000000000,0.000011499,0.000007232,-0.000030683
1789530851.781462193,-0.000014226,0.000050933,0.000001893,1.000000000,0.000042523,0.000017368,-0.000032595
1789530851.814813137,0.000007475,0.000021915,0.000017003,1.000000000,0.000005653,0.000009040,-0.000013396
1789530851.848164320,-0.000001123,0.000032798,0.000018609,1.000000000,0.000022692,0.000014939,-0.000026816
1789530851.881514549,-0.000000411,0.000016028,0.000009548,1.000000000,0.000007152,0.000007105,-0.000013330
1789530851.914865732,0.000005004,0.000021099,0.000017254,1.000000000,0.000008217,0.000011979,-0.000013933
1789530851.948216915,-0.000000758,0.000036107,0.000016371,1.000000000,0.000024998,0.000012431,-0.000027826
1789530851.981567860,0.000007544,0.000016300,0.000016157,1.000000000,0.000002356,0.000008171,-0.000014619
1789530852.014917850,-0.000000768,0.000041070,0.000009964,1.000000000,0.000030502,0.000008548,-0.000030384
1789530852.048269033,0.000005674,0.000019773,0.000019699,1.000000000,0.000003477,0.000012392,-0.000011682
1789530852.081619978,0.000006588,0.000016482,0.000020195,1.000000000,0.000000944,0.000012533,-0.000009284
1789530852.114969969,0.000002015,0.000048717,0.000005330,1.000000000,0.000040916,0.000003001,-0.000028525
1789530852.148321152,0.000000003,0.000034711,0.000016862,1.000000000,0.000022306,0.000013409,-0.000028099
1789530852.181671858,0.000001931,0.000016697,0.000017884,1.000000000,0.000002752,0.000014009,-0.000012721
1789530852.215023041,-0.000000163,0.000049469,0.000001330,1.000000000,0.000041500,0.000001282,-0.000038781
1789530852.248372793,0.000001611,0.000015362,0.000013445,1.000000000,0.000004082,0.000009755,-0.000010516
1789530852.281723738,0.000001855,0.000019549,0.000014839,1.000000000,0.000008800,0.000008969,-0.000014234
1789530852.315074444,-0.000003112,0.000030131,0.000015005,1.000000000,0.000019373,0.000013209,-0.000026566
1789530852.348422766,-0.000003451,0.000017868,0.000016558,1.000000000,0.000006833,0.000017564,-0.000018768
1789530852.381772041,0.000000243,0.000032918,0.000011043,1.000000000,0.000021388,0.000007393,-0.000022702
1789530852.415121317,-0.000002554,0.000042012,0.000015023,1.000000000,0.000027602,0.000012904,-0.000030656
1789530852.448470354,-0.000001030,0.000030918,0.000015943,1.000000000,0.000020708,0.000011732,-0.000020716
1789530852.481818676,0.000000421,0.000018553,0.000010474,1.000000000,0.000010846,0.000005899,-0.000016100
1789530852.515167713,-0.000003438,0.000021312,0.000018042,1.000000000,0.000010373,0.000018120,-0.000016795
1789530852.548516750,-0.000000380,0.000023757,0.000009697,1.000000000,0.000014219,0.000007578,-0.000021445
1789530852.581866026,-0.000001371,0.000038392,0.000011943,1.000000000,0.000030547,0.000008365,-0.000028001
1789530852.615214109,-0.000002396,0.000051349,0.000005736,1.000000000,0.000038081,0.000006274,-0.000036102
1789530852.648563147,-0.000000107,0.000017184,0.000011207,1.000000000,0.000005123,0.000011789,-0.000015291
1789530852.681912184,-0.000000696,0.000018945,0.000017942,1.000000000,0.000008304,0.000012459,-0.000015661
1789530852.715260267,0.000000781,0.000021279,0.000013410,1.000000000,0.000011405,0.000011159,-0.000013977
1789530852.748609066,0.000004828,0.000030529,0.000014610,1.000000000,0.000021339,0.000003933,-0.000023445
1789530852.781958342,-0.000002351,0.000043619,0.000017932,1.000000000,0.000030940,0.000015427,-0.000028349
1789530852.815307140,-0.000002125,0.000021107,0.000008438,1.000000000,0.000010042,0.000009468,-0.000023119
1789530852.848654985,0.000008681,0.000017656,0.000019002,1.000000000,-0.000000143,0.000012688,-0.000010174
1789530852.882004023,0.000003161,0.000020153,0.000018742,1.000000000,0.000007792,0.000010629,-0.000015861
1789530852.915352821,0.000003411,0.000023211,0.000012764,1.000000000,0.000010343,0.000007716,-0.000018491
1789530852.948701620,0.000002678,0.000053196,0.000010427,1.000000000,0.000045223,0.000003160,-0.000028724
1789530852.982049465,-0.000003681,0.000031598,0.000015393,1.000000000,0.000020918,0.000015748,-0.000026166
1789530853.015398502,-0.000005693,0.000022652,0.000011694,1.000000000,0.000010870,0.000013361,-0.000024667
1789530853.048747063,0.000003378,0.000013576,0.000007595,1.000000000,0.000003811,0.000005345,-0.000010689
1789530853.082094908,0.000001128,0.000045106,0.000009724,1.000000000,0.000035891,0.000005025,-0.000026530
1789530853.115443707,-0.000001151,0.000021430,0.000015241,1.000000000,0.000011644,0.000010600,-0.000021524
1789530853.148792267,0.000002726,0.000059125,0.000014545,1.000000000,0.000050501,0.000006877,-0.000035716
1789530853.182141066,0.000002560,0.000017345,0.000013443,1.000000000,0.000005647,0.000009682,-0.000008442
1789530853.215488672,0.000006205,0.000016887,0.000015859,1.000000000,0.000002535,0.000007376,-0.000010247
1789530853.248837471,0.000003979,0.000031441,0.000016730,1.000000000,0.000021342,0.000008427,-0.000020070
1789530853.282186031,0.000001321,0.000021151,0.000014536,1.000000000,0.000010385,0.000011936,-0.000018493
1789530853.315534592,0.000002460,0.000022445,0.000013713,1.000000000,0.000012981,0.000005068,-0.000022279
1789530853.348886490,0.000003320,0.000015401,0.000014932,1.000000000,0.000005264,0.000008899,-0.000011337
1789530853.382239580,0.000000849,0.000037939,0.000004767,1.000000000,0.000031223,0.000002592,-0.000029277
1789530853.415592432,-0.000006433,0.000041914,0.000003898,1.000000000,0.000032719,0.000007588,-0.000025154
1789530853.448944569,0.000001425,0.000019988,0.000012938,1.000000000,0.000008007,0.000010004,-0.000015148
1789530853.482297421,0.000005140,0.000024609,0.000021273,1.000000000,0.000010095,0.000013300,-0.000014277
1789530853.515650272,0.000001226,0.000023782,0.000008827,1.000000000,0.000013966,0.000005254,-0.000021807
1789530853.549003363,-0.000000883,0.000019107,0.000014896,1.000000000,0.000007713,0.000011915,-0.000019846
1789530853.582355499,0.000002542,0.000024312,0.000017776,1.000000000,0.000011759,0.000010456,-0.000018022
1789530853.615708351,0.000003589,0.000033005,0.000015427,1.000000000,0.000019340,0.000005983,-0.000027064
1789530853.649061203,-0.000003238,0.000041196,0.000004545,1.000000000,0.000031012,0.000007297,-0.000027590
1789530853.682413340,0.000001147,0.000012992,0.000010142,1.000000000,0.000003884,0.000006304,-0.000011946
1789530853.715766430,0.000004224,0.000014897,0.000008805,1.000000000,0.000003668,0.000005592,-0.000010931
1789530853.749119043,0.000000195,0.000017802,0.000017400,1.000000000,0.000005625,0.000013388,-0.000016280
1789530853.782472134,-0.000001544,0.000013161,0.000004429,1.000000000,0.000007356,0.000004875,-0.000013294
1789530853.815824270,0.000005689,0.000024307,0.000014729,1.000000000,0.000016479,0.000004941,-0.000016192
1789530853.849177361,0.000002472,0.000034909,0.000019265,1.000000000,0.000021471,0.000013215,-0.000023111
1789530853.882529974,0.000008134,0.000018084,0.000016346,1.000000000,0.000002384,0.000007818,-0.000011858
1789530853.915883064,0.000001457,0.000013145,0.000006448,1.000000000,0.000006052,0.000003074,-0.000011558
1789530853.949235201,-0.000013496,0.000079658,-0.000009289,1.000000000,0.000069814,0.000014497,-0.000044670
1789530853.982588053,0.000011215,0.000020470,0.000019798,1.000000000,0.000002769,0.000010936,-0.000012866
1789530854.015940905,0.000009248,0.000018672,0.000016705,1.000000000,0.000001361,0.000009385,-0.000012766
1789530854.049293041,0.000000904,0.000017271,0.000017566,1.000000000,0.000006656,0.000012480,-0.000010930
1789530854.082645893,-0.000003117,0.000029786,0.000016560,1.000000000,0.000017225,0.000014713,-0.000024926
1789530854.115998983,0.000000543,0.000039090,0.000011543,1.000000000,0.000029177,0.000008038,-0.000026968
1789530854.149351835,0.000004099,0.000018879,0.000021180,1.000000000,0.000003011,0.000016260,-0.000012546
1789530854.182703972,-0.000004382,0.000039256,0.000014076,1.000000000,0.000029267,0.000012853,-0.000027367
1789530854.216056824,0.000007194,0.000013964,0.000019458,1.000000000,-0.000004880,0.000013124,-0.000012365
1789530854.249409676,0.000002151,0.000012275,0.000014039,1.000000000,-0.000002014,0.000014510,-0.000009293
1789530854.282762766,0.000000587,0.000022869,0.000015717,1.000000000,0.000010243,0.000013066,-0.000017562
1789530854.316114664,-0.000004388,0.000033492,0.000012768,1.000000000,0.000022018,0.000013327,-0.000026671
1789530854.349464178,-0.000003392,0.000044532,0.000007466,1.000000000,0.000033961,0.000007999,-0.000030478
1789530854.382813692,0.000005331,0.000016764,0.000015938,1.000000000,0.000005833,0.000006165,-0.000011919
1789530854.416162014,0.000001364,0.000017066,0.000017632,1.000000000,0.000004998,0.000013373,-0.000009617
1789530854.449511528,0.000004661,0.000017035,0.000012738,1.000000000,0.000004963,0.000008648,-0.000008872
1789530854.482860804,0.000005360,0.000040201,0.000004548,1.000000000,0.000030127,-0.000000298,-0.000031415
1789530854.516210318,0.000001589,0.000012599,0.000012455,1.000000000,0.000003327,0.000010165,-0.000009198
1789530854.549558640,0.000000358,0.000025808,0.000011687,1.000000000,0.000015332,0.000006946,-0.000023363
1789530854.582907915,0.000006198,0.000017664,0.000015908,1.000000000,0.000003548,0.000007842,-0.000010250
1789530854.616257429,0.000008375,0.000026372,0.000019947,1.000000000,0.000012198,0.000011171,-0.000013952
1789530854.649606705,-0.000000019,0.000031039,0.000006151,1.000000000,0.000022430,0.000004482,-0.000026611
1789530854.682955027,0.000005514,0.000016064,0.000020446,1.000000000,-0.000001502,0.000012659,-0.000015989
1789530854.716304302,0.000002635,0.000019528,0.000011038,1.000000000,0.000009118,0.000007134,-0.000012592
1789530854.749653578,-0.000005128,0.000035645,0.000006308,1.000000000,0.000027312,0.000009119,-0.000027605
1789530854.783001661,-0.000003589,0.000033733,0.000000765,1.000000000,0.000024003,0.000007494,-0.000025549
1789530854.816351175,-0.000000450,0.000032606,0.000009116,1.000000000,0.000023287,0.000005599,-0.000024814
1789530854.849700212,-0.000000972,0.000016997,0.000014487,1.000000000,0.000004146,0.000015975,-0.000015047
1789530854.883049250,0.000002955,0.000021597,0.000015084,1.000000000,0.000009340,0.000011546,-0.000013938
1789530854.916397572,-0.000000749,0.000014261,0.000006750,1.000000000,0.000006074,0.000006804,-0.000013794
1789530854.949746609,-0.000000560,0.000034460,0.000014600,1.000000000,0.000024638,0.000008684,-0.000025140
1789530854.983095646,0.000007882,0.000018234,0.000019831,1.000000000,-0.000000944,0.000010281,-0.000010289
1789530855.016443729,0.000007430,0.000023034,0.000019370,1.000000000,0.000007798,0.000010088,-0.000013563
1789530855.049793005,0.000001267,0.000018440,0.000017004,1.000000000,0.000005502,0.000015869,-0.000011306
1789530855.083142042,0.000003040,0.000018713,0.000017322,1.000000000,0.000005362,0.000012518,-0.000012085
1789530855.116491318,-0.000001634,0.000011518,0.000010881,1.000000000,0.000002673,0.000008425,-0.000013503
1789530855.149839163,0.000000879,0.000017644,0.000012410,1.000000000,0.000007149,0.000009810,-0.000014983
1789530855.183188200,-0.000001686,0.000021363,0.000012636,1.000000000,0.000011081,0.000011501,-0.000019876
1789530855.216536999,0.000000186,0.000011655,0.000007314,1.000000000,0.000004574,0.000006550,-0.000012199
1789530855.249886036,0.000002362,0.000018362,0.000014908,1.000000000,0.000005601,0.000011386,-0.000013864
1789530855.283234119,0.000004476,0.000022231,0.000015252,1.000000000,0.000010277,0.000009867,-0.000016450
1789530855.316582918,-0.000001969,0.000018806,0.000016675,1.000000000,0.000007487,0.000016477,-0.000014671
1789530855.349931240,0.000002343,0.000013155,0.000016844,1.000000000,0.000001041,0.000014103,-0.000009325
1789530855.383278131,0.000006333,0.000018782,0.000017575,1.000000000,0.000005562,0.000010686,-0.000012178
1789530855.416626215,0.000001241,0.000029574,0.000013073,1.000000000,0.000017482,0.000008341,-0.000024954
1789530855.449974298,0.000006475,0.000019616,0.000015867,1.000000000,0.000008518,0.000006047,-0.000014282
1789530855.483322382,0.000002712,0.000017192,0.000014903,1.000000000,0.000005253,0.000010687,-0.000012851
1789530855.516669273,-0.000007248,0.000041561,-0.000000735,1.000000000,0.000027529,0.000010308,-0.000035794
1789530855.550017118,-0.000001249,0.000019290,0.000012575,1.000000000,0.000008440,0.000010379,-0.000019335
1789530855.583364964,0.000002944,0.000015922,0.000012293,1.000000000,0.000006978,0.000007093,-0.000009462
1789530855.616712809,0.000002284,0.000017542,0.000015745,1.000000000,0.000006714,0.000011966,-0.000012325
1789530855.650059700,0.000004073,0.000015173,0.000019835,1.000000000,0.000000891,0.000014633,-0.000010943
1789530855.683407784,0.000001305,0.000031407,0.000013388,1.000000000,0.000020330,0.000008059,-0.000023231
1789530855.716755390,-0.000000027,0.000042036,0.000008818,1.000000000,0.000031609,0.000006786,-0.000030633
1789530855.750102282,0.000008899,0.000018205,0.000013914,1.000000000,0.000005075,0.000003302,-0.000011232
1789530855.783449888,0.000001520,0.000017864,0.000015477,1.000000000,0.000003421,0.000014379,-0.000013154
1789530855.816797495,0.000007579,0.000019241,0.000016746,1.000000000,0.000004466,0.000007742,-0.000014783
1789530855.850145340,0.000009024,0.000017368,0.000016927,1.000000000,0.000000962,0.000009105,-0.000009303
1789530855.883491993,-0.000002344,0.000030193,0.000017137,1.000000000,0.000018841,0.000013676,-0.000025879
1789530855.916839600,-0.000003779,0.000036110,0.000009384,1.000000000,0.000029617,0.000008753,-0.000024668
1789530855.950187206,0.000002305,0.000021616,0.000017775,1.000000000,0.000011415,0.000012007,-0.000015878
1789530855.983534575,0.000003142,0.000018076,0.000015249,1.000000000,0.000004780,0.000009249,-0.000011665
1789530856.016881466,0.000003185,0.000012247,0.000016846,1.000000000,-0.000003126,0.000016708,-0.000009596
1789530856.050228834,0.000001143,0.000021926,0.000012320,1.000000000,0.000012204,0.000007148,-0.000015559
1789530856.083576202,-0.000003282,0.000025458,0.000011974,1.000000000,0.000013971,0.000011358,-0.000026075
1789530856.116922617,0.000001057,0.000040975,0.000016659,1.000000000,0.000029763,0.000011460,-0.000028478
1789530856.150269985,-0.000005039,0.000032215,0.000006990,1.000000000,0.000022886,0.000010745,-0.000021680
1789530856.183617353,-0.000000166,0.000012114,0.000012591,1.000000000,-0.000000625,0.000011879,-0.000011594
1789530856.216964960,-0.000003568,0.000037078,0.000004951,1.000000000,0.000027469,0.000009340,-0.000025364
1789530856.250311136,-0.000001137,0.000015780,0.000015946,1.000000000,0.000003342,0.000013762,-0.000015369
1789530856.283658504,-0.000001319,0.000046345,0.000010784,1.000000000,0.000039912,0.000008129,-0.000028866
1789530856.317005634,-0.000003098,0.000021535,0.000013763,1.000000000,0.000012004,0.000013206,-0.000019481
1789530856.350356102,-0.000001948,0.000037701,0.000007595,1.000000000,0.000023478,0.000006971,-0.000033409
1789530856.383707523,-0.000002792,0.000041795,0.000006947,1.000000000,0.000030482,0.000010685,-0.000026193
1789530856.417058945,0.000002444,0.000014661,0.000010863,1.000000000,0.000004677,0.000007160,-0.000011757
1789530856.450410366,0.000005276,0.000021788,0.000014173,1.000000000,0.000010418,0.000007766,-0.000014936
1789530856.483760834,-0.000001921,0.000034858,0.000007948,1.000000000,0.000025116,0.000005658,-0.000034443
1789530856.517112017,0.000001379,0.000012274,0.000009350,1.000000000,0.000001624,0.000006874,-0.000011403
1789530856.550463438,0.000003289,0.000011233,0.000007120,1.000000000,0.000002315,0.000003088,-0.000009455
1789530856.583814621,0.000005870,0.000018366,0.000020720,1.000000000,0.000002283,0.000013322,-0.000011553
1789530856.617165089,0.000009189,0.000016460,0.000018687,1.000000000,-0.000000981,0.000011177,-0.000009707
1789530856.650516272,0.000000857,0.000013000,0.000017985,1.000000000,-0.000002203,0.000018628,-0.000009958
1789530856.683867693,-0.000003874,0.000027417,0.000005860,1.000000000,0.000015460,0.000007527,-0.000028411
1789530856.717217922,-0.000003766,0.000026276,0.000013405,1.000000000,0.000021504,0.000010174,-0.000021515
1789530856.750569344,-0.000002172,0.000030185,0.000009962,1.000000000,0.000020717,0.000005372,-0.000028756
1789530856.783920765,-0.000006323,0.000041915,0.000002857,1.000000000,0.000029581,0.000007238,-0.000039754
1789530856.817271948,0.000002384,0.000037524,0.000019103,1.000000000,0.000024856,0.000011810,-0.000022333
1789530856.850622416,0.000003727,0.000042200,0.000014166,1.000000000,0.000030886,0.000006870,-0.000027991
1789530856.883973598,-0.000005747,0.000037172,0.000017073,1.000000000,0.000023852,0.000020137,-0.000026244
1789530856.917324781,-0.000005789,0.000032642,0.000003737,1.000000000,0.000017739,0.000011230,-0.000023663
1789530856.950675964,0.000006451,0.000013280,0.000014007,1.000000000,-0.000000906,0.000008931,-0.000011426
1789530856.984026432,-0.000004852,0.000037521,0.000011034,1.000000000,0.000025860,0.000014004,-0.000026333
1789530857.017377377,-0.000001164,0.000020325,0.000011590,1.000000000,0.000009772,0.000010468,-0.000019002
1789530857.050728798,-0.000005017,0.000046897,-0.000007247,1.000000000,0.000035881,0.000000615,-0.000048118
1789530857.084078789,-0.000000804,0.000013869,0.000010220,1.000000000,0.000003473,0.000009265,-0.000014040
1789530857.117430210,-0.000000975,0.000020837,0.000017604,1.000000000,0.000008464,0.000015628,-0.000020015
1789530857.150781155,-0.000004333,0.000022931,0.000013387,1.000000000,0.000008958,0.000013292,-0.000025643
1789530857.184132576,-0.000001260,0.000040867,0.000007601,1.000000000,0.000031788,0.000007491,-0.000031062
1789530857.217482567,0.000000215,0.000028112,0.000017544,1.000000000,0.000017562,0.000012221,-0.000021997
1789530857.250833750,0.000006772,0.000017767,0.000015798,1.000000000,0.000005811,0.000009532,-0.000012353
1789530857.284185171,-0.000003428,0.000037046,0.000003229,1.000000000,0.000029737,0.000003729,-0.000031996
1789530857.317536116,-0.000001446,0.000035654,0.000014215,1.000000000,0.000026729,0.000011468,-0.000026443
1789530857.350883961,0.000001210,0.000014312,0.000011082,1.000000000,0.000003479,0.000010442,-0.000011255
1789530857.384233236,0.000001074,0.000027288,0.000015112,1.000000000,0.000016407,0.000008019,-0.000024450
1789530857.417582035,-0.000001069,0.000013607,0.000012015,1.000000000,0.000004409,0.000009099,-0.000011843
1789530857.450929880,0.000006064,0.000020735,0.000018638,1.000000000,0.000006420,0.000011115,-0.000015009
1789530857.484278917,0.000002468,0.000022620,0.000016356,1.000000000,0.000011525,0.000010953,-0.000018174
1789530857.517627478,-0.000004012,0.000035681,0.000002088,1.000000000,0.000023368,0.000009206,-0.000030735
1789530857.550976276,0.000002397,0.000024105,0.000014545,1.000000000,0.000014920,0.000009067,-0.000017651
1789530857.584324121,-0.000001471,0.000018895,0.000013464,1.000000000,0.000006552,0.000014278,-0.000015489
1789530857.617672920,0.000004220,0.000015249,0.000019215,1.000000000,-0.000001257,0.000015138,-0.000014164
1789530857.651021719,-0.000000750,0.000036766,0.000010012,1.000000000,0.000027060,0.000008096,-0.000021359
1789530857.684369326,-0.000001352,0.000026189,0.000006897,1.000000000,0.000020877,0.000005670,-0.000024680
1789530857.717718124,-0.000002529,0.000041207,0.000004330,1.000000000,0.000031028,0.000006226,-0.000030025
1789530857.751066923,-0.000004113,0.000037849,0.000009787,1.000000000,0.000026364,0.000010077,-0.000031710
1789530857.784415483,0.000004000,0.000038168,0.000015487,1.000000000,0.000030208,0.000005913,-0.000024261
1789530857.817763090,-0.000003795,0.000028957,0.000013969,1.000000000,0.000017664,0.000011624,-0.000025279
1789530857.851111889,0.000004281,0.000009622,0.000013815,1.000000000,-0.000007427,0.000009770,-0.000008082
1789530857.884460449,-0.000008041,0.000042695,0.000001674,1.000000000,0.000038018,0.000006921,-0.000039500
1789530857.917808771,0.000007379,0.000019548,0.000018195,1.000000000,0.000004916,0.000010733,-0.000010247
1789530857.951156378,0.000000929,0.000013631,0.000005811,1.000000000,0.000005085,0.000002973,-0.000016091
1789530857.984505177,0.000002516,0.000015379,0.000018900,1.000000000,0.000003300,0.000012163,-0.000013284
1789530858.017853498,0.000002489,0.000014772,0.000008378,1.000000000,0.000006037,0.000006559,-0.000011115
1789530858.051200867,-0.000001531,0.000033316,0.000007447,1.000000000,0.000024684,0.000006768,-0.000025680
1789530858.084549665,0.000007119,0.000012063,0.000007663,1.000000000,-0.000003493,0.000001948,-0.000012047
1789530858.117897987,0.000006395,0.000021795,0.000015052,1.000000000,0.000009803,0.000006033,-0.000014849
1789530858.151246309,-0.000001512,0.000040871,0.000005574,1.000000000,0.000032538,0.000003910,-0.000029767
1789530858.184593678,-0.000002835,0.000031417,0.000003933,1.000000000,0.000022928,0.000005990,-0.000024154
1789530858.217942238,0.000001703,0.000037679,0.000006345,1.000000000,0.000020225,0.000003147,-0.000046607
1789530858.251290560,-0.000000287,0.000018683,0.000013727,1.000000000,0.000007879,0.000012275,-0.000013655
1789530858.284638882,-0.000002555,0.000018993,0.000019974,1.000000000,0.000006888,0.000017041,-0.000017190
1789530858.317986250,0.000004608,0.000035671,0.000014226,1.000000000,0.000028096,0.000002628,-0.000019492
1789530858.351334572,0.000007589,0.000016105,0.000015879,1.000000000,-0.000000312,0.000010971,-0.000010821
1789530858.384682894,-0.000001338,0.000043013,0.000015069,1.000000000,0.000028813,0.000014083,-0.000032185
1789530858.418030262,0.000002061,0.000038790,0.000008121,1.000000000,0.000031973,0.000001784,-0.000026339
1789530858.451378345,0.000002766,0.000032606,0.000014342,1.000000000,0.000022219,0.000009290,-0.000022270
1789530858.484726906,0.000006903,0.000017624,0.000018082,1.000000000,-0.000000925,0.000010958,-0.000015036
1789530858.518074989,0.000004826,0.000023159,0.000010917,1.000000000,0.000012862,0.000005308,-0.000017135
1789530858.551422119,0.000004806,0.000017575,0.000017651,1.000000000,0.000000905,0.000015584,-0.000013595
1789530858.584770203,0.000008728,0.000020325,0.000018046,1.000000000,0.000003968,0.000010803,-0.000012121
1789530858.618118525,0.000001621,0.000043374,0.000014756,1.000000000,0.000032095,0.000010949,-0.000027929
1789530858.651466608,0.000002630,0.000038185,0.000008565,1.000000000,0.000031768,-0.000000270,-0.000021270
1789530858.684813738,0.000002751,0.000017014,0.000016462,1.000000000,0.000000854,0.000016626,-0.000011793
1789530858.718161821,-0.000001120,0.000046744,0.000013522,1.000000000,0.000032737,0.000011171,-0.000037222
1789530858.751509905,-0.000003694,0.000014903,0.000007087,1.000000000,0.000005414,0.000008502,-0.000021038
1789530858.784857035,0.000001143,0.000014097,0.000011523,1.000000000,0.000005048,0.000007016,-0.000013483
1789530858.818204880,0.000004747,0.000016142,0.000018192,1.000000000,0.000002147,0.000012530,-0.000013967
1789530858.851552963,0.000006669,0.000015858,0.000011678,1.000000000,0.000002204,0.000004662,-0.000009581
1789530858.884900808,-0.000014212,0.000060298,-0.000005481,1.000000000,0.000047746,0.000011953,-0.000047968
1789530858.918247700,0.000001063,0.000021745,0.000015643,1.000000000,0.000012895,0.000009573,-0.000016545
1789530858.951595783,-0.000003397,0.000034096,0.000005997,1.000000000,0.000025555,0.000007347,-0.000025721
1789530858.984943628,0.000005869,0.000014350,0.000016742,1.000000000,-0.000002627,0.000012197,-0.000010420
1789530859.018290520,0.000002933,0.000036173,0.000015892,1.000000000,0.000027127,0.000009457,-0.000019704
1789530859.051638365,0.000002347,0.000015674,0.000016581,1.000000000,0.000002143,0.000010963,-0.000012588
1789530859.084985971,-0.000002307,0.000035488,0.000016519,1.000000000,0.000023785,0.000014191,-0.000028434
1789530859.118334055,-0.000003212,0.000022973,0.000008514,1.000000000,0.000017242,0.000007782,-0.000021660
1789530859.151680708,-0.000000247,0.000020460,0.000013423,1.000000000,0.000008867,0.000011966,-0.000018696
1789530859.185028553,-0.000002402,0.000059925,0.000004967,1.000000000,0.000048193,0.000002217,-0.000050736
1789530859.218376160,0.000005031,0.000019401,0.000014582,1.000000000,0.000004639,0.000009916,-0.000016477
1789530859.251723766,-0.000000588,0.000027757,0.000005794,1.000000000,0.000019375,0.000003025,-0.000024430
1789530859.285070658,0.000004550,0.000019078,0.000011980,1.000000000,0.000009488,0.000005659,-0.000011292
1789530859.318418264,-0.000001119,0.000011990,0.000010991,1.000000000,0.000002717,0.000008139,-0.000011865
1789530859.351767302,0.000000863,0.000028644,0.000016940,1.000000000,0.000019224,0.000009613,-0.000016433
1789530859.385115385,0.000001588,0.000011747,0.000013492,1.000000000,-0.000001129,0.000008380,-0.000009363
1789530859.418464422,0.000002926,0.000022536,0.000011498,1.000000000,0.000013824,0.000005778,-0.000015149
1789530859.451813459,-0.000001881,0.000020965,0.000014443,1.000000000,0.000009121,0.000011755,-0.000022127
1789530859.485162258,0.000003476,0.000016773,0.000017699,1.000000000,0.000004633,0.000013738,-0.000011432
1789530859.518510580,0.000001612,0.000039347,0.000012743,1.000000000,0.000030620,0.000008609,-0.000024980
1789530859.551859379,-0.000003634,0.000039004,0.000013455,1.000000000,0.000029253,0.000014209,-0.000024606
1789530859.585208178,0.000002047,0.000016974,0.000015537,1.000000000,0.000004108,0.000010767,-0.000010413
1789530859.618557215,0.000002999,0.000014020,0.000009481,1.000000000,0.000008022,0.000002433,-0.000010294
1789530859.651905060,0.000000055,0.000029186,0.000003511,1.000000000,0.000023638,0.000002177,-0.000018364
1789530859.685253859,-0.000001014,0.000010998,0.000013797,1.000000000,0.000000125,0.000011134,-0.000015499
1789530859.718602896,0.000002124,0.000013849,0.000012792,1.000000000,0.000002070,0.000008745,-0.000010847
1789530859.751950741,0.000006055,0.000022923,0.000018427,1.000000000,0.000007058,0.000012567,-0.000017812
1789530859.785299301,-0.000002390,0.000016659,0.000012088,1.000000000,0.000005945,0.000008658,-0.000020554
1789530859.818648100,-0.000002508,0.000028295,0.000010359,1.000000000,0.000020184,0.000006225,-0.000028471
1789530859.851996899,-0.000000404,0.000015952,0.000019130,1.000000000,0.000002032,0.000014173,-0.000012381
1789530859.885344744,-0.000002665,0.000026704,0.000012405,1.000000000,0.000014730,0.000011817,-0.000025821
1789530859.918693304,-0.000002419,0.000028233,0.000013272,1.000000000,0.000017302,0.000013202,-0.000022495
1789530859.952042103,0.000003059,0.000025411,0.000013989,1.000000000,0.000013438,0.000009671,-0.000020554
1789530859.985390663,0.000000483,0.000035317,0.000004956,1.000000000,0.000029512,0.000003243,-0.000024575
1789530860.018738270,-0.000000233,0.000034861,0.000005379,1.000000000,0.000026800,0.000004762,-0.000026019
1789530860.052086830,0.000001666,0.000018786,0.000018238,1.000000000,0.000008310,0.000013050,-0.000012070
1789530860.085435629,-0.000003468,0.000021231,0.000019187,1.000000000,0.000010091,0.000019647,-0.000016344
1789530860.118783236,0.000012306,0.000017488,0.000019947,1.000000000,-0.000001595,0.000006496,-0.000012028
1789530860.152131796,0.000003088,0.000012599,0.000012360,1.000000000,-0.000000645,0.000007291,-0.000012475
1789530860.185480118,-0.000003463,0.000018391,0.000014143,1.000000000,0.000007789,0.000012782,-0.000021357
1789530860.218828917,-0.000001915,0.000032541,0.000015609,1.000000000,0.000020783,0.000013740,-0.000031282
1789530860.252176285,0.000002259,0.000023970,0.000011321,1.000000000,0.000014722,0.000005036,-0.000021298
1789530860.285524845,0.000002987,0.000037031,0.000019368,1.000000000,0.000028305,0.000009640,-0.000019931
1789530860.318873405,0.000001538,0.000015799,0.000014608,1.000000000,0.000005320,0.000011350,-0.000013504
1789530860.352221012,-0.000002656,0.000032077,0.000009000,1.000000000,0.000021647,0.000009974,-0.000022900
1789530860.385569811,-0.000005499,0.000029030,0.000005451,1.000000000,0.000019385,0.000008958,-0.000023178
1789530860.418918371,0.000000413,0.000035182,0.000012224,1.000000000,0.000021178,0.000007236,-0.000029485
1789530860.452267170,0.000002080,0.000014582,0.000011717,1.000000000,0.000006566,0.000004627,-0.000010531
1789530860.485614777,0.000001823,0.000014886,0.000015801,1.000000000,0.000006037,0.000006932,-0.000010873
1789530860.518963337,0.000000592,0.000023405,0.000016791,1.000000000,0.000013091,0.000012151,-0.000016118
1789530860.552312374,-0.000003096,0.000021985,0.000007340,1.000000000,0.000013083,0.000006537,-0.000023860
1789530860.585660696,-0.000002391,0.000018746,0.000003761,1.000000000,0.000010693,0.000005361,-0.000018037
1789530860.619008303,-0.000000303,0.000010530,0.000011107,1.000000000,0.000001090,0.000009064,-0.000009277
1789530860.652356863,0.000010199,0.000017451,0.000017262,1.000000000,-0.000000256,0.000007517,-0.000013808
1789530860.685705662,-0.000005178,0.000047739,0.000010589,1.000000000,0.000036348,0.000013761,-0.000031322
1789530860.719053030,0.000003991,0.000013723,0.000017479,1.000000000,-0.000002758,0.000014119,-0.000008754
1789530860.752401590,0.000000731,0.000007976,0.000013744,1.000000000,-0.000008647,0.000013176,-0.000013491
1789530860.785750151,0.000003590,0.000013126,0.000013228,1.000000000,0.000002745,0.000007529,-0.000009294
1789530860.819098711,-0.000003054,0.000023649,0.000011101,1.000000000,0.000014472,0.000011029,-0.000022714
1789530860.852446079,0.000002018,0.000028524,0.000023168,1.000000000,0.000015046,0.000015792,-0.000024224
1789530860.885794640,-0.000002642,0.000039938,0.000008171,1.000000000,0.000034697,0.000006722,-0.000035385
1789530860.919142962,0.000004399,0.000016013,0.000014957,1.000000000,0.000004197,0.000011155,-0.000013823
1789530860.952491522,-0.000000929,0.000019513,0.000014207,1.000000000,0.000006169,0.000012432,-0.000018147
1789530860.985838890,-0.000002272,0.000036576,0.000005617,1.000000000,0.000032057,0.000005941,-0.000026871
1789530861.019187212,-0.000002630,0.000030714,0.000007399,1.000000000,0.000021210,0.000007439,-0.000023900
1789530861.052535534,0.000003349,0.000011076,0.000017466,1.000000000,-0.000007315,0.000016832,-0.000011897
1789530861.085883141,0.000003344,0.000025466,0.000012623,1.000000000,0.000016124,0.000008645,-0.000019657
1789530861.119231462,0.000005604,0.000022710,0.000020481,1.000000000,0.000009704,0.000014788,-0.000015028
1789530861.152579784,0.000005024,0.000020267,0.000019522,1.000000000,0.000006748,0.000012327,-0.000016478
1789530861.185927868,-0.000006333,0.000038590,0.000010539,1.000000000,0.000028218,0.000015169,-0.000029694
1789530861.219275475,-0.000001747,0.000014397,0.000012904,1.000000000,0.000003609,0.000013085,-0.000016617
1789530861.252623558,-0.000001222,0.000011727,0.000010878,1.000000000,0.000003249,0.000008501,-0.000011316
1789530861.285971880,-0.000006501,0.000068153,-0.000000925,1.000000000,0.000064888,0.000003808,-0.000043359
1789530861.319319963,0.000006846,0.000015850,0.000011064,1.000000000,0.000002390,0.000003738,-0.000011488
1789530861.352671146,0.000000858,0.000018519,0.000011247,1.000000000,0.000007275,0.000007029,-0.000019742
1789530861.386023283,0.000001458,0.000021842,0.000018674,1.000000000,0.000010650,0.000011889,-0.000016696
1789530861.419375181,-0.000002427,0.000028858,0.000007476,1.000000000,0.000022745,0.000007090,-0.000029243
1789530861.452726603,0.000000468,0.000033492,0.000010452,1.000000000,0.000025303,0.000006034,-0.000021760
1789530861.486078501,0.000000253,0.000015932,0.000010659,1.000000000,0.000008257,0.000005623,-0.000014848
1789530861.519430637,-0.000002787,0.000033068,0.000015328,1.000000000,0.000022064,0.000013673,-0.000025255
1789530861.552783012,-0.000002480,0.000011042,0.000007158,1.000000000,0.000002685,0.000007865,-0.000013182
1789530861.586134195,-0.000000399,0.000021159,0.000018464,1.000000000,0.000008820,0.000012898,-0.000021202
1789530861.619486332,0.000008285,0.000021888,0.000017054,1.000000000,0.000009933,0.000005818,-0.000010163
1789530861.652838707,-0.000000701,0.000018763,0.000007605,1.000000000,0.000012430,0.000003979,-0.000017326
1789530861.686189890,-0.000000359,0.000018373,0.000010246,1.000000000,0.000009632,0.000007556,-0.000019639
1789530861.719542265,0.000002558,0.000016501,0.000015274,1.000000000,0.000007816,0.000006834,-0.000014204
1789530861.752894878,-0.000002354,0.000017352,0.000013342,1.000000000,0.000007799,0.000010670,-0.000020627
1789530861.786247015,-0.000000883,0.000014206,0.000012367,1.000000000,0.000007404,0.000005516,-0.000014983
1789530861.819598436,-0.000000982,0.000034174,0.000010599,1.000000000,0.000025140,0.000006287,-0.000025447
1789530861.852950811,-0.000002205,0.000025736,0.000017679,1.000000000,0.000016614,0.000013644,-0.000019368
1789530861.886303425,-0.000000520,0.000027310,0.000010655,1.000000000,0.000019577,0.000007920,-0.000012010
1789530861.919655800,0.000002070,0.000050114,0.000018351,1.000000000,0.000044857,0.000007580,-0.000028176
1789530861.953007221,-0.000000044,0.000016443,0.000014591,1.000000000,0.000009048,0.000007807,-0.000018204
1789530861.986359835,-0.000003345,0.000038249,0.000006461,1.000000000,0.000037279,0.000005290,-0.000036609
1789530862.019712448,0.000003181,0.000015838,0.000015324,1.000000000,0.000002713,0.000009508,-0.000011488
1789530862.053063869,0.000002883,0.000016989,0.000018460,1.000000000,0.000004265,0.000010469,-0.000011796
1789530862.086416721,-0.000005214,0.000032420,0.000010728,1.000000000,0.000028090,0.000008918,-0.000025642
1789530862.119769335,0.000003592,0.000015480,0.000011822,1.000000000,0.000008355,0.000002932,-0.000008171
1789530862.153122187,-0.000001424,0.000024193,0.000005684,1.000000000,0.000017939,0.000005082,-0.000019214
1789530862.186473608,-0.000001049,0.000036186,0.000011458,1.000000000,0.000030978,0.000005655,-0.000024993
1789530862.219826460,-0.000002241,0.000012258,0.000012416,1.000000000,0.000004635,0.000007693,-0.000014362
1789530862.253179312,0.000000251,0.000023705,0.000004535,1.000000000,0.000011688,0.000002634,-0.000026582
1789530862.286531925,-0.000004849,0.000014702,0.000014529,1.000000000,0.000002995,0.000014306,-0.000013966
1789530862.319883823,-0.000007178,0.000039606,0.000003004,1.000000000,0.000032155,0.000008111,-0.000024585
1789530862.353233814,0.000000391,0.000027362,0.000020934,1.000000000,0.000010772,0.000014570,-0.000021205
1789530862.386584044,0.000000478,0.000016760,0.000014330,1.000000000,0.000008300,0.000007515,-0.000015832
1789530862.419933081,-0.000002337,0.000022279,0.000014948,1.000000000,0.000011225,0.000010971,-0.000022896
1789530862.453283310,-0.000001739,0.000026451,0.000015745,1.000000000,0.000016013,0.000010348,-0.000022167
1789530862.486633062,0.000004710,0.000015286,0.000014519,1.000000000,0.000001378,0.000007955,-0.000008324
1789530862.519983053,-0.000003280,0.000024146,0.000014553,1.000000000,0.000016547,0.000010607,-0.000024832
1789530862.553332329,-0.000002422,0.000012585,0.000009864,1.000000000,0.000006414,0.000006712,-0.000014093
1789530862.586682320,0.000006148,0.000009853,0.000017630,1.000000000,-0.000007017,0.000006993,-0.000006695
1789530862.620032310,0.000000395,0.000016307,0.000016645,1.000000000,0.000007462,0.000007914,-0.000013939
1789530862.653382301,0.000000736,0.000019946,0.000015085,1.000000000,0.000009560,0.000009824,-0.000018032
1789530862.686731339,0.000000619,0.000012721,0.000014671,1.000000000,0.000001954,0.000008424,-0.000013217
1789530862.720081329,-0.000002415,0.000037808,0.000008373,1.000000000,0.000028405,0.000007550,-0.000028570
1789530862.753431320,0.000000086,0.000014858,0.000016063,1.000000000,0.000002934,0.000010537,-0.000011951
1789530862.786780357,0.000005818,0.000015257,0.000018331,1.000000000,-0.000003986,0.000010524,-0.000009439
1789530862.820130348,-0.000005741,0.000029368,0.000007679,1.000000000,0.000021348,0.000008919,-0.000028047
1789530862.853480339,-0.000006611,0.000030913,0.000012048,1.000000000,0.000022305,0.000014600,-0.000028089
1789530862.886830330,0.000001402,0.000024844,0.000005332,1.000000000,0.000016565,0.000001374,-0.000025234
1789530862.920179129,-0.000001240,0.000016852,0.000009247,1.000000000,0.000010268,0.000006094,-0.000015817
1789530862.953529119,-0.000000377,0.000013124,0.000011451,1.000000000,0.000005393,0.000006494,-0.000016546
1789530862.986879110,-0.000004116,0.000031699,0.000006925,1.000000000,0.000025498,0.000006665,-0.000022696
1789530863.020227909,0.000000528,0.000012106,0.000013963,1.000000000,0.000001887,0.000007934,-0.000013844
1789530863.053577900,-0.000002107,0.000026431,0.000015672,1.000000000,0.000012942,0.000013065,-0.000025549
1789530863.086927891,0.000002991,0.000015517,0.000015296,1.000000000,0.000004082,0.000007516,-0.000008833
1789530863.120277882,0.000007604,0.000025011,0.000020983,1.000000000,0.000008218,0.000008355,-0.000015321
1789530863.153626680,-0.000000223,0.000010948,0.000017088,1.000000000,-0.000004071,0.000013119,-0.000010458
1789530863.186976671,-0.000000070,0.000029817,0.000017065,1.000000000,0.000018065,0.000010424,-0.000024218
1789530863.220326424,0.000000469,0.000027365,0.000012098,1.000000000,0.000018207,0.000006175,-0.000026069
1789530863.253676176,-0.000002034,0.000010499,0.000012594,1.000000000,-0.000000964,0.000011704,-0.000009705
1789530863.287025213,-0.000003976,0.000038680,0.000005456,1.000000000,0.000033947,0.000006229,-0.000021106
1789530863.320374966,0.000004118,0.000012580,0.000012980,1.000000000,-0.000001846,0.000007318,-0.000008624
1789530863.353722572,-0.000003764,0.000028094,0.000006166,1.000000000,0.000019749,0.000008062,-0.000026003
1789530863.387068987,-0.000002699,0.000014001,0.000008880,1.000000000,0.000007143,0.000007154,-0.000016671
1789530863.420416832,-0.000002008,0.000018551,0.000015078,1.000000000,0.000008929,0.000009772,-0.000021404
1789530863.453764200,-0.000005300,0.000043931,0.000007877,1.000000000,0.000038003,0.000008479,-0.000027980
1789530863.487111568,-0.000000530,0.000013692,0.000007861,1.000000000,0.000005701,0.000004559,-0.000014472
1789530863.520457983,-0.000008551,0.000038816,0.000007702,1.000000000,0.000033192,0.000010273,-0.000025010
1789530863.553805351,0.000001847,0.000013581,0.000008246,1.000000000,0.000008130,0.000001540,-0.000012391
1789530863.587152719,0.000001282,0.000022737,0.000006548,1.000000000,0.000016013,0.000001024,-0.000019351
1789530863.620500326,-0.000004368,0.000021494,0.000010821,1.000000000,0.000011554,0.000010265,-0.000018887
1789530863.653846741,-0.000000187,0.000013598,0.000010880,1.000000000,0.000006186,0.000006033,-0.000013990
1789530863.687194109,-0.000001125,0.000011657,0.000017702,1.000000000,-0.000001084,0.000012736,-0.000012558
1789530863.720541477,-0.000004044,0.000013391,0.000015675,1.000000000,0.000003991,0.000013526,-0.000014756
1789530863.753887653,0.000000059,0.000035909,0.000004986,1.000000000,0.000034072,0.000000486,-0.000030590
1789530863.787235022,-0.000003378,0.000017747,0.000007814,1.000000000,0.000011353,0.000007932,-0.000017310
1789530863.820582390,-0.000003907,0.000031914,0.000011724,1.000000000,0.000021337,0.000010604,-0.000026853
1789530863.853929758,-0.000003248,0.000017653,0.000010211,1.000000000,0.000013375,0.000006942,-0.000016623
1789530863.887275934,-0.000002590,0.000028174,0.000011093,1.000000000,0.000017149,0.000008725,-0.000028883
1789530863.920623302,-0.000001601,0.000021578,0.000015926,1.000000000,0.000010207,0.000010414,-0.000019818
1789530863.953970432,0.000000113,0.000016444,0.000006792,1.000000000,0.000009776,0.000003929,-0.000016745
1789530863.987317562,-0.000002754,0.000016907,0.000011106,1.000000000,0.000012900,0.000007406,-0.000016807
1789530864.020663738,-0.000001280,0.000021569,0.000012102,1.000000000,0.000015379,0.000005991,-0.000022314
1789530864.054010868,0.000002400,0.000012159,0.000012786,1.000000000,0.000002216,0.000007271,-0.000012482
1789530864.087358236,-0.000001958,0.000027356,0.000008324,1.000000000,0.000022806,0.000004914,-0.000021027
1789530864.120704412,-0.000003944,0.000023307,0.000012567,1.000000000,0.000013524,0.000010621,-0.000022736
1789530864.154051542,-0.000003164,0.000012233,0.000007920,1.000000000,0.000005918,0.000008050,-0.000014725
1789530864.187398672,-0.000000609,0.000035860,0.000005689,1.000000000,0.000028220,0.000002468,-0.000024380
1789530864.220745564,-0.000002156,0.000010518,0.000013166,1.000000000,0.000003684,0.000009197,-0.000014777
1789530864.254091740,-0.000002420,0.000006604,0.000008667,1.000000000,0.000000801,0.000007447,-0.000009312
1789530864.287438869,-0.000000003,0.000009842,0.000013050,1.000000000,0.000001348,0.000007762,-0.000010235
1789530864.320785999,0.000001386,0.000014343,0.000013551,1.000000000,0.000005375,0.000007334,-0.000013350
1789530864.354133844,0.000000149,0.000009196,0.000009977,1.000000000,0.000000991,0.000006250,-0.000010209
1789530864.387482405,-0.000002583,0.000010189,0.000013994,1.000000000,0.000001209,0.000011233,-0.000016307
1789530864.420831203,-0.000001918,0.000009814,0.000015383,1.000000000,-0.000001573,0.000009277,-0.000013819
1789530864.454180002,0.000002599,0.000022962,0.000004918,1.000000000,0.000016382,0.000000269,-0.000016653
1789530864.487527847,-0.000000795,0.000036675,0.000009129,1.000000000,0.000034965,0.000005418,-0.000024338
1789530864.520876408,-0.000000003,0.000026567,0.000008429,1.000000000,0.000022382,0.000004466,-0.000018600
1789530864.554225206,0.000001788,0.000017949,0.000017630,1.000000000,0.000005217,0.000011035,-0.000013357
1789530864.587574005,-0.000009071,0.000038848,0.000005722,1.000000000,0.000032076,0.000013190,-0.000027919
1789530864.620921612,0.000002043,0.000018472,0.000015931,1.000000000,0.000010050,0.000007287,-0.000017843
1789530864.654270172,0.000000035,0.000010914,0.000005645,1.000000000,0.000007281,0.000002838,-0.000008212
1789530864.687618971,-0.000001471,0.000013633,0.000016193,1.000000000,0.000002896,0.000010339,-0.000014153
1789530864.720966578,-0.000005139,0.000049203,0.000014531,1.000000000,0.000043512,0.000012338,-0.000032956
1789530864.754315138,-0.000000648,0.000030185,0.000012091,1.000000000,0.000021748,0.000005571,-0.000025526
1789530864.787663937,-0.000001834,0.000009058,0.000008238,1.000000000,0.000002532,0.000006821,-0.000009685
1789530864.821012259,0.000000034,0.000010411,0.000008156,1.000000000,0.000005674,0.000004151,-0.000012413
1789530864.854359865,-0.000005628,0.000040673,0.000004234,1.000000000,0.000035175,0.000008261,-0.000024162
1789530864.887708426,0.000001318,0.000015566,0.000019105,1.000000000,0.000004331,0.000010483,-0.000016537
1789530864.921056986,-0.000009013,0.000053937,0.000001000,1.000000000,0.000046690,0.000010172,-0.000031364
1789530864.954405546,-0.000000632,0.000009613,0.000013630,1.000000000,0.000002186,0.000007156,-0.000011289
1789530864.987752914,-0.000004874,0.000016918,0.000012352,1.000000000,0.000007516,0.000010815,-0.000020611
1789530865.021101475,-0.000001874,0.000009270,0.000008652,1.000000000,0.000003164,0.000007035,-0.000012071
1789530865.054450035,-0.000003624,0.000026192,0.000010011,1.000000000,0.000017904,0.000008432,-0.000023449
1789530865.087797403,-0.000001820,0.000007652,0.000010801,1.000000000,0.000002471,0.000007431,-0.000010483
1789530865.121145725,-0.000007882,0.000015591,0.000017305,1.000000000,0.000004360,0.000016545,-0.000019594
1789530865.154494047,0.000003618,0.000012127,0.000013738,1.000000000,0.000003494,0.000005450,-0.000010787
1789530865.187842846,-0.000001105,0.000011678,0.000013807,1.000000000,0.000005358,0.000007344,-0.000012534
1789530865.221189976,0.000003376,0.000016462,0.000016808,1.000000000,0.000002091,0.000010478,-0.000010788
1789530865.254538298,-0.000001032,0.000021563,0.000008627,1.000000000,0.000014975,0.000005942,-0.000020544
1789530865.287886620,-0.000001164,0.000011987,0.000015201,1.000000000,0.000001577,0.000011250,-0.000012900
1789530865.321235180,-0.000002820,0.000033930,0.000003784,1.000000000,0.000029297,0.000005144,-0.000019587
1789530865.354583502,-0.000003962,0.000044893,0.000005981,1.000000000,0.000043185,0.000006925,-0.000021951
1789530865.387932777,-0.000003621,0.000022896,0.000018313,1.000000000,0.000011629,0.000014789,-0.000024778
1789530865.421282530,-0.000002651,0.000017600,0.000012862,1.000000000,0.000009404,0.000009050,-0.000019863
1789530865.454630852,0.000002832,0.000026552,0.000014895,1.000000000,0.000017822,0.000005366,-0.000020556
1789530865.487980127,0.000000654,0.000010497,0.000010934,1.000000000,0.000004809,0.000005460,-0.000011182
1789530865.521329641,-0.000001424,0.000018557,0.000015611,1.000000000,0.000006817,0.000012003,-0.000019177
1789530865.554678917,-0.000000436,0.000014846,0.000009919,1.000000000,0.000006855,0.000006737,-0.000013425
1789530865.588027239,-0.000003612,0.000042538,0.000002969,1.000000000,0.000037309,0.000005965,-0.000030817
1789530865.621376991,-0.000005671,0.000028812,0.000006690,1.000000000,0.000028675,0.000009200,-0.000034080
1789530865.654726267,0.000000276,0.000022376,0.000007003,1.000000000,0.000013573,0.000003251,-0.000018294
1789530865.688074589,-0.000002959,0.000025119,0.000006919,1.000000000,0.000017521,0.000006984,-0.000021839
1789530865.721424103,-0.000001054,0.000013027,0.000015388,1.000000000,0.000007069,0.000006318,-0.000012328
1789530865.754773378,0.000000042,0.000019803,0.000008370,1.000000000,0.000013054,0.000004205,-0.000018373
1789530865.788123131,-0.000004844,0.000041186,0.000007307,1.000000000,0.000035382,0.000008288,-0.000027698
1789530865.821471453,-0.000004831,0.000050423,0.000007676,1.000000000,0.000048553,0.000007138,-0.000030848
1789530865.854820728,-0.000001305,0.000026061,0.000009691,1.000000000,0.000019247,0.000005253,-0.000024806
1789530865.888170242,-0.000001209,0.000029918,0.000006767,1.000000000,0.000021902,0.000005109,-0.000021306
1789530865.921519518,0.000001894,0.000013838,0.000011481,1.000000000,0.000008396,0.000003503,-0.000012049
1789530865.954867840,-0.000000603,0.000012093,0.000013823,1.000000000,0.000005080,0.000006994,-0.000012685
1789530865.988217592,-0.000013478,0.000069826,-0.000005150,1.000000000,0.000063021,0.000014873,-0.000034096
1789530866.021566868,-0.000001736,0.000033057,0.000011249,1.000000000,0.000027641,0.000007199,-0.000024275
1789530866.054915190,-0.000003943,0.000030383,0.000015718,1.000000000,0.000019926,0.000011600,-0.000026558
1789530866.088264704,0.000002820,0.000020518,0.000012204,1.000000000,0.000010663,0.000005633,-0.000018373
1789530866.121613979,-0.000000058,0.000011620,0.000010605,1.000000000,0.000005125,0.000005107,-0.000011619
1789530866.154963732,-0.000001742,0.000025373,0.000013112,1.000000000,0.000015072,0.000008294,-0.000025029
1789530866.188312054,0.000003695,0.000019917,0.000020344,1.000000000,0.000007273,0.000009177,-0.000015429
1789530866.221661329,0.000001388,0.000011820,0.000014925,1.000000000,-0.000000179,0.000008420,-0.000012922
1789530866.255010843,-0.000002113,0.000024960,0.000008557,1.000000000,0.000019517,0.000006934,-0.000024063
1789530866.288360357,-0.000000193,0.000037253,0.000002335,1.000000000,0.000031136,0.000000505,-0.000023060
1789530866.321708679,0.000001876,0.000012130,0.000015410,1.000000000,0.000001915,0.000007855,-0.000012357
1789530866.355058908,0.000005908,0.000017164,0.000015940,1.000000000,0.000005533,0.000005335,-0.000013572
1789530866.388408661,-0.000003081,0.000017856,0.000010340,1.000000000,0.000009195,0.000009493,-0.000021513
1789530866.421757698,-0.000003434,0.000016824,0.000019773,1.000000000,0.000006566,0.000014198,-0.000020204
1789530866.455107927,-0.000001830,0.000027621,0.000009498,1.000000000,0.000019738,0.000005790,-0.000023402
1789530866.488457680,-0.000009431,0.000044286,0.000002743,1.000000000,0.000036087,0.000013617,-0.000022960
1789530866.521807909,-0.000001710,0.000008634,0.000012978,1.000000000,-0.000000072,0.000010384,-0.000011964
1789530866.555156946,0.000003517,0.000015196,0.000014782,1.000000000,0.000004745,0.000004790,-0.000013916
1789530866.588506937,0.000003891,0.000011782,0.000009041,1.000000000,0.000003340,0.000003164,-0.000010591
1789530866.621856928,0.000002717,0.000011558,0.000012535,1.000000000,0.000002878,0.000004369,-0.000010075
1789530866.655206919,0.000000524,0.000032144,0.000009839,1.000000000,0.000023308,0.000004428,-0.000021989
1789530866.688555956,-0.000003791,0.000015900,0.000005398,1.000000000,0.000009187,0.000008471,-0.000010297
1789530866.721905947,0.000002218,0.000021752,0.000012564,1.000000000,0.000013852,0.000005569,-0.000019729
1789530866.755256176,0.000000037,0.000011865,0.000016390,1.000000000,-0.000002584,0.000012721,-0.000010494
1789530866.788604975,0.000000446,0.000023901,0.000010484,1.000000000,0.000016101,0.000005044,-0.000021580
1789530866.821954966,0.000001330,0.000010479,0.000010212,1.000000000,0.000002616,0.000005154,-0.000010151
1789530866.855305195,-0.000000246,0.000017146,0.000015939,1.000000000,0.000008837,0.000009430,-0.000014772
1789530866.888654947,0.000000543,0.000012543,0.000008583,1.000000000,0.000007682,0.000003926,-0.000012717
1789530866.922004223,0.000001407,0.000019632,0.000013366,1.000000000,0.000011353,0.000006084,-0.000018957
1789530866.955353975,0.000007817,0.000008559,0.000002798,1.000000000,0.000005180,-0.000002886,-0.000010084
1789530866.988704205,0.000087055,-0.000041152,-0.000015238,1.000000000,-0.000017280,-0.000073366,-0.000051911
1789530867.022053003,0.000010718,0.000043519,0.000001120,1.000000000,0.000046511,-0.000004447,-0.000038316
1789530867.055402994,0.000049105,0.000019737,0.000003295,1.000000000,0.000026226,-0.000038615,-0.000043457
1789530867.088753223,0.000341148,-0.000096972,0.000000265,1.000000000,-0.000073448,-0.000292913,0.000053633
1789530867.122102976,0.000356865,-0.000103879,0.000003256,0.999999940,-0.000124580,-0.000309957,0.000031419
1789530867.155452251,0.000401460,-0.000122971,0.000007232,1.000000000,-0.000135486,-0.000343509,0.000034883
1789530867.188802004,0.000498553,-0.000196022,0.000030895,0.999999940,-0.000210040,-0.000433481,0.000117583
1789530867.222151995,0.000448810,-0.000224192,0.000018739,0.999999940,-0.000210381,-0.000402300,0.000182201
1789530867.255501986,0.000594504,-0.000257387,0.000070338,0.999999523,0.000051334,-0.000570385,0.000760803
1789530867.288851023,0.000775663,-0.000138149,0.000046426,0.999998391,0.000816305,-0.000756064,0.001402690
1789530867.322201014,0.000828428,-0.000141227,0.000045495,0.999998331,0.000808920,-0.000817027,0.001443724
1789530867.355552912,0.000603007,-0.000241690,0.000083795,0.999999583,0.000028307,-0.000579411,0.000779314
1789530867.388904095,0.000821709,-0.000164011,0.000072039,0.999998450,0.000656428,-0.000814902,0.001446422
1789530867.422255993,0.000858542,-0.000148779,0.000075706,0.999998450,0.000600834,-0.000854943,0.001416491
1789530867.455608130,0.000710665,-0.000173520,0.000078603,0.999999285,0.000220237,-0.000695208,0.000981080
1789530867.488960505,0.000858924,-0.000120923,0.000063289,0.999998331,0.000753098,-0.000862419,0.001449583
1789530867.522311449,0.000801187,-0.000136113,0.000082258,0.999998569,0.000604472,-0.000799682,0.001406042
1789530867.555663586,0.000718910,-0.000184874,0.000112069,0.999999225,0.000268139,-0.000709703,0.001048284
1789530867.589015961,0.000447437,-0.000107792,0.000052032,0.999999940,-0.000042555,-0.000427792,0.000248528
1789530867.622367859,0.000664254,-0.000127055,0.000083143,0.999999285,0.000362589,-0.000663952,0.000992550
1789530867.655719280,0.000672048,-0.000107581,0.000081200,0.999999285,0.000335524,-0.000671335,0.000985104
1789530867.689071178,0.000337337,-0.000094185,0.000039772,1.000000000,-0.000058795,-0.000344656,0.000154388
1789530867.722423553,0.000600632,-0.000051283,0.000067737,0.999999583,0.000305800,-0.000608613,0.000748194
1789530867.755774975,0.000341564,-0.000061596,0.000037187,0.999999940,-0.000052139,-0.000328150,0.000093761
1789530867.789126873,0.000677408,-0.000069821,0.000062953,0.999999523,0.000284886,-0.000684466,0.000719867
1789530867.822479248,0.000566514,-0.000035376,0.000127100,0.999999404,0.000362702,-0.000585607,0.000876942
1789530867.855831623,0.000337547,-0.000031387,0.000014988,0.999999940,-0.000027420,-0.000317876,0.000069834
1789530867.889182806,0.000529459,-0.000221814,0.000137130,0.999999583,0.000145798,-0.000532055,0.000770545
1789530867.922535181,0.000337704,-0.000137912,0.000029014,0.999999940,-0.000146528,-0.000303780,0.000079391
1789530867.955887556,0.000308534,-0.000102400,0.000012345,1.000000000,-0.000115876,-0.000277387,0.000043793
1789530867.989239693,0.000272020,-0.000133431,0.000031091,1.000000000,-0.000124879,-0.000243083,0.000078884
1789530868.022591352,0.000273680,-0.000111357,0.000013872,1.000000000,-0.000136314,-0.000246254,0.000036246
1789530868.055943489,0.000284361,-0.000088094,0.000009903,1.000000000,-0.000111536,-0.000250462,0.000024581
1789530868.089295864,0.000261513,-0.000098826,0.000013417,1.000000000,-0.000108045,-0.000237481,0.000015830
1789530868.122647524,0.000206404,-0.000077517,0.000185452,0.999998987,-0.000093777,0.001413986,0.000317423
1789530868.155999660,-0.000425787,-0.000399360,0.000089149,0.999954700,-0.000185905,0.008482766,0.004324401
1789530868.189352274,-0.001288657,-0.000207169,-0.000237403,0.999901235,0.001012822,0.012992267,0.005271803
1789530868.222704649,-0.002674217,-0.000256040,-0.000220877,0.999878049,0.000094076,0.014586994,0.005583261
1789530868.256056070,-0.004274944,-0.000286468,-0.000112054,0.999814808,-0.000204042,0.018053057,0.006665361
1789530868.289408684,-0.006205028,-0.000212169,-0.000046039,0.999786377,-0.000014459,0.019451791,0.006985358
1789530868.322761059,-0.008042855,-0.000393612,-0.000057485,0.999818265,0.000144757,0.017624410,0.007262717
1789530868.356111288,-0.011247943,0.000002059,0.000519287,0.999852896,0.000999899,0.015926382,0.006292995
1789530868.389462709,-0.014303948,-0.000209820,0.000687396,0.999890029,0.000409377,0.013860429,0.005277929
1789530868.422813892,-0.017469587,-0.000447488,0.001020755,0.999925315,0.000620245,0.011381611,0.004426275
1789530868.456165075,-0.021257428,-0.001249764,0.001216696,0.999949276,-0.000295442,0.009500090,0.003351601
1789530868.489515305,-0.025123913,-0.000603546,0.002454818,0.999960601,0.000153524,0.008428928,0.002809018
1789530868.522866726,-0.028311052,-0.000785964,0.003239107,0.999966323,0.000427120,0.007749309,0.002696136
1789530868.556217909,-0.031794914,-0.000926845,0.003862585,0.999977469,0.000632304,0.006243138,0.002400313
1789530868.589569092,-0.035443521,-0.000318039,0.005144939,0.999979377,0.001097283,0.006077022,0.001782933
1789530868.622919321,-0.038878272,-0.000350785,0.005686805,0.999962389,0.001167228,0.008279968,0.002304467
1789530868.656270742,-0.041760004,-0.000788445,0.005898215,0.999939382,0.001187825,0.010278467,0.003783318
1789530868.689622164,-0.044650731,-0.001054788,0.006043861,0.999924719,0.001223634,0.011151369,0.004971071
1789530868.722972155,-0.048294205,-0.001150358,0.006630918,0.999931216,0.001198785,0.010723392,0.004608128
1789530868.756323576,-0.051439860,-0.001232085,0.007516134,0.999944568,0.001286838,0.009677278,0.003949508
1789530868.789674759,-0.054449823,-0.001626422,0.007581042,0.999953806,0.001237666,0.008405507,0.004496828
1789530868.823026180,-0.057825794,-0.001761895,0.008043955,0.999952376,0.001232676,0.008823741,0.003991575
1789530868.856376410,-0.061918993,-0.002028147,0.008536285,0.999940097,0.001088505,0.010016032,0.004274987
1789530868.889727592,-0.065883338,-0.002425766,0.009317492,0.999926031,0.000861812,0.010832663,0.005469170
1789530868.923078775,-0.069420814,-0.002730173,0.010016661,0.999921679,0.000543962,0.011415277,0.005110483
1789530868.956430197,-0.072718585,-0.002954748,0.010752735,0.999940157,-0.000283193,0.010117844,0.004150732
1789530868.989780426,-0.077441393,-0.003193275,0.011312128,0.999944031,-0.000577353,0.009511959,0.004611404
1789530869.023131847,-0.080883130,-0.003633248,0.011586480,0.999920309,-0.000518986,0.011567740,0.005044299
1789530869.056483269,-0.084314393,-0.003849701,0.012126442,0.999889612,-0.000679752,0.013669847,0.005788244
1789530869.089833260,-0.086667973,-0.004068520,0.012706732,0.999881506,-0.000572617,0.014141625,0.006058043
1789530869.123184681,-0.090157404,-0.004495789,0.013106033,0.999856293,-0.000902983,0.015610742,0.006558444
1789530869.156535864,-0.092946106,-0.004317809,0.014039742,0.999809384,-0.000644355,0.017921666,0.007720795
1789530869.189887285,-0.095057373,-0.004486258,0.014441504,0.999787211,-0.000212756,0.018888103,0.008293561
1789530869.223237514,-0.097036747,-0.004739859,0.014699218,0.999751270,-0.000322026,0.020423649,0.008957842
1789530869.256588936,-0.100816965,-0.004695482,0.015582911,0.999714971,0.000026285,0.021816956,0.009696361
1789530869.289940119,-0.103390172,-0.004833382,0.015759587,0.999701679,0.000487849,0.022467675,0.009575288
1789530869.323291540,-0.106452790,-0.005157181,0.016263030,0.999693990,0.000565361,0.022690862,0.009832483
1789530869.356642246,-0.109160056,-0.005700454,0.016749286,0.999696970,-0.000154184,0.022324486,0.010376718
1789530869.389994144,-0.113261202,-0.005977384,0.017452703,0.999716759,-0.000675663,0.021928908,0.009227793
1789530869.423346043,-0.117718382,-0.006553314,0.017790953,0.999746561,-0.000544387,0.020754898,0.008708362
1789530869.456696749,-0.122439048,-0.006872684,0.018481449,0.999795914,-0.001002362,0.018331280,0.008441241
1789530869.490048885,-0.124964265,-0.006899286,0.019153387,0.999840319,-0.001546688,0.016427986,0.006864359
1789530869.523400545,-0.128512437,-0.007190999,0.019452326,0.999873877,-0.000709493,0.014358996,0.006756627
1789530869.556752682,-0.130936253,-0.006700528,0.020279971,0.999922514,-0.000413634,0.011294278,0.005228444
1789530869.590103626,-0.136596862,-0.007024611,0.020726545,0.999933898,-0.000631444,0.010378903,0.004917544
1789530869.623455524,-0.139831039,-0.007393715,0.020780084,0.999946952,-0.000580107,0.009241612,0.004513607
1789530869.656807661,-0.141223175,-0.007120179,0.020195781,0.999945998,-0.000504039,0.009913523,0.003094417
1789530869.690158606,-0.144193170,-0.007458718,0.020192181,0.999965668,-0.000854173,0.007847057,0.002525652
1789530869.723510742,-0.147094743,-0.007527199,0.020298436,0.999955475,-0.000972887,0.009045237,0.002516887
1789530869.756862879,-0.149069082,-0.007429748,0.020112915,0.999930322,-0.000828038,0.011278705,0.003410737
1789530869.790214777,-0.150571739,-0.007302782,0.020022798,0.999876618,-0.000636713,0.014979289,0.004688124
1789530869.823565960,-0.152692639,-0.007379798,0.019914810,0.999813735,-0.000687164,0.018319605,0.006028551
1789530869.856918097,-0.154355248,-0.007225707,0.019770528,0.999798954,-0.000683364,0.019041063,0.006244433
1789530869.890270233,-0.156453835,-0.007136904,0.019952307,0.999798059,-0.000574136,0.019134140,0.006122095
1789530869.923622608,-0.158499121,-0.007249122,0.020175810,0.999801755,-0.000522144,0.018921444,0.006178382
1789530869.956973553,-0.160109453,-0.007083587,0.020383175,0.999810517,-0.000623856,0.018482938,0.006075592
1789530869.990325928,-0.161848869,-0.007304465,0.020368181,0.999807239,-0.000732389,0.018630808,0.006156240
1789530870.023678064,-0.163176364,-0.007250390,0.020522440,0.999798536,-0.000655422,0.019054301,0.006270438
1789530870.057029247,-0.164564950,-0.007257602,0.020778734,0.999785006,-0.000595136,0.019766852,0.006229400
1789530870.090381622,-0.165595022,-0.007094950,0.020973942,0.999770403,-0.000519666,0.020435071,0.006422337
1789530870.123733997,-0.166355923,-0.007086473,0.021135917,0.999743998,-0.000664708,0.021561723,0.006826555
1789530870.157086134,-0.166691894,-0.007196112,0.021116002,0.999737680,-0.000597007,0.021878354,0.006760302
1789530870.190437555,-0.166618698,-0.007240730,0.021051876,0.999733388,-0.000695011,0.021781195,0.007634734
1789530870.223789692,-0.166539395,-0.007159742,0.021159182,0.999737740,-0.000935756,0.021621779,0.007486665
1789530870.257142067,-0.166784740,-0.007408745,0.020862321,0.999740303,-0.000575209,0.021669218,0.007038441
1789530870.290494680,-0.166737162,-0.007411939,0.020876662,0.999733746,-0.000616885,0.021788603,0.007573774
1789530870.323845863,-0.166654539,-0.007172321,0.020992298,0.999740422,-0.000613146,0.021630306,0.007142464
1789530870.357196331,-0.166583837,-0.007460813,0.020764766,0.999737501,-0.000545083,0.021636559,0.007518620
1789530870.390546322,-0.166716793,-0.007419279,0.020791665,0.999734998,-0.000693981,0.021761749,0.007486784
1789530870.423895836,-0.166587678,-0.007348639,0.020832131,0.999736309,-0.000672585,0.021747164,0.007338922
1789530870.457245827,-0.166753460,-0.007165746,0.020677061,0.999734342,0.000359939,0.021820502,0.007420899
1789530870.490596294,-0.166455074,-0.007212886,0.020038913,0.999756455,0.000930926,0.020840030,0.007205643
1789530870.523946285,-0.166794381,-0.007354659,0.019901781,0.999783635,0.001031530,0.019813133,0.006259766
1789530870.557295561,-0.166398008,-0.007072193,0.020107015,0.999783039,0.000584868,0.019561514,0.007137805
1789530870.590645790,-0.166428844,-0.007102251,0.020721495,0.999776363,-0.001443544,0.019764649,0.007393657
1789530870.623996019,-0.166485222,-0.007224220,0.020320262,0.999780774,-0.000033895,0.019801551,0.006811762
1789530870.657346487,-0.166591106,-0.007318789,0.020041645,0.999781370,0.001046296,0.019843018,0.006508153
1789530870.690695524,-0.166529969,-0.007019548,0.020016423,0.999790967,0.000754490,0.019260416,0.006816781
1789530870.724045992,-0.166737651,-0.007047536,0.020551256,0.999805152,-0.000995328,0.018536637,0.006723340
1789530870.757395983,-0.166720144,-0.007177390,0.020621202,0.999808967,-0.000540788,0.018369475,0.006655686
1789530870.790745020,-0.166585535,-0.007194598,0.020204219,0.999844909,-0.000213418,0.016580408,0.005945422
1789530870.824095488,-0.166688359,-0.006795005,0.019404690,0.999892473,0.000914504,0.013808700,0.004848374
1789530870.857445717,-0.166705437,-0.007154523,0.018869514,0.999909997,0.000712334,0.012642832,0.004426505
1789530870.890795946,-0.166330014,-0.006778002,0.018886711,0.999922872,-0.000641936,0.011722175,0.004047196
1789530870.924144983,-0.165652777,-0.006831669,0.018607044,0.999924481,-0.002486398,0.011558286,0.003370484
1789530870.957495451,-0.165550474,-0.007536665,0.018238725,0.999887288,-0.005372310,0.013993957,0.000903270
1789530870.990845442,-0.165848707,-0.007651063,0.018140416,0.999820888,-0.008409815,0.016584225,-0.003530760
1789530871.024194717,-0.167285223,-0.008002472,0.018165064,0.999686241,-0.012740619,0.019155672,-0.009911775
1789530871.057544947,-0.168671758,-0.008629040,0.017802861,0.999495864,-0.015452861,0.022153825,-0.016687905
1789530871.090895176,-0.170876352,-0.009666762,0.016694205,0.999353647,-0.016260164,0.022644376,-0.022699982
1789530871.124245405,-0.173107191,-0.010798991,0.015537791,0.999275208,-0.016455431,0.020084683,-0.027836325
1789530871.157594681,-0.174522252,-0.012011528,0.014122276,0.999267042,-0.016092313,0.016004607,-0.030825563
1789530871.190944910,-0.175965624,-0.013327275,0.012471729,0.999367654,-0.015007904,0.009669894,-0.030749649
1789530871.224295139,-0.176759932,-0.015370994,0.010505119,0.999470055,-0.015257753,0.001700598,-0.028703406
1789530871.257645369,-0.177036373,-0.016740360,0.009713573,0.999517143,-0.015774468,-0.003920205,-0.026484113
1789530871.290994406,-0.177641761,-0.018635137,0.008433545,0.999571145,-0.016789572,-0.005034241,-0.023458790
1789530871.324344635,-0.177576201,-0.020606360,0.007066137,0.999642968,-0.017315036,-0.002241642,-0.020228093
1789530871.357694864,-0.177804084,-0.022481533,0.005868268,0.999681592,-0.017946089,0.001722305,-0.017652312
1789530871.391043901,-0.177437338,-0.024761200,0.005261733,0.999700248,-0.019284181,0.004543358,-0.014382282
1789530871.424394131,-0.177750201,-0.027711399,0.004665896,0.999679029,-0.021768415,0.005653786,-0.011662101
1789530871.457744122,-0.178463462,-0.031022836,0.004502026,0.999648690,-0.023873130,0.005896388,-0.009887949
1789530871.491094351,-0.178835718,-0.033972101,0.003762102,0.999662876,-0.024192756,0.004364058,-0.008351004
1789530871.524443150,-0.178868880,-0.037092001,0.002881230,0.999680698,-0.024177726,0.000687925,-0.007313476
1789530871.557793140,-0.179390038,-0.040205950,0.002026883,0.999689162,-0.023857083,-0.002123421,-0.006933145
1789530871.591143370,-0.181090018,-0.044242554,0.001534827,0.999670386,-0.024448413,-0.003532453,-0.007005884
1789530871.624493361,-0.182042303,-0.047489223,0.002107027,0.999610841,-0.026137216,-0.006082663,-0.007612414
1789530871.657842636,-0.183571435,-0.051199676,0.002744285,0.999482393,-0.030126909,-0.008264765,-0.007681665
1789530871.691192389,-0.184832054,-0.054522893,0.004148642,0.999339938,-0.033981144,-0.009623042,-0.008511343
1789530871.724542379,-0.185818481,-0.057186230,0.005476644,0.999202669,-0.037253130,-0.010759081,-0.009510994
1789530871.757891655,-0.186421665,-0.058256546,0.006353065,0.999069989,-0.039750494,-0.012460005,-0.011132184
1789530871.791241407,-0.186653542,-0.058761375,0.007955984,0.998888016,-0.042485636,-0.015439007,-0.013390386
1789530871.824591637,-0.187457630,-0.060058783,0.009937194,0.998670816,-0.046192802,-0.016492249,-0.015841519
1789530871.857941389,-0.188598789,-0.061094396,0.011067888,0.998462141,-0.049450025,-0.017509304,-0.017934611
1789530871.891290426,-0.191205083,-0.063718464,0.012664214,0.998154461,-0.054283358,-0.018216204,-0.020231100
1789530871.924640417,-0.191954660,-0.064528443,0.014014621,0.997955084,-0.056734651,-0.019276123,-0.022258485
1789530871.957990408,-0.192893906,-0.065301909,0.015305984,0.997754991,-0.058997586,-0.020538503,-0.024134537
1789530871.991340399,-0.194078375,-0.065067743,0.016858455,0.997514248,-0.061364375,-0.022745084,-0.026125431
1789530872.024689436,-0.194957479,-0.065003040,0.018385888,0.997248113,-0.064045802,-0.025006041,-0.027731419
1789530872.058039188,-0.195903919,-0.065109407,0.019848162,0.997010350,-0.067021415,-0.025401348,-0.028867776
1789530872.091389418,-0.195766800,-0.064802543,0.021642898,0.996771574,-0.070269465,-0.026154181,-0.028718421
1789530872.124738216,-0.194616229,-0.063425323,0.023298599,0.996564925,-0.072964385,-0.027065078,-0.028321106
1789530872.158088207,-0.195038940,-0.063587050,0.025223703,0.996335566,-0.075993001,-0.027649103,-0.027858857
1789530872.191438198,-0.195098837,-0.063426188,0.027706726,0.996113420,-0.078245312,-0.029739412,-0.027413640
1789530872.224788189,-0.196313484,-0.064580758,0.030645012,0.995716274,-0.082760170,-0.031043731,-0.027131127
1789530872.258136988,-0.197039004,-0.064594554,0.033212467,0.995285571,-0.086813532,-0.033082221,-0.027850026
1789530872.291486740,-0.197781189,-0.064356655,0.035025635,0.994921148,-0.090383105,-0.033469833,-0.029026436
1789530872.324836731,-0.198336794,-0.063577983,0.038303900,0.994598746,-0.093905866,-0.032891072,-0.029552273
1789530872.358188152,-0.198177455,-0.062545339,0.041246858,0.994118035,-0.098159678,-0.035509251,-0.028865926
1789530872.391540527,-0.198413067,-0.061158521,0.044734123,0.993639410,-0.102053232,-0.037566312,-0.029236848
1789530872.424893141,-0.198802752,-0.060172618,0.047700203,0.993121386,-0.106070697,-0.039733216,-0.029669879
1789530872.458245516,-0.200124401,-0.060515785,0.049831574,0.992370903,-0.111216426,-0.042967983,-0.031380184
1789530872.491596937,-0.201034067,-0.058052828,0.051473290,0.991806567,-0.114203110,-0.045412254,-0.034858022
1789530872.524949551,-0.202281478,-0.057411018,0.054448400,0.990978241,-0.120186046,-0.046140164,-0.037263028
1789530872.558301926,-0.204211897,-0.057226635,0.057356897,0.990235746,-0.125911891,-0.045766540,-0.038532678
1789530872.591654539,-0.204859277,-0.056208269,0.058952672,0.989470005,-0.131103069,-0.047323443,-0.039009333
1789530872.625006199,-0.205377527,-0.054693660,0.061073782,0.988637388,-0.135832280,-0.049993772,-0.040576197
1789530872.658358574,-0.208129998,-0.054955115,0.063572649,0.987554729,-0.142460823,-0.051280998,-0.042555649
1789530872.691711426,-0.209666690,-0.054862464,0.067084083,0.986387610,-0.148482680,-0.055255890,-0.044037431
1789530872.725063086,-0.211943486,-0.057743320,0.069227692,0.984631002,-0.159223750,-0.056405123,-0.044363417
1789530872.758415461,-0.212419591,-0.056710730,0.071538699,0.983513594,-0.164422557,-0.059564438,-0.046026226
1789530872.791768312,-0.214044951,-0.055562507,0.073254510,0.982342243,-0.169806212,-0.062575147,-0.047476031
1789530872.825121164,-0.215131310,-0.054109077,0.074830914,0.981151521,-0.174198478,-0.067856021,-0.048910301
1789530872.858472586,-0.215773686,-0.052808746,0.076321007,0.980089009,-0.178248882,-0.072009571,-0.049673788
1789530872.891825438,-0.216647663,-0.050637670,0.077783356,0.979174316,-0.182131022,-0.074304052,-0.050249118
1789530872.925178289,-0.216582409,-0.048790858,0.079173617,0.978175402,-0.186391369,-0.076273367,-0.051123399
1789530872.958530903,-0.216307040,-0.047656665,0.080241979,0.977123559,-0.191197380,-0.077575020,-0.051529765
1789530872.991882801,-0.216348543,-0.045901524,0.081689162,0.976074040,-0.195946962,-0.078534812,-0.052120451
1789530873.025235653,-0.216699573,-0.044369683,0.083320704,0.975079060,-0.200764969,-0.078206047,-0.052896492
1789530873.058588266,-0.216951421,-0.044079488,0.084117331,0.974152386,-0.205239221,-0.077651307,-0.053612620
1789530873.091940403,-0.217468967,-0.043022218,0.084819497,0.973531067,-0.207811430,-0.078138158,-0.054279108
1789530873.125293255,-0.218095642,-0.041784933,0.085500843,0.972929597,-0.210074142,-0.078809291,-0.055372033
1789530873.158646345,-0.218688618,-0.040573083,0.086010852,0.972243488,-0.212506652,-0.079526290,-0.057088297
1789530873.191998959,-0.219125668,-0.039469959,0.086834214,0.971514940,-0.215136185,-0.080433734,-0.058357202
1789530873.225351095,-0.219807558,-0.038665597,0.087576568,0.970641315,-0.218470275,-0.081032529,-0.059664983
1789530873.258704185,-0.220393005,-0.038089997,0.087975925,0.969885170,-0.221495464,-0.081024058,-0.060808700
1789530873.292057037,-0.221065666,-0.037129284,0.088355037,0.969319880,-0.223765180,-0.081642888,-0.060683992
1789530873.325410128,-0.221704936,-0.036842126,0.089010482,0.968513608,-0.226821974,-0.082996316,-0.060372762
1789530873.358760834,-0.222341405,-0.035869606,0.089475621,0.968197763,-0.228037551,-0.082611963,-0.061378989
1789530873.392112494,-0.222943380,-0.035001474,0.089901875,0.968054175,-0.228856727,-0.081790902,-0.061692160
1789530873.425464153,-0.222967192,-0.034543558,0.090663442,0.967517495,-0.230909765,-0.082500696,-0.061515495
1789530873.458814859,-0.223416822,-0.033314200,0.091520716,0.967203498,-0.232264996,-0.081843585,-0.062224586
1789530873.492166758,-0.223389719,-0.033017115,0.092088036,0.966778815,-0.234149531,-0.081963949,-0.061601091
1789530873.525518656,-0.223548278,-0.032816828,0.092939962,0.966431439,-0.235698730,-0.081573702,-0.061661873
1789530873.558870077,-0.223626509,-0.032227918,0.094033544,0.966082215,-0.237249315,-0.081108794,-0.061800461
1789530873.592221022,-0.223498312,-0.031478805,0.095229406,0.965734601,-0.238712370,-0.081083633,-0.061632544
1789530873.625572681,-0.223609721,-0.030902342,0.096673191,0.965317249,-0.240793124,-0.079785973,-0.061770618
1789530873.658924580,-0.223511810,-0.030843154,0.097692934,0.964869559,-0.243028983,-0.078291409,-0.061920222
1789530873.692275286,-0.223149502,-0.029524561,0.099304460,0.964568138,-0.244331554,-0.077977628,-0.061886568
1789530873.725627184,-0.223182526,-0.028337018,0.100586350,0.964121461,-0.246233836,-0.076893158,-0.062659264
1789530873.758979082,-0.222582449,-0.027750501,0.101955768,0.963592529,-0.248819202,-0.074974999,-0.062906511
1789530873.792330742,-0.222603062,-0.026122576,0.103559566,0.963128150,-0.250826985,-0.073527679,-0.063747346
1789530873.825681686,-0.222136967,-0.025132828,0.105407966,0.962405384,-0.253887951,-0.073027007,-0.063118324
1789530873.859033346,-0.221877344,-0.023997672,0.107054574,0.961614966,-0.257047772,-0.072776966,-0.062662341
1789530873.892385244,-0.221044364,-0.024184146,0.107594899,0.961846054,-0.255899787,-0.075622104,-0.060405359
1789530873.925737143,-0.220374611,-0.024430173,0.107456717,0.962862790,-0.252803952,-0.074131869,-0.059076041
1789530873.959087849,-0.219741676,-0.024411700,0.108060690,0.962670326,-0.254112095,-0.073448621,-0.057430483
1789530873.992439985,-0.218495841,-0.024758843,0.108932731,0.961824715,-0.257041693,-0.076912731,-0.053919759
1789530874.025791645,-0.217654827,-0.025063763,0.109154057,0.962174058,-0.255868077,-0.078585915,-0.050763823
1789530874.059142590,-0.217342622,-0.024866135,0.109245801,0.962387502,-0.255470425,-0.077602290,-0.050229665
1789530874.092494488,-0.217332614,-0.025189053,0.109142839,0.962192774,-0.256449372,-0.076790832,-0.050219823
1789530874.125846386,-0.217494707,-0.024927198,0.109131461,0.962452352,-0.255399972,-0.076581389,-0.050907969
1789530874.159198284,-0.217870819,-0.025024948,0.108897174,0.962635338,-0.254775226,-0.075889632,-0.051610298
1789530874.192549229,-0.218192604,-0.025149552,0.109037920,0.962607265,-0.254849523,-0.075725339,-0.052006640
1789530874.225901127,-0.218538492,-0.025095562,0.108988742,0.962677479,-0.254605204,-0.075212628,-0.052643776
1789530874.259253263,-0.218703264,-0.024723986,0.108942954,0.962943137,-0.253590196,-0.074643098,-0.053488195
1789530874.292604923,-0.218446549,-0.025250857,0.108653154,0.962746441,-0.254238874,-0.075178206,-0.053198636
1789530874.325955868,-0.218323892,-0.024997848,0.108648930,0.962761104,-0.254082859,-0.075313404,-0.053486843
1789530874.359306335,-0.217974132,-0.024895910,0.108456635,0.962842524,-0.253734082,-0.075424530,-0.053520966
1789530874.392656803,-0.218398022,-0.024691843,0.108151102,0.962886631,-0.253583699,-0.074509144,-0.054708958
1789530874.426006079,-0.218049364,-0.025173081,0.107679948,0.962731183,-0.254247129,-0.074602604,-0.054235622
1789530874.459356546,-0.218369083,-0.024606020,0.107442248,0.962662756,-0.254573107,-0.073426783,-0.055510480
1789530874.492706776,-0.218252501,-0.024494955,0.106691065,0.962534547,-0.255144328,-0.072252721,-0.056640450
1789530874.526057243,-0.218052593,-0.024383626,0.105361657,0.962613523,-0.254823059,-0.071141422,-0.058132261
1789530874.559406519,-0.217192266,-0.024324390,0.104160103,0.962913215,-0.254079372,-0.069930106,-0.057892662
1789530874.592756748,-0.216180756,-0.025216222,0.102660345,0.963115454,-0.253971905,-0.069483496,-0.055488683
1789530874.626107216,-0.214912455,-0.025651042,0.101161437,0.963555217,-0.252667427,-0.070037186,-0.053059623
1789530874.659457445,-0.213286100,-0.026933305,0.099195959,0.964029312,-0.251330346,-0.070006706,-0.050789796
1789530874.692806959,-0.211753724,-0.026678318,0.095971139,0.965259790,-0.246936083,-0.069144316,-0.050151628
1789530874.726157188,-0.210307597,-0.027603009,0.093315561,0.965987206,-0.244938582,-0.066061199,-0.050098743
1789530874.759507656,-0.208187310,-0.028870432,0.090150663,0.966693103,-0.243052259,-0.062809296,-0.049851347
1789530874.792856932,-0.206100705,-0.029369442,0.086883032,0.967646062,-0.240035892,-0.059980169,-0.049461309
1789530874.826207161,-0.203747254,-0.029913966,0.083715899,0.968217015,-0.238170788,-0.059104037,-0.048344616
1789530874.859557629,-0.201214065,-0.029783300,0.080766825,0.968741775,-0.235864282,-0.060086604,-0.047926743
1789530874.892907858,-0.199482469,-0.030010463,0.078110007,0.969042122,-0.234834552,-0.059350472,-0.047829349
1789530874.926257372,-0.198009286,-0.030126912,0.075454666,0.969332874,-0.233977884,-0.057899535,-0.047914408
1789530874.959607601,-0.196150855,-0.030031241,0.072513963,0.969722688,-0.232730046,-0.055962771,-0.048402544
1789530874.992958069,-0.194416121,-0.030180844,0.069804769,0.969976127,-0.232256025,-0.053373270,-0.048525456
1789530875.026307344,-0.192920412,-0.029270438,0.066929495,0.970501661,-0.230481565,-0.050918415,-0.049112178
1789530875.059657812,-0.191103239,-0.028797723,0.064342867,0.970844686,-0.229615375,-0.048618004,-0.048720047
1789530875.093008041,-0.188989087,-0.028672400,0.061588268,0.971195579,-0.228936777,-0.045990810,-0.047455605
1789530875.126358509,-0.186967706,-0.028360331,0.058486496,0.971493840,-0.228263184,-0.043940634,-0.046529718
1789530875.159707785,-0.184745054,-0.027685667,0.055465055,0.971898496,-0.227020323,-0.041690081,-0.046227936
1789530875.193058014,-0.182453567,-0.026929596,0.052347467,0.972215295,-0.226070657,-0.039344918,-0.046277326
1789530875.226408482,-0.180701004,-0.026314815,0.049785928,0.972575247,-0.225096464,-0.036719598,-0.045615766
1789530875.259758711,-0.178456254,-0.025949655,0.047418192,0.972769797,-0.224779978,-0.034482263,-0.044763777
1789530875.293108225,-0.176185152,-0.025779560,0.045117362,0.972853363,-0.224787906,-0.032628354,-0.044295304
1789530875.326458454,-0.173871827,-0.025224220,0.042815671,0.973155379,-0.223670840,-0.030952379,-0.044519231
1789530875.359816074,-0.172182743,-0.024983185,0.041099103,0.973433375,-0.222797140,-0.029067965,-0.044091057
1789530875.393172979,-0.170205664,-0.025113190,0.039160899,0.973662138,-0.222152621,-0.027538547,-0.043267436
1789530875.426530838,-0.168507476,-0.024965320,0.037654462,0.973834276,-0.221677005,-0.025375357,-0.043154392
1789530875.459888697,-0.166337819,-0.024750147,0.035985169,0.973992288,-0.221315846,-0.022760659,-0.042899381
1789530875.493246555,-0.164252806,-0.024427140,0.034969287,0.974037170,-0.221612349,-0.020197986,-0.041611850
1789530875.526603699,-0.161558380,-0.024072177,0.033988124,0.974040508,-0.221818164,-0.019369485,-0.040826548
1789530875.559961557,-0.159195900,-0.023922012,0.032921782,0.974121392,-0.221750140,-0.017342566,-0.040170383
1789530875.593319893,-0.157321033,-0.023630718,0.032053664,0.974368274,-0.221074000,-0.014836904,-0.038892619
1789530875.626677990,-0.155502713,-0.023941562,0.031105577,0.974591732,-0.220358208,-0.013009370,-0.038001359
1789530875.660035133,-0.153453785,-0.024442745,0.030196295,0.974649012,-0.220310465,-0.011265299,-0.037358362
1789530875.693393230,-0.151202576,-0.025120493,0.029675468,0.974542737,-0.220996037,-0.009316318,-0.036612704
1789530875.726751804,-0.149111243,-0.025545827,0.029278930,0.974718750,-0.220257834,-0.008360053,-0.036605749
1789530875.760108948,-0.148020890,-0.026425073,0.028714368,0.974967897,-0.219210029,-0.007343478,-0.036480308
1789530875.793467283,-0.147148121,-0.027378018,0.028717422,0.975180984,-0.218407705,-0.006130605,-0.035813931
1789530875.826825857,-0.145699775,-0.028667744,0.028820365,0.975250363,-0.218120068,-0.005423270,-0.035790954
1789530875.860184431,-0.144395665,-0.030367144,0.028867023,0.975209117,-0.218354076,-0.004192333,-0.035653349
1789530875.893541813,-0.143551727,-0.031881964,0.029319055,0.975184858,-0.218488738,-0.002896575,-0.035621423
1789530875.926900387,-0.141990534,-0.033350224,0.030326907,0.975178897,-0.218447268,-0.000326626,-0.036149699
1789530875.960258961,-0.139678235,-0.035044144,0.031114907,0.975291729,-0.217965499,0.003652733,-0.035832308
1789530875.993617773,-0.138045881,-0.037101064,0.031766356,0.975558579,-0.216890380,0.006527761,-0.034663972
1789530876.026975393,-0.136031279,-0.039139582,0.032287954,0.975900769,-0.215527877,0.008095804,-0.033164583
1789530876.060334206,-0.133462172,-0.041368493,0.033014039,0.976170421,-0.214588091,0.008591185,-0.031137129
1789530876.093692780,-0.131802762,-0.044154751,0.033675445,0.976275504,-0.214420632,0.010143731,-0.028411100
1789530876.127050877,-0.130107971,-0.045795257,0.035038267,0.976554692,-0.213305891,0.011170272,-0.026774289
1789530876.160409689,-0.128532898,-0.048137391,0.035988334,0.976538360,-0.213522270,0.012247745,-0.025120078
1789530876.193768740,-0.126639927,-0.049778774,0.037752951,0.976527572,-0.213734239,0.012186346,-0.023728663
1789530876.227127790,-0.124714674,-0.051459226,0.039935129,0.976404011,-0.214428112,0.012925197,-0.022110131
1789530876.260485888,-0.123110325,-0.052886901,0.042013501,0.976493895,-0.214089066,0.013817621,-0.020847846
1789530876.293844938,-0.121117270,-0.054414514,0.044760881,0.976471782,-0.214508355,0.012581130,-0.018188780
1789530876.327203989,-0.120081168,-0.055737976,0.047421367,0.976235807,-0.215746462,0.012636902,-0.016043665
1789530876.360553503,-0.118348324,-0.057287412,0.050121942,0.975830317,-0.217627183,0.012724081,-0.015224854
1789530876.393903971,-0.117702543,-0.058127152,0.052578961,0.975790679,-0.217670113,0.014729915,-0.015344705
1789530876.427254677,-0.116749844,-0.059913719,0.055133131,0.975531876,-0.218809053,0.015091334,-0.015250861
1789530876.460604906,-0.115413711,-0.060970538,0.057740864,0.975322902,-0.219741419,0.014981297,-0.015311976
1789530876.493954659,-0.114281243,-0.061507194,0.060583262,0.975257576,-0.219916314,0.016172513,-0.015749492
1789530876.527304888,-0.114569590,-0.062007860,0.062513787,0.975349426,-0.219159499,0.019697312,-0.016571958
1789530876.560655594,-0.114525210,-0.063386786,0.064455285,0.975040078,-0.220207587,0.022304349,-0.017551089
1789530876.594006062,-0.113528515,-0.064273228,0.066995659,0.974749506,-0.221344501,0.024247728,-0.016794199
1789530876.627355576,-0.112118083,-0.066231552,0.069305327,0.974290609,-0.223370090,0.025067465,-0.015341370
1789530876.660706043,-0.110865575,-0.067047033,0.071528874,0.974437892,-0.222841784,0.025407119,-0.012920969
1789530876.694056511,-0.109419816,-0.068358053,0.073807575,0.974355817,-0.223342821,0.025224624,-0.010602187
1789530876.727406025,-0.107394570,-0.070664316,0.075711940,0.973846614,-0.225742504,0.024202650,-0.008797679
1789530876.760756254,-0.106002786,-0.071035921,0.077478749,0.974114478,-0.224485755,0.025636066,-0.007073001
1789530876.794106960,-0.104160125,-0.072920444,0.079637081,0.973804593,-0.225840390,0.025942359,-0.005265945
1789530876.827457190,-0.102882129,-0.073501086,0.081781012,0.973787665,-0.225859910,0.026563872,-0.004405210
1789530876.860806942,-0.102520036,-0.073334447,0.083628815,0.973997474,-0.224714532,0.028448766,-0.004798654
1789530876.894157171,-0.100640218,-0.075026010,0.085895067,0.973476529,-0.226849556,0.029211679,-0.005417465
1789530876.927507877,-0.099946361,-0.075574431,0.088255021,0.973307788,-0.227193028,0.032154497,-0.004628375
1789530876.960858107,-0.099558565,-0.075496375,0.090481385,0.973335683,-0.226776749,0.034247212,-0.004144556
1789530876.994207621,-0.096330594,-0.077824812,0.094290970,0.972314656,-0.231511682,0.031522449,-0.003612068
1789530877.027558088,-0.095283083,-0.077497587,0.096556648,0.972039640,-0.232467562,0.032824077,-0.004526037
1789530877.060908556,-0.093006004,-0.079993222,0.099852812,0.970769346,-0.237545595,0.033887032,-0.005530104
1789530877.094257832,-0.093032318,-0.079073250,0.102056013,0.970735192,-0.237052441,0.038104936,-0.005242535
1789530877.127608299,-0.091057199,-0.079790015,0.105293335,0.970065653,-0.239889503,0.037395187,-0.005217384
1789530877.160958767,-0.088661534,-0.076345417,0.107719508,0.971315742,-0.234961495,0.036281057,-0.004749985
1789530877.194308996,-0.087410954,-0.076357697,0.109666890,0.971485436,-0.233961120,0.038187273,-0.004482358
1789530877.227658749,-0.085024532,-0.077208605,0.112552876,0.971217453,-0.235232860,0.037387539,-0.002089438
1789530877.261008978,-0.083037637,-0.077585513,0.115088139,0.971031010,-0.236012906,0.037369668,-0.000556005
1789530877.294359446,-0.080873252,-0.077636214,0.117473604,0.970897496,-0.236420766,0.038248643,0.000577695
1789530877.327709913,-0.079084773,-0.077429587,0.119897986,0.970588148,-0.237376809,0.040066615,0.002388163
1789530877.361061335,-0.077124077,-0.077343329,0.122045475,0.970211327,-0.238752574,0.040921677,0.003554981
1789530877.394413471,-0.075342385,-0.076814236,0.124416594,0.969912946,-0.239715010,0.042280015,0.004260597
1789530877.427766085,-0.073327553,-0.076418268,0.126547487,0.969561577,-0.240828708,0.043817133,0.005650969
1789530877.461117506,-0.071136426,-0.076069343,0.128754675,0.969230413,-0.241889551,0.045037802,0.007320004
1789530877.494469881,-0.069096114,-0.075235307,0.131096847,0.968910515,-0.243098289,0.045095414,0.009065821
1789530877.527822256,-0.066969850,-0.074141304,0.133366511,0.968579471,-0.244420931,0.044927761,0.009684435
1789530877.561174870,-0.064881110,-0.073350386,0.135544753,0.967919469,-0.246732906,0.046513766,0.009554476
1789530877.594526291,-0.063191319,-0.072357401,0.138255063,0.967274368,-0.248610839,0.049947504,0.008842466
1789530877.627878666,-0.061376839,-0.071782100,0.140342357,0.966659486,-0.250871211,0.050689280,0.007989039
1789530877.661231279,-0.059757440,-0.070799797,0.142523231,0.966122031,-0.252726972,0.051690616,0.008094726
1789530877.694582701,-0.058359592,-0.070161124,0.144700279,0.965595365,-0.254274577,0.053781021,0.008805271
1789530877.727935076,-0.056569724,-0.069359884,0.146610987,0.965290904,-0.255278707,0.054444250,0.009057638
1789530877.761287689,-0.054667900,-0.068157472,0.148102839,0.964900672,-0.256687284,0.054715578,0.009203136
1789530877.794640064,-0.053475841,-0.066602140,0.149519859,0.964329243,-0.258214742,0.057556652,0.009030726
1789530877.827991724,-0.051921091,-0.065334604,0.151254745,0.963333786,-0.261112571,0.061069347,0.008881513
1789530877.861344337,-0.050238668,-0.064073247,0.152614790,0.962323010,-0.263929337,0.064683095,0.009591115
1789530877.894696712,-0.048817482,-0.063289173,0.153887912,0.961648762,-0.266296357,0.064897902,0.010303277
1789530877.928049326,-0.048036128,-0.062321936,0.155283889,0.961591959,-0.266786784,0.063734308,0.010189982
1789530877.961400986,-0.047238086,-0.062008989,0.156139411,0.961473048,-0.267230302,0.063765131,0.009565983
1789530877.994753361,-0.046280379,-0.061866480,0.157446965,0.961048126,-0.268396378,0.065302923,0.009243422
1789530878.028105974,-0.046031733,-0.061552320,0.158916016,0.960454285,-0.270221621,0.066552453,0.008874152
1789530878.061457634,-0.044724286,-0.060990910,0.160045638,0.960077405,-0.271791101,0.065460660,0.009795589
1789530878.094810009,-0.044093828,-0.060363130,0.161448149,0.959754646,-0.272868603,0.065609954,0.010446477
1789530878.128162622,-0.043818971,-0.059215195,0.162640515,0.959763825,-0.272702873,0.066130266,0.010651793
1789530878.161515236,-0.043329373,-0.058705652,0.163908708,0.959163249,-0.274956793,0.065515369,0.010600987
1789530878.194866657,-0.043151520,-0.058144009,0.165342501,0.958444178,-0.277256966,0.066414274,0.010127224
1789530878.228219509,-0.042819463,-0.056661032,0.166407939,0.958222210,-0.277791947,0.067535296,0.008989736
1789530878.261572123,-0.042956945,-0.055769026,0.167947845,0.957366943,-0.280445725,0.068786606,0.008188572
1789530878.294924498,-0.042561218,-0.054638261,0.169423675,0.956867576,-0.282276541,0.068342447,0.007334234
1789530878.328276396,-0.042264240,-0.053416445,0.170700761,0.956202567,-0.284427583,0.068875931,0.005817284
1789530878.361630678,-0.041875246,-0.052617985,0.172578520,0.955007434,-0.288381040,0.069068931,0.005162282
1789530878.394984961,-0.042093829,-0.051508296,0.173964688,0.954329848,-0.290587157,0.069161162,0.005526252
1789530878.428337812,-0.041967916,-0.050361539,0.175186680,0.954117060,-0.291393369,0.068671994,0.005901645
1789530878.461692333,-0.042054931,-0.049370896,0.176410739,0.953892291,-0.291825533,0.069965065,0.005690484
1789530878.495046616,-0.041806932,-0.049235105,0.177404910,0.953334332,-0.293497741,0.070609413,0.005202451
1789530878.528400898,-0.041255187,-0.048228408,0.178529940,0.953226149,-0.293724120,0.071165696,0.004650540
1789530878.561754227,-0.040960305,-0.047706983,0.179905319,0.952612281,-0.295465380,0.072203860,0.004096362
1789530878.595108747,-0.040624326,-0.047216351,0.181340366,0.951739430,-0.297999799,0.073287182,0.004141387
1789530878.628462791,-0.039876946,-0.046310470,0.182202912,0.951723993,-0.298112690,0.072979741,0.004927751
1789530878.661817312,-0.039276413,-0.045825099,0.183513757,0.951229274,-0.299601108,0.073138855,0.007267452
1789530878.695170879,-0.038820299,-0.045151187,0.184392325,0.951018333,-0.300357133,0.072721839,0.007831544
1789530878.728525400,-0.038075187,-0.044398454,0.185400866,0.950737357,-0.301117659,0.073154405,0.008668778
1789530878.761879921,-0.037524218,-0.043794692,0.186358615,0.950336456,-0.302132130,0.074040137,0.009742662
1789530878.795233250,-0.037153658,-0.043262493,0.187391641,0.949566364,-0.304682821,0.073430188,0.010008015
1789530878.828588009,-0.036688457,-0.043254244,0.187756903,0.949668407,-0.304871798,0.071160294,0.010926044
1789530878.861942291,-0.036676517,-0.043279633,0.187615163,0.950309753,-0.302162319,0.074078768,0.011030814
1789530878.895296812,-0.036585871,-0.043616557,0.187944477,0.950121522,-0.302413046,0.075498216,0.010748925
1789530878.928650379,-0.036405275,-0.043577028,0.188221775,0.949909449,-0.303315848,0.074477553,0.011166317
1789530878.962005138,-0.036421076,-0.043279935,0.188431324,0.949779034,-0.303712428,0.074405134,0.011938370
1789530878.995359898,-0.036216106,-0.043365099,0.188796188,0.949185014,-0.305600047,0.074102089,0.012860816
1789530879.028713465,-0.036149089,-0.043338601,0.188802049,0.949145019,-0.305664182,0.074238785,0.013483124
1789530879.062068224,-0.036232775,-0.043307730,0.188692110,0.949167430,-0.305550724,0.074414387,0.013508381
1789530879.095422745,-0.036862093,-0.043068492,0.188294191,0.949314117,-0.305025160,0.074731387,0.013326518
1789530879.128777504,-0.036872787,-0.043425600,0.187924139,0.949408531,-0.305109799,0.073300034,0.012590904
1789530879.162131310,-0.036969095,-0.043871940,0.187651600,0.949301243,-0.305571556,0.072800383,0.012380437
1789530879.195486069,-0.037329490,-0.044251407,0.187296270,0.949261069,-0.305502713,0.073650666,0.012130041
1789530879.228840828,-0.038018764,-0.044802690,0.186578448,0.949434042,-0.304768354,0.074631430,0.011018218
1789530879.262195587,-0.038882197,-0.045296339,0.185584109,0.949549496,-0.303869754,0.077063777,0.008949887
1789530879.295549631,-0.039711772,-0.045505977,0.184455375,0.949834287,-0.302411169,0.079391755,0.007701818
1789530879.328904390,-0.040367814,-0.045976760,0.183262015,0.950144291,-0.301400512,0.079622343,0.006622655
1789530879.362254143,-0.041467525,-0.046333872,0.181986093,0.950157702,-0.301110953,0.080733202,0.003842309
1789530879.395602703,-0.042490777,-0.046786108,0.180434006,0.950345099,-0.300223976,0.081906646,0.001063358
1789530879.428952456,-0.043571304,-0.047141322,0.178524186,0.950509667,-0.299529850,0.082538374,-0.000857571
1789530879.462301970,-0.044913406,-0.047805043,0.176464699,0.950429976,-0.299630821,0.083057977,-0.002382854
1789530879.495651960,-0.046752413,-0.048011624,0.174104943,0.950798035,-0.298330545,0.083370842,-0.005601408
1789530879.529000521,-0.048466066,-0.047809179,0.171993807,0.950782061,-0.298020154,0.084431119,-0.008306101
1789530879.562350035,-0.049394206,-0.047954488,0.169963870,0.950532377,-0.298317075,0.086101368,-0.009041406
1789530879.595699787,-0.050525852,-0.048511035,0.167623734,0.950651765,-0.298001260,0.085898109,-0.008834853
1789530879.629049301,-0.051969484,-0.048652890,0.164975264,0.951431036,-0.295972347,0.084228382,-0.009223783
1789530879.662397623,-0.053462355,-0.049379489,0.162253935,0.952124834,-0.294040829,0.083143525,-0.009252620
1789530879.695747375,-0.054294022,-0.049983136,0.159089633,0.952967703,-0.291271508,0.083193056,-0.009616703
1789530879.729096889,-0.055275170,-0.050581656,0.155660797,0.953525841,-0.289050579,0.084519900,-0.009726864
1789530879.762445450,-0.055848367,-0.051226840,0.152490022,0.954067230,-0.287037224,0.085329428,-0.009186306
1789530879.795794964,-0.056259153,-0.052126042,0.148861721,0.954797328,-0.284459859,0.085880071,-0.008327138
1789530879.829144478,-0.056046738,-0.053765332,0.145607588,0.955256820,-0.283380330,0.084435239,-0.007127274
1789530879.862494230,-0.056478432,-0.054984849,0.141871397,0.956140697,-0.280470669,0.084205642,-0.006371639
1789530879.895842552,-0.057354193,-0.056269070,0.138603537,0.956749380,-0.277995169,0.085572869,-0.005159264
1789530879.929192066,-0.058147697,-0.056582001,0.134821590,0.957761943,-0.274346620,0.086087197,-0.003872439
1789530879.962541580,-0.058462863,-0.057409391,0.130710895,0.958842456,-0.270651579,0.085786298,-0.003083572
1789530879.995890856,-0.059029820,-0.059086745,0.126929574,0.959399641,-0.268776745,0.085469179,-0.002519724
1789530880.029239416,-0.060335416,-0.059714610,0.123109613,0.960493922,-0.264856756,0.085400991,-0.003020053
1789530880.062588930,-0.060392524,-0.060506948,0.119006263,0.961607039,-0.261363059,0.083590761,-0.003741635
1789530880.095938206,-0.060830653,-0.062192955,0.114944730,0.961914659,-0.260261565,0.083489895,-0.003692007
1789530880.129286528,-0.061134805,-0.062348404,0.110717408,0.962583721,-0.257381678,0.084699757,-0.003628095
1789530880.162636042,-0.061107515,-0.063941669,0.106533577,0.962880135,-0.256025404,0.085422009,-0.003993343
1789530880.195985317,-0.061558307,-0.063430825,0.101689244,0.964582682,-0.249563828,0.085332341,-0.004078412
1789530880.229334831,-0.061987553,-0.063691450,0.097507319,0.965984702,-0.244612515,0.083817646,-0.003581095
1789530880.262683153,-0.062340434,-0.064885480,0.092762205,0.967065454,-0.240777835,0.082495227,-0.002236092
1789530880.296032429,-0.063093098,-0.065797853,0.087813312,0.968151152,-0.236248419,0.082883760,-0.000616621
1789530880.329381943,-0.062540511,-0.066127650,0.082578519,0.969371915,-0.231635496,0.081627548,0.000036714
1789530880.362730503,-0.061840850,-0.067713672,0.077923175,0.969975650,-0.229202569,0.081303373,0.001799341
1789530880.396080017,-0.063331227,-0.065601694,0.072079644,0.971728742,-0.220531911,0.084290095,0.002054725
1789530880.429429770,-0.063365411,-0.066185198,0.066781940,0.972819567,-0.216159627,0.082990639,0.003116761
1789530880.462779045,-0.063420380,-0.066828462,0.060914443,0.973862171,-0.211531147,0.082634561,0.004326671
1789530880.496127605,-0.063829578,-0.067307665,0.055056584,0.975081146,-0.206692085,0.080395751,0.005627431
1789530880.529477358,-0.064856602,-0.067935212,0.049105049,0.976598203,-0.201272070,0.075647943,0.004796186
1789530880.562826872,-0.066283913,-0.068571765,0.043110320,0.978036404,-0.194311261,0.075389504,0.002085277
1789530880.596176386,-0.067567081,-0.068940325,0.036454368,0.979366839,-0.186626792,0.077521838,-0.001228432
1789530880.629524946,-0.069525872,-0.069441397,0.030593667,0.980362833,-0.179897010,0.080687992,-0.003897825
1789530880.662874222,-0.071060429,-0.069284223,0.024791369,0.981519639,-0.172670901,0.082177438,-0.007136894
1789530880.696223974,-0.072960050,-0.069066127,0.019060497,0.982426882,-0.166261792,0.084113128,-0.010935816
1789530880.729572296,-0.074471927,-0.066910243,0.013332211,0.983608067,-0.157344341,0.086990520,-0.013809617
1789530880.762921572,-0.076154461,-0.065875289,0.008388611,0.984428167,-0.149546802,0.091036998,-0.015791770
1789530880.796271324,-0.078119633,-0.065078394,0.003704601,0.985324264,-0.141331598,0.094097286,-0.017531335
1789530880.829620600,-0.080025994,-0.063271230,-0.001101796,0.986638665,-0.131193206,0.094720080,-0.018988473
1789530880.862968922,-0.081721161,-0.063424382,-0.004915087,0.987515807,-0.124671936,0.094427615,-0.018785702
1789530880.896318436,-0.082864065,-0.062132824,-0.008813860,0.988624811,-0.117264077,0.092569172,-0.017355345
1789530880.929667711,-0.084771460,-0.060782466,-0.011613450,0.989582837,-0.110441402,0.091125876,-0.014984186
1789530880.963016987,-0.084077435,-0.058134601,-0.015220656,0.990842938,-0.102642193,0.086831085,-0.012461858
1789530880.996365547,-0.085058621,-0.057386773,-0.017482399,0.991366386,-0.098633304,0.085907243,-0.009171502
1789530881.029714823,-0.084906229,-0.053827869,-0.020066027,0.992176294,-0.092689268,0.083445169,-0.005645824
1789530881.063064098,-0.084949860,-0.052771922,-0.022136473,0.992397547,-0.090027943,0.083902195,-0.001576733
1789530881.096412659,-0.084467741,-0.050848379,-0.024107580,0.992718220,-0.086900316,0.083416477,0.000858672
1789530881.129761934,-0.084607254,-0.048624250,-0.025746560,0.993103921,-0.083109029,0.082663074,0.002069105
1789530881.163110971,-0.085283091,-0.046869457,-0.026820180,0.993416429,-0.079234526,0.082701392,0.002490873
1789530881.196460485,-0.085282999,-0.044725258,-0.028240017,0.993764341,-0.075309277,0.082188047,0.002469706
1789530881.229808569,-0.085566319,-0.042758227,-0.028323760,0.993926167,-0.071961217,0.083243705,0.001689468
1789530881.263157845,-0.085474728,-0.040970769,-0.028956565,0.994060814,-0.069260232,0.083932251,0.001218295
1789530881.296507359,-0.084457969,-0.039613620,-0.028777278,0.994415700,-0.066083200,0.082231611,0.002922967
1789530881.329856396,-0.083992570,-0.037300873,-0.028780257,0.995033801,-0.059554726,0.079455562,0.006914327
1789530881.363205433,-0.082270875,-0.034365813,-0.028417005,0.995692730,-0.053566214,0.074924715,0.010634092
1789530881.396554947,-0.080829362,-0.032534109,-0.027197845,0.995875418,-0.050935294,0.073874496,0.013433415
1789530881.429904699,-0.078647570,-0.029754552,-0.026711840,0.996105552,-0.047275677,0.072471991,0.016928867
1789530881.463253498,-0.076567936,-0.028603324,-0.025937397,0.996330857,-0.045308460,0.069492251,0.021041684
1789530881.496603251,-0.075212880,-0.026249571,-0.025041245,0.996533871,-0.041768342,0.067908041,0.023752227
1789530881.529952765,-0.073061503,-0.024654805,-0.024213106,0.996686876,-0.039199263,0.066794261,0.024847176
1789530881.563302517,-0.072015630,-0.023890769,-0.023179739,0.996765375,-0.036364783,0.067442484,0.024245491
1789530881.596651316,-0.071380714,-0.022457116,-0.022949111,0.996899724,-0.032314207,0.067974389,0.022938300
1789530881.630001068,-0.071000876,-0.021219506,-0.022276257,0.996991992,-0.027384100,0.069113649,0.021916548
1789530881.663350582,-0.070011372,-0.019675903,-0.021422847,0.997102797,-0.021066183,0.069988489,0.021067560
1789530881.696699142,-0.069128526,-0.018571478,-0.020304783,0.997065544,-0.016416742,0.071583934,0.021602927
1789530881.730048895,-0.069108594,-0.017212214,-0.017928586,0.996948183,-0.014397939,0.073385403,0.022395484
1789530881.763398409,-0.068648244,-0.015743940,-0.015747683,0.996990681,-0.014824336,0.073040739,0.021331744
1789530881.796748161,-0.068410468,-0.014558926,-0.012684573,0.996934354,-0.015798246,0.073677659,0.021068472
1789530881.830096722,-0.068941680,-0.013891182,-0.010239143,0.996819496,-0.016825588,0.075092256,0.020712160
1789530881.863446236,-0.068952920,-0.012625212,-0.008284832,0.996884763,-0.016709477,0.074626960,0.019301325
1789530881.896795988,-0.069133148,-0.012583917,-0.005707983,0.996972919,-0.019165684,0.073240727,0.017707203
1789530881.930145502,-0.069180849,-0.011952116,-0.003923695,0.996997297,-0.020428371,0.072909757,0.016223546
1789530881.963493824,-0.068718740,-0.010653278,-0.002547692,0.997086763,-0.019369021,0.071958467,0.016279720
1789530881.996843576,-0.069070702,-0.010086771,-0.000425832,0.997295201,-0.019405840,0.069069922,0.015974475
1789530882.030193090,-0.069529874,-0.009447921,0.001614187,0.997441769,-0.020157665,0.066918746,0.015017495
1789530882.063541412,-0.069560940,-0.008047068,0.003127461,0.997368455,-0.020549141,0.067831054,0.015259864
1789530882.096891165,-0.069729438,-0.006200951,0.004127130,0.997270405,-0.020295167,0.069440335,0.014763909
1789530882.130240440,-0.069941084,-0.006132770,0.005723629,0.997238398,-0.022588385,0.069169983,0.014861073
1789530882.163589954,-0.069969610,-0.003995680,0.006942812,0.997307181,-0.023050807,0.067847751,0.015611610
1789530882.196938515,-0.069249271,-0.005031446,0.007068258,0.997368515,-0.021961063,0.066631220,0.018279653
1789530882.230287790,-0.067555527,-0.005869064,0.006546799,0.997248888,-0.019385571,0.068731360,0.019873181
1789530882.263637304,-0.066549129,-0.005127306,0.006494747,0.997185290,-0.018819664,0.069458582,0.021043098
1789530882.296986580,-0.065762977,-0.004206321,0.007223877,0.997246444,-0.019239290,0.067740627,0.023253180
1789530882.330335140,-0.064616981,-0.004255898,0.007208854,0.997163177,-0.018066773,0.067814611,0.027208924
1789530882.363685131,-0.063170403,-0.003812613,0.006426642,0.997058690,-0.016053446,0.068260163,0.030931307
1789530882.397034883,-0.062400121,-0.003900627,0.004962403,0.997074246,-0.011001292,0.069061548,0.030860567
1789530882.430383682,-0.063057640,-0.002473845,0.003491885,0.997145236,-0.006736896,0.069655351,0.028355923
1789530882.463733673,-0.063089571,-0.002427327,0.002842811,0.997182071,-0.003782985,0.069610901,0.027710941
1789530882.497083426,-0.062338227,-0.001824834,0.002939301,0.997146428,-0.004188684,0.069207430,0.029861869
1789530882.530433178,-0.062128883,-0.001772185,0.003123565,0.997051954,-0.005326452,0.069481738,0.032116473
1789530882.563781977,-0.062639884,-0.002422128,0.003054211,0.997139931,-0.005093947,0.069375284,0.029549029
1789530882.597131729,-0.062540541,-0.002245336,0.003004878,0.997150660,-0.004640077,0.069270052,0.029510183
1789530882.630481720,-0.062563443,-0.002496036,0.003325739,0.997053146,-0.005652070,0.069892019,0.031116741
1789530882.663831234,-0.062667943,-0.002793504,0.003202128,0.997138262,-0.005858252,0.069258943,0.029738270
1789530882.697180271,-0.062523084,-0.002151508,0.002782793,0.997161806,-0.004807131,0.069053106,0.029611167
1789530882.730529785,-0.062674294,-0.002804632,0.003382404,0.997107685,-0.005546226,0.069508336,0.030235654
1789530882.763879538,-0.062956014,-0.002984182,0.003350934,0.997131944,-0.006407490,0.069508165,0.029247060
1789530882.797228336,-0.062481180,-0.001545772,0.002542788,0.997158051,-0.004816125,0.069001630,0.029856751
1789530882.830578089,-0.062897031,-0.003031843,0.003567825,0.997111440,-0.006148195,0.069520250,0.029965607
1789530882.863927841,-0.063354894,-0.001488165,0.002954901,0.997102261,-0.004569803,0.070009477,0.029411787
1789530882.897277594,-0.063171651,0.000279979,0.001859963,0.997128010,-0.001873528,0.069691621,0.029587789
1789530882.930626154,-0.063451798,-0.000640555,0.002328486,0.997132659,-0.002515358,0.069868647,0.028959338
1789530882.963975906,-0.063339387,-0.000847712,0.002810799,0.997109652,-0.003826906,0.069931433,0.029450610
1789530882.997325420,-0.063562898,-0.000023734,0.002100319,0.997093379,-0.002407224,0.070195191,0.029526021
1789530883.030673981,-0.063550314,0.000001268,0.002332133,0.997129500,-0.002413202,0.069916122,0.028960235
1789530883.064023733,-0.063635761,-0.000652460,0.002936778,0.997083247,-0.003315598,0.070362583,0.029381612
1789530883.097373486,-0.063990697,-0.000003349,0.001960267,0.997084320,-0.001915440,0.070611998,0.028864305
1789530883.130723238,-0.063761268,0.000065649,0.002391757,0.997106373,-0.002160857,0.070225455,0.029027851
1789530883.164071560,-0.063990077,0.000216617,0.001892639,0.997079313,-0.001903855,0.070583336,0.029106608
1789530883.197421074,-0.063620419,0.000001518,0.002151684,0.997118056,-0.001779393,0.070067622,0.029033810
1789530883.230770826,-0.063511964,-0.000355041,0.002667364,0.997095764,-0.002742115,0.070129246,0.029570032
1789530883.264120340,-0.063590042,-0.000424356,0.002478858,0.997094572,-0.002458171,0.070177652,0.029523265
1789530883.297468901,-0.063543565,0.000530367,0.001890174,0.997126520,-0.001607930,0.069966257,0.028997773
1789530883.330818415,-0.063869536,-0.000849052,0.002514676,0.997063577,-0.003267424,0.070646688,0.029370761
1789530883.364168882,-0.063661153,0.000349496,0.001984612,0.997127533,-0.001698871,0.070038795,0.028781977
1789530883.397518635,-0.063689116,0.000268386,0.001852881,0.997113645,-0.001900866,0.070172183,0.028926954
1789530883.430869102,-0.063809611,-0.000649439,0.002566320,0.997064829,-0.002763193,0.070541821,0.029632105
1789530883.464219809,-0.063637203,-0.000144852,0.002223056,0.997108400,-0.002299198,0.070149645,0.029133193
1789530883.497570276,-0.063628377,0.000535364,0.001777161,0.997113883,-0.001416886,0.070122100,0.029064348
1789530883.530920029,-0.063815886,-0.001319109,0.002846194,0.997065723,-0.003570755,0.070544735,0.029509546
1789530883.564270496,-0.063771598,0.000193257,0.002016100,0.997114778,-0.002138673,0.070205495,0.028789898
1789530883.597621202,-0.063701210,0.000185762,0.002064958,0.997104645,-0.001978450,0.070220754,0.029113121
1789530883.630971670,-0.063589422,-0.000715357,0.002833491,0.997080088,-0.003261346,0.070263274,0.029729202
1789530883.664320946,-0.063517496,-0.000004886,0.002217636,0.997113109,-0.002315500,0.070054643,0.029199140
1789530883.697671652,-0.063929563,-0.000194761,0.002174794,0.997071266,-0.002560882,0.070674382,0.029110208
1789530883.731022120,-0.063613116,-0.000220105,0.002615571,0.997081876,-0.002531047,0.070269905,0.029723564
1789530883.764371872,-0.063941271,0.000069742,0.002199806,0.997066855,-0.002260203,0.070645347,0.029360149
1789530883.797722340,-0.063640030,-0.000669925,0.002403293,0.997092187,-0.003110214,0.070274085,0.029309642
1789530883.831072807,-0.063709374,-0.001242424,0.002898260,0.997060299,-0.003721812,0.070493847,0.029791862
1789530883.864423275,-0.063739346,-0.000135214,0.002239083,0.997086167,-0.002552458,0.070378803,0.029316822
1789530883.897773027,-0.063655235,-0.000619069,0.002580427,0.997082174,-0.003130083,0.070358269,0.029447481
1789530883.931123495,-0.063504209,-0.000354527,0.002781458,0.997083724,-0.003377791,0.070217535,0.029701721
1789530883.964473963,-0.063706680,-0.001028103,0.003190967,0.997066259,-0.004781293,0.070522740,0.029369140
1789530883.997824430,-0.063910013,-0.000244498,0.002822844,0.997084558,-0.004201787,0.070533268,0.028808195
1789530884.031174183,-0.063807377,-0.000763277,0.002769797,0.997082472,-0.003908863,0.070452228,0.029115072
1789530884.064524651,-0.063673946,0.000148719,0.002393069,0.997093320,-0.002485993,0.070307419,0.029250074
1789530884.097875118,-0.063688137,-0.001300121,0.003224753,0.997069001,-0.005078746,0.070475854,0.029339945
1789530884.131224632,-0.064026377,-0.000675998,0.002800801,0.997076452,-0.004711854,0.070719838,0.028551934
1789530884.164575100,-0.063697124,-0.000497505,0.002683998,0.997116506,-0.003890283,0.070188321,0.028587967
1789530884.197925568,-0.063613073,0.000210246,0.002080275,0.997126639,-0.002815929,0.070105389,0.028560014
1789530884.231276035,-0.063910139,-0.000967868,0.003081693,0.997067988,-0.004471433,0.070673883,0.028996337
1789530884.264625788,-0.064019245,-0.000212356,0.002717644,0.997109532,-0.003812664,0.070475072,0.028131807
1789530884.297976017,-0.064223056,0.000194963,0.002589810,0.997082174,-0.003257065,0.070764966,0.028443189
1789530884.331326723,-0.063912370,-0.000718979,0.003216119,0.997063100,-0.004391268,0.070646115,0.029243231
1789530884.364676952,-0.063974139,0.000736833,0.002424976,0.997069895,-0.001730064,0.070636868,0.029308656
1789530884.398028374,-0.064017703,0.000076430,0.002654858,0.997077227,-0.002231317,0.070610777,0.029089479
1789530884.431379795,-0.064145904,-0.000479589,0.003149052,0.997043967,-0.003524281,0.070937738,0.029303484
1789530884.464731216,-0.064348161,-0.000810261,0.003082985,0.997031748,-0.004259138,0.071147241,0.029116718
1789530884.498081446,-0.064111976,0.000363818,0.002433667,0.997084856,-0.002376047,0.070628300,0.028770389
1789530884.531432867,-0.064080972,-0.000913231,0.003242549,0.997044027,-0.003436589,0.070867874,0.029480442
1789530884.564784527,-0.064225703,0.000145712,0.002696336,0.997045577,-0.002713437,0.070964307,0.029272908
1789530884.598135710,-0.064112198,0.000667878,0.002342275,0.997064114,-0.001898969,0.070800804,0.029100444
1789530884.631486416,-0.064060912,-0.000715054,0.002853228,0.997060835,-0.003109073,0.070770942,0.029180868
1789530884.664837599,-0.063983171,-0.000758035,0.003203127,0.997054040,-0.003282544,0.070782959,0.029366262
1789530884.698189020,-0.064127490,0.000071121,0.002681826,0.997073889,-0.002664271,0.070726186,0.028884610
1789530884.731539488,-0.064374873,-0.000993876,0.003143090,0.997027457,-0.004264678,0.071216725,0.029091345
1789530884.764890909,-0.063984736,0.000145203,0.002356189,0.997074187,-0.002531286,0.070629165,0.029123215
1789530884.798242331,-0.064179081,0.000121132,0.002589959,0.997041047,-0.002207325,0.070934206,0.029539259
1789530884.831593752,-0.064279518,-0.000669108,0.003046105,0.997019589,-0.003433375,0.071173564,0.029572157
1789530884.864944220,-0.063949595,-0.000575131,0.002826111,0.997075140,-0.003352809,0.070575476,0.029138660
1789530884.898295641,-0.064174747,0.000018406,0.002461692,0.997062504,-0.002689120,0.070831209,0.029021094
1789530884.931647301,-0.063923392,-0.000791220,0.002989907,0.997063577,-0.003609056,0.070614643,0.029407538
1789530884.964998484,-0.064126407,0.000431005,0.002233491,0.997076392,-0.002212859,0.070702396,0.028895872
1789530884.998349190,-0.064069027,-0.000183754,0.002697479,0.997058928,-0.002627998,0.070775688,0.029280176
1789530885.031700373,-0.063810132,-0.000682537,0.002946604,0.997066796,-0.003258092,0.070511110,0.029587703
1789530885.065052032,-0.064320225,-0.000147783,0.002809545,0.997048914,-0.002649464,0.071029924,0.029006014
1789530885.098402262,-0.063999855,-0.000623619,0.002898251,0.997051656,-0.003312445,0.070783406,0.029443460
1789530885.131753922,-0.063816946,0.000109605,0.002605386,0.997065723,-0.002411370,0.070547722,0.029617874
1789530885.165105581,-0.064017328,0.000260309,0.002396984,0.997066557,-0.001949166,0.070714310,0.029223485
1789530885.198456764,-0.063668422,-0.000116356,0.002793810,0.997078598,-0.002272019,0.070333175,0.029707292
1789530885.231807470,-0.063887138,-0.000513816,0.003048344,0.997040927,-0.002834151,0.070780583,0.029857382
1789530885.265158653,-0.063901148,0.000439168,0.002194930,0.997080207,-0.001531810,0.070543543,0.029194269
1789530885.298510313,-0.064096294,-0.000196611,0.002444891,0.997056246,-0.002268210,0.070848741,0.029229091
1789530885.331861734,-0.063783132,-0.000277861,0.002758002,0.997045040,-0.002539311,0.070611782,0.030147236
1789530885.365212917,-0.063966976,0.000132610,0.002221662,0.997073948,-0.001966079,0.070578679,0.029297775
1789530885.398565054,-0.063940823,-0.000329375,0.002570933,0.997068524,-0.001899344,0.070665464,0.029279863
1789530885.431917191,-0.063554041,-0.000110740,0.002627227,0.997077465,-0.002320507,0.070273533,0.029880401
1789530885.465268373,-0.063433894,-0.000485244,0.002697278,0.997108698,-0.003137713,0.069995083,0.029413816
1789530885.498620272,-0.063848796,-0.001344140,0.002943447,0.997054458,-0.003704247,0.070670418,0.029570723
1789530885.531972408,-0.063870075,-0.000571860,0.002672082,0.997057080,-0.002884955,0.070664436,0.029587436
1789530885.565324783,-0.063733798,0.000094073,0.002340449,0.997094214,-0.002603571,0.070256606,0.029332830
1789530885.598675728,-0.063280790,-0.000671088,0.002771233,0.997118533,-0.003695400,0.069812112,0.029451152
1789530885.632027864,-0.063742831,-0.000287811,0.002817804,0.997100770,-0.003092252,0.070295364,0.028966388
1789530885.665380239,-0.063863613,-0.000618757,0.002620938,0.997071922,-0.003155466,0.070602410,0.029205110
1789530885.698731184,-0.063821667,-0.001164854,0.002735435,0.997039497,-0.003452704,0.070760019,0.029890727
1789530885.732083321,-0.063523939,0.000132480,0.002073971,0.997107625,-0.002050612,0.070071898,0.029364755
1789530885.765435457,-0.063410403,-0.001321516,0.002961123,0.997109175,-0.003565155,0.069970600,0.029408915
1789530885.798787594,-0.063477895,-0.000686789,0.002233832,0.997136354,-0.002037220,0.069898017,0.028795561
1789530885.832138777,-0.064223416,-0.001789179,0.002475322,0.996685684,-0.002706318,0.075449005,0.030294491
1789530885.865490913,-0.064979970,-0.002623160,0.003071301,0.995711267,-0.004571266,0.085824504,0.034241170
1789530885.898843050,-0.064502795,-0.002803998,0.002483692,0.995531082,-0.003066474,0.087699465,0.034890283
1789530885.932195425,-0.065160237,-0.002211272,0.002597910,0.995242119,-0.002833507,0.090796784,0.035227001
1789530885.965546370,-0.063919731,-0.003026183,0.003486446,0.994233310,-0.005956769,0.099336803,0.039961893
1789530885.998898506,-0.062781597,-0.004055737,0.003582008,0.992856443,-0.009805682,0.110604495,0.043666076
1789530886.032250643,-0.061822368,-0.004588636,0.003308736,0.991625488,-0.012188900,0.119125918,0.048367266
1789530886.065601826,-0.061038370,-0.005341334,0.002360609,0.990735829,-0.013046520,0.124854617,0.051804677
1789530886.098954201,-0.059365160,-0.007906656,0.000881505,0.990052402,-0.012468535,0.128443137,0.056063499
1789530886.132306099,-0.059428065,-0.010705402,-0.001975631,0.989184678,-0.009020519,0.134539515,0.057718828
1789530886.165658474,-0.058767493,-0.013952785,-0.005137704,0.988341033,-0.005645481,0.139784470,0.060087811
1789530886.199009418,-0.057940791,-0.016769096,-0.008453908,0.988280833,-0.001350236,0.140753388,0.059056234
1789530886.232361794,-0.057265788,-0.021077619,-0.011930117,0.987864852,-0.000097084,0.142842829,0.060984429
1789530886.265714169,-0.055054583,-0.024389922,-0.014818660,0.987364471,0.002189551,0.145010665,0.063863866
1789530886.299066067,-0.052360425,-0.029274350,-0.018309442,0.986545563,0.002613975,0.148854211,0.067553200
1789530886.332417488,-0.049543105,-0.031427995,-0.021266622,0.985374749,0.007091898,0.154497594,0.071532592
1789530886.365769863,-0.047005688,-0.036365433,-0.024478538,0.983924389,0.008664652,0.160965219,0.076863654
1789530886.399122000,-0.047467943,-0.032643406,-0.030903149,0.981820107,0.021722322,0.169619292,0.082381435
1789530886.432473660,-0.043553308,-0.036089309,-0.034492582,0.980409026,0.024117500,0.174310416,0.088501312
1789530886.465826035,-0.038356939,-0.039590619,-0.037503712,0.978627980,0.024709774,0.180859104,0.094692618
1789530886.499178410,-0.032091345,-0.044209028,-0.040423768,0.976625741,0.023278492,0.188252151,0.101101577
1789530886.532530785,-0.026134140,-0.047967359,-0.042569417,0.974731326,0.023298338,0.194174916,0.107945718
1789530886.565882206,-0.020612550,-0.051008747,-0.045137666,0.972899914,0.024649385,0.199971542,0.113444321
1789530886.599234581,-0.014857559,-0.054651793,-0.047029963,0.970743179,0.026443712,0.207537740,0.117840767
1789530886.632587194,-0.008346848,-0.058610732,-0.049963302,0.968608439,0.027206341,0.214679062,0.122353993
1789530886.665939808,-0.001516763,-0.062699452,-0.051206984,0.966714978,0.027849128,0.219627231,0.128259614
1789530886.699290991,0.003942313,-0.065094930,-0.051966531,0.964262784,0.030652301,0.225954413,0.134915918
1789530886.732643604,0.011329052,-0.068488913,-0.053104542,0.961673439,0.031040538,0.233220100,0.140815839
1789530886.765995741,0.019102490,-0.073311767,-0.054874909,0.959125876,0.030995972,0.239545986,0.147426128
1789530886.799347401,0.026883992,-0.078426015,-0.057472136,0.956576705,0.029942431,0.245412096,0.154393569
1789530886.832699776,0.034812392,-0.080217685,-0.056679637,0.953752518,0.031941514,0.250777453,0.162624031
1789530886.866052151,0.041114950,-0.084423935,-0.059743265,0.951350272,0.031559136,0.255904645,0.168670133
1789530886.899404764,0.048683700,-0.088356399,-0.061315740,0.949206710,0.028262073,0.259288222,0.176004276
1789530886.932756186,0.057724034,-0.091601074,-0.062946549,0.946189523,0.033511754,0.265429467,0.182070196
1789530886.966108561,0.065801236,-0.096423003,-0.063422033,0.943563819,0.033621591,0.269962937,0.188883543
1789530886.999461174,0.074485417,-0.099440553,-0.064114922,0.940383494,0.035583086,0.275013864,0.196926951
1789530887.032812834,0.083009272,-0.103219838,-0.064994371,0.937174678,0.037312791,0.280554444,0.203962043
1789530887.066164970,0.093210680,-0.107159219,-0.066881259,0.934420764,0.037443936,0.284436613,0.211072594
1789530887.099517584,0.102971670,-0.111045666,-0.067290266,0.930521488,0.036618609,0.290774822,0.219633356
1789530887.132870197,0.114030788,-0.113574578,-0.069202541,0.927235305,0.035496414,0.296003103,0.226620570
1789530887.166221619,0.124261386,-0.116966778,-0.068650777,0.923794627,0.033326749,0.302314878,0.232590958
1789530887.199574232,0.135597963,-0.120591468,-0.068793381,0.920614660,0.030090434,0.308089882,0.237999901
1789530887.232926846,0.145053375,-0.121610369,-0.068382103,0.917770624,0.030306544,0.312956154,0.242563695
1789530887.266278982,0.155059633,-0.124250942,-0.067205316,0.915344775,0.027703431,0.315808475,0.248277277
1789530887.299630642,0.163526797,-0.122860321,-0.065127350,0.911693156,0.028706793,0.320743501,0.255176663
1789530887.332983255,0.173814561,-0.122243754,-0.063910813,0.907761395,0.026599867,0.326805353,0.261648625
1789530887.366337538,0.183535181,-0.121417500,-0.062344646,0.903801501,0.026576871,0.332367688,0.268269211
1789530887.399691105,0.193870754,-0.121744029,-0.060485232,0.900335491,0.024867086,0.336299092,0.275101036
1789530887.433045626,0.203767241,-0.122350158,-0.058471544,0.896932721,0.020883886,0.341058910,0.280632287
1789530887.466400385,0.211837724,-0.122996383,-0.056478833,0.893463552,0.015802834,0.346990883,0.284728944
1789530887.499754906,0.219681289,-0.123688021,-0.054145541,0.890971959,0.011151975,0.351704717,0.286964148
1789530887.533108473,0.227868875,-0.124182635,-0.051558002,0.888442934,0.005237547,0.356024355,0.289635152
1789530887.566463232,0.235150514,-0.123704939,-0.049376218,0.885997713,0.000571252,0.359378368,0.293010354
1789530887.599817514,0.242532436,-0.122529798,-0.047544636,0.884134948,-0.001586886,0.360612839,0.297088116
1789530887.633172274,0.249892183,-0.121404568,-0.045183263,0.882269263,-0.003904028,0.362418592,0.300397426
1789530887.666526079,0.256801995,-0.121588867,-0.042932379,0.879525304,-0.008716499,0.366264641,0.303660095
1789530887.699880600,0.264131595,-0.121413965,-0.040757305,0.877901912,-0.011936475,0.368184775,0.305918008
1789530887.733235359,0.268274473,-0.119940047,-0.038862662,0.876834810,-0.013311260,0.370484859,0.306144744
1789530887.766589165,0.273304674,-0.119289331,-0.036924306,0.875212729,-0.018102642,0.373926431,0.306356132
1789530887.799943924,0.278324836,-0.118421941,-0.034588049,0.873564661,-0.022412356,0.376248866,0.307927459
1789530887.833298683,0.284832031,-0.117219537,-0.032416617,0.872903168,-0.025542356,0.376108736,0.309725314
1789530887.866653204,0.289755321,-0.115834302,-0.029776922,0.871339142,-0.029002683,0.378293991,0.311160237
1789530887.900007010,0.297762709,-0.113781135,-0.027578262,0.868354738,-0.030668480,0.381175518,0.315792203
1789530887.933362007,0.302623165,-0.112829385,-0.024751620,0.867036998,-0.033567317,0.382574439,0.317422271
1789530887.966716766,0.308278357,-0.111183282,-0.022256682,0.865043402,-0.036879331,0.385243505,0.319260597
1789530888.000071526,0.313156626,-0.109976087,-0.019878359,0.862172127,-0.042473454,0.389410496,0.321270347
1789530888.033425570,0.318095006,-0.108752412,-0.017457698,0.860436499,-0.047793891,0.391217947,0.322975874
1789530888.066780329,0.322714953,-0.107343617,-0.015492734,0.859075069,-0.051223066,0.392653555,0.324329376
1789530888.100135326,0.328080268,-0.105611401,-0.012975512,0.856678665,-0.054168023,0.395655632,0.326533705
1789530888.133489370,0.332649469,-0.104538127,-0.010719957,0.854654789,-0.057960767,0.397956640,0.328384459
1789530888.166843891,0.336915999,-0.102969611,-0.008320015,0.852772355,-0.061149728,0.400924414,0.329089254
1789530888.200198889,0.340991328,-0.101782663,-0.006224825,0.852186024,-0.063649587,0.401238799,0.329750121
1789530888.233553886,0.344801205,-0.100755437,-0.005101003,0.852280378,-0.065430976,0.399323165,0.331478715
1789530888.266907930,0.348536186,-0.099604942,-0.003521781,0.851615667,-0.067941107,0.399492264,0.332476616
1789530888.300262928,0.352400022,-0.098149304,-0.000897565,0.850366712,-0.070509620,0.401194572,0.333088279
1789530888.333617926,0.355613065,-0.096931444,0.001918062,0.849367023,-0.073331811,0.401764631,0.334340245
1789530888.366966009,0.358858521,-0.096063848,0.004444345,0.848739564,-0.076452389,0.401913941,0.335054547
1789530888.400315046,0.361614788,-0.094824363,0.007043075,0.847378254,-0.079939373,0.403155029,0.336193144
1789530888.433664083,0.364361230,-0.093478535,0.009825184,0.846357644,-0.083177045,0.403472036,0.337595522
1789530888.467012882,0.366645815,-0.092281854,0.011893736,0.845824361,-0.086715423,0.403021961,0.338577867
1789530888.500360966,0.369561329,-0.090845782,0.014718646,0.843741596,-0.091689914,0.404726505,0.340425462
1789530888.533710003,0.372797481,-0.089223023,0.016933816,0.842165411,-0.097318634,0.404965341,0.342475861
1789530888.567058802,0.375282571,-0.087287486,0.018800624,0.839970052,-0.102055520,0.407854021,0.343059957
1789530888.600407600,0.377852045,-0.085941413,0.021342071,0.835799754,-0.109342933,0.412448227,0.345498651
1789530888.633755684,0.380147801,-0.083712655,0.022832323,0.832754314,-0.114979550,0.413852870,0.349321812
1789530888.667104483,0.383121836,-0.081198037,0.025068546,0.830384791,-0.118678965,0.414474845,0.352969021
1789530888.700453281,0.385220576,-0.079336989,0.027558344,0.828505993,-0.121996082,0.414978385,0.355651200
1789530888.733801365,0.387239035,-0.077296095,0.028884702,0.827149153,-0.125004932,0.413933396,0.358966857
1789530888.767150164,0.389467457,-0.075561140,0.030615091,0.825604141,-0.128699899,0.413612306,0.361578584
1789530888.800498962,0.391676841,-0.073348672,0.031631959,0.824511826,-0.131594047,0.413101017,0.363608211
1789530888.833847761,0.394253843,-0.071011925,0.033171385,0.822628915,-0.134858221,0.413583934,0.366119325
1789530888.867195606,0.396633371,-0.069263426,0.033982052,0.820744455,-0.138060018,0.412759244,0.370064735
1789530888.900544167,0.399738862,-0.066564899,0.037949122,0.817797959,-0.140156195,0.415935129,0.372237474
1789530888.933892965,0.402105902,-0.064778998,0.038644792,0.815407336,-0.143488571,0.416158766,0.375943899
1789530888.967241764,0.404467341,-0.062975342,0.039010754,0.812950790,-0.146507695,0.416591793,0.379602343
1789530889.000589371,0.406329735,-0.061267175,0.038992451,0.811972618,-0.147906005,0.416547090,0.381199032
1789530889.033938169,0.408454247,-0.059373087,0.039230385,0.809500277,-0.151061550,0.417848378,0.383786827
1789530889.067286968,0.410451893,-0.057453489,0.039149185,0.807169914,-0.154471844,0.418673933,0.386429131
1789530889.100634575,0.412376358,-0.055483588,0.039059942,0.805382371,-0.158565179,0.418709636,0.388456762
1789530889.133983135,0.414133221,-0.053477934,0.039483258,0.802768350,-0.163224339,0.419101357,0.391503513
1789530889.167331696,0.415612540,-0.051167030,0.039768135,0.801587641,-0.166077271,0.417093396,0.394852906
1789530889.200680494,0.416705816,-0.049118416,0.040073117,0.800153017,-0.169222996,0.415941179,0.397632688
1789530889.234027863,0.417522376,-0.047273911,0.040418932,0.798927367,-0.172953919,0.414532632,0.399955779
1789530889.267376423,0.418087928,-0.045388053,0.041202248,0.798719108,-0.176086083,0.411888450,0.401733100
1789530889.300724983,0.418834184,-0.044180384,0.042568364,0.798365831,-0.180090785,0.409127027,0.403477967
1789530889.334073544,0.419493118,-0.043259601,0.043215661,0.797967911,-0.184093088,0.406349033,0.405262232
1789530889.367421627,0.419719333,-0.041874290,0.043987469,0.797345221,-0.187816635,0.404413611,0.406712741
1789530889.400770664,0.420478780,-0.040436576,0.045149270,0.796148777,-0.192841113,0.402526379,0.408572942
1789530889.434119940,0.420809059,-0.038347331,0.046113132,0.795086145,-0.197317749,0.398781240,0.412161767
1789530889.467468023,0.421502150,-0.036468895,0.047197853,0.792677104,-0.203601226,0.395142257,0.417219639
1789530889.500817060,0.421563394,-0.033666841,0.048877342,0.790477395,-0.208536297,0.392739296,0.421205550
1789530889.534166336,0.421674130,-0.030514387,0.050181196,0.788507283,-0.213755026,0.388879806,0.425837636
1789530889.567515373,0.421792150,-0.028096466,0.051515191,0.787217140,-0.217940852,0.384238631,0.430292368
1789530889.600863457,0.421609244,-0.025651929,0.052268356,0.788380802,-0.217924386,0.378829509,0.432958275
1789530889.634212494,0.420957777,-0.023350308,0.052735534,0.788829267,-0.218821943,0.376599044,0.433634162
1789530889.667561531,0.420744723,-0.021811902,0.053881936,0.786618710,-0.222779244,0.377225310,0.435087949
1789530889.700909376,0.421200091,-0.019802443,0.054265880,0.785375178,-0.227456465,0.375106484,0.436743081
1789530889.734258652,0.421217293,-0.016301728,0.053823240,0.784955978,-0.227910712,0.372559637,0.439431787
1789530889.767607450,0.421302471,-0.014155390,0.054111028,0.784149766,-0.229594186,0.370823979,0.441458136
1789530889.800956488,0.421674558,-0.012294883,0.054043953,0.783462167,-0.230902702,0.369176686,0.443373054
1789530889.834304333,0.421688025,-0.011912430,0.056851269,0.780913293,-0.235942334,0.372698069,0.442268997
1789530889.867653370,0.422064765,-0.011340115,0.057363619,0.779942691,-0.238234580,0.372474730,0.442940652
1789530889.901002169,0.421600031,-0.010531088,0.057669944,0.779364049,-0.238843620,0.374156237,0.442213297
1789530889.934350967,0.421775071,-0.009593684,0.057419698,0.779161274,-0.239377663,0.374264807,0.442190021
1789530889.967699051,0.421796618,-0.009270863,0.057170146,0.779610097,-0.239033803,0.373743594,0.442025810
1789530890.001047850,0.421546009,-0.009226688,0.057183861,0.780175030,-0.238804340,0.374229997,0.440739602
1789530890.034396648,0.421356768,-0.009301620,0.056738861,0.780263424,-0.238405570,0.375661224,0.439579725
1789530890.067744732,0.421340118,-0.009420318,0.056398823,0.780482471,-0.238193065,0.376016378,0.439002186
1789530890.101093531,0.420995546,-0.009482936,0.056221208,0.780932426,-0.238059357,0.375708580,0.438537896
1789530890.134442091,0.420603931,-0.009502027,0.055947411,0.780707598,-0.237784430,0.376509517,0.438400149
1789530890.167791128,0.420388246,-0.009616641,0.055941557,0.780266881,-0.238596320,0.376910239,0.438399374
1789530890.201138735,0.420058885,-0.009376612,0.056199986,0.779891074,-0.239104167,0.377114415,0.438615859
1789530890.234487534,0.419698980,-0.008666535,0.056218155,0.780253470,-0.238478243,0.375730067,0.439499348
1789530890.267836094,0.419174685,-0.008021479,0.056516499,0.780549884,-0.237850711,0.374387950,0.440457344
1789530890.301185131,0.419373446,-0.007226682,0.056571545,0.780804873,-0.237712398,0.372633904,0.441565931
1789530890.334532738,0.419377761,-0.006840372,0.056757149,0.781715274,-0.236980036,0.371204197,0.441553235
1789530890.367881298,0.419430466,-0.006570865,0.057309372,0.782663286,-0.236169398,0.370534480,0.440870166
1789530890.401229620,0.419510166,-0.006240327,0.057337102,0.783353806,-0.236331299,0.370305508,0.439748019
1789530890.434577227,0.419950170,-0.005890098,0.057348216,0.783733070,-0.236215889,0.369864345,0.439505190
1789530890.467925549,0.419954241,-0.005465080,0.057610624,0.783687472,-0.236025259,0.370582819,0.439083546
1789530890.501273870,0.420429473,-0.004827611,0.057815032,0.782683372,-0.237609491,0.372093081,0.438742727
1789530890.534622431,0.420708668,-0.004511631,0.058185776,0.781358361,-0.239222467,0.373891771,0.438698828
1789530890.567969799,0.420817200,-0.003864694,0.058493608,0.780136406,-0.240059912,0.375458688,0.439077526
1789530890.601318121,0.421511210,-0.003667853,0.058385237,0.779596686,-0.240877941,0.374668419,0.440261900
1789530890.634666204,0.421390282,-0.003933062,0.058479031,0.779732764,-0.240315512,0.375497371,0.439621568
1789530890.668014765,0.421239819,-0.004199400,0.058691630,0.779617429,-0.240333706,0.376604170,0.438868791
1789530890.701361895,0.421037294,-0.004365150,0.058683745,0.779621065,-0.239987046,0.376819938,0.438866705
1789530890.734709978,0.420723758,-0.004577248,0.058891083,0.779954374,-0.240064472,0.377267689,0.437846363
1789530890.768058300,0.420279040,-0.004543492,0.058723296,0.780632973,-0.238944337,0.377218574,0.437291652
1789530890.801405430,0.420279254,-0.004985455,0.058834032,0.780502856,-0.239379302,0.376796514,0.437649786
1789530890.834753752,0.420320115,-0.004887575,0.058348141,0.780854523,-0.238863587,0.375508636,0.438410491
1789530890.868101835,0.419725057,-0.004978820,0.057788782,0.780999541,-0.237756774,0.375035465,0.439158320
1789530890.901449919,0.419297724,-0.005446924,0.057499456,0.781263232,-0.236973912,0.375920981,0.438354522
1789530890.934796810,0.419403746,-0.006056482,0.056731298,0.781481981,-0.236199751,0.374634892,0.439481735
1789530890.968145132,0.418667009,-0.006780256,0.056007136,0.782101929,-0.234660774,0.374497294,0.439320594
1789530891.001493216,0.418066565,-0.007787300,0.055406351,0.782577157,-0.233427703,0.374913543,0.438776046
1789530891.034840107,0.417144687,-0.008913669,0.054802517,0.783298671,-0.230668426,0.375397027,0.438534379
1789530891.068188190,0.415970364,-0.010282548,0.053985995,0.784242809,-0.226198405,0.375913411,0.438733160
1789530891.101536036,0.415027858,-0.012305981,0.053129107,0.784717023,-0.224551395,0.378205776,0.436756402
1789530891.134884119,0.413385924,-0.013861997,0.051550817,0.785782158,-0.221850619,0.380637765,0.434100896
1789530891.168231010,0.411887414,-0.015698227,0.049970365,0.787067235,-0.218222111,0.382565022,0.431912512
1789530891.201578856,0.410089478,-0.017747493,0.048006164,0.788573682,-0.213954657,0.384395063,0.429668754
1789530891.234926701,0.408787586,-0.019599510,0.046241582,0.789010167,-0.211190611,0.386858761,0.428020656
1789530891.268274546,0.406924640,-0.021416436,0.044295867,0.789813519,-0.208021790,0.389454842,0.425730377
1789530891.301621675,0.405407460,-0.023668823,0.041680258,0.790988445,-0.205559865,0.390033782,0.424212188
1789530891.334969282,0.403364149,-0.024948125,0.039078081,0.792317986,-0.201962233,0.392203808,0.421449542
1789530891.368321419,0.401582770,-0.026421224,0.036410788,0.793152928,-0.198180646,0.394745886,0.419295311
1789530891.401672602,0.399072031,-0.027558416,0.035120137,0.793101013,-0.195005491,0.398684174,0.417150497
1789530891.435024977,0.396656632,-0.028417078,0.033043972,0.793233335,-0.192086294,0.401047975,0.415985852
1789530891.468377113,0.394143843,-0.028777833,0.030021635,0.794266999,-0.186803684,0.402578354,0.414939582
1789530891.501729488,0.391324771,-0.029768899,0.027506236,0.794633985,-0.183196634,0.405160725,0.413328946
1789530891.535080910,0.388665741,-0.029729378,0.024803437,0.796263874,-0.178086832,0.406705886,0.410900503
1789530891.568433285,0.385792863,-0.030928081,0.022838884,0.796240151,-0.175287008,0.411676496,0.407183647
1789530891.601785660,0.382702767,-0.030424897,0.019370144,0.797629535,-0.169681862,0.415829152,0.402593315
1789530891.635138035,0.380426752,-0.031593894,0.017488125,0.797856569,-0.165949076,0.419499069,0.399883121
1789530891.668489456,0.376932799,-0.032912853,0.014250064,0.800805330,-0.159186363,0.419923604,0.396275878
1789530891.701841831,0.374460992,-0.035207022,0.011602956,0.802798748,-0.155622602,0.421088785,0.392403007
1789530891.735194445,0.369679992,-0.035475899,0.008877057,0.805461526,-0.147699207,0.424424261,0.386368722
1789530891.768545866,0.367338233,-0.037085638,0.006526124,0.807309866,-0.143847927,0.426072091,0.382126957
1789530891.801898479,0.364409252,-0.040097602,0.005359757,0.807556212,-0.142112732,0.430010855,0.377819687
1789530891.835251093,0.361390930,-0.041619561,0.003435165,0.808088183,-0.138344184,0.433838367,0.373682648
1789530891.868603468,0.357941357,-0.042485749,0.000418198,0.809475482,-0.133873716,0.436424583,0.369270921
1789530891.901955128,0.352966769,-0.042935119,-0.002376559,0.810668707,-0.127675861,0.440446526,0.364035577
1789530891.935307980,0.351410412,-0.044784107,-0.005638263,0.811830819,-0.126509801,0.441158891,0.360977679
1789530891.968660355,0.348589472,-0.046706992,-0.007879937,0.812207460,-0.123696007,0.443387330,0.358365953
1789530892.002013206,0.345436266,-0.048515408,-0.010263765,0.812758565,-0.122207694,0.446196109,0.354115367
1789530892.035364628,0.342726062,-0.050203459,-0.012983351,0.812815428,-0.120703600,0.449801415,0.349915057
1789530892.068717480,0.339868915,-0.051384783,-0.015692298,0.812113643,-0.119586177,0.455369323,0.344687462
1789530892.102070332,0.337343485,-0.052499782,-0.018454647,0.811055243,-0.119309656,0.461215347,0.339462966
1789530892.135422230,0.334804006,-0.053949914,-0.021481935,0.809776723,-0.119025439,0.467000991,0.334670961
1789530892.168774843,0.332149782,-0.055575496,-0.024074813,0.808564782,-0.116988368,0.473214447,0.329552382
1789530892.202127695,0.329427152,-0.056672980,-0.028121345,0.808691084,-0.113827646,0.477317303,0.324392200
1789530892.235480547,0.327128182,-0.058213831,-0.030715470,0.807209671,-0.113164470,0.482849538,0.320098072
1789530892.268832445,0.324985949,-0.058543841,-0.033741292,0.806026995,-0.111439489,0.487732977,0.316256702
1789530892.302185297,0.322847083,-0.059668584,-0.036301870,0.805079639,-0.110294394,0.492232651,0.312071979
1789530892.335538387,0.321081896,-0.062306763,-0.038059987,0.804149091,-0.110621706,0.496235192,0.307989627
1789530892.368886709,0.319326258,-0.063851436,-0.040389450,0.803825319,-0.108845964,0.499096096,0.304828793
1789530892.402235985,0.318218383,-0.066858066,-0.041506208,0.802465558,-0.109411940,0.502280176,0.302972943
1789530892.435585499,0.316776801,-0.067931141,-0.043717984,0.802893162,-0.105756454,0.503119290,0.301743358
1789530892.468934774,0.315890152,-0.069484943,-0.045712546,0.802995741,-0.102390997,0.503945589,0.301252156
1789530892.502283096,0.315657999,-0.070930932,-0.048105219,0.803023815,-0.099183679,0.504301548,0.301654160
1789530892.535632610,0.315784711,-0.072961549,-0.050514692,0.802473664,-0.097598836,0.504670501,0.303015113
1789530892.568981647,0.316789411,-0.075221656,-0.053097349,0.801269472,-0.097027458,0.505485296,0.305020779
1789530892.602331161,0.317981057,-0.077278137,-0.055839820,0.800019801,-0.096163966,0.507166803,0.305781901
1789530892.635679483,0.318610272,-0.079172148,-0.057908095,0.797728598,-0.094980232,0.511335611,0.305194378
1789530892.669028521,0.320204826,-0.080067818,-0.060991282,0.796328843,-0.092320889,0.513664722,0.305754423
1789530892.702378035,0.322393888,-0.082519876,-0.065131466,0.795140862,-0.090939328,0.514507830,0.307835817
1789530892.735726118,0.324612974,-0.083643690,-0.067611354,0.792958438,-0.088326462,0.517333686,0.309485257
1789530892.769075155,0.327800308,-0.086206422,-0.071287019,0.791246533,-0.086691797,0.519177973,0.311235636
1789530892.802424669,0.330011651,-0.087739901,-0.073574451,0.788988590,-0.083849415,0.522250712,0.312602788
1789530892.835773706,0.334011381,-0.089357655,-0.077692606,0.787470102,-0.083711006,0.522965074,0.315262914
1789530892.869121790,0.338193589,-0.088914951,-0.081474654,0.784704566,-0.081512190,0.525395215,0.318675876
1789530892.902471066,0.341777159,-0.089715235,-0.083859048,0.780591190,-0.080416106,0.529856026,0.321656913
1789530892.935820103,0.347489157,-0.091758524,-0.088050154,0.778460920,-0.081651054,0.530726731,0.325055361
1789530892.969169140,0.352382545,-0.092202315,-0.091781318,0.775773823,-0.080474712,0.532742262,0.328457832
1789530893.002517223,0.357648113,-0.090911893,-0.095476441,0.772719204,-0.078099146,0.534782112,0.332886755
1789530893.035866499,0.361796562,-0.089327890,-0.098725226,0.769301176,-0.075787395,0.538007438,0.336125016
1789530893.069215536,0.366723985,-0.088948534,-0.101114532,0.766181231,-0.075729690,0.540908158,0.338599533
1789530893.102563620,0.371896263,-0.089266462,-0.104665429,0.763094783,-0.077488549,0.544223905,0.339856327
1789530893.135912895,0.377011153,-0.089651320,-0.106694944,0.759529710,-0.079649478,0.547363877,0.342291504
1789530893.169261694,0.381318481,-0.089898080,-0.108728247,0.757599056,-0.079239443,0.547544479,0.346352041
1789530893.202610731,0.385816001,-0.090360603,-0.110253056,0.756303132,-0.078139983,0.547026992,0.350230306
1789530893.235958815,0.389674389,-0.090529736,-0.112384692,0.753809810,-0.078573763,0.548749268,0.352804512
1789530893.269307852,0.395177558,-0.090557266,-0.114505622,0.750503004,-0.081012696,0.550743520,0.356179476
1789530893.302656651,0.400057295,-0.090063219,-0.115593350,0.748239279,-0.083503932,0.550671697,0.360452235
1789530893.336005926,0.404160293,-0.089171696,-0.116236001,0.746669650,-0.084671408,0.550020456,0.364407331
1789530893.369356394,0.408266291,-0.087890571,-0.116714432,0.744823158,-0.086243711,0.549946189,0.367912620
1789530893.402708292,0.413154078,-0.086744957,-0.117257619,0.742937028,-0.088495478,0.550871909,0.369801879
1789530893.436059952,0.416779058,-0.085239071,-0.117126553,0.741273403,-0.091282770,0.551967978,0.370826960
1789530893.469410896,0.420923222,-0.083519174,-0.116906230,0.740129948,-0.093408026,0.551477671,0.373302847
1789530893.502762794,0.424283667,-0.081879268,-0.116146010,0.739681542,-0.094853908,0.551069856,0.374427646
1789530893.536114693,0.429437918,-0.079994209,-0.115718402,0.738742471,-0.097025663,0.550669611,0.376309246
1789530893.569466591,0.433170757,-0.078223665,-0.114883142,0.737814128,-0.097890049,0.550563693,0.378057480
1789530893.602817297,0.438729323,-0.077221966,-0.114221017,0.737012804,-0.099370614,0.550723255,0.379000694
1789530893.636169195,0.442725870,-0.076148844,-0.113214963,0.735884488,-0.102516368,0.551743150,0.378871858
1789530893.669521093,0.447387045,-0.075854735,-0.112514166,0.734128714,-0.106347419,0.554101706,0.377778411
1789530893.702871799,0.451694588,-0.075446448,-0.111822750,0.732874334,-0.108431540,0.555830300,0.377081662
1789530893.736223936,0.456397449,-0.074975578,-0.110974497,0.731875837,-0.110738382,0.555332959,0.379078001
1789530893.769575596,0.460821757,-0.074306275,-0.110538763,0.731137037,-0.111286841,0.553906977,0.382414728
1789530893.802927494,0.464670780,-0.073201407,-0.109984244,0.730453134,-0.111438558,0.552575052,0.385591149
1789530893.836278677,0.469405900,-0.072106494,-0.109899563,0.728430033,-0.114646330,0.552122712,0.389109939
1789530893.869630337,0.475151015,-0.070779833,-0.110287619,0.725261509,-0.117495894,0.553453445,0.392275155
1789530893.902982473,0.480566035,-0.069750633,-0.110941572,0.722592294,-0.120405443,0.553918302,0.395648301
1789530893.936334133,0.484938312,-0.067771190,-0.111807914,0.720218062,-0.121585719,0.554068387,0.399388403
1789530893.969685316,0.488852252,-0.065996852,-0.112707027,0.717636168,-0.122830309,0.554156423,0.403511852
1789530894.003037214,0.494321385,-0.063688248,-0.113878588,0.714623690,-0.124860756,0.553921700,0.408525974
1789530894.036389112,0.507147083,-0.060126612,-0.115284298,0.710411727,-0.129524082,0.553660631,0.414727241
1789530894.069740057,0.512985059,-0.056742128,-0.115837210,0.706566393,-0.132109106,0.553162277,0.421097070
1789530894.103091955,0.518092297,-0.053394254,-0.116425672,0.703698695,-0.133681372,0.551157713,0.427975029
1789530894.136444092,0.522590337,-0.050922892,-0.116862562,0.701674521,-0.135478809,0.548757374,0.433778495
1789530894.169795990,0.526668452,-0.047720109,-0.116765553,0.699083269,-0.137866005,0.547397256,0.438898563
1789530894.203146935,0.532074290,-0.044602054,-0.115860341,0.695594430,-0.142881095,0.547518432,0.442670345
1789530894.236499071,0.536009654,-0.040994064,-0.114518637,0.693198383,-0.147429287,0.547017157,0.445547938
1789530894.269850969,0.540397877,-0.038058235,-0.112775548,0.690631270,-0.153913572,0.545740426,0.448894680
1789530894.303202868,0.544980269,-0.034893340,-0.110440217,0.687792063,-0.159220412,0.545250237,0.451988012
1789530894.336554050,0.547682975,-0.031815158,-0.108648937,0.686354518,-0.163526714,0.543586612,0.454631984
1789530894.369907141,0.550994816,-0.028467158,-0.106776022,0.685790777,-0.168397948,0.540098190,0.457850635
1789530894.403260469,0.554350610,-0.025251094,-0.103334116,0.683613062,-0.174466550,0.538591146,0.460601956
1789530894.436612844,0.556955434,-0.021466440,-0.100496090,0.681560338,-0.179553255,0.537477553,0.462983936
1789530894.469966412,0.559442545,-0.017714826,-0.099121653,0.680721104,-0.183969066,0.534250140,0.466209292
1789530894.503319502,0.561395750,-0.014578274,-0.096348789,0.679939508,-0.187742189,0.532029331,0.468380213
1789530894.536673069,0.563895226,-0.011101758,-0.094011163,0.679615498,-0.191502750,0.529778838,0.469876438
1789530894.570025444,0.564858055,-0.006645798,-0.094213076,0.682015061,-0.193320706,0.525709271,0.470225960
1789530894.603379011,0.566853436,-0.004503452,-0.091778930,0.681716859,-0.196900308,0.524796426,0.470192701
1789530894.636732340,0.568227009,-0.002012406,-0.089367870,0.682329237,-0.198163420,0.523062527,0.470705479
1789530894.670085669,0.570035260,-0.000049976,-0.087032837,0.681760252,-0.201253757,0.521897495,0.471511394
1789530894.703438282,0.571375656,0.002107785,-0.085034296,0.682279110,-0.203358710,0.520746112,0.471130461
1789530894.736791849,0.572707542,0.004235761,-0.082994343,0.682260096,-0.206324577,0.519241512,0.471529126
1789530894.770145178,0.573859828,0.006272274,-0.081370422,0.681771398,-0.208722055,0.517521501,0.473069131
1789530894.803498030,0.574585455,0.008535901,-0.079236774,0.682142913,-0.209975243,0.515863538,0.473789275
1789530894.836851597,0.575625842,0.010793113,-0.077922992,0.681197703,-0.212633878,0.514178574,0.475790858
1789530894.870205164,0.576413233,0.013160033,-0.076280423,0.679207385,-0.214620039,0.513095975,0.478902966
1789530894.903558731,0.577289567,0.015247578,-0.075608802,0.679776907,-0.214622065,0.509612143,0.481805205
1789530894.936911345,0.578316549,0.017019917,-0.074593666,0.678953826,-0.216946185,0.507800877,0.483832985
1789530894.970265150,0.579255199,0.018170493,-0.073490825,0.676720917,-0.220309973,0.507829368,0.485408694
1789530895.003618956,0.580891378,0.019365263,-0.073166768,0.676741123,-0.222713649,0.504754007,0.487486899
1789530895.036971569,0.581790546,0.020514318,-0.072004566,0.675968647,-0.225474924,0.504281521,0.487778366
1789530895.070325375,0.582580324,0.021931075,-0.070709331,0.674937785,-0.227530867,0.504357159,0.488172710
1789530895.103679180,0.583216762,0.023221028,-0.069669410,0.674969375,-0.228829369,0.503160298,0.488756895
1789530895.137032986,0.584287328,0.024290243,-0.069223905,0.675273240,-0.231221646,0.500687063,0.489750087
1789530895.170385838,0.584351051,0.025844379,-0.068298308,0.674848676,-0.231837779,0.501761079,0.488944083
1789530895.203739643,0.584564014,0.027023159,-0.067608607,0.674392223,-0.233156398,0.501670480,0.489040017
1789530895.237093449,0.584907177,0.027998644,-0.067268404,0.673562050,-0.235487655,0.501055658,0.489696831
1789530895.270447493,0.585052009,0.029212656,-0.066851440,0.671412885,-0.237950593,0.502397478,0.490082830
1789530895.303800344,0.585607523,0.030035349,-0.066484770,0.669437885,-0.240623966,0.502074301,0.491807312
1789530895.337154388,0.585641190,0.030381284,-0.065997012,0.667961061,-0.241317347,0.502137244,0.493408680
1789530895.370506287,0.583585575,0.033281749,-0.065874555,0.670402765,-0.233623803,0.503348827,0.492564827
1789530895.403857231,0.583394282,0.034227929,-0.065794311,0.671224236,-0.233195662,0.502197564,0.492824107
1789530895.437209129,0.583838081,0.034109974,-0.064908962,0.670048237,-0.235254526,0.502679646,0.492954344
1789530895.470561266,0.583310603,0.034448665,-0.063965021,0.670165956,-0.235805288,0.504572392,0.490591705
1789530895.503913403,0.583118759,0.035344366,-0.063556355,0.670492828,-0.236164615,0.504506111,0.490040034
1789530895.537264109,0.582955258,0.036016874,-0.063114140,0.670295835,-0.236762956,0.504760742,0.489758581
1789530895.570616245,0.582954401,0.036509702,-0.062962809,0.669814289,-0.237160742,0.504640520,0.490348488
1789530895.603968143,0.582933343,0.037145742,-0.063163222,0.669614077,-0.236820012,0.503694892,0.491756797
1789530895.637320280,0.582780799,0.037355850,-0.063356129,0.669401288,-0.236298427,0.504069865,0.491913140
1789530895.670671225,0.582523395,0.037280064,-0.063565029,0.669201314,-0.235866129,0.505527794,0.490895689
1789530895.704023123,0.582508949,0.036888228,-0.063837976,0.668933094,-0.236167893,0.505906522,0.490725935
1789530895.737375259,0.582200616,0.036554919,-0.064075753,0.669552803,-0.234820038,0.506339312,0.490080744
1789530895.770726204,0.582069741,0.036161660,-0.064261835,0.669652700,-0.234610632,0.506728053,0.489642471
1789530895.804078341,0.581750451,0.036115138,-0.064588525,0.669570982,-0.234139323,0.507273078,0.489415526
1789530895.837430477,0.581478724,0.035792163,-0.064757459,0.669362187,-0.234340504,0.507751107,0.489109188
1789530895.870782375,0.580563702,0.035995102,-0.065132194,0.669624925,-0.232933447,0.508606911,0.488532007
1789530895.904133320,0.580263081,0.035902516,-0.065364338,0.669511914,-0.232681215,0.508448601,0.488971651
1789530895.937485456,0.579438901,0.035830972,-0.065319125,0.670647621,-0.231465712,0.508146226,0.488306046
1789530895.970837355,0.578678872,0.035472444,-0.065545653,0.670856595,-0.230659828,0.508002937,0.488549441
1789530896.004189491,0.577741324,0.035109417,-0.066105605,0.671093345,-0.229426995,0.507972598,0.488836199
1789530896.037540436,0.576633541,0.034444422,-0.066589453,0.672150910,-0.227374107,0.507718086,0.488606870
1789530896.070892572,0.575396780,0.033579328,-0.066959941,0.672522008,-0.226037294,0.508527696,0.487873793
1789530896.104244709,0.574391897,0.032632070,-0.067468925,0.672693133,-0.225131139,0.508648574,0.487930834
1789530896.137595654,0.573208270,0.031667037,-0.067922181,0.673608005,-0.223667949,0.508666873,0.487322241
1789530896.170947790,0.572064248,0.030585460,-0.068303121,0.674131751,-0.222447515,0.508411825,0.487422794
1789530896.204299688,0.571031207,0.029526734,-0.068657794,0.674630284,-0.221148729,0.507973492,0.487780929
1789530896.237651825,0.569830501,0.028342772,-0.069087552,0.674956799,-0.219441071,0.508131802,0.487935603
1789530896.271003008,0.568501430,0.026928626,-0.069805963,0.675891578,-0.218103841,0.507878721,0.487504363
1789530896.304354906,0.567176706,0.025488141,-0.070468417,0.676476717,-0.216961637,0.508270979,0.486793131
1789530896.337707043,0.565722453,0.023868142,-0.071554645,0.676886678,-0.215645909,0.508949757,0.486098230
1789530896.371057749,0.564105739,0.022293702,-0.072564211,0.677154601,-0.214107305,0.509530365,0.485796928
1789530896.404409885,0.562542465,0.020697073,-0.073559660,0.677240968,-0.212703764,0.510312378,0.485471964
1789530896.437761784,0.560822545,0.019021158,-0.074744473,0.677682817,-0.210896671,0.510591269,0.485350698
1789530896.471113682,0.559118051,0.016934139,-0.075898052,0.678178072,-0.209238932,0.510608077,0.485358596
1789530896.504464626,0.557083983,0.015274147,-0.076653665,0.678857803,-0.206479788,0.510696590,0.485496938
1789530896.537816763,0.555124901,0.013216128,-0.076965006,0.678928018,-0.205156013,0.510968208,0.485673934
1789530896.571168661,0.552954388,0.010298341,-0.077136832,0.678227603,-0.204396799,0.512460649,0.485400230
1789530896.604520559,0.550151660,0.007627635,-0.077064425,0.679462373,-0.201648146,0.513692737,0.483517140
1789530896.637871504,0.547634126,0.004692760,-0.077823703,0.682180166,-0.199336693,0.512745619,0.481650412
1789530896.671223402,0.544446731,0.002093436,-0.077280593,0.684921563,-0.197717592,0.514117062,0.476942331
1789530896.704575539,0.541425164,-0.000976327,-0.076513364,0.686677814,-0.197349206,0.514920533,0.473691612
1789530896.737926245,0.538337732,-0.004182917,-0.075676428,0.688769281,-0.196274474,0.515129507,0.470866024
1789530896.771278381,0.534702804,-0.006945347,-0.075253113,0.691996694,-0.193564817,0.514529705,0.467902213
1789530896.804630280,0.530671824,-0.009990207,-0.074889587,0.694210231,-0.191893324,0.514230192,0.465635419
1789530896.837982178,0.526254709,-0.013318298,-0.073857771,0.695048511,-0.190709427,0.514783263,0.464258313
1789530896.871333361,0.521853815,-0.015569561,-0.074421456,0.698347211,-0.188003913,0.512347758,0.463104337
1789530896.904685259,0.517247243,-0.018190544,-0.074140945,0.700289667,-0.185353279,0.511611998,0.462051630
1789530896.938037157,0.512611227,-0.020871842,-0.073706259,0.702073336,-0.183944851,0.510479093,0.461159915
1789530896.971389055,0.506974583,-0.023586900,-0.073131830,0.703769207,-0.181305408,0.509647369,0.460539788
1789530897.004740000,0.501112947,-0.026122628,-0.074559654,0.707772195,-0.178397566,0.505555034,0.460051060
1789530897.038092136,0.495448635,-0.028373947,-0.074521151,0.709420323,-0.177086219,0.504384577,0.459303319
1789530897.071444035,0.489308600,-0.030728564,-0.073945872,0.711490750,-0.174309209,0.503200769,0.458460808
1789530897.104794979,0.483676699,-0.033252512,-0.072956706,0.713445902,-0.172560081,0.501050949,0.458438545
1789530897.138146877,0.477624843,-0.035420103,-0.072295851,0.715550125,-0.170483902,0.499204695,0.457949817
1789530897.171499014,0.470868845,-0.037598608,-0.071144276,0.717003882,-0.168776050,0.499280065,0.456223220
1789530897.204850912,0.464745797,-0.039708103,-0.071545532,0.720363140,-0.166728109,0.496978194,0.454193234
1789530897.238201857,0.459366434,-0.042123560,-0.071873186,0.722727060,-0.165983528,0.495466739,0.452358037
1789530897.271553993,0.453776189,-0.044338200,-0.072689875,0.725317836,-0.165194288,0.494158417,0.449924946
1789530897.304905653,0.445846787,-0.046335284,-0.071430052,0.727888584,-0.163416639,0.495828480,0.444552928
1789530897.338257790,0.440870913,-0.049199555,-0.071957439,0.730558097,-0.163563684,0.495032847,0.440992385
1789530897.371605873,0.432115893,-0.052299154,-0.070863987,0.733223140,-0.161846370,0.499065846,0.432577074
1789530897.404954910,0.426147470,-0.055409714,-0.071615116,0.736629784,-0.160480306,0.500651121,0.425407022
1789530897.438303947,0.421097344,-0.058639923,-0.072183753,0.740030050,-0.159318641,0.501121521,0.419345230
1789530897.471651793,0.414182130,-0.061772073,-0.072205844,0.743055582,-0.155384779,0.501363873,0.415160596
1789530897.505001068,0.409400212,-0.064611724,-0.074180343,0.747506142,-0.152521849,0.498088181,0.412165016
1789530897.538349867,0.403586691,-0.067091244,-0.073965361,0.750072002,-0.149693578,0.498460889,0.408069193
1789530897.571698666,0.397331941,-0.069953954,-0.074504845,0.753108323,-0.147020429,0.497733563,0.404319435
1789530897.605046988,0.390142398,-0.072990909,-0.073880481,0.756563067,-0.144231156,0.497601599,0.399001777
1789530897.638395786,0.386134894,-0.074956747,-0.075432561,0.760887563,-0.142279521,0.497409344,0.391651273
1789530897.671744585,0.379098201,-0.076361255,-0.076207984,0.763934195,-0.142307788,0.500700593,0.381381720
1789530897.705092430,0.372693111,-0.077783570,-0.076866046,0.766941667,-0.140704602,0.501313448,0.375083417
1789530897.738441467,0.366215544,-0.079142559,-0.077785820,0.772532046,-0.134508356,0.498673528,0.369359523
1789530897.771790028,0.359250533,-0.080584179,-0.078440744,0.777788877,-0.127239242,0.496172160,0.364235878
1789530897.805138826,0.352763355,-0.081807426,-0.079135871,0.781288207,-0.122225538,0.493872225,0.361579865
1789530897.838486910,0.345987189,-0.082747974,-0.079861490,0.784471095,-0.116990268,0.491385520,0.359803796
1789530897.871835470,0.338951629,-0.083892294,-0.080584400,0.788227558,-0.112019561,0.488656342,0.356881112
1789530897.905184269,0.331997942,-0.084934877,-0.081178701,0.791597486,-0.107986629,0.486806571,0.353173941
1789530897.938533306,0.324579521,-0.086161514,-0.081685366,0.794971228,-0.103880405,0.485186189,0.349032968
1789530897.971880913,0.318095527,-0.087318782,-0.081995872,0.798613429,-0.101234503,0.483490527,0.343809843
1789530898.005229473,0.310432435,-0.088408667,-0.082565022,0.801438689,-0.098511048,0.483109027,0.338522345
1789530898.038578272,0.303218315,-0.089209120,-0.083266576,0.804408014,-0.094773032,0.481892169,0.334253997
1789530898.071926117,0.294837126,-0.089733224,-0.083874045,0.808366179,-0.089698754,0.479217798,0.329922110
1789530898.105274677,0.286810119,-0.090340486,-0.084593634,0.812576652,-0.084702849,0.476472616,0.324835896
1789530898.138623238,0.279949109,-0.091461859,-0.084623346,0.816087842,-0.081114620,0.474787980,0.319370538
1789530898.171972036,0.272106356,-0.092016684,-0.085042690,0.820523322,-0.077497840,0.472141564,0.312758714
1789530898.205319643,0.264477115,-0.092280148,-0.084920270,0.824751914,-0.073082812,0.469834447,0.306102723
1789530898.238668203,0.256166429,-0.092534621,-0.084859921,0.828210533,-0.067135319,0.469184160,0.299042702
1789530898.272016525,0.247864956,-0.092671999,-0.085356984,0.831527293,-0.060684796,0.468630463,0.292001963
1789530898.305365324,0.239201893,-0.092978978,-0.085168055,0.836282253,-0.055311941,0.464701533,0.285700947
1789530898.338712931,0.231665804,-0.093208989,-0.084810889,0.841119885,-0.050778851,0.459966779,0.279945582
1789530898.372062206,0.222766457,-0.092458379,-0.084056860,0.845423222,-0.045545809,0.456838131,0.272917747
1789530898.405411720,0.212749808,-0.091710364,-0.084868537,0.850087225,-0.040847126,0.452627569,0.266104430
1789530898.438760042,0.204134859,-0.092296553,-0.084476816,0.854344666,-0.037043270,0.448047668,0.260722905
1789530898.472109079,0.194695791,-0.091938568,-0.083071595,0.859040678,-0.032887660,0.442783058,0.254775941
1789530898.505458593,0.185631504,-0.091591127,-0.081603768,0.863782644,-0.029543653,0.437768221,0.247721136
1789530898.538807869,0.177604972,-0.091468424,-0.080661805,0.868010104,-0.027666790,0.432896852,0.241647020
1789530898.572156191,0.168545168,-0.089868284,-0.079595731,0.872264624,-0.024299121,0.427217394,0.236747324
1789530898.605505466,0.159404333,-0.089870220,-0.078001368,0.876455724,-0.023106728,0.421448112,0.231674537
1789530898.638854742,0.151167669,-0.089538534,-0.076404878,0.881179988,-0.020516759,0.413912356,0.227546498
1789530898.672203779,0.142067067,-0.088158511,-0.075295228,0.886629045,-0.014735889,0.404083222,0.224473715
1789530898.705552340,0.133176137,-0.086178203,-0.074358858,0.891844273,-0.008208200,0.395178825,0.219954953
1789530898.738901377,0.124510005,-0.085869158,-0.072734163,0.896226108,-0.005622793,0.388485312,0.214071095
1789530898.772250414,0.116475569,-0.084234586,-0.072026235,0.899889112,-0.003043921,0.383127630,0.208335280
1789530898.805598974,0.108554416,-0.083786234,-0.070415314,0.903123081,-0.002768834,0.378269881,0.203157648
1789530898.838948011,0.100811563,-0.081834024,-0.068675239,0.906640649,-0.001294934,0.372761130,0.197611213
1789530898.872297049,0.091885052,-0.081629953,-0.068069553,0.910369635,0.000223083,0.368331671,0.188571081
1789530898.905646324,0.083389072,-0.080450633,-0.066798115,0.912954330,0.004044573,0.365281880,0.181844100
1789530898.938994408,0.076120793,-0.081654959,-0.067442534,0.916455567,0.004268168,0.358015448,0.178650230
1789530898.972343445,0.070100729,-0.080418221,-0.067426213,0.920286655,0.008550558,0.347822011,0.178939298
1789530899.005692720,0.064738069,-0.079307989,-0.067468213,0.922711492,0.011829125,0.341209590,0.178996369
1789530899.039040804,0.059321350,-0.078313810,-0.067208629,0.924851835,0.013153978,0.335647911,0.178372055
1789530899.072389603,0.054826673,-0.076274554,-0.067100036,0.927254319,0.015818683,0.329023898,0.178024158
1789530899.105738878,0.050416080,-0.074461857,-0.066786316,0.929629564,0.017509373,0.322198182,0.177962512
1789530899.139087915,0.046246360,-0.073226344,-0.065991258,0.932159185,0.018151212,0.315036505,0.177487388
1789530899.172435760,0.042667255,-0.072195460,-0.065257391,0.934037924,0.017213289,0.310121208,0.176357090
1789530899.205784798,0.037411922,-0.069436431,-0.063965760,0.934998333,0.017758628,0.309365392,0.172498852
1789530899.239133835,0.033406705,-0.068024882,-0.062739360,0.936390996,0.017927388,0.307275623,0.168618813
1789530899.272482872,0.028393516,-0.065283843,-0.061035982,0.938349605,0.020715831,0.304067016,0.163138479
1789530899.305830717,0.024929352,-0.062526887,-0.059947374,0.940319061,0.022030987,0.300379127,0.158389077
1789530899.339179754,0.020346319,-0.061126288,-0.058318116,0.941977203,0.021125127,0.297600091,0.153840423
1789530899.372529030,0.015420515,-0.058906505,-0.056146776,0.943562150,0.021706738,0.294937700,0.149100497
1789530899.405877352,0.011315272,-0.056958121,-0.054752750,0.945366085,0.021236012,0.291510463,0.144408241
1789530899.439226866,0.007514283,-0.054811469,-0.053488715,0.947227061,0.021091146,0.287299901,0.140623108
1789530899.472575903,0.002071940,-0.052716734,-0.051087154,0.949074686,0.021180756,0.283224016,0.136355653
1789530899.505925179,-0.001309182,-0.049856882,-0.050223258,0.951550126,0.022973699,0.275983632,0.133632168
1789530899.539273739,-0.005859122,-0.048009650,-0.049626627,0.953789532,0.023843236,0.269276232,0.131177098
1789530899.572622776,-0.010883637,-0.044162276,-0.047260907,0.955593288,0.027102048,0.263495505,0.129139975
1789530899.605972052,-0.013864348,-0.043400346,-0.047955892,0.958220541,0.027282368,0.254546702,0.127574101
1789530899.639321327,-0.017760952,-0.044181467,-0.046718600,0.960405707,0.026713129,0.247440696,0.125221506
1789530899.672669411,-0.021829464,-0.042481591,-0.045750659,0.962224007,0.028415818,0.241752237,0.121956274
1789530899.706018686,-0.026155607,-0.040497637,-0.043901743,0.963705838,0.025826430,0.236896589,0.120349370
1789530899.739367962,-0.030062650,-0.038661285,-0.042570649,0.965379179,0.025086584,0.231941104,0.116691783
1789530899.772716045,-0.034246105,-0.036450478,-0.041009624,0.966828406,0.024517341,0.227578968,0.113355927
1789530899.806065083,-0.037404458,-0.035897351,-0.039685366,0.968452454,0.021643518,0.222267598,0.110582665
1789530899.839414358,-0.041708413,-0.033618107,-0.038826722,0.970134079,0.021763751,0.216566727,0.107074954
1789530899.872763395,-0.045491898,-0.032403984,-0.037459041,0.971531630,0.021659857,0.212576598,0.102315731
1789530899.906111479,-0.049677928,-0.030828081,-0.036175100,0.972674906,0.021964336,0.209176838,0.098316364
1789530899.939460754,-0.053488489,-0.028652345,-0.033909977,0.974168241,0.022688581,0.203278348,0.095704913
1789530899.972809553,-0.058529885,-0.027241722,-0.032890946,0.975533962,0.022524066,0.198264703,0.092289336
1789530900.006158590,-0.062235766,-0.026076995,-0.031436477,0.976527393,0.022785516,0.194840655,0.088950858
1789530900.039506912,-0.064995281,-0.024471916,-0.030356862,0.977623165,0.023691650,0.190381587,0.086293489
1789530900.072855711,-0.068023719,-0.024043474,-0.029568290,0.978745282,0.021856543,0.185595840,0.084463932
1789530900.106204748,-0.069555461,-0.023695608,-0.028843917,0.979794264,0.020452842,0.181120008,0.082344256
1789530900.139552832,-0.072243153,-0.022518619,-0.027268874,0.980395317,0.020707022,0.178448871,0.080946021
1789530900.172901869,-0.074490850,-0.022742529,-0.027400484,0.981463373,0.019647732,0.173179343,0.079703666
1789530900.206250668,-0.076431896,-0.021123781,-0.025464711,0.982209206,0.020963818,0.169259205,0.078593880
1789530900.239599943,-0.078499701,-0.020375210,-0.024267626,0.982611597,0.020944728,0.167272121,0.077819973
1789530900.272947788,-0.078599005,-0.019351641,-0.023218411,0.983323097,0.020829421,0.162912413,0.078110985
1789530900.306296587,-0.079378691,-0.019726959,-0.022785372,0.984231889,0.019338416,0.157725826,0.077692553
1789530900.339645624,-0.080478508,-0.019398676,-0.022039486,0.984857738,0.019199602,0.154056817,0.077157483
