t_sec,x,y,z,qw,qx,qy,qz
1790504264.350910902,0.013791214994,0.009096908777,-0.023232793911,0.696373014,-0.717666900,0.002049293,-0.003826987
1790504264.384169340,0.013792011614,0.009098937553,-0.023224231402,0.696376092,-0.717663894,0.002053817,-0.003828245
1790504264.417425156,0.013793770789,0.009101924239,-0.023220324842,0.696365639,-0.717673997,0.002052782,-0.003836344
1790504264.450676918,0.013793711648,0.009104574606,-0.023216316962,0.696361211,-0.717678351,0.002057103,-0.003823154
1790504264.483923197,0.013795287160,0.009107824841,-0.023211436324,0.696372405,-0.717667418,0.002056564,-0.003836951
1790504264.517165422,0.013798852897,0.009111075903,-0.023212664258,0.696361900,-0.717677652,0.002058273,-0.003828407
1790504264.550403595,0.013801521261,0.009113707458,-0.023214542053,0.696375095,-0.717664945,0.002049625,-0.003814819
1790504264.583636761,0.013801893011,0.009112854364,-0.023211741705,0.696377011,-0.717662975,0.002044627,-0.003838245
1790504264.616864443,0.013800384513,0.009110109412,-0.023210754937,0.696375811,-0.717664153,0.002041567,-0.003837422
1790504264.650088310,0.013800428433,0.009107968337,-0.023214679632,0.696376066,-0.717663993,0.002051170,-0.003815681
1790504264.683307886,0.013802938068,0.009108455244,-0.023216934324,0.696359593,-0.717679892,0.002035892,-0.003839928
1790504264.716521740,0.013803406202,0.009111943495,-0.023216733063,0.696393733,-0.717646877,0.002033894,-0.003819994
1790504264.749732018,0.013803659206,0.009111804171,-0.023217793661,0.696377929,-0.717662161,0.002028689,-0.003832259
1790504264.782937288,0.013802494535,0.009108732924,-0.023217283394,0.696383324,-0.717656940,0.002030246,-0.003828928
1790504264.816138268,0.013799938807,0.009105555825,-0.023214309096,0.696379727,-0.717660464,0.002028374,-0.003823605
1790504264.849333525,0.013800040292,0.009105795873,-0.023214220691,0.696382531,-0.717657743,0.002032777,-0.003821243
1790504264.882525206,0.013803178145,0.009109384875,-0.023217804452,0.696388491,-0.717651958,0.002025375,-0.003825527
1790504264.915712357,0.013802315679,0.009111483912,-0.023218905743,0.696404860,-0.717636101,0.002025124,-0.003820496
1790504264.948894739,0.013797655421,0.009109597425,-0.023217368282,0.696390868,-0.717649672,0.002034754,-0.003816647
1790504264.982071638,0.013797154348,0.009109419920,-0.023219237606,0.696393130,-0.717647513,0.002041755,-0.003806013
1790504265.015244722,0.013800076070,0.009110276097,-0.023220140829,0.696402944,-0.717637976,0.002037885,-0.003810796
1790504265.048413277,0.013799159238,0.009110191181,-0.023214213052,0.696397742,-0.717643011,0.002034108,-0.003815228
1790504265.081576109,0.013797778557,0.009112493064,-0.023212242955,0.696423262,-0.717618258,0.002037613,-0.003811160
1790504265.114735365,0.013799034112,0.009114533294,-0.023218465258,0.696415957,-0.717625419,0.002041243,-0.003795546
1790504265.147890091,0.013799300695,0.009114326832,-0.023220498970,0.696410612,-0.717630565,0.002033977,-0.003807233
1790504265.181040287,0.013798313439,0.009113048932,-0.023217566340,0.696414669,-0.717626631,0.002045981,-0.003800134
1790504265.214184523,0.013799327674,0.009110831429,-0.023216925277,0.696407091,-0.717633942,0.002034485,-0.003814319
1790504265.247325420,0.013798572572,0.009108410909,-0.023217389064,0.696396480,-0.717644265,0.002041699,-0.003805749
1790504265.280461788,0.013795904602,0.009106965686,-0.023215295484,0.696404164,-0.717636837,0.002041796,-0.003800312
1790504265.313593149,0.013794609677,0.009108223933,-0.023214745780,0.696383585,-0.717656803,0.002041508,-0.003801083
1790504265.346719027,0.013795983727,0.009113105959,-0.023217611467,0.696404613,-0.717636401,0.002044152,-0.003799035
1790504265.379841328,0.013796995242,0.009114361095,-0.023219264909,0.696391217,-0.717649402,0.002042429,-0.003799651
1790504265.412960052,0.013795558679,0.009112118252,-0.023216831457,0.696386123,-0.717654338,0.002037664,-0.003803548
1790504265.446287870,0.013795140553,0.009109760084,-0.023215192472,0.696389344,-0.717651215,0.002040548,-0.003801563
1790504265.479616404,0.013797359598,0.009107060645,-0.023216462672,0.696375334,-0.717664831,0.002040589,-0.003797323
1790504265.512945414,0.013799073974,0.009104967925,-0.023216413954,0.696373035,-0.717667010,0.002038628,-0.003808270
1790504265.546273708,0.013801333088,0.009105826345,-0.023216429449,0.696372281,-0.717667724,0.002036378,-0.003812789
1790504265.579601288,0.013803085354,0.009109352685,-0.023217567655,0.696376457,-0.717663661,0.002037304,-0.003814338
1790504265.612929583,0.013799741714,0.009112317802,-0.023216750732,0.696382428,-0.717657882,0.002040557,-0.003809778
1790504265.646257877,0.013794109247,0.009112786477,-0.023216253456,0.696378368,-0.717661881,0.002044148,-0.003796750
1790504265.679585218,0.013791895663,0.009112172514,-0.023216895723,0.696380931,-0.717659400,0.002045114,-0.003794977
1790504265.712913036,0.013793627811,0.009110862199,-0.023216716924,0.696377125,-0.717663016,0.002046690,-0.003808763
1790504265.746241093,0.013797237393,0.009110020634,-0.023216945604,0.696369537,-0.717670397,0.002044368,-0.003806650
1790504265.779569149,0.013799255587,0.009110084863,-0.023219190389,0.696380155,-0.717660064,0.002039070,-0.003815055
1790504265.812896013,0.013797360343,0.009109566965,-0.023219875881,0.696364708,-0.717675038,0.002048882,-0.003812582
1790504265.846223593,0.013796747663,0.009109928732,-0.023218814712,0.696373398,-0.717666611,0.002045255,-0.003813604
1790504265.879551172,0.013797198964,0.009108279860,-0.023218457680,0.696378826,-0.717661351,0.002047335,-0.003810994
1790504265.912878990,0.013796496667,0.009105170728,-0.023217805573,0.696353604,-0.717685830,0.002049306,-0.003809058
1790504265.946205378,0.013795476673,0.009107573166,-0.023216499019,0.696375574,-0.717664486,0.002047125,-0.003815160
1790504265.979532719,0.013795993423,0.009113045947,-0.023217552526,0.696381840,-0.717658464,0.002045874,-0.003804626
1790504266.012859821,0.013797381557,0.009116166533,-0.023219536521,0.696381983,-0.717658313,0.002045313,-0.003807522
1790504266.046185970,0.013795970977,0.009115693185,-0.023218419811,0.696377499,-0.717662604,0.002054468,-0.003813738
1790504266.079513073,0.013794488676,0.009114114511,-0.023216410292,0.696375763,-0.717664350,0.002054157,-0.003802448
1790504266.112840176,0.013796504307,0.009112558971,-0.023217051919,0.696381565,-0.717658748,0.002049222,-0.003799680
1790504266.146167040,0.013798663589,0.009109788919,-0.023218101699,0.696371905,-0.717668048,0.002045628,-0.003815494
1790504266.179492950,0.013799328113,0.009107254491,-0.023217632722,0.696375012,-0.717665081,0.002050268,-0.003804117
1790504266.212819576,0.013803436674,0.009105495051,-0.023218763960,0.696366692,-0.717673106,0.002041979,-0.003817626
1790504266.246146202,0.013806598872,0.009105163886,-0.023220501976,0.696364114,-0.717675571,0.002039901,-0.003825568
1790504266.279472589,0.013803030037,0.009105632702,-0.023219017689,0.696369203,-0.717670647,0.002039684,-0.003823023
1790504266.312798023,0.013797451858,0.009106244062,-0.023216960492,0.696372842,-0.717667139,0.002042302,-0.003817269
1790504266.346124411,0.013795361536,0.009105684438,-0.023216779706,0.696376767,-0.717663328,0.002040640,-0.003818771
1790504266.379450798,0.013795581504,0.009104063241,-0.023216628432,0.696360335,-0.717679227,0.002034372,-0.003830411
1790504266.412775993,0.013797202855,0.009105520314,-0.023217334069,0.696373079,-0.717666934,0.002035715,-0.003815986
1790504266.446125031,0.013801455812,0.009109080884,-0.023219548089,0.696371454,-0.717668449,0.002025149,-0.003833372
1790504266.479474068,0.013802565012,0.009111799758,-0.023219122018,0.696383218,-0.717657000,0.002026075,-0.003839011
1790504266.512823820,0.013799333810,0.009111615102,-0.023216539996,0.696374423,-0.717665571,0.002020014,-0.003835443
1790504266.546172380,0.013794890441,0.009110803783,-0.023215031660,0.696377454,-0.717662668,0.002034017,-0.003820866
1790504266.579522133,0.013793588710,0.009109721672,-0.023215541271,0.696375379,-0.717664667,0.002035065,-0.003823022
1790504266.612872362,0.013794651806,0.009108523354,-0.023216639686,0.696365440,-0.717674250,0.002037639,-0.003833172
1790504266.646222830,0.013796669423,0.009108715163,-0.023217646897,0.696379378,-0.717660790,0.002035329,-0.003822359
1790504266.679572582,0.013799373985,0.009108614968,-0.023218578523,0.696368594,-0.717671206,0.002038775,-0.003829591
1790504266.712923288,0.013800540909,0.009108417950,-0.023218204525,0.696375368,-0.717664554,0.002040801,-0.003843202
1790504266.746274233,0.013799255776,0.009108447813,-0.023217851449,0.696363114,-0.717676463,0.002043695,-0.003837992
1790504266.779624462,0.013798970962,0.009110351338,-0.023217713017,0.696376789,-0.717663224,0.002052190,-0.003827793
1790504266.812976122,0.013801635042,0.009111221577,-0.023217388119,0.696373150,-0.717666726,0.002039390,-0.003840154
1790504266.846327782,0.013803006937,0.009110446378,-0.023217695883,0.696374803,-0.717665097,0.002041773,-0.003843697
1790504266.879679680,0.013801792967,0.009108514361,-0.023218967946,0.696378675,-0.717661428,0.002044812,-0.003825624
1790504266.913031101,0.013800577292,0.009106752421,-0.023218863712,0.696361777,-0.717677757,0.002043242,-0.003839054
1790504266.946383238,0.013799759078,0.009108484689,-0.023217348259,0.696382543,-0.717657648,0.002041019,-0.003832466
1790504266.979736090,0.013800175606,0.009110086207,-0.023217835399,0.696385613,-0.717654703,0.002038771,-0.003827379
1790504267.013087988,0.013800556828,0.009109096823,-0.023218642061,0.696381142,-0.717659051,0.002030805,-0.003829801
1790504267.046440840,0.013799996823,0.009108553027,-0.023218081243,0.696375918,-0.717664110,0.002035444,-0.003829182
1790504267.079794168,0.013799739832,0.009110549940,-0.023216798960,0.696390743,-0.717649737,0.002033138,-0.003828228
1790504267.113147736,0.013799172850,0.009112737412,-0.023216946648,0.696390666,-0.717649827,0.002033354,-0.003825068
1790504267.146500587,0.013799023577,0.009113340712,-0.023217592018,0.696397219,-0.717643465,0.002033433,-0.003825629
1790504267.179854393,0.013799151228,0.009112785968,-0.023218585775,0.696385526,-0.717654785,0.002026368,-0.003834367
1790504267.213208675,0.013798005691,0.009113251149,-0.023219109662,0.696392559,-0.717647990,0.002037981,-0.003822675
1790504267.246562958,0.013797454231,0.009112811428,-0.023217672014,0.696388687,-0.717651739,0.002034496,-0.003826119
1790504267.279916763,0.013798501857,0.009111605962,-0.023216258386,0.696380782,-0.717659440,0.002033187,-0.003821261
1790504267.313271761,0.013801410900,0.009112594573,-0.023216655115,0.696381520,-0.717658706,0.002033006,-0.003824544
1790504267.346626759,0.013803736893,0.009114832243,-0.023214602369,0.696383170,-0.717657105,0.002030645,-0.003825727
1790504267.379981041,0.013803240005,0.009114670229,-0.023209126695,0.696390884,-0.717649616,0.002028139,-0.003827888
1790504267.413336515,0.013801283790,0.009112491011,-0.023204243929,0.696374272,-0.717665763,0.002033811,-0.003819714
1790504267.446675301,0.013800929035,0.009114875023,-0.023202075181,0.696371400,-0.717668549,0.002032523,-0.003820423
1790504267.480014086,0.013800753004,0.009118699800,-0.023200686505,0.696383147,-0.717657159,0.002035344,-0.003817374
1790504267.513352156,0.013800915131,0.009118092951,-0.023201237889,0.696379656,-0.717660517,0.002039288,-0.003820740
1790504267.546690941,0.013800233622,0.009116442848,-0.023203956062,0.696359108,-0.717680419,0.002034446,-0.003830218
1790504267.580029964,0.013796307792,0.009118216032,-0.023205979465,0.696388602,-0.717651896,0.002042021,-0.003807986
1790504267.613368988,0.013794198529,0.009118001314,-0.023205828854,0.696380396,-0.717659850,0.002045815,-0.003807632
1790504267.646707058,0.013795602355,0.009115992687,-0.023205455925,0.696377046,-0.717663054,0.002040199,-0.003819360
1790504267.680046320,0.013796814676,0.009114539657,-0.023205238630,0.696379204,-0.717660920,0.002045489,-0.003824207
1790504267.713385820,0.013796802841,0.009113705366,-0.023205299280,0.696381823,-0.717658417,0.002042841,-0.003818382
1790504267.746723890,0.013797589808,0.009113620004,-0.023207131933,0.696377427,-0.717662674,0.002046586,-0.003817954
1790504267.780063391,0.013799484929,0.009114535403,-0.023209469896,0.696381965,-0.717658238,0.002040328,-0.003827505
1790504267.813402891,0.013800284336,0.009114672085,-0.023209335907,0.696383608,-0.717656608,0.002047516,-0.003830289
1790504267.846742392,0.013801034598,0.009114056585,-0.023207690182,0.696381201,-0.717658947,0.002046261,-0.003830449
1790504267.880080938,0.013802204756,0.009114558538,-0.023207187984,0.696382866,-0.717657378,0.002043223,-0.003823364
1790504267.913420677,0.013802460374,0.009115861735,-0.023206901966,0.696383154,-0.717657021,0.002047062,-0.003835658
1790504267.946760416,0.013801100514,0.009117191515,-0.023206474058,0.696381807,-0.717658384,0.002045242,-0.003826202
1790504267.980100393,0.013799893318,0.009118562738,-0.023206651051,0.696385851,-0.717654463,0.002048937,-0.003823565
1790504268.013439178,0.013799315752,0.009118397588,-0.023206639026,0.696385086,-0.717655223,0.002046086,-0.003821831
1790504268.046779156,0.013798680941,0.009116440779,-0.023206708817,0.696379569,-0.717660569,0.002043555,-0.003824618
1790504268.080119133,0.013798243824,0.009114350036,-0.023207276857,0.696375089,-0.717664904,0.002049703,-0.003823572
1790504268.113457918,0.013799380104,0.009114606104,-0.023208398884,0.696373815,-0.717666160,0.002053051,-0.003818157
1790504268.146798372,0.013801133508,0.009117737267,-0.023209242393,0.696380221,-0.717659925,0.002040069,-0.003828584
1790504268.180138350,0.013799345690,0.009120040751,-0.023208768452,0.696385780,-0.717654574,0.002043610,-0.003818552
1790504268.213478804,0.013796326654,0.009118646980,-0.023207729770,0.696381154,-0.717659080,0.002045067,-0.003814512
1790504268.246818066,0.013795652557,0.009115792693,-0.023206577136,0.696376007,-0.717664046,0.002042493,-0.003821302
1790504268.280158520,0.013797533576,0.009115267472,-0.023206103881,0.696376071,-0.717663981,0.002041655,-0.003822332
1790504268.313498735,0.013799847336,0.009116538779,-0.023206735514,0.696385634,-0.717654677,0.002033281,-0.003831344
1790504268.346838474,0.013798867135,0.009116452618,-0.023207433547,0.696374720,-0.717665278,0.002035162,-0.003828346
1790504268.380178928,0.013796247103,0.009115645108,-0.023207169725,0.696379442,-0.717660684,0.002036369,-0.003829905
1790504268.413519859,0.013795536665,0.009113925058,-0.023206356941,0.696374794,-0.717665228,0.002037088,-0.003823325
1790504268.446850538,0.013797532388,0.009112508852,-0.023205775316,0.696373053,-0.717666872,0.002030900,-0.003834930
1790504268.480180740,0.013799451498,0.009113574782,-0.023205876265,0.696372507,-0.717667409,0.002030809,-0.003833700
1790504268.513511419,0.013799822234,0.009116658524,-0.023206740100,0.696381799,-0.717658384,0.002028838,-0.003836253
1790504268.546842337,0.013797830734,0.009116997743,-0.023207179514,0.696380886,-0.717659291,0.002030173,-0.003831860
1790504268.580173016,0.013795348461,0.009113927406,-0.023207143426,0.696373239,-0.717666814,0.002028493,-0.003813426
1790504268.613502741,0.013795847739,0.009112374588,-0.023206729501,0.696366342,-0.717673438,0.002031926,-0.003824357
1790504268.646833181,0.013798682432,0.009115315359,-0.023207513916,0.696373499,-0.717666451,0.002025601,-0.003835548
1790504268.680164099,0.013799927706,0.009119162924,-0.023208398860,0.696380354,-0.717659869,0.002020874,-0.003825104
1790504268.713493347,0.013798541480,0.009119813542,-0.023208537978,0.696380492,-0.717659742,0.002026373,-0.003820844
1790504268.746824026,0.013796964786,0.009117266447,-0.023208253228,0.696372821,-0.717667193,0.002024349,-0.003820520
1790504268.780154228,0.013797135101,0.009115458490,-0.023208188693,0.696365735,-0.717674094,0.002022143,-0.003816906
1790504268.813484907,0.013799125456,0.009117317229,-0.023208449138,0.696372214,-0.717667781,0.002017381,-0.003824333
1790504268.846814156,0.013800734142,0.009119510695,-0.023208400694,0.696376266,-0.717663843,0.002022716,-0.003822815
1790504268.880144358,0.013800890880,0.009118204781,-0.023207957952,0.696378178,-0.717662009,0.002020945,-0.003819815
1790504268.913474560,0.013799404905,0.009114166993,-0.023207956795,0.696364122,-0.717675642,0.002024510,-0.003818745
1790504268.946804762,0.013797323185,0.009111289936,-0.023207932439,0.696366874,-0.717672982,0.002026448,-0.003815977
1790504268.980133772,0.013796215619,0.009110659426,-0.023207509255,0.696363133,-0.717676590,0.002027697,-0.003819401
1790504269.013463974,0.013795462626,0.009110352285,-0.023207106072,0.696374436,-0.717665682,0.002028266,-0.003807793
1790504269.046793938,0.013795297145,0.009108334696,-0.023206243408,0.696356131,-0.717683417,0.002033719,-0.003809918
1790504269.080122709,0.013795617541,0.009107395071,-0.023205827056,0.696370606,-0.717669341,0.002027148,-0.003819205
1790504269.113452673,0.013795261906,0.009107781477,-0.023206330131,0.696352634,-0.717686855,0.002034946,-0.003800783
1790504269.146782398,0.013795558779,0.009111141384,-0.023207544201,0.696371364,-0.717668666,0.002025140,-0.003808914
1790504269.180112362,0.013794412273,0.009114389838,-0.023208177436,0.696367178,-0.717672724,0.002031295,-0.003806249
1790504269.213440895,0.013793882546,0.009115891379,-0.023208109278,0.696376380,-0.717663814,0.002038684,-0.003798895
1790504269.246770859,0.013796419222,0.009115113771,-0.023207752364,0.696365431,-0.717674406,0.002031657,-0.003808623
1790504269.280100346,0.013798957137,0.009114634981,-0.023206509602,0.696368023,-0.717671841,0.002030760,-0.003818496
1790504269.313429832,0.013798982809,0.009114281517,-0.023205387480,0.696369476,-0.717670502,0.002033732,-0.003803546
1790504269.346758366,0.013798592092,0.009112443034,-0.023204507260,0.696370060,-0.717669889,0.002035444,-0.003811515
1790504269.380087614,0.013798780018,0.009110809414,-0.023204615000,0.696353496,-0.717685947,0.002034727,-0.003814282
1790504269.413417339,0.013799111204,0.009113059116,-0.023206857388,0.696365004,-0.717674832,0.002030485,-0.003807032
1790504269.446747541,0.013799143128,0.009115868381,-0.023208656767,0.696373338,-0.717666690,0.002034942,-0.003815079
1790504269.480079174,0.013798985364,0.009114920756,-0.023208424134,0.696366305,-0.717673513,0.002037888,-0.003813791
1790504269.513410330,0.013799143374,0.009111718788,-0.023206333792,0.696364624,-0.717675135,0.002037239,-0.003815856
1790504269.546741724,0.013799258485,0.009110415263,-0.023204731439,0.696358934,-0.717680686,0.002032526,-0.003812660
1790504269.580071926,0.013797884272,0.009112931450,-0.023205369545,0.696371441,-0.717668481,0.002032488,-0.003825842
1790504269.613403082,0.013794411240,0.009116236705,-0.023206937055,0.696378372,-0.717661822,0.002037271,-0.003810840
1790504269.646734476,0.013793737338,0.009117654768,-0.023207126610,0.696377459,-0.717662718,0.002041302,-0.003806538
1790504269.680064440,0.013798605060,0.009118624316,-0.023206265704,0.696377941,-0.717662156,0.002033812,-0.003828382
1790504269.713395596,0.013803285335,0.009119296434,-0.023205247057,0.696387694,-0.717652653,0.002032976,-0.003836180
1790504269.746726274,0.013803725013,0.009117090781,-0.023204583823,0.696383306,-0.717656896,0.002034099,-0.003838292
1790504269.780057430,0.013800592712,0.009112839634,-0.023203973870,0.696377930,-0.717662131,0.002030143,-0.003836858
1790504269.813387156,0.013796522569,0.009111703532,-0.023204246346,0.696370747,-0.717669104,0.002040899,-0.003830851
1790504269.846718073,0.013793840801,0.009114596849,-0.023205909229,0.696391575,-0.717648900,0.002035566,-0.003832304
1790504269.880048752,0.013792907734,0.009114829827,-0.023206336529,0.696382814,-0.717657449,0.002045214,-0.003818294
1790504269.913379431,0.013795663254,0.009112623468,-0.023205626599,0.696381246,-0.717658935,0.002035008,-0.003830440
1790504269.946709156,0.013799585228,0.009110459519,-0.023205161166,0.696381436,-0.717658758,0.002036425,-0.003828161
1790504269.980039835,0.013802581208,0.009110528727,-0.023205060458,0.696372088,-0.717667800,0.002036903,-0.003833298
1790504270.013370037,0.013803415716,0.009114910769,-0.023204745498,0.696382844,-0.717657397,0.002038227,-0.003826398
1790504270.046699762,0.013801959774,0.009119260759,-0.023204929301,0.696399359,-0.717641392,0.002031140,-0.003826222
1790504270.080029964,0.013797816168,0.009117834320,-0.023204925149,0.696389312,-0.717651193,0.002031931,-0.003816026
1790504270.113360643,0.013794563880,0.009113596537,-0.023204078211,0.696383407,-0.717656972,0.002040885,-0.003802033
1790504270.146690845,0.013796398313,0.009112192150,-0.023204276333,0.696376284,-0.717663826,0.002039866,-0.003813641
1790504270.180020094,0.013800005204,0.009115060899,-0.023205261751,0.696390080,-0.717650446,0.002032625,-0.003816034
1790504270.213350296,0.013802059383,0.009117821857,-0.023206319066,0.696386448,-0.717654001,0.002030330,-0.003811501
1790504270.246680498,0.013802460760,0.009118310910,-0.023206745864,0.696383741,-0.717656620,0.002030309,-0.003812856
1790504270.280010462,0.013801522717,0.009117320582,-0.023207657493,0.696382350,-0.717657926,0.002033890,-0.003819389
1790504270.313339710,0.013799552085,0.009116483069,-0.023209874524,0.696377163,-0.717663026,0.002034232,-0.003806463
1790504270.346669436,0.013798276710,0.009116356780,-0.023211072896,0.696377324,-0.717662868,0.002031964,-0.003808078
1790504270.379999399,0.013797483282,0.009115408414,-0.023210201603,0.696377126,-0.717663045,0.002037748,-0.003807780
1790504270.413328409,0.013797497364,0.009113272860,-0.023207761033,0.696369553,-0.717670402,0.002036267,-0.003807179
1790504270.446665525,0.013798525412,0.009111802909,-0.023204459692,0.696366141,-0.717673712,0.002033643,-0.003808469
1790504270.480002642,0.013800017769,0.009112195662,-0.023202454833,0.696364173,-0.717675578,0.002030523,-0.003818413
1790504270.513339996,0.013799805028,0.009113529303,-0.023203248481,0.696372906,-0.717667115,0.002036493,-0.003813067
1790504270.546676159,0.013799669991,0.009114500044,-0.023205601724,0.696367699,-0.717672196,0.002037756,-0.003807039
1790504270.580013514,0.013801095717,0.009114741098,-0.023208542291,0.696373960,-0.717666096,0.002032142,-0.003814768
1790504270.613350868,0.013801625609,0.009113572759,-0.023210568791,0.696368089,-0.717671794,0.002037483,-0.003811705
1790504270.646688223,0.013801037029,0.009112947685,-0.023210449619,0.696368708,-0.717671205,0.002035376,-0.003810687
1790504270.680024385,0.013799466583,0.009112989273,-0.023209421643,0.696371316,-0.717668638,0.002038313,-0.003815828
1790504270.713361740,0.013797458630,0.009113036808,-0.023208193627,0.696367154,-0.717672716,0.002041360,-0.003806933
1790504270.746699333,0.013797176436,0.009112657584,-0.023206749885,0.696377203,-0.717663009,0.002038269,-0.003800342
1790504270.780035734,0.013798929164,0.009109667886,-0.023205898364,0.696369008,-0.717670894,0.002040609,-0.003811713
1790504270.813373089,0.013800349520,0.009106889014,-0.023205877908,0.696358019,-0.717681508,0.002040910,-0.003820616
1790504270.846710682,0.013800984495,0.009108589151,-0.023205927592,0.696367886,-0.717671971,0.002042360,-0.003812789
1790504270.880048037,0.013801712073,0.009112106569,-0.023205759597,0.696375893,-0.717664161,0.002035763,-0.003823981
1790504270.913384438,0.013800898108,0.009114819278,-0.023206280655,0.696367363,-0.717672428,0.002038050,-0.003824847
1790504270.946722269,0.013799172964,0.009117643048,-0.023207055628,0.696377863,-0.717662264,0.002043453,-0.003817330
1790504270.980059624,0.013798793322,0.009117930010,-0.023207059211,0.696378583,-0.717661458,0.002042059,-0.003837920
1790504271.013396263,0.013798577085,0.009115293680,-0.023207376115,0.696371459,-0.717668438,0.002045590,-0.003823565
1790504271.046733856,0.013798361741,0.009112785670,-0.023207162806,0.696363028,-0.717676553,0.002041730,-0.003837810
1790504271.080071449,0.013796988909,0.009112375090,-0.023206281867,0.696370666,-0.717669167,0.002045767,-0.003831150
1790504271.113409281,0.013795952760,0.009111644707,-0.023205384496,0.696366652,-0.717673001,0.002047628,-0.003841500
1790504271.146745682,0.013795277962,0.009110634977,-0.023204791484,0.696365737,-0.717673916,0.002044680,-0.003838076
1790504271.180083513,0.013794662615,0.009111176838,-0.023204943689,0.696362329,-0.717677249,0.002046744,-0.003831917
1790504271.213421106,0.013794050126,0.009114104800,-0.023205435017,0.696366622,-0.717673058,0.002041771,-0.003839439
1790504271.246758699,0.013793576056,0.009116728583,-0.023205301986,0.696376963,-0.717663097,0.002042743,-0.003825135
1790504271.280095577,0.013795696399,0.009115981507,-0.023205363338,0.696368501,-0.717671249,0.002042012,-0.003836433
1790504271.313433409,0.013798632929,0.009114284422,-0.023205593804,0.696365138,-0.717674536,0.002036230,-0.003835259
1790504271.346771240,0.013798854148,0.009114432657,-0.023204335601,0.696362485,-0.717677117,0.002036514,-0.003833920
1790504271.380107880,0.013797667657,0.009116548883,-0.023203371674,0.696382787,-0.717657419,0.002033177,-0.003835261
1790504271.413445711,0.013797233273,0.009118325623,-0.023205481158,0.696365644,-0.717674120,0.002029677,-0.003824546
1790504271.446777821,0.013798561697,0.009119825679,-0.023207966518,0.696380360,-0.717659920,0.002024264,-0.003812504
1790504271.480109930,0.013801422562,0.009117779479,-0.023208175913,0.696374288,-0.717665734,0.002022526,-0.003828154
1790504271.513440847,0.013804236652,0.009114529620,-0.023208059206,0.696366240,-0.717673514,0.002021563,-0.003834115
1790504271.546772718,0.013805426786,0.009114208833,-0.023208893775,0.696370157,-0.717669710,0.002020252,-0.003835454
1790504271.580104828,0.013802973501,0.009115205137,-0.023209077928,0.696374136,-0.717665847,0.002024812,-0.003833515
1790504271.613436460,0.013798228892,0.009115348249,-0.023207285771,0.696375803,-0.717664253,0.002024501,-0.003829302
1790504271.646767378,0.013796041108,0.009115126460,-0.023206357385,0.696374268,-0.717665749,0.002026131,-0.003827091
1790504271.680099010,0.013797358734,0.009114948186,-0.023207624373,0.696376914,-0.717663176,0.002026720,-0.003827661
1790504271.713430882,0.013798050539,0.009112715391,-0.023206729864,0.696378155,-0.717661899,0.002020550,-0.003844729
1790504271.746761799,0.013797080563,0.009110383781,-0.023205271863,0.696367258,-0.717672509,0.002029940,-0.003832987
1790504271.780093431,0.013797359796,0.009112447970,-0.023206978478,0.696375720,-0.717664274,0.002021431,-0.003841873
1790504271.813425064,0.013797580003,0.009115543841,-0.023208376569,0.696385446,-0.717654853,0.002026874,-0.003835864
1790504271.846756697,0.013798916214,0.009115054435,-0.023206682816,0.696385043,-0.717655229,0.002024304,-0.003840027
1790504271.880087376,0.013800558153,0.009112402092,-0.023205887863,0.696377964,-0.717662063,0.002024780,-0.003846402
1790504271.913419008,0.013799800099,0.009112165731,-0.023207246059,0.696372678,-0.717667203,0.002032387,-0.003840267
1790504271.946750402,0.013797129676,0.009114501256,-0.023207480181,0.696384690,-0.717655611,0.002028172,-0.003830759
1790504271.980081797,0.013795506699,0.009114869462,-0.023206281354,0.696388708,-0.717651742,0.002034577,-0.003821608
1790504272.013412237,0.013797468945,0.009112340745,-0.023205489968,0.696380463,-0.717659730,0.002029136,-0.003826891
1790504272.046743631,0.013799181407,0.009110699985,-0.023204741178,0.696378471,-0.717661689,0.002022921,-0.003825348
1790504272.080075264,0.013798635975,0.009112500192,-0.023204841266,0.696383464,-0.717656819,0.002034567,-0.003823807
1790504272.113405466,0.013798047266,0.009115434251,-0.023205539427,0.696389942,-0.717650582,0.002031471,-0.003816198
1790504272.146736860,0.013798796201,0.009116943101,-0.023205582663,0.696387951,-0.717652508,0.002032866,-0.003816696
1790504272.180068016,0.013800579378,0.009118330118,-0.023205381411,0.696384290,-0.717656049,0.002030617,-0.003819879
1790504272.213399410,0.013801371241,0.009119286075,-0.023205730072,0.696391985,-0.717648593,0.002032514,-0.003817039
1790504272.246729374,0.013800557903,0.009117932926,-0.023205477222,0.696387444,-0.717653001,0.002030517,-0.003817699
1790504272.280060768,0.013800124611,0.009115716590,-0.023206404080,0.696380486,-0.717659744,0.002040199,-0.003814197
1790504272.313391924,0.013800400313,0.009113264719,-0.023207968174,0.696380767,-0.717659458,0.002039029,-0.003817172
1790504272.346721888,0.013799491176,0.009110945371,-0.023207859480,0.696369754,-0.717670084,0.002039281,-0.003828416
1790504272.380053043,0.013798231353,0.009110868299,-0.023207742382,0.696374756,-0.717665264,0.002044200,-0.003819580
1790504272.413383961,0.013798192077,0.009110866159,-0.023208703839,0.696374345,-0.717665654,0.002049499,-0.003818483
1790504272.446718931,0.013798920021,0.009110133608,-0.023208740320,0.696364549,-0.717675169,0.002051884,-0.003815309
1790504272.480052948,0.013799397541,0.009111426158,-0.023207511284,0.696368450,-0.717671269,0.002043535,-0.003841267
1790504272.513387680,0.013797336478,0.009113997577,-0.023206956082,0.696374538,-0.717665491,0.002054628,-0.003811021
1790504272.546722651,0.013796442556,0.009115631453,-0.023207072962,0.696370606,-0.717669312,0.002047093,-0.003814119
1790504272.580057621,0.013796576354,0.009115961541,-0.023206737444,0.696381882,-0.717658330,0.002040973,-0.003825054
1790504272.613391399,0.013796889830,0.009115567001,-0.023207305756,0.696375508,-0.717664536,0.002044838,-0.003818900
1790504272.646726370,0.013799777759,0.009116783449,-0.023208788846,0.696377602,-0.717662550,0.002040876,-0.003812462
1790504272.680061102,0.013804249798,0.009117569868,-0.023209131077,0.696387378,-0.717652989,0.002030911,-0.003831896
1790504272.713395119,0.013804079280,0.009115424387,-0.023207040497,0.696369484,-0.717670331,0.002032245,-0.003835001
1790504272.746729851,0.013801514192,0.009115171968,-0.023206158111,0.696385945,-0.717654444,0.002038233,-0.003815934
1790504272.780064344,0.013804502796,0.009117236305,-0.023208968895,0.696380377,-0.717659776,0.002028878,-0.003834120
1790504272.813399315,0.013807253311,0.009119137993,-0.023210859963,0.696386269,-0.717654101,0.002025227,-0.003828035
1790504272.846733093,0.013803573531,0.009118261321,-0.023207425395,0.696386831,-0.717653511,0.002023571,-0.003837429
1790504272.880067825,0.013798207258,0.009115785884,-0.023203683835,0.696383752,-0.717656556,0.002034360,-0.003820865
1790504272.913402557,0.013796534370,0.009113382382,-0.023204575989,0.696376854,-0.717663229,0.002036528,-0.003823604
1790504272.946737289,0.013795215642,0.009111882011,-0.023205351867,0.696373582,-0.717666385,0.002045608,-0.003822200
1790504272.980071068,0.013795578109,0.009112194755,-0.023202976074,0.696381036,-0.717659161,0.002040732,-0.003823176
1790504273.013405800,0.013799731595,0.009113963578,-0.023203721361,0.696381748,-0.717658406,0.002035975,-0.003837731
1790504273.046740532,0.013800406030,0.009115321180,-0.023207120308,0.696377916,-0.717662177,0.002042915,-0.003824070
1790504273.080074310,0.013795296285,0.009115038412,-0.023206210888,0.696382525,-0.717657708,0.002042045,-0.003824067
1790504273.113409042,0.013792360684,0.009114289720,-0.023204492278,0.696375929,-0.717664078,0.002056803,-0.003821822
1790504273.146743536,0.013795561730,0.009113724956,-0.023206663383,0.696384858,-0.717655399,0.002050727,-0.003827910
1790504273.180078268,0.013798014076,0.009111098582,-0.023206550586,0.696376678,-0.717663297,0.002047725,-0.003836830
1790504273.213411808,0.013799205393,0.009110827264,-0.023204303219,0.696374108,-0.717665796,0.002055752,-0.003831504
1790504273.246746540,0.013802885542,0.009114676011,-0.023207643167,0.696394344,-0.717646174,0.002046143,-0.003834190
1790504273.280081272,0.013801880624,0.009116003508,-0.023210541445,0.696382652,-0.717657535,0.002047240,-0.003830485
1790504273.313416004,0.013796099699,0.009114336400,-0.023207627139,0.696395841,-0.717644760,0.002050339,-0.003824447
1790504273.346749544,0.013793549216,0.009112779830,-0.023207150671,0.696386992,-0.717653343,0.002054865,-0.003822831
1790504273.380084276,0.013794504060,0.009114492785,-0.023209865784,0.696390528,-0.717649961,0.002052830,-0.003814694
1790504273.413418770,0.013795464644,0.009117001068,-0.023207929978,0.696400262,-0.717640497,0.002045552,-0.003821989
1790504273.446752787,0.013796953350,0.009116851972,-0.023205333016,0.696404379,-0.717636500,0.002052077,-0.003818878
1790504273.480087757,0.013799841623,0.009114498016,-0.023207621327,0.696398071,-0.717642587,0.002054570,-0.003824047
1790504273.513422489,0.013801245491,0.009112831984,-0.023207803443,0.696390066,-0.717650331,0.002052542,-0.003829564
1790504273.546757460,0.013800672440,0.009114316536,-0.023205610965,0.696399729,-0.717640955,0.002053152,-0.003828978
1790504273.580091476,0.013800124825,0.009116575468,-0.023206366342,0.696404274,-0.717636594,0.002054771,-0.003818902
1790504273.613426447,0.013800468753,0.009115426204,-0.023206616130,0.696394724,-0.717645848,0.002050661,-0.003823544
1790504273.646761417,0.013800322707,0.009113555704,-0.023204935225,0.696387796,-0.717652558,0.002052330,-0.003825037
1790504273.680095434,0.013800101075,0.009115537386,-0.023206115714,0.696394754,-0.717645842,0.002055503,-0.003816705
1790504273.713430405,0.013798834386,0.009118816777,-0.023208387053,0.696398166,-0.717642525,0.002053667,-0.003818814
1790504273.746765375,0.013796415825,0.009119553638,-0.023207287058,0.696393242,-0.717647360,0.002060927,-0.003804193
1790504273.780100346,0.013797658395,0.009118222387,-0.023206727029,0.696395615,-0.717644997,0.002051656,-0.003820446
1790504273.813434362,0.013799590814,0.009115778384,-0.023208939759,0.696383219,-0.717657007,0.002056134,-0.003821614
1790504273.846769333,0.013799559342,0.009113499086,-0.023209773002,0.696386164,-0.717654230,0.002058496,-0.003805056
1790504273.880104303,0.013800806788,0.009111462240,-0.023209657102,0.696385086,-0.717655231,0.002059659,-0.003813200
1790504273.913439035,0.013802663552,0.009110215391,-0.023210571497,0.696374700,-0.717665261,0.002065182,-0.003819165
1790504273.946773052,0.013801395102,0.009110802207,-0.023210226354,0.696386659,-0.717653683,0.002064630,-0.003814438
1790504273.980108023,0.013797965658,0.009112293557,-0.023208861796,0.696377120,-0.717662941,0.002073237,-0.003809341
1790504274.013442755,0.013796329045,0.009114623771,-0.023209041361,0.696393435,-0.717647118,0.002079937,-0.003804065
1790504274.046776772,0.013797655079,0.009115175140,-0.023210157567,0.696381715,-0.717658508,0.002082681,-0.003799493
1790504274.080111742,0.013800578624,0.009116764493,-0.023210321703,0.696383002,-0.717657227,0.002074788,-0.003809773
1790504274.113446712,0.013800844795,0.009120540847,-0.023210011262,0.696392132,-0.717648396,0.002081959,-0.003800611
1790504274.146781445,0.013797887549,0.009123137994,-0.023210111190,0.696397476,-0.717643178,0.002086251,-0.003804096
1790504274.180115461,0.013793653655,0.009122248513,-0.023209199933,0.696393911,-0.717646690,0.002090808,-0.003791807
1790504274.213450432,0.013791517886,0.009119916919,-0.023208061174,0.696398527,-0.717642158,0.002091976,-0.003801160
1790504274.246785402,0.013792217406,0.009119128805,-0.023208447810,0.696393607,-0.717646967,0.002093056,-0.003793912
1790504274.280120373,0.013794895870,0.009121148894,-0.023208361342,0.696404782,-0.717636015,0.002091383,-0.003815301
1790504274.313454151,0.013796049935,0.009122264466,-0.023207551139,0.696416903,-0.717624254,0.002092121,-0.003814581
1790504274.346789122,0.013796541337,0.009119954540,-0.023208590067,0.696409853,-0.717631085,0.002088691,-0.003818411
1790504274.380124092,0.013798206797,0.009116975239,-0.023209374669,0.696404363,-0.717636407,0.002093153,-0.003816987
1790504274.413458109,0.013801214407,0.009116297101,-0.023208705935,0.696417109,-0.717623956,0.002088854,-0.003834657
1790504274.446796656,0.013801905944,0.009116010250,-0.023207538884,0.696416933,-0.717624130,0.002086257,-0.003835584
1790504274.480135202,0.013799627128,0.009115270866,-0.023206745845,0.696417132,-0.717623960,0.002089158,-0.003829641
1790504274.513473988,0.013796981885,0.009114892845,-0.023205800734,0.696420285,-0.717620821,0.002096896,-0.003840055
1790504274.546811581,0.013795698608,0.009115955843,-0.023205497580,0.696421299,-0.717619898,0.002106172,-0.003823586
1790504274.580150127,0.013796220313,0.009118998743,-0.023205511615,0.696430078,-0.717611336,0.002099904,-0.003834976
1790504274.613488674,0.013795287547,0.009121387807,-0.023205923855,0.696436092,-0.717605578,0.002108646,-0.003815447
1790504274.646827698,0.013794311032,0.009121905604,-0.023207113390,0.696433746,-0.717607812,0.002109093,-0.003823287
1790504274.680165291,0.013794616518,0.009121259819,-0.023209067918,0.696443543,-0.717598342,0.002115246,-0.003812625
1790504274.713503838,0.013796013916,0.009119513276,-0.023210090729,0.696430145,-0.717611294,0.002117936,-0.003820788
1790504274.746842861,0.013796703097,0.009119912009,-0.023209218750,0.696434351,-0.717607242,0.002121694,-0.003813029
1790504274.780180693,0.013797060119,0.009123054923,-0.023207397130,0.696444167,-0.717597725,0.002120600,-0.003811825
1790504274.813519478,0.013796308333,0.009125136730,-0.023205141264,0.696453017,-0.717589097,0.002122260,-0.003818190
1790504274.846858501,0.013793512341,0.009124050366,-0.023203747903,0.696449300,-0.717592753,0.002122207,-0.003809143
1790504274.880197048,0.013792686499,0.009123277078,-0.023202596426,0.696451436,-0.717590651,0.002122705,-0.003814301
1790504274.913534880,0.013796085474,0.009124667831,-0.023202033390,0.696461070,-0.717581317,0.002111520,-0.003817455
1790504274.946874142,0.013799791223,0.009124584936,-0.023201766536,0.696475207,-0.717567525,0.002098708,-0.003837852
1790504274.980212927,0.013799730029,0.009122373111,-0.023201901062,0.696451989,-0.717590084,0.002103397,-0.003830775
1790504275.013550758,0.013798227783,0.009123258055,-0.023203060898,0.696481643,-0.717561338,0.002095690,-0.003828246
1790504275.046889782,0.013797500319,0.009123502022,-0.023203707836,0.696475738,-0.717567053,0.002091207,-0.003833729
1790504275.080228806,0.013797895485,0.009122103396,-0.023203663450,0.696481403,-0.717561558,0.002086747,-0.003835480
1790504275.113567829,0.013798981097,0.009120754740,-0.023204087674,0.696485842,-0.717557195,0.002082176,-0.003848137
1790504275.146905661,0.013798933907,0.009120264957,-0.023205127885,0.696488360,-0.717554775,0.002073279,-0.003848593
1790504275.180244923,0.013797550495,0.009120571645,-0.023205741962,0.696484342,-0.717558728,0.002070581,-0.003840017
1790504275.213583946,0.013797111525,0.009120730630,-0.023206229686,0.696486906,-0.717556238,0.002075575,-0.003837535
1790504275.246923208,0.013798680957,0.009119765687,-0.023207132217,0.696472928,-0.717569792,0.002067757,-0.003844309
1790504275.280261278,0.013798855102,0.009118901275,-0.023207587846,0.696474375,-0.717568335,0.002066236,-0.003854966
1790504275.313600302,0.013796293033,0.009118205708,-0.023206470225,0.696460185,-0.717582148,0.002075709,-0.003842351
1790504275.346939564,0.013795500002,0.009118577213,-0.023204981663,0.696468599,-0.717574015,0.002072437,-0.003837820
1790504275.380277634,0.013798009564,0.009118014113,-0.023204963203,0.696459714,-0.717582567,0.002062534,-0.003856533
1790504275.413616657,0.013799891699,0.009115931473,-0.023205211602,0.696458838,-0.717583444,0.002067377,-0.003848984
1790504275.446951866,0.013801623792,0.009113958937,-0.023204618572,0.696440790,-0.717600911,0.002065980,-0.003858715
1790504275.480286837,0.013804135506,0.009116312131,-0.023202353846,0.696443418,-0.717598405,0.002063163,-0.003851992
1790504275.513620853,0.013807871216,0.009122231623,-0.023196491857,0.696444055,-0.717597754,0.002059729,-0.003859927
1790504275.546955824,0.013809264763,0.009127224949,-0.023186259187,0.696445150,-0.717596736,0.002055856,-0.003853647
1790504275.580290794,0.013807089677,0.009129665968,-0.023174519286,0.696432319,-0.717609153,0.002062303,-0.003856995
1790504275.613625765,0.013805082868,0.009131276342,-0.023164651935,0.696431115,-0.717610429,0.002064609,-0.003835544
1790504275.646959782,0.013807355762,0.009132672260,-0.023159736773,0.696416866,-0.717624247,0.002058138,-0.003840856
1790504275.680294752,0.013808523011,0.009135707299,-0.023158963024,0.696427023,-0.717614425,0.002062251,-0.003832201
1790504275.713629723,0.013807549978,0.009137895578,-0.023159981488,0.696426220,-0.717615233,0.002062107,-0.003826903
1790504275.746963739,0.013806050381,0.009137687798,-0.023162225445,0.696416598,-0.717624577,0.002063840,-0.003824833
1790504275.780298471,0.013805527145,0.009135981329,-0.023165320164,0.696421332,-0.717620014,0.002063457,-0.003819288
1790504275.813633442,0.013806534433,0.009132524036,-0.023167880773,0.696407535,-0.717633423,0.002057542,-0.003818534
1790504275.846968174,0.013807897568,0.009130722628,-0.023168590692,0.696399726,-0.717640954,0.002060435,-0.003825819
1790504275.880302191,0.013809106598,0.009132548040,-0.023167599111,0.696411976,-0.717629102,0.002059687,-0.003819621
1790504275.913637161,0.013811055319,0.009133494404,-0.023165991036,0.696406428,-0.717634396,0.002062500,-0.003834923
1790504275.946971893,0.013811510843,0.009131261147,-0.023165246299,0.696406743,-0.717634119,0.002057111,-0.003832458
1790504275.980306864,0.013810670731,0.009128074398,-0.023166536729,0.696394495,-0.717645979,0.002066531,-0.003832221
1790504276.013640881,0.013811089546,0.009127313149,-0.023168241975,0.696393089,-0.717647357,0.002063118,-0.003831447
1790504276.046975613,0.013811651808,0.009128565088,-0.023168930974,0.696395151,-0.717645335,0.002067185,-0.003833206
1790504276.080310583,0.013810588804,0.009129504723,-0.023167826897,0.696395172,-0.717645323,0.002064871,-0.003833012
1790504276.113644361,0.013808409108,0.009129077778,-0.023166364387,0.696392120,-0.717648245,0.002074007,-0.003835405
1790504276.146979332,0.013806161059,0.009127971888,-0.023165673489,0.696390457,-0.717649898,0.002072669,-0.003828617
1790504276.180314064,0.013804144370,0.009127721921,-0.023165460342,0.696383571,-0.717656535,0.002077295,-0.003834648
1790504276.213648796,0.013803545432,0.009129186007,-0.023166132798,0.696393786,-0.717646605,0.002077570,-0.003837847
1790504276.246982574,0.013805237752,0.009129393656,-0.023166934945,0.696388022,-0.717652218,0.002075716,-0.003835099
1790504276.280317307,0.013809197275,0.009128729236,-0.023167615343,0.696378979,-0.717660954,0.002069609,-0.003845797
1790504276.313652039,0.013812446493,0.009129071295,-0.023168114848,0.696383886,-0.717656173,0.002071274,-0.003848527
1790504276.346985817,0.013813031437,0.009128603060,-0.023168409433,0.696385083,-0.717654991,0.002075099,-0.003850185
1790504276.380320549,0.013810625698,0.009127056239,-0.023168775892,0.696370685,-0.717668950,0.002070547,-0.003854904
1790504276.413655519,0.013806490149,0.009127784275,-0.023168103075,0.696375063,-0.717664753,0.002077488,-0.003841586
1790504276.446990013,0.013804211311,0.009130236301,-0.023167138689,0.696381038,-0.717658939,0.002077200,-0.003844693
1790504276.480323792,0.013804565942,0.009131482104,-0.023167435436,0.696379780,-0.717660166,0.002070747,-0.003847177
1790504276.513658524,0.013806435652,0.009129997475,-0.023168198537,0.696378801,-0.717661098,0.002073733,-0.003848941
1790504276.546993256,0.013809710155,0.009128004827,-0.023168710717,0.696369124,-0.717670479,0.002077588,-0.003848413
1790504276.580327988,0.013813214011,0.009128349452,-0.023169104584,0.696372596,-0.717667083,0.002076008,-0.003854279
1790504276.613661289,0.013814699394,0.009130388055,-0.023169311649,0.696371258,-0.717668380,0.002067397,-0.003859229
1790504276.646996021,0.013812477819,0.009132490373,-0.023169290765,0.696375214,-0.717664528,0.002082313,-0.003853633
1790504276.680330753,0.013809892973,0.009132814789,-0.023168965161,0.696375558,-0.717664219,0.002084690,-0.003847811
1790504276.713664293,0.013808816679,0.009131173031,-0.023168284584,0.696371407,-0.717668230,0.002076541,-0.003855224
1790504276.746999025,0.013807054147,0.009128702533,-0.023167405938,0.696364133,-0.717675306,0.002089108,-0.003845237
1790504276.780333757,0.013806061043,0.009126347610,-0.023167308918,0.696367777,-0.717671787,0.002089634,-0.003841599
1790504276.813668251,0.013806603797,0.009122595951,-0.023167856699,0.696362478,-0.717676895,0.002089532,-0.003848042
1790504276.847002029,0.013808286542,0.009120555166,-0.023167318655,0.696338467,-0.717700116,0.002097660,-0.003857675
1790504276.880336523,0.013811085602,0.009124520582,-0.023166669849,0.696360870,-0.717678335,0.002101113,-0.003864046
1790504276.913671255,0.013813548241,0.009128490257,-0.023167538120,0.696352889,-0.717686039,0.002095519,-0.003874438
1790504276.947005749,0.013812872663,0.009128693994,-0.023169356155,0.696359761,-0.717679346,0.002102091,-0.003875568
1790504276.980339289,0.013810488960,0.009125400904,-0.023170753575,0.696339067,-0.717699407,0.002106942,-0.003876302
1790504277.013674021,0.013808680689,0.009124023644,-0.023171188522,0.696336073,-0.717702237,0.002113196,-0.003886592
1790504277.047008514,0.013806824536,0.009125585140,-0.023171223452,0.696338114,-0.717700272,0.002119233,-0.003880624
1790504277.080342293,0.013805506009,0.009126109991,-0.023169790246,0.696340779,-0.717697654,0.002119448,-0.003886610
1790504277.113676786,0.013805285118,0.009122801230,-0.023167461819,0.696329161,-0.717708864,0.002127792,-0.003893383
1790504277.147011280,0.013806864540,0.009118947614,-0.023166417682,0.696321892,-0.717715872,0.002129954,-0.003900404
1790504277.180346012,0.013809615956,0.009118430735,-0.023166427596,0.696313466,-0.717723959,0.002138600,-0.003911733
1790504277.213679552,0.013811673117,0.009121303237,-0.023166849582,0.696324955,-0.717712775,0.002134647,-0.003920827
1790504277.247014046,0.013811035187,0.009122799529,-0.023167175625,0.696326697,-0.717711109,0.002140533,-0.003913257
1790504277.280348539,0.013808358190,0.009121701937,-0.023167952438,0.696313057,-0.717724241,0.002154323,-0.003924108
1790504277.313683033,0.013806141291,0.009121998201,-0.023169074881,0.696315902,-0.717721456,0.002158617,-0.003926390
1790504277.347016811,0.013806221929,0.009123781868,-0.023169543460,0.696320462,-0.717717019,0.002167516,-0.003923931
1790504277.380351305,0.013809155651,0.009123286164,-0.023169048005,0.696317951,-0.717719371,0.002171726,-0.003936861
1790504277.413685799,0.013812089998,0.009119747858,-0.023168338531,0.696311241,-0.717725827,0.002169316,-0.003947949
1790504277.447022676,0.013812555456,0.009117402408,-0.023168180633,0.696299413,-0.717737304,0.002174863,-0.003944560
1790504277.480360508,0.013812215196,0.009118275532,-0.023168112639,0.696311482,-0.717725562,0.002188023,-0.003943330
1790504277.513698816,0.013813151030,0.009118797946,-0.023168458219,0.696296290,-0.717740198,0.002196867,-0.003956979
1790504277.547036648,0.013813708202,0.009120257325,-0.023169273917,0.696288402,-0.717747874,0.002216086,-0.003942185
1790504277.580373764,0.013814186780,0.009123121508,-0.023169907766,0.696294614,-0.717741807,0.002222035,-0.003946062
1790504277.613711596,0.013813744726,0.009123345350,-0.023168973987,0.696284876,-0.717751281,0.002241725,-0.003929951
1790504277.647049904,0.013813777636,0.009121461278,-0.023168365599,0.696269794,-0.717765875,0.002251712,-0.003930940
1790504277.680387020,0.013813632600,0.009119957858,-0.023169314510,0.696275646,-0.717760124,0.002268212,-0.003935117
1790504277.713725090,0.013811978707,0.009117370453,-0.023171283352,0.696257931,-0.717777296,0.002271822,-0.003935177
1790504277.747063398,0.013809432216,0.009115349042,-0.023173500714,0.696254552,-0.717780551,0.002293220,-0.003926848
1790504277.780401707,0.013809851814,0.009115038430,-0.023175475823,0.696250786,-0.717784175,0.002302636,-0.003926610
1790504277.813738823,0.013812570903,0.009115745290,-0.023175921834,0.696245954,-0.717788792,0.002310567,-0.003934742
1790504277.847077131,0.013812709033,0.009116003161,-0.023174251459,0.696249731,-0.717785175,0.002310232,-0.003926385
1790504277.880415440,0.013809251384,0.009115107191,-0.023172511580,0.696236431,-0.717798101,0.002314310,-0.003919530
1790504277.913753986,0.013805162324,0.009115735974,-0.023171018823,0.696238167,-0.717796525,0.002306855,-0.003903974
1790504277.947091341,0.013803298424,0.009118460027,-0.023169163878,0.696233556,-0.717801048,0.002315851,-0.003889566
1790504277.980429649,0.013804154041,0.009121695533,-0.023168122941,0.696245210,-0.717789721,0.002306162,-0.003899301
1790504278.013767958,0.013804368945,0.009122077440,-0.023169717210,0.696242743,-0.717792203,0.002308087,-0.003881939
1790504278.047105551,0.013803401601,0.009119974702,-0.023172246795,0.696231403,-0.717803244,0.002304035,-0.003876646
1790504278.080444098,0.013801964889,0.009118055720,-0.023172873003,0.696236281,-0.717798554,0.002308531,-0.003866254
1790504278.113782644,0.013802332708,0.009115340594,-0.023172674681,0.696233623,-0.717801155,0.002306270,-0.003863267
1790504278.147121429,0.013802994159,0.009111981596,-0.023173109767,0.696225956,-0.717808629,0.002299101,-0.003860609
1790504278.180458784,0.013801757784,0.009110608978,-0.023174241653,0.696229744,-0.717804940,0.002302631,-0.003861160
1790504278.213797331,0.013802000545,0.009110694328,-0.023175554094,0.696239072,-0.717795911,0.002305050,-0.003856230
1790504278.247136116,0.013805109529,0.009109867544,-0.023175872274,0.696235170,-0.717799679,0.002293681,-0.003866147
1790504278.280474901,0.013807421374,0.009109814824,-0.023174909690,0.696233184,-0.717801532,0.002294950,-0.003879147
1790504278.313812494,0.013807715038,0.009112286230,-0.023174200932,0.696247753,-0.717787438,0.002291274,-0.003874306
1790504278.347151279,0.013805981098,0.009114259278,-0.023173174377,0.696255661,-0.717779741,0.002286645,-0.003881886
1790504278.380490303,0.013801926996,0.009112954412,-0.023171834243,0.696254323,-0.717781050,0.002296096,-0.003874264
1790504278.413827896,0.013800678078,0.009110029740,-0.023171192289,0.696255965,-0.717779468,0.002289849,-0.003875941
1790504278.447163105,0.013803599882,0.009110253294,-0.023172283362,0.696250893,-0.717784381,0.002284679,-0.003880362
1790504278.480498314,0.013807585514,0.009114419947,-0.023174508713,0.696272232,-0.717763661,0.002276934,-0.003888581
1790504278.513833284,0.013809670810,0.009116610894,-0.023174618827,0.696269916,-0.717765906,0.002277739,-0.003888424
1790504278.547167540,0.013810852720,0.009117370457,-0.023173577272,0.696277501,-0.717758481,0.002272410,-0.003903910
1790504278.580502748,0.013810385346,0.009119398622,-0.023173874860,0.696279246,-0.717756786,0.002274007,-0.003903453
1790504278.613837719,0.013809294623,0.009122113571,-0.023174983540,0.696296139,-0.717740430,0.002269184,-0.003900433
1790504278.647172928,0.013809503704,0.009121724063,-0.023174253262,0.696293733,-0.717742764,0.002266717,-0.003901822
1790504278.680506945,0.013810678091,0.009119292794,-0.023172177864,0.696292471,-0.717743948,0.002260065,-0.003913048
1790504278.713842154,0.013810890289,0.009116591392,-0.023169328783,0.696307068,-0.717729787,0.002264900,-0.003910312
1790504278.747177362,0.013811376803,0.009114388753,-0.023167556262,0.696288905,-0.717747404,0.002260376,-0.003913507
1790504278.780511141,0.013811825879,0.009116326095,-0.023167948767,0.696306297,-0.717730511,0.002254500,-0.003920668
1790504278.813846350,0.013810689305,0.009119267218,-0.023169404360,0.696316868,-0.717720294,0.002254753,-0.003913591
1790504278.847181320,0.013809371741,0.009120104611,-0.023169941406,0.696309604,-0.717727327,0.002256568,-0.003915063
1790504278.880516529,0.013809093066,0.009120356392,-0.023170413250,0.696311279,-0.717725728,0.002247682,-0.003915236
1790504278.913850546,0.013809222090,0.009120214649,-0.023170535394,0.696310531,-0.717726498,0.002249879,-0.003906106
1790504278.947185755,0.013810021031,0.009119627707,-0.023169301067,0.696308065,-0.717728844,0.002245768,-0.003916783
1790504278.980520725,0.013810205202,0.009119410804,-0.023168646785,0.696308556,-0.717728416,0.002244651,-0.003908462
1790504279.013854980,0.013809611377,0.009119140535,-0.023168766056,0.696305842,-0.717731055,0.002237071,-0.003911819
1790504279.047189951,0.013808168517,0.009118559237,-0.023168648323,0.696308097,-0.717728945,0.002242875,-0.003894178
1790504279.080525160,0.013808405538,0.009117892721,-0.023168660383,0.696301465,-0.717735323,0.002241428,-0.003905275
1790504279.113860130,0.013810370260,0.009117755792,-0.023170114988,0.696307528,-0.717729521,0.002235697,-0.003893928
1790504279.147194386,0.013812330849,0.009117299004,-0.023170955574,0.696301058,-0.717735766,0.002231230,-0.003902428
1790504279.180529356,0.013811472588,0.009116676153,-0.023169573570,0.696304765,-0.717732209,0.002226800,-0.003897602
1790504279.213864565,0.013809590175,0.009116540549,-0.023169442680,0.696295806,-0.717740998,0.002231063,-0.003877184
1790504279.247199535,0.013809576517,0.009118669145,-0.023171266827,0.696301272,-0.717735655,0.002228169,-0.003886344
1790504279.280533552,0.013809880873,0.009120893554,-0.023172590393,0.696302841,-0.717734200,0.002222345,-0.003877213
1790504279.313868761,0.013810456425,0.009121493412,-0.023172730497,0.696297268,-0.717739690,0.002219412,-0.003863466
1790504279.347203732,0.013810438940,0.009121977211,-0.023172866370,0.696302534,-0.717734558,0.002210700,-0.003872806
1790504279.380537510,0.013806633146,0.009121857504,-0.023173344896,0.696298130,-0.717738952,0.002213727,-0.003848319
1790504279.413872719,0.013802470378,0.009121539727,-0.023173259431,0.696292171,-0.717744769,0.002215428,-0.003840831
1790504279.447206974,0.013801126050,0.009121832815,-0.023173203291,0.696296534,-0.717740600,0.002215569,-0.003828864
1790504279.480541229,0.013803037162,0.009121112908,-0.023172716876,0.696292576,-0.717744413,0.002209152,-0.003837409
1790504279.513874531,0.013804919344,0.009119985836,-0.023172467517,0.696285729,-0.717751052,0.002213587,-0.003835527
1790504279.547208786,0.013806996732,0.009120098691,-0.023172627004,0.696284885,-0.717751949,0.002214023,-0.003820672
1790504279.580543041,0.013809794448,0.009120178689,-0.023173070385,0.696289091,-0.717747795,0.002208530,-0.003837670
1790504279.613877296,0.013808976837,0.009118686712,-0.023174431494,0.696272752,-0.717763709,0.002214380,-0.003822245
1790504279.647210360,0.013805486519,0.009118524667,-0.023175109271,0.696271644,-0.717764824,0.002220019,-0.003811388
1790504279.680544615,0.013803236270,0.009120765389,-0.023174244209,0.696271429,-0.717765068,0.002224088,-0.003802258
1790504279.713878870,0.013803300225,0.009123481620,-0.023173345836,0.696274843,-0.717761759,0.002218535,-0.003804931
1790504279.747211933,0.013802451325,0.009124242168,-0.023172942628,0.696272778,-0.717763776,0.002223587,-0.003799421
1790504279.780546188,0.013800683676,0.009123672938,-0.023172806635,0.696264207,-0.717772149,0.002225377,-0.003787364
1790504279.813880444,0.013800452786,0.009123282800,-0.023172233655,0.696266664,-0.717769718,0.002229615,-0.003793840
1790504279.847214460,0.013801586122,0.009121626574,-0.023172230792,0.696265373,-0.717771020,0.002229643,-0.003784269
1790504279.880547285,0.013802812446,0.009117593099,-0.023172894903,0.696261066,-0.717775221,0.002227155,-0.003781516
1790504279.913881540,0.013803080458,0.009113837783,-0.023172773008,0.696251895,-0.717784106,0.002231603,-0.003781050
1790504279.947215557,0.013803365823,0.009113469686,-0.023172688045,0.696259847,-0.717776396,0.002235308,-0.003778110
1790504279.980549574,0.013804152222,0.009113703560,-0.023173703060,0.696266356,-0.717770103,0.002226873,-0.003779184
1790504280.013882637,0.013804501507,0.009113190447,-0.023174935291,0.696255437,-0.717780772,0.002229695,-0.003762835
1790504280.047216654,0.013804696425,0.009114623334,-0.023175288379,0.696263765,-0.717772675,0.002230193,-0.003765945
1790504280.080550432,0.013803126732,0.009115702248,-0.023174509818,0.696271316,-0.717765397,0.002235874,-0.003753726
1790504280.113883495,0.013801413828,0.009114830180,-0.023172667271,0.696260458,-0.717775938,0.002236425,-0.003751732
1790504280.147217512,0.013800825287,0.009115677926,-0.023171271801,0.696270647,-0.717766103,0.002241084,-0.003739734
1790504280.180551529,0.013801275219,0.009117568495,-0.023171159178,0.696272567,-0.717764249,0.002245778,-0.003735163
1790504280.213885307,0.013799971816,0.009117631844,-0.023171272449,0.696271199,-0.717765626,0.002253917,-0.003720696
1790504280.247218370,0.013796439531,0.009117588852,-0.023170825497,0.696254501,-0.717781919,0.002266067,-0.003694884
1790504280.280552149,0.013792975673,0.009120346765,-0.023171657484,0.696275174,-0.717761868,0.002267625,-0.003693428
1790504280.313885927,0.013788947231,0.009121473801,-0.023173708361,0.696262850,-0.717773931,0.002281564,-0.003663607
1790504280.347218752,0.013786450688,0.009120178632,-0.023174970481,0.696264846,-0.717772080,0.002291402,-0.003640674
1790504280.380552769,0.013785838356,0.009117798950,-0.023175562289,0.696254673,-0.717781907,0.002299717,-0.003643567
1790504280.413886547,0.013785403770,0.009116985656,-0.023177354692,0.696254460,-0.717782199,0.002311267,-0.003619478
1790504280.447223663,0.013784865442,0.009117899996,-0.023179099696,0.696255377,-0.717781370,0.002317358,-0.003603361
1790504280.480559826,0.013784607150,0.009119143318,-0.023179462012,0.696256849,-0.717779988,0.002329273,-0.003586676
1790504280.513896942,0.013786827742,0.009119722384,-0.023179532453,0.696257868,-0.717778904,0.002328309,-0.003606273
1790504280.547234297,0.013789182242,0.009119012655,-0.023179137982,0.696260355,-0.717776430,0.002330543,-0.003617070
1790504280.580571651,0.013789703717,0.009116606572,-0.023177499039,0.696254204,-0.717782254,0.002340640,-0.003638813
1790504280.613907814,0.013789744291,0.009114596015,-0.023176548416,0.696251629,-0.717784697,0.002348299,-0.003644741
1790504280.647244930,0.013791431465,0.009114479405,-0.023177523821,0.696255315,-0.717781050,0.002341318,-0.003663014
1790504280.680582047,0.013792777861,0.009115137352,-0.023178344875,0.696253291,-0.717782917,0.002347915,-0.003677865
1790504280.713918447,0.013792881567,0.009115557014,-0.023178476929,0.696264539,-0.717771919,0.002353478,-0.003691194
1790504280.747255564,0.013792235759,0.009114381578,-0.023177517001,0.696254212,-0.717781860,0.002355505,-0.003704712
1790504280.780592680,0.013790581758,0.009114195349,-0.023175567769,0.696256578,-0.717779476,0.002359061,-0.003719578
1790504280.813930273,0.013788586884,0.009115664821,-0.023173677925,0.696261064,-0.717775045,0.002368343,-0.003729298
1790504280.847266436,0.013789177423,0.009116652699,-0.023173126143,0.696260934,-0.717775151,0.002366225,-0.003734338
1790504280.880603552,0.013790978212,0.009115149740,-0.023173593478,0.696247520,-0.717788043,0.002376744,-0.003750679
1790504280.913940907,0.013792542195,0.009113695312,-0.023173566245,0.696234036,-0.717801045,0.002382831,-0.003761631
1790504280.947278023,0.013794921991,0.009116164761,-0.023173416062,0.696236306,-0.717798785,0.002386318,-0.003770332
1790504280.980614424,0.013797371842,0.009119650023,-0.023173581515,0.696240061,-0.717795037,0.002390632,-0.003787821
1790504281.013951778,0.013797662338,0.009119169568,-0.023172880596,0.696229038,-0.717805679,0.002396761,-0.003793359
1790504281.047289133,0.013797613835,0.009115251839,-0.023171880092,0.696229480,-0.717805168,0.002404484,-0.003803969
1790504281.080625534,0.013800023026,0.009109332915,-0.023172849739,0.696212860,-0.717821196,0.002409830,-0.003817943
1790504281.113962650,0.013803892044,0.009104204570,-0.023174445854,0.696208593,-0.717825180,0.002411919,-0.003845748
1790504281.147300005,0.013804583500,0.009101621497,-0.023175692529,0.696200618,-0.717832886,0.002419146,-0.003846452
1790504281.180637360,0.013802159204,0.009102167488,-0.023176773646,0.696205528,-0.717828155,0.002410231,-0.003846309
1790504281.213973522,0.013799833829,0.009105561822,-0.023177520699,0.696214263,-0.717819677,0.002408328,-0.003848443
1790504281.247311115,0.013800963256,0.009109468394,-0.023178208311,0.696227654,-0.717806679,0.002394611,-0.003858949
1790504281.280648470,0.013803229628,0.009112002801,-0.023177528170,0.696225866,-0.717808433,0.002381711,-0.003863336
1790504281.313985825,0.013805613920,0.009115211213,-0.023175177667,0.696234660,-0.717799905,0.002378379,-0.003864948
1790504281.347321987,0.013807810885,0.009117876255,-0.023172473014,0.696253605,-0.717781473,0.002360523,-0.003886058
1790504281.380659342,0.013806249074,0.009117533709,-0.023170923498,0.696245746,-0.717789066,0.002360141,-0.003892038
1790504281.413996935,0.013803451446,0.009117689937,-0.023170840210,0.696251518,-0.717783532,0.002360138,-0.003880039
1790504281.447334051,0.013803303680,0.009119452254,-0.023171720181,0.696259386,-0.717775853,0.002341033,-0.003900163
1790504281.480672121,0.013803382873,0.009120883231,-0.023172065826,0.696267240,-0.717768266,0.002339497,-0.003895317
1790504281.514010191,0.013803937305,0.009121038536,-0.023171862708,0.696263944,-0.717771481,0.002327526,-0.003899255
1790504281.547348499,0.013804895625,0.009120761530,-0.023171312872,0.696250544,-0.717784387,0.002326744,-0.003916635
1790504281.580685854,0.013804944964,0.009120928343,-0.023169683819,0.696257862,-0.717777347,0.002318680,-0.003910679
1790504281.614023924,0.013806659426,0.009119034558,-0.023167421800,0.696251940,-0.717783078,0.002302939,-0.003922419
1790504281.647361994,0.013810785935,0.009115088757,-0.023166793375,0.696242212,-0.717792501,0.002297006,-0.003928233
1790504281.680699110,0.013815104995,0.009112160734,-0.023167747891,0.696228107,-0.717806099,0.002289742,-0.003947868
1790504281.714037657,0.013817424668,0.009112247493,-0.023168936359,0.696233137,-0.717801233,0.002282019,-0.003949819
1790504281.747375727,0.013818183220,0.009113634381,-0.023170341373,0.696231394,-0.717802863,0.002272767,-0.003966131
1790504281.780713797,0.013815509642,0.009114788030,-0.023172137932,0.696230213,-0.717804033,0.002260782,-0.003968576
1790504281.814051151,0.013809859333,0.009114983006,-0.023172843133,0.696225078,-0.717809047,0.002266522,-0.003959273
1790504281.847389460,0.013807416321,0.009114453395,-0.023172913540,0.696217892,-0.717815951,0.002277827,-0.003964665
1790504281.880727768,0.013808742007,0.009112546525,-0.023173237515,0.696198785,-0.717834479,0.002282755,-0.003962524
1790504281.914065838,0.013810486970,0.009110955767,-0.023172629754,0.696187450,-0.717845346,0.002290733,-0.003980761
1790504281.947403193,0.013810527561,0.009111364961,-0.023167687366,0.696178494,-0.717854091,0.002309915,-0.003958834
1790504281.980741501,0.013807929741,0.009116305022,-0.023148346398,0.696158868,-0.717872950,0.002317567,-0.003985788
1790504282.014079809,0.013797030171,0.009130195730,-0.023104972712,0.696143960,-0.717887452,0.002333441,-0.003968403
1790504282.047416925,0.013790158725,0.009152760713,-0.023050467377,0.696145921,-0.717885452,0.002336783,-0.003984199
1790504282.080755472,0.013793882262,0.009176680733,-0.023000802025,0.696120706,-0.717909892,0.002353306,-0.003976264
1790504282.114093781,0.013780255561,0.009190608986,-0.022948870644,0.696113699,-0.717916635,0.002364615,-0.003978929
1790504282.147431850,0.013752442801,0.009190779789,-0.022899864662,0.696103978,-0.717926126,0.002375953,-0.003960334
1790504282.180769205,0.013735436046,0.009180990463,-0.022873325152,0.696122933,-0.717907641,0.002371859,-0.003981985
1790504282.214107752,0.013722351804,0.009161919977,-0.022861376824,0.696148900,-0.717882423,0.002358121,-0.003997016
1790504282.247446060,0.013708849926,0.009134976229,-0.022848901180,0.696169992,-0.717861902,0.002353106,-0.004011780
1790504282.280784369,0.013683022916,0.009109802818,-0.022849171612,0.696201348,-0.717831487,0.002350424,-0.004014314
1790504282.314121723,0.013628694345,0.009093029496,-0.022870627305,0.696214364,-0.717818782,0.002335774,-0.004037329
1790504282.347460270,0.013598294088,0.009083649899,-0.022883626659,0.696237131,-0.717796657,0.002331892,-0.004047207
1790504282.380798578,0.013612961539,0.009080610550,-0.022878477603,0.696258345,-0.717776032,0.002316648,-0.004064287
1790504282.414135933,0.013609738796,0.009084068660,-0.022885218585,0.696289197,-0.717746066,0.002314413,-0.004072097
1790504282.447477341,0.013561987307,0.009090958292,-0.022910819204,0.696303150,-0.717732456,0.002303546,-0.004091258
1790504282.480818748,0.013514005352,0.009102973778,-0.022945020508,0.696336085,-0.717700453,0.002312862,-0.004094698
1790504282.514160156,0.013522931164,0.009133147841,-0.023014105245,0.696507576,-0.717533933,0.002390914,-0.004066434
1790504282.547500849,0.013582855468,0.009179808908,-0.023109471020,0.697600953,-0.716470674,0.002385271,-0.004122380
1790504282.580842495,0.013632202495,0.009220053751,-0.023100094003,0.697742074,-0.716333007,0.002408928,-0.004149551
1790504282.614184141,0.013650029051,0.009256323718,-0.022978454869,0.696761303,-0.717287680,0.002492276,-0.003982298
1790504282.647525787,0.013627882692,0.009337038981,-0.022995602196,0.696868304,-0.717183637,0.002533658,-0.003972114
1790504282.680866718,0.013555098041,0.009480602757,-0.023339967886,0.698239601,-0.715841649,0.002758583,-0.004958056
1790504282.714208603,0.013470990562,0.009654664623,-0.023972987172,0.697967086,-0.716033315,-0.000927532,-0.011720824
1790504282.747550488,0.013346142692,0.009857352352,-0.024893160344,0.696516722,-0.717158721,-0.005444998,-0.022763523
1790504282.780891657,0.013020734602,0.010122933325,-0.026144268043,0.696670405,-0.716799135,-0.007335145,-0.028205374
1790504282.814233541,0.012424407721,0.010466681746,-0.027563565264,0.696798751,-0.716551174,-0.008427763,-0.030901259
1790504282.847575665,0.011595783015,0.010856663583,-0.028927550244,0.695840728,-0.717291399,-0.010672793,-0.034421258
1790504282.880917788,0.010544151698,0.011234335102,-0.030187371176,0.695228440,-0.717618800,-0.013309492,-0.038775396
1790504282.914258957,0.009202351969,0.011530775887,-0.031489772351,0.692444743,-0.719965921,-0.015825708,-0.043805225
1790504282.947601318,0.007489393613,0.011713216334,-0.032994428749,0.690996851,-0.721041583,-0.016808603,-0.048372074
1790504282.980943680,0.005378953513,0.011745081032,-0.034773300209,0.690937374,-0.720779990,-0.015220214,-0.053386292
1790504283.014284849,0.002946621167,0.011511219987,-0.036811970703,0.691971425,-0.719371103,-0.012981971,-0.059264075
1790504283.047627449,0.000348424401,0.010859562437,-0.039036770267,0.692616100,-0.718135452,-0.011820767,-0.066518272
1790504283.080970049,-0.002281151739,0.009706781365,-0.041382963680,0.693015334,-0.717003871,-0.012406809,-0.074035584
1790504283.114312410,-0.004905740258,0.008023000750,-0.043848435154,0.694382403,-0.715100014,-0.013086963,-0.079333344
1790504283.147654057,-0.007638140128,0.005815900102,-0.046489392600,0.694840768,-0.714091924,-0.016515531,-0.083643694
1790504283.180996895,-0.010666240841,0.003178584877,-0.049340526573,0.697506544,-0.710991864,-0.016599944,-0.087747547
1790504283.214339256,-0.014058779312,0.000237324995,-0.052366556826,0.699203242,-0.708652761,-0.014325097,-0.093385669
1790504283.247682095,-0.017682668227,-0.002928917031,-0.055478123929,0.701773674,-0.705118660,-0.014405210,-0.100567772
1790504283.281024218,-0.021316588369,-0.006240477611,-0.058612664061,0.701968507,-0.704241390,-0.014663220,-0.105210594
1790504283.314367056,-0.024814884065,-0.009590061877,-0.061744693008,0.702756652,-0.702775696,-0.012739748,-0.109895895
1790504283.347709894,-0.028135857812,-0.012884762478,-0.064876680778,0.704313487,-0.700329853,-0.015687580,-0.115041338
1790504283.381052017,-0.031255549720,-0.016063657844,-0.068014906413,0.711597141,-0.691337818,-0.018407047,-0.123865699
1790504283.414395094,-0.034147346971,-0.019094324182,-0.071162148695,0.712643052,-0.689489050,-0.021434693,-0.127613808
1790504283.447729826,-0.036780946254,-0.021984126573,-0.074246744295,0.713920923,-0.687311443,-0.024342235,-0.131633401
1790504283.481064796,-0.039143080669,-0.024747237345,-0.077188198205,0.714631294,-0.685526728,-0.029329124,-0.135996402
1790504283.514398575,-0.041261331634,-0.027423343129,-0.079974058966,0.715709811,-0.683235466,-0.033182423,-0.140881833
1790504283.547733307,-0.043200570928,-0.030050022702,-0.082677850164,0.715893299,-0.682017611,-0.036082806,-0.145075134
1790504283.581068277,-0.045012079338,-0.032619182444,-0.085370847281,0.716031413,-0.680988786,-0.039210155,-0.148377399
1790504283.614403248,-0.046706651614,-0.035137781995,-0.088060893886,0.717061380,-0.678722022,-0.042326040,-0.152865629
1790504283.647737026,-0.048296067383,-0.037648601505,-0.090742140846,0.716185882,-0.678568508,-0.046253510,-0.156471006
1790504283.681071997,-0.049841903863,-0.040150167444,-0.093447986760,0.715593914,-0.677678997,-0.050579056,-0.161611528
1790504283.714406967,-0.051451559911,-0.042612058985,-0.096248406956,0.717677700,-0.673886445,-0.053363804,-0.167236605
1790504283.747740746,-0.053188770090,-0.045056848831,-0.099174118677,0.719089134,-0.670834128,-0.056579907,-0.172311068
1790504283.781075716,-0.055036655484,-0.047538144603,-0.102171625817,0.717677041,-0.671438717,-0.055598661,-0.176120707
1790504283.814410686,-0.056961981439,-0.050084451776,-0.105148522482,0.718256829,-0.669771768,-0.054917289,-0.180269240
1790504283.847745419,-0.058925555562,-0.052731010389,-0.108044513243,0.720113772,-0.665787166,-0.057962166,-0.186558282
1790504283.881079435,-0.060871009320,-0.055509906841,-0.110824010625,0.722015883,-0.662439006,-0.059309301,-0.190656852
1790504283.914414406,-0.062765342321,-0.058399067222,-0.113436368562,0.720568835,-0.663017655,-0.057856386,-0.194527071
1790504283.947749138,-0.064649985378,-0.061364715834,-0.115816681902,0.721407782,-0.660796969,-0.057960716,-0.198893771
1790504283.981083870,-0.066597651399,-0.064391924817,-0.117936683996,0.719829805,-0.662468112,-0.056424776,-0.199492599
1790504284.014417887,-0.068645236280,-0.067440315821,-0.119816750445,0.718706270,-0.663212286,-0.054558972,-0.201578965
1790504284.047752619,-0.070765700846,-0.070418951763,-0.121561829923,0.718079255,-0.663064556,-0.050902822,-0.205223002
1790504284.081087589,-0.072868900801,-0.073260440667,-0.123313555841,0.719247075,-0.660516744,-0.047220275,-0.210170220
1790504284.114421368,-0.074818964627,-0.075948736733,-0.125167454680,0.718273494,-0.660813159,-0.044288208,-0.213184686
1790504284.147756338,-0.076538940739,-0.078499819199,-0.127126750595,0.718304928,-0.660627063,-0.040399277,-0.214424375
1790504284.181091309,-0.078091159610,-0.080926549289,-0.129164264499,0.719377582,-0.658331042,-0.041431583,-0.217668460
1790504284.214426041,-0.079597878380,-0.083205189625,-0.131240397235,0.719817777,-0.656841719,-0.042384248,-0.220510544
1790504284.247760057,-0.081161348190,-0.085292398438,-0.133278099812,0.720832111,-0.654507247,-0.043145712,-0.223963791
1790504284.281094790,-0.082822018833,-0.087157290878,-0.135182762767,0.722018875,-0.651616638,-0.044968823,-0.228171659
1790504284.314429760,-0.084563545660,-0.088786052299,-0.136870764685,0.721508107,-0.650635993,-0.044440224,-0.232645488
1790504284.347763777,-0.086340193945,-0.090177495883,-0.138283884721,0.721616743,-0.648892584,-0.046110182,-0.236815417
1790504284.381098270,-0.088081123254,-0.091324848030,-0.139411614524,0.721237288,-0.647604634,-0.048962236,-0.240889417
1790504284.414433241,-0.089770843018,-0.092231590490,-0.140294381799,0.720847161,-0.646049743,-0.052289826,-0.245489050
1790504284.447767496,-0.091494471168,-0.092924499752,-0.140989289058,0.720382030,-0.644808501,-0.054963901,-0.249500897
1790504284.481100798,-0.093358465808,-0.093446362663,-0.141476411392,0.719364210,-0.644608271,-0.055938321,-0.252717656
1790504284.514435291,-0.095440890381,-0.093848412921,-0.141646460621,0.717829249,-0.645120755,-0.057020708,-0.255517163
1790504284.547769547,-0.097800367697,-0.094175800776,-0.141380935504,0.714609303,-0.646836537,-0.059454812,-0.259617339
1790504284.581103802,-0.100469414818,-0.094437467606,-0.140675266487,0.710078474,-0.649795831,-0.061835858,-0.264064889
1790504284.614437103,-0.103440704217,-0.094596151692,-0.139671166077,0.706894090,-0.651592440,-0.063712525,-0.267710201
1790504284.647771358,-0.106649008838,-0.094637276154,-0.138544736711,0.703761477,-0.653449952,-0.064716580,-0.271172838
1790504284.681105375,-0.109991457689,-0.094597382474,-0.137433912238,0.700741560,-0.654980501,-0.065500554,-0.275084508
1790504284.714438677,-0.113361274532,-0.094501953909,-0.136435920892,0.698047655,-0.655870637,-0.066076092,-0.279637495
1790504284.747772932,-0.116671358640,-0.094368193866,-0.135567376336,0.696249091,-0.654964181,-0.068572503,-0.285581754
1790504284.781107187,-0.119876536200,-0.094248143422,-0.134814542347,0.694251084,-0.654239586,-0.072101220,-0.291182777
1790504284.814441442,-0.122979310791,-0.094190502322,-0.134200722944,0.692786668,-0.652677136,-0.076215708,-0.297069612
1790504284.847774506,-0.126029297315,-0.094215295204,-0.133710881081,0.691243475,-0.651166051,-0.079686177,-0.303010471
1790504284.881108761,-0.129072017351,-0.094314416756,-0.133260682703,0.690721470,-0.649164835,-0.082399352,-0.307732375
1790504284.914442539,-0.132085538909,-0.094461122298,-0.132767583095,0.689395585,-0.647570264,-0.084766778,-0.313370505
1790504284.947776794,-0.134956984046,-0.094619021375,-0.132184737349,0.688543436,-0.646486302,-0.085988125,-0.317126852
1790504284.981109858,-0.137474579279,-0.094742383473,-0.131512964741,0.686560636,-0.644908074,-0.090446969,-0.323337928
1790504285.014443874,-0.139451649202,-0.094774903030,-0.130771836093,0.685291550,-0.643635130,-0.095703356,-0.327032381
1790504285.047778130,-0.140934023512,-0.094700211251,-0.129922035385,0.685158796,-0.641103242,-0.102046343,-0.330349210
1790504285.081111193,-0.142175729769,-0.094566689379,-0.128856581179,0.684032730,-0.640406935,-0.105162754,-0.333045007
1790504285.114444971,-0.143463316331,-0.094437137485,-0.127475323591,0.682339892,-0.641093578,-0.107858689,-0.334331868
1790504285.147778988,-0.144975132600,-0.094316689878,-0.125724201362,0.680308822,-0.643400437,-0.106851427,-0.334362911
1790504285.181113005,-0.146763002427,-0.094156491453,-0.123601984895,0.678086672,-0.645827934,-0.105860851,-0.334511922
1790504285.214446068,-0.148793571937,-0.093913125063,-0.121166559877,0.675778022,-0.648495221,-0.103468140,-0.334772099
1790504285.247780085,-0.150996875148,-0.093558684358,-0.118484075037,0.673029363,-0.651858771,-0.100643739,-0.334637800
1790504285.281113863,-0.153270492489,-0.093056196157,-0.115632980279,0.669564662,-0.654560649,-0.100568025,-0.336332564
1790504285.314447641,-0.155513026706,-0.092371193504,-0.112769595662,0.666727891,-0.656647319,-0.100015948,-0.338060686
1790504285.347780704,-0.157663168169,-0.091509671318,-0.110052305762,0.664497313,-0.658495821,-0.098535289,-0.339289510
1790504285.381114483,-0.159690125340,-0.090545927475,-0.107485389350,0.663359195,-0.659470092,-0.097032039,-0.340056701
1790504285.414448500,-0.161577933026,-0.089603762922,-0.104965598667,0.660745865,-0.661516714,-0.096069053,-0.341440003
1790504285.447781563,-0.163358036855,-0.088763333845,-0.102420735356,0.657438642,-0.664656747,-0.095038140,-0.342014025
1790504285.481115341,-0.165070283096,-0.088018728443,-0.099846786822,0.654929410,-0.666664611,-0.095585351,-0.342766984
1790504285.514449120,-0.166722245293,-0.087325645859,-0.097329178090,0.652017214,-0.668593269,-0.096868310,-0.344199250
1790504285.547782898,-0.168320581229,-0.086622283003,-0.095019742402,0.649124309,-0.670533459,-0.097887251,-0.345601791
1790504285.581115961,-0.169860991902,-0.085854576584,-0.093069302334,0.647330370,-0.671528226,-0.098252930,-0.346928805
1790504285.614449739,-0.171305496837,-0.085036770893,-0.091583570344,0.646209808,-0.671604066,-0.097670279,-0.349029194
1790504285.647783518,-0.172590140437,-0.084232563785,-0.090565038296,0.645011279,-0.671784995,-0.095550121,-0.351476237
1790504285.681116104,-0.173653042264,-0.083506617565,-0.089880237824,0.644476300,-0.671514143,-0.094024154,-0.353381542
1790504285.714450121,-0.174482018937,-0.082913962927,-0.089347237625,0.643992579,-0.671122976,-0.093997833,-0.355009743
1790504285.747783899,-0.175125876234,-0.082490801967,-0.088853734407,0.644008993,-0.670589366,-0.093813409,-0.356035620
1790504285.781117678,-0.175645332211,-0.082252705652,-0.088381492098,0.643709435,-0.670693766,-0.094352350,-0.356238219
1790504285.814450264,-0.176097182501,-0.082175846695,-0.087926097359,0.642824987,-0.671288307,-0.095056953,-0.356528008
1790504285.847784042,-0.176541817186,-0.082174680730,-0.087457417314,0.642268584,-0.671229893,-0.097010824,-0.357113983
1790504285.881117582,-0.177021307002,-0.082145476179,-0.086961548605,0.642240001,-0.671018044,-0.098031096,-0.357284857
1790504285.914451122,-0.177528042500,-0.082007469109,-0.086432019824,0.642140335,-0.670938506,-0.097617284,-0.357726400
1790504285.947783947,-0.178049619956,-0.081736940915,-0.085801411355,0.641494863,-0.670599224,-0.098736029,-0.359210549
1790504285.981117487,-0.178618472692,-0.081358213120,-0.084970547645,0.640860870,-0.670506585,-0.099053865,-0.360425577
1790504286.014451265,-0.179278844070,-0.080901193189,-0.083873852539,0.640172918,-0.670600576,-0.099856815,-0.361250771
1790504286.047783613,-0.180036964746,-0.080379637232,-0.082532558938,0.639508855,-0.671085350,-0.100241651,-0.361420101
1790504286.081117153,-0.180848054436,-0.079768151007,-0.081055336069,0.637725587,-0.672386908,-0.101456401,-0.361812825
1790504286.114450693,-0.181620495640,-0.079009838591,-0.079564042343,0.637309163,-0.672640278,-0.102842496,-0.361684266
1790504286.147784233,-0.182239362090,-0.078093667639,-0.078117482912,0.639434663,-0.671888549,-0.102863011,-0.359316420
1790504286.181116581,-0.182634142971,-0.077086691518,-0.076648616023,0.639801955,-0.671532009,-0.105777225,-0.358482074
1790504286.214450121,-0.182858697177,-0.076059169898,-0.075074780440,0.639711229,-0.670559037,-0.111694477,-0.358670414
1790504286.247783661,-0.183068037020,-0.075047016769,-0.073452104264,0.636538735,-0.671726273,-0.117515743,-0.360266990
1790504286.281117201,-0.183387700777,-0.074084472582,-0.071852846060,0.635368010,-0.671854546,-0.120148236,-0.361224810
1790504286.314449787,-0.183868759834,-0.073206759356,-0.070297847720,0.633906782,-0.673280426,-0.120693170,-0.360955425
1790504286.347782850,-0.184520686586,-0.072421841710,-0.068800636096,0.632806391,-0.674682197,-0.119894885,-0.360534632
1790504286.381116390,-0.185306824791,-0.071682268858,-0.067383291904,0.631824254,-0.675315926,-0.120169217,-0.360979047
1790504286.414448738,-0.186192612210,-0.070936523584,-0.066037358648,0.631418039,-0.675066888,-0.121478791,-0.361716546
1790504286.447783947,-0.187172988575,-0.070171030397,-0.064753338396,0.630622700,-0.675119201,-0.121916639,-0.362857284
1790504286.481119156,-0.188210869786,-0.069367561113,-0.063469856822,0.629914310,-0.675398549,-0.121409936,-0.363736703
1790504286.514454126,-0.189239317791,-0.068502681834,-0.062086154773,0.627900791,-0.675808973,-0.123924660,-0.365602936
1790504286.547788382,-0.190227226401,-0.067585826665,-0.060627518063,0.626310050,-0.676271770,-0.126615350,-0.366552544
1790504286.581123590,-0.191128562480,-0.066661261945,-0.059253759365,0.625407758,-0.677344365,-0.126106730,-0.366287919
1790504286.614458561,-0.191851694720,-0.065790412146,-0.058062640991,0.628174112,-0.676826925,-0.122812206,-0.363620351
1790504286.647793770,-0.192334302083,-0.065029714335,-0.057043574105,0.628006582,-0.676249903,-0.125622393,-0.364023099
1790504286.681128025,-0.192619057959,-0.064405600981,-0.056199835321,0.627287317,-0.675839440,-0.129702628,-0.364594161
1790504286.714462996,-0.192822527182,-0.063896899072,-0.055574788653,0.626396004,-0.676808351,-0.130706965,-0.363970041
1790504286.747798204,-0.193031139686,-0.063468165333,-0.055151187580,0.625643465,-0.677910778,-0.130405149,-0.363320422
1790504286.781132221,-0.193259792401,-0.063104126024,-0.054903575120,0.625150457,-0.678843250,-0.129306096,-0.362820454
1790504286.814467192,-0.193475889147,-0.062809984978,-0.054849739993,0.624589172,-0.679949429,-0.127388916,-0.362393714
1790504286.847802401,-0.193612309641,-0.062607503236,-0.054978404908,0.625162557,-0.679960524,-0.125495540,-0.362044657
1790504286.881137609,-0.193579015516,-0.062539680270,-0.055254975981,0.625579226,-0.679828017,-0.124969634,-0.361755567
1790504286.914471626,-0.193305115611,-0.062616714241,-0.055680999557,0.626376341,-0.679935328,-0.124583661,-0.360304790
1790504286.947806835,-0.192787445518,-0.062788855181,-0.056232563162,0.627681277,-0.678835693,-0.126124955,-0.359570316
1790504286.981141806,-0.192125207552,-0.063023657651,-0.056835325219,0.628356189,-0.677453312,-0.128927850,-0.360004333
1790504287.014476061,-0.191496501315,-0.063312139588,-0.057454913677,0.629410349,-0.675849245,-0.132082234,-0.360034295
1790504287.047811031,-0.191088794286,-0.063639634163,-0.058085495495,0.630801272,-0.673953535,-0.135127031,-0.360023711
1790504287.081146240,-0.191022807171,-0.064020426273,-0.058697081522,0.631283794,-0.673449550,-0.135863271,-0.359843920
1790504287.114481449,-0.191286524305,-0.064506606404,-0.059279485625,0.631462494,-0.673861159,-0.135093824,-0.359048626
1790504287.147815466,-0.191726330139,-0.065189357298,-0.059883646915,0.630895595,-0.675262147,-0.133552849,-0.357988012
1790504287.181150675,-0.192109008237,-0.066169614887,-0.060629780112,0.630166091,-0.677425960,-0.131421677,-0.355967850
1790504287.214485645,-0.192210419094,-0.067524653348,-0.061689109345,0.630106847,-0.678809299,-0.129886781,-0.353995370
1790504287.247820854,-0.191879175792,-0.069335797400,-0.063231609334,0.630740596,-0.679960338,-0.128399768,-0.351189037
1790504287.281154871,-0.191056623331,-0.071671461089,-0.065323888718,0.632719568,-0.679885588,-0.127839757,-0.347963407
1790504287.314490080,-0.189776432892,-0.074553002331,-0.067883410537,0.636178663,-0.677662527,-0.129012287,-0.345551789
1790504287.347825050,-0.188146066599,-0.077980113131,-0.070733323246,0.638980513,-0.676604554,-0.130516654,-0.341870713
1790504287.381159067,-0.186293195652,-0.081921109125,-0.073657800906,0.642138586,-0.675306446,-0.131757788,-0.338022376
1790504287.414494038,-0.184311210107,-0.086290545219,-0.076497699624,0.645280776,-0.673863784,-0.133251866,-0.334311623
1790504287.447827339,-0.182248558729,-0.090953978582,-0.079215287507,0.646963763,-0.673973854,-0.134023156,-0.330507076
1790504287.481160402,-0.180113497137,-0.095764099584,-0.081832435109,0.649826198,-0.672647244,-0.134493106,-0.327388458
1790504287.514492512,-0.177878886540,-0.100606077470,-0.084363313906,0.653409765,-0.671154894,-0.134995668,-0.323083514
1790504287.547825336,-0.175527475514,-0.105385139003,-0.086799524154,0.656174978,-0.670100501,-0.135651410,-0.319371901
1790504287.581158400,-0.173079605847,-0.109990240365,-0.089103225854,0.658985885,-0.668418275,-0.136374023,-0.316791319
1790504287.614491463,-0.170604663129,-0.114336374944,-0.091233596416,0.661808067,-0.667030190,-0.136778338,-0.313643896
1790504287.647823572,-0.168195498342,-0.118401358265,-0.093190743929,0.665622493,-0.665555030,-0.136936293,-0.308596258
1790504287.681156397,-0.165909222464,-0.122198347339,-0.094985611629,0.667402407,-0.665922797,-0.137365154,-0.303729601
1790504287.714489222,-0.163761463964,-0.125759802191,-0.096580283024,0.669474951,-0.666040418,-0.135902503,-0.299539582
1790504287.747821331,-0.161762262273,-0.129146001880,-0.097948111236,0.668729987,-0.668158272,-0.136009431,-0.296422272
1790504287.781154156,-0.159903398567,-0.132427865964,-0.099134213366,0.672051266,-0.666829846,-0.135766189,-0.291980470
1790504287.814486742,-0.158105036125,-0.135661400637,-0.100213091604,0.672797176,-0.667917008,-0.134321434,-0.288424310
1790504287.847819805,-0.156241811085,-0.138903251988,-0.101213792991,0.674848537,-0.667506647,-0.134265917,-0.284582134
1790504287.881151676,-0.154194237458,-0.142203931674,-0.102179096498,0.676931094,-0.666343706,-0.135954697,-0.281543389
1790504287.914484262,-0.151918271679,-0.145571088711,-0.103161459447,0.679876268,-0.664410794,-0.137842528,-0.278075519
1790504287.947817087,-0.149463035324,-0.148933824540,-0.104172762319,0.678550839,-0.665964746,-0.140946315,-0.276032340
1790504287.981149912,-0.146900548885,-0.152191982247,-0.105145557763,0.680507753,-0.665326713,-0.142227493,-0.272067830
1790504288.014481544,-0.144240237744,-0.155241066992,-0.106003424809,0.682209139,-0.665311779,-0.142426247,-0.267704486
1790504288.047814131,-0.141458198661,-0.157974514538,-0.106728585889,0.683865153,-0.665518085,-0.142932342,-0.262648962
1790504288.081146717,-0.138537596864,-0.160310307429,-0.107341789593,0.685832303,-0.665094037,-0.144554364,-0.257658708
1790504288.114478588,-0.135456632778,-0.162244439533,-0.107855575035,0.687972685,-0.664744996,-0.145435598,-0.252301729
1790504288.147810936,-0.132179382854,-0.163850127605,-0.108269196975,0.690412466,-0.663985465,-0.146697494,-0.246847674
1790504288.181143522,-0.128686950130,-0.165203056920,-0.108563578128,0.692005738,-0.663400228,-0.149280419,-0.242370693
1790504288.214476347,-0.125022011890,-0.166350766861,-0.108721554543,0.693694610,-0.663225005,-0.150969660,-0.236914632
1790504288.247807980,-0.121296188281,-0.167331963010,-0.108755392448,0.693868832,-0.664878109,-0.151379294,-0.231446437
1790504288.281140327,-0.117628205699,-0.168157644479,-0.108708524579,0.694935932,-0.665849372,-0.150830105,-0.225740875
1790504288.314472675,-0.114082140139,-0.168830940328,-0.108629270951,0.695834078,-0.666932019,-0.149657048,-0.220498043
1790504288.347804308,-0.110683492548,-0.169382505779,-0.108537267738,0.695391827,-0.669336618,-0.148036619,-0.215647532
1790504288.381136656,-0.107429070735,-0.169813225445,-0.108435685997,0.696080290,-0.670791489,-0.145731820,-0.210412083
1790504288.414469004,-0.104261142019,-0.170088181348,-0.108313945782,0.696641119,-0.672279247,-0.142898729,-0.205698126
1790504288.447805166,-0.101104085287,-0.170203121535,-0.108104534284,0.697675569,-0.673349273,-0.140785422,-0.200072541
1790504288.481139898,-0.097906245298,-0.170175695046,-0.107713832720,0.697869463,-0.674483693,-0.140572687,-0.195676469
1790504288.514476061,-0.094639197441,-0.170005814014,-0.107085034159,0.698417234,-0.675539890,-0.140822035,-0.189811430
1790504288.547811985,-0.091296698182,-0.169699213819,-0.106191672345,0.698130504,-0.677250026,-0.141149687,-0.184453161
1790504288.581147909,-0.087922675349,-0.169269992790,-0.105037005720,0.698071913,-0.678843987,-0.141711807,-0.178281263
1790504288.614482880,-0.084578850490,-0.168720199919,-0.103683491293,0.697071564,-0.681258588,-0.141201225,-0.173321045
1790504288.647818804,-0.081311251977,-0.168056473300,-0.102203755679,0.696493825,-0.684114031,-0.138090225,-0.166779594
1790504288.681154728,-0.078126433534,-0.167306222409,-0.100635091528,0.696104590,-0.686778387,-0.135091616,-0.159762646
1790504288.714489698,-0.074966610757,-0.166497034633,-0.099013045113,0.695361076,-0.689828383,-0.131446833,-0.152746540
1790504288.747825623,-0.071756777747,-0.165632262827,-0.097395701187,0.694282783,-0.692514840,-0.129983603,-0.146624952
1790504288.781161547,-0.068454756515,-0.164689460167,-0.095796432152,0.693585244,-0.694860699,-0.128512058,-0.139974175
1790504288.814497471,-0.065072811125,-0.163612263309,-0.094170960075,0.693749985,-0.695892277,-0.129014398,-0.133417321
1790504288.847832203,-0.061666973562,-0.162366245069,-0.092521112723,0.692512378,-0.697630048,-0.130525624,-0.129236158
1790504288.881168127,-0.058327836286,-0.160998429583,-0.090880911392,0.692558122,-0.700260105,-0.126222657,-0.118603851
1790504288.914504051,-0.055136818962,-0.159571607149,-0.089259096296,0.690775746,-0.703822710,-0.123033021,-0.111019532
1790504288.947839975,-0.052125377654,-0.158131483819,-0.087647417113,0.689632434,-0.706097059,-0.120505276,-0.106360367
1790504288.981174946,-0.049300103559,-0.156746310726,-0.086033529286,0.688567271,-0.708323843,-0.118327366,-0.100752574
1790504289.014510870,-0.046638189164,-0.155456331186,-0.084388612985,0.686903762,-0.711263591,-0.114876488,-0.095240318
1790504289.047847033,-0.044049173272,-0.154218272535,-0.082692149802,0.685030445,-0.714295227,-0.111669340,-0.089697134
1790504289.081182003,-0.041431343825,-0.152949169607,-0.080974093156,0.683195922,-0.716953097,-0.110025333,-0.084356480
1790504289.114517927,-0.038743185829,-0.151564137935,-0.079293352787,0.682353151,-0.718763758,-0.107829920,-0.078393528
1790504289.147853851,-0.035959776532,-0.150011764175,-0.077654418208,0.681339164,-0.720419046,-0.106334211,-0.073934946
1790504289.181189775,-0.033035159246,-0.148279391851,-0.076009974515,0.679888366,-0.722826735,-0.103379339,-0.067720263
1790504289.214524746,-0.029933548417,-0.146341140248,-0.074309801122,0.679225676,-0.724596286,-0.100205987,-0.059761716
1790504289.247860670,-0.026635336311,-0.144179320067,-0.072527423062,0.677004267,-0.727203926,-0.099255440,-0.054662868
1790504289.281196594,-0.023114844500,-0.141839229109,-0.070695618114,0.674937028,-0.730108133,-0.096223925,-0.046293393
1790504289.314532518,-0.019367268441,-0.139391537259,-0.068860427023,0.672645232,-0.733121603,-0.093751355,-0.035941492
1790504289.347867489,-0.015431883953,-0.136873191784,-0.066988846815,0.670869607,-0.735002949,-0.094288767,-0.028535296
1790504289.381203413,-0.011378013011,-0.134303626717,-0.065030628923,0.669839425,-0.735720064,-0.097192371,-0.024182123
1790504289.414539337,-0.007274744344,-0.131727680638,-0.062965827104,0.667734016,-0.738185175,-0.094529040,-0.016679079
1790504289.447873116,-0.003186081420,-0.129193259549,-0.060828730462,0.666169354,-0.739841176,-0.093619252,-0.009426683
1790504289.481207609,0.000799151017,-0.126696024398,-0.058741268110,0.663806955,-0.742371475,-0.090784659,-0.001750887
1790504289.514542341,0.004555243535,-0.124232105462,-0.056787915508,0.662282251,-0.743930917,-0.088986803,0.005509895
1790504289.547876835,0.007990822943,-0.121831060942,-0.054946953971,0.661124267,-0.745102455,-0.087247312,0.011177728
1790504289.581210375,0.011086710429,-0.119502038583,-0.053159201247,0.658542072,-0.747923273,-0.081423038,0.017418540
1790504289.614545107,0.013908079578,-0.117214410197,-0.051375572502,0.656700694,-0.749983791,-0.075744975,0.023048018
1790504289.647879601,0.016601142945,-0.114920997442,-0.049561751352,0.653256297,-0.753283626,-0.070186331,0.029897632
1790504289.681213379,0.019337235169,-0.112569227293,-0.047690135937,0.650213656,-0.756106025,-0.065484022,0.035181290
1790504289.714547873,0.022241706744,-0.110142084832,-0.045795457364,0.647664658,-0.758251939,-0.062609658,0.040798511
1790504289.747882605,0.025354888618,-0.107655533090,-0.044006586279,0.643944302,-0.761097268,-0.061241939,0.048125973
1790504289.781217098,0.028653566005,-0.105105280638,-0.042440354412,0.641179679,-0.763037222,-0.059448701,0.055934502
1790504289.814550638,0.032108374029,-0.102492338155,-0.041112905979,0.638903964,-0.764400324,-0.059109768,0.063244796
1790504289.847884893,0.035691258201,-0.099841408238,-0.039964034083,0.636300742,-0.765861620,-0.058373311,0.071902019
1790504289.881219625,0.039343938061,-0.097162546367,-0.038903959847,0.634145386,-0.766962889,-0.059410102,0.078089670
1790504289.914554119,0.042968353171,-0.094464686672,-0.037836894956,0.630593074,-0.769063638,-0.059236015,0.085933638
1790504289.947887659,0.046433676081,-0.091754875309,-0.036687850951,0.628558530,-0.770018824,-0.060125446,0.091488331
1790504289.981222153,0.049607514609,-0.089008369128,-0.035443999752,0.625512670,-0.771919418,-0.059488213,0.096620212
1790504290.014556646,0.052417859671,-0.086184400875,-0.034123942600,0.620803272,-0.775258766,-0.056830364,0.101722433
1790504290.047890186,0.054897321017,-0.083236115808,-0.032730634731,0.618319170,-0.777025145,-0.054101345,0.104815893
1790504290.081224680,0.057211766168,-0.080119507432,-0.031274017794,0.615684078,-0.778688401,-0.049334611,0.110197942
1790504290.114559174,0.059596490759,-0.076833578126,-0.029807765182,0.611395613,-0.781445345,-0.045781109,0.115942513
1790504290.147893667,0.062211243103,-0.073392923964,-0.028418952843,0.607912905,-0.783567426,-0.045490272,0.119977600
1790504290.181226730,0.065085565735,-0.069822175208,-0.027167066985,0.604883132,-0.785199780,-0.045527534,0.124518856
1790504290.214561224,0.068175088537,-0.066174467469,-0.026052213411,0.601553605,-0.786749262,-0.045521657,0.130715867
1790504290.247895718,0.071400750798,-0.062484458640,-0.025041644822,0.597751228,-0.788516925,-0.046559055,0.136991911
1790504290.281229973,0.074671437167,-0.058727521552,-0.024063581558,0.594571832,-0.790051750,-0.045516275,0.142235149
1790504290.314563513,0.077913698622,-0.054886248736,-0.022991552679,0.592073831,-0.790994758,-0.043500004,0.147931140
1790504290.347897768,0.081080573238,-0.050997753601,-0.021706970642,0.587281642,-0.793773316,-0.041023562,0.152778474
1790504290.381232262,0.084138991678,-0.047132143297,-0.020215419443,0.583099299,-0.796392139,-0.040398389,0.155314969
1790504290.414565325,0.087051403072,-0.043375978392,-0.018660990447,0.580794952,-0.797657921,-0.039725739,0.157610060
1790504290.447900772,0.089794923491,-0.039839930533,-0.017164205936,0.577236957,-0.799734321,-0.036558052,0.160891330
1790504290.481236458,0.092406734800,-0.036592968929,-0.015759899067,0.571905516,-0.802812029,-0.031648475,0.165575666
1790504290.514571905,0.094957895081,-0.033619349265,-0.014468184471,0.567902745,-0.805094228,-0.027361096,0.169000373
1790504290.547906399,0.097503257654,-0.030865596025,-0.013315218264,0.564618381,-0.806885798,-0.023805070,0.171972997
1790504290.581241846,0.100065379960,-0.028281104740,-0.012343632617,0.560012342,-0.809201407,-0.020082146,0.176567177
1790504290.614577293,0.102633780540,-0.025805123856,-0.011596017103,0.557711608,-0.809817795,-0.022366000,0.180700477
1790504290.647912741,0.105196979621,-0.023376346308,-0.011050786639,0.553476680,-0.811803005,-0.023073898,0.184680916
1790504290.681247234,0.107738603857,-0.020976150087,-0.010621056605,0.551970376,-0.811776592,-0.022629566,0.189302325
1790504290.714582920,0.110230995454,-0.018630399778,-0.010261947556,0.548884057,-0.812798565,-0.023956066,0.193677289
1790504290.747918367,0.112644676626,-0.016383443403,-0.009959481128,0.545799332,-0.813944716,-0.023950725,0.197543540
1790504290.781252861,0.114959035920,-0.014275191831,-0.009692781503,0.542776943,-0.814938796,-0.024228008,0.201695195
1790504290.814588308,0.117131778835,-0.012338749523,-0.009438762402,0.539652591,-0.815907011,-0.024589521,0.206073255
1790504290.847923994,0.119099725851,-0.010593762566,-0.009171792716,0.537248563,-0.816648817,-0.024902796,0.209352675
1790504290.881259441,0.120839969254,-0.009038939301,-0.008881808503,0.534941875,-0.817436972,-0.024329786,0.212231121
1790504290.914593935,0.122384892498,-0.007644397690,-0.008585993638,0.532368044,-0.818406672,-0.023177264,0.215075799
1790504290.947929621,0.123800441552,-0.006358222743,-0.008286267255,0.530150952,-0.819107410,-0.022706022,0.217916167
1790504290.981265068,0.125157430254,-0.005132376072,-0.007965565768,0.527502543,-0.820076692,-0.022131661,0.220738476
1790504291.014599800,0.126496986448,-0.003928871451,-0.007635294650,0.525026871,-0.820791084,-0.021691497,0.224005047
1790504291.047935247,0.127842187112,-0.002723275381,-0.007319113588,0.522380535,-0.821463127,-0.021014570,0.227761487
1790504291.081270933,0.129180154512,-0.001519152602,-0.007036745982,0.520119266,-0.822088930,-0.021831310,0.230584333
1790504291.114606380,0.130443341656,-0.000345598825,-0.006781468714,0.518095781,-0.822453017,-0.021055220,0.233889878
1790504291.147941113,0.131577824045,0.000766604136,-0.006483369479,0.514813989,-0.823558949,-0.019287056,0.237371489
1790504291.181276560,0.132581488392,0.001775372485,-0.006125597118,0.511920972,-0.824681468,-0.017418653,0.239862428
1790504291.214612246,0.133420651120,0.002509195600,-0.005855763260,0.509304245,-0.825756765,-0.016589741,0.241784474
1790504291.247947931,0.133962627244,0.002711613181,-0.005829240355,0.509190389,-0.825393888,-0.017409028,0.243201568
1790504291.281282425,0.134138967246,0.002453809259,-0.005974978066,0.510245665,-0.824672298,-0.016390124,0.243508368
1790504291.314618111,0.134123192354,0.002177030765,-0.006052478900,0.508986404,-0.825292903,-0.012455763,0.244273042
1790504291.347953796,0.134188038309,0.002214466438,-0.005915205397,0.506176484,-0.826502063,-0.008667424,0.246179979
1790504291.381288528,0.134476421127,0.002561124965,-0.005657470720,0.503041001,-0.827980937,-0.007673819,0.247665967
1790504291.414623976,0.134916381540,0.002898854644,-0.005540818156,0.501971614,-0.828347232,-0.008982912,0.248565220
1790504291.447960854,0.135355607525,0.002868983796,-0.005720971522,0.502625851,-0.827943639,-0.009654221,0.248562628
1790504291.481297970,0.135794410905,0.002550504218,-0.006073916923,0.503247722,-0.827187923,-0.008334841,0.249864765
1790504291.514633894,0.136388857651,0.002305076438,-0.006396653005,0.502608086,-0.827163596,-0.007195458,0.251264247
1790504291.547970533,0.137275907382,0.002333451729,-0.006640166277,0.501007763,-0.827546960,-0.006941971,0.253197666
1790504291.581307411,0.138509204077,0.002624740828,-0.006870249101,0.499751723,-0.827671369,-0.007316216,0.255254371
1790504291.614644289,0.140071136531,0.003029525937,-0.007162851759,0.498209731,-0.827630825,-0.008851687,0.258332980
1790504291.647980213,0.141875070128,0.003324660388,-0.007596142206,0.496715198,-0.827626732,-0.009471113,0.261186336
1790504291.681317091,0.143799290171,0.003346714188,-0.008218383027,0.496460021,-0.827042445,-0.008906802,0.263531611
1790504291.714653969,0.145764715769,0.003060642393,-0.008981629398,0.498122251,-0.825657673,-0.008129030,0.264759415
1790504291.747989893,0.147752757376,0.002472642366,-0.009786643854,0.499345168,-0.824467604,-0.006746183,0.266199289
1790504291.781327009,0.149773488687,0.001588974907,-0.010570119973,0.501115096,-0.822760677,-0.005310061,0.268179662
1790504291.814663887,0.151870380998,0.000454310621,-0.011304154211,0.502935787,-0.821241824,-0.003084117,0.269458621
1790504291.848000765,0.154119127044,-0.000833568130,-0.011972496544,0.503593225,-0.820494523,-0.000526662,0.270522316
1790504291.881336689,0.156605388285,-0.002174873059,-0.012568163757,0.503703709,-0.819596898,0.002524413,0.273014882
1790504291.914673567,0.159392297897,-0.003519371767,-0.013102954007,0.504490267,-0.818257758,0.003632866,0.275555104
1790504291.948010445,0.162477227430,-0.004892523804,-0.013600662037,0.505084238,-0.816944836,0.003875167,0.278345164
1790504291.981347561,0.165812463169,-0.006390506280,-0.014075949202,0.505493115,-0.815496804,0.005151359,0.281806916
1790504292.014683485,0.169365120340,-0.008120610259,-0.014539385050,0.505320750,-0.814781856,0.005941546,0.284158697
1790504292.048020601,0.173144784973,-0.010125850479,-0.015066636301,0.504450508,-0.814437590,0.007983000,0.286631068
1790504292.081357479,0.177184688133,-0.012376928165,-0.015804800479,0.505461029,-0.812706710,0.010480113,0.289667254
1790504292.114693403,0.181473508283,-0.014822400863,-0.016834844679,0.507854844,-0.809927602,0.012340659,0.293169652
1790504292.148030519,0.185973377232,-0.017399295501,-0.017998835930,0.513026392,-0.805113113,0.014140630,0.297316060
1790504292.181367397,0.190670090287,-0.020013863580,-0.018995509155,0.515817877,-0.801932093,0.015127187,0.301011633
1790504292.214704514,0.195527599989,-0.022560145872,-0.019647789349,0.516845937,-0.799675735,0.016229783,0.305164857
1790504292.248040438,0.200491099971,-0.024949643799,-0.019980393862,0.517054245,-0.797673353,0.017306458,0.309955830
1790504292.281377554,0.205561233964,-0.027115425790,-0.020074474753,0.517444420,-0.795455238,0.018144692,0.314917460
1790504292.314714670,0.210739514174,-0.029034223590,-0.019987979030,0.516824794,-0.793848270,0.016307896,0.320048605
1790504292.348050594,0.215943852701,-0.030753497998,-0.019784714770,0.515998991,-0.792238640,0.015808366,0.325350694
1790504292.381387711,0.221049468808,-0.032387565526,-0.019511861198,0.515796025,-0.790216094,0.015957339,0.330542506
1790504292.414724588,0.225982185777,-0.034053638842,-0.019152230477,0.516364314,-0.788103587,0.017144717,0.334614242
1790504292.448059082,0.230733449932,-0.035819860321,-0.018629365383,0.517614630,-0.785642990,0.020014654,0.338289226
1790504292.481392384,0.235311355011,-0.037696545181,-0.017865100950,0.517927459,-0.784144634,0.022451140,0.341122098
1790504292.514726877,0.239718400363,-0.039640069938,-0.016832605006,0.517371893,-0.783488849,0.026016656,0.343212297
1790504292.548061132,0.243982817389,-0.041586916091,-0.015566101847,0.517248791,-0.782185843,0.031624264,0.345888568
1790504292.581395626,0.248176130360,-0.043476900210,-0.014125367020,0.518508582,-0.780235604,0.035847499,0.347988806
1790504292.614728689,0.252388766183,-0.045249137386,-0.012566275047,0.517509861,-0.780310303,0.039574513,0.348902898
1790504292.648062944,0.256684369964,-0.046869221090,-0.010939129416,0.517691554,-0.779698330,0.040036294,0.349947230
1790504292.681397438,0.261061484239,-0.048339807316,-0.009280412934,0.520506386,-0.776892841,0.038528909,0.352173451
1790504292.714730740,0.265480811204,-0.049680959424,-0.007574759707,0.520310215,-0.776747987,0.035119207,0.353138057
1790504292.748064995,0.269861195005,-0.050934611088,-0.005807356351,0.517552931,-0.779292097,0.030595913,0.352003808
1790504292.781399250,0.274040100768,-0.052149173655,-0.004046250952,0.517073041,-0.779034332,0.030894722,0.353251321
1790504292.814733505,0.277953566916,-0.053351269777,-0.002296034866,0.518203223,-0.777334927,0.032920119,0.355150809
1790504292.848066568,0.281717068121,-0.054551025194,-0.000425231059,0.517715501,-0.777444641,0.033386877,0.355578131
1790504292.881400824,0.285419365360,-0.055751515914,0.001661914441,0.516837259,-0.777522569,0.034165024,0.356609948
1790504292.914735079,0.289029576577,-0.056945748300,0.003909336455,0.515236594,-0.777863656,0.035572914,0.358041829
1790504292.948069334,0.292468032766,-0.058112094066,0.006205442805,0.514107088,-0.777915747,0.036558397,0.359450242
1790504292.981402397,0.295694129399,-0.059213532843,0.008514443337,0.515352393,-0.776316139,0.038315671,0.360939154
1790504293.014736652,0.298733490465,-0.060220469852,0.010849399482,0.515075738,-0.776149487,0.040321272,0.361473587
1790504293.048070908,0.301660946453,-0.061125939127,0.013185685484,0.514297071,-0.776220690,0.043796997,0.362024565
1790504293.081403732,0.304560612627,-0.061950036932,0.015481134513,0.514614329,-0.775594403,0.045221265,0.362740197
1790504293.114737988,0.307453751759,-0.062751848242,0.017763770717,0.514824951,-0.775610519,0.045454467,0.362377543
1790504293.148072243,0.310271483760,-0.063618644416,0.020086270194,0.513186436,-0.777002010,0.047249357,0.361490049
1790504293.181406260,0.312954192386,-0.064608266277,0.022425743667,0.512433731,-0.776910229,0.051170297,0.362220608
1790504293.214739323,0.315545200552,-0.065706791567,0.024712637245,0.509822463,-0.778376886,0.057109161,0.361868793
1790504293.248073578,0.318154364632,-0.066846956514,0.026921250480,0.513704177,-0.775987629,0.057552800,0.361440027
1790504293.281407356,0.320883979099,-0.067955596133,0.029061508187,0.516105515,-0.774495715,0.059149356,0.360960992
1790504293.314741373,0.323807732525,-0.068976116751,0.031188766291,0.516050032,-0.774002095,0.059965100,0.361963130
1790504293.348074436,0.326993354197,-0.069848583442,0.033357105299,0.516619126,-0.773807471,0.057934533,0.361898143
1790504293.381408453,0.330461350197,-0.070566114062,0.035551151310,0.517052474,-0.773122379,0.055085150,0.363186112
1790504293.414742708,0.334130053822,-0.071191473346,0.037683285612,0.514660815,-0.773886333,0.055509563,0.364887487
1790504293.448075771,0.337887119556,-0.071777673529,0.039678231259,0.513789472,-0.773530208,0.056795762,0.366668292
1790504293.481409550,0.341656285369,-0.072358255314,0.041525229905,0.513900624,-0.773280673,0.056218356,0.367127562
1790504293.514743328,0.345373070273,-0.072970227779,0.043266508317,0.512991337,-0.773109361,0.058740274,0.368363116
1790504293.548077345,0.349001094815,-0.073616702306,0.044968486345,0.513146451,-0.772318912,0.061654450,0.369327695
1790504293.581410408,0.352579327498,-0.074238974407,0.046704792680,0.512244333,-0.772443015,0.063577225,0.369993877
1790504293.614744425,0.356155365112,-0.074764049749,0.048505159854,0.511932485,-0.772304909,0.063887823,0.370659688
1790504293.648078442,0.359707852492,-0.075174019786,0.050350909354,0.511801283,-0.771463544,0.063892814,0.372587110
1790504293.681411028,0.363186009621,-0.075495554438,0.052254732226,0.512898636,-0.769859787,0.064113089,0.374353323
1790504293.714745045,0.366557893888,-0.075760159889,0.054250455107,0.510369458,-0.770603076,0.063419093,0.376393324
1790504293.748079062,0.369779761474,-0.075977749723,0.056311812833,0.509654513,-0.770168417,0.063149081,0.378292322
1790504293.781412840,0.372815642759,-0.076136677156,0.058369867621,0.508717693,-0.769951343,0.063371054,0.379954403
1790504293.814745903,0.375652065412,-0.076262093229,0.060364693561,0.507434455,-0.770109334,0.061974072,0.381577124
1790504293.848079681,0.378208639154,-0.076416545268,0.062241450826,0.506656532,-0.770290532,0.060645975,0.382457475
1790504293.881413221,0.380428349887,-0.076614548177,0.064051084385,0.506128154,-0.769895250,0.061006611,0.383892940
1790504293.914747238,0.382400213882,-0.076817488526,0.065977099055,0.506235143,-0.769726759,0.060588586,0.384155853
1790504293.948080063,0.384224190082,-0.076994411372,0.068173997237,0.506225093,-0.769780166,0.059673170,0.384205368
1790504293.981413841,0.385905499353,-0.077143716909,0.070679246548,0.505173798,-0.770789661,0.059121446,0.383650084
1790504294.014747858,0.387420339001,-0.077308181979,0.073416634927,0.503519819,-0.772288255,0.059584453,0.382737947
1790504294.048080683,0.388759433971,-0.077562815330,0.076178854828,0.501493239,-0.774069966,0.060974022,0.381578809
1790504294.081414223,0.389942155231,-0.077930218961,0.078727942729,0.500914665,-0.774876139,0.062703269,0.380420514
1790504294.114748001,0.391020291798,-0.078372330838,0.080935324068,0.500698942,-0.776019521,0.061496819,0.378566260
1790504294.148081779,0.392016647838,-0.078841352122,0.082775503106,0.500586279,-0.775927277,0.061158054,0.378959008
1790504294.181414604,0.392951443968,-0.079283315222,0.084283426283,0.501450287,-0.775005116,0.062133674,0.379544577
1790504294.214748383,0.393937027631,-0.079636296253,0.085525170906,0.501344001,-0.774828770,0.061833723,0.380093622
1790504294.248081923,0.395087117981,-0.079882617394,0.086524294217,0.500664341,-0.774789608,0.060477540,0.381285651
1790504294.281415701,0.396372060882,-0.080059828301,0.087237765152,0.500063954,-0.774500907,0.058628008,0.382945354
1790504294.314748287,0.397696448545,-0.080206568505,0.087645276631,0.500293042,-0.773663113,0.056787163,0.384613413
1790504294.348082066,0.399019339760,-0.080374906301,0.087761947728,0.500327945,-0.773123722,0.055741760,0.385803724
1790504294.381415844,0.400340488338,-0.080664125350,0.087564198796,0.500192950,-0.772320427,0.056194559,0.387518183
1790504294.414748192,0.401687672502,-0.081188699317,0.086971355972,0.500002667,-0.771830715,0.058135404,0.388451998
1790504294.448086739,0.403110644877,-0.082036217815,0.085849125967,0.500093849,-0.771747110,0.060789671,0.388094262
1790504294.481425047,0.404663928523,-0.083223323345,0.084069945795,0.501283125,-0.770437945,0.064978157,0.388482227
1790504294.514763117,0.406428443789,-0.084664125004,0.081647812531,0.503992952,-0.767850542,0.068666856,0.389463108
1790504294.548100471,0.408493090207,-0.086221416699,0.078767112384,0.507697065,-0.764011821,0.070361318,0.391891454
1790504294.581439018,0.410906210602,-0.087768853851,0.075660841980,0.509123843,-0.761594710,0.071537934,0.394523427
1790504294.614777088,0.413659715494,-0.089204850323,0.072502545918,0.509884738,-0.758989299,0.072710121,0.398329056
1790504294.648115396,0.416713887788,-0.090444697719,0.069363460320,0.509126618,-0.756839783,0.071852944,0.403510575
1790504294.681452990,0.420002990840,-0.091427385121,0.066243153203,0.509112004,-0.753745835,0.071585556,0.409325899
1790504294.714791298,0.423425917047,-0.092148826927,0.063111395153,0.507065059,-0.752022308,0.068290744,0.415552461
1790504294.748129606,0.426893220491,-0.092631105642,0.059931349621,0.506883741,-0.749486812,0.069919733,0.420059071
1790504294.781466961,0.430404064321,-0.092884829688,0.056684464833,0.507261562,-0.746020850,0.072066248,0.425376368
1790504294.814805508,0.434075429340,-0.092936330601,0.053351522024,0.504728260,-0.744558026,0.073650980,0.430648654
1790504294.848144054,0.437964797614,-0.092825241334,0.049881384159,0.504978073,-0.740858371,0.072124181,0.436948650
1790504294.881482363,0.441989426829,-0.092580416689,0.046246547000,0.505233102,-0.737265255,0.071215914,0.442840547
1790504294.914819717,0.446033953203,-0.092240193975,0.042542627889,0.503561543,-0.735325624,0.070129975,0.448111354
1790504294.948158503,0.450047548679,-0.091822767876,0.038903088832,0.501148061,-0.733826390,0.070137250,0.453244102
1790504294.981496811,0.454074425098,-0.091289001653,0.035355104125,0.500725196,-0.730226891,0.072993315,0.459036972
1790504295.014834166,0.458199748519,-0.090570470017,0.031861955688,0.497327002,-0.728784106,0.074666714,0.464719767
1790504295.048172951,0.462481403053,-0.089626100408,0.028430762028,0.495558724,-0.726907615,0.074763007,0.469507576
1790504295.081511259,0.466942391187,-0.088454096208,0.025135520416,0.495248785,-0.723410289,0.075747982,0.475045723
1790504295.114849806,0.471562599038,-0.087093235376,0.022028463656,0.492703617,-0.721410491,0.076586293,0.480566946
1790504295.148187399,0.476226160403,-0.085582013477,0.019100601688,0.488888885,-0.720856404,0.077444729,0.485135050
1790504295.181525946,0.480827525673,-0.083930140327,0.016362530797,0.486918284,-0.719626388,0.076911134,0.489012397
1790504295.214864492,0.485307137530,-0.082163461214,0.013865963057,0.483233942,-0.718610417,0.077456536,0.494049099
1790504295.248203039,0.489551148154,-0.080341884392,0.011699029973,0.479964236,-0.717783870,0.077176439,0.498462080
1790504295.281540871,0.493477867733,-0.078506361380,0.010008447550,0.477195383,-0.717250724,0.078877839,0.501611654
1790504295.314879417,0.497081913376,-0.076679513971,0.008876892226,0.470155732,-0.717701265,0.084632987,0.506651497
1790504295.348217964,0.500345341984,-0.074843340702,0.008200262100,0.465278933,-0.718843826,0.087168669,0.509097919
1790504295.381555557,0.503297711553,-0.072945731465,0.007778935467,0.461836722,-0.719136970,0.089642924,0.511383424
1790504295.414894342,0.505983100845,-0.071022981938,0.007468695012,0.457701557,-0.719480394,0.091227647,0.514329431
1790504295.448230028,0.508351822166,-0.069226389110,0.007191648357,0.455665945,-0.719351849,0.091547401,0.516256271
1790504295.481565952,0.510341848706,-0.067735986379,0.006939543071,0.455218542,-0.718998933,0.092504152,0.516971561
1790504295.514900923,0.511970327160,-0.066717068171,0.006763530422,0.453669306,-0.719379440,0.094643848,0.517416586
1790504295.548236609,0.513186070393,-0.066325762387,0.006618280797,0.452783237,-0.719907193,0.096272655,0.517158147
1790504295.581572533,0.513774359303,-0.066697254441,0.006312428813,0.455613219,-0.718893705,0.099305434,0.515506418
1790504295.614908218,0.513523600520,-0.067917418623,0.005688520232,0.460779686,-0.717210246,0.100894279,0.512944332
1790504295.648243189,0.512374326397,-0.070012777916,0.004753513477,0.469363219,-0.714296333,0.104443846,0.508498181
1790504295.681578875,0.510506916183,-0.072945679753,0.003689837006,0.478241839,-0.711198575,0.108928079,0.503603023
1790504295.714914799,0.508245706946,-0.076615595615,0.002677711038,0.481737565,-0.709572123,0.116796075,0.500794367
1790504295.748249531,0.505755881241,-0.080870844429,0.001722733717,0.487875789,-0.706831492,0.120310712,0.497887327
1790504295.781585455,0.503053360199,-0.085558277070,0.000723925510,0.492932191,-0.704956720,0.127526179,0.493751914
1790504295.814921141,0.500134657728,-0.090578413881,-0.000355130196,0.497340496,-0.702854136,0.132408748,0.491036066
1790504295.848257065,0.497037236633,-0.095836707909,-0.001501938633,0.501249407,-0.700494574,0.136773358,0.489233515
1790504295.881591797,0.493834049925,-0.101201933495,-0.002717772417,0.503431300,-0.699445601,0.141167814,0.487241650
1790504295.914927721,0.490551383727,-0.106555518039,-0.004032944431,0.506350326,-0.698279339,0.144125289,0.485018776
1790504295.948263407,0.487173830898,-0.111842729771,-0.005468319037,0.510913830,-0.696765166,0.141789138,0.483095439
1790504295.981599331,0.483677182799,-0.117100399308,-0.007009570918,0.517966927,-0.692616336,0.139053555,0.482345294
1790504296.014934063,0.479972741283,-0.122416839383,-0.008570691281,0.523849646,-0.690126796,0.138552230,0.479697648
1790504296.048269749,0.476035973062,-0.127846367771,-0.009961288634,0.531644611,-0.686767208,0.135455972,0.476819137
1790504296.081605673,0.472012145455,-0.133357703179,-0.011039813619,0.536101340,-0.685087256,0.139459897,0.473076889
1790504296.114940405,0.468098272500,-0.138871393307,-0.011834576247,0.538258630,-0.684317369,0.144385430,0.470255499
1790504296.148276091,0.464411890505,-0.144338459695,-0.012501884124,0.541610757,-0.683315635,0.144245269,0.467900453
1790504296.181612015,0.460947952517,-0.149778402121,-0.013193814624,0.545654190,-0.682439911,0.142928994,0.464874795
1790504296.214947701,0.457595122095,-0.155271303960,-0.013995538810,0.550102265,-0.680164507,0.145734887,0.462087746
1790504296.248282433,0.454207282156,-0.160881844187,-0.014941164941,0.553483355,-0.679418034,0.142606198,0.460120400
1790504296.281618357,0.450719164836,-0.166574989000,-0.016005757879,0.558066728,-0.677224514,0.143944670,0.457393067
1790504296.314954042,0.447132305793,-0.172236384546,-0.017110904337,0.562838578,-0.675203660,0.144035095,0.454496033
1790504296.348288774,0.443477064275,-0.177728943805,-0.018154652152,0.567993722,-0.673107449,0.143273384,0.451422454
1790504296.381624699,0.439765086186,-0.182949048960,-0.019007318697,0.573648160,-0.671329147,0.140394685,0.447810559
1790504296.414960384,0.435990902914,-0.187853128738,-0.019528659018,0.577905407,-0.669930028,0.138270071,0.445084808
1790504296.448297024,0.432129918256,-0.192416725958,-0.019660081887,0.581787230,-0.669095770,0.137671763,0.441453231
1790504296.481632710,0.428186373425,-0.196611693019,-0.019450111813,0.585902040,-0.668218508,0.138396499,0.437091792
1790504296.514969587,0.424219212174,-0.200439524923,-0.018992633295,0.589172179,-0.667881919,0.136726944,0.433722986
1790504296.548306227,0.420264825864,-0.203865261478,-0.018374538187,0.592729832,-0.667528725,0.135199832,0.429881092
1790504296.581642866,0.416346838527,-0.206814057956,-0.017698630474,0.595334360,-0.667971164,0.133871580,0.425992869
1790504296.614978552,0.412454554436,-0.209252671677,-0.017125570255,0.597642158,-0.667778695,0.131774960,0.423710780
1790504296.648315191,0.408516143965,-0.211213891000,-0.016753737063,0.601828212,-0.666596548,0.129852618,0.420226301
1790504296.681651831,0.404513515303,-0.212773139151,-0.016500949404,0.605322337,-0.666092220,0.128131500,0.416519317
1790504296.714987516,0.400526575085,-0.214024046435,-0.016216922567,0.608121603,-0.665844045,0.127492849,0.413019851
1790504296.748324394,0.396617236062,-0.215026771254,-0.015826812024,0.611036295,-0.665819388,0.125669254,0.409299924
1790504296.781661034,0.392791729991,-0.215795573125,-0.015330832048,0.613403619,-0.666882963,0.124034275,0.404497976
1790504296.814997911,0.388993874011,-0.216364978770,-0.014757245995,0.617723399,-0.667116871,0.120421377,0.398586973
1790504296.848333597,0.385121752287,-0.216784252890,-0.014123561073,0.621353057,-0.667475917,0.117988351,0.393033112
1790504296.881670475,0.381162073447,-0.217080642672,-0.013398832981,0.624908896,-0.668825127,0.114600220,0.386042239
1790504296.915007114,0.377180709464,-0.217279963758,-0.012558544600,0.631208522,-0.670031780,0.106742361,0.375818152
1790504296.948343992,0.373085902584,-0.217420929793,-0.011637427296,0.637607743,-0.671399421,0.099537633,0.364378159
1790504296.981679678,0.368671387166,-0.217589222933,-0.010688944087,0.641794500,-0.672417897,0.097222812,0.355670797
1790504297.015016556,0.363935023601,-0.217878508551,-0.009793758851,0.644443876,-0.674214764,0.094124628,0.348234257
1790504297.048353434,0.358968484919,-0.218270176217,-0.009088048809,0.647751777,-0.676142928,0.091537925,0.338923567
1790504297.081689119,0.353703935933,-0.218668139220,-0.008696864243,0.652649692,-0.676676083,0.090083229,0.328698754
1790504297.115026236,0.348078338329,-0.219028386967,-0.008652855345,0.656875369,-0.676668548,0.090998562,0.319927628
1790504297.148363113,0.342194555809,-0.219354497503,-0.008900942308,0.660889960,-0.676569935,0.092231327,0.311401617
1790504297.181699991,0.336171524010,-0.219641292621,-0.009369837674,0.664414024,-0.676888943,0.093391088,0.302743239
1790504297.215035677,0.330040063680,-0.219863967928,-0.009991206117,0.667346431,-0.677123186,0.094108081,0.295459982
1790504297.248372555,0.323784922840,-0.219974348940,-0.010712109251,0.670019597,-0.677353303,0.093653669,0.288955416
1790504297.281709433,0.317405926261,-0.219923990559,-0.011511594848,0.672550975,-0.677689813,0.093329154,0.282314316
1790504297.315046310,0.310957217798,-0.219697607449,-0.012380201976,0.674457498,-0.679225115,0.092774500,0.274140873
1790504297.348382235,0.304543294930,-0.219287822349,-0.013313823588,0.676980819,-0.680919499,0.088545541,0.264962814
1790504297.381719351,0.298206627830,-0.218638089377,-0.014347552138,0.681087273,-0.681299968,0.082262427,0.255310347
1790504297.415056229,0.291873060707,-0.217652331665,-0.015549056964,0.684291730,-0.682375614,0.076760493,0.245389847
1790504297.448390961,0.285515179900,-0.216264982889,-0.016936754592,0.687589839,-0.682512080,0.071490323,0.237247987
1790504297.481726646,0.279213984129,-0.214529889754,-0.018471474841,0.693906900,-0.679563379,0.067242753,0.228397109
1790504297.515062094,0.273029705052,-0.212604568110,-0.020089482424,0.699065481,-0.677700500,0.058257794,0.220534613
1790504297.548397779,0.266965127739,-0.210639571367,-0.021719123384,0.702144584,-0.677382782,0.053961133,0.212682267
1790504297.581732512,0.261008893228,-0.208760149636,-0.023338484007,0.704081869,-0.678592514,0.049519349,0.203294752
1790504297.615068197,0.255188683221,-0.207028186626,-0.024987693421,0.707566826,-0.677780293,0.045161066,0.194739669
1790504297.648403883,0.249541006002,-0.205438143927,-0.026702540853,0.711878626,-0.675881671,0.040510861,0.186471603
1790504297.681738615,0.244078266346,-0.203977587550,-0.028462667295,0.715244926,-0.675264598,0.037960668,0.176072161
1790504297.715074301,0.238753220770,-0.202637686247,-0.030208676156,0.716871969,-0.676361549,0.035070333,0.165528567
1790504297.748409986,0.233475199507,-0.201353437651,-0.031884525345,0.718999354,-0.676137632,0.033791932,0.157276626
1790504297.781745672,0.228201053148,-0.200006048941,-0.033451712559,0.720830296,-0.676273192,0.032875347,0.148247986
1790504297.815080404,0.222985455884,-0.198542629719,-0.034876402854,0.722719247,-0.676271607,0.031977895,0.138964091
1790504297.848416090,0.217915490511,-0.196973414670,-0.036156138643,0.725344168,-0.675631373,0.028512665,0.128783204
1790504297.881751776,0.213057982946,-0.195307927225,-0.037315136777,0.725858589,-0.676867429,0.027733024,0.119208522
1790504297.915087461,0.208466807291,-0.193578784689,-0.038350987248,0.726167173,-0.678136782,0.023613331,0.110698473
1790504297.948422432,0.204166738895,-0.191871889416,-0.039253882441,0.725690610,-0.680194551,0.018108201,0.101885251
1790504297.981758118,0.200050519186,-0.190262120165,-0.040012607248,0.723905534,-0.683218097,0.013445764,0.094831548
1790504298.015093803,0.195954898614,-0.188770208455,-0.040628085829,0.725882029,-0.681865576,0.009070909,0.089846171
1790504298.048428774,0.191754228516,-0.187439732749,-0.041205094721,0.724231914,-0.684861757,0.004127987,0.080221373
1790504298.081764460,0.187330222545,-0.186295674369,-0.041933745030,0.724203222,-0.685861849,0.003126705,0.071508334
1790504298.115100384,0.182638829098,-0.185253031203,-0.042990770313,0.725065156,-0.685743391,0.002476375,0.063485342
1790504298.148436069,0.177798661328,-0.184162606770,-0.044397145356,0.725796212,-0.685687799,0.002173425,0.055203055
1790504298.181771040,0.173040277185,-0.182830033341,-0.045987479814,0.726078090,-0.686066300,0.002916636,0.045990556
1790504298.215106964,0.168589945449,-0.181112852579,-0.047499443088,0.726911339,-0.685770872,0.003677163,0.036120544
1790504298.248442650,0.164580588980,-0.179073202378,-0.048706904787,0.730149830,-0.682828018,-0.001972409,0.024964634
1790504298.281778574,0.160992540315,-0.176883013878,-0.049588098492,0.745077583,-0.666567032,-0.022878154,0.004937414
1790504298.315113544,0.157641908546,-0.174670690401,-0.050362908953,0.746220703,-0.665073840,-0.028462776,-0.004617414
1790504298.348449469,0.154291691847,-0.172458600063,-0.051161133768,0.741098563,-0.670676784,-0.028301145,-0.012830321
1790504298.381785393,0.150839391024,-0.170221533328,-0.051937763399,0.737108693,-0.674942996,-0.027067789,-0.019749967
1790504298.415120363,0.147344103267,-0.167966227685,-0.052580055860,0.735098422,-0.676699481,-0.028317669,-0.030103675
1790504298.448459148,0.143897617369,-0.165716646331,-0.053021467384,0.736211539,-0.674571819,-0.033946446,-0.042344652
1790504298.481798410,0.140495875800,-0.163475477932,-0.053304856342,0.735378752,-0.673426429,-0.043927733,-0.061524708
1790504298.515137434,0.137031543389,-0.161312683343,-0.053482585926,0.735188659,-0.670096099,-0.056619474,-0.085223758
1790504298.548475504,0.133437641945,-0.159342742288,-0.053594856582,0.739263553,-0.664875946,-0.058709751,-0.089345068
1790504298.581814766,0.129763131066,-0.157617615943,-0.053712730829,0.736285207,-0.665275595,-0.063561037,-0.106077663
1790504298.615154028,0.126123642909,-0.156074328833,-0.053888937827,0.735263591,-0.665180314,-0.063620532,-0.113468187
1790504298.648493052,0.122677655800,-0.154603028638,-0.054141058505,0.732177017,-0.667148323,-0.063928051,-0.121421315
1790504298.681831598,0.119538623780,-0.153122110166,-0.054457146822,0.726822021,-0.669915508,-0.069761135,-0.134448305
1790504298.715170860,0.116697072044,-0.151500940023,-0.054879283564,0.725617256,-0.667293933,-0.076325199,-0.149575628
1790504298.748510361,0.114035933496,-0.149592047898,-0.055501529789,0.724633646,-0.664783586,-0.081192978,-0.162408630
1790504298.781848669,0.111403506988,-0.147390468070,-0.056354036567,0.724633844,-0.662044809,-0.083982584,-0.171899353
1790504298.815187931,0.108695531116,-0.144999364730,-0.057395243294,0.724183860,-0.660247914,-0.084947333,-0.180039940
1790504298.848527431,0.105899911112,-0.142515133747,-0.058499199692,0.725196535,-0.657575998,-0.083942949,-0.186111188
1790504298.881866932,0.103079101505,-0.140003965320,-0.059477944238,0.724634623,-0.655663487,-0.083755620,-0.194923195
1790504298.915205240,0.100275226912,-0.137491318819,-0.060180290222,0.722872062,-0.654201632,-0.084841358,-0.205616513
1790504298.948544979,0.097453268372,-0.134959566109,-0.060562536181,0.719839728,-0.654230491,-0.085618256,-0.215598574
1790504298.981884480,0.094577016734,-0.132406595939,-0.060628146641,0.717768209,-0.654465543,-0.084931383,-0.221969169
1790504299.015223026,0.091667747359,-0.129859977124,-0.060418666010,0.715364168,-0.654901441,-0.084842912,-0.228385397
1790504299.048562765,0.088764951028,-0.127337613066,-0.060041458722,0.717495845,-0.649964250,-0.083273664,-0.236244964
1790504299.081902266,0.085870467959,-0.124872247959,-0.059551701623,0.698734008,-0.668779385,-0.080450314,-0.240899703
1790504299.115242004,0.082937111557,-0.122536310660,-0.058814515879,0.703504403,-0.658711323,-0.083784983,-0.253300266
1790504299.148580790,0.079966096673,-0.120355570105,-0.057871360788,0.705481141,-0.652067386,-0.085508080,-0.264183368
1790504299.181920528,0.076960222904,-0.118342907633,-0.056831978940,0.704957311,-0.648380295,-0.086486463,-0.274150095
1790504299.215260267,0.073902664641,-0.116435102742,-0.055747506497,0.701783070,-0.647648800,-0.086501128,-0.283846983
1790504299.248600006,0.070762146660,-0.114544768423,-0.054578172954,0.698161738,-0.647260455,-0.085838515,-0.293693448
1790504299.281939030,0.067498544140,-0.112630644770,-0.053249938273,0.692349775,-0.648599729,-0.084941177,-0.304557347
1790504299.315278769,0.064088967493,-0.110633761181,-0.051723955622,0.687308930,-0.650547849,-0.082869501,-0.312292452
1790504299.348618984,0.060578063047,-0.108486811263,-0.049997946748,0.682907680,-0.652025674,-0.079820847,-0.319575114
1790504299.381957769,0.057045975824,-0.106189473086,-0.048095692550,0.675425315,-0.654205179,-0.079316068,-0.330945900
1790504299.415297747,0.053522073927,-0.103801980903,-0.046101660244,0.668533285,-0.656180401,-0.080052374,-0.340708301
1790504299.448638678,0.049968425577,-0.101365161363,-0.044203226251,0.661977374,-0.658050141,-0.079702216,-0.349862152
1790504299.481979609,0.046332813853,-0.098890693069,-0.042557164060,0.655236683,-0.660312427,-0.077415660,-0.358690959
1790504299.515319347,0.042599837077,-0.096413120382,-0.041185394726,0.651542101,-0.660244639,-0.074910323,-0.366003211
1790504299.548660040,0.038786208925,-0.093950895507,-0.040034391890,0.646476421,-0.660219866,-0.073160445,-0.375267258
1790504299.582000971,0.034898494497,-0.091456550842,-0.039021041100,0.638091145,-0.660361210,-0.074816122,-0.388799833
1790504299.615342140,0.030935985620,-0.088866583507,-0.038041351972,0.631429885,-0.660250054,-0.074418826,-0.399784949
1790504299.648682117,0.026906451132,-0.086177917619,-0.036981639543,0.624805486,-0.660783821,-0.072026143,-0.409627980
1790504299.682023048,0.022849050971,-0.083434295320,-0.035722187349,0.619291036,-0.660901678,-0.068855326,-0.418266098
1790504299.715363979,0.018812109521,-0.080648000288,-0.034212872129,0.614490127,-0.660010816,-0.069444645,-0.426573614
1790504299.748704195,0.014808101672,-0.077790962390,-0.032516385170,0.607725955,-0.660492372,-0.070357300,-0.435280187
1790504299.782045126,0.010804725031,-0.074847346317,-0.030769958338,0.600818019,-0.660797275,-0.070464745,-0.444296510
1790504299.815386534,0.006783178402,-0.071819740998,-0.029126024893,0.594208970,-0.660650432,-0.070602546,-0.453290180
1790504299.848727465,0.002717594436,-0.068729622762,-0.027670381709,0.588092510,-0.660746659,-0.070236357,-0.461115935
1790504299.882067680,-0.001437329084,-0.065639374165,-0.026413256531,0.581864080,-0.660479250,-0.070258449,-0.469324091
1790504299.915408850,-0.005673313577,-0.062604124779,-0.025335942867,0.575532460,-0.660381908,-0.068073951,-0.477518649
1790504299.948750257,-0.009925012080,-0.059653310073,-0.024397119032,0.569042349,-0.660711905,-0.065275695,-0.485169730
1790504299.982091427,-0.014094017640,-0.056804251410,-0.023577925235,0.563012284,-0.659211426,-0.065530220,-0.494128783
1790504300.015431643,-0.018058650357,-0.054043030839,-0.022946073034,0.557972785,-0.657483246,-0.064113854,-0.502266429
1790504300.048773050,-0.021715713747,-0.051347119208,-0.022565969495,0.553264631,-0.657129103,-0.061488325,-0.508231026
1790504300.082114458,-0.024975829550,-0.048715859379,-0.022386982744,0.547483473,-0.655283506,-0.059745416,-0.517006634
1790504300.115454912,-0.027791082140,-0.046154375209,-0.022283016768,0.543301243,-0.652392307,-0.061525622,-0.524807235
1790504300.148796082,-0.030224922053,-0.043626303208,-0.022090191345,0.540483720,-0.650089656,-0.063957913,-0.530254820
1790504300.182137728,-0.032433872630,-0.041068502691,-0.021727945509,0.535934662,-0.649507573,-0.065480303,-0.535374898
1790504300.215478897,-0.034530902944,-0.038485137081,-0.021296318051,0.532166012,-0.648243690,-0.066257848,-0.540545420
1790504300.248819590,-0.036540370890,-0.035959480560,-0.020930320655,0.528774756,-0.646532699,-0.065534628,-0.545983460
1790504300.282161236,-0.038503300539,-0.033577747719,-0.020638938759,0.524825772,-0.645373036,-0.065143790,-0.551187664
1790504300.315502644,-0.040511187454,-0.031359871035,-0.020393047798,0.520897516,-0.644481058,-0.066217925,-0.555810337
1790504300.348843336,-0.042637310396,-0.029260626965,-0.020204006204,0.516810403,-0.643507054,-0.066462070,-0.560703551
1790504300.382184744,-0.044871229766,-0.027260675858,-0.020054428620,0.512151971,-0.642432327,-0.065760308,-0.566265527
1790504300.415526390,-0.047134870116,-0.025423363547,-0.019894358547,0.507828776,-0.641310303,-0.066587935,-0.571311715
1790504300.448860168,-0.049360606408,-0.023821417409,-0.019697586603,0.504358151,-0.640900588,-0.066846088,-0.574805090
1790504300.482192755,-0.051546376621,-0.022430076533,-0.019442847968,0.500536487,-0.640819041,-0.067118325,-0.578194874
1790504300.515526295,-0.053715280362,-0.021145856386,-0.019136921820,0.496800912,-0.640254076,-0.067657727,-0.581967356
1790504300.548860073,-0.055880499416,-0.019887460901,-0.018852230169,0.493208515,-0.639274947,-0.068339363,-0.586005661
1790504300.582193851,-0.058041660199,-0.018607625921,-0.018673478782,0.490930428,-0.638068509,-0.068961644,-0.589152089
1790504300.615526438,-0.060184206318,-0.017257518988,-0.018646575395,0.487932543,-0.636797194,-0.069112071,-0.592987933
1790504300.648859978,-0.062321196693,-0.015828847069,-0.018756725809,0.485877060,-0.635001880,-0.068576822,-0.596651753
1790504300.682193518,-0.064516664289,-0.014364124532,-0.018935062607,0.483093081,-0.633523850,-0.067899049,-0.600548355
1790504300.715526104,-0.066819565064,-0.012909432999,-0.019108970985,0.480363364,-0.632292674,-0.066755016,-0.604152945
1790504300.748859644,-0.069205561384,-0.011507419007,-0.019223472107,0.477355481,-0.630987812,-0.065421750,-0.608034638
1790504300.782193184,-0.071626181526,-0.010199754055,-0.019258742553,0.473972788,-0.630754362,-0.063128781,-0.611157498
1790504300.815526724,-0.074048403795,-0.008994446985,-0.019264565920,0.470541648,-0.630373486,-0.062346809,-0.614274125
1790504300.848859072,-0.076428787172,-0.007885723303,-0.019311391998,0.468499920,-0.629615563,-0.059987403,-0.616841616
1790504300.882192612,-0.078747836870,-0.006880079398,-0.019420384392,0.466630864,-0.628986308,-0.058485934,-0.619040593
1790504300.915526152,-0.081036731748,-0.005966136343,-0.019623863993,0.463636992,-0.628569366,-0.058323515,-0.621723137
1790504300.948859692,-0.083345377113,-0.005102883208,-0.020009268358,0.462519918,-0.627025713,-0.057334091,-0.624200996
1790504300.982192039,-0.085704422133,-0.004269049604,-0.020614706341,0.461412874,-0.625116038,-0.055646783,-0.627081760
1790504301.015525341,-0.088102969208,-0.003481229835,-0.021359058896,0.459652685,-0.622865092,-0.054825697,-0.630676327
1790504301.048858881,-0.090507918687,-0.002766107946,-0.022123169326,0.457939460,-0.621058127,-0.053723020,-0.633791836
1790504301.082191229,-0.092884729947,-0.002118567275,-0.022819550565,0.456287307,-0.619135055,-0.052487418,-0.636960555
1790504301.115524769,-0.095188196327,-0.001492876856,-0.023373761745,0.454221094,-0.617411131,-0.051935888,-0.640147918
1790504301.148857832,-0.097382599260,-0.000833409983,-0.023702884806,0.453151868,-0.616713034,-0.050505675,-0.641691199
1790504301.182191372,-0.099457958045,-0.000075372359,-0.023769554295,0.451441582,-0.617336790,-0.049190502,-0.642398692
1790504301.215523720,-0.101368325073,0.000827478727,-0.023604352400,0.449362825,-0.617815566,-0.047293299,-0.643537350
1790504301.248857021,-0.103019471221,0.001823969480,-0.023232751730,0.447692336,-0.618231324,-0.045284072,-0.644446239
1790504301.282190084,-0.104322154561,0.002790774750,-0.022670922445,0.445820559,-0.619182431,-0.045353811,-0.644825696
1790504301.315523386,-0.105203894160,0.003650495739,-0.022008421769,0.445571655,-0.619649968,-0.045819048,-0.644515657
1790504301.348855734,-0.105600830108,0.004332977844,-0.021393071765,0.446330557,-0.619958702,-0.046284123,-0.643659865
1790504301.382189035,-0.105463377727,0.004659697555,-0.020977641882,0.447423789,-0.619784170,-0.045501922,-0.643124491
1790504301.415522099,-0.104748312371,0.004429493515,-0.020885350998,0.449917600,-0.618785048,-0.045929405,-0.642315894
1790504301.448858500,-0.103461740429,0.003659394363,-0.021086081841,0.457311893,-0.616095085,-0.044952337,-0.639743672
1790504301.482195616,-0.101720392508,0.002554191421,-0.021280424449,0.468753062,-0.611898090,-0.044415681,-0.635514391
1790504301.515532732,-0.099661641301,0.001327547457,-0.021056958843,0.476931386,-0.609806809,-0.048370545,-0.631135801
1790504301.548869848,-0.097360669097,0.000177936721,-0.020208006656,0.481986674,-0.608457528,-0.057236853,-0.627847295
1790504301.582206011,-0.094875447653,-0.000708274051,-0.018881056400,0.487445346,-0.607695790,-0.066318784,-0.623461852
1790504301.615543127,-0.092281645820,-0.001255117927,-0.017402763832,0.493257508,-0.606838647,-0.074141086,-0.618827106
1790504301.648880482,-0.089633767039,-0.001586424695,-0.016043883914,0.496577104,-0.606132126,-0.080885866,-0.616013395
1790504301.682216406,-0.086937582261,-0.001957066931,-0.014974810859,0.497899197,-0.605925424,-0.087179640,-0.614288597
1790504301.715553761,-0.084146877223,-0.002477921712,-0.014294855545,0.502361502,-0.603964681,-0.093624943,-0.611632207
1790504301.748890877,-0.081243702126,-0.003016482969,-0.013951989352,0.511134916,-0.602548429,-0.095601580,-0.605422849
1790504301.782227993,-0.078247297260,-0.003412952905,-0.013710123320,0.518109596,-0.599829429,-0.098964937,-0.601641956
1790504301.815564156,-0.075154678154,-0.003642591109,-0.013333563956,0.523988681,-0.597804632,-0.105413062,-0.597455915
1790504301.848901272,-0.071977392472,-0.003765021113,-0.012752546153,0.527276110,-0.598824075,-0.111361982,-0.592442520
1790504301.882238626,-0.068726076583,-0.003823879643,-0.012020063353,0.531716579,-0.599477831,-0.117016934,-0.586694850
1790504301.915575743,-0.065402431143,-0.003837971503,-0.011228917578,0.538755001,-0.599144491,-0.123344760,-0.579271092
1790504301.948911905,-0.062073577916,-0.003811774024,-0.010450471247,0.544409213,-0.600764226,-0.128566337,-0.571114393
1790504301.982249260,-0.058856503986,-0.003749828651,-0.009691515884,0.549108288,-0.600559738,-0.134692058,-0.565390253
1790504302.015586376,-0.055838713878,-0.003668792725,-0.008930871397,0.553458220,-0.600815988,-0.139020116,-0.559801353
1790504302.048922539,-0.053033949452,-0.003572522078,-0.008153279175,0.558073725,-0.601146158,-0.142563613,-0.553942805
1790504302.082259655,-0.050349915836,-0.003450449017,-0.007340014042,0.563433833,-0.601273193,-0.145671211,-0.547533344
1790504302.115597248,-0.047673060214,-0.003299466578,-0.006464779931,0.565658804,-0.604633707,-0.149794668,-0.540379270
1790504302.148934364,-0.044913754886,-0.003094182273,-0.005544866133,0.568619439,-0.605635567,-0.154341255,-0.534842286
1790504302.182270527,-0.042007946799,-0.002790929446,-0.004675146579,0.572022833,-0.607291916,-0.158539816,-0.528063949
1790504302.215607882,-0.038977639806,-0.002388956448,-0.003897281953,0.574898245,-0.609465377,-0.161723973,-0.521430070
1790504302.248944998,-0.035937825097,-0.001901287549,-0.003158835668,0.579178398,-0.607186307,-0.170132868,-0.516654603
1790504302.282282114,-0.032986248215,-0.001370086746,-0.002405207996,0.582166183,-0.607757483,-0.174364314,-0.511185351
1790504302.315618753,-0.030156065759,-0.000870822696,-0.001640513118,0.584567216,-0.607684579,-0.180177255,-0.506494600
1790504302.348955870,-0.027355180947,-0.000395660693,-0.000919483835,0.587458132,-0.607346804,-0.185123443,-0.501749054
1790504302.382293224,-0.024441780716,0.000112675695,-0.000317316146,0.590010604,-0.606652954,-0.190565642,-0.497538358
1790504302.415629387,-0.021998978288,0.000542212840,0.000062404739,0.593265886,-0.605347035,-0.196640933,-0.492872092
