t_sec,x,y,z,qw,qx,qy,qz
1789402383.004911423,0.007828988721,0.008930715452,-0.027064602847,-0.695373494,0.718460401,-0.010144946,-0.012939702
1789402383.038130045,0.007876536445,0.008937616642,-0.027006702576,-0.695379912,0.718455732,-0.010103466,-0.012886420
1789402383.071344137,0.007932414634,0.008949783150,-0.026929460021,-0.695432153,0.718406047,-0.010115249,-0.012827859
1789402383.104553461,0.007986011703,0.008956130749,-0.026843007968,-0.695406654,0.718432375,-0.010090736,-0.012754802
1789402383.137757063,0.008030508988,0.008944800310,-0.026766929178,-0.695401224,0.718439074,-0.010070527,-0.012689306
1789402383.170956850,0.008064218170,0.008936048382,-0.026698820838,-0.695432019,0.718410434,-0.010055372,-0.012635101
1789402383.204151630,0.008085940747,0.008940096671,-0.026629612718,-0.695430627,0.718413169,-0.010042459,-0.012566263
1789402383.237341881,0.008087627009,0.008944887600,-0.026572708514,-0.695452776,0.718392840,-0.010048515,-0.012497657
1789402383.270526171,0.008069656107,0.008962191716,-0.026514290958,-0.695486815,0.718360880,-0.010032550,-0.012453312
1789402383.303706884,0.008032076076,0.009003473847,-0.026446670292,-0.695497948,0.718351416,-0.010019293,-0.012387920
1789402383.336882830,0.007974772889,0.009058025020,-0.026384505116,-0.695498669,0.718351818,-0.010017138,-0.012325736
1789402383.370052814,0.007903605674,0.009132284742,-0.026325575424,-0.695542093,0.718310807,-0.010000501,-0.012278903
1789402383.403218985,0.007824452251,0.009217552767,-0.026255378473,-0.695556599,0.718298092,-0.009984191,-0.012214093
1789402383.436380625,0.007738531748,0.009305141331,-0.026180474551,-0.695549650,0.718305824,-0.009969126,-0.012167313
1789402383.469537258,0.007644489480,0.009405158357,-0.026108022211,-0.695564410,0.718292481,-0.009955198,-0.012122608
1789402383.502688408,0.007546530379,0.009512319130,-0.026033530532,-0.695579250,0.718279166,-0.009939121,-0.012073143
1789402383.535835743,0.007450942923,0.009617380506,-0.025958836886,-0.695571327,0.718287747,-0.009923116,-0.012032194
1789402383.568978071,0.007358020337,0.009721290382,-0.025894195441,-0.695579988,0.718280329,-0.009907088,-0.011987452
1789402383.602114677,0.007273468219,0.009817887169,-0.025835527093,-0.695603461,0.718258567,-0.009889538,-0.011943793
1789402383.635247469,0.007203843187,0.009901843791,-0.025779696943,-0.695593514,0.718269024,-0.009871106,-0.011909374
1789402383.668376684,0.007143090610,0.009975886838,-0.025734306512,-0.695596268,0.718267180,-0.009848861,-0.011878153
1789402383.701731443,0.007093112394,0.010034049168,-0.025699326769,-0.695609723,0.718255085,-0.009835284,-0.011832682
1789402383.735085011,0.007063208897,0.010068093139,-0.025674731079,-0.695613678,0.718252182,-0.009812592,-0.011795217
1789402383.768440008,0.007053918251,0.010075199485,-0.025670817889,-0.695623005,0.718243900,-0.009802095,-0.011758115
1789402383.801794767,0.007072016199,0.010046155455,-0.025684503161,-0.695628466,0.718239480,-0.009780732,-0.011722786
1789402383.835149765,0.007113913438,0.009983398589,-0.025712344038,-0.695622992,0.718245466,-0.009753359,-0.011703636
1789402383.868503571,0.007165271450,0.009901975068,-0.025756546040,-0.695624041,0.718245253,-0.009733208,-0.011671108
1789402383.901858568,0.007220594156,0.009807950259,-0.025812304428,-0.695632356,0.718238003,-0.009713989,-0.011637635
1789402383.935213804,0.007279730244,0.009705777698,-0.025872976822,-0.695631775,0.718239129,-0.009695394,-0.011618380
1789402383.968568087,0.007332795466,0.009600749886,-0.025940677349,-0.695633180,0.718238405,-0.009682785,-0.011589516
1789402384.001923323,0.007377507442,0.009491029836,-0.026012006038,-0.695641902,0.718230663,-0.009667257,-0.011558703
1789402384.035278797,0.007415181876,0.009379514361,-0.026080017208,-0.695643813,0.718229394,-0.009644263,-0.011541738
1789402384.068634033,0.007436379940,0.009274345281,-0.026148035629,-0.695646822,0.718227017,-0.009634002,-0.011516818
1789402384.101988554,0.007436517423,0.009176455556,-0.026212990302,-0.695645212,0.718229138,-0.009623168,-0.011490845
1789402384.135344267,0.007417410720,0.009090880329,-0.026269731457,-0.695648582,0.718226495,-0.009594318,-0.011476143
1789402384.168699741,0.007376667276,0.009021545065,-0.026324848093,-0.695641049,0.718234333,-0.009584243,-0.011450581
1789402384.202055454,0.007323252550,0.008966291316,-0.026377338168,-0.695634674,0.718240997,-0.009569314,-0.011432367
1789402384.235410213,0.007274208566,0.008929209555,-0.026419963309,-0.695636239,0.718239892,-0.009545622,-0.011426360
1789402384.268766165,0.007231992417,0.008918222013,-0.026455958169,-0.695631500,0.718245119,-0.009516663,-0.011410458
1789402384.302122116,0.007197744884,0.008935947256,-0.026485691108,-0.695622828,0.718254056,-0.009502279,-0.011388557
1789402384.335477114,0.007176329899,0.008983337674,-0.026507990489,-0.695621826,0.718255414,-0.009481254,-0.011381621
1789402384.368833065,0.007158631920,0.009056183989,-0.026528866309,-0.695621297,0.718256396,-0.009464931,-0.011365544
1789402384.402189255,0.007140003190,0.009146794915,-0.026542231416,-0.695612799,0.718264977,-0.009452984,-0.011353319
1789402384.435545206,0.007122812076,0.009260637990,-0.026543578202,-0.695609337,0.718268571,-0.009431907,-0.011355552
1789402384.468900681,0.007099318375,0.009399395853,-0.026538031439,-0.695611735,0.718266525,-0.009411954,-0.011354652
1789402384.502256870,0.007070130792,0.009552870483,-0.026526342082,-0.695607302,0.718271175,-0.009397232,-0.011344276
1789402384.535613298,0.007040832155,0.009712152471,-0.026512734427,-0.695619487,0.718260005,-0.009392841,-0.011307938
1789402384.568969727,0.007021248288,0.009862227468,-0.026491329307,-0.695612874,0.718266924,-0.009363910,-0.011299263
1789402384.602325201,0.007013341490,0.009989201609,-0.026463236162,-0.695606859,0.718273197,-0.009349293,-0.011282849
1789402384.635681868,0.007020408184,0.010085632958,-0.026427211486,-0.695602308,0.718277977,-0.009334291,-0.011271554
1789402384.669038296,0.007040819279,0.010158166746,-0.026385719406,-0.695601365,0.718279425,-0.009315829,-0.011252769
1789402384.702385902,0.007069660507,0.010212957359,-0.026342100629,-0.695593583,0.718287258,-0.009304025,-0.011243544
1789402384.735734463,0.007102678045,0.010258059549,-0.026295965235,-0.695601878,0.718279755,-0.009298096,-0.011214504
1789402384.769082785,0.007138229727,0.010293809600,-0.026242387985,-0.695595566,0.718286071,-0.009293579,-0.011205252
1789402384.802430868,0.007172571608,0.010321046855,-0.026187616919,-0.695591394,0.718290551,-0.009277489,-0.011190424
1789402384.835778236,0.007203814497,0.010342354638,-0.026132730713,-0.695583435,0.718298661,-0.009260655,-0.011178471
1789402384.869126558,0.007230695521,0.010363862696,-0.026083236871,-0.695583466,0.718298708,-0.009254219,-0.011178832
1789402384.902474642,0.007250644037,0.010388071459,-0.026042639052,-0.695578092,0.718304228,-0.009250185,-0.011161901
1789402384.935821772,0.007262488992,0.010414161895,-0.026010815630,-0.695565438,0.718316841,-0.009239567,-0.011147564
1789402384.969169855,0.007267347496,0.010446226070,-0.025992103898,-0.695555577,0.718326548,-0.009236188,-0.011140107
1789402385.002517939,0.007265602153,0.010483954073,-0.025985662641,-0.695546702,0.718335510,-0.009220018,-0.011129759
1789402385.035865784,0.007258195697,0.010523284986,-0.025985724096,-0.695548527,0.718334025,-0.009212613,-0.011117695
1789402385.069212675,0.007245593114,0.010562463842,-0.025990364453,-0.695544569,0.718338176,-0.009206570,-0.011102110
1789402385.102560520,0.007230298607,0.010598962400,-0.025996114562,-0.695538092,0.718344620,-0.009195186,-0.011100336
1789402385.135908365,0.007213618598,0.010630879011,-0.026002994765,-0.695532218,0.718350687,-0.009177644,-0.011090313
1789402385.169256449,0.007196363140,0.010654657287,-0.026009297464,-0.695525808,0.718356997,-0.009169471,-0.011090350
1789402385.202603102,0.007182991576,0.010671093816,-0.026015280265,-0.695512601,0.718369922,-0.009163376,-0.011086463
1789402385.235950708,0.007178330536,0.010676613561,-0.026021206621,-0.695503549,0.718378794,-0.009159119,-0.011082949
1789402385.269298315,0.007187006706,0.010660563604,-0.026023368270,-0.695495428,0.718386815,-0.009154853,-0.011076197
1789402385.302644968,0.007209121807,0.010621729175,-0.026022276928,-0.695487234,0.718394995,-0.009147727,-0.011066046
1789402385.335992336,0.007242525222,0.010562817447,-0.026019253330,-0.695488183,0.718394228,-0.009138887,-0.011063549
1789402385.369339943,0.007285021241,0.010483182588,-0.026012878083,-0.695476813,0.718405500,-0.009126757,-0.011056353
1789402385.402687550,0.007333432794,0.010391789683,-0.026006287559,-0.695465925,0.718416300,-0.009119226,-0.011045640
1789402385.436033726,0.007384841948,0.010294209632,-0.026001610743,-0.695463715,0.718418500,-0.009113488,-0.011046484
1789402385.469381094,0.007437893789,0.010186774202,-0.025995393716,-0.695462240,0.718420135,-0.009108484,-0.011037170
1789402385.502728462,0.007490214619,0.010073172012,-0.025989113914,-0.695450810,0.718431433,-0.009094461,-0.011033513
1789402385.536075592,0.007540186519,0.009956853766,-0.025988180456,-0.695444241,0.718437920,-0.009087152,-0.011031153
1789402385.569421768,0.007588260112,0.009835389876,-0.025994521731,-0.695441273,0.718440919,-0.009078511,-0.011030101
1789402385.602769136,0.007633563166,0.009713879765,-0.026011028468,-0.695440352,0.718441879,-0.009080391,-0.011024063
1789402385.636116266,0.007676631635,0.009594081056,-0.026040878873,-0.695438298,0.718444008,-0.009069864,-0.011023530
1789402385.669462204,0.007718783625,0.009473295726,-0.026081492720,-0.695431730,0.718450523,-0.009061835,-0.011019878
1789402385.702811241,0.007758970695,0.009358733548,-0.026130857534,-0.695428111,0.718454131,-0.009057100,-0.011016943
1789402385.736160517,0.007795239592,0.009261200660,-0.026187777272,-0.695424493,0.718457805,-0.009053832,-0.011008445
1789402385.769509554,0.007826835265,0.009187504610,-0.026247737276,-0.695418674,0.718463661,-0.009042878,-0.011002840
1789402385.802857637,0.007851196565,0.009144446953,-0.026307473539,-0.695418458,0.718463863,-0.009037918,-0.011007350
1789402385.836206675,0.007869108084,0.009127666951,-0.026363019888,-0.695422099,0.718460541,-0.009036743,-0.010995129
1789402385.869555712,0.007884467744,0.009125320988,-0.026409924725,-0.695420104,0.718462737,-0.009022468,-0.010989555
1789402385.902904749,0.007894761563,0.009135216814,-0.026447199947,-0.695421390,0.718461474,-0.009021308,-0.010991662
1789402385.936252594,0.007899342166,0.009151878177,-0.026469982112,-0.695421632,0.718461458,-0.009014851,-0.010982737
1789402385.969601631,0.007898496519,0.009169095831,-0.026472880786,-0.695411994,0.718470853,-0.009010219,-0.010982151
1789402386.002950430,0.007893864626,0.009187989159,-0.026461370519,-0.695416486,0.718466518,-0.009014806,-0.010977579
1789402386.036298275,0.007885444117,0.009209782752,-0.026438588988,-0.695414185,0.718468739,-0.009020423,-0.010973396
1789402386.069647312,0.007873824753,0.009235750413,-0.026406694012,-0.695420246,0.718463006,-0.009018911,-0.010965883
1789402386.102995872,0.007857749030,0.009268277576,-0.026367840336,-0.695410468,0.718472517,-0.009016693,-0.010964561
1789402386.136344671,0.007836626300,0.009308522436,-0.026325341130,-0.695405756,0.718477162,-0.009024694,-0.010952534
1789402386.169692278,0.007810828331,0.009353603145,-0.026278224131,-0.695409631,0.718473460,-0.009029356,-0.010945470
1789402386.203041315,0.007782642014,0.009398944397,-0.026222597827,-0.695410841,0.718472244,-0.009035020,-0.010943740
1789402386.236389875,0.007752299922,0.009438748784,-0.026154953188,-0.695401600,0.718481319,-0.009030791,-0.010938675
1789402386.269737482,0.007717464741,0.009467536721,-0.026073700301,-0.695400297,0.718482627,-0.009028718,-0.010937226
1789402386.303086281,0.007678305037,0.009484441057,-0.025975169218,-0.695397974,0.718484994,-0.009023839,-0.010933482
1789402386.336434841,0.007634168975,0.009495097548,-0.025861259549,-0.695393209,0.718489615,-0.009024531,-0.010932379
1789402386.369783401,0.007586612847,0.009506986753,-0.025739271226,-0.695390528,0.718492326,-0.009022111,-0.010926659
1789402386.403130770,0.007533918737,0.009532828122,-0.025617474187,-0.695396568,0.718486576,-0.009019070,-0.010922912
1789402386.436479568,0.007473674346,0.009585292658,-0.025502702346,-0.695394741,0.718488503,-0.009018355,-0.010913067
1789402386.469827890,0.007409542288,0.009668103387,-0.025400083047,-0.695395770,0.718487473,-0.009027577,-0.010907644
1789402386.503176451,0.007345525053,0.009776045514,-0.025312397882,-0.695395265,0.718488123,-0.009008845,-0.010912565
1789402386.536523819,0.007284213381,0.009892609153,-0.025243746376,-0.695390213,0.718493192,-0.009005821,-0.010903177
1789402386.569872379,0.007233886061,0.009998822118,-0.025201732322,-0.695393328,0.718490047,-0.009012811,-0.010906007
1789402386.603220701,0.007203713388,0.010081168670,-0.025193181760,-0.695397926,0.718485667,-0.009015100,-0.010899495
1789402386.636568069,0.007197281480,0.010131524177,-0.025220178293,-0.695395450,0.718488099,-0.009018362,-0.010894435
1789402386.669916153,0.007211138869,0.010151997294,-0.025276516537,-0.695392774,0.718490646,-0.009012492,-0.010902143
1789402386.703269243,0.007237317829,0.010150040482,-0.025353365073,-0.695391371,0.718492137,-0.009012015,-0.010893767
1789402386.736622095,0.007269877892,0.010132452249,-0.025437322865,-0.695381636,0.718501634,-0.009019470,-0.010882622
1789402386.769974232,0.007305356637,0.010101432001,-0.025520605795,-0.695369245,0.718513732,-0.009019284,-0.010875782
1789402386.803326845,0.007339495308,0.010061022182,-0.025601790474,-0.695373426,0.718509721,-0.009017195,-0.010875171
1789402386.836679935,0.007371035755,0.010014566593,-0.025680995198,-0.695374046,0.718509142,-0.009034168,-0.010859657
1789402386.870033026,0.007406713908,0.009968395483,-0.025756514108,-0.695366132,0.718517016,-0.009014564,-0.010861758
1789402386.903384924,0.007444022281,0.009928487337,-0.025834644036,-0.695373312,0.718510148,-0.009016164,-0.010855129
1789402386.936738014,0.007483060839,0.009898508823,-0.025917550443,-0.695380564,0.718503212,-0.009020333,-0.010846101
1789402386.970091105,0.007528068230,0.009878325218,-0.026006302441,-0.695380015,0.718503896,-0.009017867,-0.010838065
1789402387.003443003,0.007579130812,0.009867850362,-0.026102800704,-0.695381087,0.718503060,-0.009010267,-0.010831043
1789402387.036796331,0.007633907273,0.009864146968,-0.026203056398,-0.695379860,0.718504511,-0.009000127,-0.010821961
1789402387.070149422,0.007687371337,0.009866704538,-0.026299615226,-0.695381579,0.718502881,-0.009001415,-0.010818662
1789402387.103502750,0.007734830984,0.009878859337,-0.026387431997,-0.695378866,0.718505475,-0.008999094,-0.010822699
1789402387.136854887,0.007772640305,0.009900188433,-0.026462592592,-0.695377332,0.718506975,-0.009003573,-0.010817997
1789402387.170207977,0.007799768279,0.009924224566,-0.026527479444,-0.695377038,0.718507004,-0.009016465,-0.010824192
1789402387.203561306,0.007817019095,0.009949512430,-0.026583413385,-0.695403367,0.718481633,-0.009045652,-0.010792429
1789402387.236914635,0.007834884107,0.009971605710,-0.026624659331,-0.695427632,0.718457959,-0.009100185,-0.010758991
1789402387.270266771,0.007887868163,0.009984439961,-0.026617567486,-0.695433687,0.718452970,-0.009047095,-0.010745504
1789402387.303620338,0.007962175286,0.009987985845,-0.026573689047,-0.695163017,0.718715445,-0.008651131,-0.011029354
1789402387.336973667,0.007963747772,0.010001821840,-0.026572655404,-0.695190348,0.718688674,-0.008628426,-0.011068894
1789402387.370326042,0.007891108558,0.010020523777,-0.026642051295,-0.695702808,0.718191214,-0.009218488,-0.010677166
1789402387.403679371,0.007853287734,0.009975898822,-0.026697579177,-0.696135159,0.717772390,-0.009407856,-0.010494242
1789402387.437032700,0.007860351932,0.009891003654,-0.026798884532,-0.695803984,0.718093189,-0.008863061,-0.010974210
1789402387.470386267,0.008070941270,0.010038888885,-0.027464498830,-0.695800003,0.718103732,-0.008949487,-0.010454254
1789402387.503738880,0.008837866635,0.010568252835,-0.029355825195,-0.693366769,0.720554067,-0.006192249,-0.002452919
1789402387.537092209,0.010208916639,0.011590346455,-0.032487404491,-0.695562044,0.718437743,-0.001126752,0.006275575
1789402387.570445776,0.011692577224,0.012919429020,-0.036139672050,-0.696868090,0.717066208,0.002894067,0.013510818
1789402387.603798389,0.013086582695,0.014331925195,-0.040109242411,-0.694600924,0.719150477,0.003458492,0.018444119
1789402387.637151957,0.014575178312,0.015922755586,-0.044677252447,-0.695237807,0.718454426,0.005500096,0.020913611
1789402387.670505524,0.016149672282,0.017661063948,-0.049612973764,-0.696203721,0.717166304,0.010015814,0.029539030
1789402387.703855276,0.017637252689,0.019434233016,-0.054603012989,-0.695121039,0.717424994,0.015617405,0.043176552
1789402387.737203836,0.018999880651,0.021241883327,-0.059814525275,-0.694577419,0.717011941,0.020275313,0.055181489
1789402387.770553350,0.020421585991,0.023098228861,-0.065252460091,-0.695245453,0.715394205,0.024836699,0.065023303
1789402387.803903103,0.022028768993,0.024878167993,-0.070526931925,-0.694191757,0.714796974,0.030852773,0.078811144
1789402387.837252617,0.023781329605,0.026482023906,-0.075351203887,-0.693433928,0.713258703,0.037942362,0.094719518
1789402387.870601416,0.025483406825,0.027837848281,-0.079514603952,-0.692684399,0.711529776,0.044970188,0.109047621
1789402387.903950930,0.027020016481,0.028944070422,-0.083077706679,-0.691044447,0.711082277,0.049116193,0.120029863
1789402387.937300444,0.028431393376,0.029904493274,-0.086157335659,-0.690799975,0.710215958,0.051700731,0.125362367
1789402387.970649242,0.029669519585,0.030656708794,-0.088499962417,-0.690938753,0.709457788,0.053468304,0.128118801
1789402388.003998756,0.030525890048,0.031113537192,-0.089860887519,-0.690641346,0.709207486,0.054496390,0.130649974
1789402388.037348270,0.030878784140,0.031297521703,-0.090295995641,-0.690741870,0.708870179,0.055144890,0.131672999
1789402388.070698023,0.030890294793,0.031282235383,-0.090065167827,-0.689449161,0.710107954,0.054828069,0.131910693
1789402388.104046345,0.030915818763,0.031176871970,-0.089718040548,-0.688409377,0.711108831,0.054900438,0.131919301
1789402388.137396097,0.031032998394,0.031142208677,-0.089647133572,-0.688732707,0.710843720,0.055866222,0.131253300
1789402388.170745611,0.031084233598,0.031176568451,-0.089720036952,-0.689302289,0.710290073,0.055979113,0.131212442
1789402388.204095125,0.031039362718,0.031221773769,-0.089794316289,-0.688826902,0.710690455,0.055049849,0.131932144
1789402388.237443924,0.031074616334,0.031231690093,-0.089811660101,-0.688877605,0.710660219,0.055277277,0.131735043
1789402388.270793438,0.031190351721,0.031218137107,-0.089754465134,-0.689092619,0.710489466,0.056047748,0.131204922
1789402388.304142952,0.031173965571,0.031234963038,-0.089732655525,-0.688769452,0.710785724,0.055768949,0.131415832
1789402388.337491751,0.031070072439,0.031293925907,-0.089889050307,-0.688594480,0.710929715,0.054981820,0.131884729
1789402388.370841026,0.031080523542,0.031357686180,-0.090196594910,-0.689722545,0.709836364,0.054673213,0.132007526
1789402388.404190779,0.031069795217,0.031426334748,-0.090422598299,-0.690240423,0.709387778,0.054731466,0.131687529
1789402388.437540293,0.030590926864,0.031487041741,-0.090605296543,-0.689609514,0.711069775,0.052902963,0.126569227
1789402388.470888853,0.029388850537,0.031584223244,-0.091021427723,-0.690730874,0.711325962,0.049570111,0.120204161
1789402388.504238605,0.027534755501,0.031839494553,-0.091831906583,-0.691058923,0.711902582,0.047649759,0.115593160
1789402388.537587881,0.025127786717,0.032273886041,-0.093093056297,-0.691046661,0.712348126,0.046445904,0.113390641
1789402388.570937395,0.022193491907,0.032865028614,-0.094744051822,-0.691827971,0.711180509,0.047534137,0.115485270
1789402388.604286194,0.018576466525,0.033547566497,-0.096605197245,-0.691309004,0.710416141,0.050671280,0.121791582
1789402388.637635708,0.014086709754,0.034296147465,-0.098623162143,-0.690630807,0.709881729,0.052981684,0.127632132
1789402388.670985222,0.008762046547,0.035106211527,-0.100801102020,-0.690262562,0.708742248,0.055961737,0.134500205
1789402388.704334736,0.002623686158,0.035989027438,-0.103180111432,-0.689356639,0.708047886,0.058986975,0.141337018
1789402388.737686634,-0.004294366165,0.036952839353,-0.105813839142,-0.688548983,0.707434799,0.061348908,0.147216217
1789402388.771038294,-0.011822719737,0.038004849036,-0.108641246135,-0.687894264,0.706599513,0.063823931,0.153117980
1789402388.804390430,-0.019791621726,0.039100602610,-0.111603643426,-0.687129101,0.706010827,0.065992570,0.158263359
1789402388.837741137,-0.028085051708,0.040256987602,-0.114710003929,-0.686576015,0.705668932,0.067406405,0.161558380
1789402388.871093035,-0.036528511820,0.041436335921,-0.117944193148,-0.685991428,0.705453626,0.068702172,0.164410927
1789402388.904444933,-0.044890842598,0.042689337246,-0.121194975008,-0.685582479,0.705254268,0.069868892,0.166467472
1789402388.937795639,-0.053084956548,0.043970323495,-0.124442809267,-0.685347053,0.705121704,0.070454600,0.167746682
1789402388.971147537,-0.061049116399,0.045249273347,-0.127676328146,-0.685214885,0.705042730,0.070880484,0.168437724
1789402389.004499435,-0.068709186458,0.046515337913,-0.130930392837,-0.685078279,0.705372416,0.070477137,0.167781048
1789402389.037851334,-0.075988164831,0.047769467532,-0.134186467392,-0.685251738,0.705254837,0.070508668,0.167553566
1789402389.071202040,-0.082986875748,0.049002429807,-0.137322486263,-0.685397093,0.705145041,0.070918361,0.167247966
1789402389.104554176,-0.089868421207,0.050230638806,-0.140361623521,-0.684560324,0.705827763,0.071004718,0.167757746
1789402389.137906075,-0.096653694816,0.051469437589,-0.143494943346,-0.684753034,0.705783310,0.070861061,0.167218155
1789402389.171257973,-0.103275707036,0.052696621796,-0.146677693860,-0.684898444,0.705555152,0.071144702,0.167464864
1789402389.204608917,-0.109778101874,0.053916985553,-0.149834865718,-0.684535325,0.705537342,0.071671141,0.168794831
1789402389.237961054,-0.116224057873,0.055145993672,-0.152974934655,-0.684482828,0.705134933,0.072366365,0.170385134
1789402389.271312714,-0.122594630041,0.056337751801,-0.156034178151,-0.684104688,0.705224358,0.072839944,0.171329281
1789402389.304663897,-0.128839637183,0.057492277986,-0.159029363256,-0.683704495,0.705365805,0.073539186,0.172044276
1789402389.338015795,-0.134881979141,0.058650090404,-0.161988379741,-0.683730001,0.705352562,0.073163379,0.172157396
1789402389.371367931,-0.140595962822,0.059751166760,-0.164791421322,-0.683938043,0.705769363,0.072089522,0.170063108
1789402389.404719830,-0.145885844932,0.060751376586,-0.167343349789,-0.684054402,0.706385418,0.071006621,0.167473209
1789402389.438070774,-0.150660385574,0.061625535844,-0.169610245513,-0.684145484,0.707012463,0.069628287,0.165015864
1789402389.471422911,-0.154927952487,0.062396767447,-0.171646055124,-0.684593322,0.707495852,0.068064166,0.161706131
1789402389.504774809,-0.158829217293,0.063095658435,-0.173555012535,-0.684781097,0.708301446,0.066719964,0.157899833
1789402389.538126945,-0.162537345089,0.063744583513,-0.175395096087,-0.685230812,0.708546798,0.065524202,0.155327873
1789402389.571478128,-0.166103995537,0.064310118252,-0.177093425274,-0.685494959,0.708787432,0.064649319,0.153419366
1789402389.604830027,-0.169519652934,0.064763991377,-0.178602918985,-0.685705753,0.709241857,0.063069365,0.151016104
1789402389.638182163,-0.172695824058,0.065123707272,-0.179893883140,-0.686228713,0.709517651,0.061789204,0.147840964
1789402389.671533108,-0.175433802054,0.065375808477,-0.180791014758,-0.686282012,0.709436104,0.061660867,0.148038346
1789402389.704885244,-0.177475614345,0.065452222221,-0.181151786443,-0.685959975,0.709530335,0.061618342,0.149093248
1789402389.738241911,-0.178698147302,0.065346490616,-0.181004138988,-0.686092314,0.710108487,0.060366151,0.146216282
1789402389.771598816,-0.179323721833,0.065079339698,-0.180413815530,-0.686604159,0.711125595,0.058127370,0.139629241
1789402389.804954767,-0.179980519569,0.064701186231,-0.179502309227,-0.686755706,0.712592989,0.055710575,0.132189879
1789402389.838311672,-0.181037566743,0.064183141815,-0.178220601850,-0.686922945,0.713532090,0.053769627,0.126955316
1789402389.871668816,-0.182668584333,0.063484149472,-0.176405307101,-0.688282270,0.712860289,0.052172623,0.123998961
1789402389.905025721,-0.184999914192,0.062535471184,-0.173865385546,-0.688506081,0.712951896,0.051129244,0.122657127
1789402389.938381910,-0.187817003424,0.061297114973,-0.170424624276,-0.688334473,0.713311145,0.050845309,0.121645462
1789402389.971739054,-0.190790229243,0.059783087792,-0.166107812688,-0.688405158,0.712764263,0.052232148,0.123843640
1789402390.005096197,-0.193867132894,0.058073637707,-0.161176601321,-0.687348121,0.712505146,0.054781852,0.129953556
1789402390.038452387,-0.196950177731,0.056222119352,-0.155767412043,-0.686747270,0.711546926,0.057910447,0.136841294
1789402390.071809769,-0.200053247387,0.054247153692,-0.149971576768,-0.686424632,0.710886261,0.059881871,0.140982657
1789402390.105166912,-0.203170933731,0.052176186849,-0.143855385423,-0.686386948,0.710782729,0.060355429,0.141485303
1789402390.138524532,-0.206444635695,0.050046679203,-0.137435891376,-0.686694262,0.710787506,0.059401356,0.140369477
1789402390.171881199,-0.209901970041,0.047815466920,-0.130715017483,-0.686875910,0.710985192,0.058451019,0.138870513
1789402390.205238581,-0.213604919901,0.045490579048,-0.123733098372,-0.687500929,0.711471730,0.055955210,0.134236601
1789402390.238596201,-0.217437005047,0.043100619760,-0.116514467072,-0.686631815,0.712258431,0.056232490,0.134397117
1789402390.271952629,-0.221291068117,0.040631373771,-0.109178868069,-0.686561312,0.711856917,0.056897110,0.136587018
1789402390.305310488,-0.225161854844,0.038136214204,-0.101800604467,-0.687084381,0.711187849,0.057140418,0.137338525
1789402390.338668108,-0.229031165266,0.035610969823,-0.094393447005,-0.686505518,0.711808646,0.057001830,0.137074493
1789402390.372026205,-0.232844350314,0.033067441455,-0.087071890067,-0.685925513,0.712421521,0.057018227,0.136787017
1789402390.405382872,-0.236614299124,0.030572143922,-0.079963535708,-0.685850764,0.712548769,0.057188365,0.136427536
1789402390.438740730,-0.240468371923,0.028202066271,-0.073194079634,-0.685750483,0.713054019,0.056053065,0.134752717
1789402390.472098589,-0.244310597261,0.025972471511,-0.066816438272,-0.685315419,0.713430574,0.055671766,0.135130482
1789402390.505456686,-0.247884850643,0.023885812164,-0.060839292524,-0.684645329,0.713020624,0.057574072,0.139812693
1789402390.538814068,-0.251076887070,0.021977396454,-0.055315875764,-0.685142226,0.711184588,0.060074476,0.145559845
1789402390.572171926,-0.253873460833,0.020228644277,-0.050196004466,-0.684447473,0.710502027,0.062472475,0.151048719
1789402390.605530262,-0.256362406949,0.018605117484,-0.045415679184,-0.683890391,0.710427552,0.063912535,0.153303015
1789402390.638887405,-0.258634653538,0.017112425313,-0.041043500069,-0.683978407,0.710377134,0.063822464,0.153181458
1789402390.672245502,-0.260677480898,0.015766392990,-0.037136218366,-0.683171021,0.711368633,0.062999066,0.152522593
1789402390.705604076,-0.262441433099,0.014596514218,-0.033787865287,-0.682259127,0.713232415,0.061262280,0.148556182
1789402390.738968611,-0.263891141102,0.013659148841,-0.031167150266,-0.682224740,0.714157778,0.059422533,0.144972532
1789402390.772331953,-0.265063231063,0.013009824988,-0.029359348888,-0.683415636,0.713500864,0.058316293,0.143034249
1789402390.805696726,-0.265803885918,0.012580698910,-0.028128994057,-0.683708057,0.712640749,0.058761568,0.145717307
1789402390.839061499,-0.265950922508,0.012264461563,-0.027191778550,-0.684212707,0.710464355,0.062067022,0.152450177
1789402390.872426271,-0.265639279595,0.012004806533,-0.026476172452,-0.683436799,0.710033931,0.065204978,0.156570333
1789402390.905790329,-0.265240357301,0.011859386540,-0.026162140663,-0.682747364,0.709971991,0.067381864,0.158919773
1789402390.939155340,-0.265036185211,0.011890016275,-0.026379800641,-0.683984061,0.708230155,0.068317949,0.160961206
1789402390.972520590,-0.265014457227,0.012004269335,-0.026839545661,-0.685305386,0.706842757,0.067597556,0.161741818
1789402391.005884647,-0.264980929516,0.012042377254,-0.027053150318,-0.685727515,0.706432601,0.067688868,0.161706441
1789402391.039250135,-0.264909465832,0.011981426874,-0.026892021985,-0.685036414,0.707165572,0.068321577,0.161164905
1789402391.072615623,-0.264893134904,0.011837084284,-0.026430364917,-0.685113521,0.706693333,0.068451376,0.162844728
1789402391.105981350,-0.264831758297,0.011554503572,-0.025609500642,-0.685188526,0.706218923,0.068580966,0.164524064
1789402391.139345884,-0.264550710374,0.011057394873,-0.024152797459,-0.685213993,0.705693191,0.069987232,0.166074356
1789402391.172711849,-0.264232680444,0.010351752629,-0.022145115385,-0.684741270,0.706990625,0.068864729,0.162945689
1789402391.206077814,-0.263964226903,0.009551283874,-0.019951884204,-0.684618675,0.707601390,0.068256028,0.161054825
1789402391.239443779,-0.263716500006,0.008798367061,-0.017916891672,-0.685198333,0.707108124,0.068234897,0.160764870
1789402391.272808790,-0.263625168836,0.008094826960,-0.015922860742,-0.684511516,0.708167888,0.067677472,0.159254469
1789402391.306175232,-0.263694333034,0.007433872515,-0.014108179910,-0.684604398,0.708651037,0.066830624,0.157048382
1789402391.339541435,-0.263817837497,0.006836432343,-0.012515067264,-0.685402049,0.708077432,0.065989067,0.156511420
1789402391.372906923,-0.263828797076,0.006303621655,-0.011088769785,-0.684892277,0.708319818,0.066211817,0.157548719
1789402391.406273365,-0.263584866413,0.005861551667,-0.009932293638,-0.684709082,0.708285252,0.066726664,0.158281482
1789402391.439640045,-0.263072134421,0.005534730608,-0.009111704412,-0.684987593,0.707615072,0.067729919,0.159641990
1789402391.473006725,-0.262345984116,0.005285155894,-0.008556581048,-0.685186745,0.707416852,0.068140837,0.159490905
1789402391.506372690,-0.261149202415,0.005072630872,-0.008099519074,-0.685663811,0.706800816,0.067438955,0.160467228
1789402391.539739847,-0.258897953325,0.004797101023,-0.007485477588,-0.685846603,0.705893388,0.067756635,0.163517583
1789402391.573107004,-0.255275090803,0.004375279002,-0.006516025633,-0.685740037,0.705941697,0.068596148,0.163405907
1789402391.606472969,-0.250503540263,0.003810296457,-0.005174918300,-0.686153754,0.706311194,0.067319899,0.160578812
1789402391.639840364,-0.244780992105,0.003077666086,-0.003376472189,-0.686263750,0.706495782,0.067007605,0.159423199
1789402391.673207760,-0.238201324420,0.002123906160,-0.001030826184,-0.686658959,0.706704905,0.065844762,0.157264487
1789402391.706575155,-0.230820570250,0.000966899032,0.001870553744,-0.686729952,0.707512710,0.064441650,0.153866867
1789402391.739922523,-0.222600885808,-0.000368327110,0.005189055944,-0.686364396,0.707729863,0.064143772,0.154621902
1789402391.773271084,-0.213501498908,-0.001813293903,0.008723159915,-0.686939047,0.707243404,0.063634622,0.154506141
1789402391.806619167,-0.203698339781,-0.003302948195,0.012316420533,-0.687428065,0.708182377,0.061433215,0.148816455
1789402391.839967489,-0.193541679930,-0.004758808149,0.015822066636,-0.688596478,0.708989847,0.058139644,0.140670069
1789402391.873314619,-0.183179536805,-0.006185022871,0.019253378552,-0.689372477,0.709786650,0.054232254,0.134266010
1789402391.906663179,-0.172709392219,-0.007553905042,0.022490278903,-0.689147621,0.711053349,0.053513803,0.128899048
1789402391.940011263,-0.162296400618,-0.008772131545,0.025310177361,-0.689578418,0.711710924,0.050861932,0.123944462
1789402391.973358393,-0.151849985238,-0.009860886063,0.027785455227,-0.690795820,0.711173106,0.048323776,0.121238445
1789402392.006706476,-0.141190234923,-0.010908619734,0.030148890424,-0.691114036,0.711903124,0.046132680,0.115875394
1789402392.040054798,-0.130420953147,-0.011918643865,0.032370557107,-0.691203287,0.713210360,0.043681828,0.107985626
1789402392.073402882,-0.119654764760,-0.012862684297,0.034442759062,-0.691819275,0.713225537,0.042201119,0.104472434
1789402392.106750011,-0.109068848911,-0.013764843543,0.036420407619,-0.692143635,0.713290186,0.041694492,0.102058162
1789402392.140097857,-0.098760600502,-0.014654776927,0.038348264034,-0.692302232,0.713898433,0.039020399,0.097693684
1789402392.173445702,-0.088856307672,-0.015508158658,0.040206230708,-0.693166920,0.713786297,0.037548489,0.092837781
1789402392.206794024,-0.079345969318,-0.016402733438,0.042139935506,-0.693318519,0.714214450,0.035251976,0.089243760
1789402392.240140915,-0.070184099808,-0.017336269803,0.044199320712,-0.693223606,0.714642321,0.034662616,0.086751882
1789402392.273488760,-0.061418910558,-0.018276518113,0.046284891470,-0.693654960,0.714379463,0.033698367,0.085844037
1789402392.306836605,-0.052815409771,-0.019254364531,0.048453877178,-0.693450866,0.714445971,0.033361252,0.087062498
1789402392.340183258,-0.044267424633,-0.020238109052,0.050644308168,-0.693764087,0.714206016,0.033392578,0.086522221
1789402392.373531342,-0.035769673468,-0.021215281166,0.052838686736,-0.693987970,0.714655184,0.030839022,0.081838989
1789402392.406878948,-0.027211733419,-0.022223220637,0.055127046468,-0.693898726,0.715125975,0.029989914,0.078740096
1789402392.440226793,-0.018689894384,-0.023249324537,0.057487780671,-0.694349414,0.715148032,0.027776772,0.075303614
1789402392.473573446,-0.010359156393,-0.024267722409,0.059869360578,-0.694144745,0.715961137,0.026560310,0.069694142
1789402392.506921053,-0.002246693644,-0.025275440877,0.062205827879,-0.694432899,0.716160492,0.023532040,0.065752124
1789402392.540268898,0.005769427673,-0.026261797327,0.064491637357,-0.695142958,0.715687789,0.022449640,0.063743784
1789402392.573616505,0.013735615736,-0.027230843340,0.066703630519,-0.694837629,0.716376089,0.020674986,0.059820677
1789402392.606963158,0.021630756851,-0.028150115226,0.068752616151,-0.695128408,0.716505726,0.018498857,0.055442159
1789402392.640310526,0.029467883794,-0.029041230851,0.070722281172,-0.695621264,0.716350221,0.017232646,0.051540799
1789402392.673658133,0.037117045139,-0.029930684977,0.072651670636,-0.695436842,0.716856592,0.015005814,0.047529482
1789402392.707004547,0.044520397087,-0.030777437307,0.074540724618,-0.695912786,0.716644148,0.013817807,0.043995774
1789402392.740351677,0.051699740666,-0.031645128282,0.076490444332,-0.695961945,0.716890466,0.011813107,0.039566174
1789402392.773698330,0.058468083978,-0.032532621604,0.078516943909,-0.696056077,0.717145683,0.009823358,0.033339298
1789402392.807045221,0.064563796625,-0.033432176135,0.080594947200,-0.695931048,0.717614237,0.007526587,0.025556489
1789402392.840390921,0.069690941268,-0.034310472223,0.082595298292,-0.695554489,0.718270229,0.004427142,0.016499430
1789402392.873737574,0.073629015494,-0.035088855656,0.084310398195,-0.696013746,0.718000652,-0.000818621,0.006265624
1789402392.907084227,0.076593376127,-0.035769280410,0.085775960751,-0.696458039,0.717465760,-0.009238890,-0.010184547
1789402392.940429688,0.078890725387,-0.036384717448,0.087049729335,-0.695226976,0.717930946,-0.017526553,-0.030453709
1789402392.973776340,0.080592294345,-0.036910484450,0.088017581734,-0.694667713,0.716975123,-0.027323731,-0.051350323
1789402393.007122755,0.081864379947,-0.037362091881,0.088766039765,-0.693822302,0.715749388,-0.036311387,-0.070674684
1789402393.040469170,0.082920859644,-0.037799923793,0.089457411341,-0.692176829,0.714830883,-0.044488513,-0.089043915
1789402393.073814631,0.083844879503,-0.038240319834,0.090157131596,-0.690697638,0.713077882,-0.053157718,-0.107846948
1789402393.107161045,0.084766611801,-0.038706438386,0.090972853818,-0.688283612,0.710825644,-0.063123054,-0.130414931
1789402393.140507460,0.085532204968,-0.039228080904,0.091879574783,-0.684223093,0.707885810,-0.074987218,-0.158471939
1789402393.173854113,0.086083431438,-0.039743270727,0.092803227577,-0.680001396,0.704111230,-0.086493050,-0.185322501
1789402393.207199335,0.086467673684,-0.040206320284,0.093678180227,-0.675529867,0.700073171,-0.097024244,-0.210102952
1789402393.240545511,0.086723474096,-0.040598164155,0.094457227130,-0.671267141,0.696571589,-0.105300666,-0.230434843
1789402393.273891687,0.086771745856,-0.040905578841,0.095199927088,-0.667766738,0.690833837,-0.116527847,-0.251510344
1789402393.307236910,0.086816791944,-0.041188452766,0.096086835618,-0.662096701,0.686109893,-0.126007385,-0.273867326
1789402393.340583086,0.086968665012,-0.041523736811,0.097203057675,-0.655963915,0.681003196,-0.134467100,-0.296419615
1789402393.373929262,0.087053503067,-0.041911131871,0.098536390122,-0.650343917,0.676117161,-0.142416225,-0.315651696
1789402393.407275200,0.087138691621,-0.042345444922,0.100003054018,-0.646013330,0.671820139,-0.149193453,-0.330251104
1789402393.440620184,0.087322000902,-0.042847671334,0.101541481736,-0.641517389,0.668546162,-0.154418974,-0.343010568
1789402393.473966360,0.087619084049,-0.043377616931,0.103174103488,-0.637626580,0.664267049,-0.159774142,-0.355884609
1789402393.507312298,0.088084687832,-0.043937073207,0.104827516468,-0.632385215,0.661681279,-0.164277090,-0.367804108
1789402393.540657997,0.088647763076,-0.044484085255,0.106355795898,-0.629118726,0.658273118,-0.167875917,-0.377761575
1789402393.574002981,0.089219169304,-0.045017015724,0.107928767488,-0.626415926,0.653266541,-0.173260075,-0.388364339
1789402393.607348680,0.090006612257,-0.045627772845,0.109681969707,-0.622751176,0.650659203,-0.177655024,-0.396563067
1789402393.640694618,0.091242496962,-0.046321608722,0.111489781562,-0.621006008,0.649941456,-0.178462343,-0.400098531
1789402393.674039364,0.092861696478,-0.047083746097,0.113432964516,-0.620768887,0.648156831,-0.179876191,-0.402719836
1789402393.707385063,0.094905011891,-0.047941002880,0.115706715168,-0.620428012,0.648092478,-0.180521620,-0.403059756
1789402393.740732670,0.097415550196,-0.048840021793,0.118157524851,-0.620637924,0.649064377,-0.179446678,-0.401650211
1789402393.774080276,0.100225458798,-0.049729658832,0.120642015716,-0.621383689,0.649668414,-0.178572094,-0.399906577
1789402393.807426691,0.103131753571,-0.050608812484,0.123169064596,-0.621739429,0.649185509,-0.178751606,-0.400057647
1789402393.840774298,0.106064720751,-0.051510393355,0.125744027360,-0.620626364,0.648268256,-0.179791454,-0.402797985
1789402393.874121904,0.109020409293,-0.052429473498,0.128359156400,-0.619695143,0.646893255,-0.181204387,-0.405798000
1789402393.907469511,0.111984730680,-0.053378550601,0.131073680386,-0.618199004,0.645053631,-0.183160423,-0.410107381
1789402393.940815926,0.114984828245,-0.054365014434,0.133807519330,-0.616540183,0.644366965,-0.184079806,-0.413260258
1789402393.974163294,0.118067299689,-0.055291442100,0.136294324918,-0.615916872,0.643952505,-0.185004647,-0.414421113
1789402394.007510424,0.121270443038,-0.056045614283,0.138363982289,-0.615397673,0.642511553,-0.186282252,-0.416849530
1789402394.040856838,0.124547192092,-0.056682693958,0.140151261574,-0.613388216,0.640647606,-0.187759938,-0.421985483
1789402394.074204445,0.127888450334,-0.057275592933,0.141834391243,-0.611380615,0.638609346,-0.190399852,-0.426778331
1789402394.107551575,0.131375400827,-0.057845255497,0.143539059567,-0.610267096,0.636648769,-0.192525177,-0.430332979
1789402394.140898705,0.135039131450,-0.058452922138,0.145375606704,-0.607842870,0.635109130,-0.194139944,-0.435285103
1789402394.174245119,0.138741735642,-0.059083728294,0.147230306314,-0.606334701,0.634585778,-0.195320878,-0.437617271
1789402394.207592249,0.142256364634,-0.059646977531,0.148802032474,-0.606816757,0.634012552,-0.196201161,-0.437386113
1789402394.240939140,0.145788062685,-0.060119526106,0.150257024126,-0.606700657,0.632560370,-0.197413352,-0.439100967
1789402394.274285316,0.149406500385,-0.060549691572,0.151697392572,-0.605759368,0.632079876,-0.197998454,-0.440825624
1789402394.307632685,0.153014392102,-0.060936938075,0.153012394755,-0.605503935,0.632109702,-0.197962807,-0.441149676
1789402394.340979576,0.156569131659,-0.061283160662,0.154276135096,-0.606871182,0.631100020,-0.199018856,-0.440240422
1789402394.374326706,0.160227152725,-0.061631543570,0.155597745884,-0.606284041,0.631144504,-0.198776810,-0.441094158
1789402394.407672644,0.164036744800,-0.062022912473,0.156914493942,-0.605263110,0.630582891,-0.199529747,-0.442955602
1789402394.441019535,0.167896147910,-0.062410584353,0.158148806236,-0.605640008,0.629804871,-0.200092861,-0.443293189
1789402394.474366426,0.171703807145,-0.062793164055,0.159277920940,-0.604967162,0.630020336,-0.200292358,-0.443815368
1789402394.507713318,0.175422248359,-0.063168034980,0.160334327409,-0.605167442,0.629057662,-0.201083696,-0.444549404
1789402394.541059017,0.178989752730,-0.063604345708,0.161409247834,-0.604426688,0.628962955,-0.201372903,-0.445559125
1789402394.574405909,0.182292054866,-0.064089282696,0.162527364034,-0.606296846,0.629771095,-0.200836950,-0.442105216
1789402394.607752800,0.185327755877,-0.064540145184,0.163627347095,-0.607751738,0.631896356,-0.198948631,-0.437908966
1789402394.641098499,0.188121297971,-0.064926760639,0.164558025356,-0.607745487,0.632256390,-0.198600284,-0.437555948
1789402394.674445152,0.190829564560,-0.065244389776,0.165296347133,-0.608422286,0.631613580,-0.198617124,-0.437536109
1789402394.707791805,0.193558911823,-0.065461364554,0.165879223932,-0.608664890,0.632038866,-0.198463860,-0.436653204
1789402394.741141319,0.196183553265,-0.065579190639,0.166228230382,-0.608772763,0.632281495,-0.197915728,-0.436400274
1789402394.774489880,0.198550398658,-0.065624577457,0.166346073404,-0.608498067,0.631427948,-0.198411412,-0.437791915
1789402394.807839632,0.200740283736,-0.065586519661,0.166324543461,-0.609222248,0.631363117,-0.198527825,-0.436824415
1789402394.841188908,0.202962995610,-0.065540654082,0.166188152541,-0.608895023,0.631664433,-0.198158964,-0.437012494
1789402394.874538660,0.205174174957,-0.065475939385,0.165917034333,-0.608648753,0.630695539,-0.198884899,-0.438422889
1789402394.907887220,0.207429772707,-0.065401307097,0.165616891592,-0.607805244,0.630279724,-0.199462116,-0.439926266
1789402394.941236496,0.209775712899,-0.065351470226,0.165351636145,-0.607474150,0.629848450,-0.199992663,-0.440759597
1789402394.974586010,0.212261150485,-0.065311801157,0.165086550496,-0.607700549,0.629575675,-0.200439989,-0.440634002
1789402395.007934570,0.215033877331,-0.065238230795,0.164712846175,-0.606934432,0.629423180,-0.200615868,-0.441826131
1789402395.041283846,0.218305858777,-0.065095006012,0.164176662694,-0.606586716,0.628158722,-0.201750166,-0.443583189
1789402395.074633360,0.222260752040,-0.064896145787,0.163506218667,-0.605116367,0.627096281,-0.202794341,-0.446608210
1789402395.107982874,0.226794866518,-0.064657603682,0.162720749940,-0.603428083,0.625133708,-0.204414225,-0.450884930
1789402395.141331196,0.231717111647,-0.064419848630,0.161947243508,-0.600298555,0.622276418,-0.206953287,-0.457803497
1789402395.174680710,0.236678310706,-0.064237913037,0.161373462520,-0.598541795,0.621393445,-0.206495847,-0.461494715
1789402395.208029985,0.241584357004,-0.064159591965,0.161069932004,-0.598671539,0.619590978,-0.210321725,-0.462021840
1789402395.241379499,0.246586590514,-0.064110232787,0.160930287845,-0.596306102,0.619209126,-0.210243060,-0.465614591
1789402395.274727583,0.251606636910,-0.064089411142,0.160848829090,-0.595736716,0.617652260,-0.211644575,-0.467771338
1789402395.308076859,0.256719480012,-0.064037211475,0.160767381884,-0.593996598,0.615965035,-0.213042922,-0.471558936
1789402395.341426373,0.262090993289,-0.063973445111,0.160588666172,-0.591140829,0.614202342,-0.214238312,-0.476875193
1789402395.374774456,0.267808782343,-0.063841942035,0.160224839230,-0.590389755,0.611568743,-0.217333867,-0.479780783
1789402395.408123732,0.273910792132,-0.063684889785,0.159760934295,-0.588138909,0.610520880,-0.217709106,-0.483693729
1789402395.441473246,0.280225258020,-0.063529653265,0.159268139348,-0.586400500,0.607925357,-0.220720291,-0.487692287
1789402395.474822283,0.286640511368,-0.063376622370,0.158799230173,-0.584965313,0.605823241,-0.222636617,-0.491148369
1789402395.508170366,0.292946227478,-0.063273141257,0.158418802851,-0.583059122,0.604667071,-0.223980530,-0.494219096
1789402395.541519880,0.298876341617,-0.063188543869,0.158203135230,-0.583078480,0.603385344,-0.225365807,-0.495132169
1789402395.574868917,0.304280556630,-0.063134118936,0.158135974414,-0.582951563,0.604241620,-0.224986504,-0.494409357
1789402395.608217001,0.308879985678,-0.063102132171,0.158140615548,-0.584309632,0.605029357,-0.224509836,-0.492053925
1789402395.641566277,0.312287182435,-0.063089097521,0.158223801493,-0.585242885,0.606218619,-0.223585788,-0.489897078
1789402395.674915552,0.314432153521,-0.063110039733,0.158325208450,-0.586337651,0.607607282,-0.222945594,-0.487151733
1789402395.708264589,0.315552413275,-0.063122480404,0.158382541314,-0.588726883,0.608237396,-0.222343554,-0.483747115
1789402395.741612911,0.315966013419,-0.063084424691,0.158372112911,-0.588588615,0.608781144,-0.221613570,-0.483566322
1789402395.774961948,0.315995904493,-0.063040293168,0.158327174439,-0.589124422,0.608216313,-0.222286157,-0.483315835
1789402395.808310747,0.315887265325,-0.063025445335,0.158358485694,-0.589034645,0.608268875,-0.221820368,-0.483573043
1789402395.841660023,0.315768877335,-0.063042803174,0.158465067591,-0.588921076,0.608476609,-0.222034883,-0.483351522
1789402395.875008106,0.315684855218,-0.063031463535,0.158556019345,-0.589033325,0.608356172,-0.221973918,-0.483394342
1789402395.908357143,0.315604048265,-0.062994588153,0.158667439241,-0.588903362,0.608533735,-0.221996377,-0.483318872
1789402395.941706181,0.315553943965,-0.062962463200,0.158741443629,-0.588914346,0.608565569,-0.222049100,-0.483241180
1789402395.975054502,0.315565092662,-0.062891412513,0.158757145138,-0.588992076,0.608541654,-0.221981491,-0.483207623
1789402396.008403540,0.315593784301,-0.062776064243,0.158752866755,-0.588954141,0.608681599,-0.221993598,-0.483072017
1789402396.041752338,0.315614451500,-0.062626171090,0.158742460172,-0.589121472,0.608645490,-0.221864208,-0.482972909
1789402396.075101614,0.315565067685,-0.062482194658,0.158728991632,-0.590319423,0.609455554,-0.220663969,-0.481034634
1789402396.108449697,0.315361103794,-0.062348573060,0.158634739262,-0.590943238,0.610085682,-0.220143182,-0.479706712
1789402396.141798735,0.314859677975,-0.062239562908,0.158518578853,-0.593421031,0.610037496,-0.218600832,-0.477409059
1789402396.175147772,0.314021445958,-0.062219299484,0.158569378380,-0.597637047,0.613460895,-0.214546837,-0.469537374
1789402396.208496809,0.312776468751,-0.062225264118,0.158639127917,-0.599992501,0.617334154,-0.212863270,-0.462165304
1789402396.241844893,0.310875738300,-0.062083398028,0.158012901013,-0.598454426,0.621002378,-0.209378201,-0.460835236
1789402396.275193930,0.308012697797,-0.061723353251,0.156152338439,-0.599950211,0.619240365,-0.209387556,-0.461256941
1789402396.308542967,0.304331051509,-0.061135190666,0.153164395149,-0.602090896,0.618020846,-0.208150316,-0.460662819
1789402396.341890812,0.300092935758,-0.060429163306,0.149224168521,-0.602678488,0.617555009,-0.204341342,-0.462221881
1789402396.375240088,0.295290412112,-0.059699215492,0.144374189265,-0.601388120,0.617166163,-0.199545943,-0.466497237
1789402396.408589125,0.289843299122,-0.058927324930,0.138589295233,-0.601352095,0.617180632,-0.191189676,-0.470010886
1789402396.441937923,0.283699095269,-0.058100889924,0.131882087352,-0.603494053,0.616865073,-0.179294999,-0.472361845
1789402396.475286245,0.276741774546,-0.057155451788,0.124448776992,-0.606890318,0.616360684,-0.162361091,-0.474786821
1789402396.508635044,0.268766031321,-0.056059603792,0.116676264055,-0.612110250,0.614515123,-0.143577077,-0.476526839
1789402396.541984081,0.259631450033,-0.054987111784,0.108980481624,-0.618019843,0.613194353,-0.124869120,-0.475869585
1789402396.575333118,0.249253234559,-0.054159306995,0.101657244820,-0.622619696,0.613361611,-0.109594940,-0.473414405
1789402396.608681202,0.237667603621,-0.053672299480,0.094787937379,-0.627676742,0.614143140,-0.097111755,-0.468422265
1789402396.642030001,0.224983981070,-0.053569908731,0.088245647086,-0.636489231,0.615813914,-0.081763964,-0.457131640
1789402396.675379038,0.211114053508,-0.054010906456,0.081960772738,-0.646626936,0.615691658,-0.067953635,-0.445173775
1789402396.708727121,0.195933543777,-0.055308892831,0.076068838367,-0.654609359,0.614993344,-0.061392313,-0.435316846
1789402396.742078543,0.179654971946,-0.057627902626,0.070841588999,-0.659132445,0.616941029,-0.063282446,-0.425351054
1789402396.775430441,0.162782488574,-0.060792243192,0.066449087820,-0.659557699,0.621462644,-0.073149932,-0.416433562
1789402396.808782101,0.145838131015,-0.064446538737,0.062755403396,-0.660474318,0.627800393,-0.079941379,-0.404041728
1789402396.842132568,0.129242203417,-0.068220453842,0.059316972792,-0.663326095,0.635590350,-0.078309269,-0.387157665
1789402396.875484228,0.112963227098,-0.071875143451,0.055621160981,-0.667460265,0.642646879,-0.073541319,-0.368908468
1789402396.908835888,0.096646223451,-0.075281529623,0.051293483617,-0.672122704,0.646931838,-0.073435947,-0.352615130
1789402396.942186594,0.080217505850,-0.078347023961,0.046232816077,-0.677083828,0.648612415,-0.078132442,-0.338754701
1789402396.975538015,0.063971945339,-0.080990707264,0.040527454411,-0.683021081,0.648869650,-0.082324851,-0.325073836
1789402397.008889675,0.048163874287,-0.083243014194,0.034354504442,-0.689881108,0.648858706,-0.081856873,-0.310396342
1789402397.042241573,0.032935366382,-0.085095287249,0.027897373415,-0.696220504,0.649322045,-0.077443096,-0.296075088
1789402397.075592041,0.018263632689,-0.086439665470,0.021363193243,-0.701750809,0.649665774,-0.071957846,-0.283376520
1789402397.108943701,0.004081880362,-0.087343794642,0.014908115103,-0.706117721,0.650368974,-0.065776931,-0.272197277
1789402397.142295122,-0.009548308596,-0.087832862891,0.008728426847,-0.709345504,0.651792368,-0.058661355,-0.261829163
1789402397.175646782,-0.022644067683,-0.087977972167,0.002972236657,-0.711404389,0.654360034,-0.051838907,-0.251056705
1789402397.208997250,-0.035300476103,-0.087952479688,-0.002335856825,-0.711876291,0.658031425,-0.046258027,-0.241012415
1789402397.242349148,-0.047582233167,-0.087838007564,-0.007265967335,-0.711600153,0.662159001,-0.041856597,-0.231124868
1789402397.275700569,-0.059519932522,-0.087648990532,-0.011917452501,-0.711584029,0.665731870,-0.039187302,-0.221164198
1789402397.309051275,-0.071075071509,-0.087452579250,-0.016348110453,-0.711267098,0.669300560,-0.037239418,-0.211539835
1789402397.342402935,-0.082103237888,-0.087247069960,-0.020597153001,-0.710933552,0.672973256,-0.034344933,-0.201248370
1789402397.375754356,-0.092462337227,-0.087010758893,-0.024788566653,-0.710825146,0.676229722,-0.031764003,-0.190871745
1789402397.409106016,-0.102238490994,-0.086697148475,-0.029014708085,-0.710158843,0.678931012,-0.030157562,-0.183895676
1789402397.442456484,-0.111385719556,-0.086268525922,-0.033278995634,-0.709855298,0.680985898,-0.026695233,-0.177907358
1789402397.475808144,-0.119799217091,-0.085706665784,-0.037509017281,-0.710701508,0.682172729,-0.020933661,-0.170603387
1789402397.509159803,-0.127565684228,-0.085055200053,-0.041605701787,-0.711442122,0.683361618,-0.014458870,-0.163272614
1789402397.542511463,-0.134821422299,-0.084359711665,-0.045535195064,-0.712050855,0.684703073,-0.008648637,-0.155211091
1789402397.575862169,-0.141616200150,-0.083628066430,-0.049329863303,-0.712366285,0.686032621,-0.005096730,-0.147876778
1789402397.609213591,-0.148028412812,-0.082853658948,-0.053024398351,-0.713084487,0.686772545,-0.003193897,-0.140867969
1789402397.642565250,-0.154086944335,-0.082054000625,-0.056614645122,-0.714394552,0.686945864,-0.001543147,-0.133204440
1789402397.675915718,-0.159741951594,-0.081183397241,-0.059999271755,-0.715565886,0.687132239,0.000640063,-0.125755074
1789402397.709267378,-0.165091670150,-0.080290750032,-0.063081375205,-0.716671366,0.687347414,0.004512405,-0.117963227
1789402397.742616892,-0.170159792836,-0.079468783644,-0.065763161984,-0.717623334,0.687900137,0.010207065,-0.108194123
1789402397.775966644,-0.175002797464,-0.078734320981,-0.068019860329,-0.717767227,0.689207256,0.015923067,-0.097724218
1789402397.809315205,-0.179789216771,-0.078039915966,-0.069922525242,-0.717815086,0.690455260,0.020747938,-0.087077892
1789402397.842664719,-0.184461301924,-0.077550014990,-0.071506130218,-0.717408028,0.691951157,0.025025306,-0.076831318
1789402397.876014471,-0.188929465995,-0.077413983055,-0.072842147208,-0.715457624,0.694796825,0.028519388,-0.067560377
1789402397.909363985,-0.193416659387,-0.077464201813,-0.074172804816,-0.713771635,0.697154116,0.031960813,-0.059031334
1789402397.942712307,-0.197797920682,-0.077718532669,-0.075549920592,-0.713388338,0.697971232,0.038068004,-0.049639364
1789402397.976062059,-0.201989159288,-0.078332538247,-0.076869270897,-0.712883322,0.698561699,0.048218604,-0.038521272
1789402398.009411573,-0.206121740729,-0.079478162022,-0.078152700185,-0.711669952,0.699459611,0.059171755,-0.027943446
1789402398.042759895,-0.210303132015,-0.081209050664,-0.079480988640,-0.710529369,0.700054961,0.068373032,-0.019904694
1789402398.076109648,-0.214548077816,-0.083514357170,-0.080869245360,-0.709533429,0.700142974,0.078939424,-0.011432240
1789402398.109459162,-0.218868209172,-0.086330238765,-0.082307376442,-0.708418809,0.699769342,0.092008969,0.000087115
1789402398.142808676,-0.223372960063,-0.089530276800,-0.083832844558,-0.708125768,0.698403073,0.103310035,0.010866482
1789402398.176156998,-0.228096496513,-0.092989192790,-0.085340801748,-0.708270070,0.696460301,0.113427888,0.020752632
1789402398.209506512,-0.233217304745,-0.096649840629,-0.086791839088,-0.708254283,0.694211267,0.124104718,0.032320384
1789402398.242856026,-0.238788528215,-0.100469247261,-0.088068326561,-0.708035115,0.691888534,0.133969198,0.045042048
1789402398.276204348,-0.244618478315,-0.104443060945,-0.088962791422,-0.706307905,0.690491364,0.144233128,0.059561926
1789402398.309553862,-0.250554797489,-0.108560015788,-0.089624244098,-0.702957067,0.690151407,0.154169132,0.075988659
1789402398.342903376,-0.256508627510,-0.112721358311,-0.090453923187,-0.701538611,0.688831597,0.160109295,0.087861382
1789402398.376252651,-0.262365231508,-0.116913697684,-0.091596562570,-0.701314047,0.686614054,0.165324630,0.096889186
1789402398.409600973,-0.268112881746,-0.121174076781,-0.092982575394,-0.700621175,0.684343106,0.171582409,0.106601874
1789402398.442950487,-0.273801459930,-0.125319140062,-0.094515405892,-0.699908410,0.681676665,0.178090014,0.117171194
1789402398.476299763,-0.279430504316,-0.129148054532,-0.096127770354,-0.699855827,0.678845493,0.182879058,0.126197733
1789402398.509649277,-0.284824539132,-0.132678239316,-0.097651766159,-0.699527680,0.677438353,0.184834287,0.132569184
1789402398.542997360,-0.289933720828,-0.135836757454,-0.099121647068,-0.699121353,0.676490652,0.186208123,0.137536416
1789402398.576346636,-0.294604799950,-0.138531247541,-0.100512564564,-0.697958341,0.675435698,0.191102416,0.141847235
1789402398.609696150,-0.298746151289,-0.140660734943,-0.101788149018,-0.695570176,0.674251967,0.200602861,0.146030502
1789402398.643044472,-0.302496148244,-0.142127528706,-0.102917801243,-0.692924188,0.672776535,0.212413452,0.148688700
1789402398.676393509,-0.306175559060,-0.143022419742,-0.103837297767,-0.690086005,0.671944131,0.223526814,0.149359142
1789402398.709743023,-0.310104594132,-0.143518903324,-0.104457586620,-0.686524528,0.673158204,0.230906420,0.149078266
1789402398.743089199,-0.314408332892,-0.143694904924,-0.104762848634,-0.682730912,0.676014157,0.233614247,0.149357774
1789402398.776434183,-0.319003846398,-0.143570359445,-0.104916929232,-0.679502715,0.679432491,0.232694158,0.150003261
1789402398.809780359,-0.323627532131,-0.143125416983,-0.105052220895,-0.677040366,0.681599836,0.231611997,0.152950612
1789402398.843126297,-0.328131984489,-0.142476172622,-0.105245803373,-0.675896076,0.682151887,0.230597479,0.157028981
1789402398.876472235,-0.332492867264,-0.141872144880,-0.105497017134,-0.674972801,0.682497125,0.230342013,0.159849774
1789402398.909817219,-0.336615229278,-0.141569116939,-0.105825052071,-0.672384757,0.683102178,0.233068316,0.164162461
1789402398.943163157,-0.340356518297,-0.141624655050,-0.106453147010,-0.669071802,0.682071495,0.240403568,0.171252805
1789402398.976509094,-0.343816801264,-0.141817518958,-0.107707298040,-0.668680436,0.679497149,0.246290607,0.174616828
1789402399.009853840,-0.347344166370,-0.142045467786,-0.109488735131,-0.671958404,0.678019467,0.241638728,0.174276306
1789402399.043199778,-0.351096083048,-0.142382806483,-0.111292736534,-0.675645299,0.677635386,0.231102453,0.175799231
1789402399.076545477,-0.354928400361,-0.142818182393,-0.112892237710,-0.676629074,0.677835253,0.223859412,0.180553123
1789402399.109891176,-0.358631896369,-0.143045597901,-0.114290912440,-0.678477530,0.676319611,0.217927063,0.186461313
1789402399.143235922,-0.362223328247,-0.142989914007,-0.115565076711,-0.680530002,0.674435000,0.213228906,0.191179969
1789402399.176581621,-0.365671094702,-0.142645503766,-0.116694588182,-0.680718252,0.672636085,0.214037317,0.195886153
1789402399.209927320,-0.369117182970,-0.142095560423,-0.117657651771,-0.680070018,0.669678973,0.219795621,0.201803687
1789402399.243272781,-0.372749957812,-0.141624228143,-0.118533568288,-0.678353034,0.669097447,0.223555625,0.205350068
1789402399.276617289,-0.376453992409,-0.141495220027,-0.119544403899,-0.673955016,0.668973185,0.230935856,0.211962603
1789402399.309962988,-0.380102993505,-0.141668772577,-0.121096426983,-0.671609124,0.669106823,0.236140887,0.213248038
1789402399.343308449,-0.383793913944,-0.142061757184,-0.123389179450,-0.673054358,0.669888064,0.233104712,0.209547142
1789402399.376652479,-0.387517389817,-0.142709843087,-0.126165924185,-0.673866129,0.667753434,0.233555470,0.213217339
1789402399.409997940,-0.391288780176,-0.143540487157,-0.129248195892,-0.671759855,0.664132325,0.243123387,0.220358733
1789402399.443343401,-0.395445566407,-0.144364596272,-0.132660779336,-0.672982692,0.661440952,0.244720835,0.222939175
1789402399.476688623,-0.400216491735,-0.145183143439,-0.136220250215,-0.677289543,0.660862377,0.233880760,0.223247810
1789402399.510032892,-0.405236035284,-0.145966967181,-0.139548105353,-0.678312147,0.661408839,0.224362288,0.228237909
1789402399.543378115,-0.409916605229,-0.146406370896,-0.142542212648,-0.677576788,0.658769480,0.223076551,0.239059242
1789402399.576723337,-0.414011025032,-0.146355371346,-0.145305810777,-0.678019339,0.655121714,0.224118214,0.246731315
1789402399.610067606,-0.417696040265,-0.145940584823,-0.147879282742,-0.677717143,0.653049543,0.226623131,0.250734371
1789402399.643412828,-0.421184946652,-0.145342561531,-0.150118092086,-0.677302250,0.653456403,0.226557961,0.250854306
1789402399.676757812,-0.424457001188,-0.144733652803,-0.151912405782,-0.674804768,0.655467641,0.227719119,0.251286093
1789402399.710103035,-0.427373590367,-0.144165464639,-0.153417432732,-0.671708793,0.657119007,0.230798488,0.252455871
1789402399.743448973,-0.429891418554,-0.143657405232,-0.154882152173,-0.667563274,0.656546792,0.239860062,0.256461959
1789402399.776796103,-0.432248166525,-0.143260824116,-0.156607416693,-0.665551023,0.655887184,0.246219175,0.257351812
1789402399.810142994,-0.434658786319,-0.143086939898,-0.158645539417,-0.665760540,0.655345248,0.246769905,0.257662809
1789402399.843489885,-0.437025334777,-0.143146460006,-0.160790781739,-0.665956810,0.655941685,0.243859414,0.258407855
1789402399.876836300,-0.439145646557,-0.143286068399,-0.162968132572,-0.665582851,0.655488059,0.243783789,0.260584606
1789402399.910183191,-0.440909930316,-0.143410412649,-0.165091160861,-0.666037492,0.653943271,0.244113143,0.262984850
1789402399.943530083,-0.442356575737,-0.143439932246,-0.167109335327,-0.666235306,0.653689819,0.242541108,0.264563695
1789402399.976876020,-0.443428912985,-0.143172789997,-0.168919772619,-0.667874888,0.653711824,0.238459731,0.264085104
1789402400.010222912,-0.443921541124,-0.142554501430,-0.170304774671,-0.669635789,0.653919070,0.232870067,0.264100911
1789402400.043569803,-0.443571777000,-0.141644129669,-0.171067081244,-0.670618805,0.653944242,0.229013490,0.264915399
1789402400.076916695,-0.442395456489,-0.140532361219,-0.171220400308,-0.671384691,0.653700683,0.229610264,0.263053495
1789402400.110262632,-0.440662771801,-0.139497183188,-0.170733551590,-0.670513282,0.654417547,0.233724025,0.259851291
1789402400.143609285,-0.438656648095,-0.138772665913,-0.169768724889,-0.668292534,0.657120790,0.237158986,0.255603153
1789402400.176956415,-0.436443309798,-0.138354041473,-0.168781802696,-0.667179822,0.660378718,0.238856227,0.248432560
1789402400.210303307,-0.434008591346,-0.138135050570,-0.168090098014,-0.667217795,0.662104863,0.240910308,0.241660479
1789402400.243649006,-0.431588111307,-0.137985627785,-0.167746999583,-0.668250134,0.661854811,0.243152133,0.237206677
1789402400.276995897,-0.429510234005,-0.137842057850,-0.167620252416,-0.670547318,0.660486941,0.243619277,0.234036200
1789402400.310342550,-0.427913352582,-0.137739257348,-0.167554491588,-0.672324615,0.660593552,0.241292084,0.231027924
1789402400.343688250,-0.426655223918,-0.137652005821,-0.167471758954,-0.673234026,0.661842478,0.236838543,0.229407902
1789402400.377035141,-0.425460086637,-0.137452574432,-0.167403292332,-0.674950819,0.662545855,0.231463288,0.227813801
1789402400.410381794,-0.424137029919,-0.137098821960,-0.167383588222,-0.676406005,0.663450806,0.227038739,0.225302807
1789402400.443728447,-0.422608098857,-0.136652411596,-0.167392336191,-0.677713693,0.664090714,0.224146973,0.222364136
1789402400.477074146,-0.420902709102,-0.136185337389,-0.167421912811,-0.679674030,0.663985645,0.222821300,0.217983819
1789402400.510420799,-0.419136989444,-0.135825167008,-0.167398376357,-0.681163100,0.663278195,0.223413586,0.214860971
1789402400.543767691,-0.417369171204,-0.135685131176,-0.167334253425,-0.682082738,0.663670805,0.222513725,0.211640837
1789402400.577114344,-0.415464224635,-0.135708169500,-0.167460260314,-0.683537179,0.664791453,0.218613526,0.207454512
1789402400.610460043,-0.413252334570,-0.135705541441,-0.168006561335,-0.688314718,0.664428923,0.211054264,0.200532175
1789402400.643806458,-0.410718737880,-0.135626589311,-0.168814494801,-0.694654436,0.662683031,0.204583491,0.190924094
1789402400.677153111,-0.408052494705,-0.135559717869,-0.169416731133,-0.697866990,0.660428013,0.205952991,0.185472016
1789402400.710498810,-0.405606931562,-0.135546545279,-0.169525056020,-0.699338769,0.658498658,0.209884785,0.182354545
1789402400.743844032,-0.403662945532,-0.135620944379,-0.169114636199,-0.699170692,0.659012310,0.211826345,0.178865084
1789402400.777189493,-0.402196978482,-0.135853235845,-0.168312892967,-0.697078257,0.661586198,0.212905324,0.176229763
1789402400.810534716,-0.400966285448,-0.136239625423,-0.167439602876,-0.694197273,0.664743292,0.213998751,0.174387604
1789402400.843878984,-0.399680837630,-0.136654025973,-0.166872468373,-0.692949067,0.666360325,0.215147255,0.171747390
1789402400.877224207,-0.398271368439,-0.137013826341,-0.166782408679,-0.693935404,0.665788561,0.216572213,0.168153870
1789402400.910569429,-0.396955452575,-0.137328287907,-0.167077723350,-0.696143598,0.663871651,0.217734376,0.165076538
1789402400.943913460,-0.395901833953,-0.137622806700,-0.167527229987,-0.698669269,0.661591372,0.217872718,0.163369481
1789402400.977258444,-0.395181615920,-0.137889765346,-0.167967249854,-0.700484428,0.660525291,0.216603132,0.161588952
1789402401.010603666,-0.394773068121,-0.138093590716,-0.168323723233,-0.701699535,0.660172953,0.214829637,0.160117648
1789402401.043948650,-0.394500703232,-0.138185528265,-0.168609363983,-0.701979598,0.660282792,0.213932524,0.159637573
1789402401.077292919,-0.394203765184,-0.138132401000,-0.168943441143,-0.701902972,0.660825752,0.213336530,0.158521511
1789402401.110637903,-0.393881724462,-0.137893641906,-0.169428535769,-0.702564209,0.660810142,0.212611383,0.156620203
1789402401.143982887,-0.393554667546,-0.137544585628,-0.170090823193,-0.703694405,0.659973358,0.212392789,0.155366194
1789402401.177327871,-0.393324794970,-0.137170759838,-0.170882086310,-0.705134204,0.658696742,0.212016895,0.154768194
1789402401.210671902,-0.393281826222,-0.136808565580,-0.171646096372,-0.706695475,0.657345677,0.210881455,0.154942501
1789402401.244016647,-0.393454730021,-0.136451736270,-0.172229263980,-0.707683589,0.656381575,0.209609837,0.156239825
1789402401.277361631,-0.393826844708,-0.136079730723,-0.172576949677,-0.707796891,0.656241291,0.208745722,0.157467941
1789402401.310705423,-0.394313140382,-0.135664810610,-0.172763552585,-0.707504681,0.656431199,0.207833603,0.159186683
1789402401.344049931,-0.394727139478,-0.135175942763,-0.172917789627,-0.707719930,0.656204012,0.206485612,0.160911428
1789402401.377394915,-0.394964852832,-0.134617712371,-0.173102630725,-0.708284065,0.655851480,0.205121029,0.161610279
1789402401.410739660,-0.395119520051,-0.134005495326,-0.173234051760,-0.709121641,0.655504427,0.203821925,0.160987788
1789402401.444083214,-0.395299261144,-0.133492265536,-0.173229846346,-0.709195907,0.655663992,0.203186042,0.160814574
1789402401.477427959,-0.395519106319,-0.133194282445,-0.173110798583,-0.708049324,0.656914989,0.202809706,0.161236086
1789402401.510772705,-0.395690743988,-0.133069508280,-0.173015030451,-0.707229468,0.657899371,0.202352529,0.161395015
1789402401.544117212,-0.395747035221,-0.133013201063,-0.173131265908,-0.707423196,0.657746005,0.201982689,0.161634182
1789402401.577461004,-0.395715061448,-0.133013949334,-0.173483067102,-0.708439623,0.656819225,0.201734111,0.161261136
1789402401.610805511,-0.395729762380,-0.133111924703,-0.173937681455,-0.709377727,0.655823469,0.201815589,0.161087820
1789402401.644150019,-0.395910025647,-0.133321854873,-0.174393432058,-0.709728123,0.655234862,0.201429046,0.162418000
1789402401.677493334,-0.396262646828,-0.133630606702,-0.174820286602,-0.709621853,0.655517711,0.200132530,0.163341135
1789402401.710837841,-0.396688570076,-0.133979295071,-0.175262107561,-0.709114469,0.655730115,0.200110463,0.164713355
1789402401.744188786,-0.397018857522,-0.134336848147,-0.175831392765,-0.708410745,0.655517430,0.201045514,0.167427047
1789402401.777539492,-0.397090136128,-0.134692833723,-0.176652787483,-0.708705537,0.655178588,0.200031434,0.168715457
1789402401.810889244,-0.396802876859,-0.135031538206,-0.177726643166,-0.710433630,0.654237682,0.197030742,0.168629771
1789402401.844239950,-0.396104192637,-0.135368469508,-0.178865997597,-0.712297237,0.652885108,0.194399027,0.169064189
1789402401.877590895,-0.394993570908,-0.135735845340,-0.179863762192,-0.713613912,0.651783230,0.192456408,0.169983342
1789402401.910941601,-0.393475743550,-0.136174837698,-0.180562303294,-0.714782417,0.650824273,0.190213640,0.171267726
1789402401.944291353,-0.391594085542,-0.136730103550,-0.180791006114,-0.714744087,0.651253983,0.187523331,0.172754568
1789402401.977642059,-0.389272087332,-0.137448222227,-0.180474488701,-0.713476025,0.653057693,0.183995043,0.174966956
1789402402.010993004,-0.386350062050,-0.138343136419,-0.179738891370,-0.711714041,0.656563542,0.178181872,0.175039020
1789402402.044342518,-0.382691952762,-0.139351720226,-0.178799144032,-0.710904048,0.660159562,0.170498521,0.172438517
1789402402.077693462,-0.378179372144,-0.140477428687,-0.177805573651,-0.711091771,0.662488348,0.163717154,0.169276033
1789402402.111043930,-0.372812057492,-0.141653371932,-0.176855711444,-0.711392316,0.663543302,0.159312525,0.168079677
1789402402.144394875,-0.366661707990,-0.142704269281,-0.176015278596,-0.712752329,0.662727988,0.156089352,0.168558136
1789402402.177744627,-0.359919915245,-0.143513289118,-0.175355167069,-0.715906705,0.660619226,0.150860484,0.168228839
1789402402.211095333,-0.352789888541,-0.144137324254,-0.174905025024,-0.718775021,0.660265388,0.142350470,0.164767805
1789402402.244446039,-0.345281954176,-0.144557928229,-0.174493336919,-0.720644899,0.659845984,0.135158797,0.164335955
1789402402.277795553,-0.337376603633,-0.144644509561,-0.174005890057,-0.720598172,0.659531388,0.130033552,0.169846687
1789402402.311146498,-0.329090727662,-0.144156475719,-0.173649448568,-0.720204469,0.660402469,0.122530933,0.173667130
1789402402.344496965,-0.320307731989,-0.142815583939,-0.173566704546,-0.723081094,0.659185569,0.112510525,0.173117010
1789402402.377847672,-0.310899232435,-0.140649934867,-0.173585446594,-0.726795562,0.657320562,0.102818541,0.170664107
1789402402.411197424,-0.300929128860,-0.137961556288,-0.173498437389,-0.729830114,0.656113382,0.097181478,0.165586818
1789402402.444548130,-0.290576823950,-0.134886312618,-0.173146732820,-0.732132746,0.654602516,0.097657034,0.161059902
1789402402.477898836,-0.280077872925,-0.131499589451,-0.172398266771,-0.732428219,0.653972726,0.102228703,0.159429827
1789402402.511249542,-0.269678669146,-0.127879462366,-0.171247010961,-0.731453756,0.654238319,0.108847022,0.158429641
1789402402.544599056,-0.259495103000,-0.124065652287,-0.169800131719,-0.729067744,0.656471364,0.115808108,0.155222601
1789402402.577950001,-0.249559544564,-0.120188211920,-0.168276885607,-0.725855251,0.659854806,0.121561946,0.151487565
1789402402.611300468,-0.239934590925,-0.116300123177,-0.166968826608,-0.722588064,0.662834716,0.126455005,0.150085847
1789402402.644650221,-0.230497726465,-0.112347851108,-0.165920253076,-0.720412706,0.665132214,0.132952472,0.144666208
1789402402.678000689,-0.221343202107,-0.108262120063,-0.165173753266,-0.720325096,0.664803762,0.141660114,0.138203207
1789402402.711351633,-0.212656534967,-0.104226455888,-0.164647666411,-0.720203019,0.664102347,0.147936129,0.135611890
1789402402.744701624,-0.204617460914,-0.100346677794,-0.164350301049,-0.719614134,0.665055408,0.149668895,0.132121247
1789402402.778050900,-0.197290683677,-0.096491555518,-0.164227980368,-0.721048193,0.664099780,0.148861338,0.130004953
1789402402.811400890,-0.190699450707,-0.092641985487,-0.164157168541,-0.723149377,0.663259938,0.143334376,0.128827362
1789402402.844750881,-0.184890139691,-0.088807168486,-0.164034638494,-0.724445536,0.664035590,0.134717957,0.126832461
1789402402.878101110,-0.179847066455,-0.084860877486,-0.163716628007,-0.726134755,0.663408069,0.128069962,0.127342597
1789402402.911449909,-0.175480266767,-0.080738910533,-0.163104003228,-0.726522923,0.664223580,0.121238034,0.127564949
1789402402.944800138,-0.171685597307,-0.076456749961,-0.162243686571,-0.725924025,0.665989705,0.114244144,0.128219728
1789402402.978150129,-0.168310219229,-0.072041386436,-0.161203761037,-0.725350752,0.667509266,0.107727381,0.129199372
1789402403.011499166,-0.165191361729,-0.067517593152,-0.160074620325,-0.723637777,0.670146418,0.102231549,0.129618114
1789402403.044849396,-0.162154999639,-0.062869827107,-0.158957074713,-0.721939873,0.671986843,0.099359195,0.131773491
1789402403.078199387,-0.159157320680,-0.058084230229,-0.157996417359,-0.721222513,0.672941919,0.095248627,0.133846774
1789402403.111549616,-0.156210744363,-0.053156574341,-0.157244768149,-0.720589895,0.674807694,0.088127578,0.132733983
1789402403.144898653,-0.153177409407,-0.048004278122,-0.156627450469,-0.721019191,0.675241660,0.082817483,0.131610373
1789402403.178248882,-0.149966309623,-0.042574875992,-0.155956552780,-0.723043518,0.673314137,0.079700612,0.132302519
1789402403.211598873,-0.146774903419,-0.037117702495,-0.155064276711,-0.724510025,0.672919017,0.073930056,0.129613147
1789402403.244948626,-0.143801516425,-0.031953079988,-0.153874182410,-0.724034085,0.674982245,0.068072390,0.124658582
1789402403.278297901,-0.140995268568,-0.027146517714,-0.152306814581,-0.722841147,0.676449853,0.068294938,0.123499289
1789402403.311647892,-0.138388159088,-0.022748705363,-0.150393701611,-0.721484183,0.677491621,0.071463795,0.123929830
1789402403.344998121,-0.136172964525,-0.018852379798,-0.148203293810,-0.720366152,0.678931466,0.072672577,0.121833364
1789402403.378347158,-0.134557877500,-0.015470120854,-0.145808080397,-0.720419103,0.679674184,0.071828371,0.117813433
1789402403.411696911,-0.133678391977,-0.012593592003,-0.143212207584,-0.721303954,0.679475224,0.069101980,0.115147479
1789402403.445047140,-0.133565901628,-0.010239751517,-0.140334729713,-0.722521842,0.678651213,0.066007960,0.114182608
1789402403.478397131,-0.134118804502,-0.008393674612,-0.137087673432,-0.723628957,0.677338161,0.064795316,0.115653426
1789402403.511746407,-0.135172907943,-0.006996511471,-0.133433533563,-0.723703154,0.676707732,0.064899129,0.118779178
1789402403.545096159,-0.136533234285,-0.005895035153,-0.129476389079,-0.722440263,0.677617098,0.064085208,0.121689033
1789402403.578446388,-0.137962780216,-0.004901651481,-0.125458408124,-0.720275981,0.679702453,0.060923597,0.124480528
1789402403.611795425,-0.139299615778,-0.003872950194,-0.121629012715,-0.718533727,0.681216612,0.057105066,0.128032118
1789402403.645145178,-0.140495499797,-0.002717239394,-0.118070367106,-0.717448356,0.682001936,0.053681118,0.131375615
1789402403.678495407,-0.141524121166,-0.001410654465,-0.114707125416,-0.716465860,0.682385338,0.052029906,0.135350698
1789402403.711845398,-0.142353766537,-0.000072555735,-0.111496838853,-0.714261634,0.683932603,0.051862410,0.139200587
1789402403.745192528,-0.142979916759,0.001225297437,-0.108630472267,-0.711171320,0.686527403,0.052164793,0.142106699
1789402403.778540850,-0.143369181201,0.002602120186,-0.106331021283,-0.709530478,0.687679763,0.052739264,0.144504724
1789402403.811889172,-0.143571642163,0.004109753593,-0.104608466405,-0.709630614,0.687413200,0.052384385,0.145407566
1789402403.845237255,-0.143683762520,0.005611109492,-0.103190304270,-0.710021229,0.686798144,0.052014180,0.146535620
1789402403.878584385,-0.143758669609,0.006994990949,-0.101693302891,-0.709226432,0.687211749,0.052721496,0.148183417
1789402403.911932707,-0.143809959100,0.008234778177,-0.099970066858,-0.706541473,0.689561771,0.054106424,0.149586782
1789402403.945280790,-0.143774023315,0.009497402557,-0.098139711169,-0.703436989,0.692405032,0.055581674,0.150540200
1789402403.978627920,-0.143549951268,0.010934725674,-0.096398646786,-0.701067101,0.694712827,0.056906114,0.150468277
1789402404.011975765,-0.143108684636,0.012687441163,-0.094825396094,-0.699190398,0.696776683,0.058182867,0.149163653
1789402404.045324087,-0.142524256296,0.014825631535,-0.093400279698,-0.697530426,0.698539059,0.060321382,0.147837139
1789402404.078672171,-0.141909521309,0.017369933133,-0.092038878491,-0.696014782,0.699637378,0.063737408,0.148352640
1789402404.112019062,-0.141421649751,0.020348995146,-0.090678433151,-0.694467961,0.701137258,0.065074646,0.147939472
1789402404.145366907,-0.141149725002,0.023670018060,-0.089230719243,-0.693494727,0.702574073,0.063129433,0.146524432
1789402404.178714991,-0.140936949072,0.026429345481,-0.087782732865,-0.691789571,0.704781464,0.060829467,0.144948451
1789402404.212063074,-0.140682119970,0.027703493381,-0.087058816491,-0.686955378,0.709842112,0.060152443,0.143520619
1789402404.245409966,-0.140417977857,0.028065596514,-0.087355454031,-0.692713161,0.704646669,0.060587825,0.141246823
1789402404.278757811,-0.140372784122,0.028158566299,-0.087756424512,-0.693894227,0.703273303,0.060681604,0.142250509
1789402404.312105656,-0.140524037441,0.028105145979,-0.087595835319,-0.692663295,0.704161650,0.060818426,0.143788213
1789402404.345452309,-0.140738370560,0.027973043262,-0.087058678010,-0.690710583,0.705741112,0.061373506,0.145195272
1789402404.378800392,-0.140897974432,0.027840789923,-0.086645549653,-0.688685192,0.707681366,0.060888673,0.145575958
1789402404.412148237,-0.140919155266,0.027817872084,-0.086641159576,-0.689354474,0.707025210,0.060706634,0.145672464
1789402404.445495844,-0.140818006853,0.027858866043,-0.086786628971,-0.690374118,0.706005554,0.061193631,0.145585280
1789402404.478842497,-0.140796878429,0.027872016344,-0.086816704194,-0.689711204,0.706698519,0.061542238,0.145217806
1789402404.512190342,-0.140932775416,0.027863070841,-0.086794267396,-0.689635973,0.706713925,0.060845125,0.145792743
1789402404.545538187,-0.141030661495,0.027868842624,-0.086753789116,-0.689476028,0.706874527,0.060771131,0.145801509
1789402404.578885794,-0.141032395669,0.027887119718,-0.086719228967,-0.689157347,0.707206591,0.061020916,0.145593396
1789402404.612232447,-0.141003512367,0.027908004833,-0.086739367379,-0.689559096,0.706785131,0.060829928,0.145817525
1789402404.645580053,-0.140925930099,0.027900971095,-0.086746068305,-0.689445990,0.706900541,0.060923468,0.145753843
1789402404.678927660,-0.140835797217,0.027863420168,-0.086761107209,-0.689320666,0.707057032,0.061243173,0.145453244
1789402404.712274075,-0.140778287137,0.027876091479,-0.086854515176,-0.689620405,0.706721740,0.060806342,0.145844672
1789402404.745625257,-0.140628623679,0.027964191886,-0.087100324956,-0.689533851,0.706876664,0.060794658,0.145507597
1789402404.778976202,-0.140322658630,0.028200922252,-0.087819512471,-0.688926118,0.707357805,0.061358322,0.145811164
1789402404.812327147,-0.139789810435,0.028735054872,-0.089397512113,-0.688632419,0.707207463,0.061636756,0.147796839
1789402404.845677137,-0.138924414378,0.029669268745,-0.092083869698,-0.688737253,0.707495626,0.061039103,0.146168273
1789402404.879028082,-0.137680820235,0.031009030712,-0.095901804923,-0.689106288,0.707630587,0.060315917,0.144060637
1789402404.912379265,-0.136116712634,0.032717554961,-0.100705781791,-0.689458878,0.707818515,0.059345512,0.141836227
1789402404.945729256,-0.134326324501,0.034729293860,-0.106284504745,-0.689816825,0.708036705,0.058456702,0.139354177
1789402404.979079962,-0.132442270974,0.036945981534,-0.112360490064,-0.690145150,0.708269770,0.057419787,0.136954639
1789402405.012431145,-0.130620172618,0.039266094552,-0.118691269742,-0.690582500,0.708617235,0.056032705,0.133483182
1789402405.045782328,-0.128965042984,0.041589653121,-0.125047468677,-0.691363913,0.708760381,0.054148690,0.129393130
1789402405.079132080,-0.127498067605,0.043808489192,-0.131128004219,-0.691480130,0.709470963,0.052288975,0.125586805
1789402405.112483263,-0.126206562637,0.045801309604,-0.136659618837,-0.692223498,0.709324723,0.051021139,0.122808424
1789402405.145833969,-0.125109075934,0.047451619443,-0.141369974897,-0.692239822,0.709821757,0.049765736,0.120334837
1789402405.179185152,-0.124238575970,0.048708957486,-0.144998262268,-0.692843348,0.709775922,0.048646092,0.117557613
1789402405.212535143,-0.123624083329,0.049531568775,-0.147379012689,-0.692910048,0.710445762,0.046885184,0.113772862
1789402405.245886087,-0.123241266038,0.049909421012,-0.148503250604,-0.693282444,0.710592724,0.045851276,0.110973392
1789402405.279237032,-0.123012826327,0.049951369245,-0.148512082617,-0.693092993,0.710843371,0.045884154,0.110537095
1789402405.312587261,-0.122649081520,0.049755027855,-0.147836432229,-0.690760240,0.713068396,0.045367796,0.111020346
1789402405.345937967,-0.121754186574,0.049514543057,-0.147093066792,-0.689204698,0.714817867,0.046319569,0.109026596
1789402405.379289150,-0.120318828525,0.049392173865,-0.146605076843,-0.693632990,0.713243765,0.039042873,0.092909959
1789402405.412640095,-0.118188052897,0.049272947664,-0.146043657569,-0.696278529,0.714547289,0.022881874,0.063990639
1789402405.445990086,-0.114974570861,0.049023347914,-0.145170248344,-0.696823317,0.716636793,0.010227796,0.027647157
1789402405.479341030,-0.110971169556,0.048710869804,-0.144138024434,-0.698766541,0.714890988,-0.013879013,-0.021530679
1789402405.512692213,-0.106356039642,0.048271100625,-0.142866321050,-0.693024150,0.715688518,-0.036692363,-0.078492950
1789402405.546042919,-0.101608749024,0.047618749868,-0.141132347984,-0.690136872,0.708564311,-0.059079797,-0.134748995
1789402405.579393148,-0.097418922783,0.046750051219,-0.138766495807,-0.680496423,0.705145866,-0.078938391,-0.182928010
1789402405.612743855,-0.094211307212,0.045788901581,-0.136302900846,-0.673189800,0.701263615,-0.088930436,-0.217108758
1789402405.646095037,-0.092414493515,0.044794637721,-0.133754973921,-0.666909419,0.695102114,-0.103651445,-0.247631289
1789402405.679445028,-0.091811870585,0.043906371868,-0.131346268449,-0.661698541,0.689715013,-0.117350616,-0.269586858
1789402405.712795973,-0.091584752459,0.043249113239,-0.129493477255,-0.658035215,0.685312365,-0.126570791,-0.285160398
1789402405.746145964,-0.091224200031,0.042760494131,-0.128276544987,-0.655495562,0.681884787,-0.131937303,-0.296565766
1789402405.779496193,-0.090580974381,0.042402720149,-0.127474352867,-0.653425416,0.679710715,-0.135048055,-0.304615483
1789402405.812844992,-0.089701848218,0.042109958957,-0.126926197699,-0.651200315,0.679687165,-0.135165435,-0.309344164
1789402405.846194983,-0.088755049532,0.041855654080,-0.126541202318,-0.649905884,0.679076600,-0.134644303,-0.313605204
1789402405.879545212,-0.087906855022,0.041617965266,-0.126132918046,-0.649084025,0.677255783,-0.135723870,-0.318737453
1789402405.912895203,-0.086950576526,0.041315195883,-0.125533025689,-0.648854949,0.675152697,-0.139222340,-0.322138528
1789402405.946244240,-0.085355274885,0.040932120139,-0.124515000670,-0.649188925,0.673058363,-0.143971516,-0.323756672
1789402405.979594231,-0.082601297365,0.040470686286,-0.123032330012,-0.648147286,0.671777468,-0.146082312,-0.327536390
1789402406.012944221,-0.078722953122,0.039863347233,-0.121098835439,-0.645133819,0.670792012,-0.146761549,-0.335114130
1789402406.046293497,-0.074098940378,0.039083265990,-0.118687842589,-0.642894330,0.668287396,-0.149693559,-0.343031594
1789402406.079643488,-0.068854055523,0.038158092098,-0.115827065575,-0.641089654,0.666226157,-0.153403424,-0.348732207
1789402406.112993717,-0.062929214559,0.037127520636,-0.112701008014,-0.639759161,0.665587666,-0.154345067,-0.351964309
1789402406.146343708,-0.056497662809,0.036028074029,-0.109501599704,-0.638273547,0.664456539,-0.155250704,-0.356372846
1789402406.179692984,-0.049832920761,0.034905185007,-0.106300285662,-0.636833582,0.662736991,-0.157159113,-0.361280615
1789402406.213042974,-0.043161732995,0.033814610625,-0.103147407410,-0.634335804,0.661381517,-0.158963734,-0.367318810
1789402406.246392965,-0.036646860303,0.032740750895,-0.100163557587,-0.631954324,0.659070075,-0.161610172,-0.374356142
1789402406.279742241,-0.030217735392,0.031698171072,-0.097299877600,-0.631847655,0.655785375,-0.165879292,-0.378415305
1789402406.313092232,-0.023926335006,0.030607913855,-0.094375359290,-0.630953865,0.655887902,-0.166617329,-0.379403408
1789402406.346442461,-0.017586293917,0.029539091958,-0.091615551280,-0.629282514,0.656562149,-0.165691376,-0.381413201
1789402406.379792690,-0.011295937500,0.028571957991,-0.089095228027,-0.628534261,0.653893426,-0.167728755,-0.386309636
1789402406.413141727,-0.005146269034,0.027634517065,-0.086597305183,-0.626954652,0.652073546,-0.170474650,-0.390725413
1789402406.446491957,0.000955767100,0.026652466921,-0.084124871568,-0.625863208,0.652115568,-0.171079085,-0.392138339
1789402406.479841948,0.007017678171,0.025694667930,-0.081795077830,-0.625853584,0.651829694,-0.170933023,-0.392692301
1789402406.513192415,0.012997165559,0.024763777359,-0.079599431834,-0.625379854,0.650519215,-0.172423675,-0.394961854
1789402406.546541452,0.018908641957,0.023821884925,-0.077438408512,-0.624790112,0.649327360,-0.173902574,-0.397201701
1789402406.579891920,0.024750452736,0.022862676065,-0.075247010188,-0.623547759,0.648559801,-0.174955135,-0.399936341
1789402406.613241911,0.030501832496,0.021886830147,-0.073047944777,-0.623041856,0.647356057,-0.176551779,-0.401968221
1789402406.646590948,0.036158312638,0.020939900993,-0.070854966521,-0.622256117,0.646066067,-0.178248282,-0.404504032
1789402406.679941416,0.041685003864,0.020055559480,-0.068655316796,-0.620632061,0.645064188,-0.179186324,-0.408166999
1789402406.713291645,0.046993363935,0.019226884572,-0.066528072416,-0.619954692,0.644058554,-0.180382813,-0.410252118
1789402406.746646166,0.052077670278,0.018411040860,-0.064561320456,-0.619679086,0.643618209,-0.181145469,-0.411022811
1789402406.779999733,0.056971645962,0.017650954860,-0.062798196708,-0.619811458,0.642971480,-0.181737723,-0.411573604
1789402406.813354254,0.061763069628,0.017008018266,-0.061073728192,-0.619283421,0.642714459,-0.182268525,-0.412534063
1789402406.846709013,0.066474059484,0.016461051780,-0.059449098424,-0.618778306,0.643232445,-0.182048560,-0.412581813
1789402406.880063772,0.070986586759,0.016010868541,-0.058011973553,-0.618553623,0.642692208,-0.182284663,-0.413654981
1789402406.913417578,0.075196015774,0.015586878422,-0.056778284346,-0.618262523,0.640948881,-0.183759577,-0.416135076
1789402406.946772575,0.079179868885,0.015157074309,-0.055615255853,-0.616610107,0.640228977,-0.184724362,-0.419256179
1789402406.980127335,0.082918802657,0.014745657338,-0.054526530441,-0.615210536,0.639839334,-0.185007994,-0.421774425
1789402407.013481379,0.086276562493,0.014360798186,-0.053490595536,-0.614538625,0.638240701,-0.186357144,-0.424572846
1789402407.046836615,0.089206172988,0.013991794585,-0.052452884154,-0.613994494,0.636955507,-0.188285157,-0.426435392
1789402407.080191612,0.091805684820,0.013621367834,-0.051489868672,-0.613844146,0.637498244,-0.188473437,-0.425757110
1789402407.113546848,0.094046018865,0.013311139236,-0.050715358930,-0.613586983,0.637817972,-0.188140044,-0.425796399
1789402407.146901131,0.095812677050,0.013124829115,-0.050164583311,-0.613626172,0.636614511,-0.188658235,-0.427308970
1789402407.180256605,0.097042174778,0.012997326295,-0.049750171567,-0.612858437,0.635980536,-0.189229631,-0.429098405
1789402407.213612080,0.097854064790,0.012903951982,-0.049399810698,-0.612693638,0.636087227,-0.189791517,-0.428927413
1789402407.246967554,0.098478670747,0.012873374293,-0.049163625156,-0.613755128,0.636246998,-0.190037324,-0.427059967
1789402407.280322075,0.099009103661,0.012880687352,-0.049082643219,-0.613765901,0.636378654,-0.189434929,-0.427115950
1789402407.313677788,0.099441621245,0.012887612255,-0.048994322382,-0.613204631,0.635564864,-0.189589995,-0.429060622
1789402407.347033501,0.099847276295,0.012850615966,-0.048665911441,-0.612578217,0.634704432,-0.190935052,-0.430629792
1789402407.380388260,0.100283667013,0.012740052717,-0.048238114420,-0.611685359,0.634969742,-0.191659860,-0.431185513
1789402407.413743973,0.100406200744,0.012632691523,-0.048164858624,-0.612199860,0.634011895,-0.192654765,-0.431421359
1789402407.447099924,0.100837247286,0.012560487811,-0.048083157053,-0.611718111,0.633516681,-0.192921482,-0.432711069
1789402407.480455875,0.101704011194,0.012434406345,-0.047891478918,-0.611055368,0.634102266,-0.192198652,-0.433111224
1789402407.513810873,0.102868698489,0.012302462108,-0.047707783863,-0.611835653,0.634034508,-0.191744108,-0.432309580
1789402407.547167063,0.104345943584,0.012190228362,-0.047424760085,-0.611963585,0.633691960,-0.191804824,-0.432603722
1789402407.580523014,0.106182269449,0.012013421305,-0.046956911573,-0.611217253,0.633682526,-0.192069319,-0.433554267
1789402407.613878250,0.108288315611,0.011809040226,-0.046410862470,-0.611197162,0.633697269,-0.192179993,-0.433511996
1789402407.647234678,0.110492062302,0.011658003151,-0.045927846380,-0.610671492,0.633289200,-0.192324828,-0.434783025
1789402407.680590868,0.112641076151,0.011531235031,-0.045548056678,-0.609827077,0.632798869,-0.192389816,-0.436649386
1789402407.713947296,0.114492810174,0.011381373041,-0.045215963958,-0.609463475,0.632538582,-0.192415853,-0.437521832
1789402407.747297287,0.115840796864,0.011196987654,-0.044846095675,-0.609342500,0.632584838,-0.192319336,-0.437665870
1789402407.780648232,0.116618968246,0.010975274870,-0.044448625938,-0.609530925,0.633793493,-0.191927653,-0.435822941
1789402407.813999176,0.116963571171,0.010812540169,-0.044256334355,-0.611818169,0.635960059,-0.191388202,-0.429655546
1789402407.847350359,0.117111197621,0.010786826387,-0.044353714186,-0.615380392,0.636630505,-0.190376318,-0.423987535
1789402407.880700111,0.117065738017,0.010803376568,-0.044572628633,-0.615060439,0.636973669,-0.189470334,-0.424342073
1789402407.914051294,0.116804790913,0.010913265454,-0.044926658814,-0.617159683,0.638711756,-0.186744046,-0.419866502
1789402407.947402239,0.116313963297,0.011095668101,-0.045481555604,-0.620963857,0.644100039,-0.181240384,-0.408278032
1789402407.980752468,0.115430782533,0.011338745764,-0.046221138400,-0.626483873,0.648916113,-0.175703549,-0.394403471
1789402408.014103413,0.114271705944,0.011625475190,-0.046983071741,-0.634086180,0.653883969,-0.168915131,-0.376614060
1789402408.047454357,0.113133892868,0.011838910082,-0.047475562308,-0.641580046,0.660912555,-0.160671353,-0.354618606
1789402408.080805302,0.112242496431,0.011963127940,-0.047695966358,-0.648458636,0.668488729,-0.150755072,-0.331507353
1789402408.114155531,0.111575009471,0.012066215813,-0.047796591978,-0.653938183,0.673618626,-0.142840551,-0.313367798
1789402408.147506475,0.111045171369,0.012193632586,-0.047858413606,-0.657626040,0.677562633,-0.136762081,-0.299554676
1789402408.180857658,0.110736245353,0.012371127589,-0.047974279917,-0.661918280,0.681755980,-0.129288986,-0.283473690
1789402408.214208841,0.110638828719,0.012568491454,-0.048134195639,-0.666502887,0.686599331,-0.120615968,-0.264210237
1789402408.247558832,0.110585046044,0.012775518136,-0.048362512780,-0.671113414,0.691112948,-0.111713358,-0.243905318
1789402408.280910015,0.110461936260,0.012986838425,-0.048638054932,-0.675194514,0.695160771,-0.103133668,-0.224114516
1789402408.314260960,0.110230379108,0.013181466236,-0.048944748271,-0.678493371,0.698617815,-0.095245506,-0.206175138
1789402408.347611189,0.109899474832,0.013367348972,-0.049293942611,-0.681753089,0.701950781,-0.086749481,-0.186955486
1789402408.380962133,0.109621262543,0.013546277391,-0.049662655253,-0.685264586,0.705280002,-0.077129414,-0.164449446
1789402408.414313316,0.109557196734,0.013741193496,-0.050031195064,-0.688613682,0.708809854,-0.065373396,-0.138297168
1789402408.447664261,0.109606487986,0.013961466829,-0.050392759888,-0.691692141,0.711576970,-0.053452035,-0.111189380
1789402408.481014490,0.109677949807,0.014212268169,-0.050784521442,-0.693918553,0.713676491,-0.042205655,-0.085799713
1789402408.514365435,0.109863384337,0.014480927305,-0.051289094758,-0.695537570,0.715404795,-0.030551364,-0.059076918
1789402408.547716618,0.110158270743,0.014753542837,-0.051888168416,-0.697051145,0.716024690,-0.018859573,-0.032751521
1789402408.581067562,0.110428876429,0.014981648228,-0.052435096567,-0.697576051,0.716356520,-0.009526594,-0.011412026
1789402408.614417791,0.110584739547,0.015125664180,-0.052821668020,-0.697570364,0.716503450,-0.003143025,0.002917978
1789402408.647768736,0.110645001149,0.015176721542,-0.052995074879,-0.697794400,0.716160098,0.001718521,0.013954778
1789402408.681120157,0.110689689845,0.015116785038,-0.052869506916,-0.697371010,0.716349462,0.005388008,0.022092790
1789402408.714470148,0.110805764038,0.014959418263,-0.052451509145,-0.696847986,0.716577118,0.008737822,0.029047711
1789402408.747820854,0.110907215282,0.014757835776,-0.051858742958,-0.696255908,0.716892278,0.011237748,0.034159699
1789402408.781171560,0.110654431514,0.014529861310,-0.051291539766,-0.695806649,0.717190846,0.011870087,0.036735522
1789402408.814522266,0.110425283013,0.014240998767,-0.050448183021,-0.695459616,0.717306555,0.013407565,0.040341851
1789402408.847872019,0.110204229785,0.013833483485,-0.049122106759,-0.695642413,0.716708525,0.016195005,0.046349168
1789402408.881222725,0.109764574756,0.013224136394,-0.047170395288,-0.695840210,0.716168685,0.018373770,0.050707212
1789402408.914573193,0.109042569341,0.012355719626,-0.044486346692,-0.695230282,0.716475198,0.019936058,0.054043494
1789402408.947923183,0.108070031441,0.011300676367,-0.041191575980,-0.694426191,0.716982575,0.021217799,0.057079391
1789402408.981273651,0.106942043674,0.010086885159,-0.037551540903,-0.693950288,0.717194822,0.022339838,0.059711946
1789402409.014624357,0.105774597807,0.008745177492,-0.033762698188,-0.693466305,0.717273833,0.024096331,0.063577508
1789402409.047975063,0.104649909085,0.007329187466,-0.029819718975,-0.693723537,0.716532125,0.026476864,0.068031931
1789402409.081324816,0.103568947632,0.005852652208,-0.025609602975,-0.693308035,0.716522017,0.028207852,0.071585513
1789402409.114675283,0.102436699653,0.004244707250,-0.021163257122,-0.692984548,0.716511429,0.029789020,0.074137730
1789402409.148026228,0.101187495268,0.002568398390,-0.016534675127,-0.692804623,0.716659701,0.030105585,0.074258209
1789402409.181376696,0.099838647426,0.000871726249,-0.011789519085,-0.692303617,0.716890448,0.031098070,0.076267278
1789402409.214726210,0.098445516318,-0.000851084253,-0.006980199057,-0.692374605,0.716366423,0.032663872,0.079809938
1789402409.248076916,0.096972142935,-0.002600968450,-0.002064876634,-0.692722776,0.715564735,0.034416110,0.083173294
1789402409.281427622,0.095402666281,-0.004414498525,0.003088946697,-0.692735377,0.715288695,0.035537873,0.084951986
1789402409.314777374,0.093735005255,-0.006289056434,0.008438163846,-0.691704751,0.716109061,0.036292365,0.086111638
1789402409.348127842,0.092085937708,-0.008173021830,0.013833864410,-0.691151982,0.716249587,0.037647701,0.088758760
1789402409.381478548,0.090472960250,-0.010018784534,0.019202642409,-0.691418377,0.715498973,0.039251995,0.091984392
1789402409.414829254,0.088831104518,-0.011833789803,0.024473675596,-0.690820175,0.715784848,0.040146944,0.093849668
1789402409.448179007,0.087168811510,-0.013606120404,0.029655678773,-0.691440248,0.714872753,0.041113133,0.095796873
1789402409.481529474,0.085506546037,-0.015381290550,0.034829232598,-0.691577591,0.714329510,0.041901691,0.098478604
1789402409.514880180,0.083934372946,-0.017203325772,0.040002991132,-0.690539086,0.714698467,0.043604184,0.102276820
1789402409.548230648,0.082533222566,-0.018982203078,0.044975684106,-0.690003099,0.714862614,0.044713925,0.104248888
1789402409.581580400,0.081221705702,-0.020663014853,0.049802205206,-0.689838157,0.714643692,0.046127149,0.106207331
1789402409.614931107,0.079864200211,-0.022295131118,0.054493360379,-0.689601930,0.714500146,0.047123881,0.108249989
1789402409.648281813,0.078429252642,-0.023901872540,0.059045904151,-0.689317404,0.714319781,0.047877699,0.110889553
1789402409.681631327,0.076948296102,-0.025487249950,0.063530456722,-0.689844033,0.713230197,0.049276738,0.113972365
1789402409.714982033,0.075433423746,-0.027050992449,0.068054599409,-0.689461626,0.713420077,0.049605638,0.114951037
1789402409.748335361,0.073881401033,-0.028601558206,0.072499077257,-0.688344362,0.714469593,0.049692537,0.115090798
1789402409.781689167,0.072283308974,-0.030037609363,0.076657299435,-0.689011612,0.714185731,0.049113376,0.113091186
1789402409.815041780,0.070687464707,-0.031324716621,0.080474074838,-0.688989507,0.714448974,0.048273696,0.111918597
1789402409.848395586,0.069297180070,-0.032461929356,0.083783531389,-0.687465561,0.715588345,0.048279483,0.113989100
1789402409.881749153,0.068411066384,-0.033313889113,0.086217678724,-0.686372505,0.716046993,0.049111644,0.117292518
1789402409.915102720,0.068224280830,-0.033724566801,0.087404282878,-0.685549522,0.716337414,0.050291291,0.119805460
1789402409.948455572,0.068616138909,-0.033602352830,0.087141305046,-0.685893760,0.715883889,0.051881290,0.119868011
1789402409.981809378,0.068900714833,-0.033041904678,0.085671028969,-0.690940757,0.711064670,0.053757731,0.118735046
1789402410.015163183,0.068530718519,-0.032358937706,0.083865766837,-0.693275100,0.707385868,0.054591029,0.126470110
1789402410.048515797,0.068107712051,-0.031734981182,0.082011179740,-0.689093818,0.709775510,0.053872115,0.135890509
1789402410.081869602,0.068398160490,-0.030905818057,0.079517436909,-0.691349357,0.708605594,0.054299405,0.130252652
1789402410.115223408,0.069255094208,-0.029766874276,0.076271067016,-0.689933872,0.709303057,0.056405103,0.133037177
1789402410.148577452,0.070364413859,-0.028341596071,0.072132882518,-0.688864947,0.709107341,0.057882191,0.138857901
1789402410.181930065,0.071745868939,-0.026585745245,0.067095941425,-0.690707807,0.707338281,0.057885946,0.138724541
1789402410.215284109,0.073377239688,-0.024597747428,0.061543588487,-0.690250698,0.708033199,0.057358125,0.137669925
1789402410.248637915,0.075157605974,-0.022467082904,0.055682780880,-0.690893697,0.707821854,0.056625107,0.135822379
1789402410.281991005,0.077062446476,-0.020172569755,0.049456681460,-0.690687877,0.708313660,0.055773511,0.134652634
1789402410.315344810,0.079049843236,-0.017739673829,0.042890952990,-0.691047144,0.708552867,0.054831058,0.131909949
1789402410.348698616,0.081020297734,-0.015211586311,0.036002534722,-0.691220623,0.709191524,0.053179199,0.128192849
1789402410.382052660,0.082917922018,-0.012555424474,0.028724956422,-0.691400347,0.709370669,0.052316548,0.126577220
1789402410.415405750,0.084863968811,-0.009796025913,0.021029884412,-0.691235158,0.709495401,0.052129263,0.126857291
1789402410.448759794,0.087004053213,-0.006964975301,0.013030891082,-0.691641258,0.709062571,0.052136649,0.127060658
1789402410.482113838,0.089310488719,-0.004109697562,0.005000442079,-0.691570349,0.708823193,0.052907289,0.128456032
1789402410.515467882,0.091676370883,-0.001324971635,-0.002850335671,-0.691355453,0.709017608,0.052670048,0.128637222
1789402410.548820734,0.093985442225,0.001361826836,-0.010475410788,-0.691822434,0.709068132,0.051856826,0.126154560
1789402410.582174778,0.096164649165,0.003944798575,-0.017845925668,-0.691825707,0.709359913,0.051068437,0.124810737
1789402410.615528822,0.098230753188,0.006423552842,-0.024984012575,-0.692138523,0.709299556,0.050450510,0.123665480
1789402410.648882151,0.100264571688,0.008838949829,-0.031943349817,-0.692087446,0.709588815,0.049727645,0.122579937
1789402410.682236195,0.102334288646,0.011219371003,-0.038821407868,-0.692216564,0.709734259,0.048997017,0.121296340
1789402410.715590239,0.104478177676,0.013559225323,-0.045579789853,-0.692630773,0.709623126,0.048326623,0.119842265
1789402410.748942852,0.106670279545,0.015792705652,-0.052062672389,-0.692655673,0.710003950,0.047391770,0.117798686
1789402410.782294512,0.108847529676,0.017905289451,-0.058200588029,-0.693073345,0.710023081,0.046495067,0.115562850
1789402410.815646887,0.111007555503,0.019880843825,-0.063976142701,-0.693020884,0.710586865,0.045208682,0.112891703
1789402410.848999500,0.113120266248,0.021733309646,-0.069463884408,-0.693670640,0.710914562,0.042880065,0.107623552
1789402410.882352114,0.115051587376,0.023522090566,-0.074784617299,-0.694405998,0.711907251,0.038931021,0.097328059
1789402410.915703535,0.116730162306,0.025259289915,-0.079942149642,-0.694559556,0.712657656,0.036647602,0.091449666
1789402410.949056149,0.118274873855,0.026904568336,-0.084839292616,-0.694893504,0.712191224,0.036513335,0.092592952
1789402410.982408762,0.119694311854,0.028430648009,-0.089490131349,-0.694680578,0.712405619,0.036600479,0.092506941
1789402411.015760422,0.121039856605,0.029851583725,-0.093838304852,-0.694869363,0.712374594,0.036266413,0.091453558
1789402411.049113035,0.122289098138,0.031152945438,-0.097744461471,-0.694696389,0.712602509,0.035905321,0.091133963
1789402411.082465887,0.123416338073,0.032309372527,-0.101101530820,-0.694774913,0.712595804,0.035763152,0.090642365
1789402411.115818262,0.124383344127,0.033300870805,-0.103834936120,-0.694840606,0.712748196,0.035252225,0.089128124
1789402411.149170160,0.125074446180,0.034068688910,-0.105832093341,-0.694914440,0.712898767,0.034562016,0.087605574
1789402411.182522774,0.125457883955,0.034577158031,-0.107028081089,-0.695282521,0.712734293,0.034017530,0.086225586
1789402411.215875387,0.125552257870,0.034832151953,-0.107422824518,-0.695356316,0.712760095,0.033698446,0.085539790
1789402411.249228239,0.125408684563,0.034906276441,-0.107245165361,-0.694198341,0.713875373,0.033178999,0.085847360
1789402411.282580137,0.125253927562,0.034932006051,-0.107015620461,-0.694009785,0.714047447,0.032710196,0.086120300
1789402411.315932751,0.125225111887,0.034986977164,-0.106924347393,-0.694809256,0.713267708,0.032997209,0.086025915
1789402411.349285603,0.125056657699,0.035027811164,-0.106808665765,-0.694094304,0.714006884,0.033575139,0.085439904
1789402411.382637501,0.124438265981,0.035020761977,-0.106681621919,-0.693757134,0.713781809,0.034724627,0.089502895
1789402411.415990353,0.123174731101,0.034967169294,-0.106522151790,-0.693713999,0.711939818,0.040738350,0.101207559
1789402411.449342966,0.121111185384,0.034861167862,-0.106234753440,-0.691820845,0.710910297,0.047249021,0.117294494
1789402411.482695818,0.118332645949,0.034735004618,-0.105938918292,-0.690085687,0.708722422,0.055356661,0.135756817
1789402411.516047716,0.115179122628,0.034624245292,-0.105659022228,-0.687564975,0.705982951,0.064656502,0.157041444
1789402411.549400568,0.112018890024,0.034525412907,-0.105386233254,-0.684502071,0.703245512,0.072200970,0.178015967
1789402411.582753420,0.109299222565,0.034412243794,-0.105008265687,-0.681048480,0.699610028,0.081518226,0.200183805
1789402411.616105556,0.107371273495,0.034154269228,-0.104252416608,-0.676849748,0.695182220,0.091996554,0.223903405
1789402411.649458170,0.106241245360,0.033769486300,-0.103147403908,-0.672542369,0.691399027,0.100838041,0.243897184
1789402411.682811260,0.105705350830,0.033367728572,-0.101990385214,-0.667221167,0.686964698,0.110856149,0.265718522
1789402411.716164112,0.105586158848,0.032987901016,-0.100955177787,-0.660901443,0.680578365,0.122726067,0.291480162
1789402411.749515772,0.105677595518,0.032697465234,-0.100240667726,-0.654235391,0.672419903,0.135159008,0.318684124
1789402411.782868385,0.105826737294,0.032509787631,-0.099762273812,-0.647402571,0.662457919,0.148510637,0.346358207
1789402411.816220999,0.105833758814,0.032371073841,-0.099309435654,-0.640057801,0.655084806,0.158836619,0.368728676
1789402411.849573612,0.105612604002,0.032301456798,-0.098985953718,-0.635367646,0.651049805,0.163940275,0.381530723
1789402411.882925272,0.105315505035,0.032344119922,-0.098903274307,-0.634611939,0.650042949,0.165132686,0.383983134
1789402411.916277885,0.105016424063,0.032479018034,-0.098988275613,-0.634463402,0.650399519,0.165563232,0.383439009
1789402411.949630499,0.104673890215,0.032626957052,-0.099106892661,-0.635159510,0.649463192,0.165053102,0.384093000
1789402411.982982159,0.104349378893,0.032708454140,-0.099030228547,-0.634872064,0.649778071,0.164929377,0.384088820
1789402412.016335011,0.104204632216,0.032755379484,-0.098729156642,-0.634253310,0.650566021,0.164879470,0.383798581
1789402412.049687386,0.104041801133,0.032809016138,-0.098457599620,-0.634596474,0.650452993,0.164009537,0.383795636
1789402412.083040237,0.102895782064,0.032724427850,-0.098517329566,-0.635014466,0.651033351,0.162075074,0.382941084
1789402412.116391897,0.101539168984,0.032597085272,-0.098431597906,-0.633975327,0.653692018,0.160310400,0.380870852
1789402412.149744511,0.100023595683,0.032585983605,-0.098572739567,-0.634786459,0.656261820,0.158724250,0.375730206
1789402412.183097363,0.098018079459,0.032845621947,-0.099370501756,-0.637509249,0.656601106,0.156912764,0.371261808
1789402412.216450214,0.095248901080,0.033343774538,-0.100656768445,-0.638537799,0.655144268,0.157322747,0.371893830
1789402412.249801874,0.091657624689,0.033919732566,-0.101968318459,-0.637439684,0.653320382,0.160254190,0.375714949
1789402412.283154488,0.087190497753,0.034480408492,-0.103174920907,-0.636284228,0.651457478,0.162120091,0.380082375
1789402412.316507339,0.081860080186,0.035033936475,-0.104272927209,-0.634861267,0.649437475,0.165217222,0.384558718
1789402412.349859238,0.075821154698,0.035581015287,-0.105393538800,-0.632852330,0.648570722,0.166213235,0.388879298
1789402412.383211613,0.069383585620,0.036088304988,-0.106578474907,-0.631213203,0.647640699,0.166737492,0.392848605
1789402412.416564465,0.062693863142,0.036635221629,-0.107886137405,-0.630283752,0.645881393,0.169630284,0.395986345
1789402412.449917316,0.055710641817,0.037289925874,-0.109320783955,-0.629517987,0.644244425,0.171233245,0.399168386
1789402412.483268976,0.048561953475,0.037946997923,-0.110835328738,-0.627752595,0.644164112,0.170360863,0.402438137
1789402412.516621828,0.041649419439,0.038515730705,-0.112416338318,-0.627015443,0.643757277,0.171071674,0.403934011
1789402412.549974680,0.034981737788,0.039101489732,-0.114014359076,-0.627390504,0.642292215,0.173544238,0.404628550
1789402412.583327293,0.028314882110,0.039742444368,-0.115465931532,-0.626798197,0.641758865,0.173882681,0.406244252
1789402412.616679192,0.021729853847,0.040266298215,-0.116726255084,-0.625895591,0.642309343,0.172692331,0.407272360
1789402412.650032282,0.015504496706,0.040712840472,-0.117773552620,-0.626680749,0.641458894,0.174757312,0.406523810
1789402412.683384895,0.009531527083,0.041100873665,-0.118550004768,-0.626085814,0.642215539,0.172586988,0.407172552
1789402412.716736794,0.004047009624,0.041354190463,-0.119179880947,-0.625726163,0.643143961,0.172091696,0.406469017
1789402412.750088930,-0.000935212099,0.041627044004,-0.119859883570,-0.627558129,0.642416956,0.174072454,0.403943103
1789402412.783440828,-0.005653627395,0.041960777791,-0.120586072259,-0.626363425,0.642690500,0.172904408,0.405859394
1789402412.816792965,-0.010055777036,0.042212036029,-0.121107310371,-0.625419866,0.641704241,0.173065888,0.408795617
1789402412.850144386,-0.013961394471,0.042373472968,-0.121282905842,-0.625260584,0.639713489,0.176398341,0.410730422
1789402412.883496284,-0.017421252466,0.042470574371,-0.121158520757,-0.624912236,0.640685671,0.174851722,0.410406436
1789402412.916848421,-0.020395914495,0.042424563862,-0.120695069032,-0.625195531,0.642104109,0.173799981,0.408199004
1789402412.950199604,-0.022935419829,0.042371013790,-0.120019510721,-0.628423914,0.642292540,0.174138730,0.402764671
1789402412.983551979,-0.025587345371,0.042240331453,-0.119212431240,-0.630230803,0.646204279,0.169223857,0.395717641
1789402413.016904116,-0.028465345680,0.041935449820,-0.118000594918,-0.634545781,0.648086037,0.167561902,0.386340717
1789402413.050256252,-0.031533974715,0.041460556635,-0.116394712121,-0.637768360,0.654321106,0.160675934,0.373227347
1789402413.083607674,-0.034802242227,0.040862901032,-0.114674043374,-0.642433834,0.657854728,0.155682559,0.360927786
1789402413.116960049,-0.038398578238,0.040198672237,-0.112974784322,-0.647524738,0.661308904,0.150886434,0.347297468
1789402413.150312185,-0.042448964491,0.039412409655,-0.111202629541,-0.649667586,0.663003755,0.148501398,0.341035751
1789402413.183664560,-0.046770371436,0.038227826310,-0.109341311907,-0.649685529,0.663611851,0.149683495,0.339297622
1789402413.217015982,-0.051236053592,0.036311842015,-0.107588820619,-0.649856599,0.664852037,0.153577328,0.334771823
1789402413.250368118,-0.055990642891,0.033253337412,-0.106326900636,-0.649993158,0.666289565,0.157000867,0.330027025
1789402413.283720732,-0.061162410449,0.028881836473,-0.105806798296,-0.651339917,0.667872802,0.154511321,0.325312904
1789402413.317071915,-0.066988985631,0.023341615699,-0.105964191026,-0.652963178,0.670079072,0.145382146,0.321709742
1789402413.350424528,-0.073371252282,0.016836945076,-0.106621292886,-0.654191014,0.672039402,0.132611722,0.320641997
1789402413.383776903,-0.079932277872,0.009741962131,-0.107435794288,-0.656409380,0.672405285,0.119793059,0.320386456
1789402413.417129278,-0.086416199988,0.002299721642,-0.108161227598,-0.657228449,0.673073233,0.109702997,0.320918122
1789402413.450480700,-0.092626673342,-0.005169738870,-0.108768169010,-0.656179933,0.674454534,0.103686938,0.322161444
1789402413.483833313,-0.098324110693,-0.012128942691,-0.109348259016,-0.656386481,0.674341807,0.099952410,0.323155428
1789402413.517185688,-0.103324446866,-0.018180188992,-0.109922575741,-0.656755390,0.673893379,0.099153412,0.323587195
1789402413.550538301,-0.107540803420,-0.023179561675,-0.110449994658,-0.655231945,0.673943392,0.101502112,0.325835425
1789402413.583889961,-0.110974904573,-0.026975561734,-0.110971836406,-0.652120288,0.674737337,0.104284103,0.329535253
1789402413.617242336,-0.113694648192,-0.029458457995,-0.111641052430,-0.648524893,0.676408139,0.106216854,0.332574010
1789402413.650594950,-0.115722228762,-0.030625095039,-0.112620893180,-0.647957654,0.676688661,0.105446322,0.333353279
1789402413.683946848,-0.117130750463,-0.030808243009,-0.113796520425,-0.648583203,0.675895907,0.103699400,0.334291769
1789402413.717299223,-0.118050433198,-0.030458183043,-0.114898056128,-0.648511283,0.675326878,0.103306141,0.335700113
1789402413.750647783,-0.118503194790,-0.030025023605,-0.115737922631,-0.646159759,0.675281168,0.106255221,0.339385825
1789402413.783996105,-0.118572127910,-0.029773139388,-0.116226381370,-0.642155206,0.677406009,0.109030645,0.341862703
1789402413.817343473,-0.118530174418,-0.029813219919,-0.116583758194,-0.639441582,0.681946782,0.106996390,0.338548110
1789402413.850691795,-0.118542022084,-0.030169812293,-0.116880693809,-0.638169914,0.687551053,0.100127085,0.331643299
1789402413.884040356,-0.118683368949,-0.030721834251,-0.116908350146,-0.634489126,0.694054836,0.093603538,0.327031821
1789402413.917388678,-0.118996095773,-0.031439792652,-0.116320070008,-0.629801812,0.699436846,0.090198196,0.325579578
1789402413.950736046,-0.119660218715,-0.032343425830,-0.114872954445,-0.625362500,0.704771413,0.086960300,0.323507195
1789402413.984084129,-0.120841378419,-0.033451989619,-0.112589849637,-0.622177378,0.710624556,0.081844247,0.318134515
1789402414.017432690,-0.122568169771,-0.034691817283,-0.109622583522,-0.619794546,0.715858054,0.077153622,0.312168683
1789402414.050780058,-0.124946054914,-0.036014058582,-0.105879136298,-0.617186677,0.720498121,0.073214664,0.307575480
1789402414.084128141,-0.128008105838,-0.037292941788,-0.101266410794,-0.613525707,0.726067548,0.067638429,0.303046474
1789402414.117476463,-0.131614193427,-0.038560687914,-0.095971759168,-0.608121207,0.732716500,0.061211412,0.299279622
1789402414.150825024,-0.135551177113,-0.039729160277,-0.090102792141,-0.601253756,0.738735453,0.057467907,0.299100806
1789402414.184172153,-0.139640458559,-0.040627157013,-0.083817410577,-0.594123695,0.744187684,0.057850497,0.299758311
1789402414.217520237,-0.143856066218,-0.041073510510,-0.077446765101,-0.588790372,0.748152938,0.059561057,0.300075923
1789402414.250868559,-0.148089200346,-0.041234688037,-0.071013860049,-0.585091290,0.750962013,0.061120705,0.299980828
1789402414.284215927,-0.152314496755,-0.041192352798,-0.064526520056,-0.580697625,0.754152917,0.063304787,0.300060246
1789402414.317564011,-0.156582363916,-0.041109979687,-0.058110042164,-0.575608282,0.758334509,0.065280610,0.298901858
1789402414.350912333,-0.160816345633,-0.041010515430,-0.051849912674,-0.571482199,0.762455276,0.067196181,0.295896470
1789402414.384260416,-0.164949671473,-0.040852101489,-0.045799762427,-0.568586350,0.765926108,0.069432320,0.291969028
1789402414.417607784,-0.168935303051,-0.040751007557,-0.039924230974,-0.564339285,0.769323904,0.073675805,0.290230560
1789402414.450955868,-0.172776580924,-0.040869035068,-0.034408302568,-0.559126608,0.772705663,0.078623557,0.290037466
1789402414.484303951,-0.176455464182,-0.041207801712,-0.029569132412,-0.555911688,0.775180288,0.081172765,0.288909499
1789402414.517652035,-0.179909296179,-0.041670127372,-0.025522969665,-0.555420177,0.776382477,0.080813161,0.286719217
1789402414.550999165,-0.183037906225,-0.042158112611,-0.022184868698,-0.555189915,0.777476185,0.079449751,0.284574557
1789402414.584347486,-0.185739747981,-0.042547552540,-0.019377099919,-0.554584298,0.778081705,0.079032497,0.284216433
1789402414.617695570,-0.187992463298,-0.042744661665,-0.016922355566,-0.553416007,0.778960641,0.079435866,0.283973565
1789402414.651042700,-0.189857456452,-0.042712615073,-0.014835791540,-0.551205756,0.780713381,0.080028001,0.283291986
1789402414.684390783,-0.191315772174,-0.042334082562,-0.013243805331,-0.549710284,0.781819247,0.080345304,0.283058124
1789402414.717738867,-0.192223798300,-0.041590180307,-0.012195886967,-0.548155593,0.782685846,0.080658662,0.283588598
1789402414.751088381,-0.192418571262,-0.040569009965,-0.011908629592,-0.545943725,0.784320657,0.080506841,0.283381731
1789402414.784436941,-0.191779844111,-0.039307234846,-0.012699703818,-0.545759948,0.785193742,0.078641271,0.281837574
1789402414.817786455,-0.190269121605,-0.037763104391,-0.014645550216,-0.547700920,0.783356854,0.079195540,0.283026160
1789402414.851135969,-0.187991134353,-0.036036617102,-0.017442131687,-0.551065087,0.779456756,0.083173433,0.286105951
1789402414.884485245,-0.185168464554,-0.034254721891,-0.020700258784,-0.554962700,0.775518720,0.087407632,0.288005247
1789402414.917834044,-0.181954659416,-0.032527598935,-0.024176941025,-0.557314382,0.773286472,0.089324031,0.288877015
1789402414.951183319,-0.178344115260,-0.030989296513,-0.027692071877,-0.558538095,0.773355256,0.086358052,0.287226620
1789402414.984532833,-0.174177731085,-0.029700455617,-0.031216729993,-0.560232532,0.774438872,0.080620985,0.282637930
1789402415.017881393,-0.169204855019,-0.028672098468,-0.034873820512,-0.561578972,0.776130337,0.075798588,0.276595974
1789402415.051230669,-0.163277384396,-0.027955038790,-0.038766833779,-0.562920781,0.777872537,0.073218021,0.269580472
1789402415.084580183,-0.156338863190,-0.027515489749,-0.042935885771,-0.566592988,0.777830649,0.074327340,0.261586150
1789402415.117929459,-0.148527294262,-0.027365061040,-0.047398264897,-0.571392799,0.776841397,0.077443724,0.253041861
1789402415.151277781,-0.140034997624,-0.027289318845,-0.052175416365,-0.576843161,0.776093462,0.078645840,0.242375202
1789402415.184627295,-0.131029299071,-0.027307568141,-0.057310849628,-0.584390386,0.774489779,0.077298907,0.229517619
1789402415.217976570,-0.121714843656,-0.027339208093,-0.063022445086,-0.594799171,0.772022042,0.071697715,0.212262458
1789402415.251325846,-0.112240181446,-0.027178118345,-0.069525293369,-0.607768001,0.768515876,0.059290871,0.191013084
1789402415.284674406,-0.102597842131,-0.026938643369,-0.076816378480,-0.622540616,0.762893847,0.042947630,0.169090687
1789402415.318023443,-0.092659146960,-0.026678426160,-0.084656278025,-0.638543845,0.755061929,0.028040865,0.146140176
1789402415.351372719,-0.082397532196,-0.026537247511,-0.092694973763,-0.653822071,0.746559213,0.016051735,0.122099884
1789402415.384721279,-0.071953330307,-0.026727717625,-0.100534522890,-0.666426942,0.738868297,0.008329493,0.099395117
1789402415.418070316,-0.061387618943,-0.027221595965,-0.107719307884,-0.676268650,0.732572488,0.002288124,0.077414639
1789402415.451419592,-0.050881412844,-0.028014779448,-0.114002429896,-0.683174844,0.728354743,-0.010617117,0.051563336
1789402415.484768867,-0.040409455863,-0.029276759389,-0.119124456238,-0.686571959,0.726185828,-0.027303824,0.022969296
1789402415.518116951,-0.029688686320,-0.031113985824,-0.122934510958,-0.686513728,0.726243592,-0.035618927,0.000662235
1789402415.551466227,-0.018496116136,-0.033385341418,-0.125617862298,-0.685176662,0.727285810,-0.035468528,-0.018173498
1789402415.584815502,-0.006922342928,-0.035815680930,-0.127558448631,-0.684588605,0.727164065,-0.033139768,-0.038374731
1789402415.618163586,0.004824840568,-0.038216030279,-0.128964530194,-0.684971989,0.725558298,-0.031110184,-0.058401094
1789402415.651512623,0.016562249979,-0.040490418082,-0.129801896656,-0.685330741,0.723391887,-0.030617941,-0.078028810
1789402415.684861898,0.028200545655,-0.042633725941,-0.129927952134,-0.685624459,0.720805643,-0.030144099,-0.097209360
1789402415.718210936,0.039616886850,-0.044506832967,-0.129148851121,-0.686007214,0.718172480,-0.028518261,-0.113177293
1789402415.751559734,0.050759483206,-0.046096406005,-0.127367939366,-0.685049095,0.716806099,-0.029248620,-0.126654143
1789402415.784909487,0.061546603336,-0.047617561895,-0.124786365529,-0.680942626,0.717571030,-0.034621025,-0.142163078
1789402415.818259239,0.071901302392,-0.049194556854,-0.121666836169,-0.676785557,0.718067357,-0.043466774,-0.156368859
1789402415.851608992,0.081992065854,-0.050869059537,-0.118117867972,-0.674483048,0.717223814,-0.053569597,-0.166712079
1789402415.884957790,0.092012830450,-0.052634743926,-0.114169251537,-0.672388388,0.716448057,-0.061404631,-0.175571946
1789402415.918307304,0.101907508872,-0.054541517470,-0.109921807776,-0.670540500,0.715862844,-0.066113191,-0.183152595
1789402415.951657057,0.111847198100,-0.056556928402,-0.105474352304,-0.668957326,0.715049190,-0.069814911,-0.190595460
1789402415.985005617,0.121896736516,-0.058578346337,-0.100863758748,-0.667062336,0.714607886,-0.071407586,-0.198152381
1789402416.018355370,0.131929047011,-0.060461982648,-0.096089886200,-0.665954997,0.713635192,-0.072250505,-0.204960041
1789402416.051705122,0.141812012198,-0.062189900885,-0.091108451541,-0.665173540,0.712108913,-0.074087930,-0.212028386
1789402416.085054636,0.151488223422,-0.063863486809,-0.085805932930,-0.663069615,0.711502890,-0.075221195,-0.220100194
1789402416.118403435,0.160923352253,-0.065491022545,-0.080168936116,-0.660658266,0.711728929,-0.075625633,-0.226392030
1789402416.151752949,0.170048177802,-0.067195519112,-0.074318630810,-0.656545602,0.713165742,-0.077874036,-0.232976679
1789402416.185102224,0.178900238237,-0.069066851767,-0.068367436765,-0.651271094,0.715047046,-0.081328138,-0.240706081
1789402416.218451977,0.187565645461,-0.071059337872,-0.062369853408,-0.647873471,0.715866532,-0.083978721,-0.246460238
1789402416.251800537,0.196106534922,-0.073202008995,-0.056395632218,-0.644789655,0.716737557,-0.085058292,-0.251592252
1789402416.285150051,0.204502324290,-0.075496684289,-0.050587090280,-0.640559759,0.718178270,-0.085532465,-0.258045277
1789402416.318499565,0.212628166464,-0.077746737596,-0.045096063162,-0.637129090,0.718419600,-0.086899601,-0.265307859
1789402416.351848125,0.220364652062,-0.079866176942,-0.039911939769,-0.634851022,0.717577127,-0.087819504,-0.272644422
1789402416.385197639,0.227679360109,-0.081750693910,-0.034903473007,-0.632882276,0.717011056,-0.088053871,-0.278570791
1789402416.418547153,0.234535879546,-0.083329652605,-0.029915375133,-0.630150934,0.716671097,-0.090256229,-0.284861636
1789402416.451896429,0.240913645194,-0.084537133316,-0.024844799797,-0.626300405,0.716373458,-0.095611075,-0.292259121
1789402416.485245228,0.246941659717,-0.085402389269,-0.019629371909,-0.622476690,0.715248279,-0.102096426,-0.300863739
1789402416.518594503,0.252828011372,-0.086080622252,-0.014352934622,-0.618779198,0.715668434,-0.103278381,-0.307025363
1789402416.551943779,0.258611651815,-0.086706997781,-0.009206759488,-0.613700229,0.718604519,-0.100222847,-0.311343788
1789402416.585293531,0.264014611484,-0.087277585678,-0.004270594005,-0.607781975,0.721471442,-0.097765722,-0.317051879
1789402416.618641853,0.268729485786,-0.087727947214,0.000495015042,-0.603526543,0.723782372,-0.095088145,-0.320707084
1789402416.651991129,0.272705534177,-0.088104950465,0.005254756648,-0.601137706,0.725577710,-0.092586640,-0.321866680
1789402416.685340643,0.275926523643,-0.088475354811,0.010135785003,-0.598385733,0.727932420,-0.092150321,-0.321803085
1789402416.718688965,0.278572558625,-0.088850684369,0.015132144098,-0.594490061,0.731194439,-0.093624276,-0.321202048
1789402416.752039194,0.280898766886,-0.089147517958,0.020120347754,-0.590434811,0.734597912,-0.095423210,-0.320385787
1789402416.785389900,0.283017614756,-0.089198193260,0.025025998341,-0.585939680,0.737983132,-0.094319984,-0.321184261
1789402416.818740129,0.284973558140,-0.088909043291,0.029882227478,-0.581867737,0.741248883,-0.088598652,-0.322692281
1789402416.852089882,0.286827566734,-0.088331610570,0.034805102695,-0.578744126,0.744388523,-0.081126156,-0.323047227
1789402416.885440111,0.288540160782,-0.087578460090,0.039860213233,-0.575138612,0.747612715,-0.074235478,-0.323697233
1789402416.918790579,0.290087243576,-0.086738340705,0.045063241098,-0.569875579,0.752163755,-0.067323864,-0.323973775
1789402416.952139854,0.291504073975,-0.085872965888,0.050112552302,-0.563380204,0.757917438,-0.061363002,-0.323107544
1789402416.985490561,0.292767902072,-0.084989294578,0.054569440819,-0.557272706,0.762824936,-0.057490882,-0.322862272
1789402417.018840790,0.293818938976,-0.084126820776,0.058112947592,-0.552958933,0.766273643,-0.053592209,-0.322783204
1789402417.052191257,0.294575254988,-0.083299945696,0.060597625173,-0.550919237,0.767908157,-0.051196798,-0.322775377
1789402417.085540533,0.295053022089,-0.082494101501,0.062167336709,-0.550646985,0.767589597,-0.051345493,-0.323971832
1789402417.118890762,0.295476626952,-0.081624931281,0.063246457181,-0.550985992,0.766885109,-0.051263215,-0.325074990
1789402417.152241230,0.295959391406,-0.080651487925,0.064246450350,-0.549266838,0.767590856,-0.050942801,-0.326366435
1789402417.185591459,0.296581942040,-0.079631395072,0.065325952853,-0.543912368,0.770006931,-0.051040882,-0.329611121
1789402417.218940973,0.297215165309,-0.078689277246,0.066254490240,-0.537948048,0.772632117,-0.049378890,-0.333486484
1789402417.252291203,0.297499108374,-0.077934917020,0.066581125241,-0.534723467,0.774039725,-0.045912902,-0.335894810
1789402417.285641670,0.297264600798,-0.077457839074,0.066055484594,-0.535146347,0.773292955,-0.044112215,-0.337180228
1789402417.318990946,0.296470350364,-0.077277446618,0.064840527266,-0.537918712,0.771092649,-0.044959195,-0.337695508
1789402417.352341175,0.295324012715,-0.077404127483,0.063396975925,-0.540804307,0.768784444,-0.047182200,-0.338045884
1789402417.385691404,0.294161650601,-0.077880868499,0.062120739738,-0.542306826,0.767466170,-0.049522423,-0.338299444
1789402417.419041634,0.293126500675,-0.078578711147,0.061180305890,-0.541971472,0.767586984,-0.049697850,-0.338536954
1789402417.452390909,0.292162166553,-0.079253140202,0.060462447277,-0.541990589,0.768116385,-0.047093745,-0.337676769
1789402417.485741138,0.291149914382,-0.079833777354,0.059762042451,-0.543557065,0.767665236,-0.045311094,-0.336426377
1789402417.519091606,0.290035348507,-0.080350511565,0.059121903673,-0.545063989,0.766640636,-0.045491147,-0.336300371
1789402417.552441597,0.289005368120,-0.080725266362,0.058734572735,-0.546359108,0.766010472,-0.045207728,-0.335672374
1789402417.585791111,0.288151484909,-0.081013210390,0.058683593892,-0.547045934,0.765785779,-0.044615265,-0.335145288
1789402417.619141102,0.287450844254,-0.081274219417,0.058906037352,-0.546238621,0.766529626,-0.042906190,-0.334984717
1789402417.652491570,0.286900621426,-0.081413139853,0.059248937296,-0.545523200,0.767454607,-0.040610771,-0.334318157
1789402417.685840607,0.286378246076,-0.081383625173,0.059567245424,-0.545599018,0.767873009,-0.039360684,-0.333381898
1789402417.719190598,0.285835646869,-0.081232796324,0.059867440827,-0.544868287,0.768280191,-0.038350265,-0.333756430
1789402417.752542734,0.285386375223,-0.081045125366,0.060175051351,-0.544694268,0.768492655,-0.035939947,-0.333819584
1789402417.785894632,0.285015774026,-0.080785071413,0.060476162487,-0.545976825,0.768413359,-0.031138713,-0.332386217
1789402417.819245338,0.284630181131,-0.080447539166,0.060732111566,-0.547376202,0.768419188,-0.025254652,-0.330565344
1789402417.852597237,0.284174125556,-0.080075524275,0.060915201063,-0.547826329,0.768429145,-0.023349909,-0.329935970
1789402417.885948896,0.283649260892,-0.079682511916,0.061100345486,-0.547244141,0.768878961,-0.025198827,-0.329718081
1789402417.919301033,0.283178555685,-0.079214854992,0.061295807034,-0.546426541,0.769573155,-0.026659304,-0.329339455
1789402417.952651739,0.282861324098,-0.078677774966,0.061456407801,-0.545915086,0.770048530,-0.026602529,-0.329080972
1789402417.986003876,0.282721079483,-0.078048249842,0.061506421109,-0.545462392,0.770303556,-0.025478270,-0.329323652
1789402418.019355774,0.282709690277,-0.077336878900,0.061432281145,-0.545690047,0.770012643,-0.024648529,-0.329689782
1789402418.052706718,0.282821004955,-0.076687635698,0.061246225424,-0.545872534,0.769702965,-0.024442832,-0.330125840
1789402418.086058617,0.283145251085,-0.076069016117,0.060944052011,-0.544859661,0.769908300,-0.024582307,-0.331307817
1789402418.119410753,0.283705665455,-0.075454837782,0.060408015921,-0.542104695,0.770559175,-0.025475578,-0.334233529
1789402418.152762651,0.284444580153,-0.074853876199,0.059361764699,-0.538526396,0.770669804,-0.027460673,-0.339563375
1789402418.186113596,0.285251710572,-0.074141686776,0.057646207360,-0.533944251,0.769936186,-0.030954703,-0.348056911
1789402418.219465494,0.286013149202,-0.073326525345,0.055425972409,-0.525270271,0.769302876,-0.035779885,-0.361917156
1789402418.252817631,0.286660465067,-0.072485072354,0.052922325175,-0.515135163,0.769281414,-0.039436521,-0.375881139
1789402418.286168814,0.287014660075,-0.071523426531,0.050226939802,-0.507037748,0.769754544,-0.039778111,-0.385756875
1789402418.319520712,0.286743162625,-0.070395335444,0.047365831372,-0.502871776,0.768226433,-0.039859180,-0.394156530
1789402418.352872849,0.285724771431,-0.069244715514,0.044369725607,-0.502294407,0.765234983,-0.040743474,-0.400569244
1789402418.386224747,0.284240056866,-0.068258138597,0.041203985256,-0.504044524,0.762481536,-0.040705277,-0.403613807
1789402418.419575930,0.282630578135,-0.067454499452,0.037809155751,-0.506113034,0.759981956,-0.039184220,-0.405883752
1789402418.452928066,0.281085043270,-0.066751016030,0.034208253857,-0.507213775,0.757488952,-0.037244986,-0.409337861
1789402418.486280203,0.279641250618,-0.066048804629,0.030479581254,-0.507574486,0.754269364,-0.037804440,-0.414748950
1789402418.519632339,0.278249648393,-0.065307516559,0.026725773454,-0.507385501,0.751082462,-0.040616431,-0.420458553
1789402418.552983284,0.276938522007,-0.064499287174,0.022974394323,-0.505790627,0.748344026,-0.044701530,-0.426800695
1789402418.586335659,0.275633415303,-0.063721994700,0.019244157681,-0.502877908,0.745581223,-0.050214733,-0.434397203
1789402418.619687796,0.274304556022,-0.062913483429,0.015572046252,-0.500227779,0.742720036,-0.055810899,-0.441615511
1789402418.653038979,0.272984025966,-0.062033457164,0.012083464821,-0.497973797,0.740042540,-0.060196065,-0.448035234
1789402418.686391115,0.271794411346,-0.061054876089,0.008907579244,-0.496698768,0.737855975,-0.062632004,-0.452698716
1789402418.719743490,0.270820003357,-0.059896698934,0.006094884195,-0.495071081,0.736802869,-0.063383369,-0.456079714
1789402418.753095150,0.270050063936,-0.058618900004,0.003656312874,-0.491611253,0.736461831,-0.064108772,-0.460252553
1789402418.786446333,0.269461309352,-0.057264066405,0.001622005435,-0.488639128,0.736073901,-0.064193033,-0.464011065
1789402418.819797993,0.269089277581,-0.055847637780,-0.000003787436,-0.486818873,0.736205126,-0.062348718,-0.465963555
1789402418.853150129,0.268910928662,-0.054465583574,-0.001250579800,-0.485547425,0.736622059,-0.059511982,-0.467001032
1789402418.886502266,0.268835516667,-0.053221606146,-0.002093733774,-0.484104653,0.736495920,-0.057894078,-0.468897345
1789402418.919852972,0.268838186049,-0.052254029645,-0.002554502132,-0.482027503,0.736625080,-0.055921224,-0.471068779
1789402418.953205109,0.268898989129,-0.051681753765,-0.002689371232,-0.481311652,0.737090820,-0.052572016,-0.471457739
1789402418.986557245,0.268873653578,-0.051540765751,-0.002529233886,-0.481137819,0.737820074,-0.050113577,-0.470761688
1789402419.019908190,0.268691929548,-0.051756145073,-0.002303091222,-0.480655851,0.738452585,-0.050303320,-0.470241756
1789402419.053260326,0.268385197514,-0.052179127193,-0.002219239073,-0.481183892,0.738509807,-0.051192727,-0.469515316
1789402419.086612225,0.267994162652,-0.052639308850,-0.002315958407,-0.482147487,0.738692164,-0.051524317,-0.468201806
1789402419.119964123,0.267482974064,-0.053119319468,-0.002634895894,-0.480992885,0.739135278,-0.054276639,-0.468379048
1789402419.153315067,0.266805742243,-0.053621345073,-0.003169064180,-0.479286059,0.739306205,-0.058485965,-0.469351255
1789402419.186667204,0.265988494496,-0.054049314607,-0.003996080642,-0.480279106,0.738994843,-0.058452800,-0.468830324
1789402419.220019341,0.264876880226,-0.054416767970,-0.005163949295,-0.483820151,0.737889068,-0.056316502,-0.467189722
1789402419.253371239,0.263215145844,-0.054763834280,-0.006627264706,-0.488527099,0.736505156,-0.055692014,-0.464542601
1789402419.286722422,0.260926123011,-0.055067203524,-0.008340677958,-0.494513443,0.735481890,-0.055813865,-0.459790883
1789402419.320074797,0.258000215468,-0.055341793999,-0.010297858190,-0.499951386,0.734922986,-0.056666934,-0.454670953
1789402419.353426695,0.254422200579,-0.055530104285,-0.012521366817,-0.505833128,0.734032497,-0.057472399,-0.449473096
1789402419.386777878,0.250227401290,-0.055615400360,-0.014967968954,-0.514721768,0.732506403,-0.057263853,-0.441833365
1789402419.420129776,0.245546608471,-0.055556339904,-0.017493608393,-0.524041903,0.731667286,-0.054833345,-0.432477017
1789402419.453481913,0.240495862194,-0.055408453253,-0.020078368744,-0.531149097,0.731948650,-0.053450733,-0.423408584
1789402419.486834288,0.235064607923,-0.055252447656,-0.022767703473,-0.536495335,0.731952473,-0.056687969,-0.416178816
1789402419.520185232,0.229387898732,-0.055054564268,-0.025613208850,-0.542157589,0.731337707,-0.060877416,-0.409272828
1789402419.553537369,0.223656656726,-0.054846509612,-0.028686576241,-0.548103921,0.730673626,-0.062780086,-0.402190011
1789402419.586889744,0.217851628105,-0.054649595633,-0.032032658774,-0.554931262,0.729603301,-0.063670800,-0.394558419
1789402419.620240688,0.211913645805,-0.054390421137,-0.035601342616,-0.562001306,0.727839793,-0.065427760,-0.387457064
1789402419.653593063,0.205905465576,-0.054093403290,-0.039233709111,-0.568098468,0.726361966,-0.065960059,-0.381197711
1789402419.686944962,0.199821936701,-0.053808229227,-0.042809194367,-0.574481999,0.725024634,-0.064558287,-0.374355367
1789402419.720297337,0.193616343682,-0.053606057885,-0.046284232185,-0.581756032,0.724175553,-0.061881709,-0.365103193
1789402419.753643036,0.187174617703,-0.053541263881,-0.049696756202,-0.588570541,0.723272232,-0.061097804,-0.355990245
1789402419.786989927,0.180453629692,-0.053634781051,-0.053053002109,-0.594423312,0.722145948,-0.062581815,-0.348209236
1789402419.820336580,0.173531003238,-0.053825391364,-0.056333430775,-0.601085337,0.721454136,-0.062732348,-0.338031063
1789402419.853683233,0.166370393559,-0.053990811827,-0.059497862439,-0.607599635,0.720861788,-0.062928445,-0.327446144
1789402419.887029171,0.158901983416,-0.054089549399,-0.062504592807,-0.612623046,0.720275545,-0.066085553,-0.318635909
1789402419.920375824,0.151212606261,-0.054182431861,-0.065361367257,-0.615844748,0.721114742,-0.070025359,-0.309556496
1789402419.953722477,0.143451739780,-0.054151402102,-0.068211442590,-0.619435427,0.722141668,-0.072381622,-0.299285922
1789402419.987068176,0.135700332396,-0.053889565416,-0.071216759062,-0.624441027,0.722054642,-0.072791573,-0.288811157
1789402420.020414591,0.127997651974,-0.053450552163,-0.074382890914,-0.629762121,0.721481221,-0.071059444,-0.278953535
1789402420.053761244,0.120349202778,-0.052954968483,-0.077619045113,-0.635231447,0.721125312,-0.066739916,-0.268337618
1789402420.087107658,0.112664830765,-0.052480610043,-0.080881923995,-0.640559593,0.720881146,-0.062296791,-0.257163161
1789402420.120453358,0.104843792031,-0.052071619228,-0.084208602190,-0.645370133,0.720462973,-0.057902099,-0.247139318
1789402420.153799772,0.096886848012,-0.051712214687,-0.087558970866,-0.650474669,0.719982612,-0.052579952,-0.236099748
1789402420.187146187,0.088753469437,-0.051398881450,-0.090791756588,-0.655476531,0.719540354,-0.048789681,-0.224124438
1789402420.220492601,0.080436455612,-0.051085185675,-0.093818165855,-0.659992235,0.719108086,-0.047029977,-0.212325202
1789402420.253838062,0.072050918250,-0.050669633602,-0.096630851318,-0.663724681,0.719186184,-0.044593584,-0.200629491
1789402420.287184477,0.063716605371,-0.050108857775,-0.099284842658,-0.667199916,0.719447465,-0.041120410,-0.188543706
1789402420.320530891,0.055448243059,-0.049379472582,-0.101834167933,-0.671214679,0.719093382,-0.037384846,-0.176005500
1789402420.353876114,0.047357784971,-0.048502730151,-0.104277059530,-0.675175031,0.718745186,-0.031802767,-0.162888365
1789402420.387222767,0.039464634845,-0.047555678749,-0.106609113249,-0.678742975,0.718590192,-0.024412562,-0.149466172
1789402420.420568943,0.031664594314,-0.046512216029,-0.108840052841,-0.682980473,0.717541523,-0.017434791,-0.135528096
1789402420.453915358,0.023931854377,-0.045339343023,-0.110942222848,-0.687669804,0.715870114,-0.010074799,-0.120576610
1789402420.487260580,0.016200007735,-0.044063496147,-0.112762265792,-0.692293693,0.713911338,-0.003651199,-0.105103342
1789402420.520606756,0.008436776405,-0.042747527172,-0.114074873065,-0.696062407,0.712451670,0.000435229,-0.088935671
1789402420.553952932,0.000749016136,-0.041485046044,-0.114838098363,-0.697277369,0.713245963,0.004532252,-0.071161268
1789402420.587299109,-0.006827836522,-0.040207837178,-0.115323130060,-0.697145409,0.714803139,0.006830126,-0.054754916
1789402420.620644331,-0.014255770950,-0.038682086950,-0.115790977243,-0.699069316,0.713882011,0.007294982,-0.040265988
1789402420.653990507,-0.021290475040,-0.036930216929,-0.116176340826,-0.702056663,0.711660060,0.008513406,-0.024164479
1789402420.687336445,-0.027713672852,-0.035196001486,-0.116259417181,-0.703123685,0.710910800,0.012173651,-0.008644132
1789402420.720681667,-0.033523206501,-0.033469255410,-0.115982093766,-0.702689545,0.711206850,0.019046886,0.007031075
1789402420.754032373,-0.038741903208,-0.031554340906,-0.115435242165,-0.702523522,0.710805710,0.026598901,0.022548636
1789402420.787383318,-0.043476729799,-0.029362855787,-0.114739204365,-0.702975168,0.709485681,0.033262884,0.036736391
1789402420.820734024,-0.047827504434,-0.026873830139,-0.113877820244,-0.703486191,0.707908005,0.039541286,0.049090958
1789402420.854084015,-0.051868655057,-0.024043201250,-0.112758324974,-0.704193848,0.706149132,0.044324124,0.059159103
1789402420.887434721,-0.055644698364,-0.020878656523,-0.111313930532,-0.705280523,0.704180902,0.047441623,0.066767760
1789402420.920785666,-0.059116447049,-0.017493674529,-0.109544108535,-0.705887196,0.702650330,0.051537538,0.073141393
1789402420.954135418,-0.062133758267,-0.014202346651,-0.107545727677,-0.704786675,0.702428197,0.057126189,0.081283270
1789402420.987486362,-0.064712238505,-0.011225346776,-0.105589278172,-0.702731330,0.703279475,0.061701307,0.088088628
1789402421.020837307,-0.066907047385,-0.008450873428,-0.103863119714,-0.701644141,0.703356437,0.066641396,0.092434550
1789402421.054188251,-0.068678777843,-0.005862165402,-0.102297664563,-0.700808769,0.702704080,0.074188405,0.097827023
1789402421.087538004,-0.070312669303,-0.003502429169,-0.100927090541,-0.699769227,0.702367405,0.079611384,0.103271903
1789402421.120888948,-0.071958852182,-0.001391274363,-0.099710836110,-0.698782494,0.702748754,0.080104236,0.106913636
1789402421.154239893,-0.073534276584,0.000464223961,-0.098630115165,-0.697110574,0.704182972,0.078650378,0.109440883
1789402421.187590837,-0.074884794096,0.002162749371,-0.097797403728,-0.695374988,0.705489890,0.078958478,0.111817705
1789402421.220940590,-0.075888117100,0.003868483307,-0.097314301591,-0.695336124,0.704862608,0.081151608,0.114415014
1789402421.254291534,-0.076573237846,0.005629139594,-0.097140452490,-0.696164618,0.703283866,0.083934428,0.117054004
1789402421.287642479,-0.076960226399,0.007363907344,-0.097122438638,-0.696757464,0.702156508,0.085672611,0.119018816
1789402421.320992470,-0.077069223120,0.009157359557,-0.097092420069,-0.697389732,0.701252185,0.085631028,0.120665910
1789402421.354343176,-0.076844059800,0.011036223221,-0.096938197490,-0.697843218,0.700506135,0.085552282,0.122420608
1789402421.387694359,-0.076219407232,0.012843513301,-0.096711728896,-0.697608690,0.699969822,0.088925234,0.124405249
1789402421.421045065,-0.075225932871,0.014518164893,-0.096493974032,-0.697874502,0.698660827,0.094881366,0.125864034
1789402421.454395294,-0.074128017055,0.016070768706,-0.096201707652,-0.698557494,0.697181863,0.099846478,0.126434007
1789402421.487746000,-0.073204918862,0.017474568202,-0.095693888503,-0.698577327,0.696905227,0.101529323,0.126509367
1789402421.521097183,-0.072510543356,0.018682863919,-0.094940401534,-0.697097283,0.698329859,0.101870509,0.126543218
1789402421.554447889,-0.071980793551,0.019761729292,-0.094005658802,-0.695173587,0.699810609,0.103105549,0.127937643
1789402421.587798119,-0.071586036250,0.020807943442,-0.093005830224,-0.693683182,0.700703733,0.103788177,0.130560090
1789402421.621148825,-0.071330832589,0.021855281881,-0.092044264939,-0.692882714,0.701518182,0.101837580,0.131965494
1789402421.654500008,-0.071167138315,0.022873018227,-0.091157714017,-0.691904721,0.702637382,0.099328820,0.133050188
1789402421.687849998,-0.070990752063,0.023852079616,-0.090388724544,-0.691192762,0.702811541,0.098570718,0.136353646
1789402421.721200943,-0.070805911411,0.024784185844,-0.089798881210,-0.691085395,0.702560888,0.098015875,0.138571508
1789402421.754548073,-0.070677825702,0.025627873868,-0.089443371005,-0.690950438,0.702459103,0.097846017,0.139874439
1789402421.787894964,-0.070649659675,0.026336900559,-0.089300975358,-0.691409706,0.701531754,0.097666798,0.142362256
1789402421.821240902,-0.070817487891,0.026761817227,-0.089370368848,-0.691319844,0.701575165,0.096338524,0.143485365
1789402421.854587555,-0.071205835054,0.026857710158,-0.089609596078,-0.692405072,0.700260406,0.095276463,0.145371858
1789402421.887934685,-0.071702999819,0.026902461452,-0.089770337467,-0.692940134,0.698982017,0.096509703,0.148135032
1789402421.921281576,-0.072335125492,0.027055411539,-0.089778873609,-0.692352477,0.699271466,0.096223767,0.149694525
1789402421.954627275,-0.073184378354,0.027285486657,-0.089830994989,-0.692241357,0.699149584,0.094542376,0.151833799
1789402421.987974167,-0.074278585269,0.027664126554,-0.090042235227,-0.692155037,0.699003796,0.092288921,0.154265530
1789402422.021320820,-0.075719564399,0.028153795142,-0.090456826680,-0.692247450,0.698446832,0.089537111,0.157951245
1789402422.054666519,-0.077628854980,0.028721829778,-0.090986093889,-0.692760583,0.697248741,0.086181001,0.162787598
1789402422.088013172,-0.080029735851,0.029301009376,-0.091407005765,-0.692060130,0.696720220,0.082677296,0.169700251
1789402422.121359825,-0.082696091858,0.029732429664,-0.091546046616,-0.690863649,0.696746584,0.077408668,0.176803605
1789402422.154706478,-0.084754981675,0.029852963012,-0.091156983142,-0.688651115,0.697503605,0.073280166,0.184060806
1789402422.188051939,-0.085347812661,0.029753771414,-0.090109538863,-0.685904712,0.698472007,0.076598089,0.189220279
1789402422.221398592,-0.084960708065,0.029577000472,-0.088940136815,-0.682423617,0.702027217,0.081339322,0.186653979
1789402422.254745007,-0.084913378813,0.029529558961,-0.088497036024,-0.683249795,0.702097993,0.080495406,0.183707965
1789402422.288090706,-0.085297219509,0.029632645462,-0.088739147945,-0.683698778,0.701442925,0.077338464,0.185883205
1789402422.321437359,-0.085385042520,0.029754991664,-0.089024715977,-0.684902792,0.700211413,0.077506929,0.186023702
1789402422.354783773,-0.085255104107,0.029823833609,-0.089110065081,-0.684280104,0.701045666,0.079707097,0.184234884
1789402422.388130188,-0.085326426241,0.029882624615,-0.089192901342,-0.684349477,0.700718881,0.077852660,0.186004856
1789402422.421475649,-0.085316839364,0.029957107048,-0.089287351208,-0.684195558,0.700887833,0.077837214,0.185940991
1789402422.454821825,-0.085244322732,0.030103225789,-0.089439489983,-0.684125738,0.701110533,0.079203767,0.184777594
1789402422.488168240,-0.085321533482,0.030279662831,-0.089685785157,-0.684519467,0.700480181,0.077914578,0.186252340
1789402422.521514416,-0.085293880651,0.030441063234,-0.089943307807,-0.682506214,0.700085649,0.081797907,0.193324737
1789402422.554859877,-0.085021588155,0.030541955709,-0.090131167882,-0.680313233,0.696531788,0.088723690,0.210108261
1789402422.588206053,-0.084697997098,0.030540855881,-0.090250542125,-0.677801700,0.693939433,0.094713510,0.223745992
1789402422.621552229,-0.084433538522,0.030503664561,-0.090372961936,-0.675944265,0.692552177,0.098278750,0.231974394
1789402422.654897451,-0.084128875973,0.030420925736,-0.090485730844,-0.673656529,0.689952621,0.103544530,0.243784314
1789402422.688243628,-0.083735771335,0.030297908076,-0.090557847415,-0.669727811,0.685908905,0.111412374,0.261879584
1789402422.721589804,-0.083208683047,0.030134607614,-0.090363631037,-0.664169011,0.678876510,0.123106447,0.287838518
1789402422.754939079,-0.082559939146,0.029812165170,-0.089645569228,-0.651869314,0.668174400,0.140978706,0.329748955
1789402422.788287401,-0.081742089706,0.029357240380,-0.088639285210,-0.635811916,0.649790054,0.164561787,0.382668932
1789402422.821636438,-0.080875067551,0.028884052553,-0.087581950132,-0.616008696,0.629512021,0.187405807,0.434887302
1789402422.854985714,-0.080004957695,0.028390714831,-0.086456923555,-0.595189694,0.607671236,0.208851392,0.482561906
1789402422.888334751,-0.079171302179,0.027928957867,-0.085399953719,-0.576193551,0.586650746,0.226629322,0.521997169
1789402422.921683073,-0.078370477088,0.027520020190,-0.084431600970,-0.559421175,0.570481937,0.239525486,0.551566723
1789402422.955032110,-0.077638038784,0.027182052934,-0.083596445754,-0.549899531,0.559091665,0.247861292,0.568851295
1789402422.988381386,-0.077245755880,0.027015964776,-0.083058426696,-0.546851360,0.557020815,0.250734367,0.572550154
1789402423.021729469,-0.077244038402,0.027033686574,-0.082936321693,-0.546197160,0.557191743,0.249697370,0.573460763
1789402423.055078506,-0.077284160820,0.027074833688,-0.082906807038,-0.546715483,0.556461129,0.249528180,0.573749841
1789402423.088427544,-0.077256568237,0.027121977594,-0.082853593043,-0.546755507,0.556690099,0.250218905,0.573188494
1789402423.121776581,-0.077239113666,0.027155574500,-0.082824921622,-0.546519237,0.556655775,0.249528145,0.573748007
1789402423.155124664,-0.077178477851,0.027152157426,-0.082786352634,-0.546572504,0.556857134,0.250005894,0.573293714
1789402423.188473940,-0.077091582216,0.027136237272,-0.082774711045,-0.546688973,0.556538705,0.249873857,0.573549380
1789402423.221822739,-0.077003257969,0.027091067760,-0.082747877155,-0.546555682,0.556711103,0.249869371,0.573511056
1789402423.255171776,-0.076920169735,0.027040083930,-0.082731182553,-0.546513721,0.556891578,0.250112548,0.573269776
1789402423.288519859,-0.076856298099,0.026985180652,-0.082731896089,-0.546646167,0.556537608,0.249827228,0.573611554
1789402423.321868896,-0.076807798277,0.026909705499,-0.082685100315,-0.546587934,0.556736837,0.250039402,0.573381218
1789402423.355217695,-0.076780657674,0.026828831351,-0.082637042566,-0.546655825,0.556543934,0.249920473,0.573555590
1789402423.388565779,-0.076763453724,0.026743406267,-0.082597180488,-0.546577136,0.556619242,0.249905440,0.573564055
1789402423.421914577,-0.076756821521,0.026675888393,-0.082595290403,-0.546627125,0.556627158,0.250131952,0.573409975
1789402423.455263615,-0.076769084829,0.026628382057,-0.082646879586,-0.546552147,0.556573831,0.249897770,0.573635272
1789402423.488612652,-0.076775547405,0.026579963185,-0.082709814860,-0.546677332,0.556491142,0.250277584,0.573430584
1789402423.521960497,-0.076799725853,0.026529637127,-0.082759752399,-0.546472606,0.556714087,0.250461761,0.573328896
1789402423.555309296,-0.076846502775,0.026477018951,-0.082807830802,-0.546302867,0.556866359,0.250754895,0.573214635
1789402423.588658094,-0.076877683927,0.026433397156,-0.082885118301,-0.546005193,0.557154301,0.250849951,0.573176863
1789402423.622005939,-0.076872644760,0.026390639696,-0.082944439189,-0.546548399,0.555743921,0.251050026,0.573940264
1789402423.655354738,-0.076967768515,0.026313764549,-0.082809325581,-0.546201199,0.553773496,0.252515762,0.575530151
1789402423.688703537,-0.077350611362,0.026123916015,-0.082493472526,-0.544120042,0.552522312,0.253438063,0.578291988
1789402423.722052336,-0.078026133434,0.025667234127,-0.082300126232,-0.541524510,0.551858713,0.253826950,0.581184175
1789402423.755400896,-0.078941462540,0.024776630023,-0.082690621804,-0.535262530,0.551297215,0.253108012,0.587793959
1789402423.788750410,-0.079939142052,0.023289366232,-0.083961645082,-0.527822988,0.549758592,0.252192548,0.596294644
1789402423.822100163,-0.080552218987,0.021070336209,-0.086098893941,-0.519655368,0.545425295,0.253605667,0.606756715
1789402423.855449677,-0.080727628282,0.018272890433,-0.089061183834,-0.514422876,0.537213092,0.255979300,0.617451048
1789402423.888798237,-0.080271863058,0.015090494196,-0.092496783366,-0.513130736,0.525007819,0.260165538,0.627198159
1789402423.922147989,-0.079189395884,0.011520713469,-0.096019358849,-0.513870897,0.511627483,0.266296902,0.635027543
1789402423.955497265,-0.077683275195,0.007504044373,-0.099377533217,-0.514474441,0.499339279,0.274308306,0.640883209
1789402423.988846064,-0.075824328643,0.003186774017,-0.102366820730,-0.516910216,0.487351796,0.285296588,0.643348982
1789402424.022195578,-0.073505651223,-0.001278692203,-0.104929066552,-0.519823237,0.476233153,0.300082006,0.642601413
1789402424.055544853,-0.070802448730,-0.005752937034,-0.106996284407,-0.520972532,0.465022897,0.317621085,0.641450055
1789402424.088894606,-0.067687505618,-0.010035742432,-0.108595774211,-0.523393318,0.452173735,0.336034620,0.639280128
1789402424.122243166,-0.064234265077,-0.014026183776,-0.109793568984,-0.528324344,0.439549994,0.354945583,0.633784524
1789402424.155592442,-0.060627674968,-0.017751913569,-0.110597677543,-0.531896129,0.428032319,0.373329472,0.628092308
1789402424.188942194,-0.056965417589,-0.021179176354,-0.111073350931,-0.534598629,0.417535187,0.389848474,0.622805621
1789402424.222291470,-0.053329693780,-0.024153103295,-0.111291770817,-0.538668553,0.408563548,0.402844488,0.616950837
1789402424.255639791,-0.049872887097,-0.026565996143,-0.111246958683,-0.543681409,0.403006765,0.411966856,0.610147017
1789402424.288989544,-0.046746038407,-0.028426652315,-0.110824197436,-0.547089477,0.399868082,0.418262382,0.604859654
1789402424.322338820,-0.044020277518,-0.029806712029,-0.110113495215,-0.549382724,0.398326169,0.421806828,0.601326771
1789402424.355687141,-0.041665970080,-0.030742073368,-0.109212121630,-0.550663587,0.398839030,0.424353224,0.598014534
1789402424.389036894,-0.039566596478,-0.031226730129,-0.108214202459,-0.551370595,0.399215469,0.427010767,0.595213643
1789402424.422386169,-0.037632858036,-0.031341271543,-0.107251403392,-0.551985424,0.398561956,0.429788212,0.593078875
1789402424.455735683,-0.035817111288,-0.031181395988,-0.106363724914,-0.552774128,0.396622518,0.432922034,0.591362710
1789402424.489084005,-0.034201448320,-0.030867269022,-0.105542355725,-0.553752532,0.393900068,0.436310254,0.589774730
1789402424.522433519,-0.032915448144,-0.030594418507,-0.104828488781,-0.553982201,0.391929172,0.438847615,0.588988978
1789402424.555783033,-0.032035912232,-0.030440338417,-0.104274270605,-0.553756038,0.392593609,0.439219615,0.588481638
1789402424.589132309,-0.031569996482,-0.030286224980,-0.103909316361,-0.553654170,0.394833386,0.438035039,0.587961701
1789402424.622480631,-0.031460762129,-0.030071639882,-0.103734087158,-0.553369772,0.395713176,0.436723978,0.588612899
1789402424.655830145,-0.031654625151,-0.029724636596,-0.103610511516,-0.553470259,0.395724474,0.435128107,0.589691736
1789402424.689179420,-0.032091899719,-0.029257813133,-0.103450085019,-0.552471035,0.396281476,0.434209339,0.590930619
1789402424.722527742,-0.032679684120,-0.028685139856,-0.103244306515,-0.550969969,0.395957942,0.434550367,0.592296699
1789402424.755879641,-0.033368300687,-0.028020414899,-0.103022322558,-0.549853761,0.395674101,0.434831228,0.593316652
1789402424.789231777,-0.034124773707,-0.027325410460,-0.102897085498,-0.548534056,0.396794672,0.434542507,0.594000999
1789402424.822583437,-0.034879349672,-0.026637598406,-0.102985525012,-0.547375449,0.397709547,0.433436655,0.595264563
1789402424.855934620,-0.035612573282,-0.025885712656,-0.103369639619,-0.546014065,0.398291461,0.431803787,0.597309001
1789402424.889286280,-0.036298849302,-0.025098946493,-0.103998446239,-0.542365014,0.398265270,0.431175828,0.601092648
1789402424.922638416,-0.036800921777,-0.024551299710,-0.104580830134,-0.536501125,0.396739194,0.431843609,0.606857192
1789402424.955989361,-0.037191978454,-0.023790476000,-0.105307221066,-0.531657332,0.393474504,0.432888684,0.612475047
1789402424.989341259,-0.037608931955,-0.022852088232,-0.106014633190,-0.526423574,0.388824591,0.433146810,0.619739864
1789402425.022693396,-0.037983336537,-0.021950374322,-0.106285765089,-0.521373110,0.384697218,0.430680142,0.628245768
1789402425.056045294,-0.038352644441,-0.021101186422,-0.105964660852,-0.519240602,0.384399447,0.426698593,0.632893809
1789402425.089396238,-0.038628044644,-0.020390494476,-0.104944342827,-0.516771741,0.387896773,0.423810810,0.634718408
1789402425.122748375,-0.038864377784,-0.019763437485,-0.103331830636,-0.515712955,0.393964223,0.421143845,0.633616761
1789402425.156100273,-0.039078259295,-0.019179905904,-0.101258077009,-0.514953127,0.401492916,0.419489464,0.630599164
1789402425.189452410,-0.039239070787,-0.018576770431,-0.098931463876,-0.513651538,0.408646183,0.419858705,0.626808633
1789402425.222803354,-0.039170856071,-0.017873912917,-0.096665289748,-0.512777420,0.415597310,0.421181254,0.622048667
1789402425.256155491,-0.038839645204,-0.017071060227,-0.094638824657,-0.513161045,0.420684812,0.423232762,0.616898744
1789402425.289507627,-0.038377156371,-0.016154628652,-0.093049180572,-0.512911200,0.422647309,0.426204328,0.613711026
1789402425.322858572,-0.037897069806,-0.015210832091,-0.092039899351,-0.511677154,0.423426613,0.427495810,0.613305573
1789402425.356210709,-0.037416984488,-0.014383760916,-0.091651945719,-0.512371295,0.425093471,0.425411971,0.613021901
1789402425.389562845,-0.036938830069,-0.013744729367,-0.091779252156,-0.514485662,0.426876777,0.420940893,0.613098268
1789402425.422914743,-0.036490079119,-0.013314664199,-0.092169382179,-0.516253844,0.428387759,0.416332406,0.613704509
1789402425.456265926,-0.036131002802,-0.012924366779,-0.092664663954,-0.517689660,0.428431596,0.412586719,0.614992669
1789402425.489617825,-0.035842612411,-0.012616241116,-0.093030583407,-0.518673323,0.427693266,0.409881396,0.616484952
1789402425.522969961,-0.035566660523,-0.012486960168,-0.093061001283,-0.519405999,0.427800856,0.408043559,0.617012390
1789402425.556322336,-0.035265176454,-0.012539291399,-0.092707943375,-0.520081857,0.429299118,0.406439476,0.616460933
1789402425.589673281,-0.034882253767,-0.012550372377,-0.092112722026,-0.520998343,0.431774404,0.405379800,0.614653405
1789402425.623025417,-0.034441879563,-0.012537059855,-0.091319658386,-0.520293626,0.433431006,0.406393942,0.613413458
1789402425.656377792,-0.033945257265,-0.012567450544,-0.090445888327,-0.518775318,0.434559942,0.408012545,0.612825905
1789402425.689728737,-0.033376334789,-0.012636604416,-0.089667764955,-0.518073391,0.435829062,0.408363131,0.612284691
1789402425.723080873,-0.032745415002,-0.012669945964,-0.089069911374,-0.518860785,0.438062761,0.406522310,0.611247998
1789402425.756432772,-0.032085369463,-0.012663437634,-0.088649665959,-0.519372456,0.441257311,0.403450182,0.610550725
1789402425.789784670,-0.031473048977,-0.012697726191,-0.088355866403,-0.519236315,0.443784290,0.401424985,0.610169759
1789402425.823135853,-0.031073711081,-0.012643730702,-0.087986633577,-0.518205063,0.444298186,0.402119303,0.610215290
1789402425.856487513,-0.030747462414,-0.012502064361,-0.087649529098,-0.517387966,0.443379431,0.403504029,0.610662650
1789402425.889839649,-0.030436216767,-0.012359223359,-0.087478409867,-0.518181890,0.443254631,0.403173083,0.610298555
1789402425.923191547,-0.030199763897,-0.012242275911,-0.087453979433,-0.519539656,0.443923776,0.401674392,0.609645725
1789402425.956542730,-0.030096755166,-0.012134252953,-0.087486259450,-0.520879431,0.444785288,0.399882367,0.609052345
1789402425.989894629,-0.030198332464,-0.012021923758,-0.087538852143,-0.521945462,0.446630110,0.397357973,0.608441551
1789402426.023246765,-0.030441788500,-0.011869655475,-0.087687633984,-0.523095253,0.449573803,0.393417248,0.607846709
1789402426.056597710,-0.030554124473,-0.011534812909,-0.088003845719,-0.524928100,0.452702866,0.388494126,0.607110303
1789402426.089949846,-0.030809636044,-0.011015858741,-0.088473343568,-0.526371949,0.454760094,0.383792032,0.607313349
1789402426.123301983,-0.031311867126,-0.010291821613,-0.089185231567,-0.525873485,0.455413360,0.380370741,0.609404504
1789402426.156654119,-0.031661772686,-0.009365188578,-0.090399266569,-0.521438708,0.453369435,0.379276445,0.615391913
1789402426.190005064,-0.032084212426,-0.008445957957,-0.091724783026,-0.515442852,0.448670167,0.379424278,0.623739501
1789402426.223357439,-0.032729530569,-0.007533542185,-0.093173908286,-0.509060092,0.443831694,0.378849177,0.632727865
1789402426.256709576,-0.033708217308,-0.006587326713,-0.094645055136,-0.502144296,0.440515218,0.376717328,0.641779950
1789402426.290060759,-0.035019896941,-0.005603130809,-0.095967326857,-0.495115104,0.438331527,0.373171679,0.650745269
1789402426.323413134,-0.036522474354,-0.004611911366,-0.097008777797,-0.487686562,0.436273225,0.369616457,0.659705363
1789402426.356765032,-0.038107087478,-0.003561579436,-0.097776810755,-0.480132403,0.434156941,0.366458381,0.668347874
1789402426.390117407,-0.039800852124,-0.002423182397,-0.098364120580,-0.472764374,0.432102886,0.362552383,0.677005695
1789402426.423468828,-0.041546391840,-0.001193866144,-0.098778174014,-0.466229281,0.431721111,0.356934501,0.684722500
1789402426.456820965,-0.043397848738,0.000067971379,-0.098969072440,-0.459394053,0.432881911,0.351365864,0.691456712
1789402426.490173340,-0.045388731971,0.001295661600,-0.098857113578,-0.450444720,0.434251695,0.346518421,0.698891983
1789402426.523525715,-0.047398710419,0.002508148639,-0.098590463998,-0.441426695,0.436516902,0.340883627,0.705970127
1789402426.556876898,-0.049526710467,0.003660426075,-0.098268790733,-0.433677469,0.439114239,0.334308728,0.712278185
1789402426.590229511,-0.051828161776,0.004715713513,-0.097845487538,-0.428624568,0.442506998,0.325945262,0.717097080
1789402426.623581886,-0.054280019768,0.005706862286,-0.097366056200,-0.422608031,0.447838120,0.318661865,0.720623401
1789402426.656933069,-0.056863690820,0.006698935221,-0.097101032699,-0.414720643,0.452072005,0.312500415,0.725245601
1789402426.690285683,-0.059407653242,0.007808867574,-0.097015020631,-0.408225503,0.455669124,0.307508910,0.728804404
1789402426.723638058,-0.061839086825,0.009154430831,-0.097219591512,-0.402651763,0.457774461,0.303204975,0.732380259
1789402426.756988764,-0.064114591315,0.010695940202,-0.097748067745,-0.397518939,0.457015277,0.299314136,0.737242686
1789402426.790338278,-0.066276189385,0.012162322939,-0.098556942619,-0.393231237,0.455311287,0.294905632,0.742355369
1789402426.823689222,-0.068165349694,0.013455970346,-0.099817176620,-0.390857345,0.452903555,0.291183368,0.746539451
1789402426.857039928,-0.070035108518,0.014441199754,-0.101100289061,-0.388005925,0.450178980,0.288541157,0.750689209
1789402426.890390635,-0.071821583930,0.015137282360,-0.102375980285,-0.385704171,0.447655914,0.286560970,0.754134793
1789402426.923740387,-0.073746016741,0.015679632237,-0.103434544214,-0.384099435,0.445537105,0.284778195,0.756878915
1789402426.957091331,-0.075936852904,0.016212732703,-0.104255265296,-0.382653478,0.444185271,0.283640005,0.758830751
1789402426.990442038,-0.078324103185,0.016780936830,-0.105100778863,-0.380136864,0.443467521,0.283899247,0.760416820
1789402427.023791790,-0.080854139938,0.017397346685,-0.105921631158,-0.376471573,0.442513567,0.284196108,0.762681762
1789402427.057142496,-0.083300973415,0.017999057751,-0.106715756558,-0.373432993,0.442285724,0.282871144,0.764797394
1789402427.090493441,-0.085442852652,0.018573841099,-0.107476592588,-0.371080121,0.442707202,0.280960929,0.766401222
1789402427.123844147,-0.087172485051,0.019151891989,-0.108144082800,-0.368763159,0.442860846,0.279011524,0.768140985
1789402427.157193899,-0.088488765062,0.019680985038,-0.108659716256,-0.367630701,0.442862828,0.277166175,0.769349787
1789402427.190544605,-0.089406587585,0.020181374912,-0.108979445797,-0.367213775,0.443242999,0.274791011,0.770181529
1789402427.223895550,-0.089957947075,0.020719889666,-0.109005046910,-0.366982001,0.444223986,0.271195474,0.771000828
1789402427.257246256,-0.090102410245,0.021328082677,-0.108632206806,-0.367872266,0.446868256,0.266449615,0.770703160
1789402427.290596247,-0.089733310187,0.021990954241,-0.107823770195,-0.369626198,0.451931204,0.261043858,0.768759237
1789402427.323946953,-0.088762732712,0.022626857337,-0.106646871936,-0.374263193,0.459318670,0.253882534,0.764524088
1789402427.357297897,-0.087147268670,0.023156406120,-0.105232870465,-0.384384585,0.468675509,0.245019466,0.756675108
1789402427.390647650,-0.084986677687,0.023508371028,-0.103638306298,-0.401081674,0.479778559,0.232759194,0.744828291
1789402427.423998594,-0.082492262362,0.023578532829,-0.101706364575,-0.421153483,0.494556649,0.218412348,0.728244128
1789402427.457349300,-0.079769002955,0.023319635677,-0.099193752265,-0.437119834,0.510072175,0.209078063,0.710660953
1789402427.490700245,-0.076828968390,0.022813015295,-0.096079218422,-0.447063655,0.521879786,0.206908745,0.696393817
1789402427.524049997,-0.073727698800,0.022147177577,-0.092729725114,-0.456678979,0.531680047,0.204606654,0.683298437
1789402427.557400942,-0.070551522049,0.021340725666,-0.089573524126,-0.471872218,0.542640261,0.195715300,0.666763585
1789402427.590751648,-0.067406359921,0.020248759691,-0.086573413933,-0.488431741,0.555967228,0.183244740,0.647113777
1789402427.624101877,-0.064304823572,0.018683493172,-0.083203896370,-0.502294973,0.570052382,0.173102412,0.626718116
1789402427.657452583,-0.061075616896,0.016676015561,-0.079177737752,-0.513965269,0.584883154,0.167218329,0.604805281
1789402427.690803528,-0.057476574724,0.014434779879,-0.074611134805,-0.526625908,0.601067788,0.162060386,0.578894721
1789402427.724154234,-0.053259103993,0.012151035857,-0.069663577688,-0.540240048,0.617695368,0.160702084,0.548423160
1789402427.757505178,-0.048316509279,0.010037439567,-0.064517505942,-0.553061642,0.632496962,0.165887321,0.516286558
1789402427.790857077,-0.042740687976,0.008370524265,-0.059626554861,-0.564789858,0.645415806,0.173243847,0.484187383
1789402427.824208975,-0.036719142311,0.007236632283,-0.055485074255,-0.576076274,0.655875252,0.179349899,0.453648976
1789402427.857561111,-0.030456400665,0.006658699726,-0.052463094655,-0.588912483,0.663126296,0.183845998,0.423846968
1789402427.890911818,-0.024135155086,0.006548719554,-0.050784823213,-0.603593408,0.667030157,0.185561493,0.395364009
1789402427.924263954,-0.017836980411,0.006667628605,-0.050387419354,-0.619521136,0.667719504,0.184854435,0.369016348
1789402427.957615852,-0.011603497467,0.006814565145,-0.051001625664,-0.634699935,0.666331166,0.183550070,0.345641639
1789402427.990966797,-0.005539446986,0.006950587694,-0.052248085777,-0.648258210,0.663078560,0.184155556,0.325844821
1789402428.024318933,0.000141955305,0.006960446794,-0.053680290914,-0.660271584,0.659338372,0.184594760,0.308608360
1789402428.057670832,0.005119140690,0.006701299337,-0.054984776688,-0.670455572,0.657181348,0.181692374,0.292557487
1789402428.091022968,0.009187182598,0.006017564130,-0.055919707129,-0.677145309,0.657533816,0.175880187,0.279624160
1789402428.124373913,0.012392526918,0.004860473319,-0.056307760287,-0.680404961,0.659836760,0.169419008,0.270114307
1789402428.157726049,0.014875207805,0.003331546945,-0.056257834197,-0.682498416,0.663963491,0.160241541,0.260136586
1789402428.191078424,0.016719598649,0.001595002240,-0.056085354749,-0.685066016,0.668848428,0.147476163,0.248147369
1789402428.224430323,0.018124191208,-0.000291563694,-0.055968962049,-0.687938264,0.673480386,0.132816410,0.235637255
1789402428.257781506,0.019316394324,-0.002340680750,-0.056055782085,-0.692086828,0.677030578,0.116665985,0.221437277
1789402428.291133881,0.020497404220,-0.004565615031,-0.056483256810,-0.697015162,0.679249516,0.100349140,0.206688193
1789402428.324485779,0.021974377911,-0.007003053914,-0.057156669273,-0.702269176,0.680257403,0.086003036,0.191497646
1789402428.357837200,0.023853446187,-0.009677726764,-0.057962674289,-0.707218726,0.680521216,0.073631670,0.176948934
1789402428.391189337,0.026081823003,-0.012572160356,-0.058852594711,-0.711285933,0.680677321,0.061318171,0.164288732
1789402428.424541712,0.028642165231,-0.015577155519,-0.059754271862,-0.714722467,0.681183261,0.048021909,0.151178892
1789402428.457893848,0.031433884366,-0.018479361007,-0.060646968432,-0.718090395,0.681956570,0.034787222,0.134429424
1789402428.491245031,0.034329410885,-0.021064706465,-0.061564028556,-0.721313665,0.682583089,0.022016082,0.115335236
1789402428.524597406,0.037326551371,-0.023303348867,-0.062476420028,-0.724058540,0.683149835,0.007597201,0.094804100
1789402428.557949781,0.040365746955,-0.025181856914,-0.063405075452,-0.726293058,0.683524972,-0.007392370,0.072369600
1789402428.591302156,0.043381891643,-0.026559113659,-0.064389066750,-0.728584255,0.682693599,-0.020456354,0.051729783
1789402428.624653578,0.046409498067,-0.027441011642,-0.065343674401,-0.730554777,0.681318148,-0.031080910,0.033604686
1789402428.658005953,0.049436153764,-0.027884908181,-0.066195338845,-0.731967110,0.679978522,-0.039497254,0.017126764
1789402428.691358089,0.052322815519,-0.027964931319,-0.066925558452,-0.732898422,0.678686831,-0.047330250,0.001983990
1789402428.724709749,0.055037948548,-0.027753900941,-0.067615004776,-0.733054787,0.677633240,-0.056933871,-0.014226954
1789402428.758062363,0.057543773165,-0.027359203864,-0.068352849248,-0.731994147,0.676979728,-0.068880006,-0.033742575
1789402428.791414976,0.059815988096,-0.026836422321,-0.069161009226,-0.730130889,0.676314812,-0.080967759,-0.054326614
1789402428.824767828,0.062022275477,-0.026226494867,-0.069916690771,-0.728163213,0.675415084,-0.091114742,-0.072738601
1789402428.858119726,0.064358055772,-0.025626115820,-0.070445052248,-0.725883538,0.675363135,-0.097384460,-0.086567847
1789402428.891472101,0.066885136059,-0.025021018244,-0.070660094742,-0.722469856,0.677368575,-0.099724620,-0.096250303
1789402428.924824953,0.069454879894,-0.024311332079,-0.070604878955,-0.717868317,0.680429085,-0.101623872,-0.106554810
1789402428.958176851,0.071877682771,-0.023469796879,-0.070429599310,-0.712431227,0.683810221,-0.104192658,-0.118276023
1789402428.991529465,0.074044595640,-0.022556744349,-0.070293471882,-0.706727236,0.686942174,-0.107804987,-0.130480447
1789402429.024882317,0.075948702315,-0.021630434380,-0.070293305436,-0.700589298,0.689882046,-0.112404721,-0.143535981
1789402429.058235407,0.077576693271,-0.020704307027,-0.070457600040,-0.694843551,0.692346853,-0.116413707,-0.155872138
1789402429.091587067,0.078910047658,-0.019751635825,-0.070747825308,-0.690658050,0.694015264,-0.118577425,-0.165147408
1789402429.124939919,0.079996917417,-0.018696069025,-0.071081464536,-0.687669119,0.695491315,-0.118571827,-0.171300133
1789402429.158292770,0.080912082295,-0.017516312823,-0.071350601560,-0.685165926,0.696998594,-0.117448946,-0.175915770
1789402429.191645861,0.081737826126,-0.016265008414,-0.071517048023,-0.682680906,0.698694523,-0.115801237,-0.179896687
1789402429.224997520,0.082525557196,-0.015012435960,-0.071570119367,-0.680601045,0.700150380,-0.114308117,-0.183044577
1789402429.258350611,0.083275870659,-0.013889002359,-0.071499366752,-0.679163095,0.701087217,-0.112744349,-0.185749605
1789402429.291703463,0.084014673691,-0.013029938636,-0.071278969917,-0.678368757,0.702074294,-0.109900044,-0.186626623
1789402429.325055361,0.084771034688,-0.012628010029,-0.070849705188,-0.677868305,0.703012446,-0.107581193,-0.186264190
1789402429.358408451,0.085489388526,-0.012693370611,-0.070330540999,-0.676809239,0.703992953,-0.107113459,-0.186681234
1789402429.391761303,0.085927941423,-0.013027324948,-0.069979565916,-0.676609589,0.703736726,-0.108485639,-0.187576518
1789402429.425114155,0.086549513735,-0.013864824607,-0.069395665360,-0.677336613,0.703032912,-0.109663744,-0.186905594
1789402429.458466291,0.087707576024,-0.015344671061,-0.068375676724,-0.677829858,0.702338206,-0.112141309,-0.186258031
1789402429.491819382,0.089482286915,-0.017458864551,-0.066869095696,-0.676876959,0.702137478,-0.117445331,-0.187208810
1789402429.525172472,0.091999327162,-0.020123772095,-0.064884383204,-0.675620947,0.701916455,-0.123601310,-0.188606316
1789402429.558525324,0.095296362741,-0.023065361792,-0.062359404781,-0.674598367,0.701945061,-0.127554850,-0.189525551
1789402429.591877460,0.099345314889,-0.026052946749,-0.059251861215,-0.673411612,0.702743118,-0.127863358,-0.190577735
1789402429.625230789,0.104142660417,-0.029002018624,-0.055705707723,-0.671875907,0.703797695,-0.126361523,-0.193091522
1789402429.658583641,0.109497818930,-0.031883093453,-0.051862467602,-0.669695832,0.704821673,-0.126389700,-0.196874440
1789402429.691935778,0.115225289204,-0.034712025801,-0.047883847828,-0.666569008,0.705696899,-0.129397318,-0.202321473
1789402429.725289106,0.121373802253,-0.037447765261,-0.043975778051,-0.663254442,0.706158862,-0.133524576,-0.208816655
1789402429.758637905,0.127874820922,-0.040106021881,-0.040212755676,-0.660353648,0.706248991,-0.137497712,-0.215034422
1789402429.791986704,0.134644900332,-0.042732415744,-0.036601579025,-0.657618502,0.706314809,-0.141204478,-0.220722884
1789402429.825334787,0.141701218739,-0.045310427168,-0.033167154174,-0.654578250,0.706050653,-0.145292054,-0.227837680
1789402429.858683825,0.149016676891,-0.047791411553,-0.029859866427,-0.651152027,0.705618289,-0.148584921,-0.236698945
1789402429.892032623,0.156489609466,-0.050128344116,-0.026587148146,-0.648196959,0.704511218,-0.151161319,-0.246282156
1789402429.925381660,0.164132094442,-0.052303743246,-0.023234869935,-0.645291642,0.704311070,-0.151944206,-0.253884956
1789402429.958729267,0.171921138699,-0.054292634329,-0.019700636446,-0.641787358,0.705178617,-0.150628236,-0.261042602
1789402429.992078066,0.179730066192,-0.056027934867,-0.016001778363,-0.638013695,0.706639991,-0.147587717,-0.267985659
1789402430.025427103,0.187463162891,-0.057476929120,-0.012291828134,-0.633659565,0.708600077,-0.145049662,-0.274448689
1789402430.058774948,0.194999317166,-0.058635369987,-0.008706532193,-0.628270423,0.710053566,-0.144889655,-0.283032149
1789402430.092123508,0.202264683195,-0.059556504078,-0.005282206106,-0.623224923,0.711020916,-0.145088546,-0.291529187
1789402430.125472307,0.209292935061,-0.060287307176,-0.001980449588,-0.619167062,0.712008809,-0.144023995,-0.298215851
1789402430.158821106,0.216039762028,-0.060857308804,0.001261701192,-0.615727396,0.712716689,-0.142046605,-0.304528254
1789402430.192168951,0.222424118413,-0.061242466828,0.004506239748,-0.612826277,0.713482504,-0.139437080,-0.309748236
1789402430.225517511,0.228335535552,-0.061482219858,0.007754399103,-0.609838603,0.714862787,-0.137495620,-0.313309798
1789402430.258866310,0.233657654705,-0.061583543997,0.010846840724,-0.605717156,0.716367031,-0.137716455,-0.317740747
1789402430.292213917,0.238335137387,-0.061510409723,0.013695772086,-0.602219795,0.717082077,-0.139602246,-0.321925189
1789402430.325562477,0.242415268921,-0.061216406166,0.016336631717,-0.599518905,0.718060621,-0.141717275,-0.323855277
1789402430.358911037,0.245992084346,-0.060735763278,0.018790687539,-0.596057692,0.719421471,-0.143619448,-0.326376209
1789402430.392259836,0.248999622663,-0.060101060802,0.020965577617,-0.592694913,0.720721194,-0.144325794,-0.329308011
1789402430.425607443,0.251261369521,-0.059339591903,0.022695161791,-0.590493147,0.721972344,-0.143790977,-0.330753584
1789402430.458955765,0.252730289322,-0.058472133906,0.023949739257,-0.589011497,0.723081193,-0.142813838,-0.331395915
1789402430.492304325,0.253377065188,-0.057523217056,0.024794390588,-0.588288088,0.723147017,-0.143099494,-0.332412473
1789402430.525653124,0.253182988977,-0.056590445391,0.025348858990,-0.587753584,0.723501900,-0.143681713,-0.332334607
1789402430.559000492,0.252324810968,-0.055763655456,0.025596876108,-0.587375175,0.724278510,-0.143957079,-0.331190887
1789402430.592348814,0.250937958683,-0.055127468177,0.025478717740,-0.586992978,0.725295981,-0.143717415,-0.329742760
1789402430.625697613,0.248927708698,-0.054757849685,0.024883958349,-0.587017600,0.725976186,-0.142756240,-0.328617665
1789402430.659044981,0.246253856880,-0.054686664436,0.023737551437,-0.588446424,0.726151044,-0.140455753,-0.326661367
1789402430.692393303,0.242877319837,-0.054860865491,0.021983939703,-0.591856009,0.725997953,-0.135868643,-0.322758653
1789402430.725741625,0.238590690979,-0.055155692258,0.019556579918,-0.597414519,0.725360532,-0.130192276,-0.316224544
1789402430.759092569,0.233077978505,-0.055478283716,0.016548915800,-0.603689108,0.723898757,-0.126684063,-0.309000321
1789402430.792442083,0.226239897264,-0.055793003526,0.013148971065,-0.609973845,0.721986483,-0.124775327,-0.301825356
1789402430.825792789,0.218350138136,-0.055987615283,0.009418922934,-0.617869215,0.719851606,-0.120494619,-0.292459133
1789402430.859143496,0.209521682772,-0.056069587004,0.005600989321,-0.627415236,0.717730402,-0.114166701,-0.279605357
1789402430.892494202,0.199814882250,-0.056109033021,0.001938762181,-0.636406364,0.716104546,-0.108571008,-0.265317837
1789402430.925843716,0.189319429497,-0.056155959130,-0.001521265487,-0.643165794,0.715831100,-0.104967411,-0.250809569
1789402430.959194660,0.178179333728,-0.056156504687,-0.004936432123,-0.648400983,0.715779457,-0.103888008,-0.237577809
1789402430.992545128,0.166724713457,-0.055970317809,-0.008543332114,-0.653406988,0.716018685,-0.102050595,-0.223522320
1789402431.025894880,0.155196634303,-0.055552712864,-0.012535294197,-0.658549759,0.716125613,-0.098758481,-0.209100655
1789402431.059245586,0.143668936949,-0.054951237721,-0.016968108788,-0.663681260,0.715371261,-0.096286592,-0.196214261
1789402431.092596292,0.132279515298,-0.054163856238,-0.021724565221,-0.668986903,0.714070372,-0.094306903,-0.183483613
1789402431.125946760,0.121225832654,-0.053275204028,-0.026653610459,-0.673314598,0.713547007,-0.091507635,-0.170658940
1789402431.159296513,0.110653585738,-0.052329872479,-0.031681819578,-0.676329353,0.713785395,-0.087293185,-0.159589833
1789402431.192647219,0.100647538329,-0.051249657500,-0.036763455732,-0.679124713,0.714142238,-0.081853952,-0.148628457
1789402431.225997686,0.091160308146,-0.050029607790,-0.041852024288,-0.681294122,0.715025459,-0.075720155,-0.137271161
1789402431.259348631,0.082051186585,-0.048706432268,-0.046878583470,-0.683045494,0.715481499,-0.070664305,-0.128614284
1789402431.292698145,0.073257097640,-0.047363032501,-0.051695817461,-0.685438866,0.715177444,-0.065113078,-0.120229247
1789402431.326048851,0.064718267752,-0.046181464683,-0.056118309135,-0.688671351,0.714664926,-0.058009182,-0.107799577
1789402431.359399557,0.056352553698,-0.045295958107,-0.060001323582,-0.691637767,0.714074720,-0.052652391,-0.094668995
1789402431.392749310,0.048135968959,-0.044752491778,-0.063186192706,-0.695011016,0.712299447,-0.051249488,-0.083442651
1789402431.426099777,0.040200041585,-0.044597759889,-0.065358337623,-0.697895007,0.711064591,-0.048914996,-0.070263998
1789402431.459450722,0.032707693771,-0.044873102310,-0.066284593594,-0.698522904,0.712194866,-0.042781896,-0.054899322
1789402431.492801189,0.025675395721,-0.045488679523,-0.066024233581,-0.697836286,0.714184408,-0.036089456,-0.040776224
1789402431.526150942,0.019073786086,-0.046325846354,-0.064760128197,-0.695837394,0.717119883,-0.028895758,-0.026728819
1789402431.559501648,0.012898265474,-0.047311152129,-0.062742705573,-0.693008261,0.720516645,-0.021393952,-0.011730891
1789402431.592852354,0.007221193755,-0.048322856268,-0.060196307577,-0.690858127,0.722803361,-0.016419712,0.000861928
1789402431.626201868,0.002140834922,-0.049273973325,-0.057166586719,-0.688360967,0.725168653,-0.012297893,0.011762930
1789402431.659552813,-0.002294347162,-0.050124636765,-0.053610711889,-0.685155750,0.728040500,-0.006278645,0.021890818
1789402431.692903280,-0.006074175947,-0.050876507523,-0.049570993126,-0.681932617,0.730728335,0.000918365,0.031672739
1789402431.726253986,-0.009193302843,-0.051471623175,-0.045152748497,-0.678634349,0.733376446,0.006669176,0.039622347
1789402431.759603262,-0.011672891435,-0.051900780528,-0.040452442193,-0.675158265,0.736263634,0.011025955,0.044222246
1789402431.792953730,-0.013567298363,-0.052209767292,-0.035536264207,-0.671003478,0.739586693,0.017989564,0.049418944
1789402431.826303959,-0.014969688666,-0.052409157439,-0.030512099226,-0.666973244,0.742499310,0.026606474,0.055978233
1789402431.859654188,-0.016079126910,-0.052483422576,-0.025547984452,-0.664314434,0.744421840,0.032102935,0.059091947
1789402431.893003702,-0.017179840555,-0.052473480301,-0.020710868657,-0.662417032,0.745824405,0.035143032,0.060947514
1789402431.926353931,-0.018223910034,-0.052429571367,-0.015921475598,-0.660120540,0.747386474,0.038249418,0.064740356
1789402431.959704399,-0.019380726920,-0.052178028218,-0.011276570141,-0.658181659,0.748571228,0.041509363,0.068665803
1789402431.993053675,-0.020591797525,-0.051541398043,-0.006815141875,-0.657090942,0.748838792,0.046815094,0.072665707
1789402432.026404142,-0.021704670278,-0.050526287454,-0.002514902005,-0.655223606,0.748981090,0.056176836,0.080953792
1789402432.059754372,-0.022774083236,-0.049270556694,0.001491258010,-0.652536513,0.749231543,0.066600471,0.091720065
1789402432.093104839,-0.023906659164,-0.047867247467,0.005030744443,-0.650712982,0.749394091,0.073639130,0.097767013
1789402432.126454115,-0.025168481102,-0.046373065175,0.008167904146,-0.649482712,0.749485486,0.077950490,0.101820596
1789402432.159804344,-0.026583311207,-0.044773963515,0.011046083515,-0.648568099,0.749429092,0.081423976,0.105288144
1789402432.193154812,-0.027999373022,-0.042999256785,0.013654442081,-0.647668215,0.748978330,0.086595038,0.109811855
1789402432.226505041,-0.029554780410,-0.041205489817,0.016495330710,-0.645007657,0.749611878,0.093021050,0.115733484
1789402432.259854555,-0.031430053131,-0.039469554750,0.019410617708,-0.641167078,0.751653492,0.097473951,0.120085950
1789402432.293204784,-0.033705820478,-0.037867213139,0.022033393656,-0.636950184,0.754478089,0.099026949,0.123494694
1789402432.326555252,-0.036270765771,-0.036474869287,0.023950701665,-0.633690793,0.756561928,0.098124682,0.128146696
1789402432.359904289,-0.038960277640,-0.035253318268,0.024868931237,-0.632957804,0.756829133,0.095234638,0.132304368
1789402432.393254757,-0.041652379444,-0.034187722711,0.024847774679,-0.633850158,0.755315089,0.092957814,0.138173581
1789402432.426604986,-0.044298504126,-0.033355584898,0.024116926950,-0.634682756,0.753312686,0.091910790,0.145774491
1789402432.459955215,-0.046927767833,-0.032716293079,0.022782061993,-0.636290757,0.751009435,0.090625718,0.151346889
1789402432.493304729,-0.049547337105,-0.032191221334,0.020959758227,-0.637633979,0.749085041,0.089913560,0.155595829
1789402432.526654959,-0.052119675349,-0.031707509483,0.018736873235,-0.637853743,0.747959734,0.089743472,0.160140402
1789402432.560005426,-0.054618646322,-0.031177479267,0.015925777990,-0.638087689,0.747348633,0.087882254,0.163066952
1789402432.593355656,-0.056913187594,-0.030573674376,0.012267892808,-0.639058663,0.746697110,0.083729451,0.164428799
1789402432.626705170,-0.058824632557,-0.030001047970,0.007575674282,-0.639751689,0.746126354,0.079008614,0.166645970
1789402432.660055399,-0.060160103368,-0.029516627716,0.001909144111,-0.641525430,0.744275757,0.075937415,0.169505841
1789402432.693405867,-0.060874129863,-0.028992294005,-0.004467885108,-0.644233454,0.741113512,0.077120936,0.172529360
1789402432.726754904,-0.061102458401,-0.028285200333,-0.011244255932,-0.646797667,0.737417855,0.081610498,0.176656195
1789402432.760108948,-0.061103505681,-0.027314432424,-0.018275742173,-0.648675510,0.734037119,0.085411355,0.181973874
1789402432.793462753,-0.061057955166,-0.026044473842,-0.025484660536,-0.650589093,0.731410711,0.084537570,0.186079561
1789402432.826816320,-0.061083940483,-0.024529473448,-0.032804688310,-0.652123272,0.729779975,0.080406850,0.188921052
1789402432.860169172,-0.060996827283,-0.022924564526,-0.040009763117,-0.652325288,0.729050355,0.076875955,0.192476975
1789402432.893523216,-0.060546939568,-0.021312558293,-0.047011000545,-0.650196887,0.729977043,0.075796736,0.196551214
1789402432.926877022,-0.059730808323,-0.019657698672,-0.053978498881,-0.645643666,0.733003996,0.075774140,0.200269014
1789402432.960229874,-0.058523672201,-0.018033512933,-0.060894603028,-0.639388835,0.737074145,0.075227503,0.205534535
1789402432.993583679,-0.057000024828,-0.016474754388,-0.067686527149,-0.635317169,0.739706855,0.073307205,0.209360735
1789402433.026937723,-0.055394682154,-0.014915549947,-0.074273091944,-0.633765014,0.741136049,0.071684806,0.209572309
1789402433.060291767,-0.053944163886,-0.013445147522,-0.080508150102,-0.632923954,0.740963462,0.073069178,0.212229387
1789402433.093644857,-0.052767792881,-0.012140875425,-0.086278918764,-0.631939108,0.739320770,0.076566189,0.219534466
1789402433.126998663,-0.051834098764,-0.010931046974,-0.091555382482,-0.631632317,0.736914757,0.079827580,0.227210948
1789402433.160352945,-0.051032994984,-0.009882500363,-0.096270050047,-0.631158003,0.734388641,0.084126893,0.235022479
1789402433.193706989,-0.050212263564,-0.009078034611,-0.100363011143,-0.631552816,0.731624848,0.088939358,0.240740344
1789402433.227060080,-0.049354528708,-0.008586035809,-0.103825431331,-0.634978033,0.727949936,0.093391727,0.241184110
1789402433.260414362,-0.048608047643,-0.008520907139,-0.106458374556,-0.639790925,0.723730135,0.099799305,0.238584078
1789402433.293768406,-0.048240163345,-0.009153248654,-0.108069902884,-0.642028194,0.721003751,0.108964571,0.236812397
1789402433.327121496,-0.048474509652,-0.010509774290,-0.108607048483,-0.641699922,0.720023790,0.118912287,0.235895782
1789402433.360475779,-0.049481475988,-0.012347038727,-0.108242499052,-0.640853623,0.719867564,0.126372903,0.234791851
1789402433.393830061,-0.051323076873,-0.014462480035,-0.107232637193,-0.640473616,0.720054218,0.129419792,0.233593638
1789402433.427184343,-0.053829760934,-0.016642947312,-0.105654053163,-0.640271956,0.720177777,0.129482090,0.233730999
1789402433.460537672,-0.056776274498,-0.018752083157,-0.103487590944,-0.640521859,0.719975954,0.127710864,0.234640809
1789402433.493891954,-0.060078960111,-0.020733809568,-0.100684045583,-0.641161689,0.719817079,0.125314192,0.234672996
1789402433.527246237,-0.063645818909,-0.022553304843,-0.097142036841,-0.641184345,0.720219362,0.125200784,0.233434081
1789402433.560600519,-0.067476197913,-0.024028304190,-0.092833299254,-0.640278507,0.720224471,0.129108559,0.233775800
1789402433.593954086,-0.071677530645,-0.025147562090,-0.087776235635,-0.638499448,0.719831529,0.134648691,0.236708162
1789402433.627308369,-0.076270000194,-0.026013560465,-0.082001283316,-0.634202711,0.721115398,0.139636072,0.241415143
1789402433.660662889,-0.081201030073,-0.026588559286,-0.075791892237,-0.629817243,0.723173496,0.142703217,0.244920654
1789402433.694016457,-0.086367392257,-0.026766532668,-0.069427152595,-0.626970051,0.725019918,0.143487098,0.246304947
1789402433.727370739,-0.091672492345,-0.026587928145,-0.063004899065,-0.622660652,0.727852262,0.143456899,0.248887354
1789402433.760721445,-0.096864866052,-0.026208140585,-0.056624525038,-0.615436225,0.731702564,0.144169669,0.255077865
1789402433.794071674,-0.101621834443,-0.025585753680,-0.050431042282,-0.608971427,0.733597283,0.147158838,0.263311800
1789402433.827421427,-0.105815776168,-0.024792875685,-0.044630950868,-0.604964312,0.734982334,0.149083556,0.267569137
1789402433.860771656,-0.109502177749,-0.024063549264,-0.039294935518,-0.602647710,0.736792887,0.148524425,0.268127720
1789402433.894122362,-0.112664407116,-0.023476377275,-0.034301726681,-0.600720066,0.738058186,0.149801525,0.268262967
1789402433.927472830,-0.115276197710,-0.022956949659,-0.029638635647,-0.596847992,0.739836339,0.154909692,0.269105283
1789402433.960822344,-0.117431438476,-0.022461865842,-0.025542770253,-0.592203921,0.742060902,0.160163369,0.270162599
1789402433.994172812,-0.119248778959,-0.021814688633,-0.022230394810,-0.590005429,0.742799132,0.162745196,0.271398315
1789402434.027523518,-0.120788175946,-0.021024914465,-0.019760075941,-0.590099806,0.742495887,0.161939280,0.272502744
1789402434.060872793,-0.122050894684,-0.020123052995,-0.017965177645,-0.591372989,0.741314379,0.159731558,0.274256830
1789402434.094223499,-0.122953176716,-0.019192829502,-0.016490195493,-0.593849498,0.738859665,0.159043734,0.275924373
1789402434.127573967,-0.123514769199,-0.018445101194,-0.015156614594,-0.595398260,0.736633276,0.160736855,0.277553584
1789402434.160924673,-0.123792733098,-0.017838396937,-0.013938751452,-0.595952823,0.735147862,0.162265296,0.279406206
1789402434.194273949,-0.123801918214,-0.017282744791,-0.012897084307,-0.597443330,0.734201679,0.161940599,0.278898916
1789402434.227624416,-0.123608702216,-0.016843065692,-0.012063771244,-0.598419973,0.734442783,0.161036083,0.276685227
1789402434.260975122,-0.123321972751,-0.016479286728,-0.011331394199,-0.597560553,0.735089976,0.162019522,0.276249500
1789402434.294324398,-0.122920621810,-0.016148543404,-0.010719489239,-0.596187473,0.735578599,0.163729860,0.276906400
1789402434.327675104,-0.122343274899,-0.015946045209,-0.010527356819,-0.595362178,0.736644820,0.163829035,0.275786754
1789402434.361025572,-0.121521761438,-0.015822796635,-0.010903182737,-0.595553184,0.737214660,0.163066848,0.274299387
1789402434.394376278,-0.120467969628,-0.015707220473,-0.011757317294,-0.596978485,0.736341890,0.163068028,0.273543648
1789402434.427725554,-0.119289030667,-0.015618782607,-0.012941321030,-0.599194421,0.734529094,0.164628238,0.272636386
1789402434.461076260,-0.118177614689,-0.015472323941,-0.014177891580,-0.601084256,0.732843709,0.166865014,0.271650296
1789402434.494426727,-0.117258215471,-0.015256115238,-0.015326784044,-0.602530860,0.731566641,0.167548439,0.271467002
1789402434.527777433,-0.116616723510,-0.015027941047,-0.016408833551,-0.604235723,0.730743207,0.165658014,0.271055307
1789402434.561126947,-0.116245174894,-0.014835275475,-0.017279003699,-0.605052090,0.730767205,0.163812238,0.270290234
1789402434.594477654,-0.116079684857,-0.014723821984,-0.017917767277,-0.604791701,0.731272738,0.163994032,0.269394022
1789402434.627827883,-0.116121966240,-0.014739932193,-0.018455698711,-0.604363308,0.731303343,0.164776308,0.269794702
1789402434.661177397,-0.116344003928,-0.014884448192,-0.018987771767,-0.604227057,0.731268870,0.163605843,0.270903362
1789402434.694528103,-0.116661248331,-0.015150882479,-0.019592877463,-0.604630643,0.731846989,0.160656724,0.270205824
1789402434.727878571,-0.117065752483,-0.015477053846,-0.020285116035,-0.605090035,0.732195590,0.158455515,0.269532034
1789402434.761228561,-0.117583958524,-0.015813472341,-0.020965622689,-0.605273113,0.732039053,0.156836320,0.270491500
1789402434.794577122,-0.117957009148,-0.016067019760,-0.021749364547,-0.606166395,0.731265270,0.154603173,0.271866264
1789402434.827927113,-0.118068636579,-0.016191308976,-0.022670083901,-0.607671118,0.730616847,0.151027668,0.272259945
1789402434.861276627,-0.117784026091,-0.016243191603,-0.023732147586,-0.608908571,0.730139513,0.147092071,0.272929599
1789402434.894626379,-0.116930661300,-0.016299705454,-0.024952990660,-0.610298249,0.729723916,0.143103334,0.273057667
1789402434.927975178,-0.115434139079,-0.016369245984,-0.026305324130,-0.612536214,0.728927834,0.140469116,0.271536420
1789402434.961324930,-0.113342951203,-0.016376131557,-0.027759484516,-0.614090535,0.727358491,0.141729413,0.271579110
1789402434.994674921,-0.110751815789,-0.016297530147,-0.029200472120,-0.614847697,0.725385127,0.144071333,0.273901767
1789402435.028023481,-0.107836994857,-0.016187344003,-0.030588257547,-0.616282319,0.724288785,0.143502783,0.273877363
1789402435.061373234,-0.104695481287,-0.016081692831,-0.031857916765,-0.617588487,0.723451665,0.142175095,0.273840085
1789402435.094722986,-0.101345340061,-0.016065061127,-0.032942241447,-0.618759309,0.722617771,0.140962636,0.274025564
1789402435.128072739,-0.097808162121,-0.016207988458,-0.033816341727,-0.619874309,0.722179114,0.139993427,0.273157481
1789402435.161421299,-0.094102118366,-0.016537615515,-0.034480154930,-0.620357450,0.721722057,0.139807752,0.273363677
1789402435.194771290,-0.090214796839,-0.017080208553,-0.034932278501,-0.620526809,0.721338259,0.139322879,0.274238457
1789402435.228121042,-0.086108552898,-0.017839013546,-0.035266936271,-0.620189243,0.721905110,0.138689437,0.273831253
1789402435.261470795,-0.081714581998,-0.018726028023,-0.035684464442,-0.619744413,0.722388297,0.138058810,0.273882777
1789402435.294819593,-0.076929978766,-0.019673432305,-0.036216120371,-0.619915908,0.721385460,0.136160204,0.277069819
1789402435.328169107,-0.071656448376,-0.020676070509,-0.036745702947,-0.620315615,0.721048215,0.133003202,0.278582407
1789402435.361519098,-0.065819273550,-0.021687907551,-0.037206024325,-0.621207516,0.722397096,0.128831619,0.275038309
1789402435.394867897,-0.059334764106,-0.022690608774,-0.037564835859,-0.622286878,0.722510322,0.125621201,0.273783108
1789402435.428217411,-0.052152918664,-0.023716942278,-0.037792889156,-0.623379643,0.722147024,0.123395650,0.273267288
1789402435.461567402,-0.044314025049,-0.024789473369,-0.037947884835,-0.625862334,0.721410748,0.120858458,0.270658651
1789402435.494917154,-0.035958028520,-0.025979038376,-0.038018541815,-0.629063207,0.719951627,0.118322611,0.268232915
1789402435.528265953,-0.027313017125,-0.027476205956,-0.038000179870,-0.631392863,0.719504826,0.116439658,0.264759633
1789402435.561615705,-0.018534805012,-0.029283462248,-0.037888826667,-0.634169807,0.719321571,0.114032350,0.259618484
1789402435.594965219,-0.009846429584,-0.031399923301,-0.037799884623,-0.637299034,0.718505650,0.110608061,0.255666639
1789402435.628314257,-0.001412284942,-0.033806085547,-0.037674235798,-0.639790496,0.718725952,0.106517949,0.250509589
1789402435.661664009,0.006708275778,-0.036355088450,-0.037335517571,-0.642155908,0.719129175,0.102265216,0.245011928
1789402435.695013762,0.014441628904,-0.038852427689,-0.036563819493,-0.644649921,0.718857569,0.098601996,0.240723746
1789402435.728363514,0.021627121410,-0.041121057828,-0.035175587918,-0.647313474,0.719089509,0.095703788,0.233957965
1789402435.761711597,0.028186999708,-0.043083679799,-0.033064563604,-0.649561711,0.719504455,0.093373410,0.227297886
1789402435.795060873,0.034132378187,-0.044816611701,-0.030297185633,-0.650086369,0.720826272,0.091571004,0.222287989
1789402435.828409910,0.039532283221,-0.046530058184,-0.027107210487,-0.649253065,0.723391735,0.088531699,0.217570665
1789402435.861758947,0.044583940958,-0.048422416563,-0.023752877719,-0.648956806,0.725839632,0.081966267,0.212822516
1789402435.895107031,0.049493656649,-0.050487178001,-0.020450017029,-0.650264932,0.727419051,0.073426310,0.206459731
1789402435.928456068,0.054514797271,-0.052699903795,-0.017111934793,-0.652789055,0.727920097,0.067002175,0.198769944
1789402435.961804867,0.059766693261,-0.055022661098,-0.013578651936,-0.655568221,0.727369020,0.063979986,0.192538770
1789402435.995153189,0.065162202447,-0.057350847750,-0.009767293434,-0.659114398,0.726393165,0.061735090,0.184688817
1789402436.028501987,0.070528413548,-0.059637319488,-0.005627598723,-0.661915747,0.726734198,0.059972143,0.173575028
1789402436.061851025,0.075743185111,-0.061942577762,-0.001166512309,-0.662862759,0.729085526,0.058150451,0.160205442
1789402436.095200062,0.080815697403,-0.064180564454,0.003495950793,-0.662956386,0.731546939,0.058026140,0.148192016
1789402436.128547907,0.085727551678,-0.066161940758,0.008158223893,-0.663252205,0.733094990,0.059917704,0.138123557
1789402436.161896706,0.090368096492,-0.067848891219,0.012653151486,-0.663911812,0.734278940,0.061113549,0.127752407
1789402436.195245504,0.094527702023,-0.069148497261,0.016847666077,-0.665548964,0.734580375,0.059853850,0.117702018
1789402436.228594542,0.098060305228,-0.069938406882,0.020763741921,-0.668163381,0.733703054,0.056756797,0.109618383
1789402436.261942387,0.100992220882,-0.070307210690,0.024638200211,-0.670310066,0.732823337,0.053676961,0.103793813
1789402436.295291185,0.103385948105,-0.070334334789,0.028661956890,-0.671390492,0.732555728,0.052201576,0.099357481
1789402436.328640223,0.105284669107,-0.070041009188,0.032843316568,-0.671758893,0.732637461,0.052181545,0.096225916
1789402436.361988068,0.106725323792,-0.069451695954,0.037113336170,-0.671816537,0.732929152,0.052979252,0.093116039
1789402436.395336628,0.107713194488,-0.068511022594,0.041384077016,-0.671904545,0.733200033,0.054200028,0.089578739
1789402436.428685665,0.108318748140,-0.067149684356,0.045645356178,-0.672255050,0.733039350,0.055125765,0.087679010
1789402436.462034225,0.108633563453,-0.065389319180,0.049841343583,-0.672111921,0.733278677,0.055977838,0.086223132
1789402436.495382071,0.108708337886,-0.063286720870,0.053825782092,-0.672008509,0.733702886,0.056062830,0.083316256
1789402436.528730631,0.108590590297,-0.060964737711,0.057495305424,-0.672076044,0.733933446,0.055968099,0.080765461
1789402436.562079430,0.108365331857,-0.058600736455,0.060852202690,-0.671876126,0.734123970,0.057288881,0.079764978
1789402436.595427990,0.108052553088,-0.056293150924,0.063879815820,-0.671775606,0.734115753,0.059026524,0.079419557
1789402436.628775597,0.107629860346,-0.054142547139,0.066528912796,-0.671705529,0.734220680,0.059985140,0.078316395
1789402436.662124157,0.107078179761,-0.052201830663,0.068755669807,-0.671483848,0.734322528,0.061399442,0.078166328
1789402436.695472956,0.106426930173,-0.050478556786,0.070535267539,-0.671195335,0.734295328,0.062415289,0.080072001
1789402436.728820562,0.105687994184,-0.048948193353,0.071871890262,-0.671491007,0.733997244,0.061496001,0.081031570
1789402436.762169838,0.104909985238,-0.047563236617,0.072863404393,-0.672257936,0.733257128,0.060950869,0.081781678
1789402436.795519352,0.104142056977,-0.046284449286,0.073622428641,-0.672280233,0.732874675,0.062019398,0.084187840
1789402436.828868628,0.103334380487,-0.045024659608,0.074154203498,-0.671345454,0.733399473,0.063542399,0.085923555
1789402436.862216711,0.102451293917,-0.043612858592,0.074441904371,-0.671640658,0.733000660,0.063857424,0.086781838
1789402436.895566225,0.101522873382,-0.041977063863,0.074625308932,-0.672902534,0.731934200,0.063168292,0.086511697
1789402436.928915501,0.100595072546,-0.040254755044,0.074979937489,-0.672676830,0.732133828,0.064396560,0.085668095
1789402436.962263584,0.099690410880,-0.038567667379,0.075660745189,-0.670934072,0.733286729,0.067256407,0.087261796
1789402436.995613098,0.098768177049,-0.037013928460,0.076566888653,-0.669181117,0.734428616,0.070115362,0.088854248
1789402437.028962135,0.097731783124,-0.035844961841,0.077432191341,-0.666520754,0.736821306,0.069151028,0.089791880
1789402437.062311411,0.096462352788,-0.035403632359,0.077776981815,-0.664168225,0.739170809,0.066004424,0.090280121
1789402437.095659733,0.095020433691,-0.035650402192,0.077459024074,-0.666941220,0.736669809,0.061783442,0.093219133
1789402437.129008770,0.093690205915,-0.036076612746,0.077033363093,-0.668210827,0.735224065,0.058952711,0.097285366
1789402437.162358046,0.092695621515,-0.036228099917,0.076996981690,-0.667861036,0.735239310,0.057607646,0.100330218
1789402437.195707321,0.092085252566,-0.035881157569,0.077385574111,-0.666727496,0.736147619,0.057782959,0.101105187
1789402437.229055405,0.091659554072,-0.035271023453,0.077728716227,-0.664386969,0.738406015,0.058597150,0.099563476
1789402437.262404680,0.091114719618,-0.034815088104,0.077362126757,-0.666536339,0.736814219,0.056111906,0.098415297
1789402437.295753956,0.090590684215,-0.034238438085,0.076544253502,-0.670426249,0.733156602,0.055071173,0.099885973
1789402437.329102039,0.090193727644,-0.033376465380,0.075657988441,-0.669763126,0.733389914,0.054987936,0.102629993
1789402437.362451077,0.089652906812,-0.032368534001,0.074294227791,-0.673058414,0.730083291,0.053245723,0.105525604
1789402437.395800352,0.088947386615,-0.031110579119,0.072444475896,-0.678239929,0.725243878,0.050140813,0.107227868
1789402437.429149628,0.088357954096,-0.029717826902,0.070327451919,-0.681384481,0.722285158,0.046980878,0.108683652
1789402437.462497711,0.088155641048,-0.028521717728,0.068089322919,-0.689386999,0.714822636,0.045553391,0.108162167
1789402437.495846987,0.088168718862,-0.027787719519,0.066582229024,-0.695401043,0.709244508,0.046304606,0.106044805
1789402437.529196024,0.088049552084,-0.027656339618,0.066499329159,-0.694162459,0.710425195,0.045206023,0.106728338
1789402437.562545061,0.087993564994,-0.027978123195,0.067200911977,-0.690358956,0.714121549,0.044270591,0.107121616
1789402437.595893145,0.088048329224,-0.028300490047,0.067728959779,-0.690741430,0.714319626,0.045054308,0.102926470
1789402437.629242182,0.087819251853,-0.028386999034,0.067737242093,-0.692429609,0.713297501,0.043803445,0.099142171
1789402437.662591219,0.087507509126,-0.028103034596,0.067055823248,-0.694064447,0.711756583,0.041297516,0.099858028
1789402437.695939541,0.087462821146,-0.027866446258,0.066408653856,-0.693780674,0.712531166,0.038941988,0.097217468
1789402437.729288578,0.087873436299,-0.027683818741,0.065723744262,-0.694838524,0.712621990,0.037395442,0.089279933
1789402437.762637377,0.088509938045,-0.027395178818,0.064773457204,-0.694895485,0.713497325,0.033666396,0.083116822
1789402437.795986414,0.089215554320,-0.026946885484,0.063500700103,-0.695578561,0.713978823,0.029863211,0.074248870
1789402437.829334259,0.090067447960,-0.026290295591,0.061692918113,-0.696110675,0.714912743,0.023897848,0.061307341
1789402437.862683058,0.091081556092,-0.025399875928,0.059124409499,-0.696362645,0.716193442,0.015760558,0.043561739
1789402437.896032095,0.092192361492,-0.024228825013,0.055778642337,-0.697445611,0.716316504,0.005438952,0.020753397
1789402437.929380655,0.093352388471,-0.022837422193,0.051879061713,-0.696961650,0.717098615,-0.003571471,-0.001131103
1789402437.962728500,0.094475446945,-0.021319360302,0.047610081087,-0.697019597,0.716838296,-0.009630067,-0.014621925
1789402437.996077299,0.095417468993,-0.019692283819,0.043013950156,-0.696864210,0.716713292,-0.013402014,-0.022862979
1789402438.029426098,0.096237999153,-0.017959460601,0.038108590348,-0.696671355,0.716673683,-0.015709352,-0.027947658
1789402438.062773705,0.097010208836,-0.016133086709,0.032934141747,-0.697063601,0.716178674,-0.016546904,-0.030276118
1789402438.096122503,0.097736140112,-0.014234411840,0.027562199063,-0.697068236,0.716230720,-0.016229269,-0.029086789
1789402438.129471302,0.098479838666,-0.012284115472,0.022078909714,-0.696997405,0.716451281,-0.015109014,-0.025766186
1789402438.162819862,0.099251573058,-0.010317553812,0.016542792879,-0.697766593,0.715850792,-0.013077752,-0.022547681
1789402438.196167469,0.100090232462,-0.008352520738,0.011004951100,-0.697394937,0.716389925,-0.011351369,-0.017231446
1789402438.229516029,0.101101897120,-0.006394097515,0.005448394503,-0.696872111,0.717054542,-0.008950712,-0.011042214
1789402438.262864828,0.102255611690,-0.004405744249,-0.000192767358,-0.697910025,0.716132058,-0.006099209,-0.006266741
1789402438.296212435,0.103339495107,-0.002416910469,-0.005777581638,-0.697835589,0.716221204,-0.005655614,-0.004548770
1789402438.329560995,0.104213525131,-0.000491124091,-0.011159842312,-0.697584816,0.716480259,-0.004751348,-0.002981205
1789402438.362909317,0.104858930672,0.001335300987,-0.016314142192,-0.697816977,0.716268901,-0.003003019,0.001144374
1789402438.396258116,0.105326106426,0.003042807695,-0.021166631025,-0.698197119,0.715889768,-0.001813930,0.004396948
1789402438.429605484,0.105635521232,0.004599226655,-0.025593754344,-0.698053638,0.716026899,-0.001779395,0.004840689
1789402438.462954044,0.105821515694,0.005938111911,-0.029490813007,-0.698372346,0.715716913,-0.001605361,0.004773873
1789402438.496302605,0.105875691174,0.007034064527,-0.032795680984,-0.698348857,0.715732077,-0.001320006,0.005892805
1789402438.529651165,0.105878398441,0.007962449200,-0.035548092847,-0.698040977,0.716028117,-0.001199958,0.006410100
1789402438.562998533,0.105876777965,0.008756110402,-0.037778496509,-0.698238820,0.715827166,-0.000766181,0.007309673
1789402438.596346855,0.105875396088,0.009395224846,-0.039482388492,-0.698206723,0.715842397,-0.000129319,0.008775998
1789402438.629695415,0.105873188433,0.009884122591,-0.040723073806,-0.698079971,0.715949377,0.000317049,0.010037029
1789402438.663042784,0.105870812299,0.010244175675,-0.041560185244,-0.698194795,0.715819666,0.000910897,0.011198446
1789402438.696391106,0.105841768284,0.010494091270,-0.042024776162,-0.698067391,0.715919289,0.001502042,0.012618774
1789402438.729739428,0.105749167564,0.010693786292,-0.042301046631,-0.697759276,0.716191609,0.002012630,0.014054194
1789402438.763090611,0.105472959227,0.010920728470,-0.042678890525,-0.697766367,0.716125059,0.003305951,0.016615302
1789402438.796440840,0.104886370833,0.011231238665,-0.043317378473,-0.697379568,0.716324781,0.005849597,0.022501761
1789402438.829792261,0.103846449425,0.011673842267,-0.044357720025,-0.697328168,0.715983641,0.009860729,0.031679925
1789402438.863143206,0.102268285995,0.012278100922,-0.045797374084,-0.696978707,0.715594290,0.015400567,0.043684291
1789402438.896494627,0.099943069469,0.013038691788,-0.047655475858,-0.696569344,0.715096919,0.019926570,0.055049769
1789402438.929844856,0.096876664980,0.013943132060,-0.049920138637,-0.696266117,0.714593211,0.023470381,0.063396988
1789402438.963196278,0.093112204652,0.014992431788,-0.052568311587,-0.696291819,0.714159565,0.024590844,0.067447086
1789402438.996547461,0.088634109952,0.016176398669,-0.055580543401,-0.696098569,0.714440399,0.024633671,0.066444575
1789402439.029897690,0.083402118922,0.017467571574,-0.058920489134,-0.696182934,0.714219792,0.024956940,0.067797954
1789402439.063249111,0.077497697658,0.018825127528,-0.062469223297,-0.695854261,0.713924374,0.027098524,0.073242795
1789402439.096600294,0.071087844583,0.020240124693,-0.066109215103,-0.695439438,0.713658836,0.029071851,0.078802805
1789402439.129951715,0.064212860228,0.021751005971,-0.069861242440,-0.695113167,0.713600902,0.030326012,0.081680909
1789402439.163301706,0.056978325687,0.023300156186,-0.073715671935,-0.694948803,0.713644605,0.031032262,0.082428984
1789402439.196653128,0.049595092618,0.024844143726,-0.077596397316,-0.694857198,0.713399628,0.031322449,0.085166598
1789402439.230004311,0.042247949754,0.026427208925,-0.081464019009,-0.694374005,0.713558475,0.032883381,0.087164943
1789402439.263355732,0.034997348656,0.027995242126,-0.085242115521,-0.694732817,0.712752499,0.033007981,0.090778092
1789402439.296705961,0.027822414684,0.029528516506,-0.088793961614,-0.694094717,0.712789392,0.035799823,0.094245308
1789402439.330057383,0.020785330406,0.030971714357,-0.092088429590,-0.693765369,0.712911397,0.035786021,0.095740862
1789402439.363408804,0.014141889245,0.032287146226,-0.095201368457,-0.693940684,0.712863276,0.034652224,0.095244423
1789402439.396758795,0.008008688180,0.033508323601,-0.098260691051,-0.693676466,0.713266901,0.035261775,0.093914301
1789402439.430110216,0.002229664253,0.034704978180,-0.101326196967,-0.693867433,0.712949018,0.035137700,0.094958015
1789402439.463461399,-0.003404510757,0.035908414422,-0.104392342706,-0.693284118,0.713241820,0.037502305,0.096108348
1789402439.496812820,-0.008959132033,0.037052382244,-0.107403132920,-0.693442347,0.712661470,0.036581203,0.099564836
1789402439.530163050,-0.014293279483,0.038071475683,-0.110219655687,-0.692888059,0.712797390,0.039596571,0.101282431
1789402439.563514471,-0.019389747725,0.038944563588,-0.112839437973,-0.693034469,0.712286045,0.038401366,0.104293580
1789402439.596865654,-0.024163491364,0.039811974913,-0.115259121976,-0.692279162,0.712675427,0.041488751,0.105460803
1789402439.630216122,-0.028662638831,0.040670883971,-0.117530789843,-0.692864151,0.711993176,0.039757096,0.106884794
1789402439.663567305,-0.032859887611,0.041479803888,-0.119589941523,-0.691980606,0.712489979,0.042991952,0.108039630
1789402439.696918726,-0.036560680919,0.042087704453,-0.121327194848,-0.692470828,0.711797637,0.040780452,0.110296106
1789402439.730270147,-0.039482254095,0.042577402851,-0.122633063022,-0.691823764,0.712218573,0.043025509,0.110785334
1789402439.763620377,-0.041214077827,0.042792802095,-0.123310473111,-0.692635952,0.711242884,0.040256417,0.112997428
1789402439.796971798,-0.041662315477,0.042803051630,-0.123287476511,-0.690958229,0.712461569,0.044914079,0.113833058
1789402439.830322742,-0.041547527071,0.042689286738,-0.122968625150,-0.691198324,0.712265438,0.044691416,0.113690372
1789402439.863674164,-0.041396675686,0.042515605457,-0.122472583996,-0.690422285,0.712968292,0.044783267,0.113963779
1789402439.897024393,-0.041365123147,0.042265022213,-0.121672512437,-0.690890054,0.712306089,0.045685878,0.114907654
1789402439.930375576,-0.041541517594,0.041890512623,-0.120287956438,-0.692165393,0.710852590,0.046598590,0.115863004
1789402439.963726759,-0.041943499889,0.041291139197,-0.118220208397,-0.690817966,0.711972234,0.046861932,0.116918931
1789402439.997077227,-0.042375625271,0.040466470333,-0.115637421893,-0.691846358,0.710347360,0.048510913,0.120008071
1789402440.030428410,-0.042717693689,0.039429512266,-0.112612168434,-0.691278770,0.710680460,0.048945335,0.121125141
1789402440.063779593,-0.042871401615,0.038258455982,-0.109286357900,-0.691179078,0.710445682,0.049718154,0.122745754
1789402440.097130775,-0.042756111271,0.037007078475,-0.105862745189,-0.691645998,0.710036258,0.049860516,0.122426525
1789402440.130481243,-0.042482872494,0.035757459024,-0.102540451547,-0.692117896,0.710017260,0.049212990,0.120109907
1789402440.163832426,-0.042137447559,0.034476888826,-0.099451457149,-0.693431819,0.709014403,0.048834193,0.118600637
1789402440.197183609,-0.041891451744,0.032976626414,-0.096713989243,-0.695001824,0.707145271,0.049214475,0.120399197
1789402440.230535030,-0.041747123639,0.031051955169,-0.094686223799,-0.698296504,0.702481472,0.052166872,0.127202165
1789402440.263885260,-0.041791208935,0.028247474841,-0.093557110069,-0.701053842,0.697794235,0.053987178,0.136719055
1789402440.297236681,-0.042209811970,0.024077622585,-0.093274229951,-0.704421377,0.693421854,0.050969395,0.142684189
1789402440.330587864,-0.043091826788,0.018584978169,-0.093516306564,-0.707946798,0.689978622,0.043328366,0.144441974
1789402440.363938093,-0.044314427706,0.012013973088,-0.093859297760,-0.709141602,0.688709521,0.036497080,0.146510572
1789402440.397289276,-0.045668623499,0.004659917944,-0.094096689043,-0.708892250,0.688204769,0.034319611,0.150559418
1789402440.430640697,-0.047117493375,-0.003221854421,-0.094267558137,-0.708565027,0.687726623,0.034305086,0.154242845
1789402440.463991880,-0.048741613205,-0.011435499532,-0.094476176272,-0.707851969,0.688110096,0.034217412,0.155818015
1789402440.497342348,-0.050491069991,-0.019897023617,-0.094855654550,-0.706231817,0.689298677,0.034834478,0.157767278
1789402440.530693293,-0.052229412408,-0.028447304016,-0.095616427289,-0.704703492,0.689833799,0.036628701,0.161804376
1789402440.564044714,-0.053819045281,-0.036917319098,-0.096949902660,-0.705043926,0.687484173,0.039623181,0.169436056
1789402440.597395897,-0.055192615048,-0.045280896257,-0.098817301383,-0.707688084,0.683168205,0.042082449,0.175179468
1789402440.630746365,-0.056430556369,-0.053523915786,-0.100898825478,-0.711043320,0.679276015,0.043497478,0.176378743
1789402440.664097548,-0.057582236520,-0.061715812376,-0.102831964993,-0.712120653,0.677799170,0.044167678,0.177543453
1789402440.697448969,-0.058560559820,-0.069701175739,-0.104519303067,-0.711573734,0.678082273,0.044534647,0.178560683
1789402440.730799198,-0.059178699466,-0.075796233722,-0.105775173339,-0.711405594,0.678365481,0.045479714,0.177915570
