t_sec,x,y,z,qw,qx,qy,qz
1789439764.999569893,0.012837462752,0.008299533183,-0.024051231116,-0.697311568,0.716731528,-0.000187729,0.007242870
1789439765.032854557,0.012789248556,0.008283582847,-0.024043783746,-0.697231955,0.716808702,-0.000169832,0.007270270
1789439765.066266298,0.012730933465,0.008258654706,-0.024038884935,-0.697187505,0.716851422,-0.000169458,0.007320733
1789439765.099522352,0.012682025732,0.008234797589,-0.024040570363,-0.697184266,0.716854286,-0.000138089,0.007349328
1789439765.132773161,0.012642764492,0.008218555434,-0.024043423326,-0.697178245,0.716859832,-0.000108786,0.007379980
1789439765.166019917,0.012610056465,0.008206796201,-0.024042335073,-0.697174399,0.716863076,-0.000118464,0.007427903
1789439765.199262142,0.012587233141,0.008198998210,-0.024040077844,-0.697153535,0.716883129,-0.000086054,0.007451200
1789439765.232499599,0.012573738523,0.008192372591,-0.024039864925,-0.697153409,0.716882921,-0.000078928,0.007483021
1789439765.265731096,0.012563194903,0.008182537502,-0.024040411637,-0.697188172,0.716848669,-0.000091128,0.007525292
1789439765.298959255,0.012551939173,0.008170619237,-0.024041456706,-0.697187854,0.716848651,-0.000082069,0.007556552
1789439765.332182646,0.012537890845,0.008153306834,-0.024043889465,-0.697193004,0.716843295,-0.000077688,0.007589450
1789439765.365400076,0.012521673729,0.008129816228,-0.024047181952,-0.697192981,0.716842969,-0.000073956,0.007622293
1789439765.398613930,0.012506299140,0.008108448705,-0.024058286616,-0.697182684,0.716852654,-0.000063668,0.007653336
1789439765.431823254,0.012492291054,0.008093374133,-0.024083363449,-0.697192485,0.716842796,-0.000046112,0.007683974
1789439765.465027809,0.012483239859,0.008083154110,-0.024123505984,-0.697179135,0.716855310,-0.000042193,0.007727569
1789439765.498226643,0.012479435205,0.008083617310,-0.024184414724,-0.697189272,0.716845258,-0.000020282,0.007745547
1789439765.531421661,0.012474300650,0.008093074069,-0.024264207075,-0.697198290,0.716836123,-0.000008057,0.007779224
1789439765.564611912,0.012467257081,0.008106561939,-0.024355334107,-0.697199324,0.716834600,-0.000001639,0.007826745
1789439765.597797632,0.012460147664,0.008127076467,-0.024459457773,-0.697194557,0.716839132,0.000028299,0.007836334
1789439765.630977631,0.012449815640,0.008153422972,-0.024577780679,-0.697204937,0.716828629,0.000034404,0.007873414
1789439765.664153814,0.012434200014,0.008185602434,-0.024708511659,-0.697177817,0.716854740,0.000052211,0.007897462
1789439765.697325230,0.012413412288,0.008227467351,-0.024851200498,-0.697179898,0.716852489,0.000074732,0.007917876
1789439765.730490923,0.012392551181,0.008272943837,-0.024999609477,-0.697180973,0.716851004,0.000069463,0.007957593
1789439765.763653040,0.012381464391,0.008311985633,-0.025142037656,-0.697170440,0.716861144,0.000098090,0.007966611
1789439765.796810627,0.012374815285,0.008344099457,-0.025274413725,-0.697167696,0.716863413,0.000101057,0.008002529
1789439765.829963207,0.012366981113,0.008370169070,-0.025394387852,-0.697162028,0.716868539,0.000097371,0.008037052
1789439765.863110304,0.012360625771,0.008389354276,-0.025499346831,-0.697155173,0.716875220,0.000125070,0.008035441
1789439765.896253347,0.012361160469,0.008403808214,-0.025589400369,-0.697146033,0.716883481,0.000126896,0.008091174
1789439765.929392099,0.012377490596,0.008411931328,-0.025652553046,-0.697138519,0.716890641,0.000149722,0.008103775
1789439765.962524891,0.012407312648,0.008409113578,-0.025672338986,-0.697133566,0.716895333,0.000182093,0.008114207
1789439765.995654106,0.012450328661,0.008398265441,-0.025650806339,-0.697130027,0.716898102,0.000158358,0.008173769
1789439766.028778553,0.012510736637,0.008381983278,-0.025594534013,-0.697147191,0.716881543,0.000197007,0.008161359
1789439766.061899185,0.012577992371,0.008357969247,-0.025509345777,-0.697109193,0.716918070,0.000194820,0.008198538
1789439766.095228672,0.012648344339,0.008332528400,-0.025409480125,-0.697132380,0.716894975,0.000184863,0.008246515
1789439766.128559351,0.012722636840,0.008302310608,-0.025295671624,-0.697118642,0.716908662,0.000229454,0.008216860
1789439766.161889553,0.012793590477,0.008262595690,-0.025172203470,-0.697094634,0.716931305,0.000202989,0.008278545
1789439766.195219755,0.012863519101,0.008224518556,-0.025049308997,-0.697127737,0.716899141,0.000217256,0.008276079
1789439766.228548765,0.012932327319,0.008185401729,-0.024923222574,-0.697097342,0.716928848,0.000248900,0.008261969
1789439766.261878490,0.012996148584,0.008141562121,-0.024797683700,-0.697097022,0.716928518,0.000214404,0.008318396
1789439766.295207977,0.013056069908,0.008102935199,-0.024677023675,-0.697115757,0.716910573,0.000252931,0.008293830
1789439766.328536272,0.013108985813,0.008065599318,-0.024559636864,-0.697070463,0.716954269,0.000250112,0.008323591
1789439766.361865520,0.013158252517,0.008026222089,-0.024446168435,-0.697099859,0.716925338,0.000249717,0.008353699
1789439766.395194292,0.013201301766,0.007991778794,-0.024338018726,-0.697080196,0.716944783,0.000285339,0.008324491
1789439766.428523064,0.013232556198,0.007964173509,-0.024242100336,-0.697062527,0.716961594,0.000259919,0.008356897
1789439766.461850643,0.013254916106,0.007949054329,-0.024161931628,-0.697097993,0.716927209,0.000277908,0.008347912
1789439766.495178938,0.013266848570,0.007949169219,-0.024098264870,-0.697054852,0.716969099,0.000286196,0.008352363
1789439766.528506994,0.013273564319,0.007954833799,-0.024049440332,-0.697068626,0.716955557,0.000275372,0.008365619
1789439766.561835051,0.013275809290,0.007963403319,-0.024008348634,-0.697074335,0.716950244,0.000292483,0.008344638
1789439766.595161676,0.013269248308,0.007977945407,-0.023983443688,-0.697028568,0.716994449,0.000277060,0.008370101
1789439766.628489017,0.013259204924,0.007993778822,-0.023977629119,-0.697080248,0.716944344,0.000294915,0.008357512
1789439766.661816359,0.013246206668,0.008004853504,-0.023982841174,-0.697048903,0.716974862,0.000295805,0.008353884
1789439766.695142508,0.013226777496,0.008014523190,-0.024007169001,-0.697048509,0.716975075,0.000292478,0.008368497
1789439766.728469372,0.013201852472,0.008020893235,-0.024043539817,-0.697077694,0.716946891,0.000313357,0.008351331
1789439766.761796236,0.013167730168,0.008020982730,-0.024085429501,-0.697030838,0.716992423,0.000304796,0.008353570
1789439766.795122623,0.013122648841,0.008020860082,-0.024144827481,-0.697060006,0.716964172,0.000307011,0.008344440
1789439766.828448057,0.013064921111,0.008018335125,-0.024218006821,-0.697046198,0.716977717,0.000318698,0.008333705
1789439766.861773968,0.012990509021,0.008012482280,-0.024301838699,-0.697027424,0.716996076,0.000309680,0.008324778
1789439766.895099878,0.012906073487,0.008013380186,-0.024396996901,-0.697067255,0.716957586,0.000302913,0.008304791
1789439766.928425550,0.012823730917,0.008016507142,-0.024492729784,-0.697041449,0.716982765,0.000297372,0.008297249
1789439766.961750031,0.012743808603,0.008019135429,-0.024588409138,-0.697052638,0.716971881,0.000290628,0.008298050
1789439766.995075464,0.012658344072,0.008030510811,-0.024690700613,-0.697056817,0.716967849,0.000287333,0.008295464
1789439767.028400421,0.012571465028,0.008046048768,-0.024795685177,-0.697033400,0.716990773,0.000289512,0.008281740
1789439767.061724424,0.012482140132,0.008064254437,-0.024898860784,-0.697061142,0.716963874,0.000280097,0.008275811
1789439767.095058680,0.012389614858,0.008089473142,-0.024997408028,-0.697045418,0.716979344,0.000276829,0.008260084
1789439767.128392696,0.012292109023,0.008120707735,-0.025092434090,-0.697041265,0.716983622,0.000278583,0.008239049
1789439767.161726475,0.012187748954,0.008159628918,-0.025184919107,-0.697066842,0.716958912,0.000264915,0.008225957
1789439767.195059538,0.012084063506,0.008205922206,-0.025271721736,-0.697047506,0.716977946,0.000266359,0.008205410
1789439767.228393316,0.011990632792,0.008247598767,-0.025343283035,-0.697054389,0.716971521,0.000260353,0.008182247
1789439767.261727333,0.011916049243,0.008281599288,-0.025391479658,-0.697062577,0.716963738,0.000242976,0.008167218
1789439767.295060158,0.011872870568,0.008305450604,-0.025411169525,-0.697053979,0.716972421,0.000243670,0.008138659
1789439767.328393459,0.011866441456,0.008311717702,-0.025392961876,-0.697073429,0.716953711,0.000232507,0.008121418
1789439767.361727238,0.011893955155,0.008301825300,-0.025337219178,-0.697065969,0.716961044,0.000222402,0.008114627
1789439767.395060778,0.011947696104,0.008285232647,-0.025260975750,-0.697068435,0.716958950,0.000231117,0.008087476
1789439767.428393364,0.012010814769,0.008266806767,-0.025178597477,-0.697075407,0.716952326,0.000216729,0.008074196
1789439767.461726904,0.012078331671,0.008245962700,-0.025090063447,-0.697073702,0.716954279,0.000212775,0.008048031
1789439767.495059967,0.012151467301,0.008223016424,-0.024998174738,-0.697079916,0.716948494,0.000204991,0.008025246
1789439767.528393269,0.012227097062,0.008195418385,-0.024900522815,-0.697075502,0.716953034,0.000193265,0.008003351
1789439767.561725616,0.012300937821,0.008167939881,-0.024802500979,-0.697071625,0.716957102,0.000191550,0.007976679
1789439767.595058918,0.012368777013,0.008144796843,-0.024710349018,-0.697087875,0.716941686,0.000181136,0.007942326
1789439767.628391743,0.012435611124,0.008117252587,-0.024616844359,-0.697083673,0.716946129,0.000166686,0.007910314
1789439767.661723852,0.012501695810,0.008087608081,-0.024526052739,-0.697084725,0.716945337,0.000158904,0.007889526
1789439767.695056915,0.012560590477,0.008062670541,-0.024445036641,-0.697092171,0.716938472,0.000145364,0.007855640
1789439767.728389740,0.012617375908,0.008036684620,-0.024365552533,-0.697083093,0.716947488,0.000140547,0.007838500
1789439767.761722565,0.012672398378,0.008010159684,-0.024289429197,-0.697101335,0.716929980,0.000128835,0.007817684
1789439767.795054436,0.012716262367,0.007989482183,-0.024223843219,-0.697101059,0.716930540,0.000119984,0.007791058
1789439767.828387022,0.012746911800,0.007970668500,-0.024171819548,-0.697087176,0.716944377,0.000091280,0.007760251
1789439767.861719608,0.012770215020,0.007957950387,-0.024131605712,-0.697110972,0.716921696,0.000093416,0.007717900
1789439767.895052195,0.012784710108,0.007954477515,-0.024098559464,-0.697112366,0.716920598,0.000070892,0.007694219
1789439767.928383827,0.012795318437,0.007950073809,-0.024070766258,-0.697122420,0.716911162,0.000060355,0.007662409
1789439767.961716413,0.012800407049,0.007945502395,-0.024053050971,-0.697132914,0.716901333,0.000063605,0.007627223
1789439767.995048523,0.012789735151,0.007944372499,-0.024049600132,-0.697126893,0.716907442,0.000029623,0.007603580
1789439768.028379917,0.012771832628,0.007937370718,-0.024053731997,-0.697134936,0.716900171,0.000025691,0.007551509
1789439768.061712265,0.012751849674,0.007925252130,-0.024062919529,-0.697134381,0.716900931,0.000005754,0.007530615
1789439768.095049620,0.012733438832,0.007913609800,-0.024079821248,-0.697141310,0.716894424,-0.000011663,0.007508527
1789439768.128386736,0.012722127572,0.007897114136,-0.024096162189,-0.697145717,0.716890742,-0.000012260,0.007450760
1789439768.161723137,0.012715922515,0.007877290558,-0.024114727836,-0.697126111,0.716909836,-0.000041974,0.007447816
1789439768.195060492,0.012715768223,0.007860143033,-0.024139086354,-0.697147047,0.716889908,-0.000056268,0.007406239
1789439768.228397608,0.012724797606,0.007839236248,-0.024156136434,-0.697136210,0.716900942,-0.000056313,0.007358029
1789439768.261735201,0.012743432385,0.007816582775,-0.024167495829,-0.697129362,0.716907717,-0.000088510,0.007346444
1789439768.295071602,0.012774893531,0.007798341552,-0.024172527744,-0.697156617,0.716881715,-0.000088732,0.007297298
1789439768.328408957,0.012817994388,0.007778625854,-0.024163411664,-0.697128048,0.716909704,-0.000100379,0.007276807
1789439768.361746311,0.012868694130,0.007760878107,-0.024148877956,-0.697146182,0.716892177,-0.000131464,0.007265652
1789439768.395082712,0.012916758944,0.007753458994,-0.024137854938,-0.697144664,0.716894036,-0.000109615,0.007228187
1789439768.428420067,0.012939584023,0.007755845769,-0.024137842310,-0.697118984,0.716919019,-0.000130610,0.007226720
1789439768.461757660,0.012924363523,0.007775375548,-0.024161550924,-0.697153944,0.716885280,-0.000154570,0.007200680
1789439768.495095253,0.012863343044,0.007815734571,-0.024214239874,-0.697127253,0.716911727,-0.000164484,0.007151376
1789439768.528431654,0.012766292091,0.007865719897,-0.024286599684,-0.697142100,0.716897501,-0.000203536,0.007129098
1789439768.561769009,0.012658300951,0.007915099125,-0.024362712503,-0.697151198,0.716888844,-0.000200063,0.007110033
1789439768.595106602,0.012548460629,0.007953767558,-0.024432835628,-0.697121475,0.716917788,-0.000207447,0.007105660
1789439768.628443003,0.012441820276,0.007975096444,-0.024484048666,-0.697146196,0.716893909,-0.000229795,0.007088793
1789439768.661780834,0.012347911005,0.007974324264,-0.024506481313,-0.697126644,0.716913172,-0.000230840,0.007063478
1789439768.695118189,0.012265241582,0.007953312918,-0.024509207819,-0.697112070,0.716927510,-0.000249616,0.007045898
1789439768.728455782,0.012191185600,0.007921680281,-0.024500659823,-0.697135702,0.716904710,-0.000270862,0.007026866
1789439768.761792421,0.012122485194,0.007890297818,-0.024492149939,-0.697121376,0.716918957,-0.000268179,0.006994547
1789439768.795129776,0.012054729903,0.007867376692,-0.024499957252,-0.697128261,0.716912261,-0.000277585,0.006994353
1789439768.828467607,0.011986408280,0.007855844806,-0.024526582154,-0.697136224,0.716904613,-0.000284011,0.006984310
1789439768.861805201,0.011919854188,0.007855331991,-0.024569121326,-0.697120560,0.716920044,-0.000285104,0.006963774
1789439768.895141840,0.011860910852,0.007861219571,-0.024622582314,-0.697144352,0.716896902,-0.000302033,0.006963664
1789439768.928479433,0.011819043503,0.007864620919,-0.024670807833,-0.697137566,0.716903618,-0.000308608,0.006951350
1789439768.961817026,0.011802641590,0.007865593733,-0.024706175991,-0.697131439,0.716909592,-0.000306223,0.006949895
1789439768.995154142,0.011815701729,0.007864571650,-0.024727764260,-0.697149471,0.716892001,-0.000321864,0.006954860
1789439769.028491735,0.011854933550,0.007859939263,-0.024731206865,-0.697128191,0.716912826,-0.000310821,0.006941775
1789439769.061829329,0.011908666409,0.007857614039,-0.024728890674,-0.697128040,0.716913175,-0.000303693,0.006921291
1789439769.095164537,0.011968222514,0.007858330158,-0.024728246740,-0.697157929,0.716883865,-0.000339212,0.006944820
1789439769.128498554,0.012033269607,0.007857772946,-0.024724864914,-0.697148606,0.716893036,-0.000330495,0.006934477
1789439769.161833525,0.012100353180,0.007860876071,-0.024725587941,-0.697154194,0.716887619,-0.000326688,0.006932908
1789439769.195168495,0.012164111992,0.007871553897,-0.024731289490,-0.697166135,0.716876050,-0.000330818,0.006928131
1789439769.228503466,0.012223951783,0.007885164914,-0.024729467880,-0.697151280,0.716890498,-0.000332982,0.006927936
1789439769.261837244,0.012280583800,0.007899626474,-0.024713595940,-0.697179944,0.716862583,-0.000334764,0.006931816
1789439769.295172215,0.012333185545,0.007912579516,-0.024675325493,-0.697167859,0.716874383,-0.000343096,0.006926633
1789439769.328506947,0.012382190279,0.007925422427,-0.024608232153,-0.697176143,0.716866362,-0.000335814,0.006923296
1789439769.361840487,0.012428732560,0.007940089699,-0.024521387082,-0.697192367,0.716850539,-0.000326021,0.006928327
1789439769.395175219,0.012472406064,0.007953557011,-0.024425524191,-0.697193716,0.716849380,-0.000327664,0.006912481
1789439769.428509951,0.012513944944,0.007962496735,-0.024328701527,-0.697188438,0.716854495,-0.000328798,0.006914250
1789439769.461844683,0.012551450447,0.007967118998,-0.024238612308,-0.697212825,0.716831041,-0.000295515,0.006888222
1789439769.495178461,0.012577458592,0.007967961121,-0.024164810007,-0.697192128,0.716851217,-0.000300386,0.006883261
1789439769.528513193,0.012595216860,0.007967650346,-0.024115310105,-0.697215214,0.716828265,-0.000337320,0.006933247
1789439769.561847687,0.012609397296,0.007970870749,-0.024084416307,-0.697229880,0.716814736,-0.000276464,0.006859452
1789439769.595182180,0.012607923341,0.007976610294,-0.024069902142,-0.697180291,0.716863140,-0.000254577,0.006842187
1789439769.628515959,0.012579560949,0.007982809223,-0.024074810560,-0.697189448,0.716854602,-0.000219979,0.006804745
1789439769.661850452,0.012521209608,0.007988109490,-0.024086355746,-0.697196633,0.716847309,-0.000262154,0.006835380
1789439769.695184708,0.012456792822,0.007978809723,-0.024081254249,-0.697250965,0.716794779,-0.000282495,0.006801228
1789439769.728518009,0.012428979398,0.007940856347,-0.024098893909,-0.696889150,0.717146126,-0.000163458,0.006849894
1789439769.761852503,0.012404792489,0.007923918929,-0.024206591797,-0.696793717,0.717241850,0.000303603,0.006523170
1789439769.795186758,0.012300701968,0.007951363486,-0.024358416311,-0.697785597,0.716276724,0.000053576,0.006550726
1789439769.828521252,0.012231504505,0.007964486427,-0.024390860237,-0.697730920,0.716321811,-0.000594406,0.007367054
1789439769.861854553,0.012270703817,0.007952144927,-0.024406367466,-0.697248262,0.716800663,0.000271562,0.006449584
1789439769.895188808,0.012285546616,0.007958396313,-0.024586502380,-0.697855828,0.716206719,-0.000097460,0.006720851
1789439769.928523064,0.012399110594,0.008025100420,-0.024973755410,-0.697862211,0.716207527,-0.000498428,0.005904629
1789439769.961856127,0.012668682979,0.008080518350,-0.025359652041,-0.699698355,0.714432628,-0.002137625,0.001914029
1789439769.995190382,0.012949373944,0.008078817626,-0.025241681936,-0.699015559,0.715101157,-0.002413379,-0.001326373
1789439770.028524399,0.013016593594,0.007966784780,-0.025026280898,-0.695805372,0.718221681,-0.002827707,-0.002122418
1789439770.061858654,0.012975416729,0.008007984019,-0.025075986863,-0.699263265,0.714852925,-0.003455075,-0.002060184
1789439770.095191240,0.013002468281,0.008129434575,-0.024956793969,-0.698470304,0.715628215,-0.003463377,-0.001870084
1789439770.128524303,0.013066993956,0.008127444331,-0.024780382955,-0.696956804,0.717102267,-0.003327847,-0.002116177
1789439770.161857605,0.013093866880,0.008118526457,-0.024777099448,-0.698515127,0.715583609,-0.003483459,-0.002140156
1789439770.195190907,0.013114889374,0.008152639396,-0.024735305406,-0.697663367,0.716414270,-0.003427624,-0.002161353
1789439770.228523254,0.013128058722,0.008151888456,-0.024710398585,-0.697705810,0.716372985,-0.003365513,-0.002241067
1789439770.261856556,0.013117135419,0.008169168186,-0.024736287928,-0.697934560,0.716149908,-0.003448638,-0.002183091
1789439770.295189381,0.013091440274,0.008196206502,-0.024819765509,-0.697380055,0.716690038,-0.003417286,-0.002184224
1789439770.328521729,0.013095303038,0.008254832282,-0.025008854289,-0.698271175,0.715821623,-0.003546986,-0.002046560
1789439770.361854792,0.013302528821,0.008352248512,-0.025272749735,-0.697266974,0.716806411,-0.002707295,0.000082000
1789439770.395187855,0.013854574510,0.008474288128,-0.025677335989,-0.697860182,0.716229476,-0.001760755,0.001844568
1789439770.428520679,0.014783341295,0.008666375392,-0.026197832297,-0.697699025,0.716384676,-0.001716502,0.002473883
1789439770.461852551,0.016165456446,0.008917814287,-0.026860671620,-0.697564629,0.716514502,-0.001291846,0.002981097
1789439770.495185614,0.018035583130,0.009234251065,-0.027719700826,-0.697707269,0.716375331,-0.001251180,0.003063720
1789439770.528518200,0.020313285394,0.009607109193,-0.028720884533,-0.697778318,0.716309709,-0.001682783,0.001728561
1789439770.561851025,0.022797094019,0.009995567651,-0.029802492564,-0.697839554,0.716248565,-0.002668887,-0.000909557
1789439770.595182896,0.025326788881,0.010373568938,-0.030925914524,-0.697818777,0.716254321,-0.003956141,-0.003612583
1789439770.628515482,0.027921744017,0.010750741080,-0.032084855049,-0.697676663,0.716379538,-0.004605483,-0.005140133
1789439770.661848068,0.030713960989,0.011149690640,-0.033299172997,-0.697779156,0.716270437,-0.004995145,-0.005996510
1789439770.695179701,0.033777735957,0.011571251036,-0.034555002143,-0.697689492,0.716339094,-0.005779958,-0.007366596
1789439770.728512287,0.037085121261,0.012025334356,-0.035827416069,-0.697690717,0.716294596,-0.006843788,-0.010142825
1789439770.761844635,0.040572864320,0.012487323052,-0.037102060094,-0.697634368,0.716291769,-0.007988331,-0.012983724
1789439770.795177221,0.044177705954,0.012922414707,-0.038309796037,-0.697656004,0.716207699,-0.008896442,-0.015603999
1789439770.828508854,0.047854557770,0.013308458484,-0.039426903912,-0.697321079,0.716479966,-0.009636273,-0.017518941
1789439770.861840963,0.051580432614,0.013669844253,-0.040492764688,-0.697445015,0.716299723,-0.010511939,-0.019356059
1789439770.895173550,0.055389004735,0.014013795282,-0.041492996561,-0.697502947,0.716170225,-0.011591289,-0.021342233
1789439770.928505898,0.059253169354,0.014338005969,-0.042411262746,-0.697285679,0.716283063,-0.012441317,-0.024009767
1789439770.961837053,0.063039852562,0.014647653087,-0.043289467907,-0.697030319,0.716435622,-0.013159044,-0.026373723
1789439770.995169163,0.066625838826,0.014958747353,-0.044165042262,-0.697055373,0.716330121,-0.013994931,-0.028091048
1789439771.028501511,0.069940061380,0.015280489044,-0.045013196847,-0.697063585,0.716255516,-0.014509292,-0.029493655
1789439771.061832428,0.072937432456,0.015626746498,-0.045842161067,-0.696813915,0.716521275,-0.014227400,-0.029072528
1789439771.095167875,0.075766234164,0.016008148030,-0.046674079938,-0.697063383,0.716393926,-0.013982454,-0.026208290
1789439771.128503323,0.078669405792,0.016422418165,-0.047436206074,-0.697579590,0.715926662,-0.013971028,-0.025229762
1789439771.161838770,0.081710534091,0.016819795932,-0.048092069307,-0.697081063,0.716304061,-0.014430219,-0.027897199
1789439771.195173025,0.084807609836,0.017186036384,-0.048798214667,-0.696946895,0.716318892,-0.015662418,-0.030115760
1789439771.228508472,0.088116950446,0.017529049898,-0.049671767032,-0.697054120,0.716139771,-0.016569836,-0.031381880
1789439771.261843920,0.091759387658,0.017865837956,-0.050723474877,-0.696949871,0.716154369,-0.016950383,-0.033113173
1789439771.295178413,0.095726146973,0.018211959377,-0.051919905183,-0.696893213,0.716119139,-0.017441386,-0.034771066
1789439771.328513622,0.099999455306,0.018557412028,-0.053240629190,-0.697026882,0.715889057,-0.018432828,-0.036285183
1789439771.361849070,0.104618322973,0.018934452555,-0.054616216580,-0.697030137,0.715808254,-0.018884376,-0.037562097
1789439771.395184278,0.109508150722,0.019346917749,-0.055997514194,-0.696932538,0.715832649,-0.019029659,-0.038814025
1789439771.428518772,0.114390163430,0.019781189377,-0.057350365916,-0.696826296,0.715822245,-0.019591682,-0.040593008
1789439771.461853981,0.118994841855,0.020200987973,-0.058650465877,-0.696769352,0.715797988,-0.020207005,-0.041681978
1789439771.495189428,0.123234735289,0.020590132218,-0.059832672323,-0.696870412,0.715630797,-0.020691437,-0.042615203
1789439771.528524637,0.127065283727,0.020931141659,-0.060882619468,-0.696720437,0.715684453,-0.021393641,-0.043803071
1789439771.561859131,0.130496660061,0.021222461169,-0.061802653625,-0.696704703,0.715637070,-0.021707582,-0.044664548
1789439771.595194340,0.133619246116,0.021475482803,-0.062593102866,-0.696729590,0.715542735,-0.022305976,-0.045485354
1789439771.628529787,0.136603350392,0.021705720169,-0.063290902363,-0.696501593,0.715716573,-0.022383830,-0.046198293
1789439771.661864042,0.139634081921,0.021944574734,-0.064033819331,-0.696135467,0.716077346,-0.022464824,-0.046086631
1789439771.695199251,0.142967542291,0.022239909778,-0.064949533852,-0.696483549,0.715756049,-0.022884541,-0.045609676
1789439771.728534460,0.146812632578,0.022604869268,-0.066041118974,-0.696680144,0.715477914,-0.023646287,-0.046572359
1789439771.761869907,0.151206211006,0.023027933970,-0.067260294576,-0.696472328,0.715453690,-0.024810016,-0.049363719
1789439771.795204163,0.156044386136,0.023470501175,-0.068508632209,-0.696524550,0.715179922,-0.025682386,-0.052073472
1789439771.828539371,0.161078975650,0.023892696141,-0.069674385029,-0.696429341,0.714991644,-0.026864541,-0.055239646
1789439771.861874580,0.166056106876,0.024296080085,-0.070717015779,-0.696046977,0.714987276,-0.028295310,-0.059255185
1789439771.895209789,0.170853330080,0.024651357159,-0.071654511901,-0.695661898,0.714941849,-0.029685778,-0.063493551
1789439771.928544044,0.175196857361,0.024963347641,-0.072489722614,-0.695533111,0.714690284,-0.030451334,-0.067262217
1789439771.961879253,0.178544834005,0.025219216469,-0.073104272093,-0.695421437,0.714562482,-0.030139877,-0.069864675
1789439771.995214462,0.180410922121,0.025372495252,-0.073395475372,-0.695010908,0.714955819,-0.029346258,-0.070262449
1789439772.028548479,0.180846491658,0.025416115672,-0.073432691860,-0.694666325,0.715411385,-0.029863198,-0.068799976
1789439772.061883688,0.180497975400,0.025396920501,-0.073463385585,-0.694895559,0.715271490,-0.031361269,-0.067255694
1789439772.095220327,0.180145603568,0.025372682604,-0.073550027263,-0.695760330,0.714442043,-0.032356739,-0.066657123
1789439772.128556728,0.180149070834,0.025317011071,-0.073446003762,-0.695895123,0.714291473,-0.031831604,-0.067114964
1789439772.161891937,0.180394607402,0.025121563706,-0.073014612835,-0.694357020,0.715783483,-0.031068792,-0.067506039
1789439772.195228338,0.180639819335,0.024809296881,-0.072500080717,-0.692742578,0.717227925,-0.031279612,-0.068654283
1789439772.228564739,0.180729188086,0.024558010662,-0.072123499837,-0.693299215,0.716445585,-0.032757050,-0.070490410
1789439772.261900902,0.180809951042,0.024401307142,-0.071722851946,-0.693769868,0.715761790,-0.033743797,-0.072317265
1789439772.295236349,0.180886697305,0.024228449520,-0.071054661265,-0.693095093,0.715960358,-0.035172752,-0.076044951
1789439772.328572750,0.180893425495,0.023984450459,-0.070188972307,-0.691932318,0.716750144,-0.036414445,-0.078567718
1789439772.361909151,0.181052051041,0.023721496024,-0.069271583931,-0.692352045,0.716394410,-0.036499519,-0.078073557
1789439772.395244598,0.181381659306,0.023411602944,-0.068191926439,-0.693049603,0.715666160,-0.036306083,-0.078651538
1789439772.428580761,0.181627563987,0.023006806800,-0.066889414009,-0.692579681,0.715751079,-0.037351811,-0.081477734
1789439772.461917162,0.181726696393,0.022470354538,-0.065410161013,-0.692278052,0.716042614,-0.037821081,-0.081262778
1789439772.495253563,0.181913552272,0.021871675151,-0.063851365146,-0.692806899,0.715751371,-0.037092930,-0.079641006
1789439772.528589010,0.182157512909,0.021282948876,-0.062198661417,-0.693136384,0.715383133,-0.037311562,-0.079979835
1789439772.561925650,0.182405918171,0.020685852079,-0.060390282372,-0.693096405,0.715455821,-0.037536764,-0.079569678
1789439772.595262051,0.182825419531,0.020052839508,-0.058393138416,-0.693427736,0.715205918,-0.037231839,-0.079071235
1789439772.628597498,0.183425540004,0.019368144225,-0.056149792625,-0.693309707,0.715128193,-0.037473812,-0.080678565
1789439772.661933899,0.183976365201,0.018575671639,-0.053649098597,-0.692602602,0.715364617,-0.038685169,-0.084015224
1789439772.695270300,0.184324337495,0.017656765843,-0.050900056571,-0.692642482,0.714909870,-0.040371384,-0.086720361
1789439772.728606701,0.184659465048,0.016629284091,-0.047909429301,-0.692588000,0.715138512,-0.040182042,-0.085347377
1789439772.761942148,0.185263650182,0.015503386657,-0.044655860343,-0.692677884,0.715465974,-0.038680676,-0.082520266
1789439772.795278549,0.186041830175,0.014322068412,-0.041208794342,-0.692439916,0.715818686,-0.037890145,-0.081822420
1789439772.828615189,0.186776735399,0.013111634714,-0.037687573572,-0.692011194,0.716154977,-0.037973627,-0.082465506
1789439772.861951590,0.187524407632,0.011897878255,-0.034137786266,-0.692358066,0.715846899,-0.038044891,-0.082195569
1789439772.895287037,0.188422200173,0.010696889625,-0.030545414832,-0.692293447,0.715846382,-0.038283446,-0.082632430
1789439772.928623438,0.189429931813,0.009492008372,-0.026915561795,-0.691843939,0.715928601,-0.039008887,-0.085302459
1789439772.961960077,0.190380113112,0.008270872566,-0.023241929474,-0.691275195,0.715831967,-0.040730688,-0.089800950
1789439772.995295763,0.191337839968,0.006998615774,-0.019455826583,-0.691055768,0.715772523,-0.041518246,-0.091585234
1789439773.028632164,0.192450700102,0.005497851446,-0.015586131534,-0.690899384,0.716145499,-0.040853965,-0.090136673
1789439773.061968565,0.193747317572,0.003984975377,-0.011615066265,-0.691277721,0.716102359,-0.039635638,-0.088099599
1789439773.095305204,0.195065580351,0.002457458167,-0.007515335806,-0.691166117,0.716105370,-0.039616975,-0.088955009
1789439773.128640652,0.196274038841,0.000883676373,-0.003250953061,-0.691319002,0.715854962,-0.040120030,-0.089554980
1789439773.161977291,0.197433164422,-0.000702429842,0.001129276162,-0.691215886,0.716109454,-0.039723187,-0.088486820
1789439773.195313931,0.198640178274,-0.002306837862,0.005573401848,-0.691022620,0.716525164,-0.038823003,-0.087018405
1789439773.228650331,0.199835645041,-0.003903079637,0.009980691120,-0.691146819,0.716742945,-0.037698909,-0.084701932
1789439773.261986017,0.200964938792,-0.005489401773,0.014371067459,-0.691852012,0.716349404,-0.037027754,-0.082542537
1789439773.295322418,0.202068354635,-0.007093124033,0.018803464750,-0.691606448,0.716883993,-0.036252670,-0.080272076
1789439773.328659296,0.203268488183,-0.008708926271,0.023188625026,-0.691435974,0.717452752,-0.034452422,-0.077400734
1789439773.361994743,0.204513071476,-0.010280173229,0.027484092056,-0.691878736,0.717024442,-0.033945187,-0.077636902
1789439773.395331383,0.205583516157,-0.011827499578,0.031731751343,-0.691068343,0.717416394,-0.035118387,-0.080653344
1789439773.428667784,0.206451290350,-0.013369798543,0.035834612666,-0.690865782,0.717468275,-0.035679864,-0.081674309
1789439773.462004423,0.207225100608,-0.014843527073,0.039805308169,-0.692167516,0.716371650,-0.035723479,-0.080247260
1789439773.495339870,0.208032363100,-0.016288513753,0.043801022758,-0.692434904,0.716455716,-0.034887023,-0.077511325
1789439773.528676510,0.208921176429,-0.017742254067,0.047800792044,-0.691997888,0.717403263,-0.032583306,-0.073551404
1789439773.562012911,0.209737472389,-0.019139910578,0.051683969817,-0.692462001,0.717111652,-0.032050531,-0.072249709
1789439773.595349550,0.210494800583,-0.020518095430,0.055578193014,-0.693713490,0.716189539,-0.031731638,-0.069478342
1789439773.628684998,0.211483928457,-0.021906153805,0.059603935771,-0.693244076,0.717222813,-0.029121224,-0.064467371
1789439773.662021637,0.212582502674,-0.023272502403,0.063453722175,-0.692515939,0.718206630,-0.027326184,-0.062082123
1789439773.695358038,0.213449641655,-0.024489895701,0.066813926414,-0.692879041,0.717855340,-0.027353542,-0.062081630
1789439773.728693962,0.214117403754,-0.025526785608,0.069728464075,-0.693479959,0.717305549,-0.027812739,-0.061520305
1789439773.762030363,0.214788172042,-0.026472415355,0.072406938705,-0.693531342,0.717389806,-0.027185302,-0.060225441
1789439773.795367002,0.215453567263,-0.027383221594,0.074954002503,-0.693505909,0.717375529,-0.027210813,-0.060675165
1789439773.828703642,0.215991772118,-0.028254899461,0.077439118646,-0.693644027,0.717023023,-0.028297054,-0.062731365
1789439773.862039089,0.216408132665,-0.029083555810,0.079901304070,-0.693452328,0.717077252,-0.028932336,-0.063929674
1789439773.895375490,0.216767201418,-0.029909876702,0.082267443219,-0.693213145,0.717330614,-0.028811434,-0.063735607
1789439773.928712130,0.217068909390,-0.030690012149,0.084476592795,-0.693635135,0.717049055,-0.028397265,-0.062486377
1789439773.962047577,0.217256974428,-0.031379727650,0.086472152199,-0.693883682,0.716933557,-0.028162380,-0.061144017
1789439773.995384216,0.217344859849,-0.031982276919,0.088122433884,-0.693959611,0.716970968,-0.028112807,-0.059852815
1789439774.028720617,0.217439433805,-0.032478408539,0.089443510319,-0.695082773,0.716095607,-0.027615492,-0.057483958
1789439774.062057257,0.217686351527,-0.032919770794,0.090798684816,-0.696245425,0.715198361,-0.026721172,-0.054950808
1789439774.095392466,0.218112762491,-0.033440176644,0.092412332314,-0.695489505,0.716081049,-0.025822510,-0.053436671
1789439774.128729105,0.218527655264,-0.034009437896,0.094058435115,-0.695137428,0.716453316,-0.025467720,-0.053197721
1789439774.162065268,0.218777467033,-0.034489148872,0.095490490576,-0.695499646,0.716033856,-0.026052747,-0.053823918
1789439774.195401669,0.218986349151,-0.034971111095,0.096889758682,-0.695770725,0.715807731,-0.026087093,-0.053309049
1789439774.228736877,0.219261640300,-0.035484687799,0.098381815254,-0.695821710,0.715819554,-0.025744304,-0.052647358
1789439774.262073278,0.219579767969,-0.036020983246,0.099926491359,-0.695522077,0.716162637,-0.025339090,-0.052134904
1789439774.295409441,0.219880091530,-0.036571997516,0.101449630975,-0.695719133,0.716006784,-0.025239535,-0.051692739
1789439774.328744888,0.220156484558,-0.037116129776,0.103012100274,-0.696444149,0.715328309,-0.025398566,-0.051243245
1789439774.362081051,0.220460126356,-0.037680656392,0.104693152350,-0.696034094,0.715821749,-0.024888571,-0.050162953
1789439774.395417452,0.220781823946,-0.038253124420,0.106325674430,-0.695894839,0.716013120,-0.024455316,-0.049573406
1789439774.428753853,0.221040367180,-0.038746953336,0.107755287697,-0.696162952,0.715744832,-0.024629396,-0.049597097
1789439774.462089062,0.221293417558,-0.039185397066,0.108993689680,-0.695895430,0.716099342,-0.024020349,-0.048521196
1789439774.495425463,0.221579526952,-0.039566219602,0.110020555800,-0.696272709,0.715796052,-0.023531424,-0.047818384
1789439774.528761864,0.221822248832,-0.039874039071,0.110768550657,-0.695857172,0.716211100,-0.023371206,-0.047730954
1789439774.562098503,0.222006793011,-0.040089908782,0.111162551269,-0.695946842,0.716132296,-0.023258952,-0.047660775
1789439774.595433712,0.222078274357,-0.040176005916,0.111173166922,-0.696161893,0.715891345,-0.023510309,-0.048015269
1789439774.628770113,0.222033525819,-0.040174658986,0.110948929887,-0.696816776,0.715250480,-0.023895033,-0.047876500
1789439774.662106514,0.221963394076,-0.040125061823,0.110716726493,-0.697545349,0.714545725,-0.024402443,-0.047533301
1789439774.695441961,0.221954790094,-0.040099070683,0.110608268777,-0.697293224,0.714782777,-0.024282170,-0.047729633
1789439774.728778362,0.221966201677,-0.040085129103,0.110579457023,-0.697501097,0.714580418,-0.024361844,-0.047681711
1789439774.762114763,0.221978092323,-0.040075387541,0.110580083794,-0.697333866,0.714738064,-0.024329317,-0.047781415
1789439774.795451164,0.221982805639,-0.040071397924,0.110598232729,-0.697327877,0.714736543,-0.024282138,-0.047915375
1789439774.828786612,0.221966642313,-0.040065460164,0.110585028941,-0.697314245,0.714748498,-0.024292699,-0.047930087
1789439774.862123013,0.221907771205,-0.040046620205,0.110493493831,-0.697347988,0.714715752,-0.024235829,-0.047956254
1789439774.895459414,0.221812069202,-0.040021323292,0.110349308335,-0.697531358,0.714627632,-0.023916431,-0.046747794
1789439774.928795815,0.221749088222,-0.040001795189,0.110221073546,-0.697710358,0.714496057,-0.023701110,-0.046194140
1789439774.962131262,0.221688609050,-0.039988579272,0.110084924470,-0.697597791,0.714659303,-0.023211011,-0.045614163
1789439774.995467663,0.221535177592,-0.039948966601,0.109876385290,-0.697919825,0.714384160,-0.023102187,-0.045049747
1789439775.028804302,0.221136603085,-0.039845173741,0.109460550617,-0.697504052,0.714835648,-0.022139086,-0.044810206
1789439775.062139750,0.220287134809,-0.039613782964,0.108636469917,-0.697237548,0.715225407,-0.020215858,-0.043631835
1789439775.095476866,0.219025857277,-0.039235695323,0.107353980831,-0.698190580,0.714470714,-0.020845281,-0.040335925
1789439775.128813982,0.217613907821,-0.038745720486,0.105586913688,-0.698819152,0.713644673,-0.022433049,-0.043125763
1789439775.162150860,0.216100982988,-0.038187159290,0.103016131118,-0.698550786,0.713611860,-0.020539603,-0.048611093
1789439775.195487022,0.214424663189,-0.037715049230,0.099563325514,-0.701460897,0.710855892,-0.015972861,-0.048799371
1789439775.228823900,0.212676235252,-0.037577595073,0.095537844508,-0.704443044,0.708234655,-0.009531927,-0.045528174
1789439775.262161016,0.210724395057,-0.038237108292,0.091222540262,-0.705415839,0.707303045,-0.006192713,-0.045525231
1789439775.295497179,0.208326008421,-0.039942692993,0.086470548600,-0.705866719,0.706798428,-0.005816687,-0.046414687
1789439775.328834295,0.205402271647,-0.042634910004,0.081183059797,-0.707338628,0.705282583,-0.006621211,-0.046954266
1789439775.362171173,0.202030335137,-0.046041653922,0.075466813353,-0.710730214,0.701909431,-0.005205534,-0.046460905
1789439775.395508289,0.198281933449,-0.049841666011,0.069606911220,-0.714431392,0.698339194,-0.003133833,-0.043592839
1789439775.428844452,0.194160071323,-0.053840892992,0.064013593725,-0.716276766,0.696696937,-0.003329128,-0.039368625
1789439775.462181330,0.189784715925,-0.057882931282,0.058826581537,-0.716958986,0.696171411,-0.003813737,-0.036064316
1789439775.495518446,0.185332761532,-0.061714502716,0.054070774129,-0.718277455,0.695068015,-0.002084141,-0.030880557
1789439775.528855801,0.180708458035,-0.065254754444,0.049749760008,-0.719842394,0.693687883,-0.000057003,-0.024980898
1789439775.562191725,0.175902793415,-0.068701252334,0.046008306330,-0.721207716,0.692391927,0.000957681,-0.021258713
1789439775.595528841,0.170850288031,-0.072146278161,0.042766508493,-0.721815379,0.691822587,0.001838079,-0.018991807
1789439775.628865957,0.165557951742,-0.075550967843,0.040006058229,-0.722327693,0.691343120,0.003487155,-0.016590168
1789439775.662201881,0.160024912908,-0.078799560117,0.037690467279,-0.723141691,0.690555957,0.004938587,-0.013197561
1789439775.695538998,0.154222763147,-0.081857999671,0.035804369619,-0.723868021,0.689858478,0.004166989,-0.009643866
1789439775.728875875,0.148249071202,-0.084873905876,0.034365537249,-0.723108464,0.690703794,0.001034762,-0.006430254
1789439775.762213230,0.142160005055,-0.087928736000,0.033273731788,-0.721449729,0.692437260,-0.004412339,-0.004632629
1789439775.795549393,0.136107266723,-0.091054608138,0.032635310858,-0.719481378,0.694441463,-0.009707329,-0.001835326
1789439775.828886509,0.130158266012,-0.094220938100,0.032432652970,-0.717488134,0.696440903,-0.013385648,0.001292760
1789439775.862223387,0.124393490754,-0.097351278407,0.032750432029,-0.715575678,0.698363519,-0.014714307,0.004830481
1789439775.895560503,0.118847735448,-0.100336352572,0.033639185365,-0.714305356,0.699633761,-0.013780355,0.009516366
1789439775.928896666,0.113551008282,-0.103124437128,0.035214955483,-0.712707287,0.701197315,-0.012079731,0.014990942
1789439775.962233543,0.108498205661,-0.105685755577,0.037375366223,-0.710691871,0.703146958,-0.010754292,0.019640917
1789439775.995570898,0.103695902224,-0.107948327341,0.039962039126,-0.709007333,0.704703856,-0.009203595,0.024826830
1789439776.028907061,0.099227635250,-0.109861606435,0.042887624512,-0.707067606,0.706455046,-0.007238541,0.030401851
1789439776.062244177,0.095149196357,-0.111397666591,0.046038761027,-0.705535101,0.707833948,-0.007604423,0.033667434
1789439776.095579386,0.091512563760,-0.112533807795,0.049377731343,-0.704823279,0.708507003,-0.009859277,0.033834403
1789439776.128914595,0.088410514120,-0.113402921432,0.052946270364,-0.703485522,0.709857093,-0.010067827,0.033311663
1789439776.162248611,0.085884327402,-0.114083787554,0.056697163549,-0.701345556,0.711964685,-0.008478277,0.033894194
1789439776.195583820,0.083840703657,-0.114522043871,0.060544844023,-0.699754208,0.713488757,-0.007301789,0.034993228
1789439776.228919029,0.082130394974,-0.114735675007,0.064530324420,-0.698713691,0.714424984,-0.006548139,0.036786450
1789439776.262254238,0.080784258232,-0.114792639064,0.068804417468,-0.697046516,0.716038449,-0.005230650,0.037252307
1789439776.295588017,0.079720672216,-0.114721880822,0.073410311015,-0.694934842,0.718108471,-0.003018544,0.037103599
1789439776.328923225,0.078947337858,-0.114523778619,0.078270667403,-0.693335621,0.719656736,-0.000374603,0.037145109
1789439776.362258434,0.078419929929,-0.114281625042,0.083304084043,-0.691270172,0.721660630,0.002130750,0.036700733
1789439776.395592451,0.077856404502,-0.114092126403,0.088370124515,-0.688763786,0.724151610,0.002573232,0.034673796
1789439776.428927660,0.077157568013,-0.113963187808,0.093351260340,-0.686468683,0.726429379,0.001038776,0.032558027
1789439776.462262630,0.076330770186,-0.113870507735,0.098211496875,-0.683827422,0.728932299,-0.001442464,0.032181986
1789439776.495597601,0.075162500726,-0.113735241753,0.102858375702,-0.681430491,0.731223041,-0.007891230,0.030051272
1789439776.528931856,0.073612155804,-0.113548520435,0.107318514611,-0.679165912,0.733311983,-0.018252073,0.025574649
1789439776.562266827,0.071936911727,-0.113381738399,0.111785471447,-0.676528876,0.735536968,-0.024962525,0.025902145
1789439776.595601797,0.070491376062,-0.113292612042,0.116340711406,-0.673433236,0.738183768,-0.026577823,0.029428226
1789439776.628936052,0.069277632344,-0.113135534437,0.120836472591,-0.671010730,0.740319116,-0.026555257,0.031097029
1789439776.662271023,0.068199224855,-0.112810889511,0.125132685982,-0.669510321,0.741650766,-0.026053997,0.032113253
1789439776.695605993,0.067292028429,-0.112285221027,0.129225712816,-0.668068598,0.742927393,-0.024647422,0.033700774
1789439776.728940964,0.066559961306,-0.111561336225,0.133119398315,-0.666120751,0.744678550,-0.023187712,0.034631369
1789439776.762274981,0.066084729456,-0.110578379752,0.136844900636,-0.664325165,0.746300902,-0.021262098,0.035425460
1789439776.795609951,0.065780123573,-0.109320965804,0.140352127707,-0.662871923,0.747618853,-0.018082207,0.036604608
1789439776.828944921,0.065478729716,-0.107850638682,0.143525025332,-0.661366815,0.748965123,-0.015742195,0.037381338
1789439776.862279892,0.065177517376,-0.106224145323,0.146319865576,-0.659695997,0.750401335,-0.016597300,0.037730063
1789439776.895613670,0.064928967944,-0.104513197307,0.148871939015,-0.658198133,0.751739196,-0.019288951,0.035935145
1789439776.928948641,0.064823530611,-0.102770101558,0.151312566315,-0.656947384,0.752867241,-0.018841333,0.035440884
1789439776.962283611,0.064905743027,-0.101011928298,0.153669131306,-0.656750277,0.752999845,-0.015049486,0.037997638
1789439776.995617628,0.065188038121,-0.099324660047,0.156085987322,-0.656729116,0.753028357,-0.011093411,0.039142029
1789439777.028952360,0.065521912420,-0.097809097401,0.158646253594,-0.655387415,0.754314358,-0.008896921,0.037390242
1789439777.062287331,0.065813647526,-0.096392676111,0.161344545163,-0.653073673,0.756416395,-0.009084441,0.035305635
1789439777.095623016,0.066197782942,-0.094933473549,0.164190511979,-0.650511791,0.758693041,-0.010710921,0.033234846
1789439777.128957510,0.066761954900,-0.093480247056,0.167124705706,-0.648204267,0.760769044,-0.010607469,0.030808628
1789439777.162292957,0.067540895581,-0.092300638909,0.169989035963,-0.645060588,0.763475551,-0.006911142,0.030889432
1789439777.195628643,0.068290012719,-0.091542490346,0.172426491148,-0.642417137,0.765710457,-0.004444815,0.031112088
1789439777.228964090,0.068633350263,-0.091217842965,0.174300307087,-0.641366614,0.766620368,-0.006794911,0.029931710
1789439777.262298584,0.068539405984,-0.091252015435,0.175806992623,-0.641399253,0.766547000,-0.009767499,0.030286815
1789439777.295634031,0.068195409787,-0.091526008530,0.177397177459,-0.641584525,0.766207208,-0.010605948,0.034399509
1789439777.328969717,0.067808637208,-0.091913945411,0.179326202107,-0.641065002,0.766421684,-0.012457616,0.038448317
1789439777.362304211,0.067467250963,-0.092303410226,0.181735335239,-0.638893371,0.768126772,-0.016150291,0.039187898
1789439777.395639658,0.067185353520,-0.092588648969,0.184593502666,-0.634929561,0.771381278,-0.019480632,0.038156010
1789439777.428975105,0.066992091794,-0.092702251248,0.187540967512,-0.630639730,0.774849589,-0.021578920,0.037894533
1789439777.462310553,0.066983021591,-0.092778554503,0.189974209792,-0.626441864,0.778231134,-0.021291645,0.038386978
1789439777.495645285,0.067231948499,-0.093002003636,0.191486328351,-0.627302222,0.777656347,-0.018345590,0.037496226
1789439777.528980732,0.067623669982,-0.093320633749,0.192269524864,-0.628777152,0.776585778,-0.014995430,0.036454886
1789439777.562316179,0.068037251014,-0.093540271239,0.192849993366,-0.628715083,0.776719710,-0.012719809,0.035525240
1789439777.595651627,0.068337890642,-0.093621047218,0.193258128450,-0.628172488,0.777235002,-0.011890883,0.034112809
1789439777.628986120,0.068534582512,-0.093595524176,0.193381111831,-0.628661807,0.776872652,-0.010828420,0.033704004
1789439777.662321568,0.068685038788,-0.093508358790,0.193306937936,-0.629107214,0.776531213,-0.009968009,0.033526520
1789439777.695657015,0.068779649631,-0.093382775227,0.193124973479,-0.628774794,0.776815217,-0.009494811,0.033320053
1789439777.728991508,0.068805795810,-0.093217941042,0.192853558048,-0.629413517,0.776304694,-0.009479410,0.033163036
1789439777.762326956,0.068819785726,-0.093042063357,0.192637394847,-0.630341095,0.775557812,-0.009038012,0.033143603
1789439777.795662403,0.068868134021,-0.092923024753,0.192579798971,-0.630235116,0.775670141,-0.008498336,0.032669704
1789439777.828997850,0.068959361584,-0.092858863706,0.192620093301,-0.630339759,0.775610805,-0.007998723,0.032182097
1789439777.862332106,0.069069908212,-0.092796480500,0.192684877607,-0.630450966,0.775565473,-0.007094290,0.031296136
1789439777.895667553,0.069108371664,-0.092762126768,0.192656452889,-0.630293258,0.775739344,-0.006233162,0.030331935
1789439777.929003000,0.068947014295,-0.092788085508,0.192418369360,-0.630115352,0.775892353,-0.006912371,0.029965295
1789439777.962337494,0.068536107471,-0.092824315903,0.191999557618,-0.629963396,0.776005348,-0.008544754,0.029812878
1789439777.995672941,0.067937955626,-0.092799371382,0.191479956132,-0.629636256,0.776233838,-0.009941886,0.030337664
1789439778.029008150,0.067217330394,-0.092687273560,0.190896431511,-0.629600436,0.776226715,-0.011832657,0.030583749
1789439778.062343597,0.066429600439,-0.092467917769,0.190280560453,-0.629320551,0.776428699,-0.012593989,0.030911334
1789439778.095677853,0.065658817151,-0.092156243606,0.189582464217,-0.628839741,0.776760892,-0.012143144,0.032490610
1789439778.129012823,0.064945577921,-0.091822965954,0.188715391610,-0.628318968,0.777128446,-0.012509731,0.033617850
1789439778.162348032,0.064198229396,-0.091526243609,0.187536563026,-0.627517550,0.777773105,-0.012817478,0.033562391
1789439778.195683241,0.063348473544,-0.091291709440,0.185762313872,-0.626846372,0.778272974,-0.013235952,0.034345497
1789439778.229017258,0.062338900856,-0.091131960717,0.183132143202,-0.626977677,0.778124149,-0.016089193,0.034101895
1789439778.262352467,0.061133662964,-0.091020240699,0.179633861386,-0.628444305,0.776929898,-0.017171967,0.033805499
1789439778.295687675,0.059775936078,-0.090929796723,0.175412829242,-0.631538239,0.774388180,-0.015634017,0.035184902
1789439778.329021692,0.058216769422,-0.090921332722,0.170487255907,-0.634195213,0.772127972,-0.014627551,0.037428089
1789439778.362356901,0.056282058059,-0.091059794178,0.164593571648,-0.637281453,0.769432140,-0.016430574,0.039706020
1789439778.395692110,0.053972222463,-0.091245065424,0.157623599797,-0.643835443,0.763760990,-0.019575154,0.041974825
1789439778.429027081,0.051520358160,-0.091423605660,0.150014586817,-0.651629758,0.756938917,-0.020689246,0.044655241
1789439778.462361336,0.049177343537,-0.091661099175,0.142283172935,-0.657935964,0.751313957,-0.019050993,0.047798174
1789439778.495696306,0.046951697510,-0.091947914641,0.134574557024,-0.662787048,0.746932200,-0.017296675,0.050064379
1789439778.529031515,0.044858052110,-0.092138486483,0.126803085858,-0.667505232,0.742702518,-0.015840956,0.050781874
1789439778.562366486,0.043072772998,-0.092108473898,0.118922552365,-0.671103835,0.739330987,-0.010136521,0.053912756
1789439778.595700741,0.041631860123,-0.091835978724,0.110861740739,-0.674434207,0.736220953,-0.003389264,0.055728997
1789439778.629035711,0.040294591617,-0.091362855914,0.102680492801,-0.678071101,0.733064351,0.000209168,0.053255947
1789439778.662370682,0.038878232961,-0.090829779001,0.094634597764,-0.680914427,0.730583629,0.001503752,0.050998460
1789439778.695704937,0.037356239330,-0.090362592754,0.086904592340,-0.683199775,0.728470108,0.002701053,0.050616928
1789439778.729039907,0.035666923667,-0.090032753993,0.079529681402,-0.685582760,0.726233524,0.003029789,0.050517001
1789439778.762374640,0.033712118997,-0.089936061544,0.072601005207,-0.687974862,0.724050658,0.000396870,0.049407254
1789439778.795709610,0.031504534098,-0.090065451364,0.066177163790,-0.689746313,0.722429245,-0.003288079,0.048323887
1789439778.829043627,0.029173478724,-0.090371674211,0.060278187454,-0.691174724,0.721014697,-0.004514629,0.048937966
1789439778.862378836,0.026660786351,-0.090876677720,0.054764859371,-0.692504830,0.719672282,-0.005420843,0.049794388
1789439778.895713806,0.023852826132,-0.091494745257,0.049449987673,-0.693973926,0.718219745,-0.008273014,0.049921384
1789439778.929048777,0.020755692498,-0.092263979689,0.044417204989,-0.696212421,0.715912516,-0.009773896,0.051594627
1789439778.962382793,0.017407203918,-0.093170493846,0.039842134045,-0.697663109,0.714264645,-0.009439387,0.054800558
1789439778.995717764,0.013673885231,-0.094223862276,0.035701666414,-0.698017868,0.713685641,-0.012661423,0.057127484
1789439779.029052734,0.009511379925,-0.095389469895,0.032033212300,-0.697303455,0.714147552,-0.017974148,0.058635286
1789439779.062386751,0.005082386051,-0.096658980172,0.028772273625,-0.695876307,0.715084511,-0.021083944,0.062974406
1789439779.095721722,0.000611233354,-0.098032826667,0.025864405483,-0.693376785,0.716848015,-0.021054361,0.070101870
1789439779.129056692,-0.003801614576,-0.099458514125,0.023213419608,-0.691778670,0.717940573,-0.020316852,0.074771866
1789439779.162391663,-0.008114407005,-0.100907579234,0.020741001441,-0.692334087,0.717186161,-0.019438212,0.077069305
1789439779.195725441,-0.012229818484,-0.102470580852,0.018593181199,-0.692904743,0.716205195,-0.014836499,0.081932985
1789439779.229060411,-0.016116051924,-0.104217551195,0.016858968252,-0.693003704,0.715686551,-0.009960674,0.086252026
1789439779.262395382,-0.019839153415,-0.106069283939,0.015456362501,-0.693168212,0.715293802,-0.008040626,0.088362633
1789439779.295729160,-0.023432719590,-0.107897176920,0.014430569481,-0.693623224,0.714670096,-0.008335099,0.089799793
1789439779.329064131,-0.026755542574,-0.109693004682,0.013946895655,-0.693526893,0.714498593,-0.007545138,0.091952598
1789439779.362398863,-0.029669281772,-0.111470328106,0.014126303529,-0.692221038,0.715407429,-0.004434106,0.094881946
1789439779.395733833,-0.032319171572,-0.113134999760,0.014824604599,-0.690455034,0.716792856,-0.001218831,0.097356874
1789439779.429067612,-0.034763230418,-0.114617936634,0.015995348202,-0.689241488,0.717754727,0.001582830,0.098852505
1789439779.462402582,-0.037044401473,-0.115985596413,0.017575163010,-0.687579167,0.718953547,0.005298281,0.101551047
1789439779.495737314,-0.039154117151,-0.117255120004,0.019501785621,-0.685575758,0.720520310,0.008023436,0.103788188
1789439779.529072285,-0.041221667287,-0.118387267694,0.021531288493,-0.684684895,0.721194029,0.008243798,0.104965739
1789439779.562406063,-0.043098527870,-0.119420169827,0.023771905492,-0.684296751,0.721178404,0.009385459,0.107478272
1789439779.595741034,-0.044843676956,-0.120416002703,0.026336129437,-0.684273747,0.720663897,0.011904880,0.110775722
1789439779.629075766,-0.046334386412,-0.121512049605,0.029398569342,-0.684828837,0.719793816,0.013749950,0.112770853
1789439779.662409306,-0.047447621560,-0.122856537883,0.033008731362,-0.684822368,0.719464649,0.016965790,0.114460059
1789439779.695744276,-0.048185828806,-0.124451376521,0.037049906788,-0.683064432,0.720412363,0.024378773,0.117620938
1789439779.729079008,-0.048544357227,-0.126247768370,0.041248216454,-0.679859998,0.722566223,0.031925014,0.121116601
1789439779.762413740,-0.048845223916,-0.128164474646,0.045116429736,-0.677562042,0.724685050,0.032814426,0.121096946
1789439779.795747519,-0.049342706062,-0.130145417547,0.048477077248,-0.676973656,0.725296775,0.031713050,0.121018755
1789439779.829082251,-0.049878979761,-0.132060175765,0.051648492768,-0.677337131,0.724356977,0.034525322,0.123811884
1789439779.862416983,-0.050301408305,-0.133797762140,0.054946121261,-0.677999307,0.722964081,0.039688857,0.126746485
1789439779.895751715,-0.050697936405,-0.135291643629,0.058389626006,-0.678434870,0.722202223,0.043178832,0.127615299
1789439779.929085493,-0.051248348130,-0.136520753275,0.061864777026,-0.678011931,0.722388997,0.045621854,0.127955480
1789439779.962420225,-0.051939983764,-0.137484873391,0.065338671374,-0.677800897,0.722290916,0.047555931,0.128919393
1789439779.995754957,-0.052763284327,-0.138211037055,0.068834307312,-0.677567386,0.722436632,0.047916159,0.129196717
1789439780.029088497,-0.053739063748,-0.138834644565,0.072436772866,-0.676591536,0.723256007,0.047894424,0.129733439
1789439780.062422991,-0.054848484935,-0.139389771585,0.076122695386,-0.675676843,0.724043005,0.047917951,0.130101503
1789439780.095756292,-0.056162015011,-0.139821737266,0.079840090250,-0.674434324,0.725200054,0.047164003,0.130379372
1789439780.129089355,-0.057710136811,-0.140095020291,0.083621989079,-0.673015834,0.726424860,0.045463802,0.131490122
1789439780.162421703,-0.059431956107,-0.140231703917,0.087446839413,-0.670879745,0.728454008,0.042545882,0.132155113
1789439780.195754528,-0.061338376918,-0.140243728521,0.091126566631,-0.669503339,0.730534655,0.036998305,0.129288524
1789439780.229087830,-0.063182693496,-0.140200172580,0.094788657501,-0.668008564,0.731578220,0.037007342,0.131104244
1789439780.262421131,-0.064713386678,-0.140072476464,0.098481362833,-0.666270359,0.732157237,0.040300797,0.135666628
1789439780.295753241,-0.066155785827,-0.139865488157,0.102037569940,-0.665181664,0.733215284,0.038599603,0.135789438
1789439780.329086542,-0.067697175351,-0.139598749423,0.105454415923,-0.663976215,0.734435279,0.036493225,0.135678488
1789439780.362419367,-0.069183186635,-0.139313745310,0.109018354697,-0.662201642,0.735564525,0.037308850,0.137992262
1789439780.395751715,-0.070503735591,-0.139046795982,0.112745143641,-0.660388540,0.736922505,0.038199645,0.139186869
1789439780.429084778,-0.071700891150,-0.138816129185,0.116431197291,-0.658722478,0.738375815,0.039148021,0.139116087
1789439780.462418079,-0.072776345244,-0.138613504607,0.119926702878,-0.657551675,0.739112233,0.041677654,0.140006700
1789439780.495751143,-0.073670827037,-0.138459457214,0.123217220823,-0.656644568,0.739664201,0.044491603,0.140482303
1789439780.529083252,-0.074511914689,-0.138354750674,0.126229976519,-0.656413233,0.739896131,0.045802733,0.139919590
1789439780.562416553,-0.075378969867,-0.138274373503,0.129047712184,-0.656136284,0.739905055,0.047176279,0.140712771
1789439780.595749855,-0.076249813966,-0.138246482998,0.131816851292,-0.654985366,0.740684967,0.047842152,0.141743003
1789439780.629081726,-0.077134307630,-0.138235362281,0.134473928965,-0.654461643,0.741388831,0.046384558,0.140964649
1789439780.662415028,-0.077893158867,-0.138178124530,0.137002723394,-0.653971502,0.741611876,0.046540346,0.142010901
1789439780.695748329,-0.078427030736,-0.138096991479,0.139449316331,-0.653358502,0.742180529,0.046155257,0.141987403
1789439780.729081392,-0.078802834191,-0.137980296932,0.141789206217,-0.653271329,0.742524346,0.045659960,0.140745634
1789439780.762413502,-0.078993530570,-0.137771238086,0.144077597455,-0.652731012,0.742671776,0.047480379,0.141867800
1789439780.795746803,-0.078959351349,-0.137468155300,0.146377145194,-0.652269730,0.743040301,0.047789778,0.141955793
1789439780.829079866,-0.078767390784,-0.137092593889,0.148649555473,-0.651607639,0.743882687,0.047642492,0.140627968
1789439780.862413168,-0.078440440479,-0.136686174464,0.150927009235,-0.650780881,0.744516979,0.049459163,0.140472435
1789439780.895745277,-0.078170628578,-0.136442570173,0.153447477742,-0.649959910,0.745183716,0.050590195,0.140335232
1789439780.929078579,-0.077925052556,-0.136175324976,0.155885253532,-0.649231283,0.745826341,0.051507136,0.139960088
1789439780.962411642,-0.077742056498,-0.135850934633,0.158170388736,-0.648462506,0.746320499,0.052927664,0.140359374
1789439780.995743990,-0.077688731532,-0.135513446841,0.160396244388,-0.647686789,0.746738494,0.053540307,0.141481023
1789439781.029077053,-0.077807601702,-0.135148156777,0.162572563404,-0.647192997,0.747099238,0.053452105,0.141869043
1789439781.062410355,-0.078071874242,-0.134702355196,0.164700793048,-0.646018748,0.747682320,0.054764642,0.143637602
1789439781.095747471,-0.078475688617,-0.134223959135,0.166909936846,-0.644298503,0.748627459,0.055294660,0.146215140
1789439781.129083872,-0.079012612741,-0.133810599050,0.169013664559,-0.643407349,0.749303050,0.053212996,0.147445924
1789439781.162421227,-0.079565128428,-0.133487200351,0.170938461674,-0.642542028,0.749779330,0.052979548,0.148875341
1789439781.195758581,-0.080038263924,-0.133212319887,0.172671526888,-0.641275926,0.750523306,0.053554790,0.150372335
1789439781.229095936,-0.080482229198,-0.132915025244,0.174127893364,-0.640829438,0.751027154,0.052327617,0.150192099
1789439781.262432098,-0.080874856584,-0.132512932201,0.175358940309,-0.640405070,0.751369107,0.052349222,0.150284298
1789439781.295769453,-0.081173403294,-0.131979213477,0.176464134142,-0.639593682,0.751692667,0.053928753,0.151557729
1789439781.329107046,-0.081404242866,-0.131345292265,0.177444257666,-0.638709804,0.752341037,0.053478974,0.152225981
1789439781.362443447,-0.081626883349,-0.130656492551,0.178265556534,-0.637765772,0.753393344,0.051796773,0.151559836
1789439781.395780802,-0.081825574690,-0.129981425512,0.178990040551,-0.636828131,0.754323472,0.051083056,0.151117677
1789439781.429118156,-0.081949568848,-0.129449271787,0.179659781860,-0.635801236,0.755212615,0.050609301,0.151160156
1789439781.462455511,-0.081969885580,-0.129088357249,0.180053491130,-0.634628145,0.756251992,0.050755377,0.150844073
1789439781.495791912,-0.081927859222,-0.128871531344,0.180124437967,-0.634371071,0.756386122,0.051331375,0.151057831
1789439781.529129744,-0.081836940877,-0.128759010351,0.180019565862,-0.634782739,0.755972661,0.051038745,0.151496723
1789439781.562467098,-0.081699606890,-0.128740204587,0.179909904916,-0.635049664,0.755852918,0.051082989,0.150959658
1789439781.595804691,-0.081527720313,-0.128717896928,0.179894190336,-0.634666926,0.756150496,0.052603078,0.150556426
1789439781.629141092,-0.081325468935,-0.128595753314,0.179996473425,-0.634266160,0.756321152,0.053453627,0.151087602
1789439781.662478447,-0.081125328924,-0.128427018788,0.180179323117,-0.633784522,0.756877576,0.052972831,0.150490510
1789439781.695816278,-0.080956075978,-0.128288974304,0.180359044858,-0.633001313,0.757657768,0.053872295,0.149538692
1789439781.729152918,-0.080819412561,-0.128097478828,0.180426705535,-0.633055097,0.757579775,0.054873682,0.149341917
1789439781.762490273,-0.080724468447,-0.127751619628,0.180339127838,-0.633332845,0.757405113,0.054317518,0.149253504
1789439781.795827866,-0.080644734842,-0.127306935305,0.180182517653,-0.633181884,0.757516552,0.053650418,0.149569408
1789439781.829165459,-0.080488215198,-0.126966266080,0.180079161633,-0.632147698,0.758331177,0.053863008,0.149739409
1789439781.862502098,-0.080208095360,-0.126902626641,0.179963827633,-0.630878888,0.759447320,0.055216529,0.148938684
1789439781.895839930,-0.079855938163,-0.127114014282,0.179643620546,-0.630537922,0.759905949,0.056990468,0.147366766
1789439781.929177523,-0.079451580844,-0.127492761314,0.179096117031,-0.631273178,0.759353425,0.058688341,0.146397505
1789439781.962514162,-0.079026297628,-0.127928557230,0.178426065112,-0.632569010,0.758241139,0.059996353,0.146038555
1789439781.995851755,-0.078608104533,-0.128311464250,0.177826357668,-0.633727830,0.757267438,0.060242062,0.145965607
1789439782.029189348,-0.078206628093,-0.128554461152,0.177420513108,-0.634450348,0.756758269,0.059503574,0.145770376
1789439782.062527180,-0.077790555775,-0.128592725730,0.177217770788,-0.634641144,0.756653863,0.058805511,0.145765091
1789439782.095863342,-0.077312035312,-0.128382446861,0.177193943271,-0.634653203,0.756695638,0.058562185,0.145593595
1789439782.129200220,-0.076752091666,-0.127953891715,0.177253847358,-0.634034627,0.757150779,0.059571842,0.145512835
1789439782.162537336,-0.076105119234,-0.127410041250,0.177184511349,-0.634260750,0.756573535,0.061259831,0.146823091
1789439782.195874214,-0.075351027894,-0.126836559758,0.176985777868,-0.636038840,0.754634795,0.063100093,0.148321607
1789439782.229210377,-0.074526603374,-0.126303166686,0.176982906279,-0.637355591,0.753242838,0.065190614,0.148839719
1789439782.262547493,-0.073707061889,-0.125825712832,0.177451400094,-0.636996528,0.753538223,0.066358696,0.148364729
1789439782.295884609,-0.072970983387,-0.125335898270,0.178319553693,-0.634955064,0.755764394,0.065317808,0.146238953
1789439782.329220772,-0.072349490941,-0.124831218087,0.179162831105,-0.632370373,0.758362160,0.064731700,0.144237141
1789439782.362557888,-0.071788154889,-0.124360104426,0.179580754174,-0.631565182,0.759082501,0.065701371,0.143535735
1789439782.395894766,-0.071252498847,-0.123976591304,0.179524977451,-0.632334754,0.758279920,0.067363883,0.143619044
1789439782.429231882,-0.070813429777,-0.123749767797,0.179173238794,-0.633355606,0.757394590,0.068031929,0.143477412
1789439782.462568045,-0.070539270645,-0.123693295819,0.178730946015,-0.634396522,0.756707535,0.067251293,0.142870651
1789439782.495905161,-0.070427449900,-0.123786966814,0.178407444249,-0.634937966,0.756373898,0.066447174,0.142608131
1789439782.529242277,-0.070485340012,-0.124051788890,0.178249668278,-0.634367059,0.757064551,0.065909438,0.141730895
1789439782.562579393,-0.070746086902,-0.124452102210,0.178086435425,-0.633716009,0.757798687,0.065443673,0.140933658
1789439782.595915556,-0.071121889388,-0.124850681797,0.177826875586,-0.633644636,0.757802544,0.065320522,0.141290511
1789439782.629252672,-0.071468342199,-0.125178216804,0.177549624327,-0.633789148,0.757670991,0.065239810,0.141385117
1789439782.662589788,-0.071727232540,-0.125428742224,0.177349924514,-0.634340246,0.757175173,0.065905168,0.141261171
1789439782.695925951,-0.071876062854,-0.125598103178,0.177320722163,-0.634684273,0.756624777,0.067270397,0.142019419
1789439782.729263067,-0.071935148176,-0.125703529014,0.177407592754,-0.634441956,0.756799386,0.066752731,0.142415473
1789439782.762600183,-0.071966518703,-0.125750626358,0.177438542912,-0.634661282,0.756908298,0.064188086,0.142037933
1789439782.795937300,-0.071911904152,-0.125654681045,0.177502617330,-0.635389119,0.756310497,0.063424742,0.142310934
1789439782.829273462,-0.071643971337,-0.125381491711,0.177880662365,-0.635165226,0.756336818,0.064482144,0.142694800
1789439782.862610579,-0.071246067808,-0.125051843222,0.178564529540,-0.633844091,0.757731337,0.065114124,0.140872427
1789439782.895947695,-0.070910153548,-0.124823163611,0.179224246365,-0.631988736,0.759451807,0.066937227,0.139077668
1789439782.929284811,-0.070713303552,-0.124714757799,0.179489589013,-0.631254251,0.760019122,0.069102105,0.138253043
1789439782.962621212,-0.070663489920,-0.124684128598,0.179281363104,-0.632275820,0.759080081,0.069785477,0.138400529
1789439782.995958328,-0.070728122514,-0.124745257351,0.178885372125,-0.633486120,0.757942586,0.069638307,0.139172117
1789439783.029295444,-0.070852083026,-0.124912065464,0.178585023716,-0.633670183,0.757768433,0.069094035,0.139553272
1789439783.062631607,-0.070998512918,-0.125105947438,0.178401822910,-0.633435108,0.758080472,0.067975602,0.139475013
1789439783.095969200,-0.071106180058,-0.125257011211,0.178244499477,-0.633237111,0.758266675,0.067449195,0.139617391
1789439783.129306793,-0.071076740931,-0.125375683719,0.178006362397,-0.632701929,0.758614193,0.068253818,0.139764771
1789439783.162644863,-0.070877000353,-0.125498850776,0.177454191071,-0.632230233,0.759159916,0.068398262,0.138862640
1789439783.195981503,-0.070524725189,-0.125631244265,0.176310887199,-0.632688521,0.759146597,0.067713664,0.137173388
1789439783.229319096,-0.069960164307,-0.125782633904,0.174386651473,-0.633670170,0.758648352,0.067287947,0.135599142
1789439783.262656689,-0.069109898964,-0.126066269025,0.171429573770,-0.635153981,0.757918816,0.065870289,0.133415120
1789439783.295993328,-0.067970269364,-0.126525698460,0.167194244084,-0.639462911,0.755044076,0.062885484,0.130541353
1789439783.329331160,-0.066610621705,-0.127044670361,0.161819953571,-0.646544315,0.750348439,0.058168786,0.124796081
1789439783.362668991,-0.065107979033,-0.127592179275,0.155845180824,-0.654352530,0.745418209,0.053698127,0.115286477
1789439783.396006584,-0.063258339423,-0.128143396061,0.150022789315,-0.658903789,0.741336920,0.058292204,0.113434508
1789439783.429343462,-0.061063769584,-0.128589983458,0.144521154602,-0.661377428,0.739221177,0.062474658,0.110584205
1789439783.462681055,-0.058795560147,-0.128736743789,0.138887465741,-0.662947798,0.739033749,0.060891966,0.103060683
1789439783.496018887,-0.056540116211,-0.128330277817,0.132723459699,-0.664307968,0.738825464,0.057393502,0.097661877
1789439783.529356718,-0.054148869692,-0.127332335556,0.126025148047,-0.666094759,0.737868805,0.051589388,0.095947555
1789439783.562693357,-0.051549084001,-0.126035790217,0.118904084427,-0.667535509,0.737612139,0.044595809,0.091301100
1789439783.596031189,-0.048715315290,-0.124758274646,0.111496419979,-0.670371365,0.735800742,0.041097753,0.086663001
1789439783.629369259,-0.045616002090,-0.123536870067,0.103994036429,-0.674403505,0.732430707,0.040551346,0.084147252
1789439783.662705898,-0.042345592360,-0.122440099454,0.096507084485,-0.677434040,0.730227551,0.038859613,0.079628988
1789439783.696043730,-0.039079093511,-0.121466730327,0.088991472030,-0.679627596,0.728883936,0.036053673,0.074395369
1789439783.729381561,-0.035794564946,-0.120577493264,0.081412852130,-0.682731074,0.726370366,0.033294837,0.071804077
1789439783.762719393,-0.032445209417,-0.119757126025,0.073886966078,-0.685556920,0.724212487,0.030304749,0.067894079
1789439783.796056271,-0.029034796429,-0.118985637376,0.066483861070,-0.687060201,0.723369410,0.028217903,0.062359655
1789439783.829394102,-0.025639732617,-0.118232122860,0.059164938546,-0.688885281,0.722073617,0.026564731,0.057802038
1789439783.862731934,-0.022378452964,-0.117330825511,0.051737388418,-0.690891452,0.720524142,0.026179701,0.053184444
1789439783.896069765,-0.019349574663,-0.116198390518,0.044166947395,-0.692339242,0.719336738,0.026957549,0.049943186
1789439783.929406643,-0.016725110312,-0.115049598833,0.037082448423,-0.694532654,0.717414346,0.024079861,0.048592272
1789439783.962744713,-0.014480424077,-0.113995578845,0.030519954637,-0.695780136,0.716564608,0.019066959,0.045405018
1789439783.996082544,-0.012431418201,-0.113006947541,0.024036308917,-0.696406305,0.716254220,0.015796809,0.041816403
1789439784.029419422,-0.010505478537,-0.111994202206,0.017706085591,-0.697122498,0.715758938,0.012635687,0.039366303
1789439784.062757492,-0.008722495888,-0.110850405848,0.011593480116,-0.697368036,0.715792307,0.008360707,0.035345357
1789439784.096094608,-0.007077958052,-0.109422495658,0.005808732682,-0.697746018,0.715569712,0.006806530,0.032621340
1789439784.129431963,-0.005454296428,-0.107461846082,0.000398707519,-0.699193328,0.713993541,0.008530236,0.035625099
1789439784.162768126,-0.003739216132,-0.105040141641,-0.004576212340,-0.700567540,0.712594145,0.008620293,0.036611431
1789439784.196105242,-0.001977948576,-0.102395177035,-0.009093608735,-0.700951385,0.712383922,0.007127560,0.033548492
1789439784.229442358,-0.000111060337,-0.099661496512,-0.013340355771,-0.700963620,0.712405971,0.005827254,0.033072312
1789439784.262779713,0.001992862728,-0.096917036347,-0.017399790731,-0.701277909,0.712147569,0.003181955,0.032326610
1789439784.296115875,0.004318332881,-0.094262471048,-0.021297419156,-0.700669841,0.712860422,-0.000138387,0.029862586
1789439784.329453230,0.006808942985,-0.091745608197,-0.025221026085,-0.700186617,0.713411385,-0.004991524,0.027531480
1789439784.362790585,0.009539149332,-0.089326915139,-0.029173338080,-0.700216500,0.713383127,-0.010545355,0.025887489
1789439784.396126747,0.012559604936,-0.087004174975,-0.033236360001,-0.700566493,0.713051145,-0.014636217,0.023461356
1789439784.429464102,0.015900671123,-0.084753133113,-0.037416146772,-0.702058530,0.711564262,-0.018388772,0.021259689
1789439784.462801218,0.019459314717,-0.082695423591,-0.041464455454,-0.703754335,0.709834821,-0.023093194,0.018195231
1789439784.496138573,0.023153022420,-0.080947710094,-0.045176440176,-0.704660358,0.708875902,-0.027261986,0.014335945
1789439784.529474735,0.026864346868,-0.079537438546,-0.048481396880,-0.705008633,0.708393486,-0.032039988,0.010720769
1789439784.562812328,0.030509867225,-0.078461955665,-0.051338329999,-0.704828226,0.708401762,-0.036738832,0.005862864
1789439784.596149445,0.034090837831,-0.077527125436,-0.054092595356,-0.704451414,0.708642791,-0.039651257,0.001174074
1789439784.629485846,0.037604026209,-0.076560615398,-0.056911609753,-0.705139847,0.707925768,-0.040150152,-0.002620801
1789439784.662823200,0.040923394236,-0.075531726669,-0.059635193936,-0.706447750,0.706627494,-0.039801405,-0.005000912
1789439784.696160555,0.044076428177,-0.074466842888,-0.062135286685,-0.707187504,0.705749893,-0.041730765,-0.007839937
1789439784.729497910,0.047121788702,-0.073373718703,-0.064386478669,-0.706988988,0.705673820,-0.045455892,-0.011171117
1789439784.762834311,0.050137165721,-0.072288176731,-0.066380037358,-0.706077981,0.706295900,-0.048909794,-0.014415922
1789439784.796171665,0.053275299430,-0.071008495499,-0.068537991925,-0.705648332,0.706476658,-0.051593129,-0.017009177
1789439784.829509020,0.056556935718,-0.069568424245,-0.070829533387,-0.705334780,0.706506601,-0.054320215,-0.020014641
1789439784.862846375,0.059898226626,-0.068018337758,-0.073082224756,-0.705356509,0.706261094,-0.055773574,-0.023595993
1789439784.896182775,0.063340280337,-0.066359340373,-0.075151356078,-0.706424065,0.705190247,-0.054897993,-0.025650843
1789439784.929520369,0.066802958877,-0.064680862229,-0.076704754236,-0.707833798,0.703860805,-0.052669958,-0.027877533
1789439784.962857723,0.070109602687,-0.063158058426,-0.077539076318,-0.708959265,0.702879030,-0.048809021,-0.030911308
1789439784.996194124,0.073087972220,-0.061874799894,-0.077664700128,-0.709555799,0.702505170,-0.043593603,-0.033416346
1789439785.029531479,0.075455531580,-0.060872918057,-0.077222276854,-0.709048599,0.703114382,-0.039848443,-0.035949298
1789439785.062868834,0.076991213371,-0.060181872358,-0.076436271723,-0.707862279,0.704265627,-0.039177352,-0.037497425
1789439785.096207857,0.077763892970,-0.059867499044,-0.075451623138,-0.706976222,0.705112487,-0.040426971,-0.036968396
1789439785.129545450,0.077979155112,-0.060037130692,-0.074142469173,-0.706318445,0.705732865,-0.042600596,-0.035221683
1789439785.162884235,0.077887593322,-0.060882964606,-0.072282283703,-0.705027907,0.706914898,-0.045448212,-0.033785158
1789439785.196223259,0.077550398555,-0.062559869691,-0.069779528783,-0.702049690,0.709646483,-0.047689597,-0.035409102
1789439785.229562044,0.076846112339,-0.064923479533,-0.066873802670,-0.698679723,0.712719752,-0.049303134,-0.038031564
1789439785.262899876,0.075843042327,-0.067638080291,-0.064058121147,-0.695272437,0.715838543,-0.052241498,-0.037976884
1789439785.296238661,0.074731660197,-0.070456993186,-0.061543625479,-0.693076831,0.717540344,-0.057949103,-0.037712897
1789439785.329577923,0.073659211911,-0.073319591504,-0.059235196781,-0.691067246,0.718788712,-0.065277539,-0.038829016
1789439785.362915754,0.072794934976,-0.076251678070,-0.057134717836,-0.688465885,0.720562087,-0.072591618,-0.039184959
1789439785.396254539,0.072294319750,-0.079137734350,-0.055322065033,-0.686184225,0.721704941,-0.080872507,-0.041866747
1789439785.429593563,0.072202075598,-0.081833943190,-0.053761842657,-0.684883373,0.721551152,-0.089089809,-0.048597383
1789439785.462932587,0.072666412753,-0.084358066525,-0.052296020042,-0.682949705,0.722140548,-0.095123580,-0.055174577
1789439785.496270418,0.073861376044,-0.086763971584,-0.050938322442,-0.680344583,0.723350201,-0.099219971,-0.063648508
1789439785.529609680,0.075679389829,-0.088986805313,-0.049912052864,-0.678841170,0.723830724,-0.100810245,-0.071281441
1789439785.562948704,0.078003510847,-0.090937813099,-0.049384722363,-0.678922450,0.723049840,-0.100770479,-0.078157189
1789439785.596287727,0.080545616068,-0.092583169460,-0.049329272966,-0.679615402,0.721390300,-0.102152369,-0.085345378
1789439785.629625797,0.083277652045,-0.094047796415,-0.049493848166,-0.679947191,0.719605247,-0.106006078,-0.092751381
1789439785.662964821,0.086243908807,-0.095364012649,-0.049631064056,-0.679163277,0.718158373,-0.111824829,-0.102376766
1789439785.696303844,0.089473261398,-0.096494455177,-0.049675907296,-0.677797252,0.717015413,-0.117085012,-0.113008327
1789439785.729642153,0.092988156104,-0.097294054194,-0.049739212787,-0.676105120,0.716357228,-0.120738897,-0.123029701
1789439785.762981176,0.096847026422,-0.097719952580,-0.049747034523,-0.673436528,0.716545461,-0.123097276,-0.133764367
1789439785.796320438,0.101122139944,-0.097839164855,-0.049563932002,-0.669594680,0.717358413,-0.123878043,-0.147289180
1789439785.829659700,0.105793430010,-0.097724704729,-0.049248034835,-0.664997755,0.719351523,-0.121912975,-0.159526168
1789439785.862997770,0.110805741755,-0.097327411085,-0.048984509776,-0.661527914,0.721065215,-0.117848384,-0.168989741
1789439785.896337271,0.115929742334,-0.096583110173,-0.048892684282,-0.658961313,0.722007689,-0.113266478,-0.177892072
1789439785.929676294,0.120919056777,-0.095611382860,-0.048888781347,-0.656370332,0.722648243,-0.109555877,-0.186962601
1789439785.963014603,0.125820520220,-0.094538676832,-0.048792768401,-0.652799971,0.724254083,-0.105399749,-0.195445936
1789439785.996353865,0.130689673294,-0.093363324322,-0.048527603413,-0.648463032,0.726317394,-0.102663896,-0.203516249
1789439786.029693127,0.135552963260,-0.092093046778,-0.048120332514,-0.642591296,0.728745135,-0.103184216,-0.212978806
1789439786.063032389,0.140460171075,-0.090803608221,-0.047662232065,-0.636270122,0.730948241,-0.103589439,-0.223929072
1789439786.096368551,0.145425549096,-0.089528042915,-0.047279904589,-0.631426677,0.732940060,-0.100602415,-0.232332466
1789439786.129705906,0.150275024730,-0.088293877613,-0.047029344772,-0.629661004,0.734001317,-0.094988975,-0.236106292
1789439786.163043022,0.154766973825,-0.087122530593,-0.046943618659,-0.630061923,0.733627713,-0.090323717,-0.238020962
1789439786.196380138,0.158838694851,-0.086104368418,-0.047121935395,-0.630777090,0.732194878,-0.088436101,-0.241225993
1789439786.229716539,0.162585389441,-0.085510743448,-0.046982214422,-0.629894788,0.731839457,-0.088149692,-0.244690002
1789439786.263053656,0.166242169697,-0.085278889239,-0.046359690410,-0.628311966,0.732885079,-0.087513967,-0.245855323
1789439786.296390772,0.169868796891,-0.085136149231,-0.045440781018,-0.626307556,0.734870665,-0.086273502,-0.245480823
1789439786.329726934,0.173431823830,-0.084741804981,-0.044503437410,-0.623772610,0.737138360,-0.084433145,-0.245775942
1789439786.363064289,0.176870307836,-0.084084592533,-0.043754275871,-0.622392124,0.738765986,-0.082235125,-0.245133120
1789439786.396401644,0.180116238588,-0.083518206854,-0.043292960683,-0.620479546,0.740329589,-0.077276881,-0.246871458
1789439786.429738760,0.183148775848,-0.083181246942,-0.043112320991,-0.620576634,0.739213722,-0.071616458,-0.251632267
1789439786.463074923,0.186403823997,-0.082682090481,-0.043104195695,-0.620489490,0.738460432,-0.065408018,-0.255716199
1789439786.496412039,0.189719192820,-0.082050696305,-0.043186975445,-0.620490837,0.737337416,-0.060559692,-0.260109938
1789439786.529749393,0.192975284091,-0.081375284497,-0.043230426366,-0.620477307,0.735850191,-0.057542967,-0.264992858
1789439786.563086748,0.196140992502,-0.080744817938,-0.043067996853,-0.619428610,0.734593116,-0.055194404,-0.271357198
1789439786.596422911,0.199169373027,-0.080156207256,-0.042634586077,-0.616205005,0.734449671,-0.053445056,-0.279318275
1789439786.629760265,0.201991935588,-0.079613016134,-0.042007132241,-0.612162658,0.734561036,-0.053420766,-0.287790178
1789439786.663097382,0.204337166429,-0.079016731904,-0.041394989144,-0.608026022,0.734198235,-0.056245972,-0.296805828
1789439786.696433544,0.206099481437,-0.078226358738,-0.041185694997,-0.605029489,0.731889486,-0.063475654,-0.306998272
1789439786.729770899,0.207273776455,-0.077329610308,-0.041327788433,-0.602398407,0.727463974,-0.074102881,-0.320032950
1789439786.763108253,0.208150310825,-0.076491432196,-0.041706896883,-0.602499447,0.722800294,-0.081075455,-0.328604508
1789439786.796445370,0.209032274186,-0.075635377046,-0.042408895238,-0.606306086,0.718182797,-0.083069875,-0.331218654
1789439786.829781771,0.209882704996,-0.074639114840,-0.043392343334,-0.613179038,0.712131502,-0.083860024,-0.331432780
1789439786.863118887,0.210653663928,-0.073543150895,-0.044434944036,-0.620687125,0.705639073,-0.083779050,-0.331363943
1789439786.896456242,0.211426038849,-0.072476701687,-0.045432616969,-0.626903961,0.699474762,-0.083643233,-0.332761613
1789439786.929793358,0.212159116782,-0.071491204360,-0.046451598816,-0.631422556,0.693738253,-0.084523799,-0.335988867
1789439786.963129520,0.212713980242,-0.070514218557,-0.047619943213,-0.636489560,0.686781866,-0.088130449,-0.339771589
1789439786.996467113,0.212949573365,-0.069388283517,-0.049086534239,-0.641700462,0.677163643,-0.097938541,-0.346522669
1789439787.029804230,0.212783952437,-0.068189854940,-0.050941363895,-0.642518428,0.666637320,-0.113123858,-0.360510398
1789439787.063140631,0.212253440301,-0.066898181205,-0.053228622801,-0.647026826,0.654234464,-0.126544053,-0.370567343
1789439787.096476555,0.211677388838,-0.065544095065,-0.055767687342,-0.657530242,0.640342425,-0.134679785,-0.373466083
1789439787.129812479,0.211352147960,-0.064553722840,-0.058010598552,-0.666454747,0.628459167,-0.140558477,-0.375660033
1789439787.163148403,0.211405019191,-0.064336286425,-0.059508288820,-0.669926670,0.622413122,-0.145433756,-0.377689270
1789439787.196483374,0.211898425628,-0.064774653102,-0.060161341009,-0.670471741,0.620901069,-0.148207125,-0.378132456
1789439787.229819298,0.212687139394,-0.065527459726,-0.060137812386,-0.669401426,0.621829126,-0.149637879,-0.377940172
1789439787.263155460,0.213504001495,-0.066370518440,-0.059687374857,-0.666967398,0.623931878,-0.151474176,-0.378046394
1789439787.296490431,0.214225236798,-0.067135659910,-0.059160334979,-0.664099657,0.625668187,-0.155459561,-0.378607040
1789439787.329826355,0.214708579682,-0.067700527586,-0.058715520037,-0.659017129,0.625913958,-0.163567494,-0.383632398
1789439787.363162279,0.214937106446,-0.068123583726,-0.058418527270,-0.652836210,0.625086248,-0.173230163,-0.391233147
1789439787.396498203,0.215135609558,-0.068351172092,-0.058334881568,-0.649976944,0.624690331,-0.177687082,-0.394612802
1789439787.429833174,0.215470710848,-0.068245260263,-0.058693295116,-0.652757989,0.623633940,-0.176347260,-0.392287344
1789439787.463169098,0.215611711172,-0.067916157811,-0.059974001095,-0.655608591,0.620874664,-0.175237450,-0.392407777
1789439787.496505022,0.215565874553,-0.067315929055,-0.061360445084,-0.660214814,0.617202731,-0.173695013,-0.391161387
1789439787.529840946,0.215369830586,-0.066468403464,-0.062784742502,-0.669820831,0.613402971,-0.168378025,-0.383047896
1789439787.563175917,0.214992631675,-0.065465689329,-0.064210533196,-0.677945079,0.608583202,-0.165420526,-0.377694328
1789439787.596512079,0.214553286486,-0.064515712364,-0.065266438230,-0.683065808,0.603451966,-0.164673323,-0.377027218
1789439787.629848003,0.214338417013,-0.063691932863,-0.065812887828,-0.687642862,0.598920334,-0.163880213,-0.376277827
1789439787.663182974,0.214446931661,-0.063052786976,-0.065936760032,-0.690446293,0.596107866,-0.162236090,-0.376322707
1789439787.696518660,0.214923280533,-0.062786878633,-0.065693392221,-0.691279792,0.596209050,-0.157878336,-0.376485657
1789439787.729854584,0.215887393142,-0.062888918191,-0.065249989908,-0.690690811,0.598084356,-0.152716067,-0.376721527
1789439787.763190508,0.217235798588,-0.063400706618,-0.064584777021,-0.687208495,0.598772320,-0.151645239,-0.382387127
1789439787.796525478,0.218584819995,-0.064539483751,-0.063523610599,-0.676133953,0.600748598,-0.154290377,-0.397666292
1789439787.829861403,0.219736032778,-0.066216252560,-0.062107015288,-0.659601709,0.604706999,-0.158141453,-0.417428211
1789439787.863197327,0.220923828667,-0.068055148240,-0.060363228141,-0.647129141,0.607733399,-0.163030490,-0.430470730
1789439787.896533251,0.222042447317,-0.069266746698,-0.059274097501,-0.643693905,0.609517119,-0.163367728,-0.432964230
1789439787.929867983,0.223116165614,-0.069670121740,-0.059937949556,-0.645811160,0.608840518,-0.160037383,-0.432006024
1789439787.963203907,0.223826105164,-0.069858856405,-0.061149970196,-0.646596822,0.605864560,-0.158594973,-0.435532224
1789439787.996539831,0.224871735908,-0.070059233206,-0.062350506185,-0.641884913,0.601224045,-0.162549272,-0.447315482
1789439788.029874802,0.226363760768,-0.070227658857,-0.063584595997,-0.630713021,0.594309584,-0.172521826,-0.468223688
1789439788.063210726,0.228632250952,-0.070443196341,-0.064545113561,-0.612741175,0.587982529,-0.185575572,-0.494354636
1789439788.096544504,0.230718823323,-0.070515256002,-0.065096404417,-0.598465584,0.583060285,-0.193811618,-0.514117404
1789439788.129878283,0.232657122582,-0.069900372120,-0.065884332397,-0.595134914,0.581597042,-0.191848314,-0.520339831
1789439788.163210869,0.234962706386,-0.068720906046,-0.066979337902,-0.596052924,0.581974430,-0.183553411,-0.521857088
1789439788.196544647,0.238729029681,-0.067564984061,-0.067921582209,-0.595083997,0.579295714,-0.178926781,-0.527519402
1789439788.229878426,0.241994625482,-0.066521022127,-0.068744446109,-0.588233879,0.575592983,-0.180462642,-0.538615685
1789439788.263211966,0.244591336731,-0.065706809199,-0.069119403160,-0.576016082,0.571042784,-0.187762397,-0.553950264
1789439788.296544790,0.247161990468,-0.065096740632,-0.068705614099,-0.562729260,0.568199673,-0.195112875,-0.567816765
1789439788.329878330,0.250001820735,-0.064468613164,-0.067645613803,-0.553099099,0.568994368,-0.198169880,-0.575374221
1789439788.363211870,0.253015498839,-0.063718881288,-0.066432783304,-0.547300621,0.571539913,-0.197290519,-0.578688698
1789439788.396544695,0.255952983251,-0.062748891126,-0.065270586656,-0.543355387,0.575099831,-0.192727187,-0.580414799
1789439788.429878235,0.258855645530,-0.061704261227,-0.064140083238,-0.540104727,0.578766081,-0.187729824,-0.581441502
1789439788.463212013,0.262529915053,-0.060935955795,-0.063213604348,-0.533754147,0.581200781,-0.185300587,-0.585641405
1789439788.496545315,0.266044756995,-0.060388406323,-0.062376455933,-0.526700700,0.583019747,-0.184298135,-0.590515490
1789439788.529877901,0.269350568268,-0.060044050967,-0.061603921528,-0.522027767,0.585006164,-0.183909970,-0.592816937
1789439788.563211679,0.272587820301,-0.059847864953,-0.060942106458,-0.518435311,0.586115667,-0.185078616,-0.594507493
1789439788.596545219,0.275755672572,-0.059914703887,-0.060223521707,-0.514828810,0.586931889,-0.186140295,-0.596501504
1789439788.629877567,0.278963838081,-0.060353180963,-0.059426071587,-0.512169468,0.588584433,-0.185926301,-0.597228776
1789439788.663211107,0.282347640178,-0.061119199077,-0.058625907213,-0.510518474,0.590138327,-0.185878476,-0.597123802
1789439788.696544647,0.285993089069,-0.062094293662,-0.057845744688,-0.510215468,0.590551937,-0.186288867,-0.596845913
1789439788.729877949,0.289899522908,-0.063234065098,-0.057142152592,-0.511251656,0.590495556,-0.186462313,-0.595960191
1789439788.763210535,0.294196864751,-0.064485101026,-0.056582426099,-0.512342538,0.590320630,-0.186535958,-0.595173096
1789439788.796543837,0.299038012937,-0.065802111230,-0.056202040660,-0.511740144,0.590807233,-0.185846660,-0.595424099
1789439788.829877377,0.304402306331,-0.067136734168,-0.055922363064,-0.510486927,0.590894174,-0.183496941,-0.597139887
1789439788.863210678,0.310260554263,-0.068387662753,-0.055627304148,-0.510146086,0.590721128,-0.178844870,-0.599010879
1789439788.896543264,0.316692782201,-0.069558786397,-0.055167796710,-0.509428519,0.590776280,-0.173643445,-0.601093940
1789439788.929876566,0.323505006269,-0.070761660725,-0.054368432166,-0.507436180,0.591774714,-0.169678751,-0.602926473
1789439788.963209629,0.330491144836,-0.072028363415,-0.053004194215,-0.503960036,0.593689336,-0.168161281,-0.604383187
1789439788.996542215,0.337578332918,-0.073325473086,-0.050887507747,-0.499164249,0.596994234,-0.168699344,-0.604957410
1789439789.029875517,0.344606666430,-0.074539264097,-0.048141498759,-0.493404913,0.602627902,-0.169436045,-0.603889585
1789439789.063208818,0.351611590939,-0.075577652657,-0.044770727646,-0.487464850,0.609247382,-0.170758843,-0.601695159
1789439789.096545935,0.358648862113,-0.076389275782,-0.040867366725,-0.481450918,0.616046512,-0.170717138,-0.599622687
1789439789.129881859,0.365554124202,-0.076948167196,-0.036803784825,-0.477402263,0.623693291,-0.167692955,-0.595795964
1789439789.163218975,0.372547102729,-0.077266111464,-0.032747651639,-0.474736619,0.630659327,-0.163196414,-0.591828427
1789439789.196555853,0.379566435312,-0.077417571618,-0.028752673366,-0.471384414,0.635870985,-0.158521176,-0.590199849
1789439789.229892969,0.385927955984,-0.077560508015,-0.024852741789,-0.468965618,0.639440069,-0.154731669,-0.589275621
1789439789.263229132,0.391836122531,-0.077676655568,-0.021030547695,-0.466416971,0.641906838,-0.150915720,-0.589606026
1789439789.296566248,0.397338323247,-0.077775466610,-0.017183796910,-0.462994017,0.643748715,-0.145870898,-0.591562181
1789439789.329903364,0.402585638964,-0.077912463431,-0.013229142578,-0.460873995,0.646146610,-0.139906499,-0.592043825
1789439789.363239527,0.407604396201,-0.078087934437,-0.009125439085,-0.459811387,0.649404648,-0.135474437,-0.590333607
1789439789.396576643,0.412292600101,-0.078379648276,-0.004972692787,-0.457293995,0.653485458,-0.132648580,-0.588424433
1789439789.429913521,0.416624186088,-0.078684360690,-0.000942828614,-0.454449541,0.656454180,-0.130210153,-0.587868046
1789439789.463250637,0.420770975217,-0.078938663930,0.002727419632,-0.456045994,0.658310271,-0.125798616,-0.585512038
1789439789.496586800,0.424844537538,-0.079070675272,0.005973764540,-0.459858511,0.659590779,-0.120757732,-0.582140640
1789439789.529924154,0.428853478344,-0.079167207144,0.009046309104,-0.459199730,0.659912804,-0.118401246,-0.582779412
1789439789.563261271,0.432780115373,-0.079272728221,0.012138741586,-0.455774642,0.660669764,-0.117036529,-0.584882373
1789439789.596598387,0.436694730588,-0.079238474726,0.015027072241,-0.454364708,0.662177985,-0.113086438,-0.585050840
1789439789.629934549,0.440721500070,-0.079003738089,0.017682224275,-0.452268849,0.662801050,-0.108325100,-0.586867386
1789439789.663271666,0.444904832404,-0.078695214541,0.020323729256,-0.449067551,0.663914302,-0.103210357,-0.588985362
1789439789.696608782,0.448908132262,-0.078476436450,0.023042369496,-0.446946782,0.665981601,-0.098848560,-0.589012769
1789439789.729945183,0.452588148580,-0.078432994115,0.025881294050,-0.444411858,0.668411368,-0.094937169,-0.588821941
1789439789.763282299,0.455987733373,-0.078535385966,0.028889608037,-0.442884996,0.671116469,-0.089336643,-0.587770814
1789439789.796619415,0.458968396550,-0.078621945062,0.031956590493,-0.443820719,0.673493348,-0.084872511,-0.585001313
1789439789.829956532,0.461815727778,-0.078571849091,0.035116936406,-0.442960448,0.675829893,-0.084067233,-0.583071778
1789439789.863292933,0.464559826919,-0.078322149561,0.038282393070,-0.438099460,0.678036288,-0.084576708,-0.584108239
1789439789.896630049,0.467111466844,-0.077699899142,0.041328784546,-0.433457610,0.679800125,-0.083775920,-0.585634600
1789439789.929967403,0.469641833408,-0.076661212526,0.044095035216,-0.432512716,0.681118267,-0.079805785,-0.585356041
1789439789.963303566,0.472406890692,-0.075399816093,0.046726232037,-0.432682611,0.682729999,-0.073477265,-0.584180279
1789439789.996640921,0.475222887300,-0.074014643973,0.049188538790,-0.431211535,0.684336173,-0.066381866,-0.584238019
1789439790.029978037,0.477963977678,-0.072659196812,0.051523204957,-0.428963543,0.686093242,-0.060779446,-0.584441786
1789439790.063315153,0.480593633891,-0.071389032637,0.053685547921,-0.426679309,0.687801880,-0.056728048,-0.584512848
1789439790.096650362,0.483214136274,-0.070239418821,0.055616157423,-0.424835738,0.689095663,-0.052406330,-0.584735274
1789439790.129986286,0.485740783900,-0.069273461942,0.057338947418,-0.422117685,0.690332288,-0.051506191,-0.585324785
1789439790.163322449,0.488136584257,-0.068467254425,0.058870376700,-0.419198903,0.690828339,-0.052440397,-0.586752495
1789439790.196658373,0.490550191924,-0.067750609978,0.060268455791,-0.417308508,0.691453566,-0.052314093,-0.587374506
1789439790.229993582,0.493075051279,-0.067142282062,0.061739101272,-0.415286113,0.692684179,-0.051324022,-0.587445247
1789439790.263329506,0.495656489950,-0.066659615087,0.063556273549,-0.412157149,0.695643348,-0.050753025,-0.586200433
1789439790.296665668,0.498173977425,-0.066183264427,0.065757492555,-0.407954544,0.700657105,-0.051209757,-0.583121146
1789439790.330000639,0.500530407676,-0.065650604783,0.068084563300,-0.402079013,0.706259924,-0.051336509,-0.580425663
1789439790.363336563,0.502586998970,-0.065059416147,0.070255934999,-0.396287673,0.710572932,-0.050937388,-0.579178359
1789439790.396672964,0.504191684929,-0.064243114558,0.072021973521,-0.394829278,0.712500453,-0.050091937,-0.577878658
1789439790.430008888,0.505349688256,-0.063106490997,0.073233378245,-0.395801984,0.712721670,-0.048259824,-0.577095832
1789439790.463344097,0.506106346474,-0.061787785884,0.073994679476,-0.395616758,0.711914674,-0.047666829,-0.578267024
1789439790.496680021,0.506621332952,-0.060411848412,0.074543360816,-0.394692500,0.710671949,-0.048405786,-0.580362035
1789439790.530015945,0.507078688160,-0.059073682930,0.074993517709,-0.393203525,0.710533547,-0.047622921,-0.581605643
1789439790.563352108,0.507484005380,-0.057900972268,0.075270161415,-0.392324517,0.711008042,-0.044948154,-0.581832193
1789439790.596687078,0.507697492126,-0.056951401282,0.075277839351,-0.392423935,0.710660480,-0.042721324,-0.582357301
1789439790.630023003,0.507627407441,-0.056215159074,0.075024417335,-0.392709446,0.709870085,-0.042106812,-0.583173019
1789439790.663359165,0.507212723524,-0.055695304814,0.074535422441,-0.392302139,0.708789794,-0.042518368,-0.584729209
1789439790.696694136,0.506514354295,-0.055360972991,0.073771583637,-0.392255487,0.707446041,-0.042812944,-0.586364036
1789439790.730030060,0.505541849948,-0.055174504042,0.072744150426,-0.392233754,0.705637249,-0.043147486,-0.588529565
1789439790.763366222,0.504249028144,-0.055111879583,0.071489439148,-0.393105335,0.703650792,-0.044117757,-0.590251966
1789439790.796702147,0.502702932400,-0.055102015460,0.069984941382,-0.393761181,0.701614184,-0.045665280,-0.592118528
1789439790.830037117,0.501125598728,-0.055072278519,0.068201621507,-0.395133610,0.700177912,-0.045424766,-0.592922349
1789439790.863373041,0.499476357463,-0.055076267129,0.066058322516,-0.397775323,0.698425840,-0.043293396,-0.593381682
1789439790.896709204,0.497674460531,-0.055029409062,0.063596679156,-0.399417266,0.696474077,-0.041414949,-0.594705397
1789439790.930045128,0.495672857498,-0.055097466711,0.060927482057,-0.399724294,0.694784037,-0.041638539,-0.596457763
1789439790.963380098,0.493482261069,-0.055358363217,0.058045758048,-0.401255196,0.692896496,-0.042210626,-0.597584285
1789439790.996716022,0.491127199789,-0.055798070826,0.054886431908,-0.402857471,0.690570295,-0.041273303,-0.599262080
1789439791.030052185,0.488491831130,-0.056487313648,0.051537948412,-0.404754181,0.688149389,-0.039778593,-0.600867818
1789439791.063387156,0.485420312478,-0.057501647694,0.048006796912,-0.408005865,0.685565667,-0.038829949,-0.601683609
1789439791.096723795,0.481929762230,-0.058648258849,0.044213754658,-0.411782241,0.681885225,-0.040652811,-0.603171016
1789439791.130060673,0.478073728052,-0.059887429918,0.040179564137,-0.414709444,0.676874630,-0.045589019,-0.606447404
1789439791.163397551,0.473900888253,-0.061070319025,0.036095155581,-0.416610642,0.672080568,-0.049317829,-0.610172955
1789439791.196733236,0.469616840758,-0.061965405619,0.032034685374,-0.420321147,0.668296029,-0.049928819,-0.611733327
1789439791.230070114,0.465308018400,-0.062456882350,0.027904527124,-0.426529445,0.666478322,-0.046950377,-0.609651491
1789439791.263406754,0.460804174331,-0.062649106039,0.023634351827,-0.430164245,0.664931094,-0.045495022,-0.608897007
1789439791.296742678,0.456002016552,-0.062673795841,0.019170600485,-0.430069925,0.661619926,-0.047985461,-0.612369438
1789439791.330079317,0.451018027372,-0.062497259892,0.014474980700,-0.430915334,0.656986990,-0.050506878,-0.616546125
1789439791.363416195,0.446124425466,-0.062133710753,0.009602870183,-0.435121976,0.652732267,-0.050989520,-0.618069188
1789439791.396752834,0.441414399690,-0.061647532983,0.004681716752,-0.438758837,0.649551568,-0.050663842,-0.618875285
1789439791.430088758,0.436851005856,-0.061115555516,-0.000172893451,-0.440539587,0.646393506,-0.050296237,-0.620943312
1789439791.463425875,0.432266358583,-0.060590952981,-0.004925894197,-0.442182686,0.643123764,-0.050958688,-0.623112757
1789439791.496762514,0.427485952719,-0.060068071424,-0.009572107034,-0.442760356,0.639562418,-0.054521366,-0.626059582
1789439791.530099392,0.422744162035,-0.059631087228,-0.014007197558,-0.441667237,0.635559529,-0.061229373,-0.630273830
1789439791.563435316,0.418162667529,-0.059306939092,-0.018268387705,-0.439892746,0.631455385,-0.068061721,-0.634922099
1789439791.596772194,0.413658859793,-0.059092081673,-0.022477110170,-0.439644937,0.627817824,-0.072356460,-0.638217559
1789439791.630108833,0.409164588145,-0.059044210542,-0.026623475985,-0.442357700,0.624466113,-0.077246729,-0.639057651
1789439791.663444757,0.404609037857,-0.059273217989,-0.030610055860,-0.444354073,0.620569882,-0.084734563,-0.640517395
1789439791.696781635,0.399969960789,-0.059736171561,-0.034444427974,-0.445608006,0.615991959,-0.092407414,-0.642999441
1789439791.730118752,0.395342285711,-0.060387080970,-0.038072292209,-0.448638357,0.611720239,-0.098837704,-0.644013263
1789439791.763455629,0.390852016069,-0.061198343687,-0.041415487176,-0.452335315,0.609119436,-0.104911541,-0.642930668
1789439791.796791553,0.386433312222,-0.062082862151,-0.044472750700,-0.452838481,0.606962600,-0.112530519,-0.643327750
1789439791.830128431,0.382024946442,-0.062979768541,-0.047373555470,-0.451650851,0.604513552,-0.120967906,-0.644935376
1789439791.863465309,0.377572259563,-0.063793034322,-0.050411028413,-0.452085895,0.602144811,-0.127267231,-0.645633814
1789439791.896802187,0.373020517442,-0.064471698161,-0.053793436733,-0.454747782,0.599355826,-0.131841533,-0.645441600
1789439791.930138111,0.368411123083,-0.065052060542,-0.057447181641,-0.457863438,0.595038855,-0.137429466,-0.646067315
1789439791.963474989,0.363782805468,-0.065600328359,-0.061164808366,-0.459897496,0.590503493,-0.142961985,-0.647581492
1789439791.996812105,0.359234297114,-0.066202351142,-0.064823717154,-0.461640791,0.586869019,-0.147265433,-0.648679757
1789439792.030148029,0.354706073572,-0.066885388252,-0.068353997729,-0.463572417,0.583223022,-0.152221178,-0.649446097
1789439792.063484907,0.349988178250,-0.067623764053,-0.071901226556,-0.464961914,0.578881145,-0.157660530,-0.651037784
1789439792.096820354,0.345108549336,-0.068397750143,-0.075483409848,-0.466318255,0.573202210,-0.162960884,-0.653781510
1789439792.130155802,0.340254934281,-0.069255004121,-0.079007512029,-0.468998266,0.567252578,-0.167192555,-0.655981546
1789439792.163490057,0.335540910483,-0.070197850054,-0.082411751261,-0.472303780,0.562703093,-0.169459618,-0.656945817
1789439792.196825504,0.330998215845,-0.071257055217,-0.085695241987,-0.474690258,0.558824519,-0.171991319,-0.657877878
1789439792.230160713,0.326469998279,-0.072418374610,-0.088825007481,-0.475015206,0.553627660,-0.177026849,-0.660695439
1789439792.263495922,0.321914592371,-0.073650395174,-0.091895629320,-0.473896632,0.545841989,-0.184387502,-0.665942755
1789439792.296830416,0.317622710559,-0.074831716430,-0.095079816411,-0.472933362,0.536435276,-0.191994389,-0.672093285
1789439792.330165625,0.313862689791,-0.075956286299,-0.098515301041,-0.471972171,0.526587096,-0.197829430,-0.678831214
1789439792.363500834,0.310975030609,-0.077023720326,-0.102120777300,-0.470165367,0.515512289,-0.201192537,-0.687541396
1789439792.396835089,0.309196257178,-0.078024493194,-0.105785798813,0.469625604,-0.504424320,0.203185248,0.695502446
1789439792.430170298,0.308743750267,-0.079058669881,-0.109358103273,0.471614986,-0.497467944,0.203706658,0.699005399
1789439792.463505507,0.309641192840,-0.080234135356,-0.112595471119,0.472583317,-0.494569769,0.203484793,0.700471049
1789439792.496840715,0.311640258182,-0.081598374182,-0.115345930044,0.469241389,-0.492969010,0.206066704,0.703086472
1789439792.530175209,0.314478970484,-0.083044512774,-0.117661713489,0.463087331,-0.490800867,0.211233748,0.707138555
1789439792.563510418,0.317965323957,-0.084354275455,-0.119704189757,0.457062247,-0.487631460,0.215238061,0.712026852
1789439792.596845627,0.321979668826,-0.085393747284,-0.121568440831,0.455273454,-0.485737399,0.213857512,0.714877770
1789439792.630179882,0.326465550590,-0.086164310040,-0.123060869701,0.455531948,-0.484939546,0.209919883,0.716420215
1789439792.663515091,0.331153529717,-0.086751454948,-0.123806445800,0.454423157,-0.483955198,0.209298984,0.717969982
1789439792.696850300,0.335898070151,-0.087238326334,-0.123621305900,0.451604236,-0.483809897,0.212999078,0.718757950
1789439792.730185509,0.340770220362,-0.087626791049,-0.122644365070,0.447441918,-0.484422998,0.218830846,0.719196183
1789439792.763519764,0.345923899721,-0.087798973946,-0.121270468955,0.443618871,-0.486219595,0.221975868,0.719388294
1789439792.796854973,0.351267821080,-0.087607867656,-0.119869441202,0.441295015,-0.488830237,0.220904854,0.719378033
1789439792.830190182,0.356660927248,-0.086967531937,-0.118439313571,0.439300951,-0.490953856,0.216413670,0.720516557
1789439792.863525391,0.362007166501,-0.085938534966,-0.116693583155,0.437415750,-0.493058012,0.212601113,0.721361231
1789439792.896859407,0.367266927588,-0.084693085477,-0.114511533744,0.433794770,-0.495868464,0.210784239,0.722154117
1789439792.930194616,0.372336482968,-0.083383798256,-0.112124061949,0.428284789,-0.498896068,0.209487346,0.723733310
1789439792.963529825,0.377288039199,-0.082063023453,-0.109633168858,0.422175898,-0.501418525,0.209090896,0.725691375
1789439792.996864080,0.382189536855,-0.080866325077,-0.107054267408,0.416345667,-0.504856180,0.208221524,0.726925250
1789439793.030199051,0.387259868949,-0.079733159023,-0.104312929674,0.410206357,-0.511354626,0.204586179,0.726905555
1789439793.063534260,0.392441085955,-0.078624698190,-0.101376575732,0.403501379,-0.518171789,0.202020715,0.726548185
1789439793.096869230,0.397601882218,-0.077435608443,-0.098504408303,0.395565098,-0.524011671,0.200513579,0.727141202
1789439793.130203009,0.402605281771,-0.076078656088,-0.096016895101,0.388742588,-0.528366618,0.197510278,0.728489950
1789439793.163537741,0.407417150739,-0.074440136018,-0.093986849462,0.385421175,-0.531330278,0.191482289,0.729707603
1789439793.196872711,0.411905093311,-0.072703396024,-0.092357802895,0.384688655,-0.533299369,0.183885903,0.730610974
1789439793.230207682,0.416086791579,-0.071001109513,-0.090849673892,0.383475875,-0.534597347,0.178457530,0.731645297
1789439793.263541460,0.420037265102,-0.069492794701,-0.089281593042,0.380204767,-0.535913162,0.175681334,0.733060357
1789439793.296876431,0.423823957418,-0.068181646634,-0.087632186032,0.375952427,-0.537432734,0.173984114,0.734544319
1789439793.330211163,0.427496445565,-0.066976964778,-0.086067339260,0.373100629,-0.538908836,0.171463417,0.735508996
1789439793.363545179,0.431041236463,-0.065740938982,-0.084583345995,0.371930307,-0.540724522,0.167807153,0.735612396
1789439793.396879911,0.434401611423,-0.064436803500,-0.083042313491,0.370493821,-0.542122777,0.164590362,0.736034807
1789439793.430214643,0.437591719508,-0.063137194529,-0.081352354093,0.368583354,-0.543942964,0.160942190,0.736457721
1789439793.463549614,0.440574650888,-0.061891472543,-0.079455389185,0.367543115,-0.546729009,0.158063972,0.735537375
1789439793.496883392,0.443318820110,-0.060694586781,-0.077435737348,0.365416827,-0.549368241,0.156108752,0.735047710
1789439793.530218124,0.445846431018,-0.059532912855,-0.075451541112,0.362176121,-0.551527314,0.154687366,0.735335228
1789439793.563553095,0.448217094190,-0.058277318316,-0.073619533383,0.359695401,-0.553428865,0.153152808,0.735445394
1789439793.596887589,0.450421475626,-0.056846588179,-0.071965648611,0.358790372,-0.555137566,0.150598489,0.735127095
1789439793.630221367,0.452504931657,-0.055211666504,-0.070425606490,0.357963127,-0.556760253,0.147393037,0.734952865
1789439793.663556099,0.454524513280,-0.053397766037,-0.068941914595,0.356100655,-0.558274796,0.144242770,0.735333665
1789439793.696890831,0.456447117191,-0.051442274266,-0.067496187813,0.353113054,-0.559619970,0.141222010,0.736337561
1789439793.730224609,0.458265204593,-0.049389828741,-0.066074465286,0.350075786,-0.560423179,0.137782824,0.737827011
1789439793.763559341,0.460059045830,-0.047223938985,-0.064744372577,0.348883515,-0.561568147,0.133800360,0.738254003
1789439793.796894073,0.461856748125,-0.044984264396,-0.063500377797,0.346808083,-0.562870978,0.129602747,0.738988189
1789439793.830228806,0.463641697811,-0.042790713170,-0.062334299918,0.343886361,-0.564024611,0.125862621,0.740119591
1789439793.863562584,0.465347261744,-0.040694749236,-0.061262967940,0.342339022,-0.565303987,0.122308948,0.740456560
1789439793.896897316,0.466961228664,-0.038638549492,-0.060239241690,0.340848869,-0.566345577,0.119156579,0.740861961
1789439793.930231571,0.468419389066,-0.036749150021,-0.059334261968,0.339177444,-0.566899171,0.116605928,0.741611117
1789439793.963565350,0.469723700280,-0.035104628310,-0.058491785917,0.337876041,-0.567395770,0.114200654,0.742199455
1789439793.996900082,0.470919943423,-0.033631716039,-0.057619918791,0.336374553,-0.568359564,0.112299241,0.742434136
1789439794.030234575,0.471960381036,-0.032354015606,-0.056868536351,0.334897064,-0.569057029,0.110358707,0.742858675
1789439794.063569307,0.472745228172,-0.031254304344,-0.056305550756,0.334084417,-0.569108979,0.108852061,0.743406888
1789439794.096906185,0.473248383435,-0.030306265833,-0.055944558102,0.333438188,-0.568977241,0.107523733,0.743990941
1789439794.130244255,0.473566700107,-0.029498269693,-0.055669033364,0.332593484,-0.568240700,0.107524162,0.744931296
1789439794.163582325,0.473809189893,-0.028760418658,-0.055401468250,0.332329175,-0.567472527,0.108120540,0.745548254
1789439794.196920156,0.474130903228,-0.028018078247,-0.055090572211,0.331104873,-0.567179134,0.107895285,0.746348444
1789439794.230257034,0.474581182708,-0.027245742972,-0.054716769741,0.329753590,-0.567861827,0.106342334,0.746650403
1789439794.263594866,0.475042711052,-0.026461986705,-0.054277886643,0.328772632,-0.568227635,0.104922590,0.747005463
1789439794.296933174,0.475460963069,-0.025655497215,-0.053773213098,0.327919638,-0.568360885,0.103354524,0.747497464
1789439794.330270052,0.475888261519,-0.024782802994,-0.053242570523,0.327165044,-0.568753792,0.100727715,0.747887749
1789439794.363607883,0.476341772392,-0.023877698486,-0.052741704963,0.326420035,-0.569102630,0.098436754,0.748252874
1789439794.396945953,0.476830438274,-0.022974903302,-0.052297470345,0.325342127,-0.569515588,0.096705921,0.748633729
1789439794.430284023,0.477315772747,-0.022064637256,-0.051993590481,0.323639240,-0.570253916,0.095195325,0.749003313
1789439794.463621140,0.477753924604,-0.021153571201,-0.051793553272,0.322422542,-0.570564886,0.094341565,0.749399149
1789439794.496958971,0.478254239530,-0.020159071167,-0.051435074775,0.321207983,-0.570834828,0.093537609,0.749815808
1789439794.530297041,0.478690685186,-0.019118581147,-0.051082402505,0.319966854,-0.571219430,0.092061940,0.750236079
1789439794.563635111,0.479068665131,-0.018061359537,-0.050768124579,0.318085642,-0.571652797,0.090230455,0.750928138
1789439794.596972227,0.479467134957,-0.017015223028,-0.050436958353,0.316266704,-0.571966837,0.088351872,0.751680289
1789439794.630310297,0.480009699562,-0.016001897443,-0.050017432148,0.313850509,-0.572866996,0.086396070,0.752234659
1789439794.663648129,0.480547685493,-0.015075473222,-0.049629593385,0.311200364,-0.574100395,0.084339992,0.752628617
1789439794.696985245,0.480987175849,-0.014267948515,-0.049342068693,0.308521561,-0.575094692,0.081951808,0.753235981
1789439794.730323553,0.481247417329,-0.013591148974,-0.049131214412,0.307101203,-0.575420728,0.080306619,0.753744442
1789439794.763661623,0.481377638874,-0.013027180608,-0.048977470335,0.306590668,-0.575231549,0.079824066,0.754147828
1789439794.796999693,0.481533891196,-0.012563764402,-0.048850486568,0.305307406,-0.575360632,0.079199512,0.754635653
1789439794.830336571,0.481703181649,-0.012202562956,-0.048759174299,0.304143889,-0.575725979,0.078614610,0.754887962
1789439794.863674879,0.481843635182,-0.011917232740,-0.048700957750,0.303758594,-0.575641651,0.078666109,0.755102013
1789439794.897012949,0.481993632050,-0.011638995807,-0.048630721369,0.303521597,-0.575667804,0.078692629,0.755174608
1789439794.930351019,0.482203767862,-0.011331046919,-0.048529012113,0.302486822,-0.576020642,0.078363132,0.755354991
1789439794.963688135,0.482454475964,-0.010991935381,-0.048406340716,0.301612279,-0.576378859,0.078042187,0.755464666
1789439794.997026443,0.482693111283,-0.010630474989,-0.048304716484,0.301162159,-0.576729232,0.077896518,0.755391872
1789439795.030364752,0.482859698744,-0.010296756361,-0.048246465739,0.300010231,-0.576931630,0.077979799,0.755687042
1789439795.063701868,0.482906919026,-0.010057017803,-0.048241772637,0.298931920,-0.576785082,0.078416463,0.756180888
1789439795.097037792,0.482800194944,-0.009908943516,-0.048339932870,0.299126515,-0.576628788,0.078713857,0.756192236
1789439795.130373478,0.482496862787,-0.009850818325,-0.048570662691,0.299359087,-0.575931961,0.079539977,0.756544715
1789439795.163709402,0.482051508725,-0.009908255330,-0.048892254063,0.299280734,-0.575208203,0.080534867,0.757020938
1789439795.197044373,0.481493124385,-0.010082711844,-0.049270330428,0.298741608,-0.574710910,0.081191469,0.757541264
1789439795.230380297,0.480778639160,-0.010414080702,-0.049770624915,0.298452898,-0.574289938,0.081101845,0.757983790
1789439795.263716221,0.479790238342,-0.010997488129,-0.050497425706,0.298852894,-0.573661904,0.080733504,0.758340998
1789439795.297050953,0.478368030322,-0.011952780559,-0.051518788289,0.299703351,-0.572244413,0.082043558,0.758935497
1789439795.330386877,0.476347219459,-0.013556309003,-0.052731391659,0.299753892,-0.569926638,0.086676830,0.760143644
1789439795.363722801,0.473587634170,-0.016074746782,-0.053871079236,0.299098250,-0.566638096,0.099094745,0.761342063
1789439795.397058725,0.470223223915,-0.019360929768,-0.055008275767,0.300256412,-0.563891751,0.113389959,0.760930284
1789439795.430393457,0.466465519787,-0.022911585919,-0.056591894600,0.303362741,-0.561497796,0.124293997,0.759764618
1789439795.463729382,0.462366904602,-0.026304850891,-0.058869746723,0.307878350,-0.557188099,0.130278720,0.760118279
1789439795.497065544,0.457911608635,-0.029303807478,-0.061751521100,0.314619971,-0.551374729,0.132452671,0.761220383
1789439795.530401230,0.453145669595,-0.031875006088,-0.064910880373,0.321254098,-0.545555751,0.133036731,0.762539150
1789439795.563736200,0.448093653212,-0.034150674685,-0.068033268605,0.324591276,-0.540124002,0.135222686,0.764605383
1789439795.597071886,0.442777651053,-0.036149767199,-0.071016640038,0.326706393,-0.535051379,0.138117845,0.766750556
1789439795.630407810,0.437273042744,-0.037819970453,-0.073858237049,0.330373584,-0.531336971,0.138601626,0.767674350
1789439795.663742542,0.431656753472,-0.039192328221,-0.076585416983,0.334128918,-0.528673797,0.136974139,0.768179646
1789439795.697078466,0.425888537054,-0.040396806785,-0.079127790112,0.337920941,-0.526109671,0.136053328,0.768444887
1789439795.730414152,0.420018520980,-0.041601817285,-0.081472268336,0.342095847,-0.523676071,0.137649718,0.767975494
1789439795.763750076,0.414142333357,-0.042906071636,-0.083536592457,0.344975529,-0.521832304,0.140924198,0.767348227
1789439795.797084808,0.408334473272,-0.044415155999,-0.085366405519,0.348105974,-0.520595475,0.143965945,0.766209102
1789439795.830420732,0.402515821112,-0.046212069376,-0.087167413806,0.354250632,-0.519597787,0.145709054,0.763736539
1789439795.863756418,0.396547988975,-0.048303085537,-0.089027798421,0.360409052,-0.517342265,0.148778705,0.761792093
1789439795.897092342,0.390432645453,-0.050652887328,-0.090888532616,0.365817862,-0.514658440,0.152196551,0.760355306
1789439795.930427074,0.384110911881,-0.053194368471,-0.092704655436,0.371682552,-0.512828577,0.154294637,0.758321895
1789439795.963762760,0.377496383109,-0.055885581974,-0.094404077718,0.377776804,-0.511373838,0.158422605,0.755436140
1789439795.997098684,0.370877005466,-0.058664347355,-0.095864144715,0.383009112,-0.509719193,0.166349281,0.752208935
1789439796.030433416,0.364326397406,-0.061478524297,-0.097003832110,0.387037130,-0.508948336,0.175537102,0.748572359
1789439796.063769102,0.357873697759,-0.064331294490,-0.097928417567,0.389854732,-0.509130607,0.183462645,0.745077694
1789439796.097101688,0.351404575949,-0.067135585917,-0.098789981071,0.393725671,-0.509623169,0.189921129,0.741076438
1789439796.130434275,0.344882022974,-0.069703694680,-0.099734935123,0.399145731,-0.510031863,0.194122826,0.736794756
1789439796.163765907,0.338244140040,-0.072021065207,-0.100757968718,0.405718907,-0.510104093,0.195985362,0.732649794
1789439796.197098494,0.331580599876,-0.074099178131,-0.101780328621,0.412503311,-0.509749084,0.197988133,0.728558569
1789439796.230430841,0.325234172656,-0.075937319904,-0.102711895430,0.416334015,-0.509760289,0.201177289,0.725491650
1789439796.263763428,0.319297299673,-0.077567123414,-0.103538933044,0.417907701,-0.510200870,0.204418621,0.723367993
1789439796.297094822,0.313541568040,-0.078931198780,-0.104319519631,0.420369271,-0.510180945,0.208016637,0.720925904
1789439796.330427170,0.307872300021,-0.079972826181,-0.105082316954,0.422921654,-0.509931631,0.211078659,0.718716082
1789439796.363759518,0.302281452957,-0.080772591919,-0.105861224361,0.424981232,-0.510785362,0.211742623,0.716696817
1789439796.397090912,0.296815654080,-0.081409591236,-0.106699870030,0.427811425,-0.511927206,0.211459214,0.714277902
1789439796.430423021,0.291339181911,-0.081857951017,-0.107552396731,0.431592389,-0.512501297,0.211314301,0.711629606
1789439796.463755369,0.285810206751,-0.082188617968,-0.108318813077,0.435387664,-0.512990945,0.210763582,0.709123815
1789439796.497087717,0.280203097184,-0.082619567528,-0.108922421063,0.440372366,-0.514173570,0.209464396,0.705565295
1789439796.530418873,0.274473239919,-0.083080362229,-0.109344207385,0.446586824,-0.516348239,0.207452925,0.700648263
1789439796.563750982,0.268527136988,-0.083558027709,-0.109542680623,0.451761307,-0.518008683,0.206435442,0.696392945
1789439796.597083330,0.262275794623,-0.084000421685,-0.109369987602,0.456620746,-0.518577009,0.206834990,0.692672120
1789439796.630414248,0.255988142258,-0.084364277076,-0.108850230205,0.462958617,-0.520097450,0.206062607,0.687536300
1789439796.663746357,0.249809353114,-0.084594851940,-0.108044517194,0.470557437,-0.523548561,0.203099445,0.680605038
1789439796.697078466,0.243898858108,-0.084730765549,-0.107157760107,0.478284175,-0.528116112,0.199207401,0.672795683
1789439796.730410337,0.237883220788,-0.084842211181,-0.106263371843,-0.484978854,0.531666301,-0.197062363,-0.665802434
1789439796.763741493,0.231442568072,-0.085024874673,-0.105339445065,-0.491350112,0.534294821,-0.197420876,-0.658884747
1789439796.797073126,0.224823620282,-0.085272129310,-0.104451210100,-0.497227624,0.537526773,-0.197803321,-0.651692800
1789439796.830405235,0.218347285256,-0.085520664427,-0.103701314970,-0.502146472,0.541141380,-0.197604872,-0.644955225
1789439796.863737106,0.212012940787,-0.085764248402,-0.103118827127,-0.507631902,0.545206650,-0.196672475,-0.637479019
1789439796.897067785,0.205591316068,-0.085941697209,-0.102704069158,-0.513657070,0.548405016,-0.196282199,-0.629985437
1789439796.930399656,0.199099895702,-0.085998506490,-0.102403464615,-0.519159155,0.550776631,-0.194969405,-0.623783461
1789439796.963731527,0.192637802005,-0.085901888157,-0.102140130218,-0.525884075,0.553931638,-0.191612497,-0.616352441
1789439796.997062206,0.186316744105,-0.085641574792,-0.101842548667,-0.533335137,0.556910232,-0.188501477,-0.608170879
1789439797.030394077,0.180046079249,-0.085318170157,-0.101408281150,-0.540264714,0.560219816,-0.185503858,-0.599880085
1789439797.063725471,0.173801875502,-0.084945297449,-0.100816159270,-0.546633295,0.563852128,-0.182842384,-0.591465537
1789439797.097061872,0.167601976589,-0.084503645793,-0.099976106660,-0.553180773,0.567198647,-0.181136396,-0.582637394
1789439797.130397081,0.161620356999,-0.083964108739,-0.098942458272,-0.559688825,0.571096254,-0.178677558,-0.573299064
1789439797.163733244,0.155911378216,-0.083380533711,-0.097770048706,-0.566007166,0.575445404,-0.175637509,-0.563604419
1789439797.197069407,0.150440009996,-0.082717490495,-0.096455037412,-0.572389018,0.579764318,-0.173638350,-0.553257509
1789439797.230405569,0.145145976166,-0.081929807688,-0.095019406693,-0.577503059,0.584307274,-0.173177569,-0.543217043
1789439797.263740540,0.140085596551,-0.080973596492,-0.093585846683,-0.581556440,0.588483432,-0.173084292,-0.534341825
1789439797.297076702,0.135244150293,-0.079813497600,-0.092256234854,-0.586114033,0.592398139,-0.172774088,-0.525056092
1789439797.330412865,0.130623071524,-0.078435677493,-0.091044979287,-0.590841343,0.595912801,-0.172696643,-0.515723094
1789439797.363748074,0.126309999510,-0.076840609256,-0.089899294231,-0.594319676,0.598425718,-0.173521653,-0.508488956
1789439797.397084236,0.122369840806,-0.075089250638,-0.088784359933,-0.596734386,0.601271684,-0.173541093,-0.502258822
1789439797.430420160,0.118723324885,-0.073358057375,-0.087760326747,-0.598910071,0.605676257,-0.170967919,-0.495210024
1789439797.463756323,0.115178374168,-0.071680664351,-0.086972344272,-0.602595990,0.609880981,-0.168400250,-0.486379088
1789439797.497091532,0.111575161104,-0.070005031137,-0.086415750722,-0.606805478,0.611876252,-0.168604272,-0.478505135
1789439797.530427694,0.107994541679,-0.068350043630,-0.085941097651,-0.610931781,0.613041055,-0.169527426,-0.471384637
1789439797.563763618,0.104675189444,-0.066711470810,-0.085489418548,-0.615129486,0.614846925,-0.168197509,-0.463991995
1789439797.597099781,0.101760947767,-0.065064634028,-0.085046674731,-0.619069044,0.617328925,-0.163782782,-0.456983279
1789439797.630434990,0.099154571221,-0.063436386981,-0.084623099827,-0.622013553,0.620652704,-0.158995077,-0.450122124
1789439797.663770914,0.096778309094,-0.061819253820,-0.084282792584,-0.624119719,0.624261599,-0.155158931,-0.443506188
1789439797.697107077,0.094448057730,-0.060155459163,-0.084065179941,-0.626363136,0.627534239,-0.151438271,-0.436962757
1789439797.730442286,0.092087460836,-0.058384615534,-0.083969736517,-0.629094968,0.630690754,-0.146611683,-0.430085699
1789439797.763778210,0.089876899627,-0.056320930758,-0.083975260818,-0.631847438,0.633810805,-0.142534465,-0.422772522
1789439797.797114611,0.087918858562,-0.053855827770,-0.084025748935,-0.633613797,0.637530625,-0.141243910,-0.414895669
1789439797.830450773,0.085941449760,-0.051468658438,-0.084109433776,-0.634319794,0.641162499,-0.141674142,-0.408016527
1789439797.863785744,0.084011174649,-0.049130685106,-0.084281433585,-0.635345157,0.644423542,-0.140280611,-0.401716542
1789439797.897121906,0.082293112101,-0.046713125289,-0.084630243309,-0.637548818,0.647093402,-0.136421080,-0.395209971
1789439797.930458069,0.080966269186,-0.044257033772,-0.085246647523,-0.641157824,0.649069309,-0.130914023,-0.387926791
1789439797.963793039,0.079999790328,-0.041820280195,-0.086109705170,-0.644905119,0.650385880,-0.124488528,-0.381573324
1789439797.997129202,0.079363769849,-0.039419246771,-0.087125532352,-0.647760449,0.650514621,-0.118900176,-0.378285443
1789439798.030465364,0.079167983129,-0.037083403056,-0.088233039769,-0.650208080,0.649931909,-0.115326304,-0.376188530
1789439798.063801289,0.079549148717,-0.034855373960,-0.089519188606,-0.651753347,0.650437456,-0.111976071,-0.373644282
1789439798.097137690,0.080487339942,-0.032739477524,-0.091157905246,-0.651536231,0.650951701,-0.108338636,-0.374199363
1789439798.130475044,0.081827695784,-0.030628377899,-0.093193440614,-0.651502544,0.650562552,-0.103357617,-0.376337619
1789439798.163812399,0.083530532000,-0.028408392296,-0.095642743778,-0.652614543,0.649170175,-0.097364263,-0.378407904
1789439798.197149992,0.085507909796,-0.026034095847,-0.098477390660,-0.655199616,0.646366914,-0.092283206,-0.380009322
1789439798.230486631,0.087553162501,-0.023553837582,-0.101622092674,-0.658124929,0.642149871,-0.087667058,-0.383183517
1789439798.263823986,0.089462440347,-0.021094990748,-0.104880659835,-0.662720939,0.636836496,-0.084995864,-0.384728395
1789439798.297161341,0.091304510862,-0.018847155836,-0.108074065504,-0.668254218,0.631261495,-0.084493227,-0.384455614
1789439798.330497742,0.093178949770,-0.016970986780,-0.110943182088,-0.672430614,0.626227389,-0.085254053,-0.385237683
1789439798.363835335,0.095048239896,-0.015446539986,-0.113207472475,-0.674183088,0.623371831,-0.084755767,-0.386912373
1789439798.397172928,0.096955885710,-0.014341013414,-0.114861240658,-0.673807858,0.622924617,-0.083878547,-0.388474298
1789439798.430510283,0.098799724613,-0.013523014385,-0.115947317972,-0.672371893,0.624815879,-0.081467382,-0.388438182
1789439798.463846922,0.100543884594,-0.012827385722,-0.116689000010,-0.670543897,0.627084560,-0.078236373,-0.388606365
1789439798.497184277,0.102095206620,-0.012137047803,-0.117317022203,-0.668618944,0.627933465,-0.075581803,-0.391069895
1789439798.530521870,0.103263780575,-0.011387888966,-0.117967139956,-0.666375880,0.626625732,-0.072279560,-0.397566401
1789439798.563859463,0.103973774926,-0.010637632414,-0.118654764484,-0.664999588,0.624887566,-0.068124337,-0.403299085
1789439798.597196102,0.104392230518,-0.009952315179,-0.119310622695,-0.666243268,0.624151699,-0.062695458,-0.403266468
1789439798.630533457,0.104482975283,-0.009352246393,-0.119773714614,-0.667676807,0.623850107,-0.058751248,-0.401953998
1789439798.663871050,0.104190012874,-0.008858463286,-0.119860585961,-0.668738062,0.622943475,-0.056598430,-0.401904777
1789439798.697207689,0.103590492105,-0.008495391535,-0.119471736124,-0.669877189,0.623384669,-0.053893090,-0.399689430
1789439798.730545521,0.102791762561,-0.008286270783,-0.118615906103,-0.670632953,0.626291008,-0.051835847,-0.394111736
1789439798.763882875,0.101715851793,-0.008073273017,-0.117372080060,-0.669654494,0.629162483,-0.052999048,-0.391035202
1789439798.797220469,0.100211949622,-0.007910109050,-0.115634888737,-0.667222331,0.631644211,-0.056244150,-0.390738463
1789439798.830557108,0.098387481194,-0.007710341092,-0.113601451841,-0.665599096,0.634322491,-0.058895036,-0.388772679
1789439798.863894701,0.096438223298,-0.007431469429,-0.111301412467,-0.665336998,0.637251420,-0.061137902,-0.384056588
1789439798.897232533,0.094519776495,-0.007072810709,-0.108740964356,-0.664711631,0.640638068,-0.063694329,-0.379057181
1789439798.930570126,0.092768578565,-0.006585541020,-0.106133711450,-0.663975367,0.644811877,-0.064381162,-0.373107787
1789439798.963906765,0.091275114396,-0.005984336231,-0.103452897867,-0.664224890,0.648867371,-0.063199767,-0.365762519
1789439798.997244358,0.090065245251,-0.005212627728,-0.100957958300,-0.665485112,0.651437995,-0.060917881,-0.359231286
1789439799.030581951,0.089000654699,-0.004416594276,-0.098564829027,-0.667075510,0.652897343,-0.058615650,-0.353976735
1789439799.063918591,0.088071834420,-0.003987889009,-0.096456239610,-0.669399263,0.654134872,-0.056841572,-0.347535942
1789439799.097254992,0.087218903613,-0.004189777618,-0.094749925751,-0.670818553,0.655879894,-0.057807221,-0.341295120
1789439799.130591154,0.086270642456,-0.005157091227,-0.093279859222,-0.670655012,0.657425492,-0.062574550,-0.337783959
1789439799.163927555,0.085127905038,-0.006755650444,-0.092064000398,-0.670793008,0.657915820,-0.068524808,-0.335392106
1789439799.197262764,0.083945608880,-0.008843408268,-0.091114157513,-0.672125332,0.657895699,-0.073650194,-0.331657107
1789439799.230598927,0.082933247787,-0.011309723699,-0.090363200158,-0.674730889,0.657525026,-0.078090512,-0.326038249
1789439799.263935328,0.082235244335,-0.014051029409,-0.089755992703,-0.677711693,0.656371262,-0.080808261,-0.321486628
1789439799.297270536,0.081994280864,-0.017248450087,-0.089185542906,-0.679549613,0.656703058,-0.080230409,-0.317043371
1789439799.330606699,0.082166448700,-0.021027753733,-0.088618876635,-0.680716051,0.658526360,-0.078399653,-0.311162636
1789439799.363942862,0.082659161115,-0.025300612643,-0.088055526941,-0.682620618,0.660624906,-0.076461140,-0.302915035
1789439799.397279263,0.083351361204,-0.029959480392,-0.087501768568,-0.685350325,0.662936612,-0.073187242,-0.292324491
1789439799.430614471,0.084213825508,-0.034852735581,-0.087014340609,-0.688264244,0.665734026,-0.068327061,-0.280039193
1789439799.463950872,0.085113019293,-0.039876437812,-0.086637798835,-0.691359026,0.668295555,-0.063246575,-0.267214555
1789439799.497287035,0.085862809888,-0.044976741209,-0.086315597939,-0.694055832,0.670367247,-0.059283876,-0.255694504
1789439799.530623198,0.086402460257,-0.050107317710,-0.085984840060,-0.695847574,0.672337011,-0.056596914,-0.246081059
1789439799.563958645,0.086731839574,-0.055225052045,-0.085646543268,-0.697490673,0.674222527,-0.055633169,-0.236295780
1789439799.597294807,0.087011492156,-0.060206143689,-0.085356221904,-0.698998458,0.676108481,-0.055824177,-0.226190491
1789439799.630631447,0.087268108190,-0.064962777051,-0.085073312115,-0.700598199,0.677801532,-0.056281407,-0.215823190
1789439799.663966656,0.087524272387,-0.069532999355,-0.084672779839,-0.701401888,0.680613798,-0.057127813,-0.203805453
1789439799.697303057,0.087810142421,-0.073988149900,-0.084029068263,-0.700953711,0.684188113,-0.059276647,-0.192449474
1789439799.730639219,0.088068779738,-0.078265085454,-0.083028678952,-0.699891857,0.687351596,-0.063324129,-0.183546252
1789439799.763975620,0.088235461798,-0.082302089980,-0.081633054369,-0.697921558,0.690748096,-0.068674949,-0.176228026
1789439799.797310829,0.088307226999,-0.086082839641,-0.079909782012,-0.695106755,0.694334840,-0.074239664,-0.170921626
1789439799.830647230,0.088350326448,-0.089492739534,-0.078028474661,-0.692204963,0.697510962,-0.078730427,-0.167726762
1789439799.863983393,0.088345192888,-0.092582481025,-0.076130507399,-0.689810568,0.700194843,-0.081307029,-0.165159708
1789439799.897319794,0.088339447307,-0.095311085503,-0.074388733226,-0.688751195,0.701801807,-0.081923781,-0.162433091
1789439799.930655003,0.088377638959,-0.097622712843,-0.072888332073,-0.689176500,0.702178007,-0.081007125,-0.159435391
1789439799.963991404,0.088484814078,-0.099673980252,-0.071539160981,-0.690372354,0.701621825,-0.080608569,-0.156891956
1789439799.997327566,0.088652416297,-0.101674025777,-0.070345225172,-0.690945703,0.700998966,-0.082284603,-0.156280930
1789439800.030663013,0.088817651845,-0.103842944055,-0.069341074831,-0.691168889,0.700134259,-0.084719524,-0.157861292
1789439800.063999414,0.089033509873,-0.106305691506,-0.068437511520,-0.691735497,0.699371317,-0.085855739,-0.158147259
1789439800.097335100,0.089425583781,-0.108952136331,-0.067598173379,-0.692552129,0.699038289,-0.085369675,-0.156297914
1789439800.130671024,0.090002257385,-0.111548414276,-0.066786901199,-0.692758854,0.699405320,-0.084182312,-0.154371976
1789439800.164005995,0.090640322779,-0.113820080382,-0.065945187391,-0.692694223,0.699861460,-0.082785839,-0.153346519
1789439800.197342157,0.091240476853,-0.115579484829,-0.065006583456,-0.692717263,0.700249474,-0.081315282,-0.152254041
1789439800.230677843,0.091765894206,-0.116759033159,-0.063951274621,-0.692845970,0.700707403,-0.079442662,-0.150540563
1789439800.264013767,0.092185174295,-0.117369378004,-0.062803331999,-0.693011218,0.701358301,-0.077122500,-0.147932771
1789439800.297348738,0.092422523017,-0.117461873991,-0.061566764529,-0.693261577,0.702047784,-0.075500834,-0.144280693
1789439800.330684423,0.092282355309,-0.117264931302,-0.060191379638,-0.692730097,0.703447292,-0.076716540,-0.139289243
1789439800.364020348,0.091516921672,-0.117052708196,-0.058713498785,-0.691093799,0.705424206,-0.082462614,-0.134037186
1789439800.397355318,0.089914837296,-0.116793764639,-0.057275826944,-0.688666080,0.707225945,-0.091811000,-0.130924535
1789439800.430691242,0.087393683144,-0.116234995907,-0.055994495683,-0.687302341,0.707081530,-0.103481289,-0.130164608
1789439800.464026928,0.083985136540,-0.115193543030,-0.054975751781,-0.688070366,0.704081684,-0.116461191,-0.131396135
1789439800.497362852,0.079793355003,-0.113754667902,-0.054226756545,-0.690549422,0.699170635,-0.129642622,-0.132267569
1789439800.530697823,0.074988419697,-0.112046866452,-0.053676429257,-0.693961816,0.693621923,-0.142275883,-0.130626180
1789439800.564033508,0.069793655183,-0.110232710834,-0.053094195771,-0.697756407,0.687905064,-0.154331003,-0.126903748
1789439800.597369432,0.064405228759,-0.108573291791,-0.052325459556,-0.701277555,0.682636357,-0.165481123,-0.121792419
1789439800.630704403,0.059228275827,-0.107205325311,-0.051201503175,-0.703417712,0.679704523,-0.172389849,-0.116133649
1789439800.664040089,0.054395391084,-0.106175302763,-0.049700304348,-0.704341076,0.679166406,-0.174250432,-0.110785502
1789439800.697376013,0.049940881155,-0.105260393794,-0.047982724547,-0.705041994,0.679764798,-0.172244338,-0.105676367
1789439800.730711937,0.045563579162,-0.104223825860,-0.046225228139,-0.705469448,0.680879043,-0.169077827,-0.100644295
1789439800.764046669,0.041098954134,-0.102981415415,-0.044655859603,-0.705599191,0.681840941,-0.168061310,-0.094752885
1789439800.797382593,0.036400837353,-0.101509001253,-0.043308510139,-0.705386411,0.681928162,-0.171636911,-0.089133398
1789439800.830718279,0.031437012948,-0.099841410729,-0.042094001763,-0.705300471,0.680473171,-0.179350666,-0.085678740
1789439800.864054203,0.026360786117,-0.098112565033,-0.040940191017,-0.705100526,0.679092884,-0.186951813,-0.081945856
1789439800.897389174,0.021409376005,-0.096441010053,-0.039847417375,-0.705142951,0.678683380,-0.190966806,-0.075458380
1789439800.930724859,0.016603371519,-0.094748290317,-0.038818806148,-0.704964275,0.678337355,-0.194992817,-0.069725212
1789439800.964060783,0.011568114025,-0.092958349218,-0.037758762110,-0.703696412,0.677832041,-0.202483668,-0.065995820
1789439800.997395754,0.006151588174,-0.091056695267,-0.036506617608,-0.700838610,0.677517001,-0.214101769,-0.062899834
1789439801.030731440,0.000482995203,-0.089059476521,-0.034974878357,-0.697843763,0.676175184,-0.229183919,-0.057235780
1789439801.064067364,-0.005169305870,-0.087120648003,-0.033213986338,-0.694048589,0.675099979,-0.244866624,-0.050763285
1789439801.097404480,-0.010428908000,-0.085260309540,-0.031509294546,-0.690329056,0.675142335,-0.256496712,-0.042872575
1789439801.130740643,-0.015114429801,-0.083404367058,-0.030058311074,-0.688836000,0.674603225,-0.263175986,-0.033968442
1789439801.164078236,-0.019310226095,-0.081500084944,-0.028828307081,-0.689627263,0.672168373,-0.268218429,-0.025744742
1789439801.197415352,-0.023081975237,-0.079632913327,-0.027717052194,-0.690493096,0.669350099,-0.273576419,-0.018592262
1789439801.230752468,-0.026459081100,-0.077900996333,-0.026672603685,-0.690542472,0.667764498,-0.277644516,-0.012457579
1789439801.264088869,-0.029504426760,-0.076247277106,-0.025699595112,-0.690872615,0.666481406,-0.280065504,-0.007802460
1789439801.297425985,-0.032208367247,-0.074713975173,-0.024798551960,-0.691184907,0.665775842,-0.281057331,-0.003567659
1789439801.330763340,-0.034624726115,-0.073250658579,-0.023984955024,-0.691478389,0.665659735,-0.280631408,0.000875716
1789439801.364099741,-0.036741086706,-0.071869792666,-0.023218904164,-0.691856368,0.665025611,-0.281162457,0.004834810
1789439801.397437096,-0.038528183102,-0.070694889282,-0.022495718227,-0.691696410,0.664605582,-0.282468809,0.008177306
1789439801.430774450,-0.039944100788,-0.069774221015,-0.021840958487,-0.691471726,0.664666987,-0.282809575,0.010168201
1789439801.464111805,-0.041127388777,-0.069040923789,-0.021333299392,-0.691722698,0.664546204,-0.282426950,0.011535590
1789439801.497448206,-0.042079790527,-0.068383978243,-0.021050817384,-0.692413125,0.663934696,-0.282090321,0.013410233
1789439801.530785561,-0.042810404563,-0.067733123409,-0.020956961646,-0.693220641,0.662901261,-0.282479752,0.014568845
1789439801.564123154,-0.043320108776,-0.067185720823,-0.020931713768,-0.694191556,0.661696880,-0.282917267,0.014599405
1789439801.597460508,-0.043686511037,-0.066816434634,-0.020928929292,-0.694767660,0.661272466,-0.282499204,0.014519759
1789439801.630796909,-0.043990301787,-0.066604403021,-0.020948057735,-0.695208857,0.660872694,-0.282352101,0.014464380
1789439801.664134264,-0.044272201910,-0.066471014382,-0.020992590352,-0.695870364,0.660038190,-0.282665277,0.014641182
1789439801.697471857,-0.044441867943,-0.066377365731,-0.021044895234,-0.696407617,0.659502266,-0.282554498,0.015367120
1789439801.730808258,-0.044387570688,-0.066317475433,-0.021137402485,-0.696828239,0.659270323,-0.282033140,0.015822604
1789439801.764145851,-0.044037924489,-0.066315555418,-0.021329263476,-0.697417493,0.658911440,-0.281424895,0.015639122
1789439801.797483444,-0.043361011553,-0.066391699514,-0.021612042279,-0.698311193,0.658406914,-0.280466752,0.014149724
1789439801.830820799,-0.042361946735,-0.066595915158,-0.021916415441,-0.699542304,0.658079493,-0.278282054,0.011447444
1789439801.864157438,-0.041033767645,-0.066993842206,-0.022208564155,-0.700599658,0.658453566,-0.274810611,0.008840192
1789439801.897494793,-0.039280742164,-0.067635399125,-0.022511750134,-0.701785236,0.659352254,-0.269652370,0.006299791
1789439801.930832624,-0.036954095951,-0.068597618055,-0.022864548630,-0.702804247,0.661264239,-0.262275661,0.002697205
1789439801.964169264,-0.034027896006,-0.069854647494,-0.023381124661,-0.703683438,0.663957543,-0.252947987,-0.002704637
1789439801.997506857,-0.030500229390,-0.071220054539,-0.024186294044,-0.706033534,0.665880200,-0.240918648,-0.008855115
1789439802.030844212,-0.026398591396,-0.072532436562,-0.025270255421,-0.709508716,0.667294332,-0.226042364,-0.014849424
1789439802.064181805,-0.021769812279,-0.073846228819,-0.026480326443,-0.712999782,0.668705141,-0.209745428,-0.021716384
1789439802.097517729,-0.016826501548,-0.075178690643,-0.027652056441,-0.716027232,0.669963194,-0.193847715,-0.029620667
1789439802.130855083,-0.011780268280,-0.076578789784,-0.028686193641,-0.718306709,0.671126252,-0.179280290,-0.038517564
1789439802.164191961,-0.006734139315,-0.078051333568,-0.029588591532,-0.719889754,0.672172401,-0.166280686,-0.047892992
1789439802.197528839,-0.001464444984,-0.079585579847,-0.030380273801,-0.720393226,0.674424454,-0.151863082,-0.055882561
1789439802.230864763,0.004248034158,-0.081058831567,-0.031022746928,-0.720427103,0.677252730,-0.134588377,-0.064803537
1789439802.264201880,0.010217438193,-0.082334432193,-0.031505697872,-0.719821586,0.679668299,-0.118671574,-0.076321326
1789439802.297538757,0.016185390255,-0.083338157807,-0.031850860232,-0.718560273,0.681738014,-0.105586522,-0.088067588
1789439802.330874920,0.022040065711,-0.084111112117,-0.032191093347,-0.716744168,0.683876744,-0.093670922,-0.099076513
1789439802.364211798,0.027678902530,-0.084641613669,-0.032657387546,-0.715564097,0.685234585,-0.082020197,-0.108140066
1789439802.397549152,0.032931106570,-0.085004425266,-0.033261725800,-0.714831773,0.685558570,-0.073460867,-0.116741104
1789439802.430886030,0.037658148472,-0.085323747524,-0.033983491028,-0.714090375,0.685314262,-0.068325907,-0.125502468
1789439802.464222193,0.041903521847,-0.085693001813,-0.034827126461,-0.713758994,0.684594120,-0.064095640,-0.133306931
1789439802.497559309,0.045745805152,-0.086037342279,-0.035757728248,-0.714180293,0.683516146,-0.059928513,-0.138422397
1789439802.530896187,0.049274185289,-0.086336640560,-0.036691997513,-0.715130439,0.681913889,-0.056755491,-0.142690987
1789439802.564233303,0.052682811927,-0.086605697340,-0.037591731006,-0.715787225,0.680295110,-0.053558138,-0.148252279
1789439802.597569466,0.056106200347,-0.086831417197,-0.038430790599,-0.715726393,0.679459216,-0.050685158,-0.153303355
1789439802.630906820,0.059671933449,-0.087100674055,-0.039169785665,-0.714548813,0.680107545,-0.047766367,-0.156818672
1789439802.664243937,0.063461714501,-0.087435567875,-0.039882539590,-0.711985751,0.681873286,-0.043802309,-0.161884127
1789439802.697580099,0.067352009913,-0.087697468852,-0.040716666280,-0.709968142,0.682783080,-0.039563596,-0.167890516
1789439802.730917215,0.071458620450,-0.087718197662,-0.041775110769,-0.709860039,0.681615310,-0.035363540,-0.173921575
1789439802.764254332,0.075780267378,-0.087521977658,-0.043000137713,-0.710241015,0.679651800,-0.029865058,-0.180939798
1789439802.797591448,0.080305188593,-0.087295262683,-0.044307452704,-0.709798233,0.678399460,-0.023510834,-0.188169820
1789439802.830927849,0.084934724307,-0.087100580308,-0.045636823116,-0.709042354,0.677568614,-0.016953713,-0.194608032
1789439802.864264965,0.089581511232,-0.086869808289,-0.046987758491,-0.708585501,0.676296965,-0.010397835,-0.201049469
1789439802.897602081,0.094088864993,-0.086556823190,-0.048317266359,-0.708180392,0.674772459,-0.005717418,-0.207677569
1789439802.930939198,0.098430623197,-0.086091576569,-0.049573246530,-0.707720761,0.673310284,-0.002664813,-0.213956737
1789439802.964275360,0.102747723178,-0.085418597017,-0.050672960787,-0.706998277,0.672105663,0.000628561,-0.220061398
1789439802.997612715,0.107104341684,-0.084564869928,-0.051608087790,-0.705800240,0.671389363,0.004466294,-0.225969903
1789439803.030950069,0.111613049439,-0.083541787272,-0.052385129606,-0.704184381,0.670945282,0.008808618,-0.232118925
1789439803.064286232,0.116305104772,-0.082365028658,-0.053083649079,-0.702527944,0.670420646,0.014730498,-0.238272233
1789439803.097623348,0.121170143820,-0.081040572004,-0.053729968781,-0.700973978,0.669961817,0.021389626,-0.243575717
1789439803.130960464,0.126139943045,-0.079695695165,-0.054367982384,-0.699261621,0.669537594,0.027182402,-0.249025527
1789439803.164297581,0.131205208339,-0.078394880067,-0.054997178112,-0.697395388,0.669017991,0.032545752,-0.254941906
1789439803.197633743,0.136415141534,-0.077187781272,-0.055678352159,-0.695583922,0.668400688,0.037645462,-0.260741917
1789439803.230971098,0.141766439547,-0.076055798220,-0.056400346468,-0.693715044,0.667659215,0.042024651,-0.266879261
1789439803.264308453,0.147273505437,-0.074884010778,-0.057171415401,-0.692394340,0.666157613,0.046678702,-0.273212758
1789439803.297644615,0.152984891467,-0.073663181147,-0.057932453734,-0.691458121,0.664237091,0.051956357,-0.279240560
1789439803.330981731,0.158873443797,-0.072447933931,-0.058673102134,-0.690494253,0.662375373,0.057958677,-0.284811067
1789439803.364318848,0.164944657774,-0.071239035676,-0.059411907228,-0.689826396,0.660569695,0.064236656,-0.289241893
1789439803.397655964,0.171156046080,-0.070006488107,-0.060195560458,-0.688842826,0.658678584,0.068855696,-0.294782934
1789439803.430992365,0.177429441891,-0.068746998919,-0.061029844122,-0.687417598,0.656466081,0.072151865,-0.302164589
1789439803.464329481,0.183826435288,-0.067455117906,-0.061885741957,-0.686186569,0.654275407,0.075742762,-0.308763208
1789439803.497666836,0.190376627442,-0.066122767692,-0.062731170073,-0.684838954,0.652465674,0.079909956,-0.314481398
1789439803.531004190,0.196985403530,-0.064718963554,-0.063572799946,-0.682527665,0.650775945,0.084306041,-0.321774994
1789439803.564340353,0.203574480077,-0.063172290675,-0.064427223575,-0.680427197,0.648688760,0.089552860,-0.328940736
1789439803.597677469,0.210118640029,-0.061459070473,-0.065284002452,-0.679254728,0.646182766,0.095462978,-0.334585814
1789439803.631014824,0.216511642581,-0.059553245439,-0.066044904171,-0.677804422,0.643650216,0.100146477,-0.340978371
1789439803.664350986,0.222735063294,-0.057581138458,-0.066705487460,-0.676092380,0.641834720,0.103722447,-0.346682766
1789439803.697688580,0.228798256979,-0.055650110413,-0.067333190095,-0.673824934,0.640970929,0.106072836,-0.351944285
1789439803.731025696,0.234680344246,-0.053743580653,-0.067941824454,-0.670890684,0.640037049,0.107697733,-0.358691321
1789439803.764363050,0.240426702593,-0.051830034972,-0.068503966247,-0.668601575,0.638575635,0.110979307,-0.364522543
1789439803.797699213,0.246117471413,-0.049910699559,-0.069033425942,-0.666849934,0.637070607,0.115985586,-0.368781170
1789439803.831036568,0.251742650274,-0.047986388557,-0.069607312367,-0.665323428,0.635698808,0.120740989,-0.372361888
1789439803.864373922,0.257223449116,-0.046012817324,-0.070284535315,-0.663402771,0.634669746,0.123635418,-0.376570525
1789439803.897711277,0.262574421614,-0.043958662282,-0.071104675970,-0.661029846,0.633492811,0.125798395,-0.381970109
1789439803.931047678,0.267849940661,-0.041772997674,-0.072028287994,-0.659383493,0.631617096,0.128847085,-0.386874245
1789439803.964385033,0.273118579073,-0.039404258565,-0.072936492051,-0.658924758,0.629097932,0.133982279,-0.390003467
1789439803.997722149,0.278351661585,-0.036848697157,-0.073704250890,-0.658651140,0.626603245,0.139806464,-0.392429869
1789439804.031058550,0.283395427139,-0.034184953843,-0.074249524300,-0.657137027,0.624004703,0.144233959,-0.397474054
1789439804.064395905,0.288224185776,-0.031484205101,-0.074545560144,-0.654623562,0.622035048,0.148959001,-0.402928786
1789439804.097728968,0.292957558123,-0.028784987125,-0.074728877056,-0.651413044,0.621225870,0.155552325,-0.406869683
1789439804.131062269,0.297519180999,-0.026189385278,-0.074998937600,-0.647488918,0.621229793,0.161242117,-0.410892474
1789439804.164394379,0.301769315772,-0.023769774350,-0.075516109165,-0.644253729,0.620539156,0.164662324,-0.415637591
1789439804.197727203,0.305681429803,-0.021602970257,-0.076319429211,-0.642298740,0.618814812,0.167370046,-0.420128344
1789439804.231060266,0.309344156909,-0.019711526242,-0.077248565540,-0.640961996,0.617260065,0.169322500,-0.423659796
1789439804.264393330,0.312857864975,-0.018120920936,-0.078138635231,-0.639700448,0.616212765,0.169900978,-0.426847539
1789439804.297725201,0.316311108243,-0.016844246597,-0.078909654078,-0.637989760,0.615797790,0.170037857,-0.429941013
1789439804.331058025,0.319802839629,-0.015768423337,-0.079516131280,-0.635466540,0.615968672,0.170620737,-0.433189837
1789439804.364391088,0.323382751582,-0.014786896933,-0.080010137611,-0.632416330,0.616121435,0.172397449,-0.436718539
1789439804.397722960,0.327001033631,-0.013770645190,-0.080417354649,-0.629664854,0.615653348,0.176179760,-0.439833854
1789439804.431055546,0.330647793960,-0.012714555382,-0.080848077511,-0.627430238,0.614463101,0.181360879,-0.442577253
1789439804.464388371,0.334176522015,-0.011692578840,-0.081360591305,-0.625079978,0.612750723,0.186246050,-0.446233103
1789439804.497721434,0.337397530420,-0.010871106527,-0.081927852754,-0.621543256,0.612143758,0.188812016,-0.450903563
1789439804.531053066,0.340240549437,-0.010266407737,-0.082465672878,-0.618362483,0.612553140,0.189181184,-0.454551394
1789439804.564385653,0.342702889682,-0.009746100444,-0.082906115451,-0.616670597,0.612542843,0.189114629,-0.456885432
1789439804.597718477,0.344801252441,-0.009185463129,-0.083199145409,-0.615529362,0.612219301,0.189699178,-0.458612422
1789439804.631050348,0.346678469826,-0.008494386296,-0.083313768847,-0.614587347,0.611999168,0.190838130,-0.459695791
1789439804.664382696,0.348365055462,-0.007586563579,-0.083223031087,-0.613051263,0.611800605,0.192055324,-0.461500727
1789439804.697715282,0.349957341741,-0.006622558303,-0.082915381794,-0.610044712,0.612845485,0.192893286,-0.463743509
1789439804.731048107,0.351480106989,-0.005743582498,-0.082438298443,-0.605348173,0.615112013,0.193575967,-0.466603842
1789439804.764379740,0.353048768614,-0.004820632996,-0.081925252379,-0.600978958,0.617201672,0.195578031,-0.468652986
1789439804.797712088,0.354546500948,-0.003821938971,-0.081551572971,-0.599144226,0.618353617,0.198792642,-0.468130843
1789439804.831044674,0.355830378639,-0.002796835562,-0.081446269859,-0.598165201,0.617817204,0.201145117,-0.469085213
1789439804.864377260,0.356855758120,-0.001822543020,-0.081500084900,-0.597639940,0.616457219,0.201999337,-0.471172227
1789439804.897708416,0.357677580473,-0.000925967116,-0.081456320318,-0.597301031,0.615688285,0.202252337,-0.472496991
1789439804.931041002,0.358380000794,-0.000079190519,-0.081210649130,-0.596365975,0.615876233,0.203035799,-0.473096770
1789439804.964373350,0.359020342803,0.000780862591,-0.080854599635,-0.595350867,0.616491125,0.204559483,-0.472918022
1789439804.997704744,0.359622023545,0.001703728931,-0.080563422925,-0.594553900,0.617028166,0.206096579,-0.472552751
1789439805.031037092,0.360189663797,0.002699674350,-0.080438542074,-0.593969527,0.616762756,0.207477722,-0.473029490
1789439805.064369440,0.360697937637,0.003714867859,-0.080455471968,-0.593679634,0.615605151,0.209316926,-0.474089881
1789439805.097704172,0.361099280209,0.004609974804,-0.080553168366,-0.593913099,0.614225849,0.211580240,-0.474581541
1789439805.131037951,0.361438974553,0.005288299441,-0.080658545884,-0.593805587,0.613516046,0.213041632,-0.474980262
1789439805.164372206,0.361661469877,0.005704947327,-0.080700516107,-0.593037818,0.613543578,0.213013079,-0.475915805
1789439805.197706938,0.361761557270,0.005889987688,-0.080668282831,-0.592675876,0.613676316,0.212525056,-0.476413462
1789439805.231041670,0.361803657622,0.005934438167,-0.080594343498,-0.592882880,0.613734168,0.212480396,-0.476101190
1789439805.264375210,0.361844886665,0.005947597926,-0.080519461612,-0.593068194,0.613891350,0.212872568,-0.475492164
1789439805.297709942,0.361906393190,0.006018154570,-0.080475115260,-0.593275816,0.614033743,0.212752881,-0.475102704
1789439805.331044674,0.361979182990,0.006165236158,-0.080453671360,-0.592808688,0.614152026,0.212003843,-0.475867123
1789439805.364378214,0.362091264209,0.006400889780,-0.080413224091,-0.592292407,0.613881338,0.212245110,-0.476750900
1789439805.397712946,0.362300577541,0.006749516419,-0.080356332499,-0.591992725,0.613676227,0.213563783,-0.476798294
1789439805.431047440,0.362630570243,0.007226032186,-0.080343814323,-0.591226878,0.614279357,0.213724998,-0.476899650
1789439805.464382172,0.363026046027,0.007816229789,-0.080435963282,-0.589495753,0.615055363,0.212549291,-0.478564997
1789439805.497715473,0.363425707223,0.008564952854,-0.080647494009,-0.588354750,0.614863842,0.211354861,-0.480739292
1789439805.531049967,0.363878635063,0.009496997154,-0.080940657281,-0.587475283,0.613961683,0.210846228,-0.483184966
1789439805.564384699,0.364445674544,0.010510755780,-0.081220884415,-0.585386001,0.612856443,0.212051396,-0.486584438
1789439805.597719193,0.365091985004,0.011493653696,-0.081490115885,-0.583678630,0.611720510,0.214259918,-0.489090956
1789439805.631052732,0.365786985748,0.012381129036,-0.081797864812,-0.581645634,0.611456092,0.214249258,-0.491840482
1789439805.664387465,0.366533881795,0.013182167107,-0.082147618324,-0.578008113,0.612550529,0.212013914,-0.495720255
1789439805.697721958,0.367319027699,0.013960648484,-0.082511965056,-0.573583340,0.613820447,0.209264584,-0.500434756
1789439805.731055498,0.368214303158,0.014911097610,-0.082815622821,-0.568711256,0.614261127,0.207755916,-0.506051632
1789439805.764389992,0.369205202354,0.016082701525,-0.082966098503,-0.564647653,0.613575610,0.209642860,-0.510634771
1789439805.797724247,0.370183616429,0.017369193650,-0.082957247808,-0.562040204,0.612701176,0.213099359,-0.513124489
1789439805.831058741,0.371029345465,0.018628862023,-0.082860875044,-0.559586787,0.612263111,0.215062251,-0.515504354
1789439805.864392281,0.371715596731,0.019769424699,-0.082737900257,-0.557583896,0.611903861,0.216025689,-0.517693699
1789439805.897727013,0.372283945189,0.020841575447,-0.082579763833,-0.556218064,0.611924320,0.217319031,-0.518596694
1789439805.931061506,0.372792790729,0.021924371798,-0.082464773959,-0.554090661,0.612335100,0.218245688,-0.519998159
1789439805.964395046,0.373239454858,0.023001679796,-0.082466729607,-0.551994824,0.612112020,0.218097868,-0.522545605
1789439805.997729540,0.373648406998,0.024169692097,-0.082508214506,-0.550965303,0.611400393,0.218277965,-0.524386808
1789439806.031063795,0.374132947341,0.025518459620,-0.082520192180,-0.549621994,0.611100417,0.219145054,-0.525782645
1789439806.064398289,0.374736252500,0.026968183253,-0.082528005685,-0.547224343,0.611009270,0.220686080,-0.527741267
1789439806.097734451,0.375419698967,0.028442150413,-0.082560512141,-0.545013498,0.610719368,0.222175525,-0.529735950
1789439806.131071568,0.376150807183,0.029924883026,-0.082641806031,-0.543123002,0.610458346,0.223038904,-0.531612321
1789439806.164408445,0.376862410684,0.031350129830,-0.082774807678,-0.540199507,0.610416188,0.223690546,-0.534358597
1789439806.197745562,0.377494705584,0.032602076747,-0.082932499665,-0.537179217,0.610178214,0.225055833,-0.537094879
1789439806.231081724,0.378081591940,0.033578332414,-0.083140169683,-0.536017179,0.609528617,0.227042529,-0.538156240
1789439806.264418602,0.378568489163,0.034308142899,-0.083388696137,-0.534898420,0.609151143,0.228185235,-0.539212447
1789439806.297755957,0.378888748202,0.034742026457,-0.083632532013,-0.533261807,0.609175889,0.228519195,-0.540662148
1789439806.331092119,0.379093106339,0.034849218592,-0.083940215312,-0.533270168,0.609715637,0.227734428,-0.540376536
1789439806.364428997,0.379186478750,0.034671412662,-0.084407286954,-0.532259009,0.611089432,0.225090500,-0.540929127
1789439806.397766113,0.379091239635,0.034244715866,-0.085018394023,-0.530906251,0.611758691,0.221601085,-0.542939053
1789439806.431103230,0.378801809590,0.033544535754,-0.085638466998,-0.531891945,0.611138218,0.219220273,-0.543639135
1789439806.464439392,0.378254965823,0.032559099286,-0.086019514996,-0.533295261,0.610395417,0.218090353,-0.543553307
1789439806.497776508,0.377365916438,0.031253524858,-0.086053194729,-0.535311094,0.610278071,0.217175584,-0.542067777
1789439806.531113863,0.376122529766,0.029552332770,-0.085791288670,-0.537541473,0.611038204,0.214265143,-0.540159168
1789439806.564450979,0.374534453358,0.027412886887,-0.085296036626,-0.539409114,0.612438938,0.209457134,-0.538594527
1789439806.597787142,0.372674279076,0.024923987662,-0.084656540414,-0.542584162,0.613938957,0.205084584,-0.535370617
1789439806.631124258,0.370585338333,0.022138792394,-0.084014802037,-0.546661269,0.615379036,0.200723618,-0.531206295
1789439806.664461374,0.368230488043,0.018979160046,-0.083463096310,-0.550323227,0.617045857,0.195284153,-0.527506261
1789439806.697797537,0.365623722369,0.015454392908,-0.083061733029,-0.555391943,0.618754110,0.188811272,-0.522526023
1789439806.731134653,0.362778976681,0.011716616551,-0.082817041325,-0.560975850,0.620269242,0.181728086,-0.517249520
1789439806.764472008,0.359653625687,0.007830902529,-0.082662850457,-0.566169357,0.621834277,0.174339342,-0.512230597
1789439806.797809124,0.356241787248,0.003775257691,-0.082560576643,-0.571912675,0.623562654,0.165622615,-0.506610953
1789439806.831145287,0.352601344856,-0.000368611794,-0.082463547726,-0.577588231,0.625508556,0.156296655,-0.500701745
1789439806.864482641,0.348769073246,-0.004540724307,-0.082301770698,-0.582441640,0.627749070,0.146094618,-0.495327370
1789439806.897819757,0.344805048732,-0.008620270033,-0.082010934610,-0.586749140,0.629877488,0.136712835,-0.490193224
1789439806.931156874,0.340783808434,-0.012485406424,-0.081641231010,-0.591599236,0.631270476,0.130519621,-0.484223665
1789439806.964493275,0.336736224184,-0.016059227704,-0.081274627960,-0.597347337,0.631610875,0.126110757,-0.477849284
1789439806.997830629,0.332591384806,-0.019313439297,-0.080869532746,-0.603160020,0.631675891,0.121272902,-0.471674085
1789439807.031167746,0.328295140018,-0.022398393682,-0.080339137285,-0.607584454,0.632688132,0.114927363,-0.466195840
1789439807.064503908,0.323781824687,-0.025354741947,-0.079625371888,-0.611191091,0.634773645,0.107878476,-0.460293498
1789439807.097838640,0.319052504430,-0.028260549623,-0.078823377224,-0.614790560,0.636893815,0.100673351,-0.454162649
1789439807.131173134,0.314131807537,-0.031056617898,-0.077979874471,-0.618862488,0.638660530,0.093941069,-0.447545556
1789439807.164507866,0.308991347754,-0.033694605015,-0.077059354747,-0.623134613,0.640479039,0.087906418,-0.440184413
1789439807.197841406,0.303627513215,-0.036270536331,-0.076097850106,-0.627492451,0.642308045,0.081881106,-0.432422343
1789439807.231175900,0.298066601482,-0.038699281230,-0.075099671922,-0.631949474,0.643869361,0.075884752,-0.424633504
1789439807.264510393,0.292326484254,-0.040985072700,-0.074020101155,-0.636448923,0.645199569,0.071062466,-0.416653825
1789439807.297843933,0.286411055863,-0.043204366496,-0.072840559310,-0.640420192,0.646812117,0.066261662,-0.408785341
1789439807.331178427,0.280312177144,-0.045440419254,-0.071603526772,-0.643421701,0.648807016,0.060818529,-0.401695254
1789439807.364512920,0.274029266032,-0.047631392150,-0.070362792965,-0.646732390,0.650916763,0.055601359,-0.393640790
1789439807.397847652,0.267563862075,-0.049721690280,-0.069156310553,-0.650481464,0.652897646,0.049759094,-0.384866941
1789439807.431181192,0.260888409415,-0.051832930470,-0.068005651432,-0.653510227,0.654832041,0.042528849,-0.377240874
1789439807.464515686,0.254134974532,-0.053997456019,-0.066914732696,-0.656528913,0.656719292,0.035525447,-0.369360937
1789439807.497850180,0.247433581238,-0.056067789710,-0.065837594778,-0.660140058,0.658552209,0.029647899,-0.360062624
1789439807.531184673,0.240902050364,-0.058019237656,-0.064779796135,-0.663589483,0.660452575,0.024688480,-0.350488050
1789439807.564517975,0.234539161679,-0.059908175424,-0.063773757087,-0.665523426,0.662336782,0.020020156,-0.343493450
1789439807.597852468,0.228232872317,-0.061733037444,-0.062811560153,-0.667086828,0.664177208,0.014534220,-0.337123948
1789439807.631186962,0.221914917669,-0.063461756361,-0.061876327239,-0.668967084,0.666085563,0.008809195,-0.329750604
1789439807.664520264,0.215573868377,-0.064991141097,-0.060970788942,-0.670358440,0.667990211,0.002961160,-0.323109688
1789439807.697854757,0.209182562196,-0.066236750082,-0.060133965552,-0.671510865,0.669873727,-0.004314564,-0.316739219
1789439807.731189251,0.202720434018,-0.067190813228,-0.059430326490,-0.673204804,0.671347406,-0.013537605,-0.309684817
1789439807.764523745,0.196244485142,-0.067941205107,-0.058912175838,-0.675357849,0.671887121,-0.021234068,-0.303329172
1789439807.797857046,0.189806793872,-0.068632185100,-0.058545680847,-0.678165928,0.672030342,-0.025850709,-0.296307164
1789439807.831191301,0.183297921376,-0.069306143446,-0.058260479376,-0.681575767,0.671683718,-0.030046777,-0.288777854
1789439807.864525795,0.176671637255,-0.069979027375,-0.057970590003,-0.685478856,0.670726144,-0.035396436,-0.281055635
1789439807.897860050,0.169915902950,-0.070676879594,-0.057554311713,-0.688626141,0.670240544,-0.042399169,-0.273448281
1789439807.931193590,0.163134922451,-0.071412331519,-0.056953705848,-0.690247687,0.670956011,-0.049403643,-0.266337084
1789439807.964527845,0.156499923507,-0.072109112354,-0.056230969418,-0.691107168,0.672145487,-0.055204095,-0.259891966
1789439807.997862339,0.150062666306,-0.072671668765,-0.055489249360,-0.692085643,0.673312786,-0.058868701,-0.253380802
1789439808.031195641,0.143820390590,-0.073042744343,-0.054835144142,-0.693094079,0.674299439,-0.060426961,-0.247567053
1789439808.064529896,0.137720522286,-0.073142258922,-0.054352153938,-0.694151385,0.674930693,-0.062112109,-0.242413904
1789439808.097867250,0.131739469266,-0.072906755046,-0.054061157497,-0.695125235,0.675468221,-0.066588936,-0.236874446
1789439808.131204844,0.125838525556,-0.072371398519,-0.053856886836,-0.695395562,0.675870086,-0.073381554,-0.232894368
1789439808.164541245,0.120017793497,-0.071609800305,-0.053582725726,-0.694528233,0.676419379,-0.080657059,-0.231477419
1789439808.197878599,0.114354179158,-0.070652459379,-0.053156289419,-0.693669557,0.677194776,-0.086139858,-0.229803626
1789439808.231215954,0.108895877854,-0.069580624030,-0.052586629135,-0.694065349,0.678173377,-0.087589277,-0.225127256
1789439808.264553547,0.103702078564,-0.068443703352,-0.051962442635,-0.694817622,0.679463336,-0.087955120,-0.218682290
1789439808.297889948,0.098691901091,-0.067377297842,-0.051358131807,-0.694789773,0.680474896,-0.091277995,-0.214218148
1789439808.331227303,0.093886856927,-0.066379900311,-0.050797060439,-0.694662185,0.681338838,-0.094360637,-0.210518188
1789439808.364564896,0.089453290022,-0.065375877515,-0.050298806218,-0.695350805,0.682400093,-0.094450307,-0.204686369
1789439808.397901297,0.085437384460,-0.064372297872,-0.049897895209,-0.696332774,0.683078753,-0.094001867,-0.199217806
1789439808.431238651,0.081663351046,-0.063396608422,-0.049585576964,-0.696952799,0.683629620,-0.093284823,-0.195461711
1789439808.464576483,0.078014052713,-0.062440279049,-0.049368958055,-0.697790732,0.684431224,-0.092088369,-0.190162367
1789439808.497913837,0.074384301283,-0.061485472627,-0.049347608431,-0.698632162,0.685184421,-0.093093264,-0.183763585
1789439808.531250238,0.070676378634,-0.060511359974,-0.049554198630,-0.700362572,0.684670148,-0.095615159,-0.177698616
1789439808.564587831,0.066992105642,-0.059507985264,-0.049838390595,-0.703415024,0.683475826,-0.095673532,-0.170043154
1789439808.597925186,0.063429975174,-0.058477683958,-0.049959523667,-0.706559517,0.682846443,-0.092743018,-0.160913384
1789439808.631262064,0.059998712734,-0.057521706254,-0.049792375354,-0.709153325,0.682914997,-0.088506773,-0.151311664
1789439808.664599419,0.057003609302,-0.056549314891,-0.049363351050,-0.710988936,0.683311128,-0.084447052,-0.143001157
1789439808.697937012,0.054364123178,-0.055467253268,-0.048697219995,-0.712171038,0.683715714,-0.081517097,-0.136748670
1789439808.731274366,0.051918071176,-0.054305229563,-0.047828272799,-0.712013669,0.685086331,-0.079008599,-0.132101838
1789439808.764611006,0.049714655297,-0.053037262928,-0.046850349105,-0.710941977,0.687247577,-0.076080949,-0.128311970
1789439808.797948599,0.047732211910,-0.051532908692,-0.045868915373,-0.710484912,0.688632437,-0.073245282,-0.125026738
1789439808.831286192,0.045931125857,-0.049788677246,-0.044882969770,-0.711032713,0.689032524,-0.070240803,-0.121379124
1789439808.864623785,0.044334924152,-0.047951661490,-0.043794886946,-0.711008819,0.689764516,-0.068622720,-0.118246750
1789439808.897960186,0.042868148287,-0.046169482131,-0.042548094572,-0.709707779,0.691410480,-0.069310808,-0.116027704
1789439808.931297779,0.041606271984,-0.044404731150,-0.041222603714,-0.708186602,0.693253764,-0.069249969,-0.114347700
1789439808.964635611,0.040619894511,-0.042564986983,-0.039929306766,-0.706936261,0.695076810,-0.066893187,-0.112403973
1789439808.997972250,0.039998260326,-0.040516287055,-0.038748393738,-0.706696125,0.696161276,-0.063461075,-0.109145575
1789439809.031309605,0.039825923971,-0.038266003378,-0.037677285034,-0.706346523,0.696978143,-0.060479992,-0.107880616
1789439809.064647198,0.040085538666,-0.035837614829,-0.036645692412,-0.705945896,0.697747010,-0.054718315,-0.108606665
1789439809.097984076,0.040594273604,-0.033281186719,-0.035499444353,-0.705933741,0.698469409,-0.048497048,-0.106986329
1789439809.131320000,0.041188471491,-0.030756495375,-0.034203530588,-0.704178591,0.700599243,-0.046301251,-0.105590746
1789439809.164656878,0.041771241881,-0.028435669584,-0.032929880848,-0.701703100,0.703404369,-0.044793861,-0.104060377
1789439809.197993994,0.042368488041,-0.026266905946,-0.031912837266,-0.700436948,0.704853337,-0.041798919,-0.104032236
1789439809.231330872,0.042987234446,-0.024205828209,-0.031196017071,-0.700833073,0.704842695,-0.037243273,-0.103163546
1789439809.264666557,0.043617249864,-0.022329141841,-0.030740425887,-0.701290658,0.704705235,-0.032970735,-0.102444500
1789439809.298003435,0.044191836262,-0.020690320383,-0.030441308800,-0.701598544,0.704479041,-0.030248638,-0.102731616
1789439809.331340313,0.044677038165,-0.019240368009,-0.030121767590,-0.701514728,0.704469405,-0.030168604,-0.103391479
1789439809.364676237,0.045038715965,-0.017907963271,-0.029718011338,-0.700453145,0.705525100,-0.029877373,-0.103474963
1789439809.398013115,0.045134193883,-0.016443037461,-0.029322452889,-0.699424779,0.706812266,-0.027933770,-0.102181720
1789439809.431349993,0.044869232708,-0.014646592501,-0.028982902038,-0.699108724,0.707337703,-0.026432036,-0.101102486
1789439809.464687109,0.044908320477,-0.013035766265,-0.028516205320,-0.699026384,0.707447779,-0.025161324,-0.101225800
1789439809.498023033,0.045135793981,-0.011591713464,-0.027969740930,-0.698715534,0.707859651,-0.022742429,-0.101064825
1789439809.531359911,0.045516623700,-0.010209666193,-0.027446695452,-0.697786432,0.708977634,-0.020394499,-0.100144263
1789439809.564696789,0.045997870191,-0.008960101215,-0.027071265072,-0.697159953,0.709728942,-0.018683450,-0.099517623
1789439809.598033428,0.046537043693,-0.007816656272,-0.026882166348,-0.697392688,0.709590931,-0.016477020,-0.099260556
1789439809.631369352,0.047181396627,-0.006770355165,-0.026785876315,-0.697743511,0.709365154,-0.014082039,-0.098776351
1789439809.664706230,0.047945711040,-0.005936307152,-0.026572655616,-0.696994002,0.709950608,-0.012899944,-0.100015427
1789439809.698043108,0.048743687601,-0.005222432446,-0.026335613150,-0.695627456,0.710954363,-0.011049847,-0.102587703
1789439809.731379032,0.049550819955,-0.004133411674,-0.026694012839,-0.696144598,0.710354251,-0.007267516,-0.103569883
1789439809.764716148,0.050457026980,-0.002944773846,-0.026927985929,-0.696305442,0.710134853,-0.004122902,-0.104164409
1789439809.798053026,0.051409383992,-0.001849066512,-0.026937827249,-0.695753411,0.710570437,-0.001620691,-0.104948647
1789439809.831389904,0.052304964248,-0.000801388530,-0.026930958115,-0.695450956,0.710660839,0.000665959,-0.106342355
1789439809.864725828,0.053062736599,0.000242865991,-0.026929423402,-0.695726133,0.710303943,0.003525834,-0.106869193
1789439809.898062706,0.053620894651,0.001240657309,-0.026832036211,-0.695894788,0.710225479,0.004428986,-0.106257221
1789439809.931399584,0.053941315919,0.002190885494,-0.026505787863,-0.695793073,0.710351127,0.003149764,-0.106128958
1789439809.964735508,0.054073513254,0.003122682350,-0.025939451686,-0.694847155,0.711260279,0.002134258,-0.106262371
1789439809.998072624,0.054056945946,0.003959461658,-0.025266175883,-0.693673584,0.712439546,0.002154388,-0.106029290
1789439810.031409502,0.053767489564,0.004405063116,-0.024763206609,-0.692490566,0.713559853,0.002699199,-0.106216127
1789439810.064746380,0.053156346612,0.004293023995,-0.024651924946,-0.693527909,0.712724412,0.000347616,-0.105084875
1789439810.098083258,0.052384125852,0.004007366232,-0.024626950981,-0.695720488,0.710892998,-0.002068831,-0.102955659
1789439810.131421089,0.051781424118,0.004046448584,-0.024235815712,-0.696188185,0.710680573,-0.003048136,-0.101221753
1789439810.164758921,0.051322604157,0.004298510637,-0.023439998689,-0.694451643,0.712584276,-0.000847808,-0.099799026
1789439810.198096991,0.050535508288,0.004320223015,-0.022667893004,-0.692904086,0.714321135,-0.003128673,-0.098078819
1789439810.231434107,0.049208819286,0.004328154691,-0.022033778589,-0.693701139,0.713690125,-0.007585429,-0.096786344
1789439810.264771938,0.047437153979,0.004657063939,-0.021358763310,-0.693020547,0.714506008,-0.011291705,-0.095268999
1789439810.298110008,0.045093141460,0.005087489855,-0.020682962687,-0.692745676,0.715174114,-0.016640733,-0.091392012
1789439810.331447124,0.042107464157,0.005603786269,-0.020003377011,-0.693368494,0.714949152,-0.024541239,-0.086519182
1789439810.364785194,0.038817371956,0.006150751115,-0.019526074693,-0.692877576,0.715697855,-0.033197368,-0.081210711
1789439810.398123264,0.036072053631,0.006291128926,-0.019658754387,-0.694413186,0.714363441,-0.042681689,-0.075189590
1789439810.431461096,0.034954241252,0.006376531197,-0.019984331835,-0.699437378,0.710274714,-0.037006460,-0.070197634
1789439810.464798450,0.035102486708,0.006505591123,-0.019779740828,-0.696879908,0.713117309,-0.032521093,-0.069025184
1789439810.498136520,0.035194152975,0.006379834670,-0.019466443806,-0.695528000,0.714460129,-0.032864412,-0.068610900
1789439810.531474590,0.035093830358,0.006250747670,-0.019479386398,-0.696468700,0.713575442,-0.033723958,-0.067853762
1789439810.564812899,0.035069185723,0.006237635860,-0.019589916050,-0.696832535,0.713212474,-0.033441754,-0.068073743
1789439810.598150253,0.035048397353,0.006226650722,-0.019608432282,-0.696548164,0.713490291,-0.033460177,-0.068063770
1789439810.631488323,0.035029641738,0.006198998254,-0.019587358182,-0.696510383,0.713556825,-0.033836826,-0.067564873
1789439810.664826393,0.035071789369,0.006197082863,-0.019560671441,-0.696443302,0.713605578,-0.033359027,-0.067977796
1789439810.698163748,0.035081407686,0.006215230044,-0.019504394167,-0.696397870,0.713660141,-0.033520942,-0.067790533
1789439810.731502056,0.035076886763,0.006235905450,-0.019469014447,-0.696153434,0.713895309,-0.033727035,-0.067722752
1789439810.764840364,0.035084909826,0.006263543161,-0.019482731249,-0.696454416,0.713596209,-0.033330972,-0.067976048
1789439810.798178673,0.035057449551,0.006290623999,-0.019482148192,-0.696456891,0.713609166,-0.033679826,-0.067641904
1789439810.831515789,0.035049873537,0.006294982156,-0.019480515131,-0.696120814,0.713925328,-0.033543907,-0.067832479
1789439810.864854336,0.035020652206,0.006279610180,-0.019532571384,-0.696241014,0.713802232,-0.033282964,-0.068022556
1789439810.898192644,0.034953806563,0.006264314291,-0.019595076954,-0.696476482,0.713596073,-0.033670073,-0.067583147
1789439810.931530952,0.034942338512,0.006250999470,-0.019627257897,-0.696253058,0.713800945,-0.033473910,-0.067818786
1789439810.964868307,0.034921545269,0.006224444601,-0.019665602674,-0.696203529,0.713842122,-0.033322591,-0.067968196
1789439810.998206854,0.034868157713,0.006200320161,-0.019710439427,-0.696418610,0.713649688,-0.033667894,-0.067614454
1789439811.031545401,0.034862074838,0.006192589273,-0.019722178164,-0.696340659,0.713714187,-0.033434650,-0.067851827
1789439811.064882755,0.034851281346,0.006177258018,-0.019718501775,-0.696201054,0.713846506,-0.033360793,-0.067928748
1789439811.098218441,0.034838393210,0.006157297184,-0.019730201645,-0.696343012,0.713720636,-0.033664469,-0.067645889
1789439811.131554127,0.034889990311,0.006151190133,-0.019725974216,-0.696357824,0.713693319,-0.033404206,-0.067910136
1789439811.164889812,0.034953735361,0.006139451952,-0.019697276479,-0.696239966,0.713811475,-0.033439033,-0.067859556
1789439811.198224545,0.035027221783,0.006124541416,-0.019680939165,-0.696304268,0.713756311,-0.033627435,-0.067686709
1789439811.231560469,0.035123729167,0.006121796658,-0.019667585100,-0.696360417,0.713688395,-0.033386355,-0.067944063
1789439811.264896154,0.035185779763,0.006117218768,-0.019651218922,-0.696281232,0.713774086,-0.033518911,-0.067789994
1789439811.298230886,0.035236911615,0.006116126247,-0.019651128642,-0.696277251,0.713779019,-0.033573699,-0.067751812
1789439811.331566572,0.035270613175,0.006130620176,-0.019653648274,-0.696341732,0.713706109,-0.033389933,-0.067947735
1789439811.364902258,0.035254347220,0.006150523836,-0.019650568292,-0.696312693,0.713744971,-0.033561110,-0.067752497
1789439811.398237944,0.035232351842,0.006172837413,-0.019658048323,-0.696270575,0.713782586,-0.033503913,-0.067817358
1789439811.431572676,0.035199752026,0.006196470580,-0.019674625609,-0.696334828,0.713715155,-0.033424351,-0.067906541
1789439811.464908361,0.035153411839,0.006214667943,-0.019690310538,-0.696335053,0.713722533,-0.033569576,-0.067754868
1789439811.498244286,0.035123381746,0.006225633628,-0.019708952312,-0.696272440,0.713778343,-0.033448812,-0.067870044
1789439811.531579971,0.035089902715,0.006234497183,-0.019731492634,-0.696320729,0.713731685,-0.033462598,-0.067858522
1789439811.564914703,0.035063918686,0.006243783664,-0.019741329982,-0.696345583,0.713710451,-0.033553134,-0.067782071
1789439811.598250389,0.035055453905,0.006252595036,-0.019743504659,-0.696288748,0.713759071,-0.033437941,-0.067910762
1789439811.631586075,0.035038225214,0.006258707592,-0.019756407879,-0.696320885,0.713731461,-0.033513644,-0.067834078
1789439811.664920807,0.035032815501,0.006259855516,-0.019768900019,-0.696339731,0.713713320,-0.033525399,-0.067825683
1789439811.698256493,0.035040237058,0.006255044259,-0.019769496081,-0.696296580,0.713751369,-0.033458123,-0.067901467
1789439811.731592178,0.035039704543,0.006250012178,-0.019773191459,-0.696311117,0.713741199,-0.033535780,-0.067820946
1789439811.764927864,0.035040951926,0.006251854666,-0.019782169765,-0.696330922,0.713718921,-0.033496415,-0.067871490
1789439811.798262596,0.035040928447,0.006254400576,-0.019769523241,-0.696319689,0.713729659,-0.033479930,-0.067881949
1789439811.831598282,0.035038478792,0.006255242901,-0.019741002583,-0.696327360,0.713724536,-0.033539908,-0.067827502
1789439811.864933968,0.035040894074,0.006254874424,-0.019717712954,-0.696339162,0.713708690,-0.033482641,-0.067901335
1789439811.898270130,0.035039326184,0.006254950248,-0.019695214175,-0.696340376,0.713708231,-0.033512361,-0.067879039
1789439811.931604385,0.035047361630,0.006258138940,-0.019670914840,-0.696326089,0.713723594,-0.033531265,-0.067854722
1789439811.964940548,0.035068440111,0.006262688941,-0.019653170759,-0.696333155,0.713714584,-0.033462246,-0.067911032
1789439811.998276234,0.035082431342,0.006273439797,-0.019639960744,-0.696336372,0.713713617,-0.033517143,-0.067861116
1789439812.031610727,0.035098390594,0.006291805686,-0.019626864106,-0.696327500,0.713721214,-0.033514343,-0.067873636
1789439812.064946651,0.035114176544,0.006308498678,-0.019620551695,-0.696337410,0.713709532,-0.033467744,-0.067917787
1789439812.098287582,0.035123074622,0.006321101911,-0.019616738091,-0.696348086,0.713701637,-0.033531662,-0.067859745
1789439812.131628752,0.035138949849,0.006329410958,-0.019617124168,-0.696323155,0.713723032,-0.033485812,-0.067913156
1789439812.164968729,0.035157530687,0.006327232748,-0.019630274007,-0.696329776,0.713715984,-0.033484088,-0.067920189
1789439812.198309898,0.035180168564,0.006318131354,-0.019645972534,-0.696339984,0.713708037,-0.033526577,-0.067878083
1789439812.231651068,0.035204497789,0.006309485652,-0.019660151499,-0.696316344,0.713727667,-0.033465952,-0.067944068
1789439812.264992476,0.035212347646,0.006298687709,-0.019679299888,-0.696328506,0.713718372,-0.033505293,-0.067897660
1789439812.298332453,0.035212699580,0.006288795085,-0.019683721868,-0.696328508,0.713717646,-0.033504711,-0.067905558
1789439812.331673861,0.035207100457,0.006279216355,-0.019678705471,-0.696312353,0.713731474,-0.033476151,-0.067939951
1789439812.365015030,0.035194951405,0.006265173055,-0.019690545076,-0.696323113,0.713723414,-0.033524934,-0.067890274
1789439812.398355484,0.035184873023,0.006252723676,-0.019703925441,-0.696320049,0.713723924,-0.033489916,-0.067933614
1789439812.431696892,0.035165179527,0.006243520322,-0.019707398535,-0.696314274,0.713730226,-0.033491556,-0.067925781
1789439812.465038061,0.035130309217,0.006243289110,-0.019714348029,-0.696316322,0.713728965,-0.033521149,-0.067903439
1789439812.498379469,0.035079291988,0.006258628960,-0.019727808522,-0.696322295,0.713719549,-0.033490867,-0.067956076
1789439812.531719923,0.035019872572,0.006280325737,-0.019734602435,-0.696313834,0.713728741,-0.033517572,-0.067933072
1789439812.565061331,0.034969668958,0.006296630450,-0.019741034637,-0.696311946,0.713730220,-0.033504319,-0.067943420
1789439812.598402739,0.034926165884,0.006310894058,-0.019759368885,-0.696320832,0.713720988,-0.033475608,-0.067963476
1789439812.631743193,0.034892603802,0.006315816242,-0.019775775263,-0.696315074,0.713728401,-0.033505337,-0.067929959
1789439812.665084600,0.034884506791,0.006299349675,-0.019783732967,-0.696302480,0.713738480,-0.033478822,-0.067966222
1789439812.698426247,0.034890612781,0.006270862945,-0.019792638851,-0.696305425,0.713735726,-0.033480028,-0.067964378
1789439812.731767893,0.034899183955,0.006242532267,-0.019812045537,-0.696311764,0.713729692,-0.033496396,-0.067954729
1789439812.765108347,0.034911808031,0.006208629537,-0.019835987281,-0.696298863,0.713740180,-0.033474532,-0.067987526
1789439812.798449993,0.034928860564,0.006170103042,-0.019865267839,-0.696300334,0.713739748,-0.033502222,-0.067963362
1789439812.831791639,0.034953518238,0.006132632579,-0.019907313455,-0.696300843,0.713737623,-0.033497503,-0.067982783
1789439812.865133286,0.034988060497,0.006086483438,-0.019956272969,-0.696290895,0.713746991,-0.033491014,-0.067989515
1789439812.898474216,0.035028640954,0.006037965645,-0.020009806848,-0.696291585,0.713747300,-0.033512366,-0.067968684
1789439812.931815624,0.035072443194,0.005995016668,-0.020060915716,-0.696290883,0.713746293,-0.033488417,-0.067998251
1789439812.965157509,0.035114867030,0.005949236519,-0.020105413311,-0.696290694,0.713746289,-0.033502441,-0.067993315
1789439812.998498201,0.035147703631,0.005905940027,-0.020146429596,-0.696294497,0.713742979,-0.033513381,-0.067983721
1789439813.031840086,0.035162571596,0.005869783959,-0.020181770967,-0.696294263,0.713741724,-0.033495007,-0.068008353
1789439813.065181732,0.035156324826,0.005840668602,-0.020218480816,-0.696295917,0.713740881,-0.033507220,-0.067994245
1789439813.098520041,0.035131089709,0.005832665432,-0.020247794406,-0.696293389,0.713743020,-0.033500694,-0.068000889
1789439813.131857157,0.035086773391,0.005854272013,-0.020263680833,-0.696289358,0.713745004,-0.033489779,-0.068026720
1789439813.165195227,0.035029680522,0.005905642952,-0.020267404559,-0.696279486,0.713755532,-0.033509857,-0.068007403
1789439813.198533773,0.034968671849,0.005989371340,-0.020265345683,-0.696277194,0.713756712,-0.033500954,-0.068022867
1789439813.231871843,0.034909094528,0.006092870091,-0.020254124418,-0.696284350,0.713748674,-0.033491008,-0.068038867
1789439813.265209198,0.034865138115,0.006192171320,-0.020222686266,-0.696280025,0.713754171,-0.033513059,-0.068014597
1789439813.298547268,0.034844171139,0.006282979848,-0.020178389819,-0.696272287,0.713760300,-0.033491141,-0.068040273
1789439813.331885815,0.034839501046,0.006365226107,-0.020137635020,-0.696278331,0.713754501,-0.033492069,-0.068038814
1789439813.365223169,0.034850081987,0.006431578330,-0.020103118073,-0.696281209,0.713751964,-0.033518204,-0.068023104
1789439813.398561239,0.034866466554,0.006486387015,-0.020069439633,-0.696261993,0.713768257,-0.033487574,-0.068063896
1789439813.431899548,0.034883429641,0.006524998569,-0.020034829770,-0.696265564,0.713765388,-0.033517913,-0.068042522
1789439813.465238094,0.034910736754,0.006541650653,-0.020005523582,-0.696260973,0.713769603,-0.033516039,-0.068046218
1789439813.498575449,0.034945585331,0.006540891676,-0.019984794161,-0.696242613,0.713786012,-0.033494427,-0.068072579
1789439813.531913757,0.034987039891,0.006523238676,-0.019970673904,-0.696251831,0.713778406,-0.033528538,-0.068041255
1789439813.565252304,0.035035281257,0.006492287112,-0.019960629064,-0.696249778,0.713778828,-0.033504966,-0.068069440
1789439813.598590612,0.035079107986,0.006460332415,-0.019949862014,-0.696254231,0.713775287,-0.033500412,-0.068063257
1789439813.631927967,0.035128263615,0.006425958004,-0.019932668994,-0.696260815,0.713769484,-0.033527669,-0.068043345
1789439813.665266275,0.035185398547,0.006382578564,-0.019915695468,-0.696258670,0.713769107,-0.033493812,-0.068085912
1789439813.698605061,0.035236203004,0.006337420669,-0.019910463411,-0.696254757,0.713774654,-0.033515614,-0.068057040
1789439813.731942415,0.035282684198,0.006296087295,-0.019905610096,-0.696252072,0.713777142,-0.033512846,-0.068059780
1789439813.765280724,0.035320645094,0.006254179574,-0.019887251281,-0.696252250,0.713775942,-0.033487675,-0.068082933
1789439813.798619270,0.035345869289,0.006219472623,-0.019856289473,-0.696255223,0.713774633,-0.033526981,-0.068046891
1789439813.831957817,0.035364840221,0.006196154059,-0.019821597087,-0.696243602,0.713783863,-0.033495360,-0.068084542
1789439813.865295410,0.035373067347,0.006179502097,-0.019788189010,-0.696250534,0.713777332,-0.033503802,-0.068077964
1789439813.898633718,0.035371420965,0.006171994698,-0.019755619940,-0.696248975,0.713779309,-0.033527383,-0.068061573
1789439813.931972504,0.035360413670,0.006168808794,-0.019732440268,-0.696238593,0.713785455,-0.033493165,-0.068120142
1789439813.965310097,0.035331284822,0.006158543149,-0.019722296620,-0.696247114,0.713778405,-0.033532675,-0.068087475
1789439813.998648405,0.035291001880,0.006149701589,-0.019720471100,-0.696245615,0.713778631,-0.033529066,-0.068102212
1789439814.031986952,0.035237451055,0.006142748244,-0.019724707766,-0.696241025,0.713781411,-0.033503641,-0.068132506
1789439814.065325737,0.035168727698,0.006136108216,-0.019741066414,-0.696258801,0.713766655,-0.033547343,-0.068083919
1789439814.098659039,0.035102783647,0.006136928767,-0.019763746738,-0.696245217,0.713776213,-0.033513615,-0.068139213
1789439814.131992817,0.035047677281,0.006138781212,-0.019783650179,-0.696248382,0.713772665,-0.033529337,-0.068136312
1789439814.165327072,0.035009743677,0.006139020803,-0.019806599287,-0.696261833,0.713760022,-0.033551345,-0.068120468
1789439814.198661327,0.034984717946,0.006144008931,-0.019841502644,-0.696249730,0.713769718,-0.033503980,-0.068165868
1789439814.231994390,0.034958758859,0.006151986527,-0.019886874703,-0.696253906,0.713767218,-0.033548890,-0.068127297
1789439814.265328646,0.034941343884,0.006161238125,-0.019922519962,-0.696258108,0.713761959,-0.033541691,-0.068142996
1789439814.298662901,0.034927050587,0.006177079148,-0.019940228971,-0.696254197,0.713764058,-0.033510630,-0.068176243
1789439814.331995964,0.034906735018,0.006200946688,-0.019952513135,-0.696259494,0.713760957,-0.033562814,-0.068128929
1789439814.365329742,0.034881443627,0.006232027608,-0.019965434341,-0.696255666,0.713760739,-0.033533552,-0.068184719
1789439814.398663998,0.034852223169,0.006267887974,-0.019979413230,-0.696257259,0.713759317,-0.033549025,-0.068175725
1789439814.431998014,0.034835693278,0.006301683393,-0.020001307910,-0.696256875,0.713760475,-0.033563145,-0.068160564
1789439814.465331316,0.034841586102,0.006319042172,-0.020030931844,-0.696263387,0.713752467,-0.033523342,-0.068197486
1789439814.498665333,0.034859705919,0.006322013006,-0.020063467696,-0.696275331,0.713742888,-0.033563187,-0.068156188
1789439814.531999350,0.034892909778,0.006314526044,-0.020094647751,-0.696266106,0.713750735,-0.033551543,-0.068173983
1789439814.565333366,0.034937705426,0.006296207494,-0.020124110307,-0.696271338,0.713744591,-0.033532721,-0.068194137
1789439814.598666430,0.034983129800,0.006278527696,-0.020156981341,-0.696281103,0.713735740,-0.033572020,-0.068167719
1789439814.632000446,0.035026602281,0.006265867047,-0.020187135703,-0.696271369,0.713743847,-0.033549065,-0.068193562
1789439814.665334463,0.035063152284,0.006256527132,-0.020208570699,-0.696274155,0.713740788,-0.033562755,-0.068190390
1789439814.698667526,0.035096595431,0.006253850933,-0.020222519054,-0.696283353,0.713732707,-0.033567917,-0.068178520
1789439814.732001543,0.035129038016,0.006253477372,-0.020232207986,-0.696272810,0.713741044,-0.033541699,-0.068211800
1789439814.765335560,0.035158950252,0.006248474732,-0.020237541020,-0.696279021,0.713736540,-0.033566301,-0.068183435
1789439814.798669338,0.035187183407,0.006245401057,-0.020234315121,-0.696279825,0.713734638,-0.033569965,-0.068193327
1789439814.832002401,0.035206434349,0.006239154396,-0.020230506511,-0.696271455,0.713741746,-0.033554587,-0.068211952
1789439814.865336418,0.035220956406,0.006221840958,-0.020229856688,-0.696272491,0.713742170,-0.033576699,-0.068186055
1789439814.898670197,0.035232845163,0.006199715024,-0.020227332268,-0.696270501,0.713742557,-0.033562608,-0.068209261
1789439814.932004213,0.035238299574,0.006170295931,-0.020217060390,-0.696268988,0.713743467,-0.033562996,-0.068214988
1789439814.965337276,0.035238940085,0.006130917355,-0.020210787123,-0.696267036,0.713746336,-0.033568558,-0.068202163
1789439814.998671055,0.035237079104,0.006081098423,-0.020217291140,-0.696263349,0.713748225,-0.033552931,-0.068227712
1789439815.032004833,0.035238527377,0.006013489241,-0.020228608639,-0.696267871,0.713745101,-0.033565424,-0.068208100
1789439815.065337896,0.035245122349,0.005933513458,-0.020251066513,-0.696258674,0.713754994,-0.033570657,-0.068195884
1789439815.098675966,0.035246555849,0.005850380573,-0.020288093580,-0.696254864,0.713756363,-0.033561307,-0.068225049
1789439815.132013798,0.035247423184,0.005761937587,-0.020327252583,-0.696257600,0.713754018,-0.033585825,-0.068209597
1789439815.165352106,0.035254563173,0.005675876608,-0.020359661902,-0.696260424,0.713750886,-0.033575633,-0.068218561
1789439815.198689222,0.035263060741,0.005596639450,-0.020379413070,-0.696260442,0.713750890,-0.033566372,-0.068222890
1789439815.232027292,0.035271868489,0.005522561293,-0.020391887560,-0.696260350,0.713752668,-0.033586730,-0.068195202
1789439815.265365362,0.035277841226,0.005464063955,-0.020396860877,-0.696249965,0.713759952,-0.033561658,-0.068237326
1789439815.298702478,0.035275860351,0.005439427883,-0.020390029867,-0.696253265,0.713758269,-0.033589453,-0.068207577
1789439815.332040548,0.035276313750,0.005452059265,-0.020360564479,-0.696255793,0.713755548,-0.033591599,-0.068209183
1789439815.365378618,0.035280312566,0.005493287533,-0.020317350947,-0.696247873,0.713760515,-0.033570555,-0.068248399
1789439815.398716927,0.035281160237,0.005558383839,-0.020275717539,-0.696257614,0.713753598,-0.033605965,-0.068203929
1789439815.432054281,0.035283463878,0.005629466804,-0.020228900973,-0.696249807,0.713759240,-0.033576700,-0.068238974
1789439815.465392351,0.035276894254,0.005693701242,-0.020188297668,-0.696252060,0.713757199,-0.033562770,-0.068244195
1789439815.498730421,0.035263045905,0.005750814125,-0.020165378753,-0.696260885,0.713749951,-0.033599839,-0.068211723
1789439815.532068491,0.035245932536,0.005794562124,-0.020148520396,-0.696257000,0.713750857,-0.033559821,-0.068261574
1789439815.565406084,0.035219308432,0.005816229907,-0.020132260535,-0.696259358,0.713750036,-0.033590427,-0.068231049
1789439815.598744154,0.035198170362,0.005816795357,-0.020117349055,-0.696254743,0.713754435,-0.033597948,-0.068228418
1789439815.632082224,0.035181503147,0.005796494930,-0.020107060031,-0.696254825,0.713751962,-0.033560797,-0.068271723
1789439815.665419579,0.035168677145,0.005753534444,-0.020105047546,-0.696262613,0.713747111,-0.033605017,-0.068221237
1789439815.698757887,0.035170447729,0.005689933554,-0.020094696814,-0.696252952,0.713755598,-0.033580023,-0.068243351
1789439815.732096195,0.035174932735,0.005608100958,-0.020072196850,-0.696258709,0.713748784,-0.033578790,-0.068256490
1789439815.765434265,0.035177270930,0.005518174352,-0.020054820348,-0.696253650,0.713754899,-0.033614188,-0.068226725
1789439815.798771620,0.035184046640,0.005427472758,-0.020040040435,-0.696241035,0.713764882,-0.033570697,-0.068272415
1789439815.832109928,0.035189551745,0.005332197450,-0.020025745285,-0.696246409,0.713761044,-0.033593413,-0.068246552
1789439815.865448236,0.035194063360,0.005240996984,-0.020023832415,-0.696251524,0.713756291,-0.033596710,-0.068242454
1789439815.898786545,0.035198559404,0.005156524032,-0.020029579280,-0.696249624,0.713755230,-0.033575152,-0.068283541
1789439815.932124138,0.035205187243,0.005068055466,-0.020033180119,-0.696253706,0.713753163,-0.033611438,-0.068245662
1789439815.965462446,0.035220330204,0.004979503913,-0.020036928088,-0.696253298,0.713752567,-0.033588652,-0.068267275
1789439815.998800516,0.035227026992,0.004902203196,-0.020050177135,-0.696262731,0.713743591,-0.033586101,-0.068266161
1789439816.032137871,0.035226534866,0.004830971885,-0.020062544318,-0.696256167,0.713750025,-0.033616355,-0.068250955
1789439816.065476418,0.035231446555,0.004760063741,-0.020063758206,-0.696251863,0.713751978,-0.033579380,-0.068292627
1789439816.098812819,0.035234542103,0.004696313873,-0.020061128314,-0.696264855,0.713741057,-0.033600599,-0.068263862
1789439816.132149220,0.035239512508,0.004638058806,-0.020061463069,-0.696260058,0.713745061,-0.033600724,-0.068270859
1789439816.165484667,0.035247114177,0.004581387488,-0.020065308458,-0.696254697,0.713748562,-0.033580926,-0.068298665
1789439816.198821068,0.035252647064,0.004528923421,-0.020073069255,-0.696269012,0.713735526,-0.033607096,-0.068276094
1789439816.232157469,0.035264393528,0.004477523206,-0.020076949818,-0.696269360,0.713733628,-0.033593567,-0.068299040
1789439816.265493870,0.035278642789,0.004425478416,-0.020087990965,-0.696264619,0.713737051,-0.033598663,-0.068309090
1789439816.298829079,0.035296645331,0.004382119707,-0.020113301673,-0.696278096,0.713724541,-0.033611202,-0.068296259
1789439816.332165480,0.035324996621,0.004349930707,-0.020139655037,-0.696271062,0.713730202,-0.033596223,-0.068316187
1789439816.365501881,0.035355484006,0.004326670992,-0.020168316675,-0.696277624,0.713724481,-0.033592274,-0.068311007
1789439816.398837328,0.035386743946,0.004310590791,-0.020193251602,-0.696288205,0.713716039,-0.033594406,-0.068290322
1789439816.432173729,0.035414522102,0.004294974038,-0.020203570280,-0.696289615,0.713713987,-0.033590748,-0.068299182
1789439816.465510368,0.035437545733,0.004280948088,-0.020211091169,-0.696283303,0.713720180,-0.033591656,-0.068298372
1789439816.498846769,0.035465603510,0.004274093104,-0.020221125348,-0.696296186,0.713708080,-0.033596802,-0.068290942
1789439816.532182217,0.035502771993,0.004268688611,-0.020232208247,-0.696292421,0.713711061,-0.033582773,-0.068305081
1789439816.565518379,0.035542211010,0.004262282151,-0.020247493485,-0.696294641,0.713708870,-0.033586555,-0.068303479
1789439816.598854780,0.035585856761,0.004261431511,-0.020268150384,-0.696298751,0.713704765,-0.033595080,-0.068300280
1789439816.632190228,0.035634700992,0.004264002569,-0.020290723030,-0.696293880,0.713708623,-0.033573700,-0.068320143
1789439816.665526628,0.035676301356,0.004271815845,-0.020312658855,-0.696302996,0.713699580,-0.033597706,-0.068309889
1789439816.698863029,0.035713731247,0.004286048862,-0.020337872289,-0.696302260,0.713699806,-0.033590892,-0.068318386
1789439816.732199430,0.035755056519,0.004300143862,-0.020362181834,-0.696290414,0.713709342,-0.033579605,-0.068345037
1789439816.765534878,0.035796068932,0.004320210563,-0.020388281468,-0.696290984,0.713710774,-0.033607033,-0.068310790
1789439816.798871040,0.035844583870,0.004350225594,-0.020413091196,-0.696299951,0.713700733,-0.033583560,-0.068335832
1789439816.832207441,0.035899459413,0.004384091682,-0.020437867926,-0.696298023,0.713702776,-0.033587027,-0.068332438
1789439816.865543842,0.035961458507,0.004419401630,-0.020462077584,-0.696301549,0.713700874,-0.033608306,-0.068305905
1789439816.898879290,0.036027226384,0.004458829155,-0.020488124469,-0.696296405,0.713702655,-0.033572858,-0.068357149
1789439816.932215929,0.036083205590,0.004503372898,-0.020525329035,-0.696298710,0.713702539,-0.033609801,-0.068316712
1789439816.965552330,0.036132582138,0.004555252030,-0.020564483518,-0.696297974,0.713702531,-0.033608972,-0.068324707
1789439816.998887539,0.036173900190,0.004614322815,-0.020600945632,-0.696296473,0.713701813,-0.033583249,-0.068360147
1789439817.032223940,0.036206732259,0.004678460598,-0.020633410385,-0.696295103,0.713706306,-0.033628478,-0.068304927
1789439817.065560341,0.036238615169,0.004751004188,-0.020659989526,-0.696283660,0.713714458,-0.033596831,-0.068351956
1789439817.098895788,0.036258642727,0.004834419024,-0.020676826488,-0.696294407,0.713704687,-0.033615335,-0.068335410
1789439817.132230282,0.036259028049,0.004930179243,-0.020687317299,-0.696290835,0.713708925,-0.033631351,-0.068319662
1789439817.165565729,0.036231965833,0.005048676119,-0.020691960372,-0.696280355,0.713715524,-0.033588983,-0.068378344
1789439817.198901176,0.036182865530,0.005186417539,-0.020677097019,-0.696303305,0.713696371,-0.033624843,-0.068326910
1789439817.232236385,0.036122023767,0.005331692497,-0.020652405064,-0.696295114,0.713702856,-0.033605641,-0.068352097
1789439817.265570879,0.036038291034,0.005482493778,-0.020638501580,-0.696285064,0.713712256,-0.033599269,-0.068359453
1789439817.298906326,0.035942260727,0.005634391035,-0.020617654193,-0.696301663,0.713697013,-0.033632086,-0.068333374
1789439817.332241774,0.035852004200,0.005774777175,-0.020576325113,-0.696300437,0.713695463,-0.033589034,-0.068383211
1789439817.365576029,0.035768164493,0.005901125579,-0.020529725665,-0.696301890,0.713695591,-0.033625241,-0.068349279
1789439817.398911476,0.035688880273,0.006017293446,-0.020489308618,-0.696308129,0.713688253,-0.033625965,-0.068361983
1789439817.432246923,0.035609089378,0.006114628804,-0.020455404941,-0.696299395,0.713695195,-0.033604968,-0.068388793
1789439817.465582132,0.035541296314,0.006181693826,-0.020426112213,-0.696309727,0.713687275,-0.033634374,-0.068351785
1789439817.498916388,0.035495275140,0.006213267904,-0.020399527472,-0.696303864,0.713692070,-0.033597753,-0.068379451
1789439817.532251596,0.035458090077,0.006214568398,-0.020380716305,-0.696306095,0.713688836,-0.033611953,-0.068383505
1789439817.565587044,0.035431774182,0.006200083765,-0.020368484559,-0.696298698,0.713696186,-0.033628910,-0.068373777
1789439817.598922491,0.035413803219,0.006183488535,-0.020353443174,-0.696303924,0.713688779,-0.033591104,-0.068416443
1789439817.632256746,0.035395684794,0.006171570043,-0.020338925531,-0.696305156,0.713688902,-0.033619038,-0.068388893
1789439817.665592194,0.035383981189,0.006170210078,-0.020325457322,-0.696294687,0.713698669,-0.033610076,-0.068397967
1789439817.698927402,0.035373607958,0.006178465072,-0.020318592143,-0.696291885,0.713700003,-0.033594146,-0.068420386
1789439817.732261658,0.035363957863,0.006189091297,-0.020313622682,-0.696301185,0.713692795,-0.033621271,-0.068387598
1789439817.765597105,0.035359954185,0.006201902924,-0.020301178122,-0.696282572,0.713709320,-0.033601511,-0.068414358
1789439817.798932314,0.035358622574,0.006216542821,-0.020287542846,-0.696293233,0.713698722,-0.033611302,-0.068411611
1789439817.832267761,0.035361521109,0.006231328118,-0.020277418344,-0.696302518,0.713690542,-0.033617852,-0.068399223
1789439817.865602016,0.035368700555,0.006247614383,-0.020267382603,-0.696288102,0.713702772,-0.033599284,-0.068427484
1789439817.898937225,0.035380098780,0.006261738869,-0.020252194486,-0.696299627,0.713693150,-0.033623444,-0.068398698
1789439817.932272673,0.035396076499,0.006266620202,-0.020239009161,-0.696304802,0.713687192,-0.033608161,-0.068415681
1789439817.965606928,0.035412701623,0.006260279074,-0.020235658090,-0.696294861,0.713698221,-0.033597820,-0.068406884
1789439817.998942137,0.035425313346,0.006242359207,-0.020242108934,-0.696294723,0.713699621,-0.033607733,-0.068388812
1789439818.032277346,0.035437787374,0.006212040605,-0.020253771164,-0.696295446,0.713697146,-0.033589815,-0.068416076
1789439818.065612555,0.035455058240,0.006170511573,-0.020260033917,-0.696294969,0.713698339,-0.033611730,-0.068397720
1789439818.098948240,0.035473358737,0.006120307493,-0.020262907214,-0.696289088,0.713703066,-0.033611672,-0.068408293
1789439818.132287264,0.035479869783,0.006059828146,-0.020269359841,-0.696294254,0.713696292,-0.033604779,-0.068429775
1789439818.165626287,0.035480531567,0.005992583693,-0.020280883996,-0.696296123,0.713696654,-0.033620789,-0.068399103
1789439818.198965311,0.035481920385,0.005914966898,-0.020294967222,-0.696291785,0.713699078,-0.033608686,-0.068423918
1789439818.232303143,0.035479248205,0.005822671433,-0.020299677937,-0.696293426,0.713696515,-0.033622601,-0.068427115
1789439818.265642405,0.035476026243,0.005725500519,-0.020294660144,-0.696287832,0.713701692,-0.033635448,-0.068423726
1789439818.298981190,0.035473356687,0.005624127622,-0.020291735940,-0.696275887,0.713712726,-0.033609179,-0.068443086
1789439818.332319260,0.035465126968,0.005514379478,-0.020294596858,-0.696283420,0.713706697,-0.033635433,-0.068416432
1789439818.365658522,0.035456471607,0.005407864286,-0.020294468122,-0.696287327,0.713701286,-0.033627851,-0.068436832
1789439818.398997545,0.035447181989,0.005304467382,-0.020289401352,-0.696287156,0.713700759,-0.033626937,-0.068444513
1789439818.432336330,0.035431735704,0.005201187227,-0.020282335063,-0.696300559,0.713688378,-0.033647381,-0.068427214
1789439818.465674639,0.035417433410,0.005101822550,-0.020270746749,-0.696299944,0.713686558,-0.033622376,-0.068464744
1789439818.499013662,0.035401308284,0.005008272621,-0.020270459246,-0.696293234,0.713693692,-0.033644771,-0.068447615
1789439818.532352924,0.035384226602,0.004917272860,-0.020275292154,-0.696293936,0.713692863,-0.033644203,-0.068449394
1789439818.565692186,0.035367172821,0.004831117879,-0.020266564481,-0.696301148,0.713684883,-0.033631435,-0.068465511
1789439818.599030256,0.035347135175,0.004755079005,-0.020254726920,-0.696293930,0.713693316,-0.033647199,-0.068443256
1789439818.632369280,0.035331719284,0.004678348726,-0.020244669166,-0.696282152,0.713704339,-0.033625293,-0.068458901
1789439818.665708780,0.035320673966,0.004602084050,-0.020232239043,-0.696289670,0.713697602,-0.033633217,-0.068448775
1789439818.699046850,0.035310321369,0.004530051935,-0.020219908763,-0.696288311,0.713698962,-0.033638479,-0.068445837
1789439818.732385874,0.035299539630,0.004457813750,-0.020210546911,-0.696285748,0.713700164,-0.033618966,-0.068468957
1789439818.765725374,0.035288572698,0.004392702220,-0.020207293346,-0.696296311,0.713689837,-0.033642836,-0.068457451
1789439818.799064636,0.035281496141,0.004336462499,-0.020204721900,-0.696290540,0.713694516,-0.033640492,-0.068468524
1789439818.832402945,0.035279145303,0.004283091950,-0.020197502720,-0.696300732,0.713683152,-0.033649938,-0.068478695
1789439818.865742207,0.035277532956,0.004234046048,-0.020193508277,-0.696303247,0.713682455,-0.033653776,-0.068458491
1789439818.899081469,0.035270734418,0.004188859600,-0.020191278665,-0.696288934,0.713695091,-0.033635377,-0.068481378
1789439818.932420969,0.035253302189,0.004147318793,-0.020189518250,-0.696288066,0.713696374,-0.033653230,-0.068468057
1789439818.965759277,0.035231166498,0.004115221826,-0.020191466552,-0.696294833,0.713688651,-0.033657671,-0.068477561
1789439818.999098539,0.035212558936,0.004084639473,-0.020187307277,-0.696286670,0.713695804,-0.033645550,-0.068491967
1789439819.032438040,0.035204099831,0.004049328037,-0.020180346245,-0.696288491,0.713694400,-0.033660336,-0.068480822
1789439819.065776348,0.035206689320,0.004017774425,-0.020174768720,-0.696289963,0.713691654,-0.033654645,-0.068497265
1789439819.099115610,0.035210135440,0.003990454602,-0.020171012589,-0.696284239,0.713698122,-0.033663916,-0.068483502
1789439819.132451773,0.035210238380,0.003963305130,-0.020171758537,-0.696282895,0.713698523,-0.033673899,-0.068488075
1789439819.165787697,0.035209867705,0.003937821213,-0.020177453092,-0.696283573,0.713695771,-0.033672598,-0.068510501
1789439819.199122667,0.035208670902,0.003914139145,-0.020183677739,-0.696282539,0.713698681,-0.033679338,-0.068487375
1789439819.232458591,0.035207957241,0.003892311708,-0.020187258854,-0.696284093,0.713695706,-0.033666322,-0.068508983
1789439819.265794516,0.035204135929,0.003878110470,-0.020192606157,-0.696279294,0.713700127,-0.033676755,-0.068506571
1789439819.299129248,0.035198358551,0.003867239342,-0.020197000184,-0.696270902,0.713707927,-0.033686062,-0.068506022
1789439819.332465172,0.035195389902,0.003848763835,-0.020188926241,-0.696268418,0.713708647,-0.033665815,-0.068533707
1789439819.365801096,0.035194763059,0.003829129175,-0.020176555497,-0.696281507,0.713698198,-0.033680114,-0.068502517
1789439819.399137020,0.035191727154,0.003811946974,-0.020173307152,-0.696271900,0.713706918,-0.033662999,-0.068517726
1789439819.432471991,0.035185771519,0.003791665658,-0.020178635572,-0.696263073,0.713715303,-0.033661388,-0.068520874
1789439819.465807915,0.035181339995,0.003774545650,-0.020182230542,-0.696269770,0.713708970,-0.033679250,-0.068510014
1789439819.499143600,0.035182594531,0.003758622447,-0.020177688522,-0.696252994,0.713723922,-0.033661520,-0.068533443
1789439819.532479525,0.035183939312,0.003741695115,-0.020168276944,-0.696257395,0.713719452,-0.033676721,-0.068527828
1789439819.565814495,0.035181150495,0.003728294180,-0.020156346165,-0.696256576,0.713719078,-0.033687237,-0.068534869
1789439819.599150419,0.035176021623,0.003713815502,-0.020142108980,-0.696242687,0.713730499,-0.033677329,-0.068561893
1789439819.632486343,0.035174400866,0.003693892349,-0.020134558324,-0.696242406,0.713731100,-0.033694722,-0.068549933
1789439819.665821075,0.035179951894,0.003678829448,-0.020141529994,-0.696242642,0.713731579,-0.033684000,-0.068547826
1789439819.699157000,0.035179821164,0.003668656613,-0.020152620745,-0.696240483,0.713733229,-0.033681893,-0.068553617
1789439819.732492924,0.035169370304,0.003661959192,-0.020161013533,-0.696246780,0.713726997,-0.033696534,-0.068547353
1789439819.765828848,0.035161528662,0.003660283465,-0.020174000333,-0.696251860,0.713720674,-0.033687664,-0.068565940
1789439819.799163818,0.035159307943,0.003655106134,-0.020180917918,-0.696240627,0.713732204,-0.033690920,-0.068558384
1789439819.832499504,0.035158385198,0.003647018923,-0.020180460223,-0.696247369,0.713725181,-0.033701650,-0.068557766
1789439819.865835428,0.035154285650,0.003642789215,-0.020181104959,-0.696245508,0.713725182,-0.033682782,-0.068585912
1789439819.899171352,0.035148838348,0.003636040762,-0.020181241941,-0.696233928,0.713737674,-0.033697702,-0.068566131
1789439819.932506323,0.035150648736,0.003624548145,-0.020176544464,-0.696236654,0.713734437,-0.033695201,-0.068573378
1789439819.965842009,0.035157805681,0.003615064215,-0.020167601269,-0.696238821,0.713731350,-0.033691969,-0.068585091
1789439819.999177933,0.035165700346,0.003604806708,-0.020162671595,-0.696236872,0.713733999,-0.033700562,-0.068573095
1789439820.032512903,0.035168925797,0.003595421654,-0.020165932951,-0.696219952,0.713748764,-0.033690751,-0.068596020
1789439820.065848827,0.035166466335,0.003593449864,-0.020178485433,-0.696226106,0.713742219,-0.033695609,-0.068599273
1789439820.099184513,0.035162494474,0.003594058180,-0.020192249410,-0.696220349,0.713747863,-0.033704287,-0.068594717
1789439820.132519484,0.035161895566,0.003594234316,-0.020196391911,-0.696220651,0.713747465,-0.033687802,-0.068603888
1789439820.165853262,0.035163339944,0.003596385867,-0.020196485632,-0.696220671,0.713747506,-0.033701580,-0.068596485
1789439820.199187994,0.035165759740,0.003597220714,-0.020190101853,-0.696217239,0.713749881,-0.033700287,-0.068607246
1789439820.232522964,0.035166712385,0.003597125564,-0.020181133781,-0.696215728,0.713749837,-0.033701124,-0.068622622
1789439820.265857697,0.035160973586,0.003604683001,-0.020177456232,-0.696224759,0.713740884,-0.033709674,-0.068619919
1789439820.299191475,0.035161011679,0.003614392146,-0.020168510106,-0.696220296,0.713744945,-0.033690873,-0.068632192
1789439820.332526207,0.035162011984,0.003627183647,-0.020153824960,-0.696222750,0.713742440,-0.033698302,-0.068629700
1789439820.365860939,0.035164173986,0.003648397780,-0.020143208396,-0.696225290,0.713741080,-0.033707226,-0.068613689
1789439820.399194479,0.035176922054,0.003671481554,-0.020133061492,-0.696223613,0.713740887,-0.033690382,-0.068640986
1789439820.432529211,0.035202699382,0.003717665061,-0.020103039450,-0.696207578,0.713757963,-0.033704213,-0.068619268
1789439820.465863705,0.035243566633,0.003796536195,-0.020051719578,-0.696586597,0.713419431,-0.033416245,-0.068433786
1789439820.499198437,0.035260034281,0.003819881594,-0.020036795545,-0.696543184,0.713463280,-0.033326683,-0.068462200
1789439820.532532215,0.035250666220,0.003818888325,-0.020041799350,-0.696542814,0.713458567,-0.033380975,-0.068488630
1789439820.565866709,0.035238528311,0.003811779859,-0.020060682656,-0.696505365,0.713485953,-0.033382851,-0.068583213
1789439820.599201441,0.035239778505,0.003798492254,-0.020070169106,-0.696496205,0.713497618,-0.033397894,-0.068547549
1789439820.632534981,0.035244264428,0.003787123544,-0.020077424058,-0.696525214,0.713476771,-0.033372284,-0.068482219
1789439820.665869474,0.035228343662,0.003767606810,-0.020098875237,-0.696449301,0.713550648,-0.033316584,-0.068511680
1789439820.699203968,0.035186410321,0.003749781851,-0.020105894835,-0.696427875,0.713557000,-0.033380496,-0.068632098
1789439820.732538223,0.035160273427,0.003745024297,-0.020108868396,-0.696445097,0.713531002,-0.033415902,-0.068710353
1789439820.765871763,0.035161806791,0.003743633210,-0.020117257584,-0.696431278,0.713552672,-0.033334766,-0.068664784
1789439820.799206257,0.035160812985,0.003736357524,-0.020118808271,-0.696447786,0.713541678,-0.033324498,-0.068616563
1789439820.832540751,0.035139024049,0.003727418735,-0.020129666677,-0.696464578,0.713519502,-0.033353726,-0.068662514
1789439820.865875244,0.035122838522,0.003712685142,-0.020145856247,-0.696453430,0.713522152,-0.033357832,-0.068746005
1789439820.899208784,0.035130233445,0.003693414923,-0.020158527503,-0.696401053,0.713577349,-0.033384631,-0.068690662
1789439820.932543278,0.035164440572,0.003688854126,-0.020153216250,-0.696405113,0.713582716,-0.033358780,-0.068606248
1789439820.965877533,0.035185192405,0.003703644128,-0.020145174480,-0.696460841,0.713534259,-0.033293144,-0.068576416
1789439820.999210835,0.035169239528,0.003709574423,-0.020138515399,-0.696507733,0.713472191,-0.033324998,-0.068730311
1789439821.032545090,0.035166821603,0.003698019954,-0.020143667780,-0.696460385,0.713514672,-0.033342464,-0.068760640
1789439821.065879583,0.035182855986,0.003683540454,-0.020153868658,-0.696383019,0.713604965,-0.033288128,-0.068633407
1789439821.099213839,0.035179366749,0.003682841946,-0.020154295812,-0.696419763,0.713565375,-0.033323015,-0.068655272
1789439821.132547379,0.035166073686,0.003687956908,-0.020160859214,-0.696423801,0.713560387,-0.033336508,-0.068659602
1789439821.165881872,0.035153908858,0.003692345683,-0.020164963153,-0.696416071,0.713568803,-0.033307792,-0.068664477
1789439821.199216366,0.035137195221,0.003691384993,-0.020156163024,-0.696447578,0.713525629,-0.033361420,-0.068767460
1789439821.232550859,0.035130810742,0.003694237681,-0.020153752119,-0.696471650,0.713497102,-0.033410825,-0.068795665
1789439821.265884161,0.035144611907,0.003692497672,-0.020162667207,-0.696464622,0.713513833,-0.033319221,-0.068737690
1789439821.299218416,0.035160846604,0.003682812557,-0.020164086322,-0.696428412,0.713555848,-0.033341323,-0.068657670
1789439821.332552910,0.035154131313,0.003694541601,-0.020170476843,-0.696476436,0.713507447,-0.033372688,-0.068658288
1789439821.365886211,0.035141193297,0.003707391938,-0.020185497718,-0.696482303,0.713501884,-0.033319040,-0.068682639
1789439821.399220705,0.035132067751,0.003707451706,-0.020182427559,-0.696470303,0.713516833,-0.033336196,-0.068640689
1789439821.432554960,0.035110773113,0.003717796610,-0.020181288894,-0.696511857,0.713466632,-0.033358311,-0.068730069
1789439821.465889454,0.035113172244,0.003713103307,-0.020186512306,-0.696467382,0.713509361,-0.033305584,-0.068762751
1789439821.499222755,0.035154956960,0.003692479785,-0.020176061764,-0.696407932,0.713591141,-0.033234172,-0.068550458
1789439821.532556772,0.035157919653,0.003696759095,-0.020172272023,-0.696463998,0.713531519,-0.033297983,-0.068570513
1789439821.565891027,0.035131304235,0.003698316113,-0.020190306966,-0.696465510,0.713512513,-0.033342701,-0.068731004
1789439821.599225283,0.035129714529,0.003686682985,-0.020198223959,-0.696439162,0.713539134,-0.033322064,-0.068731635
1789439821.632558584,0.035137171222,0.003688822732,-0.020196363039,-0.696480193,0.713504055,-0.033296488,-0.068692410
1789439821.665892601,0.035138004426,0.003690284719,-0.020194777162,-0.696470893,0.713513623,-0.033328144,-0.068671972
1789439821.699226856,0.035139517440,0.003688588230,-0.020187777878,-0.696509172,0.713470820,-0.033353611,-0.068716069
1789439821.732560158,0.035143412744,0.003690647243,-0.020195360752,-0.696524591,0.713460435,-0.033364113,-0.068662491
1789439821.765893936,0.035155670304,0.003678859942,-0.020198130917,-0.696432587,0.713557264,-0.033333352,-0.068604443
1789439821.799227953,0.035172208548,0.003673899616,-0.020182868921,-0.696448739,0.713535606,-0.033293778,-0.068684913
1789439821.832562208,0.035188280664,0.003680479096,-0.020186923357,-0.696487004,0.713509821,-0.033300224,-0.068561530
1789439821.865895271,0.035187270078,0.003679092069,-0.020205132407,-0.696412058,0.713586027,-0.033262183,-0.068548194
1789439821.899229288,0.035174317797,0.003682115630,-0.020196990857,-0.696436326,0.713552033,-0.033292591,-0.068640689
1789439821.932563305,0.035154773156,0.003699350644,-0.020191660285,-0.696487998,0.713503570,-0.033353827,-0.068590433
1789439821.965896130,0.035128488173,0.003708117184,-0.020203533170,-0.696478619,0.713502036,-0.033337749,-0.068709328
1789439821.999230146,0.035120189961,0.003701002873,-0.020207368809,-0.696503506,0.713476667,-0.033379462,-0.068700242
1789439822.032564163,0.035137908409,0.003692355814,-0.020210885227,-0.696468445,0.713520130,-0.033329560,-0.068628490
1789439822.065898180,0.035146581540,0.003685365506,-0.020220357777,-0.696409805,0.713579750,-0.033238508,-0.068647842
1789439822.099231005,0.035135353243,0.003683916074,-0.020213583513,-0.696438612,0.713547112,-0.033350814,-0.068640383
1789439822.132567167,0.035117285073,0.003689902706,-0.020206836787,-0.696468424,0.713506404,-0.033361933,-0.068755554
1789439822.165903091,0.035108894190,0.003689697006,-0.020213534827,-0.696460228,0.713511423,-0.033350101,-0.068792230
1789439822.199239016,0.035122844787,0.003678551414,-0.020210020032,-0.696485089,0.713490325,-0.033364272,-0.068752476
1789439822.232573986,0.035130061254,0.003668667881,-0.020226986432,-0.696480064,0.713497804,-0.033369457,-0.068723238
1789439822.265909910,0.035135541936,0.003651502345,-0.020243827570,-0.696417107,0.713556603,-0.033383346,-0.068744013
1789439822.299246073,0.035161044252,0.003638290509,-0.020240974069,-0.696428988,0.713550341,-0.033339480,-0.068709933
1789439822.332581043,0.035170006557,0.003643701556,-0.020250727033,-0.696465073,0.713521618,-0.033343865,-0.068640291
1789439822.365916967,0.035158170486,0.003647152519,-0.020263762867,-0.696421920,0.713555398,-0.033341688,-0.068727973
1789439822.399252892,0.035157090413,0.003649712080,-0.020256753714,-0.696461455,0.713518934,-0.033340571,-0.068706461
1789439822.432588816,0.035155902437,0.003655868825,-0.020264266893,-0.696481745,0.713503841,-0.033329706,-0.068662793
1789439822.465923786,0.035140982014,0.003652005974,-0.020289962353,-0.696399350,0.713582659,-0.033290169,-0.068698602
1789439822.499259710,0.035122176713,0.003653686601,-0.020287931010,-0.696425324,0.713549955,-0.033369052,-0.068736716
1789439822.532595873,0.035123291824,0.003657855288,-0.020277857296,-0.696497454,0.713474839,-0.033386610,-0.068777072
1789439822.565931797,0.035153098645,0.003635158854,-0.020278226096,-0.696384592,0.713596992,-0.033281650,-0.068703451
1789439822.599266768,0.035172361057,0.003633612573,-0.020267695269,-0.696389791,0.713598498,-0.033279199,-0.068636271
1789439822.632602692,0.035165753105,0.003652147005,-0.020257445724,-0.696467277,0.713518869,-0.033271287,-0.068681716
1789439822.665938616,0.035140094951,0.003651906050,-0.020256080515,-0.696406456,0.713568775,-0.033305394,-0.068763382
1789439822.699273586,0.035125748470,0.003652457683,-0.020249010297,-0.696435490,0.713530909,-0.033393794,-0.068819353
1789439822.732609510,0.035145062154,0.003657165394,-0.020247416450,-0.696459348,0.713510512,-0.033378380,-0.068796870
1789439822.765945673,0.035190464787,0.003643894924,-0.020226321294,-0.696401212,0.713584457,-0.033297925,-0.068657286
1789439822.799281597,0.035208891621,0.003633933803,-0.020205088970,-0.696449172,0.713542038,-0.033244878,-0.068637380
1789439822.832616568,0.035191293825,0.003626619719,-0.020206288086,-0.696454692,0.713522195,-0.033308339,-0.068756777
1789439822.865952492,0.035202307256,0.003606747401,-0.020196299617,-0.696387118,0.713591670,-0.033291717,-0.068728249
1789439822.899288416,0.035236236359,0.003594892398,-0.020168990148,-0.696442567,0.713546905,-0.033247969,-0.068652297
1789439822.932624340,0.035249494231,0.003588456508,-0.020150434048,-0.696496487,0.713491975,-0.033301690,-0.068650147
1789439822.965959311,0.035264243254,0.003565769953,-0.020119165515,-0.696444226,0.713540893,-0.033281380,-0.068681754
1789439822.999295235,0.035294580133,0.003546517120,-0.020070448695,-0.696486348,0.713498552,-0.033283056,-0.068693672
1789439823.032631159,0.035356411883,0.003530520781,-0.020028362233,-0.696514653,0.713470980,-0.033298733,-0.068685465
1789439823.065966129,0.035446384749,0.003505042770,-0.019993067893,-0.696401247,0.713597274,-0.033178500,-0.068581495
