t_sec,x,y,z,qw,qx,qy,qz
1789439764.999569893,0.012853291,0.008304101,-0.024054027,-0.697311568,0.716731528,-0.000187729,0.007242870
1789439765.032854557,0.012789809,0.008286449,-0.024042489,-0.697231955,0.716808702,-0.000169832,0.007270270
1789439765.066266298,0.012727118,0.008258335,-0.024036214,-0.697187505,0.716851422,-0.000169458,0.007320733
1789439765.099522352,0.012679026,0.008231297,-0.024040259,-0.697184266,0.716854286,-0.000138089,0.007349328
1789439765.132773161,0.012641915,0.008218214,-0.024045401,-0.697178245,0.716859832,-0.000108786,0.007379980
1789439765.166019917,0.012606730,0.008205255,-0.024042590,-0.697174399,0.716863076,-0.000118464,0.007427903
1789439765.199262142,0.012583985,0.008198269,-0.024038972,-0.697153535,0.716883129,-0.000086054,0.007451200
1789439765.232499599,0.012573455,0.008194344,-0.024039853,-0.697153409,0.716882921,-0.000078928,0.007483021
1789439765.265731096,0.012563311,0.008182184,-0.024040550,-0.697188172,0.716848669,-0.000091128,0.007525292
1789439765.298959255,0.012552893,0.008172359,-0.024040428,-0.697187854,0.716848651,-0.000082069,0.007556552
1789439765.332182646,0.012538927,0.008156113,-0.024044735,-0.697193004,0.716843295,-0.000077688,0.007589450
1789439765.365400076,0.012520788,0.008128745,-0.024044835,-0.697192981,0.716842969,-0.000073956,0.007622293
1789439765.398613930,0.012506560,0.008105686,-0.024053457,-0.697182684,0.716852654,-0.000063668,0.007653336
1789439765.431823254,0.012490665,0.008093584,-0.024080287,-0.697192485,0.716842796,-0.000046112,0.007683974
1789439765.465027809,0.012480777,0.008078925,-0.024116720,-0.697179135,0.716855310,-0.000042193,0.007727569
1789439765.498226643,0.012480740,0.008080689,-0.024178327,-0.697189272,0.716845258,-0.000020282,0.007745547
1789439765.531421661,0.012475027,0.008093303,-0.024262451,-0.697198290,0.716836123,-0.000008057,0.007779224
1789439765.564611912,0.012466546,0.008103573,-0.024351238,-0.697199324,0.716834600,-0.000001639,0.007826745
1789439765.597797632,0.012461397,0.008125657,-0.024455148,-0.697194557,0.716839132,0.000028299,0.007836334
1789439765.630977631,0.012451395,0.008152542,-0.024574726,-0.697204937,0.716828629,0.000034404,0.007873414
1789439765.664153814,0.012435697,0.008181703,-0.024704669,-0.697177817,0.716854740,0.000052211,0.007897462
1789439765.697325230,0.012414732,0.008225996,-0.024848763,-0.697179898,0.716852489,0.000074732,0.007917876
1789439765.730490923,0.012387544,0.008276009,-0.025002452,-0.697180973,0.716851004,0.000069463,0.007957593
1789439765.763653040,0.012380676,0.008313752,-0.025144738,-0.697170440,0.716861144,0.000098090,0.007966611
1789439765.796810627,0.012376030,0.008345463,-0.025277606,-0.697167696,0.716863413,0.000101057,0.008002529
1789439765.829963207,0.012366139,0.008372700,-0.025399475,-0.697162028,0.716868539,0.000097371,0.008037052
1789439765.863110304,0.012359842,0.008390252,-0.025502219,-0.697155173,0.716875220,0.000125070,0.008035441
1789439765.896253347,0.012354961,0.008405067,-0.025596123,-0.697146033,0.716883481,0.000126896,0.008091174
1789439765.929392099,0.012374102,0.008415986,-0.025667052,-0.697138519,0.716890641,0.000149722,0.008103775
1789439765.962524891,0.012404847,0.008411418,-0.025683896,-0.697133566,0.716895333,0.000182093,0.008114207
1789439765.995654106,0.012442910,0.008398576,-0.025659770,-0.697130027,0.716898102,0.000158358,0.008173769
1789439766.028778553,0.012510221,0.008386049,-0.025604730,-0.697147191,0.716881543,0.000197007,0.008161359
1789439766.061899185,0.012577752,0.008356872,-0.025510993,-0.697109193,0.716918070,0.000194820,0.008198538
1789439766.095228672,0.012645451,0.008333261,-0.025414204,-0.697132380,0.716894975,0.000184863,0.008246515
1789439766.128559351,0.012725504,0.008307779,-0.025299675,-0.697118642,0.716908662,0.000229454,0.008216860
1789439766.161889553,0.012793145,0.008259680,-0.025169417,-0.697094634,0.716931305,0.000202989,0.008278545
1789439766.195219755,0.012863240,0.008224726,-0.025052059,-0.697127737,0.716899141,0.000217256,0.008276079
1789439766.228548765,0.012934989,0.008189117,-0.024922754,-0.697097342,0.716928848,0.000248900,0.008261969
1789439766.261878490,0.012995791,0.008137599,-0.024795532,-0.697097022,0.716928518,0.000214404,0.008318396
1789439766.295207977,0.013059602,0.008103008,-0.024676811,-0.697115757,0.716910573,0.000252931,0.008293830
1789439766.328536272,0.013109022,0.008067621,-0.024558007,-0.697070463,0.716954269,0.000250112,0.008323591
1789439766.361865520,0.013159424,0.008023455,-0.024445687,-0.697099859,0.716925338,0.000249717,0.008353699
1789439766.395194292,0.013206314,0.007990752,-0.024333927,-0.697080196,0.716944783,0.000285339,0.008324491
1789439766.428523064,0.013233421,0.007960665,-0.024237475,-0.697062527,0.716961594,0.000259919,0.008356897
1789439766.461850643,0.013259407,0.007943003,-0.024157677,-0.697097993,0.716927209,0.000277908,0.008347912
1789439766.495178938,0.013267599,0.007948819,-0.024092481,-0.697054852,0.716969099,0.000286196,0.008352363
1789439766.528506994,0.013273921,0.007954522,-0.024049773,-0.697068626,0.716955557,0.000275372,0.008365619
1789439766.561835051,0.013279988,0.007960835,-0.024003086,-0.697074335,0.716950244,0.000292483,0.008344638
1789439766.595161676,0.013269264,0.007977223,-0.023975892,-0.697028568,0.716994449,0.000277060,0.008370101
1789439766.628489017,0.013259586,0.007996605,-0.023978076,-0.697080248,0.716944344,0.000294915,0.008357512
1789439766.661816359,0.013249026,0.008004273,-0.023974582,-0.697048903,0.716974862,0.000295805,0.008353884
1789439766.695142508,0.013227263,0.008015109,-0.024003764,-0.697048509,0.716975075,0.000292478,0.008368497
1789439766.728469372,0.013205000,0.008024264,-0.024045098,-0.697077694,0.716946891,0.000313357,0.008351331
1789439766.761796236,0.013170872,0.008019613,-0.024077401,-0.697030838,0.716992423,0.000304796,0.008353570
1789439766.795122623,0.013125487,0.008021440,-0.024141824,-0.697060006,0.716964172,0.000307011,0.008344440
1789439766.828448057,0.013070842,0.008021353,-0.024215856,-0.697046198,0.716977717,0.000318698,0.008333705
1789439766.861773968,0.012993816,0.008008161,-0.024296577,-0.697027424,0.716996076,0.000309680,0.008324778
1789439766.895099878,0.012904535,0.008013059,-0.024398371,-0.697067255,0.716957586,0.000302913,0.008304791
1789439766.928425550,0.012821650,0.008018759,-0.024493573,-0.697041449,0.716982765,0.000297372,0.008297249
1789439766.961750031,0.012747753,0.008014065,-0.024584900,-0.697052638,0.716971881,0.000290628,0.008298050
1789439766.995075464,0.012657091,0.008030384,-0.024690549,-0.697056817,0.716967849,0.000287333,0.008295464
1789439767.028400421,0.012572851,0.008045910,-0.024795962,-0.697033400,0.716990773,0.000289512,0.008281740
1789439767.061724424,0.012482801,0.008061300,-0.024900724,-0.697061142,0.716963874,0.000280097,0.008275811
1789439767.095058680,0.012390679,0.008088313,-0.024998232,-0.697045418,0.716979344,0.000276829,0.008260084
1789439767.128392696,0.012295184,0.008118855,-0.025093017,-0.697041265,0.716983622,0.000278583,0.008239049
1789439767.161726475,0.012187512,0.008155560,-0.025185801,-0.697066842,0.716958912,0.000264915,0.008225957
1789439767.195059538,0.012080783,0.008208994,-0.025276203,-0.697047506,0.716977946,0.000266359,0.008205410
1789439767.228393316,0.011986204,0.008249469,-0.025350446,-0.697054389,0.716971521,0.000260353,0.008182247
1789439767.261727333,0.011906388,0.008283665,-0.025398515,-0.697062577,0.716963738,0.000242976,0.008167218
1789439767.295060158,0.011861845,0.008311376,-0.025422670,-0.697053979,0.716972421,0.000243670,0.008138659
1789439767.328393459,0.011857243,0.008316962,-0.025405039,-0.697073429,0.716953711,0.000232507,0.008121418
1789439767.361727238,0.011884841,0.008303183,-0.025342886,-0.697065969,0.716961044,0.000222402,0.008114627
1789439767.395060778,0.011946862,0.008285124,-0.025260616,-0.697068435,0.716958950,0.000231117,0.008087476
1789439767.428393364,0.012009851,0.008268118,-0.025181929,-0.697075407,0.716952326,0.000216729,0.008074196
1789439767.461726904,0.012076067,0.008245673,-0.025089438,-0.697073702,0.716954279,0.000212775,0.008048031
1789439767.495059967,0.012151102,0.008225300,-0.025001031,-0.697079916,0.716948494,0.000204991,0.008025246
1789439767.528393269,0.012226985,0.008195742,-0.024901081,-0.697075502,0.716953034,0.000193265,0.008003351
1789439767.561725616,0.012304043,0.008164570,-0.024798594,-0.697071625,0.716957102,0.000191550,0.007976679
1789439767.595058918,0.012368476,0.008147799,-0.024712539,-0.697087875,0.716941686,0.000181136,0.007942326
1789439767.628391743,0.012434603,0.008118378,-0.024616677,-0.697083673,0.716946129,0.000166686,0.007910314
1789439767.661723852,0.012505697,0.008084384,-0.024520731,-0.697084725,0.716945337,0.000158904,0.007889526
1789439767.695056915,0.012560327,0.008063961,-0.024446610,-0.697092171,0.716938472,0.000145364,0.007855640
1789439767.728389740,0.012616868,0.008037841,-0.024364596,-0.697083093,0.716947488,0.000140547,0.007838500
1789439767.761722565,0.012676249,0.008006475,-0.024286128,-0.697101335,0.716929980,0.000128835,0.007817684
1789439767.795054436,0.012721202,0.007990549,-0.024219736,-0.697101059,0.716930540,0.000119984,0.007791058
1789439767.828387022,0.012747208,0.007969017,-0.024168229,-0.697087176,0.716944377,0.000091280,0.007760251
1789439767.861719608,0.012774215,0.007953264,-0.024129777,-0.697110972,0.716921696,0.000093416,0.007717900
1789439767.895052195,0.012785220,0.007956507,-0.024097658,-0.697112366,0.716920598,0.000070892,0.007694219
1789439767.928383827,0.012794993,0.007950559,-0.024068179,-0.697122420,0.716911162,0.000060355,0.007662409
1789439767.961716413,0.012808089,0.007942399,-0.024047584,-0.697132914,0.716901333,0.000063605,0.007627223
1789439767.995048523,0.012790179,0.007947669,-0.024048029,-0.697126893,0.716907442,0.000029623,0.007603580
1789439768.028379917,0.012772610,0.007939369,-0.024053463,-0.697134936,0.716900171,0.000025691,0.007551509
1789439768.061712265,0.012751992,0.007923365,-0.024058522,-0.697134381,0.716900931,0.000005754,0.007530615
1789439768.095049620,0.012730182,0.007916025,-0.024081781,-0.697141310,0.716894424,-0.000011663,0.007508527
1789439768.128386736,0.012721378,0.007898929,-0.024096056,-0.697145717,0.716890742,-0.000012260,0.007450760
1789439768.161723137,0.012714447,0.007874371,-0.024110073,-0.697126111,0.716909836,-0.000041974,0.007447816
1789439768.195060492,0.012712534,0.007862641,-0.024144082,-0.697147047,0.716889908,-0.000056268,0.007406239
1789439768.228397608,0.012722890,0.007840404,-0.024156951,-0.697136210,0.716900942,-0.000056313,0.007358029
1789439768.261735201,0.012739103,0.007813256,-0.024167857,-0.697129362,0.716907717,-0.000088510,0.007346444
1789439768.295071602,0.012771538,0.007800291,-0.024179087,-0.697156617,0.716881715,-0.000088732,0.007297298
1789439768.328408957,0.012815966,0.007778672,-0.024164100,-0.697128048,0.716909704,-0.000100379,0.007276807
1789439768.361746311,0.012867341,0.007756246,-0.024147713,-0.697146182,0.716892177,-0.000131464,0.007265652
1789439768.395082712,0.012925892,0.007752272,-0.024135655,-0.697144664,0.716894036,-0.000109615,0.007228187
1789439768.428420067,0.012949591,0.007750733,-0.024130427,-0.697118984,0.716919019,-0.000130610,0.007226720
1789439768.461757660,0.012938642,0.007767684,-0.024152371,-0.697153944,0.716885280,-0.000154570,0.007200680
1789439768.495095253,0.012875493,0.007813985,-0.024207960,-0.697127253,0.716911727,-0.000164484,0.007151376
1789439768.528431654,0.012766903,0.007865336,-0.024286704,-0.697142100,0.716897501,-0.000203536,0.007129098
1789439768.561769009,0.012658869,0.007918759,-0.024363765,-0.697151198,0.716888844,-0.000200063,0.007110033
1789439768.595106602,0.012548667,0.007958411,-0.024437793,-0.697121475,0.716917788,-0.000207447,0.007105660
1789439768.628443003,0.012436452,0.007981865,-0.024494690,-0.697146196,0.716893909,-0.000229795,0.007088793
1789439768.661780834,0.012345347,0.007980672,-0.024510928,-0.697126644,0.716913172,-0.000230840,0.007063478
1789439768.695118189,0.012262594,0.007956230,-0.024512689,-0.697112070,0.716927510,-0.000249616,0.007045898
1789439768.728455782,0.012189541,0.007921518,-0.024501728,-0.697135702,0.716904710,-0.000270862,0.007026866
1789439768.761792421,0.012122486,0.007887440,-0.024485728,-0.697121376,0.716918957,-0.000268179,0.006994547
1789439768.795129776,0.012055157,0.007864021,-0.024494582,-0.697128261,0.716912261,-0.000277585,0.006994353
1789439768.828467607,0.011986053,0.007852673,-0.024522563,-0.697136224,0.716904613,-0.000284011,0.006984310
1789439768.861805201,0.011918110,0.007852612,-0.024564239,-0.697120560,0.716920044,-0.000285104,0.006963774
1789439768.895141840,0.011855957,0.007863294,-0.024625316,-0.697144352,0.716896902,-0.000302033,0.006963664
1789439768.928479433,0.011811605,0.007865066,-0.024675273,-0.697137566,0.716903618,-0.000308608,0.006951350
1789439768.961817026,0.011793986,0.007865557,-0.024708412,-0.697131439,0.716909592,-0.000306223,0.006949895
1789439768.995154142,0.011807485,0.007866879,-0.024735565,-0.697149471,0.716892001,-0.000321864,0.006954860
1789439769.028491735,0.011851121,0.007858538,-0.024731939,-0.697128191,0.716912826,-0.000310821,0.006941775
1789439769.061829329,0.011908064,0.007856012,-0.024726709,-0.697128040,0.716913175,-0.000303693,0.006921291
1789439769.095164537,0.011966039,0.007860009,-0.024731123,-0.697157929,0.716883865,-0.000339212,0.006944820
1789439769.128498554,0.012032515,0.007856585,-0.024722918,-0.697148606,0.716893036,-0.000330495,0.006934477
1789439769.161833525,0.012101859,0.007857565,-0.024722508,-0.697154194,0.716887619,-0.000326688,0.006932908
1789439769.195168495,0.012165235,0.007871622,-0.024734870,-0.697166135,0.716876050,-0.000330818,0.006928131
1789439769.228503466,0.012224615,0.007884373,-0.024732789,-0.697151280,0.716890498,-0.000332982,0.006927936
1789439769.261837244,0.012281897,0.007900633,-0.024719634,-0.697179944,0.716862583,-0.000334764,0.006931816
1789439769.295172215,0.012334308,0.007912660,-0.024685348,-0.697167859,0.716874383,-0.000343096,0.006926633
1789439769.328506947,0.012382600,0.007924353,-0.024613323,-0.697176143,0.716866362,-0.000335814,0.006923296
1789439769.361840487,0.012429753,0.007940438,-0.024523793,-0.697192367,0.716850539,-0.000326021,0.006928327
1789439769.395175219,0.012473036,0.007955264,-0.024425796,-0.697193716,0.716849380,-0.000327664,0.006912481
1789439769.428509951,0.012513979,0.007963549,-0.024326821,-0.697188438,0.716854495,-0.000328798,0.006914250
1789439769.461844683,0.012556054,0.007968295,-0.024234573,-0.697212825,0.716831041,-0.000295515,0.006888222
1789439769.495178461,0.012580268,0.007968760,-0.024155990,-0.697192128,0.716851217,-0.000300386,0.006883261
1789439769.528513193,0.012593901,0.007965832,-0.024110991,-0.697215214,0.716828265,-0.000337320,0.006933247
1789439769.561847687,0.012614760,0.007970286,-0.024080297,-0.697229880,0.716814736,-0.000276464,0.006859452
1789439769.595182180,0.012615338,0.007976643,-0.024063797,-0.697180291,0.716863140,-0.000254577,0.006842187
1789439769.628515959,0.012589875,0.007982717,-0.024069458,-0.697189448,0.716854602,-0.000219979,0.006804745
1789439769.661850452,0.012525933,0.007989247,-0.024098294,-0.697196633,0.716847309,-0.000262154,0.006835380
1789439769.695184708,0.012441874,0.007995435,-0.024076908,-0.697250965,0.716794779,-0.000282495,0.006801228
1789439769.728518009,0.012414967,0.007933145,-0.024069165,-0.696889150,0.717146126,-0.000163458,0.006849894
1789439769.761852503,0.012453077,0.007899968,-0.024170139,-0.696793717,0.717241850,0.000303603,0.006523170
1789439769.795186758,0.012291481,0.007964605,-0.024428407,-0.697785597,0.716276724,0.000053576,0.006550726
1789439769.828521252,0.012160909,0.007971565,-0.024397766,-0.697730920,0.716321811,-0.000594406,0.007367054
1789439769.861854553,0.012327372,0.007954771,-0.024341588,-0.697248262,0.716800663,0.000271562,0.006449584
1789439769.895188808,0.012235297,0.007918601,-0.024536395,-0.697855828,0.716206719,-0.000097460,0.006720851
1789439769.928523064,0.012349109,0.008050346,-0.024893455,-0.697862211,0.716207527,-0.000498428,0.005904629
1789439769.961856127,0.012643826,0.008064823,-0.025631060,-0.699698355,0.714432628,-0.002137625,0.001914029
1789439769.995190382,0.013052613,0.008175082,-0.025260251,-0.699015559,0.715101157,-0.002413379,-0.001326373
1789439770.028524399,0.013047016,0.007867800,-0.024833366,-0.695805372,0.718221681,-0.002827707,-0.002122418
1789439770.061858654,0.012934842,0.007975537,-0.025223565,-0.699263265,0.714852925,-0.003455075,-0.002060184
1789439770.095191240,0.012989145,0.008208101,-0.024975359,-0.698470304,0.715628215,-0.003463377,-0.001870084
1789439770.128524303,0.013093473,0.008112874,-0.024660742,-0.696956804,0.717102267,-0.003327847,-0.002116177
1789439770.161857605,0.013086051,0.008088638,-0.024850926,-0.698515127,0.715583609,-0.003483459,-0.002140156
1789439770.195190907,0.013117547,0.008190207,-0.024705251,-0.697663367,0.716414270,-0.003427624,-0.002161353
1789439770.228523254,0.013138666,0.008126155,-0.024698005,-0.697705810,0.716372985,-0.003365513,-0.002241067
1789439770.261856556,0.013117749,0.008178329,-0.024731727,-0.697934560,0.716149908,-0.003448638,-0.002183091
1789439770.295189381,0.013099824,0.008183545,-0.024768021,-0.697380055,0.716690038,-0.003417286,-0.002184224
1789439770.328521729,0.013033985,0.008238283,-0.025014484,-0.698271175,0.715821623,-0.003546986,-0.002046560
1789439770.361854792,0.013190838,0.008358529,-0.025209509,-0.697266974,0.716806411,-0.002707295,0.000082000
1789439770.395187855,0.013761285,0.008441160,-0.025657400,-0.697860182,0.716229476,-0.001760755,0.001844568
1789439770.428520679,0.014648975,0.008657348,-0.026161448,-0.697699025,0.716384676,-0.001716502,0.002473883
1789439770.461852551,0.016022775,0.008896386,-0.026791131,-0.697564629,0.716514502,-0.001291846,0.002981097
1789439770.495185614,0.017908738,0.009215394,-0.027683950,-0.697707269,0.716375331,-0.001251180,0.003063720
1789439770.528518200,0.020258895,0.009604527,-0.028698557,-0.697778318,0.716309709,-0.001682783,0.001728561
1789439770.561851025,0.022799042,0.010000913,-0.029792817,-0.697839554,0.716248565,-0.002668887,-0.000909557
1789439770.595182896,0.025317577,0.010376060,-0.030919593,-0.697818777,0.716254321,-0.003956141,-0.003612583
1789439770.628515482,0.027859880,0.010739758,-0.032064849,-0.697676663,0.716379538,-0.004605483,-0.005140133
1789439770.661848068,0.030629085,0.011148181,-0.033286106,-0.697779156,0.716270437,-0.004995145,-0.005996510
1789439770.695179701,0.033708842,0.011556090,-0.034555413,-0.697689492,0.716339094,-0.005779958,-0.007366596
1789439770.728512287,0.037033580,0.012024787,-0.035817137,-0.697690717,0.716294596,-0.006843788,-0.010142825
1789439770.761844635,0.040542855,0.012493061,-0.037126318,-0.697634368,0.716291769,-0.007988331,-0.012983724
1789439770.795177221,0.044155636,0.012943514,-0.038343331,-0.697656004,0.716207699,-0.008896442,-0.015603999
1789439770.828508854,0.047849747,0.013310704,-0.039432297,-0.697321079,0.716479966,-0.009636273,-0.017518941
1789439770.861840963,0.051550996,0.013675409,-0.040512145,-0.697445015,0.716299723,-0.010511939,-0.019356059
1789439770.895173550,0.055363466,0.014019232,-0.041521770,-0.697502947,0.716170225,-0.011591289,-0.021342233
1789439770.928505898,0.059276897,0.014344040,-0.042423145,-0.697285679,0.716283063,-0.012441317,-0.024009767
1789439770.961837053,0.063103729,0.014645162,-0.043281328,-0.697030319,0.716435622,-0.013159044,-0.026373723
1789439770.995169163,0.066694951,0.014957622,-0.044178220,-0.697055373,0.716330121,-0.013994931,-0.028091048
1789439771.028501511,0.070049808,0.015271828,-0.045022123,-0.697063585,0.716255516,-0.014509292,-0.029493655
1789439771.061832428,0.072992334,0.015619055,-0.045830192,-0.696813915,0.716521275,-0.014227400,-0.029072528
1789439771.095167875,0.075732242,0.015990605,-0.046692626,-0.697063383,0.716393926,-0.013982454,-0.026208290
1789439771.128503323,0.078605398,0.016433978,-0.047491201,-0.697579590,0.715926662,-0.013971028,-0.025229762
1789439771.161838770,0.081734861,0.016828433,-0.048066799,-0.697081063,0.716304061,-0.014430219,-0.027897199
1789439771.195173025,0.084732806,0.017192790,-0.048745452,-0.696946895,0.716318892,-0.015662418,-0.030115760
1789439771.228508472,0.088015278,0.017533024,-0.049616611,-0.697054120,0.716139771,-0.016569836,-0.031381880
1789439771.261843920,0.091666658,0.017856257,-0.050689592,-0.696949871,0.716154369,-0.016950383,-0.033113173
1789439771.295178413,0.095649945,0.018221782,-0.051874925,-0.696893213,0.716119139,-0.017441386,-0.034771066
1789439771.328513622,0.099893290,0.018541171,-0.053231897,-0.697026882,0.715889057,-0.018432828,-0.036285183
1789439771.361849070,0.104523370,0.018927025,-0.054611947,-0.697030137,0.715808254,-0.018884376,-0.037562097
1789439771.395184278,0.109510401,0.019335707,-0.056010941,-0.696932538,0.715832649,-0.019029659,-0.038814025
1789439771.428518772,0.114489627,0.019790214,-0.057355486,-0.696826296,0.715822245,-0.019591682,-0.040593008
1789439771.461853981,0.119091884,0.020206804,-0.058693108,-0.696769352,0.715797988,-0.020207005,-0.041681978
1789439771.495189428,0.123356540,0.020606193,-0.059868132,-0.696870412,0.715630797,-0.020691437,-0.042615203
1789439771.528524637,0.127180281,0.020945570,-0.060919511,-0.696720437,0.715684453,-0.021393641,-0.043803071
1789439771.561859131,0.130593024,0.021233309,-0.061838985,-0.696704703,0.715637070,-0.021707582,-0.044664548
1789439771.595194340,0.133652458,0.021482395,-0.062630058,-0.696729590,0.715542735,-0.022305976,-0.045485354
1789439771.628529787,0.136601153,0.021706604,-0.063278163,-0.696501593,0.715716573,-0.022383830,-0.046198293
1789439771.661864042,0.139545556,0.021923882,-0.063971458,-0.696135467,0.716077346,-0.022464824,-0.046086631
1789439771.695199251,0.142808359,0.022220098,-0.064901269,-0.696483549,0.715756049,-0.022884541,-0.045609676
1789439771.728534460,0.146653263,0.022586601,-0.066000317,-0.696680144,0.715477914,-0.023646287,-0.046572359
1789439771.761869907,0.151068911,0.023019946,-0.067249719,-0.696472328,0.715453690,-0.024810016,-0.049363719
1789439771.795204163,0.155985528,0.023484873,-0.068539430,-0.696524550,0.715179922,-0.025682386,-0.052073472
1789439771.828539371,0.161116145,0.023888687,-0.069711563,-0.696429341,0.714991644,-0.026864541,-0.055239646
1789439771.861874580,0.166091145,0.024317768,-0.070749493,-0.696046977,0.714987276,-0.028295310,-0.059255185
1789439771.895209789,0.170957698,0.024660153,-0.071667809,-0.695661898,0.714941849,-0.029685778,-0.063493551
1789439771.928544044,0.175475817,0.024975104,-0.072555514,-0.695533111,0.714690284,-0.030451334,-0.067262217
1789439771.961879253,0.179003287,0.025252471,-0.073204574,-0.695421437,0.714562482,-0.030139877,-0.069864675
1789439771.995214462,0.180858180,0.025406805,-0.073488685,-0.695010908,0.714955819,-0.029346258,-0.070262449
1789439772.028548479,0.181077604,0.025435859,-0.073417684,-0.694666325,0.715411385,-0.029863198,-0.068799976
1789439772.061883688,0.180463943,0.025392302,-0.073417166,-0.694895559,0.715271490,-0.031361269,-0.067255694
1789439772.095220327,0.180006194,0.025370887,-0.073612442,-0.695760330,0.714442043,-0.032356739,-0.066657123
1789439772.128556728,0.180083836,0.025367315,-0.073576975,-0.695895123,0.714291473,-0.031831604,-0.067114964
1789439772.161891937,0.180387360,0.025173837,-0.073035064,-0.694357020,0.715783483,-0.031068792,-0.067506039
1789439772.195228338,0.180727988,0.024773394,-0.072423522,-0.692742578,0.717227925,-0.031279612,-0.068654283
1789439772.228564739,0.180705826,0.024521066,-0.072123248,-0.693299215,0.716445585,-0.032757050,-0.070490410
1789439772.261900902,0.180795830,0.024409949,-0.071830888,-0.693769868,0.715761790,-0.033743797,-0.072317265
1789439772.295236349,0.180953588,0.024264303,-0.071119980,-0.693095093,0.715960358,-0.035172752,-0.076044951
1789439772.328572750,0.180820600,0.023973512,-0.070165887,-0.691932318,0.716750144,-0.036414445,-0.078567718
1789439772.361909151,0.180980187,0.023740304,-0.069335406,-0.692352045,0.716394410,-0.036499519,-0.078073557
1789439772.395244598,0.181419053,0.023432576,-0.068255984,-0.693049603,0.715666160,-0.036306083,-0.078651538
1789439772.428580761,0.181711929,0.023057661,-0.066949328,-0.692579681,0.715751079,-0.037351811,-0.081477734
1789439772.461917162,0.181657046,0.022486707,-0.065417641,-0.692278052,0.716042614,-0.037821081,-0.081262778
1789439772.495253563,0.181900473,0.021859063,-0.063875543,-0.692806899,0.715751371,-0.037092930,-0.079641006
1789439772.528589010,0.182186154,0.021286575,-0.062249162,-0.693136384,0.715383133,-0.037311562,-0.079979835
1789439772.561925650,0.182337493,0.020699442,-0.060435263,-0.693096405,0.715455821,-0.037536764,-0.079569678
1789439772.595262051,0.182754409,0.020059845,-0.058470887,-0.693427736,0.715205918,-0.037231839,-0.079071235
1789439772.628597498,0.183444007,0.019403841,-0.056220055,-0.693309707,0.715128193,-0.037473812,-0.080678565
1789439772.661933899,0.184063759,0.018614841,-0.053722271,-0.692602602,0.715364617,-0.038685169,-0.084015224
1789439772.695270300,0.184342061,0.017682676,-0.050959723,-0.692642482,0.714909870,-0.040371384,-0.086720361
1789439772.728606701,0.184541611,0.016663897,-0.047994528,-0.692588000,0.715138512,-0.040182042,-0.085347377
1789439772.761942148,0.185205120,0.015513912,-0.044714424,-0.692677884,0.715465974,-0.038680676,-0.082520266
1789439772.795278549,0.186086309,0.014332463,-0.041221797,-0.692439916,0.715818686,-0.037890145,-0.081822420
1789439772.828615189,0.186774834,0.013111215,-0.037691073,-0.692011194,0.716154977,-0.037973627,-0.082465506
1789439772.861951590,0.187469880,0.011893005,-0.034152261,-0.692358066,0.715846899,-0.038044891,-0.082195569
1789439772.895287037,0.188370333,0.010692941,-0.030559327,-0.692293447,0.715846382,-0.038283446,-0.082632430
1789439772.928623438,0.189478903,0.009513599,-0.026912329,-0.691843939,0.715928601,-0.039008887,-0.085302459
1789439772.961960077,0.190377180,0.008235258,-0.023295010,-0.691275195,0.715831967,-0.040730688,-0.089800950
1789439772.995295763,0.191288851,0.007143460,-0.019463948,-0.691055768,0.715772523,-0.041518246,-0.091585234
1789439773.028632164,0.192378904,0.005443545,-0.015622348,-0.690899384,0.716145499,-0.040853965,-0.090136673
1789439773.061968565,0.193745560,0.004004655,-0.011641810,-0.691277721,0.716102359,-0.039635638,-0.088099599
1789439773.095305204,0.195113702,0.002475293,-0.007577829,-0.691166117,0.716105370,-0.039616975,-0.088955009
1789439773.128640652,0.196293264,0.000878065,-0.003272845,-0.691319002,0.715854962,-0.040120030,-0.089554980
1789439773.161977291,0.197398423,-0.000688758,0.001096516,-0.691215886,0.716109454,-0.039723187,-0.088486820
1789439773.195313931,0.198650429,-0.002314224,0.005599989,-0.691022620,0.716525164,-0.038823003,-0.087018405
1789439773.228650331,0.199857206,-0.003907517,0.009991138,-0.691146819,0.716742945,-0.037698909,-0.084701932
1789439773.261986017,0.200985729,-0.005483662,0.014338862,-0.691852012,0.716349404,-0.037027754,-0.082542537
1789439773.295322418,0.202025172,-0.007080525,0.018823402,-0.691606448,0.716883993,-0.036252670,-0.080272076
1789439773.328659296,0.203234466,-0.008732633,0.023229756,-0.691435974,0.717452752,-0.034452422,-0.077400734
1789439773.361994743,0.204588152,-0.010288104,0.027471641,-0.691878736,0.717024442,-0.033945187,-0.077636902
1789439773.395331383,0.205646060,-0.011813770,0.031787145,-0.691068343,0.717416394,-0.035118387,-0.080653344
1789439773.428667784,0.206477398,-0.013405425,0.035889475,-0.690865782,0.717468275,-0.035679864,-0.081674309
1789439773.462004423,0.207216595,-0.014852121,0.039777669,-0.692167516,0.716371650,-0.035723479,-0.080247260
1789439773.495339870,0.207983203,-0.016267510,0.043786011,-0.692434904,0.716455716,-0.034887023,-0.077511325
1789439773.528676510,0.208953071,-0.017778632,0.047862888,-0.691997888,0.717403263,-0.032583306,-0.073551404
1789439773.562012911,0.209798826,-0.019136647,0.051687704,-0.692462001,0.717111652,-0.032050531,-0.072249709
1789439773.595349550,0.210376335,-0.020517213,0.055490568,-0.693713490,0.716189539,-0.031731638,-0.069478342
1789439773.628684998,0.211433106,-0.021897106,0.059659277,-0.693244076,0.717222813,-0.029121224,-0.064467371
1789439773.662021637,0.212690937,-0.023326114,0.063623460,-0.692515939,0.718206630,-0.027326184,-0.062082123
1789439773.695358038,0.213516882,-0.024551682,0.066951282,-0.692879041,0.717855340,-0.027353542,-0.062081630
1789439773.728693962,0.214093257,-0.025546187,0.069778614,-0.693479959,0.717305549,-0.027812739,-0.061520305
1789439773.762030363,0.214779957,-0.026478721,0.072445348,-0.693531342,0.717389806,-0.027185302,-0.060225441
1789439773.795367002,0.215505601,-0.027391780,0.074972826,-0.693505909,0.717375529,-0.027210813,-0.060675165
1789439773.828703642,0.216028530,-0.028277540,0.077430959,-0.693644027,0.717023023,-0.028297054,-0.062731365
1789439773.862039089,0.216418832,-0.029070483,0.079933996,-0.693452328,0.717077252,-0.028932336,-0.063929674
1789439773.895375490,0.216776330,-0.029925307,0.082313869,-0.693213145,0.717330614,-0.028811434,-0.063735607
1789439773.928712130,0.217108866,-0.030722130,0.084525794,-0.693635135,0.717049055,-0.028397265,-0.062486377
1789439773.962047577,0.217290658,-0.031397318,0.086574347,-0.693883682,0.716933557,-0.028162380,-0.061144017
1789439773.995384216,0.217347701,-0.032017992,0.088255948,-0.693959611,0.716970968,-0.028112807,-0.059852815
1789439774.028720617,0.217389608,-0.032505836,0.089418731,-0.695082773,0.716095607,-0.027615492,-0.057483958
1789439774.062057257,0.217615080,-0.032882907,0.090685792,-0.696245425,0.715198361,-0.026721172,-0.054950808
1789439774.095392466,0.218115431,-0.033405788,0.092394939,-0.695489505,0.716081049,-0.025822510,-0.053436671
1789439774.128729105,0.218607871,-0.034074647,0.094176093,-0.695137428,0.716453316,-0.025467720,-0.053197721
1789439774.162065268,0.218778567,-0.034466294,0.095475893,-0.695499646,0.716033856,-0.026052747,-0.053823918
1789439774.195401669,0.218958012,-0.034965838,0.096856305,-0.695770725,0.715807731,-0.026087093,-0.053309049
1789439774.228736877,0.219247447,-0.035478645,0.098361147,-0.695821710,0.715819554,-0.025744304,-0.052647358
1789439774.262073278,0.219589333,-0.036012631,0.099946258,-0.695522077,0.716162637,-0.025339090,-0.052134904
1789439774.295409441,0.219892684,-0.036581303,0.101446910,-0.695719133,0.716006784,-0.025239535,-0.051692739
1789439774.328744888,0.220145178,-0.037108752,0.102947218,-0.696444149,0.715328309,-0.025398566,-0.051243245
1789439774.362081051,0.220441070,-0.037663591,0.104712513,-0.696034094,0.715821749,-0.024888571,-0.050162953
1789439774.395417452,0.220820725,-0.038296160,0.106402033,-0.695894839,0.716013120,-0.024455316,-0.049573406
1789439774.428753853,0.221038535,-0.038751722,0.107799313,-0.696162952,0.715744832,-0.024629396,-0.049597097
1789439774.462089062,0.221266660,-0.039203337,0.109051351,-0.695895430,0.716099342,-0.024020349,-0.048521196
1789439774.495425463,0.221609381,-0.039588586,0.110099357,-0.696272709,0.715796052,-0.023531424,-0.047818384
1789439774.528761864,0.221825062,-0.039891834,0.110866200,-0.695857172,0.716211100,-0.023371206,-0.047730954
1789439774.562098503,0.222046871,-0.040141461,0.111288792,-0.695946842,0.716132296,-0.023258952,-0.047660775
1789439774.595433712,0.222116649,-0.040190390,0.111242782,-0.696161893,0.715891345,-0.023510309,-0.048015269
1789439774.628770113,0.222044876,-0.040200927,0.110946274,-0.696816776,0.715250480,-0.023895033,-0.047876500
1789439774.662106514,0.221927262,-0.040102676,0.110663217,-0.697545349,0.714545725,-0.024402443,-0.047533301
1789439774.695441961,0.221959064,-0.040102084,0.110590256,-0.697293224,0.714782777,-0.024282170,-0.047729633
1789439774.728778362,0.221963720,-0.040082779,0.110575853,-0.697501097,0.714580418,-0.024361844,-0.047681711
1789439774.762114763,0.221980488,-0.040073585,0.110569333,-0.697333866,0.714738064,-0.024329317,-0.047781415
1789439774.795451164,0.221988086,-0.040070795,0.110607529,-0.697327877,0.714736543,-0.024282138,-0.047915375
1789439774.828786612,0.221977405,-0.040071531,0.110612015,-0.697314245,0.714748498,-0.024292699,-0.047930087
1789439774.862123013,0.221930627,-0.040047969,0.110515879,-0.697347988,0.714715752,-0.024235829,-0.047956254
1789439774.895459414,0.221788230,-0.040020342,0.110331484,-0.697531358,0.714627632,-0.023916431,-0.046747794
1789439774.928795815,0.221746878,-0.039995131,0.110225244,-0.697710358,0.714496057,-0.023701110,-0.046194140
1789439774.962131262,0.221713906,-0.039999078,0.110100891,-0.697597791,0.714659303,-0.023211011,-0.045614163
1789439774.995467663,0.221590720,-0.039961683,0.109923703,-0.697919825,0.714384160,-0.023102187,-0.045049747
1789439775.028804302,0.221285315,-0.039885133,0.109590314,-0.697504052,0.714835648,-0.022139086,-0.044810206
1789439775.062139750,0.220428492,-0.039662220,0.108779795,-0.697237548,0.715225407,-0.020215858,-0.043631835
1789439775.095476866,0.219041420,-0.039258994,0.107441506,-0.698190580,0.714470714,-0.020845281,-0.040335925
1789439775.128813982,0.217627706,-0.038783260,0.105846201,-0.698819152,0.713644673,-0.022433049,-0.043125763
1789439775.162150860,0.216180797,-0.038153236,0.103291365,-0.698550786,0.713611860,-0.020539603,-0.048611093
1789439775.195487022,0.214410883,-0.037658126,0.099731566,-0.701460897,0.710855892,-0.015972861,-0.048799371
1789439775.228823900,0.212727870,-0.037323669,0.095563097,-0.704443044,0.708234655,-0.009531927,-0.045528174
1789439775.262161016,0.210865436,-0.037925920,0.091365778,-0.705415839,0.707303045,-0.006192713,-0.045525231
1789439775.295497179,0.208485294,-0.039650422,0.086634041,-0.705866719,0.706798428,-0.005816687,-0.046414687
1789439775.328834295,0.205527112,-0.042429362,0.081308712,-0.707338628,0.705282583,-0.006621211,-0.046954266
1789439775.362171173,0.202125839,-0.045944710,0.075533642,-0.710730214,0.701909431,-0.005205534,-0.046460905
1789439775.395508289,0.198395959,-0.049790909,0.069490203,-0.714431392,0.698339194,-0.003133833,-0.043592839
1789439775.428844452,0.194251687,-0.053811959,0.063908716,-0.716276766,0.696696937,-0.003329128,-0.039368625
1789439775.462181330,0.189756976,-0.057954834,0.058686054,-0.716958986,0.696171411,-0.003813737,-0.036064316
1789439775.495518446,0.185416912,-0.061829611,0.053987672,-0.718277455,0.695068015,-0.002084141,-0.030880557
1789439775.528855801,0.180734370,-0.065259173,0.049538923,-0.719842394,0.693687883,-0.000057003,-0.024980898
1789439775.562191725,0.175990015,-0.068698184,0.045895858,-0.721207716,0.692391927,0.000957681,-0.021258713
1789439775.595528841,0.170914349,-0.072149533,0.042619084,-0.721815379,0.691822587,0.001838079,-0.018991807
1789439775.628865957,0.165614724,-0.075597771,0.039881907,-0.722327693,0.691343120,0.003487155,-0.016590168
1789439775.662201881,0.160126108,-0.078877604,0.037585943,-0.723141691,0.690555957,0.004938587,-0.013197561
1789439775.695538998,0.154247949,-0.081852794,0.035642222,-0.723868021,0.689858478,0.004166989,-0.009643866
1789439775.728875875,0.148308250,-0.084866593,0.034318837,-0.723108464,0.690703794,0.001034762,-0.006430254
1789439775.762213230,0.142126316,-0.087900717,0.033102185,-0.721449729,0.692437260,-0.004412339,-0.004632629
1789439775.795549393,0.136092030,-0.091043420,0.032548898,-0.719481378,0.694441463,-0.009707329,-0.001835326
1789439775.828886509,0.130094672,-0.094224680,0.032259795,-0.717488134,0.696440903,-0.013385648,0.001292760
1789439775.862223387,0.124337588,-0.097399929,0.032618773,-0.715575678,0.698363519,-0.014714307,0.004830481
1789439775.895560503,0.118772208,-0.100393504,0.033411443,-0.714305356,0.699633761,-0.013780355,0.009516366
1789439775.928896666,0.113481800,-0.103181940,0.035053397,-0.712707287,0.701197315,-0.012079731,0.014990942
1789439775.962233543,0.108438751,-0.105772572,0.037265563,-0.710691871,0.703146958,-0.010754292,0.019640917
1789439775.995570898,0.103595253,-0.108051178,0.039857629,-0.709007333,0.704703856,-0.009203595,0.024826830
1789439776.028907061,0.099117785,-0.109958307,0.042832091,-0.707067606,0.706455046,-0.007238541,0.030401851
1789439776.062244177,0.095031497,-0.111533087,0.045995964,-0.705535101,0.707833948,-0.007604423,0.033667434
1789439776.095579386,0.091356902,-0.112600499,0.049301390,-0.704823279,0.708507003,-0.009859277,0.033834403
1789439776.128914595,0.088242042,-0.113439867,0.052891309,-0.703485522,0.709857093,-0.010067827,0.033311663
1789439776.162248611,0.085731949,-0.114164778,0.056680542,-0.701345556,0.711964685,-0.008478277,0.033894194
1789439776.195583820,0.083784092,-0.114587041,0.060518486,-0.699754208,0.713488757,-0.007301789,0.034993228
1789439776.228919029,0.081995080,-0.114776824,0.064437152,-0.698713691,0.714424984,-0.006548139,0.036786450
1789439776.262254238,0.080726537,-0.114822834,0.068700110,-0.697046516,0.716038449,-0.005230650,0.037252307
1789439776.295588017,0.079638163,-0.114767896,0.073345533,-0.694934842,0.718108471,-0.003018544,0.037103599
1789439776.328923225,0.078843533,-0.114538242,0.078213032,-0.693335621,0.719656736,-0.000374603,0.037145109
1789439776.362258434,0.078456465,-0.114254795,0.083295620,-0.691270172,0.721660630,0.002130750,0.036700733
1789439776.395592451,0.077910457,-0.114080005,0.088407974,-0.688763786,0.724151610,0.002573232,0.034673796
1789439776.428927660,0.077154345,-0.113941484,0.093369857,-0.686468683,0.726429379,0.001038776,0.032558027
1789439776.462262630,0.076453837,-0.113893500,0.098283510,-0.683827422,0.728932299,-0.001442464,0.032181986
1789439776.495597601,0.075284956,-0.113751307,0.102928315,-0.681430491,0.731223041,-0.007891230,0.030051272
1789439776.528931856,0.073668143,-0.113551845,0.107306109,-0.679165912,0.733311983,-0.018252073,0.025574649
1789439776.562266827,0.071827907,-0.113328959,0.111738728,-0.676528876,0.735536968,-0.024962525,0.025902145
1789439776.595601797,0.070423540,-0.113328320,0.116360110,-0.673433236,0.738183768,-0.026577823,0.029428226
1789439776.628936052,0.069261870,-0.113180716,0.120909366,-0.671010730,0.740319116,-0.026555257,0.031097029
1789439776.662271023,0.068131335,-0.112876328,0.125181128,-0.669510321,0.741650766,-0.026053997,0.032113253
1789439776.695605993,0.067266561,-0.112328529,0.129291522,-0.668068598,0.742927393,-0.024647422,0.033700774
1789439776.728940964,0.066464299,-0.111640748,0.133156002,-0.666120751,0.744678550,-0.023187712,0.034631369
1789439776.762274981,0.066028275,-0.110663049,0.136901876,-0.664325165,0.746300902,-0.021262098,0.035425460
1789439776.795609951,0.065801980,-0.109376286,0.140448924,-0.662871923,0.747618853,-0.018082207,0.036604608
1789439776.828944921,0.065472986,-0.107898172,0.143649535,-0.661366815,0.748965123,-0.015742195,0.037381338
1789439776.862279892,0.065172817,-0.106246658,0.146388124,-0.659695997,0.750401335,-0.016597300,0.037730063
1789439776.895613670,0.064877390,-0.104516136,0.148883547,-0.658198133,0.751739196,-0.019288951,0.035935145
1789439776.928948641,0.064778882,-0.102781984,0.151360085,-0.656947384,0.752867241,-0.018841333,0.035440884
1789439776.962283611,0.064828416,-0.100997537,0.153640159,-0.656750277,0.752999845,-0.015049486,0.037997638
1789439776.995617628,0.065176016,-0.099257753,0.156037130,-0.656729116,0.753028357,-0.011093411,0.039142029
1789439777.028952360,0.065564521,-0.097775635,0.158616738,-0.655387415,0.754314358,-0.008896921,0.037390242
1789439777.062287331,0.065767789,-0.096417980,0.161290124,-0.653073673,0.756416395,-0.009084441,0.035305635
1789439777.095623016,0.066158243,-0.094957888,0.164172087,-0.650511791,0.758693041,-0.010710921,0.033234846
1789439777.128957510,0.066674416,-0.093382951,0.167109368,-0.648204267,0.760769044,-0.010607469,0.030808628
1789439777.162292957,0.067530106,-0.092177204,0.170140781,-0.645060588,0.763475551,-0.006911142,0.030889432
1789439777.195628643,0.068445297,-0.091413978,0.172596883,-0.642417137,0.765710457,-0.004444815,0.031112088
1789439777.228964090,0.068763695,-0.091114715,0.174439014,-0.641366614,0.766620368,-0.006794911,0.029931710
1789439777.262298584,0.068613690,-0.091184386,0.175748284,-0.641399253,0.766547000,-0.009767499,0.030286815
1789439777.295634031,0.068194557,-0.091494892,0.177306428,-0.641584525,0.766207208,-0.010605948,0.034399509
1789439777.328969717,0.067792013,-0.091915318,0.179179442,-0.641065002,0.766421684,-0.012457616,0.038448317
1789439777.362304211,0.067451863,-0.092328648,0.181586172,-0.638893371,0.768126772,-0.016150291,0.039187898
1789439777.395639658,0.067165155,-0.092658008,0.184545411,-0.634929561,0.771381278,-0.019480632,0.038156010
1789439777.428975105,0.066945989,-0.092718484,0.187699261,-0.630639730,0.774849589,-0.021578920,0.037894533
1789439777.462310553,0.066883268,-0.092715162,0.190276592,-0.626441864,0.778231134,-0.021291645,0.038386978
1789439777.495645285,0.067205665,-0.092959785,0.191736538,-0.627302222,0.777656347,-0.018345590,0.037496226
1789439777.528980732,0.067604035,-0.093370974,0.192256336,-0.628777152,0.776585778,-0.014995430,0.036454886
1789439777.562316179,0.068088987,-0.093578212,0.192900022,-0.628715083,0.776719710,-0.012719809,0.035525240
1789439777.595651627,0.068367821,-0.093653398,0.193360450,-0.628172488,0.777235002,-0.011890883,0.034112809
1789439777.628986120,0.068540353,-0.093610516,0.193433675,-0.628661807,0.776872652,-0.010828420,0.033704004
1789439777.662321568,0.068699816,-0.093516752,0.193323304,-0.629107214,0.776531213,-0.009968009,0.033526520
1789439777.695657015,0.068807793,-0.093395572,0.193170522,-0.628774794,0.776815217,-0.009494811,0.033320053
1789439777.728991508,0.068805989,-0.093227303,0.192832906,-0.629413517,0.776304694,-0.009479410,0.033163036
1789439777.762326956,0.068807324,-0.093018777,0.192574345,-0.630341095,0.775557812,-0.009038012,0.033143603
1789439777.795662403,0.068855695,-0.092900725,0.192559736,-0.630235116,0.775670141,-0.008498336,0.032669704
1789439777.828997850,0.068948178,-0.092869520,0.192606992,-0.630339759,0.775610805,-0.007998723,0.032182097
1789439777.862332106,0.069086209,-0.092788194,0.192707723,-0.630450966,0.775565473,-0.007094290,0.031296136
1789439777.895667553,0.069170358,-0.092737037,0.192731315,-0.630293258,0.775739344,-0.006233162,0.030331935
1789439777.929003000,0.069028321,-0.092783518,0.192471708,-0.630115352,0.775892353,-0.006912371,0.029965295
1789439777.962337494,0.068585358,-0.092847921,0.192020161,-0.629963396,0.776005348,-0.008544754,0.029812878
1789439777.995672941,0.067971354,-0.092821291,0.191504016,-0.629636256,0.776233838,-0.009941886,0.030337664
1789439778.029008150,0.067239515,-0.092719976,0.190894506,-0.629600436,0.776226715,-0.011832657,0.030583749
1789439778.062343597,0.066425283,-0.092499804,0.190303940,-0.629320551,0.776428699,-0.012593989,0.030911334
1789439778.095677853,0.065624897,-0.092159938,0.189629093,-0.628839741,0.776760892,-0.012143144,0.032490610
1789439778.129012823,0.064964613,-0.091809612,0.188788263,-0.628318968,0.777128446,-0.012509731,0.033617850
1789439778.162348032,0.064225274,-0.091509965,0.187703456,-0.627517550,0.777773105,-0.012817478,0.033562391
1789439778.195683241,0.063392120,-0.091266495,0.186025724,-0.626846372,0.778272974,-0.013235952,0.034345497
1789439778.229017258,0.062405666,-0.091117150,0.183387352,-0.626977677,0.778124149,-0.016089193,0.034101895
1789439778.262352467,0.061168662,-0.091022112,0.179830201,-0.628444305,0.776929898,-0.017171967,0.033805499
1789439778.295687675,0.059814901,-0.090912579,0.175580001,-0.631538239,0.774388180,-0.015634017,0.035184902
1789439778.329021692,0.058341771,-0.090857094,0.170767177,-0.634195213,0.772127972,-0.014627551,0.037428089
1789439778.362356901,0.056403154,-0.091055321,0.164951702,-0.637281453,0.769432140,-0.016430574,0.039706020
1789439778.395692110,0.054019145,-0.091259602,0.157803994,-0.643835443,0.763760990,-0.019575154,0.041974825
1789439778.429027081,0.051459654,-0.091399034,0.150015046,-0.651629758,0.756938917,-0.020689246,0.044655241
1789439778.462361336,0.049148556,-0.091634264,0.142258715,-0.657935964,0.751313957,-0.019050993,0.047798174
1789439778.495696306,0.046934801,-0.091978235,0.134607187,-0.662787048,0.746932200,-0.017296675,0.050064379
1789439778.529031515,0.044759623,-0.092210713,0.126821772,-0.667505232,0.742702518,-0.015840956,0.050781874
1789439778.562366486,0.042946391,-0.092175529,0.118984270,-0.671103835,0.739330987,-0.010136521,0.053912756
1789439778.595700741,0.041613907,-0.091904424,0.110916046,-0.674434207,0.736220953,-0.003389264,0.055728997
1789439778.629035711,0.040332664,-0.091376745,0.102633277,-0.678071101,0.733064351,0.000209168,0.053255947
1789439778.662370682,0.038899575,-0.090802986,0.094528283,-0.680914427,0.730583629,0.001503752,0.050998460
1789439778.695704937,0.037400147,-0.090333769,0.086820533,-0.683199775,0.728470108,0.002701053,0.050616928
1789439778.729039907,0.035747414,-0.089955477,0.079393361,-0.685582760,0.726233524,0.003029789,0.050517001
1789439778.762374640,0.033803413,-0.089864640,0.072464420,-0.687974862,0.724050658,0.000396870,0.049407254
1789439778.795709610,0.031511675,-0.090037044,0.066014080,-0.689746313,0.722429245,-0.003288079,0.048323887
1789439778.829043627,0.029224956,-0.090285319,0.060160142,-0.691174724,0.721014697,-0.004514629,0.048937966
1789439778.862378836,0.026753185,-0.090876906,0.054737260,-0.692504830,0.719672282,-0.005420843,0.049794388
1789439778.895713806,0.023943622,-0.091430094,0.049383345,-0.693973926,0.718219745,-0.008273014,0.049921384
1789439778.929048777,0.020799630,-0.092240195,0.044252631,-0.696212421,0.715912516,-0.009773896,0.051594627
1789439778.962382793,0.017528936,-0.093116732,0.039748316,-0.697663109,0.714264645,-0.009439387,0.054800558
1789439778.995717764,0.013809862,-0.094199389,0.035543613,-0.698017868,0.713685641,-0.012661423,0.057127484
1789439779.029052734,0.009592256,-0.095360801,0.031931188,-0.697303455,0.714147552,-0.017974148,0.058635286
1789439779.062386751,0.005080615,-0.096623827,0.028666301,-0.695876307,0.715084511,-0.021083944,0.062974406
1789439779.095721722,0.000589567,-0.098018020,0.025786079,-0.693376785,0.716848015,-0.021054361,0.070101870
1789439779.129056692,-0.003819004,-0.099465718,0.023192609,-0.691778670,0.717940573,-0.020316852,0.074771866
1789439779.162391663,-0.008177830,-0.100873160,0.020641359,-0.692334087,0.717186161,-0.019438212,0.077069305
1789439779.195725441,-0.012302376,-0.102405686,0.018453952,-0.692904743,0.716205195,-0.014836499,0.081932985
1789439779.229060411,-0.016160709,-0.104182360,0.016787005,-0.693003704,0.715686551,-0.009960674,0.086252026
1789439779.262395382,-0.019860948,-0.106090417,0.015352275,-0.693168212,0.715293802,-0.008040626,0.088362633
1789439779.295729160,-0.023497933,-0.107907886,0.014288566,-0.693623224,0.714670096,-0.008335099,0.089799793
1789439779.329064131,-0.026916682,-0.109685607,0.013716032,-0.693526893,0.714498593,-0.007545138,0.091952598
1789439779.362398863,-0.029710199,-0.111502975,0.014015251,-0.692221038,0.715407429,-0.004434106,0.094881946
1789439779.395733833,-0.032398039,-0.113203495,0.014668044,-0.690455034,0.716792856,-0.001218831,0.097356874
1789439779.429067612,-0.034778115,-0.114641442,0.015907872,-0.689241488,0.717754727,0.001582830,0.098852505
1789439779.462402582,-0.037143301,-0.116005748,0.017424124,-0.687579167,0.718953547,0.005298281,0.101551047
1789439779.495737314,-0.039095594,-0.117306381,0.019541325,-0.685575758,0.720520310,0.008023436,0.103788188
1789439779.529072285,-0.041338666,-0.118410416,0.021439391,-0.684684895,0.721194029,0.008243798,0.104965739
1789439779.562406063,-0.043090171,-0.119438517,0.023705662,-0.684296751,0.721178404,0.009385459,0.107478272
1789439779.595741034,-0.044924575,-0.120393029,0.026177798,-0.684273747,0.720663897,0.011904880,0.110775722
1789439779.629075766,-0.046459140,-0.121423039,0.029233817,-0.684828837,0.719793816,0.013749950,0.112770853
1789439779.662409306,-0.047529067,-0.122790720,0.032886189,-0.684822368,0.719464649,0.016965790,0.114460059
1789439779.695744276,-0.048338925,-0.124385795,0.036973062,-0.683064432,0.720412363,0.024378773,0.117620938
1789439779.729079008,-0.048552987,-0.126224909,0.041369589,-0.679859998,0.722566223,0.031925014,0.121116601
1789439779.762413740,-0.048744454,-0.128132145,0.045305003,-0.677562042,0.724685050,0.032814426,0.121096946
1789439779.795747519,-0.049342426,-0.130170755,0.048522669,-0.676973656,0.725296775,0.031713050,0.121018755
1789439779.829082251,-0.049928194,-0.132111111,0.051587426,-0.677337131,0.724356977,0.034525322,0.123811884
1789439779.862416983,-0.050322735,-0.133869773,0.054894977,-0.677999307,0.722964081,0.039688857,0.126746485
1789439779.895751715,-0.050625647,-0.135368723,0.058394465,-0.678434870,0.722202223,0.043178832,0.127615299
1789439779.929085493,-0.051217965,-0.136590376,0.061861325,-0.678011931,0.722388997,0.045621854,0.127955480
1789439779.962420225,-0.051906827,-0.137570967,0.065346533,-0.677800897,0.722290916,0.047555931,0.128919393
1789439779.995754957,-0.052709588,-0.138223440,0.068787535,-0.677567386,0.722436632,0.047916159,0.129196717
1789439780.029088497,-0.053716116,-0.138850195,0.072413629,-0.676591536,0.723256007,0.047894424,0.129733439
1789439780.062422991,-0.054788003,-0.139424209,0.076120982,-0.675676843,0.724043005,0.047917951,0.130101503
1789439780.095756292,-0.056078099,-0.139876439,0.079827604,-0.674434324,0.725200054,0.047164003,0.130379372
1789439780.129089355,-0.057687472,-0.140122504,0.083570169,-0.673015834,0.726424860,0.045463802,0.131490122
1789439780.162421703,-0.059346397,-0.140284295,0.087543400,-0.670879745,0.728454008,0.042545882,0.132155113
1789439780.195754528,-0.061346271,-0.140238070,0.091109989,-0.669503339,0.730534655,0.036998305,0.129288524
1789439780.229087830,-0.063329821,-0.140236609,0.094760989,-0.668008564,0.731578220,0.037007342,0.131104244
1789439780.262421131,-0.064726458,-0.140090081,0.098529246,-0.666270359,0.732157237,0.040300797,0.135666628
1789439780.295753241,-0.066090434,-0.139887188,0.102118981,-0.665181664,0.733215284,0.038599603,0.135789438
1789439780.329086542,-0.067726342,-0.139601325,0.105372416,-0.663976215,0.734435279,0.036493225,0.135678488
1789439780.362419367,-0.069242463,-0.139309439,0.108962738,-0.662201642,0.735564525,0.037308850,0.137992262
1789439780.395751715,-0.070535141,-0.139031482,0.112758351,-0.660388540,0.736922505,0.038199645,0.139186869
1789439780.429084778,-0.071719074,-0.138813884,0.116506216,-0.658722478,0.738375815,0.039148021,0.139116087
1789439780.462418079,-0.072857040,-0.138597864,0.119963068,-0.657551675,0.739112233,0.041677654,0.140006700
1789439780.495751143,-0.073674564,-0.138439541,0.123315773,-0.656644568,0.739664201,0.044491603,0.140482303
1789439780.529083252,-0.074491853,-0.138359129,0.126295477,-0.656413233,0.739896131,0.045802733,0.139919590
1789439780.562416553,-0.075394317,-0.138250269,0.129030106,-0.656136284,0.739905055,0.047176279,0.140712771
1789439780.595749855,-0.076222364,-0.138237500,0.131861905,-0.654985366,0.740684967,0.047842152,0.141743003
1789439780.629081726,-0.077174421,-0.138261440,0.134517447,-0.654461643,0.741388831,0.046384558,0.140964649
1789439780.662415028,-0.077978562,-0.138178043,0.137010183,-0.653971502,0.741611876,0.046540346,0.142010901
1789439780.695748329,-0.078454707,-0.138102716,0.139494380,-0.653358502,0.742180529,0.046155257,0.141987403
1789439780.729081392,-0.078851167,-0.138011299,0.141801029,-0.653271329,0.742524346,0.045659960,0.140745634
1789439780.762413502,-0.079080024,-0.137804551,0.144069241,-0.652731012,0.742671776,0.047480379,0.141867800
1789439780.795746803,-0.078974051,-0.137470888,0.146371161,-0.652269730,0.743040301,0.047789778,0.141955793
1789439780.829079866,-0.078852170,-0.137150329,0.148713447,-0.651607639,0.743882687,0.047642492,0.140627968
1789439780.862413168,-0.078373331,-0.136565911,0.150750732,-0.650780881,0.744516979,0.049459163,0.140472435
1789439780.895745277,-0.078192594,-0.136494737,0.153538548,-0.649959910,0.745183716,0.050590195,0.140335232
1789439780.929078579,-0.077898948,-0.136183979,0.155922537,-0.649231283,0.745826341,0.051507136,0.139960088
1789439780.962411642,-0.077709773,-0.135853743,0.158184943,-0.648462506,0.746320499,0.052927664,0.140359374
1789439780.995743990,-0.077629585,-0.135513061,0.160395849,-0.647686789,0.746738494,0.053540307,0.141481023
1789439781.029077053,-0.077771897,-0.135183234,0.162626241,-0.647192997,0.747099238,0.053452105,0.141869043
1789439781.062410355,-0.078035298,-0.134715172,0.164617925,-0.646018748,0.747682320,0.054764642,0.143637602
1789439781.095747471,-0.078425611,-0.134198037,0.166973105,-0.644298503,0.748627459,0.055294660,0.146215140
1789439781.129083872,-0.079007492,-0.133781113,0.169063804,-0.643407349,0.749303050,0.053212996,0.147445924
1789439781.162421227,-0.079609064,-0.133472976,0.170977751,-0.642542028,0.749779330,0.052979548,0.148875341
1789439781.195758581,-0.080030361,-0.133215583,0.172768414,-0.641275926,0.750523306,0.053554790,0.150372335
1789439781.229095936,-0.080498366,-0.132950132,0.174193314,-0.640829438,0.751027154,0.052327617,0.150192099
1789439781.262432098,-0.080906240,-0.132553847,0.175383882,-0.640405070,0.751369107,0.052349222,0.150284298
1789439781.295769453,-0.081197843,-0.132008316,0.176496516,-0.639593682,0.751692667,0.053928753,0.151557729
1789439781.329107046,-0.081396390,-0.131358239,0.177496577,-0.638709804,0.752341037,0.053478974,0.152225981
1789439781.362443447,-0.081633982,-0.130665739,0.178303132,-0.637765772,0.753393344,0.051796773,0.151559836
1789439781.395780802,-0.081845034,-0.129925211,0.178962446,-0.636828131,0.754323472,0.051083056,0.151117677
1789439781.429118156,-0.081989299,-0.129402713,0.179768061,-0.635801236,0.755212615,0.050609301,0.151160156
1789439781.462455511,-0.081980409,-0.129042658,0.180153580,-0.634628145,0.756251992,0.050755377,0.150844073
1789439781.495791912,-0.081942229,-0.128851614,0.180175522,-0.634371071,0.756386122,0.051331375,0.151057831
1789439781.529129744,-0.081851857,-0.128720311,0.180013948,-0.634782739,0.755972661,0.051038745,0.151496723
1789439781.562467098,-0.081706277,-0.128740310,0.179879532,-0.635049664,0.755852918,0.051082989,0.150959658
1789439781.595804691,-0.081540597,-0.128760980,0.179856592,-0.634666926,0.756150496,0.052603078,0.150556426
1789439781.629141092,-0.081324270,-0.128612857,0.179971753,-0.634266160,0.756321152,0.053453627,0.151087602
1789439781.662478447,-0.081112889,-0.128399362,0.180176503,-0.633784522,0.756877576,0.052972831,0.150490510
1789439781.695816278,-0.080949894,-0.128304549,0.180395356,-0.633001313,0.757657768,0.053872295,0.149538692
1789439781.729152918,-0.080805372,-0.128153191,0.180480329,-0.633055097,0.757579775,0.054873682,0.149341917
1789439781.762490273,-0.080712967,-0.127791557,0.180364801,-0.633332845,0.757405113,0.054317518,0.149253504
1789439781.795827866,-0.080669063,-0.127275767,0.180150890,-0.633181884,0.757516552,0.053650418,0.149569408
1789439781.829165459,-0.080536164,-0.126872660,0.180066242,-0.632147698,0.758331177,0.053863008,0.149739409
1789439781.862502098,-0.080218193,-0.126818594,0.180045211,-0.630878888,0.759447320,0.055216529,0.148938684
1789439781.895839930,-0.079876305,-0.127069789,0.179708416,-0.630537922,0.759905949,0.056990468,0.147366766
1789439781.929177523,-0.079454990,-0.127474861,0.179142690,-0.631273178,0.759353425,0.058688341,0.146397505
1789439781.962514162,-0.079024637,-0.127945998,0.178397843,-0.632569010,0.758241139,0.059996353,0.146038555
1789439781.995851755,-0.078599366,-0.128352318,0.177762536,-0.633727830,0.757267438,0.060242062,0.145965607
1789439782.029189348,-0.078209381,-0.128611791,0.177363552,-0.634450348,0.756758269,0.059503574,0.145770376
1789439782.062527180,-0.077810922,-0.128667899,0.177166559,-0.634641144,0.756653863,0.058805511,0.145765091
1789439782.095863342,-0.077337121,-0.128451416,0.177151436,-0.634653203,0.756695638,0.058562185,0.145593595
1789439782.129200220,-0.076771546,-0.127981494,0.177308668,-0.634034627,0.757150779,0.059571842,0.145512835
1789439782.162537336,-0.076142672,-0.127418960,0.177252213,-0.634260750,0.756573535,0.061259831,0.146823091
1789439782.195874214,-0.075372034,-0.126823637,0.176922718,-0.636038840,0.754634795,0.063100093,0.148321607
1789439782.229210377,-0.074525937,-0.126275209,0.176826655,-0.637355591,0.753242838,0.065190614,0.148839719
1789439782.262547493,-0.073681405,-0.125839781,0.177308891,-0.636996528,0.753538223,0.066358696,0.148364729
1789439782.295884609,-0.072929920,-0.125342449,0.178328462,-0.634955064,0.755764394,0.065317808,0.146238953
1789439782.329220772,-0.072333779,-0.124819950,0.179314483,-0.632370373,0.758362160,0.064731700,0.144237141
1789439782.362557888,-0.071792497,-0.124339937,0.179728273,-0.631565182,0.759082501,0.065701371,0.143535735
1789439782.395894766,-0.071223613,-0.123926458,0.179603826,-0.632334754,0.758279920,0.067363883,0.143619044
1789439782.429231882,-0.070759636,-0.123697814,0.179204675,-0.633355606,0.757394590,0.068031929,0.143477412
1789439782.462568045,-0.070494815,-0.123658434,0.178686304,-0.634396522,0.756707535,0.067251293,0.142870651
1789439782.495905161,-0.070387023,-0.123734913,0.178337419,-0.634937966,0.756373898,0.066447174,0.142608131
1789439782.529242277,-0.070414616,-0.124000348,0.178262334,-0.634367059,0.757064551,0.065909438,0.141730895
1789439782.562579393,-0.070708422,-0.124463354,0.178130040,-0.633716009,0.757798687,0.065443673,0.140933658
1789439782.595915556,-0.071141705,-0.124874323,0.177825556,-0.633644636,0.757802544,0.065320522,0.141290511
1789439782.629252672,-0.071491887,-0.125197958,0.177533978,-0.633789148,0.757670991,0.065239810,0.141385117
1789439782.662589788,-0.071760347,-0.125453686,0.177290360,-0.634340246,0.757175173,0.065905168,0.141261171
1789439782.695925951,-0.071909133,-0.125618478,0.177270078,-0.634684273,0.756624777,0.067270397,0.142019419
1789439782.729263067,-0.071931372,-0.125707496,0.177449929,-0.634441956,0.756799386,0.066752731,0.142415473
1789439782.762600183,-0.071978846,-0.125795954,0.177451548,-0.634661282,0.756908298,0.064188086,0.142037933
1789439782.795937300,-0.071995713,-0.125717724,0.177383223,-0.635389119,0.756310497,0.063424742,0.142310934
1789439782.829273462,-0.071689079,-0.125402008,0.177772529,-0.635165226,0.756336818,0.064482144,0.142694800
1789439782.862610579,-0.071213544,-0.125008233,0.178567396,-0.633844091,0.757731337,0.065114124,0.140872427
1789439782.895947695,-0.070870105,-0.124785690,0.179356112,-0.631988736,0.759451807,0.066937227,0.139077668
1789439782.929284811,-0.070668912,-0.124699759,0.179655517,-0.631254251,0.760019122,0.069102105,0.138253043
1789439782.962621212,-0.070628731,-0.124659949,0.179331224,-0.632275820,0.759080081,0.069785477,0.138400529
1789439782.995958328,-0.070715022,-0.124704178,0.178833002,-0.633486120,0.757942586,0.069638307,0.139172117
1789439783.029295444,-0.070843895,-0.124906801,0.178547310,-0.633670183,0.757768433,0.069094035,0.139553272
1789439783.062631607,-0.071003716,-0.125125399,0.178399522,-0.633435108,0.758080472,0.067975602,0.139475013
1789439783.095969200,-0.071151299,-0.125267263,0.178253526,-0.633237111,0.758266675,0.067449195,0.139617391
1789439783.129306793,-0.071131519,-0.125371774,0.178089793,-0.632701929,0.758614193,0.068253818,0.139764771
1789439783.162644863,-0.070909261,-0.125492725,0.177634273,-0.632230233,0.759159916,0.068398262,0.138862640
1789439783.195981503,-0.070583751,-0.125640013,0.176522428,-0.632688521,0.759146597,0.067713664,0.137173388
1789439783.229319096,-0.070048674,-0.125740765,0.174666215,-0.633670170,0.758648352,0.067287947,0.135599142
1789439783.262656689,-0.069189771,-0.125994850,0.171828524,-0.635153981,0.757918816,0.065870289,0.133415120
1789439783.295993328,-0.068050223,-0.126527190,0.167529408,-0.639462911,0.755044076,0.062885484,0.130541353
1789439783.329331160,-0.066603471,-0.127033290,0.162027464,-0.646544315,0.750348439,0.058168786,0.124796081
1789439783.362668991,-0.065235306,-0.127584336,0.155743170,-0.654352530,0.745418209,0.053698127,0.115286477
1789439783.396006584,-0.063381109,-0.128170000,0.149883465,-0.658903789,0.741336920,0.058292204,0.113434508
1789439783.429343462,-0.061063755,-0.128662599,0.144567563,-0.661377428,0.739221177,0.062474658,0.110584205
1789439783.462681055,-0.058768208,-0.128910026,0.139076340,-0.662947798,0.739033749,0.060891966,0.103060683
1789439783.496018887,-0.056594630,-0.128523042,0.132871713,-0.664307968,0.738825464,0.057393502,0.097661877
1789439783.529356718,-0.054208343,-0.127424150,0.126144230,-0.666094759,0.737868805,0.051589388,0.095947555
1789439783.562693357,-0.051610394,-0.125988961,0.118992994,-0.667535509,0.737612139,0.044595809,0.091301100
1789439783.596031189,-0.048799527,-0.124766322,0.111516162,-0.670371365,0.735800742,0.041097753,0.086663001
1789439783.629369259,-0.045679802,-0.123485893,0.103975957,-0.674403505,0.732430707,0.040551346,0.084147252
1789439783.662705898,-0.042315069,-0.122405528,0.096513875,-0.677434040,0.730227551,0.038859613,0.079628988
1789439783.696043730,-0.039091542,-0.121447146,0.089029499,-0.679627596,0.728883936,0.036053673,0.074395369
1789439783.729381561,-0.035813863,-0.120553937,0.081387644,-0.682731074,0.726370366,0.033294837,0.071804077
1789439783.762719393,-0.032467337,-0.119749787,0.073847558,-0.685556920,0.724212487,0.030304749,0.067894079
1789439783.796056271,-0.029037408,-0.118963512,0.066451567,-0.687060201,0.723369410,0.028217903,0.062359655
1789439783.829394102,-0.025590306,-0.118274297,0.059177556,-0.688885281,0.722073617,0.026564731,0.057802038
1789439783.862731934,-0.022333555,-0.117436018,0.051884798,-0.690891452,0.720524142,0.026179701,0.053184444
1789439783.896069765,-0.019212642,-0.116179489,0.043947674,-0.692339242,0.719336738,0.026957549,0.049943186
1789439783.929406643,-0.016603966,-0.115017429,0.036881409,-0.694532654,0.717414346,0.024079861,0.048592272
1789439783.962744713,-0.014440931,-0.113973623,0.030588091,-0.695780136,0.716564608,0.019066959,0.045405018
1789439783.996082544,-0.012401529,-0.113011245,0.023950614,-0.696406305,0.716254220,0.015796809,0.041816403
1789439784.029419422,-0.010464685,-0.112036466,0.017671454,-0.697122498,0.715758938,0.012635687,0.039366303
1789439784.062757492,-0.008673219,-0.110903333,0.011482856,-0.697368036,0.715792307,0.008360707,0.035345357
1789439784.096094608,-0.007067548,-0.109613466,0.005709912,-0.697746018,0.715569712,0.006806530,0.032621340
1789439784.129431963,-0.005504802,-0.107599216,0.000280815,-0.699193328,0.713993541,0.008530236,0.035625099
1789439784.162768126,-0.003734711,-0.105090022,-0.004735013,-0.700567540,0.712594145,0.008620293,0.036611431
1789439784.196105242,-0.002000250,-0.102416997,-0.009152467,-0.700951385,0.712383922,0.007127560,0.033548492
1789439784.229442358,-0.000193979,-0.099669000,-0.013379617,-0.700963620,0.712405971,0.005827254,0.033072312
1789439784.262779713,0.001924457,-0.096889319,-0.017482627,-0.701277909,0.712147569,0.003181955,0.032326610
1789439784.296115875,0.004293185,-0.094210162,-0.021247516,-0.700669841,0.712860422,-0.000138387,0.029862586
1789439784.329453230,0.006727601,-0.091732389,-0.025239450,-0.700186617,0.713411385,-0.004991524,0.027531480
1789439784.362790585,0.009468642,-0.089284378,-0.029134312,-0.700216500,0.713383127,-0.010545355,0.025887489
1789439784.396126747,0.012446153,-0.087006833,-0.033176535,-0.700566493,0.713051145,-0.014636217,0.023461356
1789439784.429464102,0.015853910,-0.084694377,-0.037459804,-0.702058530,0.711564262,-0.018388772,0.021259689
1789439784.462801218,0.019410431,-0.082596460,-0.041580435,-0.703754335,0.709834821,-0.023093194,0.018195231
1789439784.496138573,0.023153935,-0.080863667,-0.045264148,-0.704660358,0.708875902,-0.027261986,0.014335945
1789439784.529474735,0.026887460,-0.079415812,-0.048669845,-0.705008633,0.708393486,-0.032039988,0.010720769
1789439784.562812328,0.030534935,-0.078431190,-0.051334898,-0.704828226,0.708401762,-0.036738832,0.005862864
1789439784.596149445,0.034084276,-0.077545457,-0.054048900,-0.704451414,0.708642791,-0.039651257,0.001174074
1789439784.629485846,0.037686413,-0.076585905,-0.056942928,-0.705139847,0.707925768,-0.040150152,-0.002620801
1789439784.662823200,0.040963669,-0.075527664,-0.059720944,-0.706447750,0.706627494,-0.039801405,-0.005000912
1789439784.696160555,0.044106413,-0.074501445,-0.062166937,-0.707187504,0.705749893,-0.041730765,-0.007839937
1789439784.729497910,0.047143114,-0.073319056,-0.064548933,-0.706988988,0.705673820,-0.045455892,-0.011171117
1789439784.762834311,0.050089505,-0.072392011,-0.066249136,-0.706077981,0.706295900,-0.048909794,-0.014415922
1789439784.796171665,0.053219040,-0.071038688,-0.068511661,-0.705648332,0.706476658,-0.051593129,-0.017009177
1789439784.829509020,0.056566528,-0.069597122,-0.070850580,-0.705334780,0.706506601,-0.054320215,-0.020014641
1789439784.862846375,0.059849657,-0.068054848,-0.073102862,-0.705356509,0.706261094,-0.055773574,-0.023595993
1789439784.896182775,0.063328422,-0.066377293,-0.075316302,-0.706424065,0.705190247,-0.054897993,-0.025650843
1789439784.929520369,0.066854868,-0.064622051,-0.076920385,-0.707833798,0.703860805,-0.052669958,-0.027877533
1789439784.962857723,0.070186712,-0.063092997,-0.077744808,-0.708959265,0.702879030,-0.048809021,-0.030911308
1789439784.996194124,0.073260636,-0.061791675,-0.077831543,-0.709555799,0.702505170,-0.043593603,-0.033416346
1789439785.029531479,0.075720115,-0.060791048,-0.077317377,-0.709048599,0.703114382,-0.039848443,-0.035949298
1789439785.062868834,0.077205668,-0.060075624,-0.076464917,-0.707862279,0.704265627,-0.039177352,-0.037497425
1789439785.096207857,0.077930970,-0.059739665,-0.075538718,-0.706976222,0.705112487,-0.040426971,-0.036968396
1789439785.129545450,0.078049590,-0.059850282,-0.074305493,-0.706318445,0.705732865,-0.042600596,-0.035221683
1789439785.162884235,0.077933187,-0.060621128,-0.072484740,-0.705027907,0.706914898,-0.045448212,-0.033785158
1789439785.196223259,0.077679895,-0.062352712,-0.069923315,-0.702049690,0.709646483,-0.047689597,-0.035409102
1789439785.229562044,0.076936973,-0.064835106,-0.066817475,-0.698679723,0.712719752,-0.049303134,-0.038031564
1789439785.262899876,0.075864761,-0.067621110,-0.063944730,-0.695272437,0.715838543,-0.052241498,-0.037976884
1789439785.296238661,0.074725099,-0.070456148,-0.061504817,-0.693076831,0.717540344,-0.057949103,-0.037712897
1789439785.329577923,0.073603834,-0.073281689,-0.059181361,-0.691067246,0.718788712,-0.065277539,-0.038829016
1789439785.362915754,0.072675432,-0.076261966,-0.057045590,-0.688465885,0.720562087,-0.072591618,-0.039184959
1789439785.396254539,0.072191484,-0.079208273,-0.055234684,-0.686184225,0.721704941,-0.080872507,-0.041866747
1789439785.429593563,0.072060985,-0.081885650,-0.053752590,-0.684883373,0.721551152,-0.089089809,-0.048597383
1789439785.462932587,0.072413868,-0.084375582,-0.052285533,-0.682949705,0.722140548,-0.095123580,-0.055174577
1789439785.496270418,0.073718743,-0.086820268,-0.050835455,-0.680344583,0.723350201,-0.099219971,-0.063648508
1789439785.529609680,0.075490092,-0.089057900,-0.049762453,-0.678841170,0.723830724,-0.100810245,-0.071281441
1789439785.562948704,0.077990612,-0.091050503,-0.049229328,-0.678922450,0.723049840,-0.100770479,-0.078157189
1789439785.596287727,0.080481864,-0.092611861,-0.049272953,-0.679615402,0.721390300,-0.102152369,-0.085345378
1789439785.629625797,0.083214745,-0.094096925,-0.049510109,-0.679947191,0.719605247,-0.106006078,-0.092751381
1789439785.662964821,0.086167258,-0.095396195,-0.049682774,-0.679163277,0.718158373,-0.111824829,-0.102376766
1789439785.696303844,0.089395834,-0.096603800,-0.049642925,-0.677797252,0.717015413,-0.117085012,-0.113008327
1789439785.729642153,0.092897238,-0.097403914,-0.049751173,-0.676105120,0.716357228,-0.120738897,-0.123029701
1789439785.762981176,0.096715259,-0.097809506,-0.049819940,-0.673436528,0.716545461,-0.123097276,-0.133764367
1789439785.796320438,0.101018808,-0.097892274,-0.049609435,-0.669594680,0.717358413,-0.123878043,-0.147289180
1789439785.829659700,0.105679354,-0.097799044,-0.049229543,-0.664997755,0.719351523,-0.121912975,-0.159526168
1789439785.862997770,0.110764860,-0.097447377,-0.048918735,-0.661527914,0.721065215,-0.117848384,-0.168989741
1789439785.896337271,0.116007386,-0.096644736,-0.048859524,-0.658961313,0.722007689,-0.113266478,-0.177892072
1789439785.929676294,0.120930124,-0.095625809,-0.048926848,-0.656370332,0.722648243,-0.109555877,-0.186962601
1789439785.963014603,0.125830733,-0.094570127,-0.048845714,-0.652799971,0.724254083,-0.105399749,-0.195445936
1789439785.996353865,0.130692758,-0.093399528,-0.048571627,-0.648463032,0.726317394,-0.102663896,-0.203516249
1789439786.029693127,0.135542662,-0.092089673,-0.048137054,-0.642591296,0.728745135,-0.103184216,-0.212978806
1789439786.063032389,0.140425959,-0.090801850,-0.047640787,-0.636270122,0.730948241,-0.103589439,-0.223929072
1789439786.096368551,0.145449250,-0.089517493,-0.047219182,-0.631426677,0.732940060,-0.100602415,-0.232332466
1789439786.129705906,0.150397863,-0.088269030,-0.047043437,-0.629661004,0.734001317,-0.094988975,-0.236106292
1789439786.163043022,0.154885110,-0.087119680,-0.046742952,-0.630061923,0.733627713,-0.090323717,-0.238020962
1789439786.196380138,0.158955423,-0.085934002,-0.047300435,-0.630777090,0.732194878,-0.088436101,-0.241225993
1789439786.229716539,0.162581420,-0.085411527,-0.047119703,-0.629894788,0.731839457,-0.088149692,-0.244690002
1789439786.263053656,0.166254462,-0.085234280,-0.046455540,-0.628311966,0.732885079,-0.087513967,-0.245855323
1789439786.296390772,0.169876800,-0.085238932,-0.045436077,-0.626307556,0.734870665,-0.086273502,-0.245480823
1789439786.329726934,0.173482784,-0.084844627,-0.044444247,-0.623772610,0.737138360,-0.084433145,-0.245775942
1789439786.363064289,0.176886741,-0.084056471,-0.043668681,-0.622392124,0.738765986,-0.082235125,-0.245133120
1789439786.396401644,0.180280979,-0.083366497,-0.043201337,-0.620479546,0.740329589,-0.077276881,-0.246871458
1789439786.429738760,0.182967271,-0.083314321,-0.043073915,-0.620576634,0.739213722,-0.071616458,-0.251632267
1789439786.463074923,0.186435838,-0.082687997,-0.043071166,-0.620489490,0.738460432,-0.065408018,-0.255716199
1789439786.496412039,0.189729647,-0.082081501,-0.043194320,-0.620490837,0.737337416,-0.060559692,-0.260109938
1789439786.529749393,0.192996412,-0.081341832,-0.043295078,-0.620477307,0.735850191,-0.057542967,-0.264992858
1789439786.563086748,0.196192929,-0.080745537,-0.043159503,-0.619428610,0.734593116,-0.055194404,-0.271357198
1789439786.596422911,0.199187340,-0.080131162,-0.042681872,-0.616205005,0.734449671,-0.053445056,-0.279318275
1789439786.629760265,0.202163492,-0.079619109,-0.042048118,-0.612162658,0.734561036,-0.053420766,-0.287790178
1789439786.663097382,0.204485617,-0.079095391,-0.041215533,-0.608026022,0.734198235,-0.056245972,-0.296805828
1789439786.696433544,0.206300975,-0.078266638,-0.041095052,-0.605029489,0.731889486,-0.063475654,-0.306998272
1789439786.729770899,0.207360211,-0.077283231,-0.041285514,-0.602398407,0.727463974,-0.074102881,-0.320032950
1789439786.763108253,0.208108745,-0.076497001,-0.041600645,-0.602499447,0.722800294,-0.081075455,-0.328604508
1789439786.796445370,0.209047809,-0.075689216,-0.042310466,-0.606306086,0.718182797,-0.083069875,-0.331218654
1789439786.829781771,0.209923096,-0.074675425,-0.043390741,-0.613179038,0.712131502,-0.083860024,-0.331432780
1789439786.863118887,0.210634995,-0.073523911,-0.044460514,-0.620687125,0.705639073,-0.083779050,-0.331363943
1789439786.896456242,0.211433576,-0.072452969,-0.045426766,-0.626903961,0.699474762,-0.083643233,-0.332761613
1789439786.929793358,0.212207521,-0.071464843,-0.046414941,-0.631422556,0.693738253,-0.084523799,-0.335988867
1789439786.963129520,0.212811382,-0.070598885,-0.047527290,-0.636489560,0.686781866,-0.088130449,-0.339771589
1789439786.996467113,0.213060118,-0.069383053,-0.048979202,-0.641700462,0.677163643,-0.097938541,-0.346522669
1789439787.029804230,0.212920773,-0.068215717,-0.050810064,-0.642518428,0.666637320,-0.113123858,-0.360510398
1789439787.063140631,0.212257699,-0.066957627,-0.053115611,-0.647026826,0.654234464,-0.126544053,-0.370567343
1789439787.096476555,0.211589643,-0.065444331,-0.055868279,-0.657530242,0.640342425,-0.134679785,-0.373466083
1789439787.129812479,0.211251774,-0.064282685,-0.058243286,-0.666454747,0.628459167,-0.140558477,-0.375660033
1789439787.163148403,0.211262501,-0.064141469,-0.059768794,-0.669926670,0.622413122,-0.145433756,-0.377689270
1789439787.196483374,0.211799357,-0.064701936,-0.060343764,-0.670471741,0.620901069,-0.148207125,-0.378132456
1789439787.229819298,0.212706344,-0.065504373,-0.060280957,-0.669401426,0.621829126,-0.149637879,-0.377940172
1789439787.263155460,0.213514135,-0.066387210,-0.059681823,-0.666967398,0.623931878,-0.151474176,-0.378046394
1789439787.296490431,0.214306423,-0.067218108,-0.059132233,-0.664099657,0.625668187,-0.155459561,-0.378607040
1789439787.329826355,0.214794269,-0.067726819,-0.058687006,-0.659017129,0.625913958,-0.163567494,-0.383632398
1789439787.363162279,0.214965214,-0.068156328,-0.058326397,-0.652836210,0.625086248,-0.173230163,-0.391233147
1789439787.396498203,0.215009858,-0.068495374,-0.058338623,-0.649976944,0.624690331,-0.177687082,-0.394612802
1789439787.429833174,0.215600800,-0.068263314,-0.058181806,-0.652757989,0.623633940,-0.176347260,-0.392287344
1789439787.463169098,0.215641391,-0.068019691,-0.060133728,-0.655608591,0.620874664,-0.175237450,-0.392407777
1789439787.496505022,0.215605929,-0.067374585,-0.061295646,-0.660214814,0.617202731,-0.173695013,-0.391161387
1789439787.529840946,0.215428678,-0.066536082,-0.062757698,-0.669820831,0.613402971,-0.168378025,-0.383047896
1789439787.563175917,0.215035526,-0.065428964,-0.064341104,-0.677945079,0.608583202,-0.165420526,-0.377694328
1789439787.596512079,0.214461484,-0.064477015,-0.065431893,-0.683065808,0.603451966,-0.164673323,-0.377027218
1789439787.629848003,0.214245957,-0.063666534,-0.065910783,-0.687642862,0.598920334,-0.163880213,-0.376277827
1789439787.663182974,0.214360266,-0.062916167,-0.066066679,-0.690446293,0.596107866,-0.162236090,-0.376322707
1789439787.696518660,0.214763934,-0.062687389,-0.065729241,-0.691279792,0.596209050,-0.157878336,-0.376485657
1789439787.729854584,0.215757824,-0.062808873,-0.065285558,-0.690690811,0.598084356,-0.152716067,-0.376721527
1789439787.763190508,0.217233336,-0.063175094,-0.064745674,-0.687208495,0.598772320,-0.151645239,-0.382387127
1789439787.796525478,0.218725047,-0.064399833,-0.063575450,-0.676133953,0.600748598,-0.154290377,-0.397666292
1789439787.829861403,0.219620558,-0.066100606,-0.062280067,-0.659601709,0.604706999,-0.158141453,-0.417428211
1789439787.863197327,0.221052244,-0.068291652,-0.060289109,-0.647129141,0.607733399,-0.163030490,-0.430470730
1789439787.896533251,0.221891730,-0.069578861,-0.058426304,-0.643693905,0.609517119,-0.163367728,-0.432964230
1789439787.929867983,0.223466286,-0.069665887,-0.059975498,-0.645811160,0.608840518,-0.160037383,-0.432006024
1789439787.963203907,0.223504706,-0.069840520,-0.061164760,-0.646596822,0.605864560,-0.158594973,-0.435532224
1789439787.996539831,0.224960808,-0.070093215,-0.062301534,-0.641884913,0.601224045,-0.162549272,-0.447315482
1789439788.029874802,0.225833650,-0.070196935,-0.063652985,-0.630713021,0.594309584,-0.172521826,-0.468223688
1789439788.063210726,0.228957872,-0.070425876,-0.064775683,-0.612741175,0.587982529,-0.185575572,-0.494354636
1789439788.096544504,0.230598106,-0.070780664,-0.064950402,-0.598465584,0.583060285,-0.193811618,-0.514117404
1789439788.129878283,0.232885797,-0.070115080,-0.065731446,-0.595134914,0.581597042,-0.191848314,-0.520339831
1789439788.163210869,0.233953341,-0.068625245,-0.067128467,-0.596052924,0.581974430,-0.183553411,-0.521857088
1789439788.196544647,0.239298417,-0.067576370,-0.067872747,-0.595083997,0.579295714,-0.178926781,-0.527519402
1789439788.229878426,0.242117359,-0.066433873,-0.068886347,-0.588233879,0.575592983,-0.180462642,-0.538615685
1789439788.263211966,0.244601521,-0.065627033,-0.069373948,-0.576016082,0.571042784,-0.187762397,-0.553950264
1789439788.296544790,0.247036143,-0.065127793,-0.068925395,-0.562729260,0.568199673,-0.195112875,-0.567816765
1789439788.329878330,0.249973938,-0.064488126,-0.067654454,-0.553099099,0.568994368,-0.198169880,-0.575374221
1789439788.363211870,0.252980202,-0.063797336,-0.066388162,-0.547300621,0.571539913,-0.197290519,-0.578688698
1789439788.396544695,0.256191191,-0.062812048,-0.065314085,-0.543355387,0.575099831,-0.192727187,-0.580414799
1789439788.429878235,0.258283662,-0.061553469,-0.064023765,-0.540104727,0.578766081,-0.187729824,-0.581441502
1789439788.463212013,0.262819651,-0.060914447,-0.063215147,-0.533754147,0.581200781,-0.185300587,-0.585641405
1789439788.496545315,0.266035743,-0.060301727,-0.062369538,-0.526700700,0.583019747,-0.184298135,-0.590515490
1789439788.529877901,0.269374402,-0.060034066,-0.061536158,-0.522027767,0.585006164,-0.183909970,-0.592816937
1789439788.563211679,0.272618266,-0.059765769,-0.060985070,-0.518435311,0.586115667,-0.185078616,-0.594507493
1789439788.596545219,0.275742833,-0.059799922,-0.060250392,-0.514828810,0.586931889,-0.186140295,-0.596501504
1789439788.629877567,0.278915560,-0.060252016,-0.059416422,-0.512169468,0.588584433,-0.185926301,-0.597228776
1789439788.663211107,0.282257555,-0.061074030,-0.058628557,-0.510518474,0.590138327,-0.185878476,-0.597123802
1789439788.696544647,0.285938998,-0.062041393,-0.057821604,-0.510215468,0.590551937,-0.186288867,-0.596845913
1789439788.729877949,0.289791691,-0.063205127,-0.057104184,-0.511251656,0.590495556,-0.186462313,-0.595960191
1789439788.763210535,0.294026183,-0.064469083,-0.056518073,-0.512342538,0.590320630,-0.186535958,-0.595173096
1789439788.796543837,0.298886486,-0.065786811,-0.056176042,-0.511740144,0.590807233,-0.185846660,-0.595424099
1789439788.829877377,0.304291673,-0.067170734,-0.055922852,-0.510486927,0.590894174,-0.183496941,-0.597139887
1789439788.863210678,0.310057691,-0.068422838,-0.055672082,-0.510146086,0.590721128,-0.178844870,-0.599010879
1789439788.896543264,0.316591710,-0.069536138,-0.055263270,-0.509428519,0.590776280,-0.173643445,-0.601093940
1789439788.929876566,0.323478001,-0.070745523,-0.054513469,-0.507436180,0.591774714,-0.169678751,-0.602926473
1789439788.963209629,0.330435941,-0.072008616,-0.053265638,-0.503960036,0.593689336,-0.168161281,-0.604383187
1789439788.996542215,0.337621913,-0.073354353,-0.051031462,-0.499164249,0.596994234,-0.168699344,-0.604957410
1789439789.029875517,0.344623264,-0.074590927,-0.048323508,-0.493404913,0.602627902,-0.169436045,-0.603889585
1789439789.063208818,0.351553289,-0.075641580,-0.044961593,-0.487464850,0.609247382,-0.170758843,-0.601695159
1789439789.096545935,0.358747538,-0.076465014,-0.040875028,-0.481450918,0.616046512,-0.170717138,-0.599622687
1789439789.129881859,0.365522369,-0.077013710,-0.036803574,-0.477402263,0.623693291,-0.167692955,-0.595795964
1789439789.163218975,0.372412505,-0.077333351,-0.032727908,-0.474736619,0.630659327,-0.163196414,-0.591828427
1789439789.196555853,0.379927722,-0.077389824,-0.028725532,-0.471384414,0.635870985,-0.158521176,-0.590199849
1789439789.229892969,0.385955155,-0.077578982,-0.024819137,-0.468965618,0.639440069,-0.154731669,-0.589275621
1789439789.263229132,0.392008573,-0.077689295,-0.021045279,-0.466416971,0.641906838,-0.150915720,-0.589606026
1789439789.296566248,0.397376624,-0.077745890,-0.017209519,-0.462994017,0.643748715,-0.145870898,-0.591562181
1789439789.329903364,0.402647971,-0.077930269,-0.013288948,-0.460873995,0.646146610,-0.139906499,-0.592043825
1789439789.363239527,0.407696716,-0.078016973,-0.009136020,-0.459811387,0.649404648,-0.135474437,-0.590333607
1789439789.396576643,0.412419503,-0.078400459,-0.004951045,-0.457293995,0.653485458,-0.132648580,-0.588424433
1789439789.429913521,0.416661516,-0.078679865,-0.000828402,-0.454449541,0.656454180,-0.130210153,-0.587868046
1789439789.463250637,0.420787711,-0.078998643,0.002873908,-0.456045994,0.658310271,-0.125798616,-0.585512038
1789439789.496586800,0.424856788,-0.079075287,0.006027707,-0.459858511,0.659590779,-0.120757732,-0.582140640
1789439789.529924154,0.428889203,-0.079141370,0.008981748,-0.459199730,0.659912804,-0.118401246,-0.582779412
1789439789.563261271,0.432780532,-0.079324263,0.012230222,-0.455774642,0.660669764,-0.117036529,-0.584882373
1789439789.596598387,0.436675527,-0.079310326,0.015114678,-0.454364708,0.662177985,-0.113086438,-0.585050840
1789439789.629934549,0.440621577,-0.079025405,0.017665329,-0.452268849,0.662801050,-0.108325100,-0.586867386
1789439789.663271666,0.444984949,-0.078662947,0.020299044,-0.449067551,0.663914302,-0.103210357,-0.588985362
1789439789.696608782,0.449030648,-0.078422483,0.023023456,-0.446946782,0.665981601,-0.098848560,-0.589012769
1789439789.729945183,0.452604519,-0.078377413,0.025796573,-0.444411858,0.668411368,-0.094937169,-0.588821941
1789439789.763282299,0.456194521,-0.078545573,0.028914408,-0.442884996,0.671116469,-0.089336643,-0.587770814
1789439789.796619415,0.458946077,-0.078671282,0.031895243,-0.443820719,0.673493348,-0.084872511,-0.585001313
1789439789.829956532,0.461846670,-0.078609006,0.035136070,-0.442960448,0.675829893,-0.084067233,-0.583071778
1789439789.863292933,0.464631610,-0.078435660,0.038281784,-0.438099460,0.678036288,-0.084576708,-0.584108239
1789439789.896630049,0.467145138,-0.077850183,0.041471953,-0.433457610,0.679800125,-0.083775920,-0.585634600
1789439789.929967403,0.469505791,-0.076693310,0.044078228,-0.432512716,0.681118267,-0.079805785,-0.585356041
1789439789.963303566,0.472428927,-0.075458393,0.046809302,-0.432682611,0.682729999,-0.073477265,-0.584180279
1789439789.996640921,0.475229106,-0.073986249,0.049201482,-0.431211535,0.684336173,-0.066381866,-0.584238019
1789439790.029978037,0.478028114,-0.072638275,0.051574695,-0.428963543,0.686093242,-0.060779446,-0.584441786
1789439790.063315153,0.480560529,-0.071360435,0.053760368,-0.426679309,0.687801880,-0.056728048,-0.584512848
1789439790.096650362,0.483251408,-0.070178481,0.055669534,-0.424835738,0.689095663,-0.052406330,-0.584735274
1789439790.129986286,0.485796909,-0.069223134,0.057394807,-0.422117685,0.690332288,-0.051506191,-0.585324785
1789439790.163322449,0.488122635,-0.068452660,0.058919473,-0.419198903,0.690828339,-0.052440397,-0.586752495
1789439790.196658373,0.490507984,-0.067722915,0.060258128,-0.417308508,0.691453566,-0.052314093,-0.587374506
1789439790.229993582,0.493053972,-0.067088250,0.061622509,-0.415286113,0.692684179,-0.051324022,-0.587445247
1789439790.263329506,0.495680120,-0.066666266,0.063420731,-0.412157149,0.695643348,-0.050753025,-0.586200433
1789439790.296665668,0.498215693,-0.066211385,0.065729538,-0.407954544,0.700657105,-0.051209757,-0.583121146
1789439790.330000639,0.500606277,-0.065642396,0.068128147,-0.402079013,0.706259924,-0.051336509,-0.580425663
1789439790.363336563,0.502737107,-0.065129807,0.070372569,-0.396287673,0.710572932,-0.050937388,-0.579178359
1789439790.396672964,0.504308131,-0.064359309,0.072200554,-0.394829278,0.712500453,-0.050091937,-0.577878658
1789439790.430008888,0.505476999,-0.063147653,0.073370051,-0.395801984,0.712721670,-0.048259824,-0.577095832
1789439790.463344097,0.506177024,-0.061801673,0.074043324,-0.395616758,0.711914674,-0.047666829,-0.578267024
1789439790.496680021,0.506622724,-0.060408302,0.074554667,-0.394692500,0.710671949,-0.048405786,-0.580362035
1789439790.530015945,0.507078074,-0.059019491,0.075042173,-0.393203525,0.710533547,-0.047622921,-0.581605643
1789439790.563352108,0.507551633,-0.057831649,0.075356277,-0.392324517,0.711008042,-0.044948154,-0.581832193
1789439790.596687078,0.507768359,-0.056897343,0.075353072,-0.392423935,0.710660480,-0.042721324,-0.582357301
1789439790.630023003,0.507744708,-0.056148348,0.075080153,-0.392709446,0.709870085,-0.042106812,-0.583173019
1789439790.663359165,0.507280561,-0.055643916,0.074620541,-0.392302139,0.708789794,-0.042518368,-0.584729209
1789439790.696694136,0.506588833,-0.055321252,0.073849284,-0.392255487,0.707446041,-0.042812944,-0.586364036
1789439790.730030060,0.505633821,-0.055138034,0.072797526,-0.392233754,0.705637249,-0.043147486,-0.588529565
1789439790.763366222,0.504351748,-0.055085505,0.071567740,-0.393105335,0.703650792,-0.044117757,-0.590251966
1789439790.796702147,0.502667909,-0.055141471,0.070048944,-0.393761181,0.701614184,-0.045665280,-0.592118528
1789439790.830037117,0.501157937,-0.055017082,0.068319261,-0.395133610,0.700177912,-0.045424766,-0.592922349
1789439790.863373041,0.499516690,-0.055143564,0.066152935,-0.397775323,0.698425840,-0.043293396,-0.593381682
1789439790.896709204,0.497736032,-0.054969400,0.063645081,-0.399417266,0.696474077,-0.041414949,-0.594705397
1789439790.930045128,0.495730666,-0.055041810,0.060974732,-0.399724294,0.694784037,-0.041638539,-0.596457763
1789439790.963380098,0.493514055,-0.055311800,0.058150629,-0.401255196,0.692896496,-0.042210626,-0.597584285
1789439790.996716022,0.491199245,-0.055745078,0.054923060,-0.402857471,0.690570295,-0.041273303,-0.599262080
1789439791.030052185,0.488635601,-0.056345389,0.051584127,-0.404754181,0.688149389,-0.039778593,-0.600867818
1789439791.063387156,0.485537598,-0.057508434,0.048085256,-0.408005865,0.685565667,-0.038829949,-0.601683609
1789439791.096723795,0.482023492,-0.058595513,0.044303367,-0.411782241,0.681885225,-0.040652811,-0.603171016
1789439791.130060673,0.478186909,-0.059901649,0.040178959,-0.414709444,0.676874630,-0.045589019,-0.606447404
1789439791.163397551,0.473920820,-0.061157113,0.036072577,-0.416610642,0.672080568,-0.049317829,-0.610172955
1789439791.196733236,0.469595421,-0.062098875,0.032062720,-0.420321147,0.668296029,-0.049928819,-0.611733327
1789439791.230070114,0.465376151,-0.062545376,0.027943107,-0.426529445,0.666478322,-0.046950377,-0.609651491
1789439791.263406754,0.460899119,-0.062671949,0.023687550,-0.430164245,0.664931094,-0.045495022,-0.608897007
1789439791.296742678,0.456075225,-0.062743953,0.019244437,-0.430069925,0.661619926,-0.047985461,-0.612369438
1789439791.330079317,0.450966390,-0.062550272,0.014529710,-0.430915334,0.656986990,-0.050506878,-0.616546125
1789439791.363416195,0.446070313,-0.062168533,0.009615356,-0.435121976,0.652732267,-0.050989520,-0.618069188
1789439791.396752834,0.441367218,-0.061662688,0.004657948,-0.438758837,0.649551568,-0.050663842,-0.618875285
1789439791.430088758,0.436836556,-0.061099460,-0.000210370,-0.440539587,0.646393506,-0.050296237,-0.620943312
1789439791.463425875,0.432382856,-0.060609867,-0.004934692,-0.442182686,0.643123764,-0.050958688,-0.623112757
1789439791.496762514,0.427446437,-0.060030590,-0.009652084,-0.442760356,0.639562418,-0.054521366,-0.626059582
1789439791.530099392,0.422684160,-0.059600237,-0.014062051,-0.441667237,0.635559529,-0.061229373,-0.630273830
1789439791.563435316,0.418149514,-0.059277779,-0.018271285,-0.439892746,0.631455385,-0.068061721,-0.634922099
1789439791.596772194,0.413651265,-0.059058629,-0.022482039,-0.439644937,0.627817824,-0.072356460,-0.638217559
1789439791.630108833,0.409186165,-0.058942735,-0.026689200,-0.442357700,0.624466113,-0.077246729,-0.639057651
1789439791.663444757,0.404639754,-0.059214293,-0.030638714,-0.444354073,0.620569882,-0.084734563,-0.640517395
1789439791.696781635,0.399977622,-0.059686941,-0.034502619,-0.445608006,0.615991959,-0.092407414,-0.642999441
1789439791.730118752,0.395275218,-0.060330747,-0.038158620,-0.448638357,0.611720239,-0.098837704,-0.644013263
1789439791.763455629,0.390842983,-0.061187868,-0.041501109,-0.452335315,0.609119436,-0.104911541,-0.642930668
1789439791.796791553,0.386429115,-0.062070139,-0.044535103,-0.452838481,0.606962600,-0.112530519,-0.643327750
1789439791.830128431,0.382031995,-0.063008518,-0.047327755,-0.451650851,0.604513552,-0.120967906,-0.644935376
1789439791.863465309,0.377616553,-0.063838940,-0.050290889,-0.452085895,0.602144811,-0.127267231,-0.645633814
1789439791.896802187,0.373024867,-0.064497762,-0.053704431,-0.454747782,0.599355826,-0.131841533,-0.645441600
1789439791.930138111,0.368432562,-0.065066426,-0.057447951,-0.457863438,0.595038855,-0.137429466,-0.646067315
1789439791.963474989,0.363745099,-0.065577668,-0.061167033,-0.459897496,0.590503493,-0.142961985,-0.647581492
1789439791.996812105,0.359207507,-0.066177789,-0.064897348,-0.461640791,0.586869019,-0.147265433,-0.648679757
1789439792.030148029,0.354788304,-0.066866347,-0.068323236,-0.463572417,0.583223022,-0.152221178,-0.649446097
1789439792.063484907,0.350045472,-0.067627266,-0.071888489,-0.464961914,0.578881145,-0.157660530,-0.651037784
1789439792.096820354,0.345087389,-0.068360193,-0.075500122,-0.466318255,0.573202210,-0.162960884,-0.653781510
1789439792.130155802,0.340220332,-0.069243601,-0.079052667,-0.468998266,0.567252578,-0.167192555,-0.655981546
1789439792.163490057,0.335468833,-0.070152246,-0.082431378,-0.472303780,0.562703093,-0.169459618,-0.656945817
1789439792.196825504,0.330999623,-0.071238546,-0.085757464,-0.474690258,0.558824519,-0.171991319,-0.657877878
1789439792.230160713,0.326521106,-0.072377436,-0.088840937,-0.475015206,0.553627660,-0.177026849,-0.660695439
1789439792.263495922,0.321813364,-0.073686552,-0.091870454,-0.473896632,0.545841989,-0.184387502,-0.665942755
1789439792.296830416,0.317499457,-0.074842009,-0.094980254,-0.472933362,0.536435276,-0.191994389,-0.672093285
1789439792.330165625,0.313592632,-0.075968065,-0.098475946,-0.471972171,0.526587096,-0.197829430,-0.678831214
1789439792.363500834,0.310676000,-0.077057271,-0.102100566,-0.470165367,0.515512289,-0.201192537,-0.687541396
1789439792.396835089,0.308807335,-0.078010902,-0.105800685,0.469625604,-0.504424320,0.203185248,0.695502446
1789439792.430170298,0.308338974,-0.079018397,-0.109459767,0.471614986,-0.497467944,0.203706658,0.699005399
1789439792.463505507,0.309336980,-0.080168623,-0.112749540,0.472583317,-0.494569769,0.203484793,0.700471049
1789439792.496840715,0.311410656,-0.081564284,-0.115473851,0.469241389,-0.492969010,0.206066704,0.703086472
1789439792.530175209,0.314294926,-0.083092714,-0.117738110,0.463087331,-0.490800867,0.211233748,0.707138555
1789439792.563510418,0.317838386,-0.084439076,-0.119729623,0.457062247,-0.487631460,0.215238061,0.712026852
1789439792.596845627,0.321807946,-0.085475521,-0.121655246,0.455273454,-0.485737399,0.213857512,0.714877770
1789439792.630179882,0.326433117,-0.086214952,-0.123290154,0.455531948,-0.484939546,0.209919883,0.716420215
1789439792.663515091,0.331145653,-0.086775263,-0.124088933,0.454423157,-0.483955198,0.209298984,0.717969982
1789439792.696850300,0.335881144,-0.087254570,-0.123863153,0.451604236,-0.483809897,0.212999078,0.718757950
1789439792.730185509,0.340654764,-0.087687812,-0.122758020,0.447441918,-0.484422998,0.218830846,0.719196183
1789439792.763519764,0.345879510,-0.087902947,-0.121245291,0.443618871,-0.486219595,0.221975868,0.719388294
1789439792.796854973,0.351249641,-0.087747049,-0.119855205,0.441295015,-0.488830237,0.220904854,0.719378033
1789439792.830190182,0.356691192,-0.087082745,-0.118537560,0.439300951,-0.490953856,0.216413670,0.720516557
1789439792.863525391,0.362004603,-0.086003427,-0.116862166,0.437415750,-0.493058012,0.212601113,0.721361231
1789439792.896859407,0.367359568,-0.084687458,-0.114536861,0.433794770,-0.495868464,0.210784239,0.722154117
1789439792.930194616,0.372339252,-0.083419053,-0.112159226,0.428284789,-0.498896068,0.209487346,0.723733310
1789439792.963529825,0.377347391,-0.081986746,-0.109646795,0.422175898,-0.501418525,0.209090896,0.725691375
1789439792.996864080,0.382090595,-0.080873758,-0.107097896,0.416345667,-0.504856180,0.208221524,0.726925250
1789439793.030199051,0.387244690,-0.079702881,-0.104397063,0.410206357,-0.511354626,0.204586179,0.726905555
1789439793.063534260,0.392430890,-0.078667898,-0.101366541,0.403501379,-0.518171789,0.202020715,0.726548185
1789439793.096869230,0.397673600,-0.077453470,-0.098362957,0.395565098,-0.524011671,0.200513579,0.727141202
1789439793.130203009,0.402628661,-0.076211869,-0.095899264,0.388742588,-0.528366618,0.197510278,0.728489950
1789439793.163537741,0.407536629,-0.074434622,-0.093837623,0.385421175,-0.531330278,0.191482289,0.729707603
1789439793.196872711,0.411986872,-0.072717620,-0.092348170,0.384688655,-0.533299369,0.183885903,0.730610974
1789439793.230207682,0.416152826,-0.070920382,-0.090864428,0.383475875,-0.534597347,0.178457530,0.731645297
1789439793.263541460,0.420082176,-0.069440133,-0.089334475,0.380204767,-0.535913162,0.175681334,0.733060357
1789439793.296876431,0.423852800,-0.068141687,-0.087582658,0.375952427,-0.537432734,0.173984114,0.734544319
1789439793.330211163,0.427523433,-0.066997094,-0.086035697,0.373100629,-0.538908836,0.171463417,0.735508996
1789439793.363545179,0.431108311,-0.065768836,-0.084609544,0.371930307,-0.540724522,0.167807153,0.735612396
1789439793.396879911,0.434436916,-0.064432757,-0.083078474,0.370493821,-0.542122777,0.164590362,0.736034807
1789439793.430214643,0.437654535,-0.063113948,-0.081426573,0.368583354,-0.543942964,0.160942190,0.736457721
1789439793.463549614,0.440642863,-0.061886911,-0.079493465,0.367543115,-0.546729009,0.158063972,0.735537375
1789439793.496883392,0.443388331,-0.060664418,-0.077421976,0.365416827,-0.549368241,0.156108752,0.735047710
1789439793.530218124,0.445876330,-0.059572246,-0.075403293,0.362176121,-0.551527314,0.154687366,0.735335228
1789439793.563553095,0.448274227,-0.058324848,-0.073561222,0.359695401,-0.553428865,0.153152808,0.735445394
1789439793.596887589,0.450456967,-0.056911644,-0.071935060,0.358790372,-0.555137566,0.150598489,0.735127095
1789439793.630221367,0.452511832,-0.055258381,-0.070416206,0.357963127,-0.556760253,0.147393037,0.734952865
1789439793.663556099,0.454553936,-0.053443688,-0.068923537,0.356100655,-0.558274796,0.144242770,0.735333665
1789439793.696890831,0.456489215,-0.051457988,-0.067506062,0.353113054,-0.559619970,0.141222010,0.736337561
1789439793.730224609,0.458260657,-0.049429488,-0.066034352,0.350075786,-0.560423179,0.137782824,0.737827011
1789439793.763559341,0.460061438,-0.047251286,-0.064721796,0.348883515,-0.561568147,0.133800360,0.738254003
1789439793.796894073,0.461848272,-0.044969367,-0.063487520,0.346808083,-0.562870978,0.129602747,0.738988189
1789439793.830228806,0.463679428,-0.042741244,-0.062288165,0.343886361,-0.564024611,0.125862621,0.740119591
1789439793.863562584,0.465358110,-0.040714429,-0.061276110,0.342339022,-0.565303987,0.122308948,0.740456560
1789439793.896897316,0.467015748,-0.038583021,-0.060186642,0.340848869,-0.566345577,0.119156579,0.740861961
1789439793.930231571,0.468467319,-0.036658997,-0.059305610,0.339177444,-0.566899171,0.116605928,0.741611117
1789439793.963565350,0.469743474,-0.035079188,-0.058539653,0.337876041,-0.567395770,0.114200654,0.742199455
1789439793.996900082,0.470960466,-0.033563501,-0.057558967,0.336374553,-0.568359564,0.112299241,0.742434136
1789439794.030234575,0.472036142,-0.032306486,-0.056827499,0.334897064,-0.569057029,0.110358707,0.742858675
1789439794.063569307,0.472838945,-0.031215227,-0.056225766,0.334084417,-0.569108979,0.108852061,0.743406888
1789439794.096906185,0.473292601,-0.030258971,-0.055934156,0.333438188,-0.568977241,0.107523733,0.743990941
1789439794.130244255,0.473598842,-0.029479686,-0.055663271,0.332593484,-0.568240700,0.107524162,0.744931296
1789439794.163582325,0.473778148,-0.028764983,-0.055417966,0.332329175,-0.567472527,0.108120540,0.745548254
1789439794.196920156,0.474076664,-0.028030995,-0.055109155,0.331104873,-0.567179134,0.107895285,0.746348444
1789439794.230257034,0.474587209,-0.027246387,-0.054733455,0.329753590,-0.567861827,0.106342334,0.746650403
1789439794.263594866,0.475066234,-0.026461997,-0.054300379,0.328772632,-0.568227635,0.104922590,0.747005463
1789439794.296933174,0.475449672,-0.025684846,-0.053783142,0.327919638,-0.568360885,0.103354524,0.747497464
1789439794.330270052,0.475883439,-0.024791514,-0.053227594,0.327165044,-0.568753792,0.100727715,0.747887749
1789439794.363607883,0.476331044,-0.023867657,-0.052732939,0.326420035,-0.569102630,0.098436754,0.748252874
1789439794.396945953,0.476816719,-0.022990407,-0.052262019,0.325342127,-0.569515588,0.096705921,0.748633729
1789439794.430284023,0.477369686,-0.022041447,-0.051909341,0.323639240,-0.570253916,0.095195325,0.749003313
1789439794.463621140,0.477683004,-0.021202514,-0.051920775,0.322422542,-0.570564886,0.094341565,0.749399149
1789439794.496958971,0.478310730,-0.020159966,-0.051384976,0.321207983,-0.570834828,0.093537609,0.749815808
1789439794.530297041,0.478691655,-0.019129251,-0.051085657,0.319966854,-0.571219430,0.092061940,0.750236079
1789439794.563635111,0.479090535,-0.018052905,-0.050754759,0.318085642,-0.571652797,0.090230455,0.750928138
1789439794.596972227,0.479377637,-0.017013287,-0.050494062,0.316266704,-0.571966837,0.088351872,0.751680289
1789439794.630310297,0.480038913,-0.015972092,-0.049993790,0.313850509,-0.572866996,0.086396070,0.752234659
1789439794.663648129,0.480562263,-0.015043278,-0.049595065,0.311200364,-0.574100395,0.084339992,0.752628617
1789439794.696985245,0.481050564,-0.014227040,-0.049325054,0.308521561,-0.575094692,0.081951808,0.753235981
1789439794.730323553,0.481299734,-0.013560989,-0.049110059,0.307101203,-0.575420728,0.080306619,0.753744442
1789439794.763661623,0.481345313,-0.013000446,-0.048976537,0.306590668,-0.575231549,0.079824066,0.754147828
1789439794.796999693,0.481533534,-0.012533480,-0.048838934,0.305307406,-0.575360632,0.079199512,0.754635653
1789439794.830336571,0.481718197,-0.012175613,-0.048744113,0.304143889,-0.575725979,0.078614610,0.754887962
1789439794.863674879,0.481842642,-0.011919773,-0.048709163,0.303758594,-0.575641651,0.078666109,0.755102013
1789439794.897012949,0.481968746,-0.011649913,-0.048639506,0.303521597,-0.575667804,0.078692629,0.755174608
1789439794.930351019,0.482191885,-0.011338751,-0.048539337,0.302486822,-0.576020642,0.078363132,0.755354991
1789439794.963688135,0.482457207,-0.011001663,-0.048397534,0.301612279,-0.576378859,0.078042187,0.755464666
1789439794.997026443,0.482713499,-0.010626555,-0.048290246,0.301162159,-0.576729232,0.077896518,0.755391872
1789439795.030364752,0.482897374,-0.010260888,-0.048237034,0.300010231,-0.576931630,0.077979799,0.755687042
1789439795.063701868,0.482942206,-0.010033203,-0.048211233,0.298931920,-0.576785082,0.078416463,0.756180888
1789439795.097037792,0.482871302,-0.009887855,-0.048295758,0.299126515,-0.576628788,0.078713857,0.756192236
1789439795.130373478,0.482529576,-0.009812922,-0.048544549,0.299359087,-0.575931961,0.079539977,0.756544715
1789439795.163709402,0.482079962,-0.009879070,-0.048887155,0.299280734,-0.575208203,0.080534867,0.757020938
1789439795.197044373,0.481531654,-0.010045276,-0.049236582,0.298741608,-0.574710910,0.081191469,0.757541264
1789439795.230380297,0.480851343,-0.010337488,-0.049706212,0.298452898,-0.574289938,0.081101845,0.757983790
1789439795.263716221,0.479916835,-0.010909940,-0.050405322,0.298852894,-0.573661904,0.080733504,0.758340998
1789439795.297050953,0.478525724,-0.011776168,-0.051440097,0.299703351,-0.572244413,0.082043558,0.758935497
1789439795.330386877,0.476587133,-0.013263922,-0.052782508,0.299753892,-0.569926638,0.086676830,0.760143644
1789439795.363722801,0.473760234,-0.015827375,-0.053911967,0.299098250,-0.566638096,0.099094745,0.761342063
1789439795.397058725,0.470317553,-0.019303073,-0.054853870,0.300256412,-0.563891751,0.113389959,0.760930284
1789439795.430393457,0.466555869,-0.022965911,-0.056377131,0.303362741,-0.561497796,0.124293997,0.759764618
1789439795.463729382,0.462478077,-0.026426753,-0.058681926,0.307878350,-0.557188099,0.130278720,0.760118279
1789439795.497065544,0.457992368,-0.029444220,-0.061672788,0.314619971,-0.551374729,0.132452671,0.761220383
1789439795.530401230,0.453227001,-0.031940231,-0.064945085,0.321254098,-0.545555751,0.133036731,0.762539150
1789439795.563736200,0.448170890,-0.034223941,-0.068070388,0.324591276,-0.540124002,0.135222686,0.764605383
1789439795.597071886,0.442837379,-0.036250876,-0.071068246,0.326706393,-0.535051379,0.138117845,0.766750556
1789439795.630407810,0.437282844,-0.037908964,-0.073868159,0.330373584,-0.531336971,0.138601626,0.767674350
1789439795.663742542,0.431717950,-0.039245906,-0.076658621,0.334128918,-0.528673797,0.136974139,0.768179646
1789439795.697078466,0.425913996,-0.040384925,-0.079163064,0.337920941,-0.526109671,0.136053328,0.768444887
1789439795.730414152,0.420024521,-0.041579409,-0.081565983,0.342095847,-0.523676071,0.137649718,0.767975494
1789439795.763750076,0.414107860,-0.042846933,-0.083619324,0.344975529,-0.521832304,0.140924198,0.767348227
1789439795.797084808,0.408329655,-0.044326457,-0.085360767,0.348105974,-0.520595475,0.143965945,0.766209102
1789439795.830420732,0.402577151,-0.046129774,-0.087136847,0.354250632,-0.519597787,0.145709054,0.763736539
1789439795.863756418,0.396585311,-0.048224603,-0.089035896,0.360409052,-0.517342265,0.148778705,0.761792093
1789439795.897092342,0.390464222,-0.050605307,-0.090896258,0.365817862,-0.514658440,0.152196551,0.760355306
1789439795.930427074,0.384263424,-0.053148001,-0.092734655,0.371682552,-0.512828577,0.154294637,0.758321895
1789439795.963762760,0.377439854,-0.055860622,-0.094468566,0.377776804,-0.511373838,0.158422605,0.755436140
1789439795.997098684,0.370885623,-0.058662715,-0.095977400,0.383009112,-0.509719193,0.166349281,0.752208935
1789439796.030433416,0.364264359,-0.061461501,-0.097058065,0.387037130,-0.508948336,0.175537102,0.748572359
1789439796.063769102,0.357904388,-0.064326551,-0.097954607,0.389854732,-0.509130607,0.183462645,0.745077694
1789439796.097101688,0.351404033,-0.067229314,-0.098747111,0.393725671,-0.509623169,0.189921129,0.741076438
1789439796.130434275,0.344924554,-0.069768029,-0.099713329,0.399145731,-0.510031863,0.194122826,0.736794756
1789439796.163765907,0.338284248,-0.072086061,-0.100754387,0.405718907,-0.510104093,0.195985362,0.732649794
1789439796.197098494,0.331465687,-0.074175265,-0.101812725,0.412503311,-0.509749084,0.197988133,0.728558569
1789439796.230430841,0.325082822,-0.075983620,-0.102748809,0.416334015,-0.509760289,0.201177289,0.725491650
1789439796.263763428,0.319277013,-0.077640579,-0.103545636,0.417907701,-0.510200870,0.204418621,0.723367993
1789439796.297094822,0.313507945,-0.079037641,-0.104325874,0.420369271,-0.510180945,0.208016637,0.720925904
1789439796.330427170,0.307872373,-0.080039143,-0.105081928,0.422921654,-0.509931631,0.211078659,0.718716082
1789439796.363759518,0.302209760,-0.080806686,-0.105834444,0.424981232,-0.510785362,0.211742623,0.716696817
1789439796.397090912,0.296844222,-0.081464990,-0.106692847,0.427811425,-0.511927206,0.211459214,0.714277902
1789439796.430423021,0.291346924,-0.081925501,-0.107578968,0.431592389,-0.512501297,0.211314301,0.711629606
1789439796.463755369,0.285831345,-0.082105509,-0.108368073,0.435387664,-0.512990945,0.210763582,0.709123815
1789439796.497087717,0.280241170,-0.082643954,-0.108978860,0.440372366,-0.514173570,0.209464396,0.705565295
1789439796.530418873,0.274509706,-0.083055615,-0.109381462,0.446586824,-0.516348239,0.207452925,0.700648263
1789439796.563750982,0.268679245,-0.083579868,-0.109681220,0.451761307,-0.518008683,0.206435442,0.696392945
1789439796.597083330,0.262231825,-0.084011416,-0.109448614,0.456620746,-0.518577009,0.206834990,0.692672120
1789439796.630414248,0.256006518,-0.084417587,-0.108960870,0.462958617,-0.520097450,0.206062607,0.687536300
1789439796.663746357,0.249654500,-0.084616083,-0.108044430,0.470557437,-0.523548561,0.203099445,0.680605038
1789439796.697078466,0.243941652,-0.084746524,-0.107154169,0.478284175,-0.528116112,0.199207401,0.672795683
1789439796.730410337,0.238060848,-0.084810271,-0.106281670,-0.484978854,0.531666301,-0.197062363,-0.665802434
1789439796.763741493,0.231487635,-0.085000400,-0.105333564,-0.491350112,0.534294821,-0.197420876,-0.658884747
1789439796.797073126,0.224761996,-0.085284347,-0.104401994,-0.497227624,0.537526773,-0.197803321,-0.651692800
1789439796.830405235,0.218275319,-0.085510335,-0.103656918,-0.502146472,0.541141380,-0.197604872,-0.644955225
1789439796.863737106,0.212080120,-0.085786588,-0.103065911,-0.507631902,0.545206650,-0.196672475,-0.637479019
1789439796.897067785,0.205597725,-0.085978763,-0.102669317,-0.513657070,0.548405016,-0.196282199,-0.629985437
1789439796.930399656,0.199111105,-0.086035492,-0.102399298,-0.519159155,0.550776631,-0.194969405,-0.623783461
1789439796.963731527,0.192560188,-0.085968822,-0.102136244,-0.525884075,0.553931638,-0.191612497,-0.616352441
1789439796.997062206,0.186328855,-0.085640075,-0.101903404,-0.533335137,0.556910232,-0.188501477,-0.608170879
1789439797.030394077,0.180022718,-0.085338963,-0.101427486,-0.540264714,0.560219816,-0.185503858,-0.599880085
1789439797.063725471,0.173820828,-0.084954341,-0.100913339,-0.546633295,0.563852128,-0.182842384,-0.591465537
1789439797.097061872,0.167515359,-0.084550384,-0.100021922,-0.553180773,0.567198647,-0.181136396,-0.582637394
1789439797.130397081,0.161547363,-0.083957735,-0.098978355,-0.559688825,0.571096254,-0.178677558,-0.573299064
1789439797.163733244,0.155832427,-0.083409395,-0.097809477,-0.566007166,0.575445404,-0.175637509,-0.563604419
1789439797.197069407,0.150413362,-0.082749875,-0.096501715,-0.572389018,0.579764318,-0.173638350,-0.553257509
1789439797.230405569,0.145062543,-0.081978533,-0.095014027,-0.577503059,0.584307274,-0.173177569,-0.543217043
1789439797.263740540,0.140029378,-0.081032225,-0.093551076,-0.581556440,0.588483432,-0.173084292,-0.534341825
1789439797.297076702,0.135189861,-0.079876098,-0.092216891,-0.586114033,0.592398139,-0.172774088,-0.525056092
1789439797.330412865,0.130535960,-0.078495623,-0.091028910,-0.590841343,0.595912801,-0.172696643,-0.515723094
1789439797.363748074,0.126192267,-0.076904578,-0.089895504,-0.594319676,0.598425718,-0.173521653,-0.508488956
1789439797.397084236,0.122280651,-0.075063289,-0.088771622,-0.596734386,0.601271684,-0.173541093,-0.502258822
1789439797.430420160,0.118692277,-0.073336697,-0.087678916,-0.598910071,0.605676257,-0.170967919,-0.495210024
1789439797.463756323,0.115218224,-0.071692041,-0.086891507,-0.602595990,0.609880981,-0.168400250,-0.486379088
1789439797.497091532,0.111578115,-0.069993674,-0.086408424,-0.606805478,0.611876252,-0.168604272,-0.478505135
1789439797.530427694,0.107919374,-0.068342163,-0.085933767,-0.610931781,0.613041055,-0.169527426,-0.471384637
1789439797.563763618,0.104528074,-0.066722315,-0.085487277,-0.615129486,0.614846925,-0.168197509,-0.463991995
1789439797.597099781,0.101696894,-0.065054362,-0.085048398,-0.619069044,0.617328925,-0.163782782,-0.456983279
1789439797.630434990,0.099065927,-0.063428549,-0.084595658,-0.622013553,0.620652704,-0.158995077,-0.450122124
1789439797.663770914,0.096778215,-0.061835430,-0.084245097,-0.624119719,0.624261599,-0.155158931,-0.443506188
1789439797.697107077,0.094476884,-0.060181060,-0.084031852,-0.626363136,0.627534239,-0.151438271,-0.436962757
1789439797.730442286,0.092053480,-0.058438005,-0.083935514,-0.629094968,0.630690754,-0.146611683,-0.430085699
1789439797.763778210,0.089738718,-0.056543221,-0.083967527,-0.631847438,0.633810805,-0.142534465,-0.422772522
1789439797.797114611,0.087991856,-0.053732818,-0.084021862,-0.633613797,0.637530625,-0.141243910,-0.414895669
1789439797.830450773,0.085907748,-0.051475958,-0.084084640,-0.634319794,0.641162499,-0.141674142,-0.408016527
1789439797.863785744,0.083971725,-0.049164048,-0.084236357,-0.635345157,0.644423542,-0.140280611,-0.401716542
1789439797.897121906,0.082150756,-0.046723797,-0.084542759,-0.637548818,0.647093402,-0.136421080,-0.395209971
1789439797.930458069,0.080872546,-0.044245971,-0.085173484,-0.641157824,0.649069309,-0.130914023,-0.387926791
1789439797.963793039,0.079918319,-0.041813631,-0.086067769,-0.644905119,0.650385880,-0.124488528,-0.381573324
1789439797.997129202,0.079242929,-0.039400988,-0.087110728,-0.647760449,0.650514621,-0.118900176,-0.378285443
1789439798.030465364,0.078994589,-0.037053613,-0.088195914,-0.650208080,0.649931909,-0.115326304,-0.376188530
1789439798.063801289,0.079373891,-0.034810774,-0.089398653,-0.651753347,0.650437456,-0.111976071,-0.373644282
1789439798.097137690,0.080397470,-0.032740640,-0.091054419,-0.651536231,0.650951701,-0.108338636,-0.374199363
1789439798.130475044,0.081714423,-0.030663062,-0.093067743,-0.651502544,0.650562552,-0.103357617,-0.376337619
1789439798.163812399,0.083447857,-0.028458429,-0.095539397,-0.652614543,0.649170175,-0.097364263,-0.378407904
1789439798.197149992,0.085479624,-0.026069353,-0.098371546,-0.655199616,0.646366914,-0.092283206,-0.380009322
1789439798.230486631,0.087623679,-0.023549558,-0.101601280,-0.658124929,0.642149871,-0.087667058,-0.383183517
1789439798.263823986,0.089482312,-0.021044283,-0.104891506,-0.662720939,0.636836496,-0.084995864,-0.384728395
1789439798.297161341,0.091269536,-0.018707896,-0.108150662,-0.668254218,0.631261495,-0.084493227,-0.384455614
1789439798.330497742,0.093210707,-0.016906975,-0.111155016,-0.672430614,0.626227389,-0.085254053,-0.385237683
1789439798.363835335,0.095002556,-0.015292044,-0.113358884,-0.674183088,0.623371831,-0.084755767,-0.386912373
1789439798.397172928,0.096997734,-0.014268852,-0.115050286,-0.673807858,0.622924617,-0.083878547,-0.388474298
1789439798.430510283,0.098815354,-0.013490759,-0.116035664,-0.672371893,0.624815879,-0.081467382,-0.388438182
1789439798.463846922,0.100591819,-0.012825920,-0.116717524,-0.670543897,0.627084560,-0.078236373,-0.388606365
1789439798.497184277,0.102203155,-0.012167345,-0.117300004,-0.668618944,0.627933465,-0.075581803,-0.391069895
1789439798.530521870,0.103432531,-0.011386336,-0.117954104,-0.666375880,0.626625732,-0.072279560,-0.397566401
1789439798.563859463,0.104016637,-0.010613331,-0.118655957,-0.664999588,0.624887566,-0.068124337,-0.403299085
1789439798.597196102,0.104492733,-0.009933386,-0.119361298,-0.666243268,0.624151699,-0.062695458,-0.403266468
1789439798.630533457,0.104600018,-0.009314439,-0.119890229,-0.667676807,0.623850107,-0.058751248,-0.401953998
1789439798.663871050,0.104282367,-0.008840295,-0.119992706,-0.668738062,0.622943475,-0.056598430,-0.401904777
1789439798.697207689,0.103628963,-0.008407267,-0.119629557,-0.669877189,0.623384669,-0.053893090,-0.399689430
1789439798.730545521,0.102856441,-0.008340358,-0.118672640,-0.670632953,0.626291008,-0.051835847,-0.394111736
1789439798.763882875,0.101868715,-0.008018984,-0.117575539,-0.669654494,0.629162483,-0.052999048,-0.391035202
1789439798.797220469,0.100301824,-0.007938429,-0.115679666,-0.667222331,0.631644211,-0.056244150,-0.390738463
1789439798.830557108,0.098417282,-0.007735268,-0.113669012,-0.665599096,0.634322491,-0.058895036,-0.388772679
1789439798.863894701,0.096432312,-0.007441026,-0.111426719,-0.665336998,0.637251420,-0.061137902,-0.384056588
1789439798.897232533,0.094464505,-0.007127856,-0.108677438,-0.664711631,0.640638068,-0.063694329,-0.379057181
1789439798.930570126,0.092702940,-0.006596414,-0.106245538,-0.663975367,0.644811877,-0.064381162,-0.373107787
1789439798.963906765,0.091164937,-0.006051133,-0.103307149,-0.664224890,0.648867371,-0.063199767,-0.365762519
1789439798.997244358,0.090053764,-0.005248861,-0.100997578,-0.665485112,0.651437995,-0.060917881,-0.359231286
1789439799.030581951,0.088949471,-0.004286129,-0.098467049,-0.667075510,0.652897343,-0.058615650,-0.353976735
1789439799.063918591,0.088042703,-0.003819099,-0.096305688,-0.669399263,0.654134872,-0.056841572,-0.347535942
1789439799.097254992,0.087246731,-0.003939296,-0.094720679,-0.670818553,0.655879894,-0.057807221,-0.341295120
1789439799.130591154,0.086352024,-0.004989527,-0.093197329,-0.670655012,0.657425492,-0.062574550,-0.337783959
1789439799.163927555,0.085139752,-0.006623630,-0.091981542,-0.670793008,0.657915820,-0.068524808,-0.335392106
1789439799.197262764,0.083885478,-0.008721357,-0.091067034,-0.672125332,0.657895699,-0.073650194,-0.331657107
1789439799.230598927,0.082859301,-0.011273159,-0.090309510,-0.674730889,0.657525026,-0.078090512,-0.326038249
1789439799.263935328,0.082078183,-0.013910266,-0.089758614,-0.677711693,0.656371262,-0.080808261,-0.321486628
1789439799.297270536,0.081887969,-0.017062891,-0.089183719,-0.679549613,0.656703058,-0.080230409,-0.317043371
1789439799.330606699,0.082062630,-0.020898736,-0.088616995,-0.680716051,0.658526360,-0.078399653,-0.311162636
1789439799.363942862,0.082623538,-0.025181224,-0.088058222,-0.682620618,0.660624906,-0.076461140,-0.302915035
1789439799.397279263,0.083287580,-0.029901368,-0.087484251,-0.685350325,0.662936612,-0.073187242,-0.292324491
1789439799.430614471,0.084196284,-0.034819580,-0.086970948,-0.688264244,0.665734026,-0.068327061,-0.280039193
1789439799.463950872,0.085175294,-0.039852483,-0.086625185,-0.691359026,0.668295555,-0.063246575,-0.267214555
1789439799.497287035,0.085909890,-0.044973848,-0.086320802,-0.694055832,0.670367247,-0.059283876,-0.255694504
1789439799.530623198,0.086493377,-0.050098520,-0.085995862,-0.695847574,0.672337011,-0.056596914,-0.246081059
1789439799.563958645,0.086716776,-0.055268279,-0.085621730,-0.697490673,0.674222527,-0.055633169,-0.236295780
1789439799.597294807,0.087027322,-0.060278871,-0.085348011,-0.698998458,0.676108481,-0.055824177,-0.226190491
1789439799.630631447,0.087269643,-0.065021392,-0.085109361,-0.700598199,0.677801532,-0.056281407,-0.215823190
1789439799.663966656,0.087505037,-0.069548211,-0.084738693,-0.701401888,0.680613798,-0.057127813,-0.203805453
1789439799.697303057,0.087820605,-0.074039350,-0.084136766,-0.700953711,0.684188113,-0.059276647,-0.192449474
1789439799.730639219,0.088095183,-0.078347040,-0.083143752,-0.699891857,0.687351596,-0.063324129,-0.183546252
1789439799.763975620,0.088276561,-0.082345782,-0.081738545,-0.697921558,0.690748096,-0.068674949,-0.176228026
1789439799.797310829,0.088295006,-0.086222476,-0.079943239,-0.695106755,0.694334840,-0.074239664,-0.170921626
1789439799.830647230,0.088380515,-0.089561409,-0.078041973,-0.692204963,0.697510962,-0.078730427,-0.167726762
1789439799.863983393,0.088339142,-0.092680694,-0.076082364,-0.689810568,0.700194843,-0.081307029,-0.165159708
1789439799.897319794,0.088327117,-0.095454106,-0.074297516,-0.688751195,0.701801807,-0.081923781,-0.162433091
1789439799.930655003,0.088358507,-0.097690831,-0.072862742,-0.689176500,0.702178007,-0.081007125,-0.159435391
1789439799.963991404,0.088456922,-0.099692595,-0.071500000,-0.690372354,0.701621825,-0.080608569,-0.156891956
1789439799.997327566,0.088667056,-0.101623055,-0.070271718,-0.690945703,0.700998966,-0.082284603,-0.156280930
1789439800.030663013,0.088810110,-0.103737325,-0.069327571,-0.691168889,0.700134259,-0.084719524,-0.157861292
1789439800.063999414,0.088973290,-0.106251316,-0.068414112,-0.691735497,0.699371317,-0.085855739,-0.158147259
1789439800.097335100,0.089361579,-0.108959609,-0.067590732,-0.692552129,0.699038289,-0.085369675,-0.156297914
1789439800.130671024,0.089989967,-0.111648816,-0.066792703,-0.692758854,0.699405320,-0.084182312,-0.154371976
1789439800.164005995,0.090656451,-0.113971058,-0.065977319,-0.692694223,0.699861460,-0.082785839,-0.153346519
1789439800.197342157,0.091260066,-0.115749846,-0.065042439,-0.692717263,0.700249474,-0.081315282,-0.152254041
1789439800.230677843,0.091795886,-0.116914651,-0.063977123,-0.692845970,0.700707403,-0.079442662,-0.150540563
1789439800.264013767,0.092223813,-0.117531875,-0.062819569,-0.693011218,0.701358301,-0.077122500,-0.147932771
1789439800.297348738,0.092527336,-0.117553472,-0.061613855,-0.693261577,0.702047784,-0.075500834,-0.144280693
1789439800.330684423,0.092458310,-0.117237329,-0.060232342,-0.692730097,0.703447292,-0.076716540,-0.139289243
1789439800.364020348,0.091763631,-0.117052761,-0.058692100,-0.691093799,0.705424206,-0.082462614,-0.134037186
1789439800.397355318,0.090179215,-0.116879480,-0.057240116,-0.688666080,0.707225945,-0.091811000,-0.130924535
1789439800.430691242,0.087648775,-0.116401017,-0.055904618,-0.687302341,0.707081530,-0.103481289,-0.130164608
1789439800.464026928,0.084204810,-0.115299495,-0.054907175,-0.688070366,0.704081684,-0.116461191,-0.131396135
1789439800.497362852,0.079981173,-0.113828904,-0.054142913,-0.690549422,0.699170635,-0.129642622,-0.132267569
1789439800.530697823,0.075070594,-0.112096507,-0.053708837,-0.693961816,0.693621923,-0.142275883,-0.130626180
1789439800.564033508,0.069901559,-0.110164808,-0.053131619,-0.697756407,0.687905064,-0.154331003,-0.126903748
1789439800.597369432,0.064285812,-0.108502833,-0.052439718,-0.701277555,0.682636357,-0.165481123,-0.121792419
1789439800.630704403,0.059164741,-0.107075249,-0.051326208,-0.703417712,0.679704523,-0.172389849,-0.116133649
1789439800.664040089,0.054225734,-0.106148822,-0.049749394,-0.704341076,0.679166406,-0.174250432,-0.110785502
1789439800.697376013,0.049962976,-0.105308932,-0.048012926,-0.705041994,0.679764798,-0.172244338,-0.105676367
1789439800.730711937,0.045569464,-0.104281752,-0.046146265,-0.705469448,0.680879043,-0.169077827,-0.100644295
1789439800.764046669,0.041178990,-0.103049531,-0.044589194,-0.705599191,0.681840941,-0.168061310,-0.094752885
1789439800.797382593,0.036487810,-0.101571714,-0.043271971,-0.705386411,0.681928162,-0.171636911,-0.089133398
1789439800.830718279,0.031475786,-0.099863114,-0.042084272,-0.705300471,0.680473171,-0.179350666,-0.085678740
1789439800.864054203,0.026318763,-0.098071294,-0.040923614,-0.705100526,0.679092884,-0.186951813,-0.081945856
1789439800.897389174,0.021315161,-0.096453582,-0.039821322,-0.705142951,0.678683380,-0.190966806,-0.075458380
1789439800.930724859,0.016705097,-0.094782927,-0.038819806,-0.704964275,0.678337355,-0.194992817,-0.069725212
1789439800.964060783,0.011691113,-0.092981156,-0.037823159,-0.703696412,0.677832041,-0.202483668,-0.065995820
1789439800.997395754,0.006225712,-0.091109685,-0.036585766,-0.700838610,0.677517001,-0.214101769,-0.062899834
1789439801.030731440,0.000495249,-0.089019845,-0.035069005,-0.697843763,0.676175184,-0.229183919,-0.057235780
1789439801.064067364,-0.005297526,-0.087097308,-0.033185110,-0.694048589,0.675099979,-0.244866624,-0.050763285
1789439801.097404480,-0.010615855,-0.085257253,-0.031418490,-0.690329056,0.675142335,-0.256496712,-0.042872575
1789439801.130740643,-0.015242601,-0.083430879,-0.029994377,-0.688836000,0.674603225,-0.263175986,-0.033968442
1789439801.164078236,-0.019424509,-0.081497066,-0.028798641,-0.689627263,0.672168373,-0.268218429,-0.025744742
1789439801.197415352,-0.023205052,-0.079564853,-0.027705023,-0.690493096,0.669350099,-0.273576419,-0.018592262
1789439801.230752468,-0.026533046,-0.077909203,-0.026646935,-0.690542472,0.667764498,-0.277644516,-0.012457579
1789439801.264088869,-0.029620504,-0.076188614,-0.025687141,-0.690872615,0.666481406,-0.280065504,-0.007802460
1789439801.297425985,-0.032270927,-0.074705963,-0.024762191,-0.691184907,0.665775842,-0.281057331,-0.003567659
1789439801.330763340,-0.034720358,-0.073238462,-0.023980246,-0.691478389,0.665659735,-0.280631408,0.000875716
1789439801.364099741,-0.036814653,-0.071803160,-0.023204914,-0.691856368,0.665025611,-0.281162457,0.004834810
1789439801.397437096,-0.038670872,-0.070614269,-0.022482490,-0.691696410,0.664605582,-0.282468809,0.008177306
1789439801.430774450,-0.039974984,-0.069721288,-0.021800754,-0.691471726,0.664666987,-0.282809575,0.010168201
1789439801.464111805,-0.041209599,-0.069016023,-0.021260721,-0.691722698,0.664546204,-0.282426950,0.011535590
1789439801.497448206,-0.042129882,-0.068404622,-0.020988087,-0.692413125,0.663934696,-0.282090321,0.013410233
1789439801.530785561,-0.042887248,-0.067695362,-0.020949077,-0.693220641,0.662901261,-0.282479752,0.014568845
1789439801.564123154,-0.043354200,-0.067130920,-0.020925467,-0.694191556,0.661696880,-0.282917267,0.014599405
1789439801.597460508,-0.043707773,-0.066765266,-0.020925040,-0.694767660,0.661272466,-0.282499204,0.014519759
1789439801.630796909,-0.043980165,-0.066589258,-0.020935615,-0.695208857,0.660872694,-0.282352101,0.014464380
1789439801.664134264,-0.044306252,-0.066459282,-0.020996643,-0.695870364,0.660038190,-0.282665277,0.014641182
1789439801.697471857,-0.044507548,-0.066372509,-0.021036525,-0.696407617,0.659502266,-0.282554498,0.015367120
1789439801.730808258,-0.044472602,-0.066297815,-0.021103151,-0.696828239,0.659270323,-0.282033140,0.015822604
1789439801.764145851,-0.044133341,-0.066297204,-0.021298106,-0.697417493,0.658911440,-0.281424895,0.015639122
1789439801.797483444,-0.043451013,-0.066358052,-0.021609621,-0.698311193,0.658406914,-0.280466752,0.014149724
1789439801.830820799,-0.042448862,-0.066536013,-0.021925993,-0.699542304,0.658079493,-0.278282054,0.011447444
1789439801.864157438,-0.041142393,-0.066933669,-0.022201791,-0.700599658,0.658453566,-0.274810611,0.008840192
1789439801.897494793,-0.039461757,-0.067535707,-0.022506577,-0.701785236,0.659352254,-0.269652370,0.006299791
1789439801.930832624,-0.037114753,-0.068502372,-0.022820423,-0.702804247,0.661264239,-0.262275661,0.002697205
1789439801.964169264,-0.034206444,-0.069819887,-0.023289223,-0.703683438,0.663957543,-0.252947987,-0.002704637
1789439801.997506857,-0.030651242,-0.071267168,-0.024095673,-0.706033534,0.665880200,-0.240918648,-0.008855115
1789439802.030844212,-0.026572018,-0.072511044,-0.025236920,-0.709508716,0.667294332,-0.226042364,-0.014849424
1789439802.064181805,-0.021847432,-0.073856608,-0.026493920,-0.712999782,0.668705141,-0.209745428,-0.021716384
1789439802.097517729,-0.016860301,-0.075146158,-0.027700444,-0.716027232,0.669963194,-0.193847715,-0.029620667
1789439802.130855083,-0.011744399,-0.076567656,-0.028724877,-0.718306709,0.671126252,-0.179280290,-0.038517564
1789439802.164191961,-0.006793897,-0.078016799,-0.029609841,-0.719889754,0.672172401,-0.166280686,-0.047892992
1789439802.197528839,-0.001634656,-0.079608062,-0.030430244,-0.720393226,0.674424454,-0.151863082,-0.055882561
1789439802.230864763,0.004178738,-0.081112194,-0.031063293,-0.720427103,0.677252730,-0.134588377,-0.064803537
1789439802.264201880,0.010233568,-0.082430661,-0.031558137,-0.719821586,0.679668299,-0.118671574,-0.076321326
1789439802.297538757,0.016214681,-0.083384216,-0.031851582,-0.718560273,0.681738014,-0.105586522,-0.088067588
1789439802.330874920,0.022094924,-0.084196288,-0.032143276,-0.716744168,0.683876744,-0.093670922,-0.099076513
1789439802.364211798,0.027785580,-0.084685630,-0.032618026,-0.715564097,0.685234585,-0.082020197,-0.108140066
1789439802.397549152,0.033099792,-0.085023492,-0.033232891,-0.714831773,0.685558570,-0.073460867,-0.116741104
1789439802.430886030,0.037791227,-0.085284135,-0.033945780,-0.714090375,0.685314262,-0.068325907,-0.125502468
1789439802.464222193,0.042012605,-0.085714185,-0.034796334,-0.713758994,0.684594120,-0.064095640,-0.133306931
1789439802.497559309,0.045851227,-0.086052291,-0.035763360,-0.714180293,0.683516146,-0.059928513,-0.138422397
1789439802.530896187,0.049295415,-0.086335113,-0.036703020,-0.715130439,0.681913889,-0.056755491,-0.142690987
1789439802.564233303,0.052678281,-0.086635283,-0.037602028,-0.715787225,0.680295110,-0.053558138,-0.148252279
1789439802.597569466,0.056077758,-0.086810565,-0.038472514,-0.715726393,0.679459216,-0.050685158,-0.153303355
1789439802.630906820,0.059562803,-0.087069534,-0.039179888,-0.714548813,0.680107545,-0.047766367,-0.156818672
1789439802.664243937,0.063489800,-0.087451637,-0.039849589,-0.711985751,0.681873286,-0.043802309,-0.161884127
1789439802.697580099,0.067251294,-0.087781449,-0.040634061,-0.709968142,0.682783080,-0.039563596,-0.167890516
1789439802.730917215,0.071418994,-0.087796338,-0.041733578,-0.709860039,0.681615310,-0.035363540,-0.173921575
1789439802.764254332,0.075701104,-0.087515185,-0.042973663,-0.710241015,0.679651800,-0.029865058,-0.180939798
1789439802.797591448,0.080290948,-0.087274677,-0.044312810,-0.709798233,0.678399460,-0.023510834,-0.188169820
1789439802.830927849,0.084912582,-0.087119097,-0.045619635,-0.709042354,0.677568614,-0.016953713,-0.194608032
1789439802.864264965,0.089633178,-0.086887701,-0.047000722,-0.708585501,0.676296965,-0.010397835,-0.201049469
1789439802.897602081,0.094157097,-0.086598632,-0.048326667,-0.708180392,0.674772459,-0.005717418,-0.207677569
1789439802.930939198,0.098414592,-0.086162318,-0.049632708,-0.707720761,0.673310284,-0.002664813,-0.213956737
1789439802.964275360,0.102756252,-0.085460529,-0.050709152,-0.706998277,0.672105663,0.000628561,-0.220061398
1789439802.997612715,0.107043896,-0.084620344,-0.051669845,-0.705800240,0.671389363,0.004466294,-0.225969903
1789439803.030950069,0.111567239,-0.083572804,-0.052390487,-0.704184381,0.670945282,0.008808618,-0.232118925
1789439803.064286232,0.116245438,-0.082430035,-0.053111976,-0.702527944,0.670420646,0.014730498,-0.238272233
1789439803.097623348,0.121148627,-0.081029036,-0.053715763,-0.700973978,0.669961817,0.021389626,-0.243575717
1789439803.130960464,0.126119732,-0.079689445,-0.054390038,-0.699261621,0.669537594,0.027182402,-0.249025527
1789439803.164297581,0.131155769,-0.078364068,-0.054962486,-0.697395388,0.669017991,0.032545752,-0.254941906
1789439803.197633743,0.136377532,-0.077152512,-0.055682159,-0.695583922,0.668400688,0.037645462,-0.260741917
1789439803.230971098,0.141730905,-0.076082084,-0.056369425,-0.693715044,0.667659215,0.042024651,-0.266879261
1789439803.264308453,0.147201138,-0.074901517,-0.057186852,-0.692394340,0.666157613,0.046678702,-0.273212758
1789439803.297644615,0.152946006,-0.073655426,-0.057934482,-0.691458121,0.664237091,0.051956357,-0.279240560
1789439803.330981731,0.158816318,-0.072443432,-0.058680254,-0.690494253,0.662375373,0.057958677,-0.284811067
1789439803.364318848,0.164896123,-0.071250203,-0.059392810,-0.689826396,0.660569695,0.064236656,-0.289241893
1789439803.397655964,0.171159296,-0.070012174,-0.060180616,-0.688842826,0.658678584,0.068855696,-0.294782934
1789439803.430992365,0.177388088,-0.068756228,-0.061021702,-0.687417598,0.656466081,0.072151865,-0.302164589
1789439803.464329481,0.183771683,-0.067467252,-0.061894329,-0.686186569,0.654275407,0.075742762,-0.308763208
1789439803.497666836,0.190361962,-0.066133602,-0.062730138,-0.684838954,0.652465674,0.079909956,-0.314481398
1789439803.531004190,0.197002659,-0.064772175,-0.063572544,-0.682527665,0.650775945,0.084306041,-0.321774994
1789439803.564340353,0.203568390,-0.063205945,-0.064411020,-0.680427197,0.648688760,0.089552860,-0.328940736
1789439803.597677469,0.210177474,-0.061536419,-0.065324725,-0.679254728,0.646182766,0.095462978,-0.334585814
1789439803.631014824,0.216558567,-0.059565810,-0.066078278,-0.677804422,0.643650216,0.100146477,-0.340978371
1789439803.664350986,0.222774234,-0.057557729,-0.066708197,-0.676092380,0.641834720,0.103722447,-0.346682766
1789439803.697688580,0.228857090,-0.055645046,-0.067335426,-0.673824934,0.640970929,0.106072836,-0.351944285
1789439803.731025696,0.234722097,-0.053747818,-0.067957672,-0.670890684,0.640037049,0.107697733,-0.358691321
1789439803.764363050,0.240434822,-0.051833462,-0.068520976,-0.668601575,0.638575635,0.110979307,-0.364522543
1789439803.797699213,0.246126020,-0.049904610,-0.069015299,-0.666849934,0.637070607,0.115985586,-0.368781170
1789439803.831036568,0.251797703,-0.048005851,-0.069580820,-0.665323428,0.635698808,0.120740989,-0.372361888
1789439803.864373922,0.257257352,-0.046031067,-0.070237012,-0.663402771,0.634669746,0.123635418,-0.376570525
1789439803.897711277,0.262600498,-0.043996454,-0.071069889,-0.661029846,0.633492811,0.125798395,-0.381970109
1789439803.931047678,0.267845058,-0.041826227,-0.072031977,-0.659383493,0.631617096,0.128847085,-0.386874245
1789439803.964385033,0.273113431,-0.039465387,-0.072981662,-0.658924758,0.629097932,0.133982279,-0.390003467
1789439803.997722149,0.278416276,-0.036878004,-0.073764323,-0.658651140,0.626603245,0.139806464,-0.392429869
1789439804.031058550,0.283477793,-0.034187465,-0.074337440,-0.657137027,0.624004703,0.144233959,-0.397474054
1789439804.064395905,0.288221900,-0.031497178,-0.074578784,-0.654623562,0.622035048,0.148959001,-0.402928786
1789439804.097728968,0.293006285,-0.028745275,-0.074701322,-0.651413044,0.621225870,0.155552325,-0.406869683
1789439804.131062269,0.297615202,-0.026147395,-0.074925081,-0.647488918,0.621229793,0.161242117,-0.410892474
1789439804.164394379,0.301874354,-0.023689623,-0.075414604,-0.644253729,0.620539156,0.164662324,-0.415637591
1789439804.197727203,0.305749581,-0.021527345,-0.076287470,-0.642298740,0.618814812,0.167370046,-0.420128344
1789439804.231060266,0.309384903,-0.019632112,-0.077269777,-0.640961996,0.617260065,0.169322500,-0.423659796
1789439804.264393330,0.312876339,-0.018012787,-0.078165604,-0.639700448,0.616212765,0.169900978,-0.426847539
1789439804.297725201,0.316300499,-0.016800567,-0.078974364,-0.637989760,0.615797790,0.170037857,-0.429941013
1789439804.331058025,0.319761026,-0.015727836,-0.079531668,-0.635466540,0.615968672,0.170620737,-0.433189837
1789439804.364391088,0.323389641,-0.014816813,-0.080053312,-0.632416330,0.616121435,0.172397449,-0.436718539
1789439804.397722960,0.326972488,-0.013776577,-0.080399531,-0.629664854,0.615653348,0.176179760,-0.439833854
1789439804.431055546,0.330679754,-0.012723650,-0.080822224,-0.627430238,0.614463101,0.181360879,-0.442577253
1789439804.464388371,0.334273758,-0.011616894,-0.081338586,-0.625079978,0.612750723,0.186246050,-0.446233103
1789439804.497721434,0.337510971,-0.010800510,-0.081940390,-0.621543256,0.612143758,0.188812016,-0.450903563
1789439804.531053066,0.340336746,-0.010244177,-0.082492588,-0.618362483,0.612553140,0.189181184,-0.454551394
1789439804.564385653,0.342834208,-0.009765432,-0.082949982,-0.616670597,0.612542843,0.189114629,-0.456885432
1789439804.597718477,0.344830532,-0.009208513,-0.083248598,-0.615529362,0.612219301,0.189699178,-0.458612422
1789439804.631050348,0.346761607,-0.008586645,-0.083372162,-0.614587347,0.611999168,0.190838130,-0.459695791
1789439804.664382696,0.348360918,-0.007602630,-0.083287352,-0.613051263,0.611800605,0.192055324,-0.461500727
1789439804.697715282,0.350012127,-0.006560632,-0.082970691,-0.610044712,0.612845485,0.192893286,-0.463743509
1789439804.731048107,0.351426005,-0.005780715,-0.082449381,-0.605348173,0.615112013,0.193575967,-0.466603842
1789439804.764379740,0.353079176,-0.004839704,-0.081888379,-0.600978958,0.617201672,0.195578031,-0.468652986
1789439804.797712088,0.354610263,-0.003835527,-0.081454786,-0.599144226,0.618353617,0.198792642,-0.468130843
1789439804.831044674,0.355912147,-0.002775752,-0.081387224,-0.598165201,0.617817204,0.201145117,-0.469085213
1789439804.864377260,0.356913691,-0.001798488,-0.081544518,-0.597639940,0.616457219,0.201999337,-0.471172227
1789439804.897708416,0.357708778,-0.000908399,-0.081525708,-0.597301031,0.615688285,0.202252337,-0.472496991
1789439804.931041002,0.358395191,-0.000084574,-0.081248388,-0.596365975,0.615876233,0.203035799,-0.473096770
1789439804.964373350,0.359029642,0.000760185,-0.080830106,-0.595350867,0.616491125,0.204559483,-0.472918022
1789439804.997704744,0.359632630,0.001681523,-0.080505201,-0.594553900,0.617028166,0.206096579,-0.472552751
1789439805.031037092,0.360195837,0.002682582,-0.080399166,-0.593969527,0.616762756,0.207477722,-0.473029490
1789439805.064369440,0.360749872,0.003757285,-0.080431928,-0.593679634,0.615605151,0.209316926,-0.474089881
1789439805.097704172,0.361093622,0.004671077,-0.080549302,-0.593913099,0.614225849,0.211580240,-0.474581541
1789439805.131037951,0.361484153,0.005368335,-0.080682596,-0.593805587,0.613516046,0.213041632,-0.474980262
1789439805.164372206,0.361699562,0.005774190,-0.080723791,-0.593037818,0.613543578,0.213013079,-0.475915805
1789439805.197706938,0.361776395,0.005929725,-0.080680054,-0.592675876,0.613676316,0.212525056,-0.476413462
1789439805.231041670,0.361802051,0.005943962,-0.080594520,-0.592882880,0.613734168,0.212480396,-0.476101190
1789439805.264375210,0.361834944,0.005922929,-0.080508285,-0.593068194,0.613891350,0.212872568,-0.475492164
1789439805.297709942,0.361907886,0.005998892,-0.080464221,-0.593275816,0.614033743,0.212752881,-0.475102704
1789439805.331044674,0.361970482,0.006140436,-0.080463755,-0.592808688,0.614152026,0.212003843,-0.475867123
1789439805.364378214,0.362061798,0.006370458,-0.080422424,-0.592292407,0.613881338,0.212245110,-0.476750900
1789439805.397712946,0.362259915,0.006706873,-0.080343904,-0.591992725,0.613676227,0.213563783,-0.476798294
1789439805.431047440,0.362609442,0.007202803,-0.080309522,-0.591226878,0.614279357,0.213724998,-0.476899650
1789439805.464382172,0.363037440,0.007771809,-0.080402346,-0.589495753,0.615055363,0.212549291,-0.478564997
1789439805.497715473,0.363411591,0.008498319,-0.080613714,-0.588354750,0.614863842,0.211354861,-0.480739292
1789439805.531049967,0.363835161,0.009478144,-0.080957657,-0.587475283,0.613961683,0.210846228,-0.483184966
1789439805.564384699,0.364425584,0.010519639,-0.081226458,-0.585386001,0.612856443,0.212051396,-0.486584438
1789439805.597719193,0.365084913,0.011530383,-0.081473375,-0.583678630,0.611720510,0.214259918,-0.489090956
1789439805.631052732,0.365761818,0.012399435,-0.081786243,-0.581645634,0.611456092,0.214249258,-0.491840482
1789439805.664387465,0.366541221,0.013212088,-0.082139599,-0.578008113,0.612550529,0.212013914,-0.495720255
1789439805.697721958,0.367273677,0.013891528,-0.082525368,-0.573583340,0.613820447,0.209264584,-0.500434756
1789439805.731055498,0.368183778,0.014839910,-0.082867621,-0.568711256,0.614261127,0.207755916,-0.506051632
1789439805.764389992,0.369204954,0.016049521,-0.083015471,-0.564647653,0.613575610,0.209642860,-0.510634771
1789439805.797724247,0.370231523,0.017377622,-0.082983604,-0.562040204,0.612701176,0.213099359,-0.513124489
1789439805.831058741,0.371076296,0.018675669,-0.082855405,-0.559586787,0.612263111,0.215062251,-0.515504354
1789439805.864392281,0.371752827,0.019793591,-0.082761364,-0.557583896,0.611903861,0.216025689,-0.517693699
1789439805.897727013,0.372292046,0.020819840,-0.082568754,-0.556218064,0.611924320,0.217319031,-0.518596694
1789439805.931061506,0.372811859,0.021944799,-0.082413881,-0.554090661,0.612335100,0.218245688,-0.519998159
1789439805.964395046,0.373262420,0.022975898,-0.082459348,-0.551994824,0.612112020,0.218097868,-0.522545605
1789439805.997729540,0.373617746,0.024099051,-0.082526615,-0.550965303,0.611400393,0.218277965,-0.524386808
1789439806.031063795,0.374092446,0.025494679,-0.082517838,-0.549621994,0.611100417,0.219145054,-0.525782645
1789439806.064398289,0.374718416,0.026969304,-0.082521897,-0.547224343,0.611009270,0.220686080,-0.527741267
1789439806.097734451,0.375402201,0.028431405,-0.082546542,-0.545013498,0.610719368,0.222175525,-0.529735950
1789439806.131071568,0.376152600,0.029941042,-0.082620751,-0.543123002,0.610458346,0.223038904,-0.531612321
1789439806.164408445,0.376901435,0.031391967,-0.082777427,-0.540199507,0.610416188,0.223690546,-0.534358597
1789439806.197745562,0.377492479,0.032703016,-0.082913975,-0.537179217,0.610178214,0.225055833,-0.537094879
1789439806.231081724,0.378108262,0.033628264,-0.083121284,-0.536017179,0.609528617,0.227042529,-0.538156240
1789439806.264418602,0.378630612,0.034398340,-0.083404229,-0.534898420,0.609151143,0.228185235,-0.539212447
1789439806.297755957,0.378915388,0.034838916,-0.083616613,-0.533261807,0.609175889,0.228519195,-0.540662148
1789439806.331092119,0.379111733,0.034930021,-0.083883728,-0.533270168,0.609715637,0.227734428,-0.540376536
1789439806.364428997,0.379255740,0.034732505,-0.084364158,-0.532259009,0.611089432,0.225090500,-0.540929127
1789439806.397766113,0.379134509,0.034327367,-0.084998770,-0.530906251,0.611758691,0.221601085,-0.542939053
1789439806.431103230,0.378872225,0.033621138,-0.085722215,-0.531891945,0.611138218,0.219220273,-0.543639135
1789439806.464439392,0.378361253,0.032646330,-0.086129883,-0.533295261,0.610395417,0.218090353,-0.543553307
1789439806.497776508,0.377460941,0.031363557,-0.086132313,-0.535311094,0.610278071,0.217175584,-0.542067777
1789439806.531113863,0.376228642,0.029691382,-0.085858225,-0.537541473,0.611038204,0.214265143,-0.540159168
1789439806.564450979,0.374608506,0.027507384,-0.085344788,-0.539409114,0.612438938,0.209457134,-0.538594527
1789439806.597787142,0.372727222,0.024990954,-0.084648727,-0.542584162,0.613938957,0.205084584,-0.535370617
1789439806.631124258,0.370669980,0.022253672,-0.083989981,-0.546661269,0.615379036,0.200723618,-0.531206295
1789439806.664461374,0.368300261,0.019097421,-0.083418296,-0.550323227,0.617045857,0.195284153,-0.527506261
1789439806.697797537,0.365683562,0.015503919,-0.083008091,-0.555391943,0.618754110,0.188811272,-0.522526023
1789439806.731134653,0.362861432,0.011745102,-0.082799280,-0.560975850,0.620269242,0.181728086,-0.517249520
1789439806.764472008,0.359742195,0.007899444,-0.082644674,-0.566169357,0.621834277,0.174339342,-0.512230597
1789439806.797809124,0.356299051,0.003786064,-0.082559132,-0.571912675,0.623562654,0.165622615,-0.506610953
1789439806.831145287,0.352660394,-0.000348673,-0.082478106,-0.577588231,0.625508556,0.156296655,-0.500701745
1789439806.864482641,0.348805622,-0.004568152,-0.082349934,-0.582441640,0.627749070,0.146094618,-0.495327370
1789439806.897819757,0.344821799,-0.008688219,-0.082037989,-0.586749140,0.629877488,0.136712835,-0.490193224
1789439806.931156874,0.340776528,-0.012557697,-0.081624325,-0.591599236,0.631270476,0.130519621,-0.484223665
1789439806.964493275,0.336773423,-0.016183078,-0.081288240,-0.597347337,0.631610875,0.126110757,-0.477849284
1789439806.997830629,0.332625907,-0.019328781,-0.080899136,-0.603160020,0.631675891,0.121272902,-0.471674085
1789439807.031167746,0.328365393,-0.022458028,-0.080412428,-0.607584454,0.632688132,0.114927363,-0.466195840
1789439807.064503908,0.323844706,-0.025346317,-0.079640969,-0.611191091,0.634773645,0.107878476,-0.460293498
1789439807.097838640,0.319098041,-0.028289995,-0.078824444,-0.614790560,0.636893815,0.100673351,-0.454162649
1789439807.131173134,0.314198463,-0.031130933,-0.078015566,-0.618862488,0.638660530,0.093941069,-0.447545556
1789439807.164507866,0.309056082,-0.033673076,-0.077063686,-0.623134613,0.640479039,0.087906418,-0.440184413
1789439807.197841406,0.303681561,-0.036336762,-0.076104751,-0.627492451,0.642308045,0.081881106,-0.432422343
1789439807.231175900,0.298116174,-0.038735379,-0.075124380,-0.631949474,0.643869361,0.075884752,-0.424633504
1789439807.264510393,0.292375067,-0.041012447,-0.074054383,-0.636448923,0.645199569,0.071062466,-0.416653825
1789439807.297843933,0.286461648,-0.043181259,-0.072855959,-0.640420192,0.646812117,0.066261662,-0.408785341
1789439807.331178427,0.280369636,-0.045452159,-0.071603921,-0.643421701,0.648807016,0.060818529,-0.401695254
1789439807.364512920,0.274065885,-0.047682571,-0.070350911,-0.646732390,0.650916763,0.055601359,-0.393640790
1789439807.397847652,0.267649615,-0.049706187,-0.069142711,-0.650481464,0.652897646,0.049759094,-0.384866941
1789439807.431181192,0.260898069,-0.051795021,-0.067979886,-0.653510227,0.654832041,0.042528849,-0.377240874
1789439807.464515686,0.254127559,-0.054043505,-0.066918923,-0.656528913,0.656719292,0.035525447,-0.369360937
1789439807.497850180,0.247374080,-0.056106327,-0.065834068,-0.660140058,0.658552209,0.029647899,-0.360062624
1789439807.531184673,0.240844578,-0.058027397,-0.064759986,-0.663589483,0.660452575,0.024688480,-0.350488050
1789439807.564517975,0.234529797,-0.059929922,-0.063762088,-0.665523426,0.662336782,0.020020156,-0.343493450
1789439807.597852468,0.228241161,-0.061749701,-0.062804689,-0.667086828,0.664177208,0.014534220,-0.337123948
1789439807.631186962,0.221918012,-0.063521651,-0.061871295,-0.668967084,0.666085563,0.008809195,-0.329750604
1789439807.664520264,0.215587705,-0.065075965,-0.060952417,-0.670358440,0.667990211,0.002961160,-0.323109688
1789439807.697854757,0.209208595,-0.066323696,-0.060098325,-0.671510865,0.669873727,-0.004314564,-0.316739219
1789439807.731189251,0.202730968,-0.067257825,-0.059368559,-0.673204804,0.671347406,-0.013537605,-0.309684817
1789439807.764523745,0.196207341,-0.067942414,-0.058868827,-0.675357849,0.671887121,-0.021234068,-0.303329172
1789439807.797857046,0.189845498,-0.068639899,-0.058523518,-0.678165928,0.672030342,-0.025850709,-0.296307164
1789439807.831191301,0.183323786,-0.069305648,-0.058255920,-0.681575767,0.671683718,-0.030046777,-0.288777854
1789439807.864525795,0.176719753,-0.069974497,-0.058011089,-0.685478856,0.670726144,-0.035396436,-0.281055635
1789439807.897860050,0.169932261,-0.070656060,-0.057617254,-0.688626141,0.670240544,-0.042399169,-0.273448281
1789439807.931193590,0.163076408,-0.071422630,-0.056988060,-0.690247687,0.670956011,-0.049403643,-0.266337084
1789439807.964527845,0.156448124,-0.072152866,-0.056237423,-0.691107168,0.672145487,-0.055204095,-0.259891966
1789439807.997862339,0.149998222,-0.072720714,-0.055462448,-0.692085643,0.673312786,-0.058868701,-0.253380802
1789439808.031195641,0.143788780,-0.073119467,-0.054785142,-0.693094079,0.674299439,-0.060426961,-0.247567053
1789439808.064529896,0.137681895,-0.073244977,-0.054286862,-0.694151385,0.674930693,-0.062112109,-0.242413904
1789439808.097867250,0.131718686,-0.072996409,-0.054032415,-0.695125235,0.675468221,-0.066588936,-0.236874446
1789439808.131204844,0.125828117,-0.072422786,-0.053884623,-0.695395562,0.675870086,-0.073381554,-0.232894368
1789439808.164541245,0.119960986,-0.071680681,-0.053629588,-0.694528233,0.676419379,-0.080657059,-0.231477419
1789439808.197878599,0.114311349,-0.070667420,-0.053204663,-0.693669557,0.677194776,-0.086139858,-0.229803626
1789439808.231215954,0.108795636,-0.069621940,-0.052599100,-0.694065349,0.678173377,-0.087589277,-0.225127256
1789439808.264553547,0.103666090,-0.068402399,-0.051952408,-0.694817622,0.679463336,-0.087955120,-0.218682290
1789439808.297889948,0.098647205,-0.067353858,-0.051345853,-0.694789773,0.680474896,-0.091277995,-0.214218148
1789439808.331227303,0.093774505,-0.066392106,-0.050783116,-0.694662185,0.681338838,-0.094360637,-0.210518188
1789439808.364564896,0.089308869,-0.065375863,-0.050265707,-0.695350805,0.682400093,-0.094450307,-0.204686369
1789439808.397901297,0.085386259,-0.064359969,-0.049872291,-0.696332774,0.683078753,-0.094001867,-0.199217806
1789439808.431238651,0.081625833,-0.063392770,-0.049571220,-0.696952799,0.683629620,-0.093284823,-0.195461711
1789439808.464576483,0.078002277,-0.062437002,-0.049307611,-0.697790732,0.684431224,-0.092088369,-0.190162367
1789439808.497913837,0.074428521,-0.061496472,-0.049269035,-0.698632162,0.685184421,-0.093093264,-0.183763585
1789439808.531250238,0.070674004,-0.060509917,-0.049524253,-0.700362572,0.684670148,-0.095615159,-0.177698616
1789439808.564587831,0.066922203,-0.059541017,-0.049894265,-0.703415024,0.683475826,-0.095673532,-0.170043154
1789439808.597925186,0.063461978,-0.058424757,-0.050055409,-0.706559517,0.682846443,-0.092743018,-0.160913384
1789439808.631262064,0.059808080,-0.057532842,-0.049859971,-0.709153325,0.682914997,-0.088506773,-0.151311664
1789439808.664599419,0.056909576,-0.056592982,-0.049431381,-0.710988936,0.683311128,-0.084447052,-0.143001157
1789439808.697937012,0.054336325,-0.055484499,-0.048759067,-0.712171038,0.683715714,-0.081517097,-0.136748670
1789439808.731274366,0.051833612,-0.054319887,-0.047861934,-0.712013669,0.685086331,-0.079008599,-0.132101838
1789439808.764611006,0.049650167,-0.053119713,-0.046841490,-0.710941977,0.687247577,-0.076080949,-0.128311970
1789439808.797948599,0.047698840,-0.051608773,-0.045862607,-0.710484912,0.688632437,-0.073245282,-0.125026738
1789439808.831286192,0.045845532,-0.049820668,-0.044913520,-0.711032713,0.689032524,-0.070240803,-0.121379124
1789439808.864623785,0.044329845,-0.047911204,-0.043854334,-0.711008819,0.689764516,-0.068622720,-0.118246750
1789439808.897960186,0.042796163,-0.046173174,-0.042567946,-0.709707779,0.691410480,-0.069310808,-0.116027704
1789439808.931297779,0.041536711,-0.044409957,-0.041214436,-0.708186602,0.693253764,-0.069249969,-0.114347700
1789439808.964635611,0.040515211,-0.042647247,-0.039888162,-0.706936261,0.695076810,-0.066893187,-0.112403973
1789439808.997972250,0.039869049,-0.040565294,-0.038718601,-0.706696125,0.696161276,-0.063461075,-0.109145575
1789439809.031309605,0.039684138,-0.038318891,-0.037652234,-0.706346523,0.696978143,-0.060479992,-0.107880616
1789439809.064647198,0.040025832,-0.035881125,-0.036690665,-0.705945896,0.697747010,-0.054718315,-0.108606665
1789439809.097984076,0.040567443,-0.033281619,-0.035555562,-0.705933741,0.698469409,-0.048497048,-0.106986329
1789439809.131320000,0.041209615,-0.030669091,-0.034207739,-0.704178591,0.700599243,-0.046301251,-0.105590746
1789439809.164656878,0.041756626,-0.028400439,-0.032833099,-0.701703100,0.703404369,-0.044793861,-0.104060377
1789439809.197993994,0.042368520,-0.026247897,-0.031829639,-0.700436948,0.704853337,-0.041798919,-0.104032236
1789439809.231330872,0.042972199,-0.024151692,-0.031119046,-0.700833073,0.704842695,-0.037243273,-0.103163546
1789439809.264666557,0.043643129,-0.022250476,-0.030685488,-0.701290658,0.704705235,-0.032970735,-0.102444500
1789439809.298003435,0.044209669,-0.020641788,-0.030459563,-0.701598544,0.704479041,-0.030248638,-0.102731616
1789439809.331340313,0.044722238,-0.019199891,-0.030155389,-0.701514728,0.704469405,-0.030168604,-0.103391479
1789439809.364676237,0.045057663,-0.017906958,-0.029722696,-0.700453145,0.705525100,-0.029877373,-0.103474963
1789439809.398013115,0.045397438,-0.016667045,-0.029263364,-0.699424779,0.706812266,-0.027933770,-0.102181720
1789439809.431349993,0.044613463,-0.014481396,-0.029063665,-0.699108724,0.707337703,-0.026432036,-0.101102486
1789439809.464687109,0.044936645,-0.013013752,-0.028525032,-0.699026384,0.707447779,-0.025161324,-0.101225800
1789439809.498023033,0.045058248,-0.011590995,-0.027973417,-0.698715534,0.707859651,-0.022742429,-0.101064825
1789439809.531359911,0.045499352,-0.010154166,-0.027396157,-0.697786432,0.708977634,-0.020394499,-0.100144263
1789439809.564696789,0.045988007,-0.008935449,-0.027008336,-0.697159953,0.709728942,-0.018683450,-0.099517623
1789439809.598033428,0.046505886,-0.007798221,-0.026854977,-0.697392688,0.709590931,-0.016477020,-0.099260556
1789439809.631369352,0.047135879,-0.006718723,-0.026796517,-0.697743511,0.709365154,-0.014082039,-0.098776351
1789439809.664706230,0.047940354,-0.005807853,-0.026735730,-0.696994002,0.709950608,-0.012899944,-0.100015427
1789439809.698043108,0.048760189,-0.005464221,-0.025909357,-0.695627456,0.710954363,-0.011049847,-0.102587703
1789439809.731379032,0.049499909,-0.004105893,-0.026895598,-0.696144598,0.710354251,-0.007267516,-0.103569883
1789439809.764716148,0.050446607,-0.002913647,-0.026968480,-0.696305442,0.710134853,-0.004122902,-0.104164409
1789439809.798053026,0.051426038,-0.001832663,-0.026933217,-0.695753411,0.710570437,-0.001620691,-0.104948647
1789439809.831389904,0.052345918,-0.000814045,-0.026921224,-0.695450956,0.710660839,0.000665959,-0.106342355
1789439809.864725828,0.053117624,0.000264780,-0.026951673,-0.695726133,0.710303943,0.003525834,-0.106869193
1789439809.898062706,0.053695989,0.001255427,-0.026908130,-0.695894788,0.710225479,0.004428986,-0.106257221
1789439809.931399584,0.053998723,0.002192578,-0.026581646,-0.695793073,0.710351127,0.003149764,-0.106128958
1789439809.964735508,0.054091255,0.003125785,-0.025977719,-0.694847155,0.711260279,0.002134258,-0.106262371
1789439809.998072624,0.054147217,0.004072566,-0.025230614,-0.693673584,0.712439546,0.002154388,-0.106029290
1789439810.031409502,0.053866392,0.004615569,-0.024593485,-0.692490566,0.713559853,0.002699199,-0.106216127
1789439810.064746380,0.053227655,0.004354178,-0.024623646,-0.693527909,0.712724412,0.000347616,-0.105084875
1789439810.098083258,0.052306356,0.003862344,-0.024756025,-0.695720488,0.710892998,-0.002068831,-0.102955659
1789439810.131421089,0.051691776,0.003940272,-0.024405582,-0.696188185,0.710680573,-0.003048136,-0.101221753
1789439810.164758921,0.051448024,0.004446844,-0.023390960,-0.694451643,0.712584276,-0.000847808,-0.099799026
1789439810.198096991,0.050722329,0.004335611,-0.022596858,-0.692904086,0.714321135,-0.003128673,-0.098078819
1789439810.231434107,0.049294477,0.004157707,-0.022089551,-0.693701139,0.713690125,-0.007585429,-0.096786344
1789439810.264771938,0.047606043,0.004674495,-0.021333186,-0.693020547,0.714506008,-0.011291705,-0.095268999
1789439810.298110008,0.045307538,0.005076550,-0.020699088,-0.692745676,0.715174114,-0.016640733,-0.091392012
1789439810.331447124,0.042211895,0.005499903,-0.019993358,-0.693368494,0.714949152,-0.024541239,-0.086519182
1789439810.364785194,0.038732415,0.006404016,-0.019269437,-0.692877576,0.715697855,-0.033197368,-0.081210711
1789439810.398123264,0.035475418,0.006249936,-0.019547102,-0.694413186,0.714363441,-0.042681689,-0.075189590
1789439810.431461096,0.034484363,0.006307935,-0.020287367,-0.699437378,0.710274714,-0.037006460,-0.070197634
1789439810.464798450,0.035287453,0.006671595,-0.019781546,-0.696879908,0.713117309,-0.032521093,-0.069025184
1789439810.498136520,0.035246876,0.006338474,-0.019305691,-0.695528000,0.714460129,-0.032864412,-0.068610900
1789439810.531474590,0.035029158,0.006202829,-0.019473390,-0.696468700,0.713575442,-0.033723958,-0.067853762
1789439810.564812899,0.035087795,0.006251457,-0.019636667,-0.696832535,0.713212474,-0.033441754,-0.068073743
1789439810.598150253,0.035057257,0.006235141,-0.019612925,-0.696548164,0.713490291,-0.033460177,-0.068063770
1789439810.631488323,0.034984776,0.006185205,-0.019580923,-0.696510383,0.713556825,-0.033836826,-0.067564873
1789439810.664826393,0.035103336,0.006191455,-0.019580529,-0.696443302,0.713605578,-0.033359027,-0.067977796
1789439810.698163748,0.035084022,0.006217462,-0.019496713,-0.696397870,0.713660141,-0.033520942,-0.067790533
1789439810.731502056,0.035057295,0.006232354,-0.019442006,-0.696153434,0.713895309,-0.033727035,-0.067722752
1789439810.764840364,0.035118782,0.006261610,-0.019497912,-0.696454416,0.713596209,-0.033330972,-0.067976048
1789439810.798178673,0.035032033,0.006300029,-0.019487530,-0.696456891,0.713609166,-0.033679826,-0.067641904
1789439810.831515789,0.035058452,0.006301749,-0.019452571,-0.696120814,0.713925328,-0.033543907,-0.067832479
1789439810.864854336,0.035051776,0.006278240,-0.019530955,-0.696241014,0.713802232,-0.033282964,-0.068022556
1789439810.898192644,0.034911013,0.006260880,-0.019613497,-0.696476482,0.713596073,-0.033670073,-0.067583147
1789439810.931530952,0.034953153,0.006258970,-0.019619832,-0.696253058,0.713800945,-0.033473910,-0.067818786
1789439810.964868307,0.034947457,0.006224069,-0.019658905,-0.696203529,0.713842122,-0.033322591,-0.067968196
1789439810.998206854,0.034830870,0.006190079,-0.019727005,-0.696418610,0.713649688,-0.033667894,-0.067614454
1789439811.031545401,0.034874091,0.006198742,-0.019728352,-0.696340659,0.713714187,-0.033434650,-0.067851827
1789439811.064882755,0.034862359,0.006181088,-0.019705711,-0.696201054,0.713846506,-0.033360793,-0.067928748
1789439811.098218441,0.034799504,0.006146978,-0.019737797,-0.696343012,0.713720636,-0.033664469,-0.067645889
1789439811.131554127,0.034898424,0.006156793,-0.019739466,-0.696357824,0.713693319,-0.033404206,-0.067910136
1789439811.164889812,0.034953597,0.006142120,-0.019685843,-0.696239966,0.713811475,-0.033439033,-0.067859556
1789439811.198224545,0.035006365,0.006116017,-0.019681847,-0.696304268,0.713756311,-0.033627435,-0.067686709
1789439811.231560469,0.035149822,0.006125989,-0.019672504,-0.696360417,0.713688395,-0.033386355,-0.067944063
1789439811.264896154,0.035181635,0.006116861,-0.019641132,-0.696281232,0.713774086,-0.033518911,-0.067789994
1789439811.298230886,0.035236583,0.006108387,-0.019651827,-0.696277251,0.713779019,-0.033573699,-0.067751812
1789439811.331566572,0.035298657,0.006131166,-0.019658356,-0.696341732,0.713706109,-0.033389933,-0.067947735
1789439811.364902258,0.035245079,0.006149572,-0.019644758,-0.696312693,0.713744971,-0.033561110,-0.067752497
1789439811.398237944,0.035237038,0.006171763,-0.019655003,-0.696270575,0.713782586,-0.033503913,-0.067817358
1789439811.431572676,0.035210206,0.006198523,-0.019676500,-0.696334828,0.713715155,-0.033424351,-0.067906541
1789439811.464908361,0.035138652,0.006217432,-0.019689618,-0.696335053,0.713722533,-0.033569576,-0.067754868
1789439811.498244286,0.035131283,0.006225740,-0.019704955,-0.696272440,0.713778343,-0.033448812,-0.067870044
1789439811.531579971,0.035087782,0.006234218,-0.019737757,-0.696320729,0.713731685,-0.033462598,-0.067858522
1789439811.564914703,0.035051832,0.006243814,-0.019745373,-0.696345583,0.713710451,-0.033553134,-0.067782071
1789439811.598250389,0.035067069,0.006253406,-0.019736534,-0.696288748,0.713759071,-0.033437941,-0.067910762
1789439811.631586075,0.035030534,0.006260044,-0.019756795,-0.696320885,0.713731461,-0.033513644,-0.067834078
1789439811.664920807,0.035026427,0.006262023,-0.019775326,-0.696339731,0.713713320,-0.033525399,-0.067825683
1789439811.698256493,0.035048045,0.006255825,-0.019767736,-0.696296580,0.713751369,-0.033458123,-0.067901467
1789439811.731592178,0.035035574,0.006245973,-0.019767226,-0.696311117,0.713741199,-0.033535780,-0.067820946
1789439811.764927864,0.035042073,0.006252848,-0.019792912,-0.696330922,0.713718921,-0.033496415,-0.067871490
1789439811.798262596,0.035043660,0.006254775,-0.019775249,-0.696319689,0.713729659,-0.033479930,-0.067881949
1789439811.831598282,0.035033140,0.006255569,-0.019735970,-0.696327360,0.713724536,-0.033539908,-0.067827502
1789439811.864933968,0.035046244,0.006255244,-0.019718485,-0.696339162,0.713708690,-0.033482641,-0.067901335
1789439811.898270130,0.035035505,0.006253002,-0.019697050,-0.696340376,0.713708231,-0.033512361,-0.067879039
1789439811.931604385,0.035039545,0.006258943,-0.019667671,-0.696326089,0.713723594,-0.033531265,-0.067854722
1789439811.964940548,0.035076087,0.006260683,-0.019651352,-0.696333155,0.713714584,-0.033462246,-0.067911032
1789439811.998276234,0.035078973,0.006269818,-0.019642141,-0.696336372,0.713713617,-0.033517143,-0.067861116
1789439812.031610727,0.035097562,0.006293461,-0.019622642,-0.696327500,0.713721214,-0.033514343,-0.067873636
1789439812.064946651,0.035120092,0.006309884,-0.019620827,-0.696337410,0.713709532,-0.033467744,-0.067917787
1789439812.098287582,0.035117035,0.006321130,-0.019616939,-0.696348086,0.713701637,-0.033531662,-0.067859745
1789439812.131628752,0.035140190,0.006333614,-0.019610763,-0.696323155,0.713723032,-0.033485812,-0.067913156
1789439812.164968729,0.035156548,0.006329785,-0.019630277,-0.696329776,0.713715984,-0.033484088,-0.067920189
1789439812.198309898,0.035176123,0.006316194,-0.019649029,-0.696339984,0.713708037,-0.033526577,-0.067878083
1789439812.231651068,0.035214227,0.006311545,-0.019653838,-0.696316344,0.713727667,-0.033465952,-0.067944068
1789439812.264992476,0.035211908,0.006297871,-0.019686688,-0.696328506,0.713718372,-0.033505293,-0.067897660
1789439812.298332453,0.035214186,0.006287728,-0.019689729,-0.696328508,0.713717646,-0.033504711,-0.067905558
1789439812.331673861,0.035211355,0.006282518,-0.019667658,-0.696312353,0.713731474,-0.033476151,-0.067939951
1789439812.365015030,0.035190563,0.006263227,-0.019691884,-0.696323113,0.713723414,-0.033524934,-0.067890274
1789439812.398355484,0.035189721,0.006252644,-0.019709201,-0.696320049,0.713723924,-0.033489916,-0.067933614
1789439812.431696892,0.035169060,0.006241387,-0.019705196,-0.696314274,0.713730226,-0.033491556,-0.067925781
1789439812.465038061,0.035135176,0.006237266,-0.019710321,-0.696316322,0.713728965,-0.033521149,-0.067903439
1789439812.498379469,0.035083750,0.006256288,-0.019732164,-0.696322295,0.713719549,-0.033490867,-0.067956076
1789439812.531719923,0.035014045,0.006284287,-0.019735841,-0.696313834,0.713728741,-0.033517572,-0.067933072
1789439812.565061331,0.034968687,0.006295462,-0.019733816,-0.696311946,0.713730220,-0.033504319,-0.067943420
1789439812.598402739,0.034925828,0.006312739,-0.019761756,-0.696320832,0.713720988,-0.033475608,-0.067963476
1789439812.631743193,0.034881372,0.006324312,-0.019779040,-0.696315074,0.713728401,-0.033505337,-0.067929959
1789439812.665084600,0.034881404,0.006303018,-0.019783959,-0.696302480,0.713738480,-0.033478822,-0.067966222
1789439812.698426247,0.034891349,0.006268364,-0.019787446,-0.696305425,0.713735726,-0.033480028,-0.067964378
1789439812.731767893,0.034897186,0.006245276,-0.019811878,-0.696311764,0.713729692,-0.033496396,-0.067954729
1789439812.765108347,0.034911176,0.006211107,-0.019835675,-0.696298863,0.713740180,-0.033474532,-0.067987526
1789439812.798449993,0.034926706,0.006166747,-0.019859240,-0.696300334,0.713739748,-0.033502222,-0.067963362
1789439812.831791639,0.034949908,0.006137822,-0.019907027,-0.696300843,0.713737623,-0.033497503,-0.067982783
1789439812.865133286,0.034986867,0.006087338,-0.019953830,-0.696290895,0.713746991,-0.033491014,-0.067989515
1789439812.898474216,0.035027467,0.006033613,-0.020010680,-0.696291585,0.713747300,-0.033512366,-0.067968684
1789439812.931815624,0.035072547,0.005998507,-0.020064245,-0.696290883,0.713746293,-0.033488417,-0.067998251
1789439812.965157509,0.035117532,0.005947906,-0.020104268,-0.696290694,0.713746289,-0.033502441,-0.067993315
1789439812.998498201,0.035153064,0.005902819,-0.020150925,-0.696294497,0.713742979,-0.033513381,-0.067983721
1789439813.031840086,0.035169248,0.005870123,-0.020178138,-0.696294263,0.713741724,-0.033495007,-0.068008353
1789439813.065181732,0.035160852,0.005833630,-0.020222019,-0.696295917,0.713740881,-0.033507220,-0.067994245
1789439813.098520041,0.035137307,0.005823449,-0.020251522,-0.696293389,0.713743020,-0.033500694,-0.068000889
1789439813.131857157,0.035090705,0.005847004,-0.020267992,-0.696289358,0.713745004,-0.033489779,-0.068026720
1789439813.165195227,0.035029736,0.005895118,-0.020268110,-0.696279486,0.713755532,-0.033509857,-0.068007403
1789439813.198533773,0.034969800,0.005982147,-0.020266652,-0.696277194,0.713756712,-0.033500954,-0.068022867
1789439813.231871843,0.034904131,0.006096724,-0.020261961,-0.696284350,0.713748674,-0.033491008,-0.068038867
1789439813.265209198,0.034856694,0.006194674,-0.020227089,-0.696280025,0.713754171,-0.033513059,-0.068014597
1789439813.298547268,0.034841490,0.006283657,-0.020175761,-0.696272287,0.713760300,-0.033491141,-0.068040273
1789439813.331885815,0.034833575,0.006372235,-0.020135530,-0.696278331,0.713754501,-0.033492069,-0.068038814
1789439813.365223169,0.034848619,0.006432939,-0.020103051,-0.696281209,0.713751964,-0.033518204,-0.068023104
1789439813.398561239,0.034868751,0.006490967,-0.020070687,-0.696261993,0.713768257,-0.033487574,-0.068063896
1789439813.431899548,0.034878015,0.006532630,-0.020032824,-0.696265564,0.713765388,-0.033517913,-0.068042522
1789439813.465238094,0.034909412,0.006545537,-0.020002679,-0.696260973,0.713769603,-0.033516039,-0.068046218
1789439813.498575449,0.034944572,0.006545779,-0.019983085,-0.696242613,0.713786012,-0.033494427,-0.068072579
1789439813.531913757,0.034982302,0.006528521,-0.019969381,-0.696251831,0.713778406,-0.033528538,-0.068041255
1789439813.565252304,0.035040192,0.006490725,-0.019960412,-0.696249778,0.713778828,-0.033504966,-0.068069440
1789439813.598590612,0.035076469,0.006460495,-0.019952714,-0.696254231,0.713775287,-0.033500412,-0.068063257
1789439813.631927967,0.035123412,0.006430217,-0.019933835,-0.696260815,0.713769484,-0.033527669,-0.068043345
1789439813.665266275,0.035190515,0.006382932,-0.019909375,-0.696258670,0.713769107,-0.033493812,-0.068085912
1789439813.698605061,0.035235589,0.006334529,-0.019910690,-0.696254757,0.713774654,-0.033515614,-0.068057040
1789439813.731942415,0.035285006,0.006298472,-0.019910721,-0.696252072,0.713777142,-0.033512846,-0.068059780
1789439813.765280724,0.035326246,0.006251413,-0.019891247,-0.696252250,0.713775942,-0.033487675,-0.068082933
1789439813.798619270,0.035345256,0.006215054,-0.019857158,-0.696255223,0.713774633,-0.033526981,-0.068046891
1789439813.831957817,0.035369179,0.006195746,-0.019820107,-0.696243602,0.713783863,-0.033495360,-0.068084542
1789439813.865295410,0.035376127,0.006176223,-0.019789658,-0.696250534,0.713777332,-0.033503802,-0.068077964
1789439813.898633718,0.035371819,0.006169090,-0.019752043,-0.696248975,0.713779309,-0.033527383,-0.068061573
1789439813.931972504,0.035368693,0.006174271,-0.019728233,-0.696238593,0.713785455,-0.033493165,-0.068120142
1789439813.965310097,0.035332453,0.006156097,-0.019719882,-0.696247114,0.713778405,-0.033532675,-0.068087475
1789439813.998648405,0.035294318,0.006149015,-0.019720285,-0.696245615,0.713778631,-0.033529066,-0.068102212
1789439814.031986952,0.035244899,0.006144523,-0.019719633,-0.696241025,0.713781411,-0.033503641,-0.068132506
1789439814.065325737,0.035165419,0.006131577,-0.019738867,-0.696258801,0.713766655,-0.033547343,-0.068083919
1789439814.098659039,0.035100669,0.006137508,-0.019766381,-0.696245217,0.713776213,-0.033513615,-0.068139213
1789439814.131992817,0.035042241,0.006140368,-0.019782526,-0.696248382,0.713772665,-0.033529337,-0.068136312
1789439814.165327072,0.035003688,0.006136366,-0.019803086,-0.696261833,0.713760022,-0.033551345,-0.068120468
1789439814.198661327,0.034989530,0.006143281,-0.019836106,-0.696249730,0.713769718,-0.033503980,-0.068165868
1789439814.231994390,0.034953053,0.006152646,-0.019890996,-0.696253906,0.713767218,-0.033548890,-0.068127297
1789439814.265328646,0.034940703,0.006158546,-0.019929744,-0.696258108,0.713761959,-0.033541691,-0.068142996
1789439814.298662901,0.034930244,0.006174996,-0.019940507,-0.696254197,0.713764058,-0.033510630,-0.068176243
1789439814.331995964,0.034906765,0.006198589,-0.019951689,-0.696259494,0.713760957,-0.033562814,-0.068128929
1789439814.365329742,0.034884890,0.006230965,-0.019966487,-0.696255666,0.713760739,-0.033533552,-0.068184719
1789439814.398663998,0.034848159,0.006266665,-0.019975994,-0.696257259,0.713759317,-0.033549025,-0.068175725
1789439814.431998014,0.034826360,0.006308816,-0.019999016,-0.696256875,0.713760475,-0.033563145,-0.068160564
1789439814.465331316,0.034841140,0.006322793,-0.020030240,-0.696263387,0.713752467,-0.033523342,-0.068197486
1789439814.498665333,0.034854052,0.006323826,-0.020063779,-0.696275331,0.713742888,-0.033563187,-0.068156188
1789439814.531999350,0.034888725,0.006319718,-0.020096389,-0.696266106,0.713750735,-0.033551543,-0.068173983
1789439814.565333366,0.034939284,0.006294703,-0.020121342,-0.696271338,0.713744591,-0.033532721,-0.068194137
1789439814.598666430,0.034982207,0.006276549,-0.020158170,-0.696281103,0.713735740,-0.033572020,-0.068167719
1789439814.632000446,0.035030210,0.006266012,-0.020190233,-0.696271369,0.713743847,-0.033549065,-0.068193562
1789439814.665334463,0.035063476,0.006253729,-0.020210626,-0.696274155,0.713740788,-0.033562755,-0.068190390
1789439814.698667526,0.035096242,0.006252388,-0.020223812,-0.696283353,0.713732707,-0.033567917,-0.068178520
1789439814.732001543,0.035130985,0.006257223,-0.020232193,-0.696272810,0.713741044,-0.033541699,-0.068211800
1789439814.765335560,0.035157296,0.006245964,-0.020242096,-0.696279021,0.713736540,-0.033566301,-0.068183435
1789439814.798669338,0.035191987,0.006245847,-0.020233359,-0.696279825,0.713734638,-0.033569965,-0.068193327
1789439814.832002401,0.035206975,0.006244639,-0.020229346,-0.696271455,0.713741746,-0.033554587,-0.068211952
1789439814.865336418,0.035220985,0.006221251,-0.020229597,-0.696272491,0.713742170,-0.033576699,-0.068186055
1789439814.898670197,0.035235649,0.006202205,-0.020231744,-0.696270501,0.713742557,-0.033562608,-0.068209261
1789439814.932004213,0.035239207,0.006173740,-0.020215784,-0.696268988,0.713743467,-0.033562996,-0.068214988
1789439814.965337276,0.035240109,0.006132260,-0.020204485,-0.696267036,0.713746336,-0.033568558,-0.068202163
1789439814.998671055,0.035236349,0.006087841,-0.020218641,-0.696263349,0.713748225,-0.033552931,-0.068227712
1789439815.032004833,0.035234844,0.006017526,-0.020224927,-0.696267871,0.713745101,-0.033565424,-0.068208100
1789439815.065337896,0.035248985,0.005932221,-0.020244948,-0.696258674,0.713754994,-0.033570657,-0.068195884
1789439815.098675966,0.035246686,0.005853996,-0.020288930,-0.696254864,0.713756363,-0.033561307,-0.068225049
1789439815.132013798,0.035244013,0.005760460,-0.020328208,-0.696257600,0.713754018,-0.033585825,-0.068209597
1789439815.165352106,0.035255276,0.005673129,-0.020365344,-0.696260424,0.713750886,-0.033575633,-0.068218561
1789439815.198689222,0.035262722,0.005596469,-0.020379829,-0.696260442,0.713750890,-0.033566372,-0.068222890
1789439815.232027292,0.035271639,0.005519082,-0.020394767,-0.696260350,0.713752668,-0.033586730,-0.068195202
1789439815.265365362,0.035282615,0.005453129,-0.020398386,-0.696249965,0.713759952,-0.033561658,-0.068237326
1789439815.298702478,0.035273765,0.005427534,-0.020398682,-0.696253265,0.713758269,-0.033589453,-0.068207577
1789439815.332040548,0.035273930,0.005445794,-0.020365756,-0.696255793,0.713755548,-0.033591599,-0.068209183
1789439815.365378618,0.035284153,0.005484221,-0.020312823,-0.696247873,0.713760515,-0.033570555,-0.068248399
1789439815.398716927,0.035277249,0.005557584,-0.020280632,-0.696257614,0.713753598,-0.033605965,-0.068203929
1789439815.432054281,0.035288331,0.005632792,-0.020227021,-0.696249807,0.713759240,-0.033576700,-0.068238974
1789439815.465392351,0.035279377,0.005694695,-0.020180281,-0.696252060,0.713757199,-0.033562770,-0.068244195
1789439815.498730421,0.035261087,0.005754184,-0.020165373,-0.696260885,0.713749951,-0.033599839,-0.068211723
1789439815.532068491,0.035253153,0.005802107,-0.020148496,-0.696257000,0.713750857,-0.033559821,-0.068261574
1789439815.565406084,0.035214283,0.005821717,-0.020131665,-0.696259358,0.713750036,-0.033590427,-0.068231049
1789439815.598744154,0.035197316,0.005822337,-0.020117284,-0.696254743,0.713754435,-0.033597948,-0.068228418
1789439815.632082224,0.035182891,0.005803593,-0.020101593,-0.696254825,0.713751962,-0.033560797,-0.068271723
1789439815.665419579,0.035160693,0.005758755,-0.020108843,-0.696262613,0.713747111,-0.033605017,-0.068221237
1789439815.698757887,0.035171273,0.005696073,-0.020101051,-0.696252952,0.713755598,-0.033580023,-0.068243351
1789439815.732096195,0.035177079,0.005610443,-0.020067430,-0.696258709,0.713748784,-0.033578790,-0.068256490
1789439815.765434265,0.035173571,0.005516326,-0.020054495,-0.696253650,0.713754899,-0.033614188,-0.068226725
1789439815.798771620,0.035186030,0.005431134,-0.020042220,-0.696241035,0.713764882,-0.033570697,-0.068272415
1789439815.832109928,0.035189520,0.005330214,-0.020019605,-0.696246409,0.713761044,-0.033593413,-0.068246552
1789439815.865448236,0.035193527,0.005237275,-0.020021811,-0.696251524,0.713756291,-0.033596710,-0.068242454
1789439815.898786545,0.035200157,0.005159572,-0.020030920,-0.696249624,0.713755230,-0.033575152,-0.068283541
1789439815.932124138,0.035198432,0.005068939,-0.020034618,-0.696253706,0.713753163,-0.033611438,-0.068245662
1789439815.965462446,0.035225703,0.004974252,-0.020031496,-0.696253298,0.713752567,-0.033588652,-0.068267275
1789439815.998800516,0.035230496,0.004900500,-0.020050729,-0.696262731,0.713743591,-0.033586101,-0.068266161
1789439816.032137871,0.035221380,0.004832798,-0.020067615,-0.696256167,0.713750025,-0.033616355,-0.068250955
1789439816.065476418,0.035234725,0.004756477,-0.020064425,-0.696251863,0.713751978,-0.033579380,-0.068292627
1789439816.098812819,0.035233173,0.004694704,-0.020059360,-0.696264855,0.713741057,-0.033600599,-0.068263862
1789439816.132149220,0.035237488,0.004638690,-0.020061628,-0.696260058,0.713745061,-0.033600724,-0.068270859
1789439816.165484667,0.035250498,0.004579231,-0.020061854,-0.696254697,0.713748562,-0.033580926,-0.068298665
1789439816.198821068,0.035248236,0.004528534,-0.020077149,-0.696269012,0.713735526,-0.033607096,-0.068276094
1789439816.232157469,0.035264750,0.004479367,-0.020074596,-0.696269360,0.713733628,-0.033593567,-0.068299040
1789439816.265493870,0.035278775,0.004421799,-0.020080759,-0.696264619,0.713737051,-0.033598663,-0.068309090
1789439816.298829079,0.035290961,0.004378726,-0.020116249,-0.696278096,0.713724541,-0.033611202,-0.068296259
1789439816.332165480,0.035326534,0.004347946,-0.020137514,-0.696271062,0.713730202,-0.033596223,-0.068316187
1789439816.365501881,0.035354101,0.004323585,-0.020168108,-0.696277624,0.713724481,-0.033592274,-0.068311007
1789439816.398837328,0.035387994,0.004311434,-0.020200905,-0.696288205,0.713716039,-0.033594406,-0.068290322
1789439816.432173729,0.035417153,0.004295236,-0.020202522,-0.696289615,0.713713987,-0.033590748,-0.068299182
1789439816.465510368,0.035435578,0.004277317,-0.020210028,-0.696283303,0.713720180,-0.033591656,-0.068298372
1789439816.498846769,0.035461568,0.004274089,-0.020221605,-0.696296186,0.713708080,-0.033596802,-0.068290942
1789439816.532182217,0.035503525,0.004270446,-0.020230615,-0.696292421,0.713711061,-0.033582773,-0.068305081
1789439816.565518379,0.035541263,0.004258897,-0.020245772,-0.696294641,0.713708870,-0.033586555,-0.068303479
1789439816.598854780,0.035582058,0.004261488,-0.020267210,-0.696298751,0.713704765,-0.033595080,-0.068300280
1789439816.632190228,0.035639000,0.004262690,-0.020292530,-0.696293880,0.713708623,-0.033573700,-0.068320143
1789439816.665526628,0.035678154,0.004268347,-0.020309510,-0.696302996,0.713699580,-0.033597706,-0.068309889
1789439816.698863029,0.035709965,0.004288264,-0.020340322,-0.696302260,0.713699806,-0.033590892,-0.068318386
1789439816.732199430,0.035758261,0.004297849,-0.020359801,-0.696290414,0.713709342,-0.033579605,-0.068345037
1789439816.765534878,0.035791502,0.004316332,-0.020389993,-0.696290984,0.713710774,-0.033607033,-0.068310790
1789439816.798871040,0.035843893,0.004349745,-0.020412489,-0.696299951,0.713700733,-0.033583560,-0.068335832
1789439816.832207441,0.035897407,0.004384200,-0.020437854,-0.696298023,0.713702776,-0.033587027,-0.068332438
1789439816.865543842,0.035958198,0.004417737,-0.020463557,-0.696301549,0.713700874,-0.033608306,-0.068305905
1789439816.898879290,0.036033131,0.004457795,-0.020481640,-0.696296405,0.713702655,-0.033572858,-0.068357149
1789439816.932215929,0.036083463,0.004501054,-0.020526598,-0.696298710,0.713702539,-0.033609801,-0.068316712
1789439816.965552330,0.036134779,0.004552836,-0.020564853,-0.696297974,0.713702531,-0.033608972,-0.068324707
1789439816.998887539,0.036178385,0.004613666,-0.020602368,-0.696296473,0.713701813,-0.033583249,-0.068360147
1789439817.032223940,0.036203572,0.004675995,-0.020634421,-0.696295103,0.713706306,-0.033628478,-0.068304927
1789439817.065560341,0.036243907,0.004747201,-0.020663641,-0.696283660,0.713714458,-0.033596831,-0.068351956
1789439817.098895788,0.036263009,0.004832861,-0.020678889,-0.696294407,0.713704687,-0.033615335,-0.068335410
1789439817.132230282,0.036268024,0.004921868,-0.020686378,-0.696290835,0.713708925,-0.033631351,-0.068319662
1789439817.165565729,0.036239712,0.005042558,-0.020700124,-0.696280355,0.713715524,-0.033588983,-0.068378344
1789439817.198901176,0.036181984,0.005185726,-0.020681983,-0.696303305,0.713696371,-0.033624843,-0.068326910
1789439817.232236385,0.036132160,0.005329793,-0.020644037,-0.696295114,0.713702856,-0.033605641,-0.068352097
1789439817.265570879,0.036042098,0.005480999,-0.020641704,-0.696285064,0.713712256,-0.033599269,-0.068359453
1789439817.298906326,0.035938222,0.005638824,-0.020626495,-0.696301663,0.713697013,-0.033632086,-0.068333374
1789439817.332241774,0.035851361,0.005779599,-0.020576605,-0.696300437,0.713695463,-0.033589034,-0.068383211
1789439817.365576029,0.035765273,0.005902258,-0.020527133,-0.696301890,0.713695591,-0.033625241,-0.068349279
1789439817.398911476,0.035691432,0.006022777,-0.020487710,-0.696308129,0.713688253,-0.033625965,-0.068361983
1789439817.432246923,0.035605881,0.006123477,-0.020453640,-0.696299395,0.713695195,-0.033604968,-0.068388793
1789439817.465582132,0.035531477,0.006192399,-0.020426443,-0.696309727,0.713687275,-0.033634374,-0.068351785
1789439817.498916388,0.035496158,0.006222530,-0.020396858,-0.696303864,0.713692070,-0.033597753,-0.068379451
1789439817.532251596,0.035453811,0.006218956,-0.020377236,-0.696306095,0.713688836,-0.033611953,-0.068383505
1789439817.565587044,0.035428129,0.006199806,-0.020371870,-0.696298698,0.713696186,-0.033628910,-0.068373777
1789439817.598922491,0.035416915,0.006182587,-0.020351473,-0.696303924,0.713688779,-0.033591104,-0.068416443
1789439817.632256746,0.035391107,0.006168046,-0.020340322,-0.696305156,0.713688902,-0.033619038,-0.068388893
1789439817.665592194,0.035384816,0.006166596,-0.020322184,-0.696294687,0.713698669,-0.033610076,-0.068397967
1789439817.698927402,0.035374130,0.006179014,-0.020317249,-0.696291885,0.713700003,-0.033594146,-0.068420386
1789439817.732261658,0.035360804,0.006188112,-0.020318004,-0.696301185,0.713692795,-0.033621271,-0.068387598
1789439817.765597105,0.035360491,0.006201149,-0.020300655,-0.696282572,0.713709320,-0.033601511,-0.068414358
1789439817.798932314,0.035356749,0.006217138,-0.020286214,-0.696293233,0.713698722,-0.033611302,-0.068411611
1789439817.832267761,0.035360506,0.006230282,-0.020276739,-0.696302518,0.713690542,-0.033617852,-0.068399223
1789439817.865602016,0.035367633,0.006247821,-0.020270467,-0.696288102,0.713702772,-0.033599284,-0.068427484
1789439817.898937225,0.035378426,0.006265051,-0.020251440,-0.696299627,0.713693150,-0.033623444,-0.068398698
1789439817.932272673,0.035395557,0.006269712,-0.020235353,-0.696304802,0.713687192,-0.033608161,-0.068415681
1789439817.965606928,0.035414944,0.006263484,-0.020233226,-0.696294861,0.713698221,-0.033597820,-0.068406884
1789439817.998942137,0.035425140,0.006245896,-0.020239247,-0.696294723,0.713699621,-0.033607733,-0.068388812
1789439818.032277346,0.035436252,0.006215705,-0.020257076,-0.696295446,0.713697146,-0.033589815,-0.068416076
1789439818.065612555,0.035452859,0.006171853,-0.020261178,-0.696294969,0.713698339,-0.033611730,-0.068397720
1789439818.098948240,0.035479492,0.006124516,-0.020261078,-0.696289088,0.713703066,-0.033611672,-0.068408293
1789439818.132287264,0.035481178,0.006060659,-0.020268401,-0.696294254,0.713696292,-0.033604779,-0.068429775
1789439818.165626287,0.035478643,0.005995028,-0.020278461,-0.696296123,0.713696654,-0.033620789,-0.068399103
1789439818.198965311,0.035484682,0.005921272,-0.020299074,-0.696291785,0.713699078,-0.033608686,-0.068423918
1789439818.232303143,0.035479052,0.005822662,-0.020303476,-0.696293426,0.713696515,-0.033622601,-0.068427115
1789439818.265642405,0.035474506,0.005725605,-0.020293304,-0.696287832,0.713701692,-0.033635448,-0.068423726
1789439818.298981190,0.035476920,0.005629421,-0.020288735,-0.696275887,0.713712726,-0.033609179,-0.068443086
1789439818.332319260,0.035464398,0.005511063,-0.020296291,-0.696283420,0.713706697,-0.033635433,-0.068416432
1789439818.365658522,0.035455411,0.005407272,-0.020296911,-0.696287327,0.713701286,-0.033627851,-0.068436832
1789439818.398997545,0.035451638,0.005305159,-0.020287608,-0.696287156,0.713700759,-0.033626937,-0.068444513
1789439818.432336330,0.035428868,0.005199838,-0.020287527,-0.696300559,0.713688378,-0.033647381,-0.068427214
1789439818.465674639,0.035419276,0.005099586,-0.020264459,-0.696299944,0.713686558,-0.033622376,-0.068464744
1789439818.499013662,0.035401537,0.005007927,-0.020267183,-0.696293234,0.713693692,-0.033644771,-0.068447615
1789439818.532352924,0.035383039,0.004917168,-0.020283589,-0.696293936,0.713692863,-0.033644203,-0.068449394
1789439818.565692186,0.035370159,0.004825265,-0.020265495,-0.696301148,0.713684883,-0.033631435,-0.068465511
1789439818.599030256,0.035344191,0.004757612,-0.020253522,-0.696293930,0.713693316,-0.033647199,-0.068443256
1789439818.632369280,0.035330596,0.004678276,-0.020246508,-0.696282152,0.713704339,-0.033625293,-0.068458901
1789439818.665708780,0.035320785,0.004599185,-0.020231632,-0.696289670,0.713697602,-0.033633217,-0.068448775
1789439818.699046850,0.035310256,0.004532368,-0.020219656,-0.696288311,0.713698962,-0.033638479,-0.068445837
1789439818.732385874,0.035300222,0.004454739,-0.020207855,-0.696285748,0.713700164,-0.033618966,-0.068468957
1789439818.765725374,0.035287053,0.004389276,-0.020206664,-0.696296311,0.713689837,-0.033642836,-0.068457451
1789439818.799064636,0.035279757,0.004337000,-0.020208268,-0.696290540,0.713694516,-0.033640492,-0.068468524
1789439818.832402945,0.035279062,0.004281296,-0.020194735,-0.696300732,0.713683152,-0.033649938,-0.068478695
1789439818.865742207,0.035278462,0.004232665,-0.020193176,-0.696303247,0.713682455,-0.033653776,-0.068458491
1789439818.899081469,0.035275230,0.004189328,-0.020192602,-0.696288934,0.713695091,-0.033635377,-0.068481378
1789439818.932420969,0.035254355,0.004142587,-0.020185591,-0.696288066,0.713696374,-0.033653230,-0.068468057
1789439818.965759277,0.035230121,0.004114984,-0.020195890,-0.696294833,0.713688651,-0.033657671,-0.068477561
1789439818.999098539,0.035209641,0.004088028,-0.020187334,-0.696286670,0.713695804,-0.033645550,-0.068491967
1789439819.032438040,0.035199504,0.004046761,-0.020179665,-0.696288491,0.713694400,-0.033660336,-0.068480822
1789439819.065776348,0.035207348,0.004016344,-0.020174694,-0.696289963,0.713691654,-0.033654645,-0.068497265
1789439819.099115610,0.035211855,0.003991214,-0.020169496,-0.696284239,0.713698122,-0.033663916,-0.068483502
1789439819.132451773,0.035209419,0.003962499,-0.020169964,-0.696282895,0.713698523,-0.033673899,-0.068488075
1789439819.165787697,0.035211023,0.003937042,-0.020177213,-0.696283573,0.713695771,-0.033672598,-0.068510501
1789439819.199122667,0.035207389,0.003914698,-0.020185460,-0.696282539,0.713698681,-0.033679338,-0.068487375
1789439819.232458591,0.035209650,0.003889144,-0.020186236,-0.696284093,0.713695706,-0.033666322,-0.068508983
1789439819.265794516,0.035204960,0.003875920,-0.020191147,-0.696279294,0.713700127,-0.033676755,-0.068506571
1789439819.299129248,0.035197079,0.003871917,-0.020203219,-0.696270902,0.713707927,-0.033686062,-0.068506022
1789439819.332465172,0.035194247,0.003848472,-0.020190190,-0.696268418,0.713708647,-0.033665815,-0.068533707
1789439819.365801096,0.035195996,0.003826771,-0.020172716,-0.696281507,0.713698198,-0.033680114,-0.068502517
1789439819.399137020,0.035192752,0.003815352,-0.020170191,-0.696271900,0.713706918,-0.033662999,-0.068517726
1789439819.432471991,0.035185719,0.003788899,-0.020179427,-0.696263073,0.713715303,-0.033661388,-0.068520874
1789439819.465807915,0.035178392,0.003774469,-0.020185556,-0.696269770,0.713708970,-0.033679250,-0.068510014
1789439819.499143600,0.035183035,0.003759975,-0.020178762,-0.696252994,0.713723922,-0.033661520,-0.068533443
1789439819.532479525,0.035185555,0.003739484,-0.020168491,-0.696257395,0.713719452,-0.033676721,-0.068527828
1789439819.565814495,0.035181888,0.003728180,-0.020158024,-0.696256576,0.713719078,-0.033687237,-0.068534869
1789439819.599150419,0.035175591,0.003717814,-0.020140496,-0.696242687,0.713730499,-0.033677329,-0.068561893
1789439819.632486343,0.035170080,0.003690447,-0.020128353,-0.696242406,0.713731100,-0.033694722,-0.068549933
1789439819.665821075,0.035182468,0.003677721,-0.020140544,-0.696242642,0.713731579,-0.033684000,-0.068547826
1789439819.699157000,0.035184932,0.003668574,-0.020156122,-0.696240483,0.713733229,-0.033681893,-0.068553617
1789439819.732492924,0.035166827,0.003658670,-0.020156109,-0.696246780,0.713726997,-0.033696534,-0.068547353
1789439819.765828848,0.035159822,0.003662600,-0.020177683,-0.696251860,0.713720674,-0.033687664,-0.068565940
1789439819.799163818,0.035158883,0.003656818,-0.020183871,-0.696240627,0.713732204,-0.033690920,-0.068558384
1789439819.832499504,0.035159531,0.003643963,-0.020178673,-0.696247369,0.713725181,-0.033701650,-0.068557766
1789439819.865835428,0.035155927,0.003644157,-0.020181459,-0.696245508,0.713725182,-0.033682782,-0.068585912
1789439819.899171352,0.035145044,0.003638751,-0.020182654,-0.696233928,0.713737674,-0.033697702,-0.068566131
1789439819.932506323,0.035149637,0.003622174,-0.020178873,-0.696236654,0.713734437,-0.033695201,-0.068573378
1789439819.965842009,0.035157151,0.003616099,-0.020165545,-0.696238821,0.713731350,-0.033691969,-0.068585091
1789439819.999177933,0.035167545,0.003605415,-0.020160612,-0.696236872,0.713733999,-0.033700562,-0.068573095
1789439820.032512903,0.035170797,0.003591609,-0.020162641,-0.696219952,0.713748764,-0.033690751,-0.068596020
1789439820.065848827,0.035167164,0.003593285,-0.020177032,-0.696226106,0.713742219,-0.033695609,-0.068599273
1789439820.099184513,0.035160719,0.003594886,-0.020197939,-0.696220349,0.713747863,-0.033704287,-0.068594717
1789439820.132519484,0.035161492,0.003592781,-0.020195210,-0.696220651,0.713747465,-0.033687802,-0.068603888
1789439820.165853262,0.035163502,0.003596838,-0.020199418,-0.696220671,0.713747506,-0.033701580,-0.068596485
1789439820.199187994,0.035164345,0.003599271,-0.020191934,-0.696217239,0.713749881,-0.033700287,-0.068607246
1789439820.232522964,0.035172466,0.003592342,-0.020176635,-0.696215728,0.713749837,-0.033701124,-0.068622622
1789439820.265857697,0.035155634,0.003605426,-0.020180711,-0.696224759,0.713740884,-0.033709674,-0.068619919
1789439820.299191475,0.035162087,0.003614319,-0.020171202,-0.696220296,0.713744945,-0.033690873,-0.068632192
1789439820.332526207,0.035163131,0.003622580,-0.020150997,-0.696222750,0.713742440,-0.033698302,-0.068629700
1789439820.365860939,0.035158578,0.003649729,-0.020142685,-0.696225290,0.713741080,-0.033707226,-0.068613689
1789439820.399194479,0.035177104,0.003670511,-0.020136300,-0.696223613,0.713740887,-0.033690382,-0.068640986
1789439820.432529211,0.035190127,0.003687488,-0.020121813,-0.696207578,0.713757963,-0.033704213,-0.068619268
1789439820.465863705,0.035257445,0.003836079,-0.020025729,-0.696586597,0.713419431,-0.033416245,-0.068433786
1789439820.499198437,0.035267377,0.003816507,-0.020040327,-0.696543184,0.713463280,-0.033326683,-0.068462200
1789439820.532532215,0.035251649,0.003821537,-0.020031072,-0.696542814,0.713458567,-0.033380975,-0.068488630
1789439820.565866709,0.035231987,0.003815490,-0.020068232,-0.696505365,0.713485953,-0.033382851,-0.068583213
1789439820.599201441,0.035238528,0.003793983,-0.020073025,-0.696496205,0.713497618,-0.033397894,-0.068547549
1789439820.632534981,0.035249625,0.003793097,-0.020065062,-0.696525214,0.713476771,-0.033372284,-0.068482219
1789439820.665869474,0.035242530,0.003766769,-0.020110589,-0.696449301,0.713550648,-0.033316584,-0.068511680
1789439820.699203968,0.035177369,0.003743928,-0.020105691,-0.696427875,0.713557000,-0.033380496,-0.068632098
1789439820.732538223,0.035149508,0.003744172,-0.020103184,-0.696445097,0.713531002,-0.033415902,-0.068710353
1789439820.765871763,0.035162743,0.003747353,-0.020125640,-0.696431278,0.713552672,-0.033334766,-0.068664784
1789439820.799206257,0.035172658,0.003735006,-0.020110781,-0.696447786,0.713541678,-0.033324498,-0.068616563
1789439820.832540751,0.035133864,0.003729556,-0.020130870,-0.696464578,0.713519502,-0.033353726,-0.068662514
1789439820.865875244,0.035117762,0.003715970,-0.020143132,-0.696453430,0.713522152,-0.033357832,-0.068746005
1789439820.899208784,0.035117449,0.003688593,-0.020169664,-0.696401053,0.713577349,-0.033384631,-0.068690662
1789439820.932543278,0.035168244,0.003678908,-0.020149556,-0.696405113,0.713582716,-0.033358780,-0.068606248
1789439820.965877533,0.035205859,0.003709548,-0.020147804,-0.696460841,0.713534259,-0.033293144,-0.068576416
1789439820.999210835,0.035158588,0.003715319,-0.020133035,-0.696507733,0.713472191,-0.033324998,-0.068730311
1789439821.032545090,0.035156790,0.003700139,-0.020140102,-0.696460385,0.713514672,-0.033342464,-0.068760640
1789439821.065879583,0.035195802,0.003675813,-0.020162380,-0.696383019,0.713604965,-0.033288128,-0.068633407
1789439821.099213839,0.035180472,0.003683291,-0.020147821,-0.696419763,0.713565375,-0.033323015,-0.068655272
1789439821.132547379,0.035163302,0.003686575,-0.020161718,-0.696423801,0.713560387,-0.033336508,-0.068659602
1789439821.165881872,0.035158682,0.003696832,-0.020172288,-0.696416071,0.713568803,-0.033307792,-0.068664477
1789439821.199216366,0.035133158,0.003687680,-0.020152839,-0.696447578,0.713525629,-0.033361420,-0.068767460
1789439821.232550859,0.035123337,0.003694608,-0.020146801,-0.696471650,0.713497102,-0.033410825,-0.068795665
1789439821.265884161,0.035141736,0.003701501,-0.020169693,-0.696464622,0.713513833,-0.033319221,-0.068737690
1789439821.299218416,0.035172959,0.003668588,-0.020162132,-0.696428412,0.713555848,-0.033341323,-0.068657670
1789439821.332552910,0.035154921,0.003695478,-0.020162013,-0.696476436,0.713507447,-0.033372688,-0.068658288
1789439821.365886211,0.035135107,0.003717615,-0.020198913,-0.696482303,0.713501884,-0.033319040,-0.068682639
1789439821.399220705,0.035142638,0.003695893,-0.020178667,-0.696470303,0.713516833,-0.033336196,-0.068640689
1789439821.432554960,0.035104790,0.003725074,-0.020175496,-0.696511857,0.713466632,-0.033358311,-0.068730069
1789439821.465889454,0.035086922,0.003725083,-0.020197348,-0.696467382,0.713509361,-0.033305584,-0.068762751
1789439821.499222755,0.035179415,0.003673985,-0.020173588,-0.696407932,0.713591141,-0.033234172,-0.068550458
1789439821.532556772,0.035169823,0.003701589,-0.020159223,-0.696463998,0.713531519,-0.033297983,-0.068570513
1789439821.565891027,0.035114400,0.003707286,-0.020198912,-0.696465510,0.713512513,-0.033342701,-0.068731004
1789439821.599225283,0.035129905,0.003675314,-0.020201483,-0.696439162,0.713539134,-0.033322064,-0.068731635
1789439821.632558584,0.035141319,0.003692268,-0.020192021,-0.696480193,0.713504055,-0.033296488,-0.068692410
1789439821.665892601,0.035135636,0.003693151,-0.020203015,-0.696470893,0.713513623,-0.033328144,-0.068671972
1789439821.699226856,0.035140983,0.003681559,-0.020176835,-0.696509172,0.713470820,-0.033353611,-0.068716069
1789439821.732560158,0.035138514,0.003701931,-0.020197310,-0.696524591,0.713460435,-0.033364113,-0.068662491
1789439821.765893936,0.035156481,0.003673720,-0.020210221,-0.696432587,0.713557264,-0.033333352,-0.068604443
1789439821.799227953,0.035169001,0.003667498,-0.020172461,-0.696448739,0.713535606,-0.033293778,-0.068684913
1789439821.832562208,0.035196876,0.003687459,-0.020177009,-0.696487004,0.713509821,-0.033300224,-0.068561530
1789439821.865895271,0.035189876,0.003677364,-0.020223499,-0.696412058,0.713586027,-0.033262183,-0.068548194
1789439821.899229288,0.035174544,0.003673979,-0.020192444,-0.696436326,0.713552033,-0.033292591,-0.068640689
1789439821.932563305,0.035160309,0.003704008,-0.020181957,-0.696487998,0.713503570,-0.033353827,-0.068590433
1789439821.965896130,0.035122379,0.003714953,-0.020211197,-0.696478619,0.713502036,-0.033337749,-0.068709328
1789439821.999230146,0.035107143,0.003699080,-0.020207148,-0.696503506,0.713476667,-0.033379462,-0.068700242
1789439822.032564163,0.035144573,0.003692744,-0.020204238,-0.696468445,0.713520130,-0.033329560,-0.068628490
1789439822.065898180,0.035153654,0.003683972,-0.020230567,-0.696409805,0.713579750,-0.033238508,-0.068647842
1789439822.099231005,0.035136235,0.003679923,-0.020214370,-0.696438612,0.713547112,-0.033350814,-0.068640383
1789439822.132567167,0.035117067,0.003692114,-0.020194280,-0.696468424,0.713506404,-0.033361933,-0.068755554
1789439822.165903091,0.035095436,0.003696057,-0.020229092,-0.696460228,0.713511423,-0.033350101,-0.068792230
1789439822.199239016,0.035129781,0.003673610,-0.020193818,-0.696485089,0.713490325,-0.033364272,-0.068752476
1789439822.232573986,0.035133889,0.003674035,-0.020228186,-0.696480064,0.713497804,-0.033369457,-0.068723238
1789439822.265909910,0.035120564,0.003651639,-0.020256817,-0.696417107,0.713556603,-0.033383346,-0.068744013
1789439822.299246073,0.035170953,0.003627271,-0.020231064,-0.696428988,0.713550341,-0.033339480,-0.068709933
1789439822.332581043,0.035180202,0.003648589,-0.020247611,-0.696465073,0.713521618,-0.033343865,-0.068640291
1789439822.365916967,0.035148525,0.003647563,-0.020277673,-0.696421920,0.713555398,-0.033341688,-0.068727973
1789439822.399252892,0.035158522,0.003644953,-0.020249180,-0.696461455,0.713518934,-0.033340571,-0.068706461
1789439822.432588816,0.035161592,0.003663564,-0.020251311,-0.696481745,0.713503841,-0.033329706,-0.068662793
1789439822.465923786,0.035142649,0.003649346,-0.020308279,-0.696399350,0.713582659,-0.033290169,-0.068698602
1789439822.499259710,0.035117378,0.003645526,-0.020288337,-0.696425324,0.713549955,-0.033369052,-0.068736716
1789439822.532595873,0.035107831,0.003679539,-0.020269253,-0.696497454,0.713474839,-0.033386610,-0.068777072
1789439822.565931797,0.035161543,0.003620376,-0.020286985,-0.696384592,0.713596992,-0.033281650,-0.068703451
1789439822.599266768,0.035178834,0.003623828,-0.020267151,-0.696389791,0.713598498,-0.033279199,-0.068636271
1789439822.632602692,0.035174601,0.003666425,-0.020249766,-0.696467277,0.713518869,-0.033271287,-0.068681716
1789439822.665938616,0.035134981,0.003648259,-0.020265722,-0.696406456,0.713568775,-0.033305394,-0.068763382
1789439822.699273586,0.035115845,0.003646990,-0.020237824,-0.696435490,0.713530909,-0.033393794,-0.068819353
1789439822.732609510,0.035131845,0.003669993,-0.020261057,-0.696459348,0.713510512,-0.033378380,-0.068796870
1789439822.765945673,0.035201237,0.003638572,-0.020226477,-0.696401212,0.713584457,-0.033297925,-0.068657286
1789439822.799281597,0.035229281,0.003631114,-0.020191296,-0.696449172,0.713542038,-0.033244878,-0.068637380
1789439822.832616568,0.035173538,0.003635956,-0.020213309,-0.696454692,0.713522195,-0.033308339,-0.068756777
1789439822.865952492,0.035191577,0.003601109,-0.020206111,-0.696387118,0.713591670,-0.033291717,-0.068728249
1789439822.899288416,0.035252340,0.003590045,-0.020158518,-0.696442567,0.713546905,-0.033247969,-0.068652297
1789439822.932624340,0.035244360,0.003599974,-0.020157164,-0.696496487,0.713491975,-0.033301690,-0.068650147
1789439822.965959311,0.035260371,0.003561131,-0.020128275,-0.696444226,0.713540893,-0.033281380,-0.068681754
1789439822.999295235,0.035289603,0.003542949,-0.020062326,-0.696486348,0.713498552,-0.033283056,-0.068693672
1789439823.032631159,0.035331221,0.003540515,-0.020032618,-0.696514653,0.713470980,-0.033298733,-0.068685465
1789439823.065966129,0.035482412,0.003494152,-0.019980373,-0.696401247,0.713597274,-0.033178500,-0.068581495
