t_sec,x,y,z,qw,qx,qy,qz
1790504262.488837719,0.000000355,0.000000432,-0.000000229,0.999998997,-0.000966584,-0.000071250,-0.001033002
1790504262.522229671,-0.000034690,-0.000035495,0.000021646,0.999998989,-0.000966962,-0.000086336,-0.001038653
1790504262.555606365,-0.000050590,-0.000039587,0.000037347,0.999998963,-0.000992565,-0.000082946,-0.001040247
1790504262.588968992,-0.000050679,-0.000027814,0.000033976,0.999998961,-0.000984511,-0.000095135,-0.001048522
1790504262.622317076,-0.000045476,-0.000014110,0.000017903,0.999998979,-0.000976736,-0.000076220,-0.001040361
1790504262.655650377,-0.000055352,-0.000007149,0.000019012,0.999998962,-0.000986677,-0.000092244,-0.001046320
1790504262.688967705,-0.000059187,-0.000000119,0.000022591,0.999998959,-0.000985018,-0.000076136,-0.001051376
1790504262.722271442,-0.000051726,0.000010168,0.000004543,0.999998961,-0.000983079,-0.000084794,-0.001050854
1790504262.755560637,-0.000052933,0.000013032,-0.000001406,0.999998960,-0.000994344,-0.000073026,-0.001042053
1790504262.788833857,-0.000060840,0.000006871,0.000010996,0.999998962,-0.000992380,-0.000073086,-0.001041993
1790504262.822093010,-0.000060197,0.000005329,0.000011546,0.999998932,-0.001012332,-0.000071611,-0.001052154
1790504262.855337858,-0.000056520,0.000003410,0.000000412,0.999998952,-0.000989858,-0.000088026,-0.001052659
1790504262.888567924,-0.000060443,-0.000000739,0.000004524,0.999998953,-0.001000211,-0.000068771,-0.001043815
1790504262.921782017,-0.000059041,-0.000001738,0.000002968,0.999998971,-0.000985533,-0.000077879,-0.001039238
1790504262.954982519,-0.000047436,0.000002392,-0.000012158,0.999998964,-0.000991456,-0.000076836,-0.001040398
1790504262.988168001,-0.000047117,-0.000000563,-0.000011265,0.999998970,-0.000987681,-0.000074843,-0.001038536
1790504263.021338224,-0.000051089,-0.000008086,-0.000001365,0.999998967,-0.000989871,-0.000073727,-0.001039391
1790504263.054494143,-0.000045513,-0.000010678,-0.000008241,0.999998977,-0.000984884,-0.000077835,-0.001034768
1790504263.087635517,-0.000041119,-0.000010812,-0.000014308,0.999998965,-0.000997517,-0.000069433,-0.001034919
1790504263.120762110,-0.000042809,-0.000013717,-0.000005911,0.999998965,-0.000995723,-0.000081012,-0.001034973
1790504263.153873205,-0.000036602,-0.000014843,-0.000006988,0.999998991,-0.000982712,-0.000074478,-0.001023463
1790504263.186970472,-0.000034026,-0.000013573,-0.000015434,0.999998978,-0.000990904,-0.000077589,-0.001027526
1790504263.220052719,-0.000036514,-0.000015848,-0.000009967,0.999998989,-0.000984082,-0.000064629,-0.001024611
1790504263.253120422,-0.000033897,-0.000018051,-0.000005406,0.999998984,-0.000987686,-0.000069588,-0.001025881
1790504263.286172390,-0.000027368,-0.000019105,-0.000011466,0.999998979,-0.000984608,-0.000080015,-0.001032752
1790504263.319210529,-0.000022744,-0.000021862,-0.000009872,0.999998979,-0.000985963,-0.000081468,-0.001030905
1790504263.352233887,-0.000018896,-0.000025181,-0.000000803,0.999998978,-0.000979709,-0.000093221,-0.001036835
1790504263.385241508,-0.000011833,-0.000023715,-0.000001101,0.999998972,-0.000987435,-0.000089607,-0.001035804
1790504263.418237209,-0.000006212,-0.000019106,-0.000003208,0.999998951,-0.001002208,-0.000091622,-0.001041936
1790504263.451595306,-0.000004767,-0.000018341,0.000005587,0.999998985,-0.000977340,-0.000080456,-0.001033304
1790504263.484949589,-0.000005121,-0.000014302,0.000012872,0.999998971,-0.000982820,-0.000089306,-0.001041624
1790504263.518299580,-0.000001860,-0.000007373,0.000013672,0.999998972,-0.000983574,-0.000090472,-0.001039467
1790504263.551646948,-0.000000997,-0.000003594,0.000024884,0.999998979,-0.000975551,-0.000085841,-0.001040327
1790504263.584990740,0.000000590,-0.000000103,0.000040829,0.999998977,-0.000976046,-0.000090123,-0.001042090
1790504263.618330956,0.000007686,0.000008288,0.000047592,0.999998983,-0.000966264,-0.000097284,-0.001044386
1790504263.651666641,0.000011890,0.000017273,0.000057202,0.999998988,-0.000961527,-0.000098616,-0.001043682
1790504263.684999704,0.000010567,0.000024138,0.000076832,0.999998982,-0.000970560,-0.000092916,-0.001042079
1790504263.718329430,0.000013240,0.000030812,0.000095423,0.999998992,-0.000957088,-0.000085783,-0.001045129
1790504263.751654625,0.000018606,0.000039627,0.000112662,0.999998985,-0.000961058,-0.000094936,-0.001047323
1790504263.784976959,0.000019597,0.000048916,0.000138222,0.999998970,-0.000970981,-0.000094601,-0.001052768
1790504263.818295956,0.000019537,0.000059861,0.000167368,0.999998969,-0.000967642,-0.000098901,-0.001056066
1790504263.851611376,0.000022912,0.000074306,0.000197527,0.999998981,-0.000964353,-0.000089992,-0.001048755
1790504263.884922028,0.000028830,0.000090538,0.000232369,0.999998994,-0.000955520,-0.000083809,-0.001045284
1790504263.918230534,0.000034451,0.000105515,0.000269283,0.999998987,-0.000957197,-0.000106101,-0.001048521
1790504263.951535225,0.000040619,0.000119125,0.000305944,0.999998979,-0.000960036,-0.000094572,-0.001053834
1790504263.984836340,0.000047229,0.000135766,0.000343915,0.999998954,-0.000979741,-0.000104383,-0.001059190
1790504264.018133163,0.000053663,0.000154271,0.000387906,0.999998979,-0.000963804,-0.000104606,-0.001050219
1790504264.051426888,0.000059547,0.000175032,0.000435309,0.999998985,-0.000960465,-0.000097971,-0.001047635
1790504264.084717512,0.000064446,0.000193970,0.000483366,0.999998969,-0.000971588,-0.000111053,-0.001051593
1790504264.118003607,0.000067366,0.000210705,0.000536082,0.999998986,-0.000963089,-0.000099580,-0.001044375
1790504264.151287079,0.000073171,0.000232162,0.000582305,0.999998966,-0.000976049,-0.000104524,-0.001050949
1790504264.184566975,0.000081854,0.000254932,0.000621759,0.999998969,-0.000970741,-0.000107466,-0.001052493
1790504264.217843294,0.000085113,0.000274826,0.000670489,0.999998984,-0.000967363,-0.000079816,-0.001044029
1790504264.251115084,0.000088294,0.000293445,0.000716647,0.999998957,-0.000978126,-0.000105085,-0.001057660
1790504264.284384251,0.000099203,0.000310185,0.000749030,0.999998971,-0.000975887,-0.000088683,-0.001048033
1790504264.317649841,0.000100879,0.000320934,0.000775199,0.999998941,-0.000990367,-0.000103836,-0.001061111
1790504264.350910902,0.000095759,0.000321978,0.000803737,0.999998952,-0.000985803,-0.000087226,-0.001056833
1790504264.384169340,0.000095493,0.000323985,0.000820134,0.999998952,-0.000981489,-0.000084988,-0.001060949
1790504264.417425156,0.000099655,0.000328835,0.000818986,0.999998932,-0.000996040,-0.000091471,-0.001065870
1790504264.450676918,0.000097435,0.000330387,0.000823114,0.999998933,-0.001002219,-0.000078983,-0.001059781
1790504264.483923197,0.000098758,0.000334158,0.000832264,0.999998938,-0.000986592,-0.000089299,-0.001068993
1790504264.517165422,0.000103958,0.000337100,0.000828021,0.999998929,-0.001001241,-0.000081937,-0.001064281
1790504264.550403595,0.000107227,0.000340606,0.000823243,0.999998964,-0.000982930,-0.000078279,-0.001048585
1790504264.583636761,0.000106612,0.000338659,0.000829030,0.999998952,-0.000980230,-0.000098568,-0.001061328
1790504264.616864443,0.000103791,0.000335224,0.000831633,0.999998953,-0.000981920,-0.000100106,-0.001058563
1790504264.650088310,0.000103730,0.000332778,0.000824442,0.999998964,-0.000981567,-0.000077825,-0.001050292
1790504264.683307886,0.000108504,0.000332686,0.000821938,0.999998932,-0.001004540,-0.000105789,-0.001056269
1790504264.716521740,0.000107012,0.000338100,0.000824232,0.999998996,-0.000957027,-0.000093036,-0.001040882
1790504264.749732018,0.000108188,0.000337145,0.000821124,0.999998968,-0.000979045,-0.000105390,-0.001045727
1790504264.782937288,0.000107251,0.000333654,0.000820922,0.999998977,-0.000971528,-0.000101939,-0.001044512
1790504264.816138268,0.000103257,0.000328874,0.000826729,0.999998978,-0.000976562,-0.000099412,-0.001039465
1790504264.849333525,0.000102571,0.000329025,0.000827428,0.999998981,-0.000972638,-0.000094662,-0.001040971
1790504264.882525206,0.000109187,0.000333744,0.000820365,0.999998990,-0.000964361,-0.000102919,-0.001038640
1790504264.915712357,0.000108510,0.000336725,0.000818628,0.999999016,-0.000941565,-0.000099557,-0.001034925
1790504264.948894739,0.000100276,0.000331892,0.000824609,0.999998994,-0.000961022,-0.000090024,-0.001039170
1790504264.982071638,0.000100582,0.000332696,0.000821056,0.999999001,-0.000957860,-0.000077529,-0.001036773
1790504265.015244722,0.000107756,0.000334566,0.000815380,0.999999013,-0.000944193,-0.000083698,-0.001037316
1790504265.048413277,0.000103685,0.000331777,0.000827212,0.999999005,-0.000951451,-0.000089486,-0.001037706
1790504265.081576109,0.000101296,0.000334575,0.000831322,0.999999039,-0.000915882,-0.000084236,-0.001037340
1790504265.114735365,0.000105481,0.000337373,0.000818243,0.999999039,-0.000926080,-0.000070479,-0.001029070
1790504265.147890091,0.000105449,0.000336693,0.000816998,0.999999028,-0.000933537,-0.000083900,-0.001032017
1790504265.181040287,0.000102148,0.000335634,0.000823803,0.999999031,-0.000927840,-0.000070460,-0.001035668
1790504265.214184523,0.000105402,0.000333669,0.000823079,0.999999018,-0.000938423,-0.000088612,-0.001037327
1790504265.247325420,0.000104562,0.000331449,0.000820781,0.999999006,-0.000953194,-0.000077393,-0.001036543
1790504265.280461788,0.000101021,0.000329539,0.000825439,0.999999020,-0.000942499,-0.000073460,-0.001032809
1790504265.313593149,0.000098996,0.000329908,0.000827147,0.999998992,-0.000971173,-0.000074125,-0.001033176
1790504265.346719027,0.000101824,0.000338219,0.000821934,0.999999020,-0.000941864,-0.000070904,-0.001033608
1790504265.379841328,0.000103968,0.000339065,0.000818924,0.999999003,-0.000960538,-0.000072489,-0.001032825
1790504265.412960052,0.000100481,0.000335646,0.000823878,0.999998996,-0.000967651,-0.000078583,-0.001032134
1790504265.446287870,0.000099183,0.000333918,0.000826739,0.999999000,-0.000963153,-0.000075163,-0.001032812
1790504265.479616404,0.000104039,0.000331723,0.000822832,0.999998984,-0.000982683,-0.000072034,-0.001029910
1790504265.512945414,0.000103776,0.000328917,0.000824152,0.999998974,-0.000985871,-0.000081241,-0.001036139
1790504265.546273708,0.000105752,0.000329934,0.000824963,0.999998971,-0.000986922,-0.000086046,-0.001037677
1790504265.579601288,0.000110275,0.000334434,0.000821114,0.999998975,-0.000981096,-0.000086529,-0.001039414
1790504265.612929583,0.000105692,0.000337890,0.000823956,0.999998984,-0.000972770,-0.000081018,-0.001038557
1790504265.646257877,0.000098383,0.000337257,0.000824991,0.999998986,-0.000978440,-0.000069156,-0.001032057
1790504265.679585218,0.000096680,0.000336888,0.000823130,0.999998991,-0.000974868,-0.000067222,-0.001031509
1790504265.712913036,0.000098419,0.000335641,0.000823675,0.999998974,-0.000980131,-0.000075992,-0.001042256
1790504265.746241093,0.000102709,0.000334577,0.000825115,0.999998966,-0.000990721,-0.000076063,-0.001039131
1790504265.779569149,0.000106497,0.000335696,0.000819955,0.999998978,-0.000975932,-0.000085828,-0.001041174
1790504265.812896013,0.000101118,0.000334305,0.000820154,0.999998952,-0.000997413,-0.000077149,-0.001046511
1790504265.846223593,0.000101562,0.000335972,0.000822320,0.999998966,-0.000985320,-0.000080447,-0.001044608
1790504265.879551172,0.000103040,0.000334618,0.000821829,0.999998974,-0.000977752,-0.000077149,-0.001044271
1790504265.912878990,0.000101970,0.000328745,0.000822582,0.999998939,-0.001012891,-0.000074279,-0.001044377
1790504265.946205378,0.000100014,0.000331924,0.000825103,0.999998966,-0.000982275,-0.000080269,-0.001047030
1790504265.979532719,0.000100625,0.000338466,0.000823499,0.999998984,-0.000973574,-0.000073615,-0.001038779
1790504266.012859821,0.000104387,0.000341983,0.000819213,0.999998982,-0.000973372,-0.000076083,-0.001040395
1790504266.046185970,0.000101289,0.000340960,0.000821750,0.999998965,-0.000979559,-0.000074138,-0.001051300
1790504266.079513073,0.000098507,0.000338673,0.000825775,0.999998971,-0.000982006,-0.000066253,-0.001043210
1790504266.112840176,0.000102293,0.000337922,0.000823653,0.999998985,-0.000973952,-0.000067733,-0.001037732
1790504266.146167040,0.000105236,0.000334679,0.000821203,0.999998962,-0.000987394,-0.000081536,-0.001046196
1790504266.179492950,0.000102560,0.000332302,0.000824063,0.999998972,-0.000983068,-0.000070157,-0.001041586
1790504266.212819576,0.000108392,0.000330514,0.000822317,0.999998956,-0.000994671,-0.000085586,-0.001045074
1790504266.246146202,0.000114007,0.000331029,0.000818062,0.999998947,-0.000998255,-0.000092718,-0.001049125
1790504266.279472589,0.000107969,0.000331087,0.000821232,0.999998956,-0.000991171,-0.000091066,-0.001047187
1790504266.312798023,0.000100600,0.000331742,0.000824475,0.999998964,-0.000986100,-0.000085131,-0.001045046
1790504266.346124411,0.000099472,0.000331767,0.000822955,0.999998969,-0.000980637,-0.000087383,-0.001044895
1790504266.379450798,0.000099938,0.000328526,0.000823732,0.999998942,-0.001003536,-0.000100028,-0.001048543
1790504266.412775993,0.000099866,0.000330216,0.000824144,0.999998970,-0.000985806,-0.000088804,-0.001039429
1790504266.446125031,0.000106999,0.000334417,0.000818702,0.999998961,-0.000988083,-0.000108628,-0.001043976
1790504266.479474068,0.000107193,0.000337958,0.000819531,0.999998972,-0.000971672,-0.000112076,-0.001048550
1790504266.512823820,0.000103568,0.000336380,0.000823481,0.999998967,-0.000983966,-0.000113705,-0.001041732
1790504266.546172380,0.000097766,0.000335725,0.000825734,0.999998973,-0.000979707,-0.000093505,-0.001041606
1790504266.579522133,0.000097474,0.000335191,0.000824544,0.999998968,-0.000982588,-0.000094312,-0.001043864
1790504266.612872362,0.000098569,0.000333409,0.000823276,0.999998944,-0.000996400,-0.000099752,-0.001052802
1790504266.646222830,0.000100606,0.000334166,0.000822658,0.999998974,-0.000977017,-0.000093669,-0.001043584
1790504266.679572582,0.000104056,0.000333937,0.000820680,0.999998951,-0.000992009,-0.000096406,-0.001051115
1790504266.712923288,0.000105236,0.000334516,0.000821848,0.999998948,-0.000982527,-0.000104782,-0.001062044
1790504266.746274233,0.000102818,0.000333340,0.000822407,0.999998933,-0.000999599,-0.000098977,-0.001060508
1790504266.779624462,0.000101860,0.000336600,0.000822338,0.999998954,-0.000980526,-0.000085801,-0.001059466
1790504266.812976122,0.000106113,0.000337235,0.000822585,0.999998948,-0.000985632,-0.000103571,-0.001058911
1790504266.846327782,0.000107717,0.000336253,0.000822687,0.999998946,-0.000983309,-0.000104457,-0.001063086
1790504266.879679680,0.000105732,0.000334185,0.000820584,0.999998964,-0.000977941,-0.000089397,-0.001052660
1790504266.913031101,0.000104636,0.000331121,0.000820321,0.999998931,-0.001001462,-0.000100048,-0.001060925
1790504266.946383238,0.000103117,0.000333723,0.000823866,0.999998966,-0.000972554,-0.000096963,-0.001054704
1790504266.979736090,0.000104477,0.000335831,0.000821710,0.999998976,-0.000968300,-0.000094896,-0.001049540
1790504267.013087988,0.000105176,0.000333593,0.000820636,0.999998973,-0.000974563,-0.000102166,-0.001045525
1790504267.046440840,0.000103564,0.000332450,0.000821259,0.999998964,-0.000981821,-0.000098466,-0.001048429
1790504267.079794168,0.000104265,0.000334829,0.000823685,0.999998986,-0.000961178,-0.000099454,-0.001046085
1790504267.113147736,0.000103219,0.000337181,0.000822430,0.999998988,-0.000961291,-0.000097037,-0.001044037
1790504267.146500587,0.000102837,0.000337698,0.000822048,0.999998996,-0.000952158,-0.000097412,-0.001044473
1790504267.179854393,0.000103806,0.000336175,0.000820834,0.999998979,-0.000968466,-0.000108552,-0.001045519
1790504267.213208675,0.000101928,0.000337787,0.000819645,0.999998990,-0.000958636,-0.000092104,-0.001045683
1790504267.246562958,0.000101439,0.000337567,0.000821798,0.999998984,-0.000964041,-0.000096986,-0.001045592
1790504267.279916763,0.000102031,0.000335108,0.000825030,0.999998978,-0.000975074,-0.000094381,-0.001041280
1790504267.313271761,0.000105916,0.000336710,0.000821931,0.999998977,-0.000974038,-0.000096865,-0.001043438
1790504267.346626759,0.000108896,0.000340053,0.000823731,0.999998979,-0.000971748,-0.000099365,-0.001042567
1790504267.379981041,0.000108027,0.000340309,0.000830541,0.999998990,-0.000961007,-0.000102695,-0.001042264
1790504267.413336515,0.000104548,0.000334837,0.000837156,0.999998970,-0.000984145,-0.000092809,-0.001040660
1790504267.446675301,0.000105835,0.000339540,0.000837564,0.999998966,-0.000988151,-0.000094203,-0.001040236
1790504267.480014086,0.000105165,0.000345229,0.000839944,0.999998983,-0.000971777,-0.000090101,-0.001040113
1790504267.513352156,0.000105222,0.000343511,0.000839618,0.999998973,-0.000976613,-0.000089750,-0.001045293
1790504267.546690941,0.000106376,0.000340091,0.000835966,0.999998940,-0.001005246,-0.000099833,-0.001048464
1790504267.580029964,0.000100442,0.000343962,0.000833030,0.999998993,-0.000964164,-0.000078739,-0.001038347
1790504267.613368988,0.000098074,0.000342965,0.000834790,0.999998980,-0.000975580,-0.000075805,-0.001040834
1790504267.646707058,0.000100725,0.000340554,0.000834684,0.999998970,-0.000980248,-0.000088114,-0.001044989
1790504267.680046320,0.000101953,0.000339402,0.000834626,0.999998965,-0.000977204,-0.000087911,-0.001052157
1790504267.713385820,0.000101248,0.000338275,0.000835549,0.999998975,-0.000973581,-0.000085592,-0.001046193
1790504267.746723890,0.000101717,0.000338014,0.000833477,0.999998967,-0.000979689,-0.000082656,-0.001048588
1790504267.780063391,0.000104666,0.000339760,0.000829249,0.999998970,-0.000973375,-0.000093885,-0.001050751
1790504267.813402891,0.000104369,0.000339958,0.000829898,0.999998965,-0.000971043,-0.000090878,-0.001057842
1790504267.846742392,0.000105080,0.000338428,0.000833061,0.999998962,-0.000974403,-0.000091857,-0.001057058
1790504267.880080938,0.000106967,0.000339011,0.000832618,0.999998972,-0.000972115,-0.000088902,-0.001049938
1790504267.913420677,0.000107302,0.000341026,0.000832658,0.999998960,-0.000971665,-0.000095042,-0.001061261
1790504267.946760416,0.000105261,0.000341696,0.000833951,0.999998967,-0.000973573,-0.000089525,-0.001053366
1790504267.980100393,0.000104295,0.000343794,0.000833010,0.999998972,-0.000967926,-0.000085076,-0.001054170
1790504268.013439178,0.000104093,0.000343542,0.000833427,0.999998975,-0.000969010,-0.000085817,-0.001050919
1790504268.046779156,0.000103230,0.000341487,0.000833418,0.999998967,-0.000976704,-0.000089556,-0.001051056
1790504268.080119133,0.000102426,0.000338958,0.000833190,0.999998957,-0.000982918,-0.000084501,-0.001054743
1790504268.113457918,0.000103535,0.000338730,0.000832082,0.999998957,-0.000984689,-0.000078279,-0.001053371
1790504268.146798372,0.000107307,0.000342938,0.000829951,0.999998967,-0.000975803,-0.000094832,-0.001051320
1790504268.180138350,0.000104381,0.000345926,0.000831224,0.999998980,-0.000968063,-0.000085195,-0.001046857
1790504268.213478804,0.000100339,0.000343834,0.000832324,0.999998976,-0.000974511,-0.000081262,-0.001045093
1790504268.246818066,0.000099611,0.000339860,0.000833768,0.999998965,-0.000981680,-0.000087903,-0.001047989
1790504268.280158520,0.000101537,0.000339453,0.000834444,0.999998965,-0.000981593,-0.000089226,-0.001048106
1790504268.313498735,0.000105466,0.000342076,0.000832805,0.999998977,-0.000968288,-0.000101566,-0.001048369
1790504268.346838474,0.000103457,0.000341370,0.000832035,0.999998963,-0.000983494,-0.000098058,-0.001047646
1790504268.380178928,0.000099697,0.000341101,0.000832431,0.999998967,-0.000976904,-0.000098355,-0.001049590
1790504268.413519859,0.000098751,0.000338978,0.000833791,0.999998966,-0.000983393,-0.000093116,-0.001045526
1790504268.446850538,0.000101669,0.000337073,0.000834047,0.999998958,-0.000985822,-0.000105743,-0.001049182
1790504268.480180740,0.000103537,0.000337747,0.000834356,0.999998958,-0.000986586,-0.000104922,-0.001048261
1790504268.513511419,0.000104381,0.000342624,0.000832274,0.999998970,-0.000973642,-0.000108166,-0.001048611
1790504268.546842337,0.000102074,0.000343143,0.000832501,0.999998972,-0.000974919,-0.000104082,-0.001046508
1790504268.580173016,0.000098827,0.000338228,0.000832420,0.999998977,-0.000985626,-0.000092003,-0.001032466
1790504268.613502741,0.000099161,0.000336040,0.000834218,0.999998957,-0.000995193,-0.000097418,-0.001042559
1790504268.646833181,0.000103046,0.000340342,0.000831922,0.999998962,-0.000985225,-0.000109882,-0.001045813
1790504268.680164099,0.000104975,0.000344794,0.000830893,0.999998983,-0.000975722,-0.000105718,-0.001035132
1790504268.713493347,0.000102751,0.000345453,0.000831044,0.999998983,-0.000975512,-0.000098831,-0.001036105
1790504268.746824026,0.000100740,0.000342025,0.000831740,0.999998974,-0.000986212,-0.000099976,-0.001034441
1790504268.780154228,0.000100727,0.000339020,0.000832068,0.999998968,-0.000996105,-0.000098892,-0.001030352
1790504268.813484907,0.000103435,0.000342207,0.000831134,0.999998974,-0.000987083,-0.000107565,-0.001032104
1790504268.846814156,0.000105252,0.000345525,0.000831056,0.999998978,-0.000981415,-0.000102775,-0.001034864
1790504268.880144358,0.000105671,0.000343810,0.000832075,0.999998984,-0.000978767,-0.000101867,-0.001031500
1790504268.913474560,0.000104099,0.000338933,0.000832155,0.999998963,-0.000998336,-0.000098554,-0.001033334
1790504268.946804762,0.000101236,0.000335908,0.000831947,0.999998968,-0.000994499,-0.000095231,-0.001032789
1790504268.980133772,0.000100755,0.000335896,0.000832971,0.999998959,-0.000999697,-0.000096799,-0.001036078
1790504269.013463974,0.000100298,0.000336471,0.000832629,0.999998983,-0.000983972,-0.000088128,-0.001028375
1790504269.046793938,0.000099786,0.000333198,0.000834731,0.999998952,-0.001009445,-0.000085772,-0.001033797
1790504269.080122709,0.000100946,0.000333014,0.000834383,0.999998970,-0.000989287,-0.000097073,-0.001035535
1790504269.113452673,0.000099638,0.000332081,0.000835027,0.999998954,-0.001014333,-0.000078352,-0.001028315
1790504269.146782398,0.000101591,0.000336658,0.000832297,0.999998980,-0.000988265,-0.000091098,-0.001026920
1790504269.180112362,0.000099351,0.000339733,0.000831972,0.999998972,-0.000994073,-0.000084878,-0.001029483
1790504269.213440895,0.000098031,0.000341717,0.000832576,0.999998986,-0.000981232,-0.000074494,-0.001029638
1790504269.246770859,0.000101500,0.000339881,0.000832086,0.999998968,-0.000996500,-0.000086320,-0.001031400
1790504269.280100346,0.000104753,0.000339895,0.000833931,0.999998964,-0.000992870,-0.000094036,-0.001037635
1790504269.313429832,0.000104067,0.000339930,0.000835075,0.999998976,-0.000990866,-0.000081251,-0.001029342
1790504269.346758366,0.000103325,0.000338033,0.000835866,0.999998969,-0.000990025,-0.000085774,-0.001036123
1790504269.380087614,0.000103543,0.000335139,0.000837243,0.999998945,-0.001013101,-0.000088187,-0.001037566
1790504269.413417339,0.000104273,0.000338253,0.000833151,0.999998969,-0.000997105,-0.000085995,-0.001029451
1790504269.446747541,0.000104024,0.000342499,0.000830980,0.999998972,-0.000985451,-0.000088693,-0.001038242
1790504269.480079174,0.000103675,0.000341174,0.000831233,0.999998961,-0.000995240,-0.000085686,-0.001039468
1790504269.513410330,0.000103900,0.000336756,0.000834286,0.999998957,-0.000997580,-0.000087612,-0.001040446
1790504269.546741724,0.000104358,0.000334737,0.000836671,0.999998955,-0.001005539,-0.000088581,-0.001034848
1790504269.580071926,0.000103365,0.000338056,0.000834994,0.999998962,-0.000988082,-0.000098113,-0.001043989
1790504269.613403082,0.000098547,0.000341884,0.000832495,0.999998980,-0.000978436,-0.000084052,-0.001036948
1790504269.646734476,0.000096487,0.000342267,0.000833029,0.999998980,-0.000979697,-0.000078154,-0.001036841
1790504269.680064440,0.000103195,0.000343268,0.000833426,0.999998968,-0.000979012,-0.000099039,-0.001046698
1790504269.713395596,0.000108520,0.000344830,0.000834366,0.999998976,-0.000965408,-0.000105255,-0.001051517
1790504269.746726274,0.000108403,0.000342821,0.000834743,0.999998967,-0.000971511,-0.000105967,-0.001053802
1790504269.780057430,0.000104608,0.000336818,0.000835690,0.999998964,-0.000979025,-0.000107674,-0.001049975
1790504269.813387156,0.000099817,0.000335003,0.000836722,0.999998951,-0.000988995,-0.000095838,-0.001053512
1790504269.846718073,0.000097982,0.000340687,0.000832652,0.999998982,-0.000959996,-0.000100687,-0.001050666
1790504269.880048752,0.000095885,0.000339974,0.000833423,0.999998975,-0.000972189,-0.000083879,-0.001047832
1790504269.913379431,0.000099792,0.000337330,0.000834202,0.999998970,-0.000974396,-0.000099695,-0.001048984
1790504269.946709156,0.000103878,0.000334852,0.000834819,0.999998971,-0.000974129,-0.000097074,-0.001048411
1790504269.980039835,0.000107384,0.000334138,0.000834493,0.999998954,-0.000987140,-0.000100384,-0.001052350
1790504270.013370037,0.000108055,0.000339291,0.000835380,0.999998973,-0.000972163,-0.000094560,-0.001048471
1790504270.046699762,0.000107281,0.000345289,0.000834338,0.999999000,-0.000949187,-0.000099445,-0.001043239
1790504270.080029964,0.000102488,0.000342490,0.000834075,0.999998995,-0.000963206,-0.000091540,-0.001036716
1790504270.113360643,0.000097664,0.000336813,0.000836949,0.999998991,-0.000971422,-0.000075240,-0.001033392
1790504270.146690845,0.000101106,0.000335178,0.000835999,0.999998973,-0.000981326,-0.000084242,-0.001040765
1790504270.180020094,0.000105354,0.000339387,0.000834587,0.999998995,-0.000962132,-0.000091065,-0.001037218
1790504270.213350296,0.000107330,0.000342554,0.000833113,0.999998995,-0.000967216,-0.000089399,-0.001032419
1790504270.246680498,0.000107461,0.000342938,0.000833220,0.999998991,-0.000970984,-0.000090374,-0.001033353
1790504270.280010462,0.000106679,0.000341687,0.000833007,0.999998981,-0.000972890,-0.000092556,-0.001040477
1790504270.313339710,0.000104080,0.000340589,0.000829837,0.999998984,-0.000980145,-0.000083027,-0.001031720
1790504270.346669436,0.000103430,0.000341267,0.000828426,0.999998984,-0.000979929,-0.000085767,-0.001031220
1790504270.379999399,0.000102278,0.000340624,0.000829740,0.999998981,-0.000980176,-0.000081520,-0.001035159
1790504270.413328409,0.000102501,0.000338145,0.000832266,0.999998972,-0.000990738,-0.000082089,-0.001033692
1790504270.446665525,0.000103017,0.000336459,0.000836360,0.999998968,-0.000995501,-0.000084829,-0.001032715
1790504270.480002642,0.000105590,0.000337486,0.000838918,0.999998959,-0.000998236,-0.000094125,-0.001037413
1790504270.513339996,0.000104635,0.000338891,0.000837231,0.999998971,-0.000986050,-0.000086168,-0.001037952
1790504270.546676159,0.000103837,0.000339693,0.000835191,0.999998968,-0.000993313,-0.000080943,-0.001034665
1790504270.580013514,0.000106552,0.000340560,0.000831378,0.999998975,-0.000984599,-0.000090425,-0.001036017
1790504270.613350868,0.000106755,0.000338398,0.000828934,0.999998965,-0.000992760,-0.000084480,-0.001037721
1790504270.646688223,0.000106289,0.000337988,0.000829849,0.999998968,-0.000991911,-0.000085222,-0.001035499
1790504270.680024385,0.000104613,0.000338423,0.000830888,0.999998966,-0.000988250,-0.000086872,-0.001041185
1790504270.713361740,0.000102091,0.000338074,0.000832219,0.999998965,-0.000994055,-0.000078352,-0.001037176
1790504270.746699333,0.000101823,0.000338553,0.000833932,0.999998986,-0.000980084,-0.000075824,-0.001030348
1790504270.780035734,0.000104299,0.000335219,0.000834872,0.999998964,-0.000991465,-0.000082311,-0.001039966
1790504270.813373089,0.000105411,0.000331068,0.000834675,0.999998942,-0.001006753,-0.000088437,-0.001046407
1790504270.846710682,0.000105519,0.000333678,0.000834331,0.999998961,-0.000993016,-0.000081857,-0.001041974
1790504270.880048037,0.000106787,0.000337982,0.000834528,0.999998967,-0.000981866,-0.000094515,-0.001045032
1790504270.913384438,0.000105818,0.000339683,0.000834147,0.999998953,-0.000993739,-0.000093505,-0.001047290
1790504270.946722269,0.000102965,0.000343690,0.000832469,0.999998970,-0.000979099,-0.000084394,-0.001045906
1790504270.980059624,0.000103113,0.000344155,0.000833206,0.999998956,-0.000978053,-0.000100132,-0.001059258
1790504271.013396263,0.000102659,0.000340804,0.000832515,0.999998955,-0.000987997,-0.000087347,-0.001051795
1790504271.046733856,0.000103138,0.000337809,0.000832734,0.999998935,-0.000999729,-0.000100216,-0.001058972
1790504271.080071449,0.000100738,0.000338669,0.000833911,0.999998948,-0.000989083,-0.000092659,-0.001057211
1790504271.113409281,0.000099746,0.000337961,0.000834695,0.999998933,-0.000994642,-0.000098766,-0.001065767
1790504271.146745682,0.000099232,0.000336360,0.000835568,0.999998936,-0.000995940,-0.000098362,-0.001061268
1790504271.180083513,0.000098724,0.000336511,0.000835614,0.999998935,-0.001000692,-0.000092492,-0.001058461
1790504271.213421106,0.000098316,0.000340056,0.000834107,0.999998938,-0.000994718,-0.000101371,-0.001060131
1790504271.246758699,0.000096771,0.000343496,0.000834866,0.999998963,-0.000980338,-0.000090481,-0.001050839
1790504271.280095577,0.000099182,0.000341906,0.000834974,0.999998943,-0.000992105,-0.000099055,-0.001058205
1790504271.313433409,0.000103875,0.000339708,0.000833592,0.999998943,-0.000996823,-0.000102229,-0.001053247
1790504271.346771240,0.000103054,0.000339482,0.000835629,0.999998940,-0.001000522,-0.000101060,-0.001052522
1790504271.380107880,0.000101175,0.000342135,0.000837665,0.999998970,-0.000972247,-0.000104435,-0.001051029
1790504271.413445711,0.000100913,0.000343034,0.000834642,0.999998957,-0.000996176,-0.000099118,-0.001041080
1790504271.446777821,0.000102617,0.000345967,0.000830715,0.999998990,-0.000975726,-0.000094321,-0.001028779
1790504271.480109930,0.000105445,0.000343175,0.000831585,0.999998971,-0.000984159,-0.000106727,-0.001038453
1790504271.513440847,0.000108062,0.000338597,0.000832160,0.999998956,-0.000995363,-0.000111638,-0.001041932
1790504271.546772718,0.000110200,0.000339275,0.000830567,0.999998961,-0.000989909,-0.000113529,-0.001041918
1790504271.580104828,0.000107692,0.000340772,0.000829515,0.999998965,-0.000984347,-0.000108977,-0.001043829
1790504271.613436460,0.000101012,0.000340425,0.000832596,0.999998971,-0.000982036,-0.000106180,-0.001040666
1790504271.646767378,0.000098583,0.000339671,0.000834930,0.999998969,-0.000984172,-0.000103452,-0.001040296
1790504271.680099010,0.000101821,0.000340787,0.000830574,0.999998972,-0.000980480,-0.000103461,-0.001041112
1790504271.713430882,0.000102255,0.000338213,0.000832084,0.999998964,-0.000978742,-0.000120005,-0.001048584
1790504271.746761799,0.000099608,0.000333801,0.000836371,0.999998952,-0.000993906,-0.000104994,-0.001047150
1790504271.780093431,0.000101359,0.000337309,0.000832182,0.999998962,-0.000982136,-0.000117333,-0.001047229
1790504271.813425064,0.000100488,0.000341506,0.000829236,0.999998977,-0.000968571,-0.000109272,-0.001046926
1790504271.846756697,0.000101997,0.000340438,0.000833189,0.999998975,-0.000969136,-0.000114047,-0.001047986
1790504271.880087376,0.000104710,0.000336439,0.000834441,0.999998960,-0.000978982,-0.000118256,-0.001052783
1790504271.913419008,0.000103888,0.000336422,0.000831690,0.999998952,-0.000986324,-0.000108531,-0.001053970
1790504271.946750402,0.000100999,0.000339898,0.000831334,0.999998979,-0.000969631,-0.000104704,-0.001044299
1790504271.980081797,0.000098053,0.000340162,0.000833947,0.999998988,-0.000964021,-0.000093695,-0.001042506
1790504272.013412237,0.000102011,0.000336641,0.000833813,0.999998976,-0.000975525,-0.000101240,-0.001042301
1790504272.046743631,0.000104238,0.000333915,0.000835316,0.999998979,-0.000978335,-0.000104458,-0.001036773
1790504272.080075264,0.000102769,0.000336634,0.000835153,0.999998979,-0.000971323,-0.000095256,-0.001044040
1790504272.113405466,0.000102287,0.000340203,0.000833797,0.999998996,-0.000962330,-0.000091987,-0.001036505
1790504272.146736860,0.000102926,0.000340717,0.000833931,0.999998992,-0.000965097,-0.000091363,-0.001037856
1790504272.180068016,0.000105416,0.000342448,0.000834981,0.999998986,-0.000970201,-0.000095197,-0.001038468
1790504272.213399410,0.000106718,0.000344191,0.000833108,0.999998997,-0.000959477,-0.000091871,-0.001037836
1790504272.246729374,0.000104814,0.000341945,0.000834919,0.999998992,-0.000965812,-0.000093717,-0.001036872
1790504272.280060768,0.000104518,0.000340277,0.000834147,0.999998978,-0.000975467,-0.000084427,-0.001041384
1790504272.313391924,0.000105852,0.000338342,0.000831034,0.999998977,-0.000975074,-0.000087377,-0.001042618
1790504272.346721888,0.000103882,0.000335214,0.000832362,0.999998953,-0.000990392,-0.000095216,-0.001050657
1790504272.380053043,0.000102293,0.000336267,0.000833155,0.999998964,-0.000983419,-0.000085473,-0.001048015
1790504272.413383961,0.000103182,0.000336866,0.000831189,0.999998960,-0.000983968,-0.000080991,-0.001051051
1790504272.446718931,0.000103436,0.000334994,0.000831377,0.999998948,-0.000997612,-0.000077011,-0.001050565
1790504272.480052948,0.000105006,0.000337015,0.000832855,0.999998938,-0.000992157,-0.000101459,-0.001062667
1790504272.513387680,0.000101517,0.000339769,0.000834024,0.999998963,-0.000983690,-0.000072066,-0.001049526
1790504272.546722651,0.000101315,0.000341253,0.000832869,0.999998960,-0.000989200,-0.000079523,-0.001046290
1790504272.580057621,0.000101358,0.000341321,0.000833661,0.999998971,-0.000973493,-0.000091678,-0.001049505
1790504272.613391399,0.000100739,0.000339725,0.000833285,0.999998965,-0.000982369,-0.000084544,-0.001047997
1790504272.646726370,0.000103560,0.000341376,0.000831233,0.999998975,-0.000979487,-0.000082699,-0.001040665
1790504272.680061102,0.000110239,0.000343912,0.000829030,0.999998980,-0.000965869,-0.000103621,-0.001047051
1790504272.713395119,0.000109500,0.000339536,0.000833214,0.999998952,-0.000990788,-0.000104841,-0.001050202
1790504272.746729851,0.000102804,0.000338872,0.000835478,0.999998986,-0.000967867,-0.000087066,-0.001041176
1790504272.780064344,0.000108565,0.000341808,0.000830401,0.999998970,-0.000975629,-0.000106603,-0.001047155
1790504272.813399315,0.000113974,0.000344620,0.000826045,0.999998985,-0.000967452,-0.000104810,-0.001040286
1790504272.846733093,0.000107668,0.000342890,0.000831675,0.999998980,-0.000966655,-0.000112703,-0.001045646
1790504272.880067825,0.000100344,0.000340087,0.000838479,0.999998982,-0.000970930,-0.000093292,-0.001041840
1790504272.913402557,0.000101723,0.000338179,0.000835210,0.999998969,-0.000980525,-0.000093715,-0.001045316
1790504272.946737289,0.000099660,0.000336608,0.000832731,0.999998959,-0.000985041,-0.000086365,-0.001050853
1790504272.980071068,0.000097708,0.000336418,0.000838675,0.999998972,-0.000974677,-0.000090496,-0.001048025
1790504273.013405800,0.000105082,0.000339024,0.000837430,0.999998964,-0.000973674,-0.000104251,-0.001054759
1790504273.046740532,0.000107492,0.000340996,0.000830340,0.999998965,-0.000979011,-0.000089602,-0.001050218
1790504273.080074310,0.000098910,0.000340000,0.000833293,0.999998972,-0.000972594,-0.000090226,-0.001049585
1790504273.113409042,0.000094199,0.000338892,0.000838486,0.999998955,-0.000981716,-0.000078300,-0.001058612
1790504273.146743536,0.000101170,0.000340146,0.000831861,0.999998966,-0.000969291,-0.000086939,-0.001058484
1790504273.180078268,0.000103181,0.000335680,0.000831525,0.999998950,-0.000980682,-0.000095392,-0.001062564
1790504273.213411808,0.000101083,0.000334136,0.000839439,0.999998945,-0.000984235,-0.000085967,-0.001064611
1790504273.246746540,0.000109387,0.000340704,0.000831602,0.999998977,-0.000956081,-0.000094678,-0.001059559
1790504273.280081272,0.000108349,0.000341618,0.000825941,0.999998964,-0.000972375,-0.000091207,-0.001057783
1790504273.313416004,0.000098787,0.000338587,0.000833836,0.999998984,-0.000953996,-0.000084774,-0.001055773
1790504273.346749544,0.000097211,0.000335783,0.000834921,0.999998970,-0.000966308,-0.000080422,-0.001057907
1790504273.380084276,0.000100151,0.000338481,0.000827377,0.999998983,-0.000961410,-0.000076022,-0.001050770
1790504273.413418770,0.000100059,0.000341648,0.000831206,0.999998995,-0.000947866,-0.000086367,-0.001050620
1790504273.446752787,0.000100931,0.000340890,0.000837535,0.999998999,-0.000942104,-0.000079606,-0.001053123
1790504273.480087757,0.000105410,0.000338278,0.000830415,0.999998984,-0.000950869,-0.000081547,-0.001058524
1790504273.513422489,0.000106370,0.000336029,0.000830689,0.999998971,-0.000962020,-0.000086882,-0.001060930
1790504273.546757460,0.000105102,0.000337643,0.000836123,0.999998984,-0.000948554,-0.000086078,-0.001060942
1790504273.580091476,0.000104489,0.000341678,0.000832819,0.999998996,-0.000942236,-0.000077745,-0.001055071
1790504273.613426447,0.000105689,0.000339888,0.000831786,0.999998983,-0.000955553,-0.000083897,-0.001055377
1790504273.646761417,0.000104772,0.000336216,0.000836677,0.999998971,-0.000965195,-0.000083775,-0.001057626
1790504273.680095434,0.000105292,0.000339133,0.000834579,0.999998985,-0.000955504,-0.000075619,-0.001054081
1790504273.713430405,0.000105187,0.000343834,0.000829389,0.999998989,-0.000950753,-0.000078425,-0.001054229
1790504273.746765375,0.000099923,0.000343867,0.000833542,0.999998989,-0.000957612,-0.000062860,-0.001049250
1790504273.780100346,0.000102546,0.000342639,0.000834739,0.999998986,-0.000954314,-0.000080986,-0.001053929
1790504273.813434362,0.000105796,0.000340393,0.000830145,0.999998965,-0.000971562,-0.000078649,-0.001057975
1790504273.846769333,0.000104333,0.000337904,0.000830348,0.999998981,-0.000967485,-0.000065143,-0.001048121
1790504273.880104303,0.000105686,0.000336125,0.000831694,0.999998972,-0.000968963,-0.000070167,-0.001054634
1790504273.913439035,0.000109228,0.000334823,0.000829314,0.999998949,-0.000983393,-0.000070549,-0.001062770
1790504273.946773052,0.000107687,0.000335805,0.000829689,0.999998970,-0.000966743,-0.000067596,-0.001059058
1790504273.980108023,0.000102868,0.000336622,0.000832899,0.999998955,-0.000980003,-0.000057901,-0.001061693
1790504274.013442755,0.000101802,0.000340469,0.000832071,0.999998976,-0.000957248,-0.000049518,-0.001062791
1790504274.046776772,0.000103143,0.000339546,0.000830524,0.999998962,-0.000973576,-0.000044277,-0.001061591
1790504274.080111742,0.000107771,0.000340806,0.000830270,0.999998961,-0.000971798,-0.000057155,-0.001063096
1790504274.113446712,0.000108077,0.000345302,0.000831402,0.999998975,-0.000959062,-0.000045626,-0.001061835
1790504274.146781445,0.000104941,0.000348715,0.000830085,0.999998977,-0.000951585,-0.000045156,-0.001067333
1790504274.180115461,0.000099617,0.000346791,0.000831752,0.999998978,-0.000956559,-0.000033153,-0.001062039
1790504274.213450432,0.000097586,0.000343686,0.000833822,0.999998976,-0.000950099,-0.000039065,-0.001069389
1790504274.246785402,0.000098022,0.000342071,0.000832432,0.999998974,-0.000956966,-0.000033094,-0.001065119
1790504274.280120373,0.000102029,0.000345548,0.000831390,0.999998974,-0.000941353,-0.000049644,-0.001078811
1790504274.313454151,0.000102014,0.000346837,0.000833983,0.999998990,-0.000924461,-0.000048665,-0.001078817
1790504274.346789122,0.000102049,0.000343874,0.000831223,0.999998980,-0.000934293,-0.000053772,-0.001079040
1790504274.380124092,0.000103116,0.000339738,0.000830630,0.999998971,-0.000941923,-0.000049617,-0.001081256
1790504274.413458109,0.000107240,0.000339995,0.000830834,0.999998976,-0.000924142,-0.000065338,-0.001090469
1790504274.446796656,0.000107885,0.000339675,0.000832543,0.999998977,-0.000924399,-0.000067812,-0.001089253
1790504274.480135202,0.000104639,0.000338523,0.000832696,0.999998980,-0.000924121,-0.000061530,-0.001087190
1790504274.513473988,0.000101740,0.000338145,0.000834384,0.999998970,-0.000919663,-0.000063616,-0.001099993
1790504274.546811581,0.000100237,0.000338266,0.000834597,0.999998978,-0.000918242,-0.000045346,-0.001095161
1790504274.580150127,0.000102734,0.000342224,0.000834260,0.999998984,-0.000906014,-0.000057920,-0.001098592
1790504274.613488674,0.000101218,0.000344372,0.000834260,0.999999001,-0.000897635,-0.000037849,-0.001091236
1790504274.646827698,0.000099982,0.000344367,0.000833257,0.999998992,-0.000900884,-0.000043149,-0.001097025
1790504274.680165291,0.000100508,0.000343948,0.000830644,0.999999008,-0.000887225,-0.000031257,-0.001093988
1790504274.713503838,0.000102878,0.000341439,0.000829360,0.999998982,-0.000905863,-0.000035177,-0.001101630
1790504274.746842861,0.000103247,0.000341302,0.000831151,0.999998991,-0.000900001,-0.000027013,-0.001098909
1790504274.780180693,0.000103881,0.000345253,0.000832274,0.999999005,-0.000886330,-0.000026954,-0.001097268
1790504274.813519478,0.000103995,0.000348028,0.000835344,0.999999009,-0.000873974,-0.000030399,-0.001102880
1790504274.846858501,0.000099592,0.000345199,0.000836050,0.999999012,-0.000879175,-0.000023933,-0.001096542
1790504274.880197048,0.000097611,0.000343537,0.000837687,0.999999010,-0.000876184,-0.000027293,-0.001100491
1790504274.913534880,0.000102125,0.000345772,0.000837394,0.999999028,-0.000862809,-0.000037393,-0.001094654
1790504274.946874142,0.000106664,0.000346181,0.000836578,0.999999038,-0.000843125,-0.000061009,-0.001099662
1790504274.980212927,0.000105307,0.000341118,0.000837974,0.999999012,-0.000875473,-0.000052567,-0.001098130
1790504275.013550758,0.000103279,0.000343467,0.000834928,0.999999056,-0.000834193,-0.000056253,-0.001090791
1790504275.046889782,0.000102275,0.000343500,0.000834358,0.999999048,-0.000842432,-0.000063284,-0.001091409
1790504275.080228806,0.000102342,0.000341131,0.000834625,0.999999056,-0.000834556,-0.000067673,-0.001089422
1790504275.113567829,0.000103653,0.000339431,0.000833897,0.999999054,-0.000828363,-0.000079953,-0.001094960
1790504275.146905661,0.000103482,0.000338671,0.000831951,0.999999063,-0.000824898,-0.000086493,-0.001088895
1790504275.180244923,0.000101593,0.000339156,0.000831848,0.999999067,-0.000830531,-0.000082207,-0.001080989
1790504275.213583946,0.000100553,0.000340071,0.000831721,0.999999069,-0.000826938,-0.000076958,-0.001082835
1790504275.246923208,0.000103306,0.000338784,0.000830578,0.999999053,-0.000846441,-0.000087204,-0.001081976
1790504275.280261278,0.000103806,0.000338898,0.000829253,0.999999047,-0.000844407,-0.000095912,-0.001088311
1790504275.313600302,0.000099862,0.000337762,0.000831556,0.999999033,-0.000864164,-0.000080202,-0.001086334
1790504275.346939564,0.000098242,0.000339002,0.000833949,0.999999049,-0.000852466,-0.000079271,-0.001080815
1790504275.380277634,0.000102466,0.000338866,0.000832703,0.999999031,-0.000864853,-0.000099553,-0.001086775
1790504275.413616657,0.000103375,0.000336975,0.000832544,0.999999032,-0.000866068,-0.000090761,-0.001084986
1790504275.446951866,0.000105078,0.000334040,0.000833279,0.999999003,-0.000891201,-0.000098634,-0.001090799
1790504275.480286837,0.000106675,0.000336598,0.000834867,0.999999014,-0.000887570,-0.000095789,-0.001084088
1790504275.513620853,0.000112076,0.000344297,0.000839812,0.999999011,-0.000886680,-0.000103875,-0.001087156
1790504275.546955824,0.000113781,0.000349645,0.000851432,0.999999020,-0.000885189,-0.000102076,-0.001080000
1790504275.580290794,0.000110895,0.000351725,0.000864071,0.999998997,-0.000903029,-0.000099928,-0.001086978
1790504275.613625765,0.000106678,0.000353920,0.000875887,0.999999011,-0.000904746,-0.000082934,-0.001073680
1790504275.646959782,0.000112722,0.000354394,0.000880308,0.999998993,-0.000924621,-0.000091193,-0.001072768
1790504275.680294752,0.000113480,0.000358351,0.000880100,0.999999010,-0.000910467,-0.000082164,-0.001069666
1790504275.713629723,0.000112463,0.000360992,0.000879310,0.999999013,-0.000911600,-0.000078462,-0.001065871
1790504275.746963739,0.000110581,0.000360397,0.000877351,0.999999001,-0.000925004,-0.000075729,-0.001065687
1790504275.780298471,0.000110048,0.000359359,0.000873783,0.999999012,-0.000918423,-0.000072040,-0.001061539
1790504275.813633442,0.000111463,0.000355125,0.000870961,0.999998999,-0.000937679,-0.000075564,-0.001056796
1790504275.846968174,0.000113040,0.000352736,0.000870482,0.999998981,-0.000948529,-0.000078737,-0.001063962
1790504275.880302191,0.000113313,0.000356122,0.000871657,0.999999003,-0.000931478,-0.000074867,-0.001059084
1790504275.913637161,0.000116174,0.000358254,0.000873417,0.999998981,-0.000939158,-0.000083854,-0.001071777
1790504275.946971893,0.000116522,0.000355156,0.000874961,0.999998987,-0.000938752,-0.000085844,-0.001066194
1790504275.980306864,0.000114358,0.000351414,0.000873088,0.999998965,-0.000955772,-0.000079055,-0.001072804
1790504276.013640881,0.000115603,0.000351137,0.000871290,0.999998966,-0.000957750,-0.000080873,-0.001069820
1790504276.046975613,0.000116842,0.000353210,0.000869974,0.999998964,-0.000954853,-0.000079308,-0.001073959
1790504276.080310583,0.000115424,0.000354430,0.000871790,0.999998966,-0.000954836,-0.000080782,-0.001072164
1790504276.113644361,0.000112835,0.000354061,0.000873922,0.999998954,-0.000959036,-0.000076117,-0.001080388
1790504276.146979332,0.000111178,0.000352685,0.000874208,0.999998958,-0.000961376,-0.000072175,-0.001074700
1790504276.180314064,0.000108305,0.000352025,0.000875190,0.999998940,-0.000970934,-0.000073245,-0.001082233
1790504276.213648796,0.000107575,0.000354903,0.000873576,0.999998951,-0.000956691,-0.000075391,-0.001084642
1790504276.246982574,0.000108807,0.000354903,0.000873043,0.999998947,-0.000964739,-0.000074688,-0.001081407
1790504276.280317307,0.000113625,0.000353757,0.000872271,0.999998931,-0.000977345,-0.000086577,-0.001084501
1790504276.313652039,0.000117169,0.000355017,0.000871427,0.999998934,-0.000970493,-0.000087395,-0.001087590
1790504276.346985817,0.000117753,0.000355043,0.000871674,0.999998931,-0.000968801,-0.000085922,-0.001091486
1790504276.380320549,0.000115081,0.000352400,0.000870607,0.999998911,-0.000988875,-0.000092417,-0.001091537
1790504276.413655519,0.000109958,0.000353391,0.000871933,0.999998923,-0.000982772,-0.000078049,-0.001087222
1790504276.446990013,0.000107557,0.000356418,0.000873543,0.999998929,-0.000974440,-0.000080503,-0.001089171
1790504276.480323792,0.000108356,0.000358387,0.000872467,0.999998930,-0.000976220,-0.000086777,-0.001086278
1790504276.513658524,0.000109788,0.000356199,0.000871568,0.999998925,-0.000977565,-0.000085956,-0.001089650
1790504276.546993256,0.000113709,0.000353587,0.000871559,0.999998909,-0.000991030,-0.000082848,-0.001092063
1790504276.580327988,0.000117309,0.000354505,0.000870822,0.999998910,-0.000986186,-0.000088170,-0.001095013
1790504276.613661289,0.000119698,0.000356769,0.000870432,0.999998911,-0.000988082,-0.000097717,-0.001092292
1790504276.646996021,0.000116290,0.000359650,0.000870684,0.999998910,-0.000982508,-0.000083324,-0.001099079
1790504276.680330753,0.000113050,0.000359729,0.000871194,0.999998913,-0.000982031,-0.000077494,-0.001096724
1790504276.713664293,0.000113444,0.000358175,0.000871568,0.999998908,-0.000987838,-0.000088471,-0.001096056
1790504276.746999025,0.000110965,0.000355357,0.000873512,0.999998897,-0.000997934,-0.000072520,-0.001098117
1790504276.780333757,0.000110220,0.000354108,0.000873787,0.999998904,-0.000992862,-0.000069560,-0.001095952
1790504276.813668251,0.000110691,0.000350019,0.000872088,0.999998892,-0.001000231,-0.000074228,-0.001100379
1790504276.847002029,0.000111945,0.000346618,0.000873818,0.999998844,-0.001033622,-0.000075366,-0.001112963
1790504276.880336523,0.000114664,0.000353392,0.000874568,0.999998868,-0.001002374,-0.000077623,-0.001119841
1790504276.913671255,0.000118153,0.000357978,0.000873193,0.999998852,-0.001013498,-0.000088939,-0.001123089
1790504276.947005749,0.000116682,0.000358817,0.000870923,0.999998856,-0.001003887,-0.000085198,-0.001128577
1790504276.980339289,0.000113221,0.000354007,0.000869742,0.999998822,-0.001032694,-0.000082254,-0.001132602
1790504277.013674021,0.000112065,0.000353242,0.000870023,0.999998804,-0.001036809,-0.000085259,-0.001144264
1790504277.047008514,0.000109923,0.000356048,0.000869327,0.999998808,-0.001033949,-0.000076781,-0.001144429
1790504277.080342293,0.000108501,0.000358016,0.000870710,0.999998806,-0.001030221,-0.000080934,-0.001148751
1790504277.113676786,0.000107622,0.000354035,0.000874569,0.999998777,-0.001046349,-0.000079924,-0.001159475
1790504277.147011280,0.000109234,0.000349759,0.000875111,0.999998759,-0.001056449,-0.000083420,-0.001165931
1790504277.180346012,0.000112086,0.000349734,0.000875292,0.999998730,-0.001068117,-0.000085480,-0.001180042
1790504277.213679552,0.000114540,0.000354222,0.000873915,0.999998742,-0.001052108,-0.000094805,-0.001183528
1790504277.247014046,0.000114091,0.000356138,0.000874248,0.999998746,-0.001049669,-0.000085282,-0.001182468
1790504277.280348539,0.000110210,0.000354191,0.000873815,0.999998706,-0.001068576,-0.000083391,-0.001199943
1790504277.313683033,0.000107680,0.000354587,0.000872213,0.999998704,-0.001064585,-0.000082046,-0.001204607
1790504277.347016811,0.000107440,0.000357832,0.000871785,0.999998706,-0.001058192,-0.000074099,-0.001209266
1790504277.380351305,0.000111099,0.000358251,0.000872378,0.999998687,-0.001061637,-0.000080425,-0.001221302
1790504277.413685799,0.000114459,0.000353596,0.000873486,0.999998669,-0.001070971,-0.000090026,-0.001227315
1790504277.447022676,0.000114522,0.000350735,0.000873539,0.999998650,-0.001087430,-0.000083678,-0.001228950
1790504277.480360508,0.000113084,0.000353812,0.000874014,0.999998659,-0.001070550,-0.000073675,-0.001237508
1790504277.513698816,0.000115375,0.000354343,0.000873756,0.999998616,-0.001091637,-0.000077231,-0.001253389
1790504277.547036648,0.000115713,0.000355816,0.000873980,0.999998601,-0.001102565,-0.000053193,-0.001256870
1790504277.580373764,0.000117545,0.000360845,0.000872016,0.999998602,-0.001093869,-0.000051853,-0.001263827
1790504277.613711596,0.000116804,0.000361274,0.000875162,0.999998584,-0.001107374,-0.000026534,-0.001266730
1790504277.647049904,0.000117754,0.000358906,0.000876537,0.999998551,-0.001128332,-0.000020216,-0.001274606
1790504277.680387020,0.000118014,0.000359290,0.000875433,0.999998541,-0.001120083,-0.000011735,-0.001289338
1790504277.713725090,0.000116832,0.000356548,0.000873681,0.999998510,-0.001144743,-0.000009185,-0.001291999
1790504277.747063398,0.000112991,0.000354864,0.000872158,0.999998492,-0.001149359,0.000011717,-0.001301540
1790504277.780401707,0.000113900,0.000355274,0.000870045,0.999998478,-0.001154557,0.000018467,-0.001308132
1790504277.813738823,0.000118643,0.000356911,0.000869105,0.999998455,-0.001161227,0.000018186,-0.001319495
1790504277.847077131,0.000119298,0.000357621,0.000872126,0.999998469,-0.001155987,0.000023928,-0.001313423
1790504277.880415440,0.000115002,0.000355817,0.000874214,0.999998450,-0.001174512,0.000031743,-0.001311591
1790504277.913753986,0.000110850,0.000356224,0.000875450,0.999998473,-0.001172170,0.000037693,-0.001295399
1790504277.947091341,0.000109068,0.000359174,0.000878205,0.999998470,-0.001178582,0.000054314,-0.001291814
1790504277.980429649,0.000111443,0.000363331,0.000879599,0.999998489,-0.001162373,0.000040530,-0.001291633
1790504278.013767958,0.000111817,0.000363360,0.000877786,0.999998499,-0.001165843,0.000054331,-0.001280914
1790504278.047105551,0.000111481,0.000360228,0.000874085,0.999998488,-0.001181675,0.000055350,-0.001274339
1790504278.080444098,0.000109067,0.000358941,0.000874557,0.999998501,-0.001174880,0.000065914,-0.001270310
1790504278.113782644,0.000110286,0.000356384,0.000875255,0.999998501,-0.001178602,0.000066491,-0.001266611
1790504278.147121429,0.000112446,0.000351947,0.000874824,0.999998497,-0.001189327,0.000063433,-0.001259631
1790504278.180458784,0.000109302,0.000350664,0.000873594,0.999998500,-0.001184030,0.000065482,-0.001262540
1790504278.213797331,0.000109100,0.000351511,0.000871802,0.999998517,-0.001171034,0.000070663,-0.001260822
1790504278.247136116,0.000113550,0.000349948,0.000870747,0.999998513,-0.001176506,0.000055644,-0.001259590
1790504278.280474901,0.000115304,0.000349237,0.000872710,0.999998498,-0.001179235,0.000047216,-0.001269565
1790504278.313812494,0.000115199,0.000352055,0.000872314,0.999998529,-0.001158969,0.000048062,-0.001263530
1790504278.347151279,0.000114496,0.000354568,0.000873051,0.999998540,-0.001147958,0.000039367,-0.001265482
1790504278.380490303,0.000107927,0.000352847,0.000875094,0.999998535,-0.001149792,0.000051425,-0.001266947
1790504278.413827896,0.000106596,0.000348002,0.000875800,0.999998542,-0.001147533,0.000045862,-0.001263634
1790504278.447163105,0.000110078,0.000347402,0.000875011,0.999998535,-0.001154615,0.000039110,-0.001263018
1790504278.480498314,0.000115165,0.000353960,0.000869914,0.999998569,-0.001124907,0.000027726,-0.001263158
1790504278.513833284,0.000115735,0.000354914,0.000870765,0.999998565,-0.001128129,0.000028410,-0.001263629
1790504278.547167540,0.000117239,0.000354615,0.000872122,0.999998568,-0.001117553,0.000013559,-0.001270591
1790504278.580502748,0.000116158,0.000356240,0.000871828,0.999998570,-0.001115114,0.000014992,-0.001271414
1790504278.613837719,0.000114436,0.000360027,0.000868610,0.999998603,-0.001091611,0.000013723,-0.001265822
1790504278.647172928,0.000114427,0.000358690,0.000870328,0.999998600,-0.001094973,0.000011018,-0.001265026
1790504278.680506945,0.000116360,0.000355611,0.000871643,0.999998595,-0.001096738,-0.000001662,-0.001268084
1790504278.713842154,0.000115577,0.000352989,0.000875225,0.999998615,-0.001076383,0.000003607,-0.001269618
1790504278.747177362,0.000116055,0.000349047,0.000877547,0.999998588,-0.001101704,-0.000001759,-0.001268633
1790504278.780511141,0.000117029,0.000351991,0.000876285,0.999998614,-0.001077486,-0.000011065,-0.001269382
1790504278.813846350,0.000115395,0.000355310,0.000873484,0.999998636,-0.001062774,-0.000005860,-0.001264612
1790504278.847181320,0.000113457,0.000355359,0.000874058,0.999998622,-0.001072881,-0.000005618,-0.001266952
1790504278.880516529,0.000113827,0.000355672,0.000873250,0.999998632,-0.001070593,-0.000011944,-0.001260698
1790504278.913850546,0.000113567,0.000355583,0.000872404,0.999998637,-0.001071647,-0.000003863,-0.001255911
1790504278.947185755,0.000114957,0.000354667,0.000874805,0.999998628,-0.001075077,-0.000014374,-0.001260410
1790504278.980520725,0.000114828,0.000354706,0.000875320,0.999998637,-0.001074419,-0.000009188,-0.001253808
1790504279.013854980,0.000114854,0.000354440,0.000874660,0.999998636,-0.001078232,-0.000016867,-0.001250718
1790504279.047189951,0.000112566,0.000353648,0.000875143,0.999998650,-0.001075103,-0.000000183,-0.001242578
1790504279.080525160,0.000112871,0.000352948,0.000876054,0.999998632,-0.001084323,-0.000009119,-0.001249288
1790504279.113860130,0.000115243,0.000352924,0.000873644,0.999998656,-0.001075934,-0.000005004,-0.001237258
1790504279.147194386,0.000118416,0.000352458,0.000871466,0.999998643,-0.001084951,-0.000014185,-0.001239992
1790504279.180529356,0.000116783,0.000351819,0.000874933,0.999998656,-0.001079820,-0.000013829,-0.001233445
1790504279.213864565,0.000114314,0.000350485,0.000875754,0.999998656,-0.001092330,0.000003821,-0.001222284
1790504279.247199535,0.000115325,0.000353649,0.000872391,0.999998659,-0.001084707,-0.000004787,-0.001226585
1790504279.280533552,0.000115535,0.000356339,0.000871014,0.999998675,-0.001082574,-0.000002307,-0.001216041
1790504279.313868761,0.000116301,0.000355630,0.000871740,0.999998680,-0.001090386,0.000005529,-0.001204365
1790504279.347203732,0.000118287,0.000356582,0.000871423,0.999998688,-0.001083073,-0.000007263,-0.001204620
1790504279.380537510,0.000113212,0.000356141,0.000870719,0.999998699,-0.001089251,0.000012423,-0.001189729
1790504279.413872719,0.000109097,0.000355336,0.000872018,0.999998695,-0.001097563,0.000019003,-0.001185739
1790504279.447206974,0.000107494,0.000356360,0.000871436,0.999998711,-0.001091512,0.000027663,-0.001177490
1790504279.480541229,0.000110946,0.000355501,0.000872338,0.999998703,-0.001097039,0.000017080,-0.001178852
1790504279.513874531,0.000112546,0.000354057,0.000872858,0.999998690,-0.001106560,0.000021550,-0.001180732
1790504279.547208786,0.000114137,0.000354429,0.000872686,0.999998701,-0.001107769,0.000032509,-0.001170691
1790504279.580543041,0.000118962,0.000355709,0.000872470,0.999998698,-0.001101897,0.000016474,-0.001178594
1790504279.613877296,0.000117931,0.000353275,0.000871028,0.999998680,-0.001124667,0.000031682,-0.001172064
1790504279.647210360,0.000113815,0.000353031,0.000870258,0.999998682,-0.001126207,0.000043402,-0.001168541
1790504279.680544615,0.000111318,0.000355742,0.000872340,0.999998685,-0.001126506,0.000052785,-0.001165094
1790504279.713878870,0.000113101,0.000359290,0.000872841,0.999998693,-0.001121772,0.000046983,-0.001162970
1790504279.747211933,0.000112382,0.000359784,0.000873672,0.999998690,-0.001124636,0.000054465,-0.001162755
1790504279.780546188,0.000109926,0.000358686,0.000873633,0.999998684,-0.001136596,0.000064394,-0.001155648
1790504279.813880444,0.000109960,0.000359182,0.000874773,0.999998680,-0.001133136,0.000062695,-0.001163197
1790504279.847214460,0.000111756,0.000357994,0.000875160,0.999998685,-0.001134956,0.000069582,-0.001156547
1790504279.880547285,0.000113697,0.000353339,0.000873618,0.999998682,-0.001140977,0.000069840,-0.001152852
1790504279.913881540,0.000113504,0.000348425,0.000874651,0.999998664,-0.001153731,0.000073314,-0.001155732
1790504279.947215557,0.000113610,0.000349308,0.000875147,0.999998676,-0.001142640,0.000077970,-0.001156325
1790504279.980549574,0.000115172,0.000349777,0.000873337,0.999998692,-0.001133614,0.000071292,-0.001151015
1790504280.013882637,0.000115218,0.000347554,0.000872338,0.999998685,-0.001148849,0.000085029,-0.001141660
1790504280.047216654,0.000116995,0.000350002,0.000871864,0.999998695,-0.001137236,0.000083111,-0.001144171
1790504280.080550432,0.000114683,0.000351606,0.000872514,0.999998711,-0.001126715,0.000095799,-0.001139713
1790504280.113883495,0.000113158,0.000348921,0.000875404,0.999998695,-0.001141844,0.000097659,-0.001138737
1790504280.147217512,0.000112730,0.000349714,0.000877149,0.999998716,-0.001127652,0.000109466,-0.001133696
1790504280.180551529,0.000114907,0.000352776,0.000877013,0.999998718,-0.001124963,0.000116007,-0.001133872
1790504280.213885307,0.000114835,0.000352393,0.000876685,0.999998718,-0.001126859,0.000132059,-0.001129625
1790504280.247218370,0.000110948,0.000350690,0.000879483,0.999998698,-0.001150117,0.000159107,-0.001120372
1790504280.280552149,0.000109170,0.000355479,0.000878080,0.999998731,-0.001121311,0.000161149,-0.001120439
1790504280.313885927,0.000105237,0.000356211,0.000876262,0.999998718,-0.001138474,0.000192300,-0.001109666
1790504280.347218752,0.000104079,0.000354741,0.000875543,0.999998726,-0.001135691,0.000215592,-0.001100730
1790504280.380552769,0.000104502,0.000351806,0.000876551,0.999998700,-0.001149814,0.000219358,-0.001108726
1790504280.413886547,0.000104974,0.000351058,0.000874637,0.999998703,-0.001150103,0.000244681,-0.001100215
1790504280.447223663,0.000105995,0.000352194,0.000872647,0.999998708,-0.001148827,0.000260479,-0.001093346
1790504280.480559826,0.000104831,0.000353554,0.000873645,0.999998709,-0.001146750,0.000280742,-0.001090255
1790504280.513896942,0.000107779,0.000354405,0.000872997,0.999998700,-0.001145293,0.000266014,-0.001103223
1790504280.547234297,0.000110146,0.000354341,0.000872491,0.999998696,-0.001141793,0.000259820,-0.001112347
1790504280.580571651,0.000109547,0.000352001,0.000874937,0.999998663,-0.001150262,0.000251294,-0.001134754
1790504280.613907814,0.000107989,0.000349709,0.000876788,0.999998648,-0.001153796,0.000252394,-0.001144382
1790504280.647244930,0.000110184,0.000350505,0.000873770,0.999998649,-0.001148657,0.000234410,-0.001152108
1790504280.680582047,0.000110969,0.000351329,0.000873240,0.999998630,-0.001151410,0.000228369,-0.001167194
1790504280.713918447,0.000110267,0.000352822,0.000872313,0.999998634,-0.001135680,0.000222642,-0.001180455
1790504280.747255564,0.000109153,0.000350800,0.000873364,0.999998606,-0.001150026,0.000214407,-0.001191349
1790504280.780592680,0.000107249,0.000350913,0.000875313,0.999998596,-0.001146677,0.000206217,-0.001204258
1790504280.813930273,0.000102995,0.000353059,0.000877603,0.999998587,-0.001140357,0.000205699,-0.001217681
1790504280.847266436,0.000104506,0.000355199,0.000877979,0.999998586,-0.001140537,0.000200609,-0.001219676
1790504280.880603552,0.000106323,0.000354223,0.000876850,0.999998542,-0.001159132,0.000196283,-0.001238632
1790504280.913940907,0.000106713,0.000351941,0.000877491,0.999998506,-0.001177860,0.000192731,-0.001250654
1790504280.947278023,0.000108872,0.000355784,0.000877817,0.999998499,-0.001174658,0.000188913,-0.001259216
1790504280.980614424,0.000112026,0.000361828,0.000876595,0.999998488,-0.001169364,0.000179365,-0.001274494
1790504281.013951778,0.000111123,0.000361090,0.000877541,0.999998459,-0.001184674,0.000179714,-0.001282768
1790504281.047289133,0.000109776,0.000357730,0.000880016,0.999998444,-0.001183992,0.000177488,-0.001295700
1790504281.080625534,0.000111539,0.000352012,0.000878119,0.999998400,-0.001207084,0.000171267,-0.001309303
1790504281.113962650,0.000116725,0.000347435,0.000875962,0.999998368,-0.001212952,0.000152805,-0.001330190
1790504281.147300005,0.000116762,0.000345425,0.000875344,0.999998346,-0.001224021,0.000157372,-0.001335877
1790504281.180637360,0.000113635,0.000345377,0.000873575,0.999998364,-0.001217229,0.000151239,-0.001329377
1790504281.213973522,0.000109052,0.000348891,0.000873136,0.999998379,-0.001205065,0.000148345,-0.001329485
1790504281.247311115,0.000111275,0.000353080,0.000870796,0.999998407,-0.001186459,0.000131193,-0.001326950
1790504281.280648470,0.000113166,0.000353888,0.000871193,0.999998414,-0.001189009,0.000119063,-0.001320763
1790504281.313985825,0.000114557,0.000356966,0.000873638,0.999998430,-0.001176771,0.000115547,-0.001319482
1790504281.347321987,0.000117934,0.000360321,0.000875734,0.999998461,-0.001150422,0.000087883,-0.001321363
1790504281.380659342,0.000114755,0.000358184,0.000877230,0.999998444,-0.001161359,0.000083363,-0.001325271
1790504281.413996935,0.000110241,0.000357737,0.000877515,0.999998464,-0.001153347,0.000091939,-0.001316895
1790504281.447334051,0.000111134,0.000359863,0.000874823,0.999998478,-0.001142438,0.000064159,-0.001317211
1790504281.480672121,0.000110456,0.000360828,0.000874608,0.999998496,-0.001131516,0.000066529,-0.001312718
1790504281.514010191,0.000110463,0.000360913,0.000874741,0.999998499,-0.001136161,0.000055375,-0.001306886
1790504281.547348499,0.000111926,0.000360859,0.000874871,0.999998463,-0.001154791,0.000042426,-0.001318464
1790504281.580685854,0.000110323,0.000361937,0.000876181,0.999998488,-0.001144653,0.000041044,-0.001308518
1790504281.614023924,0.000111180,0.000360156,0.000879292,0.999998483,-0.001152958,0.000021679,-0.001305426
1790504281.647361994,0.000115539,0.000355808,0.000879665,0.999998468,-0.001166527,0.000013416,-0.001305241
1790504281.680699110,0.000119985,0.000353067,0.000877947,0.999998434,-0.001186168,-0.000005665,-0.001313745
1790504281.714037657,0.000120979,0.000353861,0.000876507,0.999998447,-0.001179195,-0.000012469,-0.001309559
1790504281.747375727,0.000121845,0.000355630,0.000875108,0.999998438,-0.001181632,-0.000030607,-0.001314299
1790504281.780713797,0.000119505,0.000357197,0.000872025,0.999998444,-0.001183333,-0.000040709,-0.001307413
1790504281.814051151,0.000110909,0.000357023,0.000872164,0.999998439,-0.001190480,-0.000030015,-0.001305052
1790504281.847389460,0.000109141,0.000358241,0.000872885,0.999998412,-0.001200418,-0.000025970,-0.001316928
1790504281.880727768,0.000111571,0.000356624,0.000872572,0.999998377,-0.001227015,-0.000020918,-0.001319002
1790504281.914065838,0.000114046,0.000356000,0.000872821,0.999998333,-0.001242718,-0.000028384,-0.001337454
1790504281.947403193,0.000113451,0.000356620,0.000876077,0.999998320,-0.001255148,0.000000747,-0.001335938
1790504281.980741501,0.000115286,0.000361396,0.000889674,0.999998253,-0.001282379,-0.000013160,-0.001360247
1790504282.014079809,0.000100284,0.000376396,0.000939204,0.999998227,-0.001303105,0.000010434,-0.001359535
1790504282.047416925,0.000085054,0.000400939,0.001001587,0.999998212,-0.001300316,0.000001429,-0.001372939
1790504282.080755472,0.000107040,0.000431083,0.001045033,0.999998157,-0.001335371,0.000018745,-0.001379298
1790504282.114093781,0.000091005,0.000446730,0.001098075,0.999998130,-0.001345065,0.000024747,-0.001389276
1790504282.147431850,0.000049704,0.000445047,0.001158722,0.999998118,-0.001358591,0.000046025,-0.001384459
1790504282.180769205,0.000040897,0.000434635,0.001179225,0.999998137,-0.001332157,0.000027566,-0.001396584
1790504282.214107752,0.000025744,0.000414736,0.001181679,0.999998184,-0.001296022,0.000007101,-0.001397168
1790504282.247446060,0.000011080,0.000382466,0.001200137,0.999998212,-0.001266630,-0.000007071,-0.001403828
1790504282.280784369,0.000003653,0.000353194,0.001206313,0.999998267,-0.001222958,-0.000010892,-0.001403618
1790504282.314121723,-0.000079858,0.000336955,0.001168496,0.999998281,-0.001204844,-0.000037662,-0.001409135
1790504282.347460270,-0.000122906,0.000326571,0.001149599,0.999998312,-0.001173123,-0.000047548,-0.001413199
1790504282.380798578,-0.000076546,0.000321411,0.001169952,0.999998344,-0.001143605,-0.000070512,-0.001414139
1790504282.414135933,-0.000073033,0.000324296,0.001163204,0.999998386,-0.001100613,-0.000077802,-0.001417928
1790504282.447477341,-0.000138010,0.000331462,0.001127109,0.999998397,-0.001081181,-0.000099175,-0.001423469
1790504282.480818748,-0.000207811,0.000334847,0.001103651,0.999998434,-0.001035235,-0.000095289,-0.001432490
1790504282.514160156,-0.000196130,0.000353720,0.001047742,0.999998605,-0.000795926,-0.000021352,-0.001468457
1790504282.547500849,-0.000109009,0.000338220,0.000861562,0.999998604,0.000729093,-0.000070097,-0.001501542
1790504282.580842495,-0.000061521,0.000372891,0.000847817,0.999998387,0.000926275,-0.000073696,-0.001537204
1790504282.614184141,-0.000034741,0.000451148,0.001102647,0.999998798,-0.000441928,0.000108541,-0.001482048
1790504282.647525787,-0.000041422,0.000516890,0.001154138,0.999998815,-0.000292545,0.000144229,-0.001504436
1790504282.680866718,-0.000178755,0.000610187,0.000717404,0.999995831,0.001625473,-0.000411802,-0.002350656
1790504282.714208603,-0.000657965,0.000857952,-0.000114274,0.999958757,0.001276156,-0.007829167,-0.004422557
1790504282.747550488,-0.001308342,0.001263511,-0.001268377,0.999781925,-0.000576870,-0.018890265,-0.008884163
1790504282.780891657,-0.001902727,0.001576560,-0.002742535,0.999645145,-0.000229116,-0.024110862,-0.011322409
1790504282.814233541,-0.002663553,0.001952591,-0.004319019,0.999563508,0.000028794,-0.026806334,-0.012418226
1790504282.847575665,-0.003697309,0.002439167,-0.005796304,0.999434024,-0.001185655,-0.030891546,-0.013264210
1790504282.880917788,-0.004966509,0.002910333,-0.007131101,0.999251553,-0.001866761,-0.035849564,-0.014410351
1790504282.914258957,-0.006548844,0.003435931,-0.008484486,0.999005739,-0.005513195,-0.041198999,-0.016117724
1790504282.947601318,-0.008463010,0.003781535,-0.010061110,0.998780157,-0.007310298,-0.045153290,-0.018599406
1790504282.980943680,-0.010771929,0.003983985,-0.011921809,0.998568467,-0.007172579,-0.047641866,-0.023234116
1790504283.014284849,-0.013457150,0.003902123,-0.014097084,0.998299962,-0.005450263,-0.050301554,-0.028934982
1790504283.047627449,-0.016372875,0.003398514,-0.016503633,0.997886942,-0.004133008,-0.054697841,-0.034824051
1790504283.080970049,-0.019339074,0.002368134,-0.019056190,0.997375875,-0.003069920,-0.060500106,-0.039644390
1790504283.114312410,-0.022155065,0.000701735,-0.021671236,0.996978916,-0.000771847,-0.064780244,-0.042848156
1790504283.147654057,-0.025053978,-0.001543604,-0.024493297,0.996584051,0.000243297,-0.070264359,-0.043394588
1790504283.180996895,-0.028218645,-0.004302438,-0.027514167,0.996231937,0.004309794,-0.073278586,-0.046190928
1790504283.214339256,-0.031834053,-0.007186130,-0.030700538,0.995757728,0.007156090,-0.075744639,-0.051750230
1790504283.247682095,-0.035817869,-0.010374836,-0.034074070,0.995037274,0.011452631,-0.080964104,-0.056696328
1790504283.281024218,-0.039671810,-0.013626104,-0.037344111,0.994557805,0.012196780,-0.084475698,-0.059748374
1790504283.314367056,-0.043308754,-0.016895287,-0.040559432,0.994073118,0.013783048,-0.086499658,-0.064393117
1790504283.347709894,-0.046889459,-0.020244192,-0.043940552,0.993416312,0.016588333,-0.092253247,-0.065864982
1790504283.381052017,-0.050418909,-0.023754257,-0.047564649,0.992069520,0.028058593,-0.100512938,-0.070056634
1790504283.414395094,-0.053512503,-0.026814172,-0.050946371,0.991480314,0.030082995,-0.105317800,-0.070497951
1790504283.447729826,-0.056350658,-0.029750705,-0.054274750,0.990818015,0.032502933,-0.110234899,-0.071214372
1790504283.481064796,-0.058952664,-0.032551597,-0.057497399,0.990040040,0.034235346,-0.116845736,-0.070680507
1790504283.514398575,-0.061294140,-0.035248719,-0.060528616,0.989158626,0.036587541,-0.123042971,-0.071323156
1790504283.547733307,-0.063416545,-0.037860986,-0.063412822,0.988422111,0.037553585,-0.128075236,-0.072167810
1790504283.581068277,-0.065397807,-0.040430014,-0.066294837,0.987786494,0.038355847,-0.132626226,-0.072228488
1790504283.614403248,-0.067305374,-0.042954059,-0.069240476,0.986888598,0.040658925,-0.138024495,-0.073123081
1790504283.647737026,-0.069067703,-0.045418471,-0.072108405,0.986173824,0.040121449,-0.143346539,-0.072823262
1790504283.681071997,-0.070824813,-0.047883824,-0.075056707,0.985133105,0.040297024,-0.150049359,-0.073308293
1790504283.714406967,-0.072655508,-0.050396132,-0.078165111,0.983879735,0.044418735,-0.156037943,-0.075231662
1790504283.747740746,-0.074630730,-0.052860495,-0.081408314,0.982686164,0.047541817,-0.161929286,-0.076462964
1790504283.781075716,-0.076599168,-0.055132112,-0.084487591,0.982148156,0.046105729,-0.163972975,-0.079825590
1790504283.814410686,-0.078663086,-0.057579254,-0.087606987,0.981370622,0.047679869,-0.166478256,-0.083206501
1790504283.847745419,-0.080903412,-0.060242875,-0.090868159,0.979823085,0.051771126,-0.173124497,-0.085407147
1790504283.881079435,-0.083018766,-0.063074795,-0.093893069,0.978759023,0.055459221,-0.177014876,-0.087297103
1790504283.914414406,-0.084999495,-0.065749011,-0.096571407,0.978178873,0.054017498,-0.178773238,-0.091040279
1790504283.947749138,-0.087002301,-0.068651724,-0.099132535,0.977184571,0.056160778,-0.181984668,-0.094009902
1790504283.981083870,-0.088925089,-0.071523340,-0.101171238,0.977286662,0.053868307,-0.181336142,-0.095531087
1790504284.014417887,-0.091014341,-0.074428560,-0.102992390,0.977045867,0.052546820,-0.181527633,-0.098325599
1790504284.047752619,-0.093217643,-0.077195708,-0.104687077,0.976518849,0.052206367,-0.181591298,-0.103489289
1790504284.081087589,-0.095472069,-0.079885781,-0.106498134,0.975526145,0.054824152,-0.182580615,-0.109578154
1790504284.114421368,-0.097498389,-0.082351783,-0.108343206,0.975073099,0.053924273,-0.182695821,-0.113784273
1790504284.147756338,-0.099164943,-0.084757891,-0.110225011,0.974970606,0.054086624,-0.180874352,-0.117436891
1790504284.181091309,-0.100797574,-0.087193536,-0.112443907,0.974080548,0.056448696,-0.183928308,-0.118958010
1790504284.214426041,-0.102373833,-0.089458272,-0.114683609,0.973326893,0.057795755,-0.186635223,-0.120256823
1790504284.247760057,-0.104045168,-0.091539096,-0.116924069,0.972369612,0.060143352,-0.189650384,-0.122118163
1790504284.281094790,-0.105872179,-0.093414101,-0.119096441,0.971134636,0.062998016,-0.193948567,-0.123744587
1790504284.314429760,-0.107748111,-0.094881036,-0.120935480,0.970089738,0.063310932,-0.196790021,-0.127245091
1790504284.347763777,-0.109699821,-0.096217866,-0.122563680,0.968925830,0.064593419,-0.200949309,-0.128956584
1790504284.381098270,-0.111607732,-0.097311630,-0.123917699,0.967746346,0.065205012,-0.205861798,-0.129754525
1790504284.414433241,-0.113442185,-0.098157018,-0.125051784,0.966368976,0.065992882,-0.211483439,-0.130578320
1790504284.447767496,-0.115281174,-0.098779682,-0.125986747,0.965163309,0.066511110,-0.216227041,-0.131460738
1790504284.481100798,-0.117223708,-0.099172771,-0.126640216,0.964318657,0.065913620,-0.219211879,-0.133007798
1790504284.514435291,-0.119371342,-0.099431225,-0.126958991,0.963623107,0.064448766,-0.221969959,-0.134187187
1790504284.547769547,-0.121854322,-0.099533922,-0.126859763,0.962617832,0.060931155,-0.226596929,-0.135307563
1790504284.581103802,-0.124657491,-0.099512658,-0.126246890,0.961591458,0.055606522,-0.231430434,-0.136710411
1790504284.614437103,-0.127754457,-0.099462183,-0.125324622,0.960668302,0.052060368,-0.235342498,-0.137913164
1790504284.647771358,-0.131079974,-0.099253517,-0.124267476,0.959825530,0.048511768,-0.238515191,-0.139613985
1790504284.681105375,-0.134546481,-0.098966764,-0.123242675,0.958828547,0.045271946,-0.241857558,-0.141785716
1790504284.714438677,-0.138049977,-0.098630381,-0.122395953,0.957601881,0.042712052,-0.245516822,-0.144553824
1790504284.747772932,-0.141541738,-0.098303714,-0.121842690,0.955712824,0.042038778,-0.251519262,-0.146914259
1790504284.781107187,-0.144918086,-0.098025173,-0.121395289,0.953812694,0.041093075,-0.257994392,-0.148295643
1790504284.814441442,-0.148185360,-0.097857676,-0.121155413,0.951683864,0.041111843,-0.265086033,-0.149455794
1790504284.847774506,-0.151387865,-0.097758324,-0.121051510,0.949537984,0.041040198,-0.271767212,-0.151115524
1790504284.881108761,-0.154567923,-0.097800868,-0.120924222,0.947749880,0.042046334,-0.277049392,-0.152466080
1790504284.914442539,-0.157752300,-0.097818664,-0.120758159,0.945696203,0.042192441,-0.282745153,-0.154705099
1790504284.947776794,-0.160774279,-0.097884871,-0.120372905,0.944334715,0.042328290,-0.286291893,-0.156451952
1790504284.981109858,-0.163539263,-0.097904768,-0.120095509,0.941833730,0.041984902,-0.293855400,-0.157592819
1790504285.014443874,-0.165623333,-0.097945520,-0.119706984,0.940040450,0.041941423,-0.300170531,-0.156404992
1790504285.047778130,-0.167150929,-0.097959572,-0.119291638,0.938134032,0.043587487,-0.306977713,-0.154173125
1790504285.081111193,-0.168381028,-0.097774431,-0.118480988,0.936853765,0.043252416,-0.311083532,-0.153822261
1790504285.114444971,-0.169663520,-0.097610268,-0.117244994,0.936166267,0.041550131,-0.313881108,-0.152790566
1790504285.147778988,-0.171142885,-0.097374011,-0.115422017,0.936405877,0.038488823,-0.313191485,-0.153537415
1790504285.181113005,-0.172925702,-0.097078219,-0.113206423,0.936599117,0.035206208,-0.312597450,-0.154354948
1790504285.214446068,-0.174939115,-0.096641073,-0.110634250,0.936906223,0.031698514,-0.311104871,-0.156255216
1790504285.247780085,-0.177124115,-0.096073869,-0.107779876,0.937405205,0.027391829,-0.309025833,-0.158190403
1790504285.281113863,-0.179443278,-0.095365279,-0.104898752,0.936932448,0.023022197,-0.310175296,-0.159432905
1790504285.314447641,-0.181712106,-0.094479402,-0.101991595,0.936457066,0.019533028,-0.311019325,-0.161039137
1790504285.347780704,-0.183857842,-0.093411705,-0.099251490,0.936233235,0.016647999,-0.310859610,-0.162961581
1790504285.381114483,-0.185879989,-0.092285476,-0.096697474,0.936142766,0.015156349,-0.310357290,-0.164576305
1790504285.414448500,-0.187752538,-0.091124980,-0.094188171,0.935793939,0.011857011,-0.310668075,-0.166236161
1790504285.447781563,-0.189495459,-0.090081939,-0.091588692,0.935743010,0.007299268,-0.310347021,-0.167381202
1790504285.481115341,-0.191215687,-0.089224805,-0.089013667,0.935435006,0.004097868,-0.311258853,-0.167518609
1790504285.514449120,-0.192888482,-0.088411099,-0.086524856,0.934790371,0.000659615,-0.313170308,-0.167603359
1790504285.547782898,-0.194507362,-0.087586654,-0.084239508,0.934167719,-0.002772006,-0.314876399,-0.167856610
1790504285.581115961,-0.196075090,-0.086705426,-0.082312153,0.933633944,-0.004754569,-0.316077311,-0.168523546
1790504285.614449739,-0.197559607,-0.085744948,-0.080888021,0.932914342,-0.005611942,-0.317175348,-0.170408732
1790504285.647783518,-0.198873291,-0.084742022,-0.079937735,0.932218868,-0.006594289,-0.317449735,-0.173638023
1790504285.681116104,-0.199949668,-0.083882379,-0.079341306,0.931659581,-0.006787017,-0.317752172,-0.176062257
1790504285.714450121,-0.200782464,-0.083219742,-0.078913417,0.931046891,-0.006863287,-0.318901744,-0.177218115
1790504285.747783899,-0.201422497,-0.082764373,-0.078461280,0.930679099,-0.006480380,-0.319510358,-0.178066139
1790504285.781117678,-0.201934030,-0.082527358,-0.078014501,0.930545018,-0.006769839,-0.320030583,-0.177821722
1790504285.814450264,-0.202376095,-0.082451871,-0.077601823,0.930354681,-0.007820943,-0.320726525,-0.177520412
1790504285.847784042,-0.202835282,-0.082501844,-0.077232195,0.929924065,-0.008185862,-0.322508093,-0.176529758
1790504285.881117582,-0.203334969,-0.082526226,-0.076777296,0.929751383,-0.008061998,-0.323342424,-0.175917728
1790504285.914451122,-0.203849982,-0.082366178,-0.076278370,0.929626777,-0.008077358,-0.323370646,-0.176522626
1790504285.947783947,-0.204393755,-0.082054847,-0.075785495,0.928936545,-0.008309040,-0.325214765,-0.176757495
1790504285.981117487,-0.204966262,-0.081619693,-0.075041419,0.928431425,-0.008701633,-0.326306898,-0.177378633
1790504286.014451265,-0.205643162,-0.081131412,-0.074005032,0.928020663,-0.009263950,-0.327457054,-0.177380115
1790504286.047783613,-0.206415133,-0.080594044,-0.072645169,0.927905321,-0.010079393,-0.327844356,-0.177223585
1790504286.081117153,-0.207263282,-0.079950640,-0.071176892,0.927594970,-0.012269468,-0.328966359,-0.176630025
1790504286.114450693,-0.208081642,-0.079230702,-0.069708046,0.927484082,-0.012748678,-0.329839077,-0.175547520
1790504286.147784233,-0.208691689,-0.078453537,-0.068213600,0.928419563,-0.010697567,-0.328160831,-0.173876811
1790504286.181116581,-0.209091268,-0.077562303,-0.066871527,0.928413489,-0.010193376,-0.329595647,-0.171205135
1790504286.214450121,-0.209331044,-0.076720991,-0.065501090,0.927645191,-0.009598345,-0.333858324,-0.167095452
1790504286.247783661,-0.209585421,-0.075704101,-0.064114547,0.926267527,-0.012706409,-0.339053118,-0.164042674
1790504286.281117201,-0.209936991,-0.074744642,-0.062650911,0.925542734,-0.013644480,-0.341572950,-0.162826274
1790504286.314449787,-0.210405650,-0.073817745,-0.061089015,0.925544913,-0.015687396,-0.341753375,-0.162250272
1790504286.347782850,-0.211050785,-0.072984226,-0.059517701,0.925782702,-0.017450523,-0.340889469,-0.162530730
1790504286.381116390,-0.211853925,-0.072218727,-0.058136744,0.925553415,-0.018597892,-0.341396089,-0.162645947
1790504286.414448738,-0.212754609,-0.071481573,-0.056872249,0.925092151,-0.018720503,-0.342837949,-0.162222671
1790504286.447783947,-0.213761113,-0.070675691,-0.055670665,0.924578099,-0.019330085,-0.343959818,-0.162706268
1790504286.481119156,-0.214829227,-0.069814878,-0.054453327,0.924287929,-0.020032375,-0.344235326,-0.163684359
1790504286.514454126,-0.215905132,-0.068896021,-0.053230606,0.923180844,-0.021772272,-0.347322384,-0.163187805
1790504286.547788382,-0.216937900,-0.067964211,-0.051840762,0.922403009,-0.023244844,-0.349875315,-0.161924771
1790504286.581123590,-0.217854635,-0.066970402,-0.050400061,0.922542955,-0.024637561,-0.349326564,-0.162106254
1790504286.614458561,-0.218527072,-0.066169081,-0.049012082,0.924096733,-0.022279850,-0.345122722,-0.162601180
1790504286.647793770,-0.219030075,-0.065481133,-0.048125352,0.923563645,-0.022006784,-0.347371939,-0.160868364
1790504286.681128025,-0.219322176,-0.064962797,-0.047432036,0.922764161,-0.022249480,-0.350625913,-0.158343719
1790504286.714462996,-0.219496568,-0.064475203,-0.046819086,0.922834284,-0.023566141,-0.350874397,-0.157189948
1790504286.747798204,-0.219687687,-0.064020399,-0.046356879,0.923098564,-0.024872388,-0.350193884,-0.156954289
1790504286.781132221,-0.219903455,-0.063604837,-0.046022104,0.923423438,-0.025871873,-0.349065794,-0.157393999
1790504286.814467192,-0.220107753,-0.063224860,-0.045871490,0.923826594,-0.027039023,-0.347419286,-0.158471309
1790504286.847802401,-0.220247234,-0.062976651,-0.045936992,0.924235755,-0.026629447,-0.345849920,-0.159583754
1790504286.881137609,-0.220227273,-0.062910171,-0.046174910,0.924431041,-0.026236351,-0.345277013,-0.159758218
1790504286.914471626,-0.219933215,-0.063069761,-0.046526644,0.925059769,-0.025736504,-0.343968532,-0.159021082
1790504286.947806835,-0.219397213,-0.063382093,-0.047148795,0.925176689,-0.024038020,-0.344521435,-0.157401554
1790504286.981141806,-0.218722705,-0.063733151,-0.047891982,0.924653531,-0.022599556,-0.346791568,-0.155694305
1790504287.014476061,-0.218076523,-0.064190203,-0.048639832,0.924234097,-0.020735160,-0.349018203,-0.153452538
1790504287.047811031,-0.217665633,-0.064684091,-0.049418276,0.923840338,-0.018425625,-0.351140715,-0.151260455
1790504287.081146240,-0.217607904,-0.065103028,-0.050057988,0.923813805,-0.017730330,-0.351527208,-0.150606477
1790504287.114481449,-0.217897632,-0.065559384,-0.050557866,0.924232126,-0.017885725,-0.350419624,-0.150602672
1790504287.147815466,-0.218372552,-0.066148754,-0.051004303,0.924840313,-0.019262686,-0.348579986,-0.150968004
1790504287.181150675,-0.218763039,-0.067044467,-0.051505872,0.925879977,-0.021284898,-0.345638423,-0.151087069
1790504287.214485645,-0.218857089,-0.068356749,-0.052348117,0.926826619,-0.022284359,-0.343149972,-0.150810883
1790504287.247820854,-0.218480963,-0.070178287,-0.053676029,0.928087192,-0.022624039,-0.340098685,-0.149917318
1790504287.281154871,-0.217594296,-0.072652758,-0.055639024,0.929404103,-0.021146978,-0.337398499,-0.148064414
1790504287.314490080,-0.216263216,-0.075783458,-0.058214847,0.930212599,-0.017117489,-0.336498180,-0.145535176
1790504287.347825050,-0.214554757,-0.079474705,-0.061040385,0.931393996,-0.014370680,-0.334914584,-0.141883508
1790504287.381159067,-0.212631216,-0.083707402,-0.063913225,0.932651387,-0.011200049,-0.333028777,-0.138303226
1790504287.414494038,-0.210595285,-0.088387262,-0.066671923,0.933794138,-0.007940991,-0.331418356,-0.134637740
1790504287.447827339,-0.208474600,-0.093270390,-0.069239710,0.935033680,-0.006808225,-0.329230165,-0.131427408
1790504287.481160402,-0.206308566,-0.098318470,-0.071758831,0.936067806,-0.003828348,-0.327329661,-0.128909660
1790504287.514492512,-0.204010916,-0.103453541,-0.074155837,0.937482154,-0.000214388,-0.324602794,-0.125539603
1790504287.547825336,-0.201597919,-0.108492171,-0.076491598,0.938641636,0.002506267,-0.322405679,-0.122475204
1790504287.581158400,-0.199095080,-0.113327774,-0.078758609,0.939386157,0.005695600,-0.321068071,-0.120151995
1790504287.614491463,-0.196537393,-0.117884178,-0.080798161,0.940348149,0.008689708,-0.319101292,-0.117661431
1790504287.647823572,-0.194015534,-0.122240780,-0.082579204,0.941933969,0.012459256,-0.315601968,-0.114020010
1790504287.681156397,-0.191635164,-0.126229186,-0.084207819,0.943423090,0.013484357,-0.312412913,-0.110314172
1790504287.714489222,-0.189386012,-0.129909031,-0.085599749,0.944941461,0.014898448,-0.308391607,-0.108435642
1790504287.747821331,-0.187321363,-0.133291150,-0.086788607,0.945931043,0.012891902,-0.306223670,-0.106185335
1790504287.781154156,-0.185390232,-0.136810493,-0.087793284,0.947280681,0.016205980,-0.302877939,-0.103255176
1790504287.814486742,-0.183538799,-0.140082681,-0.088669349,0.948571315,0.015992134,-0.299318841,-0.101808368
1790504287.847819805,-0.181629215,-0.143486150,-0.089516186,0.949695511,0.017754354,-0.296529392,-0.099164203
1790504287.881151676,-0.179543657,-0.146996620,-0.090430476,0.950301934,0.020057185,-0.295534229,-0.095830392
1790504287.914484262,-0.177186787,-0.150670556,-0.091377802,0.950956049,0.023515210,-0.294373646,-0.092053161
1790504287.947817087,-0.174691878,-0.154123775,-0.092400502,0.951135879,0.021475043,-0.295065823,-0.088405440
1790504287.981149912,-0.172051645,-0.157630149,-0.093307808,0.952028819,0.023324374,-0.293121011,-0.084718206
1790504288.014481544,-0.169300361,-0.160890151,-0.094014297,0.953190645,0.024559960,-0.290133471,-0.081528958
1790504288.047814131,-0.166403090,-0.163856566,-0.094556034,0.954476957,0.025608800,-0.286863161,-0.077636682
1790504288.081146717,-0.163377381,-0.166453229,-0.095048627,0.955526890,0.027316663,-0.284419872,-0.072989719
1790504288.114478588,-0.160180302,-0.168613305,-0.095405327,0.956751252,0.029099183,-0.281197265,-0.068617622
1790504288.147810936,-0.156779977,-0.170482208,-0.095691233,0.957889197,0.031381492,-0.278172057,-0.063904579
1790504288.181143522,-0.153183332,-0.172089925,-0.095929234,0.958563186,0.032930050,-0.276766587,-0.058927809
1790504288.214476347,-0.149351599,-0.173484957,-0.095949671,0.959596037,0.034265369,-0.274035050,-0.053908448
1790504288.247807980,-0.145449403,-0.174603014,-0.095750774,0.960885627,0.033244103,-0.270395234,-0.049800191
1790504288.281140327,-0.141608739,-0.175595018,-0.095449385,0.962309340,0.033341538,-0.265920124,-0.046212150
1790504288.314472675,-0.137905286,-0.176373325,-0.095125169,0.963697384,0.033241453,-0.261341329,-0.043394333
1790504288.347804308,-0.134361184,-0.176949241,-0.094759408,0.965100670,0.031259639,-0.256726148,-0.041173020
1790504288.381136656,-0.130960527,-0.177471805,-0.094372792,0.966610981,0.030753159,-0.251362317,-0.039171918
1790504288.414469004,-0.127658610,-0.177785655,-0.093994726,0.968058195,0.030133135,-0.246003850,-0.037913458
1790504288.447805166,-0.124329385,-0.178000418,-0.093543167,0.969532322,0.030142939,-0.240495418,-0.035502577
1790504288.481139898,-0.121008954,-0.178075254,-0.092986601,0.970467825,0.029497774,-0.237192048,-0.032588550
1790504288.514476061,-0.117573126,-0.178067201,-0.092153784,0.971588854,0.029161453,-0.233158282,-0.028318260
1790504288.547811985,-0.114056680,-0.177861999,-0.091058284,0.972598455,0.027770036,-0.229539335,-0.024346728
1790504288.581147909,-0.110478082,-0.177579675,-0.089658630,0.973681014,0.026623567,-0.225501136,-0.019639386
1790504288.614482880,-0.106968826,-0.177061640,-0.088048246,0.974700594,0.024231424,-0.221580166,-0.016547532
1790504288.647818804,-0.103458164,-0.176394493,-0.086197573,0.976329583,0.021844994,-0.214712011,-0.014216003
1790504288.681154728,-0.100036745,-0.175663977,-0.084255102,0.977951376,0.019727226,-0.207582112,-0.011472120
1790504288.714489698,-0.096631254,-0.174844841,-0.082218025,0.979603584,0.017088577,-0.200000733,-0.009192668
1790504288.747825623,-0.093218855,-0.174001939,-0.080300161,0.980761522,0.014455501,-0.194582078,-0.005974141
1790504288.781161547,-0.089670378,-0.173129508,-0.078428733,0.981939084,0.012333585,-0.188779754,-0.002391997
1790504288.814497471,-0.086051537,-0.172229295,-0.076590070,0.982773022,0.011739972,-0.184425881,0.002540745
1790504288.847832203,-0.082499887,-0.171022232,-0.074798213,0.983141554,0.009642352,-0.182474576,0.006537497
1790504288.881168127,-0.078694917,-0.169717450,-0.072664801,0.985032800,0.007869213,-0.171843976,0.010867656
1790504288.914504051,-0.075191691,-0.168234510,-0.070654890,0.986326029,0.004127780,-0.164169514,0.013867083
1790504288.947839975,-0.071985151,-0.166720591,-0.068792454,0.987149038,0.001736599,-0.159058493,0.015302185
1790504288.981174946,-0.068929744,-0.165301317,-0.066921262,0.987989075,-0.000565167,-0.153511438,0.017649558
1790504289.014510870,-0.066054276,-0.163936839,-0.064974881,0.988925212,-0.003789208,-0.147142547,0.019016793
1790504289.047847033,-0.063256438,-0.162623683,-0.062964874,0.989780553,-0.007228428,-0.140920818,0.020579827
1790504289.081182003,-0.060425245,-0.161325774,-0.060970951,0.990393447,-0.010384292,-0.135935124,0.023122037
1790504289.114517927,-0.057482065,-0.159957827,-0.059034009,0.991089107,-0.012236000,-0.130122785,0.025704544
1790504289.147853851,-0.054528355,-0.158384981,-0.057220349,0.991557619,-0.014106315,-0.125877043,0.027739327
1790504289.181189775,-0.051332650,-0.156609004,-0.055298096,0.992257757,-0.016807506,-0.119352180,0.029951763
1790504289.214524746,-0.047867421,-0.154703261,-0.053285791,0.993044759,-0.018495778,-0.111427699,0.033224692
1790504289.247860670,-0.044375040,-0.152460640,-0.051278126,0.993351740,-0.021896444,-0.107098402,0.036094301
1790504289.281196594,-0.040477248,-0.150039967,-0.049069412,0.993971745,-0.025382574,-0.098972827,0.039752663
1790504289.314532518,-0.036256482,-0.147563578,-0.046866014,0.994506798,-0.029104878,-0.089814885,0.045193163
1790504289.347867489,-0.032009680,-0.145086101,-0.044793812,0.994594788,-0.031681014,-0.084871295,0.050738392
1790504289.381203413,-0.027815927,-0.142604534,-0.042779476,0.994373713,-0.032922412,-0.083770636,0.055852604
1790504289.414539337,-0.023349437,-0.139939057,-0.040421127,0.994654410,-0.036132112,-0.076524209,0.059170262
1790504289.447873116,-0.018926178,-0.137421986,-0.038006297,0.994730317,-0.038395735,-0.070683040,0.063570996
1790504289.481207609,-0.014532686,-0.134840201,-0.035596522,0.994878319,-0.041834381,-0.063192823,0.066885595
1790504289.514542341,-0.010413193,-0.132345917,-0.033420752,0.994914028,-0.043999346,-0.056726930,0.070655436
1790504289.547876835,-0.006702740,-0.129924103,-0.031412097,0.994931992,-0.045633313,-0.051445509,0.073357289
1790504289.581210375,-0.003259347,-0.127399333,-0.029330521,0.995143469,-0.049424962,-0.042898915,0.073527764
1790504289.614545107,-0.000139321,-0.124958689,-0.027285220,0.995327887,-0.052156737,-0.034895863,0.073378131
1790504289.647879601,0.002897516,-0.122440374,-0.025169699,0.995279582,-0.056900462,-0.026095318,0.074161485
1790504289.681213379,0.005908388,-0.119873774,-0.023046312,0.995172599,-0.061028037,-0.019016461,0.074467782
1790504289.714547873,0.009100047,-0.117297667,-0.020900108,0.994921212,-0.064335193,-0.012975392,0.076317781
1790504289.747882605,0.012569175,-0.114666507,-0.018844477,0.994347541,-0.068971984,-0.006754665,0.080437602
1790504289.781217098,0.016257912,-0.112026574,-0.017056095,0.993790079,-0.072290469,0.000103566,0.084589342
1790504289.814550638,0.020049028,-0.109366823,-0.015574497,0.993159370,-0.074861378,0.005588391,0.089437179
1790504289.847884893,0.024053872,-0.106670788,-0.014245874,0.992367228,-0.077732525,0.012316788,0.094938064
1790504289.881219625,0.027985688,-0.103977339,-0.013091493,0.991634223,-0.080040304,0.016036748,0.099989704
1790504289.914554119,0.031999451,-0.101162775,-0.011863108,0.990640661,-0.084040488,0.021793259,0.105324885
1790504289.947887659,0.035734374,-0.098443366,-0.010609705,0.989889249,-0.086160228,0.025161515,0.109829814
1790504289.981222153,0.039163508,-0.095579565,-0.009222539,0.989114053,-0.089660044,0.029295067,0.112943637
1790504290.014556646,0.042236322,-0.092479640,-0.007722552,0.988213623,-0.095349444,0.034822500,0.114584955
1790504290.047890186,0.044852051,-0.089380792,-0.006214827,0.987742796,-0.098349363,0.038951523,0.114779574
1790504290.081224680,0.047435776,-0.086065573,-0.004568116,0.987088613,-0.101376385,0.046141774,0.115107928
1790504290.114559174,0.050102822,-0.082507208,-0.002893602,0.986063305,-0.106354418,0.052751773,0.116555335
1790504290.147893667,0.052890812,-0.078898792,-0.001388298,0.985145243,-0.110324376,0.055858738,0.119151939
1790504290.181226730,0.055973238,-0.075189003,-0.000048615,0.984189812,-0.113628514,0.059097810,0.122337334
1790504290.214561224,0.059362010,-0.071406995,0.001174429,0.982961057,-0.117087427,0.063554255,0.126644978
1790504290.247895718,0.062868040,-0.067605294,0.002274602,0.981557465,-0.121040506,0.067341416,0.131754590
1790504290.281229973,0.066412390,-0.063710199,0.003320230,0.980427148,-0.124379716,0.071836584,0.134654369
1790504290.314563513,0.069972115,-0.059739008,0.004461616,0.979347446,-0.126814271,0.077332257,0.137173039
1790504290.347897768,0.073403563,-0.055538956,0.005867234,0.977987754,-0.132173008,0.082548900,0.138765734
1790504290.381232262,0.076572293,-0.051415092,0.007483363,0.976943130,-0.136991882,0.084816914,0.140076537
1790504290.414565325,0.079599374,-0.047501998,0.009120300,0.976238317,-0.139521267,0.086938300,0.141188871
1790504290.447900772,0.082536079,-0.043698483,0.010706056,0.975241201,-0.143505676,0.091510162,0.141197062
1790504290.481236458,0.085435829,-0.040079779,0.012246280,0.973723880,-0.149452437,0.098307673,0.140930393
1790504290.514571905,0.088216421,-0.036828543,0.013636362,0.972565357,-0.153895619,0.103764121,0.140234705
1790504290.547906399,0.090962446,-0.033847216,0.014875101,0.971556227,-0.157484532,0.108384160,0.139749753
1790504290.581241846,0.093820897,-0.030970829,0.015957859,0.969996825,-0.162383660,0.114286545,0.140272210
1790504290.614577293,0.096511791,-0.028474888,0.016731813,0.968819356,-0.164464229,0.115662994,0.144784821
1790504290.647912741,0.099220614,-0.025846980,0.017286703,0.967277611,-0.168881202,0.118035182,0.148056944
1790504290.681247234,0.101995575,-0.023397390,0.017757232,0.966195270,-0.169935174,0.121660348,0.150955280
1790504290.714582920,0.104651926,-0.020925116,0.018154793,0.964761545,-0.172858495,0.123879714,0.154948117
1790504290.747918367,0.107230573,-0.018522200,0.018491972,0.963421310,-0.175863895,0.126663119,0.157631606
1790504290.781252861,0.109726544,-0.016270258,0.018794458,0.962014250,-0.178719063,0.129453597,0.160716664
1790504290.814588308,0.112103841,-0.014191030,0.019080418,0.960516767,-0.181629255,0.132347748,0.164019593
1790504290.847923994,0.114209190,-0.012340958,0.019370634,0.959362471,-0.183866504,0.134486158,0.166523965
1790504290.881259441,0.116074744,-0.010672561,0.019699451,0.958311675,-0.186064133,0.136954900,0.168113732
1790504290.914593935,0.117749777,-0.009143396,0.020027743,0.957205710,-0.188578142,0.139804311,0.169263897
1790504290.947929621,0.119274804,-0.007754514,0.020340853,0.956154671,-0.190650955,0.142174425,0.170900240
1790504290.981265068,0.120756189,-0.006392722,0.020693597,0.954995704,-0.193219924,0.144604871,0.172449117
1790504291.014599800,0.122240751,-0.005069896,0.021056198,0.953772869,-0.195487168,0.147259292,0.174404076
1790504291.047935247,0.123769235,-0.003724683,0.021405116,0.952399545,-0.197845874,0.150430088,0.176530186
1790504291.081270933,0.125230067,-0.002416539,0.021708024,0.951262290,-0.199902046,0.151889641,0.179077539
1790504291.114606380,0.126681223,-0.001126871,0.021955336,0.950103843,-0.201599819,0.154804502,0.180819707
1790504291.147941113,0.128004442,0.000190533,0.022261356,0.948600953,-0.204713662,0.158541108,0.181970506
1790504291.181276560,0.129158560,0.001431983,0.022691533,0.947384099,-0.207561363,0.161636818,0.182360053
1790504291.214612246,0.130143627,0.002442897,0.023037586,0.946326296,-0.210181968,0.163599513,0.183099102
1790504291.247947931,0.130771350,0.002608240,0.023042638,0.945981354,-0.210011204,0.164043489,0.184673513
1790504291.281282425,0.130936903,0.002125205,0.022811908,0.946200055,-0.208748082,0.164970106,0.184159058
1790504291.314618111,0.130969760,0.001897156,0.022699128,0.945770225,-0.210070620,0.168264527,0.181868263
1790504291.347953796,0.131171128,0.002169808,0.022881441,0.944677786,-0.212914118,0.172280024,0.180474522
1790504291.381288528,0.131564296,0.002817322,0.023237750,0.943549267,-0.216188081,0.174046802,0.180790497
1790504291.414623976,0.132065276,0.003344773,0.023415288,0.943061947,-0.217212894,0.173781561,0.182353208
1790504291.447960854,0.132487263,0.003217304,0.023179978,0.943227733,-0.216464515,0.173309636,0.182834151
1790504291.481297970,0.132974594,0.002726792,0.022760340,0.943117242,-0.215486089,0.175159833,0.182796735
1790504291.514633894,0.133626775,0.002482238,0.022440658,0.942651230,-0.215922394,0.176958275,0.182953405
1790504291.547970533,0.134589566,0.002605583,0.022231823,0.941805028,-0.217333646,0.178524533,0.184115091
1790504291.581307411,0.135904817,0.002991317,0.022025980,0.941011929,-0.218319273,0.179740353,0.185813480
1790504291.614644289,0.137584948,0.003507285,0.021764138,0.939896565,-0.219397066,0.180879276,0.189055712
1790504291.647980213,0.139537593,0.003909797,0.021360785,0.938842341,-0.220463773,0.182495303,0.191484328
1790504291.681317091,0.141611718,0.003933008,0.020731076,0.938239205,-0.220234547,0.184568773,0.192713016
1790504291.714653969,0.143671580,0.003539113,0.019942127,0.938402400,-0.218073438,0.185984815,0.193014403
1790504291.747989893,0.145777139,0.002887442,0.019132822,0.938399134,-0.216360914,0.187975879,0.193028727
1790504291.781327009,0.147938959,0.001888111,0.018354837,0.938405038,-0.213895006,0.190389304,0.193382582
1790504291.814663887,0.150152553,0.000634319,0.017626028,0.938584368,-0.211522365,0.192850900,0.192681613
1790504291.848000765,0.152502410,-0.000687956,0.016962130,0.938507103,-0.210520881,0.195393157,0.191590425
1790504291.881336689,0.155175621,-0.002019667,0.016378977,0.937937130,-0.209803334,0.199304270,0.191139503
1790504291.914673567,0.158125590,-0.003410259,0.015858323,0.937519101,-0.208299096,0.201893130,0.192116074
1790504291.948010445,0.161374129,-0.004809425,0.015370935,0.936983692,-0.206953498,0.204057679,0.193887272
1790504291.981347561,0.164927454,-0.006305687,0.014894622,0.936221752,-0.205642387,0.207424369,0.195384671
1790504292.014683485,0.168606504,-0.008015042,0.014453578,0.935582949,-0.205262012,0.209659451,0.196456018
1790504292.048020601,0.172532144,-0.009960038,0.013977609,0.934724769,-0.205636449,0.212855298,0.196712681
1790504292.081357479,0.176802162,-0.012273242,0.013280894,0.934182373,-0.203693683,0.216766278,0.197039484
1790504292.114693403,0.181351838,-0.014887030,0.012196834,0.933850413,-0.200029712,0.220562736,0.198150448
1790504292.148030519,0.186151182,-0.017837994,0.010915117,0.933993402,-0.192954635,0.224768787,0.199759419
1790504292.181367397,0.191087990,-0.020682381,0.009852701,0.933648720,-0.188727759,0.228092749,0.201632336
1790504292.214704514,0.196212954,-0.023335998,0.009209834,0.932736520,-0.186408822,0.231830916,0.203736992
1790504292.248040438,0.201436541,-0.025784064,0.008887229,0.931433015,-0.184853889,0.236010148,0.206302660
1790504292.281377554,0.206769313,-0.028014262,0.008780308,0.930100771,-0.183018668,0.240144626,0.209158507
1790504292.314714670,0.212168501,-0.029949672,0.008868239,0.928498654,-0.182341341,0.242539141,0.214048241
1790504292.348050594,0.217655729,-0.031629476,0.009063923,0.926752201,-0.181805706,0.245988678,0.218097714
1790504292.381387711,0.223042207,-0.033256935,0.009300698,0.925145077,-0.180533858,0.249809116,0.221606674
1790504292.414724588,0.228210480,-0.034960268,0.009601480,0.924015878,-0.178644699,0.253549016,0.223592543
1790504292.448059082,0.233229879,-0.036797551,0.010057739,0.923116017,-0.176019337,0.258175359,0.224097069
1790504292.481392384,0.238015479,-0.038699039,0.010779860,0.922254519,-0.174739351,0.261899953,0.224323817
1790504292.514726877,0.242603905,-0.040591910,0.011794370,0.921395564,-0.174666921,0.265882820,0.223221879
1790504292.548061132,0.247130316,-0.042494808,0.013031121,0.920375020,-0.173826281,0.271706853,0.221064770
1790504292.581395626,0.251524037,-0.044454009,0.014439158,0.919854281,-0.171547926,0.276149025,0.219501997
1790504292.614728689,0.255840344,-0.046127972,0.015983847,0.919213932,-0.172303544,0.279404033,0.217464072
1790504292.648062944,0.260190578,-0.047754398,0.017605578,0.918899279,-0.171743864,0.280472602,0.217860690
1790504292.681397438,0.264666618,-0.049446056,0.019221082,0.918841186,-0.167771563,0.281005683,0.220498037
1790504292.714730740,0.269027542,-0.050802645,0.020905720,0.918593039,-0.167820251,0.279320269,0.223614353
1790504292.748064995,0.273230833,-0.051886634,0.022744351,0.918492366,-0.171585859,0.275365355,0.226061912
1790504292.781399250,0.277488742,-0.053066084,0.024494899,0.917969659,-0.171747652,0.276467964,0.226715490
1790504292.814733505,0.281499927,-0.054333046,0.026149471,0.917536044,-0.169744000,0.279235060,0.226588535
1790504292.848066568,0.285247620,-0.055491318,0.027970765,0.917274063,-0.170168176,0.279867804,0.226550430
1790504292.881400824,0.289015924,-0.056630197,0.030062877,0.916715659,-0.170848429,0.281151458,0.226709223
1790504292.914735079,0.292738760,-0.057714089,0.032329052,0.915841991,-0.172227642,0.283162711,0.226693550
1790504292.948069334,0.296265846,-0.058814664,0.034605183,0.915089052,-0.173068898,0.284861170,0.226965410
1790504292.981402397,0.299612373,-0.060000486,0.036861077,0.914808119,-0.171053640,0.287147131,0.226744973
1790504293.014736652,0.302697820,-0.060969174,0.039177953,0.914496881,-0.171129032,0.288928252,0.225678474
1790504293.048070908,0.305703645,-0.061782065,0.041504764,0.914008181,-0.171725691,0.291747436,0.223568259
1790504293.081403732,0.308662287,-0.062600149,0.043758754,0.913780064,-0.171056368,0.293251040,0.223046051
1790504293.114737988,0.311558194,-0.063376552,0.046007140,0.913939853,-0.170916376,0.293153348,0.222626708
1790504293.148072243,0.314373652,-0.064080036,0.048334141,0.913800465,-0.173056918,0.293774651,0.220718074
1790504293.181406260,0.317172491,-0.064988374,0.050665748,0.913213063,-0.173519758,0.297032414,0.218413688
1790504293.214739323,0.319844038,-0.065865287,0.052920817,0.912453472,-0.176396877,0.300928032,0.213904469
1790504293.248073578,0.322437238,-0.067278600,0.055108988,0.913448196,-0.171947484,0.300917376,0.213296012
1790504293.281407356,0.325180655,-0.068535327,0.057204330,0.914056068,-0.169181596,0.301679080,0.211822627
1790504293.314741373,0.328145571,-0.069574744,0.059284431,0.913661548,-0.168873455,0.302964818,0.211935490
1790504293.348074436,0.331243933,-0.070504018,0.061454684,0.913916156,-0.168335989,0.301501388,0.213347528
1790504293.381408453,0.334716705,-0.071260732,0.063669961,0.913719277,-0.167554597,0.300435920,0.216288690
1790504293.414742708,0.338486129,-0.071721074,0.065803420,0.912595258,-0.169798324,0.301957180,0.217164191
1790504293.448075771,0.342366665,-0.072246962,0.067764724,0.911728878,-0.170168506,0.304130677,0.217480259
1790504293.481409550,0.346145084,-0.072827901,0.069585000,0.911625275,-0.169915990,0.304056559,0.218214397
1790504293.514743328,0.349992864,-0.073362043,0.071273190,0.910868277,-0.170439207,0.306701131,0.217264527
1790504293.548077345,0.353724455,-0.074020961,0.072909733,0.910410698,-0.169766857,0.309421539,0.215846906
1790504293.581410408,0.357347923,-0.074597062,0.074609552,0.909871415,-0.170493448,0.311241113,0.214930133
1790504293.614744425,0.360959253,-0.075105448,0.076406511,0.909553418,-0.170618924,0.311935005,0.215170435
1790504293.648078442,0.364617331,-0.075515554,0.078213563,0.908852889,-0.170123864,0.313318043,0.216508893
1790504293.681411028,0.368194294,-0.075918455,0.080059640,0.908462923,-0.168216068,0.314731595,0.217583305
1790504293.714745045,0.371629295,-0.076032784,0.082043303,0.907225686,-0.170546914,0.315716144,0.219496292
1790504293.748079062,0.374939660,-0.076233532,0.084099734,0.906409553,-0.170754766,0.316889124,0.221010894
1790504293.781412840,0.378036547,-0.076338523,0.086136508,0.905596144,-0.171272206,0.318236153,0.222007223
1790504293.814745903,0.380924923,-0.076377858,0.088140796,0.904808092,-0.172304426,0.318428019,0.224136337
1790504293.848079681,0.383501373,-0.076495881,0.089999171,0.904391266,-0.172991319,0.318135023,0.225700129
1790504293.881413221,0.385751441,-0.076686708,0.091710424,0.903735677,-0.173091575,0.319415139,0.226440063
1790504293.914747238,0.387679821,-0.076910564,0.093577692,0.903688090,-0.172898323,0.319311590,0.226923147
1790504293.948080063,0.389478561,-0.077095652,0.095763315,0.903717985,-0.172945461,0.318709145,0.227614042
1790504293.981413841,0.391101784,-0.077161271,0.098286588,0.903709868,-0.174405345,0.317930898,0.227620726
1790504294.014747858,0.392558037,-0.077167769,0.101091241,0.903634759,-0.176635699,0.317606444,0.226649948
1790504294.048080683,0.393845301,-0.077253629,0.103931776,0.903504910,-0.179328088,0.317752148,0.224841917
1790504294.081414223,0.394981893,-0.077569002,0.106504059,0.903685456,-0.180301222,0.318130324,0.222793991
1790504294.114748001,0.395910511,-0.077996708,0.108738103,0.904358840,-0.181259088,0.315963614,0.222367321
1790504294.148081779,0.396919049,-0.078476111,0.110557105,0.904212520,-0.181276057,0.316008933,0.222883522
1790504294.181414604,0.397878882,-0.078995396,0.112015314,0.904153183,-0.180010009,0.317104902,0.222593575
1790504294.214748383,0.398831458,-0.079354610,0.113235263,0.903950587,-0.179963450,0.317289077,0.223190804
1790504294.248081923,0.400011433,-0.079560305,0.114248042,0.903443283,-0.180425944,0.317199171,0.224991997
1790504294.281415701,0.401357008,-0.079721363,0.114957086,0.902810240,-0.180658510,0.317099809,0.227472822
1790504294.314748287,0.402719225,-0.079906450,0.115339842,0.902361707,-0.179913555,0.317009709,0.229955010
1790504294.348082066,0.404070464,-0.080066214,0.115455311,0.901994285,-0.179514081,0.317132728,0.231533666
1790504294.381415844,0.405483055,-0.080324822,0.115253708,0.901319658,-0.179047212,0.318675355,0.232402641
1790504294.414748192,0.406912122,-0.080800158,0.114676844,0.900835705,-0.178835132,0.320696591,0.231660797
1790504294.448086739,0.408376896,-0.081614276,0.113593254,0.900844003,-0.178703928,0.322289970,0.229508526
1790504294.481425047,0.410055356,-0.082875720,0.111780422,0.900738883,-0.176925439,0.325482285,0.226777725
1790504294.514763117,0.411972644,-0.084519075,0.109254302,0.900774768,-0.173166412,0.328745387,0.224821444
1790504294.548100471,0.414231788,-0.086371134,0.106251573,0.900599498,-0.167826300,0.331651012,0.225305312
1790504294.581439018,0.416830366,-0.088057216,0.103051213,0.899854685,-0.165111269,0.334349040,0.226297447
1790504294.614777088,0.419831425,-0.089595180,0.099816844,0.898507130,-0.162740826,0.337885805,0.228108623
1790504294.648115396,0.423136088,-0.090861996,0.096620793,0.896420649,-0.161781564,0.340997859,0.232329948
1790504294.681452990,0.426752234,-0.091901833,0.093425456,0.894174195,-0.159628228,0.344971608,0.236571190
1790504294.714791298,0.430410841,-0.092557340,0.090251863,0.891488255,-0.159895941,0.347136740,0.243265415
1790504294.748129606,0.434162300,-0.093064066,0.086992564,0.889532525,-0.158247452,0.351496013,0.245234958
1790504294.781466961,0.437960026,-0.093378412,0.083637005,0.887297682,-0.155546793,0.356793719,0.247398991
1790504294.814805508,0.441897910,-0.093287044,0.080231173,0.884469131,-0.156331473,0.361677551,0.249928342
1790504294.848144054,0.446107945,-0.093265882,0.076681593,0.881969549,-0.153569474,0.365118694,0.255410395
1790504294.881482363,0.450451172,-0.093092037,0.072910306,0.879552064,-0.150876684,0.368698721,0.260164653
1790504294.914819717,0.454733138,-0.092690153,0.069078867,0.876978743,-0.150719220,0.371717201,0.264609758
1790504294.948158503,0.458963472,-0.092174145,0.065356723,0.874205896,-0.151397573,0.375401095,0.268173160
1790504294.981496811,0.463334222,-0.091683499,0.061677808,0.871316687,-0.149175113,0.381535075,0.270157369
1790504295.014834166,0.467740543,-0.090794449,0.058068480,0.867898480,-0.150593049,0.386776276,0.272906715
1790504295.048172951,0.472241280,-0.089783606,0.054516663,0.865306072,-0.150546021,0.390272891,0.276167283
1790504295.081511259,0.477001128,-0.088632771,0.051065566,0.862567072,-0.148319826,0.394920089,0.279315947
1790504295.114849806,0.481938195,-0.087141130,0.047848801,0.859343484,-0.148740619,0.399460478,0.282553234
1790504295.148187399,0.486838207,-0.085419729,0.044824785,0.856274366,-0.151080680,0.403337623,0.285109805
1790504295.181525946,0.491587433,-0.083676803,0.041997709,0.854006334,-0.151632501,0.405744599,0.288187587
1790504295.214864492,0.496331586,-0.081688909,0.039373532,0.850695103,-0.153557415,0.409737934,0.291295019
1790504295.248203039,0.500772176,-0.079688952,0.037065420,0.847809490,-0.155320430,0.412708642,0.294561045
1790504295.281540871,0.504845538,-0.077689638,0.035249719,0.845489886,-0.156924583,0.416154987,0.295527585
1790504295.314879417,0.508788734,-0.075427310,0.033967153,0.840898238,-0.162261704,0.423791189,0.294893745
1790504295.348217964,0.512161267,-0.073316101,0.033275661,0.838313930,-0.166543752,0.427322880,0.294767856
1790504295.381555557,0.515218792,-0.071203271,0.032799689,0.836121037,-0.169205516,0.430691862,0.294577028
1790504295.414894342,0.518060023,-0.068985782,0.032414417,0.833477941,-0.172400962,0.433915425,0.295482373
1790504295.448230028,0.520530317,-0.067026922,0.032089180,0.831961387,-0.173767274,0.435522200,0.296589949
1790504295.481565952,0.522548687,-0.065474758,0.031771802,0.831395608,-0.173838177,0.436701524,0.296400761
1790504295.514900923,0.524235579,-0.064313559,0.031557885,0.830590031,-0.175207118,0.438515397,0.295172683
1790504295.548236609,0.525545947,-0.063819514,0.031469419,0.830353746,-0.176205722,0.439468314,0.293822738
1790504295.581572533,0.526234995,-0.064335935,0.031204378,0.831608936,-0.173463250,0.440391251,0.290504087
1790504295.614908218,0.525987323,-0.065863392,0.030619659,0.834013293,-0.168584138,0.439649742,0.287592280
1790504295.648243189,0.524768655,-0.068493804,0.029662276,0.837925777,-0.160393940,0.438915824,0.281969992
1790504295.681578875,0.522758937,-0.071994336,0.028566275,0.841914772,-0.151861795,0.438510559,0.275365214
1790504295.714914799,0.520587791,-0.075902107,0.027498413,0.843204612,-0.148201644,0.441971794,0.267774509
1790504295.748249531,0.518128498,-0.080580068,0.026586159,0.845532046,-0.141883501,0.442320880,0.263242989
1790504295.781585455,0.515480462,-0.085577578,0.025567817,0.847734898,-0.136935046,0.444373120,0.255199661
1790504295.814921141,0.512605819,-0.090878167,0.024456385,0.849315177,-0.132297597,0.445817126,0.249816264
1790504295.848257065,0.509558091,-0.096414011,0.023264640,0.850359622,-0.127839400,0.447554789,0.245439020
1790504295.881591797,0.506402999,-0.101927296,0.022038155,0.851140473,-0.125533200,0.449183828,0.240904958
1790504295.914927721,0.503140784,-0.107458840,0.020731475,0.852349825,-0.122621390,0.449644189,0.237242226
1790504295.948263407,0.499645396,-0.112997819,0.019357057,0.854447988,-0.118303611,0.446625930,0.237588237
1790504295.981599331,0.496150753,-0.118681496,0.017803214,0.856388512,-0.110363881,0.444159044,0.239042410
1790504296.014934063,0.492377094,-0.124336259,0.016204827,0.858711637,-0.104415764,0.441895756,0.237570650
1790504296.048269749,0.488232136,-0.130264658,0.014815956,0.861741130,-0.096498272,0.437652832,0.237803086
1790504296.081605673,0.484106413,-0.136059186,0.013751060,0.863660099,-0.092124764,0.437749653,0.232334894
1790504296.114940405,0.480173765,-0.141692425,0.012999136,0.864627130,-0.090030267,0.439155021,0.226842115
1790504296.148276091,0.476403271,-0.147337811,0.012411915,0.866252555,-0.086932176,0.437361216,0.225309731
1790504296.181612015,0.472820962,-0.152971953,0.011800990,0.868450661,-0.083430738,0.434266189,0.224155391
1790504296.214947701,0.469494048,-0.158704025,0.010992299,0.869932154,-0.078650686,0.434210951,0.220211187
1790504296.248282433,0.465968878,-0.164511273,0.010100288,0.871755563,-0.075718286,0.430612600,0.221092217
1790504296.281618357,0.462415519,-0.170512023,0.009005538,0.873387910,-0.070902668,0.429577327,0.218242276
1790504296.314954042,0.458706618,-0.176497003,0.007886248,0.875274263,-0.066076285,0.427550656,0.216169670
1790504296.348288774,0.454914336,-0.182327901,0.006827112,0.877373152,-0.060925376,0.424802647,0.214586022
1790504296.381624699,0.450982381,-0.187889380,0.005976281,0.880046788,-0.055645227,0.420193243,0.214146908
1790504296.414960384,0.447059896,-0.193043324,0.005469694,0.882016670,-0.051627678,0.416747890,0.213781130
1790504296.448297024,0.443030889,-0.197836288,0.005399817,0.884134658,-0.048269666,0.413719258,0.211689211
1790504296.481632710,0.438879391,-0.202245259,0.005677664,0.886388225,-0.044711613,0.411089153,0.208140564
1790504296.514969587,0.434718811,-0.206256560,0.006210467,0.888434390,-0.042141970,0.407504510,0.206998706
1790504296.548306227,0.430544451,-0.209902695,0.006903359,0.890670695,-0.039354819,0.403679524,0.205425785
1790504296.581642866,0.426408580,-0.212984238,0.007706395,0.892813457,-0.037805126,0.399963644,0.203676183
1790504296.614978552,0.422402397,-0.215536003,0.008357188,0.894288253,-0.036025747,0.396862197,0.203595339
1790504296.648315191,0.418274633,-0.217727120,0.008718214,0.896366644,-0.032210906,0.393014603,0.202555717
1790504296.681651831,0.414024093,-0.219455124,0.008958931,0.898449634,-0.029364355,0.389150737,0.201215542
1790504296.714987516,0.409844331,-0.220839465,0.009262801,0.900232744,-0.027191008,0.386191944,0.199242158
1790504296.748324394,0.405715239,-0.222006695,0.009707352,0.902255636,-0.025094599,0.382249599,0.197965330
1790504296.781661034,0.401625120,-0.222869332,0.010301001,0.904680740,-0.024150127,0.377666981,0.195798828
1790504296.814997911,0.397491396,-0.223657648,0.010968489,0.907872688,-0.021234921,0.370905259,0.194282138
1790504296.848333597,0.393292474,-0.224266265,0.011660041,0.910673804,-0.018897697,0.365223384,0.192166541
1790504296.881670475,0.388849986,-0.224723050,0.012483743,0.914136446,-0.017308465,0.357848506,0.189735137
1790504296.915007114,0.384179314,-0.225255250,0.013479344,0.919413253,-0.013670522,0.345035547,0.188262739
1790504296.948343992,0.379414073,-0.225706296,0.014543935,0.924879477,-0.010073064,0.331806444,0.185474988
1790504296.981679678,0.374477225,-0.226030255,0.015590603,0.928551440,-0.007800004,0.323947205,0.181078966
1790504297.015016556,0.369226439,-0.226430399,0.016620897,0.931704905,-0.007172471,0.316457492,0.178126872
1790504297.048353434,0.363751157,-0.226984724,0.017464678,0.935417920,-0.006165304,0.307980097,0.173503786
1790504297.081689119,0.357951943,-0.227612577,0.017917093,0.939243411,-0.003043501,0.299630019,0.167434773
1790504297.115026236,0.351844828,-0.228145997,0.017965495,0.942211445,-0.000017631,0.293973592,0.160677066
1790504297.148363113,0.345509751,-0.228638728,0.017721220,0.944966721,0.002921676,0.288714194,0.153861869
1790504297.181699991,0.339060865,-0.229055084,0.017265503,0.947679787,0.005217766,0.283310931,0.147005825
1790504297.215035677,0.332581337,-0.229394714,0.016651489,0.949914882,0.007149261,0.278585504,0.141423907
1790504297.248372555,0.325988624,-0.229622276,0.015945281,0.951962362,0.008895272,0.273602157,0.137223888
1790504297.281709433,0.319252813,-0.229660884,0.015163130,0.953987874,0.010465666,0.268611980,0.132835274
1790504297.315046310,0.312329232,-0.229447517,0.014342614,0.956441649,0.010749618,0.262367190,0.127543229
1790504297.348382235,0.305318774,-0.229124347,0.013453382,0.959437503,0.011352429,0.252840455,0.124187375
1790504297.381719351,0.298375842,-0.228701017,0.012423568,0.962593530,0.013999367,0.241535538,0.121976623
1790504297.415056229,0.291413141,-0.227865131,0.011214376,0.965621090,0.015516993,0.230586320,0.119017149
1790504297.448390961,0.284480615,-0.226624646,0.009767211,0.968035490,0.017759565,0.221070946,0.117130376
1790504297.481726646,0.277618504,-0.225198712,0.008070112,0.970345873,0.024319426,0.211746627,0.114021127
1790504297.515062094,0.270842242,-0.223579771,0.006270981,0.972617801,0.029278770,0.199833460,0.114995452
1790504297.548397779,0.264294761,-0.221724357,0.004555580,0.974554336,0.031684262,0.191203202,0.112611228
1790504297.581732512,0.257742090,-0.219870528,0.002906724,0.976794533,0.032203810,0.181377261,0.109259527
1790504297.615068197,0.251381894,-0.218316066,0.001156019,0.978661476,0.035243863,0.172198150,0.106430176
1790504297.648403883,0.245210644,-0.216967765,-0.000727310,0.980324603,0.039633565,0.163016923,0.104011233
1790504297.681738615,0.239169417,-0.215611773,-0.002628869,0.982256782,0.042455481,0.153776580,0.098599747
1790504297.715074301,0.233269046,-0.214268600,-0.004469912,0.984205453,0.042834338,0.144203321,0.093328709
1790504297.748409986,0.227561757,-0.213067754,-0.006243380,0.985551115,0.044500670,0.137392113,0.088499142
1790504297.781745672,0.221783897,-0.211726574,-0.007910119,0.986950711,0.045703916,0.130277731,0.082868325
1790504297.815080404,0.216049082,-0.210246038,-0.009435362,0.988293211,0.047044066,0.122993180,0.077045845
1790504297.848416090,0.210373288,-0.208740684,-0.010870458,0.989690080,0.049348098,0.113272616,0.072440500
1790504297.881751776,0.205001529,-0.206955576,-0.012107528,0.990962824,0.048839958,0.105867308,0.066328367
1790504297.915087461,0.199877393,-0.205133171,-0.013258447,0.992108208,0.048152360,0.096897407,0.063352552
1790504297.948422432,0.195065810,-0.203296239,-0.014280266,0.993270598,0.046347630,0.086747822,0.061157426
1790504297.981758118,0.190562136,-0.201520317,-0.015112460,0.994209107,0.042936427,0.078451904,0.059581984
1790504298.015093803,0.186171973,-0.200137378,-0.015869453,0.994626315,0.045276362,0.071821066,0.059247601
1790504298.048428774,0.181435691,-0.198586649,-0.016505150,0.995646684,0.041976666,0.061485932,0.056081366
1790504298.081764460,0.176586879,-0.197338887,-0.017281908,0.996368744,0.041244107,0.054543926,0.050726819
1790504298.115100384,0.171459010,-0.196263708,-0.018464891,0.996908052,0.041931831,0.048336723,0.045602846
1790504298.148436069,0.166144667,-0.195140163,-0.020055145,0.997402455,0.042482595,0.042186130,0.040048746
1790504298.181771040,0.160892036,-0.193707861,-0.021843660,0.997899215,0.042410613,0.036099776,0.033095361
1790504298.215106964,0.155945588,-0.191825378,-0.023580259,0.998299144,0.043202900,0.029551282,0.025671974
1790504298.248442650,0.151305407,-0.189847452,-0.025189737,0.998472774,0.047544038,0.017601173,0.021951827
1790504298.281778574,0.146472514,-0.188644357,-0.027259255,0.997252105,0.069491824,-0.011400484,0.023003364
1790504298.315113544,0.142674527,-0.186441986,-0.028344073,0.996999711,0.071322449,-0.022150142,0.020348360
1790504298.348449469,0.138971544,-0.183747655,-0.029134067,0.997471437,0.063733603,-0.027902080,0.014499483
1790504298.381785393,0.135196769,-0.181091257,-0.029921292,0.997771575,0.057893385,-0.031985271,0.008785324
1790504298.415120363,0.131178770,-0.178517939,-0.030774376,0.997659257,0.055209824,-0.040271926,0.002460362
1790504298.448459148,0.127096195,-0.176239542,-0.031637890,0.996939114,0.057457441,-0.052980164,-0.002036405
1790504298.481798410,0.122736418,-0.173761276,-0.032594130,0.995581887,0.057602577,-0.073692052,-0.008254176
1790504298.515137434,0.118094790,-0.171362347,-0.033730606,0.993116110,0.059717271,-0.099540874,-0.015679733
1790504298.548475504,0.114299047,-0.169604794,-0.034126789,0.992223535,0.066265869,-0.103974199,-0.017048682
1790504298.581814766,0.109841383,-0.167487833,-0.034756915,0.990477985,0.063814499,-0.119347677,-0.025242887
1790504298.615154028,0.105861910,-0.165773780,-0.035116608,0.989719804,0.063138241,-0.124686927,-0.030355264
1790504298.648493052,0.102065385,-0.163965748,-0.035535092,0.989002884,0.059541645,-0.130593405,-0.035685448
1790504298.681831598,0.098345079,-0.162067884,-0.036256170,0.987285545,0.053737940,-0.143984039,-0.040596588
1790504298.715170860,0.094886258,-0.160285248,-0.037300651,0.984602986,0.054661234,-0.159412063,-0.046442480
1790504298.748510361,0.091745567,-0.158170044,-0.038483630,0.982149694,0.055673799,-0.172012610,-0.051904424
1790504298.781848669,0.088778755,-0.155805671,-0.039767626,0.980211120,0.057561792,-0.180770166,-0.056523865
1790504298.815187931,0.085785275,-0.153219105,-0.041154769,0.978632430,0.058477795,-0.187284161,-0.061510624
1790504298.848527431,0.082778265,-0.150623424,-0.042537544,0.977442369,0.061061224,-0.190946457,-0.066463474
1790504298.881866932,0.079650665,-0.147876936,-0.043870233,0.975706355,0.061980147,-0.197138951,-0.072744784
1790504298.915205240,0.076504176,-0.145070638,-0.044962161,0.973460470,0.061717678,-0.205564755,-0.079427782
1790504298.948544979,0.073372963,-0.142168933,-0.045667132,0.971396528,0.059507552,-0.213259080,-0.085838229
1790504298.981884480,0.070302368,-0.139329969,-0.045891074,0.970141245,0.057851903,-0.217344356,-0.090777493
1790504299.015223026,0.067193169,-0.136503278,-0.045836112,0.968797497,0.055815963,-0.221878428,-0.095320258
1790504299.048562765,0.064072047,-0.133885004,-0.045735010,0.966769489,0.060780068,-0.226437531,-0.101924396
1790504299.081902266,0.061128334,-0.130143541,-0.044932491,0.967198950,0.034214679,-0.227724414,-0.107224710
1790504299.115242004,0.057784940,-0.127902285,-0.044901499,0.963338703,0.044626350,-0.238976875,-0.113477250
1790504299.148580790,0.054497064,-0.125615290,-0.044505429,0.959983672,0.050655050,-0.248003794,-0.119831275
1790504299.181920528,0.051224726,-0.123398031,-0.043899680,0.957003777,0.052833214,-0.255842223,-0.126084016
1790504299.215260267,0.047936920,-0.121124834,-0.043176224,0.954295924,0.051054066,-0.262802853,-0.132843642
1790504299.248600006,0.044583459,-0.118789467,-0.042355863,0.951523813,0.048717005,-0.269396963,-0.140194019
1790504299.281939030,0.041102087,-0.116299522,-0.041350781,0.948466719,0.043604336,-0.276548735,-0.148426215
1790504299.315278769,0.037547064,-0.113820008,-0.039985093,0.946375814,0.038627924,-0.280637808,-0.155316200
1790504299.348618984,0.033905098,-0.111181944,-0.038379893,0.944393521,0.034441495,-0.283723742,-0.162589972
1790504299.381957769,0.030161928,-0.108184825,-0.036812443,0.940775450,0.027543591,-0.291507782,-0.170897969
1790504299.415297747,0.026482686,-0.105222468,-0.035100254,0.937415874,0.021209774,-0.299005198,-0.177193441
1790504299.448638678,0.022814592,-0.102231483,-0.033447169,0.934214605,0.015194591,-0.305309712,-0.183842805
1790504299.481979609,0.019095416,-0.099127148,-0.032021243,0.931167617,0.008779587,-0.310029906,-0.191653975
1790504299.515319347,0.015290740,-0.096210998,-0.030862166,0.928569107,0.006175563,-0.313521428,-0.198558782
1790504299.548660040,0.011387986,-0.093246591,-0.030031467,0.925050551,0.002553569,-0.318936983,-0.206286593
1790504299.582000971,0.007328782,-0.090096346,-0.029639441,0.919345365,-0.003580405,-0.329781950,-0.214558024
1790504299.615342140,0.003274033,-0.086915555,-0.029116456,0.914655996,-0.008292611,-0.337372442,-0.222520733
1790504299.648682117,-0.000802754,-0.083588447,-0.028405641,0.910453970,-0.013420366,-0.342751225,-0.231116985
1790504299.682023048,-0.004877905,-0.080284594,-0.027404112,0.906724879,-0.017458396,-0.346726447,-0.239428424
1790504299.715363979,-0.008969069,-0.077117535,-0.026256990,0.902763855,-0.020292600,-0.353089781,-0.244812663
1790504299.748704195,-0.012985637,-0.073782057,-0.024924262,0.898419040,-0.025492638,-0.359957810,-0.250247334
1790504299.782045126,-0.016996478,-0.070320573,-0.023522609,0.893849383,-0.030670593,-0.366486966,-0.256475922
1790504299.815386534,-0.021013105,-0.066797263,-0.022260267,0.889164071,-0.035319409,-0.373022812,-0.262666662
1790504299.848727465,-0.025031551,-0.063226698,-0.021145303,0.884993561,-0.039781378,-0.378369894,-0.268402799
1790504299.882067680,-0.029163194,-0.059666723,-0.020267560,0.880484908,-0.044071837,-0.384262763,-0.274127943
1790504299.915408850,-0.033346257,-0.056101613,-0.019496771,0.876029208,-0.048548135,-0.388607050,-0.281425775
1790504299.948750257,-0.037524247,-0.052606885,-0.018817206,0.871768608,-0.053433366,-0.392132325,-0.288784713
1790504299.982091427,-0.041682295,-0.049321135,-0.018409486,0.866516100,-0.056723768,-0.398729599,-0.294867715
1790504300.015431643,-0.045593230,-0.046135396,-0.018084742,0.861790621,-0.059139056,-0.403575221,-0.301573438
1790504300.048773050,-0.049170982,-0.043033260,-0.017910919,0.858276339,-0.062267989,-0.406016208,-0.307628447
1790504300.082114458,-0.052343256,-0.039912353,-0.018122503,0.852952049,-0.065133060,-0.411090959,-0.315015412
1790504300.115454912,-0.055101754,-0.037081245,-0.018531913,0.847984943,-0.066132197,-0.417927885,-0.319193283
1790504300.148796082,-0.057463435,-0.034434358,-0.018744535,0.844383123,-0.066561915,-0.423532366,-0.321258444
1790504300.182137728,-0.059580711,-0.031640485,-0.018659072,0.840808139,-0.069429295,-0.428260200,-0.323750596
1790504300.215478897,-0.061622353,-0.028799869,-0.018466254,0.837289487,-0.071259679,-0.432508103,-0.326810515
1790504300.248819590,-0.063537247,-0.025978055,-0.018356614,0.833716186,-0.072503627,-0.435903518,-0.331132402
1790504300.282161236,-0.065378397,-0.023318351,-0.018329968,0.830148236,-0.074532466,-0.439360550,-0.335053914
1790504300.315502644,-0.067291228,-0.020914003,-0.018352472,0.826782915,-0.076736688,-0.443421061,-0.337519265
1790504300.348843336,-0.069331687,-0.018579945,-0.018431212,0.823249990,-0.078995484,-0.447097006,-0.340768887
1790504300.382184744,-0.071470707,-0.016244290,-0.018562612,0.819249897,-0.081591737,-0.450592595,-0.345164755
1790504300.415526390,-0.073663643,-0.014141778,-0.018702317,0.815445948,-0.083918590,-0.454785084,-0.348103581
1790504300.448860168,-0.075800035,-0.012361513,-0.018710010,0.812743096,-0.086126877,-0.457466262,-0.350364723
1790504300.482192755,-0.077886601,-0.010813002,-0.018652689,0.810030499,-0.088815515,-0.460081515,-0.352544173
1790504300.515526295,-0.079962060,-0.009359473,-0.018545251,0.807032107,-0.091106773,-0.463158973,-0.354799238
1790504300.548860073,-0.082033914,-0.007921940,-0.018479452,0.803837186,-0.093007459,-0.466527617,-0.357137753
1790504300.582193851,-0.084136694,-0.006540604,-0.018480205,0.801392853,-0.093805967,-0.469217895,-0.358893442
1790504300.615526438,-0.086184981,-0.005017262,-0.018667131,0.798402971,-0.095074838,-0.472072771,-0.361470288
1790504300.648859978,-0.088207656,-0.003408597,-0.018970857,0.795694733,-0.095300445,-0.474329199,-0.364416695
1790504300.682193518,-0.090273839,-0.001735373,-0.019347156,0.792707057,-0.096269427,-0.476651229,-0.367629332
1790504300.715526104,-0.092473993,-0.000067979,-0.019679435,0.789933945,-0.097369776,-0.478438195,-0.370972214
1790504300.748859644,-0.094748459,0.001574585,-0.019955350,0.786915190,-0.098618003,-0.480291774,-0.374644878
1790504300.782193184,-0.097027988,0.003132309,-0.020047867,0.784402350,-0.100877892,-0.480928540,-0.378476345
1790504300.815526724,-0.099344105,0.004533183,-0.020165456,0.781747969,-0.103074313,-0.482614508,-0.381220455
1790504300.848859072,-0.101612799,0.005843326,-0.020251830,0.779792265,-0.104006200,-0.482810176,-0.384709069
1790504300.882192612,-0.103820909,0.007001191,-0.020412748,0.778046902,-0.104906073,-0.483339526,-0.387324976
1790504300.915526152,-0.105989834,0.008052422,-0.020723795,0.775669321,-0.106765126,-0.485146846,-0.389321011
1790504300.948859692,-0.108204308,0.009027270,-0.021175859,0.773792695,-0.106490357,-0.486236873,-0.391763158
1790504300.982192039,-0.110466862,0.010017608,-0.021886090,0.771662796,-0.105951683,-0.487130414,-0.394987000
1790504301.015525341,-0.112765557,0.010972969,-0.022816805,0.768833900,-0.105646996,-0.489139715,-0.398089795
1790504301.048858881,-0.115067981,0.011842073,-0.023714795,0.766355001,-0.105616627,-0.490607968,-0.401059799
1790504301.082191229,-0.117345877,0.012630130,-0.024537049,0.763835768,-0.105461205,-0.492022146,-0.404162173
1790504301.115524769,-0.119552154,0.013389511,-0.025262704,0.761169816,-0.105743574,-0.493925383,-0.406788058
1790504301.148857832,-0.121661062,0.014140332,-0.025624619,0.759930562,-0.106021322,-0.494035573,-0.408893473
1790504301.182191372,-0.123671924,0.014983411,-0.025664012,0.759189496,-0.107679355,-0.493621842,-0.410333941
1790504301.215523720,-0.125514280,0.016046282,-0.025480463,0.758089719,-0.109499335,-0.493111464,-0.412493584
1790504301.248857021,-0.127099662,0.017221887,-0.025087142,0.757228814,-0.110982015,-0.492358999,-0.414572228
1790504301.282190084,-0.128373254,0.018262323,-0.024536088,0.756607009,-0.112987772,-0.492674261,-0.414791115
1790504301.315523386,-0.129278841,0.019110681,-0.023838156,0.756767149,-0.113493132,-0.492774526,-0.414241545
1790504301.348855734,-0.129722580,0.019787428,-0.023157178,0.757514303,-0.113164474,-0.492485229,-0.413308821
1790504301.382189035,-0.129616396,0.020176880,-0.022632445,0.758150681,-0.112255890,-0.491558125,-0.413493372
1790504301.415522099,-0.128981542,0.019830406,-0.022494460,0.759169697,-0.109771598,-0.491282771,-0.412617022
1790504301.448858500,-0.127824193,0.018740466,-0.022569268,0.762389022,-0.102588450,-0.488775599,-0.411505776
1790504301.482195616,-0.126316431,0.017153348,-0.022598946,0.767343231,-0.091452323,-0.485397394,-0.408913449
1790504301.515532732,-0.124532013,0.015394612,-0.022361680,0.771526183,-0.084136847,-0.485032307,-0.403003722
1790504301.548869848,-0.122505295,0.013662651,-0.021659247,0.774060761,-0.079594110,-0.488866001,-0.394340903
1790504301.582206011,-0.120294817,0.012173701,-0.020385202,0.777294179,-0.075170886,-0.492062285,-0.384756812
1790504301.615543127,-0.117966644,0.011103304,-0.018929534,0.780706557,-0.070423561,-0.494202526,-0.375901127
1790504301.648880482,-0.115505584,0.010465354,-0.017680552,0.782496373,-0.067567565,-0.496893458,-0.369094760
1790504301.682216406,-0.112968243,0.009834822,-0.016765291,0.783256031,-0.066492269,-0.500046513,-0.363376186
1790504301.715553761,-0.110374817,0.008822180,-0.016236978,0.784944038,-0.061941980,-0.502646826,-0.356892446
1790504301.748890877,-0.107696856,0.007719967,-0.015740666,0.790022942,-0.054661919,-0.499588886,-0.351122158
1790504301.782227993,-0.104901075,0.006880161,-0.015536089,0.792919403,-0.047770882,-0.499240276,-0.346057670
1790504301.815564156,-0.102007854,0.006147295,-0.015246962,0.795544465,-0.042158071,-0.500747938,-0.338501410
1790504301.848901272,-0.098996765,0.005585822,-0.014653869,0.798543765,-0.040522889,-0.501301688,-0.330730054
1790504301.882238626,-0.095938613,0.005032548,-0.013852768,0.802082815,-0.037804199,-0.501126725,-0.322654623
1790504301.915575743,-0.092818317,0.004358427,-0.012948455,0.806719141,-0.032534499,-0.500225595,-0.312921855
1790504301.948911905,-0.089643611,0.003787352,-0.011993793,0.811790158,-0.029614368,-0.498020025,-0.303472869
1790504301.982249260,-0.086559264,0.003319631,-0.011232756,0.814893566,-0.026113450,-0.498193047,-0.295076688
1790504302.015586376,-0.083659790,0.002943403,-0.010392101,0.818086778,-0.023178778,-0.497208043,-0.288064105
1790504302.048922539,-0.081012543,0.002584142,-0.009490408,0.821518364,-0.020102483,-0.495482939,-0.281425167
1790504302.082259655,-0.078481007,0.002232993,-0.008517599,0.825322280,-0.016348653,-0.493060606,-0.274712750
1790504302.115597248,-0.075926585,0.001957563,-0.007456083,0.829255460,-0.017098731,-0.490798502,-0.266758029
1790504302.148934364,-0.073281529,0.001717279,-0.006417868,0.832014666,-0.015680644,-0.489998916,-0.259628148
1790504302.182270527,-0.070464872,0.001566826,-0.005379496,0.835548484,-0.014398604,-0.488065317,-0.251880242
1790504302.215607882,-0.067464679,0.001568932,-0.004428900,0.839086828,-0.013852715,-0.485525888,-0.244961242
1790504302.248944998,-0.064489273,0.001456519,-0.003861455,0.840410550,-0.009214195,-0.487976364,-0.235593450
1790504302.282282114,-0.061581323,0.001605458,-0.003022869,0.842880522,-0.007475557,-0.487007001,-0.228737236
1790504302.315618753,-0.058834230,0.001660307,-0.002265067,0.844479897,-0.005714474,-0.487699397,-0.221292448
1790504302.348955870,-0.056142686,0.001677521,-0.001512979,0.846231863,-0.003414819,-0.487749772,-0.214429785
1790504302.382293224,-0.053277207,0.001777106,-0.000926396,0.847493551,-0.001111834,-0.488530005,-0.207585834
1790504302.415629387,-0.049997516,0.001872040,-0.000541880,0.848804079,0.002120418,-0.489427726,-0.199969099
