t_sec,x,y,z,qw,qx,qy,qz
1789530840.382991314,0.000000000,0.000000000,0.000000000,1.000000000,0.000000000,0.000000000,0.000000000
1789530840.416390657,0.000000805,0.000043107,0.000043194,1.000000000,0.000005352,0.000014683,-0.000014572
1789530840.449776649,-0.000009219,0.000044669,0.000036823,1.000000000,0.000006726,0.000018269,-0.000020174
1789530840.483147860,-0.000003306,0.000037314,0.000043398,1.000000000,0.000002390,0.000020425,-0.000011331
1789530840.516507149,0.000000947,0.000077162,0.000031385,1.000000000,0.000023004,0.000009740,-0.000023794
1789530840.549853086,0.000012539,0.000032907,0.000030751,1.000000000,0.000000418,0.000009530,-0.000011930
1789530840.583185196,-0.000000856,0.000052552,0.000021000,1.000000000,0.000014892,0.000006729,-0.000023985
1789530840.616503477,0.000006529,0.000043018,0.000028402,1.000000000,0.000008984,0.000007879,-0.000016529
1789530840.649808884,-0.000007565,0.000080347,0.000008971,1.000000000,0.000027132,0.000006633,-0.000025487
1789530840.683101177,-0.000005545,0.000117567,0.000004701,1.000000000,0.000048989,0.000003940,-0.000033239
1789530840.716378927,0.000015162,0.000035042,0.000034933,1.000000000,0.000002701,0.000009520,-0.000008965
1789530840.749644518,-0.000006918,0.000060234,0.000026413,1.000000000,0.000014161,0.000012017,-0.000024950
1789530840.782896519,-0.000005469,0.000028600,0.000036515,1.000000000,0.000001418,0.000015731,-0.000010742
1789530840.816135168,0.000004754,0.000033439,0.000039793,1.000000000,0.000001997,0.000014939,-0.000014443
1789530840.849359274,0.000005175,0.000037528,0.000038638,1.000000000,0.000002784,0.000014312,-0.000012671
1789530840.882571220,0.000007357,0.000064691,0.000033940,1.000000000,0.000020338,0.000009576,-0.000021302
1789530840.915770054,-0.000001478,0.000046821,0.000028816,1.000000000,0.000012430,0.000011328,-0.000020113
1789530840.948955059,0.000012507,0.000036673,0.000037311,1.000000000,0.000000362,0.000012963,-0.000011742
1789530840.982125759,0.000004273,0.000097991,0.000023242,1.000000000,0.000037888,0.000001846,-0.000033262
1789530841.015284061,0.000008108,0.000032492,0.000029327,1.000000000,0.000003901,0.000010062,-0.000012372
1789530841.048429251,-0.000010930,0.000043647,0.000033075,1.000000000,0.000008818,0.000019448,-0.000020620
1789530841.081559896,-0.000004792,0.000046706,0.000027047,1.000000000,0.000013913,0.000013173,-0.000020035
1789530841.114677906,0.000014679,0.000031128,0.000014224,1.000000000,0.000002638,0.000000322,-0.000011441
1789530841.147783041,0.000009937,0.000065904,0.000035007,1.000000000,0.000019938,0.000009226,-0.000023294
1789530841.180874348,0.000017538,0.000037984,0.000030297,1.000000000,0.000001703,0.000009124,-0.000009637
1789530841.213951349,0.000001107,0.000032302,0.000030052,1.000000000,0.000003470,0.000011227,-0.000011444
1789530841.247016191,0.000000635,0.000025443,0.000014812,1.000000000,0.000003314,0.000007582,-0.000011153
1789530841.280069113,0.000010716,0.000036264,0.000026182,1.000000000,0.000004823,0.000005499,-0.000011678
1789530841.313451529,-0.000001842,0.000087389,0.000033119,1.000000000,0.000027495,0.000015288,-0.000030724
1789530841.346829891,-0.000012586,0.000060002,0.000009304,1.000000000,0.000016915,0.000010982,-0.000023405
1789530841.380206108,0.000023730,0.000034459,0.000033232,1.000000000,-0.000002202,0.000006007,-0.000010467
1789530841.413579464,-0.000004859,0.000070484,0.000018188,1.000000000,0.000025031,0.000009818,-0.000025947
1789530841.446948528,0.000023844,0.000040972,0.000040575,1.000000000,0.000004247,0.000012099,-0.000012176
1789530841.480315685,0.000012565,0.000043262,0.000041453,1.000000000,0.000004016,0.000012194,-0.000015094
1789530841.513679743,-0.000004354,0.000074420,0.000020016,1.000000000,0.000023966,0.000007405,-0.000030891
1789530841.547040701,-0.000008119,0.000043207,0.000014579,1.000000000,0.000013384,0.000007645,-0.000021369
1789530841.580397606,0.000007249,0.000059712,0.000040642,1.000000000,0.000016158,0.000011050,-0.000025383
1789530841.613752365,0.000008762,0.000026598,0.000020332,1.000000000,0.000002430,0.000003785,-0.000010379
1789530841.647104263,0.000009330,0.000038019,0.000042978,1.000000000,0.000003910,0.000013824,-0.000011806
1789530841.680452108,0.000004068,0.000038972,0.000022525,1.000000000,0.000007892,0.000005921,-0.000014435
1789530841.713797569,-0.000007445,0.000091433,0.000008977,1.000000000,0.000033169,0.000007338,-0.000033440
1789530841.747140408,0.000000102,0.000063960,0.000035384,1.000000000,0.000022298,0.000012226,-0.000023676
1789530841.780479670,0.000009994,0.000040645,0.000027479,1.000000000,0.000007103,0.000009623,-0.000010582
1789530841.813815117,0.000003536,0.000060480,0.000021853,1.000000000,0.000018584,0.000006043,-0.000027818
1789530841.847148657,0.000002330,0.000046302,0.000020645,1.000000000,0.000015336,0.000007139,-0.000017202
1789530841.880479097,0.000004616,0.000032094,0.000030742,1.000000000,0.000003895,0.000009139,-0.000013820
1789530841.913806438,-0.000002109,0.000039797,0.000034233,1.000000000,0.000008036,0.000013918,-0.000020297
1789530841.947129488,-0.000002344,0.000032673,0.000014345,1.000000000,0.000005126,0.000008179,-0.000016498
1789530841.980450630,0.000004391,0.000035022,0.000032118,1.000000000,0.000006435,0.000009412,-0.000014900
1789530842.013768911,0.000013775,0.000039865,0.000027467,1.000000000,0.000008705,0.000005668,-0.000012781
1789530842.047082663,-0.000002925,0.000036148,0.000038586,1.000000000,0.000004319,0.000017121,-0.000012088
1789530842.080394506,0.000000794,0.000049684,0.000035997,1.000000000,0.000012974,0.000013395,-0.000016096
1789530842.113703728,-0.000000749,0.000034230,0.000033341,1.000000000,0.000004971,0.000014384,-0.000015551
1789530842.147009373,0.000008860,0.000034737,0.000037792,1.000000000,0.000002302,0.000013775,-0.000011993
1789530842.180310965,0.000015289,0.000042585,0.000035048,1.000000000,0.000006384,0.000007183,-0.000011255
1789530842.213610888,0.000015161,0.000036527,0.000040717,1.000000000,0.000000189,0.000014591,-0.000011981
1789530842.246907473,0.000001068,0.000043827,0.000031653,1.000000000,0.000011069,0.000012880,-0.000014561
1789530842.280201435,0.000005168,0.000042355,0.000034549,1.000000000,0.000007662,0.000012950,-0.000014001
1789530842.313475132,0.000015050,0.000024090,0.000039716,1.000000000,-0.000008457,0.000013689,-0.000011835
1789530842.346745253,0.000002587,0.000031745,0.000033194,1.000000000,0.000001555,0.000014610,-0.000013222
1789530842.380011320,0.000009043,0.000054760,0.000024657,1.000000000,0.000018778,0.000004334,-0.000018844
1789530842.413271427,-0.000013382,0.000084408,0.000005162,1.000000000,0.000032393,0.000007313,-0.000028022
1789530842.446527958,0.000016135,0.000034728,0.000032038,1.000000000,0.000001130,0.000008386,-0.000011046
1789530842.479780436,0.000004183,0.000035529,0.000020128,1.000000000,0.000006383,0.000005918,-0.000015642
1789530842.513028383,-0.000006427,0.000070423,0.000032517,1.000000000,0.000023175,0.000014988,-0.000027122
1789530842.546270609,0.000005900,0.000033003,0.000010749,1.000000000,0.000009696,0.000001183,-0.000013596
1789530842.579509258,-0.000009773,0.000091354,0.000023654,1.000000000,0.000037835,0.000012663,-0.000032259
1789530842.612743616,-0.000007272,0.000060274,0.000026554,1.000000000,0.000019539,0.000012351,-0.000023424
1789530842.645973682,-0.000000875,0.000082841,0.000030792,1.000000000,0.000027715,0.000010764,-0.000030671
1789530842.679198027,0.000008591,0.000017667,0.000023703,1.000000000,-0.000004211,0.000009028,-0.000009071
1789530842.712418795,0.000018383,0.000040518,0.000035291,1.000000000,0.000003860,0.000009878,-0.000013451
1789530842.745635033,0.000011632,0.000022528,0.000035076,1.000000000,-0.000010457,0.000012767,-0.000011852
1789530842.778846025,0.000005868,0.000063311,0.000031779,1.000000000,0.000019935,0.000008681,-0.000021815
1789530842.812053442,-0.000008208,0.000093325,0.000017968,1.000000000,0.000038299,0.000011710,-0.000026720
1789530842.845256329,0.000016228,0.000040365,0.000030154,1.000000000,0.000003846,0.000007031,-0.000015729
1789530842.878454685,0.000017267,0.000039855,0.000043356,1.000000000,0.000004038,0.000007169,-0.000014754
1789530842.911647797,0.000006368,0.000027189,0.000031870,1.000000000,-0.000002413,0.000011634,-0.000010440
1789530842.944837093,0.000021828,0.000041729,0.000036701,1.000000000,0.000003003,0.000009544,-0.000012013
1789530842.978021860,0.000003938,0.000021073,0.000023912,1.000000000,-0.000005030,0.000010433,-0.000009623
1789530843.011201382,0.000013132,0.000042242,0.000035567,1.000000000,0.000007535,0.000008270,-0.000015187
1789530843.044377327,-0.000000476,0.000048968,0.000026038,1.000000000,0.000015185,0.000009139,-0.000020470
1789530843.077548981,0.000005304,0.000035639,0.000034587,1.000000000,0.000002435,0.000014489,-0.000013037
1789530843.110716105,-0.000004809,0.000053689,0.000006908,1.000000000,0.000018522,0.000004868,-0.000018641
1789530843.143877506,0.000007855,0.000043825,0.000027989,1.000000000,0.000008831,0.000008123,-0.000011492
1789530843.177035332,0.000003227,0.000054539,0.000013778,1.000000000,0.000017474,0.000003805,-0.000023926
1789530843.210188866,0.000003151,0.000049366,0.000026128,1.000000000,0.000012916,0.000008552,-0.000019399
1789530843.243338108,0.000005405,0.000031797,0.000034158,1.000000000,0.000001203,0.000012860,-0.000014603
1789530843.276482344,0.000000504,0.000049063,0.000018238,1.000000000,0.000017649,0.000006058,-0.000019964
1789530843.309833765,0.000003786,0.000046075,0.000040389,1.000000000,0.000010430,0.000015538,-0.000015335
1789530843.343184710,-0.000002246,0.000045082,0.000018646,1.000000000,0.000012412,0.000005946,-0.000024099
1789530843.376534939,0.000006347,0.000042546,0.000024946,1.000000000,0.000012626,0.000004753,-0.000017095
1789530843.409885883,-0.000006157,0.000056314,0.000025458,1.000000000,0.000016708,0.000014074,-0.000024953
1789530843.443237305,0.000012722,0.000037185,0.000033188,1.000000000,0.000002734,0.000011383,-0.000011010
1789530843.476588488,0.000007204,0.000039175,0.000030368,1.000000000,0.000005788,0.000009230,-0.000017033
1789530843.509938240,0.000005700,0.000036318,0.000025061,1.000000000,0.000009900,0.000005344,-0.000013288
1789530843.543289423,-0.000009801,0.000058838,0.000018582,1.000000000,0.000019623,0.000011508,-0.000024634
1789530843.576640368,0.000008334,0.000091949,0.000004757,1.000000000,0.000029422,-0.000000927,-0.000040745
1789530843.609991550,0.000018124,0.000039105,0.000035823,1.000000000,0.000002959,0.000009509,-0.000009859
1789530843.643341303,0.000001661,0.000030444,0.000029114,1.000000000,0.000004052,0.000011530,-0.000012109
1789530843.676692486,-0.000004974,0.000052396,0.000021440,1.000000000,0.000014745,0.000010782,-0.000028832
1789530843.710043192,0.000004266,0.000077130,0.000032267,1.000000000,0.000028501,0.000009434,-0.000022688
1789530843.743393421,-0.000002764,0.000021862,0.000023125,1.000000000,-0.000001800,0.000011743,-0.000012775
1789530843.776744127,-0.000000315,0.000063393,0.000021387,1.000000000,0.000024568,0.000006932,-0.000023355
1789530843.810095072,-0.000001299,0.000049350,0.000013463,1.000000000,0.000010659,0.000007472,-0.000026468
1789530843.843445778,-0.000004315,0.000056083,0.000021582,1.000000000,0.000015608,0.000009300,-0.000029702
1789530843.876795769,-0.000000935,0.000054935,0.000031995,1.000000000,0.000019756,0.000010348,-0.000018132
1789530843.910146475,0.000011326,0.000041074,0.000031730,1.000000000,0.000006451,0.000008930,-0.000014599
1789530843.943497419,-0.000001337,0.000065730,0.000036941,1.000000000,0.000024266,0.000013284,-0.000024693
1789530843.976847887,0.000004538,0.000055609,0.000029578,1.000000000,0.000018188,0.000008470,-0.000020911
1789530844.010197639,-0.000001276,0.000047283,0.000041362,1.000000000,0.000010452,0.000013501,-0.000021342
1789530844.043548346,0.000008351,0.000045688,0.000030729,1.000000000,0.000011029,0.000009287,-0.000015282
1789530844.076899052,-0.000005571,0.000053644,0.000021099,1.000000000,0.000013871,0.000013276,-0.000023260
1789530844.110248804,0.000015646,0.000035705,0.000035258,1.000000000,0.000002498,0.000009882,-0.000012498
1789530844.143599272,0.000003877,0.000041604,0.000027803,1.000000000,0.000011610,0.000008632,-0.000018033
1789530844.176950216,0.000002680,0.000033796,0.000019603,1.000000000,0.000008585,0.000005771,-0.000014692
1789530844.210300684,0.000018910,0.000028093,0.000036324,1.000000000,-0.000004683,0.000010755,-0.000011170
1789530844.243650198,-0.000010302,0.000083046,0.000026702,1.000000000,0.000026765,0.000015653,-0.000027991
1789530844.277000666,0.000001041,0.000062171,0.000021714,1.000000000,0.000026371,0.000003273,-0.000026445
1789530844.310352564,0.000004288,0.000029291,0.000022345,1.000000000,0.000005108,0.000007348,-0.000011528
1789530844.343706846,0.000013351,0.000039833,0.000042146,1.000000000,0.000002399,0.000013561,-0.000012838
1789530844.377062082,-0.000002418,0.000050257,0.000035306,1.000000000,0.000013714,0.000015208,-0.000016435
1789530844.410417318,0.000003619,0.000044770,0.000033686,1.000000000,0.000010744,0.000012957,-0.000016311
1789530844.443772793,-0.000027434,0.000129807,-0.000005559,1.000000000,0.000055940,0.000013672,-0.000038802
1789530844.477126837,0.000014288,0.000036956,0.000038187,1.000000000,-0.000000085,0.000013898,-0.000013549
1789530844.510482311,-0.000013674,0.000068946,0.000007059,1.000000000,0.000022615,0.000012530,-0.000034555
1789530844.543838024,-0.000012535,0.000063949,0.000033718,1.000000000,0.000017953,0.000016398,-0.000035250
1789530844.577193499,0.000006671,0.000048850,0.000029797,1.000000000,0.000013843,0.000008480,-0.000016816
1789530844.610548258,-0.000001919,0.000055928,0.000012493,1.000000000,0.000019265,0.000005852,-0.000023434
1789530844.643903971,-0.000004624,0.000047227,0.000015224,1.000000000,0.000016010,0.000007427,-0.000022164
1789530844.677259684,0.000016078,0.000033994,0.000031626,1.000000000,-0.000001166,0.000006620,-0.000013659
1789530844.710614443,0.000009729,0.000036644,0.000018884,1.000000000,0.000007882,0.000004615,-0.000013492
1789530844.743970394,0.000009704,0.000032585,0.000034262,1.000000000,-0.000000483,0.000012493,-0.000011500
1789530844.777326345,0.000007341,0.000055864,0.000032454,1.000000000,0.000015252,0.000010348,-0.000019503
1789530844.810682297,0.000005534,0.000026215,0.000028504,1.000000000,-0.000001198,0.000009712,-0.000013629
1789530844.844037294,-0.000003415,0.000070128,0.000014274,1.000000000,0.000028544,0.000005846,-0.000022775
1789530844.877393484,0.000002336,0.000044249,0.000019242,1.000000000,0.000014832,0.000006053,-0.000016643
1789530844.910749674,-0.000004767,0.000031129,0.000035876,1.000000000,0.000004482,0.000016181,-0.000016113
1789530844.944105864,-0.000004304,0.000043641,0.000024193,1.000000000,0.000011059,0.000011164,-0.000025238
1789530844.977461100,0.000002110,0.000039402,0.000040707,1.000000000,0.000008347,0.000011866,-0.000017175
1789530845.010817289,-0.000009863,0.000105483,-0.000000354,1.000000000,0.000043861,0.000008045,-0.000025268
1789530845.044173717,0.000000203,0.000061075,0.000007881,1.000000000,0.000021071,0.000003779,-0.000028142
1789530845.077529192,0.000006439,0.000042988,0.000021763,1.000000000,0.000010353,0.000009190,-0.000010548
1789530845.110885859,0.000001865,0.000062075,0.000017727,1.000000000,0.000021396,0.000006449,-0.000025749
1789530845.144242525,-0.000008872,0.000091695,-0.000001744,1.000000000,0.000038004,0.000007300,-0.000026360
1789530845.177599192,-0.000002150,0.000080893,0.000013860,1.000000000,0.000030783,0.000005147,-0.000028731
1789530845.210954666,0.000003018,0.000072299,0.000033103,1.000000000,0.000024758,0.000007595,-0.000027638
1789530845.244311571,0.000012962,0.000047070,0.000030803,1.000000000,0.000008707,0.000010709,-0.000015769
1789530845.277668238,0.000004464,0.000024639,0.000024594,1.000000000,-0.000003075,0.000010127,-0.000010921
1789530845.311025143,-0.000009083,0.000087675,0.000004176,1.000000000,0.000032777,0.000008537,-0.000027721
1789530845.344388962,0.000003907,0.000034007,0.000030258,1.000000000,0.000004368,0.000014556,-0.000010644
1789530845.377754211,-0.000000059,0.000048873,0.000020268,1.000000000,0.000013732,0.000008518,-0.000021261
1789530845.411119461,-0.000002793,0.000039387,0.000008368,1.000000000,0.000010234,0.000005435,-0.000023421
1789530845.444483995,-0.000003795,0.000056136,0.000036483,1.000000000,0.000016598,0.000015666,-0.000024302
1789530845.477849722,0.000012007,0.000039799,0.000032622,1.000000000,0.000007944,0.000007136,-0.000016219
1789530845.511215448,0.000018633,0.000040926,0.000032417,1.000000000,0.000004706,0.000007609,-0.000012999
1789530845.544581413,-0.000007619,0.000053543,0.000027877,1.000000000,0.000015765,0.000013910,-0.000020459
1789530845.577946424,0.000004964,0.000051935,0.000039243,1.000000000,0.000014543,0.000012744,-0.000018075
1789530845.611312628,-0.000008358,0.000046538,0.000005431,1.000000000,0.000013203,0.000005290,-0.000024683
1789530845.644679308,0.000009940,0.000042781,0.000035988,1.000000000,0.000008361,0.000012230,-0.000015159
1789530845.678045034,0.000007574,0.000050646,0.000034538,1.000000000,0.000014152,0.000008759,-0.000014757
1789530845.711411715,0.000003090,0.000028769,0.000018430,1.000000000,0.000006396,0.000006262,-0.000015157
1789530845.744778633,-0.000004855,0.000075397,0.000016215,1.000000000,0.000025678,0.000010125,-0.000025403
1789530845.778145790,-0.000001771,0.000073775,0.000006586,1.000000000,0.000023946,0.000004045,-0.000035045
1789530845.811511993,-0.000004723,0.000028022,0.000030960,1.000000000,0.000002420,0.000013586,-0.000012214
1789530845.844879389,-0.000003955,0.000065447,0.000011672,1.000000000,0.000022812,0.000004735,-0.000029427
1789530845.878247023,-0.000004250,0.000059970,0.000016949,1.000000000,0.000021716,0.000006625,-0.000024167
1789530845.911614895,0.000018445,0.000035236,0.000034955,1.000000000,0.000000666,0.000008425,-0.000011583
1789530845.944982052,0.000010994,0.000033831,0.000029065,1.000000000,-0.000000830,0.000009986,-0.000012638
1789530845.978350163,0.000003608,0.000066623,0.000018736,1.000000000,0.000022375,0.000001497,-0.000029882
1789530846.011718273,0.000007279,0.000058404,0.000027557,1.000000000,0.000021143,0.000004561,-0.000020687
1789530846.045085669,0.000009796,0.000057154,0.000032917,1.000000000,0.000017138,0.000005273,-0.000022269
1789530846.078454256,-0.000004077,0.000047447,0.000029646,1.000000000,0.000015131,0.000013106,-0.000018355
1789530846.111823320,0.000004359,0.000072029,0.000033788,1.000000000,0.000024090,0.000009796,-0.000023579
1789530846.145192146,-0.000020265,0.000171759,-0.000005786,1.000000000,0.000073454,0.000010978,-0.000049948
1789530846.178560257,0.000002563,0.000070924,0.000034207,1.000000000,0.000027374,0.000011698,-0.000017584
1789530846.211929560,0.000000120,0.000042932,0.000023594,1.000000000,0.000011914,0.000009407,-0.000019546
1789530846.245299101,-0.000009695,0.000071881,0.000009238,1.000000000,0.000026705,0.000007877,-0.000033844
1789530846.278668404,-0.000011814,0.000068870,0.000000578,1.000000000,0.000030452,0.000006929,-0.000025692
1789530846.312037468,-0.000001304,0.000070767,0.000005744,1.000000000,0.000026218,0.000002487,-0.000029753
1789530846.345386744,-0.000003049,0.000077683,0.000018380,1.000000000,0.000029361,0.000008668,-0.000026188
1789530846.378736019,-0.000001911,0.000071081,0.000019389,1.000000000,0.000024836,0.000005690,-0.000027304
1789530846.412084341,0.000000802,0.000060331,0.000041552,1.000000000,0.000017453,0.000015612,-0.000020616
1789530846.445433617,0.000002849,0.000030293,0.000028018,1.000000000,0.000001323,0.000013833,-0.000010849
1789530846.478782654,0.000003859,0.000039141,0.000029472,1.000000000,0.000009084,0.000010960,-0.000017575
1789530846.512131929,-0.000013166,0.000097644,-0.000004298,1.000000000,0.000034537,0.000004889,-0.000049726
1789530846.545480013,0.000015753,0.000032841,0.000034851,1.000000000,0.000000892,0.000007601,-0.000010500
1789530846.578828812,0.000015359,0.000042062,0.000021325,1.000000000,0.000006212,0.000003247,-0.000012178
1789530846.612178087,0.000007510,0.000027204,0.000026215,1.000000000,0.000000444,0.000010561,-0.000010010
1789530846.645526886,0.000015246,0.000029617,0.000025099,1.000000000,-0.000004511,0.000006426,-0.000011527
1789530846.678874493,0.000023879,0.000042392,0.000035214,1.000000000,0.000002665,0.000009466,-0.000013079
1789530846.712223291,-0.000000609,0.000039269,0.000031796,1.000000000,0.000008329,0.000012370,-0.000019533
1789530846.745572090,-0.000001542,0.000055293,0.000015618,1.000000000,0.000021034,0.000005241,-0.000018784
1789530846.778919697,-0.000012243,0.000075545,0.000024589,1.000000000,0.000022911,0.000017046,-0.000028277
1789530846.812268257,-0.000001225,0.000070406,0.000010619,1.000000000,0.000027828,0.000005671,-0.000024975
1789530846.845617056,0.000006938,0.000046897,0.000023901,1.000000000,0.000013117,0.000008304,-0.000016141
1789530846.878965378,0.000002678,0.000028046,0.000024434,1.000000000,0.000003044,0.000008483,-0.000009901
1789530846.912312746,-0.000002346,0.000031391,0.000010671,1.000000000,0.000009597,0.000005844,-0.000015072
1789530846.945661068,0.000001652,0.000064687,0.000021822,1.000000000,0.000022584,0.000006680,-0.000026667
1789530846.979009628,0.000005751,0.000037739,0.000035496,1.000000000,0.000006107,0.000010411,-0.000015617
1789530847.012356758,0.000005184,0.000021765,0.000018996,1.000000000,0.000000691,0.000006844,-0.000009869
1789530847.045704842,-0.000003477,0.000053639,0.000018324,1.000000000,0.000018890,0.000008303,-0.000019813
1789530847.079052925,-0.000011659,0.000066036,0.000009236,1.000000000,0.000027658,0.000008869,-0.000023446
1789530847.112401009,-0.000012410,0.000079052,0.000013845,1.000000000,0.000029011,0.000010949,-0.000029416
1789530847.145748377,0.000010238,0.000038548,0.000030528,1.000000000,0.000004852,0.000010171,-0.000013376
1789530847.179096222,0.000003745,0.000044493,0.000029201,1.000000000,0.000013110,0.000008142,-0.000011265
1789530847.212444067,0.000010751,0.000033876,0.000033630,1.000000000,0.000005511,0.000010180,-0.000012985
1789530847.245791912,-0.000001554,0.000034839,0.000032041,1.000000000,0.000004160,0.000014894,-0.000013846
1789530847.279138565,0.000004145,0.000030185,0.000017313,1.000000000,0.000005141,0.000005359,-0.000012442
1789530847.312486649,0.000008296,0.000035187,0.000032628,1.000000000,0.000005597,0.000010427,-0.000013375
1789530847.345836878,-0.000001499,0.000048907,0.000023341,1.000000000,0.000016196,0.000006445,-0.000022481
1789530847.379186630,0.000009513,0.000031820,0.000026456,1.000000000,0.000003654,0.000008504,-0.000012723
1789530847.412536860,-0.000007122,0.000061441,0.000012523,1.000000000,0.000024022,0.000006259,-0.000024579
1789530847.445887566,0.000004081,0.000034660,0.000021674,1.000000000,0.000009721,0.000004675,-0.000013936
1789530847.479237795,0.000003379,0.000068559,0.000026563,1.000000000,0.000022150,0.000011580,-0.000021608
1789530847.512587070,0.000015256,0.000023927,0.000025768,1.000000000,-0.000004571,0.000004899,-0.000009382
1789530847.545937538,0.000011425,0.000029746,0.000031444,1.000000000,-0.000000608,0.000008314,-0.000011353
1789530847.579287767,-0.000000716,0.000075180,0.000017251,1.000000000,0.000028479,0.000007105,-0.000023918
1789530847.612637997,0.000012241,0.000029424,0.000026575,1.000000000,-0.000001025,0.000009287,-0.000012941
1789530847.645987272,0.000002538,0.000049436,0.000025683,1.000000000,0.000015441,0.000008194,-0.000021702
1789530847.679337502,0.000004544,0.000035331,0.000015710,1.000000000,0.000008776,0.000004633,-0.000016377
1789530847.712687731,-0.000005564,0.000076677,0.000012220,1.000000000,0.000030890,0.000006649,-0.000025347
1789530847.746036768,0.000007649,0.000067200,0.000031996,1.000000000,0.000021016,0.000008100,-0.000028000
1789530847.779386997,0.000006257,0.000037329,0.000037108,1.000000000,0.000005041,0.000014405,-0.000013684
1789530847.812736988,0.000012413,0.000039249,0.000030262,1.000000000,0.000004875,0.000008432,-0.000016694
1789530847.846087217,-0.000001902,0.000070135,0.000022115,1.000000000,0.000028822,0.000008457,-0.000024145
1789530847.879436255,0.000006815,0.000030786,0.000038142,1.000000000,-0.000001174,0.000014203,-0.000009693
1789530847.912786245,0.000000020,0.000036843,0.000037458,1.000000000,0.000006050,0.000015438,-0.000013881
1789530847.946136236,0.000005598,0.000044364,0.000013522,1.000000000,0.000012610,0.000001138,-0.000025678
1789530847.979485989,0.000006885,0.000034862,0.000027902,1.000000000,0.000003438,0.000009809,-0.000013113
1789530848.012835264,-0.000015107,0.000057615,0.000023385,1.000000000,0.000018104,0.000016129,-0.000021309
1789530848.046185017,0.000009321,0.000037312,0.000032374,1.000000000,0.000004240,0.000010265,-0.000013511
1789530848.079535007,-0.000006004,0.000077222,0.000016518,1.000000000,0.000027352,0.000008855,-0.000031030
1789530848.112883806,0.000004003,0.000026857,0.000034879,1.000000000,0.000000238,0.000014028,-0.000013436
1789530848.146233559,0.000006850,0.000032362,0.000030793,1.000000000,0.000001908,0.000011357,-0.000011420
1789530848.179583549,0.000006933,0.000053716,0.000028281,1.000000000,0.000017182,0.000006190,-0.000018518
1789530848.212933064,-0.000005816,0.000055036,0.000032849,1.000000000,0.000020348,0.000014766,-0.000019773
1789530848.246282101,-0.000005477,0.000057629,0.000022577,1.000000000,0.000018932,0.000010502,-0.000022129
1789530848.279631615,0.000002454,0.000088301,0.000029930,1.000000000,0.000035262,0.000007823,-0.000029623
1789530848.312981129,-0.000001045,0.000070160,0.000012554,1.000000000,0.000024885,0.000003460,-0.000029639
1789530848.346330166,0.000010990,0.000034559,0.000038070,1.000000000,0.000001069,0.000015594,-0.000012027
1789530848.379679918,-0.000010242,0.000087654,0.000018950,1.000000000,0.000035236,0.000012830,-0.000028882
1789530848.413029671,0.000009802,0.000045246,0.000037543,1.000000000,0.000010693,0.000011018,-0.000014716
1789530848.446379423,-0.000000967,0.000024586,0.000008618,1.000000000,0.000005768,0.000004937,-0.000011717
1789530848.479727983,-0.000003751,0.000087772,0.000031082,1.000000000,0.000034419,0.000014073,-0.000031999
1789530848.513077974,-0.000007108,0.000047947,0.000036932,1.000000000,0.000011729,0.000016678,-0.000019554
1789530848.546427488,0.000014477,0.000028999,0.000018940,1.000000000,0.000001175,0.000003699,-0.000008447
1789530848.579777002,0.000000782,0.000038309,0.000010980,1.000000000,0.000015987,0.000003305,-0.000013743
1789530848.613125563,-0.000001080,0.000070558,0.000027326,1.000000000,0.000024888,0.000010249,-0.000024519
1789530848.646475077,0.000001603,0.000049138,0.000026455,1.000000000,0.000015493,0.000009093,-0.000019001
1789530848.679824352,-0.000015562,0.000065602,-0.000001798,1.000000000,0.000027297,0.000007239,-0.000025593
1789530848.713172913,-0.000004797,0.000060942,0.000036504,1.000000000,0.000021757,0.000015053,-0.000024662
1789530848.746522427,-0.000000555,0.000034223,0.000031886,1.000000000,0.000006115,0.000012623,-0.000013988
1789530848.779871941,-0.000001675,0.000076527,0.000030798,1.000000000,0.000026736,0.000009494,-0.000026293
1789530848.813221216,-0.000005360,0.000065871,0.000025317,1.000000000,0.000021570,0.000011306,-0.000027080
1789530848.846569300,-0.000006598,0.000067502,0.000033360,1.000000000,0.000023771,0.000016380,-0.000022567
1789530848.879918814,-0.000003800,0.000064815,0.000034023,1.000000000,0.000020948,0.000012273,-0.000022829
1789530848.913267851,0.000001245,0.000058605,0.000031792,1.000000000,0.000016615,0.000013761,-0.000024057
1789530848.946617126,-0.000001265,0.000030205,0.000025596,1.000000000,0.000002523,0.000011643,-0.000012801
1789530848.979965448,0.000006060,0.000064460,0.000035212,1.000000000,0.000022997,0.000010896,-0.000022541
1789530849.013314486,0.000014449,0.000029125,0.000039335,1.000000000,-0.000003888,0.000014533,-0.000009706
1789530849.046663284,0.000003367,0.000017481,0.000008806,1.000000000,0.000001281,0.000003599,-0.000008731
1789530849.080011368,-0.000021022,0.000122074,-0.000007485,1.000000000,0.000041709,0.000011382,-0.000049310
1789530849.113360643,-0.000017567,0.000100255,-0.000002436,1.000000000,0.000041485,0.000010264,-0.000033625
1789530849.146709442,0.000002050,0.000034033,0.000020306,1.000000000,0.000007292,0.000007379,-0.000015278
1789530849.180058241,-0.000003844,0.000030507,0.000028003,1.000000000,0.000003689,0.000012516,-0.000013908
1789530849.213406324,0.000011097,0.000032964,0.000041498,1.000000000,0.000000339,0.000016619,-0.000011477
1789530849.246755123,-0.000008276,0.000088566,0.000004394,1.000000000,0.000037246,0.000007828,-0.000028887
1789530849.280103922,-0.000007944,0.000115456,0.000007604,1.000000000,0.000047978,0.000005842,-0.000045551
1789530849.313452959,0.000011128,0.000029972,0.000030779,1.000000000,-0.000002824,0.000012484,-0.000013943
1789530849.346804619,-0.000002895,0.000048778,0.000023473,1.000000000,0.000017356,0.000009280,-0.000020639
1789530849.380157232,0.000006526,0.000071805,0.000035898,1.000000000,0.000026138,0.000009311,-0.000022990
1789530849.413510084,0.000002771,0.000057376,0.000043403,1.000000000,0.000014179,0.000015342,-0.000025019
1789530849.446861744,0.000003903,0.000028530,0.000025960,1.000000000,0.000001116,0.000011203,-0.000008766
1789530849.480214596,0.000023144,0.000038901,0.000036982,1.000000000,0.000002619,0.000008631,-0.000010879
1789530849.513567209,-0.000000033,0.000028557,0.000014560,1.000000000,0.000007671,0.000006280,-0.000012040
1789530849.546919823,-0.000000639,0.000038314,0.000030285,1.000000000,0.000008354,0.000012330,-0.000014508
1789530849.580271721,-0.000005686,0.000075092,0.000015072,1.000000000,0.000031525,0.000005711,-0.000026589
1789530849.613624334,-0.000010876,0.000073158,0.000021225,1.000000000,0.000027207,0.000014108,-0.000027816
1789530849.646976948,0.000005397,0.000025571,0.000026278,1.000000000,0.000001574,0.000009201,-0.000010913
1789530849.680328608,0.000016304,0.000031470,0.000038955,1.000000000,-0.000000301,0.000012762,-0.000013543
1789530849.713681459,-0.000002532,0.000041074,0.000033113,1.000000000,0.000009531,0.000013719,-0.000017926
1789530849.747034073,0.000015172,0.000033810,0.000016545,1.000000000,0.000008527,-0.000000564,-0.000009073
1789530849.780386686,0.000004166,0.000037076,0.000029769,1.000000000,0.000007127,0.000007930,-0.000014727
1789530849.813738585,0.000000305,0.000052734,0.000012644,1.000000000,0.000019025,0.000004230,-0.000023044
1789530849.847090960,-0.000002121,0.000052886,0.000027995,1.000000000,0.000017007,0.000010372,-0.000024112
1789530849.880443811,-0.000009262,0.000057933,0.000012148,1.000000000,0.000020969,0.000009422,-0.000022313
1789530849.913796425,-0.000000390,0.000058502,0.000016133,1.000000000,0.000018884,0.000006451,-0.000023055
1789530849.947148085,-0.000007970,0.000081834,0.000011648,1.000000000,0.000032975,0.000007173,-0.000030764
1789530849.980500698,0.000007363,0.000039483,0.000030961,1.000000000,0.000007112,0.000009851,-0.000012710
1789530850.013853550,0.000016251,0.000039866,0.000036340,1.000000000,0.000002982,0.000011138,-0.000013317
1789530850.047204971,0.000002764,0.000053501,0.000014469,1.000000000,0.000018638,0.000003418,-0.000021344
1789530850.080557585,-0.000004347,0.000087438,0.000014346,1.000000000,0.000036856,0.000006920,-0.000028422
1789530850.113910437,-0.000009666,0.000055682,0.000024407,1.000000000,0.000020098,0.000013178,-0.000020265
1789530850.147263050,0.000003974,0.000022557,0.000018316,1.000000000,0.000000419,0.000007434,-0.000009982
1789530850.180614471,0.000002985,0.000068586,0.000041470,1.000000000,0.000025360,0.000013115,-0.000022570
1789530850.213967323,-0.000001971,0.000064251,0.000030951,1.000000000,0.000021876,0.000012113,-0.000029077
1789530850.247319937,0.000020380,0.000044589,0.000035173,1.000000000,0.000006467,0.000008030,-0.000014698
1789530850.280672312,0.000015768,0.000021593,0.000022618,1.000000000,-0.000004081,0.000005865,-0.000007355
1789530850.314024210,-0.000011680,0.000083409,0.000021179,1.000000000,0.000029992,0.000014418,-0.000029918
1789530850.347375154,0.000001536,0.000021570,0.000021155,1.000000000,-0.000000246,0.000010525,-0.000012872
1789530850.380726576,0.000007903,0.000033757,0.000036467,1.000000000,0.000003015,0.000012789,-0.000012076
1789530850.414076567,0.000006492,0.000027727,0.000020955,1.000000000,0.000004101,0.000007102,-0.000010058
1789530850.447427988,0.000000673,0.000082064,0.000032782,1.000000000,0.000029345,0.000012809,-0.000025285
1789530850.480779171,-0.000011871,0.000069152,0.000012047,1.000000000,0.000025384,0.000008328,-0.000031653
1789530850.514130354,0.000009953,0.000028751,0.000028232,1.000000000,-0.000000348,0.000010225,-0.000011639
1789530850.547480583,-0.000001790,0.000082800,0.000011578,1.000000000,0.000029590,0.000004894,-0.000031099
1789530850.580831528,-0.000003200,0.000079126,0.000011959,1.000000000,0.000034560,0.000002575,-0.000020012
1789530850.614182711,-0.000004488,0.000034004,0.000022488,1.000000000,0.000009333,0.000008916,-0.000016696
1789530850.647533894,-0.000000601,0.000026066,0.000015458,1.000000000,0.000004935,0.000007023,-0.000012981
1789530850.680884123,-0.000002838,0.000063739,0.000027153,1.000000000,0.000024557,0.000008213,-0.000021272
1789530850.714235067,0.000001096,0.000057576,0.000032326,1.000000000,0.000019607,0.000012093,-0.000022164
1789530850.747586250,0.000003190,0.000024997,0.000024615,1.000000000,0.000003406,0.000007545,-0.000011371
1789530850.780936241,0.000003059,0.000024894,0.000025013,1.000000000,-0.000001494,0.000010882,-0.000011734
1789530850.814287424,0.000007451,0.000035064,0.000019312,1.000000000,0.000005075,0.000007787,-0.000013540
1789530850.847638369,-0.000006366,0.000080736,0.000025700,1.000000000,0.000028928,0.000014466,-0.000029451
1789530850.880989313,0.000016536,0.000034592,0.000026648,1.000000000,0.000005945,0.000007102,-0.000009298
1789530850.914339304,-0.000002308,0.000057325,0.000025057,1.000000000,0.000019852,0.000008318,-0.000021619
1789530850.947690487,0.000000124,0.000053553,0.000029352,1.000000000,0.000017698,0.000011295,-0.000022234
1789530850.981041431,0.000008173,0.000076392,0.000020989,1.000000000,0.000036840,0.000005008,-0.000028471
1789530851.014391422,-0.000003162,0.000032245,0.000005621,1.000000000,0.000008908,0.000005819,-0.000017452
1789530851.047742367,0.000013142,0.000034404,0.000034967,1.000000000,0.000001701,0.000011774,-0.000013732
1789530851.081093311,-0.000011289,0.000118323,0.000003262,1.000000000,0.000052461,0.000006132,-0.000033361
1789530851.114444256,0.000002032,0.000062851,0.000024340,1.000000000,0.000024897,0.000006294,-0.000023851
1789530851.147794247,0.000017589,0.000035441,0.000034259,1.000000000,0.000000880,0.000009504,-0.000014510
1789530851.181144953,0.000011604,0.000023793,0.000020852,1.000000000,-0.000003089,0.000007033,-0.000008832
1789530851.214496136,0.000016323,0.000032280,0.000033552,1.000000000,-0.000000839,0.000009669,-0.000013638
1789530851.247846842,-0.000003631,0.000033540,0.000029683,1.000000000,0.000009216,0.000010920,-0.000020647
1789530851.281196833,0.000000413,0.000029884,0.000018117,1.000000000,0.000007479,0.000007624,-0.000014432
1789530851.314547539,0.000000928,0.000043025,0.000032055,1.000000000,0.000011432,0.000012774,-0.000017565
1789530851.347899199,0.000001885,0.000041018,0.000021277,1.000000000,0.000014841,0.000007324,-0.000016632
1789530851.381249428,0.000007896,0.000037434,0.000032167,1.000000000,0.000007153,0.000008414,-0.000015821
1789530851.414600849,-0.000003413,0.000023314,0.000014947,1.000000000,0.000003963,0.000008487,-0.000012188
1789530851.447952509,0.000008804,0.000028688,0.000014697,1.000000000,0.000005882,0.000002619,-0.000010444
1789530851.481303692,-0.000000735,0.000023057,0.000026797,1.000000000,0.000000640,0.000009567,-0.000011411
1789530851.514654160,0.000005045,0.000028041,0.000018894,1.000000000,0.000004453,0.000004961,-0.000007320
1789530851.548005342,-0.000002253,0.000065702,0.000023786,1.000000000,0.000022421,0.000008100,-0.000029689
1789530851.581356764,0.000011002,0.000057255,0.000039783,1.000000000,0.000015741,0.000012338,-0.000021301
1789530851.614707947,0.000006875,0.000041040,0.000018799,1.000000000,0.000012886,0.000001870,-0.000019601
1789530851.648058176,0.000019902,0.000023128,0.000026745,1.000000000,-0.000002863,0.000007259,-0.000009679
1789530851.681409359,0.000009381,0.000023265,0.000026796,1.000000000,-0.000002487,0.000010429,-0.000010474
1789530851.714760780,-0.000003080,0.000045404,0.000027889,1.000000000,0.000012910,0.000012822,-0.000021099
1789530851.748110771,-0.000007046,0.000046424,0.000005385,1.000000000,0.000011499,0.000007232,-0.000030683
1789530851.781462193,-0.000027705,0.000099188,0.000003687,1.000000000,0.000042523,0.000017368,-0.000032595
1789530851.814813137,0.000014558,0.000042678,0.000033112,1.000000000,0.000005653,0.000009040,-0.000013396
1789530851.848164320,-0.000002186,0.000063872,0.000036239,1.000000000,0.000022692,0.000014939,-0.000026816
1789530851.881514549,-0.000000800,0.000031213,0.000018595,1.000000000,0.000007152,0.000007105,-0.000013330
1789530851.914865732,0.000009745,0.000041089,0.000033600,1.000000000,0.000008217,0.000011979,-0.000013933
1789530851.948216915,-0.000001477,0.000070315,0.000031882,1.000000000,0.000024998,0.000012431,-0.000027826
1789530851.981567860,0.000014692,0.000031743,0.000031464,1.000000000,0.000002356,0.000008171,-0.000014619
1789530852.014917850,-0.000001496,0.000079980,0.000019405,1.000000000,0.000030502,0.000008548,-0.000030384
1789530852.048269033,0.000011049,0.000038506,0.000038362,1.000000000,0.000003477,0.000012392,-0.000011682
1789530852.081619978,0.000012830,0.000032098,0.000039329,1.000000000,0.000000944,0.000012533,-0.000009284
1789530852.114969969,0.000003925,0.000094873,0.000010380,1.000000000,0.000040916,0.000003001,-0.000028525
1789530852.148321152,0.000000006,0.000067598,0.000032838,1.000000000,0.000022306,0.000013409,-0.000028099
1789530852.181671858,0.000003761,0.000032516,0.000034828,1.000000000,0.000002752,0.000014009,-0.000012721
1789530852.215023041,-0.000000317,0.000096337,0.000002591,1.000000000,0.000041500,0.000001282,-0.000038781
1789530852.248372793,0.000003137,0.000029917,0.000026184,1.000000000,0.000004082,0.000009755,-0.000010516
1789530852.281723738,0.000003612,0.000038070,0.000028898,1.000000000,0.000008800,0.000008969,-0.000014234
1789530852.315074444,-0.000006061,0.000058678,0.000029222,1.000000000,0.000019373,0.000013209,-0.000026566
1789530852.348422766,-0.000006720,0.000034797,0.000032246,1.000000000,0.000006833,0.000017564,-0.000018768
1789530852.381772041,0.000000473,0.000064105,0.000021505,1.000000000,0.000021388,0.000007393,-0.000022702
1789530852.415121317,-0.000004973,0.000081815,0.000029256,1.000000000,0.000027602,0.000012904,-0.000030656
1789530852.448470354,-0.000002006,0.000060211,0.000031048,1.000000000,0.000020708,0.000011732,-0.000020716
1789530852.481818676,0.000000819,0.000036130,0.000020397,1.000000000,0.000010846,0.000005899,-0.000016100
1789530852.515167713,-0.000006696,0.000041504,0.000035135,1.000000000,0.000010373,0.000018120,-0.000016795
1789530852.548516750,-0.000000740,0.000046265,0.000018885,1.000000000,0.000014219,0.000007578,-0.000021445
1789530852.581866026,-0.000002670,0.000074766,0.000023259,1.000000000,0.000030547,0.000008365,-0.000028001
1789530852.615214109,-0.000004666,0.000099998,0.000011171,1.000000000,0.000038081,0.000006274,-0.000036102
1789530852.648563147,-0.000000209,0.000033464,0.000021825,1.000000000,0.000005123,0.000011789,-0.000015291
1789530852.681912184,-0.000001355,0.000036894,0.000034941,1.000000000,0.000008304,0.000012459,-0.000015661
1789530852.715260267,0.000001520,0.000041440,0.000026116,1.000000000,0.000011405,0.000011159,-0.000013977
1789530852.748609066,0.000009403,0.000059453,0.000028452,1.000000000,0.000021339,0.000003933,-0.000023445
1789530852.781958342,-0.000004579,0.000084944,0.000034922,1.000000000,0.000030940,0.000015427,-0.000028349
1789530852.815307140,-0.000004139,0.000041104,0.000016432,1.000000000,0.000010042,0.000009468,-0.000023119
1789530852.848654985,0.000016906,0.000034384,0.000037006,1.000000000,-0.000000143,0.000012688,-0.000010174
1789530852.882004023,0.000006156,0.000039246,0.000036499,1.000000000,0.000007792,0.000010629,-0.000015861
1789530852.915352821,0.000006643,0.000045202,0.000024857,1.000000000,0.000010343,0.000007716,-0.000018491
1789530852.948701620,0.000005216,0.000103595,0.000020305,1.000000000,0.000045223,0.000003160,-0.000028724
1789530852.982049465,-0.000007169,0.000061535,0.000029976,1.000000000,0.000020918,0.000015748,-0.000026166
1789530853.015398502,-0.000011086,0.000044114,0.000022774,1.000000000,0.000010870,0.000013361,-0.000024667
1789530853.048747063,0.000006579,0.000026438,0.000014790,1.000000000,0.000003811,0.000005345,-0.000010689
1789530853.082094908,0.000002196,0.000087840,0.000018936,1.000000000,0.000035891,0.000005025,-0.000026530
1789530853.115443707,-0.000002242,0.000041733,0.000029681,1.000000000,0.000011644,0.000010600,-0.000021524
1789530853.148792267,0.000005308,0.000115141,0.000028325,1.000000000,0.000050501,0.000006877,-0.000035716
1789530853.182141066,0.000004986,0.000033779,0.000026179,1.000000000,0.000005647,0.000009682,-0.000008442
1789530853.215488672,0.000012083,0.000032887,0.000030884,1.000000000,0.000002535,0.000007376,-0.000010247
1789530853.248837471,0.000007749,0.000061230,0.000032581,1.000000000,0.000021342,0.000008427,-0.000020070
1789530853.282186031,0.000002573,0.000041190,0.000028308,1.000000000,0.000010385,0.000011936,-0.000018493
1789530853.315534592,0.000004790,0.000043710,0.000026705,1.000000000,0.000012981,0.000005068,-0.000022279
1789530853.348886490,0.000006465,0.000029992,0.000029079,1.000000000,0.000005264,0.000008899,-0.000011337
1789530853.382239580,0.000001653,0.000073884,0.000009283,1.000000000,0.000031223,0.000002592,-0.000029277
1789530853.415592432,-0.000012528,0.000081624,0.000007592,1.000000000,0.000032719,0.000007588,-0.000025154
1789530853.448944569,0.000002776,0.000038926,0.000025196,1.000000000,0.000008007,0.000010004,-0.000015148
1789530853.482297421,0.000010010,0.000047925,0.000041427,1.000000000,0.000010095,0.000013300,-0.000014277
1789530853.515650272,0.000002388,0.000046313,0.000017190,1.000000000,0.000013966,0.000005254,-0.000021807
1789530853.549003363,-0.000001720,0.000037210,0.000029008,1.000000000,0.000007713,0.000011915,-0.000019846
1789530853.582355499,0.000004950,0.000047345,0.000034618,1.000000000,0.000011759,0.000010456,-0.000018022
1789530853.615708351,0.000006990,0.000064275,0.000030043,1.000000000,0.000019340,0.000005983,-0.000027064
1789530853.649061203,-0.000006306,0.000080226,0.000008852,1.000000000,0.000031012,0.000007297,-0.000027590
1789530853.682413340,0.000002234,0.000025301,0.000019751,1.000000000,0.000003884,0.000006304,-0.000011946
1789530853.715766430,0.000008226,0.000029010,0.000017148,1.000000000,0.000003668,0.000005592,-0.000010931
1789530853.749119043,0.000000380,0.000034668,0.000033885,1.000000000,0.000005625,0.000013388,-0.000016280
1789530853.782472134,-0.000003006,0.000025630,0.000008626,1.000000000,0.000007356,0.000004875,-0.000013294
1789530853.815824270,0.000011078,0.000047336,0.000028683,1.000000000,0.000016479,0.000004941,-0.000016192
1789530853.849177361,0.000004815,0.000067982,0.000037518,1.000000000,0.000021471,0.000013215,-0.000023111
1789530853.882529974,0.000015840,0.000035217,0.000031832,1.000000000,0.000002384,0.000007818,-0.000011858
1789530853.915883064,0.000002838,0.000025599,0.000012557,1.000000000,0.000006052,0.000003074,-0.000011558
1789530853.949235201,-0.000026282,0.000155128,-0.000018089,1.000000000,0.000069814,0.000014497,-0.000044670
1789530853.982588053,0.000021840,0.000039864,0.000038555,1.000000000,0.000002769,0.000010936,-0.000012866
1789530854.015940905,0.000018010,0.000036362,0.000032531,1.000000000,0.000001361,0.000009385,-0.000012766
1789530854.049293041,0.000001760,0.000033634,0.000034209,1.000000000,0.000006656,0.000012480,-0.000010930
1789530854.082645893,-0.000006071,0.000058006,0.000032249,1.000000000,0.000017225,0.000014713,-0.000024926
1789530854.115998983,0.000001058,0.000076125,0.000022480,1.000000000,0.000029177,0.000008038,-0.000026968
1789530854.149351835,0.000007983,0.000036765,0.000041247,1.000000000,0.000003011,0.000016260,-0.000012546
1789530854.182703972,-0.000008534,0.000076449,0.000027412,1.000000000,0.000029267,0.000012853,-0.000027367
1789530854.216056824,0.000014009,0.000027193,0.000037893,1.000000000,-0.000004880,0.000013124,-0.000012365
1789530854.249409676,0.000004188,0.000023905,0.000027340,1.000000000,-0.000002014,0.000014510,-0.000009293
1789530854.282762766,0.000001143,0.000044536,0.000030608,1.000000000,0.000010243,0.000013066,-0.000017562
1789530854.316114664,-0.000008546,0.000065224,0.000024864,1.000000000,0.000022018,0.000013327,-0.000026671
1789530854.349464178,-0.000006605,0.000086722,0.000014539,1.000000000,0.000033961,0.000007999,-0.000030478
1789530854.382813692,0.000010382,0.000032647,0.000031038,1.000000000,0.000005833,0.000006165,-0.000011919
1789530854.416162014,0.000002657,0.000033235,0.000034338,1.000000000,0.000004998,0.000013373,-0.000009617
1789530854.449511528,0.000009077,0.000033175,0.000024807,1.000000000,0.000004963,0.000008648,-0.000008872
1789530854.482860804,0.000010439,0.000078288,0.000008857,1.000000000,0.000030127,-0.000000298,-0.000031415
1789530854.516210318,0.000003094,0.000024535,0.000024256,1.000000000,0.000003327,0.000010165,-0.000009198
1789530854.549558640,0.000000698,0.000050260,0.000022759,1.000000000,0.000015332,0.000006946,-0.000023363
1789530854.582907915,0.000012071,0.000034400,0.000030980,1.000000000,0.000003548,0.000007842,-0.000010250
1789530854.616257429,0.000016309,0.000051358,0.000038846,1.000000000,0.000012198,0.000011171,-0.000013952
1789530854.649606705,-0.000000037,0.000060446,0.000011978,1.000000000,0.000022430,0.000004482,-0.000026611
1789530854.682955027,0.000010738,0.000031283,0.000039817,1.000000000,-0.000001502,0.000012659,-0.000015989
1789530854.716304302,0.000005132,0.000038030,0.000021496,1.000000000,0.000009118,0.000007134,-0.000012592
1789530854.749653578,-0.000009986,0.000069416,0.000012285,1.000000000,0.000027312,0.000009119,-0.000027605
1789530854.783001661,-0.000006989,0.000065692,0.000001490,1.000000000,0.000024003,0.000007494,-0.000025549
1789530854.816351175,-0.000000877,0.000063497,0.000017753,1.000000000,0.000023287,0.000005599,-0.000024814
1789530854.849700212,-0.000001893,0.000033101,0.000028212,1.000000000,0.000004146,0.000015975,-0.000015047
1789530854.883049250,0.000005754,0.000042059,0.000029376,1.000000000,0.000009340,0.000011546,-0.000013938
1789530854.916397572,-0.000001458,0.000027773,0.000013146,1.000000000,0.000006074,0.000006804,-0.000013794
1789530854.949746609,-0.000001091,0.000067109,0.000028433,1.000000000,0.000024638,0.000008684,-0.000025140
1789530854.983095646,0.000015349,0.000035510,0.000038619,1.000000000,-0.000000944,0.000010281,-0.000010289
1789530855.016443729,0.000014469,0.000044858,0.000037722,1.000000000,0.000007798,0.000010088,-0.000013563
1789530855.049793005,0.000002468,0.000035910,0.000033115,1.000000000,0.000005502,0.000015869,-0.000011306
1789530855.083142042,0.000005920,0.000036443,0.000033733,1.000000000,0.000005362,0.000012518,-0.000012085
1789530855.116491318,-0.000003182,0.000022431,0.000021190,1.000000000,0.000002673,0.000008425,-0.000013503
1789530855.149839163,0.000001711,0.000034361,0.000024168,1.000000000,0.000007149,0.000009810,-0.000014983
1789530855.183188200,-0.000003283,0.000041603,0.000024607,1.000000000,0.000011081,0.000011501,-0.000019876
1789530855.216536999,0.000000362,0.000022697,0.000014243,1.000000000,0.000004574,0.000006550,-0.000012199
1789530855.249886036,0.000004599,0.000035758,0.000029032,1.000000000,0.000005601,0.000011386,-0.000013864
1789530855.283234119,0.000008716,0.000043293,0.000029702,1.000000000,0.000010277,0.000009867,-0.000016450
1789530855.316582918,-0.000003834,0.000036623,0.000032473,1.000000000,0.000007487,0.000016477,-0.000014671
1789530855.349931240,0.000004563,0.000025618,0.000032802,1.000000000,0.000001041,0.000014103,-0.000009325
1789530855.383278131,0.000012333,0.000036576,0.000034226,1.000000000,0.000005562,0.000010686,-0.000012178
1789530855.416626215,0.000002416,0.000057594,0.000025459,1.000000000,0.000017482,0.000008341,-0.000024954
1789530855.449974298,0.000012609,0.000038200,0.000030899,1.000000000,0.000008518,0.000006047,-0.000014282
1789530855.483322382,0.000005282,0.000033481,0.000029022,1.000000000,0.000005253,0.000010687,-0.000012851
1789530855.516669273,-0.000014115,0.000080937,-0.000001432,1.000000000,0.000027529,0.000010308,-0.000035794
1789530855.550017118,-0.000002433,0.000037565,0.000024488,1.000000000,0.000008440,0.000010379,-0.000019335
1789530855.583364964,0.000005734,0.000031007,0.000023939,1.000000000,0.000006978,0.000007093,-0.000009462
1789530855.616712809,0.000004447,0.000034162,0.000030663,1.000000000,0.000006714,0.000011966,-0.000012325
1789530855.650059700,0.000007931,0.000029548,0.000038627,1.000000000,0.000000891,0.000014633,-0.000010943
1789530855.683407784,0.000002542,0.000061163,0.000026072,1.000000000,0.000020330,0.000008059,-0.000023231
1789530855.716755390,-0.000000052,0.000081863,0.000017173,1.000000000,0.000031609,0.000006786,-0.000030633
1789530855.750102282,0.000017330,0.000035453,0.000027096,1.000000000,0.000005075,0.000003302,-0.000011232
1789530855.783449888,0.000002961,0.000034788,0.000030141,1.000000000,0.000003421,0.000014379,-0.000013154
1789530855.816797495,0.000014759,0.000037470,0.000032612,1.000000000,0.000004466,0.000007742,-0.000014783
1789530855.850145340,0.000017574,0.000033822,0.000032964,1.000000000,0.000000962,0.000009105,-0.000009303
1789530855.883491993,-0.000004565,0.000058799,0.000033374,1.000000000,0.000018841,0.000013676,-0.000025879
1789530855.916839600,-0.000007360,0.000070321,0.000018274,1.000000000,0.000029617,0.000008753,-0.000024668
1789530855.950187206,0.000004489,0.000042096,0.000034616,1.000000000,0.000011415,0.000012007,-0.000015878
1789530855.983534575,0.000006119,0.000035201,0.000029696,1.000000000,0.000004780,0.000009249,-0.000011665
1789530856.016881466,0.000006203,0.000023850,0.000032806,1.000000000,-0.000003126,0.000016708,-0.000009596
1789530856.050228834,0.000002225,0.000042699,0.000023993,1.000000000,0.000012204,0.000007148,-0.000015559
1789530856.083576202,-0.000006391,0.000049578,0.000023318,1.000000000,0.000013971,0.000011358,-0.000026075
1789530856.116922617,0.000002059,0.000079795,0.000032442,1.000000000,0.000029763,0.000011460,-0.000028478
1789530856.150269985,-0.000009813,0.000062736,0.000013612,1.000000000,0.000022886,0.000010745,-0.000021680
1789530856.183617353,-0.000000324,0.000023591,0.000024521,1.000000000,-0.000000625,0.000011879,-0.000011594
1789530856.216964960,-0.000006949,0.000072207,0.000009642,1.000000000,0.000027469,0.000009340,-0.000025364
1789530856.250311136,-0.000002214,0.000030731,0.000031053,1.000000000,0.000003342,0.000013762,-0.000015369
1789530856.283658504,-0.000002568,0.000090254,0.000021002,1.000000000,0.000039912,0.000008129,-0.000028866
1789530856.317005634,-0.000006033,0.000041938,0.000026803,1.000000000,0.000012004,0.000013206,-0.000019481
1789530856.350356102,-0.000003794,0.000073421,0.000014791,1.000000000,0.000023478,0.000006971,-0.000033409
1789530856.383707523,-0.000005438,0.000081392,0.000013529,1.000000000,0.000030482,0.000010685,-0.000026193
1789530856.417058945,0.000004759,0.000028552,0.000021155,1.000000000,0.000004677,0.000007160,-0.000011757
1789530856.450410366,0.000010274,0.000042430,0.000027600,1.000000000,0.000010418,0.000007766,-0.000014936
1789530856.483760834,-0.000003741,0.000067883,0.000015479,1.000000000,0.000025116,0.000005658,-0.000034443
1789530856.517112017,0.000002686,0.000023903,0.000018209,1.000000000,0.000001624,0.000006874,-0.000011403
1789530856.550463438,0.000006406,0.000021876,0.000013865,1.000000000,0.000002315,0.000003088,-0.000009455
1789530856.583814621,0.000011432,0.000035766,0.000040350,1.000000000,0.000002283,0.000013322,-0.000011553
1789530856.617165089,0.000017895,0.000032055,0.000036392,1.000000000,-0.000000981,0.000011177,-0.000009707
1789530856.650516272,0.000001669,0.000025317,0.000035025,1.000000000,-0.000002203,0.000018628,-0.000009958
1789530856.683867693,-0.000007545,0.000053392,0.000011412,1.000000000,0.000015460,0.000007527,-0.000028411
1789530856.717217922,-0.000007334,0.000051170,0.000026105,1.000000000,0.000021504,0.000010174,-0.000021515
1789530856.750569344,-0.000004229,0.000058784,0.000019401,1.000000000,0.000020717,0.000005372,-0.000028756
1789530856.783920765,-0.000012314,0.000081627,0.000005564,1.000000000,0.000029581,0.000007238,-0.000039754
1789530856.817271948,0.000004642,0.000073075,0.000037201,1.000000000,0.000024856,0.000011810,-0.000022333
1789530856.850622416,0.000007259,0.000082181,0.000027588,1.000000000,0.000030886,0.000006870,-0.000027991
1789530856.883973598,-0.000011192,0.000072390,0.000033249,1.000000000,0.000023852,0.000020137,-0.000026244
1789530856.917324781,-0.000011274,0.000063568,0.000007277,1.000000000,0.000017739,0.000011230,-0.000023663
1789530856.950675964,0.000012563,0.000025862,0.000027278,1.000000000,-0.000000906,0.000008931,-0.000011426
1789530856.984026432,-0.000009449,0.000073070,0.000021488,1.000000000,0.000025860,0.000014004,-0.000026333
1789530857.017377377,-0.000002267,0.000039582,0.000022570,1.000000000,0.000009772,0.000010468,-0.000019002
1789530857.050728798,-0.000009770,0.000091328,-0.000014113,1.000000000,0.000035881,0.000000615,-0.000048118
1789530857.084078789,-0.000001566,0.000027008,0.000019903,1.000000000,0.000003473,0.000009265,-0.000014040
1789530857.117430210,-0.000001899,0.000040578,0.000034283,1.000000000,0.000008464,0.000015628,-0.000020015
1789530857.150781155,-0.000008439,0.000044657,0.000026071,1.000000000,0.000008958,0.000013292,-0.000025643
1789530857.184132576,-0.000002454,0.000079585,0.000014802,1.000000000,0.000031788,0.000007491,-0.000031062
1789530857.217482567,0.000000418,0.000054747,0.000034166,1.000000000,0.000017562,0.000012221,-0.000021997
1789530857.250833750,0.000013188,0.000034600,0.000030765,1.000000000,0.000005811,0.000009532,-0.000012353
1789530857.284185171,-0.000006675,0.000072144,0.000006289,1.000000000,0.000029737,0.000003729,-0.000031996
1789530857.317536116,-0.000002816,0.000069433,0.000027682,1.000000000,0.000026729,0.000011468,-0.000026443
1789530857.350883961,0.000002356,0.000027872,0.000021582,1.000000000,0.000003479,0.000010442,-0.000011255
1789530857.384233236,0.000002092,0.000053142,0.000029429,1.000000000,0.000016407,0.000008019,-0.000024450
1789530857.417582035,-0.000002081,0.000026498,0.000023398,1.000000000,0.000004409,0.000009099,-0.000011843
1789530857.450929880,0.000011810,0.000040380,0.000036296,1.000000000,0.000006420,0.000011115,-0.000015009
1789530857.484278917,0.000004806,0.000044051,0.000031853,1.000000000,0.000011525,0.000010953,-0.000018174
1789530857.517627478,-0.000007813,0.000069487,0.000004067,1.000000000,0.000023368,0.000009206,-0.000030735
1789530857.550976276,0.000004668,0.000046943,0.000028325,1.000000000,0.000014920,0.000009067,-0.000017651
1789530857.584324121,-0.000002864,0.000036796,0.000026221,1.000000000,0.000006552,0.000014278,-0.000015489
1789530857.617672920,0.000008219,0.000029697,0.000037420,1.000000000,-0.000001257,0.000015138,-0.000014164
1789530857.651021719,-0.000001461,0.000071600,0.000019498,1.000000000,0.000027060,0.000008096,-0.000021359
1789530857.684369326,-0.000002633,0.000051002,0.000013432,1.000000000,0.000020877,0.000005670,-0.000024680
1789530857.717718124,-0.000004926,0.000080247,0.000008432,1.000000000,0.000031028,0.000006226,-0.000030025
1789530857.751066923,-0.000008009,0.000073708,0.000019060,1.000000000,0.000026364,0.000010077,-0.000031710
1789530857.784415483,0.000007790,0.000074330,0.000030160,1.000000000,0.000030208,0.000005913,-0.000024261
1789530857.817763090,-0.000007391,0.000056392,0.000027203,1.000000000,0.000017664,0.000011624,-0.000025279
1789530857.851111889,0.000008336,0.000018739,0.000026904,1.000000000,-0.000007427,0.000009770,-0.000008082
1789530857.884460449,-0.000015659,0.000083145,0.000003260,1.000000000,0.000038018,0.000006921,-0.000039500
1789530857.917808771,0.000014371,0.000038069,0.000035434,1.000000000,0.000004916,0.000010733,-0.000010247
1789530857.951156378,0.000001810,0.000026546,0.000011317,1.000000000,0.000005085,0.000002973,-0.000016091
1789530857.984505177,0.000004899,0.000029950,0.000036807,1.000000000,0.000003300,0.000012163,-0.000013284
1789530858.017853498,0.000004848,0.000028768,0.000016315,1.000000000,0.000006037,0.000006559,-0.000011115
1789530858.051200867,-0.000002982,0.000064881,0.000014503,1.000000000,0.000024684,0.000006768,-0.000025680
1789530858.084549665,0.000013864,0.000023492,0.000014924,1.000000000,-0.000003493,0.000001948,-0.000012047
1789530858.117897987,0.000012453,0.000042445,0.000029313,1.000000000,0.000009803,0.000006033,-0.000014849
1789530858.151246309,-0.000002944,0.000079593,0.000010855,1.000000000,0.000032538,0.000003910,-0.000029767
1789530858.184593678,-0.000005521,0.000061182,0.000007659,1.000000000,0.000022928,0.000005990,-0.000024154
1789530858.217942238,0.000003317,0.000073378,0.000012356,1.000000000,0.000020225,0.000003147,-0.000046607
1789530858.251290560,-0.000000558,0.000036384,0.000026732,1.000000000,0.000007879,0.000012275,-0.000013655
1789530858.284638882,-0.000004975,0.000036988,0.000038897,1.000000000,0.000006888,0.000017041,-0.000017190
1789530858.317986250,0.000008974,0.000069466,0.000027704,1.000000000,0.000028096,0.000002628,-0.000019492
1789530858.351334572,0.000014779,0.000031364,0.000030923,1.000000000,-0.000000312,0.000010971,-0.000010821
1789530858.384682894,-0.000002605,0.000083764,0.000029346,1.000000000,0.000028813,0.000014083,-0.000032185
1789530858.418030262,0.000004014,0.000075540,0.000015815,1.000000000,0.000031973,0.000001784,-0.000026339
1789530858.451378345,0.000005387,0.000063498,0.000027931,1.000000000,0.000022219,0.000009290,-0.000022270
1789530858.484726906,0.000013444,0.000034322,0.000035213,1.000000000,-0.000000925,0.000010958,-0.000015036
1789530858.518074989,0.000009398,0.000045100,0.000021260,1.000000000,0.000012862,0.000005308,-0.000017135
1789530858.551422119,0.000009360,0.000034227,0.000034374,1.000000000,0.000000905,0.000015584,-0.000013595
1789530858.584770203,0.000016998,0.000039581,0.000035143,1.000000000,0.000003968,0.000010803,-0.000012121
1789530858.618118525,0.000003157,0.000084468,0.000028737,1.000000000,0.000032095,0.000010949,-0.000027929
1789530858.651466608,0.000005122,0.000074363,0.000016679,1.000000000,0.000031768,-0.000000270,-0.000021270
1789530858.684813738,0.000005357,0.000033134,0.000032058,1.000000000,0.000000854,0.000016626,-0.000011793
1789530858.718161821,-0.000002181,0.000091031,0.000026334,1.000000000,0.000032737,0.000011171,-0.000037222
1789530858.751509905,-0.000007194,0.000029022,0.000013801,1.000000000,0.000005414,0.000008502,-0.000021038
1789530858.784857035,0.000002225,0.000027453,0.000022441,1.000000000,0.000005048,0.000007016,-0.000013483
1789530858.818204880,0.000009245,0.000031436,0.000035428,1.000000000,0.000002147,0.000012530,-0.000013967
1789530858.851552963,0.000012987,0.000030883,0.000022743,1.000000000,0.000002204,0.000004662,-0.000009581
1789530858.884900808,-0.000027677,0.000117426,-0.000010673,1.000000000,0.000047746,0.000011953,-0.000047968
1789530858.918247700,0.000002071,0.000042347,0.000030463,1.000000000,0.000012895,0.000009573,-0.000016545
1789530858.951595783,-0.000006615,0.000066399,0.000011679,1.000000000,0.000025555,0.000007347,-0.000025721
1789530858.984943628,0.000011429,0.000027945,0.000032603,1.000000000,-0.000002627,0.000012197,-0.000010420
1789530859.018290520,0.000005712,0.000070445,0.000030949,1.000000000,0.000027127,0.000009457,-0.000019704
1789530859.051638365,0.000004570,0.000030524,0.000032290,1.000000000,0.000002143,0.000010963,-0.000012588
1789530859.084985971,-0.000004492,0.000069111,0.000032169,1.000000000,0.000023785,0.000014191,-0.000028434
1789530859.118334055,-0.000006255,0.000044738,0.000016581,1.000000000,0.000017242,0.000007782,-0.000021660
1789530859.151680708,-0.000000481,0.000039845,0.000026141,1.000000000,0.000008867,0.000011966,-0.000018696
1789530859.185028553,-0.000004678,0.000116699,0.000009672,1.000000000,0.000048193,0.000002217,-0.000050736
1789530859.218376160,0.000009797,0.000037782,0.000028398,1.000000000,0.000004639,0.000009916,-0.000016477
1789530859.251723766,-0.000001145,0.000054054,0.000011283,1.000000000,0.000019375,0.000003025,-0.000024430
1789530859.285070658,0.000008861,0.000037153,0.000023331,1.000000000,0.000009488,0.000005659,-0.000011292
1789530859.318418264,-0.000002179,0.000023350,0.000021404,1.000000000,0.000002717,0.000008139,-0.000011865
1789530859.351767302,0.000001681,0.000055783,0.000032990,1.000000000,0.000019224,0.000009613,-0.000016433
1789530859.385115385,0.000003093,0.000022877,0.000026275,1.000000000,-0.000001129,0.000008380,-0.000009363
1789530859.418464422,0.000005698,0.000043887,0.000022392,1.000000000,0.000013824,0.000005778,-0.000015149
1789530859.451813459,-0.000003663,0.000040827,0.000028126,1.000000000,0.000009121,0.000011755,-0.000022127
1789530859.485162258,0.000006769,0.000032665,0.000034467,1.000000000,0.000004633,0.000013738,-0.000011432
1789530859.518510580,0.000003140,0.000076625,0.000024816,1.000000000,0.000030620,0.000008609,-0.000024980
1789530859.551859379,-0.000007077,0.000075957,0.000026203,1.000000000,0.000029253,0.000014209,-0.000024606
1789530859.585208178,0.000003986,0.000033055,0.000030258,1.000000000,0.000004108,0.000010767,-0.000010413
1789530859.618557215,0.000005841,0.000027303,0.000018463,1.000000000,0.000008022,0.000002433,-0.000010294
1789530859.651905060,0.000000107,0.000056838,0.000006838,1.000000000,0.000023638,0.000002177,-0.000018364
1789530859.685253859,-0.000001975,0.000021417,0.000026868,1.000000000,0.000000125,0.000011134,-0.000015499
1789530859.718602896,0.000004137,0.000026970,0.000024912,1.000000000,0.000002070,0.000008745,-0.000010847
1789530859.751950741,0.000011791,0.000044641,0.000035886,1.000000000,0.000007058,0.000012567,-0.000017812
1789530859.785299301,-0.000004655,0.000032442,0.000023541,1.000000000,0.000005945,0.000008658,-0.000020554
1789530859.818648100,-0.000004884,0.000055103,0.000020173,1.000000000,0.000020184,0.000006225,-0.000028471
1789530859.851996899,-0.000000787,0.000031066,0.000037254,1.000000000,0.000002032,0.000014173,-0.000012381
1789530859.885344744,-0.000005189,0.000052005,0.000024158,1.000000000,0.000014730,0.000011817,-0.000025821
1789530859.918693304,-0.000004711,0.000054982,0.000025847,1.000000000,0.000017302,0.000013202,-0.000022495
1789530859.952042103,0.000005958,0.000049487,0.000027242,1.000000000,0.000013438,0.000009671,-0.000020554
1789530859.985390663,0.000000941,0.000068778,0.000009652,1.000000000,0.000029512,0.000003243,-0.000024575
1789530860.018738270,-0.000000453,0.000067889,0.000010476,1.000000000,0.000026800,0.000004762,-0.000026019
1789530860.052086830,0.000003245,0.000036585,0.000035518,1.000000000,0.000008310,0.000013050,-0.000012070
1789530860.085435629,-0.000006753,0.000041345,0.000037366,1.000000000,0.000010091,0.000019647,-0.000016344
1789530860.118783236,0.000023965,0.000034057,0.000038846,1.000000000,-0.000001595,0.000006496,-0.000012028
1789530860.152131796,0.000006014,0.000024536,0.000024071,1.000000000,-0.000000645,0.000007291,-0.000012475
1789530860.185480118,-0.000006744,0.000035815,0.000027543,1.000000000,0.000007789,0.000012782,-0.000021357
1789530860.218828917,-0.000003729,0.000063371,0.000030398,1.000000000,0.000020783,0.000013740,-0.000031282
1789530860.252176285,0.000004399,0.000046680,0.000022046,1.000000000,0.000014722,0.000005036,-0.000021298
1789530860.285524845,0.000005816,0.000072116,0.000037717,1.000000000,0.000028305,0.000009640,-0.000019931
1789530860.318873405,0.000002995,0.000030767,0.000028449,1.000000000,0.000005320,0.000011350,-0.000013504
1789530860.352221012,-0.000005173,0.000062468,0.000017527,1.000000000,0.000021647,0.000009974,-0.000022900
1789530860.385569811,-0.000010708,0.000056533,0.000010616,1.000000000,0.000019385,0.000008958,-0.000023178
1789530860.418918371,0.000000804,0.000068515,0.000023805,1.000000000,0.000021178,0.000007236,-0.000029485
1789530860.452267170,0.000004050,0.000028397,0.000022819,1.000000000,0.000006566,0.000004627,-0.000010531
1789530860.485614777,0.000003551,0.000028990,0.000030771,1.000000000,0.000006037,0.000006932,-0.000010873
1789530860.518963337,0.000001152,0.000045580,0.000032700,1.000000000,0.000013091,0.000012151,-0.000016118
1789530860.552312374,-0.000006029,0.000042815,0.000014294,1.000000000,0.000013083,0.000006537,-0.000023860
1789530860.585660696,-0.000004657,0.000036507,0.000007324,1.000000000,0.000010693,0.000005361,-0.000018037
1789530860.619008303,-0.000000590,0.000020506,0.000021630,1.000000000,0.000001090,0.000009064,-0.000009277
1789530860.652356863,0.000019861,0.000033985,0.000033616,1.000000000,-0.000000256,0.000007517,-0.000013808
1789530860.685705662,-0.000010083,0.000092969,0.000020622,1.000000000,0.000036348,0.000013761,-0.000031322
1789530860.719053030,0.000007773,0.000026724,0.000034040,1.000000000,-0.000002758,0.000014119,-0.000008754
1789530860.752401590,0.000001424,0.000015533,0.000026766,1.000000000,-0.000008647,0.000013176,-0.000013491
1789530860.785750151,0.000006991,0.000025561,0.000025761,1.000000000,0.000002745,0.000007529,-0.000009294
1789530860.819098711,-0.000005947,0.000046054,0.000021619,1.000000000,0.000014472,0.000011029,-0.000022714
1789530860.852446079,0.000003930,0.000055549,0.000045119,1.000000000,0.000015046,0.000015792,-0.000024224
1789530860.885794640,-0.000005146,0.000077777,0.000015913,1.000000000,0.000034697,0.000006722,-0.000035385
1789530860.919142962,0.000008567,0.000031185,0.000029127,1.000000000,0.000004197,0.000011155,-0.000013823
1789530860.952491522,-0.000001810,0.000038000,0.000027668,1.000000000,0.000006169,0.000012432,-0.000018147
1789530860.985838890,-0.000004425,0.000071229,0.000010938,1.000000000,0.000032057,0.000005941,-0.000026871
1789530861.019187212,-0.000005121,0.000059813,0.000014410,1.000000000,0.000021210,0.000007439,-0.000023900
1789530861.052535534,0.000006522,0.000021570,0.000034013,1.000000000,-0.000007315,0.000016832,-0.000011897
1789530861.085883141,0.000006512,0.000049593,0.000024582,1.000000000,0.000016124,0.000008645,-0.000019657
1789530861.119231462,0.000010914,0.000044226,0.000039886,1.000000000,0.000009704,0.000014788,-0.000015028
1789530861.152579784,0.000009783,0.000039468,0.000038018,1.000000000,0.000006748,0.000012327,-0.000016478
1789530861.185927868,-0.000012334,0.000075151,0.000020523,1.000000000,0.000028218,0.000015169,-0.000029694
1789530861.219275475,-0.000003402,0.000028037,0.000025130,1.000000000,0.000003609,0.000013085,-0.000016617
1789530861.252623558,-0.000002380,0.000022838,0.000021184,1.000000000,0.000003249,0.000008501,-0.000011316
1789530861.285971880,-0.000012660,0.000132724,-0.000001802,1.000000000,0.000064888,0.000003808,-0.000043359
1789530861.319319963,0.000013333,0.000030867,0.000021546,1.000000000,0.000002390,0.000003738,-0.000011488
1789530861.352671146,0.000001671,0.000036064,0.000021903,1.000000000,0.000007275,0.000007029,-0.000019742
1789530861.386023283,0.000002840,0.000042535,0.000036366,1.000000000,0.000010650,0.000011889,-0.000016696
1789530861.419375181,-0.000004726,0.000056199,0.000014559,1.000000000,0.000022745,0.000007090,-0.000029243
1789530861.452726603,0.000000911,0.000065223,0.000020354,1.000000000,0.000025303,0.000006034,-0.000021760
1789530861.486078501,0.000000493,0.000031027,0.000020757,1.000000000,0.000008257,0.000005623,-0.000014848
1789530861.519430637,-0.000005428,0.000064398,0.000029851,1.000000000,0.000022064,0.000013673,-0.000025255
1789530861.552783012,-0.000004830,0.000021504,0.000013940,1.000000000,0.000002685,0.000007865,-0.000013182
1789530861.586134195,-0.000000777,0.000041205,0.000035958,1.000000000,0.000008820,0.000012898,-0.000021202
1789530861.619486332,0.000016135,0.000042625,0.000033212,1.000000000,0.000009933,0.000005818,-0.000010163
1789530861.652838707,-0.000001365,0.000036539,0.000014811,1.000000000,0.000012430,0.000003979,-0.000017326
1789530861.686189890,-0.000000700,0.000035780,0.000019954,1.000000000,0.000009632,0.000007556,-0.000019639
1789530861.719542265,0.000004981,0.000032135,0.000029746,1.000000000,0.000007816,0.000006834,-0.000014204
1789530861.752894878,-0.000004585,0.000033791,0.000025983,1.000000000,0.000007799,0.000010670,-0.000020627
1789530861.786247015,-0.000001720,0.000027666,0.000024083,1.000000000,0.000007404,0.000005516,-0.000014983
1789530861.819598436,-0.000001913,0.000066551,0.000020641,1.000000000,0.000025140,0.000006287,-0.000025447
1789530861.852950811,-0.000004294,0.000050120,0.000034428,1.000000000,0.000016614,0.000013644,-0.000019368
1789530861.886303425,-0.000001012,0.000053184,0.000020749,1.000000000,0.000019577,0.000007920,-0.000012010
1789530861.919655800,0.000004032,0.000097594,0.000035738,1.000000000,0.000044857,0.000007580,-0.000028176
1789530861.953007221,-0.000000086,0.000032021,0.000028414,1.000000000,0.000009048,0.000007807,-0.000018204
1789530861.986359835,-0.000006514,0.000074487,0.000012583,1.000000000,0.000037279,0.000005290,-0.000036609
1789530862.019712448,0.000006195,0.000030843,0.000029842,1.000000000,0.000002713,0.000009508,-0.000011488
1789530862.053063869,0.000005614,0.000033085,0.000035950,1.000000000,0.000004265,0.000010469,-0.000011796
1789530862.086416721,-0.000010154,0.000063135,0.000020892,1.000000000,0.000028090,0.000008918,-0.000025642
1789530862.119769335,0.000006996,0.000030147,0.000023023,1.000000000,0.000008355,0.000002932,-0.000008171
1789530862.153122187,-0.000002773,0.000047115,0.000011070,1.000000000,0.000017939,0.000005082,-0.000019214
1789530862.186473608,-0.000002042,0.000070469,0.000022314,1.000000000,0.000030978,0.000005655,-0.000024993
1789530862.219826460,-0.000004364,0.000023872,0.000024180,1.000000000,0.000004635,0.000007693,-0.000014362
1789530862.253179312,0.000000489,0.000046164,0.000008832,1.000000000,0.000011688,0.000002634,-0.000026582
1789530862.286531925,-0.000009443,0.000028632,0.000028294,1.000000000,0.000002995,0.000014306,-0.000013966
1789530862.319883823,-0.000013979,0.000077129,0.000005851,1.000000000,0.000032155,0.000008111,-0.000024585
1789530862.353233814,0.000000761,0.000053285,0.000040768,1.000000000,0.000010772,0.000014570,-0.000021205
1789530862.386584044,0.000000930,0.000032638,0.000027907,1.000000000,0.000008300,0.000007515,-0.000015832
1789530862.419933081,-0.000004551,0.000043386,0.000029111,1.000000000,0.000011225,0.000010971,-0.000022896
1789530862.453283310,-0.000003386,0.000051512,0.000030663,1.000000000,0.000016013,0.000010348,-0.000022167
1789530862.486633062,0.000009173,0.000029768,0.000028275,1.000000000,0.000001378,0.000007955,-0.000008324
1789530862.519983053,-0.000006388,0.000047022,0.000028340,1.000000000,0.000016547,0.000010607,-0.000024832
1789530862.553332329,-0.000004716,0.000024509,0.000019210,1.000000000,0.000006414,0.000006712,-0.000014093
1789530862.586682320,0.000011973,0.000019189,0.000034333,1.000000000,-0.000007017,0.000006993,-0.000006695
1789530862.620032310,0.000000769,0.000031757,0.000032414,1.000000000,0.000007462,0.000007914,-0.000013939
1789530862.653382301,0.000001433,0.000038843,0.000029377,1.000000000,0.000009560,0.000009824,-0.000018032
1789530862.686731339,0.000001206,0.000024774,0.000028570,1.000000000,0.000001954,0.000008424,-0.000013217
1789530862.720081329,-0.000004704,0.000073628,0.000016305,1.000000000,0.000028405,0.000007550,-0.000028570
1789530862.753431320,0.000000168,0.000028935,0.000031282,1.000000000,0.000002934,0.000010537,-0.000011951
1789530862.786780357,0.000011330,0.000029712,0.000035699,1.000000000,-0.000003986,0.000010524,-0.000009439
1789530862.820130348,-0.000011181,0.000057192,0.000014954,1.000000000,0.000021348,0.000008919,-0.000028047
1789530862.853480339,-0.000012875,0.000060200,0.000023463,1.000000000,0.000022305,0.000014600,-0.000028089
1789530862.886830330,0.000002730,0.000048382,0.000010383,1.000000000,0.000016565,0.000001374,-0.000025234
1789530862.920179129,-0.000002415,0.000032818,0.000018008,1.000000000,0.000010268,0.000006094,-0.000015817
1789530862.953529119,-0.000000734,0.000025558,0.000022300,1.000000000,0.000005393,0.000006494,-0.000016546
1789530862.986879110,-0.000008016,0.000061732,0.000013485,1.000000000,0.000025498,0.000006665,-0.000022696
1789530863.020227909,0.000001028,0.000023576,0.000027191,1.000000000,0.000001887,0.000007934,-0.000013844
1789530863.053577900,-0.000004104,0.000051472,0.000030521,1.000000000,0.000012942,0.000013065,-0.000025549
1789530863.086927891,0.000005825,0.000030218,0.000029788,1.000000000,0.000004082,0.000007516,-0.000008833
1789530863.120277882,0.000014808,0.000048707,0.000040862,1.000000000,0.000008218,0.000008355,-0.000015321
1789530863.153626680,-0.000000435,0.000021321,0.000033278,1.000000000,-0.000004071,0.000013119,-0.000010458
1789530863.186976671,-0.000000136,0.000058066,0.000033233,1.000000000,0.000018065,0.000010424,-0.000024218
1789530863.220326424,0.000000914,0.000053292,0.000023560,1.000000000,0.000018207,0.000006175,-0.000026069
1789530863.253676176,-0.000003961,0.000020446,0.000024526,1.000000000,-0.000000964,0.000011704,-0.000009705
1789530863.287025213,-0.000007743,0.000075326,0.000010625,1.000000000,0.000033947,0.000006229,-0.000021106
1789530863.320374966,0.000008019,0.000024498,0.000025278,1.000000000,-0.000001846,0.000007318,-0.000008624
1789530863.353722572,-0.000007331,0.000054712,0.000012007,1.000000000,0.000019749,0.000008062,-0.000026003
1789530863.387068987,-0.000005256,0.000027265,0.000017294,1.000000000,0.000007143,0.000007154,-0.000016671
1789530863.420416832,-0.000003910,0.000036127,0.000029363,1.000000000,0.000008929,0.000009772,-0.000021404
1789530863.453764200,-0.000010322,0.000085552,0.000015339,1.000000000,0.000038003,0.000008479,-0.000027980
1789530863.487111568,-0.000001033,0.000026665,0.000015309,1.000000000,0.000005701,0.000004559,-0.000014472
1789530863.520457983,-0.000016652,0.000075591,0.000014999,1.000000000,0.000033192,0.000010273,-0.000025010
1789530863.553805351,0.000003596,0.000026449,0.000016059,1.000000000,0.000008130,0.000001540,-0.000012391
1789530863.587152719,0.000002497,0.000044279,0.000012752,1.000000000,0.000016013,0.000001024,-0.000019351
1789530863.620500326,-0.000008506,0.000041859,0.000021073,1.000000000,0.000011554,0.000010265,-0.000018887
1789530863.653846741,-0.000000365,0.000026481,0.000021189,1.000000000,0.000006186,0.000006033,-0.000013990
1789530863.687194109,-0.000002190,0.000022702,0.000034474,1.000000000,-0.000001084,0.000012736,-0.000012558
1789530863.720541477,-0.000007876,0.000026078,0.000030525,1.000000000,0.000003991,0.000013526,-0.000014756
1789530863.753887653,0.000000114,0.000069930,0.000009710,1.000000000,0.000034072,0.000000486,-0.000030590
1789530863.787235022,-0.000006579,0.000034561,0.000015218,1.000000000,0.000011353,0.000007932,-0.000017310
1789530863.820582390,-0.000007609,0.000062150,0.000022832,1.000000000,0.000021337,0.000010604,-0.000026853
1789530863.853929758,-0.000006326,0.000034378,0.000019885,1.000000000,0.000013375,0.000006942,-0.000016623
1789530863.887275934,-0.000005044,0.000054866,0.000021602,1.000000000,0.000017149,0.000008725,-0.000028883
1789530863.920623302,-0.000003118,0.000042021,0.000031015,1.000000000,0.000010207,0.000010414,-0.000019818
1789530863.953970432,0.000000221,0.000032024,0.000013226,1.000000000,0.000009776,0.000003929,-0.000016745
1789530863.987317562,-0.000005363,0.000032925,0.000021628,1.000000000,0.000012900,0.000007406,-0.000016807
1789530864.020663738,-0.000002493,0.000042005,0.000023568,1.000000000,0.000015379,0.000005991,-0.000022314
1789530864.054010868,0.000004674,0.000023678,0.000024899,1.000000000,0.000002216,0.000007271,-0.000012482
1789530864.087358236,-0.000003814,0.000053274,0.000016211,1.000000000,0.000022806,0.000004914,-0.000021027
1789530864.120704412,-0.000007681,0.000045388,0.000024473,1.000000000,0.000013524,0.000010621,-0.000022736
1789530864.154051542,-0.000006161,0.000023822,0.000015423,1.000000000,0.000005918,0.000008050,-0.000014725
1789530864.187398672,-0.000001186,0.000069835,0.000011078,1.000000000,0.000028220,0.000002468,-0.000024380
1789530864.220745564,-0.000004199,0.000020483,0.000025639,1.000000000,0.000003684,0.000009197,-0.000014777
1789530864.254091740,-0.000004712,0.000012861,0.000016879,1.000000000,0.000000801,0.000007447,-0.000009312
1789530864.287438869,-0.000000005,0.000019166,0.000025414,1.000000000,0.000001348,0.000007762,-0.000010235
1789530864.320785999,0.000002699,0.000027932,0.000026390,1.000000000,0.000005375,0.000007334,-0.000013350
1789530864.354133844,0.000000291,0.000017908,0.000019429,1.000000000,0.000000991,0.000006250,-0.000010209
1789530864.387482405,-0.000005031,0.000019842,0.000027253,1.000000000,0.000001209,0.000011233,-0.000016307
1789530864.420831203,-0.000003735,0.000019112,0.000029958,1.000000000,-0.000001573,0.000009277,-0.000013819
1789530864.454180002,0.000005061,0.000044716,0.000009577,1.000000000,0.000016382,0.000000269,-0.000016653
1789530864.487527847,-0.000001549,0.000071422,0.000017779,1.000000000,0.000034965,0.000005418,-0.000024338
1789530864.520876408,-0.000000005,0.000051737,0.000016414,1.000000000,0.000022382,0.000004466,-0.000018600
1789530864.554225206,0.000003482,0.000034955,0.000034334,1.000000000,0.000005217,0.000011035,-0.000013357
1789530864.587574005,-0.000017665,0.000075654,0.000011144,1.000000000,0.000032076,0.000013190,-0.000027919
1789530864.620921612,0.000003979,0.000035973,0.000031025,1.000000000,0.000010050,0.000007287,-0.000017843
1789530864.654270172,0.000000068,0.000021254,0.000010993,1.000000000,0.000007281,0.000002838,-0.000008212
1789530864.687618971,-0.000002865,0.000026550,0.000031534,1.000000000,0.000002896,0.000010339,-0.000014153
1789530864.720966578,-0.000010008,0.000095820,0.000028299,1.000000000,0.000043512,0.000012338,-0.000032956
1789530864.754315138,-0.000001262,0.000058784,0.000023546,1.000000000,0.000021748,0.000005571,-0.000025526
1789530864.787663937,-0.000003571,0.000017639,0.000016043,1.000000000,0.000002532,0.000006821,-0.000009685
1789530864.821012259,0.000000067,0.000020275,0.000015884,1.000000000,0.000005674,0.000004151,-0.000012413
1789530864.854359865,-0.000010960,0.000079208,0.000008246,1.000000000,0.000035175,0.000008261,-0.000024162
1789530864.887708426,0.000002566,0.000030314,0.000037206,1.000000000,0.000004331,0.000010483,-0.000016537
1789530864.921056986,-0.000017552,0.000105039,0.000001948,1.000000000,0.000046690,0.000010172,-0.000031364
1789530864.954405546,-0.000001230,0.000018721,0.000026543,1.000000000,0.000002186,0.000007156,-0.000011289
1789530864.987752914,-0.000009492,0.000032946,0.000024055,1.000000000,0.000007516,0.000010815,-0.000020611
1789530865.021101475,-0.000003650,0.000018052,0.000016849,1.000000000,0.000003164,0.000007035,-0.000012071
1789530865.054450035,-0.000007057,0.000051007,0.000019496,1.000000000,0.000017904,0.000008432,-0.000023449
1789530865.087797403,-0.000003545,0.000014902,0.000021034,1.000000000,0.000002471,0.000007431,-0.000010483
1789530865.121145725,-0.000015349,0.000030363,0.000033700,1.000000000,0.000004360,0.000016545,-0.000019594
1789530865.154494047,0.000007045,0.000023617,0.000026753,1.000000000,0.000003494,0.000005450,-0.000010787
1789530865.187842846,-0.000002151,0.000022743,0.000026888,1.000000000,0.000005358,0.000007344,-0.000012534
1789530865.221189976,0.000006575,0.000032058,0.000032732,1.000000000,0.000002091,0.000010478,-0.000010788
1789530865.254538298,-0.000002009,0.000041992,0.000016800,1.000000000,0.000014975,0.000005942,-0.000020544
1789530865.287886620,-0.000002267,0.000023344,0.000029603,1.000000000,0.000001577,0.000011250,-0.000012900
1789530865.321235180,-0.000005491,0.000066076,0.000007369,1.000000000,0.000029297,0.000005144,-0.000019587
1789530865.354583502,-0.000007716,0.000087426,0.000011648,1.000000000,0.000043185,0.000006925,-0.000021951
1789530865.387932777,-0.000007052,0.000044589,0.000035664,1.000000000,0.000011629,0.000014789,-0.000024778
1789530865.421282530,-0.000005163,0.000034274,0.000025047,1.000000000,0.000009404,0.000009050,-0.000019863
1789530865.454630852,0.000005516,0.000051709,0.000029006,1.000000000,0.000017822,0.000005366,-0.000020556
1789530865.487980127,0.000001273,0.000020443,0.000021293,1.000000000,0.000004809,0.000005460,-0.000011182
1789530865.521329641,-0.000002773,0.000036138,0.000030402,1.000000000,0.000006817,0.000012003,-0.000019177
1789530865.554678917,-0.000000850,0.000028912,0.000019317,1.000000000,0.000006855,0.000006737,-0.000013425
1789530865.588027239,-0.000007035,0.000082840,0.000005781,1.000000000,0.000037309,0.000005965,-0.000030817
1789530865.621376991,-0.000011043,0.000056110,0.000013029,1.000000000,0.000028675,0.000009200,-0.000034080
1789530865.654726267,0.000000537,0.000043575,0.000013637,1.000000000,0.000013573,0.000003251,-0.000018294
1789530865.688074589,-0.000005763,0.000048917,0.000013474,1.000000000,0.000017521,0.000006984,-0.000021839
1789530865.721424103,-0.000002052,0.000025369,0.000029968,1.000000000,0.000007069,0.000006318,-0.000012328
1789530865.754773378,0.000000082,0.000038564,0.000016300,1.000000000,0.000013054,0.000004205,-0.000018373
1789530865.788123131,-0.000009434,0.000080207,0.000014229,1.000000000,0.000035382,0.000008288,-0.000027698
1789530865.821471453,-0.000009408,0.000098196,0.000014948,1.000000000,0.000048553,0.000007138,-0.000030848
1789530865.854820728,-0.000002542,0.000050752,0.000018873,1.000000000,0.000019247,0.000005253,-0.000024806
1789530865.888170242,-0.000002355,0.000058264,0.000013178,1.000000000,0.000021902,0.000005109,-0.000021306
1789530865.921519518,0.000003689,0.000026948,0.000022359,1.000000000,0.000008396,0.000003503,-0.000012049
1789530865.954867840,-0.000001175,0.000023550,0.000026920,1.000000000,0.000005080,0.000006994,-0.000012685
1789530865.988217592,-0.000026248,0.000135982,-0.000010030,1.000000000,0.000063021,0.000014873,-0.000034096
1789530866.021566868,-0.000003381,0.000064376,0.000021906,1.000000000,0.000027641,0.000007199,-0.000024275
1789530866.054915190,-0.000007679,0.000059168,0.000030610,1.000000000,0.000019926,0.000011600,-0.000026558
1789530866.088264704,0.000005491,0.000039957,0.000023766,1.000000000,0.000010663,0.000005633,-0.000018373
1789530866.121613979,-0.000000113,0.000022629,0.000020652,1.000000000,0.000005125,0.000005107,-0.000011619
1789530866.154963732,-0.000003393,0.000049412,0.000025535,1.000000000,0.000015072,0.000008294,-0.000025029
1789530866.188312054,0.000007196,0.000038787,0.000039619,1.000000000,0.000007273,0.000009177,-0.000015429
1789530866.221661329,0.000002704,0.000023018,0.000029066,1.000000000,-0.000000179,0.000008420,-0.000012922
1789530866.255010843,-0.000004114,0.000048607,0.000016664,1.000000000,0.000019517,0.000006934,-0.000024063
1789530866.288360357,-0.000000376,0.000072548,0.000004548,1.000000000,0.000031136,0.000000505,-0.000023060
1789530866.321708679,0.000003654,0.000023622,0.000030009,1.000000000,0.000001915,0.000007855,-0.000012357
1789530866.355058908,0.000011505,0.000033426,0.000031043,1.000000000,0.000005533,0.000005335,-0.000013572
1789530866.388408661,-0.000006000,0.000034774,0.000020137,1.000000000,0.000009195,0.000009493,-0.000021513
1789530866.421757698,-0.000006688,0.000032764,0.000038506,1.000000000,0.000006566,0.000014198,-0.000020204
1789530866.455107927,-0.000003563,0.000053789,0.000018497,1.000000000,0.000019738,0.000005790,-0.000023402
1789530866.488457680,-0.000018367,0.000086244,0.000005342,1.000000000,0.000036087,0.000013617,-0.000022960
1789530866.521807909,-0.000003330,0.000016815,0.000025274,1.000000000,-0.000000072,0.000010384,-0.000011964
1789530866.555156946,0.000006850,0.000029594,0.000028786,1.000000000,0.000004745,0.000004790,-0.000013916
1789530866.588506937,0.000007578,0.000022945,0.000017606,1.000000000,0.000003340,0.000003164,-0.000010591
1789530866.621856928,0.000005292,0.000022509,0.000024411,1.000000000,0.000002878,0.000004369,-0.000010075
1789530866.655206919,0.000001021,0.000062598,0.000019160,1.000000000,0.000023308,0.000004428,-0.000021989
1789530866.688555956,-0.000007383,0.000030964,0.000010512,1.000000000,0.000009187,0.000008471,-0.000010297
1789530866.721905947,0.000004320,0.000042360,0.000024467,1.000000000,0.000013852,0.000005569,-0.000019729
1789530866.755256176,0.000000072,0.000023106,0.000031919,1.000000000,-0.000002584,0.000012721,-0.000010494
1789530866.788604975,0.000000869,0.000046545,0.000020416,1.000000000,0.000016101,0.000005044,-0.000021580
1789530866.821954966,0.000002590,0.000020407,0.000019887,1.000000000,0.000002616,0.000005154,-0.000010151
1789530866.855305195,-0.000000480,0.000033391,0.000031040,1.000000000,0.000008837,0.000009430,-0.000014772
1789530866.888654947,0.000001057,0.000024427,0.000016714,1.000000000,0.000007682,0.000003926,-0.000012717
1789530866.922004223,0.000002740,0.000038231,0.000026029,1.000000000,0.000011353,0.000006084,-0.000018957
1789530866.955353975,0.000015223,0.000016669,0.000005449,1.000000000,0.000005180,-0.000002886,-0.000010084
1789530866.988704205,0.000169534,-0.000080141,-0.000029675,1.000000000,-0.000017280,-0.000073366,-0.000051911
1789530867.022053003,0.000020872,0.000084751,0.000002182,1.000000000,0.000046511,-0.000004447,-0.000038316
1789530867.055402994,0.000095629,0.000038437,0.000006416,1.000000000,0.000026226,-0.000038615,-0.000043457
1789530867.088753223,0.000664362,-0.000188846,0.000000517,1.000000000,-0.000073448,-0.000292913,0.000053633
1789530867.122102976,0.000694969,-0.000202298,0.000006340,0.999999940,-0.000124580,-0.000309957,0.000031419
1789530867.155452251,0.000781816,-0.000239478,0.000014084,1.000000000,-0.000135486,-0.000343509,0.000034883
1789530867.188802004,0.000970897,-0.000381739,0.000060166,0.999999940,-0.000210040,-0.000433481,0.000117583
1789530867.222151995,0.000874026,-0.000436599,0.000036493,0.999999940,-0.000210381,-0.000402300,0.000182201
1789530867.255501986,0.001157754,-0.000501243,0.000136978,0.999999523,0.000051334,-0.000570385,0.000760803
1789530867.288851023,0.001510549,-0.000269036,0.000090412,0.999998391,0.000816305,-0.000756064,0.001402690
1789530867.322201014,0.001613306,-0.000275029,0.000088599,0.999998331,0.000808920,-0.000817027,0.001443724
1789530867.355552912,0.001174314,-0.000470675,0.000163185,0.999999583,0.000028307,-0.000579411,0.000779314
1789530867.388904095,0.001600220,-0.000319399,0.000140291,0.999998450,0.000656428,-0.000814902,0.001446422
1789530867.422255993,0.001671950,-0.000289737,0.000147432,0.999998450,0.000600834,-0.000854943,0.001416491
1789530867.455608130,0.001383970,-0.000337919,0.000153074,0.999999285,0.000220237,-0.000695208,0.000981080
1789530867.488960505,0.001672694,-0.000235489,0.000123251,0.999998331,0.000753098,-0.000862419,0.001449583
1789530867.522311449,0.001560255,-0.000265071,0.000160192,0.999998569,0.000604472,-0.000799682,0.001406042
1789530867.555663586,0.001400027,-0.000360030,0.000218247,0.999999225,0.000268139,-0.000709703,0.001048284
1789530867.589015961,0.000871352,-0.000209918,0.000101329,0.999999940,-0.000042555,-0.000427792,0.000248528
1789530867.622367859,0.001293588,-0.000247430,0.000161916,0.999999285,0.000362589,-0.000663952,0.000992550
1789530867.655719280,0.001308767,-0.000209507,0.000158132,0.999999285,0.000335524,-0.000671335,0.000985104
1789530867.689071178,0.000656941,-0.000183418,0.000077453,1.000000000,-0.000058795,-0.000344656,0.000154388
1789530867.722423553,0.001169688,-0.000099871,0.000131914,0.999999583,0.000305800,-0.000608613,0.000748194
1789530867.755774975,0.000665171,-0.000119953,0.000072420,0.999999940,-0.000052139,-0.000328150,0.000093761
1789530867.789126873,0.001319204,-0.000135972,0.000122597,0.999999523,0.000284886,-0.000684466,0.000719867
1789530867.822479248,0.001103246,-0.000068893,0.000247519,0.999999404,0.000362702,-0.000585607,0.000876942
1789530867.855831623,0.000657349,-0.000061124,0.000029188,0.999999940,-0.000027420,-0.000317876,0.000069834
1789530867.889182806,0.001031085,-0.000431967,0.000267052,0.999999583,0.000145798,-0.000532055,0.000770545
1789530867.922535181,0.000657654,-0.000268573,0.000056503,0.999999940,-0.000146528,-0.000303780,0.000079391
1789530867.955887556,0.000600849,-0.000199417,0.000024041,1.000000000,-0.000115876,-0.000277387,0.000043793
1789530867.989239693,0.000529740,-0.000259847,0.000060547,1.000000000,-0.000124879,-0.000243083,0.000078884
1789530868.022591352,0.000532973,-0.000216860,0.000027014,1.000000000,-0.000136314,-0.000246254,0.000036246
1789530868.055943489,0.000553774,-0.000171556,0.000019285,1.000000000,-0.000111536,-0.000250462,0.000024581
1789530868.089295864,0.000509279,-0.000192457,0.000026128,1.000000000,-0.000108045,-0.000237481,0.000015830
1789530868.122647524,0.000401957,-0.000150958,0.000361154,0.999998987,-0.000093777,0.001413986,0.000317423
1789530868.155999660,-0.000829190,-0.000777725,0.000173611,0.999954700,-0.000185905,0.008482766,0.004324401
1789530868.189352274,-0.002509570,-0.000403448,-0.000462326,0.999901235,0.001012822,0.012992267,0.005271803
1789530868.222704649,-0.005207850,-0.000498620,-0.000430142,0.999878049,0.000094076,0.014586994,0.005583261
1789530868.256056070,-0.008325154,-0.000557876,-0.000218218,0.999814808,-0.000204042,0.018053057,0.006665361
1789530868.289408684,-0.012083858,-0.000413185,-0.000089657,0.999786377,-0.000014459,0.019451791,0.006985358
1789530868.322761059,-0.015662896,-0.000766531,-0.000111948,0.999818265,0.000144757,0.017624410,0.007262717
1789530868.356111288,-0.021904580,0.000004009,0.001011276,0.999852896,0.000999899,0.015926382,0.006292995
1789530868.389462709,-0.027855936,-0.000408609,0.001338656,0.999890029,0.000409377,0.013860429,0.005277929
1789530868.422813892,-0.034020796,-0.000871451,0.001987849,0.999925315,0.000620245,0.011381611,0.004426275
1789530868.456165075,-0.041397352,-0.002433828,0.002369431,0.999949276,-0.000295442,0.009500090,0.003351601
1789530868.489515305,-0.048927061,-0.001175364,0.004780587,0.999960601,0.000153524,0.008428928,0.002809018
1789530868.522866726,-0.055133790,-0.001530609,0.006307934,0.999966323,0.000427120,0.007749309,0.002696136
1789530868.556217909,-0.061918367,-0.001804965,0.007522113,0.999977469,0.000632304,0.006243138,0.002400313
1789530868.589569092,-0.069023773,-0.000619358,0.010019409,0.999979377,0.001097283,0.006077022,0.001782933
1789530868.622919321,-0.075712711,-0.000683130,0.011074654,0.999962389,0.001167228,0.008279968,0.002304467
1789530868.656270742,-0.081324682,-0.001535442,0.011486360,0.999939382,0.001187825,0.010278467,0.003783318
1789530868.689622164,-0.086954169,-0.002054126,0.011769995,0.999924719,0.001223634,0.011151369,0.004971071
1789530868.722972155,-0.094049580,-0.002240241,0.012913249,0.999931216,0.001198785,0.010723392,0.004608128
1789530868.756323576,-0.100175522,-0.002399399,0.014637144,0.999944568,0.001286838,0.009677278,0.003949508
1789530868.789674759,-0.106037214,-0.003167343,0.014763549,0.999953806,0.001237666,0.008405507,0.004496828
1789530868.823026180,-0.112611681,-0.003431168,0.015665039,0.999952376,0.001232676,0.008823741,0.003991575
1789530868.856376410,-0.120582901,-0.003949674,0.016623817,0.999940097,0.001088505,0.010016032,0.004274987
1789530868.889727592,-0.128303185,-0.004724010,0.018145163,0.999926031,0.000861812,0.010832663,0.005469170
1789530868.923078775,-0.135192171,-0.005316820,0.019506745,0.999921679,0.000543962,0.011415277,0.005110483
1789530868.956430197,-0.141614348,-0.005754165,0.020940198,0.999940157,-0.000283193,0.010117844,0.004150732
1789530868.989780426,-0.150811687,-0.006218679,0.022029577,0.999944031,-0.000577353,0.009511959,0.004611404
1789530869.023131847,-0.157514229,-0.007075495,0.022563858,0.999920309,-0.000518986,0.011567740,0.005044299
1789530869.056483269,-0.164196372,-0.007497023,0.023615396,0.999889612,-0.000679752,0.013669847,0.005788244
1789530869.089833260,-0.168779805,-0.007923158,0.024745470,0.999881506,-0.000572617,0.014141625,0.006058043
1789530869.123184681,-0.175575227,-0.008755234,0.025523080,0.999856293,-0.000902983,0.015610742,0.006558444
1789530869.156535864,-0.181006029,-0.008408630,0.027341414,0.999809384,-0.000644355,0.017921666,0.007720795
1789530869.189887285,-0.185117573,-0.008736674,0.028123818,0.999787211,-0.000212756,0.018888103,0.008293561
1789530869.223237514,-0.188972265,-0.009230543,0.028625697,0.999751270,-0.000322026,0.020423649,0.008957842
1789530869.256588936,-0.196333975,-0.009144122,0.030346628,0.999714971,0.000026285,0.021816956,0.009696361
1789530869.289940119,-0.201345116,-0.009412673,0.030690691,0.999701679,0.000487849,0.022467675,0.009575288
1789530869.323291540,-0.207309350,-0.010043249,0.031671111,0.999693990,0.000565361,0.022690862,0.009832483
1789530869.356642246,-0.212581560,-0.011101235,0.032618061,0.999696970,-0.000154184,0.022324486,0.010376718
1789530869.389994144,-0.220568255,-0.011640537,0.033987917,0.999716759,-0.000675663,0.021928908,0.009227793
1789530869.423346043,-0.229248300,-0.012762119,0.034646634,0.999746561,-0.000544387,0.020754898,0.008708362
1789530869.456696749,-0.238441467,-0.013384070,0.035991326,0.999795914,-0.001002362,0.018331280,0.008441241
1789530869.490048885,-0.243359149,-0.013435877,0.037299879,0.999840319,-0.001546688,0.016427986,0.006864359
1789530869.523400545,-0.250268966,-0.014003967,0.037882041,0.999873877,-0.000709493,0.014358996,0.006756627
1789530869.556752682,-0.254989177,-0.013048809,0.039493822,0.999922514,-0.000413634,0.011294278,0.005228444
1789530869.590103626,-0.266012818,-0.013679937,0.040363494,0.999933898,-0.000631444,0.010378903,0.004917544
1789530869.623455524,-0.272311151,-0.014398741,0.040467758,0.999946952,-0.000580107,0.009241612,0.004513607
1789530869.656807661,-0.275022238,-0.013866049,0.039329868,0.999945998,-0.000504039,0.009913523,0.003094417
1789530869.690158606,-0.280806094,-0.014525331,0.039322857,0.999965668,-0.000854173,0.007847057,0.002525652
1789530869.723510742,-0.286456704,-0.014658692,0.039529782,0.999955475,-0.000972887,0.009045237,0.002516887
1789530869.756862879,-0.290301591,-0.014468914,0.039168492,0.999930322,-0.000828038,0.011278705,0.003410737
1789530869.790214777,-0.293227911,-0.014221657,0.038992997,0.999876618,-0.000636713,0.014979289,0.004688124
1789530869.823565960,-0.297358215,-0.014371639,0.038782697,0.999813735,-0.000687164,0.018319605,0.006028551
1789530869.856918097,-0.300596029,-0.014071558,0.038501717,0.999798954,-0.000683364,0.019041063,0.006244433
1789530869.890270233,-0.304682881,-0.013898621,0.038855720,0.999798059,-0.000574136,0.019134140,0.006122095
1789530869.923622608,-0.308665931,-0.014117157,0.039290976,0.999801755,-0.000522144,0.018921444,0.006178382
1789530869.956973553,-0.311801940,-0.013794790,0.039694805,0.999810517,-0.000623856,0.018482938,0.006075592
1789530869.990325928,-0.315189332,-0.014224934,0.039665606,0.999807239,-0.000732389,0.018630808,0.006156240
1789530870.023678064,-0.317774534,-0.014119627,0.039966013,0.999798536,-0.000655422,0.019054301,0.006270438
1789530870.057029247,-0.320478708,-0.014133672,0.040465128,0.999785006,-0.000595136,0.019766852,0.006229400
1789530870.090381622,-0.322484702,-0.013816918,0.040845282,0.999770403,-0.000519666,0.020435071,0.006422337
1789530870.123733997,-0.323966503,-0.013800410,0.041160718,0.999743998,-0.000664708,0.021561723,0.006826555
1789530870.157086134,-0.324620783,-0.014013923,0.041121934,0.999737680,-0.000597007,0.021878354,0.006760302
1789530870.190437555,-0.324478239,-0.014100815,0.040997054,0.999733388,-0.000695011,0.021781195,0.007634734
1789530870.223789692,-0.324323803,-0.013943095,0.041206025,0.999737740,-0.000935756,0.021621779,0.007486665
1789530870.257142067,-0.324801594,-0.014428012,0.040627908,0.999740303,-0.000575209,0.021669218,0.007038441
1789530870.290494680,-0.324708939,-0.014434231,0.040655836,0.999733746,-0.000616885,0.021788603,0.007573774
1789530870.323845863,-0.324548036,-0.013967593,0.040881030,0.999740422,-0.000613146,0.021630306,0.007142464
1789530870.357196331,-0.324410349,-0.014529411,0.040437926,0.999737501,-0.000545083,0.021636559,0.007518620
1789530870.390546322,-0.324669272,-0.014448525,0.040490311,0.999734998,-0.000693981,0.021761749,0.007486784
1789530870.423895836,-0.324417830,-0.014310959,0.040569115,0.999736309,-0.000672585,0.021747164,0.007338922
1789530870.457245827,-0.324740678,-0.013954788,0.040267128,0.999734342,0.000359939,0.021820502,0.007420899
1789530870.490596294,-0.324159592,-0.014046591,0.039024379,0.999756455,0.000930926,0.020840030,0.007205643
1789530870.523946285,-0.324820369,-0.014322684,0.038757324,0.999783635,0.001031530,0.019813133,0.006259766
1789530870.557295561,-0.324048460,-0.013772601,0.039157003,0.999783039,0.000584868,0.019561514,0.007137805
1789530870.590645790,-0.324108511,-0.013831136,0.040353660,0.999776363,-0.001443544,0.019764649,0.007393657
1789530870.623996019,-0.324218303,-0.014068662,0.039572287,0.999780774,-0.000033895,0.019801551,0.006811762
1789530870.657346487,-0.324424505,-0.014252828,0.039029699,0.999781370,0.001046296,0.019843018,0.006508153
1789530870.690695524,-0.324305445,-0.013670078,0.038980581,0.999790967,0.000754490,0.019260416,0.006816781
1789530870.724045992,-0.324709892,-0.013724582,0.040022131,0.999805152,-0.000995328,0.018536637,0.006723340
1789530870.757395983,-0.324675798,-0.013977464,0.040158346,0.999808967,-0.000540788,0.018369475,0.006655686
1789530870.790745020,-0.324413657,-0.014010975,0.039346300,0.999844909,-0.000213418,0.016580408,0.005945422
1789530870.824095488,-0.324613899,-0.013232796,0.037789274,0.999892473,0.000914504,0.013808700,0.004848374
1789530870.857445717,-0.324647158,-0.013932933,0.036747057,0.999909997,0.000712334,0.012642832,0.004426505
1789530870.890795946,-0.323916048,-0.013199683,0.036780547,0.999922872,-0.000641936,0.011722175,0.004047196
1789530870.924144983,-0.322597176,-0.013304197,0.036235914,0.999924481,-0.002486398,0.011558286,0.003370484
1789530870.957495451,-0.322397947,-0.014677127,0.035518639,0.999887288,-0.005372310,0.013993957,0.000903270
1789530870.990845442,-0.322978735,-0.014899910,0.035327189,0.999820888,-0.008409815,0.016584225,-0.003530760
1789530871.024194717,-0.325776249,-0.015584254,0.035375189,0.999686241,-0.012740619,0.019155672,-0.009911775
1789530871.057544947,-0.328476429,-0.016804451,0.034669824,0.999495864,-0.015452861,0.022153825,-0.016687905
1789530871.090895176,-0.332769722,-0.018825341,0.032510795,0.999353647,-0.016260164,0.022644376,-0.022699982
1789530871.124245405,-0.337114125,-0.021030279,0.030258760,0.999275208,-0.016455431,0.020084683,-0.027836325
1789530871.157594681,-0.339869857,-0.023391610,0.027502142,0.999267042,-0.016092313,0.016004607,-0.030825563
1789530871.190944910,-0.342680722,-0.025953935,0.024287818,0.999367654,-0.015007904,0.009669894,-0.030749649
1789530871.224295139,-0.344227582,-0.029933933,0.020457983,0.999470055,-0.015257753,0.001700598,-0.028703406
1789530871.257645369,-0.344765931,-0.032600679,0.018916503,0.999517143,-0.015774468,-0.003920205,-0.026484113
1789530871.290994406,-0.345944881,-0.036290623,0.016423738,0.999571145,-0.016789572,-0.005034241,-0.023458790
1789530871.324344635,-0.345817208,-0.040129442,0.013760806,0.999642968,-0.017315036,-0.002241642,-0.020228093
1789530871.357694864,-0.346260995,-0.043781210,0.011428040,0.999681592,-0.017946089,0.001722305,-0.017652312
1789530871.391043901,-0.345546782,-0.048220702,0.010246856,0.999700248,-0.019284181,0.004543358,-0.014382282
1789530871.424394131,-0.346156061,-0.053966008,0.009086506,0.999679029,-0.021768415,0.005653786,-0.011662101
1789530871.457744122,-0.347545087,-0.060414799,0.008767381,0.999648690,-0.023873130,0.005896388,-0.009887949
1789530871.491094351,-0.348270029,-0.066158287,0.007326430,0.999662876,-0.024192756,0.004364058,-0.008351004
1789530871.524443150,-0.348334610,-0.072234072,0.005610994,0.999680698,-0.024177726,0.000687925,-0.007313476
1789530871.557793140,-0.349349529,-0.078298271,0.003947213,0.999689162,-0.023857083,-0.002123421,-0.006933145
1789530871.591143370,-0.352660120,-0.086159274,0.002988968,0.999670386,-0.024448413,-0.003532453,-0.007005884
1789530871.624493361,-0.354514629,-0.092481934,0.004103288,0.999610841,-0.026137216,-0.006082663,-0.007612414
1789530871.657842636,-0.357492507,-0.099707782,0.005344302,0.999482393,-0.030126909,-0.008264765,-0.007681665
1789530871.691192389,-0.359947473,-0.106179513,0.008079189,0.999339938,-0.033981144,-0.009623042,-0.008511343
1789530871.724542379,-0.361868471,-0.111366175,0.010665380,0.999202669,-0.037253130,-0.010759081,-0.009510994
1789530871.757891655,-0.363043129,-0.113450542,0.012372148,0.999069989,-0.039750494,-0.012460005,-0.011132184
1789530871.791241407,-0.363494694,-0.114433661,0.015493721,0.998888016,-0.042485636,-0.015439007,-0.013390386
1789530871.824591637,-0.365060598,-0.116960272,0.019351989,0.998670816,-0.046192802,-0.016492249,-0.015841519
1789530871.857941389,-0.367282927,-0.118977055,0.021553937,0.998462141,-0.049450025,-0.017509304,-0.017934611
1789530871.891290426,-0.372358501,-0.124087244,0.024662670,0.998154461,-0.054283358,-0.018216204,-0.020231100
1789530871.924640417,-0.373818249,-0.125664622,0.027292492,0.997955084,-0.056734651,-0.019276123,-0.022258485
1789530871.957990408,-0.375647366,-0.127170891,0.029807331,0.997754991,-0.058997586,-0.020538503,-0.024134537
1789530871.991340399,-0.377954036,-0.126714870,0.032830659,0.997514248,-0.061364375,-0.022745084,-0.026125431
1789530872.024689436,-0.379666030,-0.126588866,0.035805229,0.997248113,-0.064045802,-0.025006041,-0.027731419
1789530872.058039188,-0.381509155,-0.126796007,0.038652904,0.997010350,-0.067021415,-0.025401348,-0.028867776
1789530872.091389418,-0.381242126,-0.126198411,0.042148028,0.996771574,-0.070269465,-0.026154181,-0.028718421
1789530872.124738216,-0.379001468,-0.123516373,0.045372389,0.996564925,-0.072964385,-0.027065078,-0.028321106
1789530872.158088207,-0.379824668,-0.123831324,0.049121395,0.996335566,-0.075993001,-0.027649103,-0.027858857
1789530872.191438198,-0.379941314,-0.123518057,0.053956907,0.996113420,-0.078245312,-0.029739412,-0.027413640
1789530872.224788189,-0.382306755,-0.125766501,0.059679013,0.995716274,-0.082760170,-0.031043731,-0.027131127
1789530872.258136988,-0.383719653,-0.125793368,0.064678952,0.995285571,-0.086813532,-0.033082221,-0.027850026
1789530872.291486740,-0.385165006,-0.125330076,0.068209969,0.994921148,-0.090383105,-0.033469833,-0.029026436
1789530872.324836731,-0.386247009,-0.123813666,0.074594162,0.994598746,-0.093905866,-0.032891072,-0.029552273
1789530872.358188152,-0.385936707,-0.121802665,0.080325365,0.994118035,-0.098159678,-0.035509251,-0.028865926
1789530872.391540527,-0.386395544,-0.119101934,0.087116569,0.993639410,-0.102053232,-0.037566312,-0.029236848
1789530872.424893141,-0.387154430,-0.117181957,0.092892803,0.993121386,-0.106070697,-0.039733216,-0.029669879
1789530872.458245516,-0.389728248,-0.117850251,0.097043499,0.992370903,-0.111216426,-0.042967983,-0.031380184
1789530872.491596937,-0.391499758,-0.113053814,0.100240625,0.991806567,-0.114203110,-0.045412254,-0.034858022
1789530872.524949551,-0.393929005,-0.111803934,0.106034443,0.990978241,-0.120186046,-0.046140164,-0.037263028
1789530872.558301926,-0.397688359,-0.111444861,0.111698538,0.990235746,-0.125911891,-0.045766540,-0.038532678
1789530872.591654539,-0.398949087,-0.109461665,0.114806198,0.989470005,-0.131103069,-0.047323443,-0.039009333
1789530872.625006199,-0.399958342,-0.106512070,0.118936911,0.988637388,-0.135832280,-0.049993772,-0.040576197
1789530872.658358574,-0.405318588,-0.107021235,0.123803280,0.987554729,-0.142460823,-0.051280998,-0.042555649
1789530872.691711426,-0.408311188,-0.106840804,0.130641550,0.986387610,-0.148482680,-0.055255890,-0.044037431
1789530872.725063086,-0.412745088,-0.112451069,0.134816080,0.984631002,-0.159223750,-0.056405123,-0.044363417
1789530872.758415461,-0.413672268,-0.110440172,0.139316604,0.983513594,-0.164422557,-0.059564438,-0.046026226
1789530872.791768312,-0.416837543,-0.108204089,0.142658025,0.982342243,-0.169806212,-0.062575147,-0.047476031
1789530872.825121164,-0.418953151,-0.105373636,0.145727962,0.981151521,-0.174198478,-0.067856021,-0.048910301
1789530872.858472586,-0.420204133,-0.102841333,0.148629814,0.980089009,-0.178248882,-0.072009571,-0.049673788
1789530872.891825438,-0.421906143,-0.098613314,0.151477635,0.979174316,-0.182131022,-0.074304052,-0.050249118
1789530872.925178289,-0.421779066,-0.095016778,0.154185072,0.978175402,-0.186391369,-0.076273367,-0.051123399
1789530872.958530903,-0.421242803,-0.092808016,0.156265631,0.977123559,-0.191197380,-0.077575020,-0.051529765
1789530872.991882801,-0.421323627,-0.089390002,0.159083918,0.976074040,-0.195946962,-0.078534812,-0.052120451
1789530873.025235653,-0.422007233,-0.086406849,0.162261233,0.975079060,-0.200764969,-0.078206047,-0.052896492
1789530873.058588266,-0.422497690,-0.085841715,0.163812608,0.974152386,-0.205239221,-0.077651307,-0.053612620
1789530873.091940403,-0.423505574,-0.083782755,0.165180027,0.973531067,-0.207811430,-0.078138158,-0.054279108
1789530873.125293255,-0.424725980,-0.081373230,0.166506901,0.972929597,-0.210074142,-0.078809291,-0.055372033
1789530873.158646345,-0.425880760,-0.079013236,0.167500108,0.972243488,-0.212506652,-0.079526290,-0.057088297
1789530873.191998959,-0.426731884,-0.076864980,0.169103548,0.971514940,-0.215136185,-0.080433734,-0.058357202
1789530873.225351095,-0.428059816,-0.075298540,0.170549229,0.970641315,-0.218470275,-0.081032529,-0.059664983
1789530873.258704185,-0.429199934,-0.074177600,0.171326950,0.969885170,-0.221495464,-0.081024058,-0.060808700
1789530873.292057037,-0.430509895,-0.072306678,0.172065243,0.969319880,-0.223765180,-0.081642888,-0.060683992
1789530873.325410128,-0.431754827,-0.071747459,0.173341677,0.968513608,-0.226821974,-0.082996316,-0.060372762
1789530873.358760834,-0.432994306,-0.069853544,0.174247503,0.968197763,-0.228037551,-0.082611963,-0.061378989
1789530873.392112494,-0.434166610,-0.068162918,0.175077602,0.968054175,-0.228856727,-0.081790902,-0.061692160
1789530873.425464153,-0.434212983,-0.067271158,0.176560700,0.967517495,-0.230909765,-0.082500696,-0.061515495
1789530873.458814859,-0.435088605,-0.064877070,0.178230181,0.967203498,-0.232264996,-0.081843585,-0.062224586
1789530873.492166758,-0.435035825,-0.064298518,0.179334998,0.966778815,-0.234149531,-0.081963949,-0.061601091
1789530873.525518656,-0.435344607,-0.063908473,0.180994064,0.966431439,-0.235698730,-0.081573702,-0.061661873
1789530873.558870077,-0.435496956,-0.062761612,0.183123738,0.966082215,-0.237249315,-0.081108794,-0.061800461
1789530873.592221022,-0.435247302,-0.061302766,0.185452595,0.965734601,-0.238712370,-0.081083633,-0.061632544
1789530873.625572681,-0.435464263,-0.060180146,0.188264266,0.965317249,-0.240793124,-0.079785973,-0.061770618
1789530873.658924580,-0.435273588,-0.060064882,0.190250143,0.964869559,-0.243028983,-0.078291409,-0.061920222
1789530873.692275286,-0.434568018,-0.057497013,0.193388477,0.964568138,-0.244331554,-0.077977628,-0.061886568
1789530873.725627184,-0.434632331,-0.055184357,0.195884869,0.964121461,-0.246233836,-0.076893158,-0.062659264
1789530873.758979082,-0.433463722,-0.054042157,0.198551714,0.963592529,-0.248819202,-0.074974999,-0.062906511
1789530873.792330742,-0.433503866,-0.050871886,0.201674998,0.963128150,-0.250826985,-0.073527679,-0.063747346
1789530873.825681686,-0.432596177,-0.048944421,0.205274627,0.962405384,-0.253887951,-0.073027007,-0.063118324
1789530873.859033346,-0.432090580,-0.046733785,0.208481282,0.961614966,-0.257047772,-0.072776966,-0.062662341
1789530873.892385244,-0.430468410,-0.047096930,0.209533527,0.961846054,-0.255899787,-0.075622104,-0.060405359
1789530873.925737143,-0.429164112,-0.047576051,0.209264427,0.962862790,-0.252803952,-0.074131869,-0.059076041
1789530873.959087849,-0.427931517,-0.047540076,0.210440621,0.962670326,-0.254112095,-0.073448621,-0.057430483
1789530873.992439985,-0.425505340,-0.048216112,0.212138861,0.961824715,-0.257041693,-0.076912731,-0.053919759
1789530874.025791645,-0.423867524,-0.048809923,0.212569878,0.962174058,-0.255868077,-0.078585915,-0.050763823
1789530874.059142590,-0.423259526,-0.048425056,0.212748542,0.962387502,-0.255470425,-0.077602290,-0.050229665
1789530874.092494488,-0.423240036,-0.049053915,0.212548032,0.962192774,-0.256449372,-0.076790832,-0.050219823
1789530874.125846386,-0.423555702,-0.048543971,0.212525874,0.962452352,-0.255399972,-0.076581389,-0.050907969
1789530874.159198284,-0.424288154,-0.048734333,0.212069616,0.962635338,-0.254775226,-0.075889632,-0.051610298
1789530874.192549229,-0.424914807,-0.048976991,0.212343708,0.962607265,-0.254849523,-0.075725339,-0.052006640
1789530874.225901127,-0.425588399,-0.048871849,0.212247938,0.962677479,-0.254605204,-0.075212628,-0.052643776
1789530874.259253263,-0.425909281,-0.048148230,0.212158769,0.962943137,-0.253590196,-0.074643098,-0.053488195
1789530874.292604923,-0.425409347,-0.049174275,0.211594403,0.962746441,-0.254238874,-0.075178206,-0.053198636
1789530874.325955868,-0.425170481,-0.048681557,0.211586177,0.962761104,-0.254082859,-0.075313404,-0.053486843
1789530874.359306335,-0.424489349,-0.048483040,0.211211696,0.962842524,-0.253734082,-0.075424530,-0.053520966
1789530874.392656803,-0.425314844,-0.048085634,0.210616693,0.962886631,-0.253583699,-0.074509144,-0.054708958
1789530874.426006079,-0.424635857,-0.049022812,0.209699154,0.962731183,-0.254247129,-0.074602604,-0.054235622
1789530874.459356546,-0.425258487,-0.047918499,0.209236249,0.962662756,-0.254573107,-0.073426783,-0.055510480
1789530874.492706776,-0.425031453,-0.047702208,0.207773373,0.962534547,-0.255144328,-0.072252721,-0.056640450
1789530874.526057243,-0.424642146,-0.047485404,0.205184445,0.962613523,-0.254823059,-0.071141422,-0.058132261
1789530874.559406519,-0.422966719,-0.047370046,0.202844501,0.962913215,-0.254079372,-0.069930106,-0.057892662
1789530874.592756748,-0.420996875,-0.049106825,0.199923828,0.963115454,-0.253971905,-0.069483496,-0.055488683
1789530874.626107216,-0.418526947,-0.049953606,0.197004810,0.963555217,-0.252667427,-0.070037186,-0.053059623
1789530874.659457445,-0.415359735,-0.052450724,0.193177179,0.964029312,-0.251330346,-0.070006706,-0.050789796
1789530874.692806959,-0.412375540,-0.051954154,0.186897069,0.965259790,-0.246936083,-0.069144316,-0.050151628
1789530874.726157188,-0.409559309,-0.053754926,0.181725517,0.965987206,-0.244938582,-0.066061199,-0.050098743
1789530874.759507656,-0.405430198,-0.056223143,0.175562099,0.966693103,-0.243052259,-0.062809296,-0.049851347
1789530874.792856932,-0.401366681,-0.057194930,0.169198617,0.967646062,-0.240035892,-0.059980169,-0.049461309
1789530874.826207161,-0.396783501,-0.058255352,0.163030848,0.968217015,-0.238170788,-0.059104037,-0.048344616
1789530874.859557629,-0.391850293,-0.058000889,0.157287732,0.968741775,-0.235864282,-0.060086604,-0.047926743
1789530874.892907858,-0.388478130,-0.058443274,0.152113765,0.969042122,-0.234834552,-0.059350472,-0.047829349
1789530874.926257372,-0.385609210,-0.058670051,0.146942675,0.969332874,-0.233977884,-0.057899535,-0.047914408
1789530874.959607601,-0.381990045,-0.058483738,0.141215861,0.969722688,-0.232730046,-0.055962771,-0.048402544
1789530874.992958069,-0.378611773,-0.058775079,0.135939896,0.969976127,-0.232256025,-0.053373270,-0.048525456
1789530875.026307344,-0.375698984,-0.057002127,0.130340502,0.970501661,-0.230481565,-0.050918415,-0.049112178
1789530875.059657812,-0.372160167,-0.056081548,0.125303224,0.970844686,-0.229615375,-0.048618004,-0.048720047
1789530875.093008041,-0.368043005,-0.055837490,0.119938836,0.971195579,-0.228936777,-0.045990810,-0.047455605
1789530875.126358509,-0.364106506,-0.055229757,0.113898352,0.971493840,-0.228263184,-0.043940634,-0.046529718
1789530875.159707785,-0.359778047,-0.053915896,0.108014308,0.971898496,-0.227020323,-0.041690081,-0.046227936
1789530875.193058014,-0.355315536,-0.052443501,0.101943024,0.972215295,-0.226070657,-0.039344918,-0.046277326
1789530875.226408482,-0.351902544,-0.051246259,0.096954606,0.972575247,-0.225096464,-0.036719598,-0.045615766
1789530875.259758711,-0.347531050,-0.050535135,0.092343606,0.972769797,-0.224779978,-0.034482263,-0.044763777
1789530875.293108225,-0.343108237,-0.050203886,0.087862901,0.972853363,-0.224787906,-0.032628354,-0.044295304
1789530875.326458454,-0.338603199,-0.049122401,0.083380520,0.973155379,-0.223670840,-0.030952379,-0.044519231
1789530875.359816074,-0.335313827,-0.048653003,0.080037624,0.973433375,-0.222797140,-0.029067965,-0.044091057
1789530875.393172979,-0.331463605,-0.048906177,0.076263107,0.973662138,-0.222152621,-0.027538547,-0.043267436
1789530875.426530838,-0.328156501,-0.048618212,0.073329426,0.973834276,-0.221677005,-0.025375357,-0.043154392
1789530875.459888697,-0.323931247,-0.048199177,0.070078596,0.973992288,-0.221315846,-0.022760659,-0.042899381
1789530875.493246555,-0.319870830,-0.047570143,0.068100236,0.974037170,-0.221612349,-0.020197986,-0.041611850
1789530875.526603699,-0.314623624,-0.046878878,0.066189490,0.974040508,-0.221818164,-0.019369485,-0.040826548
1789530875.559961557,-0.310022861,-0.046586443,0.064112864,0.974121392,-0.221750140,-0.017342566,-0.040170383
1789530875.593319893,-0.306371689,-0.046019167,0.062422264,0.974368274,-0.221074000,-0.014836904,-0.038892619
1789530875.626677990,-0.302830637,-0.046624515,0.060575932,0.974591732,-0.220358208,-0.013009370,-0.038001359
1789530875.660035133,-0.298840493,-0.047600534,0.058805168,0.974649012,-0.220310465,-0.011265299,-0.037358362
1789530875.693393230,-0.294456422,-0.048920400,0.057790894,0.974542737,-0.220996037,-0.009316318,-0.036612704
1789530875.726751804,-0.290383697,-0.049748708,0.057018664,0.974718750,-0.220257834,-0.008360053,-0.036605749
1789530875.760108948,-0.288260311,-0.051460978,0.055919219,0.974967897,-0.219210029,-0.007343478,-0.036480308
1789530875.793467283,-0.286560655,-0.053316772,0.055925168,0.975180984,-0.218407705,-0.006130605,-0.035813931
1789530875.826825857,-0.283740103,-0.055828422,0.056125641,0.975250363,-0.218120068,-0.005423270,-0.035790954
1789530875.860184431,-0.281200439,-0.059137885,0.056216504,0.975209117,-0.218354076,-0.004192333,-0.035653349
1789530875.893541813,-0.279556930,-0.062087890,0.057096805,0.975184858,-0.218488738,-0.002896575,-0.035621423
1789530875.926900387,-0.276516616,-0.064947225,0.059059527,0.975178897,-0.218447268,-0.000326626,-0.036149699
1789530875.960258961,-0.272013575,-0.068246014,0.060594101,0.975291729,-0.217965499,0.003652733,-0.035832308
1789530875.993617773,-0.268834680,-0.072251722,0.061862752,0.975558579,-0.216890380,0.006527761,-0.034663972
1789530876.026975393,-0.264911383,-0.076221593,0.062878527,0.975900769,-0.215527877,0.008095804,-0.033164583
1789530876.060334206,-0.259908229,-0.080562241,0.064292528,0.976170421,-0.214588091,0.008591185,-0.031137129
1789530876.093692780,-0.256676644,-0.085988283,0.065580569,0.976275504,-0.214420632,0.010143731,-0.028411100
1789530876.127050877,-0.253376156,-0.089183055,0.068234570,0.976554692,-0.213305891,0.011170272,-0.026774289
1789530876.160409689,-0.250308812,-0.093744196,0.070084758,0.976538360,-0.213522270,0.012247745,-0.025120078
1789530876.193768740,-0.246622384,-0.096940674,0.073521227,0.976527572,-0.213734239,0.012186346,-0.023728663
1789530876.227127790,-0.242873088,-0.100213237,0.077770866,0.976404011,-0.214428112,0.012925197,-0.022110131
1789530876.260485888,-0.239748731,-0.102993533,0.081818350,0.976493895,-0.214089066,0.013817621,-0.020847846
1789530876.293844938,-0.235867396,-0.105968453,0.087168679,0.976471782,-0.214508355,0.012581130,-0.018188780
1789530876.327203989,-0.233849660,-0.108545803,0.092349790,0.976235807,-0.215746462,0.012636902,-0.016043665
1789530876.360553503,-0.230475068,-0.111563221,0.097608969,0.975830317,-0.217627183,0.012724081,-0.015224854
1789530876.393903971,-0.229217455,-0.113198556,0.102393843,0.975790679,-0.217670113,0.014729915,-0.015344705
1789530876.427254677,-0.227362141,-0.116677769,0.107367910,0.975531876,-0.218809053,0.015091334,-0.015250861
1789530876.460604906,-0.224760115,-0.118735850,0.112446286,0.975322902,-0.219741419,0.014981297,-0.015311976
1789530876.493954659,-0.222554713,-0.119780950,0.117981657,0.975257576,-0.219916314,0.016172513,-0.015749492
1789530876.527304888,-0.223116249,-0.120755963,0.121741220,0.975349426,-0.219159499,0.019697312,-0.016571958
1789530876.560655594,-0.223029822,-0.123441324,0.125522152,0.975040078,-0.220207587,0.022304349,-0.017551089
1789530876.594006062,-0.221088827,-0.125167608,0.130469352,0.974749506,-0.221344501,0.024247728,-0.016794199
1789530876.627355576,-0.218342111,-0.128981307,0.134967268,0.974290609,-0.223370090,0.025067465,-0.015341370
1789530876.660706043,-0.215902939,-0.130569398,0.139297470,0.974437892,-0.222841784,0.025407119,-0.012920969
1789530876.694056511,-0.213087425,-0.133122519,0.143735081,0.974355817,-0.223342821,0.025224624,-0.010602187
1789530876.727406025,-0.209143400,-0.137613803,0.147443697,0.973846614,-0.225742504,0.024202650,-0.008797679
1789530876.760756254,-0.206432998,-0.138337478,0.150884435,0.974114478,-0.224485755,0.025636066,-0.007073001
1789530876.794106960,-0.202844545,-0.142007455,0.155087635,0.973804593,-0.225840390,0.025942359,-0.005265945
1789530876.827457190,-0.200355738,-0.143138215,0.159262791,0.973787665,-0.225859910,0.026563872,-0.004405210
1789530876.860806942,-0.199650586,-0.142813697,0.162861258,0.973997474,-0.224714532,0.028448766,-0.004798654
1789530876.894157171,-0.195989773,-0.146107897,0.167274624,0.973476529,-0.226849556,0.029211679,-0.005417465
1789530876.927507877,-0.194638535,-0.147175908,0.171870470,0.973307788,-0.227193028,0.032154497,-0.004628375
1789530876.960858107,-0.193883330,-0.147023901,0.176206157,0.973335683,-0.226776749,0.034247212,-0.004144556
1789530876.994207621,-0.187597081,-0.151558369,0.183625057,0.972314656,-0.231511682,0.031522449,-0.003612068
1789530877.027558088,-0.185557127,-0.150921121,0.188037306,0.972039640,-0.232467562,0.032824077,-0.004526037
1789530877.060908556,-0.181122676,-0.155781195,0.194456354,0.970769346,-0.237545595,0.033887032,-0.005530104
1789530877.094257832,-0.181173921,-0.153989613,0.198746935,0.970735192,-0.237052441,0.038104936,-0.005242535
1789530877.127608299,-0.177327514,-0.155385464,0.205051392,0.970065653,-0.239889503,0.037395187,-0.005217384
1789530877.160958767,-0.172662124,-0.148677349,0.209776193,0.971315742,-0.234961495,0.036281057,-0.004749985
1789530877.194308996,-0.170226708,-0.148701265,0.213568583,0.971485436,-0.233961120,0.038187273,-0.004482358
1789530877.227658749,-0.165579319,-0.150358349,0.219188839,0.971217453,-0.235232860,0.037387539,-0.002089438
1789530877.261008978,-0.161709979,-0.151092350,0.224126086,0.971031010,-0.236012906,0.037369668,-0.000556005
1789530877.294359446,-0.157494992,-0.151191086,0.228771612,0.970897496,-0.236420766,0.038248643,0.000577695
1789530877.327709913,-0.154012054,-0.150788695,0.233492926,0.970588148,-0.237376809,0.040066615,0.002388163
1789530877.361061335,-0.150193736,-0.150620714,0.237675011,0.970211327,-0.238752574,0.040921677,0.003554981
1789530877.394413471,-0.146724015,-0.149590343,0.242292598,0.969912946,-0.239715010,0.042280015,0.004260597
1789530877.427766085,-0.142800272,-0.148819223,0.246442363,0.969561577,-0.240828708,0.043817133,0.005650969
1789530877.461117506,-0.138533205,-0.148139715,0.250740707,0.969230413,-0.241889551,0.045037802,0.007320004
1789530877.494469881,-0.134559840,-0.146515489,0.255301923,0.968910515,-0.243098289,0.045095414,0.009065821
1789530877.527822256,-0.130419090,-0.144384995,0.259721935,0.968579471,-0.244420931,0.044927761,0.009684435
1789530877.561174870,-0.126351416,-0.142844737,0.263963908,0.967919469,-0.246732906,0.046513766,0.009554476
1789530877.594526291,-0.123060666,-0.140910968,0.269242048,0.967274368,-0.248610839,0.049947504,0.008842466
1789530877.627878666,-0.119527094,-0.139790609,0.273306906,0.966659486,-0.250871211,0.050689280,0.007989039
1789530877.661231279,-0.116373427,-0.137877643,0.277554005,0.966122031,-0.252726972,0.051690616,0.008094726
1789530877.694582701,-0.113651216,-0.136633873,0.281793654,0.965595365,-0.254274577,0.053781021,0.008805271
1789530877.727935076,-0.110165574,-0.135073513,0.285514623,0.965290904,-0.255278707,0.054444250,0.009057638
1789530877.761287689,-0.106461905,-0.132731900,0.288419902,0.964900672,-0.256687284,0.054715578,0.009203136
1789530877.794640064,-0.104140453,-0.129703000,0.291179448,0.964329243,-0.258214742,0.057556652,0.009030726
1789530877.827991724,-0.101112686,-0.127234563,0.294558018,0.963333786,-0.261112571,0.061069347,0.008881513
1789530877.861344337,-0.097836286,-0.124778159,0.297206610,0.962323010,-0.263929337,0.064683095,0.009591115
1789530877.894696712,-0.095068626,-0.123251230,0.299685925,0.961648762,-0.266296357,0.064897902,0.010303277
1789530877.928049326,-0.093546994,-0.121367604,0.302404493,0.961591959,-0.266786784,0.063734308,0.010189982
1789530877.961400986,-0.091992863,-0.120758161,0.304070562,0.961473048,-0.267230302,0.063765131,0.009565983
1789530877.994753361,-0.090127796,-0.120480634,0.306616932,0.961048126,-0.268396378,0.065302923,0.009243422
1789530878.028105974,-0.089643575,-0.119868830,0.309477806,0.960454285,-0.270221621,0.066552453,0.008874152
1789530878.061457634,-0.087097414,-0.118775524,0.311677665,0.960077405,-0.271791101,0.065460660,0.009795589
1789530878.094810009,-0.085869640,-0.117552966,0.314408958,0.959754646,-0.272868603,0.065609954,0.010446477
1789530878.128162622,-0.085334376,-0.115317442,0.316731006,0.959763825,-0.272702873,0.066130266,0.010651793
1789530878.161515236,-0.084380917,-0.114325143,0.319200724,0.959163249,-0.274956793,0.065515369,0.010600987
1789530878.194866657,-0.084034562,-0.113231383,0.321992934,0.958444178,-0.277256966,0.066414274,0.010127224
1789530878.228219509,-0.083387904,-0.110343389,0.324067801,0.958222210,-0.277791947,0.067535296,0.008989736
1789530878.261572123,-0.083655640,-0.108606271,0.327066660,0.957366943,-0.280445725,0.068786606,0.008188572
1789530878.294924498,-0.082884990,-0.106404185,0.329940736,0.956867576,-0.282276541,0.068342447,0.007334234
1789530878.328276396,-0.082306646,-0.104024783,0.332427770,0.956202567,-0.284427583,0.068875931,0.005817284
1789530878.361630678,-0.081549108,-0.102469839,0.336084574,0.955007434,-0.288381040,0.069068931,0.005162282
1789530878.394984961,-0.081974782,-0.100308798,0.338784039,0.954329848,-0.290587157,0.069161162,0.005526252
1789530878.428337812,-0.081729576,-0.098075569,0.341163784,0.954117060,-0.291393369,0.068671994,0.005901645
1789530878.461692333,-0.081899032,-0.096146360,0.343547553,0.953892291,-0.291825533,0.069965065,0.005690484
1789530878.495046616,-0.081416070,-0.095881917,0.345483631,0.953334332,-0.293497741,0.070609413,0.005202451
1789530878.528400898,-0.080341585,-0.093921445,0.347674549,0.953226149,-0.293724120,0.071165696,0.004650540
1789530878.561754227,-0.079767324,-0.092906006,0.350353003,0.952612281,-0.295465380,0.072203860,0.004096362
1789530878.595108747,-0.079113029,-0.091950536,0.353147656,0.951739430,-0.297999799,0.073287182,0.004141387
1789530878.628462791,-0.077657558,-0.090186395,0.354827404,0.951723993,-0.298112690,0.072979741,0.004927751
1789530878.661817312,-0.076488063,-0.089241169,0.357380182,0.951229274,-0.299601108,0.073138855,0.007267452
1789530878.695170879,-0.075599812,-0.087928772,0.359091133,0.951018333,-0.300357133,0.072721839,0.007831544
1789530878.728525400,-0.074148759,-0.086462878,0.361055195,0.950737357,-0.301117659,0.073154405,0.008668778
1789530878.761879921,-0.073075786,-0.085287094,0.362920344,0.950336456,-0.302132130,0.074040137,0.009742662
1789530878.795233250,-0.072354145,-0.084250674,0.364932090,0.949566364,-0.304682821,0.073430188,0.010008015
1789530878.828588009,-0.071448199,-0.084234610,0.365643412,0.949668407,-0.304871798,0.071160294,0.010926044
1789530878.861942291,-0.071424946,-0.084284052,0.365367383,0.950309753,-0.302162319,0.074078768,0.011030814
1789530878.895296812,-0.071248420,-0.084940188,0.366008699,0.950121522,-0.302413046,0.075498216,0.010748925
1789530878.928650379,-0.070896722,-0.084863208,0.366548717,0.949909449,-0.303315848,0.074477553,0.011166317
1789530878.962005138,-0.070927493,-0.084284641,0.366956800,0.949779034,-0.303712428,0.074405134,0.011938370
1789530878.995359898,-0.070528328,-0.084450491,0.367667347,0.949185014,-0.305600047,0.074102089,0.012860816
1789530879.028713465,-0.070397817,-0.084398888,0.367678761,0.949145019,-0.305664182,0.074238785,0.013483124
1789530879.062068224,-0.070560791,-0.084338769,0.367464662,0.949167430,-0.305550724,0.074414387,0.013508381
1789530879.095422745,-0.071786344,-0.083872870,0.366689742,0.949314117,-0.305025160,0.074731387,0.013326518
1789530879.128777504,-0.071807168,-0.084568314,0.365969092,0.949408531,-0.305109799,0.073300034,0.012590904
1789530879.162131310,-0.071994722,-0.085437529,0.365438342,0.949301243,-0.305571556,0.072800383,0.012380437
1789530879.195486069,-0.072696567,-0.086176515,0.364746362,0.949261069,-0.305502713,0.073650666,0.012130041
1789530879.228840828,-0.074038878,-0.087250099,0.363348454,0.949434042,-0.304768354,0.074631430,0.011018218
1789530879.262195587,-0.075720355,-0.088211447,0.361412048,0.949549496,-0.303869754,0.077063777,0.008949887
1789530879.295549631,-0.077335894,-0.088619702,0.359213918,0.949834287,-0.302411169,0.079391755,0.007701818
1789530879.328904390,-0.078613490,-0.089536518,0.356889933,0.950144291,-0.301400512,0.079622343,0.006622655
1789530879.362254143,-0.080755100,-0.090231970,0.354405165,0.950157702,-0.301110953,0.080733202,0.003842309
1789530879.395602703,-0.082747810,-0.091112666,0.351382583,0.950345099,-0.300223976,0.081906646,0.001063358
1789530879.428952456,-0.084852062,-0.091804422,0.347663343,0.950509667,-0.299529850,0.082538374,-0.000857571
1789530879.462301970,-0.087465711,-0.093096972,0.343652636,0.950429976,-0.299630821,0.083057977,-0.002382854
1789530879.495651960,-0.091047049,-0.093499273,0.339057177,0.950798035,-0.298330545,0.083370842,-0.005601408
1789530879.529000521,-0.094384268,-0.093105026,0.334945887,0.950782061,-0.298020154,0.084431119,-0.008306101
1789530879.562350035,-0.096191756,-0.093388006,0.330992728,0.950532377,-0.298317075,0.086101368,-0.009041406
1789530879.595699787,-0.098395556,-0.094471842,0.326435477,0.950651765,-0.298001260,0.085898109,-0.008834853
1789530879.629049301,-0.101206928,-0.094748095,0.321277767,0.951431036,-0.295972347,0.084228382,-0.009223783
1789530879.662397623,-0.104114190,-0.096163094,0.315978169,0.952124834,-0.294040829,0.083143525,-0.009252620
1789530879.695747375,-0.105733804,-0.097338654,0.309815913,0.952967703,-0.291271508,0.083193056,-0.009616703
1789530879.729096889,-0.107644521,-0.098504230,0.303138494,0.953525841,-0.289050579,0.084519900,-0.009726864
1789530879.762445450,-0.108760782,-0.099760681,0.296963632,0.954067230,-0.287037224,0.085329428,-0.009186306
1789530879.795794964,-0.109560758,-0.101511814,0.289897770,0.954797328,-0.284459859,0.085880071,-0.008327138
1789530879.829144478,-0.109147094,-0.104704216,0.283560574,0.955256820,-0.283380330,0.084435239,-0.007127274
1789530879.862494230,-0.109987788,-0.107079141,0.276284605,0.956140697,-0.280470669,0.084205642,-0.006371639
1789530879.895842552,-0.111693271,-0.109580070,0.269920677,0.956749380,-0.277995169,0.085572869,-0.005159264
1789530879.929192066,-0.113238566,-0.110189483,0.262555599,0.957761943,-0.274346620,0.086087197,-0.003872439
1789530879.962541580,-0.113852330,-0.111800767,0.254550308,0.958842456,-0.270651579,0.085786298,-0.003083572
1789530879.995890856,-0.114956439,-0.115067296,0.247186452,0.959399641,-0.268776745,0.085469179,-0.002519724
1789530880.029239416,-0.117498994,-0.116290018,0.239747345,0.960493922,-0.264856756,0.085400991,-0.003020053
1789530880.062588930,-0.117610209,-0.117833041,0.231756359,0.961607039,-0.261363059,0.083590761,-0.003741635
1789530880.095938206,-0.118463434,-0.121116422,0.223846808,0.961914659,-0.260261565,0.083489895,-0.003692007
1789530880.129286528,-0.119055748,-0.121419147,0.215614393,0.962583721,-0.257381678,0.084699757,-0.003628095
1789530880.162636042,-0.119002603,-0.124521919,0.207466677,0.962880135,-0.256025404,0.085422009,-0.003993343
1789530880.195985317,-0.119880490,-0.123527087,0.198032677,0.964582682,-0.249563828,0.085332341,-0.004078412
1789530880.229334831,-0.120716415,-0.124034636,0.189888671,0.965984702,-0.244612515,0.083817646,-0.003581095
1789530880.262683153,-0.121403627,-0.126359925,0.180647895,0.967065454,-0.240777835,0.082495227,-0.002236092
1789530880.296032429,-0.122869387,-0.128136709,0.171010271,0.968151152,-0.236248419,0.082883760,-0.000616621
1789530880.329381943,-0.121793263,-0.128778964,0.160815880,0.969371915,-0.231635496,0.081627548,0.000036714
1789530880.362730503,-0.120430723,-0.131867632,0.151749924,0.969975650,-0.229202569,0.081303373,0.001799341
1789530880.396080017,-0.123333126,-0.127754703,0.140370056,0.971728742,-0.220531911,0.084290095,0.002054725
1789530880.429429770,-0.123399697,-0.128891036,0.130053148,0.972819567,-0.216159627,0.082990639,0.003116761
1789530880.462779045,-0.123506747,-0.130143747,0.118626609,0.973862171,-0.211531147,0.082634561,0.004326671
1789530880.496127605,-0.124303631,-0.131076962,0.107218839,0.975081146,-0.206692085,0.080395751,0.005627431
1789530880.529477358,-0.126303688,-0.132299066,0.095628642,0.976598203,-0.201272070,0.075647943,0.004796186
1789530880.562826872,-0.129083276,-0.133538708,0.083954327,0.978036404,-0.194311261,0.075389504,0.002085277
1789530880.596176386,-0.131582156,-0.134256452,0.070992328,0.979366839,-0.186626792,0.077521838,-0.001228432
1789530880.629524946,-0.135396764,-0.135232255,0.059579022,0.980362833,-0.179897010,0.080687992,-0.003897825
1789530880.662874222,-0.138385206,-0.134926170,0.048279453,0.981519639,-0.172670901,0.082177438,-0.007136894
1789530880.696223974,-0.142084584,-0.134501442,0.037118983,0.982426882,-0.166261792,0.084113128,-0.010935816
1789530880.729572296,-0.145028859,-0.130303010,0.025963547,0.983608067,-0.157344341,0.086990520,-0.013809617
1789530880.762921572,-0.148305476,-0.128287509,0.016336232,0.984428167,-0.149546802,0.091036998,-0.015791770
1789530880.796271324,-0.152132511,-0.126735613,0.007214450,0.985324264,-0.141331598,0.094097286,-0.017531335
1789530880.829620600,-0.155845016,-0.123216286,-0.002145671,0.986638665,-0.131193206,0.094720080,-0.018988473
1789530880.862968922,-0.159146234,-0.123514540,-0.009571787,0.987515807,-0.124671936,0.094427615,-0.018785702
1789530880.896318436,-0.161371961,-0.120999321,-0.017164374,0.988624811,-0.117264077,0.092569172,-0.017355345
1789530880.929667711,-0.165086478,-0.118369594,-0.022616381,0.989582837,-0.110441402,0.091125876,-0.014984186
1789530880.963016987,-0.163734913,-0.113213062,-0.029641161,0.990842938,-0.102642193,0.086831085,-0.012461858
1789530880.996365547,-0.165645704,-0.111756720,-0.034045748,0.991366386,-0.098633304,0.085907243,-0.009171502
1789530881.029714823,-0.165348932,-0.104826003,-0.039077181,0.992176294,-0.092689268,0.083445169,-0.005645824
1789530881.063064098,-0.165433899,-0.102769621,-0.043109231,0.992397547,-0.090027943,0.083902195,-0.001576733
1789530881.096412659,-0.164495006,-0.099023655,-0.046947822,0.992718220,-0.086900316,0.083416477,0.000858672
1789530881.129761934,-0.164766699,-0.094692320,-0.050139621,0.993103921,-0.083109029,0.082663074,0.002069105
1789530881.163110971,-0.166082844,-0.091274984,-0.052230421,0.993416429,-0.079234526,0.082701392,0.002490873
1789530881.196460485,-0.166082665,-0.087099306,-0.054995455,0.993764341,-0.075309277,0.082188047,0.002469706
1789530881.229808569,-0.166634411,-0.083268650,-0.055158537,0.993926167,-0.071961217,0.083243705,0.001689468
1789530881.263157845,-0.166456044,-0.079787701,-0.056390882,0.994060814,-0.069260232,0.083932251,0.001218295
1789530881.296507359,-0.164475977,-0.077144749,-0.056041732,0.994415700,-0.066083200,0.082231611,0.002922967
1789530881.329856396,-0.163569644,-0.072640836,-0.056047533,0.995033801,-0.059554726,0.079455562,0.006914327
1789530881.363205433,-0.160216764,-0.066925012,-0.055340126,0.995692730,-0.053566214,0.074924715,0.010634092
1789530881.396554947,-0.157409519,-0.063357897,-0.052965898,0.995875418,-0.050935294,0.073874496,0.013433415
1789530881.429904699,-0.153160632,-0.057944905,-0.052019436,0.996105552,-0.047275677,0.072471991,0.016928867
1789530881.463253498,-0.149110690,-0.055702969,-0.050511263,0.996330857,-0.045308460,0.069492251,0.021041684
1789530881.496603251,-0.146471813,-0.051119201,-0.048766069,0.996533871,-0.041768342,0.067908041,0.023752227
1789530881.529952765,-0.142282158,-0.048013505,-0.047153328,0.996686876,-0.039199263,0.066794261,0.024847176
1789530881.563302517,-0.140245393,-0.046525598,-0.045140918,0.996765375,-0.036364783,0.067442484,0.024245491
1789530881.596651316,-0.139008939,-0.043733660,-0.044691786,0.996899724,-0.032314207,0.067974389,0.022938300
1789530881.630001068,-0.138269231,-0.041323502,-0.043381449,0.996991992,-0.027384100,0.069113649,0.021916548
1789530881.663350582,-0.136342242,-0.038317442,-0.041719493,0.997102797,-0.021066183,0.069988489,0.021067560
1789530881.696699142,-0.134622961,-0.036166653,-0.039542142,0.997065544,-0.016416742,0.071583934,0.021602927
1789530881.730048895,-0.134584144,-0.033519581,-0.034914665,0.996948183,-0.014397939,0.073385403,0.022395484
1789530881.763398409,-0.133687645,-0.030660219,-0.030667510,0.996990681,-0.014824336,0.073040739,0.021331744
1789530881.796748161,-0.133224592,-0.028352488,-0.024702318,0.996934354,-0.015798246,0.073677659,0.021068472
1789530881.830096722,-0.134259090,-0.027052104,-0.019940013,0.996819496,-0.016825588,0.075092256,0.020712160
1789530881.863446236,-0.134280980,-0.024586715,-0.016134130,0.996884763,-0.016709477,0.074626960,0.019301325
1789530881.896795988,-0.134631962,-0.024506297,-0.011115897,0.996972919,-0.019165684,0.073240727,0.017707203
1789530881.930145502,-0.134724855,-0.023275908,-0.007641122,0.996997297,-0.020428371,0.072909757,0.016223546
1789530881.963493824,-0.133824930,-0.020746512,-0.004961451,0.997086763,-0.019369021,0.071958467,0.016279720
1789530881.996843576,-0.134510353,-0.019643279,-0.000829278,0.997295201,-0.019405840,0.069069922,0.015974475
1789530882.030193090,-0.135404557,-0.018399164,0.003143516,0.997441769,-0.020157665,0.066918746,0.015017495
1789530882.063541412,-0.135465056,-0.015671102,0.006090511,0.997368455,-0.020549141,0.067831054,0.015259864
1789530882.096891165,-0.135793194,-0.012075918,0.008037297,0.997270405,-0.020295167,0.069440335,0.014763909
1789530882.130240440,-0.136205360,-0.011943140,0.011146366,0.997238398,-0.022588385,0.069169983,0.014861073
1789530882.163589954,-0.136260912,-0.007781307,0.013520640,0.997307181,-0.023050807,0.067847751,0.015611610
1789530882.196938515,-0.134858102,-0.009798389,0.013764938,0.997368515,-0.021961063,0.066631220,0.018279653
1789530882.230287790,-0.131559655,-0.011429590,0.012749432,0.997248888,-0.019385571,0.068731360,0.019873181
1789530882.263637304,-0.129599765,-0.009985070,0.012648064,0.997185290,-0.018819664,0.069458582,0.021043098
1789530882.296986580,-0.128068790,-0.008191515,0.014067995,0.997246444,-0.019239290,0.067740627,0.023253180
1789530882.330335140,-0.125837043,-0.008288064,0.014038738,0.997163177,-0.018066773,0.067814611,0.027208924
1789530882.363685131,-0.123019934,-0.007424797,0.012515435,0.997058690,-0.016053446,0.068260163,0.030931307
1789530882.397034883,-0.121519864,-0.007596198,0.009663932,0.997074246,-0.011001292,0.069061548,0.030860567
1789530882.430383682,-0.122800335,-0.004817639,0.006800201,0.997145236,-0.006736896,0.069655351,0.028355923
1789530882.463733673,-0.122862518,-0.004727049,0.005536176,0.997182071,-0.003782985,0.069610901,0.027710941
1789530882.497083426,-0.121399328,-0.003553736,0.005724083,0.997146428,-0.004188684,0.069207430,0.029861869
1789530882.530433178,-0.120991647,-0.003451207,0.006082923,0.997051954,-0.005326452,0.069481738,0.032116473
1789530882.563781977,-0.121986784,-0.004716925,0.005947862,0.997139931,-0.005093947,0.069375284,0.029549029
1789530882.597131729,-0.121793322,-0.004372634,0.005851789,0.997150660,-0.004640077,0.069270052,0.029510183
1789530882.630481720,-0.121837921,-0.004860856,0.006476644,0.997053146,-0.005652070,0.069892019,0.031116741
1789530882.663831234,-0.122041427,-0.005440154,0.006235920,0.997138262,-0.005858252,0.069258943,0.029738270
1789530882.697180271,-0.121759325,-0.004189912,0.005419295,0.997161806,-0.004807131,0.069053106,0.029611167
1789530882.730529785,-0.122053795,-0.005461824,0.006586995,0.997107685,-0.005546226,0.069508336,0.030235654
1789530882.763879538,-0.122602426,-0.005811485,0.006525709,0.997131944,-0.006407490,0.069508165,0.029247060
1789530882.797228336,-0.121677719,-0.003010283,0.004951901,0.997158051,-0.004816125,0.069001630,0.029856751
1789530882.830578089,-0.122487560,-0.005904302,0.006948089,0.997111440,-0.006148195,0.069520250,0.029965607
1789530882.863927841,-0.123379216,-0.002898098,0.005754463,0.997102261,-0.004569803,0.070009477,0.029411787
1789530882.897277594,-0.123022363,0.000545240,0.003622147,0.997128010,-0.001873528,0.069691621,0.029587789
1789530882.930626154,-0.123567931,-0.001247436,0.004534564,0.997132659,-0.002515358,0.069868647,0.028959338
1789530882.963975906,-0.123349018,-0.001650859,0.005473834,0.997109652,-0.003826906,0.069931433,0.029450610
1789530882.997325420,-0.123784289,-0.000046221,0.004090224,0.997093379,-0.002407224,0.070195191,0.029526021
1789530883.030673981,-0.123759784,0.000002470,0.004541665,0.997129500,-0.002413202,0.069916122,0.028960235
1789530883.064023733,-0.123926185,-0.001270621,0.005719170,0.997083247,-0.003315598,0.070362583,0.029381612
1789530883.097373486,-0.124617398,-0.000006522,0.003817482,0.997084320,-0.001915440,0.070611998,0.028864305
1789530883.130723238,-0.124170601,0.000127847,0.004657779,0.997106373,-0.002160857,0.070225455,0.029027851
1789530883.164071560,-0.124616191,0.000421846,0.003685781,0.997079313,-0.001903855,0.070583336,0.029106608
1789530883.197421074,-0.123896308,0.000002956,0.004190254,0.997118056,-0.001779393,0.070067622,0.029033810
1789530883.230770826,-0.123685099,-0.000691417,0.005194505,0.997095764,-0.002742115,0.070129246,0.029570032
1789530883.264120340,-0.123837151,-0.000826403,0.004827403,0.997094572,-0.002458171,0.070177652,0.029523265
1789530883.297468901,-0.123746641,0.001032853,0.003680981,0.997126520,-0.001607930,0.069966257,0.028997773
1789530883.330818415,-0.124381445,-0.001653470,0.004897156,0.997063577,-0.003267424,0.070646688,0.029370761
1789530883.364168882,-0.123975635,0.000680619,0.003864892,0.997127533,-0.001698871,0.070038795,0.028781977
1789530883.397518635,-0.124030091,0.000522663,0.003608356,0.997113645,-0.001900866,0.070172183,0.028926954
1789530883.430869102,-0.124264747,-0.001264736,0.004997729,0.997064829,-0.002763193,0.070541821,0.029632105
1789530883.464219809,-0.123928994,-0.000282089,0.004329245,0.997108400,-0.002299198,0.070149645,0.029133193
1789530883.497570276,-0.123911805,0.001042584,0.003460897,0.997113883,-0.001416886,0.070122100,0.029064348
1789530883.530920029,-0.124276966,-0.002568872,0.005542763,0.997065723,-0.003570755,0.070544735,0.029509546
1789530883.564270496,-0.124190718,0.000376355,0.003926214,0.997114778,-0.002138673,0.070205495,0.028789898
1789530883.597621202,-0.124053642,0.000361759,0.004021361,0.997104645,-0.001978450,0.070220754,0.029113121
1789530883.630971670,-0.123835944,-0.001393107,0.005518025,0.997080088,-0.003261346,0.070263274,0.029729202
1789530883.664320946,-0.123695873,-0.000009516,0.004318691,0.997113109,-0.002315500,0.070054643,0.029199140
1789530883.697671652,-0.124498345,-0.000379284,0.004235259,0.997071266,-0.002560882,0.070674382,0.029110208
1789530883.731022120,-0.123882085,-0.000428640,0.005093642,0.997081876,-0.002531047,0.070269905,0.029723564
1789530883.764371872,-0.124521144,0.000135818,0.004283969,0.997066855,-0.002260203,0.070645347,0.029360149
1789530883.797722340,-0.123934500,-0.001304632,0.004680244,0.997092187,-0.003110214,0.070274085,0.029309642
1789530883.831072807,-0.124069542,-0.002419533,0.005644159,0.997060299,-0.003721812,0.070493847,0.029791862
1789530883.864423275,-0.124127910,-0.000263320,0.004360458,0.997086167,-0.002552458,0.070378803,0.029316822
1789530883.897773027,-0.123964109,-0.001205593,0.005025200,0.997082174,-0.003130083,0.070358269,0.029447481
1789530883.931123495,-0.123669997,-0.000690416,0.005416694,0.997083724,-0.003377791,0.070217535,0.029701721
1789530883.964473963,-0.124064296,-0.002002158,0.006214185,0.997066259,-0.004781293,0.070522740,0.029369140
1789530883.997824430,-0.124460272,-0.000476143,0.005497291,0.997084558,-0.004201787,0.070533268,0.028808195
1789530884.031174183,-0.124260396,-0.001486429,0.005393986,0.997082472,-0.003908863,0.070452228,0.029115072
1789530884.064524651,-0.124000549,0.000289620,0.004660334,0.997093320,-0.002485993,0.070307419,0.029250074
1789530884.097875118,-0.124028184,-0.002531895,0.006279980,0.997069001,-0.005078746,0.070475854,0.029339945
1789530884.131224632,-0.124686882,-0.001316459,0.005454363,0.997076452,-0.004711854,0.070719838,0.028551934
1789530884.164575100,-0.124045685,-0.000968856,0.005226898,0.997116506,-0.003890283,0.070188321,0.028587967
1789530884.197925568,-0.123882003,0.000409440,0.004051189,0.997126639,-0.002815929,0.070105389,0.028560014
1789530884.231276035,-0.124460518,-0.001884856,0.006001381,0.997067988,-0.004471433,0.070673883,0.028996337
1789530884.264625788,-0.124672994,-0.000413548,0.005292421,0.997109532,-0.003812664,0.070475072,0.028131807
1789530884.297976017,-0.125069901,0.000379677,0.005043473,0.997082174,-0.003257065,0.070764966,0.028443189
1789530884.331326723,-0.124464862,-0.001400162,0.006263166,0.997063100,-0.004391268,0.070646115,0.029243231
1789530884.364676952,-0.124585152,0.001434930,0.004722470,0.997069895,-0.001730064,0.070636868,0.029308656
1789530884.398028374,-0.124669991,0.000148843,0.005170150,0.997077227,-0.002231317,0.070610777,0.029089479
1789530884.431379795,-0.124919653,-0.000933965,0.006132559,0.997043967,-0.003524281,0.070937738,0.029303484
1789530884.464731216,-0.125313535,-0.001577926,0.006003898,0.997031748,-0.004259138,0.071147241,0.029116718
1789530884.498081446,-0.124853581,0.000708511,0.004739396,0.997084856,-0.002376047,0.070628300,0.028770389
1789530884.531432867,-0.124793202,-0.001778454,0.006314636,0.997044027,-0.003436589,0.070867874,0.029480442
1789530884.564784527,-0.125075057,0.000283763,0.005250925,0.997045577,-0.002713437,0.070964307,0.029272908
1789530884.598135710,-0.124854013,0.001300645,0.004561417,0.997064114,-0.001898969,0.070800804,0.029100444
1789530884.631486416,-0.124754138,-0.001392517,0.005556461,0.997060835,-0.003109073,0.070770942,0.029180868
1789530884.664837599,-0.124602742,-0.001476221,0.006237866,0.997054040,-0.003282544,0.070782959,0.029366262
1789530884.698189020,-0.124883793,0.000138504,0.005222668,0.997073889,-0.002664271,0.070726186,0.028884610
1789530884.731539488,-0.125365555,-0.001935503,0.006120948,0.997027457,-0.004264678,0.071216725,0.029091345
1789530884.764890909,-0.124605790,0.000282772,0.004588513,0.997074187,-0.002531286,0.070629165,0.029123215
1789530884.798242331,-0.124984264,0.000235896,0.005043763,0.997041047,-0.002207325,0.070934206,0.029539259
1789530884.831593752,-0.125179857,-0.001303041,0.005932077,0.997019589,-0.003433375,0.071173564,0.029572157
1789530884.864944220,-0.124537356,-0.001120028,0.005503653,0.997075140,-0.003352809,0.070575476,0.029138660
1789530884.898295641,-0.124975823,0.000035844,0.004793973,0.997062504,-0.002689120,0.070831209,0.029021094
1789530884.931647301,-0.124486327,-0.001540846,0.005822634,0.997063577,-0.003609056,0.070614643,0.029407538
1789530884.964998484,-0.124881685,0.000839352,0.004349567,0.997076392,-0.002212859,0.070702396,0.028895872
1789530884.998349190,-0.124769941,-0.000357849,0.005253152,0.997058928,-0.002627998,0.070775688,0.029280176
1789530885.031700373,-0.124265760,-0.001329193,0.005738304,0.997066796,-0.003258092,0.070511110,0.029587703
1789530885.065052032,-0.125259131,-0.000287797,0.005471392,0.997048914,-0.002649464,0.071029924,0.029006014
1789530885.098402262,-0.124635234,-0.001214454,0.005644141,0.997051656,-0.003312445,0.070783406,0.029443460
1789530885.131753922,-0.124279030,0.000213449,0.005073806,0.997065723,-0.002411370,0.070547722,0.029617874
1789530885.165105581,-0.124669261,0.000506934,0.004667959,0.997066557,-0.001949166,0.070714310,0.029223485
1789530885.198456764,-0.123989791,-0.000226596,0.005440749,0.997078598,-0.002272019,0.070333175,0.029707292
1789530885.231807470,-0.124415725,-0.001000621,0.005936437,0.997040927,-0.002834151,0.070780583,0.029857382
1789530885.265158653,-0.124443009,0.000855248,0.004274472,0.997080207,-0.001531810,0.070543543,0.029194269
1789530885.298510313,-0.124823041,-0.000382887,0.004761253,0.997056246,-0.002268210,0.070848741,0.029229091
1789530885.331861734,-0.124213181,-0.000541114,0.005371016,0.997045040,-0.002539311,0.070611782,0.030147236
1789530885.365212917,-0.124571204,0.000258248,0.004326532,0.997073948,-0.001966079,0.070578679,0.029297775
1789530885.398565054,-0.124520272,-0.000641435,0.005006711,0.997068524,-0.001899344,0.070665464,0.029279863
1789530885.431917191,-0.123767041,-0.000215658,0.005116341,0.997077465,-0.002320507,0.070273533,0.029880401
1789530885.465268373,-0.123533063,-0.000944978,0.005252759,0.997108698,-0.003137713,0.069995083,0.029413816
1789530885.498620272,-0.124341056,-0.002617619,0.005732157,0.997054458,-0.003704247,0.070670418,0.029570723
1789530885.531972408,-0.124382496,-0.001113657,0.005203693,0.997057080,-0.002884955,0.070664436,0.029587436
1789530885.565324783,-0.124117106,0.000183200,0.004557861,0.997094214,-0.002603571,0.070256606,0.029332830
1789530885.598675728,-0.123234905,-0.001306896,0.005396783,0.997118533,-0.003695400,0.069812112,0.029451152
1789530885.632027864,-0.124134697,-0.000560492,0.005487476,0.997100770,-0.003092252,0.070295364,0.028966388
1789530885.665380239,-0.124369912,-0.001204985,0.005104093,0.997071922,-0.003155466,0.070602410,0.029205110
1789530885.698731184,-0.124288224,-0.002268472,0.005327068,0.997039497,-0.003452704,0.070760019,0.029890727
1789530885.732083321,-0.123708420,0.000257996,0.004038913,0.997107625,-0.002050612,0.070071898,0.029364755
1789530885.765435457,-0.123487316,-0.002573559,0.005766580,0.997109175,-0.003565155,0.069970600,0.029408915
1789530885.798787594,-0.123618752,-0.001337473,0.004350231,0.997136354,-0.002037220,0.069898017,0.028795561
1789530885.832138777,-0.125070602,-0.003484301,0.004820517,0.996685684,-0.002706318,0.075449005,0.030294491
1789530885.865490913,-0.126543939,-0.005108420,0.005981143,0.995711267,-0.004571266,0.085824504,0.034241170
1789530885.898843050,-0.125614673,-0.005460589,0.004836816,0.995531082,-0.003066474,0.087699465,0.034890283
1789530885.932195425,-0.126894996,-0.004306297,0.005059248,0.995242119,-0.002833507,0.090796784,0.035227001
1789530885.965546370,-0.124479197,-0.005893279,0.006789609,0.994233310,-0.005956769,0.099336803,0.039961893
1789530885.998898506,-0.122262761,-0.007898264,0.006975710,0.992856443,-0.009805682,0.110604495,0.043666076
1789530886.032250643,-0.120394729,-0.008936048,0.006443531,0.991625488,-0.012188900,0.119125918,0.048367266
1789530886.065601826,-0.118867949,-0.010401873,0.004597121,0.990735829,-0.013046520,0.124854617,0.051804677
1789530886.098954201,-0.115609489,-0.015397659,0.001716670,0.990052402,-0.012468535,0.128443137,0.056063499
1789530886.132306099,-0.115731992,-0.020848021,-0.003847402,0.989184678,-0.009020519,0.134539515,0.057718828
1789530886.165658474,-0.114445575,-0.027172072,-0.010005319,0.988341033,-0.005645481,0.139784470,0.060087811
1789530886.199009418,-0.112835631,-0.032656640,-0.016463393,0.988280833,-0.001350236,0.140753388,0.059056234
1789530886.232361794,-0.111521110,-0.041047186,-0.023233067,0.987864852,-0.000097084,0.142842829,0.060984429
1789530886.265714169,-0.107214943,-0.047497664,-0.028858302,0.987364471,0.002189551,0.145010665,0.063863866
1789530886.299066067,-0.101968259,-0.057009745,-0.035656355,0.986545563,0.002613975,0.148854211,0.067553200
1789530886.332417488,-0.096481726,-0.061203819,-0.041415256,0.985374749,0.007091898,0.154497594,0.071532592
1789530886.365769863,-0.091540284,-0.070819132,-0.047670238,0.983924389,0.008664652,0.160965219,0.076863654
1789530886.399122000,-0.092440493,-0.063570745,-0.060181718,0.981820107,0.021722322,0.169619292,0.082381435
1789530886.432473660,-0.084817015,-0.070281401,-0.067171887,0.980409026,0.024117500,0.174310416,0.088501312
1789530886.465826035,-0.074697450,-0.077099957,-0.073035851,0.978627980,0.024709774,0.180859104,0.094692618
1789530886.499178410,-0.062495645,-0.086093985,-0.078722455,0.976625741,0.023278492,0.188252151,0.101101577
1789530886.532530785,-0.050894406,-0.093413070,-0.082900956,0.974731326,0.023298338,0.194174916,0.107945718
1789530886.565882206,-0.040141497,-0.099335961,-0.087902442,0.972899914,0.024649385,0.199971542,0.113444321
1789530886.599234581,-0.028934056,-0.106430538,-0.091587558,0.970743179,0.026443712,0.207537740,0.117840767
1789530886.632587194,-0.016254902,-0.114140294,-0.097300030,0.968608439,0.027206341,0.214679062,0.122353993
1789530886.665939808,-0.002953789,-0.122102790,-0.099722013,0.966714978,0.027849128,0.219627231,0.128259614
1789530886.699290991,0.007677378,-0.126767814,-0.101201177,0.964262784,0.030652301,0.225954413,0.134915918
1789530886.732643604,0.022062534,-0.133377358,-0.103417374,0.961673439,0.031040538,0.233220100,0.140815839
1789530886.765995741,0.037200760,-0.142769530,-0.106865041,0.959125876,0.030995972,0.239545986,0.147426128
1789530886.799347401,0.052354690,-0.152729169,-0.111922957,0.956576705,0.029942431,0.245412096,0.154393569
1789530886.832699776,0.067794695,-0.156218320,-0.110379621,0.953752518,0.031941514,0.250777453,0.162624031
1789530886.866052151,0.080068484,-0.164409697,-0.116345823,0.951350272,0.031559136,0.255904645,0.168670133
1789530886.899404764,0.094808094,-0.172067896,-0.119408108,0.949206710,0.028262073,0.259288222,0.176004276
1789530886.932756186,0.112413511,-0.178386673,-0.122583993,0.946189523,0.033511754,0.265429467,0.182070196
1789530886.966108561,0.128143296,-0.187777042,-0.123509966,0.943563819,0.033621591,0.269962937,0.188883543
1789530886.999461174,0.145055130,-0.193653509,-0.124859318,0.940383494,0.035583086,0.275013864,0.196926951
1789530887.032812834,0.161654741,-0.201013401,-0.126571983,0.937174678,0.037312791,0.280554444,0.203962043
1789530887.066164970,0.181521267,-0.208685070,-0.130246565,0.934420764,0.037443936,0.284436613,0.211072594
1789530887.099517584,0.200530112,-0.216253653,-0.131043077,0.930521488,0.036618609,0.290774822,0.219633356
1789530887.132870197,0.222066969,-0.221178532,-0.134767100,0.927235305,0.035496414,0.296003103,0.226620570
1789530887.166221619,0.241990343,-0.227784604,-0.133692577,0.923794627,0.033326749,0.302314878,0.232590958
1789530887.199574232,0.264067531,-0.234843433,-0.133970290,0.920614660,0.030090434,0.308089882,0.237999901
1789530887.232926846,0.282481283,-0.236827672,-0.133169353,0.917770624,0.030306544,0.312956154,0.242563695
1789530887.266278982,0.301967770,-0.241970003,-0.130877644,0.915344775,0.027703431,0.315808475,0.248277277
1789530887.299630642,0.318456978,-0.239261866,-0.126830950,0.911693156,0.028706793,0.320743501,0.255176663
1789530887.332983255,0.338491678,-0.238061145,-0.124461830,0.907761395,0.026599867,0.326805353,0.261648625
1789530887.366337538,0.357421905,-0.236452073,-0.121411830,0.903801501,0.026576871,0.332367688,0.268269211
1789530887.399691105,0.377549708,-0.237087965,-0.117790751,0.900335491,0.024867086,0.336299092,0.275101036
1789530887.433045626,0.396822423,-0.238268360,-0.113869235,0.896932721,0.020883886,0.341058910,0.280632287
1789530887.466400385,0.412539124,-0.239526838,-0.109988570,0.893463552,0.015802834,0.346990883,0.284728944
1789530887.499754906,0.427813917,-0.240873754,-0.105444647,0.890971959,0.011151975,0.351704717,0.286964148
1789530887.533108473,0.443758667,-0.241836980,-0.100405596,0.888442934,0.005237547,0.356024355,0.289635152
1789530887.566463232,0.457939148,-0.240906700,-0.096156724,0.885997713,0.000571252,0.359378368,0.293010354
1789530887.599817514,0.472314924,-0.238618195,-0.092589848,0.884134948,-0.001586886,0.360612839,0.297088116
1789530887.633172274,0.486647516,-0.236426890,-0.087991238,0.882269263,-0.003904028,0.362418592,0.300397426
1789530887.666526079,0.500103891,-0.236785799,-0.083607800,0.879525304,-0.008716499,0.366264641,0.303660095
1789530887.699880600,0.514377773,-0.236445189,-0.079371996,0.877901912,-0.011936475,0.368184775,0.305918008
1789530887.733235359,0.522445738,-0.233574837,-0.075682312,0.876834810,-0.013311260,0.370484859,0.306144744
1789530887.766589165,0.532241702,-0.232307613,-0.071907498,0.875212729,-0.018102642,0.373926431,0.306356132
1789530887.799943924,0.542018116,-0.230618432,-0.067357801,0.873564661,-0.022412356,0.376248866,0.307927459
1789530887.833298683,0.554690421,-0.228276834,-0.063129090,0.872903168,-0.025542356,0.376108736,0.309725314
1789530887.866653204,0.564278185,-0.225579187,-0.057988469,0.871339142,-0.029002683,0.378293991,0.311160237
1789530887.900007010,0.579872012,-0.221580788,-0.053706732,0.868354738,-0.030668480,0.381175518,0.315792203
1789530887.933362007,0.589337409,-0.219727322,-0.048202045,0.867036998,-0.033567317,0.382574439,0.317422271
1789530887.966716766,0.600350499,-0.216521651,-0.043343328,0.865043402,-0.036879331,0.385243505,0.319260597
1789530888.000071526,0.609850585,-0.214170724,-0.038711712,0.862172127,-0.042473454,0.389410496,0.321270347
1789530888.033425570,0.619467735,-0.211787701,-0.033997644,0.860436499,-0.047793891,0.391217947,0.322975874
1789530888.066780329,0.628464758,-0.209044173,-0.030171014,0.859075069,-0.051223066,0.392653555,0.324329376
1789530888.100135326,0.638913333,-0.205670804,-0.025268901,0.856678665,-0.054168023,0.395655632,0.326533705
1789530888.133489370,0.647811532,-0.203580678,-0.020876365,0.854654789,-0.057960767,0.397956640,0.328384459
1789530888.166843891,0.656120300,-0.200526103,-0.016202647,0.852772355,-0.061149728,0.400924414,0.329089254
1789530888.200198889,0.664056718,-0.198214605,-0.012122411,0.852186024,-0.063649587,0.401238799,0.329750121
1789530888.233553886,0.671476185,-0.196214154,-0.009933846,0.852280378,-0.065430976,0.399323165,0.331478715
1789530888.266907930,0.678749800,-0.193973646,-0.006858421,0.851615667,-0.067941107,0.399492264,0.332476616
1789530888.300262928,0.686274350,-0.191138893,-0.001747945,0.850366712,-0.070509620,0.401194572,0.333088279
1789530888.333617926,0.692531526,-0.188767195,0.003735291,0.849367023,-0.073331811,0.401764631,0.334340245
1789530888.366966009,0.698851824,-0.187077612,0.008655050,0.848739564,-0.076452389,0.401913941,0.335054547
1789530888.400315046,0.704219460,-0.184663802,0.013715896,0.847378254,-0.079939373,0.403155029,0.336193144
1789530888.433664083,0.709567964,-0.182042897,0.019133858,0.846357644,-0.083177045,0.403472036,0.337595522
1789530888.467012882,0.714017034,-0.179712445,0.023162218,0.845824361,-0.086715423,0.403021961,0.338577867
1789530888.500360966,0.719694793,-0.176915795,0.028663531,0.843741596,-0.091689914,0.404726505,0.340425462
1789530888.533710003,0.725996971,-0.173755586,0.032977421,0.842165411,-0.097318634,0.404965341,0.342475861
1789530888.567058802,0.730836511,-0.169986263,0.036612898,0.839970052,-0.102055520,0.407854021,0.343059957
1789530888.600407600,0.735840380,-0.167364880,0.041562188,0.835799754,-0.109342933,0.412448227,0.345498651
1789530888.633755684,0.740311205,-0.163024530,0.044464350,0.832754314,-0.114979550,0.413852870,0.349321812
1789530888.667104483,0.746102929,-0.158127487,0.048819236,0.830384791,-0.118678965,0.414474845,0.352969021
1789530888.700453281,0.750190079,-0.154503226,0.053667944,0.828505993,-0.121996082,0.414978385,0.355651200
1789530888.733801365,0.754120886,-0.150528729,0.056250934,0.827149153,-0.125004932,0.413933396,0.358966857
1789530888.767150164,0.758460581,-0.147150025,0.059620745,0.825604141,-0.128699899,0.413612306,0.361578584
1789530888.800498962,0.762763202,-0.142841399,0.061601024,0.824511826,-0.131594047,0.413101017,0.363608211
1789530888.833847761,0.767781734,-0.138290748,0.064598948,0.822628915,-0.134858221,0.413583934,0.366119325
1789530888.867195606,0.772415698,-0.134885669,0.066177666,0.820744455,-0.138060018,0.412759244,0.370064735
1789530888.900544167,0.778463423,-0.129630476,0.073903255,0.817797959,-0.140156195,0.415935129,0.372237474
1789530888.933892965,0.783073068,-0.126152560,0.075258024,0.815407336,-0.143488571,0.416158766,0.375943899
1789530888.967241764,0.787671804,-0.122640066,0.075970709,0.812950790,-0.146507695,0.416591793,0.379602343
1789530889.000589371,0.791298687,-0.119313531,0.075935066,0.811972618,-0.147906005,0.416547090,0.381199032
1789530889.033938169,0.795436025,-0.115624927,0.076398425,0.809500277,-0.151061550,0.417848378,0.383786827
1789530889.067286968,0.799326301,-0.111886643,0.076240294,0.807169914,-0.154471844,0.418673933,0.386429131
1789530889.100634575,0.803074062,-0.108050399,0.076066501,0.805382371,-0.158565179,0.418709636,0.388456762
1789530889.133983135,0.806495428,-0.104144529,0.076890878,0.802768350,-0.163224339,0.419101357,0.391503513
1789530889.167331696,0.809376299,-0.099644206,0.077445656,0.801587641,-0.166077271,0.417093396,0.394852906
1789530889.200680494,0.811505377,-0.095654674,0.078039587,0.800153017,-0.169222996,0.415941179,0.397632688
1789530889.234027863,0.813095570,-0.092062630,0.078713037,0.798927367,-0.172953919,0.414532632,0.399955779
1789530889.267376423,0.814196944,-0.088390052,0.080238491,0.798719108,-0.176086083,0.411888450,0.401733100
1789530889.300724983,0.815650225,-0.086038202,0.082898907,0.798365831,-0.180090785,0.409127027,0.403477967
1789530889.334073544,0.816933453,-0.084245041,0.084159471,0.797967911,-0.184093088,0.406349033,0.405262232
1789530889.367421627,0.817373991,-0.081547245,0.085662514,0.797345221,-0.187816635,0.404413611,0.406712741
1789530889.400770664,0.818852961,-0.078747399,0.087925039,0.796148777,-0.192841113,0.402526379,0.408572942
1789530889.434119940,0.819496155,-0.074678741,0.089802094,0.795086145,-0.197317749,0.398781240,0.412161767
1789530889.467468023,0.820845902,-0.071020618,0.091914512,0.792677104,-0.203601226,0.395142257,0.417219639
1789530889.500817060,0.820965171,-0.065563813,0.095185198,0.790477395,-0.208536297,0.392739296,0.421205550
1789530889.534166336,0.821180820,-0.059424631,0.097724363,0.788507283,-0.213755026,0.388879806,0.425837636
1789530889.567515373,0.821410656,-0.054715898,0.100322224,0.787217140,-0.217940852,0.384238631,0.430292368
1789530889.600863457,0.821054459,-0.049955335,0.101788960,0.788380802,-0.217924386,0.378829509,0.432958275
1789530889.634212494,0.819785774,-0.045473088,0.102698758,0.788829267,-0.218821943,0.376599044,0.433634162
1789530889.667561531,0.819370866,-0.042477150,0.104931295,0.786618710,-0.222779244,0.377225310,0.435087949
1789530889.700909376,0.820257664,-0.038563870,0.105678998,0.785375178,-0.227456465,0.375106484,0.436743081
1789530889.734258652,0.820291162,-0.031746473,0.104816988,0.784955978,-0.227910712,0.372559637,0.439431787
1789530889.767607450,0.820457041,-0.027566630,0.105377436,0.784149766,-0.229594186,0.370823979,0.441458136
1789530889.800956488,0.821181655,-0.023943424,0.105246812,0.783462167,-0.230902702,0.369176686,0.443373054
1789530889.834304333,0.821207881,-0.023198623,0.110713862,0.780913293,-0.235942334,0.372698069,0.442268997
1789530889.867653370,0.821941555,-0.022084080,0.111711629,0.779942691,-0.238234580,0.372474730,0.442940652
1789530889.901002169,0.821036518,-0.020508556,0.112308174,0.779364049,-0.238843620,0.374156237,0.442213297
1789530889.934350967,0.821377397,-0.018683027,0.111820839,0.779161274,-0.239377663,0.374264807,0.442190021
1789530889.967699051,0.821419358,-0.018054357,0.111334853,0.779610097,-0.239033803,0.373743594,0.442025810
1789530890.001047850,0.820931315,-0.017968329,0.111361563,0.780175030,-0.238804340,0.374229997,0.440739602
1789530890.034396648,0.820562780,-0.018114254,0.110494956,0.780263424,-0.238405570,0.375661224,0.439579725
1789530890.067744732,0.820530355,-0.018345410,0.109832756,0.780482471,-0.238193065,0.376016378,0.439002186
1789530890.101093531,0.819859326,-0.018467354,0.109486863,0.780932426,-0.238059357,0.375708580,0.438537896
1789530890.134442091,0.819096684,-0.018504532,0.108953662,0.780707598,-0.237784430,0.376509517,0.438400149
1789530890.167791128,0.818676651,-0.018727735,0.108942263,0.780266881,-0.238596320,0.376910239,0.438399374
1789530890.201138735,0.818035245,-0.018260295,0.109445535,0.779891074,-0.239104167,0.377114415,0.438615859
1789530890.234487534,0.817334354,-0.016877469,0.109480917,0.780253470,-0.238478243,0.375730067,0.439499348
1789530890.267836094,0.816313326,-0.015621268,0.110061921,0.780549884,-0.237850711,0.374387950,0.440457344
1789530890.301185131,0.816700399,-0.014073456,0.110169120,0.780804873,-0.237712398,0.372633904,0.441565931
1789530890.334532738,0.816708803,-0.013321145,0.110530570,0.781715274,-0.236980036,0.371204197,0.441553235
1789530890.367881298,0.816811442,-0.012796300,0.111605987,0.782663286,-0.236169398,0.370534480,0.440870166
1789530890.401229620,0.816966653,-0.012152599,0.111659989,0.783353806,-0.236331299,0.370305508,0.439748019
1789530890.434577227,0.817823529,-0.011470553,0.111681633,0.783733070,-0.236215889,0.369864345,0.439505190
1789530890.467925549,0.817831457,-0.010642860,0.112192653,0.783687472,-0.236025259,0.370582819,0.439083546
1789530890.501273870,0.818756938,-0.009401435,0.112590723,0.782683372,-0.237609491,0.372093081,0.438742727
1789530890.534622431,0.819300652,-0.008786085,0.113312721,0.781358361,-0.239222467,0.373891771,0.438698828
1789530890.567969799,0.819512010,-0.007526221,0.113912202,0.780136406,-0.240059912,0.375458688,0.439077526
1789530890.601318121,0.820863545,-0.007142887,0.113701157,0.779596686,-0.240877941,0.374668419,0.440261900
1789530890.634666204,0.820628047,-0.007659363,0.113883816,0.779732764,-0.240315512,0.375497371,0.439621568
1789530890.668014765,0.820335031,-0.008178037,0.114297837,0.779617429,-0.240333706,0.376604170,0.438868791
1789530890.701361895,0.819940627,-0.008500824,0.114282481,0.779621065,-0.239987046,0.376819938,0.438866705
1789530890.734709978,0.819330037,-0.008913869,0.114686258,0.779954374,-0.240064472,0.377267689,0.437846363
1789530890.768058300,0.818463981,-0.008848132,0.114359505,0.780632973,-0.238944337,0.377218574,0.437291652
1789530890.801405430,0.818464398,-0.009708825,0.114575155,0.780502856,-0.239379302,0.376796514,0.437649786
1789530890.834753752,0.818543971,-0.009518209,0.113628916,0.780854523,-0.238863587,0.375508636,0.438410491
1789530890.868101835,0.817385137,-0.009695904,0.112539604,0.780999541,-0.237756774,0.375035465,0.439158320
1789530890.901449919,0.816552937,-0.010607503,0.111976162,0.781263232,-0.236973912,0.375920981,0.438354522
1789530890.934796810,0.816759408,-0.011794575,0.110480227,0.781481981,-0.236199751,0.374634892,0.439481735
1789530890.968145132,0.815324664,-0.013204074,0.109069973,0.782101929,-0.234660774,0.374497294,0.439320594
1789530891.001493216,0.814155340,-0.015165222,0.107899986,0.782577157,-0.233427703,0.374913543,0.438776046
1789530891.034840107,0.812360048,-0.017358746,0.106724061,0.783298671,-0.230668426,0.375397027,0.438534379
1789530891.068188190,0.810073137,-0.020024542,0.105133943,0.784242809,-0.226198405,0.375913411,0.438733160
1789530891.101536036,0.808237672,-0.023965035,0.103465214,0.784717023,-0.224551395,0.378205776,0.436756402
1789530891.134884119,0.805040121,-0.026995268,0.100391604,0.785782158,-0.221850619,0.380637765,0.434100896
1789530891.168231010,0.802121878,-0.030571198,0.097313784,0.787067235,-0.218222111,0.382565022,0.431912512
1789530891.201578856,0.798620522,-0.034561999,0.093488641,0.788573682,-0.213954657,0.384395063,0.429668754
1789530891.234926701,0.796085179,-0.038168672,0.090052240,0.789010167,-0.211190611,0.386858761,0.428020656
1789530891.268274546,0.792457223,-0.041707009,0.086263098,0.789813519,-0.208021790,0.389454842,0.425730377
1789530891.301621675,0.789502621,-0.046093374,0.081169382,0.790988445,-0.205559865,0.390033782,0.424212188
1789530891.334969282,0.785523415,-0.048584726,0.076101825,0.792317986,-0.201962233,0.392203808,0.421449542
1789530891.368321419,0.782054305,-0.051453482,0.070907459,0.793152928,-0.198180646,0.394745886,0.419295311
1789530891.401672602,0.777164817,-0.053668085,0.068394005,0.793101013,-0.195005491,0.398684174,0.417150497
1789530891.435024977,0.772460997,-0.055340268,0.064350821,0.793233335,-0.192086294,0.401047975,0.415985852
1789530891.468377113,0.767567515,-0.056042813,0.058465030,0.794266999,-0.186803684,0.402578354,0.414939582
1789530891.501729488,0.762077570,-0.057972845,0.053566467,0.794633985,-0.183196634,0.405160725,0.413328946
1789530891.535080910,0.756899297,-0.057895880,0.048302956,0.796263874,-0.178086832,0.406705886,0.410900503
1789530891.568433285,0.751304567,-0.060230270,0.044477127,0.796240151,-0.175287008,0.411676496,0.407183647
1789530891.601785660,0.745286822,-0.059250355,0.037721999,0.797629535,-0.169681862,0.415829152,0.402593315
1789530891.635138035,0.740854442,-0.061526895,0.034056898,0.797856569,-0.165949076,0.419499069,0.399883121
1789530891.668489456,0.734050214,-0.064095475,0.027751002,0.800805330,-0.159186363,0.419923604,0.396275878
1789530891.701841831,0.729236543,-0.068563208,0.022595944,0.802798748,-0.155622602,0.421088785,0.392403007
1789530891.735194445,0.719925880,-0.069086827,0.017287446,0.805461526,-0.147699207,0.424424261,0.386368722
1789530891.768545866,0.715365469,-0.072221681,0.012709169,0.807309866,-0.143847927,0.426072091,0.382126957
1789530891.801898479,0.709661484,-0.078087270,0.010437752,0.807556212,-0.142112732,0.430010855,0.377819687
1789530891.835251093,0.703783512,-0.081051178,0.006689743,0.808088183,-0.138344184,0.433838367,0.373682648
1789530891.868603468,0.697065711,-0.082738020,0.000814412,0.809475482,-0.133873716,0.436424583,0.369270921
1789530891.901955128,0.687378049,-0.083613135,-0.004628182,0.810668707,-0.127675861,0.440446526,0.364035577
1789530891.935307980,0.684347153,-0.087213911,-0.010980123,0.811830819,-0.126509801,0.441158891,0.360977679
1789530891.968660355,0.678853571,-0.090958595,-0.015345625,0.812207460,-0.123696007,0.443387330,0.358365953
1789530892.002013206,0.672712922,-0.094480358,-0.019987963,0.812758565,-0.122207694,0.446196109,0.354115367
1789530892.035364628,0.667434990,-0.097767718,-0.025284166,0.812815428,-0.120703600,0.449801415,0.349915057
1789530892.068717480,0.661870897,-0.100068264,-0.030559650,0.812113643,-0.119586177,0.455369323,0.344687462
1789530892.102070332,0.656952798,-0.102239646,-0.035939131,0.811055243,-0.119309656,0.461215347,0.339462966
1789530892.135422230,0.652007341,-0.105063677,-0.041834563,0.809776723,-0.119025439,0.467000991,0.334670961
1789530892.168774843,0.646838427,-0.108229384,-0.046884011,0.808564782,-0.116988368,0.473214447,0.329552382
1789530892.202127695,0.641536295,-0.110366657,-0.054764349,0.808691084,-0.113827646,0.477317303,0.324392200
1789530892.235480547,0.637059212,-0.113367356,-0.059816226,0.807209671,-0.113164470,0.482849538,0.320098072
1789530892.268832445,0.632887363,-0.114010029,-0.065708801,0.806026995,-0.111439489,0.487732977,0.316256702
1789530892.302185297,0.628722072,-0.116200387,-0.070695348,0.805079639,-0.110294394,0.492232651,0.312071979
1789530892.335538387,0.625284493,-0.121338055,-0.074119158,0.804149091,-0.110621706,0.496235192,0.307989627
1789530892.368886709,0.621865511,-0.124346197,-0.078655623,0.803825319,-0.108845964,0.499096096,0.304828793
1789530892.402235985,0.619708002,-0.130201399,-0.080830432,0.802465558,-0.109411940,0.502280176,0.302972943
1789530892.435585499,0.616900623,-0.132291138,-0.085137710,0.802893162,-0.105756454,0.503119290,0.301743358
1789530892.468934774,0.615173936,-0.135317057,-0.089021981,0.802995741,-0.102390997,0.503945589,0.301252156
1789530892.502283096,0.614721835,-0.138133019,-0.093681544,0.803023815,-0.099183679,0.504301548,0.301654160
1789530892.535632610,0.614968598,-0.142087504,-0.098373823,0.802473664,-0.097598836,0.504670501,0.303015113
1789530892.568981647,0.616925180,-0.146488905,-0.103403367,0.801269472,-0.097027458,0.505485296,0.305020779
1789530892.602331161,0.619245827,-0.150493756,-0.108744137,0.800019801,-0.096163966,0.507166803,0.305781901
1789530892.635679483,0.620471179,-0.154182211,-0.112771958,0.797728598,-0.094980232,0.511335611,0.305194378
1789530892.669028521,0.623576462,-0.155926466,-0.118776247,0.796328843,-0.092320889,0.513664722,0.305754423
1789530892.702378035,0.627839506,-0.160701677,-0.126838967,0.795140862,-0.090939328,0.514507830,0.307835817
1789530892.735726118,0.632161021,-0.162890226,-0.131668374,0.792958438,-0.088326462,0.517333686,0.309485257
1789530892.769075155,0.638368130,-0.167880967,-0.138826475,0.791246533,-0.086691797,0.519177973,0.311235636
1789530892.802424669,0.642674565,-0.170867309,-0.143281087,0.788988590,-0.083849415,0.522250712,0.312602788
1789530892.835773706,0.650463760,-0.174017772,-0.151300907,0.787470102,-0.083711006,0.522965074,0.315262914
1789530892.869121790,0.658608317,-0.173155636,-0.158666179,0.784704566,-0.081512190,0.525395215,0.318675876
1789530892.902471066,0.665587068,-0.174714133,-0.163309619,0.780591190,-0.080416106,0.529856026,0.321656913
1789530892.935820103,0.676710784,-0.178693295,-0.171471506,0.778460920,-0.081651054,0.530726731,0.325055361
1789530892.969169140,0.686240315,-0.179557547,-0.178737685,0.775773823,-0.080474712,0.532742262,0.328457832
1789530893.002517223,0.696494639,-0.177044541,-0.185933679,0.772719204,-0.078099146,0.534782112,0.332886755
1789530893.035866499,0.704573452,-0.173959807,-0.192260459,0.769301176,-0.075787395,0.538007438,0.336125016
1789530893.069215536,0.714169264,-0.173221037,-0.196913466,0.766181231,-0.075729690,0.540908158,0.338599533
1789530893.102563620,0.724241912,-0.173840180,-0.203828588,0.763094783,-0.077488549,0.544223905,0.339856327
1789530893.135912895,0.734202802,-0.174589664,-0.207780927,0.759529710,-0.079649478,0.547363877,0.342291504
1789530893.169261694,0.742591023,-0.175070211,-0.211740643,0.757599056,-0.079239443,0.547544479,0.346352041
1789530893.202610731,0.751349628,-0.175970942,-0.214710101,0.756303132,-0.078139983,0.547026992,0.350230306
1789530893.235958815,0.758863568,-0.176300317,-0.218861312,0.753809810,-0.078573763,0.548749268,0.352804512
1789530893.269307852,0.769580603,-0.176353931,-0.222991675,0.750503004,-0.081012696,0.550743520,0.356179476
1789530893.302656651,0.779083550,-0.175391808,-0.225109950,0.748239279,-0.083503932,0.550671697,0.360452235
1789530893.336005926,0.787073851,-0.173655629,-0.226361468,0.746669650,-0.084671408,0.550020456,0.364407331
1789530893.369356394,0.795069993,-0.171160728,-0.227293178,0.744823158,-0.086243711,0.549946189,0.367912620
1789530893.402708292,0.804588616,-0.168929726,-0.228350997,0.742937028,-0.088495478,0.550871909,0.369801879
1789530893.436059952,0.811648011,-0.165997118,-0.228095755,0.741273403,-0.091282770,0.551967978,0.370826960
1789530893.469410896,0.819718480,-0.162647739,-0.227666691,0.740129948,-0.093408026,0.551477671,0.373302847
1789530893.502762794,0.826262712,-0.159454137,-0.226186216,0.739681542,-0.094853908,0.551069856,0.374427646
1789530893.536114693,0.836300254,-0.155783117,-0.225353479,0.738742471,-0.097025663,0.550669611,0.376309246
1789530893.569466591,0.843569696,-0.152335107,-0.223726869,0.737814128,-0.097890049,0.550563693,0.378057480
1789530893.602817297,0.854394615,-0.150384367,-0.222437426,0.737012804,-0.099370614,0.550723255,0.379000694
1789530893.636169195,0.862177610,-0.148294538,-0.220478207,0.735884488,-0.102516368,0.551743150,0.378871858
1789530893.669521093,0.871254921,-0.147721782,-0.219113454,0.734128714,-0.106347419,0.554101706,0.377778411
1789530893.702871799,0.879643559,-0.146926671,-0.217766970,0.732874334,-0.108431540,0.555830300,0.377081662
1789530893.736223936,0.888802052,-0.146009684,-0.216115057,0.731875837,-0.110738382,0.555332959,0.379078001
1789530893.769575596,0.897418082,-0.144706264,-0.215266496,0.731137037,-0.111286841,0.553906977,0.382414728
1789530893.802927494,0.904913783,-0.142554611,-0.214186609,0.730453134,-0.111438558,0.552575052,0.385591149
1789530893.836278677,0.914135098,-0.140422344,-0.214021698,0.728430033,-0.114646330,0.552122712,0.389109939
1789530893.869630337,0.925323308,-0.137838766,-0.214777410,0.725261509,-0.117495894,0.553453445,0.392275155
1789530893.902982473,0.935868680,-0.135834470,-0.216050938,0.722592294,-0.120405443,0.553918302,0.395648301
1789530893.936334133,0.944383383,-0.131979644,-0.217738077,0.720218062,-0.121585719,0.554068387,0.399388403
1789530893.969685316,0.952005506,-0.128524244,-0.219489038,0.717636168,-0.122830309,0.554156423,0.403511852
1789530894.003037214,0.962656260,-0.124028400,-0.221770570,0.714623690,-0.124860756,0.553921700,0.408525974
1789530894.036389112,0.987633407,-0.117092364,-0.224508092,0.710411727,-0.129524082,0.553660631,0.414727241
1789530894.069740057,0.999002457,-0.110501319,-0.225584850,0.706566393,-0.132109106,0.553162277,0.421097070
1789530894.103091955,1.008948445,-0.103981569,-0.226730838,0.703698695,-0.133681372,0.551157713,0.427975029
1789530894.136444092,1.017708063,-0.099168763,-0.227581650,0.701674521,-0.135478809,0.548757374,0.433778495
1789530894.169795990,1.025649905,-0.092931569,-0.227392733,0.699083269,-0.137866005,0.547397256,0.438898563
1789530894.203146935,1.036177397,-0.086859375,-0.225629896,0.695594430,-0.142881095,0.547518432,0.442670345
1789530894.236499071,1.043841243,-0.079833068,-0.223017022,0.693198383,-0.147429287,0.547017157,0.445547938
1789530894.269850969,1.052386999,-0.074115746,-0.219622478,0.690631270,-0.153913572,0.545740426,0.448894680
1789530894.303202868,1.061310887,-0.067952335,-0.215074584,0.687792063,-0.159220412,0.545250237,0.451988012
1789530894.336554050,1.066574216,-0.061957791,-0.211586192,0.686354518,-0.163526714,0.543586612,0.454631984
1789530894.369907141,1.073023796,-0.055437796,-0.207938820,0.685790777,-0.168397948,0.540098190,0.457850635
1789530894.403260469,1.079558969,-0.049174737,-0.201235950,0.683613062,-0.174466550,0.538591146,0.460601956
1789530894.436612844,1.084631681,-0.041804388,-0.195709094,0.681560338,-0.179553255,0.537477553,0.462983936
1789530894.469966412,1.089475155,-0.034498382,-0.193032473,0.680721104,-0.183969066,0.534250140,0.466209292
1789530894.503319502,1.093278885,-0.028390167,-0.187632516,0.679939508,-0.187742189,0.532029331,0.468380213
1789530894.536673069,1.098146439,-0.021619895,-0.183080152,0.679615498,-0.191502750,0.529778838,0.469876438
1789530894.570025444,1.100021482,-0.012942226,-0.183473364,0.682015061,-0.193320706,0.525709271,0.470225960
1789530894.603379011,1.103907347,-0.008770158,-0.178733036,0.681716859,-0.196900308,0.524796426,0.470192701
1789530894.636732340,1.106582284,-0.003919020,-0.174037665,0.682329237,-0.198163420,0.523062527,0.470705479
1789530894.670085669,1.110103726,-0.000097324,-0.169490352,0.681760252,-0.201253757,0.521897495,0.471511394
1789530894.703438282,1.112714052,0.004104764,-0.165598333,0.682279110,-0.203358710,0.520746112,0.471130461
1789530894.736791849,1.115307808,0.008248847,-0.161625668,0.682260096,-0.206324577,0.519241512,0.471529126
1789530894.770145178,1.117551804,0.012214814,-0.158463195,0.681771398,-0.208722055,0.517521501,0.473069131
1789530894.803498030,1.118964911,0.016623069,-0.154308066,0.682142913,-0.209975243,0.515863538,0.473789275
1789530894.836851597,1.120990992,0.021018831,-0.151749566,0.681197703,-0.212633878,0.514178574,0.475790858
1789530894.870205164,1.122524381,0.025628243,-0.148550779,0.679207385,-0.214620039,0.513095975,0.478902966
1789530894.903558731,1.124230981,0.029693589,-0.147242844,0.679776907,-0.214622065,0.509612143,0.481805205
1789530894.936911345,1.126230955,0.033145096,-0.145265937,0.678953826,-0.216946185,0.507800877,0.483832985
1789530894.970265150,1.128058910,0.035385761,-0.143118232,0.676720917,-0.220309973,0.507829368,0.485408694
1789530895.003618956,1.131245255,0.037712492,-0.142487153,0.676741123,-0.222713649,0.504754007,0.487486899
1789530895.036971569,1.132996321,0.039950196,-0.140223846,0.675968647,-0.225474924,0.504281521,0.487778366
1789530895.070325375,1.134534359,0.042709231,-0.137701467,0.674937785,-0.227530867,0.504357159,0.488172710
1789530895.103679180,1.135773778,0.045221325,-0.135676295,0.674969375,-0.228829369,0.503160298,0.488756895
1789530895.137032986,1.137858629,0.047303546,-0.134808704,0.675273240,-0.231221646,0.500687063,0.489750087
1789530895.170385838,1.137982726,0.050330117,-0.133006170,0.674848676,-0.231837779,0.501761079,0.488944083
1789530895.203739643,1.138397455,0.052625708,-0.131663024,0.674392223,-0.233156398,0.501670480,0.489040017
1789530895.237093449,1.139065742,0.054525398,-0.131000504,0.673562050,-0.235487655,0.501055658,0.489696831
1789530895.270447493,1.139347792,0.056889601,-0.130188495,0.671412885,-0.237950593,0.502397478,0.490082830
1789530895.303800344,1.140429616,0.058491737,-0.129474431,0.669437885,-0.240623966,0.502074301,0.491807312
1789530895.337154388,1.140495181,0.059165422,-0.128524557,0.667961061,-0.241317347,0.502137244,0.493408680
1789530895.370506287,1.136492014,0.064813875,-0.128286079,0.670402765,-0.233623803,0.503348827,0.492564827
1789530895.403857231,1.136119485,0.066656493,-0.128129810,0.671224236,-0.233195662,0.502197564,0.492824107
1789530895.437209129,1.136983752,0.066426784,-0.126405656,0.670048237,-0.235254526,0.502679646,0.492954344
1789530895.470561266,1.135956526,0.067086361,-0.124567397,0.670165956,-0.235805288,0.504572392,0.490591705
1789530895.503913403,1.135582924,0.068830676,-0.123771548,0.670492828,-0.236164615,0.504506111,0.490040034
1789530895.537264109,1.135264516,0.070140339,-0.122910365,0.670295835,-0.236762956,0.504760742,0.489758581
1789530895.570616245,1.135262847,0.071100086,-0.122615658,0.669814289,-0.237160742,0.504640520,0.490348488
1789530895.603968143,1.135221839,0.072338730,-0.123005949,0.669614077,-0.236820012,0.503694892,0.491756797
1789530895.637320280,1.134924769,0.072747901,-0.123381622,0.669401288,-0.236298427,0.504069865,0.491913140
1789530895.670671225,1.134423494,0.072600313,-0.123788439,0.669201314,-0.235866129,0.505527794,0.490895689
1789530895.704023123,1.134395361,0.071837239,-0.124319986,0.668933094,-0.236167893,0.505906522,0.490725935
1789530895.737375259,1.133794904,0.071188144,-0.124783039,0.669552803,-0.234820038,0.506339312,0.490080744
1789530895.770726204,1.133540034,0.070422299,-0.125145420,0.669652700,-0.234610632,0.506728053,0.489642471
1789530895.804078341,1.132918239,0.070331700,-0.125781626,0.669570982,-0.234139323,0.507273078,0.489415526
1789530895.837430477,1.132389069,0.069702730,-0.126110613,0.669362187,-0.234340504,0.507751107,0.489109188
1789530895.870782375,1.130607128,0.070097938,-0.126840383,0.669624925,-0.232933447,0.508606911,0.488532007
1789530895.904133320,1.130021691,0.069917634,-0.127292469,0.669511914,-0.232681215,0.508448601,0.488971651
1789530895.937485456,1.128416657,0.069778308,-0.127204418,0.670647621,-0.231465712,0.508146226,0.488306046
1789530895.970837355,1.126936555,0.069080099,-0.127645567,0.670856595,-0.230659828,0.508002937,0.488549441
1789530896.004189491,1.125110745,0.068373129,-0.128736034,0.671093345,-0.229426995,0.507972598,0.488836199
1789530896.037540436,1.122953415,0.067078099,-0.129678294,0.672150910,-0.227374107,0.507718086,0.488606870
1789530896.070892572,1.120544910,0.065393388,-0.130399793,0.672522008,-0.226037294,0.508527696,0.487873793
1789530896.104244709,1.118587971,0.063548669,-0.131391004,0.672693133,-0.225131139,0.508648574,0.487930834
1789530896.137595654,1.116282940,0.061669335,-0.132273689,0.673608005,-0.223667949,0.508666873,0.487322241
1789530896.170947790,1.114055037,0.059563041,-0.133015543,0.674131751,-0.222447515,0.508411825,0.487422794
1789530896.204299688,1.112043262,0.057501245,-0.133706242,0.674630284,-0.221148729,0.507973492,0.487780929
1789530896.237651825,1.109704971,0.055195563,-0.134543166,0.674956799,-0.219441071,0.508131802,0.487935603
1789530896.271003008,1.107116699,0.052441612,-0.135942221,0.675891578,-0.218103841,0.507878721,0.487504363
1789530896.304354906,1.104536891,0.049636368,-0.137232304,0.676476717,-0.216961637,0.508270979,0.486793131
1789530896.337707043,1.101704836,0.046481535,-0.139347658,0.676886678,-0.215645909,0.508949757,0.486098230
1789530896.371057749,1.098556399,0.043415423,-0.141313717,0.677154601,-0.214107305,0.509530365,0.485796928
1789530896.404409885,1.095512033,0.040306099,-0.143252283,0.677240968,-0.212703764,0.510312378,0.485471964
1789530896.437761784,1.092162609,0.037042372,-0.145559624,0.677682817,-0.210896671,0.510591269,0.485350698
1789530896.471113682,1.088843226,0.032978050,-0.147806138,0.678178072,-0.209238932,0.510608077,0.485358596
1789530896.504464626,1.084882021,0.029745331,-0.149277642,0.678857803,-0.206479788,0.510696590,0.485496938
1789530896.537816763,1.081066847,0.025737483,-0.149883956,0.678928018,-0.205156013,0.510968208,0.485673934
1789530896.571168661,1.076839924,0.020055298,-0.150218576,0.678227603,-0.204396799,0.512460649,0.485400230
1789530896.604520559,1.071381807,0.014854284,-0.150077567,0.679462373,-0.201648146,0.513692737,0.483517140
1789530896.637871504,1.066479087,0.009138822,-0.151556209,0.682180166,-0.199336693,0.512745619,0.481650412
1789530896.671223402,1.060271859,0.004076820,-0.150498539,0.684921563,-0.197717592,0.514117062,0.476942331
1789530896.704575539,1.054387569,-0.001901329,-0.149004415,0.686677814,-0.197349206,0.514920533,0.473691612
1789530896.737926245,1.048375010,-0.008145938,-0.147374541,0.688769281,-0.196274474,0.515129507,0.470866024
1789530896.771278381,1.041296244,-0.013525576,-0.146550164,0.691996694,-0.193564817,0.514529705,0.467902213
1789530896.804630280,1.033446193,-0.019455228,-0.145842224,0.694210231,-0.191893324,0.514230192,0.465635419
1789530896.837982178,1.024844170,-0.025936453,-0.143832833,0.695048511,-0.190709427,0.514783263,0.464258313
1789530896.871333361,1.016273737,-0.030320629,-0.144930571,0.698347211,-0.188003913,0.512347758,0.463104337
1789530896.904685259,1.007302761,-0.035424810,-0.144384295,0.700289667,-0.185353279,0.511611998,0.462051630
1789530896.938037157,0.998274446,-0.040646449,-0.143537775,0.702073336,-0.183944851,0.510479093,0.461159915
1789530896.971389055,0.987297475,-0.045933835,-0.142419115,0.703769207,-0.181305408,0.509647369,0.460539788
1789530897.004740000,0.975882351,-0.050871987,-0.145199701,0.707772195,-0.178397566,0.505555034,0.460051060
1789530897.038092136,0.964851499,-0.055256274,-0.145124719,0.709420323,-0.177086219,0.504384577,0.459303319
1789530897.071444035,0.952894211,-0.059841726,-0.144004405,0.711490750,-0.174309209,0.503200769,0.458460808
1789530897.104794979,0.941926479,-0.064756937,-0.142078072,0.713445902,-0.172560081,0.501050949,0.458438545
1789530897.138146877,0.930140913,-0.068978168,-0.140791103,0.715550125,-0.170483902,0.499204695,0.457949817
1789530897.171499014,0.916984081,-0.073220655,-0.138548493,0.717003882,-0.168776050,0.499280065,0.456223220
1789530897.204850912,0.905059874,-0.077328749,-0.139329910,0.720363140,-0.166728109,0.496978194,0.454193234
1789530897.238201857,0.894583941,-0.082032681,-0.139967993,0.722727060,-0.165983528,0.495466739,0.452358037
1789530897.271553993,0.883697331,-0.086345538,-0.141558439,0.725317836,-0.165194288,0.494158417,0.449924946
1789530897.304905653,0.868255377,-0.090234719,-0.139105022,0.727888584,-0.163416639,0.495828480,0.444552928
1789530897.338257790,0.858565211,-0.095812686,-0.140132070,0.730558097,-0.163563684,0.495032847,0.440992385
1789530897.371605873,0.841515422,-0.101848938,-0.138002649,0.733223140,-0.161846370,0.499065846,0.432577074
1789530897.404954910,0.829892337,-0.107906535,-0.139465421,0.736629784,-0.160480306,0.500651121,0.425407022
1789530897.438303947,0.820057571,-0.114197142,-0.140572801,0.740030050,-0.159318641,0.501121521,0.419345230
1789530897.471651793,0.806590676,-0.120296784,-0.140615821,0.743055582,-0.155384779,0.501363873,0.415160596
1789530897.505001068,0.797278225,-0.125826806,-0.144461021,0.747506142,-0.152521849,0.498088181,0.412165016
1789530897.538349867,0.785956800,-0.130655497,-0.144042358,0.750072002,-0.149693578,0.498460889,0.408069193
1789530897.571698666,0.773776114,-0.136230424,-0.145092964,0.753108323,-0.147020429,0.497733563,0.404319435
1789530897.605046988,0.759774983,-0.142144680,-0.143877059,0.756563067,-0.144231156,0.497601599,0.399001777
1789530897.638395786,0.751970649,-0.145973012,-0.146899626,0.760887563,-0.142279521,0.497409344,0.391651273
1789530897.671744585,0.738267183,-0.148708194,-0.148409709,0.763934195,-0.142307788,0.500700593,0.381381720
1789530897.705092430,0.725793719,-0.151478052,-0.149691239,0.766941667,-0.140704602,0.501313448,0.375083417
1789530897.738441467,0.713179111,-0.154124588,-0.151482433,0.772532046,-0.134508356,0.498673528,0.369359523
1789530897.771790028,0.699615240,-0.156932041,-0.152757853,0.777788877,-0.127239242,0.496172160,0.364235878
1789530897.805138826,0.686981916,-0.159314230,-0.154111564,0.781288207,-0.122225538,0.493872225,0.361579865
1789530897.838486910,0.673785806,-0.161145881,-0.155524656,0.784471095,-0.116990268,0.491385520,0.359803796
1789530897.871835470,0.660084546,-0.163374364,-0.156932473,0.788227558,-0.112019561,0.488656342,0.356881112
1789530897.905184269,0.646542728,-0.165404722,-0.158089831,0.791597486,-0.107986629,0.486806571,0.353173941
1789530897.938533306,0.632095873,-0.167793512,-0.159076527,0.794971228,-0.103880405,0.485186189,0.349032968
1789530897.971880913,0.619468749,-0.170047209,-0.159681216,0.798613429,-0.101234503,0.483490527,0.343809843
1789530898.005229473,0.604545414,-0.172169685,-0.160789594,0.801438689,-0.098511048,0.483109027,0.338522345
1789530898.038578272,0.590496421,-0.173728511,-0.162155822,0.804408014,-0.094773032,0.481892169,0.334253997
1789530898.071926117,0.574174643,-0.174749166,-0.163338825,0.808366179,-0.089698754,0.479217798,0.329922110
1789530898.105274677,0.558542609,-0.175931767,-0.164740175,0.812576652,-0.084702849,0.476472616,0.324835896
1789530898.138623238,0.545181274,-0.178115562,-0.164798036,0.816087842,-0.081114620,0.474787980,0.319370538
1789530898.171972036,0.529908061,-0.179196045,-0.165614679,0.820523322,-0.077497840,0.472141564,0.312758714
1789530898.205319643,0.515050650,-0.179709122,-0.165376276,0.824751914,-0.073082812,0.469834447,0.306102723
1789530898.238668203,0.498866171,-0.180204690,-0.165258750,0.828210533,-0.067135319,0.469184160,0.299042702
1789530898.272016525,0.482699633,-0.180472225,-0.166226745,0.831527293,-0.060684796,0.468630463,0.292001963
1789530898.305365324,0.465828925,-0.181070045,-0.165858820,0.836282253,-0.055311941,0.464701533,0.285700947
1789530898.338712931,0.451152921,-0.181517974,-0.165163264,0.841119885,-0.050778851,0.459966779,0.279945582
1789530898.372062206,0.433822066,-0.180056214,-0.163694844,0.845423222,-0.045545809,0.456838131,0.272917747
1789530898.405411720,0.414315343,-0.178599507,-0.165275529,0.850087225,-0.040847126,0.452627569,0.266104430
1789530898.438760042,0.397538334,-0.179741070,-0.164512679,0.854344666,-0.037043270,0.448047668,0.260722905
1789530898.472109079,0.379156411,-0.179043919,-0.161776111,0.859040678,-0.032887660,0.442783058,0.254775941
1789530898.505458593,0.361504346,-0.178367302,-0.158917621,0.863782644,-0.029543653,0.437768221,0.247721136
1789530898.538807869,0.345873237,-0.178128347,-0.157083213,0.868010104,-0.027666790,0.432896852,0.241647020
1789530898.572156191,0.328229904,-0.175012186,-0.155007109,0.872264624,-0.024299121,0.427217394,0.236747324
1789530898.605505466,0.310428768,-0.175015956,-0.151902199,0.876455724,-0.023106728,0.421448112,0.231674537
1789530898.638854742,0.294388443,-0.174370021,-0.148793146,0.881179988,-0.020516759,0.413912356,0.227546498
1789530898.672203779,0.276665658,-0.171682522,-0.146632180,0.886629045,-0.014735889,0.404083222,0.224473715
1789530898.705552340,0.259351194,-0.167826012,-0.144808665,0.891844273,-0.008208200,0.395178825,0.219954953
1789530898.738901377,0.242474511,-0.167224169,-0.141644686,0.896226108,-0.005622793,0.388485312,0.214071095
1789530898.772250414,0.226828009,-0.164040953,-0.140266046,0.899889112,-0.003043921,0.383127630,0.208335280
1789530898.805598974,0.211402118,-0.163167819,-0.137128890,0.903123081,-0.002768834,0.378269881,0.203157648
1789530898.838948011,0.196323454,-0.159366027,-0.133740216,0.906640649,-0.001294934,0.372761130,0.197611213
1789530898.872297049,0.178939700,-0.158968613,-0.132560685,0.910369635,0.000223083,0.368331671,0.188571081
1789530898.905646324,0.162394375,-0.156671971,-0.130084649,0.912954330,0.004044573,0.365281880,0.181844100
1789530898.938994408,0.148239911,-0.159017310,-0.131339610,0.916455567,0.004268168,0.358015448,0.178650230
1789530898.972343445,0.136516258,-0.156608850,-0.131307825,0.920286655,0.008550558,0.347822011,0.178939298
1789530899.005692720,0.126072854,-0.154446751,-0.131389618,0.922711492,0.011829125,0.341209590,0.178996369
1789530899.039040804,0.115524173,-0.152510658,-0.130884096,0.924851835,0.013153978,0.335647911,0.178372055
1789530899.072389603,0.106771104,-0.148539349,-0.130672619,0.927254319,0.015818683,0.329023898,0.178024158
1789530899.105738878,0.098181784,-0.145009249,-0.130061671,0.929629564,0.017509373,0.322198182,0.177962512
1789530899.139087915,0.090061545,-0.142603174,-0.128513351,0.932159185,0.018151212,0.315036505,0.177487388
1789530899.172435760,0.083091490,-0.140595600,-0.127084196,0.934037924,0.017213289,0.310121208,0.176357090
1789530899.205784798,0.072857097,-0.135222584,-0.124568835,0.934998333,0.017758628,0.309365392,0.172498852
1789530899.239133835,0.065057218,-0.132473692,-0.122180507,0.936390996,0.017927388,0.307275623,0.168618813
1789530899.272482872,0.055294383,-0.127135709,-0.118863299,0.938349605,0.020715831,0.304067016,0.163138479
1789530899.305830717,0.048548166,-0.121766731,-0.116743311,0.940319061,0.022030987,0.300379127,0.158389077
1789530899.339179754,0.039623030,-0.119039163,-0.113570444,0.941977203,0.021125127,0.297600091,0.153840423
1789530899.372529030,0.030030373,-0.114716291,-0.109341912,0.943562150,0.021706738,0.294937700,0.149100497
1789530899.405877352,0.022035699,-0.110921949,-0.106627144,0.945366085,0.021236012,0.291510463,0.144408241
1789530899.439226866,0.014633539,-0.106741495,-0.104165524,0.947227061,0.021091146,0.287299901,0.140623108
1789530899.472575903,0.004034958,-0.102662146,-0.099488653,0.949074686,0.021180756,0.283224016,0.136355653
1789530899.505925179,-0.002549541,-0.097092785,-0.097806275,0.951550126,0.022973699,0.275983632,0.133632168
1789530899.539273739,-0.011410230,-0.093495429,-0.096644379,0.953789532,0.023843236,0.269276232,0.131177098
1789530899.572622776,-0.021195121,-0.086002938,-0.092037305,0.955593288,0.027102048,0.263495505,0.129139975
1789530899.605972052,-0.026999846,-0.084519133,-0.093390740,0.958220541,0.027282368,0.254546702,0.127574101
1789530899.639321327,-0.034588210,-0.086040311,-0.090981200,0.960405707,0.026713129,0.247440696,0.125221506
1789530899.672669411,-0.042511351,-0.082729921,-0.089096203,0.962224007,0.028415818,0.241752237,0.121956274
1789530899.706018686,-0.050936211,-0.078866310,-0.085495569,0.963705838,0.025826430,0.236896589,0.120349370
1789530899.739367962,-0.058544904,-0.075290143,-0.082903355,0.965379179,0.025086584,0.231941104,0.116691783
1789530899.772716045,-0.066691890,-0.070984751,-0.079863369,0.966828406,0.024517341,0.227578968,0.113355927
1789530899.806065083,-0.072842561,-0.069907576,-0.077284470,0.968452454,0.021643518,0.222267598,0.110582665
1789530899.839414358,-0.081224211,-0.065468907,-0.075612321,0.970134079,0.021763751,0.216566727,0.107074954
1789530899.872763395,-0.088592283,-0.063104488,-0.072948858,0.971531630,0.021659857,0.212576598,0.102315731
1789530899.906111479,-0.096744284,-0.060035527,-0.070448473,0.972674906,0.021964336,0.209176838,0.098316364
1789530899.939460754,-0.104165085,-0.055798434,-0.066037305,0.974168241,0.022688581,0.203278348,0.095704913
1789530899.972809553,-0.113982849,-0.053051345,-0.064052813,0.975533962,0.022524066,0.198264703,0.092289336
1789530900.006158590,-0.121199794,-0.050783120,-0.061220337,0.976527393,0.022785516,0.194840655,0.088950858
1789530900.039506912,-0.126573756,-0.047657341,-0.059117861,0.977623165,0.023691650,0.190381587,0.086293489
1789530900.072855711,-0.132471427,-0.046822980,-0.057582173,0.978745282,0.021856543,0.185595840,0.084463932
1789530900.106204748,-0.135454386,-0.046145536,-0.056171507,0.979794264,0.020452842,0.181120008,0.082344256
1789530900.139552832,-0.140688479,-0.043853432,-0.053104222,0.980395317,0.020707022,0.178448871,0.080946021
1789530900.172901869,-0.145065710,-0.044289481,-0.053360522,0.981463373,0.019647732,0.173179343,0.079703666
1789530900.206250668,-0.148845762,-0.041137084,-0.049590740,0.982209206,0.020963818,0.169259205,0.078593880
1789530900.239599943,-0.152872667,-0.039679293,-0.047259502,0.982611597,0.020944728,0.167272121,0.077819973
1789530900.272947788,-0.153066054,-0.037685964,-0.045216229,0.983323097,0.020829421,0.162912413,0.078110985
1789530900.306296587,-0.154584438,-0.038416870,-0.044372916,0.984231889,0.019338416,0.157725826,0.077692553
1789530900.339645624,-0.156726256,-0.037777562,-0.042920355,0.984857738,0.019199602,0.154056817,0.077157483
