t_sec,x,y,z,qw,qx,qy,qz
1789659033.155941486,0.000000000,0.000000000,0.000000000,1.000000000,0.000000000,0.000000000,0.000000000
1789659033.189358234,0.000007356,0.000013367,0.000033824,1.000000000,-0.000003711,-0.000009145,-0.000019068
1789659033.222759962,0.000009813,-0.000002751,0.000026952,1.000000000,-0.000011768,-0.000010832,-0.000009379
1789659033.256148577,-0.000001833,0.000000717,0.000023788,1.000000000,-0.000007560,-0.000005522,-0.000013042
1789659033.289523363,-0.000000447,0.000004165,0.000028546,1.000000000,-0.000005187,-0.000008842,-0.000012853
1789659033.322883368,-0.000008905,-0.000012747,0.000023094,1.000000000,-0.000019913,0.000000273,-0.000009861
1789659033.356230021,0.000009105,0.000007260,0.000020687,1.000000000,-0.000002997,-0.000012198,-0.000013054
1789659033.389562845,0.000000738,0.000005258,0.000038412,1.000000000,-0.000006512,-0.000009096,-0.000012792
1789659033.422881365,0.000002510,0.000005556,0.000025012,1.000000000,-0.000005841,-0.000010218,-0.000009419
1789659033.456185102,-0.000006656,0.000001648,0.000037318,1.000000000,-0.000008272,-0.000005255,-0.000019894
1789659033.489475727,0.000000424,0.000021406,0.000046381,1.000000000,0.000003062,-0.000009615,-0.000018941
1789659033.522752762,0.000002848,0.000013627,0.000032416,1.000000000,-0.000001135,-0.000005758,-0.000013407
1789659033.556015491,0.000000208,0.000002504,0.000017962,1.000000000,-0.000007323,-0.000005190,-0.000012054
1789659033.589263201,0.000011091,0.000011996,0.000032731,1.000000000,-0.000001952,-0.000013171,-0.000008488
1789659033.622497797,-0.000017522,0.000000800,0.000049567,1.000000000,-0.000010217,-0.000001125,-0.000018316
1789659033.655718565,-0.000000029,0.000014024,0.000032481,1.000000000,-0.000002254,-0.000004973,-0.000014576
1789659033.688924313,-0.000002851,0.000007983,0.000026916,1.000000000,-0.000006503,-0.000008572,-0.000019985
1789659033.722116947,-0.000002488,0.000005437,0.000034678,1.000000000,-0.000008036,-0.000004350,-0.000013589
1789659033.755295992,-0.000002447,-0.000003284,0.000037002,1.000000000,-0.000013025,-0.000007602,-0.000018879
1789659033.788460493,-0.000008422,0.000007016,0.000022698,1.000000000,-0.000005585,-0.000002385,-0.000015565
1789659033.821610451,-0.000007180,0.000006804,0.000012836,1.000000000,-0.000003769,-0.000000526,-0.000010820
1789659033.854747057,-0.000006409,0.000005493,0.000029438,1.000000000,-0.000005185,-0.000002470,-0.000010075
1789659033.887869596,-0.000009772,0.000008640,0.000033007,1.000000000,-0.000003675,-0.000002410,-0.000017896
1789659033.920978546,-0.000001173,0.000000945,0.000018386,1.000000000,-0.000009634,-0.000006147,-0.000011144
1789659033.954072237,0.000011387,0.000008780,0.000024748,1.000000000,-0.000005245,-0.000012938,-0.000011718
1789659033.987152815,-0.000006255,0.000007302,0.000027628,1.000000000,-0.000006054,-0.000001656,-0.000010740
1789659034.020219803,0.000012436,0.000017914,0.000037178,1.000000000,0.000000333,-0.000015197,-0.000015952
1789659034.053271294,-0.000011489,0.000005172,0.000045319,1.000000000,-0.000004843,-0.000001936,-0.000014787
1789659034.086310148,0.000002816,-0.000002347,0.000026735,1.000000000,-0.000010166,-0.000008378,-0.000010684
1789659034.119671345,-0.000003799,0.000008244,0.000040450,1.000000000,-0.000000535,-0.000005465,-0.000013620
1789659034.153028488,0.000004135,0.000003438,0.000028109,1.000000000,-0.000006645,-0.000008375,-0.000012172
1789659034.186380863,-0.000000139,-0.000001019,0.000025511,1.000000000,-0.000011836,-0.000009000,-0.000016993
1789659034.219729900,0.000000928,-0.000003125,0.000037001,1.000000000,-0.000015748,-0.000005985,-0.000017587
1789659034.253075123,0.000003296,0.000004158,0.000034161,1.000000000,-0.000009923,-0.000008549,-0.000017966
1789659034.286416054,0.000006504,0.000011501,0.000038041,1.000000000,-0.000001325,-0.000009981,-0.000014167
1789659034.319751978,0.000006796,0.000010205,0.000033005,1.000000000,-0.000002642,-0.000008266,-0.000011811
1789659034.353085041,0.000001420,0.000007851,0.000038662,1.000000000,-0.000005671,-0.000007431,-0.000015260
1789659034.386413813,-0.000008982,0.000010356,0.000033580,1.000000000,-0.000004984,-0.000000407,-0.000017905
1789659034.419737577,-0.000005279,0.000000104,0.000030151,1.000000000,-0.000009868,-0.000005680,-0.000018746
1789659034.453058004,0.000004532,0.000016660,0.000041523,1.000000000,-0.000000589,-0.000011232,-0.000017492
1789659034.486374855,-0.000006580,0.000013506,0.000033215,1.000000000,0.000000013,-0.000004722,-0.000019725
1789659034.519687414,0.000004517,-0.000002457,0.000027656,1.000000000,-0.000013672,-0.000010820,-0.000015837
1789659034.552994967,-0.000010299,0.000005710,0.000032321,1.000000000,-0.000004414,0.000000828,-0.000012047
1789659034.586299419,0.000000620,0.000007252,0.000027295,1.000000000,-0.000004289,-0.000006634,-0.000015033
1789659034.619599819,0.000008871,-0.000005776,0.000034517,1.000000000,-0.000012254,-0.000014797,-0.000013106
1789659034.652894974,-0.000006057,0.000006599,0.000025842,1.000000000,-0.000004586,-0.000003826,-0.000014902
1789659034.686187267,0.000000858,0.000020194,0.000038259,1.000000000,0.000002405,-0.000008377,-0.000015246
1789659034.719475508,-0.000000938,0.000010434,0.000024065,1.000000000,-0.000002901,-0.000004581,-0.000012387
1789659034.752759457,0.000003278,0.000000046,0.000026233,1.000000000,-0.000010178,-0.000010320,-0.000013001
1789659034.786038637,-0.000000622,0.000003432,0.000026905,1.000000000,-0.000007373,-0.000006202,-0.000014073
1789659034.819314718,-0.000005733,0.000001090,0.000025328,1.000000000,-0.000008905,-0.000005078,-0.000020995
1789659034.852586746,0.000007560,0.000019895,0.000034658,1.000000000,0.000002470,-0.000012694,-0.000013690
1789659034.885854483,-0.000011869,0.000002282,0.000034563,1.000000000,-0.000007460,-0.000000760,-0.000016317
1789659034.919117212,0.000007322,0.000010215,0.000033442,1.000000000,-0.000002031,-0.000010447,-0.000012336
1789659034.952376842,0.000011224,0.000000835,0.000031591,1.000000000,-0.000009756,-0.000013026,-0.000015309
1789659034.985632896,-0.000014614,0.000001984,0.000023248,1.000000000,-0.000008132,-0.000000364,-0.000016278
1789659035.018883228,-0.000005645,0.000018720,0.000038909,1.000000000,0.000002986,-0.000003905,-0.000014048
1789659035.052130938,-0.000001429,0.000001246,0.000030014,1.000000000,-0.000009189,-0.000007322,-0.000017515
1789659035.085375071,0.000005795,0.000012358,0.000033325,1.000000000,-0.000003501,-0.000009066,-0.000016682
1789659035.118614435,0.000004089,0.000004955,0.000024085,1.000000000,-0.000006221,-0.000008591,-0.000015263
1789659035.151847839,0.000003699,0.000006152,0.000027824,1.000000000,-0.000005235,-0.000009128,-0.000015023
1789659035.185077190,-0.000001528,0.000007184,0.000021905,1.000000000,-0.000003458,-0.000003578,-0.000008903
1789659035.218301058,-0.000001544,0.000008734,0.000014790,1.000000000,-0.000003506,-0.000004397,-0.000013533
1789659035.251519918,0.000006114,0.000012256,0.000026909,1.000000000,-0.000000530,-0.000007215,-0.000010280
1789659035.284732819,-0.000000145,0.000007302,0.000030827,1.000000000,-0.000004361,-0.000008760,-0.000015764
1789659035.317941427,-0.000005096,0.000007163,0.000027583,1.000000000,-0.000004727,-0.000003499,-0.000009584
1789659035.351144791,-0.000011540,-0.000003675,0.000027149,1.000000000,-0.000013878,-0.000001370,-0.000023268
1789659035.384342194,-0.000000722,-0.000005284,0.000026144,1.000000000,-0.000013932,-0.000006842,-0.000016978
1789659035.417535305,0.000000077,0.000003250,0.000033305,1.000000000,-0.000006293,-0.000005769,-0.000012157
1789659035.450723410,-0.000005834,-0.000003109,0.000033202,1.000000000,-0.000012022,-0.000005288,-0.000011353
1789659035.483906269,0.000000621,-0.000002560,0.000035182,1.000000000,-0.000011115,-0.000007666,-0.000013969
1789659035.517082930,0.000000684,0.000006579,0.000034596,1.000000000,-0.000004897,-0.000007609,-0.000012558
1789659035.550255537,-0.000003434,0.000002686,0.000033754,1.000000000,-0.000007907,-0.000006426,-0.000016735
1789659035.583423138,-0.000008228,0.000013186,0.000027995,1.000000000,-0.000001369,-0.000002719,-0.000009183
1789659035.616585493,-0.000007316,0.000015378,0.000020194,1.000000000,0.000002017,-0.000000387,-0.000009446
1789659035.649741650,-0.000000645,0.000007597,0.000028508,1.000000000,-0.000004876,-0.000006634,-0.000018133
1789659035.682893515,0.000000257,-0.000002532,0.000027141,1.000000000,-0.000011070,-0.000007181,-0.000014725
1789659035.716040611,-0.000004508,0.000008622,0.000030321,1.000000000,-0.000003969,-0.000005570,-0.000015953
1789659035.749181271,0.000002667,0.000013109,0.000036140,1.000000000,-0.000002257,-0.000009355,-0.000016430
1789659035.782317877,0.000003137,-0.000003343,0.000032373,1.000000000,-0.000012755,-0.000011143,-0.000016272
1789659035.815449238,-0.000004122,0.000005221,0.000025778,1.000000000,-0.000006234,-0.000003925,-0.000020091
1789659035.848575354,-0.000016931,0.000011271,0.000029702,1.000000000,-0.000003510,0.000002525,-0.000014330
1789659035.881695747,0.000000936,0.000006011,0.000028139,1.000000000,-0.000006326,-0.000006582,-0.000017673
1789659035.914811850,-0.000002220,0.000005278,0.000033238,1.000000000,-0.000002786,-0.000004733,-0.000011823
1789659035.947922707,0.000001597,0.000015480,0.000036628,1.000000000,0.000003339,-0.000004616,-0.000009552
1789659035.981027365,0.000000307,0.000011929,0.000020509,1.000000000,-0.000001004,-0.000006112,-0.000008085
1789659036.014127970,-0.000008204,0.000002432,0.000036884,1.000000000,-0.000006482,-0.000002580,-0.000013111
1789659036.047223091,0.000000260,0.000001169,0.000033907,1.000000000,-0.000008966,-0.000004453,-0.000006822
1789659036.080314398,0.000003401,0.000006251,0.000032242,1.000000000,-0.000004518,-0.000009490,-0.000013018
1789659036.113637209,-0.000002131,0.000014851,0.000031047,1.000000000,-0.000001485,-0.000005347,-0.000024093
1789659036.146960974,-0.000001644,0.000002878,0.000028687,1.000000000,-0.000007536,-0.000007806,-0.000012555
1789659036.180284262,-0.000004138,0.000004665,0.000030179,1.000000000,-0.000005719,-0.000004312,-0.000013529
1789659036.213607311,0.000003088,0.000010542,0.000038366,1.000000000,-0.000002029,-0.000008423,-0.000016386
1789659036.246929407,-0.000001009,0.000010445,0.000035785,1.000000000,-0.000003944,-0.000008590,-0.000011550
1789659036.280252218,-0.000011385,0.000014001,0.000037902,1.000000000,0.000000100,0.000000099,-0.000011349
1789659036.313574791,0.000005365,-0.000000820,0.000027883,1.000000000,-0.000011126,-0.000010242,-0.000009527
1789659036.346896172,-0.000002960,0.000009248,0.000041441,1.000000000,-0.000001836,-0.000008710,-0.000013864
1789659036.380218506,-0.000004508,0.000012315,0.000036155,1.000000000,-0.000001142,-0.000007482,-0.000012439
1789659036.413540602,0.000002580,0.000011396,0.000037820,1.000000000,-0.000002260,-0.000007047,-0.000014693
1789659036.446862221,0.000002729,0.000006273,0.000022030,1.000000000,-0.000006599,-0.000009832,-0.000017724
1789659036.480182886,0.000002498,0.000005135,0.000020257,1.000000000,-0.000005211,-0.000008574,-0.000014904
1789659036.513504505,0.000002865,0.000002891,0.000023479,1.000000000,-0.000006614,-0.000008433,-0.000012141
1789659036.546825409,0.000000045,0.000004688,0.000030864,1.000000000,-0.000003159,-0.000004137,-0.000009126
1789659036.580146551,-0.000002076,0.000006098,0.000035396,1.000000000,-0.000005150,-0.000007090,-0.000021183
1789659036.613466263,-0.000016662,-0.000004270,0.000036656,1.000000000,-0.000013229,0.000001114,-0.000016686
1789659036.646787167,-0.000011915,0.000000933,0.000016387,1.000000000,-0.000008928,0.000002007,-0.000012134
1789659036.680107355,0.000001730,0.000006995,0.000016359,1.000000000,-0.000006680,-0.000005767,-0.000010114
1789659036.713426828,0.000004560,0.000007738,0.000035433,1.000000000,-0.000005537,-0.000011287,-0.000015928
1789659036.746746778,-0.000002214,0.000007912,0.000022245,1.000000000,-0.000002111,-0.000001675,-0.000011608
1789659036.780066729,-0.000001815,0.000005113,0.000027170,1.000000000,-0.000003915,-0.000005637,-0.000009990
1789659036.813386202,-0.000000593,0.000006101,0.000032454,1.000000000,-0.000006368,-0.000009211,-0.000018276
1789659036.846704721,0.000006200,0.000012360,0.000033437,1.000000000,0.000000198,-0.000010415,-0.000010563
1789659036.880023956,0.000011244,0.000011730,0.000043512,1.000000000,-0.000002308,-0.000015629,-0.000016035
1789659036.913342953,-0.000003299,0.000008931,0.000020243,1.000000000,-0.000001917,-0.000003731,-0.000010651
1789659036.946661949,-0.000010436,-0.000007038,0.000039899,1.000000000,-0.000016187,-0.000006319,-0.000018595
1789659036.979979753,-0.000003974,0.000005669,0.000036101,1.000000000,-0.000003876,-0.000003820,-0.000010099
1789659037.013298035,-0.000010224,-0.000008234,0.000026909,1.000000000,-0.000015616,0.000000559,-0.000014839
1789659037.046616554,-0.000005712,0.000003250,0.000029016,1.000000000,-0.000006184,-0.000003908,-0.000012084
1789659037.079933643,0.000004476,0.000014046,0.000032948,1.000000000,-0.000002040,-0.000010632,-0.000018732
1789659037.113265753,0.000011073,0.000009776,0.000030127,1.000000000,-0.000002475,-0.000013659,-0.000014656
1789659037.146597862,-0.000012669,0.000012327,0.000036713,1.000000000,0.000001820,-0.000001276,-0.000016194
1789659037.179930210,0.000001409,0.000010769,0.000033910,1.000000000,-0.000002531,-0.000010150,-0.000016303
1789659037.213261366,0.000002402,0.000003859,0.000024934,1.000000000,-0.000008664,-0.000006181,-0.000018222
1789659037.246593475,0.000004337,0.000005168,0.000028249,1.000000000,-0.000008841,-0.000009756,-0.000015409
1789659037.279925823,0.000003821,0.000005609,0.000019106,1.000000000,-0.000004971,-0.000005917,-0.000009907
1789659037.313256741,0.000006578,0.000007171,0.000029539,1.000000000,-0.000004023,-0.000010662,-0.000012654
1789659037.346589088,0.000007695,0.000009697,0.000031833,1.000000000,-0.000002315,-0.000009605,-0.000011669
1789659037.379921198,0.000002342,0.000002503,0.000017186,1.000000000,-0.000007392,-0.000005828,-0.000009524
1789659037.413253307,-0.000001957,-0.000005568,0.000036323,1.000000000,-0.000014051,-0.000008503,-0.000014882
1789659037.446584463,-0.000003594,0.000006488,0.000023844,1.000000000,-0.000007346,-0.000005107,-0.000013482
1789659037.479916573,0.000000180,0.000013539,0.000022582,1.000000000,-0.000002295,-0.000009392,-0.000021133
1789659037.513248444,0.000004431,0.000012070,0.000027070,1.000000000,-0.000002983,-0.000009583,-0.000012743
1789659037.546580791,-0.000009749,0.000003737,0.000035818,1.000000000,-0.000008293,-0.000004579,-0.000016195
1789659037.579911947,-0.000000076,0.000004753,0.000029955,1.000000000,-0.000006620,-0.000005140,-0.000012685
1789659037.613243818,-0.000000011,0.000009432,0.000020720,1.000000000,-0.000000390,-0.000005505,-0.000009859
1789659037.646575928,-0.000011349,0.000005944,0.000027294,1.000000000,-0.000003797,-0.000000918,-0.000014562
1789659037.679906845,-0.000001202,0.000004970,0.000029340,1.000000000,-0.000006169,-0.000005006,-0.000016211
1789659037.713238716,-0.000016826,0.000008339,0.000028869,1.000000000,-0.000003694,0.000003462,-0.000011073
1789659037.746570826,-0.000003568,0.000006433,0.000025615,1.000000000,-0.000005417,-0.000008894,-0.000020688
1789659037.779902935,0.000011810,0.000004914,0.000027898,1.000000000,-0.000004651,-0.000013896,-0.000007792
1789659037.813233852,-0.000006616,0.000010148,0.000031661,1.000000000,-0.000004012,-0.000007068,-0.000018899
1789659037.846565723,0.000002321,0.000006939,0.000027226,1.000000000,-0.000003714,-0.000009435,-0.000014524
1789659037.879897594,0.000005055,0.000009175,0.000037278,1.000000000,-0.000006922,-0.000010888,-0.000019387
1789659037.913229465,0.000002085,0.000004025,0.000025156,1.000000000,-0.000005220,-0.000005209,-0.000011051
1789659037.946560621,-0.000002730,0.000002080,0.000030238,1.000000000,-0.000005165,-0.000005046,-0.000010124
1789659037.979892254,-0.000000158,0.000003666,0.000043714,1.000000000,-0.000009198,-0.000006479,-0.000015553
1789659038.013224363,0.000009153,0.000006479,0.000029783,1.000000000,-0.000003466,-0.000011346,-0.000010513
1789659038.046555281,-0.000002589,0.000010255,0.000031757,1.000000000,-0.000000527,-0.000005633,-0.000016467
1789659038.079886913,0.000012188,0.000013468,0.000042719,1.000000000,-0.000000553,-0.000014922,-0.000011735
1789659038.113222361,0.000007664,0.000013154,0.000034217,1.000000000,-0.000003508,-0.000011416,-0.000014212
1789659038.146557808,0.000004567,0.000000645,0.000036409,1.000000000,-0.000011678,-0.000011321,-0.000013837
1789659038.179892302,0.000010905,0.000005016,0.000026166,1.000000000,-0.000004625,-0.000014083,-0.000011046
1789659038.213227749,-0.000007125,0.000006280,0.000039671,1.000000000,-0.000004496,-0.000006179,-0.000016849
1789659038.246563196,0.000001738,0.000008454,0.000026376,1.000000000,-0.000004767,-0.000006992,-0.000010601
1789659038.279898882,0.000000490,0.000004279,0.000036079,1.000000000,-0.000006289,-0.000009096,-0.000019374
1789659038.313233376,-0.000008409,0.000009804,0.000031564,1.000000000,-0.000002133,-0.000001279,-0.000015626
1789659038.346569061,0.000001241,0.000004155,0.000024160,1.000000000,-0.000006271,-0.000007807,-0.000016755
1789659038.379904747,-0.000002905,0.000004988,0.000033451,1.000000000,-0.000003924,-0.000006275,-0.000016492
1789659038.413239479,0.000003996,0.000002286,0.000041606,1.000000000,-0.000010009,-0.000011919,-0.000020045
1789659038.446575165,-0.000002181,0.000003749,0.000024987,1.000000000,-0.000006558,-0.000005624,-0.000017282
1789659038.479911089,-0.000000009,0.000009847,0.000026289,1.000000000,-0.000001548,-0.000008432,-0.000013139
1789659038.513246775,0.000005610,0.000008975,0.000032375,1.000000000,-0.000003364,-0.000008729,-0.000015682
1789659038.546581745,-0.000004592,0.000005002,0.000034087,1.000000000,-0.000004702,-0.000003954,-0.000011845
1789659038.579917669,0.000003848,0.000008337,0.000029357,1.000000000,-0.000005173,-0.000006547,-0.000014756
1789659038.613253593,0.000004547,0.000007675,0.000033807,1.000000000,-0.000002167,-0.000009127,-0.000011733
1789659038.646588564,-0.000003102,-0.000002645,0.000029193,1.000000000,-0.000016152,-0.000009619,-0.000014468
1789659038.679924488,0.000001448,0.000001087,0.000031888,1.000000000,-0.000008662,-0.000006309,-0.000013779
1789659038.713260412,0.000002436,0.000006235,0.000019349,1.000000000,-0.000005300,-0.000010930,-0.000014443
1789659038.746596575,0.000000295,0.000005547,0.000040906,1.000000000,-0.000006234,-0.000007880,-0.000017217
1789659038.779931784,0.000001651,0.000004742,0.000027639,1.000000000,-0.000007018,-0.000008276,-0.000016307
1789659038.813268185,-0.000004746,0.000014383,0.000032764,1.000000000,-0.000001259,-0.000003833,-0.000016213
1789659038.846604347,-0.000005461,0.000006553,0.000035413,1.000000000,-0.000003742,-0.000005624,-0.000018842
1789659038.879940510,0.000012530,0.000007722,0.000020324,1.000000000,-0.000004215,-0.000012147,-0.000012508
1789659038.913275719,-0.000001871,0.000006285,0.000030787,1.000000000,-0.000006739,-0.000004378,-0.000014033
1789659038.946611881,-0.000001358,0.000004942,0.000035910,1.000000000,-0.000008331,-0.000007663,-0.000016829
1789659038.979948282,0.000001549,0.000015280,0.000037324,1.000000000,-0.000000897,-0.000009162,-0.000017045
1789659039.013283730,-0.000006935,0.000005637,0.000034862,1.000000000,-0.000003249,-0.000002342,-0.000010910
1789659039.046620131,0.000002109,0.000009690,0.000028863,1.000000000,-0.000001628,-0.000006489,-0.000007345
1789659039.079956532,-0.000001853,0.000004926,0.000029562,1.000000000,-0.000004070,-0.000005285,-0.000008109
1789659039.113289118,0.000002590,0.000006119,0.000028122,1.000000000,-0.000004730,-0.000008744,-0.000013791
1789659039.146620512,-0.000000299,0.000003799,0.000026711,1.000000000,-0.000007015,-0.000005422,-0.000009658
1789659039.179953098,0.000010379,0.000017330,0.000025523,1.000000000,-0.000000125,-0.000012664,-0.000020397
1789659039.213285685,-0.000010628,0.000006720,0.000031864,1.000000000,-0.000005836,-0.000001065,-0.000014587
1789659039.246618271,0.000006615,0.000012101,0.000029774,1.000000000,-0.000000504,-0.000012957,-0.000018200
1789659039.279949665,0.000000019,0.000004695,0.000028342,1.000000000,-0.000005796,-0.000003888,-0.000012765
1789659039.313282251,0.000009037,0.000007811,0.000026864,1.000000000,-0.000000549,-0.000010222,-0.000006627
1789659039.346614838,0.000002446,-0.000003614,0.000031180,1.000000000,-0.000011483,-0.000010853,-0.000015494
1789659039.379946232,-0.000004438,0.000001288,0.000035346,1.000000000,-0.000009338,-0.000004229,-0.000016379
1789659039.413278818,-0.000007927,0.000011263,0.000028903,1.000000000,-0.000000378,-0.000003244,-0.000015213
1789659039.446611404,-0.000012422,0.000010797,0.000034137,1.000000000,0.000002121,0.000001731,-0.000014938
1789659039.479943514,-0.000004521,0.000010267,0.000027434,1.000000000,-0.000000647,-0.000004061,-0.000015038
1789659039.513275146,0.000005111,0.000010474,0.000030475,1.000000000,-0.000000857,-0.000009977,-0.000011791
1789659039.546607733,-0.000007190,-0.000000524,0.000028149,1.000000000,-0.000008996,-0.000000733,-0.000012316
1789659039.579939842,0.000002862,0.000009648,0.000036921,1.000000000,-0.000000587,-0.000008884,-0.000013641
1789659039.613272429,0.000003385,0.000008898,0.000031679,1.000000000,-0.000003532,-0.000009723,-0.000011939
1789659039.646603823,0.000000254,0.000014101,0.000028560,1.000000000,0.000000985,-0.000006594,-0.000010988
1789659039.679935932,0.000004435,0.000013612,0.000027684,1.000000000,-0.000001094,-0.000009811,-0.000006825
1789659039.713268518,0.000002735,0.000013295,0.000037723,1.000000000,0.000000541,-0.000007729,-0.000016668
1789659039.746599913,-0.000006646,-0.000003840,0.000037228,1.000000000,-0.000010730,-0.000002839,-0.000012255
1789659039.779932022,-0.000006542,-0.000000120,0.000014027,1.000000000,-0.000007329,-0.000001808,-0.000010319
1789659039.813264370,-0.000002346,0.000002495,0.000032877,1.000000000,-0.000004591,-0.000008082,-0.000011150
1789659039.846596956,0.000000632,0.000006446,0.000030489,1.000000000,-0.000003646,-0.000004591,-0.000009825
1789659039.879928112,-0.000010764,0.000002987,0.000031309,1.000000000,-0.000005134,-0.000001168,-0.000013459
1789659039.913260460,-0.000007006,0.000003207,0.000019923,1.000000000,-0.000007812,-0.000001337,-0.000012445
1789659039.946592808,-0.000002205,0.000007453,0.000027635,1.000000000,-0.000001470,-0.000004788,-0.000008017
1789659039.979923725,-0.000003441,0.000009544,0.000028230,1.000000000,-0.000002947,-0.000005340,-0.000015298
1789659040.013256073,0.000006023,0.000011399,0.000028284,1.000000000,-0.000000637,-0.000009627,-0.000012940
1789659040.046588421,-0.000018239,0.000014161,0.000031953,1.000000000,0.000000035,0.000001603,-0.000015393
1789659040.079920769,-0.000015213,-0.000000754,0.000029839,1.000000000,-0.000009837,-0.000000019,-0.000017611
1789659040.113253117,-0.000010407,0.000003943,0.000036244,1.000000000,-0.000002881,0.000000061,-0.000011674
1789659040.146586657,-0.000009526,0.000001422,0.000029779,1.000000000,-0.000005603,-0.000001585,-0.000011107
1789659040.179919958,0.000005391,0.000016665,0.000035095,1.000000000,0.000002427,-0.000010950,-0.000015013
1789659040.213253498,-0.000004321,0.000004641,0.000033226,1.000000000,-0.000005023,-0.000005696,-0.000018020
1789659040.246585846,0.000002149,0.000010808,0.000047303,1.000000000,-0.000003483,-0.000009717,-0.000015315
1789659040.279919386,-0.000011535,0.000006570,0.000029939,1.000000000,-0.000005895,-0.000000619,-0.000013589
1789659040.313252926,0.000004672,0.000009951,0.000027566,1.000000000,-0.000004248,-0.000007888,-0.000013686
1789659040.346585512,0.000007490,0.000005117,0.000038797,1.000000000,-0.000007502,-0.000012321,-0.000016794
1789659040.379919052,0.000002222,0.000004074,0.000029029,1.000000000,-0.000004258,-0.000005901,-0.000009753
1789659040.413252354,-0.000004502,0.000017316,0.000045909,1.000000000,0.000003793,-0.000007227,-0.000021623
1789659040.446585894,0.000000571,0.000008598,0.000019777,1.000000000,-0.000001617,-0.000003501,-0.000008265
1789659040.479918480,0.000010646,0.000007854,0.000030328,1.000000000,-0.000005075,-0.000014409,-0.000009731
1789659040.513252020,-0.000002792,0.000006205,0.000030551,1.000000000,-0.000004280,-0.000006265,-0.000012575
1789659040.546585560,0.000005197,0.000012133,0.000041624,1.000000000,-0.000000759,-0.000011691,-0.000013184
1789659040.579918861,0.000004855,0.000011112,0.000038387,1.000000000,-0.000001295,-0.000009504,-0.000013239
1789659040.613251448,0.000000726,0.000006576,0.000031919,1.000000000,-0.000004786,-0.000007268,-0.000014338
1789659040.646584988,-0.000006637,0.000000479,0.000036230,1.000000000,-0.000008122,-0.000001166,-0.000010402
1789659040.679918528,-0.000000066,0.000000897,0.000028839,1.000000000,-0.000009551,-0.000009186,-0.000014174
1789659040.713251114,-0.000003969,0.000006547,0.000029044,1.000000000,-0.000001249,-0.000001847,-0.000004452
1789659040.746584654,-0.000006069,-0.000000155,0.000016196,1.000000000,-0.000010115,-0.000001380,-0.000014018
1789659040.779918194,-0.000008835,0.000008830,0.000025068,1.000000000,-0.000001690,-0.000000732,-0.000012915
1789659040.813251734,-0.000001256,0.000019184,0.000041126,1.000000000,0.000003199,-0.000007505,-0.000009744
1789659040.846584320,0.000011173,0.000015084,0.000026165,1.000000000,0.000000331,-0.000014440,-0.000017446
1789659040.879917860,0.000004172,-0.000001888,0.000025790,1.000000000,-0.000011332,-0.000008204,-0.000012241
1789659040.913251400,-0.000000190,0.000000639,0.000025723,1.000000000,-0.000009297,-0.000004464,-0.000009604
1789659040.946584940,0.000003577,0.000009559,0.000027549,1.000000000,-0.000002573,-0.000008556,-0.000012514
1789659040.979917526,0.000002384,0.000006112,0.000033671,1.000000000,-0.000004142,-0.000008424,-0.000010130
1789659041.013251305,0.000001704,0.000000974,0.000026212,1.000000000,-0.000008868,-0.000012002,-0.000019100
1789659041.046584606,-0.000003703,0.000009980,0.000030890,1.000000000,-0.000001551,-0.000005861,-0.000016915
1789659041.079917192,-0.000004380,0.000005544,0.000025530,1.000000000,-0.000006968,-0.000003102,-0.000012532
1789659041.113253593,0.000000070,0.000006576,0.000023772,1.000000000,-0.000004243,-0.000007006,-0.000009685
1789659041.146589994,0.000006422,0.000014172,0.000029250,1.000000000,-0.000000280,-0.000009855,-0.000017968
1789659041.179926395,0.000003662,0.000004365,0.000038088,1.000000000,-0.000007408,-0.000007039,-0.000012974
1789659041.213262081,-0.000001662,0.000014212,0.000041503,1.000000000,-0.000000793,-0.000005892,-0.000015868
1789659041.246598482,-0.000005880,-0.000006988,0.000039211,1.000000000,-0.000016997,-0.000004933,-0.000019367
1789659041.279934883,0.000002641,0.000009406,0.000036122,1.000000000,-0.000003828,-0.000011973,-0.000017320
1789659041.313270330,0.000007551,0.000003583,0.000027236,1.000000000,-0.000006552,-0.000009931,-0.000009193
1789659041.346606731,0.000008375,0.000010689,0.000038911,1.000000000,-0.000004726,-0.000010871,-0.000015521
1789659041.379943371,0.000065498,-0.000003188,0.000027202,0.999999999,-0.000014080,-0.000039036,-0.000017884
1789659041.413279772,0.000177503,-0.000056880,0.000014503,0.999999995,-0.000042891,-0.000086547,-0.000002623
1789659041.446615458,0.000158488,-0.000079986,0.000009467,0.999999996,-0.000050919,-0.000077692,-0.000008613
1789659041.479951859,-0.000059118,0.000911786,-0.000507633,0.999998243,0.001791173,0.000036923,-0.000550798
1789659041.513288498,0.000270709,0.000133226,-0.000461362,0.999998572,0.001685161,-0.000116394,-0.000051510
1789659041.546625137,0.000538291,-0.000179938,-0.000030504,0.999999963,-0.000100843,-0.000247119,0.000050442
1789659041.579960585,0.000726085,-0.000199396,-0.000041813,0.999999936,-0.000107299,-0.000332245,0.000079557
1789659041.613297462,0.000545521,-0.000453845,-0.000463730,0.999998877,0.001481246,-0.000213293,0.000075873
1789659041.646634102,0.000202991,-0.000475844,-0.000985840,0.999998777,0.001561216,0.000090486,0.000000634
1789659041.679969788,0.000303419,-0.000554337,-0.001070237,0.999998909,0.001474273,0.000075162,0.000045633
1789659041.713306427,0.000605348,-0.000064209,-0.000821764,0.999998272,0.001842560,-0.000214115,0.000119898
1789659041.746643305,0.000802031,0.000580309,-0.002454697,0.999995419,0.002772509,-0.001210874,0.000099196
1789659041.779979944,0.000784652,0.000658552,-0.002197294,0.999993176,0.002733248,-0.002475384,0.000224283
1789659041.813315630,0.001065535,0.000208829,-0.002752910,0.999992107,0.002592823,-0.002645992,0.001436040
1789659041.846652508,0.001682319,-0.000640153,-0.003376704,0.999978525,0.002504611,-0.002127718,0.005670002
1789659041.879989147,0.002340239,-0.001999241,-0.005417363,0.999924132,0.002648376,-0.005658070,0.010616140
1789659041.913326263,0.002366225,-0.003276425,-0.008034219,0.999845262,0.004476659,-0.008932691,0.014478217
1789659041.946662188,0.001610116,-0.004712398,-0.011144606,0.999787716,0.006755877,-0.009518278,0.016978896
1789659041.979998827,0.000099497,-0.006547220,-0.014476534,0.999743922,0.009315373,-0.010198869,0.017924776
1789659042.013335705,-0.002329089,-0.008610522,-0.017930163,0.999710971,0.011352162,-0.011362595,0.017888372
1789659042.046671629,-0.005802807,-0.011049578,-0.021088976,0.999713554,0.012166701,-0.012506066,0.016382321
1789659042.080008507,-0.010148085,-0.015084427,-0.024540454,0.999743338,0.011661437,-0.014162882,0.013292185
1789659042.113342524,-0.015674168,-0.020040842,-0.027194792,0.999778609,0.011783984,-0.015051022,0.008794130
1789659042.146676540,-0.020961378,-0.023184257,-0.030611310,0.999716019,0.014090043,-0.018616130,0.004774045
1789659042.180009604,-0.028161030,-0.027947543,-0.033692785,0.999612146,0.015156959,-0.023316787,0.001466490
1789659042.213343620,-0.033243082,-0.031602081,-0.036066756,0.999493504,0.015699600,-0.027676213,-0.000534925
1789659042.246677399,-0.040291604,-0.037304927,-0.037929773,0.999388007,0.014588898,-0.031715586,-0.002213176
1789659042.280011654,-0.048338514,-0.043234441,-0.040905297,0.999207248,0.012378264,-0.037719845,-0.002977767
1789659042.313344717,-0.057051010,-0.049478181,-0.041579571,0.999019662,0.009776741,-0.043013659,-0.003735731
1789659042.346678734,-0.059530534,-0.051634938,-0.041107316,0.998635247,0.008968884,-0.051298731,-0.003955052
1789659042.380012751,-0.068634979,-0.057809923,-0.042125721,0.998248269,0.006578969,-0.058613248,-0.004647303
1789659042.413345814,-0.076202855,-0.062155325,-0.042836256,0.997763479,0.005228046,-0.066363072,-0.006053906
1789659042.446679592,-0.084787928,-0.065251857,-0.043143712,0.997317561,0.004780909,-0.072519299,-0.008704978
1789659042.480013847,-0.095459364,-0.069911480,-0.043458622,0.996873775,0.003821484,-0.078196221,-0.010650063
1789659042.513347864,-0.103894629,-0.073698632,-0.042695675,0.996274634,0.003526894,-0.085214350,-0.012764394
1789659042.546680927,-0.116787404,-0.079073370,-0.042060796,0.995781243,0.002061140,-0.090290005,-0.016222895
1789659042.580014944,-0.126929119,-0.084348798,-0.040771689,0.995110219,0.000196239,-0.096731888,-0.019963826
1789659042.613349199,-0.136909693,-0.089008942,-0.039123088,0.994668112,-0.003694735,-0.100069694,-0.024652647
1789659042.646682024,-0.149439350,-0.093187355,-0.036799155,0.994188961,-0.007381726,-0.103060008,-0.030206881
1789659042.680016041,-0.159537449,-0.095684037,-0.033820290,0.993537479,-0.010704351,-0.106866322,-0.036718998
1789659042.713350296,-0.170464188,-0.099146254,-0.030419147,0.992944496,-0.015487956,-0.109729083,-0.042200477
1789659042.746684313,-0.181012303,-0.102066599,-0.026909253,0.992276297,-0.020126072,-0.112953043,-0.047162499
1789659042.780017376,-0.196081266,-0.105997548,-0.021922203,0.991432652,-0.024691701,-0.116964793,-0.052638896
1789659042.813351631,-0.208617926,-0.110076621,-0.019535502,0.990636562,-0.029027767,-0.120120843,-0.058030801
1789659042.846685648,-0.218356580,-0.112834826,-0.016762674,0.989857237,-0.030602348,-0.124085990,-0.062038812
1789659042.880019665,-0.230592400,-0.116367571,-0.014154643,0.989163405,-0.031315407,-0.128990345,-0.062742282
1789659042.913352728,-0.239589855,-0.118519127,-0.011624492,0.988216032,-0.031123785,-0.136140100,-0.062659855
1789659042.946686983,-0.249813527,-0.121620998,-0.010330358,0.987434174,-0.031561524,-0.141070695,-0.063848899
1789659042.980021000,-0.258827686,-0.123767048,-0.007381801,0.986659862,-0.031602537,-0.145247420,-0.066383603
1789659043.013354301,-0.267898321,-0.125541359,-0.004859984,0.985851151,-0.033302942,-0.149089444,-0.068998264
1789659043.046688318,-0.275260210,-0.124621563,-0.000496475,0.985046432,-0.035878285,-0.152719540,-0.071225121
1789659043.080022573,-0.285783112,-0.125648350,0.002988436,0.984231394,-0.042650606,-0.155515891,-0.072693168
1789659043.113357782,-0.293730408,-0.124700665,0.007204952,0.983322233,-0.049004542,-0.157624672,-0.076357079
1789659043.146691799,-0.302562743,-0.122479878,0.012089446,0.982648057,-0.054987426,-0.157813308,-0.080462030
1789659043.180027246,-0.309993654,-0.120815158,0.016907779,0.981734784,-0.060797399,-0.159599776,-0.083835562
1789659043.213362455,-0.316052049,-0.117846385,0.019817034,0.980997343,-0.064026517,-0.162223616,-0.085019503
1789659043.246697664,-0.319535792,-0.117049128,0.022370633,0.980000420,-0.067858069,-0.166675297,-0.084934121
1789659043.280032158,-0.324687898,-0.114453666,0.025300449,0.979065129,-0.071197697,-0.170027943,-0.086329945
1789659043.313367367,-0.329247028,-0.114461198,0.026692955,0.978447143,-0.075621429,-0.171167155,-0.087317775
1789659043.346702814,-0.334770530,-0.113423400,0.029990153,0.977571513,-0.080341374,-0.172727072,-0.089802895
1789659043.380037308,-0.341136068,-0.111434862,0.032516137,0.976471244,-0.085838720,-0.173520282,-0.095007032
1789659043.413372517,-0.347267538,-0.108438402,0.036473803,0.975210343,-0.091406851,-0.174644380,-0.100543103
1789659043.446707964,-0.353244305,-0.106968582,0.039624717,0.973776497,-0.097941277,-0.176854532,-0.104351876
1789659043.480043411,-0.358483404,-0.104245499,0.043631874,0.972280935,-0.104434849,-0.179093513,-0.108114103
1789659043.513377905,-0.363425851,-0.102462642,0.046733811,0.971010999,-0.111345718,-0.179451349,-0.111968676
1789659043.546713114,-0.369477510,-0.100266889,0.051764429,0.969625429,-0.117601657,-0.180394760,-0.115991848
1789659043.580048561,-0.374990731,-0.097337022,0.055962212,0.968422219,-0.123210600,-0.181009096,-0.119219383
1789659043.613384008,-0.379588395,-0.094216391,0.059472028,0.967241547,-0.128167609,-0.182448857,-0.121364194
1789659043.646718502,-0.383751184,-0.092702776,0.063371330,0.965836043,-0.134052917,-0.184486791,-0.123106367
1789659043.680053949,-0.387833744,-0.090095103,0.067648441,0.964686254,-0.138549408,-0.186655931,-0.123871130
1789659043.713389635,-0.391669571,-0.087850742,0.071384870,0.963609811,-0.142774751,-0.188506904,-0.124646097
1789659043.746724129,-0.396364301,-0.084869720,0.075428635,0.962493144,-0.147348273,-0.189585094,-0.126304898
1789659043.780059576,-0.400990129,-0.082799703,0.079432800,0.960874813,-0.153990316,-0.190339584,-0.129527675
1789659043.813395023,-0.405234784,-0.080203451,0.084625088,0.959325231,-0.159749996,-0.190999787,-0.133019250
1789659043.846730709,-0.408193111,-0.078309178,0.088777348,0.958303463,-0.165613817,-0.190352010,-0.134136678
1789659043.880065203,-0.409836203,-0.075930029,0.093430050,0.957681898,-0.169407786,-0.190515415,-0.133604870
1789659043.913400650,-0.411735564,-0.073746376,0.096412167,0.957570859,-0.170395022,-0.191067462,-0.132351093
1789659043.946736336,-0.413309246,-0.071908772,0.099892892,0.957161048,-0.171391200,-0.193365942,-0.130680514
1789659043.980070829,-0.415535986,-0.069378980,0.102395147,0.956837796,-0.172375326,-0.194774021,-0.129658240
1789659044.013406515,-0.417576641,-0.066968128,0.105390184,0.956408762,-0.174215102,-0.195624627,-0.129082854
1789659044.046741962,-0.420286655,-0.064363927,0.108764820,0.955935712,-0.176775276,-0.195255368,-0.129664018
1789659044.080077648,-0.421655118,-0.062229838,0.113109738,0.954493474,-0.181592857,-0.197272365,-0.130575099
1789659044.113415003,-0.425254881,-0.059920602,0.117487080,0.953220897,-0.186125590,-0.197962894,-0.132430657
1789659044.146753550,-0.427658081,-0.056660712,0.121234797,0.952377595,-0.189091320,-0.197953786,-0.134297010
1789659044.180092096,-0.431229979,-0.053869963,0.124622285,0.951868563,-0.192246908,-0.195200914,-0.137418951
1789659044.213430643,-0.434558660,-0.051973484,0.128106788,0.950790410,-0.195660103,-0.195673916,-0.139378763
1789659044.246768236,-0.436717242,-0.050097860,0.130097017,0.949655744,-0.197964052,-0.198511252,-0.139848079
1789659044.280107021,-0.438670486,-0.048188083,0.134110644,0.948810143,-0.199768676,-0.200753702,-0.139820386
1789659044.313445568,-0.442412853,-0.046182729,0.134698465,0.948619996,-0.200254018,-0.201449672,-0.139414709
1789659044.346783161,-0.446080387,-0.044998195,0.136705458,0.947564510,-0.202700548,-0.204299890,-0.138908396
1789659044.380122185,-0.449715763,-0.042652994,0.138361976,0.946865781,-0.204607958,-0.204194019,-0.141016236
1789659044.413460732,-0.453269035,-0.040136132,0.139678389,0.946709164,-0.204941858,-0.202130858,-0.144511975
1789659044.446799517,-0.456859171,-0.037524130,0.141263053,0.946123039,-0.205345981,-0.202380665,-0.147398403
1789659044.480137348,-0.459246725,-0.036266275,0.143247649,0.945041155,-0.207377786,-0.204493353,-0.148573678
1789659044.513476372,-0.461488336,-0.036392082,0.144976437,0.944102935,-0.210226744,-0.205300719,-0.149418805
1789659044.546815157,-0.462678581,-0.037529968,0.145906970,0.944036220,-0.210467510,-0.206119306,-0.148370733
1789659044.580153942,-0.464808583,-0.037933968,0.146250755,0.944767399,-0.208435428,-0.204748463,-0.148483333
1789659044.613492250,-0.466145545,-0.038324527,0.147401214,0.944390874,-0.208975594,-0.205834101,-0.148618308
1789659044.646831036,-0.466604531,-0.038680296,0.148532733,0.944004391,-0.210963437,-0.205483878,-0.148749839
1789659044.680170059,-0.467382729,-0.038804203,0.150322169,0.943797787,-0.213217995,-0.204361743,-0.148391717
1789659044.713508368,-0.467267454,-0.038718030,0.151099458,0.943834520,-0.213911899,-0.203706988,-0.148059314
1789659044.746847391,-0.467028260,-0.039172791,0.151111260,0.944020500,-0.213734000,-0.203534752,-0.147365798
1789659044.780186415,-0.467040688,-0.039160844,0.150742158,0.944247828,-0.212750015,-0.203849521,-0.146897388
1789659044.813525677,-0.466874897,-0.039501455,0.150727451,0.944141258,-0.213178945,-0.204042075,-0.146693064
1789659044.846863747,-0.467168033,-0.038710687,0.150800154,0.944224405,-0.213135465,-0.203352019,-0.147178475
1789659044.880203009,-0.466804355,-0.038589280,0.150536194,0.944102282,-0.214029029,-0.202797339,-0.147430305
1789659044.913542509,-0.466924936,-0.038385145,0.150330886,0.943502120,-0.215516774,-0.202800898,-0.149090795
1789659044.946881533,-0.466788620,-0.038123030,0.149786249,0.943637858,-0.214947734,-0.201928098,-0.150233514
1789659044.980220079,-0.465891123,-0.039084230,0.148315251,0.944027906,-0.214086504,-0.201271237,-0.149893866
1789659045.013559341,-0.464537084,-0.040077813,0.146572217,0.944214243,-0.212619519,-0.202057457,-0.149750420
1789659045.046898842,-0.463564068,-0.041430742,0.144239187,0.944752338,-0.210437611,-0.202021748,-0.149486602
1789659045.080237389,-0.461283118,-0.043394960,0.141059101,0.945666812,-0.207417986,-0.200274340,-0.150273913
1789659045.113571405,-0.458484143,-0.045115657,0.137631401,0.947006773,-0.202976500,-0.197510098,-0.151553534
1789659045.146905184,-0.456099033,-0.046988286,0.133695185,0.948735272,-0.197246455,-0.194868542,-0.151728278
1789659045.180239201,-0.452829361,-0.051561128,0.127651647,0.950616340,-0.190582826,-0.194105221,-0.149432006
1789659045.213572264,-0.448230416,-0.057171766,0.121379212,0.952113341,-0.183678558,-0.197435965,-0.144088216
1789659045.246906281,-0.443165809,-0.060561087,0.115864754,0.954154123,-0.176202716,-0.199442670,-0.136985888
1789659045.280240297,-0.434952140,-0.065384373,0.109296478,0.956101110,-0.168886977,-0.200421349,-0.131069219
1789659045.313573360,-0.428731740,-0.068034023,0.102011815,0.957912717,-0.160557847,-0.200220371,-0.128593188
1789659045.346907139,-0.422066420,-0.071593076,0.094707303,0.960033068,-0.152399413,-0.196871151,-0.127877586
1789659045.380241156,-0.414952874,-0.076070398,0.080723770,0.963779045,-0.139541545,-0.187430313,-0.128561222
1789659045.413575172,-0.407774538,-0.079634309,0.072085224,0.965316614,-0.130763504,-0.187470842,-0.126172202
1789659045.446908236,-0.400304288,-0.083402954,0.065092310,0.966837026,-0.123059769,-0.188151060,-0.121167806
1789659045.480242252,-0.391636670,-0.087921083,0.057322916,0.969737716,-0.112571479,-0.182390263,-0.116919698
1789659045.513576269,-0.382433146,-0.090865724,0.049939591,0.973069335,-0.100502523,-0.173924316,-0.113073620
1789659045.546910286,-0.371143579,-0.094393335,0.036756285,0.974907437,-0.093635110,-0.169749569,-0.109421385
1789659045.580243111,-0.360103577,-0.097671539,0.029075736,0.976773648,-0.088721650,-0.164580991,-0.104665215
1789659045.613577366,-0.349081248,-0.099929340,0.020445086,0.979238041,-0.081429490,-0.156252147,-0.100236536
1789659045.646911383,-0.338889837,-0.101567924,0.013937982,0.980922012,-0.075714377,-0.150838057,-0.096473937
1789659045.680244446,-0.327441424,-0.102273017,0.006044403,0.982143055,-0.071941943,-0.146171527,-0.094091767
1789659045.713578463,-0.316397667,-0.101045564,-0.001563917,0.983590524,-0.067205025,-0.139191282,-0.093053496
1789659045.746912241,-0.305024147,-0.100319348,-0.009320263,0.985078425,-0.061801808,-0.132594254,-0.090663095
1789659045.780246258,-0.293446213,-0.099815138,-0.017477697,0.986375432,-0.055377162,-0.128234816,-0.086906327
1789659045.813579321,-0.284015179,-0.098904371,-0.025192775,0.987475538,-0.048651630,-0.124682489,-0.083542545
1789659045.846913338,-0.272729695,-0.097887456,-0.034253493,0.988592586,-0.042685388,-0.119637202,-0.080929574
1789659045.880247355,-0.262298912,-0.097553469,-0.041976921,0.989819800,-0.036669036,-0.113597598,-0.077509555
1789659045.913581371,-0.252700955,-0.094525181,-0.045275941,0.990725755,-0.030404972,-0.109871589,-0.073934096
1789659045.946914196,-0.243924364,-0.092402548,-0.051949892,0.991598466,-0.025701990,-0.105092687,-0.070904283
1789659045.980248213,-0.233514413,-0.089431830,-0.060441535,0.992518101,-0.019959015,-0.099717741,-0.067570916
1789659046.013582230,-0.224445805,-0.085881650,-0.068227477,0.993342678,-0.014918123,-0.094290664,-0.064475148
1789659046.046915054,-0.215843782,-0.083386160,-0.074039660,0.994171413,-0.011317836,-0.088128383,-0.061061418
1789659046.080249071,-0.206573144,-0.081154220,-0.080343038,0.994979534,-0.008205704,-0.081672910,-0.057253206
1789659046.113585234,-0.195198029,-0.075939387,-0.084285833,0.995425256,-0.004265025,-0.077258465,-0.056049077
1789659046.146921158,-0.187320009,-0.072961919,-0.089192301,0.996035230,-0.002559969,-0.070062604,-0.054758557
1789659046.180256128,-0.179048553,-0.069206700,-0.094130419,0.996535927,-0.002022963,-0.063898215,-0.053189027
1789659046.213592291,-0.171324596,-0.066681907,-0.099552415,0.996841410,-0.002728035,-0.060729905,-0.051104206
1789659046.246928215,-0.164818168,-0.062334906,-0.104162849,0.997141716,-0.001046276,-0.056382638,-0.050282229
1789659046.280264378,-0.159522638,-0.061991364,-0.108610839,0.997516421,-0.000768565,-0.051217040,-0.048344737
1789659046.313599348,-0.156278685,-0.060234763,-0.111283794,0.997647717,-0.000325326,-0.049359655,-0.047566278
1789659046.346935511,-0.152713537,-0.057916250,-0.113735244,0.997708046,-0.000828026,-0.047666921,-0.048019091
1789659046.380271673,-0.150460422,-0.056058828,-0.116207518,0.997890356,-0.001885702,-0.042871155,-0.048717003
1789659046.413606882,-0.148085117,-0.054001473,-0.118323177,0.997986828,-0.002025340,-0.039936933,-0.049226320
1789659046.446942806,-0.147365645,-0.051934831,-0.116370775,0.997973896,-0.001215573,-0.039863861,-0.049573152
1789659046.480278969,-0.145251289,-0.051398773,-0.116251491,0.998051128,-0.001940037,-0.038615724,-0.048979664
1789659046.513615131,-0.144127086,-0.050961118,-0.117734291,0.998113612,-0.001408280,-0.038360081,-0.047913874
1789659046.546950340,-0.144166231,-0.052536778,-0.117664553,0.998043230,-0.003072546,-0.039398964,-0.048456091
1789659046.580286503,-0.142424434,-0.050476640,-0.116275549,0.998106558,-0.003241120,-0.039269259,-0.047230499
1789659046.613623142,-0.142120391,-0.051222004,-0.115159348,0.998306324,-0.004271970,-0.036759478,-0.044888467
1789659046.646958351,-0.142128944,-0.051910784,-0.114297643,0.998359952,-0.004745927,-0.036167315,-0.044122635
1789659046.680294514,-0.142448828,-0.053330090,-0.114115320,0.998359153,-0.004898053,-0.036295262,-0.044018910
1789659046.713630676,-0.142669439,-0.055347063,-0.113517277,0.998379607,-0.003971354,-0.035294004,-0.044460346
1789659046.746967077,-0.143043429,-0.058164246,-0.112463124,0.998462585,-0.003593935,-0.034140459,-0.043519864
1789659046.780302286,-0.143016189,-0.062285844,-0.110950939,0.998530362,-0.003454346,-0.034715480,-0.041473119
1789659046.813638687,-0.141626641,-0.067675091,-0.108202375,0.998673736,-0.004703607,-0.034020629,-0.038356774
1789659046.846974850,-0.139387280,-0.073644698,-0.104398191,0.998863417,-0.008251365,-0.032484083,-0.033890607
1789659046.880311251,-0.136937276,-0.079773545,-0.098315381,0.998999126,-0.012177574,-0.031437049,-0.029396670
1789659046.913646698,-0.134346873,-0.086083747,-0.092242889,0.999092421,-0.017387123,-0.028961466,-0.025947173
1789659046.946983099,-0.132036775,-0.090595335,-0.085455641,0.999161213,-0.021869257,-0.025632416,-0.023272006
1789659046.980319262,-0.129123777,-0.096324503,-0.078056566,0.999139746,-0.025748975,-0.024490402,-0.021377045
1789659047.013654709,-0.126155898,-0.101384230,-0.069471881,0.999043703,-0.031626852,-0.023981814,-0.018338318
1789659047.046991110,-0.124380574,-0.105849877,-0.059528854,0.998986616,-0.037315704,-0.021349388,-0.013322300
1789659047.080327749,-0.121717140,-0.109950915,-0.050000187,0.998935382,-0.040972873,-0.019082652,-0.009229211
1789659047.113671064,-0.119012654,-0.113742173,-0.040299542,0.998748941,-0.046457015,-0.016882135,-0.007569173
1789659047.147013664,-0.117020130,-0.117155701,-0.029286806,0.998455649,-0.053612166,-0.012594154,-0.007310291
1789659047.180357456,-0.114691362,-0.119603455,-0.017164446,0.998108458,-0.060181369,-0.008544129,-0.009203577
1789659047.213701487,-0.114383377,-0.121163771,-0.006116980,0.997697870,-0.066776684,-0.006164414,-0.010091266
1789659047.247045517,-0.114347912,-0.122619770,0.005029692,0.997171512,-0.074323597,-0.004692421,-0.010146912
1789659047.280388355,-0.115969025,-0.123035640,0.017952135,0.996655670,-0.081037069,-0.001653144,-0.010379579
1789659047.313732624,-0.115703084,-0.124289460,0.030204166,0.995939318,-0.089549877,-0.001000425,-0.009202855
1789659047.347076893,-0.116086110,-0.124729693,0.041085299,0.995243998,-0.096936493,-0.001958069,-0.009426930
1789659047.380420446,-0.116077065,-0.124159753,0.051628049,0.994607993,-0.103279995,-0.001850002,-0.009206537
1789659047.413765192,-0.116527937,-0.123096444,0.062341191,0.993895470,-0.109952457,-0.002102651,-0.008822153
1789659047.447109938,-0.117228970,-0.123231366,0.070853733,0.993098332,-0.116978259,-0.002323370,-0.008148153
1789659047.480454683,-0.118251555,-0.123013437,0.079891235,0.992302818,-0.123566864,-0.001963958,-0.007905128
1789659047.513798475,-0.120234855,-0.123795904,0.089052312,0.991283068,-0.131434859,-0.001145176,-0.009024724
1789659047.547143698,-0.122534394,-0.123018607,0.097233415,0.990284633,-0.138587766,-0.000863490,-0.011359161
1789659047.580488920,-0.124797769,-0.122296482,0.105409034,0.989374936,-0.144818685,-0.000790551,-0.012812462
1789659047.613834143,-0.127190515,-0.120705865,0.112842776,0.988440876,-0.150937102,-0.002942942,-0.013927120
1789659047.647178650,-0.128567800,-0.119214080,0.119772062,0.987450269,-0.157145689,-0.006090582,-0.014494981
1789659047.680524349,-0.130228624,-0.116794623,0.126093730,0.986696603,-0.161774343,-0.006637824,-0.014656548
1789659047.713870049,-0.130425557,-0.114580281,0.132660046,0.985773868,-0.167375536,-0.007447035,-0.013410930
1789659047.747214794,-0.130761549,-0.113206908,0.140458778,0.984860581,-0.172791284,-0.008437970,-0.011027600
1789659047.780560732,-0.130960196,-0.109895527,0.146187797,0.984456490,-0.175092669,-0.010867419,-0.008359112
1789659047.813906908,-0.132009357,-0.107446514,0.151703194,0.983794881,-0.178766808,-0.011868303,-0.007014500
1789659047.847253084,-0.132944778,-0.104385734,0.156484947,0.983203544,-0.182003203,-0.012043487,-0.006370247
1789659047.880598307,-0.132478371,-0.100451991,0.161965325,0.982687179,-0.184683726,-0.013610237,-0.005708901
1789659047.913944721,-0.133958951,-0.096862055,0.167004883,0.981884403,-0.188871712,-0.013589012,-0.006770096
1789659047.947291613,-0.137618914,-0.094574772,0.171353489,0.980931563,-0.193929475,-0.009987116,-0.008055056
1789659047.980637312,-0.139354259,-0.092092171,0.176434740,0.980000312,-0.198570086,-0.009939590,-0.008397288
1789659048.013984203,-0.139861509,-0.089127719,0.181093991,0.979180635,-0.202449131,-0.012460182,-0.008023548
1789659048.047331095,-0.139712155,-0.085176982,0.185420334,0.978752319,-0.204413596,-0.014201241,-0.007569927
1789659048.080677986,-0.139508009,-0.085310608,0.189051732,0.977730669,-0.209249419,-0.014680484,-0.006473232
1789659048.114014626,-0.139310956,-0.084951460,0.192287669,0.976895320,-0.213060123,-0.015982089,-0.005048862
1789659048.147352219,-0.141492128,-0.081678256,0.195992112,0.976663479,-0.214211719,-0.014591430,-0.005373787
1789659048.180690050,-0.141763732,-0.080434240,0.199054971,0.976221417,-0.216227677,-0.014726828,-0.004522965
1789659048.214027643,-0.141470179,-0.079262413,0.203005269,0.975371736,-0.220075359,-0.014357945,-0.003265248
1789659048.247364283,-0.141574025,-0.078005329,0.206568137,0.974787589,-0.222620622,-0.014747291,-0.003425252
1789659048.280701876,-0.141469091,-0.076615907,0.209979579,0.974061093,-0.225741959,-0.015214906,-0.003749789
1789659048.314039469,-0.141236410,-0.075110450,0.213245541,0.973329365,-0.228866846,-0.015359611,-0.003741225
1789659048.347376347,-0.141430154,-0.073275886,0.216143072,0.972884151,-0.230819486,-0.014380469,-0.003463435
1789659048.380714178,-0.140443608,-0.071905799,0.218622148,0.972257017,-0.233397797,-0.015209868,-0.003228243
1789659048.414051771,-0.141584635,-0.070148401,0.220760867,0.971942490,-0.234777065,-0.013900860,-0.003780483
1789659048.447389603,-0.141038492,-0.067900397,0.223274961,0.971558637,-0.236267077,-0.015320033,-0.004120586
1789659048.480726242,-0.142222017,-0.066433378,0.225016475,0.971076293,-0.238290678,-0.014244174,-0.005048768
1789659048.514064312,-0.142806739,-0.065733701,0.226697266,0.970595510,-0.240278997,-0.013452969,-0.005420162
1789659048.547402143,-0.143569648,-0.064717174,0.227843747,0.970256976,-0.241597561,-0.014586892,-0.004386428
1789659048.580739737,-0.145474344,-0.064235404,0.228813782,0.969751488,-0.243673506,-0.013860330,-0.003628445
1789659048.614076614,-0.145247281,-0.061731167,0.229500413,0.969749327,-0.243662058,-0.014181871,-0.003730787
1789659048.647414446,-0.145409569,-0.060909148,0.230808675,0.969363182,-0.245217971,-0.013925598,-0.003040664
1789659048.680752516,-0.145098031,-0.059288930,0.230206549,0.969695415,-0.243841431,-0.015005816,-0.002642833
1789659048.714089394,-0.145913497,-0.059655745,0.230698898,0.969453897,-0.244846067,-0.014346914,-0.001926299
1789659048.747427225,-0.146868572,-0.060021728,0.230891764,0.969422928,-0.245017050,-0.013470533,-0.002091869
1789659048.780765057,-0.147257581,-0.059755359,0.231178507,0.969464791,-0.244830716,-0.013661348,-0.003050730
1789659048.814103127,-0.148217157,-0.059092313,0.230799645,0.969540615,-0.244528045,-0.013415871,-0.004128524
1789659048.847440004,-0.148688227,-0.058602508,0.231902286,0.969181443,-0.245953536,-0.013416638,-0.003765975
1789659048.880778074,-0.148243606,-0.057128325,0.232655674,0.968979581,-0.246634479,-0.015499963,-0.003123475
1789659048.914115906,-0.149322987,-0.055557515,0.232090473,0.969169549,-0.245896531,-0.015208104,-0.003740949
1789659048.947454214,-0.149395540,-0.054808442,0.233259261,0.968981217,-0.246595624,-0.015824533,-0.003947495
1789659048.980791092,-0.149586961,-0.053496517,0.232522041,0.969265516,-0.245393603,-0.016957309,-0.004334613
1789659049.014129162,-0.149874941,-0.053284287,0.232419819,0.969175279,-0.245685130,-0.017918148,-0.004127422
1789659049.047466993,-0.149434149,-0.053410646,0.233142868,0.969196579,-0.245583703,-0.018387968,-0.002918716
1789659049.080804110,-0.150616854,-0.054052066,0.231275529,0.969702182,-0.243620812,-0.017916449,-0.002361832
1789659049.114137650,-0.150733903,-0.055170532,0.231393069,0.969446274,-0.244505056,-0.019591513,-0.002715259
1789659049.147471189,-0.151486441,-0.054805819,0.231028691,0.969603781,-0.243880437,-0.019170384,-0.004830782
1789659049.180804729,-0.152431995,-0.055615529,0.230115607,0.969552980,-0.244068887,-0.019050944,-0.005870218
1789659049.214137316,-0.153934047,-0.057699237,0.228220969,0.969486052,-0.244232355,-0.020399441,-0.005587076
1789659049.247470617,-0.153697014,-0.059057083,0.226273432,0.969794417,-0.242741263,-0.023492380,-0.004855472
1789659049.280804157,-0.153155699,-0.060913570,0.222900063,0.970477934,-0.239776938,-0.025883112,-0.003108644
1789659049.314136505,-0.151941061,-0.063028052,0.218530506,0.971353598,-0.235974478,-0.028013934,-0.001857969
1789659049.347470045,-0.149758250,-0.064963154,0.214319795,0.971980014,-0.233192275,-0.029593949,-0.000643696
1789659049.380803585,-0.147916317,-0.067624852,0.209350869,0.972571712,-0.230612332,-0.030351629,0.000998163
1789659049.414136887,-0.146161899,-0.070521675,0.203594968,0.973268213,-0.227631183,-0.030414101,0.002830551
1789659049.447469234,-0.145322829,-0.072533555,0.197148129,0.974333812,-0.222989737,-0.030585285,0.003706777
1789659049.480802774,-0.143633068,-0.075056463,0.190875962,0.975325850,-0.218308026,-0.032482077,0.005099660
1789659049.514136314,-0.142133147,-0.076690197,0.183417052,0.976564695,-0.212635694,-0.032540377,0.006970084
1789659049.547469378,-0.139880612,-0.078686364,0.177052468,0.977478951,-0.208251338,-0.033150230,0.008206282
1789659049.580801964,-0.139361054,-0.080756404,0.170123592,0.978338252,-0.204403807,-0.031891415,0.007502386
1789659049.614135265,-0.137654126,-0.082862347,0.162883937,0.979213142,-0.200350918,-0.030976605,0.006448497
1789659049.647468805,-0.135952622,-0.084480271,0.155511200,0.980170043,-0.195773909,-0.030014820,0.006194750
1789659049.680800915,-0.134869158,-0.087717660,0.149078667,0.980869035,-0.192420124,-0.029080932,0.004973013
1789659049.714134216,-0.131953150,-0.089460596,0.141635120,0.981764908,-0.187501761,-0.031044429,0.004123019
1789659049.747467756,-0.129805356,-0.091727138,0.135183796,0.982443603,-0.183857730,-0.031442856,0.003499900
1789659049.780801058,-0.127716720,-0.093870007,0.128567919,0.983151077,-0.180065814,-0.031348867,0.002740636
1789659049.814133406,-0.125168979,-0.100667179,0.123279020,0.983098391,-0.180227578,-0.032147769,0.001447071
1789659049.847466469,-0.122423984,-0.101483576,0.115698375,0.983537503,-0.177879543,-0.031824515,-0.000221421
1789659049.880799770,-0.119903617,-0.102576755,0.108194686,0.984132779,-0.174972432,-0.029396667,-0.001776998
1789659049.914133310,-0.117663071,-0.103727654,0.099517517,0.985008554,-0.170538820,-0.025638458,-0.004162713
1789659049.947465658,-0.115954310,-0.104784183,0.091086544,0.985932682,-0.165347388,-0.023708385,-0.005907692
1789659049.980798721,-0.112737454,-0.106540389,0.083003476,0.986816484,-0.160070129,-0.023283738,-0.005352360
1789659050.014132023,-0.111160852,-0.108308218,0.073170610,0.988021161,-0.152587000,-0.022687521,-0.004082835
1789659050.047464132,-0.107176386,-0.109719917,0.063978240,0.989268547,-0.143677972,-0.026487465,-0.001672170
1789659050.080797434,-0.103389710,-0.109867029,0.052809890,0.990628252,-0.133003430,-0.030987500,0.002351549
1789659050.114132166,-0.099855155,-0.111218639,0.041548789,0.991814373,-0.123168222,-0.033076765,0.006305960
1789659050.147466898,-0.095724836,-0.112186790,0.031748839,0.993042113,-0.113458366,-0.030440966,0.008240670
1789659050.180800438,-0.091756552,-0.112165660,0.021290721,0.994249370,-0.102784198,-0.027953050,0.011055592
1789659050.214134932,-0.089258455,-0.111502849,0.011206808,0.995240860,-0.093119272,-0.025374079,0.013438325
1789659050.247469664,-0.085675329,-0.108887143,0.001641397,0.996007543,-0.085542692,-0.021670095,0.013484405
1789659050.280804396,-0.082806386,-0.106503807,-0.005953802,0.996516257,-0.080600041,-0.017497186,0.012362463
1789659050.314137936,-0.081788719,-0.104199886,-0.013655866,0.996961307,-0.075917240,-0.013300773,0.011305512
1789659050.347472668,-0.080603153,-0.101022862,-0.020689361,0.997367845,-0.070808529,-0.011575271,0.010466515
1789659050.380807400,-0.078752041,-0.097422101,-0.028526062,0.997739249,-0.065391961,-0.010769532,0.011149003
1789659050.414140940,-0.076841459,-0.093652539,-0.035876147,0.998087545,-0.059891754,-0.007513925,0.013333084
1789659050.447475672,-0.074780874,-0.089757562,-0.041942418,0.998325342,-0.055746801,-0.003896275,0.014954107
1789659050.480810404,-0.072933771,-0.086171955,-0.047895435,0.998483451,-0.052443816,0.000636884,0.016734331
1789659050.514144659,-0.071944296,-0.082352839,-0.054462764,0.998582117,-0.048841267,0.010918721,0.018140241
1789659050.547478437,-0.070601195,-0.078880399,-0.060054325,0.998618430,-0.046186328,0.018438339,0.016972970
1789659050.580812931,-0.070996635,-0.076275617,-0.064358898,0.998589040,-0.045408939,0.023044620,0.015063314
1789659050.614147663,-0.071516931,-0.073763430,-0.069183059,0.998573186,-0.043936052,0.027165167,0.013537676
1789659050.647481203,-0.071780421,-0.071525775,-0.074221000,0.998670561,-0.040324732,0.029328567,0.013071405
1789659050.680815935,-0.071794182,-0.069238946,-0.079811275,0.998808933,-0.035476791,0.030608997,0.013608889
1789659050.714150429,-0.071287178,-0.065667704,-0.085521005,0.998930975,-0.030064180,0.031692106,0.015121593
1789659050.747485161,-0.068639480,-0.062518798,-0.090533100,0.998946194,-0.025627768,0.033378169,0.018319851
1789659050.780818701,-0.066522695,-0.058283500,-0.094788559,0.998853174,-0.022526677,0.036940283,0.020501266
1789659050.814153433,-0.063322924,-0.053138006,-0.098908491,0.998651388,-0.022210626,0.041974716,0.020981330
1789659050.847487688,-0.062673025,-0.047332149,-0.100799784,0.998426030,-0.021563305,0.047353288,0.020932087
1789659050.880822420,-0.060454261,-0.043456115,-0.101847872,0.998295332,-0.021548115,0.050021083,0.020976199
1789659050.914155960,-0.058030017,-0.038414095,-0.102306798,0.998139994,-0.021158051,0.052502849,0.022634950
1789659050.947490692,-0.054486163,-0.036176220,-0.102390803,0.998046747,-0.021804526,0.052752558,0.025385452
1789659050.980825186,-0.052388776,-0.033558041,-0.101891458,0.998006444,-0.021846896,0.052572551,0.027239263
1789659051.014158726,-0.050665222,-0.031472780,-0.102528311,0.997890375,-0.022203206,0.054263687,0.027879541
1789659051.047493458,-0.048569728,-0.030487869,-0.102753520,0.997746097,-0.022947747,0.056220792,0.028554307
1789659051.080827951,-0.047719944,-0.030021518,-0.103048794,0.997607411,-0.023130301,0.057898142,0.029870503
1789659051.114164114,-0.046593215,-0.028958021,-0.103298984,0.997602933,-0.021748947,0.058148373,0.030563682
1789659051.147499561,-0.045189172,-0.028771006,-0.103449658,0.997583740,-0.020974238,0.058645576,0.030780839
1789659051.180835724,-0.044178590,-0.028228873,-0.103268519,0.997461977,-0.020986297,0.060218022,0.031669708
1789659051.214171886,-0.043858539,-0.028849298,-0.102748051,0.997377521,-0.021368262,0.061307669,0.031981979
1789659051.247508287,-0.042975187,-0.028354449,-0.101556830,0.997392344,-0.021653686,0.061296503,0.031342750
1789659051.280843496,-0.041988008,-0.028155206,-0.099462457,0.997322057,-0.024506443,0.061888321,0.030298271
1789659051.314179897,-0.041343816,-0.027338063,-0.098171979,0.997141723,-0.026658863,0.064434961,0.029083058
1789659051.347516060,-0.041319944,-0.026671048,-0.097636379,0.997044767,-0.026065427,0.066831620,0.027492934
1789659051.380851269,-0.041577466,-0.026513141,-0.098452114,0.996934693,-0.024853132,0.069347221,0.026353424
1789659051.414187670,-0.041091997,-0.026463736,-0.099446304,0.996830113,-0.022165722,0.071467210,0.027034134
1789659051.447523832,-0.040836517,-0.027134310,-0.101076744,0.996879820,-0.019538998,0.071201931,0.027913016
1789659051.480860233,-0.040298741,-0.027307490,-0.101666451,0.996929312,-0.018273019,0.070930386,0.027693405
1789659051.514195442,-0.039468791,-0.026663207,-0.102107577,0.996771430,-0.018211733,0.072858086,0.028403311
1789659051.547531843,-0.038638242,-0.027372336,-0.101996437,0.996607371,-0.018624444,0.074497286,0.029614725
1789659051.580868244,-0.037971627,-0.027454486,-0.102199405,0.996569822,-0.017776993,0.074850377,0.030495743
1789659051.614204407,-0.037383866,-0.027883694,-0.101870768,0.996515365,-0.017667468,0.075444398,0.030872823
1789659051.647539854,-0.037116870,-0.028617922,-0.101473697,0.996446883,-0.017608526,0.076477499,0.030573524
1789659051.680876017,-0.036813769,-0.029446758,-0.101038456,0.996436454,-0.017445980,0.076794752,0.030209235
1789659051.714212418,-0.035479665,-0.030692467,-0.099939212,0.996381889,-0.017783277,0.077259147,0.030625310
1789659051.747547626,-0.033961810,-0.031974886,-0.098751664,0.996235020,-0.017618136,0.078977730,0.031111164
1789659051.780884027,-0.031401906,-0.034485847,-0.096922465,0.995978196,-0.018182243,0.081779414,0.031764247
1789659051.814220190,-0.028888211,-0.033373892,-0.093981512,0.995483305,-0.017230525,0.087309730,0.033062215
1789659051.847556591,-0.023983832,-0.037282050,-0.092305705,0.995017871,-0.017586482,0.091411135,0.035695340
1789659051.880891800,-0.018245170,-0.043379173,-0.090605147,0.994600884,-0.017571440,0.095419928,0.036815270
1789659051.914228201,-0.010336312,-0.052001510,-0.086866103,0.994062689,-0.018986999,0.100306351,0.037649701
1789659051.947564363,-0.004325609,-0.057503935,-0.082294613,0.993167332,-0.017958954,0.107843249,0.040816184
1789659051.980899811,0.003653182,-0.063647211,-0.076929167,0.992290888,-0.017405700,0.114244265,0.044766981
1789659052.014235973,0.014361695,-0.070805810,-0.073699817,0.991696365,-0.017638595,0.117711523,0.048694928
1789659052.047572613,0.024000382,-0.075437829,-0.067766108,0.990825748,-0.016739190,0.123210353,0.052946630
1789659052.080909014,0.034808338,-0.086254902,-0.060259320,0.989173682,-0.021974190,0.132894810,0.058236851
1789659052.114244938,0.047046766,-0.093242250,-0.051014282,0.987199512,-0.025465431,0.143026520,0.065818304
1789659052.147582054,0.061778698,-0.101120971,-0.043537885,0.985375167,-0.028393101,0.151946336,0.071707197
1789659052.180919170,0.076504573,-0.109026454,-0.037247568,0.983506236,-0.030991470,0.159947495,0.078560879
1789659052.214256287,0.093087249,-0.117651619,-0.028885212,0.981371220,-0.034806445,0.168287098,0.085898153
1789659052.247592449,0.109305628,-0.125166625,-0.019295661,0.978711212,-0.038478667,0.178229475,0.094223190
1789659052.280929804,0.124933288,-0.131226555,-0.010894627,0.977086346,-0.041386215,0.182563640,0.101291512
1789659052.314266920,0.141707972,-0.136948377,-0.003392917,0.975708179,-0.043534010,0.186434655,0.106491595
1789659052.347603083,0.156549841,-0.141464546,0.003088793,0.973025925,-0.044638343,0.197743373,0.110115968
1789659052.380940199,0.173955783,-0.145575225,0.010793289,0.970305781,-0.046654787,0.207446961,0.115307329
1789659052.414277315,0.193853170,-0.151219562,0.016636951,0.968275756,-0.047881166,0.213464507,0.120757435
1789659052.447614431,0.210391417,-0.156007409,0.022115193,0.965860271,-0.047653598,0.221409863,0.125780541
1789659052.480950594,0.226277381,-0.161663070,0.027761135,0.963474749,-0.050121017,0.227858455,0.131471730
1789659052.514287949,0.243874848,-0.165566847,0.033570137,0.960449840,-0.052133204,0.235756672,0.138697604
1789659052.547625303,0.260647774,-0.166879699,0.040060632,0.956571944,-0.055361551,0.244841696,0.148181505
1789659052.580962420,0.275044948,-0.169165969,0.046770312,0.953722694,-0.057812019,0.250745306,0.155555731
1789659052.614298582,0.287679523,-0.172615916,0.049376443,0.951660460,-0.060978111,0.254922362,0.160120667
1789659052.647635698,0.305393934,-0.175196424,0.056885816,0.948470912,-0.066667126,0.261929250,0.165382866
1789659052.680973053,0.318302274,-0.177597493,0.061483078,0.945783099,-0.070881319,0.267889220,0.169427075
1789659052.714309216,0.330618173,-0.177436784,0.068612821,0.943070991,-0.072532243,0.274331744,0.173488539
1789659052.747646570,0.341812849,-0.178483993,0.074148282,0.940356855,-0.073782261,0.280036612,0.178506751
1789659052.780983925,0.353873432,-0.175721765,0.078837372,0.938037124,-0.072370877,0.285596152,0.182438069
1789659052.814321041,0.370406359,-0.179077491,0.077390581,0.933853550,-0.074452864,0.291859067,0.192853837
1789659052.847657442,0.386670142,-0.182531700,0.084773004,0.930046765,-0.078107362,0.297529300,0.200969078
1789659052.880994558,0.396902174,-0.181782708,0.088155463,0.927666338,-0.076588283,0.300858597,0.207493387
1789659052.914331913,0.409682155,-0.183120146,0.091111034,0.924613528,-0.079241769,0.307486542,0.210386768
1789659052.947669268,0.422389269,-0.183992162,0.094865493,0.920878751,-0.084763505,0.315677825,0.212473494
1789659052.981005669,0.432394922,-0.185082242,0.097849444,0.917204236,-0.089040083,0.323271445,0.215183237
1789659053.014342785,0.441172063,-0.184413493,0.098318286,0.915162579,-0.088997412,0.325823619,0.219990645
1789659053.047680140,0.452872604,-0.185724363,0.101188265,0.913167039,-0.090084609,0.327009364,0.225999112
1789659053.081016302,0.463541806,-0.185680315,0.102901742,0.910819369,-0.090825926,0.329215809,0.231895838
1789659053.114351749,0.471158504,-0.181899875,0.113976173,0.906221486,-0.093558988,0.337629436,0.236676358
1789659053.147686958,0.480682880,-0.180318907,0.114326045,0.903535772,-0.097402096,0.340843919,0.240751665
1789659053.181022406,0.488473177,-0.177799821,0.117768191,0.901158032,-0.100458406,0.344187050,0.243634119
1789659053.214356661,0.497613341,-0.174276069,0.121503599,0.899003569,-0.104231835,0.345726528,0.247793212
1789659053.247691870,0.506430387,-0.172650412,0.125454232,0.897156258,-0.108787509,0.347676344,0.249794086
1789659053.281027317,0.514004052,-0.169066116,0.129310176,0.895632565,-0.111296102,0.350588149,0.250086857
1789659053.314361572,0.521027982,-0.166371390,0.132623330,0.893708334,-0.116487866,0.353623033,0.250333259
1789659053.347697020,0.528752089,-0.164567247,0.135668412,0.890376349,-0.124388020,0.357713022,0.252584582
1789659053.381032228,0.537501693,-0.162080705,0.136773482,0.888733867,-0.130048499,0.359184117,0.253429026
1789659053.414367437,0.545221090,-0.159149930,0.138179615,0.886964990,-0.133789383,0.360188912,0.256237106
1789659053.447701693,0.551999927,-0.155214265,0.140143499,0.884652695,-0.137507442,0.361996301,0.259692109
1789659053.481037140,0.558234394,-0.151052773,0.141402662,0.882038922,-0.140923868,0.364966589,0.262577972
1789659053.514372349,0.564681947,-0.145519197,0.143122062,0.879007203,-0.145193256,0.369229126,0.264452470
1789659053.547707558,0.571296692,-0.141055569,0.143261462,0.875269289,-0.152267177,0.372204515,0.268667410
1789659053.581041813,0.575621128,-0.137029901,0.142400980,0.872813282,-0.156421695,0.374146077,0.271558355
1789659053.614377260,0.580394030,-0.133752838,0.141746029,0.870801931,-0.161191926,0.375246706,0.273698868
1789659053.647712469,0.584625363,-0.129160613,0.141360283,0.868308698,-0.167052726,0.376853336,0.275889389
1789659053.681046724,0.588216722,-0.125268504,0.141518325,0.865610730,-0.174002054,0.379819994,0.276003841
1789659053.714381933,0.591561913,-0.122280471,0.143451512,0.863070390,-0.182481579,0.382667495,0.274546104
1789659053.747717381,0.593877256,-0.120092452,0.146391734,0.860405355,-0.190238752,0.385390089,0.273836305
1789659053.781052589,0.596391141,-0.118041545,0.148624405,0.859084803,-0.195850631,0.385379325,0.274041252
1789659053.814386606,0.601127684,-0.116611890,0.154261932,0.857928208,-0.203231348,0.382774051,0.275935200
1789659053.847721815,0.602939188,-0.113784835,0.159586623,0.857088570,-0.207868637,0.380855238,0.277739268
1789659053.881057024,0.605609894,-0.112000838,0.164532125,0.854850632,-0.214571472,0.380160175,0.280477667
1789659053.914392233,0.606783330,-0.108764581,0.169413283,0.853159347,-0.219971592,0.379303356,0.282596164
1789659053.947726488,0.609265566,-0.105604358,0.171690717,0.852184167,-0.225326790,0.376902185,0.284525441
1789659053.981061697,0.610551894,-0.101640590,0.175399005,0.849856831,-0.229962790,0.377760043,0.286631875
1789659054.014397144,0.612609982,-0.097544335,0.177072212,0.849599732,-0.231553394,0.374719000,0.290084456
1789659054.047731400,0.614949286,-0.095965676,0.178919956,0.849503961,-0.233644104,0.371391401,0.292953718
1789659054.081066608,0.617045701,-0.094875775,0.180174649,0.848734335,-0.236096578,0.369860153,0.295147255
1789659054.114403963,0.618219554,-0.092738636,0.182686359,0.848190425,-0.237484021,0.369734380,0.295754680
1789659054.147741556,0.620116651,-0.091561690,0.185547307,0.847815450,-0.240634945,0.368526908,0.295789965
1789659054.181077957,0.622297585,-0.089921892,0.188519359,0.845993623,-0.244982728,0.370058802,0.295524511
1789659054.214415550,0.624414861,-0.087828301,0.190977424,0.844816751,-0.247418045,0.371453381,0.295112442
1789659054.247752905,0.627164662,-0.086711496,0.192574367,0.844950769,-0.247940309,0.369371194,0.296898505
1789659054.281090498,0.629749119,-0.085965693,0.193329394,0.844864348,-0.247931787,0.367592803,0.299348615
1789659054.314426899,0.631710529,-0.084660590,0.194703400,0.844335467,-0.248071289,0.368469672,0.299647052
1789659054.347764730,0.633959472,-0.082852297,0.194848329,0.843323520,-0.248758463,0.369657006,0.300463584
1789659054.381102085,0.635953069,-0.082013629,0.195720315,0.842519592,-0.250080839,0.369493970,0.301818681
1789659054.414438725,0.637187243,-0.080810398,0.196574196,0.842335802,-0.250147981,0.369197655,0.302637532
1789659054.447776318,0.639399290,-0.080005229,0.197377726,0.841947983,-0.251133594,0.368453179,0.303805474
1789659054.481113911,0.639949739,-0.078446187,0.198089272,0.841931374,-0.251502744,0.369213449,0.302620818
1789659054.514451504,0.640004158,-0.078116044,0.199238807,0.841505418,-0.253030035,0.371354584,0.299900327
1789659054.547788143,0.640734434,-0.076635271,0.199764416,0.841870864,-0.253260541,0.370076102,0.300260261
1789659054.581125736,0.640339434,-0.075524323,0.201297954,0.841948719,-0.254033557,0.368010955,0.301922579
1789659054.614463329,0.641792715,-0.074407227,0.200729147,0.842278571,-0.255018684,0.364367089,0.304579882
1789659054.647799969,0.642116606,-0.073056214,0.201917052,0.841853394,-0.256592141,0.363778989,0.305136336
1789659054.681137800,0.641658664,-0.072416782,0.203849345,0.841266126,-0.258844069,0.364678847,0.303776879
1789659054.714475632,0.641658187,-0.072462589,0.204615265,0.841067580,-0.260125586,0.365548027,0.302183131
1789659054.747813225,0.641596138,-0.072353594,0.204279900,0.841484463,-0.258028530,0.365774562,0.302546105
1789659054.781149864,0.641825438,-0.072444275,0.203534469,0.841952181,-0.256900888,0.364830033,0.303343875
1789659054.814487457,0.642359734,-0.072414100,0.203678489,0.841109993,-0.258377314,0.365096838,0.304104329
1789659054.847825527,0.642343700,-0.071452461,0.203818843,0.840585018,-0.258800555,0.365956589,0.304162579
1789659054.881163120,0.642016292,-0.070597835,0.203986511,0.840706241,-0.259140465,0.365790015,0.303738211
1789659054.914499998,0.641879857,-0.070252739,0.204547688,0.840125867,-0.260345324,0.366542466,0.303406429
1789659054.947837591,0.641108930,-0.069442540,0.203105509,0.840354423,-0.259445006,0.366154841,0.304012113
1789659054.981175423,0.640420079,-0.069185525,0.201993912,0.840339821,-0.259010131,0.365626625,0.305057221
1789659055.014512539,0.639360547,-0.068509914,0.200604185,0.840646640,-0.257640497,0.364992957,0.306128635
1789659055.047850132,0.637695253,-0.069062367,0.199063465,0.841185174,-0.256100274,0.365365336,0.305496849
1789659055.081187963,0.635803223,-0.070831858,0.197747990,0.841636734,-0.255501782,0.365751512,0.304289794
1789659055.114524841,0.633820117,-0.072620966,0.194989443,0.841839872,-0.255148489,0.366873188,0.302669691
1789659055.147860765,0.630818486,-0.073562302,0.191505060,0.841844828,-0.253227791,0.370090025,0.300343712
1789659055.181197643,0.628264248,-0.075253084,0.188252017,0.841872752,-0.251480800,0.371987018,0.299388268
1789659055.214534760,0.625624299,-0.077271968,0.185427174,0.842251711,-0.249008412,0.374079526,0.297777391
1789659055.247871876,0.623654068,-0.079638295,0.181617707,0.842728818,-0.246829606,0.374782096,0.297357806
1789659055.281207800,0.620171070,-0.080634914,0.177332684,0.843770522,-0.244026905,0.375189432,0.296201057
1789659055.314544678,0.617150486,-0.084371611,0.172414184,0.844105094,-0.244058543,0.375512106,0.294809560
1789659055.347881556,0.614344001,-0.084755383,0.172707826,0.842629910,-0.245346946,0.380565855,0.291460702
1789659055.381217480,0.610755146,-0.086056344,0.166689798,0.842576581,-0.242245560,0.383080014,0.290914929
1789659055.414554358,0.606331348,-0.087514557,0.160089999,0.843359331,-0.237836549,0.384468129,0.290453218
1789659055.447891474,0.602503479,-0.089778446,0.154843584,0.843074259,-0.235098493,0.386954428,0.290208139
1789659055.481228590,0.598065913,-0.091544151,0.147434965,0.843616264,-0.229917917,0.389151196,0.289845988
1789659055.514564514,0.593028784,-0.094605081,0.140412867,0.844399693,-0.225379632,0.391916872,0.287392319
1789659055.547901392,0.589523017,-0.096082576,0.133263528,0.844724026,-0.220025099,0.395079478,0.286255974
1789659055.581238508,0.585116267,-0.098655015,0.124418512,0.845254745,-0.214684165,0.397951289,0.284762878
1789659055.614575386,0.579701304,-0.101928204,0.116168678,0.846754629,-0.209016164,0.399575870,0.282237427
1789659055.647911310,0.574435890,-0.105099291,0.107681863,0.850099324,-0.202661052,0.398213207,0.278721868
1789659055.681248188,0.568787038,-0.108839244,0.098566785,0.852984444,-0.195546541,0.399433143,0.273189043
1789659055.714585543,0.562555969,-0.111291781,0.088817485,0.855069504,-0.187703187,0.402768991,0.267209276
1789659055.747921467,0.556531668,-0.114899293,0.080936998,0.857153649,-0.181605385,0.404459207,0.262144724
1789659055.781258583,0.551371932,-0.119331136,0.073940873,0.858543519,-0.176299916,0.406927677,0.257354291
1789659055.814595461,0.545150101,-0.125075713,0.066035122,0.860025541,-0.169819808,0.410503724,0.251005965
1789659055.847932339,0.539177954,-0.129915044,0.058615550,0.862370807,-0.162777263,0.412179300,0.244802733
1789659055.881268501,0.531551301,-0.134779066,0.052872278,0.863614516,-0.157549176,0.414902099,0.239174564
1789659055.914605379,0.524905562,-0.139258638,0.045542922,0.864796526,-0.152109375,0.417239551,0.234309331
1789659055.947942734,0.519463480,-0.143509224,0.038908705,0.865393607,-0.147100722,0.419755055,0.230783396
1789659055.981278658,0.513599813,-0.147471666,0.031622689,0.866547732,-0.141889920,0.420364662,0.228595339
1789659056.014615774,0.507712901,-0.151164457,0.021749916,0.868703863,-0.135205153,0.419651220,0.225756546
1789659056.047952652,0.501228631,-0.152983010,0.014653426,0.869228380,-0.128677013,0.422855356,0.221534644
1789659056.081289768,0.494951725,-0.154641941,0.007562786,0.869672493,-0.123398059,0.425347903,0.217995037
1789659056.114621639,0.486588687,-0.156075284,0.003698655,0.870065764,-0.119687998,0.427878596,0.213495333
1789659056.147954464,0.480306149,-0.157091632,-0.003089794,0.871432341,-0.115131293,0.428078640,0.209997947
1789659056.181287050,0.474398375,-0.156665146,-0.010620550,0.872698199,-0.108903126,0.428628659,0.206918913
1789659056.214619875,0.468481779,-0.155778453,-0.018200554,0.874304747,-0.102793765,0.428238380,0.204050341
1789659056.247951746,0.462046146,-0.154831395,-0.024145665,0.873882268,-0.097980049,0.431507426,0.201323204
1789659056.281284332,0.456747651,-0.152585268,-0.031046214,0.872135373,-0.093223076,0.437345700,0.198539890
1789659056.314616919,0.450800240,-0.150004148,-0.036943071,0.871813620,-0.089680607,0.440622938,0.194293147
1789659056.347948790,0.445198983,-0.148112923,-0.040637471,0.872303545,-0.086800152,0.441744416,0.190824868
1789659056.381281137,0.440837115,-0.146539047,-0.040492509,0.872604685,-0.082550095,0.442733415,0.189033512
1789659056.414613962,0.434570670,-0.144418806,-0.043816146,0.874541630,-0.077313509,0.440348739,0.187863107
1789659056.447946548,0.427497745,-0.142443255,-0.047685362,0.875986459,-0.073477797,0.439368130,0.184944272
1789659056.481278181,0.420730263,-0.140572965,-0.049933389,0.876682703,-0.070838124,0.440165671,0.180730686
1789659056.514610529,0.414418906,-0.138480827,-0.051904675,0.876937729,-0.068258098,0.441832414,0.176366579
1789659056.547943115,0.407928735,-0.137528345,-0.054523230,0.877640514,-0.065921517,0.442083254,0.173100775
1789659056.581275702,0.402102709,-0.136725515,-0.056950267,0.878685516,-0.062791011,0.441518238,0.170383971
1789659056.614607096,0.395457238,-0.135399878,-0.059780080,0.879860664,-0.058798687,0.441641849,0.165349339
1789659056.647939682,0.390957147,-0.134251595,-0.061514217,0.879956233,-0.057289797,0.442979628,0.161752762
1789659056.681272030,0.388269573,-0.137204364,-0.057621576,0.878606835,-0.058635278,0.445491840,0.161706380
1789659056.714603424,0.385133058,-0.136219069,-0.058989793,0.878940726,-0.057255616,0.445060027,0.161575266
1789659056.747935772,0.384555578,-0.135973290,-0.058889158,0.879725890,-0.056794767,0.444036224,0.160276465
1789659056.781268120,0.385253042,-0.135003954,-0.058913644,0.880029980,-0.056287136,0.444021316,0.158820853
1789659056.814600468,0.387174875,-0.135819450,-0.057725687,0.879033532,-0.057530904,0.445517792,0.159700160
1789659056.847931862,0.390402138,-0.136775315,-0.057805367,0.878252501,-0.058903854,0.446139392,0.161748334
1789659056.881264210,0.395407856,-0.136427328,-0.059008151,0.877347430,-0.058728942,0.447643350,0.162566383
1789659056.914596319,0.401626408,-0.139433727,-0.060855806,0.876057170,-0.058338938,0.449630212,0.164173920
1789659056.947928667,0.407465905,-0.142064273,-0.062402073,0.874729588,-0.057269611,0.451739139,0.165831513
1789659056.981259823,0.413512021,-0.144532114,-0.062881164,0.872330419,-0.057361554,0.455468053,0.168220522
1789659057.014591932,0.421848387,-0.149412796,-0.062365945,0.869316550,-0.058445206,0.459720718,0.171842239
1789659057.047924280,0.429603845,-0.155129462,-0.060263656,0.867234677,-0.059000476,0.461694406,0.176808468
1789659057.081255436,0.438216478,-0.159924194,-0.059181329,0.865548919,-0.059588764,0.463537279,0.180020665
1789659057.114592075,0.449502230,-0.165482640,-0.057922423,0.861487702,-0.062956155,0.470294663,0.180826965
1789659057.147928715,0.458379626,-0.170108050,-0.057073202,0.856706798,-0.066446379,0.478947282,0.179576844
1789659057.181265354,0.477494031,-0.177031890,-0.057008967,0.852910394,-0.067175284,0.484518495,0.182409345
1789659057.214601040,0.491512865,-0.181569204,-0.056872472,0.850082793,-0.066534123,0.488220948,0.185937519
1789659057.247937679,0.504771531,-0.185580835,-0.055544563,0.848069396,-0.066316602,0.490453701,0.189302869
1789659057.281274319,0.518646002,-0.188129723,-0.054412171,0.845407717,-0.067843228,0.493147995,0.193618549
1789659057.314610004,0.534309268,-0.189173147,-0.054542236,0.841843427,-0.069642929,0.496252722,0.200456336
1789659057.347946882,0.551884353,-0.190324754,-0.053312138,0.838663786,-0.072081198,0.498319548,0.207665555
1789659057.381283522,0.565610111,-0.190466031,-0.051140703,0.835026128,-0.075101486,0.501664211,0.213129427
1789659057.414620161,0.588583410,-0.188975677,-0.050063103,0.830897635,-0.076302037,0.505382541,0.219944553
1789659057.447955847,0.605492651,-0.187701002,-0.050297242,0.827995436,-0.077750379,0.507252823,0.225993385
1789659057.481292725,0.620788395,-0.186008185,-0.050058365,0.824862674,-0.079634357,0.509339722,0.232019367
1789659057.514629364,0.636848211,-0.184351578,-0.049141444,0.821456553,-0.082621813,0.511589945,0.238030449
1789659057.547966003,0.651324868,-0.181872562,-0.048707344,0.818702698,-0.085319938,0.513273321,0.242892769
1789659057.581301928,0.668016732,-0.178582460,-0.048198126,0.814656452,-0.089002291,0.516612442,0.248042421
1789659057.614638567,0.684891164,-0.174047008,-0.048284501,0.810190947,-0.091734116,0.519747001,0.255026540
1789659057.647975683,0.701043725,-0.171188548,-0.049442332,0.807781021,-0.093797860,0.520526337,0.260276997
1789659057.681311369,0.714927793,-0.170007810,-0.048498333,0.804390503,-0.096186737,0.522884457,0.265133693
1789659057.714648247,0.728937685,-0.166520253,-0.049901873,0.800900004,-0.098540406,0.525309895,0.269997196
1789659057.747984886,0.741616607,-0.162137240,-0.051650193,0.797531787,-0.101081975,0.526987316,0.275698842
1789659057.781321764,0.756754935,-0.158990383,-0.051847816,0.794436870,-0.103998400,0.528639752,0.280346938
1789659057.814657688,0.770284891,-0.155134320,-0.052876677,0.791460650,-0.106327171,0.530555498,0.284245378
1789659057.847994328,0.782699823,-0.150961950,-0.053722769,0.788340985,-0.109033026,0.532047629,0.289059877
1789659057.881331205,0.795001984,-0.147651583,-0.054679561,0.784635514,-0.112636086,0.533775231,0.294523727
1789659057.914668322,0.808967948,-0.143006638,-0.055560984,0.781799607,-0.115404657,0.534008557,0.300509569
1789659057.948004246,0.820433259,-0.139737681,-0.055998106,0.779094421,-0.117866557,0.534990028,0.304803261
1789659057.981340885,0.831418097,-0.134776890,-0.055811953,0.776613690,-0.119776976,0.535789415,0.308956882
1789659058.014677763,0.843963623,-0.130003318,-0.055218745,0.775055347,-0.122345291,0.534149943,0.314650088
1789659058.048013687,0.853753567,-0.126377076,-0.054162458,0.772975813,-0.125438354,0.533975866,0.318815599
1789659058.081350565,0.862087488,-0.121704146,-0.053625304,0.770999055,-0.128209692,0.534043120,0.322367303
1789659058.114682913,0.878432810,-0.116073422,-0.050899126,0.768152356,-0.132238616,0.534034151,0.327509437
1789659058.148015499,0.888213992,-0.111849390,-0.049704142,0.766273846,-0.134494392,0.532504730,0.333428200
1789659058.181346416,0.897817135,-0.107322335,-0.048387337,0.765271725,-0.136329104,0.530396898,0.338308577
1789659058.214678764,0.906591117,-0.102523796,-0.048166476,0.763164055,-0.138418398,0.529405382,0.343730875
1789659058.248010874,0.914999843,-0.098580852,-0.046906825,0.761109738,-0.141352033,0.528477986,0.348486138
1789659058.281343222,0.922986984,-0.094346724,-0.045330364,0.758977383,-0.144702250,0.527378240,0.353393242
1789659058.314674377,0.931946695,-0.090181142,-0.043674659,0.756821403,-0.148706098,0.526014412,0.358352756
1789659058.348006487,0.942044437,-0.084662415,-0.042118635,0.755310700,-0.150362477,0.524588772,0.362909758
1789659058.381338596,0.950505078,-0.080690667,-0.040035166,0.754306494,-0.152611988,0.521924990,0.367866278
1789659058.414669752,0.959199011,-0.076040864,-0.037981443,0.752742270,-0.155244761,0.519881335,0.372829099
1789659058.448001623,0.967093587,-0.071650751,-0.036231894,0.750135401,-0.158099213,0.519614664,0.377229531
1789659058.481333733,0.975751996,-0.067201130,-0.033741735,0.748110672,-0.161520590,0.517759039,0.382318060
1789659058.514665842,0.984110534,-0.062632322,-0.031640161,0.746999470,-0.162745573,0.514765598,0.387971712
1789659058.547996759,0.990599036,-0.058246028,-0.030763507,0.745933356,-0.163198801,0.511860510,0.393634855
1789659058.581328869,0.996509433,-0.053531155,-0.029531475,0.744223567,-0.164408886,0.510008495,0.398738429
1789659058.614660740,1.007592678,-0.046999007,-0.026374195,0.742988359,-0.167717966,0.507800945,0.402463889
1789659058.647991657,1.013690829,-0.042574205,-0.023186626,0.741365829,-0.171397294,0.506104097,0.406027484
1789659058.681323528,1.019025087,-0.038669873,-0.020211594,0.739805860,-0.173614408,0.504394936,0.410037895
1789659058.714655161,1.023977518,-0.034879949,-0.017486101,0.738948754,-0.175642831,0.501761490,0.413932050
1789659058.747987032,1.027711511,-0.031156307,-0.015026446,0.738039913,-0.178131700,0.500430884,0.416095079
1789659058.781317949,1.030876517,-0.028288724,-0.011640250,0.736809414,-0.181838940,0.500189948,0.416961034
1789659058.814649582,1.033399582,-0.024448808,-0.009745812,0.736265985,-0.183538682,0.499114581,0.418462169
1789659058.847981453,1.035549283,-0.021783870,-0.008123540,0.734982893,-0.186168622,0.498328497,0.420487932
1789659058.881313324,1.037139535,-0.018678730,-0.006807424,0.734361581,-0.187319977,0.497247303,0.422338034
1789659058.914644003,1.038891435,-0.015888253,-0.004349529,0.733632937,-0.188969094,0.496408025,0.423854300
1789659058.947975636,1.040136218,-0.012984340,-0.002592131,0.732765354,-0.190836170,0.495833799,0.425188588
1789659058.981307268,1.040854096,-0.011305834,-0.001419250,0.731186343,-0.193609419,0.496548919,0.425818148
1789659059.014637947,1.043954372,-0.011330854,0.001617574,0.729675552,-0.197234247,0.497510108,0.425624169
1789659059.047969580,1.043948412,-0.011351968,0.001832775,0.730084416,-0.197427957,0.497640995,0.424679158
1789659059.081300974,1.043929458,-0.011130996,0.001277216,0.731535812,-0.196174596,0.496650400,0.423921294
1789659059.114636660,1.044324875,-0.012532305,0.001435466,0.730778766,-0.196732061,0.497635422,0.423813494
1789659059.147971153,1.044384956,-0.012791224,0.001392803,0.730643621,-0.196998311,0.497487062,0.424096907
1789659059.181306839,1.043876886,-0.012807246,0.002153962,0.731152025,-0.196616075,0.497239031,0.423688780
1789659059.214642286,1.043136358,-0.012113246,0.001100776,0.731158817,-0.196201256,0.497479545,0.423587008
1789659059.247977972,1.042824626,-0.012413377,0.001557857,0.730463082,-0.196835472,0.497836228,0.424073782
1789659059.281312466,1.041969299,-0.012504294,0.001734445,0.730461765,-0.196399641,0.498506747,0.423490041
1789659059.314648151,1.040833473,-0.013249121,0.002419572,0.730488266,-0.196944153,0.499844796,0.421610097
1789659059.347983837,1.039783239,-0.013696578,0.003118109,0.730289373,-0.198250614,0.501448077,0.419432893
1789659059.381318331,1.038791418,-0.014434425,0.003124900,0.730062247,-0.198687806,0.502996404,0.417764153
1789659059.414654016,1.037165284,-0.015669918,0.002594529,0.731162876,-0.197879828,0.504111925,0.414868159
1789659059.447989464,1.035373807,-0.016809996,0.002015996,0.731608268,-0.197306409,0.506030319,0.412010727
1789659059.481325150,1.033494592,-0.018185010,0.000214737,0.731617226,-0.196037669,0.507075617,0.411314704
1789659059.514659643,1.031458259,-0.020123536,-0.002291119,0.731887292,-0.194703492,0.508584883,0.409600976
1789659059.547995329,1.028793812,-0.022471899,-0.005022277,0.731900915,-0.193439241,0.511275102,0.406817011
1789659059.581330776,1.026140332,-0.025074810,-0.008281075,0.732183629,-0.191235109,0.513588126,0.404429850
1789659059.614666462,1.022918224,-0.029094381,-0.010662940,0.732679492,-0.189224736,0.516098998,0.401268721
1789659059.648000956,1.019311905,-0.033037450,-0.013549876,0.733689750,-0.186026698,0.518725013,0.397514503
1789659059.681336403,1.014994502,-0.037276465,-0.018815292,0.735222600,-0.182739174,0.520283613,0.394156168
1789659059.714672089,1.009461284,-0.041987959,-0.022862073,0.736208099,-0.179728438,0.523063809,0.389999457
1789659059.748006582,1.000544667,-0.048349950,-0.027504263,0.737426248,-0.175747804,0.525454199,0.386281145
1789659059.781342268,0.993459046,-0.052888244,-0.031096274,0.738713014,-0.171441060,0.526994518,0.383650654
1789659059.814677715,0.984870732,-0.057150669,-0.034477606,0.740818716,-0.166423554,0.527657552,0.380878377
1789659059.848013401,0.976308405,-0.061192617,-0.036502238,0.743803622,-0.162469015,0.527019621,0.377637804
1789659059.881347895,0.967620254,-0.065174758,-0.037869662,0.745884226,-0.160116685,0.527644982,0.373644405
1789659059.914683342,0.957032979,-0.070761934,-0.039636087,0.748725909,-0.156674987,0.527685911,0.369337300
1789659059.948019028,0.945886970,-0.075544372,-0.041697208,0.753008199,-0.153001371,0.526105889,0.364392406
1789659059.981353521,0.933142364,-0.081166260,-0.045020469,0.756014777,-0.150501164,0.526612291,0.358427888
1789659060.014689207,0.919609547,-0.087152705,-0.048159637,0.759460726,-0.146216135,0.527435884,0.351641347
1789659060.048024654,0.905915558,-0.093575366,-0.050513726,0.764493726,-0.140447978,0.525752083,0.345555286
1789659060.081360102,0.891936064,-0.100239642,-0.054368306,0.768879797,-0.133734682,0.524672485,0.340084806
1789659060.114693642,0.877942443,-0.106244713,-0.057852857,0.774239470,-0.127130412,0.522101018,0.334367505
1789659060.148027897,0.865451574,-0.112182818,-0.060981926,0.779283371,-0.120477522,0.519581713,0.328994588
1789659060.181362391,0.850875378,-0.117730424,-0.064586706,0.784559076,-0.114231430,0.516968453,0.322741158
1789659060.214696646,0.834700167,-0.126070067,-0.068000250,0.788620872,-0.110594471,0.515793848,0.315915637
1789659060.248029947,0.819912374,-0.132929757,-0.069675200,0.792978002,-0.106372038,0.514163205,0.309042191
1789659060.281364202,0.803314686,-0.139319614,-0.074802890,0.798375739,-0.101562226,0.510385484,0.302965266
1789659060.314698696,0.791751802,-0.141129300,-0.076839939,0.803209573,-0.096379813,0.507662077,0.296385776
1789659060.348031998,0.776594162,-0.146286547,-0.079669170,0.807984990,-0.092303819,0.503785502,0.291273804
1789659060.381366491,0.760575294,-0.152670562,-0.081341811,0.812264356,-0.088192466,0.500771721,0.285790812
1789659060.414700985,0.745175064,-0.157470286,-0.083395340,0.817197975,-0.083643168,0.496461687,0.280565648
1789659060.448035240,0.729079962,-0.162769586,-0.085902467,0.821868267,-0.080041292,0.491510139,0.276665369
1789659060.481368542,0.713993132,-0.163884938,-0.087286815,0.827080767,-0.073958887,0.486059863,0.272421175
1789659060.514702797,0.694744825,-0.167506516,-0.089261420,0.832762811,-0.068628384,0.480556503,0.266198597
1789659060.548037291,0.677304983,-0.172449335,-0.089971483,0.837947348,-0.065870902,0.475315261,0.259962821
1789659060.581371546,0.659973085,-0.176093444,-0.090987466,0.843040986,-0.062253121,0.471285904,0.251587046
1789659060.614705086,0.644673169,-0.178236604,-0.092013061,0.848414456,-0.058098855,0.466580291,0.243146593
1789659060.648039341,0.621481717,-0.182208300,-0.094162911,0.853912842,-0.053233777,0.460337764,0.236829403
1789659060.681373835,0.602722645,-0.184612304,-0.096543431,0.860029724,-0.046179937,0.451821400,0.232537544
1789659060.714707136,0.583942652,-0.186609223,-0.098935090,0.866342710,-0.039147143,0.441955380,0.229332189
1789659060.748041391,0.565156221,-0.187488884,-0.100198731,0.871520294,-0.034736598,0.433434374,0.226672429
1789659060.781375647,0.544940293,-0.188198984,-0.098847784,0.878085543,-0.032638616,0.422984148,0.221325350
1789659060.814710140,0.522801816,-0.186195925,-0.098766267,0.884365263,-0.029531341,0.413771005,0.214054987
1789659060.848043442,0.503776371,-0.185577706,-0.099131741,0.889530459,-0.031013339,0.406389883,0.206448535
1789659060.881377935,0.483643800,-0.179789469,-0.096771345,0.894547364,-0.028154299,0.399037165,0.199403337
1789659060.914712429,0.457367450,-0.181448504,-0.091006815,0.900952818,-0.029483726,0.389505362,0.188945237
1789659060.948046684,0.435805619,-0.178589240,-0.089330368,0.906621038,-0.028654832,0.380922675,0.179206893
1789659060.981380224,0.412509203,-0.177993387,-0.086720899,0.912165580,-0.028796377,0.372121965,0.169263009
1789659061.014714241,0.389184445,-0.175569385,-0.082601137,0.917921022,-0.025045310,0.360825664,0.163090679
1789659061.048048735,0.373789966,-0.176485375,-0.080764376,0.923177881,-0.023244444,0.350144827,0.156846729
1789659061.081382036,0.348416895,-0.177770942,-0.078232333,0.927827310,-0.021011726,0.341054839,0.149588056
1789659061.114715099,0.329347759,-0.177514330,-0.078363873,0.932445008,-0.017710033,0.331467256,0.142695898
1789659061.148047924,0.310762465,-0.177349612,-0.078538865,0.936526135,-0.014485184,0.322252100,0.137341040
1789659061.181380510,0.294735044,-0.178730533,-0.076823846,0.940730658,-0.009651121,0.312500933,0.131437633
1789659061.214712381,0.277737439,-0.179422334,-0.076642871,0.944510092,-0.004263150,0.302646485,0.127622946
1789659061.248045206,0.261820644,-0.179741740,-0.077101253,0.947910617,0.001100809,0.292455170,0.126230837
1789659061.281378031,0.247063026,-0.181106269,-0.077487692,0.950866182,0.005718406,0.283709991,0.123812134
1789659061.314709425,0.237476557,-0.180398196,-0.077106118,0.952703999,0.008681031,0.278960475,0.120252995
1789659061.348042250,0.224856570,-0.181686223,-0.074997082,0.954566398,0.008363522,0.273909265,0.117075865
1789659061.381375074,0.211547717,-0.181591973,-0.074382409,0.956668928,0.010049983,0.268088106,0.113191554
1789659061.414707422,0.201389313,-0.182095423,-0.075054079,0.959475527,0.010983363,0.259779291,0.108631486
1789659061.448039293,0.190781593,-0.179429203,-0.074893057,0.961975265,0.012450467,0.250988943,0.107019273
1789659061.481371880,0.179518908,-0.176444039,-0.074654467,0.964136810,0.013863362,0.243339218,0.105043057
1789659061.514704227,0.166692793,-0.174759790,-0.073553056,0.966094532,0.014488801,0.237271736,0.100764839
1789659061.548036814,0.157498494,-0.170592949,-0.072195336,0.968023675,0.014471152,0.231110636,0.096481213
1789659061.581368446,0.148206964,-0.166923359,-0.071950652,0.969878603,0.013438191,0.224702878,0.093078070
1789659061.614701033,0.138399318,-0.161938548,-0.070602655,0.972176801,0.013719992,0.215926815,0.089775498
1789659061.648033381,0.128583655,-0.158620238,-0.069458589,0.974000949,0.012808469,0.209064326,0.086314548
1789659061.681365013,0.119040415,-0.153172672,-0.067910984,0.975641441,0.013603162,0.202098983,0.084230238
1789659061.714697361,0.108351789,-0.150183961,-0.064319894,0.977811123,0.012918461,0.192440294,0.081763406
1789659061.748029709,0.099368908,-0.145202339,-0.061214224,0.979335066,0.013526629,0.186233926,0.077696743
1789659061.781362295,0.090363428,-0.142439410,-0.058857877,0.980623884,0.010988168,0.181367886,0.073223955
1789659061.814693689,0.083147883,-0.138176739,-0.056548268,0.982114854,0.010053113,0.174441115,0.070140183
1789659061.848025799,0.074696332,-0.134562418,-0.054751351,0.983607936,0.010324807,0.167298543,0.066483254
1789659061.881358147,0.068028405,-0.130948752,-0.052956726,0.984909243,0.011195261,0.160227275,0.064464476
1789659061.914690733,0.061202694,-0.129443854,-0.050528146,0.985832522,0.011942313,0.155369671,0.062063560
1789659061.948021889,0.054058947,-0.126109213,-0.048398793,0.986666344,0.013209131,0.151228690,0.058693507
1789659061.981354237,0.049420644,-0.123594813,-0.046654437,0.987432524,0.012446032,0.147181091,0.056212387
1789659062.014686346,0.044560995,-0.120606519,-0.044288818,0.988042528,0.011852468,0.143449708,0.055259961
1789659062.048017502,0.039239831,-0.117440298,-0.041525565,0.988855898,0.012716833,0.138365365,0.053453919
1789659062.081349850,0.034648728,-0.115345150,-0.039496642,0.989666368,0.012706688,0.133245010,0.051427496
1789659062.114685774,0.029939208,-0.112723209,-0.037403997,0.990323296,0.012311645,0.129025897,0.049603537
1789659062.148021936,0.024258651,-0.108387761,-0.035156935,0.990839686,0.013371943,0.125899266,0.046981732
1789659062.181356907,0.020738382,-0.105979465,-0.034990076,0.991612897,0.012563705,0.120949334,0.043786689
1789659062.214693069,0.016293114,-0.103547350,-0.034656283,0.992324151,0.012501942,0.115571415,0.042186842
1789659062.248028994,0.012188780,-0.099809758,-0.033233125,0.993541366,0.014536945,0.104315849,0.042218895
1789659062.281365156,0.009049536,-0.096073136,-0.031682950,0.994570494,0.015336354,0.093792135,0.042395340
1789659062.314700127,0.005893374,-0.090907082,-0.028828142,0.995110564,0.014294412,0.088312218,0.041851965
1789659062.348036289,0.002147089,-0.086641937,-0.026403390,0.995515939,0.012658131,0.085060470,0.039401818
1789659062.381372213,-0.000555396,-0.083900720,-0.025749557,0.995942994,0.011053570,0.081649906,0.036175455
1789659062.414707422,-0.002512093,-0.080940776,-0.025634423,0.996373685,0.009665010,0.077111860,0.034638549
1789659062.448043346,-0.007000817,-0.075659551,-0.024863020,0.996715037,0.011518940,0.073096437,0.032914444
1789659062.481379747,-0.011678499,-0.071497209,-0.024518302,0.997026632,0.012911336,0.069599200,0.030449048
1789659062.514715910,-0.014856061,-0.068398036,-0.024148313,0.997275607,0.012798050,0.067665000,0.026439027
1789659062.548050880,-0.017700842,-0.065689526,-0.023528880,0.997512881,0.012724724,0.065600112,0.022422269
1789659062.581387043,-0.020989381,-0.062654749,-0.024150653,0.997686805,0.013594261,0.063672945,0.019544613
1789659062.614723206,-0.022678118,-0.060062561,-0.023979554,0.998012081,0.014049150,0.058624664,0.018375431
1789659062.648058176,-0.024697497,-0.058135390,-0.023402406,0.998292295,0.015099790,0.053805477,0.017013533
1789659062.681394339,-0.028587390,-0.055418108,-0.022846488,0.998329133,0.017250902,0.053011613,0.015202551
1789659062.714730501,-0.029882884,-0.053974506,-0.022468183,0.998425007,0.016610957,0.051692039,0.014124958
1789659062.748066425,-0.030983763,-0.052003268,-0.022831539,0.998607879,0.016424174,0.048412700,0.012990789
1789659062.781401634,-0.032259133,-0.050482638,-0.023277191,0.998753497,0.017832748,0.045432677,0.010455529
1789659062.814737797,-0.034530010,-0.047607962,-0.022263464,0.998835946,0.020066775,0.043079337,0.008261280
1789659062.848073959,-0.036025852,-0.044571683,-0.020411609,0.999032132,0.020806832,0.038071029,0.007243756
1789659062.881409883,-0.038186081,-0.041548163,-0.018593019,0.999186170,0.020469519,0.034069602,0.006874525
1789659062.914745092,-0.039412905,-0.039782569,-0.016747639,0.999314839,0.018685873,0.031255215,0.006618277
1789659062.948081255,-0.040129773,-0.037634332,-0.015376351,0.999418991,0.018353546,0.028117301,0.005852005
1789659062.981417418,-0.040851019,-0.035193276,-0.014577458,0.999479235,0.018934796,0.025676101,0.004844508
1789659063.014752626,-0.041583817,-0.033440184,-0.013223256,0.999528085,0.017127965,0.025015297,0.004947194
1789659063.048088789,-0.041464891,-0.030144196,-0.012742966,0.999565435,0.017028442,0.023260063,0.006159815
1789659063.081424713,-0.041186541,-0.026469160,-0.013072257,0.999574800,0.018876684,0.021016904,0.007223604
1789659063.114760399,-0.040279020,-0.024448147,-0.014057898,0.999559200,0.019928397,0.019995840,0.009188691
1789659063.148095131,-0.038840711,-0.022341406,-0.014684724,0.999551147,0.020938115,0.017970994,0.011668085
1789659063.181430817,-0.038687032,-0.021197464,-0.015714947,0.999536820,0.021688515,0.017496757,0.012231828
1789659063.214766502,-0.038073711,-0.021429494,-0.016371945,0.999559419,0.020642493,0.017632468,0.011998009
1789659063.248102188,-0.039252810,-0.020297522,-0.017724397,0.999580338,0.021118647,0.016287223,0.011308260
1789659063.281436920,-0.040880147,-0.021201752,-0.018675514,0.999610450,0.021917067,0.014134907,0.009939513
1789659063.314772606,-0.042997956,-0.023111813,-0.019635739,0.999638762,0.022154316,0.012508358,0.008664478
1789659063.348108053,-0.045784667,-0.025134828,-0.020783328,0.999687187,0.021933261,0.010180540,0.006388798
1789659063.381442785,-0.049574949,-0.026673650,-0.021593798,0.999704498,0.022561144,0.008403480,0.003360607
1789659063.414778471,-0.052796241,-0.030629758,-0.022104768,0.999747422,0.021578939,0.006277699,0.000180091
1789659063.448114157,-0.056934409,-0.033495873,-0.022527145,0.999787501,0.020350417,0.001506182,-0.002923185
1789659063.481449842,-0.061462861,-0.036851067,-0.022001363,0.999819988,0.017563814,-0.005447879,-0.004671730
1789659063.514784575,-0.065806776,-0.038327202,-0.021705363,0.999778867,0.016649309,-0.011181271,-0.006324249
1789659063.548120260,-0.071594000,-0.040733151,-0.021787729,0.999745488,0.016167684,-0.012136641,-0.010013352
1789659063.581455946,-0.076831117,-0.043190923,-0.021658575,0.999683652,0.014519424,-0.015264544,-0.013739541
1789659063.614791632,-0.081282966,-0.046012748,-0.021246836,0.999576926,0.011591940,-0.020478196,-0.017094998
1789659063.648126364,-0.086241610,-0.048316095,-0.021037918,0.999448646,0.009545800,-0.024446266,-0.020338701
1789659063.681462049,-0.091250993,-0.051016163,-0.021355001,0.999239216,0.008435780,-0.029874977,-0.023607468
1789659063.714797735,-0.095966116,-0.052222997,-0.022020360,0.998986119,0.008397957,-0.035238154,-0.026729768
1789659063.748132467,-0.100699425,-0.054841444,-0.022229794,0.998760245,0.007020419,-0.039793887,-0.029071190
1789659063.781468153,-0.109425306,-0.058207024,-0.021880442,0.998547588,0.006371376,-0.042651098,-0.032295578
1789659063.814803839,-0.116007335,-0.062889375,-0.022770554,0.998318302,0.005218661,-0.046023033,-0.034859921
1789659063.848139763,-0.120768435,-0.066084959,-0.023359980,0.998005586,0.005856906,-0.051210729,-0.036441839
1789659063.881474257,-0.126780227,-0.070749409,-0.023877339,0.997608007,0.005338896,-0.057314661,-0.038272580
1789659063.914809942,-0.133473709,-0.073709615,-0.023425277,0.997232635,0.004510998,-0.061744892,-0.041161760
1789659063.948145866,-0.140288919,-0.077660516,-0.022559632,0.996806960,0.001691675,-0.065640508,-0.045435070
1789659063.981480360,-0.148749977,-0.080915265,-0.021140384,0.996291083,-0.001568192,-0.069181828,-0.051141891
1789659064.014816046,-0.158138260,-0.083605140,-0.018879598,0.995721009,-0.004591023,-0.072330279,-0.057331709
1789659064.048151970,-0.168215156,-0.088386156,-0.015644427,0.995139941,-0.009076516,-0.074786270,-0.063412364
1789659064.081487656,-0.178757593,-0.090887494,-0.012267059,0.994612791,-0.015090264,-0.075022969,-0.069923053
1789659064.114822149,-0.188230678,-0.090908140,-0.006997223,0.993745935,-0.020637464,-0.078316861,-0.076873795
1789659064.148158312,-0.198518306,-0.092026286,-0.003116288,0.992837208,-0.024412849,-0.082466107,-0.082931493
1789659064.181493998,-0.208326876,-0.092559874,0.000529049,0.991876298,-0.028206838,-0.086684206,-0.088722223
1789659064.214829922,-0.218366787,-0.092554159,0.004906658,0.990825061,-0.032172818,-0.090877660,-0.094719895
1789659064.248164654,-0.229984701,-0.093403794,0.009870685,0.989763537,-0.036196013,-0.094827473,-0.100328162
1789659064.281500340,-0.242212668,-0.092497282,0.012875405,0.988799158,-0.039229870,-0.097305499,-0.106154994
1789659064.314836264,-0.252506822,-0.092682980,0.017196525,0.987667634,-0.044000783,-0.100539127,-0.111662255
1789659064.348170996,-0.261089146,-0.092155449,0.020948645,0.986643645,-0.047890815,-0.103395385,-0.116405246
1789659064.381506920,-0.270019084,-0.091335557,0.024602029,0.985548709,-0.052072800,-0.106403863,-0.121080068
1789659064.414842606,-0.277786791,-0.090396047,0.029040758,0.984496142,-0.055584082,-0.109816987,-0.124971937
1789659064.448178530,-0.284337282,-0.089450322,0.032945596,0.983340071,-0.058713719,-0.114433980,-0.128451815
1789659064.481513500,-0.291513532,-0.088840395,0.035966147,0.982294774,-0.062810647,-0.117693094,-0.131529976
1789659064.514849186,-0.299246699,-0.088076077,0.040715721,0.981295743,-0.068046278,-0.119517011,-0.134699863
1789659064.548185110,-0.305978656,-0.086558267,0.045641575,0.980070183,-0.072546218,-0.122681269,-0.138379149
1789659064.581521034,-0.313604116,-0.084344767,0.050248951,0.979059806,-0.076803430,-0.123402162,-0.142530827
1789659064.614855766,-0.320935428,-0.081876546,0.056205388,0.978020176,-0.082151287,-0.123976303,-0.146142323
1789659064.648191690,-0.328727007,-0.079966128,0.060875233,0.976549765,-0.086686077,-0.127725738,-0.150074038
1789659064.681527615,-0.335001439,-0.077753812,0.064453132,0.975191729,-0.089923199,-0.130292082,-0.154721954
1789659064.714862585,-0.340229183,-0.076851532,0.068980224,0.973955630,-0.095329270,-0.131175384,-0.158479586
1789659064.748198509,-0.346566588,-0.074399345,0.072581120,0.972828568,-0.099455044,-0.133261115,-0.161104769
1789659064.781534433,-0.352456182,-0.072688751,0.076440819,0.971853293,-0.102910121,-0.134897080,-0.163442533
1789659064.814870358,-0.358591020,-0.071390666,0.079197243,0.970860834,-0.106211632,-0.135520964,-0.166680529
1789659064.848205328,-0.363879085,-0.069948010,0.082123742,0.969653045,-0.110278395,-0.136067938,-0.170578908
1789659064.881541252,-0.367302656,-0.068879709,0.085031830,0.968931173,-0.114483756,-0.135113466,-0.172656312
1789659064.914877176,-0.371111065,-0.068257451,0.086720191,0.968437424,-0.116366661,-0.136402367,-0.173153548
1789659064.948213100,-0.373427212,-0.067731641,0.087659918,0.967649491,-0.117710185,-0.140902724,-0.173046807
1789659064.981548071,-0.375377953,-0.066280842,0.089900553,0.966902677,-0.120907404,-0.142716549,-0.173529824
1789659065.014883995,-0.376305073,-0.065275989,0.093043588,0.965774155,-0.125829247,-0.144477632,-0.174852784
1789659065.048219919,-0.383004516,-0.062173821,0.097776242,0.964673318,-0.128774021,-0.146402704,-0.177169099
1789659065.081554890,-0.385921061,-0.060309500,0.099734709,0.963769778,-0.131241326,-0.147174958,-0.179619209
1789659065.114887714,-0.389421225,-0.057332247,0.101749405,0.963080809,-0.132714746,-0.148126078,-0.181440947
1789659065.148220539,-0.391755521,-0.055716015,0.103235483,0.962241148,-0.135233131,-0.150805723,-0.181828509
1789659065.181553125,-0.393408626,-0.054446474,0.105385862,0.961585483,-0.137861747,-0.152041751,-0.182293181
1789659065.214884996,-0.395299911,-0.052670520,0.107068315,0.960787314,-0.140813413,-0.153158072,-0.183308277
1789659065.248217821,-0.396399707,-0.050664179,0.109952964,0.960360712,-0.144169808,-0.152764694,-0.183262975
1789659065.281550646,-0.397981703,-0.048555229,0.112582505,0.960177753,-0.147234451,-0.153385143,-0.181255887
1789659065.314882040,-0.399357229,-0.047791105,0.114630684,0.959372223,-0.149852723,-0.156641811,-0.180589154
1789659065.348214865,-0.400024503,-0.046028547,0.117153578,0.959015167,-0.152446201,-0.156251541,-0.180653042
1789659065.381547451,-0.401311100,-0.044006463,0.119545504,0.958633933,-0.155340429,-0.155655723,-0.180725286
1789659065.414879799,-0.402604699,-0.043326259,0.120516293,0.957756272,-0.157718657,-0.156961976,-0.182183115
1789659065.448211670,-0.402528971,-0.044858452,0.120194636,0.958060901,-0.156258744,-0.156678450,-0.182083439
1789659065.481544256,-0.403048337,-0.046615373,0.119358145,0.958196585,-0.155274213,-0.156532244,-0.182337270
1789659065.514876604,-0.403024882,-0.046967234,0.118851408,0.958101182,-0.154613311,-0.158741171,-0.181488538
1789659065.548209190,-0.402784348,-0.047944464,0.118777119,0.958392140,-0.154378086,-0.158555030,-0.180311441
1789659065.581540585,-0.402979463,-0.048374563,0.118435152,0.958461304,-0.154418462,-0.158899852,-0.179604299
1789659065.614872932,-0.403765947,-0.049028650,0.117618941,0.958015536,-0.154660514,-0.160071424,-0.180730454
1789659065.648205519,-0.404903471,-0.049911704,0.116853662,0.957742675,-0.155162764,-0.158867267,-0.182796818
1789659065.681536913,-0.405678064,-0.051705301,0.115533710,0.957418783,-0.156186980,-0.158542660,-0.183899772
1789659065.714869499,-0.406912178,-0.053192493,0.114202872,0.956666252,-0.156798918,-0.161441926,-0.184770901
1789659065.748201609,-0.408127427,-0.054872125,0.112646669,0.956463313,-0.156739236,-0.162192196,-0.185214563
1789659065.781533957,-0.408947915,-0.056251865,0.110734925,0.956356906,-0.155437672,-0.163595894,-0.185625919
1789659065.814865351,-0.409248322,-0.058528565,0.108591720,0.956332904,-0.154149479,-0.165413119,-0.185212889
1789659065.848197460,-0.409614503,-0.061398733,0.106012791,0.956893939,-0.151721829,-0.165535294,-0.184207878
1789659065.881529808,-0.410091221,-0.064844832,0.103261836,0.957648549,-0.148746650,-0.166215207,-0.182088430
1789659065.914862156,-0.408404946,-0.067801252,0.099823393,0.957996812,-0.145257215,-0.170107791,-0.179459715
1789659065.948193312,-0.406249046,-0.072113752,0.096481830,0.958892225,-0.142669266,-0.171450962,-0.175430182
1789659065.981525660,-0.402612567,-0.076182254,0.092912860,0.959809035,-0.138618367,-0.173948644,-0.171153246
1789659066.014857769,-0.399068147,-0.080618404,0.088551365,0.960447179,-0.134057237,-0.176784945,-0.168276427
1789659066.048188925,-0.395019203,-0.085245200,0.084607363,0.961179685,-0.129977779,-0.178080769,-0.165911513
1789659066.081521034,-0.390403628,-0.091604322,0.081076972,0.961982569,-0.126811224,-0.178177852,-0.163588214
1789659066.114855766,-0.385635793,-0.094513886,0.075703911,0.963070710,-0.119845437,-0.178277623,-0.162323652
1789659066.148190498,-0.381197751,-0.101136915,0.071064010,0.963974547,-0.115395108,-0.179009678,-0.159350486
1789659066.181524277,-0.375127375,-0.106153160,0.065616027,0.965092278,-0.108875965,-0.180752824,-0.155149397
1789659066.214858770,-0.366720170,-0.111015372,0.058733433,0.966491832,-0.101490046,-0.183492607,-0.148066782
1789659066.248193502,-0.359051168,-0.115991965,0.053409908,0.967568440,-0.095992422,-0.185594228,-0.141956163
1789659066.281528234,-0.351606548,-0.120362565,0.047722261,0.968841644,-0.090315764,-0.185409809,-0.137157332
1789659066.314862013,-0.343905985,-0.125233591,0.041438099,0.970204624,-0.084377825,-0.184302597,-0.132724989
1789659066.348196745,-0.336678147,-0.130458057,0.035538930,0.971261402,-0.079252247,-0.183356486,-0.129424760
1789659066.381531477,-0.330150664,-0.133958176,0.030307291,0.972375486,-0.073250225,-0.182174365,-0.126225274
1789659066.414865017,-0.321712852,-0.139847696,0.022792634,0.973497978,-0.067265200,-0.180464419,-0.123327507
1789659066.448199749,-0.313634455,-0.143464044,0.017945012,0.974595827,-0.061539623,-0.178484098,-0.120495958
1789659066.481534481,-0.304802984,-0.150321931,0.010622744,0.975666620,-0.057387567,-0.176440448,-0.116833565
1789659066.514868975,-0.295062125,-0.155430034,0.003583338,0.977041619,-0.051251044,-0.174243368,-0.111365410
1789659066.548202753,-0.286513329,-0.158999324,-0.001557251,0.978383898,-0.044775882,-0.172467340,-0.104952776
1789659066.581537247,-0.277545273,-0.164069593,-0.008373180,0.979399286,-0.038010063,-0.171560668,-0.099494774
1789659066.614871740,-0.264519185,-0.171674266,-0.019976126,0.980514729,-0.030857197,-0.169535552,-0.094320709
1789659066.648205519,-0.255735308,-0.177344859,-0.025701514,0.981429707,-0.024599079,-0.167660551,-0.089891912
1789659066.681540012,-0.247647360,-0.184502289,-0.034006108,0.982500207,-0.019796690,-0.163562225,-0.086884023
1789659066.714874506,-0.237791106,-0.191463709,-0.040860575,0.983565466,-0.015466488,-0.159185348,-0.083784162
1789659066.748209238,-0.229879066,-0.197724596,-0.046653114,0.984459243,-0.011707703,-0.154955977,-0.081802037
1789659066.781542778,-0.222484708,-0.201304108,-0.051914260,0.985394780,-0.008203585,-0.150059736,-0.080074365
1789659066.814877272,-0.214064822,-0.208353356,-0.055338189,0.986190062,-0.007163219,-0.145558369,-0.078680432
1789659066.848212004,-0.208792880,-0.210882351,-0.061889686,0.986928292,-0.004048299,-0.141527639,-0.076981076
1789659066.881546497,-0.201791257,-0.215410531,-0.066066146,0.987643546,-0.001680363,-0.137581141,-0.075025544
1789659066.914879799,-0.191859871,-0.219388053,-0.068485163,0.988306182,0.000639561,-0.133771265,-0.073182855
1789659066.948214293,-0.184618920,-0.221593648,-0.070018128,0.988857830,0.002749166,-0.131692047,-0.069353004
1789659066.981548786,-0.177797019,-0.224528715,-0.073888443,0.989266881,0.004418184,-0.130705976,-0.065172580
1789659067.014882326,-0.171071246,-0.224592373,-0.075826943,0.989797773,0.007729138,-0.128145866,-0.061800204
1789659067.048216820,-0.163200676,-0.224600479,-0.077613905,0.990383088,0.009099081,-0.124939032,-0.058726344
1789659067.081551313,-0.156202614,-0.225079581,-0.079639971,0.990961073,0.009342143,-0.121715158,-0.055626408
1789659067.114886999,-0.148507744,-0.225197718,-0.082096584,0.991432140,0.010021664,-0.118962185,-0.053008270
1789659067.148221731,-0.140302852,-0.223089725,-0.083029337,0.991752835,0.011523921,-0.116730106,-0.051648768
1789659067.181557417,-0.138400942,-0.220528752,-0.088022292,0.992457576,0.012281793,-0.111167604,-0.050188449
1789659067.214892864,-0.132395759,-0.220898062,-0.087440968,0.992949076,0.011033246,-0.107603202,-0.048496911
1789659067.248228550,-0.129161656,-0.220008612,-0.089139007,0.993381088,0.011373548,-0.104912365,-0.045365759
1789659067.281563282,-0.126563400,-0.219509900,-0.090828158,0.993583805,0.012362218,-0.104024143,-0.042630688
1789659067.314898968,-0.117522091,-0.216128543,-0.090174161,0.993616304,0.015696970,-0.104118626,-0.040491442
1789659067.348234653,-0.112944998,-0.214619696,-0.091361128,0.993795276,0.017798942,-0.103128680,-0.037664590
1789659067.381569386,-0.107920453,-0.213533163,-0.091403238,0.993829367,0.018971125,-0.103775434,-0.034262877
1789659067.414905071,-0.103703037,-0.213297680,-0.091716334,0.994272446,0.017640647,-0.100735186,-0.031040824
1789659067.448240757,-0.099671736,-0.211791441,-0.090420209,0.994618494,0.016173466,-0.098091494,-0.029163846
1789659067.481576443,-0.092833340,-0.211044654,-0.090421170,0.994813194,0.015075389,-0.096552782,-0.028231237
1789659067.514910936,-0.089655600,-0.210051239,-0.090201624,0.995064845,0.013986101,-0.094357000,-0.027333137
1789659067.548246622,-0.086653449,-0.209210351,-0.088684864,0.995306768,0.012550311,-0.092353571,-0.026033559
1789659067.581582308,-0.083534710,-0.208126560,-0.087028779,0.995453901,0.011698137,-0.091177762,-0.024925905
1789659067.614917994,-0.082159996,-0.208485037,-0.084643617,0.995621564,0.009042827,-0.090077587,-0.023279965
1789659067.648252726,-0.079801552,-0.207930699,-0.081638217,0.995955487,0.005465042,-0.087117706,-0.021290979
1789659067.681588650,-0.074794814,-0.207485572,-0.078405663,0.996069306,0.002680360,-0.086218498,-0.020127669
1789659067.714924335,-0.072165303,-0.202031180,-0.073876232,0.996157628,0.002211674,-0.085103793,-0.020553188
1789659067.748259068,-0.069527008,-0.200427473,-0.068426788,0.996457581,-0.002744632,-0.082005456,-0.018435350
1789659067.781594753,-0.066752121,-0.200169459,-0.062978856,0.996650879,-0.008331933,-0.079698506,-0.016301927
1789659067.814930439,-0.064869627,-0.198514268,-0.058340039,0.996760112,-0.012967078,-0.077917913,-0.015163530
1789659067.848266125,-0.062405180,-0.196959227,-0.053013999,0.996862722,-0.017102476,-0.075934091,-0.014360796
1789659067.881600857,-0.059430026,-0.195458338,-0.047010198,0.996947077,-0.021869357,-0.073889387,-0.012594220
1789659067.914936543,-0.056647733,-0.194390148,-0.040029943,0.997015740,-0.028262041,-0.071065933,-0.010512092
1789659067.948272467,-0.053823933,-0.192361951,-0.033644564,0.997027981,-0.033472579,-0.068655982,-0.010057199
1789659067.981607199,-0.052325282,-0.186535493,-0.024257855,0.997118115,-0.037170281,-0.065470602,-0.009350673
1789659068.014942884,-0.051275253,-0.184486195,-0.016558835,0.997040804,-0.043289192,-0.062920622,-0.008756477
1789659068.048278570,-0.048941929,-0.182363719,-0.009233117,0.996828698,-0.049493109,-0.061785778,-0.008092961
1789659068.081614494,-0.047478039,-0.180689499,-0.001802309,0.996561449,-0.056004073,-0.060591894,-0.007579160
1789659068.114949703,-0.047128301,-0.177994683,0.004938809,0.996341956,-0.061387707,-0.058918477,-0.007929014
1789659068.148286104,-0.045904085,-0.175393328,0.012758717,0.996044129,-0.066479077,-0.058439149,-0.007841585
1789659068.181622744,-0.045618746,-0.173826218,0.020006895,0.995595267,-0.072265699,-0.059302356,-0.007138833
1789659068.214959145,-0.044534322,-0.169745430,0.028689735,0.995240517,-0.078235257,-0.057615460,-0.007484485
1789659068.248294592,-0.044515897,-0.167171776,0.038856138,0.994879325,-0.085073289,-0.053684780,-0.009777929
1789659068.281630993,-0.045002569,-0.164265156,0.046213113,0.994400890,-0.091090595,-0.052305455,-0.011554751
1789659068.314967632,-0.045364026,-0.159774661,0.054192033,0.994024350,-0.095058645,-0.052184903,-0.012497281
1789659068.348303318,-0.045255344,-0.158697754,0.060814843,0.993513053,-0.100302162,-0.052349181,-0.011439092
1789659068.381639719,-0.045778763,-0.157096803,0.066840760,0.993052975,-0.104124795,-0.053812691,-0.010392780
1789659068.414976120,-0.046385102,-0.153033465,0.072913907,0.992750922,-0.105899651,-0.055953456,-0.010004075
1789659068.448312759,-0.047250427,-0.151203632,0.078513987,0.992415493,-0.109371193,-0.055187885,-0.010184706
1789659068.481648207,-0.048272986,-0.149909154,0.083378524,0.992016773,-0.113499506,-0.053832635,-0.011073940
1789659068.514984846,-0.048183762,-0.147363469,0.088977911,0.991501146,-0.117135837,-0.055556055,-0.010871859
1789659068.548321486,-0.049328577,-0.145353585,0.093497694,0.991046673,-0.120654755,-0.056097106,-0.011046993
1789659068.581658125,-0.050525621,-0.142686382,0.098764025,0.990608792,-0.124270839,-0.055818028,-0.011633072
1789659068.614993572,-0.051624727,-0.138896883,0.106611602,0.990127132,-0.127845278,-0.055973917,-0.013067820
1789659068.648330212,-0.052782580,-0.137242422,0.112055503,0.989563416,-0.131969572,-0.056466435,-0.012641943
1789659068.681667089,-0.053807203,-0.134201676,0.116527654,0.989156733,-0.134778456,-0.056930878,-0.012751452
1789659068.715002775,-0.054511115,-0.130754218,0.121217974,0.988762656,-0.137372938,-0.057592689,-0.012655796
1789659068.748339415,-0.055872738,-0.127296478,0.125569522,0.988409078,-0.139536876,-0.058463989,-0.012606253
1789659068.781676054,-0.057188585,-0.123301506,0.129415825,0.988169298,-0.141427023,-0.057912498,-0.012883216
1789659068.815012693,-0.058095302,-0.119108506,0.133024782,0.987927298,-0.143564019,-0.056541710,-0.013858653
1789659068.848348379,-0.059687421,-0.118265234,0.137151480,0.987245664,-0.148656292,-0.055140271,-0.014382491
1789659068.881685019,-0.059541319,-0.114755847,0.142179295,0.986723358,-0.151753663,-0.056178160,-0.013851195
1789659068.915021896,-0.059878297,-0.112458341,0.145883426,0.986283272,-0.154352720,-0.056811443,-0.013892642
1789659068.948358536,-0.060834445,-0.109920807,0.148918927,0.985981469,-0.155984626,-0.057697412,-0.013429341
1789659068.981694221,-0.061296411,-0.107671589,0.151845649,0.985594509,-0.158152690,-0.058543649,-0.012799673
1789659069.015031338,-0.061328825,-0.103408337,0.155115098,0.985346530,-0.159658984,-0.058675537,-0.012585967
1789659069.048367977,-0.062402837,-0.102557667,0.158190832,0.984829466,-0.163115260,-0.057666386,-0.013376220
1789659069.081703901,-0.062775917,-0.099361733,0.160980508,0.984564220,-0.164590330,-0.057957428,-0.013574136
1789659069.115039349,-0.063027382,-0.097511686,0.164306477,0.983940745,-0.168094147,-0.058683944,-0.012694963
1789659069.148374796,-0.065940887,-0.093267590,0.169234008,0.983806426,-0.169050861,-0.057963554,-0.013672930
1789659069.181710243,-0.067232952,-0.091495730,0.171002939,0.983624606,-0.170004541,-0.058324425,-0.013392262
1789659069.215044498,-0.067541748,-0.090132549,0.173626557,0.983303409,-0.171702058,-0.058871995,-0.012918890
1789659069.248379946,-0.067294024,-0.088149823,0.175261110,0.983095257,-0.172647873,-0.059652762,-0.012568872
1789659069.281715393,-0.067518577,-0.086205609,0.177317500,0.982868433,-0.173938189,-0.059788291,-0.011853653
1789659069.315049887,-0.068217285,-0.084191449,0.178885967,0.982694364,-0.174831878,-0.060036110,-0.011885564
1789659069.348385334,-0.068740278,-0.083195508,0.180029780,0.982493965,-0.175633157,-0.060987072,-0.011797491
1789659069.381720781,-0.069162868,-0.082093410,0.181707531,0.982254086,-0.176833097,-0.061463017,-0.011369443
1789659069.415056229,-0.069845341,-0.080747679,0.183303371,0.982060571,-0.178140558,-0.060791788,-0.011284262
1789659069.448390722,-0.070256136,-0.079379030,0.184627086,0.981889586,-0.178769447,-0.061775333,-0.010868926
1789659069.481726170,-0.071049638,-0.077556945,0.185812950,0.981718237,-0.179536063,-0.062358196,-0.010371147
1789659069.515061617,-0.070987985,-0.076619387,0.187949911,0.981358384,-0.181732233,-0.061645458,-0.010438175
1789659069.548397064,-0.071132727,-0.074419215,0.189022332,0.981308189,-0.181752020,-0.062488192,-0.009780991
1789659069.581731319,-0.072084546,-0.072829850,0.189605743,0.981286871,-0.181789962,-0.062689095,-0.009927953
1789659069.615066767,-0.071974069,-0.072000392,0.191740975,0.980881664,-0.184085532,-0.062346695,-0.009826910
1789659069.648402214,-0.072061099,-0.070081934,0.192574933,0.980847227,-0.184259431,-0.062306232,-0.010252473
1789659069.681736469,-0.073058411,-0.069087036,0.193759665,0.980625176,-0.185505409,-0.062060622,-0.010511259
1789659069.715071917,-0.073042415,-0.068177283,0.194907963,0.980430249,-0.186581851,-0.061939739,-0.010354160
1789659069.748407364,-0.072813146,-0.067302711,0.195792243,0.980250927,-0.187447274,-0.062152831,-0.010424208
1789659069.781742811,-0.073366627,-0.067748494,0.196978614,0.979774440,-0.190023162,-0.061952838,-0.009751438
1789659069.815077305,-0.072487004,-0.067116663,0.198324725,0.979450725,-0.191417061,-0.062873436,-0.009094935
1789659069.848412752,-0.072659895,-0.065336280,0.198669657,0.979507998,-0.191313020,-0.062192534,-0.009772387
1789659069.881748199,-0.072330520,-0.064502053,0.200255662,0.979170861,-0.192915726,-0.062753584,-0.008362695
1789659069.915083647,-0.072513089,-0.064116627,0.201668084,0.978868930,-0.194350326,-0.063069200,-0.008114450
1789659069.948418140,-0.071838640,-0.063445121,0.202404425,0.978711833,-0.194971488,-0.063574690,-0.008217384
1789659069.981753588,-0.072409526,-0.062838025,0.202852011,0.978544075,-0.195714090,-0.063905389,-0.007974249
1789659070.015089035,-0.072096504,-0.062625200,0.204731867,0.978122521,-0.197664947,-0.064420517,-0.007409376
1789659070.048423529,-0.072041549,-0.061514813,0.204978436,0.978167498,-0.197521992,-0.064190527,-0.007279039
1789659070.081758976,-0.072287068,-0.060881469,0.205164716,0.978049810,-0.198059158,-0.064296510,-0.007556337
1789659070.115096092,-0.072373420,-0.059381709,0.204780847,0.978292233,-0.196830664,-0.064302970,-0.008192901
1789659070.148433685,-0.072220325,-0.059255123,0.204838887,0.978246852,-0.197103912,-0.064172763,-0.008062329
1789659070.181770086,-0.072791710,-0.058844924,0.203733250,0.978606006,-0.195163838,-0.064541106,-0.008706770
1789659070.215107441,-0.073166281,-0.061189137,0.204205528,0.978285126,-0.196596952,-0.065078537,-0.008522557
1789659070.248444796,-0.073298179,-0.061920583,0.203788251,0.978413717,-0.195813066,-0.065556590,-0.008134808
1789659070.281782150,-0.073456846,-0.062368661,0.201755196,0.978934416,-0.193012347,-0.066013526,-0.008709641
1789659070.315118551,-0.074076496,-0.064466044,0.199224919,0.979458705,-0.190288010,-0.065960721,-0.010015022
1789659070.348456144,-0.074783355,-0.065867610,0.195462108,0.980331298,-0.185556921,-0.066283490,-0.011210427
1789659070.381793499,-0.074931212,-0.068091542,0.192414433,0.980744308,-0.182807659,-0.067977805,-0.010048915
1789659070.415129900,-0.076093182,-0.072498687,0.189454883,0.980865140,-0.182455726,-0.067225923,-0.009703666
1789659070.448467493,-0.075639129,-0.075331688,0.187652394,0.981092979,-0.181040512,-0.067797798,-0.009184681
1789659070.481804848,-0.075071335,-0.078328885,0.184552714,0.981543181,-0.178281654,-0.068588595,-0.009178213
1789659070.515142679,-0.075021245,-0.082388766,0.182005227,0.981865947,-0.176506971,-0.068557095,-0.009191036
1789659070.548479319,-0.075123325,-0.085221358,0.178600609,0.982432786,-0.173184132,-0.068843450,-0.009677641
1789659070.581816673,-0.075585760,-0.091110170,0.175134331,0.982595679,-0.172465965,-0.068172015,-0.010667710
1789659070.615154266,-0.076081425,-0.095617488,0.170479834,0.983069509,-0.169705897,-0.068153360,-0.011374033
1789659070.648490906,-0.076325811,-0.099712558,0.166698784,0.983501889,-0.167089056,-0.068349293,-0.011560953
1789659070.681828499,-0.075814433,-0.105621435,0.164329946,0.983733328,-0.165727819,-0.068484252,-0.010627205
1789659070.715166330,-0.075375065,-0.111729622,0.159630269,0.984231296,-0.162591269,-0.069011215,-0.009501988
1789659070.748503923,-0.076054692,-0.116309308,0.154463857,0.984939947,-0.157727020,-0.070201480,-0.009340246
1789659070.781840563,-0.075915463,-0.122993447,0.149499968,0.985405815,-0.154360212,-0.071226355,-0.008666650
1789659070.815178394,-0.075648755,-0.127008915,0.143450841,0.986341091,-0.147908028,-0.072014129,-0.008272470
1789659070.848516226,-0.076066889,-0.130927175,0.136957228,0.987193167,-0.141976050,-0.072207536,-0.008861383
1789659070.881854057,-0.075874448,-0.135419279,0.130843282,0.987982795,-0.136496452,-0.071797839,-0.010187521
1789659070.915190697,-0.076652147,-0.138429537,0.123794012,0.989064010,-0.129332107,-0.069889178,-0.011878238
1789659070.948528528,-0.077762477,-0.144998655,0.117749326,0.989615929,-0.125907192,-0.067993422,-0.013586252
1789659070.981866121,-0.077406049,-0.164262488,0.106986888,0.989634532,-0.125639530,-0.068112546,-0.014102594
1789659071.015203238,-0.078585073,-0.171707243,0.098685518,0.990087003,-0.121939588,-0.068092169,-0.014896944
1789659071.048541069,-0.079385117,-0.176865771,0.090893678,0.990768696,-0.116086210,-0.068185532,-0.015878153
1789659071.081878901,-0.077725112,-0.183092147,0.083822288,0.991214018,-0.111339925,-0.070013797,-0.014009249
1789659071.115215302,-0.078013033,-0.188423544,0.075652435,0.991904845,-0.104791566,-0.070701964,-0.012030734
1789659071.148550510,-0.075823531,-0.194139913,0.068680286,0.992408885,-0.098100173,-0.073585410,-0.009281606
1789659071.181886911,-0.073842578,-0.199039385,0.061145842,0.992967930,-0.090032418,-0.076670115,-0.005526863
1789659071.215223312,-0.072308227,-0.205567613,0.052462552,0.993385020,-0.082994829,-0.079358767,-0.000496633
1789659071.248559713,-0.067690767,-0.208918408,0.042960733,0.993718195,-0.074000253,-0.083806514,0.004957882
1789659071.281895161,-0.064738348,-0.212362856,0.035146821,0.994027198,-0.066472821,-0.086080663,0.009022932
1789659071.315231800,-0.061359573,-0.216048464,0.027835185,0.994330444,-0.059281013,-0.087431258,0.012186267
1789659071.348568201,-0.059348717,-0.219798654,0.019841978,0.994630172,-0.052872312,-0.087894046,0.013783174
1789659071.381903648,-0.058180396,-0.221593067,0.013107758,0.994937079,-0.045793676,-0.088344151,0.014087551
1789659071.415240049,-0.056804087,-0.225858048,0.006487856,0.995202466,-0.041064359,-0.087740927,0.013685724
1789659071.448576450,-0.057435613,-0.226922870,0.000500399,0.995623591,-0.035747286,-0.085488141,0.012147984
1789659071.481913090,-0.055912320,-0.230526179,-0.010234465,0.995911949,-0.031220946,-0.084043152,0.011017768
1789659071.515248537,-0.056296013,-0.233579099,-0.016281066,0.996189744,-0.028088565,-0.082027634,0.009407106
1789659071.548585176,-0.057528865,-0.235942751,-0.022474764,0.996413586,-0.024111593,-0.080728605,0.007841520
1789659071.581921577,-0.057640754,-0.237935141,-0.027960891,0.996562362,-0.019880854,-0.080157474,0.006556705
1789659071.615258217,-0.057852738,-0.239277557,-0.033462256,0.996705565,-0.015587624,-0.079372955,0.005914082
1789659071.648593664,-0.057888884,-0.240849167,-0.039227784,0.996743072,-0.011651675,-0.079541049,0.006380298
1789659071.681930304,-0.057876993,-0.241832376,-0.045656815,0.996724862,-0.007590053,-0.080154296,0.007565016
1789659071.715267181,-0.056404352,-0.242052585,-0.051819421,0.996667883,-0.003485868,-0.080810179,0.010521177
1789659071.748602867,-0.054740146,-0.242677614,-0.058396082,0.996541155,0.001070018,-0.081942256,0.013785758
1789659071.781939268,-0.053479441,-0.243293121,-0.066063248,0.996328232,0.006068416,-0.083783678,0.016538568
1789659071.815275908,-0.051848155,-0.242032647,-0.074566051,0.996223756,0.011825780,-0.084014923,0.018435614
1789659071.848612547,-0.051725622,-0.241818398,-0.083035752,0.996283646,0.015060278,-0.082318085,0.020391631
1789659071.881948233,-0.050531499,-0.240854934,-0.090724118,0.996330050,0.017583679,-0.080888954,0.021776640
1789659071.915285110,-0.050190203,-0.239801332,-0.098339938,0.996466473,0.019779112,-0.078681669,0.021738212
1789659071.948621750,-0.050700560,-0.238802984,-0.105204545,0.996745580,0.021568707,-0.075123238,0.019736723
1789659071.981957436,-0.052369568,-0.236825481,-0.111745767,0.996971097,0.024295491,-0.071975680,0.016669210
1789659072.015294075,-0.053248778,-0.234904408,-0.117165335,0.996998632,0.027117352,-0.071103209,0.014237648
1789659072.048631191,-0.054545045,-0.232870340,-0.122065730,0.996982044,0.029784896,-0.070709962,0.011822230
1789659072.081967831,-0.055894524,-0.230948627,-0.126673058,0.997053692,0.031231892,-0.069445797,0.009262062
1789659072.115299463,-0.057092573,-0.227529034,-0.130328417,0.997142400,0.032326543,-0.067877361,0.007395480
1789659072.148632050,-0.057542566,-0.223770648,-0.132829368,0.997119239,0.033649420,-0.067628930,0.006875176
1789659072.181964874,-0.058300108,-0.222028106,-0.135848060,0.997151500,0.033646764,-0.067122754,0.007163595
1789659072.215297699,-0.058279864,-0.217513576,-0.137840226,0.997049463,0.036126573,-0.067416184,0.006503606
1789659072.248629093,-0.059218302,-0.214326516,-0.139726564,0.996975803,0.038600499,-0.067178858,0.006020879
1789659072.281961679,-0.059901979,-0.211045802,-0.141887322,0.996933394,0.040651278,-0.066716391,0.004494975
1789659072.315294266,-0.060670760,-0.207883194,-0.144138426,0.996931730,0.041573645,-0.066292841,0.002004034
1789659072.348625660,-0.060840692,-0.203904212,-0.144871384,0.996954440,0.041880154,-0.065784271,0.000572546
1789659072.381958246,-0.060857546,-0.201029256,-0.144831628,0.997061020,0.040664678,-0.064928446,0.000052901
1789659072.415290833,-0.060731139,-0.196532667,-0.144165918,0.997153167,0.038859920,-0.064617481,-0.000221567
1789659072.448623180,-0.060263123,-0.191848204,-0.143269867,0.997286413,0.037465225,-0.063368289,0.000791833
1789659072.481954813,-0.058801282,-0.188433379,-0.141170204,0.997378159,0.035993177,-0.062736257,0.002336958
1789659072.515287161,-0.058443319,-0.183441475,-0.140195042,0.997447609,0.036609007,-0.061165441,0.004103200
1789659072.548619747,-0.058190357,-0.178608790,-0.139702842,0.997283859,0.038098383,-0.062822527,0.005171816
1789659072.581951857,-0.057939962,-0.173627615,-0.139696062,0.997027242,0.040222841,-0.065415283,0.006296224
1789659072.615283489,-0.057790358,-0.167963490,-0.138918534,0.996886865,0.041630080,-0.066435096,0.008360215
1789659072.648615837,-0.057823919,-0.162829548,-0.137470126,0.996771627,0.041738733,-0.067759111,0.010625690
1789659072.681947947,-0.056289069,-0.158380762,-0.135382086,0.996568707,0.041668287,-0.070508932,0.011960652
1789659072.715279341,-0.055429693,-0.153842494,-0.132854104,0.996531787,0.041163307,-0.070917048,0.014168689
1789659072.748611689,-0.054055113,-0.148044825,-0.130767643,0.996528341,0.041119160,-0.070470546,0.016564499
1789659072.781943798,-0.053376418,-0.144080997,-0.128492117,0.996433745,0.040796535,-0.071607981,0.018103357
1789659072.815276146,-0.052753046,-0.140169442,-0.126163960,0.996360825,0.040666775,-0.072459409,0.018998784
1789659072.848607540,-0.052752469,-0.134802058,-0.124527432,0.996544130,0.040664429,-0.070101049,0.018222074
1789659072.881939650,-0.052748594,-0.130562395,-0.122454301,0.996726068,0.041535681,-0.067191595,0.017240137
1789659072.915271759,-0.052940428,-0.126398847,-0.120373294,0.996680734,0.042708203,-0.067341596,0.016390068
1789659072.948604107,-0.053010546,-0.122188844,-0.118911959,0.996816796,0.041700945,-0.066275703,0.014994561
1789659072.981935024,-0.053247966,-0.117130563,-0.116473168,0.997028439,0.040588422,-0.064103050,0.013329322
1789659073.015267134,-0.052945245,-0.111879595,-0.112847373,0.997031765,0.040350892,-0.064101705,0.013799851
1789659073.048599482,-0.051105004,-0.107045971,-0.108205423,0.997109685,0.038958332,-0.063388815,0.015374726
1789659073.081930399,-0.049901035,-0.102219254,-0.104712225,0.997243622,0.037355031,-0.061757228,0.017198965
1789659073.115267277,-0.049149618,-0.097168177,-0.101497881,0.997288026,0.036669125,-0.061245466,0.017915370
1789659073.148604393,-0.048510406,-0.093081802,-0.098900311,0.997314223,0.036952135,-0.060527239,0.018312121
1789659073.181941509,-0.047994379,-0.088633619,-0.096752554,0.997237884,0.038083053,-0.060839103,0.019102005
1789659073.215277672,-0.048547164,-0.085017256,-0.094813317,0.997158470,0.039050255,-0.061373737,0.019578768
1789659073.248614788,-0.049216818,-0.082141995,-0.092911899,0.997148507,0.038728427,-0.061801627,0.019378405
1789659073.281951904,-0.049660880,-0.078204185,-0.089919992,0.997238789,0.037813604,-0.061111438,0.018716850
1789659073.315288067,-0.049715396,-0.075127490,-0.086717218,0.997292306,0.035958140,-0.061193282,0.019247095
1789659073.348625183,-0.050317895,-0.071838409,-0.083718903,0.997290518,0.034152872,-0.062324097,0.018997663
1789659073.381962299,-0.051154274,-0.068393327,-0.080772720,0.997430096,0.031792187,-0.061533962,0.018331200
1789659073.415299654,-0.051542219,-0.063685291,-0.077223681,0.997588687,0.030002223,-0.059937834,0.018003714
1789659073.448635817,-0.052730870,-0.059520584,-0.074255750,0.997660439,0.029503162,-0.059408384,0.016548600
1789659073.481972933,-0.054843340,-0.054996431,-0.071651250,0.997716029,0.029265503,-0.059127593,0.014497699
1789659073.515310287,-0.055993780,-0.053945389,-0.069041014,0.997856737,0.026299836,-0.058146510,0.014464942
1789659073.548647404,-0.056960240,-0.050112654,-0.066213273,0.997819576,0.025546125,-0.058923899,0.015213911
1789659073.581983566,-0.058311421,-0.047139179,-0.064256437,0.997801481,0.025302438,-0.059402902,0.014942781
1789659073.615321159,-0.059600361,-0.043751344,-0.062544689,0.997843725,0.025084426,-0.058789416,0.014915677
1789659073.648658514,-0.060321469,-0.039660662,-0.060660437,0.997837068,0.025736101,-0.058460553,0.015530728
1789659073.681994677,-0.060390558,-0.037112005,-0.058372878,0.997841551,0.025235903,-0.058440585,0.016127212
1789659073.715332031,-0.061337918,-0.033572614,-0.055929638,0.997866331,0.024704376,-0.058355011,0.015721684
1789659073.748669386,-0.062571444,-0.030001659,-0.053080730,0.997981130,0.023802115,-0.057037290,0.014624354
1789659073.782006741,-0.063287280,-0.028135285,-0.050814968,0.998178809,0.022146883,-0.054616218,0.012870471
1789659073.815343380,-0.064886592,-0.025607802,-0.048024725,0.998250846,0.021192430,-0.054015529,0.011333711
1789659073.848680735,-0.066308081,-0.022560744,-0.044607516,0.998326963,0.019149673,-0.053595458,0.010202514
1789659073.882018089,-0.068539843,-0.018506711,-0.040480215,0.998492152,0.015724698,-0.052027939,0.007697424
1789659073.915355444,-0.071231499,-0.018155908,-0.038296502,0.998673271,0.011878869,-0.049999983,0.003254581
1789659073.948691845,-0.072583601,-0.014132599,-0.034807112,0.998650041,0.011245258,-0.050710426,-0.000303153
1789659073.982029200,-0.075081393,-0.013764528,-0.032889448,0.998577578,0.008567882,-0.052616997,-0.000929744
1789659074.015367031,-0.076366968,-0.010363826,-0.030946678,0.998497866,0.009118649,-0.054025838,-0.000264584
1789659074.048703432,-0.078558393,-0.007878019,-0.030733554,0.998463435,0.009970396,-0.054510179,-0.000013290
1789659074.082041025,-0.080590673,-0.005145253,-0.029896816,0.998414144,0.010880309,-0.055232782,-0.000394941
1789659074.115375757,-0.081570074,-0.001049237,-0.028206799,0.998390490,0.011379855,-0.055559192,0.000324234
1789659074.148710489,-0.081648707,0.000478226,-0.027174175,0.998356490,0.010618679,-0.056306893,0.001046645
1789659074.182044268,-0.081918918,0.002951987,-0.027107880,0.998323287,0.011460122,-0.056733711,0.000751912
1789659074.215379000,-0.081537247,0.005345295,-0.026013445,0.998345904,0.011890697,-0.056249097,0.000327327
1789659074.248713732,-0.082167551,0.004945226,-0.026055230,0.998369024,0.011440636,-0.055930837,-0.000380291
1789659074.282048225,-0.082923569,0.004054982,-0.026771970,0.998391304,0.012061963,-0.055385227,-0.001337702
1789659074.315382004,-0.083243608,0.003811128,-0.027150683,0.998399693,0.012665308,-0.055048329,-0.002706536
1789659074.348716736,-0.083968878,0.005248666,-0.026430931,0.998384585,0.012605222,-0.055321872,-0.002969662
1789659074.382051468,-0.082787640,0.003954173,-0.025618484,0.998330827,0.011225581,-0.056534148,-0.003665614
1789659074.415385008,-0.083087228,0.003830259,-0.024654144,0.998352337,0.009922063,-0.056344888,-0.004406559
1789659074.448719740,-0.084783398,0.003975627,-0.024186822,0.998418605,0.008603096,-0.055324769,-0.005044433
1789659074.482054472,-0.086622402,0.004944351,-0.021650208,0.998481890,0.007163691,-0.054183816,-0.006834500
1789659074.515389204,-0.089021638,0.005686443,-0.019003017,0.998506158,0.004316237,-0.053662708,-0.009334703
1789659074.548722744,-0.091356397,0.004987320,-0.017923540,0.998501022,0.002036072,-0.052998820,-0.013516226
1789659074.582057476,-0.095356613,0.005555902,-0.017140066,0.998476327,-0.000165672,-0.052086022,-0.018222042
1789659074.615391731,-0.094563417,0.005155225,-0.017120061,0.998462424,-0.000029474,-0.052685670,-0.017233921
1789659074.648725510,-0.092718095,0.006371673,-0.017345842,0.998433149,0.002843281,-0.054085581,-0.014068127
1789659074.682060003,-0.091214135,0.004882416,-0.018324319,0.998368222,0.002504017,-0.055578531,-0.012870504
1789659074.715394735,-0.091540195,0.005714345,-0.018083736,0.998365212,0.002691115,-0.055609897,-0.012930638
1789659074.748729229,-0.093238384,0.005098661,-0.017008154,0.998376164,0.000150392,-0.054826169,-0.015462960
1789659074.782063007,-0.094929762,0.003844283,-0.016472626,0.998347698,-0.003259535,-0.054280602,-0.018570536
1789659074.815397501,-0.093821697,0.005174882,-0.016250858,0.998361767,-0.000451006,-0.054930247,-0.016007733
1789659074.848731995,-0.093198016,0.005398215,-0.016727600,0.998366501,0.000822930,-0.055062501,-0.015224127
1789659074.882066727,-0.095002614,0.005744188,-0.015767166,0.998327362,-0.001489570,-0.054961733,-0.017873636
1789659074.915400028,-0.094858319,0.006316520,-0.016064057,0.998343524,-0.000202662,-0.054845970,-0.017380637
1789659074.948734522,-0.094214745,0.005854950,-0.016210450,0.998360707,0.000587130,-0.054923867,-0.016091096
1789659074.982069016,-0.095192485,0.005615479,-0.016125828,0.998349323,-0.001217553,-0.054651902,-0.017615804
1789659075.015402555,-0.094703853,0.005702814,-0.016096715,0.998343228,-0.000763790,-0.054913778,-0.017166635
1789659075.048737049,-0.093876541,0.004683754,-0.016581973,0.998347399,-0.000530935,-0.055098255,-0.016320915
1789659075.082071543,-0.094982989,0.006214551,-0.016546378,0.998349371,-0.000187021,-0.054723722,-0.017430198
1789659075.115411758,-0.094747551,0.005235251,-0.016591083,0.998343567,-0.000565279,-0.054881038,-0.017259058
1789659075.148751259,-0.094435811,0.005371190,-0.016737152,0.998355095,-0.000263060,-0.054819689,-0.016788009
1789659075.182091713,-0.094759181,0.004851153,-0.016620379,0.998337242,-0.001144325,-0.054864349,-0.017644949
1789659075.215432405,-0.095034622,0.005677183,-0.016984822,0.998350537,0.000350454,-0.054648659,-0.017595660
1789659075.248772621,-0.094445080,0.004333283,-0.016372273,0.998353471,-0.001104431,-0.054822888,-0.016839798
1789659075.282112360,-0.094399221,0.004142189,-0.016307624,0.998350431,-0.002452030,-0.054818145,-0.016893061
1789659075.315452814,-0.094411820,0.004021334,-0.016064730,0.998343107,-0.002367957,-0.054971635,-0.016839025
1789659075.348793507,-0.094535254,0.005232741,-0.016564626,0.998354027,-0.000487308,-0.054734294,-0.017121798
1789659075.382133007,-0.094919644,0.006302088,-0.015998365,0.998345651,0.000203563,-0.054821893,-0.017334339
1789659075.415473938,-0.094840586,0.005270157,-0.016683592,0.998360103,-0.000770410,-0.054576454,-0.017260415
1789659075.448814631,-0.094684243,0.004357183,-0.016507179,0.998355207,-0.001589987,-0.054777861,-0.016844534
1789659075.482155323,-0.094964035,0.005832945,-0.016201457,0.998359519,-0.000585079,-0.054685135,-0.016954793
1789659075.515495062,-0.094944768,0.004519380,-0.016650766,0.998354890,-0.001180171,-0.054658062,-0.017280553
1789659075.548835993,-0.094655022,0.004701847,-0.016657386,0.998351401,-0.001007235,-0.054777183,-0.017115094
1789659075.582176685,-0.095228575,0.005589600,-0.016352065,0.998366356,-0.000719109,-0.054540988,-0.017011235
1789659075.615517855,-0.094403096,0.004608818,-0.016438363,0.998347658,-0.001327572,-0.054870640,-0.017011888
1789659075.648857594,-0.094399504,0.004516092,-0.016677644,0.998348860,-0.001256193,-0.054821198,-0.017105921
1789659075.682198763,-0.094469652,0.004813421,-0.016609007,0.998345104,-0.001081731,-0.054841535,-0.017271049
1789659075.715539694,-0.094622985,0.005298074,-0.016271122,0.998349767,-0.000715917,-0.054827089,-0.017065158
1789659075.748879910,-0.094750576,0.004909724,-0.016481727,0.998360041,-0.001004891,-0.054639634,-0.017050793
1789659075.782220840,-0.094441965,0.004762666,-0.016548317,0.998349556,-0.001191561,-0.054818906,-0.017077254
1789659075.815562010,-0.094080389,0.004070744,-0.016710373,0.998343759,-0.001415376,-0.054895941,-0.017151417
1789659075.848903179,-0.094626106,0.004749975,-0.016442297,0.998351457,-0.001047348,-0.054752011,-0.017189790
1789659075.882243395,-0.094604060,0.004719195,-0.016671956,0.998352225,-0.001133918,-0.054740396,-0.017176670
1789659075.915584803,-0.094588235,0.004791121,-0.016696865,0.998359404,-0.001067399,-0.054721819,-0.016819137
1789659075.948925972,-0.095090926,0.005064725,-0.016488306,0.998366241,-0.000901901,-0.054492735,-0.017163250
1789659075.982266426,-0.094688229,0.004845109,-0.016638391,0.998354616,-0.000970173,-0.054686863,-0.017218197
1789659076.015607595,-0.094908878,0.005474111,-0.016759038,0.998366634,-0.000571260,-0.054540719,-0.017001412
1789659076.048949003,-0.094508827,0.005153531,-0.016323600,0.998349398,-0.000821422,-0.054823147,-0.017094631
1789659076.082290173,-0.095004544,0.004799337,-0.016970463,0.998367010,-0.001112313,-0.054521739,-0.017013436
1789659076.115621567,-0.094827197,0.004647137,-0.016810592,0.998360054,-0.001177403,-0.054635056,-0.017053645
1789659076.148953915,-0.094644278,0.005058318,-0.016585018,0.998350689,-0.000949360,-0.054796007,-0.017099668
1789659076.182286024,-0.093950026,0.004047675,-0.016663974,0.998341668,-0.001419402,-0.054953545,-0.017088242
1789659076.215618134,-0.094166055,0.004917370,-0.016457599,0.998339611,-0.000919319,-0.054978316,-0.017162786
1789659076.248949528,-0.094652027,0.004834983,-0.016762523,0.998356115,-0.001007912,-0.054675911,-0.017163808
1789659076.282281399,-0.094680615,0.004346544,-0.016703006,0.998351938,-0.001383754,-0.054735676,-0.017190065
1789659076.315613508,-0.094379321,0.004178056,-0.016957143,0.998352790,-0.001380167,-0.054736594,-0.017137909
1789659076.348944664,-0.094412796,0.004632808,-0.016642200,0.998353603,-0.001093184,-0.054730893,-0.017129437
1789659076.382276773,-0.093769006,0.003416345,-0.016711922,0.998330334,-0.001830226,-0.055053114,-0.017388202
1789659076.415608883,-0.094572872,0.004726375,-0.016904561,0.998358123,-0.001012473,-0.054637685,-0.017168454
1789659076.448940754,-0.094864659,0.005143655,-0.016769065,0.998362685,-0.000803156,-0.054535260,-0.017239792
1789659076.482271671,-0.094599873,0.004807108,-0.016899858,0.998360800,-0.000897335,-0.054584507,-0.017188343
1789659076.515603781,-0.094808422,0.004313912,-0.016896611,0.998362575,-0.001330084,-0.054568297,-0.017108507
1789659076.548935652,-0.094574332,0.004698115,-0.016549593,0.998345522,-0.001165114,-0.054843446,-0.017235342
1789659076.582267523,-0.094618350,0.005101600,-0.016767742,0.998359497,-0.000700878,-0.054594803,-0.017240407
1789659076.615598440,-0.094568722,0.004483159,-0.016625801,0.998355744,-0.001275934,-0.054689944,-0.017122782
1789659076.648930073,-0.094655864,0.004940871,-0.016455216,0.998352725,-0.000958861,-0.054775776,-0.017044996
1789659076.682261944,-0.094551042,0.004984306,-0.016997924,0.998358654,-0.000817108,-0.054622650,-0.017195827
1789659076.715592861,-0.094687805,0.004570867,-0.016745090,0.998358256,-0.001152676,-0.054667179,-0.017057673
1789659076.748924494,-0.094591424,0.004394698,-0.016765375,0.998351795,-0.001332037,-0.054759107,-0.017127761
1789659076.782256365,-0.094565846,0.005359739,-0.016582908,0.998353396,-0.000693632,-0.054770774,-0.017034587
1789659076.815587997,-0.094527446,0.004615536,-0.016679740,0.998353512,-0.001119154,-0.054709530,-0.017201136
1789659076.848918676,-0.094494224,0.004903588,-0.017039046,0.998358820,-0.000904251,-0.054601352,-0.017249357
1789659076.882250309,-0.094226219,0.004222017,-0.016554987,0.998339218,-0.001449058,-0.054995964,-0.017092421
1789659076.915581942,-0.094484076,0.004997771,-0.016865052,0.998355328,-0.000858695,-0.054692705,-0.017164172
1789659076.948913574,-0.094848953,0.005073484,-0.016568540,0.998357505,-0.000869710,-0.054679847,-0.017077750
1789659076.982244253,-0.094671674,0.004735427,-0.016653830,0.998358698,-0.000984842,-0.054632759,-0.017152335
1789659077.015575647,-0.094517931,0.004552633,-0.016670825,0.998353257,-0.001100759,-0.054704850,-0.017231978
1789659077.048907280,-0.094750270,0.004552374,-0.016667301,0.998356184,-0.001215792,-0.054687256,-0.017110133
1789659077.082237720,-0.094104685,0.003981181,-0.017273452,0.998350978,-0.001409490,-0.054719649,-0.017294429
1789659077.115571737,-0.094615445,0.004396081,-0.016677409,0.998351376,-0.001233482,-0.054733339,-0.017241550
1789659077.148905754,-0.094513677,0.004865797,-0.016861424,0.998357229,-0.000915819,-0.054658417,-0.017159913
1789659077.182239771,-0.094513483,0.004497546,-0.017167160,0.998357407,-0.001121914,-0.054612841,-0.017281957
1789659077.215572834,-0.094751112,0.004851401,-0.016628638,0.998357737,-0.000959665,-0.054617925,-0.017256595
1789659077.248906612,-0.095029891,0.005468665,-0.016873324,0.998374405,-0.000494995,-0.054386106,-0.017042721
1789659077.282240391,-0.094701074,0.004698184,-0.016484236,0.998355191,-0.001114476,-0.054715376,-0.017085009
1789659077.315573454,-0.094676450,0.004346377,-0.016772874,0.998355222,-0.001315378,-0.054687043,-0.017159485
1789659077.348907232,-0.094514318,0.003833075,-0.017152941,0.998353784,-0.001623435,-0.054610603,-0.017457644
1789659077.382241249,-0.094249628,0.003766777,-0.017187629,0.998355852,-0.001596466,-0.054679006,-0.017124562
1789659077.415575266,-0.094692782,0.005284521,-0.016484719,0.998355427,-0.000671108,-0.054715625,-0.017093612
1789659077.448907852,-0.094578035,0.004449827,-0.017032862,0.998360321,-0.000999282,-0.054549161,-0.017322251
1789659077.482241631,-0.094199546,0.003903150,-0.017167944,0.998350728,-0.001500395,-0.054753314,-0.017194398
1789659077.515575647,-0.094627328,0.004977097,-0.016659381,0.998351767,-0.000931007,-0.054727350,-0.017256856
1789659077.548909426,-0.094228983,0.004272565,-0.016862731,0.998349821,-0.001240555,-0.054822190,-0.017047685
1789659077.582242250,-0.094385907,0.004524107,-0.016736979,0.998348641,-0.001200069,-0.054795763,-0.017203945
1789659077.615576029,-0.094396502,0.004660232,-0.016704885,0.998351319,-0.001015840,-0.054763309,-0.017163685
1789659077.648909807,-0.094615906,0.004386418,-0.016865566,0.998356757,-0.001236376,-0.054636977,-0.017235355
1789659077.682242632,-0.094492592,0.004475569,-0.016946686,0.998355502,-0.001186745,-0.054681327,-0.017170804
1789659077.715576410,-0.094604656,0.005391369,-0.016515231,0.998355033,-0.000585373,-0.054754291,-0.016995684
1789659077.748909950,-0.094702400,0.005582723,-0.016752044,0.998365527,-0.000448499,-0.054534074,-0.017091170
1789659077.782243729,-0.094555534,0.004312030,-0.017108513,0.998357763,-0.001253078,-0.054601732,-0.017287500
1789659077.815576315,-0.094726138,0.004283354,-0.017040273,0.998357663,-0.001363122,-0.054602523,-0.017282457
1789659077.848910093,-0.094447307,0.004325678,-0.016966179,0.998356990,-0.001151553,-0.054653327,-0.017175792
1789659077.882243872,-0.094347492,0.004882369,-0.016579969,0.998346253,-0.000854089,-0.054861091,-0.017154890
1789659077.915577412,-0.094546869,0.005087759,-0.016492020,0.998350151,-0.000771054,-0.054765561,-0.017237022
1789659077.948910236,-0.094495386,0.005135995,-0.017034300,0.998361877,-0.000677274,-0.054575671,-0.017163922
1789659077.982243538,-0.094709545,0.004752222,-0.016772365,0.998358264,-0.001073653,-0.054610201,-0.017243823
1789659078.015577316,-0.094451725,0.004266090,-0.016983293,0.998354829,-0.001286295,-0.054657819,-0.017277268
1789659078.048909903,-0.094550319,0.005060390,-0.016379181,0.998352582,-0.000738461,-0.054785121,-0.017034312
1789659078.082243443,-0.094322473,0.004511168,-0.016902199,0.998353105,-0.001014389,-0.054735917,-0.017147272
1789659078.115585804,-0.094215646,0.004277960,-0.016615463,0.998343912,-0.001336223,-0.054897377,-0.017144253
1789659078.148927689,-0.094468534,0.004347880,-0.016787214,0.998356182,-0.001157233,-0.054636517,-0.017275579
1789659078.182269096,-0.093924254,0.003612547,-0.017175687,0.998344563,-0.001675069,-0.054838443,-0.017264781
1789659078.215611219,-0.094778351,0.004344955,-0.016663231,0.998353921,-0.001294233,-0.054701688,-0.017190053
1789659078.248953581,-0.094268285,0.004457856,-0.016572438,0.998348928,-0.001158854,-0.054896815,-0.016864596
1789659078.282295942,-0.094300210,0.003945599,-0.017217934,0.998352382,-0.001419686,-0.054651646,-0.017427094
1789659078.315637112,-0.094409004,0.004717334,-0.016851116,0.998354191,-0.000997271,-0.054754149,-0.017026397
1789659078.348979712,-0.094514199,0.003855979,-0.017054483,0.998351400,-0.001649364,-0.054720019,-0.017247616
1789659078.382322311,-0.094443895,0.004766434,-0.017141495,0.998366235,-0.000854732,-0.054505903,-0.017124176
1789659078.415663719,-0.094623722,0.004573039,-0.016871333,0.998357363,-0.001099856,-0.054635984,-0.017212641
1789659078.449006319,-0.094043545,0.004065335,-0.016936433,0.998343343,-0.001391546,-0.054874889,-0.017244721
1789659078.482348919,-0.094737373,0.004946110,-0.016732112,0.998359960,-0.000785110,-0.054627448,-0.017106034
1789659078.515691757,-0.094637193,0.004093252,-0.017193524,0.998355805,-0.001409253,-0.054611754,-0.017356778
1789659078.549033403,-0.094378956,0.004220770,-0.017148225,0.998359471,-0.001235995,-0.054594016,-0.017214298
1789659078.582376242,-0.094303921,0.003822314,-0.017358072,0.998355459,-0.001548556,-0.054671270,-0.017176502
1789659078.615719080,-0.094958805,0.005233628,-0.016626488,0.998363985,-0.000675147,-0.054552973,-0.017113489
1789659078.649060726,-0.094468363,0.004274494,-0.016944785,0.998353386,-0.001336762,-0.054677537,-0.017294390
1789659078.682403803,-0.094436944,0.004413166,-0.016844489,0.998356727,-0.001179399,-0.054667084,-0.017145395
1789659078.715746641,-0.094234020,0.004539501,-0.016779713,0.998350100,-0.001049299,-0.054815540,-0.017065552
1789659078.749089718,-0.094199918,0.004050220,-0.016773611,0.998344622,-0.001468135,-0.054881060,-0.017144400
1789659078.782431602,-0.094113722,0.004354095,-0.016621411,0.998345977,-0.001134461,-0.054897652,-0.017037331
1789659078.815774918,-0.094475016,0.004817264,-0.016551422,0.998350762,-0.001071738,-0.054833213,-0.016968412
1789659078.849117994,-0.094177179,0.004161180,-0.016666811,0.998346178,-0.001310984,-0.054843622,-0.017186264
1789659078.882461071,-0.094061904,0.003840375,-0.017089054,0.998347917,-0.001470574,-0.054779119,-0.017277789
1789659078.915803432,-0.094555117,0.004915320,-0.016783426,0.998352249,-0.000871870,-0.054750615,-0.017157970
1789659078.949146748,-0.094362698,0.005131474,-0.016862880,0.998356703,-0.000621695,-0.054720753,-0.017004321
1789659078.982490063,-0.094503529,0.003708780,-0.017043650,0.998354197,-0.001734061,-0.054670737,-0.017233732
1789659079.015832186,-0.094251871,0.004384469,-0.017097460,0.998356333,-0.001138336,-0.054725576,-0.016983739
1789659079.049175739,-0.094147362,0.004249996,-0.016749840,0.998344996,-0.001214169,-0.054857082,-0.017219016
1789659079.082519293,-0.094414309,0.004448009,-0.017277252,0.998358621,-0.001010421,-0.054580742,-0.017320118
1789659079.115856409,-0.094462745,0.004722305,-0.016723448,0.998351256,-0.001061740,-0.054765220,-0.017158456
1789659079.149192810,-0.094041273,0.003456562,-0.017187316,0.998346246,-0.001686073,-0.054800200,-0.017287831
1789659079.182529926,-0.094340555,0.004271419,-0.017016599,0.998352247,-0.001182419,-0.054688265,-0.017337457
1789659079.215867519,-0.094536111,0.004426522,-0.017190397,0.998359169,-0.001134192,-0.054610165,-0.017187578
1789659079.249204874,-0.094446652,0.004768334,-0.017087400,0.998360208,-0.000887577,-0.054630171,-0.017077822
1789659079.282541275,-0.094881080,0.005172744,-0.016663136,0.998366355,-0.000754701,-0.054533813,-0.017032752
1789659079.315878391,-0.094481975,0.005040473,-0.016690873,0.998358211,-0.000719234,-0.054705808,-0.016959935
1789659079.349215746,-0.094263643,0.004706101,-0.016614050,0.998345021,-0.000987761,-0.054869768,-0.017191648
1789659079.382552147,-0.094458558,0.004452937,-0.016927224,0.998357208,-0.001003394,-0.054668324,-0.017124637
1789659079.415889740,-0.094310284,0.004395432,-0.016971679,0.998350776,-0.001109120,-0.054737302,-0.017272115
1789659079.449227095,-0.094231136,0.004056895,-0.017107958,0.998351069,-0.001386854,-0.054729576,-0.017259567
1789659079.482564449,-0.094146363,0.004336971,-0.017015848,0.998350296,-0.001151535,-0.054757519,-0.017232932
1789659079.515901089,-0.094317220,0.004714453,-0.016631810,0.998345932,-0.001005161,-0.054876042,-0.017117526
1789659079.549238443,-0.094713479,0.004838267,-0.016812008,0.998361158,-0.000882561,-0.054574347,-0.017200550
1789659079.582576036,-0.094624415,0.003961116,-0.017315421,0.998367391,-0.001429133,-0.054455553,-0.017178553
1789659079.615913391,-0.094545528,0.004470559,-0.017218115,0.998362401,-0.001097040,-0.054520297,-0.017287308
1789659079.649250031,-0.094282880,0.003820942,-0.017171083,0.998347139,-0.001544754,-0.054755984,-0.017389247
1789659079.682587385,-0.094250180,0.004843070,-0.016803535,0.998348856,-0.000845746,-0.054786535,-0.017241889
1789659079.715924978,-0.094596438,0.005357790,-0.016718259,0.998359831,-0.000524783,-0.054666701,-0.016997749
1789659079.749261379,-0.094683565,0.005237295,-0.016979691,0.998367100,-0.000573501,-0.054519338,-0.017042520
1789659079.782599211,-0.094384752,0.004761979,-0.016978448,0.998358487,-0.000815260,-0.054613955,-0.017233169
1789659079.815936565,-0.094234474,0.003987332,-0.016974945,0.998352268,-0.001411356,-0.054733394,-0.017175927
1789659079.849274158,-0.094168566,0.004842035,-0.016466850,0.998341946,-0.000918968,-0.054967592,-0.017061022
1789659079.882610798,-0.094714291,0.005126027,-0.016883980,0.998366526,-0.000656536,-0.054534491,-0.017024615
1789659079.915948391,-0.094088018,0.004174575,-0.016665278,0.998344620,-0.001344097,-0.054890004,-0.017126020
1789659079.949285984,-0.094487280,0.003937598,-0.017016215,0.998356176,-0.001528926,-0.054592175,-0.017386834
1789659079.982622623,-0.094199702,0.003967585,-0.017109929,0.998352342,-0.001445803,-0.054713544,-0.017231938
1789659080.015960217,-0.094246291,0.004088600,-0.016889509,0.998346911,-0.001297435,-0.054803855,-0.017271327
1789659080.049297810,-0.094503202,0.004628461,-0.017150270,0.998359159,-0.000949806,-0.054597357,-0.017239935
1789659080.082635403,-0.094639465,0.005317430,-0.016963337,0.998361833,-0.000546762,-0.054585074,-0.017141221
1789659080.115971565,-0.094367094,0.004729609,-0.016256347,0.998344481,-0.001064051,-0.054952663,-0.016951983
1789659080.149309158,-0.094470441,0.004289292,-0.017337432,0.998364285,-0.001176472,-0.054506035,-0.017218107
1789659080.182646275,-0.094433069,0.004120748,-0.016956201,0.998355582,-0.001238443,-0.054630143,-0.017324709
1789659080.215983391,-0.094126910,0.004466379,-0.016713174,0.998347660,-0.001012893,-0.054808726,-0.017231599
1789659080.249319792,-0.094632648,0.005175610,-0.016518287,0.998356312,-0.000712117,-0.054733580,-0.016982414
1789659080.282656908,-0.094311588,0.004511283,-0.016886674,0.998349422,-0.001044490,-0.054766278,-0.017262563
1789659080.315994501,-0.094634131,0.004131192,-0.017113855,0.998360103,-0.001330868,-0.054567014,-0.017256134
1789659080.349330664,-0.094485097,0.004624333,-0.017198836,0.998360848,-0.000864227,-0.054603661,-0.017126329
1789659080.382668018,-0.094234973,0.004372559,-0.016813969,0.998351208,-0.001046066,-0.054761522,-0.017174012
1789659080.416005135,-0.094584092,0.004917577,-0.016899057,0.998358843,-0.000796578,-0.054642391,-0.017122946
1789659080.449342489,-0.094476953,0.004703305,-0.016643025,0.998351635,-0.000949825,-0.054731589,-0.017250049
1789659080.482678652,-0.094240844,0.004863455,-0.016689777,0.998350260,-0.000820190,-0.054815267,-0.017069629
1789659080.516016006,-0.094477467,0.005134415,-0.016680675,0.998352929,-0.000682757,-0.054745494,-0.017143337
1789659080.549353600,-0.094457701,0.004355880,-0.017264467,0.998362034,-0.001108887,-0.054588920,-0.017090009
1789659080.582690954,-0.094444230,0.004565113,-0.017067753,0.998358524,-0.000978869,-0.054601609,-0.017261615
1789659080.616027117,-0.094215885,0.004694726,-0.016886182,0.998349737,-0.000887277,-0.054767788,-0.017248345
1789659080.649364471,-0.094533063,0.004185548,-0.016874822,0.998353386,-0.001360210,-0.054679284,-0.017287086
1789659080.682701826,-0.094078802,0.004187758,-0.017126083,0.998354581,-0.001127674,-0.054691763,-0.017195032
1789659080.716038227,-0.094086520,0.004011999,-0.017137118,0.998349139,-0.001276112,-0.054752395,-0.017307323
1789659080.749375820,-0.094380893,0.004426430,-0.016874695,0.998354841,-0.001008387,-0.054665252,-0.017271478
1789659080.782713175,-0.094521619,0.004665042,-0.016767390,0.998356717,-0.000981593,-0.054663160,-0.017170946
1789659080.816050529,-0.094064802,0.004125876,-0.017023556,0.998348406,-0.001242932,-0.054800402,-0.017199768
1789659080.849386930,-0.094076976,0.004562300,-0.016779749,0.998345273,-0.001030126,-0.054884431,-0.017127603
1789659080.882724285,-0.093822777,0.003909778,-0.017163297,0.998345732,-0.001303919,-0.054832216,-0.017248951
1789659080.916061878,-0.093998350,0.003929881,-0.016783046,0.998341894,-0.001434967,-0.054922464,-0.017173405
1789659080.949399471,-0.094109192,0.004654094,-0.016424367,0.998337293,-0.001074963,-0.055073523,-0.016982371
1789659080.982735872,-0.094174072,0.004595597,-0.016806290,0.998345643,-0.000908702,-0.054879622,-0.017128293
1789659081.016073227,-0.094234459,0.004321017,-0.017124746,0.998356598,-0.001090681,-0.054688172,-0.017091447
1789659081.049410582,-0.094583593,0.005380427,-0.016697938,0.998352650,-0.000525344,-0.054757544,-0.017126628
1789659081.082747221,-0.094064310,0.004023492,-0.017302085,0.998348494,-0.001337319,-0.054756154,-0.017328013
1789659081.116080523,-0.094091520,0.004670256,-0.016596140,0.998345745,-0.000889602,-0.054894981,-0.017074040
1789659081.149413824,-0.094276726,0.004188605,-0.016930511,0.998350986,-0.001227138,-0.054738980,-0.017246666
1789659081.182747126,-0.094147742,0.003724223,-0.017051496,0.998343357,-0.001513434,-0.054859665,-0.017282008
1789659081.216078997,-0.093883105,0.004109266,-0.016950849,0.998341025,-0.001298099,-0.054995016,-0.017001805
1789659081.249412298,-0.094050735,0.004326397,-0.016855981,0.998347068,-0.001170929,-0.054848974,-0.017127486
1789659081.282745600,-0.094349094,0.004735858,-0.016730409,0.998352258,-0.000847945,-0.054730030,-0.017224227
1789659081.316077709,-0.094082355,0.003950895,-0.016968876,0.998345323,-0.001395213,-0.054850456,-0.017207441
1789659081.349410534,-0.094172858,0.004257751,-0.017199837,0.998354740,-0.001097804,-0.054666840,-0.017266835
1789659081.382743835,-0.094678380,0.004646835,-0.016796740,0.998360941,-0.000983326,-0.054607664,-0.017101699
1789659081.416076899,-0.094303839,0.004340517,-0.017185852,0.998354521,-0.001156473,-0.054666264,-0.017277521
1789659081.449409008,-0.094229266,0.004029745,-0.017138425,0.998354420,-0.001256427,-0.054640169,-0.017358741
1789659081.482741833,-0.094483107,0.004774825,-0.016879110,0.998357161,-0.000811060,-0.054649457,-0.017197649
1789659081.516074896,-0.094439439,0.004651855,-0.016903855,0.998355630,-0.000962965,-0.054667190,-0.017222261
1789659081.549407959,-0.094286419,0.004571738,-0.016815279,0.998350546,-0.000939726,-0.054710462,-0.017380156
1789659081.582740068,-0.094492786,0.005312987,-0.016672384,0.998356722,-0.000489623,-0.054685951,-0.017119065
1789659081.616072655,-0.094196014,0.005288971,-0.016557541,0.998348081,-0.000520955,-0.054864572,-0.017050414
1789659081.649405718,-0.094158843,0.004588406,-0.016768923,0.998349520,-0.000942067,-0.054793171,-0.017177210
1789659081.682737589,-0.094367683,0.004428979,-0.016839761,0.998350323,-0.001112132,-0.054763783,-0.017214065
1789659081.716070652,-0.094366074,0.004493148,-0.016994316,0.998358652,-0.001006366,-0.054669253,-0.017037054
1789659081.749403238,-0.094262019,0.004349898,-0.017072819,0.998351804,-0.001093185,-0.054717540,-0.017276316
1789659081.782736063,-0.094139010,0.004056721,-0.017222665,0.998354400,-0.001183948,-0.054673659,-0.017259212
1789659081.816067934,-0.094675533,0.004748835,-0.017085789,0.998361051,-0.000917490,-0.054539860,-0.017313979
1789659081.849400997,-0.094579272,0.004414107,-0.017307851,0.998368627,-0.001004491,-0.054433902,-0.017205388
1789659081.882733583,-0.094603479,0.004991413,-0.016670652,0.998356379,-0.000703374,-0.054687250,-0.017127462
1789659081.916066170,-0.094399951,0.004696317,-0.017064843,0.998355839,-0.000874932,-0.054659146,-0.017240364
1789659081.949398041,-0.094303519,0.004851336,-0.016769081,0.998352184,-0.000760784,-0.054805246,-0.016991845
1789659081.982730627,-0.094433926,0.004844513,-0.016842477,0.998355424,-0.000831837,-0.054705958,-0.017117642
1789659082.016063213,-0.094543397,0.004481176,-0.016914977,0.998360250,-0.001002904,-0.054573158,-0.017250408
1789659082.049395084,-0.094299264,0.004776207,-0.017104179,0.998358157,-0.000750447,-0.054612679,-0.017259256
1789659082.082727432,-0.094170496,0.004166006,-0.017003085,0.998345959,-0.001257681,-0.054828498,-0.017251116
1789659082.116064072,-0.094179451,0.004823165,-0.016872093,0.998346751,-0.000808191,-0.054846626,-0.017174387
1789659082.149400473,-0.094488807,0.004374269,-0.017084651,0.998357215,-0.001051780,-0.054597701,-0.017345229
1789659082.182735920,-0.093951002,0.003642936,-0.017096868,0.998345051,-0.001511858,-0.054833638,-0.017266916
1789659082.216072083,-0.093904637,0.003400812,-0.017030066,0.998341557,-0.001773461,-0.054922547,-0.017161120
1789659082.249408484,-0.094120555,0.004307509,-0.017094472,0.998353459,-0.001026520,-0.054694790,-0.017256787
1789659082.282744884,-0.094318807,0.005131966,-0.016592290,0.998349629,-0.000636768,-0.054783704,-0.017215095
1789659082.316080332,-0.094111823,0.004348128,-0.016958797,0.998347371,-0.001110921,-0.054827100,-0.017183743
1789659082.349416494,-0.094402984,0.004422216,-0.016907398,0.998353861,-0.001051208,-0.054674132,-0.017297494
1789659082.382752895,-0.094578415,0.004944074,-0.017010452,0.998363541,-0.000716645,-0.054541524,-0.017174073
1789659082.416088343,-0.094461322,0.004232132,-0.017024551,0.998354390,-0.001261493,-0.054698155,-0.017176504
1789659082.449424744,-0.094614558,0.004602445,-0.016599508,0.998356552,-0.000962951,-0.054688743,-0.017099997
1789659082.482761145,-0.094329782,0.004504363,-0.016939282,0.998353316,-0.000988738,-0.054703818,-0.017238661
1789659082.516097546,-0.094172850,0.004783947,-0.016824484,0.998347513,-0.000797931,-0.054849979,-0.017119740
1789659082.549432993,-0.094076097,0.003592541,-0.017340463,0.998349711,-0.001592121,-0.054762485,-0.017216003
1789659082.582769632,-0.094447650,0.004583406,-0.016985344,0.998353547,-0.000990939,-0.054698502,-0.017242034
1789659082.616106033,-0.094081007,0.004534340,-0.017011832,0.998349281,-0.000922812,-0.054787955,-0.017208749
1789659082.649441481,-0.094369784,0.004491637,-0.017229287,0.998359229,-0.000915551,-0.054564557,-0.017341284
1789659082.682777882,-0.094021358,0.003866290,-0.017087532,0.998347416,-0.001335821,-0.054795103,-0.017266992
1789659082.716114283,-0.094222896,0.004383245,-0.016981915,0.998348749,-0.001137413,-0.054794373,-0.017206334
1789659082.749450684,-0.094122060,0.004400773,-0.016730228,0.998348874,-0.001024596,-0.054788801,-0.017223930
1789659082.782786131,-0.094405703,0.004409458,-0.017184174,0.998359506,-0.000952728,-0.054572959,-0.017296884
1789659082.816122532,-0.094382361,0.004868984,-0.016573785,0.998348910,-0.000885560,-0.054808987,-0.017165208
1789659082.849458933,-0.094439566,0.004679289,-0.016816355,0.998357497,-0.000856600,-0.054687726,-0.017053679
1789659082.882795334,-0.094252937,0.004435685,-0.016855620,0.998348999,-0.001110357,-0.054800994,-0.017172511
1789659082.916130781,-0.094078563,0.005056958,-0.016879901,0.998346589,-0.000621085,-0.054855054,-0.017164675
1789659082.949467182,-0.094372205,0.005062698,-0.016836822,0.998354219,-0.000637354,-0.054706835,-0.017193320
1789659082.982804060,-0.094167314,0.004681289,-0.016932132,0.998353574,-0.000772003,-0.054738271,-0.017125013
1789659083.016139507,-0.094109051,0.004064849,-0.016992975,0.998348446,-0.001312823,-0.054776872,-0.017267037
1789659083.049475908,-0.093951769,0.003691016,-0.017159326,0.998340557,-0.001511129,-0.054901068,-0.017312480
1789659083.082812309,-0.094288938,0.004476696,-0.016994182,0.998356903,-0.000975295,-0.054709328,-0.017012685
1789659083.116146088,-0.094504341,0.005043217,-0.016533513,0.998350996,-0.000759906,-0.054788114,-0.017116481
1789659083.149478674,-0.094070345,0.003394732,-0.017322447,0.998350144,-0.001638666,-0.054723624,-0.017309800
1789659083.182812452,-0.094086647,0.003630448,-0.017152036,0.998344999,-0.001571381,-0.054817896,-0.017314507
1789659083.216146231,-0.094137862,0.004189791,-0.017280459,0.998352438,-0.001162511,-0.054705283,-0.017274001
1789659083.249480009,-0.094053358,0.004144856,-0.016867515,0.998346047,-0.001262876,-0.054820602,-0.017270723
1789659083.282812834,-0.093942657,0.003498598,-0.017266778,0.998348891,-0.001566725,-0.054770362,-0.017240806
1789659083.316146135,-0.094463646,0.004923737,-0.016701316,0.998352196,-0.000762192,-0.054726398,-0.017243349
1789659083.349479914,-0.094223328,0.004338763,-0.016967112,0.998350363,-0.001064347,-0.054757032,-0.017236241
1789659083.382812738,-0.094029203,0.004328717,-0.016977906,0.998348098,-0.001019220,-0.054774186,-0.017315477
1789659083.416146278,-0.094561398,0.004810384,-0.017258374,0.998362767,-0.000725097,-0.054526861,-0.017265029
1789659083.449480057,-0.094250910,0.004087149,-0.017487375,0.998358594,-0.001177310,-0.054532900,-0.017461205
1789659083.482813358,-0.094257921,0.004134126,-0.017354367,0.998354470,-0.001192927,-0.054635743,-0.017374234
1789659083.516145945,-0.094253503,0.004479935,-0.017097551,0.998350908,-0.000961971,-0.054762888,-0.017191991
1789659083.549479723,-0.094271868,0.004097184,-0.016789973,0.998348999,-0.001231630,-0.054773405,-0.017252080
1789659083.582813263,-0.094116420,0.003662224,-0.017043091,0.998345500,-0.001528431,-0.054779165,-0.017411773
1789659083.616146803,-0.094385691,0.004328961,-0.016933434,0.998350094,-0.001146268,-0.054724691,-0.017348911
1789659083.649479151,-0.094270229,0.004695602,-0.017083082,0.998357632,-0.000760388,-0.054656944,-0.017148737
1789659083.682812929,-0.094205834,0.004416900,-0.016997691,0.998353691,-0.000937985,-0.054689558,-0.017265018
1789659083.716146469,-0.094508067,0.004754879,-0.017105479,0.998363186,-0.000822096,-0.054557651,-0.017138705
1789659083.749479055,-0.094763845,0.005671138,-0.016686983,0.998361577,-0.000313260,-0.054587226,-0.017155148
1789659083.782812595,-0.094058439,0.003714805,-0.017314723,0.998347590,-0.001486956,-0.054735769,-0.017432004
1789659083.816145897,-0.094223477,0.003798324,-0.017256431,0.998354048,-0.001404720,-0.054667341,-0.017283050
1789659083.849479198,-0.094454810,0.004221065,-0.017126141,0.998360749,-0.001193256,-0.054588206,-0.017161526
1789659083.882811785,-0.094234303,0.003748570,-0.017165167,0.998348650,-0.001546374,-0.054753899,-0.017308740
1789659083.916145325,-0.093789436,0.003681905,-0.017039439,0.998344790,-0.001409907,-0.054908385,-0.017051743
1789659083.949478865,-0.093838751,0.003980576,-0.017008284,0.998341578,-0.001258465,-0.054901091,-0.017273679
1789659083.982810974,-0.094373085,0.005064898,-0.016886394,0.998357676,-0.000609800,-0.054688370,-0.017051739
1789659084.016144514,-0.094265051,0.004505327,-0.017086448,0.998354523,-0.000920306,-0.054673711,-0.017268050
1789659084.049477816,-0.094739601,0.004860613,-0.017027387,0.998364860,-0.000730721,-0.054492489,-0.017252265
1789659084.082811356,-0.094531849,0.004255074,-0.017224059,0.998360932,-0.001120724,-0.054529064,-0.017342835
1789659084.116148949,-0.094176196,0.004395406,-0.016872915,0.998344977,-0.001090198,-0.054848970,-0.017254224
1789659084.149487734,-0.094225019,0.004408342,-0.016934138,0.998351415,-0.000969284,-0.054745929,-0.017216179
1789659084.182826757,-0.094264694,0.004270705,-0.017032217,0.998348843,-0.001148290,-0.054761038,-0.017305998
1789659084.216165543,-0.094876550,0.005606617,-0.017198928,0.998374033,-0.000292524,-0.054369856,-0.017120829
1789659084.249503374,-0.094516627,0.004379066,-0.016754860,0.998352700,-0.001146755,-0.054680742,-0.017337460
1789659084.282842398,-0.094435178,0.004381890,-0.017110506,0.998356270,-0.001107545,-0.054635125,-0.017278157
1789659084.316181183,-0.094087616,0.004020700,-0.017227698,0.998348941,-0.001295768,-0.054778266,-0.017235258
1789659084.349519253,-0.094006673,0.004940634,-0.016600916,0.998340531,-0.000732548,-0.054949614,-0.017210068
1789659084.382858038,-0.094018765,0.004427521,-0.016953450,0.998349943,-0.000924341,-0.054735146,-0.017337846
1789659084.416197062,-0.094592310,0.004254672,-0.017114012,0.998365071,-0.001109737,-0.054533058,-0.017090898
1789659084.449536085,-0.094089098,0.003923244,-0.016993186,0.998343784,-0.001407179,-0.054840469,-0.017327198
1789659084.482873917,-0.094156049,0.003725654,-0.017021369,0.998349041,-0.001526164,-0.054757463,-0.017276661
1789659084.516213179,-0.094711684,0.005034352,-0.017106032,0.998364069,-0.000660333,-0.054508189,-0.017251273
1789659084.549552202,-0.094291605,0.004523295,-0.017151855,0.998360276,-0.000932056,-0.054610469,-0.017134364
1789659084.582891464,-0.094569869,0.004935130,-0.017074754,0.998361525,-0.000722979,-0.054571066,-0.017197158
1789659084.616229534,-0.094447739,0.004252794,-0.017279465,0.998358328,-0.001223455,-0.054655065,-0.017087309
1789659084.649568558,-0.094134420,0.004618947,-0.016797520,0.998345709,-0.000879940,-0.054876482,-0.017136031
1789659084.682907820,-0.094011426,0.004173954,-0.016955171,0.998345648,-0.001127388,-0.054829335,-0.017275398
1789659084.716245890,-0.094395019,0.004569182,-0.016862096,0.998352518,-0.000924379,-0.054715011,-0.017252904
1789659084.749584913,-0.094154865,0.004350327,-0.016948069,0.998343278,-0.001117827,-0.054873321,-0.017273353
1789659084.782924175,-0.094166636,0.004273668,-0.017173631,0.998356753,-0.001021477,-0.054668851,-0.017148400
1789659084.816263437,-0.093886435,0.004054596,-0.017008608,0.998345337,-0.001221928,-0.054885997,-0.017106183
1789659084.849601507,-0.093924597,0.004438045,-0.016941391,0.998344771,-0.000971041,-0.054894529,-0.017127950
1789659084.882941008,-0.094309859,0.005128420,-0.016423417,0.998345910,-0.000690625,-0.054920453,-0.016991489
1789659084.916280270,-0.094135515,0.004209204,-0.017314108,0.998356971,-0.001043917,-0.054614148,-0.017307878
1789659084.949619293,-0.094278865,0.004344063,-0.017280605,0.998356526,-0.001001594,-0.054615837,-0.017330737
1789659084.982957840,-0.094046190,0.003679039,-0.017135644,0.998347579,-0.001460085,-0.054758333,-0.017363875
1789659085.016297102,-0.094196752,0.004418538,-0.017126100,0.998354990,-0.000953286,-0.054664572,-0.017268184
1789659085.049636364,-0.094029546,0.004012969,-0.017006474,0.998346395,-0.001275363,-0.054838871,-0.017191512
1789659085.082974911,-0.094203584,0.004394363,-0.016699469,0.998347644,-0.001075110,-0.054822363,-0.017185291
1789659085.116313219,-0.093982115,0.004119149,-0.016858181,0.998345191,-0.001211217,-0.054868560,-0.017171299
1789659085.149651527,-0.094521038,0.004872674,-0.016750684,0.998358157,-0.000829478,-0.054646691,-0.017147662
1789659085.182990313,-0.094246253,0.004859793,-0.016781967,0.998348822,-0.000754978,-0.054814871,-0.017157781
1789659085.216327667,-0.094287328,0.004302349,-0.017066130,0.998353176,-0.001073767,-0.054734852,-0.017142876
1789659085.249665976,-0.094359897,0.004888664,-0.016561188,0.998347335,-0.000745526,-0.054841772,-0.017158770
1789659085.283004522,-0.094087623,0.004336542,-0.016925277,0.998345858,-0.001067231,-0.054848843,-0.017205008
1789659085.316342115,-0.094222456,0.004236578,-0.017008416,0.998349003,-0.001149030,-0.054753415,-0.017320857
1789659085.349680662,-0.094347805,0.005076935,-0.017030286,0.998356280,-0.000569805,-0.054642398,-0.017280695
1789659085.383018970,-0.094166234,0.004448785,-0.016961684,0.998347958,-0.001027833,-0.054810533,-0.017207686
1789659085.416357756,-0.094193257,0.004462404,-0.017147500,0.998353339,-0.000970280,-0.054703250,-0.017240147
1789659085.449695349,-0.094293088,0.004528134,-0.016944798,0.998353508,-0.000967441,-0.054710949,-0.017206095
1789659085.483033657,-0.094532102,0.005241598,-0.016867790,0.998357633,-0.000472284,-0.054642848,-0.017203846
1789659085.516372204,-0.094089717,0.004607604,-0.016982837,0.998350477,-0.000878352,-0.054786994,-0.017144633
1789659085.549710989,-0.094214916,0.004787370,-0.016996343,0.998348871,-0.000779840,-0.054796959,-0.017210957
1789659085.583048582,-0.094225220,0.004946276,-0.016806498,0.998352718,-0.000642899,-0.054720157,-0.017237770
1789659085.616387129,-0.094057366,0.004154958,-0.016917141,0.998346706,-0.001205195,-0.054828899,-0.017210300
1789659085.649726152,-0.094295025,0.004823684,-0.017020762,0.998356534,-0.000743630,-0.054655106,-0.017219122
1789659085.683063745,-0.094164036,0.004719165,-0.016872708,0.998350384,-0.000821809,-0.054777098,-0.017184445
1789659085.716402292,-0.094190657,0.004643544,-0.016717486,0.998345137,-0.000932014,-0.054873646,-0.017175614
1789659085.749741077,-0.094020307,0.003635050,-0.017492052,0.998350315,-0.001447112,-0.054718472,-0.017333313
1789659085.783079863,-0.093984954,0.003634012,-0.017090218,0.998343031,-0.001437319,-0.054856695,-0.017316726
1789659085.816417456,-0.094460942,0.004702379,-0.016807413,0.998355163,-0.000827108,-0.054676556,-0.017226662
1789659085.849756241,-0.094256371,0.004586166,-0.017013304,0.998355242,-0.000845336,-0.054689596,-0.017179786
1789659085.883095026,-0.093991049,0.004481110,-0.016652249,0.998338828,-0.000999661,-0.054990412,-0.017165096
1789659085.916433811,-0.093682267,0.003253944,-0.017240830,0.998340186,-0.001657256,-0.054900471,-0.017322378
1789659085.949771643,-0.093774840,0.004326981,-0.016825188,0.998341248,-0.001038408,-0.054925080,-0.017231066
1789659085.983110428,-0.094074182,0.004338530,-0.017106796,0.998349940,-0.001009074,-0.054768814,-0.017226615
1789659086.016449213,-0.094514333,0.005749260,-0.016598225,0.998358861,-0.000171794,-0.054704250,-0.016941079
1789659086.049787045,-0.094144605,0.005012006,-0.016725579,0.998350554,-0.000553961,-0.054759186,-0.017242246
1789659086.083126068,-0.094187208,0.004474601,-0.016738309,0.998347527,-0.000976506,-0.054809999,-0.017237351
1789659086.116459608,-0.093744181,0.004116896,-0.017069371,0.998342515,-0.001087102,-0.054913477,-0.017191605
1789659086.149793625,-0.094227858,0.004281466,-0.017153537,0.998352660,-0.001058316,-0.054692962,-0.017306837
1789659086.183126450,-0.094399385,0.004628812,-0.016997335,0.998353060,-0.000930140,-0.054694619,-0.017285839
1789659086.216460228,-0.094247445,0.004987561,-0.016845541,0.998354331,-0.000642801,-0.054727131,-0.017121853
1789659086.249794006,-0.093852356,0.004227025,-0.017323196,0.998349261,-0.001038894,-0.054763274,-0.017281695
1789659086.283127785,-0.094381548,0.005179454,-0.016589614,0.998351257,-0.000564947,-0.054813082,-0.017028658
1789659086.316460371,-0.094116315,0.004477293,-0.016771356,0.998346484,-0.000991318,-0.054859778,-0.017138258
1789659086.349794149,-0.093645312,0.003204078,-0.017334208,0.998340383,-0.001732972,-0.054939163,-0.017180358
1789659086.383127928,-0.094487339,0.004175405,-0.016981296,0.998355617,-0.001202050,-0.054645311,-0.017277365
1789659086.416460752,-0.093764611,0.004304779,-0.017028235,0.998342568,-0.001038894,-0.054907091,-0.017211875
1789659086.449794531,-0.094124049,0.004185183,-0.016787963,0.998347345,-0.001135476,-0.054820553,-0.017204519
1789659086.483128071,-0.094077021,0.004124973,-0.017111126,0.998346613,-0.001189653,-0.054793331,-0.017329607
1789659086.516461849,-0.094014160,0.004172762,-0.016985983,0.998343247,-0.001174840,-0.054865495,-0.017296171
1789659086.549794436,-0.094216928,0.004196667,-0.017302355,0.998355678,-0.001057181,-0.054619520,-0.017364664
1789659086.583128214,-0.094160460,0.003684271,-0.017090840,0.998344910,-0.001476393,-0.054775001,-0.017463139
1789659086.616461992,-0.094153017,0.003904523,-0.017225144,0.998353541,-0.001327061,-0.054691595,-0.017241678
1789659086.649794340,-0.093864903,0.004192381,-0.017280612,0.998346038,-0.001023068,-0.054813196,-0.017310544
1789659086.683128119,-0.094284482,0.004775995,-0.017267199,0.998358242,-0.000664159,-0.054589707,-0.017330409
1789659086.716461658,-0.094502412,0.005242494,-0.016854217,0.998359706,-0.000429724,-0.054611585,-0.017183956
1789659086.749795437,-0.094291739,0.004225527,-0.016877830,0.998349396,-0.001194315,-0.054774402,-0.017228545
1789659086.783128023,-0.093819521,0.004508548,-0.017006503,0.998339099,-0.000915639,-0.054939917,-0.017315019
1789659086.816461325,-0.093876697,0.003825567,-0.017063374,0.998342631,-0.001287381,-0.054860633,-0.017339084
1789659086.849795103,-0.093925141,0.004329062,-0.017201073,0.998343792,-0.001013613,-0.054832539,-0.017379224
1789659086.883128643,-0.094296776,0.004603211,-0.016921347,0.998355903,-0.000838526,-0.054699044,-0.017111488
1789659086.916461229,-0.093954951,0.004311229,-0.017248927,0.998346629,-0.001011711,-0.054825325,-0.017238572
1789659086.949794769,-0.093732469,0.003193143,-0.017154159,0.998334039,-0.001750581,-0.054976474,-0.017426103
1789659086.983128071,-0.093665749,0.003443338,-0.016965926,0.998332586,-0.001598662,-0.055034990,-0.017339015
1789659087.016460657,-0.093770325,0.003634850,-0.017235881,0.998343274,-0.001418786,-0.054865222,-0.017277180
1789659087.049794197,-0.093879499,0.003850009,-0.017295789,0.998346791,-0.001283533,-0.054771151,-0.017382684
1789659087.083127737,-0.093980797,0.004147922,-0.017079659,0.998348788,-0.001122451,-0.054803834,-0.017174900
1789659087.116462708,-0.094170533,0.004193366,-0.016904462,0.998350209,-0.001147522,-0.054785718,-0.017148451
1789659087.149796724,-0.094214164,0.004495418,-0.016777743,0.998342493,-0.001022721,-0.054895236,-0.017254959
1789659087.183131456,-0.094197616,0.004456910,-0.016763536,0.998347441,-0.001007779,-0.054840884,-0.017142037
1789659087.216466427,-0.094242178,0.004812639,-0.017159870,0.998354834,-0.000685680,-0.054687499,-0.017217231
1789659087.249800920,-0.094350129,0.004336191,-0.017294124,0.998359638,-0.000970598,-0.054563989,-0.017316527
1789659087.283134937,-0.094298296,0.004031950,-0.017212577,0.998354997,-0.001215564,-0.054641722,-0.017323521
1789659087.316469669,-0.094198860,0.004430262,-0.017027617,0.998354480,-0.000958747,-0.054670185,-0.017279575
1789659087.349804640,-0.094465837,0.005519281,-0.016831523,0.998359400,-0.000213856,-0.054616792,-0.017189215
1789659087.383138418,-0.094305381,0.004927411,-0.016903484,0.998346817,-0.000753520,-0.054812149,-0.017282730
1789659087.416473150,-0.094155960,0.003830932,-0.017309641,0.998353804,-0.001300671,-0.054668175,-0.017302637
1789659087.449808121,-0.094051331,0.003463951,-0.017499702,0.998351038,-0.001520740,-0.054703210,-0.017333506
1789659087.483142853,-0.094715595,0.004451826,-0.016798008,0.998360366,-0.001024301,-0.054530052,-0.017378234
1789659087.516476631,-0.094401278,0.004585174,-0.016974539,0.998359196,-0.000884782,-0.054612383,-0.017193609
1789659087.549811363,-0.094329119,0.004467149,-0.016926061,0.998347600,-0.000971346,-0.054775325,-0.017343280
1789659087.583146095,-0.094280951,0.004356887,-0.017035335,0.998351817,-0.000967594,-0.054721922,-0.017269199
1789659087.616481066,-0.094190180,0.003957761,-0.017180612,0.998354992,-0.001169463,-0.054636439,-0.017343617
1789659087.649814606,-0.094306409,0.004557642,-0.017105004,0.998353510,-0.000842684,-0.054686504,-0.017290061
1789659087.683149338,-0.094027549,0.003941450,-0.017219108,0.998348901,-0.001220858,-0.054756202,-0.017312987
1789659087.716484070,-0.094354644,0.004614573,-0.016755670,0.998352054,-0.000835765,-0.054716870,-0.017278351
1789659087.749817848,-0.094195679,0.003998486,-0.017270844,0.998355449,-0.001188221,-0.054647319,-0.017281646
1789659087.783152342,-0.094582558,0.005068346,-0.017043522,0.998362490,-0.000589847,-0.054593381,-0.017074917
1789659087.816487074,-0.094367422,0.004177151,-0.016991561,0.998353270,-0.001189247,-0.054679757,-0.017304882
1789659087.849821806,-0.094268970,0.003899815,-0.017423280,0.998355455,-0.001260853,-0.054600638,-0.017423165
1789659087.883155584,-0.094199739,0.004561279,-0.017168855,0.998353426,-0.000899156,-0.054729131,-0.017156655
1789659087.916490316,-0.094168052,0.004538971,-0.017269375,0.998355002,-0.000806087,-0.054664752,-0.017274417
1789659087.949824810,-0.094380111,0.004712430,-0.017110160,0.998359696,-0.000766265,-0.054586445,-0.017252568
1789659087.983158350,-0.094243042,0.004194042,-0.017177468,0.998353612,-0.001111948,-0.054699742,-0.017226952
1789659088.016493082,-0.094549835,0.004833126,-0.017139934,0.998359214,-0.000715090,-0.054578369,-0.017308083
1789659088.049827576,-0.094073810,0.004042776,-0.016967168,0.998346874,-0.001145424,-0.054795366,-0.017311143
1789659088.083162308,-0.094411902,0.004764036,-0.017196581,0.998362716,-0.000665720,-0.054542728,-0.017220166
1789659088.116497517,-0.094041981,0.003808293,-0.016988581,0.998344216,-0.001436385,-0.054846676,-0.017280221
1789659088.149837017,-0.094457030,0.005084918,-0.016803402,0.998358356,-0.000485105,-0.054620437,-0.017232695
1789659088.183176279,-0.094161734,0.004302010,-0.017266052,0.998353540,-0.001000894,-0.054679953,-0.017300575
1789659088.216515541,-0.094140381,0.004599281,-0.016746840,0.998345651,-0.000867893,-0.054856035,-0.017205309
1789659088.249854088,-0.094226427,0.004841018,-0.016921705,0.998355720,-0.000624563,-0.054667777,-0.017230819
1789659088.283193350,-0.094031207,0.004058812,-0.017060360,0.998345404,-0.001222260,-0.054832666,-0.017272489
1789659088.316532850,-0.094091035,0.004340418,-0.016939089,0.998347528,-0.000999603,-0.054810238,-0.017235191
1789659088.349871397,-0.094006948,0.004166026,-0.016986622,0.998347187,-0.001077449,-0.054790029,-0.017314338
1789659088.383210659,-0.094122067,0.003374925,-0.017436182,0.998349366,-0.001615361,-0.054694381,-0.017448735
1789659088.416550398,-0.094137520,0.004137484,-0.017430237,0.998353322,-0.001115745,-0.054700581,-0.017240832
1789659088.449889660,-0.094170749,0.004297070,-0.016930014,0.998345705,-0.001097611,-0.054834502,-0.017257627
1789659088.483228207,-0.094348043,0.004998261,-0.016764954,0.998352481,-0.000574241,-0.054734812,-0.017207398
1789659088.516567707,-0.094033778,0.004313234,-0.016819483,0.998343380,-0.001027665,-0.054866882,-0.017293492
1789659088.549907207,-0.094076976,0.004234997,-0.016904080,0.998349521,-0.001028140,-0.054754546,-0.017295001
1789659088.583246708,-0.093957298,0.003486553,-0.017278166,0.998348069,-0.001539449,-0.054754191,-0.017341911
1789659088.616585255,-0.094140656,0.004449566,-0.016943956,0.998345657,-0.000976856,-0.054820805,-0.017311099
1789659088.649924755,-0.093783066,0.004136721,-0.017108975,0.998336753,-0.001079149,-0.054948492,-0.017413398
1789659088.683264494,-0.094082989,0.004654078,-0.017100647,0.998353289,-0.000758288,-0.054720621,-0.017198524
1789659088.716603041,-0.094031639,0.004817721,-0.016981272,0.998348944,-0.000675437,-0.054791447,-0.017228673
1789659088.749942541,-0.094080992,0.003997365,-0.017177762,0.998349839,-0.001238060,-0.054741386,-0.017304511
1789659088.783282042,-0.093724191,0.003521741,-0.016868154,0.998331753,-0.001582185,-0.055087829,-0.017220310
1789659088.816621780,-0.094439000,0.005012081,-0.017098704,0.998361390,-0.000479672,-0.054569639,-0.017217991
1789659088.849960089,-0.094227418,0.004384297,-0.017136816,0.998352935,-0.000932425,-0.054659444,-0.017403825
1789659088.883300066,-0.094359070,0.004461633,-0.016739303,0.998352877,-0.000934110,-0.054702539,-0.017271178
1789659088.916639566,-0.094421968,0.005033473,-0.016836435,0.998354620,-0.000530159,-0.054677118,-0.017268009
1789659088.949979305,-0.093974918,0.003668187,-0.017386723,0.998355345,-0.001295824,-0.054644385,-0.017289247
1789659088.983317852,-0.093989894,0.004251042,-0.017117823,0.998349373,-0.000971567,-0.054749083,-0.017324091
1789659089.016657352,-0.093830690,0.004356691,-0.017100211,0.998343587,-0.000964801,-0.054854117,-0.017325602
1789659089.049997330,-0.094205908,0.004086985,-0.017183941,0.998351431,-0.001147785,-0.054701141,-0.017346140
1789659089.083335876,-0.094129331,0.004059035,-0.017177057,0.998351885,-0.001210065,-0.054726091,-0.017236724
1789659089.116675854,-0.094079092,0.004462122,-0.017029228,0.998347819,-0.000937795,-0.054797069,-0.017263670
1789659089.150008678,-0.094313867,0.004110949,-0.017011795,0.998351660,-0.001133602,-0.054703442,-0.017326590
1789659089.183341980,-0.094210416,0.004648786,-0.016810259,0.998348468,-0.000823927,-0.054808914,-0.017194193
1789659089.216674089,-0.093745850,0.003999469,-0.017211657,0.998344014,-0.001135930,-0.054856070,-0.017284394
1789659089.250007391,-0.093965396,0.003861604,-0.017241115,0.998345421,-0.001268670,-0.054794483,-0.017388955
1789659089.283340216,-0.094170026,0.003688051,-0.017343607,0.998356966,-0.001357337,-0.054613536,-0.017288345
1789659089.316672325,-0.094302751,0.004187925,-0.017337110,0.998360470,-0.001109087,-0.054567398,-0.017249392
1789659089.350005627,-0.094409838,0.004700863,-0.017095162,0.998360066,-0.000737662,-0.054562891,-0.017306804
1789659089.383338690,-0.094197296,0.004673762,-0.017065171,0.998348565,-0.000787772,-0.054772726,-0.017305198
1789659089.416671515,-0.093993790,0.004700878,-0.017127600,0.998347308,-0.000767312,-0.054880114,-0.017036357
1789659089.450003624,-0.093860433,0.003859779,-0.017420605,0.998346629,-0.001212334,-0.054778163,-0.017375012
1789659089.483336687,-0.094444253,0.004225780,-0.017085833,0.998358951,-0.001036944,-0.054577488,-0.017309743
1789659089.516669512,-0.094399378,0.004879467,-0.017162923,0.998360662,-0.000608771,-0.054576381,-0.017234762
1789659089.550002337,-0.094469503,0.004626415,-0.017164897,0.998363499,-0.000786997,-0.054477260,-0.017376228
1789659089.583334446,-0.094489828,0.004380119,-0.016842809,0.998352811,-0.001054887,-0.054692797,-0.017298840
1789659089.616667271,-0.094347812,0.004583423,-0.017113335,0.998358605,-0.000778347,-0.054561761,-0.017392662
1789659089.650000334,-0.094378032,0.004847576,-0.017230399,0.998357539,-0.000685201,-0.054621995,-0.017268272
1789659089.683331966,-0.094007067,0.004351629,-0.017013351,0.998344054,-0.001062574,-0.054858013,-0.017280610
1789659089.716664791,-0.094189577,0.004086091,-0.017475657,0.998356917,-0.001126307,-0.054590377,-0.017380708
1789659089.749997854,-0.093962744,0.004438863,-0.016924171,0.998344515,-0.000921416,-0.054904631,-0.017113187
1789659089.783330679,-0.094352677,0.004651597,-0.016908592,0.998350592,-0.000818781,-0.054767048,-0.017204547
1789659089.816662312,-0.094098851,0.003861426,-0.017241653,0.998348973,-0.001280782,-0.054733736,-0.017375433
1789659089.849995136,-0.093905076,0.004309083,-0.017209679,0.998348539,-0.000952462,-0.054793857,-0.017231388
1789659089.883327961,-0.094230168,0.004681972,-0.017204324,0.998353622,-0.000818173,-0.054734295,-0.017132821
1789659089.916660547,-0.094188854,0.004280359,-0.017087266,0.998346286,-0.001119075,-0.054816441,-0.017280029
1789659089.949992180,-0.094263576,0.004329246,-0.016948687,0.998349290,-0.001026266,-0.054751567,-0.017317826
1789659089.983325005,-0.094051972,0.003214187,-0.017702257,0.998355014,-0.001566238,-0.054585587,-0.017470748
1789659090.016657829,-0.093905367,0.003423653,-0.017346643,0.998347547,-0.001527705,-0.054770449,-0.017321655
1789659090.049989223,-0.094180845,0.004049639,-0.017183157,0.998354083,-0.001153487,-0.054687873,-0.017234582
1789659090.083322048,-0.094229721,0.004745246,-0.016923681,0.998348120,-0.000728137,-0.054797545,-0.017254833
1789659090.116654634,-0.094210081,0.004219600,-0.017379235,0.998355177,-0.001068966,-0.054647578,-0.017304351
1789659090.149984598,-0.094063088,0.003922452,-0.017287495,0.998348385,-0.001238558,-0.054754121,-0.017348023
1789659090.183313608,-0.094026536,0.003819209,-0.017123893,0.998343458,-0.001352644,-0.054847564,-0.017327855
1789659090.216643810,-0.094058588,0.004272961,-0.016901275,0.998345230,-0.001005133,-0.054828125,-0.017310915
1789659090.249973774,-0.093986034,0.004254309,-0.017377371,0.998350861,-0.000951071,-0.054737654,-0.017275501
1789659090.283303976,-0.094199732,0.003666500,-0.017085468,0.998345104,-0.001510075,-0.054762116,-0.017489515
1789659090.316632748,-0.093946010,0.004115239,-0.017262284,0.998349593,-0.001041439,-0.054749697,-0.017305410
1789659090.349962950,-0.093912311,0.004059431,-0.017265135,0.998345664,-0.001177793,-0.054831203,-0.017265204
1789659090.383292675,-0.094659761,0.005763740,-0.016813966,0.998362178,-0.000078831,-0.054568667,-0.017181852
1789659090.416621685,-0.094264008,0.004619782,-0.017253317,0.998358346,-0.000727944,-0.054608925,-0.017261190
1789659090.449951172,-0.094263785,0.003829844,-0.017291687,0.998356463,-0.001308278,-0.054634094,-0.017256200
1789659090.483280897,-0.094054297,0.004655992,-0.016821528,0.998342701,-0.000789941,-0.054915369,-0.017190951
1789659090.516610622,-0.094283126,0.004403335,-0.017018998,0.998354081,-0.000936697,-0.054725033,-0.017129576
1789659090.549939394,-0.094297461,0.004929432,-0.017074641,0.998355994,-0.000575049,-0.054640670,-0.017302481
1789659090.583269119,-0.094410457,0.005384098,-0.016651396,0.998356307,-0.000380041,-0.054685967,-0.017146004
1789659090.616598606,-0.093972601,0.004546692,-0.016881080,0.998345108,-0.000805102,-0.054816017,-0.017366664
1789659090.649926901,-0.093957707,0.003706501,-0.017226413,0.998345065,-0.001382401,-0.054807957,-0.017358206
1789659090.683256626,-0.094082676,0.004166628,-0.017241376,0.998348393,-0.001068751,-0.054770532,-0.017307016
1789659090.716585875,-0.094167955,0.003583162,-0.017721768,0.998360070,-0.001390357,-0.054517670,-0.017408663
1789659090.749915600,-0.094406500,0.004137651,-0.017437873,0.998359846,-0.001035833,-0.054489620,-0.017533569
1789659090.783243895,-0.094279543,0.004514714,-0.017115207,0.998358567,-0.000884770,-0.054615197,-0.017221166
1789659090.816573143,-0.094070934,0.004573452,-0.016992772,0.998348936,-0.000788037,-0.054769604,-0.017293681
1789659090.849902391,-0.093995064,0.004267450,-0.017252088,0.998349550,-0.000980681,-0.054741871,-0.017336120
1789659090.883231640,-0.094136961,0.004576333,-0.016799517,0.998344801,-0.000853762,-0.054869591,-0.017212141
1789659090.916559696,-0.094095431,0.003979828,-0.017300738,0.998352159,-0.001078754,-0.054652672,-0.017461035
1789659090.949888945,-0.094326302,0.004890102,-0.017045455,0.998355451,-0.000596930,-0.054644831,-0.017319938
1789659090.983217955,-0.094738297,0.005088469,-0.017024370,0.998369114,-0.000558208,-0.054465549,-0.017096932
1789659091.016546249,-0.093784712,0.003514925,-0.016901735,0.998336822,-0.001506250,-0.054989463,-0.017247591
1789659091.049875259,-0.094298109,0.004914661,-0.016728595,0.998352394,-0.000681148,-0.054796859,-0.017009949
1789659091.083204269,-0.094336547,0.004570987,-0.017128089,0.998358927,-0.000775880,-0.054613048,-0.017212360
1789659091.116533279,-0.093807466,0.003694315,-0.017127642,0.998336295,-0.001412681,-0.054955292,-0.017394305
1789659091.149868011,-0.093895711,0.004114131,-0.017304998,0.998347273,-0.001107252,-0.054802190,-0.017268954
1789659091.183203697,-0.093846507,0.004363056,-0.016948845,0.998342685,-0.000936078,-0.054906100,-0.017214183
1789659091.216539621,-0.094285361,0.004502586,-0.017160425,0.998357873,-0.000845319,-0.054602447,-0.017303605
1789659091.249875307,-0.094288692,0.004135268,-0.017410649,0.998357617,-0.001092719,-0.054598739,-0.017316216
1789659091.283210039,-0.094474904,0.004606694,-0.016829178,0.998352649,-0.000901135,-0.054669935,-0.017388895
1789659091.316545963,-0.094068199,0.004103765,-0.017153447,0.998349414,-0.001063835,-0.054731670,-0.017371218
1789659091.349881649,-0.094023541,0.003984202,-0.017234167,0.998347535,-0.001166820,-0.054740229,-0.017445474
1789659091.383216381,-0.094261557,0.004044743,-0.017385302,0.998358049,-0.001081003,-0.054565712,-0.017395997
1789659091.416552305,-0.094530150,0.005082427,-0.016861077,0.998358958,-0.000657605,-0.054639921,-0.017130040
1789659091.449887991,-0.094405957,0.005205654,-0.017032526,0.998358704,-0.000344677,-0.054581463,-0.017339040
1789659091.483223915,-0.094061866,0.004085152,-0.017236358,0.998348744,-0.001116420,-0.054778239,-0.017259297
1789659091.516558886,-0.093984880,0.003658115,-0.017471543,0.998347444,-0.001419094,-0.054738722,-0.017436748
1789659091.549894571,-0.093993686,0.003687977,-0.017520394,0.998349059,-0.001362664,-0.054732117,-0.017369391
1789659091.583230495,-0.094180480,0.004787240,-0.016770842,0.998344816,-0.000799621,-0.054907492,-0.017092575
1789659091.616566420,-0.094241381,0.004355730,-0.017488066,0.998361201,-0.000749714,-0.054508323,-0.017412420
1789659091.649901390,-0.093969993,0.004298685,-0.017194683,0.998350158,-0.000963696,-0.054784407,-0.017166902
1789659091.683237314,-0.094241790,0.004365788,-0.017080724,0.998348727,-0.001057957,-0.054773559,-0.017278792
1789659091.716573000,-0.093950279,0.004078857,-0.017448163,0.998354293,-0.001048730,-0.054664741,-0.017302376
1789659091.749907970,-0.094240077,0.004537326,-0.017100001,0.998358930,-0.000810386,-0.054649694,-0.017093865
1789659091.783243895,-0.094049633,0.004572318,-0.016664771,0.998342788,-0.000858097,-0.054902474,-0.017223812
1789659091.816579819,-0.094103537,0.004958323,-0.016919589,0.998354563,-0.000499740,-0.054735732,-0.017085580
1789659091.849915981,-0.094163038,0.004316785,-0.017204028,0.998349029,-0.000964946,-0.054714196,-0.017453967
1789659091.883250952,-0.094374061,0.004986940,-0.017086366,0.998358115,-0.000573246,-0.054618351,-0.017250544
1789659091.916586876,-0.094351880,0.005622458,-0.016863512,0.998355912,-0.000133720,-0.054659180,-0.017257705
1789659091.949922800,-0.094078220,0.003936741,-0.017030042,0.998346781,-0.001235888,-0.054772841,-0.017381431
1789659091.983257771,-0.094502673,0.005066296,-0.017008897,0.998360719,-0.000480333,-0.054598292,-0.017165960
1789659092.016593695,-0.094426528,0.004777254,-0.017238593,0.998361368,-0.000653175,-0.054550530,-0.017274045
1789659092.049929857,-0.093979955,0.003739269,-0.017047688,0.998343048,-0.001376081,-0.054892183,-0.017207925
1789659092.083265781,-0.094034970,0.004458472,-0.017103916,0.998346144,-0.000853146,-0.054816071,-0.017304531
1789659092.116600990,-0.094267361,0.005004582,-0.017035123,0.998355574,-0.000452277,-0.054671627,-0.017232428
1789659092.149930954,-0.094001509,0.004321354,-0.016974051,0.998342938,-0.000959631,-0.054856983,-0.017354234
1789659092.183260679,-0.094177201,0.004011432,-0.017316408,0.998354358,-0.001026883,-0.054596766,-0.017513271
1789659092.216590881,-0.094082497,0.004661147,-0.017057521,0.998351620,-0.000771150,-0.054753623,-0.017189806
1789659092.249919415,-0.093968876,0.003761269,-0.017070711,0.998342169,-0.001350096,-0.054850140,-0.017394069
1789659092.283249378,-0.093706109,0.003572060,-0.017275939,0.998335967,-0.001398029,-0.054946066,-0.017443429
1789659092.316579103,-0.093541466,0.004098549,-0.017170118,0.998334910,-0.001035694,-0.055013476,-0.017316272
1789659092.349907637,-0.094236277,0.005058582,-0.017117269,0.998356531,-0.000478956,-0.054694966,-0.017101726
1789659092.383237362,-0.094496608,0.004229945,-0.017242584,0.998359035,-0.001048176,-0.054550034,-0.017390554
1789659092.416566849,-0.094308428,0.004914143,-0.017158603,0.998358950,-0.000624684,-0.054617721,-0.017202374
1789659092.449896336,-0.094348617,0.004371620,-0.017337920,0.998353418,-0.000953751,-0.054642800,-0.017427229
1789659092.483224869,-0.093962967,0.004210871,-0.017048454,0.998340773,-0.001061672,-0.054913990,-0.017292407
1789659092.516554117,-0.093663856,0.003801667,-0.017072549,0.998342829,-0.001206898,-0.054880021,-0.017271995
1789659092.549883604,-0.093865514,0.004111113,-0.017236322,0.998342981,-0.001096722,-0.054856274,-0.017345880
1789659092.583212852,-0.094383717,0.004431687,-0.016999850,0.998354062,-0.000979026,-0.054665442,-0.017317543
1789659092.616541147,-0.094271623,0.003824537,-0.017392443,0.998357277,-0.001250675,-0.054565377,-0.017429933
1789659092.649870396,-0.093784325,0.003454602,-0.017451076,0.998344845,-0.001504795,-0.054813874,-0.017341987
1789659092.683199406,-0.094243005,0.004272484,-0.017358996,0.998354534,-0.001054668,-0.054671912,-0.017265377
1789659092.716527700,-0.094090693,0.004118171,-0.017104553,0.998350052,-0.001067282,-0.054751264,-0.017272353
1789659092.749856710,-0.094262704,0.003898551,-0.017054616,0.998354020,-0.001243276,-0.054672144,-0.017281821
1789659092.783185720,-0.093893312,0.004387705,-0.016795566,0.998340716,-0.000996849,-0.054962418,-0.017145086
1789659092.816514730,-0.094122253,0.003645079,-0.017381847,0.998353919,-0.001355500,-0.054637147,-0.017389564
1789659092.849842548,-0.093970694,0.003676062,-0.017186277,0.998346387,-0.001349770,-0.054797043,-0.017319198
1789659092.883171320,-0.094145939,0.004721305,-0.016846227,0.998348591,-0.000712470,-0.054834750,-0.017109451
1789659092.916500330,-0.094195552,0.003883836,-0.017318675,0.998354696,-0.001198764,-0.054612486,-0.017433891
1789659092.949829102,-0.094238110,0.004376144,-0.017173402,0.998355285,-0.000973473,-0.054688533,-0.017173871
1789659092.983156681,-0.094376639,0.004581667,-0.017349457,0.998357563,-0.000825001,-0.054591769,-0.017356129
1789659093.016485453,-0.094058633,0.004489225,-0.017128142,0.998350036,-0.000798437,-0.054731213,-0.017351143
1789659093.049813986,-0.094203554,0.004531585,-0.017063137,0.998352889,-0.000723665,-0.054671404,-0.017378834
1789659093.083141565,-0.094123185,0.003786477,-0.016998736,0.998348945,-0.001339689,-0.054779712,-0.017227055
