0.0 0.0 0.0 0.0 0.0 0.0 0.0 1.0
0.03333333507180214 -1.7606145775062032e-05 1.933144812937826e-05 -1.6202237702600542e-06 -1.1217017345188651e-05 3.7885006349824835e-06 -2.6253801479469985e-05 1.0
0.06666667014360428 -1.626569064683281e-05 3.2143903808901086e-05 -1.374014345856267e-06 -5.00687110616127e-06 3.3265448564634426e-06 -2.8979677153984085e-05 1.0
0.10000000149011612 -7.856026968511287e-06 1.0201529221376404e-05 1.887898179120384e-05 -1.4727042071172036e-05 -2.8237408855602553e-07 -2.3133052309276536e-05 1.0
0.13333334028720856 -4.618695584213128e-06 -1.47325636135065e-05 2.336436227778904e-05 -2.8193569960421883e-05 1.2501046739998856e-06 -6.2169492593966424e-06 1.0
0.1666666716337204 -1.9000348402187228e-05 1.8561795513960533e-05 -1.9628164409368765e-06 -1.2753527698805556e-05 4.556959083856782e-06 -1.7876320271170698e-05 1.0
0.20000000298023224 -2.8250810828467365e-06 -2.237438275187742e-05 2.7801852411357686e-05 -3.4224991395603865e-05 -7.161569101299392e-06 2.3923050775920274e-06 1.0
0.23333333432674408 -1.207637251354754e-05 1.5194133084150963e-05 3.509313728500274e-06 -1.3661391676578205e-05 1.5400327129100333e-06 -2.2944461306906305e-05 1.0
0.2666666805744171 -1.0941652362816967e-05 2.0598783521563746e-05 1.0335042134101968e-05 -1.0103549357154407e-05 2.9070286018395564e-06 -2.8294916774029844e-05 1.0
0.30000001192092896 -2.4106906494125724e-05 2.036513433267828e-05 5.777042133559007e-06 -1.0889441000472289e-05 7.823276064300444e-06 -1.6633937775623053e-05 1.0
0.3333333432674408 -3.4412930745020276e-06 -7.191918939497555e-06 1.7409503925591707e-05 -2.4373877749894746e-05 -1.8704016611081897e-06 -1.3464670701068826e-05 1.0
0.36666667461395264 -4.5132228478905745e-06 -3.2543143788643647e-06 2.198436231992673e-05 -2.0247774955350906e-05 3.7505285490624374e-06 -1.4213284885045141e-05 1.0
0.4000000059604645 -7.610894681420177e-05 3.759945320780389e-05 -5.337249604053795e-05 -6.6108241298934445e-06 1.9924689695471898e-05 -2.5547356926836073e-05 1.0
0.4333333373069763 -2.0022242097184062e-05 8.014994818950072e-06 2.4842295260896208e-06 -1.8377539163338952e-05 8.649958544992842e-06 -1.1902295227628201e-05 1.0
0.46666666865348816 -1.9204378986614756e-05 1.1376920156180859e-05 -3.121023837593384e-06 -2.3011156372376718e-05 2.2477597667602822e-06 -3.218936763005331e-05 1.0
0.5 -5.445845454232767e-05 4.0447284845868126e-05 -5.219675585976802e-06 -1.2965984979018685e-06 1.256401083082892e-05 -4.276505933376029e-05 1.0
0.5333333611488342 -4.452257144293981e-06 1.2149250324000604e-05 2.060502811218612e-05 -1.249162778549362e-05 3.0073449579504086e-06 -1.607740887266118e-05 1.0
0.5666666626930237 -2.508157012925949e-05 1.7458030924899504e-05 -3.731426204467425e-06 -1.4685883797938004e-05 1.5115374480956234e-06 -3.2419015042250976e-05 1.0
0.6000000238418579 -6.70110284772818e-06 -7.935830581118353e-06 7.380785064015072e-06 -2.95847057714127e-05 -9.145825288214837e-07 -1.1873617040691897e-05 1.0
0.6333333253860474 -1.8316944988328032e-05 1.6770974980317988e-05 2.216436405433342e-05 -1.420602529833559e-05 6.870109245937783e-06 -1.4570184248441365e-05 1.0
0.6666666865348816 -4.396529038785957e-05 3.396488318685442e-05 9.980290997191332e-06 -1.319320381298894e-05 7.883614671300165e-06 -3.405692405067384e-05 1.0
0.699999988079071 -1.231443638971541e-05 1.3974288776807953e-05 8.819465620035771e-06 -1.8340282622375526e-05 2.9428742891468573e-06 -1.5169428479566704e-05 1.0
0.7333333492279053 8.512012755090836e-06 -1.5250059732352383e-05 -4.819458354177186e-06 -3.0417179004871286e-05 -1.672518192208372e-05 -8.043303751037456e-06 1.0
0.7666666507720947 -1.0489341548236553e-05 1.0218074748991057e-05 1.8846438251785003e-05 -1.1584252206375822e-05 4.207439815218095e-06 -1.5582611013087444e-05 1.0
0.800000011920929 -1.216264763570507e-06 1.3116114132571965e-05 2.3000013243290596e-05 -1.1272622032265645e-05 1.815132861793245e-07 -1.3676991329703014e-05 1.0
0.8333333134651184 -4.54068094768445e-06 -4.0600971260573715e-06 2.526062962715514e-05 -1.988229814742226e-05 4.303252808313118e-06 -8.760824130149558e-06 1.0
0.8666666746139526 -7.549417205154896e-05 1.8237375115859322e-05 -3.3654308936093e-05 -7.386900506389793e-06 2.2787695343140513e-05 -3.115753861493431e-05 1.0
0.8999999761581421 -2.67351479124045e-05 2.45149785769172e-05 -2.4467908588121645e-06 -1.2718392099486664e-05 5.259448698780034e-06 -2.9143289793864824e-05 1.0
0.9333333373069763 -1.052006791724125e-05 1.8087117496179417e-05 1.6613597836112604e-05 -8.778510164120235e-06 1.1502579582156613e-06 -2.3154329028329812e-05 1.0
0.9666666388511658 -3.1188843422569335e-05 3.579157419153489e-05 -2.3196493202704005e-05 -7.628561888850527e-06 6.205403678904986e-06 -3.3262913348153234e-05 1.0
1.0 -9.492386197962333e-06 7.173626954681822e-07 7.72495968703879e-06 -1.7840327927842736e-05 3.0411524676310364e-06 -1.4433503565669525e-05 1.0
1.0333333015441895 -5.095962842460722e-05 -4.525433269009227e-06 -3.141750494251028e-05 -3.9471669879276305e-05 1.948350529801246e-07 -3.3175125281559303e-05 1.0
1.0666667222976685 -1.3029620276938658e-05 -8.371680451091379e-06 5.301380224409513e-05 -2.997353658429347e-05 -2.1822053895448335e-05 8.116398930724245e-06 1.0
1.100000023841858 -1.2004880773019977e-05 9.167437383439392e-06 2.1730222215410322e-05 -1.3103669516567606e-05 6.921487056388287e-06 -1.307087040913757e-05 1.0
1.1333333253860474 -2.8535541787277907e-06 6.391218903445406e-06 2.5494864530628547e-05 -1.1104494660685305e-05 2.177880105591612e-06 -9.378062713949475e-06 1.0
1.1666666269302368 -1.5927591448416933e-05 3.086292781517841e-05 -7.0429218794743065e-06 -8.054736099438742e-06 1.402331918143318e-06 -3.512183320708573e-05 1.0
1.2000000476837158 -2.392146416241303e-05 2.1294783437042497e-05 -2.9606831958517432e-05 -1.892007094284054e-05 -6.274163411035261e-07 -3.511663089739159e-05 1.0
1.2333333492279053 -3.834072231256869e-06 2.7584605049923994e-05 7.42035626899451e-05 -7.34739887775504e-06 -1.1385604011593387e-05 -1.2755841453326866e-05 1.0
1.2666666507720947 -1.343756593996659e-05 5.024067377235042e-06 1.313521988777211e-05 -1.5552432159893215e-05 5.8410701058164705e-06 -1.9781826267717406e-05 1.0
1.2999999523162842 -8.916729711927474e-06 2.4051303626038134e-05 6.70170811645221e-06 -6.031304110365454e-06 4.607315862159567e-09 -2.225379466835875e-05 1.0
1.3333333730697632 -1.4329029909276869e-05 2.043877793767024e-05 1.5949390217429027e-05 -9.889642569760326e-06 6.3612887970521115e-06 -1.645253723836504e-05 1.0
1.3666666746139526 -7.004015515121864e-06 -5.973320185148623e-06 8.511229907526285e-07 -1.9814253391814418e-05 -1.4177526281855535e-06 -9.272521310776938e-06 1.0
1.399999976158142 -1.2664492714975495e-05 1.1709050340868998e-05 1.579040508659091e-05 -1.7508842574898154e-05 2.59089256360312e-06 -2.614643562992569e-05 1.0
1.4333332777023315 -4.596646249410696e-05 4.759905095852446e-06 -1.391475962009281e-05 -1.9961598809459247e-05 -1.3488405556927319e-06 -4.183236524113454e-05 1.0
1.4666666984558105 -1.5189031728368718e-05 1.7167900296044536e-05 8.422186510870233e-06 -1.00744591691182e-05 5.366004643292399e-06 -2.139106800314039e-05 1.0
1.5 -3.934338565159123e-06 1.834605063777417e-05 1.858569339674432e-05 -9.342871635453776e-06 2.9306338547030464e-06 -1.7204079995281063e-05 1.0
1.5333333015441895 -7.71120630815858e-06 1.0126089364348445e-05 2.565271279308945e-05 -1.4554316294379532e-05 4.179048119112849e-06 -1.6842395780258812e-05 1.0
1.5666667222976685 -3.505036875139922e-05 4.128081855014898e-05 -2.8903281418024562e-05 -6.5927242758334614e-06 7.998618457349949e-06 -3.7728641473222524e-05 1.0
1.600000023841858 -2.2267528038355522e-05 8.922065717342775e-06 -3.323813871247694e-06 -1.834477916418109e-05 8.126139618980233e-07 -6.479527655756101e-06 1.0
1.6333333253860474 -1.4427844689635094e-05 9.394056178280152e-06 1.9882891137967817e-05 -1.2065684131812304e-05 6.491309704870218e-06 -1.4478101547865663e-05 1.0
1.6666666269302368 -1.4526262930303346e-05 1.1852775060106069e-05 -4.4527187128551304e-06 -1.893594890134409e-05 7.413137268486025e-07 -3.479946099105291e-05 1.0
1.7000000476837158 -3.7882400647504255e-05 2.016070175159257e-05 -4.7275640099542215e-05 -1.7044700143742375e-05 4.594423899106914e-06 -3.2564472348894924e-05 1.0
1.7333333492279053 -9.979747119359672e-05 -8.62513388710795e-06 -0.00010104219836648554 -5.0973703764611855e-05 -1.4841315532976296e-05 -7.447376992786303e-05 1.0
1.7666666507720947 -2.06213576348091e-06 1.0023284630733542e-05 2.014151141338516e-05 -1.6793410395621322e-05 -6.04362810463499e-07 -2.270570803375449e-05 1.0
1.7999999523162842 -5.8987949159927666e-05 1.619330760149751e-05 -3.164130976074375e-05 -1.0051406206912361e-05 1.3317536286194809e-05 -3.620786083047278e-05 1.0
1.8333333730697632 -2.3041868189466186e-05 1.321209219895536e-05 7.4584336289262865e-06 -1.3224066606198903e-05 9.649456842453219e-06 -1.4861817362543661e-05 1.0
1.8666666746139526 -8.20217392174527e-05 2.5290486519224942e-05 -4.274342063581571e-05 -6.290132660069503e-06 2.3084203348844312e-05 -4.888882540399209e-05 1.0
1.899999976158142 -2.8855201890110038e-05 1.5293202523025684e-05 1.4477185686700977e-05 -1.849433101597242e-05 3.5278503673907835e-06 -2.7668274924508296e-05 1.0
1.9333332777023315 -9.247687557945028e-06 1.2657653314818162e-05 1.3714705346501432e-05 -1.0927577932307031e-05 3.239894340367755e-06 -1.1702609299391042e-05 1.0
1.9666666984558105 -1.8347582226851955e-05 1.4568327060260344e-05 2.475825340297888e-06 -2.2333704691845924e-05 -1.0109411050507333e-05 -1.8722264940151945e-05 1.0
2.0 -2.0888001017738134e-05 -1.64733955898555e-05 -6.17406203673454e-06 -3.365437078173272e-05 4.107613094106455e-08 -8.15568637335673e-06 1.0
2.0333333015441895 -5.457451152324211e-06 -1.1420615010138135e-05 1.4596302207792178e-05 -2.4616861992399208e-05 -2.6722832444647793e-06 -5.97820235270774e-06 1.0
2.066666603088379 -4.963267201674171e-05 3.266533894930035e-05 -4.8457040975335985e-05 -1.848650208557956e-05 4.047974925924791e-06 -4.013097714050673e-05 1.0
2.0999999046325684 -1.9438313756836578e-05 4.494284439715557e-06 3.3212852486030897e-06 -2.363067505939398e-05 4.6661421038152184e-06 -1.736206831992604e-05 1.0
2.133333444595337 -1.5180902664724272e-05 2.2903510398464277e-05 5.596464689006098e-06 -7.775742233206984e-06 6.245764780032914e-06 -2.3199509087135084e-05 1.0
2.1666667461395264 -1.070555026672082e-05 1.3344589206099045e-05 7.009223281784216e-06 -1.1751138117688242e-05 3.5383563954383135e-06 -2.4024799131439067e-05 1.0
2.200000047683716 -1.757790414558258e-05 1.3015582226216793e-05 -1.061867533280747e-05 -1.9358463759999722e-05 3.2109926451084903e-06 -2.7242313080932945e-05 1.0
2.2333333492279053 -7.368885235337075e-06 -1.4264373930927832e-06 8.141848411469255e-06 -1.767847606970463e-05 -1.2106841040804284e-06 -1.3229947398940567e-05 1.0
2.2666666507720947 -1.0340170774725266e-05 1.2848970243339863e-07 4.554796760203317e-06 -2.3736103685223497e-05 1.6265040585494717e-06 -1.728783354337793e-05 1.0
2.299999952316284 -1.2294108273636084e-05 5.8681621339928824e-06 2.4158369342330843e-05 -2.1900597857893445e-05 7.893348993093241e-06 -1.3536387086787727e-05 1.0
2.3333332538604736 -2.7876287276740186e-05 4.910799816570943e-06 2.040600884356536e-05 -2.2486026864498854e-05 5.7394072427996434e-06 -1.5263609384419397e-05 1.0
2.366666555404663 -1.4082796951697674e-05 1.4904853742336854e-05 1.760885788826272e-05 -1.8568174709798768e-05 1.7698735064186621e-06 -3.178496262989938e-05 1.0
2.4000000953674316 -5.601679004030302e-05 -1.399087250320008e-05 -5.5576307204319164e-05 -4.256605097907595e-05 -4.688777607952943e-06 -4.057129262946546e-05 1.0
2.433333396911621 5.818174031446688e-06 7.408536475850269e-06 3.288424704805948e-05 -1.2360159416857641e-05 -4.869406211582827e-07 -2.5090448616538197e-05 1.0
2.4666666984558105 -5.045583748142235e-05 4.190599429421127e-05 -2.7278294510324486e-05 -1.6412830518675037e-05 6.760918495274382e-06 -4.7137691581156105e-05 1.0
2.5 -5.7215675042243674e-05 2.922238491009921e-05 -3.362796996952966e-05 -5.696330845239572e-06 7.1821505116531625e-06 -5.496619996847585e-05 1.0
2.5333333015441895 -9.041893463290762e-06 1.9222763512516394e-05 2.0126102754147723e-05 -8.44635178509634e-06 4.874474143434782e-06 -2.452715125400573e-05 1.0
2.566666603088379 -4.662977062253049e-06 1.802577025955543e-05 1.5459294445463456e-05 -9.951837455446366e-06 2.4600476535852067e-06 -2.0937170120305382e-05 1.0
2.5999999046325684 2.764362761809025e-06 9.183969496007194e-07 2.498016328900121e-05 -1.6381809473386966e-05 -3.5594371183833573e-06 -1.345022701570997e-05 1.0
2.633333444595337 -5.1653143600560725e-05 -2.160180520149879e-05 -1.1550446288310923e-05 -4.4228207116248086e-05 -4.627317321137525e-05 -1.818850068957545e-05 1.0
2.6666667461395264 -1.9314004020998254e-05 1.6179748854483478e-05 -4.646645265893312e-06 -1.3628233318740968e-05 6.896641480125254e-06 -2.4891618522815406e-05 1.0
2.700000047683716 -3.5807017411570996e-05 4.9050206143874675e-05 -3.5207413020543754e-05 -5.015624083171133e-06 6.277336524362909e-06 -5.255314681562595e-05 1.0
2.7333333492279053 -5.169342330191284e-06 -6.218565886229044e-06 2.2638492737314664e-05 -2.1776357243652456e-05 4.748231276607839e-06 -1.2345306458882987e-05 1.0
2.7666666507720947 -1.1072242159571033e-05 6.533701252919855e-06 1.3030915397393983e-05 -1.529855035187211e-05 5.048555976827629e-06 -1.750898991303984e-05 1.0
2.799999952316284 -2.5177076167892665e-05 1.8242901205667295e-05 -1.526982850919012e-05 -1.729881660139654e-05 -1.420506123395171e-06 -2.494448381185066e-05 1.0
2.8333332538604736 -1.3964468053018209e-05 1.5645664461771958e-05 -1.2378288261061243e-07 -2.2708256437908858e-05 1.8659397937881295e-07 -3.383467992534861e-05 1.0
2.866666555404663 -1.5863890439504758e-05 1.5796609659446403e-05 1.1868654837599024e-05 -1.4543277757184114e-05 2.278384727105731e-06 -2.8201193345012143e-05 1.0
2.9000000953674316 -8.404941581829917e-06 1.1923761121579446e-05 6.171347649797099e-06 -1.3645786566485185e-05 -2.309882802364882e-06 -1.9289956981083378e-05 1.0
2.933333396911621 -1.2104442248528358e-05 7.66045650379965e-06 8.226876161643304e-06 -1.5643092410755344e-05 4.575635557557689e-06 -1.4938175809220411e-05 1.0
2.9666666984558105 -1.692261685093399e-05 2.6599391276249662e-05 -6.787340225855587e-06 -1.0382049367763102e-05 4.15514296037145e-06 -3.11591247736942e-05 1.0
3.0 -8.232100299210288e-06 1.4459395060839597e-05 2.0921888790326193e-05 -9.4409679149976e-06 3.931523337996623e-07 -2.444919664412737e-05 1.0
3.0333333015441895 -1.9965600586147048e-05 2.1070947695989162e-05 -1.1042396181437653e-05 -1.277390038012527e-05 -2.105360579207627e-07 -1.6209269233513623e-05 1.0
3.066666603088379 -2.055112963716965e-05 1.4876482055115048e-05 -8.680874088895507e-06 -1.7333117284579203e-05 -7.59585759624315e-07 -2.0625475372071378e-05 1.0
3.0999999046325684 -2.4034889634094725e-07 -1.32533050418715e-05 2.5977298719226383e-05 -2.545105598983355e-05 -2.458545850458904e-06 1.4175619753586943e-06 1.0
3.133333444595337 -2.460503310430795e-05 3.0116931156953797e-05 -1.3554024917539209e-05 -9.475794286117889e-06 6.638058039243333e-06 -3.324284989503212e-05 1.0
3.1666667461395264 -5.3978815230948385e-06 -8.55758389661787e-06 1.0827518053702079e-05 -2.1127209038240835e-05 6.69058835001124e-08 -1.2359879292489495e-05 1.0
3.200000047683716 -1.4451386050495785e-05 7.549123438366223e-06 5.094520020065829e-06 -1.9593619072111323e-05 -9.485632403993804e-07 -1.613380118214991e-05 1.0
3.2333333492279053 -7.33178821974434e-05 2.7872338250745088e-05 -4.0219307265942916e-05 -2.0886642232653685e-05 1.4752622519154102e-05 -5.761574720963836e-05 1.0
3.2666666507720947 -9.167840289592277e-06 -4.362083018349949e-06 2.143601705029141e-05 -2.3780023184372112e-05 -1.7884085536934435e-06 -6.210216724866768e-06 1.0
3.299999952316284 -2.043069434876088e-05 -5.1360621000640094e-06 -1.0374194971518591e-05 -2.500602204236202e-05 -8.172742127499077e-06 -1.2305525842748466e-06 1.0
3.3333332538604736 -3.2207390177063644e-05 4.5150009100325406e-06 -2.898215825553052e-05 -1.830091787269339e-05 3.5001196465600515e-06 -2.2721709683537483e-05 1.0
3.366666555404663 -5.879912350792438e-06 -3.471820264167036e-06 8.484457794111222e-06 -2.7157464501215145e-05 -1.8977440277012647e-06 -7.345946414716309e-06 1.0
3.4000000953674316 -2.3746551960357465e-05 2.4709777790121734e-05 -1.5900772268651053e-05 -8.574870662414469e-06 5.283689461066388e-06 -2.5241984985768795e-05 1.0
3.433333396911621 2.9263951546454336e-06 4.962570073985262e-06 1.3101443983032368e-05 -1.4532176464854274e-05 -4.103725586901419e-06 -1.8764447304420173e-05 1.0
3.4666666984558105 -1.4528839528793469e-05 1.4736786397406831e-05 9.003625564218964e-06 -1.3323194252734538e-05 2.0238828710716916e-06 -2.3672158931731246e-05 1.0
3.5 -3.790723667407292e-06 -7.972952516865917e-06 2.3815888198441826e-05 -3.0586284992750734e-05 -8.104236258077435e-06 -1.2330881872912869e-05 1.0
3.5333333015441895 -3.660760285129072e-06 -5.444368071039207e-06 3.163195287925191e-05 -1.8716651538852602e-05 2.3392931325361133e-06 -7.774096047796775e-06 1.0
3.566666603088379 -2.105293060594704e-05 -8.054839781834744e-06 -1.229664030688582e-05 -2.5376393750775605e-05 1.978478849196108e-06 -1.1196043487871066e-05 1.0
3.5999999046325684 -5.129291821504012e-06 2.5113080482697114e-05 2.1713032765546814e-05 -5.267754659143975e-06 1.7765424900062499e-06 -2.462485463183839e-05 1.0
3.633333444595337 -8.670958777656779e-05 2.3542852432001382e-05 -3.935260610887781e-05 -7.10736549081048e-06 2.1299809304764494e-05 -3.585902231861837e-05 1.0
3.6666667461395264 -8.430372872680891e-06 3.468169325060444e-06 8.825349482322054e-07 -1.947411692526657e-05 -5.073806619293464e-07 -1.6667652744217776e-05 1.0
3.700000047683716 -2.4351732008653926e-06 -4.997909286430513e-07 2.083678191411309e-05 -2.1043813831056468e-05 -3.4876811128015106e-07 -1.3789230251859408e-05 1.0
3.7333333492279053 3.1517552088189404e-06 7.050516614981461e-06 2.6903257094090804e-05 -1.554320078867022e-05 -4.833534603676526e-06 -1.0076136277348269e-05 1.0
3.7666666507720947 -3.660644779301947e-06 6.249817943171365e-06 2.5884823116939515e-05 -1.6499396224389784e-05 2.3189888054275798e-07 -1.710613832983654e-05 1.0
3.799999952316284 -6.974902134970762e-06 -1.0618524356686976e-05 2.142143785022199e-05 -2.6292307666153647e-05 1.3025883163209073e-06 -1.4834200555924326e-05 1.0
3.8333332538604736 -1.1339018783473875e-05 1.429589360668615e-06 8.718852768652141e-06 -2.0765688532264903e-05 4.627260750567075e-06 -1.4138604456093162e-05 1.0
3.866666555404663 -3.7765541492262855e-05 9.53402923187241e-06 -2.2529897250933573e-05 -3.2163345167646185e-05 5.069995950179873e-06 -3.8153935747686774e-05 1.0
3.9000000953674316 -8.651879397802986e-06 -1.9723361219803337e-06 -2.023554770858027e-06 -2.5959638151107356e-05 -6.280600246100221e-06 -1.4922017726348713e-05 1.0
3.933333396911621 -1.1411332707211841e-05 1.3869911526853684e-05 2.4673598090885207e-05 -1.2359249922155868e-05 5.803412477689562e-06 -1.8199805708718486e-05 1.0
3.9666666984558105 2.9205336886661826e-06 1.4382167137227952e-05 2.2472549972007982e-05 -7.832768460502848e-06 -3.5036048302572453e-06 -1.591637555975467e-05 1.0
4.0 -1.2428782611095812e-05 1.5588337191729806e-05 1.7375494962834637e-06 -1.2293570762267336e-05 1.0057692634291016e-06 -1.3447799574350938e-05 1.0
4.0333333015441895 -5.844928182341391e-06 -5.309106200002134e-06 4.034501398564316e-05 -2.6319868993596174e-05 4.348053607827751e-06 -8.185975275409874e-06 1.0
4.066666603088379 -2.495530316082295e-05 1.9116847397526726e-05 5.66258790968277e-07 -1.755266021064017e-05 2.8150373054813826e-06 -2.6826437533600256e-05 1.0
4.099999904632568 -2.798758214339614e-05 3.6728074519487564e-06 -2.182760181312915e-05 -3.6125737096881494e-05 -1.0360703299738816e-06 -3.5242013836978e-05 1.0
4.133333206176758 1.3808718222207972e-06 1.9593317119870335e-06 2.9665343390661292e-05 -1.3765730727754999e-05 1.225556275130657e-06 -1.1338920558046084e-05 1.0
4.166666507720947 -5.7327793911099434e-05 7.202196229627589e-06 -1.9712129869731143e-05 -2.8236102025402943e-06 1.7098927855840884e-05 -3.0795621569268405e-05 1.0
4.199999809265137 -6.363518878060859e-06 1.0509438652661629e-05 2.889982351916842e-05 -1.1331342648190912e-05 2.546141331549734e-06 -1.6760142898419872e-05 1.0
4.233333110809326 -1.1043156519008335e-05 1.458373731111351e-06 1.3653838323079981e-05 -1.833034366427455e-05 5.531564511329634e-06 -1.7769221813068725e-05 1.0
4.266666889190674 -4.192358119325945e-06 2.3541608243249357e-05 1.556903043820057e-05 -7.9234405347961e-06 -2.1001457639613363e-07 -3.166962051182054e-05 1.0
4.300000190734863 -1.6351419617421925e-05 1.2368181160127278e-05 1.0700769962568302e-05 -1.5371409972431138e-05 3.082746616200893e-06 -2.1328081857063808e-05 1.0
4.333333492279053 -8.580074791098014e-06 3.961921720474493e-06 -2.1796270175400423e-06 -1.975289524125401e-05 -1.870497357003842e-07 -8.499132491124328e-06 1.0
4.366666793823242 -4.031340722576715e-05 3.3094329410232604e-05 -2.780107934086118e-05 -6.524101650029479e-07 1.0187362022406887e-05 -2.9344973881961778e-05 1.0
4.400000095367432 -1.5869387425482273e-05 1.4469310372078326e-05 -2.868270030376152e-06 -1.4373444173543248e-05 4.050337338412646e-06 -2.5140632715192623e-05 1.0
4.433333396911621 -3.354415457579307e-05 1.1334771443216596e-05 1.4656625353381969e-05 -1.9858056475641206e-05 -5.910727054470044e-07 -2.4959334041341208e-05 1.0
4.4666666984558105 -8.701237675268203e-06 2.7012920327251777e-06 2.9505845304811373e-05 -1.693268677627202e-05 6.253958872548537e-06 -1.2039239663863555e-05 1.0
4.5 -1.0869060133700259e-05 5.721415732296009e-07 6.683418177999556e-06 -1.8810293113347143e-05 3.9224546526384074e-06 -1.5611971321050078e-05 1.0
4.5333333015441895 -1.5791576515766792e-05 1.3616916476166807e-05 1.534972216177266e-05 -9.378698450746015e-06 7.32277021597838e-06 -1.60993240569951e-05 1.0
4.566666603088379 -4.931109651806764e-05 5.544776649912819e-05 -5.9762271121144295e-05 -1.0136453056475148e-05 9.524476809019689e-06 -5.748263356508687e-05 1.0
4.599999904632568 -2.8482996640377678e-05 2.8714883228531107e-05 -1.604203316674102e-05 -1.4739118341822177e-05 2.7004259663954144e-06 -3.987269155913964e-05 1.0
4.633333206176758 -2.119948658219073e-05 1.4801107681705616e-05 -2.2259080651565455e-05 -1.6015021174098365e-05 2.3144777969719144e-06 -3.192263829987496e-05 1.0
4.666666507720947 -1.8682016161619686e-05 4.978762717655627e-06 1.7872598618851043e-05 -2.0212384697515517e-05 7.960217772051692e-06 -1.9982999219791964e-05 1.0
4.699999809265137 -6.041598226147471e-06 -3.5173175092495512e-06 2.51327201112872e-05 -1.9810464436886832e-05 1.5452875459232018e-06 -5.863424576091347e-06 1.0
4.733333110809326 -2.1484018361661583e-05 2.1066713088657707e-05 -5.7851998462865595e-06 -8.864964911481366e-06 8.019733286346309e-06 -2.458242670400068e-05 1.0
4.766666889190674 -4.567487849271856e-06 1.0718564226408489e-05 2.2447367882705294e-05 -8.109658665489405e-06 2.9724697014898993e-06 -1.729018367768731e-05 1.0
4.800000190734863 -2.2257150703808293e-05 1.2409961527737323e-05 7.304856808332261e-06 -1.384541883453494e-05 1.0974200449709315e-05 -1.9298004190204665e-05 1.0
4.833333492279053 -1.7867509086499922e-05 1.7422476958017796e-05 7.99339403556587e-08 -1.3723025404033251e-05 1.960394456546055e-06 -2.5550702048349194e-05 1.0
4.866666793823242 -1.860212069004774e-05 3.882506007357733e-06 -1.0487665349501185e-05 -2.026281254075002e-05 3.954157364205457e-06 -1.925194555951748e-05 1.0
4.900000095367432 -1.5033009731268976e-05 1.8912198356701992e-05 1.0915625352936331e-05 -7.149628345359815e-06 5.8669161262514535e-06 -1.9737592083401978e-05 1.0
4.933333396911621 -2.4498836864950135e-05 2.579857209639158e-05 -1.5527999494224787e-05 -9.21718128665816e-06 5.697712822438916e-06 -2.1262660084175877e-05 1.0
4.9666666984558105 3.987349828094011e-06 5.826828441968246e-08 2.7440661142463796e-05 -1.7572627257322893e-05 -5.634621629724279e-06 -1.0658651262929197e-05 1.0
5.0 -2.504021904314868e-05 1.6193213014048524e-05 -7.613287834828952e-06 -1.7353977455059066e-05 6.21320305072004e-06 -3.017029848706443e-05 1.0
5.0333333015441895 -1.2968827832082752e-05 -9.323160156782251e-06 9.260883416573051e-06 -2.282723471580539e-05 3.064149041165365e-06 -1.1060930773965083e-05 1.0
5.066666603088379 -1.6669754359099898e-06 3.306892949694884e-06 1.906115357996896e-05 -1.474023338232655e-05 2.4651569674460916e-06 -1.1111829735455103e-05 1.0
5.099999904632568 -1.343752501270501e-05 2.4052016669884324e-05 -2.4280554953293176e-06 -8.01364967628615e-06 1.9745007193705533e-06 -2.6398571208119392e-05 1.0
5.133333206176758 -0.0001034488232107833 2.0273422705940902e-05 -8.300603076349944e-05 -2.996251714648679e-05 2.2714899387210608e-05 -6.187047256389633e-05 1.0
5.166666507720947 -6.027523340890184e-06 2.101101927109994e-05 2.2133524907985702e-05 -4.851115136261797e-06 4.5739764686913986e-07 -2.3103992134565488e-05 1.0
5.199999809265137 -1.0622473382682074e-05 2.016627831835649e-06 8.131733920890838e-06 -1.9621540559455752e-05 -1.1651843578874832e-07 -1.9054619770031422e-05 1.0
5.233333110809326 -6.741166089341277e-06 1.3754867723037023e-05 2.4599597963970155e-05 -8.149870154738892e-06 2.819947212628904e-06 -1.5464695025002584e-05 1.0
5.266666889190674 -1.3911649148212746e-05 1.120737215387635e-05 1.9908919057343155e-05 -1.3168909390515182e-05 3.709998509293655e-06 -2.1566589566646144e-05 1.0
5.300000190734863 -3.037350506929215e-05 2.2575568436877802e-05 -4.907673428533599e-06 -1.1509365322126541e-05 1.3190086065151263e-05 -2.148591556760948e-05 1.0
5.333333492279053 -1.4465732419921551e-05 1.5516413895966252e-06 1.2174250514362939e-05 -2.052192940027453e-05 1.510488516487385e-07 -2.262328598590102e-05 1.0
5.366666793823242 -1.1746723203032161e-06 4.677395281760255e-06 1.1821639418485574e-05 -1.617240377527196e-05 -2.3302279217318755e-08 -1.9958755729021505e-05 1.0
5.400000095367432 -1.8985070710186847e-05 1.365905518468935e-06 2.6509040253586136e-05 -2.2517335310112685e-05 1.9856656763295177e-06 -2.1597204977297224e-05 1.0
5.433333396911621 -9.877442789729685e-05 -3.1488107197219506e-05 4.022178109153174e-05 -2.5073195502045564e-05 6.604967438761378e-06 -3.8064506952650845e-05 1.0
5.4666666984558105 -8.115197488223203e-06 9.767951269168407e-06 2.568207128206268e-05 -1.824892569857184e-05 4.789663066162575e-08 -2.2140158762340434e-05 1.0
5.5 -5.57425846636761e-05 2.4660152121214196e-05 -4.00993121729698e-05 -2.2996267944108695e-05 1.0481079698365647e-05 -4.167671067989431e-05 1.0
5.5333333015441895 -1.1067527339037042e-05 -3.2474258659931365e-06 -2.2946642275201157e-05 -2.6957326554111205e-05 -9.125537872023415e-06 -1.1204321708646603e-05 1.0
5.566666603088379 -3.9109108911361545e-05 2.9360398912103847e-05 -5.618128489004448e-05 -3.585195145205944e-06 -6.916854090377456e-06 -2.4932847736636177e-05 1.0
5.599999904632568 2.689192797333817e-06 8.35754781292053e-06 1.9108536434941925e-05 -1.1631130291789304e-05 -3.3279522426710173e-07 -1.4653833204647526e-05 1.0
5.633333206176758 -3.0088947823969647e-05 2.1525362171814777e-05 -8.111140232358593e-06 -1.625864206289407e-05 8.529569640813861e-06 -2.384647996223066e-05 1.0
5.666666507720947 -1.9421373508521356e-05 5.192377557250438e-06 1.1530159099493176e-05 -1.9132043235003948e-05 7.71962459111819e-06 -1.8167836969951168e-05 1.0
5.699999809265137 -6.611487333429977e-05 3.542701597325504e-05 -1.041032464854652e-05 3.3249823445657967e-06 1.5508127034991048e-05 -2.5164588805637322e-05 1.0
5.733333110809326 -9.93600842775777e-05 4.633315620594658e-05 -5.1126928156008944e-05 1.765866909408942e-05 2.1112015019753017e-05 -3.796172677539289e-05 1.0
5.766666889190674 -1.0757816198747605e-05 1.73431199073093e-05 4.147294021095149e-05 -1.403023452439811e-05 -9.071448516806413e-07 -2.0460012819967233e-05 1.0
5.800000190734863 -1.7261796529055573e-05 2.2582396923098713e-05 6.915092399140121e-06 -6.0865040723001584e-06 5.254770258034114e-06 -2.297710489074234e-05 1.0
5.833333492279053 -1.1218656254641246e-05 1.4032784747541882e-05 2.414952905382961e-05 -9.576744560035877e-06 5.935180524829775e-06 -1.1826035915873945e-05 1.0
5.866666793823242 -5.395705557020847e-06 1.098718166758772e-05 2.4091010345728137e-05 -9.512817996437661e-06 7.980101486282365e-07 -1.4302976524049882e-05 1.0
5.900000095367432 8.027606099858531e-07 -4.568722147269e-07 -4.518291007116204e-06 -2.9064472983009182e-05 -1.0749230568762869e-05 -2.0347899408079684e-05 1.0
5.933333396911621 -4.793364041688619e-06 -1.1105049452453386e-05 5.163033711141907e-05 -2.9893688406446017e-05 -2.4489895622537006e-06 -1.0881182106459164e-06 1.0
5.9666666984558105 -4.6001609007362276e-05 3.996165833086707e-05 -3.262726386310533e-05 -9.074781701201573e-06 1.324252207268728e-05 -3.558800381142646e-05 1.0
6.0 -1.2256522495590616e-05 -5.3545636546914466e-06 7.263048473760136e-07 -2.6801819331012666e-05 -1.917886493174592e-06 1.4706412230225396e-06 1.0
6.0333333015441895 -0.0001385449431836605 1.0831483450601809e-05 -8.330767013831064e-05 1.2456757758627646e-05 3.4535591112216935e-05 -6.672523886663839e-05 1.0
6.066666603088379 -1.8849672414944507e-05 1.6788071661721915e-05 -5.475994839798659e-06 -1.7830319848144427e-05 6.284752203100652e-07 -2.5234276108676568e-05 1.0
6.099999904632568 -2.1531053789658472e-05 -5.436497190203227e-07 -1.1475678547867574e-05 -2.6244983018841594e-05 6.384442713169847e-06 -1.2421432074916083e-05 1.0
6.133333206176758 -1.8929514453702723e-06 -1.4246104910853319e-05 2.270923687319737e-05 -2.5198765797540545e-05 -2.1012790512031643e-06 5.425481504062191e-07 1.0
6.166666507720947 -4.743575118482113e-06 1.5689547581132501e-06 1.3872564522898756e-05 -1.5995035937521607e-05 -5.165874767953937e-07 -1.0496371032786556e-05 1.0
6.199999809265137 -2.3902373868622817e-05 2.0212359231663868e-05 -3.4421996133460198e-06 -1.1862335668411106e-05 8.062813321885187e-06 -1.7081954865716398e-05 1.0
6.233333110809326 -1.4383404050022364e-05 1.3240797670732718e-05 1.7908509107655846e-05 -1.3597237739304546e-05 6.773722816433292e-06 -1.8110453311237507e-05 1.0
6.266666889190674 -4.987273860024288e-05 4.0400438592769206e-05 -3.834797826129943e-05 -7.342295702983392e-06 1.487885310780257e-05 -3.474858749541454e-05 1.0
6.300000190734863 -1.561180397402495e-05 1.4709082279296126e-05 1.7094167560571805e-05 -1.3749749086855445e-05 -4.4627636270888615e-06 -3.276228017057292e-05 1.0
6.333333492279053 -1.506724856881192e-05 1.525975858385209e-05 2.4120492525980808e-05 -1.0922574801952578e-05 6.582139576494228e-06 -2.0891016902169213e-05 1.0
6.366666793823242 -1.2632122889044695e-05 1.2511481145338621e-05 -6.148977263364941e-06 -1.5305822671507485e-05 1.6145610288731405e-06 -2.2257914679357782e-05 1.0
6.400000095367432 -3.402644506422803e-05 8.706493304089236e-07 -2.039994615188334e-05 -7.737630767223891e-06 1.0251274943584576e-05 -1.8773960619000718e-05 1.0
6.433333396911621 -6.553199909831164e-06 5.356705514714122e-06 1.024858374876203e-05 -1.4610895959776826e-05 1.005866238301678e-06 -9.79047308646841e-06 1.0
6.4666666984558105 -0.00010692283831303939 -9.71725967247039e-07 -6.10355127719231e-05 -3.671276863315143e-05 7.90099591085891e-07 -6.11608411418274e-05 1.0
6.5 -1.8377331798546948e-05 2.6070818421430886e-05 1.9361295926501043e-05 -1.0220316653430928e-05 3.302216100564692e-07 -3.350072438479401e-05 1.0
6.5333333015441895 -8.452970178041141e-06 7.313672654163383e-07 1.892599175334908e-05 -1.534086186438799e-05 3.2106163416756317e-06 -5.956291715847328e-06 1.0
6.566666603088379 -8.234972483478487e-06 2.6582192731439136e-05 2.4473505618516356e-05 -1.0647784165485064e-06 -1.2695566056208918e-06 -1.8139677194994874e-05 1.0
6.599999904632568 -1.7354788724333048e-05 2.6188652554992586e-05 -1.8959725593958865e-06 -6.8451190600171685e-06 3.065701321247616e-06 -2.2402555259759538e-05 1.0
6.633333206176758 6.052209755580407e-06 4.373318915895652e-06 4.3507650843821466e-05 -1.581410651851911e-05 -1.9373521809029626e-06 -1.2733510629914235e-05 1.0
6.666666507720947 -1.090872501663398e-05 6.470492735388689e-06 2.2109365090727806e-05 -1.4130243471299764e-05 6.607107479794649e-06 -1.4705797184433322e-05 1.0
6.699999809265137 -6.168245818116702e-06 1.0710801689128857e-05 2.2133957827463746e-05 -8.004300980246626e-06 4.00785847887164e-06 -1.262543628399726e-05 1.0
6.733333110809326 -2.5828861907939427e-05 2.0310539184720255e-05 -9.018708624353167e-06 -1.225387768499786e-05 7.781140993756708e-06 -1.889574014057871e-05 1.0
6.766666889190674 -4.710411303676665e-05 5.036764559918083e-05 -4.8173085815506056e-05 -5.2610917009587865e-06 5.855894869455369e-06 -3.4611421142471954e-05 1.0
6.800000190734863 -6.813875370426103e-05 3.16098885377869e-05 -2.3037948267301545e-05 -1.517137025075499e-05 1.0162096941712662e-06 -2.5898698368109763e-05 1.0
6.833333492279053 -1.1120540875708684e-05 -5.177005732548423e-06 -9.50727189774625e-06 -2.0540152036119252e-05 -1.0507568504181108e-06 -4.804001946467906e-06 1.0
6.866666793823242 -8.961972525867168e-06 2.514209882065188e-05 1.4569232007488608e-05 -7.715344509051647e-06 8.130269861794659e-07 -2.714429319894407e-05 1.0
6.900000095367432 -1.698226697044447e-05 2.853781006706413e-05 -1.0708733498177025e-05 -1.0661708074621856e-05 3.264837857841485e-07 -3.2734667911427096e-05 1.0
6.933333396911621 -2.1751959593530046e-06 -1.090143541659927e-05 3.0388640880119056e-05 -2.6742069167084992e-05 -1.740936909300217e-06 -8.97481913852971e-06 1.0
6.9666666984558105 -2.1204030417720787e-05 1.707599949440919e-05 -1.7679290976957418e-05 -2.1826090232934803e-05 1.3703332513159694e-07 -3.66966996807605e-05 1.0
7.0 -5.1932179303548764e-06 1.9943146980949678e-05 3.891471806127811e-06 -7.205606380011886e-06 -3.526623459038092e-06 -2.57229676208226e-05 1.0
7.0333333015441895 2.0452416720218025e-05 -3.595490852603689e-05 2.5562050723237917e-05 -4.3031923269154504e-05 -3.0450481062871404e-05 2.1003639631089754e-05 1.0
7.066666603088379 7.565521627839189e-06 -5.412573955254629e-06 2.080586455122102e-05 -2.178625982196536e-05 -7.460325377905974e-06 -1.0865502190426923e-05 1.0
7.099999904632568 -3.7081781556480564e-06 6.740250682923943e-06 2.469809442118276e-05 -1.3561711966758594e-05 2.6430752768646926e-06 -1.7398913769284263e-05 1.0
7.133333206176758 -4.848918251809664e-06 -1.3324254268809455e-06 2.7740919904317707e-05 -1.8281481970916502e-05 4.695562438428169e-06 -1.1945736332563683e-05 1.0
7.166666507720947 -2.417042378510814e-05 2.0393870727275498e-05 -2.0141253571637208e-06 -1.0386131179984659e-05 2.1805099095217884e-06 -1.7068159650079906e-05 1.0
7.199999809265137 -7.939988790894859e-06 1.4712627489643637e-05 2.1415151422843337e-05 -9.261752893507946e-06 6.525390290335054e-07 -1.3948250852990896e-05 1.0
7.233333110809326 -3.479236693237908e-05 2.0817389668081887e-05 -2.4032729925238527e-05 -1.1529328730830457e-05 -3.218030428797647e-07 -2.745664278336335e-05 1.0
7.266666889190674 -2.1016181563027203e-05 1.3264723747852258e-05 1.1088955034210812e-05 -1.841954690462444e-05 -1.36957078211708e-05 -1.751806735228456e-06 1.0
7.300000190734863 -2.6792881726578344e-06 4.791991159436293e-06 3.716165883815847e-05 -9.810753908823244e-06 2.4848172870406415e-06 -9.834464435698465e-06 1.0
7.333333492279053 -6.503452368633589e-06 2.85828355117701e-06 2.7675228920998052e-05 -1.8002258002525195e-05 5.95236815570388e-06 -1.4734840078745037e-05 1.0
7.366666793823242 -9.52198934101034e-06 2.047071802735445e-06 2.641324135765899e-05 -1.9514682207955047e-05 4.160332537139766e-06 -1.886066274892073e-05 1.0
7.400000095367432 -3.9725116948829964e-05 3.735997233889066e-05 -1.2204739505250473e-05 -1.6509406123077497e-05 1.1714034371834714e-05 -3.7174217141000554e-05 1.0
7.433333396911621 -9.915833288687281e-06 1.6018366295611486e-05 1.8258702766615897e-05 -1.0341087545384653e-05 2.104259465340874e-06 -1.8994847778230906e-05 1.0
7.4666666984558105 -1.1766958778025582e-05 3.077665951423114e-06 1.117719330068212e-05 -2.1465701138367876e-05 2.6040422653750284e-06 -1.510103447799338e-05 1.0
7.5 -3.5324928830959834e-06 -2.550779936427716e-05 1.3235387996246573e-05 -3.358050526003353e-05 -2.502351435396122e-06 1.152418008132372e-05 1.0
7.5333333015441895 -2.5367458874825388e-05 1.6692543795215897e-05 -9.438371307624038e-06 -2.180800038331654e-05 2.3821187369321706e-06 -2.685602339624893e-05 1.0
7.566666603088379 -9.48899905779399e-05 5.774840246886015e-05 -2.1714085960411467e-05 -1.3443282114167232e-06 1.16728342618444e-05 -5.3930973081151024e-05 1.0
7.599999904632568 -2.3797163066774374e-06 7.622298198839417e-06 3.432420999160968e-05 -1.3106267942930572e-05 -7.478421139239799e-06 -5.2504774430417456e-06 1.0
7.633333206176758 -2.9127548259566538e-05 2.136511102435179e-05 6.71561065246351e-05 -2.1364983695093542e-05 -1.0414404641778674e-05 -2.164727084164042e-05 1.0
7.666666507720947 -1.3007743291382212e-05 1.7987887986237183e-05 3.1764884624863043e-05 -2.0259913071640767e-05 3.2063542221294483e-06 -1.9074946976616047e-05 1.0
7.699999809265137 1.4473383089352865e-05 -5.406884883996099e-05 5.509063339559361e-05 -5.474171121022664e-05 -1.38264056204207e-07 1.948973113030661e-05 1.0
7.733333110809326 2.1552468751906417e-05 -3.815839590970427e-05 2.3970196707523428e-05 -4.400375109980814e-05 -1.5263671230059117e-05 2.0221099475747906e-05 1.0
7.766666889190674 5.693410457752179e-06 -6.221021521923831e-06 4.6880293666617945e-05 -1.7220943846041337e-05 1.4953958498153952e-06 -3.5070883086518734e-08 1.0
7.800000190734863 3.795614975388162e-05 -5.822481034556404e-05 7.592437032144517e-05 -7.166789873735979e-05 -1.5086406165210065e-05 4.55172048532404e-05 1.0
7.833333492279053 1.2876044820586685e-05 -1.862052158685401e-05 4.025953239761293e-05 -4.4186439481563866e-05 -5.763820809079334e-06 6.1801961237506475e-06 1.0
7.866666793823242 -1.1579415513551794e-05 -1.9843430436594645e-06 1.76065404957626e-05 -2.418510484858416e-05 5.121787580719683e-06 -9.969703569367994e-06 1.0
7.900000095367432 3.865858161589131e-06 1.6055009837145917e-05 4.766439815284684e-06 -8.252466727753927e-07 -7.69057351135416e-06 -8.292353413708042e-06 1.0
7.933333396911621 1.8468208509148099e-06 -9.124423741013743e-06 7.358085440500872e-06 -1.5932548194541596e-05 -1.303869612456765e-05 1.0676188139768783e-05 1.0
7.9666666984558105 -1.94111871678615e-05 2.144137624782161e-06 5.007125764677767e-06 -2.158512688765768e-05 7.390914561256068e-06 -1.0812798791448586e-05 1.0
8.0 7.172102868935326e-06 -3.139984255540185e-05 -2.6169251214014366e-05 -3.945713979192078e-05 -3.4970380511367694e-05 -7.0055320975370705e-06 1.0
8.033333778381348 -4.294022346584825e-06 1.5114625057321973e-05 -7.5099019340996165e-06 3.91246294384473e-06 -4.802933744940674e-06 -1.7756899978849106e-05 1.0
8.066666603088379 2.2604184778174385e-05 -3.615953028202057e-05 -1.287314353248803e-05 -3.146249582641758e-05 -3.930582897737622e-05 2.536480315029621e-05 1.0
8.100000381469727 1.561250064696651e-05 -5.493096978170797e-05 5.257391239865683e-05 -5.2966512157581747e-05 -2.155990841856692e-05 2.4926343030529097e-05 1.0
8.133333206176758 -6.600763299502432e-05 4.362689651316032e-06 0.00013625452993437648 1.1855613593070302e-05 -5.703631541109644e-05 -5.276130832498893e-05 1.0
8.166666984558105 1.0878302418859676e-05 1.6862228221725672e-05 -0.0005751151475124061 0.0015873006777837873 -0.0001583913981448859 -0.0004240394046064466 0.9999986886978149
8.199999809265137 -0.00012196147872600704 7.371846731984988e-05 -0.00016467344539705664 0.00011555081437109038 3.8782887713750824e-05 -3.5828310501528904e-05 1.0
8.233333587646484 4.246536627761088e-05 -8.743313082959503e-05 8.156766853062436e-05 -7.435680890921503e-05 -1.1252282092755195e-05 5.4215775890043005e-05 1.0
8.266666412353516 0.00020632708037737757 -0.0004889684496447444 0.0002510137564968318 -0.0003512043913360685 -5.343958400771953e-05 0.0002905337023548782 0.9999999403953552
8.300000190734863 -0.0008234474225901067 -0.002525120275095105 0.0010639227693900466 -0.0036481558345258236 0.0008820142829790711 0.0006403416628018022 0.9999927878379822
8.333333015441895 -0.0046114432625472546 -0.0036277323961257935 -0.00015919728321023285 -0.013342993333935738 -0.0001577463117428124 -0.00034968883846886456 0.9999109506607056
8.366666793823242 -0.009602667763829231 -0.0053502898663282394 -0.001424102229066193 -0.027180815115571022 -0.00015816223458386958 -0.00127390306442976 0.9996297359466553
8.399999618530273 -0.014479349367320538 -0.00844661332666874 -0.0049659437499940395 -0.04161965474486351 0.00024135025159921497 -0.0014606722397729754 0.9991324543952942
8.433333396911621 -0.021494679152965546 -0.014028061181306839 -0.014285423792898655 -0.05042246729135513 -0.0012304120464250445 -0.0030963364988565445 0.998722493648529
8.466666221618652 -0.0269621554762125 -0.019268224015831947 -0.028857257217168808 -0.051724519580602646 -0.003933340776711702 -0.007363813929259777 0.9986264705657959
8.5 -0.03276822715997696 -0.023948660120368004 -0.0448160246014595 -0.04888539761304855 -0.007822125218808651 -0.01015991810709238 0.9987221360206604
8.533333778381348 -0.04197921231389046 -0.03318263962864876 -0.06316868960857391 -0.04614279046654701 -0.01248858217149973 -0.010123468935489655 0.9988055229187012
8.566666603088379 -0.049376774579286575 -0.04124296084046364 -0.08019690960645676 -0.044214338064193726 -0.014772625640034676 -0.009848326444625854 0.9988643527030945
8.600000381469727 -0.05335403233766556 -0.04911928251385689 -0.0919918492436409 -0.04626554623246193 -0.016254492104053497 -0.010271511971950531 0.9987441301345825
8.633333206176758 -0.06047859042882919 -0.052541811019182205 -0.10104147344827652 -0.050752971321344376 -0.018526442348957062 -0.013362584635615349 0.9984500408172607
8.666666984558105 -0.06522900611162186 -0.05654144287109375 -0.10623528808355331 -0.05883869528770447 -0.024008966982364655 -0.017330804839730263 0.9978283047676086
8.699999809265137 -0.07735924422740936 -0.06229262799024582 -0.11014751344919205 -0.06880659610033035 -0.029196467250585556 -0.020551178604364395 0.9969909191131592
8.733333587646484 -0.08534479141235352 -0.06485378742218018 -0.10854195803403854 -0.08224498480558395 -0.038437340408563614 -0.02219289354979992 0.9956233501434326
8.766666412353516 -0.09410129487514496 -0.06405395269393921 -0.10161561518907547 -0.09795545041561127 -0.04238787293434143 -0.025197777897119522 0.9939683675765991
8.800000190734863 -0.10757450014352798 -0.06170785054564476 -0.09244324266910553 -0.1132371574640274 -0.04310811311006546 -0.028491441160440445 0.9922233819961548
8.833333015441895 -0.12213478237390518 -0.06003553047776222 -0.07811760157346725 -0.13081778585910797 -0.045524321496486664 -0.03141596168279648 0.989862322807312
8.866666793823242 -0.13194483518600464 -0.057124532759189606 -0.06681611388921738 -0.14529716968536377 -0.04944397509098053 -0.03474808856844902 0.9875407814979553
8.899999618530273 -0.14293186366558075 -0.059175584465265274 -0.056468646973371506 -0.15752394497394562 -0.051483966410160065 -0.035336222499608994 0.985538899898529
8.933333396911621 -0.1151554211974144 -0.04398840293288231 -0.037807364016771317 -0.1631992757320404 -0.05970602110028267 -0.03170603886246681 0.9842743277549744
8.966666221618652 -0.12700998783111572 -0.04272548109292984 -0.029436780139803886 -0.16704455018043518 -0.06693816184997559 -0.03204083815217018 0.9831525087356567
9.0 -0.13893777132034302 -0.0405295267701149 -0.02377386949956417 -0.16838769614696503 -0.07307914644479752 -0.033381640911102295 0.9824411869049072
9.033333778381348 -0.151664137840271 -0.03749427571892738 -0.016621943563222885 -0.17441293597221375 -0.0753312036395073 -0.036678336560726166 0.9811014533042908
9.066666603088379 -0.16422829031944275 -0.03295505791902542 -0.010257067158818245 -0.18252548575401306 -0.07498423010110855 -0.04005881026387215 0.9795188307762146
9.100000381469727 -0.17731550335884094 -0.028834527358412743 -0.005316685885190964 -0.1877766251564026 -0.07285287976264954 -0.042614828795194626 0.9785788059234619
9.133333206176758 -0.19014985859394073 -0.025791075080633163 -0.0015566445654258132 -0.19031092524528503 -0.072269968688488 -0.044587116688489914 0.9780444502830505
9.166666984558105 -0.20064598321914673 -0.024730496108531952 0.0008539475966244936 -0.19031843543052673 -0.07566595077514648 -0.045671530067920685 0.9777360558509827
9.199999809265137 -0.2099960446357727 -0.027021292597055435 0.0011683946941047907 -0.18878881633281708 -0.07759996503591537 -0.04611875116825104 0.9778600335121155
9.233333587646484 -0.21925413608551025 -0.02876805141568184 0.0007840462494641542 -0.18512648344039917 -0.07754650712013245 -0.046439800411462784 0.9785490036010742
9.266666412353516 -0.22767269611358643 -0.03104216419160366 -0.0012173239374533296 -0.18095865845680237 -0.07830239832401276 -0.046721190214157104 0.9792547821998596
9.300000190734863 -0.2349092960357666 -0.034196965396404266 -0.0037413188256323338 -0.17858988046646118 -0.07867804169654846 -0.04762588441371918 0.9796159267425537
9.333333015441895 -0.24171839654445648 -0.036567624658346176 -0.006613579113036394 -0.17752605676651 -0.07696225494146347 -0.04975298419594765 0.9798398017883301
9.366666793823242 -0.2471204251050949 -0.03836575523018837 -0.008824453689157963 -0.17796920239925385 -0.0744185522198677 -0.051387567073106766 0.9798715114593506
9.399999618530273 -0.25189289450645447 -0.04050419479608536 -0.010799229145050049 -0.17974242568016052 -0.07129653543233871 -0.05207964405417442 0.979743480682373
9.433333396911621 -0.2564663589000702 -0.041907019913196564 -0.013315360993146896 -0.18209035694599152 -0.06945893913507462 -0.05164249986410141 0.9794650077819824
9.466666221618652 -0.25980228185653687 -0.04290330410003662 -0.01860707812011242 -0.17759019136428833 -0.06962927430868149 -0.04848019406199455 0.9804402589797974
9.5 -0.26364585757255554 -0.044520437717437744 -0.02610483579337597 -0.17339438199996948 -0.06658344715833664 -0.046070173382759094 0.981518566608429
9.533333778381348 -0.26538461446762085 -0.04814320430159569 -0.03438665717840195 -0.172634094953537 -0.06372132897377014 -0.04465026408433914 0.9819080829620361
9.566666603088379 -0.26714757084846497 -0.05372399836778641 -0.04212501645088196 -0.1734948456287384 -0.06144525855779648 -0.04268309101462364 0.9819889664649963
9.600000381469727 -0.2679671049118042 -0.055683985352516174 -0.04880775138735771 -0.17089492082595825 -0.06010929495096207 -0.041171301156282425 0.9825918674468994
9.633333206176758 -0.2678852379322052 -0.06167227774858475 -0.0550144761800766 -0.16923168301582336 -0.05859089642763138 -0.03922969847917557 0.9830507040023804
9.666666984558105 -0.2697492241859436 -0.06788235902786255 -0.06210891157388687 -0.16494186222553253 -0.05566056817770004 -0.037809643894433975 0.9840053915977478
9.699999809265137 -0.2643243372440338 -0.07444118708372116 -0.06939438730478287 -0.15622243285179138 -0.05661178380250931 -0.03440237045288086 0.9854979515075684
9.733333587646484 -0.262774258852005 -0.0834711492061615 -0.07598249614238739 -0.14696034789085388 -0.05512433126568794 -0.03140730783343315 0.9871057271957397
9.766666412353516 -0.25303053855895996 -0.09602725505828857 -0.08530163019895554 -0.13837574422359467 -0.05624980852007866 -0.02752370573580265 0.988398015499115
9.800000190734863 -0.24993248283863068 -0.10941053926944733 -0.09314002841711044 -0.1326829046010971 -0.05230943486094475 -0.025510452687740326 0.9894484281539917
9.833333015441895 -0.24273958802223206 -0.12511447072029114 -0.09673961251974106 -0.12953627109527588 -0.048555780202150345 -0.022384844720363617 0.9901321530342102
9.866666793823242 -0.2328750640153885 -0.13907818496227264 -0.1030881479382515 -0.12034531682729721 -0.04843376204371452 -0.017901133745908737 0.9913883805274963
9.899999618530273 -0.2306264340877533 -0.1536180078983307 -0.10792392492294312 -0.11021864414215088 -0.04376552253961563 -0.014960482716560364 0.9928306341171265
9.933333396911621 -0.21450117230415344 -0.165507510304451 -0.11468380689620972 -0.10040285438299179 -0.03904680907726288 -0.009332629851996899 0.9941366314888
9.966666221618652 -0.20535767078399658 -0.18220749497413635 -0.1178654208779335 -0.09781523048877716 -0.028477683663368225 -0.002547783777117729 0.9947937726974487
10.0 -0.18858455121517181 -0.1976986527442932 -0.11822021007537842 -0.09784457087516785 -0.020043538883328438 0.008504697121679783 0.9949635863304138
10.033333778381348 -0.17567816376686096 -0.20941846072673798 -0.1171371340751648 -0.09767387062311172 -0.008909999392926693 0.014138259924948215 0.9950781464576721
10.066666603088379 -0.1632397323846817 -0.22086170315742493 -0.11389203369617462 -0.0977487713098526 -0.00021342407853808254 0.01906224712729454 0.995028555393219
10.100000381469727 -0.15209652483463287 -0.23328903317451477 -0.11161172389984131 -0.09739315509796143 0.005158136133104563 0.02225472405552864 0.9949838519096375
10.133333206176758 -0.14356036484241486 -0.24134282767772675 -0.10509663075208664 -0.09510137885808945 0.010963477194309235 0.025274911895394325 0.9950863122940063
10.166666984558105 -0.13429014384746552 -0.2493712306022644 -0.09665591269731522 -0.09257468581199646 0.014020458795130253 0.02805989794433117 0.9952115416526794
10.199999809265137 -0.12761415541172028 -0.2551317512989044 -0.08790397644042969 -0.0903623104095459 0.015034658834338188 0.0307744350284338 0.9953199028968811
10.233333587646484 -0.12161993980407715 -0.2615973651409149 -0.076906718313694 -0.08980126678943634 0.018079835921525955 0.03339582309126854 0.9952354431152344
10.266666412353516 -0.11170665919780731 -0.2692537009716034 -0.06159663945436478 -0.09187323600053787 0.022691873833537102 0.034869663417339325 0.9949012398719788
10.300000190734863 -0.1050090342760086 -0.27287018299102783 -0.04725843295454979 -0.09266382455825806 0.0251675583422184 0.03563569113612175 0.9947412610054016
10.333333015441895 -0.09654221683740616 -0.2780785858631134 -0.03065648302435875 -0.09566895663738251 0.024520544335246086 0.03874174878001213 0.9943568110466003
10.366666793823242 -0.09183569997549057 -0.2825174927711487 -0.012894869782030582 -0.10066869109869003 0.030937423929572105 0.041962284594774246 0.9935531616210938
10.399999618530273 -0.08294437825679779 -0.2865073084831238 0.004559939727187157 -0.10413786768913269 0.037250809371471405 0.0416867733001709 0.9929903745651245
10.433333396911621 -0.07603395730257034 -0.2911311388015747 0.022487035021185875 -0.10726826637983322 0.03685309737920761 0.04298041760921478 0.9926168322563171
10.466666221618652 -0.06917998194694519 -0.2950316071510315 0.040182925760746 -0.10932789742946625 0.03859710320830345 0.04456622898578644 0.9922558069229126
10.5 -0.06479854881763458 -0.29758763313293457 0.05456928163766861 -0.10807039588689804 0.04374053701758385 0.044268649071455 0.9921935200691223
10.533333778381348 -0.056954722851514816 -0.301139235496521 0.07106820493936539 -0.10490448027849197 0.04342900216579437 0.0448327399790287 0.9925215840339661
10.566666603088379 -0.05344138294458389 -0.3020769953727722 0.08448796719312668 -0.10126473009586334 0.04219566285610199 0.04785590618848801 0.9928116202354431
10.600000381469727 -0.047200024127960205 -0.30486395955085754 0.09947191923856735 -0.09925594180822372 0.04161617532372475 0.0511617548763752 0.992874026298523
10.633333206176758 -0.04141473025083542 -0.30566003918647766 0.11317236721515656 -0.09684066474437714 0.04204721003770828 0.05307271331548691 0.9929940700531006
10.666666984558105 -0.03745177388191223 -0.3072583079338074 0.1278877854347229 -0.09700307995080948 0.04246974736452103 0.054676346480846405 0.9928731918334961
10.699999809265137 -0.029580730944871902 -0.31163662672042847 0.14495618641376495 -0.10101450234651566 0.04223830997943878 0.05553961917757988 0.992435097694397
10.733333587646484 -0.0270389411598444 -0.3116183578968048 0.15854883193969727 -0.10399990528821945 0.04444374516606331 0.05483609810471535 0.9920694231987
10.766666412353516 -0.02261987142264843 -0.31379616260528564 0.1753116250038147 -0.10886402428150177 0.047349829226732254 0.05312962457537651 0.9915059208869934
10.800000190734863 -0.023232124745845795 -0.3118303120136261 0.18919430673122406 -0.11227083951234818 0.05294553562998772 0.05077416077256203 0.990966260433197
10.833333015441895 -0.015259417705237865 -0.31323984265327454 0.20400983095169067 -0.11841615289449692 0.04801357537508011 0.04581063985824585 0.9907440543174744
10.866666793823242 -0.012728866189718246 -0.3137970566749573 0.21973800659179688 -0.1261807233095169 0.05041506886482239 0.04563594236969948 0.9896737337112427
10.899999618530273 -0.010851590894162655 -0.3141230344772339 0.23160982131958008 -0.12385293841362 0.04807881638407707 0.04578666388988495 0.990077018737793
10.933333396911621 -0.007291942834854126 -0.3154258728027344 0.2429189532995224 -0.12434902042150497 0.04371592402458191 0.04831770434975624 0.9900968074798584
10.966666221618652 -0.004732182715088129 -0.3146713972091675 0.2540314495563507 -0.1253596395254135 0.04057031869888306 0.050359345972537994 0.9900014996528625
11.0 -0.0030576137360185385 -0.3140648901462555 0.2635675072669983 -0.1271972358226776 0.04169732332229614 0.051733292639255524 0.9896494150161743
11.033333778381348 -0.0008602167945355177 -0.3130107522010803 0.2727416455745697 -0.12931692600250244 0.04236117750406265 0.053412728011608124 0.9892572164535522
11.066666603088379 0.001235047820955515 -0.31156614422798157 0.2807958722114563 -0.12993191182613373 0.04070485010743141 0.055826712399721146 0.9891128540039062
11.100000381469727 0.0022676833905279636 -0.3096522092819214 0.28750208020210266 -0.13048569858074188 0.03904200717806816 0.057829923927783966 0.9889918565750122
11.133333206176758 0.004171375185251236 -0.30671602487564087 0.2949037253856659 -0.1325712352991104 0.03780146315693855 0.05854460597038269 0.9887206554412842
11.166666984558105 0.004221806302666664 -0.3030143976211548 0.30111122131347656 -0.13506875932216644 0.039068691432476044 0.057716552168130875 0.9883819222450256
11.199999809265137 0.004413607530295849 -0.2997419834136963 0.30708229541778564 -0.13718624413013458 0.03975653648376465 0.05762398615479469 0.9880682229995728
11.233333587646484 0.0041421325877308846 -0.2964332699775696 0.31245604157447815 -0.13890568912029266 0.03958010673522949 0.05744316056370735 0.9878455996513367
11.266666412353516 0.0023121980484575033 -0.2952635586261749 0.3144351541996002 -0.1394316554069519 0.03922583535313606 0.05705719441175461 0.9878079891204834
11.300000190734863 0.0008218433358706534 -0.29575812816619873 0.3143771290779114 -0.13715101778507233 0.03914381191134453 0.05678372457623482 0.9881463050842285
11.333333015441895 -0.003602687967941165 -0.2990565299987793 0.30992093682289124 -0.1327655017375946 0.039675574749708176 0.056357551366090775 0.9887482523918152
11.366666793823242 -0.009138395078480244 -0.30455052852630615 0.3023034632205963 -0.12854237854480743 0.041778210550546646 0.054152198135852814 0.9893426895141602
11.399999618530273 -0.014924629591405392 -0.30974262952804565 0.2931991517543793 -0.1256624013185501 0.04345528781414032 0.0509336031973362 0.9898113012313843
11.433333396911621 -0.02076731249690056 -0.31438425183296204 0.28548985719680786 -0.1244194358587265 0.043067604303359985 0.04869179427623749 0.9900980591773987
11.466666221618652 -0.02609679289162159 -0.31817349791526794 0.27745577692985535 -0.12499380856752396 0.03941558673977852 0.04681408405303955 0.990268349647522
11.5 -0.032470423728227615 -0.320946604013443 0.2703854739665985 -0.1259201020002365 0.03597059100866318 0.04316189885139465 0.9904480576515198
11.533333778381348 -0.04043455794453621 -0.32400426268577576 0.2624480426311493 -0.12738870084285736 0.030797583982348442 0.03978123888373375 0.9905761480331421
11.566666603088379 -0.04772445932030678 -0.3273676633834839 0.25297513604164124 -0.1275259107351303 0.0228128582239151 0.0379195362329483 0.9908475279808044
11.600000381469727 -0.053752824664115906 -0.33006659150123596 0.24238304793834686 -0.12626735866069794 0.016656845808029175 0.03618622571229935 0.9911960959434509
11.633333206176758 -0.0632120817899704 -0.3334650993347168 0.23146530985832214 -0.12614059448242188 0.012669478543102741 0.033095721155405045 0.9913792014122009
11.666666984558105 -0.06990686804056168 -0.33575811982154846 0.21975262463092804 -0.12626275420188904 0.009690308012068272 0.0301791001111269 0.991490364074707
11.699999809265137 -0.07878187298774719 -0.33988723158836365 0.20933158695697784 -0.1274913251399994 0.007895983755588531 0.028670860454440117 0.9913937449455261
11.733333587646484 -0.086043581366539 -0.3426477909088135 0.19565880298614502 -0.1266631931066513 0.0037926111835986376 0.027968652546405792 0.9915441274642944
11.766666412353516 -0.0955037996172905 -0.3459942936897278 0.18187086284160614 -0.1249980553984642 -0.0011499105021357536 0.027566829696297646 0.991773247718811
11.800000190734863 -0.10460712015628815 -0.349077045917511 0.167839914560318 -0.12301313877105713 -0.0018555891001597047 0.027308305725455284 0.9920275807380676
11.833333015441895 -0.11452098190784454 -0.35108447074890137 0.15296658873558044 -0.12148010730743408 -0.0033641126938164234 0.026034792885184288 0.992246687412262
11.866666793823242 -0.12662193179130554 -0.35284513235092163 0.13772901892662048 -0.12076833844184875 -0.004944241605699062 0.023646587505936623 0.9923867583274841
11.899999618530273 -0.13744470477104187 -0.3521677553653717 0.1221938505768776 -0.11944597214460373 -0.005331328604370356 0.021595576778054237 0.9925915002822876
11.933333396911621 -0.14862388372421265 -0.349022775888443 0.10799327492713928 -0.11739733070135117 -0.006831100210547447 0.018246211111545563 0.9928939342498779
11.966666221618652 -0.16062809526920319 -0.34629324078559875 0.09210854023694992 -0.11594782024621964 -0.00829413253813982 0.01667705923318863 0.9930806756019592
12.0 -0.17087535560131073 -0.3431706130504608 0.0783565416932106 -0.11552400141954422 -0.009392932988703251 0.016436783596873283 0.9931243062019348
12.033333778381348 -0.1791662722826004 -0.3380342423915863 0.0642196536064148 -0.11517047882080078 -0.010905439965426922 0.01413549855351448 0.9931853413581848
12.066666603088379 -0.19547289609909058 -0.3341277539730072 0.05187461897730827 -0.1156272366642952 -0.010600019246339798 0.01317298598587513 0.9931488037109375
12.100000381469727 -0.20273205637931824 -0.3286042809486389 0.041806820780038834 -0.11609163880348206 -0.013748511672019958 0.01140770222991705 0.9930778741836548
12.133333206176758 -0.21477651596069336 -0.3219364881515503 0.03148824721574783 -0.11695418506860733 -0.013603334315121174 0.0073442463763058186 0.9930169582366943
12.166666984558105 -0.2223261445760727 -0.3149574398994446 0.021281514316797256 -0.11812479794025421 -0.01628888212144375 0.006069851107895374 0.992846667766571
12.199999809265137 -0.23245061933994293 -0.30756476521492004 0.012174286879599094 -0.11788715422153473 -0.017676716670393944 0.004147613421082497 0.9928609728813171
12.233333587646484 -0.2401120662689209 -0.3014165461063385 0.002802528440952301 -0.11663039773702621 -0.019440142437815666 0.002649950794875622 0.9929816126823425
12.266666412353516 -0.25116676092147827 -0.29475757479667664 -0.0036943263839930296 -0.11451580375432968 -0.019398342818021774 0.00347653916105628 0.9932259917259216
12.300000190734863 -0.25835737586021423 -0.2873864769935608 -0.008970395661890507 -0.11337888985872269 -0.019814662635326385 0.0032936057541519403 0.9933487772941589
12.333333015441895 -0.2658877968788147 -0.27886930108070374 -0.013206319883465767 -0.11391246318817139 -0.01675328239798546 0.0035211232025176287 0.9933433532714844
12.366666793823242 -0.26801323890686035 -0.27321746945381165 -0.015893559902906418 -0.11616575717926025 -0.014807877130806446 0.00436395825818181 0.9931098818778992
12.399999618530273 -0.26871711015701294 -0.2678224444389343 -0.017152294516563416 -0.11752307415008545 -0.01708368957042694 0.0036457469686865807 0.9929165840148926
12.433333396911621 -0.27019378542900085 -0.2620534300804138 -0.017094986513257027 -0.11780115216970444 -0.020051777362823486 0.0029603701550513506 0.9928303360939026
12.466666221618652 -0.2757284939289093 -0.25529634952545166 -0.015644539147615433 -0.11888991296291351 -0.0223334189504385 0.0016899355687201023 0.9926548004150391
12.5 -0.2813953161239624 -0.2481321394443512 -0.013019359670579433 -0.12136819958686829 -0.02510722540318966 -0.0006934473640285432 0.9922897815704346
12.533333778381348 -0.28654319047927856 -0.24022571742534637 -0.00672918139025569 -0.12438025325536728 -0.0262132678180933 -0.0013972594169899821 0.9918873906135559
12.566666603088379 -0.28951457142829895 -0.23023347556591034 0.0004681058635469526 -0.1296837031841278 -0.02985139563679695 -0.0014744102954864502 0.9911049008369446
12.600000381469727 -0.29235607385635376 -0.2213391661643982 0.007165648974478245 -0.13538937270641327 -0.030811887234449387 -0.001860260614193976 0.9903115630149841
12.633333206176758 -0.29631760716438293 -0.20714370906352997 0.014681278727948666 -0.14018549025058746 -0.030578911304473877 -0.001755105098709464 0.9896513819694519
12.666666984558105 -0.29900074005126953 -0.19812005758285522 0.022931406274437904 -0.1475561559200287 -0.03026505373418331 -0.0009710721205919981 0.9885900616645813
12.699999809265137 -0.3011992871761322 -0.18827666342258453 0.03025001846253872 -0.1534082591533661 -0.030908605083823204 0.0001249916385859251 0.9876793622970581
12.733333587646484 -0.30317625403404236 -0.17512217164039612 0.039624687284231186 -0.15814122557640076 -0.03362099081277847 0.0015459646238014102 0.9868428111076355
12.766666412353516 -0.30653005838394165 -0.16738948225975037 0.04729296639561653 -0.16471067070960999 -0.03519344702363014 0.0013870187103748322 0.9857128858566284
12.800000190734863 -0.3084454834461212 -0.15748408436775208 0.055913083255290985 -0.17122085392475128 -0.03589534014463425 0.002159727970138192 0.9845762252807617
12.833333015441895 -0.3105872869491577 -0.14767220616340637 0.06490348279476166 -0.17837511003017426 -0.03687741234898567 0.0028236897196620703 0.9832672476768494
12.866666793823242 -0.3133046329021454 -0.14036427438259125 0.07203359156847 -0.18536564707756042 -0.038582608103752136 0.0028336287941783667 0.981907844543457
12.899999618530273 -0.3143852651119232 -0.13144585490226746 0.0774255245923996 -0.18961971998214722 -0.040906019508838654 0.0037228309083729982 0.9809980392456055
12.933333396911621 -0.3152781128883362 -0.12341240793466568 0.08415478467941284 -0.19424353539943695 -0.04301215708255768 0.0064333234913647175 0.9799888134002686
12.966666221618652 -0.315110445022583 -0.11588803678750992 0.08945462107658386 -0.1994919329881668 -0.04389069601893425 0.008357633836567402 0.9788803458213806
13.0 -0.3185582160949707 -0.10162277519702911 0.09118936955928802 -0.2001107782125473 -0.04198383167386055 0.0060875737108290195 0.9788544178009033
13.033333778381348 -0.3161695599555969 -0.09450913220643997 0.0946197509765625 -0.20593026280403137 -0.042782027274370193 0.008197758346796036 0.9775967001914978
13.066666603088379 -0.3175588548183441 -0.08779073506593704 0.09878173470497131 -0.21007953584194183 -0.04276305064558983 0.007930202409625053 0.9767164587974548
13.100000381469727 -0.31679627299308777 -0.08257070928812027 0.10114497691392899 -0.21474537253379822 -0.043598584830760956 0.008344432339072227 0.9756608605384827
13.133333206176758 -0.31429845094680786 -0.07509079575538635 0.10273226350545883 -0.2171989232301712 -0.04474199563264847 0.009566046297550201 0.9750545024871826
13.166666984558105 -0.3144912123680115 -0.06956450641155243 0.1038353443145752 -0.22091726958751678 -0.04569930210709572 0.009677025489509106 0.9741733074188232
13.199999809265137 -0.31215792894363403 -0.06396078318357468 0.1041998490691185 -0.225044384598732 -0.04699195176362991 0.00885823369026184 0.9731744527816772
13.233333587646484 -0.3135431408882141 -0.05635746195912361 0.10560473054647446 -0.22898799180984497 -0.044269859790802 0.007002588827162981 0.9723969101905823
13.266666412353516 -0.3116975426673889 -0.05220010131597519 0.10665683448314667 -0.23308947682380676 -0.04373626410961151 0.00815428327769041 0.9714370965957642
13.300000190734863 -0.31184515357017517 -0.04784627631306648 0.10737624019384384 -0.2350887656211853 -0.04379972442984581 0.00965026393532753 0.9709386825561523
13.333333015441895 -0.3101115822792053 -0.04179780185222626 0.10578164458274841 -0.23430313169956207 -0.045607659965753555 0.0110681913793087 0.9710301160812378
13.366666793823242 -0.3087620437145233 -0.036676857620477676 0.10380327701568604 -0.23398849368095398 -0.046565424650907516 0.012409067712724209 0.9710443615913391
13.399999618530273 -0.30771520733833313 -0.03344537690281868 0.10183121263980865 -0.2343752682209015 -0.04736962541937828 0.012909439392387867 0.970905601978302
13.433333396911621 -0.3073325753211975 -0.03186109662055969 0.10094209760427475 -0.2366320639848709 -0.0464080274105072 0.012743668630719185 0.9704066514968872
13.466666221618652 -0.3051360845565796 -0.031281959265470505 0.1001666933298111 -0.23897238075733185 -0.04591020196676254 0.013357160612940788 0.9698485136032104
13.5 -0.30437201261520386 -0.030201025307178497 0.09873123466968536 -0.2392970323562622 -0.04506036639213562 0.014532727189362049 0.9697913527488708
13.533333778381348 -0.3028033971786499 -0.02840741164982319 0.09697306901216507 -0.23735158145427704 -0.044818244874477386 0.016355177387595177 0.9702516198158264
13.566666603088379 -0.3007968068122864 -0.028645064681768417 0.09620089083909988 -0.2368355542421341 -0.04538726434111595 0.01875155232846737 0.9703078866004944
13.600000381469727 -0.29989832639694214 -0.029738690704107285 0.09686368703842163 -0.23799729347229004 -0.04546629264950752 0.020160173997282982 0.9699916243553162
13.633333206176758 -0.29839107394218445 -0.028623946011066437 0.09770084172487259 -0.23904162645339966 -0.04537714272737503 0.021177077665925026 0.969717264175415
13.666666984558105 -0.29795771837234497 -0.028037093579769135 0.09964362531900406 -0.24130412936210632 -0.04522641375660896 0.021374700590968132 0.9691594839096069
13.699999809265137 -0.2979062497615814 -0.02784811332821846 0.10317739099264145 -0.2454349845647812 -0.044623494148254395 0.022358844056725502 0.9681273698806763
13.733333587646484 -0.2968555986881256 -0.02619996666908264 0.10579920560121536 -0.24894800782203674 -0.04442988336086273 0.0238657183945179 0.96720290184021
13.766666412353516 -0.2964708209037781 -0.023519596084952354 0.10790518671274185 -0.25084188580513 -0.04402786120772362 0.02413932979106903 0.9667250514030457
13.800000190734863 -0.29582706093788147 -0.022535540163517 0.10901298373937607 -0.25261160731315613 -0.044396184384822845 0.024277064949274063 0.9662438035011292
13.833333015441895 -0.2965122163295746 -0.022126885131001472 0.1111636683344841 -0.25458893179893494 -0.04393557459115982 0.024466101080179214 0.965740978717804
13.866666793823242 -0.2963199019432068 -0.022335916757583618 0.1137976124882698 -0.2579178214073181 -0.0431365892291069 0.025191372260451317 0.9648746848106384
13.899999618530273 -0.29102060198783875 -0.020800035446882248 0.11444923281669617 -0.2598586678504944 -0.04627107456326485 0.026917913928627968 0.9641618132591248
13.933333396911621 -0.29514527320861816 -0.017422808334231377 0.11884568631649017 -0.26160407066345215 -0.04146900773048401 0.02631232514977455 0.9639249444007874
13.966666221618652 -0.2929552495479584 -0.017411578446626663 0.12175408005714417 -0.26651471853256226 -0.041425179690122604 0.027379699051380157 0.962550938129425
14.0 -0.29859378933906555 -0.014732004143297672 0.12688666582107544 -0.27063438296318054 -0.035313960164785385 0.025141306221485138 0.9617056846618652
14.033333778381348 -0.3018467128276825 -0.02129029855132103 0.13688412308692932 -0.28479838371276855 -0.03082112781703472 0.024617258459329605 0.9577755331993103
14.066666603088379 -0.30356019735336304 -0.019276199862360954 0.14160935580730438 -0.2893524467945099 -0.028261352330446243 0.024722952395677567 0.95648592710495
14.100000381469727 -0.30441907048225403 -0.018067725002765656 0.14700859785079956 -0.29511046409606934 -0.025740506127476692 0.024644043296575546 0.9547984004020691
14.133333206176758 -0.3060266077518463 -0.015432121232151985 0.15304824709892273 -0.30093061923980713 -0.022996537387371063 0.024147413671016693 0.9530628323554993
14.166666984558105 -0.30920031666755676 -0.013569115661084652 0.1601174920797348 -0.30828922986984253 -0.017662396654486656 0.023359037935733795 0.9508418440818787
14.199999809265137 -0.3103652894496918 -0.010792052373290062 0.16581466794013977 -0.31360670924186707 -0.01319202221930027 0.023745620623230934 0.9491643905639648
14.233333587646484 -0.3126285970211029 -0.008349173702299595 0.17134642601013184 -0.3182031214237213 -0.00841668713837862 0.02353382669389248 0.9476929903030396
14.266666412353516 -0.3148003816604614 -0.006123283877968788 0.17609533667564392 -0.32201385498046875 -0.004657325334846973 0.024051815271377563 0.9464179277420044
14.300000190734863 -0.316910058259964 -0.004490867722779512 0.179555281996727 -0.32296425104141235 -0.002030440606176853 0.025044355541467667 0.9460776448249817
14.333333015441895 -0.31938818097114563 -0.003400601912289858 0.18238739669322968 -0.3219440281391144 0.0031126858666539192 0.025674104690551758 0.9464054703712463
14.366666793823242 -0.3207644820213318 -0.0028618096839636564 0.18497011065483093 -0.32207977771759033 0.002915009157732129 0.030559249222278595 0.9462147355079651
14.399999618530273 -0.32131996750831604 -0.0018735890043899417 0.18736688792705536 -0.32202574610710144 0.004172706976532936 0.03511504456400871 0.9460703134536743
14.433333396911621 -0.32102516293525696 0.0004943785606883466 0.19063028693199158 -0.32440224289894104 0.005524937063455582 0.03877710923552513 0.9451079368591309
14.466666221618652 -0.3202398121356964 0.003928990103304386 0.19526506960391998 -0.32935571670532227 0.006320324260741472 0.039864443242549896 0.9433428645133972
14.5 -0.3210385739803314 0.006847642362117767 0.20041094720363617 -0.3343847990036011 0.008851910009980202 0.0393802784383297 0.9415718913078308
14.533333778381348 -0.32084891200065613 0.009419937618076801 0.20615656673908234 -0.339184045791626 0.010037733241915703 0.039327312260866165 0.9398440718650818
14.566666603088379 -0.32119220495224 0.01170722022652626 0.21180613338947296 -0.3435836434364319 0.012332982383668423 0.03949381038546562 0.9382102489471436
14.600000381469727 -0.3204447329044342 0.013146909885108471 0.21565379202365875 -0.34724268317222595 0.014247522689402103 0.03981634974479675 0.9368212819099426
14.633333206176758 -0.3237912356853485 0.010649101808667183 0.21976642310619354 -0.3522539436817169 0.022480422630906105 0.03986812382936478 0.9347847104072571
14.666666984558105 -0.32184484601020813 0.010827302932739258 0.22198544442653656 -0.3535959720611572 0.02518429420888424 0.04208715632557869 0.9341115355491638
14.699999809265137 -0.3192600607872009 0.010776830837130547 0.22392910718917847 -0.35467469692230225 0.02708304300904274 0.0448116697371006 0.9335225820541382
14.733333587646484 -0.3162148594856262 0.011186708696186543 0.22537660598754883 -0.354969322681427 0.02938268892467022 0.04818597435951233 0.9331728219985962
14.766666412353516 -0.3128432631492615 0.010948344133794308 0.22684070467948914 -0.35540708899497986 0.03169583901762962 0.051810938864946365 0.9327362775802612
14.800000190734863 -0.3102114200592041 0.01092193741351366 0.22860808670520782 -0.35572171211242676 0.03492949157953262 0.054840218275785446 0.9323274493217468
14.833333015441895 -0.30686190724372864 0.010327555239200592 0.23063617944717407 -0.3572564125061035 0.03771805763244629 0.05833893269300461 0.931419312953949
14.866666793823242 -0.30442291498184204 0.010237799026072025 0.2329738885164261 -0.35832589864730835 0.04233221337199211 0.061429090797901154 0.9306111335754395
14.899999618530273 -0.3021083176136017 0.01053063478320837 0.23524941504001617 -0.35947689414024353 0.046333253383636475 0.06450589746236801 0.9297680258750916
14.933333396911621 -0.29904744029045105 0.011370571330189705 0.23779426515102386 -0.3611486256122589 0.04961789399385452 0.06736275553703308 0.9287475347518921
14.966666221618652 -0.2969197928905487 0.012357544153928757 0.24132046103477478 -0.3636702001094818 0.053736284375190735 0.06977429240942001 0.9273554086685181
15.0 -0.29532507061958313 0.013254150748252869 0.243699312210083 -0.36563679575920105 0.057278480380773544 0.07174425572156906 0.92621910572052
15.033333778381348 -0.29425951838493347 0.01352627296000719 0.24714921414852142 -0.36854085326194763 0.06141692399978638 0.07282012701034546 0.9247177839279175
15.066666603088379 -0.2932315468788147 0.014185641892254353 0.24914559721946716 -0.3689749538898468 0.06377105414867401 0.07436486333608627 0.924262285232544
15.100000381469727 -0.29214563965797424 0.014543401077389717 0.2503160536289215 -0.3702485263347626 0.06734640896320343 0.07511208206415176 0.923438549041748
15.133333206176758 -0.29151013493537903 0.014526103623211384 0.25068399310112 -0.3700246512889862 0.06932629644870758 0.07598486542701721 0.9233103394508362
15.166666984558105 -0.2909954786300659 0.014344765804708004 0.25030094385147095 -0.36936140060424805 0.06999310106039047 0.07658213376998901 0.9234762191772461
15.199999809265137 -0.29116305708885193 0.013913554139435291 0.24971356987953186 -0.3686507046222687 0.06977803260087967 0.07678036391735077 0.923759937286377
15.233333587646484 -0.29192888736724854 0.012969182804226875 0.2488669753074646 -0.36820992827415466 0.06828010082244873 0.0761653333902359 0.9240984916687012
15.266666412353516 -0.29403457045555115 0.010959629900753498 0.24731077253818512 -0.36715924739837646 0.06614676862955093 0.07462094724178314 0.9247975945472717
15.300000190734863 -0.29727327823638916 0.007724469993263483 0.24471251666545868 -0.3632402718067169 0.06248638033866882 0.07282412052154541 0.926740825176239
15.333333015441895 -0.30251115560531616 0.002314350102096796 0.24136725068092346 -0.35744377970695496 0.057750239968299866 0.07008641958236694 0.9295088648796082
15.366666793823242 -0.3085445165634155 -0.005509556736797094 0.2389008104801178 -0.3517855107784271 0.051644742488861084 0.0675828829407692 0.9322082996368408
15.399999618530273 -0.31609371304512024 -0.012402534484863281 0.2383100390434265 -0.34756550192832947 0.04694916307926178 0.06360338628292084 0.9343172311782837
15.433333396911621 -0.32289037108421326 -0.01915758289396763 0.23872815072536469 -0.3454798758029938 0.04247863218188286 0.05949653685092926 0.9355743527412415
15.466666221618652 -0.3314551115036011 -0.02517007291316986 0.24173520505428314 -0.3462860882282257 0.04144915193319321 0.0542760044336319 0.9356399178504944
15.5 -0.33973169326782227 -0.03046439401805401 0.24576903879642487 -0.3476850986480713 0.03994833678007126 0.049369920045137405 0.9354581236839294
15.533333778381348 -0.3496584892272949 -0.035911448299884796 0.25005921721458435 -0.3480776846408844 0.036875300109386444 0.043739188462495804 0.9357184171676636
15.566666603088379 -0.3589918911457062 -0.04218064993619919 0.2531503438949585 -0.3468014895915985 0.031655531376600266 0.04119222238659859 0.9364987015724182
15.600000381469727 -0.36760661005973816 -0.04771795496344566 0.2570282816886902 -0.34640681743621826 0.027747977524995804 0.03906145691871643 0.9368599057197571
15.633333206176758 -0.37536126375198364 -0.05167703330516815 0.2602352499961853 -0.3451402187347412 0.024180660024285316 0.038119565695524216 0.9374649524688721
15.666666984558105 -0.38393595814704895 -0.054127708077430725 0.26421284675598145 -0.3446405231952667 0.022673502564430237 0.036792147904634476 0.9377394318580627
15.699999809265137 -0.39078280329704285 -0.05755237862467766 0.2675083577632904 -0.3456437587738037 0.020786728709936142 0.03617705777287483 0.9374378323554993
15.733333587646484 -0.3971126973628998 -0.056823957711458206 0.269366055727005 -0.3432006239891052 0.01940733566880226 0.03422609344124794 0.9384377598762512
15.766666412353516 -0.4035113751888275 -0.059092190116643906 0.27266448736190796 -0.34365370869636536 0.020310811698436737 0.03269827365875244 0.9383072257041931
15.800000190734863 -0.40787407755851746 -0.05940413475036621 0.27221208810806274 -0.3410120904445648 0.021316520869731903 0.03009839355945587 0.9393351078033447
15.833333015441895 -0.41197890043258667 -0.060902148485183716 0.2720332741737366 -0.3391833007335663 0.022952457889914513 0.027934683486819267 0.9400253295898438
15.866666793823242 -0.41596168279647827 -0.06265928596258163 0.2710389792919159 -0.3368467688560486 0.028122304007411003 0.02540966495871544 0.9407963156700134
15.899999618530273 -0.4178484082221985 -0.06721143424510956 0.2690461277961731 -0.33527666330337524 0.03502633050084114 0.023055080324411392 0.9411860704421997
15.933333396911621 -0.4184175729751587 -0.07293790578842163 0.2646915018558502 -0.3317393362522125 0.04242953658103943 0.020580407232046127 0.9421917796134949
15.966666221618652 -0.41756367683410645 -0.07933951914310455 0.2564619183540344 -0.32395702600479126 0.044010985642671585 0.019187740981578827 0.9448527693748474
16.0 -0.4137035608291626 -0.0863036960363388 0.24651135504245758 -0.314017117023468 0.04149895906448364 0.02028161659836769 0.948293149471283
16.03333282470703 -0.40691179037094116 -0.09709569811820984 0.2351590394973755 -0.30413463711738586 0.043286483734846115 0.025271089747548103 0.9513095617294312
16.066667556762695 -0.39806312322616577 -0.10442225635051727 0.22438199818134308 -0.2948024570941925 0.0494493767619133 0.029171830043196678 0.9538319706916809
16.100000381469727 -0.38621267676353455 -0.11462042480707169 0.21388956904411316 -0.2894096374511719 0.05716107040643692 0.035459019243717194 0.9548389315605164
16.133333206176758 -0.3744230568408966 -0.12446536123752594 0.2034025341272354 -0.28409093618392944 0.06640342622995377 0.04019077122211456 0.9556504487991333
16.16666603088379 -0.3598953187465668 -0.13507145643234253 0.19568179547786713 -0.28139784932136536 0.07379641383886337 0.04557649418711662 0.9556632041931152
16.200000762939453 -0.34596487879753113 -0.14432242512702942 0.18317541480064392 -0.27335891127586365 0.07828736305236816 0.050844404846429825 0.9573718905448914
16.233333587646484 -0.3338998854160309 -0.15572434663772583 0.16899387538433075 -0.2657807469367981 0.08639031648635864 0.05396389216184616 0.9586371183395386
16.266666412353516 -0.3182462751865387 -0.16567859053611755 0.15186861157417297 -0.2540952265262604 0.08684657514095306 0.06049279123544693 0.9613708853721619
16.299999237060547 -0.3074580729007721 -0.17113856971263885 0.13387548923492432 -0.2394891083240509 0.08733632415533066 0.0675177201628685 0.9646029472351074
16.33333396911621 -0.2886810302734375 -0.1843019425868988 0.11865068972110748 -0.23318003118038177 0.08608129620552063 0.076058030128479 0.9656254053115845
16.366666793823242 -0.2203107327222824 -0.1856825202703476 0.10107939690351486 -0.2245602309703827 0.06336887925863266 0.09763624519109726 0.9674835205078125
16.399999618530273 -0.2147057205438614 -0.18831199407577515 0.08811251819133759 -0.21887388825416565 0.07662700116634369 0.1043899804353714 0.9671221971511841
16.433332443237305 -0.18165504932403564 -0.18875691294670105 0.06899183243513107 -0.21356448531150818 0.08009999245405197 0.11586987227201462 0.966720461845398
16.46666717529297 -0.1788739264011383 -0.1923171430826187 0.05954765900969505 -0.2120121419429779 0.11150341480970383 0.11513110995292664 0.9640345573425293
16.5 -0.15668272972106934 -0.19223156571388245 0.03775651752948761 -0.2084077000617981 0.11333116143941879 0.1280161440372467 0.9629818797111511
16.53333282470703 -0.14252907037734985 -0.18538722395896912 0.02744945138692856 -0.20195958018302917 0.11364360898733139 0.13846856355667114 0.9628728032112122
16.566667556762695 -0.13509619235992432 -0.1875597983598709 0.020156243816018105 -0.2051239162683487 0.12913832068443298 0.1443043351173401 0.9593871235847473
16.600000381469727 -0.11915291100740433 -0.18210390210151672 -0.0008043042616918683 -0.20139943063259125 0.1367797702550888 0.1547309160232544 0.9574904441833496
16.633333206176758 -0.09993115812540054 -0.1746256947517395 -0.005487492773681879 -0.2020498812198639 0.14322274923324585 0.16458049416542053 0.9547651410102844
16.66666603088379 -0.08444911986589432 -0.17101725935935974 -0.013050953857600689 -0.2067985087633133 0.1488083004951477 0.17498911917209625 0.9510359168052673
16.700000762939453 -0.07281860709190369 -0.16593554615974426 -0.01971067488193512 -0.2119767963886261 0.15888309478759766 0.18231943249702454 0.9468799233436584
16.733333587646484 -0.06071360781788826 -0.1558540165424347 -0.026182569563388824 -0.21588672697544098 0.16814248263835907 0.18939857184886932 0.9430001378059387
16.766666412353516 -0.049546800553798676 -0.14306919276714325 -0.0339609831571579 -0.2178245186805725 0.1742757111787796 0.1961973011493683 0.9400463700294495
16.799999237060547 -0.0389426089823246 -0.13481749594211578 -0.03850580379366875 -0.22012723982334137 0.1779373735189438 0.20260648429393768 0.9374608397483826
16.83333396911621 -0.026494072750210762 -0.1159297302365303 -0.05115806683897972 -0.21510054171085358 0.18017612397670746 0.2087012231349945 0.9368629455566406
16.866666793823242 -0.015799637883901596 -0.10621631890535355 -0.05779719725251198 -0.21502086520195007 0.18384632468223572 0.21496154367923737 0.9347503185272217
16.899999618530273 -0.0030390475876629353 -0.09039122611284256 -0.06791723519563675 -0.21088753640651703 0.18422472476959229 0.22188545763492584 0.933999240398407
16.933332443237305 0.0073697129264473915 -0.08150534331798553 -0.074229396879673 -0.2111922651529312 0.18584364652633667 0.2287370264530182 0.9319546818733215
16.96666717529297 0.01914517767727375 -0.06843917816877365 -0.08121822774410248 -0.21190941333770752 0.18756979703903198 0.23800091445446014 0.9291219115257263
17.0 0.03169339895248413 -0.055028852075338364 -0.08786141872406006 -0.2115236520767212 0.1895216405391693 0.2486136257648468 0.9260295033454895
17.03333282470703 0.047988634556531906 -0.0405881330370903 -0.09482673555612564 -0.21242666244506836 0.1873406171798706 0.2631392180919647 0.9222452044487
17.066667556762695 0.05677128583192825 -0.022029267624020576 -0.10343018919229507 -0.20875613391399384 0.18775957822799683 0.2767030596733093 0.9190226197242737
17.100000381469727 0.07282571494579315 -0.013086904771625996 -0.10940860956907272 -0.20720909535884857 0.1882561296224594 0.29079940915107727 0.9149096608161926
17.133333206176758 0.08306662738323212 -0.00035049926373176277 -0.11824049800634384 -0.20309308171272278 0.18976271152496338 0.3027975261211395 0.9116232991218567
17.16666603088379 0.08860230445861816 0.0175775233656168 -0.12513287365436554 -0.198100745677948 0.1936829388141632 0.3102855980396271 0.9093766212463379
17.200000762939453 0.10122423619031906 0.026503169909119606 -0.13206355273723602 -0.20076920092105865 0.19772689044475555 0.31901872158050537 0.9048883318901062
17.233333587646484 0.11502747237682343 0.03431049361824989 -0.1339639574289322 -0.20763729512691498 0.2019483745098114 0.32919448614120483 0.8987405896186829
17.266666412353516 0.12440559267997742 0.044170163571834564 -0.13633565604686737 -0.21189576387405396 0.2043876200914383 0.3385845124721527 0.8936925530433655
17.299999237060547 0.13156987726688385 0.056480877101421356 -0.14177298545837402 -0.21033841371536255 0.20308712124824524 0.3475334346294403 0.8909173607826233
17.33333396911621 0.14373743534088135 0.0615481473505497 -0.14769874513149261 -0.2118162363767624 0.19930599629878998 0.36107155680656433 0.8860238194465637
17.366666793823242 0.15102402865886688 0.07160049676895142 -0.15422025322914124 -0.20945487916469574 0.1980120986700058 0.37049975991249084 0.8829777836799622
17.399999618530273 0.15332937240600586 0.08468783646821976 -0.15729548037052155 -0.20436795055866241 0.2013586461544037 0.37624919414520264 0.8809795379638672
17.433332443237305 0.15983137488365173 0.0937376394867897 -0.16344402730464935 -0.19896657764911652 0.205813929438591 0.3824135363101959 0.8785288333892822
17.46666717529297 0.16473068296909332 0.11260887235403061 -0.17290912568569183 -0.18702168762683868 0.20960965752601624 0.38614851236343384 0.8786216974258423
17.5 0.1717352271080017 0.11536431312561035 -0.17999430000782013 -0.17478857934474945 0.20845460891723633 0.3905837833881378 0.8794543743133545
17.53333282470703 0.17559851706027985 0.15013906359672546 -0.18640537559986115 -0.14932355284690857 0.2017083615064621 0.3867938220500946 0.8873594999313354
17.566667556762695 0.17896579205989838 0.15327563881874084 -0.19312986731529236 -0.14169445633888245 0.19992497563362122 0.3927684426307678 0.8863891959190369
17.600000381469727 0.18329225480556488 0.15718142688274384 -0.19923053681850433 -0.12906427681446075 0.19734396040439606 0.3984493017196655 0.8863610625267029
17.633333206176758 0.1879834085702896 0.1632072925567627 -0.2060379981994629 -0.11931359767913818 0.19385981559753418 0.4066348969936371 0.8847771883010864
17.66666603088379 0.1929267942905426 0.16862712800502777 -0.21152396500110626 -0.11092814803123474 0.1895097941160202 0.4162331223487854 0.8823440670967102
17.700000762939453 0.19813328981399536 0.17541436851024628 -0.21655790507793427 -0.10325682163238525 0.1837191879749298 0.426222026348114 0.879727303981781
17.733333587646484 0.20265714824199677 0.18211016058921814 -0.2202332615852356 -0.0967988669872284 0.17670999467372894 0.43587008118629456 0.8771664500236511
17.766666412353516 0.20882168412208557 0.18987220525741577 -0.22428756952285767 -0.09034429490566254 0.1678774207830429 0.4459601044654846 0.8745140433311462
17.799999237060547 0.2129296362400055 0.19553302228450775 -0.22655081748962402 -0.08418974280357361 0.16069558262825012 0.45437756180763245 0.8721410632133484
17.83333396911621 0.220464289188385 0.19813859462738037 -0.2314239740371704 -0.08099500089883804 0.15319211781024933 0.4636726975440979 0.8688957095146179
17.866666793823242 0.22526471316814423 0.20249798893928528 -0.23546479642391205 -0.0770585834980011 0.15001274645328522 0.47024333477020264 0.8662732243537903
17.899999618530273 0.22792626917362213 0.2068515568971634 -0.23696720600128174 -0.07389184087514877 0.1506129801273346 0.4752061665058136 0.863733172416687
17.933332443237305 0.23202820122241974 0.21099215745925903 -0.24035361409187317 -0.07238073647022247 0.15030840039253235 0.47964364290237427 0.8614583611488342
17.96666717529297 0.2315993309020996 0.2156653255224228 -0.24033503234386444 -0.06887926161289215 0.152334064245224 0.48131832480430603 0.8604549169540405
18.0 0.2345067709684372 0.21423406898975372 -0.24274620413780212 -0.06731663644313812 0.1538490504026413 0.48502734303474426 0.8582233786582947
18.03333282470703 0.23785200715065002 0.214706689119339 -0.24660037457942963 -0.06464199721813202 0.15393567085266113 0.48860809206962585 0.8563803434371948
18.066667556762695 0.2402045875787735 0.21671226620674133 -0.24988603591918945 -0.061882197856903076 0.15302614867687225 0.49170568585395813 0.8549732565879822
18.100000381469727 0.24346670508384705 0.21720443665981293 -0.25226494669914246 -0.061899349093437195 0.15251168608665466 0.49508458375930786 0.853111982345581
18.133333206176758 0.24430985748767853 0.21743667125701904 -0.2516765594482422 -0.06265738606452942 0.1523895561695099 0.4968934655189514 0.8520259857177734
18.16666603088379 0.24459101259708405 0.22018437087535858 -0.2489205151796341 -0.06327681988477707 0.14704419672489166 0.4983476400375366 0.8520702719688416
18.200000762939453 0.24043606221675873 0.22250230610370636 -0.24297140538692474 -0.059424884617328644 0.13757650554180145 0.5003508925437927 0.8527545928955078
18.233333587646484 0.23754744231700897 0.2243846207857132 -0.23950840532779694 -0.046666890382766724 0.12326838821172714 0.5038475394248962 0.8536772727966309
18.266666412353516 0.24104511737823486 0.22356851398944855 -0.2422424852848053 -0.0347730815410614 0.11209213733673096 0.5127363801002502 0.850486695766449
18.299999237060547 0.23780424892902374 0.2297205775976181 -0.24138373136520386 -0.022718315944075584 0.10500774532556534 0.5190167427062988 0.8479852676391602
18.33333396911621 0.2356317788362503 0.2377815842628479 -0.2432045340538025 -0.01776345819234848 0.10347126424312592 0.5285406708717346 0.842391312122345
18.366666793823242 0.24007368087768555 0.2373838722705841 -0.24374136328697205 -0.0236960481852293 0.10834603756666183 0.5387477278709412 0.8351350426673889
18.399999618530273 0.24476897716522217 0.24278011918067932 -0.25058308243751526 -0.025080107152462006 0.11284030973911285 0.5457209944725037 0.8299558758735657
18.433332443237305 0.24548253417015076 0.2472834289073944 -0.2520669102668762 -0.02088772878050804 0.1166963204741478 0.5513724088668823 0.8257930278778076
18.46666717529297 0.24574925005435944 0.2567857801914215 -0.2531326711177826 -0.011097392998635769 0.11533400416374207 0.5562785863876343 0.8228785991668701
18.5 0.24625156819820404 0.25259122252464294 -0.2520780861377716 -0.00695862527936697 0.11561484634876251 0.5631037950515747 0.8182291388511658
18.53333282470703 0.2483142614364624 0.25631582736968994 -0.2505318224430084 -0.00396538944914937 0.11479039490222931 0.5670309066772461 0.815649151802063
18.566667556762695 0.24973204731941223 0.26160454750061035 -0.256836473941803 -0.0024182305205613375 0.11478732526302338 0.5710155367851257 0.8128710985183716
18.600000381469727 0.25147268176078796 0.26616013050079346 -0.2565605044364929 -0.000671624846290797 0.11498516798019409 0.5728398561477661 0.8115617632865906
18.633333206176758 0.2535061836242676 0.26626071333885193 -0.25835034251213074 -0.0001455407909816131 0.11568288505077362 0.5762321352958679 0.8090574145317078
18.66666603088379 0.2537267208099365 0.26300689578056335 -0.25939610600471497 -0.0015901403967291117 0.12034209817647934 0.5797920227050781 0.8058265447616577
18.700000762939453 0.2668531835079193 0.2471831738948822 -0.2619098126888275 -0.013696756213903427 0.12281373143196106 0.5902441143989563 0.7977099418640137
18.733333587646484 0.26844772696495056 0.2471894472837448 -0.263471782207489 -0.014100674539804459 0.12295804917812347 0.5915060043334961 0.7967454195022583
18.766666412353516 0.26969432830810547 0.24967606365680695 -0.2612641453742981 -0.013613708317279816 0.12371990829706192 0.5920461416244507 0.7962346076965332
18.799999237060547 0.2718583941459656 0.2500218451023102 -0.26140454411506653 -0.013390573672950268 0.1237461119890213 0.5921081900596619 0.7961880564689636
18.83333396911621 0.2735637128353119 0.2506943345069885 -0.2611294388771057 -0.014142815954983234 0.1245281919836998 0.5921184420585632 0.7960455417633057
18.866666793823242 0.2745184600353241 0.2511869966983795 -0.2593933641910553 -0.018512368202209473 0.12784288823604584 0.5933374762535095 0.7945212721824646
18.899999618530273 0.27827122807502747 0.25508853793144226 -0.25769656896591187 -0.022410085424780846 0.12819243967533112 0.5946401357650757 0.7933900356292725
18.933332443237305 0.2780423164367676 0.25520992279052734 -0.25663408637046814 -0.023040080443024635 0.1301005333662033 0.5922780632972717 0.7948268055915833
18.96666717529297 0.27971065044403076 0.2555069625377655 -0.25680744647979736 -0.020935459062457085 0.13133226335048676 0.5889126062393188 0.7971797585487366
19.0 0.2822485566139221 0.2573392689228058 -0.2574463486671448 -0.019361767917871475 0.13379894196987152 0.5864942073822021 0.7985909581184387
19.03333282470703 0.28266727924346924 0.2565934956073761 -0.25876539945602417 -0.021075429394841194 0.13917577266693115 0.5844138860702515 0.7991535663604736
19.066667556762695 0.2824013829231262 0.2556245028972626 -0.2594445049762726 -0.023858387023210526 0.14400026202201843 0.5810036659240723 0.80070561170578
19.100000381469727 0.2824947237968445 0.2541322410106659 -0.25957608222961426 -0.026736164465546608 0.14839570224285126 0.5762171149253845 0.8032669425010681
19.133333206176758 0.2847253084182739 0.25340619683265686 -0.2599664330482483 -0.02898687683045864 0.15153193473815918 0.5713959336280823 0.8060425519943237
19.16666603088379 0.28399035334587097 0.25120100378990173 -0.259886771440506 -0.031714167445898056 0.15584082901477814 0.5667281746864319 0.8084101676940918
19.200000762939453 0.28506410121917725 0.24937526881694794 -0.25992679595947266 -0.032695479691028595 0.15914689004421234 0.5633805394172668 0.8100652694702148
19.233333587646484 0.2876063585281372 0.24546486139297485 -0.2607363164424896 -0.03218209743499756 0.16048172116279602 0.5588916540145874 0.8129268884658813
19.266666412353516 0.28963321447372437 0.23976737260818481 -0.26127153635025024 -0.03147198632359505 0.16316433250904083 0.5528749823570251 0.8165269494056702
19.299999237060547 0.29063141345977783 0.23406445980072021 -0.2624083161354065 -0.0318177193403244 0.16798673570156097 0.5470117926597595 0.8194791674613953
19.33333396911621 0.29047873616218567 0.23144318163394928 -0.2651856243610382 -0.03331834822893143 0.17253854870796204 0.5415171384811401 0.8221189379692078
19.366666793823242 0.2910768985748291 0.22637489438056946 -0.26771456003189087 -0.03703781217336655 0.1780015230178833 0.5391773581504822 0.8223329782485962
19.399999618530273 0.2913030683994293 0.22611573338508606 -0.2705250680446625 -0.03945077210664749 0.1848921775817871 0.5369799137115479 0.8221381902694702
19.433332443237305 0.28983962535858154 0.2277645468711853 -0.2733393609523773 -0.04028010740876198 0.19534988701343536 0.5334283709526062 0.821991503238678
19.46666717529297 0.2970525920391083 0.2226303368806839 -0.277055948972702 -0.04740340635180473 0.20532818138599396 0.5339840650558472 0.8188127875328064
19.5 0.29484233260154724 0.22602279484272003 -0.27890172600746155 -0.050498902797698975 0.21911899745464325 0.5314009785652161 0.8167310953140259
19.53333282470703 0.2995744049549103 0.2276422679424286 -0.281581312417984 -0.059031106531620026 0.2323865294456482 0.5310962796211243 0.8126799464225769
19.566667556762695 0.30407437682151794 0.2283640056848526 -0.2824067771434784 -0.06939780712127686 0.24595846235752106 0.5281053781509399 0.8098105192184448
19.600000381469727 0.3078412115573883 0.22886395454406738 -0.28473925590515137 -0.0770188495516777 0.25894424319267273 0.523298978805542 0.8081919550895691
19.633333206176758 0.3113958537578583 0.2284899801015854 -0.28816309571266174 -0.08128037303686142 0.27354925870895386 0.5166676044464111 0.807229220867157
19.66666603088379 0.312417209148407 0.23045986890792847 -0.291706383228302 -0.07985983788967133 0.2869478762149811 0.5092930197715759 0.8074056506156921
19.700000762939453 0.3168417513370514 0.2271004021167755 -0.29541438817977905 -0.08408903330564499 0.2963489294052124 0.5052070617675781 0.8061464428901672
19.733333587646484 0.31776881217956543 0.2280919998884201 -0.29663702845573425 -0.08685977011919022 0.30883845686912537 0.4993281960487366 0.8048263788223267
19.766666412353516 0.3258158564567566 0.22555384039878845 -0.30230873823165894 -0.09324989467859268 0.31344571709632874 0.4996890127658844 0.8021016716957092
19.799999237060547 0.3291245400905609 0.22894680500030518 -0.30337104201316833 -0.09654323756694794 0.32008427381515503 0.4944835603237152 0.8023163676261902
19.83333396911621 0.3370746076107025 0.22864575684070587 -0.30569109320640564 -0.1021755263209343 0.3244255781173706 0.49424242973327637 0.8000204563140869
19.866666793823242 0.34588852524757385 0.22704555094242096 -0.30946657061576843 -0.10790910571813583 0.3255280554294586 0.49470847845077515 0.7985303401947021
19.899999618530273 0.353566974401474 0.22649149596691132 -0.31102025508880615 -0.11287113279104233 0.3275109529495239 0.49445199966430664 0.7971912026405334
19.933332443237305 0.3608507215976715 0.22478248178958893 -0.31161820888519287 -0.11607490479946136 0.32726916670799255 0.49326467514038086 0.7975659966468811
19.96666717529297 0.36414438486099243 0.2239966094493866 -0.31179991364479065 -0.11518318206071854 0.3235743045806885 0.488479882478714 0.80213463306427
20.0 0.3657650947570801 0.2216356247663498 -0.3128557801246643 -0.11009036004543304 0.3194434642791748 0.4814589023590088 0.8087232708930969
20.03333282470703 0.3668263852596283 0.21775221824645996 -0.31485715508461 -0.10407951474189758 0.31878191232681274 0.4736807942390442 0.8143537640571594
20.066667556762695 0.36836516857147217 0.21354639530181885 -0.3171405792236328 -0.09958566725254059 0.3193320631980896 0.4677305221557617 0.8181307911872864
20.100000381469727 0.3728315830230713 0.20812605321407318 -0.31902599334716797 -0.09770649671554565 0.31724998354911804 0.46602192521095276 0.8201399445533752
20.133333206176758 0.3789820373058319 0.20591430366039276 -0.32134899497032166 -0.09234752506017685 0.3124927580356598 0.4653688669204712 0.8229532241821289
20.16666603088379 0.38551226258277893 0.20531754195690155 -0.3231017291545868 -0.08766473084688187 0.3057595193386078 0.4715643525123596 0.8224676847457886
20.200000762939453 0.39505764842033386 0.20496244728565216 -0.32425379753112793 -0.08455392718315125 0.30041801929473877 0.47759735584259033 0.8212797045707703
20.233333587646484 0.4026946723461151 0.20551232993602753 -0.32409337162971497 -0.08567570149898529 0.3010392487049103 0.4830127954483032 0.8177613615989685
20.266666412353516 0.41317352652549744 0.20941245555877686 -0.32703685760498047 -0.09064245223999023 0.3086525797843933 0.48900169134140015 0.8107990026473999
20.299999237060547 0.421867698431015 0.21635551750659943 -0.33419451117515564 -0.09303921461105347 0.3190484344959259 0.4957085847854614 0.802386999130249
20.33333396911621 0.4296841323375702 0.2201363742351532 -0.34083300828933716 -0.09358502924442291 0.3243089020252228 0.5040267109870911 0.7949985265731812
20.366666793823242 0.43463245034217834 0.22398167848587036 -0.347736656665802 -0.08945166319608688 0.3202817440032959 0.510422945022583 0.7930235862731934
20.399999618530273 0.4420497417449951 0.22406496107578278 -0.35361889004707336 -0.08585231751203537 0.31997328996658325 0.5194705724716187 0.7876527905464172
20.433332443237305 0.4498884677886963 0.22666287422180176 -0.3622252941131592 -0.08527033776044846 0.33066999912261963 0.5309072136878967 0.7755796313285828
20.46666717529297 0.45877283811569214 0.22709167003631592 -0.37137046456336975 -0.09039235860109329 0.35067427158355713 0.5384421944618225 0.7608789801597595
20.5 0.4655972123146057 0.22075919806957245 -0.3813633918762207 -0.09265241771936417 0.36589667201042175 0.5405744910240173 0.7518739104270935
20.53333282470703 0.47267094254493713 0.21510885655879974 -0.39238521456718445 -0.09037964791059494 0.374772846698761 0.5366933345794678 0.7505578994750977
20.566667556762695 0.4822060763835907 0.20845390856266022 -0.4038310945034027 -0.08837146311998367 0.38215261697769165 0.5338033437728882 0.749135434627533
20.600000381469727 0.49251943826675415 0.1999233365058899 -0.4138421416282654 -0.08819495886564255 0.3896257281303406 0.5325631499290466 0.7461835741996765
20.633333206176758 0.5060356259346008 0.19444730877876282 -0.4269298017024994 -0.08830959349870682 0.395643413066864 0.5331324934959412 0.7425884008407593
20.66666603088379 0.5193294882774353 0.19007623195648193 -0.43983912467956543 -0.08821746706962585 0.40070387721061707 0.5355222821235657 0.7381531000137329
20.700000762939453 0.5317717790603638 0.18617182970046997 -0.451584130525589 -0.08817148208618164 0.4060894250869751 0.5380787253379822 0.7333406805992126
20.733333587646484 0.5463997721672058 0.18282292783260345 -0.46510934829711914 -0.0905286967754364 0.4114973843097687 0.5416563153266907 0.7273809313774109
20.766666412353516 0.5646070837974548 0.18213392794132233 -0.48115140199661255 -0.09498444199562073 0.41793543100357056 0.5439702868461609 0.7213906049728394
20.799999237060547 0.5809792876243591 0.18087099492549896 -0.49398043751716614 -0.10193721204996109 0.4262695014476776 0.5440932512283325 0.7154479622840881
20.83333396911621 0.602209746837616 0.17849646508693695 -0.5067389607429504 -0.1102084070444107 0.4340202510356903 0.5453844666481018 0.7085453271865845
20.866666793823242 0.6185762286186218 0.17964361608028412 -0.5217100977897644 -0.11446715891361237 0.4382884204387665 0.5435793995857239 0.7066271901130676
20.899999618530273 0.6386529803276062 0.18110291659832 -0.5375643372535706 -0.11867430806159973 0.44125795364379883 0.5434742569923401 0.7041615843772888
20.933332443237305 0.6592978835105896 0.1809852421283722 -0.552606463432312 -0.1213504746556282 0.4455164074897766 0.5433807969093323 0.7010895609855652
20.96666717529297 0.6787068247795105 0.18110977113246918 -0.5660516619682312 -0.1225287914276123 0.44981831312179565 0.5433174967765808 0.6981807947158813
21.0 0.7008655667304993 0.1797105371952057 -0.5773029923439026 -0.12701593339443207 0.4544886350631714 0.5441082119941711 0.6937242746353149
21.03333282470703 0.7210017442703247 0.18292933702468872 -0.5924019813537598 -0.129983052611351 0.45857560634613037 0.543914258480072 0.690630316734314
21.066667556762695 0.7418158650398254 0.18340368568897247 -0.6038583517074585 -0.13361746072769165 0.46261388063430786 0.5455164313316345 0.685964047908783
21.100000381469727 0.7613215446472168 0.18526072800159454 -0.614769697189331 -0.13635101914405823 0.46419647336006165 0.5466329455375671 0.6834636926651001
21.133333206176758 0.7804118990898132 0.186428502202034 -0.6199945211410522 -0.1400170773267746 0.46639344096183777 0.5464540719985962 0.6813666224479675
21.16666603088379 0.7987934350967407 0.18907205760478973 -0.6261203289031982 -0.14194466173648834 0.46822622418403625 0.54661625623703 0.6795783638954163
21.200000762939453 0.8225724101066589 0.18815676867961884 -0.6264075040817261 -0.14908280968666077 0.47133752703666687 0.5462226271629333 0.6762072443962097
21.233333587646484 0.8431863188743591 0.19075603783130646 -0.6327649354934692 -0.15361100435256958 0.47300785779953003 0.5440753102302551 0.675758421421051
21.266666412353516 0.8587285876274109 0.19432003796100616 -0.6353527903556824 -0.15874740481376648 0.4767611622810364 0.5398430824279785 0.6753278374671936
21.299999237060547 0.8747812509536743 0.19735917448997498 -0.6367277503013611 -0.16288527846336365 0.4775816798210144 0.5372883677482605 0.6757998466491699
21.33333396911621 0.8900048732757568 0.20210964977741241 -0.6374338865280151 -0.1676114946603775 0.48103368282318115 0.5349134206771851 0.6740776896476746
21.366666793823242 0.9043009281158447 0.20696315169334412 -0.6412476301193237 -0.17044676840305328 0.4831579625606537 0.5344001054763794 0.6722520589828491
21.399999618530273 0.9206042885780334 0.2092204988002777 -0.6419649720191956 -0.17620955407619476 0.4863271713256836 0.5336151123046875 0.6690971851348877
21.433332443237305 0.935187816619873 0.21463683247566223 -0.6451321840286255 -0.17876051366329193 0.488928884267807 0.5332491993904114 0.6668123006820679
21.46666717529297 0.9475405812263489 0.2202383428812027 -0.6471879482269287 -0.18180343508720398 0.4916628301143646 0.5320475101470947 0.6649366021156311
21.5 0.9437251091003418 0.23668064177036285 -0.6540945768356323 -0.17718195915222168 0.4947679340839386 0.5217589139938354 0.6719961762428284
21.53333282470703 0.9584810733795166 0.24288296699523926 -0.6587858200073242 -0.18174952268600464 0.498129278421402 0.5224539041519165 0.667739748954773
21.566667556762695 0.9722192287445068 0.248515784740448 -0.6637085676193237 -0.18402960896492004 0.495902419090271 0.5246435403823853 0.6670554876327515
21.600000381469727 0.9845070838928223 0.254451185464859 -0.6668299436569214 -0.18629086017608643 0.4962231516838074 0.5262258052825928 0.6649397015571594
21.633333206176758 0.9983834028244019 0.2623019218444824 -0.6708922982215881 -0.18977336585521698 0.49464136362075806 0.5286680459976196 0.6631938815116882
21.66666603088379 1.009176254272461 0.2700401246547699 -0.672978401184082 -0.19323189556598663 0.49424508213996887 0.5311869978904724 0.6604722142219543
21.700000762939453 1.019130825996399 0.2777041792869568 -0.6743186712265015 -0.19663108885288239 0.49421849846839905 0.5326089859008789 0.658340334892273
21.733333587646484 1.030765414237976 0.2867332696914673 -0.6753150820732117 -0.20040564239025116 0.49372485280036926 0.5342974662780762 0.6562008261680603
21.766666412353516 1.0422353744506836 0.2954758405685425 -0.675929605960846 -0.20419956743717194 0.49315935373306274 0.5357524752616882 0.6542673110961914
21.799999237060547 1.0542138814926147 0.3041245639324188 -0.6762403845787048 -0.20790301263332367 0.4929061532020569 0.5372177362442017 0.6520866751670837
21.83333396911621 1.0664286613464355 0.31270232796669006 -0.6763455271720886 -0.210902139544487 0.491791695356369 0.5400865077972412 0.6495904326438904
21.866666793823242 1.077807903289795 0.3199731409549713 -0.6760452389717102 -0.21232455968856812 0.49035996198654175 0.5423344373703003 0.6483353972434998
21.899999618530273 1.088610291481018 0.3273342251777649 -0.6755514144897461 -0.21456319093704224 0.48938968777656555 0.5439845323562622 0.6469476819038391
21.933332443237305 1.0985294580459595 0.33535993099212646 -0.6730799674987793 -0.21746361255645752 0.488444447517395 0.545499324798584 0.6454162001609802
21.96666717529297 1.1065250635147095 0.34330686926841736 -0.6703416705131531 -0.21952754259109497 0.48619017004966736 0.5476122498512268 0.6446297764778137
22.0 1.111952304840088 0.3517194092273712 -0.6679053902626038 -0.21997025609016418 0.48500365018844604 0.549538791179657 0.6437327265739441
22.03333282470703 1.118454933166504 0.35896894335746765 -0.6651604175567627 -0.2213209569454193 0.48482969403266907 0.5510179996490479 0.6421341896057129
22.066667556762695 1.1236445903778076 0.36541062593460083 -0.6626489162445068 -0.2231397032737732 0.4846586585044861 0.551750659942627 0.6410037875175476
22.100000381469727 1.127420425415039 0.3713107705116272 -0.6597921252250671 -0.2253996580839157 0.48504582047462463 0.5522794723510742 0.6394630670547485
22.133333206176758 1.131453037261963 0.3770487308502197 -0.6570580005645752 -0.2283361852169037 0.4861386716365814 0.5526092052459717 0.637302815914154
22.16666603088379 1.1332260370254517 0.38194915652275085 -0.6545397639274597 -0.2304847687482834 0.48677751421928406 0.5532520413398743 0.6354814171791077
22.200000762939453 1.1322510242462158 0.3861824870109558 -0.6530982851982117 -0.22874058783054352 0.48642805218696594 0.5535007119178772 0.6361623406410217
22.233333587646484 1.1320295333862305 0.3862805664539337 -0.6536538004875183 -0.22701595723628998 0.4891958236694336 0.5517927408218384 0.6361414790153503
22.266666412353516 1.1319644451141357 0.3861643970012665 -0.6534956097602844 -0.22705917060375214 0.4894617795944214 0.5515624284744263 0.6361212134361267
22.299999237060547 1.132609486579895 0.3859215974807739 -0.6520273685455322 -0.22934089601039886 0.48958566784858704 0.5516833662986755 0.6351016163825989
22.33333396911621 1.1330276727676392 0.3863579332828522 -0.6514182686805725 -0.23075275123119354 0.48864075541496277 0.5518284440040588 0.6351919174194336
22.366666793823242 1.1314893960952759 0.3847610056400299 -0.6476926207542419 -0.23225870728492737 0.48973938822746277 0.5514172911643982 0.6341532468795776
22.399999618530273 1.131525993347168 0.3853760063648224 -0.6460382342338562 -0.232961505651474 0.48685359954833984 0.5519545078277588 0.635648250579834
22.433332443237305 1.1298595666885376 0.38506099581718445 -0.6421828866004944 -0.23515328764915466 0.4867956042289734 0.5515393614768982 0.6352458596229553
22.46666717529297 1.1276477575302124 0.3860430419445038 -0.6397793292999268 -0.2357262372970581 0.4861197769641876 0.5510416030883789 0.6359826922416687
22.5 1.126394510269165 0.3847620487213135 -0.6368016600608826 -0.23668141663074493 0.48548245429992676 0.5502908229827881 0.6367643475532532
22.53333282470703 1.1243259906768799 0.3862885534763336 -0.6348021030426025 -0.23644492030143738 0.48405641317367554 0.5508438944816589 0.6374591588973999
22.566667556762695 1.1241227388381958 0.3884464502334595 -0.6337129473686218 -0.23572738468647003 0.48212113976478577 0.5514490008354187 0.6386672854423523
22.600000381469727 1.1220463514328003 0.38483327627182007 -0.629341721534729 -0.23854243755340576 0.48430299758911133 0.5499477982521057 0.6372641921043396
22.633333206176758 1.1224875450134277 0.3858664035797119 -0.6277609467506409 -0.24068664014339447 0.4836861789226532 0.5503383874893188 0.6365889310836792
22.66666603088379 1.1212899684906006 0.38569164276123047 -0.6263266801834106 -0.2404589056968689 0.4835491180419922 0.5506811141967773 0.6364825963973999
22.700000762939453 1.1216932535171509 0.38623934984207153 -0.6247941851615906 -0.24066904187202454 0.48265019059181213 0.5507951378822327 0.6369865536689758
22.733333587646484 1.1218702793121338 0.3864923119544983 -0.6241040229797363 -0.24137596786022186 0.4826003909111023 0.5504970550537109 0.6370144486427307
22.766666412353516 1.1218197345733643 0.38756364583969116 -0.6219750046730042 -0.2429705411195755 0.48349612951278687 0.549124538898468 0.6369137763977051
22.799999237060547 1.1221870183944702 0.38921329379081726 -0.6212438941001892 -0.24371010065078735 0.482777863740921 0.549338161945343 0.6369918584823608
22.83333396911621 1.1217700242996216 0.39005929231643677 -0.6202417016029358 -0.2433529645204544 0.48241594433784485 0.5488533973693848 0.6378198862075806
22.866666793823242 1.1217317581176758 0.39010190963745117 -0.6202465891838074 -0.2433132827281952 0.4824206829071045 0.5488378405570984 0.6378447413444519
22.899999618530273 1.1203919649124146 0.3907582461833954 -0.6190095543861389 -0.24320855736732483 0.4823130667209625 0.5470346808433533 0.6395128965377808
22.933332443237305 1.1200679540634155 0.38945630192756653 -0.6188452243804932 -0.24379976093769073 0.4832212030887604 0.5464234948158264 0.6391246318817139
22.96666717529297 1.1189132928848267 0.38734057545661926 -0.618657112121582 -0.2441411316394806 0.48409944772720337 0.5454347729682922 0.639174222946167
23.0 1.116605520248413 0.38552260398864746 -0.6187092661857605 -0.24339470267295837 0.48531296849250793 0.5439910888671875 0.6397687792778015
23.03333282470703 1.1151684522628784 0.3818475902080536 -0.6190507411956787 -0.2434203326702118 0.48657599091529846 0.5430066585540771 0.6396359801292419
23.066667556762695 1.1132642030715942 0.3782230317592621 -0.6200731992721558 -0.24226033687591553 0.48696109652519226 0.5421127080917358 0.6405410170555115
23.100000381469727 1.1116764545440674 0.37429726123809814 -0.621034562587738 -0.24055011570453644 0.4868720769882202 0.5418974161148071 0.6414347290992737
23.133333206176758 1.1099839210510254 0.3707275390625 -0.622951328754425 -0.23821985721588135 0.48663878440856934 0.5417068004608154 0.6426412463188171
23.16666603088379 1.108300805091858 0.36705151200294495 -0.6240136027336121 -0.23718643188476562 0.4870873987674713 0.5410664081573486 0.6432228088378906
23.200000762939453 1.1061261892318726 0.36350926756858826 -0.6252046227455139 -0.23558330535888672 0.4881799519062042 0.5402519702911377 0.6436681151390076
23.233333587646484 1.1043498516082764 0.36027732491493225 -0.6270385980606079 -0.23369534313678741 0.4890916049480438 0.5395419597625732 0.6442595720291138
23.266666412353516 1.1030833721160889 0.35724902153015137 -0.6284704804420471 -0.23264190554618835 0.49047619104385376 0.5387485027313232 0.6442522406578064
23.299999237060547 1.1020841598510742 0.3542455732822418 -0.6304546594619751 -0.23158878087997437 0.4919740557670593 0.5374930500984192 0.6445381045341492
23.33333396911621 1.1004174947738647 0.351544052362442 -0.6321148872375488 -0.2301822453737259 0.4942834973335266 0.5352739095687866 0.6451215147972107
23.366666793823242 1.099244475364685 0.3494778573513031 -0.6330573558807373 -0.22943201661109924 0.49618664383888245 0.5337022542953491 0.6452299952507019
23.399999618530273 1.0987095832824707 0.34738627076148987 -0.6346475481987 -0.22893686592578888 0.497697651386261 0.5328987836837769 0.6449061036109924
23.433332443237305 1.0985915660858154 0.3463471531867981 -0.6357057094573975 -0.22869737446308136 0.4985978603363037 0.5325883030891418 0.6445521712303162
23.46666717529297 1.0982133150100708 0.3455304205417633 -0.6358806490898132 -0.22850804030895233 0.4987744390964508 0.5328967571258545 0.6442276239395142
23.5 1.0970559120178223 0.3443565368652344 -0.6361411213874817 -0.2278207540512085 0.5001288056373596 0.5320430994033813 0.6441266536712646
23.53333282470703 1.096325397491455 0.3437078595161438 -0.6376585960388184 -0.22743937373161316 0.5014355182647705 0.5310190320014954 0.644090473651886
23.566667556762695 1.094882607460022 0.3420681655406952 -0.6375607848167419 -0.22731716930866241 0.5034496188163757 0.5294902920722961 0.6438209414482117
23.600000381469727 1.0934456586837769 0.3394728899002075 -0.6373417973518372 -0.22600482404232025 0.5056831240653992 0.5277132987976074 0.6439915895462036
23.633333206176758 1.0907827615737915 0.3376578688621521 -0.6383168697357178 -0.22274655103683472 0.5080111026763916 0.5257255434989929 0.6449196934700012
23.66666603088379 1.0891133546829224 0.33591821789741516 -0.638235867023468 -0.22122210264205933 0.5102130770683289 0.5242507457733154 0.6449066996574402
23.700000762939453 1.088536024093628 0.3356870114803314 -0.6400001049041748 -0.22009125351905823 0.5104916095733643 0.524085283279419 0.6452075242996216
23.733333587646484 1.0881744623184204 0.3354298770427704 -0.6411961913108826 -0.21965113282203674 0.5111002326011658 0.5235388875007629 0.6453193426132202
23.766666412353516 1.088301658630371 0.3365023136138916 -0.6436097621917725 -0.21883128583431244 0.5111988186836243 0.5233675241470337 0.6456587314605713
23.799999237060547 1.0887978076934814 0.3377963900566101 -0.6448754072189331 -0.21850696206092834 0.5112601518630981 0.5233490467071533 0.645734965801239
23.83333396911621 1.088916540145874 0.33894994854927063 -0.645520031452179 -0.21762630343437195 0.5112556219100952 0.5231091380119324 0.6462300419807434
23.866666793823242 1.0896141529083252 0.33973991870880127 -0.6460627317428589 -0.21730127930641174 0.5115472674369812 0.522650420665741 0.6464797854423523
23.899999618530273 1.0895776748657227 0.34120240807533264 -0.6471588611602783 -0.21643605828285217 0.5116333365440369 0.5220736861228943 0.6471675038337708
23.933332443237305 1.0901507139205933 0.3420598804950714 -0.6483402252197266 -0.21582865715026855 0.5114759206771851 0.521813690662384 0.6477043628692627
23.96666717529297 1.093042016029358 0.340851753950119 -0.6488734483718872 -0.21684212982654572 0.5112929940223694 0.5224151611328125 0.6470251083374023
24.0 1.091178059577942 0.3402353525161743 -0.6505529284477234 -0.21395693719387054 0.511845052242279 0.5215176939964294 0.648271918296814
24.03333282470703 1.0875849723815918 0.3379783034324646 -0.6526936292648315 -0.20747850835323334 0.5131901502609253 0.5182420015335083 0.6519309282302856
24.066667556762695 1.088065266609192 0.3311555087566376 -0.6550479531288147 -0.20509617030620575 0.5144164562225342 0.5165724754333496 0.6530422568321228
24.100000381469727 1.080684781074524 0.32602494955062866 -0.658393144607544 -0.1964082270860672 0.5175776481628418 0.5113597512245178 0.6573038697242737
24.133333206176758 1.0787262916564941 0.31376802921295166 -0.6618612408638 -0.19072911143302917 0.5200721621513367 0.5075033903121948 0.659990668296814
24.16666603088379 1.0716770887374878 0.30329737067222595 -0.6667055487632751 -0.18195275962352753 0.5232214331626892 0.5020438432693481 0.6641418933868408
24.200000762939453 1.064820647239685 0.291247695684433 -0.6723194718360901 -0.17456792294979095 0.5267461538314819 0.496146559715271 0.667759895324707
24.233333587646484 1.0615640878677368 0.27725258469581604 -0.6807118058204651 -0.16944672167301178 0.5283339619636536 0.49219605326652527 0.6707415580749512
24.266666412353516 1.0582846403121948 0.2598753273487091 -0.6900449991226196 -0.16541802883148193 0.5314233303070068 0.4875657558441162 0.6726855039596558
24.299999237060547 1.0585174560546875 0.2401217371225357 -0.6996682286262512 -0.16296835243701935 0.5350269079208374 0.48364004492759705 0.6732606291770935
24.33333396911621 1.0564218759536743 0.2183617651462555 -0.7127214074134827 -0.1580529510974884 0.5379579663276672 0.4789455235004425 0.6754493117332458
24.366666793823242 1.0490351915359497 0.2028941959142685 -0.7271984815597534 -0.14679767191410065 0.5420877933502197 0.4730069935321808 0.678863525390625
24.399999618530273 1.0498592853546143 0.17652909457683563 -0.7383633255958557 -0.1441044956445694 0.5477926731109619 0.46626904606819153 0.6795220971107483
24.433332443237305 1.0448908805847168 0.15363097190856934 -0.7546383738517761 -0.13652701675891876 0.553791344165802 0.45938169956207275 0.6809141635894775
24.46666717529297 1.044930338859558 0.12909485399723053 -0.7693153023719788 -0.13226521015167236 0.558117151260376 0.4534442722797394 0.6822019815444946
24.5 1.041914463043213 0.10530130565166473 -0.7852886319160461 -0.12553520500659943 0.5611620545387268 0.44788748025894165 0.6846422553062439
24.53333282470703 1.0329984426498413 0.0876886323094368 -0.7963795065879822 -0.11671283096075058 0.5661916732788086 0.44003382325172424 0.6871501803398132
24.566667556762695 1.0317150354385376 0.06627574563026428 -0.8123458027839661 -0.11138767004013062 0.5688710808753967 0.4363774359226227 0.6881520748138428
24.600000381469727 1.0186504125595093 0.05127023160457611 -0.8279596567153931 -0.10073018819093704 0.5753350853919983 0.4287944734096527 0.6891867518424988
24.633333206176758 1.0099903345108032 0.03736939653754234 -0.8419588804244995 -0.09169494360685349 0.5806111097335815 0.42141586542129517 0.6905732750892639
24.66666603088379 1.0085229873657227 0.019674120470881462 -0.8512163162231445 -0.0894382894039154 0.5866571068763733 0.4149990975856781 0.6896448731422424
24.700000762939453 1.0081230401992798 0.003873347071930766 -0.8611895442008972 -0.08895210176706314 0.5939159989356995 0.40842652320861816 0.6874148845672607
24.733333587646484 0.9938117861747742 0.0009105196804739535 -0.8748043179512024 -0.08069000393152237 0.6034479737281799 0.400669664144516 0.6846923828125
24.766666412353516 0.9978691935539246 -0.009409012272953987 -0.8843994140625 -0.07993406057357788 0.6074040532112122 0.39961865544319153 0.6818913817405701
24.799999237060547 1.0045592784881592 -0.020681878551840782 -0.8973343968391418 -0.07626675069332123 0.6059805750846863 0.3991360366344452 0.683857798576355
24.83333396911621 1.0118472576141357 -0.028064407408237457 -0.9057758450508118 -0.07386588305234909 0.607772707939148 0.39699840545654297 0.6837752461433411
24.866666793823242 1.0205178260803223 -0.03375379368662834 -0.9155787825584412 -0.07385268062353134 0.6112880706787109 0.3955710232257843 0.6814662218093872
24.899999618530273 1.028004765510559 -0.038086432963609695 -0.9237520694732666 -0.07372765988111496 0.6153848171234131 0.3930720090866089 0.6792349815368652
24.933332443237305 1.037395715713501 -0.042898233979940414 -0.934627890586853 -0.07194625586271286 0.6169403791427612 0.3910878896713257 0.6791602373123169
24.96666717529297 1.0501559972763062 -0.048634447157382965 -0.9473921656608582 -0.07046017050743103 0.6179158091545105 0.39019396901130676 0.6789434552192688
25.0 1.0613532066345215 -0.053627680987119675 -0.9584211707115173 -0.06924889236688614 0.6213783025741577 0.38812100887298584 0.6770936250686646
25.03333282470703 1.0751700401306152 -0.05741007253527641 -0.9700213670730591 -0.06846529245376587 0.6246706247329712 0.38702261447906494 0.6747686266899109
25.066667556762695 1.086417555809021 -0.0589035265147686 -0.9789367318153381 -0.06735564023256302 0.6271963715553284 0.38589712977409363 0.6731799840927124
25.100000381469727 1.1013284921646118 -0.06263601034879684 -0.9897046685218811 -0.06658945977687836 0.6274961829185486 0.3866548538208008 0.6725417971611023
25.133333206176758 1.1149042844772339 -0.06235199794173241 -1.0009137392044067 -0.06387124955654144 0.6279968619346619 0.3875024914741516 0.6718499064445496
25.16666603088379 1.1275537014007568 -0.06113695725798607 -1.0101611614227295 -0.061080094426870346 0.6287817358970642 0.3887953460216522 0.670627236366272
25.200000762939453 1.1411268711090088 -0.05869437754154205 -1.018278956413269 -0.05934876576066017 0.629101574420929 0.39057400822639465 0.6694482564926147
25.233333587646484 1.1538467407226562 -0.05520801246166229 -1.0257419347763062 -0.059364378452301025 0.6299906969070435 0.392850399017334 0.6672751903533936
25.266666412353516 1.1693902015686035 -0.05108287185430527 -1.0361909866333008 -0.06010099872946739 0.6300016641616821 0.39572763442993164 0.6654964089393616
25.299999237060547 1.1828324794769287 -0.04468310624361038 -1.0427483320236206 -0.06042121350765228 0.6296350359916687 0.3983057737350464 0.6642752885818481
25.33333396911621 1.1971137523651123 -0.03894209489226341 -1.0493192672729492 -0.06178250163793564 0.6298880577087402 0.4009532928466797 0.6623144745826721
25.366666793823242 1.2121118307113647 -0.032038360834121704 -1.0565358400344849 -0.06425155699253082 0.6299247741699219 0.4045666754245758 0.6598427295684814
25.399999618530273 1.224867820739746 -0.021867072209715843 -1.060733437538147 -0.0644957423210144 0.6300240159034729 0.40881553292274475 0.657099723815918
25.433332443237305 1.2388920783996582 -0.011345417238771915 -1.065617322921753 -0.06376177817583084 0.6284790635108948 0.41348975896835327 0.6557244658470154
25.46666717529297 1.253273844718933 0.0006898431456647813 -1.071993112564087 -0.06314373016357422 0.6251934170722961 0.42103156447410583 0.6541242003440857
25.5 1.2702726125717163 0.008296906016767025 -1.0767271518707275 -0.0651089996099472 0.6213505268096924 0.4278723895549774 0.6531535983085632
25.53333282470703 1.2826131582260132 0.021538525819778442 -1.0798249244689941 -0.06454744189977646 0.619281530380249 0.4333260953426361 0.6515770554542542
25.566667556762695 1.2970118522644043 0.03458151966333389 -1.0830544233322144 -0.06440898776054382 0.6172505617141724 0.43958213925361633 0.6493234038352966
25.600000381469727 1.310167670249939 0.04477144405245781 -1.0848000049591064 -0.06599711626768112 0.6146308779716492 0.44386911392211914 0.6487321853637695
25.633333206176758 1.3225940465927124 0.056315209716558456 -1.0859497785568237 -0.0682062953710556 0.6135603785514832 0.4469393789768219 0.6474077105522156
25.66666603088379 1.3293989896774292 0.06884464621543884 -1.0824905633926392 -0.07052406668663025 0.6140417456626892 0.4483262300491333 0.6457421183586121
25.700000762939453 1.3449138402938843 0.08455922454595566 -1.0844999551773071 -0.07316964864730835 0.6129117608070374 0.4521699547767639 0.6438383460044861
25.733333587646484 1.3557124137878418 0.09784184396266937 -1.0827053785324097 -0.07655531167984009 0.6112489104270935 0.4554387629032135 0.6427205204963684
25.766666412353516 1.3646873235702515 0.11488961428403854 -1.0791925191879272 -0.07917390018701553 0.6095097661018372 0.45941057801246643 0.6412264108657837
25.799999237060547 1.3753310441970825 0.13057321310043335 -1.0729202032089233 -0.0852435827255249 0.6071026921272278 0.46276071667671204 0.6403221487998962
25.83333396911621 1.384121298789978 0.14764049649238586 -1.0674806833267212 -0.09150034934282303 0.6048316359519958 0.46516743302345276 0.639863908290863
25.866666793823242 1.3898108005523682 0.1648755669593811 -1.0594537258148193 -0.09582941234111786 0.6031870245933533 0.4688023626804352 0.6381274461746216
25.899999618530273 1.3994137048721313 0.18130454421043396 -1.052400827407837 -0.09966084361076355 0.6004582643508911 0.4720452129840851 0.6377233266830444
25.933332443237305 1.4012770652770996 0.19688566029071808 -1.0394620895385742 -0.10226378589868546 0.5999502539634705 0.4741963744163513 0.6361914873123169
25.96666717529297 1.4064041376113892 0.2148294895887375 -1.030479907989502 -0.11208053678274155 0.5993127226829529 0.4762037396430969 0.6336342096328735
26.0 1.411999225616455 0.23157286643981934 -1.0216652154922485 -0.11240721493959427 0.5960969924926758 0.48092374205589294 0.6330445408821106
26.03333282470703 1.417223572731018 0.24741686880588531 -1.0131375789642334 -0.11711764335632324 0.5934446454048157 0.48566803336143494 0.6310574412345886
26.066667556762695 1.4202598333358765 0.26408544182777405 -1.00527024269104 -0.12041414529085159 0.5917018055915833 0.4894401431083679 0.6291564106941223
26.100000381469727 1.4232075214385986 0.2783977687358856 -0.9980246424674988 -0.1236816868185997 0.5909383296966553 0.49298593401908875 0.6264660358428955
26.133333206176758 1.422717809677124 0.29332679510116577 -0.9907785058021545 -0.12522545456886292 0.592012345790863 0.49498140811920166 0.6235650181770325
26.16666603088379 1.4232090711593628 0.3069368600845337 -0.986522912979126 -0.12652289867401123 0.5913784503936768 0.4983653128147125 0.6212049126625061
26.200000762939453 1.4243701696395874 0.3185032308101654 -0.9817742109298706 -0.12768693268299103 0.5895177125930786 0.502509355545044 0.6193943619728088
26.233333587646484 1.4252252578735352 0.3304693102836609 -0.9762004017829895 -0.12887538969516754 0.5878883600234985 0.5050729513168335 0.6186111569404602
26.266666412353516 1.4289124011993408 0.3373308479785919 -0.9787901639938354 -0.1288643479347229 0.5820862650871277 0.5122085213661194 0.6182330250740051
26.299999237060547 1.4272181987762451 0.34828656911849976 -0.9772825241088867 -0.1272004246711731 0.5800405740737915 0.5142165422439575 0.6188330054283142
26.33333396911621 1.41664457321167 0.36535048484802246 -0.9679946303367615 -0.12445864081382751 0.582819938659668 0.5113433003425598 0.6191598773002625
26.366666793823242 1.410987138748169 0.3740207850933075 -0.9751955270767212 -0.11797503381967545 0.5839352011680603 0.5116687417030334 0.619109570980072
26.399999618530273 1.411771297454834 0.3802323639392853 -0.9690597057342529 -0.11911129206418991 0.585258424282074 0.5113952159881592 0.6178672909736633
26.433332443237305 1.4098598957061768 0.38776057958602905 -0.9668185114860535 -0.1208055391907692 0.58583664894104 0.511394202709198 0.6169906854629517
26.46666717529297 1.4092127084732056 0.39298129081726074 -0.963188648223877 -0.12135476619005203 0.5860753059387207 0.5118656754493713 0.6162647604942322
26.5 1.4099558591842651 0.3954319655895233 -0.9616689682006836 -0.12221043556928635 0.5854495167732239 0.512652575969696 0.6160364151000977
26.53333282470703 1.4074172973632812 0.3984886109828949 -0.9578123092651367 -0.12247852981090546 0.5871334671974182 0.5114383101463318 0.6153895258903503
26.566667556762695 1.4064445495605469 0.3992951810359955 -0.9551303386688232 -0.12449665367603302 0.5887869596481323 0.5106084942817688 0.6140924692153931
26.600000381469727 1.4054691791534424 0.39821499586105347 -0.953838050365448 -0.12688781321048737 0.5908803343772888 0.5097922682762146 0.612267792224884
26.633333206176758 1.4015394449234009 0.39734363555908203 -0.9546627402305603 -0.1276734620332718 0.5932678580284119 0.5080847144126892 0.6112141013145447
26.66666603088379 1.402884840965271 0.3910036087036133 -0.9581499099731445 -0.13090106844902039 0.594710111618042 0.5102919340133667 0.6072783470153809
26.700000762939453 1.4002379179000854 0.3856858015060425 -0.9650038480758667 -0.13182353973388672 0.5961009860038757 0.5125727653503418 0.6037842631340027
26.733333587646484 1.3994691371917725 0.3802799582481384 -0.9736734628677368 -0.13314686715602875 0.5981619358062744 0.5141381621360779 0.600113570690155
26.766666412353516 1.4086902141571045 0.3652682900428772 -0.9805885553359985 -0.13720516860485077 0.6007912158966064 0.5191959738731384 0.5921657681465149
26.799999237060547 1.401183843612671 0.3616434335708618 -0.9939146041870117 -0.13865095376968384 0.6016498804092407 0.524106502532959 0.5866052508354187
26.83333396911621 1.4068313837051392 0.3513343334197998 -0.9972482919692993 -0.14345616102218628 0.6043006777763367 0.5296562910079956 0.5776724219322205
26.866666793823242 1.409018874168396 0.34352290630340576 -1.000280499458313 -0.14910969138145447 0.6075960993766785 0.5345316529273987 0.5682158470153809
26.899999618530273 1.4213443994522095 0.3321859836578369 -1.0062191486358643 -0.15617969632148743 0.609403133392334 0.5405030846595764 0.5586521625518799
26.933332443237305 1.4199612140655518 0.324897438287735 -1.0086208581924438 -0.16322703659534454 0.6115079522132874 0.5447214841842651 0.5501759052276611
26.96666717529297 1.3247331380844116 0.34961584210395813 -1.0291804075241089 -0.12104963511228561 0.6300122141838074 0.5294391512870789 0.5550908446311951
27.0 1.3162848949432373 0.349086195230484 -1.0343762636184692 -0.12519359588623047 0.6346895694732666 0.5315055251121521 0.5468067526817322
27.03333282470703 1.3095587491989136 0.3499312102794647 -1.0389071702957153 -0.11175814270973206 0.6351136565208435 0.5336625576019287 0.5471243262290955
27.066667556762695 1.2917919158935547 0.35590067505836487 -1.0471200942993164 -0.11569272726774216 0.6373266577720642 0.5384038090705872 0.5390280485153198
27.100000381469727 1.2801390886306763 0.360047310590744 -1.0526612997055054 -0.11597593128681183 0.6389245390892029 0.5438436269760132 0.5315629839897156
27.133333206176758 1.265216588973999 0.36382925510406494 -1.0608291625976562 -0.114946149289608 0.6400267481803894 0.5468918681144714 0.5273162126541138
27.16666603088379 1.2536697387695312 0.36474648118019104 -1.0682480335235596 -0.11435059458017349 0.6417384147644043 0.5497853755950928 0.5223331451416016
27.200000762939453 1.2418863773345947 0.36812692880630493 -1.0715341567993164 -0.11614201217889786 0.6444004774093628 0.5512723922729492 0.5170665383338928
27.233333587646484 1.2330108880996704 0.36901119351387024 -1.0770857334136963 -0.11670452356338501 0.6455774307250977 0.5543037056922913 0.5122082233428955
27.266666412353516 1.2212133407592773 0.3712354004383087 -1.0832903385162354 -0.11943041533231735 0.6473260521888733 0.5551918745040894 0.5083969235420227
27.299999237060547 1.2163145542144775 0.37494808435440063 -1.08420729637146 -0.12444532662630081 0.6504340171813965 0.5568419694900513 0.5013742446899414
27.33333396911621 1.2058732509613037 0.38713061809539795 -1.0958197116851807 -0.1353599578142166 0.6491119265556335 0.5538803935050964 0.5035355091094971
27.366666793823242 1.1964983940124512 0.39150407910346985 -1.1028218269348145 -0.13629189133644104 0.6478487253189087 0.5587019324302673 0.4995685815811157
27.399999618530273 1.182185173034668 0.40175357460975647 -1.111144781112671 -0.13577742874622345 0.6495532393455505 0.5574881434440613 0.49885085225105286
27.433332443237305 1.1760897636413574 0.3969263732433319 -1.1125012636184692 -0.13841533660888672 0.6524202227592468 0.5597842335700989 0.4917628765106201
27.46666717529297 1.1678720712661743 0.40054619312286377 -1.11879301071167 -0.13518379628658295 0.6526481509208679 0.5634757280349731 0.4881298840045929
27.5 1.1605902910232544 0.40907612442970276 -1.1276295185089111 -0.13825760781764984 0.6516281366348267 0.5643739700317383 0.4875938296318054
27.53333282470703 1.1434074640274048 0.41780582070350647 -1.133566975593567 -0.13391637802124023 0.6519069075584412 0.5632926821708679 0.48967868089675903
27.566667556762695 1.1367475986480713 0.4246440529823303 -1.1363111734390259 -0.13623583316802979 0.6516647934913635 0.563836932182312 0.48873376846313477
27.600000381469727 1.1337109804153442 0.4309026002883911 -1.1383506059646606 -0.1324843317270279 0.6502898931503296 0.5647296905517578 0.490562379360199
27.633333206176758 1.1305233240127563 0.43937617540359497 -1.140244722366333 -0.14022161066532135 0.6498971581459045 0.567001223564148 0.48629331588745117
27.66666603088379 1.1272233724594116 0.4466387927532196 -1.140663743019104 -0.14494167268276215 0.6497110724449158 0.5662593841552734 0.4860224425792694
27.700000762939453 1.125196099281311 0.4537300169467926 -1.141800045967102 -0.14896532893180847 0.6488471627235413 0.5659317374229431 0.4863414466381073
27.733333587646484 1.1197417974472046 0.461860716342926 -1.1422700881958008 -0.14891795814037323 0.6480283737182617 0.565677285194397 0.48774173855781555
27.766666412353516 1.1146739721298218 0.4666254222393036 -1.1425769329071045 -0.1485268920660019 0.6477978229522705 0.5653956532478333 0.4884931445121765
27.799999237060547 1.1101151704788208 0.47022998332977295 -1.1406829357147217 -0.1498626321554184 0.6489583253860474 0.5636147260665894 0.488602876663208
27.83333396911621 1.1046634912490845 0.4736781418323517 -1.1398465633392334 -0.15005318820476532 0.6498693823814392 0.5633531212806702 0.48763418197631836
27.866666793823242 1.1068791151046753 0.47068583965301514 -1.1414357423782349 -0.1557159125804901 0.6484459638595581 0.5644744038581848 0.4864555597305298
27.899999618530273 1.1080821752548218 0.4666529893875122 -1.1437690258026123 -0.16049228608608246 0.6454906463623047 0.5669773817062378 0.48592251539230347
27.933332443237305 1.0871996879577637 0.4750809669494629 -1.138304352760315 -0.15444280207157135 0.6473197340965271 0.5644766688346863 0.4883551597595215
27.96666717529297 1.0773606300354004 0.4769117534160614 -1.13893461227417 -0.14919951558113098 0.6475855708122253 0.5645725727081299 0.48952043056488037
28.0 1.0624996423721313 0.48120418190956116 -1.1356161832809448 -0.14328821003437042 0.6482338905334473 0.5646772980690002 0.4903069734573364
28.03333282470703 1.0606104135513306 0.46857497096061707 -1.1235520839691162 -0.1510406881570816 0.6506413221359253 0.5691282153129578 0.47952646017074585
28.066667556762695 1.0585163831710815 0.4694058895111084 -1.123228669166565 -0.15337851643562317 0.6462926268577576 0.5717905759811401 0.48149392008781433
28.100000381469727 1.0538448095321655 0.46995335817337036 -1.1219922304153442 -0.15627449750900269 0.6440755724906921 0.5731804966926575 0.4818807542324066
28.133333206176758 1.0508008003234863 0.4690972566604614 -1.1210477352142334 -0.157006174325943 0.6406704783439636 0.5740721225738525 0.4851100742816925
28.16666603088379 1.0492140054702759 0.46216797828674316 -1.114878535270691 -0.16520264744758606 0.6400985717773438 0.5742578506469727 0.48291823267936707
28.200000762939453 1.0423319339752197 0.45969724655151367 -1.1105574369430542 -0.17223741114139557 0.6406800746917725 0.5730566382408142 0.48111289739608765
28.233333587646484 1.0348612070083618 0.4608391523361206 -1.1100410223007202 -0.17320837080478668 0.6384474635124207 0.5731428265571594 0.48362281918525696
28.266666412353516 1.0323988199234009 0.4609418213367462 -1.1109812259674072 -0.17378023266792297 0.6347808241844177 0.5749343037605286 0.4861114025115967
28.299999237060547 1.0291283130645752 0.46077048778533936 -1.110201120376587 -0.17675870656967163 0.6321554780006409 0.575722336769104 0.48752397298812866
28.33333396911621 1.025822401046753 0.45940253138542175 -1.1079362630844116 -0.18035873770713806 0.6312944293022156 0.5746191740036011 0.48862144351005554
28.366666793823242 1.0201566219329834 0.4593714773654938 -1.1047412157058716 -0.18241138756275177 0.6311161518096924 0.572956919670105 0.49003973603248596
28.399999618530273 1.0124937295913696 0.4599500894546509 -1.1015920639038086 -0.18052715063095093 0.6312708854675293 0.5722833871841431 0.49132344126701355
28.433332443237305 1.0110805034637451 0.4551449716091156 -1.1003167629241943 -0.1817900687456131 0.6296741962432861 0.5723626017570496 0.49281230568885803
28.46666717529297 1.0052257776260376 0.4500621557235718 -1.0978927612304688 -0.17971445620059967 0.6308294534683228 0.5687952041625977 0.4962145984172821
28.5 0.9995265603065491 0.4430582523345947 -1.0979886054992676 -0.17746175825595856 0.6319907307624817 0.5631110072135925 0.5019970536231995
28.53333282470703 0.9919984340667725 0.4336705803871155 -1.0987048149108887 -0.17321619391441345 0.6352996230125427 0.5555847883224487 0.5076574683189392
28.566667556762695 0.9836442470550537 0.4206109344959259 -1.1014612913131714 -0.16592982411384583 0.6380189061164856 0.5467196106910706 0.5162333250045776
28.600000381469727 0.9742220044136047 0.4046643376350403 -1.105316162109375 -0.15523935854434967 0.6408856511116028 0.5372523069381714 0.5258578062057495
28.633333206176758 0.9654407501220703 0.3875565826892853 -1.1099562644958496 -0.14418289065361023 0.6430051922798157 0.5280076265335083 0.5356897711753845
28.66666603088379 0.9613801836967468 0.3591941297054291 -1.1030614376068115 -0.14054718613624573 0.6478039622306824 0.5175244212150574 0.541077733039856
28.700000762939453 0.9542099833488464 0.34442922472953796 -1.1079740524291992 -0.13324321806430817 0.6459264159202576 0.5089651346206665 0.5531545281410217
28.733333587646484 0.948090672492981 0.3247489631175995 -1.1082810163497925 -0.12842492759227753 0.6451012492179871 0.500656247138977 0.562756359577179
28.766666412353516 0.9371640086174011 0.28731080889701843 -1.0960724353790283 -0.1287681609392166 0.6512689590454102 0.48633280396461487 0.5681090950965881
28.799999237060547 0.9268347024917603 0.26752880215644836 -1.09779953956604 -0.12270933389663696 0.6514931917190552 0.4755319654941559 0.5782461166381836
28.83333396911621 0.8901572823524475 0.2585088908672333 -1.0680651664733887 -0.10237181186676025 0.6648455262184143 0.4582940340042114 0.5809192061424255
28.866666793823242 0.8781365156173706 0.23679374158382416 -1.0645697116851807 -0.10439671576023102 0.6627849340438843 0.4551296830177307 0.5853840112686157
28.899999618530273 0.8675833344459534 0.21479859948158264 -1.0590037107467651 -0.09117905795574188 0.6623067259788513 0.44733133912086487 0.5940799117088318
28.933332443237305 0.8569231629371643 0.1950075626373291 -1.0522726774215698 -0.0813915953040123 0.660395622253418 0.4413914978504181 0.6020187735557556
28.96666717529297 0.8427721858024597 0.17228789627552032 -1.0471315383911133 -0.07596545666456223 0.6592743992805481 0.4340052604675293 0.6092832684516907
29.0 0.8328724503517151 0.1530790477991104 -1.0385949611663818 -0.073518306016922 0.6593419313430786 0.4266793131828308 0.614660918712616
29.03333282470703 0.8165774941444397 0.1363639533519745 -1.0312509536743164 -0.06842899322509766 0.658089816570282 0.4191959798336029 0.6216993927955627
29.066667556762695 0.8007826805114746 0.11691602319478989 -1.0193116664886475 -0.06490432471036911 0.6560144424438477 0.41170406341552734 0.6292315125465393
29.100000381469727 0.7906163930892944 0.10818955302238464 -1.001104712486267 -0.062244974076747894 0.6561703681945801 0.4018944501876831 0.6356468796730042
29.133333206176758 0.7770355343818665 0.09528830647468567 -0.9889978766441345 -0.059163663536310196 0.6551611423492432 0.3936220407485962 0.6421255469322205
29.16666603088379 0.7646967768669128 0.08714284002780914 -0.9741859436035156 -0.0534411184489727 0.6531845927238464 0.3860270082950592 0.6492127180099487
29.200000762939453 0.7478008270263672 0.06878115236759186 -0.9623723030090332 -0.04797965660691261 0.6488160490989685 0.3797347843647003 0.6576756834983826
29.233333587646484 0.7227582335472107 0.046460434794425964 -0.9398255348205566 -0.04009370133280754 0.6468842625617981 0.37414467334747314 0.6632865071296692
29.266666412353516 0.7071554064750671 0.03109407238662243 -0.926201581954956 -0.10760122537612915 0.6256219148635864 0.3907853066921234 0.6665629148483276
29.299999237060547 0.6917724013328552 0.017238136380910873 -0.9115750193595886 -0.07211650162935257 0.6271214485168457 0.37745410203933716 0.6775295734405518
29.33333396911621 0.6762599349021912 0.004919992294162512 -0.900183916091919 -0.05130468308925629 0.625792920589447 0.3665336072444916 0.6865887641906738
29.366666793823242 0.6576189398765564 -0.01008165255188942 -0.8825498223304749 -0.03915520757436752 0.6245419979095459 0.35695749521255493 0.69353848695755
29.399999618530273 0.6389549970626831 -0.024033362045884132 -0.8695825338363647 -0.03096071630716324 0.6217658519744873 0.3487260639667511 0.7005988359451294
29.433332443237305 0.6228840947151184 -0.03300175815820694 -0.8560178875923157 -0.024613099172711372 0.6174499988555908 0.34188199043273926 0.7080017328262329
29.46666717529297 0.6052821278572083 -0.04482647776603699 -0.8388296365737915 -0.022204527631402016 0.6109216809272766 0.3380504846572876 0.7155442237854004
29.5 0.5909165143966675 -0.05125900357961655 -0.8308374285697937 -0.019181130453944206 0.6032752990722656 0.33531737327575684 0.7233625650405884
29.53333282470703 0.5727530121803284 -0.061909470707178116 -0.814490556716919 -0.016658060252666473 0.5981354117393494 0.3321629464626312 0.7291257977485657
29.566667556762695 0.5581704378128052 -0.06723272055387497 -0.8024020195007324 -0.01437083724886179 0.591840386390686 0.3279450833797455 0.7361865043640137
29.600000381469727 0.5391829609870911 -0.07661814987659454 -0.7892203330993652 -0.013665720820426941 0.5862143039703369 0.32158011198043823 0.7434731125831604
29.633333206176758 0.5200632214546204 -0.08596082031726837 -0.7761499285697937 -0.012882712297141552 0.5819153785705566 0.31517669558525085 0.7495813965797424
29.66666603088379 0.5005987286567688 -0.09512212872505188 -0.7596892714500427 -0.011849571019411087 0.5756945013999939 0.3104647397994995 0.7563380002975464
29.700000762939453 0.48629266023635864 -0.10331198573112488 -0.7419719099998474 -0.010163182392716408 0.569190263748169 0.3067963123321533 0.7627550363540649
29.733333587646484 0.4691396951675415 -0.1087409034371376 -0.7312189340591431 -0.006972184870392084 0.5617364048957825 0.30300161242485046 0.7698009610176086
29.766666412353516 0.45036864280700684 -0.11340518295764923 -0.7155474424362183 -0.005932540167123079 0.5562667846679688 0.2979660928249359 0.7757244110107422
29.799999237060547 0.4349757432937622 -0.11479821801185608 -0.7088459134101868 -0.0050577749498188496 0.5507813692092896 0.29579854011535645 0.7804598212242126
29.83333396911621 0.4201809763908386 -0.11538078635931015 -0.7008141875267029 -0.0035133676137775183 0.5445970892906189 0.2942165732383728 0.7853905558586121
29.866666793823242 0.40558189153671265 -0.11886364221572876 -0.6864307522773743 -0.0025159940123558044 0.5403955578804016 0.29075169563293457 0.7895757555961609
29.899999618530273 0.3922540843486786 -0.11852021515369415 -0.6753485202789307 -0.0022869461681693792 0.5367031693458557 0.28592273592948914 0.793846845626831
29.933332443237305 0.37501850724220276 -0.12271092087030411 -0.660757839679718 -0.003958195447921753 0.5319978594779968 0.2805938422679901 0.7988928556442261
29.96666717529297 0.36172837018966675 -0.11996172368526459 -0.6524843573570251 -0.0024802631232887506 0.5248165130615234 0.2749389708042145 0.8055868744850159
30.0 0.34249821305274963 -0.12156020104885101 -0.6379515528678894 -0.003910031635314226 0.519599199295044 0.2682526707649231 0.8111978769302368
30.03333282470703 0.32999852299690247 -0.12336508184671402 -0.6183484196662903 -0.005239519290626049 0.5156591534614563 0.26278218626976013 0.815483808517456
30.066667556762695 0.3171083331108093 -0.12283487617969513 -0.6092701554298401 -0.004205835051834583 0.5068342089653015 0.2583208680152893 0.8224182724952698
30.100000381469727 0.3022378385066986 -0.11983437836170197 -0.6045212745666504 -0.0019327575573697686 0.49474239349365234 0.25698620080947876 0.8301712870597839
30.133333206176758 0.28551608324050903 -0.11723745614290237 -0.585974931716919 -0.00198781443759799 0.4843580722808838 0.2553040683269501 0.8367874622344971
30.16666603088379 0.2634727656841278 -0.1106201633810997 -0.5618016123771667 0.0022051730193197727 0.4781045913696289 0.2535792291164398 0.8408976197242737
30.200000762939453 0.24930551648139954 -0.10654492676258087 -0.5459816455841064 0.0011874540941789746 0.4720197021961212 0.25056010484695435 0.8452310562133789
30.233333587646484 0.23515662550926208 -0.09989207237958908 -0.5265091061592102 0.00043742716661654413 0.46597859263420105 0.24785226583480835 0.8493720889091492
30.266666412353516 0.22156135737895966 -0.09419738501310349 -0.5104342103004456 0.00043589522829279304 0.4574609398841858 0.2458045780658722 0.8545814156532288
30.299999237060547 0.21124157309532166 -0.09334117919206619 -0.49995478987693787 -0.0038109407760202885 0.4500894248485565 0.24152302742004395 0.8596928119659424
30.33333396911621 0.19947558641433716 -0.0887155830860138 -0.4839882552623749 -0.006899520289152861 0.4472087025642395 0.23595233261585236 0.8627185821533203
30.366666793823242 0.18204538524150848 -0.08457925915718079 -0.46636390686035156 -0.010173944756388664 0.4450148046016693 0.23032954335212708 0.8653361797332764
30.399999618530273 0.16793353855609894 -0.07845188677310944 -0.45107606053352356 -0.010897836647927761 0.43973472714424133 0.22691957652568817 0.8689200282096863
30.433332443237305 0.15694575011730194 -0.07877522706985474 -0.4368411600589752 -0.013130022212862968 0.43240323662757874 0.22487394511699677 0.8730903267860413
30.46666717529297 0.14422345161437988 -0.07289000600576401 -0.4220108985900879 -0.010188747197389603 0.42379117012023926 0.2239762395620346 0.8775715231895447
30.5 0.1320296972990036 -0.07141229510307312 -0.41173502802848816 -0.007661808282136917 0.4138259291648865 0.223445326089859 0.8824746608734131
30.53333282470703 0.11872562766075134 -0.06895575672388077 -0.3991756737232208 -0.004211073741316795 0.40377259254455566 0.2227112054824829 0.8873273134231567
30.566667556762695 0.1069231927394867 -0.06488454341888428 -0.3898443877696991 -0.0012035652762278914 0.3926067352294922 0.22069305181503296 0.8928343057632446
30.600000381469727 0.09625259786844254 -0.060884781181812286 -0.3817318379878998 0.0004488205595407635 0.3841645121574402 0.21728447079658508 0.8973321318626404
30.633333206176758 0.08516152948141098 -0.05457079038023949 -0.3724990487098694 0.001917316229082644 0.37756970524787903 0.21242928504943848 0.9012831449508667
30.66666603088379 0.07584560662508011 -0.052810318768024445 -0.36565160751342773 -7.887843094067648e-05 0.3706507980823517 0.20705929398536682 0.9053974747657776
30.700000762939453 0.06429664045572281 -0.048473257571458817 -0.3552601933479309 -0.00021581024338956922 0.3674417734146118 0.20061741769313812 0.9081515669822693
30.733333587646484 0.05517144873738289 -0.04940231144428253 -0.3461722135543823 -0.003412816906347871 0.3636391758918762 0.19642481207847595 0.9105889201164246
30.766666412353516 0.04296867549419403 -0.04406030848622322 -0.3364424407482147 -0.004008477553725243 0.35844388604164124 0.1930098980665207 0.9133723974227905
30.799999237060547 0.03495918959379196 -0.04201214015483856 -0.32967129349708557 -0.005159495864063501 0.35215675830841064 0.18958106637001038 0.9165249466896057
30.83333396911621 0.02493344433605671 -0.042039185762405396 -0.32120266556739807 -0.006022494286298752 0.34804731607437134 0.18675503134727478 0.918667197227478
30.866666793823242 0.016432898119091988 -0.04419649392366409 -0.31570371985435486 -0.008265579119324684 0.34294092655181885 0.18404218554496765 0.9211143851280212
30.899999618530273 0.003811991773545742 -0.04098732769489288 -0.3070223927497864 -0.007723366841673851 0.340644896030426 0.1800694763660431 0.9227548241615295
30.933332443237305 -0.0016681625274941325 -0.04247730225324631 -0.30262863636016846 -0.00792315136641264 0.3347983956336975 0.17795677483081818 0.9252992272377014
30.96666717529297 -0.011693261563777924 -0.04398716241121292 -0.2973068058490753 -0.0067647662945091724 0.32982251048088074 0.17494338750839233 0.9276670813560486
31.0 -0.01751478761434555 -0.047723427414894104 -0.2970835268497467 -0.006733608432114124 0.3221941292285919 0.1716463267803192 0.9309582114219666
31.03333282470703 -0.029317716136574745 -0.04946566000580788 -0.29164576530456543 -0.005700860172510147 0.31885436177253723 0.16792619228363037 0.9327916502952576
31.066667556762695 -0.03639613091945648 -0.05096030607819557 -0.2890465259552002 -0.0046088434755802155 0.3148258924484253 0.1645091325044632 0.934772789478302
31.100000381469727 -0.04055413231253624 -0.05545099452137947 -0.29040998220443726 -0.005612900014966726 0.3103911280632019 0.16110995411872864 0.9368401765823364
31.133333206176758 -0.047426365315914154 -0.05837475508451462 -0.29073774814605713 -0.00568376574665308 0.3094569444656372 0.15702129900455475 0.9378424882888794
31.16666603088379 -0.05238236114382744 -0.0625060498714447 -0.28867894411087036 -0.005788934882730246 0.30874505639076233 0.15299901366233826 0.9387407898902893
31.200000762939453 -0.05982430279254913 -0.06529302895069122 -0.288394570350647 -0.005395254585891962 0.3086687922477722 0.14909009635448456 0.9393969774246216
31.233333587646484 -0.06726278364658356 -0.06892324239015579 -0.28707167506217957 -0.005357039161026478 0.3091995418071747 0.14706188440322876 0.9395423531532288
31.266666412353516 -0.06923568993806839 -0.0704866275191307 -0.2878463566303253 -0.004893218167126179 0.3087344467639923 0.14644750952720642 0.9397937059402466
31.299999237060547 -0.0725361779332161 -0.07205165177583694 -0.2861436605453491 -0.0038045968394726515 0.308887243270874 0.14673739671707153 0.9397033452987671
31.33333396911621 -0.07251769304275513 -0.07405197620391846 -0.2871970236301422 -0.0030700962524861097 0.30692535638809204 0.1485677808523178 0.9400612115859985
31.366666793823242 -0.0724085345864296 -0.07442192733287811 -0.2872554361820221 -0.002195893321186304 0.30645421147346497 0.1500026136636734 0.9399895071983337
31.399999618530273 -0.06684434413909912 -0.07745285332202911 -0.29124972224235535 -0.003308831248432398 0.30527639389038086 0.15174642205238342 0.9400895833969116
31.433332443237305 -0.06450537592172623 -0.07828164845705032 -0.2939334511756897 -0.004154670983552933 0.3072129189968109 0.1526734083890915 0.9393049478530884
31.46666717529297 -0.057422079145908356 -0.07870686054229736 -0.29941684007644653 -0.005000164732336998 0.30779290199279785 0.15364907681941986 0.9389517903327942
31.5 -0.05138136446475983 -0.0799354612827301 -0.3054114878177643 -0.0054234289564192295 0.30782434344291687 0.15415096282958984 0.9388568997383118
31.53333282470703 -0.049629129469394684 -0.08025166392326355 -0.3075158894062042 -0.005023907404392958 0.31051331758499146 0.1544245481491089 0.9379281997680664
31.566667556762695 -0.04373706504702568 -0.08113456517457962 -0.31038424372673035 -0.005261606071144342 0.3119783103466034 0.1563057154417038 0.9371288418769836
31.600000381469727 -0.042250968515872955 -0.07884461432695389 -0.31338009238243103 -0.004045918118208647 0.3144230842590332 0.15771320462226868 0.9360814094543457
31.633333206176758 -0.03768334165215492 -0.07934418320655823 -0.31855395436286926 -0.00466142175719142 0.3154549300670624 0.15920060873031616 0.9354793429374695
31.66666603088379 -0.03410452976822853 -0.07850798964500427 -0.3204081654548645 -0.005879971664398909 0.31771770119667053 0.16074921190738678 0.934441328048706
31.700000762939453 -0.027127819135785103 -0.07772313058376312 -0.3223036825656891 -0.008731613866984844 0.31966763734817505 0.16304783523082733 0.9333551526069641
31.733333587646484 -0.020473074167966843 -0.07687674462795258 -0.32260367274284363 -0.011570504866540432 0.32258743047714233 0.1665060669183731 0.9317077398300171
31.766666412353516 -0.013814471662044525 -0.07322555035352707 -0.32189759612083435 -0.012842932716012001 0.3238203525543213 0.16977089643478394 0.9306735992431641
31.799999237060547 -0.00793765950948 -0.06819824874401093 -0.3207203447818756 -0.013418572954833508 0.32264411449432373 0.17306385934352875 0.930467426776886
31.83333396911621 -0.002867641858756542 -0.06560728698968887 -0.32128462195396423 -0.015456104651093483 0.3214770555496216 0.17747685313224792 0.9300084114074707
31.866666793823242 -0.0036401625256985426 -0.05954714119434357 -0.31907060742378235 -0.015068466775119305 0.32211628556251526 0.18039093911647797 0.9292325377464294
31.899999618530273 -0.000923717103432864 -0.05434352159500122 -0.31925204396247864 -0.014539810828864574 0.3201627731323242 0.1828296035528183 0.9294394850730896
31.933332443237305 0.0009720190428197384 -0.05103693902492523 -0.320544958114624 -0.013672668486833572 0.3184221386909485 0.18396712839603424 0.9298260807991028
31.96666717529297 0.0023513680789619684 -0.04926105588674545 -0.3210127651691437 -0.012430206872522831 0.31707990169525146 0.18213273584842682 0.930662989616394
32.0 0.0020268275402486324 -0.05192842707037926 -0.3221342861652374 -0.010601396672427654 0.317234605550766 0.1786121428012848 0.9313149452209473
32.03333282470703 0.003701533190906048 -0.05699992552399635 -0.3260122239589691 -0.009123754687607288 0.31579989194869995 0.1742265671491623 0.9326480031013489
32.06666564941406 0.006387642584741116 -0.06381338834762573 -0.3306114375591278 -0.0065757110714912415 0.31410929560661316 0.17102797329425812 0.9338316321372986
32.099998474121094 0.006677106022834778 -0.0724940150976181 -0.33489489555358887 -0.0029225547332316637 0.3150493800640106 0.16892854869365692 0.9339157342910767
32.13333511352539 0.011101176962256432 -0.08361496776342392 -0.34079453349113464 -0.0004275161772966385 0.3160085380077362 0.1688665747642517 0.933607280254364
32.16666793823242 0.015121161937713623 -0.09439346939325333 -0.3443443477153778 0.0025090621784329414 0.3185563385486603 0.17017710208892822 0.9324995279312134
32.20000076293945 0.01704922504723072 -0.10240910202264786 -0.3496900498867035 0.006456729490309954 0.31922292709350586 0.17164508998394012 0.9319834113121033
32.233333587646484 0.026302894577383995 -0.1114647164940834 -0.35796546936035156 0.008563748560845852 0.31466469168663025 0.17472678422927856 0.9329434633255005
32.266666412353516 0.0318978875875473 -0.12134156376123428 -0.36200374364852905 0.010793764144182205 0.3144162893295288 0.17742928862571716 0.9324938654899597
32.29999923706055 0.03487396985292435 -0.13128113746643066 -0.3679812252521515 0.013039639219641685 0.3154582679271698 0.17914851009845734 0.9317842721939087
32.33333206176758 0.037255361676216125 -0.14009587466716766 -0.37229129672050476 0.01554862130433321 0.3149206042289734 0.18029482662677765 0.9317065477371216
32.36666488647461 0.04132421687245369 -0.14982116222381592 -0.37659257650375366 0.01747513748705387 0.31510916352272034 0.18021395802497864 0.9316242933273315
32.400001525878906 0.0461699552834034 -0.15824276208877563 -0.38315799832344055 0.019638676196336746 0.3154217302799225 0.1794373095035553 0.9316253662109375
32.43333435058594 0.04863741248846054 -0.17363835871219635 -0.38788068294525146 0.018878456205129623 0.3155299723148346 0.1782286912202835 0.9318363666534424
32.46666717529297 0.04988495260477066 -0.1822553128004074 -0.392794132232666 0.020901579409837723 0.3165385127067566 0.17569804191589355 0.931931734085083
32.5 0.05262569710612297 -0.19856025278568268 -0.3972663879394531 0.019003484398126602 0.31905025243759155 0.17396286129951477 0.9314412474632263
32.53333282470703 0.05635593831539154 -0.20831647515296936 -0.4019113779067993 0.018055513501167297 0.32248634099960327 0.1717740297317505 0.9306827187538147
32.56666564941406 0.061398837715387344 -0.2165958285331726 -0.4064945876598358 0.014977524057030678 0.32891687750816345 0.16835057735443115 0.929111123085022
32.599998474121094 0.06622769683599472 -0.21945509314537048 -0.41683927178382874 0.014431889168918133 0.3373558223247528 0.1672210991382599 0.926293671131134
32.63333511352539 0.0730743408203125 -0.22500324249267578 -0.42295971512794495 0.012355135753750801 0.34904611110687256 0.16563507914543152 0.9222685694694519
32.66666793823242 0.07819762825965881 -0.22646479308605194 -0.43293866515159607 0.01382348220795393 0.36036592721939087 0.16427989304065704 0.9181271195411682
32.70000076293945 0.08764545619487762 -0.23076994717121124 -0.4453546702861786 0.014434872195124626 0.3702341318130493 0.16618606448173523 0.9138383865356445
32.733333587646484 0.09651545435190201 -0.23106065392494202 -0.4564380347728729 0.017013946548104286 0.3807830512523651 0.16987837851047516 0.9087662696838379
32.766666412353516 0.10687103867530823 -0.22735761106014252 -0.4695499539375305 0.021792443469166756 0.3896956443786621 0.17658448219299316 0.9035930037498474
32.79999923706055 0.12095070630311966 -0.22165825963020325 -0.4850715398788452 0.02634291723370552 0.39847493171691895 0.18479356169700623 0.897983968257904
32.83333206176758 0.13480766117572784 -0.21954402327537537 -0.5018031597137451 0.02826201729476452 0.412428081035614 0.19448262453079224 0.8895397186279297
32.86666488647461 0.15175072848796844 -0.22161415219306946 -0.5190995931625366 0.02465049922466278 0.4261491596698761 0.20096386969089508 0.8817045092582703
32.900001525878906 0.16960985958576202 -0.21666812896728516 -0.5365080237388611 0.02374483272433281 0.4365847706794739 0.20743755996227264 0.875099778175354
32.93333435058594 0.18558289110660553 -0.21677285432815552 -0.5542293190956116 0.020544297993183136 0.44781604409217834 0.2119024246931076 0.8684101700782776
32.96666717529297 0.2028377801179886 -0.21641805768013 -0.5698806643486023 0.016905654221773148 0.45841822028160095 0.215924471616745 0.8619418144226074
33.0 0.21687307953834534 -0.21081149578094482 -0.5818796753883362 0.015372241847217083 0.4706576466560364 0.21865440905094147 0.8546550869941711
33.03333282470703 0.23449380695819855 -0.21058614552021027 -0.5962576866149902 0.010567928664386272 0.4824901819229126 0.22165165841579437 0.8473264575004578
33.06666564941406 0.24987924098968506 -0.20799702405929565 -0.60381019115448 0.007266640663146973 0.4937495291233063 0.22486743330955505 0.8399959802627563
33.099998474121094 0.26700183749198914 -0.2047479748725891 -0.6199501752853394 0.004406498279422522 0.5022174119949341 0.22791361808776855 0.8341544270515442
33.13333511352539 0.28205159306526184 -0.20183008909225464 -0.6346496343612671 0.0037772043142467737 0.5118098258972168 0.2315327674150467 0.8273023366928101
33.16666793823242 0.29580000042915344 -0.20023319125175476 -0.6483095288276672 0.0047605508007109165 0.5189159512519836 0.23505164682865143 0.8218602538108826
33.20000076293945 0.30853235721588135 -0.19648702442646027 -0.6630814671516418 0.007306565064936876 0.5246224403381348 0.2384345382452011 0.8172311782836914
33.233333587646484 0.3197302222251892 -0.19309107959270477 -0.676706850528717 0.0099489102140069 0.5313149094581604 0.24263209104537964 0.811625063419342
33.266666412353516 0.332186758518219 -0.1880386620759964 -0.690826952457428 0.011679526418447495 0.5373198986053467 0.24695637822151184 0.8063271045684814
33.29999923706055 0.34223270416259766 -0.18473851680755615 -0.70271235704422 0.011310907080769539 0.5460425615310669 0.25054433941841125 0.7993354201316833
33.33333206176758 0.35696250200271606 -0.1790519654750824 -0.7220644950866699 0.011024747043848038 0.5553432703018188 0.25498518347740173 0.7914890646934509
33.36666488647461 0.3671171963214874 -0.17405730485916138 -0.7297027707099915 0.010461523197591305 0.5642955303192139 0.2582613527774811 0.7840677499771118
33.400001525878906 0.37585878372192383 -0.17276525497436523 -0.7409215569496155 0.0090011702850461 0.570773720741272 0.26188626885414124 0.7781721949577332
33.43333435058594 0.3832511603832245 -0.1627153605222702 -0.7554756999015808 0.009307166561484337 0.5790801048278809 0.2659602165222168 0.7706133127212524
33.46666717529297 0.3924085199832916 -0.1541692316532135 -0.7641825675964355 0.008246522396802902 0.5876394510269165 0.27067500352859497 0.7624610662460327
33.5 0.3962966799736023 -0.14438946545124054 -0.771989643573761 0.007456798106431961 0.5940004587173462 0.27570614218711853 0.7557076811790466
33.53333282470703 0.4007418751716614 -0.13270650804042816 -0.7803205847740173 0.006170282140374184 0.6016557812690735 0.28071919083595276 0.7477760910987854
33.56666564941406 0.4027312994003296 -0.12295595556497574 -0.7838563323020935 0.005000196862965822 0.6093494892120361 0.28505221009254456 0.7398739457130432
33.599998474121094 0.40285325050354004 -0.10817106068134308 -0.789298951625824 0.006023274268954992 0.6125597953796387 0.28859174251556396 0.7358322143554688
33.63333511352539 0.4026123881340027 -0.0963413342833519 -0.7899618744850159 0.007161666173487902 0.6130051612854004 0.29231536388397217 0.7339790463447571
33.66666793823242 0.4000205993652344 -0.08673608303070068 -0.7876631617546082 0.008484235033392906 0.6129599213600159 0.2953678071498871 0.7327797412872314
33.70000076293945 0.3993755877017975 -0.06767917424440384 -0.7916300296783447 0.010240131057798862 0.6128479242324829 0.29568615555763245 0.7327225208282471
33.733333587646484 0.39336898922920227 -0.05857755243778229 -0.7893229126930237 0.008055395446717739 0.6152907609939575 0.29590505361557007 0.7306111454963684
33.766666412353516 0.3958391547203064 -0.041893698275089264 -0.7863733172416687 0.003967088181525469 0.6198329329490662 0.29667940735816956 0.726479709148407
33.79999923706055 0.3976098597049713 -0.01569422148168087 -0.7868518829345703 0.0015094580594450235 0.6232726573944092 0.29596996307373047 0.7238305807113647
33.83333206176758 0.39336633682250977 0.0009987744269892573 -0.7850970029830933 -0.00021632909192703664 0.6245976090431213 0.2961721122264862 0.7226063013076782
33.86666488647461 0.3905143439769745 0.01094802189618349 -0.7792374491691589 -0.004063652828335762 0.6257513165473938 0.2980995774269104 0.7208019495010376
33.900001525878906 0.3877114951610565 0.024155570194125175 -0.7767726182937622 -0.0062916637398302555 0.6269626021385193 0.3006114363670349 0.7186871767044067
33.93333435058594 0.38647595047950745 0.05239037051796913 -0.7773262858390808 -0.007537533063441515 0.6266684532165527 0.3010191321372986 0.7187610864639282
33.96666717529297 0.38441839814186096 0.06689311563968658 -0.7747949361801147 -0.00951711181551218 0.6253087520599365 0.3037562072277069 0.7187702059745789
34.0 0.38296645879745483 0.07781852036714554 -0.7715688347816467 -0.01190878078341484 0.6245449781417847 0.3074880540370941 0.7178111672401428
34.03333282470703 0.37929731607437134 0.09264226257801056 -0.7703523635864258 -0.011237665079534054 0.6239010095596313 0.3100191056728363 0.7172931432723999
34.06666564941406 0.37521830201148987 0.1066012904047966 -0.7716122269630432 -0.01144159585237503 0.6253026127815247 0.3122769594192505 0.7150866389274597
34.099998474121094 0.37099772691726685 0.12089768052101135 -0.770387589931488 -0.0121160252019763 0.6309264302253723 0.31346362829208374 0.7095955014228821
34.13333511352539 0.36600711941719055 0.1340102106332779 -0.7704634070396423 -0.010873430408537388 0.6333818435668945 0.31513747572898865 0.7066807150840759
34.16666793823242 0.3621886372566223 0.1446342170238495 -0.7725418210029602 -0.00862233154475689 0.6297459602355957 0.31859254837036133 0.7084099054336548
34.20000076293945 0.35662466287612915 0.15795446932315826 -0.7731112241744995 -0.0039580995216965675 0.6250674724578857 0.32318392395973206 0.7105119228363037
34.233333587646484 0.35015371441841125 0.16993282735347748 -0.7739464640617371 0.0015741027891635895 0.6212759017944336 0.3278009295463562 0.7117305994033813
34.266666412353516 0.3453068137168884 0.18024970591068268 -0.775545597076416 0.006186861544847488 0.617156982421875 0.33182841539382935 0.713420569896698
34.29999923706055 0.3412189185619354 0.18917612731456757 -0.7752776741981506 0.008508188650012016 0.6142155528068542 0.33711352944374084 0.7134573459625244
34.33333206176758 0.33702436089515686 0.2032701075077057 -0.7730652093887329 0.009633331559598446 0.6118594408035278 0.342082142829895 0.7131025195121765
34.36666488647461 0.3325843811035156 0.21239976584911346 -0.7741479873657227 0.0108714047819376 0.6084159016609192 0.3484138250350952 0.7129654884338379
34.400001525878906 0.3272784650325775 0.221032053232193 -0.7698782086372375 0.01193709671497345 0.6048561930656433 0.35189440846443176 0.7142666578292847
34.43333435058594 0.3190256655216217 0.23006826639175415 -0.7696670293807983 0.01594581827521324 0.5999024510383606 0.353848934173584 0.7173937559127808
34.46666717529297 0.31198859214782715 0.23760446906089783 -0.764032781124115 0.017722032964229584 0.5976969599723816 0.35310763120651245 0.7195550203323364
34.5 0.30487531423568726 0.24261152744293213 -0.7575311660766602 0.017116304486989975 0.5974734425544739 0.3508109152317047 0.7208774089813232
34.53333282470703 0.29321959614753723 0.249205082654953 -0.756009042263031 0.017016928642988205 0.5967570543289185 0.34874868392944336 0.7224720120429993
34.56666564941406 0.2813626825809479 0.25855693221092224 -0.7489399313926697 0.01672464981675148 0.5969419479370117 0.3452521860599518 0.7240039110183716
34.599998474121094 0.27269527316093445 0.2656169533729553 -0.742416501045227 0.015518221072852612 0.5973061323165894 0.3437773883342743 0.7244320511817932
34.63333511352539 0.26120686531066895 0.2744362950325012 -0.7369696497917175 0.016041088849306107 0.5971238613128662 0.342714786529541 0.7250741124153137
34.66666793823242 0.25035029649734497 0.28136715292930603 -0.7348198890686035 0.01464199461042881 0.5952787399291992 0.34080952405929565 0.7275147438049316
34.70000076293945 0.24147479236125946 0.28666582703590393 -0.7259393334388733 0.012310062535107136 0.5949997901916504 0.33755064010620117 0.7293033599853516
34.733333587646484 0.23442503809928894 0.2919742166996002 -0.7206149101257324 0.00897793285548687 0.5936183333396912 0.33528199791908264 0.7315208911895752
34.766666412353516 0.23107318580150604 0.29304924607276917 -0.7145050764083862 0.003470919793471694 0.5932286977767944 0.33313602209091187 0.7328629493713379
34.79999923706055 0.2272549420595169 0.2969847023487091 -0.7067095041275024 -0.0033427514135837555 0.5945661067962646 0.32988715171813965 0.733249306678772
34.83333206176758 0.22341743111610413 0.2995457351207733 -0.6989279985427856 -0.009765802882611752 0.5949907302856445 0.3277915120124817 0.7337870597839355
34.86666488647461 0.21958808600902557 0.3090777099132538 -0.691710889339447 -0.010630832985043526 0.5932769179344177 0.3253212571144104 0.736257791519165
34.900001525878906 0.21508514881134033 0.30987924337387085 -0.684723436832428 -0.012829581275582314 0.5919294357299805 0.32251909375190735 0.7385367155075073
34.93333435058594 0.2116629183292389 0.3107569217681885 -0.6797014474868774 -0.015680864453315735 0.5907567143440247 0.31975188851356506 0.740621030330658
34.96666717529297 0.2067452222108841 0.3141017556190491 -0.6744921207427979 -0.016536379233002663 0.5910352468490601 0.3173300325870514 0.7414213418960571
35.0 0.20285427570343018 0.31346020102500916 -0.6705378293991089 -0.017620567232370377 0.5932980179786682 0.3151899576187134 0.7405014634132385
35.03333282470703 0.1997281014919281 0.31204527616500854 -0.6746755242347717 -0.01183407474309206 0.5946718454360962 0.3125220835208893 0.7406452298164368
35.06666564941406 0.1950526088476181 0.3135383725166321 -0.6763746738433838 -0.005426483694463968 0.5960679054260254 0.3098699450492859 0.7407119870185852
35.099998474121094 0.1925891488790512 0.316215455532074 -0.6787216067314148 -0.0017379623604938388 0.5962942242622375 0.30948734283447266 0.7407076954841614
35.13333511352539 0.1948992758989334 0.3172067403793335 -0.6816251277923584 -0.004533552099019289 0.5934788584709167 0.3138469457626343 0.7411223649978638
35.16666793823242 0.1926000565290451 0.3247748911380768 -0.6822914481163025 -0.0027515944093465805 0.5922935605049133 0.31764480471611023 0.7404610514640808
35.20000076293945 0.18907146155834198 0.3216986358165741 -0.687639594078064 0.0028989692218601704 0.5918225049972534 0.31420689821243286 0.7423017024993896
35.233333587646484 0.18385154008865356 0.32469072937965393 -0.6901354789733887 0.008061518892645836 0.5926172137260437 0.31133297085762024 0.7428402304649353
35.266666412353516 0.1830044537782669 0.32773616909980774 -0.6907814741134644 0.005855796858668327 0.5920616984367371 0.31072789430618286 0.7435569763183594
35.29999923706055 0.18198555707931519 0.3283025026321411 -0.6911270618438721 0.003136503743007779 0.5908994674682617 0.3084860146045685 0.7454289793968201
35.33333206176758 0.17758044600486755 0.3284858167171478 -0.6912198662757874 0.0054449657909572124 0.5905157923698425 0.3023553788661957 0.7482264041900635
35.36666488647461 0.17629198729991913 0.32716038823127747 -0.6914786696434021 0.006168353371322155 0.5885831713676453 0.29960593581199646 0.7508450150489807
35.400001525878906 0.17348237335681915 0.3262499272823334 -0.6909829378128052 0.006788105703890324 0.5879377722740173 0.296459823846817 0.7525919675827026
35.43333435058594 0.17030708491802216 0.32625770568847656 -0.6908040046691895 0.008136824704706669 0.5877082347869873 0.29345500469207764 0.7539344429969788
35.46666717529297 0.16829852759838104 0.3278588354587555 -0.6905183792114258 0.00938492827117443 0.5873574614524841 0.2921012341976166 0.7547184228897095
35.5 0.166069895029068 0.327883780002594 -0.6899996399879456 0.01005131471902132 0.5873725414276123 0.2902873158454895 0.7553978562355042
35.53333282470703 0.16267620027065277 0.3284442722797394 -0.6883335709571838 0.01126213651150465 0.5874975919723511 0.28696465492248535 0.7565520405769348
35.56666564941406 0.15938016772270203 0.3279309570789337 -0.6861613988876343 0.013144138269126415 0.586188018321991 0.2817673683166504 0.7594854235649109
35.599998474121094 0.15436920523643494 0.32929372787475586 -0.6848059892654419 0.017027126625180244 0.5844147801399231 0.27607905864715576 0.7628563642501831
35.63333511352539 0.15020056068897247 0.3284653127193451 -0.6852487921714783 0.020548507571220398 0.5830455422401428 0.2714901566505432 0.7654597759246826
35.66666793823242 0.14745239913463593 0.3281955122947693 -0.6866348385810852 0.023739807307720184 0.5821619629859924 0.2683667242527008 0.7671395540237427
35.70000076293945 0.14353324472904205 0.3286033272743225 -0.6861432194709778 0.026020320132374763 0.5819956660270691 0.26521965861320496 0.7682855129241943
35.733333587646484 0.13967177271842957 0.32946303486824036 -0.685279369354248 0.02805412746965885 0.5831589102745056 0.26229041814804077 0.7683373689651489
35.766666412353516 0.13537417352199554 0.3301635980606079 -0.6842383742332458 0.030215241014957428 0.5844699740409851 0.2593516409397125 0.7682568430900574
35.79999923706055 0.13158352673053741 0.33023717999458313 -0.6831817626953125 0.03219696879386902 0.585733950138092 0.2564797103404999 0.7681779265403748
35.83333206176758 0.1296241134405136 0.3298744857311249 -0.6823102235794067 0.032153092324733734 0.5860487818717957 0.2547265589237213 0.7685229778289795
35.86666488647461 0.12923577427864075 0.3296334147453308 -0.6817755699157715 0.03186126425862312 0.5861329436302185 0.25459912419319153 0.768513023853302
35.900001525878906 0.13039687275886536 0.3303888738155365 -0.6821038126945496 0.03141727298498154 0.5856996774673462 0.2557567358016968 0.7684773802757263
35.93333435058594 0.1322500854730606 0.3304359018802643 -0.6829993724822998 0.03070216253399849 0.5849925875663757 0.25717538595199585 0.7685713768005371
35.96666717529297 0.13227340579032898 0.33083897829055786 -0.6834128499031067 0.030849270522594452 0.5847394466400146 0.25787684321403503 0.768523097038269
36.0 0.1315115988254547 0.33112016320228577 -0.6836947798728943 0.031804926693439484 0.5850349068641663 0.2573927938938141 0.768421471118927
36.03333282470703 0.13015197217464447 0.33035123348236084 -0.6823326349258423 0.031756047159433365 0.5858585238456726 0.2554406523704529 0.7684475183486938
36.06666564941406 0.12817834317684174 0.32865652441978455 -0.6795267462730408 0.03084886446595192 0.5867891907691956 0.25238558650016785 0.7687837481498718
36.099998474121094 0.12687940895557404 0.3278619349002838 -0.6789344549179077 0.031013529747724533 0.5873284339904785 0.250699907541275 0.7689167261123657
36.13333511352539 0.12631848454475403 0.3275545835494995 -0.6794913411140442 0.03160817176103592 0.5873954892158508 0.2506870925426483 0.7688454985618591
36.16666793823242 0.12706632912158966 0.32812535762786865 -0.680080235004425 0.03167209401726723 0.5870317816734314 0.25189119577407837 0.76872718334198
36.20000076293945 0.12763018906116486 0.32946595549583435 -0.6803929805755615 0.03163675218820572 0.5866636037826538 0.2530255913734436 0.7686371803283691
36.233333587646484 0.1276138424873352 0.3297724723815918 -0.6799758076667786 0.031114766374230385 0.5866231322288513 0.2533298134803772 0.7685891389846802
36.266666412353516 0.12785561382770538 0.3292731046676636 -0.6797622442245483 0.03110693208873272 0.5868399143218994 0.25272345542907715 0.7686235308647156
36.29999923706055 0.12703077495098114 0.3279971182346344 -0.6792380809783936 0.030838746577501297 0.5872144103050232 0.25108498334884644 0.7688852548599243
36.33333206176758 0.1250634491443634 0.3268134593963623 -0.6777850985527039 0.03068598173558712 0.5879174470901489 0.24899053573608398 0.7690352201461792
36.36666488647461 0.12338260561227798 0.3264232277870178 -0.6765570640563965 0.031003762036561966 0.5887341499328613 0.24729065597057343 0.7689462304115295
36.400001525878906 0.12226118892431259 0.3248751759529114 -0.6757357716560364 0.030638018622994423 0.5891768336296082 0.24557524919509888 0.7691715359687805
36.43333435058594 0.12138114124536514 0.3243759274482727 -0.6753145456314087 0.03056204505264759 0.5894193649291992 0.24486032128334045 0.7692165970802307
36.46666717529297 0.12128797173500061 0.3241412341594696 -0.6751688718795776 0.03031163103878498 0.5893353819847107 0.2448599636554718 0.7692909836769104
36.5 0.12152187526226044 0.3244416117668152 -0.6749077439308167 0.030443789437413216 0.5893838405609131 0.24522696435451508 0.7691317796707153
36.53333282470703 0.12252258509397507 0.3246287405490875 -0.676037073135376 0.03047943115234375 0.5889913439750671 0.24594156444072723 0.7692028880119324
36.56666564941406 0.1222369596362114 0.32511523365974426 -0.6756222248077393 0.03035592846572399 0.5889477133750916 0.24623417854309082 0.769147515296936
36.599998474121094 0.12251830846071243 0.3249218761920929 -0.6755780577659607 0.030293026939034462 0.5890491604804993 0.24603086709976196 0.7691373229026794
36.63333511352539 0.12175694853067398 0.32431668043136597 -0.6751603484153748 0.030181897804141045 0.5892840623855591 0.2452211081981659 0.7692203521728516
36.66666793823242 0.12061937898397446 0.32405608892440796 -0.6746399998664856 0.03026139922440052 0.5895735025405884 0.24432766437530518 0.7692797183990479
36.70000076293945 0.11936397850513458 0.3245639503002167 -0.6740859746932983 0.03090209886431694 0.5900393128395081 0.2435959130525589 0.7691291570663452
36.733333587646484 0.11888151615858078 0.3244362473487854 -0.6737639307975769 0.030944881960749626 0.5901803374290466 0.24313536286354065 0.7691649794578552
36.766666412353516 0.11931394040584564 0.32423609495162964 -0.6741580367088318 0.03089842014014721 0.5900475382804871 0.24317987263202667 0.7692546248435974
36.79999923706055 0.11908871680498123 0.3244026303291321 -0.674394965171814 0.03083782084286213 0.5898604393005371 0.2434244006872177 0.7693232893943787
36.83333206176758 0.11986437439918518 0.3246076703071594 -0.6741616725921631 0.03080699034035206 0.5898237228393555 0.24416518211364746 0.7691179513931274
36.86666488647461 0.12001053988933563 0.3245859444141388 -0.6745712161064148 0.030692219734191895 0.5895906686782837 0.24451525509357452 0.7691898941993713
36.900001525878906 0.12075415998697281 0.3243914246559143 -0.6747440099716187 0.030644679442048073 0.5895696878433228 0.24470028281211853 0.7691490650177002
36.93333435058594 0.12003929913043976 0.32439541816711426 -0.6744690537452698 0.030687568709254265 0.5896516442298889 0.2444572150707245 0.7691617608070374
36.96666717529297 0.11979133635759354 0.3246833384037018 -0.6741257309913635 0.03085085190832615 0.5898494720458984 0.24401359260082245 0.7691445350646973
37.0 0.12042532116174698 0.3241908848285675 -0.6742733120918274 0.0305411908775568 0.589798092842102 0.24375084042549133 0.7692795991897583
37.03333282470703 0.11898937821388245 0.32509732246398926 -0.6740738153457642 0.030895080417394638 0.5897558927536011 0.24372129142284393 0.7693070769309998
37.06666564941406 0.11987673491239548 0.3244630992412567 -0.6740802526473999 0.030655790120363235 0.5897396802902222 0.24398739635944366 0.7692448496818542
37.099998474121094 0.12047839164733887 0.3239987790584564 -0.6742645502090454 0.03028167225420475 0.5895455479621887 0.24452418088912964 0.7692379951477051
37.13333511352539 0.12033267319202423 0.325058251619339 -0.6744511723518372 0.030681069940328598 0.5895018577575684 0.24488376080989838 0.7691411972045898
37.16666793823242 0.12062928080558777 0.32453861832618713 -0.6747221946716309 0.030456816777586937 0.5894419550895691 0.24488957226276398 0.7691942453384399
37.20000076293945 0.12024392932653427 0.32482361793518066 -0.6743335723876953 0.03059394098818302 0.5895394682884216 0.24473720788955688 0.7691625952720642
37.233333587646484 0.12051238119602203 0.3250015676021576 -0.6741985082626343 0.030660396441817284 0.5895858407020569 0.24461477994918823 0.769163191318512
37.266666412353516 0.12046215683221817 0.3245871961116791 -0.6740800738334656 0.030276382341980934 0.5894941091537476 0.2445455938577652 0.7692707180976868
37.29999923706055 0.1204742044210434 0.32470110058784485 -0.6744880080223083 0.030501998960971832 0.5894538760185242 0.24479711055755615 0.7692127823829651
37.33333206176758 0.12053082138299942 0.3250400722026825 -0.6744436621665955 0.030555732548236847 0.5894395709037781 0.24499604105949402 0.769158124923706
37.36666488647461 0.12083228677511215 0.3250623941421509 -0.6742689609527588 0.030246853828430176 0.5893818140029907 0.24496202170848846 0.7692254185676575
37.400001525878906 0.12072470039129257 0.3253289759159088 -0.6744064092636108 0.030332112684845924 0.5893468856811523 0.24498777091503143 0.7692407369613647
37.43333435058594 0.1208648607134819 0.3248541057109833 -0.6746686100959778 0.030365347862243652 0.5893986225128174 0.24478885531425476 0.7692630887031555
37.46666717529297 0.12077298760414124 0.32437556982040405 -0.674352765083313 0.030466163530945778 0.5895447134971619 0.24465803802013397 0.7691888213157654
37.5 0.12020222842693329 0.324346125125885 -0.6744654178619385 0.030435707420110703 0.589480459690094 0.24457739293575287 0.7692647576332092
37.53333282470703 0.12055087834596634 0.32424330711364746 -0.6741694211959839 0.03001498244702816 0.5894119739532471 0.24468350410461426 0.7693000435829163
37.56666564941406 0.12010607868432999 0.3255002498626709 -0.6743105053901672 0.0304825771600008 0.5893444418907166 0.24479980766773224 0.7692963480949402
37.599998474121094 0.12137356400489807 0.32467713952064514 -0.6747317910194397 0.030226832255721092 0.5892647504806519 0.24502404034137726 0.7692961692810059
37.63333511352539 0.1211257055401802 0.3244727849960327 -0.6749476194381714 0.0302507895976305 0.5891432762145996 0.2452704757452011 0.7693097591400146
37.66666793823242 0.12113893032073975 0.3248538374900818 -0.6748884320259094 0.0302384365350008 0.5891211032867432 0.2454710602760315 0.7692632675170898
37.70000076293945 0.12158262729644775 0.32564523816108704 -0.6749675273895264 0.030392097309231758 0.5890506505966187 0.24566137790679932 0.7692503929138184
37.733333587646484 0.1215755045413971 0.3255693018436432 -0.6747624278068542 0.030079450458288193 0.5889925956726074 0.24581699073314667 0.7692573666572571
37.766666412353516 0.12168078869581223 0.32523855566978455 -0.674697995185852 0.029877452179789543 0.5889524817466736 0.24596954882144928 0.76924729347229
37.79999923706055 0.1218562200665474 0.32551848888397217 -0.6757216453552246 0.03030761517584324 0.588750958442688 0.2462322860956192 0.7693006992340088
37.83333206176758 0.12095759809017181 0.32564976811408997 -0.6747258305549622 0.03036697395145893 0.589031994342804 0.24613147974014282 0.7691154479980469
37.86666488647461 0.12209203094244003 0.3253002166748047 -0.6751390695571899 0.030095987021923065 0.5889189839363098 0.24604147672653198 0.7692413926124573
37.900001525878906 0.12100096046924591 0.325296550989151 -0.6748926639556885 0.03012014366686344 0.5889607071876526 0.24582116305828094 0.7692790031433105
37.93333435058594 0.12111873924732208 0.3249233067035675 -0.674928605556488 0.030145015567541122 0.5890523195266724 0.24551837146282196 0.7693044543266296
37.96666717529297 0.12033646553754807 0.3251529932022095 -0.6746788620948792 0.030366085469722748 0.5891813635826111 0.2452545464038849 0.7692811489105225
38.0 0.1205233559012413 0.3253098726272583 -0.674404501914978 0.030525891110301018 0.5893993973731995 0.2451331466436386 0.7691465616226196
38.03333282470703 0.12043383717536926 0.32478970289230347 -0.6743428111076355 0.03011566773056984 0.589280903339386 0.2450595498085022 0.7692769169807434
38.06666564941406 0.12068638205528259 0.32501617074012756 -0.6748988628387451 0.030235590413212776 0.5891347527503967 0.2451750785112381 0.7693473696708679
38.099998474121094 0.120827816426754 0.3251071870326996 -0.6742537021636963 0.03013346530497074 0.5892001986503601 0.24544277787208557 0.7692158818244934
38.13333511352539 0.12116320431232452 0.32505539059638977 -0.6747885942459106 0.0301034115254879 0.5889992117881775 0.2457641363143921 0.7692683339118958
38.16666793823242 0.12092648446559906 0.3251383602619171 -0.6751301288604736 0.030149800702929497 0.588944673538208 0.2455984503030777 0.769361138343811
38.20000076293945 0.12093482166528702 0.3250628709793091 -0.6751627922058105 0.03022967465221882 0.5890069603919983 0.2454768270254135 0.7693491578102112
38.233333587646484 0.12045912444591522 0.3252951502799988 -0.6748982667922974 0.03031785599887371 0.5891441702842712 0.2451542466878891 0.7693435549736023
38.266666412353516 0.1207907497882843 0.3246936798095703 -0.6744905710220337 0.030039502307772636 0.5892521739006042 0.24513816833496094 0.7692767977714539
38.29999923706055 0.12104258686304092 0.3249815106391907 -0.6748356819152832 0.03032921999692917 0.5891644954681396 0.24517644941806793 0.7693203687667847
38.33333206176758 0.12114275991916656 0.32504868507385254 -0.6748294830322266 0.030307386070489883 0.5890820026397705 0.24562287330627441 0.7692419290542603
38.36666488647461 0.12100285291671753 0.32563114166259766 -0.6748971939086914 0.03030361607670784 0.5889332890510559 0.24590253829956055 0.7692667841911316
38.400001525878906 0.12202271819114685 0.32515716552734375 -0.6753775477409363 0.030088813975453377 0.5888469219207764 0.24599967896938324 0.7693102359771729
38.43333435058594 0.12068439275026321 0.3253302574157715 -0.6750156283378601 0.030258504673838615 0.5890074372291565 0.24541844427585602 0.7693663835525513
38.46666717529297 0.12019619345664978 0.3253706395626068 -0.6744942665100098 0.03032037429511547 0.5892308354377747 0.24496549367904663 0.7693371772766113
38.5 0.12079458683729172 0.32424166798591614 -0.6746561527252197 0.029806697741150856 0.5891713500022888 0.2445533126592636 0.7695339322090149
38.53333282470703 0.12046869844198227 0.32434841990470886 -0.6745796203613281 0.029982266947627068 0.5892547369003296 0.24456685781478882 0.7694588303565979
38.56666564941406 0.12017980217933655 0.32495924830436707 -0.6748434901237488 0.030414804816246033 0.5891775488853455 0.2450660616159439 0.7693421244621277
38.599998474121094 0.12039344012737274 0.3247445225715637 -0.674854576587677 0.030153650790452957 0.589094340801239 0.24522218108177185 0.7693665027618408
38.63333511352539 0.12097784876823425 0.324875146150589 -0.6748716235160828 0.03017408214509487 0.5891183614730835 0.24543620645999908 0.7692790627479553
38.66666793823242 0.12036778777837753 0.3249555230140686 -0.6744260191917419 0.030141636729240417 0.5892254114151001 0.2451244443655014 0.7692975997924805
38.70000076293945 0.1196775957942009 0.32489630579948425 -0.6745874881744385 0.030554166063666344 0.5893809795379639 0.2445235252380371 0.769353449344635
38.733333587646484 0.11901790648698807 0.3246922492980957 -0.6738718152046204 0.030799301341176033 0.5897819995880127 0.24375015497207642 0.7692817449569702
38.766666412353516 0.11888415366411209 0.3243577182292938 -0.6739411950111389 0.030683180317282677 0.5897826552391052 0.2434500753879547 0.7693809270858765
38.79999923706055 0.11833690106868744 0.32472774386405945 -0.6737624406814575 0.030640123412013054 0.5897636413574219 0.24350588023662567 0.7693796157836914
38.83333206176758 0.1189107745885849 0.32461073994636536 -0.6738481521606445 0.030743256211280823 0.5897147059440613 0.2437887191772461 0.7693233489990234
38.86666488647461 0.11863360553979874 0.3247533440589905 -0.6743903160095215 0.03103250078856945 0.5895385146141052 0.24409407377243042 0.7693500518798828
38.900001525878906 0.11854787915945053 0.32547056674957275 -0.6752461194992065 0.03156326711177826 0.5892912149429321 0.24460837244987488 0.7693546414375305
38.93333435058594 0.11986767500638962 0.3249824047088623 -0.6759844422340393 0.031751878559589386 0.5890918970108032 0.2449362426996231 0.7693950533866882
38.96666717529297 0.1207037940621376 0.32472875714302063 -0.676594078540802 0.03133846074342728 0.5885955095291138 0.24595999717712402 0.7694653868675232
39.0 0.12345355749130249 0.3264099359512329 -0.6789464354515076 0.03244311362504959 0.5872883200645447 0.24930167198181152 0.7693430185317993
39.03333282470703 0.1269269585609436 0.3308597803115845 -0.6841275095939636 0.03370269387960434 0.5849917531013489 0.2549988329410553 0.7691712379455566
39.06666564941406 0.13133305311203003 0.33198267221450806 -0.6875593066215515 0.033472128212451935 0.5830734968185425 0.25954174995422363 0.7691184282302856
39.099998474121094 0.13385222852230072 0.331051766872406 -0.6885097026824951 0.03320302814245224 0.5811647176742554 0.2600533366203308 0.7704007625579834
39.13333511352539 0.13502417504787445 0.32856205105781555 -0.6884021162986755 0.03266305848956108 0.5776617527008057 0.25740182399749756 0.7739407420158386
39.16666793823242 0.13586096465587616 0.327869176864624 -0.6879296898841858 0.030942773446440697 0.577553391456604 0.25816085934638977 0.77383953332901
39.20000076293945 0.1363351196050644 0.32783764600753784 -0.6889362335205078 0.031610649079084396 0.5775336623191833 0.2586144804954529 0.773675799369812
39.233333587646484 0.13731326162815094 0.3285318613052368 -0.6914370656013489 0.033040255308151245 0.5768448710441589 0.2610955834388733 0.7732964754104614
39.266666412353516 0.1403905749320984 0.32853737473487854 -0.6959465742111206 0.034916676580905914 0.5760181546211243 0.26549866795539856 0.7723305225372314
39.29999923706055 0.14463943243026733 0.328319787979126 -0.7034733891487122 0.03904078155755997 0.5728353261947632 0.27312183380126953 0.7718418836593628
39.33333206176758 0.14813244342803955 0.32638785243034363 -0.7143985629081726 0.04529153183102608 0.5681280493736267 0.28136998414993286 0.7720168828964233
39.36666488647461 0.14885929226875305 0.3219972252845764 -0.7287816405296326 0.05346507579088211 0.5664563179016113 0.2882358729839325 0.770187497138977
39.400001525878906 0.15210698544979095 0.3116331100463867 -0.7438681125640869 0.060402266681194305 0.5658997297286987 0.2933694124221802 0.768142819404602
39.43333435058594 0.15149039030075073 0.29784080386161804 -0.758607804775238 0.07150332629680634 0.5642945170402527 0.29109376668930054 0.7692356109619141
39.46666717529297 0.15164092183113098 0.28271302580833435 -0.7733795642852783 0.08024231344461441 0.5629715323448181 0.28773021697998047 0.7706072330474854
39.5 0.1541804075241089 0.26632946729660034 -0.789424479007721 0.08596131205558777 0.563071072101593 0.2856588065624237 0.770688533782959
39.53333282470703 0.15952220559120178 0.2501484155654907 -0.8047764897346497 0.08838183432817459 0.5656639337539673 0.2847858965396881 0.7688368558883667
39.56666564941406 0.16567020118236542 0.23254583775997162 -0.8089239001274109 0.08711623400449753 0.5707283616065979 0.28411757946014404 0.7654783129692078
39.599998474121094 0.17466036975383759 0.21694208681583405 -0.8198320865631104 0.0841490849852562 0.5720576047897339 0.28421714901924133 0.7647807002067566
39.63333511352539 0.1876959204673767 0.20401035249233246 -0.8276022672653198 0.0799160823225975 0.5733043551445007 0.2850266695022583 0.7639995217323303
39.66666793823242 0.2008342295885086 0.19681698083877563 -0.8364620804786682 0.07695867121219635 0.5744683146476746 0.2867094576358795 0.7627983093261719
39.70000076293945 0.21470269560813904 0.18881186842918396 -0.8465966582298279 0.07214245945215225 0.575133204460144 0.28761518001556396 0.7624269723892212
39.733333587646484 0.23039107024669647 0.18121421337127686 -0.8534196019172668 0.06581030786037445 0.5727779865264893 0.286759614944458 0.7650904059410095
39.766666412353516 0.2477598339319229 0.17597825825214386 -0.8622042536735535 0.060149841010570526 0.5697425603866577 0.28570932149887085 0.7682093381881714
39.79999923706055 0.2666116952896118 0.1695377081632614 -0.8740205764770508 0.053616855293512344 0.571324348449707 0.28468063473701477 0.7679001688957214
39.83333206176758 0.28118202090263367 0.16326656937599182 -0.8769398331642151 0.04501081630587578 0.5803391933441162 0.27981850504875183 0.7634671330451965
39.86666488647461 0.30350950360298157 0.16447272896766663 -0.8891130685806274 0.040938347578048706 0.5853298306465149 0.27972665429115295 0.7599118947982788
39.900001525878906 0.3220290541648865 0.16465714573860168 -0.8971846103668213 0.03775951266288757 0.5893598794937134 0.27897942066192627 0.757231593132019
39.93333435058594 0.3440462052822113 0.16426238417625427 -0.9083250761032104 0.03667207807302475 0.5896250605583191 0.2826324999332428 0.7557223439216614
