0.0 0.0 0.0 0.0 0.0 0.0 0.0 1.0
0.03333333507180214 -1.7606145775062032e-05 1.933144812937826e-05 -1.6202237702600542e-06 -1.1217017345188651e-05 3.7885006349824835e-06 -2.6253801479469985e-05 1.0
0.06666667014360428 -1.626569064683281e-05 3.2143903808901086e-05 -1.374014345856267e-06 -5.00687110616127e-06 3.3265448564634426e-06 -2.8979677153984085e-05 1.0
0.10000000149011612 -7.856026968511287e-06 1.0201529221376404e-05 1.887898179120384e-05 -1.4727042071172036e-05 -2.8237408855602553e-07 -2.3133052309276536e-05 1.0
0.13333334028720856 -4.618695584213128e-06 -1.47325636135065e-05 2.336436227778904e-05 -2.8193569960421883e-05 1.2501046739998856e-06 -6.2169492593966424e-06 1.0
0.1666666716337204 -1.9000348402187228e-05 1.8561795513960533e-05 -1.9628164409368765e-06 -1.2753527698805556e-05 4.556959083856782e-06 -1.7876320271170698e-05 1.0
0.20000000298023224 -2.8250810828467365e-06 -2.237438275187742e-05 2.7801852411357686e-05 -3.4224991395603865e-05 -7.161569101299392e-06 2.3923050775920274e-06 1.0
0.23333333432674408 -1.207637251354754e-05 1.5194133084150963e-05 3.509313728500274e-06 -1.3661391676578205e-05 1.5400327129100333e-06 -2.2944461306906305e-05 1.0
0.2666666805744171 -1.0941652362816967e-05 2.0598783521563746e-05 1.0335042134101968e-05 -1.0103549357154407e-05 2.9070286018395564e-06 -2.8294916774029844e-05 1.0
0.30000001192092896 -2.4106906494125724e-05 2.036513433267828e-05 5.777042133559007e-06 -1.0889441000472289e-05 7.823276064300444e-06 -1.6633937775623053e-05 1.0
0.3333333432674408 -3.4412930745020276e-06 -7.191918939497555e-06 1.7409503925591707e-05 -2.4373877749894746e-05 -1.8704016611081897e-06 -1.3464670701068826e-05 1.0
0.36666667461395264 -4.5132228478905745e-06 -3.2543143788643647e-06 2.198436231992673e-05 -2.0247774955350906e-05 3.7505285490624374e-06 -1.4213284885045141e-05 1.0
0.4000000059604645 -7.610894681420177e-05 3.759945320780389e-05 -5.337249604053795e-05 -6.6108241298934445e-06 1.9924689695471898e-05 -2.5547356926836073e-05 1.0
0.4333333373069763 -2.0022242097184062e-05 8.014994818950072e-06 2.4842295260896208e-06 -1.8377539163338952e-05 8.649958544992842e-06 -1.1902295227628201e-05 1.0
0.46666666865348816 -1.9204378986614756e-05 1.1376920156180859e-05 -3.121023837593384e-06 -2.3011156372376718e-05 2.2477597667602822e-06 -3.218936763005331e-05 1.0
0.5 -5.445845454232767e-05 4.0447284845868126e-05 -5.219675585976802e-06 -1.2965984979018685e-06 1.256401083082892e-05 -4.276505933376029e-05 1.0
0.5333333611488342 -4.452257144293981e-06 1.2149250324000604e-05 2.060502811218612e-05 -1.249162778549362e-05 3.0073449579504086e-06 -1.607740887266118e-05 1.0
0.5666666626930237 -2.508157012925949e-05 1.7458030924899504e-05 -3.731426204467425e-06 -1.4685883797938004e-05 1.5115374480956234e-06 -3.2419015042250976e-05 1.0
0.6000000238418579 -6.70110284772818e-06 -7.935830581118353e-06 7.380785064015072e-06 -2.95847057714127e-05 -9.145825288214837e-07 -1.1873617040691897e-05 1.0
0.6333333253860474 -1.8316944988328032e-05 1.6770974980317988e-05 2.216436405433342e-05 -1.420602529833559e-05 6.870109245937783e-06 -1.4570184248441365e-05 1.0
0.6666666865348816 -4.396529038785957e-05 3.396488318685442e-05 9.980290997191332e-06 -1.319320381298894e-05 7.883614671300165e-06 -3.405692405067384e-05 1.0
0.699999988079071 -1.231443638971541e-05 1.3974288776807953e-05 8.819465620035771e-06 -1.8340282622375526e-05 2.9428742891468573e-06 -1.5169428479566704e-05 1.0
0.7333333492279053 8.512012755090836e-06 -1.5250059732352383e-05 -4.819458354177186e-06 -3.0417179004871286e-05 -1.672518192208372e-05 -8.043303751037456e-06 1.0
0.7666666507720947 -1.0489341548236553e-05 1.0218074748991057e-05 1.8846438251785003e-05 -1.1584252206375822e-05 4.207439815218095e-06 -1.5582611013087444e-05 1.0
0.800000011920929 -1.216264763570507e-06 1.3116114132571965e-05 2.3000013243290596e-05 -1.1272622032265645e-05 1.815132861793245e-07 -1.3676991329703014e-05 1.0
0.8333333134651184 -4.54068094768445e-06 -4.0600971260573715e-06 2.526062962715514e-05 -1.988229814742226e-05 4.303252808313118e-06 -8.760824130149558e-06 1.0
0.8666666746139526 -7.549417205154896e-05 1.8237375115859322e-05 -3.3654308936093e-05 -7.386900506389793e-06 2.2787695343140513e-05 -3.115753861493431e-05 1.0
0.8999999761581421 -2.67351479124045e-05 2.45149785769172e-05 -2.4467908588121645e-06 -1.2718392099486664e-05 5.259448698780034e-06 -2.9143289793864824e-05 1.0
0.9333333373069763 -1.052006791724125e-05 1.8087117496179417e-05 1.6613597836112604e-05 -8.778510164120235e-06 1.1502579582156613e-06 -2.3154329028329812e-05 1.0
0.9666666388511658 -3.1188843422569335e-05 3.579157419153489e-05 -2.3196493202704005e-05 -7.628561888850527e-06 6.205403678904986e-06 -3.3262913348153234e-05 1.0
1.0 -9.492386197962333e-06 7.173626954681822e-07 7.72495968703879e-06 -1.7840327927842736e-05 3.0411524676310364e-06 -1.4433503565669525e-05 1.0
1.0333333015441895 -5.095962842460722e-05 -4.525433269009227e-06 -3.141750494251028e-05 -3.9471669879276305e-05 1.948350529801246e-07 -3.3175125281559303e-05 1.0
1.0666667222976685 -1.3029620276938658e-05 -8.371680451091379e-06 5.301380224409513e-05 -2.997353658429347e-05 -2.1822053895448335e-05 8.116398930724245e-06 1.0
1.100000023841858 -1.2004880773019977e-05 9.167437383439392e-06 2.1730222215410322e-05 -1.3103669516567606e-05 6.921487056388287e-06 -1.307087040913757e-05 1.0
1.1333333253860474 -2.8535541787277907e-06 6.391218903445406e-06 2.5494864530628547e-05 -1.1104494660685305e-05 2.177880105591612e-06 -9.378062713949475e-06 1.0
1.1666666269302368 -1.5927591448416933e-05 3.086292781517841e-05 -7.0429218794743065e-06 -8.054736099438742e-06 1.402331918143318e-06 -3.512183320708573e-05 1.0
1.2000000476837158 -2.392146416241303e-05 2.1294783437042497e-05 -2.9606831958517432e-05 -1.892007094284054e-05 -6.274163411035261e-07 -3.511663089739159e-05 1.0
1.2333333492279053 -3.834072231256869e-06 2.7584605049923994e-05 7.42035626899451e-05 -7.34739887775504e-06 -1.1385604011593387e-05 -1.2755841453326866e-05 1.0
1.2666666507720947 -1.343756593996659e-05 5.024067377235042e-06 1.313521988777211e-05 -1.5552432159893215e-05 5.8410701058164705e-06 -1.9781826267717406e-05 1.0
1.2999999523162842 -8.916729711927474e-06 2.4051303626038134e-05 6.70170811645221e-06 -6.031304110365454e-06 4.607315862159567e-09 -2.225379466835875e-05 1.0
1.3333333730697632 -1.4329029909276869e-05 2.043877793767024e-05 1.5949390217429027e-05 -9.889642569760326e-06 6.3612887970521115e-06 -1.645253723836504e-05 1.0
1.3666666746139526 -7.004015515121864e-06 -5.973320185148623e-06 8.511229907526285e-07 -1.9814253391814418e-05 -1.4177526281855535e-06 -9.272521310776938e-06 1.0
1.399999976158142 -1.2664492714975495e-05 1.1709050340868998e-05 1.579040508659091e-05 -1.7508842574898154e-05 2.59089256360312e-06 -2.614643562992569e-05 1.0
1.4333332777023315 -4.596646249410696e-05 4.759905095852446e-06 -1.391475962009281e-05 -1.9961598809459247e-05 -1.3488405556927319e-06 -4.183236524113454e-05 1.0
1.4666666984558105 -1.5189031728368718e-05 1.7167900296044536e-05 8.422186510870233e-06 -1.00744591691182e-05 5.366004643292399e-06 -2.139106800314039e-05 1.0
1.5 -3.934338565159123e-06 1.834605063777417e-05 1.858569339674432e-05 -9.342871635453776e-06 2.9306338547030464e-06 -1.7204079995281063e-05 1.0
1.5333333015441895 -7.71120630815858e-06 1.0126089364348445e-05 2.565271279308945e-05 -1.4554316294379532e-05 4.179048119112849e-06 -1.6842395780258812e-05 1.0
1.5666667222976685 -3.505036875139922e-05 4.128081855014898e-05 -2.8903281418024562e-05 -6.5927242758334614e-06 7.998618457349949e-06 -3.7728641473222524e-05 1.0
1.600000023841858 -2.2267528038355522e-05 8.922065717342775e-06 -3.323813871247694e-06 -1.834477916418109e-05 8.126139618980233e-07 -6.479527655756101e-06 1.0
1.6333333253860474 -1.4427844689635094e-05 9.394056178280152e-06 1.9882891137967817e-05 -1.2065684131812304e-05 6.491309704870218e-06 -1.4478101547865663e-05 1.0
1.6666666269302368 -1.4526262930303346e-05 1.1852775060106069e-05 -4.4527187128551304e-06 -1.893594890134409e-05 7.413137268486025e-07 -3.479946099105291e-05 1.0
1.7000000476837158 -3.7882400647504255e-05 2.016070175159257e-05 -4.7275640099542215e-05 -1.7044700143742375e-05 4.594423899106914e-06 -3.2564472348894924e-05 1.0
1.7333333492279053 -9.979747119359672e-05 -8.62513388710795e-06 -0.00010104219836648554 -5.0973703764611855e-05 -1.4841315532976296e-05 -7.447376992786303e-05 1.0
1.7666666507720947 -2.06213576348091e-06 1.0023284630733542e-05 2.014151141338516e-05 -1.6793410395621322e-05 -6.04362810463499e-07 -2.270570803375449e-05 1.0
1.7999999523162842 -5.8987949159927666e-05 1.619330760149751e-05 -3.164130976074375e-05 -1.0051406206912361e-05 1.3317536286194809e-05 -3.620786083047278e-05 1.0
1.8333333730697632 -2.3041868189466186e-05 1.321209219895536e-05 7.4584336289262865e-06 -1.3224066606198903e-05 9.649456842453219e-06 -1.4861817362543661e-05 1.0
1.8666666746139526 -8.20217392174527e-05 2.5290486519224942e-05 -4.274342063581571e-05 -6.290132660069503e-06 2.3084203348844312e-05 -4.888882540399209e-05 1.0
1.899999976158142 -2.8855201890110038e-05 1.5293202523025684e-05 1.4477185686700977e-05 -1.849433101597242e-05 3.5278503673907835e-06 -2.7668274924508296e-05 1.0
1.9333332777023315 -9.247687557945028e-06 1.2657653314818162e-05 1.3714705346501432e-05 -1.0927577932307031e-05 3.239894340367755e-06 -1.1702609299391042e-05 1.0
1.9666666984558105 -1.8347582226851955e-05 1.4568327060260344e-05 2.475825340297888e-06 -2.2333704691845924e-05 -1.0109411050507333e-05 -1.8722264940151945e-05 1.0
2.0 -2.0888001017738134e-05 -1.64733955898555e-05 -6.17406203673454e-06 -3.365437078173272e-05 4.107613094106455e-08 -8.15568637335673e-06 1.0
2.0333333015441895 -5.457451152324211e-06 -1.1420615010138135e-05 1.4596302207792178e-05 -2.4616861992399208e-05 -2.6722832444647793e-06 -5.97820235270774e-06 1.0
2.066666603088379 -4.963267201674171e-05 3.266533894930035e-05 -4.8457040975335985e-05 -1.848650208557956e-05 4.047974925924791e-06 -4.013097714050673e-05 1.0
2.0999999046325684 -1.9438313756836578e-05 4.494284439715557e-06 3.3212852486030897e-06 -2.363067505939398e-05 4.6661421038152184e-06 -1.736206831992604e-05 1.0
2.133333444595337 -1.5180902664724272e-05 2.2903510398464277e-05 5.596464689006098e-06 -7.775742233206984e-06 6.245764780032914e-06 -2.3199509087135084e-05 1.0
2.1666667461395264 -1.070555026672082e-05 1.3344589206099045e-05 7.009223281784216e-06 -1.1751138117688242e-05 3.5383563954383135e-06 -2.4024799131439067e-05 1.0
2.200000047683716 -1.757790414558258e-05 1.3015582226216793e-05 -1.061867533280747e-05 -1.9358463759999722e-05 3.2109926451084903e-06 -2.7242313080932945e-05 1.0
2.2333333492279053 -7.368885235337075e-06 -1.4264373930927832e-06 8.141848411469255e-06 -1.767847606970463e-05 -1.2106841040804284e-06 -1.3229947398940567e-05 1.0
2.2666666507720947 -1.0340170774725266e-05 1.2848970243339863e-07 4.554796760203317e-06 -2.3736103685223497e-05 1.6265040585494717e-06 -1.728783354337793e-05 1.0
2.299999952316284 -1.2294108273636084e-05 5.8681621339928824e-06 2.4158369342330843e-05 -2.1900597857893445e-05 7.893348993093241e-06 -1.3536387086787727e-05 1.0
2.3333332538604736 -2.7876287276740186e-05 4.910799816570943e-06 2.040600884356536e-05 -2.2486026864498854e-05 5.7394072427996434e-06 -1.5263609384419397e-05 1.0
2.366666555404663 -1.4082796951697674e-05 1.4904853742336854e-05 1.760885788826272e-05 -1.8568174709798768e-05 1.7698735064186621e-06 -3.178496262989938e-05 1.0
2.4000000953674316 -5.601679004030302e-05 -1.399087250320008e-05 -5.5576307204319164e-05 -4.256605097907595e-05 -4.688777607952943e-06 -4.057129262946546e-05 1.0
2.433333396911621 5.818174031446688e-06 7.408536475850269e-06 3.288424704805948e-05 -1.2360159416857641e-05 -4.869406211582827e-07 -2.5090448616538197e-05 1.0
2.4666666984558105 -5.045583748142235e-05 4.190599429421127e-05 -2.7278294510324486e-05 -1.6412830518675037e-05 6.760918495274382e-06 -4.7137691581156105e-05 1.0
2.5 -5.7215675042243674e-05 2.922238491009921e-05 -3.362796996952966e-05 -5.696330845239572e-06 7.1821505116531625e-06 -5.496619996847585e-05 1.0
2.5333333015441895 -9.041893463290762e-06 1.9222763512516394e-05 2.0126102754147723e-05 -8.44635178509634e-06 4.874474143434782e-06 -2.452715125400573e-05 1.0
2.566666603088379 -4.662977062253049e-06 1.802577025955543e-05 1.5459294445463456e-05 -9.951837455446366e-06 2.4600476535852067e-06 -2.0937170120305382e-05 1.0
2.5999999046325684 2.764362761809025e-06 9.183969496007194e-07 2.498016328900121e-05 -1.6381809473386966e-05 -3.5594371183833573e-06 -1.345022701570997e-05 1.0
2.633333444595337 -5.1653143600560725e-05 -2.160180520149879e-05 -1.1550446288310923e-05 -4.4228207116248086e-05 -4.627317321137525e-05 -1.818850068957545e-05 1.0
2.6666667461395264 -1.9314004020998254e-05 1.6179748854483478e-05 -4.646645265893312e-06 -1.3628233318740968e-05 6.896641480125254e-06 -2.4891618522815406e-05 1.0
2.700000047683716 -3.5807017411570996e-05 4.9050206143874675e-05 -3.5207413020543754e-05 -5.015624083171133e-06 6.277336524362909e-06 -5.255314681562595e-05 1.0
2.7333333492279053 -5.169342330191284e-06 -6.218565886229044e-06 2.2638492737314664e-05 -2.1776357243652456e-05 4.748231276607839e-06 -1.2345306458882987e-05 1.0
2.7666666507720947 -1.1072242159571033e-05 6.533701252919855e-06 1.3030915397393983e-05 -1.529855035187211e-05 5.048555976827629e-06 -1.750898991303984e-05 1.0
2.799999952316284 -2.5177076167892665e-05 1.8242901205667295e-05 -1.526982850919012e-05 -1.729881660139654e-05 -1.420506123395171e-06 -2.494448381185066e-05 1.0
2.8333332538604736 -1.3964468053018209e-05 1.5645664461771958e-05 -1.2378288261061243e-07 -2.2708256437908858e-05 1.8659397937881295e-07 -3.383467992534861e-05 1.0
2.866666555404663 -1.5863890439504758e-05 1.5796609659446403e-05 1.1868654837599024e-05 -1.4543277757184114e-05 2.278384727105731e-06 -2.8201193345012143e-05 1.0
2.9000000953674316 -8.404941581829917e-06 1.1923761121579446e-05 6.171347649797099e-06 -1.3645786566485185e-05 -2.309882802364882e-06 -1.9289956981083378e-05 1.0
2.933333396911621 -1.2104442248528358e-05 7.66045650379965e-06 8.226876161643304e-06 -1.5643092410755344e-05 4.575635557557689e-06 -1.4938175809220411e-05 1.0
2.9666666984558105 -1.692261685093399e-05 2.6599391276249662e-05 -6.787340225855587e-06 -1.0382049367763102e-05 4.15514296037145e-06 -3.11591247736942e-05 1.0
3.0 -8.232100299210288e-06 1.4459395060839597e-05 2.0921888790326193e-05 -9.4409679149976e-06 3.931523337996623e-07 -2.444919664412737e-05 1.0
3.0333333015441895 -1.9965600586147048e-05 2.1070947695989162e-05 -1.1042396181437653e-05 -1.277390038012527e-05 -2.105360579207627e-07 -1.6209269233513623e-05 1.0
3.066666603088379 -2.055112963716965e-05 1.4876482055115048e-05 -8.680874088895507e-06 -1.7333117284579203e-05 -7.59585759624315e-07 -2.0625475372071378e-05 1.0
3.0999999046325684 -2.4034889634094725e-07 -1.32533050418715e-05 2.5977298719226383e-05 -2.545105598983355e-05 -2.458545850458904e-06 1.4175619753586943e-06 1.0
3.133333444595337 -2.460503310430795e-05 3.0116931156953797e-05 -1.3554024917539209e-05 -9.475794286117889e-06 6.638058039243333e-06 -3.324284989503212e-05 1.0
3.1666667461395264 -5.3978815230948385e-06 -8.55758389661787e-06 1.0827518053702079e-05 -2.1127209038240835e-05 6.69058835001124e-08 -1.2359879292489495e-05 1.0
3.200000047683716 -1.4451386050495785e-05 7.549123438366223e-06 5.094520020065829e-06 -1.9593619072111323e-05 -9.485632403993804e-07 -1.613380118214991e-05 1.0
3.2333333492279053 -7.33178821974434e-05 2.7872338250745088e-05 -4.0219307265942916e-05 -2.0886642232653685e-05 1.4752622519154102e-05 -5.761574720963836e-05 1.0
3.2666666507720947 -9.167840289592277e-06 -4.362083018349949e-06 2.143601705029141e-05 -2.3780023184372112e-05 -1.7884085536934435e-06 -6.210216724866768e-06 1.0
3.299999952316284 -2.043069434876088e-05 -5.1360621000640094e-06 -1.0374194971518591e-05 -2.500602204236202e-05 -8.172742127499077e-06 -1.2305525842748466e-06 1.0
3.3333332538604736 -3.2207390177063644e-05 4.5150009100325406e-06 -2.898215825553052e-05 -1.830091787269339e-05 3.5001196465600515e-06 -2.2721709683537483e-05 1.0
3.366666555404663 -5.879912350792438e-06 -3.471820264167036e-06 8.484457794111222e-06 -2.7157464501215145e-05 -1.8977440277012647e-06 -7.345946414716309e-06 1.0
3.4000000953674316 -2.3746551960357465e-05 2.4709777790121734e-05 -1.5900772268651053e-05 -8.574870662414469e-06 5.283689461066388e-06 -2.5241984985768795e-05 1.0
3.433333396911621 2.9263951546454336e-06 4.962570073985262e-06 1.3101443983032368e-05 -1.4532176464854274e-05 -4.103725586901419e-06 -1.8764447304420173e-05 1.0
3.4666666984558105 -1.4528839528793469e-05 1.4736786397406831e-05 9.003625564218964e-06 -1.3323194252734538e-05 2.0238828710716916e-06 -2.3672158931731246e-05 1.0
3.5 -3.790723667407292e-06 -7.972952516865917e-06 2.3815888198441826e-05 -3.0586284992750734e-05 -8.104236258077435e-06 -1.2330881872912869e-05 1.0
3.5333333015441895 -3.660760285129072e-06 -5.444368071039207e-06 3.163195287925191e-05 -1.8716651538852602e-05 2.3392931325361133e-06 -7.774096047796775e-06 1.0
3.566666603088379 -2.105293060594704e-05 -8.054839781834744e-06 -1.229664030688582e-05 -2.5376393750775605e-05 1.978478849196108e-06 -1.1196043487871066e-05 1.0
3.5999999046325684 -5.129291821504012e-06 2.5113080482697114e-05 2.1713032765546814e-05 -5.267754659143975e-06 1.7765424900062499e-06 -2.462485463183839e-05 1.0
3.633333444595337 -8.670958777656779e-05 2.3542852432001382e-05 -3.935260610887781e-05 -7.10736549081048e-06 2.1299809304764494e-05 -3.585902231861837e-05 1.0
3.6666667461395264 -8.430372872680891e-06 3.468169325060444e-06 8.825349482322054e-07 -1.947411692526657e-05 -5.073806619293464e-07 -1.6667652744217776e-05 1.0
3.700000047683716 -2.4351732008653926e-06 -4.997909286430513e-07 2.083678191411309e-05 -2.1043813831056468e-05 -3.4876811128015106e-07 -1.3789230251859408e-05 1.0
3.7333333492279053 3.1517552088189404e-06 7.050516614981461e-06 2.6903257094090804e-05 -1.554320078867022e-05 -4.833534603676526e-06 -1.0076136277348269e-05 1.0
3.7666666507720947 -3.660644779301947e-06 6.249817943171365e-06 2.5884823116939515e-05 -1.6499396224389784e-05 2.3189888054275798e-07 -1.710613832983654e-05 1.0
3.799999952316284 -6.974902134970762e-06 -1.0618524356686976e-05 2.142143785022199e-05 -2.6292307666153647e-05 1.3025883163209073e-06 -1.4834200555924326e-05 1.0
3.8333332538604736 -1.1339018783473875e-05 1.429589360668615e-06 8.718852768652141e-06 -2.0765688532264903e-05 4.627260750567075e-06 -1.4138604456093162e-05 1.0
3.866666555404663 -3.7765541492262855e-05 9.53402923187241e-06 -2.2529897250933573e-05 -3.2163345167646185e-05 5.069995950179873e-06 -3.8153935747686774e-05 1.0
3.9000000953674316 -8.651879397802986e-06 -1.9723361219803337e-06 -2.023554770858027e-06 -2.5959638151107356e-05 -6.280600246100221e-06 -1.4922017726348713e-05 1.0
3.933333396911621 -1.1411332707211841e-05 1.3869911526853684e-05 2.4673598090885207e-05 -1.2359249922155868e-05 5.803412477689562e-06 -1.8199805708718486e-05 1.0
3.9666666984558105 2.9205336886661826e-06 1.4382167137227952e-05 2.2472549972007982e-05 -7.832768460502848e-06 -3.5036048302572453e-06 -1.591637555975467e-05 1.0
4.0 -1.2428782611095812e-05 1.5588337191729806e-05 1.7375494962834637e-06 -1.2293570762267336e-05 1.0057692634291016e-06 -1.3447799574350938e-05 1.0
4.0333333015441895 -5.844928182341391e-06 -5.309106200002134e-06 4.034501398564316e-05 -2.6319868993596174e-05 4.348053607827751e-06 -8.185975275409874e-06 1.0
4.066666603088379 -2.495530316082295e-05 1.9116847397526726e-05 5.66258790968277e-07 -1.755266021064017e-05 2.8150373054813826e-06 -2.6826437533600256e-05 1.0
4.099999904632568 -2.798758214339614e-05 3.6728074519487564e-06 -2.182760181312915e-05 -3.6125737096881494e-05 -1.0360703299738816e-06 -3.5242013836978e-05 1.0
4.133333206176758 1.3808718222207972e-06 1.9593317119870335e-06 2.9665343390661292e-05 -1.3765730727754999e-05 1.225556275130657e-06 -1.1338920558046084e-05 1.0
4.166666507720947 -5.7327793911099434e-05 7.202196229627589e-06 -1.9712129869731143e-05 -2.8236102025402943e-06 1.7098927855840884e-05 -3.0795621569268405e-05 1.0
4.199999809265137 -6.363518878060859e-06 1.0509438652661629e-05 2.889982351916842e-05 -1.1331342648190912e-05 2.546141331549734e-06 -1.6760142898419872e-05 1.0
4.233333110809326 -1.1043156519008335e-05 1.458373731111351e-06 1.3653838323079981e-05 -1.833034366427455e-05 5.531564511329634e-06 -1.7769221813068725e-05 1.0
4.266666889190674 -4.192358119325945e-06 2.3541608243249357e-05 1.556903043820057e-05 -7.9234405347961e-06 -2.1001457639613363e-07 -3.166962051182054e-05 1.0
4.300000190734863 -1.6351419617421925e-05 1.2368181160127278e-05 1.0700769962568302e-05 -1.5371409972431138e-05 3.082746616200893e-06 -2.1328081857063808e-05 1.0
4.333333492279053 -8.580074791098014e-06 3.961921720474493e-06 -2.1796270175400423e-06 -1.975289524125401e-05 -1.870497357003842e-07 -8.499132491124328e-06 1.0
4.366666793823242 -4.031340722576715e-05 3.3094329410232604e-05 -2.780107934086118e-05 -6.524101650029479e-07 1.0187362022406887e-05 -2.9344973881961778e-05 1.0
4.400000095367432 -1.5869387425482273e-05 1.4469310372078326e-05 -2.868270030376152e-06 -1.4373444173543248e-05 4.050337338412646e-06 -2.5140632715192623e-05 1.0
4.433333396911621 -3.354415457579307e-05 1.1334771443216596e-05 1.4656625353381969e-05 -1.9858056475641206e-05 -5.910727054470044e-07 -2.4959334041341208e-05 1.0
4.4666666984558105 -8.701237675268203e-06 2.7012920327251777e-06 2.9505845304811373e-05 -1.693268677627202e-05 6.253958872548537e-06 -1.2039239663863555e-05 1.0
4.5 -1.0869060133700259e-05 5.721415732296009e-07 6.683418177999556e-06 -1.8810293113347143e-05 3.9224546526384074e-06 -1.5611971321050078e-05 1.0
4.5333333015441895 -1.5791576515766792e-05 1.3616916476166807e-05 1.534972216177266e-05 -9.378698450746015e-06 7.32277021597838e-06 -1.60993240569951e-05 1.0
4.566666603088379 -4.931109651806764e-05 5.544776649912819e-05 -5.9762271121144295e-05 -1.0136453056475148e-05 9.524476809019689e-06 -5.748263356508687e-05 1.0
4.599999904632568 -2.8482996640377678e-05 2.8714883228531107e-05 -1.604203316674102e-05 -1.4739118341822177e-05 2.7004259663954144e-06 -3.987269155913964e-05 1.0
4.633333206176758 -2.119948658219073e-05 1.4801107681705616e-05 -2.2259080651565455e-05 -1.6015021174098365e-05 2.3144777969719144e-06 -3.192263829987496e-05 1.0
4.666666507720947 -1.8682016161619686e-05 4.978762717655627e-06 1.7872598618851043e-05 -2.0212384697515517e-05 7.960217772051692e-06 -1.9982999219791964e-05 1.0
4.699999809265137 -6.041598226147471e-06 -3.5173175092495512e-06 2.51327201112872e-05 -1.9810464436886832e-05 1.5452875459232018e-06 -5.863424576091347e-06 1.0
4.733333110809326 -2.1484018361661583e-05 2.1066713088657707e-05 -5.7851998462865595e-06 -8.864964911481366e-06 8.019733286346309e-06 -2.458242670400068e-05 1.0
4.766666889190674 -4.567487849271856e-06 1.0718564226408489e-05 2.2447367882705294e-05 -8.109658665489405e-06 2.9724697014898993e-06 -1.729018367768731e-05 1.0
4.800000190734863 -2.2257150703808293e-05 1.2409961527737323e-05 7.304856808332261e-06 -1.384541883453494e-05 1.0974200449709315e-05 -1.9298004190204665e-05 1.0
4.833333492279053 -1.7867509086499922e-05 1.7422476958017796e-05 7.99339403556587e-08 -1.3723025404033251e-05 1.960394456546055e-06 -2.5550702048349194e-05 1.0
4.866666793823242 -1.860212069004774e-05 3.882506007357733e-06 -1.0487665349501185e-05 -2.026281254075002e-05 3.954157364205457e-06 -1.925194555951748e-05 1.0
4.900000095367432 -1.5033009731268976e-05 1.8912198356701992e-05 1.0915625352936331e-05 -7.149628345359815e-06 5.8669161262514535e-06 -1.9737592083401978e-05 1.0
4.933333396911621 -2.4498836864950135e-05 2.579857209639158e-05 -1.5527999494224787e-05 -9.21718128665816e-06 5.697712822438916e-06 -2.1262660084175877e-05 1.0
4.9666666984558105 3.987349828094011e-06 5.826828441968246e-08 2.7440661142463796e-05 -1.7572627257322893e-05 -5.634621629724279e-06 -1.0658651262929197e-05 1.0
5.0 -2.504021904314868e-05 1.6193213014048524e-05 -7.613287834828952e-06 -1.7353977455059066e-05 6.21320305072004e-06 -3.017029848706443e-05 1.0
5.0333333015441895 -1.2968827832082752e-05 -9.323160156782251e-06 9.260883416573051e-06 -2.282723471580539e-05 3.064149041165365e-06 -1.1060930773965083e-05 1.0
5.066666603088379 -1.6669754359099898e-06 3.306892949694884e-06 1.906115357996896e-05 -1.474023338232655e-05 2.4651569674460916e-06 -1.1111829735455103e-05 1.0
5.099999904632568 -1.343752501270501e-05 2.4052016669884324e-05 -2.4280554953293176e-06 -8.01364967628615e-06 1.9745007193705533e-06 -2.6398571208119392e-05 1.0
5.133333206176758 -0.0001034488232107833 2.0273422705940902e-05 -8.300603076349944e-05 -2.996251714648679e-05 2.2714899387210608e-05 -6.187047256389633e-05 1.0
5.166666507720947 -6.027523340890184e-06 2.101101927109994e-05 2.2133524907985702e-05 -4.851115136261797e-06 4.5739764686913986e-07 -2.3103992134565488e-05 1.0
5.199999809265137 -1.0622473382682074e-05 2.016627831835649e-06 8.131733920890838e-06 -1.9621540559455752e-05 -1.1651843578874832e-07 -1.9054619770031422e-05 1.0
5.233333110809326 -6.741166089341277e-06 1.3754867723037023e-05 2.4599597963970155e-05 -8.149870154738892e-06 2.819947212628904e-06 -1.5464695025002584e-05 1.0
5.266666889190674 -1.3911649148212746e-05 1.120737215387635e-05 1.9908919057343155e-05 -1.3168909390515182e-05 3.709998509293655e-06 -2.1566589566646144e-05 1.0
5.300000190734863 -3.037350506929215e-05 2.2575568436877802e-05 -4.907673428533599e-06 -1.1509365322126541e-05 1.3190086065151263e-05 -2.148591556760948e-05 1.0
5.333333492279053 -1.4465732419921551e-05 1.5516413895966252e-06 1.2174250514362939e-05 -2.052192940027453e-05 1.510488516487385e-07 -2.262328598590102e-05 1.0
5.366666793823242 -1.1746723203032161e-06 4.677395281760255e-06 1.1821639418485574e-05 -1.617240377527196e-05 -2.3302279217318755e-08 -1.9958755729021505e-05 1.0
5.400000095367432 -1.8985070710186847e-05 1.365905518468935e-06 2.6509040253586136e-05 -2.2517335310112685e-05 1.9856656763295177e-06 -2.1597204977297224e-05 1.0
5.433333396911621 -9.877442789729685e-05 -3.1488107197219506e-05 4.022178109153174e-05 -2.5073195502045564e-05 6.604967438761378e-06 -3.8064506952650845e-05 1.0
5.4666666984558105 -8.115197488223203e-06 9.767951269168407e-06 2.568207128206268e-05 -1.824892569857184e-05 4.789663066162575e-08 -2.2140158762340434e-05 1.0
5.5 -5.57425846636761e-05 2.4660152121214196e-05 -4.00993121729698e-05 -2.2996267944108695e-05 1.0481079698365647e-05 -4.167671067989431e-05 1.0
5.5333333015441895 -1.1067527339037042e-05 -3.2474258659931365e-06 -2.2946642275201157e-05 -2.6957326554111205e-05 -9.125537872023415e-06 -1.1204321708646603e-05 1.0
5.566666603088379 -3.9109108911361545e-05 2.9360398912103847e-05 -5.618128489004448e-05 -3.585195145205944e-06 -6.916854090377456e-06 -2.4932847736636177e-05 1.0
5.599999904632568 2.689192797333817e-06 8.35754781292053e-06 1.9108536434941925e-05 -1.1631130291789304e-05 -3.3279522426710173e-07 -1.4653833204647526e-05 1.0
5.633333206176758 -3.0088947823969647e-05 2.1525362171814777e-05 -8.111140232358593e-06 -1.625864206289407e-05 8.529569640813861e-06 -2.384647996223066e-05 1.0
5.666666507720947 -1.9421373508521356e-05 5.192377557250438e-06 1.1530159099493176e-05 -1.9132043235003948e-05 7.71962459111819e-06 -1.8167836969951168e-05 1.0
5.699999809265137 -6.611487333429977e-05 3.542701597325504e-05 -1.041032464854652e-05 3.3249823445657967e-06 1.5508127034991048e-05 -2.5164588805637322e-05 1.0
5.733333110809326 -9.93600842775777e-05 4.633315620594658e-05 -5.1126928156008944e-05 1.765866909408942e-05 2.1112015019753017e-05 -3.796172677539289e-05 1.0
5.766666889190674 -1.0757816198747605e-05 1.73431199073093e-05 4.147294021095149e-05 -1.403023452439811e-05 -9.071448516806413e-07 -2.0460012819967233e-05 1.0
5.800000190734863 -1.7261796529055573e-05 2.2582396923098713e-05 6.915092399140121e-06 -6.0865040723001584e-06 5.254770258034114e-06 -2.297710489074234e-05 1.0
5.833333492279053 -1.1218656254641246e-05 1.4032784747541882e-05 2.414952905382961e-05 -9.576744560035877e-06 5.935180524829775e-06 -1.1826035915873945e-05 1.0
5.866666793823242 -5.395705557020847e-06 1.098718166758772e-05 2.4091010345728137e-05 -9.512817996437661e-06 7.980101486282365e-07 -1.4302976524049882e-05 1.0
5.900000095367432 8.027606099858531e-07 -4.568722147269e-07 -4.518291007116204e-06 -2.9064472983009182e-05 -1.0749230568762869e-05 -2.0347899408079684e-05 1.0
5.933333396911621 -4.793364041688619e-06 -1.1105049452453386e-05 5.163033711141907e-05 -2.9893688406446017e-05 -2.4489895622537006e-06 -1.0881182106459164e-06 1.0
5.9666666984558105 -4.6001609007362276e-05 3.996165833086707e-05 -3.262726386310533e-05 -9.074781701201573e-06 1.324252207268728e-05 -3.558800381142646e-05 1.0
6.0 -1.2256522495590616e-05 -5.3545636546914466e-06 7.263048473760136e-07 -2.6801819331012666e-05 -1.917886493174592e-06 1.4706412230225396e-06 1.0
6.0333333015441895 -0.0001385449431836605 1.0831483450601809e-05 -8.330767013831064e-05 1.2456757758627646e-05 3.4535591112216935e-05 -6.672523886663839e-05 1.0
6.066666603088379 -1.8849672414944507e-05 1.6788071661721915e-05 -5.475994839798659e-06 -1.7830319848144427e-05 6.284752203100652e-07 -2.5234276108676568e-05 1.0
6.099999904632568 -2.1531053789658472e-05 -5.436497190203227e-07 -1.1475678547867574e-05 -2.6244983018841594e-05 6.384442713169847e-06 -1.2421432074916083e-05 1.0
6.133333206176758 -1.8929514453702723e-06 -1.4246104910853319e-05 2.270923687319737e-05 -2.5198765797540545e-05 -2.1012790512031643e-06 5.425481504062191e-07 1.0
6.166666507720947 -4.743575118482113e-06 1.5689547581132501e-06 1.3872564522898756e-05 -1.5995035937521607e-05 -5.165874767953937e-07 -1.0496371032786556e-05 1.0
6.199999809265137 -2.3902373868622817e-05 2.0212359231663868e-05 -3.4421996133460198e-06 -1.1862335668411106e-05 8.062813321885187e-06 -1.7081954865716398e-05 1.0
6.233333110809326 -1.4383404050022364e-05 1.3240797670732718e-05 1.7908509107655846e-05 -1.3597237739304546e-05 6.773722816433292e-06 -1.8110453311237507e-05 1.0
6.266666889190674 -4.987273860024288e-05 4.0400438592769206e-05 -3.834797826129943e-05 -7.342295702983392e-06 1.487885310780257e-05 -3.474858749541454e-05 1.0
6.300000190734863 -1.561180397402495e-05 1.4709082279296126e-05 1.7094167560571805e-05 -1.3749749086855445e-05 -4.4627636270888615e-06 -3.276228017057292e-05 1.0
6.333333492279053 -1.506724856881192e-05 1.525975858385209e-05 2.4120492525980808e-05 -1.0922574801952578e-05 6.582139576494228e-06 -2.0891016902169213e-05 1.0
6.366666793823242 -1.2632122889044695e-05 1.2511481145338621e-05 -6.148977263364941e-06 -1.5305822671507485e-05 1.6145610288731405e-06 -2.2257914679357782e-05 1.0
6.400000095367432 -3.402644506422803e-05 8.706493304089236e-07 -2.039994615188334e-05 -7.737630767223891e-06 1.0251274943584576e-05 -1.8773960619000718e-05 1.0
6.433333396911621 -6.553199909831164e-06 5.356705514714122e-06 1.024858374876203e-05 -1.4610895959776826e-05 1.005866238301678e-06 -9.79047308646841e-06 1.0
6.4666666984558105 -0.00010692283831303939 -9.71725967247039e-07 -6.10355127719231e-05 -3.671276863315143e-05 7.90099591085891e-07 -6.11608411418274e-05 1.0
6.5 -1.8377331798546948e-05 2.6070818421430886e-05 1.9361295926501043e-05 -1.0220316653430928e-05 3.302216100564692e-07 -3.350072438479401e-05 1.0
6.5333333015441895 -8.452970178041141e-06 7.313672654163383e-07 1.892599175334908e-05 -1.534086186438799e-05 3.2106163416756317e-06 -5.956291715847328e-06 1.0
6.566666603088379 -8.234972483478487e-06 2.6582192731439136e-05 2.4473505618516356e-05 -1.0647784165485064e-06 -1.2695566056208918e-06 -1.8139677194994874e-05 1.0
6.599999904632568 -1.7354788724333048e-05 2.6188652554992586e-05 -1.8959725593958865e-06 -6.8451190600171685e-06 3.065701321247616e-06 -2.2402555259759538e-05 1.0
6.633333206176758 6.052209755580407e-06 4.373318915895652e-06 4.3507650843821466e-05 -1.581410651851911e-05 -1.9373521809029626e-06 -1.2733510629914235e-05 1.0
6.666666507720947 -1.090872501663398e-05 6.470492735388689e-06 2.2109365090727806e-05 -1.4130243471299764e-05 6.607107479794649e-06 -1.4705797184433322e-05 1.0
6.699999809265137 -6.168245818116702e-06 1.0710801689128857e-05 2.2133957827463746e-05 -8.004300980246626e-06 4.00785847887164e-06 -1.262543628399726e-05 1.0
6.733333110809326 -2.5828861907939427e-05 2.0310539184720255e-05 -9.018708624353167e-06 -1.225387768499786e-05 7.781140993756708e-06 -1.889574014057871e-05 1.0
6.766666889190674 -4.710411303676665e-05 5.036764559918083e-05 -4.8173085815506056e-05 -5.2610917009587865e-06 5.855894869455369e-06 -3.4611421142471954e-05 1.0
6.800000190734863 -6.813875370426103e-05 3.16098885377869e-05 -2.3037948267301545e-05 -1.517137025075499e-05 1.0162096941712662e-06 -2.5898698368109763e-05 1.0
6.833333492279053 -1.1120540875708684e-05 -5.177005732548423e-06 -9.50727189774625e-06 -2.0540152036119252e-05 -1.0507568504181108e-06 -4.804001946467906e-06 1.0
6.866666793823242 -8.961972525867168e-06 2.514209882065188e-05 1.4569232007488608e-05 -7.715344509051647e-06 8.130269861794659e-07 -2.714429319894407e-05 1.0
6.900000095367432 -1.698226697044447e-05 2.853781006706413e-05 -1.0708733498177025e-05 -1.0661708074621856e-05 3.264837857841485e-07 -3.2734667911427096e-05 1.0
6.933333396911621 -2.1751959593530046e-06 -1.090143541659927e-05 3.0388640880119056e-05 -2.6742069167084992e-05 -1.740936909300217e-06 -8.97481913852971e-06 1.0
6.9666666984558105 -2.1204030417720787e-05 1.707599949440919e-05 -1.7679290976957418e-05 -2.1826090232934803e-05 1.3703332513159694e-07 -3.66966996807605e-05 1.0
7.0 -5.1932179303548764e-06 1.9943146980949678e-05 3.891471806127811e-06 -7.205606380011886e-06 -3.526623459038092e-06 -2.57229676208226e-05 1.0
7.0333333015441895 2.0452416720218025e-05 -3.595490852603689e-05 2.5562050723237917e-05 -4.3031923269154504e-05 -3.0450481062871404e-05 2.1003639631089754e-05 1.0
7.066666603088379 7.565521627839189e-06 -5.412573955254629e-06 2.080586455122102e-05 -2.178625982196536e-05 -7.460325377905974e-06 -1.0865502190426923e-05 1.0
7.099999904632568 -3.7081781556480564e-06 6.740250682923943e-06 2.469809442118276e-05 -1.3561711966758594e-05 2.6430752768646926e-06 -1.7398913769284263e-05 1.0
7.133333206176758 -4.848918251809664e-06 -1.3324254268809455e-06 2.7740919904317707e-05 -1.8281481970916502e-05 4.695562438428169e-06 -1.1945736332563683e-05 1.0
7.166666507720947 -2.417042378510814e-05 2.0393870727275498e-05 -2.0141253571637208e-06 -1.0386131179984659e-05 2.1805099095217884e-06 -1.7068159650079906e-05 1.0
7.199999809265137 -7.939988790894859e-06 1.4712627489643637e-05 2.1415151422843337e-05 -9.261752893507946e-06 6.525390290335054e-07 -1.3948250852990896e-05 1.0
7.233333110809326 -3.479236693237908e-05 2.0817389668081887e-05 -2.4032729925238527e-05 -1.1529328730830457e-05 -3.218030428797647e-07 -2.745664278336335e-05 1.0
7.266666889190674 -2.1016181563027203e-05 1.3264723747852258e-05 1.1088955034210812e-05 -1.841954690462444e-05 -1.36957078211708e-05 -1.751806735228456e-06 1.0
7.300000190734863 -2.6792881726578344e-06 4.791991159436293e-06 3.716165883815847e-05 -9.810753908823244e-06 2.4848172870406415e-06 -9.834464435698465e-06 1.0
7.333333492279053 -6.503452368633589e-06 2.85828355117701e-06 2.7675228920998052e-05 -1.8002258002525195e-05 5.95236815570388e-06 -1.4734840078745037e-05 1.0
7.366666793823242 -9.52198934101034e-06 2.047071802735445e-06 2.641324135765899e-05 -1.9514682207955047e-05 4.160332537139766e-06 -1.886066274892073e-05 1.0
7.400000095367432 -3.9725116948829964e-05 3.735997233889066e-05 -1.2204739505250473e-05 -1.6509406123077497e-05 1.1714034371834714e-05 -3.7174217141000554e-05 1.0
7.433333396911621 -9.915833288687281e-06 1.6018366295611486e-05 1.8258702766615897e-05 -1.0341087545384653e-05 2.104259465340874e-06 -1.8994847778230906e-05 1.0
7.4666666984558105 -1.1766958778025582e-05 3.077665951423114e-06 1.117719330068212e-05 -2.1465701138367876e-05 2.6040422653750284e-06 -1.510103447799338e-05 1.0
7.5 -3.5324928830959834e-06 -2.550779936427716e-05 1.3235387996246573e-05 -3.358050526003353e-05 -2.502351435396122e-06 1.152418008132372e-05 1.0
7.5333333015441895 -2.5367458874825388e-05 1.6692543795215897e-05 -9.438371307624038e-06 -2.180800038331654e-05 2.3821187369321706e-06 -2.685602339624893e-05 1.0
7.566666603088379 -9.48899905779399e-05 5.774840246886015e-05 -2.1714085960411467e-05 -1.3443282114167232e-06 1.16728342618444e-05 -5.3930973081151024e-05 1.0
7.599999904632568 -2.3797163066774374e-06 7.622298198839417e-06 3.432420999160968e-05 -1.3106267942930572e-05 -7.478421139239799e-06 -5.2504774430417456e-06 1.0
7.633333206176758 -2.9127548259566538e-05 2.136511102435179e-05 6.71561065246351e-05 -2.1364983695093542e-05 -1.0414404641778674e-05 -2.164727084164042e-05 1.0
7.666666507720947 -1.3007743291382212e-05 1.7987887986237183e-05 3.1764884624863043e-05 -2.0259913071640767e-05 3.2063542221294483e-06 -1.9074946976616047e-05 1.0
7.699999809265137 1.4473383089352865e-05 -5.406884883996099e-05 5.509063339559361e-05 -5.474171121022664e-05 -1.38264056204207e-07 1.948973113030661e-05 1.0
7.733333110809326 2.1552468751906417e-05 -3.815839590970427e-05 2.3970196707523428e-05 -4.400375109980814e-05 -1.5263671230059117e-05 2.0221099475747906e-05 1.0
7.766666889190674 5.693410457752179e-06 -6.221021521923831e-06 4.6880293666617945e-05 -1.7220943846041337e-05 1.4953958498153952e-06 -3.5070883086518734e-08 1.0
7.800000190734863 3.795614975388162e-05 -5.822481034556404e-05 7.592437032144517e-05 -7.166789873735979e-05 -1.5086406165210065e-05 4.55172048532404e-05 1.0
7.833333492279053 1.2876044820586685e-05 -1.862052158685401e-05 4.025953239761293e-05 -4.4186439481563866e-05 -5.763820809079334e-06 6.1801961237506475e-06 1.0
7.866666793823242 -1.1579415513551794e-05 -1.9843430436594645e-06 1.76065404957626e-05 -2.418510484858416e-05 5.121787580719683e-06 -9.969703569367994e-06 1.0
7.900000095367432 3.865858161589131e-06 1.6055009837145917e-05 4.766439815284684e-06 -8.252466727753927e-07 -7.69057351135416e-06 -8.292353413708042e-06 1.0
7.933333396911621 1.8468208509148099e-06 -9.124423741013743e-06 7.358085440500872e-06 -1.5932548194541596e-05 -1.303869612456765e-05 1.0676188139768783e-05 1.0
7.9666666984558105 -1.94111871678615e-05 2.144137624782161e-06 5.007125764677767e-06 -2.158512688765768e-05 7.390914561256068e-06 -1.0812798791448586e-05 1.0
8.0 7.172102868935326e-06 -3.139984255540185e-05 -2.6169251214014366e-05 -3.945713979192078e-05 -3.4970380511367694e-05 -7.0055320975370705e-06 1.0
8.033333778381348 -4.294022346584825e-06 1.5114625057321973e-05 -7.5099019340996165e-06 3.91246294384473e-06 -4.802933744940674e-06 -1.7756899978849106e-05 1.0
8.066666603088379 2.2604184778174385e-05 -3.615953028202057e-05 -1.287314353248803e-05 -3.146249582641758e-05 -3.930582897737622e-05 2.536480315029621e-05 1.0
8.100000381469727 1.561250064696651e-05 -5.493096978170797e-05 5.257391239865683e-05 -5.2966512157581747e-05 -2.155990841856692e-05 2.4926343030529097e-05 1.0
8.133333206176758 -6.600763299502432e-05 4.362689651316032e-06 0.00013625452993437648 1.1855613593070302e-05 -5.703631541109644e-05 -5.276130832498893e-05 1.0
8.166666984558105 1.0878302418859676e-05 1.6862228221725672e-05 -0.0005751151475124061 0.0015873006777837873 -0.0001583913981448859 -0.0004240394046064466 0.9999986886978149
8.199999809265137 -0.00012196147872600704 7.371846731984988e-05 -0.00016467344539705664 0.00011555081437109038 3.8782887713750824e-05 -3.5828310501528904e-05 1.0
8.233333587646484 4.246536627761088e-05 -8.743313082959503e-05 8.156766853062436e-05 -7.435680890921503e-05 -1.1252282092755195e-05 5.4215775890043005e-05 1.0
8.266666412353516 0.00020632708037737757 -0.0004889684496447444 0.0002510137564968318 -0.0003512043913360685 -5.343958400771953e-05 0.0002905337023548782 0.9999999403953552
8.300000190734863 -0.0008234474225901067 -0.002525120275095105 0.0010639227693900466 -0.0036481558345258236 0.0008820142829790711 0.0006403416628018022 0.9999927878379822
8.333333015441895 -0.0046114432625472546 -0.0036277323961257935 -0.00015919728321023285 -0.013342993333935738 -0.0001577463117428124 -0.00034968883846886456 0.9999109506607056
8.366666793823242 -0.009602667763829231 -0.0053502898663282394 -0.001424102229066193 -0.027180815115571022 -0.00015816223458386958 -0.00127390306442976 0.9996297359466553
8.399999618530273 -0.014479349367320538 -0.00844661332666874 -0.0049659437499940395 -0.04161965474486351 0.00024135025159921497 -0.0014606722397729754 0.9991324543952942
8.433333396911621 -0.021494679152965546 -0.014028061181306839 -0.014285423792898655 -0.05042246729135513 -0.0012304120464250445 -0.0030963364988565445 0.998722493648529
8.466666221618652 -0.0269621554762125 -0.019268224015831947 -0.028857257217168808 -0.051724519580602646 -0.003933340776711702 -0.007363813929259777 0.9986264705657959
8.5 -0.03276822715997696 -0.023948660120368004 -0.0448160246014595 -0.04888539761304855 -0.007822125218808651 -0.01015991810709238 0.9987221360206604
8.533333778381348 -0.04197921231389046 -0.03318263962864876 -0.06316868960857391 -0.04614279046654701 -0.01248858217149973 -0.010123468935489655 0.9988055229187012
8.566666603088379 -0.049376774579286575 -0.04124296084046364 -0.08019690960645676 -0.044214338064193726 -0.014772625640034676 -0.009848326444625854 0.9988643527030945
8.600000381469727 -0.05335403233766556 -0.04911928251385689 -0.0919918492436409 -0.04626554623246193 -0.016254492104053497 -0.010271511971950531 0.9987441301345825
8.633333206176758 -0.06047859042882919 -0.052541811019182205 -0.10104147344827652 -0.050752971321344376 -0.018526442348957062 -0.013362584635615349 0.9984500408172607
8.666666984558105 -0.06522900611162186 -0.05654144287109375 -0.10623528808355331 -0.05883869528770447 -0.024008966982364655 -0.017330804839730263 0.9978283047676086
8.699999809265137 -0.07735924422740936 -0.06229262799024582 -0.11014751344919205 -0.06880659610033035 -0.029196467250585556 -0.020551178604364395 0.9969909191131592
8.733333587646484 -0.08534479141235352 -0.06485378742218018 -0.10854195803403854 -0.08224498480558395 -0.038437340408563614 -0.02219289354979992 0.9956233501434326
8.766666412353516 -0.09410129487514496 -0.06405395269393921 -0.10161561518907547 -0.09795545041561127 -0.04238787293434143 -0.025197777897119522 0.9939683675765991
8.800000190734863 -0.10757450014352798 -0.06170785054564476 -0.09244324266910553 -0.1132371574640274 -0.04310811311006546 -0.028491441160440445 0.9922233819961548
8.833333015441895 -0.12213478237390518 -0.06003553047776222 -0.07811760157346725 -0.13081778585910797 -0.045524321496486664 -0.03141596168279648 0.989862322807312
8.866666793823242 -0.13194483518600464 -0.057124532759189606 -0.06681611388921738 -0.14529716968536377 -0.04944397509098053 -0.03474808856844902 0.9875407814979553
8.899999618530273 -0.14293186366558075 -0.059175584465265274 -0.056468646973371506 -0.15752394497394562 -0.051483966410160065 -0.035336222499608994 0.985538899898529
8.933333396911621 -0.11515552550554276 -0.043988440185785294 -0.0378074012696743 -0.1631993055343628 -0.05970600247383118 -0.0317060723900795 0.9842743277549744
8.966666221618652 -0.12701010704040527 -0.042725518345832825 -0.029436808079481125 -0.16704457998275757 -0.06693815439939499 -0.03204087167978287 0.9831525087356567
9.0 -0.13893790543079376 -0.040529560297727585 -0.02377389185130596 -0.1683877557516098 -0.07307913154363632 -0.03338167443871498 0.982441246509552
9.033333778381348 -0.15166427195072174 -0.03749430552124977 -0.016621960327029228 -0.17441299557685852 -0.0753311887383461 -0.03667837008833885 0.9811015129089355
9.066666603088379 -0.1642284393310547 -0.03295507654547691 -0.010257082991302013 -0.18252551555633545 -0.07498421519994736 -0.04005884379148483 0.9795188307762146
9.100000381469727 -0.17731566727161407 -0.028834544122219086 -0.005316698923707008 -0.18777665495872498 -0.07285286486148834 -0.042614858597517014 0.9785788059234619
9.133333206176758 -0.19015002250671387 -0.02579108625650406 -0.0015566535294055939 -0.19031095504760742 -0.07226995378732681 -0.0445871502161026 0.9780444502830505
9.166666984558105 -0.20064616203308105 -0.024730505421757698 0.000853939272928983 -0.19031846523284912 -0.07566593587398529 -0.04567156359553337 0.9777360558509827
9.199999809265137 -0.20999622344970703 -0.02702130377292633 0.0011683865450322628 -0.18878884613513947 -0.07759995758533478 -0.046118784695863724 0.9778600335121155
9.233333587646484 -0.21925431489944458 -0.028768062591552734 0.0007840388570912182 -0.18512651324272156 -0.07754649221897125 -0.04643983393907547 0.9785490036010742
9.266666412353516 -0.22767288982868195 -0.031042177230119705 -0.001217331737279892 -0.18095868825912476 -0.07830238342285156 -0.04672122374176979 0.9792547821998596
9.300000190734863 -0.23490948975086212 -0.03419698029756546 -0.003741330234333873 -0.17858989536762238 -0.07867801934480667 -0.047625910490751266 0.9796158075332642
9.333333015441895 -0.2417186051607132 -0.03656763955950737 -0.0066135902889072895 -0.1775260865688324 -0.07696224004030228 -0.04975301772356033 0.9798398017883301
9.366666793823242 -0.24712063372135162 -0.038365770131349564 -0.008824466727674007 -0.17796923220157623 -0.07441853731870651 -0.05138760060071945 0.9798715114593506
9.399999618530273 -0.2518931031227112 -0.04050420969724655 -0.010799244977533817 -0.1797424554824829 -0.07129652053117752 -0.05207967758178711 0.979743480682373
9.433333396911621 -0.2564665675163269 -0.04190703481435776 -0.013315376825630665 -0.1820903867483139 -0.06945892423391342 -0.051642537117004395 0.9794650077819824
9.466666221618652 -0.2598024904727936 -0.04290332272648811 -0.01860709860920906 -0.17759022116661072 -0.0696292594075203 -0.04848022758960724 0.9804402589797974
9.5 -0.26364606618881226 -0.044520460069179535 -0.02610486000776291 -0.17339441180229187 -0.06658343225717545 -0.04607020691037178 0.981518566608429
9.533333778381348 -0.26538485288619995 -0.04814323037862778 -0.034386686980724335 -0.17263412475585938 -0.06372131407260895 -0.04465029761195183 0.9819080829620361
9.566666603088379 -0.2671477794647217 -0.0537240244448185 -0.04212505370378494 -0.1734948754310608 -0.061445243656635284 -0.04268312454223633 0.9819889664649963
9.600000381469727 -0.2679673135280609 -0.05568401515483856 -0.048807788640260696 -0.17089495062828064 -0.06010928004980087 -0.04117133468389511 0.9825918674468994
9.633333206176758 -0.2678854763507843 -0.061672307550907135 -0.05501451715826988 -0.16923171281814575 -0.058590881526470184 -0.039229732006788254 0.9830507040023804
9.666666984558105 -0.2697494626045227 -0.06788239628076553 -0.062108952552080154 -0.16494189202785492 -0.05566055327653885 -0.03780967742204666 0.9840053915977478
9.699999809265137 -0.2643245756626129 -0.07444122433662415 -0.06939443945884705 -0.15622246265411377 -0.05661177262663841 -0.034402403980493546 0.9854979515075684
9.733333587646484 -0.2627744972705841 -0.08347120136022568 -0.07598255574703217 -0.14696037769317627 -0.05512432008981705 -0.031407345086336136 0.9871057271957397
9.766666412353516 -0.2530307471752167 -0.09602731466293335 -0.08530168980360031 -0.13837577402591705 -0.056249797344207764 -0.027523739263415337 0.988398015499115
9.800000190734863 -0.2499326914548874 -0.1094106063246727 -0.09314009547233582 -0.1326829344034195 -0.052309419959783554 -0.025510486215353012 0.9894484281539917
9.833333015441895 -0.24273979663848877 -0.1251145601272583 -0.09673967957496643 -0.12953630089759827 -0.04855576902627945 -0.022384878247976303 0.9901321530342102
9.866666793823242 -0.2328752726316452 -0.1390782743692398 -0.10308822244405746 -0.1203453466296196 -0.04843374714255333 -0.017901169136166573 0.9913883805274963
9.899999618530273 -0.23062662780284882 -0.15361809730529785 -0.10792399942874908 -0.11021866649389267 -0.04376550763845444 -0.014960519038140774 0.9928306341171265
9.933333396911621 -0.21450136601924896 -0.16550762951374054 -0.11468388885259628 -0.10040288418531418 -0.03904679790139198 -0.009332666173577309 0.9941366314888
9.966666221618652 -0.2053578644990921 -0.1822075992822647 -0.11786550283432007 -0.09781526029109955 -0.02847766876220703 -0.002547819633036852 0.9947937726974487
10.0 -0.18858471512794495 -0.19769878685474396 -0.11822029948234558 -0.09784458577632904 -0.020043522119522095 0.008504655212163925 0.994963526725769
10.033333778381348 -0.1756783276796341 -0.20941859483718872 -0.11713722348213196 -0.09767390042543411 -0.008909983560442924 0.014138219878077507 0.9950782060623169
10.066666603088379 -0.16323988139629364 -0.22086185216903687 -0.11389211565256119 -0.0977487862110138 -0.000213408304261975 0.019062204286456108 0.9950284957885742
10.100000381469727 -0.1520966738462448 -0.2332891970872879 -0.11161180585622787 -0.09739316999912262 0.005158151499927044 0.02225468121469021 0.9949837923049927
10.133333206176758 -0.1435604989528656 -0.24134299159049988 -0.1050967127084732 -0.09510139375925064 0.010963493026793003 0.025274869054555893 0.9950862526893616
10.166666984558105 -0.13429027795791626 -0.24937139451503754 -0.09665598720312119 -0.09257470816373825 0.014020475558936596 0.028059858828783035 0.9952116012573242
10.199999809265137 -0.12761427462100983 -0.25513193011283875 -0.08790404349565506 -0.09036232531070709 0.015034672804176807 0.030774390324950218 0.9953198432922363
10.233333587646484 -0.1216200590133667 -0.26159754395484924 -0.07690678536891937 -0.08980128914117813 0.0180798526853323 0.033395782113075256 0.9952355027198792
10.266666412353516 -0.11170677840709686 -0.2692538797855377 -0.061596691608428955 -0.09187325835227966 0.022691890597343445 0.03486962243914604 0.9949012994766235
10.300000190734863 -0.10500913858413696 -0.27287039160728455 -0.04725847765803337 -0.09266384690999985 0.02516757696866989 0.035635653883218765 0.9947413206100464
10.333333015441895 -0.09654232114553452 -0.27807876467704773 -0.030656514689326286 -0.0956689715385437 0.02452055923640728 0.03874170035123825 0.9943567514419556
10.366666793823242 -0.09183581173419952 -0.282517671585083 -0.01289488933980465 -0.10066872090101242 0.03093744069337845 0.04196224734187126 0.9935532212257385
10.399999618530273 -0.08294448256492615 -0.2865074872970581 0.004559940658509731 -0.10413789749145508 0.0372508279979229 0.041686732321977615 0.9929904341697693
10.433333396911621 -0.0760340616106987 -0.29113131761550903 0.022487038746476173 -0.10726827383041382 0.0368531197309494 0.0429803729057312 0.9926168322563171
10.466666221618652 -0.06918007135391235 -0.2950317859649658 0.040182940661907196 -0.10932792723178864 0.038597118109464645 0.04456619173288345 0.9922558665275574
10.5 -0.06479863822460175 -0.2975878417491913 0.0545693039894104 -0.10807040333747864 0.04374054819345474 0.04426860436797142 0.9921934604644775
10.533333778381348 -0.05695481225848198 -0.3011394441127777 0.07106824219226837 -0.10490449517965317 0.043429017066955566 0.04483269900083542 0.9925215244293213
10.566666603088379 -0.05344146862626076 -0.30207720398902893 0.08448801189661026 -0.10126474499702454 0.042195674031972885 0.04785585775971413 0.9928115606307983
10.600000381469727 -0.047200094908475876 -0.30486416816711426 0.09947197139263153 -0.09925596415996552 0.04161619395017624 0.051161717623472214 0.9928740859031677
10.633333206176758 -0.04141479730606079 -0.30566027760505676 0.11317242681980133 -0.09684067964553833 0.042047224938869476 0.05307266116142273 0.9929940700531006
10.666666984558105 -0.0374518483877182 -0.3072585463523865 0.12788785994052887 -0.09700309485197067 0.04246976226568222 0.05467630922794342 0.9928732514381409
10.699999809265137 -0.02958078868687153 -0.3116368353366852 0.14495626091957092 -0.10101451724767685 0.042238324880599976 0.0555395744740963 0.9924350380897522
10.733333587646484 -0.027038998901844025 -0.3116185665130615 0.15854893624782562 -0.10399993509054184 0.0444437600672245 0.05483606085181236 0.9920694828033447
10.766666412353516 -0.022619925439357758 -0.31379637122154236 0.17531172931194305 -0.10886403173208237 0.04734984412789345 0.05312957987189293 0.9915058612823486
10.800000190734863 -0.023232178762555122 -0.3118305206298828 0.1891944259405136 -0.11227084696292877 0.05294554680585861 0.050774119794368744 0.9909662008285522
10.833333015441895 -0.015259443782269955 -0.31324005126953125 0.2040099948644638 -0.11841616779565811 0.048013582825660706 0.04581060633063316 0.9907440543174744
10.866666793823242 -0.012728889472782612 -0.313797265291214 0.2197381854057312 -0.1261807382106781 0.05041508004069328 0.04563591256737709 0.9896737933158875
10.899999618530273 -0.010851613245904446 -0.3141232430934906 0.2316100001335144 -0.12385295331478119 0.04807882383465767 0.04578663036227226 0.990077018737793
10.933333396911621 -0.007291961926966906 -0.3154260814189911 0.24291914701461792 -0.12434903532266617 0.043715931475162506 0.048317670822143555 0.9900968074798584
10.966666221618652 -0.004732199478894472 -0.3146716058254242 0.2540316581726074 -0.1253596693277359 0.04057032987475395 0.05035931617021561 0.9900015592575073
11.0 -0.0030576300341635942 -0.3140650987625122 0.263567715883255 -0.1271972358226776 0.04169733077287674 0.05173325911164284 0.9896494150161743
11.033333778381348 -0.000860230706166476 -0.31301096081733704 0.2727418541908264 -0.12931692600250244 0.04236118867993355 0.05341269075870514 0.9892571568489075
11.066666603088379 0.0012350353645160794 -0.3115663528442383 0.2807961106300354 -0.12993192672729492 0.04070485383272171 0.05582667514681816 0.9891127943992615
11.100000381469727 0.002267671748995781 -0.3096523880958557 0.2875022888183594 -0.13048571348190308 0.039042018353939056 0.05782989412546158 0.988991916179657
11.133333206176758 0.004171364940702915 -0.3067162334918976 0.2949039340019226 -0.1325712651014328 0.03780147805809975 0.0585445761680603 0.988720715045929
11.166666984558105 0.004221799783408642 -0.3030145764350891 0.30111145973205566 -0.13506878912448883 0.03906870633363724 0.05771652236580849 0.9883819818496704
11.199999809265137 0.004413599148392677 -0.299742192029953 0.30708253383636475 -0.13718627393245697 0.039756547659635544 0.057623956352472305 0.9880682826042175
11.233333587646484 0.004142122343182564 -0.2964334487915039 0.31245627999305725 -0.13890570402145386 0.03958011791110039 0.057443130761384964 0.9878456592559814
11.266666412353516 0.00231218826957047 -0.29526373744010925 0.3144353926181793 -0.1394316852092743 0.03922584652900696 0.05705716460943222 0.9878080487251282
11.300000190734863 0.0008218323346227407 -0.29575830698013306 0.3143773674964905 -0.13715103268623352 0.039143819361925125 0.05678368732333183 0.9881462454795837
11.333333015441895 -0.003602704731747508 -0.299056738615036 0.30992117524147034 -0.1327655017375946 0.03967558220028877 0.05635752156376839 0.9887482523918152
11.366666793823242 -0.00913841463625431 -0.3045507073402405 0.3023037016391754 -0.12854240834712982 0.04177822172641754 0.054152168333530426 0.9893427491188049
11.399999618530273 -0.014924652874469757 -0.30974283814430237 0.2931993901729584 -0.1256624013185501 0.04345529526472092 0.05093356966972351 0.9898113012313843
11.433333396911621 -0.020767340436577797 -0.31438446044921875 0.28549009561538696 -0.1244194507598877 0.043067608028650284 0.0486917644739151 0.9900980591773987
11.466666221618652 -0.026096826419234276 -0.31817370653152466 0.27745598554611206 -0.12499383091926575 0.039415594190359116 0.046814050525426865 0.990268349647522
11.5 -0.0324704609811306 -0.3209468126296997 0.2703856825828552 -0.1259201020002365 0.035970598459243774 0.04316186532378197 0.9904480576515198
11.533333778381348 -0.04043460264801979 -0.32400447130203247 0.262448251247406 -0.12738871574401855 0.030797595158219337 0.03978120908141136 0.9905762076377869
11.566666603088379 -0.04772450774908066 -0.3273678719997406 0.25297531485557556 -0.1275259405374527 0.022812867537140846 0.037919510155916214 0.9908475875854492
11.600000381469727 -0.053752876818180084 -0.3300668001174927 0.24238324165344238 -0.12626737356185913 0.01665685698390007 0.03618619218468666 0.9911961555480957
11.633333206176758 -0.06321214139461517 -0.3334653079509735 0.23146548867225647 -0.12614062428474426 0.012669487856328487 0.03309569135308266 0.9913792610168457
11.666666984558105 -0.06990693509578705 -0.3357583284378052 0.21975280344486237 -0.12626275420188904 0.009690314531326294 0.030179066583514214 0.9914903044700623
11.699999809265137 -0.07878195494413376 -0.33988747000694275 0.20933176577091217 -0.12749134004116058 0.007895993068814278 0.02867083065211773 0.9913938045501709
11.733333587646484 -0.08604365587234497 -0.3426480293273926 0.19565895199775696 -0.1266632080078125 0.003792619565501809 0.027968620881438255 0.9915441870689392
11.766666412353516 -0.09550388902425766 -0.3459945321083069 0.18187101185321808 -0.1249980702996254 -0.0011499024694785476 0.027566799893975258 0.9917733073234558
11.800000190734863 -0.1046072244644165 -0.3490772545337677 0.16784006357192993 -0.12301313877105713 -0.0018555809510871768 0.027308274060487747 0.9920275211334229
11.833333015441895 -0.1145210787653923 -0.3510846793651581 0.1529667228460312 -0.12148012220859528 -0.0033641045447438955 0.02603476122021675 0.992246687412262
11.866666793823242 -0.1266220360994339 -0.35284537076950073 0.13772913813591003 -0.12076835334300995 -0.004944233223795891 0.023646555840969086 0.9923867583274841
11.899999618530273 -0.13744482398033142 -0.3521679937839508 0.12219396233558655 -0.11944599449634552 -0.005331320688128471 0.0215955451130867 0.9925915598869324
11.933333396911621 -0.1486240029335022 -0.3490230143070221 0.10799337178468704 -0.11739733815193176 -0.006831092294305563 0.018246177583932877 0.9928938746452332
11.966666221618652 -0.16062822937965393 -0.34629347920417786 0.09210862219333649 -0.11594783514738083 -0.008294125087559223 0.016677025705575943 0.9930806756019592
12.0 -0.17087548971176147 -0.3431708514690399 0.07835663110017776 -0.11552400887012482 -0.00939292460680008 0.016436751931905746 0.99312424659729
12.033333778381348 -0.17916640639305115 -0.338034451007843 0.06421971321105957 -0.11517049372196198 -0.01090543158352375 0.014135465957224369 0.99318528175354
12.066666603088379 -0.1954730600118637 -0.3341279923915863 0.051874686032533646 -0.11562725901603699 -0.010600011795759201 0.013172955252230167 0.9931488633155823
12.100000381469727 -0.20273222029209137 -0.328604519367218 0.041806869208812714 -0.11609166115522385 -0.013748503290116787 0.011407669633626938 0.9930778741836548
12.133333206176758 -0.21477669477462769 -0.3219367265701294 0.03148829936981201 -0.11695421487092972 -0.013603327795863152 0.007344214711338282 0.9930170178413391
12.166666984558105 -0.22232632339000702 -0.3149576485157013 0.021281544119119644 -0.11812480539083481 -0.016288872808218002 0.00606981897726655 0.9928466081619263
12.199999809265137 -0.23245079815387726 -0.30756494402885437 0.012174311093986034 -0.11788717657327652 -0.017676709219813347 0.004147582221776247 0.9928610324859619
12.233333587646484 -0.24011225998401642 -0.3014167547225952 0.0028025591745972633 -0.11663041263818741 -0.01944013498723507 0.0026499193627387285 0.9929815530776978
12.266666412353516 -0.2511669993400574 -0.29475775361061096 -0.0036943138111382723 -0.11451581865549088 -0.019398333504796028 0.003476507496088743 0.9932259321212769
12.300000190734863 -0.25835758447647095 -0.2873866558074951 -0.008970387279987335 -0.11337891221046448 -0.01981465518474579 0.003293574322015047 0.9933488368988037
12.333333015441895 -0.2658880054950714 -0.27886947989463806 -0.01320631429553032 -0.11391247808933258 -0.016753273084759712 0.003521091304719448 0.9933432936668396
12.366666793823242 -0.26801344752311707 -0.27321764826774597 -0.01589355617761612 -0.11616577953100204 -0.014807870611548424 0.004363927058875561 0.993109941482544
12.399999618530273 -0.26871731877326965 -0.26782262325286865 -0.017152292653918266 -0.11752308160066605 -0.017083682119846344 0.0036457150708884 0.9929165244102478
12.433333396911621 -0.27019399404525757 -0.26205357909202576 -0.017094984650611877 -0.11780116707086563 -0.02005176804959774 0.0029603387229144573 0.9928303360939026
12.466666221618652 -0.275728702545166 -0.2552964985370636 -0.015644535422325134 -0.1188899353146553 -0.022333411499857903 0.0016899037873372436 0.9926548004150391
12.5 -0.2813955247402191 -0.24813227355480194 -0.013019360601902008 -0.12136822193861008 -0.025107217952609062 -0.0006934924167580903 0.9922897815704346
12.533333778381348 -0.2865433990955353 -0.24022585153579712 -0.00672917952761054 -0.12438027560710907 -0.026213260367512703 -0.0013973044697195292 0.9918873906135559
12.566666603088379 -0.28951478004455566 -0.23023360967636108 0.00046811328502371907 -0.129683718085289 -0.029851388186216354 -0.0014744551153853536 0.9911049008369446
12.600000381469727 -0.2923562824726105 -0.22133927047252655 0.0071656592190265656 -0.13538938760757446 -0.03081187978386879 -0.0018603053176775575 0.9903115630149841
12.633333206176758 -0.29631781578063965 -0.20714381337165833 0.014681295491755009 -0.14018552005290985 -0.03057890199124813 -0.0017551498021930456 0.9896513819694519
12.666666984558105 -0.29900097846984863 -0.19812016189098358 0.022931426763534546 -0.14755617082118988 -0.030265046283602715 -0.0009711168822832406 0.9885900616645813
12.699999809265137 -0.3011994957923889 -0.1882767528295517 0.03025004267692566 -0.15340828895568848 -0.030908595770597458 0.00012494706606958061 0.9876793622970581
12.733333587646484 -0.30317649245262146 -0.17512226104736328 0.03962470963597298 -0.15814124047756195 -0.033620983362197876 0.0015459201531484723 0.9868428111076355
12.766666412353516 -0.30653026700019836 -0.16738955676555634 0.047293003648519516 -0.16471070051193237 -0.03519343584775925 0.001386974356137216 0.9857128858566284
12.800000190734863 -0.30844569206237793 -0.15748415887355804 0.05591312050819397 -0.17122086882591248 -0.03589533269405365 0.002159683732315898 0.9845762252807617
12.833333015441895 -0.31058749556541443 -0.14767226576805115 0.06490352749824524 -0.17837512493133545 -0.036877404898405075 0.002823645481839776 0.9832672476768494
12.866666793823242 -0.3133048415184021 -0.14036433398723602 0.07203363627195358 -0.18536566197872162 -0.03858259692788124 0.002833584789186716 0.981907844543457
12.899999618530273 -0.31438547372817993 -0.13144591450691223 0.07742556929588318 -0.1896197497844696 -0.04090600833296776 0.003722786670550704 0.9809980392456055
12.933333396911621 -0.3152783513069153 -0.12341246008872986 0.08415484428405762 -0.19424356520175934 -0.04301214590668678 0.006433279253542423 0.9799888134002686
12.966666221618652 -0.3151106536388397 -0.1158880740404129 0.08945468068122864 -0.199491947889328 -0.04389068856835365 0.00835758913308382 0.9788803458213806
13.0 -0.3185584545135498 -0.1016228124499321 0.0911894217133522 -0.2001107931137085 -0.04198380932211876 0.006087516900151968 0.9788544774055481
13.033333778381348 -0.316169798374176 -0.09450916200876236 0.09461980313062668 -0.20593024790287018 -0.042782001197338104 0.00819770060479641 0.977596640586853
13.066666603088379 -0.3175590932369232 -0.08779076486825943 0.09878179430961609 -0.21007955074310303 -0.04276302084326744 0.007930141873657703 0.9767164587974548
13.100000381469727 -0.31679651141166687 -0.08257073909044266 0.10114503651857376 -0.2147453874349594 -0.04359855130314827 0.008344371803104877 0.9756608605384827
13.133333206176758 -0.31429868936538696 -0.07509082555770874 0.10273232311010361 -0.2171989381313324 -0.04474196583032608 0.009565985761582851 0.9750545024871826
13.166666984558105 -0.3144914507865906 -0.06956452876329422 0.10383540391921997 -0.22091728448867798 -0.04569927230477333 0.00967696588486433 0.9741733074188232
13.199999809265137 -0.31215816736221313 -0.06396079808473587 0.10419991612434387 -0.2250443994998932 -0.04699191823601723 0.008858174085617065 0.9731744527816772
13.233333587646484 -0.3135433793067932 -0.05635747313499451 0.10560479015111923 -0.22898800671100616 -0.044269826263189316 0.007002529222518206 0.9723969101905823
13.266666412353516 -0.311697781085968 -0.05220010504126549 0.10665690153837204 -0.23308949172496796 -0.043736230581998825 0.008154223673045635 0.9714370965957642
13.300000190734863 -0.3118453621864319 -0.04784628003835678 0.10737630724906921 -0.2350887805223465 -0.043799690902233124 0.009650204330682755 0.9709386825561523
13.333333015441895 -0.31011179089546204 -0.04179780185222626 0.10578170418739319 -0.23430314660072327 -0.04560762643814087 0.011068131774663925 0.9710301160812378
13.366666793823242 -0.3087622821331024 -0.03667685389518738 0.10380333662033081 -0.23398850858211517 -0.04656539484858513 0.012409008108079433 0.9710443615913391
13.399999618530273 -0.30771544575691223 -0.03344537317752838 0.10183127224445343 -0.23437528312206268 -0.04736959561705589 0.012909379787743092 0.970905601978302
13.433333396911621 -0.3073328137397766 -0.031861089169979095 0.10094215720891953 -0.2366320788860321 -0.046407993882894516 0.01274360902607441 0.9704066514968872
13.466666221618652 -0.3051362931728363 -0.03128195181488991 0.10016675293445587 -0.23897239565849304 -0.04591016843914986 0.013357101008296013 0.9698485136032104
13.5 -0.30437222123146057 -0.0302010178565979 0.09873129427433014 -0.2392970472574234 -0.04506033658981323 0.014532665722072124 0.9697913527488708
13.533333778381348 -0.3028036057949066 -0.028407402336597443 0.09697312861680984 -0.23735159635543823 -0.044818215072155 0.0163551177829504 0.9702516198158264
13.566666603088379 -0.3007970154285431 -0.028645062819123268 0.09620095044374466 -0.2368355691432953 -0.045387230813503265 0.018751494586467743 0.9703078866004944
13.600000381469727 -0.29989853501319885 -0.029738688841462135 0.0968637466430664 -0.23799730837345123 -0.045466259121894836 0.020160116255283356 0.9699916243553162
13.633333206176758 -0.29839131236076355 -0.02862393856048584 0.09770089387893677 -0.23904164135456085 -0.045377109199762344 0.0211770161986351 0.969717264175415
13.666666984558105 -0.2979579269886017 -0.028037086129188538 0.09964368492364883 -0.24130414426326752 -0.04522638022899628 0.021374640986323357 0.9691594839096069
13.699999809265137 -0.29790645837783813 -0.02784810960292816 0.10317745059728622 -0.24543499946594238 -0.04462346434593201 0.022358786314725876 0.9681273698806763
13.733333587646484 -0.2968558371067047 -0.02619997039437294 0.10579926520586014 -0.24894802272319794 -0.044429849833250046 0.023865658789873123 0.96720290184021
13.766666412353516 -0.2964710295200348 -0.02351958490908146 0.10790524631738663 -0.2508419454097748 -0.04402783140540123 0.024139270186424255 0.9667250514030457
13.800000190734863 -0.2958272695541382 -0.02253553457558155 0.10901305079460144 -0.25261160731315613 -0.04439615085721016 0.024277007207274437 0.9662438035011292
13.833333015441895 -0.2965124547481537 -0.022126879543066025 0.11116373538970947 -0.25458893179893494 -0.043935541063547134 0.02446603961288929 0.965740978717804
13.866666793823242 -0.2963201403617859 -0.02233590930700302 0.11379767954349518 -0.2579178214073181 -0.04313655570149422 0.02519131265580654 0.9648746848106384
13.899999618530273 -0.29102081060409546 -0.020800020545721054 0.11444929987192154 -0.2598586678504944 -0.04627104103565216 0.02691785618662834 0.9641618132591248
13.933333396911621 -0.2951454818248749 -0.01742279902100563 0.11884576082229614 -0.26160410046577454 -0.04146897420287132 0.026312265545129776 0.9639249444007874
13.966666221618652 -0.2929554581642151 -0.017411576583981514 0.12175414711236954 -0.26651471853256226 -0.04142514616250992 0.02737964130938053 0.962550938129425
14.0 -0.29859399795532227 -0.014731992967426777 0.1268867403268814 -0.27063441276550293 -0.0353139229118824 0.025141248479485512 0.9617056846618652
14.033333778381348 -0.3018469214439392 -0.021290304139256477 0.1368841975927353 -0.28479841351509094 -0.030821098014712334 0.024617217481136322 0.9577755331993103
14.066666603088379 -0.30356043577194214 -0.019276205450296402 0.14160943031311035 -0.2893524765968323 -0.028261320665478706 0.024722911417484283 0.95648592710495
14.100000381469727 -0.30441927909851074 -0.018067728728055954 0.14700868725776672 -0.2951104938983917 -0.025740476325154305 0.024644002318382263 0.9547984004020691
14.133333206176758 -0.306026816368103 -0.01543212216347456 0.1530483216047287 -0.3009306490421295 -0.022996507585048676 0.02414737269282341 0.9530628323554993
14.166666984558105 -0.3092005252838135 -0.013569115661084652 0.16011758148670197 -0.3082892596721649 -0.01766236685216427 0.023358996957540512 0.9508418440818787
14.199999809265137 -0.3103654980659485 -0.010792048647999763 0.16581475734710693 -0.31360673904418945 -0.013191991485655308 0.02374557964503765 0.9491643905639648
14.233333587646484 -0.3126288056373596 -0.008349169045686722 0.171346515417099 -0.3182031512260437 -0.008416655473411083 0.023533787578344345 0.9476929903030396
14.266666412353516 -0.31480059027671814 -0.006123278755694628 0.17609542608261108 -0.32201388478279114 -0.0046572936698794365 0.02405177615582943 0.9464179277420044
14.300000190734863 -0.3169102966785431 -0.004490856546908617 0.17955538630485535 -0.32296425104141235 -0.002030408475548029 0.025044310837984085 0.9460775256156921
14.333333015441895 -0.31938841938972473 -0.003400595160201192 0.18238750100135803 -0.32194405794143677 0.0031127177644521 0.025674061849713326 0.9464054703712463
14.366666793823242 -0.3207647204399109 -0.0028617975767701864 0.1849702149629593 -0.3220798075199127 0.0029150410555303097 0.03055921010673046 0.9462147355079651
14.399999618530273 -0.32132020592689514 -0.0018735796911641955 0.18736699223518372 -0.32202577590942383 0.004172738641500473 0.03511500358581543 0.9460703134536743
14.433333396911621 -0.32102537155151367 0.0004943927051499486 0.19063039124011993 -0.3244022727012634 0.005524969194084406 0.03877706825733185 0.9451079368591309
14.466666221618652 -0.3202400207519531 0.00392900500446558 0.19526518881320953 -0.32935574650764465 0.0063203563913702965 0.039864398539066315 0.9433428645133972
14.5 -0.32103878259658813 0.006847660522907972 0.20041105151176453 -0.33438485860824585 0.008851943537592888 0.039380237460136414 0.9415719509124756
14.533333778381348 -0.32084912061691284 0.009419957175850868 0.2061566710472107 -0.33918407559394836 0.010037765838205814 0.03932727128267288 0.9398440718650818
14.566666603088379 -0.3211924135684967 0.011707241646945477 0.21180623769760132 -0.3435836732387543 0.012333014979958534 0.03949376568198204 0.9382102489471436
14.600000381469727 -0.3204449713230133 0.013146932236850262 0.2156539112329483 -0.34724271297454834 0.01424755621701479 0.03981630876660347 0.9368212819099426
14.633333206176758 -0.3237914443016052 0.010649134404957294 0.2197665125131607 -0.3522539436817169 0.022480446845293045 0.0398680754005909 0.9347846508026123
14.666666984558105 -0.32184505462646484 0.01082733552902937 0.22198553383350372 -0.3535959720611572 0.02518432028591633 0.04208710789680481 0.9341115355491638
14.699999809265137 -0.31926026940345764 0.010776862502098083 0.22392919659614563 -0.35467469692230225 0.02708306722342968 0.04481162130832672 0.9335225224494934
14.733333587646484 -0.31621506810188293 0.01118674036115408 0.225376695394516 -0.354969322681427 0.02938271500170231 0.04818592965602875 0.9331728219985962
14.766666412353516 -0.3128434717655182 0.01094837486743927 0.2268408089876175 -0.35540708899497986 0.03169586509466171 0.051810890436172485 0.9327362179756165
14.800000190734863 -0.3102116286754608 0.010921967215836048 0.22860819101333618 -0.35572171211242676 0.034929513931274414 0.054840169847011566 0.9323274493217468
14.833333015441895 -0.30686211585998535 0.010327584110200405 0.23063626885414124 -0.3572564125061035 0.03771808370947838 0.05833888053894043 0.9314192533493042
14.866666793823242 -0.30442312359809875 0.010237827897071838 0.23297397792339325 -0.35832589864730835 0.0423322394490242 0.06142904609441757 0.9306111335754395
14.899999618530273 -0.302108496427536 0.010530661791563034 0.23524951934814453 -0.35947689414024353 0.046333275735378265 0.06450585275888443 0.9297680258750916
14.933333396911621 -0.2990476191043854 0.011370597407221794 0.23779436945915222 -0.3611486256122589 0.04961792007088661 0.0673627033829689 0.9287475347518921
14.966666221618652 -0.2969200015068054 0.01235757116228342 0.24132055044174194 -0.3636702001094818 0.053736310452222824 0.06977424025535583 0.9273553490638733
15.0 -0.29532524943351746 0.013254178687930107 0.24369941651821136 -0.36563679575920105 0.057278506457805634 0.07174421101808548 0.9262190461158752
15.033333778381348 -0.2942597270011902 0.013526301831007004 0.24714934825897217 -0.36854085326194763 0.06141694635152817 0.07282008230686188 0.9247177839279175
15.066666603088379 -0.2932317554950714 0.014185670763254166 0.2491457313299179 -0.3689749538898468 0.0637710765004158 0.07436481863260269 0.924262285232544
15.100000381469727 -0.29214584827423096 0.014543430879712105 0.25031617283821106 -0.3702484965324402 0.06734643131494522 0.07511203736066818 0.923438549041748
15.133333206176758 -0.29151034355163574 0.014526132494211197 0.25068411231040955 -0.3700246214866638 0.06932631880044937 0.07598482072353363 0.9233103394508362
15.166666984558105 -0.29099568724632263 0.014344794675707817 0.2503010630607605 -0.36936140060424805 0.06999312341213226 0.07658208906650543 0.9234762191772461
15.199999809265137 -0.29116326570510864 0.01391358207911253 0.2497137188911438 -0.3686507046222687 0.06977805495262146 0.07678031921386719 0.923759937286377
15.233333587646484 -0.29192909598350525 0.012969210743904114 0.24886710941791534 -0.36820992827415466 0.06828012317419052 0.07616528868675232 0.9240984916687012
15.266666412353516 -0.29403477907180786 0.010959657840430737 0.24731090664863586 -0.3671592175960541 0.06614678353071213 0.07462089508771896 0.9247974753379822
15.300000190734863 -0.2972734868526459 0.007724497001618147 0.24471265077590942 -0.3632403016090393 0.06248641014099121 0.07282408326864243 0.9267409443855286
15.333333015441895 -0.3025113642215729 0.0023143761791288853 0.2413673847913742 -0.35744377970695496 0.057750262320041656 0.07008637487888336 0.9295088648796082
15.366666793823242 -0.30854475498199463 -0.005509534385055304 0.23890092968940735 -0.3517855107784271 0.051644764840602875 0.06758283823728561 0.9322082996368408
15.399999618530273 -0.31609392166137695 -0.012402514927089214 0.23831015825271606 -0.34756550192832947 0.04694918543100357 0.06360333412885666 0.9343172311782837
15.433333396911621 -0.32289060950279236 -0.019157567992806435 0.23872828483581543 -0.3454798758029938 0.04247865453362465 0.05949649214744568 0.9355743527412415
15.466666221618652 -0.3314553201198578 -0.025170058012008667 0.2417353391647339 -0.3462860882282257 0.041449174284935 0.05427595600485802 0.9356398582458496
15.5 -0.33973193168640137 -0.030464379116892815 0.2457691878080368 -0.3476850986480713 0.03994835913181305 0.049369875341653824 0.9354581236839294
15.533333778381348 -0.349658727645874 -0.0359114371240139 0.2500593364238739 -0.3480776846408844 0.036875318735837936 0.04373914375901222 0.9357184171676636
15.566666603088379 -0.3589921295642853 -0.04218064248561859 0.25315046310424805 -0.3468015193939209 0.031655553728342056 0.041192177683115005 0.9364987015724182
15.600000381469727 -0.36760684847831726 -0.04771794378757477 0.2570284307003021 -0.34640681743621826 0.027747996151447296 0.03906141221523285 0.9368599057197571
15.633333206176758 -0.37536150217056274 -0.051677022129297256 0.26023539900779724 -0.3451402187347412 0.024180682376027107 0.038119520992040634 0.9374649524688721
15.666666984558105 -0.38393622636795044 -0.05412770062685013 0.2642129957675934 -0.3446405231952667 0.02267352119088173 0.036792103201150894 0.9377394318580627
15.699999809265137 -0.39078304171562195 -0.057552363723516464 0.26750850677490234 -0.3456437587738037 0.020786751061677933 0.03617701306939125 0.9374378323554993
15.733333587646484 -0.39711296558380127 -0.05682394281029701 0.26936617493629456 -0.3432006239891052 0.019407358020544052 0.03422604873776436 0.9384377598762512
15.766666412353516 -0.403511643409729 -0.05909217894077301 0.2726646363735199 -0.34365370869636536 0.02031083032488823 0.03269822522997856 0.9383072257041931
15.800000190734863 -0.40787434577941895 -0.05940413102507591 0.2722122371196747 -0.3410120904445648 0.021316539496183395 0.03009834885597229 0.9393351078033447
15.833333015441895 -0.41197916865348816 -0.06090213730931282 0.2720334231853485 -0.3391833007335663 0.022952476516366005 0.027934638783335686 0.9400253295898438
15.866666793823242 -0.41596195101737976 -0.06265926361083984 0.27103912830352783 -0.3368467688560486 0.028122326359152794 0.025409620255231857 0.9407963156700134
15.899999618530273 -0.4178486764431 -0.06721142679452896 0.26904627680778503 -0.33527666330337524 0.035026345402002335 0.02305503562092781 0.9411860704421997
15.933333396911621 -0.4184178411960602 -0.07293789833784103 0.26469165086746216 -0.3317393362522125 0.04242955520749092 0.020580360665917397 0.9421917796134949
15.966666221618652 -0.41756394505500793 -0.07933951914310455 0.25646206736564636 -0.32395702600479126 0.044011007994413376 0.019187694415450096 0.9448527693748474
16.0 -0.4137038588523865 -0.08630368858575821 0.24651148915290833 -0.314017117023468 0.041498977690935135 0.02028157189488411 0.9482930898666382
16.03333282470703 -0.40691205859184265 -0.09709570556879044 0.23515915870666504 -0.30413463711738586 0.04328650236129761 0.02527105063199997 0.9513095617294312
16.066667556762695 -0.39806339144706726 -0.10442227125167847 0.22438211739063263 -0.2948024570941925 0.04944939166307449 0.029171783477067947 0.9538319706916809
16.100000381469727 -0.38621294498443604 -0.11462043970823288 0.2138896882534027 -0.2894096374511719 0.05716109275817871 0.03545897454023361 0.9548389315605164
16.133333206176758 -0.3744232952594757 -0.12446539103984833 0.20340263843536377 -0.28409093618392944 0.06640344858169556 0.04019072279334068 0.9556504487991333
16.16666603088379 -0.3598956763744354 -0.13507147133350372 0.19568191468715668 -0.28139781951904297 0.07379647344350815 0.045576415956020355 0.9556632041931152
16.200000762939453 -0.3459652364253998 -0.1443224549293518 0.18317553400993347 -0.27335888147354126 0.07828742265701294 0.05084432661533356 0.9573718905448914
16.233333587646484 -0.33390024304389954 -0.15572437644004822 0.1689939796924591 -0.2657807469367981 0.08639038354158401 0.05396382138133049 0.9586372375488281
16.266666412353516 -0.31824660301208496 -0.16567862033843994 0.15186870098114014 -0.254095196723938 0.08684662729501724 0.060492709279060364 0.9613708853721619
16.299999237060547 -0.30745840072631836 -0.17113861441612244 0.13387557864189148 -0.23948907852172852 0.08733638375997543 0.06751763820648193 0.9646029472351074
16.33333396911621 -0.28868135809898376 -0.18430198729038239 0.11865076422691345 -0.2331800013780594 0.08608134835958481 0.07605795562267303 0.9656254053115845
16.366666793823242 -0.22031313180923462 -0.18568116426467896 0.10107894241809845 -0.22455911338329315 0.06337001174688339 0.09763539582490921 0.9674837589263916
16.399999618530273 -0.2147081345319748 -0.1883106380701065 0.08811202645301819 -0.21887275576591492 0.07662811875343323 0.10438913106918335 0.9671224355697632
16.433332443237305 -0.1816578209400177 -0.1887553185224533 0.06899108737707138 -0.21356309950351715 0.08010122925043106 0.11586888879537582 0.9667207598686218
16.46666717529297 -0.17887669801712036 -0.19231554865837097 0.05954684317111969 -0.2120107263326645 0.11150465905666351 0.11513017863035202 0.964034914970398
16.5 -0.15668542683124542 -0.1922299861907959 0.037755515426397324 -0.20840628445148468 0.11333238333463669 0.12801522016525269 0.9629822373390198
16.53333282470703 -0.14253219962120056 -0.18538455665111542 0.027447722852230072 -0.20195743441581726 0.11364538222551346 0.13846701383590698 0.9628731608390808
16.566667556762695 -0.13509920239448547 -0.1875571757555008 0.020154329016804695 -0.20512178540229797 0.12914010882377625 0.1443028450012207 0.9593876600265503
16.600000381469727 -0.1191556304693222 -0.18210117518901825 -0.0008066951995715499 -0.20139722526073456 0.1367814987897873 0.154729425907135 0.957490861415863
16.633333206176758 -0.0999334529042244 -0.17462287843227386 -0.005490020848810673 -0.202047660946846 0.14322446286678314 0.16457900404930115 0.9547654986381531
16.66666603088379 -0.08445079624652863 -0.1710139662027359 -0.013053709641098976 -0.2067960947751999 0.14880993962287903 0.1749875843524933 0.9510365128517151
16.700000762939453 -0.0728197693824768 -0.16593217849731445 -0.01971365138888359 -0.21197441220283508 0.1588846892118454 0.18231794238090515 0.9468805193901062
16.733333587646484 -0.060714174062013626 -0.1558503359556198 -0.026185812428593636 -0.21588432788848877 0.16814404726028442 0.18939711153507233 0.9430006742477417
16.766666412353516 -0.049546804279088974 -0.14306503534317017 -0.033964529633522034 -0.2178221493959427 0.17427721619606018 0.19619588553905487 0.9400469064712524
16.799999237060547 -0.03894215077161789 -0.13481302559375763 -0.038509540259838104 -0.22012490034103394 0.17793887853622437 0.20260509848594666 0.9374614953994751
16.83333396911621 -0.026493074372410774 -0.11592446267604828 -0.05116230621933937 -0.21509809792041779 0.18017759919166565 0.2086997926235199 0.9368634819984436
16.866666793823242 -0.0157981738448143 -0.10621067136526108 -0.057801708579063416 -0.21501842141151428 0.1838477998971939 0.21496012806892395 0.9347509145736694
16.899999618530273 -0.0030370154418051243 -0.09038494527339935 -0.06792215257883072 -0.21088507771492004 0.18422618508338928 0.22188404202461243 0.9339998364448547
16.933332443237305 0.007372179999947548 -0.08149868994951248 -0.07423456758260727 -0.21118979156017303 0.18584507703781128 0.22873561084270477 0.9319552183151245
16.96666717529297 0.019148170948028564 -0.06843201071023941 -0.08122367411851883 -0.21190695464611053 0.18757125735282898 0.2379995435476303 0.9291225671768188
17.0 0.031696949154138565 -0.05502116307616234 -0.0878671258687973 -0.211521178483963 0.18952305614948273 0.24861225485801697 0.926030158996582
17.03333282470703 0.047992903739213943 -0.0405798964202404 -0.09483272582292557 -0.21242418885231018 0.18734198808670044 0.2631378769874573 0.9222459197044373
17.066667556762695 0.056775979697704315 -0.022020267322659492 -0.10343649238348007 -0.20875360071659088 0.18776088953018188 0.2767016887664795 0.919023334980011
17.100000381469727 0.07283110171556473 -0.013077585026621819 -0.10941518098115921 -0.207206591963768 0.18825747072696686 0.2907980978488922 0.9149104356765747
17.133333206176758 0.08307245373725891 -0.0003406672622077167 -0.11824741214513779 -0.20309054851531982 0.18976397812366486 0.3027961552143097 0.9116240739822388
17.16666603088379 0.08860842138528824 0.01758810691535473 -0.1251400113105774 -0.19809819757938385 0.1936841905117035 0.31028425693511963 0.9093774557113647
17.200000762939453 0.10123090445995331 0.026514077559113503 -0.13207100331783295 -0.2007666528224945 0.19772812724113464 0.3190174102783203 0.9048891067504883
17.233333587646484 0.11503472924232483 0.034321680665016174 -0.13397149741649628 -0.20763470232486725 0.20194955170154572 0.3291931450366974 0.8987413644790649
17.266666412353516 0.12441329658031464 0.04418173059821129 -0.13634327054023743 -0.21189318597316742 0.2043888419866562 0.3385832905769348 0.8936934471130371
17.299999237060547 0.13157789409160614 0.05649295449256897 -0.1417807936668396 -0.21033580601215363 0.20308828353881836 0.3475321829319 0.8909182548522949
17.33333396911621 0.14374595880508423 0.061560388654470444 -0.14770682156085968 -0.21181365847587585 0.1993071585893631 0.36107030510902405 0.8860248327255249
17.366666793823242 0.15103287994861603 0.07161314785480499 -0.1542285829782486 -0.20945227146148682 0.19801323115825653 0.3704984784126282 0.8829787373542786
17.399999618530273 0.15333838760852814 0.08470102399587631 -0.15730389952659607 -0.20436535775661469 0.20135976374149323 0.37624794244766235 0.8809804916381836
17.433332443237305 0.1598406732082367 0.09375116974115372 -0.16345268487930298 -0.1989639401435852 0.20581501722335815 0.38241228461265564 0.8785297274589539
17.46666717529297 0.16474023461341858 0.11262322962284088 -0.17291809618473053 -0.18701902031898499 0.2096107006072998 0.38614723086357117 0.8786225914955139
17.5 0.17174507677555084 0.11537875235080719 -0.1800035983324051 -0.17478592693805695 0.2084556370973587 0.39058253169059753 0.8794552683830261
17.53333282470703 0.1756085306406021 0.1501552164554596 -0.18641486763954163 -0.14932076632976532 0.2017093300819397 0.38679245114326477 0.8873603343963623
17.566667556762695 0.1789759397506714 0.15329194068908691 -0.19313964247703552 -0.1416916400194168 0.19992591440677643 0.3927670419216156 0.8863900303840637
17.600000381469727 0.18330258131027222 0.15719787776470184 -0.1992405503988266 -0.1290614902973175 0.19734488427639008 0.3984479010105133 0.8863619565963745
17.633333206176758 0.18799394369125366 0.1632240116596222 -0.20604829490184784 -0.11931081116199493 0.19386066496372223 0.4066334366798401 0.8847780227661133
17.66666603088379 0.19293753802776337 0.16864407062530518 -0.21153448522090912 -0.11092537641525269 0.18951064348220825 0.4162317216396332 0.8823449015617371
17.700000762939453 0.19814425706863403 0.17543157935142517 -0.21656863391399384 -0.10325402766466141 0.1837199479341507 0.426220566034317 0.8797281980514526
17.733333587646484 0.20266832411289215 0.18212765455245972 -0.22024410963058472 -0.09679606556892395 0.17671072483062744 0.43586862087249756 0.8771673440933228
17.766666412353516 0.20883314311504364 0.18989001214504242 -0.22429858148097992 -0.09034150838851929 0.16787810623645782 0.44595855474472046 0.8745148777961731
17.799999237060547 0.2129412740468979 0.1955510526895523 -0.22656191885471344 -0.08418696373701096 0.16069623827934265 0.4543760418891907 0.8721420168876648
17.83333396911621 0.22047623991966248 0.1981567144393921 -0.23143528401851654 -0.08099224418401718 0.15319274365901947 0.46367111802101135 0.8688966035842896
17.866666793823242 0.2252768874168396 0.20251628756523132 -0.2354762852191925 -0.07705581933259964 0.15001335740089417 0.47024181485176086 0.8662741780281067
17.899999618530273 0.22793854773044586 0.20687001943588257 -0.23697872459888458 -0.07388906925916672 0.15061356127262115 0.47520458698272705 0.8637341260910034
17.933332443237305 0.2320406585931778 0.21101079881191254 -0.24036528170108795 -0.07237796485424042 0.15030896663665771 0.4796420931816101 0.8614593148231506
17.96666717529297 0.23161180317401886 0.21568414568901062 -0.24034668505191803 -0.0688764899969101 0.15233463048934937 0.48131680488586426 0.8604559302330017
18.0 0.2345193475484848 0.21425282955169678 -0.24275797605514526 -0.06731386482715607 0.15384958684444427 0.4850258231163025 0.8582244515419006
18.03333282470703 0.23786471784114838 0.21472547948360443 -0.2466123104095459 -0.06463921815156937 0.1539362072944641 0.4886065721511841 0.856381356716156
18.066667556762695 0.240217387676239 0.21673113107681274 -0.24989810585975647 -0.06187941133975983 0.15302664041519165 0.4917041063308716 0.8549741506576538
18.100000381469727 0.2434796392917633 0.21722331643104553 -0.252277135848999 -0.06189657747745514 0.15251219272613525 0.4950830042362213 0.8531128764152527
18.133333206176758 0.24432282149791718 0.21745556592941284 -0.25168871879577637 -0.06265459954738617 0.15239004790782928 0.49689194560050964 0.8520269989967346
18.16666603088379 0.24460402131080627 0.22020336985588074 -0.24893255531787872 -0.06327404826879501 0.14704468846321106 0.4983461797237396 0.852071225643158
18.200000762939453 0.24044892191886902 0.22252139449119568 -0.2429831624031067 -0.059422124177217484 0.13757699728012085 0.5003494024276733 0.852755606174469
18.233333587646484 0.2375601977109909 0.22440378367900848 -0.23952001333236694 -0.04666416347026825 0.12326885014772415 0.5038459897041321 0.853678286075592
18.266666412353516 0.24105799198150635 0.22358764708042145 -0.24225421249866486 -0.03477037698030472 0.11209255456924438 0.5127347707748413 0.8504877090454102
18.299999237060547 0.23781704902648926 0.2297399640083313 -0.24139539897441864 -0.0227156113833189 0.10500810295343399 0.5190150737762451 0.8479862213134766
18.33333396911621 0.23564451932907104 0.23780131340026855 -0.24321623146533966 -0.01776076667010784 0.10347158461809158 0.5285390019416809 0.8423923254013062
18.366666793823242 0.24008658528327942 0.23740357160568237 -0.2437530905008316 -0.02369333989918232 0.1083463504910469 0.5387461185455322 0.8351361751556396
18.399999618530273 0.24478209018707275 0.24280007183551788 -0.2505950927734375 -0.02507738582789898 0.11284060031175613 0.5457193851470947 0.8299569487571716
18.433332443237305 0.24549567699432373 0.2473035603761673 -0.25207898020744324 -0.020885011181235313 0.11669658124446869 0.5513708591461182 0.8257941603660583
18.46666717529297 0.24576245248317719 0.25680631399154663 -0.2531447112560272 -0.01109466701745987 0.11533422768115997 0.5562769174575806 0.8228796720504761
18.5 0.2462647706270218 0.25261154770851135 -0.25209012627601624 -0.0069558946415781975 0.11561504751443863 0.563102126121521 0.8182302117347717
18.53333282470703 0.2483275681734085 0.2563363313674927 -0.2505438029766083 -0.003962657414376736 0.11479058116674423 0.5670293569564819 0.815650224685669
18.566667556762695 0.2497454285621643 0.2616252899169922 -0.25684869289398193 -0.002415495691820979 0.1147874966263771 0.571013867855072 0.8128722310066223
18.600000381469727 0.2514861524105072 0.26618102192878723 -0.2565726935863495 -0.0006688795983791351 0.11498532444238663 0.5728382468223572 0.8115628361701965
18.633333206176758 0.253519743680954 0.2662816345691681 -0.25836262106895447 -0.00014279868628364056 0.11568301916122437 0.576230525970459 0.8090586066246033
18.66666603088379 0.25374025106430054 0.26302769780158997 -0.25940844416618347 -0.0015873879892751575 0.12034223973751068 0.5797904133796692 0.8058276772499084
18.700000762939453 0.26686713099479675 0.2472032606601715 -0.26192235946655273 -0.013693980872631073 0.12281383574008942 0.5902425646781921 0.7977110743522644
18.733333587646484 0.26846182346343994 0.2472095787525177 -0.26348447799682617 -0.014097897335886955 0.12295814603567123 0.5915043950080872 0.796746551990509
18.766666412353516 0.269708514213562 0.2496962547302246 -0.2612767219543457 -0.013610939495265484 0.12372002750635147 0.5920445322990417 0.7962357997894287
18.799999237060547 0.2718725800514221 0.25004202127456665 -0.26141709089279175 -0.013387788087129593 0.12374623864889145 0.5921065807342529 0.7961893081665039
18.83333396911621 0.273578017950058 0.25071457028388977 -0.2611420154571533 -0.014140035025775433 0.12452831119298935 0.5921168923377991 0.7960467338562012
18.866666793823242 0.27453282475471497 0.25120726227760315 -0.25940588116645813 -0.018509579822421074 0.1278430074453354 0.5933359265327454 0.7945224642753601
18.899999618530273 0.27828580141067505 0.25510895252227783 -0.25770896673202515 -0.02240729331970215 0.12819255888462067 0.5946385860443115 0.793391227722168
18.933332443237305 0.27805688977241516 0.2552303373813629 -0.25664645433425903 -0.02303728647530079 0.13010068237781525 0.5922765731811523 0.7948280572891235
18.96666717529297 0.2797252833843231 0.2555273771286011 -0.25681981444358826 -0.02093266323208809 0.1313323974609375 0.5889111161231995 0.7971808910369873
19.0 0.2822633385658264 0.25735971331596375 -0.2574586570262909 -0.019358960911631584 0.13379909098148346 0.586492657661438 0.7985921502113342
19.03333282470703 0.2826820909976959 0.2566140294075012 -0.25877782702445984 -0.021072594448924065 0.1391759067773819 0.5844123363494873 0.7991547584533691
19.066667556762695 0.2824161648750305 0.2556449770927429 -0.25945696234703064 -0.0238555446267128 0.14400039613246918 0.5810020565986633 0.8007068037986755
19.100000381469727 0.2825095057487488 0.2541526257991791 -0.2595885694026947 -0.026733312755823135 0.1483958512544632 0.5762155055999756 0.8032681345939636
19.133333206176758 0.28474023938179016 0.25342652201652527 -0.2599789798259735 -0.028984028846025467 0.1515321284532547 0.5713943839073181 0.8060436844825745
19.16666603088379 0.28400522470474243 0.2512211799621582 -0.2598993182182312 -0.031711313873529434 0.15584105253219604 0.5667266249656677 0.8084113001823425
19.200000762939453 0.2850790321826935 0.24939531087875366 -0.25993937253952026 -0.032692618668079376 0.15914712846279144 0.5633789896965027 0.8100664019584656
19.233333587646484 0.2876214385032654 0.2454846352338791 -0.260748952627182 -0.03217923268675804 0.16048194468021393 0.5588901042938232 0.8129280209541321
19.266666412353516 0.2896484136581421 0.239786759018898 -0.2612842619419098 -0.03146912157535553 0.16316458582878113 0.5528734922409058 0.8165280222892761
19.299999237060547 0.29064664244651794 0.23408345878124237 -0.2624211311340332 -0.03181484714150429 0.16798701882362366 0.5470103025436401 0.819480299949646
19.33333396911621 0.2904939353466034 0.2314620018005371 -0.26519864797592163 -0.03331546485424042 0.1725388467311859 0.541515588760376 0.8221200108528137
19.366666793823242 0.2910920977592468 0.22639340162277222 -0.2677277624607086 -0.03703491762280464 0.17800183594226837 0.5391758680343628 0.8223339915275574
19.399999618530273 0.29131829738616943 0.22613422572612762 -0.27053844928741455 -0.03944786638021469 0.184892475605011 0.5369784235954285 0.8221392035484314
19.433332443237305 0.2898547351360321 0.22778315842151642 -0.2733529210090637 -0.04027719050645828 0.19535024464130402 0.5334269404411316 0.8219926357269287
19.46666717529297 0.29706817865371704 0.22264859080314636 -0.2770698368549347 -0.04740046337246895 0.20532849431037903 0.5339826345443726 0.8188138008117676
19.5 0.2948577404022217 0.22604131698608398 -0.278915673494339 -0.05049591138958931 0.2191193699836731 0.5313995480537415 0.8167321681976318
19.53333282470703 0.299590140581131 0.2276608794927597 -0.28159546852111816 -0.059028081595897675 0.23238687217235565 0.5310949087142944 0.8126809597015381
19.566667556762695 0.3040904104709625 0.2283826619386673 -0.2824209928512573 -0.06939477473497391 0.2459588646888733 0.5281040072441101 0.8098115921020508
19.600000381469727 0.3078575134277344 0.22888264060020447 -0.2847536504268646 -0.07701577991247177 0.25894463062286377 0.5232976078987122 0.8081929683685303
19.633333206176758 0.31141236424446106 0.2285086214542389 -0.2881777286529541 -0.08127730339765549 0.2735496759414673 0.5166664123535156 0.8072301745414734
19.66666603088379 0.31243380904197693 0.23047864437103271 -0.29172125458717346 -0.07985673099756241 0.2869482934474945 0.5092918276786804 0.8074065446853638
19.700000762939453 0.3168586194515228 0.22711895406246185 -0.2954295575618744 -0.08408591151237488 0.2963493764400482 0.5052059292793274 0.8061473965644836
19.733333587646484 0.31778576970100403 0.22811062633991241 -0.29665225744247437 -0.0868566483259201 0.30883896350860596 0.49932703375816345 0.8048273324966431
19.766666412353516 0.3258332908153534 0.2255723476409912 -0.30232441425323486 -0.093246690928936 0.31344613432884216 0.49968788027763367 0.8021026253700256
19.799999237060547 0.3291422426700592 0.22896546125411987 -0.3033868074417114 -0.09654010087251663 0.3200847804546356 0.49448254704475403 0.802317202091217
19.83333396911621 0.3370928466320038 0.2286643534898758 -0.30570703744888306 -0.1021723747253418 0.3244260549545288 0.4942414164543152 0.8000212907791138
19.866666793823242 0.3459073603153229 0.2270641028881073 -0.3094828128814697 -0.10790588706731796 0.3255285620689392 0.4947074353694916 0.7985312342643738
19.899999618530273 0.353586345911026 0.22650998830795288 -0.3110365867614746 -0.11286793649196625 0.3275114893913269 0.49445098638534546 0.7971921563148499
19.933332443237305 0.3608705997467041 0.22480084002017975 -0.3116346001625061 -0.1160716861486435 0.32726970314979553 0.4932636320590973 0.797566831111908
19.96666717529297 0.3641645014286041 0.22401487827301025 -0.31181633472442627 -0.11517996340990067 0.32357484102249146 0.48847880959510803 0.8021355271339417
20.0 0.36578530073165894 0.22165371477603912 -0.3128723204135895 -0.11008714139461517 0.31944403052330017 0.48145779967308044 0.8087241649627686
20.03333282470703 0.36684659123420715 0.2177700400352478 -0.3148738145828247 -0.1040763184428215 0.3187824487686157 0.47367966175079346 0.814354658126831
20.066667556762695 0.3683854639530182 0.2135639637708664 -0.31715744733810425 -0.09958243370056152 0.31933265924453735 0.4677293598651886 0.8181316256523132
20.100000381469727 0.37285223603248596 0.2081432193517685 -0.3190430700778961 -0.09770327061414719 0.3172505497932434 0.46602076292037964 0.8201408386230469
20.133333206176758 0.37900310754776 0.20593129098415375 -0.32136625051498413 -0.09234430640935898 0.31249329447746277 0.4653676748275757 0.8229540586471558
20.16666603088379 0.38553380966186523 0.20533445477485657 -0.3231191337108612 -0.0876615047454834 0.305759996175766 0.47156310081481934 0.8224685192108154
20.200000762939453 0.3950798511505127 0.2049793004989624 -0.3242713510990143 -0.08455072343349457 0.30041855573654175 0.47759610414505005 0.8212806582450867
20.233333587646484 0.4027174115180969 0.20552918314933777 -0.32411089539527893 -0.08567249029874802 0.30103975534439087 0.4830116033554077 0.8177622556686401
20.266666412353516 0.41319704055786133 0.2094295620918274 -0.3270546495914459 -0.09063921868801117 0.3086530864238739 0.48900046944618225 0.8107998371124268
20.299999237060547 0.42189183831214905 0.21637314558029175 -0.3342128098011017 -0.09303594380617142 0.3190488815307617 0.4957074522972107 0.8023878931999207
20.33333396911621 0.4297088384628296 0.220154270529747 -0.3408518135547638 -0.09358175098896027 0.3243093490600586 0.5040255188941956 0.7949994206428528
20.366666793823242 0.4346575140953064 0.22399984300136566 -0.34775593876838684 -0.08944839239120483 0.3202821612358093 0.510421872138977 0.7930245399475098
20.399999618530273 0.44207531213760376 0.22408314049243927 -0.353638619184494 -0.08584903180599213 0.3199736773967743 0.5194694399833679 0.7876536846160889
20.433332443237305 0.4499145746231079 0.22668123245239258 -0.36224564909935 -0.08526705205440521 0.3306703269481659 0.5309062004089355 0.7755805850028992
20.46666717529297 0.4587995707988739 0.22711005806922913 -0.37139150500297546 -0.09038902819156647 0.350674569606781 0.5384411811828613 0.7608799338340759
20.5 0.46562427282333374 0.22077755630016327 -0.3813854157924652 -0.09264877438545227 0.3658968508243561 0.5405735969543457 0.7518749833106995
20.53333282470703 0.47269850969314575 0.21512679755687714 -0.3924081325531006 -0.09037601202726364 0.3747729957103729 0.5366923809051514 0.7505589127540588
20.566667556762695 0.48223423957824707 0.2084713578224182 -0.4038548767566681 -0.08836778998374939 0.38215282559394836 0.5338024497032166 0.7491364479064941
20.600000381469727 0.4925483465194702 0.19994018971920013 -0.41386678814888 -0.08819127082824707 0.3896259367465973 0.532562255859375 0.7461845278739929
20.633333206176758 0.5060653686523438 0.19446377456188202 -0.4269554615020752 -0.08830586075782776 0.39564356207847595 0.5331315398216248 0.7425894141197205
20.66666603088379 0.5193601846694946 0.19009235501289368 -0.4398657977581024 -0.0882137343287468 0.40070396661758423 0.5355214476585388 0.7381541132926941
20.700000762939453 0.5318032503128052 0.1861877143383026 -0.4516117572784424 -0.0881676897406578 0.40608951449394226 0.5380778312683105 0.7333416938781738
20.733333587646484 0.546432375907898 0.182838574051857 -0.46513813734054565 -0.09052487462759018 0.4114975035190582 0.5416554808616638 0.7273819446563721
20.766666412353516 0.5646410584449768 0.18214960396289825 -0.4811815917491913 -0.09498056024312973 0.4179355204105377 0.5439695119857788 0.7213915586471558
20.799999237060547 0.5810146331787109 0.1808866411447525 -0.49401184916496277 -0.10193324834108353 0.4262695610523224 0.5440924763679504 0.7154490947723389
20.83333396911621 0.6022467613220215 0.1785121113061905 -0.5067718029022217 -0.11020423471927643 0.43402019143104553 0.5453837513923645 0.70854651927948
20.866666793823242 0.6186143755912781 0.1796594113111496 -0.5217443108558655 -0.11446289718151093 0.4382883608341217 0.5435788631439209 0.7066283226013184
20.899999618530273 0.6386927366256714 0.18111900985240936 -0.537600040435791 -0.11866981536149979 0.44125813245773315 0.5434736013412476 0.7041627764701843
20.933332443237305 0.6593397259712219 0.18100132048130035 -0.552643895149231 -0.12134593725204468 0.44551655650138855 0.5433801412582397 0.7010907530784607
20.96666717529297 0.6787506341934204 0.18112581968307495 -0.5660905838012695 -0.12252424657344818 0.44981849193573 0.5433168411254883 0.6981819868087769
21.0 0.7009116411209106 0.17972640693187714 -0.577343225479126 -0.12701137363910675 0.45448869466781616 0.5441076159477234 0.6937255263328552
21.03333282470703 0.7210498452186584 0.18294548988342285 -0.5924438238143921 -0.1299784928560257 0.45857566595077515 0.5439136624336243 0.6906315684318542
21.066667556762695 0.7418661713600159 0.18341988325119019 -0.6039015650749207 -0.13361284136772156 0.4626139998435974 0.5455158948898315 0.6859652996063232
21.100000381469727 0.7613738775253296 0.1852770745754242 -0.6148141026496887 -0.13634641468524933 0.4641965627670288 0.5466324090957642 0.6834649443626404
21.133333206176758 0.7804662585258484 0.18644487857818604 -0.6200395822525024 -0.1400124430656433 0.46639353036880493 0.5464535355567932 0.681367814540863
21.16666603088379 0.7988497614860535 0.1890886276960373 -0.6261661052703857 -0.14194004237651825 0.4682263433933258 0.5466157793998718 0.6795795559883118
21.200000762939453 0.8226312398910522 0.1881730854511261 -0.6264533996582031 -0.14907819032669067 0.4713376462459564 0.5462221503257751 0.6762085556983948
21.233333587646484 0.8432469964027405 0.19077271223068237 -0.6328114867210388 -0.15360619127750397 0.4730081260204315 0.5440747737884521 0.6757597327232361
21.266666412353516 0.858790934085846 0.19433699548244476 -0.6353996396064758 -0.15874257683753967 0.4767614006996155 0.5398425459861755 0.6753290891647339
21.299999237060547 0.8748453259468079 0.19737635552883148 -0.6367747783660889 -0.16288046538829803 0.47758200764656067 0.5372878909111023 0.6758010983467102
21.33333396911621 0.8900705575942993 0.20212723314762115 -0.6374810934066772 -0.16760669648647308 0.4810340702533722 0.5349129438400269 0.6740790009498596
21.366666793823242 0.9043681621551514 0.20698118209838867 -0.6412952542304993 -0.17044195532798767 0.48315829038619995 0.534399688243866 0.6722533702850342
21.399999618530273 0.9206732511520386 0.20923864841461182 -0.6420127153396606 -0.17620474100112915 0.48632752895355225 0.5336146950721741 0.6690985560417175
21.433332443237305 0.9352583289146423 0.21465548872947693 -0.6451802849769592 -0.17875570058822632 0.48892921209335327 0.5332487225532532 0.6668136119842529
21.46666717529297 0.947612464427948 0.22025750577449799 -0.6472362875938416 -0.18179859220981598 0.4916631877422333 0.5320472121238708 0.6649379134178162
21.5 0.9437912106513977 0.23670299351215363 -0.6541402339935303 -0.17717508971691132 0.4947715699672699 0.5217554569244385 0.6719979643821716
21.53333282470703 0.9585487842559814 0.24290578067302704 -0.6588320732116699 -0.1817426234483719 0.49813294410705566 0.5224505066871643 0.6677414774894714
21.566667556762695 0.9722883701324463 0.2485390305519104 -0.6637555360794067 -0.1840227097272873 0.4959060549736023 0.5246401429176331 0.6670573353767395
21.600000381469727 0.9845775961875916 0.2544749081134796 -0.6668773293495178 -0.18628394603729248 0.49622681736946106 0.5262224078178406 0.6649416089057922
21.633333206176758 0.9984554648399353 0.26232630014419556 -0.6709402203559875 -0.18976645171642303 0.49464502930641174 0.528664767742157 0.663195788860321
21.66666603088379 1.0092495679855347 0.27006515860557556 -0.6730266809463501 -0.1932249814271927 0.49424880743026733 0.5311837792396545 0.6604741811752319
21.700000762939453 1.0192052125930786 0.27772989869117737 -0.6743671894073486 -0.19662414491176605 0.49422216415405273 0.5326057076454163 0.6583423614501953
21.733333587646484 1.03084135055542 0.28675979375839233 -0.6753637790679932 -0.20039868354797363 0.4937285780906677 0.5342942476272583 0.6562027931213379
21.766666412353516 1.042312502861023 0.295503169298172 -0.675978422164917 -0.20419259369373322 0.4931630492210388 0.5357492566108704 0.6542693972587585
21.799999237060547 1.0542924404144287 0.30415257811546326 -0.6762893199920654 -0.20789605379104614 0.49290981888771057 0.5372145175933838 0.6520887017250061
21.83333396911621 1.0665086507797241 0.3127311170101166 -0.6763946413993835 -0.21089518070220947 0.4917954206466675 0.5400833487510681 0.6495925188064575
21.866666793823242 1.0778892040252686 0.3200025260448456 -0.6760942935943604 -0.2123176008462906 0.4903636872768402 0.542331337928772 0.6483374834060669
21.899999618530273 1.0886929035186768 0.3273642659187317 -0.675600528717041 -0.21455618739128113 0.489393413066864 0.5439813733100891 0.6469497680664062
21.933332443237305 1.0986132621765137 0.3353906273841858 -0.6731289029121399 -0.2174566686153412 0.48844820261001587 0.5454962253570557 0.6454183459281921
21.96666717529297 1.1066099405288696 0.3433383107185364 -0.6703903675079346 -0.21952058374881744 0.4861939251422882 0.5476092100143433 0.6446319222450256
22.0 1.1120378971099854 0.35175174474716187 -0.6679538488388062 -0.21996328234672546 0.4850074052810669 0.5495356917381287 0.643734872341156
22.03333282470703 1.1185412406921387 0.35900190472602844 -0.665208637714386 -0.22131404280662537 0.4848334789276123 0.5510149598121643 0.6421364545822144
22.066667556762695 1.1237314939498901 0.36544427275657654 -0.662696897983551 -0.2231326848268509 0.4846624732017517 0.5517476797103882 0.6410059928894043
22.100000381469727 1.1275080442428589 0.37134498357772827 -0.6598397493362427 -0.22539275884628296 0.4850495457649231 0.5522764921188354 0.6394652724266052
22.133333206176758 1.131541132926941 0.37708351016044617 -0.6571053862571716 -0.22832922637462616 0.48614242672920227 0.5526062250137329 0.6373050212860107
22.16666603088379 1.1333144903182983 0.38198432326316833 -0.654586911201477 -0.23047783970832825 0.4867812991142273 0.5532491207122803 0.6354835629463196
22.200000762939453 1.1323394775390625 0.38621821999549866 -0.6531453132629395 -0.22873364388942719 0.4864318370819092 0.5534977316856384 0.6361645460128784
22.233333587646484 1.1321178674697876 0.3863162696361542 -0.6537008285522461 -0.22700902819633484 0.48919954895973206 0.5517897605895996 0.6361436247825623
22.266666412353516 1.1320527791976929 0.38620010018348694 -0.6535426378250122 -0.2270522266626358 0.48946553468704224 0.5515594482421875 0.6361233592033386
22.299999237060547 1.1326979398727417 0.3859573006629944 -0.6520742774009705 -0.22933389246463776 0.48958948254585266 0.5516803860664368 0.6351038813591003
22.33333396911621 1.1331162452697754 0.38639360666275024 -0.6514650583267212 -0.2307458370923996 0.48864448070526123 0.5518255233764648 0.6351940631866455
22.366666793823242 1.1315776109695435 0.3847965896129608 -0.6477389931678772 -0.23225173354148865 0.4897432029247284 0.5514143109321594 0.6341554522514343
22.399999618530273 1.1316144466400146 0.3854115903377533 -0.6460844278335571 -0.23295457661151886 0.4868573844432831 0.5519516468048096 0.6356504559516907
22.433332443237305 1.1299477815628052 0.38509660959243774 -0.6422286033630371 -0.23514635860919952 0.486799418926239 0.5515365600585938 0.635248064994812
22.46666717529297 1.1277357339859009 0.3860786259174347 -0.6398248076438904 -0.23571936786174774 0.48612356185913086 0.5510386824607849 0.6359847784042358
22.5 1.1264824867248535 0.384797602891922 -0.6368468403816223 -0.23667451739311218 0.4854862093925476 0.5502880215644836 0.6367664337158203
22.53333282470703 1.1244137287139893 0.38632428646087646 -0.6348470449447632 -0.23643802106380463 0.48406025767326355 0.5508410334587097 0.6374613642692566
22.566667556762695 1.1242104768753052 0.3884824216365814 -0.6337577700614929 -0.2357204705476761 0.4821249544620514 0.5514460802078247 0.6386694312095642
22.600000381469727 1.1221338510513306 0.38486889004707336 -0.6293859481811523 -0.2385355532169342 0.48430681228637695 0.5499448180198669 0.6372663378715515
22.633333206176758 1.1225751638412476 0.38590213656425476 -0.6278049945831299 -0.2406797558069229 0.4836900234222412 0.5503354072570801 0.6365910768508911
22.66666603088379 1.1213774681091309 0.3857274055480957 -0.6263707280158997 -0.24045200645923615 0.4835529327392578 0.5506782531738281 0.6364848017692566
22.700000762939453 1.1217808723449707 0.38627511262893677 -0.62483811378479 -0.24066215753555298 0.4826540946960449 0.5507922768592834 0.6369887590408325
22.733333587646484 1.1219578981399536 0.3865281045436859 -0.624147891998291 -0.2413690686225891 0.4826042950153351 0.5504941940307617 0.6370167136192322
22.766666412353516 1.121907353401184 0.38759955763816833 -0.6220186352729797 -0.24296364188194275 0.48350000381469727 0.549121618270874 0.636915922164917
22.799999237060547 1.1222747564315796 0.38924935460090637 -0.6212874054908752 -0.2437031865119934 0.48278170824050903 0.549335241317749 0.6369940042495728
22.83333396911621 1.121857762336731 0.39009547233581543 -0.6202849745750427 -0.24334605038166046 0.48241981863975525 0.5488504767417908 0.6378220915794373
22.866666793823242 1.1218194961547852 0.39013808965682983 -0.6202898621559143 -0.24330638349056244 0.4824245870113373 0.5488349795341492 0.6378470063209534
22.899999618530273 1.1204795837402344 0.3907945156097412 -0.6190526485443115 -0.2432016283273697 0.4823169410228729 0.5470317602157593 0.6395151019096375
22.933332443237305 1.1201554536819458 0.3894924521446228 -0.6188883185386658 -0.24379286170005798 0.48322513699531555 0.5464206337928772 0.6391268968582153
22.96666717529297 1.1190006732940674 0.38737648725509644 -0.6187001466751099 -0.24413421750068665 0.48410335183143616 0.5454318523406982 0.6391764283180237
23.0 1.1166926622390747 0.3855583667755127 -0.6187523007392883 -0.24338778853416443 0.4853168725967407 0.5439881682395935 0.6397709250450134
23.03333282470703 1.115255355834961 0.3818829655647278 -0.6190938353538513 -0.24341340363025665 0.48657989501953125 0.5430037379264832 0.6396381258964539
23.066667556762695 1.1133508682250977 0.3782580494880676 -0.6201164126396179 -0.2422534078359604 0.48696497082710266 0.5421097278594971 0.6405431032180786
23.100000381469727 1.1117628812789917 0.37433186173439026 -0.6210778951644897 -0.2405432015657425 0.4868759512901306 0.5418944954872131 0.6414368748664856
23.133333206176758 1.1100701093673706 0.37076181173324585 -0.6229948401451111 -0.2382129430770874 0.48664265871047974 0.5417038202285767 0.642643392086029
23.16666603088379 1.108386754989624 0.36708539724349976 -0.6240572333335876 -0.23717950284481049 0.4870912730693817 0.5410634279251099 0.6432249546051025
23.200000762939453 1.10621178150177 0.3635428249835968 -0.625248372554779 -0.23557640612125397 0.48818379640579224 0.5402490496635437 0.6436702013015747
23.233333587646484 1.1044352054595947 0.36031055450439453 -0.6270825266838074 -0.2336883842945099 0.48909538984298706 0.5395389199256897 0.6442617177963257
23.266666412353516 1.1031684875488281 0.3572819232940674 -0.6285145878791809 -0.23263496160507202 0.4904800057411194 0.5387455224990845 0.6442543268203735
23.299999237060547 1.102169156074524 0.35427817702293396 -0.6304989457130432 -0.23158186674118042 0.4919779300689697 0.5374900102615356 0.6445401906967163
23.33333396911621 1.1005022525787354 0.35157641768455505 -0.6321593523025513 -0.23017533123493195 0.4942873418331146 0.5352709889411926 0.6451235413551331
23.366666793823242 1.0993291139602661 0.3495100140571594 -0.6331019401550293 -0.22942505776882172 0.49619048833847046 0.5336992740631104 0.6452320218086243
23.399999618530273 1.0987941026687622 0.3474181890487671 -0.6346923112869263 -0.22892990708351135 0.4977014660835266 0.5328957438468933 0.6449081301689148
23.433332443237305 1.0986759662628174 0.34637898206710815 -0.6357505321502686 -0.22869041562080383 0.49860167503356934 0.5325852632522583 0.6445541977882385
23.46666717529297 1.0982977151870728 0.3455621600151062 -0.6359255313873291 -0.2285010665655136 0.49877822399139404 0.5328937768936157 0.6442296504974365
23.5 1.0971401929855347 0.3443881571292877 -0.6361860036849976 -0.22781376540660858 0.5001326203346252 0.5320400595664978 0.644128680229187
23.53333282470703 1.096409559249878 0.34373942017555237 -0.6377036571502686 -0.22743238508701324 0.5014392733573914 0.5310159921646118 0.6440925002098083
23.566667556762695 1.0949665307998657 0.3420995771884918 -0.6376058459281921 -0.2273101955652237 0.5034534335136414 0.5294873714447021 0.643822968006134
23.600000381469727 1.093529462814331 0.33950406312942505 -0.6373867988586426 -0.22599782049655914 0.50568687915802 0.5277103185653687 0.6439934968948364
23.633333206176758 1.090866208076477 0.3376888632774353 -0.638361930847168 -0.22273953258991241 0.5080149173736572 0.5257225632667542 0.644921600818634
23.66666603088379 1.0891966819763184 0.3359490633010864 -0.6382809281349182 -0.22121506929397583 0.5102168321609497 0.5242476463317871 0.6449085474014282
23.700000762939453 1.0886192321777344 0.3357178568840027 -0.6400454044342041 -0.22008423507213593 0.5104953646659851 0.5240822434425354 0.6452094316482544
23.733333587646484 1.0882575511932373 0.33546069264411926 -0.6412416100502014 -0.21964412927627563 0.5111040472984314 0.5235358476638794 0.6453211307525635
23.766666412353516 1.088384747505188 0.33653324842453003 -0.6436554193496704 -0.21882426738739014 0.5112026333808899 0.5233644247055054 0.6456605195999146
23.799999237060547 1.088881015777588 0.3378274440765381 -0.6449211835861206 -0.21849994361400604 0.511263906955719 0.5233460068702698 0.6457368731498718
23.83333396911621 1.0889997482299805 0.33898112177848816 -0.645565927028656 -0.21761927008628845 0.5112593770027161 0.5231060981750488 0.6462318897247314
23.866666793823242 1.0896974802017212 0.33977118134498596 -0.6461086869239807 -0.21729423105716705 0.5115509629249573 0.5226474404335022 0.6464816331863403
23.899999618530273 1.089660882949829 0.34123384952545166 -0.6472048759460449 -0.21642908453941345 0.5116371512413025 0.5220707058906555 0.6471693515777588
23.933332443237305 1.0902340412139893 0.3420914113521576 -0.6483864188194275 -0.21582163870334625 0.5114796161651611 0.5218106508255005 0.647706151008606
23.96666717529297 1.093125581741333 0.3408830761909485 -0.6489197611808777 -0.2168351113796234 0.511296808719635 0.5224121809005737 0.6470268368721008
24.0 1.091261386871338 0.340266615152359 -0.6505994200706482 -0.21394988894462585 0.5118488073348999 0.5215146541595459 0.6482736468315125
24.03333282470703 1.0876679420471191 0.33800941705703735 -0.6527402997016907 -0.20747148990631104 0.5131939053535461 0.51823890209198 0.6519325971603394
24.066667556762695 1.0881479978561401 0.33118587732315063 -0.6550949215888977 -0.20508915185928345 0.5144201517105103 0.5165694355964661 0.6530439853668213
24.100000381469727 1.0807666778564453 0.3260549008846283 -0.6584404110908508 -0.1964012086391449 0.5175812840461731 0.5113566517829895 0.6573055982589722
24.133333206176758 1.0788077116012573 0.3137966990470886 -0.6619088053703308 -0.19072212278842926 0.5200758576393127 0.507500171661377 0.6599923372268677
24.16666603088379 1.071757435798645 0.3033250868320465 -0.6667537093162537 -0.18194571137428284 0.5232251286506653 0.5020406246185303 0.6641435027122498
24.200000762939453 1.0648999214172363 0.29127421975135803 -0.6723679304122925 -0.1745607852935791 0.5267499089241028 0.4961429834365845 0.6677613854408264
24.233333587646484 1.061643362045288 0.27727729082107544 -0.6807613968849182 -0.169439896941185 0.5283373594284058 0.492192804813385 0.6707428693771362
24.266666412353516 1.0583631992340088 0.25989797711372375 -0.6900957226753235 -0.16541121900081635 0.531426727771759 0.48756250739097595 0.6726868748664856
24.299999237060547 1.0585956573486328 0.24014194309711456 -0.6997202634811401 -0.16296154260635376 0.5350302457809448 0.48363685607910156 0.6732619404792786
24.33333396911621 1.0564993619918823 0.21837934851646423 -0.7127751111984253 -0.15804614126682281 0.5379613637924194 0.47894227504730225 0.6754505038261414
24.366666793823242 1.0491068363189697 0.20291435718536377 -0.7272485494613647 -0.14678911864757538 0.5420944690704346 0.4730006158351898 0.6788644790649414
24.399999618530273 1.0499303340911865 0.17654718458652496 -0.7384142279624939 -0.14409594237804413 0.5477993488311768 0.4662626385688782 0.6795229315757751
24.433332443237305 1.0449607372283936 0.15364739298820496 -0.7546904683113098 -0.1365184187889099 0.5537979006767273 0.4593752324581146 0.6809148788452148
24.46666717529297 1.0449994802474976 0.12910935282707214 -0.7693684697151184 -0.1322566270828247 0.5581237077713013 0.4534377455711365 0.6822026371955872
24.5 1.041982650756836 0.10531401634216309 -0.7853429317474365 -0.12552662193775177 0.5611685514450073 0.44788089394569397 0.6846427917480469
24.53333282470703 1.0330654382705688 0.08770016580820084 -0.7964345216751099 -0.11670424789190292 0.5661980509757996 0.4400271475315094 0.6871507167816162
24.566667556762695 1.0317813158035278 0.0662856251001358 -0.8124020099639893 -0.11137910187244415 0.5688774585723877 0.43637073040008545 0.6881524920463562
24.600000381469727 1.0187151432037354 0.051279209554195404 -0.8280168771743774 -0.10072159022092819 0.5753413438796997 0.42878761887550354 0.6891869902610779
24.633333206176758 1.0100539922714233 0.03737747296690941 -0.8420170545578003 -0.09168636053800583 0.5806173086166382 0.4214089512825012 0.690573513507843
24.66666603088379 1.0085859298706055 0.019680852070450783 -0.8512751460075378 -0.08942969143390656 0.5866632461547852 0.41499218344688416 0.6896449327468872
24.700000762939453 1.0081853866577148 0.0038788607344031334 -0.8612490892410278 -0.0889434739947319 0.5939220786094666 0.40841957926750183 0.687414824962616
24.733333587646484 0.993894636631012 0.0008749380940571427 -0.8748914003372192 -0.08068490773439407 0.6034479737281799 0.40067848563194275 0.6846876740455627
24.766666412353516 0.9979527592658997 -0.009446324780583382 -0.8844884634017944 -0.07992901653051376 0.6074041724205017 0.39962756633758545 0.6818866729736328
24.799999237060547 1.0046441555023193 -0.020721018314361572 -0.897426187992096 -0.07626169174909592 0.6059806942939758 0.3991449177265167 0.6838530898094177
24.83333396911621 1.011933445930481 -0.028104715049266815 -0.9058694243431091 -0.07386084645986557 0.6077728271484375 0.39700719714164734 0.683770477771759
24.866666793823242 1.0206055641174316 -0.03379491716623306 -0.9156743288040161 -0.073847696185112 0.6112881898880005 0.3955799341201782 0.6814615726470947
24.899999618530273 1.0280938148498535 -0.03812815994024277 -0.92384934425354 -0.0737227126955986 0.6153849363327026 0.3930808901786804 0.679230272769928
24.933332443237305 1.0374865531921387 -0.042940590530633926 -0.9347273707389832 -0.07194133847951889 0.6169405579566956 0.391096830368042 0.6791554689407349
24.96666717529297 1.0502489805221558 -0.04867754131555557 -0.9474942684173584 -0.07045525312423706 0.6179159879684448 0.39020290970802307 0.678938627243042
25.0 1.061448335647583 -0.05367140471935272 -0.958525538444519 -0.06924401968717575 0.6213784217834473 0.3881298899650574 0.6770887970924377
25.03333282470703 1.0752676725387573 -0.0574541799724102 -0.9701281785964966 -0.06846045702695847 0.6246708035469055 0.3870314955711365 0.6747637987136841
25.066667556762695 1.086517095565796 -0.05894766375422478 -0.9790453314781189 -0.0673508495092392 0.6271965503692627 0.3859061002731323 0.6731752157211304
25.100000381469727 1.1014307737350464 -0.06268052011728287 -0.9898155331611633 -0.06658466905355453 0.6274964213371277 0.3866637945175171 0.6725369095802307
25.133333206176758 1.1150089502334595 -0.06239613518118858 -1.0010268688201904 -0.06386645883321762 0.627997100353241 0.38751140236854553 0.671845018863678
25.16666603088379 1.1276606321334839 -0.06118058040738106 -1.010276198387146 -0.06107531487941742 0.6287819147109985 0.38880425691604614 0.6706223487854004
25.200000762939453 1.1412363052368164 -0.058737289160490036 -1.0183955430984497 -0.05934399366378784 0.6291017532348633 0.39058294892311096 0.6694433093070984
25.233333587646484 1.1539583206176758 -0.055250030010938644 -1.0258599519729614 -0.059359606355428696 0.6299908757209778 0.3928593099117279 0.6672702431678772
25.266666412353516 1.1695046424865723 -0.05112377926707268 -1.036311149597168 -0.060096222907304764 0.6300017237663269 0.3957364857196808 0.6654914617538452
25.299999237060547 1.182949185371399 -0.04472259059548378 -1.0428696870803833 -0.06041642650961876 0.6296350955963135 0.39831462502479553 0.664270281791687
25.33333396911621 1.1972330808639526 -0.03898024931550026 -1.0494418144226074 -0.06177772581577301 0.6298880577087402 0.4009622037410736 0.6623095273971558
25.366666793823242 1.2122337818145752 -0.032074958086013794 -1.0566598176956177 -0.06424678862094879 0.6299247145652771 0.40457555651664734 0.6598377823829651
25.399999618530273 1.224992036819458 -0.021901579573750496 -1.0608582496643066 -0.06449098140001297 0.6300239562988281 0.4088244140148163 0.6570947170257568
25.433332443237305 1.2390187978744507 -0.011377745307981968 -1.065743088722229 -0.06375699490308762 0.62847900390625 0.4134986400604248 0.6557195782661438
25.46666717529297 1.2534029483795166 0.0006600274937227368 -1.072119951248169 -0.06313888728618622 0.6251932382583618 0.4210403859615326 0.6541191935539246
25.5 1.2704048156738281 0.008268745616078377 -1.076854944229126 -0.06510411202907562 0.6213502883911133 0.4278811812400818 0.6531485915184021
25.53333282470703 1.2827476263046265 0.02151300013065338 -1.0799531936645508 -0.06454253196716309 0.6192811727523804 0.4333347976207733 0.651572048664093
25.566667556762695 1.2971487045288086 0.03455863893032074 -1.0831831693649292 -0.06440404802560806 0.6172501444816589 0.4395908713340759 0.6493183970451355
25.600000381469727 1.3103069067001343 0.044750627130270004 -1.08492910861969 -0.06599214673042297 0.6146305203437805 0.44387781620025635 0.6487271189689636
25.633333206176758 1.3227354288101196 0.05629667639732361 -1.0860790014266968 -0.06820131093263626 0.613559901714325 0.4469481110572815 0.6474027037620544
25.66666603088379 1.3295416831970215 0.06882844865322113 -1.0826189517974854 -0.0705190896987915 0.6140411496162415 0.44833487272262573 0.6457370519638062
25.700000762939453 1.3450591564178467 0.08454618602991104 -1.0846285820007324 -0.07316466420888901 0.6129111647605896 0.4521786868572235 0.643833339214325
25.733333587646484 1.355859637260437 0.09783132374286652 -1.0828337669372559 -0.07655031234025955 0.6112483143806458 0.4554475247859955 0.6427155137062073
25.766666412353516 1.3648360967636108 0.11488232016563416 -1.079319953918457 -0.0791688784956932 0.6095090508460999 0.45941928029060364 0.6412214636802673
25.799999237060547 1.3754817247390747 0.13056883215904236 -1.073046326637268 -0.08523853868246078 0.6071019768714905 0.462769478559494 0.6403172016143799
25.83333396911621 1.384273648262024 0.14763931930065155 -1.0676056146621704 -0.09149528294801712 0.604830801486969 0.46517619490623474 0.6398590207099915
25.866666793823242 1.389963984489441 0.16487756371498108 -1.0595768690109253 -0.09582433104515076 0.6031862497329712 0.4688110053539276 0.63812255859375
25.899999618530273 1.3995685577392578 0.1813095510005951 -1.0525225400924683 -0.09965572506189346 0.6004573702812195 0.4720538854598999 0.6377184391021729
25.933332443237305 1.4012887477874756 0.19655932486057281 -1.0395649671554565 -0.1020980030298233 0.6000264883041382 0.4743601083755493 0.6360241174697876
25.96666717529297 1.4064158201217651 0.2144954800605774 -1.0305827856063843 -0.11191458255052567 0.5993872880935669 0.4763695299625397 0.6334682703018188
26.0 1.4120107889175415 0.231231689453125 -1.021768569946289 -0.11223997920751572 0.5961707234382629 0.48108914494514465 0.6328791379928589
26.03333282470703 1.417235255241394 0.247068852186203 -1.0132415294647217 -0.11694934219121933 0.5935167670249939 0.4858340322971344 0.6308930516242981
26.066667556762695 1.420271873474121 0.2637301981449127 -1.0053731203079224 -0.1202450692653656 0.5917726755142212 0.4896065294742584 0.6289926171302795
26.100000381469727 1.4232200384140015 0.2780361771583557 -0.9981269836425781 -0.12351209670305252 0.5910077095031738 0.49315282702445984 0.6263026595115662
26.133333206176758 1.4227317571640015 0.29295817017555237 -0.9908784627914429 -0.12505589425563812 0.5920806527137756 0.495148628950119 0.6234015226364136
26.16666603088379 1.4232227802276611 0.3065626621246338 -0.9866203665733337 -0.12635280191898346 0.5914455652236938 0.4985325336456299 0.621041476726532
26.200000762939453 1.4243841171264648 0.31812411546707153 -0.9818702340126038 -0.127515971660614 0.5895837545394897 0.5026764273643494 0.6192311644554138
26.233333587646484 1.4252398014068604 0.33008477091789246 -0.9762950539588928 -0.1287037879228592 0.5879536271095276 0.5052400231361389 0.6184483766555786
26.266666412353516 1.428923487663269 0.33694547414779663 -0.9788837432861328 -0.12869058549404144 0.582150399684906 0.5123746395111084 0.6180710792541504
26.299999237060547 1.4272288084030151 0.3478969633579254 -0.9773724675178528 -0.12702597677707672 0.5801045894622803 0.5143821239471436 0.6186712384223938
26.33333396911621 1.4166605472564697 0.3649509847164154 -0.9680773019790649 -0.124285027384758 0.5828847289085388 0.5115086436271667 0.6189972162246704
26.366666793823242 1.396841049194336 0.3797195553779602 -0.9667912125587463 -0.10710311681032181 0.5926246643066406 0.5048177242279053 0.6184530258178711
26.399999618530273 1.3971164226531982 0.38638582825660706 -0.9603145718574524 -0.1094883382320404 0.5948165059089661 0.5040472149848938 0.616556704044342
26.433332443237305 1.398673176765442 0.3916320502758026 -0.9558495879173279 -0.1119905412197113 0.5955985188484192 0.5047892928123474 0.6147425770759583
26.46666717529297 1.399832844734192 0.3964518904685974 -0.9519304633140564 -0.11316844075918198 0.5957455039024353 0.505922257900238 0.6134516596794128
26.5 1.4019161462783813 0.39925605058670044 -0.9509907364845276 -0.11416259407997131 0.5948314666748047 0.5072147250175476 0.6130869388580322
26.53333282470703 1.4031867980957031 0.4018838405609131 -0.9491511583328247 -0.11558419466018677 0.5949191451072693 0.5078149437904358 0.6122382283210754
26.566667556762695 1.4037551879882812 0.40184056758880615 -0.947383463382721 -0.11802912503480911 0.5956754684448242 0.5083096027374268 0.6106237173080444
26.600000381469727 1.4038430452346802 0.39839568734169006 -0.9465224742889404 -0.12067458778619766 0.5972675085067749 0.5083901882171631 0.6084806323051453
26.633333206176758 1.402443528175354 0.39607882499694824 -0.9482148885726929 -0.12236306071281433 0.5990589261054993 0.5085601806640625 0.6062361001968384
26.66666603088379 1.3989906311035156 0.3919185698032379 -0.951658308506012 -0.123253732919693 0.601131021976471 0.5095213651657104 0.6031899452209473
26.700000762939453 1.3945105075836182 0.386022686958313 -0.9579154253005981 -0.12280944734811783 0.6037021279335022 0.5108150839805603 0.5996078252792358
26.733333587646484 1.3896807432174683 0.38058164715766907 -0.9655035734176636 -0.12238951772451401 0.6069085597991943 0.5120764374732971 0.5953659415245056
26.766666412353516 1.3837738037109375 0.3754924535751343 -0.9749962091445923 -0.12190281599760056 0.609980046749115 0.5144929885864258 0.5902212858200073
26.799999237060547 1.3774471282958984 0.36949554085731506 -0.9845728278160095 -0.12196223437786102 0.6128621697425842 0.5176941156387329 0.5843954682350159
26.83333396911621 1.3707534074783325 0.36437010765075684 -0.9939985871315002 -0.12285764515399933 0.6156772375106812 0.5211096405982971 0.5781801342964172
26.866666793823242 1.3663456439971924 0.35784420371055603 -1.0049248933792114 -0.12455999106168747 0.6177584528923035 0.5256969928741455 0.5714036226272583
26.899999618530273 1.356366753578186 0.3528224527835846 -1.0142567157745361 -0.12428759038448334 0.6205759048461914 0.527603030204773 0.5666332840919495
26.933332443237305 1.347577691078186 0.34957951307296753 -1.0226523876190186 -0.12561947107315063 0.6230849027633667 0.5294761061668396 0.561818540096283
26.96666717529297 1.337400197982788 0.3480544984340668 -1.0284385681152344 -0.12854814529418945 0.6275864839553833 0.5302798748016357 0.5553501844406128
27.0 1.328677773475647 0.3474639058113098 -1.034555435180664 -0.13216149806976318 0.63214510679245 0.5325995087623596 0.5470499396324158
27.03333282470703 1.3219140768051147 0.34823179244995117 -1.0392098426818848 -0.11874022334814072 0.6326413154602051 0.5348260998725891 0.5473816990852356
27.066667556762695 1.3039700984954834 0.35405269265174866 -1.0477200746536255 -0.12269644439220428 0.6348833441734314 0.5395011305809021 0.539265513420105
27.100000381469727 1.2922002077102661 0.3581039309501648 -1.0534586906433105 -0.12300281971693039 0.6365272998809814 0.5448976159095764 0.531779944896698
27.133333206176758 1.2771549224853516 0.3617428243160248 -1.061886191368103 -0.12198703736066818 0.6376618146896362 0.5479270815849304 0.5275248885154724
27.16666603088379 1.2655457258224487 0.3625229299068451 -1.0695111751556396 -0.12140657752752304 0.6394070386886597 0.5507946014404297 0.5225366353988647
27.200000762939453 1.2536286115646362 0.3658057749271393 -1.0729680061340332 -0.12321029603481293 0.6420892477035522 0.5522403717041016 0.51727294921875
27.233333587646484 1.2447015047073364 0.36658716201782227 -1.0786769390106201 -0.12378599494695663 0.6432933211326599 0.5552414059638977 0.5124039649963379
27.266666412353516 1.2328124046325684 0.36869049072265625 -1.0850812196731567 -0.12651881575584412 0.6450486779212952 0.5560926198959351 0.5085923671722412
27.299999237060547 1.227829098701477 0.37239015102386475 -1.0860722064971924 -0.13154608011245728 0.6481691598892212 0.5576751232147217 0.5015684962272644
27.33333396911621 1.2151432037353516 0.3852557837963104 -1.0978258848190308 -0.14079126715660095 0.6472172141075134 0.5543957948684692 0.5039176344871521
27.366666793823242 1.2057230472564697 0.38957157731056213 -1.1049703359603882 -0.14173313975334167 0.6459732055664062 0.5591998100280762 0.4999258816242218
27.399999618530273 1.1912931203842163 0.3997659981250763 -1.1135022640228271 -0.14121928811073303 0.6476809978485107 0.5579832196235657 0.4992205500602722
27.433332443237305 1.1843425035476685 0.3952694535255432 -1.114880919456482 -0.14321762323379517 0.6507408022880554 0.5601376295089722 0.49221038818359375
27.46666717529297 1.1761105060577393 0.3988376259803772 -1.1212722063064575 -0.13999664783477783 0.6509971618652344 0.5638290643692017 0.48856979608535767
27.5 1.168805480003357 0.4073391854763031 -1.1302241086959839 -0.143069788813591 0.6499701142311096 0.5647149682044983 0.48802340030670166
27.53333282470703 1.1501892805099487 0.41665032505989075 -1.1360063552856445 -0.13782082498073578 0.6506009697914124 0.5633727312088013 0.4902397394180298
27.566667556762695 1.1434047222137451 0.4235250949859619 -1.1387900114059448 -0.14008775353431702 0.6503840088844299 0.5638863444328308 0.4892937242984772
27.600000381469727 1.1403377056121826 0.42979228496551514 -1.1408710479736328 -0.13633772730827332 0.6490132212638855 0.5647967457771301 0.49111974239349365
27.633333206176758 1.1371073722839355 0.43828389048576355 -1.14281165599823 -0.14407667517662048 0.6486178040504456 0.5670340061187744 0.48683595657348633
27.66666603088379 1.1337608098983765 0.4455617368221283 -1.1432688236236572 -0.14879363775253296 0.6484205722808838 0.5662767887115479 0.48656129837036133
27.700000762939453 1.1316977739334106 0.4526720345020294 -1.1444381475448608 -0.15281447768211365 0.6475456953048706 0.5659381747245789 0.4868740737438202
27.733333587646484 1.1261835098266602 0.4608112871646881 -1.1449620723724365 -0.15276582539081573 0.6467222571372986 0.5656880140304565 0.48827245831489563
27.766666412353516 1.12107253074646 0.46557196974754333 -1.1453124284744263 -0.15237408876419067 0.6464899778366089 0.5654097199440002 0.48902422189712524
27.799999237060547 1.116464376449585 0.4691743850708008 -1.1434468030929565 -0.1537071317434311 0.647645115852356 0.5636236667633057 0.48914048075675964
27.83333396911621 1.1109669208526611 0.47261327505111694 -1.1426485776901245 -0.15389800071716309 0.6485584378242493 0.5633581876754761 0.48817509412765503
27.866666793823242 1.1132166385650635 0.4696151316165924 -1.1442242860794067 -0.15955956280231476 0.6471263766288757 0.564460277557373 0.48698335886001587
27.899999618530273 1.1144592761993408 0.46556541323661804 -1.1465517282485962 -0.164336159825325 0.6441640257835388 0.5669499039649963 0.48642998933792114
27.933332443237305 1.0934100151062012 0.473941445350647 -1.1412131786346436 -0.15828579664230347 0.6459972262382507 0.5644721984863281 0.4888807237148285
27.96666717529297 1.0835230350494385 0.47573161125183105 -1.1419123411178589 -0.1530447155237198 0.6462720632553101 0.5645872354507446 0.49005213379859924
28.0 1.068555235862732 0.47997838258743286 -1.1386827230453491 -0.1471361666917801 0.6469321250915527 0.5647118091583252 0.4908466637134552
28.03333282470703 1.0666100978851318 0.46747857332229614 -1.1266456842422485 -0.15482912957668304 0.6492953896522522 0.5691753029823303 0.48008644580841064
28.066667556762695 1.0644997358322144 0.46830418705940247 -1.126335620880127 -0.15716686844825745 0.6449374556541443 0.5718390345573425 0.48203161358833313
28.100000381469727 1.0597435235977173 0.46884384751319885 -1.125069499015808 -0.16003501415252686 0.6427434682846069 0.5732077956199646 0.48239243030548096
28.133333206176758 1.0566825866699219 0.4679708778858185 -1.1241377592086792 -0.16076456010341644 0.6393274068832397 0.5741078853607178 0.48560822010040283
28.16666603088379 1.0550817251205444 0.46101126074790955 -1.1179344654083252 -0.16895808279514313 0.6387432813644409 0.5742634534835815 0.4834064245223999
28.200000762939453 1.0481500625610352 0.4585038721561432 -1.1136302947998047 -0.17598867416381836 0.639312744140625 0.5730353593826294 0.4815990626811981
28.233333587646484 1.040440320968628 0.4597422480583191 -1.1130409240722656 -0.17681972682476044 0.6371451020240784 0.5730818510055542 0.48410555720329285
28.266666412353516 1.037961721420288 0.4598257839679718 -1.1140167713165283 -0.17737914621829987 0.6334614157676697 0.5748989582061768 0.48657429218292236
28.299999237060547 1.0346574783325195 0.45963960886001587 -1.1132490634918213 -0.18035542964935303 0.6308258771896362 0.5756836533546448 0.4879744052886963
28.33333396911621 1.0313137769699097 0.458248496055603 -1.1109809875488281 -0.1839512288570404 0.6299524903297424 0.5745728611946106 0.4890683889389038
28.366666793823242 1.0255770683288574 0.45819756388664246 -1.1077911853790283 -0.18599975109100342 0.6297638416290283 0.5729077458381653 0.49048784375190735
28.399999618530273 1.017822504043579 0.4587528109550476 -1.1046608686447144 -0.18411505222320557 0.6299183368682861 0.5722426772117615 0.4917753338813782
28.433332443237305 1.016410231590271 0.4538998305797577 -1.103373408317566 -0.18537601828575134 0.6283143162727356 0.5723227858543396 0.493257999420166
28.46666717529297 1.0104602575302124 0.448833167552948 -1.1010215282440186 -0.18318355083465576 0.6294296979904175 0.5688329339027405 0.49668020009994507
28.5 1.0047365427017212 0.44175800681114197 -1.1011265516281128 -0.1809164583683014 0.6305855512619019 0.5631581544876099 0.5024780035018921
28.53333282470703 0.9971951246261597 0.43228328227996826 -1.1018999814987183 -0.1766388863325119 0.6338745951652527 0.5556677579879761 0.5081683397293091
28.566667556762695 0.9888666272163391 0.41910767555236816 -1.1047002077102661 -0.1693393588066101 0.6365774869918823 0.546840488910675 0.5167773365974426
28.600000381469727 0.9794830679893494 0.40302208065986633 -1.1086066961288452 -0.1586351841688156 0.6394315361976624 0.537423312664032 0.5264394283294678
28.633333206176758 0.9707539677619934 0.38577017188072205 -1.113297462463379 -0.14756421744823456 0.6415389776229858 0.5282309055328369 0.5363065600395203
28.66666603088379 0.9667536616325378 0.3572383224964142 -1.106340765953064 -0.14391252398490906 0.6463212966918945 0.5177662968635559 0.5417342782020569
28.700000762939453 0.9596361517906189 0.3423493802547455 -1.111299753189087 -0.13658909499645233 0.644417405128479 0.5092563033103943 0.5538300275802612
28.733333587646484 0.9535698294639587 0.3225288987159729 -1.1116124391555786 -0.13175244629383087 0.6435678601264954 0.5009833574295044 0.56345134973526
28.766666412353516 0.9426724910736084 0.2848477065563202 -1.0993373394012451 -0.1320713311433792 0.6497074961662292 0.4866655766963959 0.5688531398773193
28.799999237060547 0.9323809742927551 0.2649041414260864 -1.1011029481887817 -0.12598951160907745 0.6499064564704895 0.47590452432632446 0.5790191888809204
28.83333396911621 0.8932970762252808 0.25728899240493774 -1.0700201988220215 -0.10421566665172577 0.6640627980232239 0.4584421217441559 0.5813694596290588
28.866666793823242 0.8812741041183472 0.2354719340801239 -1.0665256977081299 -0.10623566061258316 0.6619910001754761 0.4552811086177826 0.5858336687088013
28.899999618530273 0.8707180619239807 0.21337972581386566 -1.0609482526779175 -0.09301003813743591 0.6615102887153625 0.44751426577568054 0.5945454835891724
28.933332443237305 0.8600456118583679 0.19350051879882812 -1.0542045831680298 -0.08321543782949448 0.6595948338508606 0.4416004419326782 0.6024940013885498
28.96666717529297 0.8458820581436157 0.17067216336727142 -1.0490641593933105 -0.07778040319681168 0.6584643125534058 0.43423205614089966 0.6097684502601624
29.0 0.8359656929969788 0.15138110518455505 -1.0405067205429077 -0.07532478868961334 0.6585221290588379 0.42691636085510254 0.615156352519989
29.03333282470703 0.8196291923522949 0.13457606732845306 -1.0331692695617676 -0.07022614032030106 0.6572605967521667 0.41945013403892517 0.6222045421600342
29.066667556762695 0.8037865161895752 0.11503490060567856 -1.021215558052063 -0.06669143587350845 0.6551732420921326 0.4119739234447479 0.6297441720962524
29.100000381469727 0.7935469746589661 0.10627387464046478 -1.0029661655426025 -0.06402037292718887 0.6553165912628174 0.40217605233192444 0.6361730098724365
29.133333206176758 0.7799099683761597 0.09330812841653824 -0.9908446073532104 -0.060928452759981155 0.6542961001396179 0.3939167857170105 0.6426615715026855
29.16666603088379 0.7674996852874756 0.08512112498283386 -0.9760099649429321 -0.055195584893226624 0.6523107290267944 0.3863403797149658 0.6497579216957092
29.200000762939453 0.7505497932434082 0.06666727364063263 -0.9641870260238647 -0.0497237965464592 0.647931694984436 0.3800693452358246 0.6582244634628296
29.233333587646484 0.7230473160743713 0.046468932181596756 -0.9402832388877869 -0.040228262543678284 0.646735429763794 0.374161958694458 0.6634137630462646
29.266666412353516 0.70743328332901 0.031094741076231003 -0.9266601800918579 -0.10773846507072449 0.6254687309265137 0.3907875418663025 0.6666831970214844
29.299999237060547 0.6920385956764221 0.017231673002243042 -0.9120339751243591 -0.07225095480680466 0.6269675493240356 0.37746521830558777 0.6776514649391174
29.33333396911621 0.6765156984329224 0.004906924907118082 -0.9006447792053223 -0.05143669620156288 0.625637948513031 0.3665500283241272 0.6867114901542664
29.366666793823242 0.6578603982925415 -0.010102596133947372 -0.8830113410949707 -0.03928505256772041 0.6243858337402344 0.35697710514068604 0.6936615705490112
29.399999618530273 0.6391840577125549 -0.024061910808086395 -0.8700466752052307 -0.031088631600141525 0.621608555316925 0.34874799847602844 0.7007219791412354
29.433332443237305 0.6231011152267456 -0.033035483211278915 -0.8564833402633667 -0.02473931759595871 0.6172912120819092 0.3419059216976166 0.7081242799758911
29.46666717529297 0.6054850816726685 -0.04486663639545441 -0.8392955660820007 -0.02232961729168892 0.6107611656188965 0.3380754590034485 0.7156655192375183
29.5 0.5911104083061218 -0.05130324885249138 -0.8313063383102417 -0.019305290654301643 0.603113055229187 0.3353436291217804 0.7234823107719421
29.53333282470703 0.5729329586029053 -0.061959732323884964 -0.8149605393409729 -0.01678130403161049 0.5979719758033752 0.3321901559829712 0.729244589805603
29.566667556762695 0.5583391785621643 -0.06728649884462357 -0.8028733730316162 -0.014492873102426529 0.5916754007339478 0.3279733955860138 0.7363041043281555
29.600000381469727 0.5393385887145996 -0.07667761296033859 -0.7896945476531982 -0.013786094263195992 0.5860475897789001 0.32160913944244385 0.7435898184776306
29.633333206176758 0.5202057957649231 -0.08602596074342728 -0.7766271233558655 -0.013001466169953346 0.5817471742630005 0.31520628929138184 0.7496974468231201
29.66666603088379 0.5007264614105225 -0.0951928049325943 -0.7601680755615234 -0.011967005208134651 0.5755246877670288 0.3104950785636902 0.7564529180526733
29.700000762939453 0.4863729178905487 -0.10339993238449097 -0.7423656582832336 -0.010245832614600658 0.5690680146217346 0.3068254888057709 0.7628333568572998
29.733333587646484 0.4692115783691406 -0.1088319718837738 -0.7316148281097412 -0.0070539298467338085 0.561613142490387 0.30303171277046204 0.7698783278465271
29.766666412353516 0.4504299759864807 -0.11349919438362122 -0.7159444689750671 -0.006013256963342428 0.5561426281929016 0.2979966700077057 0.7758010625839233
29.799999237060547 0.4350302517414093 -0.11489398777484894 -0.7092458605766296 -0.005137922242283821 0.5506564378738403 0.29582950472831726 0.7805357575416565
29.83333396911621 0.4202283024787903 -0.11547798663377762 -0.701216459274292 -0.0035930094309151173 0.5444713234901428 0.2942480742931366 0.7854654788970947
29.866666793823242 0.4056202471256256 -0.11896305531263351 -0.6868332028388977 -0.002594909630715847 0.5402690768241882 0.2907836139202118 0.7896501421928406
29.899999618530273 0.39228466153144836 -0.11862058192491531 -0.675751805305481 -0.0023649372160434723 0.5365760326385498 0.28595489263534546 0.7939209342002869
29.933332443237305 0.37503930926322937 -0.12281395494937897 -0.6611621379852295 -0.004035141319036484 0.5318697690963745 0.28062599897384644 0.7989664673805237
29.96666717529297 0.3617420792579651 -0.12006501108407974 -0.6528905034065247 -0.0025560096837580204 0.5246872901916504 0.27497175335884094 0.8056595921516418
30.0 0.34250134229660034 -0.12166552990674973 -0.6383593678474426 -0.003984492737799883 0.5194690227508545 0.2682855427265167 0.811269998550415
30.03333282470703 0.32999151945114136 -0.12347181886434555 -0.6187541484832764 -0.005312940571457148 0.5155283212661743 0.26281502842903137 0.8155554533004761
30.066667556762695 0.31709423661231995 -0.1229424998164177 -0.609677255153656 -0.004278174601495266 0.506702184677124 0.2583543062210083 0.8224886655807495
30.100000381469727 0.3022173345088959 -0.11994236707687378 -0.6049318313598633 -0.002004379639402032 0.49460911750793457 0.2570204734802246 0.8302398324012756
30.133333206176758 0.28548404574394226 -0.1173459067940712 -0.5863851308822632 -0.0020587316248565912 0.48422375321388245 0.25533875823020935 0.8368544578552246
30.16666603088379 0.26342421770095825 -0.1107383444905281 -0.562207043170929 0.002129332395270467 0.4779707193374634 0.25361448526382446 0.8409633040428162
30.200000762939453 0.24924692511558533 -0.1066627949476242 -0.5463867783546448 0.0011123477015644312 0.4718851149082184 0.2505955100059509 0.8452959060668945
30.233333587646484 0.2350865602493286 -0.10000871121883392 -0.5269129276275635 0.00036300442297942936 0.46584317088127136 0.24788780510425568 0.8494361042976379
30.266666412353516 0.22148117423057556 -0.0943131297826767 -0.5108374953269958 0.0003621549694798887 0.45732465386390686 0.24584048986434937 0.8546440005302429
30.299999237060547 0.21115462481975555 -0.09345739334821701 -0.5003581643104553 -0.003883686615154147 0.44995200634002686 0.24155855178833008 0.8597543239593506
30.33333396911621 0.19937925040721893 -0.08883107453584671 -0.48439058661460876 -0.006971255876123905 0.4470706284046173 0.2359876036643982 0.8627799153327942
30.366666793823242 0.18193739652633667 -0.08469469100236893 -0.46676647663116455 -0.010244688019156456 0.44487595558166504 0.2303643822669983 0.8653973937034607
30.399999618530273 0.16781549155712128 -0.07856636494398117 -0.4514785706996918 -0.010967813432216644 0.4395952820777893 0.22695453464984894 0.8689805865287781
30.433332443237305 0.15681959688663483 -0.07889050990343094 -0.4372427463531494 -0.013199360109865665 0.43226301670074463 0.22490885853767395 0.8731497526168823
30.46666717529297 0.14408786594867706 -0.07300429046154022 -0.42241209745407104 -0.010257577523589134 0.423650324344635 0.22401198744773865 0.8776296377182007
30.5 0.1318867802619934 -0.07152702659368515 -0.4121370315551758 -0.007730127777904272 0.4136843979358673 0.22348184883594513 0.8825311660766602
30.53333282470703 0.11857450008392334 -0.06906894594430923 -0.3995801508426666 -0.004278126172721386 0.4036298394203186 0.22274848818778992 0.8873825669288635
30.566667556762695 0.10676489025354385 -0.0649973601102829 -0.3902498781681061 -0.0012698150239884853 0.39246320724487305 0.22073125839233398 0.8928878903388977
30.600000381469727 0.09608788043260574 -0.060997165739536285 -0.38213837146759033 0.00038348190719261765 0.38402023911476135 0.21732322871685028 0.8973844647407532
30.633333206176758 0.08498966693878174 -0.05468203127384186 -0.3729064464569092 0.0018530432134866714 0.37742480635643005 0.21246851980686188 0.9013346433639526
30.66666603088379 0.07566839456558228 -0.052921734750270844 -0.36605995893478394 -0.00014198724238667637 0.37050509452819824 0.20709852874279022 0.9054480195045471
30.700000762939453 0.06411195546388626 -0.048584166914224625 -0.35566914081573486 -0.0002777434419840574 0.367295503616333 0.20065678656101227 0.9082019329071045
30.733333587646484 0.05498099699616432 -0.049514174461364746 -0.34658125042915344 -0.003473909804597497 0.36349236965179443 0.19646386802196503 0.9106389284133911
30.766666412353516 0.042770665138959885 -0.04417142644524574 -0.3368525207042694 -0.0040687937289476395 0.35829654335975647 0.19304907321929932 0.9134216904640198
30.799999237060547 0.03475623205304146 -0.0421232208609581 -0.33008190989494324 -0.00521898502483964 0.35200878977775574 0.1896202713251114 0.9165734052658081
30.83333396911621 0.024724561721086502 -0.042151037603616714 -0.3216138780117035 -0.006081349216401577 0.3478989005088806 0.1867942214012146 0.9187150597572327
30.866666793823242 0.01621973142027855 -0.044309716671705246 -0.31611594557762146 -0.00832376815378666 0.34279194474220276 0.18408119678497314 0.9211614727973938
30.899999618530273 0.003591687185689807 -0.04110054299235344 -0.30743610858917236 -0.007780818268656731 0.34049564599990845 0.1801087111234665 0.9228017926216125
30.933332443237305 -0.0018914727261289954 -0.042591407895088196 -0.3030427098274231 -0.007980003021657467 0.3346486985683441 0.17799615859985352 0.9253453016281128
30.96666717529297 -0.011921378783881664 -0.044102590531110764 -0.2977224588394165 -0.006820916198194027 0.3296724557876587 0.17498314380645752 0.9277125000953674
31.0 -0.01774444617331028 -0.04784059152007103 -0.29750093817710876 -0.006788888014853001 0.3220434784889221 0.1716863065958023 0.9310026168823242
31.03333282470703 -0.02955269254744053 -0.04958438500761986 -0.29206526279449463 -0.005755391903221607 0.31870338320732117 0.16796649992465973 0.9328356385231018
31.066667556762695 -0.03663405776023865 -0.051080118864774704 -0.2894674837589264 -0.004662643652409315 0.31467461585998535 0.16454976797103882 0.9348163604736328
31.100000381469727 -0.040792498737573624 -0.05557266250252724 -0.29083263874053955 -0.005665955133736134 0.31023943424224854 0.16115057468414307 0.9368830919265747
31.133333206176758 -0.04766650125384331 -0.05849802866578102 -0.2911626398563385 -0.0057361191138625145 0.30930501222610474 0.15706194937229156 0.9378854632377625
31.16666603088379 -0.05262434110045433 -0.0626310482621193 -0.28910472989082336 -0.0058406079187989235 0.3085929751396179 0.15303973853588104 0.9387838840484619
31.200000762939453 -0.06006845831871033 -0.06541963666677475 -0.28882262110710144 -0.005446290131658316 0.3085165321826935 0.14913088083267212 0.9394401907920837
31.233333587646484 -0.06750936061143875 -0.06905168294906616 -0.28750166296958923 -0.0054077692329883575 0.30904722213745117 0.1471026986837387 0.93958580493927
31.266666412353516 -0.0694824680685997 -0.07061576098203659 -0.28827720880508423 -0.004943829029798508 0.3085820972919464 0.14648838341236115 0.9398370981216431
31.299999237060547 -0.0727844387292862 -0.0721815675497055 -0.2865750193595886 -0.0038552626501768827 0.3087349832057953 0.14677844941616058 0.9397467374801636
31.33333396911621 -0.07276540249586105 -0.07418254017829895 -0.2876286506652832 -0.003120970679447055 0.3067731261253357 0.1486090123653412 0.9401041865348816
31.366666793823242 -0.07265613973140717 -0.07455259561538696 -0.2876870334148407 -0.0022469765972346067 0.3063020408153534 0.15004399418830872 0.940032422542572
31.399999618530273 -0.06708862632513046 -0.07758404314517975 -0.2916806638240814 -0.003360145492479205 0.3051241934299469 0.15178760886192322 0.9401321411132812
31.433332443237305 -0.06474792212247849 -0.07841293513774872 -0.29436448216438293 -0.004206221085041761 0.30706077814102173 0.15271444618701935 0.9393478631973267
31.46666717529297 -0.05766056850552559 -0.07883773744106293 -0.29984724521636963 -0.0050518992356956005 0.30764085054397583 0.1536899358034134 0.9389947056770325
31.5 -0.05161583051085472 -0.08006629347801208 -0.3058418035507202 -0.005475245416164398 0.30767226219177246 0.1541917473077774 0.93889981508255
31.53333282470703 -0.04986236244440079 -0.08038247376680374 -0.30794626474380493 -0.005075888708233833 0.310361385345459 0.15446528792381287 0.9379714727401733
31.566667556762695 -0.04396740719676018 -0.0812651515007019 -0.3108135759830475 -0.00531395711004734 0.31182658672332764 0.1563463807106018 0.9371722936630249
31.600000381469727 -0.04248007386922836 -0.0789744108915329 -0.31380996108055115 -0.004098602570593357 0.31427156925201416 0.15775398910045624 0.9361251592636108
31.633333206176758 -0.03790925815701485 -0.0794738158583641 -0.31898394227027893 -0.0047143930569291115 0.3153034746646881 0.15924124419689178 0.935523271560669
31.66666603088379 -0.034328773617744446 -0.07863705605268478 -0.3208375871181488 -0.005933294538408518 0.3175663650035858 0.1607895940542221 0.9344854950904846
31.700000762939453 -0.027349337935447693 -0.0778513252735138 -0.3227314352989197 -0.008785394951701164 0.3195163905620575 0.1630876362323761 0.9333994388580322
31.733333587646484 -0.0206924919039011 -0.07700403034687042 -0.32302936911582947 -0.011624972335994244 0.3224363923072815 0.1665453016757965 0.9317523241043091
31.766666412353516 -0.014032343402504921 -0.07335102558135986 -0.32232099771499634 -0.012897981330752373 0.3236694633960724 0.16980987787246704 0.9307182431221008
31.799999237060547 -0.00815457571297884 -0.06832154095172882 -0.3211415708065033 -0.013474100269377232 0.32249322533607483 0.1731027513742447 0.9305117130279541
31.83333396911621 -0.003082999959588051 -0.0657292827963829 -0.3217044174671173 -0.015512288548052311 0.3213261663913727 0.17751537263393402 0.9300522208213806
31.866666793823242 -0.003857092000544071 -0.05966724082827568 -0.31949007511138916 -0.015125155448913574 0.32196563482284546 0.18042948842048645 0.9292764067649841
31.899999618530273 -0.001140233944170177 -0.05446171388030052 -0.31967082619667053 -0.014596804976463318 0.3200121521949768 0.18286827206611633 0.9294828176498413
31.933332443237305 0.0007562143728137016 -0.051153939217329025 -0.32096362113952637 -0.013729767873883247 0.3182714879512787 0.1840059757232666 0.9298691749572754
31.96666717529297 0.0021359813399612904 -0.04937737435102463 -0.32143115997314453 -0.012486953288316727 0.3169291317462921 0.18217185139656067 0.9307059049606323
32.0 0.0018119498854503036 -0.05204564705491066 -0.3225530683994293 -0.010657582432031631 0.31708380579948425 0.1786515861749649 0.9313580989837646
32.03333282470703 0.0034889744129031897 -0.05711868032813072 -0.3264315724372864 -0.00917916651815176 0.3156488835811615 0.17426633834838867 0.9326911568641663
32.06666564941406 0.006178097799420357 -0.06393414735794067 -0.3310311734676361 -0.006630533840507269 0.31395819783210754 0.1710682362318039 0.9338747262954712
32.099998474121094 0.006469870917499065 -0.07261759042739868 -0.33531567454338074 -0.002977080410346389 0.31489837169647217 0.16896939277648926 0.9339590072631836
32.13333511352539 0.010898369364440441 -0.08374176919460297 -0.34121546149253845 -0.00048207322834059596 0.3158577084541321 0.16890780627727509 0.9336508512496948
32.16666793823242 0.014921841211616993 -0.09452337771654129 -0.3447647988796234 0.002454180736094713 0.3184058964252472 0.17021872103214264 0.9325433969497681
32.20000076293945 0.01685301959514618 -0.1025414913892746 -0.35011136531829834 0.006401580758392811 0.3190727233886719 0.1716873198747635 0.9320274591445923
32.233333587646484 0.026113217696547508 -0.11159927397966385 -0.35838615894317627 0.008508304134011269 0.31451448798179626 0.17476947605609894 0.9329865574836731
32.266666412353516 0.03171224147081375 -0.12147880345582962 -0.3624235987663269 0.010737895034253597 0.31426629424095154 0.177472323179245 0.9325369000434875
32.29999923706055 0.0346921868622303 -0.13142137229442596 -0.36840176582336426 0.012983446009457111 0.31530851125717163 0.17919185757637024 0.9318274259567261
32.33333206176758 0.03707660362124443 -0.14023876190185547 -0.37271222472190857 0.015492268837988377 0.31477102637290955 0.18033860623836517 0.9317495822906494
32.36666488647461 0.04114909842610359 -0.14996683597564697 -0.37701326608657837 0.017418788745999336 0.31495970487594604 0.18025803565979004 0.9316673874855042
32.400001525878906 0.045999329537153244 -0.15839079022407532 -0.38357895612716675 0.019582439213991165 0.31527239084243774 0.17948172986507416 0.9316684603691101
32.43333435058594 0.048470597714185715 -0.17379112541675568 -0.38830193877220154 0.018822409212589264 0.3153804838657379 0.17827297747135162 0.9318795800209045
32.46666717529297 0.04972097650170326 -0.1824108064174652 -0.3932163119316101 0.020845895633101463 0.3163890838623047 0.17574267089366913 0.9319753050804138
32.5 0.052465636283159256 -0.19872073829174042 -0.39768868684768677 0.018947968259453773 0.3189007639884949 0.1740071028470993 0.9314852356910706
32.53333282470703 0.05619952827692032 -0.20847979187965393 -0.40233367681503296 0.018000200390815735 0.32233697175979614 0.1718180924654007 0.9307274222373962
32.56666564941406 0.061246320605278015 -0.21676139533519745 -0.40691646933555603 0.014922481030225754 0.3287675380706787 0.16839396953582764 0.929157018661499
32.599998474121094 0.06608036905527115 -0.21962136030197144 -0.4172627925872803 0.014376658014953136 0.3372069001197815 0.1672641634941101 0.9263409972190857
32.63333511352539 0.07293172180652618 -0.22517070174217224 -0.4233827590942383 0.012299645692110062 0.3488977253437042 0.16567742824554443 0.9223178029060364
32.66666793823242 0.07806003838777542 -0.2266324907541275 -0.433363139629364 0.013767716474831104 0.3602183163166046 0.164322167634964 0.9181783199310303
32.70000076293945 0.08751532435417175 -0.2309383898973465 -0.4457798898220062 0.01437836978584528 0.37008723616600037 0.16622811555862427 0.913891077041626
32.733333587646484 0.09639178961515427 -0.23122860491275787 -0.4568638205528259 0.0169563926756382 0.38063716888427734 0.16992047429084778 0.908820629119873
32.766666412353516 0.10675457864999771 -0.22752372920513153 -0.4699765741825104 0.021733425557613373 0.3895508944988251 0.1766269952058792 0.9036485552787781
32.79999923706055 0.12084322422742844 -0.2218216210603714 -0.4854986071586609 0.02628219686448574 0.3983313739299774 0.18483643233776093 0.8980405330657959
32.83333206176758 0.13470982015132904 -0.2197057455778122 -0.5022310614585876 0.02819913998246193 0.4122861325740814 0.19452524185180664 0.8895981907844543
32.86666488647461 0.1516641229391098 -0.22177532315254211 -0.5195273160934448 0.024585993960499763 0.4260084629058838 0.20100533962249756 0.881764829158783
32.900001525878906 0.1695341169834137 -0.2168264389038086 -0.5369355082511902 0.023678842931985855 0.4364452064037323 0.20747843384742737 0.8751615285873413
32.93333435058594 0.18551799654960632 -0.216930091381073 -0.5546571612358093 0.020477116107940674 0.4476774334907532 0.21194233000278473 0.868473470211029
32.96666717529297 0.20278435945510864 -0.21657413244247437 -0.5703087449073792 0.016837114468216896 0.4582800269126892 0.21596352756023407 0.8620067834854126
33.0 0.21682746708393097 -0.21096473932266235 -0.5823070406913757 0.01530274748802185 0.47052061557769775 0.21869270503520966 0.8547219634056091
33.03333282470703 0.23445841670036316 -0.21073795855045319 -0.5966838002204895 0.010497458279132843 0.48235422372817993 0.22168868780136108 0.847395122051239
33.06666564941406 0.24985089898109436 -0.20814672112464905 -0.6042336225509644 0.007195183541625738 0.4936145842075348 0.2249033898115158 0.8400661945343018
33.099998474121094 0.26698386669158936 -0.20489537715911865 -0.6203731298446655 0.004334202967584133 0.5020833611488342 0.22794875502586365 0.8342259526252747
33.13333511352539 0.28204289078712463 -0.201975479722023 -0.6350723505020142 0.0037039280869066715 0.5116768479347229 0.23156730830669403 0.8273751735687256
33.16666793823242 0.29579994082450867 -0.20037709176540375 -0.6487320065498352 0.004686418920755386 0.5187841057777405 0.23508603870868683 0.821934163570404
33.20000076293945 0.30854079127311707 -0.1966288685798645 -0.6635044813156128 0.007231656461954117 0.5244914889335632 0.23846904933452606 0.8173059225082397
33.233333587646484 0.3197462856769562 -0.19323110580444336 -0.6771305203437805 0.00987305399030447 0.5311850309371948 0.24266663193702698 0.8117006421089172
33.266666412353516 0.332210898399353 -0.1881762444972992 -0.6912510991096497 0.01160273514688015 0.5371910929679871 0.24699090421199799 0.8064035773277283
33.29999923706055 0.3422636091709137 -0.18487437069416046 -0.7031370401382446 0.011233189143240452 0.5459148287773132 0.250578373670578 0.7994131445884705
33.33333206176758 0.3570076525211334 -0.17917294800281525 -0.7224964499473572 0.01094985380768776 0.5552139282226562 0.2550201117992401 0.7915695309638977
33.36666488647461 0.36716756224632263 -0.1741759032011032 -0.7301337718963623 0.010385718196630478 0.5641674995422363 0.25829577445983887 0.7841495871543884
33.400001525878906 0.3759154677391052 -0.1728828102350235 -0.7413531541824341 0.00892450287938118 0.5706465840339661 0.26192015409469604 0.7782549262046814
33.43333435058594 0.38331401348114014 -0.16282933950424194 -0.7559094429016113 0.00922948494553566 0.57895427942276 0.2659936845302582 0.7706972360610962
33.46666717529297 0.39247629046440125 -0.15427982807159424 -0.764616072177887 0.00816771574318409 0.5875150561332703 0.2707078456878662 0.7625462412834167
33.5 0.3963673412799835 -0.14449679851531982 -0.7724243998527527 0.007376904599368572 0.5938770771026611 0.27573850750923157 0.7557936310768127
33.53333282470703 0.40081557631492615 -0.13280993700027466 -0.7807566523551941 0.006089252885431051 0.6015337109565735 0.2807508707046509 0.7478629946708679
33.56666564941406 0.4028058648109436 -0.12305624783039093 -0.784292995929718 0.004918145481497049 0.6092286705970764 0.28508326411247253 0.7399619817733765
33.599998474121094 0.40292826294898987 -0.10826686024665833 -0.7897374629974365 0.005940510891377926 0.6124398112297058 0.28862279653549194 0.7359206080436707
33.63333511352539 0.4026864469051361 -0.09643351286649704 -0.7904008626937866 0.007078277412801981 0.6128855347633362 0.2923465073108673 0.7340672612190247
33.66666793823242 0.4000921845436096 -0.08682550489902496 -0.7881024479866028 0.00840034894645214 0.612840473651886 0.2953990697860718 0.7328678965568542
33.70000076293945 0.3994464576244354 -0.0677628368139267 -0.7920710444450378 0.010156195610761642 0.6127287149429321 0.2957177460193634 0.7328106164932251
33.733333587646484 0.39343640208244324 -0.05865893140435219 -0.7897653579711914 0.007971327751874924 0.6151718497276306 0.2959361672401428 0.7306996583938599
33.766666412353516 0.3959047794342041 -0.041969649493694305 -0.786814272403717 0.003882709192112088 0.6197144389152527 0.2967095971107483 0.7265689373016357
33.79999923706055 0.39767369627952576 -0.01576191745698452 -0.7872928380966187 0.001425054855644703 0.6231545209884644 0.29599955677986145 0.723920464515686
33.83333206176758 0.39342668652534485 0.0009358606766909361 -0.7855390906333923 -0.000300819578114897 0.6244795918464661 0.2962013781070709 0.7226963043212891
33.86666488647461 0.3905709385871887 0.01088798325508833 -0.7796788215637207 -0.004148504231125116 0.6256334185600281 0.2981281280517578 0.7208920121192932
33.900001525878906 0.38776513934135437 0.02409941330552101 -0.7772143483161926 -0.00637697521597147 0.6268448233604431 0.30063948035240173 0.7187772989273071
33.93333435058594 0.38656091690063477 0.05234385281801224 -0.7778365612030029 -0.007634353823959827 0.6265278458595276 0.30105602741241455 0.7188671231269836
33.96666717529297 0.38450002670288086 0.0668514221906662 -0.7753052711486816 -0.009614394046366215 0.6251680254936218 0.30379271507263184 0.7188758850097656
34.0 0.3830450773239136 0.07778047770261765 -0.7720786333084106 -0.01200675219297409 0.6244043707847595 0.3075241148471832 0.7179164886474609
34.03333282470703 0.3793725371360779 0.0926089659333229 -0.7708633542060852 -0.011336092837154865 0.6237605810165405 0.3100552260875702 0.7173981666564941
34.06666564941406 0.37529101967811584 0.10657238215208054 -0.7721253037452698 -0.01154053770005703 0.6251626014709473 0.31231287121772766 0.7151917219161987
34.099998474121094 0.3710668683052063 0.12087327241897583 -0.7709019780158997 -0.012215499766170979 0.6307874917984009 0.3134990930557251 0.7097015380859375
34.13333511352539 0.3660731017589569 0.13398979604244232 -0.7709798812866211 -0.010973361320793629 0.6332435011863708 0.31517302989959717 0.7067872881889343
34.16666793823242 0.3622528910636902 0.14461703598499298 -0.7730605602264404 -0.008722743950784206 0.6296074390411377 0.3186286985874176 0.7085155844688416
34.20000076293945 0.35668569803237915 0.1579413115978241 -0.7736324667930603 -0.004059154540300369 0.6249287724494934 0.3232210576534271 0.7106164693832397
34.233333587646484 0.350211501121521 0.1699230819940567 -0.7744706273078918 0.0014723483473062515 0.6211373209953308 0.3278392255306244 0.7118341326713562
34.266666412353516 0.3453623950481415 0.18024300038814545 -0.7760723233222961 0.00608454504981637 0.6170184016227722 0.3318677842617035 0.7135230898857117
34.29999923706055 0.34127193689346313 0.18917205929756165 -0.7758059501647949 0.00840499997138977 0.614077091217041 0.3371533453464508 0.7135589718818665
34.33333206176758 0.3370734751224518 0.20327049493789673 -0.7735944390296936 0.00952929724007845 0.6117210388183594 0.3421221375465393 0.7132033705711365
34.36666488647461 0.33263134956359863 0.21240279078483582 -0.77467942237854 0.010766323655843735 0.6082776784896851 0.348454087972641 0.7130653858184814
34.400001525878906 0.32732096314430237 0.22103750705718994 -0.7704102993011475 0.011831529438495636 0.6047177910804749 0.3519349992275238 0.7143656611442566
34.43333435058594 0.3190641701221466 0.2300759106874466 -0.7702023386955261 0.015840135514736176 0.5997636318206787 0.35389044880867004 0.717491626739502
34.46666717529297 0.3120215833187103 0.23761402070522308 -0.7645689249038696 0.01761661283671856 0.597557783126831 0.3531495928764343 0.719652533531189
34.5 0.30490273237228394 0.2426220327615738 -0.7580679059028625 0.01701134629547596 0.597334086894989 0.3508528470993042 0.7209750413894653
34.53333282470703 0.29324162006378174 0.24921655654907227 -0.7565498352050781 0.01691240444779396 0.5966172814369202 0.3487907648086548 0.7225695848464966
34.56666564941406 0.28137674927711487 0.2585704028606415 -0.749483048915863 0.016620799899101257 0.5968018770217896 0.3452942669391632 0.724101722240448
34.599998474121094 0.2727029621601105 0.26563194394111633 -0.7429608106613159 0.015414636582136154 0.5971658825874329 0.343819260597229 0.724530041217804
34.63333511352539 0.2612074315547943 0.27445313334465027 -0.7375165820121765 0.015937723219394684 0.5969834923744202 0.3427567780017853 0.7251721620559692
34.66666793823242 0.25034546852111816 0.2813851535320282 -0.7353704571723938 0.014539099298417568 0.5951378345489502 0.34085142612457275 0.7276125550270081
34.70000076293945 0.2414627969264984 0.28668472170829773 -0.7264902591705322 0.0122078163549304 0.5948583483695984 0.33759215474128723 0.7294012308120728
34.733333587646484 0.2344079166650772 0.2919941842556 -0.7211668491363525 0.008876202628016472 0.5934761762619019 0.33532294631004333 0.7316185832023621
34.766666412353516 0.23105239868164062 0.2930692732334137 -0.7150562405586243 0.003369629383087158 0.5930860638618469 0.33317604660987854 0.7329606413841248
34.79999923706055 0.22723568975925446 0.29698970913887024 -0.7072765231132507 -0.003452334785833955 0.5944178700447083 0.3299296498298645 0.7333497405052185
34.83333206176758 0.22339332103729248 0.29955124855041504 -0.6994938850402832 -0.009874989278614521 0.5948421359062195 0.32783278822898865 0.7338876724243164
34.86666488647461 0.219558447599411 0.3090862035751343 -0.6922759413719177 -0.010739418677985668 0.5931276679039001 0.3253624737262726 0.7363583445549011
34.900001525878906 0.21505096554756165 0.30988749861717224 -0.6852878332138062 -0.012937520630657673 0.5917795896530151 0.32255998253822327 0.7386370301246643
34.93333435058594 0.2116253674030304 0.3107651174068451 -0.6802655458450317 -0.015788177028298378 0.590606153011322 0.31979236006736755 0.7407213449478149
34.96666717529297 0.20670337975025177 0.31411054730415344 -0.6750563979148865 -0.016643216833472252 0.5908844470977783 0.31737038493156433 0.7415218353271484
35.0 0.20280952751636505 0.313468337059021 -0.6711022853851318 -0.017727108672261238 0.593147337436676 0.31523001194000244 0.7406025528907776
35.03333282470703 0.19968414306640625 0.31205248832702637 -0.6752427220344543 -0.01194015983492136 0.5945215225219727 0.31256335973739624 0.7407468557357788
35.06666564941406 0.19500750303268433 0.31354546546936035 -0.676944375038147 -0.005532114300876856 0.5959179997444153 0.3099125325679779 0.7408140301704407
35.099998474121094 0.19254377484321594 0.31622314453125 -0.679293155670166 -0.001843529287725687 0.5961444973945618 0.3095306158065796 0.7408097982406616
35.13333511352539 0.19485579431056976 0.31721505522727966 -0.6821967363357544 -0.004639833699911833 0.5933289527893066 0.3138897716999054 0.7412236928939819
35.16666793823242 0.19255508482456207 0.3247855603694916 -0.6828643679618835 -0.0028585728723555803 0.5921439528465271 0.31768798828125 0.740561842918396
35.20000076293945 0.1890278160572052 0.32170772552490234 -0.6882157921791077 0.002792712301015854 0.5916727781295776 0.3142513036727905 0.7424026131629944
35.233333587646484 0.18380670249462128 0.32470017671585083 -0.6907147169113159 0.007955795153975487 0.592467725276947 0.3113784193992615 0.7429415583610535
35.266666412353516 0.1829591989517212 0.32774657011032104 -0.6913613677024841 0.005750228185206652 0.591911792755127 0.31077298521995544 0.7436582446098328
35.29999923706055 0.1819400042295456 0.3283129632472992 -0.6917074918746948 0.00303145800717175 0.5907490849494934 0.30853065848350525 0.7455301880836487
35.33333206176758 0.1775333434343338 0.3284958004951477 -0.6918020844459534 0.0053411815315485 0.590364933013916 0.30240070819854736 0.748327910900116
35.36666488647461 0.17624472081661224 0.3271697163581848 -0.6920615434646606 0.0060652378015220165 0.5884317755699158 0.29965153336524963 0.7509462237358093
35.400001525878906 0.17343401908874512 0.3262585699558258 -0.6915667653083801 0.0066856625489890575 0.5877860188484192 0.2965056598186493 0.7526932954788208
35.43333435058594 0.1702575534582138 0.32626596093177795 -0.6913890242576599 0.008035004138946533 0.5875562429428101 0.29350119829177856 0.7540358901023865
35.46666717529297 0.16824796795845032 0.32786741852760315 -0.6911042332649231 0.009283401072025299 0.5872055292129517 0.29214781522750854 0.7548199892044067
35.5 0.16601833701133728 0.32789209485054016 -0.6905861496925354 0.009950152598321438 0.5872204303741455 0.29033398628234863 0.7554994225502014
35.53333282470703 0.16262267529964447 0.32845234870910645 -0.6889209151268005 0.011161641217768192 0.58734530210495 0.28701168298721313 0.7566539645195007
35.56666564941406 0.15932466089725494 0.3279384672641754 -0.686749279499054 0.013044771738350391 0.5860351920127869 0.2818149924278259 0.7595873475074768
35.599998474121094 0.15431122481822968 0.3293010890483856 -0.6853954792022705 0.016929013654589653 0.5842615365982056 0.2761276960372925 0.7629583477973938
35.63333511352539 0.1501413732767105 0.328471839427948 -0.6858401298522949 0.02045140415430069 0.5828920006752014 0.27153971791267395 0.7655618190765381
35.66666793823242 0.1473928540945053 0.3282015919685364 -0.6872277855873108 0.023643389344215393 0.5820081830024719 0.26841703057289124 0.7672417163848877
35.70000076293945 0.1434720754623413 0.32860904932022095 -0.6867376565933228 0.025924552232027054 0.5818418264389038 0.265270471572876 0.7683877348899841
35.733333587646484 0.13960878551006317 0.32946857810020447 -0.6858750581741333 0.027958886697888374 0.5830052495002747 0.26234161853790283 0.7684400677680969
35.766666412353516 0.1353091448545456 0.33016884326934814 -0.6848354339599609 0.03012051247060299 0.5843163728713989 0.2594033479690552 0.7683599591255188
35.79999923706055 0.1315167248249054 0.33024197816848755 -0.6837800145149231 0.03210275247693062 0.5855804085731506 0.25653180480003357 0.7682815194129944
35.83333206176758 0.1295563131570816 0.32987892627716064 -0.6829089522361755 0.0320592038333416 0.5858951807022095 0.25477859377861023 0.7686266303062439
35.86666488647461 0.12916764616966248 0.329637736082077 -0.6823742985725403 0.03176740184426308 0.5859792828559875 0.25465115904808044 0.7686168551445007
35.900001525878906 0.1303291916847229 0.33039361238479614 -0.6827021837234497 0.03132319822907448 0.58554607629776 0.25580862164497375 0.7685809135437012
35.93333435058594 0.13218341767787933 0.330440878868103 -0.6835972666740417 0.030607841908931732 0.5848389267921448 0.25722721219062805 0.7686746716499329
35.96666717529297 0.13220685720443726 0.33084410429000854 -0.684010922908783 0.030754823237657547 0.5845857858657837 0.25792860984802246 0.76862633228302
36.0 0.13144487142562866 0.33112525939941406 -0.684293270111084 0.03171056509017944 0.5848813652992249 0.2574447691440582 0.7685248255729675
36.03333282470703 0.1300843209028244 0.3303559124469757 -0.6829311847686768 0.03166202828288078 0.5857048630714417 0.255492627620697 0.7685511112213135
36.06666564941406 0.12810906767845154 0.32866039872169495 -0.6801251173019409 0.030755409970879555 0.5866354703903198 0.2524374723434448 0.7688877582550049
36.099998474121094 0.1268095225095749 0.3278653621673584 -0.6795331239700317 0.03092038445174694 0.5871747136116028 0.2507518529891968 0.7690210342407227
36.13333511352539 0.12624865770339966 0.32755783200263977 -0.6800904273986816 0.03151502087712288 0.5872417688369751 0.25073909759521484 0.7689498066902161
36.16666793823242 0.1269969344139099 0.3281289041042328 -0.6806792616844177 0.03157872334122658 0.5868781208992004 0.2519431710243225 0.7688312530517578
36.20000076293945 0.12756097316741943 0.3294700086116791 -0.6809918284416199 0.031543176621198654 0.5865099430084229 0.25307759642601013 0.7687411308288574
36.233333587646484 0.12754438817501068 0.3297766447067261 -0.6805745363235474 0.031021129339933395 0.5864694714546204 0.2533816695213318 0.7686930298805237
36.266666412353516 0.12778621912002563 0.3292771577835083 -0.6803608536720276 0.031013410538434982 0.5866862535476685 0.2527753412723541 0.7687276005744934
36.29999923706055 0.12696103751659393 0.32800063490867615 -0.6798368096351624 0.030745530501008034 0.5870606303215027 0.251136839389801 0.7689895033836365
36.33333206176758 0.12499259412288666 0.3268163204193115 -0.6783840656280518 0.03059314377605915 0.5877636075019836 0.2490423321723938 0.7691397070884705
36.36666488647461 0.12331070005893707 0.3264257311820984 -0.6771563291549683 0.030911225825548172 0.5885803699493408 0.2473425269126892 0.7690509557723999
36.400001525878906 0.1221887469291687 0.324876993894577 -0.6763351559638977 0.030545802786946297 0.5890229344367981 0.2456270158290863 0.7692764401435852
36.43333435058594 0.12130828201770782 0.3243774473667145 -0.6759141683578491 0.03046996518969536 0.5892655253410339 0.24491211771965027 0.7693216800689697
36.46666717529297 0.12121506035327911 0.3241426646709442 -0.6757684350013733 0.0302195493131876 0.5891815423965454 0.24491170048713684 0.7693960070610046
36.5 0.12144888192415237 0.3244432210922241 -0.675507128238678 0.030351631343364716 0.5892300009727478 0.24527870118618011 0.7692367434501648
36.53333282470703 0.12245039641857147 0.3246304988861084 -0.6766364574432373 0.0303871501237154 0.5888374447822571 0.24599333107471466 0.7693077325820923
36.56666564941406 0.12216442078351974 0.3251171410083771 -0.6762216091156006 0.030263591557741165 0.5887938141822815 0.24628588557243347 0.769252359867096
36.599998474121094 0.12244588136672974 0.3249237537384033 -0.6761772632598877 0.03020072914659977 0.588895320892334 0.24608257412910461 0.7692422270774841
36.63333511352539 0.12168416380882263 0.3243182301521301 -0.6757597327232361 0.03008975088596344 0.589130163192749 0.24527284502983093 0.7693253755569458
36.66666793823242 0.12054600566625595 0.3240574300289154 -0.6752396821975708 0.0301694106310606 0.5894196629524231 0.24437938630580902 0.7693848609924316
36.70000076293945 0.11928988248109818 0.3245653212070465 -0.6746859550476074 0.03081023320555687 0.5898854732513428 0.24364778399467468 0.7692344784736633
36.733333587646484 0.11880712956190109 0.32443752884864807 -0.6743640303611755 0.03085310198366642 0.5900264382362366 0.24318724870681763 0.7692704200744629
36.766666412353516 0.11923988908529282 0.3242373466491699 -0.6747580766677856 0.030806640163064003 0.589893639087677 0.24323174357414246 0.7693600058555603
36.79999923706055 0.119014672935009 0.32440391182899475 -0.6749951839447021 0.03074599988758564 0.5897064805030823 0.2434762418270111 0.769428551197052
36.83333206176758 0.11979048699140549 0.3246091306209564 -0.6747615337371826 0.03071501851081848 0.5896697640419006 0.24421697854995728 0.7692230939865112
36.86666488647461 0.11993686854839325 0.3245874047279358 -0.6751711368560791 0.03060019575059414 0.5894368290901184 0.24456708133220673 0.7692950963973999
36.900001525878906 0.12068085372447968 0.3243928849697113 -0.6753436923027039 0.030552616342902184 0.5894158482551575 0.24475207924842834 0.769254207611084
36.93333435058594 0.11996560543775558 0.3243967890739441 -0.6750689148902893 0.030595554038882256 0.5894978642463684 0.2445090264081955 0.7692669630050659
36.96666717529297 0.11971738189458847 0.3246847987174988 -0.6747255325317383 0.03075891174376011 0.5896956324577332 0.24406537413597107 0.769249677658081
37.0 0.12035170942544937 0.3241922855377197 -0.6748729348182678 0.030449306592345238 0.589644193649292 0.24380263686180115 0.7693848013877869
37.03333282470703 0.11891507357358932 0.32509881258010864 -0.6746739745140076 0.03080320917069912 0.5896020531654358 0.24377313256263733 0.7694122791290283
37.06666564941406 0.11980283260345459 0.32446449995040894 -0.6746800541877747 0.030563857406377792 0.5895858407020569 0.24403917789459229 0.7693499326705933
37.099998474121094 0.12040481716394424 0.3240000903606415 -0.6748641729354858 0.030189640820026398 0.5893915891647339 0.24457590281963348 0.7693430781364441
37.13333511352539 0.12025901675224304 0.3250599205493927 -0.6750508546829224 0.03058897703886032 0.5893480181694031 0.24493557214736938 0.7692462801933289
37.16666793823242 0.12055589258670807 0.3245401382446289 -0.6753218770027161 0.030364716425538063 0.5892879962921143 0.24494130909442902 0.7692992687225342
37.20000076293945 0.12017020583152771 0.3248251676559448 -0.6749333143234253 0.030501872301101685 0.5893855690956116 0.24478895962238312 0.7692676782608032
37.233333587646484 0.12043868005275726 0.3250032365322113 -0.6747980713844299 0.030568353831768036 0.5894319415092468 0.24466660618782043 0.7692683935165405
37.266666412353516 0.1203884482383728 0.32458871603012085 -0.6746796369552612 0.03018435649573803 0.5893402099609375 0.24459730088710785 0.7693758010864258
37.29999923706055 0.12040064483880997 0.324702650308609 -0.6750876307487488 0.0304099190980196 0.5892999768257141 0.2448488473892212 0.7693178057670593
37.33333206176758 0.120457224547863 0.3250417709350586 -0.6750432848930359 0.030463621020317078 0.589285671710968 0.24504780769348145 0.7692632675170898
37.36666488647461 0.12075871229171753 0.32506412267684937 -0.6748684048652649 0.030154747888445854 0.5892279744148254 0.24501372873783112 0.7693305015563965
37.400001525878906 0.12065112590789795 0.32533079385757446 -0.6750059723854065 0.0302400104701519 0.5891929268836975 0.24503952264785767 0.769345760345459
37.43333435058594 0.12079150229692459 0.3248557448387146 -0.6752682328224182 0.030273279175162315 0.5892447829246521 0.2448405921459198 0.7693681120872498
37.46666717529297 0.12069950997829437 0.32437703013420105 -0.6749522686004639 0.030374106019735336 0.589390754699707 0.24470975995063782 0.7692939043045044
37.5 0.12012861669063568 0.32434752583503723 -0.6750652194023132 0.030343681573867798 0.5893266201019287 0.24462918937206268 0.7693698406219482
37.53333282470703 0.12047727406024933 0.3242447078227997 -0.6747689843177795 0.029922936111688614 0.5892580151557922 0.2447352260351181 0.7694051861763
37.56666564941406 0.12003221362829208 0.32550203800201416 -0.674910306930542 0.030390508472919464 0.5891906023025513 0.24485166370868683 0.7694014310836792
37.599998474121094 0.12130042910575867 0.32467880845069885 -0.6753312349319458 0.03013472445309162 0.589110791683197 0.2450757920742035 0.7694012522697449
37.63333511352539 0.12105259299278259 0.3244743347167969 -0.675547182559967 0.03015863709151745 0.5889893770217896 0.24532222747802734 0.7694147229194641
37.66666793823242 0.12106573581695557 0.3248555064201355 -0.6754879355430603 0.030146244913339615 0.5889672040939331 0.24552275240421295 0.7693681716918945
37.70000076293945 0.12150952965021133 0.3256472647190094 -0.6755669116973877 0.030299868434667587 0.5888966917991638 0.24571314454078674 0.7693553566932678
37.733333587646484 0.12150232493877411 0.32557129859924316 -0.6753618121147156 0.02998719923198223 0.5888387560844421 0.24586868286132812 0.7693623304367065
37.766666412353516 0.12160766124725342 0.32524043321609497 -0.6752972602844238 0.029785169288516045 0.5887985229492188 0.24602122604846954 0.7693521976470947
37.79999923706055 0.121783547103405 0.32552051544189453 -0.6763212084770203 0.030215289443731308 0.5885970592498779 0.24628405272960663 0.7694054841995239
37.83333206176758 0.12088418006896973 0.32565173506736755 -0.6753253936767578 0.0302746519446373 0.5888780951499939 0.24618318676948547 0.7692202925682068
37.86666488647461 0.12201924622058868 0.3253021836280823 -0.6757383346557617 0.030003691092133522 0.5887650847434998 0.24609313905239105 0.7693462371826172
37.900001525878906 0.12092766910791397 0.32529839873313904 -0.6754922866821289 0.030027886852622032 0.5888068079948425 0.2458728402853012 0.7693838477134705
37.93333435058594 0.1210455596446991 0.3249250054359436 -0.6755281686782837 0.03005281835794449 0.5888984203338623 0.2455700784921646 0.7694094181060791
37.96666717529297 0.12026286125183105 0.32515469193458557 -0.6752786636352539 0.030273932963609695 0.5890275239944458 0.24530629813671112 0.7693861126899719
38.0 0.12044969201087952 0.3253116309642792 -0.6750041246414185 0.03043374791741371 0.5892454385757446 0.24518489837646484 0.7692515850067139
38.03333282470703 0.12036019563674927 0.32479128241539 -0.6749424338340759 0.030023546889424324 0.5891270041465759 0.24511119723320007 0.7693819403648376
38.06666564941406 0.12061301618814468 0.3250178396701813 -0.6754986047744751 0.030143454670906067 0.5889808535575867 0.24522677063941956 0.7694522738456726
38.099998474121094 0.12075422704219818 0.32510891556739807 -0.6748531460762024 0.030041273683309555 0.58904629945755 0.24549448490142822 0.7693208456039429
38.13333511352539 0.12108997255563736 0.32505714893341064 -0.6753880977630615 0.030011169612407684 0.5888453125953674 0.24581584334373474 0.7693732380867004
38.16666793823242 0.12085328251123428 0.325140118598938 -0.6757298707962036 0.030057592317461967 0.588790774345398 0.24565015733242035 0.7694660425186157
38.20000076293945 0.12086164951324463 0.32506459951400757 -0.6757625341415405 0.03013748675584793 0.5888530015945435 0.24552854895591736 0.7694541811943054
38.233333587646484 0.12038563936948776 0.32529690861701965 -0.6754980683326721 0.0302257277071476 0.5889902710914612 0.24520596861839294 0.7694485187530518
38.266666412353516 0.12071730941534042 0.32469528913497925 -0.6750900745391846 0.029947370290756226 0.5890982747077942 0.2451898604631424 0.7693817615509033
38.29999923706055 0.12096933275461197 0.3249832093715668 -0.6754352450370789 0.030237089842557907 0.5890105962753296 0.24522818624973297 0.7694254517555237
38.33333206176758 0.1210695207118988 0.3250504434108734 -0.6754289865493774 0.030215168371796608 0.5889281630516052 0.24567461013793945 0.7693469524383545
38.36666488647461 0.1209295243024826 0.32563307881355286 -0.6754968166351318 0.030211342498660088 0.5887793898582458 0.245954230427742 0.7693715691566467
38.400001525878906 0.12195000797510147 0.3251590430736542 -0.6759769320487976 0.02999652922153473 0.5886930227279663 0.2460513859987259 0.7694150805473328
38.43333435058594 0.1206110343337059 0.32533204555511475 -0.6756153702735901 0.03016633167862892 0.5888534188270569 0.24547015130519867 0.769471287727356
38.46666717529297 0.12012244760990143 0.3253723680973053 -0.6750940680503845 0.030228277668356895 0.5890769362449646 0.24501724541187286 0.7694421410560608
38.5 0.12072127312421799 0.32424309849739075 -0.6752557754516602 0.029714690521359444 0.5890173316001892 0.2446049451828003 0.7696389555931091
38.53333282470703 0.1203952208161354 0.32434985041618347 -0.6751793622970581 0.02989025227725506 0.5891007781028748 0.24461856484413147 0.7695639729499817
38.56666564941406 0.12010625749826431 0.324960857629776 -0.6754434108734131 0.030322695150971413 0.5890236496925354 0.24511784315109253 0.7694472074508667
38.599998474121094 0.12031999975442886 0.3247460722923279 -0.6754544377326965 0.0300615094602108 0.5889403820037842 0.2452739179134369 0.7694714069366455
38.63333511352539 0.1209045946598053 0.3248768150806427 -0.6754712462425232 0.030081897974014282 0.5889644622802734 0.24548795819282532 0.76938396692276
38.66666793823242 0.12029411643743515 0.32495713233947754 -0.6750257611274719 0.030049514025449753 0.58907151222229 0.24517619609832764 0.7694026827812195
38.70000076293945 0.11960376799106598 0.324897825717926 -0.6751875281333923 0.030462151393294334 0.5892270803451538 0.24457532167434692 0.7694585919380188
38.733333587646484 0.11894357949495316 0.3246936500072479 -0.6744718551635742 0.03070741891860962 0.5896281599998474 0.24380198121070862 0.7693870067596436
38.766666412353516 0.11880985647439957 0.3243589401245117 -0.6745412945747375 0.030591361224651337 0.5896287560462952 0.2435019314289093 0.7694861888885498
38.79999923706055 0.11826229095458984 0.3247290253639221 -0.6743627786636353 0.03054828941822052 0.589609682559967 0.24355767667293549 0.76948481798172
38.83333206176758 0.1188364177942276 0.3246120810508728 -0.6744482517242432 0.03065137006342411 0.589560866355896 0.2438405305147171 0.7694286108016968
38.86666488647461 0.1185593456029892 0.3247546851634979 -0.674990713596344 0.03094056062400341 0.5893846750259399 0.2441459596157074 0.7694551348686218
38.900001525878906 0.1184738501906395 0.3254721462726593 -0.6758468747138977 0.031471237540245056 0.5891373157501221 0.2446603775024414 0.7694596648216248
38.93333435058594 0.11979448795318604 0.32498398423194885 -0.6765849590301514 0.0316598005592823 0.5889381170272827 0.2449883073568344 0.7695000767707825
38.96666717529297 0.12063118815422058 0.3247303366661072 -0.6771944165229797 0.03124620020389557 0.5884416699409485 0.24601195752620697 0.7695701718330383
39.0 0.12338265031576157 0.3264124393463135 -0.6795464754104614 0.03235025331377983 0.5871345400810242 0.24935385584831238 0.7694473266601562
39.03333282470703 0.12685883045196533 0.33086422085762024 -0.6847279667854309 0.0336088165640831 0.5848381519317627 0.25505125522613525 0.7692747116088867
39.06666564941406 0.1312677413225174 0.33198803663253784 -0.6881592273712158 0.03337743505835533 0.5829198956489563 0.2595941126346588 0.7692212462425232
39.099998474121094 0.1337883174419403 0.3310571014881134 -0.6891089677810669 0.03310835734009743 0.5810108780860901 0.26010578870773315 0.7705032229423523
39.13333511352539 0.13496091961860657 0.32856667041778564 -0.6890007853507996 0.03256912901997566 0.5775071978569031 0.25745442509651184 0.7740426063537598
39.16666793823242 0.13579793274402618 0.3278736472129822 -0.6885278224945068 0.03084869310259819 0.5773986577987671 0.2582130432128906 0.7739413380622864
39.20000076293945 0.13627265393733978 0.3278421461582184 -0.6895345449447632 0.031516481190919876 0.5773789286613464 0.25866684317588806 0.7737776041030884
39.233333587646484 0.1372520923614502 0.3285366892814636 -0.6920359134674072 0.032945629209280014 0.5766904354095459 0.2611481845378876 0.7733979821205139
39.266666412353516 0.14033231139183044 0.328542560338974 -0.6965457201004028 0.03482120856642723 0.5758640766143799 0.2655515968799591 0.7724315524101257
39.29999923706055 0.1445857733488083 0.3283253610134125 -0.704073429107666 0.03894395753741264 0.5726816058158875 0.2731756269931793 0.7719419002532959
39.33333206176758 0.14808471500873566 0.3263930678367615 -0.7150009870529175 0.045193325728178024 0.5679746866226196 0.2814250886440277 0.7721154093742371
39.36666488647461 0.14881828427314758 0.32200080156326294 -0.7293887734413147 0.05336558446288109 0.5663039684295654 0.2882925271987915 0.7702852487564087
39.400001525878906 0.15207460522651672 0.31163328886032104 -0.7444791197776794 0.0603017695248127 0.5657482147216797 0.29342737793922424 0.768240213394165
39.43333435058594 0.15146557986736298 0.2978358566761017 -0.7592241168022156 0.0714033916592598 0.5641434788703918 0.29115405678749084 0.7693328261375427
39.46666717529297 0.15162412822246552 0.28270259499549866 -0.7740008234977722 0.08014313876628876 0.5628207921981812 0.2877924144268036 0.7707045078277588
39.5 0.15417318046092987 0.266313374042511 -0.7900501489639282 0.08586255460977554 0.5629207491874695 0.28572210669517517 0.7707858085632324
39.53333282470703 0.15952518582344055 0.2501271367073059 -0.8054051995277405 0.08828309178352356 0.5655140280723572 0.2848495841026306 0.7689347863197327
39.56666564941406 0.16567930579185486 0.23251910507678986 -0.8095513582229614 0.08701733499765396 0.5705791115760803 0.28418079018592834 0.7655773758888245
39.599998474121094 0.17467907071113586 0.21691086888313293 -0.8204594850540161 0.08405008912086487 0.5719082951545715 0.2842797040939331 0.7648800611495972
39.63333511352539 0.1877240389585495 0.20397615432739258 -0.8282269835472107 0.07981684058904648 0.573154866695404 0.28508833050727844 0.7640990614891052
39.66666793823242 0.20087149739265442 0.19678181409835815 -0.8370844721794128 0.0768590122461319 0.5743189454078674 0.28677037358283997 0.7628979682922363
39.70000076293945 0.2147500216960907 0.18877552449703217 -0.847216784954071 0.07204257696866989 0.5749835968017578 0.2876751124858856 0.7625265717506409
39.733333587646484 0.2304476946592331 0.18117710947990417 -0.8540356755256653 0.06571073830127716 0.5726274251937866 0.2868184447288513 0.7651896476745605
39.766666412353516 0.24782682955265045 0.17594140768051147 -0.8628162145614624 0.06005066633224487 0.5695909261703491 0.28576722741127014 0.7683079838752747
39.79999923706055 0.2666909694671631 0.16950085759162903 -0.8746289610862732 0.05351778492331505 0.5711724758148193 0.28473711013793945 0.7679990530014038
39.83333206176758 0.2812684178352356 0.1632293462753296 -0.8775432109832764 0.0449121929705143 0.5801876783370972 0.27987292408943176 0.7635682225227356
39.86666488647461 0.30360859632492065 0.1644386202096939 -0.8897115588188171 0.04083944484591484 0.5851786136627197 0.27978000044822693 0.760013997554779
39.900001525878906 0.3221379518508911 0.1646253615617752 -0.8977783918380737 0.03766052797436714 0.5892091393470764 0.2790319323539734 0.7573344707489014
39.93333435058594 0.34416747093200684 0.16423313319683075 -0.908913791179657 0.03657234087586403 0.5894745588302612 0.28268468379974365 0.7558251023292542
