t_sec,x,y,z,qw,qx,qy,qz
1789446969.840595961,0.014233386,0.009899634,-0.024967843,-0.696352678,0.717635861,0.000502294,0.009563866
1789446969.873859406,0.014148226,0.009951552,-0.025012899,-0.696524715,0.717469685,0.000595720,0.009498361
1789446969.907113791,0.014039400,0.009989745,-0.025056327,-0.696556787,0.717438514,0.000581410,0.009501756
1789446969.940363169,0.013927092,0.010020194,-0.025095687,-0.696551522,0.717443820,0.000575122,0.009487448
1789446969.973606825,0.013811926,0.010048397,-0.025136788,-0.696567403,0.717428628,0.000560913,0.009471137
1789446970.006847143,0.013701861,0.010071082,-0.025178330,-0.696548118,0.717447428,0.000537651,0.009466730
1789446970.040082455,0.013602642,0.010095480,-0.025225994,-0.696538530,0.717457079,0.000548861,0.009440053
1789446970.073312998,0.013499613,0.010113810,-0.025267764,-0.696557182,0.717438936,0.000537796,0.009443246
1789446970.106537819,0.013416227,0.010132634,-0.025307319,-0.696569737,0.717426811,0.000532490,0.009438675
1789446970.139759064,0.013355286,0.010144954,-0.025340581,-0.696566526,0.717430236,0.000548283,0.009414363
1789446970.172975302,0.013310396,0.010143061,-0.025358308,-0.696582371,0.717414826,0.000535141,0.009417083
1789446970.206185818,0.013288604,0.010130316,-0.025368678,-0.696568873,0.717428225,0.000542661,0.009394266
1789446970.239392519,0.013277861,0.010114893,-0.025383047,-0.696577280,0.717420227,0.000544946,0.009381576
1789446970.272594690,0.013278415,0.010088043,-0.025380379,-0.696569047,0.717427973,0.000525881,0.009401631
1789446970.305792332,0.013291410,0.010102939,-0.025356347,-0.696645689,0.717354115,0.000591920,0.009354517
1789446970.338983536,0.013315729,0.010080007,-0.025351254,-0.696658122,0.717342366,0.000640563,0.009326293
1789446970.372171640,0.013346711,0.010046377,-0.025343091,-0.696638058,0.717361481,0.000576278,0.009358991
1789446970.405354738,0.013385813,0.010012586,-0.025333135,-0.696635228,0.717364608,0.000590147,0.009328997
1789446970.438533068,0.013425505,0.009978353,-0.025320249,-0.696658908,0.717341608,0.000601290,0.009328502
1789446970.471705675,0.013468354,0.009941849,-0.025306143,-0.696652390,0.717347824,0.000550359,0.009340470
1789446970.504874468,0.013513344,0.009908794,-0.025292030,-0.696651729,0.717348880,0.000594871,0.009305802
1789446970.538038492,0.013554389,0.009875663,-0.025276996,-0.696674625,0.717326430,0.000578584,0.009323392
1789446970.571197033,0.013596934,0.009841807,-0.025262202,-0.696667509,0.717333370,0.000553163,0.009322688
1789446970.604351521,0.013635754,0.009815104,-0.025248530,-0.696675835,0.717325799,0.000592240,0.009280480
1789446970.637501478,0.013666688,0.009791603,-0.025235562,-0.696675891,0.717325524,0.000562907,0.009299329
1789446970.670646667,0.013693868,0.009775108,-0.025227139,-0.696657301,0.717343780,0.000541744,0.009285036
1789446970.703786135,0.013715496,0.009768331,-0.025222323,-0.696669912,0.717331691,0.000571757,0.009271001
1789446970.736921549,0.013732197,0.009764157,-0.025217776,-0.696665894,0.717335344,0.000541947,0.009292088
1789446970.770052433,0.013750154,0.009761756,-0.025216298,-0.696656536,0.717344566,0.000547210,0.009281424
1789446970.803177834,0.013766260,0.009761425,-0.025218495,-0.696685802,0.717316131,0.000567524,0.009281142
1789446970.836299181,0.013783174,0.009756959,-0.025224055,-0.696678857,0.717322664,0.000527904,0.009299826
1789446970.869416714,0.013803305,0.009753648,-0.025235427,-0.696671881,0.717329799,0.000544233,0.009271146
1789446970.902748823,0.013816020,0.009751699,-0.025249320,-0.696700910,0.717301629,0.000561289,0.009268161
1789446970.936079502,0.013819370,0.009747361,-0.025266828,-0.696680003,0.717321796,0.000519828,0.009281433
1789446970.969411373,0.013811314,0.009747887,-0.025292501,-0.696679388,0.717322732,0.000549752,0.009253467
1789446971.002743244,0.013783503,0.009750556,-0.025324603,-0.696691497,0.717310692,0.000542892,0.009275473
1789446971.036074638,0.013744578,0.009754929,-0.025362802,-0.696669920,0.717331715,0.000526609,0.009271216
1789446971.069405079,0.013698907,0.009767658,-0.025403311,-0.696694190,0.717308405,0.000566337,0.009248623
1789446971.102736235,0.013653180,0.009783964,-0.025440118,-0.696703596,0.717298914,0.000524902,0.009278520
1789446971.136067629,0.013623748,0.009809938,-0.025473813,-0.696681821,0.717320273,0.000515723,0.009262899
1789446971.169397593,0.013606731,0.009851441,-0.025501712,-0.696714370,0.717288707,0.000560669,0.009256491
1789446971.202728748,0.013599059,0.009897491,-0.025524752,-0.696693010,0.717309094,0.000502509,0.009287641
1789446971.236059666,0.013602989,0.009952323,-0.025545157,-0.696699631,0.717303000,0.000537131,0.009259676
1789446971.269390345,0.013607770,0.010005399,-0.025561119,-0.696714521,0.717288265,0.000536961,0.009280732
1789446971.302720070,0.013618591,0.010051146,-0.025575225,-0.696698685,0.717303724,0.000506727,0.009276514
1789446971.336050510,0.013632472,0.010092692,-0.025588631,-0.696709895,0.717293124,0.000567724,0.009250695
1789446971.369380951,0.013644407,0.010123943,-0.025599066,-0.696713292,0.717289327,0.000526229,0.009291550
1789446971.402711153,0.013664745,0.010149583,-0.025607408,-0.696694653,0.717307878,0.000540019,0.009256213
1789446971.436040401,0.013689665,0.010169698,-0.025614031,-0.696708843,0.717293943,0.000567410,0.009266387
1789446971.469370365,0.013725383,0.010179076,-0.025619202,-0.696698008,0.717304211,0.000511873,0.009289432
1789446971.502700090,0.013778426,0.010181802,-0.025624396,-0.696687236,0.717315153,0.000554080,0.009249829
1789446971.536029100,0.013837813,0.010175920,-0.025628354,-0.696703545,0.717298837,0.000526544,0.009288285
1789446971.569358587,0.013902020,0.010164400,-0.025632431,-0.696679067,0.717322908,0.000512380,0.009266094
1789446971.602688313,0.013958100,0.010153043,-0.025637430,-0.696697186,0.717305409,0.000559459,0.009255672
1789446971.636017561,0.013996027,0.010135753,-0.025643873,-0.696696877,0.717305213,0.000513662,0.009296691
1789446971.669345856,0.014015019,0.010116733,-0.025651709,-0.696687114,0.717315116,0.000544832,0.009262489
1789446971.702675343,0.014012461,0.010096912,-0.025659143,-0.696714994,0.717287786,0.000542024,0.009282031
1789446971.736004353,0.013998760,0.010074928,-0.025665219,-0.696703200,0.717299169,0.000510120,0.009289364
1789446971.769333363,0.013980255,0.010052648,-0.025674324,-0.696686885,0.717315091,0.000533558,0.009282211
1789446971.802661180,0.013955468,0.010029574,-0.025684149,-0.696719976,0.717282566,0.000521750,0.009312504
1789446971.835989952,0.013929774,0.010003426,-0.025694575,-0.696702913,0.717299273,0.000526804,0.009301927
1789446971.869318485,0.013904297,0.009978539,-0.025708516,-0.696715362,0.717287044,0.000533779,0.009312105
1789446971.902653217,0.013882096,0.009951408,-0.025723938,-0.696709754,0.717292220,0.000519123,0.009333843
1789446971.935987473,0.013868006,0.009923228,-0.025741372,-0.696705320,0.717296660,0.000528594,0.009323070
1789446971.969321489,0.013866807,0.009891239,-0.025763644,-0.696709774,0.717292091,0.000513352,0.009342608
1789446972.002655506,0.013882207,0.009856496,-0.025789366,-0.696713076,0.717289050,0.000540200,0.009328285
1789446972.035988331,0.013906966,0.009817552,-0.025819185,-0.696694471,0.717306817,0.000548877,0.009351133
1789446972.069322348,0.013936363,0.009782351,-0.025851629,-0.696701877,0.717299547,0.000540013,0.009357484
1789446972.102656364,0.013963138,0.009751773,-0.025881261,-0.696689280,0.717311854,0.000563421,0.009350585
1789446972.135988951,0.013977138,0.009729047,-0.025907865,-0.696688494,0.717312377,0.000553857,0.009369601
1789446972.169322729,0.013978372,0.009718392,-0.025930888,-0.696692192,0.717308986,0.000557845,0.009353944
1789446972.202656507,0.013967790,0.009716902,-0.025949632,-0.696688960,0.717312080,0.000570887,0.009356644
1789446972.235990286,0.013951209,0.009722161,-0.025965999,-0.696695545,0.717305330,0.000555357,0.009384725
1789446972.269322872,0.013930467,0.009733515,-0.025980166,-0.696697689,0.717303310,0.000582285,0.009378263
1789446972.302656412,0.013902246,0.009749811,-0.025991592,-0.696704699,0.717296177,0.000572018,0.009403723
1789446972.335989952,0.013872351,0.009772493,-0.026001764,-0.696710670,0.717290406,0.000571627,0.009401580
1789446972.369323492,0.013842068,0.009799127,-0.026011397,-0.696707626,0.717293358,0.000585032,0.009401061
1789446972.402656078,0.013811250,0.009827935,-0.026022244,-0.696716612,0.717284419,0.000571983,0.009417952
1789446972.435989618,0.013782516,0.009858079,-0.026035663,-0.696714222,0.717286780,0.000579081,0.009414530
1789446972.469322920,0.013756152,0.009889050,-0.026051634,-0.696713797,0.717287045,0.000585710,0.009425325
1789446972.502655268,0.013734959,0.009917573,-0.026071891,-0.696706152,0.717294310,0.000571619,0.009438411
1789446972.535988808,0.013719105,0.009946107,-0.026094441,-0.696710226,0.717290384,0.000590769,0.009434856
1789446972.569322109,0.013704779,0.009971809,-0.026117252,-0.696701438,0.717298678,0.000588525,0.009453334
1789446972.602655172,0.013690922,0.009995449,-0.026139974,-0.696707624,0.717292678,0.000588892,0.009452746
1789446972.635987520,0.013674003,0.010015702,-0.026159793,-0.696692772,0.717307074,0.000595415,0.009454535
1789446972.669320822,0.013651277,0.010032654,-0.026176355,-0.696695189,0.717304596,0.000588610,0.009464848
1789446972.702653885,0.013622719,0.010047666,-0.026188663,-0.696688628,0.717310953,0.000607149,0.009464876
1789446972.735986710,0.013586390,0.010062829,-0.026196217,-0.696684030,0.717315087,0.000609056,0.009489896
1789446972.769319057,0.013543501,0.010082518,-0.026200435,-0.696682788,0.717316233,0.000605954,0.009494629
1789446972.802652121,0.013490018,0.010108606,-0.026199986,-0.696679725,0.717319113,0.000609979,0.009501522
1789446972.835985184,0.013423215,0.010142510,-0.026193551,-0.696682465,0.717316318,0.000602704,0.009512074
1789446972.869316816,0.013349313,0.010180221,-0.026183116,-0.696671167,0.717327255,0.000616378,0.009513895
1789446972.902649879,0.013274267,0.010218338,-0.026170093,-0.696685941,0.717312761,0.000606124,0.009525516
1789446972.935986996,0.013211526,0.010250146,-0.026155460,-0.696688338,0.717310314,0.000591384,0.009535377
1789446972.969324112,0.013170783,0.010271492,-0.026140004,-0.696691382,0.717307423,0.000610413,0.009529295
1789446973.002660275,0.013155502,0.010278335,-0.026124849,-0.696689467,0.717309093,0.000607256,0.009543729
1789446973.035997629,0.013162677,0.010276345,-0.026109005,-0.696693819,0.717305023,0.000621581,0.009531011
1789446973.069334745,0.013181448,0.010269851,-0.026094795,-0.696700826,0.717298253,0.000627484,0.009527976
1789446973.102671862,0.013205343,0.010264973,-0.026084448,-0.696703983,0.717295069,0.000622881,0.009537136
1789446973.136008263,0.013229553,0.010269593,-0.026080182,-0.696684541,0.717314004,0.000617199,0.009533600
1789446973.169345617,0.013250540,0.010290982,-0.026082269,-0.696694047,0.717304839,0.000611676,0.009528811
1789446973.202682972,0.013268221,0.010323268,-0.026088119,-0.696688064,0.717310535,0.000610481,0.009537583
1789446973.236019373,0.013282337,0.010363453,-0.026097336,-0.696689763,0.717308866,0.000614602,0.009538711
1789446973.269356728,0.013290345,0.010407597,-0.026108837,-0.696700362,0.717298501,0.000621678,0.009543526
1789446973.302694321,0.013289598,0.010454224,-0.026124068,-0.696703666,0.717295202,0.000617769,0.009550526
1789446973.336031675,0.013279026,0.010504539,-0.026145353,-0.696691868,0.717306760,0.000619543,0.009543031
1789446973.369368076,0.013259962,0.010558066,-0.026171466,-0.696691521,0.717307144,0.000625983,0.009539073
1789446973.402705908,0.013235136,0.010609603,-0.026197303,-0.696699445,0.717299585,0.000630797,0.009528437
1789446973.436043501,0.013213141,0.010656168,-0.026219063,-0.696699192,0.717299795,0.000631394,0.009531055
1789446973.469380140,0.013201881,0.010695785,-0.026237314,-0.696703582,0.717295624,0.000638077,0.009523621
1789446973.502717733,0.013205399,0.010723146,-0.026251276,-0.696703051,0.717296091,0.000634740,0.009527511
1789446973.536055326,0.013222207,0.010739060,-0.026258555,-0.696717740,0.717281805,0.000620315,0.009529882
1789446973.569393158,0.013248311,0.010744097,-0.026262984,-0.696694543,0.717304569,0.000631248,0.009511583
1789446973.602729797,0.013282473,0.010740652,-0.026268057,-0.696730165,0.717269618,0.000623641,0.009538522
1789446973.636067629,0.013327074,0.010720453,-0.026274126,-0.696707607,0.717291549,0.000616716,0.009537471
1789446973.669405460,0.013380808,0.010686577,-0.026283713,-0.696702293,0.717296783,0.000631665,0.009531078
1789446973.702743053,0.013440317,0.010644600,-0.026295364,-0.696707351,0.717291683,0.000613836,0.009546306
1789446973.736080170,0.013498752,0.010600798,-0.026309416,-0.696686999,0.717311864,0.000642354,0.009513251
1789446973.769418001,0.013550302,0.010558645,-0.026320055,-0.696729585,0.717270049,0.000624973,0.009548409
1789446973.802756071,0.013585268,0.010514844,-0.026316482,-0.696658902,0.717339896,0.000716871,0.009451655
1789446973.836092949,0.013580332,0.010471038,-0.026308931,-0.696571950,0.717423617,0.000722618,0.009505277
1789446973.869431019,0.013564928,0.010439016,-0.026302280,-0.696616916,0.717379518,0.000618519,0.009545581
1789446973.902769089,0.013569054,0.010408987,-0.026280347,-0.696495047,0.717498562,0.000733725,0.009482883
1789446973.936106205,0.013545535,0.010396598,-0.026285734,-0.696401770,0.717590890,0.000874992,0.009333984
1789446973.969442129,0.013442401,0.010417958,-0.026366216,-0.696719179,0.717279224,0.000514905,0.009624713
1789446974.002779245,0.013443151,0.010437955,-0.026367683,-0.696660172,0.717338071,0.000566392,0.009506576
1789446974.036116362,0.013422770,0.010450888,-0.026392991,-0.696745655,0.717255985,0.000553846,0.009435994
1789446974.069453716,0.013387201,0.010460344,-0.026426732,-0.696824164,0.717177853,0.000416491,0.009583213
1789446974.102789879,0.013417958,0.010475121,-0.026455570,-0.696800706,0.717204219,0.000602183,0.009301747
1789446974.136127234,0.013387223,0.010483517,-0.026521811,-0.696981269,0.717027357,0.000459579,0.009416361
1789446974.169464350,0.013393636,0.010483145,-0.026563382,-0.696941355,0.717067291,0.000442879,0.009330179
1789446974.202800512,0.013410688,0.010475025,-0.026619704,-0.697031627,0.716981673,0.000519896,0.009160843
1789446974.236137867,0.013397193,0.010457506,-0.026653540,-0.697039611,0.716972175,0.000346984,0.009303800
1789446974.269474983,0.013454668,0.010440134,-0.026691694,-0.696994492,0.717017501,0.000383873,0.009188768
1789446974.302812576,0.013543320,0.010456437,-0.026739387,-0.697261111,0.716758536,0.000440726,0.009162393
1789446974.336148977,0.013639706,0.010451036,-0.026667875,-0.696922917,0.717085231,0.000426653,0.009329423
1789446974.369486332,0.013803988,0.010421181,-0.026668033,-0.696872091,0.717135615,0.000394287,0.009254397
1789446974.402823687,0.014015328,0.010440614,-0.026739371,-0.697265995,0.716754239,0.000413386,0.009128145
1789446974.436161041,0.014580959,0.010406545,-0.026597127,-0.696968337,0.717067300,-0.000703080,0.007009344
1789446974.469497204,0.016445500,0.010359463,-0.026597347,-0.696537456,0.717363085,-0.009205808,-0.011875631
1789446974.502835035,0.017497677,0.010583156,-0.027419699,-0.696909421,0.716260234,-0.017217979,-0.031497267
1789446974.536172390,0.018274274,0.010846464,-0.028230894,-0.696007364,0.716072240,-0.023847170,-0.047387863
1789446974.569508791,0.018897202,0.011021731,-0.028866225,-0.695842703,0.715139523,-0.029499100,-0.059230046
1789446974.602846146,0.018790474,0.011165133,-0.029553248,-0.694809722,0.714921586,-0.034691524,-0.070164624
1789446974.636183739,0.018870479,0.011406984,-0.030290791,-0.694650634,0.713724485,-0.039633910,-0.080541966
1789446974.669521332,0.019198427,0.011607220,-0.031009183,-0.693245066,0.713158493,-0.045187184,-0.093671563
1789446974.702857971,0.019774425,0.011991445,-0.031881622,-0.692553428,0.711290985,-0.051639735,-0.108481431
1789446974.736195564,0.020488390,0.012298222,-0.032697711,-0.690318056,0.710330657,-0.058241200,-0.124496193
1789446974.769532919,0.021301404,0.012613434,-0.033476668,-0.688655498,0.708021914,-0.066200567,-0.141690011
1789446974.802869558,0.022046657,0.012806810,-0.033986400,-0.686068812,0.706236663,-0.073098208,-0.158732517
1789446974.836207390,0.022639795,0.012833027,-0.034231288,-0.684012844,0.704358167,-0.079300027,-0.172387664
1789446974.869544983,0.023102808,0.012979992,-0.034461112,-0.682490744,0.702955538,-0.083452132,-0.181922066
1789446974.902882576,0.023311358,0.013014044,-0.034535923,-0.681362303,0.702016494,-0.086401799,-0.188289624
1789446974.936218023,0.023597771,0.013092004,-0.034704587,-0.680381213,0.700955897,-0.089296503,-0.194340858
1789446974.969554186,0.023933310,0.013174000,-0.034963865,-0.678495791,0.699452581,-0.093495585,-0.204127716
1789446975.002890587,0.024206667,0.013271779,-0.035245177,-0.676923103,0.697375608,-0.097964273,-0.214115330
1789446975.036226749,0.024472777,0.013270213,-0.035256632,-0.674885027,0.695897600,-0.101721809,-0.223404126
1789446975.069562197,0.024574707,0.013188967,-0.035161718,-0.673477966,0.694695859,-0.104752065,-0.229895839
1789446975.102898359,0.024492531,0.013145774,-0.035090996,-0.672525166,0.693868484,-0.106707801,-0.234243194
1789446975.136234760,0.024416352,0.013073158,-0.035051040,-0.672229471,0.693866127,-0.106933498,-0.234994815
1789446975.169569969,0.024275057,0.013058319,-0.035140968,-0.672547598,0.693589765,-0.107179977,-0.234788031
1789446975.202906609,0.024294050,0.013018651,-0.035109011,-0.672342809,0.693714873,-0.106800200,-0.235177677
1789446975.236243010,0.024290374,0.013004808,-0.035163774,-0.672208461,0.693876020,-0.106765176,-0.235102216
1789446975.269579172,0.024324290,0.013025440,-0.035287299,-0.672665525,0.693407856,-0.106827738,-0.235147764
1789446975.302914619,0.024726187,0.013069918,-0.035430748,-0.671944442,0.693733489,-0.107521811,-0.235931291
1789446975.336251020,0.025882568,0.013202266,-0.035966048,-0.671649502,0.692749159,-0.108353914,-0.239259230
1789446975.369587183,0.027693493,0.013445802,-0.036680571,-0.670234307,0.691594247,-0.111429502,-0.245085366
1789446975.402923584,0.030113138,0.013720780,-0.037420977,-0.669249691,0.690734695,-0.112186731,-0.249809067
1789446975.436259031,0.032776814,0.014102430,-0.038094703,-0.668362433,0.690321472,-0.113511188,-0.252711564
1789446975.469595432,0.035448034,0.014322231,-0.038714338,-0.668188804,0.690049974,-0.113950469,-0.253712528
1789446975.502931833,0.038625631,0.014384580,-0.038478614,-0.667512353,0.690500817,-0.113622017,-0.254412888
1789446975.536267281,0.041169513,0.014844414,-0.039939523,-0.667690842,0.690786010,-0.113146611,-0.253380092
1789446975.569603682,0.043972372,0.015112851,-0.040672104,-0.668229216,0.691022032,-0.112758817,-0.251483034
1789446975.602940083,0.046900737,0.015440624,-0.041425714,-0.668536424,0.690955538,-0.112678059,-0.250884733
1789446975.636276722,0.049989274,0.015770957,-0.042211992,-0.668603400,0.690944059,-0.112903270,-0.250636496
1789446975.669612169,0.053458117,0.016142566,-0.043036594,-0.668417206,0.690457907,-0.113628007,-0.252140820
1789446975.702948570,0.056931464,0.016480387,-0.043884918,-0.667740863,0.689703290,-0.114675014,-0.255501766
1789446975.736284971,0.060598246,0.016751514,-0.044640781,-0.667008206,0.689379254,-0.115667042,-0.257832180
1789446975.769621372,0.064651370,0.017086684,-0.045502891,-0.666943964,0.689222838,-0.116418756,-0.258078092
1789446975.802956820,0.069017592,0.017403013,-0.046407766,-0.666979167,0.688528088,-0.117052452,-0.259550741
1789446975.836293221,0.073693578,0.017798355,-0.047329294,-0.666018482,0.687949811,-0.117997865,-0.263098733
1789446975.869629622,0.078385200,0.018113258,-0.048241957,-0.665174058,0.687739481,-0.119674870,-0.265020385
1789446975.902965307,0.083453767,0.018536811,-0.049523586,-0.665395636,0.686822155,-0.120440941,-0.266491942
1789446975.936297178,0.088656184,0.019024447,-0.050887253,-0.664186582,0.685174174,-0.123530753,-0.272273187
1789446975.969628811,0.093843583,0.019480783,-0.052392862,-0.662479489,0.683616002,-0.125811156,-0.279216122
1789446976.002960682,0.098823159,0.019832807,-0.053794849,-0.661249870,0.683013138,-0.127592665,-0.282775133
1789446976.036291361,0.103975510,0.020234423,-0.055153980,-0.661016645,0.682490559,-0.128315918,-0.284251047
1789446976.069622755,0.108556010,0.020572864,-0.056438010,-0.660829314,0.681778052,-0.129392727,-0.285903528
1789446976.102954626,0.112906735,0.020953967,-0.057707711,-0.660576815,0.681517591,-0.129506972,-0.287053982
1789446976.136285067,0.117097929,0.021259575,-0.058803681,-0.660161557,0.681299331,-0.130443905,-0.288101246
1789446976.169616461,0.121208479,0.021630031,-0.060097710,-0.660513069,0.680406717,-0.131386248,-0.288975499
1789446976.202948093,0.125663589,0.022024558,-0.061299426,-0.659828413,0.680210454,-0.131823699,-0.290796693
1789446976.236279488,0.130321654,0.022404810,-0.062694601,-0.659591921,0.679888074,-0.132593334,-0.291735689
1789446976.269609928,0.135171489,0.022871155,-0.064198409,-0.659360023,0.679166032,-0.133254638,-0.293634232
1789446976.302941084,0.139706161,0.023384637,-0.065767515,-0.658777345,0.678535805,-0.134128206,-0.295991886
1789446976.336272478,0.144196430,0.023810166,-0.067238554,-0.658654979,0.678058703,-0.134894916,-0.297007366
1789446976.369603872,0.148439568,0.024230252,-0.068782511,-0.658439406,0.677625476,-0.135553859,-0.298171787
1789446976.402933836,0.152871553,0.024692964,-0.070353818,-0.658108837,0.677030255,-0.136449544,-0.299840481
1789446976.436264992,0.157390396,0.025190556,-0.071961405,-0.657435318,0.676337496,-0.137535382,-0.302374623
1789446976.469595909,0.162282356,0.025718776,-0.073630387,-0.656593377,0.675638734,-0.138695296,-0.305222956
1789446976.502926111,0.167503240,0.026276402,-0.075332452,-0.656043032,0.674926949,-0.139475274,-0.307616322
1789446976.536257029,0.172578707,0.026809373,-0.077048253,-0.655323482,0.674089909,-0.140376499,-0.310561374
1789446976.569588184,0.177346217,0.027246156,-0.078544797,-0.654772780,0.673536302,-0.141061841,-0.312606804
1789446976.602918863,0.181519583,0.027586293,-0.079812144,-0.654971403,0.673629668,-0.140915006,-0.312055271
1789446976.636248827,0.185122374,0.027891813,-0.080898964,-0.654926996,0.673384556,-0.141223711,-0.312537571
1789446976.669579506,0.188080380,0.028067834,-0.081728915,-0.654772016,0.673055385,-0.141510214,-0.313440447
1789446976.702910423,0.190458917,0.028202167,-0.082259540,-0.654819493,0.672939425,-0.141981192,-0.313377254
1789446976.736241102,0.192269469,0.028283078,-0.082567690,-0.654629751,0.673157497,-0.141597628,-0.313478843
1789446976.769570827,0.193653257,0.028312800,-0.082717310,-0.654978441,0.672987446,-0.141960034,-0.312951254
1789446976.802901268,0.194823028,0.028377837,-0.082795599,-0.654877254,0.673330855,-0.142096704,-0.312361758
1789446976.836231947,0.195945695,0.028427959,-0.082947268,-0.654881959,0.673586227,-0.141450841,-0.312094335
1789446976.869561434,0.196721041,0.028441288,-0.083033214,-0.655413133,0.673218795,-0.141411479,-0.311789789
1789446976.902892113,0.197209086,0.028389576,-0.082811827,-0.655023219,0.673830544,-0.141124612,-0.311417444
1789446976.936221600,0.197433208,0.028201945,-0.082422462,-0.655075115,0.674266001,-0.141357782,-0.310257847
1789446976.969551325,0.197887560,0.027971820,-0.081894886,-0.655376095,0.674474518,-0.141510675,-0.309097117
1789446977.002879620,0.198968639,0.027678058,-0.081098500,-0.655317770,0.674619505,-0.141113983,-0.309085729
1789446977.036208868,0.200294115,0.027236022,-0.079774650,-0.654927033,0.674112433,-0.141738594,-0.310730076
1789446977.069538355,0.201716436,0.026567224,-0.077733407,-0.654414583,0.674002171,-0.142349805,-0.311767798
1789446977.102867603,0.203204220,0.025693213,-0.075134797,-0.654071891,0.674671145,-0.142253476,-0.311083197
1789446977.136196136,0.204939300,0.024767814,-0.072438115,-0.654456310,0.675040593,-0.141825788,-0.309665274
1789446977.169525146,0.206941123,0.023785622,-0.069606649,-0.654491473,0.674792001,-0.141859136,-0.310117160
1789446977.202854156,0.208988492,0.022735160,-0.066474647,-0.653677319,0.674559393,-0.142505162,-0.312038246
1789446977.236182451,0.211004442,0.021561792,-0.063130368,-0.653143307,0.674036473,-0.143289906,-0.313921418
1789446977.269511461,0.213120862,0.020329238,-0.059637062,-0.652822407,0.673202533,-0.144109627,-0.315996314
1789446977.302840233,0.215258262,0.019027882,-0.055856443,-0.651685357,0.672685170,-0.145222288,-0.318922160
1789446977.336169243,0.217361539,0.017676864,-0.051854295,-0.650384319,0.672402973,-0.146370673,-0.321636603
1789446977.369497061,0.219409030,0.016271242,-0.047769133,-0.649783307,0.672018306,-0.147177596,-0.323282857
1789446977.402825832,0.221632418,0.014880016,-0.043740087,-0.649939995,0.671752020,-0.147101620,-0.323555775
1789446977.436154604,0.223927339,0.013504005,-0.039672503,-0.648907746,0.671178130,-0.147991753,-0.326400208
1789446977.469482183,0.226051378,0.011979126,-0.035321431,-0.646858511,0.670322916,-0.149976118,-0.331282988
1789446977.502810717,0.227956022,0.010375620,-0.030806029,-0.645785412,0.669614207,-0.151424349,-0.334138717
1789446977.536139488,0.229946648,0.008834236,-0.026387605,-0.645423924,0.669027197,-0.152327093,-0.335599499
1789446977.569468021,0.231884962,0.007312177,-0.022048976,-0.644878795,0.669102761,-0.152607090,-0.336368712
1789446977.602795362,0.233808311,0.005863720,-0.017955635,-0.644758881,0.669364627,-0.152339398,-0.336198885
1789446977.636123896,0.235555884,0.004585986,-0.014350692,-0.644838893,0.669337525,-0.152138834,-0.336190205
1789446977.669452190,0.237070343,0.003437646,-0.011211550,-0.644898432,0.669101066,-0.152264534,-0.336489655
1789446977.702780247,0.238177694,0.002593570,-0.008918706,-0.645606786,0.668841870,-0.152255771,-0.335649536
1789446977.736107588,0.239104990,0.002037536,-0.007432983,-0.646318225,0.669060551,-0.151519103,-0.334174643
1789446977.769435883,0.239815865,0.001753485,-0.006575837,-0.646636704,0.668065882,-0.151626914,-0.335496987
1789446977.802763939,0.240071954,0.001530784,-0.005967618,-0.645209056,0.666906970,-0.153325539,-0.339752332
1789446977.836090803,0.240103074,0.001336019,-0.005363765,-0.644440298,0.665662157,-0.154915566,-0.342916554
1789446977.869418859,0.240227569,0.001237869,-0.004912159,-0.643591806,0.666006235,-0.155235188,-0.343696552
1789446977.902746916,0.240417453,0.001271314,-0.004883104,-0.642846616,0.666956107,-0.154579015,-0.343544915
1789446977.936088562,0.240379622,0.001343482,-0.005200481,-0.644397303,0.665682058,-0.154747082,-0.343034772
1789446977.969429493,0.240585474,0.001447261,-0.005300376,-0.647623818,0.665766754,-0.153434826,-0.337336292
1789446978.002771139,0.241406890,0.001633787,-0.005213907,-0.647925769,0.668028047,-0.150712498,-0.333491332
1789446978.036113262,0.241720224,0.001524343,-0.005073843,-0.646557887,0.669265676,-0.150063531,-0.333957019
1789446978.069455147,0.241701570,0.001204844,-0.004926788,-0.646729625,0.669174930,-0.150316292,-0.333692549
1789446978.102796078,0.241558208,0.001224340,-0.005088224,-0.646999342,0.669125404,-0.150154115,-0.333341847
1789446978.136138201,0.241459077,0.001298634,-0.005362537,-0.648092283,0.669431581,-0.149305427,-0.330976798
1789446978.169480324,0.241647970,0.001283087,-0.005669343,-0.648637275,0.670765471,-0.147165845,-0.328154815
1789446978.202821493,0.242044189,0.001063020,-0.005577756,-0.646837209,0.673067921,-0.145377324,-0.327790532
1789446978.236163855,0.242276168,0.000262321,-0.004951352,-0.641538264,0.677557504,-0.143941995,-0.329583352
1789446978.269505978,0.242596317,-0.000797544,-0.004225792,-0.633598960,0.684034295,-0.141923223,-0.332426291
1789446978.302848339,0.242710483,-0.002119484,-0.003285955,-0.625212210,0.691457720,-0.139625676,-0.333917034
1789446978.336189747,0.242216455,-0.004126761,-0.002385885,-0.618372809,0.698887043,-0.137659069,-0.331996915
1789446978.369532108,0.241459576,-0.006386713,-0.001844515,-0.613626438,0.706079751,-0.136300362,-0.326092305
1789446978.402874470,0.240234691,-0.009175269,-0.001573528,-0.609375808,0.712728681,-0.137364631,-0.319076652
1789446978.436217070,0.238736288,-0.012675106,-0.001922540,-0.605251423,0.718152821,-0.140000957,-0.313571320
1789446978.469558954,0.236894265,-0.017106735,-0.002631078,-0.602523884,0.721904552,-0.143549395,-0.308565000
1789446978.502901316,0.234415158,-0.022193252,-0.004111279,-0.602633434,0.723014038,-0.148141372,-0.303542054
1789446978.536244154,0.231452241,-0.027895294,-0.006319070,-0.605471967,0.721449144,-0.153241683,-0.299051528
1789446978.569586039,0.228006867,-0.034231707,-0.008565872,-0.609952010,0.718723114,-0.157941657,-0.294023915
1789446978.602928638,0.224447577,-0.041109000,-0.010953587,-0.614792869,0.716311277,-0.160308744,-0.288494350
1789446978.636271477,0.221305123,-0.048163762,-0.013496472,-0.620058801,0.713580390,-0.159307083,-0.284519530
1789446978.669614553,0.218629354,-0.055110139,-0.016068024,-0.627091111,0.710333004,-0.153854566,-0.280200881
1789446978.702956200,0.216516629,-0.061725107,-0.018650899,-0.635200547,0.707329072,-0.145597883,-0.273874251
1789446978.736299276,0.214828502,-0.068149128,-0.021059087,-0.643000804,0.704604918,-0.136839278,-0.267127101
1789446978.769642353,0.213377916,-0.074270862,-0.023152696,-0.649630955,0.702229401,-0.129415835,-0.260969410
1789446978.802984715,0.212033485,-0.080025796,-0.024946953,-0.654947813,0.699646306,-0.124722902,-0.256870797
1789446978.836327553,0.210914712,-0.085505103,-0.026470292,-0.659761131,0.696148562,-0.121869783,-0.255421583
1789446978.869670868,0.210098877,-0.090839000,-0.027687403,-0.664635601,0.692679504,-0.118758053,-0.253675279
1789446978.903014183,0.209770391,-0.095976915,-0.028608017,-0.669926085,0.689680648,-0.113878479,-0.250142630
1789446978.936346769,0.209717051,-0.100860559,-0.029051203,-0.675100063,0.686772259,-0.109116771,-0.246327625
1789446978.969679832,0.209664095,-0.105530247,-0.028699272,-0.678794856,0.684628953,-0.107850913,-0.242670394
1789446979.003013372,0.209660034,-0.110127079,-0.027454214,-0.680344239,0.684005653,-0.109675045,-0.239247503
1789446979.036346674,0.209749962,-0.114599685,-0.025399618,-0.680302274,0.684495792,-0.111054140,-0.237321102
1789446979.069679260,0.209971292,-0.118808532,-0.022660568,-0.680871325,0.685455482,-0.109264810,-0.233722533
1789446979.103012562,0.210730902,-0.122367758,-0.019406118,-0.682356859,0.686363245,-0.104641254,-0.228789904
1789446979.136345625,0.211784061,-0.125418622,-0.015648752,-0.683753334,0.687179209,-0.098597924,-0.224821178
1789446979.169677973,0.213209455,-0.128000906,-0.011336882,-0.684442040,0.688387224,-0.092200280,-0.221723321
1789446979.203011513,0.215005756,-0.130373062,-0.006757446,-0.684272659,0.689788241,-0.086070444,-0.220351968
1789446979.236344814,0.217243498,-0.132339036,-0.001968191,-0.683638472,0.691154781,-0.079908759,-0.220359022
1789446979.269677877,0.219940041,-0.133937334,0.002842457,-0.682068204,0.693292964,-0.074136193,-0.220525861
1789446979.303009987,0.222990865,-0.135730817,0.007389205,-0.678746213,0.696670387,-0.068495265,-0.221951231
1789446979.336343288,0.226374171,-0.137550963,0.011491333,-0.674846639,0.700237185,-0.063011404,-0.224230824
1789446979.369676590,0.230006126,-0.139340133,0.015035665,-0.672050182,0.702753485,-0.058662387,-0.225931002
1789446979.403009653,0.233485218,-0.141181791,0.018156893,-0.670787916,0.703858252,-0.056204557,-0.226865997
1789446979.436341763,0.236776586,-0.142912502,0.021090567,-0.669706232,0.704515213,-0.056603544,-0.227920856
1789446979.469675064,0.239761789,-0.144653251,0.023966452,-0.668597921,0.704981035,-0.060587634,-0.228708766
1789446979.503008127,0.242347424,-0.146329237,0.027061499,-0.667346334,0.705661471,-0.065300487,-0.228968569
1789446979.536340237,0.244937478,-0.147802301,0.030303268,-0.665958288,0.706812517,-0.067486453,-0.228825707
1789446979.569673300,0.247541801,-0.148825729,0.033648468,-0.664815242,0.707383851,-0.068290687,-0.230141615
1789446979.603006601,0.250001616,-0.149421953,0.036709206,-0.662959628,0.707126105,-0.067816703,-0.236343180
1789446979.636339664,0.252413493,-0.149394199,0.039650414,-0.661923978,0.706698914,-0.064112329,-0.241501349
1789446979.669671535,0.254887664,-0.148613031,0.042125696,-0.661306357,0.707203084,-0.059648617,-0.242857453
1789446979.703004599,0.256948019,-0.147914417,0.044598830,-0.659627497,0.708340204,-0.056966302,-0.244745911
1789446979.736337662,0.258640180,-0.147037330,0.046870914,-0.657170423,0.709874822,-0.055520876,-0.247229053
1789446979.769670725,0.259901169,-0.145913258,0.048646496,-0.655290260,0.710978195,-0.054781693,-0.249206033
1789446979.803002596,0.261112824,-0.144707951,0.050545604,-0.654462374,0.711681509,-0.052937815,-0.249771935
1789446979.836335659,0.262131680,-0.143527628,0.051990052,-0.654490685,0.712143065,-0.049138547,-0.249157784
1789446979.869668484,0.263096565,-0.142435656,0.053333998,-0.655467427,0.711990308,-0.044559895,-0.247884389
1789446979.903000593,0.263597273,-0.141384254,0.054026520,-0.658316730,0.710207401,-0.040150610,-0.246195977
1789446979.936334372,0.263952746,-0.140303129,0.054357229,-0.661358371,0.707744896,-0.038304260,-0.245428301
1789446979.969668388,0.263793566,-0.139365913,0.054035961,-0.664064355,0.704593243,-0.041615476,-0.246647615
1789446980.003002405,0.263390911,-0.138448881,0.053161025,-0.666823051,0.699749411,-0.049179039,-0.251553579
1789446980.036335468,0.262843109,-0.137786913,0.051899082,-0.669418188,0.694740265,-0.055799490,-0.257102450
1789446980.069669485,0.262710670,-0.137460626,0.050502878,-0.671783938,0.691546523,-0.058191388,-0.259004844
1789446980.103003263,0.263200050,-0.137117323,0.049359139,-0.673016622,0.689822934,-0.058490775,-0.260330129
1789446980.136336088,0.263834089,-0.137001232,0.048376619,-0.672177810,0.689347495,-0.059096043,-0.263599469
1789446980.169670105,0.264507749,-0.137003483,0.047381071,-0.671045759,0.689383273,-0.059447212,-0.266297430
1789446980.203004122,0.265065593,-0.136990966,0.046066770,-0.670399660,0.689421128,-0.061200327,-0.267427230
1789446980.236337900,0.265337175,-0.137077883,0.044297430,-0.668260158,0.689136323,-0.068223943,-0.271781131
1789446980.269670963,0.265475505,-0.137404394,0.042065895,-0.663444969,0.689374777,-0.078693159,-0.280018885
1789446980.303004742,0.265714781,-0.137959431,0.039401176,-0.657085643,0.690223353,-0.090163038,-0.289310918
1789446980.336338520,0.265986748,-0.138490410,0.036056673,-0.651646195,0.689291523,-0.102759148,-0.299457828
1789446980.369672537,0.266402415,-0.138948848,0.031779026,-0.648955953,0.686041455,-0.113610995,-0.308700236
1789446980.403005362,0.267464506,-0.139255208,0.026711641,-0.649516224,0.681957687,-0.119421498,-0.314326095
1789446980.436339378,0.269350027,-0.139399966,0.021262297,-0.649361690,0.677299048,-0.125412782,-0.322284083
1789446980.469673157,0.271609051,-0.139411353,0.015811765,-0.646697474,0.673254615,-0.132475329,-0.333107921
1789446980.503005743,0.274205522,-0.139447215,0.010355460,-0.642929532,0.670317738,-0.138935374,-0.343529779
1789446980.536339760,0.277257756,-0.139287411,0.004701671,-0.639281236,0.667600120,-0.144381736,-0.353247073
1789446980.569673538,0.280307323,-0.138895287,-0.001150926,-0.635768687,0.664714263,-0.148644299,-0.363122565
1789446980.603007555,0.283272778,-0.138452128,-0.007223302,-0.632306840,0.661987252,-0.151220199,-0.372952261
1789446980.636340380,0.286173335,-0.138091831,-0.013459255,-0.629282540,0.660553665,-0.149446642,-0.381232267
1789446980.669674158,0.288728645,-0.137636086,-0.019900689,-0.627317416,0.659386754,-0.146314646,-0.387651896
1789446980.703007698,0.290646192,-0.136918645,-0.026564556,-0.625941527,0.656042861,-0.147435631,-0.395054052
1789446980.736341715,0.292329137,-0.136169432,-0.033222023,-0.623921658,0.653525304,-0.148685455,-0.401894361
1789446980.769674540,0.293946454,-0.135376499,-0.039768413,-0.621092116,0.650984684,-0.150244564,-0.409743940
1789446980.803008318,0.295450757,-0.134367970,-0.046241037,-0.619018883,0.647525461,-0.152227207,-0.417556316
1789446980.836342096,0.297038651,-0.133261816,-0.052601885,-0.617495067,0.643230164,-0.154480824,-0.425547264
1789446980.869674921,0.298841067,-0.132176065,-0.058561310,-0.615122194,0.638581824,-0.157237316,-0.434872818
1789446980.903008461,0.301239326,-0.130972126,-0.063981326,-0.612300660,0.633812476,-0.159050846,-0.445053340
1789446980.936341524,0.304553067,-0.129585976,-0.068921497,-0.610318307,0.629558904,-0.158804930,-0.453815100
1789446980.969674587,0.308766510,-0.128205106,-0.073401789,-0.608109414,0.625283276,-0.157978645,-0.462889309
1789446981.003006697,0.314013661,-0.126756483,-0.077494481,-0.605865618,0.622328040,-0.154350696,-0.470967648
1789446981.036339521,0.320302417,-0.125500613,-0.081654687,-0.604572698,0.620447095,-0.147732512,-0.477192163
1789446981.069672585,0.327299458,-0.124326745,-0.086194580,-0.603464065,0.615630864,-0.143842192,-0.485941546
1789446981.103005409,0.335108717,-0.123136461,-0.090679080,-0.599597302,0.609571285,-0.143315930,-0.498363790
1789446981.136337519,0.344185028,-0.121907330,-0.094886627,-0.592152276,0.605994489,-0.140895866,-0.512127636
1789446981.169670343,0.354291959,-0.120446589,-0.098848466,-0.583860439,0.602681371,-0.137368341,-0.526319382
1789446981.203003407,0.364877988,-0.118628236,-0.102379644,-0.576234917,0.598938632,-0.133563876,-0.539802303
1789446981.236335278,0.375947342,-0.116483498,-0.105389327,-0.569286190,0.596253555,-0.127726596,-0.551435262
1789446981.269668102,0.387204972,-0.114007892,-0.107687716,-0.562386971,0.593585642,-0.121597455,-0.562664232
1789446981.303001165,0.398412892,-0.111294756,-0.109053199,-0.554767743,0.591404243,-0.116555443,-0.573488101
1789446981.336333990,0.409559716,-0.108436255,-0.109482272,-0.547045946,0.590815856,-0.111999455,-0.582351680
1789446981.369666100,0.420531480,-0.105540253,-0.109180750,-0.539660343,0.591114033,-0.108368379,-0.589582232
1789446981.402998686,0.431117234,-0.102714797,-0.108216085,-0.532474241,0.592235162,-0.106035628,-0.595386548
1789446981.436331749,0.441208089,-0.100064768,-0.106651316,-0.525614074,0.593991318,-0.105104902,-0.599880921
1789446981.469663620,0.450777079,-0.097644328,-0.104383552,-0.520227651,0.596348480,-0.104210427,-0.602388469
1789446981.502996683,0.459797785,-0.095407531,-0.101523364,-0.518439490,0.599958216,-0.100466077,-0.600980201
1789446981.536329269,0.467908497,-0.093528745,-0.098363273,-0.518565858,0.602628516,-0.098427920,-0.598531760
1789446981.569662094,0.474992672,-0.092113807,-0.094487653,-0.518496692,0.605027008,-0.099219192,-0.596036116
1789446981.602994204,0.481656269,-0.091025547,-0.090083344,-0.517905342,0.609138450,-0.098718433,-0.592434870
1789446981.636326790,0.487923842,-0.090152934,-0.085141433,-0.517719373,0.613544375,-0.096743821,-0.588362629
1789446981.669659615,0.493564670,-0.089323326,-0.079643238,-0.518939464,0.618073908,-0.092311862,-0.583236656
1789446981.702992678,0.498553683,-0.088415861,-0.073770364,-0.520969487,0.622799673,-0.087326304,-0.577135579
1789446981.736324549,0.502506718,-0.087537512,-0.067379638,-0.523038158,0.627704045,-0.084864813,-0.570277723
1789446981.769657135,0.505778218,-0.086678647,-0.060685942,-0.524972306,0.633155141,-0.082082352,-0.562833131
1789446981.802989960,0.508837843,-0.085865371,-0.054050761,-0.526490697,0.638096976,-0.077925348,-0.556387847
1789446981.836321831,0.511536732,-0.085290795,-0.047462191,-0.526449613,0.642059431,-0.074628508,-0.552305239
1789446981.869654655,0.513877540,-0.084901892,-0.041022047,-0.526307228,0.645757000,-0.072218584,-0.548436938
1789446981.902987242,0.515915539,-0.084543034,-0.034787475,-0.527135499,0.649277968,-0.070508145,-0.543686388
1789446981.936320305,0.517787799,-0.084223829,-0.028597633,-0.527477683,0.652786497,-0.070443235,-0.539142684
1789446981.969652176,0.519643430,-0.084004998,-0.022448561,-0.526201661,0.656643482,-0.071966142,-0.535492319
1789446982.002985001,0.521627757,-0.083817515,-0.016451334,-0.524834557,0.660132742,-0.072963132,-0.532400068
1789446982.036317825,0.523831222,-0.083334117,-0.010798972,-0.524603393,0.663708529,-0.071306610,-0.528391556
1789446982.069650650,0.526025217,-0.082678890,-0.005570507,-0.524276491,0.666425278,-0.069891059,-0.525477640
1789446982.102982521,0.528149726,-0.081953462,-0.000707904,-0.523955972,0.667871555,-0.068727104,-0.524112879
1789446982.136315107,0.530273873,-0.081187298,0.003909337,-0.525153971,0.669608131,-0.065782552,-0.521067091
1789446982.169647932,0.532488364,-0.080101927,0.008149377,-0.526183239,0.671344089,-0.063776914,-0.518035538
1789446982.202979803,0.534441413,-0.079141206,0.012458518,-0.526272421,0.672521984,-0.063482820,-0.516450821
1789446982.236312389,0.536659305,-0.077986334,0.016861245,-0.526190773,0.675175759,-0.062124525,-0.513226566
1789446982.269645214,0.539094713,-0.076942231,0.021099567,-0.524787141,0.678791598,-0.060950279,-0.510024987
1789446982.302978039,0.541257753,-0.075813027,0.025184482,-0.522252041,0.681809547,-0.061090649,-0.508582815
1789446982.336309671,0.542904176,-0.074490727,0.028921316,-0.520630129,0.684361993,-0.062234881,-0.506675192
1789446982.369642258,0.544184915,-0.073145641,0.032251855,-0.519726040,0.686439284,-0.063338950,-0.504652485
1789446982.402975082,0.545312482,-0.071794718,0.035067243,-0.518562562,0.688476259,-0.062641746,-0.503159340
1789446982.436307669,0.546124224,-0.070767293,0.037579601,-0.517415223,0.690771165,-0.061080706,-0.501383917
1789446982.469639301,0.546655380,-0.069877967,0.039487361,-0.516718720,0.693134938,-0.059606165,-0.499011852
1789446982.502971888,0.546833685,-0.069158231,0.041087040,-0.516231536,0.695382450,-0.059576545,-0.496385822
1789446982.536304474,0.546748620,-0.068737245,0.042522930,-0.514033188,0.697765662,-0.060708296,-0.495184274
1789446982.569636345,0.546604098,-0.068423840,0.043624164,-0.511863978,0.700541660,-0.060890486,-0.493486575
1789446982.602968693,0.546138995,-0.068232697,0.044331687,-0.510933772,0.703156578,-0.061499531,-0.490647853
1789446982.636301279,0.545440074,-0.068056994,0.044332798,-0.509727799,0.704579878,-0.063037650,-0.489664192
1789446982.669633865,0.544504325,-0.067998229,0.043667793,-0.510193419,0.704266143,-0.064053735,-0.489498717
1789446982.702965260,0.543420558,-0.067792490,0.042385282,-0.511604629,0.703313498,-0.064000149,-0.489402502
1789446982.736297846,0.542443466,-0.067548045,0.040728099,-0.511340532,0.702298051,-0.063929998,-0.491142813
1789446982.769630432,0.541340858,-0.067336910,0.038819612,-0.511163885,0.700802159,-0.063786613,-0.493476530
1789446982.802961588,0.540263347,-0.066987783,0.036762267,-0.511809444,0.699516745,-0.063139544,-0.494712860
1789446982.836294174,0.539120580,-0.066591418,0.034546627,-0.510686293,0.698864843,-0.062975062,-0.496811416
1789446982.869626760,0.537580212,-0.066516304,0.032061589,-0.508050086,0.698044660,-0.064499694,-0.500458342
1789446982.902959347,0.535349970,-0.066856452,0.029076806,-0.505490710,0.696379069,-0.068823389,-0.504775867
1789446982.936295748,0.532161049,-0.067696885,0.025502676,-0.504876414,0.693586810,-0.074856651,-0.508363674
1789446982.969633341,0.528252400,-0.069020328,0.021159440,-0.506975819,0.689479320,-0.081939130,-0.510763903
1789446983.002970934,0.523785289,-0.070621576,0.016316717,-0.509161849,0.684478748,-0.090677808,-0.513829340
1789446983.036308527,0.519046957,-0.072354902,0.011177764,-0.510434877,0.678592928,-0.100552280,-0.518514333
1789446983.069645166,0.514247831,-0.073908612,0.005878433,-0.511485780,0.673027971,-0.109201485,-0.522963366
1789446983.102982998,0.509543721,-0.075283057,0.000533975,-0.512498907,0.668917387,-0.115894352,-0.525797393
1789446983.136320591,0.504879770,-0.075936847,-0.004787191,-0.513550961,0.665098240,-0.121353545,-0.528377762
1789446983.169657469,0.500364853,-0.075962533,-0.009858151,-0.513481828,0.661658055,-0.125798862,-0.531713905
1789446983.202995062,0.496020368,-0.075580288,-0.014502797,-0.513580041,0.659433137,-0.127821621,-0.533896163
1789446983.236332655,0.491918403,-0.074490392,-0.018735101,-0.514036271,0.657766881,-0.128776409,-0.535281309
1789446983.269670725,0.488124731,-0.072794880,-0.022330668,-0.512662447,0.656956863,-0.131058111,-0.537036933
1789446983.303007364,0.484383234,-0.070829744,-0.024889005,-0.509899132,0.657300649,-0.134221007,-0.538463975
1789446983.336345196,0.481138412,-0.068413260,-0.026553957,-0.505501918,0.658387835,-0.136907909,-0.540601049
1789446983.369683027,0.478745913,-0.065499325,-0.027399827,-0.500457211,0.660077366,-0.137523691,-0.543072450
1789446983.403021097,0.477268423,-0.062067967,-0.027418067,-0.496584416,0.663051191,-0.133797481,-0.543934987
1789446983.436357737,0.476580288,-0.058861159,-0.026591260,-0.492954420,0.668127361,-0.124816320,-0.543159880
1789446983.469695568,0.476633624,-0.055642385,-0.025275500,-0.488918326,0.674512711,-0.114160008,-0.541256838
1789446983.503033400,0.476679897,-0.052895697,-0.023545298,-0.483516721,0.680226016,-0.107782217,-0.540265807
1789446983.536370277,0.476579546,-0.050274867,-0.021667542,-0.476594644,0.684110670,-0.106311638,-0.541800676
1789446983.569708586,0.476851919,-0.047766931,-0.019382963,-0.468033796,0.689106947,-0.104271214,-0.543326325
1789446983.603046417,0.477916529,-0.045097227,-0.016650934,-0.460060072,0.697241080,-0.097976729,-0.540925288
1789446983.636384249,0.479846372,-0.042164962,-0.013705007,-0.451445212,0.707437056,-0.089295877,-0.536429192
1789446983.669721127,0.481847560,-0.038978658,-0.011014242,-0.441625827,0.715827444,-0.082231324,-0.534598643
1789446983.703059435,0.483399848,-0.035996627,-0.009070290,-0.435597117,0.719770583,-0.077177071,-0.535003887
1789446983.736397266,0.484592851,-0.033326055,-0.008032875,-0.434081557,0.719896907,-0.072587385,-0.536705429
1789446983.769735336,0.485787640,-0.031209219,-0.007341724,-0.432976456,0.720107093,-0.066138740,-0.538147592
1789446983.803072453,0.487305984,-0.029453283,-0.006894240,-0.431034854,0.721624175,-0.060046106,-0.538388307
1789446983.836410284,0.488513661,-0.028246344,-0.006188393,-0.427584213,0.722892391,-0.057432872,-0.539721963
1789446983.869748592,0.489582719,-0.027380754,-0.005632127,-0.423828076,0.723412289,-0.056352272,-0.542096710
1789446983.903085709,0.490373817,-0.026647427,-0.005109142,-0.421086664,0.724253697,-0.054549767,-0.543292671
1789446983.936422348,0.491065015,-0.026036081,-0.004676700,-0.418875370,0.725393862,-0.052175933,-0.543713934
1789446983.969758987,0.491459811,-0.025378446,-0.004312804,-0.415911830,0.726441813,-0.049430092,-0.544845215
1789446984.003095388,0.491680650,-0.024755379,-0.004224665,-0.413441653,0.727162979,-0.044976129,-0.546147553
1789446984.036431074,0.491382483,-0.024136378,-0.004662762,-0.415160560,0.726339293,-0.040708136,-0.546274462
1789446984.069767714,0.490419216,-0.023638164,-0.005240505,-0.417908506,0.725423108,-0.038507356,-0.545555660
1789446984.103104591,0.489337137,-0.023280732,-0.005535485,-0.417074166,0.726130121,-0.038462488,-0.545256658
1789446984.136440277,0.488332037,-0.023134665,-0.005462410,-0.413525969,0.727883874,-0.039310990,-0.545560249
1789446984.169777155,0.487228303,-0.023013228,-0.005340632,-0.411188186,0.729444992,-0.038792596,-0.545279207
1789446984.203113794,0.485972408,-0.022674262,-0.005085868,-0.412295935,0.730358610,-0.036440331,-0.543378750
1789446984.236450434,0.484767132,-0.022187574,-0.004770518,-0.414109242,0.731741398,-0.033700533,-0.540307631
1789446984.269786119,0.483613891,-0.021721757,-0.004383411,-0.413942947,0.733580684,-0.032985683,-0.537980075
1789446984.303122997,0.482284538,-0.021181526,-0.003782570,-0.411679641,0.735001055,-0.036610922,-0.537543452
1789446984.336459637,0.480886015,-0.020720556,-0.003151681,-0.407472630,0.736435442,-0.042798661,-0.538328125
1789446984.369796515,0.479813859,-0.020399209,-0.002535418,-0.404628597,0.738740133,-0.047001810,-0.536963262
1789446984.403132439,0.479145830,-0.020216965,-0.002218986,-0.402598492,0.741240444,-0.049124127,-0.534849398
1789446984.436469316,0.478604031,-0.020090261,-0.002090108,-0.400845407,0.743300828,-0.049450749,-0.533274284
1789446984.469806194,0.478297196,-0.019931502,-0.002129015,-0.401030574,0.744526360,-0.048359773,-0.531522634
1789446984.503141880,0.478097948,-0.019821348,-0.002331366,-0.400886755,0.744648169,-0.047496287,-0.531538349
1789446984.536478758,0.477823315,-0.019714006,-0.002503113,-0.400111292,0.744307755,-0.046883953,-0.532652622
1789446984.569815636,0.477546029,-0.019658575,-0.002623823,-0.400270271,0.744287750,-0.045092144,-0.532715828
1789446984.603152514,0.477106775,-0.019531972,-0.002760320,-0.401493591,0.744304010,-0.043133207,-0.531934171
1789446984.636488438,0.476685798,-0.019586703,-0.003001187,-0.403134182,0.744240312,-0.042421429,-0.530838592
1789446984.669825554,0.476562224,-0.019893198,-0.003142315,-0.403710400,0.743783423,-0.044497783,-0.530871058
1789446984.703162432,0.476911179,-0.020460725,-0.003307240,-0.403166834,0.742876795,-0.049215593,-0.532135693
1789446984.736499310,0.477939573,-0.021364500,-0.003446666,-0.401519822,0.742051101,-0.056357653,-0.533821891
1789446984.769835234,0.479762212,-0.022449857,-0.003671664,-0.397811239,0.740595909,-0.068372384,-0.537204928
1789446984.803172350,0.482323641,-0.023657255,-0.004249266,-0.390371033,0.738009412,-0.084045406,-0.543956740
1789446984.836509228,0.485427382,-0.024867484,-0.005394393,-0.381489880,0.734715620,-0.099568409,-0.552036738
1789446984.869845152,0.488974718,-0.026005938,-0.007473252,-0.373392976,0.730992253,-0.113208353,-0.559832010
1789446984.903182268,0.492737892,-0.026783273,-0.010530297,-0.366077522,0.725765166,-0.125442223,-0.568785038
1789446984.936515570,0.496564570,-0.027028875,-0.014592457,-0.358875502,0.718681899,-0.135556866,-0.579938823
1789446984.969849110,0.500544227,-0.027002803,-0.019166071,-0.354651274,0.711296985,-0.140345915,-0.590408415
1789446985.003181458,0.504649192,-0.026452432,-0.024179699,-0.352976778,0.704346024,-0.141061572,-0.599504551
1789446985.036514759,0.508676137,-0.025658032,-0.029071387,-0.350547160,0.697992201,-0.141460309,-0.608204372
1789446985.069848061,0.512462620,-0.024747665,-0.033517351,-0.346720397,0.693542970,-0.142165036,-0.615282226
1789446985.103181362,0.515818940,-0.023535434,-0.037692474,-0.340845696,0.689447996,-0.145044205,-0.622453091
1789446985.136513710,0.518286780,-0.022177370,-0.041425832,-0.333467938,0.684455142,-0.150020176,-0.630725170
1789446985.169847012,0.520269408,-0.021115965,-0.045149170,-0.326806720,0.677772684,-0.156014467,-0.639907058
1789446985.203180075,0.521445621,-0.019845097,-0.048606068,-0.322900638,0.670534864,-0.161524754,-0.648095616
1789446985.236512423,0.522270506,-0.018471738,-0.051645087,-0.320312928,0.664264998,-0.165376086,-0.654830047
1789446985.269845724,0.522932006,-0.016996736,-0.054042002,0.318314276,-0.659749175,0.167168498,0.659895250
1789446985.303179026,0.523497615,-0.015486137,-0.055817134,0.316233561,-0.656905469,0.168021835,0.663505992
1789446985.336511850,0.523962092,-0.014128150,-0.057005199,0.313867809,-0.655557697,0.168732272,0.665778135
1789446985.369844198,0.524466109,-0.013067863,-0.057899477,0.310344267,-0.655413426,0.170407032,0.667144003
1789446985.403177500,0.524833391,-0.012466015,-0.058686072,0.306258140,-0.655602649,0.173384736,0.668078477
1789446985.436510563,0.525401090,-0.012281399,-0.060197609,0.303498900,-0.655889722,0.175694519,0.668452337
1789446985.469842672,0.525976620,-0.012525230,-0.062491177,0.302631534,-0.655511381,0.177141677,0.668834666
1789446985.503175974,0.526823680,-0.012944032,-0.066103828,0.302890837,-0.653258254,0.177436959,0.670840458
1789446985.536509037,0.527853630,-0.013446001,-0.070801043,0.304787339,-0.649416101,0.174875210,0.674375316
1789446985.569842100,0.529233868,-0.013794581,-0.076854306,0.308437982,-0.644627765,0.169106720,0.678766508
1789446985.603174210,0.530813915,-0.014014896,-0.083825508,0.310398875,-0.638471881,0.164453796,0.684807377
1789446985.636507273,0.532459251,-0.014184286,-0.091601928,0.310546535,-0.631364841,0.161558932,0.691981213
1789446985.669840336,0.534324793,-0.014239291,-0.100201481,0.311457209,-0.624034271,0.158466716,0.698901950
1789446985.703173399,0.536316150,-0.014166185,-0.109561874,0.312160604,-0.615956420,0.156140663,0.706239010
1789446985.736505270,0.538356885,-0.014030621,-0.119348987,0.311892044,-0.606033449,0.154086052,0.715335097
1789446985.769838572,0.540863103,-0.013696220,-0.129784218,0.312039618,-0.596099498,0.150082703,0.724411380
1789446985.803171635,0.543715259,-0.013330117,-0.140273969,0.311175838,-0.586030187,0.145793658,0.733813619
1789446985.836503506,0.546887936,-0.012831522,-0.150629239,0.308874005,-0.575683574,0.141968859,0.743659946
1789446985.869836330,0.550745615,-0.012645386,-0.160978432,0.306368437,-0.565616718,0.138231301,0.753065878
1789446985.903169394,0.554613925,-0.012308999,-0.170534463,0.305677492,-0.556671439,0.133428330,0.760838393
1789446985.936501741,0.558684942,-0.012148758,-0.179265055,0.307396176,-0.549364443,0.127783366,0.766405709
1789446985.969832659,0.562847472,-0.012132688,-0.186972150,0.309223927,-0.543266954,0.124244131,0.770587423
1789446986.003164768,0.567172146,-0.012437132,-0.193497242,0.309293687,-0.537282011,0.123810997,0.774813715
1789446986.036496878,0.571751112,-0.013012342,-0.198847168,0.309882441,-0.531340658,0.124546368,0.778548766
1789446986.069828749,0.576742925,-0.013837985,-0.203007755,0.311657588,-0.527008146,0.124901871,0.780724973
1789446986.103159904,0.582125305,-0.014867806,-0.205970044,0.313349151,-0.524729064,0.125918722,0.781419346
1789446986.136492014,0.587825578,-0.016099998,-0.207623069,0.313732545,-0.524511453,0.128299893,0.781024176
1789446986.169823885,0.593675505,-0.017355960,-0.208206872,0.313482875,-0.526199530,0.131380165,0.779475333
1789446986.203154802,0.599424002,-0.018503627,-0.207948092,0.314073880,-0.529036567,0.134151728,0.776840539
1789446986.236486912,0.604950454,-0.019254096,-0.206857737,0.315147775,-0.532026968,0.136294179,0.773985195
1789446986.269818783,0.610279369,-0.019262565,-0.205276602,0.315276729,-0.534553047,0.135174995,0.772386784
1789446986.303150654,0.615456103,-0.018417743,-0.203166519,0.316339969,-0.537072814,0.128286172,0.771378295
1789446986.336481571,0.620198637,-0.016877312,-0.200394390,0.319041279,-0.540943934,0.117461319,0.769282238
1789446986.369813442,0.624145562,-0.015030642,-0.196706982,0.321676833,-0.545319772,0.107943832,0.766484501
1789446986.403145313,0.627127801,-0.013333756,-0.191673262,0.322021991,-0.549770721,0.102921540,0.763846286
1789446986.436477184,0.629453743,-0.011999606,-0.185212465,0.319360350,-0.555265454,0.101560248,0.761166709
1789446986.469808102,0.631630935,-0.010997445,-0.177809534,0.315803401,-0.562608095,0.099555586,0.757515035
1789446986.503139973,0.633730220,-0.010129464,-0.169930170,0.315014161,-0.570541653,0.096467177,0.752291422
1789446986.536471605,0.635381726,-0.009377381,-0.161788479,0.315513394,-0.578568672,0.092874245,0.746380576
1789446986.569802523,0.636999616,-0.008497863,-0.153783749,0.314338129,-0.587427979,0.089537022,0.740339808
1789446986.603134394,0.638391762,-0.007601281,-0.146200848,0.311170201,-0.595262377,0.088021258,0.735586886
1789446986.636466026,0.639417907,-0.006334977,-0.139300328,0.308877085,-0.601579168,0.085971060,0.731646382
1789446986.669797659,0.640381869,-0.004522406,-0.133286477,0.308889243,-0.607200218,0.080238409,0.727638048
1789446986.703128338,0.641217969,-0.002625567,-0.127820756,0.311332199,-0.611972923,0.072747074,0.723373532
1789446986.736460209,0.641818046,-0.000566136,-0.122955162,0.316148722,-0.616076608,0.065365106,0.718489389
1789446986.769791842,0.642219516,0.001435117,-0.118597962,0.321229469,-0.620150899,0.059404778,0.713228970
1789446986.803122520,0.642401019,0.003338898,-0.114606775,0.321891286,-0.624171598,0.057329823,0.709583757
1789446986.836454153,0.642587711,0.004893014,-0.111012809,0.318571990,-0.627426991,0.057354360,0.708207410
1789446986.869785547,0.642687549,0.006272472,-0.107769134,0.317459380,-0.630179605,0.056859090,0.706300398
1789446986.903117418,0.642870893,0.007658101,-0.104880237,0.319433535,-0.633761231,0.053860779,0.702430022
1789446986.936450243,0.643072730,0.008903353,-0.102110922,-0.321399432,0.637499710,-0.049859067,-0.698434391
1789446986.969784021,0.643262384,0.010036811,-0.099432129,-0.322768096,0.640255675,-0.045773720,-0.695556032
1789446987.003117561,0.643276713,0.011311246,-0.096760822,-0.325557407,0.643530372,-0.039375195,-0.691614509
1789446987.036451340,0.643221562,0.012239990,-0.094250505,-0.331252511,0.647541584,-0.031352126,-0.685549937
1789446987.069784164,0.642792820,0.012984083,-0.092167961,-0.336268627,0.650543437,-0.025519910,-0.680489075
1789446987.103118181,0.641980151,0.013363541,-0.090486556,-0.338038439,0.653051067,-0.024454083,-0.677241696
1789446987.136451960,0.640930007,0.013422398,-0.089224946,-0.335527932,0.655344213,-0.027713385,-0.676148606
1789446987.169784784,0.639796632,0.013186847,-0.088658880,-0.331550363,0.655991011,-0.031894372,-0.677298235
1789446987.203118086,0.638558049,0.012891369,-0.088798161,-0.330117023,0.654621239,-0.034890118,-0.679173369
1789446987.236451864,0.637469593,0.012683825,-0.089606810,-0.332241174,0.652658224,-0.035180471,-0.680011308
1789446987.269785643,0.636518782,0.012628651,-0.090768353,-0.335800084,0.650762993,-0.035099992,-0.680083687
1789446987.303118467,0.635552015,0.012477722,-0.091733486,-0.336257540,0.649301003,-0.038318356,-0.681080595
1789446987.336452246,0.634482873,0.012071889,-0.092645466,-0.333133262,0.648610042,-0.045637430,-0.682820963
1789446987.369785786,0.632978623,0.011535103,-0.093761031,-0.329395360,0.647636622,-0.055261307,-0.684844282
1789446987.403119564,0.631156276,0.010989665,-0.095450823,-0.325373924,0.645268302,-0.066334204,-0.688011920
1789446987.436452150,0.629019380,0.010599948,-0.097598484,-0.320169833,0.641630198,-0.076981277,-0.692730720
1789446987.469785929,0.626710866,0.010302850,-0.100279021,-0.315147324,0.636899407,-0.084940135,-0.698445762
1789446987.503119469,0.624184585,0.010085371,-0.103657975,0.312441432,-0.631046430,0.090342905,0.704271904
1789446987.536452055,0.621314652,0.009807178,-0.107573956,0.310064679,-0.623397383,0.095724756,0.711387636
1789446987.569785833,0.618167140,0.009526240,-0.111920832,0.307583266,-0.615257129,0.100662371,0.718831195
1789446987.603119373,0.614863650,0.009223784,-0.116560654,0.305767742,-0.607609715,0.105135188,0.725439946
1789446987.636453152,0.611527744,0.009190203,-0.121421206,0.304613576,-0.599928987,0.108587467,0.731781758
1789446987.669785738,0.608196154,0.009674354,-0.126236199,0.302580943,-0.591437588,0.110425398,0.739224313
1789446987.703119040,0.604932999,0.010556119,-0.130856671,0.300606300,-0.584095027,0.110394276,0.745843117
1789446987.736452818,0.601715041,0.011413317,-0.135200563,0.297008518,-0.578576860,0.111557495,0.751391830
1789446987.769786358,0.598415125,0.011954851,-0.139272861,0.291517616,-0.573860958,0.115427635,0.756556370
1789446987.803118944,0.594913707,0.012324309,-0.143477315,0.286319645,-0.569355247,0.119469279,0.761303326
1789446987.836452723,0.591056948,0.012415956,-0.147894328,0.282474793,-0.564352431,0.123185047,0.765858845
1789446987.869786024,0.586812935,0.012523715,-0.152642566,0.279707391,-0.558415691,0.126645933,0.770646806
1789446987.903118610,0.582384516,0.012847901,-0.157758361,0.277458378,-0.552261177,0.128575872,0.775559596
1789446987.936450958,0.577925075,0.013077705,-0.162928561,0.275588467,-0.546102626,0.129120598,0.780481127
1789446987.969783068,0.573363896,0.013509586,-0.168073860,0.274302495,-0.539757047,0.129651780,0.785245750
1789446988.003115177,0.569005721,0.014192247,-0.173185958,0.273002941,-0.533671934,0.129784709,0.789822506
1789446988.036446333,0.564934968,0.015071081,-0.177953975,0.271867208,-0.528437296,0.129530341,0.793765794
1789446988.069778204,0.561163830,0.016088324,-0.182120375,0.273292698,-0.524273469,0.129093019,0.796105158
1789446988.103110552,0.557734030,0.017276473,-0.185612808,0.278607666,-0.522194975,0.127797707,0.795837874
1789446988.136441708,0.554498689,0.018539682,-0.188374060,0.283029821,-0.521720054,0.126946503,0.794724412
1789446988.169773579,0.551004123,0.019616709,-0.190524110,0.286368972,-0.521301347,0.128201424,0.793600726
1789446988.203105688,0.546813110,0.020273842,-0.192285787,0.292384914,-0.519861693,0.131580030,0.791796424
1789446988.236437798,0.541879816,0.020429673,-0.193719335,0.301579915,-0.517849193,0.136026516,0.788909725
1789446988.269768715,0.536532559,0.020005123,-0.194687722,0.311309638,-0.515802924,0.140814573,0.785623898
1789446988.303100586,0.530971708,0.019086205,-0.194825313,0.321774430,-0.515074164,0.144147076,0.781269123
1789446988.336432695,0.525005768,0.017869363,-0.194142869,0.333802913,-0.516492194,0.146852669,0.774755266
1789446988.369764566,0.518289048,0.016649399,-0.192458818,0.344297331,-0.517056544,0.153479919,0.768476280
1789446988.403095484,0.511055484,0.015425163,-0.189677426,0.351086005,-0.516219997,0.163472274,0.763892890
1789446988.436427593,0.503753608,0.013965405,-0.186129454,0.356645987,-0.517238306,0.172038549,0.758729802
1789446988.469759226,0.496357939,0.012221180,-0.182225626,0.364275941,-0.521010299,0.178289210,0.751042119
1789446988.503090382,0.488486144,0.010100571,-0.178194699,0.371949642,-0.525150957,0.184187563,0.742929928
1789446988.536422014,0.479878771,0.007556354,-0.174194885,0.378093357,-0.528043092,0.190382513,0.736186393
1789446988.569753885,0.470555924,0.004843146,-0.170461555,0.386141448,-0.530580761,0.196022458,0.728665927
1789446988.603085756,0.460973872,0.001957534,-0.167071430,0.395433039,-0.533057391,0.200183071,0.720700539
1789446988.636416435,0.451264208,-0.001332499,-0.164021520,0.404213568,-0.534953513,0.203415261,0.713483260
1789446988.669748545,0.441512507,-0.004925649,-0.161205128,0.412400879,-0.536652302,0.205613837,0.706861211
1789446988.703080416,0.431726322,-0.008796864,-0.158438166,0.420087221,-0.538410007,0.208812427,0.700027686
1789446988.736411810,0.421986037,-0.012952613,-0.155602651,0.427311309,-0.540466710,0.213119368,0.692734375
1789446988.769742727,0.412466097,-0.017161590,-0.152718809,0.434543320,-0.543389816,0.215288791,0.685237438
1789446988.803074360,0.403126973,-0.021215525,-0.149891955,0.444426561,-0.547086217,0.214816907,0.676043933
1789446988.836406231,0.393873986,-0.025037374,-0.146886982,0.453499762,-0.549890144,0.216327832,0.667203915
1789446988.869736910,0.384811843,-0.028706920,-0.143517189,-0.458192738,0.552229621,-0.220268184,-0.660744873
1789446988.903068542,0.376140983,-0.032195385,-0.140148899,-0.462544798,0.555657991,-0.222247851,-0.654142492
1789446988.936403036,0.367623297,-0.035296341,-0.137009984,-0.468453454,0.559241639,-0.223383910,-0.646451683
1789446988.969737768,0.358810141,-0.037585470,-0.133996958,-0.475001228,0.562811730,-0.226389019,-0.637467490
1789446989.003071547,0.349748934,-0.038781435,-0.131230409,-0.482935085,0.566555037,-0.228824563,-0.627238721
1789446989.036406279,0.340679197,-0.039073111,-0.128677432,-0.491432861,0.568817372,-0.230673368,-0.617843295
1789446989.069740772,0.332132745,-0.039016634,-0.126314805,-0.499502910,0.571259556,-0.230977774,-0.608940581
1789446989.103075504,0.324245503,-0.038884145,-0.124297988,-0.507449200,0.575339818,-0.228902410,-0.599235421
1789446989.136409283,0.316711337,-0.038711841,-0.122507531,-0.515066997,0.579504494,-0.225777547,-0.589834747
1789446989.169744015,0.309405784,-0.038443783,-0.121059729,-0.523369626,0.583015888,-0.223361763,-0.579901916
1789446989.203078270,0.302043134,-0.038085618,-0.119917270,-0.532212436,0.585700674,-0.222400168,-0.569423225
1789446989.236412048,0.294807974,-0.037666589,-0.119010135,-0.541905769,0.588847022,-0.219985077,-0.557856511
1789446989.269746780,0.287750859,-0.037227696,-0.118251317,-0.552008085,0.592762244,-0.216067593,-0.545192436
1789446989.303081512,0.280675264,-0.036859261,-0.117569033,-0.562803383,0.596584671,-0.211950006,-0.531428525
1789446989.336416006,0.273429512,-0.036417336,-0.116865664,-0.575764967,0.600582924,-0.207093008,-0.514691499
1789446989.369749784,0.266095224,-0.035638790,-0.116086130,-0.591591294,0.606629182,-0.198767502,-0.492455335
1789446989.403084517,0.258888919,-0.034829141,-0.115475899,-0.607602069,0.614705341,-0.183752045,-0.468179727
1789446989.436419249,0.251113161,-0.034047721,-0.114958907,-0.621728179,0.619483857,-0.169205616,-0.448400804
1789446989.469753027,0.242379645,-0.033104534,-0.114271699,-0.635132924,0.621504924,-0.158672622,-0.430303146
1789446989.503087759,0.233103369,-0.032151549,-0.113159370,-0.646857805,0.623662238,-0.150543493,-0.412258474
1789446989.536422014,0.223808741,-0.031536542,-0.111589664,-0.655993338,0.627192950,-0.142959338,-0.394796620
1789446989.569756746,0.214805277,-0.031147912,-0.109668787,-0.663264841,0.631816008,-0.135682991,-0.377463121
1789446989.603090525,0.206079883,-0.030916152,-0.107581679,-0.668747770,0.636773096,-0.128396461,-0.361677748
1789446989.636425257,0.197635666,-0.030717245,-0.105551187,-0.673187837,0.641454100,-0.120853426,-0.347489890
1789446989.669759989,0.189492444,-0.030410930,-0.103645053,-0.677605901,0.645132904,-0.114641061,-0.333932935
1789446989.703094721,0.181779393,-0.030181033,-0.101822312,-0.680510278,0.648986796,-0.109979719,-0.321910487
1789446989.736428499,0.174478407,-0.029979028,-0.100063250,-0.682086919,0.652996090,-0.106408686,-0.311497565
1789446989.769763231,0.167581441,-0.029652493,-0.098392138,-0.684401471,0.655515540,-0.103485668,-0.301968077
1789446989.803097963,0.161253627,-0.029089832,-0.096727329,-0.686625419,0.657655879,-0.101405914,-0.292832921
1789446989.836431503,0.155561759,-0.028661656,-0.095062351,-0.688051906,0.660242544,-0.099566206,-0.284167079
1789446989.869765997,0.150555529,-0.028230991,-0.093460292,-0.689179141,0.662763832,-0.096405204,-0.276554246
1789446989.903100729,0.146078894,-0.027726565,-0.091990827,-0.690159627,0.665132980,-0.093110041,-0.269459327
1789446989.936434746,0.141927453,-0.027169905,-0.090743461,-0.691146665,0.667316945,-0.090654773,-0.262271032
1789446989.969767809,0.138158950,-0.026505585,-0.089693602,-0.693311299,0.668669649,-0.087123029,-0.254184817
1789446990.003101587,0.134850292,-0.025704363,-0.088705358,-0.695670458,0.669530935,-0.083898112,-0.246438730
1789446990.036435604,0.131871743,-0.024973563,-0.087682128,-0.696874838,0.670985476,-0.081097597,-0.239931514
1789446990.069769621,0.129188523,-0.024193129,-0.086681629,-0.698223974,0.672173467,-0.077197265,-0.233894624
1789446990.103102207,0.126785572,-0.023318213,-0.085662891,-0.700133563,0.672532292,-0.073697302,-0.228214851
1789446990.136436224,0.124492067,-0.022490441,-0.084512263,-0.701339869,0.673545326,-0.070690455,-0.222400406
1789446990.169770241,0.122399596,-0.021877293,-0.083320448,-0.702065607,0.675115402,-0.067534581,-0.216245596
1789446990.203103065,0.120426580,-0.021289381,-0.082090224,-0.702871253,0.676472785,-0.064764866,-0.210147769
1789446990.236437082,0.118387802,-0.020689517,-0.080817963,-0.703672120,0.677982184,-0.061718291,-0.203412286
1789446990.269771099,0.116591465,-0.020184625,-0.079515061,-0.704768299,0.679687842,-0.057436815,-0.195005371
1789446990.303104639,0.114819022,-0.019697217,-0.078095685,-0.705591057,0.681517254,-0.052652547,-0.186823985
1789446990.336437702,0.112815317,-0.019356968,-0.076670158,-0.706262524,0.683127816,-0.048858678,-0.179283195
1789446990.369771719,0.110566305,-0.019039430,-0.075335594,-0.706927516,0.684476213,-0.046935571,-0.171880348
1789446990.403105497,0.108280997,-0.018823273,-0.074110306,-0.707472374,0.685623652,-0.046304375,-0.165102854
1789446990.436439514,0.105748155,-0.018493132,-0.072967559,-0.708053746,0.686518052,-0.045905529,-0.158888448
1789446990.469772577,0.103329734,-0.018220804,-0.071931954,-0.708676793,0.687217955,-0.045239904,-0.153173227
1789446990.503106117,0.100950619,-0.017964645,-0.070921154,-0.709309637,0.687891913,-0.043740684,-0.147551031
1789446990.536440134,0.098444247,-0.017646095,-0.069956811,-0.710038112,0.688639066,-0.041387096,-0.141100051
1789446990.569773197,0.095780610,-0.017358072,-0.069002305,-0.711178612,0.689187039,-0.038133625,-0.133386781
1789446990.603106976,0.092912275,-0.017024363,-0.067993905,-0.712567240,0.689412427,-0.034278407,-0.125632102
1789446990.636440992,0.089820738,-0.016778656,-0.066849666,-0.713575987,0.689808019,-0.030878687,-0.118409097
1789446990.669775009,0.086352296,-0.016694091,-0.065566976,-0.713603718,0.690960060,-0.028675016,-0.111900280
1789446990.703107595,0.082506353,-0.016731868,-0.064202014,-0.713370957,0.692204868,-0.026703095,-0.106024727
1789446990.736441612,0.078287957,-0.016734778,-0.062815079,-0.713687225,0.693010443,-0.024168377,-0.099009903
1789446990.769775629,0.073808457,-0.016723677,-0.061387212,-0.714361327,0.693469758,-0.021945612,-0.091137142
1789446990.803108454,0.068928782,-0.016664593,-0.059838298,-0.715395538,0.693486610,-0.020271738,-0.082913227
1789446990.836442471,0.063844722,-0.016799823,-0.058096519,-0.715769740,0.693990451,-0.018886473,-0.075460146
1789446990.869776249,0.058752148,-0.017233028,-0.056177132,-0.715671555,0.694920596,-0.017004252,-0.067900272
1789446990.903110027,0.053618800,-0.017821211,-0.054230569,-0.716263238,0.695000142,-0.014162793,-0.061165274
1789446990.936444521,0.048571163,-0.018333838,-0.052226640,-0.717595253,0.694197064,-0.010461342,-0.055118509
1789446990.969779730,0.043769020,-0.018755243,-0.050003485,-0.718862290,0.693440085,-0.004219019,-0.048580412
1789446991.003115177,0.038833041,-0.019075824,-0.047520743,-0.719346401,0.693373509,0.003565320,-0.041966909
1789446991.036450624,0.034375383,-0.019718978,-0.044569936,-0.718322547,0.694739012,0.010044029,-0.035348868
1789446991.069784880,0.029508507,-0.020148490,-0.041550836,-0.716501049,0.696765692,0.013965010,-0.030802533
1789446991.103120327,0.024752285,-0.020681750,-0.038548933,-0.715134211,0.698253838,0.016445440,-0.027462436
1789446991.136455774,0.020103741,-0.021240136,-0.035619253,-0.713890987,0.699599743,0.018690407,-0.023885691
1789446991.169790268,0.015561459,-0.021865602,-0.032888285,-0.713092360,0.700455856,0.021562418,-0.019898304
1789446991.203125715,0.011311115,-0.022523652,-0.030229497,-0.712680657,0.700846648,0.025554107,-0.015724025
1789446991.236460924,0.007201807,-0.023128327,-0.027733663,-0.712965791,0.700503694,0.029281497,-0.010814356
1789446991.269796371,0.003238933,-0.023581376,-0.025280519,-0.713743834,0.699649566,0.032001455,-0.006010944
1789446991.303130865,-0.000586364,-0.023813816,-0.022758711,-0.714256104,0.699063797,0.033867025,-0.001024808
1789446991.336466312,-0.004109937,-0.023826755,-0.020030577,-0.713663054,0.699636702,0.034310789,0.004037313
1789446991.369801760,-0.007333157,-0.023640264,-0.017108993,-0.712042178,0.701286663,0.033533770,0.008272832
1789446991.403137445,-0.009967175,-0.023149015,-0.013974122,-0.709123331,0.704218394,0.032924651,0.011684223
1789446991.436471939,-0.012198773,-0.022453108,-0.011046581,-0.705776252,0.707495508,0.032979681,0.015566923
1789446991.469807386,-0.013818011,-0.021283731,-0.008392515,-0.703132684,0.710068793,0.032295202,0.019072453
1789446991.503142834,-0.015295292,-0.019843915,-0.006359582,-0.701406706,0.711783768,0.030921616,0.020889092
1789446991.536477327,-0.016323205,-0.018083671,-0.004790147,-0.700780288,0.712373365,0.030764437,0.022016529
1789446991.569813013,-0.017044641,-0.016056364,-0.003608609,-0.700974829,0.712044747,0.032658527,0.023664077
1789446991.603148460,-0.017121367,-0.013956273,-0.002584582,-0.701090169,0.711697845,0.037401027,0.023662532
1789446991.636483908,-0.016644643,-0.011800247,-0.001687626,-0.701643714,0.710745532,0.045063299,0.022498609
1789446991.669818640,-0.015946177,-0.009661125,-0.000979270,-0.702905609,0.709014714,0.052265353,0.022139830
1789446991.703154087,-0.015229679,-0.007665920,-0.000212705,-0.703571032,0.708144406,0.055377051,0.021276425
1789446991.736489773,-0.015004404,-0.006074567,0.000210310,-0.704230443,0.707643072,0.054563533,0.017988547
1789446991.769825220,-0.015185821,-0.004705431,0.000764147,-0.704798481,0.707331141,0.052016327,0.015364249
1789446991.803159952,-0.015672042,-0.003678163,0.001347602,-0.705031664,0.707241545,0.050335808,0.014354665
1789446991.836495399,-0.016573779,-0.003385243,0.001609502,-0.704428134,0.707973997,0.048470476,0.014298136
1789446991.869831085,-0.017947748,-0.003406497,0.001482183,-0.705976446,0.706578621,0.044458791,0.019165733
1789446991.903165817,-0.019300118,-0.003060398,0.001370251,-0.708510896,0.704194787,0.039138068,0.024294526
1789446991.936500072,-0.020493881,-0.002315556,0.001671642,-0.710172195,0.702755103,0.033558841,0.025778327
1789446991.969834089,-0.021618160,-0.001664311,0.002603073,-0.708678696,0.704392810,0.030195078,0.026335013
1789446992.003168106,-0.022868670,-0.001617153,0.003825991,-0.706448906,0.706769565,0.026547841,0.026494096
1789446992.036501408,-0.024144807,-0.001592470,0.005020087,-0.704831827,0.708520168,0.022625597,0.026445233
1789446992.069835663,-0.025762235,-0.001517227,0.006362687,-0.702718546,0.710761533,0.017790324,0.026233416
1789446992.103169918,-0.027844568,-0.001517819,0.008018734,-0.699716406,0.713817187,0.011485643,0.027019516
1789446992.136502981,-0.029813856,-0.002012385,0.009431522,-0.695017359,0.718288140,0.005744196,0.031305325
1789446992.169837236,-0.030163266,-0.002473778,0.010054095,-0.696257463,0.716800830,0.009818947,0.036410210
1789446992.203171492,-0.029358568,-0.002416717,0.010187817,-0.698309304,0.714717132,0.013388883,0.036936095
1789446992.236505508,-0.029526836,-0.002620223,0.010292618,-0.696954689,0.716013799,0.012450172,0.037727907
1789446992.269838572,-0.029581267,-0.002735365,0.010273943,-0.697002709,0.715936225,0.011704518,0.038542820
1789446992.303172827,-0.029168931,-0.002818027,0.010142940,-0.697311892,0.715669436,0.012839975,0.037530239
1789446992.336507082,-0.029134617,-0.002799985,0.010109899,-0.697131645,0.715835973,0.012626665,0.037774289
1789446992.369841099,-0.029230172,-0.002828792,0.010115136,-0.696979177,0.715961105,0.012011899,0.038411422
1789446992.403174400,-0.028996565,-0.002861297,0.010081715,-0.697087342,0.715871603,0.012809626,0.037854987
1789446992.436508417,-0.029050859,-0.002794310,0.010091942,-0.697249907,0.715699041,0.012738539,0.038146802
1789446992.469842434,-0.029309030,-0.002755269,0.010059032,-0.696782006,0.716026864,0.013318287,0.040286337
1789446992.503175497,-0.029384773,-0.002772821,0.009797082,-0.697097304,0.715149237,0.017662383,0.048009979
1789446992.536509752,-0.029329217,-0.002702709,0.009636649,-0.697559583,0.714268614,0.019455563,0.053408394
1789446992.569843769,-0.029805735,-0.002984978,0.009672085,-0.696334608,0.714989497,0.022004069,0.058514563
1789446992.603178024,-0.029958500,-0.002821596,0.009090129,-0.696261260,0.713746250,0.027413052,0.070958250
1789446992.636511087,-0.030066242,-0.002769598,0.008867833,-0.695345055,0.712529617,0.034316193,0.087288022
1789446992.669844866,-0.029889775,-0.002827789,0.008867498,-0.693698790,0.711253166,0.042489945,0.105335307
1789446992.703179121,-0.029786118,-0.002732248,0.008651413,-0.691580633,0.709059843,0.051946662,0.127482989
1789446992.736513138,-0.029239187,-0.002672435,0.008466617,-0.688817634,0.705584780,0.063515098,0.153773267
1789446992.769846201,-0.028547083,-0.002619120,0.008300381,-0.685741728,0.701682044,0.074566491,0.178438870
1789446992.803180456,-0.027921128,-0.002658000,0.008277107,-0.682710492,0.698507758,0.083005593,0.197745715
1789446992.836514473,-0.027368514,-0.002464628,0.008374239,-0.679550551,0.695744829,0.090315858,0.214460318
1789446992.869847298,-0.026735984,-0.002397962,0.008489853,-0.675877891,0.691827064,0.099024855,0.234005273
1789446992.903181314,-0.025991305,-0.002313633,0.008508948,-0.672397914,0.687340620,0.107449494,0.252781573
1789446992.936513662,-0.025335283,-0.002236782,0.008553789,-0.668688495,0.683583753,0.114584465,0.269145592
1789446992.969846010,-0.024681939,-0.002203396,0.008640962,-0.664598121,0.679654644,0.121964446,0.285488313
1789446993.003177166,-0.024036351,-0.002174123,0.008657312,-0.661706121,0.675641398,0.127821676,0.298856705
1789446993.036509275,-0.023396117,-0.002170089,0.008760494,-0.657839495,0.672680479,0.133536674,0.311313553
1789446993.069841623,-0.022673405,-0.002218226,0.008882363,-0.653667966,0.667972822,0.140445963,0.326811002
1789446993.103173494,-0.022000798,-0.002246704,0.009026621,-0.650270041,0.663774571,0.146158847,0.339396206
1789446993.136504889,-0.021638390,-0.002240323,0.009129785,-0.648212656,0.661778423,0.149056575,0.345907225
1789446993.169836998,-0.021352938,-0.002223610,0.009336716,-0.645981973,0.660170556,0.151711313,0.351945742
1789446993.203168869,-0.020998001,-0.002175009,0.009426311,-0.643249289,0.657068135,0.155726594,0.360889244
1789446993.236500025,-0.020442439,-0.002175876,0.009714338,-0.641015578,0.654080371,0.159399094,0.368605244
1789446993.269832134,-0.019986401,-0.002155823,0.009991521,-0.639068126,0.652786039,0.161679937,0.373258510
1789446993.303164005,-0.019657462,-0.002113264,0.010049173,-0.637163269,0.650711826,0.164058364,0.379054008
1789446993.336495876,-0.018980303,-0.002129001,0.010237509,-0.635084606,0.648332923,0.167066933,0.385253947
1789446993.369826794,-0.018301079,-0.002081349,0.010283068,-0.632401084,0.645997702,0.170296899,0.392115804
1789446993.403158665,-0.017425394,-0.001955885,0.010156849,-0.630324355,0.643155622,0.173404311,0.398714181
1789446993.436490774,-0.016762226,-0.001827243,0.010004881,-0.627863773,0.640565722,0.176148898,0.405504875
1789446993.469821453,-0.015929513,-0.001727660,0.009912389,-0.625439882,0.638215136,0.179116309,0.411611154
1789446993.503153324,-0.015156654,-0.001623103,0.009858277,-0.622649940,0.635458940,0.182131567,0.418720766
1789446993.536485195,-0.013935604,-0.001552466,0.009799725,-0.618494263,0.631328825,0.186370916,0.429132431
1789446993.569816828,-0.012267771,-0.001495564,0.009846041,-0.613488188,0.625481964,0.192280532,0.442077768
1789446993.603147507,-0.010513572,-0.001422593,0.009714109,-0.608371875,0.620076558,0.197856914,0.454138046
1789446993.636479139,-0.008847541,-0.001306585,0.009484763,-0.603437770,0.614762257,0.202833034,0.465606041
1789446993.669811010,-0.007217019,-0.001187381,0.009204171,-0.598358023,0.609491330,0.207669520,0.476824250
1789446993.703142643,-0.005608131,-0.001107828,0.009049091,-0.593934312,0.604607931,0.212237884,0.486463117
1789446993.736473083,-0.004188438,-0.000957150,0.008652284,-0.590232892,0.600979237,0.215618128,0.493920958
1789446993.769804955,-0.002842632,-0.000791635,0.008310993,-0.587124127,0.597686183,0.218390777,0.500361824
1789446993.803136587,-0.001605625,-0.000614843,0.007927687,-0.584750721,0.594866298,0.220921428,0.505365615
1789446993.836467028,-0.000533583,-0.000399583,0.007525024,-0.581760382,0.592487096,0.223083956,0.510634357
1789446993.869798660,0.000490787,-0.000220546,0.007099968,-0.579280429,0.589134933,0.225824864,0.516098193
1789446993.903130054,0.001487602,-0.000056600,0.006740825,-0.576143436,0.586256338,0.228315237,0.521760865
1789446993.936465502,0.002497023,0.000061927,0.006456750,-0.573543809,0.583321180,0.230513931,0.526922411
1789446993.969799995,0.003509397,0.000155628,0.006214421,-0.571345887,0.581008470,0.232571271,0.530945984
1789446994.003135443,0.004386024,0.000125477,0.006230464,-0.570206380,0.579166960,0.234271564,0.533429613
1789446994.036471128,0.004737902,0.000151526,0.006235659,-0.569223240,0.578768383,0.234518065,0.534802149
1789446994.069806814,0.004839032,0.000147936,0.006303494,-0.569032814,0.578889313,0.234416695,0.534918343
1789446994.103141308,0.004946622,0.000147772,0.006289942,-0.568961975,0.578965145,0.234269255,0.534976212
1789446994.136476994,0.005084154,0.000160493,0.006270273,-0.569250288,0.578641708,0.234441078,0.534944169
1789446994.169812679,0.005132627,0.000200471,0.006314639,-0.569014504,0.578938175,0.234372751,0.534904195
1789446994.203147411,0.005139590,0.000234802,0.006302489,-0.569020489,0.578858336,0.234215133,0.535053252
1789446994.236483097,0.005184319,0.000251241,0.006332975,-0.569091973,0.578796132,0.234395959,0.534965324
1789446994.269818783,0.005192981,0.000275118,0.006374504,-0.569023661,0.578889020,0.234426576,0.534924066
1789446994.303154707,0.005155095,0.000294840,0.006370288,-0.568918270,0.578933173,0.234224979,0.535076669
1789446994.336489439,0.005154395,0.000298386,0.006351122,-0.569027042,0.578809125,0.234321009,0.535053162
1789446994.369825363,0.005145970,0.000324793,0.006324331,-0.568926867,0.578952125,0.234299974,0.535014186
1789446994.403161049,0.005114582,0.000331971,0.006253702,-0.568926437,0.578902616,0.234195333,0.535114021
1789446994.436496973,0.005102626,0.000326119,0.006216910,-0.569032831,0.578788577,0.234279719,0.535087314
1789446994.469831944,0.004897998,0.000127456,0.006477215,-0.568930823,0.578960278,0.234123133,0.535078569
1789446994.503167868,0.004892804,0.000145058,0.006620115,-0.568948848,0.579010633,0.234175164,0.534982138
1789446994.536503792,0.004854643,0.000132983,0.006740617,-0.568986542,0.579046437,0.234123956,0.534925708
1789446994.569838762,0.004836286,0.000104973,0.006920992,-0.568910003,0.579286896,0.234037463,0.534784598
1789446994.603175163,0.005063210,-0.000057845,0.007604867,-0.571831743,0.581692899,0.231028576,0.530346705
1789446994.636511087,0.005885290,-0.000407394,0.008511687,-0.580882535,0.592255791,0.222841962,0.512005878
1789446994.669847250,0.007118597,-0.000679187,0.009010010,-0.592754659,0.604232728,0.212310470,0.488332867
1789446994.703182220,0.008300014,-0.000869692,0.009280580,-0.602525084,0.614556185,0.203203062,0.466896921
1789446994.736518383,0.009120118,-0.001026173,0.009565971,-0.608472163,0.621283922,0.196899069,0.452767790
1789446994.769854546,0.009466725,-0.001161604,0.009720167,-0.611186876,0.623653020,0.194375975,0.446906583
1789446994.803189754,0.009545686,-0.001292153,0.009913398,-0.611125437,0.624054583,0.193747254,0.446703010
1789446994.836525917,0.009717125,-0.001438276,0.010210957,-0.611925213,0.624022753,0.193561459,0.445732094
1789446994.869862080,0.010046853,-0.001592488,0.010540755,-0.615064412,0.627932772,0.189234890,0.437705791
1789446994.903198242,0.010777379,-0.001678020,0.010660469,-0.622255149,0.635439446,0.181265206,0.419712002
1789446994.936530590,0.011954309,-0.001843621,0.010753694,-0.629875536,0.643238985,0.172467346,0.399694173
1789446994.969863415,0.013372769,-0.002088144,0.011047268,-0.636835526,0.650765033,0.163842775,0.379606283
1789446995.003196716,0.014741563,-0.002308161,0.011279330,-0.643906299,0.658290650,0.154180052,0.358143281
1789446995.036529779,0.015985376,-0.002464954,0.011409290,-0.650002940,0.664472276,0.145834199,0.338681500
1789446995.069861889,0.017189094,-0.002651770,0.011609269,-0.654640470,0.669502756,0.138307927,0.322618708
1789446995.103194952,0.018345526,-0.002916687,0.011887778,-0.658755070,0.673566619,0.131942465,0.308124899
1789446995.136528015,0.019520356,-0.003198057,0.012186337,-0.662541013,0.678005217,0.125236481,0.292684397
1789446995.169860125,0.020501672,-0.003444057,0.012505280,-0.666033786,0.681257627,0.119777228,0.279178180
1789446995.203193188,0.021037462,-0.003599691,0.012603222,-0.667859666,0.683971651,0.115206206,0.269951435
1789446995.236526012,0.021392730,-0.003654855,0.012616217,-0.670053117,0.685358993,0.111447273,0.262471670
1789446995.269859314,0.021801545,-0.003698451,0.012584681,-0.672393176,0.688628798,0.105742803,0.249992509
1789446995.303191423,0.022237050,-0.003605298,0.012324887,-0.676194049,0.692001148,0.098296491,0.232881555
1789446995.336524487,0.022654985,-0.003512553,0.011959832,-0.678933115,0.695327097,0.091388845,0.217297337
1789446995.369857311,0.023058688,-0.003396849,0.011588885,-0.681697538,0.697562002,0.085291503,0.203521696
1789446995.403190374,0.023477871,-0.003326571,0.011371328,-0.683485453,0.700168846,0.079370501,0.190555889
1789446995.436522484,0.023953452,-0.003271642,0.011110933,-0.686066769,0.702552868,0.072087549,0.174743360
1789446995.469855547,0.024511789,-0.003185903,0.010772345,-0.688300219,0.705225577,0.064766782,0.157178111
1789446995.503188372,0.025019771,-0.003166411,0.010533096,-0.689921706,0.706609788,0.059486638,0.145505970
1789446995.536520481,0.025572001,-0.003128754,0.010251858,-0.690803823,0.707759911,0.055480195,0.137069085
1789446995.569853306,0.026256659,-0.003071659,0.009883095,-0.691900317,0.709148988,0.050352798,0.125881930
1789446995.603186369,0.026983615,-0.002882238,0.009171631,-0.693324021,0.710196315,0.045080570,0.113537383
1789446995.636519194,0.027836006,-0.002699690,0.008489909,-0.694615352,0.711120904,0.039596885,0.101235661
1789446995.669851303,0.028613894,-0.002556958,0.008085327,-0.695242592,0.712132694,0.035513281,0.090794118
1789446995.703184366,0.029036463,-0.002470319,0.007839779,-0.695792873,0.712541437,0.032221452,0.084372722
1789446995.736517191,0.029290397,-0.002434349,0.007645937,-0.695686989,0.713254858,0.029792940,0.079996880
1789446995.769850016,0.029831685,-0.002407437,0.007395680,-0.696247776,0.713716635,0.025922007,0.071941988
1789446995.803182125,0.030394633,-0.002202112,0.006784028,-0.696768774,0.714396054,0.021637347,0.060690850
1789446995.836514950,0.030786901,-0.002046193,0.006358900,-0.697584439,0.714319141,0.018167390,0.052858886
1789446995.869848013,0.031097228,-0.001918074,0.006049480,-0.697330695,0.715195907,0.014268643,0.044956886
1789446995.903179646,0.031230131,-0.001790300,0.005751760,-0.698033339,0.714666825,0.014489203,0.042318438
1789446995.936512470,0.030962812,-0.001724644,0.005762420,-0.698109524,0.714548984,0.013361973,0.043408512
1789446995.969845295,0.030893667,-0.001679193,0.005791127,-0.697208299,0.715460453,0.013332844,0.042885464
1789446996.003177881,0.031383637,-0.001606075,0.005703755,-0.698371140,0.714482995,0.012343909,0.040489855
1789446996.036509752,0.032086339,-0.001472873,0.005550463,-0.697595233,0.715690804,0.008694200,0.032741028
1789446996.069842577,0.032959017,-0.001352617,0.005189260,-0.698346234,0.715374085,0.005121549,0.022939603
1789446996.103175402,0.033563514,-0.001161376,0.004884720,-0.698110230,0.715869764,0.000526632,0.013126759
1789446996.136506796,0.033852335,-0.001030465,0.004530469,-0.698169132,0.715897147,-0.001541664,0.006982962
1789446996.169839621,0.033674510,-0.000956949,0.004366392,-0.698077664,0.715998576,-0.003754664,0.004417740
1789446996.203172445,0.033478998,-0.000989422,0.004244032,-0.697416443,0.716643714,-0.004168600,0.003836048
1789446996.236505032,0.033377694,-0.001001879,0.003984151,-0.697973845,0.716101541,-0.004943819,0.002579504
1789446996.269836664,0.033495804,-0.001004086,0.003813192,-0.697438723,0.716605456,-0.007031787,-0.002530146
1789446996.303169489,0.033430051,-0.001020381,0.003577063,-0.697283554,0.716630514,-0.010835289,-0.010906335
1789446996.336502314,0.033366193,-0.000978886,0.003118103,-0.697373934,0.716330912,-0.014250279,-0.018345306
1789446996.369834661,0.033409408,-0.000950793,0.002775562,-0.696798196,0.716408063,-0.019219247,-0.029366342
1789446996.403166533,0.033502422,-0.000916362,0.002477842,-0.696215413,0.716258641,-0.024159045,-0.040914521
1789446996.436499119,0.033664348,-0.000855323,0.002114277,-0.696298673,0.715469709,-0.028119637,-0.049805016
1789446996.469831705,0.033834284,-0.000840592,0.002057682,-0.695343337,0.715785127,-0.031041412,-0.056442240
1789446996.503163338,0.033824946,-0.000903259,0.001964741,-0.695005082,0.715849116,-0.032343882,-0.059007222
1789446996.536496162,0.033918380,-0.000846424,0.001721149,-0.695686964,0.715059383,-0.032811245,-0.060275615
1789446996.569828749,0.033972908,-0.000860902,0.001703403,-0.695028566,0.715644801,-0.032739563,-0.060958447
1789446996.603161335,0.033857757,-0.000941221,0.001814860,-0.694783310,0.715890291,-0.032602258,-0.060945359
1789446996.636492968,0.033893413,-0.000934293,0.001561677,-0.695024524,0.715660176,-0.032304803,-0.061055897
1789446996.669825792,0.033819401,-0.000933326,0.001353427,-0.695303574,0.715394083,-0.032371937,-0.060961492
1789446996.703158140,0.033764644,-0.000918250,0.001157546,-0.695467571,0.715237709,-0.032478064,-0.060869142
1789446996.736490965,0.033917888,-0.000890912,0.000892007,-0.695875755,0.714829612,-0.031759579,-0.061374977
1789446996.769822598,0.033903113,-0.000810097,0.000713805,-0.696463065,0.714235588,-0.031479333,-0.061771964
1789446996.803155184,0.033675919,-0.000793210,0.000828640,-0.695886563,0.714820125,-0.032043795,-0.061214993
1789446996.836487770,0.033618575,-0.000873999,0.000851438,-0.695695378,0.714996103,-0.031977433,-0.061367399
1789446996.869819403,0.033832444,-0.000816650,0.000853462,-0.695950069,0.714740810,-0.031179342,-0.061862136
1789446996.903151751,0.033897567,-0.000775158,0.000897121,-0.695796368,0.714887738,-0.030721619,-0.062121796
1789446996.936484814,0.033773664,-0.000815163,0.000847741,-0.695893410,0.714819277,-0.031025085,-0.061670151
1789446996.969817877,0.033658884,-0.000823655,0.000780035,-0.695869413,0.714814465,-0.030942015,-0.062037351
1789446997.003149748,0.033392164,-0.000791211,0.000741314,-0.696004014,0.714690841,-0.031677856,-0.061578626
1789446997.036482573,0.033310245,-0.000751599,0.000716069,-0.696301535,0.714410736,-0.032419455,-0.061077430
1789446997.069815397,0.033736405,-0.000834262,0.000759059,-0.696504154,0.714157524,-0.031949060,-0.061969761
1789446997.103148460,0.034390021,-0.001184638,0.001211421,-0.696808804,0.713427414,-0.032428126,-0.066537442
1789446997.136480331,0.034706262,-0.002086045,0.002446700,-0.695320301,0.714226113,-0.031443810,-0.073634400
1789446997.169812918,0.034571302,-0.003591748,0.004235323,-0.693081718,0.716057259,-0.026561296,-0.078703441
1789446997.203145742,0.034570184,-0.005773242,0.006954121,-0.691547910,0.717816589,-0.019384361,-0.078262890
1789446997.236477613,0.034784203,-0.008535111,0.009189782,-0.690544222,0.719360524,-0.007901473,-0.074877768
1789446997.269810438,0.035255133,-0.012065372,0.011440312,-0.689850133,0.720326420,0.006636346,-0.072059708
1789446997.303143263,0.035259730,-0.016102150,0.013310995,-0.690542134,0.719487221,0.019752849,-0.071410962
1789446997.336476088,0.034826841,-0.020835519,0.014970719,-0.691965716,0.717788551,0.027761179,-0.072058036
1789446997.369807720,0.033907001,-0.026031293,0.015597849,-0.694833896,0.714641655,0.029456790,-0.075003056
1789446997.403140306,0.032592659,-0.031672999,0.016270261,-0.698349785,0.710852079,0.027207953,-0.079098844
1789446997.436473131,0.031143908,-0.037880186,0.017021267,-0.701843001,0.707122477,0.023837352,-0.082619517
1789446997.469805002,0.029812162,-0.044398478,0.018176803,-0.704684487,0.704135331,0.021477952,-0.084568953
1789446997.503137350,0.028452617,-0.050975572,0.019780897,-0.706932729,0.701945504,0.020407095,-0.084274410
1789446997.536470175,0.027236095,-0.057358820,0.021941250,-0.708538653,0.700568769,0.019658242,-0.082401035
1789446997.569802761,0.026068334,-0.063489043,0.024639651,-0.709431613,0.700092735,0.018623885,-0.078930981
1789446997.603134632,0.024941393,-0.069279982,0.027888976,-0.709455416,0.700400388,0.016658586,-0.076385864
1789446997.636466980,0.023750541,-0.074707651,0.031559439,-0.708441005,0.701601856,0.015119269,-0.075083861
1789446997.669799805,0.022695377,-0.079716786,0.035570141,-0.707256383,0.702974897,0.016047931,-0.073192672
1789446997.703132391,0.021761008,-0.084216748,0.039815029,-0.707707542,0.702674506,0.019972974,-0.070708231
1789446997.736463785,0.020960292,-0.088277836,0.044456427,-0.707901667,0.702552041,0.023371337,-0.068917626
1789446997.769796371,0.020128440,-0.092161691,0.049342007,-0.706511561,0.703911070,0.022660879,-0.069549290
1789446997.803128958,0.019116950,-0.095975257,0.054115905,-0.704193811,0.705896575,0.018375462,-0.074050278
1789446997.836460352,0.017957710,-0.099734688,0.058632946,-0.701489782,0.707926221,0.013324431,-0.081086447
1789446997.869792938,0.016936743,-0.103196430,0.062935541,-0.700173783,0.708691564,0.012662676,-0.085747287
1789446997.903125525,0.015814400,-0.106016904,0.066860270,-0.700937780,0.708388369,0.015758562,-0.081386828
1789446997.936458826,0.014775727,-0.108277302,0.070508107,-0.702204798,0.707981928,0.017694005,-0.073191072
1789446997.969790936,0.013411901,-0.110273268,0.074145096,-0.704143634,0.706754210,0.017587136,-0.066112950
1789446998.003124237,0.012201698,-0.112175785,0.078021754,-0.705564399,0.705897674,0.016522626,-0.060119509
1789446998.036457539,0.011177405,-0.114390352,0.081970309,-0.705716584,0.706092317,0.015232798,-0.056264599
1789446998.069790840,0.010423045,-0.116519183,0.086165652,-0.705516602,0.706444135,0.016726910,-0.053881528
1789446998.103122950,0.009972520,-0.118660527,0.090442105,-0.705101936,0.707042687,0.020863857,-0.049865804
1789446998.136456013,0.009664441,-0.120742798,0.094868903,-0.704255958,0.708035102,0.023697390,-0.046349479
1789446998.169789314,0.009327727,-0.122626047,0.099455387,-0.703596265,0.708743129,0.026187059,-0.044155527
1789446998.203121662,0.008641810,-0.124321465,0.103901044,-0.703000770,0.709435182,0.029803104,-0.040042671
1789446998.236454487,0.007966572,-0.125758679,0.108487373,-0.701847546,0.710909651,0.029938283,-0.033484152
1789446998.269787788,0.006787616,-0.127194747,0.113040871,-0.699908150,0.713151630,0.024402269,-0.030787382
1789446998.303121090,0.005285210,-0.128395640,0.117365640,-0.697816574,0.715389952,0.017860302,-0.030826214
1789446998.336453199,0.003416798,-0.129300631,0.121661742,-0.696349189,0.717043599,0.015143916,-0.026775849
1789446998.369786024,0.001939743,-0.129897631,0.126015496,-0.694469335,0.719082939,0.015750212,-0.019595924
1789446998.403119326,0.000197341,-0.130482615,0.130409638,-0.692416937,0.721214036,0.014305823,-0.014298354
1789446998.436452389,-0.002031543,-0.130785116,0.134548727,-0.690954271,0.722737899,0.011420981,-0.010083957
1789446998.469784498,-0.004118343,-0.130609007,0.138581082,-0.690394757,0.723350946,0.008964868,-0.006174125
1789446998.503117561,-0.006123269,-0.130045347,0.142460680,-0.690031553,0.723724050,0.008450976,-0.002921641
1789446998.536450624,-0.008031860,-0.129216296,0.146337710,-0.688735827,0.724919759,0.011483510,0.001559694
1789446998.569782734,-0.009738898,-0.128180488,0.150168270,-0.686298460,0.727094997,0.016465568,0.007494989
1789446998.603115797,-0.011487011,-0.127172912,0.154004296,-0.683868093,0.729175366,0.021291790,0.013205160
1789446998.636448622,-0.013498242,-0.126172698,0.157451004,-0.681335357,0.731309945,0.025558687,0.017738346
1789446998.669781685,-0.015736122,-0.125051720,0.160454232,-0.679557503,0.732769855,0.027564628,0.022138904
1789446998.703113794,-0.018267481,-0.123628534,0.163034647,-0.679579866,0.732508803,0.028671337,0.027928723
1789446998.736446857,-0.020858846,-0.122015915,0.165478204,-0.679289737,0.732502829,0.028973242,0.034141040
1789446998.769779682,-0.023493418,-0.120207033,0.167982583,-0.678267157,0.733271129,0.026992142,0.039224203
1789446998.803111792,-0.026031774,-0.118111084,0.170697154,-0.677781530,0.733627433,0.024449182,0.042487938
1789446998.836444855,-0.028213443,-0.115984784,0.173474073,-0.675408143,0.735745025,0.025019360,0.043325858
1789446998.869777918,-0.030315311,-0.114068331,0.176705652,-0.673226071,0.737424452,0.028420726,0.046519860
1789446998.903110504,-0.031854416,-0.112019495,0.178904010,-0.671957096,0.738086550,0.032922671,0.051166421
1789446998.936445475,-0.033499182,-0.110416871,0.181387511,-0.670097477,0.739183743,0.036853904,0.056732315
1789446998.969781637,-0.035293128,-0.109225970,0.183519965,-0.668759237,0.739940899,0.038338752,0.061471041
1789446999.003117561,-0.037114491,-0.108292703,0.185312040,-0.667822433,0.740408541,0.038791299,0.065602028
1789446999.036453962,-0.038768094,-0.107625961,0.186870320,-0.666832714,0.740928269,0.038892775,0.069618843
1789446999.069788933,-0.040211692,-0.107217102,0.188135183,-0.665882638,0.741633678,0.037122674,0.072122859
1789446999.103125095,-0.041216569,-0.106982058,0.189170151,-0.665349974,0.742094329,0.036201559,0.072765830
1789446999.136461258,-0.041752602,-0.106676637,0.190027715,-0.665291037,0.742015579,0.037445549,0.073474810
1789446999.169796467,-0.041847663,-0.106256603,0.190718947,-0.665809846,0.741770888,0.037322646,0.071275650
1789446999.203132629,-0.041725643,-0.105837130,0.191270035,-0.666009045,0.742130283,0.036514869,0.065888224
1789446999.236468792,-0.041479286,-0.105459038,0.191833549,-0.664757934,0.743228811,0.039729950,0.064260059
1789446999.269804955,-0.040923719,-0.105256743,0.192335814,-0.663221120,0.744375990,0.042932670,0.064799044
1789446999.303140163,-0.040311130,-0.105115192,0.192327617,-0.662762989,0.744884179,0.043877438,0.062988494
1789446999.336476564,-0.039884009,-0.105004607,0.191620313,-0.662801058,0.744942242,0.044466975,0.061469524
1789446999.369812727,-0.039668735,-0.104880469,0.190329283,-0.664184838,0.743707478,0.043995964,0.061822671
1789446999.403149128,-0.039676766,-0.104841979,0.188724581,-0.666039203,0.742096914,0.042679570,0.062148242
1789446999.436484337,-0.039981678,-0.105003306,0.186932856,-0.667936092,0.740275392,0.042722420,0.063470585
1789446999.469820738,-0.040314266,-0.105282583,0.185227031,-0.670772938,0.737363977,0.044111370,0.066424529
1789446999.503157139,-0.040782975,-0.105658175,0.183803918,-0.672099886,0.736003818,0.044605882,0.067752776
1789446999.536492586,-0.041528495,-0.106059380,0.182314402,-0.671637359,0.736393228,0.043274422,0.068960832
1789446999.569828987,-0.042461717,-0.106056183,0.180409144,-0.672144216,0.735973229,0.039019528,0.071014332
1789446999.603165627,-0.043438253,-0.105767890,0.177872282,-0.673493223,0.735027218,0.033218960,0.070981463
1789446999.636502028,-0.044483192,-0.105186848,0.175042899,-0.675252877,0.733711500,0.028630883,0.069866013
1789446999.669837475,-0.045382388,-0.104612410,0.172094785,-0.676897268,0.732220325,0.026947174,0.070266165
1789446999.703174114,-0.046153468,-0.104169138,0.169125200,-0.677775357,0.731421793,0.025559580,0.070635922
1789446999.736510515,-0.047373106,-0.103845468,0.165709857,-0.678040912,0.731186351,0.018537024,0.072687139
1789446999.769847155,-0.049122292,-0.103619191,0.161529772,-0.679781994,0.729664114,0.005465209,0.073870519
1789446999.803182602,-0.051263799,-0.103076601,0.156366924,-0.684025523,0.725525241,-0.007627413,0.075259750
1789446999.836519241,-0.053277516,-0.102253889,0.150647932,-0.689771041,0.719499158,-0.017961251,0.078830619
1789446999.869855881,-0.054738450,-0.101109966,0.144732279,-0.696018712,0.713076831,-0.024553148,0.080476880
1789446999.903191566,-0.055363304,-0.099597417,0.139306307,-0.701596265,0.707635179,-0.024266877,0.080163913
1789446999.936527252,-0.055290752,-0.098349534,0.134674321,-0.704045662,0.705326863,-0.017810961,0.080724794
1789446999.969862938,-0.054405789,-0.097497823,0.131048046,-0.702828598,0.706754954,-0.012620268,0.079813066
1789447000.003198862,-0.053453387,-0.097010169,0.127483189,-0.700957163,0.709258703,-0.012503590,0.073856676
1789447000.036533594,-0.052264522,-0.096520005,0.123450583,-0.699620272,0.711289100,-0.013534865,0.066453729
1789447000.069869518,-0.050764616,-0.095866778,0.118748955,-0.700377896,0.711159780,-0.013644862,0.059467544
1789447000.103205681,-0.049021519,-0.095491462,0.113409672,-0.702630546,0.709511096,-0.012255545,0.052479730
1789447000.136540174,-0.046863853,-0.095364766,0.107803985,-0.704855321,0.707734164,-0.007563799,0.047266468
1789447000.169876337,-0.044403949,-0.095618091,0.102264080,-0.706254312,0.706540454,0.000890372,0.044773217
1789447000.203212261,-0.041518050,-0.096425619,0.096908182,-0.706023233,0.706664664,0.012143489,0.044819451
1789447000.236548185,-0.038252565,-0.097528565,0.091688047,-0.706834154,0.705852139,0.018852176,0.042459786
1789447000.269883156,-0.035205652,-0.098775406,0.086019774,-0.709451020,0.703624225,0.019131398,0.035016994
1789447000.303219080,-0.032122714,-0.100075614,0.079969220,-0.712459071,0.700954778,0.018062031,0.027170476
1789447000.336555004,-0.028656044,-0.101530130,0.073965080,-0.715659294,0.697875365,0.018523564,0.021415571
1789447000.369890928,-0.024854319,-0.102763455,0.068017994,-0.718570016,0.695008105,0.020075018,0.014760046
1789447000.403226137,-0.020706786,-0.103840188,0.062359418,-0.720968513,0.692537860,0.023134917,0.007777597
1789447000.436562061,-0.016258607,-0.104819311,0.056917321,-0.723204166,0.690067353,0.027974666,0.000447761
1789447000.469897985,-0.011611174,-0.105518798,0.051505552,-0.725379152,0.687415910,0.035415590,-0.005494446
1789447000.503233194,-0.006618116,-0.105550780,0.046729045,-0.727606701,0.684509587,0.044069971,-0.009641177
1789447000.536569357,-0.001610339,-0.104940277,0.042693341,-0.728464434,0.682847705,0.053501244,-0.014007058
1789447000.569905281,0.003490112,-0.104148080,0.039283405,-0.728525365,0.681690445,0.064792469,-0.018731413
1789447000.603241444,0.008576626,-0.103228771,0.036227417,-0.730734413,0.677794761,0.077330096,-0.025328578
1789447000.636576653,0.013310138,-0.102193779,0.033152705,-0.734120497,0.672517204,0.086711885,-0.035619579
1789447000.669912815,0.017677604,-0.101250952,0.030245564,-0.737875331,0.667090170,0.092902799,-0.043586361
1789447000.703248978,0.021553231,-0.100564533,0.027664312,-0.740868578,0.663051315,0.094551640,-0.050365584
1789447000.736585140,0.024990706,-0.100366948,0.025976909,-0.742421903,0.661119002,0.092370207,-0.056560835
1789447000.769920349,0.027937079,-0.100778682,0.025319512,-0.742199622,0.661372479,0.088954966,-0.061750938
1789447000.803256512,0.030633011,-0.101534996,0.025743464,-0.741252535,0.662258253,0.087951869,-0.064985803
1789447000.836592674,0.033356419,-0.102549582,0.027076112,-0.740170127,0.663151300,0.090103935,-0.065267280
1789447000.869928122,0.036114522,-0.103577956,0.029161598,-0.739349470,0.663650797,0.092587785,-0.066011231
1789447000.903264523,0.038982095,-0.104778312,0.031545567,-0.738684050,0.663809509,0.094885190,-0.068553712
1789447000.936600924,0.042028750,-0.106097362,0.034317324,-0.737830485,0.664138690,0.098566324,-0.069358889
1789447000.969937325,0.045398061,-0.107807728,0.037516977,-0.735220761,0.666673482,0.101828246,-0.068028741
1789447001.003272772,0.048903780,-0.109917404,0.040864702,-0.732278848,0.669700093,0.105247093,-0.064749699
1789447001.036609173,0.052660888,-0.111890321,0.044600769,-0.730522412,0.671332762,0.109393367,-0.060682950
1789447001.069945574,0.056624043,-0.114065981,0.049078492,-0.726624364,0.675045334,0.113439259,-0.058841865
1789447001.103281975,0.060665243,-0.116389685,0.054259064,-0.718278689,0.683284240,0.119028609,-0.055050545
1789447001.136617422,0.065049931,-0.118684746,0.059461307,-0.710167703,0.691318411,0.123534527,-0.049798682
1789447001.169953823,0.069074722,-0.120293344,0.063992294,-0.704945646,0.696665849,0.124472411,-0.047063242
1789447001.203290224,0.072979492,-0.121647967,0.067781566,-0.702439692,0.699254858,0.124683868,-0.045552781
1789447001.236625910,0.076888947,-0.122543415,0.071014498,-0.701689169,0.699765597,0.126543262,-0.044127337
1789447001.269962311,0.080870286,-0.123575625,0.074253485,-0.701558112,0.699313310,0.130487655,-0.041833987
1789447001.303299189,0.084883648,-0.124844053,0.077499689,-0.700085033,0.700155320,0.133932039,-0.041541348
1789447001.336635590,0.088642318,-0.126285070,0.080669907,-0.698580704,0.701023285,0.137373175,-0.040987359
1789447001.369971275,0.092056239,-0.127581786,0.083816239,-0.698324514,0.700885641,0.139476371,-0.040602124
1789447001.403307676,0.095219949,-0.128644172,0.086960499,-0.697732739,0.701411044,0.139168071,-0.042706217
1789447001.436644316,0.097773135,-0.129480641,0.090188645,-0.696451258,0.702437884,0.139741532,-0.044821505
1789447001.469980001,0.100158411,-0.129937768,0.093513366,-0.695984888,0.702194584,0.143144556,-0.045137978
1789447001.503316641,0.101691187,-0.130273779,0.096841500,-0.695975316,0.701329113,0.148303389,-0.041975475
1789447001.536653042,0.102790774,-0.130556960,0.100195573,-0.697192116,0.699568879,0.152261406,-0.036646973
1789447001.569989681,0.103266742,-0.130747886,0.103543237,-0.697819211,0.698545733,0.155016739,-0.032434832
1789447001.603325367,0.103228817,-0.130788820,0.106947828,-0.697486875,0.698452024,0.158000074,-0.026698420
1789447001.636662006,0.103086198,-0.130544357,0.110538188,-0.697928215,0.698097616,0.158507784,-0.020765535
1789447001.669999123,0.102744300,-0.129906954,0.114294690,-0.697802914,0.698513885,0.157684382,-0.016884358
1789447001.703335762,0.102495151,-0.129263289,0.118144340,-0.695466714,0.700579886,0.159207427,-0.012917740
1789447001.736671448,0.102455717,-0.128399311,0.122044393,-0.692749249,0.702796959,0.161539506,-0.008938660
1789447001.770008087,0.102497476,-0.127143071,0.125594357,-0.690961801,0.704029549,0.163945760,-0.005997523
1789447001.803344965,0.102639840,-0.125658882,0.129209224,-0.689334389,0.704958739,0.166854149,-0.003311964
1789447001.836680651,0.102797176,-0.124135540,0.132672460,-0.687303561,0.706266298,0.169704694,-0.001431293
1789447001.870017529,0.102577306,-0.122855009,0.136037440,-0.683978712,0.709261351,0.170649376,-0.000498237
1789447001.903354168,0.101912952,-0.121903235,0.138876251,-0.680748977,0.713002294,0.167952937,0.000608292
1789447001.936688185,0.100596205,-0.120883873,0.141318415,-0.677804152,0.717152781,0.162063750,0.002960000
1789447001.970021248,0.099232189,-0.119840506,0.143345032,-0.675034966,0.721075896,0.156028308,0.005702095
1789447002.003355026,0.097919756,-0.118551212,0.145044253,-0.672182358,0.724446521,0.152563091,0.008521648
1789447002.036689043,0.096781932,-0.117174445,0.146764213,-0.669569918,0.726941847,0.151973586,0.011649250
1789447002.070023060,0.095539151,-0.115809511,0.148361147,-0.665906419,0.729907037,0.153642875,0.014079253
1789447002.103355646,0.094106808,-0.114426089,0.149428590,-0.663594920,0.731143801,0.157359286,0.017566417
1789447002.136689663,0.092655889,-0.112484957,0.150197825,-0.663125858,0.730430518,0.161992227,0.022223264
1789447002.170023441,0.090866706,-0.110596099,0.150757115,-0.661536852,0.731401441,0.163678181,0.025107328
1789447002.203356504,0.088756354,-0.109220132,0.151092586,-0.658449218,0.734307388,0.162768996,0.027267942
1789447002.236690283,0.086466490,-0.107974343,0.151485776,-0.655527740,0.737096213,0.161139631,0.031726543
1789447002.270023823,0.084066482,-0.107086088,0.151911836,-0.651908950,0.740759550,0.157804405,0.037252923
1789447002.303357840,0.081702923,-0.106215105,0.152408429,-0.648553034,0.744388917,0.153132776,0.042596430
1789447002.336690664,0.079726889,-0.105144358,0.153093418,-0.645478603,0.747426220,0.150129961,0.046609154
1789447002.370024681,0.078083663,-0.104180152,0.153717526,-0.642073843,0.749820663,0.151453044,0.050716154
1789447002.403358459,0.077017550,-0.103150859,0.154249977,-0.639018349,0.751227453,0.155576495,0.055756770
1789447002.436692238,0.076654924,-0.102010530,0.154659816,-0.637165561,0.751825974,0.158769353,0.059749858
1789447002.470024824,0.076712882,-0.101050683,0.154604412,-0.636646057,0.752134694,0.159166370,0.060342915
1789447002.503358603,0.077223393,-0.100162782,0.154270231,-0.637114285,0.751826288,0.159204439,0.059131771
1789447002.536692619,0.078237385,-0.099391309,0.153822694,-0.638492298,0.750370207,0.160875271,0.058234734
1789447002.570025444,0.079691023,-0.098686162,0.153448584,-0.640067945,0.748662972,0.163093078,0.056722377
1789447002.603359222,0.081520651,-0.098068793,0.153235823,-0.641240690,0.747304297,0.165566716,0.054169431
1789447002.636692762,0.083675892,-0.097531318,0.153224766,-0.642235469,0.746112650,0.168133062,0.050801484
1789447002.670026541,0.085889567,-0.097342349,0.153138873,-0.643085573,0.745358661,0.169438267,0.046605637
1789447002.703359365,0.088056030,-0.097466606,0.152901615,-0.644111932,0.744811016,0.169150866,0.042004222
1789447002.736693144,0.089736620,-0.097498179,0.152574531,-0.644660389,0.744754696,0.168466499,0.037046780
1789447002.770026922,0.091150476,-0.097929915,0.152240875,-0.645028820,0.744340976,0.169510546,0.034066228
1789447002.803359509,0.091934736,-0.098094882,0.151439845,-0.647206334,0.742089257,0.171114332,0.033873021
1789447002.836693287,0.092272388,-0.097827744,0.150430390,-0.650848942,0.738537023,0.172508041,0.034636620
1789447002.870027065,0.092300507,-0.097292034,0.149575595,-0.653970791,0.735508731,0.173330779,0.036132435
1789447002.903360605,0.092038977,-0.096443392,0.149061673,-0.655628513,0.734208211,0.172268878,0.037589750
1789447002.936694622,0.091503284,-0.095579991,0.148924917,-0.655208376,0.735143746,0.169768514,0.038004047
1789447002.970029593,0.090835267,-0.094725471,0.149043087,-0.653478958,0.736923117,0.168523128,0.038852627
1789447003.003364563,0.090235336,-0.093883744,0.149411370,-0.651618389,0.738430101,0.168809783,0.040220876
1789447003.036699772,0.089742806,-0.092996409,0.150001345,-0.649987130,0.739778191,0.169206498,0.040176110
1789447003.070033789,0.089324345,-0.091947825,0.150837230,-0.648786764,0.740880754,0.169395912,0.038424847
1789447003.103368759,0.088962095,-0.090768477,0.152001807,-0.646742675,0.742818361,0.169393253,0.035365532
1789447003.136703730,0.088543745,-0.089742544,0.153445216,-0.643254009,0.746171112,0.168451663,0.032817507
1789447003.170037508,0.087963285,-0.088760303,0.155008209,-0.639913735,0.749527757,0.166578029,0.031149841
1789447003.203372478,0.087441124,-0.087908228,0.156077608,-0.637863628,0.751716418,0.164772860,0.030038706
1789447003.236707449,0.086848630,-0.086934436,0.156893631,-0.636830582,0.752775086,0.163858247,0.030445908
1789447003.270042658,0.086485680,-0.085920360,0.157354028,-0.637101056,0.752590614,0.163473483,0.031401148
1789447003.303376675,0.086226173,-0.084755881,0.157496391,-0.638075238,0.751876811,0.162869142,0.031857415
1789447003.336711645,0.086065332,-0.083589528,0.157379503,-0.639276733,0.751022883,0.162098758,0.031841497
1789447003.370046854,0.085988633,-0.082552600,0.157108817,-0.640554044,0.749876642,0.162319106,0.032063156
1789447003.403381824,0.086079041,-0.081669774,0.156864806,-0.641477716,0.748750797,0.163852674,0.032107380
1789447003.436715841,0.086222080,-0.080953347,0.156698769,-0.641848825,0.747864332,0.166580425,0.031304780
1789447003.470051050,0.086291170,-0.080334940,0.156618053,-0.641954258,0.747122849,0.169602168,0.030615087
1789447003.503386021,0.086162079,-0.079767047,0.156550971,-0.642091135,0.746618976,0.171445665,0.029756730
1789447003.536720276,0.085809009,-0.079296962,0.156494920,-0.641665901,0.746692625,0.172772560,0.029404719
1789447003.570055246,0.085294086,-0.078911711,0.156398759,-0.641017786,0.747005969,0.173711128,0.030045365
1789447003.603390455,0.084716064,-0.078586197,0.156143813,-0.640723324,0.747354897,0.173119970,0.031044423
1789447003.636725426,0.084087923,-0.078389189,0.155671657,-0.640632769,0.747727296,0.171645662,0.032114069
1789447003.670059681,0.083448060,-0.078390171,0.154944427,-0.640805543,0.747847564,0.170234371,0.033354699
1789447003.703394413,0.083100581,-0.078566670,0.153998153,-0.641517341,0.747364942,0.169548405,0.033977674
1789447003.736729622,0.082977586,-0.078814068,0.152717346,-0.643128382,0.746008839,0.169543344,0.033342934
1789447003.770064592,0.082955038,-0.078921192,0.151125672,-0.645139078,0.744293368,0.169734637,0.031829324
1789447003.803398848,0.082993448,-0.078854221,0.149397991,-0.646787337,0.742640467,0.170872022,0.030887358
1789447003.836734056,0.083147497,-0.078807857,0.147789574,-0.647472048,0.741682421,0.172515226,0.030424178
1789447003.870069027,0.083260783,-0.078888421,0.146177493,-0.647846184,0.741368112,0.172644838,0.029366729
1789447003.903403282,0.083308570,-0.078960921,0.144385541,-0.648497369,0.740908822,0.172140318,0.029546397
1789447003.936737537,0.083428407,-0.078811452,0.142674800,-0.648467866,0.741514005,0.169624052,0.029564986
1789447003.970071793,0.083629820,-0.078297598,0.140845634,-0.647946133,0.743417240,0.163644998,0.026775568
1789447004.003406048,0.083736560,-0.077212222,0.138793672,-0.646097533,0.746766918,0.155966700,0.023906816
1789447004.036739111,0.083956453,-0.075827144,0.136252502,-0.643705966,0.750860495,0.146238828,0.021571995
1789447004.070073128,0.083990858,-0.074089637,0.132528842,-0.644040751,0.752461825,0.136832851,0.017014246
1789447004.103407383,0.084223189,-0.072286737,0.128075882,-0.646054920,0.751332086,0.133943938,0.013120896
1789447004.136740685,0.084729961,-0.070659523,0.123231806,-0.648526873,0.748922177,0.135621715,0.011628351
1789447004.170074701,0.085066949,-0.069236261,0.117921916,-0.651486140,0.746175105,0.136679428,0.010356496
1789447004.203408957,0.084980824,-0.068082234,0.112343965,-0.654450208,0.743745254,0.135847827,0.009126389
1789447004.236743212,0.084311940,-0.067154229,0.106478533,-0.656990692,0.742107130,0.132544342,0.008499109
1789447004.270076275,0.083383979,-0.066040710,0.100697448,-0.659250177,0.740833386,0.128350294,0.009016641
1789447004.303410292,0.082411630,-0.064917630,0.094927687,-0.661162953,0.739795750,0.124428003,0.009136142
1789447004.336744308,0.081426100,-0.063903079,0.089138261,-0.663101128,0.738426577,0.122295055,0.008185572
1789447004.370078564,0.080928060,-0.062798075,0.083626303,-0.664983212,0.736865592,0.121588129,0.006538604
1789447004.403411627,0.080448489,-0.061753541,0.077995222,-0.666658439,0.735740824,0.119371277,0.001569721
1789447004.436745882,0.080024917,-0.060622634,0.072344561,-0.668189432,0.734551093,0.118121205,-0.002225975
1789447004.470080137,0.079745978,-0.059522722,0.066836275,-0.669331643,0.733443785,0.118520751,-0.002863080
1789447004.503413200,0.079720886,-0.058324859,0.061532778,-0.669745418,0.733113440,0.118250348,-0.001616662
1789447004.536746979,0.079703105,-0.057338367,0.056150451,-0.670340170,0.733034438,0.115345350,0.000141118
1789447004.570081234,0.079765596,-0.056367934,0.050567324,-0.671638832,0.732852574,0.108755032,0.000852807
1789447004.603415251,0.079999378,-0.055360426,0.044870895,-0.673394406,0.732479939,0.100055753,-0.001399412
1789447004.636748552,0.080654200,-0.054240199,0.038988374,-0.675821351,0.730999280,0.094242179,-0.004895535
1789447004.670082569,0.081787613,-0.052858185,0.033075599,-0.678743131,0.728562537,0.091846731,-0.008280712
1789447004.703416586,0.083431018,-0.051103871,0.027335259,-0.682006658,0.725782774,0.089215420,-0.012119894
1789447004.736750841,0.085279697,-0.049391177,0.021633759,-0.685585334,0.722966358,0.083385504,-0.018418806
1789447004.770083666,0.087288483,-0.047359646,0.016166240,-0.689697722,0.719642472,0.075250979,-0.027731831
1789447004.803417683,0.089401832,-0.045267599,0.011135563,-0.693060144,0.716942129,0.065439534,-0.037138760
1789447004.836751699,0.091232825,-0.043178589,0.006486459,-0.695049500,0.715602404,0.048350994,-0.049815405
1789447004.870085001,0.092969380,-0.041242367,0.002331266,-0.695035485,0.715215300,0.028210627,-0.067800509
1789447004.903419018,0.094659200,-0.039559526,-0.001444108,-0.694093401,0.715151660,0.013604904,-0.081285672
1789447004.936754227,0.096563873,-0.037897012,-0.005141990,-0.694832167,0.713695374,0.005290488,-0.088426151
1789447004.970089436,0.098433692,-0.036103254,-0.008931627,-0.697613516,0.710154058,-0.002989546,-0.094908694
1789447005.003423691,0.100044094,-0.034190317,-0.012917428,-0.700384004,0.706011107,-0.014587159,-0.103912360
1789447005.036758900,0.101547050,-0.032218940,-0.016700106,-0.702976811,0.701806786,-0.025123540,-0.112515089
1789447005.070094109,0.103368844,-0.030122129,-0.020123996,-0.705382433,0.698249298,-0.031537810,-0.117851205
1789447005.103429317,0.105414830,-0.027977059,-0.023183615,-0.706701394,0.695860856,-0.037193880,-0.122341426
1789447005.136763334,0.107569935,-0.025685150,-0.025870714,-0.707110162,0.694037647,-0.043648145,-0.128069525
1789447005.170098543,0.110016055,-0.023276886,-0.028198838,-0.705660415,0.694231144,-0.049177638,-0.132921246
1789447005.203433990,0.112738205,-0.020966472,-0.030408998,-0.703106820,0.695277858,-0.055447331,-0.138401924
1789447005.236768246,0.115664412,-0.018583702,-0.032712025,-0.700991673,0.695393575,-0.060758290,-0.146105719
1789447005.270103455,0.118803331,-0.015963510,-0.035194763,-0.700459272,0.694393966,-0.061120251,-0.153095210
1789447005.303438663,0.121997050,-0.013046297,-0.037919126,-0.702392096,0.691610639,-0.058368526,-0.157839102
1789447005.336774111,0.124975932,-0.009831106,-0.040692303,-0.705264429,0.687584808,-0.057437275,-0.162880866
1789447005.370108366,0.127640826,-0.006608879,-0.043124914,-0.706926875,0.684201171,-0.058470786,-0.169423489
1789447005.403443575,0.130002869,-0.003680379,-0.045161145,-0.706161048,0.683387858,-0.061915024,-0.174597077
1789447005.436779022,0.131906894,-0.001265199,-0.046750407,-0.704248903,0.683854500,-0.068168462,-0.178127950
1789447005.470113277,0.133718347,0.000835730,-0.048252544,-0.703604657,0.683462542,-0.072333634,-0.180519489
1789447005.503448725,0.135692240,0.002932655,-0.049568046,-0.705182267,0.681832451,-0.070127751,-0.181396190
1789447005.536783934,0.137806865,0.004997641,-0.050505810,-0.706867998,0.679864960,-0.066031530,-0.183741956
1789447005.570119381,0.139719814,0.006945269,-0.051060079,-0.707807825,0.678239041,-0.062032637,-0.187488235
1789447005.603453636,0.141325902,0.008768436,-0.051304745,-0.708601085,0.677086235,-0.058670217,-0.189727538
1789447005.636789083,0.142645402,0.010729895,-0.051098282,-0.709065822,0.675993842,-0.057492723,-0.192230518
1789447005.670124531,0.143529544,0.012602846,-0.050486585,-0.708794818,0.675810099,-0.057643945,-0.193824125
1789447005.703459740,0.144176996,0.014087866,-0.049612205,-0.708104792,0.676244955,-0.059557972,-0.194250386
1789447005.736794233,0.144534642,0.014162285,-0.048659398,-0.705032144,0.678875686,-0.061558122,-0.195622281
1789447005.770129681,0.144339439,0.013655644,-0.048015467,-0.704930868,0.678863590,-0.063829853,-0.195300916
1789447005.803465128,0.143879624,0.013365503,-0.047534329,-0.705456271,0.677950099,-0.068901127,-0.194853145
1789447005.836799383,0.143488272,0.013123541,-0.046851123,-0.704691102,0.677743312,-0.073729774,-0.196566462
1789447005.870134830,0.143528422,0.012916286,-0.045552244,-0.702149022,0.679849076,-0.074921649,-0.197936182
1789447005.903470278,0.143731922,0.012356635,-0.043787345,-0.698547370,0.683534984,-0.074575852,-0.198115975
1789447005.936805010,0.144212735,0.011937389,-0.041501627,-0.694069432,0.687575528,-0.075580472,-0.199487117
1789447005.970138788,0.143876808,0.011662336,-0.038990003,-0.688077902,0.692496749,-0.078672195,-0.202009255
1789447006.003473282,0.142808403,0.010982795,-0.035681382,-0.682153797,0.697409533,-0.085085271,-0.202599700
1789447006.036807775,0.140674283,0.010212463,-0.033474363,-0.676819435,0.702213685,-0.094400983,-0.199749461
1789447006.070142508,0.140380040,0.009949250,-0.033397786,-0.681398047,0.700116473,-0.091398931,-0.192820799
1789447006.103476286,0.141727309,0.010370448,-0.033893764,-0.683081657,0.698389511,-0.086564671,-0.195340982
1789447006.136811018,0.142104359,0.010498220,-0.033729545,-0.680529238,0.698526429,-0.090842555,-0.201713693
1789447006.170145750,0.142015189,0.010476511,-0.033543016,-0.679641663,0.699441953,-0.091585784,-0.201196938
1789447006.203479528,0.141975107,0.010456615,-0.033786307,-0.681122264,0.697986869,-0.091682017,-0.201199403
1789447006.236814260,0.142083184,0.010564001,-0.033763241,-0.680481237,0.698607876,-0.091008820,-0.201518525
1789447006.270148993,0.142063330,0.010474030,-0.033706498,-0.680037780,0.699037713,-0.091373148,-0.201359981
1789447006.303483486,0.142029913,0.010435797,-0.033850201,-0.680874914,0.698185675,-0.091534805,-0.201413737
1789447006.336817026,0.142093620,0.010431322,-0.033818522,-0.680348356,0.698723351,-0.091075282,-0.201536811
1789447006.370151758,0.142105904,0.010336062,-0.033799649,-0.679985199,0.699094618,-0.091181021,-0.201427073
1789447006.403486490,0.142025747,0.010296306,-0.033930910,-0.680765130,0.698301497,-0.091590511,-0.201357980
1789447006.436821222,0.142020007,0.010314162,-0.033862710,-0.680291205,0.698703570,-0.091530720,-0.201591974
1789447006.470155001,0.142138637,0.010259927,-0.033797147,-0.679929023,0.698626695,-0.092241624,-0.202752921
1789447006.503489733,0.142298684,0.010267700,-0.033761115,-0.679370080,0.697309797,-0.094847600,-0.207892456
1789447006.536824465,0.142615509,0.010333858,-0.033611395,-0.677016123,0.696074806,-0.099048746,-0.217527883
1789447006.570158005,0.142717237,0.010229725,-0.033416596,-0.672586745,0.692429489,-0.108543347,-0.237459080
1789447006.603492737,0.142711807,0.010155170,-0.033423752,-0.667536453,0.687811550,-0.117919519,-0.259625390
1789447006.636827469,0.142642415,0.010121236,-0.033475859,-0.662664429,0.682707495,-0.127129765,-0.280400346
1789447006.670162201,0.142511668,0.010070634,-0.033492983,-0.657017106,0.678022534,-0.135938037,-0.300224607
1789447006.703495741,0.142264373,0.009868691,-0.033619832,-0.651505898,0.672681758,-0.144699203,-0.319533187
1789447006.736830473,0.141993031,0.009760448,-0.033812224,-0.646255739,0.667244989,-0.152383481,-0.337515805
1789447006.770165205,0.141790347,0.009860674,-0.033880305,-0.641335539,0.662226091,-0.159213716,-0.353265231
1789447006.803498745,0.141538462,0.009816069,-0.033753732,-0.636501387,0.658048224,-0.165458790,-0.366690479
1789447006.836833477,0.141384942,0.009714824,-0.033563202,-0.632057394,0.654630058,-0.170539812,-0.377993532
1789447006.870168209,0.141228021,0.009654855,-0.033408940,-0.627944883,0.651444257,-0.175119532,-0.388122085
1789447006.903502941,0.140838540,0.009553784,-0.033286030,-0.624092136,0.647408850,-0.180213830,-0.398614804
1789447006.936837196,0.140486857,0.009470309,-0.033175838,-0.620958469,0.644362355,-0.183872765,-0.406692195
1789447006.970172644,0.140284328,0.009422169,-0.033151111,-0.619281372,0.642926893,-0.185486652,-0.410767933
1789447007.003507853,0.140143017,0.009344356,-0.033205786,-0.618877234,0.641632953,-0.186763241,-0.412816684
1789447007.036843300,0.139881479,0.009350608,-0.033315583,-0.618892404,0.640680421,-0.187466231,-0.413953141
1789447007.070177555,0.139933069,0.009167741,-0.033136109,-0.618060146,0.640344862,-0.187797105,-0.415562705
1789447007.103513002,0.139817028,0.009037787,-0.033105024,-0.618053381,0.639488427,-0.188504843,-0.416569914
1789447007.136848211,0.139775502,0.008945594,-0.033081745,-0.618281695,0.639243584,-0.188430288,-0.416640628
1789447007.170182705,0.139773095,0.008859697,-0.033010990,-0.618261257,0.639253121,-0.188164389,-0.416776474
1789447007.203518152,0.139707398,0.008759694,-0.032911453,-0.618413128,0.639171494,-0.188444575,-0.416549692
1789447007.236853361,0.139703800,0.008726303,-0.032840836,-0.618339943,0.639159565,-0.188283967,-0.416749221
1789447007.270188808,0.139660137,0.008698524,-0.032784767,-0.618343558,0.638963977,-0.188281152,-0.417044947
1789447007.303523302,0.139438897,0.008676174,-0.032639538,-0.618125302,0.638650467,-0.188723158,-0.417648490
1789447007.336858511,0.139063648,0.008624808,-0.032432180,-0.617817075,0.638386463,-0.188906170,-0.418424717
1789447007.370193958,0.138436116,0.008530756,-0.032107454,-0.617903959,0.638115667,-0.188908761,-0.418708219
1789447007.403529406,0.137487676,0.008362653,-0.031576498,-0.618136582,0.638592487,-0.188551551,-0.417797935
1789447007.436863661,0.136183147,0.008144827,-0.030955989,-0.618705453,0.639107503,-0.187862744,-0.416476592
1789447007.470199108,0.134484517,0.007913246,-0.030258444,-0.619403644,0.639791606,-0.187108903,-0.414724108
1789447007.503534555,0.132420556,0.007694318,-0.029547822,-0.620284180,0.640559826,-0.186173658,-0.412637873
1789447007.536869049,0.130144952,0.007502637,-0.028862616,-0.620959420,0.641274182,-0.185485501,-0.410818635
1789447007.570204496,0.127656089,0.007338631,-0.028237790,-0.621539288,0.641878774,-0.184626888,-0.409381809
1789447007.603539944,0.124885564,0.007196053,-0.027640310,-0.622664559,0.642780976,-0.183454939,-0.406774814
1789447007.636875391,0.121799260,0.007099919,-0.026987683,-0.623968605,0.644316759,-0.181754922,-0.403093343
1789447007.670209885,0.118408666,0.006977027,-0.026474443,-0.625286401,0.645545684,-0.180246201,-0.399748664
1789447007.703545332,0.114590761,0.006917544,-0.026018832,-0.626755908,0.646836025,-0.178524137,-0.396117812
1789447007.736880779,0.110399776,0.006829526,-0.025561377,-0.627766864,0.647975724,-0.177240761,-0.393219961
1789447007.770216465,0.105950421,0.006687517,-0.024983313,-0.628959408,0.648710709,-0.176234005,-0.390545841
1789447007.803550959,0.101465283,0.006546679,-0.024421047,-0.629891256,0.650144905,-0.174591778,-0.387383944
1789447007.836886406,0.096918195,0.006335694,-0.023755442,-0.631538722,0.651226724,-0.173284674,-0.383451455
1789447007.870221853,0.092688281,0.006203829,-0.023288372,-0.633491886,0.652841698,-0.171068023,-0.378446137
1789447007.903556585,0.088758843,0.006036698,-0.022782091,-0.634891419,0.654688989,-0.168940257,-0.373837403
1789447007.936892748,0.085150657,0.005917040,-0.022483808,-0.636417734,0.655354294,-0.167808633,-0.370571829
1789447007.970229149,0.082119871,0.005796510,-0.022140779,-0.637972915,0.656695570,-0.165770055,-0.366417491
1789447008.003565311,0.079716680,0.005710575,-0.021857781,-0.639218405,0.658303085,-0.163746962,-0.362248272
1789447008.036900997,0.077798097,0.005601922,-0.021642834,-0.640527126,0.659287216,-0.162358966,-0.358754698
1789447008.070237398,0.076555018,0.005623685,-0.021703351,-0.641768892,0.660283621,-0.160845488,-0.355368763
1789447008.103573561,0.075982874,0.005632357,-0.021614133,-0.642511946,0.661121382,-0.159659072,-0.352995607
1789447008.136909008,0.076177591,0.005659593,-0.021671527,-0.642564963,0.661357145,-0.159278117,-0.352629375
1789447008.170245409,0.076503281,0.005701901,-0.021634478,-0.642446294,0.661386237,-0.158639731,-0.353078518
1789447008.203581810,0.076663488,0.005654541,-0.021548547,-0.641933424,0.661965587,-0.158486279,-0.352994532
1789447008.236918211,0.076427076,0.005508418,-0.021681222,-0.642989527,0.661229296,-0.158355282,-0.352510838
1789447008.270253658,0.076062897,0.005265390,-0.021843599,-0.646168877,0.661149731,-0.154007678,-0.348752708
1789447008.303590059,0.075702140,0.004704805,-0.021749436,-0.649604753,0.661314845,-0.149038222,-0.344185922
1789447008.336926460,0.075622965,0.003632574,-0.021661143,-0.652593256,0.662453381,-0.141910903,-0.339321170
1789447008.370263100,0.075490747,0.002205191,-0.021452821,-0.654752928,0.663042740,-0.138177586,-0.335529259
1789447008.403598547,0.075268382,0.000240799,-0.021046716,-0.655420434,0.664048173,-0.138219737,-0.332203827
1789447008.436934948,0.074969989,-0.002644100,-0.020629805,-0.653815747,0.666511718,-0.140661487,-0.329395576
1789447008.470271826,0.074454056,-0.006404725,-0.020689425,-0.651791279,0.667877110,-0.146320383,-0.328174710
1789447008.503607273,0.073437937,-0.010773582,-0.021284651,-0.652051564,0.667103935,-0.152650349,-0.326341798
1789447008.536943913,0.072279650,-0.015635690,-0.022502188,-0.654700847,0.665421974,-0.156242943,-0.322751516
1789447008.570280552,0.071274216,-0.021134460,-0.024304251,-0.658704183,0.663104742,-0.156978384,-0.318996375
1789447008.603616953,0.070443793,-0.027048835,-0.026368514,-0.662347805,0.660576843,-0.156454213,-0.316947471
1789447008.636952639,0.069801926,-0.033291038,-0.028335562,-0.664877604,0.658628006,-0.155016326,-0.316412483
1789447008.670289278,0.069442228,-0.039684681,-0.030283331,-0.667139308,0.657316444,-0.151467305,-0.316097914
1789447008.703625917,0.069552553,-0.045584260,-0.031965375,-0.668770910,0.656997370,-0.145634003,-0.316054842
1789447008.736962557,0.069701747,-0.051148455,-0.033242219,-0.669212152,0.657683155,-0.142133779,-0.315287094
1789447008.770298243,0.069547139,-0.056786916,-0.034409498,-0.668051976,0.658278735,-0.145975344,-0.314748889
1789447008.803635120,0.068994642,-0.062570230,-0.035632117,-0.666428636,0.658315009,-0.152661478,-0.314942368
1789447008.836971760,0.068491559,-0.068686909,-0.037142259,-0.666369607,0.658036724,-0.155527562,-0.314245754
1789447008.870307446,0.068331413,-0.075011044,-0.039325309,-0.668186255,0.656761380,-0.153229701,-0.314185100
1789447008.903644085,0.068471071,-0.081267849,-0.042053466,-0.671843831,0.653959702,-0.147682420,-0.314884865
1789447008.936979294,0.068779547,-0.087306175,-0.044940628,-0.676439948,0.650243369,-0.141769975,-0.315458129
1789447008.970314503,0.069095959,-0.092928348,-0.047454996,-0.679457092,0.647514066,-0.138580763,-0.316004693
1789447009.003648758,0.069149435,-0.098121896,-0.049156083,-0.679439016,0.647198306,-0.141757226,-0.315280614
1789447009.036983967,0.068894963,-0.102900150,-0.050098099,-0.676515002,0.648420965,-0.147598577,-0.316373773
1789447009.070319176,0.068523292,-0.106862603,-0.050764095,-0.674240734,0.649208145,-0.151191913,-0.317913861
1789447009.103654385,0.068216436,-0.109861934,-0.051583289,-0.675092728,0.648923950,-0.150652783,-0.316940459
1789447009.136988640,0.068238108,-0.111675917,-0.052531376,-0.677313250,0.647624454,-0.147581978,-0.316305056
1789447009.170324087,0.068464720,-0.112484630,-0.053368640,-0.679266916,0.646115250,-0.145069862,-0.316364150
1789447009.203659296,0.068744388,-0.112282687,-0.053752720,-0.680296121,0.645038553,-0.144092892,-0.316795978
1789447009.236993313,0.069073436,-0.111292615,-0.053665328,-0.680294433,0.644874497,-0.143658164,-0.317330583
1789447009.270328522,0.069322296,-0.109447276,-0.053147097,-0.680684374,0.644917399,-0.143461617,-0.316495018
1789447009.303663731,0.069419195,-0.106940073,-0.052282670,-0.681318568,0.645840183,-0.141752926,-0.314008878
1789447009.336999178,0.069332451,-0.104022230,-0.051523041,-0.684126487,0.647187394,-0.137215215,-0.307069066
1789447009.370333433,0.069147030,-0.100371778,-0.051102829,-0.689597559,0.644900902,-0.137738562,-0.299309408
1789447009.403668642,0.068393642,-0.096357130,-0.050092524,-0.692212853,0.641620500,-0.144409620,-0.297170593
1789447009.437003851,0.067760230,-0.092633324,-0.048443780,-0.692381315,0.641012240,-0.149774877,-0.295430040
1789447009.470338345,0.067592718,-0.089114049,-0.046323356,-0.691787937,0.642091290,-0.152834661,-0.292898945
1789447009.503673553,0.067823813,-0.085622609,-0.044039522,-0.690274951,0.643987222,-0.154114093,-0.291632983
1789447009.537009001,0.068789828,-0.082362241,-0.041033657,-0.688938019,0.646242812,-0.153185031,-0.290291199
1789447009.570344210,0.069111876,-0.078314051,-0.039486886,-0.688639232,0.647536238,-0.152225258,-0.288617911
1789447009.603678465,0.070085704,-0.074520991,-0.037397296,-0.686289248,0.650220080,-0.151424431,-0.288602767
1789447009.637013912,0.071037033,-0.070603095,-0.035498700,-0.684425845,0.652359189,-0.150115663,-0.288884126
1789447009.670349121,0.072006841,-0.065849042,-0.034024940,-0.684989682,0.653524439,-0.147580208,-0.286208011
1789447009.703684568,0.073166510,-0.060614520,-0.032944053,-0.687435326,0.653843426,-0.143580395,-0.281613418
1789447009.737018824,0.074622372,-0.055005341,-0.031950732,-0.689549171,0.653405708,-0.140136964,-0.279185518
1789447009.770354271,0.076391552,-0.049484018,-0.030458135,-0.688963204,0.654695726,-0.139744226,-0.277803458
1789447009.803689480,0.078220612,-0.044467464,-0.028521181,-0.685123797,0.657872568,-0.141236385,-0.279036469
1789447009.837023973,0.080140885,-0.039734476,-0.026524766,-0.681693344,0.660998194,-0.140131117,-0.280604423
1789447009.870359421,0.082128750,-0.035115040,-0.024911209,-0.679752113,0.663275873,-0.137706295,-0.281139037
1789447009.903694630,0.083905424,-0.030678413,-0.023506448,-0.678308627,0.665435730,-0.134397514,-0.281122757
1789447009.937029123,0.085621274,-0.026396904,-0.022390094,-0.677891627,0.666524833,-0.131821625,-0.280767961
1789447009.970362663,0.087186770,-0.022296272,-0.021061418,-0.676173604,0.667942250,-0.131518378,-0.281683022
1789447010.003696918,0.088855657,-0.018670804,-0.019696248,-0.673931721,0.669842388,-0.130482151,-0.283022294
1789447010.037031412,0.090317374,-0.015344704,-0.018230326,-0.672197360,0.671730879,-0.129223104,-0.283248520
1789447010.070365906,0.091557020,-0.012625890,-0.017157561,-0.670694865,0.673254717,-0.129348822,-0.283134891
1789447010.103699446,0.092481849,-0.010385799,-0.016728927,-0.670357288,0.673035462,-0.131187992,-0.283609033
1789447010.137033939,0.093164110,-0.008490763,-0.016551011,-0.670660145,0.671947355,-0.133990286,-0.284162499
1789447010.170368433,0.093942288,-0.006708758,-0.016166990,-0.670391603,0.672050298,-0.134853587,-0.284144339
1789447010.203701973,0.094798645,-0.005144018,-0.015587150,-0.669076834,0.673100297,-0.135132780,-0.284624862
1789447010.237036467,0.095633993,-0.003669385,-0.015048190,-0.667596779,0.674479183,-0.135454625,-0.284683012
1789447010.270370722,0.096368251,-0.002335492,-0.014727508,-0.667030232,0.674932325,-0.135669595,-0.284834668
1789447010.303704977,0.097152034,-0.000903872,-0.014658354,-0.666481359,0.674791162,-0.135667495,-0.286450373
1789447010.337038517,0.097949478,0.000490742,-0.014731594,-0.667417040,0.674495738,-0.132139262,-0.286616833
1789447010.370373011,0.098794351,0.002021828,-0.014797422,-0.668696517,0.673937915,-0.129703847,-0.286058679
1789447010.403707504,0.099339866,0.003195893,-0.014651862,-0.666612836,0.674493091,-0.132184560,-0.288467745
1789447010.437041759,0.099419470,0.003001746,-0.014947917,-0.664464784,0.673954234,-0.136650910,-0.292572674
1789447010.470375299,0.099007523,0.002883125,-0.015964945,-0.668027447,0.668922334,-0.139752315,-0.294536129
1789447010.503709793,0.098883405,0.002931729,-0.016682225,-0.673467879,0.667615794,-0.133845187,-0.287777053
1789447010.537044287,0.099299564,0.003132706,-0.016472819,-0.674068226,0.669902783,-0.129495233,-0.283007550
1789447010.570377350,0.098876207,0.002915827,-0.015435432,-0.671786875,0.670764884,-0.133285443,-0.284625817
1789447010.603711843,0.098529609,0.002819697,-0.014418813,-0.670374810,0.672703866,-0.134644357,-0.282733126
1789447010.637046337,0.099299648,0.002926254,-0.013715832,-0.669954690,0.674000805,-0.132843598,-0.281489265
1789447010.670380592,0.100689088,0.003164199,-0.013013602,-0.666522309,0.675817505,-0.131604785,-0.285830180
1789447010.703714132,0.101838277,0.003220393,-0.012020385,-0.662822640,0.678517974,-0.130546014,-0.288508657
1789447010.737048626,0.102678264,0.002535900,-0.010829476,-0.660030193,0.681305767,-0.129560122,-0.288784992
1789447010.770382881,0.102093812,0.002821134,-0.011481137,-0.661437622,0.680105045,-0.130773050,-0.287846851
1789447010.803716421,0.102015471,0.002960796,-0.011759533,-0.662296068,0.679106330,-0.130488881,-0.288359433
1789447010.837050438,0.102132864,0.002960847,-0.011435403,-0.661097786,0.680361378,-0.130180688,-0.288289959
1789447010.870384932,0.102243103,0.002862551,-0.011143273,-0.660048612,0.681428083,-0.130100086,-0.288210973
1789447010.903719187,0.102246333,0.002889967,-0.011283415,-0.660556347,0.680879802,-0.129850749,-0.288455873
1789447010.937052965,0.102145062,0.002976565,-0.011303475,-0.661276345,0.680244917,-0.130169223,-0.288160410
1789447010.970387459,0.102225250,0.002960089,-0.011072039,-0.660345294,0.681223803,-0.129920258,-0.288095383
1789447011.003722191,0.102395837,0.002952222,-0.010991469,-0.660207246,0.681313099,-0.129380988,-0.288443085
1789447011.037056684,0.102298263,0.002959518,-0.010997425,-0.660468750,0.681042554,-0.129426980,-0.288462695
1789447011.070390224,0.101954299,0.002909953,-0.010963390,-0.660818581,0.680800926,-0.130368748,-0.287807040
1789447011.103724957,0.101951747,0.002924178,-0.010935405,-0.661120844,0.680548853,-0.130249239,-0.287763139
1789447011.137059212,0.102086388,0.002876530,-0.010884143,-0.660633482,0.681005735,-0.129696168,-0.288051202
1789447011.170392752,0.101964859,0.002703672,-0.010926687,-0.660735992,0.680840108,-0.130293360,-0.287938077
1789447011.203727484,0.101911362,0.002609689,-0.010982549,-0.661071471,0.680466515,-0.130191261,-0.288097324
1789447011.237061977,0.102006592,0.002523211,-0.010860536,-0.660465471,0.681119613,-0.129904304,-0.288073439
1789447011.270396471,0.102155352,0.002451686,-0.010810695,-0.660196278,0.681412959,-0.129668261,-0.288103099
1789447011.303730249,0.102214815,0.002400567,-0.010920945,-0.660494502,0.681074241,-0.129529373,-0.288282904
1789447011.337064743,0.102125895,0.002364156,-0.010971778,-0.660786529,0.680763381,-0.129772493,-0.288238585
1789447011.370399237,0.102017490,0.002296073,-0.010907569,-0.660626359,0.680961589,-0.130160133,-0.287962615
1789447011.403733730,0.102055755,0.002218405,-0.010924140,-0.660601076,0.681000156,-0.130104619,-0.287954500
1789447011.437067270,0.102182941,0.002161031,-0.011017773,-0.660721393,0.680849018,-0.129769624,-0.288186919
1789447011.470401764,0.102234147,0.002105858,-0.011018579,-0.660522335,0.681034252,-0.129696654,-0.288238393
1789447011.503736258,0.102207917,0.002039842,-0.011014879,-0.660384231,0.681182204,-0.129882023,-0.288121731
1789447011.537069798,0.102189632,0.002031619,-0.011120656,-0.660564099,0.681008058,-0.129949274,-0.288090754
1789447011.570404291,0.102196769,0.002045839,-0.011238388,-0.660792892,0.680774179,-0.129930525,-0.288127280
1789447011.603739023,0.102209845,0.002026426,-0.011243516,-0.660574900,0.681003639,-0.129935290,-0.288082741
1789447011.637073517,0.102227679,0.002001272,-0.011254020,-0.660452614,0.681118048,-0.129918521,-0.288100203
1789447011.670407057,0.102236340,0.001995529,-0.011321482,-0.660567130,0.680980997,-0.129818525,-0.288206695
1789447011.703741550,0.102188106,0.002065072,-0.011325203,-0.660666122,0.680889192,-0.129845091,-0.288184726
1789447011.737076044,0.102132635,0.002137113,-0.011270828,-0.660555225,0.681019365,-0.129978005,-0.288071410
1789447011.770410299,0.102100622,0.002230887,-0.011268162,-0.660574537,0.680997887,-0.129993897,-0.288070730
1789447011.803743839,0.102099706,0.002329337,-0.011274133,-0.660664352,0.680888902,-0.129896374,-0.288166356
1789447011.837078571,0.102091998,0.002379959,-0.011233042,-0.660574292,0.680982176,-0.129862592,-0.288167637
1789447011.870413065,0.102063812,0.002387399,-0.011201287,-0.660513831,0.681052077,-0.129914614,-0.288117582
1789447011.903746605,0.102049177,0.002378214,-0.011220561,-0.660583349,0.680976327,-0.129910449,-0.288139126
1789447011.937081099,0.102032463,0.002374420,-0.011237930,-0.660654723,0.680893356,-0.129919199,-0.288167620
1789447011.970415354,0.102018607,0.002343564,-0.011238201,-0.660564772,0.680990785,-0.129952616,-0.288128531
1789447012.003749847,0.102020488,0.002312129,-0.011277603,-0.660543182,0.681013949,-0.129943003,-0.288127613
1789447012.037083149,0.102028179,0.002270410,-0.011373564,-0.660605490,0.680940206,-0.129897060,-0.288179762
1789447012.070417643,0.102023267,0.002256050,-0.011438058,-0.660606499,0.680939666,-0.129921117,-0.288167883
1789447012.103752136,0.102011446,0.002257946,-0.011472711,-0.660551138,0.680996919,-0.129974322,-0.288135499
1789447012.137085438,0.102017035,0.002276218,-0.011521377,-0.660589332,0.680951697,-0.129967050,-0.288158092
1789447012.170419931,0.102012201,0.002324913,-0.011547178,-0.660621796,0.680912540,-0.129946006,-0.288185687
1789447012.203754425,0.101998625,0.002395961,-0.011511820,-0.660572455,0.680965227,-0.129964539,-0.288165941
1789447012.237088919,0.101980850,0.002463177,-0.011473250,-0.660568140,0.680972079,-0.129977577,-0.288153760
1789447012.270422220,0.101962654,0.002536115,-0.011425057,-0.660604897,0.680925627,-0.129967592,-0.288183771
1789447012.303756475,0.101939818,0.002601571,-0.011321812,-0.660587151,0.680943499,-0.129965952,-0.288182960
1789447012.337090969,0.101906407,0.002626162,-0.011211781,-0.660562153,0.680971172,-0.129979038,-0.288168969
1789447012.370425224,0.101878821,0.002630986,-0.011118789,-0.660593337,0.680933087,-0.129974765,-0.288189407
1789447012.403758764,0.101863779,0.002640550,-0.011010264,-0.660604703,0.680921199,-0.129966587,-0.288195131
1789447012.437093019,0.101858355,0.002620622,-0.010922784,-0.660572338,0.680953057,-0.129985820,-0.288185369
1789447012.470427513,0.101855129,0.002601429,-0.010890805,-0.660583171,0.680938669,-0.129989266,-0.288192980
1789447012.503761053,0.101849224,0.002577991,-0.010896327,-0.660603260,0.680915611,-0.129987218,-0.288202337
1789447012.537095308,0.101856284,0.002545178,-0.010920614,-0.660580032,0.680943107,-0.129983004,-0.288192515
1789447012.570429802,0.101847969,0.002510531,-0.010973916,-0.660575611,0.680948731,-0.129972446,-0.288194121
1789447012.603763819,0.101840503,0.002488700,-0.011013395,-0.660598828,0.680921656,-0.129973125,-0.288204570
1789447012.637097359,0.101836615,0.002469559,-0.011025539,-0.660596771,0.680930139,-0.129980666,-0.288185838
1789447012.670431614,0.101831424,0.002463328,-0.011025515,-0.660586099,0.680940909,-0.129976498,-0.288186734
1789447012.703766108,0.101825241,0.002478223,-0.011011924,-0.660593680,0.680927561,-0.129974255,-0.288201909
1789447012.737100363,0.101817915,0.002500024,-0.010999489,-0.660589136,0.680928261,-0.129965747,-0.288214505
1789447012.770433903,0.101807151,0.002524017,-0.010991987,-0.660575122,0.680940862,-0.129972376,-0.288213865
1789447012.803768158,0.101799073,0.002504663,-0.010978572,-0.660681389,0.680832462,-0.129957575,-0.288233048
1789447012.837102652,0.101795402,0.002497053,-0.010988399,-0.660683843,0.680831353,-0.129941741,-0.288237180
1789447012.870435715,0.101777230,0.002442461,-0.011008998,-0.660663160,0.680851509,-0.129939971,-0.288237777
1789447012.903769970,0.101759816,0.002355416,-0.011036878,-0.660660157,0.680850522,-0.129944590,-0.288244909
1789447012.937104702,0.101746463,0.002277977,-0.011057329,-0.660680076,0.680831696,-0.129939118,-0.288246186
1789447012.970439196,0.101737783,0.002184547,-0.011083938,-0.660679260,0.680831172,-0.129956461,-0.288241477
1789447013.003772736,0.101724588,0.002116091,-0.011117987,-0.660673723,0.680836055,-0.129948807,-0.288246086
1789447013.037107468,0.101719292,0.002066451,-0.011153292,-0.660689854,0.680819580,-0.129934847,-0.288254318
1789447013.070441961,0.101716748,0.002045192,-0.011179846,-0.660684150,0.680823740,-0.129944597,-0.288253170
1789447013.103776455,0.101719883,0.002023275,-0.011209928,-0.660683942,0.680822981,-0.129948404,-0.288253724
1789447013.137109995,0.101722009,0.002011664,-0.011241490,-0.660691263,0.680813043,-0.129948737,-0.288260268
1789447013.170444489,0.101743913,0.002012315,-0.011275903,-0.660690066,0.680815887,-0.129949136,-0.288256112
1789447013.203778982,0.101785983,0.002025550,-0.011317955,-0.660685282,0.680820238,-0.129938078,-0.288261787
1789447013.237112522,0.101841395,0.002047827,-0.011379363,-0.660691068,0.680812262,-0.129940448,-0.288266296
1789447013.270447254,0.101921384,0.002056912,-0.011471596,-0.660702814,0.680801946,-0.129934538,-0.288266401
1789447013.303781748,0.102015034,0.002039091,-0.011602001,-0.660703247,0.680803364,-0.129930932,-0.288263686
1789447013.337116241,0.102142210,0.002007201,-0.011762730,-0.660702484,0.680801126,-0.129938257,-0.288267416
1789447013.370449781,0.102278781,0.001940745,-0.011956796,-0.660701709,0.680803240,-0.129939361,-0.288263703
1789447013.403784275,0.102416916,0.001895010,-0.012153608,-0.660692566,0.680806031,-0.129945983,-0.288275082
1789447013.437118769,0.102543947,0.001877192,-0.012330025,-0.660698932,0.680797700,-0.129942775,-0.288281611
1789447013.470452309,0.102645119,0.001881294,-0.012466064,-0.660704802,0.680789532,-0.129934806,-0.288291040
1789447013.503786802,0.102715809,0.001936929,-0.012545025,-0.660708592,0.680786215,-0.129956603,-0.288280362
1789447013.537121296,0.102755964,0.002005206,-0.012579612,-0.660709532,0.680778876,-0.129960343,-0.288293853
1789447013.570455790,0.102762466,0.002067946,-0.012579860,-0.660701599,0.680789093,-0.129940870,-0.288296685
1789447013.603789330,0.102739561,0.002135947,-0.012535350,-0.660695398,0.680792047,-0.129940060,-0.288304285
1789447013.637123823,0.102691796,0.002175700,-0.012446171,-0.660694880,0.680789555,-0.129941448,-0.288310731
1789447013.670458317,0.102617573,0.002189745,-0.012316375,-0.660687759,0.680790880,-0.129942922,-0.288323255
1789447013.703792810,0.102513576,0.002204726,-0.012156391,-0.660678662,0.680799363,-0.129931611,-0.288329169
1789447013.737126112,0.102403889,0.002201015,-0.011988811,-0.660686794,0.680789082,-0.129920328,-0.288339892
1789447013.770460606,0.102296083,0.002202514,-0.011820851,-0.660687542,0.680785903,-0.129935643,-0.288338784
1789447013.803795099,0.102188297,0.002201383,-0.011672593,-0.660694088,0.680778661,-0.129952984,-0.288333069
1789447013.837128639,0.102103008,0.002165659,-0.011564135,-0.660695083,0.680771997,-0.129950483,-0.288347650
1789447013.870463133,0.102016968,0.002117688,-0.011494568,-0.660686761,0.680778583,-0.129944204,-0.288353998
1789447013.903797626,0.101940021,0.002057202,-0.011456670,-0.660688270,0.680777719,-0.129945503,-0.288351996
1789447013.937132120,0.101883136,0.001998663,-0.011427090,-0.660695637,0.680772797,-0.129949196,-0.288345072
1789447013.970465660,0.101857828,0.001953397,-0.011383049,-0.660702901,0.680763965,-0.129952184,-0.288347932
1789447014.003800154,0.101863280,0.001907430,-0.011327715,-0.660708755,0.680759112,-0.129948493,-0.288347640
1789447014.037134409,0.101875438,0.001847969,-0.011277649,-0.660701964,0.680762988,-0.129944274,-0.288355951
1789447014.070468903,0.101894182,0.001794012,-0.011238488,-0.660705218,0.680757048,-0.129949743,-0.288360055
1789447014.103802443,0.101901299,0.001775397,-0.011209484,-0.660706662,0.680750560,-0.129963063,-0.288366060
1789447014.137136936,0.101901707,0.001815483,-0.011181468,-0.660711325,0.680742893,-0.129966630,-0.288371866
1789447014.170471430,0.101886903,0.001921744,-0.011153369,-0.660712575,0.680743263,-0.129959742,-0.288371232
1789447014.203804970,0.101859909,0.002084340,-0.011115882,-0.660712147,0.680741548,-0.129957076,-0.288377463
1789447014.237139463,0.101819855,0.002241402,-0.011082990,-0.660714863,0.680738249,-0.129962724,-0.288376484
1789447014.270473957,0.101775975,0.002363284,-0.011063864,-0.660720223,0.680732889,-0.129970331,-0.288373427
1789447014.303808451,0.101727006,0.002443247,-0.011059486,-0.660727902,0.680725202,-0.129972958,-0.288372796
1789447014.337141514,0.101700426,0.002471886,-0.011064953,-0.660721556,0.680729927,-0.129973317,-0.288376019
1789447014.370476007,0.101681522,0.002467770,-0.011080534,-0.660707749,0.680740995,-0.129956277,-0.288389207
1789447014.403810501,0.101671360,0.002430215,-0.011112336,-0.660706466,0.680737098,-0.129965050,-0.288397391
1789447014.437144995,0.101675442,0.002375882,-0.011149632,-0.660703114,0.680738069,-0.129963426,-0.288403510
1789447014.470478535,0.101701155,0.002316505,-0.011180663,-0.660702515,0.680734600,-0.129959803,-0.288414702
1789447014.503812790,0.101754084,0.002238241,-0.011209634,-0.660700828,0.680734309,-0.129949465,-0.288423913
1789447014.537147284,0.101824595,0.002170811,-0.011234697,-0.660712373,0.680726100,-0.129949778,-0.288416700
1789447014.570480824,0.101898958,0.002094713,-0.011273395,-0.660705477,0.680730186,-0.129968048,-0.288414619
1789447014.603815079,0.101972586,0.002030782,-0.011331317,-0.660705260,0.680726399,-0.129969044,-0.288423606
1789447014.637149334,0.102028462,0.001985678,-0.011404167,-0.660691989,0.680736071,-0.129966815,-0.288432183
1789447014.670483828,0.102068971,0.001948067,-0.011490290,-0.660691881,0.680735694,-0.129970444,-0.288431686
1789447014.703817368,0.102081190,0.001935928,-0.011578510,-0.660700561,0.680729420,-0.129979343,-0.288422598
1789447014.737151623,0.102085166,0.001954681,-0.011652158,-0.660695863,0.680731282,-0.129983790,-0.288426963
1789447014.770486116,0.102091946,0.001992752,-0.011710603,-0.660687409,0.680736097,-0.129973061,-0.288439798
1789447014.803819656,0.102071722,0.002085383,-0.011747764,-0.660685667,0.680735443,-0.129967843,-0.288447685
1789447014.837153912,0.102036769,0.002204488,-0.011765246,-0.660692912,0.680728632,-0.129970277,-0.288446066
1789447014.870488167,0.101988636,0.002325692,-0.011769499,-0.660693713,0.680721997,-0.129979808,-0.288455594
1789447014.903822422,0.101932555,0.002466084,-0.011755806,-0.660679805,0.680730614,-0.129979115,-0.288467427
1789447014.937157869,0.101885764,0.002565208,-0.011745141,-0.660679625,0.680731262,-0.129967668,-0.288471469
1789447014.970494270,0.101843162,0.002648364,-0.011734478,-0.660692594,0.680721415,-0.129978470,-0.288460133
1789447015.003830910,0.101807899,0.002690763,-0.011733629,-0.660692251,0.680718424,-0.129987084,-0.288464097
1789447015.037167311,0.101793775,0.002695438,-0.011729519,-0.660690349,0.680716983,-0.129978857,-0.288475560
1789447015.070502758,0.101790645,0.002703519,-0.011710972,-0.660675733,0.680730602,-0.129973195,-0.288479448
1789447015.103839397,0.101785688,0.002707255,-0.011693232,-0.660676680,0.680728601,-0.129976696,-0.288480423
1789447015.137175798,0.101786041,0.002715759,-0.011678376,-0.660683084,0.680718188,-0.129995157,-0.288482011
1789447015.170511246,0.101786211,0.002723979,-0.011666345,-0.660679596,0.680722494,-0.129993420,-0.288480622
1789447015.203847647,0.101790259,0.002731234,-0.011651172,-0.660673402,0.680722283,-0.129995099,-0.288494547
1789447015.237184048,0.101787278,0.002725150,-0.011635311,-0.660671458,0.680718961,-0.129990759,-0.288508792
1789447015.270520687,0.101780458,0.002683435,-0.011629709,-0.660668088,0.680720043,-0.129984017,-0.288516993
1789447015.303856134,0.101764717,0.002636143,-0.011620137,-0.660669501,0.680717621,-0.129984790,-0.288519124
1789447015.337192774,0.101770941,0.002575063,-0.011601086,-0.660674505,0.680715007,-0.129987541,-0.288512595
1789447015.370529413,0.101785170,0.002503644,-0.011580131,-0.660673900,0.680716709,-0.129994623,-0.288506772
1789447015.403866053,0.101795445,0.002450188,-0.011556939,-0.660669194,0.680716960,-0.129986544,-0.288520598
1789447015.437201500,0.101814786,0.002409945,-0.011533844,-0.660663867,0.680722886,-0.129971888,-0.288525418
1789447015.470538139,0.101820375,0.002386973,-0.011515865,-0.660670343,0.680716714,-0.129975986,-0.288523304
1789447015.503874540,0.101828910,0.002381105,-0.011495862,-0.660678236,0.680705818,-0.129991497,-0.288523949
1789447015.537210226,0.101846591,0.002368094,-0.011471203,-0.660687128,0.680699018,-0.130000512,-0.288515568
1789447015.570546865,0.101858532,0.002352436,-0.011445942,-0.660676436,0.680707031,-0.129990722,-0.288525557
1789447015.603883266,0.101861082,0.002313745,-0.011436376,-0.660669500,0.680711000,-0.129990321,-0.288532255
1789447015.637219906,0.101848438,0.002279214,-0.011440347,-0.660683429,0.680700547,-0.129992944,-0.288523840
1789447015.670555592,0.101822431,0.002236341,-0.011463086,-0.660688289,0.680696245,-0.130001580,-0.288518970
1789447015.703892231,0.101794843,0.002207181,-0.011491742,-0.660682531,0.680698213,-0.129998294,-0.288528991
1789447015.737229109,0.101766608,0.002188820,-0.011523137,-0.660669441,0.680707902,-0.129987287,-0.288541068
1789447015.770565748,0.101740818,0.002177835,-0.011560426,-0.660672475,0.680706723,-0.129989778,-0.288535779
1789447015.803901434,0.101707909,0.002178797,-0.011604117,-0.660671543,0.680706554,-0.130012782,-0.288527947
1789447015.837238073,0.101684905,0.002197598,-0.011643696,-0.660670689,0.680707636,-0.130004040,-0.288531289
1789447015.870574713,0.101665447,0.002227305,-0.011673515,-0.660666363,0.680709035,-0.130006270,-0.288536888
1789447015.903910398,0.101647626,0.002272755,-0.011692528,-0.660663090,0.680712744,-0.130004256,-0.288536539
1789447015.937244892,0.101635790,0.002313389,-0.011702790,-0.660665590,0.680706079,-0.130016923,-0.288540833
1789447015.970579386,0.101648613,0.002368225,-0.011691900,-0.660666900,0.680708497,-0.130013099,-0.288533851
1789447016.003914118,0.101669347,0.002397209,-0.011676817,-0.660663106,0.680713481,-0.129997954,-0.288537603
1789447016.037247658,0.101705171,0.002414515,-0.011657397,-0.660661793,0.680712137,-0.129991558,-0.288546662
1789447016.070581913,0.101737679,0.002442716,-0.011635220,-0.660652750,0.680719057,-0.129992397,-0.288550664
1789447016.103916407,0.101762477,0.002469459,-0.011618507,-0.660658058,0.680714050,-0.129989204,-0.288551762
1789447016.137250185,0.101779148,0.002501093,-0.011602875,-0.660660762,0.680713478,-0.129991812,-0.288545746
1789447016.170584679,0.101779376,0.002513094,-0.011591464,-0.660661905,0.680714176,-0.129992237,-0.288541288
1789447016.203919172,0.101773279,0.002520795,-0.011572531,-0.660659781,0.680713347,-0.129994915,-0.288546902
1789447016.237253666,0.101762915,0.002502801,-0.011555534,-0.660666287,0.680706012,-0.129997178,-0.288548291
1789447016.270587206,0.101745788,0.002463507,-0.011547141,-0.660660052,0.680710222,-0.129988846,-0.288556389
1789447016.303921938,0.101719912,0.002441920,-0.011544597,-0.660661293,0.680703312,-0.129997040,-0.288566156
1789447016.337256432,0.101686940,0.002418690,-0.011552997,-0.660657413,0.680703319,-0.130009754,-0.288569296
1789447016.370590925,0.101667191,0.002397882,-0.011559270,-0.660662605,0.680696189,-0.130011801,-0.288573307
1789447016.403924227,0.101655733,0.002389470,-0.011561303,-0.660661445,0.680698198,-0.130015466,-0.288569572
1789447016.437258720,0.101639328,0.002381321,-0.011566346,-0.660656332,0.680699975,-0.130005411,-0.288581615
1789447016.470593214,0.101639838,0.002333034,-0.011581603,-0.660654039,0.680700709,-0.130016920,-0.288579947
1789447016.503926754,0.101638766,0.002299445,-0.011590741,-0.660658652,0.680694690,-0.130028706,-0.288578272
1789447016.537261248,0.101647529,0.002251438,-0.011600510,-0.660656144,0.680696432,-0.130026639,-0.288580837
1789447016.570595980,0.101672782,0.002205050,-0.011609126,-0.660653449,0.680696871,-0.130030068,-0.288584427
1789447016.603930473,0.101686351,0.002166160,-0.011630516,-0.660650808,0.680697901,-0.130026139,-0.288589814
1789447016.637264013,0.101698852,0.002127524,-0.011668336,-0.660659224,0.680689503,-0.130033244,-0.288587154
1789447016.670598507,0.101723503,0.002107115,-0.011706326,-0.660657643,0.680690437,-0.130047479,-0.288582156
1789447016.703932762,0.101736281,0.002093956,-0.011741708,-0.660659779,0.680688022,-0.130045040,-0.288584063
1789447016.737267256,0.101764865,0.002087960,-0.011758196,-0.660654297,0.680690956,-0.130035877,-0.288593818
1789447016.770600796,0.101792599,0.002104437,-0.011754157,-0.660635311,0.680705920,-0.130038685,-0.288600721
1789447016.803935289,0.101818180,0.002126325,-0.011749342,-0.660643042,0.680698543,-0.130043432,-0.288598286
1789447016.837269783,0.101830424,0.002169546,-0.011743481,-0.660656857,0.680687025,-0.130045158,-0.288593048
1789447016.870603323,0.101856934,0.002224374,-0.011742777,-0.660644725,0.680696454,-0.130043613,-0.288599279
1789447016.903937817,0.101865029,0.002284750,-0.011767015,-0.660634550,0.680702785,-0.130034853,-0.288611583
1789447016.937273026,0.101867564,0.002339969,-0.011815187,-0.660634927,0.680701677,-0.130027361,-0.288616710
1789447016.970608473,0.101875131,0.002368713,-0.011876561,-0.660631838,0.680704649,-0.130035471,-0.288613119
1789447017.003942728,0.101891055,0.002382857,-0.011950964,-0.660628804,0.680703797,-0.130048893,-0.288616025
1789447017.037278175,0.101898134,0.002364067,-0.012046148,-0.660630633,0.680699386,-0.130049581,-0.288621931
1789447017.070613384,0.101908770,0.002340767,-0.012143476,-0.660617847,0.680710948,-0.130050859,-0.288623354
1789447017.103948832,0.101894653,0.002369238,-0.012226153,-0.660604162,0.680719769,-0.130063300,-0.288628265
1789447017.137282848,0.101858064,0.002416724,-0.012296727,-0.660614111,0.680704582,-0.130061839,-0.288641970
1789447017.170618296,0.101787363,0.002548370,-0.012330225,-0.660606802,0.680715606,-0.130058462,-0.288634219
1789447017.203953505,0.101694889,0.002732411,-0.012338861,-0.660600852,0.680727059,-0.130051945,-0.288623763
1789447017.237287998,0.101578277,0.002944764,-0.012334967,-0.660617158,0.680708160,-0.130065956,-0.288624702
1789447017.270623446,0.101462554,0.003158443,-0.012312894,-0.660616159,0.680710243,-0.130072309,-0.288619211
1789447017.303958654,0.101351867,0.003368986,-0.012266855,-0.660615361,0.680717850,-0.130059535,-0.288608854
1789447017.337294102,0.101238555,0.003556854,-0.012207053,-0.660627203,0.680704881,-0.130055939,-0.288613958
1789447017.370628595,0.101137944,0.003715407,-0.012139387,-0.660625289,0.680709344,-0.130065099,-0.288603684
1789447017.403964043,0.101058345,0.003861973,-0.012067290,-0.660616539,0.680713148,-0.130079872,-0.288608083
1789447017.437299490,0.100997547,0.003992052,-0.012001104,-0.660617284,0.680711490,-0.130070697,-0.288614422
1789447017.470633745,0.100967400,0.004079472,-0.011951725,-0.660613844,0.680713749,-0.130064728,-0.288619660
1789447017.503969193,0.100966845,0.004137153,-0.011918522,-0.660613926,0.680715467,-0.130058349,-0.288618293
1789447017.537304640,0.100978610,0.004155082,-0.011900235,-0.660618042,0.680707188,-0.130071414,-0.288622511
1789447017.570640087,0.101003579,0.004113764,-0.011897459,-0.660611484,0.680712130,-0.130073076,-0.288625117
1789447017.603974581,0.101024351,0.004022230,-0.011913689,-0.660595951,0.680724689,-0.130071592,-0.288631718
1789447017.637310028,0.101050578,0.003902866,-0.011937068,-0.660597427,0.680724631,-0.130072809,-0.288627928
1789447017.670645475,0.101096413,0.003753240,-0.011955788,-0.660593862,0.680729032,-0.130082118,-0.288621512
1789447017.703980923,0.101156928,0.003594538,-0.011963074,-0.660604182,0.680714082,-0.130087145,-0.288630885
1789447017.737315655,0.101219477,0.003437959,-0.011956568,-0.660607798,0.680710035,-0.130082537,-0.288634230
1789447017.770651102,0.101295887,0.003265535,-0.011947341,-0.660608388,0.680710663,-0.130078551,-0.288633196
1789447017.803986549,0.101354077,0.003117726,-0.011942694,-0.660601259,0.680711270,-0.130090414,-0.288642735
1789447017.837321043,0.101409376,0.002980646,-0.011951235,-0.660607956,0.680703076,-0.130097922,-0.288643347
1789447017.870656490,0.101460742,0.002870013,-0.011963488,-0.660597021,0.680712042,-0.130100418,-0.288646104
1789447017.903992176,0.101492644,0.002774055,-0.011986538,-0.660592938,0.680714152,-0.130092811,-0.288653900
1789447017.937326908,0.101520410,0.002694943,-0.012002493,-0.660592829,0.680712503,-0.130090159,-0.288659233
1789447017.970660925,0.101555945,0.002636279,-0.011998446,-0.660594682,0.680709896,-0.130102597,-0.288655536
1789447018.003995657,0.101583680,0.002581718,-0.011986891,-0.660594485,0.680703595,-0.130117110,-0.288664303
1789447018.037330627,0.101610560,0.002542142,-0.011963744,-0.660605088,0.680693590,-0.130112053,-0.288665910
1789447018.070665359,0.101624958,0.002492989,-0.011942933,-0.660598484,0.680701293,-0.130114146,-0.288661915
1789447018.103999376,0.101634130,0.002444851,-0.011925277,-0.660601564,0.680696101,-0.130124771,-0.288662323
1789447018.137333870,0.101634625,0.002400005,-0.011911890,-0.660613823,0.680683992,-0.130137053,-0.288657284
1789447018.170668840,0.101643844,0.002358165,-0.011897499,-0.660614780,0.680685514,-0.130137417,-0.288651340
1789447018.204002619,0.101651455,0.002319327,-0.011885248,-0.660615861,0.680685114,-0.130133011,-0.288651797
1789447018.237337589,0.101671595,0.002303985,-0.011864418,-0.660623854,0.680677751,-0.130126817,-0.288653658
1789447018.270672321,0.101686234,0.002287815,-0.011847777,-0.660623698,0.680680212,-0.130134778,-0.288644623
1789447018.304007292,0.101698804,0.002291751,-0.011832966,-0.660625563,0.680676086,-0.130154716,-0.288641096
1789447018.337341070,0.101714578,0.002290203,-0.011824765,-0.660632286,0.680669468,-0.130151345,-0.288642834
1789447018.370676041,0.101725691,0.002281365,-0.011825473,-0.660613240,0.680689048,-0.130142751,-0.288644125
1789447018.404010773,0.101730515,0.002265643,-0.011839276,-0.660621007,0.680675493,-0.130153786,-0.288653341
1789447018.437345743,0.101724013,0.002253834,-0.011852615,-0.660633889,0.680664213,-0.130154813,-0.288649993
1789447018.470679522,0.101733238,0.002235377,-0.011860537,-0.660628742,0.680673428,-0.130152019,-0.288641302
1789447018.504014492,0.101735414,0.002238472,-0.011863777,-0.660622593,0.680676015,-0.130147852,-0.288651154
1789447018.537349224,0.101747029,0.002251933,-0.011866953,-0.660633601,0.680662842,-0.130163682,-0.288649886
1789447018.570683002,0.101751470,0.002250700,-0.011879859,-0.660626959,0.680669358,-0.130174522,-0.288644835
1789447018.604017735,0.101757276,0.002248402,-0.011894727,-0.660634809,0.680663513,-0.130167523,-0.288643806
1789447018.637352705,0.101755912,0.002229354,-0.011912270,-0.660629644,0.680668644,-0.130152997,-0.288650080
1789447018.670687437,0.101761843,0.002218828,-0.011919139,-0.660624082,0.680673493,-0.130158221,-0.288649017
1789447018.704021454,0.101773366,0.002206654,-0.011923101,-0.660621971,0.680671528,-0.130169640,-0.288653333
1789447018.737356186,0.101789687,0.002195790,-0.011927189,-0.660615923,0.680676625,-0.130163007,-0.288658148
1789447018.770691156,0.101806303,0.002173965,-0.011936392,-0.660611830,0.680681016,-0.130156115,-0.288660266
1789447018.804024935,0.101826084,0.002146914,-0.011947958,-0.660615175,0.680676751,-0.130149363,-0.288665714
1789447018.837359905,0.101842398,0.002114810,-0.011960587,-0.660622683,0.680669169,-0.130145351,-0.288668219
1789447018.870694637,0.101857591,0.002077975,-0.011972448,-0.660614722,0.680674619,-0.130151563,-0.288670787
1789447018.904029608,0.101870529,0.002060651,-0.011980031,-0.660607743,0.680679703,-0.130149175,-0.288675847
1789447018.937363148,0.101885690,0.002045500,-0.011988883,-0.660609644,0.680676784,-0.130149248,-0.288678346
1789447018.970697403,0.101903823,0.002036030,-0.011995910,-0.660596005,0.680687015,-0.130162705,-0.288679367
1789447019.004032135,0.101919485,0.002032086,-0.012003158,-0.660611068,0.680672764,-0.130156399,-0.288681343
1789447019.037366629,0.101946350,0.002031357,-0.011999373,-0.660607061,0.680674199,-0.130149603,-0.288690191
1789447019.070700407,0.101972073,0.002025335,-0.011989260,-0.660604755,0.680681141,-0.130138905,-0.288683923
1789447019.104034901,0.101988565,0.002008488,-0.011987162,-0.660603559,0.680679605,-0.130148906,-0.288685774
1789447019.137369394,0.101996075,0.002004821,-0.011989672,-0.660601285,0.680680444,-0.130150976,-0.288688066
1789447019.170703173,0.102004302,0.001989062,-0.011996392,-0.660596794,0.680686042,-0.130139107,-0.288690491
1789447019.204037666,0.102012115,0.001990890,-0.011991993,-0.660597620,0.680689602,-0.130120971,-0.288688386
1789447019.237372398,0.102021743,0.001983435,-0.011988474,-0.660597336,0.680686219,-0.130126568,-0.288694487
1789447019.270706892,0.102026707,0.001962144,-0.011992279,-0.660600494,0.680682534,-0.130147148,-0.288686672
1789447019.304040194,0.102038323,0.001938010,-0.012002308,-0.660604756,0.680678588,-0.130151280,-0.288684363
1789447019.337374926,0.102050195,0.001911299,-0.012012949,-0.660602871,0.680679471,-0.130151138,-0.288686656
1789447019.370709419,0.102063503,0.001880987,-0.012025516,-0.660594412,0.680682023,-0.130154487,-0.288698486
1789447019.404043913,0.102074951,0.001863585,-0.012034929,-0.660602522,0.680675092,-0.130149769,-0.288698399
1789447019.437377453,0.102086828,0.001817793,-0.012049523,-0.660608253,0.680669739,-0.130153692,-0.288696136
1789447019.470712185,0.102102390,0.001783469,-0.012057483,-0.660609005,0.680666959,-0.130155507,-0.288700151
1789447019.504046679,0.102110466,0.001737046,-0.012075417,-0.660601340,0.680671407,-0.130151880,-0.288708839
1789447019.537380219,0.102120681,0.001721862,-0.012085810,-0.660599253,0.680672128,-0.130152236,-0.288711752
1789447019.570714712,0.102143505,0.001734728,-0.012081225,-0.660608104,0.680664317,-0.130161016,-0.288705957
1789447019.604049206,0.102155767,0.001736567,-0.012075620,-0.660610968,0.680657198,-0.130177590,-0.288708715
1789447019.637383699,0.102170610,0.001735738,-0.012063734,-0.660608005,0.680656702,-0.130175202,-0.288717743
1789447019.670717239,0.102179922,0.001710720,-0.012055613,-0.660599819,0.680660770,-0.130172836,-0.288727949
1789447019.704051733,0.102187665,0.001684064,-0.012051166,-0.660598822,0.680659951,-0.130175884,-0.288730786
1789447019.737386465,0.102187455,0.001679440,-0.012050167,-0.660611799,0.680646036,-0.130186490,-0.288729116
1789447019.770720959,0.102186745,0.001676722,-0.012053137,-0.660609901,0.680644038,-0.130196979,-0.288733440
1789447019.804054499,0.102194832,0.001693477,-0.012047530,-0.660603333,0.680652351,-0.130182501,-0.288735399
1789447019.837388992,0.102201307,0.001705884,-0.012040160,-0.660611433,0.680646203,-0.130166465,-0.288738588
1789447019.870723486,0.102206824,0.001708949,-0.012035262,-0.660616710,0.680645679,-0.130172540,-0.288725009
1789447019.904056787,0.102210926,0.001695548,-0.012040644,-0.660617799,0.680640829,-0.130181779,-0.288729788
1789447019.937392235,0.102219753,0.001690681,-0.012048029,-0.660615216,0.680640864,-0.130186177,-0.288733632
1789447019.970727444,0.102233367,0.001683543,-0.012059709,-0.660609191,0.680644234,-0.130182121,-0.288741302
1789447020.004062891,0.102242819,0.001685172,-0.012070152,-0.660608952,0.680642685,-0.130185517,-0.288743968
1789447020.037397146,0.102245403,0.001692344,-0.012073386,-0.660616682,0.680636829,-0.130199465,-0.288733798
1789447020.070732594,0.102261071,0.001681268,-0.012071513,-0.660619431,0.680631988,-0.130205016,-0.288736419
1789447020.104068041,0.102267631,0.001681642,-0.012063978,-0.660611325,0.680639177,-0.130188027,-0.288745676
1789447020.137402296,0.102265959,0.001657961,-0.012067418,-0.660614183,0.680638367,-0.130182359,-0.288743603
1789447020.170737743,0.102268179,0.001636275,-0.012077998,-0.660613117,0.680641752,-0.130183453,-0.288737569
1789447020.204072952,0.102264959,0.001615933,-0.012096353,-0.660618951,0.680636033,-0.130194290,-0.288732816
1789447020.237408400,0.102270553,0.001603405,-0.012111500,-0.660616319,0.680636463,-0.130197035,-0.288736587
1789447020.270742655,0.102280055,0.001582113,-0.012126267,-0.660616401,0.680638660,-0.130184477,-0.288736883
1789447020.304078102,0.102289329,0.001564770,-0.012135669,-0.660620608,0.680632505,-0.130193398,-0.288737744
1789447020.337413549,0.102294510,0.001560927,-0.012140807,-0.660624018,0.680631728,-0.130193673,-0.288731649
1789447020.370748758,0.102305750,0.001551102,-0.012146240,-0.660628499,0.680628998,-0.130200641,-0.288724690
1789447020.404083252,0.102310219,0.001548044,-0.012142986,-0.660625534,0.680628999,-0.130198065,-0.288732632
1789447020.437418699,0.102327153,0.001562386,-0.012119551,-0.660621602,0.680631478,-0.130190509,-0.288739193
1789447020.470753908,0.102338010,0.001561990,-0.012099801,-0.660608495,0.680644140,-0.130188931,-0.288740044
1789447020.504088402,0.102335169,0.001571246,-0.012085585,-0.660606612,0.680646031,-0.130189270,-0.288739743
1789447020.537423849,0.102340670,0.001587708,-0.012073210,-0.660605214,0.680646741,-0.130192483,-0.288739818
1789447020.570759296,0.102341394,0.001586538,-0.012077056,-0.660603500,0.680648861,-0.130198152,-0.288736184
1789447020.604094505,0.102334248,0.001586501,-0.012086480,-0.660600482,0.680651029,-0.130187831,-0.288742634
1789447020.637428999,0.102333261,0.001579739,-0.012093800,-0.660593163,0.680660783,-0.130181295,-0.288739332
1789447020.670764446,0.102339864,0.001575764,-0.012094671,-0.660594689,0.680657818,-0.130193959,-0.288737120
1789447020.704099655,0.102382779,0.001585642,-0.012096088,-0.661002320,0.680694187,-0.129585066,-0.287991435
1789447020.737435102,0.102381512,0.001575459,-0.012095278,-0.660988162,0.680706224,-0.129567692,-0.288003299
1789447020.770769596,0.102381773,0.001569800,-0.012091014,-0.660986747,0.680708970,-0.129548417,-0.288008726
1789447020.804105043,0.102368515,0.001560531,-0.012090525,-0.660986491,0.680708801,-0.129566109,-0.288001754
1789447020.837440491,0.102353207,0.001552493,-0.012089237,-0.660991279,0.680703361,-0.129582810,-0.287996110
1789447020.870774746,0.102346210,0.001533582,-0.012089456,-0.660985233,0.680703257,-0.129565352,-0.288018084
1789447020.904110193,0.102344272,0.001517788,-0.012093856,-0.660987212,0.680703728,-0.129558289,-0.288015607
1789447020.937444687,0.102340050,0.001515540,-0.012097550,-0.660990961,0.680694238,-0.129558894,-0.288029159
1789447020.970778942,0.102345245,0.001525561,-0.012096704,-0.660994179,0.680696829,-0.129573200,-0.288009215
1789447021.004112244,0.102357290,0.001538390,-0.012095804,-0.660988294,0.680707084,-0.129582698,-0.287994212
1789447021.037446737,0.102361165,0.001559975,-0.012097473,-0.660982624,0.680707298,-0.129572350,-0.288011372
1789447021.070780993,0.102365345,0.001566824,-0.012109038,-0.660982223,0.680696717,-0.129583555,-0.288032260
1789447021.104115486,0.102367218,0.001575828,-0.012119496,-0.660996878,0.680680553,-0.129593669,-0.288032278
1789447021.137449026,0.102369823,0.001576625,-0.012123979,-0.660994657,0.680689820,-0.129575433,-0.288023679
1789447021.170783281,0.102368414,0.001575788,-0.012128334,-0.660992531,0.680697922,-0.129573255,-0.288010390
1789447021.204117775,0.102355279,0.001565553,-0.012143553,-0.661003873,0.680684008,-0.129581680,-0.288013454
1789447021.237450838,0.102349279,0.001555844,-0.012151741,-0.660986896,0.680705973,-0.129574688,-0.288003650
1789447021.270785332,0.102358808,0.001541185,-0.012146598,-0.660970592,0.680729581,-0.129571119,-0.287986873
1789447021.304119825,0.102359475,0.001516420,-0.012144383,-0.660991729,0.680699326,-0.129574629,-0.288008295
1789447021.337454081,0.102352377,0.001486594,-0.012150942,-0.660995336,0.680695780,-0.129568789,-0.288011023
1789447021.370787621,0.102356448,0.001475774,-0.012158755,-0.661001042,0.680692584,-0.129577862,-0.288001399
1789447021.404121876,0.102358470,0.001477935,-0.012173583,-0.661005685,0.680685817,-0.129584806,-0.288003614
1789447021.437456369,0.102360111,0.001496951,-0.012183023,-0.661002629,0.680695811,-0.129557667,-0.287999216
1789447021.470789433,0.102367136,0.001522137,-0.012182052,-0.660993622,0.680701590,-0.129557006,-0.288006528
1789447021.504123688,0.102368044,0.001510939,-0.012186284,-0.660990267,0.680703947,-0.129570537,-0.288002569
1789447021.537458181,0.102365598,0.001516734,-0.012175078,-0.660985631,0.680710606,-0.129560101,-0.288002166
1789447021.570792437,0.102379761,0.001528904,-0.012152011,-0.660996737,0.680701131,-0.129552084,-0.288002677
1789447021.604125977,0.102382545,0.001528573,-0.012134428,-0.661002570,0.680690542,-0.129567353,-0.288007447
1789447021.637460232,0.102392154,0.001538473,-0.012114633,-0.661004285,0.680691528,-0.129553403,-0.288007457
1789447021.670794725,0.102402859,0.001543624,-0.012098039,-0.660991477,0.680701461,-0.129567186,-0.288007174
1789447021.704128981,0.102407158,0.001542410,-0.012094714,-0.660993954,0.680695129,-0.129579960,-0.288010709
1789447021.737462044,0.102410711,0.001561538,-0.012092928,-0.661008495,0.680683165,-0.129566698,-0.288011578
1789447021.770796537,0.102411203,0.001561107,-0.012100250,-0.660998121,0.680690694,-0.129586422,-0.288008718
1789447021.804130793,0.102403706,0.001563623,-0.012108470,-0.661005125,0.680681279,-0.129584231,-0.288015883
1789447021.837464094,0.102405745,0.001552860,-0.012111884,-0.661006052,0.680685607,-0.129561942,-0.288013553
1789447021.870798349,0.102412414,0.001554261,-0.012101746,-0.660993801,0.680699552,-0.129565331,-0.288007188
1789447021.904132843,0.102416146,0.001554938,-0.012094804,-0.661010114,0.680674280,-0.129592509,-0.288017247
1789447021.937467575,0.102404139,0.001544955,-0.012098926,-0.661015963,0.680669389,-0.129591030,-0.288016050
1789447021.970801353,0.102402708,0.001562325,-0.012090780,-0.660992214,0.680702159,-0.129570608,-0.288002293
1789447022.004136086,0.102404649,0.001565613,-0.012085577,-0.660991628,0.680703896,-0.129578994,-0.287995761
1789447022.037470341,0.102406473,0.001567172,-0.012085938,-0.660999703,0.680692609,-0.129588691,-0.287999543
1789447022.070805073,0.102400337,0.001571591,-0.012092907,-0.660986680,0.680706731,-0.129576056,-0.288001738
1789447022.104138851,0.102400567,0.001550406,-0.012114004,-0.660988929,0.680697016,-0.129586133,-0.288015002
1789447022.137473583,0.102394336,0.001547037,-0.012130171,-0.661013450,0.680671649,-0.129572819,-0.288024668
1789447022.170808315,0.102391918,0.001526374,-0.012145420,-0.661007025,0.680678412,-0.129572276,-0.288023676
1789447022.204142094,0.102384641,0.001505530,-0.012153421,-0.661004431,0.680682627,-0.129600731,-0.288006865
1789447022.237476826,0.102380377,0.001505790,-0.012145971,-0.661007140,0.680679697,-0.129598635,-0.288008513
1789447022.270811558,0.102393757,0.001495827,-0.012135568,-0.661000975,0.680688198,-0.129585168,-0.288008632
1789447022.304146051,0.102400531,0.001490791,-0.012130916,-0.661007857,0.680673268,-0.129581508,-0.288029770
1789447022.337479830,0.102412094,0.001498648,-0.012126768,-0.661019263,0.680656085,-0.129583397,-0.288043350
1789447022.370814562,0.102415094,0.001486920,-0.012132537,-0.661016900,0.680668270,-0.129583092,-0.288020115
1789447022.404149055,0.102411680,0.001478918,-0.012137905,-0.661007777,0.680680086,-0.129601116,-0.288005015
1789447022.437483788,0.102405026,0.001466140,-0.012142637,-0.661007783,0.680674709,-0.129592751,-0.288021475
1789447022.470817566,0.102397748,0.001451884,-0.012144492,-0.661006652,0.680678465,-0.129579779,-0.288021032
1789447022.504152060,0.102393890,0.001442997,-0.012140587,-0.661004346,0.680685657,-0.129589422,-0.288004988
1789447022.537486792,0.102389814,0.001441173,-0.012137863,-0.661009897,0.680681969,-0.129599280,-0.287996525
1789447022.570820570,0.102390561,0.001452428,-0.012142266,-0.661007494,0.680686032,-0.129583792,-0.287999410
1789447022.604155302,0.102387683,0.001452341,-0.012159257,-0.660995788,0.680690990,-0.129590183,-0.288011681
1789447022.637490034,0.102389334,0.001458311,-0.012173889,-0.661002426,0.680692931,-0.129577881,-0.287997395
1789447022.670824528,0.102390303,0.001460115,-0.012186367,-0.661001033,0.680694299,-0.129571709,-0.288000136
1789447022.704158306,0.102389277,0.001441134,-0.012198947,-0.660985651,0.680698437,-0.129594524,-0.288015391
1789447022.737493038,0.102392153,0.001467396,-0.012194688,-0.660998246,0.680682926,-0.129593070,-0.288023799
1789447022.770827532,0.102398265,0.001471585,-0.012190409,-0.661005030,0.680686778,-0.129568278,-0.288010281
1789447022.804161072,0.102409970,0.001482073,-0.012177922,-0.660991888,0.680700456,-0.129580645,-0.288002550
1789447022.837495804,0.102409043,0.001476967,-0.012173650,-0.661002940,0.680683604,-0.129580161,-0.288017235
1789447022.870830536,0.102407890,0.001482631,-0.012168576,-0.660997607,0.680684700,-0.129595098,-0.288020160
1789447022.904165268,0.102407865,0.001475585,-0.012167741,-0.660996038,0.680684681,-0.129615271,-0.288014730
1789447022.937501431,0.102408353,0.001483769,-0.012160403,-0.660998300,0.680689789,-0.129592362,-0.288007775
1789447022.970838547,0.102406707,0.001486534,-0.012153299,-0.660998189,0.680692496,-0.129575319,-0.288009300
1789447023.004175663,0.102407764,0.001491520,-0.012143824,-0.660994513,0.680688754,-0.129593889,-0.288018226
1789447023.037513256,0.102397231,0.001479914,-0.012148566,-0.660992037,0.680693380,-0.129596967,-0.288011591
1789447023.070849419,0.102393530,0.001488964,-0.012149838,-0.661001690,0.680687107,-0.129597548,-0.288004001
1789447023.104186535,0.102395487,0.001490046,-0.012156269,-0.661003752,0.680685085,-0.129607827,-0.287999420
1789447023.137523890,0.102398942,0.001504032,-0.012161483,-0.661007379,0.680678893,-0.129614617,-0.288002675
1789447023.170860052,0.102406741,0.001498207,-0.012169606,-0.660998540,0.680692657,-0.129609098,-0.287992913
1789447023.204197407,0.102419917,0.001492172,-0.012170246,-0.660993793,0.680700466,-0.129605405,-0.287987016
1789447023.237535000,0.102428496,0.001485682,-0.012170213,-0.660992271,0.680704082,-0.129594920,-0.287986680
1789447023.270872355,0.102427758,0.001464177,-0.012181757,-0.660991742,0.680701194,-0.129585285,-0.287999056
1789447023.304208517,0.102427391,0.001448419,-0.012196697,-0.660996742,0.680695539,-0.129594589,-0.287996758
1789447023.337545872,0.102429278,0.001448028,-0.012206155,-0.660997373,0.680692474,-0.129594428,-0.288002625
1789447023.370883226,0.102437496,0.001454830,-0.012208372,-0.661010030,0.680677475,-0.129591559,-0.288010317
1789447023.404220819,0.102448337,0.001466284,-0.012201688,-0.661006009,0.680684564,-0.129591398,-0.288002865
1789447023.437557220,0.102447234,0.001471536,-0.012190651,-0.660995934,0.680698573,-0.129587021,-0.287994847
1789447023.470894575,0.102452188,0.001467623,-0.012176610,-0.661000786,0.680696364,-0.129576766,-0.287993548
1789447023.504231930,0.102437648,0.001461521,-0.012166468,-0.661002901,0.680687473,-0.129597699,-0.288000287
1789447023.537568331,0.102432470,0.001457434,-0.012163465,-0.661000283,0.680682481,-0.129614730,-0.288010430
1789447023.570905924,0.102429798,0.001472053,-0.012163851,-0.660992766,0.680700297,-0.129589530,-0.287996913
1789447023.604243517,0.102435496,0.001507742,-0.012164324,-0.660991407,0.680697027,-0.129606098,-0.288000306
1789447023.637580872,0.102440218,0.001551542,-0.012170038,-0.660991703,0.680697292,-0.129591759,-0.288005454
1789447023.670917511,0.102446610,0.001579514,-0.012176094,-0.660992880,0.680699624,-0.129583404,-0.288001001
1789447023.704254866,0.102452786,0.001613172,-0.012171025,-0.660988073,0.680707926,-0.129588060,-0.287990315
1789447023.737592459,0.102456773,0.001605714,-0.012167570,-0.660984923,0.680696368,-0.129606165,-0.288016716
1789447023.770929813,0.102450687,0.001595836,-0.012161748,-0.660988000,0.680690877,-0.129611424,-0.288020265
1789447023.804266691,0.102436140,0.001561519,-0.012170669,-0.660987248,0.680707008,-0.129602857,-0.287987719
1789447023.837604284,0.102416611,0.001513071,-0.012187159,-0.660980670,0.680708174,-0.129606523,-0.287998410
1789447023.870941639,0.102403971,0.001483009,-0.012193210,-0.660979190,0.680713668,-0.129582290,-0.287999725
1789447023.904278278,0.102402660,0.001459995,-0.012192676,-0.660991483,0.680707808,-0.129566032,-0.287992680
1789447023.937618732,0.102394121,0.001449536,-0.012195947,-0.660998466,0.680689870,-0.129591361,-0.288007653
1789447023.970958710,0.102390781,0.001441604,-0.012206813,-0.660998717,0.680691618,-0.129590331,-0.288003409
1789447024.004299164,0.102392784,0.001431779,-0.012217693,-0.660993861,0.680698383,-0.129593383,-0.287997192
1789447024.037638426,0.102396510,0.001423299,-0.012217908,-0.660979354,0.680707836,-0.129607971,-0.288001579
1789447024.070978642,0.102400461,0.001397978,-0.012216802,-0.660981703,0.680707030,-0.129593126,-0.288004774
1789447024.104319096,0.102407384,0.001387072,-0.012205845,-0.660983099,0.680710210,-0.129590372,-0.287995291
1789447024.137658358,0.102412843,0.001365675,-0.012195777,-0.660977341,0.680718305,-0.129598151,-0.287985873
1789447024.170999050,0.102415310,0.001371511,-0.012184628,-0.660979435,0.680710362,-0.129576020,-0.288009800
1789447024.204339266,0.102409289,0.001367516,-0.012192467,-0.660989274,0.680700609,-0.129572874,-0.288011685
1789447024.237679958,0.102406916,0.001383648,-0.012202845,-0.661001158,0.680692659,-0.129596534,-0.287992557
1789447024.271019459,0.102405852,0.001424038,-0.012207000,-0.660995662,0.680689113,-0.129598379,-0.288012719
1789447024.304360151,0.102417627,0.001449465,-0.012209404,-0.660976655,0.680707869,-0.129584086,-0.288018441
1789447024.337700605,0.102422069,0.001478074,-0.012201134,-0.660982258,0.680698147,-0.129603138,-0.288019989
1789447024.371041536,0.102429443,0.001504577,-0.012185543,-0.660984015,0.680698864,-0.129611778,-0.288010375
1789447024.404381037,0.102432193,0.001503621,-0.012176489,-0.660992481,0.680692144,-0.129608533,-0.288008286
1789447024.437721968,0.102435293,0.001500732,-0.012171935,-0.660991076,0.680690718,-0.129591393,-0.288022593
1789447024.471062660,0.102435417,0.001487796,-0.012178234,-0.660984999,0.680697095,-0.129593088,-0.288020707
1789447024.504402637,0.102430595,0.001486082,-0.012190594,-0.660992013,0.680698939,-0.129597753,-0.287998151
1789447024.537743330,0.102424203,0.001489848,-0.012208390,-0.660993704,0.680699905,-0.129602141,-0.287990012
1789447024.571084261,0.102416918,0.001500858,-0.012218789,-0.660980019,0.680709034,-0.129592808,-0.288004044
1789447024.604425192,0.102416000,0.001497117,-0.012225092,-0.660975688,0.680716025,-0.129586895,-0.288000121
1789447024.637765169,0.102411395,0.001496437,-0.012221299,-0.660982671,0.680705002,-0.129606980,-0.288001111
1789447024.671106100,0.102409714,0.001481781,-0.012220452,-0.660992104,0.680694706,-0.129599139,-0.288007325
1789447024.704447269,0.102414675,0.001477705,-0.012213543,-0.660998978,0.680685229,-0.129600906,-0.288013150
1789447024.737788439,0.102425027,0.001477692,-0.012207154,-0.660987686,0.680699965,-0.129587722,-0.288010172
1789447024.771128416,0.102429340,0.001481027,-0.012202130,-0.660999033,0.680696228,-0.129557529,-0.288006546
1789447024.804469585,0.102440958,0.001501176,-0.012192523,-0.661016796,0.680676208,-0.129581117,-0.288002481
1789447024.837810516,0.102441360,0.001521407,-0.012185046,-0.660997526,0.680688002,-0.129613639,-0.288004200
1789447024.871150970,0.102449713,0.001547044,-0.012174483,-0.660983700,0.680701205,-0.129592750,-0.288014126
1789447024.904492140,0.102452564,0.001567477,-0.012166613,-0.660981876,0.680704923,-0.129588505,-0.288011437
1789447024.937838316,0.102457576,0.001583324,-0.012159152,-0.660999925,0.680688285,-0.129612261,-0.287998645
1789447024.971184492,0.102450743,0.001589958,-0.012152740,-0.660999529,0.680688556,-0.129608800,-0.288000472
1789447025.004529715,0.102459032,0.001588612,-0.012145050,-0.660991891,0.680702030,-0.129583955,-0.287997333
1789447025.037876129,0.102456515,0.001577990,-0.012143751,-0.661002407,0.680686452,-0.129602274,-0.288001777
1789447025.071222544,0.102455118,0.001576311,-0.012143136,-0.660988023,0.680705003,-0.129592997,-0.287995116
1789447025.104569197,0.102448860,0.001547384,-0.012154214,-0.660993370,0.680699506,-0.129608436,-0.287988889
1789447025.137914896,0.102450553,0.001537358,-0.012159932,-0.660999513,0.680685399,-0.129603029,-0.288010565
1789447025.171261549,0.102447096,0.001518399,-0.012165606,-0.660989127,0.680697787,-0.129589585,-0.288011175
1789447025.204608202,0.102445897,0.001505132,-0.012169608,-0.660990778,0.680699529,-0.129585072,-0.288005297
1789447025.237953901,0.102436736,0.001511918,-0.012170162,-0.660998257,0.680699497,-0.129587431,-0.287987148
1789447025.271300793,0.102426050,0.001520508,-0.012168953,-0.660988412,0.680706496,-0.129589188,-0.287992409
1789447025.304647684,0.102424230,0.001530872,-0.012162688,-0.660989993,0.680695583,-0.129597889,-0.288010660
1789447025.337994576,0.102434980,0.001522661,-0.012158387,-0.660986845,0.680708247,-0.129582701,-0.287994786
1789447025.371340752,0.102436557,0.001502146,-0.012162161,-0.660987196,0.680712744,-0.129570092,-0.287989024
1789447025.404687881,0.102433072,0.001464687,-0.012175552,-0.660998470,0.680692573,-0.129577582,-0.288007454
1789447025.438035250,0.102433242,0.001433840,-0.012189417,-0.660997271,0.680694115,-0.129586861,-0.288002388
1789447025.471381426,0.102429308,0.001404951,-0.012201192,-0.660994288,0.680699508,-0.129578377,-0.288000304
1789447025.504728794,0.102425562,0.001404217,-0.012203488,-0.660986270,0.680704759,-0.129577690,-0.288006604
1789447025.538076162,0.102411432,0.001399146,-0.012210324,-0.660990831,0.680703052,-0.129593159,-0.287993210
1789447025.571423769,0.102406964,0.001411987,-0.012208586,-0.660992746,0.680698868,-0.129587444,-0.288001277
1789447025.604770184,0.102418176,0.001434787,-0.012196432,-0.660981170,0.680714430,-0.129581532,-0.287993724
1789447025.638118029,0.102436752,0.001461549,-0.012178928,-0.660983127,0.680709692,-0.129589631,-0.287996785
1789447025.671465635,0.102449801,0.001482255,-0.012161282,-0.660993394,0.680696366,-0.129582570,-0.288007896
1789447025.704813480,0.102461781,0.001463730,-0.012155246,-0.660995170,0.680696415,-0.129565875,-0.288011215
1789447025.738160372,0.102472658,0.001474336,-0.012143749,-0.660990682,0.680695687,-0.129561987,-0.288024982
1789447025.771508217,0.102472711,0.001469100,-0.012148017,-0.660980747,0.680709960,-0.129557110,-0.288016247
1789447025.804856300,0.102464274,0.001451025,-0.012168204,-0.660987657,0.680702963,-0.129571266,-0.288010558
1789447025.838203430,0.102457760,0.001459003,-0.012177608,-0.660991442,0.680692175,-0.129587399,-0.288020107
1789447025.871551514,0.102453742,0.001465276,-0.012184432,-0.660989552,0.680696744,-0.129572399,-0.288020397
1789447025.904899597,0.102444518,0.001457956,-0.012195630,-0.660991226,0.680698364,-0.129583337,-0.288007803
1789447025.938248634,0.102442838,0.001480096,-0.012194732,-0.661000676,0.680688608,-0.129590328,-0.288006028
1789447025.971596718,0.102435850,0.001482906,-0.012198842,-0.661002971,0.680688278,-0.129560674,-0.288014882
1789447026.004945755,0.102425006,0.001490686,-0.012198883,-0.661000536,0.680685186,-0.129552580,-0.288031418
1789447026.038295269,0.102421068,0.001479680,-0.012197917,-0.661000145,0.680686379,-0.129557406,-0.288027326
1789447026.071644306,0.102418723,0.001477253,-0.012188936,-0.661011620,0.680677358,-0.129571096,-0.288016151
1789447026.104992628,0.102426756,0.001476860,-0.012178693,-0.661015372,0.680669980,-0.129578074,-0.288021837
1789447026.138342381,0.102431867,0.001478905,-0.012175053,-0.660999895,0.680688335,-0.129572982,-0.288016270
1789447026.171691895,0.102443364,0.001498035,-0.012170417,-0.660987433,0.680705373,-0.129557729,-0.288011463
1789447026.205040455,0.102452067,0.001521880,-0.012172211,-0.660985037,0.680703903,-0.129578033,-0.288011304
1789447026.238390446,0.102449218,0.001549320,-0.012182605,-0.660989331,0.680693834,-0.129603442,-0.288013814
1789447026.271739960,0.102451793,0.001573521,-0.012189038,-0.660993826,0.680692838,-0.129584724,-0.288014274
1789447026.305090189,0.102453438,0.001589527,-0.012189978,-0.660997957,0.680691848,-0.129578733,-0.288009829
1789447026.338438988,0.102451604,0.001597949,-0.012190913,-0.660994494,0.680697116,-0.129571644,-0.288008514
1789447026.371788979,0.102441317,0.001589400,-0.012195380,-0.661001400,0.680687559,-0.129554626,-0.288022907
1789447026.405139446,0.102433087,0.001559468,-0.012204872,-0.661011124,0.680676003,-0.129563402,-0.288023954
1789447026.438489437,0.102425302,0.001525728,-0.012215891,-0.661003174,0.680688805,-0.129577561,-0.288005573
1789447026.471838951,0.102418810,0.001498755,-0.012227622,-0.660998841,0.680693039,-0.129556545,-0.288014965
1789447026.505189419,0.102423607,0.001479363,-0.012241551,-0.660991419,0.680704352,-0.129555729,-0.288005628
1789447026.538539886,0.102417956,0.001500753,-0.012247902,-0.660983454,0.680709811,-0.129582409,-0.287999004
1789447026.571889400,0.102419333,0.001501967,-0.012257907,-0.660998165,0.680691577,-0.129573930,-0.288012153
1789447026.605240345,0.102420708,0.001523172,-0.012257736,-0.660996964,0.680692253,-0.129563316,-0.288018084
1789447026.638590813,0.102422521,0.001533496,-0.012263256,-0.660981623,0.680699320,-0.129586627,-0.288026103
1789447026.671941996,0.102413785,0.001536300,-0.012278656,-0.661002198,0.680675938,-0.129593277,-0.288031150
1789447026.705291748,0.102406956,0.001524158,-0.012295623,-0.661009595,0.680671812,-0.129581294,-0.288029319
1789447026.738642931,0.102405234,0.001516640,-0.012296679,-0.660997850,0.680690250,-0.129578637,-0.288013895
1789447026.771993876,0.102402379,0.001502585,-0.012287264,-0.661003373,0.680676170,-0.129581255,-0.288033314
1789447026.805344105,0.102410151,0.001474068,-0.012276305,-0.660998896,0.680673941,-0.129564903,-0.288056212
1789447026.838695288,0.102404579,0.001446350,-0.012271799,-0.660992763,0.680688447,-0.129562874,-0.288036920
1789447026.872046947,0.102402166,0.001418559,-0.012275585,-0.660992339,0.680689987,-0.129585170,-0.288024224
1789447026.905398130,0.102402138,0.001431308,-0.012266525,-0.661000351,0.680680517,-0.129580970,-0.288030105
1789447026.938743830,0.102417937,0.001450803,-0.012250780,-0.660984416,0.680703050,-0.129561132,-0.288022347
1789447026.972090483,0.102425364,0.001495734,-0.012223258,-0.660985294,0.680701345,-0.129563102,-0.288023475
1789447027.005437613,0.102424476,0.001533048,-0.012198478,-0.661007492,0.680674380,-0.129579865,-0.288028719
1789447027.038784504,0.102418871,0.001547637,-0.012183526,-0.660996506,0.680687487,-0.129590473,-0.288018183
1789447027.072130442,0.102420412,0.001553390,-0.012175733,-0.660993541,0.680696349,-0.129561697,-0.288016987
1789447027.105477333,0.102424821,0.001554864,-0.012176867,-0.660999427,0.680689912,-0.129553187,-0.288022522
1789447027.138824463,0.102432130,0.001565573,-0.012180762,-0.660995621,0.680694569,-0.129564644,-0.288015098
1789447027.172170639,0.102453112,0.001590005,-0.012179516,-0.661001199,0.680689294,-0.129551523,-0.288020663
1789447027.205517769,0.102463588,0.001613312,-0.012175762,-0.660992700,0.680687236,-0.129565984,-0.288038527
1789447027.238864899,0.102466531,0.001627226,-0.012172979,-0.660999231,0.680682981,-0.129583981,-0.288025499
1789447027.272212505,0.102452445,0.001607533,-0.012179948,-0.661022044,0.680670519,-0.129555041,-0.288015614
1789447027.305558920,0.102442648,0.001575894,-0.012184928,-0.661005274,0.680685833,-0.129542765,-0.288023430
1789447027.338906288,0.102435700,0.001526988,-0.012191077,-0.660982952,0.680702684,-0.129559402,-0.288027352
1789447027.372253895,0.102430736,0.001488346,-0.012197471,-0.660991714,0.680692677,-0.129558213,-0.288031425
1789447027.405601501,0.102434675,0.001474825,-0.012201827,-0.661010487,0.680672845,-0.129552177,-0.288037929
1789447027.438948154,0.102439346,0.001453714,-0.012213353,-0.661007569,0.680682691,-0.129577949,-0.288009762
1789447027.472296000,0.102455156,0.001451685,-0.012213875,-0.661007278,0.680679812,-0.129571823,-0.288019990
1789447027.505643845,0.102469244,0.001465484,-0.012207910,-0.661001858,0.680683159,-0.129556071,-0.288031606
1789447027.538990736,0.102474565,0.001453770,-0.012211904,-0.660993748,0.680698533,-0.129567045,-0.288008945
1789447027.572338581,0.102481462,0.001448633,-0.012211994,-0.661006572,0.680688252,-0.129565869,-0.288004342
1789447027.605686665,0.102493161,0.001456164,-0.012203660,-0.661010634,0.680678406,-0.129551721,-0.288024655
1789447027.639034986,0.102498049,0.001453138,-0.012200659,-0.661002731,0.680686450,-0.129561223,-0.288019506
1789447027.672382116,0.102493585,0.001463552,-0.012190378,-0.661009610,0.680684025,-0.129561604,-0.288009279
1789447027.705730200,0.102502224,0.001476349,-0.012161036,-0.661024444,0.680662452,-0.129555666,-0.288028888
1789447027.739078522,0.102513883,0.001469611,-0.012124430,-0.661002487,0.680682471,-0.129562318,-0.288028977
1789447027.772427082,0.102517843,0.001443108,-0.012100055,-0.660994397,0.680694214,-0.129552824,-0.288024060
1789447027.805774450,0.102530852,0.001417347,-0.012076494,-0.661013104,0.680674160,-0.129552810,-0.288028530
1789447027.839122772,0.102561257,0.001400696,-0.012050284,-0.660996076,0.680690907,-0.129583256,-0.288014334
1789447027.872471333,0.102600999,0.001398204,-0.012025581,-0.661004605,0.680685151,-0.129573383,-0.288012804
1789447027.905819178,0.102681296,0.001466825,-0.011986827,-0.661017628,0.680672416,-0.129548802,-0.288024072
